alloc_shared_mem_buf: buf=0x7d186b0000 fd=12 size=196608 flags=FASTRPC_MAP_FD
alloc_shared_mem_buf: buf=0x7a7f200000 fd=13 size=2097152 flags=FASTRPC_MAP_FD
alloc_shared_mem_buf: buf=0x7a7f000000 fd=14 size=2097152 flags=FASTRPC_MAP_FD
alloc_shared_mem_buf: buf=0x7d18410000 fd=15 size=196608 flags=FASTRPC_MAP_FD
alloc_shared_mem_buf: buf=0x7d16fc0000 fd=16 size=262144 flags=FASTRPC_MAP_FD
alloc_shared_mem_buf: buf=0x7a7ee40000 fd=17 size=1793792 flags=FASTRPC_MAP_FD
alloc_shared_mem_buf: buf=0x7d196ce000 fd=18 size=4096 flags=FASTRPC_MAP_FD
No-op channel request completed
FIG8_ATTENTION_CONFIG mode=scna-int8 mask_mode=full qo_len=32 kv_len=4096 n_heads=12 n_kv_heads=2 head_dim=128 warmup=5 iters=20 scna_width=16 q_size=196608 kv_size=2097152 mask_size=262144 profile_size=1793792 profile_max_records=10 profile_max_events=24896 mode_flags=8 print_events=1
FIG8_ATTENTION_HOST_TIMING mode=scna-int8 qo_len=32 kv_len=4096 n_heads=12 n_kv_heads=2 head_dim=128 phase=warmup iteration=0 host_elapsed_us=36479 ret=0
FIG8_ATTENTION_PROFILE_COUNT mode=scna-int8 qo_len=32 phase=warmup iteration=0 records=2 max_records=10
FIG8_ATTENTION_TIMERS mode=scna-int8 phase=warmup iteration=0 lut_exp=0 nonlinear_mode=2 scna_width=16 scna_exp=17596 qo_len=32 kv_len=4096 n_heads=12 n_kv_heads=2 head_dim=128 kv_head=0 worker=0 profiled_total=18095 q_load=8 k_load=77 v_load=171 qk_dot=13 safe_sm=17796 core_acc=16 o_scale=1 o_store=13
FIG8_ATTENTION_TIMERS mode=scna-int8 phase=warmup iteration=0 lut_exp=0 nonlinear_mode=2 scna_width=16 scna_exp=17435 qo_len=32 kv_len=4096 n_heads=12 n_kv_heads=2 head_dim=128 kv_head=1 worker=0 profiled_total=17935 q_load=7 k_load=76 v_load=189 qk_dot=12 safe_sm=17623 core_acc=16 o_scale=1 o_store=11
FIG8_ATTENTION_EVENT_COUNT mode=scna-int8 qo_len=32 phase=warmup iteration=0 events=16 max_events=24896 overflow=0
FIG8_ATTENTION_EVENT mode=scna-int8 phase=warmup iteration=0 component=q_load component_id=1 lut_exp=0 qo_len=32 kv_len=4096 n_heads=12 n_kv_heads=2 head_dim=128 kv_head=0 worker=0 block_r=0 block_c=-1 t0_us=2283938329065 t1_us=2283938329073 dur_us=8
FIG8_ATTENTION_EVENT mode=scna-int8 phase=warmup iteration=0 component=k_load component_id=2 lut_exp=0 qo_len=32 kv_len=4096 n_heads=12 n_kv_heads=2 head_dim=128 kv_head=0 worker=0 block_r=0 block_c=0 t0_us=2283938329076 t1_us=2283938329153 dur_us=77
FIG8_ATTENTION_EVENT mode=scna-int8 phase=warmup iteration=0 component=qk_dot component_id=4 lut_exp=0 qo_len=32 kv_len=4096 n_heads=12 n_kv_heads=2 head_dim=128 kv_head=0 worker=0 block_r=0 block_c=0 t0_us=2283938329153 t1_us=2283938329166 dur_us=13
FIG8_ATTENTION_EVENT mode=scna-int8 phase=warmup iteration=0 component=safe_sm component_id=5 lut_exp=0 qo_len=32 kv_len=4096 n_heads=12 n_kv_heads=2 head_dim=128 kv_head=0 worker=0 block_r=0 block_c=0 t0_us=2283938329166 t1_us=2283938346963 dur_us=17796
FIG8_ATTENTION_EVENT mode=scna-int8 phase=warmup iteration=0 component=v_load component_id=3 lut_exp=0 qo_len=32 kv_len=4096 n_heads=12 n_kv_heads=2 head_dim=128 kv_head=0 worker=0 block_r=0 block_c=0 t0_us=2283938346964 t1_us=2283938347136 dur_us=171
FIG8_ATTENTION_EVENT mode=scna-int8 phase=warmup iteration=0 component=core_acc component_id=6 lut_exp=0 qo_len=32 kv_len=4096 n_heads=12 n_kv_heads=2 head_dim=128 kv_head=0 worker=0 block_r=0 block_c=0 t0_us=2283938347136 t1_us=2283938347152 dur_us=16
FIG8_ATTENTION_EVENT mode=scna-int8 phase=warmup iteration=0 component=o_scale component_id=7 lut_exp=0 qo_len=32 kv_len=4096 n_heads=12 n_kv_heads=2 head_dim=128 kv_head=0 worker=0 block_r=0 block_c=-1 t0_us=2283938347153 t1_us=2283938347155 dur_us=1
FIG8_ATTENTION_EVENT mode=scna-int8 phase=warmup iteration=0 component=o_store component_id=8 lut_exp=0 qo_len=32 kv_len=4096 n_heads=12 n_kv_heads=2 head_dim=128 kv_head=0 worker=0 block_r=0 block_c=-1 t0_us=2283938347155 t1_us=2283938347169 dur_us=13
FIG8_ATTENTION_EVENT mode=scna-int8 phase=warmup iteration=0 component=q_load component_id=1 lut_exp=0 qo_len=32 kv_len=4096 n_heads=12 n_kv_heads=2 head_dim=128 kv_head=1 worker=0 block_r=0 block_c=-1 t0_us=2283938347228 t1_us=2283938347235 dur_us=7
FIG8_ATTENTION_EVENT mode=scna-int8 phase=warmup iteration=0 component=k_load component_id=2 lut_exp=0 qo_len=32 kv_len=4096 n_heads=12 n_kv_heads=2 head_dim=128 kv_head=1 worker=0 block_r=0 block_c=0 t0_us=2283938347238 t1_us=2283938347315 dur_us=76
FIG8_ATTENTION_EVENT mode=scna-int8 phase=warmup iteration=0 component=qk_dot component_id=4 lut_exp=0 qo_len=32 kv_len=4096 n_heads=12 n_kv_heads=2 head_dim=128 kv_head=1 worker=0 block_r=0 block_c=0 t0_us=2283938347315 t1_us=2283938347328 dur_us=12
FIG8_ATTENTION_EVENT mode=scna-int8 phase=warmup iteration=0 component=safe_sm component_id=5 lut_exp=0 qo_len=32 kv_len=4096 n_heads=12 n_kv_heads=2 head_dim=128 kv_head=1 worker=0 block_r=0 block_c=0 t0_us=2283938347329 t1_us=2283938364952 dur_us=17623
FIG8_ATTENTION_EVENT mode=scna-int8 phase=warmup iteration=0 component=v_load component_id=3 lut_exp=0 qo_len=32 kv_len=4096 n_heads=12 n_kv_heads=2 head_dim=128 kv_head=1 worker=0 block_r=0 block_c=0 t0_us=2283938364953 t1_us=2283938365143 dur_us=189
FIG8_ATTENTION_EVENT mode=scna-int8 phase=warmup iteration=0 component=core_acc component_id=6 lut_exp=0 qo_len=32 kv_len=4096 n_heads=12 n_kv_heads=2 head_dim=128 kv_head=1 worker=0 block_r=0 block_c=0 t0_us=2283938365144 t1_us=2283938365160 dur_us=16
FIG8_ATTENTION_EVENT mode=scna-int8 phase=warmup iteration=0 component=o_scale component_id=7 lut_exp=0 qo_len=32 kv_len=4096 n_heads=12 n_kv_heads=2 head_dim=128 kv_head=1 worker=0 block_r=0 block_c=-1 t0_us=2283938365161 t1_us=2283938365162 dur_us=1
FIG8_ATTENTION_EVENT mode=scna-int8 phase=warmup iteration=0 component=o_store component_id=8 lut_exp=0 qo_len=32 kv_len=4096 n_heads=12 n_kv_heads=2 head_dim=128 kv_head=1 worker=0 block_r=0 block_c=-1 t0_us=2283938365162 t1_us=2283938365174 dur_us=11
FIG8_ATTENTION_HOST_TIMING mode=scna-int8 qo_len=32 kv_len=4096 n_heads=12 n_kv_heads=2 head_dim=128 phase=warmup iteration=1 host_elapsed_us=36191 ret=0
FIG8_ATTENTION_PROFILE_COUNT mode=scna-int8 qo_len=32 phase=warmup iteration=1 records=2 max_records=10
FIG8_ATTENTION_TIMERS mode=scna-int8 phase=warmup iteration=1 lut_exp=0 nonlinear_mode=2 scna_width=16 scna_exp=17440 qo_len=32 kv_len=4096 n_heads=12 n_kv_heads=2 head_dim=128 kv_head=0 worker=0 profiled_total=17972 q_load=8 k_load=83 v_load=190 qk_dot=12 safe_sm=17652 core_acc=15 o_scale=1 o_store=11
FIG8_ATTENTION_TIMERS mode=scna-int8 phase=warmup iteration=1 lut_exp=0 nonlinear_mode=2 scna_width=16 scna_exp=17411 qo_len=32 kv_len=4096 n_heads=12 n_kv_heads=2 head_dim=128 kv_head=1 worker=0 profiled_total=17911 q_load=8 k_load=80 v_load=180 qk_dot=12 safe_sm=17603 core_acc=16 o_scale=1 o_store=11
FIG8_ATTENTION_EVENT_COUNT mode=scna-int8 qo_len=32 phase=warmup iteration=1 events=16 max_events=24896 overflow=0
FIG8_ATTENTION_EVENT mode=scna-int8 phase=warmup iteration=1 component=q_load component_id=1 lut_exp=0 qo_len=32 kv_len=4096 n_heads=12 n_kv_heads=2 head_dim=128 kv_head=0 worker=0 block_r=0 block_c=-1 t0_us=2283938366485 t1_us=2283938366494 dur_us=8
FIG8_ATTENTION_EVENT mode=scna-int8 phase=warmup iteration=1 component=k_load component_id=2 lut_exp=0 qo_len=32 kv_len=4096 n_heads=12 n_kv_heads=2 head_dim=128 kv_head=0 worker=0 block_r=0 block_c=0 t0_us=2283938366495 t1_us=2283938366579 dur_us=83
FIG8_ATTENTION_EVENT mode=scna-int8 phase=warmup iteration=1 component=qk_dot component_id=4 lut_exp=0 qo_len=32 kv_len=4096 n_heads=12 n_kv_heads=2 head_dim=128 kv_head=0 worker=0 block_r=0 block_c=0 t0_us=2283938366579 t1_us=2283938366592 dur_us=12
FIG8_ATTENTION_EVENT mode=scna-int8 phase=warmup iteration=1 component=safe_sm component_id=5 lut_exp=0 qo_len=32 kv_len=4096 n_heads=12 n_kv_heads=2 head_dim=128 kv_head=0 worker=0 block_r=0 block_c=0 t0_us=2283938366592 t1_us=2283938384244 dur_us=17652
FIG8_ATTENTION_EVENT mode=scna-int8 phase=warmup iteration=1 component=v_load component_id=3 lut_exp=0 qo_len=32 kv_len=4096 n_heads=12 n_kv_heads=2 head_dim=128 kv_head=0 worker=0 block_r=0 block_c=0 t0_us=2283938384244 t1_us=2283938384435 dur_us=190
FIG8_ATTENTION_EVENT mode=scna-int8 phase=warmup iteration=1 component=core_acc component_id=6 lut_exp=0 qo_len=32 kv_len=4096 n_heads=12 n_kv_heads=2 head_dim=128 kv_head=0 worker=0 block_r=0 block_c=0 t0_us=2283938384435 t1_us=2283938384451 dur_us=15
FIG8_ATTENTION_EVENT mode=scna-int8 phase=warmup iteration=1 component=o_scale component_id=7 lut_exp=0 qo_len=32 kv_len=4096 n_heads=12 n_kv_heads=2 head_dim=128 kv_head=0 worker=0 block_r=0 block_c=-1 t0_us=2283938384452 t1_us=2283938384454 dur_us=1
FIG8_ATTENTION_EVENT mode=scna-int8 phase=warmup iteration=1 component=o_store component_id=8 lut_exp=0 qo_len=32 kv_len=4096 n_heads=12 n_kv_heads=2 head_dim=128 kv_head=0 worker=0 block_r=0 block_c=-1 t0_us=2283938384454 t1_us=2283938384465 dur_us=11
FIG8_ATTENTION_EVENT mode=scna-int8 phase=warmup iteration=1 component=q_load component_id=1 lut_exp=0 qo_len=32 kv_len=4096 n_heads=12 n_kv_heads=2 head_dim=128 kv_head=1 worker=0 block_r=0 block_c=-1 t0_us=2283938384508 t1_us=2283938384516 dur_us=8
FIG8_ATTENTION_EVENT mode=scna-int8 phase=warmup iteration=1 component=k_load component_id=2 lut_exp=0 qo_len=32 kv_len=4096 n_heads=12 n_kv_heads=2 head_dim=128 kv_head=1 worker=0 block_r=0 block_c=0 t0_us=2283938384519 t1_us=2283938384599 dur_us=80
FIG8_ATTENTION_EVENT mode=scna-int8 phase=warmup iteration=1 component=qk_dot component_id=4 lut_exp=0 qo_len=32 kv_len=4096 n_heads=12 n_kv_heads=2 head_dim=128 kv_head=1 worker=0 block_r=0 block_c=0 t0_us=2283938384599 t1_us=2283938384612 dur_us=12
FIG8_ATTENTION_EVENT mode=scna-int8 phase=warmup iteration=1 component=safe_sm component_id=5 lut_exp=0 qo_len=32 kv_len=4096 n_heads=12 n_kv_heads=2 head_dim=128 kv_head=1 worker=0 block_r=0 block_c=0 t0_us=2283938384612 t1_us=2283938402216 dur_us=17603
FIG8_ATTENTION_EVENT mode=scna-int8 phase=warmup iteration=1 component=v_load component_id=3 lut_exp=0 qo_len=32 kv_len=4096 n_heads=12 n_kv_heads=2 head_dim=128 kv_head=1 worker=0 block_r=0 block_c=0 t0_us=2283938402217 t1_us=2283938402397 dur_us=180
FIG8_ATTENTION_EVENT mode=scna-int8 phase=warmup iteration=1 component=core_acc component_id=6 lut_exp=0 qo_len=32 kv_len=4096 n_heads=12 n_kv_heads=2 head_dim=128 kv_head=1 worker=0 block_r=0 block_c=0 t0_us=2283938402397 t1_us=2283938402414 dur_us=16
FIG8_ATTENTION_EVENT mode=scna-int8 phase=warmup iteration=1 component=o_scale component_id=7 lut_exp=0 qo_len=32 kv_len=4096 n_heads=12 n_kv_heads=2 head_dim=128 kv_head=1 worker=0 block_r=0 block_c=-1 t0_us=2283938402415 t1_us=2283938402416 dur_us=1
FIG8_ATTENTION_EVENT mode=scna-int8 phase=warmup iteration=1 component=o_store component_id=8 lut_exp=0 qo_len=32 kv_len=4096 n_heads=12 n_kv_heads=2 head_dim=128 kv_head=1 worker=0 block_r=0 block_c=-1 t0_us=2283938402416 t1_us=2283938402428 dur_us=11
FIG8_ATTENTION_HOST_TIMING mode=scna-int8 qo_len=32 kv_len=4096 n_heads=12 n_kv_heads=2 head_dim=128 phase=warmup iteration=2 host_elapsed_us=36727 ret=0
FIG8_ATTENTION_PROFILE_COUNT mode=scna-int8 qo_len=32 phase=warmup iteration=2 records=2 max_records=10
FIG8_ATTENTION_TIMERS mode=scna-int8 phase=warmup iteration=2 lut_exp=0 nonlinear_mode=2 scna_width=16 scna_exp=17519 qo_len=32 kv_len=4096 n_heads=12 n_kv_heads=2 head_dim=128 kv_head=0 worker=0 profiled_total=18171 q_load=8 k_load=216 v_load=185 qk_dot=12 safe_sm=17723 core_acc=15 o_scale=1 o_store=11
FIG8_ATTENTION_TIMERS mode=scna-int8 phase=warmup iteration=2 lut_exp=0 nonlinear_mode=2 scna_width=16 scna_exp=17569 qo_len=32 kv_len=4096 n_heads=12 n_kv_heads=2 head_dim=128 kv_head=1 worker=0 profiled_total=18221 q_load=8 k_load=232 v_load=185 qk_dot=12 safe_sm=17755 core_acc=17 o_scale=1 o_store=11
FIG8_ATTENTION_EVENT_COUNT mode=scna-int8 qo_len=32 phase=warmup iteration=2 events=16 max_events=24896 overflow=0
FIG8_ATTENTION_EVENT mode=scna-int8 phase=warmup iteration=2 component=q_load component_id=1 lut_exp=0 qo_len=32 kv_len=4096 n_heads=12 n_kv_heads=2 head_dim=128 kv_head=0 worker=0 block_r=0 block_c=-1 t0_us=2283938403169 t1_us=2283938403178 dur_us=8
FIG8_ATTENTION_EVENT mode=scna-int8 phase=warmup iteration=2 component=k_load component_id=2 lut_exp=0 qo_len=32 kv_len=4096 n_heads=12 n_kv_heads=2 head_dim=128 kv_head=0 worker=0 block_r=0 block_c=0 t0_us=2283938403180 t1_us=2283938403396 dur_us=216
FIG8_ATTENTION_EVENT mode=scna-int8 phase=warmup iteration=2 component=qk_dot component_id=4 lut_exp=0 qo_len=32 kv_len=4096 n_heads=12 n_kv_heads=2 head_dim=128 kv_head=0 worker=0 block_r=0 block_c=0 t0_us=2283938403396 t1_us=2283938403409 dur_us=12
FIG8_ATTENTION_EVENT mode=scna-int8 phase=warmup iteration=2 component=safe_sm component_id=5 lut_exp=0 qo_len=32 kv_len=4096 n_heads=12 n_kv_heads=2 head_dim=128 kv_head=0 worker=0 block_r=0 block_c=0 t0_us=2283938403409 t1_us=2283938421132 dur_us=17723
FIG8_ATTENTION_EVENT mode=scna-int8 phase=warmup iteration=2 component=v_load component_id=3 lut_exp=0 qo_len=32 kv_len=4096 n_heads=12 n_kv_heads=2 head_dim=128 kv_head=0 worker=0 block_r=0 block_c=0 t0_us=2283938421133 t1_us=2283938421318 dur_us=185
FIG8_ATTENTION_EVENT mode=scna-int8 phase=warmup iteration=2 component=core_acc component_id=6 lut_exp=0 qo_len=32 kv_len=4096 n_heads=12 n_kv_heads=2 head_dim=128 kv_head=0 worker=0 block_r=0 block_c=0 t0_us=2283938421319 t1_us=2283938421335 dur_us=15
FIG8_ATTENTION_EVENT mode=scna-int8 phase=warmup iteration=2 component=o_scale component_id=7 lut_exp=0 qo_len=32 kv_len=4096 n_heads=12 n_kv_heads=2 head_dim=128 kv_head=0 worker=0 block_r=0 block_c=-1 t0_us=2283938421336 t1_us=2283938421337 dur_us=1
FIG8_ATTENTION_EVENT mode=scna-int8 phase=warmup iteration=2 component=o_store component_id=8 lut_exp=0 qo_len=32 kv_len=4096 n_heads=12 n_kv_heads=2 head_dim=128 kv_head=0 worker=0 block_r=0 block_c=-1 t0_us=2283938421338 t1_us=2283938421349 dur_us=11
FIG8_ATTENTION_EVENT mode=scna-int8 phase=warmup iteration=2 component=q_load component_id=1 lut_exp=0 qo_len=32 kv_len=4096 n_heads=12 n_kv_heads=2 head_dim=128 kv_head=1 worker=0 block_r=0 block_c=-1 t0_us=2283938421392 t1_us=2283938421400 dur_us=8
FIG8_ATTENTION_EVENT mode=scna-int8 phase=warmup iteration=2 component=k_load component_id=2 lut_exp=0 qo_len=32 kv_len=4096 n_heads=12 n_kv_heads=2 head_dim=128 kv_head=1 worker=0 block_r=0 block_c=0 t0_us=2283938421403 t1_us=2283938421636 dur_us=232
FIG8_ATTENTION_EVENT mode=scna-int8 phase=warmup iteration=2 component=qk_dot component_id=4 lut_exp=0 qo_len=32 kv_len=4096 n_heads=12 n_kv_heads=2 head_dim=128 kv_head=1 worker=0 block_r=0 block_c=0 t0_us=2283938421636 t1_us=2283938421649 dur_us=12
FIG8_ATTENTION_EVENT mode=scna-int8 phase=warmup iteration=2 component=safe_sm component_id=5 lut_exp=0 qo_len=32 kv_len=4096 n_heads=12 n_kv_heads=2 head_dim=128 kv_head=1 worker=0 block_r=0 block_c=0 t0_us=2283938421650 t1_us=2283938439406 dur_us=17755
FIG8_ATTENTION_EVENT mode=scna-int8 phase=warmup iteration=2 component=v_load component_id=3 lut_exp=0 qo_len=32 kv_len=4096 n_heads=12 n_kv_heads=2 head_dim=128 kv_head=1 worker=0 block_r=0 block_c=0 t0_us=2283938439407 t1_us=2283938439592 dur_us=185
FIG8_ATTENTION_EVENT mode=scna-int8 phase=warmup iteration=2 component=core_acc component_id=6 lut_exp=0 qo_len=32 kv_len=4096 n_heads=12 n_kv_heads=2 head_dim=128 kv_head=1 worker=0 block_r=0 block_c=0 t0_us=2283938439593 t1_us=2283938439610 dur_us=17
FIG8_ATTENTION_EVENT mode=scna-int8 phase=warmup iteration=2 component=o_scale component_id=7 lut_exp=0 qo_len=32 kv_len=4096 n_heads=12 n_kv_heads=2 head_dim=128 kv_head=1 worker=0 block_r=0 block_c=-1 t0_us=2283938439610 t1_us=2283938439612 dur_us=1
FIG8_ATTENTION_EVENT mode=scna-int8 phase=warmup iteration=2 component=o_store component_id=8 lut_exp=0 qo_len=32 kv_len=4096 n_heads=12 n_kv_heads=2 head_dim=128 kv_head=1 worker=0 block_r=0 block_c=-1 t0_us=2283938439612 t1_us=2283938439623 dur_us=11
FIG8_ATTENTION_HOST_TIMING mode=scna-int8 qo_len=32 kv_len=4096 n_heads=12 n_kv_heads=2 head_dim=128 phase=warmup iteration=3 host_elapsed_us=36659 ret=0
FIG8_ATTENTION_PROFILE_COUNT mode=scna-int8 qo_len=32 phase=warmup iteration=3 records=2 max_records=10
FIG8_ATTENTION_TIMERS mode=scna-int8 phase=warmup iteration=3 lut_exp=0 nonlinear_mode=2 scna_width=16 scna_exp=17521 qo_len=32 kv_len=4096 n_heads=12 n_kv_heads=2 head_dim=128 kv_head=0 worker=0 profiled_total=18172 q_load=8 k_load=212 v_load=184 qk_dot=12 safe_sm=17729 core_acc=15 o_scale=1 o_store=11
FIG8_ATTENTION_TIMERS mode=scna-int8 phase=warmup iteration=3 lut_exp=0 nonlinear_mode=2 scna_width=16 scna_exp=17544 qo_len=32 kv_len=4096 n_heads=12 n_kv_heads=2 head_dim=128 kv_head=1 worker=0 profiled_total=18189 q_load=7 k_load=234 v_load=176 qk_dot=12 safe_sm=17732 core_acc=16 o_scale=1 o_store=11
FIG8_ATTENTION_EVENT_COUNT mode=scna-int8 qo_len=32 phase=warmup iteration=3 events=16 max_events=24896 overflow=0
FIG8_ATTENTION_EVENT mode=scna-int8 phase=warmup iteration=3 component=q_load component_id=1 lut_exp=0 qo_len=32 kv_len=4096 n_heads=12 n_kv_heads=2 head_dim=128 kv_head=0 worker=0 block_r=0 block_c=-1 t0_us=2283938440350 t1_us=2283938440359 dur_us=8
FIG8_ATTENTION_EVENT mode=scna-int8 phase=warmup iteration=3 component=k_load component_id=2 lut_exp=0 qo_len=32 kv_len=4096 n_heads=12 n_kv_heads=2 head_dim=128 kv_head=0 worker=0 block_r=0 block_c=0 t0_us=2283938440361 t1_us=2283938440573 dur_us=212
FIG8_ATTENTION_EVENT mode=scna-int8 phase=warmup iteration=3 component=qk_dot component_id=4 lut_exp=0 qo_len=32 kv_len=4096 n_heads=12 n_kv_heads=2 head_dim=128 kv_head=0 worker=0 block_r=0 block_c=0 t0_us=2283938440574 t1_us=2283938440587 dur_us=12
FIG8_ATTENTION_EVENT mode=scna-int8 phase=warmup iteration=3 component=safe_sm component_id=5 lut_exp=0 qo_len=32 kv_len=4096 n_heads=12 n_kv_heads=2 head_dim=128 kv_head=0 worker=0 block_r=0 block_c=0 t0_us=2283938440587 t1_us=2283938458316 dur_us=17729
FIG8_ATTENTION_EVENT mode=scna-int8 phase=warmup iteration=3 component=v_load component_id=3 lut_exp=0 qo_len=32 kv_len=4096 n_heads=12 n_kv_heads=2 head_dim=128 kv_head=0 worker=0 block_r=0 block_c=0 t0_us=2283938458317 t1_us=2283938458501 dur_us=184
FIG8_ATTENTION_EVENT mode=scna-int8 phase=warmup iteration=3 component=core_acc component_id=6 lut_exp=0 qo_len=32 kv_len=4096 n_heads=12 n_kv_heads=2 head_dim=128 kv_head=0 worker=0 block_r=0 block_c=0 t0_us=2283938458502 t1_us=2283938458518 dur_us=15
FIG8_ATTENTION_EVENT mode=scna-int8 phase=warmup iteration=3 component=o_scale component_id=7 lut_exp=0 qo_len=32 kv_len=4096 n_heads=12 n_kv_heads=2 head_dim=128 kv_head=0 worker=0 block_r=0 block_c=-1 t0_us=2283938458519 t1_us=2283938458520 dur_us=1
FIG8_ATTENTION_EVENT mode=scna-int8 phase=warmup iteration=3 component=o_store component_id=8 lut_exp=0 qo_len=32 kv_len=4096 n_heads=12 n_kv_heads=2 head_dim=128 kv_head=0 worker=0 block_r=0 block_c=-1 t0_us=2283938458521 t1_us=2283938458532 dur_us=11
FIG8_ATTENTION_EVENT mode=scna-int8 phase=warmup iteration=3 component=q_load component_id=1 lut_exp=0 qo_len=32 kv_len=4096 n_heads=12 n_kv_heads=2 head_dim=128 kv_head=1 worker=0 block_r=0 block_c=-1 t0_us=2283938458573 t1_us=2283938458580 dur_us=7
FIG8_ATTENTION_EVENT mode=scna-int8 phase=warmup iteration=3 component=k_load component_id=2 lut_exp=0 qo_len=32 kv_len=4096 n_heads=12 n_kv_heads=2 head_dim=128 kv_head=1 worker=0 block_r=0 block_c=0 t0_us=2283938458583 t1_us=2283938458818 dur_us=234
FIG8_ATTENTION_EVENT mode=scna-int8 phase=warmup iteration=3 component=qk_dot component_id=4 lut_exp=0 qo_len=32 kv_len=4096 n_heads=12 n_kv_heads=2 head_dim=128 kv_head=1 worker=0 block_r=0 block_c=0 t0_us=2283938458818 t1_us=2283938458831 dur_us=12
FIG8_ATTENTION_EVENT mode=scna-int8 phase=warmup iteration=3 component=safe_sm component_id=5 lut_exp=0 qo_len=32 kv_len=4096 n_heads=12 n_kv_heads=2 head_dim=128 kv_head=1 worker=0 block_r=0 block_c=0 t0_us=2283938458832 t1_us=2283938476564 dur_us=17732
FIG8_ATTENTION_EVENT mode=scna-int8 phase=warmup iteration=3 component=v_load component_id=3 lut_exp=0 qo_len=32 kv_len=4096 n_heads=12 n_kv_heads=2 head_dim=128 kv_head=1 worker=0 block_r=0 block_c=0 t0_us=2283938476565 t1_us=2283938476742 dur_us=176
FIG8_ATTENTION_EVENT mode=scna-int8 phase=warmup iteration=3 component=core_acc component_id=6 lut_exp=0 qo_len=32 kv_len=4096 n_heads=12 n_kv_heads=2 head_dim=128 kv_head=1 worker=0 block_r=0 block_c=0 t0_us=2283938476742 t1_us=2283938476759 dur_us=16
FIG8_ATTENTION_EVENT mode=scna-int8 phase=warmup iteration=3 component=o_scale component_id=7 lut_exp=0 qo_len=32 kv_len=4096 n_heads=12 n_kv_heads=2 head_dim=128 kv_head=1 worker=0 block_r=0 block_c=-1 t0_us=2283938476760 t1_us=2283938476761 dur_us=1
FIG8_ATTENTION_EVENT mode=scna-int8 phase=warmup iteration=3 component=o_store component_id=8 lut_exp=0 qo_len=32 kv_len=4096 n_heads=12 n_kv_heads=2 head_dim=128 kv_head=1 worker=0 block_r=0 block_c=-1 t0_us=2283938476761 t1_us=2283938476773 dur_us=11
FIG8_ATTENTION_HOST_TIMING mode=scna-int8 qo_len=32 kv_len=4096 n_heads=12 n_kv_heads=2 head_dim=128 phase=warmup iteration=4 host_elapsed_us=36457 ret=0
FIG8_ATTENTION_PROFILE_COUNT mode=scna-int8 qo_len=32 phase=warmup iteration=4 records=2 max_records=10
FIG8_ATTENTION_TIMERS mode=scna-int8 phase=warmup iteration=4 lut_exp=0 nonlinear_mode=2 scna_width=16 scna_exp=17441 qo_len=32 kv_len=4096 n_heads=12 n_kv_heads=2 head_dim=128 kv_head=0 worker=0 profiled_total=18078 q_load=8 k_load=209 v_load=178 qk_dot=12 safe_sm=17644 core_acc=15 o_scale=1 o_store=11
FIG8_ATTENTION_TIMERS mode=scna-int8 phase=warmup iteration=4 lut_exp=0 nonlinear_mode=2 scna_width=16 scna_exp=17463 qo_len=32 kv_len=4096 n_heads=12 n_kv_heads=2 head_dim=128 kv_head=1 worker=0 profiled_total=18092 q_load=7 k_load=225 v_load=175 qk_dot=12 safe_sm=17645 core_acc=16 o_scale=1 o_store=11
FIG8_ATTENTION_EVENT_COUNT mode=scna-int8 qo_len=32 phase=warmup iteration=4 events=16 max_events=24896 overflow=0
FIG8_ATTENTION_EVENT mode=scna-int8 phase=warmup iteration=4 component=q_load component_id=1 lut_exp=0 qo_len=32 kv_len=4096 n_heads=12 n_kv_heads=2 head_dim=128 kv_head=0 worker=0 block_r=0 block_c=-1 t0_us=2283938478580 t1_us=2283938478588 dur_us=8
FIG8_ATTENTION_EVENT mode=scna-int8 phase=warmup iteration=4 component=k_load component_id=2 lut_exp=0 qo_len=32 kv_len=4096 n_heads=12 n_kv_heads=2 head_dim=128 kv_head=0 worker=0 block_r=0 block_c=0 t0_us=2283938478590 t1_us=2283938478799 dur_us=209
FIG8_ATTENTION_EVENT mode=scna-int8 phase=warmup iteration=4 component=qk_dot component_id=4 lut_exp=0 qo_len=32 kv_len=4096 n_heads=12 n_kv_heads=2 head_dim=128 kv_head=0 worker=0 block_r=0 block_c=0 t0_us=2283938478799 t1_us=2283938478812 dur_us=12
FIG8_ATTENTION_EVENT mode=scna-int8 phase=warmup iteration=4 component=safe_sm component_id=5 lut_exp=0 qo_len=32 kv_len=4096 n_heads=12 n_kv_heads=2 head_dim=128 kv_head=0 worker=0 block_r=0 block_c=0 t0_us=2283938478812 t1_us=2283938496457 dur_us=17644
FIG8_ATTENTION_EVENT mode=scna-int8 phase=warmup iteration=4 component=v_load component_id=3 lut_exp=0 qo_len=32 kv_len=4096 n_heads=12 n_kv_heads=2 head_dim=128 kv_head=0 worker=0 block_r=0 block_c=0 t0_us=2283938496458 t1_us=2283938496636 dur_us=178
FIG8_ATTENTION_EVENT mode=scna-int8 phase=warmup iteration=4 component=core_acc component_id=6 lut_exp=0 qo_len=32 kv_len=4096 n_heads=12 n_kv_heads=2 head_dim=128 kv_head=0 worker=0 block_r=0 block_c=0 t0_us=2283938496637 t1_us=2283938496653 dur_us=15
FIG8_ATTENTION_EVENT mode=scna-int8 phase=warmup iteration=4 component=o_scale component_id=7 lut_exp=0 qo_len=32 kv_len=4096 n_heads=12 n_kv_heads=2 head_dim=128 kv_head=0 worker=0 block_r=0 block_c=-1 t0_us=2283938496654 t1_us=2283938496655 dur_us=1
FIG8_ATTENTION_EVENT mode=scna-int8 phase=warmup iteration=4 component=o_store component_id=8 lut_exp=0 qo_len=32 kv_len=4096 n_heads=12 n_kv_heads=2 head_dim=128 kv_head=0 worker=0 block_r=0 block_c=-1 t0_us=2283938496656 t1_us=2283938496667 dur_us=11
FIG8_ATTENTION_EVENT mode=scna-int8 phase=warmup iteration=4 component=q_load component_id=1 lut_exp=0 qo_len=32 kv_len=4096 n_heads=12 n_kv_heads=2 head_dim=128 kv_head=1 worker=0 block_r=0 block_c=-1 t0_us=2283938496709 t1_us=2283938496717 dur_us=7
FIG8_ATTENTION_EVENT mode=scna-int8 phase=warmup iteration=4 component=k_load component_id=2 lut_exp=0 qo_len=32 kv_len=4096 n_heads=12 n_kv_heads=2 head_dim=128 kv_head=1 worker=0 block_r=0 block_c=0 t0_us=2283938496720 t1_us=2283938496945 dur_us=225
FIG8_ATTENTION_EVENT mode=scna-int8 phase=warmup iteration=4 component=qk_dot component_id=4 lut_exp=0 qo_len=32 kv_len=4096 n_heads=12 n_kv_heads=2 head_dim=128 kv_head=1 worker=0 block_r=0 block_c=0 t0_us=2283938496945 t1_us=2283938496958 dur_us=12
FIG8_ATTENTION_EVENT mode=scna-int8 phase=warmup iteration=4 component=safe_sm component_id=5 lut_exp=0 qo_len=32 kv_len=4096 n_heads=12 n_kv_heads=2 head_dim=128 kv_head=1 worker=0 block_r=0 block_c=0 t0_us=2283938496959 t1_us=2283938514605 dur_us=17645
FIG8_ATTENTION_EVENT mode=scna-int8 phase=warmup iteration=4 component=v_load component_id=3 lut_exp=0 qo_len=32 kv_len=4096 n_heads=12 n_kv_heads=2 head_dim=128 kv_head=1 worker=0 block_r=0 block_c=0 t0_us=2283938514606 t1_us=2283938514781 dur_us=175
FIG8_ATTENTION_EVENT mode=scna-int8 phase=warmup iteration=4 component=core_acc component_id=6 lut_exp=0 qo_len=32 kv_len=4096 n_heads=12 n_kv_heads=2 head_dim=128 kv_head=1 worker=0 block_r=0 block_c=0 t0_us=2283938514782 t1_us=2283938514799 dur_us=16
FIG8_ATTENTION_EVENT mode=scna-int8 phase=warmup iteration=4 component=o_scale component_id=7 lut_exp=0 qo_len=32 kv_len=4096 n_heads=12 n_kv_heads=2 head_dim=128 kv_head=1 worker=0 block_r=0 block_c=-1 t0_us=2283938514800 t1_us=2283938514801 dur_us=1
FIG8_ATTENTION_EVENT mode=scna-int8 phase=warmup iteration=4 component=o_store component_id=8 lut_exp=0 qo_len=32 kv_len=4096 n_heads=12 n_kv_heads=2 head_dim=128 kv_head=1 worker=0 block_r=0 block_c=-1 t0_us=2283938514801 t1_us=2283938514813 dur_us=11
FIG8_ATTENTION_HOST_TIMING mode=scna-int8 qo_len=32 kv_len=4096 n_heads=12 n_kv_heads=2 head_dim=128 phase=measure iteration=0 host_elapsed_us=36656 ret=0
FIG8_ATTENTION_PROFILE_COUNT mode=scna-int8 qo_len=32 phase=measure iteration=0 records=2 max_records=10
FIG8_ATTENTION_TIMERS mode=scna-int8 phase=measure iteration=0 lut_exp=0 nonlinear_mode=2 scna_width=16 scna_exp=17541 qo_len=32 kv_len=4096 n_heads=12 n_kv_heads=2 head_dim=128 kv_head=0 worker=0 profiled_total=18174 q_load=8 k_load=200 v_load=181 qk_dot=12 safe_sm=17745 core_acc=16 o_scale=1 o_store=11
FIG8_ATTENTION_TIMERS mode=scna-int8 phase=measure iteration=0 lut_exp=0 nonlinear_mode=2 scna_width=16 scna_exp=17440 qo_len=32 kv_len=4096 n_heads=12 n_kv_heads=2 head_dim=128 kv_head=1 worker=0 profiled_total=18075 q_load=8 k_load=226 v_load=178 qk_dot=12 safe_sm=17623 core_acc=16 o_scale=1 o_store=11
FIG8_ATTENTION_EVENT_COUNT mode=scna-int8 qo_len=32 phase=measure iteration=0 events=16 max_events=24896 overflow=0
FIG8_ATTENTION_EVENT mode=scna-int8 phase=measure iteration=0 component=q_load component_id=1 lut_exp=0 qo_len=32 kv_len=4096 n_heads=12 n_kv_heads=2 head_dim=128 kv_head=0 worker=0 block_r=0 block_c=-1 t0_us=2283938516509 t1_us=2283938516517 dur_us=8
FIG8_ATTENTION_EVENT mode=scna-int8 phase=measure iteration=0 component=k_load component_id=2 lut_exp=0 qo_len=32 kv_len=4096 n_heads=12 n_kv_heads=2 head_dim=128 kv_head=0 worker=0 block_r=0 block_c=0 t0_us=2283938516519 t1_us=2283938516719 dur_us=200
FIG8_ATTENTION_EVENT mode=scna-int8 phase=measure iteration=0 component=qk_dot component_id=4 lut_exp=0 qo_len=32 kv_len=4096 n_heads=12 n_kv_heads=2 head_dim=128 kv_head=0 worker=0 block_r=0 block_c=0 t0_us=2283938516719 t1_us=2283938516732 dur_us=12
FIG8_ATTENTION_EVENT mode=scna-int8 phase=measure iteration=0 component=safe_sm component_id=5 lut_exp=0 qo_len=32 kv_len=4096 n_heads=12 n_kv_heads=2 head_dim=128 kv_head=0 worker=0 block_r=0 block_c=0 t0_us=2283938516732 t1_us=2283938534478 dur_us=17745
FIG8_ATTENTION_EVENT mode=scna-int8 phase=measure iteration=0 component=v_load component_id=3 lut_exp=0 qo_len=32 kv_len=4096 n_heads=12 n_kv_heads=2 head_dim=128 kv_head=0 worker=0 block_r=0 block_c=0 t0_us=2283938534479 t1_us=2283938534660 dur_us=181
FIG8_ATTENTION_EVENT mode=scna-int8 phase=measure iteration=0 component=core_acc component_id=6 lut_exp=0 qo_len=32 kv_len=4096 n_heads=12 n_kv_heads=2 head_dim=128 kv_head=0 worker=0 block_r=0 block_c=0 t0_us=2283938534660 t1_us=2283938534677 dur_us=16
FIG8_ATTENTION_EVENT mode=scna-int8 phase=measure iteration=0 component=o_scale component_id=7 lut_exp=0 qo_len=32 kv_len=4096 n_heads=12 n_kv_heads=2 head_dim=128 kv_head=0 worker=0 block_r=0 block_c=-1 t0_us=2283938534678 t1_us=2283938534679 dur_us=1
FIG8_ATTENTION_EVENT mode=scna-int8 phase=measure iteration=0 component=o_store component_id=8 lut_exp=0 qo_len=32 kv_len=4096 n_heads=12 n_kv_heads=2 head_dim=128 kv_head=0 worker=0 block_r=0 block_c=-1 t0_us=2283938534679 t1_us=2283938534691 dur_us=11
FIG8_ATTENTION_EVENT mode=scna-int8 phase=measure iteration=0 component=q_load component_id=1 lut_exp=0 qo_len=32 kv_len=4096 n_heads=12 n_kv_heads=2 head_dim=128 kv_head=1 worker=0 block_r=0 block_c=-1 t0_us=2283938534732 t1_us=2283938534741 dur_us=8
FIG8_ATTENTION_EVENT mode=scna-int8 phase=measure iteration=0 component=k_load component_id=2 lut_exp=0 qo_len=32 kv_len=4096 n_heads=12 n_kv_heads=2 head_dim=128 kv_head=1 worker=0 block_r=0 block_c=0 t0_us=2283938534744 t1_us=2283938534970 dur_us=226
FIG8_ATTENTION_EVENT mode=scna-int8 phase=measure iteration=0 component=qk_dot component_id=4 lut_exp=0 qo_len=32 kv_len=4096 n_heads=12 n_kv_heads=2 head_dim=128 kv_head=1 worker=0 block_r=0 block_c=0 t0_us=2283938534971 t1_us=2283938534983 dur_us=12
FIG8_ATTENTION_EVENT mode=scna-int8 phase=measure iteration=0 component=safe_sm component_id=5 lut_exp=0 qo_len=32 kv_len=4096 n_heads=12 n_kv_heads=2 head_dim=128 kv_head=1 worker=0 block_r=0 block_c=0 t0_us=2283938534984 t1_us=2283938552608 dur_us=17623
FIG8_ATTENTION_EVENT mode=scna-int8 phase=measure iteration=0 component=v_load component_id=3 lut_exp=0 qo_len=32 kv_len=4096 n_heads=12 n_kv_heads=2 head_dim=128 kv_head=1 worker=0 block_r=0 block_c=0 t0_us=2283938552609 t1_us=2283938552788 dur_us=178
FIG8_ATTENTION_EVENT mode=scna-int8 phase=measure iteration=0 component=core_acc component_id=6 lut_exp=0 qo_len=32 kv_len=4096 n_heads=12 n_kv_heads=2 head_dim=128 kv_head=1 worker=0 block_r=0 block_c=0 t0_us=2283938552788 t1_us=2283938552805 dur_us=16
FIG8_ATTENTION_EVENT mode=scna-int8 phase=measure iteration=0 component=o_scale component_id=7 lut_exp=0 qo_len=32 kv_len=4096 n_heads=12 n_kv_heads=2 head_dim=128 kv_head=1 worker=0 block_r=0 block_c=-1 t0_us=2283938552806 t1_us=2283938552807 dur_us=1
FIG8_ATTENTION_EVENT mode=scna-int8 phase=measure iteration=0 component=o_store component_id=8 lut_exp=0 qo_len=32 kv_len=4096 n_heads=12 n_kv_heads=2 head_dim=128 kv_head=1 worker=0 block_r=0 block_c=-1 t0_us=2283938552807 t1_us=2283938552818 dur_us=11
FIG8_ATTENTION_HOST_TIMING mode=scna-int8 qo_len=32 kv_len=4096 n_heads=12 n_kv_heads=2 head_dim=128 phase=measure iteration=1 host_elapsed_us=36573 ret=0
FIG8_ATTENTION_PROFILE_COUNT mode=scna-int8 qo_len=32 phase=measure iteration=1 records=2 max_records=10
FIG8_ATTENTION_TIMERS mode=scna-int8 phase=measure iteration=1 lut_exp=0 nonlinear_mode=2 scna_width=16 scna_exp=17409 qo_len=32 kv_len=4096 n_heads=12 n_kv_heads=2 head_dim=128 kv_head=0 worker=0 profiled_total=18035 q_load=8 k_load=199 v_load=177 qk_dot=12 safe_sm=17611 core_acc=16 o_scale=1 o_store=11
FIG8_ATTENTION_TIMERS mode=scna-int8 phase=measure iteration=1 lut_exp=0 nonlinear_mode=2 scna_width=16 scna_exp=17501 qo_len=32 kv_len=4096 n_heads=12 n_kv_heads=2 head_dim=128 kv_head=1 worker=0 profiled_total=18129 q_load=8 k_load=221 v_load=176 qk_dot=12 safe_sm=17684 core_acc=16 o_scale=1 o_store=11
FIG8_ATTENTION_EVENT_COUNT mode=scna-int8 qo_len=32 phase=measure iteration=1 events=16 max_events=24896 overflow=0
FIG8_ATTENTION_EVENT mode=scna-int8 phase=measure iteration=1 component=q_load component_id=1 lut_exp=0 qo_len=32 kv_len=4096 n_heads=12 n_kv_heads=2 head_dim=128 kv_head=0 worker=0 block_r=0 block_c=-1 t0_us=2283938553571 t1_us=2283938553579 dur_us=8
FIG8_ATTENTION_EVENT mode=scna-int8 phase=measure iteration=1 component=k_load component_id=2 lut_exp=0 qo_len=32 kv_len=4096 n_heads=12 n_kv_heads=2 head_dim=128 kv_head=0 worker=0 block_r=0 block_c=0 t0_us=2283938553582 t1_us=2283938553781 dur_us=199
FIG8_ATTENTION_EVENT mode=scna-int8 phase=measure iteration=1 component=qk_dot component_id=4 lut_exp=0 qo_len=32 kv_len=4096 n_heads=12 n_kv_heads=2 head_dim=128 kv_head=0 worker=0 block_r=0 block_c=0 t0_us=2283938553781 t1_us=2283938553794 dur_us=12
FIG8_ATTENTION_EVENT mode=scna-int8 phase=measure iteration=1 component=safe_sm component_id=5 lut_exp=0 qo_len=32 kv_len=4096 n_heads=12 n_kv_heads=2 head_dim=128 kv_head=0 worker=0 block_r=0 block_c=0 t0_us=2283938553794 t1_us=2283938571406 dur_us=17611
FIG8_ATTENTION_EVENT mode=scna-int8 phase=measure iteration=1 component=v_load component_id=3 lut_exp=0 qo_len=32 kv_len=4096 n_heads=12 n_kv_heads=2 head_dim=128 kv_head=0 worker=0 block_r=0 block_c=0 t0_us=2283938571406 t1_us=2283938571584 dur_us=177
FIG8_ATTENTION_EVENT mode=scna-int8 phase=measure iteration=1 component=core_acc component_id=6 lut_exp=0 qo_len=32 kv_len=4096 n_heads=12 n_kv_heads=2 head_dim=128 kv_head=0 worker=0 block_r=0 block_c=0 t0_us=2283938571584 t1_us=2283938571601 dur_us=16
FIG8_ATTENTION_EVENT mode=scna-int8 phase=measure iteration=1 component=o_scale component_id=7 lut_exp=0 qo_len=32 kv_len=4096 n_heads=12 n_kv_heads=2 head_dim=128 kv_head=0 worker=0 block_r=0 block_c=-1 t0_us=2283938571602 t1_us=2283938571603 dur_us=1
FIG8_ATTENTION_EVENT mode=scna-int8 phase=measure iteration=1 component=o_store component_id=8 lut_exp=0 qo_len=32 kv_len=4096 n_heads=12 n_kv_heads=2 head_dim=128 kv_head=0 worker=0 block_r=0 block_c=-1 t0_us=2283938571603 t1_us=2283938571615 dur_us=11
FIG8_ATTENTION_EVENT mode=scna-int8 phase=measure iteration=1 component=q_load component_id=1 lut_exp=0 qo_len=32 kv_len=4096 n_heads=12 n_kv_heads=2 head_dim=128 kv_head=1 worker=0 block_r=0 block_c=-1 t0_us=2283938571657 t1_us=2283938571666 dur_us=8
FIG8_ATTENTION_EVENT mode=scna-int8 phase=measure iteration=1 component=k_load component_id=2 lut_exp=0 qo_len=32 kv_len=4096 n_heads=12 n_kv_heads=2 head_dim=128 kv_head=1 worker=0 block_r=0 block_c=0 t0_us=2283938571669 t1_us=2283938571890 dur_us=221
FIG8_ATTENTION_EVENT mode=scna-int8 phase=measure iteration=1 component=qk_dot component_id=4 lut_exp=0 qo_len=32 kv_len=4096 n_heads=12 n_kv_heads=2 head_dim=128 kv_head=1 worker=0 block_r=0 block_c=0 t0_us=2283938571890 t1_us=2283938571903 dur_us=12
FIG8_ATTENTION_EVENT mode=scna-int8 phase=measure iteration=1 component=safe_sm component_id=5 lut_exp=0 qo_len=32 kv_len=4096 n_heads=12 n_kv_heads=2 head_dim=128 kv_head=1 worker=0 block_r=0 block_c=0 t0_us=2283938571904 t1_us=2283938589589 dur_us=17684
FIG8_ATTENTION_EVENT mode=scna-int8 phase=measure iteration=1 component=v_load component_id=3 lut_exp=0 qo_len=32 kv_len=4096 n_heads=12 n_kv_heads=2 head_dim=128 kv_head=1 worker=0 block_r=0 block_c=0 t0_us=2283938589590 t1_us=2283938589766 dur_us=176
FIG8_ATTENTION_EVENT mode=scna-int8 phase=measure iteration=1 component=core_acc component_id=6 lut_exp=0 qo_len=32 kv_len=4096 n_heads=12 n_kv_heads=2 head_dim=128 kv_head=1 worker=0 block_r=0 block_c=0 t0_us=2283938589767 t1_us=2283938589784 dur_us=16
FIG8_ATTENTION_EVENT mode=scna-int8 phase=measure iteration=1 component=o_scale component_id=7 lut_exp=0 qo_len=32 kv_len=4096 n_heads=12 n_kv_heads=2 head_dim=128 kv_head=1 worker=0 block_r=0 block_c=-1 t0_us=2283938589785 t1_us=2283938589786 dur_us=1
FIG8_ATTENTION_EVENT mode=scna-int8 phase=measure iteration=1 component=o_store component_id=8 lut_exp=0 qo_len=32 kv_len=4096 n_heads=12 n_kv_heads=2 head_dim=128 kv_head=1 worker=0 block_r=0 block_c=-1 t0_us=2283938589786 t1_us=2283938589798 dur_us=11
FIG8_ATTENTION_HOST_TIMING mode=scna-int8 qo_len=32 kv_len=4096 n_heads=12 n_kv_heads=2 head_dim=128 phase=measure iteration=2 host_elapsed_us=36660 ret=0
FIG8_ATTENTION_PROFILE_COUNT mode=scna-int8 qo_len=32 phase=measure iteration=2 records=2 max_records=10
FIG8_ATTENTION_TIMERS mode=scna-int8 phase=measure iteration=2 lut_exp=0 nonlinear_mode=2 scna_width=16 scna_exp=17463 qo_len=32 kv_len=4096 n_heads=12 n_kv_heads=2 head_dim=128 kv_head=0 worker=0 profiled_total=18086 q_load=8 k_load=196 v_load=176 qk_dot=12 safe_sm=17666 core_acc=15 o_scale=1 o_store=12
FIG8_ATTENTION_TIMERS mode=scna-int8 phase=measure iteration=2 lut_exp=0 nonlinear_mode=2 scna_width=16 scna_exp=17605 qo_len=32 kv_len=4096 n_heads=12 n_kv_heads=2 head_dim=128 kv_head=1 worker=0 profiled_total=18236 q_load=8 k_load=223 v_load=178 qk_dot=12 safe_sm=17787 core_acc=16 o_scale=1 o_store=11
FIG8_ATTENTION_EVENT_COUNT mode=scna-int8 qo_len=32 phase=measure iteration=2 events=16 max_events=24896 overflow=0
FIG8_ATTENTION_EVENT mode=scna-int8 phase=measure iteration=2 component=q_load component_id=1 lut_exp=0 qo_len=32 kv_len=4096 n_heads=12 n_kv_heads=2 head_dim=128 kv_head=0 worker=0 block_r=0 block_c=-1 t0_us=2283938591733 t1_us=2283938591742 dur_us=8
FIG8_ATTENTION_EVENT mode=scna-int8 phase=measure iteration=2 component=k_load component_id=2 lut_exp=0 qo_len=32 kv_len=4096 n_heads=12 n_kv_heads=2 head_dim=128 kv_head=0 worker=0 block_r=0 block_c=0 t0_us=2283938591744 t1_us=2283938591941 dur_us=196
FIG8_ATTENTION_EVENT mode=scna-int8 phase=measure iteration=2 component=qk_dot component_id=4 lut_exp=0 qo_len=32 kv_len=4096 n_heads=12 n_kv_heads=2 head_dim=128 kv_head=0 worker=0 block_r=0 block_c=0 t0_us=2283938591941 t1_us=2283938591954 dur_us=12
FIG8_ATTENTION_EVENT mode=scna-int8 phase=measure iteration=2 component=safe_sm component_id=5 lut_exp=0 qo_len=32 kv_len=4096 n_heads=12 n_kv_heads=2 head_dim=128 kv_head=0 worker=0 block_r=0 block_c=0 t0_us=2283938591954 t1_us=2283938609620 dur_us=17666
FIG8_ATTENTION_EVENT mode=scna-int8 phase=measure iteration=2 component=v_load component_id=3 lut_exp=0 qo_len=32 kv_len=4096 n_heads=12 n_kv_heads=2 head_dim=128 kv_head=0 worker=0 block_r=0 block_c=0 t0_us=2283938609621 t1_us=2283938609797 dur_us=176
FIG8_ATTENTION_EVENT mode=scna-int8 phase=measure iteration=2 component=core_acc component_id=6 lut_exp=0 qo_len=32 kv_len=4096 n_heads=12 n_kv_heads=2 head_dim=128 kv_head=0 worker=0 block_r=0 block_c=0 t0_us=2283938609798 t1_us=2283938609814 dur_us=15
FIG8_ATTENTION_EVENT mode=scna-int8 phase=measure iteration=2 component=o_scale component_id=7 lut_exp=0 qo_len=32 kv_len=4096 n_heads=12 n_kv_heads=2 head_dim=128 kv_head=0 worker=0 block_r=0 block_c=-1 t0_us=2283938609815 t1_us=2283938609816 dur_us=1
FIG8_ATTENTION_EVENT mode=scna-int8 phase=measure iteration=2 component=o_store component_id=8 lut_exp=0 qo_len=32 kv_len=4096 n_heads=12 n_kv_heads=2 head_dim=128 kv_head=0 worker=0 block_r=0 block_c=-1 t0_us=2283938609817 t1_us=2283938609829 dur_us=12
FIG8_ATTENTION_EVENT mode=scna-int8 phase=measure iteration=2 component=q_load component_id=1 lut_exp=0 qo_len=32 kv_len=4096 n_heads=12 n_kv_heads=2 head_dim=128 kv_head=1 worker=0 block_r=0 block_c=-1 t0_us=2283938609870 t1_us=2283938609879 dur_us=8
FIG8_ATTENTION_EVENT mode=scna-int8 phase=measure iteration=2 component=k_load component_id=2 lut_exp=0 qo_len=32 kv_len=4096 n_heads=12 n_kv_heads=2 head_dim=128 kv_head=1 worker=0 block_r=0 block_c=0 t0_us=2283938609882 t1_us=2283938610105 dur_us=223
FIG8_ATTENTION_EVENT mode=scna-int8 phase=measure iteration=2 component=qk_dot component_id=4 lut_exp=0 qo_len=32 kv_len=4096 n_heads=12 n_kv_heads=2 head_dim=128 kv_head=1 worker=0 block_r=0 block_c=0 t0_us=2283938610106 t1_us=2283938610119 dur_us=12
FIG8_ATTENTION_EVENT mode=scna-int8 phase=measure iteration=2 component=safe_sm component_id=5 lut_exp=0 qo_len=32 kv_len=4096 n_heads=12 n_kv_heads=2 head_dim=128 kv_head=1 worker=0 block_r=0 block_c=0 t0_us=2283938610119 t1_us=2283938627907 dur_us=17787
FIG8_ATTENTION_EVENT mode=scna-int8 phase=measure iteration=2 component=v_load component_id=3 lut_exp=0 qo_len=32 kv_len=4096 n_heads=12 n_kv_heads=2 head_dim=128 kv_head=1 worker=0 block_r=0 block_c=0 t0_us=2283938627908 t1_us=2283938628086 dur_us=178
FIG8_ATTENTION_EVENT mode=scna-int8 phase=measure iteration=2 component=core_acc component_id=6 lut_exp=0 qo_len=32 kv_len=4096 n_heads=12 n_kv_heads=2 head_dim=128 kv_head=1 worker=0 block_r=0 block_c=0 t0_us=2283938628087 t1_us=2283938628104 dur_us=16
FIG8_ATTENTION_EVENT mode=scna-int8 phase=measure iteration=2 component=o_scale component_id=7 lut_exp=0 qo_len=32 kv_len=4096 n_heads=12 n_kv_heads=2 head_dim=128 kv_head=1 worker=0 block_r=0 block_c=-1 t0_us=2283938628104 t1_us=2283938628106 dur_us=1
FIG8_ATTENTION_EVENT mode=scna-int8 phase=measure iteration=2 component=o_store component_id=8 lut_exp=0 qo_len=32 kv_len=4096 n_heads=12 n_kv_heads=2 head_dim=128 kv_head=1 worker=0 block_r=0 block_c=-1 t0_us=2283938628106 t1_us=2283938628117 dur_us=11
FIG8_ATTENTION_HOST_TIMING mode=scna-int8 qo_len=32 kv_len=4096 n_heads=12 n_kv_heads=2 head_dim=128 phase=measure iteration=3 host_elapsed_us=36499 ret=0
FIG8_ATTENTION_PROFILE_COUNT mode=scna-int8 qo_len=32 phase=measure iteration=3 records=2 max_records=10
FIG8_ATTENTION_TIMERS mode=scna-int8 phase=measure iteration=3 lut_exp=0 nonlinear_mode=2 scna_width=16 scna_exp=17466 qo_len=32 kv_len=4096 n_heads=12 n_kv_heads=2 head_dim=128 kv_head=0 worker=0 profiled_total=18078 q_load=8 k_load=194 v_load=169 qk_dot=12 safe_sm=17667 core_acc=16 o_scale=1 o_store=11
FIG8_ATTENTION_TIMERS mode=scna-int8 phase=measure iteration=3 lut_exp=0 nonlinear_mode=2 scna_width=16 scna_exp=17479 qo_len=32 kv_len=4096 n_heads=12 n_kv_heads=2 head_dim=128 kv_head=1 worker=0 profiled_total=18095 q_load=8 k_load=212 v_load=175 qk_dot=12 safe_sm=17660 core_acc=16 o_scale=1 o_store=11
FIG8_ATTENTION_EVENT_COUNT mode=scna-int8 qo_len=32 phase=measure iteration=3 events=16 max_events=24896 overflow=0
FIG8_ATTENTION_EVENT mode=scna-int8 phase=measure iteration=3 component=q_load component_id=1 lut_exp=0 qo_len=32 kv_len=4096 n_heads=12 n_kv_heads=2 head_dim=128 kv_head=0 worker=0 block_r=0 block_c=-1 t0_us=2283938629419 t1_us=2283938629427 dur_us=8
FIG8_ATTENTION_EVENT mode=scna-int8 phase=measure iteration=3 component=k_load component_id=2 lut_exp=0 qo_len=32 kv_len=4096 n_heads=12 n_kv_heads=2 head_dim=128 kv_head=0 worker=0 block_r=0 block_c=0 t0_us=2283938629430 t1_us=2283938629624 dur_us=194
FIG8_ATTENTION_EVENT mode=scna-int8 phase=measure iteration=3 component=qk_dot component_id=4 lut_exp=0 qo_len=32 kv_len=4096 n_heads=12 n_kv_heads=2 head_dim=128 kv_head=0 worker=0 block_r=0 block_c=0 t0_us=2283938629624 t1_us=2283938629637 dur_us=12
FIG8_ATTENTION_EVENT mode=scna-int8 phase=measure iteration=3 component=safe_sm component_id=5 lut_exp=0 qo_len=32 kv_len=4096 n_heads=12 n_kv_heads=2 head_dim=128 kv_head=0 worker=0 block_r=0 block_c=0 t0_us=2283938629637 t1_us=2283938647305 dur_us=17667
FIG8_ATTENTION_EVENT mode=scna-int8 phase=measure iteration=3 component=v_load component_id=3 lut_exp=0 qo_len=32 kv_len=4096 n_heads=12 n_kv_heads=2 head_dim=128 kv_head=0 worker=0 block_r=0 block_c=0 t0_us=2283938647305 t1_us=2283938647475 dur_us=169
FIG8_ATTENTION_EVENT mode=scna-int8 phase=measure iteration=3 component=core_acc component_id=6 lut_exp=0 qo_len=32 kv_len=4096 n_heads=12 n_kv_heads=2 head_dim=128 kv_head=0 worker=0 block_r=0 block_c=0 t0_us=2283938647476 t1_us=2283938647492 dur_us=16
FIG8_ATTENTION_EVENT mode=scna-int8 phase=measure iteration=3 component=o_scale component_id=7 lut_exp=0 qo_len=32 kv_len=4096 n_heads=12 n_kv_heads=2 head_dim=128 kv_head=0 worker=0 block_r=0 block_c=-1 t0_us=2283938647493 t1_us=2283938647494 dur_us=1
FIG8_ATTENTION_EVENT mode=scna-int8 phase=measure iteration=3 component=o_store component_id=8 lut_exp=0 qo_len=32 kv_len=4096 n_heads=12 n_kv_heads=2 head_dim=128 kv_head=0 worker=0 block_r=0 block_c=-1 t0_us=2283938647495 t1_us=2283938647506 dur_us=11
FIG8_ATTENTION_EVENT mode=scna-int8 phase=measure iteration=3 component=q_load component_id=1 lut_exp=0 qo_len=32 kv_len=4096 n_heads=12 n_kv_heads=2 head_dim=128 kv_head=1 worker=0 block_r=0 block_c=-1 t0_us=2283938647547 t1_us=2283938647555 dur_us=8
FIG8_ATTENTION_EVENT mode=scna-int8 phase=measure iteration=3 component=k_load component_id=2 lut_exp=0 qo_len=32 kv_len=4096 n_heads=12 n_kv_heads=2 head_dim=128 kv_head=1 worker=0 block_r=0 block_c=0 t0_us=2283938647558 t1_us=2283938647771 dur_us=212
FIG8_ATTENTION_EVENT mode=scna-int8 phase=measure iteration=3 component=qk_dot component_id=4 lut_exp=0 qo_len=32 kv_len=4096 n_heads=12 n_kv_heads=2 head_dim=128 kv_head=1 worker=0 block_r=0 block_c=0 t0_us=2283938647771 t1_us=2283938647784 dur_us=12
FIG8_ATTENTION_EVENT mode=scna-int8 phase=measure iteration=3 component=safe_sm component_id=5 lut_exp=0 qo_len=32 kv_len=4096 n_heads=12 n_kv_heads=2 head_dim=128 kv_head=1 worker=0 block_r=0 block_c=0 t0_us=2283938647785 t1_us=2283938665445 dur_us=17660
FIG8_ATTENTION_EVENT mode=scna-int8 phase=measure iteration=3 component=v_load component_id=3 lut_exp=0 qo_len=32 kv_len=4096 n_heads=12 n_kv_heads=2 head_dim=128 kv_head=1 worker=0 block_r=0 block_c=0 t0_us=2283938665446 t1_us=2283938665622 dur_us=175
FIG8_ATTENTION_EVENT mode=scna-int8 phase=measure iteration=3 component=core_acc component_id=6 lut_exp=0 qo_len=32 kv_len=4096 n_heads=12 n_kv_heads=2 head_dim=128 kv_head=1 worker=0 block_r=0 block_c=0 t0_us=2283938665622 t1_us=2283938665639 dur_us=16
FIG8_ATTENTION_EVENT mode=scna-int8 phase=measure iteration=3 component=o_scale component_id=7 lut_exp=0 qo_len=32 kv_len=4096 n_heads=12 n_kv_heads=2 head_dim=128 kv_head=1 worker=0 block_r=0 block_c=-1 t0_us=2283938665640 t1_us=2283938665641 dur_us=1
FIG8_ATTENTION_EVENT mode=scna-int8 phase=measure iteration=3 component=o_store component_id=8 lut_exp=0 qo_len=32 kv_len=4096 n_heads=12 n_kv_heads=2 head_dim=128 kv_head=1 worker=0 block_r=0 block_c=-1 t0_us=2283938665641 t1_us=2283938665653 dur_us=11
FIG8_ATTENTION_HOST_TIMING mode=scna-int8 qo_len=32 kv_len=4096 n_heads=12 n_kv_heads=2 head_dim=128 phase=measure iteration=4 host_elapsed_us=36586 ret=0
FIG8_ATTENTION_PROFILE_COUNT mode=scna-int8 qo_len=32 phase=measure iteration=4 records=2 max_records=10
FIG8_ATTENTION_TIMERS mode=scna-int8 phase=measure iteration=4 lut_exp=0 nonlinear_mode=2 scna_width=16 scna_exp=17574 qo_len=32 kv_len=4096 n_heads=12 n_kv_heads=2 head_dim=128 kv_head=0 worker=0 profiled_total=18182 q_load=8 k_load=188 v_load=172 qk_dot=12 safe_sm=17775 core_acc=15 o_scale=1 o_store=11
FIG8_ATTENTION_TIMERS mode=scna-int8 phase=measure iteration=4 lut_exp=0 nonlinear_mode=2 scna_width=16 scna_exp=17421 qo_len=32 kv_len=4096 n_heads=12 n_kv_heads=2 head_dim=128 kv_head=1 worker=0 profiled_total=18043 q_load=8 k_load=215 v_load=175 qk_dot=12 safe_sm=17604 core_acc=17 o_scale=1 o_store=11
FIG8_ATTENTION_EVENT_COUNT mode=scna-int8 qo_len=32 phase=measure iteration=4 events=16 max_events=24896 overflow=0
FIG8_ATTENTION_EVENT mode=scna-int8 phase=measure iteration=4 component=q_load component_id=1 lut_exp=0 qo_len=32 kv_len=4096 n_heads=12 n_kv_heads=2 head_dim=128 kv_head=0 worker=0 block_r=0 block_c=-1 t0_us=2283938667321 t1_us=2283938667329 dur_us=8
FIG8_ATTENTION_EVENT mode=scna-int8 phase=measure iteration=4 component=k_load component_id=2 lut_exp=0 qo_len=32 kv_len=4096 n_heads=12 n_kv_heads=2 head_dim=128 kv_head=0 worker=0 block_r=0 block_c=0 t0_us=2283938667331 t1_us=2283938667519 dur_us=188
FIG8_ATTENTION_EVENT mode=scna-int8 phase=measure iteration=4 component=qk_dot component_id=4 lut_exp=0 qo_len=32 kv_len=4096 n_heads=12 n_kv_heads=2 head_dim=128 kv_head=0 worker=0 block_r=0 block_c=0 t0_us=2283938667519 t1_us=2283938667532 dur_us=12
FIG8_ATTENTION_EVENT mode=scna-int8 phase=measure iteration=4 component=safe_sm component_id=5 lut_exp=0 qo_len=32 kv_len=4096 n_heads=12 n_kv_heads=2 head_dim=128 kv_head=0 worker=0 block_r=0 block_c=0 t0_us=2283938667532 t1_us=2283938685307 dur_us=17775
FIG8_ATTENTION_EVENT mode=scna-int8 phase=measure iteration=4 component=v_load component_id=3 lut_exp=0 qo_len=32 kv_len=4096 n_heads=12 n_kv_heads=2 head_dim=128 kv_head=0 worker=0 block_r=0 block_c=0 t0_us=2283938685308 t1_us=2283938685481 dur_us=172
FIG8_ATTENTION_EVENT mode=scna-int8 phase=measure iteration=4 component=core_acc component_id=6 lut_exp=0 qo_len=32 kv_len=4096 n_heads=12 n_kv_heads=2 head_dim=128 kv_head=0 worker=0 block_r=0 block_c=0 t0_us=2283938685481 t1_us=2283938685497 dur_us=15
FIG8_ATTENTION_EVENT mode=scna-int8 phase=measure iteration=4 component=o_scale component_id=7 lut_exp=0 qo_len=32 kv_len=4096 n_heads=12 n_kv_heads=2 head_dim=128 kv_head=0 worker=0 block_r=0 block_c=-1 t0_us=2283938685498 t1_us=2283938685500 dur_us=1
FIG8_ATTENTION_EVENT mode=scna-int8 phase=measure iteration=4 component=o_store component_id=8 lut_exp=0 qo_len=32 kv_len=4096 n_heads=12 n_kv_heads=2 head_dim=128 kv_head=0 worker=0 block_r=0 block_c=-1 t0_us=2283938685500 t1_us=2283938685512 dur_us=11
FIG8_ATTENTION_EVENT mode=scna-int8 phase=measure iteration=4 component=q_load component_id=1 lut_exp=0 qo_len=32 kv_len=4096 n_heads=12 n_kv_heads=2 head_dim=128 kv_head=1 worker=0 block_r=0 block_c=-1 t0_us=2283938685553 t1_us=2283938685561 dur_us=8
FIG8_ATTENTION_EVENT mode=scna-int8 phase=measure iteration=4 component=k_load component_id=2 lut_exp=0 qo_len=32 kv_len=4096 n_heads=12 n_kv_heads=2 head_dim=128 kv_head=1 worker=0 block_r=0 block_c=0 t0_us=2283938685564 t1_us=2283938685780 dur_us=215
FIG8_ATTENTION_EVENT mode=scna-int8 phase=measure iteration=4 component=qk_dot component_id=4 lut_exp=0 qo_len=32 kv_len=4096 n_heads=12 n_kv_heads=2 head_dim=128 kv_head=1 worker=0 block_r=0 block_c=0 t0_us=2283938685780 t1_us=2283938685793 dur_us=12
FIG8_ATTENTION_EVENT mode=scna-int8 phase=measure iteration=4 component=safe_sm component_id=5 lut_exp=0 qo_len=32 kv_len=4096 n_heads=12 n_kv_heads=2 head_dim=128 kv_head=1 worker=0 block_r=0 block_c=0 t0_us=2283938685794 t1_us=2283938703398 dur_us=17604
FIG8_ATTENTION_EVENT mode=scna-int8 phase=measure iteration=4 component=v_load component_id=3 lut_exp=0 qo_len=32 kv_len=4096 n_heads=12 n_kv_heads=2 head_dim=128 kv_head=1 worker=0 block_r=0 block_c=0 t0_us=2283938703399 t1_us=2283938703575 dur_us=175
FIG8_ATTENTION_EVENT mode=scna-int8 phase=measure iteration=4 component=core_acc component_id=6 lut_exp=0 qo_len=32 kv_len=4096 n_heads=12 n_kv_heads=2 head_dim=128 kv_head=1 worker=0 block_r=0 block_c=0 t0_us=2283938703575 t1_us=2283938703593 dur_us=17
FIG8_ATTENTION_EVENT mode=scna-int8 phase=measure iteration=4 component=o_scale component_id=7 lut_exp=0 qo_len=32 kv_len=4096 n_heads=12 n_kv_heads=2 head_dim=128 kv_head=1 worker=0 block_r=0 block_c=-1 t0_us=2283938703594 t1_us=2283938703595 dur_us=1
FIG8_ATTENTION_EVENT mode=scna-int8 phase=measure iteration=4 component=o_store component_id=8 lut_exp=0 qo_len=32 kv_len=4096 n_heads=12 n_kv_heads=2 head_dim=128 kv_head=1 worker=0 block_r=0 block_c=-1 t0_us=2283938703595 t1_us=2283938703606 dur_us=11
FIG8_ATTENTION_HOST_TIMING mode=scna-int8 qo_len=32 kv_len=4096 n_heads=12 n_kv_heads=2 head_dim=128 phase=measure iteration=5 host_elapsed_us=36557 ret=0
FIG8_ATTENTION_PROFILE_COUNT mode=scna-int8 qo_len=32 phase=measure iteration=5 records=2 max_records=10
FIG8_ATTENTION_TIMERS mode=scna-int8 phase=measure iteration=5 lut_exp=0 nonlinear_mode=2 scna_width=16 scna_exp=17453 qo_len=32 kv_len=4096 n_heads=12 n_kv_heads=2 head_dim=128 kv_head=0 worker=0 profiled_total=18063 q_load=8 k_load=185 v_load=174 qk_dot=12 safe_sm=17656 core_acc=15 o_scale=2 o_store=11
FIG8_ATTENTION_TIMERS mode=scna-int8 phase=measure iteration=5 lut_exp=0 nonlinear_mode=2 scna_width=16 scna_exp=17562 qo_len=32 kv_len=4096 n_heads=12 n_kv_heads=2 head_dim=128 kv_head=1 worker=0 profiled_total=18182 q_load=8 k_load=215 v_load=173 qk_dot=12 safe_sm=17746 core_acc=16 o_scale=1 o_store=11
FIG8_ATTENTION_EVENT_COUNT mode=scna-int8 qo_len=32 phase=measure iteration=5 events=16 max_events=24896 overflow=0
FIG8_ATTENTION_EVENT mode=scna-int8 phase=measure iteration=5 component=q_load component_id=1 lut_exp=0 qo_len=32 kv_len=4096 n_heads=12 n_kv_heads=2 head_dim=128 kv_head=0 worker=0 block_r=0 block_c=-1 t0_us=2283938704313 t1_us=2283938704322 dur_us=8
FIG8_ATTENTION_EVENT mode=scna-int8 phase=measure iteration=5 component=k_load component_id=2 lut_exp=0 qo_len=32 kv_len=4096 n_heads=12 n_kv_heads=2 head_dim=128 kv_head=0 worker=0 block_r=0 block_c=0 t0_us=2283938704325 t1_us=2283938704510 dur_us=185
FIG8_ATTENTION_EVENT mode=scna-int8 phase=measure iteration=5 component=qk_dot component_id=4 lut_exp=0 qo_len=32 kv_len=4096 n_heads=12 n_kv_heads=2 head_dim=128 kv_head=0 worker=0 block_r=0 block_c=0 t0_us=2283938704510 t1_us=2283938704523 dur_us=12
FIG8_ATTENTION_EVENT mode=scna-int8 phase=measure iteration=5 component=safe_sm component_id=5 lut_exp=0 qo_len=32 kv_len=4096 n_heads=12 n_kv_heads=2 head_dim=128 kv_head=0 worker=0 block_r=0 block_c=0 t0_us=2283938704523 t1_us=2283938722180 dur_us=17656
FIG8_ATTENTION_EVENT mode=scna-int8 phase=measure iteration=5 component=v_load component_id=3 lut_exp=0 qo_len=32 kv_len=4096 n_heads=12 n_kv_heads=2 head_dim=128 kv_head=0 worker=0 block_r=0 block_c=0 t0_us=2283938722180 t1_us=2283938722355 dur_us=174
FIG8_ATTENTION_EVENT mode=scna-int8 phase=measure iteration=5 component=core_acc component_id=6 lut_exp=0 qo_len=32 kv_len=4096 n_heads=12 n_kv_heads=2 head_dim=128 kv_head=0 worker=0 block_r=0 block_c=0 t0_us=2283938722356 t1_us=2283938722371 dur_us=15
FIG8_ATTENTION_EVENT mode=scna-int8 phase=measure iteration=5 component=o_scale component_id=7 lut_exp=0 qo_len=32 kv_len=4096 n_heads=12 n_kv_heads=2 head_dim=128 kv_head=0 worker=0 block_r=0 block_c=-1 t0_us=2283938722371 t1_us=2283938722374 dur_us=2
FIG8_ATTENTION_EVENT mode=scna-int8 phase=measure iteration=5 component=o_store component_id=8 lut_exp=0 qo_len=32 kv_len=4096 n_heads=12 n_kv_heads=2 head_dim=128 kv_head=0 worker=0 block_r=0 block_c=-1 t0_us=2283938722374 t1_us=2283938722386 dur_us=11
FIG8_ATTENTION_EVENT mode=scna-int8 phase=measure iteration=5 component=q_load component_id=1 lut_exp=0 qo_len=32 kv_len=4096 n_heads=12 n_kv_heads=2 head_dim=128 kv_head=1 worker=0 block_r=0 block_c=-1 t0_us=2283938722428 t1_us=2283938722437 dur_us=8
FIG8_ATTENTION_EVENT mode=scna-int8 phase=measure iteration=5 component=k_load component_id=2 lut_exp=0 qo_len=32 kv_len=4096 n_heads=12 n_kv_heads=2 head_dim=128 kv_head=1 worker=0 block_r=0 block_c=0 t0_us=2283938722440 t1_us=2283938722655 dur_us=215
FIG8_ATTENTION_EVENT mode=scna-int8 phase=measure iteration=5 component=qk_dot component_id=4 lut_exp=0 qo_len=32 kv_len=4096 n_heads=12 n_kv_heads=2 head_dim=128 kv_head=1 worker=0 block_r=0 block_c=0 t0_us=2283938722656 t1_us=2283938722668 dur_us=12
FIG8_ATTENTION_EVENT mode=scna-int8 phase=measure iteration=5 component=safe_sm component_id=5 lut_exp=0 qo_len=32 kv_len=4096 n_heads=12 n_kv_heads=2 head_dim=128 kv_head=1 worker=0 block_r=0 block_c=0 t0_us=2283938722669 t1_us=2283938740415 dur_us=17746
FIG8_ATTENTION_EVENT mode=scna-int8 phase=measure iteration=5 component=v_load component_id=3 lut_exp=0 qo_len=32 kv_len=4096 n_heads=12 n_kv_heads=2 head_dim=128 kv_head=1 worker=0 block_r=0 block_c=0 t0_us=2283938740416 t1_us=2283938740589 dur_us=173
FIG8_ATTENTION_EVENT mode=scna-int8 phase=measure iteration=5 component=core_acc component_id=6 lut_exp=0 qo_len=32 kv_len=4096 n_heads=12 n_kv_heads=2 head_dim=128 kv_head=1 worker=0 block_r=0 block_c=0 t0_us=2283938740590 t1_us=2283938740606 dur_us=16
FIG8_ATTENTION_EVENT mode=scna-int8 phase=measure iteration=5 component=o_scale component_id=7 lut_exp=0 qo_len=32 kv_len=4096 n_heads=12 n_kv_heads=2 head_dim=128 kv_head=1 worker=0 block_r=0 block_c=-1 t0_us=2283938740607 t1_us=2283938740609 dur_us=1
FIG8_ATTENTION_EVENT mode=scna-int8 phase=measure iteration=5 component=o_store component_id=8 lut_exp=0 qo_len=32 kv_len=4096 n_heads=12 n_kv_heads=2 head_dim=128 kv_head=1 worker=0 block_r=0 block_c=-1 t0_us=2283938740609 t1_us=2283938740620 dur_us=11
FIG8_ATTENTION_HOST_TIMING mode=scna-int8 qo_len=32 kv_len=4096 n_heads=12 n_kv_heads=2 head_dim=128 phase=measure iteration=6 host_elapsed_us=36567 ret=0
FIG8_ATTENTION_PROFILE_COUNT mode=scna-int8 qo_len=32 phase=measure iteration=6 records=2 max_records=10
FIG8_ATTENTION_TIMERS mode=scna-int8 phase=measure iteration=6 lut_exp=0 nonlinear_mode=2 scna_width=16 scna_exp=17414 qo_len=32 kv_len=4096 n_heads=12 n_kv_heads=2 head_dim=128 kv_head=0 worker=0 profiled_total=18017 q_load=8 k_load=185 v_load=169 qk_dot=12 safe_sm=17615 core_acc=16 o_scale=1 o_store=11
FIG8_ATTENTION_TIMERS mode=scna-int8 phase=measure iteration=6 lut_exp=0 nonlinear_mode=2 scna_width=16 scna_exp=17558 qo_len=32 kv_len=4096 n_heads=12 n_kv_heads=2 head_dim=128 kv_head=1 worker=0 profiled_total=18170 q_load=8 k_load=212 v_load=171 qk_dot=12 safe_sm=17740 core_acc=15 o_scale=1 o_store=11
FIG8_ATTENTION_EVENT_COUNT mode=scna-int8 qo_len=32 phase=measure iteration=6 events=16 max_events=24896 overflow=0
FIG8_ATTENTION_EVENT mode=scna-int8 phase=measure iteration=6 component=q_load component_id=1 lut_exp=0 qo_len=32 kv_len=4096 n_heads=12 n_kv_heads=2 head_dim=128 kv_head=0 worker=0 block_r=0 block_c=-1 t0_us=2283938742297 t1_us=2283938742305 dur_us=8
FIG8_ATTENTION_EVENT mode=scna-int8 phase=measure iteration=6 component=k_load component_id=2 lut_exp=0 qo_len=32 kv_len=4096 n_heads=12 n_kv_heads=2 head_dim=128 kv_head=0 worker=0 block_r=0 block_c=0 t0_us=2283938742307 t1_us=2283938742493 dur_us=185
FIG8_ATTENTION_EVENT mode=scna-int8 phase=measure iteration=6 component=qk_dot component_id=4 lut_exp=0 qo_len=32 kv_len=4096 n_heads=12 n_kv_heads=2 head_dim=128 kv_head=0 worker=0 block_r=0 block_c=0 t0_us=2283938742493 t1_us=2283938742506 dur_us=12
FIG8_ATTENTION_EVENT mode=scna-int8 phase=measure iteration=6 component=safe_sm component_id=5 lut_exp=0 qo_len=32 kv_len=4096 n_heads=12 n_kv_heads=2 head_dim=128 kv_head=0 worker=0 block_r=0 block_c=0 t0_us=2283938742506 t1_us=2283938760121 dur_us=17615
FIG8_ATTENTION_EVENT mode=scna-int8 phase=measure iteration=6 component=v_load component_id=3 lut_exp=0 qo_len=32 kv_len=4096 n_heads=12 n_kv_heads=2 head_dim=128 kv_head=0 worker=0 block_r=0 block_c=0 t0_us=2283938760122 t1_us=2283938760291 dur_us=169
FIG8_ATTENTION_EVENT mode=scna-int8 phase=measure iteration=6 component=core_acc component_id=6 lut_exp=0 qo_len=32 kv_len=4096 n_heads=12 n_kv_heads=2 head_dim=128 kv_head=0 worker=0 block_r=0 block_c=0 t0_us=2283938760292 t1_us=2283938760308 dur_us=16
FIG8_ATTENTION_EVENT mode=scna-int8 phase=measure iteration=6 component=o_scale component_id=7 lut_exp=0 qo_len=32 kv_len=4096 n_heads=12 n_kv_heads=2 head_dim=128 kv_head=0 worker=0 block_r=0 block_c=-1 t0_us=2283938760309 t1_us=2283938760310 dur_us=1
FIG8_ATTENTION_EVENT mode=scna-int8 phase=measure iteration=6 component=o_store component_id=8 lut_exp=0 qo_len=32 kv_len=4096 n_heads=12 n_kv_heads=2 head_dim=128 kv_head=0 worker=0 block_r=0 block_c=-1 t0_us=2283938760311 t1_us=2283938760322 dur_us=11
FIG8_ATTENTION_EVENT mode=scna-int8 phase=measure iteration=6 component=q_load component_id=1 lut_exp=0 qo_len=32 kv_len=4096 n_heads=12 n_kv_heads=2 head_dim=128 kv_head=1 worker=0 block_r=0 block_c=-1 t0_us=2283938760364 t1_us=2283938760372 dur_us=8
FIG8_ATTENTION_EVENT mode=scna-int8 phase=measure iteration=6 component=k_load component_id=2 lut_exp=0 qo_len=32 kv_len=4096 n_heads=12 n_kv_heads=2 head_dim=128 kv_head=1 worker=0 block_r=0 block_c=0 t0_us=2283938760375 t1_us=2283938760588 dur_us=212
FIG8_ATTENTION_EVENT mode=scna-int8 phase=measure iteration=6 component=qk_dot component_id=4 lut_exp=0 qo_len=32 kv_len=4096 n_heads=12 n_kv_heads=2 head_dim=128 kv_head=1 worker=0 block_r=0 block_c=0 t0_us=2283938760588 t1_us=2283938760601 dur_us=12
FIG8_ATTENTION_EVENT mode=scna-int8 phase=measure iteration=6 component=safe_sm component_id=5 lut_exp=0 qo_len=32 kv_len=4096 n_heads=12 n_kv_heads=2 head_dim=128 kv_head=1 worker=0 block_r=0 block_c=0 t0_us=2283938760601 t1_us=2283938778342 dur_us=17740
FIG8_ATTENTION_EVENT mode=scna-int8 phase=measure iteration=6 component=v_load component_id=3 lut_exp=0 qo_len=32 kv_len=4096 n_heads=12 n_kv_heads=2 head_dim=128 kv_head=1 worker=0 block_r=0 block_c=0 t0_us=2283938778344 t1_us=2283938778515 dur_us=171
FIG8_ATTENTION_EVENT mode=scna-int8 phase=measure iteration=6 component=core_acc component_id=6 lut_exp=0 qo_len=32 kv_len=4096 n_heads=12 n_kv_heads=2 head_dim=128 kv_head=1 worker=0 block_r=0 block_c=0 t0_us=2283938778516 t1_us=2283938778531 dur_us=15
FIG8_ATTENTION_EVENT mode=scna-int8 phase=measure iteration=6 component=o_scale component_id=7 lut_exp=0 qo_len=32 kv_len=4096 n_heads=12 n_kv_heads=2 head_dim=128 kv_head=1 worker=0 block_r=0 block_c=-1 t0_us=2283938778532 t1_us=2283938778534 dur_us=1
FIG8_ATTENTION_EVENT mode=scna-int8 phase=measure iteration=6 component=o_store component_id=8 lut_exp=0 qo_len=32 kv_len=4096 n_heads=12 n_kv_heads=2 head_dim=128 kv_head=1 worker=0 block_r=0 block_c=-1 t0_us=2283938778534 t1_us=2283938778546 dur_us=11
FIG8_ATTENTION_HOST_TIMING mode=scna-int8 qo_len=32 kv_len=4096 n_heads=12 n_kv_heads=2 head_dim=128 phase=measure iteration=7 host_elapsed_us=36535 ret=0
FIG8_ATTENTION_PROFILE_COUNT mode=scna-int8 qo_len=32 phase=measure iteration=7 records=2 max_records=10
FIG8_ATTENTION_TIMERS mode=scna-int8 phase=measure iteration=7 lut_exp=0 nonlinear_mode=2 scna_width=16 scna_exp=17495 qo_len=32 kv_len=4096 n_heads=12 n_kv_heads=2 head_dim=128 kv_head=0 worker=0 profiled_total=18101 q_load=9 k_load=184 v_load=173 qk_dot=12 safe_sm=17696 core_acc=15 o_scale=1 o_store=11
FIG8_ATTENTION_TIMERS mode=scna-int8 phase=measure iteration=7 lut_exp=0 nonlinear_mode=2 scna_width=16 scna_exp=17462 qo_len=32 kv_len=4096 n_heads=12 n_kv_heads=2 head_dim=128 kv_head=1 worker=0 profiled_total=18077 q_load=8 k_load=210 v_load=171 qk_dot=12 safe_sm=17648 core_acc=16 o_scale=1 o_store=11
FIG8_ATTENTION_EVENT_COUNT mode=scna-int8 qo_len=32 phase=measure iteration=7 events=16 max_events=24896 overflow=0
FIG8_ATTENTION_EVENT mode=scna-int8 phase=measure iteration=7 component=q_load component_id=1 lut_exp=0 qo_len=32 kv_len=4096 n_heads=12 n_kv_heads=2 head_dim=128 kv_head=0 worker=0 block_r=0 block_c=-1 t0_us=2283938779259 t1_us=2283938779268 dur_us=9
FIG8_ATTENTION_EVENT mode=scna-int8 phase=measure iteration=7 component=k_load component_id=2 lut_exp=0 qo_len=32 kv_len=4096 n_heads=12 n_kv_heads=2 head_dim=128 kv_head=0 worker=0 block_r=0 block_c=0 t0_us=2283938779271 t1_us=2283938779455 dur_us=184
FIG8_ATTENTION_EVENT mode=scna-int8 phase=measure iteration=7 component=qk_dot component_id=4 lut_exp=0 qo_len=32 kv_len=4096 n_heads=12 n_kv_heads=2 head_dim=128 kv_head=0 worker=0 block_r=0 block_c=0 t0_us=2283938779456 t1_us=2283938779468 dur_us=12
FIG8_ATTENTION_EVENT mode=scna-int8 phase=measure iteration=7 component=safe_sm component_id=5 lut_exp=0 qo_len=32 kv_len=4096 n_heads=12 n_kv_heads=2 head_dim=128 kv_head=0 worker=0 block_r=0 block_c=0 t0_us=2283938779468 t1_us=2283938797164 dur_us=17696
FIG8_ATTENTION_EVENT mode=scna-int8 phase=measure iteration=7 component=v_load component_id=3 lut_exp=0 qo_len=32 kv_len=4096 n_heads=12 n_kv_heads=2 head_dim=128 kv_head=0 worker=0 block_r=0 block_c=0 t0_us=2283938797165 t1_us=2283938797339 dur_us=173
FIG8_ATTENTION_EVENT mode=scna-int8 phase=measure iteration=7 component=core_acc component_id=6 lut_exp=0 qo_len=32 kv_len=4096 n_heads=12 n_kv_heads=2 head_dim=128 kv_head=0 worker=0 block_r=0 block_c=0 t0_us=2283938797339 t1_us=2283938797355 dur_us=15
FIG8_ATTENTION_EVENT mode=scna-int8 phase=measure iteration=7 component=o_scale component_id=7 lut_exp=0 qo_len=32 kv_len=4096 n_heads=12 n_kv_heads=2 head_dim=128 kv_head=0 worker=0 block_r=0 block_c=-1 t0_us=2283938797356 t1_us=2283938797358 dur_us=1
FIG8_ATTENTION_EVENT mode=scna-int8 phase=measure iteration=7 component=o_store component_id=8 lut_exp=0 qo_len=32 kv_len=4096 n_heads=12 n_kv_heads=2 head_dim=128 kv_head=0 worker=0 block_r=0 block_c=-1 t0_us=2283938797358 t1_us=2283938797369 dur_us=11
FIG8_ATTENTION_EVENT mode=scna-int8 phase=measure iteration=7 component=q_load component_id=1 lut_exp=0 qo_len=32 kv_len=4096 n_heads=12 n_kv_heads=2 head_dim=128 kv_head=1 worker=0 block_r=0 block_c=-1 t0_us=2283938797412 t1_us=2283938797420 dur_us=8
FIG8_ATTENTION_EVENT mode=scna-int8 phase=measure iteration=7 component=k_load component_id=2 lut_exp=0 qo_len=32 kv_len=4096 n_heads=12 n_kv_heads=2 head_dim=128 kv_head=1 worker=0 block_r=0 block_c=0 t0_us=2283938797424 t1_us=2283938797634 dur_us=210
FIG8_ATTENTION_EVENT mode=scna-int8 phase=measure iteration=7 component=qk_dot component_id=4 lut_exp=0 qo_len=32 kv_len=4096 n_heads=12 n_kv_heads=2 head_dim=128 kv_head=1 worker=0 block_r=0 block_c=0 t0_us=2283938797634 t1_us=2283938797647 dur_us=12
FIG8_ATTENTION_EVENT mode=scna-int8 phase=measure iteration=7 component=safe_sm component_id=5 lut_exp=0 qo_len=32 kv_len=4096 n_heads=12 n_kv_heads=2 head_dim=128 kv_head=1 worker=0 block_r=0 block_c=0 t0_us=2283938797647 t1_us=2283938815296 dur_us=17648
FIG8_ATTENTION_EVENT mode=scna-int8 phase=measure iteration=7 component=v_load component_id=3 lut_exp=0 qo_len=32 kv_len=4096 n_heads=12 n_kv_heads=2 head_dim=128 kv_head=1 worker=0 block_r=0 block_c=0 t0_us=2283938815297 t1_us=2283938815468 dur_us=171
FIG8_ATTENTION_EVENT mode=scna-int8 phase=measure iteration=7 component=core_acc component_id=6 lut_exp=0 qo_len=32 kv_len=4096 n_heads=12 n_kv_heads=2 head_dim=128 kv_head=1 worker=0 block_r=0 block_c=0 t0_us=2283938815468 t1_us=2283938815485 dur_us=16
FIG8_ATTENTION_EVENT mode=scna-int8 phase=measure iteration=7 component=o_scale component_id=7 lut_exp=0 qo_len=32 kv_len=4096 n_heads=12 n_kv_heads=2 head_dim=128 kv_head=1 worker=0 block_r=0 block_c=-1 t0_us=2283938815485 t1_us=2283938815487 dur_us=1
FIG8_ATTENTION_EVENT mode=scna-int8 phase=measure iteration=7 component=o_store component_id=8 lut_exp=0 qo_len=32 kv_len=4096 n_heads=12 n_kv_heads=2 head_dim=128 kv_head=1 worker=0 block_r=0 block_c=-1 t0_us=2283938815487 t1_us=2283938815499 dur_us=11
FIG8_ATTENTION_HOST_TIMING mode=scna-int8 qo_len=32 kv_len=4096 n_heads=12 n_kv_heads=2 head_dim=128 phase=measure iteration=8 host_elapsed_us=36579 ret=0
FIG8_ATTENTION_PROFILE_COUNT mode=scna-int8 qo_len=32 phase=measure iteration=8 records=2 max_records=10
FIG8_ATTENTION_TIMERS mode=scna-int8 phase=measure iteration=8 lut_exp=0 nonlinear_mode=2 scna_width=16 scna_exp=17575 qo_len=32 kv_len=4096 n_heads=12 n_kv_heads=2 head_dim=128 kv_head=0 worker=0 profiled_total=18172 q_load=9 k_load=181 v_load=166 qk_dot=12 safe_sm=17777 core_acc=15 o_scale=1 o_store=11
FIG8_ATTENTION_TIMERS mode=scna-int8 phase=measure iteration=8 lut_exp=0 nonlinear_mode=2 scna_width=16 scna_exp=17434 qo_len=32 kv_len=4096 n_heads=12 n_kv_heads=2 head_dim=128 kv_head=1 worker=0 profiled_total=18040 q_load=8 k_load=204 v_load=171 qk_dot=12 safe_sm=17618 core_acc=15 o_scale=1 o_store=11
FIG8_ATTENTION_EVENT_COUNT mode=scna-int8 qo_len=32 phase=measure iteration=8 events=16 max_events=24896 overflow=0
FIG8_ATTENTION_EVENT mode=scna-int8 phase=measure iteration=8 component=q_load component_id=1 lut_exp=0 qo_len=32 kv_len=4096 n_heads=12 n_kv_heads=2 head_dim=128 kv_head=0 worker=0 block_r=0 block_c=-1 t0_us=2283938818255 t1_us=2283938818264 dur_us=9
FIG8_ATTENTION_EVENT mode=scna-int8 phase=measure iteration=8 component=k_load component_id=2 lut_exp=0 qo_len=32 kv_len=4096 n_heads=12 n_kv_heads=2 head_dim=128 kv_head=0 worker=0 block_r=0 block_c=0 t0_us=2283938818267 t1_us=2283938818448 dur_us=181
FIG8_ATTENTION_EVENT mode=scna-int8 phase=measure iteration=8 component=qk_dot component_id=4 lut_exp=0 qo_len=32 kv_len=4096 n_heads=12 n_kv_heads=2 head_dim=128 kv_head=0 worker=0 block_r=0 block_c=0 t0_us=2283938818448 t1_us=2283938818461 dur_us=12
FIG8_ATTENTION_EVENT mode=scna-int8 phase=measure iteration=8 component=safe_sm component_id=5 lut_exp=0 qo_len=32 kv_len=4096 n_heads=12 n_kv_heads=2 head_dim=128 kv_head=0 worker=0 block_r=0 block_c=0 t0_us=2283938818461 t1_us=2283938836239 dur_us=17777
FIG8_ATTENTION_EVENT mode=scna-int8 phase=measure iteration=8 component=v_load component_id=3 lut_exp=0 qo_len=32 kv_len=4096 n_heads=12 n_kv_heads=2 head_dim=128 kv_head=0 worker=0 block_r=0 block_c=0 t0_us=2283938836239 t1_us=2283938836406 dur_us=166
FIG8_ATTENTION_EVENT mode=scna-int8 phase=measure iteration=8 component=core_acc component_id=6 lut_exp=0 qo_len=32 kv_len=4096 n_heads=12 n_kv_heads=2 head_dim=128 kv_head=0 worker=0 block_r=0 block_c=0 t0_us=2283938836407 t1_us=2283938836422 dur_us=15
FIG8_ATTENTION_EVENT mode=scna-int8 phase=measure iteration=8 component=o_scale component_id=7 lut_exp=0 qo_len=32 kv_len=4096 n_heads=12 n_kv_heads=2 head_dim=128 kv_head=0 worker=0 block_r=0 block_c=-1 t0_us=2283938836423 t1_us=2283938836425 dur_us=1
FIG8_ATTENTION_EVENT mode=scna-int8 phase=measure iteration=8 component=o_store component_id=8 lut_exp=0 qo_len=32 kv_len=4096 n_heads=12 n_kv_heads=2 head_dim=128 kv_head=0 worker=0 block_r=0 block_c=-1 t0_us=2283938836425 t1_us=2283938836437 dur_us=11
FIG8_ATTENTION_EVENT mode=scna-int8 phase=measure iteration=8 component=q_load component_id=1 lut_exp=0 qo_len=32 kv_len=4096 n_heads=12 n_kv_heads=2 head_dim=128 kv_head=1 worker=0 block_r=0 block_c=-1 t0_us=2283938836479 t1_us=2283938836488 dur_us=8
FIG8_ATTENTION_EVENT mode=scna-int8 phase=measure iteration=8 component=k_load component_id=2 lut_exp=0 qo_len=32 kv_len=4096 n_heads=12 n_kv_heads=2 head_dim=128 kv_head=1 worker=0 block_r=0 block_c=0 t0_us=2283938836491 t1_us=2283938836696 dur_us=204
FIG8_ATTENTION_EVENT mode=scna-int8 phase=measure iteration=8 component=qk_dot component_id=4 lut_exp=0 qo_len=32 kv_len=4096 n_heads=12 n_kv_heads=2 head_dim=128 kv_head=1 worker=0 block_r=0 block_c=0 t0_us=2283938836696 t1_us=2283938836708 dur_us=12
FIG8_ATTENTION_EVENT mode=scna-int8 phase=measure iteration=8 component=safe_sm component_id=5 lut_exp=0 qo_len=32 kv_len=4096 n_heads=12 n_kv_heads=2 head_dim=128 kv_head=1 worker=0 block_r=0 block_c=0 t0_us=2283938836709 t1_us=2283938854327 dur_us=17618
FIG8_ATTENTION_EVENT mode=scna-int8 phase=measure iteration=8 component=v_load component_id=3 lut_exp=0 qo_len=32 kv_len=4096 n_heads=12 n_kv_heads=2 head_dim=128 kv_head=1 worker=0 block_r=0 block_c=0 t0_us=2283938854328 t1_us=2283938854500 dur_us=171
FIG8_ATTENTION_EVENT mode=scna-int8 phase=measure iteration=8 component=core_acc component_id=6 lut_exp=0 qo_len=32 kv_len=4096 n_heads=12 n_kv_heads=2 head_dim=128 kv_head=1 worker=0 block_r=0 block_c=0 t0_us=2283938854501 t1_us=2283938854516 dur_us=15
FIG8_ATTENTION_EVENT mode=scna-int8 phase=measure iteration=8 component=o_scale component_id=7 lut_exp=0 qo_len=32 kv_len=4096 n_heads=12 n_kv_heads=2 head_dim=128 kv_head=1 worker=0 block_r=0 block_c=-1 t0_us=2283938854517 t1_us=2283938854519 dur_us=1
FIG8_ATTENTION_EVENT mode=scna-int8 phase=measure iteration=8 component=o_store component_id=8 lut_exp=0 qo_len=32 kv_len=4096 n_heads=12 n_kv_heads=2 head_dim=128 kv_head=1 worker=0 block_r=0 block_c=-1 t0_us=2283938854519 t1_us=2283938854531 dur_us=11
FIG8_ATTENTION_HOST_TIMING mode=scna-int8 qo_len=32 kv_len=4096 n_heads=12 n_kv_heads=2 head_dim=128 phase=measure iteration=9 host_elapsed_us=36478 ret=0
FIG8_ATTENTION_PROFILE_COUNT mode=scna-int8 qo_len=32 phase=measure iteration=9 records=2 max_records=10
FIG8_ATTENTION_TIMERS mode=scna-int8 phase=measure iteration=9 lut_exp=0 nonlinear_mode=2 scna_width=16 scna_exp=17417 qo_len=32 kv_len=4096 n_heads=12 n_kv_heads=2 head_dim=128 kv_head=0 worker=0 profiled_total=18013 q_load=8 k_load=179 v_load=169 qk_dot=12 safe_sm=17618 core_acc=15 o_scale=1 o_store=11
FIG8_ATTENTION_TIMERS mode=scna-int8 phase=measure iteration=9 lut_exp=0 nonlinear_mode=2 scna_width=16 scna_exp=17565 qo_len=32 kv_len=4096 n_heads=12 n_kv_heads=2 head_dim=128 kv_head=1 worker=0 profiled_total=18163 q_load=8 k_load=203 v_load=168 qk_dot=12 safe_sm=17744 core_acc=16 o_scale=1 o_store=11
FIG8_ATTENTION_EVENT_COUNT mode=scna-int8 qo_len=32 phase=measure iteration=9 events=16 max_events=24896 overflow=0
FIG8_ATTENTION_EVENT mode=scna-int8 phase=measure iteration=9 component=q_load component_id=1 lut_exp=0 qo_len=32 kv_len=4096 n_heads=12 n_kv_heads=2 head_dim=128 kv_head=0 worker=0 block_r=0 block_c=-1 t0_us=2283938855230 t1_us=2283938855239 dur_us=8
FIG8_ATTENTION_EVENT mode=scna-int8 phase=measure iteration=9 component=k_load component_id=2 lut_exp=0 qo_len=32 kv_len=4096 n_heads=12 n_kv_heads=2 head_dim=128 kv_head=0 worker=0 block_r=0 block_c=0 t0_us=2283938855241 t1_us=2283938855420 dur_us=179
FIG8_ATTENTION_EVENT mode=scna-int8 phase=measure iteration=9 component=qk_dot component_id=4 lut_exp=0 qo_len=32 kv_len=4096 n_heads=12 n_kv_heads=2 head_dim=128 kv_head=0 worker=0 block_r=0 block_c=0 t0_us=2283938855420 t1_us=2283938855433 dur_us=12
FIG8_ATTENTION_EVENT mode=scna-int8 phase=measure iteration=9 component=safe_sm component_id=5 lut_exp=0 qo_len=32 kv_len=4096 n_heads=12 n_kv_heads=2 head_dim=128 kv_head=0 worker=0 block_r=0 block_c=0 t0_us=2283938855433 t1_us=2283938873052 dur_us=17618
FIG8_ATTENTION_EVENT mode=scna-int8 phase=measure iteration=9 component=v_load component_id=3 lut_exp=0 qo_len=32 kv_len=4096 n_heads=12 n_kv_heads=2 head_dim=128 kv_head=0 worker=0 block_r=0 block_c=0 t0_us=2283938873052 t1_us=2283938873222 dur_us=169
FIG8_ATTENTION_EVENT mode=scna-int8 phase=measure iteration=9 component=core_acc component_id=6 lut_exp=0 qo_len=32 kv_len=4096 n_heads=12 n_kv_heads=2 head_dim=128 kv_head=0 worker=0 block_r=0 block_c=0 t0_us=2283938873222 t1_us=2283938873238 dur_us=15
FIG8_ATTENTION_EVENT mode=scna-int8 phase=measure iteration=9 component=o_scale component_id=7 lut_exp=0 qo_len=32 kv_len=4096 n_heads=12 n_kv_heads=2 head_dim=128 kv_head=0 worker=0 block_r=0 block_c=-1 t0_us=2283938873239 t1_us=2283938873240 dur_us=1
FIG8_ATTENTION_EVENT mode=scna-int8 phase=measure iteration=9 component=o_store component_id=8 lut_exp=0 qo_len=32 kv_len=4096 n_heads=12 n_kv_heads=2 head_dim=128 kv_head=0 worker=0 block_r=0 block_c=-1 t0_us=2283938873241 t1_us=2283938873252 dur_us=11
FIG8_ATTENTION_EVENT mode=scna-int8 phase=measure iteration=9 component=q_load component_id=1 lut_exp=0 qo_len=32 kv_len=4096 n_heads=12 n_kv_heads=2 head_dim=128 kv_head=1 worker=0 block_r=0 block_c=-1 t0_us=2283938873295 t1_us=2283938873303 dur_us=8
FIG8_ATTENTION_EVENT mode=scna-int8 phase=measure iteration=9 component=k_load component_id=2 lut_exp=0 qo_len=32 kv_len=4096 n_heads=12 n_kv_heads=2 head_dim=128 kv_head=1 worker=0 block_r=0 block_c=0 t0_us=2283938873306 t1_us=2283938873510 dur_us=203
FIG8_ATTENTION_EVENT mode=scna-int8 phase=measure iteration=9 component=qk_dot component_id=4 lut_exp=0 qo_len=32 kv_len=4096 n_heads=12 n_kv_heads=2 head_dim=128 kv_head=1 worker=0 block_r=0 block_c=0 t0_us=2283938873510 t1_us=2283938873523 dur_us=12
FIG8_ATTENTION_EVENT mode=scna-int8 phase=measure iteration=9 component=safe_sm component_id=5 lut_exp=0 qo_len=32 kv_len=4096 n_heads=12 n_kv_heads=2 head_dim=128 kv_head=1 worker=0 block_r=0 block_c=0 t0_us=2283938873523 t1_us=2283938891268 dur_us=17744
FIG8_ATTENTION_EVENT mode=scna-int8 phase=measure iteration=9 component=v_load component_id=3 lut_exp=0 qo_len=32 kv_len=4096 n_heads=12 n_kv_heads=2 head_dim=128 kv_head=1 worker=0 block_r=0 block_c=0 t0_us=2283938891269 t1_us=2283938891438 dur_us=168
FIG8_ATTENTION_EVENT mode=scna-int8 phase=measure iteration=9 component=core_acc component_id=6 lut_exp=0 qo_len=32 kv_len=4096 n_heads=12 n_kv_heads=2 head_dim=128 kv_head=1 worker=0 block_r=0 block_c=0 t0_us=2283938891438 t1_us=2283938891454 dur_us=16
FIG8_ATTENTION_EVENT mode=scna-int8 phase=measure iteration=9 component=o_scale component_id=7 lut_exp=0 qo_len=32 kv_len=4096 n_heads=12 n_kv_heads=2 head_dim=128 kv_head=1 worker=0 block_r=0 block_c=-1 t0_us=2283938891455 t1_us=2283938891457 dur_us=1
FIG8_ATTENTION_EVENT mode=scna-int8 phase=measure iteration=9 component=o_store component_id=8 lut_exp=0 qo_len=32 kv_len=4096 n_heads=12 n_kv_heads=2 head_dim=128 kv_head=1 worker=0 block_r=0 block_c=-1 t0_us=2283938891457 t1_us=2283938891468 dur_us=11
FIG8_ATTENTION_HOST_TIMING mode=scna-int8 qo_len=32 kv_len=4096 n_heads=12 n_kv_heads=2 head_dim=128 phase=measure iteration=10 host_elapsed_us=36448 ret=0
FIG8_ATTENTION_PROFILE_COUNT mode=scna-int8 qo_len=32 phase=measure iteration=10 records=2 max_records=10
FIG8_ATTENTION_TIMERS mode=scna-int8 phase=measure iteration=10 lut_exp=0 nonlinear_mode=2 scna_width=16 scna_exp=17538 qo_len=32 kv_len=4096 n_heads=12 n_kv_heads=2 head_dim=128 kv_head=0 worker=0 profiled_total=18127 q_load=8 k_load=173 v_load=165 qk_dot=12 safe_sm=17742 core_acc=15 o_scale=1 o_store=11
FIG8_ATTENTION_TIMERS mode=scna-int8 phase=measure iteration=10 lut_exp=0 nonlinear_mode=2 scna_width=16 scna_exp=17418 qo_len=32 kv_len=4096 n_heads=12 n_kv_heads=2 head_dim=128 kv_head=1 worker=0 profiled_total=18013 q_load=8 k_load=201 v_load=165 qk_dot=12 safe_sm=17600 core_acc=15 o_scale=1 o_store=11
FIG8_ATTENTION_EVENT_COUNT mode=scna-int8 qo_len=32 phase=measure iteration=10 events=16 max_events=24896 overflow=0
FIG8_ATTENTION_EVENT mode=scna-int8 phase=measure iteration=10 component=q_load component_id=1 lut_exp=0 qo_len=32 kv_len=4096 n_heads=12 n_kv_heads=2 head_dim=128 kv_head=0 worker=0 block_r=0 block_c=-1 t0_us=2283938893736 t1_us=2283938893745 dur_us=8
FIG8_ATTENTION_EVENT mode=scna-int8 phase=measure iteration=10 component=k_load component_id=2 lut_exp=0 qo_len=32 kv_len=4096 n_heads=12 n_kv_heads=2 head_dim=128 kv_head=0 worker=0 block_r=0 block_c=0 t0_us=2283938893747 t1_us=2283938893920 dur_us=173
FIG8_ATTENTION_EVENT mode=scna-int8 phase=measure iteration=10 component=qk_dot component_id=4 lut_exp=0 qo_len=32 kv_len=4096 n_heads=12 n_kv_heads=2 head_dim=128 kv_head=0 worker=0 block_r=0 block_c=0 t0_us=2283938893921 t1_us=2283938893933 dur_us=12
FIG8_ATTENTION_EVENT mode=scna-int8 phase=measure iteration=10 component=safe_sm component_id=5 lut_exp=0 qo_len=32 kv_len=4096 n_heads=12 n_kv_heads=2 head_dim=128 kv_head=0 worker=0 block_r=0 block_c=0 t0_us=2283938893933 t1_us=2283938911675 dur_us=17742
FIG8_ATTENTION_EVENT mode=scna-int8 phase=measure iteration=10 component=v_load component_id=3 lut_exp=0 qo_len=32 kv_len=4096 n_heads=12 n_kv_heads=2 head_dim=128 kv_head=0 worker=0 block_r=0 block_c=0 t0_us=2283938911676 t1_us=2283938911842 dur_us=165
FIG8_ATTENTION_EVENT mode=scna-int8 phase=measure iteration=10 component=core_acc component_id=6 lut_exp=0 qo_len=32 kv_len=4096 n_heads=12 n_kv_heads=2 head_dim=128 kv_head=0 worker=0 block_r=0 block_c=0 t0_us=2283938911843 t1_us=2283938911858 dur_us=15
FIG8_ATTENTION_EVENT mode=scna-int8 phase=measure iteration=10 component=o_scale component_id=7 lut_exp=0 qo_len=32 kv_len=4096 n_heads=12 n_kv_heads=2 head_dim=128 kv_head=0 worker=0 block_r=0 block_c=-1 t0_us=2283938911859 t1_us=2283938911861 dur_us=1
FIG8_ATTENTION_EVENT mode=scna-int8 phase=measure iteration=10 component=o_store component_id=8 lut_exp=0 qo_len=32 kv_len=4096 n_heads=12 n_kv_heads=2 head_dim=128 kv_head=0 worker=0 block_r=0 block_c=-1 t0_us=2283938911861 t1_us=2283938911873 dur_us=11
FIG8_ATTENTION_EVENT mode=scna-int8 phase=measure iteration=10 component=q_load component_id=1 lut_exp=0 qo_len=32 kv_len=4096 n_heads=12 n_kv_heads=2 head_dim=128 kv_head=1 worker=0 block_r=0 block_c=-1 t0_us=2283938911917 t1_us=2283938911925 dur_us=8
FIG8_ATTENTION_EVENT mode=scna-int8 phase=measure iteration=10 component=k_load component_id=2 lut_exp=0 qo_len=32 kv_len=4096 n_heads=12 n_kv_heads=2 head_dim=128 kv_head=1 worker=0 block_r=0 block_c=0 t0_us=2283938911929 t1_us=2283938912130 dur_us=201
FIG8_ATTENTION_EVENT mode=scna-int8 phase=measure iteration=10 component=qk_dot component_id=4 lut_exp=0 qo_len=32 kv_len=4096 n_heads=12 n_kv_heads=2 head_dim=128 kv_head=1 worker=0 block_r=0 block_c=0 t0_us=2283938912130 t1_us=2283938912143 dur_us=12
FIG8_ATTENTION_EVENT mode=scna-int8 phase=measure iteration=10 component=safe_sm component_id=5 lut_exp=0 qo_len=32 kv_len=4096 n_heads=12 n_kv_heads=2 head_dim=128 kv_head=1 worker=0 block_r=0 block_c=0 t0_us=2283938912143 t1_us=2283938929743 dur_us=17600
FIG8_ATTENTION_EVENT mode=scna-int8 phase=measure iteration=10 component=v_load component_id=3 lut_exp=0 qo_len=32 kv_len=4096 n_heads=12 n_kv_heads=2 head_dim=128 kv_head=1 worker=0 block_r=0 block_c=0 t0_us=2283938929744 t1_us=2283938929909 dur_us=165
FIG8_ATTENTION_EVENT mode=scna-int8 phase=measure iteration=10 component=core_acc component_id=6 lut_exp=0 qo_len=32 kv_len=4096 n_heads=12 n_kv_heads=2 head_dim=128 kv_head=1 worker=0 block_r=0 block_c=0 t0_us=2283938929910 t1_us=2283938929926 dur_us=15
FIG8_ATTENTION_EVENT mode=scna-int8 phase=measure iteration=10 component=o_scale component_id=7 lut_exp=0 qo_len=32 kv_len=4096 n_heads=12 n_kv_heads=2 head_dim=128 kv_head=1 worker=0 block_r=0 block_c=-1 t0_us=2283938929927 t1_us=2283938929929 dur_us=1
FIG8_ATTENTION_EVENT mode=scna-int8 phase=measure iteration=10 component=o_store component_id=8 lut_exp=0 qo_len=32 kv_len=4096 n_heads=12 n_kv_heads=2 head_dim=128 kv_head=1 worker=0 block_r=0 block_c=-1 t0_us=2283938929929 t1_us=2283938929940 dur_us=11
FIG8_ATTENTION_HOST_TIMING mode=scna-int8 qo_len=32 kv_len=4096 n_heads=12 n_kv_heads=2 head_dim=128 phase=measure iteration=11 host_elapsed_us=36442 ret=0
FIG8_ATTENTION_PROFILE_COUNT mode=scna-int8 qo_len=32 phase=measure iteration=11 records=2 max_records=10
FIG8_ATTENTION_TIMERS mode=scna-int8 phase=measure iteration=11 lut_exp=0 nonlinear_mode=2 scna_width=16 scna_exp=17450 qo_len=32 kv_len=4096 n_heads=12 n_kv_heads=2 head_dim=128 kv_head=0 worker=0 profiled_total=18031 q_load=9 k_load=173 v_load=162 qk_dot=12 safe_sm=17648 core_acc=15 o_scale=1 o_store=11
FIG8_ATTENTION_TIMERS mode=scna-int8 phase=measure iteration=11 lut_exp=0 nonlinear_mode=2 scna_width=16 scna_exp=17502 qo_len=32 kv_len=4096 n_heads=12 n_kv_heads=2 head_dim=128 kv_head=1 worker=0 profiled_total=18085 q_load=8 k_load=193 v_load=161 qk_dot=12 safe_sm=17683 core_acc=16 o_scale=1 o_store=11
FIG8_ATTENTION_EVENT_COUNT mode=scna-int8 qo_len=32 phase=measure iteration=11 events=16 max_events=24896 overflow=0
FIG8_ATTENTION_EVENT mode=scna-int8 phase=measure iteration=11 component=q_load component_id=1 lut_exp=0 qo_len=32 kv_len=4096 n_heads=12 n_kv_heads=2 head_dim=128 kv_head=0 worker=0 block_r=0 block_c=-1 t0_us=2283938930804 t1_us=2283938930813 dur_us=9
FIG8_ATTENTION_EVENT mode=scna-int8 phase=measure iteration=11 component=k_load component_id=2 lut_exp=0 qo_len=32 kv_len=4096 n_heads=12 n_kv_heads=2 head_dim=128 kv_head=0 worker=0 block_r=0 block_c=0 t0_us=2283938930816 t1_us=2283938930989 dur_us=173
FIG8_ATTENTION_EVENT mode=scna-int8 phase=measure iteration=11 component=qk_dot component_id=4 lut_exp=0 qo_len=32 kv_len=4096 n_heads=12 n_kv_heads=2 head_dim=128 kv_head=0 worker=0 block_r=0 block_c=0 t0_us=2283938930990 t1_us=2283938931002 dur_us=12
FIG8_ATTENTION_EVENT mode=scna-int8 phase=measure iteration=11 component=safe_sm component_id=5 lut_exp=0 qo_len=32 kv_len=4096 n_heads=12 n_kv_heads=2 head_dim=128 kv_head=0 worker=0 block_r=0 block_c=0 t0_us=2283938931002 t1_us=2283938948651 dur_us=17648
FIG8_ATTENTION_EVENT mode=scna-int8 phase=measure iteration=11 component=v_load component_id=3 lut_exp=0 qo_len=32 kv_len=4096 n_heads=12 n_kv_heads=2 head_dim=128 kv_head=0 worker=0 block_r=0 block_c=0 t0_us=2283938948652 t1_us=2283938948814 dur_us=162
FIG8_ATTENTION_EVENT mode=scna-int8 phase=measure iteration=11 component=core_acc component_id=6 lut_exp=0 qo_len=32 kv_len=4096 n_heads=12 n_kv_heads=2 head_dim=128 kv_head=0 worker=0 block_r=0 block_c=0 t0_us=2283938948815 t1_us=2283938948830 dur_us=15
FIG8_ATTENTION_EVENT mode=scna-int8 phase=measure iteration=11 component=o_scale component_id=7 lut_exp=0 qo_len=32 kv_len=4096 n_heads=12 n_kv_heads=2 head_dim=128 kv_head=0 worker=0 block_r=0 block_c=-1 t0_us=2283938948831 t1_us=2283938948833 dur_us=1
FIG8_ATTENTION_EVENT mode=scna-int8 phase=measure iteration=11 component=o_store component_id=8 lut_exp=0 qo_len=32 kv_len=4096 n_heads=12 n_kv_heads=2 head_dim=128 kv_head=0 worker=0 block_r=0 block_c=-1 t0_us=2283938948833 t1_us=2283938948845 dur_us=11
FIG8_ATTENTION_EVENT mode=scna-int8 phase=measure iteration=11 component=q_load component_id=1 lut_exp=0 qo_len=32 kv_len=4096 n_heads=12 n_kv_heads=2 head_dim=128 kv_head=1 worker=0 block_r=0 block_c=-1 t0_us=2283938948888 t1_us=2283938948896 dur_us=8
FIG8_ATTENTION_EVENT mode=scna-int8 phase=measure iteration=11 component=k_load component_id=2 lut_exp=0 qo_len=32 kv_len=4096 n_heads=12 n_kv_heads=2 head_dim=128 kv_head=1 worker=0 block_r=0 block_c=0 t0_us=2283938948899 t1_us=2283938949093 dur_us=193
FIG8_ATTENTION_EVENT mode=scna-int8 phase=measure iteration=11 component=qk_dot component_id=4 lut_exp=0 qo_len=32 kv_len=4096 n_heads=12 n_kv_heads=2 head_dim=128 kv_head=1 worker=0 block_r=0 block_c=0 t0_us=2283938949093 t1_us=2283938949106 dur_us=12
FIG8_ATTENTION_EVENT mode=scna-int8 phase=measure iteration=11 component=safe_sm component_id=5 lut_exp=0 qo_len=32 kv_len=4096 n_heads=12 n_kv_heads=2 head_dim=128 kv_head=1 worker=0 block_r=0 block_c=0 t0_us=2283938949106 t1_us=2283938966790 dur_us=17683
FIG8_ATTENTION_EVENT mode=scna-int8 phase=measure iteration=11 component=v_load component_id=3 lut_exp=0 qo_len=32 kv_len=4096 n_heads=12 n_kv_heads=2 head_dim=128 kv_head=1 worker=0 block_r=0 block_c=0 t0_us=2283938966791 t1_us=2283938966953 dur_us=161
FIG8_ATTENTION_EVENT mode=scna-int8 phase=measure iteration=11 component=core_acc component_id=6 lut_exp=0 qo_len=32 kv_len=4096 n_heads=12 n_kv_heads=2 head_dim=128 kv_head=1 worker=0 block_r=0 block_c=0 t0_us=2283938966953 t1_us=2283938966970 dur_us=16
FIG8_ATTENTION_EVENT mode=scna-int8 phase=measure iteration=11 component=o_scale component_id=7 lut_exp=0 qo_len=32 kv_len=4096 n_heads=12 n_kv_heads=2 head_dim=128 kv_head=1 worker=0 block_r=0 block_c=-1 t0_us=2283938966971 t1_us=2283938966972 dur_us=1
FIG8_ATTENTION_EVENT mode=scna-int8 phase=measure iteration=11 component=o_store component_id=8 lut_exp=0 qo_len=32 kv_len=4096 n_heads=12 n_kv_heads=2 head_dim=128 kv_head=1 worker=0 block_r=0 block_c=-1 t0_us=2283938966972 t1_us=2283938966984 dur_us=11
FIG8_ATTENTION_HOST_TIMING mode=scna-int8 qo_len=32 kv_len=4096 n_heads=12 n_kv_heads=2 head_dim=128 phase=measure iteration=12 host_elapsed_us=36479 ret=0
FIG8_ATTENTION_PROFILE_COUNT mode=scna-int8 qo_len=32 phase=measure iteration=12 records=2 max_records=10
FIG8_ATTENTION_TIMERS mode=scna-int8 phase=measure iteration=12 lut_exp=0 nonlinear_mode=2 scna_width=16 scna_exp=17555 qo_len=32 kv_len=4096 n_heads=12 n_kv_heads=2 head_dim=128 kv_head=0 worker=0 profiled_total=18124 q_load=8 k_load=164 v_load=158 qk_dot=12 safe_sm=17755 core_acc=15 o_scale=1 o_store=11
FIG8_ATTENTION_TIMERS mode=scna-int8 phase=measure iteration=12 lut_exp=0 nonlinear_mode=2 scna_width=16 scna_exp=17440 qo_len=32 kv_len=4096 n_heads=12 n_kv_heads=2 head_dim=128 kv_head=1 worker=0 profiled_total=18022 q_load=8 k_load=192 v_load=162 qk_dot=12 safe_sm=17621 core_acc=15 o_scale=1 o_store=11
FIG8_ATTENTION_EVENT_COUNT mode=scna-int8 qo_len=32 phase=measure iteration=12 events=16 max_events=24896 overflow=0
FIG8_ATTENTION_EVENT mode=scna-int8 phase=measure iteration=12 component=q_load component_id=1 lut_exp=0 qo_len=32 kv_len=4096 n_heads=12 n_kv_heads=2 head_dim=128 kv_head=0 worker=0 block_r=0 block_c=-1 t0_us=2283938968631 t1_us=2283938968640 dur_us=8
FIG8_ATTENTION_EVENT mode=scna-int8 phase=measure iteration=12 component=k_load component_id=2 lut_exp=0 qo_len=32 kv_len=4096 n_heads=12 n_kv_heads=2 head_dim=128 kv_head=0 worker=0 block_r=0 block_c=0 t0_us=2283938968642 t1_us=2283938968807 dur_us=164
FIG8_ATTENTION_EVENT mode=scna-int8 phase=measure iteration=12 component=qk_dot component_id=4 lut_exp=0 qo_len=32 kv_len=4096 n_heads=12 n_kv_heads=2 head_dim=128 kv_head=0 worker=0 block_r=0 block_c=0 t0_us=2283938968807 t1_us=2283938968820 dur_us=12
FIG8_ATTENTION_EVENT mode=scna-int8 phase=measure iteration=12 component=safe_sm component_id=5 lut_exp=0 qo_len=32 kv_len=4096 n_heads=12 n_kv_heads=2 head_dim=128 kv_head=0 worker=0 block_r=0 block_c=0 t0_us=2283938968820 t1_us=2283938986575 dur_us=17755
FIG8_ATTENTION_EVENT mode=scna-int8 phase=measure iteration=12 component=v_load component_id=3 lut_exp=0 qo_len=32 kv_len=4096 n_heads=12 n_kv_heads=2 head_dim=128 kv_head=0 worker=0 block_r=0 block_c=0 t0_us=2283938986576 t1_us=2283938986734 dur_us=158
FIG8_ATTENTION_EVENT mode=scna-int8 phase=measure iteration=12 component=core_acc component_id=6 lut_exp=0 qo_len=32 kv_len=4096 n_heads=12 n_kv_heads=2 head_dim=128 kv_head=0 worker=0 block_r=0 block_c=0 t0_us=2283938986735 t1_us=2283938986751 dur_us=15
FIG8_ATTENTION_EVENT mode=scna-int8 phase=measure iteration=12 component=o_scale component_id=7 lut_exp=0 qo_len=32 kv_len=4096 n_heads=12 n_kv_heads=2 head_dim=128 kv_head=0 worker=0 block_r=0 block_c=-1 t0_us=2283938986751 t1_us=2283938986753 dur_us=1
FIG8_ATTENTION_EVENT mode=scna-int8 phase=measure iteration=12 component=o_store component_id=8 lut_exp=0 qo_len=32 kv_len=4096 n_heads=12 n_kv_heads=2 head_dim=128 kv_head=0 worker=0 block_r=0 block_c=-1 t0_us=2283938986754 t1_us=2283938986765 dur_us=11
FIG8_ATTENTION_EVENT mode=scna-int8 phase=measure iteration=12 component=q_load component_id=1 lut_exp=0 qo_len=32 kv_len=4096 n_heads=12 n_kv_heads=2 head_dim=128 kv_head=1 worker=0 block_r=0 block_c=-1 t0_us=2283938986808 t1_us=2283938986816 dur_us=8
FIG8_ATTENTION_EVENT mode=scna-int8 phase=measure iteration=12 component=k_load component_id=2 lut_exp=0 qo_len=32 kv_len=4096 n_heads=12 n_kv_heads=2 head_dim=128 kv_head=1 worker=0 block_r=0 block_c=0 t0_us=2283938986819 t1_us=2283938987011 dur_us=192
FIG8_ATTENTION_EVENT mode=scna-int8 phase=measure iteration=12 component=qk_dot component_id=4 lut_exp=0 qo_len=32 kv_len=4096 n_heads=12 n_kv_heads=2 head_dim=128 kv_head=1 worker=0 block_r=0 block_c=0 t0_us=2283938987012 t1_us=2283938987024 dur_us=12
FIG8_ATTENTION_EVENT mode=scna-int8 phase=measure iteration=12 component=safe_sm component_id=5 lut_exp=0 qo_len=32 kv_len=4096 n_heads=12 n_kv_heads=2 head_dim=128 kv_head=1 worker=0 block_r=0 block_c=0 t0_us=2283938987025 t1_us=2283939004646 dur_us=17621
FIG8_ATTENTION_EVENT mode=scna-int8 phase=measure iteration=12 component=v_load component_id=3 lut_exp=0 qo_len=32 kv_len=4096 n_heads=12 n_kv_heads=2 head_dim=128 kv_head=1 worker=0 block_r=0 block_c=0 t0_us=2283939004646 t1_us=2283939004809 dur_us=162
FIG8_ATTENTION_EVENT mode=scna-int8 phase=measure iteration=12 component=core_acc component_id=6 lut_exp=0 qo_len=32 kv_len=4096 n_heads=12 n_kv_heads=2 head_dim=128 kv_head=1 worker=0 block_r=0 block_c=0 t0_us=2283939004810 t1_us=2283939004825 dur_us=15
FIG8_ATTENTION_EVENT mode=scna-int8 phase=measure iteration=12 component=o_scale component_id=7 lut_exp=0 qo_len=32 kv_len=4096 n_heads=12 n_kv_heads=2 head_dim=128 kv_head=1 worker=0 block_r=0 block_c=-1 t0_us=2283939004826 t1_us=2283939004828 dur_us=1
FIG8_ATTENTION_EVENT mode=scna-int8 phase=measure iteration=12 component=o_store component_id=8 lut_exp=0 qo_len=32 kv_len=4096 n_heads=12 n_kv_heads=2 head_dim=128 kv_head=1 worker=0 block_r=0 block_c=-1 t0_us=2283939004828 t1_us=2283939004840 dur_us=11
FIG8_ATTENTION_HOST_TIMING mode=scna-int8 qo_len=32 kv_len=4096 n_heads=12 n_kv_heads=2 head_dim=128 phase=measure iteration=13 host_elapsed_us=36490 ret=0
FIG8_ATTENTION_PROFILE_COUNT mode=scna-int8 qo_len=32 phase=measure iteration=13 records=2 max_records=10
FIG8_ATTENTION_TIMERS mode=scna-int8 phase=measure iteration=13 lut_exp=0 nonlinear_mode=2 scna_width=16 scna_exp=17439 qo_len=32 kv_len=4096 n_heads=12 n_kv_heads=2 head_dim=128 kv_head=0 worker=0 profiled_total=18005 q_load=9 k_load=163 v_load=155 qk_dot=12 safe_sm=17639 core_acc=15 o_scale=1 o_store=11
FIG8_ATTENTION_TIMERS mode=scna-int8 phase=measure iteration=13 lut_exp=0 nonlinear_mode=2 scna_width=16 scna_exp=17552 qo_len=32 kv_len=4096 n_heads=12 n_kv_heads=2 head_dim=128 kv_head=1 worker=0 profiled_total=18134 q_load=8 k_load=191 v_load=162 qk_dot=12 safe_sm=17733 core_acc=16 o_scale=1 o_store=11
FIG8_ATTENTION_EVENT_COUNT mode=scna-int8 qo_len=32 phase=measure iteration=13 events=16 max_events=24896 overflow=0
FIG8_ATTENTION_EVENT mode=scna-int8 phase=measure iteration=13 component=q_load component_id=1 lut_exp=0 qo_len=32 kv_len=4096 n_heads=12 n_kv_heads=2 head_dim=128 kv_head=0 worker=0 block_r=0 block_c=-1 t0_us=2283939005513 t1_us=2283939005522 dur_us=9
FIG8_ATTENTION_EVENT mode=scna-int8 phase=measure iteration=13 component=k_load component_id=2 lut_exp=0 qo_len=32 kv_len=4096 n_heads=12 n_kv_heads=2 head_dim=128 kv_head=0 worker=0 block_r=0 block_c=0 t0_us=2283939005524 t1_us=2283939005687 dur_us=163
FIG8_ATTENTION_EVENT mode=scna-int8 phase=measure iteration=13 component=qk_dot component_id=4 lut_exp=0 qo_len=32 kv_len=4096 n_heads=12 n_kv_heads=2 head_dim=128 kv_head=0 worker=0 block_r=0 block_c=0 t0_us=2283939005688 t1_us=2283939005700 dur_us=12
FIG8_ATTENTION_EVENT mode=scna-int8 phase=measure iteration=13 component=safe_sm component_id=5 lut_exp=0 qo_len=32 kv_len=4096 n_heads=12 n_kv_heads=2 head_dim=128 kv_head=0 worker=0 block_r=0 block_c=0 t0_us=2283939005700 t1_us=2283939023339 dur_us=17639
FIG8_ATTENTION_EVENT mode=scna-int8 phase=measure iteration=13 component=v_load component_id=3 lut_exp=0 qo_len=32 kv_len=4096 n_heads=12 n_kv_heads=2 head_dim=128 kv_head=0 worker=0 block_r=0 block_c=0 t0_us=2283939023341 t1_us=2283939023497 dur_us=155
FIG8_ATTENTION_EVENT mode=scna-int8 phase=measure iteration=13 component=core_acc component_id=6 lut_exp=0 qo_len=32 kv_len=4096 n_heads=12 n_kv_heads=2 head_dim=128 kv_head=0 worker=0 block_r=0 block_c=0 t0_us=2283939023497 t1_us=2283939023513 dur_us=15
FIG8_ATTENTION_EVENT mode=scna-int8 phase=measure iteration=13 component=o_scale component_id=7 lut_exp=0 qo_len=32 kv_len=4096 n_heads=12 n_kv_heads=2 head_dim=128 kv_head=0 worker=0 block_r=0 block_c=-1 t0_us=2283939023514 t1_us=2283939023516 dur_us=1
FIG8_ATTENTION_EVENT mode=scna-int8 phase=measure iteration=13 component=o_store component_id=8 lut_exp=0 qo_len=32 kv_len=4096 n_heads=12 n_kv_heads=2 head_dim=128 kv_head=0 worker=0 block_r=0 block_c=-1 t0_us=2283939023516 t1_us=2283939023527 dur_us=11
FIG8_ATTENTION_EVENT mode=scna-int8 phase=measure iteration=13 component=q_load component_id=1 lut_exp=0 qo_len=32 kv_len=4096 n_heads=12 n_kv_heads=2 head_dim=128 kv_head=1 worker=0 block_r=0 block_c=-1 t0_us=2283939023570 t1_us=2283939023579 dur_us=8
FIG8_ATTENTION_EVENT mode=scna-int8 phase=measure iteration=13 component=k_load component_id=2 lut_exp=0 qo_len=32 kv_len=4096 n_heads=12 n_kv_heads=2 head_dim=128 kv_head=1 worker=0 block_r=0 block_c=0 t0_us=2283939023582 t1_us=2283939023773 dur_us=191
FIG8_ATTENTION_EVENT mode=scna-int8 phase=measure iteration=13 component=qk_dot component_id=4 lut_exp=0 qo_len=32 kv_len=4096 n_heads=12 n_kv_heads=2 head_dim=128 kv_head=1 worker=0 block_r=0 block_c=0 t0_us=2283939023773 t1_us=2283939023786 dur_us=12
FIG8_ATTENTION_EVENT mode=scna-int8 phase=measure iteration=13 component=safe_sm component_id=5 lut_exp=0 qo_len=32 kv_len=4096 n_heads=12 n_kv_heads=2 head_dim=128 kv_head=1 worker=0 block_r=0 block_c=0 t0_us=2283939023787 t1_us=2283939041520 dur_us=17733
FIG8_ATTENTION_EVENT mode=scna-int8 phase=measure iteration=13 component=v_load component_id=3 lut_exp=0 qo_len=32 kv_len=4096 n_heads=12 n_kv_heads=2 head_dim=128 kv_head=1 worker=0 block_r=0 block_c=0 t0_us=2283939041520 t1_us=2283939041682 dur_us=162
FIG8_ATTENTION_EVENT mode=scna-int8 phase=measure iteration=13 component=core_acc component_id=6 lut_exp=0 qo_len=32 kv_len=4096 n_heads=12 n_kv_heads=2 head_dim=128 kv_head=1 worker=0 block_r=0 block_c=0 t0_us=2283939041683 t1_us=2283939041700 dur_us=16
FIG8_ATTENTION_EVENT mode=scna-int8 phase=measure iteration=13 component=o_scale component_id=7 lut_exp=0 qo_len=32 kv_len=4096 n_heads=12 n_kv_heads=2 head_dim=128 kv_head=1 worker=0 block_r=0 block_c=-1 t0_us=2283939041701 t1_us=2283939041702 dur_us=1
FIG8_ATTENTION_EVENT mode=scna-int8 phase=measure iteration=13 component=o_store component_id=8 lut_exp=0 qo_len=32 kv_len=4096 n_heads=12 n_kv_heads=2 head_dim=128 kv_head=1 worker=0 block_r=0 block_c=-1 t0_us=2283939041702 t1_us=2283939041713 dur_us=11
FIG8_ATTENTION_HOST_TIMING mode=scna-int8 qo_len=32 kv_len=4096 n_heads=12 n_kv_heads=2 head_dim=128 phase=measure iteration=14 host_elapsed_us=36529 ret=0
FIG8_ATTENTION_PROFILE_COUNT mode=scna-int8 qo_len=32 phase=measure iteration=14 records=2 max_records=10
FIG8_ATTENTION_TIMERS mode=scna-int8 phase=measure iteration=14 lut_exp=0 nonlinear_mode=2 scna_width=16 scna_exp=17532 qo_len=32 kv_len=4096 n_heads=12 n_kv_heads=2 head_dim=128 kv_head=0 worker=0 profiled_total=18095 q_load=8 k_load=162 v_load=157 qk_dot=12 safe_sm=17729 core_acc=15 o_scale=1 o_store=11
FIG8_ATTENTION_TIMERS mode=scna-int8 phase=measure iteration=14 lut_exp=0 nonlinear_mode=2 scna_width=16 scna_exp=17445 qo_len=32 kv_len=4096 n_heads=12 n_kv_heads=2 head_dim=128 kv_head=1 worker=0 profiled_total=18027 q_load=8 k_load=191 v_load=161 qk_dot=12 safe_sm=17627 core_acc=16 o_scale=1 o_store=11
FIG8_ATTENTION_EVENT_COUNT mode=scna-int8 qo_len=32 phase=measure iteration=14 events=16 max_events=24896 overflow=0
FIG8_ATTENTION_EVENT mode=scna-int8 phase=measure iteration=14 component=q_load component_id=1 lut_exp=0 qo_len=32 kv_len=4096 n_heads=12 n_kv_heads=2 head_dim=128 kv_head=0 worker=0 block_r=0 block_c=-1 t0_us=2283939043091 t1_us=2283939043100 dur_us=8
FIG8_ATTENTION_EVENT mode=scna-int8 phase=measure iteration=14 component=k_load component_id=2 lut_exp=0 qo_len=32 kv_len=4096 n_heads=12 n_kv_heads=2 head_dim=128 kv_head=0 worker=0 block_r=0 block_c=0 t0_us=2283939043102 t1_us=2283939043265 dur_us=162
FIG8_ATTENTION_EVENT mode=scna-int8 phase=measure iteration=14 component=qk_dot component_id=4 lut_exp=0 qo_len=32 kv_len=4096 n_heads=12 n_kv_heads=2 head_dim=128 kv_head=0 worker=0 block_r=0 block_c=0 t0_us=2283939043265 t1_us=2283939043278 dur_us=12
FIG8_ATTENTION_EVENT mode=scna-int8 phase=measure iteration=14 component=safe_sm component_id=5 lut_exp=0 qo_len=32 kv_len=4096 n_heads=12 n_kv_heads=2 head_dim=128 kv_head=0 worker=0 block_r=0 block_c=0 t0_us=2283939043278 t1_us=2283939061008 dur_us=17729
FIG8_ATTENTION_EVENT mode=scna-int8 phase=measure iteration=14 component=v_load component_id=3 lut_exp=0 qo_len=32 kv_len=4096 n_heads=12 n_kv_heads=2 head_dim=128 kv_head=0 worker=0 block_r=0 block_c=0 t0_us=2283939061009 t1_us=2283939061166 dur_us=157
FIG8_ATTENTION_EVENT mode=scna-int8 phase=measure iteration=14 component=core_acc component_id=6 lut_exp=0 qo_len=32 kv_len=4096 n_heads=12 n_kv_heads=2 head_dim=128 kv_head=0 worker=0 block_r=0 block_c=0 t0_us=2283939061167 t1_us=2283939061183 dur_us=15
FIG8_ATTENTION_EVENT mode=scna-int8 phase=measure iteration=14 component=o_scale component_id=7 lut_exp=0 qo_len=32 kv_len=4096 n_heads=12 n_kv_heads=2 head_dim=128 kv_head=0 worker=0 block_r=0 block_c=-1 t0_us=2283939061184 t1_us=2283939061185 dur_us=1
FIG8_ATTENTION_EVENT mode=scna-int8 phase=measure iteration=14 component=o_store component_id=8 lut_exp=0 qo_len=32 kv_len=4096 n_heads=12 n_kv_heads=2 head_dim=128 kv_head=0 worker=0 block_r=0 block_c=-1 t0_us=2283939061185 t1_us=2283939061197 dur_us=11
FIG8_ATTENTION_EVENT mode=scna-int8 phase=measure iteration=14 component=q_load component_id=1 lut_exp=0 qo_len=32 kv_len=4096 n_heads=12 n_kv_heads=2 head_dim=128 kv_head=1 worker=0 block_r=0 block_c=-1 t0_us=2283939061239 t1_us=2283939061248 dur_us=8
FIG8_ATTENTION_EVENT mode=scna-int8 phase=measure iteration=14 component=k_load component_id=2 lut_exp=0 qo_len=32 kv_len=4096 n_heads=12 n_kv_heads=2 head_dim=128 kv_head=1 worker=0 block_r=0 block_c=0 t0_us=2283939061251 t1_us=2283939061442 dur_us=191
FIG8_ATTENTION_EVENT mode=scna-int8 phase=measure iteration=14 component=qk_dot component_id=4 lut_exp=0 qo_len=32 kv_len=4096 n_heads=12 n_kv_heads=2 head_dim=128 kv_head=1 worker=0 block_r=0 block_c=0 t0_us=2283939061442 t1_us=2283939061455 dur_us=12
FIG8_ATTENTION_EVENT mode=scna-int8 phase=measure iteration=14 component=safe_sm component_id=5 lut_exp=0 qo_len=32 kv_len=4096 n_heads=12 n_kv_heads=2 head_dim=128 kv_head=1 worker=0 block_r=0 block_c=0 t0_us=2283939061455 t1_us=2283939079082 dur_us=17627
FIG8_ATTENTION_EVENT mode=scna-int8 phase=measure iteration=14 component=v_load component_id=3 lut_exp=0 qo_len=32 kv_len=4096 n_heads=12 n_kv_heads=2 head_dim=128 kv_head=1 worker=0 block_r=0 block_c=0 t0_us=2283939079083 t1_us=2283939079244 dur_us=161
FIG8_ATTENTION_EVENT mode=scna-int8 phase=measure iteration=14 component=core_acc component_id=6 lut_exp=0 qo_len=32 kv_len=4096 n_heads=12 n_kv_heads=2 head_dim=128 kv_head=1 worker=0 block_r=0 block_c=0 t0_us=2283939079245 t1_us=2283939079262 dur_us=16
FIG8_ATTENTION_EVENT mode=scna-int8 phase=measure iteration=14 component=o_scale component_id=7 lut_exp=0 qo_len=32 kv_len=4096 n_heads=12 n_kv_heads=2 head_dim=128 kv_head=1 worker=0 block_r=0 block_c=-1 t0_us=2283939079263 t1_us=2283939079264 dur_us=1
FIG8_ATTENTION_EVENT mode=scna-int8 phase=measure iteration=14 component=o_store component_id=8 lut_exp=0 qo_len=32 kv_len=4096 n_heads=12 n_kv_heads=2 head_dim=128 kv_head=1 worker=0 block_r=0 block_c=-1 t0_us=2283939079264 t1_us=2283939079275 dur_us=11
FIG8_ATTENTION_HOST_TIMING mode=scna-int8 qo_len=32 kv_len=4096 n_heads=12 n_kv_heads=2 head_dim=128 phase=measure iteration=15 host_elapsed_us=36489 ret=0
FIG8_ATTENTION_PROFILE_COUNT mode=scna-int8 qo_len=32 phase=measure iteration=15 records=2 max_records=10
FIG8_ATTENTION_TIMERS mode=scna-int8 phase=measure iteration=15 lut_exp=0 nonlinear_mode=2 scna_width=16 scna_exp=17445 qo_len=32 kv_len=4096 n_heads=12 n_kv_heads=2 head_dim=128 kv_head=0 worker=0 profiled_total=18017 q_load=8 k_load=173 v_load=155 qk_dot=12 safe_sm=17642 core_acc=15 o_scale=1 o_store=11
FIG8_ATTENTION_TIMERS mode=scna-int8 phase=measure iteration=15 lut_exp=0 nonlinear_mode=2 scna_width=16 scna_exp=17582 qo_len=32 kv_len=4096 n_heads=12 n_kv_heads=2 head_dim=128 kv_head=1 worker=0 profiled_total=18158 q_load=8 k_load=188 v_load=158 qk_dot=12 safe_sm=17764 core_acc=16 o_scale=1 o_store=11
FIG8_ATTENTION_EVENT_COUNT mode=scna-int8 qo_len=32 phase=measure iteration=15 events=16 max_events=24896 overflow=0
FIG8_ATTENTION_EVENT mode=scna-int8 phase=measure iteration=15 component=q_load component_id=1 lut_exp=0 qo_len=32 kv_len=4096 n_heads=12 n_kv_heads=2 head_dim=128 kv_head=0 worker=0 block_r=0 block_c=-1 t0_us=2283939080761 t1_us=2283939080770 dur_us=8
FIG8_ATTENTION_EVENT mode=scna-int8 phase=measure iteration=15 component=k_load component_id=2 lut_exp=0 qo_len=32 kv_len=4096 n_heads=12 n_kv_heads=2 head_dim=128 kv_head=0 worker=0 block_r=0 block_c=0 t0_us=2283939080772 t1_us=2283939080945 dur_us=173
FIG8_ATTENTION_EVENT mode=scna-int8 phase=measure iteration=15 component=qk_dot component_id=4 lut_exp=0 qo_len=32 kv_len=4096 n_heads=12 n_kv_heads=2 head_dim=128 kv_head=0 worker=0 block_r=0 block_c=0 t0_us=2283939080946 t1_us=2283939080958 dur_us=12
FIG8_ATTENTION_EVENT mode=scna-int8 phase=measure iteration=15 component=safe_sm component_id=5 lut_exp=0 qo_len=32 kv_len=4096 n_heads=12 n_kv_heads=2 head_dim=128 kv_head=0 worker=0 block_r=0 block_c=0 t0_us=2283939080958 t1_us=2283939098600 dur_us=17642
FIG8_ATTENTION_EVENT mode=scna-int8 phase=measure iteration=15 component=v_load component_id=3 lut_exp=0 qo_len=32 kv_len=4096 n_heads=12 n_kv_heads=2 head_dim=128 kv_head=0 worker=0 block_r=0 block_c=0 t0_us=2283939098601 t1_us=2283939098756 dur_us=155
FIG8_ATTENTION_EVENT mode=scna-int8 phase=measure iteration=15 component=core_acc component_id=6 lut_exp=0 qo_len=32 kv_len=4096 n_heads=12 n_kv_heads=2 head_dim=128 kv_head=0 worker=0 block_r=0 block_c=0 t0_us=2283939098757 t1_us=2283939098773 dur_us=15
FIG8_ATTENTION_EVENT mode=scna-int8 phase=measure iteration=15 component=o_scale component_id=7 lut_exp=0 qo_len=32 kv_len=4096 n_heads=12 n_kv_heads=2 head_dim=128 kv_head=0 worker=0 block_r=0 block_c=-1 t0_us=2283939098774 t1_us=2283939098776 dur_us=1
FIG8_ATTENTION_EVENT mode=scna-int8 phase=measure iteration=15 component=o_store component_id=8 lut_exp=0 qo_len=32 kv_len=4096 n_heads=12 n_kv_heads=2 head_dim=128 kv_head=0 worker=0 block_r=0 block_c=-1 t0_us=2283939098776 t1_us=2283939098788 dur_us=11
FIG8_ATTENTION_EVENT mode=scna-int8 phase=measure iteration=15 component=q_load component_id=1 lut_exp=0 qo_len=32 kv_len=4096 n_heads=12 n_kv_heads=2 head_dim=128 kv_head=1 worker=0 block_r=0 block_c=-1 t0_us=2283939098829 t1_us=2283939098837 dur_us=8
FIG8_ATTENTION_EVENT mode=scna-int8 phase=measure iteration=15 component=k_load component_id=2 lut_exp=0 qo_len=32 kv_len=4096 n_heads=12 n_kv_heads=2 head_dim=128 kv_head=1 worker=0 block_r=0 block_c=0 t0_us=2283939098840 t1_us=2283939099029 dur_us=188
FIG8_ATTENTION_EVENT mode=scna-int8 phase=measure iteration=15 component=qk_dot component_id=4 lut_exp=0 qo_len=32 kv_len=4096 n_heads=12 n_kv_heads=2 head_dim=128 kv_head=1 worker=0 block_r=0 block_c=0 t0_us=2283939099030 t1_us=2283939099042 dur_us=12
FIG8_ATTENTION_EVENT mode=scna-int8 phase=measure iteration=15 component=safe_sm component_id=5 lut_exp=0 qo_len=32 kv_len=4096 n_heads=12 n_kv_heads=2 head_dim=128 kv_head=1 worker=0 block_r=0 block_c=0 t0_us=2283939099043 t1_us=2283939116807 dur_us=17764
FIG8_ATTENTION_EVENT mode=scna-int8 phase=measure iteration=15 component=v_load component_id=3 lut_exp=0 qo_len=32 kv_len=4096 n_heads=12 n_kv_heads=2 head_dim=128 kv_head=1 worker=0 block_r=0 block_c=0 t0_us=2283939116808 t1_us=2283939116967 dur_us=158
FIG8_ATTENTION_EVENT mode=scna-int8 phase=measure iteration=15 component=core_acc component_id=6 lut_exp=0 qo_len=32 kv_len=4096 n_heads=12 n_kv_heads=2 head_dim=128 kv_head=1 worker=0 block_r=0 block_c=0 t0_us=2283939116967 t1_us=2283939116984 dur_us=16
FIG8_ATTENTION_EVENT mode=scna-int8 phase=measure iteration=15 component=o_scale component_id=7 lut_exp=0 qo_len=32 kv_len=4096 n_heads=12 n_kv_heads=2 head_dim=128 kv_head=1 worker=0 block_r=0 block_c=-1 t0_us=2283939116985 t1_us=2283939116987 dur_us=1
FIG8_ATTENTION_EVENT mode=scna-int8 phase=measure iteration=15 component=o_store component_id=8 lut_exp=0 qo_len=32 kv_len=4096 n_heads=12 n_kv_heads=2 head_dim=128 kv_head=1 worker=0 block_r=0 block_c=-1 t0_us=2283939116987 t1_us=2283939116998 dur_us=11
FIG8_ATTENTION_HOST_TIMING mode=scna-int8 qo_len=32 kv_len=4096 n_heads=12 n_kv_heads=2 head_dim=128 phase=measure iteration=16 host_elapsed_us=36500 ret=0
FIG8_ATTENTION_PROFILE_COUNT mode=scna-int8 qo_len=32 phase=measure iteration=16 records=2 max_records=10
FIG8_ATTENTION_TIMERS mode=scna-int8 phase=measure iteration=16 lut_exp=0 nonlinear_mode=2 scna_width=16 scna_exp=17508 qo_len=32 kv_len=4096 n_heads=12 n_kv_heads=2 head_dim=128 kv_head=0 worker=0 profiled_total=18068 q_load=8 k_load=160 v_load=158 qk_dot=12 safe_sm=17703 core_acc=15 o_scale=1 o_store=11
FIG8_ATTENTION_TIMERS mode=scna-int8 phase=measure iteration=16 lut_exp=0 nonlinear_mode=2 scna_width=16 scna_exp=17474 qo_len=32 kv_len=4096 n_heads=12 n_kv_heads=2 head_dim=128 kv_head=1 worker=0 profiled_total=18046 q_load=8 k_load=187 v_load=160 qk_dot=12 safe_sm=17651 core_acc=16 o_scale=1 o_store=11
FIG8_ATTENTION_EVENT_COUNT mode=scna-int8 qo_len=32 phase=measure iteration=16 events=16 max_events=24896 overflow=0
FIG8_ATTENTION_EVENT mode=scna-int8 phase=measure iteration=16 component=q_load component_id=1 lut_exp=0 qo_len=32 kv_len=4096 n_heads=12 n_kv_heads=2 head_dim=128 kv_head=0 worker=0 block_r=0 block_c=-1 t0_us=2283939117833 t1_us=2283939117842 dur_us=8
FIG8_ATTENTION_EVENT mode=scna-int8 phase=measure iteration=16 component=k_load component_id=2 lut_exp=0 qo_len=32 kv_len=4096 n_heads=12 n_kv_heads=2 head_dim=128 kv_head=0 worker=0 block_r=0 block_c=0 t0_us=2283939117844 t1_us=2283939118005 dur_us=160
FIG8_ATTENTION_EVENT mode=scna-int8 phase=measure iteration=16 component=qk_dot component_id=4 lut_exp=0 qo_len=32 kv_len=4096 n_heads=12 n_kv_heads=2 head_dim=128 kv_head=0 worker=0 block_r=0 block_c=0 t0_us=2283939118005 t1_us=2283939118017 dur_us=12
FIG8_ATTENTION_EVENT mode=scna-int8 phase=measure iteration=16 component=safe_sm component_id=5 lut_exp=0 qo_len=32 kv_len=4096 n_heads=12 n_kv_heads=2 head_dim=128 kv_head=0 worker=0 block_r=0 block_c=0 t0_us=2283939118017 t1_us=2283939135721 dur_us=17703
FIG8_ATTENTION_EVENT mode=scna-int8 phase=measure iteration=16 component=v_load component_id=3 lut_exp=0 qo_len=32 kv_len=4096 n_heads=12 n_kv_heads=2 head_dim=128 kv_head=0 worker=0 block_r=0 block_c=0 t0_us=2283939135721 t1_us=2283939135880 dur_us=158
FIG8_ATTENTION_EVENT mode=scna-int8 phase=measure iteration=16 component=core_acc component_id=6 lut_exp=0 qo_len=32 kv_len=4096 n_heads=12 n_kv_heads=2 head_dim=128 kv_head=0 worker=0 block_r=0 block_c=0 t0_us=2283939135880 t1_us=2283939135896 dur_us=15
FIG8_ATTENTION_EVENT mode=scna-int8 phase=measure iteration=16 component=o_scale component_id=7 lut_exp=0 qo_len=32 kv_len=4096 n_heads=12 n_kv_heads=2 head_dim=128 kv_head=0 worker=0 block_r=0 block_c=-1 t0_us=2283939135897 t1_us=2283939135899 dur_us=1
FIG8_ATTENTION_EVENT mode=scna-int8 phase=measure iteration=16 component=o_store component_id=8 lut_exp=0 qo_len=32 kv_len=4096 n_heads=12 n_kv_heads=2 head_dim=128 kv_head=0 worker=0 block_r=0 block_c=-1 t0_us=2283939135899 t1_us=2283939135910 dur_us=11
FIG8_ATTENTION_EVENT mode=scna-int8 phase=measure iteration=16 component=q_load component_id=1 lut_exp=0 qo_len=32 kv_len=4096 n_heads=12 n_kv_heads=2 head_dim=128 kv_head=1 worker=0 block_r=0 block_c=-1 t0_us=2283939135951 t1_us=2283939135960 dur_us=8
FIG8_ATTENTION_EVENT mode=scna-int8 phase=measure iteration=16 component=k_load component_id=2 lut_exp=0 qo_len=32 kv_len=4096 n_heads=12 n_kv_heads=2 head_dim=128 kv_head=1 worker=0 block_r=0 block_c=0 t0_us=2283939135963 t1_us=2283939136150 dur_us=187
FIG8_ATTENTION_EVENT mode=scna-int8 phase=measure iteration=16 component=qk_dot component_id=4 lut_exp=0 qo_len=32 kv_len=4096 n_heads=12 n_kv_heads=2 head_dim=128 kv_head=1 worker=0 block_r=0 block_c=0 t0_us=2283939136150 t1_us=2283939136163 dur_us=12
FIG8_ATTENTION_EVENT mode=scna-int8 phase=measure iteration=16 component=safe_sm component_id=5 lut_exp=0 qo_len=32 kv_len=4096 n_heads=12 n_kv_heads=2 head_dim=128 kv_head=1 worker=0 block_r=0 block_c=0 t0_us=2283939136164 t1_us=2283939153815 dur_us=17651
FIG8_ATTENTION_EVENT mode=scna-int8 phase=measure iteration=16 component=v_load component_id=3 lut_exp=0 qo_len=32 kv_len=4096 n_heads=12 n_kv_heads=2 head_dim=128 kv_head=1 worker=0 block_r=0 block_c=0 t0_us=2283939153815 t1_us=2283939153976 dur_us=160
FIG8_ATTENTION_EVENT mode=scna-int8 phase=measure iteration=16 component=core_acc component_id=6 lut_exp=0 qo_len=32 kv_len=4096 n_heads=12 n_kv_heads=2 head_dim=128 kv_head=1 worker=0 block_r=0 block_c=0 t0_us=2283939153977 t1_us=2283939153993 dur_us=16
FIG8_ATTENTION_EVENT mode=scna-int8 phase=measure iteration=16 component=o_scale component_id=7 lut_exp=0 qo_len=32 kv_len=4096 n_heads=12 n_kv_heads=2 head_dim=128 kv_head=1 worker=0 block_r=0 block_c=-1 t0_us=2283939153994 t1_us=2283939153996 dur_us=1
FIG8_ATTENTION_EVENT mode=scna-int8 phase=measure iteration=16 component=o_store component_id=8 lut_exp=0 qo_len=32 kv_len=4096 n_heads=12 n_kv_heads=2 head_dim=128 kv_head=1 worker=0 block_r=0 block_c=-1 t0_us=2283939153996 t1_us=2283939154007 dur_us=11
FIG8_ATTENTION_HOST_TIMING mode=scna-int8 qo_len=32 kv_len=4096 n_heads=12 n_kv_heads=2 head_dim=128 phase=measure iteration=17 host_elapsed_us=36389 ret=0
FIG8_ATTENTION_PROFILE_COUNT mode=scna-int8 qo_len=32 phase=measure iteration=17 records=2 max_records=10
FIG8_ATTENTION_TIMERS mode=scna-int8 phase=measure iteration=17 lut_exp=0 nonlinear_mode=2 scna_width=16 scna_exp=17470 qo_len=32 kv_len=4096 n_heads=12 n_kv_heads=2 head_dim=128 kv_head=0 worker=0 profiled_total=18029 q_load=8 k_load=159 v_load=158 qk_dot=12 safe_sm=17665 core_acc=15 o_scale=1 o_store=11
FIG8_ATTENTION_TIMERS mode=scna-int8 phase=measure iteration=17 lut_exp=0 nonlinear_mode=2 scna_width=16 scna_exp=17510 qo_len=32 kv_len=4096 n_heads=12 n_kv_heads=2 head_dim=128 kv_head=1 worker=0 profiled_total=18084 q_load=8 k_load=188 v_load=158 qk_dot=12 safe_sm=17690 core_acc=16 o_scale=1 o_store=11
FIG8_ATTENTION_EVENT_COUNT mode=scna-int8 qo_len=32 phase=measure iteration=17 events=16 max_events=24896 overflow=0
FIG8_ATTENTION_EVENT mode=scna-int8 phase=measure iteration=17 component=q_load component_id=1 lut_exp=0 qo_len=32 kv_len=4096 n_heads=12 n_kv_heads=2 head_dim=128 kv_head=0 worker=0 block_r=0 block_c=-1 t0_us=2283939154961 t1_us=2283939154970 dur_us=8
FIG8_ATTENTION_EVENT mode=scna-int8 phase=measure iteration=17 component=k_load component_id=2 lut_exp=0 qo_len=32 kv_len=4096 n_heads=12 n_kv_heads=2 head_dim=128 kv_head=0 worker=0 block_r=0 block_c=0 t0_us=2283939154972 t1_us=2283939155132 dur_us=159
FIG8_ATTENTION_EVENT mode=scna-int8 phase=measure iteration=17 component=qk_dot component_id=4 lut_exp=0 qo_len=32 kv_len=4096 n_heads=12 n_kv_heads=2 head_dim=128 kv_head=0 worker=0 block_r=0 block_c=0 t0_us=2283939155133 t1_us=2283939155145 dur_us=12
FIG8_ATTENTION_EVENT mode=scna-int8 phase=measure iteration=17 component=safe_sm component_id=5 lut_exp=0 qo_len=32 kv_len=4096 n_heads=12 n_kv_heads=2 head_dim=128 kv_head=0 worker=0 block_r=0 block_c=0 t0_us=2283939155145 t1_us=2283939172810 dur_us=17665
FIG8_ATTENTION_EVENT mode=scna-int8 phase=measure iteration=17 component=v_load component_id=3 lut_exp=0 qo_len=32 kv_len=4096 n_heads=12 n_kv_heads=2 head_dim=128 kv_head=0 worker=0 block_r=0 block_c=0 t0_us=2283939172811 t1_us=2283939172969 dur_us=158
FIG8_ATTENTION_EVENT mode=scna-int8 phase=measure iteration=17 component=core_acc component_id=6 lut_exp=0 qo_len=32 kv_len=4096 n_heads=12 n_kv_heads=2 head_dim=128 kv_head=0 worker=0 block_r=0 block_c=0 t0_us=2283939172970 t1_us=2283939172985 dur_us=15
FIG8_ATTENTION_EVENT mode=scna-int8 phase=measure iteration=17 component=o_scale component_id=7 lut_exp=0 qo_len=32 kv_len=4096 n_heads=12 n_kv_heads=2 head_dim=128 kv_head=0 worker=0 block_r=0 block_c=-1 t0_us=2283939172986 t1_us=2283939172988 dur_us=1
FIG8_ATTENTION_EVENT mode=scna-int8 phase=measure iteration=17 component=o_store component_id=8 lut_exp=0 qo_len=32 kv_len=4096 n_heads=12 n_kv_heads=2 head_dim=128 kv_head=0 worker=0 block_r=0 block_c=-1 t0_us=2283939172988 t1_us=2283939172999 dur_us=11
FIG8_ATTENTION_EVENT mode=scna-int8 phase=measure iteration=17 component=q_load component_id=1 lut_exp=0 qo_len=32 kv_len=4096 n_heads=12 n_kv_heads=2 head_dim=128 kv_head=1 worker=0 block_r=0 block_c=-1 t0_us=2283939173041 t1_us=2283939173050 dur_us=8
FIG8_ATTENTION_EVENT mode=scna-int8 phase=measure iteration=17 component=k_load component_id=2 lut_exp=0 qo_len=32 kv_len=4096 n_heads=12 n_kv_heads=2 head_dim=128 kv_head=1 worker=0 block_r=0 block_c=0 t0_us=2283939173053 t1_us=2283939173241 dur_us=188
FIG8_ATTENTION_EVENT mode=scna-int8 phase=measure iteration=17 component=qk_dot component_id=4 lut_exp=0 qo_len=32 kv_len=4096 n_heads=12 n_kv_heads=2 head_dim=128 kv_head=1 worker=0 block_r=0 block_c=0 t0_us=2283939173242 t1_us=2283939173254 dur_us=12
FIG8_ATTENTION_EVENT mode=scna-int8 phase=measure iteration=17 component=safe_sm component_id=5 lut_exp=0 qo_len=32 kv_len=4096 n_heads=12 n_kv_heads=2 head_dim=128 kv_head=1 worker=0 block_r=0 block_c=0 t0_us=2283939173255 t1_us=2283939190945 dur_us=17690
FIG8_ATTENTION_EVENT mode=scna-int8 phase=measure iteration=17 component=v_load component_id=3 lut_exp=0 qo_len=32 kv_len=4096 n_heads=12 n_kv_heads=2 head_dim=128 kv_head=1 worker=0 block_r=0 block_c=0 t0_us=2283939190946 t1_us=2283939191105 dur_us=158
FIG8_ATTENTION_EVENT mode=scna-int8 phase=measure iteration=17 component=core_acc component_id=6 lut_exp=0 qo_len=32 kv_len=4096 n_heads=12 n_kv_heads=2 head_dim=128 kv_head=1 worker=0 block_r=0 block_c=0 t0_us=2283939191105 t1_us=2283939191122 dur_us=16
FIG8_ATTENTION_EVENT mode=scna-int8 phase=measure iteration=17 component=o_scale component_id=7 lut_exp=0 qo_len=32 kv_len=4096 n_heads=12 n_kv_heads=2 head_dim=128 kv_head=1 worker=0 block_r=0 block_c=-1 t0_us=2283939191123 t1_us=2283939191124 dur_us=1
FIG8_ATTENTION_EVENT mode=scna-int8 phase=measure iteration=17 component=o_store component_id=8 lut_exp=0 qo_len=32 kv_len=4096 n_heads=12 n_kv_heads=2 head_dim=128 kv_head=1 worker=0 block_r=0 block_c=-1 t0_us=2283939191124 t1_us=2283939191136 dur_us=11
FIG8_ATTENTION_HOST_TIMING mode=scna-int8 qo_len=32 kv_len=4096 n_heads=12 n_kv_heads=2 head_dim=128 phase=measure iteration=18 host_elapsed_us=36497 ret=0
FIG8_ATTENTION_PROFILE_COUNT mode=scna-int8 qo_len=32 phase=measure iteration=18 records=2 max_records=10
FIG8_ATTENTION_TIMERS mode=scna-int8 phase=measure iteration=18 lut_exp=0 nonlinear_mode=2 scna_width=16 scna_exp=17550 qo_len=32 kv_len=4096 n_heads=12 n_kv_heads=2 head_dim=128 kv_head=0 worker=0 profiled_total=18111 q_load=8 k_load=160 v_load=158 qk_dot=12 safe_sm=17746 core_acc=15 o_scale=1 o_store=11
FIG8_ATTENTION_TIMERS mode=scna-int8 phase=measure iteration=18 lut_exp=0 nonlinear_mode=2 scna_width=16 scna_exp=17423 qo_len=32 kv_len=4096 n_heads=12 n_kv_heads=2 head_dim=128 kv_head=1 worker=0 profiled_total=17997 q_load=8 k_load=186 v_load=159 qk_dot=12 safe_sm=17604 core_acc=16 o_scale=1 o_store=11
FIG8_ATTENTION_EVENT_COUNT mode=scna-int8 qo_len=32 phase=measure iteration=18 events=16 max_events=24896 overflow=0
FIG8_ATTENTION_EVENT mode=scna-int8 phase=measure iteration=18 component=q_load component_id=1 lut_exp=0 qo_len=32 kv_len=4096 n_heads=12 n_kv_heads=2 head_dim=128 kv_head=0 worker=0 block_r=0 block_c=-1 t0_us=2283939191742 t1_us=2283939191750 dur_us=8
FIG8_ATTENTION_EVENT mode=scna-int8 phase=measure iteration=18 component=k_load component_id=2 lut_exp=0 qo_len=32 kv_len=4096 n_heads=12 n_kv_heads=2 head_dim=128 kv_head=0 worker=0 block_r=0 block_c=0 t0_us=2283939191753 t1_us=2283939191913 dur_us=160
FIG8_ATTENTION_EVENT mode=scna-int8 phase=measure iteration=18 component=qk_dot component_id=4 lut_exp=0 qo_len=32 kv_len=4096 n_heads=12 n_kv_heads=2 head_dim=128 kv_head=0 worker=0 block_r=0 block_c=0 t0_us=2283939191914 t1_us=2283939191926 dur_us=12
FIG8_ATTENTION_EVENT mode=scna-int8 phase=measure iteration=18 component=safe_sm component_id=5 lut_exp=0 qo_len=32 kv_len=4096 n_heads=12 n_kv_heads=2 head_dim=128 kv_head=0 worker=0 block_r=0 block_c=0 t0_us=2283939191926 t1_us=2283939209672 dur_us=17746
FIG8_ATTENTION_EVENT mode=scna-int8 phase=measure iteration=18 component=v_load component_id=3 lut_exp=0 qo_len=32 kv_len=4096 n_heads=12 n_kv_heads=2 head_dim=128 kv_head=0 worker=0 block_r=0 block_c=0 t0_us=2283939209673 t1_us=2283939209832 dur_us=158
FIG8_ATTENTION_EVENT mode=scna-int8 phase=measure iteration=18 component=core_acc component_id=6 lut_exp=0 qo_len=32 kv_len=4096 n_heads=12 n_kv_heads=2 head_dim=128 kv_head=0 worker=0 block_r=0 block_c=0 t0_us=2283939209832 t1_us=2283939209848 dur_us=15
FIG8_ATTENTION_EVENT mode=scna-int8 phase=measure iteration=18 component=o_scale component_id=7 lut_exp=0 qo_len=32 kv_len=4096 n_heads=12 n_kv_heads=2 head_dim=128 kv_head=0 worker=0 block_r=0 block_c=-1 t0_us=2283939209849 t1_us=2283939209850 dur_us=1
FIG8_ATTENTION_EVENT mode=scna-int8 phase=measure iteration=18 component=o_store component_id=8 lut_exp=0 qo_len=32 kv_len=4096 n_heads=12 n_kv_heads=2 head_dim=128 kv_head=0 worker=0 block_r=0 block_c=-1 t0_us=2283939209851 t1_us=2283939209862 dur_us=11
FIG8_ATTENTION_EVENT mode=scna-int8 phase=measure iteration=18 component=q_load component_id=1 lut_exp=0 qo_len=32 kv_len=4096 n_heads=12 n_kv_heads=2 head_dim=128 kv_head=1 worker=0 block_r=0 block_c=-1 t0_us=2283939209902 t1_us=2283939209911 dur_us=8
FIG8_ATTENTION_EVENT mode=scna-int8 phase=measure iteration=18 component=k_load component_id=2 lut_exp=0 qo_len=32 kv_len=4096 n_heads=12 n_kv_heads=2 head_dim=128 kv_head=1 worker=0 block_r=0 block_c=0 t0_us=2283939209914 t1_us=2283939210100 dur_us=186
FIG8_ATTENTION_EVENT mode=scna-int8 phase=measure iteration=18 component=qk_dot component_id=4 lut_exp=0 qo_len=32 kv_len=4096 n_heads=12 n_kv_heads=2 head_dim=128 kv_head=1 worker=0 block_r=0 block_c=0 t0_us=2283939210101 t1_us=2283939210113 dur_us=12
FIG8_ATTENTION_EVENT mode=scna-int8 phase=measure iteration=18 component=safe_sm component_id=5 lut_exp=0 qo_len=32 kv_len=4096 n_heads=12 n_kv_heads=2 head_dim=128 kv_head=1 worker=0 block_r=0 block_c=0 t0_us=2283939210114 t1_us=2283939227718 dur_us=17604
FIG8_ATTENTION_EVENT mode=scna-int8 phase=measure iteration=18 component=v_load component_id=3 lut_exp=0 qo_len=32 kv_len=4096 n_heads=12 n_kv_heads=2 head_dim=128 kv_head=1 worker=0 block_r=0 block_c=0 t0_us=2283939227719 t1_us=2283939227878 dur_us=159
FIG8_ATTENTION_EVENT mode=scna-int8 phase=measure iteration=18 component=core_acc component_id=6 lut_exp=0 qo_len=32 kv_len=4096 n_heads=12 n_kv_heads=2 head_dim=128 kv_head=1 worker=0 block_r=0 block_c=0 t0_us=2283939227879 t1_us=2283939227895 dur_us=16
FIG8_ATTENTION_EVENT mode=scna-int8 phase=measure iteration=18 component=o_scale component_id=7 lut_exp=0 qo_len=32 kv_len=4096 n_heads=12 n_kv_heads=2 head_dim=128 kv_head=1 worker=0 block_r=0 block_c=-1 t0_us=2283939227896 t1_us=2283939227898 dur_us=1
FIG8_ATTENTION_EVENT mode=scna-int8 phase=measure iteration=18 component=o_store component_id=8 lut_exp=0 qo_len=32 kv_len=4096 n_heads=12 n_kv_heads=2 head_dim=128 kv_head=1 worker=0 block_r=0 block_c=-1 t0_us=2283939227898 t1_us=2283939227910 dur_us=11
FIG8_ATTENTION_HOST_TIMING mode=scna-int8 qo_len=32 kv_len=4096 n_heads=12 n_kv_heads=2 head_dim=128 phase=measure iteration=19 host_elapsed_us=36356 ret=0
FIG8_ATTENTION_PROFILE_COUNT mode=scna-int8 qo_len=32 phase=measure iteration=19 records=2 max_records=10
FIG8_ATTENTION_TIMERS mode=scna-int8 phase=measure iteration=19 lut_exp=0 nonlinear_mode=2 scna_width=16 scna_exp=17413 qo_len=32 kv_len=4096 n_heads=12 n_kv_heads=2 head_dim=128 kv_head=0 worker=0 profiled_total=17971 q_load=8 k_load=158 v_load=158 qk_dot=12 safe_sm=17608 core_acc=15 o_scale=1 o_store=11
FIG8_ATTENTION_TIMERS mode=scna-int8 phase=measure iteration=19 lut_exp=0 nonlinear_mode=2 scna_width=16 scna_exp=17461 qo_len=32 kv_len=4096 n_heads=12 n_kv_heads=2 head_dim=128 kv_head=1 worker=0 profiled_total=18032 q_load=8 k_load=187 v_load=157 qk_dot=12 safe_sm=17640 core_acc=16 o_scale=1 o_store=11
FIG8_ATTENTION_EVENT_COUNT mode=scna-int8 qo_len=32 phase=measure iteration=19 events=16 max_events=24896 overflow=0
FIG8_ATTENTION_EVENT mode=scna-int8 phase=measure iteration=19 component=q_load component_id=1 lut_exp=0 qo_len=32 kv_len=4096 n_heads=12 n_kv_heads=2 head_dim=128 kv_head=0 worker=0 block_r=0 block_c=-1 t0_us=2283939229277 t1_us=2283939229286 dur_us=8
FIG8_ATTENTION_EVENT mode=scna-int8 phase=measure iteration=19 component=k_load component_id=2 lut_exp=0 qo_len=32 kv_len=4096 n_heads=12 n_kv_heads=2 head_dim=128 kv_head=0 worker=0 block_r=0 block_c=0 t0_us=2283939229288 t1_us=2283939229447 dur_us=158
FIG8_ATTENTION_EVENT mode=scna-int8 phase=measure iteration=19 component=qk_dot component_id=4 lut_exp=0 qo_len=32 kv_len=4096 n_heads=12 n_kv_heads=2 head_dim=128 kv_head=0 worker=0 block_r=0 block_c=0 t0_us=2283939229448 t1_us=2283939229460 dur_us=12
FIG8_ATTENTION_EVENT mode=scna-int8 phase=measure iteration=19 component=safe_sm component_id=5 lut_exp=0 qo_len=32 kv_len=4096 n_heads=12 n_kv_heads=2 head_dim=128 kv_head=0 worker=0 block_r=0 block_c=0 t0_us=2283939229460 t1_us=2283939247069 dur_us=17608
FIG8_ATTENTION_EVENT mode=scna-int8 phase=measure iteration=19 component=v_load component_id=3 lut_exp=0 qo_len=32 kv_len=4096 n_heads=12 n_kv_heads=2 head_dim=128 kv_head=0 worker=0 block_r=0 block_c=0 t0_us=2283939247070 t1_us=2283939247228 dur_us=158
FIG8_ATTENTION_EVENT mode=scna-int8 phase=measure iteration=19 component=core_acc component_id=6 lut_exp=0 qo_len=32 kv_len=4096 n_heads=12 n_kv_heads=2 head_dim=128 kv_head=0 worker=0 block_r=0 block_c=0 t0_us=2283939247229 t1_us=2283939247244 dur_us=15
FIG8_ATTENTION_EVENT mode=scna-int8 phase=measure iteration=19 component=o_scale component_id=7 lut_exp=0 qo_len=32 kv_len=4096 n_heads=12 n_kv_heads=2 head_dim=128 kv_head=0 worker=0 block_r=0 block_c=-1 t0_us=2283939247245 t1_us=2283939247247 dur_us=1
FIG8_ATTENTION_EVENT mode=scna-int8 phase=measure iteration=19 component=o_store component_id=8 lut_exp=0 qo_len=32 kv_len=4096 n_heads=12 n_kv_heads=2 head_dim=128 kv_head=0 worker=0 block_r=0 block_c=-1 t0_us=2283939247247 t1_us=2283939247259 dur_us=11
FIG8_ATTENTION_EVENT mode=scna-int8 phase=measure iteration=19 component=q_load component_id=1 lut_exp=0 qo_len=32 kv_len=4096 n_heads=12 n_kv_heads=2 head_dim=128 kv_head=1 worker=0 block_r=0 block_c=-1 t0_us=2283939247299 t1_us=2283939247308 dur_us=8
FIG8_ATTENTION_EVENT mode=scna-int8 phase=measure iteration=19 component=k_load component_id=2 lut_exp=0 qo_len=32 kv_len=4096 n_heads=12 n_kv_heads=2 head_dim=128 kv_head=1 worker=0 block_r=0 block_c=0 t0_us=2283939247311 t1_us=2283939247499 dur_us=187
FIG8_ATTENTION_EVENT mode=scna-int8 phase=measure iteration=19 component=qk_dot component_id=4 lut_exp=0 qo_len=32 kv_len=4096 n_heads=12 n_kv_heads=2 head_dim=128 kv_head=1 worker=0 block_r=0 block_c=0 t0_us=2283939247500 t1_us=2283939247512 dur_us=12
FIG8_ATTENTION_EVENT mode=scna-int8 phase=measure iteration=19 component=safe_sm component_id=5 lut_exp=0 qo_len=32 kv_len=4096 n_heads=12 n_kv_heads=2 head_dim=128 kv_head=1 worker=0 block_r=0 block_c=0 t0_us=2283939247513 t1_us=2283939265153 dur_us=17640
FIG8_ATTENTION_EVENT mode=scna-int8 phase=measure iteration=19 component=v_load component_id=3 lut_exp=0 qo_len=32 kv_len=4096 n_heads=12 n_kv_heads=2 head_dim=128 kv_head=1 worker=0 block_r=0 block_c=0 t0_us=2283939265153 t1_us=2283939265311 dur_us=157
FIG8_ATTENTION_EVENT mode=scna-int8 phase=measure iteration=19 component=core_acc component_id=6 lut_exp=0 qo_len=32 kv_len=4096 n_heads=12 n_kv_heads=2 head_dim=128 kv_head=1 worker=0 block_r=0 block_c=0 t0_us=2283939265312 t1_us=2283939265328 dur_us=16
FIG8_ATTENTION_EVENT mode=scna-int8 phase=measure iteration=19 component=o_scale component_id=7 lut_exp=0 qo_len=32 kv_len=4096 n_heads=12 n_kv_heads=2 head_dim=128 kv_head=1 worker=0 block_r=0 block_c=-1 t0_us=2283939265329 t1_us=2283939265330 dur_us=1
FIG8_ATTENTION_EVENT mode=scna-int8 phase=measure iteration=19 component=o_store component_id=8 lut_exp=0 qo_len=32 kv_len=4096 n_heads=12 n_kv_heads=2 head_dim=128 kv_head=1 worker=0 block_r=0 block_c=-1 t0_us=2283939265330 t1_us=2283939265342 dur_us=11
