FIG8_ATTENTION_CONFIG mode=lut-exp layout=serial variant=pair_static_d8 scna_width=8 seed=figure8_fixed mask_mode=full qo_len=32 kv_len=4096 kv_pad_len=4096 n_heads=12 n_kv_heads=2 head_dim=128 warmup=1 iters=1 q_size=196608 kv_size=2097152 mask_size=262144 profile_size=2664576 profile_max_records=24 profile_max_events=33152 mode_flags=65537 print_events=1 workers=1
FIG8_ATTENTION_HOST_TIMING mode=lut-exp layout=serial variant=pair_static_d8 workers=1 scna_width=8 seed=figure8_fixed mask_mode=full qo_len=32 kv_len=4096 n_heads=12 n_kv_heads=2 head_dim=128 phase=warmup iteration=0 host_elapsed_us=5114 ret=0
FIG8_ATTENTION_PROFILE_COUNT mode=lut-exp qo_len=32 phase=warmup iteration=0 records=16 max_records=24
FIG8_ATTENTION_WORKERS mode=lut-exp variant=pair_static_d8 qo_len=32 phase=warmup iteration=0 requested_workers=1 active_workers=1 hvx_contexts=6 vtcm_worker_cap=8 tasks=16 q_task_rows=4
FIG8_ATTENTION_TIMERS mode=lut-exp layout=serial phase=warmup iteration=0 lut_exp=1 scna_layout=0 scna_width=0 qo_len=4 kv_len=4096 n_heads=12 n_kv_heads=2 head_dim=128 kv_head=0 worker=0 profiled_total=275 q_load=2 k_load=82 v_load=93 qk_dot=3 safe_sm=85 scna_exp=0 param_prepare=0 core_acc=6 o_scale=2 o_store=2
FIG8_ATTENTION_TIMERS mode=lut-exp layout=serial phase=warmup iteration=0 lut_exp=1 scna_layout=0 scna_width=0 qo_len=4 kv_len=4096 n_heads=12 n_kv_heads=2 head_dim=128 kv_head=1 worker=0 profiled_total=268 q_load=1 k_load=83 v_load=96 qk_dot=2 safe_sm=79 scna_exp=0 param_prepare=0 core_acc=4 o_scale=1 o_store=2
FIG8_ATTENTION_TIMERS mode=lut-exp layout=serial phase=warmup iteration=0 lut_exp=1 scna_layout=0 scna_width=0 qo_len=4 kv_len=4096 n_heads=12 n_kv_heads=2 head_dim=128 kv_head=0 worker=0 profiled_total=248 q_load=1 k_load=67 v_load=102 qk_dot=2 safe_sm=70 scna_exp=0 param_prepare=0 core_acc=3 o_scale=1 o_store=2
FIG8_ATTENTION_TIMERS mode=lut-exp layout=serial phase=warmup iteration=0 lut_exp=1 scna_layout=0 scna_width=0 qo_len=4 kv_len=4096 n_heads=12 n_kv_heads=2 head_dim=128 kv_head=1 worker=0 profiled_total=253 q_load=1 k_load=67 v_load=108 qk_dot=1 safe_sm=70 scna_exp=0 param_prepare=0 core_acc=2 o_scale=2 o_store=2
FIG8_ATTENTION_TIMERS mode=lut-exp layout=serial phase=warmup iteration=0 lut_exp=1 scna_layout=0 scna_width=0 qo_len=4 kv_len=4096 n_heads=12 n_kv_heads=2 head_dim=128 kv_head=0 worker=0 profiled_total=245 q_load=1 k_load=68 v_load=96 qk_dot=1 safe_sm=70 scna_exp=0 param_prepare=0 core_acc=4 o_scale=2 o_store=3
FIG8_ATTENTION_TIMERS mode=lut-exp layout=serial phase=warmup iteration=0 lut_exp=1 scna_layout=0 scna_width=0 qo_len=4 kv_len=4096 n_heads=12 n_kv_heads=2 head_dim=128 kv_head=1 worker=0 profiled_total=251 q_load=1 k_load=66 v_load=105 qk_dot=2 safe_sm=70 scna_exp=0 param_prepare=0 core_acc=3 o_scale=2 o_store=2
FIG8_ATTENTION_TIMERS mode=lut-exp layout=serial phase=warmup iteration=0 lut_exp=1 scna_layout=0 scna_width=0 qo_len=4 kv_len=4096 n_heads=12 n_kv_heads=2 head_dim=128 kv_head=0 worker=0 profiled_total=251 q_load=1 k_load=65 v_load=107 qk_dot=1 safe_sm=69 scna_exp=0 param_prepare=0 core_acc=4 o_scale=2 o_store=2
FIG8_ATTENTION_TIMERS mode=lut-exp layout=serial phase=warmup iteration=0 lut_exp=1 scna_layout=0 scna_width=0 qo_len=4 kv_len=4096 n_heads=12 n_kv_heads=2 head_dim=128 kv_head=1 worker=0 profiled_total=244 q_load=1 k_load=67 v_load=98 qk_dot=2 safe_sm=69 scna_exp=0 param_prepare=0 core_acc=3 o_scale=2 o_store=2
FIG8_ATTENTION_TIMERS mode=lut-exp layout=serial phase=warmup iteration=0 lut_exp=1 scna_layout=0 scna_width=0 qo_len=4 kv_len=4096 n_heads=12 n_kv_heads=2 head_dim=128 kv_head=0 worker=0 profiled_total=245 q_load=1 k_load=69 v_load=95 qk_dot=1 safe_sm=70 scna_exp=0 param_prepare=0 core_acc=6 o_scale=1 o_store=2
FIG8_ATTENTION_TIMERS mode=lut-exp layout=serial phase=warmup iteration=0 lut_exp=1 scna_layout=0 scna_width=0 qo_len=4 kv_len=4096 n_heads=12 n_kv_heads=2 head_dim=128 kv_head=1 worker=0 profiled_total=247 q_load=1 k_load=66 v_load=102 qk_dot=2 safe_sm=69 scna_exp=0 param_prepare=0 core_acc=4 o_scale=1 o_store=2
FIG8_ATTENTION_TIMERS mode=lut-exp layout=serial phase=warmup iteration=0 lut_exp=1 scna_layout=0 scna_width=0 qo_len=4 kv_len=4096 n_heads=12 n_kv_heads=2 head_dim=128 kv_head=0 worker=0 profiled_total=247 q_load=1 k_load=65 v_load=102 qk_dot=1 safe_sm=70 scna_exp=0 param_prepare=0 core_acc=4 o_scale=1 o_store=3
FIG8_ATTENTION_TIMERS mode=lut-exp layout=serial phase=warmup iteration=0 lut_exp=1 scna_layout=0 scna_width=0 qo_len=4 kv_len=4096 n_heads=12 n_kv_heads=2 head_dim=128 kv_head=1 worker=0 profiled_total=250 q_load=1 k_load=66 v_load=105 qk_dot=2 safe_sm=70 scna_exp=0 param_prepare=0 core_acc=3 o_scale=1 o_store=2
FIG8_ATTENTION_TIMERS mode=lut-exp layout=serial phase=warmup iteration=0 lut_exp=1 scna_layout=0 scna_width=0 qo_len=4 kv_len=4096 n_heads=12 n_kv_heads=2 head_dim=128 kv_head=0 worker=0 profiled_total=246 q_load=1 k_load=69 v_load=96 qk_dot=1 safe_sm=71 scna_exp=0 param_prepare=0 core_acc=5 o_scale=1 o_store=2
FIG8_ATTENTION_TIMERS mode=lut-exp layout=serial phase=warmup iteration=0 lut_exp=1 scna_layout=0 scna_width=0 qo_len=4 kv_len=4096 n_heads=12 n_kv_heads=2 head_dim=128 kv_head=1 worker=0 profiled_total=250 q_load=1 k_load=66 v_load=105 qk_dot=2 safe_sm=70 scna_exp=0 param_prepare=0 core_acc=3 o_scale=1 o_store=2
FIG8_ATTENTION_TIMERS mode=lut-exp layout=serial phase=warmup iteration=0 lut_exp=1 scna_layout=0 scna_width=0 qo_len=4 kv_len=4096 n_heads=12 n_kv_heads=2 head_dim=128 kv_head=0 worker=0 profiled_total=247 q_load=1 k_load=67 v_load=99 qk_dot=1 safe_sm=71 scna_exp=0 param_prepare=0 core_acc=5 o_scale=1 o_store=2
FIG8_ATTENTION_TIMERS mode=lut-exp layout=serial phase=warmup iteration=0 lut_exp=1 scna_layout=0 scna_width=0 qo_len=4 kv_len=4096 n_heads=12 n_kv_heads=2 head_dim=128 kv_head=1 worker=0 profiled_total=246 q_load=1 k_load=66 v_load=100 qk_dot=2 safe_sm=69 scna_exp=0 param_prepare=0 core_acc=4 o_scale=2 o_store=2
FIG8_ATTENTION_EVENT_COUNT mode=lut-exp qo_len=32 phase=warmup iteration=0 events=368 max_events=33152 overflow=0
FIG8_ATTENTION_EVENT mode=lut-exp layout=serial phase=warmup iteration=0 component=q_load component_id=1 lut_exp=1 scna_layout=0 scna_width=0 qo_len=4 kv_len=4096 n_heads=12 n_kv_heads=2 head_dim=128 kv_head=0 worker=0 block_r=0 block_c=-1 t0_us=261141616572 t1_us=261141616574 dur_us=2
FIG8_ATTENTION_EVENT mode=lut-exp layout=serial phase=warmup iteration=0 component=k_load component_id=2 lut_exp=1 scna_layout=0 scna_width=0 qo_len=4 kv_len=4096 n_heads=12 n_kv_heads=2 head_dim=128 kv_head=0 worker=0 block_r=0 block_c=0 t0_us=261141616576 t1_us=261141616600 dur_us=24
FIG8_ATTENTION_EVENT mode=lut-exp layout=serial phase=warmup iteration=0 component=qk_dot component_id=4 lut_exp=1 scna_layout=0 scna_width=0 qo_len=4 kv_len=4096 n_heads=12 n_kv_heads=2 head_dim=128 kv_head=0 worker=0 block_r=0 block_c=0 t0_us=261141616600 t1_us=261141616603 dur_us=2
FIG8_ATTENTION_EVENT mode=lut-exp layout=serial phase=warmup iteration=0 component=safe_sm component_id=5 lut_exp=1 scna_layout=0 scna_width=0 qo_len=4 kv_len=4096 n_heads=12 n_kv_heads=2 head_dim=128 kv_head=0 worker=0 block_r=0 block_c=0 t0_us=261141616606 t1_us=261141616638 dur_us=32
FIG8_ATTENTION_EVENT mode=lut-exp layout=serial phase=warmup iteration=0 component=v_load component_id=3 lut_exp=1 scna_layout=0 scna_width=0 qo_len=4 kv_len=4096 n_heads=12 n_kv_heads=2 head_dim=128 kv_head=0 worker=0 block_r=0 block_c=0 t0_us=261141616638 t1_us=261141616665 dur_us=26
FIG8_ATTENTION_EVENT mode=lut-exp layout=serial phase=warmup iteration=0 component=core_acc component_id=6 lut_exp=1 scna_layout=0 scna_width=0 qo_len=4 kv_len=4096 n_heads=12 n_kv_heads=2 head_dim=128 kv_head=0 worker=0 block_r=0 block_c=0 t0_us=261141616665 t1_us=261141616670 dur_us=4
FIG8_ATTENTION_EVENT mode=lut-exp layout=serial phase=warmup iteration=0 component=k_load component_id=2 lut_exp=1 scna_layout=0 scna_width=0 qo_len=4 kv_len=4096 n_heads=12 n_kv_heads=2 head_dim=128 kv_head=0 worker=0 block_r=0 block_c=1280 t0_us=261141616672 t1_us=261141616705 dur_us=33
FIG8_ATTENTION_EVENT mode=lut-exp layout=serial phase=warmup iteration=0 component=qk_dot component_id=4 lut_exp=1 scna_layout=0 scna_width=0 qo_len=4 kv_len=4096 n_heads=12 n_kv_heads=2 head_dim=128 kv_head=0 worker=0 block_r=0 block_c=1280 t0_us=261141616705 t1_us=261141616706 dur_us=0
FIG8_ATTENTION_EVENT mode=lut-exp layout=serial phase=warmup iteration=0 component=safe_sm component_id=5 lut_exp=1 scna_layout=0 scna_width=0 qo_len=4 kv_len=4096 n_heads=12 n_kv_heads=2 head_dim=128 kv_head=0 worker=0 block_r=0 block_c=1280 t0_us=261141616706 t1_us=261141616730 dur_us=24
FIG8_ATTENTION_EVENT mode=lut-exp layout=serial phase=warmup iteration=0 component=v_load component_id=3 lut_exp=1 scna_layout=0 scna_width=0 qo_len=4 kv_len=4096 n_heads=12 n_kv_heads=2 head_dim=128 kv_head=0 worker=0 block_r=0 block_c=1280 t0_us=261141616730 t1_us=261141616760 dur_us=29
FIG8_ATTENTION_EVENT mode=lut-exp layout=serial phase=warmup iteration=0 component=core_acc component_id=6 lut_exp=1 scna_layout=0 scna_width=0 qo_len=4 kv_len=4096 n_heads=12 n_kv_heads=2 head_dim=128 kv_head=0 worker=0 block_r=0 block_c=1280 t0_us=261141616760 t1_us=261141616761 dur_us=0
FIG8_ATTENTION_EVENT mode=lut-exp layout=serial phase=warmup iteration=0 component=k_load component_id=2 lut_exp=1 scna_layout=0 scna_width=0 qo_len=4 kv_len=4096 n_heads=12 n_kv_heads=2 head_dim=128 kv_head=0 worker=0 block_r=0 block_c=2560 t0_us=261141616761 t1_us=261141616781 dur_us=20
FIG8_ATTENTION_EVENT mode=lut-exp layout=serial phase=warmup iteration=0 component=qk_dot component_id=4 lut_exp=1 scna_layout=0 scna_width=0 qo_len=4 kv_len=4096 n_heads=12 n_kv_heads=2 head_dim=128 kv_head=0 worker=0 block_r=0 block_c=2560 t0_us=261141616782 t1_us=261141616782 dur_us=0
FIG8_ATTENTION_EVENT mode=lut-exp layout=serial phase=warmup iteration=0 component=safe_sm component_id=5 lut_exp=1 scna_layout=0 scna_width=0 qo_len=4 kv_len=4096 n_heads=12 n_kv_heads=2 head_dim=128 kv_head=0 worker=0 block_r=0 block_c=2560 t0_us=261141616782 t1_us=261141616805 dur_us=22
FIG8_ATTENTION_EVENT mode=lut-exp layout=serial phase=warmup iteration=0 component=v_load component_id=3 lut_exp=1 scna_layout=0 scna_width=0 qo_len=4 kv_len=4096 n_heads=12 n_kv_heads=2 head_dim=128 kv_head=0 worker=0 block_r=0 block_c=2560 t0_us=261141616805 t1_us=261141616840 dur_us=35
FIG8_ATTENTION_EVENT mode=lut-exp layout=serial phase=warmup iteration=0 component=core_acc component_id=6 lut_exp=1 scna_layout=0 scna_width=0 qo_len=4 kv_len=4096 n_heads=12 n_kv_heads=2 head_dim=128 kv_head=0 worker=0 block_r=0 block_c=2560 t0_us=261141616840 t1_us=261141616841 dur_us=0
FIG8_ATTENTION_EVENT mode=lut-exp layout=serial phase=warmup iteration=0 component=k_load component_id=2 lut_exp=1 scna_layout=0 scna_width=0 qo_len=4 kv_len=4096 n_heads=12 n_kv_heads=2 head_dim=128 kv_head=0 worker=0 block_r=0 block_c=3840 t0_us=261141616841 t1_us=261141616845 dur_us=4
FIG8_ATTENTION_EVENT mode=lut-exp layout=serial phase=warmup iteration=0 component=qk_dot component_id=4 lut_exp=1 scna_layout=0 scna_width=0 qo_len=4 kv_len=4096 n_heads=12 n_kv_heads=2 head_dim=128 kv_head=0 worker=0 block_r=0 block_c=3840 t0_us=261141616845 t1_us=261141616845 dur_us=0
FIG8_ATTENTION_EVENT mode=lut-exp layout=serial phase=warmup iteration=0 component=safe_sm component_id=5 lut_exp=1 scna_layout=0 scna_width=0 qo_len=4 kv_len=4096 n_heads=12 n_kv_heads=2 head_dim=128 kv_head=0 worker=0 block_r=0 block_c=3840 t0_us=261141616845 t1_us=261141616852 dur_us=6
FIG8_ATTENTION_EVENT mode=lut-exp layout=serial phase=warmup iteration=0 component=v_load component_id=3 lut_exp=1 scna_layout=0 scna_width=0 qo_len=4 kv_len=4096 n_heads=12 n_kv_heads=2 head_dim=128 kv_head=0 worker=0 block_r=0 block_c=3840 t0_us=261141616852 t1_us=261141616854 dur_us=2
FIG8_ATTENTION_EVENT mode=lut-exp layout=serial phase=warmup iteration=0 component=core_acc component_id=6 lut_exp=1 scna_layout=0 scna_width=0 qo_len=4 kv_len=4096 n_heads=12 n_kv_heads=2 head_dim=128 kv_head=0 worker=0 block_r=0 block_c=3840 t0_us=261141616854 t1_us=261141616855 dur_us=0
FIG8_ATTENTION_EVENT mode=lut-exp layout=serial phase=warmup iteration=0 component=o_scale component_id=7 lut_exp=1 scna_layout=0 scna_width=0 qo_len=4 kv_len=4096 n_heads=12 n_kv_heads=2 head_dim=128 kv_head=0 worker=0 block_r=0 block_c=-1 t0_us=261141616855 t1_us=261141616858 dur_us=2
FIG8_ATTENTION_EVENT mode=lut-exp layout=serial phase=warmup iteration=0 component=o_store component_id=8 lut_exp=1 scna_layout=0 scna_width=0 qo_len=4 kv_len=4096 n_heads=12 n_kv_heads=2 head_dim=128 kv_head=0 worker=0 block_r=0 block_c=-1 t0_us=261141616858 t1_us=261141616861 dur_us=2
FIG8_ATTENTION_EVENT mode=lut-exp layout=serial phase=warmup iteration=0 component=q_load component_id=1 lut_exp=1 scna_layout=0 scna_width=0 qo_len=4 kv_len=4096 n_heads=12 n_kv_heads=2 head_dim=128 kv_head=1 worker=0 block_r=0 block_c=-1 t0_us=261141616916 t1_us=261141616917 dur_us=1
FIG8_ATTENTION_EVENT mode=lut-exp layout=serial phase=warmup iteration=0 component=k_load component_id=2 lut_exp=1 scna_layout=0 scna_width=0 qo_len=4 kv_len=4096 n_heads=12 n_kv_heads=2 head_dim=128 kv_head=1 worker=0 block_r=0 block_c=0 t0_us=261141616918 t1_us=261141616944 dur_us=26
FIG8_ATTENTION_EVENT mode=lut-exp layout=serial phase=warmup iteration=0 component=qk_dot component_id=4 lut_exp=1 scna_layout=0 scna_width=0 qo_len=4 kv_len=4096 n_heads=12 n_kv_heads=2 head_dim=128 kv_head=1 worker=0 block_r=0 block_c=0 t0_us=261141616945 t1_us=261141616946 dur_us=1
FIG8_ATTENTION_EVENT mode=lut-exp layout=serial phase=warmup iteration=0 component=safe_sm component_id=5 lut_exp=1 scna_layout=0 scna_width=0 qo_len=4 kv_len=4096 n_heads=12 n_kv_heads=2 head_dim=128 kv_head=1 worker=0 block_r=0 block_c=0 t0_us=261141616946 t1_us=261141616974 dur_us=27
FIG8_ATTENTION_EVENT mode=lut-exp layout=serial phase=warmup iteration=0 component=v_load component_id=3 lut_exp=1 scna_layout=0 scna_width=0 qo_len=4 kv_len=4096 n_heads=12 n_kv_heads=2 head_dim=128 kv_head=1 worker=0 block_r=0 block_c=0 t0_us=261141616974 t1_us=261141617003 dur_us=28
FIG8_ATTENTION_EVENT mode=lut-exp layout=serial phase=warmup iteration=0 component=core_acc component_id=6 lut_exp=1 scna_layout=0 scna_width=0 qo_len=4 kv_len=4096 n_heads=12 n_kv_heads=2 head_dim=128 kv_head=1 worker=0 block_r=0 block_c=0 t0_us=261141617003 t1_us=261141617007 dur_us=3
FIG8_ATTENTION_EVENT mode=lut-exp layout=serial phase=warmup iteration=0 component=k_load component_id=2 lut_exp=1 scna_layout=0 scna_width=0 qo_len=4 kv_len=4096 n_heads=12 n_kv_heads=2 head_dim=128 kv_head=1 worker=0 block_r=0 block_c=1280 t0_us=261141617010 t1_us=261141617042 dur_us=32
FIG8_ATTENTION_EVENT mode=lut-exp layout=serial phase=warmup iteration=0 component=qk_dot component_id=4 lut_exp=1 scna_layout=0 scna_width=0 qo_len=4 kv_len=4096 n_heads=12 n_kv_heads=2 head_dim=128 kv_head=1 worker=0 block_r=0 block_c=1280 t0_us=261141617042 t1_us=261141617043 dur_us=0
FIG8_ATTENTION_EVENT mode=lut-exp layout=serial phase=warmup iteration=0 component=safe_sm component_id=5 lut_exp=1 scna_layout=0 scna_width=0 qo_len=4 kv_len=4096 n_heads=12 n_kv_heads=2 head_dim=128 kv_head=1 worker=0 block_r=0 block_c=1280 t0_us=261141617043 t1_us=261141617066 dur_us=23
FIG8_ATTENTION_EVENT mode=lut-exp layout=serial phase=warmup iteration=0 component=v_load component_id=3 lut_exp=1 scna_layout=0 scna_width=0 qo_len=4 kv_len=4096 n_heads=12 n_kv_heads=2 head_dim=128 kv_head=1 worker=0 block_r=0 block_c=1280 t0_us=261141617066 t1_us=261141617098 dur_us=31
FIG8_ATTENTION_EVENT mode=lut-exp layout=serial phase=warmup iteration=0 component=core_acc component_id=6 lut_exp=1 scna_layout=0 scna_width=0 qo_len=4 kv_len=4096 n_heads=12 n_kv_heads=2 head_dim=128 kv_head=1 worker=0 block_r=0 block_c=1280 t0_us=261141617099 t1_us=261141617099 dur_us=0
FIG8_ATTENTION_EVENT mode=lut-exp layout=serial phase=warmup iteration=0 component=k_load component_id=2 lut_exp=1 scna_layout=0 scna_width=0 qo_len=4 kv_len=4096 n_heads=12 n_kv_heads=2 head_dim=128 kv_head=1 worker=0 block_r=0 block_c=2560 t0_us=261141617099 t1_us=261141617120 dur_us=21
FIG8_ATTENTION_EVENT mode=lut-exp layout=serial phase=warmup iteration=0 component=qk_dot component_id=4 lut_exp=1 scna_layout=0 scna_width=0 qo_len=4 kv_len=4096 n_heads=12 n_kv_heads=2 head_dim=128 kv_head=1 worker=0 block_r=0 block_c=2560 t0_us=261141617120 t1_us=261141617121 dur_us=0
FIG8_ATTENTION_EVENT mode=lut-exp layout=serial phase=warmup iteration=0 component=safe_sm component_id=5 lut_exp=1 scna_layout=0 scna_width=0 qo_len=4 kv_len=4096 n_heads=12 n_kv_heads=2 head_dim=128 kv_head=1 worker=0 block_r=0 block_c=2560 t0_us=261141617121 t1_us=261141617143 dur_us=21
FIG8_ATTENTION_EVENT mode=lut-exp layout=serial phase=warmup iteration=0 component=v_load component_id=3 lut_exp=1 scna_layout=0 scna_width=0 qo_len=4 kv_len=4096 n_heads=12 n_kv_heads=2 head_dim=128 kv_head=1 worker=0 block_r=0 block_c=2560 t0_us=261141617143 t1_us=261141617176 dur_us=33
FIG8_ATTENTION_EVENT mode=lut-exp layout=serial phase=warmup iteration=0 component=core_acc component_id=6 lut_exp=1 scna_layout=0 scna_width=0 qo_len=4 kv_len=4096 n_heads=12 n_kv_heads=2 head_dim=128 kv_head=1 worker=0 block_r=0 block_c=2560 t0_us=261141617176 t1_us=261141617176 dur_us=0
FIG8_ATTENTION_EVENT mode=lut-exp layout=serial phase=warmup iteration=0 component=k_load component_id=2 lut_exp=1 scna_layout=0 scna_width=0 qo_len=4 kv_len=4096 n_heads=12 n_kv_heads=2 head_dim=128 kv_head=1 worker=0 block_r=0 block_c=3840 t0_us=261141617177 t1_us=261141617181 dur_us=4
FIG8_ATTENTION_EVENT mode=lut-exp layout=serial phase=warmup iteration=0 component=qk_dot component_id=4 lut_exp=1 scna_layout=0 scna_width=0 qo_len=4 kv_len=4096 n_heads=12 n_kv_heads=2 head_dim=128 kv_head=1 worker=0 block_r=0 block_c=3840 t0_us=261141617181 t1_us=261141617181 dur_us=0
FIG8_ATTENTION_EVENT mode=lut-exp layout=serial phase=warmup iteration=0 component=safe_sm component_id=5 lut_exp=1 scna_layout=0 scna_width=0 qo_len=4 kv_len=4096 n_heads=12 n_kv_heads=2 head_dim=128 kv_head=1 worker=0 block_r=0 block_c=3840 t0_us=261141617181 t1_us=261141617188 dur_us=6
FIG8_ATTENTION_EVENT mode=lut-exp layout=serial phase=warmup iteration=0 component=v_load component_id=3 lut_exp=1 scna_layout=0 scna_width=0 qo_len=4 kv_len=4096 n_heads=12 n_kv_heads=2 head_dim=128 kv_head=1 worker=0 block_r=0 block_c=3840 t0_us=261141617188 t1_us=261141617190 dur_us=2
FIG8_ATTENTION_EVENT mode=lut-exp layout=serial phase=warmup iteration=0 component=core_acc component_id=6 lut_exp=1 scna_layout=0 scna_width=0 qo_len=4 kv_len=4096 n_heads=12 n_kv_heads=2 head_dim=128 kv_head=1 worker=0 block_r=0 block_c=3840 t0_us=261141617190 t1_us=261141617190 dur_us=0
FIG8_ATTENTION_EVENT mode=lut-exp layout=serial phase=warmup iteration=0 component=o_scale component_id=7 lut_exp=1 scna_layout=0 scna_width=0 qo_len=4 kv_len=4096 n_heads=12 n_kv_heads=2 head_dim=128 kv_head=1 worker=0 block_r=0 block_c=-1 t0_us=261141617190 t1_us=261141617192 dur_us=1
FIG8_ATTENTION_EVENT mode=lut-exp layout=serial phase=warmup iteration=0 component=o_store component_id=8 lut_exp=1 scna_layout=0 scna_width=0 qo_len=4 kv_len=4096 n_heads=12 n_kv_heads=2 head_dim=128 kv_head=1 worker=0 block_r=0 block_c=-1 t0_us=261141617193 t1_us=261141617195 dur_us=2
FIG8_ATTENTION_EVENT mode=lut-exp layout=serial phase=warmup iteration=0 component=q_load component_id=1 lut_exp=1 scna_layout=0 scna_width=0 qo_len=4 kv_len=4096 n_heads=12 n_kv_heads=2 head_dim=128 kv_head=0 worker=0 block_r=0 block_c=-1 t0_us=261141617242 t1_us=261141617244 dur_us=1
FIG8_ATTENTION_EVENT mode=lut-exp layout=serial phase=warmup iteration=0 component=k_load component_id=2 lut_exp=1 scna_layout=0 scna_width=0 qo_len=4 kv_len=4096 n_heads=12 n_kv_heads=2 head_dim=128 kv_head=0 worker=0 block_r=0 block_c=0 t0_us=261141617245 t1_us=261141617266 dur_us=20
FIG8_ATTENTION_EVENT mode=lut-exp layout=serial phase=warmup iteration=0 component=qk_dot component_id=4 lut_exp=1 scna_layout=0 scna_width=0 qo_len=4 kv_len=4096 n_heads=12 n_kv_heads=2 head_dim=128 kv_head=0 worker=0 block_r=0 block_c=0 t0_us=261141617266 t1_us=261141617267 dur_us=1
FIG8_ATTENTION_EVENT mode=lut-exp layout=serial phase=warmup iteration=0 component=safe_sm component_id=5 lut_exp=1 scna_layout=0 scna_width=0 qo_len=4 kv_len=4096 n_heads=12 n_kv_heads=2 head_dim=128 kv_head=0 worker=0 block_r=0 block_c=0 t0_us=261141617268 t1_us=261141617290 dur_us=21
FIG8_ATTENTION_EVENT mode=lut-exp layout=serial phase=warmup iteration=0 component=v_load component_id=3 lut_exp=1 scna_layout=0 scna_width=0 qo_len=4 kv_len=4096 n_heads=12 n_kv_heads=2 head_dim=128 kv_head=0 worker=0 block_r=0 block_c=0 t0_us=261141617290 t1_us=261141617314 dur_us=23
FIG8_ATTENTION_EVENT mode=lut-exp layout=serial phase=warmup iteration=0 component=core_acc component_id=6 lut_exp=1 scna_layout=0 scna_width=0 qo_len=4 kv_len=4096 n_heads=12 n_kv_heads=2 head_dim=128 kv_head=0 worker=0 block_r=0 block_c=0 t0_us=261141617314 t1_us=261141617316 dur_us=2
FIG8_ATTENTION_EVENT mode=lut-exp layout=serial phase=warmup iteration=0 component=k_load component_id=2 lut_exp=1 scna_layout=0 scna_width=0 qo_len=4 kv_len=4096 n_heads=12 n_kv_heads=2 head_dim=128 kv_head=0 worker=0 block_r=0 block_c=1280 t0_us=261141617317 t1_us=261141617340 dur_us=22
FIG8_ATTENTION_EVENT mode=lut-exp layout=serial phase=warmup iteration=0 component=qk_dot component_id=4 lut_exp=1 scna_layout=0 scna_width=0 qo_len=4 kv_len=4096 n_heads=12 n_kv_heads=2 head_dim=128 kv_head=0 worker=0 block_r=0 block_c=1280 t0_us=261141617340 t1_us=261141617340 dur_us=0
FIG8_ATTENTION_EVENT mode=lut-exp layout=serial phase=warmup iteration=0 component=safe_sm component_id=5 lut_exp=1 scna_layout=0 scna_width=0 qo_len=4 kv_len=4096 n_heads=12 n_kv_heads=2 head_dim=128 kv_head=0 worker=0 block_r=0 block_c=1280 t0_us=261141617341 t1_us=261141617361 dur_us=20
FIG8_ATTENTION_EVENT mode=lut-exp layout=serial phase=warmup iteration=0 component=v_load component_id=3 lut_exp=1 scna_layout=0 scna_width=0 qo_len=4 kv_len=4096 n_heads=12 n_kv_heads=2 head_dim=128 kv_head=0 worker=0 block_r=0 block_c=1280 t0_us=261141617362 t1_us=261141617392 dur_us=30
FIG8_ATTENTION_EVENT mode=lut-exp layout=serial phase=warmup iteration=0 component=core_acc component_id=6 lut_exp=1 scna_layout=0 scna_width=0 qo_len=4 kv_len=4096 n_heads=12 n_kv_heads=2 head_dim=128 kv_head=0 worker=0 block_r=0 block_c=1280 t0_us=261141617393 t1_us=261141617393 dur_us=0
FIG8_ATTENTION_EVENT mode=lut-exp layout=serial phase=warmup iteration=0 component=k_load component_id=2 lut_exp=1 scna_layout=0 scna_width=0 qo_len=4 kv_len=4096 n_heads=12 n_kv_heads=2 head_dim=128 kv_head=0 worker=0 block_r=0 block_c=2560 t0_us=261141617394 t1_us=261141617414 dur_us=20
FIG8_ATTENTION_EVENT mode=lut-exp layout=serial phase=warmup iteration=0 component=qk_dot component_id=4 lut_exp=1 scna_layout=0 scna_width=0 qo_len=4 kv_len=4096 n_heads=12 n_kv_heads=2 head_dim=128 kv_head=0 worker=0 block_r=0 block_c=2560 t0_us=261141617414 t1_us=261141617414 dur_us=0
FIG8_ATTENTION_EVENT mode=lut-exp layout=serial phase=warmup iteration=0 component=safe_sm component_id=5 lut_exp=1 scna_layout=0 scna_width=0 qo_len=4 kv_len=4096 n_heads=12 n_kv_heads=2 head_dim=128 kv_head=0 worker=0 block_r=0 block_c=2560 t0_us=261141617414 t1_us=261141617436 dur_us=21
FIG8_ATTENTION_EVENT mode=lut-exp layout=serial phase=warmup iteration=0 component=v_load component_id=3 lut_exp=1 scna_layout=0 scna_width=0 qo_len=4 kv_len=4096 n_heads=12 n_kv_heads=2 head_dim=128 kv_head=0 worker=0 block_r=0 block_c=2560 t0_us=261141617436 t1_us=261141617482 dur_us=46
FIG8_ATTENTION_EVENT mode=lut-exp layout=serial phase=warmup iteration=0 component=core_acc component_id=6 lut_exp=1 scna_layout=0 scna_width=0 qo_len=4 kv_len=4096 n_heads=12 n_kv_heads=2 head_dim=128 kv_head=0 worker=0 block_r=0 block_c=2560 t0_us=261141617482 t1_us=261141617483 dur_us=0
FIG8_ATTENTION_EVENT mode=lut-exp layout=serial phase=warmup iteration=0 component=k_load component_id=2 lut_exp=1 scna_layout=0 scna_width=0 qo_len=4 kv_len=4096 n_heads=12 n_kv_heads=2 head_dim=128 kv_head=0 worker=0 block_r=0 block_c=3840 t0_us=261141617483 t1_us=261141617487 dur_us=4
FIG8_ATTENTION_EVENT mode=lut-exp layout=serial phase=warmup iteration=0 component=qk_dot component_id=4 lut_exp=1 scna_layout=0 scna_width=0 qo_len=4 kv_len=4096 n_heads=12 n_kv_heads=2 head_dim=128 kv_head=0 worker=0 block_r=0 block_c=3840 t0_us=261141617487 t1_us=261141617487 dur_us=0
FIG8_ATTENTION_EVENT mode=lut-exp layout=serial phase=warmup iteration=0 component=safe_sm component_id=5 lut_exp=1 scna_layout=0 scna_width=0 qo_len=4 kv_len=4096 n_heads=12 n_kv_heads=2 head_dim=128 kv_head=0 worker=0 block_r=0 block_c=3840 t0_us=261141617487 t1_us=261141617494 dur_us=6
FIG8_ATTENTION_EVENT mode=lut-exp layout=serial phase=warmup iteration=0 component=v_load component_id=3 lut_exp=1 scna_layout=0 scna_width=0 qo_len=4 kv_len=4096 n_heads=12 n_kv_heads=2 head_dim=128 kv_head=0 worker=0 block_r=0 block_c=3840 t0_us=261141617494 t1_us=261141617496 dur_us=2
FIG8_ATTENTION_EVENT mode=lut-exp layout=serial phase=warmup iteration=0 component=core_acc component_id=6 lut_exp=1 scna_layout=0 scna_width=0 qo_len=4 kv_len=4096 n_heads=12 n_kv_heads=2 head_dim=128 kv_head=0 worker=0 block_r=0 block_c=3840 t0_us=261141617496 t1_us=261141617496 dur_us=0
FIG8_ATTENTION_EVENT mode=lut-exp layout=serial phase=warmup iteration=0 component=o_scale component_id=7 lut_exp=1 scna_layout=0 scna_width=0 qo_len=4 kv_len=4096 n_heads=12 n_kv_heads=2 head_dim=128 kv_head=0 worker=0 block_r=0 block_c=-1 t0_us=261141617497 t1_us=261141617498 dur_us=1
FIG8_ATTENTION_EVENT mode=lut-exp layout=serial phase=warmup iteration=0 component=o_store component_id=8 lut_exp=1 scna_layout=0 scna_width=0 qo_len=4 kv_len=4096 n_heads=12 n_kv_heads=2 head_dim=128 kv_head=0 worker=0 block_r=0 block_c=-1 t0_us=261141617498 t1_us=261141617500 dur_us=2
FIG8_ATTENTION_EVENT mode=lut-exp layout=serial phase=warmup iteration=0 component=q_load component_id=1 lut_exp=1 scna_layout=0 scna_width=0 qo_len=4 kv_len=4096 n_heads=12 n_kv_heads=2 head_dim=128 kv_head=1 worker=0 block_r=0 block_c=-1 t0_us=261141617547 t1_us=261141617548 dur_us=1
FIG8_ATTENTION_EVENT mode=lut-exp layout=serial phase=warmup iteration=0 component=k_load component_id=2 lut_exp=1 scna_layout=0 scna_width=0 qo_len=4 kv_len=4096 n_heads=12 n_kv_heads=2 head_dim=128 kv_head=1 worker=0 block_r=0 block_c=0 t0_us=261141617549 t1_us=261141617571 dur_us=21
FIG8_ATTENTION_EVENT mode=lut-exp layout=serial phase=warmup iteration=0 component=qk_dot component_id=4 lut_exp=1 scna_layout=0 scna_width=0 qo_len=4 kv_len=4096 n_heads=12 n_kv_heads=2 head_dim=128 kv_head=1 worker=0 block_r=0 block_c=0 t0_us=261141617571 t1_us=261141617572 dur_us=1
FIG8_ATTENTION_EVENT mode=lut-exp layout=serial phase=warmup iteration=0 component=safe_sm component_id=5 lut_exp=1 scna_layout=0 scna_width=0 qo_len=4 kv_len=4096 n_heads=12 n_kv_heads=2 head_dim=128 kv_head=1 worker=0 block_r=0 block_c=0 t0_us=261141617572 t1_us=261141617594 dur_us=21
FIG8_ATTENTION_EVENT mode=lut-exp layout=serial phase=warmup iteration=0 component=v_load component_id=3 lut_exp=1 scna_layout=0 scna_width=0 qo_len=4 kv_len=4096 n_heads=12 n_kv_heads=2 head_dim=128 kv_head=1 worker=0 block_r=0 block_c=0 t0_us=261141617594 t1_us=261141617620 dur_us=25
FIG8_ATTENTION_EVENT mode=lut-exp layout=serial phase=warmup iteration=0 component=core_acc component_id=6 lut_exp=1 scna_layout=0 scna_width=0 qo_len=4 kv_len=4096 n_heads=12 n_kv_heads=2 head_dim=128 kv_head=1 worker=0 block_r=0 block_c=0 t0_us=261141617620 t1_us=261141617622 dur_us=2
FIG8_ATTENTION_EVENT mode=lut-exp layout=serial phase=warmup iteration=0 component=k_load component_id=2 lut_exp=1 scna_layout=0 scna_width=0 qo_len=4 kv_len=4096 n_heads=12 n_kv_heads=2 head_dim=128 kv_head=1 worker=0 block_r=0 block_c=1280 t0_us=261141617623 t1_us=261141617644 dur_us=21
FIG8_ATTENTION_EVENT mode=lut-exp layout=serial phase=warmup iteration=0 component=qk_dot component_id=4 lut_exp=1 scna_layout=0 scna_width=0 qo_len=4 kv_len=4096 n_heads=12 n_kv_heads=2 head_dim=128 kv_head=1 worker=0 block_r=0 block_c=1280 t0_us=261141617644 t1_us=261141617645 dur_us=0
FIG8_ATTENTION_EVENT mode=lut-exp layout=serial phase=warmup iteration=0 component=safe_sm component_id=5 lut_exp=1 scna_layout=0 scna_width=0 qo_len=4 kv_len=4096 n_heads=12 n_kv_heads=2 head_dim=128 kv_head=1 worker=0 block_r=0 block_c=1280 t0_us=261141617645 t1_us=261141617666 dur_us=21
FIG8_ATTENTION_EVENT mode=lut-exp layout=serial phase=warmup iteration=0 component=v_load component_id=3 lut_exp=1 scna_layout=0 scna_width=0 qo_len=4 kv_len=4096 n_heads=12 n_kv_heads=2 head_dim=128 kv_head=1 worker=0 block_r=0 block_c=1280 t0_us=261141617666 t1_us=261141617712 dur_us=45
FIG8_ATTENTION_EVENT mode=lut-exp layout=serial phase=warmup iteration=0 component=core_acc component_id=6 lut_exp=1 scna_layout=0 scna_width=0 qo_len=4 kv_len=4096 n_heads=12 n_kv_heads=2 head_dim=128 kv_head=1 worker=0 block_r=0 block_c=1280 t0_us=261141617712 t1_us=261141617712 dur_us=0
FIG8_ATTENTION_EVENT mode=lut-exp layout=serial phase=warmup iteration=0 component=k_load component_id=2 lut_exp=1 scna_layout=0 scna_width=0 qo_len=4 kv_len=4096 n_heads=12 n_kv_heads=2 head_dim=128 kv_head=1 worker=0 block_r=0 block_c=2560 t0_us=261141617712 t1_us=261141617733 dur_us=20
FIG8_ATTENTION_EVENT mode=lut-exp layout=serial phase=warmup iteration=0 component=qk_dot component_id=4 lut_exp=1 scna_layout=0 scna_width=0 qo_len=4 kv_len=4096 n_heads=12 n_kv_heads=2 head_dim=128 kv_head=1 worker=0 block_r=0 block_c=2560 t0_us=261141617733 t1_us=261141617733 dur_us=0
FIG8_ATTENTION_EVENT mode=lut-exp layout=serial phase=warmup iteration=0 component=safe_sm component_id=5 lut_exp=1 scna_layout=0 scna_width=0 qo_len=4 kv_len=4096 n_heads=12 n_kv_heads=2 head_dim=128 kv_head=1 worker=0 block_r=0 block_c=2560 t0_us=261141617733 t1_us=261141617755 dur_us=21
FIG8_ATTENTION_EVENT mode=lut-exp layout=serial phase=warmup iteration=0 component=v_load component_id=3 lut_exp=1 scna_layout=0 scna_width=0 qo_len=4 kv_len=4096 n_heads=12 n_kv_heads=2 head_dim=128 kv_head=1 worker=0 block_r=0 block_c=2560 t0_us=261141617755 t1_us=261141617791 dur_us=35
FIG8_ATTENTION_EVENT mode=lut-exp layout=serial phase=warmup iteration=0 component=core_acc component_id=6 lut_exp=1 scna_layout=0 scna_width=0 qo_len=4 kv_len=4096 n_heads=12 n_kv_heads=2 head_dim=128 kv_head=1 worker=0 block_r=0 block_c=2560 t0_us=261141617791 t1_us=261141617791 dur_us=0
FIG8_ATTENTION_EVENT mode=lut-exp layout=serial phase=warmup iteration=0 component=k_load component_id=2 lut_exp=1 scna_layout=0 scna_width=0 qo_len=4 kv_len=4096 n_heads=12 n_kv_heads=2 head_dim=128 kv_head=1 worker=0 block_r=0 block_c=3840 t0_us=261141617791 t1_us=261141617796 dur_us=4
FIG8_ATTENTION_EVENT mode=lut-exp layout=serial phase=warmup iteration=0 component=qk_dot component_id=4 lut_exp=1 scna_layout=0 scna_width=0 qo_len=4 kv_len=4096 n_heads=12 n_kv_heads=2 head_dim=128 kv_head=1 worker=0 block_r=0 block_c=3840 t0_us=261141617796 t1_us=261141617796 dur_us=0
FIG8_ATTENTION_EVENT mode=lut-exp layout=serial phase=warmup iteration=0 component=safe_sm component_id=5 lut_exp=1 scna_layout=0 scna_width=0 qo_len=4 kv_len=4096 n_heads=12 n_kv_heads=2 head_dim=128 kv_head=1 worker=0 block_r=0 block_c=3840 t0_us=261141617796 t1_us=261141617802 dur_us=6
FIG8_ATTENTION_EVENT mode=lut-exp layout=serial phase=warmup iteration=0 component=v_load component_id=3 lut_exp=1 scna_layout=0 scna_width=0 qo_len=4 kv_len=4096 n_heads=12 n_kv_heads=2 head_dim=128 kv_head=1 worker=0 block_r=0 block_c=3840 t0_us=261141617802 t1_us=261141617805 dur_us=2
FIG8_ATTENTION_EVENT mode=lut-exp layout=serial phase=warmup iteration=0 component=core_acc component_id=6 lut_exp=1 scna_layout=0 scna_width=0 qo_len=4 kv_len=4096 n_heads=12 n_kv_heads=2 head_dim=128 kv_head=1 worker=0 block_r=0 block_c=3840 t0_us=261141617805 t1_us=261141617805 dur_us=0
FIG8_ATTENTION_EVENT mode=lut-exp layout=serial phase=warmup iteration=0 component=o_scale component_id=7 lut_exp=1 scna_layout=0 scna_width=0 qo_len=4 kv_len=4096 n_heads=12 n_kv_heads=2 head_dim=128 kv_head=1 worker=0 block_r=0 block_c=-1 t0_us=261141617805 t1_us=261141617807 dur_us=2
FIG8_ATTENTION_EVENT mode=lut-exp layout=serial phase=warmup iteration=0 component=o_store component_id=8 lut_exp=1 scna_layout=0 scna_width=0 qo_len=4 kv_len=4096 n_heads=12 n_kv_heads=2 head_dim=128 kv_head=1 worker=0 block_r=0 block_c=-1 t0_us=261141617808 t1_us=261141617810 dur_us=2
FIG8_ATTENTION_EVENT mode=lut-exp layout=serial phase=warmup iteration=0 component=q_load component_id=1 lut_exp=1 scna_layout=0 scna_width=0 qo_len=4 kv_len=4096 n_heads=12 n_kv_heads=2 head_dim=128 kv_head=0 worker=0 block_r=0 block_c=-1 t0_us=261141617855 t1_us=261141617857 dur_us=1
FIG8_ATTENTION_EVENT mode=lut-exp layout=serial phase=warmup iteration=0 component=k_load component_id=2 lut_exp=1 scna_layout=0 scna_width=0 qo_len=4 kv_len=4096 n_heads=12 n_kv_heads=2 head_dim=128 kv_head=0 worker=0 block_r=0 block_c=0 t0_us=261141617858 t1_us=261141617879 dur_us=21
FIG8_ATTENTION_EVENT mode=lut-exp layout=serial phase=warmup iteration=0 component=qk_dot component_id=4 lut_exp=1 scna_layout=0 scna_width=0 qo_len=4 kv_len=4096 n_heads=12 n_kv_heads=2 head_dim=128 kv_head=0 worker=0 block_r=0 block_c=0 t0_us=261141617879 t1_us=261141617880 dur_us=0
FIG8_ATTENTION_EVENT mode=lut-exp layout=serial phase=warmup iteration=0 component=safe_sm component_id=5 lut_exp=1 scna_layout=0 scna_width=0 qo_len=4 kv_len=4096 n_heads=12 n_kv_heads=2 head_dim=128 kv_head=0 worker=0 block_r=0 block_c=0 t0_us=261141617881 t1_us=261141617902 dur_us=21
FIG8_ATTENTION_EVENT mode=lut-exp layout=serial phase=warmup iteration=0 component=v_load component_id=3 lut_exp=1 scna_layout=0 scna_width=0 qo_len=4 kv_len=4096 n_heads=12 n_kv_heads=2 head_dim=128 kv_head=0 worker=0 block_r=0 block_c=0 t0_us=261141617903 t1_us=261141617924 dur_us=21
FIG8_ATTENTION_EVENT mode=lut-exp layout=serial phase=warmup iteration=0 component=core_acc component_id=6 lut_exp=1 scna_layout=0 scna_width=0 qo_len=4 kv_len=4096 n_heads=12 n_kv_heads=2 head_dim=128 kv_head=0 worker=0 block_r=0 block_c=0 t0_us=261141617924 t1_us=261141617927 dur_us=2
FIG8_ATTENTION_EVENT mode=lut-exp layout=serial phase=warmup iteration=0 component=k_load component_id=2 lut_exp=1 scna_layout=0 scna_width=0 qo_len=4 kv_len=4096 n_heads=12 n_kv_heads=2 head_dim=128 kv_head=0 worker=0 block_r=0 block_c=1280 t0_us=261141617927 t1_us=261141617950 dur_us=22
FIG8_ATTENTION_EVENT mode=lut-exp layout=serial phase=warmup iteration=0 component=qk_dot component_id=4 lut_exp=1 scna_layout=0 scna_width=0 qo_len=4 kv_len=4096 n_heads=12 n_kv_heads=2 head_dim=128 kv_head=0 worker=0 block_r=0 block_c=1280 t0_us=261141617950 t1_us=261141617951 dur_us=0
FIG8_ATTENTION_EVENT mode=lut-exp layout=serial phase=warmup iteration=0 component=safe_sm component_id=5 lut_exp=1 scna_layout=0 scna_width=0 qo_len=4 kv_len=4096 n_heads=12 n_kv_heads=2 head_dim=128 kv_head=0 worker=0 block_r=0 block_c=1280 t0_us=261141617951 t1_us=261141617971 dur_us=20
FIG8_ATTENTION_EVENT mode=lut-exp layout=serial phase=warmup iteration=0 component=v_load component_id=3 lut_exp=1 scna_layout=0 scna_width=0 qo_len=4 kv_len=4096 n_heads=12 n_kv_heads=2 head_dim=128 kv_head=0 worker=0 block_r=0 block_c=1280 t0_us=261141617972 t1_us=261141618001 dur_us=29
FIG8_ATTENTION_EVENT mode=lut-exp layout=serial phase=warmup iteration=0 component=core_acc component_id=6 lut_exp=1 scna_layout=0 scna_width=0 qo_len=4 kv_len=4096 n_heads=12 n_kv_heads=2 head_dim=128 kv_head=0 worker=0 block_r=0 block_c=1280 t0_us=261141618001 t1_us=261141618002 dur_us=0
FIG8_ATTENTION_EVENT mode=lut-exp layout=serial phase=warmup iteration=0 component=k_load component_id=2 lut_exp=1 scna_layout=0 scna_width=0 qo_len=4 kv_len=4096 n_heads=12 n_kv_heads=2 head_dim=128 kv_head=0 worker=0 block_r=0 block_c=2560 t0_us=261141618002 t1_us=261141618022 dur_us=20
FIG8_ATTENTION_EVENT mode=lut-exp layout=serial phase=warmup iteration=0 component=qk_dot component_id=4 lut_exp=1 scna_layout=0 scna_width=0 qo_len=4 kv_len=4096 n_heads=12 n_kv_heads=2 head_dim=128 kv_head=0 worker=0 block_r=0 block_c=2560 t0_us=261141618022 t1_us=261141618023 dur_us=0
FIG8_ATTENTION_EVENT mode=lut-exp layout=serial phase=warmup iteration=0 component=safe_sm component_id=5 lut_exp=1 scna_layout=0 scna_width=0 qo_len=4 kv_len=4096 n_heads=12 n_kv_heads=2 head_dim=128 kv_head=0 worker=0 block_r=0 block_c=2560 t0_us=261141618023 t1_us=261141618045 dur_us=21
FIG8_ATTENTION_EVENT mode=lut-exp layout=serial phase=warmup iteration=0 component=v_load component_id=3 lut_exp=1 scna_layout=0 scna_width=0 qo_len=4 kv_len=4096 n_heads=12 n_kv_heads=2 head_dim=128 kv_head=0 worker=0 block_r=0 block_c=2560 t0_us=261141618045 t1_us=261141618089 dur_us=43
FIG8_ATTENTION_EVENT mode=lut-exp layout=serial phase=warmup iteration=0 component=core_acc component_id=6 lut_exp=1 scna_layout=0 scna_width=0 qo_len=4 kv_len=4096 n_heads=12 n_kv_heads=2 head_dim=128 kv_head=0 worker=0 block_r=0 block_c=2560 t0_us=261141618089 t1_us=261141618089 dur_us=0
FIG8_ATTENTION_EVENT mode=lut-exp layout=serial phase=warmup iteration=0 component=k_load component_id=2 lut_exp=1 scna_layout=0 scna_width=0 qo_len=4 kv_len=4096 n_heads=12 n_kv_heads=2 head_dim=128 kv_head=0 worker=0 block_r=0 block_c=3840 t0_us=261141618090 t1_us=261141618094 dur_us=4
FIG8_ATTENTION_EVENT mode=lut-exp layout=serial phase=warmup iteration=0 component=qk_dot component_id=4 lut_exp=1 scna_layout=0 scna_width=0 qo_len=4 kv_len=4096 n_heads=12 n_kv_heads=2 head_dim=128 kv_head=0 worker=0 block_r=0 block_c=3840 t0_us=261141618094 t1_us=261141618094 dur_us=0
FIG8_ATTENTION_EVENT mode=lut-exp layout=serial phase=warmup iteration=0 component=safe_sm component_id=5 lut_exp=1 scna_layout=0 scna_width=0 qo_len=4 kv_len=4096 n_heads=12 n_kv_heads=2 head_dim=128 kv_head=0 worker=0 block_r=0 block_c=3840 t0_us=261141618094 t1_us=261141618101 dur_us=6
FIG8_ATTENTION_EVENT mode=lut-exp layout=serial phase=warmup iteration=0 component=v_load component_id=3 lut_exp=1 scna_layout=0 scna_width=0 qo_len=4 kv_len=4096 n_heads=12 n_kv_heads=2 head_dim=128 kv_head=0 worker=0 block_r=0 block_c=3840 t0_us=261141618101 t1_us=261141618103 dur_us=2
FIG8_ATTENTION_EVENT mode=lut-exp layout=serial phase=warmup iteration=0 component=core_acc component_id=6 lut_exp=1 scna_layout=0 scna_width=0 qo_len=4 kv_len=4096 n_heads=12 n_kv_heads=2 head_dim=128 kv_head=0 worker=0 block_r=0 block_c=3840 t0_us=261141618103 t1_us=261141618103 dur_us=0
FIG8_ATTENTION_EVENT mode=lut-exp layout=serial phase=warmup iteration=0 component=o_scale component_id=7 lut_exp=1 scna_layout=0 scna_width=0 qo_len=4 kv_len=4096 n_heads=12 n_kv_heads=2 head_dim=128 kv_head=0 worker=0 block_r=0 block_c=-1 t0_us=261141618104 t1_us=261141618106 dur_us=2
FIG8_ATTENTION_EVENT mode=lut-exp layout=serial phase=warmup iteration=0 component=o_store component_id=8 lut_exp=1 scna_layout=0 scna_width=0 qo_len=4 kv_len=4096 n_heads=12 n_kv_heads=2 head_dim=128 kv_head=0 worker=0 block_r=0 block_c=-1 t0_us=261141618106 t1_us=261141618109 dur_us=3
FIG8_ATTENTION_EVENT mode=lut-exp layout=serial phase=warmup iteration=0 component=q_load component_id=1 lut_exp=1 scna_layout=0 scna_width=0 qo_len=4 kv_len=4096 n_heads=12 n_kv_heads=2 head_dim=128 kv_head=1 worker=0 block_r=0 block_c=-1 t0_us=261141618154 t1_us=261141618156 dur_us=1
FIG8_ATTENTION_EVENT mode=lut-exp layout=serial phase=warmup iteration=0 component=k_load component_id=2 lut_exp=1 scna_layout=0 scna_width=0 qo_len=4 kv_len=4096 n_heads=12 n_kv_heads=2 head_dim=128 kv_head=1 worker=0 block_r=0 block_c=0 t0_us=261141618157 t1_us=261141618178 dur_us=21
FIG8_ATTENTION_EVENT mode=lut-exp layout=serial phase=warmup iteration=0 component=qk_dot component_id=4 lut_exp=1 scna_layout=0 scna_width=0 qo_len=4 kv_len=4096 n_heads=12 n_kv_heads=2 head_dim=128 kv_head=1 worker=0 block_r=0 block_c=0 t0_us=261141618178 t1_us=261141618180 dur_us=1
FIG8_ATTENTION_EVENT mode=lut-exp layout=serial phase=warmup iteration=0 component=safe_sm component_id=5 lut_exp=1 scna_layout=0 scna_width=0 qo_len=4 kv_len=4096 n_heads=12 n_kv_heads=2 head_dim=128 kv_head=1 worker=0 block_r=0 block_c=0 t0_us=261141618180 t1_us=261141618201 dur_us=20
FIG8_ATTENTION_EVENT mode=lut-exp layout=serial phase=warmup iteration=0 component=v_load component_id=3 lut_exp=1 scna_layout=0 scna_width=0 qo_len=4 kv_len=4096 n_heads=12 n_kv_heads=2 head_dim=128 kv_head=1 worker=0 block_r=0 block_c=0 t0_us=261141618201 t1_us=261141618228 dur_us=27
FIG8_ATTENTION_EVENT mode=lut-exp layout=serial phase=warmup iteration=0 component=core_acc component_id=6 lut_exp=1 scna_layout=0 scna_width=0 qo_len=4 kv_len=4096 n_heads=12 n_kv_heads=2 head_dim=128 kv_head=1 worker=0 block_r=0 block_c=0 t0_us=261141618229 t1_us=261141618231 dur_us=2
FIG8_ATTENTION_EVENT mode=lut-exp layout=serial phase=warmup iteration=0 component=k_load component_id=2 lut_exp=1 scna_layout=0 scna_width=0 qo_len=4 kv_len=4096 n_heads=12 n_kv_heads=2 head_dim=128 kv_head=1 worker=0 block_r=0 block_c=1280 t0_us=261141618231 t1_us=261141618253 dur_us=21
FIG8_ATTENTION_EVENT mode=lut-exp layout=serial phase=warmup iteration=0 component=qk_dot component_id=4 lut_exp=1 scna_layout=0 scna_width=0 qo_len=4 kv_len=4096 n_heads=12 n_kv_heads=2 head_dim=128 kv_head=1 worker=0 block_r=0 block_c=1280 t0_us=261141618253 t1_us=261141618254 dur_us=0
FIG8_ATTENTION_EVENT mode=lut-exp layout=serial phase=warmup iteration=0 component=safe_sm component_id=5 lut_exp=1 scna_layout=0 scna_width=0 qo_len=4 kv_len=4096 n_heads=12 n_kv_heads=2 head_dim=128 kv_head=1 worker=0 block_r=0 block_c=1280 t0_us=261141618254 t1_us=261141618275 dur_us=20
FIG8_ATTENTION_EVENT mode=lut-exp layout=serial phase=warmup iteration=0 component=v_load component_id=3 lut_exp=1 scna_layout=0 scna_width=0 qo_len=4 kv_len=4096 n_heads=12 n_kv_heads=2 head_dim=128 kv_head=1 worker=0 block_r=0 block_c=1280 t0_us=261141618275 t1_us=261141618315 dur_us=40
FIG8_ATTENTION_EVENT mode=lut-exp layout=serial phase=warmup iteration=0 component=core_acc component_id=6 lut_exp=1 scna_layout=0 scna_width=0 qo_len=4 kv_len=4096 n_heads=12 n_kv_heads=2 head_dim=128 kv_head=1 worker=0 block_r=0 block_c=1280 t0_us=261141618315 t1_us=261141618316 dur_us=0
FIG8_ATTENTION_EVENT mode=lut-exp layout=serial phase=warmup iteration=0 component=k_load component_id=2 lut_exp=1 scna_layout=0 scna_width=0 qo_len=4 kv_len=4096 n_heads=12 n_kv_heads=2 head_dim=128 kv_head=1 worker=0 block_r=0 block_c=2560 t0_us=261141618316 t1_us=261141618335 dur_us=19
FIG8_ATTENTION_EVENT mode=lut-exp layout=serial phase=warmup iteration=0 component=qk_dot component_id=4 lut_exp=1 scna_layout=0 scna_width=0 qo_len=4 kv_len=4096 n_heads=12 n_kv_heads=2 head_dim=128 kv_head=1 worker=0 block_r=0 block_c=2560 t0_us=261141618335 t1_us=261141618336 dur_us=0
FIG8_ATTENTION_EVENT mode=lut-exp layout=serial phase=warmup iteration=0 component=safe_sm component_id=5 lut_exp=1 scna_layout=0 scna_width=0 qo_len=4 kv_len=4096 n_heads=12 n_kv_heads=2 head_dim=128 kv_head=1 worker=0 block_r=0 block_c=2560 t0_us=261141618336 t1_us=261141618358 dur_us=21
FIG8_ATTENTION_EVENT mode=lut-exp layout=serial phase=warmup iteration=0 component=v_load component_id=3 lut_exp=1 scna_layout=0 scna_width=0 qo_len=4 kv_len=4096 n_heads=12 n_kv_heads=2 head_dim=128 kv_head=1 worker=0 block_r=0 block_c=2560 t0_us=261141618358 t1_us=261141618394 dur_us=35
FIG8_ATTENTION_EVENT mode=lut-exp layout=serial phase=warmup iteration=0 component=core_acc component_id=6 lut_exp=1 scna_layout=0 scna_width=0 qo_len=4 kv_len=4096 n_heads=12 n_kv_heads=2 head_dim=128 kv_head=1 worker=0 block_r=0 block_c=2560 t0_us=261141618394 t1_us=261141618394 dur_us=0
FIG8_ATTENTION_EVENT mode=lut-exp layout=serial phase=warmup iteration=0 component=k_load component_id=2 lut_exp=1 scna_layout=0 scna_width=0 qo_len=4 kv_len=4096 n_heads=12 n_kv_heads=2 head_dim=128 kv_head=1 worker=0 block_r=0 block_c=3840 t0_us=261141618395 t1_us=261141618399 dur_us=4
FIG8_ATTENTION_EVENT mode=lut-exp layout=serial phase=warmup iteration=0 component=qk_dot component_id=4 lut_exp=1 scna_layout=0 scna_width=0 qo_len=4 kv_len=4096 n_heads=12 n_kv_heads=2 head_dim=128 kv_head=1 worker=0 block_r=0 block_c=3840 t0_us=261141618399 t1_us=261141618399 dur_us=0
FIG8_ATTENTION_EVENT mode=lut-exp layout=serial phase=warmup iteration=0 component=safe_sm component_id=5 lut_exp=1 scna_layout=0 scna_width=0 qo_len=4 kv_len=4096 n_heads=12 n_kv_heads=2 head_dim=128 kv_head=1 worker=0 block_r=0 block_c=3840 t0_us=261141618399 t1_us=261141618406 dur_us=6
FIG8_ATTENTION_EVENT mode=lut-exp layout=serial phase=warmup iteration=0 component=v_load component_id=3 lut_exp=1 scna_layout=0 scna_width=0 qo_len=4 kv_len=4096 n_heads=12 n_kv_heads=2 head_dim=128 kv_head=1 worker=0 block_r=0 block_c=3840 t0_us=261141618406 t1_us=261141618408 dur_us=2
FIG8_ATTENTION_EVENT mode=lut-exp layout=serial phase=warmup iteration=0 component=core_acc component_id=6 lut_exp=1 scna_layout=0 scna_width=0 qo_len=4 kv_len=4096 n_heads=12 n_kv_heads=2 head_dim=128 kv_head=1 worker=0 block_r=0 block_c=3840 t0_us=261141618408 t1_us=261141618408 dur_us=0
FIG8_ATTENTION_EVENT mode=lut-exp layout=serial phase=warmup iteration=0 component=o_scale component_id=7 lut_exp=1 scna_layout=0 scna_width=0 qo_len=4 kv_len=4096 n_heads=12 n_kv_heads=2 head_dim=128 kv_head=1 worker=0 block_r=0 block_c=-1 t0_us=261141618409 t1_us=261141618411 dur_us=2
FIG8_ATTENTION_EVENT mode=lut-exp layout=serial phase=warmup iteration=0 component=o_store component_id=8 lut_exp=1 scna_layout=0 scna_width=0 qo_len=4 kv_len=4096 n_heads=12 n_kv_heads=2 head_dim=128 kv_head=1 worker=0 block_r=0 block_c=-1 t0_us=261141618411 t1_us=261141618414 dur_us=2
FIG8_ATTENTION_EVENT mode=lut-exp layout=serial phase=warmup iteration=0 component=q_load component_id=1 lut_exp=1 scna_layout=0 scna_width=0 qo_len=4 kv_len=4096 n_heads=12 n_kv_heads=2 head_dim=128 kv_head=0 worker=0 block_r=0 block_c=-1 t0_us=261141618457 t1_us=261141618459 dur_us=1
FIG8_ATTENTION_EVENT mode=lut-exp layout=serial phase=warmup iteration=0 component=k_load component_id=2 lut_exp=1 scna_layout=0 scna_width=0 qo_len=4 kv_len=4096 n_heads=12 n_kv_heads=2 head_dim=128 kv_head=0 worker=0 block_r=0 block_c=0 t0_us=261141618460 t1_us=261141618481 dur_us=20
FIG8_ATTENTION_EVENT mode=lut-exp layout=serial phase=warmup iteration=0 component=qk_dot component_id=4 lut_exp=1 scna_layout=0 scna_width=0 qo_len=4 kv_len=4096 n_heads=12 n_kv_heads=2 head_dim=128 kv_head=0 worker=0 block_r=0 block_c=0 t0_us=261141618481 t1_us=261141618482 dur_us=0
FIG8_ATTENTION_EVENT mode=lut-exp layout=serial phase=warmup iteration=0 component=safe_sm component_id=5 lut_exp=1 scna_layout=0 scna_width=0 qo_len=4 kv_len=4096 n_heads=12 n_kv_heads=2 head_dim=128 kv_head=0 worker=0 block_r=0 block_c=0 t0_us=261141618483 t1_us=261141618504 dur_us=20
FIG8_ATTENTION_EVENT mode=lut-exp layout=serial phase=warmup iteration=0 component=v_load component_id=3 lut_exp=1 scna_layout=0 scna_width=0 qo_len=4 kv_len=4096 n_heads=12 n_kv_heads=2 head_dim=128 kv_head=0 worker=0 block_r=0 block_c=0 t0_us=261141618505 t1_us=261141618528 dur_us=22
FIG8_ATTENTION_EVENT mode=lut-exp layout=serial phase=warmup iteration=0 component=core_acc component_id=6 lut_exp=1 scna_layout=0 scna_width=0 qo_len=4 kv_len=4096 n_heads=12 n_kv_heads=2 head_dim=128 kv_head=0 worker=0 block_r=0 block_c=0 t0_us=261141618528 t1_us=261141618531 dur_us=2
FIG8_ATTENTION_EVENT mode=lut-exp layout=serial phase=warmup iteration=0 component=k_load component_id=2 lut_exp=1 scna_layout=0 scna_width=0 qo_len=4 kv_len=4096 n_heads=12 n_kv_heads=2 head_dim=128 kv_head=0 worker=0 block_r=0 block_c=1280 t0_us=261141618531 t1_us=261141618552 dur_us=20
FIG8_ATTENTION_EVENT mode=lut-exp layout=serial phase=warmup iteration=0 component=qk_dot component_id=4 lut_exp=1 scna_layout=0 scna_width=0 qo_len=4 kv_len=4096 n_heads=12 n_kv_heads=2 head_dim=128 kv_head=0 worker=0 block_r=0 block_c=1280 t0_us=261141618552 t1_us=261141618553 dur_us=0
FIG8_ATTENTION_EVENT mode=lut-exp layout=serial phase=warmup iteration=0 component=safe_sm component_id=5 lut_exp=1 scna_layout=0 scna_width=0 qo_len=4 kv_len=4096 n_heads=12 n_kv_heads=2 head_dim=128 kv_head=0 worker=0 block_r=0 block_c=1280 t0_us=261141618553 t1_us=261141618574 dur_us=20
FIG8_ATTENTION_EVENT mode=lut-exp layout=serial phase=warmup iteration=0 component=v_load component_id=3 lut_exp=1 scna_layout=0 scna_width=0 qo_len=4 kv_len=4096 n_heads=12 n_kv_heads=2 head_dim=128 kv_head=0 worker=0 block_r=0 block_c=1280 t0_us=261141618574 t1_us=261141618608 dur_us=34
FIG8_ATTENTION_EVENT mode=lut-exp layout=serial phase=warmup iteration=0 component=core_acc component_id=6 lut_exp=1 scna_layout=0 scna_width=0 qo_len=4 kv_len=4096 n_heads=12 n_kv_heads=2 head_dim=128 kv_head=0 worker=0 block_r=0 block_c=1280 t0_us=261141618608 t1_us=261141618609 dur_us=0
FIG8_ATTENTION_EVENT mode=lut-exp layout=serial phase=warmup iteration=0 component=k_load component_id=2 lut_exp=1 scna_layout=0 scna_width=0 qo_len=4 kv_len=4096 n_heads=12 n_kv_heads=2 head_dim=128 kv_head=0 worker=0 block_r=0 block_c=2560 t0_us=261141618609 t1_us=261141618629 dur_us=20
FIG8_ATTENTION_EVENT mode=lut-exp layout=serial phase=warmup iteration=0 component=qk_dot component_id=4 lut_exp=1 scna_layout=0 scna_width=0 qo_len=4 kv_len=4096 n_heads=12 n_kv_heads=2 head_dim=128 kv_head=0 worker=0 block_r=0 block_c=2560 t0_us=261141618629 t1_us=261141618630 dur_us=0
FIG8_ATTENTION_EVENT mode=lut-exp layout=serial phase=warmup iteration=0 component=safe_sm component_id=5 lut_exp=1 scna_layout=0 scna_width=0 qo_len=4 kv_len=4096 n_heads=12 n_kv_heads=2 head_dim=128 kv_head=0 worker=0 block_r=0 block_c=2560 t0_us=261141618630 t1_us=261141618651 dur_us=21
FIG8_ATTENTION_EVENT mode=lut-exp layout=serial phase=warmup iteration=0 component=v_load component_id=3 lut_exp=1 scna_layout=0 scna_width=0 qo_len=4 kv_len=4096 n_heads=12 n_kv_heads=2 head_dim=128 kv_head=0 worker=0 block_r=0 block_c=2560 t0_us=261141618651 t1_us=261141618700 dur_us=48
FIG8_ATTENTION_EVENT mode=lut-exp layout=serial phase=warmup iteration=0 component=core_acc component_id=6 lut_exp=1 scna_layout=0 scna_width=0 qo_len=4 kv_len=4096 n_heads=12 n_kv_heads=2 head_dim=128 kv_head=0 worker=0 block_r=0 block_c=2560 t0_us=261141618700 t1_us=261141618701 dur_us=0
FIG8_ATTENTION_EVENT mode=lut-exp layout=serial phase=warmup iteration=0 component=k_load component_id=2 lut_exp=1 scna_layout=0 scna_width=0 qo_len=4 kv_len=4096 n_heads=12 n_kv_heads=2 head_dim=128 kv_head=0 worker=0 block_r=0 block_c=3840 t0_us=261141618701 t1_us=261141618705 dur_us=4
FIG8_ATTENTION_EVENT mode=lut-exp layout=serial phase=warmup iteration=0 component=qk_dot component_id=4 lut_exp=1 scna_layout=0 scna_width=0 qo_len=4 kv_len=4096 n_heads=12 n_kv_heads=2 head_dim=128 kv_head=0 worker=0 block_r=0 block_c=3840 t0_us=261141618705 t1_us=261141618705 dur_us=0
FIG8_ATTENTION_EVENT mode=lut-exp layout=serial phase=warmup iteration=0 component=safe_sm component_id=5 lut_exp=1 scna_layout=0 scna_width=0 qo_len=4 kv_len=4096 n_heads=12 n_kv_heads=2 head_dim=128 kv_head=0 worker=0 block_r=0 block_c=3840 t0_us=261141618705 t1_us=261141618712 dur_us=6
FIG8_ATTENTION_EVENT mode=lut-exp layout=serial phase=warmup iteration=0 component=v_load component_id=3 lut_exp=1 scna_layout=0 scna_width=0 qo_len=4 kv_len=4096 n_heads=12 n_kv_heads=2 head_dim=128 kv_head=0 worker=0 block_r=0 block_c=3840 t0_us=261141618712 t1_us=261141618714 dur_us=2
FIG8_ATTENTION_EVENT mode=lut-exp layout=serial phase=warmup iteration=0 component=core_acc component_id=6 lut_exp=1 scna_layout=0 scna_width=0 qo_len=4 kv_len=4096 n_heads=12 n_kv_heads=2 head_dim=128 kv_head=0 worker=0 block_r=0 block_c=3840 t0_us=261141618714 t1_us=261141618715 dur_us=0
FIG8_ATTENTION_EVENT mode=lut-exp layout=serial phase=warmup iteration=0 component=o_scale component_id=7 lut_exp=1 scna_layout=0 scna_width=0 qo_len=4 kv_len=4096 n_heads=12 n_kv_heads=2 head_dim=128 kv_head=0 worker=0 block_r=0 block_c=-1 t0_us=261141618715 t1_us=261141618717 dur_us=2
FIG8_ATTENTION_EVENT mode=lut-exp layout=serial phase=warmup iteration=0 component=o_store component_id=8 lut_exp=1 scna_layout=0 scna_width=0 qo_len=4 kv_len=4096 n_heads=12 n_kv_heads=2 head_dim=128 kv_head=0 worker=0 block_r=0 block_c=-1 t0_us=261141618717 t1_us=261141618720 dur_us=2
FIG8_ATTENTION_EVENT mode=lut-exp layout=serial phase=warmup iteration=0 component=q_load component_id=1 lut_exp=1 scna_layout=0 scna_width=0 qo_len=4 kv_len=4096 n_heads=12 n_kv_heads=2 head_dim=128 kv_head=1 worker=0 block_r=0 block_c=-1 t0_us=261141618766 t1_us=261141618767 dur_us=1
FIG8_ATTENTION_EVENT mode=lut-exp layout=serial phase=warmup iteration=0 component=k_load component_id=2 lut_exp=1 scna_layout=0 scna_width=0 qo_len=4 kv_len=4096 n_heads=12 n_kv_heads=2 head_dim=128 kv_head=1 worker=0 block_r=0 block_c=0 t0_us=261141618768 t1_us=261141618790 dur_us=21
FIG8_ATTENTION_EVENT mode=lut-exp layout=serial phase=warmup iteration=0 component=qk_dot component_id=4 lut_exp=1 scna_layout=0 scna_width=0 qo_len=4 kv_len=4096 n_heads=12 n_kv_heads=2 head_dim=128 kv_head=1 worker=0 block_r=0 block_c=0 t0_us=261141618790 t1_us=261141618792 dur_us=1
FIG8_ATTENTION_EVENT mode=lut-exp layout=serial phase=warmup iteration=0 component=safe_sm component_id=5 lut_exp=1 scna_layout=0 scna_width=0 qo_len=4 kv_len=4096 n_heads=12 n_kv_heads=2 head_dim=128 kv_head=1 worker=0 block_r=0 block_c=0 t0_us=261141618792 t1_us=261141618812 dur_us=20
FIG8_ATTENTION_EVENT mode=lut-exp layout=serial phase=warmup iteration=0 component=v_load component_id=3 lut_exp=1 scna_layout=0 scna_width=0 qo_len=4 kv_len=4096 n_heads=12 n_kv_heads=2 head_dim=128 kv_head=1 worker=0 block_r=0 block_c=0 t0_us=261141618812 t1_us=261141618840 dur_us=27
FIG8_ATTENTION_EVENT mode=lut-exp layout=serial phase=warmup iteration=0 component=core_acc component_id=6 lut_exp=1 scna_layout=0 scna_width=0 qo_len=4 kv_len=4096 n_heads=12 n_kv_heads=2 head_dim=128 kv_head=1 worker=0 block_r=0 block_c=0 t0_us=261141618840 t1_us=261141618843 dur_us=2
FIG8_ATTENTION_EVENT mode=lut-exp layout=serial phase=warmup iteration=0 component=k_load component_id=2 lut_exp=1 scna_layout=0 scna_width=0 qo_len=4 kv_len=4096 n_heads=12 n_kv_heads=2 head_dim=128 kv_head=1 worker=0 block_r=0 block_c=1280 t0_us=261141618843 t1_us=261141618864 dur_us=21
FIG8_ATTENTION_EVENT mode=lut-exp layout=serial phase=warmup iteration=0 component=qk_dot component_id=4 lut_exp=1 scna_layout=0 scna_width=0 qo_len=4 kv_len=4096 n_heads=12 n_kv_heads=2 head_dim=128 kv_head=1 worker=0 block_r=0 block_c=1280 t0_us=261141618864 t1_us=261141618865 dur_us=0
FIG8_ATTENTION_EVENT mode=lut-exp layout=serial phase=warmup iteration=0 component=safe_sm component_id=5 lut_exp=1 scna_layout=0 scna_width=0 qo_len=4 kv_len=4096 n_heads=12 n_kv_heads=2 head_dim=128 kv_head=1 worker=0 block_r=0 block_c=1280 t0_us=261141618865 t1_us=261141618886 dur_us=20
FIG8_ATTENTION_EVENT mode=lut-exp layout=serial phase=warmup iteration=0 component=v_load component_id=3 lut_exp=1 scna_layout=0 scna_width=0 qo_len=4 kv_len=4096 n_heads=12 n_kv_heads=2 head_dim=128 kv_head=1 worker=0 block_r=0 block_c=1280 t0_us=261141618886 t1_us=261141618919 dur_us=33
FIG8_ATTENTION_EVENT mode=lut-exp layout=serial phase=warmup iteration=0 component=core_acc component_id=6 lut_exp=1 scna_layout=0 scna_width=0 qo_len=4 kv_len=4096 n_heads=12 n_kv_heads=2 head_dim=128 kv_head=1 worker=0 block_r=0 block_c=1280 t0_us=261141618919 t1_us=261141618919 dur_us=0
FIG8_ATTENTION_EVENT mode=lut-exp layout=serial phase=warmup iteration=0 component=k_load component_id=2 lut_exp=1 scna_layout=0 scna_width=0 qo_len=4 kv_len=4096 n_heads=12 n_kv_heads=2 head_dim=128 kv_head=1 worker=0 block_r=0 block_c=2560 t0_us=261141618919 t1_us=261141618940 dur_us=20
FIG8_ATTENTION_EVENT mode=lut-exp layout=serial phase=warmup iteration=0 component=qk_dot component_id=4 lut_exp=1 scna_layout=0 scna_width=0 qo_len=4 kv_len=4096 n_heads=12 n_kv_heads=2 head_dim=128 kv_head=1 worker=0 block_r=0 block_c=2560 t0_us=261141618940 t1_us=261141618940 dur_us=0
FIG8_ATTENTION_EVENT mode=lut-exp layout=serial phase=warmup iteration=0 component=safe_sm component_id=5 lut_exp=1 scna_layout=0 scna_width=0 qo_len=4 kv_len=4096 n_heads=12 n_kv_heads=2 head_dim=128 kv_head=1 worker=0 block_r=0 block_c=2560 t0_us=261141618940 t1_us=261141618962 dur_us=22
FIG8_ATTENTION_EVENT mode=lut-exp layout=serial phase=warmup iteration=0 component=v_load component_id=3 lut_exp=1 scna_layout=0 scna_width=0 qo_len=4 kv_len=4096 n_heads=12 n_kv_heads=2 head_dim=128 kv_head=1 worker=0 block_r=0 block_c=2560 t0_us=261141618963 t1_us=261141618999 dur_us=35
FIG8_ATTENTION_EVENT mode=lut-exp layout=serial phase=warmup iteration=0 component=core_acc component_id=6 lut_exp=1 scna_layout=0 scna_width=0 qo_len=4 kv_len=4096 n_heads=12 n_kv_heads=2 head_dim=128 kv_head=1 worker=0 block_r=0 block_c=2560 t0_us=261141618999 t1_us=261141618999 dur_us=0
FIG8_ATTENTION_EVENT mode=lut-exp layout=serial phase=warmup iteration=0 component=k_load component_id=2 lut_exp=1 scna_layout=0 scna_width=0 qo_len=4 kv_len=4096 n_heads=12 n_kv_heads=2 head_dim=128 kv_head=1 worker=0 block_r=0 block_c=3840 t0_us=261141618999 t1_us=261141619004 dur_us=4
FIG8_ATTENTION_EVENT mode=lut-exp layout=serial phase=warmup iteration=0 component=qk_dot component_id=4 lut_exp=1 scna_layout=0 scna_width=0 qo_len=4 kv_len=4096 n_heads=12 n_kv_heads=2 head_dim=128 kv_head=1 worker=0 block_r=0 block_c=3840 t0_us=261141619004 t1_us=261141619004 dur_us=0
FIG8_ATTENTION_EVENT mode=lut-exp layout=serial phase=warmup iteration=0 component=safe_sm component_id=5 lut_exp=1 scna_layout=0 scna_width=0 qo_len=4 kv_len=4096 n_heads=12 n_kv_heads=2 head_dim=128 kv_head=1 worker=0 block_r=0 block_c=3840 t0_us=261141619004 t1_us=261141619010 dur_us=6
FIG8_ATTENTION_EVENT mode=lut-exp layout=serial phase=warmup iteration=0 component=v_load component_id=3 lut_exp=1 scna_layout=0 scna_width=0 qo_len=4 kv_len=4096 n_heads=12 n_kv_heads=2 head_dim=128 kv_head=1 worker=0 block_r=0 block_c=3840 t0_us=261141619010 t1_us=261141619012 dur_us=2
FIG8_ATTENTION_EVENT mode=lut-exp layout=serial phase=warmup iteration=0 component=core_acc component_id=6 lut_exp=1 scna_layout=0 scna_width=0 qo_len=4 kv_len=4096 n_heads=12 n_kv_heads=2 head_dim=128 kv_head=1 worker=0 block_r=0 block_c=3840 t0_us=261141619013 t1_us=261141619013 dur_us=0
FIG8_ATTENTION_EVENT mode=lut-exp layout=serial phase=warmup iteration=0 component=o_scale component_id=7 lut_exp=1 scna_layout=0 scna_width=0 qo_len=4 kv_len=4096 n_heads=12 n_kv_heads=2 head_dim=128 kv_head=1 worker=0 block_r=0 block_c=-1 t0_us=261141619013 t1_us=261141619015 dur_us=2
FIG8_ATTENTION_EVENT mode=lut-exp layout=serial phase=warmup iteration=0 component=o_store component_id=8 lut_exp=1 scna_layout=0 scna_width=0 qo_len=4 kv_len=4096 n_heads=12 n_kv_heads=2 head_dim=128 kv_head=1 worker=0 block_r=0 block_c=-1 t0_us=261141619016 t1_us=261141619018 dur_us=2
FIG8_ATTENTION_EVENT mode=lut-exp layout=serial phase=warmup iteration=0 component=q_load component_id=1 lut_exp=1 scna_layout=0 scna_width=0 qo_len=4 kv_len=4096 n_heads=12 n_kv_heads=2 head_dim=128 kv_head=0 worker=0 block_r=0 block_c=-1 t0_us=261141619062 t1_us=261141619063 dur_us=1
FIG8_ATTENTION_EVENT mode=lut-exp layout=serial phase=warmup iteration=0 component=k_load component_id=2 lut_exp=1 scna_layout=0 scna_width=0 qo_len=4 kv_len=4096 n_heads=12 n_kv_heads=2 head_dim=128 kv_head=0 worker=0 block_r=0 block_c=0 t0_us=261141619064 t1_us=261141619086 dur_us=21
FIG8_ATTENTION_EVENT mode=lut-exp layout=serial phase=warmup iteration=0 component=qk_dot component_id=4 lut_exp=1 scna_layout=0 scna_width=0 qo_len=4 kv_len=4096 n_heads=12 n_kv_heads=2 head_dim=128 kv_head=0 worker=0 block_r=0 block_c=0 t0_us=261141619087 t1_us=261141619088 dur_us=0
FIG8_ATTENTION_EVENT mode=lut-exp layout=serial phase=warmup iteration=0 component=safe_sm component_id=5 lut_exp=1 scna_layout=0 scna_width=0 qo_len=4 kv_len=4096 n_heads=12 n_kv_heads=2 head_dim=128 kv_head=0 worker=0 block_r=0 block_c=0 t0_us=261141619089 t1_us=261141619110 dur_us=21
FIG8_ATTENTION_EVENT mode=lut-exp layout=serial phase=warmup iteration=0 component=v_load component_id=3 lut_exp=1 scna_layout=0 scna_width=0 qo_len=4 kv_len=4096 n_heads=12 n_kv_heads=2 head_dim=128 kv_head=0 worker=0 block_r=0 block_c=0 t0_us=261141619111 t1_us=261141619132 dur_us=21
FIG8_ATTENTION_EVENT mode=lut-exp layout=serial phase=warmup iteration=0 component=core_acc component_id=6 lut_exp=1 scna_layout=0 scna_width=0 qo_len=4 kv_len=4096 n_heads=12 n_kv_heads=2 head_dim=128 kv_head=0 worker=0 block_r=0 block_c=0 t0_us=261141619132 t1_us=261141619136 dur_us=4
FIG8_ATTENTION_EVENT mode=lut-exp layout=serial phase=warmup iteration=0 component=k_load component_id=2 lut_exp=1 scna_layout=0 scna_width=0 qo_len=4 kv_len=4096 n_heads=12 n_kv_heads=2 head_dim=128 kv_head=0 worker=0 block_r=0 block_c=1280 t0_us=261141619137 t1_us=261141619160 dur_us=23
FIG8_ATTENTION_EVENT mode=lut-exp layout=serial phase=warmup iteration=0 component=qk_dot component_id=4 lut_exp=1 scna_layout=0 scna_width=0 qo_len=4 kv_len=4096 n_heads=12 n_kv_heads=2 head_dim=128 kv_head=0 worker=0 block_r=0 block_c=1280 t0_us=261141619160 t1_us=261141619161 dur_us=0
FIG8_ATTENTION_EVENT mode=lut-exp layout=serial phase=warmup iteration=0 component=safe_sm component_id=5 lut_exp=1 scna_layout=0 scna_width=0 qo_len=4 kv_len=4096 n_heads=12 n_kv_heads=2 head_dim=128 kv_head=0 worker=0 block_r=0 block_c=1280 t0_us=261141619161 t1_us=261141619182 dur_us=21
FIG8_ATTENTION_EVENT mode=lut-exp layout=serial phase=warmup iteration=0 component=v_load component_id=3 lut_exp=1 scna_layout=0 scna_width=0 qo_len=4 kv_len=4096 n_heads=12 n_kv_heads=2 head_dim=128 kv_head=0 worker=0 block_r=0 block_c=1280 t0_us=261141619182 t1_us=261141619220 dur_us=37
FIG8_ATTENTION_EVENT mode=lut-exp layout=serial phase=warmup iteration=0 component=core_acc component_id=6 lut_exp=1 scna_layout=0 scna_width=0 qo_len=4 kv_len=4096 n_heads=12 n_kv_heads=2 head_dim=128 kv_head=0 worker=0 block_r=0 block_c=1280 t0_us=261141619220 t1_us=261141619221 dur_us=0
FIG8_ATTENTION_EVENT mode=lut-exp layout=serial phase=warmup iteration=0 component=k_load component_id=2 lut_exp=1 scna_layout=0 scna_width=0 qo_len=4 kv_len=4096 n_heads=12 n_kv_heads=2 head_dim=128 kv_head=0 worker=0 block_r=0 block_c=2560 t0_us=261141619221 t1_us=261141619241 dur_us=20
FIG8_ATTENTION_EVENT mode=lut-exp layout=serial phase=warmup iteration=0 component=qk_dot component_id=4 lut_exp=1 scna_layout=0 scna_width=0 qo_len=4 kv_len=4096 n_heads=12 n_kv_heads=2 head_dim=128 kv_head=0 worker=0 block_r=0 block_c=2560 t0_us=261141619241 t1_us=261141619241 dur_us=0
FIG8_ATTENTION_EVENT mode=lut-exp layout=serial phase=warmup iteration=0 component=safe_sm component_id=5 lut_exp=1 scna_layout=0 scna_width=0 qo_len=4 kv_len=4096 n_heads=12 n_kv_heads=2 head_dim=128 kv_head=0 worker=0 block_r=0 block_c=2560 t0_us=261141619242 t1_us=261141619263 dur_us=21
FIG8_ATTENTION_EVENT mode=lut-exp layout=serial phase=warmup iteration=0 component=v_load component_id=3 lut_exp=1 scna_layout=0 scna_width=0 qo_len=4 kv_len=4096 n_heads=12 n_kv_heads=2 head_dim=128 kv_head=0 worker=0 block_r=0 block_c=2560 t0_us=261141619263 t1_us=261141619298 dur_us=34
FIG8_ATTENTION_EVENT mode=lut-exp layout=serial phase=warmup iteration=0 component=core_acc component_id=6 lut_exp=1 scna_layout=0 scna_width=0 qo_len=4 kv_len=4096 n_heads=12 n_kv_heads=2 head_dim=128 kv_head=0 worker=0 block_r=0 block_c=2560 t0_us=261141619298 t1_us=261141619299 dur_us=0
FIG8_ATTENTION_EVENT mode=lut-exp layout=serial phase=warmup iteration=0 component=k_load component_id=2 lut_exp=1 scna_layout=0 scna_width=0 qo_len=4 kv_len=4096 n_heads=12 n_kv_heads=2 head_dim=128 kv_head=0 worker=0 block_r=0 block_c=3840 t0_us=261141619299 t1_us=261141619303 dur_us=4
FIG8_ATTENTION_EVENT mode=lut-exp layout=serial phase=warmup iteration=0 component=qk_dot component_id=4 lut_exp=1 scna_layout=0 scna_width=0 qo_len=4 kv_len=4096 n_heads=12 n_kv_heads=2 head_dim=128 kv_head=0 worker=0 block_r=0 block_c=3840 t0_us=261141619303 t1_us=261141619303 dur_us=0
FIG8_ATTENTION_EVENT mode=lut-exp layout=serial phase=warmup iteration=0 component=safe_sm component_id=5 lut_exp=1 scna_layout=0 scna_width=0 qo_len=4 kv_len=4096 n_heads=12 n_kv_heads=2 head_dim=128 kv_head=0 worker=0 block_r=0 block_c=3840 t0_us=261141619304 t1_us=261141619310 dur_us=6
FIG8_ATTENTION_EVENT mode=lut-exp layout=serial phase=warmup iteration=0 component=v_load component_id=3 lut_exp=1 scna_layout=0 scna_width=0 qo_len=4 kv_len=4096 n_heads=12 n_kv_heads=2 head_dim=128 kv_head=0 worker=0 block_r=0 block_c=3840 t0_us=261141619310 t1_us=261141619312 dur_us=2
FIG8_ATTENTION_EVENT mode=lut-exp layout=serial phase=warmup iteration=0 component=core_acc component_id=6 lut_exp=1 scna_layout=0 scna_width=0 qo_len=4 kv_len=4096 n_heads=12 n_kv_heads=2 head_dim=128 kv_head=0 worker=0 block_r=0 block_c=3840 t0_us=261141619312 t1_us=261141619313 dur_us=0
FIG8_ATTENTION_EVENT mode=lut-exp layout=serial phase=warmup iteration=0 component=o_scale component_id=7 lut_exp=1 scna_layout=0 scna_width=0 qo_len=4 kv_len=4096 n_heads=12 n_kv_heads=2 head_dim=128 kv_head=0 worker=0 block_r=0 block_c=-1 t0_us=261141619313 t1_us=261141619315 dur_us=1
FIG8_ATTENTION_EVENT mode=lut-exp layout=serial phase=warmup iteration=0 component=o_store component_id=8 lut_exp=1 scna_layout=0 scna_width=0 qo_len=4 kv_len=4096 n_heads=12 n_kv_heads=2 head_dim=128 kv_head=0 worker=0 block_r=0 block_c=-1 t0_us=261141619315 t1_us=261141619317 dur_us=2
FIG8_ATTENTION_EVENT mode=lut-exp layout=serial phase=warmup iteration=0 component=q_load component_id=1 lut_exp=1 scna_layout=0 scna_width=0 qo_len=4 kv_len=4096 n_heads=12 n_kv_heads=2 head_dim=128 kv_head=1 worker=0 block_r=0 block_c=-1 t0_us=261141619361 t1_us=261141619363 dur_us=1
FIG8_ATTENTION_EVENT mode=lut-exp layout=serial phase=warmup iteration=0 component=k_load component_id=2 lut_exp=1 scna_layout=0 scna_width=0 qo_len=4 kv_len=4096 n_heads=12 n_kv_heads=2 head_dim=128 kv_head=1 worker=0 block_r=0 block_c=0 t0_us=261141619364 t1_us=261141619385 dur_us=20
FIG8_ATTENTION_EVENT mode=lut-exp layout=serial phase=warmup iteration=0 component=qk_dot component_id=4 lut_exp=1 scna_layout=0 scna_width=0 qo_len=4 kv_len=4096 n_heads=12 n_kv_heads=2 head_dim=128 kv_head=1 worker=0 block_r=0 block_c=0 t0_us=261141619385 t1_us=261141619387 dur_us=1
FIG8_ATTENTION_EVENT mode=lut-exp layout=serial phase=warmup iteration=0 component=safe_sm component_id=5 lut_exp=1 scna_layout=0 scna_width=0 qo_len=4 kv_len=4096 n_heads=12 n_kv_heads=2 head_dim=128 kv_head=1 worker=0 block_r=0 block_c=0 t0_us=261141619387 t1_us=261141619408 dur_us=20
FIG8_ATTENTION_EVENT mode=lut-exp layout=serial phase=warmup iteration=0 component=v_load component_id=3 lut_exp=1 scna_layout=0 scna_width=0 qo_len=4 kv_len=4096 n_heads=12 n_kv_heads=2 head_dim=128 kv_head=1 worker=0 block_r=0 block_c=0 t0_us=261141619408 t1_us=261141619437 dur_us=28
FIG8_ATTENTION_EVENT mode=lut-exp layout=serial phase=warmup iteration=0 component=core_acc component_id=6 lut_exp=1 scna_layout=0 scna_width=0 qo_len=4 kv_len=4096 n_heads=12 n_kv_heads=2 head_dim=128 kv_head=1 worker=0 block_r=0 block_c=0 t0_us=261141619437 t1_us=261141619440 dur_us=3
FIG8_ATTENTION_EVENT mode=lut-exp layout=serial phase=warmup iteration=0 component=k_load component_id=2 lut_exp=1 scna_layout=0 scna_width=0 qo_len=4 kv_len=4096 n_heads=12 n_kv_heads=2 head_dim=128 kv_head=1 worker=0 block_r=0 block_c=1280 t0_us=261141619441 t1_us=261141619462 dur_us=21
FIG8_ATTENTION_EVENT mode=lut-exp layout=serial phase=warmup iteration=0 component=qk_dot component_id=4 lut_exp=1 scna_layout=0 scna_width=0 qo_len=4 kv_len=4096 n_heads=12 n_kv_heads=2 head_dim=128 kv_head=1 worker=0 block_r=0 block_c=1280 t0_us=261141619463 t1_us=261141619463 dur_us=0
FIG8_ATTENTION_EVENT mode=lut-exp layout=serial phase=warmup iteration=0 component=safe_sm component_id=5 lut_exp=1 scna_layout=0 scna_width=0 qo_len=4 kv_len=4096 n_heads=12 n_kv_heads=2 head_dim=128 kv_head=1 worker=0 block_r=0 block_c=1280 t0_us=261141619463 t1_us=261141619484 dur_us=20
FIG8_ATTENTION_EVENT mode=lut-exp layout=serial phase=warmup iteration=0 component=v_load component_id=3 lut_exp=1 scna_layout=0 scna_width=0 qo_len=4 kv_len=4096 n_heads=12 n_kv_heads=2 head_dim=128 kv_head=1 worker=0 block_r=0 block_c=1280 t0_us=261141619484 t1_us=261141619516 dur_us=32
FIG8_ATTENTION_EVENT mode=lut-exp layout=serial phase=warmup iteration=0 component=core_acc component_id=6 lut_exp=1 scna_layout=0 scna_width=0 qo_len=4 kv_len=4096 n_heads=12 n_kv_heads=2 head_dim=128 kv_head=1 worker=0 block_r=0 block_c=1280 t0_us=261141619516 t1_us=261141619516 dur_us=0
FIG8_ATTENTION_EVENT mode=lut-exp layout=serial phase=warmup iteration=0 component=k_load component_id=2 lut_exp=1 scna_layout=0 scna_width=0 qo_len=4 kv_len=4096 n_heads=12 n_kv_heads=2 head_dim=128 kv_head=1 worker=0 block_r=0 block_c=2560 t0_us=261141619517 t1_us=261141619537 dur_us=20
FIG8_ATTENTION_EVENT mode=lut-exp layout=serial phase=warmup iteration=0 component=qk_dot component_id=4 lut_exp=1 scna_layout=0 scna_width=0 qo_len=4 kv_len=4096 n_heads=12 n_kv_heads=2 head_dim=128 kv_head=1 worker=0 block_r=0 block_c=2560 t0_us=261141619537 t1_us=261141619537 dur_us=0
FIG8_ATTENTION_EVENT mode=lut-exp layout=serial phase=warmup iteration=0 component=safe_sm component_id=5 lut_exp=1 scna_layout=0 scna_width=0 qo_len=4 kv_len=4096 n_heads=12 n_kv_heads=2 head_dim=128 kv_head=1 worker=0 block_r=0 block_c=2560 t0_us=261141619537 t1_us=261141619560 dur_us=22
FIG8_ATTENTION_EVENT mode=lut-exp layout=serial phase=warmup iteration=0 component=v_load component_id=3 lut_exp=1 scna_layout=0 scna_width=0 qo_len=4 kv_len=4096 n_heads=12 n_kv_heads=2 head_dim=128 kv_head=1 worker=0 block_r=0 block_c=2560 t0_us=261141619560 t1_us=261141619599 dur_us=38
FIG8_ATTENTION_EVENT mode=lut-exp layout=serial phase=warmup iteration=0 component=core_acc component_id=6 lut_exp=1 scna_layout=0 scna_width=0 qo_len=4 kv_len=4096 n_heads=12 n_kv_heads=2 head_dim=128 kv_head=1 worker=0 block_r=0 block_c=2560 t0_us=261141619599 t1_us=261141619599 dur_us=0
FIG8_ATTENTION_EVENT mode=lut-exp layout=serial phase=warmup iteration=0 component=k_load component_id=2 lut_exp=1 scna_layout=0 scna_width=0 qo_len=4 kv_len=4096 n_heads=12 n_kv_heads=2 head_dim=128 kv_head=1 worker=0 block_r=0 block_c=3840 t0_us=261141619599 t1_us=261141619604 dur_us=4
FIG8_ATTENTION_EVENT mode=lut-exp layout=serial phase=warmup iteration=0 component=qk_dot component_id=4 lut_exp=1 scna_layout=0 scna_width=0 qo_len=4 kv_len=4096 n_heads=12 n_kv_heads=2 head_dim=128 kv_head=1 worker=0 block_r=0 block_c=3840 t0_us=261141619604 t1_us=261141619604 dur_us=0
FIG8_ATTENTION_EVENT mode=lut-exp layout=serial phase=warmup iteration=0 component=safe_sm component_id=5 lut_exp=1 scna_layout=0 scna_width=0 qo_len=4 kv_len=4096 n_heads=12 n_kv_heads=2 head_dim=128 kv_head=1 worker=0 block_r=0 block_c=3840 t0_us=261141619604 t1_us=261141619610 dur_us=6
FIG8_ATTENTION_EVENT mode=lut-exp layout=serial phase=warmup iteration=0 component=v_load component_id=3 lut_exp=1 scna_layout=0 scna_width=0 qo_len=4 kv_len=4096 n_heads=12 n_kv_heads=2 head_dim=128 kv_head=1 worker=0 block_r=0 block_c=3840 t0_us=261141619610 t1_us=261141619613 dur_us=2
FIG8_ATTENTION_EVENT mode=lut-exp layout=serial phase=warmup iteration=0 component=core_acc component_id=6 lut_exp=1 scna_layout=0 scna_width=0 qo_len=4 kv_len=4096 n_heads=12 n_kv_heads=2 head_dim=128 kv_head=1 worker=0 block_r=0 block_c=3840 t0_us=261141619613 t1_us=261141619613 dur_us=0
FIG8_ATTENTION_EVENT mode=lut-exp layout=serial phase=warmup iteration=0 component=o_scale component_id=7 lut_exp=1 scna_layout=0 scna_width=0 qo_len=4 kv_len=4096 n_heads=12 n_kv_heads=2 head_dim=128 kv_head=1 worker=0 block_r=0 block_c=-1 t0_us=261141619613 t1_us=261141619615 dur_us=1
FIG8_ATTENTION_EVENT mode=lut-exp layout=serial phase=warmup iteration=0 component=o_store component_id=8 lut_exp=1 scna_layout=0 scna_width=0 qo_len=4 kv_len=4096 n_heads=12 n_kv_heads=2 head_dim=128 kv_head=1 worker=0 block_r=0 block_c=-1 t0_us=261141619616 t1_us=261141619618 dur_us=2
FIG8_ATTENTION_EVENT mode=lut-exp layout=serial phase=warmup iteration=0 component=q_load component_id=1 lut_exp=1 scna_layout=0 scna_width=0 qo_len=4 kv_len=4096 n_heads=12 n_kv_heads=2 head_dim=128 kv_head=0 worker=0 block_r=0 block_c=-1 t0_us=261141619661 t1_us=261141619663 dur_us=1
FIG8_ATTENTION_EVENT mode=lut-exp layout=serial phase=warmup iteration=0 component=k_load component_id=2 lut_exp=1 scna_layout=0 scna_width=0 qo_len=4 kv_len=4096 n_heads=12 n_kv_heads=2 head_dim=128 kv_head=0 worker=0 block_r=0 block_c=0 t0_us=261141619664 t1_us=261141619685 dur_us=20
FIG8_ATTENTION_EVENT mode=lut-exp layout=serial phase=warmup iteration=0 component=qk_dot component_id=4 lut_exp=1 scna_layout=0 scna_width=0 qo_len=4 kv_len=4096 n_heads=12 n_kv_heads=2 head_dim=128 kv_head=0 worker=0 block_r=0 block_c=0 t0_us=261141619685 t1_us=261141619686 dur_us=0
FIG8_ATTENTION_EVENT mode=lut-exp layout=serial phase=warmup iteration=0 component=safe_sm component_id=5 lut_exp=1 scna_layout=0 scna_width=0 qo_len=4 kv_len=4096 n_heads=12 n_kv_heads=2 head_dim=128 kv_head=0 worker=0 block_r=0 block_c=0 t0_us=261141619687 t1_us=261141619708 dur_us=21
FIG8_ATTENTION_EVENT mode=lut-exp layout=serial phase=warmup iteration=0 component=v_load component_id=3 lut_exp=1 scna_layout=0 scna_width=0 qo_len=4 kv_len=4096 n_heads=12 n_kv_heads=2 head_dim=128 kv_head=0 worker=0 block_r=0 block_c=0 t0_us=261141619709 t1_us=261141619730 dur_us=20
FIG8_ATTENTION_EVENT mode=lut-exp layout=serial phase=warmup iteration=0 component=core_acc component_id=6 lut_exp=1 scna_layout=0 scna_width=0 qo_len=4 kv_len=4096 n_heads=12 n_kv_heads=2 head_dim=128 kv_head=0 worker=0 block_r=0 block_c=0 t0_us=261141619730 t1_us=261141619733 dur_us=2
FIG8_ATTENTION_EVENT mode=lut-exp layout=serial phase=warmup iteration=0 component=k_load component_id=2 lut_exp=1 scna_layout=0 scna_width=0 qo_len=4 kv_len=4096 n_heads=12 n_kv_heads=2 head_dim=128 kv_head=0 worker=0 block_r=0 block_c=1280 t0_us=261141619734 t1_us=261141619757 dur_us=23
FIG8_ATTENTION_EVENT mode=lut-exp layout=serial phase=warmup iteration=0 component=qk_dot component_id=4 lut_exp=1 scna_layout=0 scna_width=0 qo_len=4 kv_len=4096 n_heads=12 n_kv_heads=2 head_dim=128 kv_head=0 worker=0 block_r=0 block_c=1280 t0_us=261141619757 t1_us=261141619757 dur_us=0
FIG8_ATTENTION_EVENT mode=lut-exp layout=serial phase=warmup iteration=0 component=safe_sm component_id=5 lut_exp=1 scna_layout=0 scna_width=0 qo_len=4 kv_len=4096 n_heads=12 n_kv_heads=2 head_dim=128 kv_head=0 worker=0 block_r=0 block_c=1280 t0_us=261141619758 t1_us=261141619778 dur_us=20
FIG8_ATTENTION_EVENT mode=lut-exp layout=serial phase=warmup iteration=0 component=v_load component_id=3 lut_exp=1 scna_layout=0 scna_width=0 qo_len=4 kv_len=4096 n_heads=12 n_kv_heads=2 head_dim=128 kv_head=0 worker=0 block_r=0 block_c=1280 t0_us=261141619778 t1_us=261141619820 dur_us=41
FIG8_ATTENTION_EVENT mode=lut-exp layout=serial phase=warmup iteration=0 component=core_acc component_id=6 lut_exp=1 scna_layout=0 scna_width=0 qo_len=4 kv_len=4096 n_heads=12 n_kv_heads=2 head_dim=128 kv_head=0 worker=0 block_r=0 block_c=1280 t0_us=261141619820 t1_us=261141619820 dur_us=0
FIG8_ATTENTION_EVENT mode=lut-exp layout=serial phase=warmup iteration=0 component=k_load component_id=2 lut_exp=1 scna_layout=0 scna_width=0 qo_len=4 kv_len=4096 n_heads=12 n_kv_heads=2 head_dim=128 kv_head=0 worker=0 block_r=0 block_c=2560 t0_us=261141619821 t1_us=261141619838 dur_us=17
FIG8_ATTENTION_EVENT mode=lut-exp layout=serial phase=warmup iteration=0 component=qk_dot component_id=4 lut_exp=1 scna_layout=0 scna_width=0 qo_len=4 kv_len=4096 n_heads=12 n_kv_heads=2 head_dim=128 kv_head=0 worker=0 block_r=0 block_c=2560 t0_us=261141619838 t1_us=261141619838 dur_us=0
FIG8_ATTENTION_EVENT mode=lut-exp layout=serial phase=warmup iteration=0 component=safe_sm component_id=5 lut_exp=1 scna_layout=0 scna_width=0 qo_len=4 kv_len=4096 n_heads=12 n_kv_heads=2 head_dim=128 kv_head=0 worker=0 block_r=0 block_c=2560 t0_us=261141619839 t1_us=261141619860 dur_us=21
FIG8_ATTENTION_EVENT mode=lut-exp layout=serial phase=warmup iteration=0 component=v_load component_id=3 lut_exp=1 scna_layout=0 scna_width=0 qo_len=4 kv_len=4096 n_heads=12 n_kv_heads=2 head_dim=128 kv_head=0 worker=0 block_r=0 block_c=2560 t0_us=261141619860 t1_us=261141619898 dur_us=38
FIG8_ATTENTION_EVENT mode=lut-exp layout=serial phase=warmup iteration=0 component=core_acc component_id=6 lut_exp=1 scna_layout=0 scna_width=0 qo_len=4 kv_len=4096 n_heads=12 n_kv_heads=2 head_dim=128 kv_head=0 worker=0 block_r=0 block_c=2560 t0_us=261141619898 t1_us=261141619899 dur_us=0
FIG8_ATTENTION_EVENT mode=lut-exp layout=serial phase=warmup iteration=0 component=k_load component_id=2 lut_exp=1 scna_layout=0 scna_width=0 qo_len=4 kv_len=4096 n_heads=12 n_kv_heads=2 head_dim=128 kv_head=0 worker=0 block_r=0 block_c=3840 t0_us=261141619900 t1_us=261141619904 dur_us=4
FIG8_ATTENTION_EVENT mode=lut-exp layout=serial phase=warmup iteration=0 component=qk_dot component_id=4 lut_exp=1 scna_layout=0 scna_width=0 qo_len=4 kv_len=4096 n_heads=12 n_kv_heads=2 head_dim=128 kv_head=0 worker=0 block_r=0 block_c=3840 t0_us=261141619904 t1_us=261141619904 dur_us=0
FIG8_ATTENTION_EVENT mode=lut-exp layout=serial phase=warmup iteration=0 component=safe_sm component_id=5 lut_exp=1 scna_layout=0 scna_width=0 qo_len=4 kv_len=4096 n_heads=12 n_kv_heads=2 head_dim=128 kv_head=0 worker=0 block_r=0 block_c=3840 t0_us=261141619904 t1_us=261141619911 dur_us=6
FIG8_ATTENTION_EVENT mode=lut-exp layout=serial phase=warmup iteration=0 component=v_load component_id=3 lut_exp=1 scna_layout=0 scna_width=0 qo_len=4 kv_len=4096 n_heads=12 n_kv_heads=2 head_dim=128 kv_head=0 worker=0 block_r=0 block_c=3840 t0_us=261141619911 t1_us=261141619913 dur_us=2
FIG8_ATTENTION_EVENT mode=lut-exp layout=serial phase=warmup iteration=0 component=core_acc component_id=6 lut_exp=1 scna_layout=0 scna_width=0 qo_len=4 kv_len=4096 n_heads=12 n_kv_heads=2 head_dim=128 kv_head=0 worker=0 block_r=0 block_c=3840 t0_us=261141619913 t1_us=261141619913 dur_us=0
FIG8_ATTENTION_EVENT mode=lut-exp layout=serial phase=warmup iteration=0 component=o_scale component_id=7 lut_exp=1 scna_layout=0 scna_width=0 qo_len=4 kv_len=4096 n_heads=12 n_kv_heads=2 head_dim=128 kv_head=0 worker=0 block_r=0 block_c=-1 t0_us=261141619914 t1_us=261141619915 dur_us=1
FIG8_ATTENTION_EVENT mode=lut-exp layout=serial phase=warmup iteration=0 component=o_store component_id=8 lut_exp=1 scna_layout=0 scna_width=0 qo_len=4 kv_len=4096 n_heads=12 n_kv_heads=2 head_dim=128 kv_head=0 worker=0 block_r=0 block_c=-1 t0_us=261141619916 t1_us=261141619919 dur_us=3
FIG8_ATTENTION_EVENT mode=lut-exp layout=serial phase=warmup iteration=0 component=q_load component_id=1 lut_exp=1 scna_layout=0 scna_width=0 qo_len=4 kv_len=4096 n_heads=12 n_kv_heads=2 head_dim=128 kv_head=1 worker=0 block_r=0 block_c=-1 t0_us=261141619966 t1_us=261141619968 dur_us=1
FIG8_ATTENTION_EVENT mode=lut-exp layout=serial phase=warmup iteration=0 component=k_load component_id=2 lut_exp=1 scna_layout=0 scna_width=0 qo_len=4 kv_len=4096 n_heads=12 n_kv_heads=2 head_dim=128 kv_head=1 worker=0 block_r=0 block_c=0 t0_us=261141619969 t1_us=261141619990 dur_us=21
FIG8_ATTENTION_EVENT mode=lut-exp layout=serial phase=warmup iteration=0 component=qk_dot component_id=4 lut_exp=1 scna_layout=0 scna_width=0 qo_len=4 kv_len=4096 n_heads=12 n_kv_heads=2 head_dim=128 kv_head=1 worker=0 block_r=0 block_c=0 t0_us=261141619990 t1_us=261141619992 dur_us=1
FIG8_ATTENTION_EVENT mode=lut-exp layout=serial phase=warmup iteration=0 component=safe_sm component_id=5 lut_exp=1 scna_layout=0 scna_width=0 qo_len=4 kv_len=4096 n_heads=12 n_kv_heads=2 head_dim=128 kv_head=1 worker=0 block_r=0 block_c=0 t0_us=261141619992 t1_us=261141620013 dur_us=21
FIG8_ATTENTION_EVENT mode=lut-exp layout=serial phase=warmup iteration=0 component=v_load component_id=3 lut_exp=1 scna_layout=0 scna_width=0 qo_len=4 kv_len=4096 n_heads=12 n_kv_heads=2 head_dim=128 kv_head=1 worker=0 block_r=0 block_c=0 t0_us=261141620013 t1_us=261141620041 dur_us=28
FIG8_ATTENTION_EVENT mode=lut-exp layout=serial phase=warmup iteration=0 component=core_acc component_id=6 lut_exp=1 scna_layout=0 scna_width=0 qo_len=4 kv_len=4096 n_heads=12 n_kv_heads=2 head_dim=128 kv_head=1 worker=0 block_r=0 block_c=0 t0_us=261141620042 t1_us=261141620044 dur_us=2
FIG8_ATTENTION_EVENT mode=lut-exp layout=serial phase=warmup iteration=0 component=k_load component_id=2 lut_exp=1 scna_layout=0 scna_width=0 qo_len=4 kv_len=4096 n_heads=12 n_kv_heads=2 head_dim=128 kv_head=1 worker=0 block_r=0 block_c=1280 t0_us=261141620044 t1_us=261141620065 dur_us=20
FIG8_ATTENTION_EVENT mode=lut-exp layout=serial phase=warmup iteration=0 component=qk_dot component_id=4 lut_exp=1 scna_layout=0 scna_width=0 qo_len=4 kv_len=4096 n_heads=12 n_kv_heads=2 head_dim=128 kv_head=1 worker=0 block_r=0 block_c=1280 t0_us=261141620065 t1_us=261141620065 dur_us=0
FIG8_ATTENTION_EVENT mode=lut-exp layout=serial phase=warmup iteration=0 component=safe_sm component_id=5 lut_exp=1 scna_layout=0 scna_width=0 qo_len=4 kv_len=4096 n_heads=12 n_kv_heads=2 head_dim=128 kv_head=1 worker=0 block_r=0 block_c=1280 t0_us=261141620066 t1_us=261141620087 dur_us=20
FIG8_ATTENTION_EVENT mode=lut-exp layout=serial phase=warmup iteration=0 component=v_load component_id=3 lut_exp=1 scna_layout=0 scna_width=0 qo_len=4 kv_len=4096 n_heads=12 n_kv_heads=2 head_dim=128 kv_head=1 worker=0 block_r=0 block_c=1280 t0_us=261141620087 t1_us=261141620115 dur_us=28
FIG8_ATTENTION_EVENT mode=lut-exp layout=serial phase=warmup iteration=0 component=core_acc component_id=6 lut_exp=1 scna_layout=0 scna_width=0 qo_len=4 kv_len=4096 n_heads=12 n_kv_heads=2 head_dim=128 kv_head=1 worker=0 block_r=0 block_c=1280 t0_us=261141620115 t1_us=261141620116 dur_us=0
FIG8_ATTENTION_EVENT mode=lut-exp layout=serial phase=warmup iteration=0 component=k_load component_id=2 lut_exp=1 scna_layout=0 scna_width=0 qo_len=4 kv_len=4096 n_heads=12 n_kv_heads=2 head_dim=128 kv_head=1 worker=0 block_r=0 block_c=2560 t0_us=261141620116 t1_us=261141620136 dur_us=20
FIG8_ATTENTION_EVENT mode=lut-exp layout=serial phase=warmup iteration=0 component=qk_dot component_id=4 lut_exp=1 scna_layout=0 scna_width=0 qo_len=4 kv_len=4096 n_heads=12 n_kv_heads=2 head_dim=128 kv_head=1 worker=0 block_r=0 block_c=2560 t0_us=261141620136 t1_us=261141620137 dur_us=0
FIG8_ATTENTION_EVENT mode=lut-exp layout=serial phase=warmup iteration=0 component=safe_sm component_id=5 lut_exp=1 scna_layout=0 scna_width=0 qo_len=4 kv_len=4096 n_heads=12 n_kv_heads=2 head_dim=128 kv_head=1 worker=0 block_r=0 block_c=2560 t0_us=261141620137 t1_us=261141620159 dur_us=21
FIG8_ATTENTION_EVENT mode=lut-exp layout=serial phase=warmup iteration=0 component=v_load component_id=3 lut_exp=1 scna_layout=0 scna_width=0 qo_len=4 kv_len=4096 n_heads=12 n_kv_heads=2 head_dim=128 kv_head=1 worker=0 block_r=0 block_c=2560 t0_us=261141620159 t1_us=261141620206 dur_us=46
FIG8_ATTENTION_EVENT mode=lut-exp layout=serial phase=warmup iteration=0 component=core_acc component_id=6 lut_exp=1 scna_layout=0 scna_width=0 qo_len=4 kv_len=4096 n_heads=12 n_kv_heads=2 head_dim=128 kv_head=1 worker=0 block_r=0 block_c=2560 t0_us=261141620206 t1_us=261141620206 dur_us=0
FIG8_ATTENTION_EVENT mode=lut-exp layout=serial phase=warmup iteration=0 component=k_load component_id=2 lut_exp=1 scna_layout=0 scna_width=0 qo_len=4 kv_len=4096 n_heads=12 n_kv_heads=2 head_dim=128 kv_head=1 worker=0 block_r=0 block_c=3840 t0_us=261141620206 t1_us=261141620210 dur_us=4
FIG8_ATTENTION_EVENT mode=lut-exp layout=serial phase=warmup iteration=0 component=qk_dot component_id=4 lut_exp=1 scna_layout=0 scna_width=0 qo_len=4 kv_len=4096 n_heads=12 n_kv_heads=2 head_dim=128 kv_head=1 worker=0 block_r=0 block_c=3840 t0_us=261141620211 t1_us=261141620211 dur_us=0
FIG8_ATTENTION_EVENT mode=lut-exp layout=serial phase=warmup iteration=0 component=safe_sm component_id=5 lut_exp=1 scna_layout=0 scna_width=0 qo_len=4 kv_len=4096 n_heads=12 n_kv_heads=2 head_dim=128 kv_head=1 worker=0 block_r=0 block_c=3840 t0_us=261141620211 t1_us=261141620217 dur_us=6
FIG8_ATTENTION_EVENT mode=lut-exp layout=serial phase=warmup iteration=0 component=v_load component_id=3 lut_exp=1 scna_layout=0 scna_width=0 qo_len=4 kv_len=4096 n_heads=12 n_kv_heads=2 head_dim=128 kv_head=1 worker=0 block_r=0 block_c=3840 t0_us=261141620217 t1_us=261141620219 dur_us=2
FIG8_ATTENTION_EVENT mode=lut-exp layout=serial phase=warmup iteration=0 component=core_acc component_id=6 lut_exp=1 scna_layout=0 scna_width=0 qo_len=4 kv_len=4096 n_heads=12 n_kv_heads=2 head_dim=128 kv_head=1 worker=0 block_r=0 block_c=3840 t0_us=261141620219 t1_us=261141620220 dur_us=0
FIG8_ATTENTION_EVENT mode=lut-exp layout=serial phase=warmup iteration=0 component=o_scale component_id=7 lut_exp=1 scna_layout=0 scna_width=0 qo_len=4 kv_len=4096 n_heads=12 n_kv_heads=2 head_dim=128 kv_head=1 worker=0 block_r=0 block_c=-1 t0_us=261141620220 t1_us=261141620222 dur_us=1
FIG8_ATTENTION_EVENT mode=lut-exp layout=serial phase=warmup iteration=0 component=o_store component_id=8 lut_exp=1 scna_layout=0 scna_width=0 qo_len=4 kv_len=4096 n_heads=12 n_kv_heads=2 head_dim=128 kv_head=1 worker=0 block_r=0 block_c=-1 t0_us=261141620222 t1_us=261141620225 dur_us=2
FIG8_ATTENTION_EVENT mode=lut-exp layout=serial phase=warmup iteration=0 component=q_load component_id=1 lut_exp=1 scna_layout=0 scna_width=0 qo_len=4 kv_len=4096 n_heads=12 n_kv_heads=2 head_dim=128 kv_head=0 worker=0 block_r=0 block_c=-1 t0_us=261141620268 t1_us=261141620269 dur_us=1
FIG8_ATTENTION_EVENT mode=lut-exp layout=serial phase=warmup iteration=0 component=k_load component_id=2 lut_exp=1 scna_layout=0 scna_width=0 qo_len=4 kv_len=4096 n_heads=12 n_kv_heads=2 head_dim=128 kv_head=0 worker=0 block_r=0 block_c=0 t0_us=261141620270 t1_us=261141620292 dur_us=21
FIG8_ATTENTION_EVENT mode=lut-exp layout=serial phase=warmup iteration=0 component=qk_dot component_id=4 lut_exp=1 scna_layout=0 scna_width=0 qo_len=4 kv_len=4096 n_heads=12 n_kv_heads=2 head_dim=128 kv_head=0 worker=0 block_r=0 block_c=0 t0_us=261141620292 t1_us=261141620293 dur_us=0
FIG8_ATTENTION_EVENT mode=lut-exp layout=serial phase=warmup iteration=0 component=safe_sm component_id=5 lut_exp=1 scna_layout=0 scna_width=0 qo_len=4 kv_len=4096 n_heads=12 n_kv_heads=2 head_dim=128 kv_head=0 worker=0 block_r=0 block_c=0 t0_us=261141620294 t1_us=261141620316 dur_us=21
FIG8_ATTENTION_EVENT mode=lut-exp layout=serial phase=warmup iteration=0 component=v_load component_id=3 lut_exp=1 scna_layout=0 scna_width=0 qo_len=4 kv_len=4096 n_heads=12 n_kv_heads=2 head_dim=128 kv_head=0 worker=0 block_r=0 block_c=0 t0_us=261141620317 t1_us=261141620338 dur_us=21
FIG8_ATTENTION_EVENT mode=lut-exp layout=serial phase=warmup iteration=0 component=core_acc component_id=6 lut_exp=1 scna_layout=0 scna_width=0 qo_len=4 kv_len=4096 n_heads=12 n_kv_heads=2 head_dim=128 kv_head=0 worker=0 block_r=0 block_c=0 t0_us=261141620338 t1_us=261141620341 dur_us=3
FIG8_ATTENTION_EVENT mode=lut-exp layout=serial phase=warmup iteration=0 component=k_load component_id=2 lut_exp=1 scna_layout=0 scna_width=0 qo_len=4 kv_len=4096 n_heads=12 n_kv_heads=2 head_dim=128 kv_head=0 worker=0 block_r=0 block_c=1280 t0_us=261141620342 t1_us=261141620366 dur_us=23
FIG8_ATTENTION_EVENT mode=lut-exp layout=serial phase=warmup iteration=0 component=qk_dot component_id=4 lut_exp=1 scna_layout=0 scna_width=0 qo_len=4 kv_len=4096 n_heads=12 n_kv_heads=2 head_dim=128 kv_head=0 worker=0 block_r=0 block_c=1280 t0_us=261141620366 t1_us=261141620367 dur_us=0
FIG8_ATTENTION_EVENT mode=lut-exp layout=serial phase=warmup iteration=0 component=safe_sm component_id=5 lut_exp=1 scna_layout=0 scna_width=0 qo_len=4 kv_len=4096 n_heads=12 n_kv_heads=2 head_dim=128 kv_head=0 worker=0 block_r=0 block_c=1280 t0_us=261141620367 t1_us=261141620388 dur_us=20
FIG8_ATTENTION_EVENT mode=lut-exp layout=serial phase=warmup iteration=0 component=v_load component_id=3 lut_exp=1 scna_layout=0 scna_width=0 qo_len=4 kv_len=4096 n_heads=12 n_kv_heads=2 head_dim=128 kv_head=0 worker=0 block_r=0 block_c=1280 t0_us=261141620388 t1_us=261141620426 dur_us=38
FIG8_ATTENTION_EVENT mode=lut-exp layout=serial phase=warmup iteration=0 component=core_acc component_id=6 lut_exp=1 scna_layout=0 scna_width=0 qo_len=4 kv_len=4096 n_heads=12 n_kv_heads=2 head_dim=128 kv_head=0 worker=0 block_r=0 block_c=1280 t0_us=261141620426 t1_us=261141620427 dur_us=0
FIG8_ATTENTION_EVENT mode=lut-exp layout=serial phase=warmup iteration=0 component=k_load component_id=2 lut_exp=1 scna_layout=0 scna_width=0 qo_len=4 kv_len=4096 n_heads=12 n_kv_heads=2 head_dim=128 kv_head=0 worker=0 block_r=0 block_c=2560 t0_us=261141620427 t1_us=261141620448 dur_us=20
FIG8_ATTENTION_EVENT mode=lut-exp layout=serial phase=warmup iteration=0 component=qk_dot component_id=4 lut_exp=1 scna_layout=0 scna_width=0 qo_len=4 kv_len=4096 n_heads=12 n_kv_heads=2 head_dim=128 kv_head=0 worker=0 block_r=0 block_c=2560 t0_us=261141620448 t1_us=261141620448 dur_us=0
FIG8_ATTENTION_EVENT mode=lut-exp layout=serial phase=warmup iteration=0 component=safe_sm component_id=5 lut_exp=1 scna_layout=0 scna_width=0 qo_len=4 kv_len=4096 n_heads=12 n_kv_heads=2 head_dim=128 kv_head=0 worker=0 block_r=0 block_c=2560 t0_us=261141620448 t1_us=261141620470 dur_us=21
FIG8_ATTENTION_EVENT mode=lut-exp layout=serial phase=warmup iteration=0 component=v_load component_id=3 lut_exp=1 scna_layout=0 scna_width=0 qo_len=4 kv_len=4096 n_heads=12 n_kv_heads=2 head_dim=128 kv_head=0 worker=0 block_r=0 block_c=2560 t0_us=261141620470 t1_us=261141620505 dur_us=34
FIG8_ATTENTION_EVENT mode=lut-exp layout=serial phase=warmup iteration=0 component=core_acc component_id=6 lut_exp=1 scna_layout=0 scna_width=0 qo_len=4 kv_len=4096 n_heads=12 n_kv_heads=2 head_dim=128 kv_head=0 worker=0 block_r=0 block_c=2560 t0_us=261141620505 t1_us=261141620506 dur_us=0
FIG8_ATTENTION_EVENT mode=lut-exp layout=serial phase=warmup iteration=0 component=k_load component_id=2 lut_exp=1 scna_layout=0 scna_width=0 qo_len=4 kv_len=4096 n_heads=12 n_kv_heads=2 head_dim=128 kv_head=0 worker=0 block_r=0 block_c=3840 t0_us=261141620506 t1_us=261141620510 dur_us=4
FIG8_ATTENTION_EVENT mode=lut-exp layout=serial phase=warmup iteration=0 component=qk_dot component_id=4 lut_exp=1 scna_layout=0 scna_width=0 qo_len=4 kv_len=4096 n_heads=12 n_kv_heads=2 head_dim=128 kv_head=0 worker=0 block_r=0 block_c=3840 t0_us=261141620510 t1_us=261141620510 dur_us=0
FIG8_ATTENTION_EVENT mode=lut-exp layout=serial phase=warmup iteration=0 component=safe_sm component_id=5 lut_exp=1 scna_layout=0 scna_width=0 qo_len=4 kv_len=4096 n_heads=12 n_kv_heads=2 head_dim=128 kv_head=0 worker=0 block_r=0 block_c=3840 t0_us=261141620510 t1_us=261141620517 dur_us=6
FIG8_ATTENTION_EVENT mode=lut-exp layout=serial phase=warmup iteration=0 component=v_load component_id=3 lut_exp=1 scna_layout=0 scna_width=0 qo_len=4 kv_len=4096 n_heads=12 n_kv_heads=2 head_dim=128 kv_head=0 worker=0 block_r=0 block_c=3840 t0_us=261141620517 t1_us=261141620519 dur_us=2
FIG8_ATTENTION_EVENT mode=lut-exp layout=serial phase=warmup iteration=0 component=core_acc component_id=6 lut_exp=1 scna_layout=0 scna_width=0 qo_len=4 kv_len=4096 n_heads=12 n_kv_heads=2 head_dim=128 kv_head=0 worker=0 block_r=0 block_c=3840 t0_us=261141620519 t1_us=261141620520 dur_us=0
FIG8_ATTENTION_EVENT mode=lut-exp layout=serial phase=warmup iteration=0 component=o_scale component_id=7 lut_exp=1 scna_layout=0 scna_width=0 qo_len=4 kv_len=4096 n_heads=12 n_kv_heads=2 head_dim=128 kv_head=0 worker=0 block_r=0 block_c=-1 t0_us=261141620520 t1_us=261141620522 dur_us=1
FIG8_ATTENTION_EVENT mode=lut-exp layout=serial phase=warmup iteration=0 component=o_store component_id=8 lut_exp=1 scna_layout=0 scna_width=0 qo_len=4 kv_len=4096 n_heads=12 n_kv_heads=2 head_dim=128 kv_head=0 worker=0 block_r=0 block_c=-1 t0_us=261141620522 t1_us=261141620524 dur_us=2
FIG8_ATTENTION_EVENT mode=lut-exp layout=serial phase=warmup iteration=0 component=q_load component_id=1 lut_exp=1 scna_layout=0 scna_width=0 qo_len=4 kv_len=4096 n_heads=12 n_kv_heads=2 head_dim=128 kv_head=1 worker=0 block_r=0 block_c=-1 t0_us=261141620570 t1_us=261141620571 dur_us=1
FIG8_ATTENTION_EVENT mode=lut-exp layout=serial phase=warmup iteration=0 component=k_load component_id=2 lut_exp=1 scna_layout=0 scna_width=0 qo_len=4 kv_len=4096 n_heads=12 n_kv_heads=2 head_dim=128 kv_head=1 worker=0 block_r=0 block_c=0 t0_us=261141620573 t1_us=261141620594 dur_us=21
FIG8_ATTENTION_EVENT mode=lut-exp layout=serial phase=warmup iteration=0 component=qk_dot component_id=4 lut_exp=1 scna_layout=0 scna_width=0 qo_len=4 kv_len=4096 n_heads=12 n_kv_heads=2 head_dim=128 kv_head=1 worker=0 block_r=0 block_c=0 t0_us=261141620594 t1_us=261141620595 dur_us=1
FIG8_ATTENTION_EVENT mode=lut-exp layout=serial phase=warmup iteration=0 component=safe_sm component_id=5 lut_exp=1 scna_layout=0 scna_width=0 qo_len=4 kv_len=4096 n_heads=12 n_kv_heads=2 head_dim=128 kv_head=1 worker=0 block_r=0 block_c=0 t0_us=261141620596 t1_us=261141620616 dur_us=20
FIG8_ATTENTION_EVENT mode=lut-exp layout=serial phase=warmup iteration=0 component=v_load component_id=3 lut_exp=1 scna_layout=0 scna_width=0 qo_len=4 kv_len=4096 n_heads=12 n_kv_heads=2 head_dim=128 kv_head=1 worker=0 block_r=0 block_c=0 t0_us=261141620616 t1_us=261141620644 dur_us=27
FIG8_ATTENTION_EVENT mode=lut-exp layout=serial phase=warmup iteration=0 component=core_acc component_id=6 lut_exp=1 scna_layout=0 scna_width=0 qo_len=4 kv_len=4096 n_heads=12 n_kv_heads=2 head_dim=128 kv_head=1 worker=0 block_r=0 block_c=0 t0_us=261141620644 t1_us=261141620646 dur_us=2
FIG8_ATTENTION_EVENT mode=lut-exp layout=serial phase=warmup iteration=0 component=k_load component_id=2 lut_exp=1 scna_layout=0 scna_width=0 qo_len=4 kv_len=4096 n_heads=12 n_kv_heads=2 head_dim=128 kv_head=1 worker=0 block_r=0 block_c=1280 t0_us=261141620647 t1_us=261141620668 dur_us=20
FIG8_ATTENTION_EVENT mode=lut-exp layout=serial phase=warmup iteration=0 component=qk_dot component_id=4 lut_exp=1 scna_layout=0 scna_width=0 qo_len=4 kv_len=4096 n_heads=12 n_kv_heads=2 head_dim=128 kv_head=1 worker=0 block_r=0 block_c=1280 t0_us=261141620668 t1_us=261141620668 dur_us=0
FIG8_ATTENTION_EVENT mode=lut-exp layout=serial phase=warmup iteration=0 component=safe_sm component_id=5 lut_exp=1 scna_layout=0 scna_width=0 qo_len=4 kv_len=4096 n_heads=12 n_kv_heads=2 head_dim=128 kv_head=1 worker=0 block_r=0 block_c=1280 t0_us=261141620668 t1_us=261141620689 dur_us=20
FIG8_ATTENTION_EVENT mode=lut-exp layout=serial phase=warmup iteration=0 component=v_load component_id=3 lut_exp=1 scna_layout=0 scna_width=0 qo_len=4 kv_len=4096 n_heads=12 n_kv_heads=2 head_dim=128 kv_head=1 worker=0 block_r=0 block_c=1280 t0_us=261141620689 t1_us=261141620719 dur_us=29
FIG8_ATTENTION_EVENT mode=lut-exp layout=serial phase=warmup iteration=0 component=core_acc component_id=6 lut_exp=1 scna_layout=0 scna_width=0 qo_len=4 kv_len=4096 n_heads=12 n_kv_heads=2 head_dim=128 kv_head=1 worker=0 block_r=0 block_c=1280 t0_us=261141620719 t1_us=261141620719 dur_us=0
FIG8_ATTENTION_EVENT mode=lut-exp layout=serial phase=warmup iteration=0 component=k_load component_id=2 lut_exp=1 scna_layout=0 scna_width=0 qo_len=4 kv_len=4096 n_heads=12 n_kv_heads=2 head_dim=128 kv_head=1 worker=0 block_r=0 block_c=2560 t0_us=261141620719 t1_us=261141620739 dur_us=20
FIG8_ATTENTION_EVENT mode=lut-exp layout=serial phase=warmup iteration=0 component=qk_dot component_id=4 lut_exp=1 scna_layout=0 scna_width=0 qo_len=4 kv_len=4096 n_heads=12 n_kv_heads=2 head_dim=128 kv_head=1 worker=0 block_r=0 block_c=2560 t0_us=261141620740 t1_us=261141620740 dur_us=0
FIG8_ATTENTION_EVENT mode=lut-exp layout=serial phase=warmup iteration=0 component=safe_sm component_id=5 lut_exp=1 scna_layout=0 scna_width=0 qo_len=4 kv_len=4096 n_heads=12 n_kv_heads=2 head_dim=128 kv_head=1 worker=0 block_r=0 block_c=2560 t0_us=261141620740 t1_us=261141620762 dur_us=21
FIG8_ATTENTION_EVENT mode=lut-exp layout=serial phase=warmup iteration=0 component=v_load component_id=3 lut_exp=1 scna_layout=0 scna_width=0 qo_len=4 kv_len=4096 n_heads=12 n_kv_heads=2 head_dim=128 kv_head=1 worker=0 block_r=0 block_c=2560 t0_us=261141620762 t1_us=261141620809 dur_us=46
FIG8_ATTENTION_EVENT mode=lut-exp layout=serial phase=warmup iteration=0 component=core_acc component_id=6 lut_exp=1 scna_layout=0 scna_width=0 qo_len=4 kv_len=4096 n_heads=12 n_kv_heads=2 head_dim=128 kv_head=1 worker=0 block_r=0 block_c=2560 t0_us=261141620809 t1_us=261141620809 dur_us=0
FIG8_ATTENTION_EVENT mode=lut-exp layout=serial phase=warmup iteration=0 component=k_load component_id=2 lut_exp=1 scna_layout=0 scna_width=0 qo_len=4 kv_len=4096 n_heads=12 n_kv_heads=2 head_dim=128 kv_head=1 worker=0 block_r=0 block_c=3840 t0_us=261141620810 t1_us=261141620814 dur_us=4
FIG8_ATTENTION_EVENT mode=lut-exp layout=serial phase=warmup iteration=0 component=qk_dot component_id=4 lut_exp=1 scna_layout=0 scna_width=0 qo_len=4 kv_len=4096 n_heads=12 n_kv_heads=2 head_dim=128 kv_head=1 worker=0 block_r=0 block_c=3840 t0_us=261141620814 t1_us=261141620814 dur_us=0
FIG8_ATTENTION_EVENT mode=lut-exp layout=serial phase=warmup iteration=0 component=safe_sm component_id=5 lut_exp=1 scna_layout=0 scna_width=0 qo_len=4 kv_len=4096 n_heads=12 n_kv_heads=2 head_dim=128 kv_head=1 worker=0 block_r=0 block_c=3840 t0_us=261141620814 t1_us=261141620820 dur_us=6
FIG8_ATTENTION_EVENT mode=lut-exp layout=serial phase=warmup iteration=0 component=v_load component_id=3 lut_exp=1 scna_layout=0 scna_width=0 qo_len=4 kv_len=4096 n_heads=12 n_kv_heads=2 head_dim=128 kv_head=1 worker=0 block_r=0 block_c=3840 t0_us=261141620820 t1_us=261141620823 dur_us=2
FIG8_ATTENTION_EVENT mode=lut-exp layout=serial phase=warmup iteration=0 component=core_acc component_id=6 lut_exp=1 scna_layout=0 scna_width=0 qo_len=4 kv_len=4096 n_heads=12 n_kv_heads=2 head_dim=128 kv_head=1 worker=0 block_r=0 block_c=3840 t0_us=261141620823 t1_us=261141620823 dur_us=0
FIG8_ATTENTION_EVENT mode=lut-exp layout=serial phase=warmup iteration=0 component=o_scale component_id=7 lut_exp=1 scna_layout=0 scna_width=0 qo_len=4 kv_len=4096 n_heads=12 n_kv_heads=2 head_dim=128 kv_head=1 worker=0 block_r=0 block_c=-1 t0_us=261141620823 t1_us=261141620825 dur_us=1
FIG8_ATTENTION_EVENT mode=lut-exp layout=serial phase=warmup iteration=0 component=o_store component_id=8 lut_exp=1 scna_layout=0 scna_width=0 qo_len=4 kv_len=4096 n_heads=12 n_kv_heads=2 head_dim=128 kv_head=1 worker=0 block_r=0 block_c=-1 t0_us=261141620826 t1_us=261141620828 dur_us=2
FIG8_ATTENTION_EVENT mode=lut-exp layout=serial phase=warmup iteration=0 component=q_load component_id=1 lut_exp=1 scna_layout=0 scna_width=0 qo_len=4 kv_len=4096 n_heads=12 n_kv_heads=2 head_dim=128 kv_head=0 worker=0 block_r=0 block_c=-1 t0_us=261141620872 t1_us=261141620873 dur_us=1
FIG8_ATTENTION_EVENT mode=lut-exp layout=serial phase=warmup iteration=0 component=k_load component_id=2 lut_exp=1 scna_layout=0 scna_width=0 qo_len=4 kv_len=4096 n_heads=12 n_kv_heads=2 head_dim=128 kv_head=0 worker=0 block_r=0 block_c=0 t0_us=261141620874 t1_us=261141620895 dur_us=20
FIG8_ATTENTION_EVENT mode=lut-exp layout=serial phase=warmup iteration=0 component=qk_dot component_id=4 lut_exp=1 scna_layout=0 scna_width=0 qo_len=4 kv_len=4096 n_heads=12 n_kv_heads=2 head_dim=128 kv_head=0 worker=0 block_r=0 block_c=0 t0_us=261141620895 t1_us=261141620896 dur_us=0
FIG8_ATTENTION_EVENT mode=lut-exp layout=serial phase=warmup iteration=0 component=safe_sm component_id=5 lut_exp=1 scna_layout=0 scna_width=0 qo_len=4 kv_len=4096 n_heads=12 n_kv_heads=2 head_dim=128 kv_head=0 worker=0 block_r=0 block_c=0 t0_us=261141620897 t1_us=261141620919 dur_us=21
FIG8_ATTENTION_EVENT mode=lut-exp layout=serial phase=warmup iteration=0 component=v_load component_id=3 lut_exp=1 scna_layout=0 scna_width=0 qo_len=4 kv_len=4096 n_heads=12 n_kv_heads=2 head_dim=128 kv_head=0 worker=0 block_r=0 block_c=0 t0_us=261141620920 t1_us=261141620943 dur_us=23
FIG8_ATTENTION_EVENT mode=lut-exp layout=serial phase=warmup iteration=0 component=core_acc component_id=6 lut_exp=1 scna_layout=0 scna_width=0 qo_len=4 kv_len=4096 n_heads=12 n_kv_heads=2 head_dim=128 kv_head=0 worker=0 block_r=0 block_c=0 t0_us=261141620943 t1_us=261141620946 dur_us=3
FIG8_ATTENTION_EVENT mode=lut-exp layout=serial phase=warmup iteration=0 component=k_load component_id=2 lut_exp=1 scna_layout=0 scna_width=0 qo_len=4 kv_len=4096 n_heads=12 n_kv_heads=2 head_dim=128 kv_head=0 worker=0 block_r=0 block_c=1280 t0_us=261141620947 t1_us=261141620970 dur_us=22
FIG8_ATTENTION_EVENT mode=lut-exp layout=serial phase=warmup iteration=0 component=qk_dot component_id=4 lut_exp=1 scna_layout=0 scna_width=0 qo_len=4 kv_len=4096 n_heads=12 n_kv_heads=2 head_dim=128 kv_head=0 worker=0 block_r=0 block_c=1280 t0_us=261141620970 t1_us=261141620970 dur_us=0
FIG8_ATTENTION_EVENT mode=lut-exp layout=serial phase=warmup iteration=0 component=safe_sm component_id=5 lut_exp=1 scna_layout=0 scna_width=0 qo_len=4 kv_len=4096 n_heads=12 n_kv_heads=2 head_dim=128 kv_head=0 worker=0 block_r=0 block_c=1280 t0_us=261141620970 t1_us=261141620992 dur_us=21
FIG8_ATTENTION_EVENT mode=lut-exp layout=serial phase=warmup iteration=0 component=v_load component_id=3 lut_exp=1 scna_layout=0 scna_width=0 qo_len=4 kv_len=4096 n_heads=12 n_kv_heads=2 head_dim=128 kv_head=0 worker=0 block_r=0 block_c=1280 t0_us=261141620992 t1_us=261141621030 dur_us=38
FIG8_ATTENTION_EVENT mode=lut-exp layout=serial phase=warmup iteration=0 component=core_acc component_id=6 lut_exp=1 scna_layout=0 scna_width=0 qo_len=4 kv_len=4096 n_heads=12 n_kv_heads=2 head_dim=128 kv_head=0 worker=0 block_r=0 block_c=1280 t0_us=261141621030 t1_us=261141621031 dur_us=0
FIG8_ATTENTION_EVENT mode=lut-exp layout=serial phase=warmup iteration=0 component=k_load component_id=2 lut_exp=1 scna_layout=0 scna_width=0 qo_len=4 kv_len=4096 n_heads=12 n_kv_heads=2 head_dim=128 kv_head=0 worker=0 block_r=0 block_c=2560 t0_us=261141621031 t1_us=261141621052 dur_us=20
FIG8_ATTENTION_EVENT mode=lut-exp layout=serial phase=warmup iteration=0 component=qk_dot component_id=4 lut_exp=1 scna_layout=0 scna_width=0 qo_len=4 kv_len=4096 n_heads=12 n_kv_heads=2 head_dim=128 kv_head=0 worker=0 block_r=0 block_c=2560 t0_us=261141621052 t1_us=261141621052 dur_us=0
FIG8_ATTENTION_EVENT mode=lut-exp layout=serial phase=warmup iteration=0 component=safe_sm component_id=5 lut_exp=1 scna_layout=0 scna_width=0 qo_len=4 kv_len=4096 n_heads=12 n_kv_heads=2 head_dim=128 kv_head=0 worker=0 block_r=0 block_c=2560 t0_us=261141621052 t1_us=261141621074 dur_us=21
FIG8_ATTENTION_EVENT mode=lut-exp layout=serial phase=warmup iteration=0 component=v_load component_id=3 lut_exp=1 scna_layout=0 scna_width=0 qo_len=4 kv_len=4096 n_heads=12 n_kv_heads=2 head_dim=128 kv_head=0 worker=0 block_r=0 block_c=2560 t0_us=261141621074 t1_us=261141621110 dur_us=35
FIG8_ATTENTION_EVENT mode=lut-exp layout=serial phase=warmup iteration=0 component=core_acc component_id=6 lut_exp=1 scna_layout=0 scna_width=0 qo_len=4 kv_len=4096 n_heads=12 n_kv_heads=2 head_dim=128 kv_head=0 worker=0 block_r=0 block_c=2560 t0_us=261141621110 t1_us=261141621111 dur_us=0
FIG8_ATTENTION_EVENT mode=lut-exp layout=serial phase=warmup iteration=0 component=k_load component_id=2 lut_exp=1 scna_layout=0 scna_width=0 qo_len=4 kv_len=4096 n_heads=12 n_kv_heads=2 head_dim=128 kv_head=0 worker=0 block_r=0 block_c=3840 t0_us=261141621111 t1_us=261141621115 dur_us=4
FIG8_ATTENTION_EVENT mode=lut-exp layout=serial phase=warmup iteration=0 component=qk_dot component_id=4 lut_exp=1 scna_layout=0 scna_width=0 qo_len=4 kv_len=4096 n_heads=12 n_kv_heads=2 head_dim=128 kv_head=0 worker=0 block_r=0 block_c=3840 t0_us=261141621115 t1_us=261141621115 dur_us=0
FIG8_ATTENTION_EVENT mode=lut-exp layout=serial phase=warmup iteration=0 component=safe_sm component_id=5 lut_exp=1 scna_layout=0 scna_width=0 qo_len=4 kv_len=4096 n_heads=12 n_kv_heads=2 head_dim=128 kv_head=0 worker=0 block_r=0 block_c=3840 t0_us=261141621115 t1_us=261141621122 dur_us=6
FIG8_ATTENTION_EVENT mode=lut-exp layout=serial phase=warmup iteration=0 component=v_load component_id=3 lut_exp=1 scna_layout=0 scna_width=0 qo_len=4 kv_len=4096 n_heads=12 n_kv_heads=2 head_dim=128 kv_head=0 worker=0 block_r=0 block_c=3840 t0_us=261141621122 t1_us=261141621125 dur_us=2
FIG8_ATTENTION_EVENT mode=lut-exp layout=serial phase=warmup iteration=0 component=core_acc component_id=6 lut_exp=1 scna_layout=0 scna_width=0 qo_len=4 kv_len=4096 n_heads=12 n_kv_heads=2 head_dim=128 kv_head=0 worker=0 block_r=0 block_c=3840 t0_us=261141621125 t1_us=261141621125 dur_us=0
FIG8_ATTENTION_EVENT mode=lut-exp layout=serial phase=warmup iteration=0 component=o_scale component_id=7 lut_exp=1 scna_layout=0 scna_width=0 qo_len=4 kv_len=4096 n_heads=12 n_kv_heads=2 head_dim=128 kv_head=0 worker=0 block_r=0 block_c=-1 t0_us=261141621125 t1_us=261141621127 dur_us=1
FIG8_ATTENTION_EVENT mode=lut-exp layout=serial phase=warmup iteration=0 component=o_store component_id=8 lut_exp=1 scna_layout=0 scna_width=0 qo_len=4 kv_len=4096 n_heads=12 n_kv_heads=2 head_dim=128 kv_head=0 worker=0 block_r=0 block_c=-1 t0_us=261141621127 t1_us=261141621129 dur_us=2
FIG8_ATTENTION_EVENT mode=lut-exp layout=serial phase=warmup iteration=0 component=q_load component_id=1 lut_exp=1 scna_layout=0 scna_width=0 qo_len=4 kv_len=4096 n_heads=12 n_kv_heads=2 head_dim=128 kv_head=1 worker=0 block_r=0 block_c=-1 t0_us=261141621175 t1_us=261141621177 dur_us=1
FIG8_ATTENTION_EVENT mode=lut-exp layout=serial phase=warmup iteration=0 component=k_load component_id=2 lut_exp=1 scna_layout=0 scna_width=0 qo_len=4 kv_len=4096 n_heads=12 n_kv_heads=2 head_dim=128 kv_head=1 worker=0 block_r=0 block_c=0 t0_us=261141621178 t1_us=261141621199 dur_us=20
FIG8_ATTENTION_EVENT mode=lut-exp layout=serial phase=warmup iteration=0 component=qk_dot component_id=4 lut_exp=1 scna_layout=0 scna_width=0 qo_len=4 kv_len=4096 n_heads=12 n_kv_heads=2 head_dim=128 kv_head=1 worker=0 block_r=0 block_c=0 t0_us=261141621199 t1_us=261141621201 dur_us=1
FIG8_ATTENTION_EVENT mode=lut-exp layout=serial phase=warmup iteration=0 component=safe_sm component_id=5 lut_exp=1 scna_layout=0 scna_width=0 qo_len=4 kv_len=4096 n_heads=12 n_kv_heads=2 head_dim=128 kv_head=1 worker=0 block_r=0 block_c=0 t0_us=261141621201 t1_us=261141621221 dur_us=20
FIG8_ATTENTION_EVENT mode=lut-exp layout=serial phase=warmup iteration=0 component=v_load component_id=3 lut_exp=1 scna_layout=0 scna_width=0 qo_len=4 kv_len=4096 n_heads=12 n_kv_heads=2 head_dim=128 kv_head=1 worker=0 block_r=0 block_c=0 t0_us=261141621221 t1_us=261141621248 dur_us=26
FIG8_ATTENTION_EVENT mode=lut-exp layout=serial phase=warmup iteration=0 component=core_acc component_id=6 lut_exp=1 scna_layout=0 scna_width=0 qo_len=4 kv_len=4096 n_heads=12 n_kv_heads=2 head_dim=128 kv_head=1 worker=0 block_r=0 block_c=0 t0_us=261141621248 t1_us=261141621252 dur_us=3
FIG8_ATTENTION_EVENT mode=lut-exp layout=serial phase=warmup iteration=0 component=k_load component_id=2 lut_exp=1 scna_layout=0 scna_width=0 qo_len=4 kv_len=4096 n_heads=12 n_kv_heads=2 head_dim=128 kv_head=1 worker=0 block_r=0 block_c=1280 t0_us=261141621252 t1_us=261141621276 dur_us=23
FIG8_ATTENTION_EVENT mode=lut-exp layout=serial phase=warmup iteration=0 component=qk_dot component_id=4 lut_exp=1 scna_layout=0 scna_width=0 qo_len=4 kv_len=4096 n_heads=12 n_kv_heads=2 head_dim=128 kv_head=1 worker=0 block_r=0 block_c=1280 t0_us=261141621276 t1_us=261141621276 dur_us=0
FIG8_ATTENTION_EVENT mode=lut-exp layout=serial phase=warmup iteration=0 component=safe_sm component_id=5 lut_exp=1 scna_layout=0 scna_width=0 qo_len=4 kv_len=4096 n_heads=12 n_kv_heads=2 head_dim=128 kv_head=1 worker=0 block_r=0 block_c=1280 t0_us=261141621276 t1_us=261141621297 dur_us=21
FIG8_ATTENTION_EVENT mode=lut-exp layout=serial phase=warmup iteration=0 component=v_load component_id=3 lut_exp=1 scna_layout=0 scna_width=0 qo_len=4 kv_len=4096 n_heads=12 n_kv_heads=2 head_dim=128 kv_head=1 worker=0 block_r=0 block_c=1280 t0_us=261141621297 t1_us=261141621327 dur_us=29
FIG8_ATTENTION_EVENT mode=lut-exp layout=serial phase=warmup iteration=0 component=core_acc component_id=6 lut_exp=1 scna_layout=0 scna_width=0 qo_len=4 kv_len=4096 n_heads=12 n_kv_heads=2 head_dim=128 kv_head=1 worker=0 block_r=0 block_c=1280 t0_us=261141621327 t1_us=261141621327 dur_us=0
FIG8_ATTENTION_EVENT mode=lut-exp layout=serial phase=warmup iteration=0 component=k_load component_id=2 lut_exp=1 scna_layout=0 scna_width=0 qo_len=4 kv_len=4096 n_heads=12 n_kv_heads=2 head_dim=128 kv_head=1 worker=0 block_r=0 block_c=2560 t0_us=261141621327 t1_us=261141621345 dur_us=17
FIG8_ATTENTION_EVENT mode=lut-exp layout=serial phase=warmup iteration=0 component=qk_dot component_id=4 lut_exp=1 scna_layout=0 scna_width=0 qo_len=4 kv_len=4096 n_heads=12 n_kv_heads=2 head_dim=128 kv_head=1 worker=0 block_r=0 block_c=2560 t0_us=261141621345 t1_us=261141621345 dur_us=0
FIG8_ATTENTION_EVENT mode=lut-exp layout=serial phase=warmup iteration=0 component=safe_sm component_id=5 lut_exp=1 scna_layout=0 scna_width=0 qo_len=4 kv_len=4096 n_heads=12 n_kv_heads=2 head_dim=128 kv_head=1 worker=0 block_r=0 block_c=2560 t0_us=261141621346 t1_us=261141621368 dur_us=21
FIG8_ATTENTION_EVENT mode=lut-exp layout=serial phase=warmup iteration=0 component=v_load component_id=3 lut_exp=1 scna_layout=0 scna_width=0 qo_len=4 kv_len=4096 n_heads=12 n_kv_heads=2 head_dim=128 kv_head=1 worker=0 block_r=0 block_c=2560 t0_us=261141621368 t1_us=261141621410 dur_us=42
FIG8_ATTENTION_EVENT mode=lut-exp layout=serial phase=warmup iteration=0 component=core_acc component_id=6 lut_exp=1 scna_layout=0 scna_width=0 qo_len=4 kv_len=4096 n_heads=12 n_kv_heads=2 head_dim=128 kv_head=1 worker=0 block_r=0 block_c=2560 t0_us=261141621410 t1_us=261141621411 dur_us=0
FIG8_ATTENTION_EVENT mode=lut-exp layout=serial phase=warmup iteration=0 component=k_load component_id=2 lut_exp=1 scna_layout=0 scna_width=0 qo_len=4 kv_len=4096 n_heads=12 n_kv_heads=2 head_dim=128 kv_head=1 worker=0 block_r=0 block_c=3840 t0_us=261141621411 t1_us=261141621415 dur_us=3
FIG8_ATTENTION_EVENT mode=lut-exp layout=serial phase=warmup iteration=0 component=qk_dot component_id=4 lut_exp=1 scna_layout=0 scna_width=0 qo_len=4 kv_len=4096 n_heads=12 n_kv_heads=2 head_dim=128 kv_head=1 worker=0 block_r=0 block_c=3840 t0_us=261141621415 t1_us=261141621415 dur_us=0
FIG8_ATTENTION_EVENT mode=lut-exp layout=serial phase=warmup iteration=0 component=safe_sm component_id=5 lut_exp=1 scna_layout=0 scna_width=0 qo_len=4 kv_len=4096 n_heads=12 n_kv_heads=2 head_dim=128 kv_head=1 worker=0 block_r=0 block_c=3840 t0_us=261141621415 t1_us=261141621421 dur_us=6
FIG8_ATTENTION_EVENT mode=lut-exp layout=serial phase=warmup iteration=0 component=v_load component_id=3 lut_exp=1 scna_layout=0 scna_width=0 qo_len=4 kv_len=4096 n_heads=12 n_kv_heads=2 head_dim=128 kv_head=1 worker=0 block_r=0 block_c=3840 t0_us=261141621422 t1_us=261141621424 dur_us=2
FIG8_ATTENTION_EVENT mode=lut-exp layout=serial phase=warmup iteration=0 component=core_acc component_id=6 lut_exp=1 scna_layout=0 scna_width=0 qo_len=4 kv_len=4096 n_heads=12 n_kv_heads=2 head_dim=128 kv_head=1 worker=0 block_r=0 block_c=3840 t0_us=261141621424 t1_us=261141621424 dur_us=0
FIG8_ATTENTION_EVENT mode=lut-exp layout=serial phase=warmup iteration=0 component=o_scale component_id=7 lut_exp=1 scna_layout=0 scna_width=0 qo_len=4 kv_len=4096 n_heads=12 n_kv_heads=2 head_dim=128 kv_head=1 worker=0 block_r=0 block_c=-1 t0_us=261141621424 t1_us=261141621426 dur_us=2
FIG8_ATTENTION_EVENT mode=lut-exp layout=serial phase=warmup iteration=0 component=o_store component_id=8 lut_exp=1 scna_layout=0 scna_width=0 qo_len=4 kv_len=4096 n_heads=12 n_kv_heads=2 head_dim=128 kv_head=1 worker=0 block_r=0 block_c=-1 t0_us=261141621427 t1_us=261141621429 dur_us=2
FIG8_ATTENTION_CHECKSUM mode=lut-exp layout=serial scna_width=8 seed=figure8_fixed phase=warmup iteration=0 checksum=0xcff889f656826dad
FIG8_ATTENTION_HOST_TIMING mode=lut-exp layout=serial variant=pair_static_d8 workers=1 scna_width=8 seed=figure8_fixed mask_mode=full qo_len=32 kv_len=4096 n_heads=12 n_kv_heads=2 head_dim=128 phase=measure iteration=0 host_elapsed_us=4805 ret=0
FIG8_ATTENTION_PROFILE_COUNT mode=lut-exp qo_len=32 phase=measure iteration=0 records=16 max_records=24
FIG8_ATTENTION_WORKERS mode=lut-exp variant=pair_static_d8 qo_len=32 phase=measure iteration=0 requested_workers=1 active_workers=1 hvx_contexts=6 vtcm_worker_cap=8 tasks=16 q_task_rows=4
FIG8_ATTENTION_TIMERS mode=lut-exp layout=serial phase=measure iteration=0 lut_exp=1 scna_layout=0 scna_width=0 qo_len=4 kv_len=4096 n_heads=12 n_kv_heads=2 head_dim=128 kv_head=0 worker=1 profiled_total=225 q_load=1 k_load=68 v_load=79 qk_dot=2 safe_sm=67 scna_exp=0 param_prepare=0 core_acc=5 o_scale=1 o_store=2
FIG8_ATTENTION_TIMERS mode=lut-exp layout=serial phase=measure iteration=0 lut_exp=1 scna_layout=0 scna_width=0 qo_len=4 kv_len=4096 n_heads=12 n_kv_heads=2 head_dim=128 kv_head=1 worker=1 profiled_total=227 q_load=1 k_load=66 v_load=88 qk_dot=1 safe_sm=65 scna_exp=0 param_prepare=0 core_acc=3 o_scale=1 o_store=2
FIG8_ATTENTION_TIMERS mode=lut-exp layout=serial phase=measure iteration=0 lut_exp=1 scna_layout=0 scna_width=0 qo_len=4 kv_len=4096 n_heads=12 n_kv_heads=2 head_dim=128 kv_head=0 worker=1 profiled_total=221 q_load=1 k_load=69 v_load=78 qk_dot=1 safe_sm=64 scna_exp=0 param_prepare=0 core_acc=5 o_scale=1 o_store=2
FIG8_ATTENTION_TIMERS mode=lut-exp layout=serial phase=measure iteration=0 lut_exp=1 scna_layout=0 scna_width=0 qo_len=4 kv_len=4096 n_heads=12 n_kv_heads=2 head_dim=128 kv_head=1 worker=1 profiled_total=213 q_load=1 k_load=67 v_load=74 qk_dot=2 safe_sm=64 scna_exp=0 param_prepare=0 core_acc=2 o_scale=1 o_store=2
FIG8_ATTENTION_TIMERS mode=lut-exp layout=serial phase=measure iteration=0 lut_exp=1 scna_layout=0 scna_width=0 qo_len=4 kv_len=4096 n_heads=12 n_kv_heads=2 head_dim=128 kv_head=0 worker=1 profiled_total=222 q_load=1 k_load=69 v_load=79 qk_dot=1 safe_sm=64 scna_exp=0 param_prepare=0 core_acc=4 o_scale=2 o_store=2
FIG8_ATTENTION_TIMERS mode=lut-exp layout=serial phase=measure iteration=0 lut_exp=1 scna_layout=0 scna_width=0 qo_len=4 kv_len=4096 n_heads=12 n_kv_heads=2 head_dim=128 kv_head=1 worker=1 profiled_total=226 q_load=1 k_load=69 v_load=82 qk_dot=2 safe_sm=64 scna_exp=0 param_prepare=0 core_acc=4 o_scale=2 o_store=2
FIG8_ATTENTION_TIMERS mode=lut-exp layout=serial phase=measure iteration=0 lut_exp=1 scna_layout=0 scna_width=0 qo_len=4 kv_len=4096 n_heads=12 n_kv_heads=2 head_dim=128 kv_head=0 worker=1 profiled_total=224 q_load=1 k_load=68 v_load=83 qk_dot=1 safe_sm=64 scna_exp=0 param_prepare=0 core_acc=4 o_scale=1 o_store=2
FIG8_ATTENTION_TIMERS mode=lut-exp layout=serial phase=measure iteration=0 lut_exp=1 scna_layout=0 scna_width=0 qo_len=4 kv_len=4096 n_heads=12 n_kv_heads=2 head_dim=128 kv_head=1 worker=1 profiled_total=232 q_load=1 k_load=69 v_load=85 qk_dot=2 safe_sm=66 scna_exp=0 param_prepare=0 core_acc=6 o_scale=1 o_store=2
FIG8_ATTENTION_TIMERS mode=lut-exp layout=serial phase=measure iteration=0 lut_exp=1 scna_layout=0 scna_width=0 qo_len=4 kv_len=4096 n_heads=12 n_kv_heads=2 head_dim=128 kv_head=0 worker=1 profiled_total=228 q_load=1 k_load=66 v_load=88 qk_dot=1 safe_sm=66 scna_exp=0 param_prepare=0 core_acc=3 o_scale=1 o_store=2
FIG8_ATTENTION_TIMERS mode=lut-exp layout=serial phase=measure iteration=0 lut_exp=1 scna_layout=0 scna_width=0 qo_len=4 kv_len=4096 n_heads=12 n_kv_heads=2 head_dim=128 kv_head=1 worker=1 profiled_total=232 q_load=1 k_load=71 v_load=88 qk_dot=1 safe_sm=64 scna_exp=0 param_prepare=0 core_acc=3 o_scale=2 o_store=2
FIG8_ATTENTION_TIMERS mode=lut-exp layout=serial phase=measure iteration=0 lut_exp=1 scna_layout=0 scna_width=0 qo_len=4 kv_len=4096 n_heads=12 n_kv_heads=2 head_dim=128 kv_head=0 worker=1 profiled_total=228 q_load=1 k_load=67 v_load=86 qk_dot=1 safe_sm=66 scna_exp=0 param_prepare=0 core_acc=4 o_scale=1 o_store=2
FIG8_ATTENTION_TIMERS mode=lut-exp layout=serial phase=measure iteration=0 lut_exp=1 scna_layout=0 scna_width=0 qo_len=4 kv_len=4096 n_heads=12 n_kv_heads=2 head_dim=128 kv_head=1 worker=1 profiled_total=235 q_load=1 k_load=68 v_load=93 qk_dot=2 safe_sm=66 scna_exp=0 param_prepare=0 core_acc=2 o_scale=1 o_store=2
FIG8_ATTENTION_TIMERS mode=lut-exp layout=serial phase=measure iteration=0 lut_exp=1 scna_layout=0 scna_width=0 qo_len=4 kv_len=4096 n_heads=12 n_kv_heads=2 head_dim=128 kv_head=0 worker=1 profiled_total=230 q_load=1 k_load=68 v_load=87 qk_dot=1 safe_sm=65 scna_exp=0 param_prepare=0 core_acc=5 o_scale=1 o_store=2
FIG8_ATTENTION_TIMERS mode=lut-exp layout=serial phase=measure iteration=0 lut_exp=1 scna_layout=0 scna_width=0 qo_len=4 kv_len=4096 n_heads=12 n_kv_heads=2 head_dim=128 kv_head=1 worker=1 profiled_total=233 q_load=1 k_load=70 v_load=87 qk_dot=1 safe_sm=66 scna_exp=0 param_prepare=0 core_acc=4 o_scale=2 o_store=2
FIG8_ATTENTION_TIMERS mode=lut-exp layout=serial phase=measure iteration=0 lut_exp=1 scna_layout=0 scna_width=0 qo_len=4 kv_len=4096 n_heads=12 n_kv_heads=2 head_dim=128 kv_head=0 worker=1 profiled_total=237 q_load=1 k_load=69 v_load=86 qk_dot=2 safe_sm=69 scna_exp=0 param_prepare=0 core_acc=7 o_scale=1 o_store=2
FIG8_ATTENTION_TIMERS mode=lut-exp layout=serial phase=measure iteration=0 lut_exp=1 scna_layout=0 scna_width=0 qo_len=4 kv_len=4096 n_heads=12 n_kv_heads=2 head_dim=128 kv_head=1 worker=1 profiled_total=229 q_load=1 k_load=67 v_load=89 qk_dot=1 safe_sm=64 scna_exp=0 param_prepare=0 core_acc=3 o_scale=2 o_store=2
FIG8_ATTENTION_EVENT_COUNT mode=lut-exp qo_len=32 phase=measure iteration=0 events=368 max_events=33152 overflow=0
FIG8_ATTENTION_EVENT mode=lut-exp layout=serial phase=measure iteration=0 component=q_load component_id=1 lut_exp=1 scna_layout=0 scna_width=0 qo_len=4 kv_len=4096 n_heads=12 n_kv_heads=2 head_dim=128 kv_head=0 worker=1 block_r=0 block_c=-1 t0_us=261141625563 t1_us=261141625564 dur_us=1
FIG8_ATTENTION_EVENT mode=lut-exp layout=serial phase=measure iteration=0 component=k_load component_id=2 lut_exp=1 scna_layout=0 scna_width=0 qo_len=4 kv_len=4096 n_heads=12 n_kv_heads=2 head_dim=128 kv_head=0 worker=1 block_r=0 block_c=0 t0_us=261141625565 t1_us=261141625585 dur_us=20
FIG8_ATTENTION_EVENT mode=lut-exp layout=serial phase=measure iteration=0 component=qk_dot component_id=4 lut_exp=1 scna_layout=0 scna_width=0 qo_len=4 kv_len=4096 n_heads=12 n_kv_heads=2 head_dim=128 kv_head=0 worker=1 block_r=0 block_c=0 t0_us=261141625586 t1_us=261141625587 dur_us=0
FIG8_ATTENTION_EVENT mode=lut-exp layout=serial phase=measure iteration=0 component=safe_sm component_id=5 lut_exp=1 scna_layout=0 scna_width=0 qo_len=4 kv_len=4096 n_heads=12 n_kv_heads=2 head_dim=128 kv_head=0 worker=1 block_r=0 block_c=0 t0_us=261141625587 t1_us=261141625608 dur_us=20
FIG8_ATTENTION_EVENT mode=lut-exp layout=serial phase=measure iteration=0 component=v_load component_id=3 lut_exp=1 scna_layout=0 scna_width=0 qo_len=4 kv_len=4096 n_heads=12 n_kv_heads=2 head_dim=128 kv_head=0 worker=1 block_r=0 block_c=0 t0_us=261141625609 t1_us=261141625636 dur_us=27
FIG8_ATTENTION_EVENT mode=lut-exp layout=serial phase=measure iteration=0 component=core_acc component_id=6 lut_exp=1 scna_layout=0 scna_width=0 qo_len=4 kv_len=4096 n_heads=12 n_kv_heads=2 head_dim=128 kv_head=0 worker=1 block_r=0 block_c=0 t0_us=261141625636 t1_us=261141625639 dur_us=2
FIG8_ATTENTION_EVENT mode=lut-exp layout=serial phase=measure iteration=0 component=k_load component_id=2 lut_exp=1 scna_layout=0 scna_width=0 qo_len=4 kv_len=4096 n_heads=12 n_kv_heads=2 head_dim=128 kv_head=0 worker=1 block_r=0 block_c=1280 t0_us=261141625639 t1_us=261141625663 dur_us=23
FIG8_ATTENTION_EVENT mode=lut-exp layout=serial phase=measure iteration=0 component=qk_dot component_id=4 lut_exp=1 scna_layout=0 scna_width=0 qo_len=4 kv_len=4096 n_heads=12 n_kv_heads=2 head_dim=128 kv_head=0 worker=1 block_r=0 block_c=1280 t0_us=261141625663 t1_us=261141625663 dur_us=0
FIG8_ATTENTION_EVENT mode=lut-exp layout=serial phase=measure iteration=0 component=safe_sm component_id=5 lut_exp=1 scna_layout=0 scna_width=0 qo_len=4 kv_len=4096 n_heads=12 n_kv_heads=2 head_dim=128 kv_head=0 worker=1 block_r=0 block_c=1280 t0_us=261141625663 t1_us=261141625682 dur_us=19
FIG8_ATTENTION_EVENT mode=lut-exp layout=serial phase=measure iteration=0 component=v_load component_id=3 lut_exp=1 scna_layout=0 scna_width=0 qo_len=4 kv_len=4096 n_heads=12 n_kv_heads=2 head_dim=128 kv_head=0 worker=1 block_r=0 block_c=1280 t0_us=261141625683 t1_us=261141625706 dur_us=23
FIG8_ATTENTION_EVENT mode=lut-exp layout=serial phase=measure iteration=0 component=core_acc component_id=6 lut_exp=1 scna_layout=0 scna_width=0 qo_len=4 kv_len=4096 n_heads=12 n_kv_heads=2 head_dim=128 kv_head=0 worker=1 block_r=0 block_c=1280 t0_us=261141625707 t1_us=261141625708 dur_us=1
FIG8_ATTENTION_EVENT mode=lut-exp layout=serial phase=measure iteration=0 component=k_load component_id=2 lut_exp=1 scna_layout=0 scna_width=0 qo_len=4 kv_len=4096 n_heads=12 n_kv_heads=2 head_dim=128 kv_head=0 worker=1 block_r=0 block_c=2560 t0_us=261141625709 t1_us=261141625730 dur_us=21
FIG8_ATTENTION_EVENT mode=lut-exp layout=serial phase=measure iteration=0 component=qk_dot component_id=4 lut_exp=1 scna_layout=0 scna_width=0 qo_len=4 kv_len=4096 n_heads=12 n_kv_heads=2 head_dim=128 kv_head=0 worker=1 block_r=0 block_c=2560 t0_us=261141625731 t1_us=261141625732 dur_us=1
FIG8_ATTENTION_EVENT mode=lut-exp layout=serial phase=measure iteration=0 component=safe_sm component_id=5 lut_exp=1 scna_layout=0 scna_width=0 qo_len=4 kv_len=4096 n_heads=12 n_kv_heads=2 head_dim=128 kv_head=0 worker=1 block_r=0 block_c=2560 t0_us=261141625732 t1_us=261141625753 dur_us=20
FIG8_ATTENTION_EVENT mode=lut-exp layout=serial phase=measure iteration=0 component=v_load component_id=3 lut_exp=1 scna_layout=0 scna_width=0 qo_len=4 kv_len=4096 n_heads=12 n_kv_heads=2 head_dim=128 kv_head=0 worker=1 block_r=0 block_c=2560 t0_us=261141625753 t1_us=261141625779 dur_us=26
FIG8_ATTENTION_EVENT mode=lut-exp layout=serial phase=measure iteration=0 component=core_acc component_id=6 lut_exp=1 scna_layout=0 scna_width=0 qo_len=4 kv_len=4096 n_heads=12 n_kv_heads=2 head_dim=128 kv_head=0 worker=1 block_r=0 block_c=2560 t0_us=261141625779 t1_us=261141625780 dur_us=0
FIG8_ATTENTION_EVENT mode=lut-exp layout=serial phase=measure iteration=0 component=k_load component_id=2 lut_exp=1 scna_layout=0 scna_width=0 qo_len=4 kv_len=4096 n_heads=12 n_kv_heads=2 head_dim=128 kv_head=0 worker=1 block_r=0 block_c=3840 t0_us=261141625780 t1_us=261141625784 dur_us=4
FIG8_ATTENTION_EVENT mode=lut-exp layout=serial phase=measure iteration=0 component=qk_dot component_id=4 lut_exp=1 scna_layout=0 scna_width=0 qo_len=4 kv_len=4096 n_heads=12 n_kv_heads=2 head_dim=128 kv_head=0 worker=1 block_r=0 block_c=3840 t0_us=261141625784 t1_us=261141625784 dur_us=0
FIG8_ATTENTION_EVENT mode=lut-exp layout=serial phase=measure iteration=0 component=safe_sm component_id=5 lut_exp=1 scna_layout=0 scna_width=0 qo_len=4 kv_len=4096 n_heads=12 n_kv_heads=2 head_dim=128 kv_head=0 worker=1 block_r=0 block_c=3840 t0_us=261141625784 t1_us=261141625791 dur_us=6
FIG8_ATTENTION_EVENT mode=lut-exp layout=serial phase=measure iteration=0 component=v_load component_id=3 lut_exp=1 scna_layout=0 scna_width=0 qo_len=4 kv_len=4096 n_heads=12 n_kv_heads=2 head_dim=128 kv_head=0 worker=1 block_r=0 block_c=3840 t0_us=261141625791 t1_us=261141625793 dur_us=2
FIG8_ATTENTION_EVENT mode=lut-exp layout=serial phase=measure iteration=0 component=core_acc component_id=6 lut_exp=1 scna_layout=0 scna_width=0 qo_len=4 kv_len=4096 n_heads=12 n_kv_heads=2 head_dim=128 kv_head=0 worker=1 block_r=0 block_c=3840 t0_us=261141625793 t1_us=261141625794 dur_us=0
FIG8_ATTENTION_EVENT mode=lut-exp layout=serial phase=measure iteration=0 component=o_scale component_id=7 lut_exp=1 scna_layout=0 scna_width=0 qo_len=4 kv_len=4096 n_heads=12 n_kv_heads=2 head_dim=128 kv_head=0 worker=1 block_r=0 block_c=-1 t0_us=261141625794 t1_us=261141625795 dur_us=1
FIG8_ATTENTION_EVENT mode=lut-exp layout=serial phase=measure iteration=0 component=o_store component_id=8 lut_exp=1 scna_layout=0 scna_width=0 qo_len=4 kv_len=4096 n_heads=12 n_kv_heads=2 head_dim=128 kv_head=0 worker=1 block_r=0 block_c=-1 t0_us=261141625796 t1_us=261141625798 dur_us=2
FIG8_ATTENTION_EVENT mode=lut-exp layout=serial phase=measure iteration=0 component=q_load component_id=1 lut_exp=1 scna_layout=0 scna_width=0 qo_len=4 kv_len=4096 n_heads=12 n_kv_heads=2 head_dim=128 kv_head=1 worker=1 block_r=0 block_c=-1 t0_us=261141625847 t1_us=261141625849 dur_us=1
FIG8_ATTENTION_EVENT mode=lut-exp layout=serial phase=measure iteration=0 component=k_load component_id=2 lut_exp=1 scna_layout=0 scna_width=0 qo_len=4 kv_len=4096 n_heads=12 n_kv_heads=2 head_dim=128 kv_head=1 worker=1 block_r=0 block_c=0 t0_us=261141625850 t1_us=261141625871 dur_us=21
FIG8_ATTENTION_EVENT mode=lut-exp layout=serial phase=measure iteration=0 component=qk_dot component_id=4 lut_exp=1 scna_layout=0 scna_width=0 qo_len=4 kv_len=4096 n_heads=12 n_kv_heads=2 head_dim=128 kv_head=1 worker=1 block_r=0 block_c=0 t0_us=261141625871 t1_us=261141625872 dur_us=0
FIG8_ATTENTION_EVENT mode=lut-exp layout=serial phase=measure iteration=0 component=safe_sm component_id=5 lut_exp=1 scna_layout=0 scna_width=0 qo_len=4 kv_len=4096 n_heads=12 n_kv_heads=2 head_dim=128 kv_head=1 worker=1 block_r=0 block_c=0 t0_us=261141625872 t1_us=261141625891 dur_us=19
FIG8_ATTENTION_EVENT mode=lut-exp layout=serial phase=measure iteration=0 component=v_load component_id=3 lut_exp=1 scna_layout=0 scna_width=0 qo_len=4 kv_len=4096 n_heads=12 n_kv_heads=2 head_dim=128 kv_head=1 worker=1 block_r=0 block_c=0 t0_us=261141625891 t1_us=261141625916 dur_us=25
FIG8_ATTENTION_EVENT mode=lut-exp layout=serial phase=measure iteration=0 component=core_acc component_id=6 lut_exp=1 scna_layout=0 scna_width=0 qo_len=4 kv_len=4096 n_heads=12 n_kv_heads=2 head_dim=128 kv_head=1 worker=1 block_r=0 block_c=0 t0_us=261141625917 t1_us=261141625918 dur_us=1
FIG8_ATTENTION_EVENT mode=lut-exp layout=serial phase=measure iteration=0 component=k_load component_id=2 lut_exp=1 scna_layout=0 scna_width=0 qo_len=4 kv_len=4096 n_heads=12 n_kv_heads=2 head_dim=128 kv_head=1 worker=1 block_r=0 block_c=1280 t0_us=261141625918 t1_us=261141625939 dur_us=20
FIG8_ATTENTION_EVENT mode=lut-exp layout=serial phase=measure iteration=0 component=qk_dot component_id=4 lut_exp=1 scna_layout=0 scna_width=0 qo_len=4 kv_len=4096 n_heads=12 n_kv_heads=2 head_dim=128 kv_head=1 worker=1 block_r=0 block_c=1280 t0_us=261141625939 t1_us=261141625939 dur_us=0
FIG8_ATTENTION_EVENT mode=lut-exp layout=serial phase=measure iteration=0 component=safe_sm component_id=5 lut_exp=1 scna_layout=0 scna_width=0 qo_len=4 kv_len=4096 n_heads=12 n_kv_heads=2 head_dim=128 kv_head=1 worker=1 block_r=0 block_c=1280 t0_us=261141625939 t1_us=261141625959 dur_us=19
FIG8_ATTENTION_EVENT mode=lut-exp layout=serial phase=measure iteration=0 component=v_load component_id=3 lut_exp=1 scna_layout=0 scna_width=0 qo_len=4 kv_len=4096 n_heads=12 n_kv_heads=2 head_dim=128 kv_head=1 worker=1 block_r=0 block_c=1280 t0_us=261141625959 t1_us=261141625980 dur_us=21
FIG8_ATTENTION_EVENT mode=lut-exp layout=serial phase=measure iteration=0 component=core_acc component_id=6 lut_exp=1 scna_layout=0 scna_width=0 qo_len=4 kv_len=4096 n_heads=12 n_kv_heads=2 head_dim=128 kv_head=1 worker=1 block_r=0 block_c=1280 t0_us=261141625980 t1_us=261141625981 dur_us=0
FIG8_ATTENTION_EVENT mode=lut-exp layout=serial phase=measure iteration=0 component=k_load component_id=2 lut_exp=1 scna_layout=0 scna_width=0 qo_len=4 kv_len=4096 n_heads=12 n_kv_heads=2 head_dim=128 kv_head=1 worker=1 block_r=0 block_c=2560 t0_us=261141625981 t1_us=261141626001 dur_us=20
FIG8_ATTENTION_EVENT mode=lut-exp layout=serial phase=measure iteration=0 component=qk_dot component_id=4 lut_exp=1 scna_layout=0 scna_width=0 qo_len=4 kv_len=4096 n_heads=12 n_kv_heads=2 head_dim=128 kv_head=1 worker=1 block_r=0 block_c=2560 t0_us=261141626001 t1_us=261141626002 dur_us=0
FIG8_ATTENTION_EVENT mode=lut-exp layout=serial phase=measure iteration=0 component=safe_sm component_id=5 lut_exp=1 scna_layout=0 scna_width=0 qo_len=4 kv_len=4096 n_heads=12 n_kv_heads=2 head_dim=128 kv_head=1 worker=1 block_r=0 block_c=2560 t0_us=261141626002 t1_us=261141626022 dur_us=20
FIG8_ATTENTION_EVENT mode=lut-exp layout=serial phase=measure iteration=0 component=v_load component_id=3 lut_exp=1 scna_layout=0 scna_width=0 qo_len=4 kv_len=4096 n_heads=12 n_kv_heads=2 head_dim=128 kv_head=1 worker=1 block_r=0 block_c=2560 t0_us=261141626022 t1_us=261141626062 dur_us=39
FIG8_ATTENTION_EVENT mode=lut-exp layout=serial phase=measure iteration=0 component=core_acc component_id=6 lut_exp=1 scna_layout=0 scna_width=0 qo_len=4 kv_len=4096 n_heads=12 n_kv_heads=2 head_dim=128 kv_head=1 worker=1 block_r=0 block_c=2560 t0_us=261141626062 t1_us=261141626063 dur_us=1
FIG8_ATTENTION_EVENT mode=lut-exp layout=serial phase=measure iteration=0 component=k_load component_id=2 lut_exp=1 scna_layout=0 scna_width=0 qo_len=4 kv_len=4096 n_heads=12 n_kv_heads=2 head_dim=128 kv_head=1 worker=1 block_r=0 block_c=3840 t0_us=261141626063 t1_us=261141626068 dur_us=4
FIG8_ATTENTION_EVENT mode=lut-exp layout=serial phase=measure iteration=0 component=qk_dot component_id=4 lut_exp=1 scna_layout=0 scna_width=0 qo_len=4 kv_len=4096 n_heads=12 n_kv_heads=2 head_dim=128 kv_head=1 worker=1 block_r=0 block_c=3840 t0_us=261141626068 t1_us=261141626068 dur_us=0
FIG8_ATTENTION_EVENT mode=lut-exp layout=serial phase=measure iteration=0 component=safe_sm component_id=5 lut_exp=1 scna_layout=0 scna_width=0 qo_len=4 kv_len=4096 n_heads=12 n_kv_heads=2 head_dim=128 kv_head=1 worker=1 block_r=0 block_c=3840 t0_us=261141626068 t1_us=261141626074 dur_us=6
FIG8_ATTENTION_EVENT mode=lut-exp layout=serial phase=measure iteration=0 component=v_load component_id=3 lut_exp=1 scna_layout=0 scna_width=0 qo_len=4 kv_len=4096 n_heads=12 n_kv_heads=2 head_dim=128 kv_head=1 worker=1 block_r=0 block_c=3840 t0_us=261141626075 t1_us=261141626077 dur_us=2
FIG8_ATTENTION_EVENT mode=lut-exp layout=serial phase=measure iteration=0 component=core_acc component_id=6 lut_exp=1 scna_layout=0 scna_width=0 qo_len=4 kv_len=4096 n_heads=12 n_kv_heads=2 head_dim=128 kv_head=1 worker=1 block_r=0 block_c=3840 t0_us=261141626077 t1_us=261141626077 dur_us=0
FIG8_ATTENTION_EVENT mode=lut-exp layout=serial phase=measure iteration=0 component=o_scale component_id=7 lut_exp=1 scna_layout=0 scna_width=0 qo_len=4 kv_len=4096 n_heads=12 n_kv_heads=2 head_dim=128 kv_head=1 worker=1 block_r=0 block_c=-1 t0_us=261141626077 t1_us=261141626079 dur_us=1
FIG8_ATTENTION_EVENT mode=lut-exp layout=serial phase=measure iteration=0 component=o_store component_id=8 lut_exp=1 scna_layout=0 scna_width=0 qo_len=4 kv_len=4096 n_heads=12 n_kv_heads=2 head_dim=128 kv_head=1 worker=1 block_r=0 block_c=-1 t0_us=261141626080 t1_us=261141626082 dur_us=2
FIG8_ATTENTION_EVENT mode=lut-exp layout=serial phase=measure iteration=0 component=q_load component_id=1 lut_exp=1 scna_layout=0 scna_width=0 qo_len=4 kv_len=4096 n_heads=12 n_kv_heads=2 head_dim=128 kv_head=0 worker=1 block_r=0 block_c=-1 t0_us=261141626124 t1_us=261141626126 dur_us=1
FIG8_ATTENTION_EVENT mode=lut-exp layout=serial phase=measure iteration=0 component=k_load component_id=2 lut_exp=1 scna_layout=0 scna_width=0 qo_len=4 kv_len=4096 n_heads=12 n_kv_heads=2 head_dim=128 kv_head=0 worker=1 block_r=0 block_c=0 t0_us=261141626127 t1_us=261141626149 dur_us=21
FIG8_ATTENTION_EVENT mode=lut-exp layout=serial phase=measure iteration=0 component=qk_dot component_id=4 lut_exp=1 scna_layout=0 scna_width=0 qo_len=4 kv_len=4096 n_heads=12 n_kv_heads=2 head_dim=128 kv_head=0 worker=1 block_r=0 block_c=0 t0_us=261141626150 t1_us=261141626150 dur_us=0
FIG8_ATTENTION_EVENT mode=lut-exp layout=serial phase=measure iteration=0 component=safe_sm component_id=5 lut_exp=1 scna_layout=0 scna_width=0 qo_len=4 kv_len=4096 n_heads=12 n_kv_heads=2 head_dim=128 kv_head=0 worker=1 block_r=0 block_c=0 t0_us=261141626151 t1_us=261141626171 dur_us=19
FIG8_ATTENTION_EVENT mode=lut-exp layout=serial phase=measure iteration=0 component=v_load component_id=3 lut_exp=1 scna_layout=0 scna_width=0 qo_len=4 kv_len=4096 n_heads=12 n_kv_heads=2 head_dim=128 kv_head=0 worker=1 block_r=0 block_c=0 t0_us=261141626172 t1_us=261141626190 dur_us=18
FIG8_ATTENTION_EVENT mode=lut-exp layout=serial phase=measure iteration=0 component=core_acc component_id=6 lut_exp=1 scna_layout=0 scna_width=0 qo_len=4 kv_len=4096 n_heads=12 n_kv_heads=2 head_dim=128 kv_head=0 worker=1 block_r=0 block_c=0 t0_us=261141626190 t1_us=261141626193 dur_us=3
FIG8_ATTENTION_EVENT mode=lut-exp layout=serial phase=measure iteration=0 component=k_load component_id=2 lut_exp=1 scna_layout=0 scna_width=0 qo_len=4 kv_len=4096 n_heads=12 n_kv_heads=2 head_dim=128 kv_head=0 worker=1 block_r=0 block_c=1280 t0_us=261141626194 t1_us=261141626216 dur_us=22
FIG8_ATTENTION_EVENT mode=lut-exp layout=serial phase=measure iteration=0 component=qk_dot component_id=4 lut_exp=1 scna_layout=0 scna_width=0 qo_len=4 kv_len=4096 n_heads=12 n_kv_heads=2 head_dim=128 kv_head=0 worker=1 block_r=0 block_c=1280 t0_us=261141626217 t1_us=261141626217 dur_us=0
FIG8_ATTENTION_EVENT mode=lut-exp layout=serial phase=measure iteration=0 component=safe_sm component_id=5 lut_exp=1 scna_layout=0 scna_width=0 qo_len=4 kv_len=4096 n_heads=12 n_kv_heads=2 head_dim=128 kv_head=0 worker=1 block_r=0 block_c=1280 t0_us=261141626217 t1_us=261141626236 dur_us=19
FIG8_ATTENTION_EVENT mode=lut-exp layout=serial phase=measure iteration=0 component=v_load component_id=3 lut_exp=1 scna_layout=0 scna_width=0 qo_len=4 kv_len=4096 n_heads=12 n_kv_heads=2 head_dim=128 kv_head=0 worker=1 block_r=0 block_c=1280 t0_us=261141626236 t1_us=261141626267 dur_us=30
FIG8_ATTENTION_EVENT mode=lut-exp layout=serial phase=measure iteration=0 component=core_acc component_id=6 lut_exp=1 scna_layout=0 scna_width=0 qo_len=4 kv_len=4096 n_heads=12 n_kv_heads=2 head_dim=128 kv_head=0 worker=1 block_r=0 block_c=1280 t0_us=261141626267 t1_us=261141626268 dur_us=0
FIG8_ATTENTION_EVENT mode=lut-exp layout=serial phase=measure iteration=0 component=k_load component_id=2 lut_exp=1 scna_layout=0 scna_width=0 qo_len=4 kv_len=4096 n_heads=12 n_kv_heads=2 head_dim=128 kv_head=0 worker=1 block_r=0 block_c=2560 t0_us=261141626268 t1_us=261141626289 dur_us=20
FIG8_ATTENTION_EVENT mode=lut-exp layout=serial phase=measure iteration=0 component=qk_dot component_id=4 lut_exp=1 scna_layout=0 scna_width=0 qo_len=4 kv_len=4096 n_heads=12 n_kv_heads=2 head_dim=128 kv_head=0 worker=1 block_r=0 block_c=2560 t0_us=261141626289 t1_us=261141626289 dur_us=0
FIG8_ATTENTION_EVENT mode=lut-exp layout=serial phase=measure iteration=0 component=safe_sm component_id=5 lut_exp=1 scna_layout=0 scna_width=0 qo_len=4 kv_len=4096 n_heads=12 n_kv_heads=2 head_dim=128 kv_head=0 worker=1 block_r=0 block_c=2560 t0_us=261141626289 t1_us=261141626309 dur_us=19
FIG8_ATTENTION_EVENT mode=lut-exp layout=serial phase=measure iteration=0 component=v_load component_id=3 lut_exp=1 scna_layout=0 scna_width=0 qo_len=4 kv_len=4096 n_heads=12 n_kv_heads=2 head_dim=128 kv_head=0 worker=1 block_r=0 block_c=2560 t0_us=261141626309 t1_us=261141626337 dur_us=27
FIG8_ATTENTION_EVENT mode=lut-exp layout=serial phase=measure iteration=0 component=core_acc component_id=6 lut_exp=1 scna_layout=0 scna_width=0 qo_len=4 kv_len=4096 n_heads=12 n_kv_heads=2 head_dim=128 kv_head=0 worker=1 block_r=0 block_c=2560 t0_us=261141626337 t1_us=261141626338 dur_us=1
FIG8_ATTENTION_EVENT mode=lut-exp layout=serial phase=measure iteration=0 component=k_load component_id=2 lut_exp=1 scna_layout=0 scna_width=0 qo_len=4 kv_len=4096 n_heads=12 n_kv_heads=2 head_dim=128 kv_head=0 worker=1 block_r=0 block_c=3840 t0_us=261141626338 t1_us=261141626343 dur_us=4
FIG8_ATTENTION_EVENT mode=lut-exp layout=serial phase=measure iteration=0 component=qk_dot component_id=4 lut_exp=1 scna_layout=0 scna_width=0 qo_len=4 kv_len=4096 n_heads=12 n_kv_heads=2 head_dim=128 kv_head=0 worker=1 block_r=0 block_c=3840 t0_us=261141626343 t1_us=261141626343 dur_us=0
FIG8_ATTENTION_EVENT mode=lut-exp layout=serial phase=measure iteration=0 component=safe_sm component_id=5 lut_exp=1 scna_layout=0 scna_width=0 qo_len=4 kv_len=4096 n_heads=12 n_kv_heads=2 head_dim=128 kv_head=0 worker=1 block_r=0 block_c=3840 t0_us=261141626343 t1_us=261141626349 dur_us=6
FIG8_ATTENTION_EVENT mode=lut-exp layout=serial phase=measure iteration=0 component=v_load component_id=3 lut_exp=1 scna_layout=0 scna_width=0 qo_len=4 kv_len=4096 n_heads=12 n_kv_heads=2 head_dim=128 kv_head=0 worker=1 block_r=0 block_c=3840 t0_us=261141626350 t1_us=261141626352 dur_us=2
FIG8_ATTENTION_EVENT mode=lut-exp layout=serial phase=measure iteration=0 component=core_acc component_id=6 lut_exp=1 scna_layout=0 scna_width=0 qo_len=4 kv_len=4096 n_heads=12 n_kv_heads=2 head_dim=128 kv_head=0 worker=1 block_r=0 block_c=3840 t0_us=261141626352 t1_us=261141626352 dur_us=0
FIG8_ATTENTION_EVENT mode=lut-exp layout=serial phase=measure iteration=0 component=o_scale component_id=7 lut_exp=1 scna_layout=0 scna_width=0 qo_len=4 kv_len=4096 n_heads=12 n_kv_heads=2 head_dim=128 kv_head=0 worker=1 block_r=0 block_c=-1 t0_us=261141626352 t1_us=261141626354 dur_us=1
FIG8_ATTENTION_EVENT mode=lut-exp layout=serial phase=measure iteration=0 component=o_store component_id=8 lut_exp=1 scna_layout=0 scna_width=0 qo_len=4 kv_len=4096 n_heads=12 n_kv_heads=2 head_dim=128 kv_head=0 worker=1 block_r=0 block_c=-1 t0_us=261141626354 t1_us=261141626356 dur_us=2
FIG8_ATTENTION_EVENT mode=lut-exp layout=serial phase=measure iteration=0 component=q_load component_id=1 lut_exp=1 scna_layout=0 scna_width=0 qo_len=4 kv_len=4096 n_heads=12 n_kv_heads=2 head_dim=128 kv_head=1 worker=1 block_r=0 block_c=-1 t0_us=261141626401 t1_us=261141626403 dur_us=1
FIG8_ATTENTION_EVENT mode=lut-exp layout=serial phase=measure iteration=0 component=k_load component_id=2 lut_exp=1 scna_layout=0 scna_width=0 qo_len=4 kv_len=4096 n_heads=12 n_kv_heads=2 head_dim=128 kv_head=1 worker=1 block_r=0 block_c=0 t0_us=261141626404 t1_us=261141626425 dur_us=21
FIG8_ATTENTION_EVENT mode=lut-exp layout=serial phase=measure iteration=0 component=qk_dot component_id=4 lut_exp=1 scna_layout=0 scna_width=0 qo_len=4 kv_len=4096 n_heads=12 n_kv_heads=2 head_dim=128 kv_head=1 worker=1 block_r=0 block_c=0 t0_us=261141626426 t1_us=261141626427 dur_us=1
FIG8_ATTENTION_EVENT mode=lut-exp layout=serial phase=measure iteration=0 component=safe_sm component_id=5 lut_exp=1 scna_layout=0 scna_width=0 qo_len=4 kv_len=4096 n_heads=12 n_kv_heads=2 head_dim=128 kv_head=1 worker=1 block_r=0 block_c=0 t0_us=261141626427 t1_us=261141626447 dur_us=20
FIG8_ATTENTION_EVENT mode=lut-exp layout=serial phase=measure iteration=0 component=v_load component_id=3 lut_exp=1 scna_layout=0 scna_width=0 qo_len=4 kv_len=4096 n_heads=12 n_kv_heads=2 head_dim=128 kv_head=1 worker=1 block_r=0 block_c=0 t0_us=261141626447 t1_us=261141626465 dur_us=17
FIG8_ATTENTION_EVENT mode=lut-exp layout=serial phase=measure iteration=0 component=core_acc component_id=6 lut_exp=1 scna_layout=0 scna_width=0 qo_len=4 kv_len=4096 n_heads=12 n_kv_heads=2 head_dim=128 kv_head=1 worker=1 block_r=0 block_c=0 t0_us=261141626465 t1_us=261141626467 dur_us=1
FIG8_ATTENTION_EVENT mode=lut-exp layout=serial phase=measure iteration=0 component=k_load component_id=2 lut_exp=1 scna_layout=0 scna_width=0 qo_len=4 kv_len=4096 n_heads=12 n_kv_heads=2 head_dim=128 kv_head=1 worker=1 block_r=0 block_c=1280 t0_us=261141626467 t1_us=261141626489 dur_us=21
FIG8_ATTENTION_EVENT mode=lut-exp layout=serial phase=measure iteration=0 component=qk_dot component_id=4 lut_exp=1 scna_layout=0 scna_width=0 qo_len=4 kv_len=4096 n_heads=12 n_kv_heads=2 head_dim=128 kv_head=1 worker=1 block_r=0 block_c=1280 t0_us=261141626489 t1_us=261141626490 dur_us=0
FIG8_ATTENTION_EVENT mode=lut-exp layout=serial phase=measure iteration=0 component=safe_sm component_id=5 lut_exp=1 scna_layout=0 scna_width=0 qo_len=4 kv_len=4096 n_heads=12 n_kv_heads=2 head_dim=128 kv_head=1 worker=1 block_r=0 block_c=1280 t0_us=261141626490 t1_us=261141626508 dur_us=18
FIG8_ATTENTION_EVENT mode=lut-exp layout=serial phase=measure iteration=0 component=v_load component_id=3 lut_exp=1 scna_layout=0 scna_width=0 qo_len=4 kv_len=4096 n_heads=12 n_kv_heads=2 head_dim=128 kv_head=1 worker=1 block_r=0 block_c=1280 t0_us=261141626509 t1_us=261141626535 dur_us=26
FIG8_ATTENTION_EVENT mode=lut-exp layout=serial phase=measure iteration=0 component=core_acc component_id=6 lut_exp=1 scna_layout=0 scna_width=0 qo_len=4 kv_len=4096 n_heads=12 n_kv_heads=2 head_dim=128 kv_head=1 worker=1 block_r=0 block_c=1280 t0_us=261141626535 t1_us=261141626536 dur_us=0
FIG8_ATTENTION_EVENT mode=lut-exp layout=serial phase=measure iteration=0 component=k_load component_id=2 lut_exp=1 scna_layout=0 scna_width=0 qo_len=4 kv_len=4096 n_heads=12 n_kv_heads=2 head_dim=128 kv_head=1 worker=1 block_r=0 block_c=2560 t0_us=261141626536 t1_us=261141626557 dur_us=20
FIG8_ATTENTION_EVENT mode=lut-exp layout=serial phase=measure iteration=0 component=qk_dot component_id=4 lut_exp=1 scna_layout=0 scna_width=0 qo_len=4 kv_len=4096 n_heads=12 n_kv_heads=2 head_dim=128 kv_head=1 worker=1 block_r=0 block_c=2560 t0_us=261141626557 t1_us=261141626557 dur_us=0
FIG8_ATTENTION_EVENT mode=lut-exp layout=serial phase=measure iteration=0 component=safe_sm component_id=5 lut_exp=1 scna_layout=0 scna_width=0 qo_len=4 kv_len=4096 n_heads=12 n_kv_heads=2 head_dim=128 kv_head=1 worker=1 block_r=0 block_c=2560 t0_us=261141626558 t1_us=261141626577 dur_us=19
FIG8_ATTENTION_EVENT mode=lut-exp layout=serial phase=measure iteration=0 component=v_load component_id=3 lut_exp=1 scna_layout=0 scna_width=0 qo_len=4 kv_len=4096 n_heads=12 n_kv_heads=2 head_dim=128 kv_head=1 worker=1 block_r=0 block_c=2560 t0_us=261141626577 t1_us=261141626605 dur_us=28
FIG8_ATTENTION_EVENT mode=lut-exp layout=serial phase=measure iteration=0 component=core_acc component_id=6 lut_exp=1 scna_layout=0 scna_width=0 qo_len=4 kv_len=4096 n_heads=12 n_kv_heads=2 head_dim=128 kv_head=1 worker=1 block_r=0 block_c=2560 t0_us=261141626605 t1_us=261141626606 dur_us=0
FIG8_ATTENTION_EVENT mode=lut-exp layout=serial phase=measure iteration=0 component=k_load component_id=2 lut_exp=1 scna_layout=0 scna_width=0 qo_len=4 kv_len=4096 n_heads=12 n_kv_heads=2 head_dim=128 kv_head=1 worker=1 block_r=0 block_c=3840 t0_us=261141626606 t1_us=261141626610 dur_us=3
FIG8_ATTENTION_EVENT mode=lut-exp layout=serial phase=measure iteration=0 component=qk_dot component_id=4 lut_exp=1 scna_layout=0 scna_width=0 qo_len=4 kv_len=4096 n_heads=12 n_kv_heads=2 head_dim=128 kv_head=1 worker=1 block_r=0 block_c=3840 t0_us=261141626610 t1_us=261141626610 dur_us=0
FIG8_ATTENTION_EVENT mode=lut-exp layout=serial phase=measure iteration=0 component=safe_sm component_id=5 lut_exp=1 scna_layout=0 scna_width=0 qo_len=4 kv_len=4096 n_heads=12 n_kv_heads=2 head_dim=128 kv_head=1 worker=1 block_r=0 block_c=3840 t0_us=261141626610 t1_us=261141626617 dur_us=6
FIG8_ATTENTION_EVENT mode=lut-exp layout=serial phase=measure iteration=0 component=v_load component_id=3 lut_exp=1 scna_layout=0 scna_width=0 qo_len=4 kv_len=4096 n_heads=12 n_kv_heads=2 head_dim=128 kv_head=1 worker=1 block_r=0 block_c=3840 t0_us=261141626617 t1_us=261141626619 dur_us=2
FIG8_ATTENTION_EVENT mode=lut-exp layout=serial phase=measure iteration=0 component=core_acc component_id=6 lut_exp=1 scna_layout=0 scna_width=0 qo_len=4 kv_len=4096 n_heads=12 n_kv_heads=2 head_dim=128 kv_head=1 worker=1 block_r=0 block_c=3840 t0_us=261141626619 t1_us=261141626619 dur_us=0
FIG8_ATTENTION_EVENT mode=lut-exp layout=serial phase=measure iteration=0 component=o_scale component_id=7 lut_exp=1 scna_layout=0 scna_width=0 qo_len=4 kv_len=4096 n_heads=12 n_kv_heads=2 head_dim=128 kv_head=1 worker=1 block_r=0 block_c=-1 t0_us=261141626619 t1_us=261141626621 dur_us=1
FIG8_ATTENTION_EVENT mode=lut-exp layout=serial phase=measure iteration=0 component=o_store component_id=8 lut_exp=1 scna_layout=0 scna_width=0 qo_len=4 kv_len=4096 n_heads=12 n_kv_heads=2 head_dim=128 kv_head=1 worker=1 block_r=0 block_c=-1 t0_us=261141626622 t1_us=261141626624 dur_us=2
FIG8_ATTENTION_EVENT mode=lut-exp layout=serial phase=measure iteration=0 component=q_load component_id=1 lut_exp=1 scna_layout=0 scna_width=0 qo_len=4 kv_len=4096 n_heads=12 n_kv_heads=2 head_dim=128 kv_head=0 worker=1 block_r=0 block_c=-1 t0_us=261141626668 t1_us=261141626669 dur_us=1
FIG8_ATTENTION_EVENT mode=lut-exp layout=serial phase=measure iteration=0 component=k_load component_id=2 lut_exp=1 scna_layout=0 scna_width=0 qo_len=4 kv_len=4096 n_heads=12 n_kv_heads=2 head_dim=128 kv_head=0 worker=1 block_r=0 block_c=0 t0_us=261141626670 t1_us=261141626691 dur_us=20
FIG8_ATTENTION_EVENT mode=lut-exp layout=serial phase=measure iteration=0 component=qk_dot component_id=4 lut_exp=1 scna_layout=0 scna_width=0 qo_len=4 kv_len=4096 n_heads=12 n_kv_heads=2 head_dim=128 kv_head=0 worker=1 block_r=0 block_c=0 t0_us=261141626692 t1_us=261141626693 dur_us=0
FIG8_ATTENTION_EVENT mode=lut-exp layout=serial phase=measure iteration=0 component=safe_sm component_id=5 lut_exp=1 scna_layout=0 scna_width=0 qo_len=4 kv_len=4096 n_heads=12 n_kv_heads=2 head_dim=128 kv_head=0 worker=1 block_r=0 block_c=0 t0_us=261141626693 t1_us=261141626713 dur_us=19
FIG8_ATTENTION_EVENT mode=lut-exp layout=serial phase=measure iteration=0 component=v_load component_id=3 lut_exp=1 scna_layout=0 scna_width=0 qo_len=4 kv_len=4096 n_heads=12 n_kv_heads=2 head_dim=128 kv_head=0 worker=1 block_r=0 block_c=0 t0_us=261141626714 t1_us=261141626736 dur_us=21
FIG8_ATTENTION_EVENT mode=lut-exp layout=serial phase=measure iteration=0 component=core_acc component_id=6 lut_exp=1 scna_layout=0 scna_width=0 qo_len=4 kv_len=4096 n_heads=12 n_kv_heads=2 head_dim=128 kv_head=0 worker=1 block_r=0 block_c=0 t0_us=261141626736 t1_us=261141626739 dur_us=2
FIG8_ATTENTION_EVENT mode=lut-exp layout=serial phase=measure iteration=0 component=k_load component_id=2 lut_exp=1 scna_layout=0 scna_width=0 qo_len=4 kv_len=4096 n_heads=12 n_kv_heads=2 head_dim=128 kv_head=0 worker=1 block_r=0 block_c=1280 t0_us=261141626739 t1_us=261141626763 dur_us=23
FIG8_ATTENTION_EVENT mode=lut-exp layout=serial phase=measure iteration=0 component=qk_dot component_id=4 lut_exp=1 scna_layout=0 scna_width=0 qo_len=4 kv_len=4096 n_heads=12 n_kv_heads=2 head_dim=128 kv_head=0 worker=1 block_r=0 block_c=1280 t0_us=261141626763 t1_us=261141626764 dur_us=0
FIG8_ATTENTION_EVENT mode=lut-exp layout=serial phase=measure iteration=0 component=safe_sm component_id=5 lut_exp=1 scna_layout=0 scna_width=0 qo_len=4 kv_len=4096 n_heads=12 n_kv_heads=2 head_dim=128 kv_head=0 worker=1 block_r=0 block_c=1280 t0_us=261141626764 t1_us=261141626783 dur_us=19
FIG8_ATTENTION_EVENT mode=lut-exp layout=serial phase=measure iteration=0 component=v_load component_id=3 lut_exp=1 scna_layout=0 scna_width=0 qo_len=4 kv_len=4096 n_heads=12 n_kv_heads=2 head_dim=128 kv_head=0 worker=1 block_r=0 block_c=1280 t0_us=261141626783 t1_us=261141626810 dur_us=27
FIG8_ATTENTION_EVENT mode=lut-exp layout=serial phase=measure iteration=0 component=core_acc component_id=6 lut_exp=1 scna_layout=0 scna_width=0 qo_len=4 kv_len=4096 n_heads=12 n_kv_heads=2 head_dim=128 kv_head=0 worker=1 block_r=0 block_c=1280 t0_us=261141626811 t1_us=261141626811 dur_us=0
FIG8_ATTENTION_EVENT mode=lut-exp layout=serial phase=measure iteration=0 component=k_load component_id=2 lut_exp=1 scna_layout=0 scna_width=0 qo_len=4 kv_len=4096 n_heads=12 n_kv_heads=2 head_dim=128 kv_head=0 worker=1 block_r=0 block_c=2560 t0_us=261141626811 t1_us=261141626832 dur_us=20
FIG8_ATTENTION_EVENT mode=lut-exp layout=serial phase=measure iteration=0 component=qk_dot component_id=4 lut_exp=1 scna_layout=0 scna_width=0 qo_len=4 kv_len=4096 n_heads=12 n_kv_heads=2 head_dim=128 kv_head=0 worker=1 block_r=0 block_c=2560 t0_us=261141626832 t1_us=261141626833 dur_us=0
FIG8_ATTENTION_EVENT mode=lut-exp layout=serial phase=measure iteration=0 component=safe_sm component_id=5 lut_exp=1 scna_layout=0 scna_width=0 qo_len=4 kv_len=4096 n_heads=12 n_kv_heads=2 head_dim=128 kv_head=0 worker=1 block_r=0 block_c=2560 t0_us=261141626833 t1_us=261141626852 dur_us=19
FIG8_ATTENTION_EVENT mode=lut-exp layout=serial phase=measure iteration=0 component=v_load component_id=3 lut_exp=1 scna_layout=0 scna_width=0 qo_len=4 kv_len=4096 n_heads=12 n_kv_heads=2 head_dim=128 kv_head=0 worker=1 block_r=0 block_c=2560 t0_us=261141626852 t1_us=261141626881 dur_us=28
FIG8_ATTENTION_EVENT mode=lut-exp layout=serial phase=measure iteration=0 component=core_acc component_id=6 lut_exp=1 scna_layout=0 scna_width=0 qo_len=4 kv_len=4096 n_heads=12 n_kv_heads=2 head_dim=128 kv_head=0 worker=1 block_r=0 block_c=2560 t0_us=261141626881 t1_us=261141626882 dur_us=0
FIG8_ATTENTION_EVENT mode=lut-exp layout=serial phase=measure iteration=0 component=k_load component_id=2 lut_exp=1 scna_layout=0 scna_width=0 qo_len=4 kv_len=4096 n_heads=12 n_kv_heads=2 head_dim=128 kv_head=0 worker=1 block_r=0 block_c=3840 t0_us=261141626882 t1_us=261141626886 dur_us=4
FIG8_ATTENTION_EVENT mode=lut-exp layout=serial phase=measure iteration=0 component=qk_dot component_id=4 lut_exp=1 scna_layout=0 scna_width=0 qo_len=4 kv_len=4096 n_heads=12 n_kv_heads=2 head_dim=128 kv_head=0 worker=1 block_r=0 block_c=3840 t0_us=261141626886 t1_us=261141626886 dur_us=0
FIG8_ATTENTION_EVENT mode=lut-exp layout=serial phase=measure iteration=0 component=safe_sm component_id=5 lut_exp=1 scna_layout=0 scna_width=0 qo_len=4 kv_len=4096 n_heads=12 n_kv_heads=2 head_dim=128 kv_head=0 worker=1 block_r=0 block_c=3840 t0_us=261141626886 t1_us=261141626893 dur_us=6
FIG8_ATTENTION_EVENT mode=lut-exp layout=serial phase=measure iteration=0 component=v_load component_id=3 lut_exp=1 scna_layout=0 scna_width=0 qo_len=4 kv_len=4096 n_heads=12 n_kv_heads=2 head_dim=128 kv_head=0 worker=1 block_r=0 block_c=3840 t0_us=261141626893 t1_us=261141626895 dur_us=2
FIG8_ATTENTION_EVENT mode=lut-exp layout=serial phase=measure iteration=0 component=core_acc component_id=6 lut_exp=1 scna_layout=0 scna_width=0 qo_len=4 kv_len=4096 n_heads=12 n_kv_heads=2 head_dim=128 kv_head=0 worker=1 block_r=0 block_c=3840 t0_us=261141626895 t1_us=261141626895 dur_us=0
FIG8_ATTENTION_EVENT mode=lut-exp layout=serial phase=measure iteration=0 component=o_scale component_id=7 lut_exp=1 scna_layout=0 scna_width=0 qo_len=4 kv_len=4096 n_heads=12 n_kv_heads=2 head_dim=128 kv_head=0 worker=1 block_r=0 block_c=-1 t0_us=261141626895 t1_us=261141626898 dur_us=2
FIG8_ATTENTION_EVENT mode=lut-exp layout=serial phase=measure iteration=0 component=o_store component_id=8 lut_exp=1 scna_layout=0 scna_width=0 qo_len=4 kv_len=4096 n_heads=12 n_kv_heads=2 head_dim=128 kv_head=0 worker=1 block_r=0 block_c=-1 t0_us=261141626898 t1_us=261141626900 dur_us=2
FIG8_ATTENTION_EVENT mode=lut-exp layout=serial phase=measure iteration=0 component=q_load component_id=1 lut_exp=1 scna_layout=0 scna_width=0 qo_len=4 kv_len=4096 n_heads=12 n_kv_heads=2 head_dim=128 kv_head=1 worker=1 block_r=0 block_c=-1 t0_us=261141626946 t1_us=261141626947 dur_us=1
FIG8_ATTENTION_EVENT mode=lut-exp layout=serial phase=measure iteration=0 component=k_load component_id=2 lut_exp=1 scna_layout=0 scna_width=0 qo_len=4 kv_len=4096 n_heads=12 n_kv_heads=2 head_dim=128 kv_head=1 worker=1 block_r=0 block_c=0 t0_us=261141626948 t1_us=261141626970 dur_us=21
FIG8_ATTENTION_EVENT mode=lut-exp layout=serial phase=measure iteration=0 component=qk_dot component_id=4 lut_exp=1 scna_layout=0 scna_width=0 qo_len=4 kv_len=4096 n_heads=12 n_kv_heads=2 head_dim=128 kv_head=1 worker=1 block_r=0 block_c=0 t0_us=261141626970 t1_us=261141626971 dur_us=1
FIG8_ATTENTION_EVENT mode=lut-exp layout=serial phase=measure iteration=0 component=safe_sm component_id=5 lut_exp=1 scna_layout=0 scna_width=0 qo_len=4 kv_len=4096 n_heads=12 n_kv_heads=2 head_dim=128 kv_head=1 worker=1 block_r=0 block_c=0 t0_us=261141626972 t1_us=261141626991 dur_us=19
FIG8_ATTENTION_EVENT mode=lut-exp layout=serial phase=measure iteration=0 component=v_load component_id=3 lut_exp=1 scna_layout=0 scna_width=0 qo_len=4 kv_len=4096 n_heads=12 n_kv_heads=2 head_dim=128 kv_head=1 worker=1 block_r=0 block_c=0 t0_us=261141626991 t1_us=261141627011 dur_us=20
FIG8_ATTENTION_EVENT mode=lut-exp layout=serial phase=measure iteration=0 component=core_acc component_id=6 lut_exp=1 scna_layout=0 scna_width=0 qo_len=4 kv_len=4096 n_heads=12 n_kv_heads=2 head_dim=128 kv_head=1 worker=1 block_r=0 block_c=0 t0_us=261141627012 t1_us=261141627015 dur_us=2
FIG8_ATTENTION_EVENT mode=lut-exp layout=serial phase=measure iteration=0 component=k_load component_id=2 lut_exp=1 scna_layout=0 scna_width=0 qo_len=4 kv_len=4096 n_heads=12 n_kv_heads=2 head_dim=128 kv_head=1 worker=1 block_r=0 block_c=1280 t0_us=261141627015 t1_us=261141627038 dur_us=23
FIG8_ATTENTION_EVENT mode=lut-exp layout=serial phase=measure iteration=0 component=qk_dot component_id=4 lut_exp=1 scna_layout=0 scna_width=0 qo_len=4 kv_len=4096 n_heads=12 n_kv_heads=2 head_dim=128 kv_head=1 worker=1 block_r=0 block_c=1280 t0_us=261141627038 t1_us=261141627039 dur_us=0
FIG8_ATTENTION_EVENT mode=lut-exp layout=serial phase=measure iteration=0 component=safe_sm component_id=5 lut_exp=1 scna_layout=0 scna_width=0 qo_len=4 kv_len=4096 n_heads=12 n_kv_heads=2 head_dim=128 kv_head=1 worker=1 block_r=0 block_c=1280 t0_us=261141627039 t1_us=261141627058 dur_us=19
FIG8_ATTENTION_EVENT mode=lut-exp layout=serial phase=measure iteration=0 component=v_load component_id=3 lut_exp=1 scna_layout=0 scna_width=0 qo_len=4 kv_len=4096 n_heads=12 n_kv_heads=2 head_dim=128 kv_head=1 worker=1 block_r=0 block_c=1280 t0_us=261141627058 t1_us=261141627085 dur_us=26
FIG8_ATTENTION_EVENT mode=lut-exp layout=serial phase=measure iteration=0 component=core_acc component_id=6 lut_exp=1 scna_layout=0 scna_width=0 qo_len=4 kv_len=4096 n_heads=12 n_kv_heads=2 head_dim=128 kv_head=1 worker=1 block_r=0 block_c=1280 t0_us=261141627085 t1_us=261141627085 dur_us=0
FIG8_ATTENTION_EVENT mode=lut-exp layout=serial phase=measure iteration=0 component=k_load component_id=2 lut_exp=1 scna_layout=0 scna_width=0 qo_len=4 kv_len=4096 n_heads=12 n_kv_heads=2 head_dim=128 kv_head=1 worker=1 block_r=0 block_c=2560 t0_us=261141627085 t1_us=261141627106 dur_us=20
FIG8_ATTENTION_EVENT mode=lut-exp layout=serial phase=measure iteration=0 component=qk_dot component_id=4 lut_exp=1 scna_layout=0 scna_width=0 qo_len=4 kv_len=4096 n_heads=12 n_kv_heads=2 head_dim=128 kv_head=1 worker=1 block_r=0 block_c=2560 t0_us=261141627106 t1_us=261141627107 dur_us=0
FIG8_ATTENTION_EVENT mode=lut-exp layout=serial phase=measure iteration=0 component=safe_sm component_id=5 lut_exp=1 scna_layout=0 scna_width=0 qo_len=4 kv_len=4096 n_heads=12 n_kv_heads=2 head_dim=128 kv_head=1 worker=1 block_r=0 block_c=2560 t0_us=261141627107 t1_us=261141627126 dur_us=19
FIG8_ATTENTION_EVENT mode=lut-exp layout=serial phase=measure iteration=0 component=v_load component_id=3 lut_exp=1 scna_layout=0 scna_width=0 qo_len=4 kv_len=4096 n_heads=12 n_kv_heads=2 head_dim=128 kv_head=1 worker=1 block_r=0 block_c=2560 t0_us=261141627126 t1_us=261141627160 dur_us=33
FIG8_ATTENTION_EVENT mode=lut-exp layout=serial phase=measure iteration=0 component=core_acc component_id=6 lut_exp=1 scna_layout=0 scna_width=0 qo_len=4 kv_len=4096 n_heads=12 n_kv_heads=2 head_dim=128 kv_head=1 worker=1 block_r=0 block_c=2560 t0_us=261141627160 t1_us=261141627161 dur_us=1
FIG8_ATTENTION_EVENT mode=lut-exp layout=serial phase=measure iteration=0 component=k_load component_id=2 lut_exp=1 scna_layout=0 scna_width=0 qo_len=4 kv_len=4096 n_heads=12 n_kv_heads=2 head_dim=128 kv_head=1 worker=1 block_r=0 block_c=3840 t0_us=261141627161 t1_us=261141627166 dur_us=4
FIG8_ATTENTION_EVENT mode=lut-exp layout=serial phase=measure iteration=0 component=qk_dot component_id=4 lut_exp=1 scna_layout=0 scna_width=0 qo_len=4 kv_len=4096 n_heads=12 n_kv_heads=2 head_dim=128 kv_head=1 worker=1 block_r=0 block_c=3840 t0_us=261141627166 t1_us=261141627166 dur_us=0
FIG8_ATTENTION_EVENT mode=lut-exp layout=serial phase=measure iteration=0 component=safe_sm component_id=5 lut_exp=1 scna_layout=0 scna_width=0 qo_len=4 kv_len=4096 n_heads=12 n_kv_heads=2 head_dim=128 kv_head=1 worker=1 block_r=0 block_c=3840 t0_us=261141627166 t1_us=261141627173 dur_us=6
FIG8_ATTENTION_EVENT mode=lut-exp layout=serial phase=measure iteration=0 component=v_load component_id=3 lut_exp=1 scna_layout=0 scna_width=0 qo_len=4 kv_len=4096 n_heads=12 n_kv_heads=2 head_dim=128 kv_head=1 worker=1 block_r=0 block_c=3840 t0_us=261141627173 t1_us=261141627175 dur_us=2
FIG8_ATTENTION_EVENT mode=lut-exp layout=serial phase=measure iteration=0 component=core_acc component_id=6 lut_exp=1 scna_layout=0 scna_width=0 qo_len=4 kv_len=4096 n_heads=12 n_kv_heads=2 head_dim=128 kv_head=1 worker=1 block_r=0 block_c=3840 t0_us=261141627175 t1_us=261141627175 dur_us=0
FIG8_ATTENTION_EVENT mode=lut-exp layout=serial phase=measure iteration=0 component=o_scale component_id=7 lut_exp=1 scna_layout=0 scna_width=0 qo_len=4 kv_len=4096 n_heads=12 n_kv_heads=2 head_dim=128 kv_head=1 worker=1 block_r=0 block_c=-1 t0_us=261141627176 t1_us=261141627178 dur_us=2
FIG8_ATTENTION_EVENT mode=lut-exp layout=serial phase=measure iteration=0 component=o_store component_id=8 lut_exp=1 scna_layout=0 scna_width=0 qo_len=4 kv_len=4096 n_heads=12 n_kv_heads=2 head_dim=128 kv_head=1 worker=1 block_r=0 block_c=-1 t0_us=261141627178 t1_us=261141627181 dur_us=2
FIG8_ATTENTION_EVENT mode=lut-exp layout=serial phase=measure iteration=0 component=q_load component_id=1 lut_exp=1 scna_layout=0 scna_width=0 qo_len=4 kv_len=4096 n_heads=12 n_kv_heads=2 head_dim=128 kv_head=0 worker=1 block_r=0 block_c=-1 t0_us=261141627224 t1_us=261141627225 dur_us=1
FIG8_ATTENTION_EVENT mode=lut-exp layout=serial phase=measure iteration=0 component=k_load component_id=2 lut_exp=1 scna_layout=0 scna_width=0 qo_len=4 kv_len=4096 n_heads=12 n_kv_heads=2 head_dim=128 kv_head=0 worker=1 block_r=0 block_c=0 t0_us=261141627226 t1_us=261141627247 dur_us=21
FIG8_ATTENTION_EVENT mode=lut-exp layout=serial phase=measure iteration=0 component=qk_dot component_id=4 lut_exp=1 scna_layout=0 scna_width=0 qo_len=4 kv_len=4096 n_heads=12 n_kv_heads=2 head_dim=128 kv_head=0 worker=1 block_r=0 block_c=0 t0_us=261141627248 t1_us=261141627249 dur_us=0
FIG8_ATTENTION_EVENT mode=lut-exp layout=serial phase=measure iteration=0 component=safe_sm component_id=5 lut_exp=1 scna_layout=0 scna_width=0 qo_len=4 kv_len=4096 n_heads=12 n_kv_heads=2 head_dim=128 kv_head=0 worker=1 block_r=0 block_c=0 t0_us=261141627250 t1_us=261141627269 dur_us=19
FIG8_ATTENTION_EVENT mode=lut-exp layout=serial phase=measure iteration=0 component=v_load component_id=3 lut_exp=1 scna_layout=0 scna_width=0 qo_len=4 kv_len=4096 n_heads=12 n_kv_heads=2 head_dim=128 kv_head=0 worker=1 block_r=0 block_c=0 t0_us=261141627270 t1_us=261141627289 dur_us=18
FIG8_ATTENTION_EVENT mode=lut-exp layout=serial phase=measure iteration=0 component=core_acc component_id=6 lut_exp=1 scna_layout=0 scna_width=0 qo_len=4 kv_len=4096 n_heads=12 n_kv_heads=2 head_dim=128 kv_head=0 worker=1 block_r=0 block_c=0 t0_us=261141627289 t1_us=261141627291 dur_us=2
FIG8_ATTENTION_EVENT mode=lut-exp layout=serial phase=measure iteration=0 component=k_load component_id=2 lut_exp=1 scna_layout=0 scna_width=0 qo_len=4 kv_len=4096 n_heads=12 n_kv_heads=2 head_dim=128 kv_head=0 worker=1 block_r=0 block_c=1280 t0_us=261141627292 t1_us=261141627315 dur_us=23
FIG8_ATTENTION_EVENT mode=lut-exp layout=serial phase=measure iteration=0 component=qk_dot component_id=4 lut_exp=1 scna_layout=0 scna_width=0 qo_len=4 kv_len=4096 n_heads=12 n_kv_heads=2 head_dim=128 kv_head=0 worker=1 block_r=0 block_c=1280 t0_us=261141627315 t1_us=261141627316 dur_us=0
FIG8_ATTENTION_EVENT mode=lut-exp layout=serial phase=measure iteration=0 component=safe_sm component_id=5 lut_exp=1 scna_layout=0 scna_width=0 qo_len=4 kv_len=4096 n_heads=12 n_kv_heads=2 head_dim=128 kv_head=0 worker=1 block_r=0 block_c=1280 t0_us=261141627316 t1_us=261141627335 dur_us=19
FIG8_ATTENTION_EVENT mode=lut-exp layout=serial phase=measure iteration=0 component=v_load component_id=3 lut_exp=1 scna_layout=0 scna_width=0 qo_len=4 kv_len=4096 n_heads=12 n_kv_heads=2 head_dim=128 kv_head=0 worker=1 block_r=0 block_c=1280 t0_us=261141627335 t1_us=261141627368 dur_us=33
FIG8_ATTENTION_EVENT mode=lut-exp layout=serial phase=measure iteration=0 component=core_acc component_id=6 lut_exp=1 scna_layout=0 scna_width=0 qo_len=4 kv_len=4096 n_heads=12 n_kv_heads=2 head_dim=128 kv_head=0 worker=1 block_r=0 block_c=1280 t0_us=261141627369 t1_us=261141627369 dur_us=0
FIG8_ATTENTION_EVENT mode=lut-exp layout=serial phase=measure iteration=0 component=k_load component_id=2 lut_exp=1 scna_layout=0 scna_width=0 qo_len=4 kv_len=4096 n_heads=12 n_kv_heads=2 head_dim=128 kv_head=0 worker=1 block_r=0 block_c=2560 t0_us=261141627370 t1_us=261141627390 dur_us=20
FIG8_ATTENTION_EVENT mode=lut-exp layout=serial phase=measure iteration=0 component=qk_dot component_id=4 lut_exp=1 scna_layout=0 scna_width=0 qo_len=4 kv_len=4096 n_heads=12 n_kv_heads=2 head_dim=128 kv_head=0 worker=1 block_r=0 block_c=2560 t0_us=261141627390 t1_us=261141627390 dur_us=0
FIG8_ATTENTION_EVENT mode=lut-exp layout=serial phase=measure iteration=0 component=safe_sm component_id=5 lut_exp=1 scna_layout=0 scna_width=0 qo_len=4 kv_len=4096 n_heads=12 n_kv_heads=2 head_dim=128 kv_head=0 worker=1 block_r=0 block_c=2560 t0_us=261141627390 t1_us=261141627410 dur_us=19
FIG8_ATTENTION_EVENT mode=lut-exp layout=serial phase=measure iteration=0 component=v_load component_id=3 lut_exp=1 scna_layout=0 scna_width=0 qo_len=4 kv_len=4096 n_heads=12 n_kv_heads=2 head_dim=128 kv_head=0 worker=1 block_r=0 block_c=2560 t0_us=261141627410 t1_us=261141627439 dur_us=28
FIG8_ATTENTION_EVENT mode=lut-exp layout=serial phase=measure iteration=0 component=core_acc component_id=6 lut_exp=1 scna_layout=0 scna_width=0 qo_len=4 kv_len=4096 n_heads=12 n_kv_heads=2 head_dim=128 kv_head=0 worker=1 block_r=0 block_c=2560 t0_us=261141627439 t1_us=261141627440 dur_us=0
FIG8_ATTENTION_EVENT mode=lut-exp layout=serial phase=measure iteration=0 component=k_load component_id=2 lut_exp=1 scna_layout=0 scna_width=0 qo_len=4 kv_len=4096 n_heads=12 n_kv_heads=2 head_dim=128 kv_head=0 worker=1 block_r=0 block_c=3840 t0_us=261141627440 t1_us=261141627444 dur_us=4
FIG8_ATTENTION_EVENT mode=lut-exp layout=serial phase=measure iteration=0 component=qk_dot component_id=4 lut_exp=1 scna_layout=0 scna_width=0 qo_len=4 kv_len=4096 n_heads=12 n_kv_heads=2 head_dim=128 kv_head=0 worker=1 block_r=0 block_c=3840 t0_us=261141627445 t1_us=261141627445 dur_us=0
FIG8_ATTENTION_EVENT mode=lut-exp layout=serial phase=measure iteration=0 component=safe_sm component_id=5 lut_exp=1 scna_layout=0 scna_width=0 qo_len=4 kv_len=4096 n_heads=12 n_kv_heads=2 head_dim=128 kv_head=0 worker=1 block_r=0 block_c=3840 t0_us=261141627445 t1_us=261141627451 dur_us=6
FIG8_ATTENTION_EVENT mode=lut-exp layout=serial phase=measure iteration=0 component=v_load component_id=3 lut_exp=1 scna_layout=0 scna_width=0 qo_len=4 kv_len=4096 n_heads=12 n_kv_heads=2 head_dim=128 kv_head=0 worker=1 block_r=0 block_c=3840 t0_us=261141627451 t1_us=261141627453 dur_us=2
FIG8_ATTENTION_EVENT mode=lut-exp layout=serial phase=measure iteration=0 component=core_acc component_id=6 lut_exp=1 scna_layout=0 scna_width=0 qo_len=4 kv_len=4096 n_heads=12 n_kv_heads=2 head_dim=128 kv_head=0 worker=1 block_r=0 block_c=3840 t0_us=261141627453 t1_us=261141627454 dur_us=0
FIG8_ATTENTION_EVENT mode=lut-exp layout=serial phase=measure iteration=0 component=o_scale component_id=7 lut_exp=1 scna_layout=0 scna_width=0 qo_len=4 kv_len=4096 n_heads=12 n_kv_heads=2 head_dim=128 kv_head=0 worker=1 block_r=0 block_c=-1 t0_us=261141627454 t1_us=261141627456 dur_us=1
FIG8_ATTENTION_EVENT mode=lut-exp layout=serial phase=measure iteration=0 component=o_store component_id=8 lut_exp=1 scna_layout=0 scna_width=0 qo_len=4 kv_len=4096 n_heads=12 n_kv_heads=2 head_dim=128 kv_head=0 worker=1 block_r=0 block_c=-1 t0_us=261141627457 t1_us=261141627459 dur_us=2
FIG8_ATTENTION_EVENT mode=lut-exp layout=serial phase=measure iteration=0 component=q_load component_id=1 lut_exp=1 scna_layout=0 scna_width=0 qo_len=4 kv_len=4096 n_heads=12 n_kv_heads=2 head_dim=128 kv_head=1 worker=1 block_r=0 block_c=-1 t0_us=261141627503 t1_us=261141627505 dur_us=1
FIG8_ATTENTION_EVENT mode=lut-exp layout=serial phase=measure iteration=0 component=k_load component_id=2 lut_exp=1 scna_layout=0 scna_width=0 qo_len=4 kv_len=4096 n_heads=12 n_kv_heads=2 head_dim=128 kv_head=1 worker=1 block_r=0 block_c=0 t0_us=261141627506 t1_us=261141627527 dur_us=21
FIG8_ATTENTION_EVENT mode=lut-exp layout=serial phase=measure iteration=0 component=qk_dot component_id=4 lut_exp=1 scna_layout=0 scna_width=0 qo_len=4 kv_len=4096 n_heads=12 n_kv_heads=2 head_dim=128 kv_head=1 worker=1 block_r=0 block_c=0 t0_us=261141627528 t1_us=261141627529 dur_us=1
FIG8_ATTENTION_EVENT mode=lut-exp layout=serial phase=measure iteration=0 component=safe_sm component_id=5 lut_exp=1 scna_layout=0 scna_width=0 qo_len=4 kv_len=4096 n_heads=12 n_kv_heads=2 head_dim=128 kv_head=1 worker=1 block_r=0 block_c=0 t0_us=261141627529 t1_us=261141627549 dur_us=19
FIG8_ATTENTION_EVENT mode=lut-exp layout=serial phase=measure iteration=0 component=v_load component_id=3 lut_exp=1 scna_layout=0 scna_width=0 qo_len=4 kv_len=4096 n_heads=12 n_kv_heads=2 head_dim=128 kv_head=1 worker=1 block_r=0 block_c=0 t0_us=261141627549 t1_us=261141627570 dur_us=20
FIG8_ATTENTION_EVENT mode=lut-exp layout=serial phase=measure iteration=0 component=core_acc component_id=6 lut_exp=1 scna_layout=0 scna_width=0 qo_len=4 kv_len=4096 n_heads=12 n_kv_heads=2 head_dim=128 kv_head=1 worker=1 block_r=0 block_c=0 t0_us=261141627570 t1_us=261141627573 dur_us=2
FIG8_ATTENTION_EVENT mode=lut-exp layout=serial phase=measure iteration=0 component=k_load component_id=2 lut_exp=1 scna_layout=0 scna_width=0 qo_len=4 kv_len=4096 n_heads=12 n_kv_heads=2 head_dim=128 kv_head=1 worker=1 block_r=0 block_c=1280 t0_us=261141627573 t1_us=261141627596 dur_us=23
FIG8_ATTENTION_EVENT mode=lut-exp layout=serial phase=measure iteration=0 component=qk_dot component_id=4 lut_exp=1 scna_layout=0 scna_width=0 qo_len=4 kv_len=4096 n_heads=12 n_kv_heads=2 head_dim=128 kv_head=1 worker=1 block_r=0 block_c=1280 t0_us=261141627597 t1_us=261141627597 dur_us=0
FIG8_ATTENTION_EVENT mode=lut-exp layout=serial phase=measure iteration=0 component=safe_sm component_id=5 lut_exp=1 scna_layout=0 scna_width=0 qo_len=4 kv_len=4096 n_heads=12 n_kv_heads=2 head_dim=128 kv_head=1 worker=1 block_r=0 block_c=1280 t0_us=261141627597 t1_us=261141627616 dur_us=18
FIG8_ATTENTION_EVENT mode=lut-exp layout=serial phase=measure iteration=0 component=v_load component_id=3 lut_exp=1 scna_layout=0 scna_width=0 qo_len=4 kv_len=4096 n_heads=12 n_kv_heads=2 head_dim=128 kv_head=1 worker=1 block_r=0 block_c=1280 t0_us=261141627616 t1_us=261141627641 dur_us=25
FIG8_ATTENTION_EVENT mode=lut-exp layout=serial phase=measure iteration=0 component=core_acc component_id=6 lut_exp=1 scna_layout=0 scna_width=0 qo_len=4 kv_len=4096 n_heads=12 n_kv_heads=2 head_dim=128 kv_head=1 worker=1 block_r=0 block_c=1280 t0_us=261141627641 t1_us=261141627642 dur_us=0
FIG8_ATTENTION_EVENT mode=lut-exp layout=serial phase=measure iteration=0 component=k_load component_id=2 lut_exp=1 scna_layout=0 scna_width=0 qo_len=4 kv_len=4096 n_heads=12 n_kv_heads=2 head_dim=128 kv_head=1 worker=1 block_r=0 block_c=2560 t0_us=261141627642 t1_us=261141627662 dur_us=20
FIG8_ATTENTION_EVENT mode=lut-exp layout=serial phase=measure iteration=0 component=qk_dot component_id=4 lut_exp=1 scna_layout=0 scna_width=0 qo_len=4 kv_len=4096 n_heads=12 n_kv_heads=2 head_dim=128 kv_head=1 worker=1 block_r=0 block_c=2560 t0_us=261141627662 t1_us=261141627663 dur_us=0
FIG8_ATTENTION_EVENT mode=lut-exp layout=serial phase=measure iteration=0 component=safe_sm component_id=5 lut_exp=1 scna_layout=0 scna_width=0 qo_len=4 kv_len=4096 n_heads=12 n_kv_heads=2 head_dim=128 kv_head=1 worker=1 block_r=0 block_c=2560 t0_us=261141627663 t1_us=261141627682 dur_us=19
FIG8_ATTENTION_EVENT mode=lut-exp layout=serial phase=measure iteration=0 component=v_load component_id=3 lut_exp=1 scna_layout=0 scna_width=0 qo_len=4 kv_len=4096 n_heads=12 n_kv_heads=2 head_dim=128 kv_head=1 worker=1 block_r=0 block_c=2560 t0_us=261141627682 t1_us=261141627719 dur_us=36
FIG8_ATTENTION_EVENT mode=lut-exp layout=serial phase=measure iteration=0 component=core_acc component_id=6 lut_exp=1 scna_layout=0 scna_width=0 qo_len=4 kv_len=4096 n_heads=12 n_kv_heads=2 head_dim=128 kv_head=1 worker=1 block_r=0 block_c=2560 t0_us=261141627719 t1_us=261141627723 dur_us=3
FIG8_ATTENTION_EVENT mode=lut-exp layout=serial phase=measure iteration=0 component=k_load component_id=2 lut_exp=1 scna_layout=0 scna_width=0 qo_len=4 kv_len=4096 n_heads=12 n_kv_heads=2 head_dim=128 kv_head=1 worker=1 block_r=0 block_c=3840 t0_us=261141627723 t1_us=261141627727 dur_us=4
FIG8_ATTENTION_EVENT mode=lut-exp layout=serial phase=measure iteration=0 component=qk_dot component_id=4 lut_exp=1 scna_layout=0 scna_width=0 qo_len=4 kv_len=4096 n_heads=12 n_kv_heads=2 head_dim=128 kv_head=1 worker=1 block_r=0 block_c=3840 t0_us=261141627728 t1_us=261141627729 dur_us=0
FIG8_ATTENTION_EVENT mode=lut-exp layout=serial phase=measure iteration=0 component=safe_sm component_id=5 lut_exp=1 scna_layout=0 scna_width=0 qo_len=4 kv_len=4096 n_heads=12 n_kv_heads=2 head_dim=128 kv_head=1 worker=1 block_r=0 block_c=3840 t0_us=261141627730 t1_us=261141627738 dur_us=8
FIG8_ATTENTION_EVENT mode=lut-exp layout=serial phase=measure iteration=0 component=v_load component_id=3 lut_exp=1 scna_layout=0 scna_width=0 qo_len=4 kv_len=4096 n_heads=12 n_kv_heads=2 head_dim=128 kv_head=1 worker=1 block_r=0 block_c=3840 t0_us=261141627739 t1_us=261141627741 dur_us=2
FIG8_ATTENTION_EVENT mode=lut-exp layout=serial phase=measure iteration=0 component=core_acc component_id=6 lut_exp=1 scna_layout=0 scna_width=0 qo_len=4 kv_len=4096 n_heads=12 n_kv_heads=2 head_dim=128 kv_head=1 worker=1 block_r=0 block_c=3840 t0_us=261141627741 t1_us=261141627741 dur_us=0
FIG8_ATTENTION_EVENT mode=lut-exp layout=serial phase=measure iteration=0 component=o_scale component_id=7 lut_exp=1 scna_layout=0 scna_width=0 qo_len=4 kv_len=4096 n_heads=12 n_kv_heads=2 head_dim=128 kv_head=1 worker=1 block_r=0 block_c=-1 t0_us=261141627741 t1_us=261141627743 dur_us=1
FIG8_ATTENTION_EVENT mode=lut-exp layout=serial phase=measure iteration=0 component=o_store component_id=8 lut_exp=1 scna_layout=0 scna_width=0 qo_len=4 kv_len=4096 n_heads=12 n_kv_heads=2 head_dim=128 kv_head=1 worker=1 block_r=0 block_c=-1 t0_us=261141627744 t1_us=261141627746 dur_us=2
FIG8_ATTENTION_EVENT mode=lut-exp layout=serial phase=measure iteration=0 component=q_load component_id=1 lut_exp=1 scna_layout=0 scna_width=0 qo_len=4 kv_len=4096 n_heads=12 n_kv_heads=2 head_dim=128 kv_head=0 worker=1 block_r=0 block_c=-1 t0_us=261141627789 t1_us=261141627791 dur_us=1
FIG8_ATTENTION_EVENT mode=lut-exp layout=serial phase=measure iteration=0 component=k_load component_id=2 lut_exp=1 scna_layout=0 scna_width=0 qo_len=4 kv_len=4096 n_heads=12 n_kv_heads=2 head_dim=128 kv_head=0 worker=1 block_r=0 block_c=0 t0_us=261141627792 t1_us=261141627812 dur_us=20
FIG8_ATTENTION_EVENT mode=lut-exp layout=serial phase=measure iteration=0 component=qk_dot component_id=4 lut_exp=1 scna_layout=0 scna_width=0 qo_len=4 kv_len=4096 n_heads=12 n_kv_heads=2 head_dim=128 kv_head=0 worker=1 block_r=0 block_c=0 t0_us=261141627812 t1_us=261141627813 dur_us=0
FIG8_ATTENTION_EVENT mode=lut-exp layout=serial phase=measure iteration=0 component=safe_sm component_id=5 lut_exp=1 scna_layout=0 scna_width=0 qo_len=4 kv_len=4096 n_heads=12 n_kv_heads=2 head_dim=128 kv_head=0 worker=1 block_r=0 block_c=0 t0_us=261141627813 t1_us=261141627833 dur_us=19
FIG8_ATTENTION_EVENT mode=lut-exp layout=serial phase=measure iteration=0 component=v_load component_id=3 lut_exp=1 scna_layout=0 scna_width=0 qo_len=4 kv_len=4096 n_heads=12 n_kv_heads=2 head_dim=128 kv_head=0 worker=1 block_r=0 block_c=0 t0_us=261141627833 t1_us=261141627854 dur_us=20
FIG8_ATTENTION_EVENT mode=lut-exp layout=serial phase=measure iteration=0 component=core_acc component_id=6 lut_exp=1 scna_layout=0 scna_width=0 qo_len=4 kv_len=4096 n_heads=12 n_kv_heads=2 head_dim=128 kv_head=0 worker=1 block_r=0 block_c=0 t0_us=261141627854 t1_us=261141627856 dur_us=1
FIG8_ATTENTION_EVENT mode=lut-exp layout=serial phase=measure iteration=0 component=k_load component_id=2 lut_exp=1 scna_layout=0 scna_width=0 qo_len=4 kv_len=4096 n_heads=12 n_kv_heads=2 head_dim=128 kv_head=0 worker=1 block_r=0 block_c=1280 t0_us=261141627856 t1_us=261141627878 dur_us=21
FIG8_ATTENTION_EVENT mode=lut-exp layout=serial phase=measure iteration=0 component=qk_dot component_id=4 lut_exp=1 scna_layout=0 scna_width=0 qo_len=4 kv_len=4096 n_heads=12 n_kv_heads=2 head_dim=128 kv_head=0 worker=1 block_r=0 block_c=1280 t0_us=261141627878 t1_us=261141627878 dur_us=0
FIG8_ATTENTION_EVENT mode=lut-exp layout=serial phase=measure iteration=0 component=safe_sm component_id=5 lut_exp=1 scna_layout=0 scna_width=0 qo_len=4 kv_len=4096 n_heads=12 n_kv_heads=2 head_dim=128 kv_head=0 worker=1 block_r=0 block_c=1280 t0_us=261141627879 t1_us=261141627898 dur_us=19
FIG8_ATTENTION_EVENT mode=lut-exp layout=serial phase=measure iteration=0 component=v_load component_id=3 lut_exp=1 scna_layout=0 scna_width=0 qo_len=4 kv_len=4096 n_heads=12 n_kv_heads=2 head_dim=128 kv_head=0 worker=1 block_r=0 block_c=1280 t0_us=261141627898 t1_us=261141627926 dur_us=27
FIG8_ATTENTION_EVENT mode=lut-exp layout=serial phase=measure iteration=0 component=core_acc component_id=6 lut_exp=1 scna_layout=0 scna_width=0 qo_len=4 kv_len=4096 n_heads=12 n_kv_heads=2 head_dim=128 kv_head=0 worker=1 block_r=0 block_c=1280 t0_us=261141627926 t1_us=261141627927 dur_us=0
FIG8_ATTENTION_EVENT mode=lut-exp layout=serial phase=measure iteration=0 component=k_load component_id=2 lut_exp=1 scna_layout=0 scna_width=0 qo_len=4 kv_len=4096 n_heads=12 n_kv_heads=2 head_dim=128 kv_head=0 worker=1 block_r=0 block_c=2560 t0_us=261141627927 t1_us=261141627947 dur_us=20
FIG8_ATTENTION_EVENT mode=lut-exp layout=serial phase=measure iteration=0 component=qk_dot component_id=4 lut_exp=1 scna_layout=0 scna_width=0 qo_len=4 kv_len=4096 n_heads=12 n_kv_heads=2 head_dim=128 kv_head=0 worker=1 block_r=0 block_c=2560 t0_us=261141627947 t1_us=261141627948 dur_us=0
FIG8_ATTENTION_EVENT mode=lut-exp layout=serial phase=measure iteration=0 component=safe_sm component_id=5 lut_exp=1 scna_layout=0 scna_width=0 qo_len=4 kv_len=4096 n_heads=12 n_kv_heads=2 head_dim=128 kv_head=0 worker=1 block_r=0 block_c=2560 t0_us=261141627948 t1_us=261141627968 dur_us=20
FIG8_ATTENTION_EVENT mode=lut-exp layout=serial phase=measure iteration=0 component=v_load component_id=3 lut_exp=1 scna_layout=0 scna_width=0 qo_len=4 kv_len=4096 n_heads=12 n_kv_heads=2 head_dim=128 kv_head=0 worker=1 block_r=0 block_c=2560 t0_us=261141627969 t1_us=261141628007 dur_us=38
FIG8_ATTENTION_EVENT mode=lut-exp layout=serial phase=measure iteration=0 component=core_acc component_id=6 lut_exp=1 scna_layout=0 scna_width=0 qo_len=4 kv_len=4096 n_heads=12 n_kv_heads=2 head_dim=128 kv_head=0 worker=1 block_r=0 block_c=2560 t0_us=261141628007 t1_us=261141628008 dur_us=0
FIG8_ATTENTION_EVENT mode=lut-exp layout=serial phase=measure iteration=0 component=k_load component_id=2 lut_exp=1 scna_layout=0 scna_width=0 qo_len=4 kv_len=4096 n_heads=12 n_kv_heads=2 head_dim=128 kv_head=0 worker=1 block_r=0 block_c=3840 t0_us=261141628008 t1_us=261141628012 dur_us=4
FIG8_ATTENTION_EVENT mode=lut-exp layout=serial phase=measure iteration=0 component=qk_dot component_id=4 lut_exp=1 scna_layout=0 scna_width=0 qo_len=4 kv_len=4096 n_heads=12 n_kv_heads=2 head_dim=128 kv_head=0 worker=1 block_r=0 block_c=3840 t0_us=261141628012 t1_us=261141628012 dur_us=0
FIG8_ATTENTION_EVENT mode=lut-exp layout=serial phase=measure iteration=0 component=safe_sm component_id=5 lut_exp=1 scna_layout=0 scna_width=0 qo_len=4 kv_len=4096 n_heads=12 n_kv_heads=2 head_dim=128 kv_head=0 worker=1 block_r=0 block_c=3840 t0_us=261141628012 t1_us=261141628019 dur_us=6
FIG8_ATTENTION_EVENT mode=lut-exp layout=serial phase=measure iteration=0 component=v_load component_id=3 lut_exp=1 scna_layout=0 scna_width=0 qo_len=4 kv_len=4096 n_heads=12 n_kv_heads=2 head_dim=128 kv_head=0 worker=1 block_r=0 block_c=3840 t0_us=261141628019 t1_us=261141628021 dur_us=2
FIG8_ATTENTION_EVENT mode=lut-exp layout=serial phase=measure iteration=0 component=core_acc component_id=6 lut_exp=1 scna_layout=0 scna_width=0 qo_len=4 kv_len=4096 n_heads=12 n_kv_heads=2 head_dim=128 kv_head=0 worker=1 block_r=0 block_c=3840 t0_us=261141628022 t1_us=261141628022 dur_us=0
FIG8_ATTENTION_EVENT mode=lut-exp layout=serial phase=measure iteration=0 component=o_scale component_id=7 lut_exp=1 scna_layout=0 scna_width=0 qo_len=4 kv_len=4096 n_heads=12 n_kv_heads=2 head_dim=128 kv_head=0 worker=1 block_r=0 block_c=-1 t0_us=261141628022 t1_us=261141628024 dur_us=1
FIG8_ATTENTION_EVENT mode=lut-exp layout=serial phase=measure iteration=0 component=o_store component_id=8 lut_exp=1 scna_layout=0 scna_width=0 qo_len=4 kv_len=4096 n_heads=12 n_kv_heads=2 head_dim=128 kv_head=0 worker=1 block_r=0 block_c=-1 t0_us=261141628024 t1_us=261141628026 dur_us=2
FIG8_ATTENTION_EVENT mode=lut-exp layout=serial phase=measure iteration=0 component=q_load component_id=1 lut_exp=1 scna_layout=0 scna_width=0 qo_len=4 kv_len=4096 n_heads=12 n_kv_heads=2 head_dim=128 kv_head=1 worker=1 block_r=0 block_c=-1 t0_us=261141628072 t1_us=261141628074 dur_us=1
FIG8_ATTENTION_EVENT mode=lut-exp layout=serial phase=measure iteration=0 component=k_load component_id=2 lut_exp=1 scna_layout=0 scna_width=0 qo_len=4 kv_len=4096 n_heads=12 n_kv_heads=2 head_dim=128 kv_head=1 worker=1 block_r=0 block_c=0 t0_us=261141628075 t1_us=261141628098 dur_us=23
FIG8_ATTENTION_EVENT mode=lut-exp layout=serial phase=measure iteration=0 component=qk_dot component_id=4 lut_exp=1 scna_layout=0 scna_width=0 qo_len=4 kv_len=4096 n_heads=12 n_kv_heads=2 head_dim=128 kv_head=1 worker=1 block_r=0 block_c=0 t0_us=261141628099 t1_us=261141628100 dur_us=1
FIG8_ATTENTION_EVENT mode=lut-exp layout=serial phase=measure iteration=0 component=safe_sm component_id=5 lut_exp=1 scna_layout=0 scna_width=0 qo_len=4 kv_len=4096 n_heads=12 n_kv_heads=2 head_dim=128 kv_head=1 worker=1 block_r=0 block_c=0 t0_us=261141628100 t1_us=261141628119 dur_us=19
FIG8_ATTENTION_EVENT mode=lut-exp layout=serial phase=measure iteration=0 component=v_load component_id=3 lut_exp=1 scna_layout=0 scna_width=0 qo_len=4 kv_len=4096 n_heads=12 n_kv_heads=2 head_dim=128 kv_head=1 worker=1 block_r=0 block_c=0 t0_us=261141628119 t1_us=261141628145 dur_us=25
FIG8_ATTENTION_EVENT mode=lut-exp layout=serial phase=measure iteration=0 component=core_acc component_id=6 lut_exp=1 scna_layout=0 scna_width=0 qo_len=4 kv_len=4096 n_heads=12 n_kv_heads=2 head_dim=128 kv_head=1 worker=1 block_r=0 block_c=0 t0_us=261141628145 t1_us=261141628148 dur_us=2
FIG8_ATTENTION_EVENT mode=lut-exp layout=serial phase=measure iteration=0 component=k_load component_id=2 lut_exp=1 scna_layout=0 scna_width=0 qo_len=4 kv_len=4096 n_heads=12 n_kv_heads=2 head_dim=128 kv_head=1 worker=1 block_r=0 block_c=1280 t0_us=261141628149 t1_us=261141628172 dur_us=23
FIG8_ATTENTION_EVENT mode=lut-exp layout=serial phase=measure iteration=0 component=qk_dot component_id=4 lut_exp=1 scna_layout=0 scna_width=0 qo_len=4 kv_len=4096 n_heads=12 n_kv_heads=2 head_dim=128 kv_head=1 worker=1 block_r=0 block_c=1280 t0_us=261141628172 t1_us=261141628172 dur_us=0
FIG8_ATTENTION_EVENT mode=lut-exp layout=serial phase=measure iteration=0 component=safe_sm component_id=5 lut_exp=1 scna_layout=0 scna_width=0 qo_len=4 kv_len=4096 n_heads=12 n_kv_heads=2 head_dim=128 kv_head=1 worker=1 block_r=0 block_c=1280 t0_us=261141628172 t1_us=261141628191 dur_us=18
FIG8_ATTENTION_EVENT mode=lut-exp layout=serial phase=measure iteration=0 component=v_load component_id=3 lut_exp=1 scna_layout=0 scna_width=0 qo_len=4 kv_len=4096 n_heads=12 n_kv_heads=2 head_dim=128 kv_head=1 worker=1 block_r=0 block_c=1280 t0_us=261141628191 t1_us=261141628224 dur_us=32
FIG8_ATTENTION_EVENT mode=lut-exp layout=serial phase=measure iteration=0 component=core_acc component_id=6 lut_exp=1 scna_layout=0 scna_width=0 qo_len=4 kv_len=4096 n_heads=12 n_kv_heads=2 head_dim=128 kv_head=1 worker=1 block_r=0 block_c=1280 t0_us=261141628224 t1_us=261141628224 dur_us=0
FIG8_ATTENTION_EVENT mode=lut-exp layout=serial phase=measure iteration=0 component=k_load component_id=2 lut_exp=1 scna_layout=0 scna_width=0 qo_len=4 kv_len=4096 n_heads=12 n_kv_heads=2 head_dim=128 kv_head=1 worker=1 block_r=0 block_c=2560 t0_us=261141628224 t1_us=261141628245 dur_us=20
FIG8_ATTENTION_EVENT mode=lut-exp layout=serial phase=measure iteration=0 component=qk_dot component_id=4 lut_exp=1 scna_layout=0 scna_width=0 qo_len=4 kv_len=4096 n_heads=12 n_kv_heads=2 head_dim=128 kv_head=1 worker=1 block_r=0 block_c=2560 t0_us=261141628245 t1_us=261141628246 dur_us=0
FIG8_ATTENTION_EVENT mode=lut-exp layout=serial phase=measure iteration=0 component=safe_sm component_id=5 lut_exp=1 scna_layout=0 scna_width=0 qo_len=4 kv_len=4096 n_heads=12 n_kv_heads=2 head_dim=128 kv_head=1 worker=1 block_r=0 block_c=2560 t0_us=261141628246 t1_us=261141628265 dur_us=19
FIG8_ATTENTION_EVENT mode=lut-exp layout=serial phase=measure iteration=0 component=v_load component_id=3 lut_exp=1 scna_layout=0 scna_width=0 qo_len=4 kv_len=4096 n_heads=12 n_kv_heads=2 head_dim=128 kv_head=1 worker=1 block_r=0 block_c=2560 t0_us=261141628266 t1_us=261141628294 dur_us=28
FIG8_ATTENTION_EVENT mode=lut-exp layout=serial phase=measure iteration=0 component=core_acc component_id=6 lut_exp=1 scna_layout=0 scna_width=0 qo_len=4 kv_len=4096 n_heads=12 n_kv_heads=2 head_dim=128 kv_head=1 worker=1 block_r=0 block_c=2560 t0_us=261141628295 t1_us=261141628295 dur_us=0
FIG8_ATTENTION_EVENT mode=lut-exp layout=serial phase=measure iteration=0 component=k_load component_id=2 lut_exp=1 scna_layout=0 scna_width=0 qo_len=4 kv_len=4096 n_heads=12 n_kv_heads=2 head_dim=128 kv_head=1 worker=1 block_r=0 block_c=3840 t0_us=261141628295 t1_us=261141628299 dur_us=4
FIG8_ATTENTION_EVENT mode=lut-exp layout=serial phase=measure iteration=0 component=qk_dot component_id=4 lut_exp=1 scna_layout=0 scna_width=0 qo_len=4 kv_len=4096 n_heads=12 n_kv_heads=2 head_dim=128 kv_head=1 worker=1 block_r=0 block_c=3840 t0_us=261141628300 t1_us=261141628300 dur_us=0
FIG8_ATTENTION_EVENT mode=lut-exp layout=serial phase=measure iteration=0 component=safe_sm component_id=5 lut_exp=1 scna_layout=0 scna_width=0 qo_len=4 kv_len=4096 n_heads=12 n_kv_heads=2 head_dim=128 kv_head=1 worker=1 block_r=0 block_c=3840 t0_us=261141628300 t1_us=261141628306 dur_us=6
FIG8_ATTENTION_EVENT mode=lut-exp layout=serial phase=measure iteration=0 component=v_load component_id=3 lut_exp=1 scna_layout=0 scna_width=0 qo_len=4 kv_len=4096 n_heads=12 n_kv_heads=2 head_dim=128 kv_head=1 worker=1 block_r=0 block_c=3840 t0_us=261141628306 t1_us=261141628308 dur_us=2
FIG8_ATTENTION_EVENT mode=lut-exp layout=serial phase=measure iteration=0 component=core_acc component_id=6 lut_exp=1 scna_layout=0 scna_width=0 qo_len=4 kv_len=4096 n_heads=12 n_kv_heads=2 head_dim=128 kv_head=1 worker=1 block_r=0 block_c=3840 t0_us=261141628308 t1_us=261141628309 dur_us=0
FIG8_ATTENTION_EVENT mode=lut-exp layout=serial phase=measure iteration=0 component=o_scale component_id=7 lut_exp=1 scna_layout=0 scna_width=0 qo_len=4 kv_len=4096 n_heads=12 n_kv_heads=2 head_dim=128 kv_head=1 worker=1 block_r=0 block_c=-1 t0_us=261141628309 t1_us=261141628311 dur_us=2
FIG8_ATTENTION_EVENT mode=lut-exp layout=serial phase=measure iteration=0 component=o_store component_id=8 lut_exp=1 scna_layout=0 scna_width=0 qo_len=4 kv_len=4096 n_heads=12 n_kv_heads=2 head_dim=128 kv_head=1 worker=1 block_r=0 block_c=-1 t0_us=261141628311 t1_us=261141628313 dur_us=2
FIG8_ATTENTION_EVENT mode=lut-exp layout=serial phase=measure iteration=0 component=q_load component_id=1 lut_exp=1 scna_layout=0 scna_width=0 qo_len=4 kv_len=4096 n_heads=12 n_kv_heads=2 head_dim=128 kv_head=0 worker=1 block_r=0 block_c=-1 t0_us=261141628357 t1_us=261141628358 dur_us=1
FIG8_ATTENTION_EVENT mode=lut-exp layout=serial phase=measure iteration=0 component=k_load component_id=2 lut_exp=1 scna_layout=0 scna_width=0 qo_len=4 kv_len=4096 n_heads=12 n_kv_heads=2 head_dim=128 kv_head=0 worker=1 block_r=0 block_c=0 t0_us=261141628359 t1_us=261141628380 dur_us=20
FIG8_ATTENTION_EVENT mode=lut-exp layout=serial phase=measure iteration=0 component=qk_dot component_id=4 lut_exp=1 scna_layout=0 scna_width=0 qo_len=4 kv_len=4096 n_heads=12 n_kv_heads=2 head_dim=128 kv_head=0 worker=1 block_r=0 block_c=0 t0_us=261141628381 t1_us=261141628382 dur_us=0
FIG8_ATTENTION_EVENT mode=lut-exp layout=serial phase=measure iteration=0 component=safe_sm component_id=5 lut_exp=1 scna_layout=0 scna_width=0 qo_len=4 kv_len=4096 n_heads=12 n_kv_heads=2 head_dim=128 kv_head=0 worker=1 block_r=0 block_c=0 t0_us=261141628383 t1_us=261141628403 dur_us=20
FIG8_ATTENTION_EVENT mode=lut-exp layout=serial phase=measure iteration=0 component=v_load component_id=3 lut_exp=1 scna_layout=0 scna_width=0 qo_len=4 kv_len=4096 n_heads=12 n_kv_heads=2 head_dim=128 kv_head=0 worker=1 block_r=0 block_c=0 t0_us=261141628404 t1_us=261141628424 dur_us=19
FIG8_ATTENTION_EVENT mode=lut-exp layout=serial phase=measure iteration=0 component=core_acc component_id=6 lut_exp=1 scna_layout=0 scna_width=0 qo_len=4 kv_len=4096 n_heads=12 n_kv_heads=2 head_dim=128 kv_head=0 worker=1 block_r=0 block_c=0 t0_us=261141628424 t1_us=261141628426 dur_us=2
FIG8_ATTENTION_EVENT mode=lut-exp layout=serial phase=measure iteration=0 component=k_load component_id=2 lut_exp=1 scna_layout=0 scna_width=0 qo_len=4 kv_len=4096 n_heads=12 n_kv_heads=2 head_dim=128 kv_head=0 worker=1 block_r=0 block_c=1280 t0_us=261141628427 t1_us=261141628449 dur_us=22
FIG8_ATTENTION_EVENT mode=lut-exp layout=serial phase=measure iteration=0 component=qk_dot component_id=4 lut_exp=1 scna_layout=0 scna_width=0 qo_len=4 kv_len=4096 n_heads=12 n_kv_heads=2 head_dim=128 kv_head=0 worker=1 block_r=0 block_c=1280 t0_us=261141628450 t1_us=261141628450 dur_us=0
FIG8_ATTENTION_EVENT mode=lut-exp layout=serial phase=measure iteration=0 component=safe_sm component_id=5 lut_exp=1 scna_layout=0 scna_width=0 qo_len=4 kv_len=4096 n_heads=12 n_kv_heads=2 head_dim=128 kv_head=0 worker=1 block_r=0 block_c=1280 t0_us=261141628450 t1_us=261141628469 dur_us=19
FIG8_ATTENTION_EVENT mode=lut-exp layout=serial phase=measure iteration=0 component=v_load component_id=3 lut_exp=1 scna_layout=0 scna_width=0 qo_len=4 kv_len=4096 n_heads=12 n_kv_heads=2 head_dim=128 kv_head=0 worker=1 block_r=0 block_c=1280 t0_us=261141628469 t1_us=261141628502 dur_us=32
FIG8_ATTENTION_EVENT mode=lut-exp layout=serial phase=measure iteration=0 component=core_acc component_id=6 lut_exp=1 scna_layout=0 scna_width=0 qo_len=4 kv_len=4096 n_heads=12 n_kv_heads=2 head_dim=128 kv_head=0 worker=1 block_r=0 block_c=1280 t0_us=261141628502 t1_us=261141628503 dur_us=0
FIG8_ATTENTION_EVENT mode=lut-exp layout=serial phase=measure iteration=0 component=k_load component_id=2 lut_exp=1 scna_layout=0 scna_width=0 qo_len=4 kv_len=4096 n_heads=12 n_kv_heads=2 head_dim=128 kv_head=0 worker=1 block_r=0 block_c=2560 t0_us=261141628503 t1_us=261141628523 dur_us=20
FIG8_ATTENTION_EVENT mode=lut-exp layout=serial phase=measure iteration=0 component=qk_dot component_id=4 lut_exp=1 scna_layout=0 scna_width=0 qo_len=4 kv_len=4096 n_heads=12 n_kv_heads=2 head_dim=128 kv_head=0 worker=1 block_r=0 block_c=2560 t0_us=261141628524 t1_us=261141628524 dur_us=0
FIG8_ATTENTION_EVENT mode=lut-exp layout=serial phase=measure iteration=0 component=safe_sm component_id=5 lut_exp=1 scna_layout=0 scna_width=0 qo_len=4 kv_len=4096 n_heads=12 n_kv_heads=2 head_dim=128 kv_head=0 worker=1 block_r=0 block_c=2560 t0_us=261141628524 t1_us=261141628545 dur_us=20
FIG8_ATTENTION_EVENT mode=lut-exp layout=serial phase=measure iteration=0 component=v_load component_id=3 lut_exp=1 scna_layout=0 scna_width=0 qo_len=4 kv_len=4096 n_heads=12 n_kv_heads=2 head_dim=128 kv_head=0 worker=1 block_r=0 block_c=2560 t0_us=261141628545 t1_us=261141628577 dur_us=32
FIG8_ATTENTION_EVENT mode=lut-exp layout=serial phase=measure iteration=0 component=core_acc component_id=6 lut_exp=1 scna_layout=0 scna_width=0 qo_len=4 kv_len=4096 n_heads=12 n_kv_heads=2 head_dim=128 kv_head=0 worker=1 block_r=0 block_c=2560 t0_us=261141628577 t1_us=261141628578 dur_us=0
FIG8_ATTENTION_EVENT mode=lut-exp layout=serial phase=measure iteration=0 component=k_load component_id=2 lut_exp=1 scna_layout=0 scna_width=0 qo_len=4 kv_len=4096 n_heads=12 n_kv_heads=2 head_dim=128 kv_head=0 worker=1 block_r=0 block_c=3840 t0_us=261141628578 t1_us=261141628582 dur_us=4
FIG8_ATTENTION_EVENT mode=lut-exp layout=serial phase=measure iteration=0 component=qk_dot component_id=4 lut_exp=1 scna_layout=0 scna_width=0 qo_len=4 kv_len=4096 n_heads=12 n_kv_heads=2 head_dim=128 kv_head=0 worker=1 block_r=0 block_c=3840 t0_us=261141628582 t1_us=261141628582 dur_us=0
FIG8_ATTENTION_EVENT mode=lut-exp layout=serial phase=measure iteration=0 component=safe_sm component_id=5 lut_exp=1 scna_layout=0 scna_width=0 qo_len=4 kv_len=4096 n_heads=12 n_kv_heads=2 head_dim=128 kv_head=0 worker=1 block_r=0 block_c=3840 t0_us=261141628582 t1_us=261141628589 dur_us=6
FIG8_ATTENTION_EVENT mode=lut-exp layout=serial phase=measure iteration=0 component=v_load component_id=3 lut_exp=1 scna_layout=0 scna_width=0 qo_len=4 kv_len=4096 n_heads=12 n_kv_heads=2 head_dim=128 kv_head=0 worker=1 block_r=0 block_c=3840 t0_us=261141628589 t1_us=261141628591 dur_us=2
FIG8_ATTENTION_EVENT mode=lut-exp layout=serial phase=measure iteration=0 component=core_acc component_id=6 lut_exp=1 scna_layout=0 scna_width=0 qo_len=4 kv_len=4096 n_heads=12 n_kv_heads=2 head_dim=128 kv_head=0 worker=1 block_r=0 block_c=3840 t0_us=261141628591 t1_us=261141628592 dur_us=0
FIG8_ATTENTION_EVENT mode=lut-exp layout=serial phase=measure iteration=0 component=o_scale component_id=7 lut_exp=1 scna_layout=0 scna_width=0 qo_len=4 kv_len=4096 n_heads=12 n_kv_heads=2 head_dim=128 kv_head=0 worker=1 block_r=0 block_c=-1 t0_us=261141628592 t1_us=261141628594 dur_us=1
FIG8_ATTENTION_EVENT mode=lut-exp layout=serial phase=measure iteration=0 component=o_store component_id=8 lut_exp=1 scna_layout=0 scna_width=0 qo_len=4 kv_len=4096 n_heads=12 n_kv_heads=2 head_dim=128 kv_head=0 worker=1 block_r=0 block_c=-1 t0_us=261141628594 t1_us=261141628596 dur_us=2
FIG8_ATTENTION_EVENT mode=lut-exp layout=serial phase=measure iteration=0 component=q_load component_id=1 lut_exp=1 scna_layout=0 scna_width=0 qo_len=4 kv_len=4096 n_heads=12 n_kv_heads=2 head_dim=128 kv_head=1 worker=1 block_r=0 block_c=-1 t0_us=261141628641 t1_us=261141628642 dur_us=1
FIG8_ATTENTION_EVENT mode=lut-exp layout=serial phase=measure iteration=0 component=k_load component_id=2 lut_exp=1 scna_layout=0 scna_width=0 qo_len=4 kv_len=4096 n_heads=12 n_kv_heads=2 head_dim=128 kv_head=1 worker=1 block_r=0 block_c=0 t0_us=261141628644 t1_us=261141628665 dur_us=21
FIG8_ATTENTION_EVENT mode=lut-exp layout=serial phase=measure iteration=0 component=qk_dot component_id=4 lut_exp=1 scna_layout=0 scna_width=0 qo_len=4 kv_len=4096 n_heads=12 n_kv_heads=2 head_dim=128 kv_head=1 worker=1 block_r=0 block_c=0 t0_us=261141628666 t1_us=261141628667 dur_us=1
FIG8_ATTENTION_EVENT mode=lut-exp layout=serial phase=measure iteration=0 component=safe_sm component_id=5 lut_exp=1 scna_layout=0 scna_width=0 qo_len=4 kv_len=4096 n_heads=12 n_kv_heads=2 head_dim=128 kv_head=1 worker=1 block_r=0 block_c=0 t0_us=261141628667 t1_us=261141628686 dur_us=19
FIG8_ATTENTION_EVENT mode=lut-exp layout=serial phase=measure iteration=0 component=v_load component_id=3 lut_exp=1 scna_layout=0 scna_width=0 qo_len=4 kv_len=4096 n_heads=12 n_kv_heads=2 head_dim=128 kv_head=1 worker=1 block_r=0 block_c=0 t0_us=261141628686 t1_us=261141628711 dur_us=24
FIG8_ATTENTION_EVENT mode=lut-exp layout=serial phase=measure iteration=0 component=core_acc component_id=6 lut_exp=1 scna_layout=0 scna_width=0 qo_len=4 kv_len=4096 n_heads=12 n_kv_heads=2 head_dim=128 kv_head=1 worker=1 block_r=0 block_c=0 t0_us=261141628711 t1_us=261141628712 dur_us=1
FIG8_ATTENTION_EVENT mode=lut-exp layout=serial phase=measure iteration=0 component=k_load component_id=2 lut_exp=1 scna_layout=0 scna_width=0 qo_len=4 kv_len=4096 n_heads=12 n_kv_heads=2 head_dim=128 kv_head=1 worker=1 block_r=0 block_c=1280 t0_us=261141628713 t1_us=261141628735 dur_us=22
FIG8_ATTENTION_EVENT mode=lut-exp layout=serial phase=measure iteration=0 component=qk_dot component_id=4 lut_exp=1 scna_layout=0 scna_width=0 qo_len=4 kv_len=4096 n_heads=12 n_kv_heads=2 head_dim=128 kv_head=1 worker=1 block_r=0 block_c=1280 t0_us=261141628735 t1_us=261141628736 dur_us=0
FIG8_ATTENTION_EVENT mode=lut-exp layout=serial phase=measure iteration=0 component=safe_sm component_id=5 lut_exp=1 scna_layout=0 scna_width=0 qo_len=4 kv_len=4096 n_heads=12 n_kv_heads=2 head_dim=128 kv_head=1 worker=1 block_r=0 block_c=1280 t0_us=261141628737 t1_us=261141628757 dur_us=20
FIG8_ATTENTION_EVENT mode=lut-exp layout=serial phase=measure iteration=0 component=v_load component_id=3 lut_exp=1 scna_layout=0 scna_width=0 qo_len=4 kv_len=4096 n_heads=12 n_kv_heads=2 head_dim=128 kv_head=1 worker=1 block_r=0 block_c=1280 t0_us=261141628758 t1_us=261141628786 dur_us=28
FIG8_ATTENTION_EVENT mode=lut-exp layout=serial phase=measure iteration=0 component=core_acc component_id=6 lut_exp=1 scna_layout=0 scna_width=0 qo_len=4 kv_len=4096 n_heads=12 n_kv_heads=2 head_dim=128 kv_head=1 worker=1 block_r=0 block_c=1280 t0_us=261141628786 t1_us=261141628787 dur_us=0
FIG8_ATTENTION_EVENT mode=lut-exp layout=serial phase=measure iteration=0 component=k_load component_id=2 lut_exp=1 scna_layout=0 scna_width=0 qo_len=4 kv_len=4096 n_heads=12 n_kv_heads=2 head_dim=128 kv_head=1 worker=1 block_r=0 block_c=2560 t0_us=261141628787 t1_us=261141628808 dur_us=20
FIG8_ATTENTION_EVENT mode=lut-exp layout=serial phase=measure iteration=0 component=qk_dot component_id=4 lut_exp=1 scna_layout=0 scna_width=0 qo_len=4 kv_len=4096 n_heads=12 n_kv_heads=2 head_dim=128 kv_head=1 worker=1 block_r=0 block_c=2560 t0_us=261141628808 t1_us=261141628808 dur_us=0
FIG8_ATTENTION_EVENT mode=lut-exp layout=serial phase=measure iteration=0 component=safe_sm component_id=5 lut_exp=1 scna_layout=0 scna_width=0 qo_len=4 kv_len=4096 n_heads=12 n_kv_heads=2 head_dim=128 kv_head=1 worker=1 block_r=0 block_c=2560 t0_us=261141628808 t1_us=261141628829 dur_us=20
FIG8_ATTENTION_EVENT mode=lut-exp layout=serial phase=measure iteration=0 component=v_load component_id=3 lut_exp=1 scna_layout=0 scna_width=0 qo_len=4 kv_len=4096 n_heads=12 n_kv_heads=2 head_dim=128 kv_head=1 worker=1 block_r=0 block_c=2560 t0_us=261141628829 t1_us=261141628868 dur_us=38
FIG8_ATTENTION_EVENT mode=lut-exp layout=serial phase=measure iteration=0 component=core_acc component_id=6 lut_exp=1 scna_layout=0 scna_width=0 qo_len=4 kv_len=4096 n_heads=12 n_kv_heads=2 head_dim=128 kv_head=1 worker=1 block_r=0 block_c=2560 t0_us=261141628868 t1_us=261141628868 dur_us=0
FIG8_ATTENTION_EVENT mode=lut-exp layout=serial phase=measure iteration=0 component=k_load component_id=2 lut_exp=1 scna_layout=0 scna_width=0 qo_len=4 kv_len=4096 n_heads=12 n_kv_heads=2 head_dim=128 kv_head=1 worker=1 block_r=0 block_c=3840 t0_us=261141628868 t1_us=261141628873 dur_us=4
FIG8_ATTENTION_EVENT mode=lut-exp layout=serial phase=measure iteration=0 component=qk_dot component_id=4 lut_exp=1 scna_layout=0 scna_width=0 qo_len=4 kv_len=4096 n_heads=12 n_kv_heads=2 head_dim=128 kv_head=1 worker=1 block_r=0 block_c=3840 t0_us=261141628873 t1_us=261141628873 dur_us=0
FIG8_ATTENTION_EVENT mode=lut-exp layout=serial phase=measure iteration=0 component=safe_sm component_id=5 lut_exp=1 scna_layout=0 scna_width=0 qo_len=4 kv_len=4096 n_heads=12 n_kv_heads=2 head_dim=128 kv_head=1 worker=1 block_r=0 block_c=3840 t0_us=261141628873 t1_us=261141628880 dur_us=6
FIG8_ATTENTION_EVENT mode=lut-exp layout=serial phase=measure iteration=0 component=v_load component_id=3 lut_exp=1 scna_layout=0 scna_width=0 qo_len=4 kv_len=4096 n_heads=12 n_kv_heads=2 head_dim=128 kv_head=1 worker=1 block_r=0 block_c=3840 t0_us=261141628880 t1_us=261141628882 dur_us=2
FIG8_ATTENTION_EVENT mode=lut-exp layout=serial phase=measure iteration=0 component=core_acc component_id=6 lut_exp=1 scna_layout=0 scna_width=0 qo_len=4 kv_len=4096 n_heads=12 n_kv_heads=2 head_dim=128 kv_head=1 worker=1 block_r=0 block_c=3840 t0_us=261141628882 t1_us=261141628882 dur_us=0
FIG8_ATTENTION_EVENT mode=lut-exp layout=serial phase=measure iteration=0 component=o_scale component_id=7 lut_exp=1 scna_layout=0 scna_width=0 qo_len=4 kv_len=4096 n_heads=12 n_kv_heads=2 head_dim=128 kv_head=1 worker=1 block_r=0 block_c=-1 t0_us=261141628882 t1_us=261141628884 dur_us=1
FIG8_ATTENTION_EVENT mode=lut-exp layout=serial phase=measure iteration=0 component=o_store component_id=8 lut_exp=1 scna_layout=0 scna_width=0 qo_len=4 kv_len=4096 n_heads=12 n_kv_heads=2 head_dim=128 kv_head=1 worker=1 block_r=0 block_c=-1 t0_us=261141628885 t1_us=261141628887 dur_us=2
FIG8_ATTENTION_EVENT mode=lut-exp layout=serial phase=measure iteration=0 component=q_load component_id=1 lut_exp=1 scna_layout=0 scna_width=0 qo_len=4 kv_len=4096 n_heads=12 n_kv_heads=2 head_dim=128 kv_head=0 worker=1 block_r=0 block_c=-1 t0_us=261141628930 t1_us=261141628932 dur_us=1
FIG8_ATTENTION_EVENT mode=lut-exp layout=serial phase=measure iteration=0 component=k_load component_id=2 lut_exp=1 scna_layout=0 scna_width=0 qo_len=4 kv_len=4096 n_heads=12 n_kv_heads=2 head_dim=128 kv_head=0 worker=1 block_r=0 block_c=0 t0_us=261141628933 t1_us=261141628954 dur_us=21
FIG8_ATTENTION_EVENT mode=lut-exp layout=serial phase=measure iteration=0 component=qk_dot component_id=4 lut_exp=1 scna_layout=0 scna_width=0 qo_len=4 kv_len=4096 n_heads=12 n_kv_heads=2 head_dim=128 kv_head=0 worker=1 block_r=0 block_c=0 t0_us=261141628955 t1_us=261141628955 dur_us=0
FIG8_ATTENTION_EVENT mode=lut-exp layout=serial phase=measure iteration=0 component=safe_sm component_id=5 lut_exp=1 scna_layout=0 scna_width=0 qo_len=4 kv_len=4096 n_heads=12 n_kv_heads=2 head_dim=128 kv_head=0 worker=1 block_r=0 block_c=0 t0_us=261141628956 t1_us=261141628976 dur_us=20
FIG8_ATTENTION_EVENT mode=lut-exp layout=serial phase=measure iteration=0 component=v_load component_id=3 lut_exp=1 scna_layout=0 scna_width=0 qo_len=4 kv_len=4096 n_heads=12 n_kv_heads=2 head_dim=128 kv_head=0 worker=1 block_r=0 block_c=0 t0_us=261141628977 t1_us=261141629001 dur_us=24
FIG8_ATTENTION_EVENT mode=lut-exp layout=serial phase=measure iteration=0 component=core_acc component_id=6 lut_exp=1 scna_layout=0 scna_width=0 qo_len=4 kv_len=4096 n_heads=12 n_kv_heads=2 head_dim=128 kv_head=0 worker=1 block_r=0 block_c=0 t0_us=261141629001 t1_us=261141629004 dur_us=3
FIG8_ATTENTION_EVENT mode=lut-exp layout=serial phase=measure iteration=0 component=k_load component_id=2 lut_exp=1 scna_layout=0 scna_width=0 qo_len=4 kv_len=4096 n_heads=12 n_kv_heads=2 head_dim=128 kv_head=0 worker=1 block_r=0 block_c=1280 t0_us=261141629005 t1_us=261141629028 dur_us=22
FIG8_ATTENTION_EVENT mode=lut-exp layout=serial phase=measure iteration=0 component=qk_dot component_id=4 lut_exp=1 scna_layout=0 scna_width=0 qo_len=4 kv_len=4096 n_heads=12 n_kv_heads=2 head_dim=128 kv_head=0 worker=1 block_r=0 block_c=1280 t0_us=261141629028 t1_us=261141629029 dur_us=0
FIG8_ATTENTION_EVENT mode=lut-exp layout=serial phase=measure iteration=0 component=safe_sm component_id=5 lut_exp=1 scna_layout=0 scna_width=0 qo_len=4 kv_len=4096 n_heads=12 n_kv_heads=2 head_dim=128 kv_head=0 worker=1 block_r=0 block_c=1280 t0_us=261141629029 t1_us=261141629048 dur_us=18
FIG8_ATTENTION_EVENT mode=lut-exp layout=serial phase=measure iteration=0 component=v_load component_id=3 lut_exp=1 scna_layout=0 scna_width=0 qo_len=4 kv_len=4096 n_heads=12 n_kv_heads=2 head_dim=128 kv_head=0 worker=1 block_r=0 block_c=1280 t0_us=261141629048 t1_us=261141629077 dur_us=29
FIG8_ATTENTION_EVENT mode=lut-exp layout=serial phase=measure iteration=0 component=core_acc component_id=6 lut_exp=1 scna_layout=0 scna_width=0 qo_len=4 kv_len=4096 n_heads=12 n_kv_heads=2 head_dim=128 kv_head=0 worker=1 block_r=0 block_c=1280 t0_us=261141629077 t1_us=261141629078 dur_us=0
FIG8_ATTENTION_EVENT mode=lut-exp layout=serial phase=measure iteration=0 component=k_load component_id=2 lut_exp=1 scna_layout=0 scna_width=0 qo_len=4 kv_len=4096 n_heads=12 n_kv_heads=2 head_dim=128 kv_head=0 worker=1 block_r=0 block_c=2560 t0_us=261141629078 t1_us=261141629098 dur_us=19
FIG8_ATTENTION_EVENT mode=lut-exp layout=serial phase=measure iteration=0 component=qk_dot component_id=4 lut_exp=1 scna_layout=0 scna_width=0 qo_len=4 kv_len=4096 n_heads=12 n_kv_heads=2 head_dim=128 kv_head=0 worker=1 block_r=0 block_c=2560 t0_us=261141629098 t1_us=261141629098 dur_us=0
FIG8_ATTENTION_EVENT mode=lut-exp layout=serial phase=measure iteration=0 component=safe_sm component_id=5 lut_exp=1 scna_layout=0 scna_width=0 qo_len=4 kv_len=4096 n_heads=12 n_kv_heads=2 head_dim=128 kv_head=0 worker=1 block_r=0 block_c=2560 t0_us=261141629099 t1_us=261141629119 dur_us=20
FIG8_ATTENTION_EVENT mode=lut-exp layout=serial phase=measure iteration=0 component=v_load component_id=3 lut_exp=1 scna_layout=0 scna_width=0 qo_len=4 kv_len=4096 n_heads=12 n_kv_heads=2 head_dim=128 kv_head=0 worker=1 block_r=0 block_c=2560 t0_us=261141629119 t1_us=261141629150 dur_us=31
FIG8_ATTENTION_EVENT mode=lut-exp layout=serial phase=measure iteration=0 component=core_acc component_id=6 lut_exp=1 scna_layout=0 scna_width=0 qo_len=4 kv_len=4096 n_heads=12 n_kv_heads=2 head_dim=128 kv_head=0 worker=1 block_r=0 block_c=2560 t0_us=261141629151 t1_us=261141629151 dur_us=0
FIG8_ATTENTION_EVENT mode=lut-exp layout=serial phase=measure iteration=0 component=k_load component_id=2 lut_exp=1 scna_layout=0 scna_width=0 qo_len=4 kv_len=4096 n_heads=12 n_kv_heads=2 head_dim=128 kv_head=0 worker=1 block_r=0 block_c=3840 t0_us=261141629151 t1_us=261141629156 dur_us=4
FIG8_ATTENTION_EVENT mode=lut-exp layout=serial phase=measure iteration=0 component=qk_dot component_id=4 lut_exp=1 scna_layout=0 scna_width=0 qo_len=4 kv_len=4096 n_heads=12 n_kv_heads=2 head_dim=128 kv_head=0 worker=1 block_r=0 block_c=3840 t0_us=261141629156 t1_us=261141629156 dur_us=0
FIG8_ATTENTION_EVENT mode=lut-exp layout=serial phase=measure iteration=0 component=safe_sm component_id=5 lut_exp=1 scna_layout=0 scna_width=0 qo_len=4 kv_len=4096 n_heads=12 n_kv_heads=2 head_dim=128 kv_head=0 worker=1 block_r=0 block_c=3840 t0_us=261141629156 t1_us=261141629163 dur_us=6
FIG8_ATTENTION_EVENT mode=lut-exp layout=serial phase=measure iteration=0 component=v_load component_id=3 lut_exp=1 scna_layout=0 scna_width=0 qo_len=4 kv_len=4096 n_heads=12 n_kv_heads=2 head_dim=128 kv_head=0 worker=1 block_r=0 block_c=3840 t0_us=261141629163 t1_us=261141629165 dur_us=2
FIG8_ATTENTION_EVENT mode=lut-exp layout=serial phase=measure iteration=0 component=core_acc component_id=6 lut_exp=1 scna_layout=0 scna_width=0 qo_len=4 kv_len=4096 n_heads=12 n_kv_heads=2 head_dim=128 kv_head=0 worker=1 block_r=0 block_c=3840 t0_us=261141629165 t1_us=261141629165 dur_us=0
FIG8_ATTENTION_EVENT mode=lut-exp layout=serial phase=measure iteration=0 component=o_scale component_id=7 lut_exp=1 scna_layout=0 scna_width=0 qo_len=4 kv_len=4096 n_heads=12 n_kv_heads=2 head_dim=128 kv_head=0 worker=1 block_r=0 block_c=-1 t0_us=261141629165 t1_us=261141629167 dur_us=1
FIG8_ATTENTION_EVENT mode=lut-exp layout=serial phase=measure iteration=0 component=o_store component_id=8 lut_exp=1 scna_layout=0 scna_width=0 qo_len=4 kv_len=4096 n_heads=12 n_kv_heads=2 head_dim=128 kv_head=0 worker=1 block_r=0 block_c=-1 t0_us=261141629167 t1_us=261141629169 dur_us=2
FIG8_ATTENTION_EVENT mode=lut-exp layout=serial phase=measure iteration=0 component=q_load component_id=1 lut_exp=1 scna_layout=0 scna_width=0 qo_len=4 kv_len=4096 n_heads=12 n_kv_heads=2 head_dim=128 kv_head=1 worker=1 block_r=0 block_c=-1 t0_us=261141629214 t1_us=261141629216 dur_us=1
FIG8_ATTENTION_EVENT mode=lut-exp layout=serial phase=measure iteration=0 component=k_load component_id=2 lut_exp=1 scna_layout=0 scna_width=0 qo_len=4 kv_len=4096 n_heads=12 n_kv_heads=2 head_dim=128 kv_head=1 worker=1 block_r=0 block_c=0 t0_us=261141629217 t1_us=261141629239 dur_us=21
FIG8_ATTENTION_EVENT mode=lut-exp layout=serial phase=measure iteration=0 component=qk_dot component_id=4 lut_exp=1 scna_layout=0 scna_width=0 qo_len=4 kv_len=4096 n_heads=12 n_kv_heads=2 head_dim=128 kv_head=1 worker=1 block_r=0 block_c=0 t0_us=261141629239 t1_us=261141629240 dur_us=1
FIG8_ATTENTION_EVENT mode=lut-exp layout=serial phase=measure iteration=0 component=safe_sm component_id=5 lut_exp=1 scna_layout=0 scna_width=0 qo_len=4 kv_len=4096 n_heads=12 n_kv_heads=2 head_dim=128 kv_head=1 worker=1 block_r=0 block_c=0 t0_us=261141629241 t1_us=261141629261 dur_us=20
FIG8_ATTENTION_EVENT mode=lut-exp layout=serial phase=measure iteration=0 component=v_load component_id=3 lut_exp=1 scna_layout=0 scna_width=0 qo_len=4 kv_len=4096 n_heads=12 n_kv_heads=2 head_dim=128 kv_head=1 worker=1 block_r=0 block_c=0 t0_us=261141629261 t1_us=261141629281 dur_us=20
FIG8_ATTENTION_EVENT mode=lut-exp layout=serial phase=measure iteration=0 component=core_acc component_id=6 lut_exp=1 scna_layout=0 scna_width=0 qo_len=4 kv_len=4096 n_heads=12 n_kv_heads=2 head_dim=128 kv_head=1 worker=1 block_r=0 block_c=0 t0_us=261141629282 t1_us=261141629284 dur_us=2
FIG8_ATTENTION_EVENT mode=lut-exp layout=serial phase=measure iteration=0 component=k_load component_id=2 lut_exp=1 scna_layout=0 scna_width=0 qo_len=4 kv_len=4096 n_heads=12 n_kv_heads=2 head_dim=128 kv_head=1 worker=1 block_r=0 block_c=1280 t0_us=261141629285 t1_us=261141629309 dur_us=23
FIG8_ATTENTION_EVENT mode=lut-exp layout=serial phase=measure iteration=0 component=qk_dot component_id=4 lut_exp=1 scna_layout=0 scna_width=0 qo_len=4 kv_len=4096 n_heads=12 n_kv_heads=2 head_dim=128 kv_head=1 worker=1 block_r=0 block_c=1280 t0_us=261141629309 t1_us=261141629309 dur_us=0
FIG8_ATTENTION_EVENT mode=lut-exp layout=serial phase=measure iteration=0 component=safe_sm component_id=5 lut_exp=1 scna_layout=0 scna_width=0 qo_len=4 kv_len=4096 n_heads=12 n_kv_heads=2 head_dim=128 kv_head=1 worker=1 block_r=0 block_c=1280 t0_us=261141629309 t1_us=261141629329 dur_us=19
FIG8_ATTENTION_EVENT mode=lut-exp layout=serial phase=measure iteration=0 component=v_load component_id=3 lut_exp=1 scna_layout=0 scna_width=0 qo_len=4 kv_len=4096 n_heads=12 n_kv_heads=2 head_dim=128 kv_head=1 worker=1 block_r=0 block_c=1280 t0_us=261141629329 t1_us=261141629363 dur_us=34
FIG8_ATTENTION_EVENT mode=lut-exp layout=serial phase=measure iteration=0 component=core_acc component_id=6 lut_exp=1 scna_layout=0 scna_width=0 qo_len=4 kv_len=4096 n_heads=12 n_kv_heads=2 head_dim=128 kv_head=1 worker=1 block_r=0 block_c=1280 t0_us=261141629363 t1_us=261141629364 dur_us=0
FIG8_ATTENTION_EVENT mode=lut-exp layout=serial phase=measure iteration=0 component=k_load component_id=2 lut_exp=1 scna_layout=0 scna_width=0 qo_len=4 kv_len=4096 n_heads=12 n_kv_heads=2 head_dim=128 kv_head=1 worker=1 block_r=0 block_c=2560 t0_us=261141629364 t1_us=261141629384 dur_us=20
FIG8_ATTENTION_EVENT mode=lut-exp layout=serial phase=measure iteration=0 component=qk_dot component_id=4 lut_exp=1 scna_layout=0 scna_width=0 qo_len=4 kv_len=4096 n_heads=12 n_kv_heads=2 head_dim=128 kv_head=1 worker=1 block_r=0 block_c=2560 t0_us=261141629384 t1_us=261141629384 dur_us=0
FIG8_ATTENTION_EVENT mode=lut-exp layout=serial phase=measure iteration=0 component=safe_sm component_id=5 lut_exp=1 scna_layout=0 scna_width=0 qo_len=4 kv_len=4096 n_heads=12 n_kv_heads=2 head_dim=128 kv_head=1 worker=1 block_r=0 block_c=2560 t0_us=261141629385 t1_us=261141629405 dur_us=20
FIG8_ATTENTION_EVENT mode=lut-exp layout=serial phase=measure iteration=0 component=v_load component_id=3 lut_exp=1 scna_layout=0 scna_width=0 qo_len=4 kv_len=4096 n_heads=12 n_kv_heads=2 head_dim=128 kv_head=1 worker=1 block_r=0 block_c=2560 t0_us=261141629405 t1_us=261141629435 dur_us=30
FIG8_ATTENTION_EVENT mode=lut-exp layout=serial phase=measure iteration=0 component=core_acc component_id=6 lut_exp=1 scna_layout=0 scna_width=0 qo_len=4 kv_len=4096 n_heads=12 n_kv_heads=2 head_dim=128 kv_head=1 worker=1 block_r=0 block_c=2560 t0_us=261141629435 t1_us=261141629436 dur_us=1
FIG8_ATTENTION_EVENT mode=lut-exp layout=serial phase=measure iteration=0 component=k_load component_id=2 lut_exp=1 scna_layout=0 scna_width=0 qo_len=4 kv_len=4096 n_heads=12 n_kv_heads=2 head_dim=128 kv_head=1 worker=1 block_r=0 block_c=3840 t0_us=261141629436 t1_us=261141629441 dur_us=4
FIG8_ATTENTION_EVENT mode=lut-exp layout=serial phase=measure iteration=0 component=qk_dot component_id=4 lut_exp=1 scna_layout=0 scna_width=0 qo_len=4 kv_len=4096 n_heads=12 n_kv_heads=2 head_dim=128 kv_head=1 worker=1 block_r=0 block_c=3840 t0_us=261141629441 t1_us=261141629441 dur_us=0
FIG8_ATTENTION_EVENT mode=lut-exp layout=serial phase=measure iteration=0 component=safe_sm component_id=5 lut_exp=1 scna_layout=0 scna_width=0 qo_len=4 kv_len=4096 n_heads=12 n_kv_heads=2 head_dim=128 kv_head=1 worker=1 block_r=0 block_c=3840 t0_us=261141629441 t1_us=261141629448 dur_us=6
FIG8_ATTENTION_EVENT mode=lut-exp layout=serial phase=measure iteration=0 component=v_load component_id=3 lut_exp=1 scna_layout=0 scna_width=0 qo_len=4 kv_len=4096 n_heads=12 n_kv_heads=2 head_dim=128 kv_head=1 worker=1 block_r=0 block_c=3840 t0_us=261141629448 t1_us=261141629450 dur_us=2
FIG8_ATTENTION_EVENT mode=lut-exp layout=serial phase=measure iteration=0 component=core_acc component_id=6 lut_exp=1 scna_layout=0 scna_width=0 qo_len=4 kv_len=4096 n_heads=12 n_kv_heads=2 head_dim=128 kv_head=1 worker=1 block_r=0 block_c=3840 t0_us=261141629450 t1_us=261141629450 dur_us=0
FIG8_ATTENTION_EVENT mode=lut-exp layout=serial phase=measure iteration=0 component=o_scale component_id=7 lut_exp=1 scna_layout=0 scna_width=0 qo_len=4 kv_len=4096 n_heads=12 n_kv_heads=2 head_dim=128 kv_head=1 worker=1 block_r=0 block_c=-1 t0_us=261141629450 t1_us=261141629453 dur_us=2
FIG8_ATTENTION_EVENT mode=lut-exp layout=serial phase=measure iteration=0 component=o_store component_id=8 lut_exp=1 scna_layout=0 scna_width=0 qo_len=4 kv_len=4096 n_heads=12 n_kv_heads=2 head_dim=128 kv_head=1 worker=1 block_r=0 block_c=-1 t0_us=261141629453 t1_us=261141629455 dur_us=2
FIG8_ATTENTION_EVENT mode=lut-exp layout=serial phase=measure iteration=0 component=q_load component_id=1 lut_exp=1 scna_layout=0 scna_width=0 qo_len=4 kv_len=4096 n_heads=12 n_kv_heads=2 head_dim=128 kv_head=0 worker=1 block_r=0 block_c=-1 t0_us=261141629499 t1_us=261141629500 dur_us=1
FIG8_ATTENTION_EVENT mode=lut-exp layout=serial phase=measure iteration=0 component=k_load component_id=2 lut_exp=1 scna_layout=0 scna_width=0 qo_len=4 kv_len=4096 n_heads=12 n_kv_heads=2 head_dim=128 kv_head=0 worker=1 block_r=0 block_c=0 t0_us=261141629501 t1_us=261141629521 dur_us=20
FIG8_ATTENTION_EVENT mode=lut-exp layout=serial phase=measure iteration=0 component=qk_dot component_id=4 lut_exp=1 scna_layout=0 scna_width=0 qo_len=4 kv_len=4096 n_heads=12 n_kv_heads=2 head_dim=128 kv_head=0 worker=1 block_r=0 block_c=0 t0_us=261141629522 t1_us=261141629523 dur_us=0
FIG8_ATTENTION_EVENT mode=lut-exp layout=serial phase=measure iteration=0 component=safe_sm component_id=5 lut_exp=1 scna_layout=0 scna_width=0 qo_len=4 kv_len=4096 n_heads=12 n_kv_heads=2 head_dim=128 kv_head=0 worker=1 block_r=0 block_c=0 t0_us=261141629524 t1_us=261141629544 dur_us=20
FIG8_ATTENTION_EVENT mode=lut-exp layout=serial phase=measure iteration=0 component=v_load component_id=3 lut_exp=1 scna_layout=0 scna_width=0 qo_len=4 kv_len=4096 n_heads=12 n_kv_heads=2 head_dim=128 kv_head=0 worker=1 block_r=0 block_c=0 t0_us=261141629545 t1_us=261141629566 dur_us=21
FIG8_ATTENTION_EVENT mode=lut-exp layout=serial phase=measure iteration=0 component=core_acc component_id=6 lut_exp=1 scna_layout=0 scna_width=0 qo_len=4 kv_len=4096 n_heads=12 n_kv_heads=2 head_dim=128 kv_head=0 worker=1 block_r=0 block_c=0 t0_us=261141629567 t1_us=261141629570 dur_us=3
FIG8_ATTENTION_EVENT mode=lut-exp layout=serial phase=measure iteration=0 component=k_load component_id=2 lut_exp=1 scna_layout=0 scna_width=0 qo_len=4 kv_len=4096 n_heads=12 n_kv_heads=2 head_dim=128 kv_head=0 worker=1 block_r=0 block_c=1280 t0_us=261141629570 t1_us=261141629594 dur_us=23
FIG8_ATTENTION_EVENT mode=lut-exp layout=serial phase=measure iteration=0 component=qk_dot component_id=4 lut_exp=1 scna_layout=0 scna_width=0 qo_len=4 kv_len=4096 n_heads=12 n_kv_heads=2 head_dim=128 kv_head=0 worker=1 block_r=0 block_c=1280 t0_us=261141629594 t1_us=261141629594 dur_us=0
FIG8_ATTENTION_EVENT mode=lut-exp layout=serial phase=measure iteration=0 component=safe_sm component_id=5 lut_exp=1 scna_layout=0 scna_width=0 qo_len=4 kv_len=4096 n_heads=12 n_kv_heads=2 head_dim=128 kv_head=0 worker=1 block_r=0 block_c=1280 t0_us=261141629594 t1_us=261141629614 dur_us=19
FIG8_ATTENTION_EVENT mode=lut-exp layout=serial phase=measure iteration=0 component=v_load component_id=3 lut_exp=1 scna_layout=0 scna_width=0 qo_len=4 kv_len=4096 n_heads=12 n_kv_heads=2 head_dim=128 kv_head=0 worker=1 block_r=0 block_c=1280 t0_us=261141629614 t1_us=261141629640 dur_us=25
FIG8_ATTENTION_EVENT mode=lut-exp layout=serial phase=measure iteration=0 component=core_acc component_id=6 lut_exp=1 scna_layout=0 scna_width=0 qo_len=4 kv_len=4096 n_heads=12 n_kv_heads=2 head_dim=128 kv_head=0 worker=1 block_r=0 block_c=1280 t0_us=261141629640 t1_us=261141629641 dur_us=0
FIG8_ATTENTION_EVENT mode=lut-exp layout=serial phase=measure iteration=0 component=k_load component_id=2 lut_exp=1 scna_layout=0 scna_width=0 qo_len=4 kv_len=4096 n_heads=12 n_kv_heads=2 head_dim=128 kv_head=0 worker=1 block_r=0 block_c=2560 t0_us=261141629641 t1_us=261141629661 dur_us=20
FIG8_ATTENTION_EVENT mode=lut-exp layout=serial phase=measure iteration=0 component=qk_dot component_id=4 lut_exp=1 scna_layout=0 scna_width=0 qo_len=4 kv_len=4096 n_heads=12 n_kv_heads=2 head_dim=128 kv_head=0 worker=1 block_r=0 block_c=2560 t0_us=261141629661 t1_us=261141629661 dur_us=0
FIG8_ATTENTION_EVENT mode=lut-exp layout=serial phase=measure iteration=0 component=safe_sm component_id=5 lut_exp=1 scna_layout=0 scna_width=0 qo_len=4 kv_len=4096 n_heads=12 n_kv_heads=2 head_dim=128 kv_head=0 worker=1 block_r=0 block_c=2560 t0_us=261141629662 t1_us=261141629682 dur_us=20
FIG8_ATTENTION_EVENT mode=lut-exp layout=serial phase=measure iteration=0 component=v_load component_id=3 lut_exp=1 scna_layout=0 scna_width=0 qo_len=4 kv_len=4096 n_heads=12 n_kv_heads=2 head_dim=128 kv_head=0 worker=1 block_r=0 block_c=2560 t0_us=261141629682 t1_us=261141629720 dur_us=37
FIG8_ATTENTION_EVENT mode=lut-exp layout=serial phase=measure iteration=0 component=core_acc component_id=6 lut_exp=1 scna_layout=0 scna_width=0 qo_len=4 kv_len=4096 n_heads=12 n_kv_heads=2 head_dim=128 kv_head=0 worker=1 block_r=0 block_c=2560 t0_us=261141629720 t1_us=261141629723 dur_us=2
FIG8_ATTENTION_EVENT mode=lut-exp layout=serial phase=measure iteration=0 component=k_load component_id=2 lut_exp=1 scna_layout=0 scna_width=0 qo_len=4 kv_len=4096 n_heads=12 n_kv_heads=2 head_dim=128 kv_head=0 worker=1 block_r=0 block_c=3840 t0_us=261141629724 t1_us=261141629729 dur_us=5
FIG8_ATTENTION_EVENT mode=lut-exp layout=serial phase=measure iteration=0 component=qk_dot component_id=4 lut_exp=1 scna_layout=0 scna_width=0 qo_len=4 kv_len=4096 n_heads=12 n_kv_heads=2 head_dim=128 kv_head=0 worker=1 block_r=0 block_c=3840 t0_us=261141629730 t1_us=261141629730 dur_us=0
FIG8_ATTENTION_EVENT mode=lut-exp layout=serial phase=measure iteration=0 component=safe_sm component_id=5 lut_exp=1 scna_layout=0 scna_width=0 qo_len=4 kv_len=4096 n_heads=12 n_kv_heads=2 head_dim=128 kv_head=0 worker=1 block_r=0 block_c=3840 t0_us=261141629731 t1_us=261141629740 dur_us=9
FIG8_ATTENTION_EVENT mode=lut-exp layout=serial phase=measure iteration=0 component=v_load component_id=3 lut_exp=1 scna_layout=0 scna_width=0 qo_len=4 kv_len=4096 n_heads=12 n_kv_heads=2 head_dim=128 kv_head=0 worker=1 block_r=0 block_c=3840 t0_us=261141629740 t1_us=261141629742 dur_us=2
FIG8_ATTENTION_EVENT mode=lut-exp layout=serial phase=measure iteration=0 component=core_acc component_id=6 lut_exp=1 scna_layout=0 scna_width=0 qo_len=4 kv_len=4096 n_heads=12 n_kv_heads=2 head_dim=128 kv_head=0 worker=1 block_r=0 block_c=3840 t0_us=261141629742 t1_us=261141629742 dur_us=0
FIG8_ATTENTION_EVENT mode=lut-exp layout=serial phase=measure iteration=0 component=o_scale component_id=7 lut_exp=1 scna_layout=0 scna_width=0 qo_len=4 kv_len=4096 n_heads=12 n_kv_heads=2 head_dim=128 kv_head=0 worker=1 block_r=0 block_c=-1 t0_us=261141629743 t1_us=261141629745 dur_us=1
FIG8_ATTENTION_EVENT mode=lut-exp layout=serial phase=measure iteration=0 component=o_store component_id=8 lut_exp=1 scna_layout=0 scna_width=0 qo_len=4 kv_len=4096 n_heads=12 n_kv_heads=2 head_dim=128 kv_head=0 worker=1 block_r=0 block_c=-1 t0_us=261141629745 t1_us=261141629747 dur_us=2
FIG8_ATTENTION_EVENT mode=lut-exp layout=serial phase=measure iteration=0 component=q_load component_id=1 lut_exp=1 scna_layout=0 scna_width=0 qo_len=4 kv_len=4096 n_heads=12 n_kv_heads=2 head_dim=128 kv_head=1 worker=1 block_r=0 block_c=-1 t0_us=261141629791 t1_us=261141629793 dur_us=1
FIG8_ATTENTION_EVENT mode=lut-exp layout=serial phase=measure iteration=0 component=k_load component_id=2 lut_exp=1 scna_layout=0 scna_width=0 qo_len=4 kv_len=4096 n_heads=12 n_kv_heads=2 head_dim=128 kv_head=1 worker=1 block_r=0 block_c=0 t0_us=261141629794 t1_us=261141629815 dur_us=21
FIG8_ATTENTION_EVENT mode=lut-exp layout=serial phase=measure iteration=0 component=qk_dot component_id=4 lut_exp=1 scna_layout=0 scna_width=0 qo_len=4 kv_len=4096 n_heads=12 n_kv_heads=2 head_dim=128 kv_head=1 worker=1 block_r=0 block_c=0 t0_us=261141629815 t1_us=261141629816 dur_us=0
FIG8_ATTENTION_EVENT mode=lut-exp layout=serial phase=measure iteration=0 component=safe_sm component_id=5 lut_exp=1 scna_layout=0 scna_width=0 qo_len=4 kv_len=4096 n_heads=12 n_kv_heads=2 head_dim=128 kv_head=1 worker=1 block_r=0 block_c=0 t0_us=261141629816 t1_us=261141629835 dur_us=19
FIG8_ATTENTION_EVENT mode=lut-exp layout=serial phase=measure iteration=0 component=v_load component_id=3 lut_exp=1 scna_layout=0 scna_width=0 qo_len=4 kv_len=4096 n_heads=12 n_kv_heads=2 head_dim=128 kv_head=1 worker=1 block_r=0 block_c=0 t0_us=261141629835 t1_us=261141629855 dur_us=20
FIG8_ATTENTION_EVENT mode=lut-exp layout=serial phase=measure iteration=0 component=core_acc component_id=6 lut_exp=1 scna_layout=0 scna_width=0 qo_len=4 kv_len=4096 n_heads=12 n_kv_heads=2 head_dim=128 kv_head=1 worker=1 block_r=0 block_c=0 t0_us=261141629855 t1_us=261141629857 dur_us=1
FIG8_ATTENTION_EVENT mode=lut-exp layout=serial phase=measure iteration=0 component=k_load component_id=2 lut_exp=1 scna_layout=0 scna_width=0 qo_len=4 kv_len=4096 n_heads=12 n_kv_heads=2 head_dim=128 kv_head=1 worker=1 block_r=0 block_c=1280 t0_us=261141629857 t1_us=261141629879 dur_us=21
FIG8_ATTENTION_EVENT mode=lut-exp layout=serial phase=measure iteration=0 component=qk_dot component_id=4 lut_exp=1 scna_layout=0 scna_width=0 qo_len=4 kv_len=4096 n_heads=12 n_kv_heads=2 head_dim=128 kv_head=1 worker=1 block_r=0 block_c=1280 t0_us=261141629879 t1_us=261141629880 dur_us=0
FIG8_ATTENTION_EVENT mode=lut-exp layout=serial phase=measure iteration=0 component=safe_sm component_id=5 lut_exp=1 scna_layout=0 scna_width=0 qo_len=4 kv_len=4096 n_heads=12 n_kv_heads=2 head_dim=128 kv_head=1 worker=1 block_r=0 block_c=1280 t0_us=261141629880 t1_us=261141629898 dur_us=18
FIG8_ATTENTION_EVENT mode=lut-exp layout=serial phase=measure iteration=0 component=v_load component_id=3 lut_exp=1 scna_layout=0 scna_width=0 qo_len=4 kv_len=4096 n_heads=12 n_kv_heads=2 head_dim=128 kv_head=1 worker=1 block_r=0 block_c=1280 t0_us=261141629899 t1_us=261141629933 dur_us=33
FIG8_ATTENTION_EVENT mode=lut-exp layout=serial phase=measure iteration=0 component=core_acc component_id=6 lut_exp=1 scna_layout=0 scna_width=0 qo_len=4 kv_len=4096 n_heads=12 n_kv_heads=2 head_dim=128 kv_head=1 worker=1 block_r=0 block_c=1280 t0_us=261141629933 t1_us=261141629933 dur_us=0
FIG8_ATTENTION_EVENT mode=lut-exp layout=serial phase=measure iteration=0 component=k_load component_id=2 lut_exp=1 scna_layout=0 scna_width=0 qo_len=4 kv_len=4096 n_heads=12 n_kv_heads=2 head_dim=128 kv_head=1 worker=1 block_r=0 block_c=2560 t0_us=261141629933 t1_us=261141629954 dur_us=20
FIG8_ATTENTION_EVENT mode=lut-exp layout=serial phase=measure iteration=0 component=qk_dot component_id=4 lut_exp=1 scna_layout=0 scna_width=0 qo_len=4 kv_len=4096 n_heads=12 n_kv_heads=2 head_dim=128 kv_head=1 worker=1 block_r=0 block_c=2560 t0_us=261141629954 t1_us=261141629955 dur_us=0
FIG8_ATTENTION_EVENT mode=lut-exp layout=serial phase=measure iteration=0 component=safe_sm component_id=5 lut_exp=1 scna_layout=0 scna_width=0 qo_len=4 kv_len=4096 n_heads=12 n_kv_heads=2 head_dim=128 kv_head=1 worker=1 block_r=0 block_c=2560 t0_us=261141629955 t1_us=261141629975 dur_us=20
FIG8_ATTENTION_EVENT mode=lut-exp layout=serial phase=measure iteration=0 component=v_load component_id=3 lut_exp=1 scna_layout=0 scna_width=0 qo_len=4 kv_len=4096 n_heads=12 n_kv_heads=2 head_dim=128 kv_head=1 worker=1 block_r=0 block_c=2560 t0_us=261141629975 t1_us=261141630009 dur_us=33
FIG8_ATTENTION_EVENT mode=lut-exp layout=serial phase=measure iteration=0 component=core_acc component_id=6 lut_exp=1 scna_layout=0 scna_width=0 qo_len=4 kv_len=4096 n_heads=12 n_kv_heads=2 head_dim=128 kv_head=1 worker=1 block_r=0 block_c=2560 t0_us=261141630009 t1_us=261141630010 dur_us=1
FIG8_ATTENTION_EVENT mode=lut-exp layout=serial phase=measure iteration=0 component=k_load component_id=2 lut_exp=1 scna_layout=0 scna_width=0 qo_len=4 kv_len=4096 n_heads=12 n_kv_heads=2 head_dim=128 kv_head=1 worker=1 block_r=0 block_c=3840 t0_us=261141630010 t1_us=261141630015 dur_us=4
FIG8_ATTENTION_EVENT mode=lut-exp layout=serial phase=measure iteration=0 component=qk_dot component_id=4 lut_exp=1 scna_layout=0 scna_width=0 qo_len=4 kv_len=4096 n_heads=12 n_kv_heads=2 head_dim=128 kv_head=1 worker=1 block_r=0 block_c=3840 t0_us=261141630015 t1_us=261141630015 dur_us=0
FIG8_ATTENTION_EVENT mode=lut-exp layout=serial phase=measure iteration=0 component=safe_sm component_id=5 lut_exp=1 scna_layout=0 scna_width=0 qo_len=4 kv_len=4096 n_heads=12 n_kv_heads=2 head_dim=128 kv_head=1 worker=1 block_r=0 block_c=3840 t0_us=261141630015 t1_us=261141630021 dur_us=6
FIG8_ATTENTION_EVENT mode=lut-exp layout=serial phase=measure iteration=0 component=v_load component_id=3 lut_exp=1 scna_layout=0 scna_width=0 qo_len=4 kv_len=4096 n_heads=12 n_kv_heads=2 head_dim=128 kv_head=1 worker=1 block_r=0 block_c=3840 t0_us=261141630022 t1_us=261141630024 dur_us=2
FIG8_ATTENTION_EVENT mode=lut-exp layout=serial phase=measure iteration=0 component=core_acc component_id=6 lut_exp=1 scna_layout=0 scna_width=0 qo_len=4 kv_len=4096 n_heads=12 n_kv_heads=2 head_dim=128 kv_head=1 worker=1 block_r=0 block_c=3840 t0_us=261141630024 t1_us=261141630024 dur_us=0
FIG8_ATTENTION_EVENT mode=lut-exp layout=serial phase=measure iteration=0 component=o_scale component_id=7 lut_exp=1 scna_layout=0 scna_width=0 qo_len=4 kv_len=4096 n_heads=12 n_kv_heads=2 head_dim=128 kv_head=1 worker=1 block_r=0 block_c=-1 t0_us=261141630024 t1_us=261141630026 dur_us=2
FIG8_ATTENTION_EVENT mode=lut-exp layout=serial phase=measure iteration=0 component=o_store component_id=8 lut_exp=1 scna_layout=0 scna_width=0 qo_len=4 kv_len=4096 n_heads=12 n_kv_heads=2 head_dim=128 kv_head=1 worker=1 block_r=0 block_c=-1 t0_us=261141630027 t1_us=261141630029 dur_us=2
FIG8_ATTENTION_CHECKSUM mode=lut-exp layout=serial scna_width=8 seed=figure8_fixed phase=measure iteration=0 checksum=0xcff889f656826dad
