FIG8_ATTENTION_CONFIG mode=lut-exp layout=serial variant=pair_static_d8 scna_width=8 seed=figure8_fixed mask_mode=full qo_len=32 kv_len=4096 kv_pad_len=4096 n_heads=12 n_kv_heads=2 head_dim=128 warmup=1 iters=1 q_size=196608 kv_size=2097152 mask_size=262144 profile_size=2664576 profile_max_records=24 profile_max_events=33152 mode_flags=65537 print_events=1 workers=1
FIG8_ATTENTION_HOST_TIMING mode=lut-exp layout=serial variant=pair_static_d8 workers=1 scna_width=8 seed=figure8_fixed mask_mode=full qo_len=32 kv_len=4096 n_heads=12 n_kv_heads=2 head_dim=128 phase=warmup iteration=0 host_elapsed_us=4487 ret=0
FIG8_ATTENTION_PROFILE_COUNT mode=lut-exp qo_len=32 phase=warmup iteration=0 records=16 max_records=24
FIG8_ATTENTION_WORKERS mode=lut-exp variant=pair_static_d8 qo_len=32 phase=warmup iteration=0 requested_workers=1 active_workers=1 hvx_contexts=6 vtcm_worker_cap=8 tasks=16 q_task_rows=4
FIG8_ATTENTION_TIMERS mode=lut-exp layout=serial phase=warmup iteration=0 lut_exp=1 scna_layout=0 scna_width=0 qo_len=4 kv_len=4096 n_heads=12 n_kv_heads=2 head_dim=128 kv_head=0 worker=0 profiled_total=265 q_load=2 k_load=91 v_load=81 qk_dot=3 safe_sm=77 scna_exp=0 param_prepare=0 core_acc=6 o_scale=2 o_store=3
FIG8_ATTENTION_TIMERS mode=lut-exp layout=serial phase=warmup iteration=0 lut_exp=1 scna_layout=0 scna_width=0 qo_len=4 kv_len=4096 n_heads=12 n_kv_heads=2 head_dim=128 kv_head=1 worker=0 profiled_total=249 q_load=1 k_load=74 v_load=91 qk_dot=1 safe_sm=72 scna_exp=0 param_prepare=0 core_acc=7 o_scale=1 o_store=2
FIG8_ATTENTION_TIMERS mode=lut-exp layout=serial phase=warmup iteration=0 lut_exp=1 scna_layout=0 scna_width=0 qo_len=4 kv_len=4096 n_heads=12 n_kv_heads=2 head_dim=128 kv_head=0 worker=0 profiled_total=211 q_load=1 k_load=67 v_load=76 qk_dot=1 safe_sm=60 scna_exp=0 param_prepare=0 core_acc=4 o_scale=1 o_store=1
FIG8_ATTENTION_TIMERS mode=lut-exp layout=serial phase=warmup iteration=0 lut_exp=1 scna_layout=0 scna_width=0 qo_len=4 kv_len=4096 n_heads=12 n_kv_heads=2 head_dim=128 kv_head=1 worker=0 profiled_total=217 q_load=1 k_load=67 v_load=81 qk_dot=2 safe_sm=61 scna_exp=0 param_prepare=0 core_acc=2 o_scale=1 o_store=2
FIG8_ATTENTION_TIMERS mode=lut-exp layout=serial phase=warmup iteration=0 lut_exp=1 scna_layout=0 scna_width=0 qo_len=4 kv_len=4096 n_heads=12 n_kv_heads=2 head_dim=128 kv_head=0 worker=0 profiled_total=218 q_load=1 k_load=68 v_load=80 qk_dot=1 safe_sm=61 scna_exp=0 param_prepare=0 core_acc=4 o_scale=1 o_store=2
FIG8_ATTENTION_TIMERS mode=lut-exp layout=serial phase=warmup iteration=0 lut_exp=1 scna_layout=0 scna_width=0 qo_len=4 kv_len=4096 n_heads=12 n_kv_heads=2 head_dim=128 kv_head=1 worker=0 profiled_total=214 q_load=1 k_load=68 v_load=78 qk_dot=2 safe_sm=60 scna_exp=0 param_prepare=0 core_acc=2 o_scale=1 o_store=2
FIG8_ATTENTION_TIMERS mode=lut-exp layout=serial phase=warmup iteration=0 lut_exp=1 scna_layout=0 scna_width=0 qo_len=4 kv_len=4096 n_heads=12 n_kv_heads=2 head_dim=128 kv_head=0 worker=0 profiled_total=213 q_load=1 k_load=66 v_load=78 qk_dot=1 safe_sm=60 scna_exp=0 param_prepare=0 core_acc=5 o_scale=1 o_store=1
FIG8_ATTENTION_TIMERS mode=lut-exp layout=serial phase=warmup iteration=0 lut_exp=1 scna_layout=0 scna_width=0 qo_len=4 kv_len=4096 n_heads=12 n_kv_heads=2 head_dim=128 kv_head=1 worker=0 profiled_total=210 q_load=1 k_load=67 v_load=73 qk_dot=2 safe_sm=61 scna_exp=0 param_prepare=0 core_acc=3 o_scale=1 o_store=2
FIG8_ATTENTION_TIMERS mode=lut-exp layout=serial phase=warmup iteration=0 lut_exp=1 scna_layout=0 scna_width=0 qo_len=4 kv_len=4096 n_heads=12 n_kv_heads=2 head_dim=128 kv_head=0 worker=0 profiled_total=208 q_load=1 k_load=66 v_load=73 qk_dot=1 safe_sm=61 scna_exp=0 param_prepare=0 core_acc=4 o_scale=1 o_store=1
FIG8_ATTENTION_TIMERS mode=lut-exp layout=serial phase=warmup iteration=0 lut_exp=1 scna_layout=0 scna_width=0 qo_len=4 kv_len=4096 n_heads=12 n_kv_heads=2 head_dim=128 kv_head=1 worker=0 profiled_total=214 q_load=1 k_load=69 v_load=77 qk_dot=2 safe_sm=60 scna_exp=0 param_prepare=0 core_acc=2 o_scale=1 o_store=2
FIG8_ATTENTION_TIMERS mode=lut-exp layout=serial phase=warmup iteration=0 lut_exp=1 scna_layout=0 scna_width=0 qo_len=4 kv_len=4096 n_heads=12 n_kv_heads=2 head_dim=128 kv_head=0 worker=0 profiled_total=210 q_load=1 k_load=67 v_load=73 qk_dot=1 safe_sm=60 scna_exp=0 param_prepare=0 core_acc=4 o_scale=1 o_store=3
FIG8_ATTENTION_TIMERS mode=lut-exp layout=serial phase=warmup iteration=0 lut_exp=1 scna_layout=0 scna_width=0 qo_len=4 kv_len=4096 n_heads=12 n_kv_heads=2 head_dim=128 kv_head=1 worker=0 profiled_total=213 q_load=1 k_load=69 v_load=76 qk_dot=2 safe_sm=60 scna_exp=0 param_prepare=0 core_acc=2 o_scale=1 o_store=2
FIG8_ATTENTION_TIMERS mode=lut-exp layout=serial phase=warmup iteration=0 lut_exp=1 scna_layout=0 scna_width=0 qo_len=4 kv_len=4096 n_heads=12 n_kv_heads=2 head_dim=128 kv_head=0 worker=0 profiled_total=214 q_load=1 k_load=67 v_load=79 qk_dot=1 safe_sm=60 scna_exp=0 param_prepare=0 core_acc=4 o_scale=1 o_store=1
FIG8_ATTENTION_TIMERS mode=lut-exp layout=serial phase=warmup iteration=0 lut_exp=1 scna_layout=0 scna_width=0 qo_len=4 kv_len=4096 n_heads=12 n_kv_heads=2 head_dim=128 kv_head=1 worker=0 profiled_total=207 q_load=1 k_load=68 v_load=70 qk_dot=2 safe_sm=60 scna_exp=0 param_prepare=0 core_acc=3 o_scale=1 o_store=2
FIG8_ATTENTION_TIMERS mode=lut-exp layout=serial phase=warmup iteration=0 lut_exp=1 scna_layout=0 scna_width=0 qo_len=4 kv_len=4096 n_heads=12 n_kv_heads=2 head_dim=128 kv_head=0 worker=0 profiled_total=209 q_load=1 k_load=67 v_load=72 qk_dot=1 safe_sm=61 scna_exp=0 param_prepare=0 core_acc=5 o_scale=1 o_store=1
FIG8_ATTENTION_TIMERS mode=lut-exp layout=serial phase=warmup iteration=0 lut_exp=1 scna_layout=0 scna_width=0 qo_len=4 kv_len=4096 n_heads=12 n_kv_heads=2 head_dim=128 kv_head=1 worker=0 profiled_total=209 q_load=1 k_load=67 v_load=73 qk_dot=2 safe_sm=60 scna_exp=0 param_prepare=0 core_acc=3 o_scale=1 o_store=2
FIG8_ATTENTION_EVENT_COUNT mode=lut-exp qo_len=32 phase=warmup iteration=0 events=368 max_events=33152 overflow=0
FIG8_ATTENTION_EVENT mode=lut-exp layout=serial phase=warmup iteration=0 component=q_load component_id=1 lut_exp=1 scna_layout=0 scna_width=0 qo_len=4 kv_len=4096 n_heads=12 n_kv_heads=2 head_dim=128 kv_head=0 worker=0 block_r=0 block_c=-1 t0_us=260176968876 t1_us=260176968879 dur_us=2
FIG8_ATTENTION_EVENT mode=lut-exp layout=serial phase=warmup iteration=0 component=k_load component_id=2 lut_exp=1 scna_layout=0 scna_width=0 qo_len=4 kv_len=4096 n_heads=12 n_kv_heads=2 head_dim=128 kv_head=0 worker=0 block_r=0 block_c=0 t0_us=260176968880 t1_us=260176968916 dur_us=36
FIG8_ATTENTION_EVENT mode=lut-exp layout=serial phase=warmup iteration=0 component=qk_dot component_id=4 lut_exp=1 scna_layout=0 scna_width=0 qo_len=4 kv_len=4096 n_heads=12 n_kv_heads=2 head_dim=128 kv_head=0 worker=0 block_r=0 block_c=0 t0_us=260176968917 t1_us=260176968919 dur_us=2
FIG8_ATTENTION_EVENT mode=lut-exp layout=serial phase=warmup iteration=0 component=safe_sm component_id=5 lut_exp=1 scna_layout=0 scna_width=0 qo_len=4 kv_len=4096 n_heads=12 n_kv_heads=2 head_dim=128 kv_head=0 worker=0 block_r=0 block_c=0 t0_us=260176968920 t1_us=260176968948 dur_us=28
FIG8_ATTENTION_EVENT mode=lut-exp layout=serial phase=warmup iteration=0 component=v_load component_id=3 lut_exp=1 scna_layout=0 scna_width=0 qo_len=4 kv_len=4096 n_heads=12 n_kv_heads=2 head_dim=128 kv_head=0 worker=0 block_r=0 block_c=0 t0_us=260176968949 t1_us=260176968972 dur_us=23
FIG8_ATTENTION_EVENT mode=lut-exp layout=serial phase=warmup iteration=0 component=core_acc component_id=6 lut_exp=1 scna_layout=0 scna_width=0 qo_len=4 kv_len=4096 n_heads=12 n_kv_heads=2 head_dim=128 kv_head=0 worker=0 block_r=0 block_c=0 t0_us=260176968972 t1_us=260176968978 dur_us=5
FIG8_ATTENTION_EVENT mode=lut-exp layout=serial phase=warmup iteration=0 component=k_load component_id=2 lut_exp=1 scna_layout=0 scna_width=0 qo_len=4 kv_len=4096 n_heads=12 n_kv_heads=2 head_dim=128 kv_head=0 worker=0 block_r=0 block_c=1280 t0_us=260176968979 t1_us=260176969010 dur_us=30
FIG8_ATTENTION_EVENT mode=lut-exp layout=serial phase=warmup iteration=0 component=qk_dot component_id=4 lut_exp=1 scna_layout=0 scna_width=0 qo_len=4 kv_len=4096 n_heads=12 n_kv_heads=2 head_dim=128 kv_head=0 worker=0 block_r=0 block_c=1280 t0_us=260176969010 t1_us=260176969010 dur_us=0
FIG8_ATTENTION_EVENT mode=lut-exp layout=serial phase=warmup iteration=0 component=safe_sm component_id=5 lut_exp=1 scna_layout=0 scna_width=0 qo_len=4 kv_len=4096 n_heads=12 n_kv_heads=2 head_dim=128 kv_head=0 worker=0 block_r=0 block_c=1280 t0_us=260176969010 t1_us=260176969032 dur_us=21
FIG8_ATTENTION_EVENT mode=lut-exp layout=serial phase=warmup iteration=0 component=v_load component_id=3 lut_exp=1 scna_layout=0 scna_width=0 qo_len=4 kv_len=4096 n_heads=12 n_kv_heads=2 head_dim=128 kv_head=0 worker=0 block_r=0 block_c=1280 t0_us=260176969032 t1_us=260176969060 dur_us=27
FIG8_ATTENTION_EVENT mode=lut-exp layout=serial phase=warmup iteration=0 component=core_acc component_id=6 lut_exp=1 scna_layout=0 scna_width=0 qo_len=4 kv_len=4096 n_heads=12 n_kv_heads=2 head_dim=128 kv_head=0 worker=0 block_r=0 block_c=1280 t0_us=260176969060 t1_us=260176969060 dur_us=0
FIG8_ATTENTION_EVENT mode=lut-exp layout=serial phase=warmup iteration=0 component=k_load component_id=2 lut_exp=1 scna_layout=0 scna_width=0 qo_len=4 kv_len=4096 n_heads=12 n_kv_heads=2 head_dim=128 kv_head=0 worker=0 block_r=0 block_c=2560 t0_us=260176969060 t1_us=260176969081 dur_us=20
FIG8_ATTENTION_EVENT mode=lut-exp layout=serial phase=warmup iteration=0 component=qk_dot component_id=4 lut_exp=1 scna_layout=0 scna_width=0 qo_len=4 kv_len=4096 n_heads=12 n_kv_heads=2 head_dim=128 kv_head=0 worker=0 block_r=0 block_c=2560 t0_us=260176969081 t1_us=260176969081 dur_us=0
FIG8_ATTENTION_EVENT mode=lut-exp layout=serial phase=warmup iteration=0 component=safe_sm component_id=5 lut_exp=1 scna_layout=0 scna_width=0 qo_len=4 kv_len=4096 n_heads=12 n_kv_heads=2 head_dim=128 kv_head=0 worker=0 block_r=0 block_c=2560 t0_us=260176969081 t1_us=260176969102 dur_us=21
FIG8_ATTENTION_EVENT mode=lut-exp layout=serial phase=warmup iteration=0 component=v_load component_id=3 lut_exp=1 scna_layout=0 scna_width=0 qo_len=4 kv_len=4096 n_heads=12 n_kv_heads=2 head_dim=128 kv_head=0 worker=0 block_r=0 block_c=2560 t0_us=260176969102 t1_us=260176969131 dur_us=28
FIG8_ATTENTION_EVENT mode=lut-exp layout=serial phase=warmup iteration=0 component=core_acc component_id=6 lut_exp=1 scna_layout=0 scna_width=0 qo_len=4 kv_len=4096 n_heads=12 n_kv_heads=2 head_dim=128 kv_head=0 worker=0 block_r=0 block_c=2560 t0_us=260176969131 t1_us=260176969131 dur_us=0
FIG8_ATTENTION_EVENT mode=lut-exp layout=serial phase=warmup iteration=0 component=k_load component_id=2 lut_exp=1 scna_layout=0 scna_width=0 qo_len=4 kv_len=4096 n_heads=12 n_kv_heads=2 head_dim=128 kv_head=0 worker=0 block_r=0 block_c=3840 t0_us=260176969131 t1_us=260176969136 dur_us=4
FIG8_ATTENTION_EVENT mode=lut-exp layout=serial phase=warmup iteration=0 component=qk_dot component_id=4 lut_exp=1 scna_layout=0 scna_width=0 qo_len=4 kv_len=4096 n_heads=12 n_kv_heads=2 head_dim=128 kv_head=0 worker=0 block_r=0 block_c=3840 t0_us=260176969136 t1_us=260176969136 dur_us=0
FIG8_ATTENTION_EVENT mode=lut-exp layout=serial phase=warmup iteration=0 component=safe_sm component_id=5 lut_exp=1 scna_layout=0 scna_width=0 qo_len=4 kv_len=4096 n_heads=12 n_kv_heads=2 head_dim=128 kv_head=0 worker=0 block_r=0 block_c=3840 t0_us=260176969136 t1_us=260176969142 dur_us=6
FIG8_ATTENTION_EVENT mode=lut-exp layout=serial phase=warmup iteration=0 component=v_load component_id=3 lut_exp=1 scna_layout=0 scna_width=0 qo_len=4 kv_len=4096 n_heads=12 n_kv_heads=2 head_dim=128 kv_head=0 worker=0 block_r=0 block_c=3840 t0_us=260176969142 t1_us=260176969145 dur_us=2
FIG8_ATTENTION_EVENT mode=lut-exp layout=serial phase=warmup iteration=0 component=core_acc component_id=6 lut_exp=1 scna_layout=0 scna_width=0 qo_len=4 kv_len=4096 n_heads=12 n_kv_heads=2 head_dim=128 kv_head=0 worker=0 block_r=0 block_c=3840 t0_us=260176969145 t1_us=260176969145 dur_us=0
FIG8_ATTENTION_EVENT mode=lut-exp layout=serial phase=warmup iteration=0 component=o_scale component_id=7 lut_exp=1 scna_layout=0 scna_width=0 qo_len=4 kv_len=4096 n_heads=12 n_kv_heads=2 head_dim=128 kv_head=0 worker=0 block_r=0 block_c=-1 t0_us=260176969145 t1_us=260176969148 dur_us=2
FIG8_ATTENTION_EVENT mode=lut-exp layout=serial phase=warmup iteration=0 component=o_store component_id=8 lut_exp=1 scna_layout=0 scna_width=0 qo_len=4 kv_len=4096 n_heads=12 n_kv_heads=2 head_dim=128 kv_head=0 worker=0 block_r=0 block_c=-1 t0_us=260176969148 t1_us=260176969152 dur_us=3
FIG8_ATTENTION_EVENT mode=lut-exp layout=serial phase=warmup iteration=0 component=q_load component_id=1 lut_exp=1 scna_layout=0 scna_width=0 qo_len=4 kv_len=4096 n_heads=12 n_kv_heads=2 head_dim=128 kv_head=1 worker=0 block_r=0 block_c=-1 t0_us=260176969200 t1_us=260176969201 dur_us=1
FIG8_ATTENTION_EVENT mode=lut-exp layout=serial phase=warmup iteration=0 component=k_load component_id=2 lut_exp=1 scna_layout=0 scna_width=0 qo_len=4 kv_len=4096 n_heads=12 n_kv_heads=2 head_dim=128 kv_head=1 worker=0 block_r=0 block_c=0 t0_us=260176969202 t1_us=260176969223 dur_us=20
FIG8_ATTENTION_EVENT mode=lut-exp layout=serial phase=warmup iteration=0 component=qk_dot component_id=4 lut_exp=1 scna_layout=0 scna_width=0 qo_len=4 kv_len=4096 n_heads=12 n_kv_heads=2 head_dim=128 kv_head=1 worker=0 block_r=0 block_c=0 t0_us=260176969223 t1_us=260176969224 dur_us=0
FIG8_ATTENTION_EVENT mode=lut-exp layout=serial phase=warmup iteration=0 component=safe_sm component_id=5 lut_exp=1 scna_layout=0 scna_width=0 qo_len=4 kv_len=4096 n_heads=12 n_kv_heads=2 head_dim=128 kv_head=1 worker=0 block_r=0 block_c=0 t0_us=260176969225 t1_us=260176969248 dur_us=23
FIG8_ATTENTION_EVENT mode=lut-exp layout=serial phase=warmup iteration=0 component=v_load component_id=3 lut_exp=1 scna_layout=0 scna_width=0 qo_len=4 kv_len=4096 n_heads=12 n_kv_heads=2 head_dim=128 kv_head=1 worker=0 block_r=0 block_c=0 t0_us=260176969249 t1_us=260176969277 dur_us=27
FIG8_ATTENTION_EVENT mode=lut-exp layout=serial phase=warmup iteration=0 component=core_acc component_id=6 lut_exp=1 scna_layout=0 scna_width=0 qo_len=4 kv_len=4096 n_heads=12 n_kv_heads=2 head_dim=128 kv_head=1 worker=0 block_r=0 block_c=0 t0_us=260176969278 t1_us=260176969284 dur_us=6
FIG8_ATTENTION_EVENT mode=lut-exp layout=serial phase=warmup iteration=0 component=k_load component_id=2 lut_exp=1 scna_layout=0 scna_width=0 qo_len=4 kv_len=4096 n_heads=12 n_kv_heads=2 head_dim=128 kv_head=1 worker=0 block_r=0 block_c=1280 t0_us=260176969286 t1_us=260176969315 dur_us=28
FIG8_ATTENTION_EVENT mode=lut-exp layout=serial phase=warmup iteration=0 component=qk_dot component_id=4 lut_exp=1 scna_layout=0 scna_width=0 qo_len=4 kv_len=4096 n_heads=12 n_kv_heads=2 head_dim=128 kv_head=1 worker=0 block_r=0 block_c=1280 t0_us=260176969315 t1_us=260176969315 dur_us=0
FIG8_ATTENTION_EVENT mode=lut-exp layout=serial phase=warmup iteration=0 component=safe_sm component_id=5 lut_exp=1 scna_layout=0 scna_width=0 qo_len=4 kv_len=4096 n_heads=12 n_kv_heads=2 head_dim=128 kv_head=1 worker=0 block_r=0 block_c=1280 t0_us=260176969315 t1_us=260176969337 dur_us=22
FIG8_ATTENTION_EVENT mode=lut-exp layout=serial phase=warmup iteration=0 component=v_load component_id=3 lut_exp=1 scna_layout=0 scna_width=0 qo_len=4 kv_len=4096 n_heads=12 n_kv_heads=2 head_dim=128 kv_head=1 worker=0 block_r=0 block_c=1280 t0_us=260176969338 t1_us=260176969365 dur_us=27
FIG8_ATTENTION_EVENT mode=lut-exp layout=serial phase=warmup iteration=0 component=core_acc component_id=6 lut_exp=1 scna_layout=0 scna_width=0 qo_len=4 kv_len=4096 n_heads=12 n_kv_heads=2 head_dim=128 kv_head=1 worker=0 block_r=0 block_c=1280 t0_us=260176969365 t1_us=260176969366 dur_us=0
FIG8_ATTENTION_EVENT mode=lut-exp layout=serial phase=warmup iteration=0 component=k_load component_id=2 lut_exp=1 scna_layout=0 scna_width=0 qo_len=4 kv_len=4096 n_heads=12 n_kv_heads=2 head_dim=128 kv_head=1 worker=0 block_r=0 block_c=2560 t0_us=260176969366 t1_us=260176969386 dur_us=20
FIG8_ATTENTION_EVENT mode=lut-exp layout=serial phase=warmup iteration=0 component=qk_dot component_id=4 lut_exp=1 scna_layout=0 scna_width=0 qo_len=4 kv_len=4096 n_heads=12 n_kv_heads=2 head_dim=128 kv_head=1 worker=0 block_r=0 block_c=2560 t0_us=260176969386 t1_us=260176969387 dur_us=0
FIG8_ATTENTION_EVENT mode=lut-exp layout=serial phase=warmup iteration=0 component=safe_sm component_id=5 lut_exp=1 scna_layout=0 scna_width=0 qo_len=4 kv_len=4096 n_heads=12 n_kv_heads=2 head_dim=128 kv_head=1 worker=0 block_r=0 block_c=2560 t0_us=260176969387 t1_us=260176969407 dur_us=20
FIG8_ATTENTION_EVENT mode=lut-exp layout=serial phase=warmup iteration=0 component=v_load component_id=3 lut_exp=1 scna_layout=0 scna_width=0 qo_len=4 kv_len=4096 n_heads=12 n_kv_heads=2 head_dim=128 kv_head=1 worker=0 block_r=0 block_c=2560 t0_us=260176969407 t1_us=260176969441 dur_us=33
FIG8_ATTENTION_EVENT mode=lut-exp layout=serial phase=warmup iteration=0 component=core_acc component_id=6 lut_exp=1 scna_layout=0 scna_width=0 qo_len=4 kv_len=4096 n_heads=12 n_kv_heads=2 head_dim=128 kv_head=1 worker=0 block_r=0 block_c=2560 t0_us=260176969441 t1_us=260176969441 dur_us=0
FIG8_ATTENTION_EVENT mode=lut-exp layout=serial phase=warmup iteration=0 component=k_load component_id=2 lut_exp=1 scna_layout=0 scna_width=0 qo_len=4 kv_len=4096 n_heads=12 n_kv_heads=2 head_dim=128 kv_head=1 worker=0 block_r=0 block_c=3840 t0_us=260176969442 t1_us=260176969446 dur_us=4
FIG8_ATTENTION_EVENT mode=lut-exp layout=serial phase=warmup iteration=0 component=qk_dot component_id=4 lut_exp=1 scna_layout=0 scna_width=0 qo_len=4 kv_len=4096 n_heads=12 n_kv_heads=2 head_dim=128 kv_head=1 worker=0 block_r=0 block_c=3840 t0_us=260176969446 t1_us=260176969446 dur_us=0
FIG8_ATTENTION_EVENT mode=lut-exp layout=serial phase=warmup iteration=0 component=safe_sm component_id=5 lut_exp=1 scna_layout=0 scna_width=0 qo_len=4 kv_len=4096 n_heads=12 n_kv_heads=2 head_dim=128 kv_head=1 worker=0 block_r=0 block_c=3840 t0_us=260176969446 t1_us=260176969453 dur_us=6
FIG8_ATTENTION_EVENT mode=lut-exp layout=serial phase=warmup iteration=0 component=v_load component_id=3 lut_exp=1 scna_layout=0 scna_width=0 qo_len=4 kv_len=4096 n_heads=12 n_kv_heads=2 head_dim=128 kv_head=1 worker=0 block_r=0 block_c=3840 t0_us=260176969453 t1_us=260176969455 dur_us=2
FIG8_ATTENTION_EVENT mode=lut-exp layout=serial phase=warmup iteration=0 component=core_acc component_id=6 lut_exp=1 scna_layout=0 scna_width=0 qo_len=4 kv_len=4096 n_heads=12 n_kv_heads=2 head_dim=128 kv_head=1 worker=0 block_r=0 block_c=3840 t0_us=260176969455 t1_us=260176969455 dur_us=0
FIG8_ATTENTION_EVENT mode=lut-exp layout=serial phase=warmup iteration=0 component=o_scale component_id=7 lut_exp=1 scna_layout=0 scna_width=0 qo_len=4 kv_len=4096 n_heads=12 n_kv_heads=2 head_dim=128 kv_head=1 worker=0 block_r=0 block_c=-1 t0_us=260176969456 t1_us=260176969457 dur_us=1
FIG8_ATTENTION_EVENT mode=lut-exp layout=serial phase=warmup iteration=0 component=o_store component_id=8 lut_exp=1 scna_layout=0 scna_width=0 qo_len=4 kv_len=4096 n_heads=12 n_kv_heads=2 head_dim=128 kv_head=1 worker=0 block_r=0 block_c=-1 t0_us=260176969457 t1_us=260176969460 dur_us=2
FIG8_ATTENTION_EVENT mode=lut-exp layout=serial phase=warmup iteration=0 component=q_load component_id=1 lut_exp=1 scna_layout=0 scna_width=0 qo_len=4 kv_len=4096 n_heads=12 n_kv_heads=2 head_dim=128 kv_head=0 worker=0 block_r=0 block_c=-1 t0_us=260176969500 t1_us=260176969501 dur_us=1
FIG8_ATTENTION_EVENT mode=lut-exp layout=serial phase=warmup iteration=0 component=k_load component_id=2 lut_exp=1 scna_layout=0 scna_width=0 qo_len=4 kv_len=4096 n_heads=12 n_kv_heads=2 head_dim=128 kv_head=0 worker=0 block_r=0 block_c=0 t0_us=260176969503 t1_us=260176969523 dur_us=20
FIG8_ATTENTION_EVENT mode=lut-exp layout=serial phase=warmup iteration=0 component=qk_dot component_id=4 lut_exp=1 scna_layout=0 scna_width=0 qo_len=4 kv_len=4096 n_heads=12 n_kv_heads=2 head_dim=128 kv_head=0 worker=0 block_r=0 block_c=0 t0_us=260176969523 t1_us=260176969524 dur_us=0
FIG8_ATTENTION_EVENT mode=lut-exp layout=serial phase=warmup iteration=0 component=safe_sm component_id=5 lut_exp=1 scna_layout=0 scna_width=0 qo_len=4 kv_len=4096 n_heads=12 n_kv_heads=2 head_dim=128 kv_head=0 worker=0 block_r=0 block_c=0 t0_us=260176969524 t1_us=260176969543 dur_us=19
FIG8_ATTENTION_EVENT mode=lut-exp layout=serial phase=warmup iteration=0 component=v_load component_id=3 lut_exp=1 scna_layout=0 scna_width=0 qo_len=4 kv_len=4096 n_heads=12 n_kv_heads=2 head_dim=128 kv_head=0 worker=0 block_r=0 block_c=0 t0_us=260176969544 t1_us=260176969564 dur_us=20
FIG8_ATTENTION_EVENT mode=lut-exp layout=serial phase=warmup iteration=0 component=core_acc component_id=6 lut_exp=1 scna_layout=0 scna_width=0 qo_len=4 kv_len=4096 n_heads=12 n_kv_heads=2 head_dim=128 kv_head=0 worker=0 block_r=0 block_c=0 t0_us=260176969564 t1_us=260176969566 dur_us=2
FIG8_ATTENTION_EVENT mode=lut-exp layout=serial phase=warmup iteration=0 component=k_load component_id=2 lut_exp=1 scna_layout=0 scna_width=0 qo_len=4 kv_len=4096 n_heads=12 n_kv_heads=2 head_dim=128 kv_head=0 worker=0 block_r=0 block_c=1280 t0_us=260176969567 t1_us=260176969589 dur_us=22
FIG8_ATTENTION_EVENT mode=lut-exp layout=serial phase=warmup iteration=0 component=qk_dot component_id=4 lut_exp=1 scna_layout=0 scna_width=0 qo_len=4 kv_len=4096 n_heads=12 n_kv_heads=2 head_dim=128 kv_head=0 worker=0 block_r=0 block_c=1280 t0_us=260176969589 t1_us=260176969589 dur_us=0
FIG8_ATTENTION_EVENT mode=lut-exp layout=serial phase=warmup iteration=0 component=safe_sm component_id=5 lut_exp=1 scna_layout=0 scna_width=0 qo_len=4 kv_len=4096 n_heads=12 n_kv_heads=2 head_dim=128 kv_head=0 worker=0 block_r=0 block_c=1280 t0_us=260176969589 t1_us=260176969607 dur_us=17
FIG8_ATTENTION_EVENT mode=lut-exp layout=serial phase=warmup iteration=0 component=v_load component_id=3 lut_exp=1 scna_layout=0 scna_width=0 qo_len=4 kv_len=4096 n_heads=12 n_kv_heads=2 head_dim=128 kv_head=0 worker=0 block_r=0 block_c=1280 t0_us=260176969607 t1_us=260176969637 dur_us=29
FIG8_ATTENTION_EVENT mode=lut-exp layout=serial phase=warmup iteration=0 component=core_acc component_id=6 lut_exp=1 scna_layout=0 scna_width=0 qo_len=4 kv_len=4096 n_heads=12 n_kv_heads=2 head_dim=128 kv_head=0 worker=0 block_r=0 block_c=1280 t0_us=260176969638 t1_us=260176969639 dur_us=1
FIG8_ATTENTION_EVENT mode=lut-exp layout=serial phase=warmup iteration=0 component=k_load component_id=2 lut_exp=1 scna_layout=0 scna_width=0 qo_len=4 kv_len=4096 n_heads=12 n_kv_heads=2 head_dim=128 kv_head=0 worker=0 block_r=0 block_c=2560 t0_us=260176969640 t1_us=260176969660 dur_us=20
FIG8_ATTENTION_EVENT mode=lut-exp layout=serial phase=warmup iteration=0 component=qk_dot component_id=4 lut_exp=1 scna_layout=0 scna_width=0 qo_len=4 kv_len=4096 n_heads=12 n_kv_heads=2 head_dim=128 kv_head=0 worker=0 block_r=0 block_c=2560 t0_us=260176969660 t1_us=260176969661 dur_us=0
FIG8_ATTENTION_EVENT mode=lut-exp layout=serial phase=warmup iteration=0 component=safe_sm component_id=5 lut_exp=1 scna_layout=0 scna_width=0 qo_len=4 kv_len=4096 n_heads=12 n_kv_heads=2 head_dim=128 kv_head=0 worker=0 block_r=0 block_c=2560 t0_us=260176969661 t1_us=260176969679 dur_us=18
FIG8_ATTENTION_EVENT mode=lut-exp layout=serial phase=warmup iteration=0 component=v_load component_id=3 lut_exp=1 scna_layout=0 scna_width=0 qo_len=4 kv_len=4096 n_heads=12 n_kv_heads=2 head_dim=128 kv_head=0 worker=0 block_r=0 block_c=2560 t0_us=260176969679 t1_us=260176969704 dur_us=24
FIG8_ATTENTION_EVENT mode=lut-exp layout=serial phase=warmup iteration=0 component=core_acc component_id=6 lut_exp=1 scna_layout=0 scna_width=0 qo_len=4 kv_len=4096 n_heads=12 n_kv_heads=2 head_dim=128 kv_head=0 worker=0 block_r=0 block_c=2560 t0_us=260176969704 t1_us=260176969704 dur_us=0
FIG8_ATTENTION_EVENT mode=lut-exp layout=serial phase=warmup iteration=0 component=k_load component_id=2 lut_exp=1 scna_layout=0 scna_width=0 qo_len=4 kv_len=4096 n_heads=12 n_kv_heads=2 head_dim=128 kv_head=0 worker=0 block_r=0 block_c=3840 t0_us=260176969705 t1_us=260176969709 dur_us=4
FIG8_ATTENTION_EVENT mode=lut-exp layout=serial phase=warmup iteration=0 component=qk_dot component_id=4 lut_exp=1 scna_layout=0 scna_width=0 qo_len=4 kv_len=4096 n_heads=12 n_kv_heads=2 head_dim=128 kv_head=0 worker=0 block_r=0 block_c=3840 t0_us=260176969709 t1_us=260176969709 dur_us=0
FIG8_ATTENTION_EVENT mode=lut-exp layout=serial phase=warmup iteration=0 component=safe_sm component_id=5 lut_exp=1 scna_layout=0 scna_width=0 qo_len=4 kv_len=4096 n_heads=12 n_kv_heads=2 head_dim=128 kv_head=0 worker=0 block_r=0 block_c=3840 t0_us=260176969709 t1_us=260176969715 dur_us=5
FIG8_ATTENTION_EVENT mode=lut-exp layout=serial phase=warmup iteration=0 component=v_load component_id=3 lut_exp=1 scna_layout=0 scna_width=0 qo_len=4 kv_len=4096 n_heads=12 n_kv_heads=2 head_dim=128 kv_head=0 worker=0 block_r=0 block_c=3840 t0_us=260176969715 t1_us=260176969717 dur_us=2
FIG8_ATTENTION_EVENT mode=lut-exp layout=serial phase=warmup iteration=0 component=core_acc component_id=6 lut_exp=1 scna_layout=0 scna_width=0 qo_len=4 kv_len=4096 n_heads=12 n_kv_heads=2 head_dim=128 kv_head=0 worker=0 block_r=0 block_c=3840 t0_us=260176969717 t1_us=260176969717 dur_us=0
FIG8_ATTENTION_EVENT mode=lut-exp layout=serial phase=warmup iteration=0 component=o_scale component_id=7 lut_exp=1 scna_layout=0 scna_width=0 qo_len=4 kv_len=4096 n_heads=12 n_kv_heads=2 head_dim=128 kv_head=0 worker=0 block_r=0 block_c=-1 t0_us=260176969718 t1_us=260176969719 dur_us=1
FIG8_ATTENTION_EVENT mode=lut-exp layout=serial phase=warmup iteration=0 component=o_store component_id=8 lut_exp=1 scna_layout=0 scna_width=0 qo_len=4 kv_len=4096 n_heads=12 n_kv_heads=2 head_dim=128 kv_head=0 worker=0 block_r=0 block_c=-1 t0_us=260176969719 t1_us=260176969721 dur_us=1
FIG8_ATTENTION_EVENT mode=lut-exp layout=serial phase=warmup iteration=0 component=q_load component_id=1 lut_exp=1 scna_layout=0 scna_width=0 qo_len=4 kv_len=4096 n_heads=12 n_kv_heads=2 head_dim=128 kv_head=1 worker=0 block_r=0 block_c=-1 t0_us=260176969764 t1_us=260176969765 dur_us=1
FIG8_ATTENTION_EVENT mode=lut-exp layout=serial phase=warmup iteration=0 component=k_load component_id=2 lut_exp=1 scna_layout=0 scna_width=0 qo_len=4 kv_len=4096 n_heads=12 n_kv_heads=2 head_dim=128 kv_head=1 worker=0 block_r=0 block_c=0 t0_us=260176969767 t1_us=260176969787 dur_us=20
FIG8_ATTENTION_EVENT mode=lut-exp layout=serial phase=warmup iteration=0 component=qk_dot component_id=4 lut_exp=1 scna_layout=0 scna_width=0 qo_len=4 kv_len=4096 n_heads=12 n_kv_heads=2 head_dim=128 kv_head=1 worker=0 block_r=0 block_c=0 t0_us=260176969787 t1_us=260176969789 dur_us=1
FIG8_ATTENTION_EVENT mode=lut-exp layout=serial phase=warmup iteration=0 component=safe_sm component_id=5 lut_exp=1 scna_layout=0 scna_width=0 qo_len=4 kv_len=4096 n_heads=12 n_kv_heads=2 head_dim=128 kv_head=1 worker=0 block_r=0 block_c=0 t0_us=260176969789 t1_us=260176969809 dur_us=19
FIG8_ATTENTION_EVENT mode=lut-exp layout=serial phase=warmup iteration=0 component=v_load component_id=3 lut_exp=1 scna_layout=0 scna_width=0 qo_len=4 kv_len=4096 n_heads=12 n_kv_heads=2 head_dim=128 kv_head=1 worker=0 block_r=0 block_c=0 t0_us=260176969809 t1_us=260176969831 dur_us=21
FIG8_ATTENTION_EVENT mode=lut-exp layout=serial phase=warmup iteration=0 component=core_acc component_id=6 lut_exp=1 scna_layout=0 scna_width=0 qo_len=4 kv_len=4096 n_heads=12 n_kv_heads=2 head_dim=128 kv_head=1 worker=0 block_r=0 block_c=0 t0_us=260176969832 t1_us=260176969833 dur_us=1
FIG8_ATTENTION_EVENT mode=lut-exp layout=serial phase=warmup iteration=0 component=k_load component_id=2 lut_exp=1 scna_layout=0 scna_width=0 qo_len=4 kv_len=4096 n_heads=12 n_kv_heads=2 head_dim=128 kv_head=1 worker=0 block_r=0 block_c=1280 t0_us=260176969834 t1_us=260176969856 dur_us=22
FIG8_ATTENTION_EVENT mode=lut-exp layout=serial phase=warmup iteration=0 component=qk_dot component_id=4 lut_exp=1 scna_layout=0 scna_width=0 qo_len=4 kv_len=4096 n_heads=12 n_kv_heads=2 head_dim=128 kv_head=1 worker=0 block_r=0 block_c=1280 t0_us=260176969856 t1_us=260176969857 dur_us=0
FIG8_ATTENTION_EVENT mode=lut-exp layout=serial phase=warmup iteration=0 component=safe_sm component_id=5 lut_exp=1 scna_layout=0 scna_width=0 qo_len=4 kv_len=4096 n_heads=12 n_kv_heads=2 head_dim=128 kv_head=1 worker=0 block_r=0 block_c=1280 t0_us=260176969857 t1_us=260176969874 dur_us=17
FIG8_ATTENTION_EVENT mode=lut-exp layout=serial phase=warmup iteration=0 component=v_load component_id=3 lut_exp=1 scna_layout=0 scna_width=0 qo_len=4 kv_len=4096 n_heads=12 n_kv_heads=2 head_dim=128 kv_head=1 worker=0 block_r=0 block_c=1280 t0_us=260176969874 t1_us=260176969905 dur_us=31
FIG8_ATTENTION_EVENT mode=lut-exp layout=serial phase=warmup iteration=0 component=core_acc component_id=6 lut_exp=1 scna_layout=0 scna_width=0 qo_len=4 kv_len=4096 n_heads=12 n_kv_heads=2 head_dim=128 kv_head=1 worker=0 block_r=0 block_c=1280 t0_us=260176969906 t1_us=260176969906 dur_us=0
FIG8_ATTENTION_EVENT mode=lut-exp layout=serial phase=warmup iteration=0 component=k_load component_id=2 lut_exp=1 scna_layout=0 scna_width=0 qo_len=4 kv_len=4096 n_heads=12 n_kv_heads=2 head_dim=128 kv_head=1 worker=0 block_r=0 block_c=2560 t0_us=260176969906 t1_us=260176969927 dur_us=20
FIG8_ATTENTION_EVENT mode=lut-exp layout=serial phase=warmup iteration=0 component=qk_dot component_id=4 lut_exp=1 scna_layout=0 scna_width=0 qo_len=4 kv_len=4096 n_heads=12 n_kv_heads=2 head_dim=128 kv_head=1 worker=0 block_r=0 block_c=2560 t0_us=260176969927 t1_us=260176969928 dur_us=0
FIG8_ATTENTION_EVENT mode=lut-exp layout=serial phase=warmup iteration=0 component=safe_sm component_id=5 lut_exp=1 scna_layout=0 scna_width=0 qo_len=4 kv_len=4096 n_heads=12 n_kv_heads=2 head_dim=128 kv_head=1 worker=0 block_r=0 block_c=2560 t0_us=260176969928 t1_us=260176969946 dur_us=17
FIG8_ATTENTION_EVENT mode=lut-exp layout=serial phase=warmup iteration=0 component=v_load component_id=3 lut_exp=1 scna_layout=0 scna_width=0 qo_len=4 kv_len=4096 n_heads=12 n_kv_heads=2 head_dim=128 kv_head=1 worker=0 block_r=0 block_c=2560 t0_us=260176969946 t1_us=260176969972 dur_us=26
FIG8_ATTENTION_EVENT mode=lut-exp layout=serial phase=warmup iteration=0 component=core_acc component_id=6 lut_exp=1 scna_layout=0 scna_width=0 qo_len=4 kv_len=4096 n_heads=12 n_kv_heads=2 head_dim=128 kv_head=1 worker=0 block_r=0 block_c=2560 t0_us=260176969972 t1_us=260176969973 dur_us=0
FIG8_ATTENTION_EVENT mode=lut-exp layout=serial phase=warmup iteration=0 component=k_load component_id=2 lut_exp=1 scna_layout=0 scna_width=0 qo_len=4 kv_len=4096 n_heads=12 n_kv_heads=2 head_dim=128 kv_head=1 worker=0 block_r=0 block_c=3840 t0_us=260176969973 t1_us=260176969976 dur_us=3
FIG8_ATTENTION_EVENT mode=lut-exp layout=serial phase=warmup iteration=0 component=qk_dot component_id=4 lut_exp=1 scna_layout=0 scna_width=0 qo_len=4 kv_len=4096 n_heads=12 n_kv_heads=2 head_dim=128 kv_head=1 worker=0 block_r=0 block_c=3840 t0_us=260176969977 t1_us=260176969977 dur_us=0
FIG8_ATTENTION_EVENT mode=lut-exp layout=serial phase=warmup iteration=0 component=safe_sm component_id=5 lut_exp=1 scna_layout=0 scna_width=0 qo_len=4 kv_len=4096 n_heads=12 n_kv_heads=2 head_dim=128 kv_head=1 worker=0 block_r=0 block_c=3840 t0_us=260176969977 t1_us=260176969983 dur_us=5
FIG8_ATTENTION_EVENT mode=lut-exp layout=serial phase=warmup iteration=0 component=v_load component_id=3 lut_exp=1 scna_layout=0 scna_width=0 qo_len=4 kv_len=4096 n_heads=12 n_kv_heads=2 head_dim=128 kv_head=1 worker=0 block_r=0 block_c=3840 t0_us=260176969983 t1_us=260176969985 dur_us=2
FIG8_ATTENTION_EVENT mode=lut-exp layout=serial phase=warmup iteration=0 component=core_acc component_id=6 lut_exp=1 scna_layout=0 scna_width=0 qo_len=4 kv_len=4096 n_heads=12 n_kv_heads=2 head_dim=128 kv_head=1 worker=0 block_r=0 block_c=3840 t0_us=260176969985 t1_us=260176969985 dur_us=0
FIG8_ATTENTION_EVENT mode=lut-exp layout=serial phase=warmup iteration=0 component=o_scale component_id=7 lut_exp=1 scna_layout=0 scna_width=0 qo_len=4 kv_len=4096 n_heads=12 n_kv_heads=2 head_dim=128 kv_head=1 worker=0 block_r=0 block_c=-1 t0_us=260176969986 t1_us=260176969987 dur_us=1
FIG8_ATTENTION_EVENT mode=lut-exp layout=serial phase=warmup iteration=0 component=o_store component_id=8 lut_exp=1 scna_layout=0 scna_width=0 qo_len=4 kv_len=4096 n_heads=12 n_kv_heads=2 head_dim=128 kv_head=1 worker=0 block_r=0 block_c=-1 t0_us=260176969987 t1_us=260176969989 dur_us=2
FIG8_ATTENTION_EVENT mode=lut-exp layout=serial phase=warmup iteration=0 component=q_load component_id=1 lut_exp=1 scna_layout=0 scna_width=0 qo_len=4 kv_len=4096 n_heads=12 n_kv_heads=2 head_dim=128 kv_head=0 worker=0 block_r=0 block_c=-1 t0_us=260176970029 t1_us=260176970031 dur_us=1
FIG8_ATTENTION_EVENT mode=lut-exp layout=serial phase=warmup iteration=0 component=k_load component_id=2 lut_exp=1 scna_layout=0 scna_width=0 qo_len=4 kv_len=4096 n_heads=12 n_kv_heads=2 head_dim=128 kv_head=0 worker=0 block_r=0 block_c=0 t0_us=260176970032 t1_us=260176970054 dur_us=21
FIG8_ATTENTION_EVENT mode=lut-exp layout=serial phase=warmup iteration=0 component=qk_dot component_id=4 lut_exp=1 scna_layout=0 scna_width=0 qo_len=4 kv_len=4096 n_heads=12 n_kv_heads=2 head_dim=128 kv_head=0 worker=0 block_r=0 block_c=0 t0_us=260176970054 t1_us=260176970055 dur_us=0
FIG8_ATTENTION_EVENT mode=lut-exp layout=serial phase=warmup iteration=0 component=safe_sm component_id=5 lut_exp=1 scna_layout=0 scna_width=0 qo_len=4 kv_len=4096 n_heads=12 n_kv_heads=2 head_dim=128 kv_head=0 worker=0 block_r=0 block_c=0 t0_us=260176970056 t1_us=260176970075 dur_us=19
FIG8_ATTENTION_EVENT mode=lut-exp layout=serial phase=warmup iteration=0 component=v_load component_id=3 lut_exp=1 scna_layout=0 scna_width=0 qo_len=4 kv_len=4096 n_heads=12 n_kv_heads=2 head_dim=128 kv_head=0 worker=0 block_r=0 block_c=0 t0_us=260176970076 t1_us=260176970096 dur_us=20
FIG8_ATTENTION_EVENT mode=lut-exp layout=serial phase=warmup iteration=0 component=core_acc component_id=6 lut_exp=1 scna_layout=0 scna_width=0 qo_len=4 kv_len=4096 n_heads=12 n_kv_heads=2 head_dim=128 kv_head=0 worker=0 block_r=0 block_c=0 t0_us=260176970096 t1_us=260176970099 dur_us=2
FIG8_ATTENTION_EVENT mode=lut-exp layout=serial phase=warmup iteration=0 component=k_load component_id=2 lut_exp=1 scna_layout=0 scna_width=0 qo_len=4 kv_len=4096 n_heads=12 n_kv_heads=2 head_dim=128 kv_head=0 worker=0 block_r=0 block_c=1280 t0_us=260176970100 t1_us=260176970123 dur_us=23
FIG8_ATTENTION_EVENT mode=lut-exp layout=serial phase=warmup iteration=0 component=qk_dot component_id=4 lut_exp=1 scna_layout=0 scna_width=0 qo_len=4 kv_len=4096 n_heads=12 n_kv_heads=2 head_dim=128 kv_head=0 worker=0 block_r=0 block_c=1280 t0_us=260176970123 t1_us=260176970123 dur_us=0
FIG8_ATTENTION_EVENT mode=lut-exp layout=serial phase=warmup iteration=0 component=safe_sm component_id=5 lut_exp=1 scna_layout=0 scna_width=0 qo_len=4 kv_len=4096 n_heads=12 n_kv_heads=2 head_dim=128 kv_head=0 worker=0 block_r=0 block_c=1280 t0_us=260176970123 t1_us=260176970141 dur_us=17
FIG8_ATTENTION_EVENT mode=lut-exp layout=serial phase=warmup iteration=0 component=v_load component_id=3 lut_exp=1 scna_layout=0 scna_width=0 qo_len=4 kv_len=4096 n_heads=12 n_kv_heads=2 head_dim=128 kv_head=0 worker=0 block_r=0 block_c=1280 t0_us=260176970141 t1_us=260176970171 dur_us=29
FIG8_ATTENTION_EVENT mode=lut-exp layout=serial phase=warmup iteration=0 component=core_acc component_id=6 lut_exp=1 scna_layout=0 scna_width=0 qo_len=4 kv_len=4096 n_heads=12 n_kv_heads=2 head_dim=128 kv_head=0 worker=0 block_r=0 block_c=1280 t0_us=260176970171 t1_us=260176970171 dur_us=0
FIG8_ATTENTION_EVENT mode=lut-exp layout=serial phase=warmup iteration=0 component=k_load component_id=2 lut_exp=1 scna_layout=0 scna_width=0 qo_len=4 kv_len=4096 n_heads=12 n_kv_heads=2 head_dim=128 kv_head=0 worker=0 block_r=0 block_c=2560 t0_us=260176970172 t1_us=260176970191 dur_us=19
FIG8_ATTENTION_EVENT mode=lut-exp layout=serial phase=warmup iteration=0 component=qk_dot component_id=4 lut_exp=1 scna_layout=0 scna_width=0 qo_len=4 kv_len=4096 n_heads=12 n_kv_heads=2 head_dim=128 kv_head=0 worker=0 block_r=0 block_c=2560 t0_us=260176970192 t1_us=260176970192 dur_us=0
FIG8_ATTENTION_EVENT mode=lut-exp layout=serial phase=warmup iteration=0 component=safe_sm component_id=5 lut_exp=1 scna_layout=0 scna_width=0 qo_len=4 kv_len=4096 n_heads=12 n_kv_heads=2 head_dim=128 kv_head=0 worker=0 block_r=0 block_c=2560 t0_us=260176970192 t1_us=260176970210 dur_us=17
FIG8_ATTENTION_EVENT mode=lut-exp layout=serial phase=warmup iteration=0 component=v_load component_id=3 lut_exp=1 scna_layout=0 scna_width=0 qo_len=4 kv_len=4096 n_heads=12 n_kv_heads=2 head_dim=128 kv_head=0 worker=0 block_r=0 block_c=2560 t0_us=260176970210 t1_us=260176970238 dur_us=28
FIG8_ATTENTION_EVENT mode=lut-exp layout=serial phase=warmup iteration=0 component=core_acc component_id=6 lut_exp=1 scna_layout=0 scna_width=0 qo_len=4 kv_len=4096 n_heads=12 n_kv_heads=2 head_dim=128 kv_head=0 worker=0 block_r=0 block_c=2560 t0_us=260176970239 t1_us=260176970239 dur_us=0
FIG8_ATTENTION_EVENT mode=lut-exp layout=serial phase=warmup iteration=0 component=k_load component_id=2 lut_exp=1 scna_layout=0 scna_width=0 qo_len=4 kv_len=4096 n_heads=12 n_kv_heads=2 head_dim=128 kv_head=0 worker=0 block_r=0 block_c=3840 t0_us=260176970239 t1_us=260176970243 dur_us=4
FIG8_ATTENTION_EVENT mode=lut-exp layout=serial phase=warmup iteration=0 component=qk_dot component_id=4 lut_exp=1 scna_layout=0 scna_width=0 qo_len=4 kv_len=4096 n_heads=12 n_kv_heads=2 head_dim=128 kv_head=0 worker=0 block_r=0 block_c=3840 t0_us=260176970244 t1_us=260176970244 dur_us=0
FIG8_ATTENTION_EVENT mode=lut-exp layout=serial phase=warmup iteration=0 component=safe_sm component_id=5 lut_exp=1 scna_layout=0 scna_width=0 qo_len=4 kv_len=4096 n_heads=12 n_kv_heads=2 head_dim=128 kv_head=0 worker=0 block_r=0 block_c=3840 t0_us=260176970244 t1_us=260176970250 dur_us=6
FIG8_ATTENTION_EVENT mode=lut-exp layout=serial phase=warmup iteration=0 component=v_load component_id=3 lut_exp=1 scna_layout=0 scna_width=0 qo_len=4 kv_len=4096 n_heads=12 n_kv_heads=2 head_dim=128 kv_head=0 worker=0 block_r=0 block_c=3840 t0_us=260176970250 t1_us=260176970252 dur_us=2
FIG8_ATTENTION_EVENT mode=lut-exp layout=serial phase=warmup iteration=0 component=core_acc component_id=6 lut_exp=1 scna_layout=0 scna_width=0 qo_len=4 kv_len=4096 n_heads=12 n_kv_heads=2 head_dim=128 kv_head=0 worker=0 block_r=0 block_c=3840 t0_us=260176970252 t1_us=260176970253 dur_us=0
FIG8_ATTENTION_EVENT mode=lut-exp layout=serial phase=warmup iteration=0 component=o_scale component_id=7 lut_exp=1 scna_layout=0 scna_width=0 qo_len=4 kv_len=4096 n_heads=12 n_kv_heads=2 head_dim=128 kv_head=0 worker=0 block_r=0 block_c=-1 t0_us=260176970253 t1_us=260176970254 dur_us=1
FIG8_ATTENTION_EVENT mode=lut-exp layout=serial phase=warmup iteration=0 component=o_store component_id=8 lut_exp=1 scna_layout=0 scna_width=0 qo_len=4 kv_len=4096 n_heads=12 n_kv_heads=2 head_dim=128 kv_head=0 worker=0 block_r=0 block_c=-1 t0_us=260176970255 t1_us=260176970258 dur_us=2
FIG8_ATTENTION_EVENT mode=lut-exp layout=serial phase=warmup iteration=0 component=q_load component_id=1 lut_exp=1 scna_layout=0 scna_width=0 qo_len=4 kv_len=4096 n_heads=12 n_kv_heads=2 head_dim=128 kv_head=1 worker=0 block_r=0 block_c=-1 t0_us=260176970297 t1_us=260176970298 dur_us=1
FIG8_ATTENTION_EVENT mode=lut-exp layout=serial phase=warmup iteration=0 component=k_load component_id=2 lut_exp=1 scna_layout=0 scna_width=0 qo_len=4 kv_len=4096 n_heads=12 n_kv_heads=2 head_dim=128 kv_head=1 worker=0 block_r=0 block_c=0 t0_us=260176970299 t1_us=260176970321 dur_us=21
FIG8_ATTENTION_EVENT mode=lut-exp layout=serial phase=warmup iteration=0 component=qk_dot component_id=4 lut_exp=1 scna_layout=0 scna_width=0 qo_len=4 kv_len=4096 n_heads=12 n_kv_heads=2 head_dim=128 kv_head=1 worker=0 block_r=0 block_c=0 t0_us=260176970321 t1_us=260176970322 dur_us=1
FIG8_ATTENTION_EVENT mode=lut-exp layout=serial phase=warmup iteration=0 component=safe_sm component_id=5 lut_exp=1 scna_layout=0 scna_width=0 qo_len=4 kv_len=4096 n_heads=12 n_kv_heads=2 head_dim=128 kv_head=1 worker=0 block_r=0 block_c=0 t0_us=260176970323 t1_us=260176970342 dur_us=19
FIG8_ATTENTION_EVENT mode=lut-exp layout=serial phase=warmup iteration=0 component=v_load component_id=3 lut_exp=1 scna_layout=0 scna_width=0 qo_len=4 kv_len=4096 n_heads=12 n_kv_heads=2 head_dim=128 kv_head=1 worker=0 block_r=0 block_c=0 t0_us=260176970342 t1_us=260176970364 dur_us=21
FIG8_ATTENTION_EVENT mode=lut-exp layout=serial phase=warmup iteration=0 component=core_acc component_id=6 lut_exp=1 scna_layout=0 scna_width=0 qo_len=4 kv_len=4096 n_heads=12 n_kv_heads=2 head_dim=128 kv_head=1 worker=0 block_r=0 block_c=0 t0_us=260176970365 t1_us=260176970367 dur_us=1
FIG8_ATTENTION_EVENT mode=lut-exp layout=serial phase=warmup iteration=0 component=k_load component_id=2 lut_exp=1 scna_layout=0 scna_width=0 qo_len=4 kv_len=4096 n_heads=12 n_kv_heads=2 head_dim=128 kv_head=1 worker=0 block_r=0 block_c=1280 t0_us=260176970367 t1_us=260176970390 dur_us=22
FIG8_ATTENTION_EVENT mode=lut-exp layout=serial phase=warmup iteration=0 component=qk_dot component_id=4 lut_exp=1 scna_layout=0 scna_width=0 qo_len=4 kv_len=4096 n_heads=12 n_kv_heads=2 head_dim=128 kv_head=1 worker=0 block_r=0 block_c=1280 t0_us=260176970390 t1_us=260176970390 dur_us=0
FIG8_ATTENTION_EVENT mode=lut-exp layout=serial phase=warmup iteration=0 component=safe_sm component_id=5 lut_exp=1 scna_layout=0 scna_width=0 qo_len=4 kv_len=4096 n_heads=12 n_kv_heads=2 head_dim=128 kv_head=1 worker=0 block_r=0 block_c=1280 t0_us=260176970390 t1_us=260176970408 dur_us=17
FIG8_ATTENTION_EVENT mode=lut-exp layout=serial phase=warmup iteration=0 component=v_load component_id=3 lut_exp=1 scna_layout=0 scna_width=0 qo_len=4 kv_len=4096 n_heads=12 n_kv_heads=2 head_dim=128 kv_head=1 worker=0 block_r=0 block_c=1280 t0_us=260176970408 t1_us=260176970434 dur_us=26
FIG8_ATTENTION_EVENT mode=lut-exp layout=serial phase=warmup iteration=0 component=core_acc component_id=6 lut_exp=1 scna_layout=0 scna_width=0 qo_len=4 kv_len=4096 n_heads=12 n_kv_heads=2 head_dim=128 kv_head=1 worker=0 block_r=0 block_c=1280 t0_us=260176970434 t1_us=260176970435 dur_us=0
FIG8_ATTENTION_EVENT mode=lut-exp layout=serial phase=warmup iteration=0 component=k_load component_id=2 lut_exp=1 scna_layout=0 scna_width=0 qo_len=4 kv_len=4096 n_heads=12 n_kv_heads=2 head_dim=128 kv_head=1 worker=0 block_r=0 block_c=2560 t0_us=260176970435 t1_us=260176970455 dur_us=20
FIG8_ATTENTION_EVENT mode=lut-exp layout=serial phase=warmup iteration=0 component=qk_dot component_id=4 lut_exp=1 scna_layout=0 scna_width=0 qo_len=4 kv_len=4096 n_heads=12 n_kv_heads=2 head_dim=128 kv_head=1 worker=0 block_r=0 block_c=2560 t0_us=260176970456 t1_us=260176970456 dur_us=0
FIG8_ATTENTION_EVENT mode=lut-exp layout=serial phase=warmup iteration=0 component=safe_sm component_id=5 lut_exp=1 scna_layout=0 scna_width=0 qo_len=4 kv_len=4096 n_heads=12 n_kv_heads=2 head_dim=128 kv_head=1 worker=0 block_r=0 block_c=2560 t0_us=260176970456 t1_us=260176970474 dur_us=17
FIG8_ATTENTION_EVENT mode=lut-exp layout=serial phase=warmup iteration=0 component=v_load component_id=3 lut_exp=1 scna_layout=0 scna_width=0 qo_len=4 kv_len=4096 n_heads=12 n_kv_heads=2 head_dim=128 kv_head=1 worker=0 block_r=0 block_c=2560 t0_us=260176970474 t1_us=260176970501 dur_us=27
FIG8_ATTENTION_EVENT mode=lut-exp layout=serial phase=warmup iteration=0 component=core_acc component_id=6 lut_exp=1 scna_layout=0 scna_width=0 qo_len=4 kv_len=4096 n_heads=12 n_kv_heads=2 head_dim=128 kv_head=1 worker=0 block_r=0 block_c=2560 t0_us=260176970501 t1_us=260176970502 dur_us=0
FIG8_ATTENTION_EVENT mode=lut-exp layout=serial phase=warmup iteration=0 component=k_load component_id=2 lut_exp=1 scna_layout=0 scna_width=0 qo_len=4 kv_len=4096 n_heads=12 n_kv_heads=2 head_dim=128 kv_head=1 worker=0 block_r=0 block_c=3840 t0_us=260176970502 t1_us=260176970506 dur_us=4
FIG8_ATTENTION_EVENT mode=lut-exp layout=serial phase=warmup iteration=0 component=qk_dot component_id=4 lut_exp=1 scna_layout=0 scna_width=0 qo_len=4 kv_len=4096 n_heads=12 n_kv_heads=2 head_dim=128 kv_head=1 worker=0 block_r=0 block_c=3840 t0_us=260176970506 t1_us=260176970506 dur_us=0
FIG8_ATTENTION_EVENT mode=lut-exp layout=serial phase=warmup iteration=0 component=safe_sm component_id=5 lut_exp=1 scna_layout=0 scna_width=0 qo_len=4 kv_len=4096 n_heads=12 n_kv_heads=2 head_dim=128 kv_head=1 worker=0 block_r=0 block_c=3840 t0_us=260176970506 t1_us=260176970512 dur_us=5
FIG8_ATTENTION_EVENT mode=lut-exp layout=serial phase=warmup iteration=0 component=v_load component_id=3 lut_exp=1 scna_layout=0 scna_width=0 qo_len=4 kv_len=4096 n_heads=12 n_kv_heads=2 head_dim=128 kv_head=1 worker=0 block_r=0 block_c=3840 t0_us=260176970512 t1_us=260176970515 dur_us=2
FIG8_ATTENTION_EVENT mode=lut-exp layout=serial phase=warmup iteration=0 component=core_acc component_id=6 lut_exp=1 scna_layout=0 scna_width=0 qo_len=4 kv_len=4096 n_heads=12 n_kv_heads=2 head_dim=128 kv_head=1 worker=0 block_r=0 block_c=3840 t0_us=260176970515 t1_us=260176970515 dur_us=0
FIG8_ATTENTION_EVENT mode=lut-exp layout=serial phase=warmup iteration=0 component=o_scale component_id=7 lut_exp=1 scna_layout=0 scna_width=0 qo_len=4 kv_len=4096 n_heads=12 n_kv_heads=2 head_dim=128 kv_head=1 worker=0 block_r=0 block_c=-1 t0_us=260176970515 t1_us=260176970516 dur_us=1
FIG8_ATTENTION_EVENT mode=lut-exp layout=serial phase=warmup iteration=0 component=o_store component_id=8 lut_exp=1 scna_layout=0 scna_width=0 qo_len=4 kv_len=4096 n_heads=12 n_kv_heads=2 head_dim=128 kv_head=1 worker=0 block_r=0 block_c=-1 t0_us=260176970517 t1_us=260176970519 dur_us=2
FIG8_ATTENTION_EVENT mode=lut-exp layout=serial phase=warmup iteration=0 component=q_load component_id=1 lut_exp=1 scna_layout=0 scna_width=0 qo_len=4 kv_len=4096 n_heads=12 n_kv_heads=2 head_dim=128 kv_head=0 worker=0 block_r=0 block_c=-1 t0_us=260176970558 t1_us=260176970559 dur_us=1
FIG8_ATTENTION_EVENT mode=lut-exp layout=serial phase=warmup iteration=0 component=k_load component_id=2 lut_exp=1 scna_layout=0 scna_width=0 qo_len=4 kv_len=4096 n_heads=12 n_kv_heads=2 head_dim=128 kv_head=0 worker=0 block_r=0 block_c=0 t0_us=260176970560 t1_us=260176970581 dur_us=20
FIG8_ATTENTION_EVENT mode=lut-exp layout=serial phase=warmup iteration=0 component=qk_dot component_id=4 lut_exp=1 scna_layout=0 scna_width=0 qo_len=4 kv_len=4096 n_heads=12 n_kv_heads=2 head_dim=128 kv_head=0 worker=0 block_r=0 block_c=0 t0_us=260176970582 t1_us=260176970583 dur_us=0
FIG8_ATTENTION_EVENT mode=lut-exp layout=serial phase=warmup iteration=0 component=safe_sm component_id=5 lut_exp=1 scna_layout=0 scna_width=0 qo_len=4 kv_len=4096 n_heads=12 n_kv_heads=2 head_dim=128 kv_head=0 worker=0 block_r=0 block_c=0 t0_us=260176970583 t1_us=260176970603 dur_us=19
FIG8_ATTENTION_EVENT mode=lut-exp layout=serial phase=warmup iteration=0 component=v_load component_id=3 lut_exp=1 scna_layout=0 scna_width=0 qo_len=4 kv_len=4096 n_heads=12 n_kv_heads=2 head_dim=128 kv_head=0 worker=0 block_r=0 block_c=0 t0_us=260176970603 t1_us=260176970624 dur_us=20
FIG8_ATTENTION_EVENT mode=lut-exp layout=serial phase=warmup iteration=0 component=core_acc component_id=6 lut_exp=1 scna_layout=0 scna_width=0 qo_len=4 kv_len=4096 n_heads=12 n_kv_heads=2 head_dim=128 kv_head=0 worker=0 block_r=0 block_c=0 t0_us=260176970625 t1_us=260176970629 dur_us=3
FIG8_ATTENTION_EVENT mode=lut-exp layout=serial phase=warmup iteration=0 component=k_load component_id=2 lut_exp=1 scna_layout=0 scna_width=0 qo_len=4 kv_len=4096 n_heads=12 n_kv_heads=2 head_dim=128 kv_head=0 worker=0 block_r=0 block_c=1280 t0_us=260176970629 t1_us=260176970651 dur_us=21
FIG8_ATTENTION_EVENT mode=lut-exp layout=serial phase=warmup iteration=0 component=qk_dot component_id=4 lut_exp=1 scna_layout=0 scna_width=0 qo_len=4 kv_len=4096 n_heads=12 n_kv_heads=2 head_dim=128 kv_head=0 worker=0 block_r=0 block_c=1280 t0_us=260176970651 t1_us=260176970651 dur_us=0
FIG8_ATTENTION_EVENT mode=lut-exp layout=serial phase=warmup iteration=0 component=safe_sm component_id=5 lut_exp=1 scna_layout=0 scna_width=0 qo_len=4 kv_len=4096 n_heads=12 n_kv_heads=2 head_dim=128 kv_head=0 worker=0 block_r=0 block_c=1280 t0_us=260176970651 t1_us=260176970669 dur_us=17
FIG8_ATTENTION_EVENT mode=lut-exp layout=serial phase=warmup iteration=0 component=v_load component_id=3 lut_exp=1 scna_layout=0 scna_width=0 qo_len=4 kv_len=4096 n_heads=12 n_kv_heads=2 head_dim=128 kv_head=0 worker=0 block_r=0 block_c=1280 t0_us=260176970669 t1_us=260176970696 dur_us=26
FIG8_ATTENTION_EVENT mode=lut-exp layout=serial phase=warmup iteration=0 component=core_acc component_id=6 lut_exp=1 scna_layout=0 scna_width=0 qo_len=4 kv_len=4096 n_heads=12 n_kv_heads=2 head_dim=128 kv_head=0 worker=0 block_r=0 block_c=1280 t0_us=260176970696 t1_us=260176970697 dur_us=0
FIG8_ATTENTION_EVENT mode=lut-exp layout=serial phase=warmup iteration=0 component=k_load component_id=2 lut_exp=1 scna_layout=0 scna_width=0 qo_len=4 kv_len=4096 n_heads=12 n_kv_heads=2 head_dim=128 kv_head=0 worker=0 block_r=0 block_c=2560 t0_us=260176970697 t1_us=260176970716 dur_us=19
FIG8_ATTENTION_EVENT mode=lut-exp layout=serial phase=warmup iteration=0 component=qk_dot component_id=4 lut_exp=1 scna_layout=0 scna_width=0 qo_len=4 kv_len=4096 n_heads=12 n_kv_heads=2 head_dim=128 kv_head=0 worker=0 block_r=0 block_c=2560 t0_us=260176970717 t1_us=260176970717 dur_us=0
FIG8_ATTENTION_EVENT mode=lut-exp layout=serial phase=warmup iteration=0 component=safe_sm component_id=5 lut_exp=1 scna_layout=0 scna_width=0 qo_len=4 kv_len=4096 n_heads=12 n_kv_heads=2 head_dim=128 kv_head=0 worker=0 block_r=0 block_c=2560 t0_us=260176970717 t1_us=260176970735 dur_us=17
FIG8_ATTENTION_EVENT mode=lut-exp layout=serial phase=warmup iteration=0 component=v_load component_id=3 lut_exp=1 scna_layout=0 scna_width=0 qo_len=4 kv_len=4096 n_heads=12 n_kv_heads=2 head_dim=128 kv_head=0 worker=0 block_r=0 block_c=2560 t0_us=260176970735 t1_us=260176970763 dur_us=28
FIG8_ATTENTION_EVENT mode=lut-exp layout=serial phase=warmup iteration=0 component=core_acc component_id=6 lut_exp=1 scna_layout=0 scna_width=0 qo_len=4 kv_len=4096 n_heads=12 n_kv_heads=2 head_dim=128 kv_head=0 worker=0 block_r=0 block_c=2560 t0_us=260176970763 t1_us=260176970764 dur_us=0
FIG8_ATTENTION_EVENT mode=lut-exp layout=serial phase=warmup iteration=0 component=k_load component_id=2 lut_exp=1 scna_layout=0 scna_width=0 qo_len=4 kv_len=4096 n_heads=12 n_kv_heads=2 head_dim=128 kv_head=0 worker=0 block_r=0 block_c=3840 t0_us=260176970764 t1_us=260176970769 dur_us=4
FIG8_ATTENTION_EVENT mode=lut-exp layout=serial phase=warmup iteration=0 component=qk_dot component_id=4 lut_exp=1 scna_layout=0 scna_width=0 qo_len=4 kv_len=4096 n_heads=12 n_kv_heads=2 head_dim=128 kv_head=0 worker=0 block_r=0 block_c=3840 t0_us=260176970769 t1_us=260176970769 dur_us=0
FIG8_ATTENTION_EVENT mode=lut-exp layout=serial phase=warmup iteration=0 component=safe_sm component_id=5 lut_exp=1 scna_layout=0 scna_width=0 qo_len=4 kv_len=4096 n_heads=12 n_kv_heads=2 head_dim=128 kv_head=0 worker=0 block_r=0 block_c=3840 t0_us=260176970769 t1_us=260176970775 dur_us=6
FIG8_ATTENTION_EVENT mode=lut-exp layout=serial phase=warmup iteration=0 component=v_load component_id=3 lut_exp=1 scna_layout=0 scna_width=0 qo_len=4 kv_len=4096 n_heads=12 n_kv_heads=2 head_dim=128 kv_head=0 worker=0 block_r=0 block_c=3840 t0_us=260176970775 t1_us=260176970777 dur_us=2
FIG8_ATTENTION_EVENT mode=lut-exp layout=serial phase=warmup iteration=0 component=core_acc component_id=6 lut_exp=1 scna_layout=0 scna_width=0 qo_len=4 kv_len=4096 n_heads=12 n_kv_heads=2 head_dim=128 kv_head=0 worker=0 block_r=0 block_c=3840 t0_us=260176970777 t1_us=260176970777 dur_us=0
FIG8_ATTENTION_EVENT mode=lut-exp layout=serial phase=warmup iteration=0 component=o_scale component_id=7 lut_exp=1 scna_layout=0 scna_width=0 qo_len=4 kv_len=4096 n_heads=12 n_kv_heads=2 head_dim=128 kv_head=0 worker=0 block_r=0 block_c=-1 t0_us=260176970778 t1_us=260176970779 dur_us=1
FIG8_ATTENTION_EVENT mode=lut-exp layout=serial phase=warmup iteration=0 component=o_store component_id=8 lut_exp=1 scna_layout=0 scna_width=0 qo_len=4 kv_len=4096 n_heads=12 n_kv_heads=2 head_dim=128 kv_head=0 worker=0 block_r=0 block_c=-1 t0_us=260176970779 t1_us=260176970781 dur_us=1
FIG8_ATTENTION_EVENT mode=lut-exp layout=serial phase=warmup iteration=0 component=q_load component_id=1 lut_exp=1 scna_layout=0 scna_width=0 qo_len=4 kv_len=4096 n_heads=12 n_kv_heads=2 head_dim=128 kv_head=1 worker=0 block_r=0 block_c=-1 t0_us=260176970822 t1_us=260176970824 dur_us=1
FIG8_ATTENTION_EVENT mode=lut-exp layout=serial phase=warmup iteration=0 component=k_load component_id=2 lut_exp=1 scna_layout=0 scna_width=0 qo_len=4 kv_len=4096 n_heads=12 n_kv_heads=2 head_dim=128 kv_head=1 worker=0 block_r=0 block_c=0 t0_us=260176970825 t1_us=260176970845 dur_us=20
FIG8_ATTENTION_EVENT mode=lut-exp layout=serial phase=warmup iteration=0 component=qk_dot component_id=4 lut_exp=1 scna_layout=0 scna_width=0 qo_len=4 kv_len=4096 n_heads=12 n_kv_heads=2 head_dim=128 kv_head=1 worker=0 block_r=0 block_c=0 t0_us=260176970846 t1_us=260176970847 dur_us=1
FIG8_ATTENTION_EVENT mode=lut-exp layout=serial phase=warmup iteration=0 component=safe_sm component_id=5 lut_exp=1 scna_layout=0 scna_width=0 qo_len=4 kv_len=4096 n_heads=12 n_kv_heads=2 head_dim=128 kv_head=1 worker=0 block_r=0 block_c=0 t0_us=260176970847 t1_us=260176970867 dur_us=19
FIG8_ATTENTION_EVENT mode=lut-exp layout=serial phase=warmup iteration=0 component=v_load component_id=3 lut_exp=1 scna_layout=0 scna_width=0 qo_len=4 kv_len=4096 n_heads=12 n_kv_heads=2 head_dim=128 kv_head=1 worker=0 block_r=0 block_c=0 t0_us=260176970867 t1_us=260176970887 dur_us=19
FIG8_ATTENTION_EVENT mode=lut-exp layout=serial phase=warmup iteration=0 component=core_acc component_id=6 lut_exp=1 scna_layout=0 scna_width=0 qo_len=4 kv_len=4096 n_heads=12 n_kv_heads=2 head_dim=128 kv_head=1 worker=0 block_r=0 block_c=0 t0_us=260176970888 t1_us=260176970890 dur_us=2
FIG8_ATTENTION_EVENT mode=lut-exp layout=serial phase=warmup iteration=0 component=k_load component_id=2 lut_exp=1 scna_layout=0 scna_width=0 qo_len=4 kv_len=4096 n_heads=12 n_kv_heads=2 head_dim=128 kv_head=1 worker=0 block_r=0 block_c=1280 t0_us=260176970891 t1_us=260176970913 dur_us=21
FIG8_ATTENTION_EVENT mode=lut-exp layout=serial phase=warmup iteration=0 component=qk_dot component_id=4 lut_exp=1 scna_layout=0 scna_width=0 qo_len=4 kv_len=4096 n_heads=12 n_kv_heads=2 head_dim=128 kv_head=1 worker=0 block_r=0 block_c=1280 t0_us=260176970913 t1_us=260176970914 dur_us=0
FIG8_ATTENTION_EVENT mode=lut-exp layout=serial phase=warmup iteration=0 component=safe_sm component_id=5 lut_exp=1 scna_layout=0 scna_width=0 qo_len=4 kv_len=4096 n_heads=12 n_kv_heads=2 head_dim=128 kv_head=1 worker=0 block_r=0 block_c=1280 t0_us=260176970914 t1_us=260176970932 dur_us=17
FIG8_ATTENTION_EVENT mode=lut-exp layout=serial phase=warmup iteration=0 component=v_load component_id=3 lut_exp=1 scna_layout=0 scna_width=0 qo_len=4 kv_len=4096 n_heads=12 n_kv_heads=2 head_dim=128 kv_head=1 worker=0 block_r=0 block_c=1280 t0_us=260176970932 t1_us=260176970957 dur_us=25
FIG8_ATTENTION_EVENT mode=lut-exp layout=serial phase=warmup iteration=0 component=core_acc component_id=6 lut_exp=1 scna_layout=0 scna_width=0 qo_len=4 kv_len=4096 n_heads=12 n_kv_heads=2 head_dim=128 kv_head=1 worker=0 block_r=0 block_c=1280 t0_us=260176970957 t1_us=260176970957 dur_us=0
FIG8_ATTENTION_EVENT mode=lut-exp layout=serial phase=warmup iteration=0 component=k_load component_id=2 lut_exp=1 scna_layout=0 scna_width=0 qo_len=4 kv_len=4096 n_heads=12 n_kv_heads=2 head_dim=128 kv_head=1 worker=0 block_r=0 block_c=2560 t0_us=260176970957 t1_us=260176970978 dur_us=20
FIG8_ATTENTION_EVENT mode=lut-exp layout=serial phase=warmup iteration=0 component=qk_dot component_id=4 lut_exp=1 scna_layout=0 scna_width=0 qo_len=4 kv_len=4096 n_heads=12 n_kv_heads=2 head_dim=128 kv_head=1 worker=0 block_r=0 block_c=2560 t0_us=260176970978 t1_us=260176970979 dur_us=0
FIG8_ATTENTION_EVENT mode=lut-exp layout=serial phase=warmup iteration=0 component=safe_sm component_id=5 lut_exp=1 scna_layout=0 scna_width=0 qo_len=4 kv_len=4096 n_heads=12 n_kv_heads=2 head_dim=128 kv_head=1 worker=0 block_r=0 block_c=2560 t0_us=260176970979 t1_us=260176970997 dur_us=17
FIG8_ATTENTION_EVENT mode=lut-exp layout=serial phase=warmup iteration=0 component=v_load component_id=3 lut_exp=1 scna_layout=0 scna_width=0 qo_len=4 kv_len=4096 n_heads=12 n_kv_heads=2 head_dim=128 kv_head=1 worker=0 block_r=0 block_c=2560 t0_us=260176970997 t1_us=260176971024 dur_us=27
FIG8_ATTENTION_EVENT mode=lut-exp layout=serial phase=warmup iteration=0 component=core_acc component_id=6 lut_exp=1 scna_layout=0 scna_width=0 qo_len=4 kv_len=4096 n_heads=12 n_kv_heads=2 head_dim=128 kv_head=1 worker=0 block_r=0 block_c=2560 t0_us=260176971024 t1_us=260176971024 dur_us=0
FIG8_ATTENTION_EVENT mode=lut-exp layout=serial phase=warmup iteration=0 component=k_load component_id=2 lut_exp=1 scna_layout=0 scna_width=0 qo_len=4 kv_len=4096 n_heads=12 n_kv_heads=2 head_dim=128 kv_head=1 worker=0 block_r=0 block_c=3840 t0_us=260176971024 t1_us=260176971028 dur_us=4
FIG8_ATTENTION_EVENT mode=lut-exp layout=serial phase=warmup iteration=0 component=qk_dot component_id=4 lut_exp=1 scna_layout=0 scna_width=0 qo_len=4 kv_len=4096 n_heads=12 n_kv_heads=2 head_dim=128 kv_head=1 worker=0 block_r=0 block_c=3840 t0_us=260176971028 t1_us=260176971028 dur_us=0
FIG8_ATTENTION_EVENT mode=lut-exp layout=serial phase=warmup iteration=0 component=safe_sm component_id=5 lut_exp=1 scna_layout=0 scna_width=0 qo_len=4 kv_len=4096 n_heads=12 n_kv_heads=2 head_dim=128 kv_head=1 worker=0 block_r=0 block_c=3840 t0_us=260176971029 t1_us=260176971035 dur_us=5
FIG8_ATTENTION_EVENT mode=lut-exp layout=serial phase=warmup iteration=0 component=v_load component_id=3 lut_exp=1 scna_layout=0 scna_width=0 qo_len=4 kv_len=4096 n_heads=12 n_kv_heads=2 head_dim=128 kv_head=1 worker=0 block_r=0 block_c=3840 t0_us=260176971035 t1_us=260176971037 dur_us=2
FIG8_ATTENTION_EVENT mode=lut-exp layout=serial phase=warmup iteration=0 component=core_acc component_id=6 lut_exp=1 scna_layout=0 scna_width=0 qo_len=4 kv_len=4096 n_heads=12 n_kv_heads=2 head_dim=128 kv_head=1 worker=0 block_r=0 block_c=3840 t0_us=260176971037 t1_us=260176971037 dur_us=0
FIG8_ATTENTION_EVENT mode=lut-exp layout=serial phase=warmup iteration=0 component=o_scale component_id=7 lut_exp=1 scna_layout=0 scna_width=0 qo_len=4 kv_len=4096 n_heads=12 n_kv_heads=2 head_dim=128 kv_head=1 worker=0 block_r=0 block_c=-1 t0_us=260176971038 t1_us=260176971039 dur_us=1
FIG8_ATTENTION_EVENT mode=lut-exp layout=serial phase=warmup iteration=0 component=o_store component_id=8 lut_exp=1 scna_layout=0 scna_width=0 qo_len=4 kv_len=4096 n_heads=12 n_kv_heads=2 head_dim=128 kv_head=1 worker=0 block_r=0 block_c=-1 t0_us=260176971039 t1_us=260176971042 dur_us=2
FIG8_ATTENTION_EVENT mode=lut-exp layout=serial phase=warmup iteration=0 component=q_load component_id=1 lut_exp=1 scna_layout=0 scna_width=0 qo_len=4 kv_len=4096 n_heads=12 n_kv_heads=2 head_dim=128 kv_head=0 worker=0 block_r=0 block_c=-1 t0_us=260176971081 t1_us=260176971082 dur_us=1
FIG8_ATTENTION_EVENT mode=lut-exp layout=serial phase=warmup iteration=0 component=k_load component_id=2 lut_exp=1 scna_layout=0 scna_width=0 qo_len=4 kv_len=4096 n_heads=12 n_kv_heads=2 head_dim=128 kv_head=0 worker=0 block_r=0 block_c=0 t0_us=260176971083 t1_us=260176971104 dur_us=20
FIG8_ATTENTION_EVENT mode=lut-exp layout=serial phase=warmup iteration=0 component=qk_dot component_id=4 lut_exp=1 scna_layout=0 scna_width=0 qo_len=4 kv_len=4096 n_heads=12 n_kv_heads=2 head_dim=128 kv_head=0 worker=0 block_r=0 block_c=0 t0_us=260176971104 t1_us=260176971105 dur_us=0
FIG8_ATTENTION_EVENT mode=lut-exp layout=serial phase=warmup iteration=0 component=safe_sm component_id=5 lut_exp=1 scna_layout=0 scna_width=0 qo_len=4 kv_len=4096 n_heads=12 n_kv_heads=2 head_dim=128 kv_head=0 worker=0 block_r=0 block_c=0 t0_us=260176971105 t1_us=260176971125 dur_us=19
FIG8_ATTENTION_EVENT mode=lut-exp layout=serial phase=warmup iteration=0 component=v_load component_id=3 lut_exp=1 scna_layout=0 scna_width=0 qo_len=4 kv_len=4096 n_heads=12 n_kv_heads=2 head_dim=128 kv_head=0 worker=0 block_r=0 block_c=0 t0_us=260176971125 t1_us=260176971144 dur_us=19
FIG8_ATTENTION_EVENT mode=lut-exp layout=serial phase=warmup iteration=0 component=core_acc component_id=6 lut_exp=1 scna_layout=0 scna_width=0 qo_len=4 kv_len=4096 n_heads=12 n_kv_heads=2 head_dim=128 kv_head=0 worker=0 block_r=0 block_c=0 t0_us=260176971145 t1_us=260176971149 dur_us=3
FIG8_ATTENTION_EVENT mode=lut-exp layout=serial phase=warmup iteration=0 component=k_load component_id=2 lut_exp=1 scna_layout=0 scna_width=0 qo_len=4 kv_len=4096 n_heads=12 n_kv_heads=2 head_dim=128 kv_head=0 worker=0 block_r=0 block_c=1280 t0_us=260176971150 t1_us=260176971170 dur_us=20
FIG8_ATTENTION_EVENT mode=lut-exp layout=serial phase=warmup iteration=0 component=qk_dot component_id=4 lut_exp=1 scna_layout=0 scna_width=0 qo_len=4 kv_len=4096 n_heads=12 n_kv_heads=2 head_dim=128 kv_head=0 worker=0 block_r=0 block_c=1280 t0_us=260176971170 t1_us=260176971171 dur_us=0
FIG8_ATTENTION_EVENT mode=lut-exp layout=serial phase=warmup iteration=0 component=safe_sm component_id=5 lut_exp=1 scna_layout=0 scna_width=0 qo_len=4 kv_len=4096 n_heads=12 n_kv_heads=2 head_dim=128 kv_head=0 worker=0 block_r=0 block_c=1280 t0_us=260176971171 t1_us=260176971189 dur_us=17
FIG8_ATTENTION_EVENT mode=lut-exp layout=serial phase=warmup iteration=0 component=v_load component_id=3 lut_exp=1 scna_layout=0 scna_width=0 qo_len=4 kv_len=4096 n_heads=12 n_kv_heads=2 head_dim=128 kv_head=0 worker=0 block_r=0 block_c=1280 t0_us=260176971189 t1_us=260176971215 dur_us=26
FIG8_ATTENTION_EVENT mode=lut-exp layout=serial phase=warmup iteration=0 component=core_acc component_id=6 lut_exp=1 scna_layout=0 scna_width=0 qo_len=4 kv_len=4096 n_heads=12 n_kv_heads=2 head_dim=128 kv_head=0 worker=0 block_r=0 block_c=1280 t0_us=260176971215 t1_us=260176971216 dur_us=0
FIG8_ATTENTION_EVENT mode=lut-exp layout=serial phase=warmup iteration=0 component=k_load component_id=2 lut_exp=1 scna_layout=0 scna_width=0 qo_len=4 kv_len=4096 n_heads=12 n_kv_heads=2 head_dim=128 kv_head=0 worker=0 block_r=0 block_c=2560 t0_us=260176971216 t1_us=260176971236 dur_us=20
FIG8_ATTENTION_EVENT mode=lut-exp layout=serial phase=warmup iteration=0 component=qk_dot component_id=4 lut_exp=1 scna_layout=0 scna_width=0 qo_len=4 kv_len=4096 n_heads=12 n_kv_heads=2 head_dim=128 kv_head=0 worker=0 block_r=0 block_c=2560 t0_us=260176971237 t1_us=260176971237 dur_us=0
FIG8_ATTENTION_EVENT mode=lut-exp layout=serial phase=warmup iteration=0 component=safe_sm component_id=5 lut_exp=1 scna_layout=0 scna_width=0 qo_len=4 kv_len=4096 n_heads=12 n_kv_heads=2 head_dim=128 kv_head=0 worker=0 block_r=0 block_c=2560 t0_us=260176971237 t1_us=260176971255 dur_us=17
FIG8_ATTENTION_EVENT mode=lut-exp layout=serial phase=warmup iteration=0 component=v_load component_id=3 lut_exp=1 scna_layout=0 scna_width=0 qo_len=4 kv_len=4096 n_heads=12 n_kv_heads=2 head_dim=128 kv_head=0 worker=0 block_r=0 block_c=2560 t0_us=260176971255 t1_us=260176971280 dur_us=25
FIG8_ATTENTION_EVENT mode=lut-exp layout=serial phase=warmup iteration=0 component=core_acc component_id=6 lut_exp=1 scna_layout=0 scna_width=0 qo_len=4 kv_len=4096 n_heads=12 n_kv_heads=2 head_dim=128 kv_head=0 worker=0 block_r=0 block_c=2560 t0_us=260176971280 t1_us=260176971281 dur_us=0
FIG8_ATTENTION_EVENT mode=lut-exp layout=serial phase=warmup iteration=0 component=k_load component_id=2 lut_exp=1 scna_layout=0 scna_width=0 qo_len=4 kv_len=4096 n_heads=12 n_kv_heads=2 head_dim=128 kv_head=0 worker=0 block_r=0 block_c=3840 t0_us=260176971281 t1_us=260176971285 dur_us=4
FIG8_ATTENTION_EVENT mode=lut-exp layout=serial phase=warmup iteration=0 component=qk_dot component_id=4 lut_exp=1 scna_layout=0 scna_width=0 qo_len=4 kv_len=4096 n_heads=12 n_kv_heads=2 head_dim=128 kv_head=0 worker=0 block_r=0 block_c=3840 t0_us=260176971286 t1_us=260176971286 dur_us=0
FIG8_ATTENTION_EVENT mode=lut-exp layout=serial phase=warmup iteration=0 component=safe_sm component_id=5 lut_exp=1 scna_layout=0 scna_width=0 qo_len=4 kv_len=4096 n_heads=12 n_kv_heads=2 head_dim=128 kv_head=0 worker=0 block_r=0 block_c=3840 t0_us=260176971286 t1_us=260176971292 dur_us=5
FIG8_ATTENTION_EVENT mode=lut-exp layout=serial phase=warmup iteration=0 component=v_load component_id=3 lut_exp=1 scna_layout=0 scna_width=0 qo_len=4 kv_len=4096 n_heads=12 n_kv_heads=2 head_dim=128 kv_head=0 worker=0 block_r=0 block_c=3840 t0_us=260176971292 t1_us=260176971294 dur_us=2
FIG8_ATTENTION_EVENT mode=lut-exp layout=serial phase=warmup iteration=0 component=core_acc component_id=6 lut_exp=1 scna_layout=0 scna_width=0 qo_len=4 kv_len=4096 n_heads=12 n_kv_heads=2 head_dim=128 kv_head=0 worker=0 block_r=0 block_c=3840 t0_us=260176971294 t1_us=260176971295 dur_us=0
FIG8_ATTENTION_EVENT mode=lut-exp layout=serial phase=warmup iteration=0 component=o_scale component_id=7 lut_exp=1 scna_layout=0 scna_width=0 qo_len=4 kv_len=4096 n_heads=12 n_kv_heads=2 head_dim=128 kv_head=0 worker=0 block_r=0 block_c=-1 t0_us=260176971295 t1_us=260176971296 dur_us=1
FIG8_ATTENTION_EVENT mode=lut-exp layout=serial phase=warmup iteration=0 component=o_store component_id=8 lut_exp=1 scna_layout=0 scna_width=0 qo_len=4 kv_len=4096 n_heads=12 n_kv_heads=2 head_dim=128 kv_head=0 worker=0 block_r=0 block_c=-1 t0_us=260176971297 t1_us=260176971298 dur_us=1
FIG8_ATTENTION_EVENT mode=lut-exp layout=serial phase=warmup iteration=0 component=q_load component_id=1 lut_exp=1 scna_layout=0 scna_width=0 qo_len=4 kv_len=4096 n_heads=12 n_kv_heads=2 head_dim=128 kv_head=1 worker=0 block_r=0 block_c=-1 t0_us=260176971337 t1_us=260176971339 dur_us=1
FIG8_ATTENTION_EVENT mode=lut-exp layout=serial phase=warmup iteration=0 component=k_load component_id=2 lut_exp=1 scna_layout=0 scna_width=0 qo_len=4 kv_len=4096 n_heads=12 n_kv_heads=2 head_dim=128 kv_head=1 worker=0 block_r=0 block_c=0 t0_us=260176971340 t1_us=260176971362 dur_us=21
FIG8_ATTENTION_EVENT mode=lut-exp layout=serial phase=warmup iteration=0 component=qk_dot component_id=4 lut_exp=1 scna_layout=0 scna_width=0 qo_len=4 kv_len=4096 n_heads=12 n_kv_heads=2 head_dim=128 kv_head=1 worker=0 block_r=0 block_c=0 t0_us=260176971362 t1_us=260176971363 dur_us=1
FIG8_ATTENTION_EVENT mode=lut-exp layout=serial phase=warmup iteration=0 component=safe_sm component_id=5 lut_exp=1 scna_layout=0 scna_width=0 qo_len=4 kv_len=4096 n_heads=12 n_kv_heads=2 head_dim=128 kv_head=1 worker=0 block_r=0 block_c=0 t0_us=260176971364 t1_us=260176971382 dur_us=18
FIG8_ATTENTION_EVENT mode=lut-exp layout=serial phase=warmup iteration=0 component=v_load component_id=3 lut_exp=1 scna_layout=0 scna_width=0 qo_len=4 kv_len=4096 n_heads=12 n_kv_heads=2 head_dim=128 kv_head=1 worker=0 block_r=0 block_c=0 t0_us=260176971383 t1_us=260176971402 dur_us=19
FIG8_ATTENTION_EVENT mode=lut-exp layout=serial phase=warmup iteration=0 component=core_acc component_id=6 lut_exp=1 scna_layout=0 scna_width=0 qo_len=4 kv_len=4096 n_heads=12 n_kv_heads=2 head_dim=128 kv_head=1 worker=0 block_r=0 block_c=0 t0_us=260176971403 t1_us=260176971405 dur_us=1
FIG8_ATTENTION_EVENT mode=lut-exp layout=serial phase=warmup iteration=0 component=k_load component_id=2 lut_exp=1 scna_layout=0 scna_width=0 qo_len=4 kv_len=4096 n_heads=12 n_kv_heads=2 head_dim=128 kv_head=1 worker=0 block_r=0 block_c=1280 t0_us=260176971405 t1_us=260176971428 dur_us=23
FIG8_ATTENTION_EVENT mode=lut-exp layout=serial phase=warmup iteration=0 component=qk_dot component_id=4 lut_exp=1 scna_layout=0 scna_width=0 qo_len=4 kv_len=4096 n_heads=12 n_kv_heads=2 head_dim=128 kv_head=1 worker=0 block_r=0 block_c=1280 t0_us=260176971429 t1_us=260176971429 dur_us=0
FIG8_ATTENTION_EVENT mode=lut-exp layout=serial phase=warmup iteration=0 component=safe_sm component_id=5 lut_exp=1 scna_layout=0 scna_width=0 qo_len=4 kv_len=4096 n_heads=12 n_kv_heads=2 head_dim=128 kv_head=1 worker=0 block_r=0 block_c=1280 t0_us=260176971429 t1_us=260176971447 dur_us=17
FIG8_ATTENTION_EVENT mode=lut-exp layout=serial phase=warmup iteration=0 component=v_load component_id=3 lut_exp=1 scna_layout=0 scna_width=0 qo_len=4 kv_len=4096 n_heads=12 n_kv_heads=2 head_dim=128 kv_head=1 worker=0 block_r=0 block_c=1280 t0_us=260176971447 t1_us=260176971476 dur_us=29
FIG8_ATTENTION_EVENT mode=lut-exp layout=serial phase=warmup iteration=0 component=core_acc component_id=6 lut_exp=1 scna_layout=0 scna_width=0 qo_len=4 kv_len=4096 n_heads=12 n_kv_heads=2 head_dim=128 kv_head=1 worker=0 block_r=0 block_c=1280 t0_us=260176971476 t1_us=260176971477 dur_us=0
FIG8_ATTENTION_EVENT mode=lut-exp layout=serial phase=warmup iteration=0 component=k_load component_id=2 lut_exp=1 scna_layout=0 scna_width=0 qo_len=4 kv_len=4096 n_heads=12 n_kv_heads=2 head_dim=128 kv_head=1 worker=0 block_r=0 block_c=2560 t0_us=260176971477 t1_us=260176971498 dur_us=20
FIG8_ATTENTION_EVENT mode=lut-exp layout=serial phase=warmup iteration=0 component=qk_dot component_id=4 lut_exp=1 scna_layout=0 scna_width=0 qo_len=4 kv_len=4096 n_heads=12 n_kv_heads=2 head_dim=128 kv_head=1 worker=0 block_r=0 block_c=2560 t0_us=260176971498 t1_us=260176971498 dur_us=0
FIG8_ATTENTION_EVENT mode=lut-exp layout=serial phase=warmup iteration=0 component=safe_sm component_id=5 lut_exp=1 scna_layout=0 scna_width=0 qo_len=4 kv_len=4096 n_heads=12 n_kv_heads=2 head_dim=128 kv_head=1 worker=0 block_r=0 block_c=2560 t0_us=260176971498 t1_us=260176971516 dur_us=17
FIG8_ATTENTION_EVENT mode=lut-exp layout=serial phase=warmup iteration=0 component=v_load component_id=3 lut_exp=1 scna_layout=0 scna_width=0 qo_len=4 kv_len=4096 n_heads=12 n_kv_heads=2 head_dim=128 kv_head=1 worker=0 block_r=0 block_c=2560 t0_us=260176971516 t1_us=260176971542 dur_us=25
FIG8_ATTENTION_EVENT mode=lut-exp layout=serial phase=warmup iteration=0 component=core_acc component_id=6 lut_exp=1 scna_layout=0 scna_width=0 qo_len=4 kv_len=4096 n_heads=12 n_kv_heads=2 head_dim=128 kv_head=1 worker=0 block_r=0 block_c=2560 t0_us=260176971542 t1_us=260176971543 dur_us=0
FIG8_ATTENTION_EVENT mode=lut-exp layout=serial phase=warmup iteration=0 component=k_load component_id=2 lut_exp=1 scna_layout=0 scna_width=0 qo_len=4 kv_len=4096 n_heads=12 n_kv_heads=2 head_dim=128 kv_head=1 worker=0 block_r=0 block_c=3840 t0_us=260176971543 t1_us=260176971547 dur_us=4
FIG8_ATTENTION_EVENT mode=lut-exp layout=serial phase=warmup iteration=0 component=qk_dot component_id=4 lut_exp=1 scna_layout=0 scna_width=0 qo_len=4 kv_len=4096 n_heads=12 n_kv_heads=2 head_dim=128 kv_head=1 worker=0 block_r=0 block_c=3840 t0_us=260176971547 t1_us=260176971547 dur_us=0
FIG8_ATTENTION_EVENT mode=lut-exp layout=serial phase=warmup iteration=0 component=safe_sm component_id=5 lut_exp=1 scna_layout=0 scna_width=0 qo_len=4 kv_len=4096 n_heads=12 n_kv_heads=2 head_dim=128 kv_head=1 worker=0 block_r=0 block_c=3840 t0_us=260176971547 t1_us=260176971553 dur_us=5
FIG8_ATTENTION_EVENT mode=lut-exp layout=serial phase=warmup iteration=0 component=v_load component_id=3 lut_exp=1 scna_layout=0 scna_width=0 qo_len=4 kv_len=4096 n_heads=12 n_kv_heads=2 head_dim=128 kv_head=1 worker=0 block_r=0 block_c=3840 t0_us=260176971553 t1_us=260176971556 dur_us=2
FIG8_ATTENTION_EVENT mode=lut-exp layout=serial phase=warmup iteration=0 component=core_acc component_id=6 lut_exp=1 scna_layout=0 scna_width=0 qo_len=4 kv_len=4096 n_heads=12 n_kv_heads=2 head_dim=128 kv_head=1 worker=0 block_r=0 block_c=3840 t0_us=260176971556 t1_us=260176971556 dur_us=0
FIG8_ATTENTION_EVENT mode=lut-exp layout=serial phase=warmup iteration=0 component=o_scale component_id=7 lut_exp=1 scna_layout=0 scna_width=0 qo_len=4 kv_len=4096 n_heads=12 n_kv_heads=2 head_dim=128 kv_head=1 worker=0 block_r=0 block_c=-1 t0_us=260176971556 t1_us=260176971557 dur_us=1
FIG8_ATTENTION_EVENT mode=lut-exp layout=serial phase=warmup iteration=0 component=o_store component_id=8 lut_exp=1 scna_layout=0 scna_width=0 qo_len=4 kv_len=4096 n_heads=12 n_kv_heads=2 head_dim=128 kv_head=1 worker=0 block_r=0 block_c=-1 t0_us=260176971558 t1_us=260176971560 dur_us=2
FIG8_ATTENTION_EVENT mode=lut-exp layout=serial phase=warmup iteration=0 component=q_load component_id=1 lut_exp=1 scna_layout=0 scna_width=0 qo_len=4 kv_len=4096 n_heads=12 n_kv_heads=2 head_dim=128 kv_head=0 worker=0 block_r=0 block_c=-1 t0_us=260176971598 t1_us=260176971600 dur_us=1
FIG8_ATTENTION_EVENT mode=lut-exp layout=serial phase=warmup iteration=0 component=k_load component_id=2 lut_exp=1 scna_layout=0 scna_width=0 qo_len=4 kv_len=4096 n_heads=12 n_kv_heads=2 head_dim=128 kv_head=0 worker=0 block_r=0 block_c=0 t0_us=260176971601 t1_us=260176971622 dur_us=20
FIG8_ATTENTION_EVENT mode=lut-exp layout=serial phase=warmup iteration=0 component=qk_dot component_id=4 lut_exp=1 scna_layout=0 scna_width=0 qo_len=4 kv_len=4096 n_heads=12 n_kv_heads=2 head_dim=128 kv_head=0 worker=0 block_r=0 block_c=0 t0_us=260176971623 t1_us=260176971623 dur_us=0
FIG8_ATTENTION_EVENT mode=lut-exp layout=serial phase=warmup iteration=0 component=safe_sm component_id=5 lut_exp=1 scna_layout=0 scna_width=0 qo_len=4 kv_len=4096 n_heads=12 n_kv_heads=2 head_dim=128 kv_head=0 worker=0 block_r=0 block_c=0 t0_us=260176971624 t1_us=260176971643 dur_us=19
FIG8_ATTENTION_EVENT mode=lut-exp layout=serial phase=warmup iteration=0 component=v_load component_id=3 lut_exp=1 scna_layout=0 scna_width=0 qo_len=4 kv_len=4096 n_heads=12 n_kv_heads=2 head_dim=128 kv_head=0 worker=0 block_r=0 block_c=0 t0_us=260176971643 t1_us=260176971662 dur_us=19
FIG8_ATTENTION_EVENT mode=lut-exp layout=serial phase=warmup iteration=0 component=core_acc component_id=6 lut_exp=1 scna_layout=0 scna_width=0 qo_len=4 kv_len=4096 n_heads=12 n_kv_heads=2 head_dim=128 kv_head=0 worker=0 block_r=0 block_c=0 t0_us=260176971663 t1_us=260176971666 dur_us=2
FIG8_ATTENTION_EVENT mode=lut-exp layout=serial phase=warmup iteration=0 component=k_load component_id=2 lut_exp=1 scna_layout=0 scna_width=0 qo_len=4 kv_len=4096 n_heads=12 n_kv_heads=2 head_dim=128 kv_head=0 worker=0 block_r=0 block_c=1280 t0_us=260176971666 t1_us=260176971688 dur_us=22
FIG8_ATTENTION_EVENT mode=lut-exp layout=serial phase=warmup iteration=0 component=qk_dot component_id=4 lut_exp=1 scna_layout=0 scna_width=0 qo_len=4 kv_len=4096 n_heads=12 n_kv_heads=2 head_dim=128 kv_head=0 worker=0 block_r=0 block_c=1280 t0_us=260176971689 t1_us=260176971689 dur_us=0
FIG8_ATTENTION_EVENT mode=lut-exp layout=serial phase=warmup iteration=0 component=safe_sm component_id=5 lut_exp=1 scna_layout=0 scna_width=0 qo_len=4 kv_len=4096 n_heads=12 n_kv_heads=2 head_dim=128 kv_head=0 worker=0 block_r=0 block_c=1280 t0_us=260176971689 t1_us=260176971707 dur_us=17
FIG8_ATTENTION_EVENT mode=lut-exp layout=serial phase=warmup iteration=0 component=v_load component_id=3 lut_exp=1 scna_layout=0 scna_width=0 qo_len=4 kv_len=4096 n_heads=12 n_kv_heads=2 head_dim=128 kv_head=0 worker=0 block_r=0 block_c=1280 t0_us=260176971707 t1_us=260176971731 dur_us=24
FIG8_ATTENTION_EVENT mode=lut-exp layout=serial phase=warmup iteration=0 component=core_acc component_id=6 lut_exp=1 scna_layout=0 scna_width=0 qo_len=4 kv_len=4096 n_heads=12 n_kv_heads=2 head_dim=128 kv_head=0 worker=0 block_r=0 block_c=1280 t0_us=260176971731 t1_us=260176971732 dur_us=0
FIG8_ATTENTION_EVENT mode=lut-exp layout=serial phase=warmup iteration=0 component=k_load component_id=2 lut_exp=1 scna_layout=0 scna_width=0 qo_len=4 kv_len=4096 n_heads=12 n_kv_heads=2 head_dim=128 kv_head=0 worker=0 block_r=0 block_c=2560 t0_us=260176971732 t1_us=260176971753 dur_us=20
FIG8_ATTENTION_EVENT mode=lut-exp layout=serial phase=warmup iteration=0 component=qk_dot component_id=4 lut_exp=1 scna_layout=0 scna_width=0 qo_len=4 kv_len=4096 n_heads=12 n_kv_heads=2 head_dim=128 kv_head=0 worker=0 block_r=0 block_c=2560 t0_us=260176971753 t1_us=260176971753 dur_us=0
FIG8_ATTENTION_EVENT mode=lut-exp layout=serial phase=warmup iteration=0 component=safe_sm component_id=5 lut_exp=1 scna_layout=0 scna_width=0 qo_len=4 kv_len=4096 n_heads=12 n_kv_heads=2 head_dim=128 kv_head=0 worker=0 block_r=0 block_c=2560 t0_us=260176971753 t1_us=260176971771 dur_us=17
FIG8_ATTENTION_EVENT mode=lut-exp layout=serial phase=warmup iteration=0 component=v_load component_id=3 lut_exp=1 scna_layout=0 scna_width=0 qo_len=4 kv_len=4096 n_heads=12 n_kv_heads=2 head_dim=128 kv_head=0 worker=0 block_r=0 block_c=2560 t0_us=260176971771 t1_us=260176971799 dur_us=27
FIG8_ATTENTION_EVENT mode=lut-exp layout=serial phase=warmup iteration=0 component=core_acc component_id=6 lut_exp=1 scna_layout=0 scna_width=0 qo_len=4 kv_len=4096 n_heads=12 n_kv_heads=2 head_dim=128 kv_head=0 worker=0 block_r=0 block_c=2560 t0_us=260176971799 t1_us=260176971800 dur_us=0
FIG8_ATTENTION_EVENT mode=lut-exp layout=serial phase=warmup iteration=0 component=k_load component_id=2 lut_exp=1 scna_layout=0 scna_width=0 qo_len=4 kv_len=4096 n_heads=12 n_kv_heads=2 head_dim=128 kv_head=0 worker=0 block_r=0 block_c=3840 t0_us=260176971800 t1_us=260176971804 dur_us=4
FIG8_ATTENTION_EVENT mode=lut-exp layout=serial phase=warmup iteration=0 component=qk_dot component_id=4 lut_exp=1 scna_layout=0 scna_width=0 qo_len=4 kv_len=4096 n_heads=12 n_kv_heads=2 head_dim=128 kv_head=0 worker=0 block_r=0 block_c=3840 t0_us=260176971804 t1_us=260176971804 dur_us=0
FIG8_ATTENTION_EVENT mode=lut-exp layout=serial phase=warmup iteration=0 component=safe_sm component_id=5 lut_exp=1 scna_layout=0 scna_width=0 qo_len=4 kv_len=4096 n_heads=12 n_kv_heads=2 head_dim=128 kv_head=0 worker=0 block_r=0 block_c=3840 t0_us=260176971804 t1_us=260176971810 dur_us=6
FIG8_ATTENTION_EVENT mode=lut-exp layout=serial phase=warmup iteration=0 component=v_load component_id=3 lut_exp=1 scna_layout=0 scna_width=0 qo_len=4 kv_len=4096 n_heads=12 n_kv_heads=2 head_dim=128 kv_head=0 worker=0 block_r=0 block_c=3840 t0_us=260176971810 t1_us=260176971813 dur_us=2
FIG8_ATTENTION_EVENT mode=lut-exp layout=serial phase=warmup iteration=0 component=core_acc component_id=6 lut_exp=1 scna_layout=0 scna_width=0 qo_len=4 kv_len=4096 n_heads=12 n_kv_heads=2 head_dim=128 kv_head=0 worker=0 block_r=0 block_c=3840 t0_us=260176971813 t1_us=260176971813 dur_us=0
FIG8_ATTENTION_EVENT mode=lut-exp layout=serial phase=warmup iteration=0 component=o_scale component_id=7 lut_exp=1 scna_layout=0 scna_width=0 qo_len=4 kv_len=4096 n_heads=12 n_kv_heads=2 head_dim=128 kv_head=0 worker=0 block_r=0 block_c=-1 t0_us=260176971813 t1_us=260176971815 dur_us=1
FIG8_ATTENTION_EVENT mode=lut-exp layout=serial phase=warmup iteration=0 component=o_store component_id=8 lut_exp=1 scna_layout=0 scna_width=0 qo_len=4 kv_len=4096 n_heads=12 n_kv_heads=2 head_dim=128 kv_head=0 worker=0 block_r=0 block_c=-1 t0_us=260176971815 t1_us=260176971818 dur_us=3
FIG8_ATTENTION_EVENT mode=lut-exp layout=serial phase=warmup iteration=0 component=q_load component_id=1 lut_exp=1 scna_layout=0 scna_width=0 qo_len=4 kv_len=4096 n_heads=12 n_kv_heads=2 head_dim=128 kv_head=1 worker=0 block_r=0 block_c=-1 t0_us=260176971858 t1_us=260176971859 dur_us=1
FIG8_ATTENTION_EVENT mode=lut-exp layout=serial phase=warmup iteration=0 component=k_load component_id=2 lut_exp=1 scna_layout=0 scna_width=0 qo_len=4 kv_len=4096 n_heads=12 n_kv_heads=2 head_dim=128 kv_head=1 worker=0 block_r=0 block_c=0 t0_us=260176971860 t1_us=260176971882 dur_us=22
FIG8_ATTENTION_EVENT mode=lut-exp layout=serial phase=warmup iteration=0 component=qk_dot component_id=4 lut_exp=1 scna_layout=0 scna_width=0 qo_len=4 kv_len=4096 n_heads=12 n_kv_heads=2 head_dim=128 kv_head=1 worker=0 block_r=0 block_c=0 t0_us=260176971883 t1_us=260176971884 dur_us=1
FIG8_ATTENTION_EVENT mode=lut-exp layout=serial phase=warmup iteration=0 component=safe_sm component_id=5 lut_exp=1 scna_layout=0 scna_width=0 qo_len=4 kv_len=4096 n_heads=12 n_kv_heads=2 head_dim=128 kv_head=1 worker=0 block_r=0 block_c=0 t0_us=260176971884 t1_us=260176971904 dur_us=19
FIG8_ATTENTION_EVENT mode=lut-exp layout=serial phase=warmup iteration=0 component=v_load component_id=3 lut_exp=1 scna_layout=0 scna_width=0 qo_len=4 kv_len=4096 n_heads=12 n_kv_heads=2 head_dim=128 kv_head=1 worker=0 block_r=0 block_c=0 t0_us=260176971904 t1_us=260176971924 dur_us=20
FIG8_ATTENTION_EVENT mode=lut-exp layout=serial phase=warmup iteration=0 component=core_acc component_id=6 lut_exp=1 scna_layout=0 scna_width=0 qo_len=4 kv_len=4096 n_heads=12 n_kv_heads=2 head_dim=128 kv_head=1 worker=0 block_r=0 block_c=0 t0_us=260176971925 t1_us=260176971927 dur_us=1
FIG8_ATTENTION_EVENT mode=lut-exp layout=serial phase=warmup iteration=0 component=k_load component_id=2 lut_exp=1 scna_layout=0 scna_width=0 qo_len=4 kv_len=4096 n_heads=12 n_kv_heads=2 head_dim=128 kv_head=1 worker=0 block_r=0 block_c=1280 t0_us=260176971927 t1_us=260176971950 dur_us=22
FIG8_ATTENTION_EVENT mode=lut-exp layout=serial phase=warmup iteration=0 component=qk_dot component_id=4 lut_exp=1 scna_layout=0 scna_width=0 qo_len=4 kv_len=4096 n_heads=12 n_kv_heads=2 head_dim=128 kv_head=1 worker=0 block_r=0 block_c=1280 t0_us=260176971950 t1_us=260176971950 dur_us=0
FIG8_ATTENTION_EVENT mode=lut-exp layout=serial phase=warmup iteration=0 component=safe_sm component_id=5 lut_exp=1 scna_layout=0 scna_width=0 qo_len=4 kv_len=4096 n_heads=12 n_kv_heads=2 head_dim=128 kv_head=1 worker=0 block_r=0 block_c=1280 t0_us=260176971950 t1_us=260176971968 dur_us=17
FIG8_ATTENTION_EVENT mode=lut-exp layout=serial phase=warmup iteration=0 component=v_load component_id=3 lut_exp=1 scna_layout=0 scna_width=0 qo_len=4 kv_len=4096 n_heads=12 n_kv_heads=2 head_dim=128 kv_head=1 worker=0 block_r=0 block_c=1280 t0_us=260176971968 t1_us=260176971997 dur_us=29
FIG8_ATTENTION_EVENT mode=lut-exp layout=serial phase=warmup iteration=0 component=core_acc component_id=6 lut_exp=1 scna_layout=0 scna_width=0 qo_len=4 kv_len=4096 n_heads=12 n_kv_heads=2 head_dim=128 kv_head=1 worker=0 block_r=0 block_c=1280 t0_us=260176971998 t1_us=260176971998 dur_us=0
FIG8_ATTENTION_EVENT mode=lut-exp layout=serial phase=warmup iteration=0 component=k_load component_id=2 lut_exp=1 scna_layout=0 scna_width=0 qo_len=4 kv_len=4096 n_heads=12 n_kv_heads=2 head_dim=128 kv_head=1 worker=0 block_r=0 block_c=2560 t0_us=260176971998 t1_us=260176972019 dur_us=20
FIG8_ATTENTION_EVENT mode=lut-exp layout=serial phase=warmup iteration=0 component=qk_dot component_id=4 lut_exp=1 scna_layout=0 scna_width=0 qo_len=4 kv_len=4096 n_heads=12 n_kv_heads=2 head_dim=128 kv_head=1 worker=0 block_r=0 block_c=2560 t0_us=260176972019 t1_us=260176972019 dur_us=0
FIG8_ATTENTION_EVENT mode=lut-exp layout=serial phase=warmup iteration=0 component=safe_sm component_id=5 lut_exp=1 scna_layout=0 scna_width=0 qo_len=4 kv_len=4096 n_heads=12 n_kv_heads=2 head_dim=128 kv_head=1 worker=0 block_r=0 block_c=2560 t0_us=260176972019 t1_us=260176972037 dur_us=17
FIG8_ATTENTION_EVENT mode=lut-exp layout=serial phase=warmup iteration=0 component=v_load component_id=3 lut_exp=1 scna_layout=0 scna_width=0 qo_len=4 kv_len=4096 n_heads=12 n_kv_heads=2 head_dim=128 kv_head=1 worker=0 block_r=0 block_c=2560 t0_us=260176972037 t1_us=260176972061 dur_us=24
FIG8_ATTENTION_EVENT mode=lut-exp layout=serial phase=warmup iteration=0 component=core_acc component_id=6 lut_exp=1 scna_layout=0 scna_width=0 qo_len=4 kv_len=4096 n_heads=12 n_kv_heads=2 head_dim=128 kv_head=1 worker=0 block_r=0 block_c=2560 t0_us=260176972061 t1_us=260176972062 dur_us=0
FIG8_ATTENTION_EVENT mode=lut-exp layout=serial phase=warmup iteration=0 component=k_load component_id=2 lut_exp=1 scna_layout=0 scna_width=0 qo_len=4 kv_len=4096 n_heads=12 n_kv_heads=2 head_dim=128 kv_head=1 worker=0 block_r=0 block_c=3840 t0_us=260176972062 t1_us=260176972066 dur_us=4
FIG8_ATTENTION_EVENT mode=lut-exp layout=serial phase=warmup iteration=0 component=qk_dot component_id=4 lut_exp=1 scna_layout=0 scna_width=0 qo_len=4 kv_len=4096 n_heads=12 n_kv_heads=2 head_dim=128 kv_head=1 worker=0 block_r=0 block_c=3840 t0_us=260176972067 t1_us=260176972067 dur_us=0
FIG8_ATTENTION_EVENT mode=lut-exp layout=serial phase=warmup iteration=0 component=safe_sm component_id=5 lut_exp=1 scna_layout=0 scna_width=0 qo_len=4 kv_len=4096 n_heads=12 n_kv_heads=2 head_dim=128 kv_head=1 worker=0 block_r=0 block_c=3840 t0_us=260176972067 t1_us=260176972073 dur_us=5
FIG8_ATTENTION_EVENT mode=lut-exp layout=serial phase=warmup iteration=0 component=v_load component_id=3 lut_exp=1 scna_layout=0 scna_width=0 qo_len=4 kv_len=4096 n_heads=12 n_kv_heads=2 head_dim=128 kv_head=1 worker=0 block_r=0 block_c=3840 t0_us=260176972073 t1_us=260176972075 dur_us=2
FIG8_ATTENTION_EVENT mode=lut-exp layout=serial phase=warmup iteration=0 component=core_acc component_id=6 lut_exp=1 scna_layout=0 scna_width=0 qo_len=4 kv_len=4096 n_heads=12 n_kv_heads=2 head_dim=128 kv_head=1 worker=0 block_r=0 block_c=3840 t0_us=260176972075 t1_us=260176972075 dur_us=0
FIG8_ATTENTION_EVENT mode=lut-exp layout=serial phase=warmup iteration=0 component=o_scale component_id=7 lut_exp=1 scna_layout=0 scna_width=0 qo_len=4 kv_len=4096 n_heads=12 n_kv_heads=2 head_dim=128 kv_head=1 worker=0 block_r=0 block_c=-1 t0_us=260176972076 t1_us=260176972077 dur_us=1
FIG8_ATTENTION_EVENT mode=lut-exp layout=serial phase=warmup iteration=0 component=o_store component_id=8 lut_exp=1 scna_layout=0 scna_width=0 qo_len=4 kv_len=4096 n_heads=12 n_kv_heads=2 head_dim=128 kv_head=1 worker=0 block_r=0 block_c=-1 t0_us=260176972077 t1_us=260176972079 dur_us=2
FIG8_ATTENTION_EVENT mode=lut-exp layout=serial phase=warmup iteration=0 component=q_load component_id=1 lut_exp=1 scna_layout=0 scna_width=0 qo_len=4 kv_len=4096 n_heads=12 n_kv_heads=2 head_dim=128 kv_head=0 worker=0 block_r=0 block_c=-1 t0_us=260176972118 t1_us=260176972119 dur_us=1
FIG8_ATTENTION_EVENT mode=lut-exp layout=serial phase=warmup iteration=0 component=k_load component_id=2 lut_exp=1 scna_layout=0 scna_width=0 qo_len=4 kv_len=4096 n_heads=12 n_kv_heads=2 head_dim=128 kv_head=0 worker=0 block_r=0 block_c=0 t0_us=260176972120 t1_us=260176972141 dur_us=20
FIG8_ATTENTION_EVENT mode=lut-exp layout=serial phase=warmup iteration=0 component=qk_dot component_id=4 lut_exp=1 scna_layout=0 scna_width=0 qo_len=4 kv_len=4096 n_heads=12 n_kv_heads=2 head_dim=128 kv_head=0 worker=0 block_r=0 block_c=0 t0_us=260176972142 t1_us=260176972142 dur_us=0
FIG8_ATTENTION_EVENT mode=lut-exp layout=serial phase=warmup iteration=0 component=safe_sm component_id=5 lut_exp=1 scna_layout=0 scna_width=0 qo_len=4 kv_len=4096 n_heads=12 n_kv_heads=2 head_dim=128 kv_head=0 worker=0 block_r=0 block_c=0 t0_us=260176972143 t1_us=260176972162 dur_us=19
FIG8_ATTENTION_EVENT mode=lut-exp layout=serial phase=warmup iteration=0 component=v_load component_id=3 lut_exp=1 scna_layout=0 scna_width=0 qo_len=4 kv_len=4096 n_heads=12 n_kv_heads=2 head_dim=128 kv_head=0 worker=0 block_r=0 block_c=0 t0_us=260176972162 t1_us=260176972183 dur_us=20
FIG8_ATTENTION_EVENT mode=lut-exp layout=serial phase=warmup iteration=0 component=core_acc component_id=6 lut_exp=1 scna_layout=0 scna_width=0 qo_len=4 kv_len=4096 n_heads=12 n_kv_heads=2 head_dim=128 kv_head=0 worker=0 block_r=0 block_c=0 t0_us=260176972184 t1_us=260176972187 dur_us=3
FIG8_ATTENTION_EVENT mode=lut-exp layout=serial phase=warmup iteration=0 component=k_load component_id=2 lut_exp=1 scna_layout=0 scna_width=0 qo_len=4 kv_len=4096 n_heads=12 n_kv_heads=2 head_dim=128 kv_head=0 worker=0 block_r=0 block_c=1280 t0_us=260176972188 t1_us=260176972211 dur_us=22
FIG8_ATTENTION_EVENT mode=lut-exp layout=serial phase=warmup iteration=0 component=qk_dot component_id=4 lut_exp=1 scna_layout=0 scna_width=0 qo_len=4 kv_len=4096 n_heads=12 n_kv_heads=2 head_dim=128 kv_head=0 worker=0 block_r=0 block_c=1280 t0_us=260176972211 t1_us=260176972211 dur_us=0
FIG8_ATTENTION_EVENT mode=lut-exp layout=serial phase=warmup iteration=0 component=safe_sm component_id=5 lut_exp=1 scna_layout=0 scna_width=0 qo_len=4 kv_len=4096 n_heads=12 n_kv_heads=2 head_dim=128 kv_head=0 worker=0 block_r=0 block_c=1280 t0_us=260176972211 t1_us=260176972229 dur_us=17
FIG8_ATTENTION_EVENT mode=lut-exp layout=serial phase=warmup iteration=0 component=v_load component_id=3 lut_exp=1 scna_layout=0 scna_width=0 qo_len=4 kv_len=4096 n_heads=12 n_kv_heads=2 head_dim=128 kv_head=0 worker=0 block_r=0 block_c=1280 t0_us=260176972229 t1_us=260176972256 dur_us=26
FIG8_ATTENTION_EVENT mode=lut-exp layout=serial phase=warmup iteration=0 component=core_acc component_id=6 lut_exp=1 scna_layout=0 scna_width=0 qo_len=4 kv_len=4096 n_heads=12 n_kv_heads=2 head_dim=128 kv_head=0 worker=0 block_r=0 block_c=1280 t0_us=260176972256 t1_us=260176972256 dur_us=0
FIG8_ATTENTION_EVENT mode=lut-exp layout=serial phase=warmup iteration=0 component=k_load component_id=2 lut_exp=1 scna_layout=0 scna_width=0 qo_len=4 kv_len=4096 n_heads=12 n_kv_heads=2 head_dim=128 kv_head=0 worker=0 block_r=0 block_c=2560 t0_us=260176972256 t1_us=260176972277 dur_us=20
FIG8_ATTENTION_EVENT mode=lut-exp layout=serial phase=warmup iteration=0 component=qk_dot component_id=4 lut_exp=1 scna_layout=0 scna_width=0 qo_len=4 kv_len=4096 n_heads=12 n_kv_heads=2 head_dim=128 kv_head=0 worker=0 block_r=0 block_c=2560 t0_us=260176972277 t1_us=260176972277 dur_us=0
FIG8_ATTENTION_EVENT mode=lut-exp layout=serial phase=warmup iteration=0 component=safe_sm component_id=5 lut_exp=1 scna_layout=0 scna_width=0 qo_len=4 kv_len=4096 n_heads=12 n_kv_heads=2 head_dim=128 kv_head=0 worker=0 block_r=0 block_c=2560 t0_us=260176972278 t1_us=260176972295 dur_us=17
FIG8_ATTENTION_EVENT mode=lut-exp layout=serial phase=warmup iteration=0 component=v_load component_id=3 lut_exp=1 scna_layout=0 scna_width=0 qo_len=4 kv_len=4096 n_heads=12 n_kv_heads=2 head_dim=128 kv_head=0 worker=0 block_r=0 block_c=2560 t0_us=260176972295 t1_us=260176972325 dur_us=29
FIG8_ATTENTION_EVENT mode=lut-exp layout=serial phase=warmup iteration=0 component=core_acc component_id=6 lut_exp=1 scna_layout=0 scna_width=0 qo_len=4 kv_len=4096 n_heads=12 n_kv_heads=2 head_dim=128 kv_head=0 worker=0 block_r=0 block_c=2560 t0_us=260176972325 t1_us=260176972325 dur_us=0
FIG8_ATTENTION_EVENT mode=lut-exp layout=serial phase=warmup iteration=0 component=k_load component_id=2 lut_exp=1 scna_layout=0 scna_width=0 qo_len=4 kv_len=4096 n_heads=12 n_kv_heads=2 head_dim=128 kv_head=0 worker=0 block_r=0 block_c=3840 t0_us=260176972326 t1_us=260176972330 dur_us=4
FIG8_ATTENTION_EVENT mode=lut-exp layout=serial phase=warmup iteration=0 component=qk_dot component_id=4 lut_exp=1 scna_layout=0 scna_width=0 qo_len=4 kv_len=4096 n_heads=12 n_kv_heads=2 head_dim=128 kv_head=0 worker=0 block_r=0 block_c=3840 t0_us=260176972330 t1_us=260176972330 dur_us=0
FIG8_ATTENTION_EVENT mode=lut-exp layout=serial phase=warmup iteration=0 component=safe_sm component_id=5 lut_exp=1 scna_layout=0 scna_width=0 qo_len=4 kv_len=4096 n_heads=12 n_kv_heads=2 head_dim=128 kv_head=0 worker=0 block_r=0 block_c=3840 t0_us=260176972330 t1_us=260176972336 dur_us=6
FIG8_ATTENTION_EVENT mode=lut-exp layout=serial phase=warmup iteration=0 component=v_load component_id=3 lut_exp=1 scna_layout=0 scna_width=0 qo_len=4 kv_len=4096 n_heads=12 n_kv_heads=2 head_dim=128 kv_head=0 worker=0 block_r=0 block_c=3840 t0_us=260176972336 t1_us=260176972339 dur_us=2
FIG8_ATTENTION_EVENT mode=lut-exp layout=serial phase=warmup iteration=0 component=core_acc component_id=6 lut_exp=1 scna_layout=0 scna_width=0 qo_len=4 kv_len=4096 n_heads=12 n_kv_heads=2 head_dim=128 kv_head=0 worker=0 block_r=0 block_c=3840 t0_us=260176972339 t1_us=260176972339 dur_us=0
FIG8_ATTENTION_EVENT mode=lut-exp layout=serial phase=warmup iteration=0 component=o_scale component_id=7 lut_exp=1 scna_layout=0 scna_width=0 qo_len=4 kv_len=4096 n_heads=12 n_kv_heads=2 head_dim=128 kv_head=0 worker=0 block_r=0 block_c=-1 t0_us=260176972339 t1_us=260176972341 dur_us=1
FIG8_ATTENTION_EVENT mode=lut-exp layout=serial phase=warmup iteration=0 component=o_store component_id=8 lut_exp=1 scna_layout=0 scna_width=0 qo_len=4 kv_len=4096 n_heads=12 n_kv_heads=2 head_dim=128 kv_head=0 worker=0 block_r=0 block_c=-1 t0_us=260176972341 t1_us=260176972343 dur_us=1
FIG8_ATTENTION_EVENT mode=lut-exp layout=serial phase=warmup iteration=0 component=q_load component_id=1 lut_exp=1 scna_layout=0 scna_width=0 qo_len=4 kv_len=4096 n_heads=12 n_kv_heads=2 head_dim=128 kv_head=1 worker=0 block_r=0 block_c=-1 t0_us=260176972382 t1_us=260176972384 dur_us=1
FIG8_ATTENTION_EVENT mode=lut-exp layout=serial phase=warmup iteration=0 component=k_load component_id=2 lut_exp=1 scna_layout=0 scna_width=0 qo_len=4 kv_len=4096 n_heads=12 n_kv_heads=2 head_dim=128 kv_head=1 worker=0 block_r=0 block_c=0 t0_us=260176972385 t1_us=260176972407 dur_us=21
FIG8_ATTENTION_EVENT mode=lut-exp layout=serial phase=warmup iteration=0 component=qk_dot component_id=4 lut_exp=1 scna_layout=0 scna_width=0 qo_len=4 kv_len=4096 n_heads=12 n_kv_heads=2 head_dim=128 kv_head=1 worker=0 block_r=0 block_c=0 t0_us=260176972407 t1_us=260176972408 dur_us=1
FIG8_ATTENTION_EVENT mode=lut-exp layout=serial phase=warmup iteration=0 component=safe_sm component_id=5 lut_exp=1 scna_layout=0 scna_width=0 qo_len=4 kv_len=4096 n_heads=12 n_kv_heads=2 head_dim=128 kv_head=1 worker=0 block_r=0 block_c=0 t0_us=260176972408 t1_us=260176972428 dur_us=19
FIG8_ATTENTION_EVENT mode=lut-exp layout=serial phase=warmup iteration=0 component=v_load component_id=3 lut_exp=1 scna_layout=0 scna_width=0 qo_len=4 kv_len=4096 n_heads=12 n_kv_heads=2 head_dim=128 kv_head=1 worker=0 block_r=0 block_c=0 t0_us=260176972428 t1_us=260176972448 dur_us=19
FIG8_ATTENTION_EVENT mode=lut-exp layout=serial phase=warmup iteration=0 component=core_acc component_id=6 lut_exp=1 scna_layout=0 scna_width=0 qo_len=4 kv_len=4096 n_heads=12 n_kv_heads=2 head_dim=128 kv_head=1 worker=0 block_r=0 block_c=0 t0_us=260176972449 t1_us=260176972451 dur_us=2
FIG8_ATTENTION_EVENT mode=lut-exp layout=serial phase=warmup iteration=0 component=k_load component_id=2 lut_exp=1 scna_layout=0 scna_width=0 qo_len=4 kv_len=4096 n_heads=12 n_kv_heads=2 head_dim=128 kv_head=1 worker=0 block_r=0 block_c=1280 t0_us=260176972452 t1_us=260176972474 dur_us=22
FIG8_ATTENTION_EVENT mode=lut-exp layout=serial phase=warmup iteration=0 component=qk_dot component_id=4 lut_exp=1 scna_layout=0 scna_width=0 qo_len=4 kv_len=4096 n_heads=12 n_kv_heads=2 head_dim=128 kv_head=1 worker=0 block_r=0 block_c=1280 t0_us=260176972474 t1_us=260176972475 dur_us=0
FIG8_ATTENTION_EVENT mode=lut-exp layout=serial phase=warmup iteration=0 component=safe_sm component_id=5 lut_exp=1 scna_layout=0 scna_width=0 qo_len=4 kv_len=4096 n_heads=12 n_kv_heads=2 head_dim=128 kv_head=1 worker=0 block_r=0 block_c=1280 t0_us=260176972475 t1_us=260176972492 dur_us=17
FIG8_ATTENTION_EVENT mode=lut-exp layout=serial phase=warmup iteration=0 component=v_load component_id=3 lut_exp=1 scna_layout=0 scna_width=0 qo_len=4 kv_len=4096 n_heads=12 n_kv_heads=2 head_dim=128 kv_head=1 worker=0 block_r=0 block_c=1280 t0_us=260176972492 t1_us=260176972517 dur_us=24
FIG8_ATTENTION_EVENT mode=lut-exp layout=serial phase=warmup iteration=0 component=core_acc component_id=6 lut_exp=1 scna_layout=0 scna_width=0 qo_len=4 kv_len=4096 n_heads=12 n_kv_heads=2 head_dim=128 kv_head=1 worker=0 block_r=0 block_c=1280 t0_us=260176972517 t1_us=260176972517 dur_us=0
FIG8_ATTENTION_EVENT mode=lut-exp layout=serial phase=warmup iteration=0 component=k_load component_id=2 lut_exp=1 scna_layout=0 scna_width=0 qo_len=4 kv_len=4096 n_heads=12 n_kv_heads=2 head_dim=128 kv_head=1 worker=0 block_r=0 block_c=2560 t0_us=260176972517 t1_us=260176972538 dur_us=20
FIG8_ATTENTION_EVENT mode=lut-exp layout=serial phase=warmup iteration=0 component=qk_dot component_id=4 lut_exp=1 scna_layout=0 scna_width=0 qo_len=4 kv_len=4096 n_heads=12 n_kv_heads=2 head_dim=128 kv_head=1 worker=0 block_r=0 block_c=2560 t0_us=260176972538 t1_us=260176972538 dur_us=0
FIG8_ATTENTION_EVENT mode=lut-exp layout=serial phase=warmup iteration=0 component=safe_sm component_id=5 lut_exp=1 scna_layout=0 scna_width=0 qo_len=4 kv_len=4096 n_heads=12 n_kv_heads=2 head_dim=128 kv_head=1 worker=0 block_r=0 block_c=2560 t0_us=260176972538 t1_us=260176972556 dur_us=17
FIG8_ATTENTION_EVENT mode=lut-exp layout=serial phase=warmup iteration=0 component=v_load component_id=3 lut_exp=1 scna_layout=0 scna_width=0 qo_len=4 kv_len=4096 n_heads=12 n_kv_heads=2 head_dim=128 kv_head=1 worker=0 block_r=0 block_c=2560 t0_us=260176972556 t1_us=260176972580 dur_us=23
FIG8_ATTENTION_EVENT mode=lut-exp layout=serial phase=warmup iteration=0 component=core_acc component_id=6 lut_exp=1 scna_layout=0 scna_width=0 qo_len=4 kv_len=4096 n_heads=12 n_kv_heads=2 head_dim=128 kv_head=1 worker=0 block_r=0 block_c=2560 t0_us=260176972580 t1_us=260176972580 dur_us=0
FIG8_ATTENTION_EVENT mode=lut-exp layout=serial phase=warmup iteration=0 component=k_load component_id=2 lut_exp=1 scna_layout=0 scna_width=0 qo_len=4 kv_len=4096 n_heads=12 n_kv_heads=2 head_dim=128 kv_head=1 worker=0 block_r=0 block_c=3840 t0_us=260176972580 t1_us=260176972585 dur_us=4
FIG8_ATTENTION_EVENT mode=lut-exp layout=serial phase=warmup iteration=0 component=qk_dot component_id=4 lut_exp=1 scna_layout=0 scna_width=0 qo_len=4 kv_len=4096 n_heads=12 n_kv_heads=2 head_dim=128 kv_head=1 worker=0 block_r=0 block_c=3840 t0_us=260176972585 t1_us=260176972585 dur_us=0
FIG8_ATTENTION_EVENT mode=lut-exp layout=serial phase=warmup iteration=0 component=safe_sm component_id=5 lut_exp=1 scna_layout=0 scna_width=0 qo_len=4 kv_len=4096 n_heads=12 n_kv_heads=2 head_dim=128 kv_head=1 worker=0 block_r=0 block_c=3840 t0_us=260176972585 t1_us=260176972591 dur_us=5
FIG8_ATTENTION_EVENT mode=lut-exp layout=serial phase=warmup iteration=0 component=v_load component_id=3 lut_exp=1 scna_layout=0 scna_width=0 qo_len=4 kv_len=4096 n_heads=12 n_kv_heads=2 head_dim=128 kv_head=1 worker=0 block_r=0 block_c=3840 t0_us=260176972591 t1_us=260176972593 dur_us=2
FIG8_ATTENTION_EVENT mode=lut-exp layout=serial phase=warmup iteration=0 component=core_acc component_id=6 lut_exp=1 scna_layout=0 scna_width=0 qo_len=4 kv_len=4096 n_heads=12 n_kv_heads=2 head_dim=128 kv_head=1 worker=0 block_r=0 block_c=3840 t0_us=260176972593 t1_us=260176972593 dur_us=0
FIG8_ATTENTION_EVENT mode=lut-exp layout=serial phase=warmup iteration=0 component=o_scale component_id=7 lut_exp=1 scna_layout=0 scna_width=0 qo_len=4 kv_len=4096 n_heads=12 n_kv_heads=2 head_dim=128 kv_head=1 worker=0 block_r=0 block_c=-1 t0_us=260176972594 t1_us=260176972595 dur_us=1
FIG8_ATTENTION_EVENT mode=lut-exp layout=serial phase=warmup iteration=0 component=o_store component_id=8 lut_exp=1 scna_layout=0 scna_width=0 qo_len=4 kv_len=4096 n_heads=12 n_kv_heads=2 head_dim=128 kv_head=1 worker=0 block_r=0 block_c=-1 t0_us=260176972595 t1_us=260176972597 dur_us=2
FIG8_ATTENTION_EVENT mode=lut-exp layout=serial phase=warmup iteration=0 component=q_load component_id=1 lut_exp=1 scna_layout=0 scna_width=0 qo_len=4 kv_len=4096 n_heads=12 n_kv_heads=2 head_dim=128 kv_head=0 worker=0 block_r=0 block_c=-1 t0_us=260176972635 t1_us=260176972637 dur_us=1
FIG8_ATTENTION_EVENT mode=lut-exp layout=serial phase=warmup iteration=0 component=k_load component_id=2 lut_exp=1 scna_layout=0 scna_width=0 qo_len=4 kv_len=4096 n_heads=12 n_kv_heads=2 head_dim=128 kv_head=0 worker=0 block_r=0 block_c=0 t0_us=260176972638 t1_us=260176972658 dur_us=20
FIG8_ATTENTION_EVENT mode=lut-exp layout=serial phase=warmup iteration=0 component=qk_dot component_id=4 lut_exp=1 scna_layout=0 scna_width=0 qo_len=4 kv_len=4096 n_heads=12 n_kv_heads=2 head_dim=128 kv_head=0 worker=0 block_r=0 block_c=0 t0_us=260176972659 t1_us=260176972659 dur_us=0
FIG8_ATTENTION_EVENT mode=lut-exp layout=serial phase=warmup iteration=0 component=safe_sm component_id=5 lut_exp=1 scna_layout=0 scna_width=0 qo_len=4 kv_len=4096 n_heads=12 n_kv_heads=2 head_dim=128 kv_head=0 worker=0 block_r=0 block_c=0 t0_us=260176972660 t1_us=260176972679 dur_us=19
FIG8_ATTENTION_EVENT mode=lut-exp layout=serial phase=warmup iteration=0 component=v_load component_id=3 lut_exp=1 scna_layout=0 scna_width=0 qo_len=4 kv_len=4096 n_heads=12 n_kv_heads=2 head_dim=128 kv_head=0 worker=0 block_r=0 block_c=0 t0_us=260176972680 t1_us=260176972699 dur_us=19
FIG8_ATTENTION_EVENT mode=lut-exp layout=serial phase=warmup iteration=0 component=core_acc component_id=6 lut_exp=1 scna_layout=0 scna_width=0 qo_len=4 kv_len=4096 n_heads=12 n_kv_heads=2 head_dim=128 kv_head=0 worker=0 block_r=0 block_c=0 t0_us=260176972700 t1_us=260176972704 dur_us=3
FIG8_ATTENTION_EVENT mode=lut-exp layout=serial phase=warmup iteration=0 component=k_load component_id=2 lut_exp=1 scna_layout=0 scna_width=0 qo_len=4 kv_len=4096 n_heads=12 n_kv_heads=2 head_dim=128 kv_head=0 worker=0 block_r=0 block_c=1280 t0_us=260176972704 t1_us=260176972726 dur_us=21
FIG8_ATTENTION_EVENT mode=lut-exp layout=serial phase=warmup iteration=0 component=qk_dot component_id=4 lut_exp=1 scna_layout=0 scna_width=0 qo_len=4 kv_len=4096 n_heads=12 n_kv_heads=2 head_dim=128 kv_head=0 worker=0 block_r=0 block_c=1280 t0_us=260176972726 t1_us=260176972727 dur_us=0
FIG8_ATTENTION_EVENT mode=lut-exp layout=serial phase=warmup iteration=0 component=safe_sm component_id=5 lut_exp=1 scna_layout=0 scna_width=0 qo_len=4 kv_len=4096 n_heads=12 n_kv_heads=2 head_dim=128 kv_head=0 worker=0 block_r=0 block_c=1280 t0_us=260176972727 t1_us=260176972745 dur_us=18
FIG8_ATTENTION_EVENT mode=lut-exp layout=serial phase=warmup iteration=0 component=v_load component_id=3 lut_exp=1 scna_layout=0 scna_width=0 qo_len=4 kv_len=4096 n_heads=12 n_kv_heads=2 head_dim=128 kv_head=0 worker=0 block_r=0 block_c=1280 t0_us=260176972745 t1_us=260176972772 dur_us=26
FIG8_ATTENTION_EVENT mode=lut-exp layout=serial phase=warmup iteration=0 component=core_acc component_id=6 lut_exp=1 scna_layout=0 scna_width=0 qo_len=4 kv_len=4096 n_heads=12 n_kv_heads=2 head_dim=128 kv_head=0 worker=0 block_r=0 block_c=1280 t0_us=260176972772 t1_us=260176972773 dur_us=0
FIG8_ATTENTION_EVENT mode=lut-exp layout=serial phase=warmup iteration=0 component=k_load component_id=2 lut_exp=1 scna_layout=0 scna_width=0 qo_len=4 kv_len=4096 n_heads=12 n_kv_heads=2 head_dim=128 kv_head=0 worker=0 block_r=0 block_c=2560 t0_us=260176972773 t1_us=260176972793 dur_us=20
FIG8_ATTENTION_EVENT mode=lut-exp layout=serial phase=warmup iteration=0 component=qk_dot component_id=4 lut_exp=1 scna_layout=0 scna_width=0 qo_len=4 kv_len=4096 n_heads=12 n_kv_heads=2 head_dim=128 kv_head=0 worker=0 block_r=0 block_c=2560 t0_us=260176972793 t1_us=260176972794 dur_us=0
FIG8_ATTENTION_EVENT mode=lut-exp layout=serial phase=warmup iteration=0 component=safe_sm component_id=5 lut_exp=1 scna_layout=0 scna_width=0 qo_len=4 kv_len=4096 n_heads=12 n_kv_heads=2 head_dim=128 kv_head=0 worker=0 block_r=0 block_c=2560 t0_us=260176972794 t1_us=260176972811 dur_us=17
FIG8_ATTENTION_EVENT mode=lut-exp layout=serial phase=warmup iteration=0 component=v_load component_id=3 lut_exp=1 scna_layout=0 scna_width=0 qo_len=4 kv_len=4096 n_heads=12 n_kv_heads=2 head_dim=128 kv_head=0 worker=0 block_r=0 block_c=2560 t0_us=260176972812 t1_us=260176972836 dur_us=24
FIG8_ATTENTION_EVENT mode=lut-exp layout=serial phase=warmup iteration=0 component=core_acc component_id=6 lut_exp=1 scna_layout=0 scna_width=0 qo_len=4 kv_len=4096 n_heads=12 n_kv_heads=2 head_dim=128 kv_head=0 worker=0 block_r=0 block_c=2560 t0_us=260176972836 t1_us=260176972837 dur_us=0
FIG8_ATTENTION_EVENT mode=lut-exp layout=serial phase=warmup iteration=0 component=k_load component_id=2 lut_exp=1 scna_layout=0 scna_width=0 qo_len=4 kv_len=4096 n_heads=12 n_kv_heads=2 head_dim=128 kv_head=0 worker=0 block_r=0 block_c=3840 t0_us=260176972837 t1_us=260176972841 dur_us=4
FIG8_ATTENTION_EVENT mode=lut-exp layout=serial phase=warmup iteration=0 component=qk_dot component_id=4 lut_exp=1 scna_layout=0 scna_width=0 qo_len=4 kv_len=4096 n_heads=12 n_kv_heads=2 head_dim=128 kv_head=0 worker=0 block_r=0 block_c=3840 t0_us=260176972841 t1_us=260176972841 dur_us=0
FIG8_ATTENTION_EVENT mode=lut-exp layout=serial phase=warmup iteration=0 component=safe_sm component_id=5 lut_exp=1 scna_layout=0 scna_width=0 qo_len=4 kv_len=4096 n_heads=12 n_kv_heads=2 head_dim=128 kv_head=0 worker=0 block_r=0 block_c=3840 t0_us=260176972841 t1_us=260176972848 dur_us=6
FIG8_ATTENTION_EVENT mode=lut-exp layout=serial phase=warmup iteration=0 component=v_load component_id=3 lut_exp=1 scna_layout=0 scna_width=0 qo_len=4 kv_len=4096 n_heads=12 n_kv_heads=2 head_dim=128 kv_head=0 worker=0 block_r=0 block_c=3840 t0_us=260176972848 t1_us=260176972850 dur_us=2
FIG8_ATTENTION_EVENT mode=lut-exp layout=serial phase=warmup iteration=0 component=core_acc component_id=6 lut_exp=1 scna_layout=0 scna_width=0 qo_len=4 kv_len=4096 n_heads=12 n_kv_heads=2 head_dim=128 kv_head=0 worker=0 block_r=0 block_c=3840 t0_us=260176972850 t1_us=260176972850 dur_us=0
FIG8_ATTENTION_EVENT mode=lut-exp layout=serial phase=warmup iteration=0 component=o_scale component_id=7 lut_exp=1 scna_layout=0 scna_width=0 qo_len=4 kv_len=4096 n_heads=12 n_kv_heads=2 head_dim=128 kv_head=0 worker=0 block_r=0 block_c=-1 t0_us=260176972850 t1_us=260176972852 dur_us=1
FIG8_ATTENTION_EVENT mode=lut-exp layout=serial phase=warmup iteration=0 component=o_store component_id=8 lut_exp=1 scna_layout=0 scna_width=0 qo_len=4 kv_len=4096 n_heads=12 n_kv_heads=2 head_dim=128 kv_head=0 worker=0 block_r=0 block_c=-1 t0_us=260176972852 t1_us=260176972854 dur_us=1
FIG8_ATTENTION_EVENT mode=lut-exp layout=serial phase=warmup iteration=0 component=q_load component_id=1 lut_exp=1 scna_layout=0 scna_width=0 qo_len=4 kv_len=4096 n_heads=12 n_kv_heads=2 head_dim=128 kv_head=1 worker=0 block_r=0 block_c=-1 t0_us=260176972893 t1_us=260176972895 dur_us=1
FIG8_ATTENTION_EVENT mode=lut-exp layout=serial phase=warmup iteration=0 component=k_load component_id=2 lut_exp=1 scna_layout=0 scna_width=0 qo_len=4 kv_len=4096 n_heads=12 n_kv_heads=2 head_dim=128 kv_head=1 worker=0 block_r=0 block_c=0 t0_us=260176972896 t1_us=260176972917 dur_us=21
FIG8_ATTENTION_EVENT mode=lut-exp layout=serial phase=warmup iteration=0 component=qk_dot component_id=4 lut_exp=1 scna_layout=0 scna_width=0 qo_len=4 kv_len=4096 n_heads=12 n_kv_heads=2 head_dim=128 kv_head=1 worker=0 block_r=0 block_c=0 t0_us=260176972917 t1_us=260176972919 dur_us=1
FIG8_ATTENTION_EVENT mode=lut-exp layout=serial phase=warmup iteration=0 component=safe_sm component_id=5 lut_exp=1 scna_layout=0 scna_width=0 qo_len=4 kv_len=4096 n_heads=12 n_kv_heads=2 head_dim=128 kv_head=1 worker=0 block_r=0 block_c=0 t0_us=260176972919 t1_us=260176972938 dur_us=19
FIG8_ATTENTION_EVENT mode=lut-exp layout=serial phase=warmup iteration=0 component=v_load component_id=3 lut_exp=1 scna_layout=0 scna_width=0 qo_len=4 kv_len=4096 n_heads=12 n_kv_heads=2 head_dim=128 kv_head=1 worker=0 block_r=0 block_c=0 t0_us=260176972939 t1_us=260176972956 dur_us=17
FIG8_ATTENTION_EVENT mode=lut-exp layout=serial phase=warmup iteration=0 component=core_acc component_id=6 lut_exp=1 scna_layout=0 scna_width=0 qo_len=4 kv_len=4096 n_heads=12 n_kv_heads=2 head_dim=128 kv_head=1 worker=0 block_r=0 block_c=0 t0_us=260176972957 t1_us=260176972959 dur_us=2
FIG8_ATTENTION_EVENT mode=lut-exp layout=serial phase=warmup iteration=0 component=k_load component_id=2 lut_exp=1 scna_layout=0 scna_width=0 qo_len=4 kv_len=4096 n_heads=12 n_kv_heads=2 head_dim=128 kv_head=1 worker=0 block_r=0 block_c=1280 t0_us=260176972960 t1_us=260176972982 dur_us=22
FIG8_ATTENTION_EVENT mode=lut-exp layout=serial phase=warmup iteration=0 component=qk_dot component_id=4 lut_exp=1 scna_layout=0 scna_width=0 qo_len=4 kv_len=4096 n_heads=12 n_kv_heads=2 head_dim=128 kv_head=1 worker=0 block_r=0 block_c=1280 t0_us=260176972982 t1_us=260176972983 dur_us=0
FIG8_ATTENTION_EVENT mode=lut-exp layout=serial phase=warmup iteration=0 component=safe_sm component_id=5 lut_exp=1 scna_layout=0 scna_width=0 qo_len=4 kv_len=4096 n_heads=12 n_kv_heads=2 head_dim=128 kv_head=1 worker=0 block_r=0 block_c=1280 t0_us=260176972983 t1_us=260176973001 dur_us=17
FIG8_ATTENTION_EVENT mode=lut-exp layout=serial phase=warmup iteration=0 component=v_load component_id=3 lut_exp=1 scna_layout=0 scna_width=0 qo_len=4 kv_len=4096 n_heads=12 n_kv_heads=2 head_dim=128 kv_head=1 worker=0 block_r=0 block_c=1280 t0_us=260176973001 t1_us=260176973027 dur_us=26
FIG8_ATTENTION_EVENT mode=lut-exp layout=serial phase=warmup iteration=0 component=core_acc component_id=6 lut_exp=1 scna_layout=0 scna_width=0 qo_len=4 kv_len=4096 n_heads=12 n_kv_heads=2 head_dim=128 kv_head=1 worker=0 block_r=0 block_c=1280 t0_us=260176973028 t1_us=260176973028 dur_us=0
FIG8_ATTENTION_EVENT mode=lut-exp layout=serial phase=warmup iteration=0 component=k_load component_id=2 lut_exp=1 scna_layout=0 scna_width=0 qo_len=4 kv_len=4096 n_heads=12 n_kv_heads=2 head_dim=128 kv_head=1 worker=0 block_r=0 block_c=2560 t0_us=260176973028 t1_us=260176973048 dur_us=19
FIG8_ATTENTION_EVENT mode=lut-exp layout=serial phase=warmup iteration=0 component=qk_dot component_id=4 lut_exp=1 scna_layout=0 scna_width=0 qo_len=4 kv_len=4096 n_heads=12 n_kv_heads=2 head_dim=128 kv_head=1 worker=0 block_r=0 block_c=2560 t0_us=260176973048 t1_us=260176973048 dur_us=0
FIG8_ATTENTION_EVENT mode=lut-exp layout=serial phase=warmup iteration=0 component=safe_sm component_id=5 lut_exp=1 scna_layout=0 scna_width=0 qo_len=4 kv_len=4096 n_heads=12 n_kv_heads=2 head_dim=128 kv_head=1 worker=0 block_r=0 block_c=2560 t0_us=260176973049 t1_us=260176973066 dur_us=17
FIG8_ATTENTION_EVENT mode=lut-exp layout=serial phase=warmup iteration=0 component=v_load component_id=3 lut_exp=1 scna_layout=0 scna_width=0 qo_len=4 kv_len=4096 n_heads=12 n_kv_heads=2 head_dim=128 kv_head=1 worker=0 block_r=0 block_c=2560 t0_us=260176973066 t1_us=260176973093 dur_us=26
FIG8_ATTENTION_EVENT mode=lut-exp layout=serial phase=warmup iteration=0 component=core_acc component_id=6 lut_exp=1 scna_layout=0 scna_width=0 qo_len=4 kv_len=4096 n_heads=12 n_kv_heads=2 head_dim=128 kv_head=1 worker=0 block_r=0 block_c=2560 t0_us=260176973093 t1_us=260176973094 dur_us=0
FIG8_ATTENTION_EVENT mode=lut-exp layout=serial phase=warmup iteration=0 component=k_load component_id=2 lut_exp=1 scna_layout=0 scna_width=0 qo_len=4 kv_len=4096 n_heads=12 n_kv_heads=2 head_dim=128 kv_head=1 worker=0 block_r=0 block_c=3840 t0_us=260176973094 t1_us=260176973098 dur_us=4
FIG8_ATTENTION_EVENT mode=lut-exp layout=serial phase=warmup iteration=0 component=qk_dot component_id=4 lut_exp=1 scna_layout=0 scna_width=0 qo_len=4 kv_len=4096 n_heads=12 n_kv_heads=2 head_dim=128 kv_head=1 worker=0 block_r=0 block_c=3840 t0_us=260176973098 t1_us=260176973098 dur_us=0
FIG8_ATTENTION_EVENT mode=lut-exp layout=serial phase=warmup iteration=0 component=safe_sm component_id=5 lut_exp=1 scna_layout=0 scna_width=0 qo_len=4 kv_len=4096 n_heads=12 n_kv_heads=2 head_dim=128 kv_head=1 worker=0 block_r=0 block_c=3840 t0_us=260176973098 t1_us=260176973104 dur_us=5
FIG8_ATTENTION_EVENT mode=lut-exp layout=serial phase=warmup iteration=0 component=v_load component_id=3 lut_exp=1 scna_layout=0 scna_width=0 qo_len=4 kv_len=4096 n_heads=12 n_kv_heads=2 head_dim=128 kv_head=1 worker=0 block_r=0 block_c=3840 t0_us=260176973104 t1_us=260176973106 dur_us=2
FIG8_ATTENTION_EVENT mode=lut-exp layout=serial phase=warmup iteration=0 component=core_acc component_id=6 lut_exp=1 scna_layout=0 scna_width=0 qo_len=4 kv_len=4096 n_heads=12 n_kv_heads=2 head_dim=128 kv_head=1 worker=0 block_r=0 block_c=3840 t0_us=260176973107 t1_us=260176973107 dur_us=0
FIG8_ATTENTION_EVENT mode=lut-exp layout=serial phase=warmup iteration=0 component=o_scale component_id=7 lut_exp=1 scna_layout=0 scna_width=0 qo_len=4 kv_len=4096 n_heads=12 n_kv_heads=2 head_dim=128 kv_head=1 worker=0 block_r=0 block_c=-1 t0_us=260176973107 t1_us=260176973108 dur_us=1
FIG8_ATTENTION_EVENT mode=lut-exp layout=serial phase=warmup iteration=0 component=o_store component_id=8 lut_exp=1 scna_layout=0 scna_width=0 qo_len=4 kv_len=4096 n_heads=12 n_kv_heads=2 head_dim=128 kv_head=1 worker=0 block_r=0 block_c=-1 t0_us=260176973109 t1_us=260176973111 dur_us=2
FIG8_ATTENTION_CHECKSUM mode=lut-exp layout=serial scna_width=8 seed=figure8_fixed phase=warmup iteration=0 checksum=0xcff889f656826dad
FIG8_ATTENTION_HOST_TIMING mode=lut-exp layout=serial variant=pair_static_d8 workers=1 scna_width=8 seed=figure8_fixed mask_mode=full qo_len=32 kv_len=4096 n_heads=12 n_kv_heads=2 head_dim=128 phase=measure iteration=0 host_elapsed_us=4299 ret=0
FIG8_ATTENTION_PROFILE_COUNT mode=lut-exp qo_len=32 phase=measure iteration=0 records=16 max_records=24
FIG8_ATTENTION_WORKERS mode=lut-exp variant=pair_static_d8 qo_len=32 phase=measure iteration=0 requested_workers=1 active_workers=1 hvx_contexts=6 vtcm_worker_cap=8 tasks=16 q_task_rows=4
FIG8_ATTENTION_TIMERS mode=lut-exp layout=serial phase=measure iteration=0 lut_exp=1 scna_layout=0 scna_width=0 qo_len=4 kv_len=4096 n_heads=12 n_kv_heads=2 head_dim=128 kv_head=0 worker=1 profiled_total=215 q_load=1 k_load=67 v_load=78 qk_dot=1 safe_sm=61 scna_exp=0 param_prepare=0 core_acc=5 o_scale=1 o_store=1
FIG8_ATTENTION_TIMERS mode=lut-exp layout=serial phase=measure iteration=0 lut_exp=1 scna_layout=0 scna_width=0 qo_len=4 kv_len=4096 n_heads=12 n_kv_heads=2 head_dim=128 kv_head=1 worker=1 profiled_total=211 q_load=1 k_load=69 v_load=74 qk_dot=1 safe_sm=60 scna_exp=0 param_prepare=0 core_acc=3 o_scale=1 o_store=2
FIG8_ATTENTION_TIMERS mode=lut-exp layout=serial phase=measure iteration=0 lut_exp=1 scna_layout=0 scna_width=0 qo_len=4 kv_len=4096 n_heads=12 n_kv_heads=2 head_dim=128 kv_head=0 worker=1 profiled_total=205 q_load=1 k_load=67 v_load=70 qk_dot=1 safe_sm=60 scna_exp=0 param_prepare=0 core_acc=4 o_scale=1 o_store=1
FIG8_ATTENTION_TIMERS mode=lut-exp layout=serial phase=measure iteration=0 lut_exp=1 scna_layout=0 scna_width=0 qo_len=4 kv_len=4096 n_heads=12 n_kv_heads=2 head_dim=128 kv_head=1 worker=1 profiled_total=207 q_load=1 k_load=67 v_load=71 qk_dot=2 safe_sm=60 scna_exp=0 param_prepare=0 core_acc=3 o_scale=1 o_store=2
FIG8_ATTENTION_TIMERS mode=lut-exp layout=serial phase=measure iteration=0 lut_exp=1 scna_layout=0 scna_width=0 qo_len=4 kv_len=4096 n_heads=12 n_kv_heads=2 head_dim=128 kv_head=0 worker=1 profiled_total=211 q_load=1 k_load=68 v_load=72 qk_dot=1 safe_sm=62 scna_exp=0 param_prepare=0 core_acc=5 o_scale=1 o_store=1
FIG8_ATTENTION_TIMERS mode=lut-exp layout=serial phase=measure iteration=0 lut_exp=1 scna_layout=0 scna_width=0 qo_len=4 kv_len=4096 n_heads=12 n_kv_heads=2 head_dim=128 kv_head=1 worker=1 profiled_total=207 q_load=1 k_load=68 v_load=71 qk_dot=1 safe_sm=60 scna_exp=0 param_prepare=0 core_acc=3 o_scale=1 o_store=2
FIG8_ATTENTION_TIMERS mode=lut-exp layout=serial phase=measure iteration=0 lut_exp=1 scna_layout=0 scna_width=0 qo_len=4 kv_len=4096 n_heads=12 n_kv_heads=2 head_dim=128 kv_head=0 worker=1 profiled_total=204 q_load=1 k_load=67 v_load=68 qk_dot=1 safe_sm=60 scna_exp=0 param_prepare=0 core_acc=5 o_scale=1 o_store=1
FIG8_ATTENTION_TIMERS mode=lut-exp layout=serial phase=measure iteration=0 lut_exp=1 scna_layout=0 scna_width=0 qo_len=4 kv_len=4096 n_heads=12 n_kv_heads=2 head_dim=128 kv_head=1 worker=1 profiled_total=205 q_load=1 k_load=67 v_load=69 qk_dot=1 safe_sm=60 scna_exp=0 param_prepare=0 core_acc=4 o_scale=1 o_store=2
FIG8_ATTENTION_TIMERS mode=lut-exp layout=serial phase=measure iteration=0 lut_exp=1 scna_layout=0 scna_width=0 qo_len=4 kv_len=4096 n_heads=12 n_kv_heads=2 head_dim=128 kv_head=0 worker=1 profiled_total=206 q_load=1 k_load=67 v_load=70 qk_dot=1 safe_sm=60 scna_exp=0 param_prepare=0 core_acc=5 o_scale=1 o_store=1
FIG8_ATTENTION_TIMERS mode=lut-exp layout=serial phase=measure iteration=0 lut_exp=1 scna_layout=0 scna_width=0 qo_len=4 kv_len=4096 n_heads=12 n_kv_heads=2 head_dim=128 kv_head=1 worker=1 profiled_total=210 q_load=1 k_load=68 v_load=74 qk_dot=1 safe_sm=60 scna_exp=0 param_prepare=0 core_acc=3 o_scale=1 o_store=2
FIG8_ATTENTION_TIMERS mode=lut-exp layout=serial phase=measure iteration=0 lut_exp=1 scna_layout=0 scna_width=0 qo_len=4 kv_len=4096 n_heads=12 n_kv_heads=2 head_dim=128 kv_head=0 worker=1 profiled_total=202 q_load=1 k_load=66 v_load=68 qk_dot=1 safe_sm=60 scna_exp=0 param_prepare=0 core_acc=4 o_scale=1 o_store=1
FIG8_ATTENTION_TIMERS mode=lut-exp layout=serial phase=measure iteration=0 lut_exp=1 scna_layout=0 scna_width=0 qo_len=4 kv_len=4096 n_heads=12 n_kv_heads=2 head_dim=128 kv_head=1 worker=1 profiled_total=205 q_load=1 k_load=68 v_load=69 qk_dot=1 safe_sm=60 scna_exp=0 param_prepare=0 core_acc=3 o_scale=1 o_store=2
FIG8_ATTENTION_TIMERS mode=lut-exp layout=serial phase=measure iteration=0 lut_exp=1 scna_layout=0 scna_width=0 qo_len=4 kv_len=4096 n_heads=12 n_kv_heads=2 head_dim=128 kv_head=0 worker=1 profiled_total=201 q_load=1 k_load=67 v_load=66 qk_dot=1 safe_sm=59 scna_exp=0 param_prepare=0 core_acc=5 o_scale=1 o_store=1
FIG8_ATTENTION_TIMERS mode=lut-exp layout=serial phase=measure iteration=0 lut_exp=1 scna_layout=0 scna_width=0 qo_len=4 kv_len=4096 n_heads=12 n_kv_heads=2 head_dim=128 kv_head=1 worker=1 profiled_total=205 q_load=1 k_load=69 v_load=68 qk_dot=1 safe_sm=59 scna_exp=0 param_prepare=0 core_acc=4 o_scale=1 o_store=2
FIG8_ATTENTION_TIMERS mode=lut-exp layout=serial phase=measure iteration=0 lut_exp=1 scna_layout=0 scna_width=0 qo_len=4 kv_len=4096 n_heads=12 n_kv_heads=2 head_dim=128 kv_head=0 worker=1 profiled_total=203 q_load=1 k_load=68 v_load=67 qk_dot=1 safe_sm=60 scna_exp=0 param_prepare=0 core_acc=4 o_scale=1 o_store=1
FIG8_ATTENTION_TIMERS mode=lut-exp layout=serial phase=measure iteration=0 lut_exp=1 scna_layout=0 scna_width=0 qo_len=4 kv_len=4096 n_heads=12 n_kv_heads=2 head_dim=128 kv_head=1 worker=1 profiled_total=206 q_load=1 k_load=67 v_load=70 qk_dot=1 safe_sm=60 scna_exp=0 param_prepare=0 core_acc=4 o_scale=1 o_store=2
FIG8_ATTENTION_EVENT_COUNT mode=lut-exp qo_len=32 phase=measure iteration=0 events=368 max_events=33152 overflow=0
FIG8_ATTENTION_EVENT mode=lut-exp layout=serial phase=measure iteration=0 component=q_load component_id=1 lut_exp=1 scna_layout=0 scna_width=0 qo_len=4 kv_len=4096 n_heads=12 n_kv_heads=2 head_dim=128 kv_head=0 worker=1 block_r=0 block_c=-1 t0_us=260176974554 t1_us=260176974555 dur_us=1
FIG8_ATTENTION_EVENT mode=lut-exp layout=serial phase=measure iteration=0 component=k_load component_id=2 lut_exp=1 scna_layout=0 scna_width=0 qo_len=4 kv_len=4096 n_heads=12 n_kv_heads=2 head_dim=128 kv_head=0 worker=1 block_r=0 block_c=0 t0_us=260176974557 t1_us=260176974577 dur_us=20
FIG8_ATTENTION_EVENT mode=lut-exp layout=serial phase=measure iteration=0 component=qk_dot component_id=4 lut_exp=1 scna_layout=0 scna_width=0 qo_len=4 kv_len=4096 n_heads=12 n_kv_heads=2 head_dim=128 kv_head=0 worker=1 block_r=0 block_c=0 t0_us=260176974577 t1_us=260176974578 dur_us=0
FIG8_ATTENTION_EVENT mode=lut-exp layout=serial phase=measure iteration=0 component=safe_sm component_id=5 lut_exp=1 scna_layout=0 scna_width=0 qo_len=4 kv_len=4096 n_heads=12 n_kv_heads=2 head_dim=128 kv_head=0 worker=1 block_r=0 block_c=0 t0_us=260176974578 t1_us=260176974598 dur_us=19
FIG8_ATTENTION_EVENT mode=lut-exp layout=serial phase=measure iteration=0 component=v_load component_id=3 lut_exp=1 scna_layout=0 scna_width=0 qo_len=4 kv_len=4096 n_heads=12 n_kv_heads=2 head_dim=128 kv_head=0 worker=1 block_r=0 block_c=0 t0_us=260176974598 t1_us=260176974626 dur_us=28
FIG8_ATTENTION_EVENT mode=lut-exp layout=serial phase=measure iteration=0 component=core_acc component_id=6 lut_exp=1 scna_layout=0 scna_width=0 qo_len=4 kv_len=4096 n_heads=12 n_kv_heads=2 head_dim=128 kv_head=0 worker=1 block_r=0 block_c=0 t0_us=260176974627 t1_us=260176974630 dur_us=2
FIG8_ATTENTION_EVENT mode=lut-exp layout=serial phase=measure iteration=0 component=k_load component_id=2 lut_exp=1 scna_layout=0 scna_width=0 qo_len=4 kv_len=4096 n_heads=12 n_kv_heads=2 head_dim=128 kv_head=0 worker=1 block_r=0 block_c=1280 t0_us=260176974630 t1_us=260176974652 dur_us=21
FIG8_ATTENTION_EVENT mode=lut-exp layout=serial phase=measure iteration=0 component=qk_dot component_id=4 lut_exp=1 scna_layout=0 scna_width=0 qo_len=4 kv_len=4096 n_heads=12 n_kv_heads=2 head_dim=128 kv_head=0 worker=1 block_r=0 block_c=1280 t0_us=260176974652 t1_us=260176974653 dur_us=0
FIG8_ATTENTION_EVENT mode=lut-exp layout=serial phase=measure iteration=0 component=safe_sm component_id=5 lut_exp=1 scna_layout=0 scna_width=0 qo_len=4 kv_len=4096 n_heads=12 n_kv_heads=2 head_dim=128 kv_head=0 worker=1 block_r=0 block_c=1280 t0_us=260176974654 t1_us=260176974671 dur_us=17
FIG8_ATTENTION_EVENT mode=lut-exp layout=serial phase=measure iteration=0 component=v_load component_id=3 lut_exp=1 scna_layout=0 scna_width=0 qo_len=4 kv_len=4096 n_heads=12 n_kv_heads=2 head_dim=128 kv_head=0 worker=1 block_r=0 block_c=1280 t0_us=260176974671 t1_us=260176974693 dur_us=21
FIG8_ATTENTION_EVENT mode=lut-exp layout=serial phase=measure iteration=0 component=core_acc component_id=6 lut_exp=1 scna_layout=0 scna_width=0 qo_len=4 kv_len=4096 n_heads=12 n_kv_heads=2 head_dim=128 kv_head=0 worker=1 block_r=0 block_c=1280 t0_us=260176974693 t1_us=260176974694 dur_us=0
FIG8_ATTENTION_EVENT mode=lut-exp layout=serial phase=measure iteration=0 component=k_load component_id=2 lut_exp=1 scna_layout=0 scna_width=0 qo_len=4 kv_len=4096 n_heads=12 n_kv_heads=2 head_dim=128 kv_head=0 worker=1 block_r=0 block_c=2560 t0_us=260176974694 t1_us=260176974716 dur_us=21
FIG8_ATTENTION_EVENT mode=lut-exp layout=serial phase=measure iteration=0 component=qk_dot component_id=4 lut_exp=1 scna_layout=0 scna_width=0 qo_len=4 kv_len=4096 n_heads=12 n_kv_heads=2 head_dim=128 kv_head=0 worker=1 block_r=0 block_c=2560 t0_us=260176974716 t1_us=260176974716 dur_us=0
FIG8_ATTENTION_EVENT mode=lut-exp layout=serial phase=measure iteration=0 component=safe_sm component_id=5 lut_exp=1 scna_layout=0 scna_width=0 qo_len=4 kv_len=4096 n_heads=12 n_kv_heads=2 head_dim=128 kv_head=0 worker=1 block_r=0 block_c=2560 t0_us=260176974716 t1_us=260176974735 dur_us=18
FIG8_ATTENTION_EVENT mode=lut-exp layout=serial phase=measure iteration=0 component=v_load component_id=3 lut_exp=1 scna_layout=0 scna_width=0 qo_len=4 kv_len=4096 n_heads=12 n_kv_heads=2 head_dim=128 kv_head=0 worker=1 block_r=0 block_c=2560 t0_us=260176974735 t1_us=260176974761 dur_us=25
FIG8_ATTENTION_EVENT mode=lut-exp layout=serial phase=measure iteration=0 component=core_acc component_id=6 lut_exp=1 scna_layout=0 scna_width=0 qo_len=4 kv_len=4096 n_heads=12 n_kv_heads=2 head_dim=128 kv_head=0 worker=1 block_r=0 block_c=2560 t0_us=260176974761 t1_us=260176974762 dur_us=1
FIG8_ATTENTION_EVENT mode=lut-exp layout=serial phase=measure iteration=0 component=k_load component_id=2 lut_exp=1 scna_layout=0 scna_width=0 qo_len=4 kv_len=4096 n_heads=12 n_kv_heads=2 head_dim=128 kv_head=0 worker=1 block_r=0 block_c=3840 t0_us=260176974762 t1_us=260176974767 dur_us=4
FIG8_ATTENTION_EVENT mode=lut-exp layout=serial phase=measure iteration=0 component=qk_dot component_id=4 lut_exp=1 scna_layout=0 scna_width=0 qo_len=4 kv_len=4096 n_heads=12 n_kv_heads=2 head_dim=128 kv_head=0 worker=1 block_r=0 block_c=3840 t0_us=260176974767 t1_us=260176974767 dur_us=0
FIG8_ATTENTION_EVENT mode=lut-exp layout=serial phase=measure iteration=0 component=safe_sm component_id=5 lut_exp=1 scna_layout=0 scna_width=0 qo_len=4 kv_len=4096 n_heads=12 n_kv_heads=2 head_dim=128 kv_head=0 worker=1 block_r=0 block_c=3840 t0_us=260176974767 t1_us=260176974773 dur_us=6
FIG8_ATTENTION_EVENT mode=lut-exp layout=serial phase=measure iteration=0 component=v_load component_id=3 lut_exp=1 scna_layout=0 scna_width=0 qo_len=4 kv_len=4096 n_heads=12 n_kv_heads=2 head_dim=128 kv_head=0 worker=1 block_r=0 block_c=3840 t0_us=260176974773 t1_us=260176974776 dur_us=2
FIG8_ATTENTION_EVENT mode=lut-exp layout=serial phase=measure iteration=0 component=core_acc component_id=6 lut_exp=1 scna_layout=0 scna_width=0 qo_len=4 kv_len=4096 n_heads=12 n_kv_heads=2 head_dim=128 kv_head=0 worker=1 block_r=0 block_c=3840 t0_us=260176974776 t1_us=260176974776 dur_us=0
FIG8_ATTENTION_EVENT mode=lut-exp layout=serial phase=measure iteration=0 component=o_scale component_id=7 lut_exp=1 scna_layout=0 scna_width=0 qo_len=4 kv_len=4096 n_heads=12 n_kv_heads=2 head_dim=128 kv_head=0 worker=1 block_r=0 block_c=-1 t0_us=260176974776 t1_us=260176974778 dur_us=1
FIG8_ATTENTION_EVENT mode=lut-exp layout=serial phase=measure iteration=0 component=o_store component_id=8 lut_exp=1 scna_layout=0 scna_width=0 qo_len=4 kv_len=4096 n_heads=12 n_kv_heads=2 head_dim=128 kv_head=0 worker=1 block_r=0 block_c=-1 t0_us=260176974778 t1_us=260176974780 dur_us=1
FIG8_ATTENTION_EVENT mode=lut-exp layout=serial phase=measure iteration=0 component=q_load component_id=1 lut_exp=1 scna_layout=0 scna_width=0 qo_len=4 kv_len=4096 n_heads=12 n_kv_heads=2 head_dim=128 kv_head=1 worker=1 block_r=0 block_c=-1 t0_us=260176974822 t1_us=260176974824 dur_us=1
FIG8_ATTENTION_EVENT mode=lut-exp layout=serial phase=measure iteration=0 component=k_load component_id=2 lut_exp=1 scna_layout=0 scna_width=0 qo_len=4 kv_len=4096 n_heads=12 n_kv_heads=2 head_dim=128 kv_head=1 worker=1 block_r=0 block_c=0 t0_us=260176974825 t1_us=260176974846 dur_us=21
FIG8_ATTENTION_EVENT mode=lut-exp layout=serial phase=measure iteration=0 component=qk_dot component_id=4 lut_exp=1 scna_layout=0 scna_width=0 qo_len=4 kv_len=4096 n_heads=12 n_kv_heads=2 head_dim=128 kv_head=1 worker=1 block_r=0 block_c=0 t0_us=260176974846 t1_us=260176974847 dur_us=1
FIG8_ATTENTION_EVENT mode=lut-exp layout=serial phase=measure iteration=0 component=safe_sm component_id=5 lut_exp=1 scna_layout=0 scna_width=0 qo_len=4 kv_len=4096 n_heads=12 n_kv_heads=2 head_dim=128 kv_head=1 worker=1 block_r=0 block_c=0 t0_us=260176974848 t1_us=260176974866 dur_us=18
FIG8_ATTENTION_EVENT mode=lut-exp layout=serial phase=measure iteration=0 component=v_load component_id=3 lut_exp=1 scna_layout=0 scna_width=0 qo_len=4 kv_len=4096 n_heads=12 n_kv_heads=2 head_dim=128 kv_head=1 worker=1 block_r=0 block_c=0 t0_us=260176974866 t1_us=260176974892 dur_us=25
FIG8_ATTENTION_EVENT mode=lut-exp layout=serial phase=measure iteration=0 component=core_acc component_id=6 lut_exp=1 scna_layout=0 scna_width=0 qo_len=4 kv_len=4096 n_heads=12 n_kv_heads=2 head_dim=128 kv_head=1 worker=1 block_r=0 block_c=0 t0_us=260176974892 t1_us=260176974894 dur_us=1
FIG8_ATTENTION_EVENT mode=lut-exp layout=serial phase=measure iteration=0 component=k_load component_id=2 lut_exp=1 scna_layout=0 scna_width=0 qo_len=4 kv_len=4096 n_heads=12 n_kv_heads=2 head_dim=128 kv_head=1 worker=1 block_r=0 block_c=1280 t0_us=260176974895 t1_us=260176974917 dur_us=22
FIG8_ATTENTION_EVENT mode=lut-exp layout=serial phase=measure iteration=0 component=qk_dot component_id=4 lut_exp=1 scna_layout=0 scna_width=0 qo_len=4 kv_len=4096 n_heads=12 n_kv_heads=2 head_dim=128 kv_head=1 worker=1 block_r=0 block_c=1280 t0_us=260176974917 t1_us=260176974917 dur_us=0
FIG8_ATTENTION_EVENT mode=lut-exp layout=serial phase=measure iteration=0 component=safe_sm component_id=5 lut_exp=1 scna_layout=0 scna_width=0 qo_len=4 kv_len=4096 n_heads=12 n_kv_heads=2 head_dim=128 kv_head=1 worker=1 block_r=0 block_c=1280 t0_us=260176974917 t1_us=260176974936 dur_us=18
FIG8_ATTENTION_EVENT mode=lut-exp layout=serial phase=measure iteration=0 component=v_load component_id=3 lut_exp=1 scna_layout=0 scna_width=0 qo_len=4 kv_len=4096 n_heads=12 n_kv_heads=2 head_dim=128 kv_head=1 worker=1 block_r=0 block_c=1280 t0_us=260176974936 t1_us=260176974959 dur_us=23
FIG8_ATTENTION_EVENT mode=lut-exp layout=serial phase=measure iteration=0 component=core_acc component_id=6 lut_exp=1 scna_layout=0 scna_width=0 qo_len=4 kv_len=4096 n_heads=12 n_kv_heads=2 head_dim=128 kv_head=1 worker=1 block_r=0 block_c=1280 t0_us=260176974959 t1_us=260176974960 dur_us=0
FIG8_ATTENTION_EVENT mode=lut-exp layout=serial phase=measure iteration=0 component=k_load component_id=2 lut_exp=1 scna_layout=0 scna_width=0 qo_len=4 kv_len=4096 n_heads=12 n_kv_heads=2 head_dim=128 kv_head=1 worker=1 block_r=0 block_c=2560 t0_us=260176974960 t1_us=260176974982 dur_us=22
FIG8_ATTENTION_EVENT mode=lut-exp layout=serial phase=measure iteration=0 component=qk_dot component_id=4 lut_exp=1 scna_layout=0 scna_width=0 qo_len=4 kv_len=4096 n_heads=12 n_kv_heads=2 head_dim=128 kv_head=1 worker=1 block_r=0 block_c=2560 t0_us=260176974982 t1_us=260176974983 dur_us=0
FIG8_ATTENTION_EVENT mode=lut-exp layout=serial phase=measure iteration=0 component=safe_sm component_id=5 lut_exp=1 scna_layout=0 scna_width=0 qo_len=4 kv_len=4096 n_heads=12 n_kv_heads=2 head_dim=128 kv_head=1 worker=1 block_r=0 block_c=2560 t0_us=260176974983 t1_us=260176975001 dur_us=17
FIG8_ATTENTION_EVENT mode=lut-exp layout=serial phase=measure iteration=0 component=v_load component_id=3 lut_exp=1 scna_layout=0 scna_width=0 qo_len=4 kv_len=4096 n_heads=12 n_kv_heads=2 head_dim=128 kv_head=1 worker=1 block_r=0 block_c=2560 t0_us=260176975001 t1_us=260176975024 dur_us=23
FIG8_ATTENTION_EVENT mode=lut-exp layout=serial phase=measure iteration=0 component=core_acc component_id=6 lut_exp=1 scna_layout=0 scna_width=0 qo_len=4 kv_len=4096 n_heads=12 n_kv_heads=2 head_dim=128 kv_head=1 worker=1 block_r=0 block_c=2560 t0_us=260176975024 t1_us=260176975025 dur_us=0
FIG8_ATTENTION_EVENT mode=lut-exp layout=serial phase=measure iteration=0 component=k_load component_id=2 lut_exp=1 scna_layout=0 scna_width=0 qo_len=4 kv_len=4096 n_heads=12 n_kv_heads=2 head_dim=128 kv_head=1 worker=1 block_r=0 block_c=3840 t0_us=260176975025 t1_us=260176975029 dur_us=4
FIG8_ATTENTION_EVENT mode=lut-exp layout=serial phase=measure iteration=0 component=qk_dot component_id=4 lut_exp=1 scna_layout=0 scna_width=0 qo_len=4 kv_len=4096 n_heads=12 n_kv_heads=2 head_dim=128 kv_head=1 worker=1 block_r=0 block_c=3840 t0_us=260176975029 t1_us=260176975030 dur_us=0
FIG8_ATTENTION_EVENT mode=lut-exp layout=serial phase=measure iteration=0 component=safe_sm component_id=5 lut_exp=1 scna_layout=0 scna_width=0 qo_len=4 kv_len=4096 n_heads=12 n_kv_heads=2 head_dim=128 kv_head=1 worker=1 block_r=0 block_c=3840 t0_us=260176975030 t1_us=260176975035 dur_us=5
FIG8_ATTENTION_EVENT mode=lut-exp layout=serial phase=measure iteration=0 component=v_load component_id=3 lut_exp=1 scna_layout=0 scna_width=0 qo_len=4 kv_len=4096 n_heads=12 n_kv_heads=2 head_dim=128 kv_head=1 worker=1 block_r=0 block_c=3840 t0_us=260176975036 t1_us=260176975038 dur_us=2
FIG8_ATTENTION_EVENT mode=lut-exp layout=serial phase=measure iteration=0 component=core_acc component_id=6 lut_exp=1 scna_layout=0 scna_width=0 qo_len=4 kv_len=4096 n_heads=12 n_kv_heads=2 head_dim=128 kv_head=1 worker=1 block_r=0 block_c=3840 t0_us=260176975038 t1_us=260176975038 dur_us=0
FIG8_ATTENTION_EVENT mode=lut-exp layout=serial phase=measure iteration=0 component=o_scale component_id=7 lut_exp=1 scna_layout=0 scna_width=0 qo_len=4 kv_len=4096 n_heads=12 n_kv_heads=2 head_dim=128 kv_head=1 worker=1 block_r=0 block_c=-1 t0_us=260176975039 t1_us=260176975040 dur_us=1
FIG8_ATTENTION_EVENT mode=lut-exp layout=serial phase=measure iteration=0 component=o_store component_id=8 lut_exp=1 scna_layout=0 scna_width=0 qo_len=4 kv_len=4096 n_heads=12 n_kv_heads=2 head_dim=128 kv_head=1 worker=1 block_r=0 block_c=-1 t0_us=260176975040 t1_us=260176975042 dur_us=2
FIG8_ATTENTION_EVENT mode=lut-exp layout=serial phase=measure iteration=0 component=q_load component_id=1 lut_exp=1 scna_layout=0 scna_width=0 qo_len=4 kv_len=4096 n_heads=12 n_kv_heads=2 head_dim=128 kv_head=0 worker=1 block_r=0 block_c=-1 t0_us=260176975082 t1_us=260176975084 dur_us=1
FIG8_ATTENTION_EVENT mode=lut-exp layout=serial phase=measure iteration=0 component=k_load component_id=2 lut_exp=1 scna_layout=0 scna_width=0 qo_len=4 kv_len=4096 n_heads=12 n_kv_heads=2 head_dim=128 kv_head=0 worker=1 block_r=0 block_c=0 t0_us=260176975085 t1_us=260176975105 dur_us=20
FIG8_ATTENTION_EVENT mode=lut-exp layout=serial phase=measure iteration=0 component=qk_dot component_id=4 lut_exp=1 scna_layout=0 scna_width=0 qo_len=4 kv_len=4096 n_heads=12 n_kv_heads=2 head_dim=128 kv_head=0 worker=1 block_r=0 block_c=0 t0_us=260176975106 t1_us=260176975106 dur_us=0
FIG8_ATTENTION_EVENT mode=lut-exp layout=serial phase=measure iteration=0 component=safe_sm component_id=5 lut_exp=1 scna_layout=0 scna_width=0 qo_len=4 kv_len=4096 n_heads=12 n_kv_heads=2 head_dim=128 kv_head=0 worker=1 block_r=0 block_c=0 t0_us=260176975107 t1_us=260176975126 dur_us=18
FIG8_ATTENTION_EVENT mode=lut-exp layout=serial phase=measure iteration=0 component=v_load component_id=3 lut_exp=1 scna_layout=0 scna_width=0 qo_len=4 kv_len=4096 n_heads=12 n_kv_heads=2 head_dim=128 kv_head=0 worker=1 block_r=0 block_c=0 t0_us=260176975126 t1_us=260176975144 dur_us=17
FIG8_ATTENTION_EVENT mode=lut-exp layout=serial phase=measure iteration=0 component=core_acc component_id=6 lut_exp=1 scna_layout=0 scna_width=0 qo_len=4 kv_len=4096 n_heads=12 n_kv_heads=2 head_dim=128 kv_head=0 worker=1 block_r=0 block_c=0 t0_us=260176975144 t1_us=260176975146 dur_us=2
FIG8_ATTENTION_EVENT mode=lut-exp layout=serial phase=measure iteration=0 component=k_load component_id=2 lut_exp=1 scna_layout=0 scna_width=0 qo_len=4 kv_len=4096 n_heads=12 n_kv_heads=2 head_dim=128 kv_head=0 worker=1 block_r=0 block_c=1280 t0_us=260176975147 t1_us=260176975169 dur_us=21
FIG8_ATTENTION_EVENT mode=lut-exp layout=serial phase=measure iteration=0 component=qk_dot component_id=4 lut_exp=1 scna_layout=0 scna_width=0 qo_len=4 kv_len=4096 n_heads=12 n_kv_heads=2 head_dim=128 kv_head=0 worker=1 block_r=0 block_c=1280 t0_us=260176975169 t1_us=260176975169 dur_us=0
FIG8_ATTENTION_EVENT mode=lut-exp layout=serial phase=measure iteration=0 component=safe_sm component_id=5 lut_exp=1 scna_layout=0 scna_width=0 qo_len=4 kv_len=4096 n_heads=12 n_kv_heads=2 head_dim=128 kv_head=0 worker=1 block_r=0 block_c=1280 t0_us=260176975169 t1_us=260176975187 dur_us=17
FIG8_ATTENTION_EVENT mode=lut-exp layout=serial phase=measure iteration=0 component=v_load component_id=3 lut_exp=1 scna_layout=0 scna_width=0 qo_len=4 kv_len=4096 n_heads=12 n_kv_heads=2 head_dim=128 kv_head=0 worker=1 block_r=0 block_c=1280 t0_us=260176975187 t1_us=260176975211 dur_us=23
FIG8_ATTENTION_EVENT mode=lut-exp layout=serial phase=measure iteration=0 component=core_acc component_id=6 lut_exp=1 scna_layout=0 scna_width=0 qo_len=4 kv_len=4096 n_heads=12 n_kv_heads=2 head_dim=128 kv_head=0 worker=1 block_r=0 block_c=1280 t0_us=260176975211 t1_us=260176975212 dur_us=0
FIG8_ATTENTION_EVENT mode=lut-exp layout=serial phase=measure iteration=0 component=k_load component_id=2 lut_exp=1 scna_layout=0 scna_width=0 qo_len=4 kv_len=4096 n_heads=12 n_kv_heads=2 head_dim=128 kv_head=0 worker=1 block_r=0 block_c=2560 t0_us=260176975212 t1_us=260176975233 dur_us=20
FIG8_ATTENTION_EVENT mode=lut-exp layout=serial phase=measure iteration=0 component=qk_dot component_id=4 lut_exp=1 scna_layout=0 scna_width=0 qo_len=4 kv_len=4096 n_heads=12 n_kv_heads=2 head_dim=128 kv_head=0 worker=1 block_r=0 block_c=2560 t0_us=260176975233 t1_us=260176975233 dur_us=0
FIG8_ATTENTION_EVENT mode=lut-exp layout=serial phase=measure iteration=0 component=safe_sm component_id=5 lut_exp=1 scna_layout=0 scna_width=0 qo_len=4 kv_len=4096 n_heads=12 n_kv_heads=2 head_dim=128 kv_head=0 worker=1 block_r=0 block_c=2560 t0_us=260176975233 t1_us=260176975251 dur_us=17
FIG8_ATTENTION_EVENT mode=lut-exp layout=serial phase=measure iteration=0 component=v_load component_id=3 lut_exp=1 scna_layout=0 scna_width=0 qo_len=4 kv_len=4096 n_heads=12 n_kv_heads=2 head_dim=128 kv_head=0 worker=1 block_r=0 block_c=2560 t0_us=260176975251 t1_us=260176975277 dur_us=26
FIG8_ATTENTION_EVENT mode=lut-exp layout=serial phase=measure iteration=0 component=core_acc component_id=6 lut_exp=1 scna_layout=0 scna_width=0 qo_len=4 kv_len=4096 n_heads=12 n_kv_heads=2 head_dim=128 kv_head=0 worker=1 block_r=0 block_c=2560 t0_us=260176975278 t1_us=260176975278 dur_us=0
FIG8_ATTENTION_EVENT mode=lut-exp layout=serial phase=measure iteration=0 component=k_load component_id=2 lut_exp=1 scna_layout=0 scna_width=0 qo_len=4 kv_len=4096 n_heads=12 n_kv_heads=2 head_dim=128 kv_head=0 worker=1 block_r=0 block_c=3840 t0_us=260176975278 t1_us=260176975283 dur_us=4
FIG8_ATTENTION_EVENT mode=lut-exp layout=serial phase=measure iteration=0 component=qk_dot component_id=4 lut_exp=1 scna_layout=0 scna_width=0 qo_len=4 kv_len=4096 n_heads=12 n_kv_heads=2 head_dim=128 kv_head=0 worker=1 block_r=0 block_c=3840 t0_us=260176975283 t1_us=260176975283 dur_us=0
FIG8_ATTENTION_EVENT mode=lut-exp layout=serial phase=measure iteration=0 component=safe_sm component_id=5 lut_exp=1 scna_layout=0 scna_width=0 qo_len=4 kv_len=4096 n_heads=12 n_kv_heads=2 head_dim=128 kv_head=0 worker=1 block_r=0 block_c=3840 t0_us=260176975283 t1_us=260176975289 dur_us=5
FIG8_ATTENTION_EVENT mode=lut-exp layout=serial phase=measure iteration=0 component=v_load component_id=3 lut_exp=1 scna_layout=0 scna_width=0 qo_len=4 kv_len=4096 n_heads=12 n_kv_heads=2 head_dim=128 kv_head=0 worker=1 block_r=0 block_c=3840 t0_us=260176975289 t1_us=260176975291 dur_us=2
FIG8_ATTENTION_EVENT mode=lut-exp layout=serial phase=measure iteration=0 component=core_acc component_id=6 lut_exp=1 scna_layout=0 scna_width=0 qo_len=4 kv_len=4096 n_heads=12 n_kv_heads=2 head_dim=128 kv_head=0 worker=1 block_r=0 block_c=3840 t0_us=260176975291 t1_us=260176975291 dur_us=0
FIG8_ATTENTION_EVENT mode=lut-exp layout=serial phase=measure iteration=0 component=o_scale component_id=7 lut_exp=1 scna_layout=0 scna_width=0 qo_len=4 kv_len=4096 n_heads=12 n_kv_heads=2 head_dim=128 kv_head=0 worker=1 block_r=0 block_c=-1 t0_us=260176975292 t1_us=260176975293 dur_us=1
FIG8_ATTENTION_EVENT mode=lut-exp layout=serial phase=measure iteration=0 component=o_store component_id=8 lut_exp=1 scna_layout=0 scna_width=0 qo_len=4 kv_len=4096 n_heads=12 n_kv_heads=2 head_dim=128 kv_head=0 worker=1 block_r=0 block_c=-1 t0_us=260176975293 t1_us=260176975295 dur_us=1
FIG8_ATTENTION_EVENT mode=lut-exp layout=serial phase=measure iteration=0 component=q_load component_id=1 lut_exp=1 scna_layout=0 scna_width=0 qo_len=4 kv_len=4096 n_heads=12 n_kv_heads=2 head_dim=128 kv_head=1 worker=1 block_r=0 block_c=-1 t0_us=260176975333 t1_us=260176975335 dur_us=1
FIG8_ATTENTION_EVENT mode=lut-exp layout=serial phase=measure iteration=0 component=k_load component_id=2 lut_exp=1 scna_layout=0 scna_width=0 qo_len=4 kv_len=4096 n_heads=12 n_kv_heads=2 head_dim=128 kv_head=1 worker=1 block_r=0 block_c=0 t0_us=260176975336 t1_us=260176975357 dur_us=20
FIG8_ATTENTION_EVENT mode=lut-exp layout=serial phase=measure iteration=0 component=qk_dot component_id=4 lut_exp=1 scna_layout=0 scna_width=0 qo_len=4 kv_len=4096 n_heads=12 n_kv_heads=2 head_dim=128 kv_head=1 worker=1 block_r=0 block_c=0 t0_us=260176975357 t1_us=260176975358 dur_us=1
FIG8_ATTENTION_EVENT mode=lut-exp layout=serial phase=measure iteration=0 component=safe_sm component_id=5 lut_exp=1 scna_layout=0 scna_width=0 qo_len=4 kv_len=4096 n_heads=12 n_kv_heads=2 head_dim=128 kv_head=1 worker=1 block_r=0 block_c=0 t0_us=260176975359 t1_us=260176975377 dur_us=18
FIG8_ATTENTION_EVENT mode=lut-exp layout=serial phase=measure iteration=0 component=v_load component_id=3 lut_exp=1 scna_layout=0 scna_width=0 qo_len=4 kv_len=4096 n_heads=12 n_kv_heads=2 head_dim=128 kv_head=1 worker=1 block_r=0 block_c=0 t0_us=260176975378 t1_us=260176975396 dur_us=18
FIG8_ATTENTION_EVENT mode=lut-exp layout=serial phase=measure iteration=0 component=core_acc component_id=6 lut_exp=1 scna_layout=0 scna_width=0 qo_len=4 kv_len=4096 n_heads=12 n_kv_heads=2 head_dim=128 kv_head=1 worker=1 block_r=0 block_c=0 t0_us=260176975396 t1_us=260176975398 dur_us=1
FIG8_ATTENTION_EVENT mode=lut-exp layout=serial phase=measure iteration=0 component=k_load component_id=2 lut_exp=1 scna_layout=0 scna_width=0 qo_len=4 kv_len=4096 n_heads=12 n_kv_heads=2 head_dim=128 kv_head=1 worker=1 block_r=0 block_c=1280 t0_us=260176975398 t1_us=260176975421 dur_us=22
FIG8_ATTENTION_EVENT mode=lut-exp layout=serial phase=measure iteration=0 component=qk_dot component_id=4 lut_exp=1 scna_layout=0 scna_width=0 qo_len=4 kv_len=4096 n_heads=12 n_kv_heads=2 head_dim=128 kv_head=1 worker=1 block_r=0 block_c=1280 t0_us=260176975421 t1_us=260176975421 dur_us=0
FIG8_ATTENTION_EVENT mode=lut-exp layout=serial phase=measure iteration=0 component=safe_sm component_id=5 lut_exp=1 scna_layout=0 scna_width=0 qo_len=4 kv_len=4096 n_heads=12 n_kv_heads=2 head_dim=128 kv_head=1 worker=1 block_r=0 block_c=1280 t0_us=260176975421 t1_us=260176975439 dur_us=17
FIG8_ATTENTION_EVENT mode=lut-exp layout=serial phase=measure iteration=0 component=v_load component_id=3 lut_exp=1 scna_layout=0 scna_width=0 qo_len=4 kv_len=4096 n_heads=12 n_kv_heads=2 head_dim=128 kv_head=1 worker=1 block_r=0 block_c=1280 t0_us=260176975439 t1_us=260176975464 dur_us=24
FIG8_ATTENTION_EVENT mode=lut-exp layout=serial phase=measure iteration=0 component=core_acc component_id=6 lut_exp=1 scna_layout=0 scna_width=0 qo_len=4 kv_len=4096 n_heads=12 n_kv_heads=2 head_dim=128 kv_head=1 worker=1 block_r=0 block_c=1280 t0_us=260176975464 t1_us=260176975465 dur_us=0
FIG8_ATTENTION_EVENT mode=lut-exp layout=serial phase=measure iteration=0 component=k_load component_id=2 lut_exp=1 scna_layout=0 scna_width=0 qo_len=4 kv_len=4096 n_heads=12 n_kv_heads=2 head_dim=128 kv_head=1 worker=1 block_r=0 block_c=2560 t0_us=260176975465 t1_us=260176975485 dur_us=20
FIG8_ATTENTION_EVENT mode=lut-exp layout=serial phase=measure iteration=0 component=qk_dot component_id=4 lut_exp=1 scna_layout=0 scna_width=0 qo_len=4 kv_len=4096 n_heads=12 n_kv_heads=2 head_dim=128 kv_head=1 worker=1 block_r=0 block_c=2560 t0_us=260176975485 t1_us=260176975486 dur_us=0
FIG8_ATTENTION_EVENT mode=lut-exp layout=serial phase=measure iteration=0 component=safe_sm component_id=5 lut_exp=1 scna_layout=0 scna_width=0 qo_len=4 kv_len=4096 n_heads=12 n_kv_heads=2 head_dim=128 kv_head=1 worker=1 block_r=0 block_c=2560 t0_us=260176975486 t1_us=260176975504 dur_us=17
FIG8_ATTENTION_EVENT mode=lut-exp layout=serial phase=measure iteration=0 component=v_load component_id=3 lut_exp=1 scna_layout=0 scna_width=0 qo_len=4 kv_len=4096 n_heads=12 n_kv_heads=2 head_dim=128 kv_head=1 worker=1 block_r=0 block_c=2560 t0_us=260176975504 t1_us=260176975530 dur_us=26
FIG8_ATTENTION_EVENT mode=lut-exp layout=serial phase=measure iteration=0 component=core_acc component_id=6 lut_exp=1 scna_layout=0 scna_width=0 qo_len=4 kv_len=4096 n_heads=12 n_kv_heads=2 head_dim=128 kv_head=1 worker=1 block_r=0 block_c=2560 t0_us=260176975530 t1_us=260176975531 dur_us=0
FIG8_ATTENTION_EVENT mode=lut-exp layout=serial phase=measure iteration=0 component=k_load component_id=2 lut_exp=1 scna_layout=0 scna_width=0 qo_len=4 kv_len=4096 n_heads=12 n_kv_heads=2 head_dim=128 kv_head=1 worker=1 block_r=0 block_c=3840 t0_us=260176975531 t1_us=260176975536 dur_us=4
FIG8_ATTENTION_EVENT mode=lut-exp layout=serial phase=measure iteration=0 component=qk_dot component_id=4 lut_exp=1 scna_layout=0 scna_width=0 qo_len=4 kv_len=4096 n_heads=12 n_kv_heads=2 head_dim=128 kv_head=1 worker=1 block_r=0 block_c=3840 t0_us=260176975536 t1_us=260176975536 dur_us=0
FIG8_ATTENTION_EVENT mode=lut-exp layout=serial phase=measure iteration=0 component=safe_sm component_id=5 lut_exp=1 scna_layout=0 scna_width=0 qo_len=4 kv_len=4096 n_heads=12 n_kv_heads=2 head_dim=128 kv_head=1 worker=1 block_r=0 block_c=3840 t0_us=260176975536 t1_us=260176975542 dur_us=5
FIG8_ATTENTION_EVENT mode=lut-exp layout=serial phase=measure iteration=0 component=v_load component_id=3 lut_exp=1 scna_layout=0 scna_width=0 qo_len=4 kv_len=4096 n_heads=12 n_kv_heads=2 head_dim=128 kv_head=1 worker=1 block_r=0 block_c=3840 t0_us=260176975542 t1_us=260176975544 dur_us=2
FIG8_ATTENTION_EVENT mode=lut-exp layout=serial phase=measure iteration=0 component=core_acc component_id=6 lut_exp=1 scna_layout=0 scna_width=0 qo_len=4 kv_len=4096 n_heads=12 n_kv_heads=2 head_dim=128 kv_head=1 worker=1 block_r=0 block_c=3840 t0_us=260176975544 t1_us=260176975545 dur_us=0
FIG8_ATTENTION_EVENT mode=lut-exp layout=serial phase=measure iteration=0 component=o_scale component_id=7 lut_exp=1 scna_layout=0 scna_width=0 qo_len=4 kv_len=4096 n_heads=12 n_kv_heads=2 head_dim=128 kv_head=1 worker=1 block_r=0 block_c=-1 t0_us=260176975545 t1_us=260176975546 dur_us=1
FIG8_ATTENTION_EVENT mode=lut-exp layout=serial phase=measure iteration=0 component=o_store component_id=8 lut_exp=1 scna_layout=0 scna_width=0 qo_len=4 kv_len=4096 n_heads=12 n_kv_heads=2 head_dim=128 kv_head=1 worker=1 block_r=0 block_c=-1 t0_us=260176975546 t1_us=260176975549 dur_us=2
FIG8_ATTENTION_EVENT mode=lut-exp layout=serial phase=measure iteration=0 component=q_load component_id=1 lut_exp=1 scna_layout=0 scna_width=0 qo_len=4 kv_len=4096 n_heads=12 n_kv_heads=2 head_dim=128 kv_head=0 worker=1 block_r=0 block_c=-1 t0_us=260176975587 t1_us=260176975588 dur_us=1
FIG8_ATTENTION_EVENT mode=lut-exp layout=serial phase=measure iteration=0 component=k_load component_id=2 lut_exp=1 scna_layout=0 scna_width=0 qo_len=4 kv_len=4096 n_heads=12 n_kv_heads=2 head_dim=128 kv_head=0 worker=1 block_r=0 block_c=0 t0_us=260176975589 t1_us=260176975610 dur_us=20
FIG8_ATTENTION_EVENT mode=lut-exp layout=serial phase=measure iteration=0 component=qk_dot component_id=4 lut_exp=1 scna_layout=0 scna_width=0 qo_len=4 kv_len=4096 n_heads=12 n_kv_heads=2 head_dim=128 kv_head=0 worker=1 block_r=0 block_c=0 t0_us=260176975611 t1_us=260176975611 dur_us=0
FIG8_ATTENTION_EVENT mode=lut-exp layout=serial phase=measure iteration=0 component=safe_sm component_id=5 lut_exp=1 scna_layout=0 scna_width=0 qo_len=4 kv_len=4096 n_heads=12 n_kv_heads=2 head_dim=128 kv_head=0 worker=1 block_r=0 block_c=0 t0_us=260176975612 t1_us=260176975631 dur_us=19
FIG8_ATTENTION_EVENT mode=lut-exp layout=serial phase=measure iteration=0 component=v_load component_id=3 lut_exp=1 scna_layout=0 scna_width=0 qo_len=4 kv_len=4096 n_heads=12 n_kv_heads=2 head_dim=128 kv_head=0 worker=1 block_r=0 block_c=0 t0_us=260176975631 t1_us=260176975649 dur_us=17
FIG8_ATTENTION_EVENT mode=lut-exp layout=serial phase=measure iteration=0 component=core_acc component_id=6 lut_exp=1 scna_layout=0 scna_width=0 qo_len=4 kv_len=4096 n_heads=12 n_kv_heads=2 head_dim=128 kv_head=0 worker=1 block_r=0 block_c=0 t0_us=260176975650 t1_us=260176975654 dur_us=3
FIG8_ATTENTION_EVENT mode=lut-exp layout=serial phase=measure iteration=0 component=k_load component_id=2 lut_exp=1 scna_layout=0 scna_width=0 qo_len=4 kv_len=4096 n_heads=12 n_kv_heads=2 head_dim=128 kv_head=0 worker=1 block_r=0 block_c=1280 t0_us=260176975654 t1_us=260176975677 dur_us=22
FIG8_ATTENTION_EVENT mode=lut-exp layout=serial phase=measure iteration=0 component=qk_dot component_id=4 lut_exp=1 scna_layout=0 scna_width=0 qo_len=4 kv_len=4096 n_heads=12 n_kv_heads=2 head_dim=128 kv_head=0 worker=1 block_r=0 block_c=1280 t0_us=260176975677 t1_us=260176975677 dur_us=0
FIG8_ATTENTION_EVENT mode=lut-exp layout=serial phase=measure iteration=0 component=safe_sm component_id=5 lut_exp=1 scna_layout=0 scna_width=0 qo_len=4 kv_len=4096 n_heads=12 n_kv_heads=2 head_dim=128 kv_head=0 worker=1 block_r=0 block_c=1280 t0_us=260176975677 t1_us=260176975696 dur_us=18
FIG8_ATTENTION_EVENT mode=lut-exp layout=serial phase=measure iteration=0 component=v_load component_id=3 lut_exp=1 scna_layout=0 scna_width=0 qo_len=4 kv_len=4096 n_heads=12 n_kv_heads=2 head_dim=128 kv_head=0 worker=1 block_r=0 block_c=1280 t0_us=260176975696 t1_us=260176975721 dur_us=25
FIG8_ATTENTION_EVENT mode=lut-exp layout=serial phase=measure iteration=0 component=core_acc component_id=6 lut_exp=1 scna_layout=0 scna_width=0 qo_len=4 kv_len=4096 n_heads=12 n_kv_heads=2 head_dim=128 kv_head=0 worker=1 block_r=0 block_c=1280 t0_us=260176975721 t1_us=260176975722 dur_us=0
FIG8_ATTENTION_EVENT mode=lut-exp layout=serial phase=measure iteration=0 component=k_load component_id=2 lut_exp=1 scna_layout=0 scna_width=0 qo_len=4 kv_len=4096 n_heads=12 n_kv_heads=2 head_dim=128 kv_head=0 worker=1 block_r=0 block_c=2560 t0_us=260176975722 t1_us=260176975743 dur_us=20
FIG8_ATTENTION_EVENT mode=lut-exp layout=serial phase=measure iteration=0 component=qk_dot component_id=4 lut_exp=1 scna_layout=0 scna_width=0 qo_len=4 kv_len=4096 n_heads=12 n_kv_heads=2 head_dim=128 kv_head=0 worker=1 block_r=0 block_c=2560 t0_us=260176975743 t1_us=260176975743 dur_us=0
FIG8_ATTENTION_EVENT mode=lut-exp layout=serial phase=measure iteration=0 component=safe_sm component_id=5 lut_exp=1 scna_layout=0 scna_width=0 qo_len=4 kv_len=4096 n_heads=12 n_kv_heads=2 head_dim=128 kv_head=0 worker=1 block_r=0 block_c=2560 t0_us=260176975744 t1_us=260176975761 dur_us=17
FIG8_ATTENTION_EVENT mode=lut-exp layout=serial phase=measure iteration=0 component=v_load component_id=3 lut_exp=1 scna_layout=0 scna_width=0 qo_len=4 kv_len=4096 n_heads=12 n_kv_heads=2 head_dim=128 kv_head=0 worker=1 block_r=0 block_c=2560 t0_us=260176975762 t1_us=260176975788 dur_us=26
FIG8_ATTENTION_EVENT mode=lut-exp layout=serial phase=measure iteration=0 component=core_acc component_id=6 lut_exp=1 scna_layout=0 scna_width=0 qo_len=4 kv_len=4096 n_heads=12 n_kv_heads=2 head_dim=128 kv_head=0 worker=1 block_r=0 block_c=2560 t0_us=260176975788 t1_us=260176975789 dur_us=0
FIG8_ATTENTION_EVENT mode=lut-exp layout=serial phase=measure iteration=0 component=k_load component_id=2 lut_exp=1 scna_layout=0 scna_width=0 qo_len=4 kv_len=4096 n_heads=12 n_kv_heads=2 head_dim=128 kv_head=0 worker=1 block_r=0 block_c=3840 t0_us=260176975789 t1_us=260176975793 dur_us=3
FIG8_ATTENTION_EVENT mode=lut-exp layout=serial phase=measure iteration=0 component=qk_dot component_id=4 lut_exp=1 scna_layout=0 scna_width=0 qo_len=4 kv_len=4096 n_heads=12 n_kv_heads=2 head_dim=128 kv_head=0 worker=1 block_r=0 block_c=3840 t0_us=260176975793 t1_us=260176975793 dur_us=0
FIG8_ATTENTION_EVENT mode=lut-exp layout=serial phase=measure iteration=0 component=safe_sm component_id=5 lut_exp=1 scna_layout=0 scna_width=0 qo_len=4 kv_len=4096 n_heads=12 n_kv_heads=2 head_dim=128 kv_head=0 worker=1 block_r=0 block_c=3840 t0_us=260176975793 t1_us=260176975799 dur_us=6
FIG8_ATTENTION_EVENT mode=lut-exp layout=serial phase=measure iteration=0 component=v_load component_id=3 lut_exp=1 scna_layout=0 scna_width=0 qo_len=4 kv_len=4096 n_heads=12 n_kv_heads=2 head_dim=128 kv_head=0 worker=1 block_r=0 block_c=3840 t0_us=260176975799 t1_us=260176975802 dur_us=2
FIG8_ATTENTION_EVENT mode=lut-exp layout=serial phase=measure iteration=0 component=core_acc component_id=6 lut_exp=1 scna_layout=0 scna_width=0 qo_len=4 kv_len=4096 n_heads=12 n_kv_heads=2 head_dim=128 kv_head=0 worker=1 block_r=0 block_c=3840 t0_us=260176975802 t1_us=260176975802 dur_us=0
FIG8_ATTENTION_EVENT mode=lut-exp layout=serial phase=measure iteration=0 component=o_scale component_id=7 lut_exp=1 scna_layout=0 scna_width=0 qo_len=4 kv_len=4096 n_heads=12 n_kv_heads=2 head_dim=128 kv_head=0 worker=1 block_r=0 block_c=-1 t0_us=260176975802 t1_us=260176975804 dur_us=1
FIG8_ATTENTION_EVENT mode=lut-exp layout=serial phase=measure iteration=0 component=o_store component_id=8 lut_exp=1 scna_layout=0 scna_width=0 qo_len=4 kv_len=4096 n_heads=12 n_kv_heads=2 head_dim=128 kv_head=0 worker=1 block_r=0 block_c=-1 t0_us=260176975804 t1_us=260176975806 dur_us=1
FIG8_ATTENTION_EVENT mode=lut-exp layout=serial phase=measure iteration=0 component=q_load component_id=1 lut_exp=1 scna_layout=0 scna_width=0 qo_len=4 kv_len=4096 n_heads=12 n_kv_heads=2 head_dim=128 kv_head=1 worker=1 block_r=0 block_c=-1 t0_us=260176975845 t1_us=260176975847 dur_us=1
FIG8_ATTENTION_EVENT mode=lut-exp layout=serial phase=measure iteration=0 component=k_load component_id=2 lut_exp=1 scna_layout=0 scna_width=0 qo_len=4 kv_len=4096 n_heads=12 n_kv_heads=2 head_dim=128 kv_head=1 worker=1 block_r=0 block_c=0 t0_us=260176975848 t1_us=260176975869 dur_us=21
FIG8_ATTENTION_EVENT mode=lut-exp layout=serial phase=measure iteration=0 component=qk_dot component_id=4 lut_exp=1 scna_layout=0 scna_width=0 qo_len=4 kv_len=4096 n_heads=12 n_kv_heads=2 head_dim=128 kv_head=1 worker=1 block_r=0 block_c=0 t0_us=260176975870 t1_us=260176975871 dur_us=0
FIG8_ATTENTION_EVENT mode=lut-exp layout=serial phase=measure iteration=0 component=safe_sm component_id=5 lut_exp=1 scna_layout=0 scna_width=0 qo_len=4 kv_len=4096 n_heads=12 n_kv_heads=2 head_dim=128 kv_head=1 worker=1 block_r=0 block_c=0 t0_us=260176975871 t1_us=260176975890 dur_us=18
FIG8_ATTENTION_EVENT mode=lut-exp layout=serial phase=measure iteration=0 component=v_load component_id=3 lut_exp=1 scna_layout=0 scna_width=0 qo_len=4 kv_len=4096 n_heads=12 n_kv_heads=2 head_dim=128 kv_head=1 worker=1 block_r=0 block_c=0 t0_us=260176975890 t1_us=260176975908 dur_us=17
FIG8_ATTENTION_EVENT mode=lut-exp layout=serial phase=measure iteration=0 component=core_acc component_id=6 lut_exp=1 scna_layout=0 scna_width=0 qo_len=4 kv_len=4096 n_heads=12 n_kv_heads=2 head_dim=128 kv_head=1 worker=1 block_r=0 block_c=0 t0_us=260176975908 t1_us=260176975910 dur_us=1
FIG8_ATTENTION_EVENT mode=lut-exp layout=serial phase=measure iteration=0 component=k_load component_id=2 lut_exp=1 scna_layout=0 scna_width=0 qo_len=4 kv_len=4096 n_heads=12 n_kv_heads=2 head_dim=128 kv_head=1 worker=1 block_r=0 block_c=1280 t0_us=260176975911 t1_us=260176975933 dur_us=22
FIG8_ATTENTION_EVENT mode=lut-exp layout=serial phase=measure iteration=0 component=qk_dot component_id=4 lut_exp=1 scna_layout=0 scna_width=0 qo_len=4 kv_len=4096 n_heads=12 n_kv_heads=2 head_dim=128 kv_head=1 worker=1 block_r=0 block_c=1280 t0_us=260176975934 t1_us=260176975934 dur_us=0
FIG8_ATTENTION_EVENT mode=lut-exp layout=serial phase=measure iteration=0 component=safe_sm component_id=5 lut_exp=1 scna_layout=0 scna_width=0 qo_len=4 kv_len=4096 n_heads=12 n_kv_heads=2 head_dim=128 kv_head=1 worker=1 block_r=0 block_c=1280 t0_us=260176975934 t1_us=260176975952 dur_us=18
FIG8_ATTENTION_EVENT mode=lut-exp layout=serial phase=measure iteration=0 component=v_load component_id=3 lut_exp=1 scna_layout=0 scna_width=0 qo_len=4 kv_len=4096 n_heads=12 n_kv_heads=2 head_dim=128 kv_head=1 worker=1 block_r=0 block_c=1280 t0_us=260176975952 t1_us=260176975979 dur_us=26
FIG8_ATTENTION_EVENT mode=lut-exp layout=serial phase=measure iteration=0 component=core_acc component_id=6 lut_exp=1 scna_layout=0 scna_width=0 qo_len=4 kv_len=4096 n_heads=12 n_kv_heads=2 head_dim=128 kv_head=1 worker=1 block_r=0 block_c=1280 t0_us=260176975979 t1_us=260176975979 dur_us=0
FIG8_ATTENTION_EVENT mode=lut-exp layout=serial phase=measure iteration=0 component=k_load component_id=2 lut_exp=1 scna_layout=0 scna_width=0 qo_len=4 kv_len=4096 n_heads=12 n_kv_heads=2 head_dim=128 kv_head=1 worker=1 block_r=0 block_c=2560 t0_us=260176975979 t1_us=260176976000 dur_us=20
FIG8_ATTENTION_EVENT mode=lut-exp layout=serial phase=measure iteration=0 component=qk_dot component_id=4 lut_exp=1 scna_layout=0 scna_width=0 qo_len=4 kv_len=4096 n_heads=12 n_kv_heads=2 head_dim=128 kv_head=1 worker=1 block_r=0 block_c=2560 t0_us=260176976000 t1_us=260176976000 dur_us=0
FIG8_ATTENTION_EVENT mode=lut-exp layout=serial phase=measure iteration=0 component=safe_sm component_id=5 lut_exp=1 scna_layout=0 scna_width=0 qo_len=4 kv_len=4096 n_heads=12 n_kv_heads=2 head_dim=128 kv_head=1 worker=1 block_r=0 block_c=2560 t0_us=260176976000 t1_us=260176976018 dur_us=17
FIG8_ATTENTION_EVENT mode=lut-exp layout=serial phase=measure iteration=0 component=v_load component_id=3 lut_exp=1 scna_layout=0 scna_width=0 qo_len=4 kv_len=4096 n_heads=12 n_kv_heads=2 head_dim=128 kv_head=1 worker=1 block_r=0 block_c=2560 t0_us=260176976018 t1_us=260176976043 dur_us=25
FIG8_ATTENTION_EVENT mode=lut-exp layout=serial phase=measure iteration=0 component=core_acc component_id=6 lut_exp=1 scna_layout=0 scna_width=0 qo_len=4 kv_len=4096 n_heads=12 n_kv_heads=2 head_dim=128 kv_head=1 worker=1 block_r=0 block_c=2560 t0_us=260176976043 t1_us=260176976044 dur_us=0
FIG8_ATTENTION_EVENT mode=lut-exp layout=serial phase=measure iteration=0 component=k_load component_id=2 lut_exp=1 scna_layout=0 scna_width=0 qo_len=4 kv_len=4096 n_heads=12 n_kv_heads=2 head_dim=128 kv_head=1 worker=1 block_r=0 block_c=3840 t0_us=260176976044 t1_us=260176976049 dur_us=4
FIG8_ATTENTION_EVENT mode=lut-exp layout=serial phase=measure iteration=0 component=qk_dot component_id=4 lut_exp=1 scna_layout=0 scna_width=0 qo_len=4 kv_len=4096 n_heads=12 n_kv_heads=2 head_dim=128 kv_head=1 worker=1 block_r=0 block_c=3840 t0_us=260176976049 t1_us=260176976049 dur_us=0
FIG8_ATTENTION_EVENT mode=lut-exp layout=serial phase=measure iteration=0 component=safe_sm component_id=5 lut_exp=1 scna_layout=0 scna_width=0 qo_len=4 kv_len=4096 n_heads=12 n_kv_heads=2 head_dim=128 kv_head=1 worker=1 block_r=0 block_c=3840 t0_us=260176976049 t1_us=260176976055 dur_us=6
FIG8_ATTENTION_EVENT mode=lut-exp layout=serial phase=measure iteration=0 component=v_load component_id=3 lut_exp=1 scna_layout=0 scna_width=0 qo_len=4 kv_len=4096 n_heads=12 n_kv_heads=2 head_dim=128 kv_head=1 worker=1 block_r=0 block_c=3840 t0_us=260176976055 t1_us=260176976058 dur_us=2
FIG8_ATTENTION_EVENT mode=lut-exp layout=serial phase=measure iteration=0 component=core_acc component_id=6 lut_exp=1 scna_layout=0 scna_width=0 qo_len=4 kv_len=4096 n_heads=12 n_kv_heads=2 head_dim=128 kv_head=1 worker=1 block_r=0 block_c=3840 t0_us=260176976058 t1_us=260176976058 dur_us=0
FIG8_ATTENTION_EVENT mode=lut-exp layout=serial phase=measure iteration=0 component=o_scale component_id=7 lut_exp=1 scna_layout=0 scna_width=0 qo_len=4 kv_len=4096 n_heads=12 n_kv_heads=2 head_dim=128 kv_head=1 worker=1 block_r=0 block_c=-1 t0_us=260176976058 t1_us=260176976059 dur_us=1
FIG8_ATTENTION_EVENT mode=lut-exp layout=serial phase=measure iteration=0 component=o_store component_id=8 lut_exp=1 scna_layout=0 scna_width=0 qo_len=4 kv_len=4096 n_heads=12 n_kv_heads=2 head_dim=128 kv_head=1 worker=1 block_r=0 block_c=-1 t0_us=260176976060 t1_us=260176976062 dur_us=2
FIG8_ATTENTION_EVENT mode=lut-exp layout=serial phase=measure iteration=0 component=q_load component_id=1 lut_exp=1 scna_layout=0 scna_width=0 qo_len=4 kv_len=4096 n_heads=12 n_kv_heads=2 head_dim=128 kv_head=0 worker=1 block_r=0 block_c=-1 t0_us=260176976100 t1_us=260176976102 dur_us=1
FIG8_ATTENTION_EVENT mode=lut-exp layout=serial phase=measure iteration=0 component=k_load component_id=2 lut_exp=1 scna_layout=0 scna_width=0 qo_len=4 kv_len=4096 n_heads=12 n_kv_heads=2 head_dim=128 kv_head=0 worker=1 block_r=0 block_c=0 t0_us=260176976103 t1_us=260176976124 dur_us=20
FIG8_ATTENTION_EVENT mode=lut-exp layout=serial phase=measure iteration=0 component=qk_dot component_id=4 lut_exp=1 scna_layout=0 scna_width=0 qo_len=4 kv_len=4096 n_heads=12 n_kv_heads=2 head_dim=128 kv_head=0 worker=1 block_r=0 block_c=0 t0_us=260176976124 t1_us=260176976125 dur_us=0
FIG8_ATTENTION_EVENT mode=lut-exp layout=serial phase=measure iteration=0 component=safe_sm component_id=5 lut_exp=1 scna_layout=0 scna_width=0 qo_len=4 kv_len=4096 n_heads=12 n_kv_heads=2 head_dim=128 kv_head=0 worker=1 block_r=0 block_c=0 t0_us=260176976125 t1_us=260176976145 dur_us=19
FIG8_ATTENTION_EVENT mode=lut-exp layout=serial phase=measure iteration=0 component=v_load component_id=3 lut_exp=1 scna_layout=0 scna_width=0 qo_len=4 kv_len=4096 n_heads=12 n_kv_heads=2 head_dim=128 kv_head=0 worker=1 block_r=0 block_c=0 t0_us=260176976145 t1_us=260176976163 dur_us=18
FIG8_ATTENTION_EVENT mode=lut-exp layout=serial phase=measure iteration=0 component=core_acc component_id=6 lut_exp=1 scna_layout=0 scna_width=0 qo_len=4 kv_len=4096 n_heads=12 n_kv_heads=2 head_dim=128 kv_head=0 worker=1 block_r=0 block_c=0 t0_us=260176976163 t1_us=260176976167 dur_us=3
FIG8_ATTENTION_EVENT mode=lut-exp layout=serial phase=measure iteration=0 component=k_load component_id=2 lut_exp=1 scna_layout=0 scna_width=0 qo_len=4 kv_len=4096 n_heads=12 n_kv_heads=2 head_dim=128 kv_head=0 worker=1 block_r=0 block_c=1280 t0_us=260176976167 t1_us=260176976189 dur_us=22
FIG8_ATTENTION_EVENT mode=lut-exp layout=serial phase=measure iteration=0 component=qk_dot component_id=4 lut_exp=1 scna_layout=0 scna_width=0 qo_len=4 kv_len=4096 n_heads=12 n_kv_heads=2 head_dim=128 kv_head=0 worker=1 block_r=0 block_c=1280 t0_us=260176976189 t1_us=260176976190 dur_us=0
FIG8_ATTENTION_EVENT mode=lut-exp layout=serial phase=measure iteration=0 component=safe_sm component_id=5 lut_exp=1 scna_layout=0 scna_width=0 qo_len=4 kv_len=4096 n_heads=12 n_kv_heads=2 head_dim=128 kv_head=0 worker=1 block_r=0 block_c=1280 t0_us=260176976190 t1_us=260176976207 dur_us=17
FIG8_ATTENTION_EVENT mode=lut-exp layout=serial phase=measure iteration=0 component=v_load component_id=3 lut_exp=1 scna_layout=0 scna_width=0 qo_len=4 kv_len=4096 n_heads=12 n_kv_heads=2 head_dim=128 kv_head=0 worker=1 block_r=0 block_c=1280 t0_us=260176976207 t1_us=260176976230 dur_us=22
FIG8_ATTENTION_EVENT mode=lut-exp layout=serial phase=measure iteration=0 component=core_acc component_id=6 lut_exp=1 scna_layout=0 scna_width=0 qo_len=4 kv_len=4096 n_heads=12 n_kv_heads=2 head_dim=128 kv_head=0 worker=1 block_r=0 block_c=1280 t0_us=260176976230 t1_us=260176976230 dur_us=0
FIG8_ATTENTION_EVENT mode=lut-exp layout=serial phase=measure iteration=0 component=k_load component_id=2 lut_exp=1 scna_layout=0 scna_width=0 qo_len=4 kv_len=4096 n_heads=12 n_kv_heads=2 head_dim=128 kv_head=0 worker=1 block_r=0 block_c=2560 t0_us=260176976231 t1_us=260176976251 dur_us=20
FIG8_ATTENTION_EVENT mode=lut-exp layout=serial phase=measure iteration=0 component=qk_dot component_id=4 lut_exp=1 scna_layout=0 scna_width=0 qo_len=4 kv_len=4096 n_heads=12 n_kv_heads=2 head_dim=128 kv_head=0 worker=1 block_r=0 block_c=2560 t0_us=260176976251 t1_us=260176976251 dur_us=0
FIG8_ATTENTION_EVENT mode=lut-exp layout=serial phase=measure iteration=0 component=safe_sm component_id=5 lut_exp=1 scna_layout=0 scna_width=0 qo_len=4 kv_len=4096 n_heads=12 n_kv_heads=2 head_dim=128 kv_head=0 worker=1 block_r=0 block_c=2560 t0_us=260176976252 t1_us=260176976269 dur_us=17
FIG8_ATTENTION_EVENT mode=lut-exp layout=serial phase=measure iteration=0 component=v_load component_id=3 lut_exp=1 scna_layout=0 scna_width=0 qo_len=4 kv_len=4096 n_heads=12 n_kv_heads=2 head_dim=128 kv_head=0 worker=1 block_r=0 block_c=2560 t0_us=260176976270 t1_us=260176976295 dur_us=25
FIG8_ATTENTION_EVENT mode=lut-exp layout=serial phase=measure iteration=0 component=core_acc component_id=6 lut_exp=1 scna_layout=0 scna_width=0 qo_len=4 kv_len=4096 n_heads=12 n_kv_heads=2 head_dim=128 kv_head=0 worker=1 block_r=0 block_c=2560 t0_us=260176976296 t1_us=260176976296 dur_us=0
FIG8_ATTENTION_EVENT mode=lut-exp layout=serial phase=measure iteration=0 component=k_load component_id=2 lut_exp=1 scna_layout=0 scna_width=0 qo_len=4 kv_len=4096 n_heads=12 n_kv_heads=2 head_dim=128 kv_head=0 worker=1 block_r=0 block_c=3840 t0_us=260176976297 t1_us=260176976301 dur_us=4
FIG8_ATTENTION_EVENT mode=lut-exp layout=serial phase=measure iteration=0 component=qk_dot component_id=4 lut_exp=1 scna_layout=0 scna_width=0 qo_len=4 kv_len=4096 n_heads=12 n_kv_heads=2 head_dim=128 kv_head=0 worker=1 block_r=0 block_c=3840 t0_us=260176976301 t1_us=260176976301 dur_us=0
FIG8_ATTENTION_EVENT mode=lut-exp layout=serial phase=measure iteration=0 component=safe_sm component_id=5 lut_exp=1 scna_layout=0 scna_width=0 qo_len=4 kv_len=4096 n_heads=12 n_kv_heads=2 head_dim=128 kv_head=0 worker=1 block_r=0 block_c=3840 t0_us=260176976301 t1_us=260176976307 dur_us=5
FIG8_ATTENTION_EVENT mode=lut-exp layout=serial phase=measure iteration=0 component=v_load component_id=3 lut_exp=1 scna_layout=0 scna_width=0 qo_len=4 kv_len=4096 n_heads=12 n_kv_heads=2 head_dim=128 kv_head=0 worker=1 block_r=0 block_c=3840 t0_us=260176976307 t1_us=260176976309 dur_us=2
FIG8_ATTENTION_EVENT mode=lut-exp layout=serial phase=measure iteration=0 component=core_acc component_id=6 lut_exp=1 scna_layout=0 scna_width=0 qo_len=4 kv_len=4096 n_heads=12 n_kv_heads=2 head_dim=128 kv_head=0 worker=1 block_r=0 block_c=3840 t0_us=260176976309 t1_us=260176976310 dur_us=0
FIG8_ATTENTION_EVENT mode=lut-exp layout=serial phase=measure iteration=0 component=o_scale component_id=7 lut_exp=1 scna_layout=0 scna_width=0 qo_len=4 kv_len=4096 n_heads=12 n_kv_heads=2 head_dim=128 kv_head=0 worker=1 block_r=0 block_c=-1 t0_us=260176976310 t1_us=260176976311 dur_us=1
FIG8_ATTENTION_EVENT mode=lut-exp layout=serial phase=measure iteration=0 component=o_store component_id=8 lut_exp=1 scna_layout=0 scna_width=0 qo_len=4 kv_len=4096 n_heads=12 n_kv_heads=2 head_dim=128 kv_head=0 worker=1 block_r=0 block_c=-1 t0_us=260176976311 t1_us=260176976313 dur_us=1
FIG8_ATTENTION_EVENT mode=lut-exp layout=serial phase=measure iteration=0 component=q_load component_id=1 lut_exp=1 scna_layout=0 scna_width=0 qo_len=4 kv_len=4096 n_heads=12 n_kv_heads=2 head_dim=128 kv_head=1 worker=1 block_r=0 block_c=-1 t0_us=260176976353 t1_us=260176976354 dur_us=1
FIG8_ATTENTION_EVENT mode=lut-exp layout=serial phase=measure iteration=0 component=k_load component_id=2 lut_exp=1 scna_layout=0 scna_width=0 qo_len=4 kv_len=4096 n_heads=12 n_kv_heads=2 head_dim=128 kv_head=1 worker=1 block_r=0 block_c=0 t0_us=260176976355 t1_us=260176976376 dur_us=20
FIG8_ATTENTION_EVENT mode=lut-exp layout=serial phase=measure iteration=0 component=qk_dot component_id=4 lut_exp=1 scna_layout=0 scna_width=0 qo_len=4 kv_len=4096 n_heads=12 n_kv_heads=2 head_dim=128 kv_head=1 worker=1 block_r=0 block_c=0 t0_us=260176976377 t1_us=260176976378 dur_us=0
FIG8_ATTENTION_EVENT mode=lut-exp layout=serial phase=measure iteration=0 component=safe_sm component_id=5 lut_exp=1 scna_layout=0 scna_width=0 qo_len=4 kv_len=4096 n_heads=12 n_kv_heads=2 head_dim=128 kv_head=1 worker=1 block_r=0 block_c=0 t0_us=260176976378 t1_us=260176976397 dur_us=19
FIG8_ATTENTION_EVENT mode=lut-exp layout=serial phase=measure iteration=0 component=v_load component_id=3 lut_exp=1 scna_layout=0 scna_width=0 qo_len=4 kv_len=4096 n_heads=12 n_kv_heads=2 head_dim=128 kv_head=1 worker=1 block_r=0 block_c=0 t0_us=260176976398 t1_us=260176976416 dur_us=18
FIG8_ATTENTION_EVENT mode=lut-exp layout=serial phase=measure iteration=0 component=core_acc component_id=6 lut_exp=1 scna_layout=0 scna_width=0 qo_len=4 kv_len=4096 n_heads=12 n_kv_heads=2 head_dim=128 kv_head=1 worker=1 block_r=0 block_c=0 t0_us=260176976416 t1_us=260176976419 dur_us=2
FIG8_ATTENTION_EVENT mode=lut-exp layout=serial phase=measure iteration=0 component=k_load component_id=2 lut_exp=1 scna_layout=0 scna_width=0 qo_len=4 kv_len=4096 n_heads=12 n_kv_heads=2 head_dim=128 kv_head=1 worker=1 block_r=0 block_c=1280 t0_us=260176976419 t1_us=260176976441 dur_us=21
FIG8_ATTENTION_EVENT mode=lut-exp layout=serial phase=measure iteration=0 component=qk_dot component_id=4 lut_exp=1 scna_layout=0 scna_width=0 qo_len=4 kv_len=4096 n_heads=12 n_kv_heads=2 head_dim=128 kv_head=1 worker=1 block_r=0 block_c=1280 t0_us=260176976441 t1_us=260176976442 dur_us=0
FIG8_ATTENTION_EVENT mode=lut-exp layout=serial phase=measure iteration=0 component=safe_sm component_id=5 lut_exp=1 scna_layout=0 scna_width=0 qo_len=4 kv_len=4096 n_heads=12 n_kv_heads=2 head_dim=128 kv_head=1 worker=1 block_r=0 block_c=1280 t0_us=260176976442 t1_us=260176976459 dur_us=17
FIG8_ATTENTION_EVENT mode=lut-exp layout=serial phase=measure iteration=0 component=v_load component_id=3 lut_exp=1 scna_layout=0 scna_width=0 qo_len=4 kv_len=4096 n_heads=12 n_kv_heads=2 head_dim=128 kv_head=1 worker=1 block_r=0 block_c=1280 t0_us=260176976459 t1_us=260176976483 dur_us=23
FIG8_ATTENTION_EVENT mode=lut-exp layout=serial phase=measure iteration=0 component=core_acc component_id=6 lut_exp=1 scna_layout=0 scna_width=0 qo_len=4 kv_len=4096 n_heads=12 n_kv_heads=2 head_dim=128 kv_head=1 worker=1 block_r=0 block_c=1280 t0_us=260176976483 t1_us=260176976484 dur_us=0
FIG8_ATTENTION_EVENT mode=lut-exp layout=serial phase=measure iteration=0 component=k_load component_id=2 lut_exp=1 scna_layout=0 scna_width=0 qo_len=4 kv_len=4096 n_heads=12 n_kv_heads=2 head_dim=128 kv_head=1 worker=1 block_r=0 block_c=2560 t0_us=260176976484 t1_us=260176976505 dur_us=20
FIG8_ATTENTION_EVENT mode=lut-exp layout=serial phase=measure iteration=0 component=qk_dot component_id=4 lut_exp=1 scna_layout=0 scna_width=0 qo_len=4 kv_len=4096 n_heads=12 n_kv_heads=2 head_dim=128 kv_head=1 worker=1 block_r=0 block_c=2560 t0_us=260176976505 t1_us=260176976505 dur_us=0
FIG8_ATTENTION_EVENT mode=lut-exp layout=serial phase=measure iteration=0 component=safe_sm component_id=5 lut_exp=1 scna_layout=0 scna_width=0 qo_len=4 kv_len=4096 n_heads=12 n_kv_heads=2 head_dim=128 kv_head=1 worker=1 block_r=0 block_c=2560 t0_us=260176976505 t1_us=260176976523 dur_us=17
FIG8_ATTENTION_EVENT mode=lut-exp layout=serial phase=measure iteration=0 component=v_load component_id=3 lut_exp=1 scna_layout=0 scna_width=0 qo_len=4 kv_len=4096 n_heads=12 n_kv_heads=2 head_dim=128 kv_head=1 worker=1 block_r=0 block_c=2560 t0_us=260176976523 t1_us=260176976548 dur_us=25
FIG8_ATTENTION_EVENT mode=lut-exp layout=serial phase=measure iteration=0 component=core_acc component_id=6 lut_exp=1 scna_layout=0 scna_width=0 qo_len=4 kv_len=4096 n_heads=12 n_kv_heads=2 head_dim=128 kv_head=1 worker=1 block_r=0 block_c=2560 t0_us=260176976549 t1_us=260176976549 dur_us=0
FIG8_ATTENTION_EVENT mode=lut-exp layout=serial phase=measure iteration=0 component=k_load component_id=2 lut_exp=1 scna_layout=0 scna_width=0 qo_len=4 kv_len=4096 n_heads=12 n_kv_heads=2 head_dim=128 kv_head=1 worker=1 block_r=0 block_c=3840 t0_us=260176976549 t1_us=260176976554 dur_us=4
FIG8_ATTENTION_EVENT mode=lut-exp layout=serial phase=measure iteration=0 component=qk_dot component_id=4 lut_exp=1 scna_layout=0 scna_width=0 qo_len=4 kv_len=4096 n_heads=12 n_kv_heads=2 head_dim=128 kv_head=1 worker=1 block_r=0 block_c=3840 t0_us=260176976554 t1_us=260176976554 dur_us=0
FIG8_ATTENTION_EVENT mode=lut-exp layout=serial phase=measure iteration=0 component=safe_sm component_id=5 lut_exp=1 scna_layout=0 scna_width=0 qo_len=4 kv_len=4096 n_heads=12 n_kv_heads=2 head_dim=128 kv_head=1 worker=1 block_r=0 block_c=3840 t0_us=260176976554 t1_us=260176976560 dur_us=6
FIG8_ATTENTION_EVENT mode=lut-exp layout=serial phase=measure iteration=0 component=v_load component_id=3 lut_exp=1 scna_layout=0 scna_width=0 qo_len=4 kv_len=4096 n_heads=12 n_kv_heads=2 head_dim=128 kv_head=1 worker=1 block_r=0 block_c=3840 t0_us=260176976560 t1_us=260176976562 dur_us=2
FIG8_ATTENTION_EVENT mode=lut-exp layout=serial phase=measure iteration=0 component=core_acc component_id=6 lut_exp=1 scna_layout=0 scna_width=0 qo_len=4 kv_len=4096 n_heads=12 n_kv_heads=2 head_dim=128 kv_head=1 worker=1 block_r=0 block_c=3840 t0_us=260176976563 t1_us=260176976563 dur_us=0
FIG8_ATTENTION_EVENT mode=lut-exp layout=serial phase=measure iteration=0 component=o_scale component_id=7 lut_exp=1 scna_layout=0 scna_width=0 qo_len=4 kv_len=4096 n_heads=12 n_kv_heads=2 head_dim=128 kv_head=1 worker=1 block_r=0 block_c=-1 t0_us=260176976563 t1_us=260176976564 dur_us=1
FIG8_ATTENTION_EVENT mode=lut-exp layout=serial phase=measure iteration=0 component=o_store component_id=8 lut_exp=1 scna_layout=0 scna_width=0 qo_len=4 kv_len=4096 n_heads=12 n_kv_heads=2 head_dim=128 kv_head=1 worker=1 block_r=0 block_c=-1 t0_us=260176976565 t1_us=260176976567 dur_us=2
FIG8_ATTENTION_EVENT mode=lut-exp layout=serial phase=measure iteration=0 component=q_load component_id=1 lut_exp=1 scna_layout=0 scna_width=0 qo_len=4 kv_len=4096 n_heads=12 n_kv_heads=2 head_dim=128 kv_head=0 worker=1 block_r=0 block_c=-1 t0_us=260176976606 t1_us=260176976608 dur_us=1
FIG8_ATTENTION_EVENT mode=lut-exp layout=serial phase=measure iteration=0 component=k_load component_id=2 lut_exp=1 scna_layout=0 scna_width=0 qo_len=4 kv_len=4096 n_heads=12 n_kv_heads=2 head_dim=128 kv_head=0 worker=1 block_r=0 block_c=0 t0_us=260176976609 t1_us=260176976629 dur_us=20
FIG8_ATTENTION_EVENT mode=lut-exp layout=serial phase=measure iteration=0 component=qk_dot component_id=4 lut_exp=1 scna_layout=0 scna_width=0 qo_len=4 kv_len=4096 n_heads=12 n_kv_heads=2 head_dim=128 kv_head=0 worker=1 block_r=0 block_c=0 t0_us=260176976630 t1_us=260176976631 dur_us=0
FIG8_ATTENTION_EVENT mode=lut-exp layout=serial phase=measure iteration=0 component=safe_sm component_id=5 lut_exp=1 scna_layout=0 scna_width=0 qo_len=4 kv_len=4096 n_heads=12 n_kv_heads=2 head_dim=128 kv_head=0 worker=1 block_r=0 block_c=0 t0_us=260176976631 t1_us=260176976651 dur_us=19
FIG8_ATTENTION_EVENT mode=lut-exp layout=serial phase=measure iteration=0 component=v_load component_id=3 lut_exp=1 scna_layout=0 scna_width=0 qo_len=4 kv_len=4096 n_heads=12 n_kv_heads=2 head_dim=128 kv_head=0 worker=1 block_r=0 block_c=0 t0_us=260176976651 t1_us=260176976669 dur_us=18
FIG8_ATTENTION_EVENT mode=lut-exp layout=serial phase=measure iteration=0 component=core_acc component_id=6 lut_exp=1 scna_layout=0 scna_width=0 qo_len=4 kv_len=4096 n_heads=12 n_kv_heads=2 head_dim=128 kv_head=0 worker=1 block_r=0 block_c=0 t0_us=260176976670 t1_us=260176976673 dur_us=3
FIG8_ATTENTION_EVENT mode=lut-exp layout=serial phase=measure iteration=0 component=k_load component_id=2 lut_exp=1 scna_layout=0 scna_width=0 qo_len=4 kv_len=4096 n_heads=12 n_kv_heads=2 head_dim=128 kv_head=0 worker=1 block_r=0 block_c=1280 t0_us=260176976674 t1_us=260176976696 dur_us=21
FIG8_ATTENTION_EVENT mode=lut-exp layout=serial phase=measure iteration=0 component=qk_dot component_id=4 lut_exp=1 scna_layout=0 scna_width=0 qo_len=4 kv_len=4096 n_heads=12 n_kv_heads=2 head_dim=128 kv_head=0 worker=1 block_r=0 block_c=1280 t0_us=260176976696 t1_us=260176976696 dur_us=0
FIG8_ATTENTION_EVENT mode=lut-exp layout=serial phase=measure iteration=0 component=safe_sm component_id=5 lut_exp=1 scna_layout=0 scna_width=0 qo_len=4 kv_len=4096 n_heads=12 n_kv_heads=2 head_dim=128 kv_head=0 worker=1 block_r=0 block_c=1280 t0_us=260176976697 t1_us=260176976714 dur_us=17
FIG8_ATTENTION_EVENT mode=lut-exp layout=serial phase=measure iteration=0 component=v_load component_id=3 lut_exp=1 scna_layout=0 scna_width=0 qo_len=4 kv_len=4096 n_heads=12 n_kv_heads=2 head_dim=128 kv_head=0 worker=1 block_r=0 block_c=1280 t0_us=260176976714 t1_us=260176976739 dur_us=24
FIG8_ATTENTION_EVENT mode=lut-exp layout=serial phase=measure iteration=0 component=core_acc component_id=6 lut_exp=1 scna_layout=0 scna_width=0 qo_len=4 kv_len=4096 n_heads=12 n_kv_heads=2 head_dim=128 kv_head=0 worker=1 block_r=0 block_c=1280 t0_us=260176976739 t1_us=260176976740 dur_us=0
FIG8_ATTENTION_EVENT mode=lut-exp layout=serial phase=measure iteration=0 component=k_load component_id=2 lut_exp=1 scna_layout=0 scna_width=0 qo_len=4 kv_len=4096 n_heads=12 n_kv_heads=2 head_dim=128 kv_head=0 worker=1 block_r=0 block_c=2560 t0_us=260176976740 t1_us=260176976761 dur_us=21
FIG8_ATTENTION_EVENT mode=lut-exp layout=serial phase=measure iteration=0 component=qk_dot component_id=4 lut_exp=1 scna_layout=0 scna_width=0 qo_len=4 kv_len=4096 n_heads=12 n_kv_heads=2 head_dim=128 kv_head=0 worker=1 block_r=0 block_c=2560 t0_us=260176976761 t1_us=260176976762 dur_us=0
FIG8_ATTENTION_EVENT mode=lut-exp layout=serial phase=measure iteration=0 component=safe_sm component_id=5 lut_exp=1 scna_layout=0 scna_width=0 qo_len=4 kv_len=4096 n_heads=12 n_kv_heads=2 head_dim=128 kv_head=0 worker=1 block_r=0 block_c=2560 t0_us=260176976762 t1_us=260176976780 dur_us=17
FIG8_ATTENTION_EVENT mode=lut-exp layout=serial phase=measure iteration=0 component=v_load component_id=3 lut_exp=1 scna_layout=0 scna_width=0 qo_len=4 kv_len=4096 n_heads=12 n_kv_heads=2 head_dim=128 kv_head=0 worker=1 block_r=0 block_c=2560 t0_us=260176976780 t1_us=260176976805 dur_us=25
FIG8_ATTENTION_EVENT mode=lut-exp layout=serial phase=measure iteration=0 component=core_acc component_id=6 lut_exp=1 scna_layout=0 scna_width=0 qo_len=4 kv_len=4096 n_heads=12 n_kv_heads=2 head_dim=128 kv_head=0 worker=1 block_r=0 block_c=2560 t0_us=260176976805 t1_us=260176976806 dur_us=0
FIG8_ATTENTION_EVENT mode=lut-exp layout=serial phase=measure iteration=0 component=k_load component_id=2 lut_exp=1 scna_layout=0 scna_width=0 qo_len=4 kv_len=4096 n_heads=12 n_kv_heads=2 head_dim=128 kv_head=0 worker=1 block_r=0 block_c=3840 t0_us=260176976806 t1_us=260176976810 dur_us=4
FIG8_ATTENTION_EVENT mode=lut-exp layout=serial phase=measure iteration=0 component=qk_dot component_id=4 lut_exp=1 scna_layout=0 scna_width=0 qo_len=4 kv_len=4096 n_heads=12 n_kv_heads=2 head_dim=128 kv_head=0 worker=1 block_r=0 block_c=3840 t0_us=260176976811 t1_us=260176976811 dur_us=0
FIG8_ATTENTION_EVENT mode=lut-exp layout=serial phase=measure iteration=0 component=safe_sm component_id=5 lut_exp=1 scna_layout=0 scna_width=0 qo_len=4 kv_len=4096 n_heads=12 n_kv_heads=2 head_dim=128 kv_head=0 worker=1 block_r=0 block_c=3840 t0_us=260176976811 t1_us=260176976817 dur_us=5
FIG8_ATTENTION_EVENT mode=lut-exp layout=serial phase=measure iteration=0 component=v_load component_id=3 lut_exp=1 scna_layout=0 scna_width=0 qo_len=4 kv_len=4096 n_heads=12 n_kv_heads=2 head_dim=128 kv_head=0 worker=1 block_r=0 block_c=3840 t0_us=260176976817 t1_us=260176976819 dur_us=2
FIG8_ATTENTION_EVENT mode=lut-exp layout=serial phase=measure iteration=0 component=core_acc component_id=6 lut_exp=1 scna_layout=0 scna_width=0 qo_len=4 kv_len=4096 n_heads=12 n_kv_heads=2 head_dim=128 kv_head=0 worker=1 block_r=0 block_c=3840 t0_us=260176976819 t1_us=260176976819 dur_us=0
FIG8_ATTENTION_EVENT mode=lut-exp layout=serial phase=measure iteration=0 component=o_scale component_id=7 lut_exp=1 scna_layout=0 scna_width=0 qo_len=4 kv_len=4096 n_heads=12 n_kv_heads=2 head_dim=128 kv_head=0 worker=1 block_r=0 block_c=-1 t0_us=260176976820 t1_us=260176976821 dur_us=1
FIG8_ATTENTION_EVENT mode=lut-exp layout=serial phase=measure iteration=0 component=o_store component_id=8 lut_exp=1 scna_layout=0 scna_width=0 qo_len=4 kv_len=4096 n_heads=12 n_kv_heads=2 head_dim=128 kv_head=0 worker=1 block_r=0 block_c=-1 t0_us=260176976821 t1_us=260176976823 dur_us=1
FIG8_ATTENTION_EVENT mode=lut-exp layout=serial phase=measure iteration=0 component=q_load component_id=1 lut_exp=1 scna_layout=0 scna_width=0 qo_len=4 kv_len=4096 n_heads=12 n_kv_heads=2 head_dim=128 kv_head=1 worker=1 block_r=0 block_c=-1 t0_us=260176976862 t1_us=260176976864 dur_us=1
FIG8_ATTENTION_EVENT mode=lut-exp layout=serial phase=measure iteration=0 component=k_load component_id=2 lut_exp=1 scna_layout=0 scna_width=0 qo_len=4 kv_len=4096 n_heads=12 n_kv_heads=2 head_dim=128 kv_head=1 worker=1 block_r=0 block_c=0 t0_us=260176976865 t1_us=260176976886 dur_us=20
FIG8_ATTENTION_EVENT mode=lut-exp layout=serial phase=measure iteration=0 component=qk_dot component_id=4 lut_exp=1 scna_layout=0 scna_width=0 qo_len=4 kv_len=4096 n_heads=12 n_kv_heads=2 head_dim=128 kv_head=1 worker=1 block_r=0 block_c=0 t0_us=260176976886 t1_us=260176976887 dur_us=0
FIG8_ATTENTION_EVENT mode=lut-exp layout=serial phase=measure iteration=0 component=safe_sm component_id=5 lut_exp=1 scna_layout=0 scna_width=0 qo_len=4 kv_len=4096 n_heads=12 n_kv_heads=2 head_dim=128 kv_head=1 worker=1 block_r=0 block_c=0 t0_us=260176976887 t1_us=260176976906 dur_us=18
FIG8_ATTENTION_EVENT mode=lut-exp layout=serial phase=measure iteration=0 component=v_load component_id=3 lut_exp=1 scna_layout=0 scna_width=0 qo_len=4 kv_len=4096 n_heads=12 n_kv_heads=2 head_dim=128 kv_head=1 worker=1 block_r=0 block_c=0 t0_us=260176976906 t1_us=260176976926 dur_us=19
FIG8_ATTENTION_EVENT mode=lut-exp layout=serial phase=measure iteration=0 component=core_acc component_id=6 lut_exp=1 scna_layout=0 scna_width=0 qo_len=4 kv_len=4096 n_heads=12 n_kv_heads=2 head_dim=128 kv_head=1 worker=1 block_r=0 block_c=0 t0_us=260176976926 t1_us=260176976928 dur_us=1
FIG8_ATTENTION_EVENT mode=lut-exp layout=serial phase=measure iteration=0 component=k_load component_id=2 lut_exp=1 scna_layout=0 scna_width=0 qo_len=4 kv_len=4096 n_heads=12 n_kv_heads=2 head_dim=128 kv_head=1 worker=1 block_r=0 block_c=1280 t0_us=260176976929 t1_us=260176976951 dur_us=22
FIG8_ATTENTION_EVENT mode=lut-exp layout=serial phase=measure iteration=0 component=qk_dot component_id=4 lut_exp=1 scna_layout=0 scna_width=0 qo_len=4 kv_len=4096 n_heads=12 n_kv_heads=2 head_dim=128 kv_head=1 worker=1 block_r=0 block_c=1280 t0_us=260176976951 t1_us=260176976952 dur_us=0
FIG8_ATTENTION_EVENT mode=lut-exp layout=serial phase=measure iteration=0 component=safe_sm component_id=5 lut_exp=1 scna_layout=0 scna_width=0 qo_len=4 kv_len=4096 n_heads=12 n_kv_heads=2 head_dim=128 kv_head=1 worker=1 block_r=0 block_c=1280 t0_us=260176976952 t1_us=260176976970 dur_us=17
FIG8_ATTENTION_EVENT mode=lut-exp layout=serial phase=measure iteration=0 component=v_load component_id=3 lut_exp=1 scna_layout=0 scna_width=0 qo_len=4 kv_len=4096 n_heads=12 n_kv_heads=2 head_dim=128 kv_head=1 worker=1 block_r=0 block_c=1280 t0_us=260176976970 t1_us=260176976996 dur_us=26
FIG8_ATTENTION_EVENT mode=lut-exp layout=serial phase=measure iteration=0 component=core_acc component_id=6 lut_exp=1 scna_layout=0 scna_width=0 qo_len=4 kv_len=4096 n_heads=12 n_kv_heads=2 head_dim=128 kv_head=1 worker=1 block_r=0 block_c=1280 t0_us=260176976996 t1_us=260176976997 dur_us=0
FIG8_ATTENTION_EVENT mode=lut-exp layout=serial phase=measure iteration=0 component=k_load component_id=2 lut_exp=1 scna_layout=0 scna_width=0 qo_len=4 kv_len=4096 n_heads=12 n_kv_heads=2 head_dim=128 kv_head=1 worker=1 block_r=0 block_c=2560 t0_us=260176976997 t1_us=260176977018 dur_us=20
FIG8_ATTENTION_EVENT mode=lut-exp layout=serial phase=measure iteration=0 component=qk_dot component_id=4 lut_exp=1 scna_layout=0 scna_width=0 qo_len=4 kv_len=4096 n_heads=12 n_kv_heads=2 head_dim=128 kv_head=1 worker=1 block_r=0 block_c=2560 t0_us=260176977018 t1_us=260176977019 dur_us=0
FIG8_ATTENTION_EVENT mode=lut-exp layout=serial phase=measure iteration=0 component=safe_sm component_id=5 lut_exp=1 scna_layout=0 scna_width=0 qo_len=4 kv_len=4096 n_heads=12 n_kv_heads=2 head_dim=128 kv_head=1 worker=1 block_r=0 block_c=2560 t0_us=260176977019 t1_us=260176977037 dur_us=17
FIG8_ATTENTION_EVENT mode=lut-exp layout=serial phase=measure iteration=0 component=v_load component_id=3 lut_exp=1 scna_layout=0 scna_width=0 qo_len=4 kv_len=4096 n_heads=12 n_kv_heads=2 head_dim=128 kv_head=1 worker=1 block_r=0 block_c=2560 t0_us=260176977037 t1_us=260176977063 dur_us=26
FIG8_ATTENTION_EVENT mode=lut-exp layout=serial phase=measure iteration=0 component=core_acc component_id=6 lut_exp=1 scna_layout=0 scna_width=0 qo_len=4 kv_len=4096 n_heads=12 n_kv_heads=2 head_dim=128 kv_head=1 worker=1 block_r=0 block_c=2560 t0_us=260176977063 t1_us=260176977064 dur_us=0
FIG8_ATTENTION_EVENT mode=lut-exp layout=serial phase=measure iteration=0 component=k_load component_id=2 lut_exp=1 scna_layout=0 scna_width=0 qo_len=4 kv_len=4096 n_heads=12 n_kv_heads=2 head_dim=128 kv_head=1 worker=1 block_r=0 block_c=3840 t0_us=260176977064 t1_us=260176977069 dur_us=4
FIG8_ATTENTION_EVENT mode=lut-exp layout=serial phase=measure iteration=0 component=qk_dot component_id=4 lut_exp=1 scna_layout=0 scna_width=0 qo_len=4 kv_len=4096 n_heads=12 n_kv_heads=2 head_dim=128 kv_head=1 worker=1 block_r=0 block_c=3840 t0_us=260176977069 t1_us=260176977069 dur_us=0
FIG8_ATTENTION_EVENT mode=lut-exp layout=serial phase=measure iteration=0 component=safe_sm component_id=5 lut_exp=1 scna_layout=0 scna_width=0 qo_len=4 kv_len=4096 n_heads=12 n_kv_heads=2 head_dim=128 kv_head=1 worker=1 block_r=0 block_c=3840 t0_us=260176977069 t1_us=260176977075 dur_us=6
FIG8_ATTENTION_EVENT mode=lut-exp layout=serial phase=measure iteration=0 component=v_load component_id=3 lut_exp=1 scna_layout=0 scna_width=0 qo_len=4 kv_len=4096 n_heads=12 n_kv_heads=2 head_dim=128 kv_head=1 worker=1 block_r=0 block_c=3840 t0_us=260176977075 t1_us=260176977077 dur_us=2
FIG8_ATTENTION_EVENT mode=lut-exp layout=serial phase=measure iteration=0 component=core_acc component_id=6 lut_exp=1 scna_layout=0 scna_width=0 qo_len=4 kv_len=4096 n_heads=12 n_kv_heads=2 head_dim=128 kv_head=1 worker=1 block_r=0 block_c=3840 t0_us=260176977077 t1_us=260176977078 dur_us=0
FIG8_ATTENTION_EVENT mode=lut-exp layout=serial phase=measure iteration=0 component=o_scale component_id=7 lut_exp=1 scna_layout=0 scna_width=0 qo_len=4 kv_len=4096 n_heads=12 n_kv_heads=2 head_dim=128 kv_head=1 worker=1 block_r=0 block_c=-1 t0_us=260176977078 t1_us=260176977079 dur_us=1
FIG8_ATTENTION_EVENT mode=lut-exp layout=serial phase=measure iteration=0 component=o_store component_id=8 lut_exp=1 scna_layout=0 scna_width=0 qo_len=4 kv_len=4096 n_heads=12 n_kv_heads=2 head_dim=128 kv_head=1 worker=1 block_r=0 block_c=-1 t0_us=260176977080 t1_us=260176977082 dur_us=2
FIG8_ATTENTION_EVENT mode=lut-exp layout=serial phase=measure iteration=0 component=q_load component_id=1 lut_exp=1 scna_layout=0 scna_width=0 qo_len=4 kv_len=4096 n_heads=12 n_kv_heads=2 head_dim=128 kv_head=0 worker=1 block_r=0 block_c=-1 t0_us=260176977120 t1_us=260176977122 dur_us=1
FIG8_ATTENTION_EVENT mode=lut-exp layout=serial phase=measure iteration=0 component=k_load component_id=2 lut_exp=1 scna_layout=0 scna_width=0 qo_len=4 kv_len=4096 n_heads=12 n_kv_heads=2 head_dim=128 kv_head=0 worker=1 block_r=0 block_c=0 t0_us=260176977123 t1_us=260176977143 dur_us=20
FIG8_ATTENTION_EVENT mode=lut-exp layout=serial phase=measure iteration=0 component=qk_dot component_id=4 lut_exp=1 scna_layout=0 scna_width=0 qo_len=4 kv_len=4096 n_heads=12 n_kv_heads=2 head_dim=128 kv_head=0 worker=1 block_r=0 block_c=0 t0_us=260176977144 t1_us=260176977145 dur_us=0
FIG8_ATTENTION_EVENT mode=lut-exp layout=serial phase=measure iteration=0 component=safe_sm component_id=5 lut_exp=1 scna_layout=0 scna_width=0 qo_len=4 kv_len=4096 n_heads=12 n_kv_heads=2 head_dim=128 kv_head=0 worker=1 block_r=0 block_c=0 t0_us=260176977146 t1_us=260176977165 dur_us=19
FIG8_ATTENTION_EVENT mode=lut-exp layout=serial phase=measure iteration=0 component=v_load component_id=3 lut_exp=1 scna_layout=0 scna_width=0 qo_len=4 kv_len=4096 n_heads=12 n_kv_heads=2 head_dim=128 kv_head=0 worker=1 block_r=0 block_c=0 t0_us=260176977165 t1_us=260176977182 dur_us=16
FIG8_ATTENTION_EVENT mode=lut-exp layout=serial phase=measure iteration=0 component=core_acc component_id=6 lut_exp=1 scna_layout=0 scna_width=0 qo_len=4 kv_len=4096 n_heads=12 n_kv_heads=2 head_dim=128 kv_head=0 worker=1 block_r=0 block_c=0 t0_us=260176977183 t1_us=260176977185 dur_us=2
FIG8_ATTENTION_EVENT mode=lut-exp layout=serial phase=measure iteration=0 component=k_load component_id=2 lut_exp=1 scna_layout=0 scna_width=0 qo_len=4 kv_len=4096 n_heads=12 n_kv_heads=2 head_dim=128 kv_head=0 worker=1 block_r=0 block_c=1280 t0_us=260176977186 t1_us=260176977207 dur_us=21
FIG8_ATTENTION_EVENT mode=lut-exp layout=serial phase=measure iteration=0 component=qk_dot component_id=4 lut_exp=1 scna_layout=0 scna_width=0 qo_len=4 kv_len=4096 n_heads=12 n_kv_heads=2 head_dim=128 kv_head=0 worker=1 block_r=0 block_c=1280 t0_us=260176977207 t1_us=260176977208 dur_us=0
FIG8_ATTENTION_EVENT mode=lut-exp layout=serial phase=measure iteration=0 component=safe_sm component_id=5 lut_exp=1 scna_layout=0 scna_width=0 qo_len=4 kv_len=4096 n_heads=12 n_kv_heads=2 head_dim=128 kv_head=0 worker=1 block_r=0 block_c=1280 t0_us=260176977208 t1_us=260176977225 dur_us=17
FIG8_ATTENTION_EVENT mode=lut-exp layout=serial phase=measure iteration=0 component=v_load component_id=3 lut_exp=1 scna_layout=0 scna_width=0 qo_len=4 kv_len=4096 n_heads=12 n_kv_heads=2 head_dim=128 kv_head=0 worker=1 block_r=0 block_c=1280 t0_us=260176977226 t1_us=260176977249 dur_us=23
FIG8_ATTENTION_EVENT mode=lut-exp layout=serial phase=measure iteration=0 component=core_acc component_id=6 lut_exp=1 scna_layout=0 scna_width=0 qo_len=4 kv_len=4096 n_heads=12 n_kv_heads=2 head_dim=128 kv_head=0 worker=1 block_r=0 block_c=1280 t0_us=260176977249 t1_us=260176977250 dur_us=0
FIG8_ATTENTION_EVENT mode=lut-exp layout=serial phase=measure iteration=0 component=k_load component_id=2 lut_exp=1 scna_layout=0 scna_width=0 qo_len=4 kv_len=4096 n_heads=12 n_kv_heads=2 head_dim=128 kv_head=0 worker=1 block_r=0 block_c=2560 t0_us=260176977250 t1_us=260176977270 dur_us=20
FIG8_ATTENTION_EVENT mode=lut-exp layout=serial phase=measure iteration=0 component=qk_dot component_id=4 lut_exp=1 scna_layout=0 scna_width=0 qo_len=4 kv_len=4096 n_heads=12 n_kv_heads=2 head_dim=128 kv_head=0 worker=1 block_r=0 block_c=2560 t0_us=260176977270 t1_us=260176977271 dur_us=0
FIG8_ATTENTION_EVENT mode=lut-exp layout=serial phase=measure iteration=0 component=safe_sm component_id=5 lut_exp=1 scna_layout=0 scna_width=0 qo_len=4 kv_len=4096 n_heads=12 n_kv_heads=2 head_dim=128 kv_head=0 worker=1 block_r=0 block_c=2560 t0_us=260176977271 t1_us=260176977289 dur_us=17
FIG8_ATTENTION_EVENT mode=lut-exp layout=serial phase=measure iteration=0 component=v_load component_id=3 lut_exp=1 scna_layout=0 scna_width=0 qo_len=4 kv_len=4096 n_heads=12 n_kv_heads=2 head_dim=128 kv_head=0 worker=1 block_r=0 block_c=2560 t0_us=260176977289 t1_us=260176977315 dur_us=26
FIG8_ATTENTION_EVENT mode=lut-exp layout=serial phase=measure iteration=0 component=core_acc component_id=6 lut_exp=1 scna_layout=0 scna_width=0 qo_len=4 kv_len=4096 n_heads=12 n_kv_heads=2 head_dim=128 kv_head=0 worker=1 block_r=0 block_c=2560 t0_us=260176977315 t1_us=260176977316 dur_us=0
FIG8_ATTENTION_EVENT mode=lut-exp layout=serial phase=measure iteration=0 component=k_load component_id=2 lut_exp=1 scna_layout=0 scna_width=0 qo_len=4 kv_len=4096 n_heads=12 n_kv_heads=2 head_dim=128 kv_head=0 worker=1 block_r=0 block_c=3840 t0_us=260176977316 t1_us=260176977320 dur_us=4
FIG8_ATTENTION_EVENT mode=lut-exp layout=serial phase=measure iteration=0 component=qk_dot component_id=4 lut_exp=1 scna_layout=0 scna_width=0 qo_len=4 kv_len=4096 n_heads=12 n_kv_heads=2 head_dim=128 kv_head=0 worker=1 block_r=0 block_c=3840 t0_us=260176977320 t1_us=260176977320 dur_us=0
FIG8_ATTENTION_EVENT mode=lut-exp layout=serial phase=measure iteration=0 component=safe_sm component_id=5 lut_exp=1 scna_layout=0 scna_width=0 qo_len=4 kv_len=4096 n_heads=12 n_kv_heads=2 head_dim=128 kv_head=0 worker=1 block_r=0 block_c=3840 t0_us=260176977320 t1_us=260176977326 dur_us=5
FIG8_ATTENTION_EVENT mode=lut-exp layout=serial phase=measure iteration=0 component=v_load component_id=3 lut_exp=1 scna_layout=0 scna_width=0 qo_len=4 kv_len=4096 n_heads=12 n_kv_heads=2 head_dim=128 kv_head=0 worker=1 block_r=0 block_c=3840 t0_us=260176977326 t1_us=260176977329 dur_us=2
FIG8_ATTENTION_EVENT mode=lut-exp layout=serial phase=measure iteration=0 component=core_acc component_id=6 lut_exp=1 scna_layout=0 scna_width=0 qo_len=4 kv_len=4096 n_heads=12 n_kv_heads=2 head_dim=128 kv_head=0 worker=1 block_r=0 block_c=3840 t0_us=260176977329 t1_us=260176977329 dur_us=0
FIG8_ATTENTION_EVENT mode=lut-exp layout=serial phase=measure iteration=0 component=o_scale component_id=7 lut_exp=1 scna_layout=0 scna_width=0 qo_len=4 kv_len=4096 n_heads=12 n_kv_heads=2 head_dim=128 kv_head=0 worker=1 block_r=0 block_c=-1 t0_us=260176977329 t1_us=260176977331 dur_us=1
FIG8_ATTENTION_EVENT mode=lut-exp layout=serial phase=measure iteration=0 component=o_store component_id=8 lut_exp=1 scna_layout=0 scna_width=0 qo_len=4 kv_len=4096 n_heads=12 n_kv_heads=2 head_dim=128 kv_head=0 worker=1 block_r=0 block_c=-1 t0_us=260176977331 t1_us=260176977333 dur_us=1
FIG8_ATTENTION_EVENT mode=lut-exp layout=serial phase=measure iteration=0 component=q_load component_id=1 lut_exp=1 scna_layout=0 scna_width=0 qo_len=4 kv_len=4096 n_heads=12 n_kv_heads=2 head_dim=128 kv_head=1 worker=1 block_r=0 block_c=-1 t0_us=260176977372 t1_us=260176977373 dur_us=1
FIG8_ATTENTION_EVENT mode=lut-exp layout=serial phase=measure iteration=0 component=k_load component_id=2 lut_exp=1 scna_layout=0 scna_width=0 qo_len=4 kv_len=4096 n_heads=12 n_kv_heads=2 head_dim=128 kv_head=1 worker=1 block_r=0 block_c=0 t0_us=260176977375 t1_us=260176977396 dur_us=20
FIG8_ATTENTION_EVENT mode=lut-exp layout=serial phase=measure iteration=0 component=qk_dot component_id=4 lut_exp=1 scna_layout=0 scna_width=0 qo_len=4 kv_len=4096 n_heads=12 n_kv_heads=2 head_dim=128 kv_head=1 worker=1 block_r=0 block_c=0 t0_us=260176977396 t1_us=260176977397 dur_us=0
FIG8_ATTENTION_EVENT mode=lut-exp layout=serial phase=measure iteration=0 component=safe_sm component_id=5 lut_exp=1 scna_layout=0 scna_width=0 qo_len=4 kv_len=4096 n_heads=12 n_kv_heads=2 head_dim=128 kv_head=1 worker=1 block_r=0 block_c=0 t0_us=260176977398 t1_us=260176977416 dur_us=18
FIG8_ATTENTION_EVENT mode=lut-exp layout=serial phase=measure iteration=0 component=v_load component_id=3 lut_exp=1 scna_layout=0 scna_width=0 qo_len=4 kv_len=4096 n_heads=12 n_kv_heads=2 head_dim=128 kv_head=1 worker=1 block_r=0 block_c=0 t0_us=260176977417 t1_us=260176977434 dur_us=17
FIG8_ATTENTION_EVENT mode=lut-exp layout=serial phase=measure iteration=0 component=core_acc component_id=6 lut_exp=1 scna_layout=0 scna_width=0 qo_len=4 kv_len=4096 n_heads=12 n_kv_heads=2 head_dim=128 kv_head=1 worker=1 block_r=0 block_c=0 t0_us=260176977434 t1_us=260176977436 dur_us=1
FIG8_ATTENTION_EVENT mode=lut-exp layout=serial phase=measure iteration=0 component=k_load component_id=2 lut_exp=1 scna_layout=0 scna_width=0 qo_len=4 kv_len=4096 n_heads=12 n_kv_heads=2 head_dim=128 kv_head=1 worker=1 block_r=0 block_c=1280 t0_us=260176977437 t1_us=260176977460 dur_us=22
FIG8_ATTENTION_EVENT mode=lut-exp layout=serial phase=measure iteration=0 component=qk_dot component_id=4 lut_exp=1 scna_layout=0 scna_width=0 qo_len=4 kv_len=4096 n_heads=12 n_kv_heads=2 head_dim=128 kv_head=1 worker=1 block_r=0 block_c=1280 t0_us=260176977460 t1_us=260176977460 dur_us=0
FIG8_ATTENTION_EVENT mode=lut-exp layout=serial phase=measure iteration=0 component=safe_sm component_id=5 lut_exp=1 scna_layout=0 scna_width=0 qo_len=4 kv_len=4096 n_heads=12 n_kv_heads=2 head_dim=128 kv_head=1 worker=1 block_r=0 block_c=1280 t0_us=260176977460 t1_us=260176977478 dur_us=17
FIG8_ATTENTION_EVENT mode=lut-exp layout=serial phase=measure iteration=0 component=v_load component_id=3 lut_exp=1 scna_layout=0 scna_width=0 qo_len=4 kv_len=4096 n_heads=12 n_kv_heads=2 head_dim=128 kv_head=1 worker=1 block_r=0 block_c=1280 t0_us=260176977478 t1_us=260176977505 dur_us=26
FIG8_ATTENTION_EVENT mode=lut-exp layout=serial phase=measure iteration=0 component=core_acc component_id=6 lut_exp=1 scna_layout=0 scna_width=0 qo_len=4 kv_len=4096 n_heads=12 n_kv_heads=2 head_dim=128 kv_head=1 worker=1 block_r=0 block_c=1280 t0_us=260176977505 t1_us=260176977506 dur_us=0
FIG8_ATTENTION_EVENT mode=lut-exp layout=serial phase=measure iteration=0 component=k_load component_id=2 lut_exp=1 scna_layout=0 scna_width=0 qo_len=4 kv_len=4096 n_heads=12 n_kv_heads=2 head_dim=128 kv_head=1 worker=1 block_r=0 block_c=2560 t0_us=260176977506 t1_us=260176977526 dur_us=20
FIG8_ATTENTION_EVENT mode=lut-exp layout=serial phase=measure iteration=0 component=qk_dot component_id=4 lut_exp=1 scna_layout=0 scna_width=0 qo_len=4 kv_len=4096 n_heads=12 n_kv_heads=2 head_dim=128 kv_head=1 worker=1 block_r=0 block_c=2560 t0_us=260176977526 t1_us=260176977527 dur_us=0
FIG8_ATTENTION_EVENT mode=lut-exp layout=serial phase=measure iteration=0 component=safe_sm component_id=5 lut_exp=1 scna_layout=0 scna_width=0 qo_len=4 kv_len=4096 n_heads=12 n_kv_heads=2 head_dim=128 kv_head=1 worker=1 block_r=0 block_c=2560 t0_us=260176977527 t1_us=260176977544 dur_us=17
FIG8_ATTENTION_EVENT mode=lut-exp layout=serial phase=measure iteration=0 component=v_load component_id=3 lut_exp=1 scna_layout=0 scna_width=0 qo_len=4 kv_len=4096 n_heads=12 n_kv_heads=2 head_dim=128 kv_head=1 worker=1 block_r=0 block_c=2560 t0_us=260176977545 t1_us=260176977568 dur_us=23
FIG8_ATTENTION_EVENT mode=lut-exp layout=serial phase=measure iteration=0 component=core_acc component_id=6 lut_exp=1 scna_layout=0 scna_width=0 qo_len=4 kv_len=4096 n_heads=12 n_kv_heads=2 head_dim=128 kv_head=1 worker=1 block_r=0 block_c=2560 t0_us=260176977568 t1_us=260176977569 dur_us=0
FIG8_ATTENTION_EVENT mode=lut-exp layout=serial phase=measure iteration=0 component=k_load component_id=2 lut_exp=1 scna_layout=0 scna_width=0 qo_len=4 kv_len=4096 n_heads=12 n_kv_heads=2 head_dim=128 kv_head=1 worker=1 block_r=0 block_c=3840 t0_us=260176977569 t1_us=260176977573 dur_us=4
FIG8_ATTENTION_EVENT mode=lut-exp layout=serial phase=measure iteration=0 component=qk_dot component_id=4 lut_exp=1 scna_layout=0 scna_width=0 qo_len=4 kv_len=4096 n_heads=12 n_kv_heads=2 head_dim=128 kv_head=1 worker=1 block_r=0 block_c=3840 t0_us=260176977573 t1_us=260176977573 dur_us=0
FIG8_ATTENTION_EVENT mode=lut-exp layout=serial phase=measure iteration=0 component=safe_sm component_id=5 lut_exp=1 scna_layout=0 scna_width=0 qo_len=4 kv_len=4096 n_heads=12 n_kv_heads=2 head_dim=128 kv_head=1 worker=1 block_r=0 block_c=3840 t0_us=260176977574 t1_us=260176977580 dur_us=6
FIG8_ATTENTION_EVENT mode=lut-exp layout=serial phase=measure iteration=0 component=v_load component_id=3 lut_exp=1 scna_layout=0 scna_width=0 qo_len=4 kv_len=4096 n_heads=12 n_kv_heads=2 head_dim=128 kv_head=1 worker=1 block_r=0 block_c=3840 t0_us=260176977580 t1_us=260176977582 dur_us=2
FIG8_ATTENTION_EVENT mode=lut-exp layout=serial phase=measure iteration=0 component=core_acc component_id=6 lut_exp=1 scna_layout=0 scna_width=0 qo_len=4 kv_len=4096 n_heads=12 n_kv_heads=2 head_dim=128 kv_head=1 worker=1 block_r=0 block_c=3840 t0_us=260176977582 t1_us=260176977582 dur_us=0
FIG8_ATTENTION_EVENT mode=lut-exp layout=serial phase=measure iteration=0 component=o_scale component_id=7 lut_exp=1 scna_layout=0 scna_width=0 qo_len=4 kv_len=4096 n_heads=12 n_kv_heads=2 head_dim=128 kv_head=1 worker=1 block_r=0 block_c=-1 t0_us=260176977583 t1_us=260176977584 dur_us=1
FIG8_ATTENTION_EVENT mode=lut-exp layout=serial phase=measure iteration=0 component=o_store component_id=8 lut_exp=1 scna_layout=0 scna_width=0 qo_len=4 kv_len=4096 n_heads=12 n_kv_heads=2 head_dim=128 kv_head=1 worker=1 block_r=0 block_c=-1 t0_us=260176977584 t1_us=260176977586 dur_us=2
FIG8_ATTENTION_EVENT mode=lut-exp layout=serial phase=measure iteration=0 component=q_load component_id=1 lut_exp=1 scna_layout=0 scna_width=0 qo_len=4 kv_len=4096 n_heads=12 n_kv_heads=2 head_dim=128 kv_head=0 worker=1 block_r=0 block_c=-1 t0_us=260176977624 t1_us=260176977625 dur_us=1
FIG8_ATTENTION_EVENT mode=lut-exp layout=serial phase=measure iteration=0 component=k_load component_id=2 lut_exp=1 scna_layout=0 scna_width=0 qo_len=4 kv_len=4096 n_heads=12 n_kv_heads=2 head_dim=128 kv_head=0 worker=1 block_r=0 block_c=0 t0_us=260176977626 t1_us=260176977647 dur_us=20
FIG8_ATTENTION_EVENT mode=lut-exp layout=serial phase=measure iteration=0 component=qk_dot component_id=4 lut_exp=1 scna_layout=0 scna_width=0 qo_len=4 kv_len=4096 n_heads=12 n_kv_heads=2 head_dim=128 kv_head=0 worker=1 block_r=0 block_c=0 t0_us=260176977648 t1_us=260176977648 dur_us=0
FIG8_ATTENTION_EVENT mode=lut-exp layout=serial phase=measure iteration=0 component=safe_sm component_id=5 lut_exp=1 scna_layout=0 scna_width=0 qo_len=4 kv_len=4096 n_heads=12 n_kv_heads=2 head_dim=128 kv_head=0 worker=1 block_r=0 block_c=0 t0_us=260176977648 t1_us=260176977667 dur_us=18
FIG8_ATTENTION_EVENT mode=lut-exp layout=serial phase=measure iteration=0 component=v_load component_id=3 lut_exp=1 scna_layout=0 scna_width=0 qo_len=4 kv_len=4096 n_heads=12 n_kv_heads=2 head_dim=128 kv_head=0 worker=1 block_r=0 block_c=0 t0_us=260176977667 t1_us=260176977685 dur_us=18
FIG8_ATTENTION_EVENT mode=lut-exp layout=serial phase=measure iteration=0 component=core_acc component_id=6 lut_exp=1 scna_layout=0 scna_width=0 qo_len=4 kv_len=4096 n_heads=12 n_kv_heads=2 head_dim=128 kv_head=0 worker=1 block_r=0 block_c=0 t0_us=260176977686 t1_us=260176977689 dur_us=3
FIG8_ATTENTION_EVENT mode=lut-exp layout=serial phase=measure iteration=0 component=k_load component_id=2 lut_exp=1 scna_layout=0 scna_width=0 qo_len=4 kv_len=4096 n_heads=12 n_kv_heads=2 head_dim=128 kv_head=0 worker=1 block_r=0 block_c=1280 t0_us=260176977690 t1_us=260176977712 dur_us=21
FIG8_ATTENTION_EVENT mode=lut-exp layout=serial phase=measure iteration=0 component=qk_dot component_id=4 lut_exp=1 scna_layout=0 scna_width=0 qo_len=4 kv_len=4096 n_heads=12 n_kv_heads=2 head_dim=128 kv_head=0 worker=1 block_r=0 block_c=1280 t0_us=260176977712 t1_us=260176977713 dur_us=0
FIG8_ATTENTION_EVENT mode=lut-exp layout=serial phase=measure iteration=0 component=safe_sm component_id=5 lut_exp=1 scna_layout=0 scna_width=0 qo_len=4 kv_len=4096 n_heads=12 n_kv_heads=2 head_dim=128 kv_head=0 worker=1 block_r=0 block_c=1280 t0_us=260176977713 t1_us=260176977730 dur_us=17
FIG8_ATTENTION_EVENT mode=lut-exp layout=serial phase=measure iteration=0 component=v_load component_id=3 lut_exp=1 scna_layout=0 scna_width=0 qo_len=4 kv_len=4096 n_heads=12 n_kv_heads=2 head_dim=128 kv_head=0 worker=1 block_r=0 block_c=1280 t0_us=260176977730 t1_us=260176977753 dur_us=23
FIG8_ATTENTION_EVENT mode=lut-exp layout=serial phase=measure iteration=0 component=core_acc component_id=6 lut_exp=1 scna_layout=0 scna_width=0 qo_len=4 kv_len=4096 n_heads=12 n_kv_heads=2 head_dim=128 kv_head=0 worker=1 block_r=0 block_c=1280 t0_us=260176977753 t1_us=260176977754 dur_us=0
FIG8_ATTENTION_EVENT mode=lut-exp layout=serial phase=measure iteration=0 component=k_load component_id=2 lut_exp=1 scna_layout=0 scna_width=0 qo_len=4 kv_len=4096 n_heads=12 n_kv_heads=2 head_dim=128 kv_head=0 worker=1 block_r=0 block_c=2560 t0_us=260176977754 t1_us=260176977775 dur_us=20
FIG8_ATTENTION_EVENT mode=lut-exp layout=serial phase=measure iteration=0 component=qk_dot component_id=4 lut_exp=1 scna_layout=0 scna_width=0 qo_len=4 kv_len=4096 n_heads=12 n_kv_heads=2 head_dim=128 kv_head=0 worker=1 block_r=0 block_c=2560 t0_us=260176977775 t1_us=260176977775 dur_us=0
FIG8_ATTENTION_EVENT mode=lut-exp layout=serial phase=measure iteration=0 component=safe_sm component_id=5 lut_exp=1 scna_layout=0 scna_width=0 qo_len=4 kv_len=4096 n_heads=12 n_kv_heads=2 head_dim=128 kv_head=0 worker=1 block_r=0 block_c=2560 t0_us=260176977775 t1_us=260176977793 dur_us=17
FIG8_ATTENTION_EVENT mode=lut-exp layout=serial phase=measure iteration=0 component=v_load component_id=3 lut_exp=1 scna_layout=0 scna_width=0 qo_len=4 kv_len=4096 n_heads=12 n_kv_heads=2 head_dim=128 kv_head=0 worker=1 block_r=0 block_c=2560 t0_us=260176977793 t1_us=260176977816 dur_us=23
FIG8_ATTENTION_EVENT mode=lut-exp layout=serial phase=measure iteration=0 component=core_acc component_id=6 lut_exp=1 scna_layout=0 scna_width=0 qo_len=4 kv_len=4096 n_heads=12 n_kv_heads=2 head_dim=128 kv_head=0 worker=1 block_r=0 block_c=2560 t0_us=260176977816 t1_us=260176977817 dur_us=0
FIG8_ATTENTION_EVENT mode=lut-exp layout=serial phase=measure iteration=0 component=k_load component_id=2 lut_exp=1 scna_layout=0 scna_width=0 qo_len=4 kv_len=4096 n_heads=12 n_kv_heads=2 head_dim=128 kv_head=0 worker=1 block_r=0 block_c=3840 t0_us=260176977817 t1_us=260176977821 dur_us=4
FIG8_ATTENTION_EVENT mode=lut-exp layout=serial phase=measure iteration=0 component=qk_dot component_id=4 lut_exp=1 scna_layout=0 scna_width=0 qo_len=4 kv_len=4096 n_heads=12 n_kv_heads=2 head_dim=128 kv_head=0 worker=1 block_r=0 block_c=3840 t0_us=260176977821 t1_us=260176977821 dur_us=0
FIG8_ATTENTION_EVENT mode=lut-exp layout=serial phase=measure iteration=0 component=safe_sm component_id=5 lut_exp=1 scna_layout=0 scna_width=0 qo_len=4 kv_len=4096 n_heads=12 n_kv_heads=2 head_dim=128 kv_head=0 worker=1 block_r=0 block_c=3840 t0_us=260176977821 t1_us=260176977827 dur_us=5
FIG8_ATTENTION_EVENT mode=lut-exp layout=serial phase=measure iteration=0 component=v_load component_id=3 lut_exp=1 scna_layout=0 scna_width=0 qo_len=4 kv_len=4096 n_heads=12 n_kv_heads=2 head_dim=128 kv_head=0 worker=1 block_r=0 block_c=3840 t0_us=260176977828 t1_us=260176977830 dur_us=2
FIG8_ATTENTION_EVENT mode=lut-exp layout=serial phase=measure iteration=0 component=core_acc component_id=6 lut_exp=1 scna_layout=0 scna_width=0 qo_len=4 kv_len=4096 n_heads=12 n_kv_heads=2 head_dim=128 kv_head=0 worker=1 block_r=0 block_c=3840 t0_us=260176977830 t1_us=260176977830 dur_us=0
FIG8_ATTENTION_EVENT mode=lut-exp layout=serial phase=measure iteration=0 component=o_scale component_id=7 lut_exp=1 scna_layout=0 scna_width=0 qo_len=4 kv_len=4096 n_heads=12 n_kv_heads=2 head_dim=128 kv_head=0 worker=1 block_r=0 block_c=-1 t0_us=260176977830 t1_us=260176977832 dur_us=1
FIG8_ATTENTION_EVENT mode=lut-exp layout=serial phase=measure iteration=0 component=o_store component_id=8 lut_exp=1 scna_layout=0 scna_width=0 qo_len=4 kv_len=4096 n_heads=12 n_kv_heads=2 head_dim=128 kv_head=0 worker=1 block_r=0 block_c=-1 t0_us=260176977832 t1_us=260176977834 dur_us=1
FIG8_ATTENTION_EVENT mode=lut-exp layout=serial phase=measure iteration=0 component=q_load component_id=1 lut_exp=1 scna_layout=0 scna_width=0 qo_len=4 kv_len=4096 n_heads=12 n_kv_heads=2 head_dim=128 kv_head=1 worker=1 block_r=0 block_c=-1 t0_us=260176977873 t1_us=260176977875 dur_us=1
FIG8_ATTENTION_EVENT mode=lut-exp layout=serial phase=measure iteration=0 component=k_load component_id=2 lut_exp=1 scna_layout=0 scna_width=0 qo_len=4 kv_len=4096 n_heads=12 n_kv_heads=2 head_dim=128 kv_head=1 worker=1 block_r=0 block_c=0 t0_us=260176977876 t1_us=260176977898 dur_us=21
FIG8_ATTENTION_EVENT mode=lut-exp layout=serial phase=measure iteration=0 component=qk_dot component_id=4 lut_exp=1 scna_layout=0 scna_width=0 qo_len=4 kv_len=4096 n_heads=12 n_kv_heads=2 head_dim=128 kv_head=1 worker=1 block_r=0 block_c=0 t0_us=260176977898 t1_us=260176977899 dur_us=0
FIG8_ATTENTION_EVENT mode=lut-exp layout=serial phase=measure iteration=0 component=safe_sm component_id=5 lut_exp=1 scna_layout=0 scna_width=0 qo_len=4 kv_len=4096 n_heads=12 n_kv_heads=2 head_dim=128 kv_head=1 worker=1 block_r=0 block_c=0 t0_us=260176977900 t1_us=260176977919 dur_us=19
FIG8_ATTENTION_EVENT mode=lut-exp layout=serial phase=measure iteration=0 component=v_load component_id=3 lut_exp=1 scna_layout=0 scna_width=0 qo_len=4 kv_len=4096 n_heads=12 n_kv_heads=2 head_dim=128 kv_head=1 worker=1 block_r=0 block_c=0 t0_us=260176977919 t1_us=260176977936 dur_us=16
FIG8_ATTENTION_EVENT mode=lut-exp layout=serial phase=measure iteration=0 component=core_acc component_id=6 lut_exp=1 scna_layout=0 scna_width=0 qo_len=4 kv_len=4096 n_heads=12 n_kv_heads=2 head_dim=128 kv_head=1 worker=1 block_r=0 block_c=0 t0_us=260176977936 t1_us=260176977938 dur_us=2
FIG8_ATTENTION_EVENT mode=lut-exp layout=serial phase=measure iteration=0 component=k_load component_id=2 lut_exp=1 scna_layout=0 scna_width=0 qo_len=4 kv_len=4096 n_heads=12 n_kv_heads=2 head_dim=128 kv_head=1 worker=1 block_r=0 block_c=1280 t0_us=260176977939 t1_us=260176977962 dur_us=22
FIG8_ATTENTION_EVENT mode=lut-exp layout=serial phase=measure iteration=0 component=qk_dot component_id=4 lut_exp=1 scna_layout=0 scna_width=0 qo_len=4 kv_len=4096 n_heads=12 n_kv_heads=2 head_dim=128 kv_head=1 worker=1 block_r=0 block_c=1280 t0_us=260176977962 t1_us=260176977962 dur_us=0
FIG8_ATTENTION_EVENT mode=lut-exp layout=serial phase=measure iteration=0 component=safe_sm component_id=5 lut_exp=1 scna_layout=0 scna_width=0 qo_len=4 kv_len=4096 n_heads=12 n_kv_heads=2 head_dim=128 kv_head=1 worker=1 block_r=0 block_c=1280 t0_us=260176977962 t1_us=260176977980 dur_us=17
FIG8_ATTENTION_EVENT mode=lut-exp layout=serial phase=measure iteration=0 component=v_load component_id=3 lut_exp=1 scna_layout=0 scna_width=0 qo_len=4 kv_len=4096 n_heads=12 n_kv_heads=2 head_dim=128 kv_head=1 worker=1 block_r=0 block_c=1280 t0_us=260176977980 t1_us=260176978004 dur_us=24
FIG8_ATTENTION_EVENT mode=lut-exp layout=serial phase=measure iteration=0 component=core_acc component_id=6 lut_exp=1 scna_layout=0 scna_width=0 qo_len=4 kv_len=4096 n_heads=12 n_kv_heads=2 head_dim=128 kv_head=1 worker=1 block_r=0 block_c=1280 t0_us=260176978004 t1_us=260176978005 dur_us=0
FIG8_ATTENTION_EVENT mode=lut-exp layout=serial phase=measure iteration=0 component=k_load component_id=2 lut_exp=1 scna_layout=0 scna_width=0 qo_len=4 kv_len=4096 n_heads=12 n_kv_heads=2 head_dim=128 kv_head=1 worker=1 block_r=0 block_c=2560 t0_us=260176978005 t1_us=260176978026 dur_us=20
FIG8_ATTENTION_EVENT mode=lut-exp layout=serial phase=measure iteration=0 component=qk_dot component_id=4 lut_exp=1 scna_layout=0 scna_width=0 qo_len=4 kv_len=4096 n_heads=12 n_kv_heads=2 head_dim=128 kv_head=1 worker=1 block_r=0 block_c=2560 t0_us=260176978026 t1_us=260176978026 dur_us=0
FIG8_ATTENTION_EVENT mode=lut-exp layout=serial phase=measure iteration=0 component=safe_sm component_id=5 lut_exp=1 scna_layout=0 scna_width=0 qo_len=4 kv_len=4096 n_heads=12 n_kv_heads=2 head_dim=128 kv_head=1 worker=1 block_r=0 block_c=2560 t0_us=260176978026 t1_us=260176978044 dur_us=17
FIG8_ATTENTION_EVENT mode=lut-exp layout=serial phase=measure iteration=0 component=v_load component_id=3 lut_exp=1 scna_layout=0 scna_width=0 qo_len=4 kv_len=4096 n_heads=12 n_kv_heads=2 head_dim=128 kv_head=1 worker=1 block_r=0 block_c=2560 t0_us=260176978044 t1_us=260176978070 dur_us=25
FIG8_ATTENTION_EVENT mode=lut-exp layout=serial phase=measure iteration=0 component=core_acc component_id=6 lut_exp=1 scna_layout=0 scna_width=0 qo_len=4 kv_len=4096 n_heads=12 n_kv_heads=2 head_dim=128 kv_head=1 worker=1 block_r=0 block_c=2560 t0_us=260176978070 t1_us=260176978070 dur_us=0
FIG8_ATTENTION_EVENT mode=lut-exp layout=serial phase=measure iteration=0 component=k_load component_id=2 lut_exp=1 scna_layout=0 scna_width=0 qo_len=4 kv_len=4096 n_heads=12 n_kv_heads=2 head_dim=128 kv_head=1 worker=1 block_r=0 block_c=3840 t0_us=260176978071 t1_us=260176978075 dur_us=4
FIG8_ATTENTION_EVENT mode=lut-exp layout=serial phase=measure iteration=0 component=qk_dot component_id=4 lut_exp=1 scna_layout=0 scna_width=0 qo_len=4 kv_len=4096 n_heads=12 n_kv_heads=2 head_dim=128 kv_head=1 worker=1 block_r=0 block_c=3840 t0_us=260176978075 t1_us=260176978075 dur_us=0
FIG8_ATTENTION_EVENT mode=lut-exp layout=serial phase=measure iteration=0 component=safe_sm component_id=5 lut_exp=1 scna_layout=0 scna_width=0 qo_len=4 kv_len=4096 n_heads=12 n_kv_heads=2 head_dim=128 kv_head=1 worker=1 block_r=0 block_c=3840 t0_us=260176978075 t1_us=260176978081 dur_us=5
FIG8_ATTENTION_EVENT mode=lut-exp layout=serial phase=measure iteration=0 component=v_load component_id=3 lut_exp=1 scna_layout=0 scna_width=0 qo_len=4 kv_len=4096 n_heads=12 n_kv_heads=2 head_dim=128 kv_head=1 worker=1 block_r=0 block_c=3840 t0_us=260176978081 t1_us=260176978083 dur_us=2
FIG8_ATTENTION_EVENT mode=lut-exp layout=serial phase=measure iteration=0 component=core_acc component_id=6 lut_exp=1 scna_layout=0 scna_width=0 qo_len=4 kv_len=4096 n_heads=12 n_kv_heads=2 head_dim=128 kv_head=1 worker=1 block_r=0 block_c=3840 t0_us=260176978084 t1_us=260176978084 dur_us=0
FIG8_ATTENTION_EVENT mode=lut-exp layout=serial phase=measure iteration=0 component=o_scale component_id=7 lut_exp=1 scna_layout=0 scna_width=0 qo_len=4 kv_len=4096 n_heads=12 n_kv_heads=2 head_dim=128 kv_head=1 worker=1 block_r=0 block_c=-1 t0_us=260176978084 t1_us=260176978085 dur_us=1
FIG8_ATTENTION_EVENT mode=lut-exp layout=serial phase=measure iteration=0 component=o_store component_id=8 lut_exp=1 scna_layout=0 scna_width=0 qo_len=4 kv_len=4096 n_heads=12 n_kv_heads=2 head_dim=128 kv_head=1 worker=1 block_r=0 block_c=-1 t0_us=260176978086 t1_us=260176978088 dur_us=2
FIG8_ATTENTION_EVENT mode=lut-exp layout=serial phase=measure iteration=0 component=q_load component_id=1 lut_exp=1 scna_layout=0 scna_width=0 qo_len=4 kv_len=4096 n_heads=12 n_kv_heads=2 head_dim=128 kv_head=0 worker=1 block_r=0 block_c=-1 t0_us=260176978126 t1_us=260176978127 dur_us=1
FIG8_ATTENTION_EVENT mode=lut-exp layout=serial phase=measure iteration=0 component=k_load component_id=2 lut_exp=1 scna_layout=0 scna_width=0 qo_len=4 kv_len=4096 n_heads=12 n_kv_heads=2 head_dim=128 kv_head=0 worker=1 block_r=0 block_c=0 t0_us=260176978128 t1_us=260176978149 dur_us=20
FIG8_ATTENTION_EVENT mode=lut-exp layout=serial phase=measure iteration=0 component=qk_dot component_id=4 lut_exp=1 scna_layout=0 scna_width=0 qo_len=4 kv_len=4096 n_heads=12 n_kv_heads=2 head_dim=128 kv_head=0 worker=1 block_r=0 block_c=0 t0_us=260176978150 t1_us=260176978150 dur_us=0
FIG8_ATTENTION_EVENT mode=lut-exp layout=serial phase=measure iteration=0 component=safe_sm component_id=5 lut_exp=1 scna_layout=0 scna_width=0 qo_len=4 kv_len=4096 n_heads=12 n_kv_heads=2 head_dim=128 kv_head=0 worker=1 block_r=0 block_c=0 t0_us=260176978150 t1_us=260176978169 dur_us=18
FIG8_ATTENTION_EVENT mode=lut-exp layout=serial phase=measure iteration=0 component=v_load component_id=3 lut_exp=1 scna_layout=0 scna_width=0 qo_len=4 kv_len=4096 n_heads=12 n_kv_heads=2 head_dim=128 kv_head=0 worker=1 block_r=0 block_c=0 t0_us=260176978169 t1_us=260176978187 dur_us=17
FIG8_ATTENTION_EVENT mode=lut-exp layout=serial phase=measure iteration=0 component=core_acc component_id=6 lut_exp=1 scna_layout=0 scna_width=0 qo_len=4 kv_len=4096 n_heads=12 n_kv_heads=2 head_dim=128 kv_head=0 worker=1 block_r=0 block_c=0 t0_us=260176978188 t1_us=260176978190 dur_us=2
FIG8_ATTENTION_EVENT mode=lut-exp layout=serial phase=measure iteration=0 component=k_load component_id=2 lut_exp=1 scna_layout=0 scna_width=0 qo_len=4 kv_len=4096 n_heads=12 n_kv_heads=2 head_dim=128 kv_head=0 worker=1 block_r=0 block_c=1280 t0_us=260176978191 t1_us=260176978214 dur_us=22
FIG8_ATTENTION_EVENT mode=lut-exp layout=serial phase=measure iteration=0 component=qk_dot component_id=4 lut_exp=1 scna_layout=0 scna_width=0 qo_len=4 kv_len=4096 n_heads=12 n_kv_heads=2 head_dim=128 kv_head=0 worker=1 block_r=0 block_c=1280 t0_us=260176978214 t1_us=260176978214 dur_us=0
FIG8_ATTENTION_EVENT mode=lut-exp layout=serial phase=measure iteration=0 component=safe_sm component_id=5 lut_exp=1 scna_layout=0 scna_width=0 qo_len=4 kv_len=4096 n_heads=12 n_kv_heads=2 head_dim=128 kv_head=0 worker=1 block_r=0 block_c=1280 t0_us=260176978214 t1_us=260176978232 dur_us=18
FIG8_ATTENTION_EVENT mode=lut-exp layout=serial phase=measure iteration=0 component=v_load component_id=3 lut_exp=1 scna_layout=0 scna_width=0 qo_len=4 kv_len=4096 n_heads=12 n_kv_heads=2 head_dim=128 kv_head=0 worker=1 block_r=0 block_c=1280 t0_us=260176978232 t1_us=260176978256 dur_us=23
FIG8_ATTENTION_EVENT mode=lut-exp layout=serial phase=measure iteration=0 component=core_acc component_id=6 lut_exp=1 scna_layout=0 scna_width=0 qo_len=4 kv_len=4096 n_heads=12 n_kv_heads=2 head_dim=128 kv_head=0 worker=1 block_r=0 block_c=1280 t0_us=260176978256 t1_us=260176978257 dur_us=0
FIG8_ATTENTION_EVENT mode=lut-exp layout=serial phase=measure iteration=0 component=k_load component_id=2 lut_exp=1 scna_layout=0 scna_width=0 qo_len=4 kv_len=4096 n_heads=12 n_kv_heads=2 head_dim=128 kv_head=0 worker=1 block_r=0 block_c=2560 t0_us=260176978257 t1_us=260176978278 dur_us=20
FIG8_ATTENTION_EVENT mode=lut-exp layout=serial phase=measure iteration=0 component=qk_dot component_id=4 lut_exp=1 scna_layout=0 scna_width=0 qo_len=4 kv_len=4096 n_heads=12 n_kv_heads=2 head_dim=128 kv_head=0 worker=1 block_r=0 block_c=2560 t0_us=260176978278 t1_us=260176978278 dur_us=0
FIG8_ATTENTION_EVENT mode=lut-exp layout=serial phase=measure iteration=0 component=safe_sm component_id=5 lut_exp=1 scna_layout=0 scna_width=0 qo_len=4 kv_len=4096 n_heads=12 n_kv_heads=2 head_dim=128 kv_head=0 worker=1 block_r=0 block_c=2560 t0_us=260176978279 t1_us=260176978296 dur_us=17
FIG8_ATTENTION_EVENT mode=lut-exp layout=serial phase=measure iteration=0 component=v_load component_id=3 lut_exp=1 scna_layout=0 scna_width=0 qo_len=4 kv_len=4096 n_heads=12 n_kv_heads=2 head_dim=128 kv_head=0 worker=1 block_r=0 block_c=2560 t0_us=260176978296 t1_us=260176978320 dur_us=23
FIG8_ATTENTION_EVENT mode=lut-exp layout=serial phase=measure iteration=0 component=core_acc component_id=6 lut_exp=1 scna_layout=0 scna_width=0 qo_len=4 kv_len=4096 n_heads=12 n_kv_heads=2 head_dim=128 kv_head=0 worker=1 block_r=0 block_c=2560 t0_us=260176978320 t1_us=260176978321 dur_us=0
FIG8_ATTENTION_EVENT mode=lut-exp layout=serial phase=measure iteration=0 component=k_load component_id=2 lut_exp=1 scna_layout=0 scna_width=0 qo_len=4 kv_len=4096 n_heads=12 n_kv_heads=2 head_dim=128 kv_head=0 worker=1 block_r=0 block_c=3840 t0_us=260176978321 t1_us=260176978325 dur_us=4
FIG8_ATTENTION_EVENT mode=lut-exp layout=serial phase=measure iteration=0 component=qk_dot component_id=4 lut_exp=1 scna_layout=0 scna_width=0 qo_len=4 kv_len=4096 n_heads=12 n_kv_heads=2 head_dim=128 kv_head=0 worker=1 block_r=0 block_c=3840 t0_us=260176978325 t1_us=260176978325 dur_us=0
FIG8_ATTENTION_EVENT mode=lut-exp layout=serial phase=measure iteration=0 component=safe_sm component_id=5 lut_exp=1 scna_layout=0 scna_width=0 qo_len=4 kv_len=4096 n_heads=12 n_kv_heads=2 head_dim=128 kv_head=0 worker=1 block_r=0 block_c=3840 t0_us=260176978325 t1_us=260176978331 dur_us=5
FIG8_ATTENTION_EVENT mode=lut-exp layout=serial phase=measure iteration=0 component=v_load component_id=3 lut_exp=1 scna_layout=0 scna_width=0 qo_len=4 kv_len=4096 n_heads=12 n_kv_heads=2 head_dim=128 kv_head=0 worker=1 block_r=0 block_c=3840 t0_us=260176978331 t1_us=260176978334 dur_us=2
FIG8_ATTENTION_EVENT mode=lut-exp layout=serial phase=measure iteration=0 component=core_acc component_id=6 lut_exp=1 scna_layout=0 scna_width=0 qo_len=4 kv_len=4096 n_heads=12 n_kv_heads=2 head_dim=128 kv_head=0 worker=1 block_r=0 block_c=3840 t0_us=260176978334 t1_us=260176978334 dur_us=0
FIG8_ATTENTION_EVENT mode=lut-exp layout=serial phase=measure iteration=0 component=o_scale component_id=7 lut_exp=1 scna_layout=0 scna_width=0 qo_len=4 kv_len=4096 n_heads=12 n_kv_heads=2 head_dim=128 kv_head=0 worker=1 block_r=0 block_c=-1 t0_us=260176978334 t1_us=260176978335 dur_us=1
FIG8_ATTENTION_EVENT mode=lut-exp layout=serial phase=measure iteration=0 component=o_store component_id=8 lut_exp=1 scna_layout=0 scna_width=0 qo_len=4 kv_len=4096 n_heads=12 n_kv_heads=2 head_dim=128 kv_head=0 worker=1 block_r=0 block_c=-1 t0_us=260176978336 t1_us=260176978338 dur_us=1
FIG8_ATTENTION_EVENT mode=lut-exp layout=serial phase=measure iteration=0 component=q_load component_id=1 lut_exp=1 scna_layout=0 scna_width=0 qo_len=4 kv_len=4096 n_heads=12 n_kv_heads=2 head_dim=128 kv_head=1 worker=1 block_r=0 block_c=-1 t0_us=260176978377 t1_us=260176978378 dur_us=1
FIG8_ATTENTION_EVENT mode=lut-exp layout=serial phase=measure iteration=0 component=k_load component_id=2 lut_exp=1 scna_layout=0 scna_width=0 qo_len=4 kv_len=4096 n_heads=12 n_kv_heads=2 head_dim=128 kv_head=1 worker=1 block_r=0 block_c=0 t0_us=260176978380 t1_us=260176978400 dur_us=20
FIG8_ATTENTION_EVENT mode=lut-exp layout=serial phase=measure iteration=0 component=qk_dot component_id=4 lut_exp=1 scna_layout=0 scna_width=0 qo_len=4 kv_len=4096 n_heads=12 n_kv_heads=2 head_dim=128 kv_head=1 worker=1 block_r=0 block_c=0 t0_us=260176978401 t1_us=260176978402 dur_us=0
FIG8_ATTENTION_EVENT mode=lut-exp layout=serial phase=measure iteration=0 component=safe_sm component_id=5 lut_exp=1 scna_layout=0 scna_width=0 qo_len=4 kv_len=4096 n_heads=12 n_kv_heads=2 head_dim=128 kv_head=1 worker=1 block_r=0 block_c=0 t0_us=260176978402 t1_us=260176978421 dur_us=19
FIG8_ATTENTION_EVENT mode=lut-exp layout=serial phase=measure iteration=0 component=v_load component_id=3 lut_exp=1 scna_layout=0 scna_width=0 qo_len=4 kv_len=4096 n_heads=12 n_kv_heads=2 head_dim=128 kv_head=1 worker=1 block_r=0 block_c=0 t0_us=260176978422 t1_us=260176978439 dur_us=17
FIG8_ATTENTION_EVENT mode=lut-exp layout=serial phase=measure iteration=0 component=core_acc component_id=6 lut_exp=1 scna_layout=0 scna_width=0 qo_len=4 kv_len=4096 n_heads=12 n_kv_heads=2 head_dim=128 kv_head=1 worker=1 block_r=0 block_c=0 t0_us=260176978440 t1_us=260176978443 dur_us=2
FIG8_ATTENTION_EVENT mode=lut-exp layout=serial phase=measure iteration=0 component=k_load component_id=2 lut_exp=1 scna_layout=0 scna_width=0 qo_len=4 kv_len=4096 n_heads=12 n_kv_heads=2 head_dim=128 kv_head=1 worker=1 block_r=0 block_c=1280 t0_us=260176978443 t1_us=260176978465 dur_us=21
FIG8_ATTENTION_EVENT mode=lut-exp layout=serial phase=measure iteration=0 component=qk_dot component_id=4 lut_exp=1 scna_layout=0 scna_width=0 qo_len=4 kv_len=4096 n_heads=12 n_kv_heads=2 head_dim=128 kv_head=1 worker=1 block_r=0 block_c=1280 t0_us=260176978465 t1_us=260176978466 dur_us=0
FIG8_ATTENTION_EVENT mode=lut-exp layout=serial phase=measure iteration=0 component=safe_sm component_id=5 lut_exp=1 scna_layout=0 scna_width=0 qo_len=4 kv_len=4096 n_heads=12 n_kv_heads=2 head_dim=128 kv_head=1 worker=1 block_r=0 block_c=1280 t0_us=260176978466 t1_us=260176978484 dur_us=17
FIG8_ATTENTION_EVENT mode=lut-exp layout=serial phase=measure iteration=0 component=v_load component_id=3 lut_exp=1 scna_layout=0 scna_width=0 qo_len=4 kv_len=4096 n_heads=12 n_kv_heads=2 head_dim=128 kv_head=1 worker=1 block_r=0 block_c=1280 t0_us=260176978484 t1_us=260176978508 dur_us=24
FIG8_ATTENTION_EVENT mode=lut-exp layout=serial phase=measure iteration=0 component=core_acc component_id=6 lut_exp=1 scna_layout=0 scna_width=0 qo_len=4 kv_len=4096 n_heads=12 n_kv_heads=2 head_dim=128 kv_head=1 worker=1 block_r=0 block_c=1280 t0_us=260176978508 t1_us=260176978509 dur_us=0
FIG8_ATTENTION_EVENT mode=lut-exp layout=serial phase=measure iteration=0 component=k_load component_id=2 lut_exp=1 scna_layout=0 scna_width=0 qo_len=4 kv_len=4096 n_heads=12 n_kv_heads=2 head_dim=128 kv_head=1 worker=1 block_r=0 block_c=2560 t0_us=260176978509 t1_us=260176978530 dur_us=20
FIG8_ATTENTION_EVENT mode=lut-exp layout=serial phase=measure iteration=0 component=qk_dot component_id=4 lut_exp=1 scna_layout=0 scna_width=0 qo_len=4 kv_len=4096 n_heads=12 n_kv_heads=2 head_dim=128 kv_head=1 worker=1 block_r=0 block_c=2560 t0_us=260176978530 t1_us=260176978530 dur_us=0
FIG8_ATTENTION_EVENT mode=lut-exp layout=serial phase=measure iteration=0 component=safe_sm component_id=5 lut_exp=1 scna_layout=0 scna_width=0 qo_len=4 kv_len=4096 n_heads=12 n_kv_heads=2 head_dim=128 kv_head=1 worker=1 block_r=0 block_c=2560 t0_us=260176978530 t1_us=260176978548 dur_us=17
FIG8_ATTENTION_EVENT mode=lut-exp layout=serial phase=measure iteration=0 component=v_load component_id=3 lut_exp=1 scna_layout=0 scna_width=0 qo_len=4 kv_len=4096 n_heads=12 n_kv_heads=2 head_dim=128 kv_head=1 worker=1 block_r=0 block_c=2560 t0_us=260176978548 t1_us=260176978574 dur_us=25
FIG8_ATTENTION_EVENT mode=lut-exp layout=serial phase=measure iteration=0 component=core_acc component_id=6 lut_exp=1 scna_layout=0 scna_width=0 qo_len=4 kv_len=4096 n_heads=12 n_kv_heads=2 head_dim=128 kv_head=1 worker=1 block_r=0 block_c=2560 t0_us=260176978574 t1_us=260176978575 dur_us=0
FIG8_ATTENTION_EVENT mode=lut-exp layout=serial phase=measure iteration=0 component=k_load component_id=2 lut_exp=1 scna_layout=0 scna_width=0 qo_len=4 kv_len=4096 n_heads=12 n_kv_heads=2 head_dim=128 kv_head=1 worker=1 block_r=0 block_c=3840 t0_us=260176978575 t1_us=260176978579 dur_us=4
FIG8_ATTENTION_EVENT mode=lut-exp layout=serial phase=measure iteration=0 component=qk_dot component_id=4 lut_exp=1 scna_layout=0 scna_width=0 qo_len=4 kv_len=4096 n_heads=12 n_kv_heads=2 head_dim=128 kv_head=1 worker=1 block_r=0 block_c=3840 t0_us=260176978580 t1_us=260176978580 dur_us=0
FIG8_ATTENTION_EVENT mode=lut-exp layout=serial phase=measure iteration=0 component=safe_sm component_id=5 lut_exp=1 scna_layout=0 scna_width=0 qo_len=4 kv_len=4096 n_heads=12 n_kv_heads=2 head_dim=128 kv_head=1 worker=1 block_r=0 block_c=3840 t0_us=260176978580 t1_us=260176978586 dur_us=6
FIG8_ATTENTION_EVENT mode=lut-exp layout=serial phase=measure iteration=0 component=v_load component_id=3 lut_exp=1 scna_layout=0 scna_width=0 qo_len=4 kv_len=4096 n_heads=12 n_kv_heads=2 head_dim=128 kv_head=1 worker=1 block_r=0 block_c=3840 t0_us=260176978586 t1_us=260176978588 dur_us=2
FIG8_ATTENTION_EVENT mode=lut-exp layout=serial phase=measure iteration=0 component=core_acc component_id=6 lut_exp=1 scna_layout=0 scna_width=0 qo_len=4 kv_len=4096 n_heads=12 n_kv_heads=2 head_dim=128 kv_head=1 worker=1 block_r=0 block_c=3840 t0_us=260176978588 t1_us=260176978589 dur_us=0
FIG8_ATTENTION_EVENT mode=lut-exp layout=serial phase=measure iteration=0 component=o_scale component_id=7 lut_exp=1 scna_layout=0 scna_width=0 qo_len=4 kv_len=4096 n_heads=12 n_kv_heads=2 head_dim=128 kv_head=1 worker=1 block_r=0 block_c=-1 t0_us=260176978589 t1_us=260176978590 dur_us=1
FIG8_ATTENTION_EVENT mode=lut-exp layout=serial phase=measure iteration=0 component=o_store component_id=8 lut_exp=1 scna_layout=0 scna_width=0 qo_len=4 kv_len=4096 n_heads=12 n_kv_heads=2 head_dim=128 kv_head=1 worker=1 block_r=0 block_c=-1 t0_us=260176978591 t1_us=260176978593 dur_us=2
FIG8_ATTENTION_CHECKSUM mode=lut-exp layout=serial scna_width=8 seed=figure8_fixed phase=measure iteration=0 checksum=0xcff889f656826dad
