alloc_shared_mem_buf: buf=0x72004b8000 fd=12 size=24576 flags=FASTRPC_MAP_FD
alloc_shared_mem_buf: buf=0x6f64000000 fd=13 size=2097152 flags=FASTRPC_MAP_FD
alloc_shared_mem_buf: buf=0x6f63e00000 fd=14 size=2097152 flags=FASTRPC_MAP_FD
alloc_shared_mem_buf: buf=0x7200491000 fd=15 size=24576 flags=FASTRPC_MAP_FD
alloc_shared_mem_buf: buf=0x7200489000 fd=16 size=32768 flags=FASTRPC_MAP_FD
alloc_shared_mem_buf: buf=0x72003f0000 fd=17 size=233472 flags=FASTRPC_MAP_FD
alloc_shared_mem_buf: buf=0x7200766000 fd=18 size=4096 flags=FASTRPC_MAP_FD
No-op channel request completed
FIG8_ATTENTION_CONFIG mode=scna-fp16 mask_mode=full qo_len=4 kv_len=4096 n_heads=12 n_kv_heads=2 head_dim=128 warmup=5 iters=20 scna_width=32 q_size=24576 kv_size=2097152 mask_size=32768 profile_size=233472 profile_max_records=10 profile_max_events=3224 mode_flags=36 print_events=1
FIG8_ATTENTION_HOST_TIMING mode=scna-fp16 qo_len=4 kv_len=4096 n_heads=12 n_kv_heads=2 head_dim=128 phase=warmup iteration=0 host_elapsed_us=1354 ret=0
FIG8_ATTENTION_PROFILE_COUNT mode=scna-fp16 qo_len=4 phase=warmup iteration=0 records=2 max_records=10
FIG8_ATTENTION_TIMERS mode=scna-fp16 phase=warmup iteration=0 lut_exp=0 nonlinear_mode=1 scna_width=32 scna_exp=194 qo_len=4 kv_len=4096 n_heads=12 n_kv_heads=2 head_dim=128 kv_head=0 worker=0 profiled_total=490 q_load=2 k_load=88 v_load=163 qk_dot=2 safe_sm=226 core_acc=4 o_scale=1 o_store=4
FIG8_ATTENTION_TIMERS mode=scna-fp16 phase=warmup iteration=0 lut_exp=0 nonlinear_mode=1 scna_width=32 scna_exp=189 qo_len=4 kv_len=4096 n_heads=12 n_kv_heads=2 head_dim=128 kv_head=1 worker=0 profiled_total=476 q_load=1 k_load=81 v_load=168 qk_dot=3 safe_sm=219 core_acc=2 o_scale=0 o_store=2
FIG8_ATTENTION_EVENT_COUNT mode=scna-fp16 qo_len=4 phase=warmup iteration=0 events=16 max_events=3224 overflow=0
FIG8_ATTENTION_EVENT mode=scna-fp16 phase=warmup iteration=0 component=q_load component_id=1 lut_exp=0 qo_len=4 kv_len=4096 n_heads=12 n_kv_heads=2 head_dim=128 kv_head=0 worker=0 block_r=0 block_c=-1 t0_us=2285302094343 t1_us=2285302094345 dur_us=2
FIG8_ATTENTION_EVENT mode=scna-fp16 phase=warmup iteration=0 component=k_load component_id=2 lut_exp=0 qo_len=4 kv_len=4096 n_heads=12 n_kv_heads=2 head_dim=128 kv_head=0 worker=0 block_r=0 block_c=0 t0_us=2285302094346 t1_us=2285302094435 dur_us=88
FIG8_ATTENTION_EVENT mode=scna-fp16 phase=warmup iteration=0 component=qk_dot component_id=4 lut_exp=0 qo_len=4 kv_len=4096 n_heads=12 n_kv_heads=2 head_dim=128 kv_head=0 worker=0 block_r=0 block_c=0 t0_us=2285302094435 t1_us=2285302094438 dur_us=2
FIG8_ATTENTION_EVENT mode=scna-fp16 phase=warmup iteration=0 component=safe_sm component_id=5 lut_exp=0 qo_len=4 kv_len=4096 n_heads=12 n_kv_heads=2 head_dim=128 kv_head=0 worker=0 block_r=0 block_c=0 t0_us=2285302094438 t1_us=2285302094664 dur_us=226
FIG8_ATTENTION_EVENT mode=scna-fp16 phase=warmup iteration=0 component=v_load component_id=3 lut_exp=0 qo_len=4 kv_len=4096 n_heads=12 n_kv_heads=2 head_dim=128 kv_head=0 worker=0 block_r=0 block_c=0 t0_us=2285302094665 t1_us=2285302094829 dur_us=163
FIG8_ATTENTION_EVENT mode=scna-fp16 phase=warmup iteration=0 component=core_acc component_id=6 lut_exp=0 qo_len=4 kv_len=4096 n_heads=12 n_kv_heads=2 head_dim=128 kv_head=0 worker=0 block_r=0 block_c=0 t0_us=2285302094829 t1_us=2285302094833 dur_us=4
FIG8_ATTENTION_EVENT mode=scna-fp16 phase=warmup iteration=0 component=o_scale component_id=7 lut_exp=0 qo_len=4 kv_len=4096 n_heads=12 n_kv_heads=2 head_dim=128 kv_head=0 worker=0 block_r=0 block_c=-1 t0_us=2285302094834 t1_us=2285302094835 dur_us=1
FIG8_ATTENTION_EVENT mode=scna-fp16 phase=warmup iteration=0 component=o_store component_id=8 lut_exp=0 qo_len=4 kv_len=4096 n_heads=12 n_kv_heads=2 head_dim=128 kv_head=0 worker=0 block_r=0 block_c=-1 t0_us=2285302094835 t1_us=2285302094840 dur_us=4
FIG8_ATTENTION_EVENT mode=scna-fp16 phase=warmup iteration=0 component=q_load component_id=1 lut_exp=0 qo_len=4 kv_len=4096 n_heads=12 n_kv_heads=2 head_dim=128 kv_head=1 worker=0 block_r=0 block_c=-1 t0_us=2285302094903 t1_us=2285302094905 dur_us=1
FIG8_ATTENTION_EVENT mode=scna-fp16 phase=warmup iteration=0 component=k_load component_id=2 lut_exp=0 qo_len=4 kv_len=4096 n_heads=12 n_kv_heads=2 head_dim=128 kv_head=1 worker=0 block_r=0 block_c=0 t0_us=2285302094906 t1_us=2285302094987 dur_us=81
FIG8_ATTENTION_EVENT mode=scna-fp16 phase=warmup iteration=0 component=qk_dot component_id=4 lut_exp=0 qo_len=4 kv_len=4096 n_heads=12 n_kv_heads=2 head_dim=128 kv_head=1 worker=0 block_r=0 block_c=0 t0_us=2285302094987 t1_us=2285302094990 dur_us=3
FIG8_ATTENTION_EVENT mode=scna-fp16 phase=warmup iteration=0 component=safe_sm component_id=5 lut_exp=0 qo_len=4 kv_len=4096 n_heads=12 n_kv_heads=2 head_dim=128 kv_head=1 worker=0 block_r=0 block_c=0 t0_us=2285302094991 t1_us=2285302095210 dur_us=219
FIG8_ATTENTION_EVENT mode=scna-fp16 phase=warmup iteration=0 component=v_load component_id=3 lut_exp=0 qo_len=4 kv_len=4096 n_heads=12 n_kv_heads=2 head_dim=128 kv_head=1 worker=0 block_r=0 block_c=0 t0_us=2285302095210 t1_us=2285302095378 dur_us=168
FIG8_ATTENTION_EVENT mode=scna-fp16 phase=warmup iteration=0 component=core_acc component_id=6 lut_exp=0 qo_len=4 kv_len=4096 n_heads=12 n_kv_heads=2 head_dim=128 kv_head=1 worker=0 block_r=0 block_c=0 t0_us=2285302095379 t1_us=2285302095382 dur_us=2
FIG8_ATTENTION_EVENT mode=scna-fp16 phase=warmup iteration=0 component=o_scale component_id=7 lut_exp=0 qo_len=4 kv_len=4096 n_heads=12 n_kv_heads=2 head_dim=128 kv_head=1 worker=0 block_r=0 block_c=-1 t0_us=2285302095382 t1_us=2285302095383 dur_us=0
FIG8_ATTENTION_EVENT mode=scna-fp16 phase=warmup iteration=0 component=o_store component_id=8 lut_exp=0 qo_len=4 kv_len=4096 n_heads=12 n_kv_heads=2 head_dim=128 kv_head=1 worker=0 block_r=0 block_c=-1 t0_us=2285302095383 t1_us=2285302095385 dur_us=2
FIG8_ATTENTION_HOST_TIMING mode=scna-fp16 qo_len=4 kv_len=4096 n_heads=12 n_kv_heads=2 head_dim=128 phase=warmup iteration=1 host_elapsed_us=1375 ret=0
FIG8_ATTENTION_PROFILE_COUNT mode=scna-fp16 qo_len=4 phase=warmup iteration=1 records=2 max_records=10
FIG8_ATTENTION_TIMERS mode=scna-fp16 phase=warmup iteration=1 lut_exp=0 nonlinear_mode=1 scna_width=32 scna_exp=185 qo_len=4 kv_len=4096 n_heads=12 n_kv_heads=2 head_dim=128 kv_head=0 worker=0 profiled_total=546 q_load=1 k_load=167 v_load=162 qk_dot=2 safe_sm=210 core_acc=2 o_scale=0 o_store=2
FIG8_ATTENTION_TIMERS mode=scna-fp16 phase=warmup iteration=1 lut_exp=0 nonlinear_mode=1 scna_width=32 scna_exp=184 qo_len=4 kv_len=4096 n_heads=12 n_kv_heads=2 head_dim=128 kv_head=1 worker=0 profiled_total=536 q_load=1 k_load=162 v_load=159 qk_dot=2 safe_sm=210 core_acc=1 o_scale=0 o_store=1
FIG8_ATTENTION_EVENT_COUNT mode=scna-fp16 qo_len=4 phase=warmup iteration=1 events=16 max_events=3224 overflow=0
FIG8_ATTENTION_EVENT mode=scna-fp16 phase=warmup iteration=1 component=q_load component_id=1 lut_exp=0 qo_len=4 kv_len=4096 n_heads=12 n_kv_heads=2 head_dim=128 kv_head=0 worker=0 block_r=0 block_c=-1 t0_us=2285302095945 t1_us=2285302095947 dur_us=1
FIG8_ATTENTION_EVENT mode=scna-fp16 phase=warmup iteration=1 component=k_load component_id=2 lut_exp=0 qo_len=4 kv_len=4096 n_heads=12 n_kv_heads=2 head_dim=128 kv_head=0 worker=0 block_r=0 block_c=0 t0_us=2285302095948 t1_us=2285302096115 dur_us=167
FIG8_ATTENTION_EVENT mode=scna-fp16 phase=warmup iteration=1 component=qk_dot component_id=4 lut_exp=0 qo_len=4 kv_len=4096 n_heads=12 n_kv_heads=2 head_dim=128 kv_head=0 worker=0 block_r=0 block_c=0 t0_us=2285302096116 t1_us=2285302096118 dur_us=2
FIG8_ATTENTION_EVENT mode=scna-fp16 phase=warmup iteration=1 component=safe_sm component_id=5 lut_exp=0 qo_len=4 kv_len=4096 n_heads=12 n_kv_heads=2 head_dim=128 kv_head=0 worker=0 block_r=0 block_c=0 t0_us=2285302096118 t1_us=2285302096328 dur_us=210
FIG8_ATTENTION_EVENT mode=scna-fp16 phase=warmup iteration=1 component=v_load component_id=3 lut_exp=0 qo_len=4 kv_len=4096 n_heads=12 n_kv_heads=2 head_dim=128 kv_head=0 worker=0 block_r=0 block_c=0 t0_us=2285302096329 t1_us=2285302096491 dur_us=162
FIG8_ATTENTION_EVENT mode=scna-fp16 phase=warmup iteration=1 component=core_acc component_id=6 lut_exp=0 qo_len=4 kv_len=4096 n_heads=12 n_kv_heads=2 head_dim=128 kv_head=0 worker=0 block_r=0 block_c=0 t0_us=2285302096492 t1_us=2285302096494 dur_us=2
FIG8_ATTENTION_EVENT mode=scna-fp16 phase=warmup iteration=1 component=o_scale component_id=7 lut_exp=0 qo_len=4 kv_len=4096 n_heads=12 n_kv_heads=2 head_dim=128 kv_head=0 worker=0 block_r=0 block_c=-1 t0_us=2285302096494 t1_us=2285302096495 dur_us=0
FIG8_ATTENTION_EVENT mode=scna-fp16 phase=warmup iteration=1 component=o_store component_id=8 lut_exp=0 qo_len=4 kv_len=4096 n_heads=12 n_kv_heads=2 head_dim=128 kv_head=0 worker=0 block_r=0 block_c=-1 t0_us=2285302096496 t1_us=2285302096498 dur_us=2
FIG8_ATTENTION_EVENT mode=scna-fp16 phase=warmup iteration=1 component=q_load component_id=1 lut_exp=0 qo_len=4 kv_len=4096 n_heads=12 n_kv_heads=2 head_dim=128 kv_head=1 worker=0 block_r=0 block_c=-1 t0_us=2285302096544 t1_us=2285302096545 dur_us=1
FIG8_ATTENTION_EVENT mode=scna-fp16 phase=warmup iteration=1 component=k_load component_id=2 lut_exp=0 qo_len=4 kv_len=4096 n_heads=12 n_kv_heads=2 head_dim=128 kv_head=1 worker=0 block_r=0 block_c=0 t0_us=2285302096546 t1_us=2285302096708 dur_us=162
FIG8_ATTENTION_EVENT mode=scna-fp16 phase=warmup iteration=1 component=qk_dot component_id=4 lut_exp=0 qo_len=4 kv_len=4096 n_heads=12 n_kv_heads=2 head_dim=128 kv_head=1 worker=0 block_r=0 block_c=0 t0_us=2285302096708 t1_us=2285302096711 dur_us=2
FIG8_ATTENTION_EVENT mode=scna-fp16 phase=warmup iteration=1 component=safe_sm component_id=5 lut_exp=0 qo_len=4 kv_len=4096 n_heads=12 n_kv_heads=2 head_dim=128 kv_head=1 worker=0 block_r=0 block_c=0 t0_us=2285302096711 t1_us=2285302096922 dur_us=210
FIG8_ATTENTION_EVENT mode=scna-fp16 phase=warmup iteration=1 component=v_load component_id=3 lut_exp=0 qo_len=4 kv_len=4096 n_heads=12 n_kv_heads=2 head_dim=128 kv_head=1 worker=0 block_r=0 block_c=0 t0_us=2285302096922 t1_us=2285302097082 dur_us=159
FIG8_ATTENTION_EVENT mode=scna-fp16 phase=warmup iteration=1 component=core_acc component_id=6 lut_exp=0 qo_len=4 kv_len=4096 n_heads=12 n_kv_heads=2 head_dim=128 kv_head=1 worker=0 block_r=0 block_c=0 t0_us=2285302097082 t1_us=2285302097084 dur_us=1
FIG8_ATTENTION_EVENT mode=scna-fp16 phase=warmup iteration=1 component=o_scale component_id=7 lut_exp=0 qo_len=4 kv_len=4096 n_heads=12 n_kv_heads=2 head_dim=128 kv_head=1 worker=0 block_r=0 block_c=-1 t0_us=2285302097085 t1_us=2285302097086 dur_us=0
FIG8_ATTENTION_EVENT mode=scna-fp16 phase=warmup iteration=1 component=o_store component_id=8 lut_exp=0 qo_len=4 kv_len=4096 n_heads=12 n_kv_heads=2 head_dim=128 kv_head=1 worker=0 block_r=0 block_c=-1 t0_us=2285302097086 t1_us=2285302097088 dur_us=1
FIG8_ATTENTION_HOST_TIMING mode=scna-fp16 qo_len=4 kv_len=4096 n_heads=12 n_kv_heads=2 head_dim=128 phase=warmup iteration=2 host_elapsed_us=1467 ret=0
FIG8_ATTENTION_PROFILE_COUNT mode=scna-fp16 qo_len=4 phase=warmup iteration=2 records=2 max_records=10
FIG8_ATTENTION_TIMERS mode=scna-fp16 phase=warmup iteration=2 lut_exp=0 nonlinear_mode=1 scna_width=32 scna_exp=185 qo_len=4 kv_len=4096 n_heads=12 n_kv_heads=2 head_dim=128 kv_head=0 worker=0 profiled_total=560 q_load=1 k_load=180 v_load=164 qk_dot=2 safe_sm=209 core_acc=2 o_scale=0 o_store=2
FIG8_ATTENTION_TIMERS mode=scna-fp16 phase=warmup iteration=2 lut_exp=0 nonlinear_mode=1 scna_width=32 scna_exp=185 qo_len=4 kv_len=4096 n_heads=12 n_kv_heads=2 head_dim=128 kv_head=1 worker=0 profiled_total=567 q_load=1 k_load=184 v_load=167 qk_dot=2 safe_sm=209 core_acc=2 o_scale=0 o_store=2
FIG8_ATTENTION_EVENT_COUNT mode=scna-fp16 qo_len=4 phase=warmup iteration=2 events=16 max_events=3224 overflow=0
FIG8_ATTENTION_EVENT mode=scna-fp16 phase=warmup iteration=2 component=q_load component_id=1 lut_exp=0 qo_len=4 kv_len=4096 n_heads=12 n_kv_heads=2 head_dim=128 kv_head=0 worker=0 block_r=0 block_c=-1 t0_us=2285302097531 t1_us=2285302097532 dur_us=1
FIG8_ATTENTION_EVENT mode=scna-fp16 phase=warmup iteration=2 component=k_load component_id=2 lut_exp=0 qo_len=4 kv_len=4096 n_heads=12 n_kv_heads=2 head_dim=128 kv_head=0 worker=0 block_r=0 block_c=0 t0_us=2285302097534 t1_us=2285302097714 dur_us=180
FIG8_ATTENTION_EVENT mode=scna-fp16 phase=warmup iteration=2 component=qk_dot component_id=4 lut_exp=0 qo_len=4 kv_len=4096 n_heads=12 n_kv_heads=2 head_dim=128 kv_head=0 worker=0 block_r=0 block_c=0 t0_us=2285302097715 t1_us=2285302097717 dur_us=2
FIG8_ATTENTION_EVENT mode=scna-fp16 phase=warmup iteration=2 component=safe_sm component_id=5 lut_exp=0 qo_len=4 kv_len=4096 n_heads=12 n_kv_heads=2 head_dim=128 kv_head=0 worker=0 block_r=0 block_c=0 t0_us=2285302097717 t1_us=2285302097926 dur_us=209
FIG8_ATTENTION_EVENT mode=scna-fp16 phase=warmup iteration=2 component=v_load component_id=3 lut_exp=0 qo_len=4 kv_len=4096 n_heads=12 n_kv_heads=2 head_dim=128 kv_head=0 worker=0 block_r=0 block_c=0 t0_us=2285302097927 t1_us=2285302098091 dur_us=164
FIG8_ATTENTION_EVENT mode=scna-fp16 phase=warmup iteration=2 component=core_acc component_id=6 lut_exp=0 qo_len=4 kv_len=4096 n_heads=12 n_kv_heads=2 head_dim=128 kv_head=0 worker=0 block_r=0 block_c=0 t0_us=2285302098092 t1_us=2285302098094 dur_us=2
FIG8_ATTENTION_EVENT mode=scna-fp16 phase=warmup iteration=2 component=o_scale component_id=7 lut_exp=0 qo_len=4 kv_len=4096 n_heads=12 n_kv_heads=2 head_dim=128 kv_head=0 worker=0 block_r=0 block_c=-1 t0_us=2285302098095 t1_us=2285302098095 dur_us=0
FIG8_ATTENTION_EVENT mode=scna-fp16 phase=warmup iteration=2 component=o_store component_id=8 lut_exp=0 qo_len=4 kv_len=4096 n_heads=12 n_kv_heads=2 head_dim=128 kv_head=0 worker=0 block_r=0 block_c=-1 t0_us=2285302098096 t1_us=2285302098099 dur_us=2
FIG8_ATTENTION_EVENT mode=scna-fp16 phase=warmup iteration=2 component=q_load component_id=1 lut_exp=0 qo_len=4 kv_len=4096 n_heads=12 n_kv_heads=2 head_dim=128 kv_head=1 worker=0 block_r=0 block_c=-1 t0_us=2285302098149 t1_us=2285302098150 dur_us=1
FIG8_ATTENTION_EVENT mode=scna-fp16 phase=warmup iteration=2 component=k_load component_id=2 lut_exp=0 qo_len=4 kv_len=4096 n_heads=12 n_kv_heads=2 head_dim=128 kv_head=1 worker=0 block_r=0 block_c=0 t0_us=2285302098151 t1_us=2285302098336 dur_us=184
FIG8_ATTENTION_EVENT mode=scna-fp16 phase=warmup iteration=2 component=qk_dot component_id=4 lut_exp=0 qo_len=4 kv_len=4096 n_heads=12 n_kv_heads=2 head_dim=128 kv_head=1 worker=0 block_r=0 block_c=0 t0_us=2285302098336 t1_us=2285302098339 dur_us=2
FIG8_ATTENTION_EVENT mode=scna-fp16 phase=warmup iteration=2 component=safe_sm component_id=5 lut_exp=0 qo_len=4 kv_len=4096 n_heads=12 n_kv_heads=2 head_dim=128 kv_head=1 worker=0 block_r=0 block_c=0 t0_us=2285302098339 t1_us=2285302098548 dur_us=209
FIG8_ATTENTION_EVENT mode=scna-fp16 phase=warmup iteration=2 component=v_load component_id=3 lut_exp=0 qo_len=4 kv_len=4096 n_heads=12 n_kv_heads=2 head_dim=128 kv_head=1 worker=0 block_r=0 block_c=0 t0_us=2285302098548 t1_us=2285302098716 dur_us=167
FIG8_ATTENTION_EVENT mode=scna-fp16 phase=warmup iteration=2 component=core_acc component_id=6 lut_exp=0 qo_len=4 kv_len=4096 n_heads=12 n_kv_heads=2 head_dim=128 kv_head=1 worker=0 block_r=0 block_c=0 t0_us=2285302098717 t1_us=2285302098719 dur_us=2
FIG8_ATTENTION_EVENT mode=scna-fp16 phase=warmup iteration=2 component=o_scale component_id=7 lut_exp=0 qo_len=4 kv_len=4096 n_heads=12 n_kv_heads=2 head_dim=128 kv_head=1 worker=0 block_r=0 block_c=-1 t0_us=2285302098719 t1_us=2285302098720 dur_us=0
FIG8_ATTENTION_EVENT mode=scna-fp16 phase=warmup iteration=2 component=o_store component_id=8 lut_exp=0 qo_len=4 kv_len=4096 n_heads=12 n_kv_heads=2 head_dim=128 kv_head=1 worker=0 block_r=0 block_c=-1 t0_us=2285302098721 t1_us=2285302098723 dur_us=2
FIG8_ATTENTION_HOST_TIMING mode=scna-fp16 qo_len=4 kv_len=4096 n_heads=12 n_kv_heads=2 head_dim=128 phase=warmup iteration=3 host_elapsed_us=1469 ret=0
FIG8_ATTENTION_PROFILE_COUNT mode=scna-fp16 qo_len=4 phase=warmup iteration=3 records=2 max_records=10
FIG8_ATTENTION_TIMERS mode=scna-fp16 phase=warmup iteration=3 lut_exp=0 nonlinear_mode=1 scna_width=32 scna_exp=184 qo_len=4 kv_len=4096 n_heads=12 n_kv_heads=2 head_dim=128 kv_head=0 worker=0 profiled_total=558 q_load=1 k_load=182 v_load=160 qk_dot=2 safe_sm=209 core_acc=2 o_scale=0 o_store=2
FIG8_ATTENTION_TIMERS mode=scna-fp16 phase=warmup iteration=3 lut_exp=0 nonlinear_mode=1 scna_width=32 scna_exp=184 qo_len=4 kv_len=4096 n_heads=12 n_kv_heads=2 head_dim=128 kv_head=1 worker=0 profiled_total=567 q_load=1 k_load=184 v_load=167 qk_dot=2 safe_sm=208 core_acc=2 o_scale=1 o_store=2
FIG8_ATTENTION_EVENT_COUNT mode=scna-fp16 qo_len=4 phase=warmup iteration=3 events=16 max_events=3224 overflow=0
FIG8_ATTENTION_EVENT mode=scna-fp16 phase=warmup iteration=3 component=q_load component_id=1 lut_exp=0 qo_len=4 kv_len=4096 n_heads=12 n_kv_heads=2 head_dim=128 kv_head=0 worker=0 block_r=0 block_c=-1 t0_us=2285302099204 t1_us=2285302099205 dur_us=1
FIG8_ATTENTION_EVENT mode=scna-fp16 phase=warmup iteration=3 component=k_load component_id=2 lut_exp=0 qo_len=4 kv_len=4096 n_heads=12 n_kv_heads=2 head_dim=128 kv_head=0 worker=0 block_r=0 block_c=0 t0_us=2285302099206 t1_us=2285302099388 dur_us=182
FIG8_ATTENTION_EVENT mode=scna-fp16 phase=warmup iteration=3 component=qk_dot component_id=4 lut_exp=0 qo_len=4 kv_len=4096 n_heads=12 n_kv_heads=2 head_dim=128 kv_head=0 worker=0 block_r=0 block_c=0 t0_us=2285302099389 t1_us=2285302099391 dur_us=2
FIG8_ATTENTION_EVENT mode=scna-fp16 phase=warmup iteration=3 component=safe_sm component_id=5 lut_exp=0 qo_len=4 kv_len=4096 n_heads=12 n_kv_heads=2 head_dim=128 kv_head=0 worker=0 block_r=0 block_c=0 t0_us=2285302099391 t1_us=2285302099600 dur_us=209
FIG8_ATTENTION_EVENT mode=scna-fp16 phase=warmup iteration=3 component=v_load component_id=3 lut_exp=0 qo_len=4 kv_len=4096 n_heads=12 n_kv_heads=2 head_dim=128 kv_head=0 worker=0 block_r=0 block_c=0 t0_us=2285302099601 t1_us=2285302099762 dur_us=160
FIG8_ATTENTION_EVENT mode=scna-fp16 phase=warmup iteration=3 component=core_acc component_id=6 lut_exp=0 qo_len=4 kv_len=4096 n_heads=12 n_kv_heads=2 head_dim=128 kv_head=0 worker=0 block_r=0 block_c=0 t0_us=2285302099762 t1_us=2285302099765 dur_us=2
FIG8_ATTENTION_EVENT mode=scna-fp16 phase=warmup iteration=3 component=o_scale component_id=7 lut_exp=0 qo_len=4 kv_len=4096 n_heads=12 n_kv_heads=2 head_dim=128 kv_head=0 worker=0 block_r=0 block_c=-1 t0_us=2285302099765 t1_us=2285302099766 dur_us=0
FIG8_ATTENTION_EVENT mode=scna-fp16 phase=warmup iteration=3 component=o_store component_id=8 lut_exp=0 qo_len=4 kv_len=4096 n_heads=12 n_kv_heads=2 head_dim=128 kv_head=0 worker=0 block_r=0 block_c=-1 t0_us=2285302099766 t1_us=2285302099769 dur_us=2
FIG8_ATTENTION_EVENT mode=scna-fp16 phase=warmup iteration=3 component=q_load component_id=1 lut_exp=0 qo_len=4 kv_len=4096 n_heads=12 n_kv_heads=2 head_dim=128 kv_head=1 worker=0 block_r=0 block_c=-1 t0_us=2285302099816 t1_us=2285302099818 dur_us=1
FIG8_ATTENTION_EVENT mode=scna-fp16 phase=warmup iteration=3 component=k_load component_id=2 lut_exp=0 qo_len=4 kv_len=4096 n_heads=12 n_kv_heads=2 head_dim=128 kv_head=1 worker=0 block_r=0 block_c=0 t0_us=2285302099818 t1_us=2285302100003 dur_us=184
FIG8_ATTENTION_EVENT mode=scna-fp16 phase=warmup iteration=3 component=qk_dot component_id=4 lut_exp=0 qo_len=4 kv_len=4096 n_heads=12 n_kv_heads=2 head_dim=128 kv_head=1 worker=0 block_r=0 block_c=0 t0_us=2285302100003 t1_us=2285302100005 dur_us=2
FIG8_ATTENTION_EVENT mode=scna-fp16 phase=warmup iteration=3 component=safe_sm component_id=5 lut_exp=0 qo_len=4 kv_len=4096 n_heads=12 n_kv_heads=2 head_dim=128 kv_head=1 worker=0 block_r=0 block_c=0 t0_us=2285302100006 t1_us=2285302100214 dur_us=208
FIG8_ATTENTION_EVENT mode=scna-fp16 phase=warmup iteration=3 component=v_load component_id=3 lut_exp=0 qo_len=4 kv_len=4096 n_heads=12 n_kv_heads=2 head_dim=128 kv_head=1 worker=0 block_r=0 block_c=0 t0_us=2285302100214 t1_us=2285302100381 dur_us=167
FIG8_ATTENTION_EVENT mode=scna-fp16 phase=warmup iteration=3 component=core_acc component_id=6 lut_exp=0 qo_len=4 kv_len=4096 n_heads=12 n_kv_heads=2 head_dim=128 kv_head=1 worker=0 block_r=0 block_c=0 t0_us=2285302100382 t1_us=2285302100384 dur_us=2
FIG8_ATTENTION_EVENT mode=scna-fp16 phase=warmup iteration=3 component=o_scale component_id=7 lut_exp=0 qo_len=4 kv_len=4096 n_heads=12 n_kv_heads=2 head_dim=128 kv_head=1 worker=0 block_r=0 block_c=-1 t0_us=2285302100384 t1_us=2285302100386 dur_us=1
FIG8_ATTENTION_EVENT mode=scna-fp16 phase=warmup iteration=3 component=o_store component_id=8 lut_exp=0 qo_len=4 kv_len=4096 n_heads=12 n_kv_heads=2 head_dim=128 kv_head=1 worker=0 block_r=0 block_c=-1 t0_us=2285302100386 t1_us=2285302100388 dur_us=2
FIG8_ATTENTION_HOST_TIMING mode=scna-fp16 qo_len=4 kv_len=4096 n_heads=12 n_kv_heads=2 head_dim=128 phase=warmup iteration=4 host_elapsed_us=1438 ret=0
FIG8_ATTENTION_PROFILE_COUNT mode=scna-fp16 qo_len=4 phase=warmup iteration=4 records=2 max_records=10
FIG8_ATTENTION_TIMERS mode=scna-fp16 phase=warmup iteration=4 lut_exp=0 nonlinear_mode=1 scna_width=32 scna_exp=185 qo_len=4 kv_len=4096 n_heads=12 n_kv_heads=2 head_dim=128 kv_head=0 worker=0 profiled_total=553 q_load=1 k_load=179 v_load=158 qk_dot=2 safe_sm=209 core_acc=2 o_scale=0 o_store=2
FIG8_ATTENTION_TIMERS mode=scna-fp16 phase=warmup iteration=4 lut_exp=0 nonlinear_mode=1 scna_width=32 scna_exp=184 qo_len=4 kv_len=4096 n_heads=12 n_kv_heads=2 head_dim=128 kv_head=1 worker=0 profiled_total=559 q_load=1 k_load=183 v_load=162 qk_dot=2 safe_sm=207 core_acc=1 o_scale=1 o_store=2
FIG8_ATTENTION_EVENT_COUNT mode=scna-fp16 qo_len=4 phase=warmup iteration=4 events=16 max_events=3224 overflow=0
FIG8_ATTENTION_EVENT mode=scna-fp16 phase=warmup iteration=4 component=q_load component_id=1 lut_exp=0 qo_len=4 kv_len=4096 n_heads=12 n_kv_heads=2 head_dim=128 kv_head=0 worker=0 block_r=0 block_c=-1 t0_us=2285302100877 t1_us=2285302100879 dur_us=1
FIG8_ATTENTION_EVENT mode=scna-fp16 phase=warmup iteration=4 component=k_load component_id=2 lut_exp=0 qo_len=4 kv_len=4096 n_heads=12 n_kv_heads=2 head_dim=128 kv_head=0 worker=0 block_r=0 block_c=0 t0_us=2285302100880 t1_us=2285302101060 dur_us=179
FIG8_ATTENTION_EVENT mode=scna-fp16 phase=warmup iteration=4 component=qk_dot component_id=4 lut_exp=0 qo_len=4 kv_len=4096 n_heads=12 n_kv_heads=2 head_dim=128 kv_head=0 worker=0 block_r=0 block_c=0 t0_us=2285302101060 t1_us=2285302101062 dur_us=2
FIG8_ATTENTION_EVENT mode=scna-fp16 phase=warmup iteration=4 component=safe_sm component_id=5 lut_exp=0 qo_len=4 kv_len=4096 n_heads=12 n_kv_heads=2 head_dim=128 kv_head=0 worker=0 block_r=0 block_c=0 t0_us=2285302101063 t1_us=2285302101272 dur_us=209
FIG8_ATTENTION_EVENT mode=scna-fp16 phase=warmup iteration=4 component=v_load component_id=3 lut_exp=0 qo_len=4 kv_len=4096 n_heads=12 n_kv_heads=2 head_dim=128 kv_head=0 worker=0 block_r=0 block_c=0 t0_us=2285302101273 t1_us=2285302101431 dur_us=158
FIG8_ATTENTION_EVENT mode=scna-fp16 phase=warmup iteration=4 component=core_acc component_id=6 lut_exp=0 qo_len=4 kv_len=4096 n_heads=12 n_kv_heads=2 head_dim=128 kv_head=0 worker=0 block_r=0 block_c=0 t0_us=2285302101432 t1_us=2285302101434 dur_us=2
FIG8_ATTENTION_EVENT mode=scna-fp16 phase=warmup iteration=4 component=o_scale component_id=7 lut_exp=0 qo_len=4 kv_len=4096 n_heads=12 n_kv_heads=2 head_dim=128 kv_head=0 worker=0 block_r=0 block_c=-1 t0_us=2285302101434 t1_us=2285302101435 dur_us=0
FIG8_ATTENTION_EVENT mode=scna-fp16 phase=warmup iteration=4 component=o_store component_id=8 lut_exp=0 qo_len=4 kv_len=4096 n_heads=12 n_kv_heads=2 head_dim=128 kv_head=0 worker=0 block_r=0 block_c=-1 t0_us=2285302101436 t1_us=2285302101438 dur_us=2
FIG8_ATTENTION_EVENT mode=scna-fp16 phase=warmup iteration=4 component=q_load component_id=1 lut_exp=0 qo_len=4 kv_len=4096 n_heads=12 n_kv_heads=2 head_dim=128 kv_head=1 worker=0 block_r=0 block_c=-1 t0_us=2285302101484 t1_us=2285302101486 dur_us=1
FIG8_ATTENTION_EVENT mode=scna-fp16 phase=warmup iteration=4 component=k_load component_id=2 lut_exp=0 qo_len=4 kv_len=4096 n_heads=12 n_kv_heads=2 head_dim=128 kv_head=1 worker=0 block_r=0 block_c=0 t0_us=2285302101486 t1_us=2285302101670 dur_us=183
FIG8_ATTENTION_EVENT mode=scna-fp16 phase=warmup iteration=4 component=qk_dot component_id=4 lut_exp=0 qo_len=4 kv_len=4096 n_heads=12 n_kv_heads=2 head_dim=128 kv_head=1 worker=0 block_r=0 block_c=0 t0_us=2285302101671 t1_us=2285302101673 dur_us=2
FIG8_ATTENTION_EVENT mode=scna-fp16 phase=warmup iteration=4 component=safe_sm component_id=5 lut_exp=0 qo_len=4 kv_len=4096 n_heads=12 n_kv_heads=2 head_dim=128 kv_head=1 worker=0 block_r=0 block_c=0 t0_us=2285302101674 t1_us=2285302101881 dur_us=207
FIG8_ATTENTION_EVENT mode=scna-fp16 phase=warmup iteration=4 component=v_load component_id=3 lut_exp=0 qo_len=4 kv_len=4096 n_heads=12 n_kv_heads=2 head_dim=128 kv_head=1 worker=0 block_r=0 block_c=0 t0_us=2285302101881 t1_us=2285302102044 dur_us=162
FIG8_ATTENTION_EVENT mode=scna-fp16 phase=warmup iteration=4 component=core_acc component_id=6 lut_exp=0 qo_len=4 kv_len=4096 n_heads=12 n_kv_heads=2 head_dim=128 kv_head=1 worker=0 block_r=0 block_c=0 t0_us=2285302102044 t1_us=2285302102046 dur_us=1
FIG8_ATTENTION_EVENT mode=scna-fp16 phase=warmup iteration=4 component=o_scale component_id=7 lut_exp=0 qo_len=4 kv_len=4096 n_heads=12 n_kv_heads=2 head_dim=128 kv_head=1 worker=0 block_r=0 block_c=-1 t0_us=2285302102047 t1_us=2285302102048 dur_us=1
FIG8_ATTENTION_EVENT mode=scna-fp16 phase=warmup iteration=4 component=o_store component_id=8 lut_exp=0 qo_len=4 kv_len=4096 n_heads=12 n_kv_heads=2 head_dim=128 kv_head=1 worker=0 block_r=0 block_c=-1 t0_us=2285302102048 t1_us=2285302102050 dur_us=2
FIG8_ATTENTION_HOST_TIMING mode=scna-fp16 qo_len=4 kv_len=4096 n_heads=12 n_kv_heads=2 head_dim=128 phase=measure iteration=0 host_elapsed_us=1458 ret=0
FIG8_ATTENTION_PROFILE_COUNT mode=scna-fp16 qo_len=4 phase=measure iteration=0 records=2 max_records=10
FIG8_ATTENTION_TIMERS mode=scna-fp16 phase=measure iteration=0 lut_exp=0 nonlinear_mode=1 scna_width=32 scna_exp=184 qo_len=4 kv_len=4096 n_heads=12 n_kv_heads=2 head_dim=128 kv_head=0 worker=0 profiled_total=559 q_load=1 k_load=179 v_load=164 qk_dot=2 safe_sm=209 core_acc=2 o_scale=0 o_store=2
FIG8_ATTENTION_TIMERS mode=scna-fp16 phase=measure iteration=0 lut_exp=0 nonlinear_mode=1 scna_width=32 scna_exp=184 qo_len=4 kv_len=4096 n_heads=12 n_kv_heads=2 head_dim=128 kv_head=1 worker=0 profiled_total=570 q_load=1 k_load=192 v_load=164 qk_dot=2 safe_sm=207 core_acc=2 o_scale=0 o_store=2
FIG8_ATTENTION_EVENT_COUNT mode=scna-fp16 qo_len=4 phase=measure iteration=0 events=16 max_events=3224 overflow=0
FIG8_ATTENTION_EVENT mode=scna-fp16 phase=measure iteration=0 component=q_load component_id=1 lut_exp=0 qo_len=4 kv_len=4096 n_heads=12 n_kv_heads=2 head_dim=128 kv_head=0 worker=0 block_r=0 block_c=-1 t0_us=2285302102519 t1_us=2285302102521 dur_us=1
FIG8_ATTENTION_EVENT mode=scna-fp16 phase=measure iteration=0 component=k_load component_id=2 lut_exp=0 qo_len=4 kv_len=4096 n_heads=12 n_kv_heads=2 head_dim=128 kv_head=0 worker=0 block_r=0 block_c=0 t0_us=2285302102522 t1_us=2285302102701 dur_us=179
FIG8_ATTENTION_EVENT mode=scna-fp16 phase=measure iteration=0 component=qk_dot component_id=4 lut_exp=0 qo_len=4 kv_len=4096 n_heads=12 n_kv_heads=2 head_dim=128 kv_head=0 worker=0 block_r=0 block_c=0 t0_us=2285302102702 t1_us=2285302102705 dur_us=2
FIG8_ATTENTION_EVENT mode=scna-fp16 phase=measure iteration=0 component=safe_sm component_id=5 lut_exp=0 qo_len=4 kv_len=4096 n_heads=12 n_kv_heads=2 head_dim=128 kv_head=0 worker=0 block_r=0 block_c=0 t0_us=2285302102705 t1_us=2285302102914 dur_us=209
FIG8_ATTENTION_EVENT mode=scna-fp16 phase=measure iteration=0 component=v_load component_id=3 lut_exp=0 qo_len=4 kv_len=4096 n_heads=12 n_kv_heads=2 head_dim=128 kv_head=0 worker=0 block_r=0 block_c=0 t0_us=2285302102915 t1_us=2285302103079 dur_us=164
FIG8_ATTENTION_EVENT mode=scna-fp16 phase=measure iteration=0 component=core_acc component_id=6 lut_exp=0 qo_len=4 kv_len=4096 n_heads=12 n_kv_heads=2 head_dim=128 kv_head=0 worker=0 block_r=0 block_c=0 t0_us=2285302103080 t1_us=2285302103082 dur_us=2
FIG8_ATTENTION_EVENT mode=scna-fp16 phase=measure iteration=0 component=o_scale component_id=7 lut_exp=0 qo_len=4 kv_len=4096 n_heads=12 n_kv_heads=2 head_dim=128 kv_head=0 worker=0 block_r=0 block_c=-1 t0_us=2285302103082 t1_us=2285302103083 dur_us=0
FIG8_ATTENTION_EVENT mode=scna-fp16 phase=measure iteration=0 component=o_store component_id=8 lut_exp=0 qo_len=4 kv_len=4096 n_heads=12 n_kv_heads=2 head_dim=128 kv_head=0 worker=0 block_r=0 block_c=-1 t0_us=2285302103084 t1_us=2285302103086 dur_us=2
FIG8_ATTENTION_EVENT mode=scna-fp16 phase=measure iteration=0 component=q_load component_id=1 lut_exp=0 qo_len=4 kv_len=4096 n_heads=12 n_kv_heads=2 head_dim=128 kv_head=1 worker=0 block_r=0 block_c=-1 t0_us=2285302103135 t1_us=2285302103137 dur_us=1
FIG8_ATTENTION_EVENT mode=scna-fp16 phase=measure iteration=0 component=k_load component_id=2 lut_exp=0 qo_len=4 kv_len=4096 n_heads=12 n_kv_heads=2 head_dim=128 kv_head=1 worker=0 block_r=0 block_c=0 t0_us=2285302103137 t1_us=2285302103330 dur_us=192
FIG8_ATTENTION_EVENT mode=scna-fp16 phase=measure iteration=0 component=qk_dot component_id=4 lut_exp=0 qo_len=4 kv_len=4096 n_heads=12 n_kv_heads=2 head_dim=128 kv_head=1 worker=0 block_r=0 block_c=0 t0_us=2285302103330 t1_us=2285302103333 dur_us=2
FIG8_ATTENTION_EVENT mode=scna-fp16 phase=measure iteration=0 component=safe_sm component_id=5 lut_exp=0 qo_len=4 kv_len=4096 n_heads=12 n_kv_heads=2 head_dim=128 kv_head=1 worker=0 block_r=0 block_c=0 t0_us=2285302103333 t1_us=2285302103541 dur_us=207
FIG8_ATTENTION_EVENT mode=scna-fp16 phase=measure iteration=0 component=v_load component_id=3 lut_exp=0 qo_len=4 kv_len=4096 n_heads=12 n_kv_heads=2 head_dim=128 kv_head=1 worker=0 block_r=0 block_c=0 t0_us=2285302103541 t1_us=2285302103706 dur_us=164
FIG8_ATTENTION_EVENT mode=scna-fp16 phase=measure iteration=0 component=core_acc component_id=6 lut_exp=0 qo_len=4 kv_len=4096 n_heads=12 n_kv_heads=2 head_dim=128 kv_head=1 worker=0 block_r=0 block_c=0 t0_us=2285302103706 t1_us=2285302103709 dur_us=2
FIG8_ATTENTION_EVENT mode=scna-fp16 phase=measure iteration=0 component=o_scale component_id=7 lut_exp=0 qo_len=4 kv_len=4096 n_heads=12 n_kv_heads=2 head_dim=128 kv_head=1 worker=0 block_r=0 block_c=-1 t0_us=2285302103709 t1_us=2285302103710 dur_us=0
FIG8_ATTENTION_EVENT mode=scna-fp16 phase=measure iteration=0 component=o_store component_id=8 lut_exp=0 qo_len=4 kv_len=4096 n_heads=12 n_kv_heads=2 head_dim=128 kv_head=1 worker=0 block_r=0 block_c=-1 t0_us=2285302103710 t1_us=2285302103712 dur_us=2
FIG8_ATTENTION_HOST_TIMING mode=scna-fp16 qo_len=4 kv_len=4096 n_heads=12 n_kv_heads=2 head_dim=128 phase=measure iteration=1 host_elapsed_us=1406 ret=0
FIG8_ATTENTION_PROFILE_COUNT mode=scna-fp16 qo_len=4 phase=measure iteration=1 records=2 max_records=10
FIG8_ATTENTION_TIMERS mode=scna-fp16 phase=measure iteration=1 lut_exp=0 nonlinear_mode=1 scna_width=32 scna_exp=184 qo_len=4 kv_len=4096 n_heads=12 n_kv_heads=2 head_dim=128 kv_head=0 worker=0 profiled_total=558 q_load=1 k_load=179 v_load=163 qk_dot=2 safe_sm=209 core_acc=2 o_scale=0 o_store=2
FIG8_ATTENTION_TIMERS mode=scna-fp16 phase=measure iteration=1 lut_exp=0 nonlinear_mode=1 scna_width=32 scna_exp=184 qo_len=4 kv_len=4096 n_heads=12 n_kv_heads=2 head_dim=128 kv_head=1 worker=0 profiled_total=565 q_load=1 k_load=187 v_load=164 qk_dot=2 safe_sm=207 core_acc=2 o_scale=0 o_store=2
FIG8_ATTENTION_EVENT_COUNT mode=scna-fp16 qo_len=4 phase=measure iteration=1 events=16 max_events=3224 overflow=0
FIG8_ATTENTION_EVENT mode=scna-fp16 phase=measure iteration=1 component=q_load component_id=1 lut_exp=0 qo_len=4 kv_len=4096 n_heads=12 n_kv_heads=2 head_dim=128 kv_head=0 worker=0 block_r=0 block_c=-1 t0_us=2285302104181 t1_us=2285302104182 dur_us=1
FIG8_ATTENTION_EVENT mode=scna-fp16 phase=measure iteration=1 component=k_load component_id=2 lut_exp=0 qo_len=4 kv_len=4096 n_heads=12 n_kv_heads=2 head_dim=128 kv_head=0 worker=0 block_r=0 block_c=0 t0_us=2285302104184 t1_us=2285302104363 dur_us=179
FIG8_ATTENTION_EVENT mode=scna-fp16 phase=measure iteration=1 component=qk_dot component_id=4 lut_exp=0 qo_len=4 kv_len=4096 n_heads=12 n_kv_heads=2 head_dim=128 kv_head=0 worker=0 block_r=0 block_c=0 t0_us=2285302104363 t1_us=2285302104365 dur_us=2
FIG8_ATTENTION_EVENT mode=scna-fp16 phase=measure iteration=1 component=safe_sm component_id=5 lut_exp=0 qo_len=4 kv_len=4096 n_heads=12 n_kv_heads=2 head_dim=128 kv_head=0 worker=0 block_r=0 block_c=0 t0_us=2285302104365 t1_us=2285302104575 dur_us=209
FIG8_ATTENTION_EVENT mode=scna-fp16 phase=measure iteration=1 component=v_load component_id=3 lut_exp=0 qo_len=4 kv_len=4096 n_heads=12 n_kv_heads=2 head_dim=128 kv_head=0 worker=0 block_r=0 block_c=0 t0_us=2285302104576 t1_us=2285302104740 dur_us=163
FIG8_ATTENTION_EVENT mode=scna-fp16 phase=measure iteration=1 component=core_acc component_id=6 lut_exp=0 qo_len=4 kv_len=4096 n_heads=12 n_kv_heads=2 head_dim=128 kv_head=0 worker=0 block_r=0 block_c=0 t0_us=2285302104740 t1_us=2285302104742 dur_us=2
FIG8_ATTENTION_EVENT mode=scna-fp16 phase=measure iteration=1 component=o_scale component_id=7 lut_exp=0 qo_len=4 kv_len=4096 n_heads=12 n_kv_heads=2 head_dim=128 kv_head=0 worker=0 block_r=0 block_c=-1 t0_us=2285302104743 t1_us=2285302104744 dur_us=0
FIG8_ATTENTION_EVENT mode=scna-fp16 phase=measure iteration=1 component=o_store component_id=8 lut_exp=0 qo_len=4 kv_len=4096 n_heads=12 n_kv_heads=2 head_dim=128 kv_head=0 worker=0 block_r=0 block_c=-1 t0_us=2285302104744 t1_us=2285302104747 dur_us=2
FIG8_ATTENTION_EVENT mode=scna-fp16 phase=measure iteration=1 component=q_load component_id=1 lut_exp=0 qo_len=4 kv_len=4096 n_heads=12 n_kv_heads=2 head_dim=128 kv_head=1 worker=0 block_r=0 block_c=-1 t0_us=2285302104797 t1_us=2285302104799 dur_us=1
FIG8_ATTENTION_EVENT mode=scna-fp16 phase=measure iteration=1 component=k_load component_id=2 lut_exp=0 qo_len=4 kv_len=4096 n_heads=12 n_kv_heads=2 head_dim=128 kv_head=1 worker=0 block_r=0 block_c=0 t0_us=2285302104799 t1_us=2285302104987 dur_us=187
FIG8_ATTENTION_EVENT mode=scna-fp16 phase=measure iteration=1 component=qk_dot component_id=4 lut_exp=0 qo_len=4 kv_len=4096 n_heads=12 n_kv_heads=2 head_dim=128 kv_head=1 worker=0 block_r=0 block_c=0 t0_us=2285302104987 t1_us=2285302104990 dur_us=2
FIG8_ATTENTION_EVENT mode=scna-fp16 phase=measure iteration=1 component=safe_sm component_id=5 lut_exp=0 qo_len=4 kv_len=4096 n_heads=12 n_kv_heads=2 head_dim=128 kv_head=1 worker=0 block_r=0 block_c=0 t0_us=2285302104990 t1_us=2285302105198 dur_us=207
FIG8_ATTENTION_EVENT mode=scna-fp16 phase=measure iteration=1 component=v_load component_id=3 lut_exp=0 qo_len=4 kv_len=4096 n_heads=12 n_kv_heads=2 head_dim=128 kv_head=1 worker=0 block_r=0 block_c=0 t0_us=2285302105198 t1_us=2285302105362 dur_us=164
FIG8_ATTENTION_EVENT mode=scna-fp16 phase=measure iteration=1 component=core_acc component_id=6 lut_exp=0 qo_len=4 kv_len=4096 n_heads=12 n_kv_heads=2 head_dim=128 kv_head=1 worker=0 block_r=0 block_c=0 t0_us=2285302105363 t1_us=2285302105365 dur_us=2
FIG8_ATTENTION_EVENT mode=scna-fp16 phase=measure iteration=1 component=o_scale component_id=7 lut_exp=0 qo_len=4 kv_len=4096 n_heads=12 n_kv_heads=2 head_dim=128 kv_head=1 worker=0 block_r=0 block_c=-1 t0_us=2285302105366 t1_us=2285302105366 dur_us=0
FIG8_ATTENTION_EVENT mode=scna-fp16 phase=measure iteration=1 component=o_store component_id=8 lut_exp=0 qo_len=4 kv_len=4096 n_heads=12 n_kv_heads=2 head_dim=128 kv_head=1 worker=0 block_r=0 block_c=-1 t0_us=2285302105367 t1_us=2285302105369 dur_us=2
FIG8_ATTENTION_HOST_TIMING mode=scna-fp16 qo_len=4 kv_len=4096 n_heads=12 n_kv_heads=2 head_dim=128 phase=measure iteration=2 host_elapsed_us=1470 ret=0
FIG8_ATTENTION_PROFILE_COUNT mode=scna-fp16 qo_len=4 phase=measure iteration=2 records=2 max_records=10
FIG8_ATTENTION_TIMERS mode=scna-fp16 phase=measure iteration=2 lut_exp=0 nonlinear_mode=1 scna_width=32 scna_exp=184 qo_len=4 kv_len=4096 n_heads=12 n_kv_heads=2 head_dim=128 kv_head=0 worker=0 profiled_total=556 q_load=1 k_load=178 v_load=162 qk_dot=2 safe_sm=208 core_acc=2 o_scale=0 o_store=3
FIG8_ATTENTION_TIMERS mode=scna-fp16 phase=measure iteration=2 lut_exp=0 nonlinear_mode=1 scna_width=32 scna_exp=184 qo_len=4 kv_len=4096 n_heads=12 n_kv_heads=2 head_dim=128 kv_head=1 worker=0 profiled_total=566 q_load=1 k_load=184 v_load=167 qk_dot=2 safe_sm=208 core_acc=2 o_scale=0 o_store=2
FIG8_ATTENTION_EVENT_COUNT mode=scna-fp16 qo_len=4 phase=measure iteration=2 events=16 max_events=3224 overflow=0
FIG8_ATTENTION_EVENT mode=scna-fp16 phase=measure iteration=2 component=q_load component_id=1 lut_exp=0 qo_len=4 kv_len=4096 n_heads=12 n_kv_heads=2 head_dim=128 kv_head=0 worker=0 block_r=0 block_c=-1 t0_us=2285302105787 t1_us=2285302105789 dur_us=1
FIG8_ATTENTION_EVENT mode=scna-fp16 phase=measure iteration=2 component=k_load component_id=2 lut_exp=0 qo_len=4 kv_len=4096 n_heads=12 n_kv_heads=2 head_dim=128 kv_head=0 worker=0 block_r=0 block_c=0 t0_us=2285302105790 t1_us=2285302105969 dur_us=178
FIG8_ATTENTION_EVENT mode=scna-fp16 phase=measure iteration=2 component=qk_dot component_id=4 lut_exp=0 qo_len=4 kv_len=4096 n_heads=12 n_kv_heads=2 head_dim=128 kv_head=0 worker=0 block_r=0 block_c=0 t0_us=2285302105969 t1_us=2285302105971 dur_us=2
FIG8_ATTENTION_EVENT mode=scna-fp16 phase=measure iteration=2 component=safe_sm component_id=5 lut_exp=0 qo_len=4 kv_len=4096 n_heads=12 n_kv_heads=2 head_dim=128 kv_head=0 worker=0 block_r=0 block_c=0 t0_us=2285302105971 t1_us=2285302106180 dur_us=208
FIG8_ATTENTION_EVENT mode=scna-fp16 phase=measure iteration=2 component=v_load component_id=3 lut_exp=0 qo_len=4 kv_len=4096 n_heads=12 n_kv_heads=2 head_dim=128 kv_head=0 worker=0 block_r=0 block_c=0 t0_us=2285302106181 t1_us=2285302106344 dur_us=162
FIG8_ATTENTION_EVENT mode=scna-fp16 phase=measure iteration=2 component=core_acc component_id=6 lut_exp=0 qo_len=4 kv_len=4096 n_heads=12 n_kv_heads=2 head_dim=128 kv_head=0 worker=0 block_r=0 block_c=0 t0_us=2285302106344 t1_us=2285302106347 dur_us=2
FIG8_ATTENTION_EVENT mode=scna-fp16 phase=measure iteration=2 component=o_scale component_id=7 lut_exp=0 qo_len=4 kv_len=4096 n_heads=12 n_kv_heads=2 head_dim=128 kv_head=0 worker=0 block_r=0 block_c=-1 t0_us=2285302106347 t1_us=2285302106348 dur_us=0
FIG8_ATTENTION_EVENT mode=scna-fp16 phase=measure iteration=2 component=o_store component_id=8 lut_exp=0 qo_len=4 kv_len=4096 n_heads=12 n_kv_heads=2 head_dim=128 kv_head=0 worker=0 block_r=0 block_c=-1 t0_us=2285302106349 t1_us=2285302106352 dur_us=3
FIG8_ATTENTION_EVENT mode=scna-fp16 phase=measure iteration=2 component=q_load component_id=1 lut_exp=0 qo_len=4 kv_len=4096 n_heads=12 n_kv_heads=2 head_dim=128 kv_head=1 worker=0 block_r=0 block_c=-1 t0_us=2285302106400 t1_us=2285302106401 dur_us=1
FIG8_ATTENTION_EVENT mode=scna-fp16 phase=measure iteration=2 component=k_load component_id=2 lut_exp=0 qo_len=4 kv_len=4096 n_heads=12 n_kv_heads=2 head_dim=128 kv_head=1 worker=0 block_r=0 block_c=0 t0_us=2285302106402 t1_us=2285302106586 dur_us=184
FIG8_ATTENTION_EVENT mode=scna-fp16 phase=measure iteration=2 component=qk_dot component_id=4 lut_exp=0 qo_len=4 kv_len=4096 n_heads=12 n_kv_heads=2 head_dim=128 kv_head=1 worker=0 block_r=0 block_c=0 t0_us=2285302106587 t1_us=2285302106589 dur_us=2
FIG8_ATTENTION_EVENT mode=scna-fp16 phase=measure iteration=2 component=safe_sm component_id=5 lut_exp=0 qo_len=4 kv_len=4096 n_heads=12 n_kv_heads=2 head_dim=128 kv_head=1 worker=0 block_r=0 block_c=0 t0_us=2285302106590 t1_us=2285302106798 dur_us=208
FIG8_ATTENTION_EVENT mode=scna-fp16 phase=measure iteration=2 component=v_load component_id=3 lut_exp=0 qo_len=4 kv_len=4096 n_heads=12 n_kv_heads=2 head_dim=128 kv_head=1 worker=0 block_r=0 block_c=0 t0_us=2285302106798 t1_us=2285302106966 dur_us=167
FIG8_ATTENTION_EVENT mode=scna-fp16 phase=measure iteration=2 component=core_acc component_id=6 lut_exp=0 qo_len=4 kv_len=4096 n_heads=12 n_kv_heads=2 head_dim=128 kv_head=1 worker=0 block_r=0 block_c=0 t0_us=2285302106966 t1_us=2285302106968 dur_us=2
FIG8_ATTENTION_EVENT mode=scna-fp16 phase=measure iteration=2 component=o_scale component_id=7 lut_exp=0 qo_len=4 kv_len=4096 n_heads=12 n_kv_heads=2 head_dim=128 kv_head=1 worker=0 block_r=0 block_c=-1 t0_us=2285302106969 t1_us=2285302106970 dur_us=0
FIG8_ATTENTION_EVENT mode=scna-fp16 phase=measure iteration=2 component=o_store component_id=8 lut_exp=0 qo_len=4 kv_len=4096 n_heads=12 n_kv_heads=2 head_dim=128 kv_head=1 worker=0 block_r=0 block_c=-1 t0_us=2285302106970 t1_us=2285302106972 dur_us=2
FIG8_ATTENTION_HOST_TIMING mode=scna-fp16 qo_len=4 kv_len=4096 n_heads=12 n_kv_heads=2 head_dim=128 phase=measure iteration=3 host_elapsed_us=1470 ret=0
FIG8_ATTENTION_PROFILE_COUNT mode=scna-fp16 qo_len=4 phase=measure iteration=3 records=2 max_records=10
FIG8_ATTENTION_TIMERS mode=scna-fp16 phase=measure iteration=3 lut_exp=0 nonlinear_mode=1 scna_width=32 scna_exp=184 qo_len=4 kv_len=4096 n_heads=12 n_kv_heads=2 head_dim=128 kv_head=0 worker=0 profiled_total=556 q_load=1 k_load=177 v_load=164 qk_dot=2 safe_sm=208 core_acc=2 o_scale=0 o_store=2
FIG8_ATTENTION_TIMERS mode=scna-fp16 phase=measure iteration=3 lut_exp=0 nonlinear_mode=1 scna_width=32 scna_exp=184 qo_len=4 kv_len=4096 n_heads=12 n_kv_heads=2 head_dim=128 kv_head=1 worker=0 profiled_total=566 q_load=1 k_load=183 v_load=168 qk_dot=2 safe_sm=208 core_acc=2 o_scale=0 o_store=2
FIG8_ATTENTION_EVENT_COUNT mode=scna-fp16 qo_len=4 phase=measure iteration=3 events=16 max_events=3224 overflow=0
FIG8_ATTENTION_EVENT mode=scna-fp16 phase=measure iteration=3 component=q_load component_id=1 lut_exp=0 qo_len=4 kv_len=4096 n_heads=12 n_kv_heads=2 head_dim=128 kv_head=0 worker=0 block_r=0 block_c=-1 t0_us=2285302107460 t1_us=2285302107462 dur_us=1
FIG8_ATTENTION_EVENT mode=scna-fp16 phase=measure iteration=3 component=k_load component_id=2 lut_exp=0 qo_len=4 kv_len=4096 n_heads=12 n_kv_heads=2 head_dim=128 kv_head=0 worker=0 block_r=0 block_c=0 t0_us=2285302107463 t1_us=2285302107641 dur_us=177
FIG8_ATTENTION_EVENT mode=scna-fp16 phase=measure iteration=3 component=qk_dot component_id=4 lut_exp=0 qo_len=4 kv_len=4096 n_heads=12 n_kv_heads=2 head_dim=128 kv_head=0 worker=0 block_r=0 block_c=0 t0_us=2285302107641 t1_us=2285302107643 dur_us=2
FIG8_ATTENTION_EVENT mode=scna-fp16 phase=measure iteration=3 component=safe_sm component_id=5 lut_exp=0 qo_len=4 kv_len=4096 n_heads=12 n_kv_heads=2 head_dim=128 kv_head=0 worker=0 block_r=0 block_c=0 t0_us=2285302107643 t1_us=2285302107852 dur_us=208
FIG8_ATTENTION_EVENT mode=scna-fp16 phase=measure iteration=3 component=v_load component_id=3 lut_exp=0 qo_len=4 kv_len=4096 n_heads=12 n_kv_heads=2 head_dim=128 kv_head=0 worker=0 block_r=0 block_c=0 t0_us=2285302107853 t1_us=2285302108018 dur_us=164
FIG8_ATTENTION_EVENT mode=scna-fp16 phase=measure iteration=3 component=core_acc component_id=6 lut_exp=0 qo_len=4 kv_len=4096 n_heads=12 n_kv_heads=2 head_dim=128 kv_head=0 worker=0 block_r=0 block_c=0 t0_us=2285302108018 t1_us=2285302108020 dur_us=2
FIG8_ATTENTION_EVENT mode=scna-fp16 phase=measure iteration=3 component=o_scale component_id=7 lut_exp=0 qo_len=4 kv_len=4096 n_heads=12 n_kv_heads=2 head_dim=128 kv_head=0 worker=0 block_r=0 block_c=-1 t0_us=2285302108021 t1_us=2285302108022 dur_us=0
FIG8_ATTENTION_EVENT mode=scna-fp16 phase=measure iteration=3 component=o_store component_id=8 lut_exp=0 qo_len=4 kv_len=4096 n_heads=12 n_kv_heads=2 head_dim=128 kv_head=0 worker=0 block_r=0 block_c=-1 t0_us=2285302108022 t1_us=2285302108025 dur_us=2
FIG8_ATTENTION_EVENT mode=scna-fp16 phase=measure iteration=3 component=q_load component_id=1 lut_exp=0 qo_len=4 kv_len=4096 n_heads=12 n_kv_heads=2 head_dim=128 kv_head=1 worker=0 block_r=0 block_c=-1 t0_us=2285302108075 t1_us=2285302108076 dur_us=1
FIG8_ATTENTION_EVENT mode=scna-fp16 phase=measure iteration=3 component=k_load component_id=2 lut_exp=0 qo_len=4 kv_len=4096 n_heads=12 n_kv_heads=2 head_dim=128 kv_head=1 worker=0 block_r=0 block_c=0 t0_us=2285302108077 t1_us=2285302108260 dur_us=183
FIG8_ATTENTION_EVENT mode=scna-fp16 phase=measure iteration=3 component=qk_dot component_id=4 lut_exp=0 qo_len=4 kv_len=4096 n_heads=12 n_kv_heads=2 head_dim=128 kv_head=1 worker=0 block_r=0 block_c=0 t0_us=2285302108260 t1_us=2285302108263 dur_us=2
FIG8_ATTENTION_EVENT mode=scna-fp16 phase=measure iteration=3 component=safe_sm component_id=5 lut_exp=0 qo_len=4 kv_len=4096 n_heads=12 n_kv_heads=2 head_dim=128 kv_head=1 worker=0 block_r=0 block_c=0 t0_us=2285302108263 t1_us=2285302108472 dur_us=208
FIG8_ATTENTION_EVENT mode=scna-fp16 phase=measure iteration=3 component=v_load component_id=3 lut_exp=0 qo_len=4 kv_len=4096 n_heads=12 n_kv_heads=2 head_dim=128 kv_head=1 worker=0 block_r=0 block_c=0 t0_us=2285302108472 t1_us=2285302108640 dur_us=168
FIG8_ATTENTION_EVENT mode=scna-fp16 phase=measure iteration=3 component=core_acc component_id=6 lut_exp=0 qo_len=4 kv_len=4096 n_heads=12 n_kv_heads=2 head_dim=128 kv_head=1 worker=0 block_r=0 block_c=0 t0_us=2285302108641 t1_us=2285302108643 dur_us=2
FIG8_ATTENTION_EVENT mode=scna-fp16 phase=measure iteration=3 component=o_scale component_id=7 lut_exp=0 qo_len=4 kv_len=4096 n_heads=12 n_kv_heads=2 head_dim=128 kv_head=1 worker=0 block_r=0 block_c=-1 t0_us=2285302108643 t1_us=2285302108644 dur_us=0
FIG8_ATTENTION_EVENT mode=scna-fp16 phase=measure iteration=3 component=o_store component_id=8 lut_exp=0 qo_len=4 kv_len=4096 n_heads=12 n_kv_heads=2 head_dim=128 kv_head=1 worker=0 block_r=0 block_c=-1 t0_us=2285302108645 t1_us=2285302108647 dur_us=2
FIG8_ATTENTION_HOST_TIMING mode=scna-fp16 qo_len=4 kv_len=4096 n_heads=12 n_kv_heads=2 head_dim=128 phase=measure iteration=4 host_elapsed_us=1467 ret=0
FIG8_ATTENTION_PROFILE_COUNT mode=scna-fp16 qo_len=4 phase=measure iteration=4 records=2 max_records=10
FIG8_ATTENTION_TIMERS mode=scna-fp16 phase=measure iteration=4 lut_exp=0 nonlinear_mode=1 scna_width=32 scna_exp=184 qo_len=4 kv_len=4096 n_heads=12 n_kv_heads=2 head_dim=128 kv_head=0 worker=0 profiled_total=555 q_load=1 k_load=178 v_load=160 qk_dot=2 safe_sm=210 core_acc=2 o_scale=0 o_store=2
FIG8_ATTENTION_TIMERS mode=scna-fp16 phase=measure iteration=4 lut_exp=0 nonlinear_mode=1 scna_width=32 scna_exp=184 qo_len=4 kv_len=4096 n_heads=12 n_kv_heads=2 head_dim=128 kv_head=1 worker=0 profiled_total=565 q_load=1 k_load=183 v_load=167 qk_dot=2 safe_sm=208 core_acc=2 o_scale=0 o_store=2
FIG8_ATTENTION_EVENT_COUNT mode=scna-fp16 qo_len=4 phase=measure iteration=4 events=16 max_events=3224 overflow=0
FIG8_ATTENTION_EVENT mode=scna-fp16 phase=measure iteration=4 component=q_load component_id=1 lut_exp=0 qo_len=4 kv_len=4096 n_heads=12 n_kv_heads=2 head_dim=128 kv_head=0 worker=0 block_r=0 block_c=-1 t0_us=2285302109128 t1_us=2285302109130 dur_us=1
FIG8_ATTENTION_EVENT mode=scna-fp16 phase=measure iteration=4 component=k_load component_id=2 lut_exp=0 qo_len=4 kv_len=4096 n_heads=12 n_kv_heads=2 head_dim=128 kv_head=0 worker=0 block_r=0 block_c=0 t0_us=2285302109131 t1_us=2285302109309 dur_us=178
FIG8_ATTENTION_EVENT mode=scna-fp16 phase=measure iteration=4 component=qk_dot component_id=4 lut_exp=0 qo_len=4 kv_len=4096 n_heads=12 n_kv_heads=2 head_dim=128 kv_head=0 worker=0 block_r=0 block_c=0 t0_us=2285302109309 t1_us=2285302109311 dur_us=2
FIG8_ATTENTION_EVENT mode=scna-fp16 phase=measure iteration=4 component=safe_sm component_id=5 lut_exp=0 qo_len=4 kv_len=4096 n_heads=12 n_kv_heads=2 head_dim=128 kv_head=0 worker=0 block_r=0 block_c=0 t0_us=2285302109312 t1_us=2285302109522 dur_us=210
FIG8_ATTENTION_EVENT mode=scna-fp16 phase=measure iteration=4 component=v_load component_id=3 lut_exp=0 qo_len=4 kv_len=4096 n_heads=12 n_kv_heads=2 head_dim=128 kv_head=0 worker=0 block_r=0 block_c=0 t0_us=2285302109523 t1_us=2285302109684 dur_us=160
FIG8_ATTENTION_EVENT mode=scna-fp16 phase=measure iteration=4 component=core_acc component_id=6 lut_exp=0 qo_len=4 kv_len=4096 n_heads=12 n_kv_heads=2 head_dim=128 kv_head=0 worker=0 block_r=0 block_c=0 t0_us=2285302109684 t1_us=2285302109687 dur_us=2
FIG8_ATTENTION_EVENT mode=scna-fp16 phase=measure iteration=4 component=o_scale component_id=7 lut_exp=0 qo_len=4 kv_len=4096 n_heads=12 n_kv_heads=2 head_dim=128 kv_head=0 worker=0 block_r=0 block_c=-1 t0_us=2285302109687 t1_us=2285302109688 dur_us=0
FIG8_ATTENTION_EVENT mode=scna-fp16 phase=measure iteration=4 component=o_store component_id=8 lut_exp=0 qo_len=4 kv_len=4096 n_heads=12 n_kv_heads=2 head_dim=128 kv_head=0 worker=0 block_r=0 block_c=-1 t0_us=2285302109689 t1_us=2285302109691 dur_us=2
FIG8_ATTENTION_EVENT mode=scna-fp16 phase=measure iteration=4 component=q_load component_id=1 lut_exp=0 qo_len=4 kv_len=4096 n_heads=12 n_kv_heads=2 head_dim=128 kv_head=1 worker=0 block_r=0 block_c=-1 t0_us=2285302109739 t1_us=2285302109741 dur_us=1
FIG8_ATTENTION_EVENT mode=scna-fp16 phase=measure iteration=4 component=k_load component_id=2 lut_exp=0 qo_len=4 kv_len=4096 n_heads=12 n_kv_heads=2 head_dim=128 kv_head=1 worker=0 block_r=0 block_c=0 t0_us=2285302109741 t1_us=2285302109925 dur_us=183
FIG8_ATTENTION_EVENT mode=scna-fp16 phase=measure iteration=4 component=qk_dot component_id=4 lut_exp=0 qo_len=4 kv_len=4096 n_heads=12 n_kv_heads=2 head_dim=128 kv_head=1 worker=0 block_r=0 block_c=0 t0_us=2285302109925 t1_us=2285302109927 dur_us=2
FIG8_ATTENTION_EVENT mode=scna-fp16 phase=measure iteration=4 component=safe_sm component_id=5 lut_exp=0 qo_len=4 kv_len=4096 n_heads=12 n_kv_heads=2 head_dim=128 kv_head=1 worker=0 block_r=0 block_c=0 t0_us=2285302109928 t1_us=2285302110136 dur_us=208
FIG8_ATTENTION_EVENT mode=scna-fp16 phase=measure iteration=4 component=v_load component_id=3 lut_exp=0 qo_len=4 kv_len=4096 n_heads=12 n_kv_heads=2 head_dim=128 kv_head=1 worker=0 block_r=0 block_c=0 t0_us=2285302110136 t1_us=2285302110304 dur_us=167
FIG8_ATTENTION_EVENT mode=scna-fp16 phase=measure iteration=4 component=core_acc component_id=6 lut_exp=0 qo_len=4 kv_len=4096 n_heads=12 n_kv_heads=2 head_dim=128 kv_head=1 worker=0 block_r=0 block_c=0 t0_us=2285302110304 t1_us=2285302110306 dur_us=2
FIG8_ATTENTION_EVENT mode=scna-fp16 phase=measure iteration=4 component=o_scale component_id=7 lut_exp=0 qo_len=4 kv_len=4096 n_heads=12 n_kv_heads=2 head_dim=128 kv_head=1 worker=0 block_r=0 block_c=-1 t0_us=2285302110307 t1_us=2285302110308 dur_us=0
FIG8_ATTENTION_EVENT mode=scna-fp16 phase=measure iteration=4 component=o_store component_id=8 lut_exp=0 qo_len=4 kv_len=4096 n_heads=12 n_kv_heads=2 head_dim=128 kv_head=1 worker=0 block_r=0 block_c=-1 t0_us=2285302110308 t1_us=2285302110310 dur_us=2
FIG8_ATTENTION_HOST_TIMING mode=scna-fp16 qo_len=4 kv_len=4096 n_heads=12 n_kv_heads=2 head_dim=128 phase=measure iteration=5 host_elapsed_us=1463 ret=0
FIG8_ATTENTION_PROFILE_COUNT mode=scna-fp16 qo_len=4 phase=measure iteration=5 records=2 max_records=10
FIG8_ATTENTION_TIMERS mode=scna-fp16 phase=measure iteration=5 lut_exp=0 nonlinear_mode=1 scna_width=32 scna_exp=184 qo_len=4 kv_len=4096 n_heads=12 n_kv_heads=2 head_dim=128 kv_head=0 worker=0 profiled_total=553 q_load=1 k_load=177 v_load=161 qk_dot=2 safe_sm=208 core_acc=2 o_scale=0 o_store=2
FIG8_ATTENTION_TIMERS mode=scna-fp16 phase=measure iteration=5 lut_exp=0 nonlinear_mode=1 scna_width=32 scna_exp=184 qo_len=4 kv_len=4096 n_heads=12 n_kv_heads=2 head_dim=128 kv_head=1 worker=0 profiled_total=568 q_load=1 k_load=186 v_load=168 qk_dot=2 safe_sm=207 core_acc=2 o_scale=0 o_store=2
FIG8_ATTENTION_EVENT_COUNT mode=scna-fp16 qo_len=4 phase=measure iteration=5 events=16 max_events=3224 overflow=0
FIG8_ATTENTION_EVENT mode=scna-fp16 phase=measure iteration=5 component=q_load component_id=1 lut_exp=0 qo_len=4 kv_len=4096 n_heads=12 n_kv_heads=2 head_dim=128 kv_head=0 worker=0 block_r=0 block_c=-1 t0_us=2285302110796 t1_us=2285302110797 dur_us=1
FIG8_ATTENTION_EVENT mode=scna-fp16 phase=measure iteration=5 component=k_load component_id=2 lut_exp=0 qo_len=4 kv_len=4096 n_heads=12 n_kv_heads=2 head_dim=128 kv_head=0 worker=0 block_r=0 block_c=0 t0_us=2285302110798 t1_us=2285302110976 dur_us=177
FIG8_ATTENTION_EVENT mode=scna-fp16 phase=measure iteration=5 component=qk_dot component_id=4 lut_exp=0 qo_len=4 kv_len=4096 n_heads=12 n_kv_heads=2 head_dim=128 kv_head=0 worker=0 block_r=0 block_c=0 t0_us=2285302110977 t1_us=2285302110979 dur_us=2
FIG8_ATTENTION_EVENT mode=scna-fp16 phase=measure iteration=5 component=safe_sm component_id=5 lut_exp=0 qo_len=4 kv_len=4096 n_heads=12 n_kv_heads=2 head_dim=128 kv_head=0 worker=0 block_r=0 block_c=0 t0_us=2285302110979 t1_us=2285302111188 dur_us=208
FIG8_ATTENTION_EVENT mode=scna-fp16 phase=measure iteration=5 component=v_load component_id=3 lut_exp=0 qo_len=4 kv_len=4096 n_heads=12 n_kv_heads=2 head_dim=128 kv_head=0 worker=0 block_r=0 block_c=0 t0_us=2285302111189 t1_us=2285302111351 dur_us=161
FIG8_ATTENTION_EVENT mode=scna-fp16 phase=measure iteration=5 component=core_acc component_id=6 lut_exp=0 qo_len=4 kv_len=4096 n_heads=12 n_kv_heads=2 head_dim=128 kv_head=0 worker=0 block_r=0 block_c=0 t0_us=2285302111351 t1_us=2285302111354 dur_us=2
FIG8_ATTENTION_EVENT mode=scna-fp16 phase=measure iteration=5 component=o_scale component_id=7 lut_exp=0 qo_len=4 kv_len=4096 n_heads=12 n_kv_heads=2 head_dim=128 kv_head=0 worker=0 block_r=0 block_c=-1 t0_us=2285302111354 t1_us=2285302111355 dur_us=0
FIG8_ATTENTION_EVENT mode=scna-fp16 phase=measure iteration=5 component=o_store component_id=8 lut_exp=0 qo_len=4 kv_len=4096 n_heads=12 n_kv_heads=2 head_dim=128 kv_head=0 worker=0 block_r=0 block_c=-1 t0_us=2285302111356 t1_us=2285302111358 dur_us=2
FIG8_ATTENTION_EVENT mode=scna-fp16 phase=measure iteration=5 component=q_load component_id=1 lut_exp=0 qo_len=4 kv_len=4096 n_heads=12 n_kv_heads=2 head_dim=128 kv_head=1 worker=0 block_r=0 block_c=-1 t0_us=2285302111407 t1_us=2285302111408 dur_us=1
FIG8_ATTENTION_EVENT mode=scna-fp16 phase=measure iteration=5 component=k_load component_id=2 lut_exp=0 qo_len=4 kv_len=4096 n_heads=12 n_kv_heads=2 head_dim=128 kv_head=1 worker=0 block_r=0 block_c=0 t0_us=2285302111409 t1_us=2285302111596 dur_us=186
FIG8_ATTENTION_EVENT mode=scna-fp16 phase=measure iteration=5 component=qk_dot component_id=4 lut_exp=0 qo_len=4 kv_len=4096 n_heads=12 n_kv_heads=2 head_dim=128 kv_head=1 worker=0 block_r=0 block_c=0 t0_us=2285302111596 t1_us=2285302111598 dur_us=2
FIG8_ATTENTION_EVENT mode=scna-fp16 phase=measure iteration=5 component=safe_sm component_id=5 lut_exp=0 qo_len=4 kv_len=4096 n_heads=12 n_kv_heads=2 head_dim=128 kv_head=1 worker=0 block_r=0 block_c=0 t0_us=2285302111599 t1_us=2285302111806 dur_us=207
FIG8_ATTENTION_EVENT mode=scna-fp16 phase=measure iteration=5 component=v_load component_id=3 lut_exp=0 qo_len=4 kv_len=4096 n_heads=12 n_kv_heads=2 head_dim=128 kv_head=1 worker=0 block_r=0 block_c=0 t0_us=2285302111806 t1_us=2285302111974 dur_us=168
FIG8_ATTENTION_EVENT mode=scna-fp16 phase=measure iteration=5 component=core_acc component_id=6 lut_exp=0 qo_len=4 kv_len=4096 n_heads=12 n_kv_heads=2 head_dim=128 kv_head=1 worker=0 block_r=0 block_c=0 t0_us=2285302111975 t1_us=2285302111977 dur_us=2
FIG8_ATTENTION_EVENT mode=scna-fp16 phase=measure iteration=5 component=o_scale component_id=7 lut_exp=0 qo_len=4 kv_len=4096 n_heads=12 n_kv_heads=2 head_dim=128 kv_head=1 worker=0 block_r=0 block_c=-1 t0_us=2285302111978 t1_us=2285302111979 dur_us=0
FIG8_ATTENTION_EVENT mode=scna-fp16 phase=measure iteration=5 component=o_store component_id=8 lut_exp=0 qo_len=4 kv_len=4096 n_heads=12 n_kv_heads=2 head_dim=128 kv_head=1 worker=0 block_r=0 block_c=-1 t0_us=2285302111979 t1_us=2285302111981 dur_us=2
FIG8_ATTENTION_HOST_TIMING mode=scna-fp16 qo_len=4 kv_len=4096 n_heads=12 n_kv_heads=2 head_dim=128 phase=measure iteration=6 host_elapsed_us=1427 ret=0
FIG8_ATTENTION_PROFILE_COUNT mode=scna-fp16 qo_len=4 phase=measure iteration=6 records=2 max_records=10
FIG8_ATTENTION_TIMERS mode=scna-fp16 phase=measure iteration=6 lut_exp=0 nonlinear_mode=1 scna_width=32 scna_exp=184 qo_len=4 kv_len=4096 n_heads=12 n_kv_heads=2 head_dim=128 kv_head=0 worker=0 profiled_total=552 q_load=1 k_load=178 v_load=158 qk_dot=2 safe_sm=209 core_acc=2 o_scale=0 o_store=2
FIG8_ATTENTION_TIMERS mode=scna-fp16 phase=measure iteration=6 lut_exp=0 nonlinear_mode=1 scna_width=32 scna_exp=183 qo_len=4 kv_len=4096 n_heads=12 n_kv_heads=2 head_dim=128 kv_head=1 worker=0 profiled_total=564 q_load=1 k_load=184 v_load=166 qk_dot=2 safe_sm=207 core_acc=2 o_scale=0 o_store=2
FIG8_ATTENTION_EVENT_COUNT mode=scna-fp16 qo_len=4 phase=measure iteration=6 events=16 max_events=3224 overflow=0
FIG8_ATTENTION_EVENT mode=scna-fp16 phase=measure iteration=6 component=q_load component_id=1 lut_exp=0 qo_len=4 kv_len=4096 n_heads=12 n_kv_heads=2 head_dim=128 kv_head=0 worker=0 block_r=0 block_c=-1 t0_us=2285302112523 t1_us=2285302112524 dur_us=1
FIG8_ATTENTION_EVENT mode=scna-fp16 phase=measure iteration=6 component=k_load component_id=2 lut_exp=0 qo_len=4 kv_len=4096 n_heads=12 n_kv_heads=2 head_dim=128 kv_head=0 worker=0 block_r=0 block_c=0 t0_us=2285302112526 t1_us=2285302112704 dur_us=178
FIG8_ATTENTION_EVENT mode=scna-fp16 phase=measure iteration=6 component=qk_dot component_id=4 lut_exp=0 qo_len=4 kv_len=4096 n_heads=12 n_kv_heads=2 head_dim=128 kv_head=0 worker=0 block_r=0 block_c=0 t0_us=2285302112704 t1_us=2285302112707 dur_us=2
FIG8_ATTENTION_EVENT mode=scna-fp16 phase=measure iteration=6 component=safe_sm component_id=5 lut_exp=0 qo_len=4 kv_len=4096 n_heads=12 n_kv_heads=2 head_dim=128 kv_head=0 worker=0 block_r=0 block_c=0 t0_us=2285302112707 t1_us=2285302112917 dur_us=209
FIG8_ATTENTION_EVENT mode=scna-fp16 phase=measure iteration=6 component=v_load component_id=3 lut_exp=0 qo_len=4 kv_len=4096 n_heads=12 n_kv_heads=2 head_dim=128 kv_head=0 worker=0 block_r=0 block_c=0 t0_us=2285302112918 t1_us=2285302113077 dur_us=158
FIG8_ATTENTION_EVENT mode=scna-fp16 phase=measure iteration=6 component=core_acc component_id=6 lut_exp=0 qo_len=4 kv_len=4096 n_heads=12 n_kv_heads=2 head_dim=128 kv_head=0 worker=0 block_r=0 block_c=0 t0_us=2285302113077 t1_us=2285302113080 dur_us=2
FIG8_ATTENTION_EVENT mode=scna-fp16 phase=measure iteration=6 component=o_scale component_id=7 lut_exp=0 qo_len=4 kv_len=4096 n_heads=12 n_kv_heads=2 head_dim=128 kv_head=0 worker=0 block_r=0 block_c=-1 t0_us=2285302113080 t1_us=2285302113081 dur_us=0
FIG8_ATTENTION_EVENT mode=scna-fp16 phase=measure iteration=6 component=o_store component_id=8 lut_exp=0 qo_len=4 kv_len=4096 n_heads=12 n_kv_heads=2 head_dim=128 kv_head=0 worker=0 block_r=0 block_c=-1 t0_us=2285302113082 t1_us=2285302113084 dur_us=2
FIG8_ATTENTION_EVENT mode=scna-fp16 phase=measure iteration=6 component=q_load component_id=1 lut_exp=0 qo_len=4 kv_len=4096 n_heads=12 n_kv_heads=2 head_dim=128 kv_head=1 worker=0 block_r=0 block_c=-1 t0_us=2285302113132 t1_us=2285302113134 dur_us=1
FIG8_ATTENTION_EVENT mode=scna-fp16 phase=measure iteration=6 component=k_load component_id=2 lut_exp=0 qo_len=4 kv_len=4096 n_heads=12 n_kv_heads=2 head_dim=128 kv_head=1 worker=0 block_r=0 block_c=0 t0_us=2285302113134 t1_us=2285302113319 dur_us=184
FIG8_ATTENTION_EVENT mode=scna-fp16 phase=measure iteration=6 component=qk_dot component_id=4 lut_exp=0 qo_len=4 kv_len=4096 n_heads=12 n_kv_heads=2 head_dim=128 kv_head=1 worker=0 block_r=0 block_c=0 t0_us=2285302113319 t1_us=2285302113321 dur_us=2
FIG8_ATTENTION_EVENT mode=scna-fp16 phase=measure iteration=6 component=safe_sm component_id=5 lut_exp=0 qo_len=4 kv_len=4096 n_heads=12 n_kv_heads=2 head_dim=128 kv_head=1 worker=0 block_r=0 block_c=0 t0_us=2285302113322 t1_us=2285302113529 dur_us=207
FIG8_ATTENTION_EVENT mode=scna-fp16 phase=measure iteration=6 component=v_load component_id=3 lut_exp=0 qo_len=4 kv_len=4096 n_heads=12 n_kv_heads=2 head_dim=128 kv_head=1 worker=0 block_r=0 block_c=0 t0_us=2285302113530 t1_us=2285302113696 dur_us=166
FIG8_ATTENTION_EVENT mode=scna-fp16 phase=measure iteration=6 component=core_acc component_id=6 lut_exp=0 qo_len=4 kv_len=4096 n_heads=12 n_kv_heads=2 head_dim=128 kv_head=1 worker=0 block_r=0 block_c=0 t0_us=2285302113697 t1_us=2285302113699 dur_us=2
FIG8_ATTENTION_EVENT mode=scna-fp16 phase=measure iteration=6 component=o_scale component_id=7 lut_exp=0 qo_len=4 kv_len=4096 n_heads=12 n_kv_heads=2 head_dim=128 kv_head=1 worker=0 block_r=0 block_c=-1 t0_us=2285302113699 t1_us=2285302113700 dur_us=0
FIG8_ATTENTION_EVENT mode=scna-fp16 phase=measure iteration=6 component=o_store component_id=8 lut_exp=0 qo_len=4 kv_len=4096 n_heads=12 n_kv_heads=2 head_dim=128 kv_head=1 worker=0 block_r=0 block_c=-1 t0_us=2285302113700 t1_us=2285302113703 dur_us=2
FIG8_ATTENTION_HOST_TIMING mode=scna-fp16 qo_len=4 kv_len=4096 n_heads=12 n_kv_heads=2 head_dim=128 phase=measure iteration=7 host_elapsed_us=1462 ret=0
FIG8_ATTENTION_PROFILE_COUNT mode=scna-fp16 qo_len=4 phase=measure iteration=7 records=2 max_records=10
FIG8_ATTENTION_TIMERS mode=scna-fp16 phase=measure iteration=7 lut_exp=0 nonlinear_mode=1 scna_width=32 scna_exp=184 qo_len=4 kv_len=4096 n_heads=12 n_kv_heads=2 head_dim=128 kv_head=0 worker=0 profiled_total=554 q_load=1 k_load=178 v_load=161 qk_dot=2 safe_sm=208 core_acc=2 o_scale=0 o_store=2
FIG8_ATTENTION_TIMERS mode=scna-fp16 phase=measure iteration=7 lut_exp=0 nonlinear_mode=1 scna_width=32 scna_exp=184 qo_len=4 kv_len=4096 n_heads=12 n_kv_heads=2 head_dim=128 kv_head=1 worker=0 profiled_total=577 q_load=1 k_load=179 v_load=183 qk_dot=2 safe_sm=208 core_acc=2 o_scale=0 o_store=2
FIG8_ATTENTION_EVENT_COUNT mode=scna-fp16 qo_len=4 phase=measure iteration=7 events=16 max_events=3224 overflow=0
FIG8_ATTENTION_EVENT mode=scna-fp16 phase=measure iteration=7 component=q_load component_id=1 lut_exp=0 qo_len=4 kv_len=4096 n_heads=12 n_kv_heads=2 head_dim=128 kv_head=0 worker=0 block_r=0 block_c=-1 t0_us=2285302114159 t1_us=2285302114161 dur_us=1
FIG8_ATTENTION_EVENT mode=scna-fp16 phase=measure iteration=7 component=k_load component_id=2 lut_exp=0 qo_len=4 kv_len=4096 n_heads=12 n_kv_heads=2 head_dim=128 kv_head=0 worker=0 block_r=0 block_c=0 t0_us=2285302114162 t1_us=2285302114340 dur_us=178
FIG8_ATTENTION_EVENT mode=scna-fp16 phase=measure iteration=7 component=qk_dot component_id=4 lut_exp=0 qo_len=4 kv_len=4096 n_heads=12 n_kv_heads=2 head_dim=128 kv_head=0 worker=0 block_r=0 block_c=0 t0_us=2285302114341 t1_us=2285302114343 dur_us=2
FIG8_ATTENTION_EVENT mode=scna-fp16 phase=measure iteration=7 component=safe_sm component_id=5 lut_exp=0 qo_len=4 kv_len=4096 n_heads=12 n_kv_heads=2 head_dim=128 kv_head=0 worker=0 block_r=0 block_c=0 t0_us=2285302114343 t1_us=2285302114552 dur_us=208
FIG8_ATTENTION_EVENT mode=scna-fp16 phase=measure iteration=7 component=v_load component_id=3 lut_exp=0 qo_len=4 kv_len=4096 n_heads=12 n_kv_heads=2 head_dim=128 kv_head=0 worker=0 block_r=0 block_c=0 t0_us=2285302114553 t1_us=2285302114714 dur_us=161
FIG8_ATTENTION_EVENT mode=scna-fp16 phase=measure iteration=7 component=core_acc component_id=6 lut_exp=0 qo_len=4 kv_len=4096 n_heads=12 n_kv_heads=2 head_dim=128 kv_head=0 worker=0 block_r=0 block_c=0 t0_us=2285302114714 t1_us=2285302114717 dur_us=2
FIG8_ATTENTION_EVENT mode=scna-fp16 phase=measure iteration=7 component=o_scale component_id=7 lut_exp=0 qo_len=4 kv_len=4096 n_heads=12 n_kv_heads=2 head_dim=128 kv_head=0 worker=0 block_r=0 block_c=-1 t0_us=2285302114717 t1_us=2285302114718 dur_us=0
FIG8_ATTENTION_EVENT mode=scna-fp16 phase=measure iteration=7 component=o_store component_id=8 lut_exp=0 qo_len=4 kv_len=4096 n_heads=12 n_kv_heads=2 head_dim=128 kv_head=0 worker=0 block_r=0 block_c=-1 t0_us=2285302114719 t1_us=2285302114721 dur_us=2
FIG8_ATTENTION_EVENT mode=scna-fp16 phase=measure iteration=7 component=q_load component_id=1 lut_exp=0 qo_len=4 kv_len=4096 n_heads=12 n_kv_heads=2 head_dim=128 kv_head=1 worker=0 block_r=0 block_c=-1 t0_us=2285302114770 t1_us=2285302114771 dur_us=1
FIG8_ATTENTION_EVENT mode=scna-fp16 phase=measure iteration=7 component=k_load component_id=2 lut_exp=0 qo_len=4 kv_len=4096 n_heads=12 n_kv_heads=2 head_dim=128 kv_head=1 worker=0 block_r=0 block_c=0 t0_us=2285302114772 t1_us=2285302114952 dur_us=179
FIG8_ATTENTION_EVENT mode=scna-fp16 phase=measure iteration=7 component=qk_dot component_id=4 lut_exp=0 qo_len=4 kv_len=4096 n_heads=12 n_kv_heads=2 head_dim=128 kv_head=1 worker=0 block_r=0 block_c=0 t0_us=2285302114952 t1_us=2285302114954 dur_us=2
FIG8_ATTENTION_EVENT mode=scna-fp16 phase=measure iteration=7 component=safe_sm component_id=5 lut_exp=0 qo_len=4 kv_len=4096 n_heads=12 n_kv_heads=2 head_dim=128 kv_head=1 worker=0 block_r=0 block_c=0 t0_us=2285302114955 t1_us=2285302115163 dur_us=208
FIG8_ATTENTION_EVENT mode=scna-fp16 phase=measure iteration=7 component=v_load component_id=3 lut_exp=0 qo_len=4 kv_len=4096 n_heads=12 n_kv_heads=2 head_dim=128 kv_head=1 worker=0 block_r=0 block_c=0 t0_us=2285302115164 t1_us=2285302115347 dur_us=183
FIG8_ATTENTION_EVENT mode=scna-fp16 phase=measure iteration=7 component=core_acc component_id=6 lut_exp=0 qo_len=4 kv_len=4096 n_heads=12 n_kv_heads=2 head_dim=128 kv_head=1 worker=0 block_r=0 block_c=0 t0_us=2285302115348 t1_us=2285302115350 dur_us=2
FIG8_ATTENTION_EVENT mode=scna-fp16 phase=measure iteration=7 component=o_scale component_id=7 lut_exp=0 qo_len=4 kv_len=4096 n_heads=12 n_kv_heads=2 head_dim=128 kv_head=1 worker=0 block_r=0 block_c=-1 t0_us=2285302115351 t1_us=2285302115351 dur_us=0
FIG8_ATTENTION_EVENT mode=scna-fp16 phase=measure iteration=7 component=o_store component_id=8 lut_exp=0 qo_len=4 kv_len=4096 n_heads=12 n_kv_heads=2 head_dim=128 kv_head=1 worker=0 block_r=0 block_c=-1 t0_us=2285302115352 t1_us=2285302115354 dur_us=2
FIG8_ATTENTION_HOST_TIMING mode=scna-fp16 qo_len=4 kv_len=4096 n_heads=12 n_kv_heads=2 head_dim=128 phase=measure iteration=8 host_elapsed_us=1417 ret=0
FIG8_ATTENTION_PROFILE_COUNT mode=scna-fp16 qo_len=4 phase=measure iteration=8 records=2 max_records=10
FIG8_ATTENTION_TIMERS mode=scna-fp16 phase=measure iteration=8 lut_exp=0 nonlinear_mode=1 scna_width=32 scna_exp=187 qo_len=4 kv_len=4096 n_heads=12 n_kv_heads=2 head_dim=128 kv_head=0 worker=0 profiled_total=600 q_load=1 k_load=195 v_load=178 qk_dot=2 safe_sm=220 core_acc=2 o_scale=0 o_store=2
FIG8_ATTENTION_TIMERS mode=scna-fp16 phase=measure iteration=8 lut_exp=0 nonlinear_mode=1 scna_width=32 scna_exp=186 qo_len=4 kv_len=4096 n_heads=12 n_kv_heads=2 head_dim=128 kv_head=1 worker=0 profiled_total=489 q_load=1 k_load=80 v_load=179 qk_dot=2 safe_sm=223 core_acc=2 o_scale=0 o_store=2
FIG8_ATTENTION_EVENT_COUNT mode=scna-fp16 qo_len=4 phase=measure iteration=8 events=16 max_events=3224 overflow=0
FIG8_ATTENTION_EVENT mode=scna-fp16 phase=measure iteration=8 component=q_load component_id=1 lut_exp=0 qo_len=4 kv_len=4096 n_heads=12 n_kv_heads=2 head_dim=128 kv_head=0 worker=0 block_r=0 block_c=-1 t0_us=2285302115919 t1_us=2285302115920 dur_us=1
FIG8_ATTENTION_EVENT mode=scna-fp16 phase=measure iteration=8 component=k_load component_id=2 lut_exp=0 qo_len=4 kv_len=4096 n_heads=12 n_kv_heads=2 head_dim=128 kv_head=0 worker=0 block_r=0 block_c=0 t0_us=2285302115921 t1_us=2285302116117 dur_us=195
FIG8_ATTENTION_EVENT mode=scna-fp16 phase=measure iteration=8 component=qk_dot component_id=4 lut_exp=0 qo_len=4 kv_len=4096 n_heads=12 n_kv_heads=2 head_dim=128 kv_head=0 worker=0 block_r=0 block_c=0 t0_us=2285302116117 t1_us=2285302116119 dur_us=2
FIG8_ATTENTION_EVENT mode=scna-fp16 phase=measure iteration=8 component=safe_sm component_id=5 lut_exp=0 qo_len=4 kv_len=4096 n_heads=12 n_kv_heads=2 head_dim=128 kv_head=0 worker=0 block_r=0 block_c=0 t0_us=2285302116119 t1_us=2285302116339 dur_us=220
FIG8_ATTENTION_EVENT mode=scna-fp16 phase=measure iteration=8 component=v_load component_id=3 lut_exp=0 qo_len=4 kv_len=4096 n_heads=12 n_kv_heads=2 head_dim=128 kv_head=0 worker=0 block_r=0 block_c=0 t0_us=2285302116340 t1_us=2285302116518 dur_us=178
FIG8_ATTENTION_EVENT mode=scna-fp16 phase=measure iteration=8 component=core_acc component_id=6 lut_exp=0 qo_len=4 kv_len=4096 n_heads=12 n_kv_heads=2 head_dim=128 kv_head=0 worker=0 block_r=0 block_c=0 t0_us=2285302116518 t1_us=2285302116521 dur_us=2
FIG8_ATTENTION_EVENT mode=scna-fp16 phase=measure iteration=8 component=o_scale component_id=7 lut_exp=0 qo_len=4 kv_len=4096 n_heads=12 n_kv_heads=2 head_dim=128 kv_head=0 worker=0 block_r=0 block_c=-1 t0_us=2285302116521 t1_us=2285302116522 dur_us=0
FIG8_ATTENTION_EVENT mode=scna-fp16 phase=measure iteration=8 component=o_store component_id=8 lut_exp=0 qo_len=4 kv_len=4096 n_heads=12 n_kv_heads=2 head_dim=128 kv_head=0 worker=0 block_r=0 block_c=-1 t0_us=2285302116523 t1_us=2285302116525 dur_us=2
FIG8_ATTENTION_EVENT mode=scna-fp16 phase=measure iteration=8 component=q_load component_id=1 lut_exp=0 qo_len=4 kv_len=4096 n_heads=12 n_kv_heads=2 head_dim=128 kv_head=1 worker=0 block_r=0 block_c=-1 t0_us=2285302116572 t1_us=2285302116574 dur_us=1
FIG8_ATTENTION_EVENT mode=scna-fp16 phase=measure iteration=8 component=k_load component_id=2 lut_exp=0 qo_len=4 kv_len=4096 n_heads=12 n_kv_heads=2 head_dim=128 kv_head=1 worker=0 block_r=0 block_c=0 t0_us=2285302116574 t1_us=2285302116655 dur_us=80
FIG8_ATTENTION_EVENT mode=scna-fp16 phase=measure iteration=8 component=qk_dot component_id=4 lut_exp=0 qo_len=4 kv_len=4096 n_heads=12 n_kv_heads=2 head_dim=128 kv_head=1 worker=0 block_r=0 block_c=0 t0_us=2285302116655 t1_us=2285302116658 dur_us=2
FIG8_ATTENTION_EVENT mode=scna-fp16 phase=measure iteration=8 component=safe_sm component_id=5 lut_exp=0 qo_len=4 kv_len=4096 n_heads=12 n_kv_heads=2 head_dim=128 kv_head=1 worker=0 block_r=0 block_c=0 t0_us=2285302116658 t1_us=2285302116882 dur_us=223
FIG8_ATTENTION_EVENT mode=scna-fp16 phase=measure iteration=8 component=v_load component_id=3 lut_exp=0 qo_len=4 kv_len=4096 n_heads=12 n_kv_heads=2 head_dim=128 kv_head=1 worker=0 block_r=0 block_c=0 t0_us=2285302116882 t1_us=2285302117061 dur_us=179
FIG8_ATTENTION_EVENT mode=scna-fp16 phase=measure iteration=8 component=core_acc component_id=6 lut_exp=0 qo_len=4 kv_len=4096 n_heads=12 n_kv_heads=2 head_dim=128 kv_head=1 worker=0 block_r=0 block_c=0 t0_us=2285302117062 t1_us=2285302117064 dur_us=2
FIG8_ATTENTION_EVENT mode=scna-fp16 phase=measure iteration=8 component=o_scale component_id=7 lut_exp=0 qo_len=4 kv_len=4096 n_heads=12 n_kv_heads=2 head_dim=128 kv_head=1 worker=0 block_r=0 block_c=-1 t0_us=2285302117065 t1_us=2285302117066 dur_us=0
FIG8_ATTENTION_EVENT mode=scna-fp16 phase=measure iteration=8 component=o_store component_id=8 lut_exp=0 qo_len=4 kv_len=4096 n_heads=12 n_kv_heads=2 head_dim=128 kv_head=1 worker=0 block_r=0 block_c=-1 t0_us=2285302117066 t1_us=2285302117068 dur_us=2
FIG8_ATTENTION_HOST_TIMING mode=scna-fp16 qo_len=4 kv_len=4096 n_heads=12 n_kv_heads=2 head_dim=128 phase=measure iteration=9 host_elapsed_us=1409 ret=0
FIG8_ATTENTION_PROFILE_COUNT mode=scna-fp16 qo_len=4 phase=measure iteration=9 records=2 max_records=10
FIG8_ATTENTION_TIMERS mode=scna-fp16 phase=measure iteration=9 lut_exp=0 nonlinear_mode=1 scna_width=32 scna_exp=186 qo_len=4 kv_len=4096 n_heads=12 n_kv_heads=2 head_dim=128 kv_head=0 worker=0 profiled_total=601 q_load=1 k_load=196 v_load=179 qk_dot=2 safe_sm=219 core_acc=2 o_scale=0 o_store=2
FIG8_ATTENTION_TIMERS mode=scna-fp16 phase=measure iteration=9 lut_exp=0 nonlinear_mode=1 scna_width=32 scna_exp=186 qo_len=4 kv_len=4096 n_heads=12 n_kv_heads=2 head_dim=128 kv_head=1 worker=0 profiled_total=490 q_load=1 k_load=80 v_load=179 qk_dot=2 safe_sm=224 core_acc=2 o_scale=0 o_store=2
FIG8_ATTENTION_EVENT_COUNT mode=scna-fp16 qo_len=4 phase=measure iteration=9 events=16 max_events=3224 overflow=0
FIG8_ATTENTION_EVENT mode=scna-fp16 phase=measure iteration=9 component=q_load component_id=1 lut_exp=0 qo_len=4 kv_len=4096 n_heads=12 n_kv_heads=2 head_dim=128 kv_head=0 worker=0 block_r=0 block_c=-1 t0_us=2285302117627 t1_us=2285302117629 dur_us=1
FIG8_ATTENTION_EVENT mode=scna-fp16 phase=measure iteration=9 component=k_load component_id=2 lut_exp=0 qo_len=4 kv_len=4096 n_heads=12 n_kv_heads=2 head_dim=128 kv_head=0 worker=0 block_r=0 block_c=0 t0_us=2285302117630 t1_us=2285302117826 dur_us=196
FIG8_ATTENTION_EVENT mode=scna-fp16 phase=measure iteration=9 component=qk_dot component_id=4 lut_exp=0 qo_len=4 kv_len=4096 n_heads=12 n_kv_heads=2 head_dim=128 kv_head=0 worker=0 block_r=0 block_c=0 t0_us=2285302117826 t1_us=2285302117829 dur_us=2
FIG8_ATTENTION_EVENT mode=scna-fp16 phase=measure iteration=9 component=safe_sm component_id=5 lut_exp=0 qo_len=4 kv_len=4096 n_heads=12 n_kv_heads=2 head_dim=128 kv_head=0 worker=0 block_r=0 block_c=0 t0_us=2285302117829 t1_us=2285302118048 dur_us=219
FIG8_ATTENTION_EVENT mode=scna-fp16 phase=measure iteration=9 component=v_load component_id=3 lut_exp=0 qo_len=4 kv_len=4096 n_heads=12 n_kv_heads=2 head_dim=128 kv_head=0 worker=0 block_r=0 block_c=0 t0_us=2285302118049 t1_us=2285302118229 dur_us=179
FIG8_ATTENTION_EVENT mode=scna-fp16 phase=measure iteration=9 component=core_acc component_id=6 lut_exp=0 qo_len=4 kv_len=4096 n_heads=12 n_kv_heads=2 head_dim=128 kv_head=0 worker=0 block_r=0 block_c=0 t0_us=2285302118229 t1_us=2285302118232 dur_us=2
FIG8_ATTENTION_EVENT mode=scna-fp16 phase=measure iteration=9 component=o_scale component_id=7 lut_exp=0 qo_len=4 kv_len=4096 n_heads=12 n_kv_heads=2 head_dim=128 kv_head=0 worker=0 block_r=0 block_c=-1 t0_us=2285302118232 t1_us=2285302118233 dur_us=0
FIG8_ATTENTION_EVENT mode=scna-fp16 phase=measure iteration=9 component=o_store component_id=8 lut_exp=0 qo_len=4 kv_len=4096 n_heads=12 n_kv_heads=2 head_dim=128 kv_head=0 worker=0 block_r=0 block_c=-1 t0_us=2285302118233 t1_us=2285302118236 dur_us=2
FIG8_ATTENTION_EVENT mode=scna-fp16 phase=measure iteration=9 component=q_load component_id=1 lut_exp=0 qo_len=4 kv_len=4096 n_heads=12 n_kv_heads=2 head_dim=128 kv_head=1 worker=0 block_r=0 block_c=-1 t0_us=2285302118284 t1_us=2285302118286 dur_us=1
FIG8_ATTENTION_EVENT mode=scna-fp16 phase=measure iteration=9 component=k_load component_id=2 lut_exp=0 qo_len=4 kv_len=4096 n_heads=12 n_kv_heads=2 head_dim=128 kv_head=1 worker=0 block_r=0 block_c=0 t0_us=2285302118286 t1_us=2285302118367 dur_us=80
FIG8_ATTENTION_EVENT mode=scna-fp16 phase=measure iteration=9 component=qk_dot component_id=4 lut_exp=0 qo_len=4 kv_len=4096 n_heads=12 n_kv_heads=2 head_dim=128 kv_head=1 worker=0 block_r=0 block_c=0 t0_us=2285302118367 t1_us=2285302118369 dur_us=2
FIG8_ATTENTION_EVENT mode=scna-fp16 phase=measure iteration=9 component=safe_sm component_id=5 lut_exp=0 qo_len=4 kv_len=4096 n_heads=12 n_kv_heads=2 head_dim=128 kv_head=1 worker=0 block_r=0 block_c=0 t0_us=2285302118370 t1_us=2285302118594 dur_us=224
FIG8_ATTENTION_EVENT mode=scna-fp16 phase=measure iteration=9 component=v_load component_id=3 lut_exp=0 qo_len=4 kv_len=4096 n_heads=12 n_kv_heads=2 head_dim=128 kv_head=1 worker=0 block_r=0 block_c=0 t0_us=2285302118594 t1_us=2285302118773 dur_us=179
FIG8_ATTENTION_EVENT mode=scna-fp16 phase=measure iteration=9 component=core_acc component_id=6 lut_exp=0 qo_len=4 kv_len=4096 n_heads=12 n_kv_heads=2 head_dim=128 kv_head=1 worker=0 block_r=0 block_c=0 t0_us=2285302118774 t1_us=2285302118777 dur_us=2
FIG8_ATTENTION_EVENT mode=scna-fp16 phase=measure iteration=9 component=o_scale component_id=7 lut_exp=0 qo_len=4 kv_len=4096 n_heads=12 n_kv_heads=2 head_dim=128 kv_head=1 worker=0 block_r=0 block_c=-1 t0_us=2285302118777 t1_us=2285302118778 dur_us=0
FIG8_ATTENTION_EVENT mode=scna-fp16 phase=measure iteration=9 component=o_store component_id=8 lut_exp=0 qo_len=4 kv_len=4096 n_heads=12 n_kv_heads=2 head_dim=128 kv_head=1 worker=0 block_r=0 block_c=-1 t0_us=2285302118778 t1_us=2285302118780 dur_us=2
FIG8_ATTENTION_HOST_TIMING mode=scna-fp16 qo_len=4 kv_len=4096 n_heads=12 n_kv_heads=2 head_dim=128 phase=measure iteration=10 host_elapsed_us=1331 ret=0
FIG8_ATTENTION_PROFILE_COUNT mode=scna-fp16 qo_len=4 phase=measure iteration=10 records=2 max_records=10
FIG8_ATTENTION_TIMERS mode=scna-fp16 phase=measure iteration=10 lut_exp=0 nonlinear_mode=1 scna_width=32 scna_exp=187 qo_len=4 kv_len=4096 n_heads=12 n_kv_heads=2 head_dim=128 kv_head=0 worker=0 profiled_total=599 q_load=1 k_load=195 v_load=178 qk_dot=2 safe_sm=219 core_acc=2 o_scale=0 o_store=2
FIG8_ATTENTION_TIMERS mode=scna-fp16 phase=measure iteration=10 lut_exp=0 nonlinear_mode=1 scna_width=32 scna_exp=186 qo_len=4 kv_len=4096 n_heads=12 n_kv_heads=2 head_dim=128 kv_head=1 worker=0 profiled_total=488 q_load=1 k_load=80 v_load=178 qk_dot=2 safe_sm=223 core_acc=2 o_scale=0 o_store=2
FIG8_ATTENTION_EVENT_COUNT mode=scna-fp16 qo_len=4 phase=measure iteration=10 events=16 max_events=3224 overflow=0
FIG8_ATTENTION_EVENT mode=scna-fp16 phase=measure iteration=10 component=q_load component_id=1 lut_exp=0 qo_len=4 kv_len=4096 n_heads=12 n_kv_heads=2 head_dim=128 kv_head=0 worker=0 block_r=0 block_c=-1 t0_us=2285302119325 t1_us=2285302119327 dur_us=1
FIG8_ATTENTION_EVENT mode=scna-fp16 phase=measure iteration=10 component=k_load component_id=2 lut_exp=0 qo_len=4 kv_len=4096 n_heads=12 n_kv_heads=2 head_dim=128 kv_head=0 worker=0 block_r=0 block_c=0 t0_us=2285302119328 t1_us=2285302119523 dur_us=195
FIG8_ATTENTION_EVENT mode=scna-fp16 phase=measure iteration=10 component=qk_dot component_id=4 lut_exp=0 qo_len=4 kv_len=4096 n_heads=12 n_kv_heads=2 head_dim=128 kv_head=0 worker=0 block_r=0 block_c=0 t0_us=2285302119523 t1_us=2285302119526 dur_us=2
FIG8_ATTENTION_EVENT mode=scna-fp16 phase=measure iteration=10 component=safe_sm component_id=5 lut_exp=0 qo_len=4 kv_len=4096 n_heads=12 n_kv_heads=2 head_dim=128 kv_head=0 worker=0 block_r=0 block_c=0 t0_us=2285302119526 t1_us=2285302119746 dur_us=219
FIG8_ATTENTION_EVENT mode=scna-fp16 phase=measure iteration=10 component=v_load component_id=3 lut_exp=0 qo_len=4 kv_len=4096 n_heads=12 n_kv_heads=2 head_dim=128 kv_head=0 worker=0 block_r=0 block_c=0 t0_us=2285302119747 t1_us=2285302119925 dur_us=178
FIG8_ATTENTION_EVENT mode=scna-fp16 phase=measure iteration=10 component=core_acc component_id=6 lut_exp=0 qo_len=4 kv_len=4096 n_heads=12 n_kv_heads=2 head_dim=128 kv_head=0 worker=0 block_r=0 block_c=0 t0_us=2285302119925 t1_us=2285302119928 dur_us=2
FIG8_ATTENTION_EVENT mode=scna-fp16 phase=measure iteration=10 component=o_scale component_id=7 lut_exp=0 qo_len=4 kv_len=4096 n_heads=12 n_kv_heads=2 head_dim=128 kv_head=0 worker=0 block_r=0 block_c=-1 t0_us=2285302119928 t1_us=2285302119929 dur_us=0
FIG8_ATTENTION_EVENT mode=scna-fp16 phase=measure iteration=10 component=o_store component_id=8 lut_exp=0 qo_len=4 kv_len=4096 n_heads=12 n_kv_heads=2 head_dim=128 kv_head=0 worker=0 block_r=0 block_c=-1 t0_us=2285302119930 t1_us=2285302119932 dur_us=2
FIG8_ATTENTION_EVENT mode=scna-fp16 phase=measure iteration=10 component=q_load component_id=1 lut_exp=0 qo_len=4 kv_len=4096 n_heads=12 n_kv_heads=2 head_dim=128 kv_head=1 worker=0 block_r=0 block_c=-1 t0_us=2285302119981 t1_us=2285302119983 dur_us=1
FIG8_ATTENTION_EVENT mode=scna-fp16 phase=measure iteration=10 component=k_load component_id=2 lut_exp=0 qo_len=4 kv_len=4096 n_heads=12 n_kv_heads=2 head_dim=128 kv_head=1 worker=0 block_r=0 block_c=0 t0_us=2285302119984 t1_us=2285302120064 dur_us=80
FIG8_ATTENTION_EVENT mode=scna-fp16 phase=measure iteration=10 component=qk_dot component_id=4 lut_exp=0 qo_len=4 kv_len=4096 n_heads=12 n_kv_heads=2 head_dim=128 kv_head=1 worker=0 block_r=0 block_c=0 t0_us=2285302120064 t1_us=2285302120066 dur_us=2
FIG8_ATTENTION_EVENT mode=scna-fp16 phase=measure iteration=10 component=safe_sm component_id=5 lut_exp=0 qo_len=4 kv_len=4096 n_heads=12 n_kv_heads=2 head_dim=128 kv_head=1 worker=0 block_r=0 block_c=0 t0_us=2285302120067 t1_us=2285302120291 dur_us=223
FIG8_ATTENTION_EVENT mode=scna-fp16 phase=measure iteration=10 component=v_load component_id=3 lut_exp=0 qo_len=4 kv_len=4096 n_heads=12 n_kv_heads=2 head_dim=128 kv_head=1 worker=0 block_r=0 block_c=0 t0_us=2285302120291 t1_us=2285302120469 dur_us=178
FIG8_ATTENTION_EVENT mode=scna-fp16 phase=measure iteration=10 component=core_acc component_id=6 lut_exp=0 qo_len=4 kv_len=4096 n_heads=12 n_kv_heads=2 head_dim=128 kv_head=1 worker=0 block_r=0 block_c=0 t0_us=2285302120470 t1_us=2285302120472 dur_us=2
FIG8_ATTENTION_EVENT mode=scna-fp16 phase=measure iteration=10 component=o_scale component_id=7 lut_exp=0 qo_len=4 kv_len=4096 n_heads=12 n_kv_heads=2 head_dim=128 kv_head=1 worker=0 block_r=0 block_c=-1 t0_us=2285302120472 t1_us=2285302120473 dur_us=0
FIG8_ATTENTION_EVENT mode=scna-fp16 phase=measure iteration=10 component=o_store component_id=8 lut_exp=0 qo_len=4 kv_len=4096 n_heads=12 n_kv_heads=2 head_dim=128 kv_head=1 worker=0 block_r=0 block_c=-1 t0_us=2285302120473 t1_us=2285302120475 dur_us=2
FIG8_ATTENTION_HOST_TIMING mode=scna-fp16 qo_len=4 kv_len=4096 n_heads=12 n_kv_heads=2 head_dim=128 phase=measure iteration=11 host_elapsed_us=1382 ret=0
FIG8_ATTENTION_PROFILE_COUNT mode=scna-fp16 qo_len=4 phase=measure iteration=11 records=2 max_records=10
FIG8_ATTENTION_TIMERS mode=scna-fp16 phase=measure iteration=11 lut_exp=0 nonlinear_mode=1 scna_width=32 scna_exp=186 qo_len=4 kv_len=4096 n_heads=12 n_kv_heads=2 head_dim=128 kv_head=0 worker=0 profiled_total=598 q_load=1 k_load=196 v_load=177 qk_dot=2 safe_sm=218 core_acc=2 o_scale=0 o_store=2
FIG8_ATTENTION_TIMERS mode=scna-fp16 phase=measure iteration=11 lut_exp=0 nonlinear_mode=1 scna_width=32 scna_exp=186 qo_len=4 kv_len=4096 n_heads=12 n_kv_heads=2 head_dim=128 kv_head=1 worker=0 profiled_total=487 q_load=1 k_load=79 v_load=179 qk_dot=2 safe_sm=222 core_acc=2 o_scale=0 o_store=2
FIG8_ATTENTION_EVENT_COUNT mode=scna-fp16 qo_len=4 phase=measure iteration=11 events=16 max_events=3224 overflow=0
FIG8_ATTENTION_EVENT mode=scna-fp16 phase=measure iteration=11 component=q_load component_id=1 lut_exp=0 qo_len=4 kv_len=4096 n_heads=12 n_kv_heads=2 head_dim=128 kv_head=0 worker=0 block_r=0 block_c=-1 t0_us=2285302121011 t1_us=2285302121013 dur_us=1
FIG8_ATTENTION_EVENT mode=scna-fp16 phase=measure iteration=11 component=k_load component_id=2 lut_exp=0 qo_len=4 kv_len=4096 n_heads=12 n_kv_heads=2 head_dim=128 kv_head=0 worker=0 block_r=0 block_c=0 t0_us=2285302121014 t1_us=2285302121210 dur_us=196
FIG8_ATTENTION_EVENT mode=scna-fp16 phase=measure iteration=11 component=qk_dot component_id=4 lut_exp=0 qo_len=4 kv_len=4096 n_heads=12 n_kv_heads=2 head_dim=128 kv_head=0 worker=0 block_r=0 block_c=0 t0_us=2285302121211 t1_us=2285302121213 dur_us=2
FIG8_ATTENTION_EVENT mode=scna-fp16 phase=measure iteration=11 component=safe_sm component_id=5 lut_exp=0 qo_len=4 kv_len=4096 n_heads=12 n_kv_heads=2 head_dim=128 kv_head=0 worker=0 block_r=0 block_c=0 t0_us=2285302121213 t1_us=2285302121432 dur_us=218
FIG8_ATTENTION_EVENT mode=scna-fp16 phase=measure iteration=11 component=v_load component_id=3 lut_exp=0 qo_len=4 kv_len=4096 n_heads=12 n_kv_heads=2 head_dim=128 kv_head=0 worker=0 block_r=0 block_c=0 t0_us=2285302121432 t1_us=2285302121610 dur_us=177
FIG8_ATTENTION_EVENT mode=scna-fp16 phase=measure iteration=11 component=core_acc component_id=6 lut_exp=0 qo_len=4 kv_len=4096 n_heads=12 n_kv_heads=2 head_dim=128 kv_head=0 worker=0 block_r=0 block_c=0 t0_us=2285302121610 t1_us=2285302121613 dur_us=2
FIG8_ATTENTION_EVENT mode=scna-fp16 phase=measure iteration=11 component=o_scale component_id=7 lut_exp=0 qo_len=4 kv_len=4096 n_heads=12 n_kv_heads=2 head_dim=128 kv_head=0 worker=0 block_r=0 block_c=-1 t0_us=2285302121613 t1_us=2285302121614 dur_us=0
FIG8_ATTENTION_EVENT mode=scna-fp16 phase=measure iteration=11 component=o_store component_id=8 lut_exp=0 qo_len=4 kv_len=4096 n_heads=12 n_kv_heads=2 head_dim=128 kv_head=0 worker=0 block_r=0 block_c=-1 t0_us=2285302121614 t1_us=2285302121617 dur_us=2
FIG8_ATTENTION_EVENT mode=scna-fp16 phase=measure iteration=11 component=q_load component_id=1 lut_exp=0 qo_len=4 kv_len=4096 n_heads=12 n_kv_heads=2 head_dim=128 kv_head=1 worker=0 block_r=0 block_c=-1 t0_us=2285302121665 t1_us=2285302121666 dur_us=1
FIG8_ATTENTION_EVENT mode=scna-fp16 phase=measure iteration=11 component=k_load component_id=2 lut_exp=0 qo_len=4 kv_len=4096 n_heads=12 n_kv_heads=2 head_dim=128 kv_head=1 worker=0 block_r=0 block_c=0 t0_us=2285302121667 t1_us=2285302121746 dur_us=79
FIG8_ATTENTION_EVENT mode=scna-fp16 phase=measure iteration=11 component=qk_dot component_id=4 lut_exp=0 qo_len=4 kv_len=4096 n_heads=12 n_kv_heads=2 head_dim=128 kv_head=1 worker=0 block_r=0 block_c=0 t0_us=2285302121747 t1_us=2285302121749 dur_us=2
FIG8_ATTENTION_EVENT mode=scna-fp16 phase=measure iteration=11 component=safe_sm component_id=5 lut_exp=0 qo_len=4 kv_len=4096 n_heads=12 n_kv_heads=2 head_dim=128 kv_head=1 worker=0 block_r=0 block_c=0 t0_us=2285302121750 t1_us=2285302121972 dur_us=222
FIG8_ATTENTION_EVENT mode=scna-fp16 phase=measure iteration=11 component=v_load component_id=3 lut_exp=0 qo_len=4 kv_len=4096 n_heads=12 n_kv_heads=2 head_dim=128 kv_head=1 worker=0 block_r=0 block_c=0 t0_us=2285302121972 t1_us=2285302122152 dur_us=179
FIG8_ATTENTION_EVENT mode=scna-fp16 phase=measure iteration=11 component=core_acc component_id=6 lut_exp=0 qo_len=4 kv_len=4096 n_heads=12 n_kv_heads=2 head_dim=128 kv_head=1 worker=0 block_r=0 block_c=0 t0_us=2285302122153 t1_us=2285302122155 dur_us=2
FIG8_ATTENTION_EVENT mode=scna-fp16 phase=measure iteration=11 component=o_scale component_id=7 lut_exp=0 qo_len=4 kv_len=4096 n_heads=12 n_kv_heads=2 head_dim=128 kv_head=1 worker=0 block_r=0 block_c=-1 t0_us=2285302122155 t1_us=2285302122156 dur_us=0
FIG8_ATTENTION_EVENT mode=scna-fp16 phase=measure iteration=11 component=o_store component_id=8 lut_exp=0 qo_len=4 kv_len=4096 n_heads=12 n_kv_heads=2 head_dim=128 kv_head=1 worker=0 block_r=0 block_c=-1 t0_us=2285302122157 t1_us=2285302122159 dur_us=2
FIG8_ATTENTION_HOST_TIMING mode=scna-fp16 qo_len=4 kv_len=4096 n_heads=12 n_kv_heads=2 head_dim=128 phase=measure iteration=12 host_elapsed_us=1358 ret=0
FIG8_ATTENTION_PROFILE_COUNT mode=scna-fp16 qo_len=4 phase=measure iteration=12 records=2 max_records=10
FIG8_ATTENTION_TIMERS mode=scna-fp16 phase=measure iteration=12 lut_exp=0 nonlinear_mode=1 scna_width=32 scna_exp=186 qo_len=4 kv_len=4096 n_heads=12 n_kv_heads=2 head_dim=128 kv_head=0 worker=0 profiled_total=598 q_load=1 k_load=197 v_load=177 qk_dot=2 safe_sm=217 core_acc=2 o_scale=0 o_store=2
FIG8_ATTENTION_TIMERS mode=scna-fp16 phase=measure iteration=12 lut_exp=0 nonlinear_mode=1 scna_width=32 scna_exp=186 qo_len=4 kv_len=4096 n_heads=12 n_kv_heads=2 head_dim=128 kv_head=1 worker=0 profiled_total=488 q_load=1 k_load=78 v_load=181 qk_dot=2 safe_sm=222 core_acc=2 o_scale=0 o_store=2
FIG8_ATTENTION_EVENT_COUNT mode=scna-fp16 qo_len=4 phase=measure iteration=12 events=16 max_events=3224 overflow=0
FIG8_ATTENTION_EVENT mode=scna-fp16 phase=measure iteration=12 component=q_load component_id=1 lut_exp=0 qo_len=4 kv_len=4096 n_heads=12 n_kv_heads=2 head_dim=128 kv_head=0 worker=0 block_r=0 block_c=-1 t0_us=2285302122695 t1_us=2285302122697 dur_us=1
FIG8_ATTENTION_EVENT mode=scna-fp16 phase=measure iteration=12 component=k_load component_id=2 lut_exp=0 qo_len=4 kv_len=4096 n_heads=12 n_kv_heads=2 head_dim=128 kv_head=0 worker=0 block_r=0 block_c=0 t0_us=2285302122698 t1_us=2285302122895 dur_us=197
FIG8_ATTENTION_EVENT mode=scna-fp16 phase=measure iteration=12 component=qk_dot component_id=4 lut_exp=0 qo_len=4 kv_len=4096 n_heads=12 n_kv_heads=2 head_dim=128 kv_head=0 worker=0 block_r=0 block_c=0 t0_us=2285302122896 t1_us=2285302122898 dur_us=2
FIG8_ATTENTION_EVENT mode=scna-fp16 phase=measure iteration=12 component=safe_sm component_id=5 lut_exp=0 qo_len=4 kv_len=4096 n_heads=12 n_kv_heads=2 head_dim=128 kv_head=0 worker=0 block_r=0 block_c=0 t0_us=2285302122898 t1_us=2285302123116 dur_us=217
FIG8_ATTENTION_EVENT mode=scna-fp16 phase=measure iteration=12 component=v_load component_id=3 lut_exp=0 qo_len=4 kv_len=4096 n_heads=12 n_kv_heads=2 head_dim=128 kv_head=0 worker=0 block_r=0 block_c=0 t0_us=2285302123117 t1_us=2285302123294 dur_us=177
FIG8_ATTENTION_EVENT mode=scna-fp16 phase=measure iteration=12 component=core_acc component_id=6 lut_exp=0 qo_len=4 kv_len=4096 n_heads=12 n_kv_heads=2 head_dim=128 kv_head=0 worker=0 block_r=0 block_c=0 t0_us=2285302123295 t1_us=2285302123297 dur_us=2
FIG8_ATTENTION_EVENT mode=scna-fp16 phase=measure iteration=12 component=o_scale component_id=7 lut_exp=0 qo_len=4 kv_len=4096 n_heads=12 n_kv_heads=2 head_dim=128 kv_head=0 worker=0 block_r=0 block_c=-1 t0_us=2285302123298 t1_us=2285302123298 dur_us=0
FIG8_ATTENTION_EVENT mode=scna-fp16 phase=measure iteration=12 component=o_store component_id=8 lut_exp=0 qo_len=4 kv_len=4096 n_heads=12 n_kv_heads=2 head_dim=128 kv_head=0 worker=0 block_r=0 block_c=-1 t0_us=2285302123299 t1_us=2285302123302 dur_us=2
FIG8_ATTENTION_EVENT mode=scna-fp16 phase=measure iteration=12 component=q_load component_id=1 lut_exp=0 qo_len=4 kv_len=4096 n_heads=12 n_kv_heads=2 head_dim=128 kv_head=1 worker=0 block_r=0 block_c=-1 t0_us=2285302123349 t1_us=2285302123351 dur_us=1
FIG8_ATTENTION_EVENT mode=scna-fp16 phase=measure iteration=12 component=k_load component_id=2 lut_exp=0 qo_len=4 kv_len=4096 n_heads=12 n_kv_heads=2 head_dim=128 kv_head=1 worker=0 block_r=0 block_c=0 t0_us=2285302123352 t1_us=2285302123430 dur_us=78
FIG8_ATTENTION_EVENT mode=scna-fp16 phase=measure iteration=12 component=qk_dot component_id=4 lut_exp=0 qo_len=4 kv_len=4096 n_heads=12 n_kv_heads=2 head_dim=128 kv_head=1 worker=0 block_r=0 block_c=0 t0_us=2285302123431 t1_us=2285302123433 dur_us=2
FIG8_ATTENTION_EVENT mode=scna-fp16 phase=measure iteration=12 component=safe_sm component_id=5 lut_exp=0 qo_len=4 kv_len=4096 n_heads=12 n_kv_heads=2 head_dim=128 kv_head=1 worker=0 block_r=0 block_c=0 t0_us=2285302123434 t1_us=2285302123657 dur_us=222
FIG8_ATTENTION_EVENT mode=scna-fp16 phase=measure iteration=12 component=v_load component_id=3 lut_exp=0 qo_len=4 kv_len=4096 n_heads=12 n_kv_heads=2 head_dim=128 kv_head=1 worker=0 block_r=0 block_c=0 t0_us=2285302123657 t1_us=2285302123838 dur_us=181
FIG8_ATTENTION_EVENT mode=scna-fp16 phase=measure iteration=12 component=core_acc component_id=6 lut_exp=0 qo_len=4 kv_len=4096 n_heads=12 n_kv_heads=2 head_dim=128 kv_head=1 worker=0 block_r=0 block_c=0 t0_us=2285302123839 t1_us=2285302123841 dur_us=2
FIG8_ATTENTION_EVENT mode=scna-fp16 phase=measure iteration=12 component=o_scale component_id=7 lut_exp=0 qo_len=4 kv_len=4096 n_heads=12 n_kv_heads=2 head_dim=128 kv_head=1 worker=0 block_r=0 block_c=-1 t0_us=2285302123842 t1_us=2285302123842 dur_us=0
FIG8_ATTENTION_EVENT mode=scna-fp16 phase=measure iteration=12 component=o_store component_id=8 lut_exp=0 qo_len=4 kv_len=4096 n_heads=12 n_kv_heads=2 head_dim=128 kv_head=1 worker=0 block_r=0 block_c=-1 t0_us=2285302123843 t1_us=2285302123845 dur_us=2
FIG8_ATTENTION_HOST_TIMING mode=scna-fp16 qo_len=4 kv_len=4096 n_heads=12 n_kv_heads=2 head_dim=128 phase=measure iteration=13 host_elapsed_us=1444 ret=0
FIG8_ATTENTION_PROFILE_COUNT mode=scna-fp16 qo_len=4 phase=measure iteration=13 records=2 max_records=10
FIG8_ATTENTION_TIMERS mode=scna-fp16 phase=measure iteration=13 lut_exp=0 nonlinear_mode=1 scna_width=32 scna_exp=186 qo_len=4 kv_len=4096 n_heads=12 n_kv_heads=2 head_dim=128 kv_head=0 worker=0 profiled_total=615 q_load=1 k_load=211 v_load=179 qk_dot=2 safe_sm=218 core_acc=2 o_scale=0 o_store=2
FIG8_ATTENTION_TIMERS mode=scna-fp16 phase=measure iteration=13 lut_exp=0 nonlinear_mode=1 scna_width=32 scna_exp=186 qo_len=4 kv_len=4096 n_heads=12 n_kv_heads=2 head_dim=128 kv_head=1 worker=0 profiled_total=486 q_load=1 k_load=79 v_load=178 qk_dot=2 safe_sm=222 core_acc=2 o_scale=0 o_store=2
FIG8_ATTENTION_EVENT_COUNT mode=scna-fp16 qo_len=4 phase=measure iteration=13 events=16 max_events=3224 overflow=0
FIG8_ATTENTION_EVENT mode=scna-fp16 phase=measure iteration=13 component=q_load component_id=1 lut_exp=0 qo_len=4 kv_len=4096 n_heads=12 n_kv_heads=2 head_dim=128 kv_head=0 worker=0 block_r=0 block_c=-1 t0_us=2285302124580 t1_us=2285302124582 dur_us=1
FIG8_ATTENTION_EVENT mode=scna-fp16 phase=measure iteration=13 component=k_load component_id=2 lut_exp=0 qo_len=4 kv_len=4096 n_heads=12 n_kv_heads=2 head_dim=128 kv_head=0 worker=0 block_r=0 block_c=0 t0_us=2285302124583 t1_us=2285302124794 dur_us=211
FIG8_ATTENTION_EVENT mode=scna-fp16 phase=measure iteration=13 component=qk_dot component_id=4 lut_exp=0 qo_len=4 kv_len=4096 n_heads=12 n_kv_heads=2 head_dim=128 kv_head=0 worker=0 block_r=0 block_c=0 t0_us=2285302124794 t1_us=2285302124796 dur_us=2
FIG8_ATTENTION_EVENT mode=scna-fp16 phase=measure iteration=13 component=safe_sm component_id=5 lut_exp=0 qo_len=4 kv_len=4096 n_heads=12 n_kv_heads=2 head_dim=128 kv_head=0 worker=0 block_r=0 block_c=0 t0_us=2285302124797 t1_us=2285302125015 dur_us=218
FIG8_ATTENTION_EVENT mode=scna-fp16 phase=measure iteration=13 component=v_load component_id=3 lut_exp=0 qo_len=4 kv_len=4096 n_heads=12 n_kv_heads=2 head_dim=128 kv_head=0 worker=0 block_r=0 block_c=0 t0_us=2285302125016 t1_us=2285302125195 dur_us=179
FIG8_ATTENTION_EVENT mode=scna-fp16 phase=measure iteration=13 component=core_acc component_id=6 lut_exp=0 qo_len=4 kv_len=4096 n_heads=12 n_kv_heads=2 head_dim=128 kv_head=0 worker=0 block_r=0 block_c=0 t0_us=2285302125195 t1_us=2285302125198 dur_us=2
FIG8_ATTENTION_EVENT mode=scna-fp16 phase=measure iteration=13 component=o_scale component_id=7 lut_exp=0 qo_len=4 kv_len=4096 n_heads=12 n_kv_heads=2 head_dim=128 kv_head=0 worker=0 block_r=0 block_c=-1 t0_us=2285302125198 t1_us=2285302125199 dur_us=0
FIG8_ATTENTION_EVENT mode=scna-fp16 phase=measure iteration=13 component=o_store component_id=8 lut_exp=0 qo_len=4 kv_len=4096 n_heads=12 n_kv_heads=2 head_dim=128 kv_head=0 worker=0 block_r=0 block_c=-1 t0_us=2285302125199 t1_us=2285302125202 dur_us=2
FIG8_ATTENTION_EVENT mode=scna-fp16 phase=measure iteration=13 component=q_load component_id=1 lut_exp=0 qo_len=4 kv_len=4096 n_heads=12 n_kv_heads=2 head_dim=128 kv_head=1 worker=0 block_r=0 block_c=-1 t0_us=2285302125251 t1_us=2285302125252 dur_us=1
FIG8_ATTENTION_EVENT mode=scna-fp16 phase=measure iteration=13 component=k_load component_id=2 lut_exp=0 qo_len=4 kv_len=4096 n_heads=12 n_kv_heads=2 head_dim=128 kv_head=1 worker=0 block_r=0 block_c=0 t0_us=2285302125253 t1_us=2285302125332 dur_us=79
FIG8_ATTENTION_EVENT mode=scna-fp16 phase=measure iteration=13 component=qk_dot component_id=4 lut_exp=0 qo_len=4 kv_len=4096 n_heads=12 n_kv_heads=2 head_dim=128 kv_head=1 worker=0 block_r=0 block_c=0 t0_us=2285302125333 t1_us=2285302125335 dur_us=2
FIG8_ATTENTION_EVENT mode=scna-fp16 phase=measure iteration=13 component=safe_sm component_id=5 lut_exp=0 qo_len=4 kv_len=4096 n_heads=12 n_kv_heads=2 head_dim=128 kv_head=1 worker=0 block_r=0 block_c=0 t0_us=2285302125336 t1_us=2285302125558 dur_us=222
FIG8_ATTENTION_EVENT mode=scna-fp16 phase=measure iteration=13 component=v_load component_id=3 lut_exp=0 qo_len=4 kv_len=4096 n_heads=12 n_kv_heads=2 head_dim=128 kv_head=1 worker=0 block_r=0 block_c=0 t0_us=2285302125558 t1_us=2285302125736 dur_us=178
FIG8_ATTENTION_EVENT mode=scna-fp16 phase=measure iteration=13 component=core_acc component_id=6 lut_exp=0 qo_len=4 kv_len=4096 n_heads=12 n_kv_heads=2 head_dim=128 kv_head=1 worker=0 block_r=0 block_c=0 t0_us=2285302125737 t1_us=2285302125740 dur_us=2
FIG8_ATTENTION_EVENT mode=scna-fp16 phase=measure iteration=13 component=o_scale component_id=7 lut_exp=0 qo_len=4 kv_len=4096 n_heads=12 n_kv_heads=2 head_dim=128 kv_head=1 worker=0 block_r=0 block_c=-1 t0_us=2285302125740 t1_us=2285302125741 dur_us=0
FIG8_ATTENTION_EVENT mode=scna-fp16 phase=measure iteration=13 component=o_store component_id=8 lut_exp=0 qo_len=4 kv_len=4096 n_heads=12 n_kv_heads=2 head_dim=128 kv_head=1 worker=0 block_r=0 block_c=-1 t0_us=2285302125741 t1_us=2285302125743 dur_us=2
FIG8_ATTENTION_HOST_TIMING mode=scna-fp16 qo_len=4 kv_len=4096 n_heads=12 n_kv_heads=2 head_dim=128 phase=measure iteration=14 host_elapsed_us=1562 ret=0
FIG8_ATTENTION_PROFILE_COUNT mode=scna-fp16 qo_len=4 phase=measure iteration=14 records=2 max_records=10
FIG8_ATTENTION_TIMERS mode=scna-fp16 phase=measure iteration=14 lut_exp=0 nonlinear_mode=1 scna_width=32 scna_exp=186 qo_len=4 kv_len=4096 n_heads=12 n_kv_heads=2 head_dim=128 kv_head=0 worker=0 profiled_total=606 q_load=1 k_load=205 v_load=177 qk_dot=2 safe_sm=217 core_acc=2 o_scale=0 o_store=2
FIG8_ATTENTION_TIMERS mode=scna-fp16 phase=measure iteration=14 lut_exp=0 nonlinear_mode=1 scna_width=32 scna_exp=186 qo_len=4 kv_len=4096 n_heads=12 n_kv_heads=2 head_dim=128 kv_head=1 worker=0 profiled_total=596 q_load=1 k_load=186 v_load=184 qk_dot=2 safe_sm=220 core_acc=1 o_scale=0 o_store=2
FIG8_ATTENTION_EVENT_COUNT mode=scna-fp16 qo_len=4 phase=measure iteration=14 events=16 max_events=3224 overflow=0
FIG8_ATTENTION_EVENT mode=scna-fp16 phase=measure iteration=14 component=q_load component_id=1 lut_exp=0 qo_len=4 kv_len=4096 n_heads=12 n_kv_heads=2 head_dim=128 kv_head=0 worker=0 block_r=0 block_c=-1 t0_us=2285302126336 t1_us=2285302126338 dur_us=1
FIG8_ATTENTION_EVENT mode=scna-fp16 phase=measure iteration=14 component=k_load component_id=2 lut_exp=0 qo_len=4 kv_len=4096 n_heads=12 n_kv_heads=2 head_dim=128 kv_head=0 worker=0 block_r=0 block_c=0 t0_us=2285302126339 t1_us=2285302126545 dur_us=205
FIG8_ATTENTION_EVENT mode=scna-fp16 phase=measure iteration=14 component=qk_dot component_id=4 lut_exp=0 qo_len=4 kv_len=4096 n_heads=12 n_kv_heads=2 head_dim=128 kv_head=0 worker=0 block_r=0 block_c=0 t0_us=2285302126545 t1_us=2285302126547 dur_us=2
FIG8_ATTENTION_EVENT mode=scna-fp16 phase=measure iteration=14 component=safe_sm component_id=5 lut_exp=0 qo_len=4 kv_len=4096 n_heads=12 n_kv_heads=2 head_dim=128 kv_head=0 worker=0 block_r=0 block_c=0 t0_us=2285302126547 t1_us=2285302126765 dur_us=217
FIG8_ATTENTION_EVENT mode=scna-fp16 phase=measure iteration=14 component=v_load component_id=3 lut_exp=0 qo_len=4 kv_len=4096 n_heads=12 n_kv_heads=2 head_dim=128 kv_head=0 worker=0 block_r=0 block_c=0 t0_us=2285302126766 t1_us=2285302126943 dur_us=177
FIG8_ATTENTION_EVENT mode=scna-fp16 phase=measure iteration=14 component=core_acc component_id=6 lut_exp=0 qo_len=4 kv_len=4096 n_heads=12 n_kv_heads=2 head_dim=128 kv_head=0 worker=0 block_r=0 block_c=0 t0_us=2285302126943 t1_us=2285302126946 dur_us=2
FIG8_ATTENTION_EVENT mode=scna-fp16 phase=measure iteration=14 component=o_scale component_id=7 lut_exp=0 qo_len=4 kv_len=4096 n_heads=12 n_kv_heads=2 head_dim=128 kv_head=0 worker=0 block_r=0 block_c=-1 t0_us=2285302126946 t1_us=2285302126947 dur_us=0
FIG8_ATTENTION_EVENT mode=scna-fp16 phase=measure iteration=14 component=o_store component_id=8 lut_exp=0 qo_len=4 kv_len=4096 n_heads=12 n_kv_heads=2 head_dim=128 kv_head=0 worker=0 block_r=0 block_c=-1 t0_us=2285302126947 t1_us=2285302126950 dur_us=2
FIG8_ATTENTION_EVENT mode=scna-fp16 phase=measure iteration=14 component=q_load component_id=1 lut_exp=0 qo_len=4 kv_len=4096 n_heads=12 n_kv_heads=2 head_dim=128 kv_head=1 worker=0 block_r=0 block_c=-1 t0_us=2285302127000 t1_us=2285302127002 dur_us=1
FIG8_ATTENTION_EVENT mode=scna-fp16 phase=measure iteration=14 component=k_load component_id=2 lut_exp=0 qo_len=4 kv_len=4096 n_heads=12 n_kv_heads=2 head_dim=128 kv_head=1 worker=0 block_r=0 block_c=0 t0_us=2285302127002 t1_us=2285302127189 dur_us=186
FIG8_ATTENTION_EVENT mode=scna-fp16 phase=measure iteration=14 component=qk_dot component_id=4 lut_exp=0 qo_len=4 kv_len=4096 n_heads=12 n_kv_heads=2 head_dim=128 kv_head=1 worker=0 block_r=0 block_c=0 t0_us=2285302127189 t1_us=2285302127192 dur_us=2
FIG8_ATTENTION_EVENT mode=scna-fp16 phase=measure iteration=14 component=safe_sm component_id=5 lut_exp=0 qo_len=4 kv_len=4096 n_heads=12 n_kv_heads=2 head_dim=128 kv_head=1 worker=0 block_r=0 block_c=0 t0_us=2285302127192 t1_us=2285302127412 dur_us=220
FIG8_ATTENTION_EVENT mode=scna-fp16 phase=measure iteration=14 component=v_load component_id=3 lut_exp=0 qo_len=4 kv_len=4096 n_heads=12 n_kv_heads=2 head_dim=128 kv_head=1 worker=0 block_r=0 block_c=0 t0_us=2285302127412 t1_us=2285302127597 dur_us=184
FIG8_ATTENTION_EVENT mode=scna-fp16 phase=measure iteration=14 component=core_acc component_id=6 lut_exp=0 qo_len=4 kv_len=4096 n_heads=12 n_kv_heads=2 head_dim=128 kv_head=1 worker=0 block_r=0 block_c=0 t0_us=2285302127597 t1_us=2285302127599 dur_us=1
FIG8_ATTENTION_EVENT mode=scna-fp16 phase=measure iteration=14 component=o_scale component_id=7 lut_exp=0 qo_len=4 kv_len=4096 n_heads=12 n_kv_heads=2 head_dim=128 kv_head=1 worker=0 block_r=0 block_c=-1 t0_us=2285302127600 t1_us=2285302127600 dur_us=0
FIG8_ATTENTION_EVENT mode=scna-fp16 phase=measure iteration=14 component=o_store component_id=8 lut_exp=0 qo_len=4 kv_len=4096 n_heads=12 n_kv_heads=2 head_dim=128 kv_head=1 worker=0 block_r=0 block_c=-1 t0_us=2285302127600 t1_us=2285302127603 dur_us=2
FIG8_ATTENTION_HOST_TIMING mode=scna-fp16 qo_len=4 kv_len=4096 n_heads=12 n_kv_heads=2 head_dim=128 phase=measure iteration=15 host_elapsed_us=1527 ret=0
FIG8_ATTENTION_PROFILE_COUNT mode=scna-fp16 qo_len=4 phase=measure iteration=15 records=2 max_records=10
FIG8_ATTENTION_TIMERS mode=scna-fp16 phase=measure iteration=15 lut_exp=0 nonlinear_mode=1 scna_width=32 scna_exp=186 qo_len=4 kv_len=4096 n_heads=12 n_kv_heads=2 head_dim=128 kv_head=0 worker=0 profiled_total=605 q_load=1 k_load=205 v_load=177 qk_dot=2 safe_sm=216 core_acc=2 o_scale=0 o_store=2
FIG8_ATTENTION_TIMERS mode=scna-fp16 phase=measure iteration=15 lut_exp=0 nonlinear_mode=1 scna_width=32 scna_exp=186 qo_len=4 kv_len=4096 n_heads=12 n_kv_heads=2 head_dim=128 kv_head=1 worker=0 profiled_total=597 q_load=1 k_load=193 v_load=179 qk_dot=2 safe_sm=218 core_acc=2 o_scale=0 o_store=2
FIG8_ATTENTION_EVENT_COUNT mode=scna-fp16 qo_len=4 phase=measure iteration=15 events=16 max_events=3224 overflow=0
FIG8_ATTENTION_EVENT mode=scna-fp16 phase=measure iteration=15 component=q_load component_id=1 lut_exp=0 qo_len=4 kv_len=4096 n_heads=12 n_kv_heads=2 head_dim=128 kv_head=0 worker=0 block_r=0 block_c=-1 t0_us=2285302128191 t1_us=2285302128192 dur_us=1
FIG8_ATTENTION_EVENT mode=scna-fp16 phase=measure iteration=15 component=k_load component_id=2 lut_exp=0 qo_len=4 kv_len=4096 n_heads=12 n_kv_heads=2 head_dim=128 kv_head=0 worker=0 block_r=0 block_c=0 t0_us=2285302128194 t1_us=2285302128399 dur_us=205
FIG8_ATTENTION_EVENT mode=scna-fp16 phase=measure iteration=15 component=qk_dot component_id=4 lut_exp=0 qo_len=4 kv_len=4096 n_heads=12 n_kv_heads=2 head_dim=128 kv_head=0 worker=0 block_r=0 block_c=0 t0_us=2285302128399 t1_us=2285302128402 dur_us=2
FIG8_ATTENTION_EVENT mode=scna-fp16 phase=measure iteration=15 component=safe_sm component_id=5 lut_exp=0 qo_len=4 kv_len=4096 n_heads=12 n_kv_heads=2 head_dim=128 kv_head=0 worker=0 block_r=0 block_c=0 t0_us=2285302128402 t1_us=2285302128619 dur_us=216
FIG8_ATTENTION_EVENT mode=scna-fp16 phase=measure iteration=15 component=v_load component_id=3 lut_exp=0 qo_len=4 kv_len=4096 n_heads=12 n_kv_heads=2 head_dim=128 kv_head=0 worker=0 block_r=0 block_c=0 t0_us=2285302128620 t1_us=2285302128797 dur_us=177
FIG8_ATTENTION_EVENT mode=scna-fp16 phase=measure iteration=15 component=core_acc component_id=6 lut_exp=0 qo_len=4 kv_len=4096 n_heads=12 n_kv_heads=2 head_dim=128 kv_head=0 worker=0 block_r=0 block_c=0 t0_us=2285302128797 t1_us=2285302128800 dur_us=2
FIG8_ATTENTION_EVENT mode=scna-fp16 phase=measure iteration=15 component=o_scale component_id=7 lut_exp=0 qo_len=4 kv_len=4096 n_heads=12 n_kv_heads=2 head_dim=128 kv_head=0 worker=0 block_r=0 block_c=-1 t0_us=2285302128800 t1_us=2285302128801 dur_us=0
FIG8_ATTENTION_EVENT mode=scna-fp16 phase=measure iteration=15 component=o_store component_id=8 lut_exp=0 qo_len=4 kv_len=4096 n_heads=12 n_kv_heads=2 head_dim=128 kv_head=0 worker=0 block_r=0 block_c=-1 t0_us=2285302128801 t1_us=2285302128804 dur_us=2
FIG8_ATTENTION_EVENT mode=scna-fp16 phase=measure iteration=15 component=q_load component_id=1 lut_exp=0 qo_len=4 kv_len=4096 n_heads=12 n_kv_heads=2 head_dim=128 kv_head=1 worker=0 block_r=0 block_c=-1 t0_us=2285302128851 t1_us=2285302128853 dur_us=1
FIG8_ATTENTION_EVENT mode=scna-fp16 phase=measure iteration=15 component=k_load component_id=2 lut_exp=0 qo_len=4 kv_len=4096 n_heads=12 n_kv_heads=2 head_dim=128 kv_head=1 worker=0 block_r=0 block_c=0 t0_us=2285302128854 t1_us=2285302129047 dur_us=193
FIG8_ATTENTION_EVENT mode=scna-fp16 phase=measure iteration=15 component=qk_dot component_id=4 lut_exp=0 qo_len=4 kv_len=4096 n_heads=12 n_kv_heads=2 head_dim=128 kv_head=1 worker=0 block_r=0 block_c=0 t0_us=2285302129047 t1_us=2285302129050 dur_us=2
FIG8_ATTENTION_EVENT mode=scna-fp16 phase=measure iteration=15 component=safe_sm component_id=5 lut_exp=0 qo_len=4 kv_len=4096 n_heads=12 n_kv_heads=2 head_dim=128 kv_head=1 worker=0 block_r=0 block_c=0 t0_us=2285302129050 t1_us=2285302129269 dur_us=218
FIG8_ATTENTION_EVENT mode=scna-fp16 phase=measure iteration=15 component=v_load component_id=3 lut_exp=0 qo_len=4 kv_len=4096 n_heads=12 n_kv_heads=2 head_dim=128 kv_head=1 worker=0 block_r=0 block_c=0 t0_us=2285302129269 t1_us=2285302129448 dur_us=179
FIG8_ATTENTION_EVENT mode=scna-fp16 phase=measure iteration=15 component=core_acc component_id=6 lut_exp=0 qo_len=4 kv_len=4096 n_heads=12 n_kv_heads=2 head_dim=128 kv_head=1 worker=0 block_r=0 block_c=0 t0_us=2285302129449 t1_us=2285302129451 dur_us=2
FIG8_ATTENTION_EVENT mode=scna-fp16 phase=measure iteration=15 component=o_scale component_id=7 lut_exp=0 qo_len=4 kv_len=4096 n_heads=12 n_kv_heads=2 head_dim=128 kv_head=1 worker=0 block_r=0 block_c=-1 t0_us=2285302129452 t1_us=2285302129452 dur_us=0
FIG8_ATTENTION_EVENT mode=scna-fp16 phase=measure iteration=15 component=o_store component_id=8 lut_exp=0 qo_len=4 kv_len=4096 n_heads=12 n_kv_heads=2 head_dim=128 kv_head=1 worker=0 block_r=0 block_c=-1 t0_us=2285302129453 t1_us=2285302129455 dur_us=2
FIG8_ATTENTION_HOST_TIMING mode=scna-fp16 qo_len=4 kv_len=4096 n_heads=12 n_kv_heads=2 head_dim=128 phase=measure iteration=16 host_elapsed_us=1456 ret=0
FIG8_ATTENTION_PROFILE_COUNT mode=scna-fp16 qo_len=4 phase=measure iteration=16 records=2 max_records=10
FIG8_ATTENTION_TIMERS mode=scna-fp16 phase=measure iteration=16 lut_exp=0 nonlinear_mode=1 scna_width=32 scna_exp=186 qo_len=4 kv_len=4096 n_heads=12 n_kv_heads=2 head_dim=128 kv_head=0 worker=0 profiled_total=604 q_load=1 k_load=203 v_load=177 qk_dot=2 safe_sm=217 core_acc=2 o_scale=0 o_store=2
FIG8_ATTENTION_TIMERS mode=scna-fp16 phase=measure iteration=16 lut_exp=0 nonlinear_mode=1 scna_width=32 scna_exp=186 qo_len=4 kv_len=4096 n_heads=12 n_kv_heads=2 head_dim=128 kv_head=1 worker=0 profiled_total=601 q_load=1 k_load=197 v_load=178 qk_dot=2 safe_sm=219 core_acc=2 o_scale=0 o_store=2
FIG8_ATTENTION_EVENT_COUNT mode=scna-fp16 qo_len=4 phase=measure iteration=16 events=16 max_events=3224 overflow=0
FIG8_ATTENTION_EVENT mode=scna-fp16 phase=measure iteration=16 component=q_load component_id=1 lut_exp=0 qo_len=4 kv_len=4096 n_heads=12 n_kv_heads=2 head_dim=128 kv_head=0 worker=0 block_r=0 block_c=-1 t0_us=2285302130009 t1_us=2285302130011 dur_us=1
FIG8_ATTENTION_EVENT mode=scna-fp16 phase=measure iteration=16 component=k_load component_id=2 lut_exp=0 qo_len=4 kv_len=4096 n_heads=12 n_kv_heads=2 head_dim=128 kv_head=0 worker=0 block_r=0 block_c=0 t0_us=2285302130012 t1_us=2285302130216 dur_us=203
FIG8_ATTENTION_EVENT mode=scna-fp16 phase=measure iteration=16 component=qk_dot component_id=4 lut_exp=0 qo_len=4 kv_len=4096 n_heads=12 n_kv_heads=2 head_dim=128 kv_head=0 worker=0 block_r=0 block_c=0 t0_us=2285302130216 t1_us=2285302130218 dur_us=2
FIG8_ATTENTION_EVENT mode=scna-fp16 phase=measure iteration=16 component=safe_sm component_id=5 lut_exp=0 qo_len=4 kv_len=4096 n_heads=12 n_kv_heads=2 head_dim=128 kv_head=0 worker=0 block_r=0 block_c=0 t0_us=2285302130219 t1_us=2285302130436 dur_us=217
FIG8_ATTENTION_EVENT mode=scna-fp16 phase=measure iteration=16 component=v_load component_id=3 lut_exp=0 qo_len=4 kv_len=4096 n_heads=12 n_kv_heads=2 head_dim=128 kv_head=0 worker=0 block_r=0 block_c=0 t0_us=2285302130437 t1_us=2285302130614 dur_us=177
FIG8_ATTENTION_EVENT mode=scna-fp16 phase=measure iteration=16 component=core_acc component_id=6 lut_exp=0 qo_len=4 kv_len=4096 n_heads=12 n_kv_heads=2 head_dim=128 kv_head=0 worker=0 block_r=0 block_c=0 t0_us=2285302130614 t1_us=2285302130616 dur_us=2
FIG8_ATTENTION_EVENT mode=scna-fp16 phase=measure iteration=16 component=o_scale component_id=7 lut_exp=0 qo_len=4 kv_len=4096 n_heads=12 n_kv_heads=2 head_dim=128 kv_head=0 worker=0 block_r=0 block_c=-1 t0_us=2285302130617 t1_us=2285302130617 dur_us=0
FIG8_ATTENTION_EVENT mode=scna-fp16 phase=measure iteration=16 component=o_store component_id=8 lut_exp=0 qo_len=4 kv_len=4096 n_heads=12 n_kv_heads=2 head_dim=128 kv_head=0 worker=0 block_r=0 block_c=-1 t0_us=2285302130618 t1_us=2285302130620 dur_us=2
FIG8_ATTENTION_EVENT mode=scna-fp16 phase=measure iteration=16 component=q_load component_id=1 lut_exp=0 qo_len=4 kv_len=4096 n_heads=12 n_kv_heads=2 head_dim=128 kv_head=1 worker=0 block_r=0 block_c=-1 t0_us=2285302130668 t1_us=2285302130669 dur_us=1
FIG8_ATTENTION_EVENT mode=scna-fp16 phase=measure iteration=16 component=k_load component_id=2 lut_exp=0 qo_len=4 kv_len=4096 n_heads=12 n_kv_heads=2 head_dim=128 kv_head=1 worker=0 block_r=0 block_c=0 t0_us=2285302130670 t1_us=2285302130868 dur_us=197
FIG8_ATTENTION_EVENT mode=scna-fp16 phase=measure iteration=16 component=qk_dot component_id=4 lut_exp=0 qo_len=4 kv_len=4096 n_heads=12 n_kv_heads=2 head_dim=128 kv_head=1 worker=0 block_r=0 block_c=0 t0_us=2285302130868 t1_us=2285302130871 dur_us=2
FIG8_ATTENTION_EVENT mode=scna-fp16 phase=measure iteration=16 component=safe_sm component_id=5 lut_exp=0 qo_len=4 kv_len=4096 n_heads=12 n_kv_heads=2 head_dim=128 kv_head=1 worker=0 block_r=0 block_c=0 t0_us=2285302130871 t1_us=2285302131091 dur_us=219
FIG8_ATTENTION_EVENT mode=scna-fp16 phase=measure iteration=16 component=v_load component_id=3 lut_exp=0 qo_len=4 kv_len=4096 n_heads=12 n_kv_heads=2 head_dim=128 kv_head=1 worker=0 block_r=0 block_c=0 t0_us=2285302131091 t1_us=2285302131270 dur_us=178
FIG8_ATTENTION_EVENT mode=scna-fp16 phase=measure iteration=16 component=core_acc component_id=6 lut_exp=0 qo_len=4 kv_len=4096 n_heads=12 n_kv_heads=2 head_dim=128 kv_head=1 worker=0 block_r=0 block_c=0 t0_us=2285302131271 t1_us=2285302131273 dur_us=2
FIG8_ATTENTION_EVENT mode=scna-fp16 phase=measure iteration=16 component=o_scale component_id=7 lut_exp=0 qo_len=4 kv_len=4096 n_heads=12 n_kv_heads=2 head_dim=128 kv_head=1 worker=0 block_r=0 block_c=-1 t0_us=2285302131274 t1_us=2285302131274 dur_us=0
FIG8_ATTENTION_EVENT mode=scna-fp16 phase=measure iteration=16 component=o_store component_id=8 lut_exp=0 qo_len=4 kv_len=4096 n_heads=12 n_kv_heads=2 head_dim=128 kv_head=1 worker=0 block_r=0 block_c=-1 t0_us=2285302131275 t1_us=2285302131277 dur_us=2
FIG8_ATTENTION_HOST_TIMING mode=scna-fp16 qo_len=4 kv_len=4096 n_heads=12 n_kv_heads=2 head_dim=128 phase=measure iteration=17 host_elapsed_us=1494 ret=0
FIG8_ATTENTION_PROFILE_COUNT mode=scna-fp16 qo_len=4 phase=measure iteration=17 records=2 max_records=10
FIG8_ATTENTION_TIMERS mode=scna-fp16 phase=measure iteration=17 lut_exp=0 nonlinear_mode=1 scna_width=32 scna_exp=186 qo_len=4 kv_len=4096 n_heads=12 n_kv_heads=2 head_dim=128 kv_head=0 worker=0 profiled_total=603 q_load=1 k_load=203 v_load=177 qk_dot=2 safe_sm=216 core_acc=2 o_scale=0 o_store=2
FIG8_ATTENTION_TIMERS mode=scna-fp16 phase=measure iteration=17 lut_exp=0 nonlinear_mode=1 scna_width=32 scna_exp=186 qo_len=4 kv_len=4096 n_heads=12 n_kv_heads=2 head_dim=128 kv_head=1 worker=0 profiled_total=594 q_load=1 k_load=190 v_load=178 qk_dot=2 safe_sm=219 core_acc=1 o_scale=1 o_store=2
FIG8_ATTENTION_EVENT_COUNT mode=scna-fp16 qo_len=4 phase=measure iteration=17 events=16 max_events=3224 overflow=0
FIG8_ATTENTION_EVENT mode=scna-fp16 phase=measure iteration=17 component=q_load component_id=1 lut_exp=0 qo_len=4 kv_len=4096 n_heads=12 n_kv_heads=2 head_dim=128 kv_head=0 worker=0 block_r=0 block_c=-1 t0_us=2285302131758 t1_us=2285302131760 dur_us=1
FIG8_ATTENTION_EVENT mode=scna-fp16 phase=measure iteration=17 component=k_load component_id=2 lut_exp=0 qo_len=4 kv_len=4096 n_heads=12 n_kv_heads=2 head_dim=128 kv_head=0 worker=0 block_r=0 block_c=0 t0_us=2285302131761 t1_us=2285302131964 dur_us=203
FIG8_ATTENTION_EVENT mode=scna-fp16 phase=measure iteration=17 component=qk_dot component_id=4 lut_exp=0 qo_len=4 kv_len=4096 n_heads=12 n_kv_heads=2 head_dim=128 kv_head=0 worker=0 block_r=0 block_c=0 t0_us=2285302131964 t1_us=2285302131967 dur_us=2
FIG8_ATTENTION_EVENT mode=scna-fp16 phase=measure iteration=17 component=safe_sm component_id=5 lut_exp=0 qo_len=4 kv_len=4096 n_heads=12 n_kv_heads=2 head_dim=128 kv_head=0 worker=0 block_r=0 block_c=0 t0_us=2285302131967 t1_us=2285302132184 dur_us=216
FIG8_ATTENTION_EVENT mode=scna-fp16 phase=measure iteration=17 component=v_load component_id=3 lut_exp=0 qo_len=4 kv_len=4096 n_heads=12 n_kv_heads=2 head_dim=128 kv_head=0 worker=0 block_r=0 block_c=0 t0_us=2285302132185 t1_us=2285302132362 dur_us=177
FIG8_ATTENTION_EVENT mode=scna-fp16 phase=measure iteration=17 component=core_acc component_id=6 lut_exp=0 qo_len=4 kv_len=4096 n_heads=12 n_kv_heads=2 head_dim=128 kv_head=0 worker=0 block_r=0 block_c=0 t0_us=2285302132363 t1_us=2285302132365 dur_us=2
FIG8_ATTENTION_EVENT mode=scna-fp16 phase=measure iteration=17 component=o_scale component_id=7 lut_exp=0 qo_len=4 kv_len=4096 n_heads=12 n_kv_heads=2 head_dim=128 kv_head=0 worker=0 block_r=0 block_c=-1 t0_us=2285302132365 t1_us=2285302132366 dur_us=0
FIG8_ATTENTION_EVENT mode=scna-fp16 phase=measure iteration=17 component=o_store component_id=8 lut_exp=0 qo_len=4 kv_len=4096 n_heads=12 n_kv_heads=2 head_dim=128 kv_head=0 worker=0 block_r=0 block_c=-1 t0_us=2285302132367 t1_us=2285302132369 dur_us=2
FIG8_ATTENTION_EVENT mode=scna-fp16 phase=measure iteration=17 component=q_load component_id=1 lut_exp=0 qo_len=4 kv_len=4096 n_heads=12 n_kv_heads=2 head_dim=128 kv_head=1 worker=0 block_r=0 block_c=-1 t0_us=2285302132417 t1_us=2285302132418 dur_us=1
FIG8_ATTENTION_EVENT mode=scna-fp16 phase=measure iteration=17 component=k_load component_id=2 lut_exp=0 qo_len=4 kv_len=4096 n_heads=12 n_kv_heads=2 head_dim=128 kv_head=1 worker=0 block_r=0 block_c=0 t0_us=2285302132419 t1_us=2285302132609 dur_us=190
FIG8_ATTENTION_EVENT mode=scna-fp16 phase=measure iteration=17 component=qk_dot component_id=4 lut_exp=0 qo_len=4 kv_len=4096 n_heads=12 n_kv_heads=2 head_dim=128 kv_head=1 worker=0 block_r=0 block_c=0 t0_us=2285302132610 t1_us=2285302132612 dur_us=2
FIG8_ATTENTION_EVENT mode=scna-fp16 phase=measure iteration=17 component=safe_sm component_id=5 lut_exp=0 qo_len=4 kv_len=4096 n_heads=12 n_kv_heads=2 head_dim=128 kv_head=1 worker=0 block_r=0 block_c=0 t0_us=2285302132612 t1_us=2285302132832 dur_us=219
FIG8_ATTENTION_EVENT mode=scna-fp16 phase=measure iteration=17 component=v_load component_id=3 lut_exp=0 qo_len=4 kv_len=4096 n_heads=12 n_kv_heads=2 head_dim=128 kv_head=1 worker=0 block_r=0 block_c=0 t0_us=2285302132832 t1_us=2285302133011 dur_us=178
FIG8_ATTENTION_EVENT mode=scna-fp16 phase=measure iteration=17 component=core_acc component_id=6 lut_exp=0 qo_len=4 kv_len=4096 n_heads=12 n_kv_heads=2 head_dim=128 kv_head=1 worker=0 block_r=0 block_c=0 t0_us=2285302133012 t1_us=2285302133013 dur_us=1
FIG8_ATTENTION_EVENT mode=scna-fp16 phase=measure iteration=17 component=o_scale component_id=7 lut_exp=0 qo_len=4 kv_len=4096 n_heads=12 n_kv_heads=2 head_dim=128 kv_head=1 worker=0 block_r=0 block_c=-1 t0_us=2285302133014 t1_us=2285302133015 dur_us=1
FIG8_ATTENTION_EVENT mode=scna-fp16 phase=measure iteration=17 component=o_store component_id=8 lut_exp=0 qo_len=4 kv_len=4096 n_heads=12 n_kv_heads=2 head_dim=128 kv_head=1 worker=0 block_r=0 block_c=-1 t0_us=2285302133015 t1_us=2285302133018 dur_us=2
FIG8_ATTENTION_HOST_TIMING mode=scna-fp16 qo_len=4 kv_len=4096 n_heads=12 n_kv_heads=2 head_dim=128 phase=measure iteration=18 host_elapsed_us=1572 ret=0
FIG8_ATTENTION_PROFILE_COUNT mode=scna-fp16 qo_len=4 phase=measure iteration=18 records=2 max_records=10
FIG8_ATTENTION_TIMERS mode=scna-fp16 phase=measure iteration=18 lut_exp=0 nonlinear_mode=1 scna_width=32 scna_exp=186 qo_len=4 kv_len=4096 n_heads=12 n_kv_heads=2 head_dim=128 kv_head=0 worker=0 profiled_total=603 q_load=1 k_load=204 v_load=176 qk_dot=2 safe_sm=216 core_acc=2 o_scale=0 o_store=2
FIG8_ATTENTION_TIMERS mode=scna-fp16 phase=measure iteration=18 lut_exp=0 nonlinear_mode=1 scna_width=32 scna_exp=186 qo_len=4 kv_len=4096 n_heads=12 n_kv_heads=2 head_dim=128 kv_head=1 worker=0 profiled_total=596 q_load=1 k_load=191 v_load=180 qk_dot=2 safe_sm=218 core_acc=2 o_scale=0 o_store=2
FIG8_ATTENTION_EVENT_COUNT mode=scna-fp16 qo_len=4 phase=measure iteration=18 events=16 max_events=3224 overflow=0
FIG8_ATTENTION_EVENT mode=scna-fp16 phase=measure iteration=18 component=q_load component_id=1 lut_exp=0 qo_len=4 kv_len=4096 n_heads=12 n_kv_heads=2 head_dim=128 kv_head=0 worker=0 block_r=0 block_c=-1 t0_us=2285302133547 t1_us=2285302133548 dur_us=1
FIG8_ATTENTION_EVENT mode=scna-fp16 phase=measure iteration=18 component=k_load component_id=2 lut_exp=0 qo_len=4 kv_len=4096 n_heads=12 n_kv_heads=2 head_dim=128 kv_head=0 worker=0 block_r=0 block_c=0 t0_us=2285302133550 t1_us=2285302133754 dur_us=204
FIG8_ATTENTION_EVENT mode=scna-fp16 phase=measure iteration=18 component=qk_dot component_id=4 lut_exp=0 qo_len=4 kv_len=4096 n_heads=12 n_kv_heads=2 head_dim=128 kv_head=0 worker=0 block_r=0 block_c=0 t0_us=2285302133755 t1_us=2285302133757 dur_us=2
FIG8_ATTENTION_EVENT mode=scna-fp16 phase=measure iteration=18 component=safe_sm component_id=5 lut_exp=0 qo_len=4 kv_len=4096 n_heads=12 n_kv_heads=2 head_dim=128 kv_head=0 worker=0 block_r=0 block_c=0 t0_us=2285302133757 t1_us=2285302133974 dur_us=216
FIG8_ATTENTION_EVENT mode=scna-fp16 phase=measure iteration=18 component=v_load component_id=3 lut_exp=0 qo_len=4 kv_len=4096 n_heads=12 n_kv_heads=2 head_dim=128 kv_head=0 worker=0 block_r=0 block_c=0 t0_us=2285302133975 t1_us=2285302134152 dur_us=176
FIG8_ATTENTION_EVENT mode=scna-fp16 phase=measure iteration=18 component=core_acc component_id=6 lut_exp=0 qo_len=4 kv_len=4096 n_heads=12 n_kv_heads=2 head_dim=128 kv_head=0 worker=0 block_r=0 block_c=0 t0_us=2285302134152 t1_us=2285302134155 dur_us=2
FIG8_ATTENTION_EVENT mode=scna-fp16 phase=measure iteration=18 component=o_scale component_id=7 lut_exp=0 qo_len=4 kv_len=4096 n_heads=12 n_kv_heads=2 head_dim=128 kv_head=0 worker=0 block_r=0 block_c=-1 t0_us=2285302134155 t1_us=2285302134156 dur_us=0
FIG8_ATTENTION_EVENT mode=scna-fp16 phase=measure iteration=18 component=o_store component_id=8 lut_exp=0 qo_len=4 kv_len=4096 n_heads=12 n_kv_heads=2 head_dim=128 kv_head=0 worker=0 block_r=0 block_c=-1 t0_us=2285302134156 t1_us=2285302134159 dur_us=2
FIG8_ATTENTION_EVENT mode=scna-fp16 phase=measure iteration=18 component=q_load component_id=1 lut_exp=0 qo_len=4 kv_len=4096 n_heads=12 n_kv_heads=2 head_dim=128 kv_head=1 worker=0 block_r=0 block_c=-1 t0_us=2285302134207 t1_us=2285302134209 dur_us=1
FIG8_ATTENTION_EVENT mode=scna-fp16 phase=measure iteration=18 component=k_load component_id=2 lut_exp=0 qo_len=4 kv_len=4096 n_heads=12 n_kv_heads=2 head_dim=128 kv_head=1 worker=0 block_r=0 block_c=0 t0_us=2285302134209 t1_us=2285302134401 dur_us=191
FIG8_ATTENTION_EVENT mode=scna-fp16 phase=measure iteration=18 component=qk_dot component_id=4 lut_exp=0 qo_len=4 kv_len=4096 n_heads=12 n_kv_heads=2 head_dim=128 kv_head=1 worker=0 block_r=0 block_c=0 t0_us=2285302134402 t1_us=2285302134404 dur_us=2
FIG8_ATTENTION_EVENT mode=scna-fp16 phase=measure iteration=18 component=safe_sm component_id=5 lut_exp=0 qo_len=4 kv_len=4096 n_heads=12 n_kv_heads=2 head_dim=128 kv_head=1 worker=0 block_r=0 block_c=0 t0_us=2285302134405 t1_us=2285302134623 dur_us=218
FIG8_ATTENTION_EVENT mode=scna-fp16 phase=measure iteration=18 component=v_load component_id=3 lut_exp=0 qo_len=4 kv_len=4096 n_heads=12 n_kv_heads=2 head_dim=128 kv_head=1 worker=0 block_r=0 block_c=0 t0_us=2285302134624 t1_us=2285302134804 dur_us=180
FIG8_ATTENTION_EVENT mode=scna-fp16 phase=measure iteration=18 component=core_acc component_id=6 lut_exp=0 qo_len=4 kv_len=4096 n_heads=12 n_kv_heads=2 head_dim=128 kv_head=1 worker=0 block_r=0 block_c=0 t0_us=2285302134805 t1_us=2285302134807 dur_us=2
FIG8_ATTENTION_EVENT mode=scna-fp16 phase=measure iteration=18 component=o_scale component_id=7 lut_exp=0 qo_len=4 kv_len=4096 n_heads=12 n_kv_heads=2 head_dim=128 kv_head=1 worker=0 block_r=0 block_c=-1 t0_us=2285302134808 t1_us=2285302134809 dur_us=0
FIG8_ATTENTION_EVENT mode=scna-fp16 phase=measure iteration=18 component=o_store component_id=8 lut_exp=0 qo_len=4 kv_len=4096 n_heads=12 n_kv_heads=2 head_dim=128 kv_head=1 worker=0 block_r=0 block_c=-1 t0_us=2285302134809 t1_us=2285302134811 dur_us=2
FIG8_ATTENTION_HOST_TIMING mode=scna-fp16 qo_len=4 kv_len=4096 n_heads=12 n_kv_heads=2 head_dim=128 phase=measure iteration=19 host_elapsed_us=1519 ret=0
FIG8_ATTENTION_PROFILE_COUNT mode=scna-fp16 qo_len=4 phase=measure iteration=19 records=2 max_records=10
FIG8_ATTENTION_TIMERS mode=scna-fp16 phase=measure iteration=19 lut_exp=0 nonlinear_mode=1 scna_width=32 scna_exp=186 qo_len=4 kv_len=4096 n_heads=12 n_kv_heads=2 head_dim=128 kv_head=0 worker=0 profiled_total=605 q_load=1 k_load=205 v_load=177 qk_dot=2 safe_sm=216 core_acc=2 o_scale=0 o_store=2
FIG8_ATTENTION_TIMERS mode=scna-fp16 phase=measure iteration=19 lut_exp=0 nonlinear_mode=1 scna_width=32 scna_exp=186 qo_len=4 kv_len=4096 n_heads=12 n_kv_heads=2 head_dim=128 kv_head=1 worker=0 profiled_total=594 q_load=1 k_load=193 v_load=176 qk_dot=2 safe_sm=218 core_acc=1 o_scale=1 o_store=2
FIG8_ATTENTION_EVENT_COUNT mode=scna-fp16 qo_len=4 phase=measure iteration=19 events=16 max_events=3224 overflow=0
FIG8_ATTENTION_EVENT mode=scna-fp16 phase=measure iteration=19 component=q_load component_id=1 lut_exp=0 qo_len=4 kv_len=4096 n_heads=12 n_kv_heads=2 head_dim=128 kv_head=0 worker=0 block_r=0 block_c=-1 t0_us=2285302135409 t1_us=2285302135410 dur_us=1
FIG8_ATTENTION_EVENT mode=scna-fp16 phase=measure iteration=19 component=k_load component_id=2 lut_exp=0 qo_len=4 kv_len=4096 n_heads=12 n_kv_heads=2 head_dim=128 kv_head=0 worker=0 block_r=0 block_c=0 t0_us=2285302135411 t1_us=2285302135617 dur_us=205
FIG8_ATTENTION_EVENT mode=scna-fp16 phase=measure iteration=19 component=qk_dot component_id=4 lut_exp=0 qo_len=4 kv_len=4096 n_heads=12 n_kv_heads=2 head_dim=128 kv_head=0 worker=0 block_r=0 block_c=0 t0_us=2285302135617 t1_us=2285302135619 dur_us=2
FIG8_ATTENTION_EVENT mode=scna-fp16 phase=measure iteration=19 component=safe_sm component_id=5 lut_exp=0 qo_len=4 kv_len=4096 n_heads=12 n_kv_heads=2 head_dim=128 kv_head=0 worker=0 block_r=0 block_c=0 t0_us=2285302135620 t1_us=2285302135836 dur_us=216
FIG8_ATTENTION_EVENT mode=scna-fp16 phase=measure iteration=19 component=v_load component_id=3 lut_exp=0 qo_len=4 kv_len=4096 n_heads=12 n_kv_heads=2 head_dim=128 kv_head=0 worker=0 block_r=0 block_c=0 t0_us=2285302135837 t1_us=2285302136014 dur_us=177
FIG8_ATTENTION_EVENT mode=scna-fp16 phase=measure iteration=19 component=core_acc component_id=6 lut_exp=0 qo_len=4 kv_len=4096 n_heads=12 n_kv_heads=2 head_dim=128 kv_head=0 worker=0 block_r=0 block_c=0 t0_us=2285302136015 t1_us=2285302136017 dur_us=2
FIG8_ATTENTION_EVENT mode=scna-fp16 phase=measure iteration=19 component=o_scale component_id=7 lut_exp=0 qo_len=4 kv_len=4096 n_heads=12 n_kv_heads=2 head_dim=128 kv_head=0 worker=0 block_r=0 block_c=-1 t0_us=2285302136017 t1_us=2285302136018 dur_us=0
FIG8_ATTENTION_EVENT mode=scna-fp16 phase=measure iteration=19 component=o_store component_id=8 lut_exp=0 qo_len=4 kv_len=4096 n_heads=12 n_kv_heads=2 head_dim=128 kv_head=0 worker=0 block_r=0 block_c=-1 t0_us=2285302136019 t1_us=2285302136021 dur_us=2
FIG8_ATTENTION_EVENT mode=scna-fp16 phase=measure iteration=19 component=q_load component_id=1 lut_exp=0 qo_len=4 kv_len=4096 n_heads=12 n_kv_heads=2 head_dim=128 kv_head=1 worker=0 block_r=0 block_c=-1 t0_us=2285302136069 t1_us=2285302136071 dur_us=1
FIG8_ATTENTION_EVENT mode=scna-fp16 phase=measure iteration=19 component=k_load component_id=2 lut_exp=0 qo_len=4 kv_len=4096 n_heads=12 n_kv_heads=2 head_dim=128 kv_head=1 worker=0 block_r=0 block_c=0 t0_us=2285302136071 t1_us=2285302136265 dur_us=193
FIG8_ATTENTION_EVENT mode=scna-fp16 phase=measure iteration=19 component=qk_dot component_id=4 lut_exp=0 qo_len=4 kv_len=4096 n_heads=12 n_kv_heads=2 head_dim=128 kv_head=1 worker=0 block_r=0 block_c=0 t0_us=2285302136265 t1_us=2285302136267 dur_us=2
FIG8_ATTENTION_EVENT mode=scna-fp16 phase=measure iteration=19 component=safe_sm component_id=5 lut_exp=0 qo_len=4 kv_len=4096 n_heads=12 n_kv_heads=2 head_dim=128 kv_head=1 worker=0 block_r=0 block_c=0 t0_us=2285302136268 t1_us=2285302136486 dur_us=218
FIG8_ATTENTION_EVENT mode=scna-fp16 phase=measure iteration=19 component=v_load component_id=3 lut_exp=0 qo_len=4 kv_len=4096 n_heads=12 n_kv_heads=2 head_dim=128 kv_head=1 worker=0 block_r=0 block_c=0 t0_us=2285302136487 t1_us=2285302136663 dur_us=176
FIG8_ATTENTION_EVENT mode=scna-fp16 phase=measure iteration=19 component=core_acc component_id=6 lut_exp=0 qo_len=4 kv_len=4096 n_heads=12 n_kv_heads=2 head_dim=128 kv_head=1 worker=0 block_r=0 block_c=0 t0_us=2285302136664 t1_us=2285302136665 dur_us=1
FIG8_ATTENTION_EVENT mode=scna-fp16 phase=measure iteration=19 component=o_scale component_id=7 lut_exp=0 qo_len=4 kv_len=4096 n_heads=12 n_kv_heads=2 head_dim=128 kv_head=1 worker=0 block_r=0 block_c=-1 t0_us=2285302136666 t1_us=2285302136667 dur_us=1
FIG8_ATTENTION_EVENT mode=scna-fp16 phase=measure iteration=19 component=o_store component_id=8 lut_exp=0 qo_len=4 kv_len=4096 n_heads=12 n_kv_heads=2 head_dim=128 kv_head=1 worker=0 block_r=0 block_c=-1 t0_us=2285302136668 t1_us=2285302136670 dur_us=2
