alloc_shared_mem_buf: buf=0x750998b000 fd=12 size=24576 flags=FASTRPC_MAP_FD
alloc_shared_mem_buf: buf=0x726b600000 fd=13 size=2097152 flags=FASTRPC_MAP_FD
alloc_shared_mem_buf: buf=0x726b400000 fd=14 size=2097152 flags=FASTRPC_MAP_FD
alloc_shared_mem_buf: buf=0x750986e000 fd=15 size=24576 flags=FASTRPC_MAP_FD
alloc_shared_mem_buf: buf=0x7509866000 fd=16 size=32768 flags=FASTRPC_MAP_FD
alloc_shared_mem_buf: buf=0x7506f30000 fd=17 size=233472 flags=FASTRPC_MAP_FD
alloc_shared_mem_buf: buf=0x7509b0d000 fd=18 size=4096 flags=FASTRPC_MAP_FD
No-op channel request completed
FIG8_ATTENTION_CONFIG mode=scna-int8 mask_mode=full qo_len=4 kv_len=4096 n_heads=12 n_kv_heads=2 head_dim=128 warmup=5 iters=20 scna_width=16 q_size=24576 kv_size=2097152 mask_size=32768 profile_size=233472 profile_max_records=10 profile_max_events=3224 mode_flags=8 print_events=1
FIG8_ATTENTION_HOST_TIMING mode=scna-int8 qo_len=4 kv_len=4096 n_heads=12 n_kv_heads=2 head_dim=128 phase=warmup iteration=0 host_elapsed_us=1040 ret=0
FIG8_ATTENTION_PROFILE_COUNT mode=scna-int8 qo_len=4 phase=warmup iteration=0 records=2 max_records=10
FIG8_ATTENTION_TIMERS mode=scna-int8 phase=warmup iteration=0 lut_exp=0 nonlinear_mode=2 scna_width=16 scna_exp=118 qo_len=4 kv_len=4096 n_heads=12 n_kv_heads=2 head_dim=128 kv_head=0 worker=0 profiled_total=379 q_load=2 k_load=78 v_load=142 qk_dot=2 safe_sm=148 core_acc=3 o_scale=1 o_store=3
FIG8_ATTENTION_TIMERS mode=scna-int8 phase=warmup iteration=0 lut_exp=0 nonlinear_mode=2 scna_width=16 scna_exp=116 qo_len=4 kv_len=4096 n_heads=12 n_kv_heads=2 head_dim=128 kv_head=1 worker=0 profiled_total=373 q_load=1 k_load=77 v_load=143 qk_dot=3 safe_sm=145 core_acc=2 o_scale=0 o_store=2
FIG8_ATTENTION_EVENT_COUNT mode=scna-int8 qo_len=4 phase=warmup iteration=0 events=16 max_events=3224 overflow=0
FIG8_ATTENTION_EVENT mode=scna-int8 phase=warmup iteration=0 component=q_load component_id=1 lut_exp=0 qo_len=4 kv_len=4096 n_heads=12 n_kv_heads=2 head_dim=128 kv_head=0 worker=0 block_r=0 block_c=-1 t0_us=2285303845923 t1_us=2285303845925 dur_us=2
FIG8_ATTENTION_EVENT mode=scna-int8 phase=warmup iteration=0 component=k_load component_id=2 lut_exp=0 qo_len=4 kv_len=4096 n_heads=12 n_kv_heads=2 head_dim=128 kv_head=0 worker=0 block_r=0 block_c=0 t0_us=2285303845926 t1_us=2285303846005 dur_us=78
FIG8_ATTENTION_EVENT mode=scna-int8 phase=warmup iteration=0 component=qk_dot component_id=4 lut_exp=0 qo_len=4 kv_len=4096 n_heads=12 n_kv_heads=2 head_dim=128 kv_head=0 worker=0 block_r=0 block_c=0 t0_us=2285303846005 t1_us=2285303846008 dur_us=2
FIG8_ATTENTION_EVENT mode=scna-int8 phase=warmup iteration=0 component=safe_sm component_id=5 lut_exp=0 qo_len=4 kv_len=4096 n_heads=12 n_kv_heads=2 head_dim=128 kv_head=0 worker=0 block_r=0 block_c=0 t0_us=2285303846008 t1_us=2285303846156 dur_us=148
FIG8_ATTENTION_EVENT mode=scna-int8 phase=warmup iteration=0 component=v_load component_id=3 lut_exp=0 qo_len=4 kv_len=4096 n_heads=12 n_kv_heads=2 head_dim=128 kv_head=0 worker=0 block_r=0 block_c=0 t0_us=2285303846157 t1_us=2285303846299 dur_us=142
FIG8_ATTENTION_EVENT mode=scna-int8 phase=warmup iteration=0 component=core_acc component_id=6 lut_exp=0 qo_len=4 kv_len=4096 n_heads=12 n_kv_heads=2 head_dim=128 kv_head=0 worker=0 block_r=0 block_c=0 t0_us=2285303846299 t1_us=2285303846303 dur_us=3
FIG8_ATTENTION_EVENT mode=scna-int8 phase=warmup iteration=0 component=o_scale component_id=7 lut_exp=0 qo_len=4 kv_len=4096 n_heads=12 n_kv_heads=2 head_dim=128 kv_head=0 worker=0 block_r=0 block_c=-1 t0_us=2285303846303 t1_us=2285303846305 dur_us=1
FIG8_ATTENTION_EVENT mode=scna-int8 phase=warmup iteration=0 component=o_store component_id=8 lut_exp=0 qo_len=4 kv_len=4096 n_heads=12 n_kv_heads=2 head_dim=128 kv_head=0 worker=0 block_r=0 block_c=-1 t0_us=2285303846305 t1_us=2285303846309 dur_us=3
FIG8_ATTENTION_EVENT mode=scna-int8 phase=warmup iteration=0 component=q_load component_id=1 lut_exp=0 qo_len=4 kv_len=4096 n_heads=12 n_kv_heads=2 head_dim=128 kv_head=1 worker=0 block_r=0 block_c=-1 t0_us=2285303846369 t1_us=2285303846371 dur_us=1
FIG8_ATTENTION_EVENT mode=scna-int8 phase=warmup iteration=0 component=k_load component_id=2 lut_exp=0 qo_len=4 kv_len=4096 n_heads=12 n_kv_heads=2 head_dim=128 kv_head=1 worker=0 block_r=0 block_c=0 t0_us=2285303846372 t1_us=2285303846449 dur_us=77
FIG8_ATTENTION_EVENT mode=scna-int8 phase=warmup iteration=0 component=qk_dot component_id=4 lut_exp=0 qo_len=4 kv_len=4096 n_heads=12 n_kv_heads=2 head_dim=128 kv_head=1 worker=0 block_r=0 block_c=0 t0_us=2285303846450 t1_us=2285303846453 dur_us=3
FIG8_ATTENTION_EVENT mode=scna-int8 phase=warmup iteration=0 component=safe_sm component_id=5 lut_exp=0 qo_len=4 kv_len=4096 n_heads=12 n_kv_heads=2 head_dim=128 kv_head=1 worker=0 block_r=0 block_c=0 t0_us=2285303846453 t1_us=2285303846599 dur_us=145
FIG8_ATTENTION_EVENT mode=scna-int8 phase=warmup iteration=0 component=v_load component_id=3 lut_exp=0 qo_len=4 kv_len=4096 n_heads=12 n_kv_heads=2 head_dim=128 kv_head=1 worker=0 block_r=0 block_c=0 t0_us=2285303846599 t1_us=2285303846742 dur_us=143
FIG8_ATTENTION_EVENT mode=scna-int8 phase=warmup iteration=0 component=core_acc component_id=6 lut_exp=0 qo_len=4 kv_len=4096 n_heads=12 n_kv_heads=2 head_dim=128 kv_head=1 worker=0 block_r=0 block_c=0 t0_us=2285303846743 t1_us=2285303846745 dur_us=2
FIG8_ATTENTION_EVENT mode=scna-int8 phase=warmup iteration=0 component=o_scale component_id=7 lut_exp=0 qo_len=4 kv_len=4096 n_heads=12 n_kv_heads=2 head_dim=128 kv_head=1 worker=0 block_r=0 block_c=-1 t0_us=2285303846746 t1_us=2285303846746 dur_us=0
FIG8_ATTENTION_EVENT mode=scna-int8 phase=warmup iteration=0 component=o_store component_id=8 lut_exp=0 qo_len=4 kv_len=4096 n_heads=12 n_kv_heads=2 head_dim=128 kv_head=1 worker=0 block_r=0 block_c=-1 t0_us=2285303846747 t1_us=2285303846749 dur_us=2
FIG8_ATTENTION_HOST_TIMING mode=scna-int8 qo_len=4 kv_len=4096 n_heads=12 n_kv_heads=2 head_dim=128 phase=warmup iteration=1 host_elapsed_us=1100 ret=0
FIG8_ATTENTION_PROFILE_COUNT mode=scna-int8 qo_len=4 phase=warmup iteration=1 records=2 max_records=10
FIG8_ATTENTION_TIMERS mode=scna-int8 phase=warmup iteration=1 lut_exp=0 nonlinear_mode=2 scna_width=16 scna_exp=109 qo_len=4 kv_len=4096 n_heads=12 n_kv_heads=2 head_dim=128 kv_head=0 worker=0 profiled_total=406 q_load=1 k_load=144 v_load=125 qk_dot=2 safe_sm=130 core_acc=2 o_scale=0 o_store=2
FIG8_ATTENTION_TIMERS mode=scna-int8 phase=warmup iteration=1 lut_exp=0 nonlinear_mode=2 scna_width=16 scna_exp=109 qo_len=4 kv_len=4096 n_heads=12 n_kv_heads=2 head_dim=128 kv_head=1 worker=0 profiled_total=429 q_load=1 k_load=151 v_load=143 qk_dot=2 safe_sm=129 core_acc=1 o_scale=0 o_store=2
FIG8_ATTENTION_EVENT_COUNT mode=scna-int8 qo_len=4 phase=warmup iteration=1 events=16 max_events=3224 overflow=0
FIG8_ATTENTION_EVENT mode=scna-int8 phase=warmup iteration=1 component=q_load component_id=1 lut_exp=0 qo_len=4 kv_len=4096 n_heads=12 n_kv_heads=2 head_dim=128 kv_head=0 worker=0 block_r=0 block_c=-1 t0_us=2285303847094 t1_us=2285303847096 dur_us=1
FIG8_ATTENTION_EVENT mode=scna-int8 phase=warmup iteration=1 component=k_load component_id=2 lut_exp=0 qo_len=4 kv_len=4096 n_heads=12 n_kv_heads=2 head_dim=128 kv_head=0 worker=0 block_r=0 block_c=0 t0_us=2285303847097 t1_us=2285303847242 dur_us=144
FIG8_ATTENTION_EVENT mode=scna-int8 phase=warmup iteration=1 component=qk_dot component_id=4 lut_exp=0 qo_len=4 kv_len=4096 n_heads=12 n_kv_heads=2 head_dim=128 kv_head=0 worker=0 block_r=0 block_c=0 t0_us=2285303847243 t1_us=2285303847245 dur_us=2
FIG8_ATTENTION_EVENT mode=scna-int8 phase=warmup iteration=1 component=safe_sm component_id=5 lut_exp=0 qo_len=4 kv_len=4096 n_heads=12 n_kv_heads=2 head_dim=128 kv_head=0 worker=0 block_r=0 block_c=0 t0_us=2285303847245 t1_us=2285303847376 dur_us=130
FIG8_ATTENTION_EVENT mode=scna-int8 phase=warmup iteration=1 component=v_load component_id=3 lut_exp=0 qo_len=4 kv_len=4096 n_heads=12 n_kv_heads=2 head_dim=128 kv_head=0 worker=0 block_r=0 block_c=0 t0_us=2285303847377 t1_us=2285303847502 dur_us=125
FIG8_ATTENTION_EVENT mode=scna-int8 phase=warmup iteration=1 component=core_acc component_id=6 lut_exp=0 qo_len=4 kv_len=4096 n_heads=12 n_kv_heads=2 head_dim=128 kv_head=0 worker=0 block_r=0 block_c=0 t0_us=2285303847502 t1_us=2285303847504 dur_us=2
FIG8_ATTENTION_EVENT mode=scna-int8 phase=warmup iteration=1 component=o_scale component_id=7 lut_exp=0 qo_len=4 kv_len=4096 n_heads=12 n_kv_heads=2 head_dim=128 kv_head=0 worker=0 block_r=0 block_c=-1 t0_us=2285303847505 t1_us=2285303847505 dur_us=0
FIG8_ATTENTION_EVENT mode=scna-int8 phase=warmup iteration=1 component=o_store component_id=8 lut_exp=0 qo_len=4 kv_len=4096 n_heads=12 n_kv_heads=2 head_dim=128 kv_head=0 worker=0 block_r=0 block_c=-1 t0_us=2285303847506 t1_us=2285303847508 dur_us=2
FIG8_ATTENTION_EVENT mode=scna-int8 phase=warmup iteration=1 component=q_load component_id=1 lut_exp=0 qo_len=4 kv_len=4096 n_heads=12 n_kv_heads=2 head_dim=128 kv_head=1 worker=0 block_r=0 block_c=-1 t0_us=2285303847554 t1_us=2285303847556 dur_us=1
FIG8_ATTENTION_EVENT mode=scna-int8 phase=warmup iteration=1 component=k_load component_id=2 lut_exp=0 qo_len=4 kv_len=4096 n_heads=12 n_kv_heads=2 head_dim=128 kv_head=1 worker=0 block_r=0 block_c=0 t0_us=2285303847556 t1_us=2285303847707 dur_us=151
FIG8_ATTENTION_EVENT mode=scna-int8 phase=warmup iteration=1 component=qk_dot component_id=4 lut_exp=0 qo_len=4 kv_len=4096 n_heads=12 n_kv_heads=2 head_dim=128 kv_head=1 worker=0 block_r=0 block_c=0 t0_us=2285303847708 t1_us=2285303847710 dur_us=2
FIG8_ATTENTION_EVENT mode=scna-int8 phase=warmup iteration=1 component=safe_sm component_id=5 lut_exp=0 qo_len=4 kv_len=4096 n_heads=12 n_kv_heads=2 head_dim=128 kv_head=1 worker=0 block_r=0 block_c=0 t0_us=2285303847710 t1_us=2285303847840 dur_us=129
FIG8_ATTENTION_EVENT mode=scna-int8 phase=warmup iteration=1 component=v_load component_id=3 lut_exp=0 qo_len=4 kv_len=4096 n_heads=12 n_kv_heads=2 head_dim=128 kv_head=1 worker=0 block_r=0 block_c=0 t0_us=2285303847840 t1_us=2285303847983 dur_us=143
FIG8_ATTENTION_EVENT mode=scna-int8 phase=warmup iteration=1 component=core_acc component_id=6 lut_exp=0 qo_len=4 kv_len=4096 n_heads=12 n_kv_heads=2 head_dim=128 kv_head=1 worker=0 block_r=0 block_c=0 t0_us=2285303847984 t1_us=2285303847985 dur_us=1
FIG8_ATTENTION_EVENT mode=scna-int8 phase=warmup iteration=1 component=o_scale component_id=7 lut_exp=0 qo_len=4 kv_len=4096 n_heads=12 n_kv_heads=2 head_dim=128 kv_head=1 worker=0 block_r=0 block_c=-1 t0_us=2285303847986 t1_us=2285303847987 dur_us=0
FIG8_ATTENTION_EVENT mode=scna-int8 phase=warmup iteration=1 component=o_store component_id=8 lut_exp=0 qo_len=4 kv_len=4096 n_heads=12 n_kv_heads=2 head_dim=128 kv_head=1 worker=0 block_r=0 block_c=-1 t0_us=2285303847987 t1_us=2285303847989 dur_us=2
FIG8_ATTENTION_HOST_TIMING mode=scna-int8 qo_len=4 kv_len=4096 n_heads=12 n_kv_heads=2 head_dim=128 phase=warmup iteration=2 host_elapsed_us=1123 ret=0
FIG8_ATTENTION_PROFILE_COUNT mode=scna-int8 qo_len=4 phase=warmup iteration=2 records=2 max_records=10
FIG8_ATTENTION_TIMERS mode=scna-int8 phase=warmup iteration=2 lut_exp=0 nonlinear_mode=2 scna_width=16 scna_exp=109 qo_len=4 kv_len=4096 n_heads=12 n_kv_heads=2 head_dim=128 kv_head=0 worker=0 profiled_total=404 q_load=1 k_load=135 v_load=133 qk_dot=2 safe_sm=129 core_acc=2 o_scale=0 o_store=2
FIG8_ATTENTION_TIMERS mode=scna-int8 phase=warmup iteration=2 lut_exp=0 nonlinear_mode=2 scna_width=16 scna_exp=109 qo_len=4 kv_len=4096 n_heads=12 n_kv_heads=2 head_dim=128 kv_head=1 worker=0 profiled_total=423 q_load=1 k_load=152 v_load=136 qk_dot=2 safe_sm=129 core_acc=1 o_scale=0 o_store=2
FIG8_ATTENTION_EVENT_COUNT mode=scna-int8 qo_len=4 phase=warmup iteration=2 events=16 max_events=3224 overflow=0
FIG8_ATTENTION_EVENT mode=scna-int8 phase=warmup iteration=2 component=q_load component_id=1 lut_exp=0 qo_len=4 kv_len=4096 n_heads=12 n_kv_heads=2 head_dim=128 kv_head=0 worker=0 block_r=0 block_c=-1 t0_us=2285303848248 t1_us=2285303848250 dur_us=1
FIG8_ATTENTION_EVENT mode=scna-int8 phase=warmup iteration=2 component=k_load component_id=2 lut_exp=0 qo_len=4 kv_len=4096 n_heads=12 n_kv_heads=2 head_dim=128 kv_head=0 worker=0 block_r=0 block_c=0 t0_us=2285303848251 t1_us=2285303848387 dur_us=135
FIG8_ATTENTION_EVENT mode=scna-int8 phase=warmup iteration=2 component=qk_dot component_id=4 lut_exp=0 qo_len=4 kv_len=4096 n_heads=12 n_kv_heads=2 head_dim=128 kv_head=0 worker=0 block_r=0 block_c=0 t0_us=2285303848387 t1_us=2285303848390 dur_us=2
FIG8_ATTENTION_EVENT mode=scna-int8 phase=warmup iteration=2 component=safe_sm component_id=5 lut_exp=0 qo_len=4 kv_len=4096 n_heads=12 n_kv_heads=2 head_dim=128 kv_head=0 worker=0 block_r=0 block_c=0 t0_us=2285303848390 t1_us=2285303848520 dur_us=129
FIG8_ATTENTION_EVENT mode=scna-int8 phase=warmup iteration=2 component=v_load component_id=3 lut_exp=0 qo_len=4 kv_len=4096 n_heads=12 n_kv_heads=2 head_dim=128 kv_head=0 worker=0 block_r=0 block_c=0 t0_us=2285303848520 t1_us=2285303848654 dur_us=133
FIG8_ATTENTION_EVENT mode=scna-int8 phase=warmup iteration=2 component=core_acc component_id=6 lut_exp=0 qo_len=4 kv_len=4096 n_heads=12 n_kv_heads=2 head_dim=128 kv_head=0 worker=0 block_r=0 block_c=0 t0_us=2285303848654 t1_us=2285303848657 dur_us=2
FIG8_ATTENTION_EVENT mode=scna-int8 phase=warmup iteration=2 component=o_scale component_id=7 lut_exp=0 qo_len=4 kv_len=4096 n_heads=12 n_kv_heads=2 head_dim=128 kv_head=0 worker=0 block_r=0 block_c=-1 t0_us=2285303848657 t1_us=2285303848658 dur_us=0
FIG8_ATTENTION_EVENT mode=scna-int8 phase=warmup iteration=2 component=o_store component_id=8 lut_exp=0 qo_len=4 kv_len=4096 n_heads=12 n_kv_heads=2 head_dim=128 kv_head=0 worker=0 block_r=0 block_c=-1 t0_us=2285303848658 t1_us=2285303848660 dur_us=2
FIG8_ATTENTION_EVENT mode=scna-int8 phase=warmup iteration=2 component=q_load component_id=1 lut_exp=0 qo_len=4 kv_len=4096 n_heads=12 n_kv_heads=2 head_dim=128 kv_head=1 worker=0 block_r=0 block_c=-1 t0_us=2285303848706 t1_us=2285303848708 dur_us=1
FIG8_ATTENTION_EVENT mode=scna-int8 phase=warmup iteration=2 component=k_load component_id=2 lut_exp=0 qo_len=4 kv_len=4096 n_heads=12 n_kv_heads=2 head_dim=128 kv_head=1 worker=0 block_r=0 block_c=0 t0_us=2285303848709 t1_us=2285303848861 dur_us=152
FIG8_ATTENTION_EVENT mode=scna-int8 phase=warmup iteration=2 component=qk_dot component_id=4 lut_exp=0 qo_len=4 kv_len=4096 n_heads=12 n_kv_heads=2 head_dim=128 kv_head=1 worker=0 block_r=0 block_c=0 t0_us=2285303848861 t1_us=2285303848864 dur_us=2
FIG8_ATTENTION_EVENT mode=scna-int8 phase=warmup iteration=2 component=safe_sm component_id=5 lut_exp=0 qo_len=4 kv_len=4096 n_heads=12 n_kv_heads=2 head_dim=128 kv_head=1 worker=0 block_r=0 block_c=0 t0_us=2285303848864 t1_us=2285303848993 dur_us=129
FIG8_ATTENTION_EVENT mode=scna-int8 phase=warmup iteration=2 component=v_load component_id=3 lut_exp=0 qo_len=4 kv_len=4096 n_heads=12 n_kv_heads=2 head_dim=128 kv_head=1 worker=0 block_r=0 block_c=0 t0_us=2285303848993 t1_us=2285303849130 dur_us=136
FIG8_ATTENTION_EVENT mode=scna-int8 phase=warmup iteration=2 component=core_acc component_id=6 lut_exp=0 qo_len=4 kv_len=4096 n_heads=12 n_kv_heads=2 head_dim=128 kv_head=1 worker=0 block_r=0 block_c=0 t0_us=2285303849131 t1_us=2285303849132 dur_us=1
FIG8_ATTENTION_EVENT mode=scna-int8 phase=warmup iteration=2 component=o_scale component_id=7 lut_exp=0 qo_len=4 kv_len=4096 n_heads=12 n_kv_heads=2 head_dim=128 kv_head=1 worker=0 block_r=0 block_c=-1 t0_us=2285303849132 t1_us=2285303849133 dur_us=0
FIG8_ATTENTION_EVENT mode=scna-int8 phase=warmup iteration=2 component=o_store component_id=8 lut_exp=0 qo_len=4 kv_len=4096 n_heads=12 n_kv_heads=2 head_dim=128 kv_head=1 worker=0 block_r=0 block_c=-1 t0_us=2285303849133 t1_us=2285303849135 dur_us=2
FIG8_ATTENTION_HOST_TIMING mode=scna-int8 qo_len=4 kv_len=4096 n_heads=12 n_kv_heads=2 head_dim=128 phase=warmup iteration=3 host_elapsed_us=1118 ret=0
FIG8_ATTENTION_PROFILE_COUNT mode=scna-int8 qo_len=4 phase=warmup iteration=3 records=2 max_records=10
FIG8_ATTENTION_TIMERS mode=scna-int8 phase=warmup iteration=3 lut_exp=0 nonlinear_mode=2 scna_width=16 scna_exp=109 qo_len=4 kv_len=4096 n_heads=12 n_kv_heads=2 head_dim=128 kv_head=0 worker=0 profiled_total=411 q_load=1 k_load=141 v_load=133 qk_dot=2 safe_sm=130 core_acc=2 o_scale=0 o_store=2
FIG8_ATTENTION_TIMERS mode=scna-int8 phase=warmup iteration=3 lut_exp=0 nonlinear_mode=2 scna_width=16 scna_exp=109 qo_len=4 kv_len=4096 n_heads=12 n_kv_heads=2 head_dim=128 kv_head=1 worker=0 profiled_total=414 q_load=1 k_load=152 v_load=128 qk_dot=2 safe_sm=128 core_acc=1 o_scale=0 o_store=2
FIG8_ATTENTION_EVENT_COUNT mode=scna-int8 qo_len=4 phase=warmup iteration=3 events=16 max_events=3224 overflow=0
FIG8_ATTENTION_EVENT mode=scna-int8 phase=warmup iteration=3 component=q_load component_id=1 lut_exp=0 qo_len=4 kv_len=4096 n_heads=12 n_kv_heads=2 head_dim=128 kv_head=0 worker=0 block_r=0 block_c=-1 t0_us=2285303849436 t1_us=2285303849438 dur_us=1
FIG8_ATTENTION_EVENT mode=scna-int8 phase=warmup iteration=3 component=k_load component_id=2 lut_exp=0 qo_len=4 kv_len=4096 n_heads=12 n_kv_heads=2 head_dim=128 kv_head=0 worker=0 block_r=0 block_c=0 t0_us=2285303849439 t1_us=2285303849580 dur_us=141
FIG8_ATTENTION_EVENT mode=scna-int8 phase=warmup iteration=3 component=qk_dot component_id=4 lut_exp=0 qo_len=4 kv_len=4096 n_heads=12 n_kv_heads=2 head_dim=128 kv_head=0 worker=0 block_r=0 block_c=0 t0_us=2285303849580 t1_us=2285303849583 dur_us=2
FIG8_ATTENTION_EVENT mode=scna-int8 phase=warmup iteration=3 component=safe_sm component_id=5 lut_exp=0 qo_len=4 kv_len=4096 n_heads=12 n_kv_heads=2 head_dim=128 kv_head=0 worker=0 block_r=0 block_c=0 t0_us=2285303849583 t1_us=2285303849714 dur_us=130
FIG8_ATTENTION_EVENT mode=scna-int8 phase=warmup iteration=3 component=v_load component_id=3 lut_exp=0 qo_len=4 kv_len=4096 n_heads=12 n_kv_heads=2 head_dim=128 kv_head=0 worker=0 block_r=0 block_c=0 t0_us=2285303849714 t1_us=2285303849847 dur_us=133
FIG8_ATTENTION_EVENT mode=scna-int8 phase=warmup iteration=3 component=core_acc component_id=6 lut_exp=0 qo_len=4 kv_len=4096 n_heads=12 n_kv_heads=2 head_dim=128 kv_head=0 worker=0 block_r=0 block_c=0 t0_us=2285303849848 t1_us=2285303849850 dur_us=2
FIG8_ATTENTION_EVENT mode=scna-int8 phase=warmup iteration=3 component=o_scale component_id=7 lut_exp=0 qo_len=4 kv_len=4096 n_heads=12 n_kv_heads=2 head_dim=128 kv_head=0 worker=0 block_r=0 block_c=-1 t0_us=2285303849851 t1_us=2285303849851 dur_us=0
FIG8_ATTENTION_EVENT mode=scna-int8 phase=warmup iteration=3 component=o_store component_id=8 lut_exp=0 qo_len=4 kv_len=4096 n_heads=12 n_kv_heads=2 head_dim=128 kv_head=0 worker=0 block_r=0 block_c=-1 t0_us=2285303849852 t1_us=2285303849854 dur_us=2
FIG8_ATTENTION_EVENT mode=scna-int8 phase=warmup iteration=3 component=q_load component_id=1 lut_exp=0 qo_len=4 kv_len=4096 n_heads=12 n_kv_heads=2 head_dim=128 kv_head=1 worker=0 block_r=0 block_c=-1 t0_us=2285303849900 t1_us=2285303849902 dur_us=1
FIG8_ATTENTION_EVENT mode=scna-int8 phase=warmup iteration=3 component=k_load component_id=2 lut_exp=0 qo_len=4 kv_len=4096 n_heads=12 n_kv_heads=2 head_dim=128 kv_head=1 worker=0 block_r=0 block_c=0 t0_us=2285303849903 t1_us=2285303850056 dur_us=152
FIG8_ATTENTION_EVENT mode=scna-int8 phase=warmup iteration=3 component=qk_dot component_id=4 lut_exp=0 qo_len=4 kv_len=4096 n_heads=12 n_kv_heads=2 head_dim=128 kv_head=1 worker=0 block_r=0 block_c=0 t0_us=2285303850056 t1_us=2285303850058 dur_us=2
FIG8_ATTENTION_EVENT mode=scna-int8 phase=warmup iteration=3 component=safe_sm component_id=5 lut_exp=0 qo_len=4 kv_len=4096 n_heads=12 n_kv_heads=2 head_dim=128 kv_head=1 worker=0 block_r=0 block_c=0 t0_us=2285303850059 t1_us=2285303850188 dur_us=128
FIG8_ATTENTION_EVENT mode=scna-int8 phase=warmup iteration=3 component=v_load component_id=3 lut_exp=0 qo_len=4 kv_len=4096 n_heads=12 n_kv_heads=2 head_dim=128 kv_head=1 worker=0 block_r=0 block_c=0 t0_us=2285303850188 t1_us=2285303850317 dur_us=128
FIG8_ATTENTION_EVENT mode=scna-int8 phase=warmup iteration=3 component=core_acc component_id=6 lut_exp=0 qo_len=4 kv_len=4096 n_heads=12 n_kv_heads=2 head_dim=128 kv_head=1 worker=0 block_r=0 block_c=0 t0_us=2285303850317 t1_us=2285303850318 dur_us=1
FIG8_ATTENTION_EVENT mode=scna-int8 phase=warmup iteration=3 component=o_scale component_id=7 lut_exp=0 qo_len=4 kv_len=4096 n_heads=12 n_kv_heads=2 head_dim=128 kv_head=1 worker=0 block_r=0 block_c=-1 t0_us=2285303850319 t1_us=2285303850320 dur_us=0
FIG8_ATTENTION_EVENT mode=scna-int8 phase=warmup iteration=3 component=o_store component_id=8 lut_exp=0 qo_len=4 kv_len=4096 n_heads=12 n_kv_heads=2 head_dim=128 kv_head=1 worker=0 block_r=0 block_c=-1 t0_us=2285303850320 t1_us=2285303850322 dur_us=2
FIG8_ATTENTION_HOST_TIMING mode=scna-int8 qo_len=4 kv_len=4096 n_heads=12 n_kv_heads=2 head_dim=128 phase=warmup iteration=4 host_elapsed_us=1096 ret=0
FIG8_ATTENTION_PROFILE_COUNT mode=scna-int8 qo_len=4 phase=warmup iteration=4 records=2 max_records=10
FIG8_ATTENTION_TIMERS mode=scna-int8 phase=warmup iteration=4 lut_exp=0 nonlinear_mode=2 scna_width=16 scna_exp=109 qo_len=4 kv_len=4096 n_heads=12 n_kv_heads=2 head_dim=128 kv_head=0 worker=0 profiled_total=426 q_load=1 k_load=149 v_load=141 qk_dot=2 safe_sm=129 core_acc=2 o_scale=0 o_store=2
FIG8_ATTENTION_TIMERS mode=scna-int8 phase=warmup iteration=4 lut_exp=0 nonlinear_mode=2 scna_width=16 scna_exp=109 qo_len=4 kv_len=4096 n_heads=12 n_kv_heads=2 head_dim=128 kv_head=1 worker=0 profiled_total=411 q_load=1 k_load=138 v_load=140 qk_dot=2 safe_sm=127 core_acc=1 o_scale=0 o_store=2
FIG8_ATTENTION_EVENT_COUNT mode=scna-int8 qo_len=4 phase=warmup iteration=4 events=16 max_events=3224 overflow=0
FIG8_ATTENTION_EVENT mode=scna-int8 phase=warmup iteration=4 component=q_load component_id=1 lut_exp=0 qo_len=4 kv_len=4096 n_heads=12 n_kv_heads=2 head_dim=128 kv_head=0 worker=0 block_r=0 block_c=-1 t0_us=2285303850605 t1_us=2285303850607 dur_us=1
FIG8_ATTENTION_EVENT mode=scna-int8 phase=warmup iteration=4 component=k_load component_id=2 lut_exp=0 qo_len=4 kv_len=4096 n_heads=12 n_kv_heads=2 head_dim=128 kv_head=0 worker=0 block_r=0 block_c=0 t0_us=2285303850609 t1_us=2285303850758 dur_us=149
FIG8_ATTENTION_EVENT mode=scna-int8 phase=warmup iteration=4 component=qk_dot component_id=4 lut_exp=0 qo_len=4 kv_len=4096 n_heads=12 n_kv_heads=2 head_dim=128 kv_head=0 worker=0 block_r=0 block_c=0 t0_us=2285303850759 t1_us=2285303850761 dur_us=2
FIG8_ATTENTION_EVENT mode=scna-int8 phase=warmup iteration=4 component=safe_sm component_id=5 lut_exp=0 qo_len=4 kv_len=4096 n_heads=12 n_kv_heads=2 head_dim=128 kv_head=0 worker=0 block_r=0 block_c=0 t0_us=2285303850762 t1_us=2285303850891 dur_us=129
FIG8_ATTENTION_EVENT mode=scna-int8 phase=warmup iteration=4 component=v_load component_id=3 lut_exp=0 qo_len=4 kv_len=4096 n_heads=12 n_kv_heads=2 head_dim=128 kv_head=0 worker=0 block_r=0 block_c=0 t0_us=2285303850892 t1_us=2285303851033 dur_us=141
FIG8_ATTENTION_EVENT mode=scna-int8 phase=warmup iteration=4 component=core_acc component_id=6 lut_exp=0 qo_len=4 kv_len=4096 n_heads=12 n_kv_heads=2 head_dim=128 kv_head=0 worker=0 block_r=0 block_c=0 t0_us=2285303851034 t1_us=2285303851036 dur_us=2
FIG8_ATTENTION_EVENT mode=scna-int8 phase=warmup iteration=4 component=o_scale component_id=7 lut_exp=0 qo_len=4 kv_len=4096 n_heads=12 n_kv_heads=2 head_dim=128 kv_head=0 worker=0 block_r=0 block_c=-1 t0_us=2285303851036 t1_us=2285303851037 dur_us=0
FIG8_ATTENTION_EVENT mode=scna-int8 phase=warmup iteration=4 component=o_store component_id=8 lut_exp=0 qo_len=4 kv_len=4096 n_heads=12 n_kv_heads=2 head_dim=128 kv_head=0 worker=0 block_r=0 block_c=-1 t0_us=2285303851037 t1_us=2285303851040 dur_us=2
FIG8_ATTENTION_EVENT mode=scna-int8 phase=warmup iteration=4 component=q_load component_id=1 lut_exp=0 qo_len=4 kv_len=4096 n_heads=12 n_kv_heads=2 head_dim=128 kv_head=1 worker=0 block_r=0 block_c=-1 t0_us=2285303851088 t1_us=2285303851090 dur_us=1
FIG8_ATTENTION_EVENT mode=scna-int8 phase=warmup iteration=4 component=k_load component_id=2 lut_exp=0 qo_len=4 kv_len=4096 n_heads=12 n_kv_heads=2 head_dim=128 kv_head=1 worker=0 block_r=0 block_c=0 t0_us=2285303851091 t1_us=2285303851229 dur_us=138
FIG8_ATTENTION_EVENT mode=scna-int8 phase=warmup iteration=4 component=qk_dot component_id=4 lut_exp=0 qo_len=4 kv_len=4096 n_heads=12 n_kv_heads=2 head_dim=128 kv_head=1 worker=0 block_r=0 block_c=0 t0_us=2285303851230 t1_us=2285303851232 dur_us=2
FIG8_ATTENTION_EVENT mode=scna-int8 phase=warmup iteration=4 component=safe_sm component_id=5 lut_exp=0 qo_len=4 kv_len=4096 n_heads=12 n_kv_heads=2 head_dim=128 kv_head=1 worker=0 block_r=0 block_c=0 t0_us=2285303851233 t1_us=2285303851360 dur_us=127
FIG8_ATTENTION_EVENT mode=scna-int8 phase=warmup iteration=4 component=v_load component_id=3 lut_exp=0 qo_len=4 kv_len=4096 n_heads=12 n_kv_heads=2 head_dim=128 kv_head=1 worker=0 block_r=0 block_c=0 t0_us=2285303851361 t1_us=2285303851501 dur_us=140
FIG8_ATTENTION_EVENT mode=scna-int8 phase=warmup iteration=4 component=core_acc component_id=6 lut_exp=0 qo_len=4 kv_len=4096 n_heads=12 n_kv_heads=2 head_dim=128 kv_head=1 worker=0 block_r=0 block_c=0 t0_us=2285303851502 t1_us=2285303851503 dur_us=1
FIG8_ATTENTION_EVENT mode=scna-int8 phase=warmup iteration=4 component=o_scale component_id=7 lut_exp=0 qo_len=4 kv_len=4096 n_heads=12 n_kv_heads=2 head_dim=128 kv_head=1 worker=0 block_r=0 block_c=-1 t0_us=2285303851503 t1_us=2285303851504 dur_us=0
FIG8_ATTENTION_EVENT mode=scna-int8 phase=warmup iteration=4 component=o_store component_id=8 lut_exp=0 qo_len=4 kv_len=4096 n_heads=12 n_kv_heads=2 head_dim=128 kv_head=1 worker=0 block_r=0 block_c=-1 t0_us=2285303851504 t1_us=2285303851507 dur_us=2
FIG8_ATTENTION_HOST_TIMING mode=scna-int8 qo_len=4 kv_len=4096 n_heads=12 n_kv_heads=2 head_dim=128 phase=measure iteration=0 host_elapsed_us=1096 ret=0
FIG8_ATTENTION_PROFILE_COUNT mode=scna-int8 qo_len=4 phase=measure iteration=0 records=2 max_records=10
FIG8_ATTENTION_TIMERS mode=scna-int8 phase=measure iteration=0 lut_exp=0 nonlinear_mode=2 scna_width=16 scna_exp=110 qo_len=4 kv_len=4096 n_heads=12 n_kv_heads=2 head_dim=128 kv_head=0 worker=0 profiled_total=414 q_load=1 k_load=138 v_load=139 qk_dot=2 safe_sm=130 core_acc=2 o_scale=0 o_store=2
FIG8_ATTENTION_TIMERS mode=scna-int8 phase=measure iteration=0 lut_exp=0 nonlinear_mode=2 scna_width=16 scna_exp=109 qo_len=4 kv_len=4096 n_heads=12 n_kv_heads=2 head_dim=128 kv_head=1 worker=0 profiled_total=422 q_load=1 k_load=145 v_load=142 qk_dot=2 safe_sm=129 core_acc=1 o_scale=0 o_store=2
FIG8_ATTENTION_EVENT_COUNT mode=scna-int8 qo_len=4 phase=measure iteration=0 events=16 max_events=3224 overflow=0
FIG8_ATTENTION_EVENT mode=scna-int8 phase=measure iteration=0 component=q_load component_id=1 lut_exp=0 qo_len=4 kv_len=4096 n_heads=12 n_kv_heads=2 head_dim=128 kv_head=0 worker=0 block_r=0 block_c=-1 t0_us=2285303851754 t1_us=2285303851756 dur_us=1
FIG8_ATTENTION_EVENT mode=scna-int8 phase=measure iteration=0 component=k_load component_id=2 lut_exp=0 qo_len=4 kv_len=4096 n_heads=12 n_kv_heads=2 head_dim=128 kv_head=0 worker=0 block_r=0 block_c=0 t0_us=2285303851757 t1_us=2285303851896 dur_us=138
FIG8_ATTENTION_EVENT mode=scna-int8 phase=measure iteration=0 component=qk_dot component_id=4 lut_exp=0 qo_len=4 kv_len=4096 n_heads=12 n_kv_heads=2 head_dim=128 kv_head=0 worker=0 block_r=0 block_c=0 t0_us=2285303851896 t1_us=2285303851899 dur_us=2
FIG8_ATTENTION_EVENT mode=scna-int8 phase=measure iteration=0 component=safe_sm component_id=5 lut_exp=0 qo_len=4 kv_len=4096 n_heads=12 n_kv_heads=2 head_dim=128 kv_head=0 worker=0 block_r=0 block_c=0 t0_us=2285303851899 t1_us=2285303852029 dur_us=130
FIG8_ATTENTION_EVENT mode=scna-int8 phase=measure iteration=0 component=v_load component_id=3 lut_exp=0 qo_len=4 kv_len=4096 n_heads=12 n_kv_heads=2 head_dim=128 kv_head=0 worker=0 block_r=0 block_c=0 t0_us=2285303852030 t1_us=2285303852170 dur_us=139
FIG8_ATTENTION_EVENT mode=scna-int8 phase=measure iteration=0 component=core_acc component_id=6 lut_exp=0 qo_len=4 kv_len=4096 n_heads=12 n_kv_heads=2 head_dim=128 kv_head=0 worker=0 block_r=0 block_c=0 t0_us=2285303852170 t1_us=2285303852173 dur_us=2
FIG8_ATTENTION_EVENT mode=scna-int8 phase=measure iteration=0 component=o_scale component_id=7 lut_exp=0 qo_len=4 kv_len=4096 n_heads=12 n_kv_heads=2 head_dim=128 kv_head=0 worker=0 block_r=0 block_c=-1 t0_us=2285303852173 t1_us=2285303852173 dur_us=0
FIG8_ATTENTION_EVENT mode=scna-int8 phase=measure iteration=0 component=o_store component_id=8 lut_exp=0 qo_len=4 kv_len=4096 n_heads=12 n_kv_heads=2 head_dim=128 kv_head=0 worker=0 block_r=0 block_c=-1 t0_us=2285303852174 t1_us=2285303852176 dur_us=2
FIG8_ATTENTION_EVENT mode=scna-int8 phase=measure iteration=0 component=q_load component_id=1 lut_exp=0 qo_len=4 kv_len=4096 n_heads=12 n_kv_heads=2 head_dim=128 kv_head=1 worker=0 block_r=0 block_c=-1 t0_us=2285303852221 t1_us=2285303852222 dur_us=1
FIG8_ATTENTION_EVENT mode=scna-int8 phase=measure iteration=0 component=k_load component_id=2 lut_exp=0 qo_len=4 kv_len=4096 n_heads=12 n_kv_heads=2 head_dim=128 kv_head=1 worker=0 block_r=0 block_c=0 t0_us=2285303852224 t1_us=2285303852369 dur_us=145
FIG8_ATTENTION_EVENT mode=scna-int8 phase=measure iteration=0 component=qk_dot component_id=4 lut_exp=0 qo_len=4 kv_len=4096 n_heads=12 n_kv_heads=2 head_dim=128 kv_head=1 worker=0 block_r=0 block_c=0 t0_us=2285303852369 t1_us=2285303852372 dur_us=2
FIG8_ATTENTION_EVENT mode=scna-int8 phase=measure iteration=0 component=safe_sm component_id=5 lut_exp=0 qo_len=4 kv_len=4096 n_heads=12 n_kv_heads=2 head_dim=128 kv_head=1 worker=0 block_r=0 block_c=0 t0_us=2285303852372 t1_us=2285303852502 dur_us=129
FIG8_ATTENTION_EVENT mode=scna-int8 phase=measure iteration=0 component=v_load component_id=3 lut_exp=0 qo_len=4 kv_len=4096 n_heads=12 n_kv_heads=2 head_dim=128 kv_head=1 worker=0 block_r=0 block_c=0 t0_us=2285303852502 t1_us=2285303852644 dur_us=142
FIG8_ATTENTION_EVENT mode=scna-int8 phase=measure iteration=0 component=core_acc component_id=6 lut_exp=0 qo_len=4 kv_len=4096 n_heads=12 n_kv_heads=2 head_dim=128 kv_head=1 worker=0 block_r=0 block_c=0 t0_us=2285303852645 t1_us=2285303852646 dur_us=1
FIG8_ATTENTION_EVENT mode=scna-int8 phase=measure iteration=0 component=o_scale component_id=7 lut_exp=0 qo_len=4 kv_len=4096 n_heads=12 n_kv_heads=2 head_dim=128 kv_head=1 worker=0 block_r=0 block_c=-1 t0_us=2285303852647 t1_us=2285303852647 dur_us=0
FIG8_ATTENTION_EVENT mode=scna-int8 phase=measure iteration=0 component=o_store component_id=8 lut_exp=0 qo_len=4 kv_len=4096 n_heads=12 n_kv_heads=2 head_dim=128 kv_head=1 worker=0 block_r=0 block_c=-1 t0_us=2285303852648 t1_us=2285303852650 dur_us=2
FIG8_ATTENTION_HOST_TIMING mode=scna-int8 qo_len=4 kv_len=4096 n_heads=12 n_kv_heads=2 head_dim=128 phase=measure iteration=1 host_elapsed_us=1103 ret=0
FIG8_ATTENTION_PROFILE_COUNT mode=scna-int8 qo_len=4 phase=measure iteration=1 records=2 max_records=10
FIG8_ATTENTION_TIMERS mode=scna-int8 phase=measure iteration=1 lut_exp=0 nonlinear_mode=2 scna_width=16 scna_exp=109 qo_len=4 kv_len=4096 n_heads=12 n_kv_heads=2 head_dim=128 kv_head=0 worker=0 profiled_total=409 q_load=1 k_load=135 v_load=137 qk_dot=2 safe_sm=130 core_acc=2 o_scale=0 o_store=2
FIG8_ATTENTION_TIMERS mode=scna-int8 phase=measure iteration=1 lut_exp=0 nonlinear_mode=2 scna_width=16 scna_exp=109 qo_len=4 kv_len=4096 n_heads=12 n_kv_heads=2 head_dim=128 kv_head=1 worker=0 profiled_total=426 q_load=1 k_load=155 v_load=137 qk_dot=2 safe_sm=128 core_acc=1 o_scale=0 o_store=2
FIG8_ATTENTION_EVENT_COUNT mode=scna-int8 qo_len=4 phase=measure iteration=1 events=16 max_events=3224 overflow=0
FIG8_ATTENTION_EVENT mode=scna-int8 phase=measure iteration=1 component=q_load component_id=1 lut_exp=0 qo_len=4 kv_len=4096 n_heads=12 n_kv_heads=2 head_dim=128 kv_head=0 worker=0 block_r=0 block_c=-1 t0_us=2285303852901 t1_us=2285303852903 dur_us=1
FIG8_ATTENTION_EVENT mode=scna-int8 phase=measure iteration=1 component=k_load component_id=2 lut_exp=0 qo_len=4 kv_len=4096 n_heads=12 n_kv_heads=2 head_dim=128 kv_head=0 worker=0 block_r=0 block_c=0 t0_us=2285303852904 t1_us=2285303853040 dur_us=135
FIG8_ATTENTION_EVENT mode=scna-int8 phase=measure iteration=1 component=qk_dot component_id=4 lut_exp=0 qo_len=4 kv_len=4096 n_heads=12 n_kv_heads=2 head_dim=128 kv_head=0 worker=0 block_r=0 block_c=0 t0_us=2285303853040 t1_us=2285303853043 dur_us=2
FIG8_ATTENTION_EVENT mode=scna-int8 phase=measure iteration=1 component=safe_sm component_id=5 lut_exp=0 qo_len=4 kv_len=4096 n_heads=12 n_kv_heads=2 head_dim=128 kv_head=0 worker=0 block_r=0 block_c=0 t0_us=2285303853043 t1_us=2285303853173 dur_us=130
FIG8_ATTENTION_EVENT mode=scna-int8 phase=measure iteration=1 component=v_load component_id=3 lut_exp=0 qo_len=4 kv_len=4096 n_heads=12 n_kv_heads=2 head_dim=128 kv_head=0 worker=0 block_r=0 block_c=0 t0_us=2285303853173 t1_us=2285303853311 dur_us=137
FIG8_ATTENTION_EVENT mode=scna-int8 phase=measure iteration=1 component=core_acc component_id=6 lut_exp=0 qo_len=4 kv_len=4096 n_heads=12 n_kv_heads=2 head_dim=128 kv_head=0 worker=0 block_r=0 block_c=0 t0_us=2285303853311 t1_us=2285303853314 dur_us=2
FIG8_ATTENTION_EVENT mode=scna-int8 phase=measure iteration=1 component=o_scale component_id=7 lut_exp=0 qo_len=4 kv_len=4096 n_heads=12 n_kv_heads=2 head_dim=128 kv_head=0 worker=0 block_r=0 block_c=-1 t0_us=2285303853314 t1_us=2285303853315 dur_us=0
FIG8_ATTENTION_EVENT mode=scna-int8 phase=measure iteration=1 component=o_store component_id=8 lut_exp=0 qo_len=4 kv_len=4096 n_heads=12 n_kv_heads=2 head_dim=128 kv_head=0 worker=0 block_r=0 block_c=-1 t0_us=2285303853315 t1_us=2285303853317 dur_us=2
FIG8_ATTENTION_EVENT mode=scna-int8 phase=measure iteration=1 component=q_load component_id=1 lut_exp=0 qo_len=4 kv_len=4096 n_heads=12 n_kv_heads=2 head_dim=128 kv_head=1 worker=0 block_r=0 block_c=-1 t0_us=2285303853362 t1_us=2285303853364 dur_us=1
FIG8_ATTENTION_EVENT mode=scna-int8 phase=measure iteration=1 component=k_load component_id=2 lut_exp=0 qo_len=4 kv_len=4096 n_heads=12 n_kv_heads=2 head_dim=128 kv_head=1 worker=0 block_r=0 block_c=0 t0_us=2285303853365 t1_us=2285303853520 dur_us=155
FIG8_ATTENTION_EVENT mode=scna-int8 phase=measure iteration=1 component=qk_dot component_id=4 lut_exp=0 qo_len=4 kv_len=4096 n_heads=12 n_kv_heads=2 head_dim=128 kv_head=1 worker=0 block_r=0 block_c=0 t0_us=2285303853521 t1_us=2285303853523 dur_us=2
FIG8_ATTENTION_EVENT mode=scna-int8 phase=measure iteration=1 component=safe_sm component_id=5 lut_exp=0 qo_len=4 kv_len=4096 n_heads=12 n_kv_heads=2 head_dim=128 kv_head=1 worker=0 block_r=0 block_c=0 t0_us=2285303853524 t1_us=2285303853652 dur_us=128
FIG8_ATTENTION_EVENT mode=scna-int8 phase=measure iteration=1 component=v_load component_id=3 lut_exp=0 qo_len=4 kv_len=4096 n_heads=12 n_kv_heads=2 head_dim=128 kv_head=1 worker=0 block_r=0 block_c=0 t0_us=2285303853652 t1_us=2285303853790 dur_us=137
FIG8_ATTENTION_EVENT mode=scna-int8 phase=measure iteration=1 component=core_acc component_id=6 lut_exp=0 qo_len=4 kv_len=4096 n_heads=12 n_kv_heads=2 head_dim=128 kv_head=1 worker=0 block_r=0 block_c=0 t0_us=2285303853790 t1_us=2285303853792 dur_us=1
FIG8_ATTENTION_EVENT mode=scna-int8 phase=measure iteration=1 component=o_scale component_id=7 lut_exp=0 qo_len=4 kv_len=4096 n_heads=12 n_kv_heads=2 head_dim=128 kv_head=1 worker=0 block_r=0 block_c=-1 t0_us=2285303853792 t1_us=2285303853793 dur_us=0
FIG8_ATTENTION_EVENT mode=scna-int8 phase=measure iteration=1 component=o_store component_id=8 lut_exp=0 qo_len=4 kv_len=4096 n_heads=12 n_kv_heads=2 head_dim=128 kv_head=1 worker=0 block_r=0 block_c=-1 t0_us=2285303853793 t1_us=2285303853796 dur_us=2
FIG8_ATTENTION_HOST_TIMING mode=scna-int8 qo_len=4 kv_len=4096 n_heads=12 n_kv_heads=2 head_dim=128 phase=measure iteration=2 host_elapsed_us=1099 ret=0
FIG8_ATTENTION_PROFILE_COUNT mode=scna-int8 qo_len=4 phase=measure iteration=2 records=2 max_records=10
FIG8_ATTENTION_TIMERS mode=scna-int8 phase=measure iteration=2 lut_exp=0 nonlinear_mode=2 scna_width=16 scna_exp=109 qo_len=4 kv_len=4096 n_heads=12 n_kv_heads=2 head_dim=128 kv_head=0 worker=0 profiled_total=422 q_load=1 k_load=145 v_load=139 qk_dot=2 safe_sm=130 core_acc=2 o_scale=0 o_store=3
FIG8_ATTENTION_TIMERS mode=scna-int8 phase=measure iteration=2 lut_exp=0 nonlinear_mode=2 scna_width=16 scna_exp=109 qo_len=4 kv_len=4096 n_heads=12 n_kv_heads=2 head_dim=128 kv_head=1 worker=0 profiled_total=419 q_load=1 k_load=144 v_load=140 qk_dot=2 safe_sm=129 core_acc=1 o_scale=0 o_store=2
FIG8_ATTENTION_EVENT_COUNT mode=scna-int8 qo_len=4 phase=measure iteration=2 events=16 max_events=3224 overflow=0
FIG8_ATTENTION_EVENT mode=scna-int8 phase=measure iteration=2 component=q_load component_id=1 lut_exp=0 qo_len=4 kv_len=4096 n_heads=12 n_kv_heads=2 head_dim=128 kv_head=0 worker=0 block_r=0 block_c=-1 t0_us=2285303854073 t1_us=2285303854074 dur_us=1
FIG8_ATTENTION_EVENT mode=scna-int8 phase=measure iteration=2 component=k_load component_id=2 lut_exp=0 qo_len=4 kv_len=4096 n_heads=12 n_kv_heads=2 head_dim=128 kv_head=0 worker=0 block_r=0 block_c=0 t0_us=2285303854075 t1_us=2285303854221 dur_us=145
FIG8_ATTENTION_EVENT mode=scna-int8 phase=measure iteration=2 component=qk_dot component_id=4 lut_exp=0 qo_len=4 kv_len=4096 n_heads=12 n_kv_heads=2 head_dim=128 kv_head=0 worker=0 block_r=0 block_c=0 t0_us=2285303854221 t1_us=2285303854224 dur_us=2
FIG8_ATTENTION_EVENT mode=scna-int8 phase=measure iteration=2 component=safe_sm component_id=5 lut_exp=0 qo_len=4 kv_len=4096 n_heads=12 n_kv_heads=2 head_dim=128 kv_head=0 worker=0 block_r=0 block_c=0 t0_us=2285303854224 t1_us=2285303854354 dur_us=130
FIG8_ATTENTION_EVENT mode=scna-int8 phase=measure iteration=2 component=v_load component_id=3 lut_exp=0 qo_len=4 kv_len=4096 n_heads=12 n_kv_heads=2 head_dim=128 kv_head=0 worker=0 block_r=0 block_c=0 t0_us=2285303854354 t1_us=2285303854494 dur_us=139
FIG8_ATTENTION_EVENT mode=scna-int8 phase=measure iteration=2 component=core_acc component_id=6 lut_exp=0 qo_len=4 kv_len=4096 n_heads=12 n_kv_heads=2 head_dim=128 kv_head=0 worker=0 block_r=0 block_c=0 t0_us=2285303854495 t1_us=2285303854498 dur_us=2
FIG8_ATTENTION_EVENT mode=scna-int8 phase=measure iteration=2 component=o_scale component_id=7 lut_exp=0 qo_len=4 kv_len=4096 n_heads=12 n_kv_heads=2 head_dim=128 kv_head=0 worker=0 block_r=0 block_c=-1 t0_us=2285303854498 t1_us=2285303854498 dur_us=0
FIG8_ATTENTION_EVENT mode=scna-int8 phase=measure iteration=2 component=o_store component_id=8 lut_exp=0 qo_len=4 kv_len=4096 n_heads=12 n_kv_heads=2 head_dim=128 kv_head=0 worker=0 block_r=0 block_c=-1 t0_us=2285303854499 t1_us=2285303854502 dur_us=3
FIG8_ATTENTION_EVENT mode=scna-int8 phase=measure iteration=2 component=q_load component_id=1 lut_exp=0 qo_len=4 kv_len=4096 n_heads=12 n_kv_heads=2 head_dim=128 kv_head=1 worker=0 block_r=0 block_c=-1 t0_us=2285303854548 t1_us=2285303854549 dur_us=1
FIG8_ATTENTION_EVENT mode=scna-int8 phase=measure iteration=2 component=k_load component_id=2 lut_exp=0 qo_len=4 kv_len=4096 n_heads=12 n_kv_heads=2 head_dim=128 kv_head=1 worker=0 block_r=0 block_c=0 t0_us=2285303854550 t1_us=2285303854695 dur_us=144
FIG8_ATTENTION_EVENT mode=scna-int8 phase=measure iteration=2 component=qk_dot component_id=4 lut_exp=0 qo_len=4 kv_len=4096 n_heads=12 n_kv_heads=2 head_dim=128 kv_head=1 worker=0 block_r=0 block_c=0 t0_us=2285303854695 t1_us=2285303854698 dur_us=2
FIG8_ATTENTION_EVENT mode=scna-int8 phase=measure iteration=2 component=safe_sm component_id=5 lut_exp=0 qo_len=4 kv_len=4096 n_heads=12 n_kv_heads=2 head_dim=128 kv_head=1 worker=0 block_r=0 block_c=0 t0_us=2285303854698 t1_us=2285303854828 dur_us=129
FIG8_ATTENTION_EVENT mode=scna-int8 phase=measure iteration=2 component=v_load component_id=3 lut_exp=0 qo_len=4 kv_len=4096 n_heads=12 n_kv_heads=2 head_dim=128 kv_head=1 worker=0 block_r=0 block_c=0 t0_us=2285303854828 t1_us=2285303854968 dur_us=140
FIG8_ATTENTION_EVENT mode=scna-int8 phase=measure iteration=2 component=core_acc component_id=6 lut_exp=0 qo_len=4 kv_len=4096 n_heads=12 n_kv_heads=2 head_dim=128 kv_head=1 worker=0 block_r=0 block_c=0 t0_us=2285303854969 t1_us=2285303854971 dur_us=1
FIG8_ATTENTION_EVENT mode=scna-int8 phase=measure iteration=2 component=o_scale component_id=7 lut_exp=0 qo_len=4 kv_len=4096 n_heads=12 n_kv_heads=2 head_dim=128 kv_head=1 worker=0 block_r=0 block_c=-1 t0_us=2285303854971 t1_us=2285303854972 dur_us=0
FIG8_ATTENTION_EVENT mode=scna-int8 phase=measure iteration=2 component=o_store component_id=8 lut_exp=0 qo_len=4 kv_len=4096 n_heads=12 n_kv_heads=2 head_dim=128 kv_head=1 worker=0 block_r=0 block_c=-1 t0_us=2285303854972 t1_us=2285303854974 dur_us=2
FIG8_ATTENTION_HOST_TIMING mode=scna-int8 qo_len=4 kv_len=4096 n_heads=12 n_kv_heads=2 head_dim=128 phase=measure iteration=3 host_elapsed_us=1094 ret=0
FIG8_ATTENTION_PROFILE_COUNT mode=scna-int8 qo_len=4 phase=measure iteration=3 records=2 max_records=10
FIG8_ATTENTION_TIMERS mode=scna-int8 phase=measure iteration=3 lut_exp=0 nonlinear_mode=2 scna_width=16 scna_exp=109 qo_len=4 kv_len=4096 n_heads=12 n_kv_heads=2 head_dim=128 kv_head=0 worker=0 profiled_total=414 q_load=1 k_load=140 v_load=138 qk_dot=2 safe_sm=129 core_acc=2 o_scale=0 o_store=2
FIG8_ATTENTION_TIMERS mode=scna-int8 phase=measure iteration=3 lut_exp=0 nonlinear_mode=2 scna_width=16 scna_exp=109 qo_len=4 kv_len=4096 n_heads=12 n_kv_heads=2 head_dim=128 kv_head=1 worker=0 profiled_total=422 q_load=1 k_load=147 v_load=140 qk_dot=2 safe_sm=129 core_acc=1 o_scale=0 o_store=2
FIG8_ATTENTION_EVENT_COUNT mode=scna-int8 qo_len=4 phase=measure iteration=3 events=16 max_events=3224 overflow=0
FIG8_ATTENTION_EVENT mode=scna-int8 phase=measure iteration=3 component=q_load component_id=1 lut_exp=0 qo_len=4 kv_len=4096 n_heads=12 n_kv_heads=2 head_dim=128 kv_head=0 worker=0 block_r=0 block_c=-1 t0_us=2285303855225 t1_us=2285303855226 dur_us=1
FIG8_ATTENTION_EVENT mode=scna-int8 phase=measure iteration=3 component=k_load component_id=2 lut_exp=0 qo_len=4 kv_len=4096 n_heads=12 n_kv_heads=2 head_dim=128 kv_head=0 worker=0 block_r=0 block_c=0 t0_us=2285303855228 t1_us=2285303855369 dur_us=140
FIG8_ATTENTION_EVENT mode=scna-int8 phase=measure iteration=3 component=qk_dot component_id=4 lut_exp=0 qo_len=4 kv_len=4096 n_heads=12 n_kv_heads=2 head_dim=128 kv_head=0 worker=0 block_r=0 block_c=0 t0_us=2285303855369 t1_us=2285303855371 dur_us=2
FIG8_ATTENTION_EVENT mode=scna-int8 phase=measure iteration=3 component=safe_sm component_id=5 lut_exp=0 qo_len=4 kv_len=4096 n_heads=12 n_kv_heads=2 head_dim=128 kv_head=0 worker=0 block_r=0 block_c=0 t0_us=2285303855371 t1_us=2285303855501 dur_us=129
FIG8_ATTENTION_EVENT mode=scna-int8 phase=measure iteration=3 component=v_load component_id=3 lut_exp=0 qo_len=4 kv_len=4096 n_heads=12 n_kv_heads=2 head_dim=128 kv_head=0 worker=0 block_r=0 block_c=0 t0_us=2285303855502 t1_us=2285303855640 dur_us=138
FIG8_ATTENTION_EVENT mode=scna-int8 phase=measure iteration=3 component=core_acc component_id=6 lut_exp=0 qo_len=4 kv_len=4096 n_heads=12 n_kv_heads=2 head_dim=128 kv_head=0 worker=0 block_r=0 block_c=0 t0_us=2285303855640 t1_us=2285303855643 dur_us=2
FIG8_ATTENTION_EVENT mode=scna-int8 phase=measure iteration=3 component=o_scale component_id=7 lut_exp=0 qo_len=4 kv_len=4096 n_heads=12 n_kv_heads=2 head_dim=128 kv_head=0 worker=0 block_r=0 block_c=-1 t0_us=2285303855643 t1_us=2285303855644 dur_us=0
FIG8_ATTENTION_EVENT mode=scna-int8 phase=measure iteration=3 component=o_store component_id=8 lut_exp=0 qo_len=4 kv_len=4096 n_heads=12 n_kv_heads=2 head_dim=128 kv_head=0 worker=0 block_r=0 block_c=-1 t0_us=2285303855644 t1_us=2285303855647 dur_us=2
FIG8_ATTENTION_EVENT mode=scna-int8 phase=measure iteration=3 component=q_load component_id=1 lut_exp=0 qo_len=4 kv_len=4096 n_heads=12 n_kv_heads=2 head_dim=128 kv_head=1 worker=0 block_r=0 block_c=-1 t0_us=2285303855693 t1_us=2285303855695 dur_us=1
FIG8_ATTENTION_EVENT mode=scna-int8 phase=measure iteration=3 component=k_load component_id=2 lut_exp=0 qo_len=4 kv_len=4096 n_heads=12 n_kv_heads=2 head_dim=128 kv_head=1 worker=0 block_r=0 block_c=0 t0_us=2285303855696 t1_us=2285303855843 dur_us=147
FIG8_ATTENTION_EVENT mode=scna-int8 phase=measure iteration=3 component=qk_dot component_id=4 lut_exp=0 qo_len=4 kv_len=4096 n_heads=12 n_kv_heads=2 head_dim=128 kv_head=1 worker=0 block_r=0 block_c=0 t0_us=2285303855844 t1_us=2285303855846 dur_us=2
FIG8_ATTENTION_EVENT mode=scna-int8 phase=measure iteration=3 component=safe_sm component_id=5 lut_exp=0 qo_len=4 kv_len=4096 n_heads=12 n_kv_heads=2 head_dim=128 kv_head=1 worker=0 block_r=0 block_c=0 t0_us=2285303855847 t1_us=2285303855976 dur_us=129
FIG8_ATTENTION_EVENT mode=scna-int8 phase=measure iteration=3 component=v_load component_id=3 lut_exp=0 qo_len=4 kv_len=4096 n_heads=12 n_kv_heads=2 head_dim=128 kv_head=1 worker=0 block_r=0 block_c=0 t0_us=2285303855976 t1_us=2285303856116 dur_us=140
FIG8_ATTENTION_EVENT mode=scna-int8 phase=measure iteration=3 component=core_acc component_id=6 lut_exp=0 qo_len=4 kv_len=4096 n_heads=12 n_kv_heads=2 head_dim=128 kv_head=1 worker=0 block_r=0 block_c=0 t0_us=2285303856117 t1_us=2285303856118 dur_us=1
FIG8_ATTENTION_EVENT mode=scna-int8 phase=measure iteration=3 component=o_scale component_id=7 lut_exp=0 qo_len=4 kv_len=4096 n_heads=12 n_kv_heads=2 head_dim=128 kv_head=1 worker=0 block_r=0 block_c=-1 t0_us=2285303856119 t1_us=2285303856119 dur_us=0
FIG8_ATTENTION_EVENT mode=scna-int8 phase=measure iteration=3 component=o_store component_id=8 lut_exp=0 qo_len=4 kv_len=4096 n_heads=12 n_kv_heads=2 head_dim=128 kv_head=1 worker=0 block_r=0 block_c=-1 t0_us=2285303856120 t1_us=2285303856122 dur_us=2
FIG8_ATTENTION_HOST_TIMING mode=scna-int8 qo_len=4 kv_len=4096 n_heads=12 n_kv_heads=2 head_dim=128 phase=measure iteration=4 host_elapsed_us=1130 ret=0
FIG8_ATTENTION_PROFILE_COUNT mode=scna-int8 qo_len=4 phase=measure iteration=4 records=2 max_records=10
FIG8_ATTENTION_TIMERS mode=scna-int8 phase=measure iteration=4 lut_exp=0 nonlinear_mode=2 scna_width=16 scna_exp=110 qo_len=4 kv_len=4096 n_heads=12 n_kv_heads=2 head_dim=128 kv_head=0 worker=0 profiled_total=396 q_load=1 k_load=136 v_load=123 qk_dot=2 safe_sm=130 core_acc=2 o_scale=0 o_store=2
FIG8_ATTENTION_TIMERS mode=scna-int8 phase=measure iteration=4 lut_exp=0 nonlinear_mode=2 scna_width=16 scna_exp=109 qo_len=4 kv_len=4096 n_heads=12 n_kv_heads=2 head_dim=128 kv_head=1 worker=0 profiled_total=428 q_load=1 k_load=153 v_load=140 qk_dot=2 safe_sm=129 core_acc=1 o_scale=0 o_store=2
FIG8_ATTENTION_EVENT_COUNT mode=scna-int8 qo_len=4 phase=measure iteration=4 events=16 max_events=3224 overflow=0
FIG8_ATTENTION_EVENT mode=scna-int8 phase=measure iteration=4 component=q_load component_id=1 lut_exp=0 qo_len=4 kv_len=4096 n_heads=12 n_kv_heads=2 head_dim=128 kv_head=0 worker=0 block_r=0 block_c=-1 t0_us=2285303856389 t1_us=2285303856391 dur_us=1
FIG8_ATTENTION_EVENT mode=scna-int8 phase=measure iteration=4 component=k_load component_id=2 lut_exp=0 qo_len=4 kv_len=4096 n_heads=12 n_kv_heads=2 head_dim=128 kv_head=0 worker=0 block_r=0 block_c=0 t0_us=2285303856393 t1_us=2285303856530 dur_us=136
FIG8_ATTENTION_EVENT mode=scna-int8 phase=measure iteration=4 component=qk_dot component_id=4 lut_exp=0 qo_len=4 kv_len=4096 n_heads=12 n_kv_heads=2 head_dim=128 kv_head=0 worker=0 block_r=0 block_c=0 t0_us=2285303856530 t1_us=2285303856532 dur_us=2
FIG8_ATTENTION_EVENT mode=scna-int8 phase=measure iteration=4 component=safe_sm component_id=5 lut_exp=0 qo_len=4 kv_len=4096 n_heads=12 n_kv_heads=2 head_dim=128 kv_head=0 worker=0 block_r=0 block_c=0 t0_us=2285303856532 t1_us=2285303856663 dur_us=130
FIG8_ATTENTION_EVENT mode=scna-int8 phase=measure iteration=4 component=v_load component_id=3 lut_exp=0 qo_len=4 kv_len=4096 n_heads=12 n_kv_heads=2 head_dim=128 kv_head=0 worker=0 block_r=0 block_c=0 t0_us=2285303856663 t1_us=2285303856787 dur_us=123
FIG8_ATTENTION_EVENT mode=scna-int8 phase=measure iteration=4 component=core_acc component_id=6 lut_exp=0 qo_len=4 kv_len=4096 n_heads=12 n_kv_heads=2 head_dim=128 kv_head=0 worker=0 block_r=0 block_c=0 t0_us=2285303856787 t1_us=2285303856789 dur_us=2
FIG8_ATTENTION_EVENT mode=scna-int8 phase=measure iteration=4 component=o_scale component_id=7 lut_exp=0 qo_len=4 kv_len=4096 n_heads=12 n_kv_heads=2 head_dim=128 kv_head=0 worker=0 block_r=0 block_c=-1 t0_us=2285303856789 t1_us=2285303856790 dur_us=0
FIG8_ATTENTION_EVENT mode=scna-int8 phase=measure iteration=4 component=o_store component_id=8 lut_exp=0 qo_len=4 kv_len=4096 n_heads=12 n_kv_heads=2 head_dim=128 kv_head=0 worker=0 block_r=0 block_c=-1 t0_us=2285303856791 t1_us=2285303856793 dur_us=2
FIG8_ATTENTION_EVENT mode=scna-int8 phase=measure iteration=4 component=q_load component_id=1 lut_exp=0 qo_len=4 kv_len=4096 n_heads=12 n_kv_heads=2 head_dim=128 kv_head=1 worker=0 block_r=0 block_c=-1 t0_us=2285303856838 t1_us=2285303856839 dur_us=1
FIG8_ATTENTION_EVENT mode=scna-int8 phase=measure iteration=4 component=k_load component_id=2 lut_exp=0 qo_len=4 kv_len=4096 n_heads=12 n_kv_heads=2 head_dim=128 kv_head=1 worker=0 block_r=0 block_c=0 t0_us=2285303856840 t1_us=2285303856994 dur_us=153
FIG8_ATTENTION_EVENT mode=scna-int8 phase=measure iteration=4 component=qk_dot component_id=4 lut_exp=0 qo_len=4 kv_len=4096 n_heads=12 n_kv_heads=2 head_dim=128 kv_head=1 worker=0 block_r=0 block_c=0 t0_us=2285303856995 t1_us=2285303856997 dur_us=2
FIG8_ATTENTION_EVENT mode=scna-int8 phase=measure iteration=4 component=safe_sm component_id=5 lut_exp=0 qo_len=4 kv_len=4096 n_heads=12 n_kv_heads=2 head_dim=128 kv_head=1 worker=0 block_r=0 block_c=0 t0_us=2285303856997 t1_us=2285303857126 dur_us=129
FIG8_ATTENTION_EVENT mode=scna-int8 phase=measure iteration=4 component=v_load component_id=3 lut_exp=0 qo_len=4 kv_len=4096 n_heads=12 n_kv_heads=2 head_dim=128 kv_head=1 worker=0 block_r=0 block_c=0 t0_us=2285303857127 t1_us=2285303857267 dur_us=140
FIG8_ATTENTION_EVENT mode=scna-int8 phase=measure iteration=4 component=core_acc component_id=6 lut_exp=0 qo_len=4 kv_len=4096 n_heads=12 n_kv_heads=2 head_dim=128 kv_head=1 worker=0 block_r=0 block_c=0 t0_us=2285303857267 t1_us=2285303857269 dur_us=1
FIG8_ATTENTION_EVENT mode=scna-int8 phase=measure iteration=4 component=o_scale component_id=7 lut_exp=0 qo_len=4 kv_len=4096 n_heads=12 n_kv_heads=2 head_dim=128 kv_head=1 worker=0 block_r=0 block_c=-1 t0_us=2285303857269 t1_us=2285303857270 dur_us=0
FIG8_ATTENTION_EVENT mode=scna-int8 phase=measure iteration=4 component=o_store component_id=8 lut_exp=0 qo_len=4 kv_len=4096 n_heads=12 n_kv_heads=2 head_dim=128 kv_head=1 worker=0 block_r=0 block_c=-1 t0_us=2285303857270 t1_us=2285303857272 dur_us=2
FIG8_ATTENTION_HOST_TIMING mode=scna-int8 qo_len=4 kv_len=4096 n_heads=12 n_kv_heads=2 head_dim=128 phase=measure iteration=5 host_elapsed_us=1095 ret=0
FIG8_ATTENTION_PROFILE_COUNT mode=scna-int8 qo_len=4 phase=measure iteration=5 records=2 max_records=10
FIG8_ATTENTION_TIMERS mode=scna-int8 phase=measure iteration=5 lut_exp=0 nonlinear_mode=2 scna_width=16 scna_exp=109 qo_len=4 kv_len=4096 n_heads=12 n_kv_heads=2 head_dim=128 kv_head=0 worker=0 profiled_total=415 q_load=1 k_load=147 v_load=132 qk_dot=2 safe_sm=129 core_acc=2 o_scale=0 o_store=2
FIG8_ATTENTION_TIMERS mode=scna-int8 phase=measure iteration=5 lut_exp=0 nonlinear_mode=2 scna_width=16 scna_exp=109 qo_len=4 kv_len=4096 n_heads=12 n_kv_heads=2 head_dim=128 kv_head=1 worker=0 profiled_total=412 q_load=1 k_load=149 v_load=130 qk_dot=2 safe_sm=127 core_acc=1 o_scale=0 o_store=2
FIG8_ATTENTION_EVENT_COUNT mode=scna-int8 qo_len=4 phase=measure iteration=5 events=16 max_events=3224 overflow=0
FIG8_ATTENTION_EVENT mode=scna-int8 phase=measure iteration=5 component=q_load component_id=1 lut_exp=0 qo_len=4 kv_len=4096 n_heads=12 n_kv_heads=2 head_dim=128 kv_head=0 worker=0 block_r=0 block_c=-1 t0_us=2285303857585 t1_us=2285303857586 dur_us=1
FIG8_ATTENTION_EVENT mode=scna-int8 phase=measure iteration=5 component=k_load component_id=2 lut_exp=0 qo_len=4 kv_len=4096 n_heads=12 n_kv_heads=2 head_dim=128 kv_head=0 worker=0 block_r=0 block_c=0 t0_us=2285303857587 t1_us=2285303857735 dur_us=147
FIG8_ATTENTION_EVENT mode=scna-int8 phase=measure iteration=5 component=qk_dot component_id=4 lut_exp=0 qo_len=4 kv_len=4096 n_heads=12 n_kv_heads=2 head_dim=128 kv_head=0 worker=0 block_r=0 block_c=0 t0_us=2285303857735 t1_us=2285303857737 dur_us=2
FIG8_ATTENTION_EVENT mode=scna-int8 phase=measure iteration=5 component=safe_sm component_id=5 lut_exp=0 qo_len=4 kv_len=4096 n_heads=12 n_kv_heads=2 head_dim=128 kv_head=0 worker=0 block_r=0 block_c=0 t0_us=2285303857738 t1_us=2285303857867 dur_us=129
FIG8_ATTENTION_EVENT mode=scna-int8 phase=measure iteration=5 component=v_load component_id=3 lut_exp=0 qo_len=4 kv_len=4096 n_heads=12 n_kv_heads=2 head_dim=128 kv_head=0 worker=0 block_r=0 block_c=0 t0_us=2285303857867 t1_us=2285303857999 dur_us=132
FIG8_ATTENTION_EVENT mode=scna-int8 phase=measure iteration=5 component=core_acc component_id=6 lut_exp=0 qo_len=4 kv_len=4096 n_heads=12 n_kv_heads=2 head_dim=128 kv_head=0 worker=0 block_r=0 block_c=0 t0_us=2285303857999 t1_us=2285303858002 dur_us=2
FIG8_ATTENTION_EVENT mode=scna-int8 phase=measure iteration=5 component=o_scale component_id=7 lut_exp=0 qo_len=4 kv_len=4096 n_heads=12 n_kv_heads=2 head_dim=128 kv_head=0 worker=0 block_r=0 block_c=-1 t0_us=2285303858002 t1_us=2285303858003 dur_us=0
FIG8_ATTENTION_EVENT mode=scna-int8 phase=measure iteration=5 component=o_store component_id=8 lut_exp=0 qo_len=4 kv_len=4096 n_heads=12 n_kv_heads=2 head_dim=128 kv_head=0 worker=0 block_r=0 block_c=-1 t0_us=2285303858003 t1_us=2285303858006 dur_us=2
FIG8_ATTENTION_EVENT mode=scna-int8 phase=measure iteration=5 component=q_load component_id=1 lut_exp=0 qo_len=4 kv_len=4096 n_heads=12 n_kv_heads=2 head_dim=128 kv_head=1 worker=0 block_r=0 block_c=-1 t0_us=2285303858052 t1_us=2285303858054 dur_us=1
FIG8_ATTENTION_EVENT mode=scna-int8 phase=measure iteration=5 component=k_load component_id=2 lut_exp=0 qo_len=4 kv_len=4096 n_heads=12 n_kv_heads=2 head_dim=128 kv_head=1 worker=0 block_r=0 block_c=0 t0_us=2285303858055 t1_us=2285303858204 dur_us=149
FIG8_ATTENTION_EVENT mode=scna-int8 phase=measure iteration=5 component=qk_dot component_id=4 lut_exp=0 qo_len=4 kv_len=4096 n_heads=12 n_kv_heads=2 head_dim=128 kv_head=1 worker=0 block_r=0 block_c=0 t0_us=2285303858205 t1_us=2285303858207 dur_us=2
FIG8_ATTENTION_EVENT mode=scna-int8 phase=measure iteration=5 component=safe_sm component_id=5 lut_exp=0 qo_len=4 kv_len=4096 n_heads=12 n_kv_heads=2 head_dim=128 kv_head=1 worker=0 block_r=0 block_c=0 t0_us=2285303858207 t1_us=2285303858335 dur_us=127
FIG8_ATTENTION_EVENT mode=scna-int8 phase=measure iteration=5 component=v_load component_id=3 lut_exp=0 qo_len=4 kv_len=4096 n_heads=12 n_kv_heads=2 head_dim=128 kv_head=1 worker=0 block_r=0 block_c=0 t0_us=2285303858335 t1_us=2285303858466 dur_us=130
FIG8_ATTENTION_EVENT mode=scna-int8 phase=measure iteration=5 component=core_acc component_id=6 lut_exp=0 qo_len=4 kv_len=4096 n_heads=12 n_kv_heads=2 head_dim=128 kv_head=1 worker=0 block_r=0 block_c=0 t0_us=2285303858466 t1_us=2285303858468 dur_us=1
FIG8_ATTENTION_EVENT mode=scna-int8 phase=measure iteration=5 component=o_scale component_id=7 lut_exp=0 qo_len=4 kv_len=4096 n_heads=12 n_kv_heads=2 head_dim=128 kv_head=1 worker=0 block_r=0 block_c=-1 t0_us=2285303858468 t1_us=2285303858469 dur_us=0
FIG8_ATTENTION_EVENT mode=scna-int8 phase=measure iteration=5 component=o_store component_id=8 lut_exp=0 qo_len=4 kv_len=4096 n_heads=12 n_kv_heads=2 head_dim=128 kv_head=1 worker=0 block_r=0 block_c=-1 t0_us=2285303858469 t1_us=2285303858471 dur_us=2
FIG8_ATTENTION_HOST_TIMING mode=scna-int8 qo_len=4 kv_len=4096 n_heads=12 n_kv_heads=2 head_dim=128 phase=measure iteration=6 host_elapsed_us=1183 ret=0
FIG8_ATTENTION_PROFILE_COUNT mode=scna-int8 qo_len=4 phase=measure iteration=6 records=2 max_records=10
FIG8_ATTENTION_TIMERS mode=scna-int8 phase=measure iteration=6 lut_exp=0 nonlinear_mode=2 scna_width=16 scna_exp=109 qo_len=4 kv_len=4096 n_heads=12 n_kv_heads=2 head_dim=128 kv_head=0 worker=0 profiled_total=409 q_load=1 k_load=135 v_load=138 qk_dot=2 safe_sm=129 core_acc=2 o_scale=0 o_store=2
FIG8_ATTENTION_TIMERS mode=scna-int8 phase=measure iteration=6 lut_exp=0 nonlinear_mode=2 scna_width=16 scna_exp=110 qo_len=4 kv_len=4096 n_heads=12 n_kv_heads=2 head_dim=128 kv_head=1 worker=0 profiled_total=465 q_load=1 k_load=164 v_load=164 qk_dot=2 safe_sm=131 core_acc=1 o_scale=0 o_store=2
FIG8_ATTENTION_EVENT_COUNT mode=scna-int8 qo_len=4 phase=measure iteration=6 events=16 max_events=3224 overflow=0
FIG8_ATTENTION_EVENT mode=scna-int8 phase=measure iteration=6 component=q_load component_id=1 lut_exp=0 qo_len=4 kv_len=4096 n_heads=12 n_kv_heads=2 head_dim=128 kv_head=0 worker=0 block_r=0 block_c=-1 t0_us=2285303858732 t1_us=2285303858734 dur_us=1
FIG8_ATTENTION_EVENT mode=scna-int8 phase=measure iteration=6 component=k_load component_id=2 lut_exp=0 qo_len=4 kv_len=4096 n_heads=12 n_kv_heads=2 head_dim=128 kv_head=0 worker=0 block_r=0 block_c=0 t0_us=2285303858735 t1_us=2285303858870 dur_us=135
FIG8_ATTENTION_EVENT mode=scna-int8 phase=measure iteration=6 component=qk_dot component_id=4 lut_exp=0 qo_len=4 kv_len=4096 n_heads=12 n_kv_heads=2 head_dim=128 kv_head=0 worker=0 block_r=0 block_c=0 t0_us=2285303858870 t1_us=2285303858873 dur_us=2
FIG8_ATTENTION_EVENT mode=scna-int8 phase=measure iteration=6 component=safe_sm component_id=5 lut_exp=0 qo_len=4 kv_len=4096 n_heads=12 n_kv_heads=2 head_dim=128 kv_head=0 worker=0 block_r=0 block_c=0 t0_us=2285303858874 t1_us=2285303859003 dur_us=129
FIG8_ATTENTION_EVENT mode=scna-int8 phase=measure iteration=6 component=v_load component_id=3 lut_exp=0 qo_len=4 kv_len=4096 n_heads=12 n_kv_heads=2 head_dim=128 kv_head=0 worker=0 block_r=0 block_c=0 t0_us=2285303859004 t1_us=2285303859143 dur_us=138
FIG8_ATTENTION_EVENT mode=scna-int8 phase=measure iteration=6 component=core_acc component_id=6 lut_exp=0 qo_len=4 kv_len=4096 n_heads=12 n_kv_heads=2 head_dim=128 kv_head=0 worker=0 block_r=0 block_c=0 t0_us=2285303859143 t1_us=2285303859145 dur_us=2
FIG8_ATTENTION_EVENT mode=scna-int8 phase=measure iteration=6 component=o_scale component_id=7 lut_exp=0 qo_len=4 kv_len=4096 n_heads=12 n_kv_heads=2 head_dim=128 kv_head=0 worker=0 block_r=0 block_c=-1 t0_us=2285303859145 t1_us=2285303859146 dur_us=0
FIG8_ATTENTION_EVENT mode=scna-int8 phase=measure iteration=6 component=o_store component_id=8 lut_exp=0 qo_len=4 kv_len=4096 n_heads=12 n_kv_heads=2 head_dim=128 kv_head=0 worker=0 block_r=0 block_c=-1 t0_us=2285303859146 t1_us=2285303859149 dur_us=2
FIG8_ATTENTION_EVENT mode=scna-int8 phase=measure iteration=6 component=q_load component_id=1 lut_exp=0 qo_len=4 kv_len=4096 n_heads=12 n_kv_heads=2 head_dim=128 kv_head=1 worker=0 block_r=0 block_c=-1 t0_us=2285303859193 t1_us=2285303859195 dur_us=1
FIG8_ATTENTION_EVENT mode=scna-int8 phase=measure iteration=6 component=k_load component_id=2 lut_exp=0 qo_len=4 kv_len=4096 n_heads=12 n_kv_heads=2 head_dim=128 kv_head=1 worker=0 block_r=0 block_c=0 t0_us=2285303859196 t1_us=2285303859361 dur_us=164
FIG8_ATTENTION_EVENT mode=scna-int8 phase=measure iteration=6 component=qk_dot component_id=4 lut_exp=0 qo_len=4 kv_len=4096 n_heads=12 n_kv_heads=2 head_dim=128 kv_head=1 worker=0 block_r=0 block_c=0 t0_us=2285303859361 t1_us=2285303859364 dur_us=2
FIG8_ATTENTION_EVENT mode=scna-int8 phase=measure iteration=6 component=safe_sm component_id=5 lut_exp=0 qo_len=4 kv_len=4096 n_heads=12 n_kv_heads=2 head_dim=128 kv_head=1 worker=0 block_r=0 block_c=0 t0_us=2285303859364 t1_us=2285303859495 dur_us=131
FIG8_ATTENTION_EVENT mode=scna-int8 phase=measure iteration=6 component=v_load component_id=3 lut_exp=0 qo_len=4 kv_len=4096 n_heads=12 n_kv_heads=2 head_dim=128 kv_head=1 worker=0 block_r=0 block_c=0 t0_us=2285303859495 t1_us=2285303859660 dur_us=164
FIG8_ATTENTION_EVENT mode=scna-int8 phase=measure iteration=6 component=core_acc component_id=6 lut_exp=0 qo_len=4 kv_len=4096 n_heads=12 n_kv_heads=2 head_dim=128 kv_head=1 worker=0 block_r=0 block_c=0 t0_us=2285303859660 t1_us=2285303859662 dur_us=1
FIG8_ATTENTION_EVENT mode=scna-int8 phase=measure iteration=6 component=o_scale component_id=7 lut_exp=0 qo_len=4 kv_len=4096 n_heads=12 n_kv_heads=2 head_dim=128 kv_head=1 worker=0 block_r=0 block_c=-1 t0_us=2285303859663 t1_us=2285303859663 dur_us=0
FIG8_ATTENTION_EVENT mode=scna-int8 phase=measure iteration=6 component=o_store component_id=8 lut_exp=0 qo_len=4 kv_len=4096 n_heads=12 n_kv_heads=2 head_dim=128 kv_head=1 worker=0 block_r=0 block_c=-1 t0_us=2285303859663 t1_us=2285303859666 dur_us=2
FIG8_ATTENTION_HOST_TIMING mode=scna-int8 qo_len=4 kv_len=4096 n_heads=12 n_kv_heads=2 head_dim=128 phase=measure iteration=7 host_elapsed_us=1162 ret=0
FIG8_ATTENTION_PROFILE_COUNT mode=scna-int8 qo_len=4 phase=measure iteration=7 records=2 max_records=10
FIG8_ATTENTION_TIMERS mode=scna-int8 phase=measure iteration=7 lut_exp=0 nonlinear_mode=2 scna_width=16 scna_exp=110 qo_len=4 kv_len=4096 n_heads=12 n_kv_heads=2 head_dim=128 kv_head=0 worker=0 profiled_total=461 q_load=1 k_load=181 v_load=142 qk_dot=2 safe_sm=130 core_acc=2 o_scale=0 o_store=3
FIG8_ATTENTION_TIMERS mode=scna-int8 phase=measure iteration=7 lut_exp=0 nonlinear_mode=2 scna_width=16 scna_exp=110 qo_len=4 kv_len=4096 n_heads=12 n_kv_heads=2 head_dim=128 kv_head=1 worker=0 profiled_total=442 q_load=1 k_load=166 v_load=140 qk_dot=2 safe_sm=130 core_acc=1 o_scale=0 o_store=2
FIG8_ATTENTION_EVENT_COUNT mode=scna-int8 qo_len=4 phase=measure iteration=7 events=16 max_events=3224 overflow=0
FIG8_ATTENTION_EVENT mode=scna-int8 phase=measure iteration=7 component=q_load component_id=1 lut_exp=0 qo_len=4 kv_len=4096 n_heads=12 n_kv_heads=2 head_dim=128 kv_head=0 worker=0 block_r=0 block_c=-1 t0_us=2285303860069 t1_us=2285303860071 dur_us=1
FIG8_ATTENTION_EVENT mode=scna-int8 phase=measure iteration=7 component=k_load component_id=2 lut_exp=0 qo_len=4 kv_len=4096 n_heads=12 n_kv_heads=2 head_dim=128 kv_head=0 worker=0 block_r=0 block_c=0 t0_us=2285303860072 t1_us=2285303860254 dur_us=181
FIG8_ATTENTION_EVENT mode=scna-int8 phase=measure iteration=7 component=qk_dot component_id=4 lut_exp=0 qo_len=4 kv_len=4096 n_heads=12 n_kv_heads=2 head_dim=128 kv_head=0 worker=0 block_r=0 block_c=0 t0_us=2285303860254 t1_us=2285303860256 dur_us=2
FIG8_ATTENTION_EVENT mode=scna-int8 phase=measure iteration=7 component=safe_sm component_id=5 lut_exp=0 qo_len=4 kv_len=4096 n_heads=12 n_kv_heads=2 head_dim=128 kv_head=0 worker=0 block_r=0 block_c=0 t0_us=2285303860256 t1_us=2285303860387 dur_us=130
FIG8_ATTENTION_EVENT mode=scna-int8 phase=measure iteration=7 component=v_load component_id=3 lut_exp=0 qo_len=4 kv_len=4096 n_heads=12 n_kv_heads=2 head_dim=128 kv_head=0 worker=0 block_r=0 block_c=0 t0_us=2285303860388 t1_us=2285303860530 dur_us=142
FIG8_ATTENTION_EVENT mode=scna-int8 phase=measure iteration=7 component=core_acc component_id=6 lut_exp=0 qo_len=4 kv_len=4096 n_heads=12 n_kv_heads=2 head_dim=128 kv_head=0 worker=0 block_r=0 block_c=0 t0_us=2285303860531 t1_us=2285303860533 dur_us=2
FIG8_ATTENTION_EVENT mode=scna-int8 phase=measure iteration=7 component=o_scale component_id=7 lut_exp=0 qo_len=4 kv_len=4096 n_heads=12 n_kv_heads=2 head_dim=128 kv_head=0 worker=0 block_r=0 block_c=-1 t0_us=2285303860533 t1_us=2285303860534 dur_us=0
FIG8_ATTENTION_EVENT mode=scna-int8 phase=measure iteration=7 component=o_store component_id=8 lut_exp=0 qo_len=4 kv_len=4096 n_heads=12 n_kv_heads=2 head_dim=128 kv_head=0 worker=0 block_r=0 block_c=-1 t0_us=2285303860534 t1_us=2285303860537 dur_us=3
FIG8_ATTENTION_EVENT mode=scna-int8 phase=measure iteration=7 component=q_load component_id=1 lut_exp=0 qo_len=4 kv_len=4096 n_heads=12 n_kv_heads=2 head_dim=128 kv_head=1 worker=0 block_r=0 block_c=-1 t0_us=2285303860582 t1_us=2285303860584 dur_us=1
FIG8_ATTENTION_EVENT mode=scna-int8 phase=measure iteration=7 component=k_load component_id=2 lut_exp=0 qo_len=4 kv_len=4096 n_heads=12 n_kv_heads=2 head_dim=128 kv_head=1 worker=0 block_r=0 block_c=0 t0_us=2285303860585 t1_us=2285303860752 dur_us=166
FIG8_ATTENTION_EVENT mode=scna-int8 phase=measure iteration=7 component=qk_dot component_id=4 lut_exp=0 qo_len=4 kv_len=4096 n_heads=12 n_kv_heads=2 head_dim=128 kv_head=1 worker=0 block_r=0 block_c=0 t0_us=2285303860752 t1_us=2285303860754 dur_us=2
FIG8_ATTENTION_EVENT mode=scna-int8 phase=measure iteration=7 component=safe_sm component_id=5 lut_exp=0 qo_len=4 kv_len=4096 n_heads=12 n_kv_heads=2 head_dim=128 kv_head=1 worker=0 block_r=0 block_c=0 t0_us=2285303860755 t1_us=2285303860885 dur_us=130
FIG8_ATTENTION_EVENT mode=scna-int8 phase=measure iteration=7 component=v_load component_id=3 lut_exp=0 qo_len=4 kv_len=4096 n_heads=12 n_kv_heads=2 head_dim=128 kv_head=1 worker=0 block_r=0 block_c=0 t0_us=2285303860885 t1_us=2285303861026 dur_us=140
FIG8_ATTENTION_EVENT mode=scna-int8 phase=measure iteration=7 component=core_acc component_id=6 lut_exp=0 qo_len=4 kv_len=4096 n_heads=12 n_kv_heads=2 head_dim=128 kv_head=1 worker=0 block_r=0 block_c=0 t0_us=2285303861027 t1_us=2285303861028 dur_us=1
FIG8_ATTENTION_EVENT mode=scna-int8 phase=measure iteration=7 component=o_scale component_id=7 lut_exp=0 qo_len=4 kv_len=4096 n_heads=12 n_kv_heads=2 head_dim=128 kv_head=1 worker=0 block_r=0 block_c=-1 t0_us=2285303861029 t1_us=2285303861029 dur_us=0
FIG8_ATTENTION_EVENT mode=scna-int8 phase=measure iteration=7 component=o_store component_id=8 lut_exp=0 qo_len=4 kv_len=4096 n_heads=12 n_kv_heads=2 head_dim=128 kv_head=1 worker=0 block_r=0 block_c=-1 t0_us=2285303861030 t1_us=2285303861032 dur_us=2
FIG8_ATTENTION_HOST_TIMING mode=scna-int8 qo_len=4 kv_len=4096 n_heads=12 n_kv_heads=2 head_dim=128 phase=measure iteration=8 host_elapsed_us=1234 ret=0
FIG8_ATTENTION_PROFILE_COUNT mode=scna-int8 qo_len=4 phase=measure iteration=8 records=2 max_records=10
FIG8_ATTENTION_TIMERS mode=scna-int8 phase=measure iteration=8 lut_exp=0 nonlinear_mode=2 scna_width=16 scna_exp=109 qo_len=4 kv_len=4096 n_heads=12 n_kv_heads=2 head_dim=128 kv_head=0 worker=0 profiled_total=435 q_load=1 k_load=156 v_load=141 qk_dot=2 safe_sm=131 core_acc=2 o_scale=0 o_store=2
FIG8_ATTENTION_TIMERS mode=scna-int8 phase=measure iteration=8 lut_exp=0 nonlinear_mode=2 scna_width=16 scna_exp=109 qo_len=4 kv_len=4096 n_heads=12 n_kv_heads=2 head_dim=128 kv_head=1 worker=0 profiled_total=453 q_load=1 k_load=170 v_load=144 qk_dot=2 safe_sm=133 core_acc=1 o_scale=0 o_store=2
FIG8_ATTENTION_EVENT_COUNT mode=scna-int8 qo_len=4 phase=measure iteration=8 events=16 max_events=3224 overflow=0
FIG8_ATTENTION_EVENT mode=scna-int8 phase=measure iteration=8 component=q_load component_id=1 lut_exp=0 qo_len=4 kv_len=4096 n_heads=12 n_kv_heads=2 head_dim=128 kv_head=0 worker=0 block_r=0 block_c=-1 t0_us=2285303861458 t1_us=2285303861460 dur_us=1
FIG8_ATTENTION_EVENT mode=scna-int8 phase=measure iteration=8 component=k_load component_id=2 lut_exp=0 qo_len=4 kv_len=4096 n_heads=12 n_kv_heads=2 head_dim=128 kv_head=0 worker=0 block_r=0 block_c=0 t0_us=2285303861461 t1_us=2285303861618 dur_us=156
FIG8_ATTENTION_EVENT mode=scna-int8 phase=measure iteration=8 component=qk_dot component_id=4 lut_exp=0 qo_len=4 kv_len=4096 n_heads=12 n_kv_heads=2 head_dim=128 kv_head=0 worker=0 block_r=0 block_c=0 t0_us=2285303861618 t1_us=2285303861621 dur_us=2
FIG8_ATTENTION_EVENT mode=scna-int8 phase=measure iteration=8 component=safe_sm component_id=5 lut_exp=0 qo_len=4 kv_len=4096 n_heads=12 n_kv_heads=2 head_dim=128 kv_head=0 worker=0 block_r=0 block_c=0 t0_us=2285303861621 t1_us=2285303861753 dur_us=131
FIG8_ATTENTION_EVENT mode=scna-int8 phase=measure iteration=8 component=v_load component_id=3 lut_exp=0 qo_len=4 kv_len=4096 n_heads=12 n_kv_heads=2 head_dim=128 kv_head=0 worker=0 block_r=0 block_c=0 t0_us=2285303861753 t1_us=2285303861894 dur_us=141
FIG8_ATTENTION_EVENT mode=scna-int8 phase=measure iteration=8 component=core_acc component_id=6 lut_exp=0 qo_len=4 kv_len=4096 n_heads=12 n_kv_heads=2 head_dim=128 kv_head=0 worker=0 block_r=0 block_c=0 t0_us=2285303861895 t1_us=2285303861897 dur_us=2
FIG8_ATTENTION_EVENT mode=scna-int8 phase=measure iteration=8 component=o_scale component_id=7 lut_exp=0 qo_len=4 kv_len=4096 n_heads=12 n_kv_heads=2 head_dim=128 kv_head=0 worker=0 block_r=0 block_c=-1 t0_us=2285303861897 t1_us=2285303861898 dur_us=0
FIG8_ATTENTION_EVENT mode=scna-int8 phase=measure iteration=8 component=o_store component_id=8 lut_exp=0 qo_len=4 kv_len=4096 n_heads=12 n_kv_heads=2 head_dim=128 kv_head=0 worker=0 block_r=0 block_c=-1 t0_us=2285303861898 t1_us=2285303861900 dur_us=2
FIG8_ATTENTION_EVENT mode=scna-int8 phase=measure iteration=8 component=q_load component_id=1 lut_exp=0 qo_len=4 kv_len=4096 n_heads=12 n_kv_heads=2 head_dim=128 kv_head=1 worker=0 block_r=0 block_c=-1 t0_us=2285303861946 t1_us=2285303861948 dur_us=1
FIG8_ATTENTION_EVENT mode=scna-int8 phase=measure iteration=8 component=k_load component_id=2 lut_exp=0 qo_len=4 kv_len=4096 n_heads=12 n_kv_heads=2 head_dim=128 kv_head=1 worker=0 block_r=0 block_c=0 t0_us=2285303861949 t1_us=2285303862119 dur_us=170
FIG8_ATTENTION_EVENT mode=scna-int8 phase=measure iteration=8 component=qk_dot component_id=4 lut_exp=0 qo_len=4 kv_len=4096 n_heads=12 n_kv_heads=2 head_dim=128 kv_head=1 worker=0 block_r=0 block_c=0 t0_us=2285303862120 t1_us=2285303862122 dur_us=2
FIG8_ATTENTION_EVENT mode=scna-int8 phase=measure iteration=8 component=safe_sm component_id=5 lut_exp=0 qo_len=4 kv_len=4096 n_heads=12 n_kv_heads=2 head_dim=128 kv_head=1 worker=0 block_r=0 block_c=0 t0_us=2285303862122 t1_us=2285303862256 dur_us=133
FIG8_ATTENTION_EVENT mode=scna-int8 phase=measure iteration=8 component=v_load component_id=3 lut_exp=0 qo_len=4 kv_len=4096 n_heads=12 n_kv_heads=2 head_dim=128 kv_head=1 worker=0 block_r=0 block_c=0 t0_us=2285303862256 t1_us=2285303862400 dur_us=144
FIG8_ATTENTION_EVENT mode=scna-int8 phase=measure iteration=8 component=core_acc component_id=6 lut_exp=0 qo_len=4 kv_len=4096 n_heads=12 n_kv_heads=2 head_dim=128 kv_head=1 worker=0 block_r=0 block_c=0 t0_us=2285303862400 t1_us=2285303862402 dur_us=1
FIG8_ATTENTION_EVENT mode=scna-int8 phase=measure iteration=8 component=o_scale component_id=7 lut_exp=0 qo_len=4 kv_len=4096 n_heads=12 n_kv_heads=2 head_dim=128 kv_head=1 worker=0 block_r=0 block_c=-1 t0_us=2285303862403 t1_us=2285303862403 dur_us=0
FIG8_ATTENTION_EVENT mode=scna-int8 phase=measure iteration=8 component=o_store component_id=8 lut_exp=0 qo_len=4 kv_len=4096 n_heads=12 n_kv_heads=2 head_dim=128 kv_head=1 worker=0 block_r=0 block_c=-1 t0_us=2285303862404 t1_us=2285303862406 dur_us=2
FIG8_ATTENTION_HOST_TIMING mode=scna-int8 qo_len=4 kv_len=4096 n_heads=12 n_kv_heads=2 head_dim=128 phase=measure iteration=9 host_elapsed_us=1204 ret=0
FIG8_ATTENTION_PROFILE_COUNT mode=scna-int8 qo_len=4 phase=measure iteration=9 records=2 max_records=10
FIG8_ATTENTION_TIMERS mode=scna-int8 phase=measure iteration=9 lut_exp=0 nonlinear_mode=2 scna_width=16 scna_exp=110 qo_len=4 kv_len=4096 n_heads=12 n_kv_heads=2 head_dim=128 kv_head=0 worker=0 profiled_total=444 q_load=1 k_load=156 v_load=149 qk_dot=2 safe_sm=132 core_acc=2 o_scale=0 o_store=2
FIG8_ATTENTION_TIMERS mode=scna-int8 phase=measure iteration=9 lut_exp=0 nonlinear_mode=2 scna_width=16 scna_exp=110 qo_len=4 kv_len=4096 n_heads=12 n_kv_heads=2 head_dim=128 kv_head=1 worker=0 profiled_total=478 q_load=1 k_load=181 v_load=159 qk_dot=2 safe_sm=132 core_acc=1 o_scale=0 o_store=2
FIG8_ATTENTION_EVENT_COUNT mode=scna-int8 qo_len=4 phase=measure iteration=9 events=16 max_events=3224 overflow=0
FIG8_ATTENTION_EVENT mode=scna-int8 phase=measure iteration=9 component=q_load component_id=1 lut_exp=0 qo_len=4 kv_len=4096 n_heads=12 n_kv_heads=2 head_dim=128 kv_head=0 worker=0 block_r=0 block_c=-1 t0_us=2285303862852 t1_us=2285303862854 dur_us=1
FIG8_ATTENTION_EVENT mode=scna-int8 phase=measure iteration=9 component=k_load component_id=2 lut_exp=0 qo_len=4 kv_len=4096 n_heads=12 n_kv_heads=2 head_dim=128 kv_head=0 worker=0 block_r=0 block_c=0 t0_us=2285303862855 t1_us=2285303863012 dur_us=156
FIG8_ATTENTION_EVENT mode=scna-int8 phase=measure iteration=9 component=qk_dot component_id=4 lut_exp=0 qo_len=4 kv_len=4096 n_heads=12 n_kv_heads=2 head_dim=128 kv_head=0 worker=0 block_r=0 block_c=0 t0_us=2285303863012 t1_us=2285303863014 dur_us=2
FIG8_ATTENTION_EVENT mode=scna-int8 phase=measure iteration=9 component=safe_sm component_id=5 lut_exp=0 qo_len=4 kv_len=4096 n_heads=12 n_kv_heads=2 head_dim=128 kv_head=0 worker=0 block_r=0 block_c=0 t0_us=2285303863014 t1_us=2285303863147 dur_us=132
FIG8_ATTENTION_EVENT mode=scna-int8 phase=measure iteration=9 component=v_load component_id=3 lut_exp=0 qo_len=4 kv_len=4096 n_heads=12 n_kv_heads=2 head_dim=128 kv_head=0 worker=0 block_r=0 block_c=0 t0_us=2285303863147 t1_us=2285303863296 dur_us=149
FIG8_ATTENTION_EVENT mode=scna-int8 phase=measure iteration=9 component=core_acc component_id=6 lut_exp=0 qo_len=4 kv_len=4096 n_heads=12 n_kv_heads=2 head_dim=128 kv_head=0 worker=0 block_r=0 block_c=0 t0_us=2285303863296 t1_us=2285303863299 dur_us=2
FIG8_ATTENTION_EVENT mode=scna-int8 phase=measure iteration=9 component=o_scale component_id=7 lut_exp=0 qo_len=4 kv_len=4096 n_heads=12 n_kv_heads=2 head_dim=128 kv_head=0 worker=0 block_r=0 block_c=-1 t0_us=2285303863299 t1_us=2285303863300 dur_us=0
FIG8_ATTENTION_EVENT mode=scna-int8 phase=measure iteration=9 component=o_store component_id=8 lut_exp=0 qo_len=4 kv_len=4096 n_heads=12 n_kv_heads=2 head_dim=128 kv_head=0 worker=0 block_r=0 block_c=-1 t0_us=2285303863300 t1_us=2285303863303 dur_us=2
FIG8_ATTENTION_EVENT mode=scna-int8 phase=measure iteration=9 component=q_load component_id=1 lut_exp=0 qo_len=4 kv_len=4096 n_heads=12 n_kv_heads=2 head_dim=128 kv_head=1 worker=0 block_r=0 block_c=-1 t0_us=2285303863347 t1_us=2285303863349 dur_us=1
FIG8_ATTENTION_EVENT mode=scna-int8 phase=measure iteration=9 component=k_load component_id=2 lut_exp=0 qo_len=4 kv_len=4096 n_heads=12 n_kv_heads=2 head_dim=128 kv_head=1 worker=0 block_r=0 block_c=0 t0_us=2285303863350 t1_us=2285303863531 dur_us=181
FIG8_ATTENTION_EVENT mode=scna-int8 phase=measure iteration=9 component=qk_dot component_id=4 lut_exp=0 qo_len=4 kv_len=4096 n_heads=12 n_kv_heads=2 head_dim=128 kv_head=1 worker=0 block_r=0 block_c=0 t0_us=2285303863532 t1_us=2285303863534 dur_us=2
FIG8_ATTENTION_EVENT mode=scna-int8 phase=measure iteration=9 component=safe_sm component_id=5 lut_exp=0 qo_len=4 kv_len=4096 n_heads=12 n_kv_heads=2 head_dim=128 kv_head=1 worker=0 block_r=0 block_c=0 t0_us=2285303863534 t1_us=2285303863667 dur_us=132
FIG8_ATTENTION_EVENT mode=scna-int8 phase=measure iteration=9 component=v_load component_id=3 lut_exp=0 qo_len=4 kv_len=4096 n_heads=12 n_kv_heads=2 head_dim=128 kv_head=1 worker=0 block_r=0 block_c=0 t0_us=2285303863667 t1_us=2285303863826 dur_us=159
FIG8_ATTENTION_EVENT mode=scna-int8 phase=measure iteration=9 component=core_acc component_id=6 lut_exp=0 qo_len=4 kv_len=4096 n_heads=12 n_kv_heads=2 head_dim=128 kv_head=1 worker=0 block_r=0 block_c=0 t0_us=2285303863827 t1_us=2285303863829 dur_us=1
FIG8_ATTENTION_EVENT mode=scna-int8 phase=measure iteration=9 component=o_scale component_id=7 lut_exp=0 qo_len=4 kv_len=4096 n_heads=12 n_kv_heads=2 head_dim=128 kv_head=1 worker=0 block_r=0 block_c=-1 t0_us=2285303863829 t1_us=2285303863830 dur_us=0
FIG8_ATTENTION_EVENT mode=scna-int8 phase=measure iteration=9 component=o_store component_id=8 lut_exp=0 qo_len=4 kv_len=4096 n_heads=12 n_kv_heads=2 head_dim=128 kv_head=1 worker=0 block_r=0 block_c=-1 t0_us=2285303863830 t1_us=2285303863833 dur_us=2
FIG8_ATTENTION_HOST_TIMING mode=scna-int8 qo_len=4 kv_len=4096 n_heads=12 n_kv_heads=2 head_dim=128 phase=measure iteration=10 host_elapsed_us=1151 ret=0
FIG8_ATTENTION_PROFILE_COUNT mode=scna-int8 qo_len=4 phase=measure iteration=10 records=2 max_records=10
FIG8_ATTENTION_TIMERS mode=scna-int8 phase=measure iteration=10 lut_exp=0 nonlinear_mode=2 scna_width=16 scna_exp=110 qo_len=4 kv_len=4096 n_heads=12 n_kv_heads=2 head_dim=128 kv_head=0 worker=0 profiled_total=442 q_load=1 k_load=155 v_load=149 qk_dot=2 safe_sm=131 core_acc=2 o_scale=0 o_store=2
FIG8_ATTENTION_TIMERS mode=scna-int8 phase=measure iteration=10 lut_exp=0 nonlinear_mode=2 scna_width=16 scna_exp=110 qo_len=4 kv_len=4096 n_heads=12 n_kv_heads=2 head_dim=128 kv_head=1 worker=0 profiled_total=462 q_load=1 k_load=170 v_load=155 qk_dot=2 safe_sm=131 core_acc=1 o_scale=0 o_store=2
FIG8_ATTENTION_EVENT_COUNT mode=scna-int8 qo_len=4 phase=measure iteration=10 events=16 max_events=3224 overflow=0
FIG8_ATTENTION_EVENT mode=scna-int8 phase=measure iteration=10 component=q_load component_id=1 lut_exp=0 qo_len=4 kv_len=4096 n_heads=12 n_kv_heads=2 head_dim=128 kv_head=0 worker=0 block_r=0 block_c=-1 t0_us=2285303864210 t1_us=2285303864212 dur_us=1
FIG8_ATTENTION_EVENT mode=scna-int8 phase=measure iteration=10 component=k_load component_id=2 lut_exp=0 qo_len=4 kv_len=4096 n_heads=12 n_kv_heads=2 head_dim=128 kv_head=0 worker=0 block_r=0 block_c=0 t0_us=2285303864213 t1_us=2285303864369 dur_us=155
FIG8_ATTENTION_EVENT mode=scna-int8 phase=measure iteration=10 component=qk_dot component_id=4 lut_exp=0 qo_len=4 kv_len=4096 n_heads=12 n_kv_heads=2 head_dim=128 kv_head=0 worker=0 block_r=0 block_c=0 t0_us=2285303864369 t1_us=2285303864371 dur_us=2
FIG8_ATTENTION_EVENT mode=scna-int8 phase=measure iteration=10 component=safe_sm component_id=5 lut_exp=0 qo_len=4 kv_len=4096 n_heads=12 n_kv_heads=2 head_dim=128 kv_head=0 worker=0 block_r=0 block_c=0 t0_us=2285303864372 t1_us=2285303864503 dur_us=131
FIG8_ATTENTION_EVENT mode=scna-int8 phase=measure iteration=10 component=v_load component_id=3 lut_exp=0 qo_len=4 kv_len=4096 n_heads=12 n_kv_heads=2 head_dim=128 kv_head=0 worker=0 block_r=0 block_c=0 t0_us=2285303864504 t1_us=2285303864653 dur_us=149
FIG8_ATTENTION_EVENT mode=scna-int8 phase=measure iteration=10 component=core_acc component_id=6 lut_exp=0 qo_len=4 kv_len=4096 n_heads=12 n_kv_heads=2 head_dim=128 kv_head=0 worker=0 block_r=0 block_c=0 t0_us=2285303864654 t1_us=2285303864656 dur_us=2
FIG8_ATTENTION_EVENT mode=scna-int8 phase=measure iteration=10 component=o_scale component_id=7 lut_exp=0 qo_len=4 kv_len=4096 n_heads=12 n_kv_heads=2 head_dim=128 kv_head=0 worker=0 block_r=0 block_c=-1 t0_us=2285303864656 t1_us=2285303864657 dur_us=0
FIG8_ATTENTION_EVENT mode=scna-int8 phase=measure iteration=10 component=o_store component_id=8 lut_exp=0 qo_len=4 kv_len=4096 n_heads=12 n_kv_heads=2 head_dim=128 kv_head=0 worker=0 block_r=0 block_c=-1 t0_us=2285303864657 t1_us=2285303864660 dur_us=2
FIG8_ATTENTION_EVENT mode=scna-int8 phase=measure iteration=10 component=q_load component_id=1 lut_exp=0 qo_len=4 kv_len=4096 n_heads=12 n_kv_heads=2 head_dim=128 kv_head=1 worker=0 block_r=0 block_c=-1 t0_us=2285303864706 t1_us=2285303864708 dur_us=1
FIG8_ATTENTION_EVENT mode=scna-int8 phase=measure iteration=10 component=k_load component_id=2 lut_exp=0 qo_len=4 kv_len=4096 n_heads=12 n_kv_heads=2 head_dim=128 kv_head=1 worker=0 block_r=0 block_c=0 t0_us=2285303864708 t1_us=2285303864879 dur_us=170
FIG8_ATTENTION_EVENT mode=scna-int8 phase=measure iteration=10 component=qk_dot component_id=4 lut_exp=0 qo_len=4 kv_len=4096 n_heads=12 n_kv_heads=2 head_dim=128 kv_head=1 worker=0 block_r=0 block_c=0 t0_us=2285303864880 t1_us=2285303864882 dur_us=2
FIG8_ATTENTION_EVENT mode=scna-int8 phase=measure iteration=10 component=safe_sm component_id=5 lut_exp=0 qo_len=4 kv_len=4096 n_heads=12 n_kv_heads=2 head_dim=128 kv_head=1 worker=0 block_r=0 block_c=0 t0_us=2285303864882 t1_us=2285303865014 dur_us=131
FIG8_ATTENTION_EVENT mode=scna-int8 phase=measure iteration=10 component=v_load component_id=3 lut_exp=0 qo_len=4 kv_len=4096 n_heads=12 n_kv_heads=2 head_dim=128 kv_head=1 worker=0 block_r=0 block_c=0 t0_us=2285303865014 t1_us=2285303865170 dur_us=155
FIG8_ATTENTION_EVENT mode=scna-int8 phase=measure iteration=10 component=core_acc component_id=6 lut_exp=0 qo_len=4 kv_len=4096 n_heads=12 n_kv_heads=2 head_dim=128 kv_head=1 worker=0 block_r=0 block_c=0 t0_us=2285303865170 t1_us=2285303865172 dur_us=1
FIG8_ATTENTION_EVENT mode=scna-int8 phase=measure iteration=10 component=o_scale component_id=7 lut_exp=0 qo_len=4 kv_len=4096 n_heads=12 n_kv_heads=2 head_dim=128 kv_head=1 worker=0 block_r=0 block_c=-1 t0_us=2285303865172 t1_us=2285303865173 dur_us=0
FIG8_ATTENTION_EVENT mode=scna-int8 phase=measure iteration=10 component=o_store component_id=8 lut_exp=0 qo_len=4 kv_len=4096 n_heads=12 n_kv_heads=2 head_dim=128 kv_head=1 worker=0 block_r=0 block_c=-1 t0_us=2285303865173 t1_us=2285303865176 dur_us=2
FIG8_ATTENTION_HOST_TIMING mode=scna-int8 qo_len=4 kv_len=4096 n_heads=12 n_kv_heads=2 head_dim=128 phase=measure iteration=11 host_elapsed_us=1176 ret=0
FIG8_ATTENTION_PROFILE_COUNT mode=scna-int8 qo_len=4 phase=measure iteration=11 records=2 max_records=10
FIG8_ATTENTION_TIMERS mode=scna-int8 phase=measure iteration=11 lut_exp=0 nonlinear_mode=2 scna_width=16 scna_exp=110 qo_len=4 kv_len=4096 n_heads=12 n_kv_heads=2 head_dim=128 kv_head=0 worker=0 profiled_total=441 q_load=1 k_load=157 v_load=145 qk_dot=2 safe_sm=132 core_acc=2 o_scale=0 o_store=2
FIG8_ATTENTION_TIMERS mode=scna-int8 phase=measure iteration=11 lut_exp=0 nonlinear_mode=2 scna_width=16 scna_exp=110 qo_len=4 kv_len=4096 n_heads=12 n_kv_heads=2 head_dim=128 kv_head=1 worker=0 profiled_total=467 q_load=1 k_load=184 v_load=145 qk_dot=2 safe_sm=132 core_acc=1 o_scale=0 o_store=2
FIG8_ATTENTION_EVENT_COUNT mode=scna-int8 qo_len=4 phase=measure iteration=11 events=16 max_events=3224 overflow=0
FIG8_ATTENTION_EVENT mode=scna-int8 phase=measure iteration=11 component=q_load component_id=1 lut_exp=0 qo_len=4 kv_len=4096 n_heads=12 n_kv_heads=2 head_dim=128 kv_head=0 worker=0 block_r=0 block_c=-1 t0_us=2285303865518 t1_us=2285303865519 dur_us=1
FIG8_ATTENTION_EVENT mode=scna-int8 phase=measure iteration=11 component=k_load component_id=2 lut_exp=0 qo_len=4 kv_len=4096 n_heads=12 n_kv_heads=2 head_dim=128 kv_head=0 worker=0 block_r=0 block_c=0 t0_us=2285303865520 t1_us=2285303865678 dur_us=157
FIG8_ATTENTION_EVENT mode=scna-int8 phase=measure iteration=11 component=qk_dot component_id=4 lut_exp=0 qo_len=4 kv_len=4096 n_heads=12 n_kv_heads=2 head_dim=128 kv_head=0 worker=0 block_r=0 block_c=0 t0_us=2285303865678 t1_us=2285303865680 dur_us=2
FIG8_ATTENTION_EVENT mode=scna-int8 phase=measure iteration=11 component=safe_sm component_id=5 lut_exp=0 qo_len=4 kv_len=4096 n_heads=12 n_kv_heads=2 head_dim=128 kv_head=0 worker=0 block_r=0 block_c=0 t0_us=2285303865680 t1_us=2285303865812 dur_us=132
FIG8_ATTENTION_EVENT mode=scna-int8 phase=measure iteration=11 component=v_load component_id=3 lut_exp=0 qo_len=4 kv_len=4096 n_heads=12 n_kv_heads=2 head_dim=128 kv_head=0 worker=0 block_r=0 block_c=0 t0_us=2285303865813 t1_us=2285303865958 dur_us=145
FIG8_ATTENTION_EVENT mode=scna-int8 phase=measure iteration=11 component=core_acc component_id=6 lut_exp=0 qo_len=4 kv_len=4096 n_heads=12 n_kv_heads=2 head_dim=128 kv_head=0 worker=0 block_r=0 block_c=0 t0_us=2285303865959 t1_us=2285303865961 dur_us=2
FIG8_ATTENTION_EVENT mode=scna-int8 phase=measure iteration=11 component=o_scale component_id=7 lut_exp=0 qo_len=4 kv_len=4096 n_heads=12 n_kv_heads=2 head_dim=128 kv_head=0 worker=0 block_r=0 block_c=-1 t0_us=2285303865961 t1_us=2285303865962 dur_us=0
FIG8_ATTENTION_EVENT mode=scna-int8 phase=measure iteration=11 component=o_store component_id=8 lut_exp=0 qo_len=4 kv_len=4096 n_heads=12 n_kv_heads=2 head_dim=128 kv_head=0 worker=0 block_r=0 block_c=-1 t0_us=2285303865962 t1_us=2285303865965 dur_us=2
FIG8_ATTENTION_EVENT mode=scna-int8 phase=measure iteration=11 component=q_load component_id=1 lut_exp=0 qo_len=4 kv_len=4096 n_heads=12 n_kv_heads=2 head_dim=128 kv_head=1 worker=0 block_r=0 block_c=-1 t0_us=2285303866010 t1_us=2285303866012 dur_us=1
FIG8_ATTENTION_EVENT mode=scna-int8 phase=measure iteration=11 component=k_load component_id=2 lut_exp=0 qo_len=4 kv_len=4096 n_heads=12 n_kv_heads=2 head_dim=128 kv_head=1 worker=0 block_r=0 block_c=0 t0_us=2285303866013 t1_us=2285303866198 dur_us=184
FIG8_ATTENTION_EVENT mode=scna-int8 phase=measure iteration=11 component=qk_dot component_id=4 lut_exp=0 qo_len=4 kv_len=4096 n_heads=12 n_kv_heads=2 head_dim=128 kv_head=1 worker=0 block_r=0 block_c=0 t0_us=2285303866198 t1_us=2285303866200 dur_us=2
FIG8_ATTENTION_EVENT mode=scna-int8 phase=measure iteration=11 component=safe_sm component_id=5 lut_exp=0 qo_len=4 kv_len=4096 n_heads=12 n_kv_heads=2 head_dim=128 kv_head=1 worker=0 block_r=0 block_c=0 t0_us=2285303866201 t1_us=2285303866333 dur_us=132
FIG8_ATTENTION_EVENT mode=scna-int8 phase=measure iteration=11 component=v_load component_id=3 lut_exp=0 qo_len=4 kv_len=4096 n_heads=12 n_kv_heads=2 head_dim=128 kv_head=1 worker=0 block_r=0 block_c=0 t0_us=2285303866333 t1_us=2285303866478 dur_us=145
FIG8_ATTENTION_EVENT mode=scna-int8 phase=measure iteration=11 component=core_acc component_id=6 lut_exp=0 qo_len=4 kv_len=4096 n_heads=12 n_kv_heads=2 head_dim=128 kv_head=1 worker=0 block_r=0 block_c=0 t0_us=2285303866479 t1_us=2285303866480 dur_us=1
FIG8_ATTENTION_EVENT mode=scna-int8 phase=measure iteration=11 component=o_scale component_id=7 lut_exp=0 qo_len=4 kv_len=4096 n_heads=12 n_kv_heads=2 head_dim=128 kv_head=1 worker=0 block_r=0 block_c=-1 t0_us=2285303866481 t1_us=2285303866481 dur_us=0
FIG8_ATTENTION_EVENT mode=scna-int8 phase=measure iteration=11 component=o_store component_id=8 lut_exp=0 qo_len=4 kv_len=4096 n_heads=12 n_kv_heads=2 head_dim=128 kv_head=1 worker=0 block_r=0 block_c=-1 t0_us=2285303866482 t1_us=2285303866484 dur_us=2
FIG8_ATTENTION_HOST_TIMING mode=scna-int8 qo_len=4 kv_len=4096 n_heads=12 n_kv_heads=2 head_dim=128 phase=measure iteration=12 host_elapsed_us=1170 ret=0
FIG8_ATTENTION_PROFILE_COUNT mode=scna-int8 qo_len=4 phase=measure iteration=12 records=2 max_records=10
FIG8_ATTENTION_TIMERS mode=scna-int8 phase=measure iteration=12 lut_exp=0 nonlinear_mode=2 scna_width=16 scna_exp=110 qo_len=4 kv_len=4096 n_heads=12 n_kv_heads=2 head_dim=128 kv_head=0 worker=0 profiled_total=440 q_load=1 k_load=156 v_load=145 qk_dot=2 safe_sm=132 core_acc=2 o_scale=0 o_store=2
FIG8_ATTENTION_TIMERS mode=scna-int8 phase=measure iteration=12 lut_exp=0 nonlinear_mode=2 scna_width=16 scna_exp=110 qo_len=4 kv_len=4096 n_heads=12 n_kv_heads=2 head_dim=128 kv_head=1 worker=0 profiled_total=466 q_load=1 k_load=184 v_load=144 qk_dot=2 safe_sm=132 core_acc=1 o_scale=0 o_store=2
FIG8_ATTENTION_EVENT_COUNT mode=scna-int8 qo_len=4 phase=measure iteration=12 events=16 max_events=3224 overflow=0
FIG8_ATTENTION_EVENT mode=scna-int8 phase=measure iteration=12 component=q_load component_id=1 lut_exp=0 qo_len=4 kv_len=4096 n_heads=12 n_kv_heads=2 head_dim=128 kv_head=0 worker=0 block_r=0 block_c=-1 t0_us=2285303866846 t1_us=2285303866847 dur_us=1
FIG8_ATTENTION_EVENT mode=scna-int8 phase=measure iteration=12 component=k_load component_id=2 lut_exp=0 qo_len=4 kv_len=4096 n_heads=12 n_kv_heads=2 head_dim=128 kv_head=0 worker=0 block_r=0 block_c=0 t0_us=2285303866849 t1_us=2285303867005 dur_us=156
FIG8_ATTENTION_EVENT mode=scna-int8 phase=measure iteration=12 component=qk_dot component_id=4 lut_exp=0 qo_len=4 kv_len=4096 n_heads=12 n_kv_heads=2 head_dim=128 kv_head=0 worker=0 block_r=0 block_c=0 t0_us=2285303867005 t1_us=2285303867007 dur_us=2
FIG8_ATTENTION_EVENT mode=scna-int8 phase=measure iteration=12 component=safe_sm component_id=5 lut_exp=0 qo_len=4 kv_len=4096 n_heads=12 n_kv_heads=2 head_dim=128 kv_head=0 worker=0 block_r=0 block_c=0 t0_us=2285303867007 t1_us=2285303867140 dur_us=132
FIG8_ATTENTION_EVENT mode=scna-int8 phase=measure iteration=12 component=v_load component_id=3 lut_exp=0 qo_len=4 kv_len=4096 n_heads=12 n_kv_heads=2 head_dim=128 kv_head=0 worker=0 block_r=0 block_c=0 t0_us=2285303867140 t1_us=2285303867286 dur_us=145
FIG8_ATTENTION_EVENT mode=scna-int8 phase=measure iteration=12 component=core_acc component_id=6 lut_exp=0 qo_len=4 kv_len=4096 n_heads=12 n_kv_heads=2 head_dim=128 kv_head=0 worker=0 block_r=0 block_c=0 t0_us=2285303867286 t1_us=2285303867289 dur_us=2
FIG8_ATTENTION_EVENT mode=scna-int8 phase=measure iteration=12 component=o_scale component_id=7 lut_exp=0 qo_len=4 kv_len=4096 n_heads=12 n_kv_heads=2 head_dim=128 kv_head=0 worker=0 block_r=0 block_c=-1 t0_us=2285303867289 t1_us=2285303867289 dur_us=0
FIG8_ATTENTION_EVENT mode=scna-int8 phase=measure iteration=12 component=o_store component_id=8 lut_exp=0 qo_len=4 kv_len=4096 n_heads=12 n_kv_heads=2 head_dim=128 kv_head=0 worker=0 block_r=0 block_c=-1 t0_us=2285303867290 t1_us=2285303867292 dur_us=2
FIG8_ATTENTION_EVENT mode=scna-int8 phase=measure iteration=12 component=q_load component_id=1 lut_exp=0 qo_len=4 kv_len=4096 n_heads=12 n_kv_heads=2 head_dim=128 kv_head=1 worker=0 block_r=0 block_c=-1 t0_us=2285303867336 t1_us=2285303867338 dur_us=1
FIG8_ATTENTION_EVENT mode=scna-int8 phase=measure iteration=12 component=k_load component_id=2 lut_exp=0 qo_len=4 kv_len=4096 n_heads=12 n_kv_heads=2 head_dim=128 kv_head=1 worker=0 block_r=0 block_c=0 t0_us=2285303867339 t1_us=2285303867523 dur_us=184
FIG8_ATTENTION_EVENT mode=scna-int8 phase=measure iteration=12 component=qk_dot component_id=4 lut_exp=0 qo_len=4 kv_len=4096 n_heads=12 n_kv_heads=2 head_dim=128 kv_head=1 worker=0 block_r=0 block_c=0 t0_us=2285303867524 t1_us=2285303867526 dur_us=2
FIG8_ATTENTION_EVENT mode=scna-int8 phase=measure iteration=12 component=safe_sm component_id=5 lut_exp=0 qo_len=4 kv_len=4096 n_heads=12 n_kv_heads=2 head_dim=128 kv_head=1 worker=0 block_r=0 block_c=0 t0_us=2285303867526 t1_us=2285303867659 dur_us=132
FIG8_ATTENTION_EVENT mode=scna-int8 phase=measure iteration=12 component=v_load component_id=3 lut_exp=0 qo_len=4 kv_len=4096 n_heads=12 n_kv_heads=2 head_dim=128 kv_head=1 worker=0 block_r=0 block_c=0 t0_us=2285303867659 t1_us=2285303867803 dur_us=144
FIG8_ATTENTION_EVENT mode=scna-int8 phase=measure iteration=12 component=core_acc component_id=6 lut_exp=0 qo_len=4 kv_len=4096 n_heads=12 n_kv_heads=2 head_dim=128 kv_head=1 worker=0 block_r=0 block_c=0 t0_us=2285303867804 t1_us=2285303867806 dur_us=1
FIG8_ATTENTION_EVENT mode=scna-int8 phase=measure iteration=12 component=o_scale component_id=7 lut_exp=0 qo_len=4 kv_len=4096 n_heads=12 n_kv_heads=2 head_dim=128 kv_head=1 worker=0 block_r=0 block_c=-1 t0_us=2285303867806 t1_us=2285303867807 dur_us=0
FIG8_ATTENTION_EVENT mode=scna-int8 phase=measure iteration=12 component=o_store component_id=8 lut_exp=0 qo_len=4 kv_len=4096 n_heads=12 n_kv_heads=2 head_dim=128 kv_head=1 worker=0 block_r=0 block_c=-1 t0_us=2285303867807 t1_us=2285303867810 dur_us=2
FIG8_ATTENTION_HOST_TIMING mode=scna-int8 qo_len=4 kv_len=4096 n_heads=12 n_kv_heads=2 head_dim=128 phase=measure iteration=13 host_elapsed_us=1234 ret=0
FIG8_ATTENTION_PROFILE_COUNT mode=scna-int8 qo_len=4 phase=measure iteration=13 records=2 max_records=10
FIG8_ATTENTION_TIMERS mode=scna-int8 phase=measure iteration=13 lut_exp=0 nonlinear_mode=2 scna_width=16 scna_exp=109 qo_len=4 kv_len=4096 n_heads=12 n_kv_heads=2 head_dim=128 kv_head=0 worker=0 profiled_total=443 q_load=1 k_load=154 v_load=151 qk_dot=2 safe_sm=131 core_acc=2 o_scale=0 o_store=2
FIG8_ATTENTION_TIMERS mode=scna-int8 phase=measure iteration=13 lut_exp=0 nonlinear_mode=2 scna_width=16 scna_exp=110 qo_len=4 kv_len=4096 n_heads=12 n_kv_heads=2 head_dim=128 kv_head=1 worker=0 profiled_total=463 q_load=1 k_load=179 v_load=146 qk_dot=2 safe_sm=132 core_acc=1 o_scale=0 o_store=2
FIG8_ATTENTION_EVENT_COUNT mode=scna-int8 qo_len=4 phase=measure iteration=13 events=16 max_events=3224 overflow=0
FIG8_ATTENTION_EVENT mode=scna-int8 phase=measure iteration=13 component=q_load component_id=1 lut_exp=0 qo_len=4 kv_len=4096 n_heads=12 n_kv_heads=2 head_dim=128 kv_head=0 worker=0 block_r=0 block_c=-1 t0_us=2285303868166 t1_us=2285303868167 dur_us=1
FIG8_ATTENTION_EVENT mode=scna-int8 phase=measure iteration=13 component=k_load component_id=2 lut_exp=0 qo_len=4 kv_len=4096 n_heads=12 n_kv_heads=2 head_dim=128 kv_head=0 worker=0 block_r=0 block_c=0 t0_us=2285303868168 t1_us=2285303868323 dur_us=154
FIG8_ATTENTION_EVENT mode=scna-int8 phase=measure iteration=13 component=qk_dot component_id=4 lut_exp=0 qo_len=4 kv_len=4096 n_heads=12 n_kv_heads=2 head_dim=128 kv_head=0 worker=0 block_r=0 block_c=0 t0_us=2285303868323 t1_us=2285303868325 dur_us=2
FIG8_ATTENTION_EVENT mode=scna-int8 phase=measure iteration=13 component=safe_sm component_id=5 lut_exp=0 qo_len=4 kv_len=4096 n_heads=12 n_kv_heads=2 head_dim=128 kv_head=0 worker=0 block_r=0 block_c=0 t0_us=2285303868326 t1_us=2285303868457 dur_us=131
FIG8_ATTENTION_EVENT mode=scna-int8 phase=measure iteration=13 component=v_load component_id=3 lut_exp=0 qo_len=4 kv_len=4096 n_heads=12 n_kv_heads=2 head_dim=128 kv_head=0 worker=0 block_r=0 block_c=0 t0_us=2285303868459 t1_us=2285303868610 dur_us=151
FIG8_ATTENTION_EVENT mode=scna-int8 phase=measure iteration=13 component=core_acc component_id=6 lut_exp=0 qo_len=4 kv_len=4096 n_heads=12 n_kv_heads=2 head_dim=128 kv_head=0 worker=0 block_r=0 block_c=0 t0_us=2285303868610 t1_us=2285303868613 dur_us=2
FIG8_ATTENTION_EVENT mode=scna-int8 phase=measure iteration=13 component=o_scale component_id=7 lut_exp=0 qo_len=4 kv_len=4096 n_heads=12 n_kv_heads=2 head_dim=128 kv_head=0 worker=0 block_r=0 block_c=-1 t0_us=2285303868613 t1_us=2285303868613 dur_us=0
FIG8_ATTENTION_EVENT mode=scna-int8 phase=measure iteration=13 component=o_store component_id=8 lut_exp=0 qo_len=4 kv_len=4096 n_heads=12 n_kv_heads=2 head_dim=128 kv_head=0 worker=0 block_r=0 block_c=-1 t0_us=2285303868614 t1_us=2285303868616 dur_us=2
FIG8_ATTENTION_EVENT mode=scna-int8 phase=measure iteration=13 component=q_load component_id=1 lut_exp=0 qo_len=4 kv_len=4096 n_heads=12 n_kv_heads=2 head_dim=128 kv_head=1 worker=0 block_r=0 block_c=-1 t0_us=2285303868661 t1_us=2285303868663 dur_us=1
FIG8_ATTENTION_EVENT mode=scna-int8 phase=measure iteration=13 component=k_load component_id=2 lut_exp=0 qo_len=4 kv_len=4096 n_heads=12 n_kv_heads=2 head_dim=128 kv_head=1 worker=0 block_r=0 block_c=0 t0_us=2285303868664 t1_us=2285303868844 dur_us=179
FIG8_ATTENTION_EVENT mode=scna-int8 phase=measure iteration=13 component=qk_dot component_id=4 lut_exp=0 qo_len=4 kv_len=4096 n_heads=12 n_kv_heads=2 head_dim=128 kv_head=1 worker=0 block_r=0 block_c=0 t0_us=2285303868844 t1_us=2285303868846 dur_us=2
FIG8_ATTENTION_EVENT mode=scna-int8 phase=measure iteration=13 component=safe_sm component_id=5 lut_exp=0 qo_len=4 kv_len=4096 n_heads=12 n_kv_heads=2 head_dim=128 kv_head=1 worker=0 block_r=0 block_c=0 t0_us=2285303868847 t1_us=2285303868979 dur_us=132
FIG8_ATTENTION_EVENT mode=scna-int8 phase=measure iteration=13 component=v_load component_id=3 lut_exp=0 qo_len=4 kv_len=4096 n_heads=12 n_kv_heads=2 head_dim=128 kv_head=1 worker=0 block_r=0 block_c=0 t0_us=2285303868979 t1_us=2285303869126 dur_us=146
FIG8_ATTENTION_EVENT mode=scna-int8 phase=measure iteration=13 component=core_acc component_id=6 lut_exp=0 qo_len=4 kv_len=4096 n_heads=12 n_kv_heads=2 head_dim=128 kv_head=1 worker=0 block_r=0 block_c=0 t0_us=2285303869126 t1_us=2285303869128 dur_us=1
FIG8_ATTENTION_EVENT mode=scna-int8 phase=measure iteration=13 component=o_scale component_id=7 lut_exp=0 qo_len=4 kv_len=4096 n_heads=12 n_kv_heads=2 head_dim=128 kv_head=1 worker=0 block_r=0 block_c=-1 t0_us=2285303869129 t1_us=2285303869129 dur_us=0
FIG8_ATTENTION_EVENT mode=scna-int8 phase=measure iteration=13 component=o_store component_id=8 lut_exp=0 qo_len=4 kv_len=4096 n_heads=12 n_kv_heads=2 head_dim=128 kv_head=1 worker=0 block_r=0 block_c=-1 t0_us=2285303869129 t1_us=2285303869132 dur_us=2
FIG8_ATTENTION_HOST_TIMING mode=scna-int8 qo_len=4 kv_len=4096 n_heads=12 n_kv_heads=2 head_dim=128 phase=measure iteration=14 host_elapsed_us=1170 ret=0
FIG8_ATTENTION_PROFILE_COUNT mode=scna-int8 qo_len=4 phase=measure iteration=14 records=2 max_records=10
FIG8_ATTENTION_TIMERS mode=scna-int8 phase=measure iteration=14 lut_exp=0 nonlinear_mode=2 scna_width=16 scna_exp=110 qo_len=4 kv_len=4096 n_heads=12 n_kv_heads=2 head_dim=128 kv_head=0 worker=0 profiled_total=442 q_load=1 k_load=155 v_load=148 qk_dot=2 safe_sm=132 core_acc=2 o_scale=0 o_store=2
FIG8_ATTENTION_TIMERS mode=scna-int8 phase=measure iteration=14 lut_exp=0 nonlinear_mode=2 scna_width=16 scna_exp=110 qo_len=4 kv_len=4096 n_heads=12 n_kv_heads=2 head_dim=128 kv_head=1 worker=0 profiled_total=460 q_load=1 k_load=165 v_load=157 qk_dot=2 safe_sm=132 core_acc=1 o_scale=0 o_store=2
FIG8_ATTENTION_EVENT_COUNT mode=scna-int8 qo_len=4 phase=measure iteration=14 events=16 max_events=3224 overflow=0
FIG8_ATTENTION_EVENT mode=scna-int8 phase=measure iteration=14 component=q_load component_id=1 lut_exp=0 qo_len=4 kv_len=4096 n_heads=12 n_kv_heads=2 head_dim=128 kv_head=0 worker=0 block_r=0 block_c=-1 t0_us=2285303869553 t1_us=2285303869554 dur_us=1
FIG8_ATTENTION_EVENT mode=scna-int8 phase=measure iteration=14 component=k_load component_id=2 lut_exp=0 qo_len=4 kv_len=4096 n_heads=12 n_kv_heads=2 head_dim=128 kv_head=0 worker=0 block_r=0 block_c=0 t0_us=2285303869556 t1_us=2285303869711 dur_us=155
FIG8_ATTENTION_EVENT mode=scna-int8 phase=measure iteration=14 component=qk_dot component_id=4 lut_exp=0 qo_len=4 kv_len=4096 n_heads=12 n_kv_heads=2 head_dim=128 kv_head=0 worker=0 block_r=0 block_c=0 t0_us=2285303869711 t1_us=2285303869714 dur_us=2
FIG8_ATTENTION_EVENT mode=scna-int8 phase=measure iteration=14 component=safe_sm component_id=5 lut_exp=0 qo_len=4 kv_len=4096 n_heads=12 n_kv_heads=2 head_dim=128 kv_head=0 worker=0 block_r=0 block_c=0 t0_us=2285303869714 t1_us=2285303869846 dur_us=132
FIG8_ATTENTION_EVENT mode=scna-int8 phase=measure iteration=14 component=v_load component_id=3 lut_exp=0 qo_len=4 kv_len=4096 n_heads=12 n_kv_heads=2 head_dim=128 kv_head=0 worker=0 block_r=0 block_c=0 t0_us=2285303869847 t1_us=2285303869996 dur_us=148
FIG8_ATTENTION_EVENT mode=scna-int8 phase=measure iteration=14 component=core_acc component_id=6 lut_exp=0 qo_len=4 kv_len=4096 n_heads=12 n_kv_heads=2 head_dim=128 kv_head=0 worker=0 block_r=0 block_c=0 t0_us=2285303869996 t1_us=2285303869999 dur_us=2
FIG8_ATTENTION_EVENT mode=scna-int8 phase=measure iteration=14 component=o_scale component_id=7 lut_exp=0 qo_len=4 kv_len=4096 n_heads=12 n_kv_heads=2 head_dim=128 kv_head=0 worker=0 block_r=0 block_c=-1 t0_us=2285303869999 t1_us=2285303869999 dur_us=0
FIG8_ATTENTION_EVENT mode=scna-int8 phase=measure iteration=14 component=o_store component_id=8 lut_exp=0 qo_len=4 kv_len=4096 n_heads=12 n_kv_heads=2 head_dim=128 kv_head=0 worker=0 block_r=0 block_c=-1 t0_us=2285303870000 t1_us=2285303870002 dur_us=2
FIG8_ATTENTION_EVENT mode=scna-int8 phase=measure iteration=14 component=q_load component_id=1 lut_exp=0 qo_len=4 kv_len=4096 n_heads=12 n_kv_heads=2 head_dim=128 kv_head=1 worker=0 block_r=0 block_c=-1 t0_us=2285303870048 t1_us=2285303870049 dur_us=1
FIG8_ATTENTION_EVENT mode=scna-int8 phase=measure iteration=14 component=k_load component_id=2 lut_exp=0 qo_len=4 kv_len=4096 n_heads=12 n_kv_heads=2 head_dim=128 kv_head=1 worker=0 block_r=0 block_c=0 t0_us=2285303870050 t1_us=2285303870216 dur_us=165
FIG8_ATTENTION_EVENT mode=scna-int8 phase=measure iteration=14 component=qk_dot component_id=4 lut_exp=0 qo_len=4 kv_len=4096 n_heads=12 n_kv_heads=2 head_dim=128 kv_head=1 worker=0 block_r=0 block_c=0 t0_us=2285303870216 t1_us=2285303870219 dur_us=2
FIG8_ATTENTION_EVENT mode=scna-int8 phase=measure iteration=14 component=safe_sm component_id=5 lut_exp=0 qo_len=4 kv_len=4096 n_heads=12 n_kv_heads=2 head_dim=128 kv_head=1 worker=0 block_r=0 block_c=0 t0_us=2285303870219 t1_us=2285303870352 dur_us=132
FIG8_ATTENTION_EVENT mode=scna-int8 phase=measure iteration=14 component=v_load component_id=3 lut_exp=0 qo_len=4 kv_len=4096 n_heads=12 n_kv_heads=2 head_dim=128 kv_head=1 worker=0 block_r=0 block_c=0 t0_us=2285303870352 t1_us=2285303870509 dur_us=157
FIG8_ATTENTION_EVENT mode=scna-int8 phase=measure iteration=14 component=core_acc component_id=6 lut_exp=0 qo_len=4 kv_len=4096 n_heads=12 n_kv_heads=2 head_dim=128 kv_head=1 worker=0 block_r=0 block_c=0 t0_us=2285303870510 t1_us=2285303870512 dur_us=1
FIG8_ATTENTION_EVENT mode=scna-int8 phase=measure iteration=14 component=o_scale component_id=7 lut_exp=0 qo_len=4 kv_len=4096 n_heads=12 n_kv_heads=2 head_dim=128 kv_head=1 worker=0 block_r=0 block_c=-1 t0_us=2285303870512 t1_us=2285303870513 dur_us=0
FIG8_ATTENTION_EVENT mode=scna-int8 phase=measure iteration=14 component=o_store component_id=8 lut_exp=0 qo_len=4 kv_len=4096 n_heads=12 n_kv_heads=2 head_dim=128 kv_head=1 worker=0 block_r=0 block_c=-1 t0_us=2285303870513 t1_us=2285303870515 dur_us=2
FIG8_ATTENTION_HOST_TIMING mode=scna-int8 qo_len=4 kv_len=4096 n_heads=12 n_kv_heads=2 head_dim=128 phase=measure iteration=15 host_elapsed_us=1171 ret=0
FIG8_ATTENTION_PROFILE_COUNT mode=scna-int8 qo_len=4 phase=measure iteration=15 records=2 max_records=10
FIG8_ATTENTION_TIMERS mode=scna-int8 phase=measure iteration=15 lut_exp=0 nonlinear_mode=2 scna_width=16 scna_exp=110 qo_len=4 kv_len=4096 n_heads=12 n_kv_heads=2 head_dim=128 kv_head=0 worker=0 profiled_total=438 q_load=1 k_load=154 v_load=145 qk_dot=2 safe_sm=132 core_acc=2 o_scale=0 o_store=2
FIG8_ATTENTION_TIMERS mode=scna-int8 phase=measure iteration=15 lut_exp=0 nonlinear_mode=2 scna_width=16 scna_exp=110 qo_len=4 kv_len=4096 n_heads=12 n_kv_heads=2 head_dim=128 kv_head=1 worker=0 profiled_total=473 q_load=1 k_load=182 v_load=155 qk_dot=2 safe_sm=130 core_acc=1 o_scale=0 o_store=2
FIG8_ATTENTION_EVENT_COUNT mode=scna-int8 qo_len=4 phase=measure iteration=15 events=16 max_events=3224 overflow=0
FIG8_ATTENTION_EVENT mode=scna-int8 phase=measure iteration=15 component=q_load component_id=1 lut_exp=0 qo_len=4 kv_len=4096 n_heads=12 n_kv_heads=2 head_dim=128 kv_head=0 worker=0 block_r=0 block_c=-1 t0_us=2285303870875 t1_us=2285303870876 dur_us=1
FIG8_ATTENTION_EVENT mode=scna-int8 phase=measure iteration=15 component=k_load component_id=2 lut_exp=0 qo_len=4 kv_len=4096 n_heads=12 n_kv_heads=2 head_dim=128 kv_head=0 worker=0 block_r=0 block_c=0 t0_us=2285303870877 t1_us=2285303871032 dur_us=154
FIG8_ATTENTION_EVENT mode=scna-int8 phase=measure iteration=15 component=qk_dot component_id=4 lut_exp=0 qo_len=4 kv_len=4096 n_heads=12 n_kv_heads=2 head_dim=128 kv_head=0 worker=0 block_r=0 block_c=0 t0_us=2285303871032 t1_us=2285303871034 dur_us=2
FIG8_ATTENTION_EVENT mode=scna-int8 phase=measure iteration=15 component=safe_sm component_id=5 lut_exp=0 qo_len=4 kv_len=4096 n_heads=12 n_kv_heads=2 head_dim=128 kv_head=0 worker=0 block_r=0 block_c=0 t0_us=2285303871035 t1_us=2285303871167 dur_us=132
FIG8_ATTENTION_EVENT mode=scna-int8 phase=measure iteration=15 component=v_load component_id=3 lut_exp=0 qo_len=4 kv_len=4096 n_heads=12 n_kv_heads=2 head_dim=128 kv_head=0 worker=0 block_r=0 block_c=0 t0_us=2285303871168 t1_us=2285303871314 dur_us=145
FIG8_ATTENTION_EVENT mode=scna-int8 phase=measure iteration=15 component=core_acc component_id=6 lut_exp=0 qo_len=4 kv_len=4096 n_heads=12 n_kv_heads=2 head_dim=128 kv_head=0 worker=0 block_r=0 block_c=0 t0_us=2285303871314 t1_us=2285303871316 dur_us=2
FIG8_ATTENTION_EVENT mode=scna-int8 phase=measure iteration=15 component=o_scale component_id=7 lut_exp=0 qo_len=4 kv_len=4096 n_heads=12 n_kv_heads=2 head_dim=128 kv_head=0 worker=0 block_r=0 block_c=-1 t0_us=2285303871316 t1_us=2285303871317 dur_us=0
FIG8_ATTENTION_EVENT mode=scna-int8 phase=measure iteration=15 component=o_store component_id=8 lut_exp=0 qo_len=4 kv_len=4096 n_heads=12 n_kv_heads=2 head_dim=128 kv_head=0 worker=0 block_r=0 block_c=-1 t0_us=2285303871317 t1_us=2285303871320 dur_us=2
FIG8_ATTENTION_EVENT mode=scna-int8 phase=measure iteration=15 component=q_load component_id=1 lut_exp=0 qo_len=4 kv_len=4096 n_heads=12 n_kv_heads=2 head_dim=128 kv_head=1 worker=0 block_r=0 block_c=-1 t0_us=2285303871363 t1_us=2285303871365 dur_us=1
FIG8_ATTENTION_EVENT mode=scna-int8 phase=measure iteration=15 component=k_load component_id=2 lut_exp=0 qo_len=4 kv_len=4096 n_heads=12 n_kv_heads=2 head_dim=128 kv_head=1 worker=0 block_r=0 block_c=0 t0_us=2285303871366 t1_us=2285303871549 dur_us=182
FIG8_ATTENTION_EVENT mode=scna-int8 phase=measure iteration=15 component=qk_dot component_id=4 lut_exp=0 qo_len=4 kv_len=4096 n_heads=12 n_kv_heads=2 head_dim=128 kv_head=1 worker=0 block_r=0 block_c=0 t0_us=2285303871549 t1_us=2285303871551 dur_us=2
FIG8_ATTENTION_EVENT mode=scna-int8 phase=measure iteration=15 component=safe_sm component_id=5 lut_exp=0 qo_len=4 kv_len=4096 n_heads=12 n_kv_heads=2 head_dim=128 kv_head=1 worker=0 block_r=0 block_c=0 t0_us=2285303871552 t1_us=2285303871683 dur_us=130
FIG8_ATTENTION_EVENT mode=scna-int8 phase=measure iteration=15 component=v_load component_id=3 lut_exp=0 qo_len=4 kv_len=4096 n_heads=12 n_kv_heads=2 head_dim=128 kv_head=1 worker=0 block_r=0 block_c=0 t0_us=2285303871683 t1_us=2285303871838 dur_us=155
FIG8_ATTENTION_EVENT mode=scna-int8 phase=measure iteration=15 component=core_acc component_id=6 lut_exp=0 qo_len=4 kv_len=4096 n_heads=12 n_kv_heads=2 head_dim=128 kv_head=1 worker=0 block_r=0 block_c=0 t0_us=2285303871838 t1_us=2285303871840 dur_us=1
FIG8_ATTENTION_EVENT mode=scna-int8 phase=measure iteration=15 component=o_scale component_id=7 lut_exp=0 qo_len=4 kv_len=4096 n_heads=12 n_kv_heads=2 head_dim=128 kv_head=1 worker=0 block_r=0 block_c=-1 t0_us=2285303871841 t1_us=2285303871841 dur_us=0
FIG8_ATTENTION_EVENT mode=scna-int8 phase=measure iteration=15 component=o_store component_id=8 lut_exp=0 qo_len=4 kv_len=4096 n_heads=12 n_kv_heads=2 head_dim=128 kv_head=1 worker=0 block_r=0 block_c=-1 t0_us=2285303871841 t1_us=2285303871844 dur_us=2
FIG8_ATTENTION_HOST_TIMING mode=scna-int8 qo_len=4 kv_len=4096 n_heads=12 n_kv_heads=2 head_dim=128 phase=measure iteration=16 host_elapsed_us=1255 ret=0
FIG8_ATTENTION_PROFILE_COUNT mode=scna-int8 qo_len=4 phase=measure iteration=16 records=2 max_records=10
FIG8_ATTENTION_TIMERS mode=scna-int8 phase=measure iteration=16 lut_exp=0 nonlinear_mode=2 scna_width=16 scna_exp=109 qo_len=4 kv_len=4096 n_heads=12 n_kv_heads=2 head_dim=128 kv_head=0 worker=0 profiled_total=437 q_load=1 k_load=155 v_load=144 qk_dot=2 safe_sm=131 core_acc=2 o_scale=0 o_store=2
FIG8_ATTENTION_TIMERS mode=scna-int8 phase=measure iteration=16 lut_exp=0 nonlinear_mode=2 scna_width=16 scna_exp=110 qo_len=4 kv_len=4096 n_heads=12 n_kv_heads=2 head_dim=128 kv_head=1 worker=0 profiled_total=467 q_load=1 k_load=178 v_load=153 qk_dot=2 safe_sm=130 core_acc=1 o_scale=0 o_store=2
FIG8_ATTENTION_EVENT_COUNT mode=scna-int8 qo_len=4 phase=measure iteration=16 events=16 max_events=3224 overflow=0
FIG8_ATTENTION_EVENT mode=scna-int8 phase=measure iteration=16 component=q_load component_id=1 lut_exp=0 qo_len=4 kv_len=4096 n_heads=12 n_kv_heads=2 head_dim=128 kv_head=0 worker=0 block_r=0 block_c=-1 t0_us=2285303872196 t1_us=2285303872197 dur_us=1
FIG8_ATTENTION_EVENT mode=scna-int8 phase=measure iteration=16 component=k_load component_id=2 lut_exp=0 qo_len=4 kv_len=4096 n_heads=12 n_kv_heads=2 head_dim=128 kv_head=0 worker=0 block_r=0 block_c=0 t0_us=2285303872199 t1_us=2285303872354 dur_us=155
FIG8_ATTENTION_EVENT mode=scna-int8 phase=measure iteration=16 component=qk_dot component_id=4 lut_exp=0 qo_len=4 kv_len=4096 n_heads=12 n_kv_heads=2 head_dim=128 kv_head=0 worker=0 block_r=0 block_c=0 t0_us=2285303872355 t1_us=2285303872357 dur_us=2
FIG8_ATTENTION_EVENT mode=scna-int8 phase=measure iteration=16 component=safe_sm component_id=5 lut_exp=0 qo_len=4 kv_len=4096 n_heads=12 n_kv_heads=2 head_dim=128 kv_head=0 worker=0 block_r=0 block_c=0 t0_us=2285303872357 t1_us=2285303872488 dur_us=131
FIG8_ATTENTION_EVENT mode=scna-int8 phase=measure iteration=16 component=v_load component_id=3 lut_exp=0 qo_len=4 kv_len=4096 n_heads=12 n_kv_heads=2 head_dim=128 kv_head=0 worker=0 block_r=0 block_c=0 t0_us=2285303872489 t1_us=2285303872634 dur_us=144
FIG8_ATTENTION_EVENT mode=scna-int8 phase=measure iteration=16 component=core_acc component_id=6 lut_exp=0 qo_len=4 kv_len=4096 n_heads=12 n_kv_heads=2 head_dim=128 kv_head=0 worker=0 block_r=0 block_c=0 t0_us=2285303872634 t1_us=2285303872636 dur_us=2
FIG8_ATTENTION_EVENT mode=scna-int8 phase=measure iteration=16 component=o_scale component_id=7 lut_exp=0 qo_len=4 kv_len=4096 n_heads=12 n_kv_heads=2 head_dim=128 kv_head=0 worker=0 block_r=0 block_c=-1 t0_us=2285303872637 t1_us=2285303872637 dur_us=0
FIG8_ATTENTION_EVENT mode=scna-int8 phase=measure iteration=16 component=o_store component_id=8 lut_exp=0 qo_len=4 kv_len=4096 n_heads=12 n_kv_heads=2 head_dim=128 kv_head=0 worker=0 block_r=0 block_c=-1 t0_us=2285303872638 t1_us=2285303872640 dur_us=2
FIG8_ATTENTION_EVENT mode=scna-int8 phase=measure iteration=16 component=q_load component_id=1 lut_exp=0 qo_len=4 kv_len=4096 n_heads=12 n_kv_heads=2 head_dim=128 kv_head=1 worker=0 block_r=0 block_c=-1 t0_us=2285303872684 t1_us=2285303872686 dur_us=1
FIG8_ATTENTION_EVENT mode=scna-int8 phase=measure iteration=16 component=k_load component_id=2 lut_exp=0 qo_len=4 kv_len=4096 n_heads=12 n_kv_heads=2 head_dim=128 kv_head=1 worker=0 block_r=0 block_c=0 t0_us=2285303872687 t1_us=2285303872865 dur_us=178
FIG8_ATTENTION_EVENT mode=scna-int8 phase=measure iteration=16 component=qk_dot component_id=4 lut_exp=0 qo_len=4 kv_len=4096 n_heads=12 n_kv_heads=2 head_dim=128 kv_head=1 worker=0 block_r=0 block_c=0 t0_us=2285303872865 t1_us=2285303872868 dur_us=2
FIG8_ATTENTION_EVENT mode=scna-int8 phase=measure iteration=16 component=safe_sm component_id=5 lut_exp=0 qo_len=4 kv_len=4096 n_heads=12 n_kv_heads=2 head_dim=128 kv_head=1 worker=0 block_r=0 block_c=0 t0_us=2285303872868 t1_us=2285303872998 dur_us=130
FIG8_ATTENTION_EVENT mode=scna-int8 phase=measure iteration=16 component=v_load component_id=3 lut_exp=0 qo_len=4 kv_len=4096 n_heads=12 n_kv_heads=2 head_dim=128 kv_head=1 worker=0 block_r=0 block_c=0 t0_us=2285303872998 t1_us=2285303873152 dur_us=153
FIG8_ATTENTION_EVENT mode=scna-int8 phase=measure iteration=16 component=core_acc component_id=6 lut_exp=0 qo_len=4 kv_len=4096 n_heads=12 n_kv_heads=2 head_dim=128 kv_head=1 worker=0 block_r=0 block_c=0 t0_us=2285303873152 t1_us=2285303873154 dur_us=1
FIG8_ATTENTION_EVENT mode=scna-int8 phase=measure iteration=16 component=o_scale component_id=7 lut_exp=0 qo_len=4 kv_len=4096 n_heads=12 n_kv_heads=2 head_dim=128 kv_head=1 worker=0 block_r=0 block_c=-1 t0_us=2285303873155 t1_us=2285303873155 dur_us=0
FIG8_ATTENTION_EVENT mode=scna-int8 phase=measure iteration=16 component=o_store component_id=8 lut_exp=0 qo_len=4 kv_len=4096 n_heads=12 n_kv_heads=2 head_dim=128 kv_head=1 worker=0 block_r=0 block_c=-1 t0_us=2285303873155 t1_us=2285303873158 dur_us=2
FIG8_ATTENTION_HOST_TIMING mode=scna-int8 qo_len=4 kv_len=4096 n_heads=12 n_kv_heads=2 head_dim=128 phase=measure iteration=17 host_elapsed_us=1171 ret=0
FIG8_ATTENTION_PROFILE_COUNT mode=scna-int8 qo_len=4 phase=measure iteration=17 records=2 max_records=10
FIG8_ATTENTION_TIMERS mode=scna-int8 phase=measure iteration=17 lut_exp=0 nonlinear_mode=2 scna_width=16 scna_exp=110 qo_len=4 kv_len=4096 n_heads=12 n_kv_heads=2 head_dim=128 kv_head=0 worker=0 profiled_total=441 q_load=1 k_load=156 v_load=146 qk_dot=2 safe_sm=132 core_acc=2 o_scale=0 o_store=2
FIG8_ATTENTION_TIMERS mode=scna-int8 phase=measure iteration=17 lut_exp=0 nonlinear_mode=2 scna_width=16 scna_exp=110 qo_len=4 kv_len=4096 n_heads=12 n_kv_heads=2 head_dim=128 kv_head=1 worker=0 profiled_total=461 q_load=1 k_load=184 v_load=140 qk_dot=2 safe_sm=131 core_acc=1 o_scale=0 o_store=2
FIG8_ATTENTION_EVENT_COUNT mode=scna-int8 qo_len=4 phase=measure iteration=17 events=16 max_events=3224 overflow=0
FIG8_ATTENTION_EVENT mode=scna-int8 phase=measure iteration=17 component=q_load component_id=1 lut_exp=0 qo_len=4 kv_len=4096 n_heads=12 n_kv_heads=2 head_dim=128 kv_head=0 worker=0 block_r=0 block_c=-1 t0_us=2285303873602 t1_us=2285303873604 dur_us=1
FIG8_ATTENTION_EVENT mode=scna-int8 phase=measure iteration=17 component=k_load component_id=2 lut_exp=0 qo_len=4 kv_len=4096 n_heads=12 n_kv_heads=2 head_dim=128 kv_head=0 worker=0 block_r=0 block_c=0 t0_us=2285303873605 t1_us=2285303873762 dur_us=156
FIG8_ATTENTION_EVENT mode=scna-int8 phase=measure iteration=17 component=qk_dot component_id=4 lut_exp=0 qo_len=4 kv_len=4096 n_heads=12 n_kv_heads=2 head_dim=128 kv_head=0 worker=0 block_r=0 block_c=0 t0_us=2285303873762 t1_us=2285303873764 dur_us=2
FIG8_ATTENTION_EVENT mode=scna-int8 phase=measure iteration=17 component=safe_sm component_id=5 lut_exp=0 qo_len=4 kv_len=4096 n_heads=12 n_kv_heads=2 head_dim=128 kv_head=0 worker=0 block_r=0 block_c=0 t0_us=2285303873764 t1_us=2285303873897 dur_us=132
FIG8_ATTENTION_EVENT mode=scna-int8 phase=measure iteration=17 component=v_load component_id=3 lut_exp=0 qo_len=4 kv_len=4096 n_heads=12 n_kv_heads=2 head_dim=128 kv_head=0 worker=0 block_r=0 block_c=0 t0_us=2285303873897 t1_us=2285303874043 dur_us=146
FIG8_ATTENTION_EVENT mode=scna-int8 phase=measure iteration=17 component=core_acc component_id=6 lut_exp=0 qo_len=4 kv_len=4096 n_heads=12 n_kv_heads=2 head_dim=128 kv_head=0 worker=0 block_r=0 block_c=0 t0_us=2285303874043 t1_us=2285303874046 dur_us=2
FIG8_ATTENTION_EVENT mode=scna-int8 phase=measure iteration=17 component=o_scale component_id=7 lut_exp=0 qo_len=4 kv_len=4096 n_heads=12 n_kv_heads=2 head_dim=128 kv_head=0 worker=0 block_r=0 block_c=-1 t0_us=2285303874046 t1_us=2285303874047 dur_us=0
FIG8_ATTENTION_EVENT mode=scna-int8 phase=measure iteration=17 component=o_store component_id=8 lut_exp=0 qo_len=4 kv_len=4096 n_heads=12 n_kv_heads=2 head_dim=128 kv_head=0 worker=0 block_r=0 block_c=-1 t0_us=2285303874047 t1_us=2285303874050 dur_us=2
FIG8_ATTENTION_EVENT mode=scna-int8 phase=measure iteration=17 component=q_load component_id=1 lut_exp=0 qo_len=4 kv_len=4096 n_heads=12 n_kv_heads=2 head_dim=128 kv_head=1 worker=0 block_r=0 block_c=-1 t0_us=2285303874095 t1_us=2285303874097 dur_us=1
FIG8_ATTENTION_EVENT mode=scna-int8 phase=measure iteration=17 component=k_load component_id=2 lut_exp=0 qo_len=4 kv_len=4096 n_heads=12 n_kv_heads=2 head_dim=128 kv_head=1 worker=0 block_r=0 block_c=0 t0_us=2285303874098 t1_us=2285303874282 dur_us=184
FIG8_ATTENTION_EVENT mode=scna-int8 phase=measure iteration=17 component=qk_dot component_id=4 lut_exp=0 qo_len=4 kv_len=4096 n_heads=12 n_kv_heads=2 head_dim=128 kv_head=1 worker=0 block_r=0 block_c=0 t0_us=2285303874283 t1_us=2285303874285 dur_us=2
FIG8_ATTENTION_EVENT mode=scna-int8 phase=measure iteration=17 component=safe_sm component_id=5 lut_exp=0 qo_len=4 kv_len=4096 n_heads=12 n_kv_heads=2 head_dim=128 kv_head=1 worker=0 block_r=0 block_c=0 t0_us=2285303874286 t1_us=2285303874417 dur_us=131
FIG8_ATTENTION_EVENT mode=scna-int8 phase=measure iteration=17 component=v_load component_id=3 lut_exp=0 qo_len=4 kv_len=4096 n_heads=12 n_kv_heads=2 head_dim=128 kv_head=1 worker=0 block_r=0 block_c=0 t0_us=2285303874417 t1_us=2285303874558 dur_us=140
FIG8_ATTENTION_EVENT mode=scna-int8 phase=measure iteration=17 component=core_acc component_id=6 lut_exp=0 qo_len=4 kv_len=4096 n_heads=12 n_kv_heads=2 head_dim=128 kv_head=1 worker=0 block_r=0 block_c=0 t0_us=2285303874558 t1_us=2285303874560 dur_us=1
FIG8_ATTENTION_EVENT mode=scna-int8 phase=measure iteration=17 component=o_scale component_id=7 lut_exp=0 qo_len=4 kv_len=4096 n_heads=12 n_kv_heads=2 head_dim=128 kv_head=1 worker=0 block_r=0 block_c=-1 t0_us=2285303874561 t1_us=2285303874561 dur_us=0
FIG8_ATTENTION_EVENT mode=scna-int8 phase=measure iteration=17 component=o_store component_id=8 lut_exp=0 qo_len=4 kv_len=4096 n_heads=12 n_kv_heads=2 head_dim=128 kv_head=1 worker=0 block_r=0 block_c=-1 t0_us=2285303874562 t1_us=2285303874564 dur_us=2
FIG8_ATTENTION_HOST_TIMING mode=scna-int8 qo_len=4 kv_len=4096 n_heads=12 n_kv_heads=2 head_dim=128 phase=measure iteration=18 host_elapsed_us=1182 ret=0
FIG8_ATTENTION_PROFILE_COUNT mode=scna-int8 qo_len=4 phase=measure iteration=18 records=2 max_records=10
FIG8_ATTENTION_TIMERS mode=scna-int8 phase=measure iteration=18 lut_exp=0 nonlinear_mode=2 scna_width=16 scna_exp=110 qo_len=4 kv_len=4096 n_heads=12 n_kv_heads=2 head_dim=128 kv_head=0 worker=0 profiled_total=449 q_load=1 k_load=158 v_load=150 qk_dot=2 safe_sm=134 core_acc=2 o_scale=0 o_store=2
FIG8_ATTENTION_TIMERS mode=scna-int8 phase=measure iteration=18 lut_exp=0 nonlinear_mode=2 scna_width=16 scna_exp=110 qo_len=4 kv_len=4096 n_heads=12 n_kv_heads=2 head_dim=128 kv_head=1 worker=0 profiled_total=479 q_load=1 k_load=188 v_load=151 qk_dot=2 safe_sm=134 core_acc=1 o_scale=0 o_store=2
FIG8_ATTENTION_EVENT_COUNT mode=scna-int8 qo_len=4 phase=measure iteration=18 events=16 max_events=3224 overflow=0
FIG8_ATTENTION_EVENT mode=scna-int8 phase=measure iteration=18 component=q_load component_id=1 lut_exp=0 qo_len=4 kv_len=4096 n_heads=12 n_kv_heads=2 head_dim=128 kv_head=0 worker=0 block_r=0 block_c=-1 t0_us=2285303874924 t1_us=2285303874925 dur_us=1
FIG8_ATTENTION_EVENT mode=scna-int8 phase=measure iteration=18 component=k_load component_id=2 lut_exp=0 qo_len=4 kv_len=4096 n_heads=12 n_kv_heads=2 head_dim=128 kv_head=0 worker=0 block_r=0 block_c=0 t0_us=2285303874926 t1_us=2285303875085 dur_us=158
FIG8_ATTENTION_EVENT mode=scna-int8 phase=measure iteration=18 component=qk_dot component_id=4 lut_exp=0 qo_len=4 kv_len=4096 n_heads=12 n_kv_heads=2 head_dim=128 kv_head=0 worker=0 block_r=0 block_c=0 t0_us=2285303875085 t1_us=2285303875087 dur_us=2
FIG8_ATTENTION_EVENT mode=scna-int8 phase=measure iteration=18 component=safe_sm component_id=5 lut_exp=0 qo_len=4 kv_len=4096 n_heads=12 n_kv_heads=2 head_dim=128 kv_head=0 worker=0 block_r=0 block_c=0 t0_us=2285303875088 t1_us=2285303875222 dur_us=134
FIG8_ATTENTION_EVENT mode=scna-int8 phase=measure iteration=18 component=v_load component_id=3 lut_exp=0 qo_len=4 kv_len=4096 n_heads=12 n_kv_heads=2 head_dim=128 kv_head=0 worker=0 block_r=0 block_c=0 t0_us=2285303875223 t1_us=2285303875373 dur_us=150
FIG8_ATTENTION_EVENT mode=scna-int8 phase=measure iteration=18 component=core_acc component_id=6 lut_exp=0 qo_len=4 kv_len=4096 n_heads=12 n_kv_heads=2 head_dim=128 kv_head=0 worker=0 block_r=0 block_c=0 t0_us=2285303875373 t1_us=2285303875375 dur_us=2
FIG8_ATTENTION_EVENT mode=scna-int8 phase=measure iteration=18 component=o_scale component_id=7 lut_exp=0 qo_len=4 kv_len=4096 n_heads=12 n_kv_heads=2 head_dim=128 kv_head=0 worker=0 block_r=0 block_c=-1 t0_us=2285303875376 t1_us=2285303875376 dur_us=0
FIG8_ATTENTION_EVENT mode=scna-int8 phase=measure iteration=18 component=o_store component_id=8 lut_exp=0 qo_len=4 kv_len=4096 n_heads=12 n_kv_heads=2 head_dim=128 kv_head=0 worker=0 block_r=0 block_c=-1 t0_us=2285303875377 t1_us=2285303875379 dur_us=2
FIG8_ATTENTION_EVENT mode=scna-int8 phase=measure iteration=18 component=q_load component_id=1 lut_exp=0 qo_len=4 kv_len=4096 n_heads=12 n_kv_heads=2 head_dim=128 kv_head=1 worker=0 block_r=0 block_c=-1 t0_us=2285303875422 t1_us=2285303875424 dur_us=1
FIG8_ATTENTION_EVENT mode=scna-int8 phase=measure iteration=18 component=k_load component_id=2 lut_exp=0 qo_len=4 kv_len=4096 n_heads=12 n_kv_heads=2 head_dim=128 kv_head=1 worker=0 block_r=0 block_c=0 t0_us=2285303875425 t1_us=2285303875614 dur_us=188
FIG8_ATTENTION_EVENT mode=scna-int8 phase=measure iteration=18 component=qk_dot component_id=4 lut_exp=0 qo_len=4 kv_len=4096 n_heads=12 n_kv_heads=2 head_dim=128 kv_head=1 worker=0 block_r=0 block_c=0 t0_us=2285303875614 t1_us=2285303875616 dur_us=2
FIG8_ATTENTION_EVENT mode=scna-int8 phase=measure iteration=18 component=safe_sm component_id=5 lut_exp=0 qo_len=4 kv_len=4096 n_heads=12 n_kv_heads=2 head_dim=128 kv_head=1 worker=0 block_r=0 block_c=0 t0_us=2285303875617 t1_us=2285303875752 dur_us=134
FIG8_ATTENTION_EVENT mode=scna-int8 phase=measure iteration=18 component=v_load component_id=3 lut_exp=0 qo_len=4 kv_len=4096 n_heads=12 n_kv_heads=2 head_dim=128 kv_head=1 worker=0 block_r=0 block_c=0 t0_us=2285303875752 t1_us=2285303875903 dur_us=151
FIG8_ATTENTION_EVENT mode=scna-int8 phase=measure iteration=18 component=core_acc component_id=6 lut_exp=0 qo_len=4 kv_len=4096 n_heads=12 n_kv_heads=2 head_dim=128 kv_head=1 worker=0 block_r=0 block_c=0 t0_us=2285303875904 t1_us=2285303875906 dur_us=1
FIG8_ATTENTION_EVENT mode=scna-int8 phase=measure iteration=18 component=o_scale component_id=7 lut_exp=0 qo_len=4 kv_len=4096 n_heads=12 n_kv_heads=2 head_dim=128 kv_head=1 worker=0 block_r=0 block_c=-1 t0_us=2285303875906 t1_us=2285303875907 dur_us=0
FIG8_ATTENTION_EVENT mode=scna-int8 phase=measure iteration=18 component=o_store component_id=8 lut_exp=0 qo_len=4 kv_len=4096 n_heads=12 n_kv_heads=2 head_dim=128 kv_head=1 worker=0 block_r=0 block_c=-1 t0_us=2285303875907 t1_us=2285303875909 dur_us=2
FIG8_ATTENTION_HOST_TIMING mode=scna-int8 qo_len=4 kv_len=4096 n_heads=12 n_kv_heads=2 head_dim=128 phase=measure iteration=19 host_elapsed_us=1201 ret=0
FIG8_ATTENTION_PROFILE_COUNT mode=scna-int8 qo_len=4 phase=measure iteration=19 records=2 max_records=10
FIG8_ATTENTION_TIMERS mode=scna-int8 phase=measure iteration=19 lut_exp=0 nonlinear_mode=2 scna_width=16 scna_exp=110 qo_len=4 kv_len=4096 n_heads=12 n_kv_heads=2 head_dim=128 kv_head=0 worker=0 profiled_total=458 q_load=1 k_load=169 v_load=148 qk_dot=2 safe_sm=134 core_acc=2 o_scale=0 o_store=2
FIG8_ATTENTION_TIMERS mode=scna-int8 phase=measure iteration=19 lut_exp=0 nonlinear_mode=2 scna_width=16 scna_exp=111 qo_len=4 kv_len=4096 n_heads=12 n_kv_heads=2 head_dim=128 kv_head=1 worker=0 profiled_total=475 q_load=1 k_load=187 v_load=150 qk_dot=2 safe_sm=133 core_acc=1 o_scale=0 o_store=1
FIG8_ATTENTION_EVENT_COUNT mode=scna-int8 qo_len=4 phase=measure iteration=19 events=16 max_events=3224 overflow=0
FIG8_ATTENTION_EVENT mode=scna-int8 phase=measure iteration=19 component=q_load component_id=1 lut_exp=0 qo_len=4 kv_len=4096 n_heads=12 n_kv_heads=2 head_dim=128 kv_head=0 worker=0 block_r=0 block_c=-1 t0_us=2285303876309 t1_us=2285303876311 dur_us=1
FIG8_ATTENTION_EVENT mode=scna-int8 phase=measure iteration=19 component=k_load component_id=2 lut_exp=0 qo_len=4 kv_len=4096 n_heads=12 n_kv_heads=2 head_dim=128 kv_head=0 worker=0 block_r=0 block_c=0 t0_us=2285303876312 t1_us=2285303876481 dur_us=169
FIG8_ATTENTION_EVENT mode=scna-int8 phase=measure iteration=19 component=qk_dot component_id=4 lut_exp=0 qo_len=4 kv_len=4096 n_heads=12 n_kv_heads=2 head_dim=128 kv_head=0 worker=0 block_r=0 block_c=0 t0_us=2285303876482 t1_us=2285303876484 dur_us=2
FIG8_ATTENTION_EVENT mode=scna-int8 phase=measure iteration=19 component=safe_sm component_id=5 lut_exp=0 qo_len=4 kv_len=4096 n_heads=12 n_kv_heads=2 head_dim=128 kv_head=0 worker=0 block_r=0 block_c=0 t0_us=2285303876484 t1_us=2285303876619 dur_us=134
FIG8_ATTENTION_EVENT mode=scna-int8 phase=measure iteration=19 component=v_load component_id=3 lut_exp=0 qo_len=4 kv_len=4096 n_heads=12 n_kv_heads=2 head_dim=128 kv_head=0 worker=0 block_r=0 block_c=0 t0_us=2285303876619 t1_us=2285303876767 dur_us=148
FIG8_ATTENTION_EVENT mode=scna-int8 phase=measure iteration=19 component=core_acc component_id=6 lut_exp=0 qo_len=4 kv_len=4096 n_heads=12 n_kv_heads=2 head_dim=128 kv_head=0 worker=0 block_r=0 block_c=0 t0_us=2285303876768 t1_us=2285303876770 dur_us=2
FIG8_ATTENTION_EVENT mode=scna-int8 phase=measure iteration=19 component=o_scale component_id=7 lut_exp=0 qo_len=4 kv_len=4096 n_heads=12 n_kv_heads=2 head_dim=128 kv_head=0 worker=0 block_r=0 block_c=-1 t0_us=2285303876770 t1_us=2285303876771 dur_us=0
FIG8_ATTENTION_EVENT mode=scna-int8 phase=measure iteration=19 component=o_store component_id=8 lut_exp=0 qo_len=4 kv_len=4096 n_heads=12 n_kv_heads=2 head_dim=128 kv_head=0 worker=0 block_r=0 block_c=-1 t0_us=2285303876771 t1_us=2285303876774 dur_us=2
FIG8_ATTENTION_EVENT mode=scna-int8 phase=measure iteration=19 component=q_load component_id=1 lut_exp=0 qo_len=4 kv_len=4096 n_heads=12 n_kv_heads=2 head_dim=128 kv_head=1 worker=0 block_r=0 block_c=-1 t0_us=2285303876818 t1_us=2285303876820 dur_us=1
FIG8_ATTENTION_EVENT mode=scna-int8 phase=measure iteration=19 component=k_load component_id=2 lut_exp=0 qo_len=4 kv_len=4096 n_heads=12 n_kv_heads=2 head_dim=128 kv_head=1 worker=0 block_r=0 block_c=0 t0_us=2285303876821 t1_us=2285303877008 dur_us=187
FIG8_ATTENTION_EVENT mode=scna-int8 phase=measure iteration=19 component=qk_dot component_id=4 lut_exp=0 qo_len=4 kv_len=4096 n_heads=12 n_kv_heads=2 head_dim=128 kv_head=1 worker=0 block_r=0 block_c=0 t0_us=2285303877009 t1_us=2285303877011 dur_us=2
FIG8_ATTENTION_EVENT mode=scna-int8 phase=measure iteration=19 component=safe_sm component_id=5 lut_exp=0 qo_len=4 kv_len=4096 n_heads=12 n_kv_heads=2 head_dim=128 kv_head=1 worker=0 block_r=0 block_c=0 t0_us=2285303877011 t1_us=2285303877144 dur_us=133
FIG8_ATTENTION_EVENT mode=scna-int8 phase=measure iteration=19 component=v_load component_id=3 lut_exp=0 qo_len=4 kv_len=4096 n_heads=12 n_kv_heads=2 head_dim=128 kv_head=1 worker=0 block_r=0 block_c=0 t0_us=2285303877145 t1_us=2285303877295 dur_us=150
FIG8_ATTENTION_EVENT mode=scna-int8 phase=measure iteration=19 component=core_acc component_id=6 lut_exp=0 qo_len=4 kv_len=4096 n_heads=12 n_kv_heads=2 head_dim=128 kv_head=1 worker=0 block_r=0 block_c=0 t0_us=2285303877296 t1_us=2285303877297 dur_us=1
FIG8_ATTENTION_EVENT mode=scna-int8 phase=measure iteration=19 component=o_scale component_id=7 lut_exp=0 qo_len=4 kv_len=4096 n_heads=12 n_kv_heads=2 head_dim=128 kv_head=1 worker=0 block_r=0 block_c=-1 t0_us=2285303877298 t1_us=2285303877298 dur_us=0
FIG8_ATTENTION_EVENT mode=scna-int8 phase=measure iteration=19 component=o_store component_id=8 lut_exp=0 qo_len=4 kv_len=4096 n_heads=12 n_kv_heads=2 head_dim=128 kv_head=1 worker=0 block_r=0 block_c=-1 t0_us=2285303877299 t1_us=2285303877301 dur_us=1
