alloc_shared_mem_buf: buf=0x7476bde000 fd=12 size=24576 flags=FASTRPC_MAP_FD
alloc_shared_mem_buf: buf=0x71e0c00000 fd=13 size=2097152 flags=FASTRPC_MAP_FD
alloc_shared_mem_buf: buf=0x71e0a00000 fd=14 size=2097152 flags=FASTRPC_MAP_FD
alloc_shared_mem_buf: buf=0x7476b72000 fd=15 size=24576 flags=FASTRPC_MAP_FD
alloc_shared_mem_buf: buf=0x7476b6a000 fd=16 size=32768 flags=FASTRPC_MAP_FD
alloc_shared_mem_buf: buf=0x7476a60000 fd=17 size=233472 flags=FASTRPC_MAP_FD
alloc_shared_mem_buf: buf=0x7476e6a000 fd=18 size=4096 flags=FASTRPC_MAP_FD
No-op channel request completed
FIG8_ATTENTION_CONFIG mode=scna-int8 mask_mode=full qo_len=4 kv_len=4096 n_heads=12 n_kv_heads=2 head_dim=128 warmup=5 iters=20 scna_width=8 q_size=24576 kv_size=2097152 mask_size=32768 profile_size=233472 profile_max_records=10 profile_max_events=3224 mode_flags=24 print_events=1
FIG8_ATTENTION_HOST_TIMING mode=scna-int8 qo_len=4 kv_len=4096 n_heads=12 n_kv_heads=2 head_dim=128 phase=warmup iteration=0 host_elapsed_us=985 ret=0
FIG8_ATTENTION_PROFILE_COUNT mode=scna-int8 qo_len=4 phase=warmup iteration=0 records=2 max_records=10
FIG8_ATTENTION_TIMERS mode=scna-int8 phase=warmup iteration=0 lut_exp=0 nonlinear_mode=2 scna_width=8 scna_exp=87 qo_len=4 kv_len=4096 n_heads=12 n_kv_heads=2 head_dim=128 kv_head=0 worker=0 profiled_total=335 q_load=2 k_load=72 v_load=134 qk_dot=2 safe_sm=119 core_acc=2 o_scale=1 o_store=3
FIG8_ATTENTION_TIMERS mode=scna-int8 phase=warmup iteration=0 lut_exp=0 nonlinear_mode=2 scna_width=8 scna_exp=86 qo_len=4 kv_len=4096 n_heads=12 n_kv_heads=2 head_dim=128 kv_head=1 worker=0 profiled_total=323 q_load=1 k_load=71 v_load=132 qk_dot=2 safe_sm=114 core_acc=1 o_scale=0 o_store=2
FIG8_ATTENTION_EVENT_COUNT mode=scna-int8 qo_len=4 phase=warmup iteration=0 events=16 max_events=3224 overflow=0
FIG8_ATTENTION_EVENT mode=scna-int8 phase=warmup iteration=0 component=q_load component_id=1 lut_exp=0 qo_len=4 kv_len=4096 n_heads=12 n_kv_heads=2 head_dim=128 kv_head=0 worker=0 block_r=0 block_c=-1 t0_us=2285303045427 t1_us=2285303045429 dur_us=2
FIG8_ATTENTION_EVENT mode=scna-int8 phase=warmup iteration=0 component=k_load component_id=2 lut_exp=0 qo_len=4 kv_len=4096 n_heads=12 n_kv_heads=2 head_dim=128 kv_head=0 worker=0 block_r=0 block_c=0 t0_us=2285303045430 t1_us=2285303045503 dur_us=72
FIG8_ATTENTION_EVENT mode=scna-int8 phase=warmup iteration=0 component=qk_dot component_id=4 lut_exp=0 qo_len=4 kv_len=4096 n_heads=12 n_kv_heads=2 head_dim=128 kv_head=0 worker=0 block_r=0 block_c=0 t0_us=2285303045503 t1_us=2285303045506 dur_us=2
FIG8_ATTENTION_EVENT mode=scna-int8 phase=warmup iteration=0 component=safe_sm component_id=5 lut_exp=0 qo_len=4 kv_len=4096 n_heads=12 n_kv_heads=2 head_dim=128 kv_head=0 worker=0 block_r=0 block_c=0 t0_us=2285303045506 t1_us=2285303045626 dur_us=119
FIG8_ATTENTION_EVENT mode=scna-int8 phase=warmup iteration=0 component=v_load component_id=3 lut_exp=0 qo_len=4 kv_len=4096 n_heads=12 n_kv_heads=2 head_dim=128 kv_head=0 worker=0 block_r=0 block_c=0 t0_us=2285303045626 t1_us=2285303045761 dur_us=134
FIG8_ATTENTION_EVENT mode=scna-int8 phase=warmup iteration=0 component=core_acc component_id=6 lut_exp=0 qo_len=4 kv_len=4096 n_heads=12 n_kv_heads=2 head_dim=128 kv_head=0 worker=0 block_r=0 block_c=0 t0_us=2285303045761 t1_us=2285303045764 dur_us=2
FIG8_ATTENTION_EVENT mode=scna-int8 phase=warmup iteration=0 component=o_scale component_id=7 lut_exp=0 qo_len=4 kv_len=4096 n_heads=12 n_kv_heads=2 head_dim=128 kv_head=0 worker=0 block_r=0 block_c=-1 t0_us=2285303045764 t1_us=2285303045765 dur_us=1
FIG8_ATTENTION_EVENT mode=scna-int8 phase=warmup iteration=0 component=o_store component_id=8 lut_exp=0 qo_len=4 kv_len=4096 n_heads=12 n_kv_heads=2 head_dim=128 kv_head=0 worker=0 block_r=0 block_c=-1 t0_us=2285303045765 t1_us=2285303045769 dur_us=3
FIG8_ATTENTION_EVENT mode=scna-int8 phase=warmup iteration=0 component=q_load component_id=1 lut_exp=0 qo_len=4 kv_len=4096 n_heads=12 n_kv_heads=2 head_dim=128 kv_head=1 worker=0 block_r=0 block_c=-1 t0_us=2285303045823 t1_us=2285303045825 dur_us=1
FIG8_ATTENTION_EVENT mode=scna-int8 phase=warmup iteration=0 component=k_load component_id=2 lut_exp=0 qo_len=4 kv_len=4096 n_heads=12 n_kv_heads=2 head_dim=128 kv_head=1 worker=0 block_r=0 block_c=0 t0_us=2285303045826 t1_us=2285303045897 dur_us=71
FIG8_ATTENTION_EVENT mode=scna-int8 phase=warmup iteration=0 component=qk_dot component_id=4 lut_exp=0 qo_len=4 kv_len=4096 n_heads=12 n_kv_heads=2 head_dim=128 kv_head=1 worker=0 block_r=0 block_c=0 t0_us=2285303045898 t1_us=2285303045901 dur_us=2
FIG8_ATTENTION_EVENT mode=scna-int8 phase=warmup iteration=0 component=safe_sm component_id=5 lut_exp=0 qo_len=4 kv_len=4096 n_heads=12 n_kv_heads=2 head_dim=128 kv_head=1 worker=0 block_r=0 block_c=0 t0_us=2285303045902 t1_us=2285303046016 dur_us=114
FIG8_ATTENTION_EVENT mode=scna-int8 phase=warmup iteration=0 component=v_load component_id=3 lut_exp=0 qo_len=4 kv_len=4096 n_heads=12 n_kv_heads=2 head_dim=128 kv_head=1 worker=0 block_r=0 block_c=0 t0_us=2285303046016 t1_us=2285303046148 dur_us=132
FIG8_ATTENTION_EVENT mode=scna-int8 phase=warmup iteration=0 component=core_acc component_id=6 lut_exp=0 qo_len=4 kv_len=4096 n_heads=12 n_kv_heads=2 head_dim=128 kv_head=1 worker=0 block_r=0 block_c=0 t0_us=2285303046149 t1_us=2285303046151 dur_us=1
FIG8_ATTENTION_EVENT mode=scna-int8 phase=warmup iteration=0 component=o_scale component_id=7 lut_exp=0 qo_len=4 kv_len=4096 n_heads=12 n_kv_heads=2 head_dim=128 kv_head=1 worker=0 block_r=0 block_c=-1 t0_us=2285303046151 t1_us=2285303046152 dur_us=0
FIG8_ATTENTION_EVENT mode=scna-int8 phase=warmup iteration=0 component=o_store component_id=8 lut_exp=0 qo_len=4 kv_len=4096 n_heads=12 n_kv_heads=2 head_dim=128 kv_head=1 worker=0 block_r=0 block_c=-1 t0_us=2285303046152 t1_us=2285303046154 dur_us=2
FIG8_ATTENTION_HOST_TIMING mode=scna-int8 qo_len=4 kv_len=4096 n_heads=12 n_kv_heads=2 head_dim=128 phase=warmup iteration=1 host_elapsed_us=1095 ret=0
FIG8_ATTENTION_PROFILE_COUNT mode=scna-int8 qo_len=4 phase=warmup iteration=1 records=2 max_records=10
FIG8_ATTENTION_TIMERS mode=scna-int8 phase=warmup iteration=1 lut_exp=0 nonlinear_mode=2 scna_width=8 scna_exp=79 qo_len=4 kv_len=4096 n_heads=12 n_kv_heads=2 head_dim=128 kv_head=0 worker=0 profiled_total=393 q_load=1 k_load=149 v_load=137 qk_dot=2 safe_sm=100 core_acc=2 o_scale=0 o_store=2
FIG8_ATTENTION_TIMERS mode=scna-int8 phase=warmup iteration=1 lut_exp=0 nonlinear_mode=2 scna_width=8 scna_exp=79 qo_len=4 kv_len=4096 n_heads=12 n_kv_heads=2 head_dim=128 kv_head=1 worker=0 profiled_total=387 q_load=1 k_load=150 v_load=133 qk_dot=3 safe_sm=98 core_acc=1 o_scale=0 o_store=1
FIG8_ATTENTION_EVENT_COUNT mode=scna-int8 qo_len=4 phase=warmup iteration=1 events=16 max_events=3224 overflow=0
FIG8_ATTENTION_EVENT mode=scna-int8 phase=warmup iteration=1 component=q_load component_id=1 lut_exp=0 qo_len=4 kv_len=4096 n_heads=12 n_kv_heads=2 head_dim=128 kv_head=0 worker=0 block_r=0 block_c=-1 t0_us=2285303046474 t1_us=2285303046475 dur_us=1
FIG8_ATTENTION_EVENT mode=scna-int8 phase=warmup iteration=1 component=k_load component_id=2 lut_exp=0 qo_len=4 kv_len=4096 n_heads=12 n_kv_heads=2 head_dim=128 kv_head=0 worker=0 block_r=0 block_c=0 t0_us=2285303046476 t1_us=2285303046626 dur_us=149
FIG8_ATTENTION_EVENT mode=scna-int8 phase=warmup iteration=1 component=qk_dot component_id=4 lut_exp=0 qo_len=4 kv_len=4096 n_heads=12 n_kv_heads=2 head_dim=128 kv_head=0 worker=0 block_r=0 block_c=0 t0_us=2285303046626 t1_us=2285303046628 dur_us=2
FIG8_ATTENTION_EVENT mode=scna-int8 phase=warmup iteration=1 component=safe_sm component_id=5 lut_exp=0 qo_len=4 kv_len=4096 n_heads=12 n_kv_heads=2 head_dim=128 kv_head=0 worker=0 block_r=0 block_c=0 t0_us=2285303046629 t1_us=2285303046729 dur_us=100
FIG8_ATTENTION_EVENT mode=scna-int8 phase=warmup iteration=1 component=v_load component_id=3 lut_exp=0 qo_len=4 kv_len=4096 n_heads=12 n_kv_heads=2 head_dim=128 kv_head=0 worker=0 block_r=0 block_c=0 t0_us=2285303046730 t1_us=2285303046868 dur_us=137
FIG8_ATTENTION_EVENT mode=scna-int8 phase=warmup iteration=1 component=core_acc component_id=6 lut_exp=0 qo_len=4 kv_len=4096 n_heads=12 n_kv_heads=2 head_dim=128 kv_head=0 worker=0 block_r=0 block_c=0 t0_us=2285303046868 t1_us=2285303046870 dur_us=2
FIG8_ATTENTION_EVENT mode=scna-int8 phase=warmup iteration=1 component=o_scale component_id=7 lut_exp=0 qo_len=4 kv_len=4096 n_heads=12 n_kv_heads=2 head_dim=128 kv_head=0 worker=0 block_r=0 block_c=-1 t0_us=2285303046870 t1_us=2285303046871 dur_us=0
FIG8_ATTENTION_EVENT mode=scna-int8 phase=warmup iteration=1 component=o_store component_id=8 lut_exp=0 qo_len=4 kv_len=4096 n_heads=12 n_kv_heads=2 head_dim=128 kv_head=0 worker=0 block_r=0 block_c=-1 t0_us=2285303046871 t1_us=2285303046874 dur_us=2
FIG8_ATTENTION_EVENT mode=scna-int8 phase=warmup iteration=1 component=q_load component_id=1 lut_exp=0 qo_len=4 kv_len=4096 n_heads=12 n_kv_heads=2 head_dim=128 kv_head=1 worker=0 block_r=0 block_c=-1 t0_us=2285303046915 t1_us=2285303046917 dur_us=1
FIG8_ATTENTION_EVENT mode=scna-int8 phase=warmup iteration=1 component=k_load component_id=2 lut_exp=0 qo_len=4 kv_len=4096 n_heads=12 n_kv_heads=2 head_dim=128 kv_head=1 worker=0 block_r=0 block_c=0 t0_us=2285303046918 t1_us=2285303047069 dur_us=150
FIG8_ATTENTION_EVENT mode=scna-int8 phase=warmup iteration=1 component=qk_dot component_id=4 lut_exp=0 qo_len=4 kv_len=4096 n_heads=12 n_kv_heads=2 head_dim=128 kv_head=1 worker=0 block_r=0 block_c=0 t0_us=2285303047069 t1_us=2285303047072 dur_us=3
FIG8_ATTENTION_EVENT mode=scna-int8 phase=warmup iteration=1 component=safe_sm component_id=5 lut_exp=0 qo_len=4 kv_len=4096 n_heads=12 n_kv_heads=2 head_dim=128 kv_head=1 worker=0 block_r=0 block_c=0 t0_us=2285303047072 t1_us=2285303047171 dur_us=98
FIG8_ATTENTION_EVENT mode=scna-int8 phase=warmup iteration=1 component=v_load component_id=3 lut_exp=0 qo_len=4 kv_len=4096 n_heads=12 n_kv_heads=2 head_dim=128 kv_head=1 worker=0 block_r=0 block_c=0 t0_us=2285303047171 t1_us=2285303047305 dur_us=133
FIG8_ATTENTION_EVENT mode=scna-int8 phase=warmup iteration=1 component=core_acc component_id=6 lut_exp=0 qo_len=4 kv_len=4096 n_heads=12 n_kv_heads=2 head_dim=128 kv_head=1 worker=0 block_r=0 block_c=0 t0_us=2285303047305 t1_us=2285303047307 dur_us=1
FIG8_ATTENTION_EVENT mode=scna-int8 phase=warmup iteration=1 component=o_scale component_id=7 lut_exp=0 qo_len=4 kv_len=4096 n_heads=12 n_kv_heads=2 head_dim=128 kv_head=1 worker=0 block_r=0 block_c=-1 t0_us=2285303047308 t1_us=2285303047308 dur_us=0
FIG8_ATTENTION_EVENT mode=scna-int8 phase=warmup iteration=1 component=o_store component_id=8 lut_exp=0 qo_len=4 kv_len=4096 n_heads=12 n_kv_heads=2 head_dim=128 kv_head=1 worker=0 block_r=0 block_c=-1 t0_us=2285303047309 t1_us=2285303047311 dur_us=1
FIG8_ATTENTION_HOST_TIMING mode=scna-int8 qo_len=4 kv_len=4096 n_heads=12 n_kv_heads=2 head_dim=128 phase=warmup iteration=2 host_elapsed_us=1101 ret=0
FIG8_ATTENTION_PROFILE_COUNT mode=scna-int8 qo_len=4 phase=warmup iteration=2 records=2 max_records=10
FIG8_ATTENTION_TIMERS mode=scna-int8 phase=warmup iteration=2 lut_exp=0 nonlinear_mode=2 scna_width=8 scna_exp=79 qo_len=4 kv_len=4096 n_heads=12 n_kv_heads=2 head_dim=128 kv_head=0 worker=0 profiled_total=396 q_load=1 k_load=150 v_load=141 qk_dot=2 safe_sm=99 core_acc=2 o_scale=0 o_store=1
FIG8_ATTENTION_TIMERS mode=scna-int8 phase=warmup iteration=2 lut_exp=0 nonlinear_mode=2 scna_width=8 scna_exp=79 qo_len=4 kv_len=4096 n_heads=12 n_kv_heads=2 head_dim=128 kv_head=1 worker=0 profiled_total=381 q_load=1 k_load=148 v_load=128 qk_dot=2 safe_sm=99 core_acc=1 o_scale=0 o_store=2
FIG8_ATTENTION_EVENT_COUNT mode=scna-int8 qo_len=4 phase=warmup iteration=2 events=16 max_events=3224 overflow=0
FIG8_ATTENTION_EVENT mode=scna-int8 phase=warmup iteration=2 component=q_load component_id=1 lut_exp=0 qo_len=4 kv_len=4096 n_heads=12 n_kv_heads=2 head_dim=128 kv_head=0 worker=0 block_r=0 block_c=-1 t0_us=2285303047618 t1_us=2285303047619 dur_us=1
FIG8_ATTENTION_EVENT mode=scna-int8 phase=warmup iteration=2 component=k_load component_id=2 lut_exp=0 qo_len=4 kv_len=4096 n_heads=12 n_kv_heads=2 head_dim=128 kv_head=0 worker=0 block_r=0 block_c=0 t0_us=2285303047621 t1_us=2285303047771 dur_us=150
FIG8_ATTENTION_EVENT mode=scna-int8 phase=warmup iteration=2 component=qk_dot component_id=4 lut_exp=0 qo_len=4 kv_len=4096 n_heads=12 n_kv_heads=2 head_dim=128 kv_head=0 worker=0 block_r=0 block_c=0 t0_us=2285303047771 t1_us=2285303047773 dur_us=2
FIG8_ATTENTION_EVENT mode=scna-int8 phase=warmup iteration=2 component=safe_sm component_id=5 lut_exp=0 qo_len=4 kv_len=4096 n_heads=12 n_kv_heads=2 head_dim=128 kv_head=0 worker=0 block_r=0 block_c=0 t0_us=2285303047774 t1_us=2285303047873 dur_us=99
FIG8_ATTENTION_EVENT mode=scna-int8 phase=warmup iteration=2 component=v_load component_id=3 lut_exp=0 qo_len=4 kv_len=4096 n_heads=12 n_kv_heads=2 head_dim=128 kv_head=0 worker=0 block_r=0 block_c=0 t0_us=2285303047874 t1_us=2285303048015 dur_us=141
FIG8_ATTENTION_EVENT mode=scna-int8 phase=warmup iteration=2 component=core_acc component_id=6 lut_exp=0 qo_len=4 kv_len=4096 n_heads=12 n_kv_heads=2 head_dim=128 kv_head=0 worker=0 block_r=0 block_c=0 t0_us=2285303048016 t1_us=2285303048018 dur_us=2
FIG8_ATTENTION_EVENT mode=scna-int8 phase=warmup iteration=2 component=o_scale component_id=7 lut_exp=0 qo_len=4 kv_len=4096 n_heads=12 n_kv_heads=2 head_dim=128 kv_head=0 worker=0 block_r=0 block_c=-1 t0_us=2285303048018 t1_us=2285303048019 dur_us=0
FIG8_ATTENTION_EVENT mode=scna-int8 phase=warmup iteration=2 component=o_store component_id=8 lut_exp=0 qo_len=4 kv_len=4096 n_heads=12 n_kv_heads=2 head_dim=128 kv_head=0 worker=0 block_r=0 block_c=-1 t0_us=2285303048019 t1_us=2285303048021 dur_us=1
FIG8_ATTENTION_EVENT mode=scna-int8 phase=warmup iteration=2 component=q_load component_id=1 lut_exp=0 qo_len=4 kv_len=4096 n_heads=12 n_kv_heads=2 head_dim=128 kv_head=1 worker=0 block_r=0 block_c=-1 t0_us=2285303048063 t1_us=2285303048064 dur_us=1
FIG8_ATTENTION_EVENT mode=scna-int8 phase=warmup iteration=2 component=k_load component_id=2 lut_exp=0 qo_len=4 kv_len=4096 n_heads=12 n_kv_heads=2 head_dim=128 kv_head=1 worker=0 block_r=0 block_c=0 t0_us=2285303048065 t1_us=2285303048214 dur_us=148
FIG8_ATTENTION_EVENT mode=scna-int8 phase=warmup iteration=2 component=qk_dot component_id=4 lut_exp=0 qo_len=4 kv_len=4096 n_heads=12 n_kv_heads=2 head_dim=128 kv_head=1 worker=0 block_r=0 block_c=0 t0_us=2285303048215 t1_us=2285303048218 dur_us=2
FIG8_ATTENTION_EVENT mode=scna-int8 phase=warmup iteration=2 component=safe_sm component_id=5 lut_exp=0 qo_len=4 kv_len=4096 n_heads=12 n_kv_heads=2 head_dim=128 kv_head=1 worker=0 block_r=0 block_c=0 t0_us=2285303048218 t1_us=2285303048318 dur_us=99
FIG8_ATTENTION_EVENT mode=scna-int8 phase=warmup iteration=2 component=v_load component_id=3 lut_exp=0 qo_len=4 kv_len=4096 n_heads=12 n_kv_heads=2 head_dim=128 kv_head=1 worker=0 block_r=0 block_c=0 t0_us=2285303048318 t1_us=2285303048446 dur_us=128
FIG8_ATTENTION_EVENT mode=scna-int8 phase=warmup iteration=2 component=core_acc component_id=6 lut_exp=0 qo_len=4 kv_len=4096 n_heads=12 n_kv_heads=2 head_dim=128 kv_head=1 worker=0 block_r=0 block_c=0 t0_us=2285303048447 t1_us=2285303048448 dur_us=1
FIG8_ATTENTION_EVENT mode=scna-int8 phase=warmup iteration=2 component=o_scale component_id=7 lut_exp=0 qo_len=4 kv_len=4096 n_heads=12 n_kv_heads=2 head_dim=128 kv_head=1 worker=0 block_r=0 block_c=-1 t0_us=2285303048449 t1_us=2285303048449 dur_us=0
FIG8_ATTENTION_EVENT mode=scna-int8 phase=warmup iteration=2 component=o_store component_id=8 lut_exp=0 qo_len=4 kv_len=4096 n_heads=12 n_kv_heads=2 head_dim=128 kv_head=1 worker=0 block_r=0 block_c=-1 t0_us=2285303048450 t1_us=2285303048452 dur_us=2
FIG8_ATTENTION_HOST_TIMING mode=scna-int8 qo_len=4 kv_len=4096 n_heads=12 n_kv_heads=2 head_dim=128 phase=warmup iteration=3 host_elapsed_us=985 ret=0
FIG8_ATTENTION_PROFILE_COUNT mode=scna-int8 qo_len=4 phase=warmup iteration=3 records=2 max_records=10
FIG8_ATTENTION_TIMERS mode=scna-int8 phase=warmup iteration=3 lut_exp=0 nonlinear_mode=2 scna_width=8 scna_exp=79 qo_len=4 kv_len=4096 n_heads=12 n_kv_heads=2 head_dim=128 kv_head=0 worker=0 profiled_total=372 q_load=1 k_load=138 v_load=129 qk_dot=2 safe_sm=99 core_acc=2 o_scale=0 o_store=1
FIG8_ATTENTION_TIMERS mode=scna-int8 phase=warmup iteration=3 lut_exp=0 nonlinear_mode=2 scna_width=8 scna_exp=79 qo_len=4 kv_len=4096 n_heads=12 n_kv_heads=2 head_dim=128 kv_head=1 worker=0 profiled_total=388 q_load=1 k_load=141 v_load=140 qk_dot=2 safe_sm=100 core_acc=2 o_scale=0 o_store=2
FIG8_ATTENTION_EVENT_COUNT mode=scna-int8 qo_len=4 phase=warmup iteration=3 events=16 max_events=3224 overflow=0
FIG8_ATTENTION_EVENT mode=scna-int8 phase=warmup iteration=3 component=q_load component_id=1 lut_exp=0 qo_len=4 kv_len=4096 n_heads=12 n_kv_heads=2 head_dim=128 kv_head=0 worker=0 block_r=0 block_c=-1 t0_us=2285303048770 t1_us=2285303048772 dur_us=1
FIG8_ATTENTION_EVENT mode=scna-int8 phase=warmup iteration=3 component=k_load component_id=2 lut_exp=0 qo_len=4 kv_len=4096 n_heads=12 n_kv_heads=2 head_dim=128 kv_head=0 worker=0 block_r=0 block_c=0 t0_us=2285303048773 t1_us=2285303048911 dur_us=138
FIG8_ATTENTION_EVENT mode=scna-int8 phase=warmup iteration=3 component=qk_dot component_id=4 lut_exp=0 qo_len=4 kv_len=4096 n_heads=12 n_kv_heads=2 head_dim=128 kv_head=0 worker=0 block_r=0 block_c=0 t0_us=2285303048911 t1_us=2285303048913 dur_us=2
FIG8_ATTENTION_EVENT mode=scna-int8 phase=warmup iteration=3 component=safe_sm component_id=5 lut_exp=0 qo_len=4 kv_len=4096 n_heads=12 n_kv_heads=2 head_dim=128 kv_head=0 worker=0 block_r=0 block_c=0 t0_us=2285303048914 t1_us=2285303049013 dur_us=99
FIG8_ATTENTION_EVENT mode=scna-int8 phase=warmup iteration=3 component=v_load component_id=3 lut_exp=0 qo_len=4 kv_len=4096 n_heads=12 n_kv_heads=2 head_dim=128 kv_head=0 worker=0 block_r=0 block_c=0 t0_us=2285303049014 t1_us=2285303049143 dur_us=129
FIG8_ATTENTION_EVENT mode=scna-int8 phase=warmup iteration=3 component=core_acc component_id=6 lut_exp=0 qo_len=4 kv_len=4096 n_heads=12 n_kv_heads=2 head_dim=128 kv_head=0 worker=0 block_r=0 block_c=0 t0_us=2285303049143 t1_us=2285303049145 dur_us=2
FIG8_ATTENTION_EVENT mode=scna-int8 phase=warmup iteration=3 component=o_scale component_id=7 lut_exp=0 qo_len=4 kv_len=4096 n_heads=12 n_kv_heads=2 head_dim=128 kv_head=0 worker=0 block_r=0 block_c=-1 t0_us=2285303049146 t1_us=2285303049146 dur_us=0
FIG8_ATTENTION_EVENT mode=scna-int8 phase=warmup iteration=3 component=o_store component_id=8 lut_exp=0 qo_len=4 kv_len=4096 n_heads=12 n_kv_heads=2 head_dim=128 kv_head=0 worker=0 block_r=0 block_c=-1 t0_us=2285303049147 t1_us=2285303049149 dur_us=1
FIG8_ATTENTION_EVENT mode=scna-int8 phase=warmup iteration=3 component=q_load component_id=1 lut_exp=0 qo_len=4 kv_len=4096 n_heads=12 n_kv_heads=2 head_dim=128 kv_head=1 worker=0 block_r=0 block_c=-1 t0_us=2285303049189 t1_us=2285303049190 dur_us=1
FIG8_ATTENTION_EVENT mode=scna-int8 phase=warmup iteration=3 component=k_load component_id=2 lut_exp=0 qo_len=4 kv_len=4096 n_heads=12 n_kv_heads=2 head_dim=128 kv_head=1 worker=0 block_r=0 block_c=0 t0_us=2285303049191 t1_us=2285303049332 dur_us=141
FIG8_ATTENTION_EVENT mode=scna-int8 phase=warmup iteration=3 component=qk_dot component_id=4 lut_exp=0 qo_len=4 kv_len=4096 n_heads=12 n_kv_heads=2 head_dim=128 kv_head=1 worker=0 block_r=0 block_c=0 t0_us=2285303049333 t1_us=2285303049335 dur_us=2
FIG8_ATTENTION_EVENT mode=scna-int8 phase=warmup iteration=3 component=safe_sm component_id=5 lut_exp=0 qo_len=4 kv_len=4096 n_heads=12 n_kv_heads=2 head_dim=128 kv_head=1 worker=0 block_r=0 block_c=0 t0_us=2285303049336 t1_us=2285303049436 dur_us=100
FIG8_ATTENTION_EVENT mode=scna-int8 phase=warmup iteration=3 component=v_load component_id=3 lut_exp=0 qo_len=4 kv_len=4096 n_heads=12 n_kv_heads=2 head_dim=128 kv_head=1 worker=0 block_r=0 block_c=0 t0_us=2285303049436 t1_us=2285303049577 dur_us=140
FIG8_ATTENTION_EVENT mode=scna-int8 phase=warmup iteration=3 component=core_acc component_id=6 lut_exp=0 qo_len=4 kv_len=4096 n_heads=12 n_kv_heads=2 head_dim=128 kv_head=1 worker=0 block_r=0 block_c=0 t0_us=2285303049577 t1_us=2285303049579 dur_us=2
FIG8_ATTENTION_EVENT mode=scna-int8 phase=warmup iteration=3 component=o_scale component_id=7 lut_exp=0 qo_len=4 kv_len=4096 n_heads=12 n_kv_heads=2 head_dim=128 kv_head=1 worker=0 block_r=0 block_c=-1 t0_us=2285303049580 t1_us=2285303049581 dur_us=0
FIG8_ATTENTION_EVENT mode=scna-int8 phase=warmup iteration=3 component=o_store component_id=8 lut_exp=0 qo_len=4 kv_len=4096 n_heads=12 n_kv_heads=2 head_dim=128 kv_head=1 worker=0 block_r=0 block_c=-1 t0_us=2285303049581 t1_us=2285303049583 dur_us=2
FIG8_ATTENTION_HOST_TIMING mode=scna-int8 qo_len=4 kv_len=4096 n_heads=12 n_kv_heads=2 head_dim=128 phase=warmup iteration=4 host_elapsed_us=1002 ret=0
FIG8_ATTENTION_PROFILE_COUNT mode=scna-int8 qo_len=4 phase=warmup iteration=4 records=2 max_records=10
FIG8_ATTENTION_TIMERS mode=scna-int8 phase=warmup iteration=4 lut_exp=0 nonlinear_mode=2 scna_width=8 scna_exp=79 qo_len=4 kv_len=4096 n_heads=12 n_kv_heads=2 head_dim=128 kv_head=0 worker=0 profiled_total=382 q_load=1 k_load=141 v_load=135 qk_dot=2 safe_sm=100 core_acc=2 o_scale=0 o_store=1
FIG8_ATTENTION_TIMERS mode=scna-int8 phase=warmup iteration=4 lut_exp=0 nonlinear_mode=2 scna_width=8 scna_exp=79 qo_len=4 kv_len=4096 n_heads=12 n_kv_heads=2 head_dim=128 kv_head=1 worker=0 profiled_total=388 q_load=1 k_load=145 v_load=137 qk_dot=2 safe_sm=100 core_acc=1 o_scale=0 o_store=2
FIG8_ATTENTION_EVENT_COUNT mode=scna-int8 qo_len=4 phase=warmup iteration=4 events=16 max_events=3224 overflow=0
FIG8_ATTENTION_EVENT mode=scna-int8 phase=warmup iteration=4 component=q_load component_id=1 lut_exp=0 qo_len=4 kv_len=4096 n_heads=12 n_kv_heads=2 head_dim=128 kv_head=0 worker=0 block_r=0 block_c=-1 t0_us=2285303049806 t1_us=2285303049808 dur_us=1
FIG8_ATTENTION_EVENT mode=scna-int8 phase=warmup iteration=4 component=k_load component_id=2 lut_exp=0 qo_len=4 kv_len=4096 n_heads=12 n_kv_heads=2 head_dim=128 kv_head=0 worker=0 block_r=0 block_c=0 t0_us=2285303049809 t1_us=2285303049950 dur_us=141
FIG8_ATTENTION_EVENT mode=scna-int8 phase=warmup iteration=4 component=qk_dot component_id=4 lut_exp=0 qo_len=4 kv_len=4096 n_heads=12 n_kv_heads=2 head_dim=128 kv_head=0 worker=0 block_r=0 block_c=0 t0_us=2285303049950 t1_us=2285303049952 dur_us=2
FIG8_ATTENTION_EVENT mode=scna-int8 phase=warmup iteration=4 component=safe_sm component_id=5 lut_exp=0 qo_len=4 kv_len=4096 n_heads=12 n_kv_heads=2 head_dim=128 kv_head=0 worker=0 block_r=0 block_c=0 t0_us=2285303049953 t1_us=2285303050053 dur_us=100
FIG8_ATTENTION_EVENT mode=scna-int8 phase=warmup iteration=4 component=v_load component_id=3 lut_exp=0 qo_len=4 kv_len=4096 n_heads=12 n_kv_heads=2 head_dim=128 kv_head=0 worker=0 block_r=0 block_c=0 t0_us=2285303050053 t1_us=2285303050189 dur_us=135
FIG8_ATTENTION_EVENT mode=scna-int8 phase=warmup iteration=4 component=core_acc component_id=6 lut_exp=0 qo_len=4 kv_len=4096 n_heads=12 n_kv_heads=2 head_dim=128 kv_head=0 worker=0 block_r=0 block_c=0 t0_us=2285303050189 t1_us=2285303050191 dur_us=2
FIG8_ATTENTION_EVENT mode=scna-int8 phase=warmup iteration=4 component=o_scale component_id=7 lut_exp=0 qo_len=4 kv_len=4096 n_heads=12 n_kv_heads=2 head_dim=128 kv_head=0 worker=0 block_r=0 block_c=-1 t0_us=2285303050192 t1_us=2285303050192 dur_us=0
FIG8_ATTENTION_EVENT mode=scna-int8 phase=warmup iteration=4 component=o_store component_id=8 lut_exp=0 qo_len=4 kv_len=4096 n_heads=12 n_kv_heads=2 head_dim=128 kv_head=0 worker=0 block_r=0 block_c=-1 t0_us=2285303050193 t1_us=2285303050195 dur_us=1
FIG8_ATTENTION_EVENT mode=scna-int8 phase=warmup iteration=4 component=q_load component_id=1 lut_exp=0 qo_len=4 kv_len=4096 n_heads=12 n_kv_heads=2 head_dim=128 kv_head=1 worker=0 block_r=0 block_c=-1 t0_us=2285303050235 t1_us=2285303050236 dur_us=1
FIG8_ATTENTION_EVENT mode=scna-int8 phase=warmup iteration=4 component=k_load component_id=2 lut_exp=0 qo_len=4 kv_len=4096 n_heads=12 n_kv_heads=2 head_dim=128 kv_head=1 worker=0 block_r=0 block_c=0 t0_us=2285303050237 t1_us=2285303050383 dur_us=145
FIG8_ATTENTION_EVENT mode=scna-int8 phase=warmup iteration=4 component=qk_dot component_id=4 lut_exp=0 qo_len=4 kv_len=4096 n_heads=12 n_kv_heads=2 head_dim=128 kv_head=1 worker=0 block_r=0 block_c=0 t0_us=2285303050383 t1_us=2285303050386 dur_us=2
FIG8_ATTENTION_EVENT mode=scna-int8 phase=warmup iteration=4 component=safe_sm component_id=5 lut_exp=0 qo_len=4 kv_len=4096 n_heads=12 n_kv_heads=2 head_dim=128 kv_head=1 worker=0 block_r=0 block_c=0 t0_us=2285303050386 t1_us=2285303050487 dur_us=100
FIG8_ATTENTION_EVENT mode=scna-int8 phase=warmup iteration=4 component=v_load component_id=3 lut_exp=0 qo_len=4 kv_len=4096 n_heads=12 n_kv_heads=2 head_dim=128 kv_head=1 worker=0 block_r=0 block_c=0 t0_us=2285303050487 t1_us=2285303050625 dur_us=137
FIG8_ATTENTION_EVENT mode=scna-int8 phase=warmup iteration=4 component=core_acc component_id=6 lut_exp=0 qo_len=4 kv_len=4096 n_heads=12 n_kv_heads=2 head_dim=128 kv_head=1 worker=0 block_r=0 block_c=0 t0_us=2285303050625 t1_us=2285303050627 dur_us=1
FIG8_ATTENTION_EVENT mode=scna-int8 phase=warmup iteration=4 component=o_scale component_id=7 lut_exp=0 qo_len=4 kv_len=4096 n_heads=12 n_kv_heads=2 head_dim=128 kv_head=1 worker=0 block_r=0 block_c=-1 t0_us=2285303050627 t1_us=2285303050628 dur_us=0
FIG8_ATTENTION_EVENT mode=scna-int8 phase=warmup iteration=4 component=o_store component_id=8 lut_exp=0 qo_len=4 kv_len=4096 n_heads=12 n_kv_heads=2 head_dim=128 kv_head=1 worker=0 block_r=0 block_c=-1 t0_us=2285303050628 t1_us=2285303050630 dur_us=2
FIG8_ATTENTION_HOST_TIMING mode=scna-int8 qo_len=4 kv_len=4096 n_heads=12 n_kv_heads=2 head_dim=128 phase=measure iteration=0 host_elapsed_us=991 ret=0
FIG8_ATTENTION_PROFILE_COUNT mode=scna-int8 qo_len=4 phase=measure iteration=0 records=2 max_records=10
FIG8_ATTENTION_TIMERS mode=scna-int8 phase=measure iteration=0 lut_exp=0 nonlinear_mode=2 scna_width=8 scna_exp=78 qo_len=4 kv_len=4096 n_heads=12 n_kv_heads=2 head_dim=128 kv_head=0 worker=0 profiled_total=391 q_load=1 k_load=146 v_load=139 qk_dot=2 safe_sm=100 core_acc=2 o_scale=0 o_store=1
FIG8_ATTENTION_TIMERS mode=scna-int8 phase=measure iteration=0 lut_exp=0 nonlinear_mode=2 scna_width=8 scna_exp=79 qo_len=4 kv_len=4096 n_heads=12 n_kv_heads=2 head_dim=128 kv_head=1 worker=0 profiled_total=377 q_load=1 k_load=140 v_load=132 qk_dot=2 safe_sm=100 core_acc=1 o_scale=0 o_store=1
FIG8_ATTENTION_EVENT_COUNT mode=scna-int8 qo_len=4 phase=measure iteration=0 events=16 max_events=3224 overflow=0
FIG8_ATTENTION_EVENT mode=scna-int8 phase=measure iteration=0 component=q_load component_id=1 lut_exp=0 qo_len=4 kv_len=4096 n_heads=12 n_kv_heads=2 head_dim=128 kv_head=0 worker=0 block_r=0 block_c=-1 t0_us=2285303050875 t1_us=2285303050876 dur_us=1
FIG8_ATTENTION_EVENT mode=scna-int8 phase=measure iteration=0 component=k_load component_id=2 lut_exp=0 qo_len=4 kv_len=4096 n_heads=12 n_kv_heads=2 head_dim=128 kv_head=0 worker=0 block_r=0 block_c=0 t0_us=2285303050877 t1_us=2285303051024 dur_us=146
FIG8_ATTENTION_EVENT mode=scna-int8 phase=measure iteration=0 component=qk_dot component_id=4 lut_exp=0 qo_len=4 kv_len=4096 n_heads=12 n_kv_heads=2 head_dim=128 kv_head=0 worker=0 block_r=0 block_c=0 t0_us=2285303051024 t1_us=2285303051027 dur_us=2
FIG8_ATTENTION_EVENT mode=scna-int8 phase=measure iteration=0 component=safe_sm component_id=5 lut_exp=0 qo_len=4 kv_len=4096 n_heads=12 n_kv_heads=2 head_dim=128 kv_head=0 worker=0 block_r=0 block_c=0 t0_us=2285303051027 t1_us=2285303051127 dur_us=100
FIG8_ATTENTION_EVENT mode=scna-int8 phase=measure iteration=0 component=v_load component_id=3 lut_exp=0 qo_len=4 kv_len=4096 n_heads=12 n_kv_heads=2 head_dim=128 kv_head=0 worker=0 block_r=0 block_c=0 t0_us=2285303051128 t1_us=2285303051267 dur_us=139
FIG8_ATTENTION_EVENT mode=scna-int8 phase=measure iteration=0 component=core_acc component_id=6 lut_exp=0 qo_len=4 kv_len=4096 n_heads=12 n_kv_heads=2 head_dim=128 kv_head=0 worker=0 block_r=0 block_c=0 t0_us=2285303051267 t1_us=2285303051269 dur_us=2
FIG8_ATTENTION_EVENT mode=scna-int8 phase=measure iteration=0 component=o_scale component_id=7 lut_exp=0 qo_len=4 kv_len=4096 n_heads=12 n_kv_heads=2 head_dim=128 kv_head=0 worker=0 block_r=0 block_c=-1 t0_us=2285303051269 t1_us=2285303051270 dur_us=0
FIG8_ATTENTION_EVENT mode=scna-int8 phase=measure iteration=0 component=o_store component_id=8 lut_exp=0 qo_len=4 kv_len=4096 n_heads=12 n_kv_heads=2 head_dim=128 kv_head=0 worker=0 block_r=0 block_c=-1 t0_us=2285303051271 t1_us=2285303051273 dur_us=1
FIG8_ATTENTION_EVENT mode=scna-int8 phase=measure iteration=0 component=q_load component_id=1 lut_exp=0 qo_len=4 kv_len=4096 n_heads=12 n_kv_heads=2 head_dim=128 kv_head=1 worker=0 block_r=0 block_c=-1 t0_us=2285303051312 t1_us=2285303051314 dur_us=1
FIG8_ATTENTION_EVENT mode=scna-int8 phase=measure iteration=0 component=k_load component_id=2 lut_exp=0 qo_len=4 kv_len=4096 n_heads=12 n_kv_heads=2 head_dim=128 kv_head=1 worker=0 block_r=0 block_c=0 t0_us=2285303051315 t1_us=2285303051455 dur_us=140
FIG8_ATTENTION_EVENT mode=scna-int8 phase=measure iteration=0 component=qk_dot component_id=4 lut_exp=0 qo_len=4 kv_len=4096 n_heads=12 n_kv_heads=2 head_dim=128 kv_head=1 worker=0 block_r=0 block_c=0 t0_us=2285303051455 t1_us=2285303051458 dur_us=2
FIG8_ATTENTION_EVENT mode=scna-int8 phase=measure iteration=0 component=safe_sm component_id=5 lut_exp=0 qo_len=4 kv_len=4096 n_heads=12 n_kv_heads=2 head_dim=128 kv_head=1 worker=0 block_r=0 block_c=0 t0_us=2285303051459 t1_us=2285303051559 dur_us=100
FIG8_ATTENTION_EVENT mode=scna-int8 phase=measure iteration=0 component=v_load component_id=3 lut_exp=0 qo_len=4 kv_len=4096 n_heads=12 n_kv_heads=2 head_dim=128 kv_head=1 worker=0 block_r=0 block_c=0 t0_us=2285303051560 t1_us=2285303051692 dur_us=132
FIG8_ATTENTION_EVENT mode=scna-int8 phase=measure iteration=0 component=core_acc component_id=6 lut_exp=0 qo_len=4 kv_len=4096 n_heads=12 n_kv_heads=2 head_dim=128 kv_head=1 worker=0 block_r=0 block_c=0 t0_us=2285303051693 t1_us=2285303051694 dur_us=1
FIG8_ATTENTION_EVENT mode=scna-int8 phase=measure iteration=0 component=o_scale component_id=7 lut_exp=0 qo_len=4 kv_len=4096 n_heads=12 n_kv_heads=2 head_dim=128 kv_head=1 worker=0 block_r=0 block_c=-1 t0_us=2285303051695 t1_us=2285303051695 dur_us=0
FIG8_ATTENTION_EVENT mode=scna-int8 phase=measure iteration=0 component=o_store component_id=8 lut_exp=0 qo_len=4 kv_len=4096 n_heads=12 n_kv_heads=2 head_dim=128 kv_head=1 worker=0 block_r=0 block_c=-1 t0_us=2285303051696 t1_us=2285303051698 dur_us=1
FIG8_ATTENTION_HOST_TIMING mode=scna-int8 qo_len=4 kv_len=4096 n_heads=12 n_kv_heads=2 head_dim=128 phase=measure iteration=1 host_elapsed_us=987 ret=0
FIG8_ATTENTION_PROFILE_COUNT mode=scna-int8 qo_len=4 phase=measure iteration=1 records=2 max_records=10
FIG8_ATTENTION_TIMERS mode=scna-int8 phase=measure iteration=1 lut_exp=0 nonlinear_mode=2 scna_width=8 scna_exp=79 qo_len=4 kv_len=4096 n_heads=12 n_kv_heads=2 head_dim=128 kv_head=0 worker=0 profiled_total=374 q_load=1 k_load=141 v_load=126 qk_dot=2 safe_sm=100 core_acc=2 o_scale=0 o_store=2
FIG8_ATTENTION_TIMERS mode=scna-int8 phase=measure iteration=1 lut_exp=0 nonlinear_mode=2 scna_width=8 scna_exp=79 qo_len=4 kv_len=4096 n_heads=12 n_kv_heads=2 head_dim=128 kv_head=1 worker=0 profiled_total=382 q_load=1 k_load=152 v_load=125 qk_dot=2 safe_sm=100 core_acc=1 o_scale=0 o_store=1
FIG8_ATTENTION_EVENT_COUNT mode=scna-int8 qo_len=4 phase=measure iteration=1 events=16 max_events=3224 overflow=0
FIG8_ATTENTION_EVENT mode=scna-int8 phase=measure iteration=1 component=q_load component_id=1 lut_exp=0 qo_len=4 kv_len=4096 n_heads=12 n_kv_heads=2 head_dim=128 kv_head=0 worker=0 block_r=0 block_c=-1 t0_us=2285303051918 t1_us=2285303051920 dur_us=1
FIG8_ATTENTION_EVENT mode=scna-int8 phase=measure iteration=1 component=k_load component_id=2 lut_exp=0 qo_len=4 kv_len=4096 n_heads=12 n_kv_heads=2 head_dim=128 kv_head=0 worker=0 block_r=0 block_c=0 t0_us=2285303051921 t1_us=2285303052063 dur_us=141
FIG8_ATTENTION_EVENT mode=scna-int8 phase=measure iteration=1 component=qk_dot component_id=4 lut_exp=0 qo_len=4 kv_len=4096 n_heads=12 n_kv_heads=2 head_dim=128 kv_head=0 worker=0 block_r=0 block_c=0 t0_us=2285303052063 t1_us=2285303052065 dur_us=2
FIG8_ATTENTION_EVENT mode=scna-int8 phase=measure iteration=1 component=safe_sm component_id=5 lut_exp=0 qo_len=4 kv_len=4096 n_heads=12 n_kv_heads=2 head_dim=128 kv_head=0 worker=0 block_r=0 block_c=0 t0_us=2285303052065 t1_us=2285303052166 dur_us=100
FIG8_ATTENTION_EVENT mode=scna-int8 phase=measure iteration=1 component=v_load component_id=3 lut_exp=0 qo_len=4 kv_len=4096 n_heads=12 n_kv_heads=2 head_dim=128 kv_head=0 worker=0 block_r=0 block_c=0 t0_us=2285303052167 t1_us=2285303052293 dur_us=126
FIG8_ATTENTION_EVENT mode=scna-int8 phase=measure iteration=1 component=core_acc component_id=6 lut_exp=0 qo_len=4 kv_len=4096 n_heads=12 n_kv_heads=2 head_dim=128 kv_head=0 worker=0 block_r=0 block_c=0 t0_us=2285303052293 t1_us=2285303052296 dur_us=2
FIG8_ATTENTION_EVENT mode=scna-int8 phase=measure iteration=1 component=o_scale component_id=7 lut_exp=0 qo_len=4 kv_len=4096 n_heads=12 n_kv_heads=2 head_dim=128 kv_head=0 worker=0 block_r=0 block_c=-1 t0_us=2285303052296 t1_us=2285303052297 dur_us=0
FIG8_ATTENTION_EVENT mode=scna-int8 phase=measure iteration=1 component=o_store component_id=8 lut_exp=0 qo_len=4 kv_len=4096 n_heads=12 n_kv_heads=2 head_dim=128 kv_head=0 worker=0 block_r=0 block_c=-1 t0_us=2285303052297 t1_us=2285303052299 dur_us=2
FIG8_ATTENTION_EVENT mode=scna-int8 phase=measure iteration=1 component=q_load component_id=1 lut_exp=0 qo_len=4 kv_len=4096 n_heads=12 n_kv_heads=2 head_dim=128 kv_head=1 worker=0 block_r=0 block_c=-1 t0_us=2285303052338 t1_us=2285303052340 dur_us=1
FIG8_ATTENTION_EVENT mode=scna-int8 phase=measure iteration=1 component=k_load component_id=2 lut_exp=0 qo_len=4 kv_len=4096 n_heads=12 n_kv_heads=2 head_dim=128 kv_head=1 worker=0 block_r=0 block_c=0 t0_us=2285303052341 t1_us=2285303052493 dur_us=152
FIG8_ATTENTION_EVENT mode=scna-int8 phase=measure iteration=1 component=qk_dot component_id=4 lut_exp=0 qo_len=4 kv_len=4096 n_heads=12 n_kv_heads=2 head_dim=128 kv_head=1 worker=0 block_r=0 block_c=0 t0_us=2285303052494 t1_us=2285303052496 dur_us=2
FIG8_ATTENTION_EVENT mode=scna-int8 phase=measure iteration=1 component=safe_sm component_id=5 lut_exp=0 qo_len=4 kv_len=4096 n_heads=12 n_kv_heads=2 head_dim=128 kv_head=1 worker=0 block_r=0 block_c=0 t0_us=2285303052497 t1_us=2285303052598 dur_us=100
FIG8_ATTENTION_EVENT mode=scna-int8 phase=measure iteration=1 component=v_load component_id=3 lut_exp=0 qo_len=4 kv_len=4096 n_heads=12 n_kv_heads=2 head_dim=128 kv_head=1 worker=0 block_r=0 block_c=0 t0_us=2285303052598 t1_us=2285303052723 dur_us=125
FIG8_ATTENTION_EVENT mode=scna-int8 phase=measure iteration=1 component=core_acc component_id=6 lut_exp=0 qo_len=4 kv_len=4096 n_heads=12 n_kv_heads=2 head_dim=128 kv_head=1 worker=0 block_r=0 block_c=0 t0_us=2285303052724 t1_us=2285303052725 dur_us=1
FIG8_ATTENTION_EVENT mode=scna-int8 phase=measure iteration=1 component=o_scale component_id=7 lut_exp=0 qo_len=4 kv_len=4096 n_heads=12 n_kv_heads=2 head_dim=128 kv_head=1 worker=0 block_r=0 block_c=-1 t0_us=2285303052725 t1_us=2285303052726 dur_us=0
FIG8_ATTENTION_EVENT mode=scna-int8 phase=measure iteration=1 component=o_store component_id=8 lut_exp=0 qo_len=4 kv_len=4096 n_heads=12 n_kv_heads=2 head_dim=128 kv_head=1 worker=0 block_r=0 block_c=-1 t0_us=2285303052726 t1_us=2285303052728 dur_us=1
FIG8_ATTENTION_HOST_TIMING mode=scna-int8 qo_len=4 kv_len=4096 n_heads=12 n_kv_heads=2 head_dim=128 phase=measure iteration=2 host_elapsed_us=1099 ret=0
FIG8_ATTENTION_PROFILE_COUNT mode=scna-int8 qo_len=4 phase=measure iteration=2 records=2 max_records=10
FIG8_ATTENTION_TIMERS mode=scna-int8 phase=measure iteration=2 lut_exp=0 nonlinear_mode=2 scna_width=8 scna_exp=79 qo_len=4 kv_len=4096 n_heads=12 n_kv_heads=2 head_dim=128 kv_head=0 worker=0 profiled_total=389 q_load=1 k_load=143 v_load=139 qk_dot=2 safe_sm=100 core_acc=2 o_scale=0 o_store=2
FIG8_ATTENTION_TIMERS mode=scna-int8 phase=measure iteration=2 lut_exp=0 nonlinear_mode=2 scna_width=8 scna_exp=79 qo_len=4 kv_len=4096 n_heads=12 n_kv_heads=2 head_dim=128 kv_head=1 worker=0 profiled_total=387 q_load=1 k_load=143 v_load=139 qk_dot=2 safe_sm=99 core_acc=1 o_scale=0 o_store=2
FIG8_ATTENTION_EVENT_COUNT mode=scna-int8 qo_len=4 phase=measure iteration=2 events=16 max_events=3224 overflow=0
FIG8_ATTENTION_EVENT mode=scna-int8 phase=measure iteration=2 component=q_load component_id=1 lut_exp=0 qo_len=4 kv_len=4096 n_heads=12 n_kv_heads=2 head_dim=128 kv_head=0 worker=0 block_r=0 block_c=-1 t0_us=2285303052955 t1_us=2285303052957 dur_us=1
FIG8_ATTENTION_EVENT mode=scna-int8 phase=measure iteration=2 component=k_load component_id=2 lut_exp=0 qo_len=4 kv_len=4096 n_heads=12 n_kv_heads=2 head_dim=128 kv_head=0 worker=0 block_r=0 block_c=0 t0_us=2285303052958 t1_us=2285303053102 dur_us=143
FIG8_ATTENTION_EVENT mode=scna-int8 phase=measure iteration=2 component=qk_dot component_id=4 lut_exp=0 qo_len=4 kv_len=4096 n_heads=12 n_kv_heads=2 head_dim=128 kv_head=0 worker=0 block_r=0 block_c=0 t0_us=2285303053102 t1_us=2285303053104 dur_us=2
FIG8_ATTENTION_EVENT mode=scna-int8 phase=measure iteration=2 component=safe_sm component_id=5 lut_exp=0 qo_len=4 kv_len=4096 n_heads=12 n_kv_heads=2 head_dim=128 kv_head=0 worker=0 block_r=0 block_c=0 t0_us=2285303053104 t1_us=2285303053205 dur_us=100
FIG8_ATTENTION_EVENT mode=scna-int8 phase=measure iteration=2 component=v_load component_id=3 lut_exp=0 qo_len=4 kv_len=4096 n_heads=12 n_kv_heads=2 head_dim=128 kv_head=0 worker=0 block_r=0 block_c=0 t0_us=2285303053205 t1_us=2285303053344 dur_us=139
FIG8_ATTENTION_EVENT mode=scna-int8 phase=measure iteration=2 component=core_acc component_id=6 lut_exp=0 qo_len=4 kv_len=4096 n_heads=12 n_kv_heads=2 head_dim=128 kv_head=0 worker=0 block_r=0 block_c=0 t0_us=2285303053345 t1_us=2285303053347 dur_us=2
FIG8_ATTENTION_EVENT mode=scna-int8 phase=measure iteration=2 component=o_scale component_id=7 lut_exp=0 qo_len=4 kv_len=4096 n_heads=12 n_kv_heads=2 head_dim=128 kv_head=0 worker=0 block_r=0 block_c=-1 t0_us=2285303053347 t1_us=2285303053348 dur_us=0
FIG8_ATTENTION_EVENT mode=scna-int8 phase=measure iteration=2 component=o_store component_id=8 lut_exp=0 qo_len=4 kv_len=4096 n_heads=12 n_kv_heads=2 head_dim=128 kv_head=0 worker=0 block_r=0 block_c=-1 t0_us=2285303053348 t1_us=2285303053350 dur_us=2
FIG8_ATTENTION_EVENT mode=scna-int8 phase=measure iteration=2 component=q_load component_id=1 lut_exp=0 qo_len=4 kv_len=4096 n_heads=12 n_kv_heads=2 head_dim=128 kv_head=1 worker=0 block_r=0 block_c=-1 t0_us=2285303053389 t1_us=2285303053391 dur_us=1
FIG8_ATTENTION_EVENT mode=scna-int8 phase=measure iteration=2 component=k_load component_id=2 lut_exp=0 qo_len=4 kv_len=4096 n_heads=12 n_kv_heads=2 head_dim=128 kv_head=1 worker=0 block_r=0 block_c=0 t0_us=2285303053392 t1_us=2285303053535 dur_us=143
FIG8_ATTENTION_EVENT mode=scna-int8 phase=measure iteration=2 component=qk_dot component_id=4 lut_exp=0 qo_len=4 kv_len=4096 n_heads=12 n_kv_heads=2 head_dim=128 kv_head=1 worker=0 block_r=0 block_c=0 t0_us=2285303053536 t1_us=2285303053538 dur_us=2
FIG8_ATTENTION_EVENT mode=scna-int8 phase=measure iteration=2 component=safe_sm component_id=5 lut_exp=0 qo_len=4 kv_len=4096 n_heads=12 n_kv_heads=2 head_dim=128 kv_head=1 worker=0 block_r=0 block_c=0 t0_us=2285303053539 t1_us=2285303053638 dur_us=99
FIG8_ATTENTION_EVENT mode=scna-int8 phase=measure iteration=2 component=v_load component_id=3 lut_exp=0 qo_len=4 kv_len=4096 n_heads=12 n_kv_heads=2 head_dim=128 kv_head=1 worker=0 block_r=0 block_c=0 t0_us=2285303053638 t1_us=2285303053778 dur_us=139
FIG8_ATTENTION_EVENT mode=scna-int8 phase=measure iteration=2 component=core_acc component_id=6 lut_exp=0 qo_len=4 kv_len=4096 n_heads=12 n_kv_heads=2 head_dim=128 kv_head=1 worker=0 block_r=0 block_c=0 t0_us=2285303053779 t1_us=2285303053780 dur_us=1
FIG8_ATTENTION_EVENT mode=scna-int8 phase=measure iteration=2 component=o_scale component_id=7 lut_exp=0 qo_len=4 kv_len=4096 n_heads=12 n_kv_heads=2 head_dim=128 kv_head=1 worker=0 block_r=0 block_c=-1 t0_us=2285303053781 t1_us=2285303053782 dur_us=0
FIG8_ATTENTION_EVENT mode=scna-int8 phase=measure iteration=2 component=o_store component_id=8 lut_exp=0 qo_len=4 kv_len=4096 n_heads=12 n_kv_heads=2 head_dim=128 kv_head=1 worker=0 block_r=0 block_c=-1 t0_us=2285303053782 t1_us=2285303053784 dur_us=2
FIG8_ATTENTION_HOST_TIMING mode=scna-int8 qo_len=4 kv_len=4096 n_heads=12 n_kv_heads=2 head_dim=128 phase=measure iteration=3 host_elapsed_us=1094 ret=0
FIG8_ATTENTION_PROFILE_COUNT mode=scna-int8 qo_len=4 phase=measure iteration=3 records=2 max_records=10
FIG8_ATTENTION_TIMERS mode=scna-int8 phase=measure iteration=3 lut_exp=0 nonlinear_mode=2 scna_width=8 scna_exp=79 qo_len=4 kv_len=4096 n_heads=12 n_kv_heads=2 head_dim=128 kv_head=0 worker=0 profiled_total=385 q_load=1 k_load=147 v_load=132 qk_dot=2 safe_sm=100 core_acc=1 o_scale=0 o_store=2
FIG8_ATTENTION_TIMERS mode=scna-int8 phase=measure iteration=3 lut_exp=0 nonlinear_mode=2 scna_width=8 scna_exp=79 qo_len=4 kv_len=4096 n_heads=12 n_kv_heads=2 head_dim=128 kv_head=1 worker=0 profiled_total=387 q_load=1 k_load=155 v_load=127 qk_dot=2 safe_sm=99 core_acc=1 o_scale=0 o_store=2
FIG8_ATTENTION_EVENT_COUNT mode=scna-int8 qo_len=4 phase=measure iteration=3 events=16 max_events=3224 overflow=0
FIG8_ATTENTION_EVENT mode=scna-int8 phase=measure iteration=3 component=q_load component_id=1 lut_exp=0 qo_len=4 kv_len=4096 n_heads=12 n_kv_heads=2 head_dim=128 kv_head=0 worker=0 block_r=0 block_c=-1 t0_us=2285303054103 t1_us=2285303054105 dur_us=1
FIG8_ATTENTION_EVENT mode=scna-int8 phase=measure iteration=3 component=k_load component_id=2 lut_exp=0 qo_len=4 kv_len=4096 n_heads=12 n_kv_heads=2 head_dim=128 kv_head=0 worker=0 block_r=0 block_c=0 t0_us=2285303054106 t1_us=2285303054253 dur_us=147
FIG8_ATTENTION_EVENT mode=scna-int8 phase=measure iteration=3 component=qk_dot component_id=4 lut_exp=0 qo_len=4 kv_len=4096 n_heads=12 n_kv_heads=2 head_dim=128 kv_head=0 worker=0 block_r=0 block_c=0 t0_us=2285303054253 t1_us=2285303054256 dur_us=2
FIG8_ATTENTION_EVENT mode=scna-int8 phase=measure iteration=3 component=safe_sm component_id=5 lut_exp=0 qo_len=4 kv_len=4096 n_heads=12 n_kv_heads=2 head_dim=128 kv_head=0 worker=0 block_r=0 block_c=0 t0_us=2285303054256 t1_us=2285303054356 dur_us=100
FIG8_ATTENTION_EVENT mode=scna-int8 phase=measure iteration=3 component=v_load component_id=3 lut_exp=0 qo_len=4 kv_len=4096 n_heads=12 n_kv_heads=2 head_dim=128 kv_head=0 worker=0 block_r=0 block_c=0 t0_us=2285303054357 t1_us=2285303054489 dur_us=132
FIG8_ATTENTION_EVENT mode=scna-int8 phase=measure iteration=3 component=core_acc component_id=6 lut_exp=0 qo_len=4 kv_len=4096 n_heads=12 n_kv_heads=2 head_dim=128 kv_head=0 worker=0 block_r=0 block_c=0 t0_us=2285303054490 t1_us=2285303054492 dur_us=1
FIG8_ATTENTION_EVENT mode=scna-int8 phase=measure iteration=3 component=o_scale component_id=7 lut_exp=0 qo_len=4 kv_len=4096 n_heads=12 n_kv_heads=2 head_dim=128 kv_head=0 worker=0 block_r=0 block_c=-1 t0_us=2285303054492 t1_us=2285303054493 dur_us=0
FIG8_ATTENTION_EVENT mode=scna-int8 phase=measure iteration=3 component=o_store component_id=8 lut_exp=0 qo_len=4 kv_len=4096 n_heads=12 n_kv_heads=2 head_dim=128 kv_head=0 worker=0 block_r=0 block_c=-1 t0_us=2285303054493 t1_us=2285303054496 dur_us=2
FIG8_ATTENTION_EVENT mode=scna-int8 phase=measure iteration=3 component=q_load component_id=1 lut_exp=0 qo_len=4 kv_len=4096 n_heads=12 n_kv_heads=2 head_dim=128 kv_head=1 worker=0 block_r=0 block_c=-1 t0_us=2285303054535 t1_us=2285303054537 dur_us=1
FIG8_ATTENTION_EVENT mode=scna-int8 phase=measure iteration=3 component=k_load component_id=2 lut_exp=0 qo_len=4 kv_len=4096 n_heads=12 n_kv_heads=2 head_dim=128 kv_head=1 worker=0 block_r=0 block_c=0 t0_us=2285303054538 t1_us=2285303054693 dur_us=155
FIG8_ATTENTION_EVENT mode=scna-int8 phase=measure iteration=3 component=qk_dot component_id=4 lut_exp=0 qo_len=4 kv_len=4096 n_heads=12 n_kv_heads=2 head_dim=128 kv_head=1 worker=0 block_r=0 block_c=0 t0_us=2285303054694 t1_us=2285303054697 dur_us=2
FIG8_ATTENTION_EVENT mode=scna-int8 phase=measure iteration=3 component=safe_sm component_id=5 lut_exp=0 qo_len=4 kv_len=4096 n_heads=12 n_kv_heads=2 head_dim=128 kv_head=1 worker=0 block_r=0 block_c=0 t0_us=2285303054697 t1_us=2285303054797 dur_us=99
FIG8_ATTENTION_EVENT mode=scna-int8 phase=measure iteration=3 component=v_load component_id=3 lut_exp=0 qo_len=4 kv_len=4096 n_heads=12 n_kv_heads=2 head_dim=128 kv_head=1 worker=0 block_r=0 block_c=0 t0_us=2285303054797 t1_us=2285303054924 dur_us=127
FIG8_ATTENTION_EVENT mode=scna-int8 phase=measure iteration=3 component=core_acc component_id=6 lut_exp=0 qo_len=4 kv_len=4096 n_heads=12 n_kv_heads=2 head_dim=128 kv_head=1 worker=0 block_r=0 block_c=0 t0_us=2285303054925 t1_us=2285303054927 dur_us=1
FIG8_ATTENTION_EVENT mode=scna-int8 phase=measure iteration=3 component=o_scale component_id=7 lut_exp=0 qo_len=4 kv_len=4096 n_heads=12 n_kv_heads=2 head_dim=128 kv_head=1 worker=0 block_r=0 block_c=-1 t0_us=2285303054927 t1_us=2285303054928 dur_us=0
FIG8_ATTENTION_EVENT mode=scna-int8 phase=measure iteration=3 component=o_store component_id=8 lut_exp=0 qo_len=4 kv_len=4096 n_heads=12 n_kv_heads=2 head_dim=128 kv_head=1 worker=0 block_r=0 block_c=-1 t0_us=2285303054928 t1_us=2285303054930 dur_us=2
FIG8_ATTENTION_HOST_TIMING mode=scna-int8 qo_len=4 kv_len=4096 n_heads=12 n_kv_heads=2 head_dim=128 phase=measure iteration=4 host_elapsed_us=1100 ret=0
FIG8_ATTENTION_PROFILE_COUNT mode=scna-int8 qo_len=4 phase=measure iteration=4 records=2 max_records=10
FIG8_ATTENTION_TIMERS mode=scna-int8 phase=measure iteration=4 lut_exp=0 nonlinear_mode=2 scna_width=8 scna_exp=79 qo_len=4 kv_len=4096 n_heads=12 n_kv_heads=2 head_dim=128 kv_head=0 worker=0 profiled_total=398 q_load=1 k_load=152 v_load=138 qk_dot=2 safe_sm=101 core_acc=2 o_scale=0 o_store=2
FIG8_ATTENTION_TIMERS mode=scna-int8 phase=measure iteration=4 lut_exp=0 nonlinear_mode=2 scna_width=8 scna_exp=78 qo_len=4 kv_len=4096 n_heads=12 n_kv_heads=2 head_dim=128 kv_head=1 worker=0 profiled_total=386 q_load=1 k_load=145 v_load=136 qk_dot=2 safe_sm=99 core_acc=1 o_scale=0 o_store=2
FIG8_ATTENTION_EVENT_COUNT mode=scna-int8 qo_len=4 phase=measure iteration=4 events=16 max_events=3224 overflow=0
FIG8_ATTENTION_EVENT mode=scna-int8 phase=measure iteration=4 component=q_load component_id=1 lut_exp=0 qo_len=4 kv_len=4096 n_heads=12 n_kv_heads=2 head_dim=128 kv_head=0 worker=0 block_r=0 block_c=-1 t0_us=2285303055245 t1_us=2285303055246 dur_us=1
FIG8_ATTENTION_EVENT mode=scna-int8 phase=measure iteration=4 component=k_load component_id=2 lut_exp=0 qo_len=4 kv_len=4096 n_heads=12 n_kv_heads=2 head_dim=128 kv_head=0 worker=0 block_r=0 block_c=0 t0_us=2285303055247 t1_us=2285303055400 dur_us=152
FIG8_ATTENTION_EVENT mode=scna-int8 phase=measure iteration=4 component=qk_dot component_id=4 lut_exp=0 qo_len=4 kv_len=4096 n_heads=12 n_kv_heads=2 head_dim=128 kv_head=0 worker=0 block_r=0 block_c=0 t0_us=2285303055400 t1_us=2285303055402 dur_us=2
FIG8_ATTENTION_EVENT mode=scna-int8 phase=measure iteration=4 component=safe_sm component_id=5 lut_exp=0 qo_len=4 kv_len=4096 n_heads=12 n_kv_heads=2 head_dim=128 kv_head=0 worker=0 block_r=0 block_c=0 t0_us=2285303055403 t1_us=2285303055504 dur_us=101
FIG8_ATTENTION_EVENT mode=scna-int8 phase=measure iteration=4 component=v_load component_id=3 lut_exp=0 qo_len=4 kv_len=4096 n_heads=12 n_kv_heads=2 head_dim=128 kv_head=0 worker=0 block_r=0 block_c=0 t0_us=2285303055504 t1_us=2285303055643 dur_us=138
FIG8_ATTENTION_EVENT mode=scna-int8 phase=measure iteration=4 component=core_acc component_id=6 lut_exp=0 qo_len=4 kv_len=4096 n_heads=12 n_kv_heads=2 head_dim=128 kv_head=0 worker=0 block_r=0 block_c=0 t0_us=2285303055643 t1_us=2285303055645 dur_us=2
FIG8_ATTENTION_EVENT mode=scna-int8 phase=measure iteration=4 component=o_scale component_id=7 lut_exp=0 qo_len=4 kv_len=4096 n_heads=12 n_kv_heads=2 head_dim=128 kv_head=0 worker=0 block_r=0 block_c=-1 t0_us=2285303055646 t1_us=2285303055646 dur_us=0
FIG8_ATTENTION_EVENT mode=scna-int8 phase=measure iteration=4 component=o_store component_id=8 lut_exp=0 qo_len=4 kv_len=4096 n_heads=12 n_kv_heads=2 head_dim=128 kv_head=0 worker=0 block_r=0 block_c=-1 t0_us=2285303055647 t1_us=2285303055649 dur_us=2
FIG8_ATTENTION_EVENT mode=scna-int8 phase=measure iteration=4 component=q_load component_id=1 lut_exp=0 qo_len=4 kv_len=4096 n_heads=12 n_kv_heads=2 head_dim=128 kv_head=1 worker=0 block_r=0 block_c=-1 t0_us=2285303055689 t1_us=2285303055691 dur_us=1
FIG8_ATTENTION_EVENT mode=scna-int8 phase=measure iteration=4 component=k_load component_id=2 lut_exp=0 qo_len=4 kv_len=4096 n_heads=12 n_kv_heads=2 head_dim=128 kv_head=1 worker=0 block_r=0 block_c=0 t0_us=2285303055692 t1_us=2285303055837 dur_us=145
FIG8_ATTENTION_EVENT mode=scna-int8 phase=measure iteration=4 component=qk_dot component_id=4 lut_exp=0 qo_len=4 kv_len=4096 n_heads=12 n_kv_heads=2 head_dim=128 kv_head=1 worker=0 block_r=0 block_c=0 t0_us=2285303055838 t1_us=2285303055840 dur_us=2
FIG8_ATTENTION_EVENT mode=scna-int8 phase=measure iteration=4 component=safe_sm component_id=5 lut_exp=0 qo_len=4 kv_len=4096 n_heads=12 n_kv_heads=2 head_dim=128 kv_head=1 worker=0 block_r=0 block_c=0 t0_us=2285303055840 t1_us=2285303055940 dur_us=99
FIG8_ATTENTION_EVENT mode=scna-int8 phase=measure iteration=4 component=v_load component_id=3 lut_exp=0 qo_len=4 kv_len=4096 n_heads=12 n_kv_heads=2 head_dim=128 kv_head=1 worker=0 block_r=0 block_c=0 t0_us=2285303055940 t1_us=2285303056077 dur_us=136
FIG8_ATTENTION_EVENT mode=scna-int8 phase=measure iteration=4 component=core_acc component_id=6 lut_exp=0 qo_len=4 kv_len=4096 n_heads=12 n_kv_heads=2 head_dim=128 kv_head=1 worker=0 block_r=0 block_c=0 t0_us=2285303056078 t1_us=2285303056080 dur_us=1
FIG8_ATTENTION_EVENT mode=scna-int8 phase=measure iteration=4 component=o_scale component_id=7 lut_exp=0 qo_len=4 kv_len=4096 n_heads=12 n_kv_heads=2 head_dim=128 kv_head=1 worker=0 block_r=0 block_c=-1 t0_us=2285303056080 t1_us=2285303056081 dur_us=0
FIG8_ATTENTION_EVENT mode=scna-int8 phase=measure iteration=4 component=o_store component_id=8 lut_exp=0 qo_len=4 kv_len=4096 n_heads=12 n_kv_heads=2 head_dim=128 kv_head=1 worker=0 block_r=0 block_c=-1 t0_us=2285303056081 t1_us=2285303056083 dur_us=2
FIG8_ATTENTION_HOST_TIMING mode=scna-int8 qo_len=4 kv_len=4096 n_heads=12 n_kv_heads=2 head_dim=128 phase=measure iteration=5 host_elapsed_us=987 ret=0
FIG8_ATTENTION_PROFILE_COUNT mode=scna-int8 qo_len=4 phase=measure iteration=5 records=2 max_records=10
FIG8_ATTENTION_TIMERS mode=scna-int8 phase=measure iteration=5 lut_exp=0 nonlinear_mode=2 scna_width=8 scna_exp=78 qo_len=4 kv_len=4096 n_heads=12 n_kv_heads=2 head_dim=128 kv_head=0 worker=0 profiled_total=379 q_load=1 k_load=142 v_load=131 qk_dot=2 safe_sm=100 core_acc=2 o_scale=0 o_store=1
FIG8_ATTENTION_TIMERS mode=scna-int8 phase=measure iteration=5 lut_exp=0 nonlinear_mode=2 scna_width=8 scna_exp=78 qo_len=4 kv_len=4096 n_heads=12 n_kv_heads=2 head_dim=128 kv_head=1 worker=0 profiled_total=381 q_load=1 k_load=142 v_load=136 qk_dot=2 safe_sm=98 core_acc=1 o_scale=0 o_store=1
FIG8_ATTENTION_EVENT_COUNT mode=scna-int8 qo_len=4 phase=measure iteration=5 events=16 max_events=3224 overflow=0
FIG8_ATTENTION_EVENT mode=scna-int8 phase=measure iteration=5 component=q_load component_id=1 lut_exp=0 qo_len=4 kv_len=4096 n_heads=12 n_kv_heads=2 head_dim=128 kv_head=0 worker=0 block_r=0 block_c=-1 t0_us=2285303056404 t1_us=2285303056405 dur_us=1
FIG8_ATTENTION_EVENT mode=scna-int8 phase=measure iteration=5 component=k_load component_id=2 lut_exp=0 qo_len=4 kv_len=4096 n_heads=12 n_kv_heads=2 head_dim=128 kv_head=0 worker=0 block_r=0 block_c=0 t0_us=2285303056407 t1_us=2285303056549 dur_us=142
FIG8_ATTENTION_EVENT mode=scna-int8 phase=measure iteration=5 component=qk_dot component_id=4 lut_exp=0 qo_len=4 kv_len=4096 n_heads=12 n_kv_heads=2 head_dim=128 kv_head=0 worker=0 block_r=0 block_c=0 t0_us=2285303056549 t1_us=2285303056551 dur_us=2
FIG8_ATTENTION_EVENT mode=scna-int8 phase=measure iteration=5 component=safe_sm component_id=5 lut_exp=0 qo_len=4 kv_len=4096 n_heads=12 n_kv_heads=2 head_dim=128 kv_head=0 worker=0 block_r=0 block_c=0 t0_us=2285303056552 t1_us=2285303056652 dur_us=100
FIG8_ATTENTION_EVENT mode=scna-int8 phase=measure iteration=5 component=v_load component_id=3 lut_exp=0 qo_len=4 kv_len=4096 n_heads=12 n_kv_heads=2 head_dim=128 kv_head=0 worker=0 block_r=0 block_c=0 t0_us=2285303056653 t1_us=2285303056785 dur_us=131
FIG8_ATTENTION_EVENT mode=scna-int8 phase=measure iteration=5 component=core_acc component_id=6 lut_exp=0 qo_len=4 kv_len=4096 n_heads=12 n_kv_heads=2 head_dim=128 kv_head=0 worker=0 block_r=0 block_c=0 t0_us=2285303056785 t1_us=2285303056787 dur_us=2
FIG8_ATTENTION_EVENT mode=scna-int8 phase=measure iteration=5 component=o_scale component_id=7 lut_exp=0 qo_len=4 kv_len=4096 n_heads=12 n_kv_heads=2 head_dim=128 kv_head=0 worker=0 block_r=0 block_c=-1 t0_us=2285303056787 t1_us=2285303056788 dur_us=0
FIG8_ATTENTION_EVENT mode=scna-int8 phase=measure iteration=5 component=o_store component_id=8 lut_exp=0 qo_len=4 kv_len=4096 n_heads=12 n_kv_heads=2 head_dim=128 kv_head=0 worker=0 block_r=0 block_c=-1 t0_us=2285303056788 t1_us=2285303056790 dur_us=1
FIG8_ATTENTION_EVENT mode=scna-int8 phase=measure iteration=5 component=q_load component_id=1 lut_exp=0 qo_len=4 kv_len=4096 n_heads=12 n_kv_heads=2 head_dim=128 kv_head=1 worker=0 block_r=0 block_c=-1 t0_us=2285303056832 t1_us=2285303056833 dur_us=1
FIG8_ATTENTION_EVENT mode=scna-int8 phase=measure iteration=5 component=k_load component_id=2 lut_exp=0 qo_len=4 kv_len=4096 n_heads=12 n_kv_heads=2 head_dim=128 kv_head=1 worker=0 block_r=0 block_c=0 t0_us=2285303056834 t1_us=2285303056977 dur_us=142
FIG8_ATTENTION_EVENT mode=scna-int8 phase=measure iteration=5 component=qk_dot component_id=4 lut_exp=0 qo_len=4 kv_len=4096 n_heads=12 n_kv_heads=2 head_dim=128 kv_head=1 worker=0 block_r=0 block_c=0 t0_us=2285303056977 t1_us=2285303056979 dur_us=2
FIG8_ATTENTION_EVENT mode=scna-int8 phase=measure iteration=5 component=safe_sm component_id=5 lut_exp=0 qo_len=4 kv_len=4096 n_heads=12 n_kv_heads=2 head_dim=128 kv_head=1 worker=0 block_r=0 block_c=0 t0_us=2285303056980 t1_us=2285303057079 dur_us=98
FIG8_ATTENTION_EVENT mode=scna-int8 phase=measure iteration=5 component=v_load component_id=3 lut_exp=0 qo_len=4 kv_len=4096 n_heads=12 n_kv_heads=2 head_dim=128 kv_head=1 worker=0 block_r=0 block_c=0 t0_us=2285303057079 t1_us=2285303057215 dur_us=136
FIG8_ATTENTION_EVENT mode=scna-int8 phase=measure iteration=5 component=core_acc component_id=6 lut_exp=0 qo_len=4 kv_len=4096 n_heads=12 n_kv_heads=2 head_dim=128 kv_head=1 worker=0 block_r=0 block_c=0 t0_us=2285303057215 t1_us=2285303057217 dur_us=1
FIG8_ATTENTION_EVENT mode=scna-int8 phase=measure iteration=5 component=o_scale component_id=7 lut_exp=0 qo_len=4 kv_len=4096 n_heads=12 n_kv_heads=2 head_dim=128 kv_head=1 worker=0 block_r=0 block_c=-1 t0_us=2285303057218 t1_us=2285303057218 dur_us=0
FIG8_ATTENTION_EVENT mode=scna-int8 phase=measure iteration=5 component=o_store component_id=8 lut_exp=0 qo_len=4 kv_len=4096 n_heads=12 n_kv_heads=2 head_dim=128 kv_head=1 worker=0 block_r=0 block_c=-1 t0_us=2285303057219 t1_us=2285303057221 dur_us=1
FIG8_ATTENTION_HOST_TIMING mode=scna-int8 qo_len=4 kv_len=4096 n_heads=12 n_kv_heads=2 head_dim=128 phase=measure iteration=6 host_elapsed_us=985 ret=0
FIG8_ATTENTION_PROFILE_COUNT mode=scna-int8 qo_len=4 phase=measure iteration=6 records=2 max_records=10
FIG8_ATTENTION_TIMERS mode=scna-int8 phase=measure iteration=6 lut_exp=0 nonlinear_mode=2 scna_width=8 scna_exp=79 qo_len=4 kv_len=4096 n_heads=12 n_kv_heads=2 head_dim=128 kv_head=0 worker=0 profiled_total=377 q_load=1 k_load=141 v_load=130 qk_dot=2 safe_sm=100 core_acc=2 o_scale=0 o_store=1
FIG8_ATTENTION_TIMERS mode=scna-int8 phase=measure iteration=6 lut_exp=0 nonlinear_mode=2 scna_width=8 scna_exp=78 qo_len=4 kv_len=4096 n_heads=12 n_kv_heads=2 head_dim=128 kv_head=1 worker=0 profiled_total=381 q_load=1 k_load=139 v_load=139 qk_dot=2 safe_sm=98 core_acc=1 o_scale=0 o_store=1
FIG8_ATTENTION_EVENT_COUNT mode=scna-int8 qo_len=4 phase=measure iteration=6 events=16 max_events=3224 overflow=0
FIG8_ATTENTION_EVENT mode=scna-int8 phase=measure iteration=6 component=q_load component_id=1 lut_exp=0 qo_len=4 kv_len=4096 n_heads=12 n_kv_heads=2 head_dim=128 kv_head=0 worker=0 block_r=0 block_c=-1 t0_us=2285303057440 t1_us=2285303057441 dur_us=1
FIG8_ATTENTION_EVENT mode=scna-int8 phase=measure iteration=6 component=k_load component_id=2 lut_exp=0 qo_len=4 kv_len=4096 n_heads=12 n_kv_heads=2 head_dim=128 kv_head=0 worker=0 block_r=0 block_c=0 t0_us=2285303057442 t1_us=2285303057584 dur_us=141
FIG8_ATTENTION_EVENT mode=scna-int8 phase=measure iteration=6 component=qk_dot component_id=4 lut_exp=0 qo_len=4 kv_len=4096 n_heads=12 n_kv_heads=2 head_dim=128 kv_head=0 worker=0 block_r=0 block_c=0 t0_us=2285303057584 t1_us=2285303057587 dur_us=2
FIG8_ATTENTION_EVENT mode=scna-int8 phase=measure iteration=6 component=safe_sm component_id=5 lut_exp=0 qo_len=4 kv_len=4096 n_heads=12 n_kv_heads=2 head_dim=128 kv_head=0 worker=0 block_r=0 block_c=0 t0_us=2285303057587 t1_us=2285303057688 dur_us=100
FIG8_ATTENTION_EVENT mode=scna-int8 phase=measure iteration=6 component=v_load component_id=3 lut_exp=0 qo_len=4 kv_len=4096 n_heads=12 n_kv_heads=2 head_dim=128 kv_head=0 worker=0 block_r=0 block_c=0 t0_us=2285303057688 t1_us=2285303057819 dur_us=130
FIG8_ATTENTION_EVENT mode=scna-int8 phase=measure iteration=6 component=core_acc component_id=6 lut_exp=0 qo_len=4 kv_len=4096 n_heads=12 n_kv_heads=2 head_dim=128 kv_head=0 worker=0 block_r=0 block_c=0 t0_us=2285303057820 t1_us=2285303057822 dur_us=2
FIG8_ATTENTION_EVENT mode=scna-int8 phase=measure iteration=6 component=o_scale component_id=7 lut_exp=0 qo_len=4 kv_len=4096 n_heads=12 n_kv_heads=2 head_dim=128 kv_head=0 worker=0 block_r=0 block_c=-1 t0_us=2285303057822 t1_us=2285303057823 dur_us=0
FIG8_ATTENTION_EVENT mode=scna-int8 phase=measure iteration=6 component=o_store component_id=8 lut_exp=0 qo_len=4 kv_len=4096 n_heads=12 n_kv_heads=2 head_dim=128 kv_head=0 worker=0 block_r=0 block_c=-1 t0_us=2285303057823 t1_us=2285303057825 dur_us=1
FIG8_ATTENTION_EVENT mode=scna-int8 phase=measure iteration=6 component=q_load component_id=1 lut_exp=0 qo_len=4 kv_len=4096 n_heads=12 n_kv_heads=2 head_dim=128 kv_head=1 worker=0 block_r=0 block_c=-1 t0_us=2285303057866 t1_us=2285303057868 dur_us=1
FIG8_ATTENTION_EVENT mode=scna-int8 phase=measure iteration=6 component=k_load component_id=2 lut_exp=0 qo_len=4 kv_len=4096 n_heads=12 n_kv_heads=2 head_dim=128 kv_head=1 worker=0 block_r=0 block_c=0 t0_us=2285303057869 t1_us=2285303058008 dur_us=139
FIG8_ATTENTION_EVENT mode=scna-int8 phase=measure iteration=6 component=qk_dot component_id=4 lut_exp=0 qo_len=4 kv_len=4096 n_heads=12 n_kv_heads=2 head_dim=128 kv_head=1 worker=0 block_r=0 block_c=0 t0_us=2285303058009 t1_us=2285303058011 dur_us=2
FIG8_ATTENTION_EVENT mode=scna-int8 phase=measure iteration=6 component=safe_sm component_id=5 lut_exp=0 qo_len=4 kv_len=4096 n_heads=12 n_kv_heads=2 head_dim=128 kv_head=1 worker=0 block_r=0 block_c=0 t0_us=2285303058011 t1_us=2285303058110 dur_us=98
FIG8_ATTENTION_EVENT mode=scna-int8 phase=measure iteration=6 component=v_load component_id=3 lut_exp=0 qo_len=4 kv_len=4096 n_heads=12 n_kv_heads=2 head_dim=128 kv_head=1 worker=0 block_r=0 block_c=0 t0_us=2285303058110 t1_us=2285303058250 dur_us=139
FIG8_ATTENTION_EVENT mode=scna-int8 phase=measure iteration=6 component=core_acc component_id=6 lut_exp=0 qo_len=4 kv_len=4096 n_heads=12 n_kv_heads=2 head_dim=128 kv_head=1 worker=0 block_r=0 block_c=0 t0_us=2285303058251 t1_us=2285303058252 dur_us=1
FIG8_ATTENTION_EVENT mode=scna-int8 phase=measure iteration=6 component=o_scale component_id=7 lut_exp=0 qo_len=4 kv_len=4096 n_heads=12 n_kv_heads=2 head_dim=128 kv_head=1 worker=0 block_r=0 block_c=-1 t0_us=2285303058253 t1_us=2285303058253 dur_us=0
FIG8_ATTENTION_EVENT mode=scna-int8 phase=measure iteration=6 component=o_store component_id=8 lut_exp=0 qo_len=4 kv_len=4096 n_heads=12 n_kv_heads=2 head_dim=128 kv_head=1 worker=0 block_r=0 block_c=-1 t0_us=2285303058254 t1_us=2285303058256 dur_us=1
FIG8_ATTENTION_HOST_TIMING mode=scna-int8 qo_len=4 kv_len=4096 n_heads=12 n_kv_heads=2 head_dim=128 phase=measure iteration=7 host_elapsed_us=1085 ret=0
FIG8_ATTENTION_PROFILE_COUNT mode=scna-int8 qo_len=4 phase=measure iteration=7 records=2 max_records=10
FIG8_ATTENTION_TIMERS mode=scna-int8 phase=measure iteration=7 lut_exp=0 nonlinear_mode=2 scna_width=8 scna_exp=79 qo_len=4 kv_len=4096 n_heads=12 n_kv_heads=2 head_dim=128 kv_head=0 worker=0 profiled_total=382 q_load=1 k_load=143 v_load=132 qk_dot=2 safe_sm=100 core_acc=2 o_scale=0 o_store=2
FIG8_ATTENTION_TIMERS mode=scna-int8 phase=measure iteration=7 lut_exp=0 nonlinear_mode=2 scna_width=8 scna_exp=82 qo_len=4 kv_len=4096 n_heads=12 n_kv_heads=2 head_dim=128 kv_head=1 worker=0 profiled_total=428 q_load=1 k_load=147 v_load=165 qk_dot=2 safe_sm=110 core_acc=1 o_scale=0 o_store=2
FIG8_ATTENTION_EVENT_COUNT mode=scna-int8 qo_len=4 phase=measure iteration=7 events=16 max_events=3224 overflow=0
FIG8_ATTENTION_EVENT mode=scna-int8 phase=measure iteration=7 component=q_load component_id=1 lut_exp=0 qo_len=4 kv_len=4096 n_heads=12 n_kv_heads=2 head_dim=128 kv_head=0 worker=0 block_r=0 block_c=-1 t0_us=2285303058472 t1_us=2285303058473 dur_us=1
FIG8_ATTENTION_EVENT mode=scna-int8 phase=measure iteration=7 component=k_load component_id=2 lut_exp=0 qo_len=4 kv_len=4096 n_heads=12 n_kv_heads=2 head_dim=128 kv_head=0 worker=0 block_r=0 block_c=0 t0_us=2285303058474 t1_us=2285303058618 dur_us=143
FIG8_ATTENTION_EVENT mode=scna-int8 phase=measure iteration=7 component=qk_dot component_id=4 lut_exp=0 qo_len=4 kv_len=4096 n_heads=12 n_kv_heads=2 head_dim=128 kv_head=0 worker=0 block_r=0 block_c=0 t0_us=2285303058618 t1_us=2285303058621 dur_us=2
FIG8_ATTENTION_EVENT mode=scna-int8 phase=measure iteration=7 component=safe_sm component_id=5 lut_exp=0 qo_len=4 kv_len=4096 n_heads=12 n_kv_heads=2 head_dim=128 kv_head=0 worker=0 block_r=0 block_c=0 t0_us=2285303058621 t1_us=2285303058722 dur_us=100
FIG8_ATTENTION_EVENT mode=scna-int8 phase=measure iteration=7 component=v_load component_id=3 lut_exp=0 qo_len=4 kv_len=4096 n_heads=12 n_kv_heads=2 head_dim=128 kv_head=0 worker=0 block_r=0 block_c=0 t0_us=2285303058722 t1_us=2285303058855 dur_us=132
FIG8_ATTENTION_EVENT mode=scna-int8 phase=measure iteration=7 component=core_acc component_id=6 lut_exp=0 qo_len=4 kv_len=4096 n_heads=12 n_kv_heads=2 head_dim=128 kv_head=0 worker=0 block_r=0 block_c=0 t0_us=2285303058855 t1_us=2285303058858 dur_us=2
FIG8_ATTENTION_EVENT mode=scna-int8 phase=measure iteration=7 component=o_scale component_id=7 lut_exp=0 qo_len=4 kv_len=4096 n_heads=12 n_kv_heads=2 head_dim=128 kv_head=0 worker=0 block_r=0 block_c=-1 t0_us=2285303058858 t1_us=2285303058859 dur_us=0
FIG8_ATTENTION_EVENT mode=scna-int8 phase=measure iteration=7 component=o_store component_id=8 lut_exp=0 qo_len=4 kv_len=4096 n_heads=12 n_kv_heads=2 head_dim=128 kv_head=0 worker=0 block_r=0 block_c=-1 t0_us=2285303058859 t1_us=2285303058861 dur_us=2
FIG8_ATTENTION_EVENT mode=scna-int8 phase=measure iteration=7 component=q_load component_id=1 lut_exp=0 qo_len=4 kv_len=4096 n_heads=12 n_kv_heads=2 head_dim=128 kv_head=1 worker=0 block_r=0 block_c=-1 t0_us=2285303058902 t1_us=2285303058904 dur_us=1
FIG8_ATTENTION_EVENT mode=scna-int8 phase=measure iteration=7 component=k_load component_id=2 lut_exp=0 qo_len=4 kv_len=4096 n_heads=12 n_kv_heads=2 head_dim=128 kv_head=1 worker=0 block_r=0 block_c=0 t0_us=2285303058904 t1_us=2285303059052 dur_us=147
FIG8_ATTENTION_EVENT mode=scna-int8 phase=measure iteration=7 component=qk_dot component_id=4 lut_exp=0 qo_len=4 kv_len=4096 n_heads=12 n_kv_heads=2 head_dim=128 kv_head=1 worker=0 block_r=0 block_c=0 t0_us=2285303059053 t1_us=2285303059055 dur_us=2
FIG8_ATTENTION_EVENT mode=scna-int8 phase=measure iteration=7 component=safe_sm component_id=5 lut_exp=0 qo_len=4 kv_len=4096 n_heads=12 n_kv_heads=2 head_dim=128 kv_head=1 worker=0 block_r=0 block_c=0 t0_us=2285303059056 t1_us=2285303059166 dur_us=110
FIG8_ATTENTION_EVENT mode=scna-int8 phase=measure iteration=7 component=v_load component_id=3 lut_exp=0 qo_len=4 kv_len=4096 n_heads=12 n_kv_heads=2 head_dim=128 kv_head=1 worker=0 block_r=0 block_c=0 t0_us=2285303059166 t1_us=2285303059332 dur_us=165
FIG8_ATTENTION_EVENT mode=scna-int8 phase=measure iteration=7 component=core_acc component_id=6 lut_exp=0 qo_len=4 kv_len=4096 n_heads=12 n_kv_heads=2 head_dim=128 kv_head=1 worker=0 block_r=0 block_c=0 t0_us=2285303059333 t1_us=2285303059334 dur_us=1
FIG8_ATTENTION_EVENT mode=scna-int8 phase=measure iteration=7 component=o_scale component_id=7 lut_exp=0 qo_len=4 kv_len=4096 n_heads=12 n_kv_heads=2 head_dim=128 kv_head=1 worker=0 block_r=0 block_c=-1 t0_us=2285303059335 t1_us=2285303059336 dur_us=0
FIG8_ATTENTION_EVENT mode=scna-int8 phase=measure iteration=7 component=o_store component_id=8 lut_exp=0 qo_len=4 kv_len=4096 n_heads=12 n_kv_heads=2 head_dim=128 kv_head=1 worker=0 block_r=0 block_c=-1 t0_us=2285303059336 t1_us=2285303059338 dur_us=2
FIG8_ATTENTION_HOST_TIMING mode=scna-int8 qo_len=4 kv_len=4096 n_heads=12 n_kv_heads=2 head_dim=128 phase=measure iteration=8 host_elapsed_us=1134 ret=0
FIG8_ATTENTION_PROFILE_COUNT mode=scna-int8 qo_len=4 phase=measure iteration=8 records=2 max_records=10
FIG8_ATTENTION_TIMERS mode=scna-int8 phase=measure iteration=8 lut_exp=0 nonlinear_mode=2 scna_width=8 scna_exp=82 qo_len=4 kv_len=4096 n_heads=12 n_kv_heads=2 head_dim=128 kv_head=0 worker=0 profiled_total=458 q_load=1 k_load=184 v_load=161 qk_dot=2 safe_sm=107 core_acc=2 o_scale=0 o_store=1
FIG8_ATTENTION_TIMERS mode=scna-int8 phase=measure iteration=8 lut_exp=0 nonlinear_mode=2 scna_width=8 scna_exp=82 qo_len=4 kv_len=4096 n_heads=12 n_kv_heads=2 head_dim=128 kv_head=1 worker=0 profiled_total=456 q_load=1 k_load=186 v_load=157 qk_dot=2 safe_sm=108 core_acc=1 o_scale=0 o_store=1
FIG8_ATTENTION_EVENT_COUNT mode=scna-int8 qo_len=4 phase=measure iteration=8 events=16 max_events=3224 overflow=0
FIG8_ATTENTION_EVENT mode=scna-int8 phase=measure iteration=8 component=q_load component_id=1 lut_exp=0 qo_len=4 kv_len=4096 n_heads=12 n_kv_heads=2 head_dim=128 kv_head=0 worker=0 block_r=0 block_c=-1 t0_us=2285303059760 t1_us=2285303059761 dur_us=1
FIG8_ATTENTION_EVENT mode=scna-int8 phase=measure iteration=8 component=k_load component_id=2 lut_exp=0 qo_len=4 kv_len=4096 n_heads=12 n_kv_heads=2 head_dim=128 kv_head=0 worker=0 block_r=0 block_c=0 t0_us=2285303059763 t1_us=2285303059947 dur_us=184
FIG8_ATTENTION_EVENT mode=scna-int8 phase=measure iteration=8 component=qk_dot component_id=4 lut_exp=0 qo_len=4 kv_len=4096 n_heads=12 n_kv_heads=2 head_dim=128 kv_head=0 worker=0 block_r=0 block_c=0 t0_us=2285303059947 t1_us=2285303059949 dur_us=2
FIG8_ATTENTION_EVENT mode=scna-int8 phase=measure iteration=8 component=safe_sm component_id=5 lut_exp=0 qo_len=4 kv_len=4096 n_heads=12 n_kv_heads=2 head_dim=128 kv_head=0 worker=0 block_r=0 block_c=0 t0_us=2285303059949 t1_us=2285303060057 dur_us=107
FIG8_ATTENTION_EVENT mode=scna-int8 phase=measure iteration=8 component=v_load component_id=3 lut_exp=0 qo_len=4 kv_len=4096 n_heads=12 n_kv_heads=2 head_dim=128 kv_head=0 worker=0 block_r=0 block_c=0 t0_us=2285303060058 t1_us=2285303060219 dur_us=161
FIG8_ATTENTION_EVENT mode=scna-int8 phase=measure iteration=8 component=core_acc component_id=6 lut_exp=0 qo_len=4 kv_len=4096 n_heads=12 n_kv_heads=2 head_dim=128 kv_head=0 worker=0 block_r=0 block_c=0 t0_us=2285303060219 t1_us=2285303060222 dur_us=2
FIG8_ATTENTION_EVENT mode=scna-int8 phase=measure iteration=8 component=o_scale component_id=7 lut_exp=0 qo_len=4 kv_len=4096 n_heads=12 n_kv_heads=2 head_dim=128 kv_head=0 worker=0 block_r=0 block_c=-1 t0_us=2285303060222 t1_us=2285303060223 dur_us=0
FIG8_ATTENTION_EVENT mode=scna-int8 phase=measure iteration=8 component=o_store component_id=8 lut_exp=0 qo_len=4 kv_len=4096 n_heads=12 n_kv_heads=2 head_dim=128 kv_head=0 worker=0 block_r=0 block_c=-1 t0_us=2285303060223 t1_us=2285303060225 dur_us=1
FIG8_ATTENTION_EVENT mode=scna-int8 phase=measure iteration=8 component=q_load component_id=1 lut_exp=0 qo_len=4 kv_len=4096 n_heads=12 n_kv_heads=2 head_dim=128 kv_head=1 worker=0 block_r=0 block_c=-1 t0_us=2285303060266 t1_us=2285303060267 dur_us=1
FIG8_ATTENTION_EVENT mode=scna-int8 phase=measure iteration=8 component=k_load component_id=2 lut_exp=0 qo_len=4 kv_len=4096 n_heads=12 n_kv_heads=2 head_dim=128 kv_head=1 worker=0 block_r=0 block_c=0 t0_us=2285303060268 t1_us=2285303060455 dur_us=186
FIG8_ATTENTION_EVENT mode=scna-int8 phase=measure iteration=8 component=qk_dot component_id=4 lut_exp=0 qo_len=4 kv_len=4096 n_heads=12 n_kv_heads=2 head_dim=128 kv_head=1 worker=0 block_r=0 block_c=0 t0_us=2285303060455 t1_us=2285303060458 dur_us=2
FIG8_ATTENTION_EVENT mode=scna-int8 phase=measure iteration=8 component=safe_sm component_id=5 lut_exp=0 qo_len=4 kv_len=4096 n_heads=12 n_kv_heads=2 head_dim=128 kv_head=1 worker=0 block_r=0 block_c=0 t0_us=2285303060458 t1_us=2285303060567 dur_us=108
FIG8_ATTENTION_EVENT mode=scna-int8 phase=measure iteration=8 component=v_load component_id=3 lut_exp=0 qo_len=4 kv_len=4096 n_heads=12 n_kv_heads=2 head_dim=128 kv_head=1 worker=0 block_r=0 block_c=0 t0_us=2285303060567 t1_us=2285303060725 dur_us=157
FIG8_ATTENTION_EVENT mode=scna-int8 phase=measure iteration=8 component=core_acc component_id=6 lut_exp=0 qo_len=4 kv_len=4096 n_heads=12 n_kv_heads=2 head_dim=128 kv_head=1 worker=0 block_r=0 block_c=0 t0_us=2285303060726 t1_us=2285303060727 dur_us=1
FIG8_ATTENTION_EVENT mode=scna-int8 phase=measure iteration=8 component=o_scale component_id=7 lut_exp=0 qo_len=4 kv_len=4096 n_heads=12 n_kv_heads=2 head_dim=128 kv_head=1 worker=0 block_r=0 block_c=-1 t0_us=2285303060727 t1_us=2285303060728 dur_us=0
FIG8_ATTENTION_EVENT mode=scna-int8 phase=measure iteration=8 component=o_store component_id=8 lut_exp=0 qo_len=4 kv_len=4096 n_heads=12 n_kv_heads=2 head_dim=128 kv_head=1 worker=0 block_r=0 block_c=-1 t0_us=2285303060728 t1_us=2285303060730 dur_us=1
FIG8_ATTENTION_HOST_TIMING mode=scna-int8 qo_len=4 kv_len=4096 n_heads=12 n_kv_heads=2 head_dim=128 phase=measure iteration=9 host_elapsed_us=1227 ret=0
FIG8_ATTENTION_PROFILE_COUNT mode=scna-int8 qo_len=4 phase=measure iteration=9 records=2 max_records=10
FIG8_ATTENTION_TIMERS mode=scna-int8 phase=measure iteration=9 lut_exp=0 nonlinear_mode=2 scna_width=8 scna_exp=81 qo_len=4 kv_len=4096 n_heads=12 n_kv_heads=2 head_dim=128 kv_head=0 worker=0 profiled_total=453 q_load=1 k_load=180 v_load=161 qk_dot=2 safe_sm=107 core_acc=1 o_scale=0 o_store=1
FIG8_ATTENTION_TIMERS mode=scna-int8 phase=measure iteration=9 lut_exp=0 nonlinear_mode=2 scna_width=8 scna_exp=82 qo_len=4 kv_len=4096 n_heads=12 n_kv_heads=2 head_dim=128 kv_head=1 worker=0 profiled_total=459 q_load=1 k_load=189 v_load=158 qk_dot=2 safe_sm=107 core_acc=1 o_scale=0 o_store=1
FIG8_ATTENTION_EVENT_COUNT mode=scna-int8 qo_len=4 phase=measure iteration=9 events=16 max_events=3224 overflow=0
FIG8_ATTENTION_EVENT mode=scna-int8 phase=measure iteration=9 component=q_load component_id=1 lut_exp=0 qo_len=4 kv_len=4096 n_heads=12 n_kv_heads=2 head_dim=128 kv_head=0 worker=0 block_r=0 block_c=-1 t0_us=2285303061093 t1_us=2285303061095 dur_us=1
FIG8_ATTENTION_EVENT mode=scna-int8 phase=measure iteration=9 component=k_load component_id=2 lut_exp=0 qo_len=4 kv_len=4096 n_heads=12 n_kv_heads=2 head_dim=128 kv_head=0 worker=0 block_r=0 block_c=0 t0_us=2285303061096 t1_us=2285303061276 dur_us=180
FIG8_ATTENTION_EVENT mode=scna-int8 phase=measure iteration=9 component=qk_dot component_id=4 lut_exp=0 qo_len=4 kv_len=4096 n_heads=12 n_kv_heads=2 head_dim=128 kv_head=0 worker=0 block_r=0 block_c=0 t0_us=2285303061276 t1_us=2285303061279 dur_us=2
FIG8_ATTENTION_EVENT mode=scna-int8 phase=measure iteration=9 component=safe_sm component_id=5 lut_exp=0 qo_len=4 kv_len=4096 n_heads=12 n_kv_heads=2 head_dim=128 kv_head=0 worker=0 block_r=0 block_c=0 t0_us=2285303061279 t1_us=2285303061387 dur_us=107
FIG8_ATTENTION_EVENT mode=scna-int8 phase=measure iteration=9 component=v_load component_id=3 lut_exp=0 qo_len=4 kv_len=4096 n_heads=12 n_kv_heads=2 head_dim=128 kv_head=0 worker=0 block_r=0 block_c=0 t0_us=2285303061388 t1_us=2285303061549 dur_us=161
FIG8_ATTENTION_EVENT mode=scna-int8 phase=measure iteration=9 component=core_acc component_id=6 lut_exp=0 qo_len=4 kv_len=4096 n_heads=12 n_kv_heads=2 head_dim=128 kv_head=0 worker=0 block_r=0 block_c=0 t0_us=2285303061549 t1_us=2285303061551 dur_us=1
FIG8_ATTENTION_EVENT mode=scna-int8 phase=measure iteration=9 component=o_scale component_id=7 lut_exp=0 qo_len=4 kv_len=4096 n_heads=12 n_kv_heads=2 head_dim=128 kv_head=0 worker=0 block_r=0 block_c=-1 t0_us=2285303061551 t1_us=2285303061552 dur_us=0
FIG8_ATTENTION_EVENT mode=scna-int8 phase=measure iteration=9 component=o_store component_id=8 lut_exp=0 qo_len=4 kv_len=4096 n_heads=12 n_kv_heads=2 head_dim=128 kv_head=0 worker=0 block_r=0 block_c=-1 t0_us=2285303061552 t1_us=2285303061554 dur_us=1
FIG8_ATTENTION_EVENT mode=scna-int8 phase=measure iteration=9 component=q_load component_id=1 lut_exp=0 qo_len=4 kv_len=4096 n_heads=12 n_kv_heads=2 head_dim=128 kv_head=1 worker=0 block_r=0 block_c=-1 t0_us=2285303061594 t1_us=2285303061596 dur_us=1
FIG8_ATTENTION_EVENT mode=scna-int8 phase=measure iteration=9 component=k_load component_id=2 lut_exp=0 qo_len=4 kv_len=4096 n_heads=12 n_kv_heads=2 head_dim=128 kv_head=1 worker=0 block_r=0 block_c=0 t0_us=2285303061597 t1_us=2285303061786 dur_us=189
FIG8_ATTENTION_EVENT mode=scna-int8 phase=measure iteration=9 component=qk_dot component_id=4 lut_exp=0 qo_len=4 kv_len=4096 n_heads=12 n_kv_heads=2 head_dim=128 kv_head=1 worker=0 block_r=0 block_c=0 t0_us=2285303061787 t1_us=2285303061789 dur_us=2
FIG8_ATTENTION_EVENT mode=scna-int8 phase=measure iteration=9 component=safe_sm component_id=5 lut_exp=0 qo_len=4 kv_len=4096 n_heads=12 n_kv_heads=2 head_dim=128 kv_head=1 worker=0 block_r=0 block_c=0 t0_us=2285303061790 t1_us=2285303061897 dur_us=107
FIG8_ATTENTION_EVENT mode=scna-int8 phase=measure iteration=9 component=v_load component_id=3 lut_exp=0 qo_len=4 kv_len=4096 n_heads=12 n_kv_heads=2 head_dim=128 kv_head=1 worker=0 block_r=0 block_c=0 t0_us=2285303061898 t1_us=2285303062056 dur_us=158
FIG8_ATTENTION_EVENT mode=scna-int8 phase=measure iteration=9 component=core_acc component_id=6 lut_exp=0 qo_len=4 kv_len=4096 n_heads=12 n_kv_heads=2 head_dim=128 kv_head=1 worker=0 block_r=0 block_c=0 t0_us=2285303062057 t1_us=2285303062058 dur_us=1
FIG8_ATTENTION_EVENT mode=scna-int8 phase=measure iteration=9 component=o_scale component_id=7 lut_exp=0 qo_len=4 kv_len=4096 n_heads=12 n_kv_heads=2 head_dim=128 kv_head=1 worker=0 block_r=0 block_c=-1 t0_us=2285303062059 t1_us=2285303062059 dur_us=0
FIG8_ATTENTION_EVENT mode=scna-int8 phase=measure iteration=9 component=o_store component_id=8 lut_exp=0 qo_len=4 kv_len=4096 n_heads=12 n_kv_heads=2 head_dim=128 kv_head=1 worker=0 block_r=0 block_c=-1 t0_us=2285303062060 t1_us=2285303062062 dur_us=1
FIG8_ATTENTION_HOST_TIMING mode=scna-int8 qo_len=4 kv_len=4096 n_heads=12 n_kv_heads=2 head_dim=128 phase=measure iteration=10 host_elapsed_us=1191 ret=0
FIG8_ATTENTION_PROFILE_COUNT mode=scna-int8 qo_len=4 phase=measure iteration=10 records=2 max_records=10
FIG8_ATTENTION_TIMERS mode=scna-int8 phase=measure iteration=10 lut_exp=0 nonlinear_mode=2 scna_width=8 scna_exp=82 qo_len=4 kv_len=4096 n_heads=12 n_kv_heads=2 head_dim=128 kv_head=0 worker=0 profiled_total=454 q_load=1 k_load=180 v_load=161 qk_dot=2 safe_sm=107 core_acc=2 o_scale=0 o_store=1
FIG8_ATTENTION_TIMERS mode=scna-int8 phase=measure iteration=10 lut_exp=0 nonlinear_mode=2 scna_width=8 scna_exp=83 qo_len=4 kv_len=4096 n_heads=12 n_kv_heads=2 head_dim=128 kv_head=1 worker=0 profiled_total=463 q_load=1 k_load=192 v_load=158 qk_dot=2 safe_sm=108 core_acc=1 o_scale=0 o_store=1
FIG8_ATTENTION_EVENT_COUNT mode=scna-int8 qo_len=4 phase=measure iteration=10 events=16 max_events=3224 overflow=0
FIG8_ATTENTION_EVENT mode=scna-int8 phase=measure iteration=10 component=q_load component_id=1 lut_exp=0 qo_len=4 kv_len=4096 n_heads=12 n_kv_heads=2 head_dim=128 kv_head=0 worker=0 block_r=0 block_c=-1 t0_us=2285303062580 t1_us=2285303062582 dur_us=1
FIG8_ATTENTION_EVENT mode=scna-int8 phase=measure iteration=10 component=k_load component_id=2 lut_exp=0 qo_len=4 kv_len=4096 n_heads=12 n_kv_heads=2 head_dim=128 kv_head=0 worker=0 block_r=0 block_c=0 t0_us=2285303062583 t1_us=2285303062763 dur_us=180
FIG8_ATTENTION_EVENT mode=scna-int8 phase=measure iteration=10 component=qk_dot component_id=4 lut_exp=0 qo_len=4 kv_len=4096 n_heads=12 n_kv_heads=2 head_dim=128 kv_head=0 worker=0 block_r=0 block_c=0 t0_us=2285303062763 t1_us=2285303062765 dur_us=2
FIG8_ATTENTION_EVENT mode=scna-int8 phase=measure iteration=10 component=safe_sm component_id=5 lut_exp=0 qo_len=4 kv_len=4096 n_heads=12 n_kv_heads=2 head_dim=128 kv_head=0 worker=0 block_r=0 block_c=0 t0_us=2285303062766 t1_us=2285303062873 dur_us=107
FIG8_ATTENTION_EVENT mode=scna-int8 phase=measure iteration=10 component=v_load component_id=3 lut_exp=0 qo_len=4 kv_len=4096 n_heads=12 n_kv_heads=2 head_dim=128 kv_head=0 worker=0 block_r=0 block_c=0 t0_us=2285303062874 t1_us=2285303063036 dur_us=161
FIG8_ATTENTION_EVENT mode=scna-int8 phase=measure iteration=10 component=core_acc component_id=6 lut_exp=0 qo_len=4 kv_len=4096 n_heads=12 n_kv_heads=2 head_dim=128 kv_head=0 worker=0 block_r=0 block_c=0 t0_us=2285303063036 t1_us=2285303063038 dur_us=2
FIG8_ATTENTION_EVENT mode=scna-int8 phase=measure iteration=10 component=o_scale component_id=7 lut_exp=0 qo_len=4 kv_len=4096 n_heads=12 n_kv_heads=2 head_dim=128 kv_head=0 worker=0 block_r=0 block_c=-1 t0_us=2285303063038 t1_us=2285303063039 dur_us=0
FIG8_ATTENTION_EVENT mode=scna-int8 phase=measure iteration=10 component=o_store component_id=8 lut_exp=0 qo_len=4 kv_len=4096 n_heads=12 n_kv_heads=2 head_dim=128 kv_head=0 worker=0 block_r=0 block_c=-1 t0_us=2285303063040 t1_us=2285303063042 dur_us=1
FIG8_ATTENTION_EVENT mode=scna-int8 phase=measure iteration=10 component=q_load component_id=1 lut_exp=0 qo_len=4 kv_len=4096 n_heads=12 n_kv_heads=2 head_dim=128 kv_head=1 worker=0 block_r=0 block_c=-1 t0_us=2285303063083 t1_us=2285303063085 dur_us=1
FIG8_ATTENTION_EVENT mode=scna-int8 phase=measure iteration=10 component=k_load component_id=2 lut_exp=0 qo_len=4 kv_len=4096 n_heads=12 n_kv_heads=2 head_dim=128 kv_head=1 worker=0 block_r=0 block_c=0 t0_us=2285303063086 t1_us=2285303063278 dur_us=192
FIG8_ATTENTION_EVENT mode=scna-int8 phase=measure iteration=10 component=qk_dot component_id=4 lut_exp=0 qo_len=4 kv_len=4096 n_heads=12 n_kv_heads=2 head_dim=128 kv_head=1 worker=0 block_r=0 block_c=0 t0_us=2285303063279 t1_us=2285303063281 dur_us=2
FIG8_ATTENTION_EVENT mode=scna-int8 phase=measure iteration=10 component=safe_sm component_id=5 lut_exp=0 qo_len=4 kv_len=4096 n_heads=12 n_kv_heads=2 head_dim=128 kv_head=1 worker=0 block_r=0 block_c=0 t0_us=2285303063281 t1_us=2285303063390 dur_us=108
FIG8_ATTENTION_EVENT mode=scna-int8 phase=measure iteration=10 component=v_load component_id=3 lut_exp=0 qo_len=4 kv_len=4096 n_heads=12 n_kv_heads=2 head_dim=128 kv_head=1 worker=0 block_r=0 block_c=0 t0_us=2285303063390 t1_us=2285303063549 dur_us=158
FIG8_ATTENTION_EVENT mode=scna-int8 phase=measure iteration=10 component=core_acc component_id=6 lut_exp=0 qo_len=4 kv_len=4096 n_heads=12 n_kv_heads=2 head_dim=128 kv_head=1 worker=0 block_r=0 block_c=0 t0_us=2285303063550 t1_us=2285303063552 dur_us=1
FIG8_ATTENTION_EVENT mode=scna-int8 phase=measure iteration=10 component=o_scale component_id=7 lut_exp=0 qo_len=4 kv_len=4096 n_heads=12 n_kv_heads=2 head_dim=128 kv_head=1 worker=0 block_r=0 block_c=-1 t0_us=2285303063552 t1_us=2285303063553 dur_us=0
FIG8_ATTENTION_EVENT mode=scna-int8 phase=measure iteration=10 component=o_store component_id=8 lut_exp=0 qo_len=4 kv_len=4096 n_heads=12 n_kv_heads=2 head_dim=128 kv_head=1 worker=0 block_r=0 block_c=-1 t0_us=2285303063553 t1_us=2285303063555 dur_us=1
FIG8_ATTENTION_HOST_TIMING mode=scna-int8 qo_len=4 kv_len=4096 n_heads=12 n_kv_heads=2 head_dim=128 phase=measure iteration=11 host_elapsed_us=1195 ret=0
FIG8_ATTENTION_PROFILE_COUNT mode=scna-int8 qo_len=4 phase=measure iteration=11 records=2 max_records=10
FIG8_ATTENTION_TIMERS mode=scna-int8 phase=measure iteration=11 lut_exp=0 nonlinear_mode=2 scna_width=8 scna_exp=81 qo_len=4 kv_len=4096 n_heads=12 n_kv_heads=2 head_dim=128 kv_head=0 worker=0 profiled_total=453 q_load=1 k_load=180 v_load=160 qk_dot=2 safe_sm=107 core_acc=1 o_scale=0 o_store=2
FIG8_ATTENTION_TIMERS mode=scna-int8 phase=measure iteration=11 lut_exp=0 nonlinear_mode=2 scna_width=8 scna_exp=82 qo_len=4 kv_len=4096 n_heads=12 n_kv_heads=2 head_dim=128 kv_head=1 worker=0 profiled_total=470 q_load=1 k_load=194 v_load=160 qk_dot=2 safe_sm=110 core_acc=1 o_scale=0 o_store=2
FIG8_ATTENTION_EVENT_COUNT mode=scna-int8 qo_len=4 phase=measure iteration=11 events=16 max_events=3224 overflow=0
FIG8_ATTENTION_EVENT mode=scna-int8 phase=measure iteration=11 component=q_load component_id=1 lut_exp=0 qo_len=4 kv_len=4096 n_heads=12 n_kv_heads=2 head_dim=128 kv_head=0 worker=0 block_r=0 block_c=-1 t0_us=2285303063980 t1_us=2285303063982 dur_us=1
FIG8_ATTENTION_EVENT mode=scna-int8 phase=measure iteration=11 component=k_load component_id=2 lut_exp=0 qo_len=4 kv_len=4096 n_heads=12 n_kv_heads=2 head_dim=128 kv_head=0 worker=0 block_r=0 block_c=0 t0_us=2285303063983 t1_us=2285303064164 dur_us=180
FIG8_ATTENTION_EVENT mode=scna-int8 phase=measure iteration=11 component=qk_dot component_id=4 lut_exp=0 qo_len=4 kv_len=4096 n_heads=12 n_kv_heads=2 head_dim=128 kv_head=0 worker=0 block_r=0 block_c=0 t0_us=2285303064164 t1_us=2285303064166 dur_us=2
FIG8_ATTENTION_EVENT mode=scna-int8 phase=measure iteration=11 component=safe_sm component_id=5 lut_exp=0 qo_len=4 kv_len=4096 n_heads=12 n_kv_heads=2 head_dim=128 kv_head=0 worker=0 block_r=0 block_c=0 t0_us=2285303064166 t1_us=2285303064274 dur_us=107
FIG8_ATTENTION_EVENT mode=scna-int8 phase=measure iteration=11 component=v_load component_id=3 lut_exp=0 qo_len=4 kv_len=4096 n_heads=12 n_kv_heads=2 head_dim=128 kv_head=0 worker=0 block_r=0 block_c=0 t0_us=2285303064275 t1_us=2285303064435 dur_us=160
FIG8_ATTENTION_EVENT mode=scna-int8 phase=measure iteration=11 component=core_acc component_id=6 lut_exp=0 qo_len=4 kv_len=4096 n_heads=12 n_kv_heads=2 head_dim=128 kv_head=0 worker=0 block_r=0 block_c=0 t0_us=2285303064435 t1_us=2285303064437 dur_us=1
FIG8_ATTENTION_EVENT mode=scna-int8 phase=measure iteration=11 component=o_scale component_id=7 lut_exp=0 qo_len=4 kv_len=4096 n_heads=12 n_kv_heads=2 head_dim=128 kv_head=0 worker=0 block_r=0 block_c=-1 t0_us=2285303064437 t1_us=2285303064438 dur_us=0
FIG8_ATTENTION_EVENT mode=scna-int8 phase=measure iteration=11 component=o_store component_id=8 lut_exp=0 qo_len=4 kv_len=4096 n_heads=12 n_kv_heads=2 head_dim=128 kv_head=0 worker=0 block_r=0 block_c=-1 t0_us=2285303064438 t1_us=2285303064441 dur_us=2
FIG8_ATTENTION_EVENT mode=scna-int8 phase=measure iteration=11 component=q_load component_id=1 lut_exp=0 qo_len=4 kv_len=4096 n_heads=12 n_kv_heads=2 head_dim=128 kv_head=1 worker=0 block_r=0 block_c=-1 t0_us=2285303064480 t1_us=2285303064482 dur_us=1
FIG8_ATTENTION_EVENT mode=scna-int8 phase=measure iteration=11 component=k_load component_id=2 lut_exp=0 qo_len=4 kv_len=4096 n_heads=12 n_kv_heads=2 head_dim=128 kv_head=1 worker=0 block_r=0 block_c=0 t0_us=2285303064482 t1_us=2285303064676 dur_us=194
FIG8_ATTENTION_EVENT mode=scna-int8 phase=measure iteration=11 component=qk_dot component_id=4 lut_exp=0 qo_len=4 kv_len=4096 n_heads=12 n_kv_heads=2 head_dim=128 kv_head=1 worker=0 block_r=0 block_c=0 t0_us=2285303064677 t1_us=2285303064679 dur_us=2
FIG8_ATTENTION_EVENT mode=scna-int8 phase=measure iteration=11 component=safe_sm component_id=5 lut_exp=0 qo_len=4 kv_len=4096 n_heads=12 n_kv_heads=2 head_dim=128 kv_head=1 worker=0 block_r=0 block_c=0 t0_us=2285303064680 t1_us=2285303064790 dur_us=110
FIG8_ATTENTION_EVENT mode=scna-int8 phase=measure iteration=11 component=v_load component_id=3 lut_exp=0 qo_len=4 kv_len=4096 n_heads=12 n_kv_heads=2 head_dim=128 kv_head=1 worker=0 block_r=0 block_c=0 t0_us=2285303064790 t1_us=2285303064951 dur_us=160
FIG8_ATTENTION_EVENT mode=scna-int8 phase=measure iteration=11 component=core_acc component_id=6 lut_exp=0 qo_len=4 kv_len=4096 n_heads=12 n_kv_heads=2 head_dim=128 kv_head=1 worker=0 block_r=0 block_c=0 t0_us=2285303064952 t1_us=2285303064953 dur_us=1
FIG8_ATTENTION_EVENT mode=scna-int8 phase=measure iteration=11 component=o_scale component_id=7 lut_exp=0 qo_len=4 kv_len=4096 n_heads=12 n_kv_heads=2 head_dim=128 kv_head=1 worker=0 block_r=0 block_c=-1 t0_us=2285303064954 t1_us=2285303064954 dur_us=0
FIG8_ATTENTION_EVENT mode=scna-int8 phase=measure iteration=11 component=o_store component_id=8 lut_exp=0 qo_len=4 kv_len=4096 n_heads=12 n_kv_heads=2 head_dim=128 kv_head=1 worker=0 block_r=0 block_c=-1 t0_us=2285303064955 t1_us=2285303064957 dur_us=2
FIG8_ATTENTION_HOST_TIMING mode=scna-int8 qo_len=4 kv_len=4096 n_heads=12 n_kv_heads=2 head_dim=128 phase=measure iteration=12 host_elapsed_us=1193 ret=0
FIG8_ATTENTION_PROFILE_COUNT mode=scna-int8 qo_len=4 phase=measure iteration=12 records=2 max_records=10
FIG8_ATTENTION_TIMERS mode=scna-int8 phase=measure iteration=12 lut_exp=0 nonlinear_mode=2 scna_width=8 scna_exp=81 qo_len=4 kv_len=4096 n_heads=12 n_kv_heads=2 head_dim=128 kv_head=0 worker=0 profiled_total=445 q_load=1 k_load=179 v_load=154 qk_dot=2 safe_sm=107 core_acc=1 o_scale=0 o_store=1
FIG8_ATTENTION_TIMERS mode=scna-int8 phase=measure iteration=12 lut_exp=0 nonlinear_mode=2 scna_width=8 scna_exp=81 qo_len=4 kv_len=4096 n_heads=12 n_kv_heads=2 head_dim=128 kv_head=1 worker=0 profiled_total=469 q_load=1 k_load=191 v_load=162 qk_dot=2 safe_sm=110 core_acc=1 o_scale=0 o_store=2
FIG8_ATTENTION_EVENT_COUNT mode=scna-int8 qo_len=4 phase=measure iteration=12 events=16 max_events=3224 overflow=0
FIG8_ATTENTION_EVENT mode=scna-int8 phase=measure iteration=12 component=q_load component_id=1 lut_exp=0 qo_len=4 kv_len=4096 n_heads=12 n_kv_heads=2 head_dim=128 kv_head=0 worker=0 block_r=0 block_c=-1 t0_us=2285303065393 t1_us=2285303065394 dur_us=1
FIG8_ATTENTION_EVENT mode=scna-int8 phase=measure iteration=12 component=k_load component_id=2 lut_exp=0 qo_len=4 kv_len=4096 n_heads=12 n_kv_heads=2 head_dim=128 kv_head=0 worker=0 block_r=0 block_c=0 t0_us=2285303065395 t1_us=2285303065575 dur_us=179
FIG8_ATTENTION_EVENT mode=scna-int8 phase=measure iteration=12 component=qk_dot component_id=4 lut_exp=0 qo_len=4 kv_len=4096 n_heads=12 n_kv_heads=2 head_dim=128 kv_head=0 worker=0 block_r=0 block_c=0 t0_us=2285303065575 t1_us=2285303065578 dur_us=2
FIG8_ATTENTION_EVENT mode=scna-int8 phase=measure iteration=12 component=safe_sm component_id=5 lut_exp=0 qo_len=4 kv_len=4096 n_heads=12 n_kv_heads=2 head_dim=128 kv_head=0 worker=0 block_r=0 block_c=0 t0_us=2285303065578 t1_us=2285303065685 dur_us=107
FIG8_ATTENTION_EVENT mode=scna-int8 phase=measure iteration=12 component=v_load component_id=3 lut_exp=0 qo_len=4 kv_len=4096 n_heads=12 n_kv_heads=2 head_dim=128 kv_head=0 worker=0 block_r=0 block_c=0 t0_us=2285303065686 t1_us=2285303065841 dur_us=154
FIG8_ATTENTION_EVENT mode=scna-int8 phase=measure iteration=12 component=core_acc component_id=6 lut_exp=0 qo_len=4 kv_len=4096 n_heads=12 n_kv_heads=2 head_dim=128 kv_head=0 worker=0 block_r=0 block_c=0 t0_us=2285303065841 t1_us=2285303065843 dur_us=1
FIG8_ATTENTION_EVENT mode=scna-int8 phase=measure iteration=12 component=o_scale component_id=7 lut_exp=0 qo_len=4 kv_len=4096 n_heads=12 n_kv_heads=2 head_dim=128 kv_head=0 worker=0 block_r=0 block_c=-1 t0_us=2285303065843 t1_us=2285303065844 dur_us=0
FIG8_ATTENTION_EVENT mode=scna-int8 phase=measure iteration=12 component=o_store component_id=8 lut_exp=0 qo_len=4 kv_len=4096 n_heads=12 n_kv_heads=2 head_dim=128 kv_head=0 worker=0 block_r=0 block_c=-1 t0_us=2285303065844 t1_us=2285303065846 dur_us=1
FIG8_ATTENTION_EVENT mode=scna-int8 phase=measure iteration=12 component=q_load component_id=1 lut_exp=0 qo_len=4 kv_len=4096 n_heads=12 n_kv_heads=2 head_dim=128 kv_head=1 worker=0 block_r=0 block_c=-1 t0_us=2285303065887 t1_us=2285303065889 dur_us=1
FIG8_ATTENTION_EVENT mode=scna-int8 phase=measure iteration=12 component=k_load component_id=2 lut_exp=0 qo_len=4 kv_len=4096 n_heads=12 n_kv_heads=2 head_dim=128 kv_head=1 worker=0 block_r=0 block_c=0 t0_us=2285303065890 t1_us=2285303066081 dur_us=191
FIG8_ATTENTION_EVENT mode=scna-int8 phase=measure iteration=12 component=qk_dot component_id=4 lut_exp=0 qo_len=4 kv_len=4096 n_heads=12 n_kv_heads=2 head_dim=128 kv_head=1 worker=0 block_r=0 block_c=0 t0_us=2285303066082 t1_us=2285303066084 dur_us=2
FIG8_ATTENTION_EVENT mode=scna-int8 phase=measure iteration=12 component=safe_sm component_id=5 lut_exp=0 qo_len=4 kv_len=4096 n_heads=12 n_kv_heads=2 head_dim=128 kv_head=1 worker=0 block_r=0 block_c=0 t0_us=2285303066084 t1_us=2285303066194 dur_us=110
FIG8_ATTENTION_EVENT mode=scna-int8 phase=measure iteration=12 component=v_load component_id=3 lut_exp=0 qo_len=4 kv_len=4096 n_heads=12 n_kv_heads=2 head_dim=128 kv_head=1 worker=0 block_r=0 block_c=0 t0_us=2285303066195 t1_us=2285303066358 dur_us=162
FIG8_ATTENTION_EVENT mode=scna-int8 phase=measure iteration=12 component=core_acc component_id=6 lut_exp=0 qo_len=4 kv_len=4096 n_heads=12 n_kv_heads=2 head_dim=128 kv_head=1 worker=0 block_r=0 block_c=0 t0_us=2285303066358 t1_us=2285303066359 dur_us=1
FIG8_ATTENTION_EVENT mode=scna-int8 phase=measure iteration=12 component=o_scale component_id=7 lut_exp=0 qo_len=4 kv_len=4096 n_heads=12 n_kv_heads=2 head_dim=128 kv_head=1 worker=0 block_r=0 block_c=-1 t0_us=2285303066360 t1_us=2285303066360 dur_us=0
FIG8_ATTENTION_EVENT mode=scna-int8 phase=measure iteration=12 component=o_store component_id=8 lut_exp=0 qo_len=4 kv_len=4096 n_heads=12 n_kv_heads=2 head_dim=128 kv_head=1 worker=0 block_r=0 block_c=-1 t0_us=2285303066361 t1_us=2285303066363 dur_us=2
FIG8_ATTENTION_HOST_TIMING mode=scna-int8 qo_len=4 kv_len=4096 n_heads=12 n_kv_heads=2 head_dim=128 phase=measure iteration=13 host_elapsed_us=1180 ret=0
FIG8_ATTENTION_PROFILE_COUNT mode=scna-int8 qo_len=4 phase=measure iteration=13 records=2 max_records=10
FIG8_ATTENTION_TIMERS mode=scna-int8 phase=measure iteration=13 lut_exp=0 nonlinear_mode=2 scna_width=8 scna_exp=81 qo_len=4 kv_len=4096 n_heads=12 n_kv_heads=2 head_dim=128 kv_head=0 worker=0 profiled_total=444 q_load=1 k_load=178 v_load=154 qk_dot=2 safe_sm=106 core_acc=2 o_scale=0 o_store=1
FIG8_ATTENTION_TIMERS mode=scna-int8 phase=measure iteration=13 lut_exp=0 nonlinear_mode=2 scna_width=8 scna_exp=82 qo_len=4 kv_len=4096 n_heads=12 n_kv_heads=2 head_dim=128 kv_head=1 worker=0 profiled_total=469 q_load=1 k_load=197 v_load=157 qk_dot=2 safe_sm=109 core_acc=1 o_scale=0 o_store=2
FIG8_ATTENTION_EVENT_COUNT mode=scna-int8 qo_len=4 phase=measure iteration=13 events=16 max_events=3224 overflow=0
FIG8_ATTENTION_EVENT mode=scna-int8 phase=measure iteration=13 component=q_load component_id=1 lut_exp=0 qo_len=4 kv_len=4096 n_heads=12 n_kv_heads=2 head_dim=128 kv_head=0 worker=0 block_r=0 block_c=-1 t0_us=2285303066794 t1_us=2285303066796 dur_us=1
FIG8_ATTENTION_EVENT mode=scna-int8 phase=measure iteration=13 component=k_load component_id=2 lut_exp=0 qo_len=4 kv_len=4096 n_heads=12 n_kv_heads=2 head_dim=128 kv_head=0 worker=0 block_r=0 block_c=0 t0_us=2285303066797 t1_us=2285303066975 dur_us=178
FIG8_ATTENTION_EVENT mode=scna-int8 phase=measure iteration=13 component=qk_dot component_id=4 lut_exp=0 qo_len=4 kv_len=4096 n_heads=12 n_kv_heads=2 head_dim=128 kv_head=0 worker=0 block_r=0 block_c=0 t0_us=2285303066976 t1_us=2285303066978 dur_us=2
FIG8_ATTENTION_EVENT mode=scna-int8 phase=measure iteration=13 component=safe_sm component_id=5 lut_exp=0 qo_len=4 kv_len=4096 n_heads=12 n_kv_heads=2 head_dim=128 kv_head=0 worker=0 block_r=0 block_c=0 t0_us=2285303066978 t1_us=2285303067085 dur_us=106
FIG8_ATTENTION_EVENT mode=scna-int8 phase=measure iteration=13 component=v_load component_id=3 lut_exp=0 qo_len=4 kv_len=4096 n_heads=12 n_kv_heads=2 head_dim=128 kv_head=0 worker=0 block_r=0 block_c=0 t0_us=2285303067086 t1_us=2285303067241 dur_us=154
FIG8_ATTENTION_EVENT mode=scna-int8 phase=measure iteration=13 component=core_acc component_id=6 lut_exp=0 qo_len=4 kv_len=4096 n_heads=12 n_kv_heads=2 head_dim=128 kv_head=0 worker=0 block_r=0 block_c=0 t0_us=2285303067241 t1_us=2285303067243 dur_us=2
FIG8_ATTENTION_EVENT mode=scna-int8 phase=measure iteration=13 component=o_scale component_id=7 lut_exp=0 qo_len=4 kv_len=4096 n_heads=12 n_kv_heads=2 head_dim=128 kv_head=0 worker=0 block_r=0 block_c=-1 t0_us=2285303067243 t1_us=2285303067244 dur_us=0
FIG8_ATTENTION_EVENT mode=scna-int8 phase=measure iteration=13 component=o_store component_id=8 lut_exp=0 qo_len=4 kv_len=4096 n_heads=12 n_kv_heads=2 head_dim=128 kv_head=0 worker=0 block_r=0 block_c=-1 t0_us=2285303067244 t1_us=2285303067246 dur_us=1
FIG8_ATTENTION_EVENT mode=scna-int8 phase=measure iteration=13 component=q_load component_id=1 lut_exp=0 qo_len=4 kv_len=4096 n_heads=12 n_kv_heads=2 head_dim=128 kv_head=1 worker=0 block_r=0 block_c=-1 t0_us=2285303067287 t1_us=2285303067289 dur_us=1
FIG8_ATTENTION_EVENT mode=scna-int8 phase=measure iteration=13 component=k_load component_id=2 lut_exp=0 qo_len=4 kv_len=4096 n_heads=12 n_kv_heads=2 head_dim=128 kv_head=1 worker=0 block_r=0 block_c=0 t0_us=2285303067289 t1_us=2285303067487 dur_us=197
FIG8_ATTENTION_EVENT mode=scna-int8 phase=measure iteration=13 component=qk_dot component_id=4 lut_exp=0 qo_len=4 kv_len=4096 n_heads=12 n_kv_heads=2 head_dim=128 kv_head=1 worker=0 block_r=0 block_c=0 t0_us=2285303067488 t1_us=2285303067490 dur_us=2
FIG8_ATTENTION_EVENT mode=scna-int8 phase=measure iteration=13 component=safe_sm component_id=5 lut_exp=0 qo_len=4 kv_len=4096 n_heads=12 n_kv_heads=2 head_dim=128 kv_head=1 worker=0 block_r=0 block_c=0 t0_us=2285303067490 t1_us=2285303067600 dur_us=109
FIG8_ATTENTION_EVENT mode=scna-int8 phase=measure iteration=13 component=v_load component_id=3 lut_exp=0 qo_len=4 kv_len=4096 n_heads=12 n_kv_heads=2 head_dim=128 kv_head=1 worker=0 block_r=0 block_c=0 t0_us=2285303067600 t1_us=2285303067758 dur_us=157
FIG8_ATTENTION_EVENT mode=scna-int8 phase=measure iteration=13 component=core_acc component_id=6 lut_exp=0 qo_len=4 kv_len=4096 n_heads=12 n_kv_heads=2 head_dim=128 kv_head=1 worker=0 block_r=0 block_c=0 t0_us=2285303067758 t1_us=2285303067760 dur_us=1
FIG8_ATTENTION_EVENT mode=scna-int8 phase=measure iteration=13 component=o_scale component_id=7 lut_exp=0 qo_len=4 kv_len=4096 n_heads=12 n_kv_heads=2 head_dim=128 kv_head=1 worker=0 block_r=0 block_c=-1 t0_us=2285303067761 t1_us=2285303067761 dur_us=0
FIG8_ATTENTION_EVENT mode=scna-int8 phase=measure iteration=13 component=o_store component_id=8 lut_exp=0 qo_len=4 kv_len=4096 n_heads=12 n_kv_heads=2 head_dim=128 kv_head=1 worker=0 block_r=0 block_c=-1 t0_us=2285303067762 t1_us=2285303067764 dur_us=2
FIG8_ATTENTION_HOST_TIMING mode=scna-int8 qo_len=4 kv_len=4096 n_heads=12 n_kv_heads=2 head_dim=128 phase=measure iteration=14 host_elapsed_us=1216 ret=0
FIG8_ATTENTION_PROFILE_COUNT mode=scna-int8 qo_len=4 phase=measure iteration=14 records=2 max_records=10
FIG8_ATTENTION_TIMERS mode=scna-int8 phase=measure iteration=14 lut_exp=0 nonlinear_mode=2 scna_width=8 scna_exp=81 qo_len=4 kv_len=4096 n_heads=12 n_kv_heads=2 head_dim=128 kv_head=0 worker=0 profiled_total=447 q_load=1 k_load=178 v_load=156 qk_dot=2 safe_sm=107 core_acc=2 o_scale=0 o_store=1
FIG8_ATTENTION_TIMERS mode=scna-int8 phase=measure iteration=14 lut_exp=0 nonlinear_mode=2 scna_width=8 scna_exp=81 qo_len=4 kv_len=4096 n_heads=12 n_kv_heads=2 head_dim=128 kv_head=1 worker=0 profiled_total=459 q_load=1 k_load=189 v_load=158 qk_dot=2 safe_sm=107 core_acc=1 o_scale=0 o_store=1
FIG8_ATTENTION_EVENT_COUNT mode=scna-int8 qo_len=4 phase=measure iteration=14 events=16 max_events=3224 overflow=0
FIG8_ATTENTION_EVENT mode=scna-int8 phase=measure iteration=14 component=q_load component_id=1 lut_exp=0 qo_len=4 kv_len=4096 n_heads=12 n_kv_heads=2 head_dim=128 kv_head=0 worker=0 block_r=0 block_c=-1 t0_us=2285303068174 t1_us=2285303068176 dur_us=1
FIG8_ATTENTION_EVENT mode=scna-int8 phase=measure iteration=14 component=k_load component_id=2 lut_exp=0 qo_len=4 kv_len=4096 n_heads=12 n_kv_heads=2 head_dim=128 kv_head=0 worker=0 block_r=0 block_c=0 t0_us=2285303068177 t1_us=2285303068355 dur_us=178
FIG8_ATTENTION_EVENT mode=scna-int8 phase=measure iteration=14 component=qk_dot component_id=4 lut_exp=0 qo_len=4 kv_len=4096 n_heads=12 n_kv_heads=2 head_dim=128 kv_head=0 worker=0 block_r=0 block_c=0 t0_us=2285303068355 t1_us=2285303068357 dur_us=2
FIG8_ATTENTION_EVENT mode=scna-int8 phase=measure iteration=14 component=safe_sm component_id=5 lut_exp=0 qo_len=4 kv_len=4096 n_heads=12 n_kv_heads=2 head_dim=128 kv_head=0 worker=0 block_r=0 block_c=0 t0_us=2285303068358 t1_us=2285303068465 dur_us=107
FIG8_ATTENTION_EVENT mode=scna-int8 phase=measure iteration=14 component=v_load component_id=3 lut_exp=0 qo_len=4 kv_len=4096 n_heads=12 n_kv_heads=2 head_dim=128 kv_head=0 worker=0 block_r=0 block_c=0 t0_us=2285303068466 t1_us=2285303068622 dur_us=156
FIG8_ATTENTION_EVENT mode=scna-int8 phase=measure iteration=14 component=core_acc component_id=6 lut_exp=0 qo_len=4 kv_len=4096 n_heads=12 n_kv_heads=2 head_dim=128 kv_head=0 worker=0 block_r=0 block_c=0 t0_us=2285303068623 t1_us=2285303068625 dur_us=2
FIG8_ATTENTION_EVENT mode=scna-int8 phase=measure iteration=14 component=o_scale component_id=7 lut_exp=0 qo_len=4 kv_len=4096 n_heads=12 n_kv_heads=2 head_dim=128 kv_head=0 worker=0 block_r=0 block_c=-1 t0_us=2285303068625 t1_us=2285303068626 dur_us=0
FIG8_ATTENTION_EVENT mode=scna-int8 phase=measure iteration=14 component=o_store component_id=8 lut_exp=0 qo_len=4 kv_len=4096 n_heads=12 n_kv_heads=2 head_dim=128 kv_head=0 worker=0 block_r=0 block_c=-1 t0_us=2285303068626 t1_us=2285303068628 dur_us=1
FIG8_ATTENTION_EVENT mode=scna-int8 phase=measure iteration=14 component=q_load component_id=1 lut_exp=0 qo_len=4 kv_len=4096 n_heads=12 n_kv_heads=2 head_dim=128 kv_head=1 worker=0 block_r=0 block_c=-1 t0_us=2285303068668 t1_us=2285303068670 dur_us=1
FIG8_ATTENTION_EVENT mode=scna-int8 phase=measure iteration=14 component=k_load component_id=2 lut_exp=0 qo_len=4 kv_len=4096 n_heads=12 n_kv_heads=2 head_dim=128 kv_head=1 worker=0 block_r=0 block_c=0 t0_us=2285303068671 t1_us=2285303068860 dur_us=189
FIG8_ATTENTION_EVENT mode=scna-int8 phase=measure iteration=14 component=qk_dot component_id=4 lut_exp=0 qo_len=4 kv_len=4096 n_heads=12 n_kv_heads=2 head_dim=128 kv_head=1 worker=0 block_r=0 block_c=0 t0_us=2285303068860 t1_us=2285303068863 dur_us=2
FIG8_ATTENTION_EVENT mode=scna-int8 phase=measure iteration=14 component=safe_sm component_id=5 lut_exp=0 qo_len=4 kv_len=4096 n_heads=12 n_kv_heads=2 head_dim=128 kv_head=1 worker=0 block_r=0 block_c=0 t0_us=2285303068863 t1_us=2285303068971 dur_us=107
FIG8_ATTENTION_EVENT mode=scna-int8 phase=measure iteration=14 component=v_load component_id=3 lut_exp=0 qo_len=4 kv_len=4096 n_heads=12 n_kv_heads=2 head_dim=128 kv_head=1 worker=0 block_r=0 block_c=0 t0_us=2285303068971 t1_us=2285303069130 dur_us=158
FIG8_ATTENTION_EVENT mode=scna-int8 phase=measure iteration=14 component=core_acc component_id=6 lut_exp=0 qo_len=4 kv_len=4096 n_heads=12 n_kv_heads=2 head_dim=128 kv_head=1 worker=0 block_r=0 block_c=0 t0_us=2285303069131 t1_us=2285303069132 dur_us=1
FIG8_ATTENTION_EVENT mode=scna-int8 phase=measure iteration=14 component=o_scale component_id=7 lut_exp=0 qo_len=4 kv_len=4096 n_heads=12 n_kv_heads=2 head_dim=128 kv_head=1 worker=0 block_r=0 block_c=-1 t0_us=2285303069133 t1_us=2285303069133 dur_us=0
FIG8_ATTENTION_EVENT mode=scna-int8 phase=measure iteration=14 component=o_store component_id=8 lut_exp=0 qo_len=4 kv_len=4096 n_heads=12 n_kv_heads=2 head_dim=128 kv_head=1 worker=0 block_r=0 block_c=-1 t0_us=2285303069134 t1_us=2285303069136 dur_us=1
FIG8_ATTENTION_HOST_TIMING mode=scna-int8 qo_len=4 kv_len=4096 n_heads=12 n_kv_heads=2 head_dim=128 phase=measure iteration=15 host_elapsed_us=1193 ret=0
FIG8_ATTENTION_PROFILE_COUNT mode=scna-int8 qo_len=4 phase=measure iteration=15 records=2 max_records=10
FIG8_ATTENTION_TIMERS mode=scna-int8 phase=measure iteration=15 lut_exp=0 nonlinear_mode=2 scna_width=8 scna_exp=81 qo_len=4 kv_len=4096 n_heads=12 n_kv_heads=2 head_dim=128 kv_head=0 worker=0 profiled_total=449 q_load=1 k_load=176 v_load=161 qk_dot=2 safe_sm=106 core_acc=2 o_scale=0 o_store=1
FIG8_ATTENTION_TIMERS mode=scna-int8 phase=measure iteration=15 lut_exp=0 nonlinear_mode=2 scna_width=8 scna_exp=81 qo_len=4 kv_len=4096 n_heads=12 n_kv_heads=2 head_dim=128 kv_head=1 worker=0 profiled_total=463 q_load=1 k_load=195 v_load=157 qk_dot=2 safe_sm=106 core_acc=1 o_scale=0 o_store=1
FIG8_ATTENTION_EVENT_COUNT mode=scna-int8 qo_len=4 phase=measure iteration=15 events=16 max_events=3224 overflow=0
FIG8_ATTENTION_EVENT mode=scna-int8 phase=measure iteration=15 component=q_load component_id=1 lut_exp=0 qo_len=4 kv_len=4096 n_heads=12 n_kv_heads=2 head_dim=128 kv_head=0 worker=0 block_r=0 block_c=-1 t0_us=2285303069592 t1_us=2285303069594 dur_us=1
FIG8_ATTENTION_EVENT mode=scna-int8 phase=measure iteration=15 component=k_load component_id=2 lut_exp=0 qo_len=4 kv_len=4096 n_heads=12 n_kv_heads=2 head_dim=128 kv_head=0 worker=0 block_r=0 block_c=0 t0_us=2285303069595 t1_us=2285303069771 dur_us=176
FIG8_ATTENTION_EVENT mode=scna-int8 phase=measure iteration=15 component=qk_dot component_id=4 lut_exp=0 qo_len=4 kv_len=4096 n_heads=12 n_kv_heads=2 head_dim=128 kv_head=0 worker=0 block_r=0 block_c=0 t0_us=2285303069771 t1_us=2285303069774 dur_us=2
FIG8_ATTENTION_EVENT mode=scna-int8 phase=measure iteration=15 component=safe_sm component_id=5 lut_exp=0 qo_len=4 kv_len=4096 n_heads=12 n_kv_heads=2 head_dim=128 kv_head=0 worker=0 block_r=0 block_c=0 t0_us=2285303069774 t1_us=2285303069881 dur_us=106
FIG8_ATTENTION_EVENT mode=scna-int8 phase=measure iteration=15 component=v_load component_id=3 lut_exp=0 qo_len=4 kv_len=4096 n_heads=12 n_kv_heads=2 head_dim=128 kv_head=0 worker=0 block_r=0 block_c=0 t0_us=2285303069882 t1_us=2285303070043 dur_us=161
FIG8_ATTENTION_EVENT mode=scna-int8 phase=measure iteration=15 component=core_acc component_id=6 lut_exp=0 qo_len=4 kv_len=4096 n_heads=12 n_kv_heads=2 head_dim=128 kv_head=0 worker=0 block_r=0 block_c=0 t0_us=2285303070043 t1_us=2285303070046 dur_us=2
FIG8_ATTENTION_EVENT mode=scna-int8 phase=measure iteration=15 component=o_scale component_id=7 lut_exp=0 qo_len=4 kv_len=4096 n_heads=12 n_kv_heads=2 head_dim=128 kv_head=0 worker=0 block_r=0 block_c=-1 t0_us=2285303070046 t1_us=2285303070047 dur_us=0
FIG8_ATTENTION_EVENT mode=scna-int8 phase=measure iteration=15 component=o_store component_id=8 lut_exp=0 qo_len=4 kv_len=4096 n_heads=12 n_kv_heads=2 head_dim=128 kv_head=0 worker=0 block_r=0 block_c=-1 t0_us=2285303070047 t1_us=2285303070049 dur_us=1
FIG8_ATTENTION_EVENT mode=scna-int8 phase=measure iteration=15 component=q_load component_id=1 lut_exp=0 qo_len=4 kv_len=4096 n_heads=12 n_kv_heads=2 head_dim=128 kv_head=1 worker=0 block_r=0 block_c=-1 t0_us=2285303070090 t1_us=2285303070092 dur_us=1
FIG8_ATTENTION_EVENT mode=scna-int8 phase=measure iteration=15 component=k_load component_id=2 lut_exp=0 qo_len=4 kv_len=4096 n_heads=12 n_kv_heads=2 head_dim=128 kv_head=1 worker=0 block_r=0 block_c=0 t0_us=2285303070092 t1_us=2285303070288 dur_us=195
FIG8_ATTENTION_EVENT mode=scna-int8 phase=measure iteration=15 component=qk_dot component_id=4 lut_exp=0 qo_len=4 kv_len=4096 n_heads=12 n_kv_heads=2 head_dim=128 kv_head=1 worker=0 block_r=0 block_c=0 t0_us=2285303070289 t1_us=2285303070291 dur_us=2
FIG8_ATTENTION_EVENT mode=scna-int8 phase=measure iteration=15 component=safe_sm component_id=5 lut_exp=0 qo_len=4 kv_len=4096 n_heads=12 n_kv_heads=2 head_dim=128 kv_head=1 worker=0 block_r=0 block_c=0 t0_us=2285303070291 t1_us=2285303070398 dur_us=106
FIG8_ATTENTION_EVENT mode=scna-int8 phase=measure iteration=15 component=v_load component_id=3 lut_exp=0 qo_len=4 kv_len=4096 n_heads=12 n_kv_heads=2 head_dim=128 kv_head=1 worker=0 block_r=0 block_c=0 t0_us=2285303070398 t1_us=2285303070555 dur_us=157
FIG8_ATTENTION_EVENT mode=scna-int8 phase=measure iteration=15 component=core_acc component_id=6 lut_exp=0 qo_len=4 kv_len=4096 n_heads=12 n_kv_heads=2 head_dim=128 kv_head=1 worker=0 block_r=0 block_c=0 t0_us=2285303070556 t1_us=2285303070558 dur_us=1
FIG8_ATTENTION_EVENT mode=scna-int8 phase=measure iteration=15 component=o_scale component_id=7 lut_exp=0 qo_len=4 kv_len=4096 n_heads=12 n_kv_heads=2 head_dim=128 kv_head=1 worker=0 block_r=0 block_c=-1 t0_us=2285303070558 t1_us=2285303070559 dur_us=0
FIG8_ATTENTION_EVENT mode=scna-int8 phase=measure iteration=15 component=o_store component_id=8 lut_exp=0 qo_len=4 kv_len=4096 n_heads=12 n_kv_heads=2 head_dim=128 kv_head=1 worker=0 block_r=0 block_c=-1 t0_us=2285303070559 t1_us=2285303070561 dur_us=1
FIG8_ATTENTION_HOST_TIMING mode=scna-int8 qo_len=4 kv_len=4096 n_heads=12 n_kv_heads=2 head_dim=128 phase=measure iteration=16 host_elapsed_us=1186 ret=0
FIG8_ATTENTION_PROFILE_COUNT mode=scna-int8 qo_len=4 phase=measure iteration=16 records=2 max_records=10
FIG8_ATTENTION_TIMERS mode=scna-int8 phase=measure iteration=16 lut_exp=0 nonlinear_mode=2 scna_width=8 scna_exp=81 qo_len=4 kv_len=4096 n_heads=12 n_kv_heads=2 head_dim=128 kv_head=0 worker=0 profiled_total=444 q_load=1 k_load=176 v_load=155 qk_dot=2 safe_sm=106 core_acc=2 o_scale=0 o_store=2
FIG8_ATTENTION_TIMERS mode=scna-int8 phase=measure iteration=16 lut_exp=0 nonlinear_mode=2 scna_width=8 scna_exp=82 qo_len=4 kv_len=4096 n_heads=12 n_kv_heads=2 head_dim=128 kv_head=1 worker=0 profiled_total=457 q_load=1 k_load=185 v_load=160 qk_dot=2 safe_sm=107 core_acc=1 o_scale=0 o_store=1
FIG8_ATTENTION_EVENT_COUNT mode=scna-int8 qo_len=4 phase=measure iteration=16 events=16 max_events=3224 overflow=0
FIG8_ATTENTION_EVENT mode=scna-int8 phase=measure iteration=16 component=q_load component_id=1 lut_exp=0 qo_len=4 kv_len=4096 n_heads=12 n_kv_heads=2 head_dim=128 kv_head=0 worker=0 block_r=0 block_c=-1 t0_us=2285303070994 t1_us=2285303070996 dur_us=1
FIG8_ATTENTION_EVENT mode=scna-int8 phase=measure iteration=16 component=k_load component_id=2 lut_exp=0 qo_len=4 kv_len=4096 n_heads=12 n_kv_heads=2 head_dim=128 kv_head=0 worker=0 block_r=0 block_c=0 t0_us=2285303070997 t1_us=2285303071174 dur_us=176
FIG8_ATTENTION_EVENT mode=scna-int8 phase=measure iteration=16 component=qk_dot component_id=4 lut_exp=0 qo_len=4 kv_len=4096 n_heads=12 n_kv_heads=2 head_dim=128 kv_head=0 worker=0 block_r=0 block_c=0 t0_us=2285303071174 t1_us=2285303071176 dur_us=2
FIG8_ATTENTION_EVENT mode=scna-int8 phase=measure iteration=16 component=safe_sm component_id=5 lut_exp=0 qo_len=4 kv_len=4096 n_heads=12 n_kv_heads=2 head_dim=128 kv_head=0 worker=0 block_r=0 block_c=0 t0_us=2285303071176 t1_us=2285303071283 dur_us=106
FIG8_ATTENTION_EVENT mode=scna-int8 phase=measure iteration=16 component=v_load component_id=3 lut_exp=0 qo_len=4 kv_len=4096 n_heads=12 n_kv_heads=2 head_dim=128 kv_head=0 worker=0 block_r=0 block_c=0 t0_us=2285303071284 t1_us=2285303071439 dur_us=155
FIG8_ATTENTION_EVENT mode=scna-int8 phase=measure iteration=16 component=core_acc component_id=6 lut_exp=0 qo_len=4 kv_len=4096 n_heads=12 n_kv_heads=2 head_dim=128 kv_head=0 worker=0 block_r=0 block_c=0 t0_us=2285303071439 t1_us=2285303071442 dur_us=2
FIG8_ATTENTION_EVENT mode=scna-int8 phase=measure iteration=16 component=o_scale component_id=7 lut_exp=0 qo_len=4 kv_len=4096 n_heads=12 n_kv_heads=2 head_dim=128 kv_head=0 worker=0 block_r=0 block_c=-1 t0_us=2285303071442 t1_us=2285303071443 dur_us=0
FIG8_ATTENTION_EVENT mode=scna-int8 phase=measure iteration=16 component=o_store component_id=8 lut_exp=0 qo_len=4 kv_len=4096 n_heads=12 n_kv_heads=2 head_dim=128 kv_head=0 worker=0 block_r=0 block_c=-1 t0_us=2285303071443 t1_us=2285303071445 dur_us=2
FIG8_ATTENTION_EVENT mode=scna-int8 phase=measure iteration=16 component=q_load component_id=1 lut_exp=0 qo_len=4 kv_len=4096 n_heads=12 n_kv_heads=2 head_dim=128 kv_head=1 worker=0 block_r=0 block_c=-1 t0_us=2285303071485 t1_us=2285303071486 dur_us=1
FIG8_ATTENTION_EVENT mode=scna-int8 phase=measure iteration=16 component=k_load component_id=2 lut_exp=0 qo_len=4 kv_len=4096 n_heads=12 n_kv_heads=2 head_dim=128 kv_head=1 worker=0 block_r=0 block_c=0 t0_us=2285303071487 t1_us=2285303071673 dur_us=185
FIG8_ATTENTION_EVENT mode=scna-int8 phase=measure iteration=16 component=qk_dot component_id=4 lut_exp=0 qo_len=4 kv_len=4096 n_heads=12 n_kv_heads=2 head_dim=128 kv_head=1 worker=0 block_r=0 block_c=0 t0_us=2285303071673 t1_us=2285303071675 dur_us=2
FIG8_ATTENTION_EVENT mode=scna-int8 phase=measure iteration=16 component=safe_sm component_id=5 lut_exp=0 qo_len=4 kv_len=4096 n_heads=12 n_kv_heads=2 head_dim=128 kv_head=1 worker=0 block_r=0 block_c=0 t0_us=2285303071676 t1_us=2285303071784 dur_us=107
FIG8_ATTENTION_EVENT mode=scna-int8 phase=measure iteration=16 component=v_load component_id=3 lut_exp=0 qo_len=4 kv_len=4096 n_heads=12 n_kv_heads=2 head_dim=128 kv_head=1 worker=0 block_r=0 block_c=0 t0_us=2285303071784 t1_us=2285303071944 dur_us=160
FIG8_ATTENTION_EVENT mode=scna-int8 phase=measure iteration=16 component=core_acc component_id=6 lut_exp=0 qo_len=4 kv_len=4096 n_heads=12 n_kv_heads=2 head_dim=128 kv_head=1 worker=0 block_r=0 block_c=0 t0_us=2285303071945 t1_us=2285303071946 dur_us=1
FIG8_ATTENTION_EVENT mode=scna-int8 phase=measure iteration=16 component=o_scale component_id=7 lut_exp=0 qo_len=4 kv_len=4096 n_heads=12 n_kv_heads=2 head_dim=128 kv_head=1 worker=0 block_r=0 block_c=-1 t0_us=2285303071947 t1_us=2285303071947 dur_us=0
FIG8_ATTENTION_EVENT mode=scna-int8 phase=measure iteration=16 component=o_store component_id=8 lut_exp=0 qo_len=4 kv_len=4096 n_heads=12 n_kv_heads=2 head_dim=128 kv_head=1 worker=0 block_r=0 block_c=-1 t0_us=2285303071948 t1_us=2285303071950 dur_us=1
FIG8_ATTENTION_HOST_TIMING mode=scna-int8 qo_len=4 kv_len=4096 n_heads=12 n_kv_heads=2 head_dim=128 phase=measure iteration=17 host_elapsed_us=1193 ret=0
FIG8_ATTENTION_PROFILE_COUNT mode=scna-int8 qo_len=4 phase=measure iteration=17 records=2 max_records=10
FIG8_ATTENTION_TIMERS mode=scna-int8 phase=measure iteration=17 lut_exp=0 nonlinear_mode=2 scna_width=8 scna_exp=80 qo_len=4 kv_len=4096 n_heads=12 n_kv_heads=2 head_dim=128 kv_head=0 worker=0 profiled_total=447 q_load=1 k_load=177 v_load=158 qk_dot=2 safe_sm=106 core_acc=1 o_scale=0 o_store=2
FIG8_ATTENTION_TIMERS mode=scna-int8 phase=measure iteration=17 lut_exp=0 nonlinear_mode=2 scna_width=8 scna_exp=81 qo_len=4 kv_len=4096 n_heads=12 n_kv_heads=2 head_dim=128 kv_head=1 worker=0 profiled_total=458 q_load=1 k_load=185 v_load=160 qk_dot=2 safe_sm=108 core_acc=1 o_scale=0 o_store=1
FIG8_ATTENTION_EVENT_COUNT mode=scna-int8 qo_len=4 phase=measure iteration=17 events=16 max_events=3224 overflow=0
FIG8_ATTENTION_EVENT mode=scna-int8 phase=measure iteration=17 component=q_load component_id=1 lut_exp=0 qo_len=4 kv_len=4096 n_heads=12 n_kv_heads=2 head_dim=128 kv_head=0 worker=0 block_r=0 block_c=-1 t0_us=2285303072413 t1_us=2285303072415 dur_us=1
FIG8_ATTENTION_EVENT mode=scna-int8 phase=measure iteration=17 component=k_load component_id=2 lut_exp=0 qo_len=4 kv_len=4096 n_heads=12 n_kv_heads=2 head_dim=128 kv_head=0 worker=0 block_r=0 block_c=0 t0_us=2285303072416 t1_us=2285303072593 dur_us=177
FIG8_ATTENTION_EVENT mode=scna-int8 phase=measure iteration=17 component=qk_dot component_id=4 lut_exp=0 qo_len=4 kv_len=4096 n_heads=12 n_kv_heads=2 head_dim=128 kv_head=0 worker=0 block_r=0 block_c=0 t0_us=2285303072593 t1_us=2285303072596 dur_us=2
FIG8_ATTENTION_EVENT mode=scna-int8 phase=measure iteration=17 component=safe_sm component_id=5 lut_exp=0 qo_len=4 kv_len=4096 n_heads=12 n_kv_heads=2 head_dim=128 kv_head=0 worker=0 block_r=0 block_c=0 t0_us=2285303072596 t1_us=2285303072703 dur_us=106
FIG8_ATTENTION_EVENT mode=scna-int8 phase=measure iteration=17 component=v_load component_id=3 lut_exp=0 qo_len=4 kv_len=4096 n_heads=12 n_kv_heads=2 head_dim=128 kv_head=0 worker=0 block_r=0 block_c=0 t0_us=2285303072703 t1_us=2285303072862 dur_us=158
FIG8_ATTENTION_EVENT mode=scna-int8 phase=measure iteration=17 component=core_acc component_id=6 lut_exp=0 qo_len=4 kv_len=4096 n_heads=12 n_kv_heads=2 head_dim=128 kv_head=0 worker=0 block_r=0 block_c=0 t0_us=2285303072863 t1_us=2285303072864 dur_us=1
FIG8_ATTENTION_EVENT mode=scna-int8 phase=measure iteration=17 component=o_scale component_id=7 lut_exp=0 qo_len=4 kv_len=4096 n_heads=12 n_kv_heads=2 head_dim=128 kv_head=0 worker=0 block_r=0 block_c=-1 t0_us=2285303072865 t1_us=2285303072865 dur_us=0
FIG8_ATTENTION_EVENT mode=scna-int8 phase=measure iteration=17 component=o_store component_id=8 lut_exp=0 qo_len=4 kv_len=4096 n_heads=12 n_kv_heads=2 head_dim=128 kv_head=0 worker=0 block_r=0 block_c=-1 t0_us=2285303072866 t1_us=2285303072868 dur_us=2
FIG8_ATTENTION_EVENT mode=scna-int8 phase=measure iteration=17 component=q_load component_id=1 lut_exp=0 qo_len=4 kv_len=4096 n_heads=12 n_kv_heads=2 head_dim=128 kv_head=1 worker=0 block_r=0 block_c=-1 t0_us=2285303072909 t1_us=2285303072911 dur_us=1
FIG8_ATTENTION_EVENT mode=scna-int8 phase=measure iteration=17 component=k_load component_id=2 lut_exp=0 qo_len=4 kv_len=4096 n_heads=12 n_kv_heads=2 head_dim=128 kv_head=1 worker=0 block_r=0 block_c=0 t0_us=2285303072912 t1_us=2285303073097 dur_us=185
FIG8_ATTENTION_EVENT mode=scna-int8 phase=measure iteration=17 component=qk_dot component_id=4 lut_exp=0 qo_len=4 kv_len=4096 n_heads=12 n_kv_heads=2 head_dim=128 kv_head=1 worker=0 block_r=0 block_c=0 t0_us=2285303073098 t1_us=2285303073100 dur_us=2
FIG8_ATTENTION_EVENT mode=scna-int8 phase=measure iteration=17 component=safe_sm component_id=5 lut_exp=0 qo_len=4 kv_len=4096 n_heads=12 n_kv_heads=2 head_dim=128 kv_head=1 worker=0 block_r=0 block_c=0 t0_us=2285303073100 t1_us=2285303073208 dur_us=108
FIG8_ATTENTION_EVENT mode=scna-int8 phase=measure iteration=17 component=v_load component_id=3 lut_exp=0 qo_len=4 kv_len=4096 n_heads=12 n_kv_heads=2 head_dim=128 kv_head=1 worker=0 block_r=0 block_c=0 t0_us=2285303073208 t1_us=2285303073369 dur_us=160
FIG8_ATTENTION_EVENT mode=scna-int8 phase=measure iteration=17 component=core_acc component_id=6 lut_exp=0 qo_len=4 kv_len=4096 n_heads=12 n_kv_heads=2 head_dim=128 kv_head=1 worker=0 block_r=0 block_c=0 t0_us=2285303073369 t1_us=2285303073371 dur_us=1
FIG8_ATTENTION_EVENT mode=scna-int8 phase=measure iteration=17 component=o_scale component_id=7 lut_exp=0 qo_len=4 kv_len=4096 n_heads=12 n_kv_heads=2 head_dim=128 kv_head=1 worker=0 block_r=0 block_c=-1 t0_us=2285303073371 t1_us=2285303073372 dur_us=0
FIG8_ATTENTION_EVENT mode=scna-int8 phase=measure iteration=17 component=o_store component_id=8 lut_exp=0 qo_len=4 kv_len=4096 n_heads=12 n_kv_heads=2 head_dim=128 kv_head=1 worker=0 block_r=0 block_c=-1 t0_us=2285303073372 t1_us=2285303073374 dur_us=1
FIG8_ATTENTION_HOST_TIMING mode=scna-int8 qo_len=4 kv_len=4096 n_heads=12 n_kv_heads=2 head_dim=128 phase=measure iteration=18 host_elapsed_us=1182 ret=0
FIG8_ATTENTION_PROFILE_COUNT mode=scna-int8 qo_len=4 phase=measure iteration=18 records=2 max_records=10
FIG8_ATTENTION_TIMERS mode=scna-int8 phase=measure iteration=18 lut_exp=0 nonlinear_mode=2 scna_width=8 scna_exp=81 qo_len=4 kv_len=4096 n_heads=12 n_kv_heads=2 head_dim=128 kv_head=0 worker=0 profiled_total=448 q_load=1 k_load=177 v_load=158 qk_dot=2 safe_sm=106 core_acc=2 o_scale=0 o_store=2
FIG8_ATTENTION_TIMERS mode=scna-int8 phase=measure iteration=18 lut_exp=0 nonlinear_mode=2 scna_width=8 scna_exp=82 qo_len=4 kv_len=4096 n_heads=12 n_kv_heads=2 head_dim=128 kv_head=1 worker=0 profiled_total=458 q_load=1 k_load=184 v_load=161 qk_dot=2 safe_sm=108 core_acc=1 o_scale=0 o_store=1
FIG8_ATTENTION_EVENT_COUNT mode=scna-int8 qo_len=4 phase=measure iteration=18 events=16 max_events=3224 overflow=0
FIG8_ATTENTION_EVENT mode=scna-int8 phase=measure iteration=18 component=q_load component_id=1 lut_exp=0 qo_len=4 kv_len=4096 n_heads=12 n_kv_heads=2 head_dim=128 kv_head=0 worker=0 block_r=0 block_c=-1 t0_us=2285303073812 t1_us=2285303073814 dur_us=1
FIG8_ATTENTION_EVENT mode=scna-int8 phase=measure iteration=18 component=k_load component_id=2 lut_exp=0 qo_len=4 kv_len=4096 n_heads=12 n_kv_heads=2 head_dim=128 kv_head=0 worker=0 block_r=0 block_c=0 t0_us=2285303073815 t1_us=2285303073992 dur_us=177
FIG8_ATTENTION_EVENT mode=scna-int8 phase=measure iteration=18 component=qk_dot component_id=4 lut_exp=0 qo_len=4 kv_len=4096 n_heads=12 n_kv_heads=2 head_dim=128 kv_head=0 worker=0 block_r=0 block_c=0 t0_us=2285303073992 t1_us=2285303073994 dur_us=2
FIG8_ATTENTION_EVENT mode=scna-int8 phase=measure iteration=18 component=safe_sm component_id=5 lut_exp=0 qo_len=4 kv_len=4096 n_heads=12 n_kv_heads=2 head_dim=128 kv_head=0 worker=0 block_r=0 block_c=0 t0_us=2285303073994 t1_us=2285303074101 dur_us=106
FIG8_ATTENTION_EVENT mode=scna-int8 phase=measure iteration=18 component=v_load component_id=3 lut_exp=0 qo_len=4 kv_len=4096 n_heads=12 n_kv_heads=2 head_dim=128 kv_head=0 worker=0 block_r=0 block_c=0 t0_us=2285303074102 t1_us=2285303074260 dur_us=158
FIG8_ATTENTION_EVENT mode=scna-int8 phase=measure iteration=18 component=core_acc component_id=6 lut_exp=0 qo_len=4 kv_len=4096 n_heads=12 n_kv_heads=2 head_dim=128 kv_head=0 worker=0 block_r=0 block_c=0 t0_us=2285303074260 t1_us=2285303074263 dur_us=2
FIG8_ATTENTION_EVENT mode=scna-int8 phase=measure iteration=18 component=o_scale component_id=7 lut_exp=0 qo_len=4 kv_len=4096 n_heads=12 n_kv_heads=2 head_dim=128 kv_head=0 worker=0 block_r=0 block_c=-1 t0_us=2285303074263 t1_us=2285303074264 dur_us=0
FIG8_ATTENTION_EVENT mode=scna-int8 phase=measure iteration=18 component=o_store component_id=8 lut_exp=0 qo_len=4 kv_len=4096 n_heads=12 n_kv_heads=2 head_dim=128 kv_head=0 worker=0 block_r=0 block_c=-1 t0_us=2285303074264 t1_us=2285303074266 dur_us=2
FIG8_ATTENTION_EVENT mode=scna-int8 phase=measure iteration=18 component=q_load component_id=1 lut_exp=0 qo_len=4 kv_len=4096 n_heads=12 n_kv_heads=2 head_dim=128 kv_head=1 worker=0 block_r=0 block_c=-1 t0_us=2285303074306 t1_us=2285303074308 dur_us=1
FIG8_ATTENTION_EVENT mode=scna-int8 phase=measure iteration=18 component=k_load component_id=2 lut_exp=0 qo_len=4 kv_len=4096 n_heads=12 n_kv_heads=2 head_dim=128 kv_head=1 worker=0 block_r=0 block_c=0 t0_us=2285303074308 t1_us=2285303074493 dur_us=184
FIG8_ATTENTION_EVENT mode=scna-int8 phase=measure iteration=18 component=qk_dot component_id=4 lut_exp=0 qo_len=4 kv_len=4096 n_heads=12 n_kv_heads=2 head_dim=128 kv_head=1 worker=0 block_r=0 block_c=0 t0_us=2285303074494 t1_us=2285303074496 dur_us=2
FIG8_ATTENTION_EVENT mode=scna-int8 phase=measure iteration=18 component=safe_sm component_id=5 lut_exp=0 qo_len=4 kv_len=4096 n_heads=12 n_kv_heads=2 head_dim=128 kv_head=1 worker=0 block_r=0 block_c=0 t0_us=2285303074496 t1_us=2285303074605 dur_us=108
FIG8_ATTENTION_EVENT mode=scna-int8 phase=measure iteration=18 component=v_load component_id=3 lut_exp=0 qo_len=4 kv_len=4096 n_heads=12 n_kv_heads=2 head_dim=128 kv_head=1 worker=0 block_r=0 block_c=0 t0_us=2285303074605 t1_us=2285303074766 dur_us=161
FIG8_ATTENTION_EVENT mode=scna-int8 phase=measure iteration=18 component=core_acc component_id=6 lut_exp=0 qo_len=4 kv_len=4096 n_heads=12 n_kv_heads=2 head_dim=128 kv_head=1 worker=0 block_r=0 block_c=0 t0_us=2285303074767 t1_us=2285303074769 dur_us=1
FIG8_ATTENTION_EVENT mode=scna-int8 phase=measure iteration=18 component=o_scale component_id=7 lut_exp=0 qo_len=4 kv_len=4096 n_heads=12 n_kv_heads=2 head_dim=128 kv_head=1 worker=0 block_r=0 block_c=-1 t0_us=2285303074769 t1_us=2285303074770 dur_us=0
FIG8_ATTENTION_EVENT mode=scna-int8 phase=measure iteration=18 component=o_store component_id=8 lut_exp=0 qo_len=4 kv_len=4096 n_heads=12 n_kv_heads=2 head_dim=128 kv_head=1 worker=0 block_r=0 block_c=-1 t0_us=2285303074770 t1_us=2285303074772 dur_us=1
FIG8_ATTENTION_HOST_TIMING mode=scna-int8 qo_len=4 kv_len=4096 n_heads=12 n_kv_heads=2 head_dim=128 phase=measure iteration=19 host_elapsed_us=1233 ret=0
FIG8_ATTENTION_PROFILE_COUNT mode=scna-int8 qo_len=4 phase=measure iteration=19 records=2 max_records=10
FIG8_ATTENTION_TIMERS mode=scna-int8 phase=measure iteration=19 lut_exp=0 nonlinear_mode=2 scna_width=8 scna_exp=80 qo_len=4 kv_len=4096 n_heads=12 n_kv_heads=2 head_dim=128 kv_head=0 worker=0 profiled_total=442 q_load=1 k_load=176 v_load=154 qk_dot=2 safe_sm=107 core_acc=1 o_scale=0 o_store=1
FIG8_ATTENTION_TIMERS mode=scna-int8 phase=measure iteration=19 lut_exp=0 nonlinear_mode=2 scna_width=8 scna_exp=80 qo_len=4 kv_len=4096 n_heads=12 n_kv_heads=2 head_dim=128 kv_head=1 worker=0 profiled_total=447 q_load=1 k_load=183 v_load=154 qk_dot=2 safe_sm=105 core_acc=1 o_scale=0 o_store=1
FIG8_ATTENTION_EVENT_COUNT mode=scna-int8 qo_len=4 phase=measure iteration=19 events=16 max_events=3224 overflow=0
FIG8_ATTENTION_EVENT mode=scna-int8 phase=measure iteration=19 component=q_load component_id=1 lut_exp=0 qo_len=4 kv_len=4096 n_heads=12 n_kv_heads=2 head_dim=128 kv_head=0 worker=0 block_r=0 block_c=-1 t0_us=2285303075200 t1_us=2285303075202 dur_us=1
FIG8_ATTENTION_EVENT mode=scna-int8 phase=measure iteration=19 component=k_load component_id=2 lut_exp=0 qo_len=4 kv_len=4096 n_heads=12 n_kv_heads=2 head_dim=128 kv_head=0 worker=0 block_r=0 block_c=0 t0_us=2285303075203 t1_us=2285303075380 dur_us=176
FIG8_ATTENTION_EVENT mode=scna-int8 phase=measure iteration=19 component=qk_dot component_id=4 lut_exp=0 qo_len=4 kv_len=4096 n_heads=12 n_kv_heads=2 head_dim=128 kv_head=0 worker=0 block_r=0 block_c=0 t0_us=2285303075380 t1_us=2285303075382 dur_us=2
FIG8_ATTENTION_EVENT mode=scna-int8 phase=measure iteration=19 component=safe_sm component_id=5 lut_exp=0 qo_len=4 kv_len=4096 n_heads=12 n_kv_heads=2 head_dim=128 kv_head=0 worker=0 block_r=0 block_c=0 t0_us=2285303075382 t1_us=2285303075490 dur_us=107
FIG8_ATTENTION_EVENT mode=scna-int8 phase=measure iteration=19 component=v_load component_id=3 lut_exp=0 qo_len=4 kv_len=4096 n_heads=12 n_kv_heads=2 head_dim=128 kv_head=0 worker=0 block_r=0 block_c=0 t0_us=2285303075491 t1_us=2285303075645 dur_us=154
FIG8_ATTENTION_EVENT mode=scna-int8 phase=measure iteration=19 component=core_acc component_id=6 lut_exp=0 qo_len=4 kv_len=4096 n_heads=12 n_kv_heads=2 head_dim=128 kv_head=0 worker=0 block_r=0 block_c=0 t0_us=2285303075645 t1_us=2285303075647 dur_us=1
FIG8_ATTENTION_EVENT mode=scna-int8 phase=measure iteration=19 component=o_scale component_id=7 lut_exp=0 qo_len=4 kv_len=4096 n_heads=12 n_kv_heads=2 head_dim=128 kv_head=0 worker=0 block_r=0 block_c=-1 t0_us=2285303075647 t1_us=2285303075648 dur_us=0
FIG8_ATTENTION_EVENT mode=scna-int8 phase=measure iteration=19 component=o_store component_id=8 lut_exp=0 qo_len=4 kv_len=4096 n_heads=12 n_kv_heads=2 head_dim=128 kv_head=0 worker=0 block_r=0 block_c=-1 t0_us=2285303075648 t1_us=2285303075650 dur_us=1
FIG8_ATTENTION_EVENT mode=scna-int8 phase=measure iteration=19 component=q_load component_id=1 lut_exp=0 qo_len=4 kv_len=4096 n_heads=12 n_kv_heads=2 head_dim=128 kv_head=1 worker=0 block_r=0 block_c=-1 t0_us=2285303075690 t1_us=2285303075691 dur_us=1
FIG8_ATTENTION_EVENT mode=scna-int8 phase=measure iteration=19 component=k_load component_id=2 lut_exp=0 qo_len=4 kv_len=4096 n_heads=12 n_kv_heads=2 head_dim=128 kv_head=1 worker=0 block_r=0 block_c=0 t0_us=2285303075692 t1_us=2285303075876 dur_us=183
FIG8_ATTENTION_EVENT mode=scna-int8 phase=measure iteration=19 component=qk_dot component_id=4 lut_exp=0 qo_len=4 kv_len=4096 n_heads=12 n_kv_heads=2 head_dim=128 kv_head=1 worker=0 block_r=0 block_c=0 t0_us=2285303075876 t1_us=2285303075878 dur_us=2
FIG8_ATTENTION_EVENT mode=scna-int8 phase=measure iteration=19 component=safe_sm component_id=5 lut_exp=0 qo_len=4 kv_len=4096 n_heads=12 n_kv_heads=2 head_dim=128 kv_head=1 worker=0 block_r=0 block_c=0 t0_us=2285303075879 t1_us=2285303075985 dur_us=105
FIG8_ATTENTION_EVENT mode=scna-int8 phase=measure iteration=19 component=v_load component_id=3 lut_exp=0 qo_len=4 kv_len=4096 n_heads=12 n_kv_heads=2 head_dim=128 kv_head=1 worker=0 block_r=0 block_c=0 t0_us=2285303075985 t1_us=2285303076139 dur_us=154
FIG8_ATTENTION_EVENT mode=scna-int8 phase=measure iteration=19 component=core_acc component_id=6 lut_exp=0 qo_len=4 kv_len=4096 n_heads=12 n_kv_heads=2 head_dim=128 kv_head=1 worker=0 block_r=0 block_c=0 t0_us=2285303076139 t1_us=2285303076141 dur_us=1
FIG8_ATTENTION_EVENT mode=scna-int8 phase=measure iteration=19 component=o_scale component_id=7 lut_exp=0 qo_len=4 kv_len=4096 n_heads=12 n_kv_heads=2 head_dim=128 kv_head=1 worker=0 block_r=0 block_c=-1 t0_us=2285303076141 t1_us=2285303076142 dur_us=0
FIG8_ATTENTION_EVENT mode=scna-int8 phase=measure iteration=19 component=o_store component_id=8 lut_exp=0 qo_len=4 kv_len=4096 n_heads=12 n_kv_heads=2 head_dim=128 kv_head=1 worker=0 block_r=0 block_c=-1 t0_us=2285303076142 t1_us=2285303076144 dur_us=1
