alloc_shared_mem_buf: buf=0x7831210000 fd=12 size=98304 flags=FASTRPC_MAP_FD
alloc_shared_mem_buf: buf=0x7598e00000 fd=13 size=2097152 flags=FASTRPC_MAP_FD
alloc_shared_mem_buf: buf=0x7598c00000 fd=14 size=2097152 flags=FASTRPC_MAP_FD
alloc_shared_mem_buf: buf=0x7830ff0000 fd=15 size=98304 flags=FASTRPC_MAP_FD
alloc_shared_mem_buf: buf=0x7830df0000 fd=16 size=131072 flags=FASTRPC_MAP_FD
alloc_shared_mem_buf: buf=0x7598b20000 fd=17 size=902144 flags=FASTRPC_MAP_FD
alloc_shared_mem_buf: buf=0x783158a000 fd=18 size=4096 flags=FASTRPC_MAP_FD
No-op channel request completed
FIG8_ATTENTION_CONFIG mode=scna-fp16 mask_mode=full qo_len=16 kv_len=4096 n_heads=12 n_kv_heads=2 head_dim=128 warmup=5 iters=20 scna_width=16 q_size=98304 kv_size=2097152 mask_size=131072 profile_size=902144 profile_max_records=10 profile_max_events=12512 mode_flags=4 print_events=1
FIG8_ATTENTION_HOST_TIMING mode=scna-fp16 qo_len=16 kv_len=4096 n_heads=12 n_kv_heads=2 head_dim=128 phase=warmup iteration=0 host_elapsed_us=2015 ret=0
FIG8_ATTENTION_PROFILE_COUNT mode=scna-fp16 qo_len=16 phase=warmup iteration=0 records=2 max_records=10
FIG8_ATTENTION_TIMERS mode=scna-fp16 phase=warmup iteration=0 lut_exp=0 nonlinear_mode=1 scna_width=16 scna_exp=429 qo_len=16 kv_len=4096 n_heads=12 n_kv_heads=2 head_dim=128 kv_head=0 worker=0 profiled_total=824 q_load=5 k_load=96 v_load=166 qk_dot=6 safe_sm=535 core_acc=7 o_scale=1 o_store=8
FIG8_ATTENTION_TIMERS mode=scna-fp16 phase=warmup iteration=0 lut_exp=0 nonlinear_mode=1 scna_width=16 scna_exp=426 qo_len=16 kv_len=4096 n_heads=12 n_kv_heads=2 head_dim=128 kv_head=1 worker=0 profiled_total=791 q_load=4 k_load=79 v_load=165 qk_dot=6 safe_sm=524 core_acc=6 o_scale=2 o_store=5
FIG8_ATTENTION_EVENT_COUNT mode=scna-fp16 qo_len=16 phase=warmup iteration=0 events=16 max_events=12512 overflow=0
FIG8_ATTENTION_EVENT mode=scna-fp16 phase=warmup iteration=0 component=q_load component_id=1 lut_exp=0 qo_len=16 kv_len=4096 n_heads=12 n_kv_heads=2 head_dim=128 kv_head=0 worker=0 block_r=0 block_c=-1 t0_us=2285301615637 t1_us=2285301615642 dur_us=5
FIG8_ATTENTION_EVENT mode=scna-fp16 phase=warmup iteration=0 component=k_load component_id=2 lut_exp=0 qo_len=16 kv_len=4096 n_heads=12 n_kv_heads=2 head_dim=128 kv_head=0 worker=0 block_r=0 block_c=0 t0_us=2285301615643 t1_us=2285301615740 dur_us=96
FIG8_ATTENTION_EVENT mode=scna-fp16 phase=warmup iteration=0 component=qk_dot component_id=4 lut_exp=0 qo_len=16 kv_len=4096 n_heads=12 n_kv_heads=2 head_dim=128 kv_head=0 worker=0 block_r=0 block_c=0 t0_us=2285301615740 t1_us=2285301615747 dur_us=6
FIG8_ATTENTION_EVENT mode=scna-fp16 phase=warmup iteration=0 component=safe_sm component_id=5 lut_exp=0 qo_len=16 kv_len=4096 n_heads=12 n_kv_heads=2 head_dim=128 kv_head=0 worker=0 block_r=0 block_c=0 t0_us=2285301615747 t1_us=2285301616283 dur_us=535
FIG8_ATTENTION_EVENT mode=scna-fp16 phase=warmup iteration=0 component=v_load component_id=3 lut_exp=0 qo_len=16 kv_len=4096 n_heads=12 n_kv_heads=2 head_dim=128 kv_head=0 worker=0 block_r=0 block_c=0 t0_us=2285301616284 t1_us=2285301616450 dur_us=166
FIG8_ATTENTION_EVENT mode=scna-fp16 phase=warmup iteration=0 component=core_acc component_id=6 lut_exp=0 qo_len=16 kv_len=4096 n_heads=12 n_kv_heads=2 head_dim=128 kv_head=0 worker=0 block_r=0 block_c=0 t0_us=2285301616450 t1_us=2285301616458 dur_us=7
FIG8_ATTENTION_EVENT mode=scna-fp16 phase=warmup iteration=0 component=o_scale component_id=7 lut_exp=0 qo_len=16 kv_len=4096 n_heads=12 n_kv_heads=2 head_dim=128 kv_head=0 worker=0 block_r=0 block_c=-1 t0_us=2285301616458 t1_us=2285301616460 dur_us=1
FIG8_ATTENTION_EVENT mode=scna-fp16 phase=warmup iteration=0 component=o_store component_id=8 lut_exp=0 qo_len=16 kv_len=4096 n_heads=12 n_kv_heads=2 head_dim=128 kv_head=0 worker=0 block_r=0 block_c=-1 t0_us=2285301616460 t1_us=2285301616468 dur_us=8
FIG8_ATTENTION_EVENT mode=scna-fp16 phase=warmup iteration=0 component=q_load component_id=1 lut_exp=0 qo_len=16 kv_len=4096 n_heads=12 n_kv_heads=2 head_dim=128 kv_head=1 worker=0 block_r=0 block_c=-1 t0_us=2285301616528 t1_us=2285301616532 dur_us=4
FIG8_ATTENTION_EVENT mode=scna-fp16 phase=warmup iteration=0 component=k_load component_id=2 lut_exp=0 qo_len=16 kv_len=4096 n_heads=12 n_kv_heads=2 head_dim=128 kv_head=1 worker=0 block_r=0 block_c=0 t0_us=2285301616534 t1_us=2285301616613 dur_us=79
FIG8_ATTENTION_EVENT mode=scna-fp16 phase=warmup iteration=0 component=qk_dot component_id=4 lut_exp=0 qo_len=16 kv_len=4096 n_heads=12 n_kv_heads=2 head_dim=128 kv_head=1 worker=0 block_r=0 block_c=0 t0_us=2285301616613 t1_us=2285301616620 dur_us=6
FIG8_ATTENTION_EVENT mode=scna-fp16 phase=warmup iteration=0 component=safe_sm component_id=5 lut_exp=0 qo_len=16 kv_len=4096 n_heads=12 n_kv_heads=2 head_dim=128 kv_head=1 worker=0 block_r=0 block_c=0 t0_us=2285301616621 t1_us=2285301617145 dur_us=524
FIG8_ATTENTION_EVENT mode=scna-fp16 phase=warmup iteration=0 component=v_load component_id=3 lut_exp=0 qo_len=16 kv_len=4096 n_heads=12 n_kv_heads=2 head_dim=128 kv_head=1 worker=0 block_r=0 block_c=0 t0_us=2285301617145 t1_us=2285301617311 dur_us=165
FIG8_ATTENTION_EVENT mode=scna-fp16 phase=warmup iteration=0 component=core_acc component_id=6 lut_exp=0 qo_len=16 kv_len=4096 n_heads=12 n_kv_heads=2 head_dim=128 kv_head=1 worker=0 block_r=0 block_c=0 t0_us=2285301617312 t1_us=2285301617318 dur_us=6
FIG8_ATTENTION_EVENT mode=scna-fp16 phase=warmup iteration=0 component=o_scale component_id=7 lut_exp=0 qo_len=16 kv_len=4096 n_heads=12 n_kv_heads=2 head_dim=128 kv_head=1 worker=0 block_r=0 block_c=-1 t0_us=2285301617318 t1_us=2285301617320 dur_us=2
FIG8_ATTENTION_EVENT mode=scna-fp16 phase=warmup iteration=0 component=o_store component_id=8 lut_exp=0 qo_len=16 kv_len=4096 n_heads=12 n_kv_heads=2 head_dim=128 kv_head=1 worker=0 block_r=0 block_c=-1 t0_us=2285301617321 t1_us=2285301617327 dur_us=5
FIG8_ATTENTION_HOST_TIMING mode=scna-fp16 qo_len=16 kv_len=4096 n_heads=12 n_kv_heads=2 head_dim=128 phase=warmup iteration=1 host_elapsed_us=1916 ret=0
FIG8_ATTENTION_PROFILE_COUNT mode=scna-fp16 qo_len=16 phase=warmup iteration=1 records=2 max_records=10
FIG8_ATTENTION_TIMERS mode=scna-fp16 phase=warmup iteration=1 lut_exp=0 nonlinear_mode=1 scna_width=16 scna_exp=425 qo_len=16 kv_len=4096 n_heads=12 n_kv_heads=2 head_dim=128 kv_head=0 worker=0 profiled_total=890 q_load=4 k_load=175 v_load=167 qk_dot=6 safe_sm=524 core_acc=7 o_scale=1 o_store=6
FIG8_ATTENTION_TIMERS mode=scna-fp16 phase=warmup iteration=1 lut_exp=0 nonlinear_mode=1 scna_width=16 scna_exp=425 qo_len=16 kv_len=4096 n_heads=12 n_kv_heads=2 head_dim=128 kv_head=1 worker=0 profiled_total=774 q_load=4 k_load=66 v_load=166 qk_dot=6 safe_sm=520 core_acc=6 o_scale=1 o_store=5
FIG8_ATTENTION_EVENT_COUNT mode=scna-fp16 qo_len=16 phase=warmup iteration=1 events=16 max_events=12512 overflow=0
FIG8_ATTENTION_EVENT mode=scna-fp16 phase=warmup iteration=1 component=q_load component_id=1 lut_exp=0 qo_len=16 kv_len=4096 n_heads=12 n_kv_heads=2 head_dim=128 kv_head=0 worker=0 block_r=0 block_c=-1 t0_us=2285301617932 t1_us=2285301617936 dur_us=4
FIG8_ATTENTION_EVENT mode=scna-fp16 phase=warmup iteration=1 component=k_load component_id=2 lut_exp=0 qo_len=16 kv_len=4096 n_heads=12 n_kv_heads=2 head_dim=128 kv_head=0 worker=0 block_r=0 block_c=0 t0_us=2285301617938 t1_us=2285301618113 dur_us=175
FIG8_ATTENTION_EVENT mode=scna-fp16 phase=warmup iteration=1 component=qk_dot component_id=4 lut_exp=0 qo_len=16 kv_len=4096 n_heads=12 n_kv_heads=2 head_dim=128 kv_head=0 worker=0 block_r=0 block_c=0 t0_us=2285301618113 t1_us=2285301618120 dur_us=6
FIG8_ATTENTION_EVENT mode=scna-fp16 phase=warmup iteration=1 component=safe_sm component_id=5 lut_exp=0 qo_len=16 kv_len=4096 n_heads=12 n_kv_heads=2 head_dim=128 kv_head=0 worker=0 block_r=0 block_c=0 t0_us=2285301618121 t1_us=2285301618645 dur_us=524
FIG8_ATTENTION_EVENT mode=scna-fp16 phase=warmup iteration=1 component=v_load component_id=3 lut_exp=0 qo_len=16 kv_len=4096 n_heads=12 n_kv_heads=2 head_dim=128 kv_head=0 worker=0 block_r=0 block_c=0 t0_us=2285301618647 t1_us=2285301618814 dur_us=167
FIG8_ATTENTION_EVENT mode=scna-fp16 phase=warmup iteration=1 component=core_acc component_id=6 lut_exp=0 qo_len=16 kv_len=4096 n_heads=12 n_kv_heads=2 head_dim=128 kv_head=0 worker=0 block_r=0 block_c=0 t0_us=2285301618814 t1_us=2285301618821 dur_us=7
FIG8_ATTENTION_EVENT mode=scna-fp16 phase=warmup iteration=1 component=o_scale component_id=7 lut_exp=0 qo_len=16 kv_len=4096 n_heads=12 n_kv_heads=2 head_dim=128 kv_head=0 worker=0 block_r=0 block_c=-1 t0_us=2285301618822 t1_us=2285301618823 dur_us=1
FIG8_ATTENTION_EVENT mode=scna-fp16 phase=warmup iteration=1 component=o_store component_id=8 lut_exp=0 qo_len=16 kv_len=4096 n_heads=12 n_kv_heads=2 head_dim=128 kv_head=0 worker=0 block_r=0 block_c=-1 t0_us=2285301618824 t1_us=2285301618830 dur_us=6
FIG8_ATTENTION_EVENT mode=scna-fp16 phase=warmup iteration=1 component=q_load component_id=1 lut_exp=0 qo_len=16 kv_len=4096 n_heads=12 n_kv_heads=2 head_dim=128 kv_head=1 worker=0 block_r=0 block_c=-1 t0_us=2285301618873 t1_us=2285301618878 dur_us=4
FIG8_ATTENTION_EVENT mode=scna-fp16 phase=warmup iteration=1 component=k_load component_id=2 lut_exp=0 qo_len=16 kv_len=4096 n_heads=12 n_kv_heads=2 head_dim=128 kv_head=1 worker=0 block_r=0 block_c=0 t0_us=2285301618879 t1_us=2285301618945 dur_us=66
FIG8_ATTENTION_EVENT mode=scna-fp16 phase=warmup iteration=1 component=qk_dot component_id=4 lut_exp=0 qo_len=16 kv_len=4096 n_heads=12 n_kv_heads=2 head_dim=128 kv_head=1 worker=0 block_r=0 block_c=0 t0_us=2285301618946 t1_us=2285301618953 dur_us=6
FIG8_ATTENTION_EVENT mode=scna-fp16 phase=warmup iteration=1 component=safe_sm component_id=5 lut_exp=0 qo_len=16 kv_len=4096 n_heads=12 n_kv_heads=2 head_dim=128 kv_head=1 worker=0 block_r=0 block_c=0 t0_us=2285301618953 t1_us=2285301619474 dur_us=520
FIG8_ATTENTION_EVENT mode=scna-fp16 phase=warmup iteration=1 component=v_load component_id=3 lut_exp=0 qo_len=16 kv_len=4096 n_heads=12 n_kv_heads=2 head_dim=128 kv_head=1 worker=0 block_r=0 block_c=0 t0_us=2285301619474 t1_us=2285301619641 dur_us=166
FIG8_ATTENTION_EVENT mode=scna-fp16 phase=warmup iteration=1 component=core_acc component_id=6 lut_exp=0 qo_len=16 kv_len=4096 n_heads=12 n_kv_heads=2 head_dim=128 kv_head=1 worker=0 block_r=0 block_c=0 t0_us=2285301619642 t1_us=2285301619648 dur_us=6
FIG8_ATTENTION_EVENT mode=scna-fp16 phase=warmup iteration=1 component=o_scale component_id=7 lut_exp=0 qo_len=16 kv_len=4096 n_heads=12 n_kv_heads=2 head_dim=128 kv_head=1 worker=0 block_r=0 block_c=-1 t0_us=2285301619649 t1_us=2285301619650 dur_us=1
FIG8_ATTENTION_EVENT mode=scna-fp16 phase=warmup iteration=1 component=o_store component_id=8 lut_exp=0 qo_len=16 kv_len=4096 n_heads=12 n_kv_heads=2 head_dim=128 kv_head=1 worker=0 block_r=0 block_c=-1 t0_us=2285301619651 t1_us=2285301619656 dur_us=5
FIG8_ATTENTION_HOST_TIMING mode=scna-fp16 qo_len=16 kv_len=4096 n_heads=12 n_kv_heads=2 head_dim=128 phase=warmup iteration=2 host_elapsed_us=2071 ret=0
FIG8_ATTENTION_PROFILE_COUNT mode=scna-fp16 qo_len=16 phase=warmup iteration=2 records=2 max_records=10
FIG8_ATTENTION_TIMERS mode=scna-fp16 phase=warmup iteration=2 lut_exp=0 nonlinear_mode=1 scna_width=16 scna_exp=425 qo_len=16 kv_len=4096 n_heads=12 n_kv_heads=2 head_dim=128 kv_head=0 worker=0 profiled_total=883 q_load=4 k_load=179 v_load=163 qk_dot=7 safe_sm=517 core_acc=6 o_scale=1 o_store=6
FIG8_ATTENTION_TIMERS mode=scna-fp16 phase=warmup iteration=2 lut_exp=0 nonlinear_mode=1 scna_width=16 scna_exp=424 qo_len=16 kv_len=4096 n_heads=12 n_kv_heads=2 head_dim=128 kv_head=1 worker=0 profiled_total=902 q_load=4 k_load=196 v_load=167 qk_dot=6 safe_sm=517 core_acc=6 o_scale=1 o_store=5
FIG8_ATTENTION_EVENT_COUNT mode=scna-fp16 qo_len=16 phase=warmup iteration=2 events=16 max_events=12512 overflow=0
FIG8_ATTENTION_EVENT mode=scna-fp16 phase=warmup iteration=2 component=q_load component_id=1 lut_exp=0 qo_len=16 kv_len=4096 n_heads=12 n_kv_heads=2 head_dim=128 kv_head=0 worker=0 block_r=0 block_c=-1 t0_us=2285301620081 t1_us=2285301620086 dur_us=4
FIG8_ATTENTION_EVENT mode=scna-fp16 phase=warmup iteration=2 component=k_load component_id=2 lut_exp=0 qo_len=16 kv_len=4096 n_heads=12 n_kv_heads=2 head_dim=128 kv_head=0 worker=0 block_r=0 block_c=0 t0_us=2285301620087 t1_us=2285301620267 dur_us=179
FIG8_ATTENTION_EVENT mode=scna-fp16 phase=warmup iteration=2 component=qk_dot component_id=4 lut_exp=0 qo_len=16 kv_len=4096 n_heads=12 n_kv_heads=2 head_dim=128 kv_head=0 worker=0 block_r=0 block_c=0 t0_us=2285301620267 t1_us=2285301620274 dur_us=7
FIG8_ATTENTION_EVENT mode=scna-fp16 phase=warmup iteration=2 component=safe_sm component_id=5 lut_exp=0 qo_len=16 kv_len=4096 n_heads=12 n_kv_heads=2 head_dim=128 kv_head=0 worker=0 block_r=0 block_c=0 t0_us=2285301620274 t1_us=2285301620792 dur_us=517
FIG8_ATTENTION_EVENT mode=scna-fp16 phase=warmup iteration=2 component=v_load component_id=3 lut_exp=0 qo_len=16 kv_len=4096 n_heads=12 n_kv_heads=2 head_dim=128 kv_head=0 worker=0 block_r=0 block_c=0 t0_us=2285301620794 t1_us=2285301620957 dur_us=163
FIG8_ATTENTION_EVENT mode=scna-fp16 phase=warmup iteration=2 component=core_acc component_id=6 lut_exp=0 qo_len=16 kv_len=4096 n_heads=12 n_kv_heads=2 head_dim=128 kv_head=0 worker=0 block_r=0 block_c=0 t0_us=2285301620958 t1_us=2285301620965 dur_us=6
FIG8_ATTENTION_EVENT mode=scna-fp16 phase=warmup iteration=2 component=o_scale component_id=7 lut_exp=0 qo_len=16 kv_len=4096 n_heads=12 n_kv_heads=2 head_dim=128 kv_head=0 worker=0 block_r=0 block_c=-1 t0_us=2285301620965 t1_us=2285301620966 dur_us=1
FIG8_ATTENTION_EVENT mode=scna-fp16 phase=warmup iteration=2 component=o_store component_id=8 lut_exp=0 qo_len=16 kv_len=4096 n_heads=12 n_kv_heads=2 head_dim=128 kv_head=0 worker=0 block_r=0 block_c=-1 t0_us=2285301620967 t1_us=2285301620973 dur_us=6
FIG8_ATTENTION_EVENT mode=scna-fp16 phase=warmup iteration=2 component=q_load component_id=1 lut_exp=0 qo_len=16 kv_len=4096 n_heads=12 n_kv_heads=2 head_dim=128 kv_head=1 worker=0 block_r=0 block_c=-1 t0_us=2285301621018 t1_us=2285301621023 dur_us=4
FIG8_ATTENTION_EVENT mode=scna-fp16 phase=warmup iteration=2 component=k_load component_id=2 lut_exp=0 qo_len=16 kv_len=4096 n_heads=12 n_kv_heads=2 head_dim=128 kv_head=1 worker=0 block_r=0 block_c=0 t0_us=2285301621024 t1_us=2285301621220 dur_us=196
FIG8_ATTENTION_EVENT mode=scna-fp16 phase=warmup iteration=2 component=qk_dot component_id=4 lut_exp=0 qo_len=16 kv_len=4096 n_heads=12 n_kv_heads=2 head_dim=128 kv_head=1 worker=0 block_r=0 block_c=0 t0_us=2285301621220 t1_us=2285301621227 dur_us=6
FIG8_ATTENTION_EVENT mode=scna-fp16 phase=warmup iteration=2 component=safe_sm component_id=5 lut_exp=0 qo_len=16 kv_len=4096 n_heads=12 n_kv_heads=2 head_dim=128 kv_head=1 worker=0 block_r=0 block_c=0 t0_us=2285301621227 t1_us=2285301621745 dur_us=517
FIG8_ATTENTION_EVENT mode=scna-fp16 phase=warmup iteration=2 component=v_load component_id=3 lut_exp=0 qo_len=16 kv_len=4096 n_heads=12 n_kv_heads=2 head_dim=128 kv_head=1 worker=0 block_r=0 block_c=0 t0_us=2285301621745 t1_us=2285301621913 dur_us=167
FIG8_ATTENTION_EVENT mode=scna-fp16 phase=warmup iteration=2 component=core_acc component_id=6 lut_exp=0 qo_len=16 kv_len=4096 n_heads=12 n_kv_heads=2 head_dim=128 kv_head=1 worker=0 block_r=0 block_c=0 t0_us=2285301621914 t1_us=2285301621921 dur_us=6
FIG8_ATTENTION_EVENT mode=scna-fp16 phase=warmup iteration=2 component=o_scale component_id=7 lut_exp=0 qo_len=16 kv_len=4096 n_heads=12 n_kv_heads=2 head_dim=128 kv_head=1 worker=0 block_r=0 block_c=-1 t0_us=2285301621922 t1_us=2285301621923 dur_us=1
FIG8_ATTENTION_EVENT mode=scna-fp16 phase=warmup iteration=2 component=o_store component_id=8 lut_exp=0 qo_len=16 kv_len=4096 n_heads=12 n_kv_heads=2 head_dim=128 kv_head=1 worker=0 block_r=0 block_c=-1 t0_us=2285301621923 t1_us=2285301621929 dur_us=5
FIG8_ATTENTION_HOST_TIMING mode=scna-fp16 qo_len=16 kv_len=4096 n_heads=12 n_kv_heads=2 head_dim=128 phase=warmup iteration=3 host_elapsed_us=2115 ret=0
FIG8_ATTENTION_PROFILE_COUNT mode=scna-fp16 qo_len=16 phase=warmup iteration=3 records=2 max_records=10
FIG8_ATTENTION_TIMERS mode=scna-fp16 phase=warmup iteration=3 lut_exp=0 nonlinear_mode=1 scna_width=16 scna_exp=423 qo_len=16 kv_len=4096 n_heads=12 n_kv_heads=2 head_dim=128 kv_head=0 worker=0 profiled_total=894 q_load=4 k_load=182 v_load=167 qk_dot=6 safe_sm=523 core_acc=6 o_scale=1 o_store=5
FIG8_ATTENTION_TIMERS mode=scna-fp16 phase=warmup iteration=3 lut_exp=0 nonlinear_mode=1 scna_width=16 scna_exp=424 qo_len=16 kv_len=4096 n_heads=12 n_kv_heads=2 head_dim=128 kv_head=1 worker=0 profiled_total=906 q_load=4 k_load=193 v_load=171 qk_dot=6 safe_sm=520 core_acc=6 o_scale=1 o_store=5
FIG8_ATTENTION_EVENT_COUNT mode=scna-fp16 qo_len=16 phase=warmup iteration=3 events=16 max_events=12512 overflow=0
FIG8_ATTENTION_EVENT mode=scna-fp16 phase=warmup iteration=3 component=q_load component_id=1 lut_exp=0 qo_len=16 kv_len=4096 n_heads=12 n_kv_heads=2 head_dim=128 kv_head=0 worker=0 block_r=0 block_c=-1 t0_us=2285301622382 t1_us=2285301622386 dur_us=4
FIG8_ATTENTION_EVENT mode=scna-fp16 phase=warmup iteration=3 component=k_load component_id=2 lut_exp=0 qo_len=16 kv_len=4096 n_heads=12 n_kv_heads=2 head_dim=128 kv_head=0 worker=0 block_r=0 block_c=0 t0_us=2285301622388 t1_us=2285301622571 dur_us=182
FIG8_ATTENTION_EVENT mode=scna-fp16 phase=warmup iteration=3 component=qk_dot component_id=4 lut_exp=0 qo_len=16 kv_len=4096 n_heads=12 n_kv_heads=2 head_dim=128 kv_head=0 worker=0 block_r=0 block_c=0 t0_us=2285301622572 t1_us=2285301622578 dur_us=6
FIG8_ATTENTION_EVENT mode=scna-fp16 phase=warmup iteration=3 component=safe_sm component_id=5 lut_exp=0 qo_len=16 kv_len=4096 n_heads=12 n_kv_heads=2 head_dim=128 kv_head=0 worker=0 block_r=0 block_c=0 t0_us=2285301622579 t1_us=2285301623102 dur_us=523
FIG8_ATTENTION_EVENT mode=scna-fp16 phase=warmup iteration=3 component=v_load component_id=3 lut_exp=0 qo_len=16 kv_len=4096 n_heads=12 n_kv_heads=2 head_dim=128 kv_head=0 worker=0 block_r=0 block_c=0 t0_us=2285301623103 t1_us=2285301623271 dur_us=167
FIG8_ATTENTION_EVENT mode=scna-fp16 phase=warmup iteration=3 component=core_acc component_id=6 lut_exp=0 qo_len=16 kv_len=4096 n_heads=12 n_kv_heads=2 head_dim=128 kv_head=0 worker=0 block_r=0 block_c=0 t0_us=2285301623271 t1_us=2285301623278 dur_us=6
FIG8_ATTENTION_EVENT mode=scna-fp16 phase=warmup iteration=3 component=o_scale component_id=7 lut_exp=0 qo_len=16 kv_len=4096 n_heads=12 n_kv_heads=2 head_dim=128 kv_head=0 worker=0 block_r=0 block_c=-1 t0_us=2285301623278 t1_us=2285301623280 dur_us=1
FIG8_ATTENTION_EVENT mode=scna-fp16 phase=warmup iteration=3 component=o_store component_id=8 lut_exp=0 qo_len=16 kv_len=4096 n_heads=12 n_kv_heads=2 head_dim=128 kv_head=0 worker=0 block_r=0 block_c=-1 t0_us=2285301623280 t1_us=2285301623286 dur_us=5
FIG8_ATTENTION_EVENT mode=scna-fp16 phase=warmup iteration=3 component=q_load component_id=1 lut_exp=0 qo_len=16 kv_len=4096 n_heads=12 n_kv_heads=2 head_dim=128 kv_head=1 worker=0 block_r=0 block_c=-1 t0_us=2285301623331 t1_us=2285301623336 dur_us=4
FIG8_ATTENTION_EVENT mode=scna-fp16 phase=warmup iteration=3 component=k_load component_id=2 lut_exp=0 qo_len=16 kv_len=4096 n_heads=12 n_kv_heads=2 head_dim=128 kv_head=1 worker=0 block_r=0 block_c=0 t0_us=2285301623337 t1_us=2285301623530 dur_us=193
FIG8_ATTENTION_EVENT mode=scna-fp16 phase=warmup iteration=3 component=qk_dot component_id=4 lut_exp=0 qo_len=16 kv_len=4096 n_heads=12 n_kv_heads=2 head_dim=128 kv_head=1 worker=0 block_r=0 block_c=0 t0_us=2285301623531 t1_us=2285301623537 dur_us=6
FIG8_ATTENTION_EVENT mode=scna-fp16 phase=warmup iteration=3 component=safe_sm component_id=5 lut_exp=0 qo_len=16 kv_len=4096 n_heads=12 n_kv_heads=2 head_dim=128 kv_head=1 worker=0 block_r=0 block_c=0 t0_us=2285301623538 t1_us=2285301624058 dur_us=520
FIG8_ATTENTION_EVENT mode=scna-fp16 phase=warmup iteration=3 component=v_load component_id=3 lut_exp=0 qo_len=16 kv_len=4096 n_heads=12 n_kv_heads=2 head_dim=128 kv_head=1 worker=0 block_r=0 block_c=0 t0_us=2285301624059 t1_us=2285301624230 dur_us=171
FIG8_ATTENTION_EVENT mode=scna-fp16 phase=warmup iteration=3 component=core_acc component_id=6 lut_exp=0 qo_len=16 kv_len=4096 n_heads=12 n_kv_heads=2 head_dim=128 kv_head=1 worker=0 block_r=0 block_c=0 t0_us=2285301624231 t1_us=2285301624237 dur_us=6
FIG8_ATTENTION_EVENT mode=scna-fp16 phase=warmup iteration=3 component=o_scale component_id=7 lut_exp=0 qo_len=16 kv_len=4096 n_heads=12 n_kv_heads=2 head_dim=128 kv_head=1 worker=0 block_r=0 block_c=-1 t0_us=2285301624238 t1_us=2285301624239 dur_us=1
FIG8_ATTENTION_EVENT mode=scna-fp16 phase=warmup iteration=3 component=o_store component_id=8 lut_exp=0 qo_len=16 kv_len=4096 n_heads=12 n_kv_heads=2 head_dim=128 kv_head=1 worker=0 block_r=0 block_c=-1 t0_us=2285301624240 t1_us=2285301624245 dur_us=5
FIG8_ATTENTION_HOST_TIMING mode=scna-fp16 qo_len=16 kv_len=4096 n_heads=12 n_kv_heads=2 head_dim=128 phase=warmup iteration=4 host_elapsed_us=2109 ret=0
FIG8_ATTENTION_PROFILE_COUNT mode=scna-fp16 qo_len=16 phase=warmup iteration=4 records=2 max_records=10
FIG8_ATTENTION_TIMERS mode=scna-fp16 phase=warmup iteration=4 lut_exp=0 nonlinear_mode=1 scna_width=16 scna_exp=423 qo_len=16 kv_len=4096 n_heads=12 n_kv_heads=2 head_dim=128 kv_head=0 worker=0 profiled_total=894 q_load=4 k_load=185 v_load=167 qk_dot=6 safe_sm=519 core_acc=6 o_scale=1 o_store=6
FIG8_ATTENTION_TIMERS mode=scna-fp16 phase=warmup iteration=4 lut_exp=0 nonlinear_mode=1 scna_width=16 scna_exp=424 qo_len=16 kv_len=4096 n_heads=12 n_kv_heads=2 head_dim=128 kv_head=1 worker=0 profiled_total=915 q_load=4 k_load=203 v_load=170 qk_dot=6 safe_sm=520 core_acc=6 o_scale=1 o_store=5
FIG8_ATTENTION_EVENT_COUNT mode=scna-fp16 qo_len=16 phase=warmup iteration=4 events=16 max_events=12512 overflow=0
FIG8_ATTENTION_EVENT mode=scna-fp16 phase=warmup iteration=4 component=q_load component_id=1 lut_exp=0 qo_len=16 kv_len=4096 n_heads=12 n_kv_heads=2 head_dim=128 kv_head=0 worker=0 block_r=0 block_c=-1 t0_us=2285301624727 t1_us=2285301624731 dur_us=4
FIG8_ATTENTION_EVENT mode=scna-fp16 phase=warmup iteration=4 component=k_load component_id=2 lut_exp=0 qo_len=16 kv_len=4096 n_heads=12 n_kv_heads=2 head_dim=128 kv_head=0 worker=0 block_r=0 block_c=0 t0_us=2285301624733 t1_us=2285301624918 dur_us=185
FIG8_ATTENTION_EVENT mode=scna-fp16 phase=warmup iteration=4 component=qk_dot component_id=4 lut_exp=0 qo_len=16 kv_len=4096 n_heads=12 n_kv_heads=2 head_dim=128 kv_head=0 worker=0 block_r=0 block_c=0 t0_us=2285301624918 t1_us=2285301624924 dur_us=6
FIG8_ATTENTION_EVENT mode=scna-fp16 phase=warmup iteration=4 component=safe_sm component_id=5 lut_exp=0 qo_len=16 kv_len=4096 n_heads=12 n_kv_heads=2 head_dim=128 kv_head=0 worker=0 block_r=0 block_c=0 t0_us=2285301624925 t1_us=2285301625444 dur_us=519
FIG8_ATTENTION_EVENT mode=scna-fp16 phase=warmup iteration=4 component=v_load component_id=3 lut_exp=0 qo_len=16 kv_len=4096 n_heads=12 n_kv_heads=2 head_dim=128 kv_head=0 worker=0 block_r=0 block_c=0 t0_us=2285301625445 t1_us=2285301625612 dur_us=167
FIG8_ATTENTION_EVENT mode=scna-fp16 phase=warmup iteration=4 component=core_acc component_id=6 lut_exp=0 qo_len=16 kv_len=4096 n_heads=12 n_kv_heads=2 head_dim=128 kv_head=0 worker=0 block_r=0 block_c=0 t0_us=2285301625613 t1_us=2285301625619 dur_us=6
FIG8_ATTENTION_EVENT mode=scna-fp16 phase=warmup iteration=4 component=o_scale component_id=7 lut_exp=0 qo_len=16 kv_len=4096 n_heads=12 n_kv_heads=2 head_dim=128 kv_head=0 worker=0 block_r=0 block_c=-1 t0_us=2285301625620 t1_us=2285301625621 dur_us=1
FIG8_ATTENTION_EVENT mode=scna-fp16 phase=warmup iteration=4 component=o_store component_id=8 lut_exp=0 qo_len=16 kv_len=4096 n_heads=12 n_kv_heads=2 head_dim=128 kv_head=0 worker=0 block_r=0 block_c=-1 t0_us=2285301625622 t1_us=2285301625628 dur_us=6
FIG8_ATTENTION_EVENT mode=scna-fp16 phase=warmup iteration=4 component=q_load component_id=1 lut_exp=0 qo_len=16 kv_len=4096 n_heads=12 n_kv_heads=2 head_dim=128 kv_head=1 worker=0 block_r=0 block_c=-1 t0_us=2285301625673 t1_us=2285301625678 dur_us=4
FIG8_ATTENTION_EVENT mode=scna-fp16 phase=warmup iteration=4 component=k_load component_id=2 lut_exp=0 qo_len=16 kv_len=4096 n_heads=12 n_kv_heads=2 head_dim=128 kv_head=1 worker=0 block_r=0 block_c=0 t0_us=2285301625679 t1_us=2285301625883 dur_us=203
FIG8_ATTENTION_EVENT mode=scna-fp16 phase=warmup iteration=4 component=qk_dot component_id=4 lut_exp=0 qo_len=16 kv_len=4096 n_heads=12 n_kv_heads=2 head_dim=128 kv_head=1 worker=0 block_r=0 block_c=0 t0_us=2285301625883 t1_us=2285301625889 dur_us=6
FIG8_ATTENTION_EVENT mode=scna-fp16 phase=warmup iteration=4 component=safe_sm component_id=5 lut_exp=0 qo_len=16 kv_len=4096 n_heads=12 n_kv_heads=2 head_dim=128 kv_head=1 worker=0 block_r=0 block_c=0 t0_us=2285301625890 t1_us=2285301626411 dur_us=520
FIG8_ATTENTION_EVENT mode=scna-fp16 phase=warmup iteration=4 component=v_load component_id=3 lut_exp=0 qo_len=16 kv_len=4096 n_heads=12 n_kv_heads=2 head_dim=128 kv_head=1 worker=0 block_r=0 block_c=0 t0_us=2285301626411 t1_us=2285301626582 dur_us=170
FIG8_ATTENTION_EVENT mode=scna-fp16 phase=warmup iteration=4 component=core_acc component_id=6 lut_exp=0 qo_len=16 kv_len=4096 n_heads=12 n_kv_heads=2 head_dim=128 kv_head=1 worker=0 block_r=0 block_c=0 t0_us=2285301626583 t1_us=2285301626589 dur_us=6
FIG8_ATTENTION_EVENT mode=scna-fp16 phase=warmup iteration=4 component=o_scale component_id=7 lut_exp=0 qo_len=16 kv_len=4096 n_heads=12 n_kv_heads=2 head_dim=128 kv_head=1 worker=0 block_r=0 block_c=-1 t0_us=2285301626590 t1_us=2285301626591 dur_us=1
FIG8_ATTENTION_EVENT mode=scna-fp16 phase=warmup iteration=4 component=o_store component_id=8 lut_exp=0 qo_len=16 kv_len=4096 n_heads=12 n_kv_heads=2 head_dim=128 kv_head=1 worker=0 block_r=0 block_c=-1 t0_us=2285301626592 t1_us=2285301626597 dur_us=5
FIG8_ATTENTION_HOST_TIMING mode=scna-fp16 qo_len=16 kv_len=4096 n_heads=12 n_kv_heads=2 head_dim=128 phase=measure iteration=0 host_elapsed_us=2113 ret=0
FIG8_ATTENTION_PROFILE_COUNT mode=scna-fp16 qo_len=16 phase=measure iteration=0 records=2 max_records=10
FIG8_ATTENTION_TIMERS mode=scna-fp16 phase=measure iteration=0 lut_exp=0 nonlinear_mode=1 scna_width=16 scna_exp=424 qo_len=16 kv_len=4096 n_heads=12 n_kv_heads=2 head_dim=128 kv_head=0 worker=0 profiled_total=883 q_load=4 k_load=181 v_load=158 qk_dot=6 safe_sm=522 core_acc=6 o_scale=1 o_store=5
FIG8_ATTENTION_TIMERS mode=scna-fp16 phase=measure iteration=0 lut_exp=0 nonlinear_mode=1 scna_width=16 scna_exp=424 qo_len=16 kv_len=4096 n_heads=12 n_kv_heads=2 head_dim=128 kv_head=1 worker=0 profiled_total=913 q_load=4 k_load=203 v_load=170 qk_dot=6 safe_sm=518 core_acc=6 o_scale=1 o_store=5
FIG8_ATTENTION_EVENT_COUNT mode=scna-fp16 qo_len=16 phase=measure iteration=0 events=16 max_events=12512 overflow=0
FIG8_ATTENTION_EVENT mode=scna-fp16 phase=measure iteration=0 component=q_load component_id=1 lut_exp=0 qo_len=16 kv_len=4096 n_heads=12 n_kv_heads=2 head_dim=128 kv_head=0 worker=0 block_r=0 block_c=-1 t0_us=2285301627061 t1_us=2285301627066 dur_us=4
FIG8_ATTENTION_EVENT mode=scna-fp16 phase=measure iteration=0 component=k_load component_id=2 lut_exp=0 qo_len=16 kv_len=4096 n_heads=12 n_kv_heads=2 head_dim=128 kv_head=0 worker=0 block_r=0 block_c=0 t0_us=2285301627067 t1_us=2285301627249 dur_us=181
FIG8_ATTENTION_EVENT mode=scna-fp16 phase=measure iteration=0 component=qk_dot component_id=4 lut_exp=0 qo_len=16 kv_len=4096 n_heads=12 n_kv_heads=2 head_dim=128 kv_head=0 worker=0 block_r=0 block_c=0 t0_us=2285301627249 t1_us=2285301627256 dur_us=6
FIG8_ATTENTION_EVENT mode=scna-fp16 phase=measure iteration=0 component=safe_sm component_id=5 lut_exp=0 qo_len=16 kv_len=4096 n_heads=12 n_kv_heads=2 head_dim=128 kv_head=0 worker=0 block_r=0 block_c=0 t0_us=2285301627256 t1_us=2285301627778 dur_us=522
FIG8_ATTENTION_EVENT mode=scna-fp16 phase=measure iteration=0 component=v_load component_id=3 lut_exp=0 qo_len=16 kv_len=4096 n_heads=12 n_kv_heads=2 head_dim=128 kv_head=0 worker=0 block_r=0 block_c=0 t0_us=2285301627780 t1_us=2285301627939 dur_us=158
FIG8_ATTENTION_EVENT mode=scna-fp16 phase=measure iteration=0 component=core_acc component_id=6 lut_exp=0 qo_len=16 kv_len=4096 n_heads=12 n_kv_heads=2 head_dim=128 kv_head=0 worker=0 block_r=0 block_c=0 t0_us=2285301627939 t1_us=2285301627946 dur_us=6
FIG8_ATTENTION_EVENT mode=scna-fp16 phase=measure iteration=0 component=o_scale component_id=7 lut_exp=0 qo_len=16 kv_len=4096 n_heads=12 n_kv_heads=2 head_dim=128 kv_head=0 worker=0 block_r=0 block_c=-1 t0_us=2285301627947 t1_us=2285301627948 dur_us=1
FIG8_ATTENTION_EVENT mode=scna-fp16 phase=measure iteration=0 component=o_store component_id=8 lut_exp=0 qo_len=16 kv_len=4096 n_heads=12 n_kv_heads=2 head_dim=128 kv_head=0 worker=0 block_r=0 block_c=-1 t0_us=2285301627949 t1_us=2285301627955 dur_us=5
FIG8_ATTENTION_EVENT mode=scna-fp16 phase=measure iteration=0 component=q_load component_id=1 lut_exp=0 qo_len=16 kv_len=4096 n_heads=12 n_kv_heads=2 head_dim=128 kv_head=1 worker=0 block_r=0 block_c=-1 t0_us=2285301628001 t1_us=2285301628006 dur_us=4
FIG8_ATTENTION_EVENT mode=scna-fp16 phase=measure iteration=0 component=k_load component_id=2 lut_exp=0 qo_len=16 kv_len=4096 n_heads=12 n_kv_heads=2 head_dim=128 kv_head=1 worker=0 block_r=0 block_c=0 t0_us=2285301628007 t1_us=2285301628210 dur_us=203
FIG8_ATTENTION_EVENT mode=scna-fp16 phase=measure iteration=0 component=qk_dot component_id=4 lut_exp=0 qo_len=16 kv_len=4096 n_heads=12 n_kv_heads=2 head_dim=128 kv_head=1 worker=0 block_r=0 block_c=0 t0_us=2285301628211 t1_us=2285301628217 dur_us=6
FIG8_ATTENTION_EVENT mode=scna-fp16 phase=measure iteration=0 component=safe_sm component_id=5 lut_exp=0 qo_len=16 kv_len=4096 n_heads=12 n_kv_heads=2 head_dim=128 kv_head=1 worker=0 block_r=0 block_c=0 t0_us=2285301628218 t1_us=2285301628736 dur_us=518
FIG8_ATTENTION_EVENT mode=scna-fp16 phase=measure iteration=0 component=v_load component_id=3 lut_exp=0 qo_len=16 kv_len=4096 n_heads=12 n_kv_heads=2 head_dim=128 kv_head=1 worker=0 block_r=0 block_c=0 t0_us=2285301628736 t1_us=2285301628907 dur_us=170
FIG8_ATTENTION_EVENT mode=scna-fp16 phase=measure iteration=0 component=core_acc component_id=6 lut_exp=0 qo_len=16 kv_len=4096 n_heads=12 n_kv_heads=2 head_dim=128 kv_head=1 worker=0 block_r=0 block_c=0 t0_us=2285301628907 t1_us=2285301628914 dur_us=6
FIG8_ATTENTION_EVENT mode=scna-fp16 phase=measure iteration=0 component=o_scale component_id=7 lut_exp=0 qo_len=16 kv_len=4096 n_heads=12 n_kv_heads=2 head_dim=128 kv_head=1 worker=0 block_r=0 block_c=-1 t0_us=2285301628915 t1_us=2285301628916 dur_us=1
FIG8_ATTENTION_EVENT mode=scna-fp16 phase=measure iteration=0 component=o_store component_id=8 lut_exp=0 qo_len=16 kv_len=4096 n_heads=12 n_kv_heads=2 head_dim=128 kv_head=1 worker=0 block_r=0 block_c=-1 t0_us=2285301628916 t1_us=2285301628922 dur_us=5
FIG8_ATTENTION_HOST_TIMING mode=scna-fp16 qo_len=16 kv_len=4096 n_heads=12 n_kv_heads=2 head_dim=128 phase=measure iteration=1 host_elapsed_us=2139 ret=0
FIG8_ATTENTION_PROFILE_COUNT mode=scna-fp16 qo_len=16 phase=measure iteration=1 records=2 max_records=10
FIG8_ATTENTION_TIMERS mode=scna-fp16 phase=measure iteration=1 lut_exp=0 nonlinear_mode=1 scna_width=16 scna_exp=423 qo_len=16 kv_len=4096 n_heads=12 n_kv_heads=2 head_dim=128 kv_head=0 worker=0 profiled_total=888 q_load=4 k_load=183 v_load=162 qk_dot=6 safe_sm=520 core_acc=6 o_scale=1 o_store=6
FIG8_ATTENTION_TIMERS mode=scna-fp16 phase=measure iteration=1 lut_exp=0 nonlinear_mode=1 scna_width=16 scna_exp=424 qo_len=16 kv_len=4096 n_heads=12 n_kv_heads=2 head_dim=128 kv_head=1 worker=0 profiled_total=918 q_load=5 k_load=201 v_load=172 qk_dot=6 safe_sm=522 core_acc=6 o_scale=1 o_store=5
FIG8_ATTENTION_EVENT_COUNT mode=scna-fp16 qo_len=16 phase=measure iteration=1 events=16 max_events=12512 overflow=0
FIG8_ATTENTION_EVENT mode=scna-fp16 phase=measure iteration=1 component=q_load component_id=1 lut_exp=0 qo_len=16 kv_len=4096 n_heads=12 n_kv_heads=2 head_dim=128 kv_head=0 worker=0 block_r=0 block_c=-1 t0_us=2285301629403 t1_us=2285301629408 dur_us=4
FIG8_ATTENTION_EVENT mode=scna-fp16 phase=measure iteration=1 component=k_load component_id=2 lut_exp=0 qo_len=16 kv_len=4096 n_heads=12 n_kv_heads=2 head_dim=128 kv_head=0 worker=0 block_r=0 block_c=0 t0_us=2285301629409 t1_us=2285301629592 dur_us=183
FIG8_ATTENTION_EVENT mode=scna-fp16 phase=measure iteration=1 component=qk_dot component_id=4 lut_exp=0 qo_len=16 kv_len=4096 n_heads=12 n_kv_heads=2 head_dim=128 kv_head=0 worker=0 block_r=0 block_c=0 t0_us=2285301629593 t1_us=2285301629600 dur_us=6
FIG8_ATTENTION_EVENT mode=scna-fp16 phase=measure iteration=1 component=safe_sm component_id=5 lut_exp=0 qo_len=16 kv_len=4096 n_heads=12 n_kv_heads=2 head_dim=128 kv_head=0 worker=0 block_r=0 block_c=0 t0_us=2285301629600 t1_us=2285301630120 dur_us=520
FIG8_ATTENTION_EVENT mode=scna-fp16 phase=measure iteration=1 component=v_load component_id=3 lut_exp=0 qo_len=16 kv_len=4096 n_heads=12 n_kv_heads=2 head_dim=128 kv_head=0 worker=0 block_r=0 block_c=0 t0_us=2285301630121 t1_us=2285301630284 dur_us=162
FIG8_ATTENTION_EVENT mode=scna-fp16 phase=measure iteration=1 component=core_acc component_id=6 lut_exp=0 qo_len=16 kv_len=4096 n_heads=12 n_kv_heads=2 head_dim=128 kv_head=0 worker=0 block_r=0 block_c=0 t0_us=2285301630284 t1_us=2285301630291 dur_us=6
FIG8_ATTENTION_EVENT mode=scna-fp16 phase=measure iteration=1 component=o_scale component_id=7 lut_exp=0 qo_len=16 kv_len=4096 n_heads=12 n_kv_heads=2 head_dim=128 kv_head=0 worker=0 block_r=0 block_c=-1 t0_us=2285301630291 t1_us=2285301630292 dur_us=1
FIG8_ATTENTION_EVENT mode=scna-fp16 phase=measure iteration=1 component=o_store component_id=8 lut_exp=0 qo_len=16 kv_len=4096 n_heads=12 n_kv_heads=2 head_dim=128 kv_head=0 worker=0 block_r=0 block_c=-1 t0_us=2285301630293 t1_us=2285301630299 dur_us=6
FIG8_ATTENTION_EVENT mode=scna-fp16 phase=measure iteration=1 component=q_load component_id=1 lut_exp=0 qo_len=16 kv_len=4096 n_heads=12 n_kv_heads=2 head_dim=128 kv_head=1 worker=0 block_r=0 block_c=-1 t0_us=2285301630344 t1_us=2285301630349 dur_us=5
FIG8_ATTENTION_EVENT mode=scna-fp16 phase=measure iteration=1 component=k_load component_id=2 lut_exp=0 qo_len=16 kv_len=4096 n_heads=12 n_kv_heads=2 head_dim=128 kv_head=1 worker=0 block_r=0 block_c=0 t0_us=2285301630350 t1_us=2285301630551 dur_us=201
FIG8_ATTENTION_EVENT mode=scna-fp16 phase=measure iteration=1 component=qk_dot component_id=4 lut_exp=0 qo_len=16 kv_len=4096 n_heads=12 n_kv_heads=2 head_dim=128 kv_head=1 worker=0 block_r=0 block_c=0 t0_us=2285301630552 t1_us=2285301630558 dur_us=6
FIG8_ATTENTION_EVENT mode=scna-fp16 phase=measure iteration=1 component=safe_sm component_id=5 lut_exp=0 qo_len=16 kv_len=4096 n_heads=12 n_kv_heads=2 head_dim=128 kv_head=1 worker=0 block_r=0 block_c=0 t0_us=2285301630559 t1_us=2285301631081 dur_us=522
FIG8_ATTENTION_EVENT mode=scna-fp16 phase=measure iteration=1 component=v_load component_id=3 lut_exp=0 qo_len=16 kv_len=4096 n_heads=12 n_kv_heads=2 head_dim=128 kv_head=1 worker=0 block_r=0 block_c=0 t0_us=2285301631081 t1_us=2285301631253 dur_us=172
FIG8_ATTENTION_EVENT mode=scna-fp16 phase=measure iteration=1 component=core_acc component_id=6 lut_exp=0 qo_len=16 kv_len=4096 n_heads=12 n_kv_heads=2 head_dim=128 kv_head=1 worker=0 block_r=0 block_c=0 t0_us=2285301631254 t1_us=2285301631261 dur_us=6
FIG8_ATTENTION_EVENT mode=scna-fp16 phase=measure iteration=1 component=o_scale component_id=7 lut_exp=0 qo_len=16 kv_len=4096 n_heads=12 n_kv_heads=2 head_dim=128 kv_head=1 worker=0 block_r=0 block_c=-1 t0_us=2285301631261 t1_us=2285301631263 dur_us=1
FIG8_ATTENTION_EVENT mode=scna-fp16 phase=measure iteration=1 component=o_store component_id=8 lut_exp=0 qo_len=16 kv_len=4096 n_heads=12 n_kv_heads=2 head_dim=128 kv_head=1 worker=0 block_r=0 block_c=-1 t0_us=2285301631263 t1_us=2285301631269 dur_us=5
FIG8_ATTENTION_HOST_TIMING mode=scna-fp16 qo_len=16 kv_len=4096 n_heads=12 n_kv_heads=2 head_dim=128 phase=measure iteration=2 host_elapsed_us=2139 ret=0
FIG8_ATTENTION_PROFILE_COUNT mode=scna-fp16 qo_len=16 phase=measure iteration=2 records=2 max_records=10
FIG8_ATTENTION_TIMERS mode=scna-fp16 phase=measure iteration=2 lut_exp=0 nonlinear_mode=1 scna_width=16 scna_exp=423 qo_len=16 kv_len=4096 n_heads=12 n_kv_heads=2 head_dim=128 kv_head=0 worker=0 profiled_total=885 q_load=4 k_load=184 v_load=160 qk_dot=6 safe_sm=518 core_acc=6 o_scale=1 o_store=6
FIG8_ATTENTION_TIMERS mode=scna-fp16 phase=measure iteration=2 lut_exp=0 nonlinear_mode=1 scna_width=16 scna_exp=424 qo_len=16 kv_len=4096 n_heads=12 n_kv_heads=2 head_dim=128 kv_head=1 worker=0 profiled_total=910 q_load=4 k_load=200 v_load=169 qk_dot=6 safe_sm=519 core_acc=6 o_scale=1 o_store=5
FIG8_ATTENTION_EVENT_COUNT mode=scna-fp16 qo_len=16 phase=measure iteration=2 events=16 max_events=12512 overflow=0
FIG8_ATTENTION_EVENT mode=scna-fp16 phase=measure iteration=2 component=q_load component_id=1 lut_exp=0 qo_len=16 kv_len=4096 n_heads=12 n_kv_heads=2 head_dim=128 kv_head=0 worker=0 block_r=0 block_c=-1 t0_us=2285301631772 t1_us=2285301631777 dur_us=4
FIG8_ATTENTION_EVENT mode=scna-fp16 phase=measure iteration=2 component=k_load component_id=2 lut_exp=0 qo_len=16 kv_len=4096 n_heads=12 n_kv_heads=2 head_dim=128 kv_head=0 worker=0 block_r=0 block_c=0 t0_us=2285301631778 t1_us=2285301631963 dur_us=184
FIG8_ATTENTION_EVENT mode=scna-fp16 phase=measure iteration=2 component=qk_dot component_id=4 lut_exp=0 qo_len=16 kv_len=4096 n_heads=12 n_kv_heads=2 head_dim=128 kv_head=0 worker=0 block_r=0 block_c=0 t0_us=2285301631963 t1_us=2285301631969 dur_us=6
FIG8_ATTENTION_EVENT mode=scna-fp16 phase=measure iteration=2 component=safe_sm component_id=5 lut_exp=0 qo_len=16 kv_len=4096 n_heads=12 n_kv_heads=2 head_dim=128 kv_head=0 worker=0 block_r=0 block_c=0 t0_us=2285301631970 t1_us=2285301632488 dur_us=518
FIG8_ATTENTION_EVENT mode=scna-fp16 phase=measure iteration=2 component=v_load component_id=3 lut_exp=0 qo_len=16 kv_len=4096 n_heads=12 n_kv_heads=2 head_dim=128 kv_head=0 worker=0 block_r=0 block_c=0 t0_us=2285301632489 t1_us=2285301632649 dur_us=160
FIG8_ATTENTION_EVENT mode=scna-fp16 phase=measure iteration=2 component=core_acc component_id=6 lut_exp=0 qo_len=16 kv_len=4096 n_heads=12 n_kv_heads=2 head_dim=128 kv_head=0 worker=0 block_r=0 block_c=0 t0_us=2285301632650 t1_us=2285301632656 dur_us=6
FIG8_ATTENTION_EVENT mode=scna-fp16 phase=measure iteration=2 component=o_scale component_id=7 lut_exp=0 qo_len=16 kv_len=4096 n_heads=12 n_kv_heads=2 head_dim=128 kv_head=0 worker=0 block_r=0 block_c=-1 t0_us=2285301632657 t1_us=2285301632658 dur_us=1
FIG8_ATTENTION_EVENT mode=scna-fp16 phase=measure iteration=2 component=o_store component_id=8 lut_exp=0 qo_len=16 kv_len=4096 n_heads=12 n_kv_heads=2 head_dim=128 kv_head=0 worker=0 block_r=0 block_c=-1 t0_us=2285301632659 t1_us=2285301632665 dur_us=6
FIG8_ATTENTION_EVENT mode=scna-fp16 phase=measure iteration=2 component=q_load component_id=1 lut_exp=0 qo_len=16 kv_len=4096 n_heads=12 n_kv_heads=2 head_dim=128 kv_head=1 worker=0 block_r=0 block_c=-1 t0_us=2285301632709 t1_us=2285301632714 dur_us=4
FIG8_ATTENTION_EVENT mode=scna-fp16 phase=measure iteration=2 component=k_load component_id=2 lut_exp=0 qo_len=16 kv_len=4096 n_heads=12 n_kv_heads=2 head_dim=128 kv_head=1 worker=0 block_r=0 block_c=0 t0_us=2285301632715 t1_us=2285301632915 dur_us=200
FIG8_ATTENTION_EVENT mode=scna-fp16 phase=measure iteration=2 component=qk_dot component_id=4 lut_exp=0 qo_len=16 kv_len=4096 n_heads=12 n_kv_heads=2 head_dim=128 kv_head=1 worker=0 block_r=0 block_c=0 t0_us=2285301632915 t1_us=2285301632922 dur_us=6
FIG8_ATTENTION_EVENT mode=scna-fp16 phase=measure iteration=2 component=safe_sm component_id=5 lut_exp=0 qo_len=16 kv_len=4096 n_heads=12 n_kv_heads=2 head_dim=128 kv_head=1 worker=0 block_r=0 block_c=0 t0_us=2285301632922 t1_us=2285301633442 dur_us=519
FIG8_ATTENTION_EVENT mode=scna-fp16 phase=measure iteration=2 component=v_load component_id=3 lut_exp=0 qo_len=16 kv_len=4096 n_heads=12 n_kv_heads=2 head_dim=128 kv_head=1 worker=0 block_r=0 block_c=0 t0_us=2285301633442 t1_us=2285301633612 dur_us=169
FIG8_ATTENTION_EVENT mode=scna-fp16 phase=measure iteration=2 component=core_acc component_id=6 lut_exp=0 qo_len=16 kv_len=4096 n_heads=12 n_kv_heads=2 head_dim=128 kv_head=1 worker=0 block_r=0 block_c=0 t0_us=2285301633613 t1_us=2285301633619 dur_us=6
FIG8_ATTENTION_EVENT mode=scna-fp16 phase=measure iteration=2 component=o_scale component_id=7 lut_exp=0 qo_len=16 kv_len=4096 n_heads=12 n_kv_heads=2 head_dim=128 kv_head=1 worker=0 block_r=0 block_c=-1 t0_us=2285301633620 t1_us=2285301633621 dur_us=1
FIG8_ATTENTION_EVENT mode=scna-fp16 phase=measure iteration=2 component=o_store component_id=8 lut_exp=0 qo_len=16 kv_len=4096 n_heads=12 n_kv_heads=2 head_dim=128 kv_head=1 worker=0 block_r=0 block_c=-1 t0_us=2285301633622 t1_us=2285301633627 dur_us=5
FIG8_ATTENTION_HOST_TIMING mode=scna-fp16 qo_len=16 kv_len=4096 n_heads=12 n_kv_heads=2 head_dim=128 phase=measure iteration=3 host_elapsed_us=1956 ret=0
FIG8_ATTENTION_PROFILE_COUNT mode=scna-fp16 qo_len=16 phase=measure iteration=3 records=2 max_records=10
FIG8_ATTENTION_TIMERS mode=scna-fp16 phase=measure iteration=3 lut_exp=0 nonlinear_mode=1 scna_width=16 scna_exp=423 qo_len=16 kv_len=4096 n_heads=12 n_kv_heads=2 head_dim=128 kv_head=0 worker=0 profiled_total=888 q_load=4 k_load=181 v_load=164 qk_dot=6 safe_sm=521 core_acc=6 o_scale=1 o_store=5
FIG8_ATTENTION_TIMERS mode=scna-fp16 phase=measure iteration=3 lut_exp=0 nonlinear_mode=1 scna_width=16 scna_exp=428 qo_len=16 kv_len=4096 n_heads=12 n_kv_heads=2 head_dim=128 kv_head=1 worker=0 profiled_total=815 q_load=5 k_load=81 v_load=183 qk_dot=6 safe_sm=528 core_acc=6 o_scale=1 o_store=5
FIG8_ATTENTION_EVENT_COUNT mode=scna-fp16 qo_len=16 phase=measure iteration=3 events=16 max_events=12512 overflow=0
FIG8_ATTENTION_EVENT mode=scna-fp16 phase=measure iteration=3 component=q_load component_id=1 lut_exp=0 qo_len=16 kv_len=4096 n_heads=12 n_kv_heads=2 head_dim=128 kv_head=0 worker=0 block_r=0 block_c=-1 t0_us=2285301634139 t1_us=2285301634143 dur_us=4
FIG8_ATTENTION_EVENT mode=scna-fp16 phase=measure iteration=3 component=k_load component_id=2 lut_exp=0 qo_len=16 kv_len=4096 n_heads=12 n_kv_heads=2 head_dim=128 kv_head=0 worker=0 block_r=0 block_c=0 t0_us=2285301634145 t1_us=2285301634326 dur_us=181
FIG8_ATTENTION_EVENT mode=scna-fp16 phase=measure iteration=3 component=qk_dot component_id=4 lut_exp=0 qo_len=16 kv_len=4096 n_heads=12 n_kv_heads=2 head_dim=128 kv_head=0 worker=0 block_r=0 block_c=0 t0_us=2285301634326 t1_us=2285301634333 dur_us=6
FIG8_ATTENTION_EVENT mode=scna-fp16 phase=measure iteration=3 component=safe_sm component_id=5 lut_exp=0 qo_len=16 kv_len=4096 n_heads=12 n_kv_heads=2 head_dim=128 kv_head=0 worker=0 block_r=0 block_c=0 t0_us=2285301634333 t1_us=2285301634855 dur_us=521
FIG8_ATTENTION_EVENT mode=scna-fp16 phase=measure iteration=3 component=v_load component_id=3 lut_exp=0 qo_len=16 kv_len=4096 n_heads=12 n_kv_heads=2 head_dim=128 kv_head=0 worker=0 block_r=0 block_c=0 t0_us=2285301634857 t1_us=2285301635021 dur_us=164
FIG8_ATTENTION_EVENT mode=scna-fp16 phase=measure iteration=3 component=core_acc component_id=6 lut_exp=0 qo_len=16 kv_len=4096 n_heads=12 n_kv_heads=2 head_dim=128 kv_head=0 worker=0 block_r=0 block_c=0 t0_us=2285301635021 t1_us=2285301635028 dur_us=6
FIG8_ATTENTION_EVENT mode=scna-fp16 phase=measure iteration=3 component=o_scale component_id=7 lut_exp=0 qo_len=16 kv_len=4096 n_heads=12 n_kv_heads=2 head_dim=128 kv_head=0 worker=0 block_r=0 block_c=-1 t0_us=2285301635028 t1_us=2285301635029 dur_us=1
FIG8_ATTENTION_EVENT mode=scna-fp16 phase=measure iteration=3 component=o_store component_id=8 lut_exp=0 qo_len=16 kv_len=4096 n_heads=12 n_kv_heads=2 head_dim=128 kv_head=0 worker=0 block_r=0 block_c=-1 t0_us=2285301635030 t1_us=2285301635036 dur_us=5
FIG8_ATTENTION_EVENT mode=scna-fp16 phase=measure iteration=3 component=q_load component_id=1 lut_exp=0 qo_len=16 kv_len=4096 n_heads=12 n_kv_heads=2 head_dim=128 kv_head=1 worker=0 block_r=0 block_c=-1 t0_us=2285301635078 t1_us=2285301635083 dur_us=5
FIG8_ATTENTION_EVENT mode=scna-fp16 phase=measure iteration=3 component=k_load component_id=2 lut_exp=0 qo_len=16 kv_len=4096 n_heads=12 n_kv_heads=2 head_dim=128 kv_head=1 worker=0 block_r=0 block_c=0 t0_us=2285301635085 t1_us=2285301635166 dur_us=81
FIG8_ATTENTION_EVENT mode=scna-fp16 phase=measure iteration=3 component=qk_dot component_id=4 lut_exp=0 qo_len=16 kv_len=4096 n_heads=12 n_kv_heads=2 head_dim=128 kv_head=1 worker=0 block_r=0 block_c=0 t0_us=2285301635167 t1_us=2285301635173 dur_us=6
FIG8_ATTENTION_EVENT mode=scna-fp16 phase=measure iteration=3 component=safe_sm component_id=5 lut_exp=0 qo_len=16 kv_len=4096 n_heads=12 n_kv_heads=2 head_dim=128 kv_head=1 worker=0 block_r=0 block_c=0 t0_us=2285301635174 t1_us=2285301635702 dur_us=528
FIG8_ATTENTION_EVENT mode=scna-fp16 phase=measure iteration=3 component=v_load component_id=3 lut_exp=0 qo_len=16 kv_len=4096 n_heads=12 n_kv_heads=2 head_dim=128 kv_head=1 worker=0 block_r=0 block_c=0 t0_us=2285301635703 t1_us=2285301635886 dur_us=183
FIG8_ATTENTION_EVENT mode=scna-fp16 phase=measure iteration=3 component=core_acc component_id=6 lut_exp=0 qo_len=16 kv_len=4096 n_heads=12 n_kv_heads=2 head_dim=128 kv_head=1 worker=0 block_r=0 block_c=0 t0_us=2285301635887 t1_us=2285301635893 dur_us=6
FIG8_ATTENTION_EVENT mode=scna-fp16 phase=measure iteration=3 component=o_scale component_id=7 lut_exp=0 qo_len=16 kv_len=4096 n_heads=12 n_kv_heads=2 head_dim=128 kv_head=1 worker=0 block_r=0 block_c=-1 t0_us=2285301635894 t1_us=2285301635895 dur_us=1
FIG8_ATTENTION_EVENT mode=scna-fp16 phase=measure iteration=3 component=o_store component_id=8 lut_exp=0 qo_len=16 kv_len=4096 n_heads=12 n_kv_heads=2 head_dim=128 kv_head=1 worker=0 block_r=0 block_c=-1 t0_us=2285301635896 t1_us=2285301635901 dur_us=5
FIG8_ATTENTION_HOST_TIMING mode=scna-fp16 qo_len=16 kv_len=4096 n_heads=12 n_kv_heads=2 head_dim=128 phase=measure iteration=4 host_elapsed_us=2027 ret=0
FIG8_ATTENTION_PROFILE_COUNT mode=scna-fp16 qo_len=16 phase=measure iteration=4 records=2 max_records=10
FIG8_ATTENTION_TIMERS mode=scna-fp16 phase=measure iteration=4 lut_exp=0 nonlinear_mode=1 scna_width=16 scna_exp=426 qo_len=16 kv_len=4096 n_heads=12 n_kv_heads=2 head_dim=128 kv_head=0 worker=0 profiled_total=936 q_load=3 k_load=207 v_load=178 qk_dot=6 safe_sm=529 core_acc=6 o_scale=1 o_store=6
FIG8_ATTENTION_TIMERS mode=scna-fp16 phase=measure iteration=4 lut_exp=0 nonlinear_mode=1 scna_width=16 scna_exp=427 qo_len=16 kv_len=4096 n_heads=12 n_kv_heads=2 head_dim=128 kv_head=1 worker=0 profiled_total=815 q_load=5 k_load=80 v_load=181 qk_dot=6 safe_sm=531 core_acc=6 o_scale=1 o_store=5
FIG8_ATTENTION_EVENT_COUNT mode=scna-fp16 qo_len=16 phase=measure iteration=4 events=16 max_events=12512 overflow=0
FIG8_ATTENTION_EVENT mode=scna-fp16 phase=measure iteration=4 component=q_load component_id=1 lut_exp=0 qo_len=16 kv_len=4096 n_heads=12 n_kv_heads=2 head_dim=128 kv_head=0 worker=0 block_r=0 block_c=-1 t0_us=2285301636983 t1_us=2285301636987 dur_us=3
FIG8_ATTENTION_EVENT mode=scna-fp16 phase=measure iteration=4 component=k_load component_id=2 lut_exp=0 qo_len=16 kv_len=4096 n_heads=12 n_kv_heads=2 head_dim=128 kv_head=0 worker=0 block_r=0 block_c=0 t0_us=2285301636989 t1_us=2285301637197 dur_us=207
FIG8_ATTENTION_EVENT mode=scna-fp16 phase=measure iteration=4 component=qk_dot component_id=4 lut_exp=0 qo_len=16 kv_len=4096 n_heads=12 n_kv_heads=2 head_dim=128 kv_head=0 worker=0 block_r=0 block_c=0 t0_us=2285301637197 t1_us=2285301637203 dur_us=6
FIG8_ATTENTION_EVENT mode=scna-fp16 phase=measure iteration=4 component=safe_sm component_id=5 lut_exp=0 qo_len=16 kv_len=4096 n_heads=12 n_kv_heads=2 head_dim=128 kv_head=0 worker=0 block_r=0 block_c=0 t0_us=2285301637204 t1_us=2285301637733 dur_us=529
FIG8_ATTENTION_EVENT mode=scna-fp16 phase=measure iteration=4 component=v_load component_id=3 lut_exp=0 qo_len=16 kv_len=4096 n_heads=12 n_kv_heads=2 head_dim=128 kv_head=0 worker=0 block_r=0 block_c=0 t0_us=2285301637735 t1_us=2285301637913 dur_us=178
FIG8_ATTENTION_EVENT mode=scna-fp16 phase=measure iteration=4 component=core_acc component_id=6 lut_exp=0 qo_len=16 kv_len=4096 n_heads=12 n_kv_heads=2 head_dim=128 kv_head=0 worker=0 block_r=0 block_c=0 t0_us=2285301637913 t1_us=2285301637920 dur_us=6
FIG8_ATTENTION_EVENT mode=scna-fp16 phase=measure iteration=4 component=o_scale component_id=7 lut_exp=0 qo_len=16 kv_len=4096 n_heads=12 n_kv_heads=2 head_dim=128 kv_head=0 worker=0 block_r=0 block_c=-1 t0_us=2285301637921 t1_us=2285301637922 dur_us=1
FIG8_ATTENTION_EVENT mode=scna-fp16 phase=measure iteration=4 component=o_store component_id=8 lut_exp=0 qo_len=16 kv_len=4096 n_heads=12 n_kv_heads=2 head_dim=128 kv_head=0 worker=0 block_r=0 block_c=-1 t0_us=2285301637922 t1_us=2285301637929 dur_us=6
FIG8_ATTENTION_EVENT mode=scna-fp16 phase=measure iteration=4 component=q_load component_id=1 lut_exp=0 qo_len=16 kv_len=4096 n_heads=12 n_kv_heads=2 head_dim=128 kv_head=1 worker=0 block_r=0 block_c=-1 t0_us=2285301637973 t1_us=2285301637978 dur_us=5
FIG8_ATTENTION_EVENT mode=scna-fp16 phase=measure iteration=4 component=k_load component_id=2 lut_exp=0 qo_len=16 kv_len=4096 n_heads=12 n_kv_heads=2 head_dim=128 kv_head=1 worker=0 block_r=0 block_c=0 t0_us=2285301637979 t1_us=2285301638060 dur_us=80
FIG8_ATTENTION_EVENT mode=scna-fp16 phase=measure iteration=4 component=qk_dot component_id=4 lut_exp=0 qo_len=16 kv_len=4096 n_heads=12 n_kv_heads=2 head_dim=128 kv_head=1 worker=0 block_r=0 block_c=0 t0_us=2285301638060 t1_us=2285301638067 dur_us=6
FIG8_ATTENTION_EVENT mode=scna-fp16 phase=measure iteration=4 component=safe_sm component_id=5 lut_exp=0 qo_len=16 kv_len=4096 n_heads=12 n_kv_heads=2 head_dim=128 kv_head=1 worker=0 block_r=0 block_c=0 t0_us=2285301638067 t1_us=2285301638599 dur_us=531
FIG8_ATTENTION_EVENT mode=scna-fp16 phase=measure iteration=4 component=v_load component_id=3 lut_exp=0 qo_len=16 kv_len=4096 n_heads=12 n_kv_heads=2 head_dim=128 kv_head=1 worker=0 block_r=0 block_c=0 t0_us=2285301638599 t1_us=2285301638781 dur_us=181
FIG8_ATTENTION_EVENT mode=scna-fp16 phase=measure iteration=4 component=core_acc component_id=6 lut_exp=0 qo_len=16 kv_len=4096 n_heads=12 n_kv_heads=2 head_dim=128 kv_head=1 worker=0 block_r=0 block_c=0 t0_us=2285301638782 t1_us=2285301638788 dur_us=6
FIG8_ATTENTION_EVENT mode=scna-fp16 phase=measure iteration=4 component=o_scale component_id=7 lut_exp=0 qo_len=16 kv_len=4096 n_heads=12 n_kv_heads=2 head_dim=128 kv_head=1 worker=0 block_r=0 block_c=-1 t0_us=2285301638789 t1_us=2285301638790 dur_us=1
FIG8_ATTENTION_EVENT mode=scna-fp16 phase=measure iteration=4 component=o_store component_id=8 lut_exp=0 qo_len=16 kv_len=4096 n_heads=12 n_kv_heads=2 head_dim=128 kv_head=1 worker=0 block_r=0 block_c=-1 t0_us=2285301638791 t1_us=2285301638796 dur_us=5
FIG8_ATTENTION_HOST_TIMING mode=scna-fp16 qo_len=16 kv_len=4096 n_heads=12 n_kv_heads=2 head_dim=128 phase=measure iteration=5 host_elapsed_us=2151 ret=0
FIG8_ATTENTION_PROFILE_COUNT mode=scna-fp16 qo_len=16 phase=measure iteration=5 records=2 max_records=10
FIG8_ATTENTION_TIMERS mode=scna-fp16 phase=measure iteration=5 lut_exp=0 nonlinear_mode=1 scna_width=16 scna_exp=426 qo_len=16 kv_len=4096 n_heads=12 n_kv_heads=2 head_dim=128 kv_head=0 worker=0 profiled_total=946 q_load=4 k_load=209 v_load=184 qk_dot=6 safe_sm=531 core_acc=6 o_scale=1 o_store=5
FIG8_ATTENTION_TIMERS mode=scna-fp16 phase=measure iteration=5 lut_exp=0 nonlinear_mode=1 scna_width=16 scna_exp=427 qo_len=16 kv_len=4096 n_heads=12 n_kv_heads=2 head_dim=128 kv_head=1 worker=0 profiled_total=812 q_load=4 k_load=79 v_load=182 qk_dot=6 safe_sm=529 core_acc=6 o_scale=1 o_store=5
FIG8_ATTENTION_EVENT_COUNT mode=scna-fp16 qo_len=16 phase=measure iteration=5 events=16 max_events=12512 overflow=0
FIG8_ATTENTION_EVENT mode=scna-fp16 phase=measure iteration=5 component=q_load component_id=1 lut_exp=0 qo_len=16 kv_len=4096 n_heads=12 n_kv_heads=2 head_dim=128 kv_head=0 worker=0 block_r=0 block_c=-1 t0_us=2285301639347 t1_us=2285301639351 dur_us=4
FIG8_ATTENTION_EVENT mode=scna-fp16 phase=measure iteration=5 component=k_load component_id=2 lut_exp=0 qo_len=16 kv_len=4096 n_heads=12 n_kv_heads=2 head_dim=128 kv_head=0 worker=0 block_r=0 block_c=0 t0_us=2285301639352 t1_us=2285301639562 dur_us=209
FIG8_ATTENTION_EVENT mode=scna-fp16 phase=measure iteration=5 component=qk_dot component_id=4 lut_exp=0 qo_len=16 kv_len=4096 n_heads=12 n_kv_heads=2 head_dim=128 kv_head=0 worker=0 block_r=0 block_c=0 t0_us=2285301639563 t1_us=2285301639569 dur_us=6
FIG8_ATTENTION_EVENT mode=scna-fp16 phase=measure iteration=5 component=safe_sm component_id=5 lut_exp=0 qo_len=16 kv_len=4096 n_heads=12 n_kv_heads=2 head_dim=128 kv_head=0 worker=0 block_r=0 block_c=0 t0_us=2285301639570 t1_us=2285301640101 dur_us=531
FIG8_ATTENTION_EVENT mode=scna-fp16 phase=measure iteration=5 component=v_load component_id=3 lut_exp=0 qo_len=16 kv_len=4096 n_heads=12 n_kv_heads=2 head_dim=128 kv_head=0 worker=0 block_r=0 block_c=0 t0_us=2285301640102 t1_us=2285301640287 dur_us=184
FIG8_ATTENTION_EVENT mode=scna-fp16 phase=measure iteration=5 component=core_acc component_id=6 lut_exp=0 qo_len=16 kv_len=4096 n_heads=12 n_kv_heads=2 head_dim=128 kv_head=0 worker=0 block_r=0 block_c=0 t0_us=2285301640287 t1_us=2285301640294 dur_us=6
FIG8_ATTENTION_EVENT mode=scna-fp16 phase=measure iteration=5 component=o_scale component_id=7 lut_exp=0 qo_len=16 kv_len=4096 n_heads=12 n_kv_heads=2 head_dim=128 kv_head=0 worker=0 block_r=0 block_c=-1 t0_us=2285301640294 t1_us=2285301640296 dur_us=1
FIG8_ATTENTION_EVENT mode=scna-fp16 phase=measure iteration=5 component=o_store component_id=8 lut_exp=0 qo_len=16 kv_len=4096 n_heads=12 n_kv_heads=2 head_dim=128 kv_head=0 worker=0 block_r=0 block_c=-1 t0_us=2285301640296 t1_us=2285301640302 dur_us=5
FIG8_ATTENTION_EVENT mode=scna-fp16 phase=measure iteration=5 component=q_load component_id=1 lut_exp=0 qo_len=16 kv_len=4096 n_heads=12 n_kv_heads=2 head_dim=128 kv_head=1 worker=0 block_r=0 block_c=-1 t0_us=2285301640347 t1_us=2285301640351 dur_us=4
FIG8_ATTENTION_EVENT mode=scna-fp16 phase=measure iteration=5 component=k_load component_id=2 lut_exp=0 qo_len=16 kv_len=4096 n_heads=12 n_kv_heads=2 head_dim=128 kv_head=1 worker=0 block_r=0 block_c=0 t0_us=2285301640353 t1_us=2285301640432 dur_us=79
FIG8_ATTENTION_EVENT mode=scna-fp16 phase=measure iteration=5 component=qk_dot component_id=4 lut_exp=0 qo_len=16 kv_len=4096 n_heads=12 n_kv_heads=2 head_dim=128 kv_head=1 worker=0 block_r=0 block_c=0 t0_us=2285301640433 t1_us=2285301640439 dur_us=6
FIG8_ATTENTION_EVENT mode=scna-fp16 phase=measure iteration=5 component=safe_sm component_id=5 lut_exp=0 qo_len=16 kv_len=4096 n_heads=12 n_kv_heads=2 head_dim=128 kv_head=1 worker=0 block_r=0 block_c=0 t0_us=2285301640440 t1_us=2285301640969 dur_us=529
FIG8_ATTENTION_EVENT mode=scna-fp16 phase=measure iteration=5 component=v_load component_id=3 lut_exp=0 qo_len=16 kv_len=4096 n_heads=12 n_kv_heads=2 head_dim=128 kv_head=1 worker=0 block_r=0 block_c=0 t0_us=2285301640969 t1_us=2285301641152 dur_us=182
FIG8_ATTENTION_EVENT mode=scna-fp16 phase=measure iteration=5 component=core_acc component_id=6 lut_exp=0 qo_len=16 kv_len=4096 n_heads=12 n_kv_heads=2 head_dim=128 kv_head=1 worker=0 block_r=0 block_c=0 t0_us=2285301641153 t1_us=2285301641159 dur_us=6
FIG8_ATTENTION_EVENT mode=scna-fp16 phase=measure iteration=5 component=o_scale component_id=7 lut_exp=0 qo_len=16 kv_len=4096 n_heads=12 n_kv_heads=2 head_dim=128 kv_head=1 worker=0 block_r=0 block_c=-1 t0_us=2285301641160 t1_us=2285301641161 dur_us=1
FIG8_ATTENTION_EVENT mode=scna-fp16 phase=measure iteration=5 component=o_store component_id=8 lut_exp=0 qo_len=16 kv_len=4096 n_heads=12 n_kv_heads=2 head_dim=128 kv_head=1 worker=0 block_r=0 block_c=-1 t0_us=2285301641162 t1_us=2285301641167 dur_us=5
FIG8_ATTENTION_HOST_TIMING mode=scna-fp16 qo_len=16 kv_len=4096 n_heads=12 n_kv_heads=2 head_dim=128 phase=measure iteration=6 host_elapsed_us=2126 ret=0
FIG8_ATTENTION_PROFILE_COUNT mode=scna-fp16 qo_len=16 phase=measure iteration=6 records=2 max_records=10
FIG8_ATTENTION_TIMERS mode=scna-fp16 phase=measure iteration=6 lut_exp=0 nonlinear_mode=1 scna_width=16 scna_exp=426 qo_len=16 kv_len=4096 n_heads=12 n_kv_heads=2 head_dim=128 kv_head=0 worker=0 profiled_total=943 q_load=4 k_load=212 v_load=178 qk_dot=6 safe_sm=531 core_acc=6 o_scale=1 o_store=5
FIG8_ATTENTION_TIMERS mode=scna-fp16 phase=measure iteration=6 lut_exp=0 nonlinear_mode=1 scna_width=16 scna_exp=427 qo_len=16 kv_len=4096 n_heads=12 n_kv_heads=2 head_dim=128 kv_head=1 worker=0 profiled_total=909 q_load=4 k_load=178 v_load=180 qk_dot=6 safe_sm=529 core_acc=6 o_scale=1 o_store=5
FIG8_ATTENTION_EVENT_COUNT mode=scna-fp16 qo_len=16 phase=measure iteration=6 events=16 max_events=12512 overflow=0
FIG8_ATTENTION_EVENT mode=scna-fp16 phase=measure iteration=6 component=q_load component_id=1 lut_exp=0 qo_len=16 kv_len=4096 n_heads=12 n_kv_heads=2 head_dim=128 kv_head=0 worker=0 block_r=0 block_c=-1 t0_us=2285301641862 t1_us=2285301641866 dur_us=4
FIG8_ATTENTION_EVENT mode=scna-fp16 phase=measure iteration=6 component=k_load component_id=2 lut_exp=0 qo_len=16 kv_len=4096 n_heads=12 n_kv_heads=2 head_dim=128 kv_head=0 worker=0 block_r=0 block_c=0 t0_us=2285301641868 t1_us=2285301642081 dur_us=212
FIG8_ATTENTION_EVENT mode=scna-fp16 phase=measure iteration=6 component=qk_dot component_id=4 lut_exp=0 qo_len=16 kv_len=4096 n_heads=12 n_kv_heads=2 head_dim=128 kv_head=0 worker=0 block_r=0 block_c=0 t0_us=2285301642081 t1_us=2285301642088 dur_us=6
FIG8_ATTENTION_EVENT mode=scna-fp16 phase=measure iteration=6 component=safe_sm component_id=5 lut_exp=0 qo_len=16 kv_len=4096 n_heads=12 n_kv_heads=2 head_dim=128 kv_head=0 worker=0 block_r=0 block_c=0 t0_us=2285301642088 t1_us=2285301642619 dur_us=531
FIG8_ATTENTION_EVENT mode=scna-fp16 phase=measure iteration=6 component=v_load component_id=3 lut_exp=0 qo_len=16 kv_len=4096 n_heads=12 n_kv_heads=2 head_dim=128 kv_head=0 worker=0 block_r=0 block_c=0 t0_us=2285301642621 t1_us=2285301642799 dur_us=178
FIG8_ATTENTION_EVENT mode=scna-fp16 phase=measure iteration=6 component=core_acc component_id=6 lut_exp=0 qo_len=16 kv_len=4096 n_heads=12 n_kv_heads=2 head_dim=128 kv_head=0 worker=0 block_r=0 block_c=0 t0_us=2285301642800 t1_us=2285301642806 dur_us=6
FIG8_ATTENTION_EVENT mode=scna-fp16 phase=measure iteration=6 component=o_scale component_id=7 lut_exp=0 qo_len=16 kv_len=4096 n_heads=12 n_kv_heads=2 head_dim=128 kv_head=0 worker=0 block_r=0 block_c=-1 t0_us=2285301642807 t1_us=2285301642808 dur_us=1
FIG8_ATTENTION_EVENT mode=scna-fp16 phase=measure iteration=6 component=o_store component_id=8 lut_exp=0 qo_len=16 kv_len=4096 n_heads=12 n_kv_heads=2 head_dim=128 kv_head=0 worker=0 block_r=0 block_c=-1 t0_us=2285301642809 t1_us=2285301642815 dur_us=5
FIG8_ATTENTION_EVENT mode=scna-fp16 phase=measure iteration=6 component=q_load component_id=1 lut_exp=0 qo_len=16 kv_len=4096 n_heads=12 n_kv_heads=2 head_dim=128 kv_head=1 worker=0 block_r=0 block_c=-1 t0_us=2285301642860 t1_us=2285301642865 dur_us=4
FIG8_ATTENTION_EVENT mode=scna-fp16 phase=measure iteration=6 component=k_load component_id=2 lut_exp=0 qo_len=16 kv_len=4096 n_heads=12 n_kv_heads=2 head_dim=128 kv_head=1 worker=0 block_r=0 block_c=0 t0_us=2285301642866 t1_us=2285301643044 dur_us=178
FIG8_ATTENTION_EVENT mode=scna-fp16 phase=measure iteration=6 component=qk_dot component_id=4 lut_exp=0 qo_len=16 kv_len=4096 n_heads=12 n_kv_heads=2 head_dim=128 kv_head=1 worker=0 block_r=0 block_c=0 t0_us=2285301643045 t1_us=2285301643051 dur_us=6
FIG8_ATTENTION_EVENT mode=scna-fp16 phase=measure iteration=6 component=safe_sm component_id=5 lut_exp=0 qo_len=16 kv_len=4096 n_heads=12 n_kv_heads=2 head_dim=128 kv_head=1 worker=0 block_r=0 block_c=0 t0_us=2285301643052 t1_us=2285301643581 dur_us=529
FIG8_ATTENTION_EVENT mode=scna-fp16 phase=measure iteration=6 component=v_load component_id=3 lut_exp=0 qo_len=16 kv_len=4096 n_heads=12 n_kv_heads=2 head_dim=128 kv_head=1 worker=0 block_r=0 block_c=0 t0_us=2285301643581 t1_us=2285301643762 dur_us=180
FIG8_ATTENTION_EVENT mode=scna-fp16 phase=measure iteration=6 component=core_acc component_id=6 lut_exp=0 qo_len=16 kv_len=4096 n_heads=12 n_kv_heads=2 head_dim=128 kv_head=1 worker=0 block_r=0 block_c=0 t0_us=2285301643763 t1_us=2285301643769 dur_us=6
FIG8_ATTENTION_EVENT mode=scna-fp16 phase=measure iteration=6 component=o_scale component_id=7 lut_exp=0 qo_len=16 kv_len=4096 n_heads=12 n_kv_heads=2 head_dim=128 kv_head=1 worker=0 block_r=0 block_c=-1 t0_us=2285301643770 t1_us=2285301643771 dur_us=1
FIG8_ATTENTION_EVENT mode=scna-fp16 phase=measure iteration=6 component=o_store component_id=8 lut_exp=0 qo_len=16 kv_len=4096 n_heads=12 n_kv_heads=2 head_dim=128 kv_head=1 worker=0 block_r=0 block_c=-1 t0_us=2285301643771 t1_us=2285301643777 dur_us=5
FIG8_ATTENTION_HOST_TIMING mode=scna-fp16 qo_len=16 kv_len=4096 n_heads=12 n_kv_heads=2 head_dim=128 phase=measure iteration=7 host_elapsed_us=2199 ret=0
FIG8_ATTENTION_PROFILE_COUNT mode=scna-fp16 qo_len=16 phase=measure iteration=7 records=2 max_records=10
FIG8_ATTENTION_TIMERS mode=scna-fp16 phase=measure iteration=7 lut_exp=0 nonlinear_mode=1 scna_width=16 scna_exp=425 qo_len=16 kv_len=4096 n_heads=12 n_kv_heads=2 head_dim=128 kv_head=0 worker=0 profiled_total=939 q_load=4 k_load=209 v_load=177 qk_dot=6 safe_sm=531 core_acc=6 o_scale=1 o_store=5
FIG8_ATTENTION_TIMERS mode=scna-fp16 phase=measure iteration=7 lut_exp=0 nonlinear_mode=1 scna_width=16 scna_exp=428 qo_len=16 kv_len=4096 n_heads=12 n_kv_heads=2 head_dim=128 kv_head=1 worker=0 profiled_total=919 q_load=4 k_load=182 v_load=186 qk_dot=6 safe_sm=528 core_acc=7 o_scale=1 o_store=5
FIG8_ATTENTION_EVENT_COUNT mode=scna-fp16 qo_len=16 phase=measure iteration=7 events=16 max_events=12512 overflow=0
FIG8_ATTENTION_EVENT mode=scna-fp16 phase=measure iteration=7 component=q_load component_id=1 lut_exp=0 qo_len=16 kv_len=4096 n_heads=12 n_kv_heads=2 head_dim=128 kv_head=0 worker=0 block_r=0 block_c=-1 t0_us=2285301644328 t1_us=2285301644332 dur_us=4
FIG8_ATTENTION_EVENT mode=scna-fp16 phase=measure iteration=7 component=k_load component_id=2 lut_exp=0 qo_len=16 kv_len=4096 n_heads=12 n_kv_heads=2 head_dim=128 kv_head=0 worker=0 block_r=0 block_c=0 t0_us=2285301644334 t1_us=2285301644543 dur_us=209
FIG8_ATTENTION_EVENT mode=scna-fp16 phase=measure iteration=7 component=qk_dot component_id=4 lut_exp=0 qo_len=16 kv_len=4096 n_heads=12 n_kv_heads=2 head_dim=128 kv_head=0 worker=0 block_r=0 block_c=0 t0_us=2285301644544 t1_us=2285301644550 dur_us=6
FIG8_ATTENTION_EVENT mode=scna-fp16 phase=measure iteration=7 component=safe_sm component_id=5 lut_exp=0 qo_len=16 kv_len=4096 n_heads=12 n_kv_heads=2 head_dim=128 kv_head=0 worker=0 block_r=0 block_c=0 t0_us=2285301644551 t1_us=2285301645083 dur_us=531
FIG8_ATTENTION_EVENT mode=scna-fp16 phase=measure iteration=7 component=v_load component_id=3 lut_exp=0 qo_len=16 kv_len=4096 n_heads=12 n_kv_heads=2 head_dim=128 kv_head=0 worker=0 block_r=0 block_c=0 t0_us=2285301645084 t1_us=2285301645261 dur_us=177
FIG8_ATTENTION_EVENT mode=scna-fp16 phase=measure iteration=7 component=core_acc component_id=6 lut_exp=0 qo_len=16 kv_len=4096 n_heads=12 n_kv_heads=2 head_dim=128 kv_head=0 worker=0 block_r=0 block_c=0 t0_us=2285301645261 t1_us=2285301645268 dur_us=6
FIG8_ATTENTION_EVENT mode=scna-fp16 phase=measure iteration=7 component=o_scale component_id=7 lut_exp=0 qo_len=16 kv_len=4096 n_heads=12 n_kv_heads=2 head_dim=128 kv_head=0 worker=0 block_r=0 block_c=-1 t0_us=2285301645268 t1_us=2285301645269 dur_us=1
FIG8_ATTENTION_EVENT mode=scna-fp16 phase=measure iteration=7 component=o_store component_id=8 lut_exp=0 qo_len=16 kv_len=4096 n_heads=12 n_kv_heads=2 head_dim=128 kv_head=0 worker=0 block_r=0 block_c=-1 t0_us=2285301645270 t1_us=2285301645276 dur_us=5
FIG8_ATTENTION_EVENT mode=scna-fp16 phase=measure iteration=7 component=q_load component_id=1 lut_exp=0 qo_len=16 kv_len=4096 n_heads=12 n_kv_heads=2 head_dim=128 kv_head=1 worker=0 block_r=0 block_c=-1 t0_us=2285301645321 t1_us=2285301645326 dur_us=4
FIG8_ATTENTION_EVENT mode=scna-fp16 phase=measure iteration=7 component=k_load component_id=2 lut_exp=0 qo_len=16 kv_len=4096 n_heads=12 n_kv_heads=2 head_dim=128 kv_head=1 worker=0 block_r=0 block_c=0 t0_us=2285301645327 t1_us=2285301645510 dur_us=182
FIG8_ATTENTION_EVENT mode=scna-fp16 phase=measure iteration=7 component=qk_dot component_id=4 lut_exp=0 qo_len=16 kv_len=4096 n_heads=12 n_kv_heads=2 head_dim=128 kv_head=1 worker=0 block_r=0 block_c=0 t0_us=2285301645511 t1_us=2285301645517 dur_us=6
FIG8_ATTENTION_EVENT mode=scna-fp16 phase=measure iteration=7 component=safe_sm component_id=5 lut_exp=0 qo_len=16 kv_len=4096 n_heads=12 n_kv_heads=2 head_dim=128 kv_head=1 worker=0 block_r=0 block_c=0 t0_us=2285301645518 t1_us=2285301646046 dur_us=528
FIG8_ATTENTION_EVENT mode=scna-fp16 phase=measure iteration=7 component=v_load component_id=3 lut_exp=0 qo_len=16 kv_len=4096 n_heads=12 n_kv_heads=2 head_dim=128 kv_head=1 worker=0 block_r=0 block_c=0 t0_us=2285301646046 t1_us=2285301646233 dur_us=186
FIG8_ATTENTION_EVENT mode=scna-fp16 phase=measure iteration=7 component=core_acc component_id=6 lut_exp=0 qo_len=16 kv_len=4096 n_heads=12 n_kv_heads=2 head_dim=128 kv_head=1 worker=0 block_r=0 block_c=0 t0_us=2285301646234 t1_us=2285301646241 dur_us=7
FIG8_ATTENTION_EVENT mode=scna-fp16 phase=measure iteration=7 component=o_scale component_id=7 lut_exp=0 qo_len=16 kv_len=4096 n_heads=12 n_kv_heads=2 head_dim=128 kv_head=1 worker=0 block_r=0 block_c=-1 t0_us=2285301646242 t1_us=2285301646244 dur_us=1
FIG8_ATTENTION_EVENT mode=scna-fp16 phase=measure iteration=7 component=o_store component_id=8 lut_exp=0 qo_len=16 kv_len=4096 n_heads=12 n_kv_heads=2 head_dim=128 kv_head=1 worker=0 block_r=0 block_c=-1 t0_us=2285301646244 t1_us=2285301646250 dur_us=5
FIG8_ATTENTION_HOST_TIMING mode=scna-fp16 qo_len=16 kv_len=4096 n_heads=12 n_kv_heads=2 head_dim=128 phase=measure iteration=8 host_elapsed_us=2187 ret=0
FIG8_ATTENTION_PROFILE_COUNT mode=scna-fp16 qo_len=16 phase=measure iteration=8 records=2 max_records=10
FIG8_ATTENTION_TIMERS mode=scna-fp16 phase=measure iteration=8 lut_exp=0 nonlinear_mode=1 scna_width=16 scna_exp=426 qo_len=16 kv_len=4096 n_heads=12 n_kv_heads=2 head_dim=128 kv_head=0 worker=0 profiled_total=939 q_load=4 k_load=209 v_load=178 qk_dot=6 safe_sm=530 core_acc=6 o_scale=1 o_store=5
FIG8_ATTENTION_TIMERS mode=scna-fp16 phase=measure iteration=8 lut_exp=0 nonlinear_mode=1 scna_width=16 scna_exp=427 qo_len=16 kv_len=4096 n_heads=12 n_kv_heads=2 head_dim=128 kv_head=1 worker=0 profiled_total=913 q_load=4 k_load=178 v_load=186 qk_dot=6 safe_sm=527 core_acc=6 o_scale=1 o_store=5
FIG8_ATTENTION_EVENT_COUNT mode=scna-fp16 qo_len=16 phase=measure iteration=8 events=16 max_events=12512 overflow=0
FIG8_ATTENTION_EVENT mode=scna-fp16 phase=measure iteration=8 component=q_load component_id=1 lut_exp=0 qo_len=16 kv_len=4096 n_heads=12 n_kv_heads=2 head_dim=128 kv_head=0 worker=0 block_r=0 block_c=-1 t0_us=2285301646855 t1_us=2285301646860 dur_us=4
FIG8_ATTENTION_EVENT mode=scna-fp16 phase=measure iteration=8 component=k_load component_id=2 lut_exp=0 qo_len=16 kv_len=4096 n_heads=12 n_kv_heads=2 head_dim=128 kv_head=0 worker=0 block_r=0 block_c=0 t0_us=2285301646861 t1_us=2285301647070 dur_us=209
FIG8_ATTENTION_EVENT mode=scna-fp16 phase=measure iteration=8 component=qk_dot component_id=4 lut_exp=0 qo_len=16 kv_len=4096 n_heads=12 n_kv_heads=2 head_dim=128 kv_head=0 worker=0 block_r=0 block_c=0 t0_us=2285301647071 t1_us=2285301647077 dur_us=6
FIG8_ATTENTION_EVENT mode=scna-fp16 phase=measure iteration=8 component=safe_sm component_id=5 lut_exp=0 qo_len=16 kv_len=4096 n_heads=12 n_kv_heads=2 head_dim=128 kv_head=0 worker=0 block_r=0 block_c=0 t0_us=2285301647078 t1_us=2285301647608 dur_us=530
FIG8_ATTENTION_EVENT mode=scna-fp16 phase=measure iteration=8 component=v_load component_id=3 lut_exp=0 qo_len=16 kv_len=4096 n_heads=12 n_kv_heads=2 head_dim=128 kv_head=0 worker=0 block_r=0 block_c=0 t0_us=2285301647610 t1_us=2285301647788 dur_us=178
FIG8_ATTENTION_EVENT mode=scna-fp16 phase=measure iteration=8 component=core_acc component_id=6 lut_exp=0 qo_len=16 kv_len=4096 n_heads=12 n_kv_heads=2 head_dim=128 kv_head=0 worker=0 block_r=0 block_c=0 t0_us=2285301647789 t1_us=2285301647796 dur_us=6
FIG8_ATTENTION_EVENT mode=scna-fp16 phase=measure iteration=8 component=o_scale component_id=7 lut_exp=0 qo_len=16 kv_len=4096 n_heads=12 n_kv_heads=2 head_dim=128 kv_head=0 worker=0 block_r=0 block_c=-1 t0_us=2285301647796 t1_us=2285301647797 dur_us=1
FIG8_ATTENTION_EVENT mode=scna-fp16 phase=measure iteration=8 component=o_store component_id=8 lut_exp=0 qo_len=16 kv_len=4096 n_heads=12 n_kv_heads=2 head_dim=128 kv_head=0 worker=0 block_r=0 block_c=-1 t0_us=2285301647798 t1_us=2285301647804 dur_us=5
FIG8_ATTENTION_EVENT mode=scna-fp16 phase=measure iteration=8 component=q_load component_id=1 lut_exp=0 qo_len=16 kv_len=4096 n_heads=12 n_kv_heads=2 head_dim=128 kv_head=1 worker=0 block_r=0 block_c=-1 t0_us=2285301647847 t1_us=2285301647852 dur_us=4
FIG8_ATTENTION_EVENT mode=scna-fp16 phase=measure iteration=8 component=k_load component_id=2 lut_exp=0 qo_len=16 kv_len=4096 n_heads=12 n_kv_heads=2 head_dim=128 kv_head=1 worker=0 block_r=0 block_c=0 t0_us=2285301647853 t1_us=2285301648032 dur_us=178
FIG8_ATTENTION_EVENT mode=scna-fp16 phase=measure iteration=8 component=qk_dot component_id=4 lut_exp=0 qo_len=16 kv_len=4096 n_heads=12 n_kv_heads=2 head_dim=128 kv_head=1 worker=0 block_r=0 block_c=0 t0_us=2285301648032 t1_us=2285301648039 dur_us=6
FIG8_ATTENTION_EVENT mode=scna-fp16 phase=measure iteration=8 component=safe_sm component_id=5 lut_exp=0 qo_len=16 kv_len=4096 n_heads=12 n_kv_heads=2 head_dim=128 kv_head=1 worker=0 block_r=0 block_c=0 t0_us=2285301648039 t1_us=2285301648567 dur_us=527
FIG8_ATTENTION_EVENT mode=scna-fp16 phase=measure iteration=8 component=v_load component_id=3 lut_exp=0 qo_len=16 kv_len=4096 n_heads=12 n_kv_heads=2 head_dim=128 kv_head=1 worker=0 block_r=0 block_c=0 t0_us=2285301648567 t1_us=2285301648754 dur_us=186
FIG8_ATTENTION_EVENT mode=scna-fp16 phase=measure iteration=8 component=core_acc component_id=6 lut_exp=0 qo_len=16 kv_len=4096 n_heads=12 n_kv_heads=2 head_dim=128 kv_head=1 worker=0 block_r=0 block_c=0 t0_us=2285301648755 t1_us=2285301648761 dur_us=6
FIG8_ATTENTION_EVENT mode=scna-fp16 phase=measure iteration=8 component=o_scale component_id=7 lut_exp=0 qo_len=16 kv_len=4096 n_heads=12 n_kv_heads=2 head_dim=128 kv_head=1 worker=0 block_r=0 block_c=-1 t0_us=2285301648762 t1_us=2285301648763 dur_us=1
FIG8_ATTENTION_EVENT mode=scna-fp16 phase=measure iteration=8 component=o_store component_id=8 lut_exp=0 qo_len=16 kv_len=4096 n_heads=12 n_kv_heads=2 head_dim=128 kv_head=1 worker=0 block_r=0 block_c=-1 t0_us=2285301648764 t1_us=2285301648769 dur_us=5
FIG8_ATTENTION_HOST_TIMING mode=scna-fp16 qo_len=16 kv_len=4096 n_heads=12 n_kv_heads=2 head_dim=128 phase=measure iteration=9 host_elapsed_us=2231 ret=0
FIG8_ATTENTION_PROFILE_COUNT mode=scna-fp16 qo_len=16 phase=measure iteration=9 records=2 max_records=10
FIG8_ATTENTION_TIMERS mode=scna-fp16 phase=measure iteration=9 lut_exp=0 nonlinear_mode=1 scna_width=16 scna_exp=425 qo_len=16 kv_len=4096 n_heads=12 n_kv_heads=2 head_dim=128 kv_head=0 worker=0 profiled_total=929 q_load=4 k_load=202 v_load=175 qk_dot=6 safe_sm=530 core_acc=6 o_scale=1 o_store=5
FIG8_ATTENTION_TIMERS mode=scna-fp16 phase=measure iteration=9 lut_exp=0 nonlinear_mode=1 scna_width=16 scna_exp=427 qo_len=16 kv_len=4096 n_heads=12 n_kv_heads=2 head_dim=128 kv_head=1 worker=0 profiled_total=929 q_load=4 k_load=196 v_load=182 qk_dot=6 safe_sm=529 core_acc=6 o_scale=1 o_store=5
FIG8_ATTENTION_EVENT_COUNT mode=scna-fp16 qo_len=16 phase=measure iteration=9 events=16 max_events=12512 overflow=0
FIG8_ATTENTION_EVENT mode=scna-fp16 phase=measure iteration=9 component=q_load component_id=1 lut_exp=0 qo_len=16 kv_len=4096 n_heads=12 n_kv_heads=2 head_dim=128 kv_head=0 worker=0 block_r=0 block_c=-1 t0_us=2285301649370 t1_us=2285301649374 dur_us=4
FIG8_ATTENTION_EVENT mode=scna-fp16 phase=measure iteration=9 component=k_load component_id=2 lut_exp=0 qo_len=16 kv_len=4096 n_heads=12 n_kv_heads=2 head_dim=128 kv_head=0 worker=0 block_r=0 block_c=0 t0_us=2285301649375 t1_us=2285301649578 dur_us=202
FIG8_ATTENTION_EVENT mode=scna-fp16 phase=measure iteration=9 component=qk_dot component_id=4 lut_exp=0 qo_len=16 kv_len=4096 n_heads=12 n_kv_heads=2 head_dim=128 kv_head=0 worker=0 block_r=0 block_c=0 t0_us=2285301649579 t1_us=2285301649585 dur_us=6
FIG8_ATTENTION_EVENT mode=scna-fp16 phase=measure iteration=9 component=safe_sm component_id=5 lut_exp=0 qo_len=16 kv_len=4096 n_heads=12 n_kv_heads=2 head_dim=128 kv_head=0 worker=0 block_r=0 block_c=0 t0_us=2285301649585 t1_us=2285301650116 dur_us=530
FIG8_ATTENTION_EVENT mode=scna-fp16 phase=measure iteration=9 component=v_load component_id=3 lut_exp=0 qo_len=16 kv_len=4096 n_heads=12 n_kv_heads=2 head_dim=128 kv_head=0 worker=0 block_r=0 block_c=0 t0_us=2285301650117 t1_us=2285301650293 dur_us=175
FIG8_ATTENTION_EVENT mode=scna-fp16 phase=measure iteration=9 component=core_acc component_id=6 lut_exp=0 qo_len=16 kv_len=4096 n_heads=12 n_kv_heads=2 head_dim=128 kv_head=0 worker=0 block_r=0 block_c=0 t0_us=2285301650293 t1_us=2285301650300 dur_us=6
FIG8_ATTENTION_EVENT mode=scna-fp16 phase=measure iteration=9 component=o_scale component_id=7 lut_exp=0 qo_len=16 kv_len=4096 n_heads=12 n_kv_heads=2 head_dim=128 kv_head=0 worker=0 block_r=0 block_c=-1 t0_us=2285301650301 t1_us=2285301650302 dur_us=1
FIG8_ATTENTION_EVENT mode=scna-fp16 phase=measure iteration=9 component=o_store component_id=8 lut_exp=0 qo_len=16 kv_len=4096 n_heads=12 n_kv_heads=2 head_dim=128 kv_head=0 worker=0 block_r=0 block_c=-1 t0_us=2285301650303 t1_us=2285301650309 dur_us=5
FIG8_ATTENTION_EVENT mode=scna-fp16 phase=measure iteration=9 component=q_load component_id=1 lut_exp=0 qo_len=16 kv_len=4096 n_heads=12 n_kv_heads=2 head_dim=128 kv_head=1 worker=0 block_r=0 block_c=-1 t0_us=2285301650353 t1_us=2285301650357 dur_us=4
FIG8_ATTENTION_EVENT mode=scna-fp16 phase=measure iteration=9 component=k_load component_id=2 lut_exp=0 qo_len=16 kv_len=4096 n_heads=12 n_kv_heads=2 head_dim=128 kv_head=1 worker=0 block_r=0 block_c=0 t0_us=2285301650359 t1_us=2285301650555 dur_us=196
FIG8_ATTENTION_EVENT mode=scna-fp16 phase=measure iteration=9 component=qk_dot component_id=4 lut_exp=0 qo_len=16 kv_len=4096 n_heads=12 n_kv_heads=2 head_dim=128 kv_head=1 worker=0 block_r=0 block_c=0 t0_us=2285301650556 t1_us=2285301650562 dur_us=6
FIG8_ATTENTION_EVENT mode=scna-fp16 phase=measure iteration=9 component=safe_sm component_id=5 lut_exp=0 qo_len=16 kv_len=4096 n_heads=12 n_kv_heads=2 head_dim=128 kv_head=1 worker=0 block_r=0 block_c=0 t0_us=2285301650563 t1_us=2285301651093 dur_us=529
FIG8_ATTENTION_EVENT mode=scna-fp16 phase=measure iteration=9 component=v_load component_id=3 lut_exp=0 qo_len=16 kv_len=4096 n_heads=12 n_kv_heads=2 head_dim=128 kv_head=1 worker=0 block_r=0 block_c=0 t0_us=2285301651093 t1_us=2285301651275 dur_us=182
FIG8_ATTENTION_EVENT mode=scna-fp16 phase=measure iteration=9 component=core_acc component_id=6 lut_exp=0 qo_len=16 kv_len=4096 n_heads=12 n_kv_heads=2 head_dim=128 kv_head=1 worker=0 block_r=0 block_c=0 t0_us=2285301651276 t1_us=2285301651283 dur_us=6
FIG8_ATTENTION_EVENT mode=scna-fp16 phase=measure iteration=9 component=o_scale component_id=7 lut_exp=0 qo_len=16 kv_len=4096 n_heads=12 n_kv_heads=2 head_dim=128 kv_head=1 worker=0 block_r=0 block_c=-1 t0_us=2285301651284 t1_us=2285301651285 dur_us=1
FIG8_ATTENTION_EVENT mode=scna-fp16 phase=measure iteration=9 component=o_store component_id=8 lut_exp=0 qo_len=16 kv_len=4096 n_heads=12 n_kv_heads=2 head_dim=128 kv_head=1 worker=0 block_r=0 block_c=-1 t0_us=2285301651285 t1_us=2285301651291 dur_us=5
FIG8_ATTENTION_HOST_TIMING mode=scna-fp16 qo_len=16 kv_len=4096 n_heads=12 n_kv_heads=2 head_dim=128 phase=measure iteration=10 host_elapsed_us=2220 ret=0
FIG8_ATTENTION_PROFILE_COUNT mode=scna-fp16 qo_len=16 phase=measure iteration=10 records=2 max_records=10
FIG8_ATTENTION_TIMERS mode=scna-fp16 phase=measure iteration=10 lut_exp=0 nonlinear_mode=1 scna_width=16 scna_exp=426 qo_len=16 kv_len=4096 n_heads=12 n_kv_heads=2 head_dim=128 kv_head=0 worker=0 profiled_total=935 q_load=4 k_load=208 v_load=176 qk_dot=6 safe_sm=528 core_acc=7 o_scale=1 o_store=5
FIG8_ATTENTION_TIMERS mode=scna-fp16 phase=measure iteration=10 lut_exp=0 nonlinear_mode=1 scna_width=16 scna_exp=427 qo_len=16 kv_len=4096 n_heads=12 n_kv_heads=2 head_dim=128 kv_head=1 worker=0 profiled_total=946 q_load=4 k_load=213 v_load=185 qk_dot=6 safe_sm=526 core_acc=6 o_scale=1 o_store=5
FIG8_ATTENTION_EVENT_COUNT mode=scna-fp16 qo_len=16 phase=measure iteration=10 events=16 max_events=12512 overflow=0
FIG8_ATTENTION_EVENT mode=scna-fp16 phase=measure iteration=10 component=q_load component_id=1 lut_exp=0 qo_len=16 kv_len=4096 n_heads=12 n_kv_heads=2 head_dim=128 kv_head=0 worker=0 block_r=0 block_c=-1 t0_us=2285301651930 t1_us=2285301651934 dur_us=4
FIG8_ATTENTION_EVENT mode=scna-fp16 phase=measure iteration=10 component=k_load component_id=2 lut_exp=0 qo_len=16 kv_len=4096 n_heads=12 n_kv_heads=2 head_dim=128 kv_head=0 worker=0 block_r=0 block_c=0 t0_us=2285301651935 t1_us=2285301652144 dur_us=208
FIG8_ATTENTION_EVENT mode=scna-fp16 phase=measure iteration=10 component=qk_dot component_id=4 lut_exp=0 qo_len=16 kv_len=4096 n_heads=12 n_kv_heads=2 head_dim=128 kv_head=0 worker=0 block_r=0 block_c=0 t0_us=2285301652144 t1_us=2285301652151 dur_us=6
FIG8_ATTENTION_EVENT mode=scna-fp16 phase=measure iteration=10 component=safe_sm component_id=5 lut_exp=0 qo_len=16 kv_len=4096 n_heads=12 n_kv_heads=2 head_dim=128 kv_head=0 worker=0 block_r=0 block_c=0 t0_us=2285301652151 t1_us=2285301652679 dur_us=528
FIG8_ATTENTION_EVENT mode=scna-fp16 phase=measure iteration=10 component=v_load component_id=3 lut_exp=0 qo_len=16 kv_len=4096 n_heads=12 n_kv_heads=2 head_dim=128 kv_head=0 worker=0 block_r=0 block_c=0 t0_us=2285301652681 t1_us=2285301652857 dur_us=176
FIG8_ATTENTION_EVENT mode=scna-fp16 phase=measure iteration=10 component=core_acc component_id=6 lut_exp=0 qo_len=16 kv_len=4096 n_heads=12 n_kv_heads=2 head_dim=128 kv_head=0 worker=0 block_r=0 block_c=0 t0_us=2285301652858 t1_us=2285301652865 dur_us=7
FIG8_ATTENTION_EVENT mode=scna-fp16 phase=measure iteration=10 component=o_scale component_id=7 lut_exp=0 qo_len=16 kv_len=4096 n_heads=12 n_kv_heads=2 head_dim=128 kv_head=0 worker=0 block_r=0 block_c=-1 t0_us=2285301652865 t1_us=2285301652866 dur_us=1
FIG8_ATTENTION_EVENT mode=scna-fp16 phase=measure iteration=10 component=o_store component_id=8 lut_exp=0 qo_len=16 kv_len=4096 n_heads=12 n_kv_heads=2 head_dim=128 kv_head=0 worker=0 block_r=0 block_c=-1 t0_us=2285301652867 t1_us=2285301652873 dur_us=5
FIG8_ATTENTION_EVENT mode=scna-fp16 phase=measure iteration=10 component=q_load component_id=1 lut_exp=0 qo_len=16 kv_len=4096 n_heads=12 n_kv_heads=2 head_dim=128 kv_head=1 worker=0 block_r=0 block_c=-1 t0_us=2285301652918 t1_us=2285301652923 dur_us=4
FIG8_ATTENTION_EVENT mode=scna-fp16 phase=measure iteration=10 component=k_load component_id=2 lut_exp=0 qo_len=16 kv_len=4096 n_heads=12 n_kv_heads=2 head_dim=128 kv_head=1 worker=0 block_r=0 block_c=0 t0_us=2285301652924 t1_us=2285301653138 dur_us=213
FIG8_ATTENTION_EVENT mode=scna-fp16 phase=measure iteration=10 component=qk_dot component_id=4 lut_exp=0 qo_len=16 kv_len=4096 n_heads=12 n_kv_heads=2 head_dim=128 kv_head=1 worker=0 block_r=0 block_c=0 t0_us=2285301653138 t1_us=2285301653145 dur_us=6
FIG8_ATTENTION_EVENT mode=scna-fp16 phase=measure iteration=10 component=safe_sm component_id=5 lut_exp=0 qo_len=16 kv_len=4096 n_heads=12 n_kv_heads=2 head_dim=128 kv_head=1 worker=0 block_r=0 block_c=0 t0_us=2285301653145 t1_us=2285301653672 dur_us=526
FIG8_ATTENTION_EVENT mode=scna-fp16 phase=measure iteration=10 component=v_load component_id=3 lut_exp=0 qo_len=16 kv_len=4096 n_heads=12 n_kv_heads=2 head_dim=128 kv_head=1 worker=0 block_r=0 block_c=0 t0_us=2285301653672 t1_us=2285301653858 dur_us=185
FIG8_ATTENTION_EVENT mode=scna-fp16 phase=measure iteration=10 component=core_acc component_id=6 lut_exp=0 qo_len=16 kv_len=4096 n_heads=12 n_kv_heads=2 head_dim=128 kv_head=1 worker=0 block_r=0 block_c=0 t0_us=2285301653859 t1_us=2285301653865 dur_us=6
FIG8_ATTENTION_EVENT mode=scna-fp16 phase=measure iteration=10 component=o_scale component_id=7 lut_exp=0 qo_len=16 kv_len=4096 n_heads=12 n_kv_heads=2 head_dim=128 kv_head=1 worker=0 block_r=0 block_c=-1 t0_us=2285301653866 t1_us=2285301653867 dur_us=1
FIG8_ATTENTION_EVENT mode=scna-fp16 phase=measure iteration=10 component=o_store component_id=8 lut_exp=0 qo_len=16 kv_len=4096 n_heads=12 n_kv_heads=2 head_dim=128 kv_head=1 worker=0 block_r=0 block_c=-1 t0_us=2285301653867 t1_us=2285301653873 dur_us=5
FIG8_ATTENTION_HOST_TIMING mode=scna-fp16 qo_len=16 kv_len=4096 n_heads=12 n_kv_heads=2 head_dim=128 phase=measure iteration=11 host_elapsed_us=2250 ret=0
FIG8_ATTENTION_PROFILE_COUNT mode=scna-fp16 qo_len=16 phase=measure iteration=11 records=2 max_records=10
FIG8_ATTENTION_TIMERS mode=scna-fp16 phase=measure iteration=11 lut_exp=0 nonlinear_mode=1 scna_width=16 scna_exp=424 qo_len=16 kv_len=4096 n_heads=12 n_kv_heads=2 head_dim=128 kv_head=0 worker=0 profiled_total=939 q_load=4 k_load=208 v_load=180 qk_dot=6 safe_sm=529 core_acc=6 o_scale=1 o_store=5
FIG8_ATTENTION_TIMERS mode=scna-fp16 phase=measure iteration=11 lut_exp=0 nonlinear_mode=1 scna_width=16 scna_exp=426 qo_len=16 kv_len=4096 n_heads=12 n_kv_heads=2 head_dim=128 kv_head=1 worker=0 profiled_total=951 q_load=4 k_load=219 v_load=182 qk_dot=6 safe_sm=529 core_acc=5 o_scale=1 o_store=5
FIG8_ATTENTION_EVENT_COUNT mode=scna-fp16 qo_len=16 phase=measure iteration=11 events=16 max_events=12512 overflow=0
FIG8_ATTENTION_EVENT mode=scna-fp16 phase=measure iteration=11 component=q_load component_id=1 lut_exp=0 qo_len=16 kv_len=4096 n_heads=12 n_kv_heads=2 head_dim=128 kv_head=0 worker=0 block_r=0 block_c=-1 t0_us=2285301654481 t1_us=2285301654485 dur_us=4
FIG8_ATTENTION_EVENT mode=scna-fp16 phase=measure iteration=11 component=k_load component_id=2 lut_exp=0 qo_len=16 kv_len=4096 n_heads=12 n_kv_heads=2 head_dim=128 kv_head=0 worker=0 block_r=0 block_c=0 t0_us=2285301654487 t1_us=2285301654695 dur_us=208
FIG8_ATTENTION_EVENT mode=scna-fp16 phase=measure iteration=11 component=qk_dot component_id=4 lut_exp=0 qo_len=16 kv_len=4096 n_heads=12 n_kv_heads=2 head_dim=128 kv_head=0 worker=0 block_r=0 block_c=0 t0_us=2285301654695 t1_us=2285301654702 dur_us=6
FIG8_ATTENTION_EVENT mode=scna-fp16 phase=measure iteration=11 component=safe_sm component_id=5 lut_exp=0 qo_len=16 kv_len=4096 n_heads=12 n_kv_heads=2 head_dim=128 kv_head=0 worker=0 block_r=0 block_c=0 t0_us=2285301654702 t1_us=2285301655232 dur_us=529
FIG8_ATTENTION_EVENT mode=scna-fp16 phase=measure iteration=11 component=v_load component_id=3 lut_exp=0 qo_len=16 kv_len=4096 n_heads=12 n_kv_heads=2 head_dim=128 kv_head=0 worker=0 block_r=0 block_c=0 t0_us=2285301655233 t1_us=2285301655413 dur_us=180
FIG8_ATTENTION_EVENT mode=scna-fp16 phase=measure iteration=11 component=core_acc component_id=6 lut_exp=0 qo_len=16 kv_len=4096 n_heads=12 n_kv_heads=2 head_dim=128 kv_head=0 worker=0 block_r=0 block_c=0 t0_us=2285301655413 t1_us=2285301655420 dur_us=6
FIG8_ATTENTION_EVENT mode=scna-fp16 phase=measure iteration=11 component=o_scale component_id=7 lut_exp=0 qo_len=16 kv_len=4096 n_heads=12 n_kv_heads=2 head_dim=128 kv_head=0 worker=0 block_r=0 block_c=-1 t0_us=2285301655420 t1_us=2285301655422 dur_us=1
FIG8_ATTENTION_EVENT mode=scna-fp16 phase=measure iteration=11 component=o_store component_id=8 lut_exp=0 qo_len=16 kv_len=4096 n_heads=12 n_kv_heads=2 head_dim=128 kv_head=0 worker=0 block_r=0 block_c=-1 t0_us=2285301655422 t1_us=2285301655428 dur_us=5
FIG8_ATTENTION_EVENT mode=scna-fp16 phase=measure iteration=11 component=q_load component_id=1 lut_exp=0 qo_len=16 kv_len=4096 n_heads=12 n_kv_heads=2 head_dim=128 kv_head=1 worker=0 block_r=0 block_c=-1 t0_us=2285301655473 t1_us=2285301655478 dur_us=4
FIG8_ATTENTION_EVENT mode=scna-fp16 phase=measure iteration=11 component=k_load component_id=2 lut_exp=0 qo_len=16 kv_len=4096 n_heads=12 n_kv_heads=2 head_dim=128 kv_head=1 worker=0 block_r=0 block_c=0 t0_us=2285301655480 t1_us=2285301655699 dur_us=219
FIG8_ATTENTION_EVENT mode=scna-fp16 phase=measure iteration=11 component=qk_dot component_id=4 lut_exp=0 qo_len=16 kv_len=4096 n_heads=12 n_kv_heads=2 head_dim=128 kv_head=1 worker=0 block_r=0 block_c=0 t0_us=2285301655699 t1_us=2285301655706 dur_us=6
FIG8_ATTENTION_EVENT mode=scna-fp16 phase=measure iteration=11 component=safe_sm component_id=5 lut_exp=0 qo_len=16 kv_len=4096 n_heads=12 n_kv_heads=2 head_dim=128 kv_head=1 worker=0 block_r=0 block_c=0 t0_us=2285301655706 t1_us=2285301656235 dur_us=529
FIG8_ATTENTION_EVENT mode=scna-fp16 phase=measure iteration=11 component=v_load component_id=3 lut_exp=0 qo_len=16 kv_len=4096 n_heads=12 n_kv_heads=2 head_dim=128 kv_head=1 worker=0 block_r=0 block_c=0 t0_us=2285301656236 t1_us=2285301656418 dur_us=182
FIG8_ATTENTION_EVENT mode=scna-fp16 phase=measure iteration=11 component=core_acc component_id=6 lut_exp=0 qo_len=16 kv_len=4096 n_heads=12 n_kv_heads=2 head_dim=128 kv_head=1 worker=0 block_r=0 block_c=0 t0_us=2285301656419 t1_us=2285301656424 dur_us=5
FIG8_ATTENTION_EVENT mode=scna-fp16 phase=measure iteration=11 component=o_scale component_id=7 lut_exp=0 qo_len=16 kv_len=4096 n_heads=12 n_kv_heads=2 head_dim=128 kv_head=1 worker=0 block_r=0 block_c=-1 t0_us=2285301656425 t1_us=2285301656427 dur_us=1
FIG8_ATTENTION_EVENT mode=scna-fp16 phase=measure iteration=11 component=o_store component_id=8 lut_exp=0 qo_len=16 kv_len=4096 n_heads=12 n_kv_heads=2 head_dim=128 kv_head=1 worker=0 block_r=0 block_c=-1 t0_us=2285301656427 t1_us=2285301656433 dur_us=5
FIG8_ATTENTION_HOST_TIMING mode=scna-fp16 qo_len=16 kv_len=4096 n_heads=12 n_kv_heads=2 head_dim=128 phase=measure iteration=12 host_elapsed_us=2257 ret=0
FIG8_ATTENTION_PROFILE_COUNT mode=scna-fp16 qo_len=16 phase=measure iteration=12 records=2 max_records=10
FIG8_ATTENTION_TIMERS mode=scna-fp16 phase=measure iteration=12 lut_exp=0 nonlinear_mode=1 scna_width=16 scna_exp=425 qo_len=16 kv_len=4096 n_heads=12 n_kv_heads=2 head_dim=128 kv_head=0 worker=0 profiled_total=939 q_load=4 k_load=212 v_load=174 qk_dot=6 safe_sm=530 core_acc=6 o_scale=1 o_store=6
FIG8_ATTENTION_TIMERS mode=scna-fp16 phase=measure iteration=12 lut_exp=0 nonlinear_mode=1 scna_width=16 scna_exp=426 qo_len=16 kv_len=4096 n_heads=12 n_kv_heads=2 head_dim=128 kv_head=1 worker=0 profiled_total=957 q_load=4 k_load=225 v_load=183 qk_dot=6 safe_sm=527 core_acc=6 o_scale=1 o_store=5
FIG8_ATTENTION_EVENT_COUNT mode=scna-fp16 qo_len=16 phase=measure iteration=12 events=16 max_events=12512 overflow=0
FIG8_ATTENTION_EVENT mode=scna-fp16 phase=measure iteration=12 component=q_load component_id=1 lut_exp=0 qo_len=16 kv_len=4096 n_heads=12 n_kv_heads=2 head_dim=128 kv_head=0 worker=0 block_r=0 block_c=-1 t0_us=2285301657093 t1_us=2285301657098 dur_us=4
FIG8_ATTENTION_EVENT mode=scna-fp16 phase=measure iteration=12 component=k_load component_id=2 lut_exp=0 qo_len=16 kv_len=4096 n_heads=12 n_kv_heads=2 head_dim=128 kv_head=0 worker=0 block_r=0 block_c=0 t0_us=2285301657099 t1_us=2285301657312 dur_us=212
FIG8_ATTENTION_EVENT mode=scna-fp16 phase=measure iteration=12 component=qk_dot component_id=4 lut_exp=0 qo_len=16 kv_len=4096 n_heads=12 n_kv_heads=2 head_dim=128 kv_head=0 worker=0 block_r=0 block_c=0 t0_us=2285301657312 t1_us=2285301657319 dur_us=6
FIG8_ATTENTION_EVENT mode=scna-fp16 phase=measure iteration=12 component=safe_sm component_id=5 lut_exp=0 qo_len=16 kv_len=4096 n_heads=12 n_kv_heads=2 head_dim=128 kv_head=0 worker=0 block_r=0 block_c=0 t0_us=2285301657319 t1_us=2285301657850 dur_us=530
FIG8_ATTENTION_EVENT mode=scna-fp16 phase=measure iteration=12 component=v_load component_id=3 lut_exp=0 qo_len=16 kv_len=4096 n_heads=12 n_kv_heads=2 head_dim=128 kv_head=0 worker=0 block_r=0 block_c=0 t0_us=2285301657851 t1_us=2285301658025 dur_us=174
FIG8_ATTENTION_EVENT mode=scna-fp16 phase=measure iteration=12 component=core_acc component_id=6 lut_exp=0 qo_len=16 kv_len=4096 n_heads=12 n_kv_heads=2 head_dim=128 kv_head=0 worker=0 block_r=0 block_c=0 t0_us=2285301658026 t1_us=2285301658032 dur_us=6
FIG8_ATTENTION_EVENT mode=scna-fp16 phase=measure iteration=12 component=o_scale component_id=7 lut_exp=0 qo_len=16 kv_len=4096 n_heads=12 n_kv_heads=2 head_dim=128 kv_head=0 worker=0 block_r=0 block_c=-1 t0_us=2285301658033 t1_us=2285301658034 dur_us=1
FIG8_ATTENTION_EVENT mode=scna-fp16 phase=measure iteration=12 component=o_store component_id=8 lut_exp=0 qo_len=16 kv_len=4096 n_heads=12 n_kv_heads=2 head_dim=128 kv_head=0 worker=0 block_r=0 block_c=-1 t0_us=2285301658034 t1_us=2285301658040 dur_us=6
FIG8_ATTENTION_EVENT mode=scna-fp16 phase=measure iteration=12 component=q_load component_id=1 lut_exp=0 qo_len=16 kv_len=4096 n_heads=12 n_kv_heads=2 head_dim=128 kv_head=1 worker=0 block_r=0 block_c=-1 t0_us=2285301658084 t1_us=2285301658088 dur_us=4
FIG8_ATTENTION_EVENT mode=scna-fp16 phase=measure iteration=12 component=k_load component_id=2 lut_exp=0 qo_len=16 kv_len=4096 n_heads=12 n_kv_heads=2 head_dim=128 kv_head=1 worker=0 block_r=0 block_c=0 t0_us=2285301658090 t1_us=2285301658315 dur_us=225
FIG8_ATTENTION_EVENT mode=scna-fp16 phase=measure iteration=12 component=qk_dot component_id=4 lut_exp=0 qo_len=16 kv_len=4096 n_heads=12 n_kv_heads=2 head_dim=128 kv_head=1 worker=0 block_r=0 block_c=0 t0_us=2285301658315 t1_us=2285301658322 dur_us=6
FIG8_ATTENTION_EVENT mode=scna-fp16 phase=measure iteration=12 component=safe_sm component_id=5 lut_exp=0 qo_len=16 kv_len=4096 n_heads=12 n_kv_heads=2 head_dim=128 kv_head=1 worker=0 block_r=0 block_c=0 t0_us=2285301658322 t1_us=2285301658850 dur_us=527
FIG8_ATTENTION_EVENT mode=scna-fp16 phase=measure iteration=12 component=v_load component_id=3 lut_exp=0 qo_len=16 kv_len=4096 n_heads=12 n_kv_heads=2 head_dim=128 kv_head=1 worker=0 block_r=0 block_c=0 t0_us=2285301658850 t1_us=2285301659033 dur_us=183
FIG8_ATTENTION_EVENT mode=scna-fp16 phase=measure iteration=12 component=core_acc component_id=6 lut_exp=0 qo_len=16 kv_len=4096 n_heads=12 n_kv_heads=2 head_dim=128 kv_head=1 worker=0 block_r=0 block_c=0 t0_us=2285301659034 t1_us=2285301659041 dur_us=6
FIG8_ATTENTION_EVENT mode=scna-fp16 phase=measure iteration=12 component=o_scale component_id=7 lut_exp=0 qo_len=16 kv_len=4096 n_heads=12 n_kv_heads=2 head_dim=128 kv_head=1 worker=0 block_r=0 block_c=-1 t0_us=2285301659041 t1_us=2285301659043 dur_us=1
FIG8_ATTENTION_EVENT mode=scna-fp16 phase=measure iteration=12 component=o_store component_id=8 lut_exp=0 qo_len=16 kv_len=4096 n_heads=12 n_kv_heads=2 head_dim=128 kv_head=1 worker=0 block_r=0 block_c=-1 t0_us=2285301659043 t1_us=2285301659049 dur_us=5
FIG8_ATTENTION_HOST_TIMING mode=scna-fp16 qo_len=16 kv_len=4096 n_heads=12 n_kv_heads=2 head_dim=128 phase=measure iteration=13 host_elapsed_us=2147 ret=0
FIG8_ATTENTION_PROFILE_COUNT mode=scna-fp16 qo_len=16 phase=measure iteration=13 records=2 max_records=10
FIG8_ATTENTION_TIMERS mode=scna-fp16 phase=measure iteration=13 lut_exp=0 nonlinear_mode=1 scna_width=16 scna_exp=425 qo_len=16 kv_len=4096 n_heads=12 n_kv_heads=2 head_dim=128 kv_head=0 worker=0 profiled_total=931 q_load=4 k_load=206 v_load=174 qk_dot=6 safe_sm=528 core_acc=6 o_scale=1 o_store=6
FIG8_ATTENTION_TIMERS mode=scna-fp16 phase=measure iteration=13 lut_exp=0 nonlinear_mode=1 scna_width=16 scna_exp=426 qo_len=16 kv_len=4096 n_heads=12 n_kv_heads=2 head_dim=128 kv_head=1 worker=0 profiled_total=948 q_load=5 k_load=217 v_load=178 qk_dot=6 safe_sm=530 core_acc=6 o_scale=1 o_store=5
FIG8_ATTENTION_EVENT_COUNT mode=scna-fp16 qo_len=16 phase=measure iteration=13 events=16 max_events=12512 overflow=0
FIG8_ATTENTION_EVENT mode=scna-fp16 phase=measure iteration=13 component=q_load component_id=1 lut_exp=0 qo_len=16 kv_len=4096 n_heads=12 n_kv_heads=2 head_dim=128 kv_head=0 worker=0 block_r=0 block_c=-1 t0_us=2285301659689 t1_us=2285301659693 dur_us=4
FIG8_ATTENTION_EVENT mode=scna-fp16 phase=measure iteration=13 component=k_load component_id=2 lut_exp=0 qo_len=16 kv_len=4096 n_heads=12 n_kv_heads=2 head_dim=128 kv_head=0 worker=0 block_r=0 block_c=0 t0_us=2285301659695 t1_us=2285301659902 dur_us=206
FIG8_ATTENTION_EVENT mode=scna-fp16 phase=measure iteration=13 component=qk_dot component_id=4 lut_exp=0 qo_len=16 kv_len=4096 n_heads=12 n_kv_heads=2 head_dim=128 kv_head=0 worker=0 block_r=0 block_c=0 t0_us=2285301659902 t1_us=2285301659908 dur_us=6
FIG8_ATTENTION_EVENT mode=scna-fp16 phase=measure iteration=13 component=safe_sm component_id=5 lut_exp=0 qo_len=16 kv_len=4096 n_heads=12 n_kv_heads=2 head_dim=128 kv_head=0 worker=0 block_r=0 block_c=0 t0_us=2285301659909 t1_us=2285301660437 dur_us=528
FIG8_ATTENTION_EVENT mode=scna-fp16 phase=measure iteration=13 component=v_load component_id=3 lut_exp=0 qo_len=16 kv_len=4096 n_heads=12 n_kv_heads=2 head_dim=128 kv_head=0 worker=0 block_r=0 block_c=0 t0_us=2285301660438 t1_us=2285301660613 dur_us=174
FIG8_ATTENTION_EVENT mode=scna-fp16 phase=measure iteration=13 component=core_acc component_id=6 lut_exp=0 qo_len=16 kv_len=4096 n_heads=12 n_kv_heads=2 head_dim=128 kv_head=0 worker=0 block_r=0 block_c=0 t0_us=2285301660614 t1_us=2285301660621 dur_us=6
FIG8_ATTENTION_EVENT mode=scna-fp16 phase=measure iteration=13 component=o_scale component_id=7 lut_exp=0 qo_len=16 kv_len=4096 n_heads=12 n_kv_heads=2 head_dim=128 kv_head=0 worker=0 block_r=0 block_c=-1 t0_us=2285301660621 t1_us=2285301660622 dur_us=1
FIG8_ATTENTION_EVENT mode=scna-fp16 phase=measure iteration=13 component=o_store component_id=8 lut_exp=0 qo_len=16 kv_len=4096 n_heads=12 n_kv_heads=2 head_dim=128 kv_head=0 worker=0 block_r=0 block_c=-1 t0_us=2285301660623 t1_us=2285301660630 dur_us=6
FIG8_ATTENTION_EVENT mode=scna-fp16 phase=measure iteration=13 component=q_load component_id=1 lut_exp=0 qo_len=16 kv_len=4096 n_heads=12 n_kv_heads=2 head_dim=128 kv_head=1 worker=0 block_r=0 block_c=-1 t0_us=2285301660673 t1_us=2285301660678 dur_us=5
FIG8_ATTENTION_EVENT mode=scna-fp16 phase=measure iteration=13 component=k_load component_id=2 lut_exp=0 qo_len=16 kv_len=4096 n_heads=12 n_kv_heads=2 head_dim=128 kv_head=1 worker=0 block_r=0 block_c=0 t0_us=2285301660679 t1_us=2285301660897 dur_us=217
FIG8_ATTENTION_EVENT mode=scna-fp16 phase=measure iteration=13 component=qk_dot component_id=4 lut_exp=0 qo_len=16 kv_len=4096 n_heads=12 n_kv_heads=2 head_dim=128 kv_head=1 worker=0 block_r=0 block_c=0 t0_us=2285301660897 t1_us=2285301660904 dur_us=6
FIG8_ATTENTION_EVENT mode=scna-fp16 phase=measure iteration=13 component=safe_sm component_id=5 lut_exp=0 qo_len=16 kv_len=4096 n_heads=12 n_kv_heads=2 head_dim=128 kv_head=1 worker=0 block_r=0 block_c=0 t0_us=2285301660904 t1_us=2285301661435 dur_us=530
FIG8_ATTENTION_EVENT mode=scna-fp16 phase=measure iteration=13 component=v_load component_id=3 lut_exp=0 qo_len=16 kv_len=4096 n_heads=12 n_kv_heads=2 head_dim=128 kv_head=1 worker=0 block_r=0 block_c=0 t0_us=2285301661435 t1_us=2285301661614 dur_us=178
FIG8_ATTENTION_EVENT mode=scna-fp16 phase=measure iteration=13 component=core_acc component_id=6 lut_exp=0 qo_len=16 kv_len=4096 n_heads=12 n_kv_heads=2 head_dim=128 kv_head=1 worker=0 block_r=0 block_c=0 t0_us=2285301661614 t1_us=2285301661621 dur_us=6
FIG8_ATTENTION_EVENT mode=scna-fp16 phase=measure iteration=13 component=o_scale component_id=7 lut_exp=0 qo_len=16 kv_len=4096 n_heads=12 n_kv_heads=2 head_dim=128 kv_head=1 worker=0 block_r=0 block_c=-1 t0_us=2285301661622 t1_us=2285301661623 dur_us=1
FIG8_ATTENTION_EVENT mode=scna-fp16 phase=measure iteration=13 component=o_store component_id=8 lut_exp=0 qo_len=16 kv_len=4096 n_heads=12 n_kv_heads=2 head_dim=128 kv_head=1 worker=0 block_r=0 block_c=-1 t0_us=2285301661623 t1_us=2285301661629 dur_us=5
FIG8_ATTENTION_HOST_TIMING mode=scna-fp16 qo_len=16 kv_len=4096 n_heads=12 n_kv_heads=2 head_dim=128 phase=measure iteration=14 host_elapsed_us=2232 ret=0
FIG8_ATTENTION_PROFILE_COUNT mode=scna-fp16 qo_len=16 phase=measure iteration=14 records=2 max_records=10
FIG8_ATTENTION_TIMERS mode=scna-fp16 phase=measure iteration=14 lut_exp=0 nonlinear_mode=1 scna_width=16 scna_exp=425 qo_len=16 kv_len=4096 n_heads=12 n_kv_heads=2 head_dim=128 kv_head=0 worker=0 profiled_total=933 q_load=4 k_load=203 v_load=179 qk_dot=6 safe_sm=528 core_acc=6 o_scale=1 o_store=6
FIG8_ATTENTION_TIMERS mode=scna-fp16 phase=measure iteration=14 lut_exp=0 nonlinear_mode=1 scna_width=16 scna_exp=426 qo_len=16 kv_len=4096 n_heads=12 n_kv_heads=2 head_dim=128 kv_head=1 worker=0 profiled_total=948 q_load=4 k_load=217 v_load=182 qk_dot=6 safe_sm=527 core_acc=6 o_scale=1 o_store=5
FIG8_ATTENTION_EVENT_COUNT mode=scna-fp16 qo_len=16 phase=measure iteration=14 events=16 max_events=12512 overflow=0
FIG8_ATTENTION_EVENT mode=scna-fp16 phase=measure iteration=14 component=q_load component_id=1 lut_exp=0 qo_len=16 kv_len=4096 n_heads=12 n_kv_heads=2 head_dim=128 kv_head=0 worker=0 block_r=0 block_c=-1 t0_us=2285301662174 t1_us=2285301662179 dur_us=4
FIG8_ATTENTION_EVENT mode=scna-fp16 phase=measure iteration=14 component=k_load component_id=2 lut_exp=0 qo_len=16 kv_len=4096 n_heads=12 n_kv_heads=2 head_dim=128 kv_head=0 worker=0 block_r=0 block_c=0 t0_us=2285301662180 t1_us=2285301662384 dur_us=203
FIG8_ATTENTION_EVENT mode=scna-fp16 phase=measure iteration=14 component=qk_dot component_id=4 lut_exp=0 qo_len=16 kv_len=4096 n_heads=12 n_kv_heads=2 head_dim=128 kv_head=0 worker=0 block_r=0 block_c=0 t0_us=2285301662384 t1_us=2285301662391 dur_us=6
FIG8_ATTENTION_EVENT mode=scna-fp16 phase=measure iteration=14 component=safe_sm component_id=5 lut_exp=0 qo_len=16 kv_len=4096 n_heads=12 n_kv_heads=2 head_dim=128 kv_head=0 worker=0 block_r=0 block_c=0 t0_us=2285301662391 t1_us=2285301662920 dur_us=528
FIG8_ATTENTION_EVENT mode=scna-fp16 phase=measure iteration=14 component=v_load component_id=3 lut_exp=0 qo_len=16 kv_len=4096 n_heads=12 n_kv_heads=2 head_dim=128 kv_head=0 worker=0 block_r=0 block_c=0 t0_us=2285301662921 t1_us=2285301663101 dur_us=179
FIG8_ATTENTION_EVENT mode=scna-fp16 phase=measure iteration=14 component=core_acc component_id=6 lut_exp=0 qo_len=16 kv_len=4096 n_heads=12 n_kv_heads=2 head_dim=128 kv_head=0 worker=0 block_r=0 block_c=0 t0_us=2285301663101 t1_us=2285301663108 dur_us=6
FIG8_ATTENTION_EVENT mode=scna-fp16 phase=measure iteration=14 component=o_scale component_id=7 lut_exp=0 qo_len=16 kv_len=4096 n_heads=12 n_kv_heads=2 head_dim=128 kv_head=0 worker=0 block_r=0 block_c=-1 t0_us=2285301663109 t1_us=2285301663110 dur_us=1
FIG8_ATTENTION_EVENT mode=scna-fp16 phase=measure iteration=14 component=o_store component_id=8 lut_exp=0 qo_len=16 kv_len=4096 n_heads=12 n_kv_heads=2 head_dim=128 kv_head=0 worker=0 block_r=0 block_c=-1 t0_us=2285301663111 t1_us=2285301663117 dur_us=6
FIG8_ATTENTION_EVENT mode=scna-fp16 phase=measure iteration=14 component=q_load component_id=1 lut_exp=0 qo_len=16 kv_len=4096 n_heads=12 n_kv_heads=2 head_dim=128 kv_head=1 worker=0 block_r=0 block_c=-1 t0_us=2285301663160 t1_us=2285301663164 dur_us=4
FIG8_ATTENTION_EVENT mode=scna-fp16 phase=measure iteration=14 component=k_load component_id=2 lut_exp=0 qo_len=16 kv_len=4096 n_heads=12 n_kv_heads=2 head_dim=128 kv_head=1 worker=0 block_r=0 block_c=0 t0_us=2285301663166 t1_us=2285301663383 dur_us=217
FIG8_ATTENTION_EVENT mode=scna-fp16 phase=measure iteration=14 component=qk_dot component_id=4 lut_exp=0 qo_len=16 kv_len=4096 n_heads=12 n_kv_heads=2 head_dim=128 kv_head=1 worker=0 block_r=0 block_c=0 t0_us=2285301663384 t1_us=2285301663390 dur_us=6
FIG8_ATTENTION_EVENT mode=scna-fp16 phase=measure iteration=14 component=safe_sm component_id=5 lut_exp=0 qo_len=16 kv_len=4096 n_heads=12 n_kv_heads=2 head_dim=128 kv_head=1 worker=0 block_r=0 block_c=0 t0_us=2285301663391 t1_us=2285301663918 dur_us=527
FIG8_ATTENTION_EVENT mode=scna-fp16 phase=measure iteration=14 component=v_load component_id=3 lut_exp=0 qo_len=16 kv_len=4096 n_heads=12 n_kv_heads=2 head_dim=128 kv_head=1 worker=0 block_r=0 block_c=0 t0_us=2285301663918 t1_us=2285301664101 dur_us=182
FIG8_ATTENTION_EVENT mode=scna-fp16 phase=measure iteration=14 component=core_acc component_id=6 lut_exp=0 qo_len=16 kv_len=4096 n_heads=12 n_kv_heads=2 head_dim=128 kv_head=1 worker=0 block_r=0 block_c=0 t0_us=2285301664102 t1_us=2285301664109 dur_us=6
FIG8_ATTENTION_EVENT mode=scna-fp16 phase=measure iteration=14 component=o_scale component_id=7 lut_exp=0 qo_len=16 kv_len=4096 n_heads=12 n_kv_heads=2 head_dim=128 kv_head=1 worker=0 block_r=0 block_c=-1 t0_us=2285301664110 t1_us=2285301664111 dur_us=1
FIG8_ATTENTION_EVENT mode=scna-fp16 phase=measure iteration=14 component=o_store component_id=8 lut_exp=0 qo_len=16 kv_len=4096 n_heads=12 n_kv_heads=2 head_dim=128 kv_head=1 worker=0 block_r=0 block_c=-1 t0_us=2285301664111 t1_us=2285301664117 dur_us=5
FIG8_ATTENTION_HOST_TIMING mode=scna-fp16 qo_len=16 kv_len=4096 n_heads=12 n_kv_heads=2 head_dim=128 phase=measure iteration=15 host_elapsed_us=2194 ret=0
FIG8_ATTENTION_PROFILE_COUNT mode=scna-fp16 qo_len=16 phase=measure iteration=15 records=2 max_records=10
FIG8_ATTENTION_TIMERS mode=scna-fp16 phase=measure iteration=15 lut_exp=0 nonlinear_mode=1 scna_width=16 scna_exp=424 qo_len=16 kv_len=4096 n_heads=12 n_kv_heads=2 head_dim=128 kv_head=0 worker=0 profiled_total=939 q_load=4 k_load=211 v_load=178 qk_dot=6 safe_sm=527 core_acc=6 o_scale=1 o_store=6
FIG8_ATTENTION_TIMERS mode=scna-fp16 phase=measure iteration=15 lut_exp=0 nonlinear_mode=1 scna_width=16 scna_exp=426 qo_len=16 kv_len=4096 n_heads=12 n_kv_heads=2 head_dim=128 kv_head=1 worker=0 profiled_total=955 q_load=4 k_load=224 v_load=180 qk_dot=6 safe_sm=529 core_acc=6 o_scale=1 o_store=5
FIG8_ATTENTION_EVENT_COUNT mode=scna-fp16 qo_len=16 phase=measure iteration=15 events=16 max_events=12512 overflow=0
FIG8_ATTENTION_EVENT mode=scna-fp16 phase=measure iteration=15 component=q_load component_id=1 lut_exp=0 qo_len=16 kv_len=4096 n_heads=12 n_kv_heads=2 head_dim=128 kv_head=0 worker=0 block_r=0 block_c=-1 t0_us=2285301664738 t1_us=2285301664743 dur_us=4
FIG8_ATTENTION_EVENT mode=scna-fp16 phase=measure iteration=15 component=k_load component_id=2 lut_exp=0 qo_len=16 kv_len=4096 n_heads=12 n_kv_heads=2 head_dim=128 kv_head=0 worker=0 block_r=0 block_c=0 t0_us=2285301664744 t1_us=2285301664956 dur_us=211
FIG8_ATTENTION_EVENT mode=scna-fp16 phase=measure iteration=15 component=qk_dot component_id=4 lut_exp=0 qo_len=16 kv_len=4096 n_heads=12 n_kv_heads=2 head_dim=128 kv_head=0 worker=0 block_r=0 block_c=0 t0_us=2285301664956 t1_us=2285301664962 dur_us=6
FIG8_ATTENTION_EVENT mode=scna-fp16 phase=measure iteration=15 component=safe_sm component_id=5 lut_exp=0 qo_len=16 kv_len=4096 n_heads=12 n_kv_heads=2 head_dim=128 kv_head=0 worker=0 block_r=0 block_c=0 t0_us=2285301664963 t1_us=2285301665490 dur_us=527
FIG8_ATTENTION_EVENT mode=scna-fp16 phase=measure iteration=15 component=v_load component_id=3 lut_exp=0 qo_len=16 kv_len=4096 n_heads=12 n_kv_heads=2 head_dim=128 kv_head=0 worker=0 block_r=0 block_c=0 t0_us=2285301665491 t1_us=2285301665670 dur_us=178
FIG8_ATTENTION_EVENT mode=scna-fp16 phase=measure iteration=15 component=core_acc component_id=6 lut_exp=0 qo_len=16 kv_len=4096 n_heads=12 n_kv_heads=2 head_dim=128 kv_head=0 worker=0 block_r=0 block_c=0 t0_us=2285301665670 t1_us=2285301665677 dur_us=6
FIG8_ATTENTION_EVENT mode=scna-fp16 phase=measure iteration=15 component=o_scale component_id=7 lut_exp=0 qo_len=16 kv_len=4096 n_heads=12 n_kv_heads=2 head_dim=128 kv_head=0 worker=0 block_r=0 block_c=-1 t0_us=2285301665677 t1_us=2285301665678 dur_us=1
FIG8_ATTENTION_EVENT mode=scna-fp16 phase=measure iteration=15 component=o_store component_id=8 lut_exp=0 qo_len=16 kv_len=4096 n_heads=12 n_kv_heads=2 head_dim=128 kv_head=0 worker=0 block_r=0 block_c=-1 t0_us=2285301665679 t1_us=2285301665685 dur_us=6
FIG8_ATTENTION_EVENT mode=scna-fp16 phase=measure iteration=15 component=q_load component_id=1 lut_exp=0 qo_len=16 kv_len=4096 n_heads=12 n_kv_heads=2 head_dim=128 kv_head=1 worker=0 block_r=0 block_c=-1 t0_us=2285301665729 t1_us=2285301665734 dur_us=4
FIG8_ATTENTION_EVENT mode=scna-fp16 phase=measure iteration=15 component=k_load component_id=2 lut_exp=0 qo_len=16 kv_len=4096 n_heads=12 n_kv_heads=2 head_dim=128 kv_head=1 worker=0 block_r=0 block_c=0 t0_us=2285301665735 t1_us=2285301665960 dur_us=224
FIG8_ATTENTION_EVENT mode=scna-fp16 phase=measure iteration=15 component=qk_dot component_id=4 lut_exp=0 qo_len=16 kv_len=4096 n_heads=12 n_kv_heads=2 head_dim=128 kv_head=1 worker=0 block_r=0 block_c=0 t0_us=2285301665960 t1_us=2285301665966 dur_us=6
FIG8_ATTENTION_EVENT mode=scna-fp16 phase=measure iteration=15 component=safe_sm component_id=5 lut_exp=0 qo_len=16 kv_len=4096 n_heads=12 n_kv_heads=2 head_dim=128 kv_head=1 worker=0 block_r=0 block_c=0 t0_us=2285301665967 t1_us=2285301666496 dur_us=529
FIG8_ATTENTION_EVENT mode=scna-fp16 phase=measure iteration=15 component=v_load component_id=3 lut_exp=0 qo_len=16 kv_len=4096 n_heads=12 n_kv_heads=2 head_dim=128 kv_head=1 worker=0 block_r=0 block_c=0 t0_us=2285301666497 t1_us=2285301666677 dur_us=180
FIG8_ATTENTION_EVENT mode=scna-fp16 phase=measure iteration=15 component=core_acc component_id=6 lut_exp=0 qo_len=16 kv_len=4096 n_heads=12 n_kv_heads=2 head_dim=128 kv_head=1 worker=0 block_r=0 block_c=0 t0_us=2285301666678 t1_us=2285301666685 dur_us=6
FIG8_ATTENTION_EVENT mode=scna-fp16 phase=measure iteration=15 component=o_scale component_id=7 lut_exp=0 qo_len=16 kv_len=4096 n_heads=12 n_kv_heads=2 head_dim=128 kv_head=1 worker=0 block_r=0 block_c=-1 t0_us=2285301666686 t1_us=2285301666687 dur_us=1
FIG8_ATTENTION_EVENT mode=scna-fp16 phase=measure iteration=15 component=o_store component_id=8 lut_exp=0 qo_len=16 kv_len=4096 n_heads=12 n_kv_heads=2 head_dim=128 kv_head=1 worker=0 block_r=0 block_c=-1 t0_us=2285301666687 t1_us=2285301666693 dur_us=5
FIG8_ATTENTION_HOST_TIMING mode=scna-fp16 qo_len=16 kv_len=4096 n_heads=12 n_kv_heads=2 head_dim=128 phase=measure iteration=16 host_elapsed_us=2247 ret=0
FIG8_ATTENTION_PROFILE_COUNT mode=scna-fp16 qo_len=16 phase=measure iteration=16 records=2 max_records=10
FIG8_ATTENTION_TIMERS mode=scna-fp16 phase=measure iteration=16 lut_exp=0 nonlinear_mode=1 scna_width=16 scna_exp=426 qo_len=16 kv_len=4096 n_heads=12 n_kv_heads=2 head_dim=128 kv_head=0 worker=0 profiled_total=932 q_load=4 k_load=202 v_load=180 qk_dot=6 safe_sm=528 core_acc=6 o_scale=1 o_store=5
FIG8_ATTENTION_TIMERS mode=scna-fp16 phase=measure iteration=16 lut_exp=0 nonlinear_mode=1 scna_width=16 scna_exp=427 qo_len=16 kv_len=4096 n_heads=12 n_kv_heads=2 head_dim=128 kv_head=1 worker=0 profiled_total=947 q_load=5 k_load=216 v_load=182 qk_dot=6 safe_sm=526 core_acc=6 o_scale=1 o_store=5
FIG8_ATTENTION_EVENT_COUNT mode=scna-fp16 qo_len=16 phase=measure iteration=16 events=16 max_events=12512 overflow=0
FIG8_ATTENTION_EVENT mode=scna-fp16 phase=measure iteration=16 component=q_load component_id=1 lut_exp=0 qo_len=16 kv_len=4096 n_heads=12 n_kv_heads=2 head_dim=128 kv_head=0 worker=0 block_r=0 block_c=-1 t0_us=2285301667261 t1_us=2285301667266 dur_us=4
FIG8_ATTENTION_EVENT mode=scna-fp16 phase=measure iteration=16 component=k_load component_id=2 lut_exp=0 qo_len=16 kv_len=4096 n_heads=12 n_kv_heads=2 head_dim=128 kv_head=0 worker=0 block_r=0 block_c=0 t0_us=2285301667267 t1_us=2285301667470 dur_us=202
FIG8_ATTENTION_EVENT mode=scna-fp16 phase=measure iteration=16 component=qk_dot component_id=4 lut_exp=0 qo_len=16 kv_len=4096 n_heads=12 n_kv_heads=2 head_dim=128 kv_head=0 worker=0 block_r=0 block_c=0 t0_us=2285301667470 t1_us=2285301667477 dur_us=6
FIG8_ATTENTION_EVENT mode=scna-fp16 phase=measure iteration=16 component=safe_sm component_id=5 lut_exp=0 qo_len=16 kv_len=4096 n_heads=12 n_kv_heads=2 head_dim=128 kv_head=0 worker=0 block_r=0 block_c=0 t0_us=2285301667477 t1_us=2285301668005 dur_us=528
FIG8_ATTENTION_EVENT mode=scna-fp16 phase=measure iteration=16 component=v_load component_id=3 lut_exp=0 qo_len=16 kv_len=4096 n_heads=12 n_kv_heads=2 head_dim=128 kv_head=0 worker=0 block_r=0 block_c=0 t0_us=2285301668007 t1_us=2285301668188 dur_us=180
FIG8_ATTENTION_EVENT mode=scna-fp16 phase=measure iteration=16 component=core_acc component_id=6 lut_exp=0 qo_len=16 kv_len=4096 n_heads=12 n_kv_heads=2 head_dim=128 kv_head=0 worker=0 block_r=0 block_c=0 t0_us=2285301668188 t1_us=2285301668195 dur_us=6
FIG8_ATTENTION_EVENT mode=scna-fp16 phase=measure iteration=16 component=o_scale component_id=7 lut_exp=0 qo_len=16 kv_len=4096 n_heads=12 n_kv_heads=2 head_dim=128 kv_head=0 worker=0 block_r=0 block_c=-1 t0_us=2285301668195 t1_us=2285301668197 dur_us=1
FIG8_ATTENTION_EVENT mode=scna-fp16 phase=measure iteration=16 component=o_store component_id=8 lut_exp=0 qo_len=16 kv_len=4096 n_heads=12 n_kv_heads=2 head_dim=128 kv_head=0 worker=0 block_r=0 block_c=-1 t0_us=2285301668198 t1_us=2285301668204 dur_us=5
FIG8_ATTENTION_EVENT mode=scna-fp16 phase=measure iteration=16 component=q_load component_id=1 lut_exp=0 qo_len=16 kv_len=4096 n_heads=12 n_kv_heads=2 head_dim=128 kv_head=1 worker=0 block_r=0 block_c=-1 t0_us=2285301668249 t1_us=2285301668254 dur_us=5
FIG8_ATTENTION_EVENT mode=scna-fp16 phase=measure iteration=16 component=k_load component_id=2 lut_exp=0 qo_len=16 kv_len=4096 n_heads=12 n_kv_heads=2 head_dim=128 kv_head=1 worker=0 block_r=0 block_c=0 t0_us=2285301668255 t1_us=2285301668471 dur_us=216
FIG8_ATTENTION_EVENT mode=scna-fp16 phase=measure iteration=16 component=qk_dot component_id=4 lut_exp=0 qo_len=16 kv_len=4096 n_heads=12 n_kv_heads=2 head_dim=128 kv_head=1 worker=0 block_r=0 block_c=0 t0_us=2285301668471 t1_us=2285301668478 dur_us=6
FIG8_ATTENTION_EVENT mode=scna-fp16 phase=measure iteration=16 component=safe_sm component_id=5 lut_exp=0 qo_len=16 kv_len=4096 n_heads=12 n_kv_heads=2 head_dim=128 kv_head=1 worker=0 block_r=0 block_c=0 t0_us=2285301668479 t1_us=2285301669005 dur_us=526
FIG8_ATTENTION_EVENT mode=scna-fp16 phase=measure iteration=16 component=v_load component_id=3 lut_exp=0 qo_len=16 kv_len=4096 n_heads=12 n_kv_heads=2 head_dim=128 kv_head=1 worker=0 block_r=0 block_c=0 t0_us=2285301669005 t1_us=2285301669188 dur_us=182
FIG8_ATTENTION_EVENT mode=scna-fp16 phase=measure iteration=16 component=core_acc component_id=6 lut_exp=0 qo_len=16 kv_len=4096 n_heads=12 n_kv_heads=2 head_dim=128 kv_head=1 worker=0 block_r=0 block_c=0 t0_us=2285301669189 t1_us=2285301669196 dur_us=6
FIG8_ATTENTION_EVENT mode=scna-fp16 phase=measure iteration=16 component=o_scale component_id=7 lut_exp=0 qo_len=16 kv_len=4096 n_heads=12 n_kv_heads=2 head_dim=128 kv_head=1 worker=0 block_r=0 block_c=-1 t0_us=2285301669197 t1_us=2285301669198 dur_us=1
FIG8_ATTENTION_EVENT mode=scna-fp16 phase=measure iteration=16 component=o_store component_id=8 lut_exp=0 qo_len=16 kv_len=4096 n_heads=12 n_kv_heads=2 head_dim=128 kv_head=1 worker=0 block_r=0 block_c=-1 t0_us=2285301669198 t1_us=2285301669204 dur_us=5
FIG8_ATTENTION_HOST_TIMING mode=scna-fp16 qo_len=16 kv_len=4096 n_heads=12 n_kv_heads=2 head_dim=128 phase=measure iteration=17 host_elapsed_us=2232 ret=0
FIG8_ATTENTION_PROFILE_COUNT mode=scna-fp16 qo_len=16 phase=measure iteration=17 records=2 max_records=10
FIG8_ATTENTION_TIMERS mode=scna-fp16 phase=measure iteration=17 lut_exp=0 nonlinear_mode=1 scna_width=16 scna_exp=425 qo_len=16 kv_len=4096 n_heads=12 n_kv_heads=2 head_dim=128 kv_head=0 worker=0 profiled_total=939 q_load=4 k_load=208 v_load=182 qk_dot=6 safe_sm=527 core_acc=6 o_scale=1 o_store=5
FIG8_ATTENTION_TIMERS mode=scna-fp16 phase=measure iteration=17 lut_exp=0 nonlinear_mode=1 scna_width=16 scna_exp=426 qo_len=16 kv_len=4096 n_heads=12 n_kv_heads=2 head_dim=128 kv_head=1 worker=0 profiled_total=954 q_load=5 k_load=220 v_load=184 qk_dot=6 safe_sm=527 core_acc=6 o_scale=1 o_store=5
FIG8_ATTENTION_EVENT_COUNT mode=scna-fp16 qo_len=16 phase=measure iteration=17 events=16 max_events=12512 overflow=0
FIG8_ATTENTION_EVENT mode=scna-fp16 phase=measure iteration=17 component=q_load component_id=1 lut_exp=0 qo_len=16 kv_len=4096 n_heads=12 n_kv_heads=2 head_dim=128 kv_head=0 worker=0 block_r=0 block_c=-1 t0_us=2285301669874 t1_us=2285301669878 dur_us=4
FIG8_ATTENTION_EVENT mode=scna-fp16 phase=measure iteration=17 component=k_load component_id=2 lut_exp=0 qo_len=16 kv_len=4096 n_heads=12 n_kv_heads=2 head_dim=128 kv_head=0 worker=0 block_r=0 block_c=0 t0_us=2285301669880 t1_us=2285301670088 dur_us=208
FIG8_ATTENTION_EVENT mode=scna-fp16 phase=measure iteration=17 component=qk_dot component_id=4 lut_exp=0 qo_len=16 kv_len=4096 n_heads=12 n_kv_heads=2 head_dim=128 kv_head=0 worker=0 block_r=0 block_c=0 t0_us=2285301670089 t1_us=2285301670095 dur_us=6
FIG8_ATTENTION_EVENT mode=scna-fp16 phase=measure iteration=17 component=safe_sm component_id=5 lut_exp=0 qo_len=16 kv_len=4096 n_heads=12 n_kv_heads=2 head_dim=128 kv_head=0 worker=0 block_r=0 block_c=0 t0_us=2285301670095 t1_us=2285301670623 dur_us=527
FIG8_ATTENTION_EVENT mode=scna-fp16 phase=measure iteration=17 component=v_load component_id=3 lut_exp=0 qo_len=16 kv_len=4096 n_heads=12 n_kv_heads=2 head_dim=128 kv_head=0 worker=0 block_r=0 block_c=0 t0_us=2285301670625 t1_us=2285301670807 dur_us=182
FIG8_ATTENTION_EVENT mode=scna-fp16 phase=measure iteration=17 component=core_acc component_id=6 lut_exp=0 qo_len=16 kv_len=4096 n_heads=12 n_kv_heads=2 head_dim=128 kv_head=0 worker=0 block_r=0 block_c=0 t0_us=2285301670808 t1_us=2285301670815 dur_us=6
FIG8_ATTENTION_EVENT mode=scna-fp16 phase=measure iteration=17 component=o_scale component_id=7 lut_exp=0 qo_len=16 kv_len=4096 n_heads=12 n_kv_heads=2 head_dim=128 kv_head=0 worker=0 block_r=0 block_c=-1 t0_us=2285301670815 t1_us=2285301670816 dur_us=1
FIG8_ATTENTION_EVENT mode=scna-fp16 phase=measure iteration=17 component=o_store component_id=8 lut_exp=0 qo_len=16 kv_len=4096 n_heads=12 n_kv_heads=2 head_dim=128 kv_head=0 worker=0 block_r=0 block_c=-1 t0_us=2285301670817 t1_us=2285301670823 dur_us=5
FIG8_ATTENTION_EVENT mode=scna-fp16 phase=measure iteration=17 component=q_load component_id=1 lut_exp=0 qo_len=16 kv_len=4096 n_heads=12 n_kv_heads=2 head_dim=128 kv_head=1 worker=0 block_r=0 block_c=-1 t0_us=2285301670867 t1_us=2285301670872 dur_us=5
FIG8_ATTENTION_EVENT mode=scna-fp16 phase=measure iteration=17 component=k_load component_id=2 lut_exp=0 qo_len=16 kv_len=4096 n_heads=12 n_kv_heads=2 head_dim=128 kv_head=1 worker=0 block_r=0 block_c=0 t0_us=2285301670874 t1_us=2285301671094 dur_us=220
FIG8_ATTENTION_EVENT mode=scna-fp16 phase=measure iteration=17 component=qk_dot component_id=4 lut_exp=0 qo_len=16 kv_len=4096 n_heads=12 n_kv_heads=2 head_dim=128 kv_head=1 worker=0 block_r=0 block_c=0 t0_us=2285301671094 t1_us=2285301671101 dur_us=6
FIG8_ATTENTION_EVENT mode=scna-fp16 phase=measure iteration=17 component=safe_sm component_id=5 lut_exp=0 qo_len=16 kv_len=4096 n_heads=12 n_kv_heads=2 head_dim=128 kv_head=1 worker=0 block_r=0 block_c=0 t0_us=2285301671101 t1_us=2285301671629 dur_us=527
FIG8_ATTENTION_EVENT mode=scna-fp16 phase=measure iteration=17 component=v_load component_id=3 lut_exp=0 qo_len=16 kv_len=4096 n_heads=12 n_kv_heads=2 head_dim=128 kv_head=1 worker=0 block_r=0 block_c=0 t0_us=2285301671629 t1_us=2285301671814 dur_us=184
FIG8_ATTENTION_EVENT mode=scna-fp16 phase=measure iteration=17 component=core_acc component_id=6 lut_exp=0 qo_len=16 kv_len=4096 n_heads=12 n_kv_heads=2 head_dim=128 kv_head=1 worker=0 block_r=0 block_c=0 t0_us=2285301671815 t1_us=2285301671821 dur_us=6
FIG8_ATTENTION_EVENT mode=scna-fp16 phase=measure iteration=17 component=o_scale component_id=7 lut_exp=0 qo_len=16 kv_len=4096 n_heads=12 n_kv_heads=2 head_dim=128 kv_head=1 worker=0 block_r=0 block_c=-1 t0_us=2285301671822 t1_us=2285301671823 dur_us=1
FIG8_ATTENTION_EVENT mode=scna-fp16 phase=measure iteration=17 component=o_store component_id=8 lut_exp=0 qo_len=16 kv_len=4096 n_heads=12 n_kv_heads=2 head_dim=128 kv_head=1 worker=0 block_r=0 block_c=-1 t0_us=2285301671824 t1_us=2285301671829 dur_us=5
FIG8_ATTENTION_HOST_TIMING mode=scna-fp16 qo_len=16 kv_len=4096 n_heads=12 n_kv_heads=2 head_dim=128 phase=measure iteration=18 host_elapsed_us=2217 ret=0
FIG8_ATTENTION_PROFILE_COUNT mode=scna-fp16 qo_len=16 phase=measure iteration=18 records=2 max_records=10
FIG8_ATTENTION_TIMERS mode=scna-fp16 phase=measure iteration=18 lut_exp=0 nonlinear_mode=1 scna_width=16 scna_exp=424 qo_len=16 kv_len=4096 n_heads=12 n_kv_heads=2 head_dim=128 kv_head=0 worker=0 profiled_total=932 q_load=4 k_load=207 v_load=174 qk_dot=6 safe_sm=529 core_acc=6 o_scale=1 o_store=5
FIG8_ATTENTION_TIMERS mode=scna-fp16 phase=measure iteration=18 lut_exp=0 nonlinear_mode=1 scna_width=16 scna_exp=426 qo_len=16 kv_len=4096 n_heads=12 n_kv_heads=2 head_dim=128 kv_head=1 worker=0 profiled_total=950 q_load=4 k_load=218 v_load=183 qk_dot=6 safe_sm=527 core_acc=6 o_scale=1 o_store=5
FIG8_ATTENTION_EVENT_COUNT mode=scna-fp16 qo_len=16 phase=measure iteration=18 events=16 max_events=12512 overflow=0
FIG8_ATTENTION_EVENT mode=scna-fp16 phase=measure iteration=18 component=q_load component_id=1 lut_exp=0 qo_len=16 kv_len=4096 n_heads=12 n_kv_heads=2 head_dim=128 kv_head=0 worker=0 block_r=0 block_c=-1 t0_us=2285301672564 t1_us=2285301672568 dur_us=4
FIG8_ATTENTION_EVENT mode=scna-fp16 phase=measure iteration=18 component=k_load component_id=2 lut_exp=0 qo_len=16 kv_len=4096 n_heads=12 n_kv_heads=2 head_dim=128 kv_head=0 worker=0 block_r=0 block_c=0 t0_us=2285301672570 t1_us=2285301672778 dur_us=207
FIG8_ATTENTION_EVENT mode=scna-fp16 phase=measure iteration=18 component=qk_dot component_id=4 lut_exp=0 qo_len=16 kv_len=4096 n_heads=12 n_kv_heads=2 head_dim=128 kv_head=0 worker=0 block_r=0 block_c=0 t0_us=2285301672778 t1_us=2285301672785 dur_us=6
FIG8_ATTENTION_EVENT mode=scna-fp16 phase=measure iteration=18 component=safe_sm component_id=5 lut_exp=0 qo_len=16 kv_len=4096 n_heads=12 n_kv_heads=2 head_dim=128 kv_head=0 worker=0 block_r=0 block_c=0 t0_us=2285301672785 t1_us=2285301673314 dur_us=529
FIG8_ATTENTION_EVENT mode=scna-fp16 phase=measure iteration=18 component=v_load component_id=3 lut_exp=0 qo_len=16 kv_len=4096 n_heads=12 n_kv_heads=2 head_dim=128 kv_head=0 worker=0 block_r=0 block_c=0 t0_us=2285301673315 t1_us=2285301673490 dur_us=174
FIG8_ATTENTION_EVENT mode=scna-fp16 phase=measure iteration=18 component=core_acc component_id=6 lut_exp=0 qo_len=16 kv_len=4096 n_heads=12 n_kv_heads=2 head_dim=128 kv_head=0 worker=0 block_r=0 block_c=0 t0_us=2285301673490 t1_us=2285301673497 dur_us=6
FIG8_ATTENTION_EVENT mode=scna-fp16 phase=measure iteration=18 component=o_scale component_id=7 lut_exp=0 qo_len=16 kv_len=4096 n_heads=12 n_kv_heads=2 head_dim=128 kv_head=0 worker=0 block_r=0 block_c=-1 t0_us=2285301673497 t1_us=2285301673498 dur_us=1
FIG8_ATTENTION_EVENT mode=scna-fp16 phase=measure iteration=18 component=o_store component_id=8 lut_exp=0 qo_len=16 kv_len=4096 n_heads=12 n_kv_heads=2 head_dim=128 kv_head=0 worker=0 block_r=0 block_c=-1 t0_us=2285301673499 t1_us=2285301673505 dur_us=5
FIG8_ATTENTION_EVENT mode=scna-fp16 phase=measure iteration=18 component=q_load component_id=1 lut_exp=0 qo_len=16 kv_len=4096 n_heads=12 n_kv_heads=2 head_dim=128 kv_head=1 worker=0 block_r=0 block_c=-1 t0_us=2285301673548 t1_us=2285301673553 dur_us=4
FIG8_ATTENTION_EVENT mode=scna-fp16 phase=measure iteration=18 component=k_load component_id=2 lut_exp=0 qo_len=16 kv_len=4096 n_heads=12 n_kv_heads=2 head_dim=128 kv_head=1 worker=0 block_r=0 block_c=0 t0_us=2285301673554 t1_us=2285301673773 dur_us=218
FIG8_ATTENTION_EVENT mode=scna-fp16 phase=measure iteration=18 component=qk_dot component_id=4 lut_exp=0 qo_len=16 kv_len=4096 n_heads=12 n_kv_heads=2 head_dim=128 kv_head=1 worker=0 block_r=0 block_c=0 t0_us=2285301673773 t1_us=2285301673780 dur_us=6
FIG8_ATTENTION_EVENT mode=scna-fp16 phase=measure iteration=18 component=safe_sm component_id=5 lut_exp=0 qo_len=16 kv_len=4096 n_heads=12 n_kv_heads=2 head_dim=128 kv_head=1 worker=0 block_r=0 block_c=0 t0_us=2285301673780 t1_us=2285301674308 dur_us=527
FIG8_ATTENTION_EVENT mode=scna-fp16 phase=measure iteration=18 component=v_load component_id=3 lut_exp=0 qo_len=16 kv_len=4096 n_heads=12 n_kv_heads=2 head_dim=128 kv_head=1 worker=0 block_r=0 block_c=0 t0_us=2285301674308 t1_us=2285301674491 dur_us=183
FIG8_ATTENTION_EVENT mode=scna-fp16 phase=measure iteration=18 component=core_acc component_id=6 lut_exp=0 qo_len=16 kv_len=4096 n_heads=12 n_kv_heads=2 head_dim=128 kv_head=1 worker=0 block_r=0 block_c=0 t0_us=2285301674493 t1_us=2285301674499 dur_us=6
FIG8_ATTENTION_EVENT mode=scna-fp16 phase=measure iteration=18 component=o_scale component_id=7 lut_exp=0 qo_len=16 kv_len=4096 n_heads=12 n_kv_heads=2 head_dim=128 kv_head=1 worker=0 block_r=0 block_c=-1 t0_us=2285301674500 t1_us=2285301674501 dur_us=1
FIG8_ATTENTION_EVENT mode=scna-fp16 phase=measure iteration=18 component=o_store component_id=8 lut_exp=0 qo_len=16 kv_len=4096 n_heads=12 n_kv_heads=2 head_dim=128 kv_head=1 worker=0 block_r=0 block_c=-1 t0_us=2285301674501 t1_us=2285301674507 dur_us=5
FIG8_ATTENTION_HOST_TIMING mode=scna-fp16 qo_len=16 kv_len=4096 n_heads=12 n_kv_heads=2 head_dim=128 phase=measure iteration=19 host_elapsed_us=2217 ret=0
FIG8_ATTENTION_PROFILE_COUNT mode=scna-fp16 qo_len=16 phase=measure iteration=19 records=2 max_records=10
FIG8_ATTENTION_TIMERS mode=scna-fp16 phase=measure iteration=19 lut_exp=0 nonlinear_mode=1 scna_width=16 scna_exp=425 qo_len=16 kv_len=4096 n_heads=12 n_kv_heads=2 head_dim=128 kv_head=0 worker=0 profiled_total=933 q_load=4 k_load=208 v_load=173 qk_dot=6 safe_sm=529 core_acc=7 o_scale=1 o_store=5
FIG8_ATTENTION_TIMERS mode=scna-fp16 phase=measure iteration=19 lut_exp=0 nonlinear_mode=1 scna_width=16 scna_exp=426 qo_len=16 kv_len=4096 n_heads=12 n_kv_heads=2 head_dim=128 kv_head=1 worker=0 profiled_total=951 q_load=5 k_load=219 v_load=183 qk_dot=6 safe_sm=526 core_acc=6 o_scale=1 o_store=5
FIG8_ATTENTION_EVENT_COUNT mode=scna-fp16 qo_len=16 phase=measure iteration=19 events=16 max_events=12512 overflow=0
FIG8_ATTENTION_EVENT mode=scna-fp16 phase=measure iteration=19 component=q_load component_id=1 lut_exp=0 qo_len=16 kv_len=4096 n_heads=12 n_kv_heads=2 head_dim=128 kv_head=0 worker=0 block_r=0 block_c=-1 t0_us=2285301675123 t1_us=2285301675128 dur_us=4
FIG8_ATTENTION_EVENT mode=scna-fp16 phase=measure iteration=19 component=k_load component_id=2 lut_exp=0 qo_len=16 kv_len=4096 n_heads=12 n_kv_heads=2 head_dim=128 kv_head=0 worker=0 block_r=0 block_c=0 t0_us=2285301675129 t1_us=2285301675337 dur_us=208
FIG8_ATTENTION_EVENT mode=scna-fp16 phase=measure iteration=19 component=qk_dot component_id=4 lut_exp=0 qo_len=16 kv_len=4096 n_heads=12 n_kv_heads=2 head_dim=128 kv_head=0 worker=0 block_r=0 block_c=0 t0_us=2285301675337 t1_us=2285301675344 dur_us=6
FIG8_ATTENTION_EVENT mode=scna-fp16 phase=measure iteration=19 component=safe_sm component_id=5 lut_exp=0 qo_len=16 kv_len=4096 n_heads=12 n_kv_heads=2 head_dim=128 kv_head=0 worker=0 block_r=0 block_c=0 t0_us=2285301675344 t1_us=2285301675873 dur_us=529
FIG8_ATTENTION_EVENT mode=scna-fp16 phase=measure iteration=19 component=v_load component_id=3 lut_exp=0 qo_len=16 kv_len=4096 n_heads=12 n_kv_heads=2 head_dim=128 kv_head=0 worker=0 block_r=0 block_c=0 t0_us=2285301675875 t1_us=2285301676048 dur_us=173
FIG8_ATTENTION_EVENT mode=scna-fp16 phase=measure iteration=19 component=core_acc component_id=6 lut_exp=0 qo_len=16 kv_len=4096 n_heads=12 n_kv_heads=2 head_dim=128 kv_head=0 worker=0 block_r=0 block_c=0 t0_us=2285301676048 t1_us=2285301676055 dur_us=7
FIG8_ATTENTION_EVENT mode=scna-fp16 phase=measure iteration=19 component=o_scale component_id=7 lut_exp=0 qo_len=16 kv_len=4096 n_heads=12 n_kv_heads=2 head_dim=128 kv_head=0 worker=0 block_r=0 block_c=-1 t0_us=2285301676056 t1_us=2285301676057 dur_us=1
FIG8_ATTENTION_EVENT mode=scna-fp16 phase=measure iteration=19 component=o_store component_id=8 lut_exp=0 qo_len=16 kv_len=4096 n_heads=12 n_kv_heads=2 head_dim=128 kv_head=0 worker=0 block_r=0 block_c=-1 t0_us=2285301676058 t1_us=2285301676064 dur_us=5
FIG8_ATTENTION_EVENT mode=scna-fp16 phase=measure iteration=19 component=q_load component_id=1 lut_exp=0 qo_len=16 kv_len=4096 n_heads=12 n_kv_heads=2 head_dim=128 kv_head=1 worker=0 block_r=0 block_c=-1 t0_us=2285301676108 t1_us=2285301676113 dur_us=5
FIG8_ATTENTION_EVENT mode=scna-fp16 phase=measure iteration=19 component=k_load component_id=2 lut_exp=0 qo_len=16 kv_len=4096 n_heads=12 n_kv_heads=2 head_dim=128 kv_head=1 worker=0 block_r=0 block_c=0 t0_us=2285301676114 t1_us=2285301676334 dur_us=219
FIG8_ATTENTION_EVENT mode=scna-fp16 phase=measure iteration=19 component=qk_dot component_id=4 lut_exp=0 qo_len=16 kv_len=4096 n_heads=12 n_kv_heads=2 head_dim=128 kv_head=1 worker=0 block_r=0 block_c=0 t0_us=2285301676334 t1_us=2285301676341 dur_us=6
FIG8_ATTENTION_EVENT mode=scna-fp16 phase=measure iteration=19 component=safe_sm component_id=5 lut_exp=0 qo_len=16 kv_len=4096 n_heads=12 n_kv_heads=2 head_dim=128 kv_head=1 worker=0 block_r=0 block_c=0 t0_us=2285301676341 t1_us=2285301676868 dur_us=526
FIG8_ATTENTION_EVENT mode=scna-fp16 phase=measure iteration=19 component=v_load component_id=3 lut_exp=0 qo_len=16 kv_len=4096 n_heads=12 n_kv_heads=2 head_dim=128 kv_head=1 worker=0 block_r=0 block_c=0 t0_us=2285301676868 t1_us=2285301677052 dur_us=183
FIG8_ATTENTION_EVENT mode=scna-fp16 phase=measure iteration=19 component=core_acc component_id=6 lut_exp=0 qo_len=16 kv_len=4096 n_heads=12 n_kv_heads=2 head_dim=128 kv_head=1 worker=0 block_r=0 block_c=0 t0_us=2285301677053 t1_us=2285301677059 dur_us=6
FIG8_ATTENTION_EVENT mode=scna-fp16 phase=measure iteration=19 component=o_scale component_id=7 lut_exp=0 qo_len=16 kv_len=4096 n_heads=12 n_kv_heads=2 head_dim=128 kv_head=1 worker=0 block_r=0 block_c=-1 t0_us=2285301677060 t1_us=2285301677062 dur_us=1
FIG8_ATTENTION_EVENT mode=scna-fp16 phase=measure iteration=19 component=o_store component_id=8 lut_exp=0 qo_len=16 kv_len=4096 n_heads=12 n_kv_heads=2 head_dim=128 kv_head=1 worker=0 block_r=0 block_c=-1 t0_us=2285301677062 t1_us=2285301677068 dur_us=5
