alloc_shared_mem_buf: buf=0x7e644d0000 fd=12 size=98304 flags=FASTRPC_MAP_FD
alloc_shared_mem_buf: buf=0x7bcd800000 fd=13 size=2097152 flags=FASTRPC_MAP_FD
alloc_shared_mem_buf: buf=0x7bcd600000 fd=14 size=2097152 flags=FASTRPC_MAP_FD
alloc_shared_mem_buf: buf=0x7e62de0000 fd=15 size=98304 flags=FASTRPC_MAP_FD
alloc_shared_mem_buf: buf=0x7e62dc0000 fd=16 size=131072 flags=FASTRPC_MAP_FD
alloc_shared_mem_buf: buf=0x7bcd520000 fd=17 size=902144 flags=FASTRPC_MAP_FD
alloc_shared_mem_buf: buf=0x7e64b1d000 fd=18 size=4096 flags=FASTRPC_MAP_FD
No-op channel request completed
FIG8_ATTENTION_CONFIG mode=baseline mask_mode=full qo_len=16 kv_len=4096 n_heads=12 n_kv_heads=2 head_dim=128 warmup=5 iters=20 scna_width=16 q_size=98304 kv_size=2097152 mask_size=131072 profile_size=902144 profile_max_records=10 profile_max_events=12512 mode_flags=0 print_events=1
FIG8_ATTENTION_HOST_TIMING mode=baseline qo_len=16 kv_len=4096 n_heads=12 n_kv_heads=2 head_dim=128 phase=warmup iteration=0 host_elapsed_us=1428 ret=0
FIG8_ATTENTION_PROFILE_COUNT mode=baseline qo_len=16 phase=warmup iteration=0 records=2 max_records=10
FIG8_ATTENTION_TIMERS mode=baseline phase=warmup iteration=0 lut_exp=0 nonlinear_mode=0 scna_width=0 scna_exp=0 qo_len=16 kv_len=4096 n_heads=12 n_kv_heads=2 head_dim=128 kv_head=0 worker=0 profiled_total=548 q_load=4 k_load=77 v_load=129 qk_dot=7 safe_sm=318 core_acc=5 o_scale=1 o_store=7
FIG8_ATTENTION_TIMERS mode=baseline phase=warmup iteration=0 lut_exp=0 nonlinear_mode=0 scna_width=0 scna_exp=0 qo_len=16 kv_len=4096 n_heads=12 n_kv_heads=2 head_dim=128 kv_head=1 worker=0 profiled_total=546 q_load=4 k_load=76 v_load=140 qk_dot=7 safe_sm=307 core_acc=5 o_scale=1 o_store=6
FIG8_ATTENTION_EVENT_COUNT mode=baseline qo_len=16 phase=warmup iteration=0 events=16 max_events=12512 overflow=0
FIG8_ATTENTION_EVENT mode=baseline phase=warmup iteration=0 component=q_load component_id=1 lut_exp=0 qo_len=16 kv_len=4096 n_heads=12 n_kv_heads=2 head_dim=128 kv_head=0 worker=0 block_r=0 block_c=-1 t0_us=2283925910600 t1_us=2283925910605 dur_us=4
FIG8_ATTENTION_EVENT mode=baseline phase=warmup iteration=0 component=k_load component_id=2 lut_exp=0 qo_len=16 kv_len=4096 n_heads=12 n_kv_heads=2 head_dim=128 kv_head=0 worker=0 block_r=0 block_c=0 t0_us=2283925910606 t1_us=2283925910683 dur_us=77
FIG8_ATTENTION_EVENT mode=baseline phase=warmup iteration=0 component=qk_dot component_id=4 lut_exp=0 qo_len=16 kv_len=4096 n_heads=12 n_kv_heads=2 head_dim=128 kv_head=0 worker=0 block_r=0 block_c=0 t0_us=2283925910684 t1_us=2283925910691 dur_us=7
FIG8_ATTENTION_EVENT mode=baseline phase=warmup iteration=0 component=safe_sm component_id=5 lut_exp=0 qo_len=16 kv_len=4096 n_heads=12 n_kv_heads=2 head_dim=128 kv_head=0 worker=0 block_r=0 block_c=0 t0_us=2283925910691 t1_us=2283925911010 dur_us=318
FIG8_ATTENTION_EVENT mode=baseline phase=warmup iteration=0 component=v_load component_id=3 lut_exp=0 qo_len=16 kv_len=4096 n_heads=12 n_kv_heads=2 head_dim=128 kv_head=0 worker=0 block_r=0 block_c=0 t0_us=2283925911011 t1_us=2283925911141 dur_us=129
FIG8_ATTENTION_EVENT mode=baseline phase=warmup iteration=0 component=core_acc component_id=6 lut_exp=0 qo_len=16 kv_len=4096 n_heads=12 n_kv_heads=2 head_dim=128 kv_head=0 worker=0 block_r=0 block_c=0 t0_us=2283925911142 t1_us=2283925911147 dur_us=5
FIG8_ATTENTION_EVENT mode=baseline phase=warmup iteration=0 component=o_scale component_id=7 lut_exp=0 qo_len=16 kv_len=4096 n_heads=12 n_kv_heads=2 head_dim=128 kv_head=0 worker=0 block_r=0 block_c=-1 t0_us=2283925911149 t1_us=2283925911150 dur_us=1
FIG8_ATTENTION_EVENT mode=baseline phase=warmup iteration=0 component=o_store component_id=8 lut_exp=0 qo_len=16 kv_len=4096 n_heads=12 n_kv_heads=2 head_dim=128 kv_head=0 worker=0 block_r=0 block_c=-1 t0_us=2283925911150 t1_us=2283925911158 dur_us=7
FIG8_ATTENTION_EVENT mode=baseline phase=warmup iteration=0 component=q_load component_id=1 lut_exp=0 qo_len=16 kv_len=4096 n_heads=12 n_kv_heads=2 head_dim=128 kv_head=1 worker=0 block_r=0 block_c=-1 t0_us=2283925911214 t1_us=2283925911218 dur_us=4
FIG8_ATTENTION_EVENT mode=baseline phase=warmup iteration=0 component=k_load component_id=2 lut_exp=0 qo_len=16 kv_len=4096 n_heads=12 n_kv_heads=2 head_dim=128 kv_head=1 worker=0 block_r=0 block_c=0 t0_us=2283925911220 t1_us=2283925911297 dur_us=76
FIG8_ATTENTION_EVENT mode=baseline phase=warmup iteration=0 component=qk_dot component_id=4 lut_exp=0 qo_len=16 kv_len=4096 n_heads=12 n_kv_heads=2 head_dim=128 kv_head=1 worker=0 block_r=0 block_c=0 t0_us=2283925911297 t1_us=2283925911304 dur_us=7
FIG8_ATTENTION_EVENT mode=baseline phase=warmup iteration=0 component=safe_sm component_id=5 lut_exp=0 qo_len=16 kv_len=4096 n_heads=12 n_kv_heads=2 head_dim=128 kv_head=1 worker=0 block_r=0 block_c=0 t0_us=2283925911305 t1_us=2283925911612 dur_us=307
FIG8_ATTENTION_EVENT mode=baseline phase=warmup iteration=0 component=v_load component_id=3 lut_exp=0 qo_len=16 kv_len=4096 n_heads=12 n_kv_heads=2 head_dim=128 kv_head=1 worker=0 block_r=0 block_c=0 t0_us=2283925911613 t1_us=2283925911753 dur_us=140
FIG8_ATTENTION_EVENT mode=baseline phase=warmup iteration=0 component=core_acc component_id=6 lut_exp=0 qo_len=16 kv_len=4096 n_heads=12 n_kv_heads=2 head_dim=128 kv_head=1 worker=0 block_r=0 block_c=0 t0_us=2283925911753 t1_us=2283925911759 dur_us=5
FIG8_ATTENTION_EVENT mode=baseline phase=warmup iteration=0 component=o_scale component_id=7 lut_exp=0 qo_len=16 kv_len=4096 n_heads=12 n_kv_heads=2 head_dim=128 kv_head=1 worker=0 block_r=0 block_c=-1 t0_us=2283925911759 t1_us=2283925911761 dur_us=1
FIG8_ATTENTION_EVENT mode=baseline phase=warmup iteration=0 component=o_store component_id=8 lut_exp=0 qo_len=16 kv_len=4096 n_heads=12 n_kv_heads=2 head_dim=128 kv_head=1 worker=0 block_r=0 block_c=-1 t0_us=2283925911761 t1_us=2283925911767 dur_us=6
FIG8_ATTENTION_HOST_TIMING mode=baseline qo_len=16 kv_len=4096 n_heads=12 n_kv_heads=2 head_dim=128 phase=warmup iteration=1 host_elapsed_us=1538 ret=0
FIG8_ATTENTION_PROFILE_COUNT mode=baseline qo_len=16 phase=warmup iteration=1 records=2 max_records=10
FIG8_ATTENTION_TIMERS mode=baseline phase=warmup iteration=1 lut_exp=0 nonlinear_mode=0 scna_width=0 scna_exp=0 qo_len=16 kv_len=4096 n_heads=12 n_kv_heads=2 head_dim=128 kv_head=0 worker=0 profiled_total=605 q_load=4 k_load=139 v_load=142 qk_dot=6 safe_sm=302 core_acc=5 o_scale=1 o_store=6
FIG8_ATTENTION_TIMERS mode=baseline phase=warmup iteration=1 lut_exp=0 nonlinear_mode=0 scna_width=0 scna_exp=0 qo_len=16 kv_len=4096 n_heads=12 n_kv_heads=2 head_dim=128 kv_head=1 worker=0 profiled_total=607 q_load=3 k_load=149 v_load=139 qk_dot=6 safe_sm=299 core_acc=5 o_scale=0 o_store=6
FIG8_ATTENTION_EVENT_COUNT mode=baseline qo_len=16 phase=warmup iteration=1 events=16 max_events=12512 overflow=0
FIG8_ATTENTION_EVENT mode=baseline phase=warmup iteration=1 component=q_load component_id=1 lut_exp=0 qo_len=16 kv_len=4096 n_heads=12 n_kv_heads=2 head_dim=128 kv_head=0 worker=0 block_r=0 block_c=-1 t0_us=2283925912096 t1_us=2283925912101 dur_us=4
FIG8_ATTENTION_EVENT mode=baseline phase=warmup iteration=1 component=k_load component_id=2 lut_exp=0 qo_len=16 kv_len=4096 n_heads=12 n_kv_heads=2 head_dim=128 kv_head=0 worker=0 block_r=0 block_c=0 t0_us=2283925912103 t1_us=2283925912242 dur_us=139
FIG8_ATTENTION_EVENT mode=baseline phase=warmup iteration=1 component=qk_dot component_id=4 lut_exp=0 qo_len=16 kv_len=4096 n_heads=12 n_kv_heads=2 head_dim=128 kv_head=0 worker=0 block_r=0 block_c=0 t0_us=2283925912243 t1_us=2283925912250 dur_us=6
FIG8_ATTENTION_EVENT mode=baseline phase=warmup iteration=1 component=safe_sm component_id=5 lut_exp=0 qo_len=16 kv_len=4096 n_heads=12 n_kv_heads=2 head_dim=128 kv_head=0 worker=0 block_r=0 block_c=0 t0_us=2283925912250 t1_us=2283925912552 dur_us=302
FIG8_ATTENTION_EVENT mode=baseline phase=warmup iteration=1 component=v_load component_id=3 lut_exp=0 qo_len=16 kv_len=4096 n_heads=12 n_kv_heads=2 head_dim=128 kv_head=0 worker=0 block_r=0 block_c=0 t0_us=2283925912552 t1_us=2283925912695 dur_us=142
FIG8_ATTENTION_EVENT mode=baseline phase=warmup iteration=1 component=core_acc component_id=6 lut_exp=0 qo_len=16 kv_len=4096 n_heads=12 n_kv_heads=2 head_dim=128 kv_head=0 worker=0 block_r=0 block_c=0 t0_us=2283925912695 t1_us=2283925912701 dur_us=5
FIG8_ATTENTION_EVENT mode=baseline phase=warmup iteration=1 component=o_scale component_id=7 lut_exp=0 qo_len=16 kv_len=4096 n_heads=12 n_kv_heads=2 head_dim=128 kv_head=0 worker=0 block_r=0 block_c=-1 t0_us=2283925912702 t1_us=2283925912703 dur_us=1
FIG8_ATTENTION_EVENT mode=baseline phase=warmup iteration=1 component=o_store component_id=8 lut_exp=0 qo_len=16 kv_len=4096 n_heads=12 n_kv_heads=2 head_dim=128 kv_head=0 worker=0 block_r=0 block_c=-1 t0_us=2283925912703 t1_us=2283925912709 dur_us=6
FIG8_ATTENTION_EVENT mode=baseline phase=warmup iteration=1 component=q_load component_id=1 lut_exp=0 qo_len=16 kv_len=4096 n_heads=12 n_kv_heads=2 head_dim=128 kv_head=1 worker=0 block_r=0 block_c=-1 t0_us=2283925912751 t1_us=2283925912755 dur_us=3
FIG8_ATTENTION_EVENT mode=baseline phase=warmup iteration=1 component=k_load component_id=2 lut_exp=0 qo_len=16 kv_len=4096 n_heads=12 n_kv_heads=2 head_dim=128 kv_head=1 worker=0 block_r=0 block_c=0 t0_us=2283925912757 t1_us=2283925912907 dur_us=149
FIG8_ATTENTION_EVENT mode=baseline phase=warmup iteration=1 component=qk_dot component_id=4 lut_exp=0 qo_len=16 kv_len=4096 n_heads=12 n_kv_heads=2 head_dim=128 kv_head=1 worker=0 block_r=0 block_c=0 t0_us=2283925912907 t1_us=2283925912913 dur_us=6
FIG8_ATTENTION_EVENT mode=baseline phase=warmup iteration=1 component=safe_sm component_id=5 lut_exp=0 qo_len=16 kv_len=4096 n_heads=12 n_kv_heads=2 head_dim=128 kv_head=1 worker=0 block_r=0 block_c=0 t0_us=2283925912914 t1_us=2283925913213 dur_us=299
FIG8_ATTENTION_EVENT mode=baseline phase=warmup iteration=1 component=v_load component_id=3 lut_exp=0 qo_len=16 kv_len=4096 n_heads=12 n_kv_heads=2 head_dim=128 kv_head=1 worker=0 block_r=0 block_c=0 t0_us=2283925913214 t1_us=2283925913354 dur_us=139
FIG8_ATTENTION_EVENT mode=baseline phase=warmup iteration=1 component=core_acc component_id=6 lut_exp=0 qo_len=16 kv_len=4096 n_heads=12 n_kv_heads=2 head_dim=128 kv_head=1 worker=0 block_r=0 block_c=0 t0_us=2283925913355 t1_us=2283925913360 dur_us=5
FIG8_ATTENTION_EVENT mode=baseline phase=warmup iteration=1 component=o_scale component_id=7 lut_exp=0 qo_len=16 kv_len=4096 n_heads=12 n_kv_heads=2 head_dim=128 kv_head=1 worker=0 block_r=0 block_c=-1 t0_us=2283925913361 t1_us=2283925913362 dur_us=0
FIG8_ATTENTION_EVENT mode=baseline phase=warmup iteration=1 component=o_store component_id=8 lut_exp=0 qo_len=16 kv_len=4096 n_heads=12 n_kv_heads=2 head_dim=128 kv_head=1 worker=0 block_r=0 block_c=-1 t0_us=2283925913362 t1_us=2283925913369 dur_us=6
FIG8_ATTENTION_HOST_TIMING mode=baseline qo_len=16 kv_len=4096 n_heads=12 n_kv_heads=2 head_dim=128 phase=warmup iteration=2 host_elapsed_us=1533 ret=0
FIG8_ATTENTION_PROFILE_COUNT mode=baseline qo_len=16 phase=warmup iteration=2 records=2 max_records=10
FIG8_ATTENTION_TIMERS mode=baseline phase=warmup iteration=2 lut_exp=0 nonlinear_mode=0 scna_width=0 scna_exp=0 qo_len=16 kv_len=4096 n_heads=12 n_kv_heads=2 head_dim=128 kv_head=0 worker=0 profiled_total=599 q_load=5 k_load=146 v_load=127 qk_dot=6 safe_sm=303 core_acc=5 o_scale=1 o_store=6
FIG8_ATTENTION_TIMERS mode=baseline phase=warmup iteration=2 lut_exp=0 nonlinear_mode=0 scna_width=0 scna_exp=0 qo_len=16 kv_len=4096 n_heads=12 n_kv_heads=2 head_dim=128 kv_head=1 worker=0 profiled_total=615 q_load=4 k_load=157 v_load=139 qk_dot=6 safe_sm=298 core_acc=5 o_scale=0 o_store=6
FIG8_ATTENTION_EVENT_COUNT mode=baseline qo_len=16 phase=warmup iteration=2 events=16 max_events=12512 overflow=0
FIG8_ATTENTION_EVENT mode=baseline phase=warmup iteration=2 component=q_load component_id=1 lut_exp=0 qo_len=16 kv_len=4096 n_heads=12 n_kv_heads=2 head_dim=128 kv_head=0 worker=0 block_r=0 block_c=-1 t0_us=2283925913690 t1_us=2283925913696 dur_us=5
FIG8_ATTENTION_EVENT mode=baseline phase=warmup iteration=2 component=k_load component_id=2 lut_exp=0 qo_len=16 kv_len=4096 n_heads=12 n_kv_heads=2 head_dim=128 kv_head=0 worker=0 block_r=0 block_c=0 t0_us=2283925913697 t1_us=2283925913843 dur_us=146
FIG8_ATTENTION_EVENT mode=baseline phase=warmup iteration=2 component=qk_dot component_id=4 lut_exp=0 qo_len=16 kv_len=4096 n_heads=12 n_kv_heads=2 head_dim=128 kv_head=0 worker=0 block_r=0 block_c=0 t0_us=2283925913844 t1_us=2283925913850 dur_us=6
FIG8_ATTENTION_EVENT mode=baseline phase=warmup iteration=2 component=safe_sm component_id=5 lut_exp=0 qo_len=16 kv_len=4096 n_heads=12 n_kv_heads=2 head_dim=128 kv_head=0 worker=0 block_r=0 block_c=0 t0_us=2283925913850 t1_us=2283925914154 dur_us=303
FIG8_ATTENTION_EVENT mode=baseline phase=warmup iteration=2 component=v_load component_id=3 lut_exp=0 qo_len=16 kv_len=4096 n_heads=12 n_kv_heads=2 head_dim=128 kv_head=0 worker=0 block_r=0 block_c=0 t0_us=2283925914154 t1_us=2283925914281 dur_us=127
FIG8_ATTENTION_EVENT mode=baseline phase=warmup iteration=2 component=core_acc component_id=6 lut_exp=0 qo_len=16 kv_len=4096 n_heads=12 n_kv_heads=2 head_dim=128 kv_head=0 worker=0 block_r=0 block_c=0 t0_us=2283925914282 t1_us=2283925914288 dur_us=5
FIG8_ATTENTION_EVENT mode=baseline phase=warmup iteration=2 component=o_scale component_id=7 lut_exp=0 qo_len=16 kv_len=4096 n_heads=12 n_kv_heads=2 head_dim=128 kv_head=0 worker=0 block_r=0 block_c=-1 t0_us=2283925914288 t1_us=2283925914290 dur_us=1
FIG8_ATTENTION_EVENT mode=baseline phase=warmup iteration=2 component=o_store component_id=8 lut_exp=0 qo_len=16 kv_len=4096 n_heads=12 n_kv_heads=2 head_dim=128 kv_head=0 worker=0 block_r=0 block_c=-1 t0_us=2283925914290 t1_us=2283925914296 dur_us=6
FIG8_ATTENTION_EVENT mode=baseline phase=warmup iteration=2 component=q_load component_id=1 lut_exp=0 qo_len=16 kv_len=4096 n_heads=12 n_kv_heads=2 head_dim=128 kv_head=1 worker=0 block_r=0 block_c=-1 t0_us=2283925914339 t1_us=2283925914343 dur_us=4
FIG8_ATTENTION_EVENT mode=baseline phase=warmup iteration=2 component=k_load component_id=2 lut_exp=0 qo_len=16 kv_len=4096 n_heads=12 n_kv_heads=2 head_dim=128 kv_head=1 worker=0 block_r=0 block_c=0 t0_us=2283925914345 t1_us=2283925914503 dur_us=157
FIG8_ATTENTION_EVENT mode=baseline phase=warmup iteration=2 component=qk_dot component_id=4 lut_exp=0 qo_len=16 kv_len=4096 n_heads=12 n_kv_heads=2 head_dim=128 kv_head=1 worker=0 block_r=0 block_c=0 t0_us=2283925914503 t1_us=2283925914510 dur_us=6
FIG8_ATTENTION_EVENT mode=baseline phase=warmup iteration=2 component=safe_sm component_id=5 lut_exp=0 qo_len=16 kv_len=4096 n_heads=12 n_kv_heads=2 head_dim=128 kv_head=1 worker=0 block_r=0 block_c=0 t0_us=2283925914510 t1_us=2283925914809 dur_us=298
FIG8_ATTENTION_EVENT mode=baseline phase=warmup iteration=2 component=v_load component_id=3 lut_exp=0 qo_len=16 kv_len=4096 n_heads=12 n_kv_heads=2 head_dim=128 kv_head=1 worker=0 block_r=0 block_c=0 t0_us=2283925914810 t1_us=2283925914950 dur_us=139
FIG8_ATTENTION_EVENT mode=baseline phase=warmup iteration=2 component=core_acc component_id=6 lut_exp=0 qo_len=16 kv_len=4096 n_heads=12 n_kv_heads=2 head_dim=128 kv_head=1 worker=0 block_r=0 block_c=0 t0_us=2283925914950 t1_us=2283925914956 dur_us=5
FIG8_ATTENTION_EVENT mode=baseline phase=warmup iteration=2 component=o_scale component_id=7 lut_exp=0 qo_len=16 kv_len=4096 n_heads=12 n_kv_heads=2 head_dim=128 kv_head=1 worker=0 block_r=0 block_c=-1 t0_us=2283925914957 t1_us=2283925914958 dur_us=0
FIG8_ATTENTION_EVENT mode=baseline phase=warmup iteration=2 component=o_store component_id=8 lut_exp=0 qo_len=16 kv_len=4096 n_heads=12 n_kv_heads=2 head_dim=128 kv_head=1 worker=0 block_r=0 block_c=-1 t0_us=2283925914958 t1_us=2283925914965 dur_us=6
FIG8_ATTENTION_HOST_TIMING mode=baseline qo_len=16 kv_len=4096 n_heads=12 n_kv_heads=2 head_dim=128 phase=warmup iteration=3 host_elapsed_us=1544 ret=0
FIG8_ATTENTION_PROFILE_COUNT mode=baseline qo_len=16 phase=warmup iteration=3 records=2 max_records=10
FIG8_ATTENTION_TIMERS mode=baseline phase=warmup iteration=3 lut_exp=0 nonlinear_mode=0 scna_width=0 scna_exp=0 qo_len=16 kv_len=4096 n_heads=12 n_kv_heads=2 head_dim=128 kv_head=0 worker=0 profiled_total=614 q_load=5 k_load=148 v_load=140 qk_dot=6 safe_sm=303 core_acc=5 o_scale=1 o_store=6
FIG8_ATTENTION_TIMERS mode=baseline phase=warmup iteration=3 lut_exp=0 nonlinear_mode=0 scna_width=0 scna_exp=0 qo_len=16 kv_len=4096 n_heads=12 n_kv_heads=2 head_dim=128 kv_head=1 worker=0 profiled_total=614 q_load=4 k_load=153 v_load=141 qk_dot=7 safe_sm=297 core_acc=5 o_scale=1 o_store=6
FIG8_ATTENTION_EVENT_COUNT mode=baseline qo_len=16 phase=warmup iteration=3 events=16 max_events=12512 overflow=0
FIG8_ATTENTION_EVENT mode=baseline phase=warmup iteration=3 component=q_load component_id=1 lut_exp=0 qo_len=16 kv_len=4096 n_heads=12 n_kv_heads=2 head_dim=128 kv_head=0 worker=0 block_r=0 block_c=-1 t0_us=2283925915288 t1_us=2283925915293 dur_us=5
FIG8_ATTENTION_EVENT mode=baseline phase=warmup iteration=3 component=k_load component_id=2 lut_exp=0 qo_len=16 kv_len=4096 n_heads=12 n_kv_heads=2 head_dim=128 kv_head=0 worker=0 block_r=0 block_c=0 t0_us=2283925915295 t1_us=2283925915443 dur_us=148
FIG8_ATTENTION_EVENT mode=baseline phase=warmup iteration=3 component=qk_dot component_id=4 lut_exp=0 qo_len=16 kv_len=4096 n_heads=12 n_kv_heads=2 head_dim=128 kv_head=0 worker=0 block_r=0 block_c=0 t0_us=2283925915444 t1_us=2283925915450 dur_us=6
FIG8_ATTENTION_EVENT mode=baseline phase=warmup iteration=3 component=safe_sm component_id=5 lut_exp=0 qo_len=16 kv_len=4096 n_heads=12 n_kv_heads=2 head_dim=128 kv_head=0 worker=0 block_r=0 block_c=0 t0_us=2283925915450 t1_us=2283925915754 dur_us=303
FIG8_ATTENTION_EVENT mode=baseline phase=warmup iteration=3 component=v_load component_id=3 lut_exp=0 qo_len=16 kv_len=4096 n_heads=12 n_kv_heads=2 head_dim=128 kv_head=0 worker=0 block_r=0 block_c=0 t0_us=2283925915754 t1_us=2283925915894 dur_us=140
FIG8_ATTENTION_EVENT mode=baseline phase=warmup iteration=3 component=core_acc component_id=6 lut_exp=0 qo_len=16 kv_len=4096 n_heads=12 n_kv_heads=2 head_dim=128 kv_head=0 worker=0 block_r=0 block_c=0 t0_us=2283925915895 t1_us=2283925915901 dur_us=5
FIG8_ATTENTION_EVENT mode=baseline phase=warmup iteration=3 component=o_scale component_id=7 lut_exp=0 qo_len=16 kv_len=4096 n_heads=12 n_kv_heads=2 head_dim=128 kv_head=0 worker=0 block_r=0 block_c=-1 t0_us=2283925915901 t1_us=2283925915903 dur_us=1
FIG8_ATTENTION_EVENT mode=baseline phase=warmup iteration=3 component=o_store component_id=8 lut_exp=0 qo_len=16 kv_len=4096 n_heads=12 n_kv_heads=2 head_dim=128 kv_head=0 worker=0 block_r=0 block_c=-1 t0_us=2283925915903 t1_us=2283925915910 dur_us=6
FIG8_ATTENTION_EVENT mode=baseline phase=warmup iteration=3 component=q_load component_id=1 lut_exp=0 qo_len=16 kv_len=4096 n_heads=12 n_kv_heads=2 head_dim=128 kv_head=1 worker=0 block_r=0 block_c=-1 t0_us=2283925915951 t1_us=2283925915956 dur_us=4
FIG8_ATTENTION_EVENT mode=baseline phase=warmup iteration=3 component=k_load component_id=2 lut_exp=0 qo_len=16 kv_len=4096 n_heads=12 n_kv_heads=2 head_dim=128 kv_head=1 worker=0 block_r=0 block_c=0 t0_us=2283925915957 t1_us=2283925916111 dur_us=153
FIG8_ATTENTION_EVENT mode=baseline phase=warmup iteration=3 component=qk_dot component_id=4 lut_exp=0 qo_len=16 kv_len=4096 n_heads=12 n_kv_heads=2 head_dim=128 kv_head=1 worker=0 block_r=0 block_c=0 t0_us=2283925916111 t1_us=2283925916118 dur_us=7
FIG8_ATTENTION_EVENT mode=baseline phase=warmup iteration=3 component=safe_sm component_id=5 lut_exp=0 qo_len=16 kv_len=4096 n_heads=12 n_kv_heads=2 head_dim=128 kv_head=1 worker=0 block_r=0 block_c=0 t0_us=2283925916119 t1_us=2283925916416 dur_us=297
FIG8_ATTENTION_EVENT mode=baseline phase=warmup iteration=3 component=v_load component_id=3 lut_exp=0 qo_len=16 kv_len=4096 n_heads=12 n_kv_heads=2 head_dim=128 kv_head=1 worker=0 block_r=0 block_c=0 t0_us=2283925916417 t1_us=2283925916559 dur_us=141
FIG8_ATTENTION_EVENT mode=baseline phase=warmup iteration=3 component=core_acc component_id=6 lut_exp=0 qo_len=16 kv_len=4096 n_heads=12 n_kv_heads=2 head_dim=128 kv_head=1 worker=0 block_r=0 block_c=0 t0_us=2283925916559 t1_us=2283925916565 dur_us=5
FIG8_ATTENTION_EVENT mode=baseline phase=warmup iteration=3 component=o_scale component_id=7 lut_exp=0 qo_len=16 kv_len=4096 n_heads=12 n_kv_heads=2 head_dim=128 kv_head=1 worker=0 block_r=0 block_c=-1 t0_us=2283925916566 t1_us=2283925916567 dur_us=1
FIG8_ATTENTION_EVENT mode=baseline phase=warmup iteration=3 component=o_store component_id=8 lut_exp=0 qo_len=16 kv_len=4096 n_heads=12 n_kv_heads=2 head_dim=128 kv_head=1 worker=0 block_r=0 block_c=-1 t0_us=2283925916567 t1_us=2283925916574 dur_us=6
FIG8_ATTENTION_HOST_TIMING mode=baseline qo_len=16 kv_len=4096 n_heads=12 n_kv_heads=2 head_dim=128 phase=warmup iteration=4 host_elapsed_us=1547 ret=0
FIG8_ATTENTION_PROFILE_COUNT mode=baseline qo_len=16 phase=warmup iteration=4 records=2 max_records=10
FIG8_ATTENTION_TIMERS mode=baseline phase=warmup iteration=4 lut_exp=0 nonlinear_mode=0 scna_width=0 scna_exp=0 qo_len=16 kv_len=4096 n_heads=12 n_kv_heads=2 head_dim=128 kv_head=0 worker=0 profiled_total=606 q_load=4 k_load=144 v_load=138 qk_dot=6 safe_sm=302 core_acc=5 o_scale=1 o_store=6
FIG8_ATTENTION_TIMERS mode=baseline phase=warmup iteration=4 lut_exp=0 nonlinear_mode=0 scna_width=0 scna_exp=0 qo_len=16 kv_len=4096 n_heads=12 n_kv_heads=2 head_dim=128 kv_head=1 worker=0 profiled_total=612 q_load=4 k_load=154 v_load=139 qk_dot=7 safe_sm=296 core_acc=6 o_scale=0 o_store=6
FIG8_ATTENTION_EVENT_COUNT mode=baseline qo_len=16 phase=warmup iteration=4 events=16 max_events=12512 overflow=0
FIG8_ATTENTION_EVENT mode=baseline phase=warmup iteration=4 component=q_load component_id=1 lut_exp=0 qo_len=16 kv_len=4096 n_heads=12 n_kv_heads=2 head_dim=128 kv_head=0 worker=0 block_r=0 block_c=-1 t0_us=2283925916892 t1_us=2283925916897 dur_us=4
FIG8_ATTENTION_EVENT mode=baseline phase=warmup iteration=4 component=k_load component_id=2 lut_exp=0 qo_len=16 kv_len=4096 n_heads=12 n_kv_heads=2 head_dim=128 kv_head=0 worker=0 block_r=0 block_c=0 t0_us=2283925916898 t1_us=2283925917043 dur_us=144
FIG8_ATTENTION_EVENT mode=baseline phase=warmup iteration=4 component=qk_dot component_id=4 lut_exp=0 qo_len=16 kv_len=4096 n_heads=12 n_kv_heads=2 head_dim=128 kv_head=0 worker=0 block_r=0 block_c=0 t0_us=2283925917043 t1_us=2283925917050 dur_us=6
FIG8_ATTENTION_EVENT mode=baseline phase=warmup iteration=4 component=safe_sm component_id=5 lut_exp=0 qo_len=16 kv_len=4096 n_heads=12 n_kv_heads=2 head_dim=128 kv_head=0 worker=0 block_r=0 block_c=0 t0_us=2283925917050 t1_us=2283925917352 dur_us=302
FIG8_ATTENTION_EVENT mode=baseline phase=warmup iteration=4 component=v_load component_id=3 lut_exp=0 qo_len=16 kv_len=4096 n_heads=12 n_kv_heads=2 head_dim=128 kv_head=0 worker=0 block_r=0 block_c=0 t0_us=2283925917353 t1_us=2283925917491 dur_us=138
FIG8_ATTENTION_EVENT mode=baseline phase=warmup iteration=4 component=core_acc component_id=6 lut_exp=0 qo_len=16 kv_len=4096 n_heads=12 n_kv_heads=2 head_dim=128 kv_head=0 worker=0 block_r=0 block_c=0 t0_us=2283925917492 t1_us=2283925917498 dur_us=5
FIG8_ATTENTION_EVENT mode=baseline phase=warmup iteration=4 component=o_scale component_id=7 lut_exp=0 qo_len=16 kv_len=4096 n_heads=12 n_kv_heads=2 head_dim=128 kv_head=0 worker=0 block_r=0 block_c=-1 t0_us=2283925917498 t1_us=2283925917500 dur_us=1
FIG8_ATTENTION_EVENT mode=baseline phase=warmup iteration=4 component=o_store component_id=8 lut_exp=0 qo_len=16 kv_len=4096 n_heads=12 n_kv_heads=2 head_dim=128 kv_head=0 worker=0 block_r=0 block_c=-1 t0_us=2283925917500 t1_us=2283925917506 dur_us=6
FIG8_ATTENTION_EVENT mode=baseline phase=warmup iteration=4 component=q_load component_id=1 lut_exp=0 qo_len=16 kv_len=4096 n_heads=12 n_kv_heads=2 head_dim=128 kv_head=1 worker=0 block_r=0 block_c=-1 t0_us=2283925917549 t1_us=2283925917553 dur_us=4
FIG8_ATTENTION_EVENT mode=baseline phase=warmup iteration=4 component=k_load component_id=2 lut_exp=0 qo_len=16 kv_len=4096 n_heads=12 n_kv_heads=2 head_dim=128 kv_head=1 worker=0 block_r=0 block_c=0 t0_us=2283925917555 t1_us=2283925917710 dur_us=154
FIG8_ATTENTION_EVENT mode=baseline phase=warmup iteration=4 component=qk_dot component_id=4 lut_exp=0 qo_len=16 kv_len=4096 n_heads=12 n_kv_heads=2 head_dim=128 kv_head=1 worker=0 block_r=0 block_c=0 t0_us=2283925917710 t1_us=2283925917718 dur_us=7
FIG8_ATTENTION_EVENT mode=baseline phase=warmup iteration=4 component=safe_sm component_id=5 lut_exp=0 qo_len=16 kv_len=4096 n_heads=12 n_kv_heads=2 head_dim=128 kv_head=1 worker=0 block_r=0 block_c=0 t0_us=2283925917718 t1_us=2283925918014 dur_us=296
FIG8_ATTENTION_EVENT mode=baseline phase=warmup iteration=4 component=v_load component_id=3 lut_exp=0 qo_len=16 kv_len=4096 n_heads=12 n_kv_heads=2 head_dim=128 kv_head=1 worker=0 block_r=0 block_c=0 t0_us=2283925918015 t1_us=2283925918154 dur_us=139
FIG8_ATTENTION_EVENT mode=baseline phase=warmup iteration=4 component=core_acc component_id=6 lut_exp=0 qo_len=16 kv_len=4096 n_heads=12 n_kv_heads=2 head_dim=128 kv_head=1 worker=0 block_r=0 block_c=0 t0_us=2283925918155 t1_us=2283925918161 dur_us=6
FIG8_ATTENTION_EVENT mode=baseline phase=warmup iteration=4 component=o_scale component_id=7 lut_exp=0 qo_len=16 kv_len=4096 n_heads=12 n_kv_heads=2 head_dim=128 kv_head=1 worker=0 block_r=0 block_c=-1 t0_us=2283925918162 t1_us=2283925918163 dur_us=0
FIG8_ATTENTION_EVENT mode=baseline phase=warmup iteration=4 component=o_store component_id=8 lut_exp=0 qo_len=16 kv_len=4096 n_heads=12 n_kv_heads=2 head_dim=128 kv_head=1 worker=0 block_r=0 block_c=-1 t0_us=2283925918163 t1_us=2283925918170 dur_us=6
FIG8_ATTENTION_HOST_TIMING mode=baseline qo_len=16 kv_len=4096 n_heads=12 n_kv_heads=2 head_dim=128 phase=measure iteration=0 host_elapsed_us=1551 ret=0
FIG8_ATTENTION_PROFILE_COUNT mode=baseline qo_len=16 phase=measure iteration=0 records=2 max_records=10
FIG8_ATTENTION_TIMERS mode=baseline phase=measure iteration=0 lut_exp=0 nonlinear_mode=0 scna_width=0 scna_exp=0 qo_len=16 kv_len=4096 n_heads=12 n_kv_heads=2 head_dim=128 kv_head=0 worker=0 profiled_total=600 q_load=4 k_load=148 v_load=128 qk_dot=6 safe_sm=303 core_acc=5 o_scale=1 o_store=5
FIG8_ATTENTION_TIMERS mode=baseline phase=measure iteration=0 lut_exp=0 nonlinear_mode=0 scna_width=0 scna_exp=0 qo_len=16 kv_len=4096 n_heads=12 n_kv_heads=2 head_dim=128 kv_head=1 worker=0 profiled_total=611 q_load=4 k_load=154 v_load=139 qk_dot=6 safe_sm=297 core_acc=5 o_scale=0 o_store=6
FIG8_ATTENTION_EVENT_COUNT mode=baseline qo_len=16 phase=measure iteration=0 events=16 max_events=12512 overflow=0
FIG8_ATTENTION_EVENT mode=baseline phase=measure iteration=0 component=q_load component_id=1 lut_exp=0 qo_len=16 kv_len=4096 n_heads=12 n_kv_heads=2 head_dim=128 kv_head=0 worker=0 block_r=0 block_c=-1 t0_us=2283925918496 t1_us=2283925918500 dur_us=4
FIG8_ATTENTION_EVENT mode=baseline phase=measure iteration=0 component=k_load component_id=2 lut_exp=0 qo_len=16 kv_len=4096 n_heads=12 n_kv_heads=2 head_dim=128 kv_head=0 worker=0 block_r=0 block_c=0 t0_us=2283925918502 t1_us=2283925918651 dur_us=148
FIG8_ATTENTION_EVENT mode=baseline phase=measure iteration=0 component=qk_dot component_id=4 lut_exp=0 qo_len=16 kv_len=4096 n_heads=12 n_kv_heads=2 head_dim=128 kv_head=0 worker=0 block_r=0 block_c=0 t0_us=2283925918651 t1_us=2283925918658 dur_us=6
FIG8_ATTENTION_EVENT mode=baseline phase=measure iteration=0 component=safe_sm component_id=5 lut_exp=0 qo_len=16 kv_len=4096 n_heads=12 n_kv_heads=2 head_dim=128 kv_head=0 worker=0 block_r=0 block_c=0 t0_us=2283925918658 t1_us=2283925918961 dur_us=303
FIG8_ATTENTION_EVENT mode=baseline phase=measure iteration=0 component=v_load component_id=3 lut_exp=0 qo_len=16 kv_len=4096 n_heads=12 n_kv_heads=2 head_dim=128 kv_head=0 worker=0 block_r=0 block_c=0 t0_us=2283925918963 t1_us=2283925919091 dur_us=128
FIG8_ATTENTION_EVENT mode=baseline phase=measure iteration=0 component=core_acc component_id=6 lut_exp=0 qo_len=16 kv_len=4096 n_heads=12 n_kv_heads=2 head_dim=128 kv_head=0 worker=0 block_r=0 block_c=0 t0_us=2283925919092 t1_us=2283925919097 dur_us=5
FIG8_ATTENTION_EVENT mode=baseline phase=measure iteration=0 component=o_scale component_id=7 lut_exp=0 qo_len=16 kv_len=4096 n_heads=12 n_kv_heads=2 head_dim=128 kv_head=0 worker=0 block_r=0 block_c=-1 t0_us=2283925919097 t1_us=2283925919099 dur_us=1
FIG8_ATTENTION_EVENT mode=baseline phase=measure iteration=0 component=o_store component_id=8 lut_exp=0 qo_len=16 kv_len=4096 n_heads=12 n_kv_heads=2 head_dim=128 kv_head=0 worker=0 block_r=0 block_c=-1 t0_us=2283925919099 t1_us=2283925919105 dur_us=5
FIG8_ATTENTION_EVENT mode=baseline phase=measure iteration=0 component=q_load component_id=1 lut_exp=0 qo_len=16 kv_len=4096 n_heads=12 n_kv_heads=2 head_dim=128 kv_head=1 worker=0 block_r=0 block_c=-1 t0_us=2283925919148 t1_us=2283925919152 dur_us=4
FIG8_ATTENTION_EVENT mode=baseline phase=measure iteration=0 component=k_load component_id=2 lut_exp=0 qo_len=16 kv_len=4096 n_heads=12 n_kv_heads=2 head_dim=128 kv_head=1 worker=0 block_r=0 block_c=0 t0_us=2283925919154 t1_us=2283925919309 dur_us=154
FIG8_ATTENTION_EVENT mode=baseline phase=measure iteration=0 component=qk_dot component_id=4 lut_exp=0 qo_len=16 kv_len=4096 n_heads=12 n_kv_heads=2 head_dim=128 kv_head=1 worker=0 block_r=0 block_c=0 t0_us=2283925919309 t1_us=2283925919316 dur_us=6
FIG8_ATTENTION_EVENT mode=baseline phase=measure iteration=0 component=safe_sm component_id=5 lut_exp=0 qo_len=16 kv_len=4096 n_heads=12 n_kv_heads=2 head_dim=128 kv_head=1 worker=0 block_r=0 block_c=0 t0_us=2283925919316 t1_us=2283925919614 dur_us=297
FIG8_ATTENTION_EVENT mode=baseline phase=measure iteration=0 component=v_load component_id=3 lut_exp=0 qo_len=16 kv_len=4096 n_heads=12 n_kv_heads=2 head_dim=128 kv_head=1 worker=0 block_r=0 block_c=0 t0_us=2283925919615 t1_us=2283925919754 dur_us=139
FIG8_ATTENTION_EVENT mode=baseline phase=measure iteration=0 component=core_acc component_id=6 lut_exp=0 qo_len=16 kv_len=4096 n_heads=12 n_kv_heads=2 head_dim=128 kv_head=1 worker=0 block_r=0 block_c=0 t0_us=2283925919755 t1_us=2283925919761 dur_us=5
FIG8_ATTENTION_EVENT mode=baseline phase=measure iteration=0 component=o_scale component_id=7 lut_exp=0 qo_len=16 kv_len=4096 n_heads=12 n_kv_heads=2 head_dim=128 kv_head=1 worker=0 block_r=0 block_c=-1 t0_us=2283925919762 t1_us=2283925919763 dur_us=0
FIG8_ATTENTION_EVENT mode=baseline phase=measure iteration=0 component=o_store component_id=8 lut_exp=0 qo_len=16 kv_len=4096 n_heads=12 n_kv_heads=2 head_dim=128 kv_head=1 worker=0 block_r=0 block_c=-1 t0_us=2283925919763 t1_us=2283925919769 dur_us=6
FIG8_ATTENTION_HOST_TIMING mode=baseline qo_len=16 kv_len=4096 n_heads=12 n_kv_heads=2 head_dim=128 phase=measure iteration=1 host_elapsed_us=1543 ret=0
FIG8_ATTENTION_PROFILE_COUNT mode=baseline qo_len=16 phase=measure iteration=1 records=2 max_records=10
FIG8_ATTENTION_TIMERS mode=baseline phase=measure iteration=1 lut_exp=0 nonlinear_mode=0 scna_width=0 scna_exp=0 qo_len=16 kv_len=4096 n_heads=12 n_kv_heads=2 head_dim=128 kv_head=0 worker=0 profiled_total=602 q_load=4 k_load=147 v_load=129 qk_dot=6 safe_sm=304 core_acc=5 o_scale=1 o_store=6
FIG8_ATTENTION_TIMERS mode=baseline phase=measure iteration=1 lut_exp=0 nonlinear_mode=0 scna_width=0 scna_exp=0 qo_len=16 kv_len=4096 n_heads=12 n_kv_heads=2 head_dim=128 kv_head=1 worker=0 profiled_total=616 q_load=4 k_load=155 v_load=140 qk_dot=7 safe_sm=298 core_acc=5 o_scale=1 o_store=6
FIG8_ATTENTION_EVENT_COUNT mode=baseline qo_len=16 phase=measure iteration=1 events=16 max_events=12512 overflow=0
FIG8_ATTENTION_EVENT mode=baseline phase=measure iteration=1 component=q_load component_id=1 lut_exp=0 qo_len=16 kv_len=4096 n_heads=12 n_kv_heads=2 head_dim=128 kv_head=0 worker=0 block_r=0 block_c=-1 t0_us=2283925920105 t1_us=2283925920110 dur_us=4
FIG8_ATTENTION_EVENT mode=baseline phase=measure iteration=1 component=k_load component_id=2 lut_exp=0 qo_len=16 kv_len=4096 n_heads=12 n_kv_heads=2 head_dim=128 kv_head=0 worker=0 block_r=0 block_c=0 t0_us=2283925920112 t1_us=2283925920259 dur_us=147
FIG8_ATTENTION_EVENT mode=baseline phase=measure iteration=1 component=qk_dot component_id=4 lut_exp=0 qo_len=16 kv_len=4096 n_heads=12 n_kv_heads=2 head_dim=128 kv_head=0 worker=0 block_r=0 block_c=0 t0_us=2283925920260 t1_us=2283925920266 dur_us=6
FIG8_ATTENTION_EVENT mode=baseline phase=measure iteration=1 component=safe_sm component_id=5 lut_exp=0 qo_len=16 kv_len=4096 n_heads=12 n_kv_heads=2 head_dim=128 kv_head=0 worker=0 block_r=0 block_c=0 t0_us=2283925920266 t1_us=2283925920570 dur_us=304
FIG8_ATTENTION_EVENT mode=baseline phase=measure iteration=1 component=v_load component_id=3 lut_exp=0 qo_len=16 kv_len=4096 n_heads=12 n_kv_heads=2 head_dim=128 kv_head=0 worker=0 block_r=0 block_c=0 t0_us=2283925920571 t1_us=2283925920701 dur_us=129
FIG8_ATTENTION_EVENT mode=baseline phase=measure iteration=1 component=core_acc component_id=6 lut_exp=0 qo_len=16 kv_len=4096 n_heads=12 n_kv_heads=2 head_dim=128 kv_head=0 worker=0 block_r=0 block_c=0 t0_us=2283925920701 t1_us=2283925920707 dur_us=5
FIG8_ATTENTION_EVENT mode=baseline phase=measure iteration=1 component=o_scale component_id=7 lut_exp=0 qo_len=16 kv_len=4096 n_heads=12 n_kv_heads=2 head_dim=128 kv_head=0 worker=0 block_r=0 block_c=-1 t0_us=2283925920707 t1_us=2283925920709 dur_us=1
FIG8_ATTENTION_EVENT mode=baseline phase=measure iteration=1 component=o_store component_id=8 lut_exp=0 qo_len=16 kv_len=4096 n_heads=12 n_kv_heads=2 head_dim=128 kv_head=0 worker=0 block_r=0 block_c=-1 t0_us=2283925920709 t1_us=2283925920715 dur_us=6
FIG8_ATTENTION_EVENT mode=baseline phase=measure iteration=1 component=q_load component_id=1 lut_exp=0 qo_len=16 kv_len=4096 n_heads=12 n_kv_heads=2 head_dim=128 kv_head=1 worker=0 block_r=0 block_c=-1 t0_us=2283925920758 t1_us=2283925920762 dur_us=4
FIG8_ATTENTION_EVENT mode=baseline phase=measure iteration=1 component=k_load component_id=2 lut_exp=0 qo_len=16 kv_len=4096 n_heads=12 n_kv_heads=2 head_dim=128 kv_head=1 worker=0 block_r=0 block_c=0 t0_us=2283925920765 t1_us=2283925920920 dur_us=155
FIG8_ATTENTION_EVENT mode=baseline phase=measure iteration=1 component=qk_dot component_id=4 lut_exp=0 qo_len=16 kv_len=4096 n_heads=12 n_kv_heads=2 head_dim=128 kv_head=1 worker=0 block_r=0 block_c=0 t0_us=2283925920921 t1_us=2283925920928 dur_us=7
FIG8_ATTENTION_EVENT mode=baseline phase=measure iteration=1 component=safe_sm component_id=5 lut_exp=0 qo_len=16 kv_len=4096 n_heads=12 n_kv_heads=2 head_dim=128 kv_head=1 worker=0 block_r=0 block_c=0 t0_us=2283925920928 t1_us=2283925921227 dur_us=298
FIG8_ATTENTION_EVENT mode=baseline phase=measure iteration=1 component=v_load component_id=3 lut_exp=0 qo_len=16 kv_len=4096 n_heads=12 n_kv_heads=2 head_dim=128 kv_head=1 worker=0 block_r=0 block_c=0 t0_us=2283925921228 t1_us=2283925921368 dur_us=140
FIG8_ATTENTION_EVENT mode=baseline phase=measure iteration=1 component=core_acc component_id=6 lut_exp=0 qo_len=16 kv_len=4096 n_heads=12 n_kv_heads=2 head_dim=128 kv_head=1 worker=0 block_r=0 block_c=0 t0_us=2283925921369 t1_us=2283925921374 dur_us=5
FIG8_ATTENTION_EVENT mode=baseline phase=measure iteration=1 component=o_scale component_id=7 lut_exp=0 qo_len=16 kv_len=4096 n_heads=12 n_kv_heads=2 head_dim=128 kv_head=1 worker=0 block_r=0 block_c=-1 t0_us=2283925921375 t1_us=2283925921376 dur_us=1
FIG8_ATTENTION_EVENT mode=baseline phase=measure iteration=1 component=o_store component_id=8 lut_exp=0 qo_len=16 kv_len=4096 n_heads=12 n_kv_heads=2 head_dim=128 kv_head=1 worker=0 block_r=0 block_c=-1 t0_us=2283925921377 t1_us=2283925921383 dur_us=6
FIG8_ATTENTION_HOST_TIMING mode=baseline qo_len=16 kv_len=4096 n_heads=12 n_kv_heads=2 head_dim=128 phase=measure iteration=2 host_elapsed_us=1461 ret=0
FIG8_ATTENTION_PROFILE_COUNT mode=baseline qo_len=16 phase=measure iteration=2 records=2 max_records=10
FIG8_ATTENTION_TIMERS mode=baseline phase=measure iteration=2 lut_exp=0 nonlinear_mode=0 scna_width=0 scna_exp=0 qo_len=16 kv_len=4096 n_heads=12 n_kv_heads=2 head_dim=128 kv_head=0 worker=0 profiled_total=603 q_load=4 k_load=148 v_load=128 qk_dot=6 safe_sm=305 core_acc=5 o_scale=1 o_store=6
FIG8_ATTENTION_TIMERS mode=baseline phase=measure iteration=2 lut_exp=0 nonlinear_mode=0 scna_width=0 scna_exp=0 qo_len=16 kv_len=4096 n_heads=12 n_kv_heads=2 head_dim=128 kv_head=1 worker=0 profiled_total=611 q_load=4 k_load=153 v_load=139 qk_dot=6 safe_sm=298 core_acc=5 o_scale=0 o_store=6
FIG8_ATTENTION_EVENT_COUNT mode=baseline qo_len=16 phase=measure iteration=2 events=16 max_events=12512 overflow=0
FIG8_ATTENTION_EVENT mode=baseline phase=measure iteration=2 component=q_load component_id=1 lut_exp=0 qo_len=16 kv_len=4096 n_heads=12 n_kv_heads=2 head_dim=128 kv_head=0 worker=0 block_r=0 block_c=-1 t0_us=2283925921706 t1_us=2283925921711 dur_us=4
FIG8_ATTENTION_EVENT mode=baseline phase=measure iteration=2 component=k_load component_id=2 lut_exp=0 qo_len=16 kv_len=4096 n_heads=12 n_kv_heads=2 head_dim=128 kv_head=0 worker=0 block_r=0 block_c=0 t0_us=2283925921712 t1_us=2283925921861 dur_us=148
FIG8_ATTENTION_EVENT mode=baseline phase=measure iteration=2 component=qk_dot component_id=4 lut_exp=0 qo_len=16 kv_len=4096 n_heads=12 n_kv_heads=2 head_dim=128 kv_head=0 worker=0 block_r=0 block_c=0 t0_us=2283925921862 t1_us=2283925921868 dur_us=6
FIG8_ATTENTION_EVENT mode=baseline phase=measure iteration=2 component=safe_sm component_id=5 lut_exp=0 qo_len=16 kv_len=4096 n_heads=12 n_kv_heads=2 head_dim=128 kv_head=0 worker=0 block_r=0 block_c=0 t0_us=2283925921868 t1_us=2283925922174 dur_us=305
FIG8_ATTENTION_EVENT mode=baseline phase=measure iteration=2 component=v_load component_id=3 lut_exp=0 qo_len=16 kv_len=4096 n_heads=12 n_kv_heads=2 head_dim=128 kv_head=0 worker=0 block_r=0 block_c=0 t0_us=2283925922175 t1_us=2283925922303 dur_us=128
FIG8_ATTENTION_EVENT mode=baseline phase=measure iteration=2 component=core_acc component_id=6 lut_exp=0 qo_len=16 kv_len=4096 n_heads=12 n_kv_heads=2 head_dim=128 kv_head=0 worker=0 block_r=0 block_c=0 t0_us=2283925922304 t1_us=2283925922309 dur_us=5
FIG8_ATTENTION_EVENT mode=baseline phase=measure iteration=2 component=o_scale component_id=7 lut_exp=0 qo_len=16 kv_len=4096 n_heads=12 n_kv_heads=2 head_dim=128 kv_head=0 worker=0 block_r=0 block_c=-1 t0_us=2283925922310 t1_us=2283925922311 dur_us=1
FIG8_ATTENTION_EVENT mode=baseline phase=measure iteration=2 component=o_store component_id=8 lut_exp=0 qo_len=16 kv_len=4096 n_heads=12 n_kv_heads=2 head_dim=128 kv_head=0 worker=0 block_r=0 block_c=-1 t0_us=2283925922312 t1_us=2283925922318 dur_us=6
FIG8_ATTENTION_EVENT mode=baseline phase=measure iteration=2 component=q_load component_id=1 lut_exp=0 qo_len=16 kv_len=4096 n_heads=12 n_kv_heads=2 head_dim=128 kv_head=1 worker=0 block_r=0 block_c=-1 t0_us=2283925922361 t1_us=2283925922365 dur_us=4
FIG8_ATTENTION_EVENT mode=baseline phase=measure iteration=2 component=k_load component_id=2 lut_exp=0 qo_len=16 kv_len=4096 n_heads=12 n_kv_heads=2 head_dim=128 kv_head=1 worker=0 block_r=0 block_c=0 t0_us=2283925922367 t1_us=2283925922521 dur_us=153
FIG8_ATTENTION_EVENT mode=baseline phase=measure iteration=2 component=qk_dot component_id=4 lut_exp=0 qo_len=16 kv_len=4096 n_heads=12 n_kv_heads=2 head_dim=128 kv_head=1 worker=0 block_r=0 block_c=0 t0_us=2283925922521 t1_us=2283925922528 dur_us=6
FIG8_ATTENTION_EVENT mode=baseline phase=measure iteration=2 component=safe_sm component_id=5 lut_exp=0 qo_len=16 kv_len=4096 n_heads=12 n_kv_heads=2 head_dim=128 kv_head=1 worker=0 block_r=0 block_c=0 t0_us=2283925922528 t1_us=2283925922827 dur_us=298
FIG8_ATTENTION_EVENT mode=baseline phase=measure iteration=2 component=v_load component_id=3 lut_exp=0 qo_len=16 kv_len=4096 n_heads=12 n_kv_heads=2 head_dim=128 kv_head=1 worker=0 block_r=0 block_c=0 t0_us=2283925922827 t1_us=2283925922967 dur_us=139
FIG8_ATTENTION_EVENT mode=baseline phase=measure iteration=2 component=core_acc component_id=6 lut_exp=0 qo_len=16 kv_len=4096 n_heads=12 n_kv_heads=2 head_dim=128 kv_head=1 worker=0 block_r=0 block_c=0 t0_us=2283925922968 t1_us=2283925922974 dur_us=5
FIG8_ATTENTION_EVENT mode=baseline phase=measure iteration=2 component=o_scale component_id=7 lut_exp=0 qo_len=16 kv_len=4096 n_heads=12 n_kv_heads=2 head_dim=128 kv_head=1 worker=0 block_r=0 block_c=-1 t0_us=2283925922975 t1_us=2283925922975 dur_us=0
FIG8_ATTENTION_EVENT mode=baseline phase=measure iteration=2 component=o_store component_id=8 lut_exp=0 qo_len=16 kv_len=4096 n_heads=12 n_kv_heads=2 head_dim=128 kv_head=1 worker=0 block_r=0 block_c=-1 t0_us=2283925922976 t1_us=2283925922982 dur_us=6
FIG8_ATTENTION_HOST_TIMING mode=baseline qo_len=16 kv_len=4096 n_heads=12 n_kv_heads=2 head_dim=128 phase=measure iteration=3 host_elapsed_us=1617 ret=0
FIG8_ATTENTION_PROFILE_COUNT mode=baseline qo_len=16 phase=measure iteration=3 records=2 max_records=10
FIG8_ATTENTION_TIMERS mode=baseline phase=measure iteration=3 lut_exp=0 nonlinear_mode=0 scna_width=0 scna_exp=0 qo_len=16 kv_len=4096 n_heads=12 n_kv_heads=2 head_dim=128 kv_head=0 worker=0 profiled_total=653 q_load=5 k_load=159 v_load=156 qk_dot=6 safe_sm=315 core_acc=5 o_scale=1 o_store=6
FIG8_ATTENTION_TIMERS mode=baseline phase=measure iteration=3 lut_exp=0 nonlinear_mode=0 scna_width=0 scna_exp=0 qo_len=16 kv_len=4096 n_heads=12 n_kv_heads=2 head_dim=128 kv_head=1 worker=0 profiled_total=691 q_load=4 k_load=189 v_load=165 qk_dot=7 safe_sm=315 core_acc=5 o_scale=0 o_store=6
FIG8_ATTENTION_EVENT_COUNT mode=baseline qo_len=16 phase=measure iteration=3 events=16 max_events=12512 overflow=0
FIG8_ATTENTION_EVENT mode=baseline phase=measure iteration=3 component=q_load component_id=1 lut_exp=0 qo_len=16 kv_len=4096 n_heads=12 n_kv_heads=2 head_dim=128 kv_head=0 worker=0 block_r=0 block_c=-1 t0_us=2283925923343 t1_us=2283925923348 dur_us=5
FIG8_ATTENTION_EVENT mode=baseline phase=measure iteration=3 component=k_load component_id=2 lut_exp=0 qo_len=16 kv_len=4096 n_heads=12 n_kv_heads=2 head_dim=128 kv_head=0 worker=0 block_r=0 block_c=0 t0_us=2283925923349 t1_us=2283925923508 dur_us=159
FIG8_ATTENTION_EVENT mode=baseline phase=measure iteration=3 component=qk_dot component_id=4 lut_exp=0 qo_len=16 kv_len=4096 n_heads=12 n_kv_heads=2 head_dim=128 kv_head=0 worker=0 block_r=0 block_c=0 t0_us=2283925923509 t1_us=2283925923515 dur_us=6
FIG8_ATTENTION_EVENT mode=baseline phase=measure iteration=3 component=safe_sm component_id=5 lut_exp=0 qo_len=16 kv_len=4096 n_heads=12 n_kv_heads=2 head_dim=128 kv_head=0 worker=0 block_r=0 block_c=0 t0_us=2283925923515 t1_us=2283925923830 dur_us=315
FIG8_ATTENTION_EVENT mode=baseline phase=measure iteration=3 component=v_load component_id=3 lut_exp=0 qo_len=16 kv_len=4096 n_heads=12 n_kv_heads=2 head_dim=128 kv_head=0 worker=0 block_r=0 block_c=0 t0_us=2283925923831 t1_us=2283925923987 dur_us=156
FIG8_ATTENTION_EVENT mode=baseline phase=measure iteration=3 component=core_acc component_id=6 lut_exp=0 qo_len=16 kv_len=4096 n_heads=12 n_kv_heads=2 head_dim=128 kv_head=0 worker=0 block_r=0 block_c=0 t0_us=2283925923988 t1_us=2283925923993 dur_us=5
FIG8_ATTENTION_EVENT mode=baseline phase=measure iteration=3 component=o_scale component_id=7 lut_exp=0 qo_len=16 kv_len=4096 n_heads=12 n_kv_heads=2 head_dim=128 kv_head=0 worker=0 block_r=0 block_c=-1 t0_us=2283925923993 t1_us=2283925923995 dur_us=1
FIG8_ATTENTION_EVENT mode=baseline phase=measure iteration=3 component=o_store component_id=8 lut_exp=0 qo_len=16 kv_len=4096 n_heads=12 n_kv_heads=2 head_dim=128 kv_head=0 worker=0 block_r=0 block_c=-1 t0_us=2283925923995 t1_us=2283925924002 dur_us=6
FIG8_ATTENTION_EVENT mode=baseline phase=measure iteration=3 component=q_load component_id=1 lut_exp=0 qo_len=16 kv_len=4096 n_heads=12 n_kv_heads=2 head_dim=128 kv_head=1 worker=0 block_r=0 block_c=-1 t0_us=2283925924043 t1_us=2283925924047 dur_us=4
FIG8_ATTENTION_EVENT mode=baseline phase=measure iteration=3 component=k_load component_id=2 lut_exp=0 qo_len=16 kv_len=4096 n_heads=12 n_kv_heads=2 head_dim=128 kv_head=1 worker=0 block_r=0 block_c=0 t0_us=2283925924049 t1_us=2283925924238 dur_us=189
FIG8_ATTENTION_EVENT mode=baseline phase=measure iteration=3 component=qk_dot component_id=4 lut_exp=0 qo_len=16 kv_len=4096 n_heads=12 n_kv_heads=2 head_dim=128 kv_head=1 worker=0 block_r=0 block_c=0 t0_us=2283925924239 t1_us=2283925924246 dur_us=7
FIG8_ATTENTION_EVENT mode=baseline phase=measure iteration=3 component=safe_sm component_id=5 lut_exp=0 qo_len=16 kv_len=4096 n_heads=12 n_kv_heads=2 head_dim=128 kv_head=1 worker=0 block_r=0 block_c=0 t0_us=2283925924247 t1_us=2283925924562 dur_us=315
FIG8_ATTENTION_EVENT mode=baseline phase=measure iteration=3 component=v_load component_id=3 lut_exp=0 qo_len=16 kv_len=4096 n_heads=12 n_kv_heads=2 head_dim=128 kv_head=1 worker=0 block_r=0 block_c=0 t0_us=2283925924563 t1_us=2283925924728 dur_us=165
FIG8_ATTENTION_EVENT mode=baseline phase=measure iteration=3 component=core_acc component_id=6 lut_exp=0 qo_len=16 kv_len=4096 n_heads=12 n_kv_heads=2 head_dim=128 kv_head=1 worker=0 block_r=0 block_c=0 t0_us=2283925924729 t1_us=2283925924735 dur_us=5
FIG8_ATTENTION_EVENT mode=baseline phase=measure iteration=3 component=o_scale component_id=7 lut_exp=0 qo_len=16 kv_len=4096 n_heads=12 n_kv_heads=2 head_dim=128 kv_head=1 worker=0 block_r=0 block_c=-1 t0_us=2283925924736 t1_us=2283925924737 dur_us=0
FIG8_ATTENTION_EVENT mode=baseline phase=measure iteration=3 component=o_store component_id=8 lut_exp=0 qo_len=16 kv_len=4096 n_heads=12 n_kv_heads=2 head_dim=128 kv_head=1 worker=0 block_r=0 block_c=-1 t0_us=2283925924737 t1_us=2283925924743 dur_us=6
FIG8_ATTENTION_HOST_TIMING mode=baseline qo_len=16 kv_len=4096 n_heads=12 n_kv_heads=2 head_dim=128 phase=measure iteration=4 host_elapsed_us=1655 ret=0
FIG8_ATTENTION_PROFILE_COUNT mode=baseline qo_len=16 phase=measure iteration=4 records=2 max_records=10
FIG8_ATTENTION_TIMERS mode=baseline phase=measure iteration=4 lut_exp=0 nonlinear_mode=0 scna_width=0 scna_exp=0 qo_len=16 kv_len=4096 n_heads=12 n_kv_heads=2 head_dim=128 kv_head=0 worker=0 profiled_total=662 q_load=4 k_load=162 v_load=164 qk_dot=6 safe_sm=314 core_acc=5 o_scale=1 o_store=6
FIG8_ATTENTION_TIMERS mode=baseline phase=measure iteration=4 lut_exp=0 nonlinear_mode=0 scna_width=0 scna_exp=0 qo_len=16 kv_len=4096 n_heads=12 n_kv_heads=2 head_dim=128 kv_head=1 worker=0 profiled_total=680 q_load=4 k_load=181 v_load=166 qk_dot=6 safe_sm=312 core_acc=5 o_scale=0 o_store=6
FIG8_ATTENTION_EVENT_COUNT mode=baseline qo_len=16 phase=measure iteration=4 events=16 max_events=12512 overflow=0
FIG8_ATTENTION_EVENT mode=baseline phase=measure iteration=4 component=q_load component_id=1 lut_exp=0 qo_len=16 kv_len=4096 n_heads=12 n_kv_heads=2 head_dim=128 kv_head=0 worker=0 block_r=0 block_c=-1 t0_us=2283925925137 t1_us=2283925925141 dur_us=4
FIG8_ATTENTION_EVENT mode=baseline phase=measure iteration=4 component=k_load component_id=2 lut_exp=0 qo_len=16 kv_len=4096 n_heads=12 n_kv_heads=2 head_dim=128 kv_head=0 worker=0 block_r=0 block_c=0 t0_us=2283925925142 t1_us=2283925925305 dur_us=162
FIG8_ATTENTION_EVENT mode=baseline phase=measure iteration=4 component=qk_dot component_id=4 lut_exp=0 qo_len=16 kv_len=4096 n_heads=12 n_kv_heads=2 head_dim=128 kv_head=0 worker=0 block_r=0 block_c=0 t0_us=2283925925306 t1_us=2283925925312 dur_us=6
FIG8_ATTENTION_EVENT mode=baseline phase=measure iteration=4 component=safe_sm component_id=5 lut_exp=0 qo_len=16 kv_len=4096 n_heads=12 n_kv_heads=2 head_dim=128 kv_head=0 worker=0 block_r=0 block_c=0 t0_us=2283925925312 t1_us=2283925925627 dur_us=314
FIG8_ATTENTION_EVENT mode=baseline phase=measure iteration=4 component=v_load component_id=3 lut_exp=0 qo_len=16 kv_len=4096 n_heads=12 n_kv_heads=2 head_dim=128 kv_head=0 worker=0 block_r=0 block_c=0 t0_us=2283925925627 t1_us=2283925925791 dur_us=164
FIG8_ATTENTION_EVENT mode=baseline phase=measure iteration=4 component=core_acc component_id=6 lut_exp=0 qo_len=16 kv_len=4096 n_heads=12 n_kv_heads=2 head_dim=128 kv_head=0 worker=0 block_r=0 block_c=0 t0_us=2283925925792 t1_us=2283925925797 dur_us=5
FIG8_ATTENTION_EVENT mode=baseline phase=measure iteration=4 component=o_scale component_id=7 lut_exp=0 qo_len=16 kv_len=4096 n_heads=12 n_kv_heads=2 head_dim=128 kv_head=0 worker=0 block_r=0 block_c=-1 t0_us=2283925925798 t1_us=2283925925799 dur_us=1
FIG8_ATTENTION_EVENT mode=baseline phase=measure iteration=4 component=o_store component_id=8 lut_exp=0 qo_len=16 kv_len=4096 n_heads=12 n_kv_heads=2 head_dim=128 kv_head=0 worker=0 block_r=0 block_c=-1 t0_us=2283925925800 t1_us=2283925925806 dur_us=6
FIG8_ATTENTION_EVENT mode=baseline phase=measure iteration=4 component=q_load component_id=1 lut_exp=0 qo_len=16 kv_len=4096 n_heads=12 n_kv_heads=2 head_dim=128 kv_head=1 worker=0 block_r=0 block_c=-1 t0_us=2283925925849 t1_us=2283925925853 dur_us=4
FIG8_ATTENTION_EVENT mode=baseline phase=measure iteration=4 component=k_load component_id=2 lut_exp=0 qo_len=16 kv_len=4096 n_heads=12 n_kv_heads=2 head_dim=128 kv_head=1 worker=0 block_r=0 block_c=0 t0_us=2283925925855 t1_us=2283925926036 dur_us=181
FIG8_ATTENTION_EVENT mode=baseline phase=measure iteration=4 component=qk_dot component_id=4 lut_exp=0 qo_len=16 kv_len=4096 n_heads=12 n_kv_heads=2 head_dim=128 kv_head=1 worker=0 block_r=0 block_c=0 t0_us=2283925926037 t1_us=2283925926043 dur_us=6
FIG8_ATTENTION_EVENT mode=baseline phase=measure iteration=4 component=safe_sm component_id=5 lut_exp=0 qo_len=16 kv_len=4096 n_heads=12 n_kv_heads=2 head_dim=128 kv_head=1 worker=0 block_r=0 block_c=0 t0_us=2283925926044 t1_us=2283925926357 dur_us=312
FIG8_ATTENTION_EVENT mode=baseline phase=measure iteration=4 component=v_load component_id=3 lut_exp=0 qo_len=16 kv_len=4096 n_heads=12 n_kv_heads=2 head_dim=128 kv_head=1 worker=0 block_r=0 block_c=0 t0_us=2283925926358 t1_us=2283925926524 dur_us=166
FIG8_ATTENTION_EVENT mode=baseline phase=measure iteration=4 component=core_acc component_id=6 lut_exp=0 qo_len=16 kv_len=4096 n_heads=12 n_kv_heads=2 head_dim=128 kv_head=1 worker=0 block_r=0 block_c=0 t0_us=2283925926525 t1_us=2283925926531 dur_us=5
FIG8_ATTENTION_EVENT mode=baseline phase=measure iteration=4 component=o_scale component_id=7 lut_exp=0 qo_len=16 kv_len=4096 n_heads=12 n_kv_heads=2 head_dim=128 kv_head=1 worker=0 block_r=0 block_c=-1 t0_us=2283925926532 t1_us=2283925926533 dur_us=0
FIG8_ATTENTION_EVENT mode=baseline phase=measure iteration=4 component=o_store component_id=8 lut_exp=0 qo_len=16 kv_len=4096 n_heads=12 n_kv_heads=2 head_dim=128 kv_head=1 worker=0 block_r=0 block_c=-1 t0_us=2283925926533 t1_us=2283925926539 dur_us=6
FIG8_ATTENTION_HOST_TIMING mode=baseline qo_len=16 kv_len=4096 n_heads=12 n_kv_heads=2 head_dim=128 phase=measure iteration=5 host_elapsed_us=1665 ret=0
FIG8_ATTENTION_PROFILE_COUNT mode=baseline qo_len=16 phase=measure iteration=5 records=2 max_records=10
FIG8_ATTENTION_TIMERS mode=baseline phase=measure iteration=5 lut_exp=0 nonlinear_mode=0 scna_width=0 scna_exp=0 qo_len=16 kv_len=4096 n_heads=12 n_kv_heads=2 head_dim=128 kv_head=0 worker=0 profiled_total=661 q_load=4 k_load=162 v_load=164 qk_dot=6 safe_sm=313 core_acc=5 o_scale=1 o_store=6
FIG8_ATTENTION_TIMERS mode=baseline phase=measure iteration=5 lut_exp=0 nonlinear_mode=0 scna_width=0 scna_exp=0 qo_len=16 kv_len=4096 n_heads=12 n_kv_heads=2 head_dim=128 kv_head=1 worker=0 profiled_total=675 q_load=4 k_load=176 v_load=165 qk_dot=6 safe_sm=313 core_acc=5 o_scale=0 o_store=6
FIG8_ATTENTION_EVENT_COUNT mode=baseline qo_len=16 phase=measure iteration=5 events=16 max_events=12512 overflow=0
FIG8_ATTENTION_EVENT mode=baseline phase=measure iteration=5 component=q_load component_id=1 lut_exp=0 qo_len=16 kv_len=4096 n_heads=12 n_kv_heads=2 head_dim=128 kv_head=0 worker=0 block_r=0 block_c=-1 t0_us=2283925926961 t1_us=2283925926966 dur_us=4
FIG8_ATTENTION_EVENT mode=baseline phase=measure iteration=5 component=k_load component_id=2 lut_exp=0 qo_len=16 kv_len=4096 n_heads=12 n_kv_heads=2 head_dim=128 kv_head=0 worker=0 block_r=0 block_c=0 t0_us=2283925926967 t1_us=2283925927130 dur_us=162
FIG8_ATTENTION_EVENT mode=baseline phase=measure iteration=5 component=qk_dot component_id=4 lut_exp=0 qo_len=16 kv_len=4096 n_heads=12 n_kv_heads=2 head_dim=128 kv_head=0 worker=0 block_r=0 block_c=0 t0_us=2283925927130 t1_us=2283925927137 dur_us=6
FIG8_ATTENTION_EVENT mode=baseline phase=measure iteration=5 component=safe_sm component_id=5 lut_exp=0 qo_len=16 kv_len=4096 n_heads=12 n_kv_heads=2 head_dim=128 kv_head=0 worker=0 block_r=0 block_c=0 t0_us=2283925927137 t1_us=2283925927450 dur_us=313
FIG8_ATTENTION_EVENT mode=baseline phase=measure iteration=5 component=v_load component_id=3 lut_exp=0 qo_len=16 kv_len=4096 n_heads=12 n_kv_heads=2 head_dim=128 kv_head=0 worker=0 block_r=0 block_c=0 t0_us=2283925927451 t1_us=2283925927615 dur_us=164
FIG8_ATTENTION_EVENT mode=baseline phase=measure iteration=5 component=core_acc component_id=6 lut_exp=0 qo_len=16 kv_len=4096 n_heads=12 n_kv_heads=2 head_dim=128 kv_head=0 worker=0 block_r=0 block_c=0 t0_us=2283925927616 t1_us=2283925927621 dur_us=5
FIG8_ATTENTION_EVENT mode=baseline phase=measure iteration=5 component=o_scale component_id=7 lut_exp=0 qo_len=16 kv_len=4096 n_heads=12 n_kv_heads=2 head_dim=128 kv_head=0 worker=0 block_r=0 block_c=-1 t0_us=2283925927622 t1_us=2283925927623 dur_us=1
FIG8_ATTENTION_EVENT mode=baseline phase=measure iteration=5 component=o_store component_id=8 lut_exp=0 qo_len=16 kv_len=4096 n_heads=12 n_kv_heads=2 head_dim=128 kv_head=0 worker=0 block_r=0 block_c=-1 t0_us=2283925927624 t1_us=2283925927630 dur_us=6
FIG8_ATTENTION_EVENT mode=baseline phase=measure iteration=5 component=q_load component_id=1 lut_exp=0 qo_len=16 kv_len=4096 n_heads=12 n_kv_heads=2 head_dim=128 kv_head=1 worker=0 block_r=0 block_c=-1 t0_us=2283925927672 t1_us=2283925927676 dur_us=4
FIG8_ATTENTION_EVENT mode=baseline phase=measure iteration=5 component=k_load component_id=2 lut_exp=0 qo_len=16 kv_len=4096 n_heads=12 n_kv_heads=2 head_dim=128 kv_head=1 worker=0 block_r=0 block_c=0 t0_us=2283925927678 t1_us=2283925927854 dur_us=176
FIG8_ATTENTION_EVENT mode=baseline phase=measure iteration=5 component=qk_dot component_id=4 lut_exp=0 qo_len=16 kv_len=4096 n_heads=12 n_kv_heads=2 head_dim=128 kv_head=1 worker=0 block_r=0 block_c=0 t0_us=2283925927855 t1_us=2283925927862 dur_us=6
FIG8_ATTENTION_EVENT mode=baseline phase=measure iteration=5 component=safe_sm component_id=5 lut_exp=0 qo_len=16 kv_len=4096 n_heads=12 n_kv_heads=2 head_dim=128 kv_head=1 worker=0 block_r=0 block_c=0 t0_us=2283925927862 t1_us=2283925928176 dur_us=313
FIG8_ATTENTION_EVENT mode=baseline phase=measure iteration=5 component=v_load component_id=3 lut_exp=0 qo_len=16 kv_len=4096 n_heads=12 n_kv_heads=2 head_dim=128 kv_head=1 worker=0 block_r=0 block_c=0 t0_us=2283925928176 t1_us=2283925928341 dur_us=165
FIG8_ATTENTION_EVENT mode=baseline phase=measure iteration=5 component=core_acc component_id=6 lut_exp=0 qo_len=16 kv_len=4096 n_heads=12 n_kv_heads=2 head_dim=128 kv_head=1 worker=0 block_r=0 block_c=0 t0_us=2283925928342 t1_us=2283925928348 dur_us=5
FIG8_ATTENTION_EVENT mode=baseline phase=measure iteration=5 component=o_scale component_id=7 lut_exp=0 qo_len=16 kv_len=4096 n_heads=12 n_kv_heads=2 head_dim=128 kv_head=1 worker=0 block_r=0 block_c=-1 t0_us=2283925928349 t1_us=2283925928350 dur_us=0
FIG8_ATTENTION_EVENT mode=baseline phase=measure iteration=5 component=o_store component_id=8 lut_exp=0 qo_len=16 kv_len=4096 n_heads=12 n_kv_heads=2 head_dim=128 kv_head=1 worker=0 block_r=0 block_c=-1 t0_us=2283925928350 t1_us=2283925928356 dur_us=6
FIG8_ATTENTION_HOST_TIMING mode=baseline qo_len=16 kv_len=4096 n_heads=12 n_kv_heads=2 head_dim=128 phase=measure iteration=6 host_elapsed_us=1643 ret=0
FIG8_ATTENTION_PROFILE_COUNT mode=baseline qo_len=16 phase=measure iteration=6 records=2 max_records=10
FIG8_ATTENTION_TIMERS mode=baseline phase=measure iteration=6 lut_exp=0 nonlinear_mode=0 scna_width=0 scna_exp=0 qo_len=16 kv_len=4096 n_heads=12 n_kv_heads=2 head_dim=128 kv_head=0 worker=0 profiled_total=654 q_load=4 k_load=162 v_load=153 qk_dot=6 safe_sm=317 core_acc=5 o_scale=1 o_store=6
FIG8_ATTENTION_TIMERS mode=baseline phase=measure iteration=6 lut_exp=0 nonlinear_mode=0 scna_width=0 scna_exp=0 qo_len=16 kv_len=4096 n_heads=12 n_kv_heads=2 head_dim=128 kv_head=1 worker=0 profiled_total=685 q_load=4 k_load=192 v_load=164 qk_dot=6 safe_sm=308 core_acc=5 o_scale=0 o_store=6
FIG8_ATTENTION_EVENT_COUNT mode=baseline qo_len=16 phase=measure iteration=6 events=16 max_events=12512 overflow=0
FIG8_ATTENTION_EVENT mode=baseline phase=measure iteration=6 component=q_load component_id=1 lut_exp=0 qo_len=16 kv_len=4096 n_heads=12 n_kv_heads=2 head_dim=128 kv_head=0 worker=0 block_r=0 block_c=-1 t0_us=2283925928797 t1_us=2283925928802 dur_us=4
FIG8_ATTENTION_EVENT mode=baseline phase=measure iteration=6 component=k_load component_id=2 lut_exp=0 qo_len=16 kv_len=4096 n_heads=12 n_kv_heads=2 head_dim=128 kv_head=0 worker=0 block_r=0 block_c=0 t0_us=2283925928803 t1_us=2283925928966 dur_us=162
FIG8_ATTENTION_EVENT mode=baseline phase=measure iteration=6 component=qk_dot component_id=4 lut_exp=0 qo_len=16 kv_len=4096 n_heads=12 n_kv_heads=2 head_dim=128 kv_head=0 worker=0 block_r=0 block_c=0 t0_us=2283925928967 t1_us=2283925928973 dur_us=6
FIG8_ATTENTION_EVENT mode=baseline phase=measure iteration=6 component=safe_sm component_id=5 lut_exp=0 qo_len=16 kv_len=4096 n_heads=12 n_kv_heads=2 head_dim=128 kv_head=0 worker=0 block_r=0 block_c=0 t0_us=2283925928973 t1_us=2283925929291 dur_us=317
FIG8_ATTENTION_EVENT mode=baseline phase=measure iteration=6 component=v_load component_id=3 lut_exp=0 qo_len=16 kv_len=4096 n_heads=12 n_kv_heads=2 head_dim=128 kv_head=0 worker=0 block_r=0 block_c=0 t0_us=2283925929292 t1_us=2283925929445 dur_us=153
FIG8_ATTENTION_EVENT mode=baseline phase=measure iteration=6 component=core_acc component_id=6 lut_exp=0 qo_len=16 kv_len=4096 n_heads=12 n_kv_heads=2 head_dim=128 kv_head=0 worker=0 block_r=0 block_c=0 t0_us=2283925929446 t1_us=2283925929451 dur_us=5
FIG8_ATTENTION_EVENT mode=baseline phase=measure iteration=6 component=o_scale component_id=7 lut_exp=0 qo_len=16 kv_len=4096 n_heads=12 n_kv_heads=2 head_dim=128 kv_head=0 worker=0 block_r=0 block_c=-1 t0_us=2283925929452 t1_us=2283925929454 dur_us=1
FIG8_ATTENTION_EVENT mode=baseline phase=measure iteration=6 component=o_store component_id=8 lut_exp=0 qo_len=16 kv_len=4096 n_heads=12 n_kv_heads=2 head_dim=128 kv_head=0 worker=0 block_r=0 block_c=-1 t0_us=2283925929454 t1_us=2283925929460 dur_us=6
FIG8_ATTENTION_EVENT mode=baseline phase=measure iteration=6 component=q_load component_id=1 lut_exp=0 qo_len=16 kv_len=4096 n_heads=12 n_kv_heads=2 head_dim=128 kv_head=1 worker=0 block_r=0 block_c=-1 t0_us=2283925929502 t1_us=2283925929507 dur_us=4
FIG8_ATTENTION_EVENT mode=baseline phase=measure iteration=6 component=k_load component_id=2 lut_exp=0 qo_len=16 kv_len=4096 n_heads=12 n_kv_heads=2 head_dim=128 kv_head=1 worker=0 block_r=0 block_c=0 t0_us=2283925929509 t1_us=2283925929701 dur_us=192
FIG8_ATTENTION_EVENT mode=baseline phase=measure iteration=6 component=qk_dot component_id=4 lut_exp=0 qo_len=16 kv_len=4096 n_heads=12 n_kv_heads=2 head_dim=128 kv_head=1 worker=0 block_r=0 block_c=0 t0_us=2283925929702 t1_us=2283925929708 dur_us=6
FIG8_ATTENTION_EVENT mode=baseline phase=measure iteration=6 component=safe_sm component_id=5 lut_exp=0 qo_len=16 kv_len=4096 n_heads=12 n_kv_heads=2 head_dim=128 kv_head=1 worker=0 block_r=0 block_c=0 t0_us=2283925929709 t1_us=2283925930018 dur_us=308
FIG8_ATTENTION_EVENT mode=baseline phase=measure iteration=6 component=v_load component_id=3 lut_exp=0 qo_len=16 kv_len=4096 n_heads=12 n_kv_heads=2 head_dim=128 kv_head=1 worker=0 block_r=0 block_c=0 t0_us=2283925930018 t1_us=2283925930183 dur_us=164
FIG8_ATTENTION_EVENT mode=baseline phase=measure iteration=6 component=core_acc component_id=6 lut_exp=0 qo_len=16 kv_len=4096 n_heads=12 n_kv_heads=2 head_dim=128 kv_head=1 worker=0 block_r=0 block_c=0 t0_us=2283925930184 t1_us=2283925930190 dur_us=5
FIG8_ATTENTION_EVENT mode=baseline phase=measure iteration=6 component=o_scale component_id=7 lut_exp=0 qo_len=16 kv_len=4096 n_heads=12 n_kv_heads=2 head_dim=128 kv_head=1 worker=0 block_r=0 block_c=-1 t0_us=2283925930191 t1_us=2283925930192 dur_us=0
FIG8_ATTENTION_EVENT mode=baseline phase=measure iteration=6 component=o_store component_id=8 lut_exp=0 qo_len=16 kv_len=4096 n_heads=12 n_kv_heads=2 head_dim=128 kv_head=1 worker=0 block_r=0 block_c=-1 t0_us=2283925930192 t1_us=2283925930198 dur_us=6
FIG8_ATTENTION_HOST_TIMING mode=baseline qo_len=16 kv_len=4096 n_heads=12 n_kv_heads=2 head_dim=128 phase=measure iteration=7 host_elapsed_us=1648 ret=0
FIG8_ATTENTION_PROFILE_COUNT mode=baseline qo_len=16 phase=measure iteration=7 records=2 max_records=10
FIG8_ATTENTION_TIMERS mode=baseline phase=measure iteration=7 lut_exp=0 nonlinear_mode=0 scna_width=0 scna_exp=0 qo_len=16 kv_len=4096 n_heads=12 n_kv_heads=2 head_dim=128 kv_head=0 worker=0 profiled_total=657 q_load=4 k_load=160 v_load=161 qk_dot=6 safe_sm=314 core_acc=5 o_scale=1 o_store=6
FIG8_ATTENTION_TIMERS mode=baseline phase=measure iteration=7 lut_exp=0 nonlinear_mode=0 scna_width=0 scna_exp=0 qo_len=16 kv_len=4096 n_heads=12 n_kv_heads=2 head_dim=128 kv_head=1 worker=0 profiled_total=681 q_load=4 k_load=181 v_load=166 qk_dot=6 safe_sm=313 core_acc=5 o_scale=0 o_store=6
FIG8_ATTENTION_EVENT_COUNT mode=baseline qo_len=16 phase=measure iteration=7 events=16 max_events=12512 overflow=0
FIG8_ATTENTION_EVENT mode=baseline phase=measure iteration=7 component=q_load component_id=1 lut_exp=0 qo_len=16 kv_len=4096 n_heads=12 n_kv_heads=2 head_dim=128 kv_head=0 worker=0 block_r=0 block_c=-1 t0_us=2283925930609 t1_us=2283925930614 dur_us=4
FIG8_ATTENTION_EVENT mode=baseline phase=measure iteration=7 component=k_load component_id=2 lut_exp=0 qo_len=16 kv_len=4096 n_heads=12 n_kv_heads=2 head_dim=128 kv_head=0 worker=0 block_r=0 block_c=0 t0_us=2283925930615 t1_us=2283925930775 dur_us=160
FIG8_ATTENTION_EVENT mode=baseline phase=measure iteration=7 component=qk_dot component_id=4 lut_exp=0 qo_len=16 kv_len=4096 n_heads=12 n_kv_heads=2 head_dim=128 kv_head=0 worker=0 block_r=0 block_c=0 t0_us=2283925930776 t1_us=2283925930782 dur_us=6
FIG8_ATTENTION_EVENT mode=baseline phase=measure iteration=7 component=safe_sm component_id=5 lut_exp=0 qo_len=16 kv_len=4096 n_heads=12 n_kv_heads=2 head_dim=128 kv_head=0 worker=0 block_r=0 block_c=0 t0_us=2283925930782 t1_us=2283925931097 dur_us=314
FIG8_ATTENTION_EVENT mode=baseline phase=measure iteration=7 component=v_load component_id=3 lut_exp=0 qo_len=16 kv_len=4096 n_heads=12 n_kv_heads=2 head_dim=128 kv_head=0 worker=0 block_r=0 block_c=0 t0_us=2283925931098 t1_us=2283925931259 dur_us=161
FIG8_ATTENTION_EVENT mode=baseline phase=measure iteration=7 component=core_acc component_id=6 lut_exp=0 qo_len=16 kv_len=4096 n_heads=12 n_kv_heads=2 head_dim=128 kv_head=0 worker=0 block_r=0 block_c=0 t0_us=2283925931260 t1_us=2283925931265 dur_us=5
FIG8_ATTENTION_EVENT mode=baseline phase=measure iteration=7 component=o_scale component_id=7 lut_exp=0 qo_len=16 kv_len=4096 n_heads=12 n_kv_heads=2 head_dim=128 kv_head=0 worker=0 block_r=0 block_c=-1 t0_us=2283925931266 t1_us=2283925931267 dur_us=1
FIG8_ATTENTION_EVENT mode=baseline phase=measure iteration=7 component=o_store component_id=8 lut_exp=0 qo_len=16 kv_len=4096 n_heads=12 n_kv_heads=2 head_dim=128 kv_head=0 worker=0 block_r=0 block_c=-1 t0_us=2283925931267 t1_us=2283925931274 dur_us=6
FIG8_ATTENTION_EVENT mode=baseline phase=measure iteration=7 component=q_load component_id=1 lut_exp=0 qo_len=16 kv_len=4096 n_heads=12 n_kv_heads=2 head_dim=128 kv_head=1 worker=0 block_r=0 block_c=-1 t0_us=2283925931315 t1_us=2283925931320 dur_us=4
FIG8_ATTENTION_EVENT mode=baseline phase=measure iteration=7 component=k_load component_id=2 lut_exp=0 qo_len=16 kv_len=4096 n_heads=12 n_kv_heads=2 head_dim=128 kv_head=1 worker=0 block_r=0 block_c=0 t0_us=2283925931322 t1_us=2283925931503 dur_us=181
FIG8_ATTENTION_EVENT mode=baseline phase=measure iteration=7 component=qk_dot component_id=4 lut_exp=0 qo_len=16 kv_len=4096 n_heads=12 n_kv_heads=2 head_dim=128 kv_head=1 worker=0 block_r=0 block_c=0 t0_us=2283925931504 t1_us=2283925931510 dur_us=6
FIG8_ATTENTION_EVENT mode=baseline phase=measure iteration=7 component=safe_sm component_id=5 lut_exp=0 qo_len=16 kv_len=4096 n_heads=12 n_kv_heads=2 head_dim=128 kv_head=1 worker=0 block_r=0 block_c=0 t0_us=2283925931511 t1_us=2283925931824 dur_us=313
FIG8_ATTENTION_EVENT mode=baseline phase=measure iteration=7 component=v_load component_id=3 lut_exp=0 qo_len=16 kv_len=4096 n_heads=12 n_kv_heads=2 head_dim=128 kv_head=1 worker=0 block_r=0 block_c=0 t0_us=2283925931825 t1_us=2283925931991 dur_us=166
FIG8_ATTENTION_EVENT mode=baseline phase=measure iteration=7 component=core_acc component_id=6 lut_exp=0 qo_len=16 kv_len=4096 n_heads=12 n_kv_heads=2 head_dim=128 kv_head=1 worker=0 block_r=0 block_c=0 t0_us=2283925931992 t1_us=2283925931998 dur_us=5
FIG8_ATTENTION_EVENT mode=baseline phase=measure iteration=7 component=o_scale component_id=7 lut_exp=0 qo_len=16 kv_len=4096 n_heads=12 n_kv_heads=2 head_dim=128 kv_head=1 worker=0 block_r=0 block_c=-1 t0_us=2283925931999 t1_us=2283925932000 dur_us=0
FIG8_ATTENTION_EVENT mode=baseline phase=measure iteration=7 component=o_store component_id=8 lut_exp=0 qo_len=16 kv_len=4096 n_heads=12 n_kv_heads=2 head_dim=128 kv_head=1 worker=0 block_r=0 block_c=-1 t0_us=2283925932000 t1_us=2283925932006 dur_us=6
FIG8_ATTENTION_HOST_TIMING mode=baseline qo_len=16 kv_len=4096 n_heads=12 n_kv_heads=2 head_dim=128 phase=measure iteration=8 host_elapsed_us=1600 ret=0
FIG8_ATTENTION_PROFILE_COUNT mode=baseline qo_len=16 phase=measure iteration=8 records=2 max_records=10
FIG8_ATTENTION_TIMERS mode=baseline phase=measure iteration=8 lut_exp=0 nonlinear_mode=0 scna_width=0 scna_exp=0 qo_len=16 kv_len=4096 n_heads=12 n_kv_heads=2 head_dim=128 kv_head=0 worker=0 profiled_total=658 q_load=4 k_load=160 v_load=161 qk_dot=6 safe_sm=315 core_acc=5 o_scale=1 o_store=6
FIG8_ATTENTION_TIMERS mode=baseline phase=measure iteration=8 lut_exp=0 nonlinear_mode=0 scna_width=0 scna_exp=0 qo_len=16 kv_len=4096 n_heads=12 n_kv_heads=2 head_dim=128 kv_head=1 worker=0 profiled_total=665 q_load=4 k_load=167 v_load=163 qk_dot=6 safe_sm=314 core_acc=5 o_scale=0 o_store=6
FIG8_ATTENTION_EVENT_COUNT mode=baseline qo_len=16 phase=measure iteration=8 events=16 max_events=12512 overflow=0
FIG8_ATTENTION_EVENT mode=baseline phase=measure iteration=8 component=q_load component_id=1 lut_exp=0 qo_len=16 kv_len=4096 n_heads=12 n_kv_heads=2 head_dim=128 kv_head=0 worker=0 block_r=0 block_c=-1 t0_us=2283925932481 t1_us=2283925932486 dur_us=4
FIG8_ATTENTION_EVENT mode=baseline phase=measure iteration=8 component=k_load component_id=2 lut_exp=0 qo_len=16 kv_len=4096 n_heads=12 n_kv_heads=2 head_dim=128 kv_head=0 worker=0 block_r=0 block_c=0 t0_us=2283925932487 t1_us=2283925932647 dur_us=160
FIG8_ATTENTION_EVENT mode=baseline phase=measure iteration=8 component=qk_dot component_id=4 lut_exp=0 qo_len=16 kv_len=4096 n_heads=12 n_kv_heads=2 head_dim=128 kv_head=0 worker=0 block_r=0 block_c=0 t0_us=2283925932648 t1_us=2283925932654 dur_us=6
FIG8_ATTENTION_EVENT mode=baseline phase=measure iteration=8 component=safe_sm component_id=5 lut_exp=0 qo_len=16 kv_len=4096 n_heads=12 n_kv_heads=2 head_dim=128 kv_head=0 worker=0 block_r=0 block_c=0 t0_us=2283925932654 t1_us=2283925932970 dur_us=315
FIG8_ATTENTION_EVENT mode=baseline phase=measure iteration=8 component=v_load component_id=3 lut_exp=0 qo_len=16 kv_len=4096 n_heads=12 n_kv_heads=2 head_dim=128 kv_head=0 worker=0 block_r=0 block_c=0 t0_us=2283925932971 t1_us=2283925933132 dur_us=161
FIG8_ATTENTION_EVENT mode=baseline phase=measure iteration=8 component=core_acc component_id=6 lut_exp=0 qo_len=16 kv_len=4096 n_heads=12 n_kv_heads=2 head_dim=128 kv_head=0 worker=0 block_r=0 block_c=0 t0_us=2283925933133 t1_us=2283925933138 dur_us=5
FIG8_ATTENTION_EVENT mode=baseline phase=measure iteration=8 component=o_scale component_id=7 lut_exp=0 qo_len=16 kv_len=4096 n_heads=12 n_kv_heads=2 head_dim=128 kv_head=0 worker=0 block_r=0 block_c=-1 t0_us=2283925933139 t1_us=2283925933140 dur_us=1
FIG8_ATTENTION_EVENT mode=baseline phase=measure iteration=8 component=o_store component_id=8 lut_exp=0 qo_len=16 kv_len=4096 n_heads=12 n_kv_heads=2 head_dim=128 kv_head=0 worker=0 block_r=0 block_c=-1 t0_us=2283925933141 t1_us=2283925933147 dur_us=6
FIG8_ATTENTION_EVENT mode=baseline phase=measure iteration=8 component=q_load component_id=1 lut_exp=0 qo_len=16 kv_len=4096 n_heads=12 n_kv_heads=2 head_dim=128 kv_head=1 worker=0 block_r=0 block_c=-1 t0_us=2283925933189 t1_us=2283925933193 dur_us=4
FIG8_ATTENTION_EVENT mode=baseline phase=measure iteration=8 component=k_load component_id=2 lut_exp=0 qo_len=16 kv_len=4096 n_heads=12 n_kv_heads=2 head_dim=128 kv_head=1 worker=0 block_r=0 block_c=0 t0_us=2283925933195 t1_us=2283925933362 dur_us=167
FIG8_ATTENTION_EVENT mode=baseline phase=measure iteration=8 component=qk_dot component_id=4 lut_exp=0 qo_len=16 kv_len=4096 n_heads=12 n_kv_heads=2 head_dim=128 kv_head=1 worker=0 block_r=0 block_c=0 t0_us=2283925933362 t1_us=2283925933369 dur_us=6
FIG8_ATTENTION_EVENT mode=baseline phase=measure iteration=8 component=safe_sm component_id=5 lut_exp=0 qo_len=16 kv_len=4096 n_heads=12 n_kv_heads=2 head_dim=128 kv_head=1 worker=0 block_r=0 block_c=0 t0_us=2283925933370 t1_us=2283925933684 dur_us=314
FIG8_ATTENTION_EVENT mode=baseline phase=measure iteration=8 component=v_load component_id=3 lut_exp=0 qo_len=16 kv_len=4096 n_heads=12 n_kv_heads=2 head_dim=128 kv_head=1 worker=0 block_r=0 block_c=0 t0_us=2283925933685 t1_us=2283925933849 dur_us=163
FIG8_ATTENTION_EVENT mode=baseline phase=measure iteration=8 component=core_acc component_id=6 lut_exp=0 qo_len=16 kv_len=4096 n_heads=12 n_kv_heads=2 head_dim=128 kv_head=1 worker=0 block_r=0 block_c=0 t0_us=2283925933849 t1_us=2283925933855 dur_us=5
FIG8_ATTENTION_EVENT mode=baseline phase=measure iteration=8 component=o_scale component_id=7 lut_exp=0 qo_len=16 kv_len=4096 n_heads=12 n_kv_heads=2 head_dim=128 kv_head=1 worker=0 block_r=0 block_c=-1 t0_us=2283925933856 t1_us=2283925933856 dur_us=0
FIG8_ATTENTION_EVENT mode=baseline phase=measure iteration=8 component=o_store component_id=8 lut_exp=0 qo_len=16 kv_len=4096 n_heads=12 n_kv_heads=2 head_dim=128 kv_head=1 worker=0 block_r=0 block_c=-1 t0_us=2283925933857 t1_us=2283925933863 dur_us=6
FIG8_ATTENTION_HOST_TIMING mode=baseline qo_len=16 kv_len=4096 n_heads=12 n_kv_heads=2 head_dim=128 phase=measure iteration=9 host_elapsed_us=1633 ret=0
FIG8_ATTENTION_PROFILE_COUNT mode=baseline qo_len=16 phase=measure iteration=9 records=2 max_records=10
FIG8_ATTENTION_TIMERS mode=baseline phase=measure iteration=9 lut_exp=0 nonlinear_mode=0 scna_width=0 scna_exp=0 qo_len=16 kv_len=4096 n_heads=12 n_kv_heads=2 head_dim=128 kv_head=0 worker=0 profiled_total=659 q_load=4 k_load=159 v_load=164 qk_dot=6 safe_sm=314 core_acc=5 o_scale=1 o_store=6
FIG8_ATTENTION_TIMERS mode=baseline phase=measure iteration=9 lut_exp=0 nonlinear_mode=0 scna_width=0 scna_exp=0 qo_len=16 kv_len=4096 n_heads=12 n_kv_heads=2 head_dim=128 kv_head=1 worker=0 profiled_total=664 q_load=4 k_load=168 v_load=163 qk_dot=6 safe_sm=312 core_acc=5 o_scale=0 o_store=6
FIG8_ATTENTION_EVENT_COUNT mode=baseline qo_len=16 phase=measure iteration=9 events=16 max_events=12512 overflow=0
FIG8_ATTENTION_EVENT mode=baseline phase=measure iteration=9 component=q_load component_id=1 lut_exp=0 qo_len=16 kv_len=4096 n_heads=12 n_kv_heads=2 head_dim=128 kv_head=0 worker=0 block_r=0 block_c=-1 t0_us=2283925934257 t1_us=2283925934261 dur_us=4
FIG8_ATTENTION_EVENT mode=baseline phase=measure iteration=9 component=k_load component_id=2 lut_exp=0 qo_len=16 kv_len=4096 n_heads=12 n_kv_heads=2 head_dim=128 kv_head=0 worker=0 block_r=0 block_c=0 t0_us=2283925934263 t1_us=2283925934422 dur_us=159
FIG8_ATTENTION_EVENT mode=baseline phase=measure iteration=9 component=qk_dot component_id=4 lut_exp=0 qo_len=16 kv_len=4096 n_heads=12 n_kv_heads=2 head_dim=128 kv_head=0 worker=0 block_r=0 block_c=0 t0_us=2283925934423 t1_us=2283925934429 dur_us=6
FIG8_ATTENTION_EVENT mode=baseline phase=measure iteration=9 component=safe_sm component_id=5 lut_exp=0 qo_len=16 kv_len=4096 n_heads=12 n_kv_heads=2 head_dim=128 kv_head=0 worker=0 block_r=0 block_c=0 t0_us=2283925934429 t1_us=2283925934744 dur_us=314
FIG8_ATTENTION_EVENT mode=baseline phase=measure iteration=9 component=v_load component_id=3 lut_exp=0 qo_len=16 kv_len=4096 n_heads=12 n_kv_heads=2 head_dim=128 kv_head=0 worker=0 block_r=0 block_c=0 t0_us=2283925934745 t1_us=2283925934909 dur_us=164
FIG8_ATTENTION_EVENT mode=baseline phase=measure iteration=9 component=core_acc component_id=6 lut_exp=0 qo_len=16 kv_len=4096 n_heads=12 n_kv_heads=2 head_dim=128 kv_head=0 worker=0 block_r=0 block_c=0 t0_us=2283925934910 t1_us=2283925934915 dur_us=5
FIG8_ATTENTION_EVENT mode=baseline phase=measure iteration=9 component=o_scale component_id=7 lut_exp=0 qo_len=16 kv_len=4096 n_heads=12 n_kv_heads=2 head_dim=128 kv_head=0 worker=0 block_r=0 block_c=-1 t0_us=2283925934916 t1_us=2283925934918 dur_us=1
FIG8_ATTENTION_EVENT mode=baseline phase=measure iteration=9 component=o_store component_id=8 lut_exp=0 qo_len=16 kv_len=4096 n_heads=12 n_kv_heads=2 head_dim=128 kv_head=0 worker=0 block_r=0 block_c=-1 t0_us=2283925934918 t1_us=2283925934924 dur_us=6
FIG8_ATTENTION_EVENT mode=baseline phase=measure iteration=9 component=q_load component_id=1 lut_exp=0 qo_len=16 kv_len=4096 n_heads=12 n_kv_heads=2 head_dim=128 kv_head=1 worker=0 block_r=0 block_c=-1 t0_us=2283925934966 t1_us=2283925934971 dur_us=4
FIG8_ATTENTION_EVENT mode=baseline phase=measure iteration=9 component=k_load component_id=2 lut_exp=0 qo_len=16 kv_len=4096 n_heads=12 n_kv_heads=2 head_dim=128 kv_head=1 worker=0 block_r=0 block_c=0 t0_us=2283925934973 t1_us=2283925935141 dur_us=168
FIG8_ATTENTION_EVENT mode=baseline phase=measure iteration=9 component=qk_dot component_id=4 lut_exp=0 qo_len=16 kv_len=4096 n_heads=12 n_kv_heads=2 head_dim=128 kv_head=1 worker=0 block_r=0 block_c=0 t0_us=2283925935141 t1_us=2283925935148 dur_us=6
FIG8_ATTENTION_EVENT mode=baseline phase=measure iteration=9 component=safe_sm component_id=5 lut_exp=0 qo_len=16 kv_len=4096 n_heads=12 n_kv_heads=2 head_dim=128 kv_head=1 worker=0 block_r=0 block_c=0 t0_us=2283925935148 t1_us=2283925935461 dur_us=312
FIG8_ATTENTION_EVENT mode=baseline phase=measure iteration=9 component=v_load component_id=3 lut_exp=0 qo_len=16 kv_len=4096 n_heads=12 n_kv_heads=2 head_dim=128 kv_head=1 worker=0 block_r=0 block_c=0 t0_us=2283925935461 t1_us=2283925935625 dur_us=163
FIG8_ATTENTION_EVENT mode=baseline phase=measure iteration=9 component=core_acc component_id=6 lut_exp=0 qo_len=16 kv_len=4096 n_heads=12 n_kv_heads=2 head_dim=128 kv_head=1 worker=0 block_r=0 block_c=0 t0_us=2283925935626 t1_us=2283925935632 dur_us=5
FIG8_ATTENTION_EVENT mode=baseline phase=measure iteration=9 component=o_scale component_id=7 lut_exp=0 qo_len=16 kv_len=4096 n_heads=12 n_kv_heads=2 head_dim=128 kv_head=1 worker=0 block_r=0 block_c=-1 t0_us=2283925935633 t1_us=2283925935634 dur_us=0
FIG8_ATTENTION_EVENT mode=baseline phase=measure iteration=9 component=o_store component_id=8 lut_exp=0 qo_len=16 kv_len=4096 n_heads=12 n_kv_heads=2 head_dim=128 kv_head=1 worker=0 block_r=0 block_c=-1 t0_us=2283925935634 t1_us=2283925935640 dur_us=6
FIG8_ATTENTION_HOST_TIMING mode=baseline qo_len=16 kv_len=4096 n_heads=12 n_kv_heads=2 head_dim=128 phase=measure iteration=10 host_elapsed_us=1632 ret=0
FIG8_ATTENTION_PROFILE_COUNT mode=baseline qo_len=16 phase=measure iteration=10 records=2 max_records=10
FIG8_ATTENTION_TIMERS mode=baseline phase=measure iteration=10 lut_exp=0 nonlinear_mode=0 scna_width=0 scna_exp=0 qo_len=16 kv_len=4096 n_heads=12 n_kv_heads=2 head_dim=128 kv_head=0 worker=0 profiled_total=661 q_load=5 k_load=160 v_load=166 qk_dot=6 safe_sm=312 core_acc=5 o_scale=1 o_store=6
FIG8_ATTENTION_TIMERS mode=baseline phase=measure iteration=10 lut_exp=0 nonlinear_mode=0 scna_width=0 scna_exp=0 qo_len=16 kv_len=4096 n_heads=12 n_kv_heads=2 head_dim=128 kv_head=1 worker=0 profiled_total=675 q_load=4 k_load=180 v_load=166 qk_dot=6 safe_sm=308 core_acc=5 o_scale=0 o_store=6
FIG8_ATTENTION_EVENT_COUNT mode=baseline qo_len=16 phase=measure iteration=10 events=16 max_events=12512 overflow=0
FIG8_ATTENTION_EVENT mode=baseline phase=measure iteration=10 component=q_load component_id=1 lut_exp=0 qo_len=16 kv_len=4096 n_heads=12 n_kv_heads=2 head_dim=128 kv_head=0 worker=0 block_r=0 block_c=-1 t0_us=2283925936060 t1_us=2283925936066 dur_us=5
FIG8_ATTENTION_EVENT mode=baseline phase=measure iteration=10 component=k_load component_id=2 lut_exp=0 qo_len=16 kv_len=4096 n_heads=12 n_kv_heads=2 head_dim=128 kv_head=0 worker=0 block_r=0 block_c=0 t0_us=2283925936067 t1_us=2283925936227 dur_us=160
FIG8_ATTENTION_EVENT mode=baseline phase=measure iteration=10 component=qk_dot component_id=4 lut_exp=0 qo_len=16 kv_len=4096 n_heads=12 n_kv_heads=2 head_dim=128 kv_head=0 worker=0 block_r=0 block_c=0 t0_us=2283925936228 t1_us=2283925936234 dur_us=6
FIG8_ATTENTION_EVENT mode=baseline phase=measure iteration=10 component=safe_sm component_id=5 lut_exp=0 qo_len=16 kv_len=4096 n_heads=12 n_kv_heads=2 head_dim=128 kv_head=0 worker=0 block_r=0 block_c=0 t0_us=2283925936235 t1_us=2283925936547 dur_us=312
FIG8_ATTENTION_EVENT mode=baseline phase=measure iteration=10 component=v_load component_id=3 lut_exp=0 qo_len=16 kv_len=4096 n_heads=12 n_kv_heads=2 head_dim=128 kv_head=0 worker=0 block_r=0 block_c=0 t0_us=2283925936548 t1_us=2283925936714 dur_us=166
FIG8_ATTENTION_EVENT mode=baseline phase=measure iteration=10 component=core_acc component_id=6 lut_exp=0 qo_len=16 kv_len=4096 n_heads=12 n_kv_heads=2 head_dim=128 kv_head=0 worker=0 block_r=0 block_c=0 t0_us=2283925936715 t1_us=2283925936720 dur_us=5
FIG8_ATTENTION_EVENT mode=baseline phase=measure iteration=10 component=o_scale component_id=7 lut_exp=0 qo_len=16 kv_len=4096 n_heads=12 n_kv_heads=2 head_dim=128 kv_head=0 worker=0 block_r=0 block_c=-1 t0_us=2283925936721 t1_us=2283925936722 dur_us=1
FIG8_ATTENTION_EVENT mode=baseline phase=measure iteration=10 component=o_store component_id=8 lut_exp=0 qo_len=16 kv_len=4096 n_heads=12 n_kv_heads=2 head_dim=128 kv_head=0 worker=0 block_r=0 block_c=-1 t0_us=2283925936723 t1_us=2283925936729 dur_us=6
FIG8_ATTENTION_EVENT mode=baseline phase=measure iteration=10 component=q_load component_id=1 lut_exp=0 qo_len=16 kv_len=4096 n_heads=12 n_kv_heads=2 head_dim=128 kv_head=1 worker=0 block_r=0 block_c=-1 t0_us=2283925936771 t1_us=2283925936776 dur_us=4
FIG8_ATTENTION_EVENT mode=baseline phase=measure iteration=10 component=k_load component_id=2 lut_exp=0 qo_len=16 kv_len=4096 n_heads=12 n_kv_heads=2 head_dim=128 kv_head=1 worker=0 block_r=0 block_c=0 t0_us=2283925936777 t1_us=2283925936958 dur_us=180
FIG8_ATTENTION_EVENT mode=baseline phase=measure iteration=10 component=qk_dot component_id=4 lut_exp=0 qo_len=16 kv_len=4096 n_heads=12 n_kv_heads=2 head_dim=128 kv_head=1 worker=0 block_r=0 block_c=0 t0_us=2283925936959 t1_us=2283925936965 dur_us=6
FIG8_ATTENTION_EVENT mode=baseline phase=measure iteration=10 component=safe_sm component_id=5 lut_exp=0 qo_len=16 kv_len=4096 n_heads=12 n_kv_heads=2 head_dim=128 kv_head=1 worker=0 block_r=0 block_c=0 t0_us=2283925936966 t1_us=2283925937275 dur_us=308
FIG8_ATTENTION_EVENT mode=baseline phase=measure iteration=10 component=v_load component_id=3 lut_exp=0 qo_len=16 kv_len=4096 n_heads=12 n_kv_heads=2 head_dim=128 kv_head=1 worker=0 block_r=0 block_c=0 t0_us=2283925937275 t1_us=2283925937442 dur_us=166
FIG8_ATTENTION_EVENT mode=baseline phase=measure iteration=10 component=core_acc component_id=6 lut_exp=0 qo_len=16 kv_len=4096 n_heads=12 n_kv_heads=2 head_dim=128 kv_head=1 worker=0 block_r=0 block_c=0 t0_us=2283925937442 t1_us=2283925937448 dur_us=5
FIG8_ATTENTION_EVENT mode=baseline phase=measure iteration=10 component=o_scale component_id=7 lut_exp=0 qo_len=16 kv_len=4096 n_heads=12 n_kv_heads=2 head_dim=128 kv_head=1 worker=0 block_r=0 block_c=-1 t0_us=2283925937449 t1_us=2283925937450 dur_us=0
FIG8_ATTENTION_EVENT mode=baseline phase=measure iteration=10 component=o_store component_id=8 lut_exp=0 qo_len=16 kv_len=4096 n_heads=12 n_kv_heads=2 head_dim=128 kv_head=1 worker=0 block_r=0 block_c=-1 t0_us=2283925937450 t1_us=2283925937456 dur_us=6
FIG8_ATTENTION_HOST_TIMING mode=baseline qo_len=16 kv_len=4096 n_heads=12 n_kv_heads=2 head_dim=128 phase=measure iteration=11 host_elapsed_us=1623 ret=0
FIG8_ATTENTION_PROFILE_COUNT mode=baseline qo_len=16 phase=measure iteration=11 records=2 max_records=10
FIG8_ATTENTION_TIMERS mode=baseline phase=measure iteration=11 lut_exp=0 nonlinear_mode=0 scna_width=0 scna_exp=0 qo_len=16 kv_len=4096 n_heads=12 n_kv_heads=2 head_dim=128 kv_head=0 worker=0 profiled_total=664 q_load=5 k_load=161 v_load=164 qk_dot=6 safe_sm=316 core_acc=5 o_scale=1 o_store=6
FIG8_ATTENTION_TIMERS mode=baseline phase=measure iteration=11 lut_exp=0 nonlinear_mode=0 scna_width=0 scna_exp=0 qo_len=16 kv_len=4096 n_heads=12 n_kv_heads=2 head_dim=128 kv_head=1 worker=0 profiled_total=695 q_load=4 k_load=187 v_load=181 qk_dot=6 safe_sm=306 core_acc=5 o_scale=0 o_store=6
FIG8_ATTENTION_EVENT_COUNT mode=baseline qo_len=16 phase=measure iteration=11 events=16 max_events=12512 overflow=0
FIG8_ATTENTION_EVENT mode=baseline phase=measure iteration=11 component=q_load component_id=1 lut_exp=0 qo_len=16 kv_len=4096 n_heads=12 n_kv_heads=2 head_dim=128 kv_head=0 worker=0 block_r=0 block_c=-1 t0_us=2283925937863 t1_us=2283925937868 dur_us=5
FIG8_ATTENTION_EVENT mode=baseline phase=measure iteration=11 component=k_load component_id=2 lut_exp=0 qo_len=16 kv_len=4096 n_heads=12 n_kv_heads=2 head_dim=128 kv_head=0 worker=0 block_r=0 block_c=0 t0_us=2283925937869 t1_us=2283925938030 dur_us=161
FIG8_ATTENTION_EVENT mode=baseline phase=measure iteration=11 component=qk_dot component_id=4 lut_exp=0 qo_len=16 kv_len=4096 n_heads=12 n_kv_heads=2 head_dim=128 kv_head=0 worker=0 block_r=0 block_c=0 t0_us=2283925938031 t1_us=2283925938037 dur_us=6
FIG8_ATTENTION_EVENT mode=baseline phase=measure iteration=11 component=safe_sm component_id=5 lut_exp=0 qo_len=16 kv_len=4096 n_heads=12 n_kv_heads=2 head_dim=128 kv_head=0 worker=0 block_r=0 block_c=0 t0_us=2283925938037 t1_us=2283925938353 dur_us=316
FIG8_ATTENTION_EVENT mode=baseline phase=measure iteration=11 component=v_load component_id=3 lut_exp=0 qo_len=16 kv_len=4096 n_heads=12 n_kv_heads=2 head_dim=128 kv_head=0 worker=0 block_r=0 block_c=0 t0_us=2283925938354 t1_us=2283925938518 dur_us=164
FIG8_ATTENTION_EVENT mode=baseline phase=measure iteration=11 component=core_acc component_id=6 lut_exp=0 qo_len=16 kv_len=4096 n_heads=12 n_kv_heads=2 head_dim=128 kv_head=0 worker=0 block_r=0 block_c=0 t0_us=2283925938519 t1_us=2283925938525 dur_us=5
FIG8_ATTENTION_EVENT mode=baseline phase=measure iteration=11 component=o_scale component_id=7 lut_exp=0 qo_len=16 kv_len=4096 n_heads=12 n_kv_heads=2 head_dim=128 kv_head=0 worker=0 block_r=0 block_c=-1 t0_us=2283925938525 t1_us=2283925938526 dur_us=1
FIG8_ATTENTION_EVENT mode=baseline phase=measure iteration=11 component=o_store component_id=8 lut_exp=0 qo_len=16 kv_len=4096 n_heads=12 n_kv_heads=2 head_dim=128 kv_head=0 worker=0 block_r=0 block_c=-1 t0_us=2283925938527 t1_us=2283925938533 dur_us=6
FIG8_ATTENTION_EVENT mode=baseline phase=measure iteration=11 component=q_load component_id=1 lut_exp=0 qo_len=16 kv_len=4096 n_heads=12 n_kv_heads=2 head_dim=128 kv_head=1 worker=0 block_r=0 block_c=-1 t0_us=2283925938576 t1_us=2283925938580 dur_us=4
FIG8_ATTENTION_EVENT mode=baseline phase=measure iteration=11 component=k_load component_id=2 lut_exp=0 qo_len=16 kv_len=4096 n_heads=12 n_kv_heads=2 head_dim=128 kv_head=1 worker=0 block_r=0 block_c=0 t0_us=2283925938582 t1_us=2283925938770 dur_us=187
FIG8_ATTENTION_EVENT mode=baseline phase=measure iteration=11 component=qk_dot component_id=4 lut_exp=0 qo_len=16 kv_len=4096 n_heads=12 n_kv_heads=2 head_dim=128 kv_head=1 worker=0 block_r=0 block_c=0 t0_us=2283925938770 t1_us=2283925938777 dur_us=6
FIG8_ATTENTION_EVENT mode=baseline phase=measure iteration=11 component=safe_sm component_id=5 lut_exp=0 qo_len=16 kv_len=4096 n_heads=12 n_kv_heads=2 head_dim=128 kv_head=1 worker=0 block_r=0 block_c=0 t0_us=2283925938778 t1_us=2283925939084 dur_us=306
FIG8_ATTENTION_EVENT mode=baseline phase=measure iteration=11 component=v_load component_id=3 lut_exp=0 qo_len=16 kv_len=4096 n_heads=12 n_kv_heads=2 head_dim=128 kv_head=1 worker=0 block_r=0 block_c=0 t0_us=2283925939085 t1_us=2283925939266 dur_us=181
FIG8_ATTENTION_EVENT mode=baseline phase=measure iteration=11 component=core_acc component_id=6 lut_exp=0 qo_len=16 kv_len=4096 n_heads=12 n_kv_heads=2 head_dim=128 kv_head=1 worker=0 block_r=0 block_c=0 t0_us=2283925939267 t1_us=2283925939273 dur_us=5
FIG8_ATTENTION_EVENT mode=baseline phase=measure iteration=11 component=o_scale component_id=7 lut_exp=0 qo_len=16 kv_len=4096 n_heads=12 n_kv_heads=2 head_dim=128 kv_head=1 worker=0 block_r=0 block_c=-1 t0_us=2283925939274 t1_us=2283925939275 dur_us=0
FIG8_ATTENTION_EVENT mode=baseline phase=measure iteration=11 component=o_store component_id=8 lut_exp=0 qo_len=16 kv_len=4096 n_heads=12 n_kv_heads=2 head_dim=128 kv_head=1 worker=0 block_r=0 block_c=-1 t0_us=2283925939275 t1_us=2283925939281 dur_us=6
FIG8_ATTENTION_HOST_TIMING mode=baseline qo_len=16 kv_len=4096 n_heads=12 n_kv_heads=2 head_dim=128 phase=measure iteration=12 host_elapsed_us=1718 ret=0
FIG8_ATTENTION_PROFILE_COUNT mode=baseline qo_len=16 phase=measure iteration=12 records=2 max_records=10
FIG8_ATTENTION_TIMERS mode=baseline phase=measure iteration=12 lut_exp=0 nonlinear_mode=0 scna_width=0 scna_exp=0 qo_len=16 kv_len=4096 n_heads=12 n_kv_heads=2 head_dim=128 kv_head=0 worker=0 profiled_total=730 q_load=4 k_load=200 v_load=176 qk_dot=6 safe_sm=332 core_acc=5 o_scale=1 o_store=6
FIG8_ATTENTION_TIMERS mode=baseline phase=measure iteration=12 lut_exp=0 nonlinear_mode=0 scna_width=0 scna_exp=0 qo_len=16 kv_len=4096 n_heads=12 n_kv_heads=2 head_dim=128 kv_head=1 worker=0 profiled_total=740 q_load=4 k_load=206 v_load=184 qk_dot=6 safe_sm=328 core_acc=5 o_scale=1 o_store=6
FIG8_ATTENTION_EVENT_COUNT mode=baseline qo_len=16 phase=measure iteration=12 events=16 max_events=12512 overflow=0
FIG8_ATTENTION_EVENT mode=baseline phase=measure iteration=12 component=q_load component_id=1 lut_exp=0 qo_len=16 kv_len=4096 n_heads=12 n_kv_heads=2 head_dim=128 kv_head=0 worker=0 block_r=0 block_c=-1 t0_us=2283925939819 t1_us=2283925939823 dur_us=4
FIG8_ATTENTION_EVENT mode=baseline phase=measure iteration=12 component=k_load component_id=2 lut_exp=0 qo_len=16 kv_len=4096 n_heads=12 n_kv_heads=2 head_dim=128 kv_head=0 worker=0 block_r=0 block_c=0 t0_us=2283925939825 t1_us=2283925940025 dur_us=200
FIG8_ATTENTION_EVENT mode=baseline phase=measure iteration=12 component=qk_dot component_id=4 lut_exp=0 qo_len=16 kv_len=4096 n_heads=12 n_kv_heads=2 head_dim=128 kv_head=0 worker=0 block_r=0 block_c=0 t0_us=2283925940026 t1_us=2283925940032 dur_us=6
FIG8_ATTENTION_EVENT mode=baseline phase=measure iteration=12 component=safe_sm component_id=5 lut_exp=0 qo_len=16 kv_len=4096 n_heads=12 n_kv_heads=2 head_dim=128 kv_head=0 worker=0 block_r=0 block_c=0 t0_us=2283925940032 t1_us=2283925940365 dur_us=332
FIG8_ATTENTION_EVENT mode=baseline phase=measure iteration=12 component=v_load component_id=3 lut_exp=0 qo_len=16 kv_len=4096 n_heads=12 n_kv_heads=2 head_dim=128 kv_head=0 worker=0 block_r=0 block_c=0 t0_us=2283925940365 t1_us=2283925940542 dur_us=176
FIG8_ATTENTION_EVENT mode=baseline phase=measure iteration=12 component=core_acc component_id=6 lut_exp=0 qo_len=16 kv_len=4096 n_heads=12 n_kv_heads=2 head_dim=128 kv_head=0 worker=0 block_r=0 block_c=0 t0_us=2283925940543 t1_us=2283925940548 dur_us=5
FIG8_ATTENTION_EVENT mode=baseline phase=measure iteration=12 component=o_scale component_id=7 lut_exp=0 qo_len=16 kv_len=4096 n_heads=12 n_kv_heads=2 head_dim=128 kv_head=0 worker=0 block_r=0 block_c=-1 t0_us=2283925940549 t1_us=2283925940550 dur_us=1
FIG8_ATTENTION_EVENT mode=baseline phase=measure iteration=12 component=o_store component_id=8 lut_exp=0 qo_len=16 kv_len=4096 n_heads=12 n_kv_heads=2 head_dim=128 kv_head=0 worker=0 block_r=0 block_c=-1 t0_us=2283925940550 t1_us=2283925940556 dur_us=6
FIG8_ATTENTION_EVENT mode=baseline phase=measure iteration=12 component=q_load component_id=1 lut_exp=0 qo_len=16 kv_len=4096 n_heads=12 n_kv_heads=2 head_dim=128 kv_head=1 worker=0 block_r=0 block_c=-1 t0_us=2283925940600 t1_us=2283925940604 dur_us=4
FIG8_ATTENTION_EVENT mode=baseline phase=measure iteration=12 component=k_load component_id=2 lut_exp=0 qo_len=16 kv_len=4096 n_heads=12 n_kv_heads=2 head_dim=128 kv_head=1 worker=0 block_r=0 block_c=0 t0_us=2283925940606 t1_us=2283925940812 dur_us=206
FIG8_ATTENTION_EVENT mode=baseline phase=measure iteration=12 component=qk_dot component_id=4 lut_exp=0 qo_len=16 kv_len=4096 n_heads=12 n_kv_heads=2 head_dim=128 kv_head=1 worker=0 block_r=0 block_c=0 t0_us=2283925940813 t1_us=2283925940819 dur_us=6
FIG8_ATTENTION_EVENT mode=baseline phase=measure iteration=12 component=safe_sm component_id=5 lut_exp=0 qo_len=16 kv_len=4096 n_heads=12 n_kv_heads=2 head_dim=128 kv_head=1 worker=0 block_r=0 block_c=0 t0_us=2283925940820 t1_us=2283925941149 dur_us=328
FIG8_ATTENTION_EVENT mode=baseline phase=measure iteration=12 component=v_load component_id=3 lut_exp=0 qo_len=16 kv_len=4096 n_heads=12 n_kv_heads=2 head_dim=128 kv_head=1 worker=0 block_r=0 block_c=0 t0_us=2283925941149 t1_us=2283925941334 dur_us=184
FIG8_ATTENTION_EVENT mode=baseline phase=measure iteration=12 component=core_acc component_id=6 lut_exp=0 qo_len=16 kv_len=4096 n_heads=12 n_kv_heads=2 head_dim=128 kv_head=1 worker=0 block_r=0 block_c=0 t0_us=2283925941334 t1_us=2283925941340 dur_us=5
FIG8_ATTENTION_EVENT mode=baseline phase=measure iteration=12 component=o_scale component_id=7 lut_exp=0 qo_len=16 kv_len=4096 n_heads=12 n_kv_heads=2 head_dim=128 kv_head=1 worker=0 block_r=0 block_c=-1 t0_us=2283925941341 t1_us=2283925941342 dur_us=1
FIG8_ATTENTION_EVENT mode=baseline phase=measure iteration=12 component=o_store component_id=8 lut_exp=0 qo_len=16 kv_len=4096 n_heads=12 n_kv_heads=2 head_dim=128 kv_head=1 worker=0 block_r=0 block_c=-1 t0_us=2283925941342 t1_us=2283925941348 dur_us=6
FIG8_ATTENTION_HOST_TIMING mode=baseline qo_len=16 kv_len=4096 n_heads=12 n_kv_heads=2 head_dim=128 phase=measure iteration=13 host_elapsed_us=1772 ret=0
FIG8_ATTENTION_PROFILE_COUNT mode=baseline qo_len=16 phase=measure iteration=13 records=2 max_records=10
FIG8_ATTENTION_TIMERS mode=baseline phase=measure iteration=13 lut_exp=0 nonlinear_mode=0 scna_width=0 scna_exp=0 qo_len=16 kv_len=4096 n_heads=12 n_kv_heads=2 head_dim=128 kv_head=0 worker=0 profiled_total=728 q_load=4 k_load=199 v_load=176 qk_dot=6 safe_sm=331 core_acc=5 o_scale=1 o_store=6
FIG8_ATTENTION_TIMERS mode=baseline phase=measure iteration=13 lut_exp=0 nonlinear_mode=0 scna_width=0 scna_exp=0 qo_len=16 kv_len=4096 n_heads=12 n_kv_heads=2 head_dim=128 kv_head=1 worker=0 profiled_total=735 q_load=4 k_load=203 v_load=184 qk_dot=6 safe_sm=327 core_acc=5 o_scale=0 o_store=6
FIG8_ATTENTION_EVENT_COUNT mode=baseline qo_len=16 phase=measure iteration=13 events=16 max_events=12512 overflow=0
FIG8_ATTENTION_EVENT mode=baseline phase=measure iteration=13 component=q_load component_id=1 lut_exp=0 qo_len=16 kv_len=4096 n_heads=12 n_kv_heads=2 head_dim=128 kv_head=0 worker=0 block_r=0 block_c=-1 t0_us=2283925941867 t1_us=2283925941872 dur_us=4
FIG8_ATTENTION_EVENT mode=baseline phase=measure iteration=13 component=k_load component_id=2 lut_exp=0 qo_len=16 kv_len=4096 n_heads=12 n_kv_heads=2 head_dim=128 kv_head=0 worker=0 block_r=0 block_c=0 t0_us=2283925941873 t1_us=2283925942073 dur_us=199
FIG8_ATTENTION_EVENT mode=baseline phase=measure iteration=13 component=qk_dot component_id=4 lut_exp=0 qo_len=16 kv_len=4096 n_heads=12 n_kv_heads=2 head_dim=128 kv_head=0 worker=0 block_r=0 block_c=0 t0_us=2283925942073 t1_us=2283925942079 dur_us=6
FIG8_ATTENTION_EVENT mode=baseline phase=measure iteration=13 component=safe_sm component_id=5 lut_exp=0 qo_len=16 kv_len=4096 n_heads=12 n_kv_heads=2 head_dim=128 kv_head=0 worker=0 block_r=0 block_c=0 t0_us=2283925942079 t1_us=2283925942411 dur_us=331
FIG8_ATTENTION_EVENT mode=baseline phase=measure iteration=13 component=v_load component_id=3 lut_exp=0 qo_len=16 kv_len=4096 n_heads=12 n_kv_heads=2 head_dim=128 kv_head=0 worker=0 block_r=0 block_c=0 t0_us=2283925942412 t1_us=2283925942588 dur_us=176
FIG8_ATTENTION_EVENT mode=baseline phase=measure iteration=13 component=core_acc component_id=6 lut_exp=0 qo_len=16 kv_len=4096 n_heads=12 n_kv_heads=2 head_dim=128 kv_head=0 worker=0 block_r=0 block_c=0 t0_us=2283925942588 t1_us=2283925942594 dur_us=5
FIG8_ATTENTION_EVENT mode=baseline phase=measure iteration=13 component=o_scale component_id=7 lut_exp=0 qo_len=16 kv_len=4096 n_heads=12 n_kv_heads=2 head_dim=128 kv_head=0 worker=0 block_r=0 block_c=-1 t0_us=2283925942594 t1_us=2283925942596 dur_us=1
FIG8_ATTENTION_EVENT mode=baseline phase=measure iteration=13 component=o_store component_id=8 lut_exp=0 qo_len=16 kv_len=4096 n_heads=12 n_kv_heads=2 head_dim=128 kv_head=0 worker=0 block_r=0 block_c=-1 t0_us=2283925942597 t1_us=2283925942603 dur_us=6
FIG8_ATTENTION_EVENT mode=baseline phase=measure iteration=13 component=q_load component_id=1 lut_exp=0 qo_len=16 kv_len=4096 n_heads=12 n_kv_heads=2 head_dim=128 kv_head=1 worker=0 block_r=0 block_c=-1 t0_us=2283925942645 t1_us=2283925942649 dur_us=4
FIG8_ATTENTION_EVENT mode=baseline phase=measure iteration=13 component=k_load component_id=2 lut_exp=0 qo_len=16 kv_len=4096 n_heads=12 n_kv_heads=2 head_dim=128 kv_head=1 worker=0 block_r=0 block_c=0 t0_us=2283925942651 t1_us=2283925942855 dur_us=203
FIG8_ATTENTION_EVENT mode=baseline phase=measure iteration=13 component=qk_dot component_id=4 lut_exp=0 qo_len=16 kv_len=4096 n_heads=12 n_kv_heads=2 head_dim=128 kv_head=1 worker=0 block_r=0 block_c=0 t0_us=2283925942855 t1_us=2283925942862 dur_us=6
FIG8_ATTENTION_EVENT mode=baseline phase=measure iteration=13 component=safe_sm component_id=5 lut_exp=0 qo_len=16 kv_len=4096 n_heads=12 n_kv_heads=2 head_dim=128 kv_head=1 worker=0 block_r=0 block_c=0 t0_us=2283925942862 t1_us=2283925943190 dur_us=327
FIG8_ATTENTION_EVENT mode=baseline phase=measure iteration=13 component=v_load component_id=3 lut_exp=0 qo_len=16 kv_len=4096 n_heads=12 n_kv_heads=2 head_dim=128 kv_head=1 worker=0 block_r=0 block_c=0 t0_us=2283925943191 t1_us=2283925943375 dur_us=184
FIG8_ATTENTION_EVENT mode=baseline phase=measure iteration=13 component=core_acc component_id=6 lut_exp=0 qo_len=16 kv_len=4096 n_heads=12 n_kv_heads=2 head_dim=128 kv_head=1 worker=0 block_r=0 block_c=0 t0_us=2283925943376 t1_us=2283925943381 dur_us=5
FIG8_ATTENTION_EVENT mode=baseline phase=measure iteration=13 component=o_scale component_id=7 lut_exp=0 qo_len=16 kv_len=4096 n_heads=12 n_kv_heads=2 head_dim=128 kv_head=1 worker=0 block_r=0 block_c=-1 t0_us=2283925943382 t1_us=2283925943383 dur_us=0
FIG8_ATTENTION_EVENT mode=baseline phase=measure iteration=13 component=o_store component_id=8 lut_exp=0 qo_len=16 kv_len=4096 n_heads=12 n_kv_heads=2 head_dim=128 kv_head=1 worker=0 block_r=0 block_c=-1 t0_us=2283925943383 t1_us=2283925943390 dur_us=6
FIG8_ATTENTION_HOST_TIMING mode=baseline qo_len=16 kv_len=4096 n_heads=12 n_kv_heads=2 head_dim=128 phase=measure iteration=14 host_elapsed_us=1741 ret=0
FIG8_ATTENTION_PROFILE_COUNT mode=baseline qo_len=16 phase=measure iteration=14 records=2 max_records=10
FIG8_ATTENTION_TIMERS mode=baseline phase=measure iteration=14 lut_exp=0 nonlinear_mode=0 scna_width=0 scna_exp=0 qo_len=16 kv_len=4096 n_heads=12 n_kv_heads=2 head_dim=128 kv_head=0 worker=0 profiled_total=731 q_load=4 k_load=198 v_load=179 qk_dot=6 safe_sm=332 core_acc=5 o_scale=1 o_store=6
FIG8_ATTENTION_TIMERS mode=baseline phase=measure iteration=14 lut_exp=0 nonlinear_mode=0 scna_width=0 scna_exp=0 qo_len=16 kv_len=4096 n_heads=12 n_kv_heads=2 head_dim=128 kv_head=1 worker=0 profiled_total=731 q_load=4 k_load=203 v_load=182 qk_dot=6 safe_sm=325 core_acc=5 o_scale=0 o_store=6
FIG8_ATTENTION_EVENT_COUNT mode=baseline qo_len=16 phase=measure iteration=14 events=16 max_events=12512 overflow=0
FIG8_ATTENTION_EVENT mode=baseline phase=measure iteration=14 component=q_load component_id=1 lut_exp=0 qo_len=16 kv_len=4096 n_heads=12 n_kv_heads=2 head_dim=128 kv_head=0 worker=0 block_r=0 block_c=-1 t0_us=2283925943968 t1_us=2283925943973 dur_us=4
FIG8_ATTENTION_EVENT mode=baseline phase=measure iteration=14 component=k_load component_id=2 lut_exp=0 qo_len=16 kv_len=4096 n_heads=12 n_kv_heads=2 head_dim=128 kv_head=0 worker=0 block_r=0 block_c=0 t0_us=2283925943974 t1_us=2283925944173 dur_us=198
FIG8_ATTENTION_EVENT mode=baseline phase=measure iteration=14 component=qk_dot component_id=4 lut_exp=0 qo_len=16 kv_len=4096 n_heads=12 n_kv_heads=2 head_dim=128 kv_head=0 worker=0 block_r=0 block_c=0 t0_us=2283925944173 t1_us=2283925944179 dur_us=6
FIG8_ATTENTION_EVENT mode=baseline phase=measure iteration=14 component=safe_sm component_id=5 lut_exp=0 qo_len=16 kv_len=4096 n_heads=12 n_kv_heads=2 head_dim=128 kv_head=0 worker=0 block_r=0 block_c=0 t0_us=2283925944180 t1_us=2283925944512 dur_us=332
FIG8_ATTENTION_EVENT mode=baseline phase=measure iteration=14 component=v_load component_id=3 lut_exp=0 qo_len=16 kv_len=4096 n_heads=12 n_kv_heads=2 head_dim=128 kv_head=0 worker=0 block_r=0 block_c=0 t0_us=2283925944512 t1_us=2283925944692 dur_us=179
FIG8_ATTENTION_EVENT mode=baseline phase=measure iteration=14 component=core_acc component_id=6 lut_exp=0 qo_len=16 kv_len=4096 n_heads=12 n_kv_heads=2 head_dim=128 kv_head=0 worker=0 block_r=0 block_c=0 t0_us=2283925944692 t1_us=2283925944698 dur_us=5
FIG8_ATTENTION_EVENT mode=baseline phase=measure iteration=14 component=o_scale component_id=7 lut_exp=0 qo_len=16 kv_len=4096 n_heads=12 n_kv_heads=2 head_dim=128 kv_head=0 worker=0 block_r=0 block_c=-1 t0_us=2283925944698 t1_us=2283925944700 dur_us=1
FIG8_ATTENTION_EVENT mode=baseline phase=measure iteration=14 component=o_store component_id=8 lut_exp=0 qo_len=16 kv_len=4096 n_heads=12 n_kv_heads=2 head_dim=128 kv_head=0 worker=0 block_r=0 block_c=-1 t0_us=2283925944700 t1_us=2283925944706 dur_us=6
FIG8_ATTENTION_EVENT mode=baseline phase=measure iteration=14 component=q_load component_id=1 lut_exp=0 qo_len=16 kv_len=4096 n_heads=12 n_kv_heads=2 head_dim=128 kv_head=1 worker=0 block_r=0 block_c=-1 t0_us=2283925944749 t1_us=2283925944753 dur_us=4
FIG8_ATTENTION_EVENT mode=baseline phase=measure iteration=14 component=k_load component_id=2 lut_exp=0 qo_len=16 kv_len=4096 n_heads=12 n_kv_heads=2 head_dim=128 kv_head=1 worker=0 block_r=0 block_c=0 t0_us=2283925944755 t1_us=2283925944959 dur_us=203
FIG8_ATTENTION_EVENT mode=baseline phase=measure iteration=14 component=qk_dot component_id=4 lut_exp=0 qo_len=16 kv_len=4096 n_heads=12 n_kv_heads=2 head_dim=128 kv_head=1 worker=0 block_r=0 block_c=0 t0_us=2283925944959 t1_us=2283925944966 dur_us=6
FIG8_ATTENTION_EVENT mode=baseline phase=measure iteration=14 component=safe_sm component_id=5 lut_exp=0 qo_len=16 kv_len=4096 n_heads=12 n_kv_heads=2 head_dim=128 kv_head=1 worker=0 block_r=0 block_c=0 t0_us=2283925944967 t1_us=2283925945292 dur_us=325
FIG8_ATTENTION_EVENT mode=baseline phase=measure iteration=14 component=v_load component_id=3 lut_exp=0 qo_len=16 kv_len=4096 n_heads=12 n_kv_heads=2 head_dim=128 kv_head=1 worker=0 block_r=0 block_c=0 t0_us=2283925945293 t1_us=2283925945475 dur_us=182
FIG8_ATTENTION_EVENT mode=baseline phase=measure iteration=14 component=core_acc component_id=6 lut_exp=0 qo_len=16 kv_len=4096 n_heads=12 n_kv_heads=2 head_dim=128 kv_head=1 worker=0 block_r=0 block_c=0 t0_us=2283925945476 t1_us=2283925945482 dur_us=5
FIG8_ATTENTION_EVENT mode=baseline phase=measure iteration=14 component=o_scale component_id=7 lut_exp=0 qo_len=16 kv_len=4096 n_heads=12 n_kv_heads=2 head_dim=128 kv_head=1 worker=0 block_r=0 block_c=-1 t0_us=2283925945483 t1_us=2283925945483 dur_us=0
FIG8_ATTENTION_EVENT mode=baseline phase=measure iteration=14 component=o_store component_id=8 lut_exp=0 qo_len=16 kv_len=4096 n_heads=12 n_kv_heads=2 head_dim=128 kv_head=1 worker=0 block_r=0 block_c=-1 t0_us=2283925945484 t1_us=2283925945490 dur_us=6
FIG8_ATTENTION_HOST_TIMING mode=baseline qo_len=16 kv_len=4096 n_heads=12 n_kv_heads=2 head_dim=128 phase=measure iteration=15 host_elapsed_us=1830 ret=0
FIG8_ATTENTION_PROFILE_COUNT mode=baseline qo_len=16 phase=measure iteration=15 records=2 max_records=10
FIG8_ATTENTION_TIMERS mode=baseline phase=measure iteration=15 lut_exp=0 nonlinear_mode=0 scna_width=0 scna_exp=0 qo_len=16 kv_len=4096 n_heads=12 n_kv_heads=2 head_dim=128 kv_head=0 worker=0 profiled_total=737 q_load=4 k_load=199 v_load=184 qk_dot=6 safe_sm=332 core_acc=5 o_scale=1 o_store=6
FIG8_ATTENTION_TIMERS mode=baseline phase=measure iteration=15 lut_exp=0 nonlinear_mode=0 scna_width=0 scna_exp=0 qo_len=16 kv_len=4096 n_heads=12 n_kv_heads=2 head_dim=128 kv_head=1 worker=0 profiled_total=734 q_load=4 k_load=210 v_load=179 qk_dot=6 safe_sm=324 core_acc=5 o_scale=0 o_store=6
FIG8_ATTENTION_EVENT_COUNT mode=baseline qo_len=16 phase=measure iteration=15 events=16 max_events=12512 overflow=0
FIG8_ATTENTION_EVENT mode=baseline phase=measure iteration=15 component=q_load component_id=1 lut_exp=0 qo_len=16 kv_len=4096 n_heads=12 n_kv_heads=2 head_dim=128 kv_head=0 worker=0 block_r=0 block_c=-1 t0_us=2283925946038 t1_us=2283925946042 dur_us=4
FIG8_ATTENTION_EVENT mode=baseline phase=measure iteration=15 component=k_load component_id=2 lut_exp=0 qo_len=16 kv_len=4096 n_heads=12 n_kv_heads=2 head_dim=128 kv_head=0 worker=0 block_r=0 block_c=0 t0_us=2283925946044 t1_us=2283925946243 dur_us=199
FIG8_ATTENTION_EVENT mode=baseline phase=measure iteration=15 component=qk_dot component_id=4 lut_exp=0 qo_len=16 kv_len=4096 n_heads=12 n_kv_heads=2 head_dim=128 kv_head=0 worker=0 block_r=0 block_c=0 t0_us=2283925946243 t1_us=2283925946250 dur_us=6
FIG8_ATTENTION_EVENT mode=baseline phase=measure iteration=15 component=safe_sm component_id=5 lut_exp=0 qo_len=16 kv_len=4096 n_heads=12 n_kv_heads=2 head_dim=128 kv_head=0 worker=0 block_r=0 block_c=0 t0_us=2283925946250 t1_us=2283925946583 dur_us=332
FIG8_ATTENTION_EVENT mode=baseline phase=measure iteration=15 component=v_load component_id=3 lut_exp=0 qo_len=16 kv_len=4096 n_heads=12 n_kv_heads=2 head_dim=128 kv_head=0 worker=0 block_r=0 block_c=0 t0_us=2283925946583 t1_us=2283925946767 dur_us=184
FIG8_ATTENTION_EVENT mode=baseline phase=measure iteration=15 component=core_acc component_id=6 lut_exp=0 qo_len=16 kv_len=4096 n_heads=12 n_kv_heads=2 head_dim=128 kv_head=0 worker=0 block_r=0 block_c=0 t0_us=2283925946768 t1_us=2283925946773 dur_us=5
FIG8_ATTENTION_EVENT mode=baseline phase=measure iteration=15 component=o_scale component_id=7 lut_exp=0 qo_len=16 kv_len=4096 n_heads=12 n_kv_heads=2 head_dim=128 kv_head=0 worker=0 block_r=0 block_c=-1 t0_us=2283925946774 t1_us=2283925946775 dur_us=1
FIG8_ATTENTION_EVENT mode=baseline phase=measure iteration=15 component=o_store component_id=8 lut_exp=0 qo_len=16 kv_len=4096 n_heads=12 n_kv_heads=2 head_dim=128 kv_head=0 worker=0 block_r=0 block_c=-1 t0_us=2283925946776 t1_us=2283925946782 dur_us=6
FIG8_ATTENTION_EVENT mode=baseline phase=measure iteration=15 component=q_load component_id=1 lut_exp=0 qo_len=16 kv_len=4096 n_heads=12 n_kv_heads=2 head_dim=128 kv_head=1 worker=0 block_r=0 block_c=-1 t0_us=2283925946825 t1_us=2283925946829 dur_us=4
FIG8_ATTENTION_EVENT mode=baseline phase=measure iteration=15 component=k_load component_id=2 lut_exp=0 qo_len=16 kv_len=4096 n_heads=12 n_kv_heads=2 head_dim=128 kv_head=1 worker=0 block_r=0 block_c=0 t0_us=2283925946831 t1_us=2283925947041 dur_us=210
FIG8_ATTENTION_EVENT mode=baseline phase=measure iteration=15 component=qk_dot component_id=4 lut_exp=0 qo_len=16 kv_len=4096 n_heads=12 n_kv_heads=2 head_dim=128 kv_head=1 worker=0 block_r=0 block_c=0 t0_us=2283925947042 t1_us=2283925947048 dur_us=6
FIG8_ATTENTION_EVENT mode=baseline phase=measure iteration=15 component=safe_sm component_id=5 lut_exp=0 qo_len=16 kv_len=4096 n_heads=12 n_kv_heads=2 head_dim=128 kv_head=1 worker=0 block_r=0 block_c=0 t0_us=2283925947049 t1_us=2283925947373 dur_us=324
FIG8_ATTENTION_EVENT mode=baseline phase=measure iteration=15 component=v_load component_id=3 lut_exp=0 qo_len=16 kv_len=4096 n_heads=12 n_kv_heads=2 head_dim=128 kv_head=1 worker=0 block_r=0 block_c=0 t0_us=2283925947374 t1_us=2283925947553 dur_us=179
FIG8_ATTENTION_EVENT mode=baseline phase=measure iteration=15 component=core_acc component_id=6 lut_exp=0 qo_len=16 kv_len=4096 n_heads=12 n_kv_heads=2 head_dim=128 kv_head=1 worker=0 block_r=0 block_c=0 t0_us=2283925947554 t1_us=2283925947559 dur_us=5
FIG8_ATTENTION_EVENT mode=baseline phase=measure iteration=15 component=o_scale component_id=7 lut_exp=0 qo_len=16 kv_len=4096 n_heads=12 n_kv_heads=2 head_dim=128 kv_head=1 worker=0 block_r=0 block_c=-1 t0_us=2283925947560 t1_us=2283925947561 dur_us=0
FIG8_ATTENTION_EVENT mode=baseline phase=measure iteration=15 component=o_store component_id=8 lut_exp=0 qo_len=16 kv_len=4096 n_heads=12 n_kv_heads=2 head_dim=128 kv_head=1 worker=0 block_r=0 block_c=-1 t0_us=2283925947561 t1_us=2283925947568 dur_us=6
FIG8_ATTENTION_HOST_TIMING mode=baseline qo_len=16 kv_len=4096 n_heads=12 n_kv_heads=2 head_dim=128 phase=measure iteration=16 host_elapsed_us=1820 ret=0
FIG8_ATTENTION_PROFILE_COUNT mode=baseline qo_len=16 phase=measure iteration=16 records=2 max_records=10
FIG8_ATTENTION_TIMERS mode=baseline phase=measure iteration=16 lut_exp=0 nonlinear_mode=0 scna_width=0 scna_exp=0 qo_len=16 kv_len=4096 n_heads=12 n_kv_heads=2 head_dim=128 kv_head=0 worker=0 profiled_total=731 q_load=5 k_load=200 v_load=176 qk_dot=6 safe_sm=332 core_acc=5 o_scale=1 o_store=6
FIG8_ATTENTION_TIMERS mode=baseline phase=measure iteration=16 lut_exp=0 nonlinear_mode=0 scna_width=0 scna_exp=0 qo_len=16 kv_len=4096 n_heads=12 n_kv_heads=2 head_dim=128 kv_head=1 worker=0 profiled_total=737 q_load=4 k_load=209 v_load=183 qk_dot=6 safe_sm=324 core_acc=5 o_scale=0 o_store=6
FIG8_ATTENTION_EVENT_COUNT mode=baseline qo_len=16 phase=measure iteration=16 events=16 max_events=12512 overflow=0
FIG8_ATTENTION_EVENT mode=baseline phase=measure iteration=16 component=q_load component_id=1 lut_exp=0 qo_len=16 kv_len=4096 n_heads=12 n_kv_heads=2 head_dim=128 kv_head=0 worker=0 block_r=0 block_c=-1 t0_us=2283925948198 t1_us=2283925948203 dur_us=5
FIG8_ATTENTION_EVENT mode=baseline phase=measure iteration=16 component=k_load component_id=2 lut_exp=0 qo_len=16 kv_len=4096 n_heads=12 n_kv_heads=2 head_dim=128 kv_head=0 worker=0 block_r=0 block_c=0 t0_us=2283925948204 t1_us=2283925948405 dur_us=200
FIG8_ATTENTION_EVENT mode=baseline phase=measure iteration=16 component=qk_dot component_id=4 lut_exp=0 qo_len=16 kv_len=4096 n_heads=12 n_kv_heads=2 head_dim=128 kv_head=0 worker=0 block_r=0 block_c=0 t0_us=2283925948405 t1_us=2283925948411 dur_us=6
FIG8_ATTENTION_EVENT mode=baseline phase=measure iteration=16 component=safe_sm component_id=5 lut_exp=0 qo_len=16 kv_len=4096 n_heads=12 n_kv_heads=2 head_dim=128 kv_head=0 worker=0 block_r=0 block_c=0 t0_us=2283925948411 t1_us=2283925948744 dur_us=332
FIG8_ATTENTION_EVENT mode=baseline phase=measure iteration=16 component=v_load component_id=3 lut_exp=0 qo_len=16 kv_len=4096 n_heads=12 n_kv_heads=2 head_dim=128 kv_head=0 worker=0 block_r=0 block_c=0 t0_us=2283925948744 t1_us=2283925948921 dur_us=176
FIG8_ATTENTION_EVENT mode=baseline phase=measure iteration=16 component=core_acc component_id=6 lut_exp=0 qo_len=16 kv_len=4096 n_heads=12 n_kv_heads=2 head_dim=128 kv_head=0 worker=0 block_r=0 block_c=0 t0_us=2283925948922 t1_us=2283925948927 dur_us=5
FIG8_ATTENTION_EVENT mode=baseline phase=measure iteration=16 component=o_scale component_id=7 lut_exp=0 qo_len=16 kv_len=4096 n_heads=12 n_kv_heads=2 head_dim=128 kv_head=0 worker=0 block_r=0 block_c=-1 t0_us=2283925948928 t1_us=2283925948929 dur_us=1
FIG8_ATTENTION_EVENT mode=baseline phase=measure iteration=16 component=o_store component_id=8 lut_exp=0 qo_len=16 kv_len=4096 n_heads=12 n_kv_heads=2 head_dim=128 kv_head=0 worker=0 block_r=0 block_c=-1 t0_us=2283925948930 t1_us=2283925948937 dur_us=6
FIG8_ATTENTION_EVENT mode=baseline phase=measure iteration=16 component=q_load component_id=1 lut_exp=0 qo_len=16 kv_len=4096 n_heads=12 n_kv_heads=2 head_dim=128 kv_head=1 worker=0 block_r=0 block_c=-1 t0_us=2283925948980 t1_us=2283925948984 dur_us=4
FIG8_ATTENTION_EVENT mode=baseline phase=measure iteration=16 component=k_load component_id=2 lut_exp=0 qo_len=16 kv_len=4096 n_heads=12 n_kv_heads=2 head_dim=128 kv_head=1 worker=0 block_r=0 block_c=0 t0_us=2283925948986 t1_us=2283925949196 dur_us=209
FIG8_ATTENTION_EVENT mode=baseline phase=measure iteration=16 component=qk_dot component_id=4 lut_exp=0 qo_len=16 kv_len=4096 n_heads=12 n_kv_heads=2 head_dim=128 kv_head=1 worker=0 block_r=0 block_c=0 t0_us=2283925949196 t1_us=2283925949203 dur_us=6
FIG8_ATTENTION_EVENT mode=baseline phase=measure iteration=16 component=safe_sm component_id=5 lut_exp=0 qo_len=16 kv_len=4096 n_heads=12 n_kv_heads=2 head_dim=128 kv_head=1 worker=0 block_r=0 block_c=0 t0_us=2283925949203 t1_us=2283925949527 dur_us=324
FIG8_ATTENTION_EVENT mode=baseline phase=measure iteration=16 component=v_load component_id=3 lut_exp=0 qo_len=16 kv_len=4096 n_heads=12 n_kv_heads=2 head_dim=128 kv_head=1 worker=0 block_r=0 block_c=0 t0_us=2283925949528 t1_us=2283925949711 dur_us=183
FIG8_ATTENTION_EVENT mode=baseline phase=measure iteration=16 component=core_acc component_id=6 lut_exp=0 qo_len=16 kv_len=4096 n_heads=12 n_kv_heads=2 head_dim=128 kv_head=1 worker=0 block_r=0 block_c=0 t0_us=2283925949712 t1_us=2283925949718 dur_us=5
FIG8_ATTENTION_EVENT mode=baseline phase=measure iteration=16 component=o_scale component_id=7 lut_exp=0 qo_len=16 kv_len=4096 n_heads=12 n_kv_heads=2 head_dim=128 kv_head=1 worker=0 block_r=0 block_c=-1 t0_us=2283925949719 t1_us=2283925949720 dur_us=0
FIG8_ATTENTION_EVENT mode=baseline phase=measure iteration=16 component=o_store component_id=8 lut_exp=0 qo_len=16 kv_len=4096 n_heads=12 n_kv_heads=2 head_dim=128 kv_head=1 worker=0 block_r=0 block_c=-1 t0_us=2283925949720 t1_us=2283925949726 dur_us=6
FIG8_ATTENTION_HOST_TIMING mode=baseline qo_len=16 kv_len=4096 n_heads=12 n_kv_heads=2 head_dim=128 phase=measure iteration=17 host_elapsed_us=1806 ret=0
FIG8_ATTENTION_PROFILE_COUNT mode=baseline qo_len=16 phase=measure iteration=17 records=2 max_records=10
FIG8_ATTENTION_TIMERS mode=baseline phase=measure iteration=17 lut_exp=0 nonlinear_mode=0 scna_width=0 scna_exp=0 qo_len=16 kv_len=4096 n_heads=12 n_kv_heads=2 head_dim=128 kv_head=0 worker=0 profiled_total=729 q_load=4 k_load=197 v_load=178 qk_dot=6 safe_sm=332 core_acc=5 o_scale=1 o_store=6
FIG8_ATTENTION_TIMERS mode=baseline phase=measure iteration=17 lut_exp=0 nonlinear_mode=0 scna_width=0 scna_exp=0 qo_len=16 kv_len=4096 n_heads=12 n_kv_heads=2 head_dim=128 kv_head=1 worker=0 profiled_total=735 q_load=4 k_load=202 v_load=185 qk_dot=6 safe_sm=326 core_acc=5 o_scale=1 o_store=6
FIG8_ATTENTION_EVENT_COUNT mode=baseline qo_len=16 phase=measure iteration=17 events=16 max_events=12512 overflow=0
FIG8_ATTENTION_EVENT mode=baseline phase=measure iteration=17 component=q_load component_id=1 lut_exp=0 qo_len=16 kv_len=4096 n_heads=12 n_kv_heads=2 head_dim=128 kv_head=0 worker=0 block_r=0 block_c=-1 t0_us=2283925950370 t1_us=2283925950375 dur_us=4
FIG8_ATTENTION_EVENT mode=baseline phase=measure iteration=17 component=k_load component_id=2 lut_exp=0 qo_len=16 kv_len=4096 n_heads=12 n_kv_heads=2 head_dim=128 kv_head=0 worker=0 block_r=0 block_c=0 t0_us=2283925950376 t1_us=2283925950574 dur_us=197
FIG8_ATTENTION_EVENT mode=baseline phase=measure iteration=17 component=qk_dot component_id=4 lut_exp=0 qo_len=16 kv_len=4096 n_heads=12 n_kv_heads=2 head_dim=128 kv_head=0 worker=0 block_r=0 block_c=0 t0_us=2283925950574 t1_us=2283925950580 dur_us=6
FIG8_ATTENTION_EVENT mode=baseline phase=measure iteration=17 component=safe_sm component_id=5 lut_exp=0 qo_len=16 kv_len=4096 n_heads=12 n_kv_heads=2 head_dim=128 kv_head=0 worker=0 block_r=0 block_c=0 t0_us=2283925950581 t1_us=2283925950913 dur_us=332
FIG8_ATTENTION_EVENT mode=baseline phase=measure iteration=17 component=v_load component_id=3 lut_exp=0 qo_len=16 kv_len=4096 n_heads=12 n_kv_heads=2 head_dim=128 kv_head=0 worker=0 block_r=0 block_c=0 t0_us=2283925950914 t1_us=2283925951093 dur_us=178
FIG8_ATTENTION_EVENT mode=baseline phase=measure iteration=17 component=core_acc component_id=6 lut_exp=0 qo_len=16 kv_len=4096 n_heads=12 n_kv_heads=2 head_dim=128 kv_head=0 worker=0 block_r=0 block_c=0 t0_us=2283925951093 t1_us=2283925951099 dur_us=5
FIG8_ATTENTION_EVENT mode=baseline phase=measure iteration=17 component=o_scale component_id=7 lut_exp=0 qo_len=16 kv_len=4096 n_heads=12 n_kv_heads=2 head_dim=128 kv_head=0 worker=0 block_r=0 block_c=-1 t0_us=2283925951099 t1_us=2283925951101 dur_us=1
FIG8_ATTENTION_EVENT mode=baseline phase=measure iteration=17 component=o_store component_id=8 lut_exp=0 qo_len=16 kv_len=4096 n_heads=12 n_kv_heads=2 head_dim=128 kv_head=0 worker=0 block_r=0 block_c=-1 t0_us=2283925951101 t1_us=2283925951107 dur_us=6
FIG8_ATTENTION_EVENT mode=baseline phase=measure iteration=17 component=q_load component_id=1 lut_exp=0 qo_len=16 kv_len=4096 n_heads=12 n_kv_heads=2 head_dim=128 kv_head=1 worker=0 block_r=0 block_c=-1 t0_us=2283925951150 t1_us=2283925951155 dur_us=4
FIG8_ATTENTION_EVENT mode=baseline phase=measure iteration=17 component=k_load component_id=2 lut_exp=0 qo_len=16 kv_len=4096 n_heads=12 n_kv_heads=2 head_dim=128 kv_head=1 worker=0 block_r=0 block_c=0 t0_us=2283925951156 t1_us=2283925951359 dur_us=202
FIG8_ATTENTION_EVENT mode=baseline phase=measure iteration=17 component=qk_dot component_id=4 lut_exp=0 qo_len=16 kv_len=4096 n_heads=12 n_kv_heads=2 head_dim=128 kv_head=1 worker=0 block_r=0 block_c=0 t0_us=2283925951359 t1_us=2283925951366 dur_us=6
FIG8_ATTENTION_EVENT mode=baseline phase=measure iteration=17 component=safe_sm component_id=5 lut_exp=0 qo_len=16 kv_len=4096 n_heads=12 n_kv_heads=2 head_dim=128 kv_head=1 worker=0 block_r=0 block_c=0 t0_us=2283925951366 t1_us=2283925951693 dur_us=326
FIG8_ATTENTION_EVENT mode=baseline phase=measure iteration=17 component=v_load component_id=3 lut_exp=0 qo_len=16 kv_len=4096 n_heads=12 n_kv_heads=2 head_dim=128 kv_head=1 worker=0 block_r=0 block_c=0 t0_us=2283925951693 t1_us=2283925951878 dur_us=185
FIG8_ATTENTION_EVENT mode=baseline phase=measure iteration=17 component=core_acc component_id=6 lut_exp=0 qo_len=16 kv_len=4096 n_heads=12 n_kv_heads=2 head_dim=128 kv_head=1 worker=0 block_r=0 block_c=0 t0_us=2283925951879 t1_us=2283925951885 dur_us=5
FIG8_ATTENTION_EVENT mode=baseline phase=measure iteration=17 component=o_scale component_id=7 lut_exp=0 qo_len=16 kv_len=4096 n_heads=12 n_kv_heads=2 head_dim=128 kv_head=1 worker=0 block_r=0 block_c=-1 t0_us=2283925951885 t1_us=2283925951887 dur_us=1
FIG8_ATTENTION_EVENT mode=baseline phase=measure iteration=17 component=o_store component_id=8 lut_exp=0 qo_len=16 kv_len=4096 n_heads=12 n_kv_heads=2 head_dim=128 kv_head=1 worker=0 block_r=0 block_c=-1 t0_us=2283925951887 t1_us=2283925951893 dur_us=6
FIG8_ATTENTION_HOST_TIMING mode=baseline qo_len=16 kv_len=4096 n_heads=12 n_kv_heads=2 head_dim=128 phase=measure iteration=18 host_elapsed_us=1711 ret=0
FIG8_ATTENTION_PROFILE_COUNT mode=baseline qo_len=16 phase=measure iteration=18 records=2 max_records=10
FIG8_ATTENTION_TIMERS mode=baseline phase=measure iteration=18 lut_exp=0 nonlinear_mode=0 scna_width=0 scna_exp=0 qo_len=16 kv_len=4096 n_heads=12 n_kv_heads=2 head_dim=128 kv_head=0 worker=0 profiled_total=734 q_load=4 k_load=196 v_load=183 qk_dot=6 safe_sm=333 core_acc=5 o_scale=1 o_store=6
FIG8_ATTENTION_TIMERS mode=baseline phase=measure iteration=18 lut_exp=0 nonlinear_mode=0 scna_width=0 scna_exp=0 qo_len=16 kv_len=4096 n_heads=12 n_kv_heads=2 head_dim=128 kv_head=1 worker=0 profiled_total=729 q_load=4 k_load=204 v_load=182 qk_dot=6 safe_sm=322 core_acc=5 o_scale=0 o_store=6
FIG8_ATTENTION_EVENT_COUNT mode=baseline qo_len=16 phase=measure iteration=18 events=16 max_events=12512 overflow=0
FIG8_ATTENTION_EVENT mode=baseline phase=measure iteration=18 component=q_load component_id=1 lut_exp=0 qo_len=16 kv_len=4096 n_heads=12 n_kv_heads=2 head_dim=128 kv_head=0 worker=0 block_r=0 block_c=-1 t0_us=2283925952554 t1_us=2283925952559 dur_us=4
FIG8_ATTENTION_EVENT mode=baseline phase=measure iteration=18 component=k_load component_id=2 lut_exp=0 qo_len=16 kv_len=4096 n_heads=12 n_kv_heads=2 head_dim=128 kv_head=0 worker=0 block_r=0 block_c=0 t0_us=2283925952560 t1_us=2283925952757 dur_us=196
FIG8_ATTENTION_EVENT mode=baseline phase=measure iteration=18 component=qk_dot component_id=4 lut_exp=0 qo_len=16 kv_len=4096 n_heads=12 n_kv_heads=2 head_dim=128 kv_head=0 worker=0 block_r=0 block_c=0 t0_us=2283925952757 t1_us=2283925952764 dur_us=6
FIG8_ATTENTION_EVENT mode=baseline phase=measure iteration=18 component=safe_sm component_id=5 lut_exp=0 qo_len=16 kv_len=4096 n_heads=12 n_kv_heads=2 head_dim=128 kv_head=0 worker=0 block_r=0 block_c=0 t0_us=2283925952764 t1_us=2283925953097 dur_us=333
FIG8_ATTENTION_EVENT mode=baseline phase=measure iteration=18 component=v_load component_id=3 lut_exp=0 qo_len=16 kv_len=4096 n_heads=12 n_kv_heads=2 head_dim=128 kv_head=0 worker=0 block_r=0 block_c=0 t0_us=2283925953097 t1_us=2283925953281 dur_us=183
FIG8_ATTENTION_EVENT mode=baseline phase=measure iteration=18 component=core_acc component_id=6 lut_exp=0 qo_len=16 kv_len=4096 n_heads=12 n_kv_heads=2 head_dim=128 kv_head=0 worker=0 block_r=0 block_c=0 t0_us=2283925953282 t1_us=2283925953287 dur_us=5
FIG8_ATTENTION_EVENT mode=baseline phase=measure iteration=18 component=o_scale component_id=7 lut_exp=0 qo_len=16 kv_len=4096 n_heads=12 n_kv_heads=2 head_dim=128 kv_head=0 worker=0 block_r=0 block_c=-1 t0_us=2283925953287 t1_us=2283925953289 dur_us=1
FIG8_ATTENTION_EVENT mode=baseline phase=measure iteration=18 component=o_store component_id=8 lut_exp=0 qo_len=16 kv_len=4096 n_heads=12 n_kv_heads=2 head_dim=128 kv_head=0 worker=0 block_r=0 block_c=-1 t0_us=2283925953290 t1_us=2283925953296 dur_us=6
FIG8_ATTENTION_EVENT mode=baseline phase=measure iteration=18 component=q_load component_id=1 lut_exp=0 qo_len=16 kv_len=4096 n_heads=12 n_kv_heads=2 head_dim=128 kv_head=1 worker=0 block_r=0 block_c=-1 t0_us=2283925953338 t1_us=2283925953342 dur_us=4
FIG8_ATTENTION_EVENT mode=baseline phase=measure iteration=18 component=k_load component_id=2 lut_exp=0 qo_len=16 kv_len=4096 n_heads=12 n_kv_heads=2 head_dim=128 kv_head=1 worker=0 block_r=0 block_c=0 t0_us=2283925953344 t1_us=2283925953549 dur_us=204
FIG8_ATTENTION_EVENT mode=baseline phase=measure iteration=18 component=qk_dot component_id=4 lut_exp=0 qo_len=16 kv_len=4096 n_heads=12 n_kv_heads=2 head_dim=128 kv_head=1 worker=0 block_r=0 block_c=0 t0_us=2283925953549 t1_us=2283925953556 dur_us=6
FIG8_ATTENTION_EVENT mode=baseline phase=measure iteration=18 component=safe_sm component_id=5 lut_exp=0 qo_len=16 kv_len=4096 n_heads=12 n_kv_heads=2 head_dim=128 kv_head=1 worker=0 block_r=0 block_c=0 t0_us=2283925953557 t1_us=2283925953879 dur_us=322
FIG8_ATTENTION_EVENT mode=baseline phase=measure iteration=18 component=v_load component_id=3 lut_exp=0 qo_len=16 kv_len=4096 n_heads=12 n_kv_heads=2 head_dim=128 kv_head=1 worker=0 block_r=0 block_c=0 t0_us=2283925953880 t1_us=2283925954063 dur_us=182
FIG8_ATTENTION_EVENT mode=baseline phase=measure iteration=18 component=core_acc component_id=6 lut_exp=0 qo_len=16 kv_len=4096 n_heads=12 n_kv_heads=2 head_dim=128 kv_head=1 worker=0 block_r=0 block_c=0 t0_us=2283925954063 t1_us=2283925954069 dur_us=5
FIG8_ATTENTION_EVENT mode=baseline phase=measure iteration=18 component=o_scale component_id=7 lut_exp=0 qo_len=16 kv_len=4096 n_heads=12 n_kv_heads=2 head_dim=128 kv_head=1 worker=0 block_r=0 block_c=-1 t0_us=2283925954070 t1_us=2283925954071 dur_us=0
FIG8_ATTENTION_EVENT mode=baseline phase=measure iteration=18 component=o_store component_id=8 lut_exp=0 qo_len=16 kv_len=4096 n_heads=12 n_kv_heads=2 head_dim=128 kv_head=1 worker=0 block_r=0 block_c=-1 t0_us=2283925954071 t1_us=2283925954077 dur_us=6
FIG8_ATTENTION_HOST_TIMING mode=baseline qo_len=16 kv_len=4096 n_heads=12 n_kv_heads=2 head_dim=128 phase=measure iteration=19 host_elapsed_us=1995 ret=0
FIG8_ATTENTION_PROFILE_COUNT mode=baseline qo_len=16 phase=measure iteration=19 records=2 max_records=10
FIG8_ATTENTION_TIMERS mode=baseline phase=measure iteration=19 lut_exp=0 nonlinear_mode=0 scna_width=0 scna_exp=0 qo_len=16 kv_len=4096 n_heads=12 n_kv_heads=2 head_dim=128 kv_head=0 worker=0 profiled_total=732 q_load=4 k_load=197 v_load=181 qk_dot=6 safe_sm=333 core_acc=5 o_scale=1 o_store=5
FIG8_ATTENTION_TIMERS mode=baseline phase=measure iteration=19 lut_exp=0 nonlinear_mode=0 scna_width=0 scna_exp=0 qo_len=16 kv_len=4096 n_heads=12 n_kv_heads=2 head_dim=128 kv_head=1 worker=0 profiled_total=731 q_load=4 k_load=207 v_load=178 qk_dot=6 safe_sm=325 core_acc=5 o_scale=0 o_store=6
FIG8_ATTENTION_EVENT_COUNT mode=baseline qo_len=16 phase=measure iteration=19 events=16 max_events=12512 overflow=0
FIG8_ATTENTION_EVENT mode=baseline phase=measure iteration=19 component=q_load component_id=1 lut_exp=0 qo_len=16 kv_len=4096 n_heads=12 n_kv_heads=2 head_dim=128 kv_head=0 worker=0 block_r=0 block_c=-1 t0_us=2283925954590 t1_us=2283925954595 dur_us=4
FIG8_ATTENTION_EVENT mode=baseline phase=measure iteration=19 component=k_load component_id=2 lut_exp=0 qo_len=16 kv_len=4096 n_heads=12 n_kv_heads=2 head_dim=128 kv_head=0 worker=0 block_r=0 block_c=0 t0_us=2283925954596 t1_us=2283925954793 dur_us=197
FIG8_ATTENTION_EVENT mode=baseline phase=measure iteration=19 component=qk_dot component_id=4 lut_exp=0 qo_len=16 kv_len=4096 n_heads=12 n_kv_heads=2 head_dim=128 kv_head=0 worker=0 block_r=0 block_c=0 t0_us=2283925954794 t1_us=2283925954800 dur_us=6
FIG8_ATTENTION_EVENT mode=baseline phase=measure iteration=19 component=safe_sm component_id=5 lut_exp=0 qo_len=16 kv_len=4096 n_heads=12 n_kv_heads=2 head_dim=128 kv_head=0 worker=0 block_r=0 block_c=0 t0_us=2283925954800 t1_us=2283925955133 dur_us=333
FIG8_ATTENTION_EVENT mode=baseline phase=measure iteration=19 component=v_load component_id=3 lut_exp=0 qo_len=16 kv_len=4096 n_heads=12 n_kv_heads=2 head_dim=128 kv_head=0 worker=0 block_r=0 block_c=0 t0_us=2283925955134 t1_us=2283925955316 dur_us=181
FIG8_ATTENTION_EVENT mode=baseline phase=measure iteration=19 component=core_acc component_id=6 lut_exp=0 qo_len=16 kv_len=4096 n_heads=12 n_kv_heads=2 head_dim=128 kv_head=0 worker=0 block_r=0 block_c=0 t0_us=2283925955317 t1_us=2283925955322 dur_us=5
FIG8_ATTENTION_EVENT mode=baseline phase=measure iteration=19 component=o_scale component_id=7 lut_exp=0 qo_len=16 kv_len=4096 n_heads=12 n_kv_heads=2 head_dim=128 kv_head=0 worker=0 block_r=0 block_c=-1 t0_us=2283925955322 t1_us=2283925955324 dur_us=1
FIG8_ATTENTION_EVENT mode=baseline phase=measure iteration=19 component=o_store component_id=8 lut_exp=0 qo_len=16 kv_len=4096 n_heads=12 n_kv_heads=2 head_dim=128 kv_head=0 worker=0 block_r=0 block_c=-1 t0_us=2283925955325 t1_us=2283925955331 dur_us=5
FIG8_ATTENTION_EVENT mode=baseline phase=measure iteration=19 component=q_load component_id=1 lut_exp=0 qo_len=16 kv_len=4096 n_heads=12 n_kv_heads=2 head_dim=128 kv_head=1 worker=0 block_r=0 block_c=-1 t0_us=2283925955373 t1_us=2283925955377 dur_us=4
FIG8_ATTENTION_EVENT mode=baseline phase=measure iteration=19 component=k_load component_id=2 lut_exp=0 qo_len=16 kv_len=4096 n_heads=12 n_kv_heads=2 head_dim=128 kv_head=1 worker=0 block_r=0 block_c=0 t0_us=2283925955379 t1_us=2283925955587 dur_us=207
FIG8_ATTENTION_EVENT mode=baseline phase=measure iteration=19 component=qk_dot component_id=4 lut_exp=0 qo_len=16 kv_len=4096 n_heads=12 n_kv_heads=2 head_dim=128 kv_head=1 worker=0 block_r=0 block_c=0 t0_us=2283925955587 t1_us=2283925955594 dur_us=6
FIG8_ATTENTION_EVENT mode=baseline phase=measure iteration=19 component=safe_sm component_id=5 lut_exp=0 qo_len=16 kv_len=4096 n_heads=12 n_kv_heads=2 head_dim=128 kv_head=1 worker=0 block_r=0 block_c=0 t0_us=2283925955594 t1_us=2283925955919 dur_us=325
FIG8_ATTENTION_EVENT mode=baseline phase=measure iteration=19 component=v_load component_id=3 lut_exp=0 qo_len=16 kv_len=4096 n_heads=12 n_kv_heads=2 head_dim=128 kv_head=1 worker=0 block_r=0 block_c=0 t0_us=2283925955920 t1_us=2283925956099 dur_us=178
FIG8_ATTENTION_EVENT mode=baseline phase=measure iteration=19 component=core_acc component_id=6 lut_exp=0 qo_len=16 kv_len=4096 n_heads=12 n_kv_heads=2 head_dim=128 kv_head=1 worker=0 block_r=0 block_c=0 t0_us=2283925956099 t1_us=2283925956105 dur_us=5
FIG8_ATTENTION_EVENT mode=baseline phase=measure iteration=19 component=o_scale component_id=7 lut_exp=0 qo_len=16 kv_len=4096 n_heads=12 n_kv_heads=2 head_dim=128 kv_head=1 worker=0 block_r=0 block_c=-1 t0_us=2283925956106 t1_us=2283925956107 dur_us=0
FIG8_ATTENTION_EVENT mode=baseline phase=measure iteration=19 component=o_store component_id=8 lut_exp=0 qo_len=16 kv_len=4096 n_heads=12 n_kv_heads=2 head_dim=128 kv_head=1 worker=0 block_r=0 block_c=-1 t0_us=2283925956107 t1_us=2283925956113 dur_us=6
