alloc_shared_mem_buf: buf=0x7ea863f000 fd=12 size=24576 flags=FASTRPC_MAP_FD
alloc_shared_mem_buf: buf=0x7c10e00000 fd=13 size=2097152 flags=FASTRPC_MAP_FD
alloc_shared_mem_buf: buf=0x7c10c00000 fd=14 size=2097152 flags=FASTRPC_MAP_FD
alloc_shared_mem_buf: buf=0x7ea8583000 fd=15 size=24576 flags=FASTRPC_MAP_FD
alloc_shared_mem_buf: buf=0x7ea857b000 fd=16 size=32768 flags=FASTRPC_MAP_FD
alloc_shared_mem_buf: buf=0x7ea6e10000 fd=17 size=233472 flags=FASTRPC_MAP_FD
alloc_shared_mem_buf: buf=0x7ea87c1000 fd=18 size=4096 flags=FASTRPC_MAP_FD
No-op channel request completed
FIG8_ATTENTION_CONFIG mode=lut-exp mask_mode=full qo_len=4 kv_len=4096 n_heads=12 n_kv_heads=2 head_dim=128 warmup=5 iters=20 scna_width=16 q_size=24576 kv_size=2097152 mask_size=32768 profile_size=233472 profile_max_records=10 profile_max_events=3224 mode_flags=1 print_events=1
FIG8_ATTENTION_HOST_TIMING mode=lut-exp qo_len=4 kv_len=4096 n_heads=12 n_kv_heads=2 head_dim=128 phase=warmup iteration=0 host_elapsed_us=999 ret=0
FIG8_ATTENTION_PROFILE_COUNT mode=lut-exp qo_len=4 phase=warmup iteration=0 records=2 max_records=10
FIG8_ATTENTION_TIMERS mode=lut-exp phase=warmup iteration=0 lut_exp=1 nonlinear_mode=0 scna_width=0 scna_exp=0 qo_len=4 kv_len=4096 n_heads=12 n_kv_heads=2 head_dim=128 kv_head=0 worker=0 profiled_total=332 q_load=2 k_load=85 v_load=165 qk_dot=2 safe_sm=73 core_acc=1 o_scale=0 o_store=4
FIG8_ATTENTION_TIMERS mode=lut-exp phase=warmup iteration=0 lut_exp=1 nonlinear_mode=0 scna_width=0 scna_exp=0 qo_len=4 kv_len=4096 n_heads=12 n_kv_heads=2 head_dim=128 kv_head=1 worker=0 profiled_total=317 q_load=1 k_load=80 v_load=164 qk_dot=3 safe_sm=66 core_acc=1 o_scale=0 o_store=2
FIG8_ATTENTION_EVENT_COUNT mode=lut-exp qo_len=4 phase=warmup iteration=0 events=16 max_events=3224 overflow=0
FIG8_ATTENTION_EVENT mode=lut-exp phase=warmup iteration=0 component=q_load component_id=1 lut_exp=1 qo_len=4 kv_len=4096 n_heads=12 n_kv_heads=2 head_dim=128 kv_head=0 worker=0 block_r=0 block_c=-1 t0_us=2283926416637 t1_us=2283926416640 dur_us=2
FIG8_ATTENTION_EVENT mode=lut-exp phase=warmup iteration=0 component=k_load component_id=2 lut_exp=1 qo_len=4 kv_len=4096 n_heads=12 n_kv_heads=2 head_dim=128 kv_head=0 worker=0 block_r=0 block_c=0 t0_us=2283926416641 t1_us=2283926416727 dur_us=85
FIG8_ATTENTION_EVENT mode=lut-exp phase=warmup iteration=0 component=qk_dot component_id=4 lut_exp=1 qo_len=4 kv_len=4096 n_heads=12 n_kv_heads=2 head_dim=128 kv_head=0 worker=0 block_r=0 block_c=0 t0_us=2283926416727 t1_us=2283926416730 dur_us=2
FIG8_ATTENTION_EVENT mode=lut-exp phase=warmup iteration=0 component=safe_sm component_id=5 lut_exp=1 qo_len=4 kv_len=4096 n_heads=12 n_kv_heads=2 head_dim=128 kv_head=0 worker=0 block_r=0 block_c=0 t0_us=2283926416730 t1_us=2283926416804 dur_us=73
FIG8_ATTENTION_EVENT mode=lut-exp phase=warmup iteration=0 component=v_load component_id=3 lut_exp=1 qo_len=4 kv_len=4096 n_heads=12 n_kv_heads=2 head_dim=128 kv_head=0 worker=0 block_r=0 block_c=0 t0_us=2283926416804 t1_us=2283926416969 dur_us=165
FIG8_ATTENTION_EVENT mode=lut-exp phase=warmup iteration=0 component=core_acc component_id=6 lut_exp=1 qo_len=4 kv_len=4096 n_heads=12 n_kv_heads=2 head_dim=128 kv_head=0 worker=0 block_r=0 block_c=0 t0_us=2283926416970 t1_us=2283926416971 dur_us=1
FIG8_ATTENTION_EVENT mode=lut-exp phase=warmup iteration=0 component=o_scale component_id=7 lut_exp=1 qo_len=4 kv_len=4096 n_heads=12 n_kv_heads=2 head_dim=128 kv_head=0 worker=0 block_r=0 block_c=-1 t0_us=2283926416972 t1_us=2283926416973 dur_us=0
FIG8_ATTENTION_EVENT mode=lut-exp phase=warmup iteration=0 component=o_store component_id=8 lut_exp=1 qo_len=4 kv_len=4096 n_heads=12 n_kv_heads=2 head_dim=128 kv_head=0 worker=0 block_r=0 block_c=-1 t0_us=2283926416973 t1_us=2283926416978 dur_us=4
FIG8_ATTENTION_EVENT mode=lut-exp phase=warmup iteration=0 component=q_load component_id=1 lut_exp=1 qo_len=4 kv_len=4096 n_heads=12 n_kv_heads=2 head_dim=128 kv_head=1 worker=0 block_r=0 block_c=-1 t0_us=2283926417035 t1_us=2283926417037 dur_us=1
FIG8_ATTENTION_EVENT mode=lut-exp phase=warmup iteration=0 component=k_load component_id=2 lut_exp=1 qo_len=4 kv_len=4096 n_heads=12 n_kv_heads=2 head_dim=128 kv_head=1 worker=0 block_r=0 block_c=0 t0_us=2283926417038 t1_us=2283926417119 dur_us=80
FIG8_ATTENTION_EVENT mode=lut-exp phase=warmup iteration=0 component=qk_dot component_id=4 lut_exp=1 qo_len=4 kv_len=4096 n_heads=12 n_kv_heads=2 head_dim=128 kv_head=1 worker=0 block_r=0 block_c=0 t0_us=2283926417119 t1_us=2283926417122 dur_us=3
FIG8_ATTENTION_EVENT mode=lut-exp phase=warmup iteration=0 component=safe_sm component_id=5 lut_exp=1 qo_len=4 kv_len=4096 n_heads=12 n_kv_heads=2 head_dim=128 kv_head=1 worker=0 block_r=0 block_c=0 t0_us=2283926417123 t1_us=2283926417190 dur_us=66
FIG8_ATTENTION_EVENT mode=lut-exp phase=warmup iteration=0 component=v_load component_id=3 lut_exp=1 qo_len=4 kv_len=4096 n_heads=12 n_kv_heads=2 head_dim=128 kv_head=1 worker=0 block_r=0 block_c=0 t0_us=2283926417190 t1_us=2283926417355 dur_us=164
FIG8_ATTENTION_EVENT mode=lut-exp phase=warmup iteration=0 component=core_acc component_id=6 lut_exp=1 qo_len=4 kv_len=4096 n_heads=12 n_kv_heads=2 head_dim=128 kv_head=1 worker=0 block_r=0 block_c=0 t0_us=2283926417355 t1_us=2283926417357 dur_us=1
FIG8_ATTENTION_EVENT mode=lut-exp phase=warmup iteration=0 component=o_scale component_id=7 lut_exp=1 qo_len=4 kv_len=4096 n_heads=12 n_kv_heads=2 head_dim=128 kv_head=1 worker=0 block_r=0 block_c=-1 t0_us=2283926417357 t1_us=2283926417358 dur_us=0
FIG8_ATTENTION_EVENT mode=lut-exp phase=warmup iteration=0 component=o_store component_id=8 lut_exp=1 qo_len=4 kv_len=4096 n_heads=12 n_kv_heads=2 head_dim=128 kv_head=1 worker=0 block_r=0 block_c=-1 t0_us=2283926417358 t1_us=2283926417361 dur_us=2
FIG8_ATTENTION_HOST_TIMING mode=lut-exp qo_len=4 kv_len=4096 n_heads=12 n_kv_heads=2 head_dim=128 phase=warmup iteration=1 host_elapsed_us=1128 ret=0
FIG8_ATTENTION_PROFILE_COUNT mode=lut-exp qo_len=4 phase=warmup iteration=1 records=2 max_records=10
FIG8_ATTENTION_TIMERS mode=lut-exp phase=warmup iteration=1 lut_exp=1 nonlinear_mode=0 scna_width=0 scna_exp=0 qo_len=4 kv_len=4096 n_heads=12 n_kv_heads=2 head_dim=128 kv_head=0 worker=0 profiled_total=419 q_load=1 k_load=181 v_load=165 qk_dot=2 safe_sm=67 core_acc=1 o_scale=0 o_store=2
FIG8_ATTENTION_TIMERS mode=lut-exp phase=warmup iteration=1 lut_exp=1 nonlinear_mode=0 scna_width=0 scna_exp=0 qo_len=4 kv_len=4096 n_heads=12 n_kv_heads=2 head_dim=128 kv_head=1 worker=0 profiled_total=427 q_load=1 k_load=186 v_load=168 qk_dot=3 safe_sm=67 core_acc=0 o_scale=0 o_store=2
FIG8_ATTENTION_EVENT_COUNT mode=lut-exp qo_len=4 phase=warmup iteration=1 events=16 max_events=3224 overflow=0
FIG8_ATTENTION_EVENT mode=lut-exp phase=warmup iteration=1 component=q_load component_id=1 lut_exp=1 qo_len=4 kv_len=4096 n_heads=12 n_kv_heads=2 head_dim=128 kv_head=0 worker=0 block_r=0 block_c=-1 t0_us=2283926417913 t1_us=2283926417914 dur_us=1
FIG8_ATTENTION_EVENT mode=lut-exp phase=warmup iteration=1 component=k_load component_id=2 lut_exp=1 qo_len=4 kv_len=4096 n_heads=12 n_kv_heads=2 head_dim=128 kv_head=0 worker=0 block_r=0 block_c=0 t0_us=2283926417915 t1_us=2283926418096 dur_us=181
FIG8_ATTENTION_EVENT mode=lut-exp phase=warmup iteration=1 component=qk_dot component_id=4 lut_exp=1 qo_len=4 kv_len=4096 n_heads=12 n_kv_heads=2 head_dim=128 kv_head=0 worker=0 block_r=0 block_c=0 t0_us=2283926418097 t1_us=2283926418099 dur_us=2
FIG8_ATTENTION_EVENT mode=lut-exp phase=warmup iteration=1 component=safe_sm component_id=5 lut_exp=1 qo_len=4 kv_len=4096 n_heads=12 n_kv_heads=2 head_dim=128 kv_head=0 worker=0 block_r=0 block_c=0 t0_us=2283926418099 t1_us=2283926418167 dur_us=67
FIG8_ATTENTION_EVENT mode=lut-exp phase=warmup iteration=1 component=v_load component_id=3 lut_exp=1 qo_len=4 kv_len=4096 n_heads=12 n_kv_heads=2 head_dim=128 kv_head=0 worker=0 block_r=0 block_c=0 t0_us=2283926418167 t1_us=2283926418332 dur_us=165
FIG8_ATTENTION_EVENT mode=lut-exp phase=warmup iteration=1 component=core_acc component_id=6 lut_exp=1 qo_len=4 kv_len=4096 n_heads=12 n_kv_heads=2 head_dim=128 kv_head=0 worker=0 block_r=0 block_c=0 t0_us=2283926418333 t1_us=2283926418334 dur_us=1
FIG8_ATTENTION_EVENT mode=lut-exp phase=warmup iteration=1 component=o_scale component_id=7 lut_exp=1 qo_len=4 kv_len=4096 n_heads=12 n_kv_heads=2 head_dim=128 kv_head=0 worker=0 block_r=0 block_c=-1 t0_us=2283926418335 t1_us=2283926418335 dur_us=0
FIG8_ATTENTION_EVENT mode=lut-exp phase=warmup iteration=1 component=o_store component_id=8 lut_exp=1 qo_len=4 kv_len=4096 n_heads=12 n_kv_heads=2 head_dim=128 kv_head=0 worker=0 block_r=0 block_c=-1 t0_us=2283926418335 t1_us=2283926418338 dur_us=2
FIG8_ATTENTION_EVENT mode=lut-exp phase=warmup iteration=1 component=q_load component_id=1 lut_exp=1 qo_len=4 kv_len=4096 n_heads=12 n_kv_heads=2 head_dim=128 kv_head=1 worker=0 block_r=0 block_c=-1 t0_us=2283926418380 t1_us=2283926418381 dur_us=1
FIG8_ATTENTION_EVENT mode=lut-exp phase=warmup iteration=1 component=k_load component_id=2 lut_exp=1 qo_len=4 kv_len=4096 n_heads=12 n_kv_heads=2 head_dim=128 kv_head=1 worker=0 block_r=0 block_c=0 t0_us=2283926418383 t1_us=2283926418570 dur_us=186
FIG8_ATTENTION_EVENT mode=lut-exp phase=warmup iteration=1 component=qk_dot component_id=4 lut_exp=1 qo_len=4 kv_len=4096 n_heads=12 n_kv_heads=2 head_dim=128 kv_head=1 worker=0 block_r=0 block_c=0 t0_us=2283926418570 t1_us=2283926418573 dur_us=3
FIG8_ATTENTION_EVENT mode=lut-exp phase=warmup iteration=1 component=safe_sm component_id=5 lut_exp=1 qo_len=4 kv_len=4096 n_heads=12 n_kv_heads=2 head_dim=128 kv_head=1 worker=0 block_r=0 block_c=0 t0_us=2283926418574 t1_us=2283926418641 dur_us=67
FIG8_ATTENTION_EVENT mode=lut-exp phase=warmup iteration=1 component=v_load component_id=3 lut_exp=1 qo_len=4 kv_len=4096 n_heads=12 n_kv_heads=2 head_dim=128 kv_head=1 worker=0 block_r=0 block_c=0 t0_us=2283926418641 t1_us=2283926418809 dur_us=168
FIG8_ATTENTION_EVENT mode=lut-exp phase=warmup iteration=1 component=core_acc component_id=6 lut_exp=1 qo_len=4 kv_len=4096 n_heads=12 n_kv_heads=2 head_dim=128 kv_head=1 worker=0 block_r=0 block_c=0 t0_us=2283926418810 t1_us=2283926418811 dur_us=0
FIG8_ATTENTION_EVENT mode=lut-exp phase=warmup iteration=1 component=o_scale component_id=7 lut_exp=1 qo_len=4 kv_len=4096 n_heads=12 n_kv_heads=2 head_dim=128 kv_head=1 worker=0 block_r=0 block_c=-1 t0_us=2283926418811 t1_us=2283926418812 dur_us=0
FIG8_ATTENTION_EVENT mode=lut-exp phase=warmup iteration=1 component=o_store component_id=8 lut_exp=1 qo_len=4 kv_len=4096 n_heads=12 n_kv_heads=2 head_dim=128 kv_head=1 worker=0 block_r=0 block_c=-1 t0_us=2283926418812 t1_us=2283926418814 dur_us=2
FIG8_ATTENTION_HOST_TIMING mode=lut-exp qo_len=4 kv_len=4096 n_heads=12 n_kv_heads=2 head_dim=128 phase=warmup iteration=2 host_elapsed_us=1125 ret=0
FIG8_ATTENTION_PROFILE_COUNT mode=lut-exp qo_len=4 phase=warmup iteration=2 records=2 max_records=10
FIG8_ATTENTION_TIMERS mode=lut-exp phase=warmup iteration=2 lut_exp=1 nonlinear_mode=0 scna_width=0 scna_exp=0 qo_len=4 kv_len=4096 n_heads=12 n_kv_heads=2 head_dim=128 kv_head=0 worker=0 profiled_total=419 q_load=1 k_load=185 v_load=162 qk_dot=2 safe_sm=66 core_acc=1 o_scale=0 o_store=2
FIG8_ATTENTION_TIMERS mode=lut-exp phase=warmup iteration=2 lut_exp=1 nonlinear_mode=0 scna_width=0 scna_exp=0 qo_len=4 kv_len=4096 n_heads=12 n_kv_heads=2 head_dim=128 kv_head=1 worker=0 profiled_total=438 q_load=1 k_load=198 v_load=167 qk_dot=3 safe_sm=66 core_acc=1 o_scale=0 o_store=2
FIG8_ATTENTION_EVENT_COUNT mode=lut-exp qo_len=4 phase=warmup iteration=2 events=16 max_events=3224 overflow=0
FIG8_ATTENTION_EVENT mode=lut-exp phase=warmup iteration=2 component=q_load component_id=1 lut_exp=1 qo_len=4 kv_len=4096 n_heads=12 n_kv_heads=2 head_dim=128 kv_head=0 worker=0 block_r=0 block_c=-1 t0_us=2283926419250 t1_us=2283926419251 dur_us=1
FIG8_ATTENTION_EVENT mode=lut-exp phase=warmup iteration=2 component=k_load component_id=2 lut_exp=1 qo_len=4 kv_len=4096 n_heads=12 n_kv_heads=2 head_dim=128 kv_head=0 worker=0 block_r=0 block_c=0 t0_us=2283926419252 t1_us=2283926419438 dur_us=185
FIG8_ATTENTION_EVENT mode=lut-exp phase=warmup iteration=2 component=qk_dot component_id=4 lut_exp=1 qo_len=4 kv_len=4096 n_heads=12 n_kv_heads=2 head_dim=128 kv_head=0 worker=0 block_r=0 block_c=0 t0_us=2283926419438 t1_us=2283926419441 dur_us=2
FIG8_ATTENTION_EVENT mode=lut-exp phase=warmup iteration=2 component=safe_sm component_id=5 lut_exp=1 qo_len=4 kv_len=4096 n_heads=12 n_kv_heads=2 head_dim=128 kv_head=0 worker=0 block_r=0 block_c=0 t0_us=2283926419441 t1_us=2283926419508 dur_us=66
FIG8_ATTENTION_EVENT mode=lut-exp phase=warmup iteration=2 component=v_load component_id=3 lut_exp=1 qo_len=4 kv_len=4096 n_heads=12 n_kv_heads=2 head_dim=128 kv_head=0 worker=0 block_r=0 block_c=0 t0_us=2283926419508 t1_us=2283926419671 dur_us=162
FIG8_ATTENTION_EVENT mode=lut-exp phase=warmup iteration=2 component=core_acc component_id=6 lut_exp=1 qo_len=4 kv_len=4096 n_heads=12 n_kv_heads=2 head_dim=128 kv_head=0 worker=0 block_r=0 block_c=0 t0_us=2283926419671 t1_us=2283926419673 dur_us=1
FIG8_ATTENTION_EVENT mode=lut-exp phase=warmup iteration=2 component=o_scale component_id=7 lut_exp=1 qo_len=4 kv_len=4096 n_heads=12 n_kv_heads=2 head_dim=128 kv_head=0 worker=0 block_r=0 block_c=-1 t0_us=2283926419673 t1_us=2283926419674 dur_us=0
FIG8_ATTENTION_EVENT mode=lut-exp phase=warmup iteration=2 component=o_store component_id=8 lut_exp=1 qo_len=4 kv_len=4096 n_heads=12 n_kv_heads=2 head_dim=128 kv_head=0 worker=0 block_r=0 block_c=-1 t0_us=2283926419674 t1_us=2283926419676 dur_us=2
FIG8_ATTENTION_EVENT mode=lut-exp phase=warmup iteration=2 component=q_load component_id=1 lut_exp=1 qo_len=4 kv_len=4096 n_heads=12 n_kv_heads=2 head_dim=128 kv_head=1 worker=0 block_r=0 block_c=-1 t0_us=2283926419717 t1_us=2283926419719 dur_us=1
FIG8_ATTENTION_EVENT mode=lut-exp phase=warmup iteration=2 component=k_load component_id=2 lut_exp=1 qo_len=4 kv_len=4096 n_heads=12 n_kv_heads=2 head_dim=128 kv_head=1 worker=0 block_r=0 block_c=0 t0_us=2283926419720 t1_us=2283926419918 dur_us=198
FIG8_ATTENTION_EVENT mode=lut-exp phase=warmup iteration=2 component=qk_dot component_id=4 lut_exp=1 qo_len=4 kv_len=4096 n_heads=12 n_kv_heads=2 head_dim=128 kv_head=1 worker=0 block_r=0 block_c=0 t0_us=2283926419919 t1_us=2283926419922 dur_us=3
FIG8_ATTENTION_EVENT mode=lut-exp phase=warmup iteration=2 component=safe_sm component_id=5 lut_exp=1 qo_len=4 kv_len=4096 n_heads=12 n_kv_heads=2 head_dim=128 kv_head=1 worker=0 block_r=0 block_c=0 t0_us=2283926419923 t1_us=2283926419989 dur_us=66
FIG8_ATTENTION_EVENT mode=lut-exp phase=warmup iteration=2 component=v_load component_id=3 lut_exp=1 qo_len=4 kv_len=4096 n_heads=12 n_kv_heads=2 head_dim=128 kv_head=1 worker=0 block_r=0 block_c=0 t0_us=2283926419989 t1_us=2283926420157 dur_us=167
FIG8_ATTENTION_EVENT mode=lut-exp phase=warmup iteration=2 component=core_acc component_id=6 lut_exp=1 qo_len=4 kv_len=4096 n_heads=12 n_kv_heads=2 head_dim=128 kv_head=1 worker=0 block_r=0 block_c=0 t0_us=2283926420158 t1_us=2283926420159 dur_us=1
FIG8_ATTENTION_EVENT mode=lut-exp phase=warmup iteration=2 component=o_scale component_id=7 lut_exp=1 qo_len=4 kv_len=4096 n_heads=12 n_kv_heads=2 head_dim=128 kv_head=1 worker=0 block_r=0 block_c=-1 t0_us=2283926420159 t1_us=2283926420160 dur_us=0
FIG8_ATTENTION_EVENT mode=lut-exp phase=warmup iteration=2 component=o_store component_id=8 lut_exp=1 qo_len=4 kv_len=4096 n_heads=12 n_kv_heads=2 head_dim=128 kv_head=1 worker=0 block_r=0 block_c=-1 t0_us=2283926420160 t1_us=2283926420162 dur_us=2
FIG8_ATTENTION_HOST_TIMING mode=lut-exp qo_len=4 kv_len=4096 n_heads=12 n_kv_heads=2 head_dim=128 phase=warmup iteration=3 host_elapsed_us=1073 ret=0
FIG8_ATTENTION_PROFILE_COUNT mode=lut-exp qo_len=4 phase=warmup iteration=3 records=2 max_records=10
FIG8_ATTENTION_TIMERS mode=lut-exp phase=warmup iteration=3 lut_exp=1 nonlinear_mode=0 scna_width=0 scna_exp=0 qo_len=4 kv_len=4096 n_heads=12 n_kv_heads=2 head_dim=128 kv_head=0 worker=0 profiled_total=412 q_load=1 k_load=179 v_load=161 qk_dot=2 safe_sm=66 core_acc=1 o_scale=0 o_store=2
FIG8_ATTENTION_TIMERS mode=lut-exp phase=warmup iteration=3 lut_exp=1 nonlinear_mode=0 scna_width=0 scna_exp=0 qo_len=4 kv_len=4096 n_heads=12 n_kv_heads=2 head_dim=128 kv_head=1 worker=0 profiled_total=436 q_load=1 k_load=200 v_load=162 qk_dot=3 safe_sm=67 core_acc=1 o_scale=0 o_store=2
FIG8_ATTENTION_EVENT_COUNT mode=lut-exp qo_len=4 phase=warmup iteration=3 events=16 max_events=3224 overflow=0
FIG8_ATTENTION_EVENT mode=lut-exp phase=warmup iteration=3 component=q_load component_id=1 lut_exp=1 qo_len=4 kv_len=4096 n_heads=12 n_kv_heads=2 head_dim=128 kv_head=0 worker=0 block_r=0 block_c=-1 t0_us=2283926420846 t1_us=2283926420848 dur_us=1
FIG8_ATTENTION_EVENT mode=lut-exp phase=warmup iteration=3 component=k_load component_id=2 lut_exp=1 qo_len=4 kv_len=4096 n_heads=12 n_kv_heads=2 head_dim=128 kv_head=0 worker=0 block_r=0 block_c=0 t0_us=2283926420849 t1_us=2283926421028 dur_us=179
FIG8_ATTENTION_EVENT mode=lut-exp phase=warmup iteration=3 component=qk_dot component_id=4 lut_exp=1 qo_len=4 kv_len=4096 n_heads=12 n_kv_heads=2 head_dim=128 kv_head=0 worker=0 block_r=0 block_c=0 t0_us=2283926421029 t1_us=2283926421031 dur_us=2
FIG8_ATTENTION_EVENT mode=lut-exp phase=warmup iteration=3 component=safe_sm component_id=5 lut_exp=1 qo_len=4 kv_len=4096 n_heads=12 n_kv_heads=2 head_dim=128 kv_head=0 worker=0 block_r=0 block_c=0 t0_us=2283926421031 t1_us=2283926421098 dur_us=66
FIG8_ATTENTION_EVENT mode=lut-exp phase=warmup iteration=3 component=v_load component_id=3 lut_exp=1 qo_len=4 kv_len=4096 n_heads=12 n_kv_heads=2 head_dim=128 kv_head=0 worker=0 block_r=0 block_c=0 t0_us=2283926421098 t1_us=2283926421259 dur_us=161
FIG8_ATTENTION_EVENT mode=lut-exp phase=warmup iteration=3 component=core_acc component_id=6 lut_exp=1 qo_len=4 kv_len=4096 n_heads=12 n_kv_heads=2 head_dim=128 kv_head=0 worker=0 block_r=0 block_c=0 t0_us=2283926421260 t1_us=2283926421261 dur_us=1
FIG8_ATTENTION_EVENT mode=lut-exp phase=warmup iteration=3 component=o_scale component_id=7 lut_exp=1 qo_len=4 kv_len=4096 n_heads=12 n_kv_heads=2 head_dim=128 kv_head=0 worker=0 block_r=0 block_c=-1 t0_us=2283926421262 t1_us=2283926421263 dur_us=0
FIG8_ATTENTION_EVENT mode=lut-exp phase=warmup iteration=3 component=o_store component_id=8 lut_exp=1 qo_len=4 kv_len=4096 n_heads=12 n_kv_heads=2 head_dim=128 kv_head=0 worker=0 block_r=0 block_c=-1 t0_us=2283926421263 t1_us=2283926421265 dur_us=2
FIG8_ATTENTION_EVENT mode=lut-exp phase=warmup iteration=3 component=q_load component_id=1 lut_exp=1 qo_len=4 kv_len=4096 n_heads=12 n_kv_heads=2 head_dim=128 kv_head=1 worker=0 block_r=0 block_c=-1 t0_us=2283926421306 t1_us=2283926421308 dur_us=1
FIG8_ATTENTION_EVENT mode=lut-exp phase=warmup iteration=3 component=k_load component_id=2 lut_exp=1 qo_len=4 kv_len=4096 n_heads=12 n_kv_heads=2 head_dim=128 kv_head=1 worker=0 block_r=0 block_c=0 t0_us=2283926421309 t1_us=2283926421509 dur_us=200
FIG8_ATTENTION_EVENT mode=lut-exp phase=warmup iteration=3 component=qk_dot component_id=4 lut_exp=1 qo_len=4 kv_len=4096 n_heads=12 n_kv_heads=2 head_dim=128 kv_head=1 worker=0 block_r=0 block_c=0 t0_us=2283926421510 t1_us=2283926421513 dur_us=3
FIG8_ATTENTION_EVENT mode=lut-exp phase=warmup iteration=3 component=safe_sm component_id=5 lut_exp=1 qo_len=4 kv_len=4096 n_heads=12 n_kv_heads=2 head_dim=128 kv_head=1 worker=0 block_r=0 block_c=0 t0_us=2283926421514 t1_us=2283926421581 dur_us=67
FIG8_ATTENTION_EVENT mode=lut-exp phase=warmup iteration=3 component=v_load component_id=3 lut_exp=1 qo_len=4 kv_len=4096 n_heads=12 n_kv_heads=2 head_dim=128 kv_head=1 worker=0 block_r=0 block_c=0 t0_us=2283926421581 t1_us=2283926421744 dur_us=162
FIG8_ATTENTION_EVENT mode=lut-exp phase=warmup iteration=3 component=core_acc component_id=6 lut_exp=1 qo_len=4 kv_len=4096 n_heads=12 n_kv_heads=2 head_dim=128 kv_head=1 worker=0 block_r=0 block_c=0 t0_us=2283926421745 t1_us=2283926421746 dur_us=1
FIG8_ATTENTION_EVENT mode=lut-exp phase=warmup iteration=3 component=o_scale component_id=7 lut_exp=1 qo_len=4 kv_len=4096 n_heads=12 n_kv_heads=2 head_dim=128 kv_head=1 worker=0 block_r=0 block_c=-1 t0_us=2283926421747 t1_us=2283926421747 dur_us=0
FIG8_ATTENTION_EVENT mode=lut-exp phase=warmup iteration=3 component=o_store component_id=8 lut_exp=1 qo_len=4 kv_len=4096 n_heads=12 n_kv_heads=2 head_dim=128 kv_head=1 worker=0 block_r=0 block_c=-1 t0_us=2283926421747 t1_us=2283926421749 dur_us=2
FIG8_ATTENTION_HOST_TIMING mode=lut-exp qo_len=4 kv_len=4096 n_heads=12 n_kv_heads=2 head_dim=128 phase=warmup iteration=4 host_elapsed_us=1121 ret=0
FIG8_ATTENTION_PROFILE_COUNT mode=lut-exp qo_len=4 phase=warmup iteration=4 records=2 max_records=10
FIG8_ATTENTION_TIMERS mode=lut-exp phase=warmup iteration=4 lut_exp=1 nonlinear_mode=0 scna_width=0 scna_exp=0 qo_len=4 kv_len=4096 n_heads=12 n_kv_heads=2 head_dim=128 kv_head=0 worker=0 profiled_total=413 q_load=1 k_load=180 v_load=161 qk_dot=2 safe_sm=66 core_acc=1 o_scale=0 o_store=2
FIG8_ATTENTION_TIMERS mode=lut-exp phase=warmup iteration=4 lut_exp=1 nonlinear_mode=0 scna_width=0 scna_exp=0 qo_len=4 kv_len=4096 n_heads=12 n_kv_heads=2 head_dim=128 kv_head=1 worker=0 profiled_total=433 q_load=1 k_load=192 v_load=168 qk_dot=3 safe_sm=66 core_acc=1 o_scale=0 o_store=2
FIG8_ATTENTION_EVENT_COUNT mode=lut-exp qo_len=4 phase=warmup iteration=4 events=16 max_events=3224 overflow=0
FIG8_ATTENTION_EVENT mode=lut-exp phase=warmup iteration=4 component=q_load component_id=1 lut_exp=1 qo_len=4 kv_len=4096 n_heads=12 n_kv_heads=2 head_dim=128 kv_head=0 worker=0 block_r=0 block_c=-1 t0_us=2283926422122 t1_us=2283926422123 dur_us=1
FIG8_ATTENTION_EVENT mode=lut-exp phase=warmup iteration=4 component=k_load component_id=2 lut_exp=1 qo_len=4 kv_len=4096 n_heads=12 n_kv_heads=2 head_dim=128 kv_head=0 worker=0 block_r=0 block_c=0 t0_us=2283926422124 t1_us=2283926422305 dur_us=180
FIG8_ATTENTION_EVENT mode=lut-exp phase=warmup iteration=4 component=qk_dot component_id=4 lut_exp=1 qo_len=4 kv_len=4096 n_heads=12 n_kv_heads=2 head_dim=128 kv_head=0 worker=0 block_r=0 block_c=0 t0_us=2283926422305 t1_us=2283926422307 dur_us=2
FIG8_ATTENTION_EVENT mode=lut-exp phase=warmup iteration=4 component=safe_sm component_id=5 lut_exp=1 qo_len=4 kv_len=4096 n_heads=12 n_kv_heads=2 head_dim=128 kv_head=0 worker=0 block_r=0 block_c=0 t0_us=2283926422308 t1_us=2283926422374 dur_us=66
FIG8_ATTENTION_EVENT mode=lut-exp phase=warmup iteration=4 component=v_load component_id=3 lut_exp=1 qo_len=4 kv_len=4096 n_heads=12 n_kv_heads=2 head_dim=128 kv_head=0 worker=0 block_r=0 block_c=0 t0_us=2283926422374 t1_us=2283926422536 dur_us=161
FIG8_ATTENTION_EVENT mode=lut-exp phase=warmup iteration=4 component=core_acc component_id=6 lut_exp=1 qo_len=4 kv_len=4096 n_heads=12 n_kv_heads=2 head_dim=128 kv_head=0 worker=0 block_r=0 block_c=0 t0_us=2283926422536 t1_us=2283926422537 dur_us=1
FIG8_ATTENTION_EVENT mode=lut-exp phase=warmup iteration=4 component=o_scale component_id=7 lut_exp=1 qo_len=4 kv_len=4096 n_heads=12 n_kv_heads=2 head_dim=128 kv_head=0 worker=0 block_r=0 block_c=-1 t0_us=2283926422538 t1_us=2283926422538 dur_us=0
FIG8_ATTENTION_EVENT mode=lut-exp phase=warmup iteration=4 component=o_store component_id=8 lut_exp=1 qo_len=4 kv_len=4096 n_heads=12 n_kv_heads=2 head_dim=128 kv_head=0 worker=0 block_r=0 block_c=-1 t0_us=2283926422539 t1_us=2283926422541 dur_us=2
FIG8_ATTENTION_EVENT mode=lut-exp phase=warmup iteration=4 component=q_load component_id=1 lut_exp=1 qo_len=4 kv_len=4096 n_heads=12 n_kv_heads=2 head_dim=128 kv_head=1 worker=0 block_r=0 block_c=-1 t0_us=2283926422579 t1_us=2283926422581 dur_us=1
FIG8_ATTENTION_EVENT mode=lut-exp phase=warmup iteration=4 component=k_load component_id=2 lut_exp=1 qo_len=4 kv_len=4096 n_heads=12 n_kv_heads=2 head_dim=128 kv_head=1 worker=0 block_r=0 block_c=0 t0_us=2283926422582 t1_us=2283926422774 dur_us=192
FIG8_ATTENTION_EVENT mode=lut-exp phase=warmup iteration=4 component=qk_dot component_id=4 lut_exp=1 qo_len=4 kv_len=4096 n_heads=12 n_kv_heads=2 head_dim=128 kv_head=1 worker=0 block_r=0 block_c=0 t0_us=2283926422775 t1_us=2283926422778 dur_us=3
FIG8_ATTENTION_EVENT mode=lut-exp phase=warmup iteration=4 component=safe_sm component_id=5 lut_exp=1 qo_len=4 kv_len=4096 n_heads=12 n_kv_heads=2 head_dim=128 kv_head=1 worker=0 block_r=0 block_c=0 t0_us=2283926422779 t1_us=2283926422845 dur_us=66
FIG8_ATTENTION_EVENT mode=lut-exp phase=warmup iteration=4 component=v_load component_id=3 lut_exp=1 qo_len=4 kv_len=4096 n_heads=12 n_kv_heads=2 head_dim=128 kv_head=1 worker=0 block_r=0 block_c=0 t0_us=2283926422845 t1_us=2283926423014 dur_us=168
FIG8_ATTENTION_EVENT mode=lut-exp phase=warmup iteration=4 component=core_acc component_id=6 lut_exp=1 qo_len=4 kv_len=4096 n_heads=12 n_kv_heads=2 head_dim=128 kv_head=1 worker=0 block_r=0 block_c=0 t0_us=2283926423014 t1_us=2283926423016 dur_us=1
FIG8_ATTENTION_EVENT mode=lut-exp phase=warmup iteration=4 component=o_scale component_id=7 lut_exp=1 qo_len=4 kv_len=4096 n_heads=12 n_kv_heads=2 head_dim=128 kv_head=1 worker=0 block_r=0 block_c=-1 t0_us=2283926423016 t1_us=2283926423016 dur_us=0
FIG8_ATTENTION_EVENT mode=lut-exp phase=warmup iteration=4 component=o_store component_id=8 lut_exp=1 qo_len=4 kv_len=4096 n_heads=12 n_kv_heads=2 head_dim=128 kv_head=1 worker=0 block_r=0 block_c=-1 t0_us=2283926423017 t1_us=2283926423019 dur_us=2
FIG8_ATTENTION_HOST_TIMING mode=lut-exp qo_len=4 kv_len=4096 n_heads=12 n_kv_heads=2 head_dim=128 phase=measure iteration=0 host_elapsed_us=1167 ret=0
FIG8_ATTENTION_PROFILE_COUNT mode=lut-exp qo_len=4 phase=measure iteration=0 records=2 max_records=10
FIG8_ATTENTION_TIMERS mode=lut-exp phase=measure iteration=0 lut_exp=1 nonlinear_mode=0 scna_width=0 scna_exp=0 qo_len=4 kv_len=4096 n_heads=12 n_kv_heads=2 head_dim=128 kv_head=0 worker=0 profiled_total=413 q_load=1 k_load=178 v_load=163 qk_dot=2 safe_sm=66 core_acc=1 o_scale=0 o_store=2
FIG8_ATTENTION_TIMERS mode=lut-exp phase=measure iteration=0 lut_exp=1 nonlinear_mode=0 scna_width=0 scna_exp=0 qo_len=4 kv_len=4096 n_heads=12 n_kv_heads=2 head_dim=128 kv_head=1 worker=0 profiled_total=438 q_load=1 k_load=201 v_load=163 qk_dot=3 safe_sm=67 core_acc=1 o_scale=0 o_store=2
FIG8_ATTENTION_EVENT_COUNT mode=lut-exp qo_len=4 phase=measure iteration=0 events=16 max_events=3224 overflow=0
FIG8_ATTENTION_EVENT mode=lut-exp phase=measure iteration=0 component=q_load component_id=1 lut_exp=1 qo_len=4 kv_len=4096 n_heads=12 n_kv_heads=2 head_dim=128 kv_head=0 worker=0 block_r=0 block_c=-1 t0_us=2283926423450 t1_us=2283926423451 dur_us=1
FIG8_ATTENTION_EVENT mode=lut-exp phase=measure iteration=0 component=k_load component_id=2 lut_exp=1 qo_len=4 kv_len=4096 n_heads=12 n_kv_heads=2 head_dim=128 kv_head=0 worker=0 block_r=0 block_c=0 t0_us=2283926423452 t1_us=2283926423631 dur_us=178
FIG8_ATTENTION_EVENT mode=lut-exp phase=measure iteration=0 component=qk_dot component_id=4 lut_exp=1 qo_len=4 kv_len=4096 n_heads=12 n_kv_heads=2 head_dim=128 kv_head=0 worker=0 block_r=0 block_c=0 t0_us=2283926423632 t1_us=2283926423634 dur_us=2
FIG8_ATTENTION_EVENT mode=lut-exp phase=measure iteration=0 component=safe_sm component_id=5 lut_exp=1 qo_len=4 kv_len=4096 n_heads=12 n_kv_heads=2 head_dim=128 kv_head=0 worker=0 block_r=0 block_c=0 t0_us=2283926423635 t1_us=2283926423701 dur_us=66
FIG8_ATTENTION_EVENT mode=lut-exp phase=measure iteration=0 component=v_load component_id=3 lut_exp=1 qo_len=4 kv_len=4096 n_heads=12 n_kv_heads=2 head_dim=128 kv_head=0 worker=0 block_r=0 block_c=0 t0_us=2283926423702 t1_us=2283926423865 dur_us=163
FIG8_ATTENTION_EVENT mode=lut-exp phase=measure iteration=0 component=core_acc component_id=6 lut_exp=1 qo_len=4 kv_len=4096 n_heads=12 n_kv_heads=2 head_dim=128 kv_head=0 worker=0 block_r=0 block_c=0 t0_us=2283926423865 t1_us=2283926423867 dur_us=1
FIG8_ATTENTION_EVENT mode=lut-exp phase=measure iteration=0 component=o_scale component_id=7 lut_exp=1 qo_len=4 kv_len=4096 n_heads=12 n_kv_heads=2 head_dim=128 kv_head=0 worker=0 block_r=0 block_c=-1 t0_us=2283926423867 t1_us=2283926423868 dur_us=0
FIG8_ATTENTION_EVENT mode=lut-exp phase=measure iteration=0 component=o_store component_id=8 lut_exp=1 qo_len=4 kv_len=4096 n_heads=12 n_kv_heads=2 head_dim=128 kv_head=0 worker=0 block_r=0 block_c=-1 t0_us=2283926423868 t1_us=2283926423870 dur_us=2
FIG8_ATTENTION_EVENT mode=lut-exp phase=measure iteration=0 component=q_load component_id=1 lut_exp=1 qo_len=4 kv_len=4096 n_heads=12 n_kv_heads=2 head_dim=128 kv_head=1 worker=0 block_r=0 block_c=-1 t0_us=2283926423910 t1_us=2283926423912 dur_us=1
FIG8_ATTENTION_EVENT mode=lut-exp phase=measure iteration=0 component=k_load component_id=2 lut_exp=1 qo_len=4 kv_len=4096 n_heads=12 n_kv_heads=2 head_dim=128 kv_head=1 worker=0 block_r=0 block_c=0 t0_us=2283926423913 t1_us=2283926424114 dur_us=201
FIG8_ATTENTION_EVENT mode=lut-exp phase=measure iteration=0 component=qk_dot component_id=4 lut_exp=1 qo_len=4 kv_len=4096 n_heads=12 n_kv_heads=2 head_dim=128 kv_head=1 worker=0 block_r=0 block_c=0 t0_us=2283926424115 t1_us=2283926424118 dur_us=3
FIG8_ATTENTION_EVENT mode=lut-exp phase=measure iteration=0 component=safe_sm component_id=5 lut_exp=1 qo_len=4 kv_len=4096 n_heads=12 n_kv_heads=2 head_dim=128 kv_head=1 worker=0 block_r=0 block_c=0 t0_us=2283926424119 t1_us=2283926424186 dur_us=67
FIG8_ATTENTION_EVENT mode=lut-exp phase=measure iteration=0 component=v_load component_id=3 lut_exp=1 qo_len=4 kv_len=4096 n_heads=12 n_kv_heads=2 head_dim=128 kv_head=1 worker=0 block_r=0 block_c=0 t0_us=2283926424186 t1_us=2283926424349 dur_us=163
FIG8_ATTENTION_EVENT mode=lut-exp phase=measure iteration=0 component=core_acc component_id=6 lut_exp=1 qo_len=4 kv_len=4096 n_heads=12 n_kv_heads=2 head_dim=128 kv_head=1 worker=0 block_r=0 block_c=0 t0_us=2283926424350 t1_us=2283926424351 dur_us=1
FIG8_ATTENTION_EVENT mode=lut-exp phase=measure iteration=0 component=o_scale component_id=7 lut_exp=1 qo_len=4 kv_len=4096 n_heads=12 n_kv_heads=2 head_dim=128 kv_head=1 worker=0 block_r=0 block_c=-1 t0_us=2283926424351 t1_us=2283926424352 dur_us=0
FIG8_ATTENTION_EVENT mode=lut-exp phase=measure iteration=0 component=o_store component_id=8 lut_exp=1 qo_len=4 kv_len=4096 n_heads=12 n_kv_heads=2 head_dim=128 kv_head=1 worker=0 block_r=0 block_c=-1 t0_us=2283926424352 t1_us=2283926424355 dur_us=2
FIG8_ATTENTION_HOST_TIMING mode=lut-exp qo_len=4 kv_len=4096 n_heads=12 n_kv_heads=2 head_dim=128 phase=measure iteration=1 host_elapsed_us=1124 ret=0
FIG8_ATTENTION_PROFILE_COUNT mode=lut-exp qo_len=4 phase=measure iteration=1 records=2 max_records=10
FIG8_ATTENTION_TIMERS mode=lut-exp phase=measure iteration=1 lut_exp=1 nonlinear_mode=0 scna_width=0 scna_exp=0 qo_len=4 kv_len=4096 n_heads=12 n_kv_heads=2 head_dim=128 kv_head=0 worker=0 profiled_total=418 q_load=1 k_load=183 v_load=163 qk_dot=2 safe_sm=66 core_acc=1 o_scale=0 o_store=2
FIG8_ATTENTION_TIMERS mode=lut-exp phase=measure iteration=1 lut_exp=1 nonlinear_mode=0 scna_width=0 scna_exp=0 qo_len=4 kv_len=4096 n_heads=12 n_kv_heads=2 head_dim=128 kv_head=1 worker=0 profiled_total=435 q_load=1 k_load=193 v_load=169 qk_dot=3 safe_sm=66 core_acc=1 o_scale=0 o_store=2
FIG8_ATTENTION_EVENT_COUNT mode=lut-exp qo_len=4 phase=measure iteration=1 events=16 max_events=3224 overflow=0
FIG8_ATTENTION_EVENT mode=lut-exp phase=measure iteration=1 component=q_load component_id=1 lut_exp=1 qo_len=4 kv_len=4096 n_heads=12 n_kv_heads=2 head_dim=128 kv_head=0 worker=0 block_r=0 block_c=-1 t0_us=2283926424825 t1_us=2283926424827 dur_us=1
FIG8_ATTENTION_EVENT mode=lut-exp phase=measure iteration=1 component=k_load component_id=2 lut_exp=1 qo_len=4 kv_len=4096 n_heads=12 n_kv_heads=2 head_dim=128 kv_head=0 worker=0 block_r=0 block_c=0 t0_us=2283926424828 t1_us=2283926425011 dur_us=183
FIG8_ATTENTION_EVENT mode=lut-exp phase=measure iteration=1 component=qk_dot component_id=4 lut_exp=1 qo_len=4 kv_len=4096 n_heads=12 n_kv_heads=2 head_dim=128 kv_head=0 worker=0 block_r=0 block_c=0 t0_us=2283926425011 t1_us=2283926425014 dur_us=2
FIG8_ATTENTION_EVENT mode=lut-exp phase=measure iteration=1 component=safe_sm component_id=5 lut_exp=1 qo_len=4 kv_len=4096 n_heads=12 n_kv_heads=2 head_dim=128 kv_head=0 worker=0 block_r=0 block_c=0 t0_us=2283926425014 t1_us=2283926425081 dur_us=66
FIG8_ATTENTION_EVENT mode=lut-exp phase=measure iteration=1 component=v_load component_id=3 lut_exp=1 qo_len=4 kv_len=4096 n_heads=12 n_kv_heads=2 head_dim=128 kv_head=0 worker=0 block_r=0 block_c=0 t0_us=2283926425081 t1_us=2283926425245 dur_us=163
FIG8_ATTENTION_EVENT mode=lut-exp phase=measure iteration=1 component=core_acc component_id=6 lut_exp=1 qo_len=4 kv_len=4096 n_heads=12 n_kv_heads=2 head_dim=128 kv_head=0 worker=0 block_r=0 block_c=0 t0_us=2283926425245 t1_us=2283926425247 dur_us=1
FIG8_ATTENTION_EVENT mode=lut-exp phase=measure iteration=1 component=o_scale component_id=7 lut_exp=1 qo_len=4 kv_len=4096 n_heads=12 n_kv_heads=2 head_dim=128 kv_head=0 worker=0 block_r=0 block_c=-1 t0_us=2283926425247 t1_us=2283926425248 dur_us=0
FIG8_ATTENTION_EVENT mode=lut-exp phase=measure iteration=1 component=o_store component_id=8 lut_exp=1 qo_len=4 kv_len=4096 n_heads=12 n_kv_heads=2 head_dim=128 kv_head=0 worker=0 block_r=0 block_c=-1 t0_us=2283926425248 t1_us=2283926425250 dur_us=2
FIG8_ATTENTION_EVENT mode=lut-exp phase=measure iteration=1 component=q_load component_id=1 lut_exp=1 qo_len=4 kv_len=4096 n_heads=12 n_kv_heads=2 head_dim=128 kv_head=1 worker=0 block_r=0 block_c=-1 t0_us=2283926425291 t1_us=2283926425293 dur_us=1
FIG8_ATTENTION_EVENT mode=lut-exp phase=measure iteration=1 component=k_load component_id=2 lut_exp=1 qo_len=4 kv_len=4096 n_heads=12 n_kv_heads=2 head_dim=128 kv_head=1 worker=0 block_r=0 block_c=0 t0_us=2283926425295 t1_us=2283926425488 dur_us=193
FIG8_ATTENTION_EVENT mode=lut-exp phase=measure iteration=1 component=qk_dot component_id=4 lut_exp=1 qo_len=4 kv_len=4096 n_heads=12 n_kv_heads=2 head_dim=128 kv_head=1 worker=0 block_r=0 block_c=0 t0_us=2283926425489 t1_us=2283926425492 dur_us=3
FIG8_ATTENTION_EVENT mode=lut-exp phase=measure iteration=1 component=safe_sm component_id=5 lut_exp=1 qo_len=4 kv_len=4096 n_heads=12 n_kv_heads=2 head_dim=128 kv_head=1 worker=0 block_r=0 block_c=0 t0_us=2283926425492 t1_us=2283926425559 dur_us=66
FIG8_ATTENTION_EVENT mode=lut-exp phase=measure iteration=1 component=v_load component_id=3 lut_exp=1 qo_len=4 kv_len=4096 n_heads=12 n_kv_heads=2 head_dim=128 kv_head=1 worker=0 block_r=0 block_c=0 t0_us=2283926425560 t1_us=2283926425729 dur_us=169
FIG8_ATTENTION_EVENT mode=lut-exp phase=measure iteration=1 component=core_acc component_id=6 lut_exp=1 qo_len=4 kv_len=4096 n_heads=12 n_kv_heads=2 head_dim=128 kv_head=1 worker=0 block_r=0 block_c=0 t0_us=2283926425730 t1_us=2283926425731 dur_us=1
FIG8_ATTENTION_EVENT mode=lut-exp phase=measure iteration=1 component=o_scale component_id=7 lut_exp=1 qo_len=4 kv_len=4096 n_heads=12 n_kv_heads=2 head_dim=128 kv_head=1 worker=0 block_r=0 block_c=-1 t0_us=2283926425731 t1_us=2283926425732 dur_us=0
FIG8_ATTENTION_EVENT mode=lut-exp phase=measure iteration=1 component=o_store component_id=8 lut_exp=1 qo_len=4 kv_len=4096 n_heads=12 n_kv_heads=2 head_dim=128 kv_head=1 worker=0 block_r=0 block_c=-1 t0_us=2283926425732 t1_us=2283926425734 dur_us=2
FIG8_ATTENTION_HOST_TIMING mode=lut-exp qo_len=4 kv_len=4096 n_heads=12 n_kv_heads=2 head_dim=128 phase=measure iteration=2 host_elapsed_us=1107 ret=0
FIG8_ATTENTION_PROFILE_COUNT mode=lut-exp qo_len=4 phase=measure iteration=2 records=2 max_records=10
FIG8_ATTENTION_TIMERS mode=lut-exp phase=measure iteration=2 lut_exp=1 nonlinear_mode=0 scna_width=0 scna_exp=0 qo_len=4 kv_len=4096 n_heads=12 n_kv_heads=2 head_dim=128 kv_head=0 worker=0 profiled_total=420 q_load=1 k_load=185 v_load=163 qk_dot=2 safe_sm=66 core_acc=1 o_scale=0 o_store=2
FIG8_ATTENTION_TIMERS mode=lut-exp phase=measure iteration=2 lut_exp=1 nonlinear_mode=0 scna_width=0 scna_exp=0 qo_len=4 kv_len=4096 n_heads=12 n_kv_heads=2 head_dim=128 kv_head=1 worker=0 profiled_total=432 q_load=1 k_load=193 v_load=166 qk_dot=3 safe_sm=66 core_acc=1 o_scale=0 o_store=2
FIG8_ATTENTION_EVENT_COUNT mode=lut-exp qo_len=4 phase=measure iteration=2 events=16 max_events=3224 overflow=0
FIG8_ATTENTION_EVENT mode=lut-exp phase=measure iteration=2 component=q_load component_id=1 lut_exp=1 qo_len=4 kv_len=4096 n_heads=12 n_kv_heads=2 head_dim=128 kv_head=0 worker=0 block_r=0 block_c=-1 t0_us=2283926426155 t1_us=2283926426157 dur_us=1
FIG8_ATTENTION_EVENT mode=lut-exp phase=measure iteration=2 component=k_load component_id=2 lut_exp=1 qo_len=4 kv_len=4096 n_heads=12 n_kv_heads=2 head_dim=128 kv_head=0 worker=0 block_r=0 block_c=0 t0_us=2283926426158 t1_us=2283926426343 dur_us=185
FIG8_ATTENTION_EVENT mode=lut-exp phase=measure iteration=2 component=qk_dot component_id=4 lut_exp=1 qo_len=4 kv_len=4096 n_heads=12 n_kv_heads=2 head_dim=128 kv_head=0 worker=0 block_r=0 block_c=0 t0_us=2283926426343 t1_us=2283926426346 dur_us=2
FIG8_ATTENTION_EVENT mode=lut-exp phase=measure iteration=2 component=safe_sm component_id=5 lut_exp=1 qo_len=4 kv_len=4096 n_heads=12 n_kv_heads=2 head_dim=128 kv_head=0 worker=0 block_r=0 block_c=0 t0_us=2283926426346 t1_us=2283926426412 dur_us=66
FIG8_ATTENTION_EVENT mode=lut-exp phase=measure iteration=2 component=v_load component_id=3 lut_exp=1 qo_len=4 kv_len=4096 n_heads=12 n_kv_heads=2 head_dim=128 kv_head=0 worker=0 block_r=0 block_c=0 t0_us=2283926426412 t1_us=2283926426576 dur_us=163
FIG8_ATTENTION_EVENT mode=lut-exp phase=measure iteration=2 component=core_acc component_id=6 lut_exp=1 qo_len=4 kv_len=4096 n_heads=12 n_kv_heads=2 head_dim=128 kv_head=0 worker=0 block_r=0 block_c=0 t0_us=2283926426576 t1_us=2283926426578 dur_us=1
FIG8_ATTENTION_EVENT mode=lut-exp phase=measure iteration=2 component=o_scale component_id=7 lut_exp=1 qo_len=4 kv_len=4096 n_heads=12 n_kv_heads=2 head_dim=128 kv_head=0 worker=0 block_r=0 block_c=-1 t0_us=2283926426578 t1_us=2283926426579 dur_us=0
FIG8_ATTENTION_EVENT mode=lut-exp phase=measure iteration=2 component=o_store component_id=8 lut_exp=1 qo_len=4 kv_len=4096 n_heads=12 n_kv_heads=2 head_dim=128 kv_head=0 worker=0 block_r=0 block_c=-1 t0_us=2283926426579 t1_us=2283926426581 dur_us=2
FIG8_ATTENTION_EVENT mode=lut-exp phase=measure iteration=2 component=q_load component_id=1 lut_exp=1 qo_len=4 kv_len=4096 n_heads=12 n_kv_heads=2 head_dim=128 kv_head=1 worker=0 block_r=0 block_c=-1 t0_us=2283926426622 t1_us=2283926426623 dur_us=1
FIG8_ATTENTION_EVENT mode=lut-exp phase=measure iteration=2 component=k_load component_id=2 lut_exp=1 qo_len=4 kv_len=4096 n_heads=12 n_kv_heads=2 head_dim=128 kv_head=1 worker=0 block_r=0 block_c=0 t0_us=2283926426625 t1_us=2283926426818 dur_us=193
FIG8_ATTENTION_EVENT mode=lut-exp phase=measure iteration=2 component=qk_dot component_id=4 lut_exp=1 qo_len=4 kv_len=4096 n_heads=12 n_kv_heads=2 head_dim=128 kv_head=1 worker=0 block_r=0 block_c=0 t0_us=2283926426818 t1_us=2283926426821 dur_us=3
FIG8_ATTENTION_EVENT mode=lut-exp phase=measure iteration=2 component=safe_sm component_id=5 lut_exp=1 qo_len=4 kv_len=4096 n_heads=12 n_kv_heads=2 head_dim=128 kv_head=1 worker=0 block_r=0 block_c=0 t0_us=2283926426822 t1_us=2283926426889 dur_us=66
FIG8_ATTENTION_EVENT mode=lut-exp phase=measure iteration=2 component=v_load component_id=3 lut_exp=1 qo_len=4 kv_len=4096 n_heads=12 n_kv_heads=2 head_dim=128 kv_head=1 worker=0 block_r=0 block_c=0 t0_us=2283926426889 t1_us=2283926427056 dur_us=166
FIG8_ATTENTION_EVENT mode=lut-exp phase=measure iteration=2 component=core_acc component_id=6 lut_exp=1 qo_len=4 kv_len=4096 n_heads=12 n_kv_heads=2 head_dim=128 kv_head=1 worker=0 block_r=0 block_c=0 t0_us=2283926427056 t1_us=2283926427057 dur_us=1
FIG8_ATTENTION_EVENT mode=lut-exp phase=measure iteration=2 component=o_scale component_id=7 lut_exp=1 qo_len=4 kv_len=4096 n_heads=12 n_kv_heads=2 head_dim=128 kv_head=1 worker=0 block_r=0 block_c=-1 t0_us=2283926427058 t1_us=2283926427058 dur_us=0
FIG8_ATTENTION_EVENT mode=lut-exp phase=measure iteration=2 component=o_store component_id=8 lut_exp=1 qo_len=4 kv_len=4096 n_heads=12 n_kv_heads=2 head_dim=128 kv_head=1 worker=0 block_r=0 block_c=-1 t0_us=2283926427058 t1_us=2283926427061 dur_us=2
FIG8_ATTENTION_HOST_TIMING mode=lut-exp qo_len=4 kv_len=4096 n_heads=12 n_kv_heads=2 head_dim=128 phase=measure iteration=3 host_elapsed_us=1089 ret=0
FIG8_ATTENTION_PROFILE_COUNT mode=lut-exp qo_len=4 phase=measure iteration=3 records=2 max_records=10
FIG8_ATTENTION_TIMERS mode=lut-exp phase=measure iteration=3 lut_exp=1 nonlinear_mode=0 scna_width=0 scna_exp=0 qo_len=4 kv_len=4096 n_heads=12 n_kv_heads=2 head_dim=128 kv_head=0 worker=0 profiled_total=410 q_load=1 k_load=177 v_load=161 qk_dot=2 safe_sm=66 core_acc=1 o_scale=0 o_store=2
FIG8_ATTENTION_TIMERS mode=lut-exp phase=measure iteration=3 lut_exp=1 nonlinear_mode=0 scna_width=0 scna_exp=0 qo_len=4 kv_len=4096 n_heads=12 n_kv_heads=2 head_dim=128 kv_head=1 worker=0 profiled_total=435 q_load=1 k_load=198 v_load=164 qk_dot=3 safe_sm=66 core_acc=1 o_scale=0 o_store=2
FIG8_ATTENTION_EVENT_COUNT mode=lut-exp qo_len=4 phase=measure iteration=3 events=16 max_events=3224 overflow=0
FIG8_ATTENTION_EVENT mode=lut-exp phase=measure iteration=3 component=q_load component_id=1 lut_exp=1 qo_len=4 kv_len=4096 n_heads=12 n_kv_heads=2 head_dim=128 kv_head=0 worker=0 block_r=0 block_c=-1 t0_us=2283926427460 t1_us=2283926427462 dur_us=1
FIG8_ATTENTION_EVENT mode=lut-exp phase=measure iteration=3 component=k_load component_id=2 lut_exp=1 qo_len=4 kv_len=4096 n_heads=12 n_kv_heads=2 head_dim=128 kv_head=0 worker=0 block_r=0 block_c=0 t0_us=2283926427462 t1_us=2283926427640 dur_us=177
FIG8_ATTENTION_EVENT mode=lut-exp phase=measure iteration=3 component=qk_dot component_id=4 lut_exp=1 qo_len=4 kv_len=4096 n_heads=12 n_kv_heads=2 head_dim=128 kv_head=0 worker=0 block_r=0 block_c=0 t0_us=2283926427640 t1_us=2283926427643 dur_us=2
FIG8_ATTENTION_EVENT mode=lut-exp phase=measure iteration=3 component=safe_sm component_id=5 lut_exp=1 qo_len=4 kv_len=4096 n_heads=12 n_kv_heads=2 head_dim=128 kv_head=0 worker=0 block_r=0 block_c=0 t0_us=2283926427643 t1_us=2283926427709 dur_us=66
FIG8_ATTENTION_EVENT mode=lut-exp phase=measure iteration=3 component=v_load component_id=3 lut_exp=1 qo_len=4 kv_len=4096 n_heads=12 n_kv_heads=2 head_dim=128 kv_head=0 worker=0 block_r=0 block_c=0 t0_us=2283926427710 t1_us=2283926427871 dur_us=161
FIG8_ATTENTION_EVENT mode=lut-exp phase=measure iteration=3 component=core_acc component_id=6 lut_exp=1 qo_len=4 kv_len=4096 n_heads=12 n_kv_heads=2 head_dim=128 kv_head=0 worker=0 block_r=0 block_c=0 t0_us=2283926427872 t1_us=2283926427873 dur_us=1
FIG8_ATTENTION_EVENT mode=lut-exp phase=measure iteration=3 component=o_scale component_id=7 lut_exp=1 qo_len=4 kv_len=4096 n_heads=12 n_kv_heads=2 head_dim=128 kv_head=0 worker=0 block_r=0 block_c=-1 t0_us=2283926427874 t1_us=2283926427874 dur_us=0
FIG8_ATTENTION_EVENT mode=lut-exp phase=measure iteration=3 component=o_store component_id=8 lut_exp=1 qo_len=4 kv_len=4096 n_heads=12 n_kv_heads=2 head_dim=128 kv_head=0 worker=0 block_r=0 block_c=-1 t0_us=2283926427875 t1_us=2283926427877 dur_us=2
FIG8_ATTENTION_EVENT mode=lut-exp phase=measure iteration=3 component=q_load component_id=1 lut_exp=1 qo_len=4 kv_len=4096 n_heads=12 n_kv_heads=2 head_dim=128 kv_head=1 worker=0 block_r=0 block_c=-1 t0_us=2283926427918 t1_us=2283926427919 dur_us=1
FIG8_ATTENTION_EVENT mode=lut-exp phase=measure iteration=3 component=k_load component_id=2 lut_exp=1 qo_len=4 kv_len=4096 n_heads=12 n_kv_heads=2 head_dim=128 kv_head=1 worker=0 block_r=0 block_c=0 t0_us=2283926427920 t1_us=2283926428119 dur_us=198
FIG8_ATTENTION_EVENT mode=lut-exp phase=measure iteration=3 component=qk_dot component_id=4 lut_exp=1 qo_len=4 kv_len=4096 n_heads=12 n_kv_heads=2 head_dim=128 kv_head=1 worker=0 block_r=0 block_c=0 t0_us=2283926428119 t1_us=2283926428123 dur_us=3
FIG8_ATTENTION_EVENT mode=lut-exp phase=measure iteration=3 component=safe_sm component_id=5 lut_exp=1 qo_len=4 kv_len=4096 n_heads=12 n_kv_heads=2 head_dim=128 kv_head=1 worker=0 block_r=0 block_c=0 t0_us=2283926428123 t1_us=2283926428190 dur_us=66
FIG8_ATTENTION_EVENT mode=lut-exp phase=measure iteration=3 component=v_load component_id=3 lut_exp=1 qo_len=4 kv_len=4096 n_heads=12 n_kv_heads=2 head_dim=128 kv_head=1 worker=0 block_r=0 block_c=0 t0_us=2283926428190 t1_us=2283926428355 dur_us=164
FIG8_ATTENTION_EVENT mode=lut-exp phase=measure iteration=3 component=core_acc component_id=6 lut_exp=1 qo_len=4 kv_len=4096 n_heads=12 n_kv_heads=2 head_dim=128 kv_head=1 worker=0 block_r=0 block_c=0 t0_us=2283926428355 t1_us=2283926428356 dur_us=1
FIG8_ATTENTION_EVENT mode=lut-exp phase=measure iteration=3 component=o_scale component_id=7 lut_exp=1 qo_len=4 kv_len=4096 n_heads=12 n_kv_heads=2 head_dim=128 kv_head=1 worker=0 block_r=0 block_c=-1 t0_us=2283926428357 t1_us=2283926428357 dur_us=0
FIG8_ATTENTION_EVENT mode=lut-exp phase=measure iteration=3 component=o_store component_id=8 lut_exp=1 qo_len=4 kv_len=4096 n_heads=12 n_kv_heads=2 head_dim=128 kv_head=1 worker=0 block_r=0 block_c=-1 t0_us=2283926428357 t1_us=2283926428360 dur_us=2
FIG8_ATTENTION_HOST_TIMING mode=lut-exp qo_len=4 kv_len=4096 n_heads=12 n_kv_heads=2 head_dim=128 phase=measure iteration=4 host_elapsed_us=1097 ret=0
FIG8_ATTENTION_PROFILE_COUNT mode=lut-exp qo_len=4 phase=measure iteration=4 records=2 max_records=10
FIG8_ATTENTION_TIMERS mode=lut-exp phase=measure iteration=4 lut_exp=1 nonlinear_mode=0 scna_width=0 scna_exp=0 qo_len=4 kv_len=4096 n_heads=12 n_kv_heads=2 head_dim=128 kv_head=0 worker=0 profiled_total=421 q_load=1 k_load=188 v_load=162 qk_dot=2 safe_sm=65 core_acc=1 o_scale=0 o_store=2
FIG8_ATTENTION_TIMERS mode=lut-exp phase=measure iteration=4 lut_exp=1 nonlinear_mode=0 scna_width=0 scna_exp=0 qo_len=4 kv_len=4096 n_heads=12 n_kv_heads=2 head_dim=128 kv_head=1 worker=0 profiled_total=436 q_load=1 k_load=194 v_load=169 qk_dot=3 safe_sm=66 core_acc=1 o_scale=0 o_store=2
FIG8_ATTENTION_EVENT_COUNT mode=lut-exp qo_len=4 phase=measure iteration=4 events=16 max_events=3224 overflow=0
FIG8_ATTENTION_EVENT mode=lut-exp phase=measure iteration=4 component=q_load component_id=1 lut_exp=1 qo_len=4 kv_len=4096 n_heads=12 n_kv_heads=2 head_dim=128 kv_head=0 worker=0 block_r=0 block_c=-1 t0_us=2283926428747 t1_us=2283926428749 dur_us=1
FIG8_ATTENTION_EVENT mode=lut-exp phase=measure iteration=4 component=k_load component_id=2 lut_exp=1 qo_len=4 kv_len=4096 n_heads=12 n_kv_heads=2 head_dim=128 kv_head=0 worker=0 block_r=0 block_c=0 t0_us=2283926428750 t1_us=2283926428938 dur_us=188
FIG8_ATTENTION_EVENT mode=lut-exp phase=measure iteration=4 component=qk_dot component_id=4 lut_exp=1 qo_len=4 kv_len=4096 n_heads=12 n_kv_heads=2 head_dim=128 kv_head=0 worker=0 block_r=0 block_c=0 t0_us=2283926428938 t1_us=2283926428941 dur_us=2
FIG8_ATTENTION_EVENT mode=lut-exp phase=measure iteration=4 component=safe_sm component_id=5 lut_exp=1 qo_len=4 kv_len=4096 n_heads=12 n_kv_heads=2 head_dim=128 kv_head=0 worker=0 block_r=0 block_c=0 t0_us=2283926428941 t1_us=2283926429007 dur_us=65
FIG8_ATTENTION_EVENT mode=lut-exp phase=measure iteration=4 component=v_load component_id=3 lut_exp=1 qo_len=4 kv_len=4096 n_heads=12 n_kv_heads=2 head_dim=128 kv_head=0 worker=0 block_r=0 block_c=0 t0_us=2283926429007 t1_us=2283926429170 dur_us=162
FIG8_ATTENTION_EVENT mode=lut-exp phase=measure iteration=4 component=core_acc component_id=6 lut_exp=1 qo_len=4 kv_len=4096 n_heads=12 n_kv_heads=2 head_dim=128 kv_head=0 worker=0 block_r=0 block_c=0 t0_us=2283926429171 t1_us=2283926429172 dur_us=1
FIG8_ATTENTION_EVENT mode=lut-exp phase=measure iteration=4 component=o_scale component_id=7 lut_exp=1 qo_len=4 kv_len=4096 n_heads=12 n_kv_heads=2 head_dim=128 kv_head=0 worker=0 block_r=0 block_c=-1 t0_us=2283926429173 t1_us=2283926429174 dur_us=0
FIG8_ATTENTION_EVENT mode=lut-exp phase=measure iteration=4 component=o_store component_id=8 lut_exp=1 qo_len=4 kv_len=4096 n_heads=12 n_kv_heads=2 head_dim=128 kv_head=0 worker=0 block_r=0 block_c=-1 t0_us=2283926429174 t1_us=2283926429176 dur_us=2
FIG8_ATTENTION_EVENT mode=lut-exp phase=measure iteration=4 component=q_load component_id=1 lut_exp=1 qo_len=4 kv_len=4096 n_heads=12 n_kv_heads=2 head_dim=128 kv_head=1 worker=0 block_r=0 block_c=-1 t0_us=2283926429218 t1_us=2283926429220 dur_us=1
FIG8_ATTENTION_EVENT mode=lut-exp phase=measure iteration=4 component=k_load component_id=2 lut_exp=1 qo_len=4 kv_len=4096 n_heads=12 n_kv_heads=2 head_dim=128 kv_head=1 worker=0 block_r=0 block_c=0 t0_us=2283926429221 t1_us=2283926429416 dur_us=194
FIG8_ATTENTION_EVENT mode=lut-exp phase=measure iteration=4 component=qk_dot component_id=4 lut_exp=1 qo_len=4 kv_len=4096 n_heads=12 n_kv_heads=2 head_dim=128 kv_head=1 worker=0 block_r=0 block_c=0 t0_us=2283926429416 t1_us=2283926429420 dur_us=3
FIG8_ATTENTION_EVENT mode=lut-exp phase=measure iteration=4 component=safe_sm component_id=5 lut_exp=1 qo_len=4 kv_len=4096 n_heads=12 n_kv_heads=2 head_dim=128 kv_head=1 worker=0 block_r=0 block_c=0 t0_us=2283926429420 t1_us=2283926429487 dur_us=66
FIG8_ATTENTION_EVENT mode=lut-exp phase=measure iteration=4 component=v_load component_id=3 lut_exp=1 qo_len=4 kv_len=4096 n_heads=12 n_kv_heads=2 head_dim=128 kv_head=1 worker=0 block_r=0 block_c=0 t0_us=2283926429487 t1_us=2283926429656 dur_us=169
FIG8_ATTENTION_EVENT mode=lut-exp phase=measure iteration=4 component=core_acc component_id=6 lut_exp=1 qo_len=4 kv_len=4096 n_heads=12 n_kv_heads=2 head_dim=128 kv_head=1 worker=0 block_r=0 block_c=0 t0_us=2283926429657 t1_us=2283926429658 dur_us=1
FIG8_ATTENTION_EVENT mode=lut-exp phase=measure iteration=4 component=o_scale component_id=7 lut_exp=1 qo_len=4 kv_len=4096 n_heads=12 n_kv_heads=2 head_dim=128 kv_head=1 worker=0 block_r=0 block_c=-1 t0_us=2283926429659 t1_us=2283926429659 dur_us=0
FIG8_ATTENTION_EVENT mode=lut-exp phase=measure iteration=4 component=o_store component_id=8 lut_exp=1 qo_len=4 kv_len=4096 n_heads=12 n_kv_heads=2 head_dim=128 kv_head=1 worker=0 block_r=0 block_c=-1 t0_us=2283926429659 t1_us=2283926429661 dur_us=2
FIG8_ATTENTION_HOST_TIMING mode=lut-exp qo_len=4 kv_len=4096 n_heads=12 n_kv_heads=2 head_dim=128 phase=measure iteration=5 host_elapsed_us=1119 ret=0
FIG8_ATTENTION_PROFILE_COUNT mode=lut-exp qo_len=4 phase=measure iteration=5 records=2 max_records=10
FIG8_ATTENTION_TIMERS mode=lut-exp phase=measure iteration=5 lut_exp=1 nonlinear_mode=0 scna_width=0 scna_exp=0 qo_len=4 kv_len=4096 n_heads=12 n_kv_heads=2 head_dim=128 kv_head=0 worker=0 profiled_total=419 q_load=1 k_load=187 v_load=161 qk_dot=2 safe_sm=65 core_acc=1 o_scale=0 o_store=2
FIG8_ATTENTION_TIMERS mode=lut-exp phase=measure iteration=5 lut_exp=1 nonlinear_mode=0 scna_width=0 scna_exp=0 qo_len=4 kv_len=4096 n_heads=12 n_kv_heads=2 head_dim=128 kv_head=1 worker=0 profiled_total=433 q_load=1 k_load=198 v_load=162 qk_dot=3 safe_sm=66 core_acc=1 o_scale=0 o_store=2
FIG8_ATTENTION_EVENT_COUNT mode=lut-exp qo_len=4 phase=measure iteration=5 events=16 max_events=3224 overflow=0
FIG8_ATTENTION_EVENT mode=lut-exp phase=measure iteration=5 component=q_load component_id=1 lut_exp=1 qo_len=4 kv_len=4096 n_heads=12 n_kv_heads=2 head_dim=128 kv_head=0 worker=0 block_r=0 block_c=-1 t0_us=2283926430065 t1_us=2283926430067 dur_us=1
FIG8_ATTENTION_EVENT mode=lut-exp phase=measure iteration=5 component=k_load component_id=2 lut_exp=1 qo_len=4 kv_len=4096 n_heads=12 n_kv_heads=2 head_dim=128 kv_head=0 worker=0 block_r=0 block_c=0 t0_us=2283926430067 t1_us=2283926430255 dur_us=187
FIG8_ATTENTION_EVENT mode=lut-exp phase=measure iteration=5 component=qk_dot component_id=4 lut_exp=1 qo_len=4 kv_len=4096 n_heads=12 n_kv_heads=2 head_dim=128 kv_head=0 worker=0 block_r=0 block_c=0 t0_us=2283926430255 t1_us=2283926430258 dur_us=2
FIG8_ATTENTION_EVENT mode=lut-exp phase=measure iteration=5 component=safe_sm component_id=5 lut_exp=1 qo_len=4 kv_len=4096 n_heads=12 n_kv_heads=2 head_dim=128 kv_head=0 worker=0 block_r=0 block_c=0 t0_us=2283926430258 t1_us=2283926430324 dur_us=65
FIG8_ATTENTION_EVENT mode=lut-exp phase=measure iteration=5 component=v_load component_id=3 lut_exp=1 qo_len=4 kv_len=4096 n_heads=12 n_kv_heads=2 head_dim=128 kv_head=0 worker=0 block_r=0 block_c=0 t0_us=2283926430324 t1_us=2283926430485 dur_us=161
FIG8_ATTENTION_EVENT mode=lut-exp phase=measure iteration=5 component=core_acc component_id=6 lut_exp=1 qo_len=4 kv_len=4096 n_heads=12 n_kv_heads=2 head_dim=128 kv_head=0 worker=0 block_r=0 block_c=0 t0_us=2283926430486 t1_us=2283926430488 dur_us=1
FIG8_ATTENTION_EVENT mode=lut-exp phase=measure iteration=5 component=o_scale component_id=7 lut_exp=1 qo_len=4 kv_len=4096 n_heads=12 n_kv_heads=2 head_dim=128 kv_head=0 worker=0 block_r=0 block_c=-1 t0_us=2283926430488 t1_us=2283926430489 dur_us=0
FIG8_ATTENTION_EVENT mode=lut-exp phase=measure iteration=5 component=o_store component_id=8 lut_exp=1 qo_len=4 kv_len=4096 n_heads=12 n_kv_heads=2 head_dim=128 kv_head=0 worker=0 block_r=0 block_c=-1 t0_us=2283926430489 t1_us=2283926430491 dur_us=2
FIG8_ATTENTION_EVENT mode=lut-exp phase=measure iteration=5 component=q_load component_id=1 lut_exp=1 qo_len=4 kv_len=4096 n_heads=12 n_kv_heads=2 head_dim=128 kv_head=1 worker=0 block_r=0 block_c=-1 t0_us=2283926430533 t1_us=2283926430534 dur_us=1
FIG8_ATTENTION_EVENT mode=lut-exp phase=measure iteration=5 component=k_load component_id=2 lut_exp=1 qo_len=4 kv_len=4096 n_heads=12 n_kv_heads=2 head_dim=128 kv_head=1 worker=0 block_r=0 block_c=0 t0_us=2283926430535 t1_us=2283926430734 dur_us=198
FIG8_ATTENTION_EVENT mode=lut-exp phase=measure iteration=5 component=qk_dot component_id=4 lut_exp=1 qo_len=4 kv_len=4096 n_heads=12 n_kv_heads=2 head_dim=128 kv_head=1 worker=0 block_r=0 block_c=0 t0_us=2283926430734 t1_us=2283926430738 dur_us=3
FIG8_ATTENTION_EVENT mode=lut-exp phase=measure iteration=5 component=safe_sm component_id=5 lut_exp=1 qo_len=4 kv_len=4096 n_heads=12 n_kv_heads=2 head_dim=128 kv_head=1 worker=0 block_r=0 block_c=0 t0_us=2283926430738 t1_us=2283926430804 dur_us=66
FIG8_ATTENTION_EVENT mode=lut-exp phase=measure iteration=5 component=v_load component_id=3 lut_exp=1 qo_len=4 kv_len=4096 n_heads=12 n_kv_heads=2 head_dim=128 kv_head=1 worker=0 block_r=0 block_c=0 t0_us=2283926430805 t1_us=2283926430967 dur_us=162
FIG8_ATTENTION_EVENT mode=lut-exp phase=measure iteration=5 component=core_acc component_id=6 lut_exp=1 qo_len=4 kv_len=4096 n_heads=12 n_kv_heads=2 head_dim=128 kv_head=1 worker=0 block_r=0 block_c=0 t0_us=2283926430967 t1_us=2283926430969 dur_us=1
FIG8_ATTENTION_EVENT mode=lut-exp phase=measure iteration=5 component=o_scale component_id=7 lut_exp=1 qo_len=4 kv_len=4096 n_heads=12 n_kv_heads=2 head_dim=128 kv_head=1 worker=0 block_r=0 block_c=-1 t0_us=2283926430969 t1_us=2283926430970 dur_us=0
FIG8_ATTENTION_EVENT mode=lut-exp phase=measure iteration=5 component=o_store component_id=8 lut_exp=1 qo_len=4 kv_len=4096 n_heads=12 n_kv_heads=2 head_dim=128 kv_head=1 worker=0 block_r=0 block_c=-1 t0_us=2283926430970 t1_us=2283926430972 dur_us=2
FIG8_ATTENTION_HOST_TIMING mode=lut-exp qo_len=4 kv_len=4096 n_heads=12 n_kv_heads=2 head_dim=128 phase=measure iteration=6 host_elapsed_us=1096 ret=0
FIG8_ATTENTION_PROFILE_COUNT mode=lut-exp qo_len=4 phase=measure iteration=6 records=2 max_records=10
FIG8_ATTENTION_TIMERS mode=lut-exp phase=measure iteration=6 lut_exp=1 nonlinear_mode=0 scna_width=0 scna_exp=0 qo_len=4 kv_len=4096 n_heads=12 n_kv_heads=2 head_dim=128 kv_head=0 worker=0 profiled_total=418 q_load=1 k_load=187 v_load=161 qk_dot=2 safe_sm=65 core_acc=1 o_scale=0 o_store=1
FIG8_ATTENTION_TIMERS mode=lut-exp phase=measure iteration=6 lut_exp=1 nonlinear_mode=0 scna_width=0 scna_exp=0 qo_len=4 kv_len=4096 n_heads=12 n_kv_heads=2 head_dim=128 kv_head=1 worker=0 profiled_total=435 q_load=1 k_load=199 v_load=164 qk_dot=3 safe_sm=66 core_acc=1 o_scale=0 o_store=1
FIG8_ATTENTION_EVENT_COUNT mode=lut-exp qo_len=4 phase=measure iteration=6 events=16 max_events=3224 overflow=0
FIG8_ATTENTION_EVENT mode=lut-exp phase=measure iteration=6 component=q_load component_id=1 lut_exp=1 qo_len=4 kv_len=4096 n_heads=12 n_kv_heads=2 head_dim=128 kv_head=0 worker=0 block_r=0 block_c=-1 t0_us=2283926431381 t1_us=2283926431383 dur_us=1
FIG8_ATTENTION_EVENT mode=lut-exp phase=measure iteration=6 component=k_load component_id=2 lut_exp=1 qo_len=4 kv_len=4096 n_heads=12 n_kv_heads=2 head_dim=128 kv_head=0 worker=0 block_r=0 block_c=0 t0_us=2283926431383 t1_us=2283926431571 dur_us=187
FIG8_ATTENTION_EVENT mode=lut-exp phase=measure iteration=6 component=qk_dot component_id=4 lut_exp=1 qo_len=4 kv_len=4096 n_heads=12 n_kv_heads=2 head_dim=128 kv_head=0 worker=0 block_r=0 block_c=0 t0_us=2283926431571 t1_us=2283926431574 dur_us=2
FIG8_ATTENTION_EVENT mode=lut-exp phase=measure iteration=6 component=safe_sm component_id=5 lut_exp=1 qo_len=4 kv_len=4096 n_heads=12 n_kv_heads=2 head_dim=128 kv_head=0 worker=0 block_r=0 block_c=0 t0_us=2283926431574 t1_us=2283926431640 dur_us=65
FIG8_ATTENTION_EVENT mode=lut-exp phase=measure iteration=6 component=v_load component_id=3 lut_exp=1 qo_len=4 kv_len=4096 n_heads=12 n_kv_heads=2 head_dim=128 kv_head=0 worker=0 block_r=0 block_c=0 t0_us=2283926431640 t1_us=2283926431802 dur_us=161
FIG8_ATTENTION_EVENT mode=lut-exp phase=measure iteration=6 component=core_acc component_id=6 lut_exp=1 qo_len=4 kv_len=4096 n_heads=12 n_kv_heads=2 head_dim=128 kv_head=0 worker=0 block_r=0 block_c=0 t0_us=2283926431802 t1_us=2283926431804 dur_us=1
FIG8_ATTENTION_EVENT mode=lut-exp phase=measure iteration=6 component=o_scale component_id=7 lut_exp=1 qo_len=4 kv_len=4096 n_heads=12 n_kv_heads=2 head_dim=128 kv_head=0 worker=0 block_r=0 block_c=-1 t0_us=2283926431804 t1_us=2283926431805 dur_us=0
FIG8_ATTENTION_EVENT mode=lut-exp phase=measure iteration=6 component=o_store component_id=8 lut_exp=1 qo_len=4 kv_len=4096 n_heads=12 n_kv_heads=2 head_dim=128 kv_head=0 worker=0 block_r=0 block_c=-1 t0_us=2283926431805 t1_us=2283926431807 dur_us=1
FIG8_ATTENTION_EVENT mode=lut-exp phase=measure iteration=6 component=q_load component_id=1 lut_exp=1 qo_len=4 kv_len=4096 n_heads=12 n_kv_heads=2 head_dim=128 kv_head=1 worker=0 block_r=0 block_c=-1 t0_us=2283926431849 t1_us=2283926431851 dur_us=1
FIG8_ATTENTION_EVENT mode=lut-exp phase=measure iteration=6 component=k_load component_id=2 lut_exp=1 qo_len=4 kv_len=4096 n_heads=12 n_kv_heads=2 head_dim=128 kv_head=1 worker=0 block_r=0 block_c=0 t0_us=2283926431852 t1_us=2283926432051 dur_us=199
FIG8_ATTENTION_EVENT mode=lut-exp phase=measure iteration=6 component=qk_dot component_id=4 lut_exp=1 qo_len=4 kv_len=4096 n_heads=12 n_kv_heads=2 head_dim=128 kv_head=1 worker=0 block_r=0 block_c=0 t0_us=2283926432052 t1_us=2283926432055 dur_us=3
FIG8_ATTENTION_EVENT mode=lut-exp phase=measure iteration=6 component=safe_sm component_id=5 lut_exp=1 qo_len=4 kv_len=4096 n_heads=12 n_kv_heads=2 head_dim=128 kv_head=1 worker=0 block_r=0 block_c=0 t0_us=2283926432056 t1_us=2283926432122 dur_us=66
FIG8_ATTENTION_EVENT mode=lut-exp phase=measure iteration=6 component=v_load component_id=3 lut_exp=1 qo_len=4 kv_len=4096 n_heads=12 n_kv_heads=2 head_dim=128 kv_head=1 worker=0 block_r=0 block_c=0 t0_us=2283926432122 t1_us=2283926432287 dur_us=164
FIG8_ATTENTION_EVENT mode=lut-exp phase=measure iteration=6 component=core_acc component_id=6 lut_exp=1 qo_len=4 kv_len=4096 n_heads=12 n_kv_heads=2 head_dim=128 kv_head=1 worker=0 block_r=0 block_c=0 t0_us=2283926432287 t1_us=2283926432288 dur_us=1
FIG8_ATTENTION_EVENT mode=lut-exp phase=measure iteration=6 component=o_scale component_id=7 lut_exp=1 qo_len=4 kv_len=4096 n_heads=12 n_kv_heads=2 head_dim=128 kv_head=1 worker=0 block_r=0 block_c=-1 t0_us=2283926432289 t1_us=2283926432289 dur_us=0
FIG8_ATTENTION_EVENT mode=lut-exp phase=measure iteration=6 component=o_store component_id=8 lut_exp=1 qo_len=4 kv_len=4096 n_heads=12 n_kv_heads=2 head_dim=128 kv_head=1 worker=0 block_r=0 block_c=-1 t0_us=2283926432289 t1_us=2283926432291 dur_us=1
FIG8_ATTENTION_HOST_TIMING mode=lut-exp qo_len=4 kv_len=4096 n_heads=12 n_kv_heads=2 head_dim=128 phase=measure iteration=7 host_elapsed_us=1100 ret=0
FIG8_ATTENTION_PROFILE_COUNT mode=lut-exp qo_len=4 phase=measure iteration=7 records=2 max_records=10
FIG8_ATTENTION_TIMERS mode=lut-exp phase=measure iteration=7 lut_exp=1 nonlinear_mode=0 scna_width=0 scna_exp=0 qo_len=4 kv_len=4096 n_heads=12 n_kv_heads=2 head_dim=128 kv_head=0 worker=0 profiled_total=416 q_load=1 k_load=186 v_load=160 qk_dot=2 safe_sm=64 core_acc=1 o_scale=0 o_store=2
FIG8_ATTENTION_TIMERS mode=lut-exp phase=measure iteration=7 lut_exp=1 nonlinear_mode=0 scna_width=0 scna_exp=0 qo_len=4 kv_len=4096 n_heads=12 n_kv_heads=2 head_dim=128 kv_head=1 worker=0 profiled_total=432 q_load=1 k_load=191 v_load=170 qk_dot=3 safe_sm=65 core_acc=1 o_scale=0 o_store=1
FIG8_ATTENTION_EVENT_COUNT mode=lut-exp qo_len=4 phase=measure iteration=7 events=16 max_events=3224 overflow=0
FIG8_ATTENTION_EVENT mode=lut-exp phase=measure iteration=7 component=q_load component_id=1 lut_exp=1 qo_len=4 kv_len=4096 n_heads=12 n_kv_heads=2 head_dim=128 kv_head=0 worker=0 block_r=0 block_c=-1 t0_us=2283926432676 t1_us=2283926432678 dur_us=1
FIG8_ATTENTION_EVENT mode=lut-exp phase=measure iteration=7 component=k_load component_id=2 lut_exp=1 qo_len=4 kv_len=4096 n_heads=12 n_kv_heads=2 head_dim=128 kv_head=0 worker=0 block_r=0 block_c=0 t0_us=2283926432678 t1_us=2283926432865 dur_us=186
FIG8_ATTENTION_EVENT mode=lut-exp phase=measure iteration=7 component=qk_dot component_id=4 lut_exp=1 qo_len=4 kv_len=4096 n_heads=12 n_kv_heads=2 head_dim=128 kv_head=0 worker=0 block_r=0 block_c=0 t0_us=2283926432865 t1_us=2283926432868 dur_us=2
FIG8_ATTENTION_EVENT mode=lut-exp phase=measure iteration=7 component=safe_sm component_id=5 lut_exp=1 qo_len=4 kv_len=4096 n_heads=12 n_kv_heads=2 head_dim=128 kv_head=0 worker=0 block_r=0 block_c=0 t0_us=2283926432868 t1_us=2283926432933 dur_us=64
FIG8_ATTENTION_EVENT mode=lut-exp phase=measure iteration=7 component=v_load component_id=3 lut_exp=1 qo_len=4 kv_len=4096 n_heads=12 n_kv_heads=2 head_dim=128 kv_head=0 worker=0 block_r=0 block_c=0 t0_us=2283926432933 t1_us=2283926433094 dur_us=160
FIG8_ATTENTION_EVENT mode=lut-exp phase=measure iteration=7 component=core_acc component_id=6 lut_exp=1 qo_len=4 kv_len=4096 n_heads=12 n_kv_heads=2 head_dim=128 kv_head=0 worker=0 block_r=0 block_c=0 t0_us=2283926433094 t1_us=2283926433096 dur_us=1
FIG8_ATTENTION_EVENT mode=lut-exp phase=measure iteration=7 component=o_scale component_id=7 lut_exp=1 qo_len=4 kv_len=4096 n_heads=12 n_kv_heads=2 head_dim=128 kv_head=0 worker=0 block_r=0 block_c=-1 t0_us=2283926433096 t1_us=2283926433097 dur_us=0
FIG8_ATTENTION_EVENT mode=lut-exp phase=measure iteration=7 component=o_store component_id=8 lut_exp=1 qo_len=4 kv_len=4096 n_heads=12 n_kv_heads=2 head_dim=128 kv_head=0 worker=0 block_r=0 block_c=-1 t0_us=2283926433097 t1_us=2283926433099 dur_us=2
FIG8_ATTENTION_EVENT mode=lut-exp phase=measure iteration=7 component=q_load component_id=1 lut_exp=1 qo_len=4 kv_len=4096 n_heads=12 n_kv_heads=2 head_dim=128 kv_head=1 worker=0 block_r=0 block_c=-1 t0_us=2283926433141 t1_us=2283926433142 dur_us=1
FIG8_ATTENTION_EVENT mode=lut-exp phase=measure iteration=7 component=k_load component_id=2 lut_exp=1 qo_len=4 kv_len=4096 n_heads=12 n_kv_heads=2 head_dim=128 kv_head=1 worker=0 block_r=0 block_c=0 t0_us=2283926433144 t1_us=2283926433336 dur_us=191
FIG8_ATTENTION_EVENT mode=lut-exp phase=measure iteration=7 component=qk_dot component_id=4 lut_exp=1 qo_len=4 kv_len=4096 n_heads=12 n_kv_heads=2 head_dim=128 kv_head=1 worker=0 block_r=0 block_c=0 t0_us=2283926433336 t1_us=2283926433339 dur_us=3
FIG8_ATTENTION_EVENT mode=lut-exp phase=measure iteration=7 component=safe_sm component_id=5 lut_exp=1 qo_len=4 kv_len=4096 n_heads=12 n_kv_heads=2 head_dim=128 kv_head=1 worker=0 block_r=0 block_c=0 t0_us=2283926433340 t1_us=2283926433405 dur_us=65
FIG8_ATTENTION_EVENT mode=lut-exp phase=measure iteration=7 component=v_load component_id=3 lut_exp=1 qo_len=4 kv_len=4096 n_heads=12 n_kv_heads=2 head_dim=128 kv_head=1 worker=0 block_r=0 block_c=0 t0_us=2283926433405 t1_us=2283926433576 dur_us=170
FIG8_ATTENTION_EVENT mode=lut-exp phase=measure iteration=7 component=core_acc component_id=6 lut_exp=1 qo_len=4 kv_len=4096 n_heads=12 n_kv_heads=2 head_dim=128 kv_head=1 worker=0 block_r=0 block_c=0 t0_us=2283926433576 t1_us=2283926433577 dur_us=1
FIG8_ATTENTION_EVENT mode=lut-exp phase=measure iteration=7 component=o_scale component_id=7 lut_exp=1 qo_len=4 kv_len=4096 n_heads=12 n_kv_heads=2 head_dim=128 kv_head=1 worker=0 block_r=0 block_c=-1 t0_us=2283926433578 t1_us=2283926433578 dur_us=0
FIG8_ATTENTION_EVENT mode=lut-exp phase=measure iteration=7 component=o_store component_id=8 lut_exp=1 qo_len=4 kv_len=4096 n_heads=12 n_kv_heads=2 head_dim=128 kv_head=1 worker=0 block_r=0 block_c=-1 t0_us=2283926433578 t1_us=2283926433580 dur_us=1
FIG8_ATTENTION_HOST_TIMING mode=lut-exp qo_len=4 kv_len=4096 n_heads=12 n_kv_heads=2 head_dim=128 phase=measure iteration=8 host_elapsed_us=1257 ret=0
FIG8_ATTENTION_PROFILE_COUNT mode=lut-exp qo_len=4 phase=measure iteration=8 records=2 max_records=10
FIG8_ATTENTION_TIMERS mode=lut-exp phase=measure iteration=8 lut_exp=1 nonlinear_mode=0 scna_width=0 scna_exp=0 qo_len=4 kv_len=4096 n_heads=12 n_kv_heads=2 head_dim=128 kv_head=0 worker=0 profiled_total=416 q_load=1 k_load=187 v_load=159 qk_dot=2 safe_sm=64 core_acc=1 o_scale=0 o_store=2
FIG8_ATTENTION_TIMERS mode=lut-exp phase=measure iteration=8 lut_exp=1 nonlinear_mode=0 scna_width=0 scna_exp=0 qo_len=4 kv_len=4096 n_heads=12 n_kv_heads=2 head_dim=128 kv_head=1 worker=0 profiled_total=433 q_load=1 k_load=200 v_load=161 qk_dot=3 safe_sm=65 core_acc=1 o_scale=0 o_store=2
FIG8_ATTENTION_EVENT_COUNT mode=lut-exp qo_len=4 phase=measure iteration=8 events=16 max_events=3224 overflow=0
FIG8_ATTENTION_EVENT mode=lut-exp phase=measure iteration=8 component=q_load component_id=1 lut_exp=1 qo_len=4 kv_len=4096 n_heads=12 n_kv_heads=2 head_dim=128 kv_head=0 worker=0 block_r=0 block_c=-1 t0_us=2283926433975 t1_us=2283926433976 dur_us=1
FIG8_ATTENTION_EVENT mode=lut-exp phase=measure iteration=8 component=k_load component_id=2 lut_exp=1 qo_len=4 kv_len=4096 n_heads=12 n_kv_heads=2 head_dim=128 kv_head=0 worker=0 block_r=0 block_c=0 t0_us=2283926433977 t1_us=2283926434164 dur_us=187
FIG8_ATTENTION_EVENT mode=lut-exp phase=measure iteration=8 component=qk_dot component_id=4 lut_exp=1 qo_len=4 kv_len=4096 n_heads=12 n_kv_heads=2 head_dim=128 kv_head=0 worker=0 block_r=0 block_c=0 t0_us=2283926434165 t1_us=2283926434167 dur_us=2
FIG8_ATTENTION_EVENT mode=lut-exp phase=measure iteration=8 component=safe_sm component_id=5 lut_exp=1 qo_len=4 kv_len=4096 n_heads=12 n_kv_heads=2 head_dim=128 kv_head=0 worker=0 block_r=0 block_c=0 t0_us=2283926434167 t1_us=2283926434232 dur_us=64
FIG8_ATTENTION_EVENT mode=lut-exp phase=measure iteration=8 component=v_load component_id=3 lut_exp=1 qo_len=4 kv_len=4096 n_heads=12 n_kv_heads=2 head_dim=128 kv_head=0 worker=0 block_r=0 block_c=0 t0_us=2283926434232 t1_us=2283926434392 dur_us=159
FIG8_ATTENTION_EVENT mode=lut-exp phase=measure iteration=8 component=core_acc component_id=6 lut_exp=1 qo_len=4 kv_len=4096 n_heads=12 n_kv_heads=2 head_dim=128 kv_head=0 worker=0 block_r=0 block_c=0 t0_us=2283926434392 t1_us=2283926434394 dur_us=1
FIG8_ATTENTION_EVENT mode=lut-exp phase=measure iteration=8 component=o_scale component_id=7 lut_exp=1 qo_len=4 kv_len=4096 n_heads=12 n_kv_heads=2 head_dim=128 kv_head=0 worker=0 block_r=0 block_c=-1 t0_us=2283926434394 t1_us=2283926434395 dur_us=0
FIG8_ATTENTION_EVENT mode=lut-exp phase=measure iteration=8 component=o_store component_id=8 lut_exp=1 qo_len=4 kv_len=4096 n_heads=12 n_kv_heads=2 head_dim=128 kv_head=0 worker=0 block_r=0 block_c=-1 t0_us=2283926434395 t1_us=2283926434397 dur_us=2
FIG8_ATTENTION_EVENT mode=lut-exp phase=measure iteration=8 component=q_load component_id=1 lut_exp=1 qo_len=4 kv_len=4096 n_heads=12 n_kv_heads=2 head_dim=128 kv_head=1 worker=0 block_r=0 block_c=-1 t0_us=2283926434438 t1_us=2283926434439 dur_us=1
FIG8_ATTENTION_EVENT mode=lut-exp phase=measure iteration=8 component=k_load component_id=2 lut_exp=1 qo_len=4 kv_len=4096 n_heads=12 n_kv_heads=2 head_dim=128 kv_head=1 worker=0 block_r=0 block_c=0 t0_us=2283926434440 t1_us=2283926434641 dur_us=200
FIG8_ATTENTION_EVENT mode=lut-exp phase=measure iteration=8 component=qk_dot component_id=4 lut_exp=1 qo_len=4 kv_len=4096 n_heads=12 n_kv_heads=2 head_dim=128 kv_head=1 worker=0 block_r=0 block_c=0 t0_us=2283926434641 t1_us=2283926434644 dur_us=3
FIG8_ATTENTION_EVENT mode=lut-exp phase=measure iteration=8 component=safe_sm component_id=5 lut_exp=1 qo_len=4 kv_len=4096 n_heads=12 n_kv_heads=2 head_dim=128 kv_head=1 worker=0 block_r=0 block_c=0 t0_us=2283926434645 t1_us=2283926434710 dur_us=65
FIG8_ATTENTION_EVENT mode=lut-exp phase=measure iteration=8 component=v_load component_id=3 lut_exp=1 qo_len=4 kv_len=4096 n_heads=12 n_kv_heads=2 head_dim=128 kv_head=1 worker=0 block_r=0 block_c=0 t0_us=2283926434710 t1_us=2283926434872 dur_us=161
FIG8_ATTENTION_EVENT mode=lut-exp phase=measure iteration=8 component=core_acc component_id=6 lut_exp=1 qo_len=4 kv_len=4096 n_heads=12 n_kv_heads=2 head_dim=128 kv_head=1 worker=0 block_r=0 block_c=0 t0_us=2283926434873 t1_us=2283926434874 dur_us=1
FIG8_ATTENTION_EVENT mode=lut-exp phase=measure iteration=8 component=o_scale component_id=7 lut_exp=1 qo_len=4 kv_len=4096 n_heads=12 n_kv_heads=2 head_dim=128 kv_head=1 worker=0 block_r=0 block_c=-1 t0_us=2283926434874 t1_us=2283926434875 dur_us=0
FIG8_ATTENTION_EVENT mode=lut-exp phase=measure iteration=8 component=o_store component_id=8 lut_exp=1 qo_len=4 kv_len=4096 n_heads=12 n_kv_heads=2 head_dim=128 kv_head=1 worker=0 block_r=0 block_c=-1 t0_us=2283926434875 t1_us=2283926434877 dur_us=2
FIG8_ATTENTION_HOST_TIMING mode=lut-exp qo_len=4 kv_len=4096 n_heads=12 n_kv_heads=2 head_dim=128 phase=measure iteration=9 host_elapsed_us=1236 ret=0
FIG8_ATTENTION_PROFILE_COUNT mode=lut-exp qo_len=4 phase=measure iteration=9 records=2 max_records=10
FIG8_ATTENTION_TIMERS mode=lut-exp phase=measure iteration=9 lut_exp=1 nonlinear_mode=0 scna_width=0 scna_exp=0 qo_len=4 kv_len=4096 n_heads=12 n_kv_heads=2 head_dim=128 kv_head=0 worker=0 profiled_total=473 q_load=1 k_load=212 v_load=179 qk_dot=2 safe_sm=76 core_acc=1 o_scale=0 o_store=2
FIG8_ATTENTION_TIMERS mode=lut-exp phase=measure iteration=9 lut_exp=1 nonlinear_mode=0 scna_width=0 scna_exp=0 qo_len=4 kv_len=4096 n_heads=12 n_kv_heads=2 head_dim=128 kv_head=1 worker=0 profiled_total=488 q_load=1 k_load=222 v_load=182 qk_dot=3 safe_sm=77 core_acc=1 o_scale=0 o_store=2
FIG8_ATTENTION_EVENT_COUNT mode=lut-exp qo_len=4 phase=measure iteration=9 events=16 max_events=3224 overflow=0
FIG8_ATTENTION_EVENT mode=lut-exp phase=measure iteration=9 component=q_load component_id=1 lut_exp=1 qo_len=4 kv_len=4096 n_heads=12 n_kv_heads=2 head_dim=128 kv_head=0 worker=0 block_r=0 block_c=-1 t0_us=2283926435525 t1_us=2283926435527 dur_us=1
FIG8_ATTENTION_EVENT mode=lut-exp phase=measure iteration=9 component=k_load component_id=2 lut_exp=1 qo_len=4 kv_len=4096 n_heads=12 n_kv_heads=2 head_dim=128 kv_head=0 worker=0 block_r=0 block_c=0 t0_us=2283926435528 t1_us=2283926435740 dur_us=212
FIG8_ATTENTION_EVENT mode=lut-exp phase=measure iteration=9 component=qk_dot component_id=4 lut_exp=1 qo_len=4 kv_len=4096 n_heads=12 n_kv_heads=2 head_dim=128 kv_head=0 worker=0 block_r=0 block_c=0 t0_us=2283926435740 t1_us=2283926435743 dur_us=2
FIG8_ATTENTION_EVENT mode=lut-exp phase=measure iteration=9 component=safe_sm component_id=5 lut_exp=1 qo_len=4 kv_len=4096 n_heads=12 n_kv_heads=2 head_dim=128 kv_head=0 worker=0 block_r=0 block_c=0 t0_us=2283926435743 t1_us=2283926435819 dur_us=76
FIG8_ATTENTION_EVENT mode=lut-exp phase=measure iteration=9 component=v_load component_id=3 lut_exp=1 qo_len=4 kv_len=4096 n_heads=12 n_kv_heads=2 head_dim=128 kv_head=0 worker=0 block_r=0 block_c=0 t0_us=2283926435819 t1_us=2283926435999 dur_us=179
FIG8_ATTENTION_EVENT mode=lut-exp phase=measure iteration=9 component=core_acc component_id=6 lut_exp=1 qo_len=4 kv_len=4096 n_heads=12 n_kv_heads=2 head_dim=128 kv_head=0 worker=0 block_r=0 block_c=0 t0_us=2283926435999 t1_us=2283926436000 dur_us=1
FIG8_ATTENTION_EVENT mode=lut-exp phase=measure iteration=9 component=o_scale component_id=7 lut_exp=1 qo_len=4 kv_len=4096 n_heads=12 n_kv_heads=2 head_dim=128 kv_head=0 worker=0 block_r=0 block_c=-1 t0_us=2283926436001 t1_us=2283926436001 dur_us=0
FIG8_ATTENTION_EVENT mode=lut-exp phase=measure iteration=9 component=o_store component_id=8 lut_exp=1 qo_len=4 kv_len=4096 n_heads=12 n_kv_heads=2 head_dim=128 kv_head=0 worker=0 block_r=0 block_c=-1 t0_us=2283926436002 t1_us=2283926436004 dur_us=2
FIG8_ATTENTION_EVENT mode=lut-exp phase=measure iteration=9 component=q_load component_id=1 lut_exp=1 qo_len=4 kv_len=4096 n_heads=12 n_kv_heads=2 head_dim=128 kv_head=1 worker=0 block_r=0 block_c=-1 t0_us=2283926436045 t1_us=2283926436047 dur_us=1
FIG8_ATTENTION_EVENT mode=lut-exp phase=measure iteration=9 component=k_load component_id=2 lut_exp=1 qo_len=4 kv_len=4096 n_heads=12 n_kv_heads=2 head_dim=128 kv_head=1 worker=0 block_r=0 block_c=0 t0_us=2283926436048 t1_us=2283926436271 dur_us=222
FIG8_ATTENTION_EVENT mode=lut-exp phase=measure iteration=9 component=qk_dot component_id=4 lut_exp=1 qo_len=4 kv_len=4096 n_heads=12 n_kv_heads=2 head_dim=128 kv_head=1 worker=0 block_r=0 block_c=0 t0_us=2283926436271 t1_us=2283926436274 dur_us=3
FIG8_ATTENTION_EVENT mode=lut-exp phase=measure iteration=9 component=safe_sm component_id=5 lut_exp=1 qo_len=4 kv_len=4096 n_heads=12 n_kv_heads=2 head_dim=128 kv_head=1 worker=0 block_r=0 block_c=0 t0_us=2283926436276 t1_us=2283926436353 dur_us=77
FIG8_ATTENTION_EVENT mode=lut-exp phase=measure iteration=9 component=v_load component_id=3 lut_exp=1 qo_len=4 kv_len=4096 n_heads=12 n_kv_heads=2 head_dim=128 kv_head=1 worker=0 block_r=0 block_c=0 t0_us=2283926436353 t1_us=2283926436535 dur_us=182
FIG8_ATTENTION_EVENT mode=lut-exp phase=measure iteration=9 component=core_acc component_id=6 lut_exp=1 qo_len=4 kv_len=4096 n_heads=12 n_kv_heads=2 head_dim=128 kv_head=1 worker=0 block_r=0 block_c=0 t0_us=2283926436535 t1_us=2283926436536 dur_us=1
FIG8_ATTENTION_EVENT mode=lut-exp phase=measure iteration=9 component=o_scale component_id=7 lut_exp=1 qo_len=4 kv_len=4096 n_heads=12 n_kv_heads=2 head_dim=128 kv_head=1 worker=0 block_r=0 block_c=-1 t0_us=2283926436537 t1_us=2283926436537 dur_us=0
FIG8_ATTENTION_EVENT mode=lut-exp phase=measure iteration=9 component=o_store component_id=8 lut_exp=1 qo_len=4 kv_len=4096 n_heads=12 n_kv_heads=2 head_dim=128 kv_head=1 worker=0 block_r=0 block_c=-1 t0_us=2283926436538 t1_us=2283926436540 dur_us=2
FIG8_ATTENTION_HOST_TIMING mode=lut-exp qo_len=4 kv_len=4096 n_heads=12 n_kv_heads=2 head_dim=128 phase=measure iteration=10 host_elapsed_us=1326 ret=0
FIG8_ATTENTION_PROFILE_COUNT mode=lut-exp qo_len=4 phase=measure iteration=10 records=2 max_records=10
FIG8_ATTENTION_TIMERS mode=lut-exp phase=measure iteration=10 lut_exp=1 nonlinear_mode=0 scna_width=0 scna_exp=0 qo_len=4 kv_len=4096 n_heads=12 n_kv_heads=2 head_dim=128 kv_head=0 worker=0 profiled_total=473 q_load=1 k_load=213 v_load=178 qk_dot=2 safe_sm=76 core_acc=1 o_scale=0 o_store=2
FIG8_ATTENTION_TIMERS mode=lut-exp phase=measure iteration=10 lut_exp=1 nonlinear_mode=0 scna_width=0 scna_exp=0 qo_len=4 kv_len=4096 n_heads=12 n_kv_heads=2 head_dim=128 kv_head=1 worker=0 profiled_total=493 q_load=1 k_load=223 v_load=187 qk_dot=3 safe_sm=76 core_acc=1 o_scale=0 o_store=2
FIG8_ATTENTION_EVENT_COUNT mode=lut-exp qo_len=4 phase=measure iteration=10 events=16 max_events=3224 overflow=0
FIG8_ATTENTION_EVENT mode=lut-exp phase=measure iteration=10 component=q_load component_id=1 lut_exp=1 qo_len=4 kv_len=4096 n_heads=12 n_kv_heads=2 head_dim=128 kv_head=0 worker=0 block_r=0 block_c=-1 t0_us=2283926437052 t1_us=2283926437054 dur_us=1
FIG8_ATTENTION_EVENT mode=lut-exp phase=measure iteration=10 component=k_load component_id=2 lut_exp=1 qo_len=4 kv_len=4096 n_heads=12 n_kv_heads=2 head_dim=128 kv_head=0 worker=0 block_r=0 block_c=0 t0_us=2283926437055 t1_us=2283926437268 dur_us=213
FIG8_ATTENTION_EVENT mode=lut-exp phase=measure iteration=10 component=qk_dot component_id=4 lut_exp=1 qo_len=4 kv_len=4096 n_heads=12 n_kv_heads=2 head_dim=128 kv_head=0 worker=0 block_r=0 block_c=0 t0_us=2283926437268 t1_us=2283926437271 dur_us=2
FIG8_ATTENTION_EVENT mode=lut-exp phase=measure iteration=10 component=safe_sm component_id=5 lut_exp=1 qo_len=4 kv_len=4096 n_heads=12 n_kv_heads=2 head_dim=128 kv_head=0 worker=0 block_r=0 block_c=0 t0_us=2283926437271 t1_us=2283926437347 dur_us=76
FIG8_ATTENTION_EVENT mode=lut-exp phase=measure iteration=10 component=v_load component_id=3 lut_exp=1 qo_len=4 kv_len=4096 n_heads=12 n_kv_heads=2 head_dim=128 kv_head=0 worker=0 block_r=0 block_c=0 t0_us=2283926437348 t1_us=2283926437526 dur_us=178
FIG8_ATTENTION_EVENT mode=lut-exp phase=measure iteration=10 component=core_acc component_id=6 lut_exp=1 qo_len=4 kv_len=4096 n_heads=12 n_kv_heads=2 head_dim=128 kv_head=0 worker=0 block_r=0 block_c=0 t0_us=2283926437527 t1_us=2283926437528 dur_us=1
FIG8_ATTENTION_EVENT mode=lut-exp phase=measure iteration=10 component=o_scale component_id=7 lut_exp=1 qo_len=4 kv_len=4096 n_heads=12 n_kv_heads=2 head_dim=128 kv_head=0 worker=0 block_r=0 block_c=-1 t0_us=2283926437529 t1_us=2283926437529 dur_us=0
FIG8_ATTENTION_EVENT mode=lut-exp phase=measure iteration=10 component=o_store component_id=8 lut_exp=1 qo_len=4 kv_len=4096 n_heads=12 n_kv_heads=2 head_dim=128 kv_head=0 worker=0 block_r=0 block_c=-1 t0_us=2283926437530 t1_us=2283926437532 dur_us=2
FIG8_ATTENTION_EVENT mode=lut-exp phase=measure iteration=10 component=q_load component_id=1 lut_exp=1 qo_len=4 kv_len=4096 n_heads=12 n_kv_heads=2 head_dim=128 kv_head=1 worker=0 block_r=0 block_c=-1 t0_us=2283926437572 t1_us=2283926437573 dur_us=1
FIG8_ATTENTION_EVENT mode=lut-exp phase=measure iteration=10 component=k_load component_id=2 lut_exp=1 qo_len=4 kv_len=4096 n_heads=12 n_kv_heads=2 head_dim=128 kv_head=1 worker=0 block_r=0 block_c=0 t0_us=2283926437575 t1_us=2283926437798 dur_us=223
FIG8_ATTENTION_EVENT mode=lut-exp phase=measure iteration=10 component=qk_dot component_id=4 lut_exp=1 qo_len=4 kv_len=4096 n_heads=12 n_kv_heads=2 head_dim=128 kv_head=1 worker=0 block_r=0 block_c=0 t0_us=2283926437799 t1_us=2283926437802 dur_us=3
FIG8_ATTENTION_EVENT mode=lut-exp phase=measure iteration=10 component=safe_sm component_id=5 lut_exp=1 qo_len=4 kv_len=4096 n_heads=12 n_kv_heads=2 head_dim=128 kv_head=1 worker=0 block_r=0 block_c=0 t0_us=2283926437803 t1_us=2283926437880 dur_us=76
FIG8_ATTENTION_EVENT mode=lut-exp phase=measure iteration=10 component=v_load component_id=3 lut_exp=1 qo_len=4 kv_len=4096 n_heads=12 n_kv_heads=2 head_dim=128 kv_head=1 worker=0 block_r=0 block_c=0 t0_us=2283926437881 t1_us=2283926438068 dur_us=187
FIG8_ATTENTION_EVENT mode=lut-exp phase=measure iteration=10 component=core_acc component_id=6 lut_exp=1 qo_len=4 kv_len=4096 n_heads=12 n_kv_heads=2 head_dim=128 kv_head=1 worker=0 block_r=0 block_c=0 t0_us=2283926438068 t1_us=2283926438070 dur_us=1
FIG8_ATTENTION_EVENT mode=lut-exp phase=measure iteration=10 component=o_scale component_id=7 lut_exp=1 qo_len=4 kv_len=4096 n_heads=12 n_kv_heads=2 head_dim=128 kv_head=1 worker=0 block_r=0 block_c=-1 t0_us=2283926438070 t1_us=2283926438071 dur_us=0
FIG8_ATTENTION_EVENT mode=lut-exp phase=measure iteration=10 component=o_store component_id=8 lut_exp=1 qo_len=4 kv_len=4096 n_heads=12 n_kv_heads=2 head_dim=128 kv_head=1 worker=0 block_r=0 block_c=-1 t0_us=2283926438071 t1_us=2283926438073 dur_us=2
FIG8_ATTENTION_HOST_TIMING mode=lut-exp qo_len=4 kv_len=4096 n_heads=12 n_kv_heads=2 head_dim=128 phase=measure iteration=11 host_elapsed_us=1270 ret=0
FIG8_ATTENTION_PROFILE_COUNT mode=lut-exp qo_len=4 phase=measure iteration=11 records=2 max_records=10
FIG8_ATTENTION_TIMERS mode=lut-exp phase=measure iteration=11 lut_exp=1 nonlinear_mode=0 scna_width=0 scna_exp=0 qo_len=4 kv_len=4096 n_heads=12 n_kv_heads=2 head_dim=128 kv_head=0 worker=0 profiled_total=475 q_load=1 k_load=213 v_load=179 qk_dot=2 safe_sm=76 core_acc=1 o_scale=0 o_store=3
FIG8_ATTENTION_TIMERS mode=lut-exp phase=measure iteration=11 lut_exp=1 nonlinear_mode=0 scna_width=0 scna_exp=0 qo_len=4 kv_len=4096 n_heads=12 n_kv_heads=2 head_dim=128 kv_head=1 worker=0 profiled_total=489 q_load=1 k_load=223 v_load=182 qk_dot=3 safe_sm=77 core_acc=1 o_scale=0 o_store=2
FIG8_ATTENTION_EVENT_COUNT mode=lut-exp qo_len=4 phase=measure iteration=11 events=16 max_events=3224 overflow=0
FIG8_ATTENTION_EVENT mode=lut-exp phase=measure iteration=11 component=q_load component_id=1 lut_exp=1 qo_len=4 kv_len=4096 n_heads=12 n_kv_heads=2 head_dim=128 kv_head=0 worker=0 block_r=0 block_c=-1 t0_us=2283926438696 t1_us=2283926438698 dur_us=1
FIG8_ATTENTION_EVENT mode=lut-exp phase=measure iteration=11 component=k_load component_id=2 lut_exp=1 qo_len=4 kv_len=4096 n_heads=12 n_kv_heads=2 head_dim=128 kv_head=0 worker=0 block_r=0 block_c=0 t0_us=2283926438699 t1_us=2283926438912 dur_us=213
FIG8_ATTENTION_EVENT mode=lut-exp phase=measure iteration=11 component=qk_dot component_id=4 lut_exp=1 qo_len=4 kv_len=4096 n_heads=12 n_kv_heads=2 head_dim=128 kv_head=0 worker=0 block_r=0 block_c=0 t0_us=2283926438912 t1_us=2283926438915 dur_us=2
FIG8_ATTENTION_EVENT mode=lut-exp phase=measure iteration=11 component=safe_sm component_id=5 lut_exp=1 qo_len=4 kv_len=4096 n_heads=12 n_kv_heads=2 head_dim=128 kv_head=0 worker=0 block_r=0 block_c=0 t0_us=2283926438915 t1_us=2283926438992 dur_us=76
FIG8_ATTENTION_EVENT mode=lut-exp phase=measure iteration=11 component=v_load component_id=3 lut_exp=1 qo_len=4 kv_len=4096 n_heads=12 n_kv_heads=2 head_dim=128 kv_head=0 worker=0 block_r=0 block_c=0 t0_us=2283926438992 t1_us=2283926439171 dur_us=179
FIG8_ATTENTION_EVENT mode=lut-exp phase=measure iteration=11 component=core_acc component_id=6 lut_exp=1 qo_len=4 kv_len=4096 n_heads=12 n_kv_heads=2 head_dim=128 kv_head=0 worker=0 block_r=0 block_c=0 t0_us=2283926439172 t1_us=2283926439173 dur_us=1
FIG8_ATTENTION_EVENT mode=lut-exp phase=measure iteration=11 component=o_scale component_id=7 lut_exp=1 qo_len=4 kv_len=4096 n_heads=12 n_kv_heads=2 head_dim=128 kv_head=0 worker=0 block_r=0 block_c=-1 t0_us=2283926439174 t1_us=2283926439175 dur_us=0
FIG8_ATTENTION_EVENT mode=lut-exp phase=measure iteration=11 component=o_store component_id=8 lut_exp=1 qo_len=4 kv_len=4096 n_heads=12 n_kv_heads=2 head_dim=128 kv_head=0 worker=0 block_r=0 block_c=-1 t0_us=2283926439175 t1_us=2283926439178 dur_us=3
FIG8_ATTENTION_EVENT mode=lut-exp phase=measure iteration=11 component=q_load component_id=1 lut_exp=1 qo_len=4 kv_len=4096 n_heads=12 n_kv_heads=2 head_dim=128 kv_head=1 worker=0 block_r=0 block_c=-1 t0_us=2283926439220 t1_us=2283926439222 dur_us=1
FIG8_ATTENTION_EVENT mode=lut-exp phase=measure iteration=11 component=k_load component_id=2 lut_exp=1 qo_len=4 kv_len=4096 n_heads=12 n_kv_heads=2 head_dim=128 kv_head=1 worker=0 block_r=0 block_c=0 t0_us=2283926439223 t1_us=2283926439446 dur_us=223
FIG8_ATTENTION_EVENT mode=lut-exp phase=measure iteration=11 component=qk_dot component_id=4 lut_exp=1 qo_len=4 kv_len=4096 n_heads=12 n_kv_heads=2 head_dim=128 kv_head=1 worker=0 block_r=0 block_c=0 t0_us=2283926439447 t1_us=2283926439450 dur_us=3
FIG8_ATTENTION_EVENT mode=lut-exp phase=measure iteration=11 component=safe_sm component_id=5 lut_exp=1 qo_len=4 kv_len=4096 n_heads=12 n_kv_heads=2 head_dim=128 kv_head=1 worker=0 block_r=0 block_c=0 t0_us=2283926439451 t1_us=2283926439529 dur_us=77
FIG8_ATTENTION_EVENT mode=lut-exp phase=measure iteration=11 component=v_load component_id=3 lut_exp=1 qo_len=4 kv_len=4096 n_heads=12 n_kv_heads=2 head_dim=128 kv_head=1 worker=0 block_r=0 block_c=0 t0_us=2283926439529 t1_us=2283926439712 dur_us=182
FIG8_ATTENTION_EVENT mode=lut-exp phase=measure iteration=11 component=core_acc component_id=6 lut_exp=1 qo_len=4 kv_len=4096 n_heads=12 n_kv_heads=2 head_dim=128 kv_head=1 worker=0 block_r=0 block_c=0 t0_us=2283926439712 t1_us=2283926439714 dur_us=1
FIG8_ATTENTION_EVENT mode=lut-exp phase=measure iteration=11 component=o_scale component_id=7 lut_exp=1 qo_len=4 kv_len=4096 n_heads=12 n_kv_heads=2 head_dim=128 kv_head=1 worker=0 block_r=0 block_c=-1 t0_us=2283926439714 t1_us=2283926439715 dur_us=0
FIG8_ATTENTION_EVENT mode=lut-exp phase=measure iteration=11 component=o_store component_id=8 lut_exp=1 qo_len=4 kv_len=4096 n_heads=12 n_kv_heads=2 head_dim=128 kv_head=1 worker=0 block_r=0 block_c=-1 t0_us=2283926439715 t1_us=2283926439717 dur_us=2
FIG8_ATTENTION_HOST_TIMING mode=lut-exp qo_len=4 kv_len=4096 n_heads=12 n_kv_heads=2 head_dim=128 phase=measure iteration=12 host_elapsed_us=1233 ret=0
FIG8_ATTENTION_PROFILE_COUNT mode=lut-exp qo_len=4 phase=measure iteration=12 records=2 max_records=10
FIG8_ATTENTION_TIMERS mode=lut-exp phase=measure iteration=12 lut_exp=1 nonlinear_mode=0 scna_width=0 scna_exp=0 qo_len=4 kv_len=4096 n_heads=12 n_kv_heads=2 head_dim=128 kv_head=0 worker=0 profiled_total=471 q_load=1 k_load=213 v_load=177 qk_dot=2 safe_sm=75 core_acc=1 o_scale=0 o_store=2
FIG8_ATTENTION_TIMERS mode=lut-exp phase=measure iteration=12 lut_exp=1 nonlinear_mode=0 scna_width=0 scna_exp=0 qo_len=4 kv_len=4096 n_heads=12 n_kv_heads=2 head_dim=128 kv_head=1 worker=0 profiled_total=491 q_load=1 k_load=223 v_load=185 qk_dot=3 safe_sm=76 core_acc=1 o_scale=0 o_store=2
FIG8_ATTENTION_EVENT_COUNT mode=lut-exp qo_len=4 phase=measure iteration=12 events=16 max_events=3224 overflow=0
FIG8_ATTENTION_EVENT mode=lut-exp phase=measure iteration=12 component=q_load component_id=1 lut_exp=1 qo_len=4 kv_len=4096 n_heads=12 n_kv_heads=2 head_dim=128 kv_head=0 worker=0 block_r=0 block_c=-1 t0_us=2283926440310 t1_us=2283926440311 dur_us=1
FIG8_ATTENTION_EVENT mode=lut-exp phase=measure iteration=12 component=k_load component_id=2 lut_exp=1 qo_len=4 kv_len=4096 n_heads=12 n_kv_heads=2 head_dim=128 kv_head=0 worker=0 block_r=0 block_c=0 t0_us=2283926440312 t1_us=2283926440526 dur_us=213
FIG8_ATTENTION_EVENT mode=lut-exp phase=measure iteration=12 component=qk_dot component_id=4 lut_exp=1 qo_len=4 kv_len=4096 n_heads=12 n_kv_heads=2 head_dim=128 kv_head=0 worker=0 block_r=0 block_c=0 t0_us=2283926440526 t1_us=2283926440529 dur_us=2
FIG8_ATTENTION_EVENT mode=lut-exp phase=measure iteration=12 component=safe_sm component_id=5 lut_exp=1 qo_len=4 kv_len=4096 n_heads=12 n_kv_heads=2 head_dim=128 kv_head=0 worker=0 block_r=0 block_c=0 t0_us=2283926440529 t1_us=2283926440604 dur_us=75
FIG8_ATTENTION_EVENT mode=lut-exp phase=measure iteration=12 component=v_load component_id=3 lut_exp=1 qo_len=4 kv_len=4096 n_heads=12 n_kv_heads=2 head_dim=128 kv_head=0 worker=0 block_r=0 block_c=0 t0_us=2283926440604 t1_us=2283926440781 dur_us=177
FIG8_ATTENTION_EVENT mode=lut-exp phase=measure iteration=12 component=core_acc component_id=6 lut_exp=1 qo_len=4 kv_len=4096 n_heads=12 n_kv_heads=2 head_dim=128 kv_head=0 worker=0 block_r=0 block_c=0 t0_us=2283926440782 t1_us=2283926440784 dur_us=1
FIG8_ATTENTION_EVENT mode=lut-exp phase=measure iteration=12 component=o_scale component_id=7 lut_exp=1 qo_len=4 kv_len=4096 n_heads=12 n_kv_heads=2 head_dim=128 kv_head=0 worker=0 block_r=0 block_c=-1 t0_us=2283926440784 t1_us=2283926440785 dur_us=0
FIG8_ATTENTION_EVENT mode=lut-exp phase=measure iteration=12 component=o_store component_id=8 lut_exp=1 qo_len=4 kv_len=4096 n_heads=12 n_kv_heads=2 head_dim=128 kv_head=0 worker=0 block_r=0 block_c=-1 t0_us=2283926440785 t1_us=2283926440787 dur_us=2
FIG8_ATTENTION_EVENT mode=lut-exp phase=measure iteration=12 component=q_load component_id=1 lut_exp=1 qo_len=4 kv_len=4096 n_heads=12 n_kv_heads=2 head_dim=128 kv_head=1 worker=0 block_r=0 block_c=-1 t0_us=2283926440828 t1_us=2283926440829 dur_us=1
FIG8_ATTENTION_EVENT mode=lut-exp phase=measure iteration=12 component=k_load component_id=2 lut_exp=1 qo_len=4 kv_len=4096 n_heads=12 n_kv_heads=2 head_dim=128 kv_head=1 worker=0 block_r=0 block_c=0 t0_us=2283926440831 t1_us=2283926441054 dur_us=223
FIG8_ATTENTION_EVENT mode=lut-exp phase=measure iteration=12 component=qk_dot component_id=4 lut_exp=1 qo_len=4 kv_len=4096 n_heads=12 n_kv_heads=2 head_dim=128 kv_head=1 worker=0 block_r=0 block_c=0 t0_us=2283926441055 t1_us=2283926441058 dur_us=3
FIG8_ATTENTION_EVENT mode=lut-exp phase=measure iteration=12 component=safe_sm component_id=5 lut_exp=1 qo_len=4 kv_len=4096 n_heads=12 n_kv_heads=2 head_dim=128 kv_head=1 worker=0 block_r=0 block_c=0 t0_us=2283926441059 t1_us=2283926441136 dur_us=76
FIG8_ATTENTION_EVENT mode=lut-exp phase=measure iteration=12 component=v_load component_id=3 lut_exp=1 qo_len=4 kv_len=4096 n_heads=12 n_kv_heads=2 head_dim=128 kv_head=1 worker=0 block_r=0 block_c=0 t0_us=2283926441136 t1_us=2283926441321 dur_us=185
FIG8_ATTENTION_EVENT mode=lut-exp phase=measure iteration=12 component=core_acc component_id=6 lut_exp=1 qo_len=4 kv_len=4096 n_heads=12 n_kv_heads=2 head_dim=128 kv_head=1 worker=0 block_r=0 block_c=0 t0_us=2283926441322 t1_us=2283926441323 dur_us=1
FIG8_ATTENTION_EVENT mode=lut-exp phase=measure iteration=12 component=o_scale component_id=7 lut_exp=1 qo_len=4 kv_len=4096 n_heads=12 n_kv_heads=2 head_dim=128 kv_head=1 worker=0 block_r=0 block_c=-1 t0_us=2283926441323 t1_us=2283926441324 dur_us=0
FIG8_ATTENTION_EVENT mode=lut-exp phase=measure iteration=12 component=o_store component_id=8 lut_exp=1 qo_len=4 kv_len=4096 n_heads=12 n_kv_heads=2 head_dim=128 kv_head=1 worker=0 block_r=0 block_c=-1 t0_us=2283926441324 t1_us=2283926441326 dur_us=2
FIG8_ATTENTION_HOST_TIMING mode=lut-exp qo_len=4 kv_len=4096 n_heads=12 n_kv_heads=2 head_dim=128 phase=measure iteration=13 host_elapsed_us=1192 ret=0
FIG8_ATTENTION_PROFILE_COUNT mode=lut-exp qo_len=4 phase=measure iteration=13 records=2 max_records=10
FIG8_ATTENTION_TIMERS mode=lut-exp phase=measure iteration=13 lut_exp=1 nonlinear_mode=0 scna_width=0 scna_exp=0 qo_len=4 kv_len=4096 n_heads=12 n_kv_heads=2 head_dim=128 kv_head=0 worker=0 profiled_total=469 q_load=1 k_load=210 v_load=178 qk_dot=2 safe_sm=75 core_acc=1 o_scale=0 o_store=2
FIG8_ATTENTION_TIMERS mode=lut-exp phase=measure iteration=13 lut_exp=1 nonlinear_mode=0 scna_width=0 scna_exp=0 qo_len=4 kv_len=4096 n_heads=12 n_kv_heads=2 head_dim=128 kv_head=1 worker=0 profiled_total=490 q_load=1 k_load=225 v_load=182 qk_dot=3 safe_sm=76 core_acc=1 o_scale=0 o_store=2
FIG8_ATTENTION_EVENT_COUNT mode=lut-exp qo_len=4 phase=measure iteration=13 events=16 max_events=3224 overflow=0
FIG8_ATTENTION_EVENT mode=lut-exp phase=measure iteration=13 component=q_load component_id=1 lut_exp=1 qo_len=4 kv_len=4096 n_heads=12 n_kv_heads=2 head_dim=128 kv_head=0 worker=0 block_r=0 block_c=-1 t0_us=2283926441855 t1_us=2283926441856 dur_us=1
FIG8_ATTENTION_EVENT mode=lut-exp phase=measure iteration=13 component=k_load component_id=2 lut_exp=1 qo_len=4 kv_len=4096 n_heads=12 n_kv_heads=2 head_dim=128 kv_head=0 worker=0 block_r=0 block_c=0 t0_us=2283926441857 t1_us=2283926442068 dur_us=210
FIG8_ATTENTION_EVENT mode=lut-exp phase=measure iteration=13 component=qk_dot component_id=4 lut_exp=1 qo_len=4 kv_len=4096 n_heads=12 n_kv_heads=2 head_dim=128 kv_head=0 worker=0 block_r=0 block_c=0 t0_us=2283926442068 t1_us=2283926442071 dur_us=2
FIG8_ATTENTION_EVENT mode=lut-exp phase=measure iteration=13 component=safe_sm component_id=5 lut_exp=1 qo_len=4 kv_len=4096 n_heads=12 n_kv_heads=2 head_dim=128 kv_head=0 worker=0 block_r=0 block_c=0 t0_us=2283926442071 t1_us=2283926442147 dur_us=75
FIG8_ATTENTION_EVENT mode=lut-exp phase=measure iteration=13 component=v_load component_id=3 lut_exp=1 qo_len=4 kv_len=4096 n_heads=12 n_kv_heads=2 head_dim=128 kv_head=0 worker=0 block_r=0 block_c=0 t0_us=2283926442147 t1_us=2283926442325 dur_us=178
FIG8_ATTENTION_EVENT mode=lut-exp phase=measure iteration=13 component=core_acc component_id=6 lut_exp=1 qo_len=4 kv_len=4096 n_heads=12 n_kv_heads=2 head_dim=128 kv_head=0 worker=0 block_r=0 block_c=0 t0_us=2283926442326 t1_us=2283926442327 dur_us=1
FIG8_ATTENTION_EVENT mode=lut-exp phase=measure iteration=13 component=o_scale component_id=7 lut_exp=1 qo_len=4 kv_len=4096 n_heads=12 n_kv_heads=2 head_dim=128 kv_head=0 worker=0 block_r=0 block_c=-1 t0_us=2283926442328 t1_us=2283926442328 dur_us=0
FIG8_ATTENTION_EVENT mode=lut-exp phase=measure iteration=13 component=o_store component_id=8 lut_exp=1 qo_len=4 kv_len=4096 n_heads=12 n_kv_heads=2 head_dim=128 kv_head=0 worker=0 block_r=0 block_c=-1 t0_us=2283926442328 t1_us=2283926442331 dur_us=2
FIG8_ATTENTION_EVENT mode=lut-exp phase=measure iteration=13 component=q_load component_id=1 lut_exp=1 qo_len=4 kv_len=4096 n_heads=12 n_kv_heads=2 head_dim=128 kv_head=1 worker=0 block_r=0 block_c=-1 t0_us=2283926442371 t1_us=2283926442373 dur_us=1
FIG8_ATTENTION_EVENT mode=lut-exp phase=measure iteration=13 component=k_load component_id=2 lut_exp=1 qo_len=4 kv_len=4096 n_heads=12 n_kv_heads=2 head_dim=128 kv_head=1 worker=0 block_r=0 block_c=0 t0_us=2283926442374 t1_us=2283926442600 dur_us=225
FIG8_ATTENTION_EVENT mode=lut-exp phase=measure iteration=13 component=qk_dot component_id=4 lut_exp=1 qo_len=4 kv_len=4096 n_heads=12 n_kv_heads=2 head_dim=128 kv_head=1 worker=0 block_r=0 block_c=0 t0_us=2283926442600 t1_us=2283926442604 dur_us=3
FIG8_ATTENTION_EVENT mode=lut-exp phase=measure iteration=13 component=safe_sm component_id=5 lut_exp=1 qo_len=4 kv_len=4096 n_heads=12 n_kv_heads=2 head_dim=128 kv_head=1 worker=0 block_r=0 block_c=0 t0_us=2283926442605 t1_us=2283926442681 dur_us=76
FIG8_ATTENTION_EVENT mode=lut-exp phase=measure iteration=13 component=v_load component_id=3 lut_exp=1 qo_len=4 kv_len=4096 n_heads=12 n_kv_heads=2 head_dim=128 kv_head=1 worker=0 block_r=0 block_c=0 t0_us=2283926442681 t1_us=2283926442864 dur_us=182
FIG8_ATTENTION_EVENT mode=lut-exp phase=measure iteration=13 component=core_acc component_id=6 lut_exp=1 qo_len=4 kv_len=4096 n_heads=12 n_kv_heads=2 head_dim=128 kv_head=1 worker=0 block_r=0 block_c=0 t0_us=2283926442864 t1_us=2283926442866 dur_us=1
FIG8_ATTENTION_EVENT mode=lut-exp phase=measure iteration=13 component=o_scale component_id=7 lut_exp=1 qo_len=4 kv_len=4096 n_heads=12 n_kv_heads=2 head_dim=128 kv_head=1 worker=0 block_r=0 block_c=-1 t0_us=2283926442866 t1_us=2283926442867 dur_us=0
FIG8_ATTENTION_EVENT mode=lut-exp phase=measure iteration=13 component=o_store component_id=8 lut_exp=1 qo_len=4 kv_len=4096 n_heads=12 n_kv_heads=2 head_dim=128 kv_head=1 worker=0 block_r=0 block_c=-1 t0_us=2283926442867 t1_us=2283926442869 dur_us=2
FIG8_ATTENTION_HOST_TIMING mode=lut-exp qo_len=4 kv_len=4096 n_heads=12 n_kv_heads=2 head_dim=128 phase=measure iteration=14 host_elapsed_us=1314 ret=0
FIG8_ATTENTION_PROFILE_COUNT mode=lut-exp qo_len=4 phase=measure iteration=14 records=2 max_records=10
FIG8_ATTENTION_TIMERS mode=lut-exp phase=measure iteration=14 lut_exp=1 nonlinear_mode=0 scna_width=0 scna_exp=0 qo_len=4 kv_len=4096 n_heads=12 n_kv_heads=2 head_dim=128 kv_head=0 worker=0 profiled_total=468 q_load=1 k_load=210 v_load=177 qk_dot=2 safe_sm=75 core_acc=1 o_scale=0 o_store=2
FIG8_ATTENTION_TIMERS mode=lut-exp phase=measure iteration=14 lut_exp=1 nonlinear_mode=0 scna_width=0 scna_exp=0 qo_len=4 kv_len=4096 n_heads=12 n_kv_heads=2 head_dim=128 kv_head=1 worker=0 profiled_total=490 q_load=1 k_load=220 v_load=187 qk_dot=3 safe_sm=76 core_acc=1 o_scale=0 o_store=2
FIG8_ATTENTION_EVENT_COUNT mode=lut-exp qo_len=4 phase=measure iteration=14 events=16 max_events=3224 overflow=0
FIG8_ATTENTION_EVENT mode=lut-exp phase=measure iteration=14 component=q_load component_id=1 lut_exp=1 qo_len=4 kv_len=4096 n_heads=12 n_kv_heads=2 head_dim=128 kv_head=0 worker=0 block_r=0 block_c=-1 t0_us=2283926443353 t1_us=2283926443354 dur_us=1
FIG8_ATTENTION_EVENT mode=lut-exp phase=measure iteration=14 component=k_load component_id=2 lut_exp=1 qo_len=4 kv_len=4096 n_heads=12 n_kv_heads=2 head_dim=128 kv_head=0 worker=0 block_r=0 block_c=0 t0_us=2283926443355 t1_us=2283926443565 dur_us=210
FIG8_ATTENTION_EVENT mode=lut-exp phase=measure iteration=14 component=qk_dot component_id=4 lut_exp=1 qo_len=4 kv_len=4096 n_heads=12 n_kv_heads=2 head_dim=128 kv_head=0 worker=0 block_r=0 block_c=0 t0_us=2283926443566 t1_us=2283926443569 dur_us=2
FIG8_ATTENTION_EVENT mode=lut-exp phase=measure iteration=14 component=safe_sm component_id=5 lut_exp=1 qo_len=4 kv_len=4096 n_heads=12 n_kv_heads=2 head_dim=128 kv_head=0 worker=0 block_r=0 block_c=0 t0_us=2283926443569 t1_us=2283926443645 dur_us=75
FIG8_ATTENTION_EVENT mode=lut-exp phase=measure iteration=14 component=v_load component_id=3 lut_exp=1 qo_len=4 kv_len=4096 n_heads=12 n_kv_heads=2 head_dim=128 kv_head=0 worker=0 block_r=0 block_c=0 t0_us=2283926443645 t1_us=2283926443822 dur_us=177
FIG8_ATTENTION_EVENT mode=lut-exp phase=measure iteration=14 component=core_acc component_id=6 lut_exp=1 qo_len=4 kv_len=4096 n_heads=12 n_kv_heads=2 head_dim=128 kv_head=0 worker=0 block_r=0 block_c=0 t0_us=2283926443823 t1_us=2283926443825 dur_us=1
FIG8_ATTENTION_EVENT mode=lut-exp phase=measure iteration=14 component=o_scale component_id=7 lut_exp=1 qo_len=4 kv_len=4096 n_heads=12 n_kv_heads=2 head_dim=128 kv_head=0 worker=0 block_r=0 block_c=-1 t0_us=2283926443825 t1_us=2283926443825 dur_us=0
FIG8_ATTENTION_EVENT mode=lut-exp phase=measure iteration=14 component=o_store component_id=8 lut_exp=1 qo_len=4 kv_len=4096 n_heads=12 n_kv_heads=2 head_dim=128 kv_head=0 worker=0 block_r=0 block_c=-1 t0_us=2283926443826 t1_us=2283926443828 dur_us=2
FIG8_ATTENTION_EVENT mode=lut-exp phase=measure iteration=14 component=q_load component_id=1 lut_exp=1 qo_len=4 kv_len=4096 n_heads=12 n_kv_heads=2 head_dim=128 kv_head=1 worker=0 block_r=0 block_c=-1 t0_us=2283926443869 t1_us=2283926443870 dur_us=1
FIG8_ATTENTION_EVENT mode=lut-exp phase=measure iteration=14 component=k_load component_id=2 lut_exp=1 qo_len=4 kv_len=4096 n_heads=12 n_kv_heads=2 head_dim=128 kv_head=1 worker=0 block_r=0 block_c=0 t0_us=2283926443872 t1_us=2283926444092 dur_us=220
FIG8_ATTENTION_EVENT mode=lut-exp phase=measure iteration=14 component=qk_dot component_id=4 lut_exp=1 qo_len=4 kv_len=4096 n_heads=12 n_kv_heads=2 head_dim=128 kv_head=1 worker=0 block_r=0 block_c=0 t0_us=2283926444093 t1_us=2283926444096 dur_us=3
FIG8_ATTENTION_EVENT mode=lut-exp phase=measure iteration=14 component=safe_sm component_id=5 lut_exp=1 qo_len=4 kv_len=4096 n_heads=12 n_kv_heads=2 head_dim=128 kv_head=1 worker=0 block_r=0 block_c=0 t0_us=2283926444097 t1_us=2283926444174 dur_us=76
FIG8_ATTENTION_EVENT mode=lut-exp phase=measure iteration=14 component=v_load component_id=3 lut_exp=1 qo_len=4 kv_len=4096 n_heads=12 n_kv_heads=2 head_dim=128 kv_head=1 worker=0 block_r=0 block_c=0 t0_us=2283926444174 t1_us=2283926444362 dur_us=187
FIG8_ATTENTION_EVENT mode=lut-exp phase=measure iteration=14 component=core_acc component_id=6 lut_exp=1 qo_len=4 kv_len=4096 n_heads=12 n_kv_heads=2 head_dim=128 kv_head=1 worker=0 block_r=0 block_c=0 t0_us=2283926444362 t1_us=2283926444364 dur_us=1
FIG8_ATTENTION_EVENT mode=lut-exp phase=measure iteration=14 component=o_scale component_id=7 lut_exp=1 qo_len=4 kv_len=4096 n_heads=12 n_kv_heads=2 head_dim=128 kv_head=1 worker=0 block_r=0 block_c=-1 t0_us=2283926444364 t1_us=2283926444365 dur_us=0
FIG8_ATTENTION_EVENT mode=lut-exp phase=measure iteration=14 component=o_store component_id=8 lut_exp=1 qo_len=4 kv_len=4096 n_heads=12 n_kv_heads=2 head_dim=128 kv_head=1 worker=0 block_r=0 block_c=-1 t0_us=2283926444365 t1_us=2283926444367 dur_us=2
FIG8_ATTENTION_HOST_TIMING mode=lut-exp qo_len=4 kv_len=4096 n_heads=12 n_kv_heads=2 head_dim=128 phase=measure iteration=15 host_elapsed_us=1223 ret=0
FIG8_ATTENTION_PROFILE_COUNT mode=lut-exp qo_len=4 phase=measure iteration=15 records=2 max_records=10
FIG8_ATTENTION_TIMERS mode=lut-exp phase=measure iteration=15 lut_exp=1 nonlinear_mode=0 scna_width=0 scna_exp=0 qo_len=4 kv_len=4096 n_heads=12 n_kv_heads=2 head_dim=128 kv_head=0 worker=0 profiled_total=469 q_load=1 k_load=212 v_load=176 qk_dot=2 safe_sm=75 core_acc=1 o_scale=0 o_store=2
FIG8_ATTENTION_TIMERS mode=lut-exp phase=measure iteration=15 lut_exp=1 nonlinear_mode=0 scna_width=0 scna_exp=0 qo_len=4 kv_len=4096 n_heads=12 n_kv_heads=2 head_dim=128 kv_head=1 worker=0 profiled_total=484 q_load=1 k_load=218 v_load=183 qk_dot=3 safe_sm=76 core_acc=1 o_scale=0 o_store=2
FIG8_ATTENTION_EVENT_COUNT mode=lut-exp qo_len=4 phase=measure iteration=15 events=16 max_events=3224 overflow=0
FIG8_ATTENTION_EVENT mode=lut-exp phase=measure iteration=15 component=q_load component_id=1 lut_exp=1 qo_len=4 kv_len=4096 n_heads=12 n_kv_heads=2 head_dim=128 kv_head=0 worker=0 block_r=0 block_c=-1 t0_us=2283926444976 t1_us=2283926444978 dur_us=1
FIG8_ATTENTION_EVENT mode=lut-exp phase=measure iteration=15 component=k_load component_id=2 lut_exp=1 qo_len=4 kv_len=4096 n_heads=12 n_kv_heads=2 head_dim=128 kv_head=0 worker=0 block_r=0 block_c=0 t0_us=2283926444979 t1_us=2283926445191 dur_us=212
FIG8_ATTENTION_EVENT mode=lut-exp phase=measure iteration=15 component=qk_dot component_id=4 lut_exp=1 qo_len=4 kv_len=4096 n_heads=12 n_kv_heads=2 head_dim=128 kv_head=0 worker=0 block_r=0 block_c=0 t0_us=2283926445191 t1_us=2283926445194 dur_us=2
FIG8_ATTENTION_EVENT mode=lut-exp phase=measure iteration=15 component=safe_sm component_id=5 lut_exp=1 qo_len=4 kv_len=4096 n_heads=12 n_kv_heads=2 head_dim=128 kv_head=0 worker=0 block_r=0 block_c=0 t0_us=2283926445194 t1_us=2283926445269 dur_us=75
FIG8_ATTENTION_EVENT mode=lut-exp phase=measure iteration=15 component=v_load component_id=3 lut_exp=1 qo_len=4 kv_len=4096 n_heads=12 n_kv_heads=2 head_dim=128 kv_head=0 worker=0 block_r=0 block_c=0 t0_us=2283926445269 t1_us=2283926445446 dur_us=176
FIG8_ATTENTION_EVENT mode=lut-exp phase=measure iteration=15 component=core_acc component_id=6 lut_exp=1 qo_len=4 kv_len=4096 n_heads=12 n_kv_heads=2 head_dim=128 kv_head=0 worker=0 block_r=0 block_c=0 t0_us=2283926445446 t1_us=2283926445448 dur_us=1
FIG8_ATTENTION_EVENT mode=lut-exp phase=measure iteration=15 component=o_scale component_id=7 lut_exp=1 qo_len=4 kv_len=4096 n_heads=12 n_kv_heads=2 head_dim=128 kv_head=0 worker=0 block_r=0 block_c=-1 t0_us=2283926445449 t1_us=2283926445449 dur_us=0
FIG8_ATTENTION_EVENT mode=lut-exp phase=measure iteration=15 component=o_store component_id=8 lut_exp=1 qo_len=4 kv_len=4096 n_heads=12 n_kv_heads=2 head_dim=128 kv_head=0 worker=0 block_r=0 block_c=-1 t0_us=2283926445449 t1_us=2283926445451 dur_us=2
FIG8_ATTENTION_EVENT mode=lut-exp phase=measure iteration=15 component=q_load component_id=1 lut_exp=1 qo_len=4 kv_len=4096 n_heads=12 n_kv_heads=2 head_dim=128 kv_head=1 worker=0 block_r=0 block_c=-1 t0_us=2283926445492 t1_us=2283926445493 dur_us=1
FIG8_ATTENTION_EVENT mode=lut-exp phase=measure iteration=15 component=k_load component_id=2 lut_exp=1 qo_len=4 kv_len=4096 n_heads=12 n_kv_heads=2 head_dim=128 kv_head=1 worker=0 block_r=0 block_c=0 t0_us=2283926445495 t1_us=2283926445713 dur_us=218
FIG8_ATTENTION_EVENT mode=lut-exp phase=measure iteration=15 component=qk_dot component_id=4 lut_exp=1 qo_len=4 kv_len=4096 n_heads=12 n_kv_heads=2 head_dim=128 kv_head=1 worker=0 block_r=0 block_c=0 t0_us=2283926445714 t1_us=2283926445717 dur_us=3
FIG8_ATTENTION_EVENT mode=lut-exp phase=measure iteration=15 component=safe_sm component_id=5 lut_exp=1 qo_len=4 kv_len=4096 n_heads=12 n_kv_heads=2 head_dim=128 kv_head=1 worker=0 block_r=0 block_c=0 t0_us=2283926445718 t1_us=2283926445794 dur_us=76
FIG8_ATTENTION_EVENT mode=lut-exp phase=measure iteration=15 component=v_load component_id=3 lut_exp=1 qo_len=4 kv_len=4096 n_heads=12 n_kv_heads=2 head_dim=128 kv_head=1 worker=0 block_r=0 block_c=0 t0_us=2283926445795 t1_us=2283926445978 dur_us=183
FIG8_ATTENTION_EVENT mode=lut-exp phase=measure iteration=15 component=core_acc component_id=6 lut_exp=1 qo_len=4 kv_len=4096 n_heads=12 n_kv_heads=2 head_dim=128 kv_head=1 worker=0 block_r=0 block_c=0 t0_us=2283926445978 t1_us=2283926445980 dur_us=1
FIG8_ATTENTION_EVENT mode=lut-exp phase=measure iteration=15 component=o_scale component_id=7 lut_exp=1 qo_len=4 kv_len=4096 n_heads=12 n_kv_heads=2 head_dim=128 kv_head=1 worker=0 block_r=0 block_c=-1 t0_us=2283926445980 t1_us=2283926445980 dur_us=0
FIG8_ATTENTION_EVENT mode=lut-exp phase=measure iteration=15 component=o_store component_id=8 lut_exp=1 qo_len=4 kv_len=4096 n_heads=12 n_kv_heads=2 head_dim=128 kv_head=1 worker=0 block_r=0 block_c=-1 t0_us=2283926445981 t1_us=2283926445983 dur_us=2
FIG8_ATTENTION_HOST_TIMING mode=lut-exp qo_len=4 kv_len=4096 n_heads=12 n_kv_heads=2 head_dim=128 phase=measure iteration=16 host_elapsed_us=1271 ret=0
FIG8_ATTENTION_PROFILE_COUNT mode=lut-exp qo_len=4 phase=measure iteration=16 records=2 max_records=10
FIG8_ATTENTION_TIMERS mode=lut-exp phase=measure iteration=16 lut_exp=1 nonlinear_mode=0 scna_width=0 scna_exp=0 qo_len=4 kv_len=4096 n_heads=12 n_kv_heads=2 head_dim=128 kv_head=0 worker=0 profiled_total=471 q_load=1 k_load=212 v_load=178 qk_dot=2 safe_sm=75 core_acc=1 o_scale=0 o_store=2
FIG8_ATTENTION_TIMERS mode=lut-exp phase=measure iteration=16 lut_exp=1 nonlinear_mode=0 scna_width=0 scna_exp=0 qo_len=4 kv_len=4096 n_heads=12 n_kv_heads=2 head_dim=128 kv_head=1 worker=0 profiled_total=488 q_load=1 k_load=225 v_load=181 qk_dot=3 safe_sm=75 core_acc=1 o_scale=0 o_store=2
FIG8_ATTENTION_EVENT_COUNT mode=lut-exp qo_len=4 phase=measure iteration=16 events=16 max_events=3224 overflow=0
FIG8_ATTENTION_EVENT mode=lut-exp phase=measure iteration=16 component=q_load component_id=1 lut_exp=1 qo_len=4 kv_len=4096 n_heads=12 n_kv_heads=2 head_dim=128 kv_head=0 worker=0 block_r=0 block_c=-1 t0_us=2283926446483 t1_us=2283926446484 dur_us=1
FIG8_ATTENTION_EVENT mode=lut-exp phase=measure iteration=16 component=k_load component_id=2 lut_exp=1 qo_len=4 kv_len=4096 n_heads=12 n_kv_heads=2 head_dim=128 kv_head=0 worker=0 block_r=0 block_c=0 t0_us=2283926446485 t1_us=2283926446697 dur_us=212
FIG8_ATTENTION_EVENT mode=lut-exp phase=measure iteration=16 component=qk_dot component_id=4 lut_exp=1 qo_len=4 kv_len=4096 n_heads=12 n_kv_heads=2 head_dim=128 kv_head=0 worker=0 block_r=0 block_c=0 t0_us=2283926446697 t1_us=2283926446700 dur_us=2
FIG8_ATTENTION_EVENT mode=lut-exp phase=measure iteration=16 component=safe_sm component_id=5 lut_exp=1 qo_len=4 kv_len=4096 n_heads=12 n_kv_heads=2 head_dim=128 kv_head=0 worker=0 block_r=0 block_c=0 t0_us=2283926446700 t1_us=2283926446776 dur_us=75
FIG8_ATTENTION_EVENT mode=lut-exp phase=measure iteration=16 component=v_load component_id=3 lut_exp=1 qo_len=4 kv_len=4096 n_heads=12 n_kv_heads=2 head_dim=128 kv_head=0 worker=0 block_r=0 block_c=0 t0_us=2283926446776 t1_us=2283926446954 dur_us=178
FIG8_ATTENTION_EVENT mode=lut-exp phase=measure iteration=16 component=core_acc component_id=6 lut_exp=1 qo_len=4 kv_len=4096 n_heads=12 n_kv_heads=2 head_dim=128 kv_head=0 worker=0 block_r=0 block_c=0 t0_us=2283926446955 t1_us=2283926446956 dur_us=1
FIG8_ATTENTION_EVENT mode=lut-exp phase=measure iteration=16 component=o_scale component_id=7 lut_exp=1 qo_len=4 kv_len=4096 n_heads=12 n_kv_heads=2 head_dim=128 kv_head=0 worker=0 block_r=0 block_c=-1 t0_us=2283926446957 t1_us=2283926446957 dur_us=0
FIG8_ATTENTION_EVENT mode=lut-exp phase=measure iteration=16 component=o_store component_id=8 lut_exp=1 qo_len=4 kv_len=4096 n_heads=12 n_kv_heads=2 head_dim=128 kv_head=0 worker=0 block_r=0 block_c=-1 t0_us=2283926446958 t1_us=2283926446960 dur_us=2
FIG8_ATTENTION_EVENT mode=lut-exp phase=measure iteration=16 component=q_load component_id=1 lut_exp=1 qo_len=4 kv_len=4096 n_heads=12 n_kv_heads=2 head_dim=128 kv_head=1 worker=0 block_r=0 block_c=-1 t0_us=2283926447000 t1_us=2283926447002 dur_us=1
FIG8_ATTENTION_EVENT mode=lut-exp phase=measure iteration=16 component=k_load component_id=2 lut_exp=1 qo_len=4 kv_len=4096 n_heads=12 n_kv_heads=2 head_dim=128 kv_head=1 worker=0 block_r=0 block_c=0 t0_us=2283926447003 t1_us=2283926447229 dur_us=225
FIG8_ATTENTION_EVENT mode=lut-exp phase=measure iteration=16 component=qk_dot component_id=4 lut_exp=1 qo_len=4 kv_len=4096 n_heads=12 n_kv_heads=2 head_dim=128 kv_head=1 worker=0 block_r=0 block_c=0 t0_us=2283926447230 t1_us=2283926447233 dur_us=3
FIG8_ATTENTION_EVENT mode=lut-exp phase=measure iteration=16 component=safe_sm component_id=5 lut_exp=1 qo_len=4 kv_len=4096 n_heads=12 n_kv_heads=2 head_dim=128 kv_head=1 worker=0 block_r=0 block_c=0 t0_us=2283926447234 t1_us=2283926447310 dur_us=75
FIG8_ATTENTION_EVENT mode=lut-exp phase=measure iteration=16 component=v_load component_id=3 lut_exp=1 qo_len=4 kv_len=4096 n_heads=12 n_kv_heads=2 head_dim=128 kv_head=1 worker=0 block_r=0 block_c=0 t0_us=2283926447310 t1_us=2283926447492 dur_us=181
FIG8_ATTENTION_EVENT mode=lut-exp phase=measure iteration=16 component=core_acc component_id=6 lut_exp=1 qo_len=4 kv_len=4096 n_heads=12 n_kv_heads=2 head_dim=128 kv_head=1 worker=0 block_r=0 block_c=0 t0_us=2283926447492 t1_us=2283926447493 dur_us=1
FIG8_ATTENTION_EVENT mode=lut-exp phase=measure iteration=16 component=o_scale component_id=7 lut_exp=1 qo_len=4 kv_len=4096 n_heads=12 n_kv_heads=2 head_dim=128 kv_head=1 worker=0 block_r=0 block_c=-1 t0_us=2283926447494 t1_us=2283926447494 dur_us=0
FIG8_ATTENTION_EVENT mode=lut-exp phase=measure iteration=16 component=o_store component_id=8 lut_exp=1 qo_len=4 kv_len=4096 n_heads=12 n_kv_heads=2 head_dim=128 kv_head=1 worker=0 block_r=0 block_c=-1 t0_us=2283926447494 t1_us=2283926447497 dur_us=2
FIG8_ATTENTION_HOST_TIMING mode=lut-exp qo_len=4 kv_len=4096 n_heads=12 n_kv_heads=2 head_dim=128 phase=measure iteration=17 host_elapsed_us=1193 ret=0
FIG8_ATTENTION_PROFILE_COUNT mode=lut-exp qo_len=4 phase=measure iteration=17 records=2 max_records=10
FIG8_ATTENTION_TIMERS mode=lut-exp phase=measure iteration=17 lut_exp=1 nonlinear_mode=0 scna_width=0 scna_exp=0 qo_len=4 kv_len=4096 n_heads=12 n_kv_heads=2 head_dim=128 kv_head=0 worker=0 profiled_total=463 q_load=1 k_load=207 v_load=176 qk_dot=2 safe_sm=74 core_acc=1 o_scale=0 o_store=2
FIG8_ATTENTION_TIMERS mode=lut-exp phase=measure iteration=17 lut_exp=1 nonlinear_mode=0 scna_width=0 scna_exp=0 qo_len=4 kv_len=4096 n_heads=12 n_kv_heads=2 head_dim=128 kv_head=1 worker=0 profiled_total=493 q_load=1 k_load=223 v_load=188 qk_dot=3 safe_sm=75 core_acc=1 o_scale=0 o_store=2
FIG8_ATTENTION_EVENT_COUNT mode=lut-exp qo_len=4 phase=measure iteration=17 events=16 max_events=3224 overflow=0
FIG8_ATTENTION_EVENT mode=lut-exp phase=measure iteration=17 component=q_load component_id=1 lut_exp=1 qo_len=4 kv_len=4096 n_heads=12 n_kv_heads=2 head_dim=128 kv_head=0 worker=0 block_r=0 block_c=-1 t0_us=2283926448056 t1_us=2283926448057 dur_us=1
FIG8_ATTENTION_EVENT mode=lut-exp phase=measure iteration=17 component=k_load component_id=2 lut_exp=1 qo_len=4 kv_len=4096 n_heads=12 n_kv_heads=2 head_dim=128 kv_head=0 worker=0 block_r=0 block_c=0 t0_us=2283926448058 t1_us=2283926448266 dur_us=207
FIG8_ATTENTION_EVENT mode=lut-exp phase=measure iteration=17 component=qk_dot component_id=4 lut_exp=1 qo_len=4 kv_len=4096 n_heads=12 n_kv_heads=2 head_dim=128 kv_head=0 worker=0 block_r=0 block_c=0 t0_us=2283926448266 t1_us=2283926448269 dur_us=2
FIG8_ATTENTION_EVENT mode=lut-exp phase=measure iteration=17 component=safe_sm component_id=5 lut_exp=1 qo_len=4 kv_len=4096 n_heads=12 n_kv_heads=2 head_dim=128 kv_head=0 worker=0 block_r=0 block_c=0 t0_us=2283926448269 t1_us=2283926448344 dur_us=74
FIG8_ATTENTION_EVENT mode=lut-exp phase=measure iteration=17 component=v_load component_id=3 lut_exp=1 qo_len=4 kv_len=4096 n_heads=12 n_kv_heads=2 head_dim=128 kv_head=0 worker=0 block_r=0 block_c=0 t0_us=2283926448344 t1_us=2283926448520 dur_us=176
FIG8_ATTENTION_EVENT mode=lut-exp phase=measure iteration=17 component=core_acc component_id=6 lut_exp=1 qo_len=4 kv_len=4096 n_heads=12 n_kv_heads=2 head_dim=128 kv_head=0 worker=0 block_r=0 block_c=0 t0_us=2283926448521 t1_us=2283926448522 dur_us=1
FIG8_ATTENTION_EVENT mode=lut-exp phase=measure iteration=17 component=o_scale component_id=7 lut_exp=1 qo_len=4 kv_len=4096 n_heads=12 n_kv_heads=2 head_dim=128 kv_head=0 worker=0 block_r=0 block_c=-1 t0_us=2283926448523 t1_us=2283926448523 dur_us=0
FIG8_ATTENTION_EVENT mode=lut-exp phase=measure iteration=17 component=o_store component_id=8 lut_exp=1 qo_len=4 kv_len=4096 n_heads=12 n_kv_heads=2 head_dim=128 kv_head=0 worker=0 block_r=0 block_c=-1 t0_us=2283926448524 t1_us=2283926448526 dur_us=2
FIG8_ATTENTION_EVENT mode=lut-exp phase=measure iteration=17 component=q_load component_id=1 lut_exp=1 qo_len=4 kv_len=4096 n_heads=12 n_kv_heads=2 head_dim=128 kv_head=1 worker=0 block_r=0 block_c=-1 t0_us=2283926448566 t1_us=2283926448567 dur_us=1
FIG8_ATTENTION_EVENT mode=lut-exp phase=measure iteration=17 component=k_load component_id=2 lut_exp=1 qo_len=4 kv_len=4096 n_heads=12 n_kv_heads=2 head_dim=128 kv_head=1 worker=0 block_r=0 block_c=0 t0_us=2283926448569 t1_us=2283926448792 dur_us=223
FIG8_ATTENTION_EVENT mode=lut-exp phase=measure iteration=17 component=qk_dot component_id=4 lut_exp=1 qo_len=4 kv_len=4096 n_heads=12 n_kv_heads=2 head_dim=128 kv_head=1 worker=0 block_r=0 block_c=0 t0_us=2283926448793 t1_us=2283926448796 dur_us=3
FIG8_ATTENTION_EVENT mode=lut-exp phase=measure iteration=17 component=safe_sm component_id=5 lut_exp=1 qo_len=4 kv_len=4096 n_heads=12 n_kv_heads=2 head_dim=128 kv_head=1 worker=0 block_r=0 block_c=0 t0_us=2283926448797 t1_us=2283926448873 dur_us=75
FIG8_ATTENTION_EVENT mode=lut-exp phase=measure iteration=17 component=v_load component_id=3 lut_exp=1 qo_len=4 kv_len=4096 n_heads=12 n_kv_heads=2 head_dim=128 kv_head=1 worker=0 block_r=0 block_c=0 t0_us=2283926448873 t1_us=2283926449062 dur_us=188
FIG8_ATTENTION_EVENT mode=lut-exp phase=measure iteration=17 component=core_acc component_id=6 lut_exp=1 qo_len=4 kv_len=4096 n_heads=12 n_kv_heads=2 head_dim=128 kv_head=1 worker=0 block_r=0 block_c=0 t0_us=2283926449062 t1_us=2283926449063 dur_us=1
FIG8_ATTENTION_EVENT mode=lut-exp phase=measure iteration=17 component=o_scale component_id=7 lut_exp=1 qo_len=4 kv_len=4096 n_heads=12 n_kv_heads=2 head_dim=128 kv_head=1 worker=0 block_r=0 block_c=-1 t0_us=2283926449064 t1_us=2283926449064 dur_us=0
FIG8_ATTENTION_EVENT mode=lut-exp phase=measure iteration=17 component=o_store component_id=8 lut_exp=1 qo_len=4 kv_len=4096 n_heads=12 n_kv_heads=2 head_dim=128 kv_head=1 worker=0 block_r=0 block_c=-1 t0_us=2283926449064 t1_us=2283926449067 dur_us=2
FIG8_ATTENTION_HOST_TIMING mode=lut-exp qo_len=4 kv_len=4096 n_heads=12 n_kv_heads=2 head_dim=128 phase=measure iteration=18 host_elapsed_us=1201 ret=0
FIG8_ATTENTION_PROFILE_COUNT mode=lut-exp qo_len=4 phase=measure iteration=18 records=2 max_records=10
FIG8_ATTENTION_TIMERS mode=lut-exp phase=measure iteration=18 lut_exp=1 nonlinear_mode=0 scna_width=0 scna_exp=0 qo_len=4 kv_len=4096 n_heads=12 n_kv_heads=2 head_dim=128 kv_head=0 worker=0 profiled_total=466 q_load=1 k_load=210 v_load=176 qk_dot=2 safe_sm=74 core_acc=1 o_scale=0 o_store=2
FIG8_ATTENTION_TIMERS mode=lut-exp phase=measure iteration=18 lut_exp=1 nonlinear_mode=0 scna_width=0 scna_exp=0 qo_len=4 kv_len=4096 n_heads=12 n_kv_heads=2 head_dim=128 kv_head=1 worker=0 profiled_total=489 q_load=1 k_load=220 v_load=187 qk_dot=3 safe_sm=75 core_acc=1 o_scale=0 o_store=2
FIG8_ATTENTION_EVENT_COUNT mode=lut-exp qo_len=4 phase=measure iteration=18 events=16 max_events=3224 overflow=0
FIG8_ATTENTION_EVENT mode=lut-exp phase=measure iteration=18 component=q_load component_id=1 lut_exp=1 qo_len=4 kv_len=4096 n_heads=12 n_kv_heads=2 head_dim=128 kv_head=0 worker=0 block_r=0 block_c=-1 t0_us=2283926449539 t1_us=2283926449541 dur_us=1
FIG8_ATTENTION_EVENT mode=lut-exp phase=measure iteration=18 component=k_load component_id=2 lut_exp=1 qo_len=4 kv_len=4096 n_heads=12 n_kv_heads=2 head_dim=128 kv_head=0 worker=0 block_r=0 block_c=0 t0_us=2283926449541 t1_us=2283926449752 dur_us=210
FIG8_ATTENTION_EVENT mode=lut-exp phase=measure iteration=18 component=qk_dot component_id=4 lut_exp=1 qo_len=4 kv_len=4096 n_heads=12 n_kv_heads=2 head_dim=128 kv_head=0 worker=0 block_r=0 block_c=0 t0_us=2283926449752 t1_us=2283926449755 dur_us=2
FIG8_ATTENTION_EVENT mode=lut-exp phase=measure iteration=18 component=safe_sm component_id=5 lut_exp=1 qo_len=4 kv_len=4096 n_heads=12 n_kv_heads=2 head_dim=128 kv_head=0 worker=0 block_r=0 block_c=0 t0_us=2283926449755 t1_us=2283926449829 dur_us=74
FIG8_ATTENTION_EVENT mode=lut-exp phase=measure iteration=18 component=v_load component_id=3 lut_exp=1 qo_len=4 kv_len=4096 n_heads=12 n_kv_heads=2 head_dim=128 kv_head=0 worker=0 block_r=0 block_c=0 t0_us=2283926449830 t1_us=2283926450006 dur_us=176
FIG8_ATTENTION_EVENT mode=lut-exp phase=measure iteration=18 component=core_acc component_id=6 lut_exp=1 qo_len=4 kv_len=4096 n_heads=12 n_kv_heads=2 head_dim=128 kv_head=0 worker=0 block_r=0 block_c=0 t0_us=2283926450007 t1_us=2283926450008 dur_us=1
FIG8_ATTENTION_EVENT mode=lut-exp phase=measure iteration=18 component=o_scale component_id=7 lut_exp=1 qo_len=4 kv_len=4096 n_heads=12 n_kv_heads=2 head_dim=128 kv_head=0 worker=0 block_r=0 block_c=-1 t0_us=2283926450009 t1_us=2283926450009 dur_us=0
FIG8_ATTENTION_EVENT mode=lut-exp phase=measure iteration=18 component=o_store component_id=8 lut_exp=1 qo_len=4 kv_len=4096 n_heads=12 n_kv_heads=2 head_dim=128 kv_head=0 worker=0 block_r=0 block_c=-1 t0_us=2283926450010 t1_us=2283926450012 dur_us=2
FIG8_ATTENTION_EVENT mode=lut-exp phase=measure iteration=18 component=q_load component_id=1 lut_exp=1 qo_len=4 kv_len=4096 n_heads=12 n_kv_heads=2 head_dim=128 kv_head=1 worker=0 block_r=0 block_c=-1 t0_us=2283926450055 t1_us=2283926450057 dur_us=1
FIG8_ATTENTION_EVENT mode=lut-exp phase=measure iteration=18 component=k_load component_id=2 lut_exp=1 qo_len=4 kv_len=4096 n_heads=12 n_kv_heads=2 head_dim=128 kv_head=1 worker=0 block_r=0 block_c=0 t0_us=2283926450058 t1_us=2283926450278 dur_us=220
FIG8_ATTENTION_EVENT mode=lut-exp phase=measure iteration=18 component=qk_dot component_id=4 lut_exp=1 qo_len=4 kv_len=4096 n_heads=12 n_kv_heads=2 head_dim=128 kv_head=1 worker=0 block_r=0 block_c=0 t0_us=2283926450278 t1_us=2283926450282 dur_us=3
FIG8_ATTENTION_EVENT mode=lut-exp phase=measure iteration=18 component=safe_sm component_id=5 lut_exp=1 qo_len=4 kv_len=4096 n_heads=12 n_kv_heads=2 head_dim=128 kv_head=1 worker=0 block_r=0 block_c=0 t0_us=2283926450283 t1_us=2283926450359 dur_us=75
FIG8_ATTENTION_EVENT mode=lut-exp phase=measure iteration=18 component=v_load component_id=3 lut_exp=1 qo_len=4 kv_len=4096 n_heads=12 n_kv_heads=2 head_dim=128 kv_head=1 worker=0 block_r=0 block_c=0 t0_us=2283926450359 t1_us=2283926450546 dur_us=187
FIG8_ATTENTION_EVENT mode=lut-exp phase=measure iteration=18 component=core_acc component_id=6 lut_exp=1 qo_len=4 kv_len=4096 n_heads=12 n_kv_heads=2 head_dim=128 kv_head=1 worker=0 block_r=0 block_c=0 t0_us=2283926450547 t1_us=2283926450548 dur_us=1
FIG8_ATTENTION_EVENT mode=lut-exp phase=measure iteration=18 component=o_scale component_id=7 lut_exp=1 qo_len=4 kv_len=4096 n_heads=12 n_kv_heads=2 head_dim=128 kv_head=1 worker=0 block_r=0 block_c=-1 t0_us=2283926450549 t1_us=2283926450549 dur_us=0
FIG8_ATTENTION_EVENT mode=lut-exp phase=measure iteration=18 component=o_store component_id=8 lut_exp=1 qo_len=4 kv_len=4096 n_heads=12 n_kv_heads=2 head_dim=128 kv_head=1 worker=0 block_r=0 block_c=-1 t0_us=2283926450549 t1_us=2283926450552 dur_us=2
FIG8_ATTENTION_HOST_TIMING mode=lut-exp qo_len=4 kv_len=4096 n_heads=12 n_kv_heads=2 head_dim=128 phase=measure iteration=19 host_elapsed_us=1213 ret=0
FIG8_ATTENTION_PROFILE_COUNT mode=lut-exp qo_len=4 phase=measure iteration=19 records=2 max_records=10
FIG8_ATTENTION_TIMERS mode=lut-exp phase=measure iteration=19 lut_exp=1 nonlinear_mode=0 scna_width=0 scna_exp=0 qo_len=4 kv_len=4096 n_heads=12 n_kv_heads=2 head_dim=128 kv_head=0 worker=0 profiled_total=462 q_load=1 k_load=208 v_load=175 qk_dot=2 safe_sm=73 core_acc=1 o_scale=0 o_store=2
FIG8_ATTENTION_TIMERS mode=lut-exp phase=measure iteration=19 lut_exp=1 nonlinear_mode=0 scna_width=0 scna_exp=0 qo_len=4 kv_len=4096 n_heads=12 n_kv_heads=2 head_dim=128 kv_head=1 worker=0 profiled_total=489 q_load=1 k_load=223 v_load=184 qk_dot=3 safe_sm=75 core_acc=1 o_scale=0 o_store=2
FIG8_ATTENTION_EVENT_COUNT mode=lut-exp qo_len=4 phase=measure iteration=19 events=16 max_events=3224 overflow=0
FIG8_ATTENTION_EVENT mode=lut-exp phase=measure iteration=19 component=q_load component_id=1 lut_exp=1 qo_len=4 kv_len=4096 n_heads=12 n_kv_heads=2 head_dim=128 kv_head=0 worker=0 block_r=0 block_c=-1 t0_us=2283926451063 t1_us=2283926451065 dur_us=1
FIG8_ATTENTION_EVENT mode=lut-exp phase=measure iteration=19 component=k_load component_id=2 lut_exp=1 qo_len=4 kv_len=4096 n_heads=12 n_kv_heads=2 head_dim=128 kv_head=0 worker=0 block_r=0 block_c=0 t0_us=2283926451065 t1_us=2283926451274 dur_us=208
FIG8_ATTENTION_EVENT mode=lut-exp phase=measure iteration=19 component=qk_dot component_id=4 lut_exp=1 qo_len=4 kv_len=4096 n_heads=12 n_kv_heads=2 head_dim=128 kv_head=0 worker=0 block_r=0 block_c=0 t0_us=2283926451274 t1_us=2283926451277 dur_us=2
FIG8_ATTENTION_EVENT mode=lut-exp phase=measure iteration=19 component=safe_sm component_id=5 lut_exp=1 qo_len=4 kv_len=4096 n_heads=12 n_kv_heads=2 head_dim=128 kv_head=0 worker=0 block_r=0 block_c=0 t0_us=2283926451277 t1_us=2283926451351 dur_us=73
FIG8_ATTENTION_EVENT mode=lut-exp phase=measure iteration=19 component=v_load component_id=3 lut_exp=1 qo_len=4 kv_len=4096 n_heads=12 n_kv_heads=2 head_dim=128 kv_head=0 worker=0 block_r=0 block_c=0 t0_us=2283926451351 t1_us=2283926451527 dur_us=175
FIG8_ATTENTION_EVENT mode=lut-exp phase=measure iteration=19 component=core_acc component_id=6 lut_exp=1 qo_len=4 kv_len=4096 n_heads=12 n_kv_heads=2 head_dim=128 kv_head=0 worker=0 block_r=0 block_c=0 t0_us=2283926451528 t1_us=2283926451529 dur_us=1
FIG8_ATTENTION_EVENT mode=lut-exp phase=measure iteration=19 component=o_scale component_id=7 lut_exp=1 qo_len=4 kv_len=4096 n_heads=12 n_kv_heads=2 head_dim=128 kv_head=0 worker=0 block_r=0 block_c=-1 t0_us=2283926451530 t1_us=2283926451530 dur_us=0
FIG8_ATTENTION_EVENT mode=lut-exp phase=measure iteration=19 component=o_store component_id=8 lut_exp=1 qo_len=4 kv_len=4096 n_heads=12 n_kv_heads=2 head_dim=128 kv_head=0 worker=0 block_r=0 block_c=-1 t0_us=2283926451530 t1_us=2283926451533 dur_us=2
FIG8_ATTENTION_EVENT mode=lut-exp phase=measure iteration=19 component=q_load component_id=1 lut_exp=1 qo_len=4 kv_len=4096 n_heads=12 n_kv_heads=2 head_dim=128 kv_head=1 worker=0 block_r=0 block_c=-1 t0_us=2283926451573 t1_us=2283926451574 dur_us=1
FIG8_ATTENTION_EVENT mode=lut-exp phase=measure iteration=19 component=k_load component_id=2 lut_exp=1 qo_len=4 kv_len=4096 n_heads=12 n_kv_heads=2 head_dim=128 kv_head=1 worker=0 block_r=0 block_c=0 t0_us=2283926451576 t1_us=2283926451799 dur_us=223
FIG8_ATTENTION_EVENT mode=lut-exp phase=measure iteration=19 component=qk_dot component_id=4 lut_exp=1 qo_len=4 kv_len=4096 n_heads=12 n_kv_heads=2 head_dim=128 kv_head=1 worker=0 block_r=0 block_c=0 t0_us=2283926451799 t1_us=2283926451803 dur_us=3
FIG8_ATTENTION_EVENT mode=lut-exp phase=measure iteration=19 component=safe_sm component_id=5 lut_exp=1 qo_len=4 kv_len=4096 n_heads=12 n_kv_heads=2 head_dim=128 kv_head=1 worker=0 block_r=0 block_c=0 t0_us=2283926451804 t1_us=2283926451880 dur_us=75
FIG8_ATTENTION_EVENT mode=lut-exp phase=measure iteration=19 component=v_load component_id=3 lut_exp=1 qo_len=4 kv_len=4096 n_heads=12 n_kv_heads=2 head_dim=128 kv_head=1 worker=0 block_r=0 block_c=0 t0_us=2283926451880 t1_us=2283926452065 dur_us=184
FIG8_ATTENTION_EVENT mode=lut-exp phase=measure iteration=19 component=core_acc component_id=6 lut_exp=1 qo_len=4 kv_len=4096 n_heads=12 n_kv_heads=2 head_dim=128 kv_head=1 worker=0 block_r=0 block_c=0 t0_us=2283926452065 t1_us=2283926452066 dur_us=1
FIG8_ATTENTION_EVENT mode=lut-exp phase=measure iteration=19 component=o_scale component_id=7 lut_exp=1 qo_len=4 kv_len=4096 n_heads=12 n_kv_heads=2 head_dim=128 kv_head=1 worker=0 block_r=0 block_c=-1 t0_us=2283926452067 t1_us=2283926452067 dur_us=0
FIG8_ATTENTION_EVENT mode=lut-exp phase=measure iteration=19 component=o_store component_id=8 lut_exp=1 qo_len=4 kv_len=4096 n_heads=12 n_kv_heads=2 head_dim=128 kv_head=1 worker=0 block_r=0 block_c=-1 t0_us=2283926452067 t1_us=2283926452070 dur_us=2
