alloc_shared_mem_buf: buf=0x7735220000 fd=12 size=196608 flags=FASTRPC_MAP_FD
alloc_shared_mem_buf: buf=0x749e400000 fd=13 size=2097152 flags=FASTRPC_MAP_FD
alloc_shared_mem_buf: buf=0x749e200000 fd=14 size=2097152 flags=FASTRPC_MAP_FD
alloc_shared_mem_buf: buf=0x7732810000 fd=15 size=196608 flags=FASTRPC_MAP_FD
alloc_shared_mem_buf: buf=0x7731fc0000 fd=16 size=262144 flags=FASTRPC_MAP_FD
alloc_shared_mem_buf: buf=0x749e040000 fd=17 size=1793792 flags=FASTRPC_MAP_FD
alloc_shared_mem_buf: buf=0x773570b000 fd=18 size=4096 flags=FASTRPC_MAP_FD
No-op channel request completed
FIG8_ATTENTION_CONFIG mode=scna-int8 mask_mode=full qo_len=32 kv_len=4096 n_heads=12 n_kv_heads=2 head_dim=128 warmup=5 iters=20 scna_width=32 q_size=196608 kv_size=2097152 mask_size=262144 profile_size=1793792 profile_max_records=10 profile_max_events=24896 mode_flags=40 print_events=1
FIG8_ATTENTION_HOST_TIMING mode=scna-int8 qo_len=32 kv_len=4096 n_heads=12 n_kv_heads=2 head_dim=128 phase=warmup iteration=0 host_elapsed_us=73587 ret=0
FIG8_ATTENTION_PROFILE_COUNT mode=scna-int8 qo_len=32 phase=warmup iteration=0 records=2 max_records=10
FIG8_ATTENTION_TIMERS mode=scna-int8 phase=warmup iteration=0 lut_exp=0 nonlinear_mode=2 scna_width=32 scna_exp=36102 qo_len=32 kv_len=4096 n_heads=12 n_kv_heads=2 head_dim=128 kv_head=0 worker=0 profiled_total=36598 q_load=8 k_load=78 v_load=175 qk_dot=12 safe_sm=36287 core_acc=21 o_scale=2 o_store=15
FIG8_ATTENTION_TIMERS mode=scna-int8 phase=warmup iteration=0 lut_exp=0 nonlinear_mode=2 scna_width=32 scna_exp=36155 qo_len=32 kv_len=4096 n_heads=12 n_kv_heads=2 head_dim=128 kv_head=1 worker=0 profiled_total=36618 q_load=8 k_load=70 v_load=162 qk_dot=13 safe_sm=36333 core_acc=20 o_scale=1 o_store=11
FIG8_ATTENTION_EVENT_COUNT mode=scna-int8 qo_len=32 phase=warmup iteration=0 events=16 max_events=24896 overflow=0
FIG8_ATTENTION_EVENT mode=scna-int8 phase=warmup iteration=0 component=q_load component_id=1 lut_exp=0 qo_len=32 kv_len=4096 n_heads=12 n_kv_heads=2 head_dim=128 kv_head=0 worker=0 block_r=0 block_c=-1 t0_us=2283941686363 t1_us=2283941686371 dur_us=8
FIG8_ATTENTION_EVENT mode=scna-int8 phase=warmup iteration=0 component=k_load component_id=2 lut_exp=0 qo_len=32 kv_len=4096 n_heads=12 n_kv_heads=2 head_dim=128 kv_head=0 worker=0 block_r=0 block_c=0 t0_us=2283941686373 t1_us=2283941686452 dur_us=78
FIG8_ATTENTION_EVENT mode=scna-int8 phase=warmup iteration=0 component=qk_dot component_id=4 lut_exp=0 qo_len=32 kv_len=4096 n_heads=12 n_kv_heads=2 head_dim=128 kv_head=0 worker=0 block_r=0 block_c=0 t0_us=2283941686452 t1_us=2283941686465 dur_us=12
FIG8_ATTENTION_EVENT mode=scna-int8 phase=warmup iteration=0 component=safe_sm component_id=5 lut_exp=0 qo_len=32 kv_len=4096 n_heads=12 n_kv_heads=2 head_dim=128 kv_head=0 worker=0 block_r=0 block_c=0 t0_us=2283941686465 t1_us=2283941722753 dur_us=36287
FIG8_ATTENTION_EVENT mode=scna-int8 phase=warmup iteration=0 component=v_load component_id=3 lut_exp=0 qo_len=32 kv_len=4096 n_heads=12 n_kv_heads=2 head_dim=128 kv_head=0 worker=0 block_r=0 block_c=0 t0_us=2283941722753 t1_us=2283941722929 dur_us=175
FIG8_ATTENTION_EVENT mode=scna-int8 phase=warmup iteration=0 component=core_acc component_id=6 lut_exp=0 qo_len=32 kv_len=4096 n_heads=12 n_kv_heads=2 head_dim=128 kv_head=0 worker=0 block_r=0 block_c=0 t0_us=2283941722929 t1_us=2283941722951 dur_us=21
FIG8_ATTENTION_EVENT mode=scna-int8 phase=warmup iteration=0 component=o_scale component_id=7 lut_exp=0 qo_len=32 kv_len=4096 n_heads=12 n_kv_heads=2 head_dim=128 kv_head=0 worker=0 block_r=0 block_c=-1 t0_us=2283941722952 t1_us=2283941722954 dur_us=2
FIG8_ATTENTION_EVENT mode=scna-int8 phase=warmup iteration=0 component=o_store component_id=8 lut_exp=0 qo_len=32 kv_len=4096 n_heads=12 n_kv_heads=2 head_dim=128 kv_head=0 worker=0 block_r=0 block_c=-1 t0_us=2283941722954 t1_us=2283941722970 dur_us=15
FIG8_ATTENTION_EVENT mode=scna-int8 phase=warmup iteration=0 component=q_load component_id=1 lut_exp=0 qo_len=32 kv_len=4096 n_heads=12 n_kv_heads=2 head_dim=128 kv_head=1 worker=0 block_r=0 block_c=-1 t0_us=2283941723030 t1_us=2283941723038 dur_us=8
FIG8_ATTENTION_EVENT mode=scna-int8 phase=warmup iteration=0 component=k_load component_id=2 lut_exp=0 qo_len=32 kv_len=4096 n_heads=12 n_kv_heads=2 head_dim=128 kv_head=1 worker=0 block_r=0 block_c=0 t0_us=2283941723041 t1_us=2283941723111 dur_us=70
FIG8_ATTENTION_EVENT mode=scna-int8 phase=warmup iteration=0 component=qk_dot component_id=4 lut_exp=0 qo_len=32 kv_len=4096 n_heads=12 n_kv_heads=2 head_dim=128 kv_head=1 worker=0 block_r=0 block_c=0 t0_us=2283941723112 t1_us=2283941723125 dur_us=13
FIG8_ATTENTION_EVENT mode=scna-int8 phase=warmup iteration=0 component=safe_sm component_id=5 lut_exp=0 qo_len=32 kv_len=4096 n_heads=12 n_kv_heads=2 head_dim=128 kv_head=1 worker=0 block_r=0 block_c=0 t0_us=2283941723125 t1_us=2283941759458 dur_us=36333
FIG8_ATTENTION_EVENT mode=scna-int8 phase=warmup iteration=0 component=v_load component_id=3 lut_exp=0 qo_len=32 kv_len=4096 n_heads=12 n_kv_heads=2 head_dim=128 kv_head=1 worker=0 block_r=0 block_c=0 t0_us=2283941759459 t1_us=2283941759621 dur_us=162
FIG8_ATTENTION_EVENT mode=scna-int8 phase=warmup iteration=0 component=core_acc component_id=6 lut_exp=0 qo_len=32 kv_len=4096 n_heads=12 n_kv_heads=2 head_dim=128 kv_head=1 worker=0 block_r=0 block_c=0 t0_us=2283941759622 t1_us=2283941759643 dur_us=20
FIG8_ATTENTION_EVENT mode=scna-int8 phase=warmup iteration=0 component=o_scale component_id=7 lut_exp=0 qo_len=32 kv_len=4096 n_heads=12 n_kv_heads=2 head_dim=128 kv_head=1 worker=0 block_r=0 block_c=-1 t0_us=2283941759644 t1_us=2283941759645 dur_us=1
FIG8_ATTENTION_EVENT mode=scna-int8 phase=warmup iteration=0 component=o_store component_id=8 lut_exp=0 qo_len=32 kv_len=4096 n_heads=12 n_kv_heads=2 head_dim=128 kv_head=1 worker=0 block_r=0 block_c=-1 t0_us=2283941759645 t1_us=2283941759657 dur_us=11
FIG8_ATTENTION_HOST_TIMING mode=scna-int8 qo_len=32 kv_len=4096 n_heads=12 n_kv_heads=2 head_dim=128 phase=warmup iteration=1 host_elapsed_us=73630 ret=0
FIG8_ATTENTION_PROFILE_COUNT mode=scna-int8 qo_len=32 phase=warmup iteration=1 records=2 max_records=10
FIG8_ATTENTION_TIMERS mode=scna-int8 phase=warmup iteration=1 lut_exp=0 nonlinear_mode=2 scna_width=32 scna_exp=36146 qo_len=32 kv_len=4096 n_heads=12 n_kv_heads=2 head_dim=128 kv_head=0 worker=0 profiled_total=36667 q_load=8 k_load=134 v_load=135 qk_dot=12 safe_sm=36345 core_acc=20 o_scale=2 o_store=11
FIG8_ATTENTION_TIMERS mode=scna-int8 phase=warmup iteration=1 lut_exp=0 nonlinear_mode=2 scna_width=32 scna_exp=36159 qo_len=32 kv_len=4096 n_heads=12 n_kv_heads=2 head_dim=128 kv_head=1 worker=0 profiled_total=36643 q_load=8 k_load=121 v_load=142 qk_dot=12 safe_sm=36328 core_acc=20 o_scale=1 o_store=11
FIG8_ATTENTION_EVENT_COUNT mode=scna-int8 qo_len=32 phase=warmup iteration=1 events=16 max_events=24896 overflow=0
FIG8_ATTENTION_EVENT mode=scna-int8 phase=warmup iteration=1 component=q_load component_id=1 lut_exp=0 qo_len=32 kv_len=4096 n_heads=12 n_kv_heads=2 head_dim=128 kv_head=0 worker=0 block_r=0 block_c=-1 t0_us=2283941760109 t1_us=2283941760117 dur_us=8
FIG8_ATTENTION_EVENT mode=scna-int8 phase=warmup iteration=1 component=k_load component_id=2 lut_exp=0 qo_len=32 kv_len=4096 n_heads=12 n_kv_heads=2 head_dim=128 kv_head=0 worker=0 block_r=0 block_c=0 t0_us=2283941760120 t1_us=2283941760254 dur_us=134
FIG8_ATTENTION_EVENT mode=scna-int8 phase=warmup iteration=1 component=qk_dot component_id=4 lut_exp=0 qo_len=32 kv_len=4096 n_heads=12 n_kv_heads=2 head_dim=128 kv_head=0 worker=0 block_r=0 block_c=0 t0_us=2283941760255 t1_us=2283941760267 dur_us=12
FIG8_ATTENTION_EVENT mode=scna-int8 phase=warmup iteration=1 component=safe_sm component_id=5 lut_exp=0 qo_len=32 kv_len=4096 n_heads=12 n_kv_heads=2 head_dim=128 kv_head=0 worker=0 block_r=0 block_c=0 t0_us=2283941760267 t1_us=2283941796612 dur_us=36345
FIG8_ATTENTION_EVENT mode=scna-int8 phase=warmup iteration=1 component=v_load component_id=3 lut_exp=0 qo_len=32 kv_len=4096 n_heads=12 n_kv_heads=2 head_dim=128 kv_head=0 worker=0 block_r=0 block_c=0 t0_us=2283941796613 t1_us=2283941796749 dur_us=135
FIG8_ATTENTION_EVENT mode=scna-int8 phase=warmup iteration=1 component=core_acc component_id=6 lut_exp=0 qo_len=32 kv_len=4096 n_heads=12 n_kv_heads=2 head_dim=128 kv_head=0 worker=0 block_r=0 block_c=0 t0_us=2283941796750 t1_us=2283941796770 dur_us=20
FIG8_ATTENTION_EVENT mode=scna-int8 phase=warmup iteration=1 component=o_scale component_id=7 lut_exp=0 qo_len=32 kv_len=4096 n_heads=12 n_kv_heads=2 head_dim=128 kv_head=0 worker=0 block_r=0 block_c=-1 t0_us=2283941796771 t1_us=2283941796773 dur_us=2
FIG8_ATTENTION_EVENT mode=scna-int8 phase=warmup iteration=1 component=o_store component_id=8 lut_exp=0 qo_len=32 kv_len=4096 n_heads=12 n_kv_heads=2 head_dim=128 kv_head=0 worker=0 block_r=0 block_c=-1 t0_us=2283941796773 t1_us=2283941796785 dur_us=11
FIG8_ATTENTION_EVENT mode=scna-int8 phase=warmup iteration=1 component=q_load component_id=1 lut_exp=0 qo_len=32 kv_len=4096 n_heads=12 n_kv_heads=2 head_dim=128 kv_head=1 worker=0 block_r=0 block_c=-1 t0_us=2283941796832 t1_us=2283941796840 dur_us=8
FIG8_ATTENTION_EVENT mode=scna-int8 phase=warmup iteration=1 component=k_load component_id=2 lut_exp=0 qo_len=32 kv_len=4096 n_heads=12 n_kv_heads=2 head_dim=128 kv_head=1 worker=0 block_r=0 block_c=0 t0_us=2283941796843 t1_us=2283941796965 dur_us=121
FIG8_ATTENTION_EVENT mode=scna-int8 phase=warmup iteration=1 component=qk_dot component_id=4 lut_exp=0 qo_len=32 kv_len=4096 n_heads=12 n_kv_heads=2 head_dim=128 kv_head=1 worker=0 block_r=0 block_c=0 t0_us=2283941796965 t1_us=2283941796978 dur_us=12
FIG8_ATTENTION_EVENT mode=scna-int8 phase=warmup iteration=1 component=safe_sm component_id=5 lut_exp=0 qo_len=32 kv_len=4096 n_heads=12 n_kv_heads=2 head_dim=128 kv_head=1 worker=0 block_r=0 block_c=0 t0_us=2283941796978 t1_us=2283941833307 dur_us=36328
FIG8_ATTENTION_EVENT mode=scna-int8 phase=warmup iteration=1 component=v_load component_id=3 lut_exp=0 qo_len=32 kv_len=4096 n_heads=12 n_kv_heads=2 head_dim=128 kv_head=1 worker=0 block_r=0 block_c=0 t0_us=2283941833308 t1_us=2283941833450 dur_us=142
FIG8_ATTENTION_EVENT mode=scna-int8 phase=warmup iteration=1 component=core_acc component_id=6 lut_exp=0 qo_len=32 kv_len=4096 n_heads=12 n_kv_heads=2 head_dim=128 kv_head=1 worker=0 block_r=0 block_c=0 t0_us=2283941833450 t1_us=2283941833471 dur_us=20
FIG8_ATTENTION_EVENT mode=scna-int8 phase=warmup iteration=1 component=o_scale component_id=7 lut_exp=0 qo_len=32 kv_len=4096 n_heads=12 n_kv_heads=2 head_dim=128 kv_head=1 worker=0 block_r=0 block_c=-1 t0_us=2283941833472 t1_us=2283941833474 dur_us=1
FIG8_ATTENTION_EVENT mode=scna-int8 phase=warmup iteration=1 component=o_store component_id=8 lut_exp=0 qo_len=32 kv_len=4096 n_heads=12 n_kv_heads=2 head_dim=128 kv_head=1 worker=0 block_r=0 block_c=-1 t0_us=2283941833474 t1_us=2283941833485 dur_us=11
FIG8_ATTENTION_HOST_TIMING mode=scna-int8 qo_len=32 kv_len=4096 n_heads=12 n_kv_heads=2 head_dim=128 phase=warmup iteration=2 host_elapsed_us=73599 ret=0
FIG8_ATTENTION_PROFILE_COUNT mode=scna-int8 qo_len=32 phase=warmup iteration=2 records=2 max_records=10
FIG8_ATTENTION_TIMERS mode=scna-int8 phase=warmup iteration=2 lut_exp=0 nonlinear_mode=2 scna_width=32 scna_exp=36130 qo_len=32 kv_len=4096 n_heads=12 n_kv_heads=2 head_dim=128 kv_head=0 worker=0 profiled_total=36642 q_load=8 k_load=132 v_load=134 qk_dot=12 safe_sm=36324 core_acc=20 o_scale=1 o_store=11
FIG8_ATTENTION_TIMERS mode=scna-int8 phase=warmup iteration=2 lut_exp=0 nonlinear_mode=2 scna_width=32 scna_exp=36166 qo_len=32 kv_len=4096 n_heads=12 n_kv_heads=2 head_dim=128 kv_head=1 worker=0 profiled_total=36672 q_load=7 k_load=151 v_load=139 qk_dot=12 safe_sm=36331 core_acc=20 o_scale=1 o_store=11
FIG8_ATTENTION_EVENT_COUNT mode=scna-int8 qo_len=32 phase=warmup iteration=2 events=16 max_events=24896 overflow=0
FIG8_ATTENTION_EVENT mode=scna-int8 phase=warmup iteration=2 component=q_load component_id=1 lut_exp=0 qo_len=32 kv_len=4096 n_heads=12 n_kv_heads=2 head_dim=128 kv_head=0 worker=0 block_r=0 block_c=-1 t0_us=2283941834213 t1_us=2283941834222 dur_us=8
FIG8_ATTENTION_EVENT mode=scna-int8 phase=warmup iteration=2 component=k_load component_id=2 lut_exp=0 qo_len=32 kv_len=4096 n_heads=12 n_kv_heads=2 head_dim=128 kv_head=0 worker=0 block_r=0 block_c=0 t0_us=2283941834223 t1_us=2283941834356 dur_us=132
FIG8_ATTENTION_EVENT mode=scna-int8 phase=warmup iteration=2 component=qk_dot component_id=4 lut_exp=0 qo_len=32 kv_len=4096 n_heads=12 n_kv_heads=2 head_dim=128 kv_head=0 worker=0 block_r=0 block_c=0 t0_us=2283941834356 t1_us=2283941834369 dur_us=12
FIG8_ATTENTION_EVENT mode=scna-int8 phase=warmup iteration=2 component=safe_sm component_id=5 lut_exp=0 qo_len=32 kv_len=4096 n_heads=12 n_kv_heads=2 head_dim=128 kv_head=0 worker=0 block_r=0 block_c=0 t0_us=2283941834369 t1_us=2283941870694 dur_us=36324
FIG8_ATTENTION_EVENT mode=scna-int8 phase=warmup iteration=2 component=v_load component_id=3 lut_exp=0 qo_len=32 kv_len=4096 n_heads=12 n_kv_heads=2 head_dim=128 kv_head=0 worker=0 block_r=0 block_c=0 t0_us=2283941870694 t1_us=2283941870829 dur_us=134
FIG8_ATTENTION_EVENT mode=scna-int8 phase=warmup iteration=2 component=core_acc component_id=6 lut_exp=0 qo_len=32 kv_len=4096 n_heads=12 n_kv_heads=2 head_dim=128 kv_head=0 worker=0 block_r=0 block_c=0 t0_us=2283941870830 t1_us=2283941870850 dur_us=20
FIG8_ATTENTION_EVENT mode=scna-int8 phase=warmup iteration=2 component=o_scale component_id=7 lut_exp=0 qo_len=32 kv_len=4096 n_heads=12 n_kv_heads=2 head_dim=128 kv_head=0 worker=0 block_r=0 block_c=-1 t0_us=2283941870851 t1_us=2283941870853 dur_us=1
FIG8_ATTENTION_EVENT mode=scna-int8 phase=warmup iteration=2 component=o_store component_id=8 lut_exp=0 qo_len=32 kv_len=4096 n_heads=12 n_kv_heads=2 head_dim=128 kv_head=0 worker=0 block_r=0 block_c=-1 t0_us=2283941870853 t1_us=2283941870864 dur_us=11
FIG8_ATTENTION_EVENT mode=scna-int8 phase=warmup iteration=2 component=q_load component_id=1 lut_exp=0 qo_len=32 kv_len=4096 n_heads=12 n_kv_heads=2 head_dim=128 kv_head=1 worker=0 block_r=0 block_c=-1 t0_us=2283941870908 t1_us=2283941870916 dur_us=7
FIG8_ATTENTION_EVENT mode=scna-int8 phase=warmup iteration=2 component=k_load component_id=2 lut_exp=0 qo_len=32 kv_len=4096 n_heads=12 n_kv_heads=2 head_dim=128 kv_head=1 worker=0 block_r=0 block_c=0 t0_us=2283941870919 t1_us=2283941871070 dur_us=151
FIG8_ATTENTION_EVENT mode=scna-int8 phase=warmup iteration=2 component=qk_dot component_id=4 lut_exp=0 qo_len=32 kv_len=4096 n_heads=12 n_kv_heads=2 head_dim=128 kv_head=1 worker=0 block_r=0 block_c=0 t0_us=2283941871071 t1_us=2283941871083 dur_us=12
FIG8_ATTENTION_EVENT mode=scna-int8 phase=warmup iteration=2 component=safe_sm component_id=5 lut_exp=0 qo_len=32 kv_len=4096 n_heads=12 n_kv_heads=2 head_dim=128 kv_head=1 worker=0 block_r=0 block_c=0 t0_us=2283941871084 t1_us=2283941907415 dur_us=36331
FIG8_ATTENTION_EVENT mode=scna-int8 phase=warmup iteration=2 component=v_load component_id=3 lut_exp=0 qo_len=32 kv_len=4096 n_heads=12 n_kv_heads=2 head_dim=128 kv_head=1 worker=0 block_r=0 block_c=0 t0_us=2283941907416 t1_us=2283941907556 dur_us=139
FIG8_ATTENTION_EVENT mode=scna-int8 phase=warmup iteration=2 component=core_acc component_id=6 lut_exp=0 qo_len=32 kv_len=4096 n_heads=12 n_kv_heads=2 head_dim=128 kv_head=1 worker=0 block_r=0 block_c=0 t0_us=2283941907556 t1_us=2283941907577 dur_us=20
FIG8_ATTENTION_EVENT mode=scna-int8 phase=warmup iteration=2 component=o_scale component_id=7 lut_exp=0 qo_len=32 kv_len=4096 n_heads=12 n_kv_heads=2 head_dim=128 kv_head=1 worker=0 block_r=0 block_c=-1 t0_us=2283941907578 t1_us=2283941907579 dur_us=1
FIG8_ATTENTION_EVENT mode=scna-int8 phase=warmup iteration=2 component=o_store component_id=8 lut_exp=0 qo_len=32 kv_len=4096 n_heads=12 n_kv_heads=2 head_dim=128 kv_head=1 worker=0 block_r=0 block_c=-1 t0_us=2283941907579 t1_us=2283941907591 dur_us=11
FIG8_ATTENTION_HOST_TIMING mode=scna-int8 qo_len=32 kv_len=4096 n_heads=12 n_kv_heads=2 head_dim=128 phase=warmup iteration=3 host_elapsed_us=73571 ret=0
FIG8_ATTENTION_PROFILE_COUNT mode=scna-int8 qo_len=32 phase=warmup iteration=3 records=2 max_records=10
FIG8_ATTENTION_TIMERS mode=scna-int8 phase=warmup iteration=3 lut_exp=0 nonlinear_mode=2 scna_width=32 scna_exp=36085 qo_len=32 kv_len=4096 n_heads=12 n_kv_heads=2 head_dim=128 kv_head=0 worker=0 profiled_total=36592 q_load=8 k_load=133 v_load=132 qk_dot=12 safe_sm=36275 core_acc=20 o_scale=1 o_store=11
FIG8_ATTENTION_TIMERS mode=scna-int8 phase=warmup iteration=3 lut_exp=0 nonlinear_mode=2 scna_width=32 scna_exp=36162 qo_len=32 kv_len=4096 n_heads=12 n_kv_heads=2 head_dim=128 kv_head=1 worker=0 profiled_total=36671 q_load=8 k_load=151 v_load=140 qk_dot=12 safe_sm=36327 core_acc=21 o_scale=1 o_store=11
FIG8_ATTENTION_EVENT_COUNT mode=scna-int8 qo_len=32 phase=warmup iteration=3 events=16 max_events=24896 overflow=0
FIG8_ATTENTION_EVENT mode=scna-int8 phase=warmup iteration=3 component=q_load component_id=1 lut_exp=0 qo_len=32 kv_len=4096 n_heads=12 n_kv_heads=2 head_dim=128 kv_head=0 worker=0 block_r=0 block_c=-1 t0_us=2283941910289 t1_us=2283941910297 dur_us=8
FIG8_ATTENTION_EVENT mode=scna-int8 phase=warmup iteration=3 component=k_load component_id=2 lut_exp=0 qo_len=32 kv_len=4096 n_heads=12 n_kv_heads=2 head_dim=128 kv_head=0 worker=0 block_r=0 block_c=0 t0_us=2283941910300 t1_us=2283941910434 dur_us=133
FIG8_ATTENTION_EVENT mode=scna-int8 phase=warmup iteration=3 component=qk_dot component_id=4 lut_exp=0 qo_len=32 kv_len=4096 n_heads=12 n_kv_heads=2 head_dim=128 kv_head=0 worker=0 block_r=0 block_c=0 t0_us=2283941910434 t1_us=2283941910446 dur_us=12
FIG8_ATTENTION_EVENT mode=scna-int8 phase=warmup iteration=3 component=safe_sm component_id=5 lut_exp=0 qo_len=32 kv_len=4096 n_heads=12 n_kv_heads=2 head_dim=128 kv_head=0 worker=0 block_r=0 block_c=0 t0_us=2283941910447 t1_us=2283941946722 dur_us=36275
FIG8_ATTENTION_EVENT mode=scna-int8 phase=warmup iteration=3 component=v_load component_id=3 lut_exp=0 qo_len=32 kv_len=4096 n_heads=12 n_kv_heads=2 head_dim=128 kv_head=0 worker=0 block_r=0 block_c=0 t0_us=2283941946723 t1_us=2283941946855 dur_us=132
FIG8_ATTENTION_EVENT mode=scna-int8 phase=warmup iteration=3 component=core_acc component_id=6 lut_exp=0 qo_len=32 kv_len=4096 n_heads=12 n_kv_heads=2 head_dim=128 kv_head=0 worker=0 block_r=0 block_c=0 t0_us=2283941946856 t1_us=2283941946877 dur_us=20
FIG8_ATTENTION_EVENT mode=scna-int8 phase=warmup iteration=3 component=o_scale component_id=7 lut_exp=0 qo_len=32 kv_len=4096 n_heads=12 n_kv_heads=2 head_dim=128 kv_head=0 worker=0 block_r=0 block_c=-1 t0_us=2283941946877 t1_us=2283941946879 dur_us=1
FIG8_ATTENTION_EVENT mode=scna-int8 phase=warmup iteration=3 component=o_store component_id=8 lut_exp=0 qo_len=32 kv_len=4096 n_heads=12 n_kv_heads=2 head_dim=128 kv_head=0 worker=0 block_r=0 block_c=-1 t0_us=2283941946879 t1_us=2283941946890 dur_us=11
FIG8_ATTENTION_EVENT mode=scna-int8 phase=warmup iteration=3 component=q_load component_id=1 lut_exp=0 qo_len=32 kv_len=4096 n_heads=12 n_kv_heads=2 head_dim=128 kv_head=1 worker=0 block_r=0 block_c=-1 t0_us=2283941946935 t1_us=2283941946943 dur_us=8
FIG8_ATTENTION_EVENT mode=scna-int8 phase=warmup iteration=3 component=k_load component_id=2 lut_exp=0 qo_len=32 kv_len=4096 n_heads=12 n_kv_heads=2 head_dim=128 kv_head=1 worker=0 block_r=0 block_c=0 t0_us=2283941946946 t1_us=2283941947097 dur_us=151
FIG8_ATTENTION_EVENT mode=scna-int8 phase=warmup iteration=3 component=qk_dot component_id=4 lut_exp=0 qo_len=32 kv_len=4096 n_heads=12 n_kv_heads=2 head_dim=128 kv_head=1 worker=0 block_r=0 block_c=0 t0_us=2283941947098 t1_us=2283941947110 dur_us=12
FIG8_ATTENTION_EVENT mode=scna-int8 phase=warmup iteration=3 component=safe_sm component_id=5 lut_exp=0 qo_len=32 kv_len=4096 n_heads=12 n_kv_heads=2 head_dim=128 kv_head=1 worker=0 block_r=0 block_c=0 t0_us=2283941947110 t1_us=2283941983438 dur_us=36327
FIG8_ATTENTION_EVENT mode=scna-int8 phase=warmup iteration=3 component=v_load component_id=3 lut_exp=0 qo_len=32 kv_len=4096 n_heads=12 n_kv_heads=2 head_dim=128 kv_head=1 worker=0 block_r=0 block_c=0 t0_us=2283941983439 t1_us=2283941983579 dur_us=140
FIG8_ATTENTION_EVENT mode=scna-int8 phase=warmup iteration=3 component=core_acc component_id=6 lut_exp=0 qo_len=32 kv_len=4096 n_heads=12 n_kv_heads=2 head_dim=128 kv_head=1 worker=0 block_r=0 block_c=0 t0_us=2283941983580 t1_us=2283941983601 dur_us=21
FIG8_ATTENTION_EVENT mode=scna-int8 phase=warmup iteration=3 component=o_scale component_id=7 lut_exp=0 qo_len=32 kv_len=4096 n_heads=12 n_kv_heads=2 head_dim=128 kv_head=1 worker=0 block_r=0 block_c=-1 t0_us=2283941983602 t1_us=2283941983603 dur_us=1
FIG8_ATTENTION_EVENT mode=scna-int8 phase=warmup iteration=3 component=o_store component_id=8 lut_exp=0 qo_len=32 kv_len=4096 n_heads=12 n_kv_heads=2 head_dim=128 kv_head=1 worker=0 block_r=0 block_c=-1 t0_us=2283941983603 t1_us=2283941983615 dur_us=11
FIG8_ATTENTION_HOST_TIMING mode=scna-int8 qo_len=32 kv_len=4096 n_heads=12 n_kv_heads=2 head_dim=128 phase=warmup iteration=4 host_elapsed_us=73690 ret=0
FIG8_ATTENTION_PROFILE_COUNT mode=scna-int8 qo_len=32 phase=warmup iteration=4 records=2 max_records=10
FIG8_ATTENTION_TIMERS mode=scna-int8 phase=warmup iteration=4 lut_exp=0 nonlinear_mode=2 scna_width=32 scna_exp=36132 qo_len=32 kv_len=4096 n_heads=12 n_kv_heads=2 head_dim=128 kv_head=0 worker=0 profiled_total=36643 q_load=8 k_load=133 v_load=133 qk_dot=12 safe_sm=36325 core_acc=20 o_scale=1 o_store=11
FIG8_ATTENTION_TIMERS mode=scna-int8 phase=warmup iteration=4 lut_exp=0 nonlinear_mode=2 scna_width=32 scna_exp=36124 qo_len=32 kv_len=4096 n_heads=12 n_kv_heads=2 head_dim=128 kv_head=1 worker=0 profiled_total=36634 q_load=7 k_load=154 v_load=140 qk_dot=12 safe_sm=36289 core_acc=20 o_scale=1 o_store=11
FIG8_ATTENTION_EVENT_COUNT mode=scna-int8 qo_len=32 phase=warmup iteration=4 events=16 max_events=24896 overflow=0
FIG8_ATTENTION_EVENT mode=scna-int8 phase=warmup iteration=4 component=q_load component_id=1 lut_exp=0 qo_len=32 kv_len=4096 n_heads=12 n_kv_heads=2 head_dim=128 kv_head=0 worker=0 block_r=0 block_c=-1 t0_us=2283941984568 t1_us=2283941984576 dur_us=8
FIG8_ATTENTION_EVENT mode=scna-int8 phase=warmup iteration=4 component=k_load component_id=2 lut_exp=0 qo_len=32 kv_len=4096 n_heads=12 n_kv_heads=2 head_dim=128 kv_head=0 worker=0 block_r=0 block_c=0 t0_us=2283941984578 t1_us=2283941984712 dur_us=133
FIG8_ATTENTION_EVENT mode=scna-int8 phase=warmup iteration=4 component=qk_dot component_id=4 lut_exp=0 qo_len=32 kv_len=4096 n_heads=12 n_kv_heads=2 head_dim=128 kv_head=0 worker=0 block_r=0 block_c=0 t0_us=2283941984712 t1_us=2283941984724 dur_us=12
FIG8_ATTENTION_EVENT mode=scna-int8 phase=warmup iteration=4 component=safe_sm component_id=5 lut_exp=0 qo_len=32 kv_len=4096 n_heads=12 n_kv_heads=2 head_dim=128 kv_head=0 worker=0 block_r=0 block_c=0 t0_us=2283941984725 t1_us=2283942021050 dur_us=36325
FIG8_ATTENTION_EVENT mode=scna-int8 phase=warmup iteration=4 component=v_load component_id=3 lut_exp=0 qo_len=32 kv_len=4096 n_heads=12 n_kv_heads=2 head_dim=128 kv_head=0 worker=0 block_r=0 block_c=0 t0_us=2283942021051 t1_us=2283942021184 dur_us=133
FIG8_ATTENTION_EVENT mode=scna-int8 phase=warmup iteration=4 component=core_acc component_id=6 lut_exp=0 qo_len=32 kv_len=4096 n_heads=12 n_kv_heads=2 head_dim=128 kv_head=0 worker=0 block_r=0 block_c=0 t0_us=2283942021184 t1_us=2283942021205 dur_us=20
FIG8_ATTENTION_EVENT mode=scna-int8 phase=warmup iteration=4 component=o_scale component_id=7 lut_exp=0 qo_len=32 kv_len=4096 n_heads=12 n_kv_heads=2 head_dim=128 kv_head=0 worker=0 block_r=0 block_c=-1 t0_us=2283942021206 t1_us=2283942021208 dur_us=1
FIG8_ATTENTION_EVENT mode=scna-int8 phase=warmup iteration=4 component=o_store component_id=8 lut_exp=0 qo_len=32 kv_len=4096 n_heads=12 n_kv_heads=2 head_dim=128 kv_head=0 worker=0 block_r=0 block_c=-1 t0_us=2283942021208 t1_us=2283942021219 dur_us=11
FIG8_ATTENTION_EVENT mode=scna-int8 phase=warmup iteration=4 component=q_load component_id=1 lut_exp=0 qo_len=32 kv_len=4096 n_heads=12 n_kv_heads=2 head_dim=128 kv_head=1 worker=0 block_r=0 block_c=-1 t0_us=2283942021265 t1_us=2283942021273 dur_us=7
FIG8_ATTENTION_EVENT mode=scna-int8 phase=warmup iteration=4 component=k_load component_id=2 lut_exp=0 qo_len=32 kv_len=4096 n_heads=12 n_kv_heads=2 head_dim=128 kv_head=1 worker=0 block_r=0 block_c=0 t0_us=2283942021276 t1_us=2283942021431 dur_us=154
FIG8_ATTENTION_EVENT mode=scna-int8 phase=warmup iteration=4 component=qk_dot component_id=4 lut_exp=0 qo_len=32 kv_len=4096 n_heads=12 n_kv_heads=2 head_dim=128 kv_head=1 worker=0 block_r=0 block_c=0 t0_us=2283942021431 t1_us=2283942021444 dur_us=12
FIG8_ATTENTION_EVENT mode=scna-int8 phase=warmup iteration=4 component=safe_sm component_id=5 lut_exp=0 qo_len=32 kv_len=4096 n_heads=12 n_kv_heads=2 head_dim=128 kv_head=1 worker=0 block_r=0 block_c=0 t0_us=2283942021444 t1_us=2283942057733 dur_us=36289
FIG8_ATTENTION_EVENT mode=scna-int8 phase=warmup iteration=4 component=v_load component_id=3 lut_exp=0 qo_len=32 kv_len=4096 n_heads=12 n_kv_heads=2 head_dim=128 kv_head=1 worker=0 block_r=0 block_c=0 t0_us=2283942057734 t1_us=2283942057875 dur_us=140
FIG8_ATTENTION_EVENT mode=scna-int8 phase=warmup iteration=4 component=core_acc component_id=6 lut_exp=0 qo_len=32 kv_len=4096 n_heads=12 n_kv_heads=2 head_dim=128 kv_head=1 worker=0 block_r=0 block_c=0 t0_us=2283942057875 t1_us=2283942057896 dur_us=20
FIG8_ATTENTION_EVENT mode=scna-int8 phase=warmup iteration=4 component=o_scale component_id=7 lut_exp=0 qo_len=32 kv_len=4096 n_heads=12 n_kv_heads=2 head_dim=128 kv_head=1 worker=0 block_r=0 block_c=-1 t0_us=2283942057897 t1_us=2283942057899 dur_us=1
FIG8_ATTENTION_EVENT mode=scna-int8 phase=warmup iteration=4 component=o_store component_id=8 lut_exp=0 qo_len=32 kv_len=4096 n_heads=12 n_kv_heads=2 head_dim=128 kv_head=1 worker=0 block_r=0 block_c=-1 t0_us=2283942057899 t1_us=2283942057910 dur_us=11
FIG8_ATTENTION_HOST_TIMING mode=scna-int8 qo_len=32 kv_len=4096 n_heads=12 n_kv_heads=2 head_dim=128 phase=measure iteration=0 host_elapsed_us=73578 ret=0
FIG8_ATTENTION_PROFILE_COUNT mode=scna-int8 qo_len=32 phase=measure iteration=0 records=2 max_records=10
FIG8_ATTENTION_TIMERS mode=scna-int8 phase=measure iteration=0 lut_exp=0 nonlinear_mode=2 scna_width=32 scna_exp=36089 qo_len=32 kv_len=4096 n_heads=12 n_kv_heads=2 head_dim=128 kv_head=0 worker=0 profiled_total=36600 q_load=8 k_load=135 v_load=132 qk_dot=12 safe_sm=36281 core_acc=20 o_scale=1 o_store=11
FIG8_ATTENTION_TIMERS mode=scna-int8 phase=measure iteration=0 lut_exp=0 nonlinear_mode=2 scna_width=32 scna_exp=36174 qo_len=32 kv_len=4096 n_heads=12 n_kv_heads=2 head_dim=128 kv_head=1 worker=0 profiled_total=36683 q_load=7 k_load=153 v_load=140 qk_dot=12 safe_sm=36338 core_acc=21 o_scale=1 o_store=11
FIG8_ATTENTION_EVENT_COUNT mode=scna-int8 qo_len=32 phase=measure iteration=0 events=16 max_events=24896 overflow=0
FIG8_ATTENTION_EVENT mode=scna-int8 phase=measure iteration=0 component=q_load component_id=1 lut_exp=0 qo_len=32 kv_len=4096 n_heads=12 n_kv_heads=2 head_dim=128 kv_head=0 worker=0 block_r=0 block_c=-1 t0_us=2283942060033 t1_us=2283942060041 dur_us=8
FIG8_ATTENTION_EVENT mode=scna-int8 phase=measure iteration=0 component=k_load component_id=2 lut_exp=0 qo_len=32 kv_len=4096 n_heads=12 n_kv_heads=2 head_dim=128 kv_head=0 worker=0 block_r=0 block_c=0 t0_us=2283942060044 t1_us=2283942060179 dur_us=135
FIG8_ATTENTION_EVENT mode=scna-int8 phase=measure iteration=0 component=qk_dot component_id=4 lut_exp=0 qo_len=32 kv_len=4096 n_heads=12 n_kv_heads=2 head_dim=128 kv_head=0 worker=0 block_r=0 block_c=0 t0_us=2283942060180 t1_us=2283942060192 dur_us=12
FIG8_ATTENTION_EVENT mode=scna-int8 phase=measure iteration=0 component=safe_sm component_id=5 lut_exp=0 qo_len=32 kv_len=4096 n_heads=12 n_kv_heads=2 head_dim=128 kv_head=0 worker=0 block_r=0 block_c=0 t0_us=2283942060192 t1_us=2283942096474 dur_us=36281
FIG8_ATTENTION_EVENT mode=scna-int8 phase=measure iteration=0 component=v_load component_id=3 lut_exp=0 qo_len=32 kv_len=4096 n_heads=12 n_kv_heads=2 head_dim=128 kv_head=0 worker=0 block_r=0 block_c=0 t0_us=2283942096475 t1_us=2283942096607 dur_us=132
FIG8_ATTENTION_EVENT mode=scna-int8 phase=measure iteration=0 component=core_acc component_id=6 lut_exp=0 qo_len=32 kv_len=4096 n_heads=12 n_kv_heads=2 head_dim=128 kv_head=0 worker=0 block_r=0 block_c=0 t0_us=2283942096608 t1_us=2283942096628 dur_us=20
FIG8_ATTENTION_EVENT mode=scna-int8 phase=measure iteration=0 component=o_scale component_id=7 lut_exp=0 qo_len=32 kv_len=4096 n_heads=12 n_kv_heads=2 head_dim=128 kv_head=0 worker=0 block_r=0 block_c=-1 t0_us=2283942096629 t1_us=2283942096631 dur_us=1
FIG8_ATTENTION_EVENT mode=scna-int8 phase=measure iteration=0 component=o_store component_id=8 lut_exp=0 qo_len=32 kv_len=4096 n_heads=12 n_kv_heads=2 head_dim=128 kv_head=0 worker=0 block_r=0 block_c=-1 t0_us=2283942096631 t1_us=2283942096643 dur_us=11
FIG8_ATTENTION_EVENT mode=scna-int8 phase=measure iteration=0 component=q_load component_id=1 lut_exp=0 qo_len=32 kv_len=4096 n_heads=12 n_kv_heads=2 head_dim=128 kv_head=1 worker=0 block_r=0 block_c=-1 t0_us=2283942096687 t1_us=2283942096695 dur_us=7
FIG8_ATTENTION_EVENT mode=scna-int8 phase=measure iteration=0 component=k_load component_id=2 lut_exp=0 qo_len=32 kv_len=4096 n_heads=12 n_kv_heads=2 head_dim=128 kv_head=1 worker=0 block_r=0 block_c=0 t0_us=2283942096698 t1_us=2283942096851 dur_us=153
FIG8_ATTENTION_EVENT mode=scna-int8 phase=measure iteration=0 component=qk_dot component_id=4 lut_exp=0 qo_len=32 kv_len=4096 n_heads=12 n_kv_heads=2 head_dim=128 kv_head=1 worker=0 block_r=0 block_c=0 t0_us=2283942096851 t1_us=2283942096864 dur_us=12
FIG8_ATTENTION_EVENT mode=scna-int8 phase=measure iteration=0 component=safe_sm component_id=5 lut_exp=0 qo_len=32 kv_len=4096 n_heads=12 n_kv_heads=2 head_dim=128 kv_head=1 worker=0 block_r=0 block_c=0 t0_us=2283942096865 t1_us=2283942133203 dur_us=36338
FIG8_ATTENTION_EVENT mode=scna-int8 phase=measure iteration=0 component=v_load component_id=3 lut_exp=0 qo_len=32 kv_len=4096 n_heads=12 n_kv_heads=2 head_dim=128 kv_head=1 worker=0 block_r=0 block_c=0 t0_us=2283942133204 t1_us=2283942133345 dur_us=140
FIG8_ATTENTION_EVENT mode=scna-int8 phase=measure iteration=0 component=core_acc component_id=6 lut_exp=0 qo_len=32 kv_len=4096 n_heads=12 n_kv_heads=2 head_dim=128 kv_head=1 worker=0 block_r=0 block_c=0 t0_us=2283942133345 t1_us=2283942133366 dur_us=21
FIG8_ATTENTION_EVENT mode=scna-int8 phase=measure iteration=0 component=o_scale component_id=7 lut_exp=0 qo_len=32 kv_len=4096 n_heads=12 n_kv_heads=2 head_dim=128 kv_head=1 worker=0 block_r=0 block_c=-1 t0_us=2283942133367 t1_us=2283942133368 dur_us=1
FIG8_ATTENTION_EVENT mode=scna-int8 phase=measure iteration=0 component=o_store component_id=8 lut_exp=0 qo_len=32 kv_len=4096 n_heads=12 n_kv_heads=2 head_dim=128 kv_head=1 worker=0 block_r=0 block_c=-1 t0_us=2283942133369 t1_us=2283942133380 dur_us=11
FIG8_ATTENTION_HOST_TIMING mode=scna-int8 qo_len=32 kv_len=4096 n_heads=12 n_kv_heads=2 head_dim=128 phase=measure iteration=1 host_elapsed_us=73585 ret=0
FIG8_ATTENTION_PROFILE_COUNT mode=scna-int8 qo_len=32 phase=measure iteration=1 records=2 max_records=10
FIG8_ATTENTION_TIMERS mode=scna-int8 phase=measure iteration=1 lut_exp=0 nonlinear_mode=2 scna_width=32 scna_exp=36106 qo_len=32 kv_len=4096 n_heads=12 n_kv_heads=2 head_dim=128 kv_head=0 worker=0 profiled_total=36617 q_load=8 k_load=134 v_load=132 qk_dot=12 safe_sm=36298 core_acc=21 o_scale=1 o_store=11
FIG8_ATTENTION_TIMERS mode=scna-int8 phase=measure iteration=1 lut_exp=0 nonlinear_mode=2 scna_width=32 scna_exp=36099 qo_len=32 kv_len=4096 n_heads=12 n_kv_heads=2 head_dim=128 kv_head=1 worker=0 profiled_total=36612 q_load=7 k_load=158 v_load=140 qk_dot=12 safe_sm=36262 core_acc=21 o_scale=1 o_store=11
FIG8_ATTENTION_EVENT_COUNT mode=scna-int8 qo_len=32 phase=measure iteration=1 events=16 max_events=24896 overflow=0
FIG8_ATTENTION_EVENT mode=scna-int8 phase=measure iteration=1 component=q_load component_id=1 lut_exp=0 qo_len=32 kv_len=4096 n_heads=12 n_kv_heads=2 head_dim=128 kv_head=0 worker=0 block_r=0 block_c=-1 t0_us=2283942134358 t1_us=2283942134367 dur_us=8
FIG8_ATTENTION_EVENT mode=scna-int8 phase=measure iteration=1 component=k_load component_id=2 lut_exp=0 qo_len=32 kv_len=4096 n_heads=12 n_kv_heads=2 head_dim=128 kv_head=0 worker=0 block_r=0 block_c=0 t0_us=2283942134369 t1_us=2283942134503 dur_us=134
FIG8_ATTENTION_EVENT mode=scna-int8 phase=measure iteration=1 component=qk_dot component_id=4 lut_exp=0 qo_len=32 kv_len=4096 n_heads=12 n_kv_heads=2 head_dim=128 kv_head=0 worker=0 block_r=0 block_c=0 t0_us=2283942134504 t1_us=2283942134516 dur_us=12
FIG8_ATTENTION_EVENT mode=scna-int8 phase=measure iteration=1 component=safe_sm component_id=5 lut_exp=0 qo_len=32 kv_len=4096 n_heads=12 n_kv_heads=2 head_dim=128 kv_head=0 worker=0 block_r=0 block_c=0 t0_us=2283942134517 t1_us=2283942170816 dur_us=36298
FIG8_ATTENTION_EVENT mode=scna-int8 phase=measure iteration=1 component=v_load component_id=3 lut_exp=0 qo_len=32 kv_len=4096 n_heads=12 n_kv_heads=2 head_dim=128 kv_head=0 worker=0 block_r=0 block_c=0 t0_us=2283942170817 t1_us=2283942170950 dur_us=132
FIG8_ATTENTION_EVENT mode=scna-int8 phase=measure iteration=1 component=core_acc component_id=6 lut_exp=0 qo_len=32 kv_len=4096 n_heads=12 n_kv_heads=2 head_dim=128 kv_head=0 worker=0 block_r=0 block_c=0 t0_us=2283942170951 t1_us=2283942170972 dur_us=21
FIG8_ATTENTION_EVENT mode=scna-int8 phase=measure iteration=1 component=o_scale component_id=7 lut_exp=0 qo_len=32 kv_len=4096 n_heads=12 n_kv_heads=2 head_dim=128 kv_head=0 worker=0 block_r=0 block_c=-1 t0_us=2283942170973 t1_us=2283942170974 dur_us=1
FIG8_ATTENTION_EVENT mode=scna-int8 phase=measure iteration=1 component=o_store component_id=8 lut_exp=0 qo_len=32 kv_len=4096 n_heads=12 n_kv_heads=2 head_dim=128 kv_head=0 worker=0 block_r=0 block_c=-1 t0_us=2283942170974 t1_us=2283942170986 dur_us=11
FIG8_ATTENTION_EVENT mode=scna-int8 phase=measure iteration=1 component=q_load component_id=1 lut_exp=0 qo_len=32 kv_len=4096 n_heads=12 n_kv_heads=2 head_dim=128 kv_head=1 worker=0 block_r=0 block_c=-1 t0_us=2283942171032 t1_us=2283942171040 dur_us=7
FIG8_ATTENTION_EVENT mode=scna-int8 phase=measure iteration=1 component=k_load component_id=2 lut_exp=0 qo_len=32 kv_len=4096 n_heads=12 n_kv_heads=2 head_dim=128 kv_head=1 worker=0 block_r=0 block_c=0 t0_us=2283942171043 t1_us=2283942171201 dur_us=158
FIG8_ATTENTION_EVENT mode=scna-int8 phase=measure iteration=1 component=qk_dot component_id=4 lut_exp=0 qo_len=32 kv_len=4096 n_heads=12 n_kv_heads=2 head_dim=128 kv_head=1 worker=0 block_r=0 block_c=0 t0_us=2283942171202 t1_us=2283942171214 dur_us=12
FIG8_ATTENTION_EVENT mode=scna-int8 phase=measure iteration=1 component=safe_sm component_id=5 lut_exp=0 qo_len=32 kv_len=4096 n_heads=12 n_kv_heads=2 head_dim=128 kv_head=1 worker=0 block_r=0 block_c=0 t0_us=2283942171215 t1_us=2283942207477 dur_us=36262
FIG8_ATTENTION_EVENT mode=scna-int8 phase=measure iteration=1 component=v_load component_id=3 lut_exp=0 qo_len=32 kv_len=4096 n_heads=12 n_kv_heads=2 head_dim=128 kv_head=1 worker=0 block_r=0 block_c=0 t0_us=2283942207478 t1_us=2283942207618 dur_us=140
FIG8_ATTENTION_EVENT mode=scna-int8 phase=measure iteration=1 component=core_acc component_id=6 lut_exp=0 qo_len=32 kv_len=4096 n_heads=12 n_kv_heads=2 head_dim=128 kv_head=1 worker=0 block_r=0 block_c=0 t0_us=2283942207619 t1_us=2283942207640 dur_us=21
FIG8_ATTENTION_EVENT mode=scna-int8 phase=measure iteration=1 component=o_scale component_id=7 lut_exp=0 qo_len=32 kv_len=4096 n_heads=12 n_kv_heads=2 head_dim=128 kv_head=1 worker=0 block_r=0 block_c=-1 t0_us=2283942207641 t1_us=2283942207642 dur_us=1
FIG8_ATTENTION_EVENT mode=scna-int8 phase=measure iteration=1 component=o_store component_id=8 lut_exp=0 qo_len=32 kv_len=4096 n_heads=12 n_kv_heads=2 head_dim=128 kv_head=1 worker=0 block_r=0 block_c=-1 t0_us=2283942207642 t1_us=2283942207653 dur_us=11
FIG8_ATTENTION_HOST_TIMING mode=scna-int8 qo_len=32 kv_len=4096 n_heads=12 n_kv_heads=2 head_dim=128 phase=measure iteration=2 host_elapsed_us=73622 ret=0
FIG8_ATTENTION_PROFILE_COUNT mode=scna-int8 qo_len=32 phase=measure iteration=2 records=2 max_records=10
FIG8_ATTENTION_TIMERS mode=scna-int8 phase=measure iteration=2 lut_exp=0 nonlinear_mode=2 scna_width=32 scna_exp=36101 qo_len=32 kv_len=4096 n_heads=12 n_kv_heads=2 head_dim=128 kv_head=0 worker=0 profiled_total=36614 q_load=8 k_load=134 v_load=133 qk_dot=12 safe_sm=36295 core_acc=20 o_scale=1 o_store=11
FIG8_ATTENTION_TIMERS mode=scna-int8 phase=measure iteration=2 lut_exp=0 nonlinear_mode=2 scna_width=32 scna_exp=36147 qo_len=32 kv_len=4096 n_heads=12 n_kv_heads=2 head_dim=128 kv_head=1 worker=0 profiled_total=36658 q_load=7 k_load=156 v_load=140 qk_dot=12 safe_sm=36310 core_acc=21 o_scale=1 o_store=11
FIG8_ATTENTION_EVENT_COUNT mode=scna-int8 qo_len=32 phase=measure iteration=2 events=16 max_events=24896 overflow=0
FIG8_ATTENTION_EVENT mode=scna-int8 phase=measure iteration=2 component=q_load component_id=1 lut_exp=0 qo_len=32 kv_len=4096 n_heads=12 n_kv_heads=2 head_dim=128 kv_head=0 worker=0 block_r=0 block_c=-1 t0_us=2283942209502 t1_us=2283942209510 dur_us=8
FIG8_ATTENTION_EVENT mode=scna-int8 phase=measure iteration=2 component=k_load component_id=2 lut_exp=0 qo_len=32 kv_len=4096 n_heads=12 n_kv_heads=2 head_dim=128 kv_head=0 worker=0 block_r=0 block_c=0 t0_us=2283942209513 t1_us=2283942209647 dur_us=134
FIG8_ATTENTION_EVENT mode=scna-int8 phase=measure iteration=2 component=qk_dot component_id=4 lut_exp=0 qo_len=32 kv_len=4096 n_heads=12 n_kv_heads=2 head_dim=128 kv_head=0 worker=0 block_r=0 block_c=0 t0_us=2283942209647 t1_us=2283942209660 dur_us=12
FIG8_ATTENTION_EVENT mode=scna-int8 phase=measure iteration=2 component=safe_sm component_id=5 lut_exp=0 qo_len=32 kv_len=4096 n_heads=12 n_kv_heads=2 head_dim=128 kv_head=0 worker=0 block_r=0 block_c=0 t0_us=2283942209660 t1_us=2283942245956 dur_us=36295
FIG8_ATTENTION_EVENT mode=scna-int8 phase=measure iteration=2 component=v_load component_id=3 lut_exp=0 qo_len=32 kv_len=4096 n_heads=12 n_kv_heads=2 head_dim=128 kv_head=0 worker=0 block_r=0 block_c=0 t0_us=2283942245956 t1_us=2283942246090 dur_us=133
FIG8_ATTENTION_EVENT mode=scna-int8 phase=measure iteration=2 component=core_acc component_id=6 lut_exp=0 qo_len=32 kv_len=4096 n_heads=12 n_kv_heads=2 head_dim=128 kv_head=0 worker=0 block_r=0 block_c=0 t0_us=2283942246090 t1_us=2283942246111 dur_us=20
FIG8_ATTENTION_EVENT mode=scna-int8 phase=measure iteration=2 component=o_scale component_id=7 lut_exp=0 qo_len=32 kv_len=4096 n_heads=12 n_kv_heads=2 head_dim=128 kv_head=0 worker=0 block_r=0 block_c=-1 t0_us=2283942246112 t1_us=2283942246113 dur_us=1
FIG8_ATTENTION_EVENT mode=scna-int8 phase=measure iteration=2 component=o_store component_id=8 lut_exp=0 qo_len=32 kv_len=4096 n_heads=12 n_kv_heads=2 head_dim=128 kv_head=0 worker=0 block_r=0 block_c=-1 t0_us=2283942246113 t1_us=2283942246125 dur_us=11
FIG8_ATTENTION_EVENT mode=scna-int8 phase=measure iteration=2 component=q_load component_id=1 lut_exp=0 qo_len=32 kv_len=4096 n_heads=12 n_kv_heads=2 head_dim=128 kv_head=1 worker=0 block_r=0 block_c=-1 t0_us=2283942246170 t1_us=2283942246178 dur_us=7
FIG8_ATTENTION_EVENT mode=scna-int8 phase=measure iteration=2 component=k_load component_id=2 lut_exp=0 qo_len=32 kv_len=4096 n_heads=12 n_kv_heads=2 head_dim=128 kv_head=1 worker=0 block_r=0 block_c=0 t0_us=2283942246181 t1_us=2283942246337 dur_us=156
FIG8_ATTENTION_EVENT mode=scna-int8 phase=measure iteration=2 component=qk_dot component_id=4 lut_exp=0 qo_len=32 kv_len=4096 n_heads=12 n_kv_heads=2 head_dim=128 kv_head=1 worker=0 block_r=0 block_c=0 t0_us=2283942246337 t1_us=2283942246350 dur_us=12
FIG8_ATTENTION_EVENT mode=scna-int8 phase=measure iteration=2 component=safe_sm component_id=5 lut_exp=0 qo_len=32 kv_len=4096 n_heads=12 n_kv_heads=2 head_dim=128 kv_head=1 worker=0 block_r=0 block_c=0 t0_us=2283942246350 t1_us=2283942282661 dur_us=36310
FIG8_ATTENTION_EVENT mode=scna-int8 phase=measure iteration=2 component=v_load component_id=3 lut_exp=0 qo_len=32 kv_len=4096 n_heads=12 n_kv_heads=2 head_dim=128 kv_head=1 worker=0 block_r=0 block_c=0 t0_us=2283942282662 t1_us=2283942282803 dur_us=140
FIG8_ATTENTION_EVENT mode=scna-int8 phase=measure iteration=2 component=core_acc component_id=6 lut_exp=0 qo_len=32 kv_len=4096 n_heads=12 n_kv_heads=2 head_dim=128 kv_head=1 worker=0 block_r=0 block_c=0 t0_us=2283942282803 t1_us=2283942282825 dur_us=21
FIG8_ATTENTION_EVENT mode=scna-int8 phase=measure iteration=2 component=o_scale component_id=7 lut_exp=0 qo_len=32 kv_len=4096 n_heads=12 n_kv_heads=2 head_dim=128 kv_head=1 worker=0 block_r=0 block_c=-1 t0_us=2283942282826 t1_us=2283942282827 dur_us=1
FIG8_ATTENTION_EVENT mode=scna-int8 phase=measure iteration=2 component=o_store component_id=8 lut_exp=0 qo_len=32 kv_len=4096 n_heads=12 n_kv_heads=2 head_dim=128 kv_head=1 worker=0 block_r=0 block_c=-1 t0_us=2283942282827 t1_us=2283942282838 dur_us=11
FIG8_ATTENTION_HOST_TIMING mode=scna-int8 qo_len=32 kv_len=4096 n_heads=12 n_kv_heads=2 head_dim=128 phase=measure iteration=3 host_elapsed_us=73646 ret=0
FIG8_ATTENTION_PROFILE_COUNT mode=scna-int8 qo_len=32 phase=measure iteration=3 records=2 max_records=10
FIG8_ATTENTION_TIMERS mode=scna-int8 phase=measure iteration=3 lut_exp=0 nonlinear_mode=2 scna_width=32 scna_exp=36134 qo_len=32 kv_len=4096 n_heads=12 n_kv_heads=2 head_dim=128 kv_head=0 worker=0 profiled_total=36652 q_load=8 k_load=135 v_load=135 qk_dot=12 safe_sm=36330 core_acc=20 o_scale=1 o_store=11
FIG8_ATTENTION_TIMERS mode=scna-int8 phase=measure iteration=3 lut_exp=0 nonlinear_mode=2 scna_width=32 scna_exp=36088 qo_len=32 kv_len=4096 n_heads=12 n_kv_heads=2 head_dim=128 kv_head=1 worker=0 profiled_total=36604 q_load=8 k_load=157 v_load=142 qk_dot=12 safe_sm=36252 core_acc=21 o_scale=1 o_store=11
FIG8_ATTENTION_EVENT_COUNT mode=scna-int8 qo_len=32 phase=measure iteration=3 events=16 max_events=24896 overflow=0
FIG8_ATTENTION_EVENT mode=scna-int8 phase=measure iteration=3 component=q_load component_id=1 lut_exp=0 qo_len=32 kv_len=4096 n_heads=12 n_kv_heads=2 head_dim=128 kv_head=0 worker=0 block_r=0 block_c=-1 t0_us=2283942283758 t1_us=2283942283767 dur_us=8
FIG8_ATTENTION_EVENT mode=scna-int8 phase=measure iteration=3 component=k_load component_id=2 lut_exp=0 qo_len=32 kv_len=4096 n_heads=12 n_kv_heads=2 head_dim=128 kv_head=0 worker=0 block_r=0 block_c=0 t0_us=2283942283769 t1_us=2283942283904 dur_us=135
FIG8_ATTENTION_EVENT mode=scna-int8 phase=measure iteration=3 component=qk_dot component_id=4 lut_exp=0 qo_len=32 kv_len=4096 n_heads=12 n_kv_heads=2 head_dim=128 kv_head=0 worker=0 block_r=0 block_c=0 t0_us=2283942283904 t1_us=2283942283917 dur_us=12
FIG8_ATTENTION_EVENT mode=scna-int8 phase=measure iteration=3 component=safe_sm component_id=5 lut_exp=0 qo_len=32 kv_len=4096 n_heads=12 n_kv_heads=2 head_dim=128 kv_head=0 worker=0 block_r=0 block_c=0 t0_us=2283942283917 t1_us=2283942320248 dur_us=36330
FIG8_ATTENTION_EVENT mode=scna-int8 phase=measure iteration=3 component=v_load component_id=3 lut_exp=0 qo_len=32 kv_len=4096 n_heads=12 n_kv_heads=2 head_dim=128 kv_head=0 worker=0 block_r=0 block_c=0 t0_us=2283942320249 t1_us=2283942320384 dur_us=135
FIG8_ATTENTION_EVENT mode=scna-int8 phase=measure iteration=3 component=core_acc component_id=6 lut_exp=0 qo_len=32 kv_len=4096 n_heads=12 n_kv_heads=2 head_dim=128 kv_head=0 worker=0 block_r=0 block_c=0 t0_us=2283942320384 t1_us=2283942320405 dur_us=20
FIG8_ATTENTION_EVENT mode=scna-int8 phase=measure iteration=3 component=o_scale component_id=7 lut_exp=0 qo_len=32 kv_len=4096 n_heads=12 n_kv_heads=2 head_dim=128 kv_head=0 worker=0 block_r=0 block_c=-1 t0_us=2283942320406 t1_us=2283942320408 dur_us=1
FIG8_ATTENTION_EVENT mode=scna-int8 phase=measure iteration=3 component=o_store component_id=8 lut_exp=0 qo_len=32 kv_len=4096 n_heads=12 n_kv_heads=2 head_dim=128 kv_head=0 worker=0 block_r=0 block_c=-1 t0_us=2283942320408 t1_us=2283942320419 dur_us=11
FIG8_ATTENTION_EVENT mode=scna-int8 phase=measure iteration=3 component=q_load component_id=1 lut_exp=0 qo_len=32 kv_len=4096 n_heads=12 n_kv_heads=2 head_dim=128 kv_head=1 worker=0 block_r=0 block_c=-1 t0_us=2283942320465 t1_us=2283942320473 dur_us=8
FIG8_ATTENTION_EVENT mode=scna-int8 phase=measure iteration=3 component=k_load component_id=2 lut_exp=0 qo_len=32 kv_len=4096 n_heads=12 n_kv_heads=2 head_dim=128 kv_head=1 worker=0 block_r=0 block_c=0 t0_us=2283942320476 t1_us=2283942320634 dur_us=157
FIG8_ATTENTION_EVENT mode=scna-int8 phase=measure iteration=3 component=qk_dot component_id=4 lut_exp=0 qo_len=32 kv_len=4096 n_heads=12 n_kv_heads=2 head_dim=128 kv_head=1 worker=0 block_r=0 block_c=0 t0_us=2283942320634 t1_us=2283942320646 dur_us=12
FIG8_ATTENTION_EVENT mode=scna-int8 phase=measure iteration=3 component=safe_sm component_id=5 lut_exp=0 qo_len=32 kv_len=4096 n_heads=12 n_kv_heads=2 head_dim=128 kv_head=1 worker=0 block_r=0 block_c=0 t0_us=2283942320647 t1_us=2283942356899 dur_us=36252
FIG8_ATTENTION_EVENT mode=scna-int8 phase=measure iteration=3 component=v_load component_id=3 lut_exp=0 qo_len=32 kv_len=4096 n_heads=12 n_kv_heads=2 head_dim=128 kv_head=1 worker=0 block_r=0 block_c=0 t0_us=2283942356900 t1_us=2283942357043 dur_us=142
FIG8_ATTENTION_EVENT mode=scna-int8 phase=measure iteration=3 component=core_acc component_id=6 lut_exp=0 qo_len=32 kv_len=4096 n_heads=12 n_kv_heads=2 head_dim=128 kv_head=1 worker=0 block_r=0 block_c=0 t0_us=2283942357043 t1_us=2283942357065 dur_us=21
FIG8_ATTENTION_EVENT mode=scna-int8 phase=measure iteration=3 component=o_scale component_id=7 lut_exp=0 qo_len=32 kv_len=4096 n_heads=12 n_kv_heads=2 head_dim=128 kv_head=1 worker=0 block_r=0 block_c=-1 t0_us=2283942357065 t1_us=2283942357067 dur_us=1
FIG8_ATTENTION_EVENT mode=scna-int8 phase=measure iteration=3 component=o_store component_id=8 lut_exp=0 qo_len=32 kv_len=4096 n_heads=12 n_kv_heads=2 head_dim=128 kv_head=1 worker=0 block_r=0 block_c=-1 t0_us=2283942357067 t1_us=2283942357078 dur_us=11
FIG8_ATTENTION_HOST_TIMING mode=scna-int8 qo_len=32 kv_len=4096 n_heads=12 n_kv_heads=2 head_dim=128 phase=measure iteration=4 host_elapsed_us=73682 ret=0
FIG8_ATTENTION_PROFILE_COUNT mode=scna-int8 qo_len=32 phase=measure iteration=4 records=2 max_records=10
FIG8_ATTENTION_TIMERS mode=scna-int8 phase=measure iteration=4 lut_exp=0 nonlinear_mode=2 scna_width=32 scna_exp=36146 qo_len=32 kv_len=4096 n_heads=12 n_kv_heads=2 head_dim=128 kv_head=0 worker=0 profiled_total=36665 q_load=7 k_load=136 v_load=139 qk_dot=12 safe_sm=36339 core_acc=20 o_scale=1 o_store=11
FIG8_ATTENTION_TIMERS mode=scna-int8 phase=measure iteration=4 lut_exp=0 nonlinear_mode=2 scna_width=32 scna_exp=36117 qo_len=32 kv_len=4096 n_heads=12 n_kv_heads=2 head_dim=128 kv_head=1 worker=0 profiled_total=36632 q_load=8 k_load=153 v_load=143 qk_dot=12 safe_sm=36284 core_acc=20 o_scale=1 o_store=11
FIG8_ATTENTION_EVENT_COUNT mode=scna-int8 qo_len=32 phase=measure iteration=4 events=16 max_events=24896 overflow=0
FIG8_ATTENTION_EVENT mode=scna-int8 phase=measure iteration=4 component=q_load component_id=1 lut_exp=0 qo_len=32 kv_len=4096 n_heads=12 n_kv_heads=2 head_dim=128 kv_head=0 worker=0 block_r=0 block_c=-1 t0_us=2283942358472 t1_us=2283942358480 dur_us=7
FIG8_ATTENTION_EVENT mode=scna-int8 phase=measure iteration=4 component=k_load component_id=2 lut_exp=0 qo_len=32 kv_len=4096 n_heads=12 n_kv_heads=2 head_dim=128 kv_head=0 worker=0 block_r=0 block_c=0 t0_us=2283942358483 t1_us=2283942358619 dur_us=136
FIG8_ATTENTION_EVENT mode=scna-int8 phase=measure iteration=4 component=qk_dot component_id=4 lut_exp=0 qo_len=32 kv_len=4096 n_heads=12 n_kv_heads=2 head_dim=128 kv_head=0 worker=0 block_r=0 block_c=0 t0_us=2283942358619 t1_us=2283942358632 dur_us=12
FIG8_ATTENTION_EVENT mode=scna-int8 phase=measure iteration=4 component=safe_sm component_id=5 lut_exp=0 qo_len=32 kv_len=4096 n_heads=12 n_kv_heads=2 head_dim=128 kv_head=0 worker=0 block_r=0 block_c=0 t0_us=2283942358632 t1_us=2283942394972 dur_us=36339
FIG8_ATTENTION_EVENT mode=scna-int8 phase=measure iteration=4 component=v_load component_id=3 lut_exp=0 qo_len=32 kv_len=4096 n_heads=12 n_kv_heads=2 head_dim=128 kv_head=0 worker=0 block_r=0 block_c=0 t0_us=2283942394973 t1_us=2283942395112 dur_us=139
FIG8_ATTENTION_EVENT mode=scna-int8 phase=measure iteration=4 component=core_acc component_id=6 lut_exp=0 qo_len=32 kv_len=4096 n_heads=12 n_kv_heads=2 head_dim=128 kv_head=0 worker=0 block_r=0 block_c=0 t0_us=2283942395113 t1_us=2283942395133 dur_us=20
FIG8_ATTENTION_EVENT mode=scna-int8 phase=measure iteration=4 component=o_scale component_id=7 lut_exp=0 qo_len=32 kv_len=4096 n_heads=12 n_kv_heads=2 head_dim=128 kv_head=0 worker=0 block_r=0 block_c=-1 t0_us=2283942395134 t1_us=2283942395136 dur_us=1
FIG8_ATTENTION_EVENT mode=scna-int8 phase=measure iteration=4 component=o_store component_id=8 lut_exp=0 qo_len=32 kv_len=4096 n_heads=12 n_kv_heads=2 head_dim=128 kv_head=0 worker=0 block_r=0 block_c=-1 t0_us=2283942395136 t1_us=2283942395148 dur_us=11
FIG8_ATTENTION_EVENT mode=scna-int8 phase=measure iteration=4 component=q_load component_id=1 lut_exp=0 qo_len=32 kv_len=4096 n_heads=12 n_kv_heads=2 head_dim=128 kv_head=1 worker=0 block_r=0 block_c=-1 t0_us=2283942395190 t1_us=2283942395198 dur_us=8
FIG8_ATTENTION_EVENT mode=scna-int8 phase=measure iteration=4 component=k_load component_id=2 lut_exp=0 qo_len=32 kv_len=4096 n_heads=12 n_kv_heads=2 head_dim=128 kv_head=1 worker=0 block_r=0 block_c=0 t0_us=2283942395201 t1_us=2283942395354 dur_us=153
FIG8_ATTENTION_EVENT mode=scna-int8 phase=measure iteration=4 component=qk_dot component_id=4 lut_exp=0 qo_len=32 kv_len=4096 n_heads=12 n_kv_heads=2 head_dim=128 kv_head=1 worker=0 block_r=0 block_c=0 t0_us=2283942395355 t1_us=2283942395367 dur_us=12
FIG8_ATTENTION_EVENT mode=scna-int8 phase=measure iteration=4 component=safe_sm component_id=5 lut_exp=0 qo_len=32 kv_len=4096 n_heads=12 n_kv_heads=2 head_dim=128 kv_head=1 worker=0 block_r=0 block_c=0 t0_us=2283942395368 t1_us=2283942431652 dur_us=36284
FIG8_ATTENTION_EVENT mode=scna-int8 phase=measure iteration=4 component=v_load component_id=3 lut_exp=0 qo_len=32 kv_len=4096 n_heads=12 n_kv_heads=2 head_dim=128 kv_head=1 worker=0 block_r=0 block_c=0 t0_us=2283942431653 t1_us=2283942431796 dur_us=143
FIG8_ATTENTION_EVENT mode=scna-int8 phase=measure iteration=4 component=core_acc component_id=6 lut_exp=0 qo_len=32 kv_len=4096 n_heads=12 n_kv_heads=2 head_dim=128 kv_head=1 worker=0 block_r=0 block_c=0 t0_us=2283942431797 t1_us=2283942431818 dur_us=20
FIG8_ATTENTION_EVENT mode=scna-int8 phase=measure iteration=4 component=o_scale component_id=7 lut_exp=0 qo_len=32 kv_len=4096 n_heads=12 n_kv_heads=2 head_dim=128 kv_head=1 worker=0 block_r=0 block_c=-1 t0_us=2283942431819 t1_us=2283942431820 dur_us=1
FIG8_ATTENTION_EVENT mode=scna-int8 phase=measure iteration=4 component=o_store component_id=8 lut_exp=0 qo_len=32 kv_len=4096 n_heads=12 n_kv_heads=2 head_dim=128 kv_head=1 worker=0 block_r=0 block_c=-1 t0_us=2283942431820 t1_us=2283942431832 dur_us=11
FIG8_ATTENTION_HOST_TIMING mode=scna-int8 qo_len=32 kv_len=4096 n_heads=12 n_kv_heads=2 head_dim=128 phase=measure iteration=5 host_elapsed_us=73624 ret=0
FIG8_ATTENTION_PROFILE_COUNT mode=scna-int8 qo_len=32 phase=measure iteration=5 records=2 max_records=10
FIG8_ATTENTION_TIMERS mode=scna-int8 phase=measure iteration=5 lut_exp=0 nonlinear_mode=2 scna_width=32 scna_exp=36142 qo_len=32 kv_len=4096 n_heads=12 n_kv_heads=2 head_dim=128 kv_head=0 worker=0 profiled_total=36659 q_load=8 k_load=133 v_load=139 qk_dot=12 safe_sm=36335 core_acc=20 o_scale=1 o_store=11
FIG8_ATTENTION_TIMERS mode=scna-int8 phase=measure iteration=5 lut_exp=0 nonlinear_mode=2 scna_width=32 scna_exp=36106 qo_len=32 kv_len=4096 n_heads=12 n_kv_heads=2 head_dim=128 kv_head=1 worker=0 profiled_total=36622 q_load=8 k_load=154 v_load=143 qk_dot=12 safe_sm=36272 core_acc=21 o_scale=1 o_store=11
FIG8_ATTENTION_EVENT_COUNT mode=scna-int8 qo_len=32 phase=measure iteration=5 events=16 max_events=24896 overflow=0
FIG8_ATTENTION_EVENT mode=scna-int8 phase=measure iteration=5 component=q_load component_id=1 lut_exp=0 qo_len=32 kv_len=4096 n_heads=12 n_kv_heads=2 head_dim=128 kv_head=0 worker=0 block_r=0 block_c=-1 t0_us=2283942432750 t1_us=2283942432758 dur_us=8
FIG8_ATTENTION_EVENT mode=scna-int8 phase=measure iteration=5 component=k_load component_id=2 lut_exp=0 qo_len=32 kv_len=4096 n_heads=12 n_kv_heads=2 head_dim=128 kv_head=0 worker=0 block_r=0 block_c=0 t0_us=2283942432760 t1_us=2283942432894 dur_us=133
FIG8_ATTENTION_EVENT mode=scna-int8 phase=measure iteration=5 component=qk_dot component_id=4 lut_exp=0 qo_len=32 kv_len=4096 n_heads=12 n_kv_heads=2 head_dim=128 kv_head=0 worker=0 block_r=0 block_c=0 t0_us=2283942432894 t1_us=2283942432907 dur_us=12
FIG8_ATTENTION_EVENT mode=scna-int8 phase=measure iteration=5 component=safe_sm component_id=5 lut_exp=0 qo_len=32 kv_len=4096 n_heads=12 n_kv_heads=2 head_dim=128 kv_head=0 worker=0 block_r=0 block_c=0 t0_us=2283942432907 t1_us=2283942469242 dur_us=36335
FIG8_ATTENTION_EVENT mode=scna-int8 phase=measure iteration=5 component=v_load component_id=3 lut_exp=0 qo_len=32 kv_len=4096 n_heads=12 n_kv_heads=2 head_dim=128 kv_head=0 worker=0 block_r=0 block_c=0 t0_us=2283942469243 t1_us=2283942469383 dur_us=139
FIG8_ATTENTION_EVENT mode=scna-int8 phase=measure iteration=5 component=core_acc component_id=6 lut_exp=0 qo_len=32 kv_len=4096 n_heads=12 n_kv_heads=2 head_dim=128 kv_head=0 worker=0 block_r=0 block_c=0 t0_us=2283942469383 t1_us=2283942469403 dur_us=20
FIG8_ATTENTION_EVENT mode=scna-int8 phase=measure iteration=5 component=o_scale component_id=7 lut_exp=0 qo_len=32 kv_len=4096 n_heads=12 n_kv_heads=2 head_dim=128 kv_head=0 worker=0 block_r=0 block_c=-1 t0_us=2283942469404 t1_us=2283942469406 dur_us=1
FIG8_ATTENTION_EVENT mode=scna-int8 phase=measure iteration=5 component=o_store component_id=8 lut_exp=0 qo_len=32 kv_len=4096 n_heads=12 n_kv_heads=2 head_dim=128 kv_head=0 worker=0 block_r=0 block_c=-1 t0_us=2283942469406 t1_us=2283942469417 dur_us=11
FIG8_ATTENTION_EVENT mode=scna-int8 phase=measure iteration=5 component=q_load component_id=1 lut_exp=0 qo_len=32 kv_len=4096 n_heads=12 n_kv_heads=2 head_dim=128 kv_head=1 worker=0 block_r=0 block_c=-1 t0_us=2283942469463 t1_us=2283942469471 dur_us=8
FIG8_ATTENTION_EVENT mode=scna-int8 phase=measure iteration=5 component=k_load component_id=2 lut_exp=0 qo_len=32 kv_len=4096 n_heads=12 n_kv_heads=2 head_dim=128 kv_head=1 worker=0 block_r=0 block_c=0 t0_us=2283942469474 t1_us=2283942469629 dur_us=154
FIG8_ATTENTION_EVENT mode=scna-int8 phase=measure iteration=5 component=qk_dot component_id=4 lut_exp=0 qo_len=32 kv_len=4096 n_heads=12 n_kv_heads=2 head_dim=128 kv_head=1 worker=0 block_r=0 block_c=0 t0_us=2283942469629 t1_us=2283942469641 dur_us=12
FIG8_ATTENTION_EVENT mode=scna-int8 phase=measure iteration=5 component=safe_sm component_id=5 lut_exp=0 qo_len=32 kv_len=4096 n_heads=12 n_kv_heads=2 head_dim=128 kv_head=1 worker=0 block_r=0 block_c=0 t0_us=2283942469642 t1_us=2283942505914 dur_us=36272
FIG8_ATTENTION_EVENT mode=scna-int8 phase=measure iteration=5 component=v_load component_id=3 lut_exp=0 qo_len=32 kv_len=4096 n_heads=12 n_kv_heads=2 head_dim=128 kv_head=1 worker=0 block_r=0 block_c=0 t0_us=2283942505915 t1_us=2283942506058 dur_us=143
FIG8_ATTENTION_EVENT mode=scna-int8 phase=measure iteration=5 component=core_acc component_id=6 lut_exp=0 qo_len=32 kv_len=4096 n_heads=12 n_kv_heads=2 head_dim=128 kv_head=1 worker=0 block_r=0 block_c=0 t0_us=2283942506059 t1_us=2283942506080 dur_us=21
FIG8_ATTENTION_EVENT mode=scna-int8 phase=measure iteration=5 component=o_scale component_id=7 lut_exp=0 qo_len=32 kv_len=4096 n_heads=12 n_kv_heads=2 head_dim=128 kv_head=1 worker=0 block_r=0 block_c=-1 t0_us=2283942506081 t1_us=2283942506082 dur_us=1
FIG8_ATTENTION_EVENT mode=scna-int8 phase=measure iteration=5 component=o_store component_id=8 lut_exp=0 qo_len=32 kv_len=4096 n_heads=12 n_kv_heads=2 head_dim=128 kv_head=1 worker=0 block_r=0 block_c=-1 t0_us=2283942506082 t1_us=2283942506094 dur_us=11
FIG8_ATTENTION_HOST_TIMING mode=scna-int8 qo_len=32 kv_len=4096 n_heads=12 n_kv_heads=2 head_dim=128 phase=measure iteration=6 host_elapsed_us=73686 ret=0
FIG8_ATTENTION_PROFILE_COUNT mode=scna-int8 qo_len=32 phase=measure iteration=6 records=2 max_records=10
FIG8_ATTENTION_TIMERS mode=scna-int8 phase=measure iteration=6 lut_exp=0 nonlinear_mode=2 scna_width=32 scna_exp=36130 qo_len=32 kv_len=4096 n_heads=12 n_kv_heads=2 head_dim=128 kv_head=0 worker=0 profiled_total=36652 q_load=8 k_load=138 v_load=139 qk_dot=12 safe_sm=36323 core_acc=20 o_scale=1 o_store=11
FIG8_ATTENTION_TIMERS mode=scna-int8 phase=measure iteration=6 lut_exp=0 nonlinear_mode=2 scna_width=32 scna_exp=36162 qo_len=32 kv_len=4096 n_heads=12 n_kv_heads=2 head_dim=128 kv_head=1 worker=0 profiled_total=36677 q_load=7 k_load=155 v_load=143 qk_dot=12 safe_sm=36327 core_acc=21 o_scale=1 o_store=11
FIG8_ATTENTION_EVENT_COUNT mode=scna-int8 qo_len=32 phase=measure iteration=6 events=16 max_events=24896 overflow=0
FIG8_ATTENTION_EVENT mode=scna-int8 phase=measure iteration=6 component=q_load component_id=1 lut_exp=0 qo_len=32 kv_len=4096 n_heads=12 n_kv_heads=2 head_dim=128 kv_head=0 worker=0 block_r=0 block_c=-1 t0_us=2283942507434 t1_us=2283942507442 dur_us=8
FIG8_ATTENTION_EVENT mode=scna-int8 phase=measure iteration=6 component=k_load component_id=2 lut_exp=0 qo_len=32 kv_len=4096 n_heads=12 n_kv_heads=2 head_dim=128 kv_head=0 worker=0 block_r=0 block_c=0 t0_us=2283942507444 t1_us=2283942507583 dur_us=138
FIG8_ATTENTION_EVENT mode=scna-int8 phase=measure iteration=6 component=qk_dot component_id=4 lut_exp=0 qo_len=32 kv_len=4096 n_heads=12 n_kv_heads=2 head_dim=128 kv_head=0 worker=0 block_r=0 block_c=0 t0_us=2283942507583 t1_us=2283942507595 dur_us=12
FIG8_ATTENTION_EVENT mode=scna-int8 phase=measure iteration=6 component=safe_sm component_id=5 lut_exp=0 qo_len=32 kv_len=4096 n_heads=12 n_kv_heads=2 head_dim=128 kv_head=0 worker=0 block_r=0 block_c=0 t0_us=2283942507596 t1_us=2283942543920 dur_us=36323
FIG8_ATTENTION_EVENT mode=scna-int8 phase=measure iteration=6 component=v_load component_id=3 lut_exp=0 qo_len=32 kv_len=4096 n_heads=12 n_kv_heads=2 head_dim=128 kv_head=0 worker=0 block_r=0 block_c=0 t0_us=2283942543921 t1_us=2283942544060 dur_us=139
FIG8_ATTENTION_EVENT mode=scna-int8 phase=measure iteration=6 component=core_acc component_id=6 lut_exp=0 qo_len=32 kv_len=4096 n_heads=12 n_kv_heads=2 head_dim=128 kv_head=0 worker=0 block_r=0 block_c=0 t0_us=2283942544061 t1_us=2283942544081 dur_us=20
FIG8_ATTENTION_EVENT mode=scna-int8 phase=measure iteration=6 component=o_scale component_id=7 lut_exp=0 qo_len=32 kv_len=4096 n_heads=12 n_kv_heads=2 head_dim=128 kv_head=0 worker=0 block_r=0 block_c=-1 t0_us=2283942544082 t1_us=2283942544084 dur_us=1
FIG8_ATTENTION_EVENT mode=scna-int8 phase=measure iteration=6 component=o_store component_id=8 lut_exp=0 qo_len=32 kv_len=4096 n_heads=12 n_kv_heads=2 head_dim=128 kv_head=0 worker=0 block_r=0 block_c=-1 t0_us=2283942544084 t1_us=2283942544096 dur_us=11
FIG8_ATTENTION_EVENT mode=scna-int8 phase=measure iteration=6 component=q_load component_id=1 lut_exp=0 qo_len=32 kv_len=4096 n_heads=12 n_kv_heads=2 head_dim=128 kv_head=1 worker=0 block_r=0 block_c=-1 t0_us=2283942544140 t1_us=2283942544148 dur_us=7
FIG8_ATTENTION_EVENT mode=scna-int8 phase=measure iteration=6 component=k_load component_id=2 lut_exp=0 qo_len=32 kv_len=4096 n_heads=12 n_kv_heads=2 head_dim=128 kv_head=1 worker=0 block_r=0 block_c=0 t0_us=2283942544151 t1_us=2283942544307 dur_us=155
FIG8_ATTENTION_EVENT mode=scna-int8 phase=measure iteration=6 component=qk_dot component_id=4 lut_exp=0 qo_len=32 kv_len=4096 n_heads=12 n_kv_heads=2 head_dim=128 kv_head=1 worker=0 block_r=0 block_c=0 t0_us=2283942544307 t1_us=2283942544320 dur_us=12
FIG8_ATTENTION_EVENT mode=scna-int8 phase=measure iteration=6 component=safe_sm component_id=5 lut_exp=0 qo_len=32 kv_len=4096 n_heads=12 n_kv_heads=2 head_dim=128 kv_head=1 worker=0 block_r=0 block_c=0 t0_us=2283942544320 t1_us=2283942580647 dur_us=36327
FIG8_ATTENTION_EVENT mode=scna-int8 phase=measure iteration=6 component=v_load component_id=3 lut_exp=0 qo_len=32 kv_len=4096 n_heads=12 n_kv_heads=2 head_dim=128 kv_head=1 worker=0 block_r=0 block_c=0 t0_us=2283942580648 t1_us=2283942580792 dur_us=143
FIG8_ATTENTION_EVENT mode=scna-int8 phase=measure iteration=6 component=core_acc component_id=6 lut_exp=0 qo_len=32 kv_len=4096 n_heads=12 n_kv_heads=2 head_dim=128 kv_head=1 worker=0 block_r=0 block_c=0 t0_us=2283942580793 t1_us=2283942580814 dur_us=21
FIG8_ATTENTION_EVENT mode=scna-int8 phase=measure iteration=6 component=o_scale component_id=7 lut_exp=0 qo_len=32 kv_len=4096 n_heads=12 n_kv_heads=2 head_dim=128 kv_head=1 worker=0 block_r=0 block_c=-1 t0_us=2283942580815 t1_us=2283942580816 dur_us=1
FIG8_ATTENTION_EVENT mode=scna-int8 phase=measure iteration=6 component=o_store component_id=8 lut_exp=0 qo_len=32 kv_len=4096 n_heads=12 n_kv_heads=2 head_dim=128 kv_head=1 worker=0 block_r=0 block_c=-1 t0_us=2283942580816 t1_us=2283942580827 dur_us=11
FIG8_ATTENTION_HOST_TIMING mode=scna-int8 qo_len=32 kv_len=4096 n_heads=12 n_kv_heads=2 head_dim=128 phase=measure iteration=7 host_elapsed_us=73626 ret=0
FIG8_ATTENTION_PROFILE_COUNT mode=scna-int8 qo_len=32 phase=measure iteration=7 records=2 max_records=10
FIG8_ATTENTION_TIMERS mode=scna-int8 phase=measure iteration=7 lut_exp=0 nonlinear_mode=2 scna_width=32 scna_exp=36145 qo_len=32 kv_len=4096 n_heads=12 n_kv_heads=2 head_dim=128 kv_head=0 worker=0 profiled_total=36668 q_load=7 k_load=138 v_load=140 qk_dot=12 safe_sm=36339 core_acc=20 o_scale=1 o_store=11
FIG8_ATTENTION_TIMERS mode=scna-int8 phase=measure iteration=7 lut_exp=0 nonlinear_mode=2 scna_width=32 scna_exp=36080 qo_len=32 kv_len=4096 n_heads=12 n_kv_heads=2 head_dim=128 kv_head=1 worker=0 profiled_total=36603 q_load=7 k_load=162 v_load=144 qk_dot=12 safe_sm=36245 core_acc=21 o_scale=1 o_store=11
FIG8_ATTENTION_EVENT_COUNT mode=scna-int8 qo_len=32 phase=measure iteration=7 events=16 max_events=24896 overflow=0
FIG8_ATTENTION_EVENT mode=scna-int8 phase=measure iteration=7 component=q_load component_id=1 lut_exp=0 qo_len=32 kv_len=4096 n_heads=12 n_kv_heads=2 head_dim=128 kv_head=0 worker=0 block_r=0 block_c=-1 t0_us=2283942581543 t1_us=2283942581551 dur_us=7
FIG8_ATTENTION_EVENT mode=scna-int8 phase=measure iteration=7 component=k_load component_id=2 lut_exp=0 qo_len=32 kv_len=4096 n_heads=12 n_kv_heads=2 head_dim=128 kv_head=0 worker=0 block_r=0 block_c=0 t0_us=2283942581553 t1_us=2283942581691 dur_us=138
FIG8_ATTENTION_EVENT mode=scna-int8 phase=measure iteration=7 component=qk_dot component_id=4 lut_exp=0 qo_len=32 kv_len=4096 n_heads=12 n_kv_heads=2 head_dim=128 kv_head=0 worker=0 block_r=0 block_c=0 t0_us=2283942581692 t1_us=2283942581704 dur_us=12
FIG8_ATTENTION_EVENT mode=scna-int8 phase=measure iteration=7 component=safe_sm component_id=5 lut_exp=0 qo_len=32 kv_len=4096 n_heads=12 n_kv_heads=2 head_dim=128 kv_head=0 worker=0 block_r=0 block_c=0 t0_us=2283942581705 t1_us=2283942618044 dur_us=36339
FIG8_ATTENTION_EVENT mode=scna-int8 phase=measure iteration=7 component=v_load component_id=3 lut_exp=0 qo_len=32 kv_len=4096 n_heads=12 n_kv_heads=2 head_dim=128 kv_head=0 worker=0 block_r=0 block_c=0 t0_us=2283942618045 t1_us=2283942618185 dur_us=140
FIG8_ATTENTION_EVENT mode=scna-int8 phase=measure iteration=7 component=core_acc component_id=6 lut_exp=0 qo_len=32 kv_len=4096 n_heads=12 n_kv_heads=2 head_dim=128 kv_head=0 worker=0 block_r=0 block_c=0 t0_us=2283942618185 t1_us=2283942618206 dur_us=20
FIG8_ATTENTION_EVENT mode=scna-int8 phase=measure iteration=7 component=o_scale component_id=7 lut_exp=0 qo_len=32 kv_len=4096 n_heads=12 n_kv_heads=2 head_dim=128 kv_head=0 worker=0 block_r=0 block_c=-1 t0_us=2283942618207 t1_us=2283942618208 dur_us=1
FIG8_ATTENTION_EVENT mode=scna-int8 phase=measure iteration=7 component=o_store component_id=8 lut_exp=0 qo_len=32 kv_len=4096 n_heads=12 n_kv_heads=2 head_dim=128 kv_head=0 worker=0 block_r=0 block_c=-1 t0_us=2283942618209 t1_us=2283942618220 dur_us=11
FIG8_ATTENTION_EVENT mode=scna-int8 phase=measure iteration=7 component=q_load component_id=1 lut_exp=0 qo_len=32 kv_len=4096 n_heads=12 n_kv_heads=2 head_dim=128 kv_head=1 worker=0 block_r=0 block_c=-1 t0_us=2283942618265 t1_us=2283942618273 dur_us=7
FIG8_ATTENTION_EVENT mode=scna-int8 phase=measure iteration=7 component=k_load component_id=2 lut_exp=0 qo_len=32 kv_len=4096 n_heads=12 n_kv_heads=2 head_dim=128 kv_head=1 worker=0 block_r=0 block_c=0 t0_us=2283942618275 t1_us=2283942618438 dur_us=162
FIG8_ATTENTION_EVENT mode=scna-int8 phase=measure iteration=7 component=qk_dot component_id=4 lut_exp=0 qo_len=32 kv_len=4096 n_heads=12 n_kv_heads=2 head_dim=128 kv_head=1 worker=0 block_r=0 block_c=0 t0_us=2283942618438 t1_us=2283942618450 dur_us=12
FIG8_ATTENTION_EVENT mode=scna-int8 phase=measure iteration=7 component=safe_sm component_id=5 lut_exp=0 qo_len=32 kv_len=4096 n_heads=12 n_kv_heads=2 head_dim=128 kv_head=1 worker=0 block_r=0 block_c=0 t0_us=2283942618451 t1_us=2283942654696 dur_us=36245
FIG8_ATTENTION_EVENT mode=scna-int8 phase=measure iteration=7 component=v_load component_id=3 lut_exp=0 qo_len=32 kv_len=4096 n_heads=12 n_kv_heads=2 head_dim=128 kv_head=1 worker=0 block_r=0 block_c=0 t0_us=2283942654697 t1_us=2283942654842 dur_us=144
FIG8_ATTENTION_EVENT mode=scna-int8 phase=measure iteration=7 component=core_acc component_id=6 lut_exp=0 qo_len=32 kv_len=4096 n_heads=12 n_kv_heads=2 head_dim=128 kv_head=1 worker=0 block_r=0 block_c=0 t0_us=2283942654842 t1_us=2283942654864 dur_us=21
FIG8_ATTENTION_EVENT mode=scna-int8 phase=measure iteration=7 component=o_scale component_id=7 lut_exp=0 qo_len=32 kv_len=4096 n_heads=12 n_kv_heads=2 head_dim=128 kv_head=1 worker=0 block_r=0 block_c=-1 t0_us=2283942654865 t1_us=2283942654866 dur_us=1
FIG8_ATTENTION_EVENT mode=scna-int8 phase=measure iteration=7 component=o_store component_id=8 lut_exp=0 qo_len=32 kv_len=4096 n_heads=12 n_kv_heads=2 head_dim=128 kv_head=1 worker=0 block_r=0 block_c=-1 t0_us=2283942654866 t1_us=2283942654877 dur_us=11
FIG8_ATTENTION_HOST_TIMING mode=scna-int8 qo_len=32 kv_len=4096 n_heads=12 n_kv_heads=2 head_dim=128 phase=measure iteration=8 host_elapsed_us=73715 ret=0
FIG8_ATTENTION_PROFILE_COUNT mode=scna-int8 qo_len=32 phase=measure iteration=8 records=2 max_records=10
FIG8_ATTENTION_TIMERS mode=scna-int8 phase=measure iteration=8 lut_exp=0 nonlinear_mode=2 scna_width=32 scna_exp=36134 qo_len=32 kv_len=4096 n_heads=12 n_kv_heads=2 head_dim=128 kv_head=0 worker=0 profiled_total=36654 q_load=8 k_load=134 v_load=141 qk_dot=12 safe_sm=36327 core_acc=20 o_scale=1 o_store=11
FIG8_ATTENTION_TIMERS mode=scna-int8 phase=measure iteration=8 lut_exp=0 nonlinear_mode=2 scna_width=32 scna_exp=36167 qo_len=32 kv_len=4096 n_heads=12 n_kv_heads=2 head_dim=128 kv_head=1 worker=0 profiled_total=36684 q_load=7 k_load=158 v_load=144 qk_dot=12 safe_sm=36331 core_acc=20 o_scale=1 o_store=11
FIG8_ATTENTION_EVENT_COUNT mode=scna-int8 qo_len=32 phase=measure iteration=8 events=16 max_events=24896 overflow=0
FIG8_ATTENTION_EVENT mode=scna-int8 phase=measure iteration=8 component=q_load component_id=1 lut_exp=0 qo_len=32 kv_len=4096 n_heads=12 n_kv_heads=2 head_dim=128 kv_head=0 worker=0 block_r=0 block_c=-1 t0_us=2283942657399 t1_us=2283942657407 dur_us=8
FIG8_ATTENTION_EVENT mode=scna-int8 phase=measure iteration=8 component=k_load component_id=2 lut_exp=0 qo_len=32 kv_len=4096 n_heads=12 n_kv_heads=2 head_dim=128 kv_head=0 worker=0 block_r=0 block_c=0 t0_us=2283942657410 t1_us=2283942657545 dur_us=134
FIG8_ATTENTION_EVENT mode=scna-int8 phase=measure iteration=8 component=qk_dot component_id=4 lut_exp=0 qo_len=32 kv_len=4096 n_heads=12 n_kv_heads=2 head_dim=128 kv_head=0 worker=0 block_r=0 block_c=0 t0_us=2283942657545 t1_us=2283942657557 dur_us=12
FIG8_ATTENTION_EVENT mode=scna-int8 phase=measure iteration=8 component=safe_sm component_id=5 lut_exp=0 qo_len=32 kv_len=4096 n_heads=12 n_kv_heads=2 head_dim=128 kv_head=0 worker=0 block_r=0 block_c=0 t0_us=2283942657558 t1_us=2283942693885 dur_us=36327
FIG8_ATTENTION_EVENT mode=scna-int8 phase=measure iteration=8 component=v_load component_id=3 lut_exp=0 qo_len=32 kv_len=4096 n_heads=12 n_kv_heads=2 head_dim=128 kv_head=0 worker=0 block_r=0 block_c=0 t0_us=2283942693886 t1_us=2283942694028 dur_us=141
FIG8_ATTENTION_EVENT mode=scna-int8 phase=measure iteration=8 component=core_acc component_id=6 lut_exp=0 qo_len=32 kv_len=4096 n_heads=12 n_kv_heads=2 head_dim=128 kv_head=0 worker=0 block_r=0 block_c=0 t0_us=2283942694028 t1_us=2283942694049 dur_us=20
FIG8_ATTENTION_EVENT mode=scna-int8 phase=measure iteration=8 component=o_scale component_id=7 lut_exp=0 qo_len=32 kv_len=4096 n_heads=12 n_kv_heads=2 head_dim=128 kv_head=0 worker=0 block_r=0 block_c=-1 t0_us=2283942694050 t1_us=2283942694051 dur_us=1
FIG8_ATTENTION_EVENT mode=scna-int8 phase=measure iteration=8 component=o_store component_id=8 lut_exp=0 qo_len=32 kv_len=4096 n_heads=12 n_kv_heads=2 head_dim=128 kv_head=0 worker=0 block_r=0 block_c=-1 t0_us=2283942694051 t1_us=2283942694063 dur_us=11
FIG8_ATTENTION_EVENT mode=scna-int8 phase=measure iteration=8 component=q_load component_id=1 lut_exp=0 qo_len=32 kv_len=4096 n_heads=12 n_kv_heads=2 head_dim=128 kv_head=1 worker=0 block_r=0 block_c=-1 t0_us=2283942694108 t1_us=2283942694116 dur_us=7
FIG8_ATTENTION_EVENT mode=scna-int8 phase=measure iteration=8 component=k_load component_id=2 lut_exp=0 qo_len=32 kv_len=4096 n_heads=12 n_kv_heads=2 head_dim=128 kv_head=1 worker=0 block_r=0 block_c=0 t0_us=2283942694119 t1_us=2283942694277 dur_us=158
FIG8_ATTENTION_EVENT mode=scna-int8 phase=measure iteration=8 component=qk_dot component_id=4 lut_exp=0 qo_len=32 kv_len=4096 n_heads=12 n_kv_heads=2 head_dim=128 kv_head=1 worker=0 block_r=0 block_c=0 t0_us=2283942694278 t1_us=2283942694290 dur_us=12
FIG8_ATTENTION_EVENT mode=scna-int8 phase=measure iteration=8 component=safe_sm component_id=5 lut_exp=0 qo_len=32 kv_len=4096 n_heads=12 n_kv_heads=2 head_dim=128 kv_head=1 worker=0 block_r=0 block_c=0 t0_us=2283942694291 t1_us=2283942730622 dur_us=36331
FIG8_ATTENTION_EVENT mode=scna-int8 phase=measure iteration=8 component=v_load component_id=3 lut_exp=0 qo_len=32 kv_len=4096 n_heads=12 n_kv_heads=2 head_dim=128 kv_head=1 worker=0 block_r=0 block_c=0 t0_us=2283942730623 t1_us=2283942730768 dur_us=144
FIG8_ATTENTION_EVENT mode=scna-int8 phase=measure iteration=8 component=core_acc component_id=6 lut_exp=0 qo_len=32 kv_len=4096 n_heads=12 n_kv_heads=2 head_dim=128 kv_head=1 worker=0 block_r=0 block_c=0 t0_us=2283942730768 t1_us=2283942730789 dur_us=20
FIG8_ATTENTION_EVENT mode=scna-int8 phase=measure iteration=8 component=o_scale component_id=7 lut_exp=0 qo_len=32 kv_len=4096 n_heads=12 n_kv_heads=2 head_dim=128 kv_head=1 worker=0 block_r=0 block_c=-1 t0_us=2283942730790 t1_us=2283942730791 dur_us=1
FIG8_ATTENTION_EVENT mode=scna-int8 phase=measure iteration=8 component=o_store component_id=8 lut_exp=0 qo_len=32 kv_len=4096 n_heads=12 n_kv_heads=2 head_dim=128 kv_head=1 worker=0 block_r=0 block_c=-1 t0_us=2283942730791 t1_us=2283942730803 dur_us=11
FIG8_ATTENTION_HOST_TIMING mode=scna-int8 qo_len=32 kv_len=4096 n_heads=12 n_kv_heads=2 head_dim=128 phase=measure iteration=9 host_elapsed_us=73571 ret=0
FIG8_ATTENTION_PROFILE_COUNT mode=scna-int8 qo_len=32 phase=measure iteration=9 records=2 max_records=10
FIG8_ATTENTION_TIMERS mode=scna-int8 phase=measure iteration=9 lut_exp=0 nonlinear_mode=2 scna_width=32 scna_exp=36139 qo_len=32 kv_len=4096 n_heads=12 n_kv_heads=2 head_dim=128 kv_head=0 worker=0 profiled_total=36658 q_load=7 k_load=136 v_load=138 qk_dot=12 safe_sm=36333 core_acc=20 o_scale=1 o_store=11
FIG8_ATTENTION_TIMERS mode=scna-int8 phase=measure iteration=9 lut_exp=0 nonlinear_mode=2 scna_width=32 scna_exp=36082 qo_len=32 kv_len=4096 n_heads=12 n_kv_heads=2 head_dim=128 kv_head=1 worker=0 profiled_total=36604 q_load=8 k_load=162 v_load=143 qk_dot=12 safe_sm=36247 core_acc=20 o_scale=1 o_store=11
FIG8_ATTENTION_EVENT_COUNT mode=scna-int8 qo_len=32 phase=measure iteration=9 events=16 max_events=24896 overflow=0
FIG8_ATTENTION_EVENT mode=scna-int8 phase=measure iteration=9 component=q_load component_id=1 lut_exp=0 qo_len=32 kv_len=4096 n_heads=12 n_kv_heads=2 head_dim=128 kv_head=0 worker=0 block_r=0 block_c=-1 t0_us=2283942731615 t1_us=2283942731623 dur_us=7
FIG8_ATTENTION_EVENT mode=scna-int8 phase=measure iteration=9 component=k_load component_id=2 lut_exp=0 qo_len=32 kv_len=4096 n_heads=12 n_kv_heads=2 head_dim=128 kv_head=0 worker=0 block_r=0 block_c=0 t0_us=2283942731625 t1_us=2283942731762 dur_us=136
FIG8_ATTENTION_EVENT mode=scna-int8 phase=measure iteration=9 component=qk_dot component_id=4 lut_exp=0 qo_len=32 kv_len=4096 n_heads=12 n_kv_heads=2 head_dim=128 kv_head=0 worker=0 block_r=0 block_c=0 t0_us=2283942731762 t1_us=2283942731775 dur_us=12
FIG8_ATTENTION_EVENT mode=scna-int8 phase=measure iteration=9 component=safe_sm component_id=5 lut_exp=0 qo_len=32 kv_len=4096 n_heads=12 n_kv_heads=2 head_dim=128 kv_head=0 worker=0 block_r=0 block_c=0 t0_us=2283942731775 t1_us=2283942768109 dur_us=36333
FIG8_ATTENTION_EVENT mode=scna-int8 phase=measure iteration=9 component=v_load component_id=3 lut_exp=0 qo_len=32 kv_len=4096 n_heads=12 n_kv_heads=2 head_dim=128 kv_head=0 worker=0 block_r=0 block_c=0 t0_us=2283942768110 t1_us=2283942768249 dur_us=138
FIG8_ATTENTION_EVENT mode=scna-int8 phase=measure iteration=9 component=core_acc component_id=6 lut_exp=0 qo_len=32 kv_len=4096 n_heads=12 n_kv_heads=2 head_dim=128 kv_head=0 worker=0 block_r=0 block_c=0 t0_us=2283942768250 t1_us=2283942768270 dur_us=20
FIG8_ATTENTION_EVENT mode=scna-int8 phase=measure iteration=9 component=o_scale component_id=7 lut_exp=0 qo_len=32 kv_len=4096 n_heads=12 n_kv_heads=2 head_dim=128 kv_head=0 worker=0 block_r=0 block_c=-1 t0_us=2283942768271 t1_us=2283942768273 dur_us=1
FIG8_ATTENTION_EVENT mode=scna-int8 phase=measure iteration=9 component=o_store component_id=8 lut_exp=0 qo_len=32 kv_len=4096 n_heads=12 n_kv_heads=2 head_dim=128 kv_head=0 worker=0 block_r=0 block_c=-1 t0_us=2283942768273 t1_us=2283942768285 dur_us=11
FIG8_ATTENTION_EVENT mode=scna-int8 phase=measure iteration=9 component=q_load component_id=1 lut_exp=0 qo_len=32 kv_len=4096 n_heads=12 n_kv_heads=2 head_dim=128 kv_head=1 worker=0 block_r=0 block_c=-1 t0_us=2283942768330 t1_us=2283942768338 dur_us=8
FIG8_ATTENTION_EVENT mode=scna-int8 phase=measure iteration=9 component=k_load component_id=2 lut_exp=0 qo_len=32 kv_len=4096 n_heads=12 n_kv_heads=2 head_dim=128 kv_head=1 worker=0 block_r=0 block_c=0 t0_us=2283942768341 t1_us=2283942768503 dur_us=162
FIG8_ATTENTION_EVENT mode=scna-int8 phase=measure iteration=9 component=qk_dot component_id=4 lut_exp=0 qo_len=32 kv_len=4096 n_heads=12 n_kv_heads=2 head_dim=128 kv_head=1 worker=0 block_r=0 block_c=0 t0_us=2283942768503 t1_us=2283942768516 dur_us=12
FIG8_ATTENTION_EVENT mode=scna-int8 phase=measure iteration=9 component=safe_sm component_id=5 lut_exp=0 qo_len=32 kv_len=4096 n_heads=12 n_kv_heads=2 head_dim=128 kv_head=1 worker=0 block_r=0 block_c=0 t0_us=2283942768516 t1_us=2283942804764 dur_us=36247
FIG8_ATTENTION_EVENT mode=scna-int8 phase=measure iteration=9 component=v_load component_id=3 lut_exp=0 qo_len=32 kv_len=4096 n_heads=12 n_kv_heads=2 head_dim=128 kv_head=1 worker=0 block_r=0 block_c=0 t0_us=2283942804765 t1_us=2283942804908 dur_us=143
FIG8_ATTENTION_EVENT mode=scna-int8 phase=measure iteration=9 component=core_acc component_id=6 lut_exp=0 qo_len=32 kv_len=4096 n_heads=12 n_kv_heads=2 head_dim=128 kv_head=1 worker=0 block_r=0 block_c=0 t0_us=2283942804909 t1_us=2283942804929 dur_us=20
FIG8_ATTENTION_EVENT mode=scna-int8 phase=measure iteration=9 component=o_scale component_id=7 lut_exp=0 qo_len=32 kv_len=4096 n_heads=12 n_kv_heads=2 head_dim=128 kv_head=1 worker=0 block_r=0 block_c=-1 t0_us=2283942804930 t1_us=2283942804932 dur_us=1
FIG8_ATTENTION_EVENT mode=scna-int8 phase=measure iteration=9 component=o_store component_id=8 lut_exp=0 qo_len=32 kv_len=4096 n_heads=12 n_kv_heads=2 head_dim=128 kv_head=1 worker=0 block_r=0 block_c=-1 t0_us=2283942804932 t1_us=2283942804944 dur_us=11
FIG8_ATTENTION_HOST_TIMING mode=scna-int8 qo_len=32 kv_len=4096 n_heads=12 n_kv_heads=2 head_dim=128 phase=measure iteration=10 host_elapsed_us=73612 ret=0
FIG8_ATTENTION_PROFILE_COUNT mode=scna-int8 qo_len=32 phase=measure iteration=10 records=2 max_records=10
FIG8_ATTENTION_TIMERS mode=scna-int8 phase=measure iteration=10 lut_exp=0 nonlinear_mode=2 scna_width=32 scna_exp=36129 qo_len=32 kv_len=4096 n_heads=12 n_kv_heads=2 head_dim=128 kv_head=0 worker=0 profiled_total=36650 q_load=8 k_load=138 v_load=139 qk_dot=12 safe_sm=36321 core_acc=20 o_scale=1 o_store=11
FIG8_ATTENTION_TIMERS mode=scna-int8 phase=measure iteration=10 lut_exp=0 nonlinear_mode=2 scna_width=32 scna_exp=36113 qo_len=32 kv_len=4096 n_heads=12 n_kv_heads=2 head_dim=128 kv_head=1 worker=0 profiled_total=36632 q_load=8 k_load=160 v_load=142 qk_dot=12 safe_sm=36278 core_acc=20 o_scale=1 o_store=11
FIG8_ATTENTION_EVENT_COUNT mode=scna-int8 qo_len=32 phase=measure iteration=10 events=16 max_events=24896 overflow=0
FIG8_ATTENTION_EVENT mode=scna-int8 phase=measure iteration=10 component=q_load component_id=1 lut_exp=0 qo_len=32 kv_len=4096 n_heads=12 n_kv_heads=2 head_dim=128 kv_head=0 worker=0 block_r=0 block_c=-1 t0_us=2283942806503 t1_us=2283942806511 dur_us=8
FIG8_ATTENTION_EVENT mode=scna-int8 phase=measure iteration=10 component=k_load component_id=2 lut_exp=0 qo_len=32 kv_len=4096 n_heads=12 n_kv_heads=2 head_dim=128 kv_head=0 worker=0 block_r=0 block_c=0 t0_us=2283942806513 t1_us=2283942806652 dur_us=138
FIG8_ATTENTION_EVENT mode=scna-int8 phase=measure iteration=10 component=qk_dot component_id=4 lut_exp=0 qo_len=32 kv_len=4096 n_heads=12 n_kv_heads=2 head_dim=128 kv_head=0 worker=0 block_r=0 block_c=0 t0_us=2283942806652 t1_us=2283942806664 dur_us=12
FIG8_ATTENTION_EVENT mode=scna-int8 phase=measure iteration=10 component=safe_sm component_id=5 lut_exp=0 qo_len=32 kv_len=4096 n_heads=12 n_kv_heads=2 head_dim=128 kv_head=0 worker=0 block_r=0 block_c=0 t0_us=2283942806665 t1_us=2283942842986 dur_us=36321
FIG8_ATTENTION_EVENT mode=scna-int8 phase=measure iteration=10 component=v_load component_id=3 lut_exp=0 qo_len=32 kv_len=4096 n_heads=12 n_kv_heads=2 head_dim=128 kv_head=0 worker=0 block_r=0 block_c=0 t0_us=2283942842987 t1_us=2283942843126 dur_us=139
FIG8_ATTENTION_EVENT mode=scna-int8 phase=measure iteration=10 component=core_acc component_id=6 lut_exp=0 qo_len=32 kv_len=4096 n_heads=12 n_kv_heads=2 head_dim=128 kv_head=0 worker=0 block_r=0 block_c=0 t0_us=2283942843127 t1_us=2283942843147 dur_us=20
FIG8_ATTENTION_EVENT mode=scna-int8 phase=measure iteration=10 component=o_scale component_id=7 lut_exp=0 qo_len=32 kv_len=4096 n_heads=12 n_kv_heads=2 head_dim=128 kv_head=0 worker=0 block_r=0 block_c=-1 t0_us=2283942843148 t1_us=2283942843150 dur_us=1
FIG8_ATTENTION_EVENT mode=scna-int8 phase=measure iteration=10 component=o_store component_id=8 lut_exp=0 qo_len=32 kv_len=4096 n_heads=12 n_kv_heads=2 head_dim=128 kv_head=0 worker=0 block_r=0 block_c=-1 t0_us=2283942843150 t1_us=2283942843162 dur_us=11
FIG8_ATTENTION_EVENT mode=scna-int8 phase=measure iteration=10 component=q_load component_id=1 lut_exp=0 qo_len=32 kv_len=4096 n_heads=12 n_kv_heads=2 head_dim=128 kv_head=1 worker=0 block_r=0 block_c=-1 t0_us=2283942843208 t1_us=2283942843216 dur_us=8
FIG8_ATTENTION_EVENT mode=scna-int8 phase=measure iteration=10 component=k_load component_id=2 lut_exp=0 qo_len=32 kv_len=4096 n_heads=12 n_kv_heads=2 head_dim=128 kv_head=1 worker=0 block_r=0 block_c=0 t0_us=2283942843219 t1_us=2283942843380 dur_us=160
FIG8_ATTENTION_EVENT mode=scna-int8 phase=measure iteration=10 component=qk_dot component_id=4 lut_exp=0 qo_len=32 kv_len=4096 n_heads=12 n_kv_heads=2 head_dim=128 kv_head=1 worker=0 block_r=0 block_c=0 t0_us=2283942843380 t1_us=2283942843393 dur_us=12
FIG8_ATTENTION_EVENT mode=scna-int8 phase=measure iteration=10 component=safe_sm component_id=5 lut_exp=0 qo_len=32 kv_len=4096 n_heads=12 n_kv_heads=2 head_dim=128 kv_head=1 worker=0 block_r=0 block_c=0 t0_us=2283942843393 t1_us=2283942879672 dur_us=36278
FIG8_ATTENTION_EVENT mode=scna-int8 phase=measure iteration=10 component=v_load component_id=3 lut_exp=0 qo_len=32 kv_len=4096 n_heads=12 n_kv_heads=2 head_dim=128 kv_head=1 worker=0 block_r=0 block_c=0 t0_us=2283942879673 t1_us=2283942879815 dur_us=142
FIG8_ATTENTION_EVENT mode=scna-int8 phase=measure iteration=10 component=core_acc component_id=6 lut_exp=0 qo_len=32 kv_len=4096 n_heads=12 n_kv_heads=2 head_dim=128 kv_head=1 worker=0 block_r=0 block_c=0 t0_us=2283942879816 t1_us=2283942879837 dur_us=20
FIG8_ATTENTION_EVENT mode=scna-int8 phase=measure iteration=10 component=o_scale component_id=7 lut_exp=0 qo_len=32 kv_len=4096 n_heads=12 n_kv_heads=2 head_dim=128 kv_head=1 worker=0 block_r=0 block_c=-1 t0_us=2283942879838 t1_us=2283942879839 dur_us=1
FIG8_ATTENTION_EVENT mode=scna-int8 phase=measure iteration=10 component=o_store component_id=8 lut_exp=0 qo_len=32 kv_len=4096 n_heads=12 n_kv_heads=2 head_dim=128 kv_head=1 worker=0 block_r=0 block_c=-1 t0_us=2283942879839 t1_us=2283942879851 dur_us=11
FIG8_ATTENTION_HOST_TIMING mode=scna-int8 qo_len=32 kv_len=4096 n_heads=12 n_kv_heads=2 head_dim=128 phase=measure iteration=11 host_elapsed_us=73690 ret=0
FIG8_ATTENTION_PROFILE_COUNT mode=scna-int8 qo_len=32 phase=measure iteration=11 records=2 max_records=10
FIG8_ATTENTION_TIMERS mode=scna-int8 phase=measure iteration=11 lut_exp=0 nonlinear_mode=2 scna_width=32 scna_exp=36142 qo_len=32 kv_len=4096 n_heads=12 n_kv_heads=2 head_dim=128 kv_head=0 worker=0 profiled_total=36671 q_load=8 k_load=139 v_load=145 qk_dot=12 safe_sm=36335 core_acc=20 o_scale=1 o_store=11
FIG8_ATTENTION_TIMERS mode=scna-int8 phase=measure iteration=11 lut_exp=0 nonlinear_mode=2 scna_width=32 scna_exp=36111 qo_len=32 kv_len=4096 n_heads=12 n_kv_heads=2 head_dim=128 kv_head=1 worker=0 profiled_total=36633 q_load=7 k_load=160 v_load=146 qk_dot=12 safe_sm=36276 core_acc=20 o_scale=1 o_store=11
FIG8_ATTENTION_EVENT_COUNT mode=scna-int8 qo_len=32 phase=measure iteration=11 events=16 max_events=24896 overflow=0
FIG8_ATTENTION_EVENT mode=scna-int8 phase=measure iteration=11 component=q_load component_id=1 lut_exp=0 qo_len=32 kv_len=4096 n_heads=12 n_kv_heads=2 head_dim=128 kv_head=0 worker=0 block_r=0 block_c=-1 t0_us=2283942881068 t1_us=2283942881076 dur_us=8
FIG8_ATTENTION_EVENT mode=scna-int8 phase=measure iteration=11 component=k_load component_id=2 lut_exp=0 qo_len=32 kv_len=4096 n_heads=12 n_kv_heads=2 head_dim=128 kv_head=0 worker=0 block_r=0 block_c=0 t0_us=2283942881078 t1_us=2283942881217 dur_us=139
FIG8_ATTENTION_EVENT mode=scna-int8 phase=measure iteration=11 component=qk_dot component_id=4 lut_exp=0 qo_len=32 kv_len=4096 n_heads=12 n_kv_heads=2 head_dim=128 kv_head=0 worker=0 block_r=0 block_c=0 t0_us=2283942881217 t1_us=2283942881230 dur_us=12
FIG8_ATTENTION_EVENT mode=scna-int8 phase=measure iteration=11 component=safe_sm component_id=5 lut_exp=0 qo_len=32 kv_len=4096 n_heads=12 n_kv_heads=2 head_dim=128 kv_head=0 worker=0 block_r=0 block_c=0 t0_us=2283942881230 t1_us=2283942917566 dur_us=36335
FIG8_ATTENTION_EVENT mode=scna-int8 phase=measure iteration=11 component=v_load component_id=3 lut_exp=0 qo_len=32 kv_len=4096 n_heads=12 n_kv_heads=2 head_dim=128 kv_head=0 worker=0 block_r=0 block_c=0 t0_us=2283942917567 t1_us=2283942917713 dur_us=145
FIG8_ATTENTION_EVENT mode=scna-int8 phase=measure iteration=11 component=core_acc component_id=6 lut_exp=0 qo_len=32 kv_len=4096 n_heads=12 n_kv_heads=2 head_dim=128 kv_head=0 worker=0 block_r=0 block_c=0 t0_us=2283942917713 t1_us=2283942917734 dur_us=20
FIG8_ATTENTION_EVENT mode=scna-int8 phase=measure iteration=11 component=o_scale component_id=7 lut_exp=0 qo_len=32 kv_len=4096 n_heads=12 n_kv_heads=2 head_dim=128 kv_head=0 worker=0 block_r=0 block_c=-1 t0_us=2283942917735 t1_us=2283942917736 dur_us=1
FIG8_ATTENTION_EVENT mode=scna-int8 phase=measure iteration=11 component=o_store component_id=8 lut_exp=0 qo_len=32 kv_len=4096 n_heads=12 n_kv_heads=2 head_dim=128 kv_head=0 worker=0 block_r=0 block_c=-1 t0_us=2283942917736 t1_us=2283942917748 dur_us=11
FIG8_ATTENTION_EVENT mode=scna-int8 phase=measure iteration=11 component=q_load component_id=1 lut_exp=0 qo_len=32 kv_len=4096 n_heads=12 n_kv_heads=2 head_dim=128 kv_head=1 worker=0 block_r=0 block_c=-1 t0_us=2283942917792 t1_us=2283942917800 dur_us=7
FIG8_ATTENTION_EVENT mode=scna-int8 phase=measure iteration=11 component=k_load component_id=2 lut_exp=0 qo_len=32 kv_len=4096 n_heads=12 n_kv_heads=2 head_dim=128 kv_head=1 worker=0 block_r=0 block_c=0 t0_us=2283942917802 t1_us=2283942917963 dur_us=160
FIG8_ATTENTION_EVENT mode=scna-int8 phase=measure iteration=11 component=qk_dot component_id=4 lut_exp=0 qo_len=32 kv_len=4096 n_heads=12 n_kv_heads=2 head_dim=128 kv_head=1 worker=0 block_r=0 block_c=0 t0_us=2283942917963 t1_us=2283942917976 dur_us=12
FIG8_ATTENTION_EVENT mode=scna-int8 phase=measure iteration=11 component=safe_sm component_id=5 lut_exp=0 qo_len=32 kv_len=4096 n_heads=12 n_kv_heads=2 head_dim=128 kv_head=1 worker=0 block_r=0 block_c=0 t0_us=2283942917976 t1_us=2283942954253 dur_us=36276
FIG8_ATTENTION_EVENT mode=scna-int8 phase=measure iteration=11 component=v_load component_id=3 lut_exp=0 qo_len=32 kv_len=4096 n_heads=12 n_kv_heads=2 head_dim=128 kv_head=1 worker=0 block_r=0 block_c=0 t0_us=2283942954254 t1_us=2283942954401 dur_us=146
FIG8_ATTENTION_EVENT mode=scna-int8 phase=measure iteration=11 component=core_acc component_id=6 lut_exp=0 qo_len=32 kv_len=4096 n_heads=12 n_kv_heads=2 head_dim=128 kv_head=1 worker=0 block_r=0 block_c=0 t0_us=2283942954401 t1_us=2283942954422 dur_us=20
FIG8_ATTENTION_EVENT mode=scna-int8 phase=measure iteration=11 component=o_scale component_id=7 lut_exp=0 qo_len=32 kv_len=4096 n_heads=12 n_kv_heads=2 head_dim=128 kv_head=1 worker=0 block_r=0 block_c=-1 t0_us=2283942954423 t1_us=2283942954424 dur_us=1
FIG8_ATTENTION_EVENT mode=scna-int8 phase=measure iteration=11 component=o_store component_id=8 lut_exp=0 qo_len=32 kv_len=4096 n_heads=12 n_kv_heads=2 head_dim=128 kv_head=1 worker=0 block_r=0 block_c=-1 t0_us=2283942954424 t1_us=2283942954436 dur_us=11
FIG8_ATTENTION_HOST_TIMING mode=scna-int8 qo_len=32 kv_len=4096 n_heads=12 n_kv_heads=2 head_dim=128 phase=measure iteration=12 host_elapsed_us=73633 ret=0
FIG8_ATTENTION_PROFILE_COUNT mode=scna-int8 qo_len=32 phase=measure iteration=12 records=2 max_records=10
FIG8_ATTENTION_TIMERS mode=scna-int8 phase=measure iteration=12 lut_exp=0 nonlinear_mode=2 scna_width=32 scna_exp=36119 qo_len=32 kv_len=4096 n_heads=12 n_kv_heads=2 head_dim=128 kv_head=0 worker=0 profiled_total=36645 q_load=8 k_load=138 v_load=142 qk_dot=12 safe_sm=36313 core_acc=20 o_scale=1 o_store=11
FIG8_ATTENTION_TIMERS mode=scna-int8 phase=measure iteration=12 lut_exp=0 nonlinear_mode=2 scna_width=32 scna_exp=36138 qo_len=32 kv_len=4096 n_heads=12 n_kv_heads=2 head_dim=128 kv_head=1 worker=0 profiled_total=36662 q_load=8 k_load=160 v_load=148 qk_dot=12 safe_sm=36302 core_acc=20 o_scale=1 o_store=11
FIG8_ATTENTION_EVENT_COUNT mode=scna-int8 qo_len=32 phase=measure iteration=12 events=16 max_events=24896 overflow=0
FIG8_ATTENTION_EVENT mode=scna-int8 phase=measure iteration=12 component=q_load component_id=1 lut_exp=0 qo_len=32 kv_len=4096 n_heads=12 n_kv_heads=2 head_dim=128 kv_head=0 worker=0 block_r=0 block_c=-1 t0_us=2283942955598 t1_us=2283942955607 dur_us=8
FIG8_ATTENTION_EVENT mode=scna-int8 phase=measure iteration=12 component=k_load component_id=2 lut_exp=0 qo_len=32 kv_len=4096 n_heads=12 n_kv_heads=2 head_dim=128 kv_head=0 worker=0 block_r=0 block_c=0 t0_us=2283942955609 t1_us=2283942955747 dur_us=138
FIG8_ATTENTION_EVENT mode=scna-int8 phase=measure iteration=12 component=qk_dot component_id=4 lut_exp=0 qo_len=32 kv_len=4096 n_heads=12 n_kv_heads=2 head_dim=128 kv_head=0 worker=0 block_r=0 block_c=0 t0_us=2283942955748 t1_us=2283942955760 dur_us=12
FIG8_ATTENTION_EVENT mode=scna-int8 phase=measure iteration=12 component=safe_sm component_id=5 lut_exp=0 qo_len=32 kv_len=4096 n_heads=12 n_kv_heads=2 head_dim=128 kv_head=0 worker=0 block_r=0 block_c=0 t0_us=2283942955761 t1_us=2283942992074 dur_us=36313
FIG8_ATTENTION_EVENT mode=scna-int8 phase=measure iteration=12 component=v_load component_id=3 lut_exp=0 qo_len=32 kv_len=4096 n_heads=12 n_kv_heads=2 head_dim=128 kv_head=0 worker=0 block_r=0 block_c=0 t0_us=2283942992075 t1_us=2283942992218 dur_us=142
FIG8_ATTENTION_EVENT mode=scna-int8 phase=measure iteration=12 component=core_acc component_id=6 lut_exp=0 qo_len=32 kv_len=4096 n_heads=12 n_kv_heads=2 head_dim=128 kv_head=0 worker=0 block_r=0 block_c=0 t0_us=2283942992218 t1_us=2283942992239 dur_us=20
FIG8_ATTENTION_EVENT mode=scna-int8 phase=measure iteration=12 component=o_scale component_id=7 lut_exp=0 qo_len=32 kv_len=4096 n_heads=12 n_kv_heads=2 head_dim=128 kv_head=0 worker=0 block_r=0 block_c=-1 t0_us=2283942992240 t1_us=2283942992242 dur_us=1
FIG8_ATTENTION_EVENT mode=scna-int8 phase=measure iteration=12 component=o_store component_id=8 lut_exp=0 qo_len=32 kv_len=4096 n_heads=12 n_kv_heads=2 head_dim=128 kv_head=0 worker=0 block_r=0 block_c=-1 t0_us=2283942992242 t1_us=2283942992253 dur_us=11
FIG8_ATTENTION_EVENT mode=scna-int8 phase=measure iteration=12 component=q_load component_id=1 lut_exp=0 qo_len=32 kv_len=4096 n_heads=12 n_kv_heads=2 head_dim=128 kv_head=1 worker=0 block_r=0 block_c=-1 t0_us=2283942992297 t1_us=2283942992305 dur_us=8
FIG8_ATTENTION_EVENT mode=scna-int8 phase=measure iteration=12 component=k_load component_id=2 lut_exp=0 qo_len=32 kv_len=4096 n_heads=12 n_kv_heads=2 head_dim=128 kv_head=1 worker=0 block_r=0 block_c=0 t0_us=2283942992308 t1_us=2283942992469 dur_us=160
FIG8_ATTENTION_EVENT mode=scna-int8 phase=measure iteration=12 component=qk_dot component_id=4 lut_exp=0 qo_len=32 kv_len=4096 n_heads=12 n_kv_heads=2 head_dim=128 kv_head=1 worker=0 block_r=0 block_c=0 t0_us=2283942992469 t1_us=2283942992482 dur_us=12
FIG8_ATTENTION_EVENT mode=scna-int8 phase=measure iteration=12 component=safe_sm component_id=5 lut_exp=0 qo_len=32 kv_len=4096 n_heads=12 n_kv_heads=2 head_dim=128 kv_head=1 worker=0 block_r=0 block_c=0 t0_us=2283942992482 t1_us=2283943028784 dur_us=36302
FIG8_ATTENTION_EVENT mode=scna-int8 phase=measure iteration=12 component=v_load component_id=3 lut_exp=0 qo_len=32 kv_len=4096 n_heads=12 n_kv_heads=2 head_dim=128 kv_head=1 worker=0 block_r=0 block_c=0 t0_us=2283943028785 t1_us=2283943028934 dur_us=148
FIG8_ATTENTION_EVENT mode=scna-int8 phase=measure iteration=12 component=core_acc component_id=6 lut_exp=0 qo_len=32 kv_len=4096 n_heads=12 n_kv_heads=2 head_dim=128 kv_head=1 worker=0 block_r=0 block_c=0 t0_us=2283943028934 t1_us=2283943028955 dur_us=20
FIG8_ATTENTION_EVENT mode=scna-int8 phase=measure iteration=12 component=o_scale component_id=7 lut_exp=0 qo_len=32 kv_len=4096 n_heads=12 n_kv_heads=2 head_dim=128 kv_head=1 worker=0 block_r=0 block_c=-1 t0_us=2283943028956 t1_us=2283943028957 dur_us=1
FIG8_ATTENTION_EVENT mode=scna-int8 phase=measure iteration=12 component=o_store component_id=8 lut_exp=0 qo_len=32 kv_len=4096 n_heads=12 n_kv_heads=2 head_dim=128 kv_head=1 worker=0 block_r=0 block_c=-1 t0_us=2283943028957 t1_us=2283943028969 dur_us=11
FIG8_ATTENTION_HOST_TIMING mode=scna-int8 qo_len=32 kv_len=4096 n_heads=12 n_kv_heads=2 head_dim=128 phase=measure iteration=13 host_elapsed_us=73683 ret=0
FIG8_ATTENTION_PROFILE_COUNT mode=scna-int8 qo_len=32 phase=measure iteration=13 records=2 max_records=10
FIG8_ATTENTION_TIMERS mode=scna-int8 phase=measure iteration=13 lut_exp=0 nonlinear_mode=2 scna_width=32 scna_exp=36125 qo_len=32 kv_len=4096 n_heads=12 n_kv_heads=2 head_dim=128 kv_head=0 worker=0 profiled_total=36657 q_load=8 k_load=139 v_load=144 qk_dot=12 safe_sm=36321 core_acc=21 o_scale=1 o_store=11
FIG8_ATTENTION_TIMERS mode=scna-int8 phase=measure iteration=13 lut_exp=0 nonlinear_mode=2 scna_width=32 scna_exp=36161 qo_len=32 kv_len=4096 n_heads=12 n_kv_heads=2 head_dim=128 kv_head=1 worker=0 profiled_total=36686 q_load=8 k_load=162 v_load=146 qk_dot=12 safe_sm=36326 core_acc=20 o_scale=1 o_store=11
FIG8_ATTENTION_EVENT_COUNT mode=scna-int8 qo_len=32 phase=measure iteration=13 events=16 max_events=24896 overflow=0
FIG8_ATTENTION_EVENT mode=scna-int8 phase=measure iteration=13 component=q_load component_id=1 lut_exp=0 qo_len=32 kv_len=4096 n_heads=12 n_kv_heads=2 head_dim=128 kv_head=0 worker=0 block_r=0 block_c=-1 t0_us=2283943030453 t1_us=2283943030461 dur_us=8
FIG8_ATTENTION_EVENT mode=scna-int8 phase=measure iteration=13 component=k_load component_id=2 lut_exp=0 qo_len=32 kv_len=4096 n_heads=12 n_kv_heads=2 head_dim=128 kv_head=0 worker=0 block_r=0 block_c=0 t0_us=2283943030463 t1_us=2283943030602 dur_us=139
FIG8_ATTENTION_EVENT mode=scna-int8 phase=measure iteration=13 component=qk_dot component_id=4 lut_exp=0 qo_len=32 kv_len=4096 n_heads=12 n_kv_heads=2 head_dim=128 kv_head=0 worker=0 block_r=0 block_c=0 t0_us=2283943030602 t1_us=2283943030615 dur_us=12
FIG8_ATTENTION_EVENT mode=scna-int8 phase=measure iteration=13 component=safe_sm component_id=5 lut_exp=0 qo_len=32 kv_len=4096 n_heads=12 n_kv_heads=2 head_dim=128 kv_head=0 worker=0 block_r=0 block_c=0 t0_us=2283943030616 t1_us=2283943066937 dur_us=36321
FIG8_ATTENTION_EVENT mode=scna-int8 phase=measure iteration=13 component=v_load component_id=3 lut_exp=0 qo_len=32 kv_len=4096 n_heads=12 n_kv_heads=2 head_dim=128 kv_head=0 worker=0 block_r=0 block_c=0 t0_us=2283943066938 t1_us=2283943067082 dur_us=144
FIG8_ATTENTION_EVENT mode=scna-int8 phase=measure iteration=13 component=core_acc component_id=6 lut_exp=0 qo_len=32 kv_len=4096 n_heads=12 n_kv_heads=2 head_dim=128 kv_head=0 worker=0 block_r=0 block_c=0 t0_us=2283943067083 t1_us=2283943067104 dur_us=21
FIG8_ATTENTION_EVENT mode=scna-int8 phase=measure iteration=13 component=o_scale component_id=7 lut_exp=0 qo_len=32 kv_len=4096 n_heads=12 n_kv_heads=2 head_dim=128 kv_head=0 worker=0 block_r=0 block_c=-1 t0_us=2283943067105 t1_us=2283943067106 dur_us=1
FIG8_ATTENTION_EVENT mode=scna-int8 phase=measure iteration=13 component=o_store component_id=8 lut_exp=0 qo_len=32 kv_len=4096 n_heads=12 n_kv_heads=2 head_dim=128 kv_head=0 worker=0 block_r=0 block_c=-1 t0_us=2283943067107 t1_us=2283943067118 dur_us=11
FIG8_ATTENTION_EVENT mode=scna-int8 phase=measure iteration=13 component=q_load component_id=1 lut_exp=0 qo_len=32 kv_len=4096 n_heads=12 n_kv_heads=2 head_dim=128 kv_head=1 worker=0 block_r=0 block_c=-1 t0_us=2283943067162 t1_us=2283943067170 dur_us=8
FIG8_ATTENTION_EVENT mode=scna-int8 phase=measure iteration=13 component=k_load component_id=2 lut_exp=0 qo_len=32 kv_len=4096 n_heads=12 n_kv_heads=2 head_dim=128 kv_head=1 worker=0 block_r=0 block_c=0 t0_us=2283943067173 t1_us=2283943067335 dur_us=162
FIG8_ATTENTION_EVENT mode=scna-int8 phase=measure iteration=13 component=qk_dot component_id=4 lut_exp=0 qo_len=32 kv_len=4096 n_heads=12 n_kv_heads=2 head_dim=128 kv_head=1 worker=0 block_r=0 block_c=0 t0_us=2283943067336 t1_us=2283943067348 dur_us=12
FIG8_ATTENTION_EVENT mode=scna-int8 phase=measure iteration=13 component=safe_sm component_id=5 lut_exp=0 qo_len=32 kv_len=4096 n_heads=12 n_kv_heads=2 head_dim=128 kv_head=1 worker=0 block_r=0 block_c=0 t0_us=2283943067349 t1_us=2283943103675 dur_us=36326
FIG8_ATTENTION_EVENT mode=scna-int8 phase=measure iteration=13 component=v_load component_id=3 lut_exp=0 qo_len=32 kv_len=4096 n_heads=12 n_kv_heads=2 head_dim=128 kv_head=1 worker=0 block_r=0 block_c=0 t0_us=2283943103676 t1_us=2283943103822 dur_us=146
FIG8_ATTENTION_EVENT mode=scna-int8 phase=measure iteration=13 component=core_acc component_id=6 lut_exp=0 qo_len=32 kv_len=4096 n_heads=12 n_kv_heads=2 head_dim=128 kv_head=1 worker=0 block_r=0 block_c=0 t0_us=2283943103823 t1_us=2283943103844 dur_us=20
FIG8_ATTENTION_EVENT mode=scna-int8 phase=measure iteration=13 component=o_scale component_id=7 lut_exp=0 qo_len=32 kv_len=4096 n_heads=12 n_kv_heads=2 head_dim=128 kv_head=1 worker=0 block_r=0 block_c=-1 t0_us=2283943103845 t1_us=2283943103846 dur_us=1
FIG8_ATTENTION_EVENT mode=scna-int8 phase=measure iteration=13 component=o_store component_id=8 lut_exp=0 qo_len=32 kv_len=4096 n_heads=12 n_kv_heads=2 head_dim=128 kv_head=1 worker=0 block_r=0 block_c=-1 t0_us=2283943103846 t1_us=2283943103858 dur_us=11
FIG8_ATTENTION_HOST_TIMING mode=scna-int8 qo_len=32 kv_len=4096 n_heads=12 n_kv_heads=2 head_dim=128 phase=measure iteration=14 host_elapsed_us=73700 ret=0
FIG8_ATTENTION_PROFILE_COUNT mode=scna-int8 qo_len=32 phase=measure iteration=14 records=2 max_records=10
FIG8_ATTENTION_TIMERS mode=scna-int8 phase=measure iteration=14 lut_exp=0 nonlinear_mode=2 scna_width=32 scna_exp=36114 qo_len=32 kv_len=4096 n_heads=12 n_kv_heads=2 head_dim=128 kv_head=0 worker=0 profiled_total=36643 q_load=8 k_load=142 v_load=143 qk_dot=12 safe_sm=36304 core_acc=21 o_scale=1 o_store=12
FIG8_ATTENTION_TIMERS mode=scna-int8 phase=measure iteration=14 lut_exp=0 nonlinear_mode=2 scna_width=32 scna_exp=36161 qo_len=32 kv_len=4096 n_heads=12 n_kv_heads=2 head_dim=128 kv_head=1 worker=0 profiled_total=36688 q_load=7 k_load=163 v_load=146 qk_dot=12 safe_sm=36327 core_acc=21 o_scale=1 o_store=11
FIG8_ATTENTION_EVENT_COUNT mode=scna-int8 qo_len=32 phase=measure iteration=14 events=16 max_events=24896 overflow=0
FIG8_ATTENTION_EVENT mode=scna-int8 phase=measure iteration=14 component=q_load component_id=1 lut_exp=0 qo_len=32 kv_len=4096 n_heads=12 n_kv_heads=2 head_dim=128 kv_head=0 worker=0 block_r=0 block_c=-1 t0_us=2283943104582 t1_us=2283943104590 dur_us=8
FIG8_ATTENTION_EVENT mode=scna-int8 phase=measure iteration=14 component=k_load component_id=2 lut_exp=0 qo_len=32 kv_len=4096 n_heads=12 n_kv_heads=2 head_dim=128 kv_head=0 worker=0 block_r=0 block_c=0 t0_us=2283943104592 t1_us=2283943104734 dur_us=142
FIG8_ATTENTION_EVENT mode=scna-int8 phase=measure iteration=14 component=qk_dot component_id=4 lut_exp=0 qo_len=32 kv_len=4096 n_heads=12 n_kv_heads=2 head_dim=128 kv_head=0 worker=0 block_r=0 block_c=0 t0_us=2283943104734 t1_us=2283943104747 dur_us=12
FIG8_ATTENTION_EVENT mode=scna-int8 phase=measure iteration=14 component=safe_sm component_id=5 lut_exp=0 qo_len=32 kv_len=4096 n_heads=12 n_kv_heads=2 head_dim=128 kv_head=0 worker=0 block_r=0 block_c=0 t0_us=2283943104747 t1_us=2283943141052 dur_us=36304
FIG8_ATTENTION_EVENT mode=scna-int8 phase=measure iteration=14 component=v_load component_id=3 lut_exp=0 qo_len=32 kv_len=4096 n_heads=12 n_kv_heads=2 head_dim=128 kv_head=0 worker=0 block_r=0 block_c=0 t0_us=2283943141053 t1_us=2283943141197 dur_us=143
FIG8_ATTENTION_EVENT mode=scna-int8 phase=measure iteration=14 component=core_acc component_id=6 lut_exp=0 qo_len=32 kv_len=4096 n_heads=12 n_kv_heads=2 head_dim=128 kv_head=0 worker=0 block_r=0 block_c=0 t0_us=2283943141197 t1_us=2283943141218 dur_us=21
FIG8_ATTENTION_EVENT mode=scna-int8 phase=measure iteration=14 component=o_scale component_id=7 lut_exp=0 qo_len=32 kv_len=4096 n_heads=12 n_kv_heads=2 head_dim=128 kv_head=0 worker=0 block_r=0 block_c=-1 t0_us=2283943141219 t1_us=2283943141221 dur_us=1
FIG8_ATTENTION_EVENT mode=scna-int8 phase=measure iteration=14 component=o_store component_id=8 lut_exp=0 qo_len=32 kv_len=4096 n_heads=12 n_kv_heads=2 head_dim=128 kv_head=0 worker=0 block_r=0 block_c=-1 t0_us=2283943141221 t1_us=2283943141233 dur_us=12
FIG8_ATTENTION_EVENT mode=scna-int8 phase=measure iteration=14 component=q_load component_id=1 lut_exp=0 qo_len=32 kv_len=4096 n_heads=12 n_kv_heads=2 head_dim=128 kv_head=1 worker=0 block_r=0 block_c=-1 t0_us=2283943141277 t1_us=2283943141285 dur_us=7
FIG8_ATTENTION_EVENT mode=scna-int8 phase=measure iteration=14 component=k_load component_id=2 lut_exp=0 qo_len=32 kv_len=4096 n_heads=12 n_kv_heads=2 head_dim=128 kv_head=1 worker=0 block_r=0 block_c=0 t0_us=2283943141288 t1_us=2283943141452 dur_us=163
FIG8_ATTENTION_EVENT mode=scna-int8 phase=measure iteration=14 component=qk_dot component_id=4 lut_exp=0 qo_len=32 kv_len=4096 n_heads=12 n_kv_heads=2 head_dim=128 kv_head=1 worker=0 block_r=0 block_c=0 t0_us=2283943141452 t1_us=2283943141465 dur_us=12
FIG8_ATTENTION_EVENT mode=scna-int8 phase=measure iteration=14 component=safe_sm component_id=5 lut_exp=0 qo_len=32 kv_len=4096 n_heads=12 n_kv_heads=2 head_dim=128 kv_head=1 worker=0 block_r=0 block_c=0 t0_us=2283943141465 t1_us=2283943177793 dur_us=36327
FIG8_ATTENTION_EVENT mode=scna-int8 phase=measure iteration=14 component=v_load component_id=3 lut_exp=0 qo_len=32 kv_len=4096 n_heads=12 n_kv_heads=2 head_dim=128 kv_head=1 worker=0 block_r=0 block_c=0 t0_us=2283943177794 t1_us=2283943177941 dur_us=146
FIG8_ATTENTION_EVENT mode=scna-int8 phase=measure iteration=14 component=core_acc component_id=6 lut_exp=0 qo_len=32 kv_len=4096 n_heads=12 n_kv_heads=2 head_dim=128 kv_head=1 worker=0 block_r=0 block_c=0 t0_us=2283943177941 t1_us=2283943177962 dur_us=21
FIG8_ATTENTION_EVENT mode=scna-int8 phase=measure iteration=14 component=o_scale component_id=7 lut_exp=0 qo_len=32 kv_len=4096 n_heads=12 n_kv_heads=2 head_dim=128 kv_head=1 worker=0 block_r=0 block_c=-1 t0_us=2283943177963 t1_us=2283943177964 dur_us=1
FIG8_ATTENTION_EVENT mode=scna-int8 phase=measure iteration=14 component=o_store component_id=8 lut_exp=0 qo_len=32 kv_len=4096 n_heads=12 n_kv_heads=2 head_dim=128 kv_head=1 worker=0 block_r=0 block_c=-1 t0_us=2283943177964 t1_us=2283943177976 dur_us=11
FIG8_ATTENTION_HOST_TIMING mode=scna-int8 qo_len=32 kv_len=4096 n_heads=12 n_kv_heads=2 head_dim=128 phase=measure iteration=15 host_elapsed_us=73667 ret=0
FIG8_ATTENTION_PROFILE_COUNT mode=scna-int8 qo_len=32 phase=measure iteration=15 records=2 max_records=10
FIG8_ATTENTION_TIMERS mode=scna-int8 phase=measure iteration=15 lut_exp=0 nonlinear_mode=2 scna_width=32 scna_exp=36165 qo_len=32 kv_len=4096 n_heads=12 n_kv_heads=2 head_dim=128 kv_head=0 worker=0 profiled_total=36698 q_load=8 k_load=140 v_load=145 qk_dot=12 safe_sm=36360 core_acc=20 o_scale=2 o_store=11
FIG8_ATTENTION_TIMERS mode=scna-int8 phase=measure iteration=15 lut_exp=0 nonlinear_mode=2 scna_width=32 scna_exp=36149 qo_len=32 kv_len=4096 n_heads=12 n_kv_heads=2 head_dim=128 kv_head=1 worker=0 profiled_total=36675 q_load=8 k_load=166 v_load=145 qk_dot=12 safe_sm=36311 core_acc=21 o_scale=1 o_store=11
FIG8_ATTENTION_EVENT_COUNT mode=scna-int8 qo_len=32 phase=measure iteration=15 events=16 max_events=24896 overflow=0
FIG8_ATTENTION_EVENT mode=scna-int8 phase=measure iteration=15 component=q_load component_id=1 lut_exp=0 qo_len=32 kv_len=4096 n_heads=12 n_kv_heads=2 head_dim=128 kv_head=0 worker=0 block_r=0 block_c=-1 t0_us=2283943179663 t1_us=2283943179672 dur_us=8
FIG8_ATTENTION_EVENT mode=scna-int8 phase=measure iteration=15 component=k_load component_id=2 lut_exp=0 qo_len=32 kv_len=4096 n_heads=12 n_kv_heads=2 head_dim=128 kv_head=0 worker=0 block_r=0 block_c=0 t0_us=2283943179673 t1_us=2283943179814 dur_us=140
FIG8_ATTENTION_EVENT mode=scna-int8 phase=measure iteration=15 component=qk_dot component_id=4 lut_exp=0 qo_len=32 kv_len=4096 n_heads=12 n_kv_heads=2 head_dim=128 kv_head=0 worker=0 block_r=0 block_c=0 t0_us=2283943179815 t1_us=2283943179828 dur_us=12
FIG8_ATTENTION_EVENT mode=scna-int8 phase=measure iteration=15 component=safe_sm component_id=5 lut_exp=0 qo_len=32 kv_len=4096 n_heads=12 n_kv_heads=2 head_dim=128 kv_head=0 worker=0 block_r=0 block_c=0 t0_us=2283943179828 t1_us=2283943216189 dur_us=36360
FIG8_ATTENTION_EVENT mode=scna-int8 phase=measure iteration=15 component=v_load component_id=3 lut_exp=0 qo_len=32 kv_len=4096 n_heads=12 n_kv_heads=2 head_dim=128 kv_head=0 worker=0 block_r=0 block_c=0 t0_us=2283943216190 t1_us=2283943216335 dur_us=145
FIG8_ATTENTION_EVENT mode=scna-int8 phase=measure iteration=15 component=core_acc component_id=6 lut_exp=0 qo_len=32 kv_len=4096 n_heads=12 n_kv_heads=2 head_dim=128 kv_head=0 worker=0 block_r=0 block_c=0 t0_us=2283943216336 t1_us=2283943216356 dur_us=20
FIG8_ATTENTION_EVENT mode=scna-int8 phase=measure iteration=15 component=o_scale component_id=7 lut_exp=0 qo_len=32 kv_len=4096 n_heads=12 n_kv_heads=2 head_dim=128 kv_head=0 worker=0 block_r=0 block_c=-1 t0_us=2283943216356 t1_us=2283943216358 dur_us=2
FIG8_ATTENTION_EVENT mode=scna-int8 phase=measure iteration=15 component=o_store component_id=8 lut_exp=0 qo_len=32 kv_len=4096 n_heads=12 n_kv_heads=2 head_dim=128 kv_head=0 worker=0 block_r=0 block_c=-1 t0_us=2283943216359 t1_us=2283943216370 dur_us=11
FIG8_ATTENTION_EVENT mode=scna-int8 phase=measure iteration=15 component=q_load component_id=1 lut_exp=0 qo_len=32 kv_len=4096 n_heads=12 n_kv_heads=2 head_dim=128 kv_head=1 worker=0 block_r=0 block_c=-1 t0_us=2283943216415 t1_us=2283943216423 dur_us=8
FIG8_ATTENTION_EVENT mode=scna-int8 phase=measure iteration=15 component=k_load component_id=2 lut_exp=0 qo_len=32 kv_len=4096 n_heads=12 n_kv_heads=2 head_dim=128 kv_head=1 worker=0 block_r=0 block_c=0 t0_us=2283943216426 t1_us=2283943216593 dur_us=166
FIG8_ATTENTION_EVENT mode=scna-int8 phase=measure iteration=15 component=qk_dot component_id=4 lut_exp=0 qo_len=32 kv_len=4096 n_heads=12 n_kv_heads=2 head_dim=128 kv_head=1 worker=0 block_r=0 block_c=0 t0_us=2283943216593 t1_us=2283943216605 dur_us=12
FIG8_ATTENTION_EVENT mode=scna-int8 phase=measure iteration=15 component=safe_sm component_id=5 lut_exp=0 qo_len=32 kv_len=4096 n_heads=12 n_kv_heads=2 head_dim=128 kv_head=1 worker=0 block_r=0 block_c=0 t0_us=2283943216606 t1_us=2283943252918 dur_us=36311
FIG8_ATTENTION_EVENT mode=scna-int8 phase=measure iteration=15 component=v_load component_id=3 lut_exp=0 qo_len=32 kv_len=4096 n_heads=12 n_kv_heads=2 head_dim=128 kv_head=1 worker=0 block_r=0 block_c=0 t0_us=2283943252919 t1_us=2283943253065 dur_us=145
FIG8_ATTENTION_EVENT mode=scna-int8 phase=measure iteration=15 component=core_acc component_id=6 lut_exp=0 qo_len=32 kv_len=4096 n_heads=12 n_kv_heads=2 head_dim=128 kv_head=1 worker=0 block_r=0 block_c=0 t0_us=2283943253065 t1_us=2283943253086 dur_us=21
FIG8_ATTENTION_EVENT mode=scna-int8 phase=measure iteration=15 component=o_scale component_id=7 lut_exp=0 qo_len=32 kv_len=4096 n_heads=12 n_kv_heads=2 head_dim=128 kv_head=1 worker=0 block_r=0 block_c=-1 t0_us=2283943253087 t1_us=2283943253088 dur_us=1
FIG8_ATTENTION_EVENT mode=scna-int8 phase=measure iteration=15 component=o_store component_id=8 lut_exp=0 qo_len=32 kv_len=4096 n_heads=12 n_kv_heads=2 head_dim=128 kv_head=1 worker=0 block_r=0 block_c=-1 t0_us=2283943253088 t1_us=2283943253100 dur_us=11
FIG8_ATTENTION_HOST_TIMING mode=scna-int8 qo_len=32 kv_len=4096 n_heads=12 n_kv_heads=2 head_dim=128 phase=measure iteration=16 host_elapsed_us=73649 ret=0
FIG8_ATTENTION_PROFILE_COUNT mode=scna-int8 qo_len=32 phase=measure iteration=16 records=2 max_records=10
FIG8_ATTENTION_TIMERS mode=scna-int8 phase=measure iteration=16 lut_exp=0 nonlinear_mode=2 scna_width=32 scna_exp=36148 qo_len=32 kv_len=4096 n_heads=12 n_kv_heads=2 head_dim=128 kv_head=0 worker=0 profiled_total=36680 q_load=8 k_load=143 v_load=144 qk_dot=12 safe_sm=36340 core_acc=20 o_scale=2 o_store=11
FIG8_ATTENTION_TIMERS mode=scna-int8 phase=measure iteration=16 lut_exp=0 nonlinear_mode=2 scna_width=32 scna_exp=36078 qo_len=32 kv_len=4096 n_heads=12 n_kv_heads=2 head_dim=128 kv_head=1 worker=0 profiled_total=36605 q_load=8 k_load=164 v_load=146 qk_dot=12 safe_sm=36243 core_acc=20 o_scale=1 o_store=11
FIG8_ATTENTION_EVENT_COUNT mode=scna-int8 qo_len=32 phase=measure iteration=16 events=16 max_events=24896 overflow=0
FIG8_ATTENTION_EVENT mode=scna-int8 phase=measure iteration=16 component=q_load component_id=1 lut_exp=0 qo_len=32 kv_len=4096 n_heads=12 n_kv_heads=2 head_dim=128 kv_head=0 worker=0 block_r=0 block_c=-1 t0_us=2283943254584 t1_us=2283943254592 dur_us=8
FIG8_ATTENTION_EVENT mode=scna-int8 phase=measure iteration=16 component=k_load component_id=2 lut_exp=0 qo_len=32 kv_len=4096 n_heads=12 n_kv_heads=2 head_dim=128 kv_head=0 worker=0 block_r=0 block_c=0 t0_us=2283943254594 t1_us=2283943254738 dur_us=143
FIG8_ATTENTION_EVENT mode=scna-int8 phase=measure iteration=16 component=qk_dot component_id=4 lut_exp=0 qo_len=32 kv_len=4096 n_heads=12 n_kv_heads=2 head_dim=128 kv_head=0 worker=0 block_r=0 block_c=0 t0_us=2283943254738 t1_us=2283943254751 dur_us=12
FIG8_ATTENTION_EVENT mode=scna-int8 phase=measure iteration=16 component=safe_sm component_id=5 lut_exp=0 qo_len=32 kv_len=4096 n_heads=12 n_kv_heads=2 head_dim=128 kv_head=0 worker=0 block_r=0 block_c=0 t0_us=2283943254751 t1_us=2283943291092 dur_us=36340
FIG8_ATTENTION_EVENT mode=scna-int8 phase=measure iteration=16 component=v_load component_id=3 lut_exp=0 qo_len=32 kv_len=4096 n_heads=12 n_kv_heads=2 head_dim=128 kv_head=0 worker=0 block_r=0 block_c=0 t0_us=2283943291092 t1_us=2283943291237 dur_us=144
FIG8_ATTENTION_EVENT mode=scna-int8 phase=measure iteration=16 component=core_acc component_id=6 lut_exp=0 qo_len=32 kv_len=4096 n_heads=12 n_kv_heads=2 head_dim=128 kv_head=0 worker=0 block_r=0 block_c=0 t0_us=2283943291237 t1_us=2283943291258 dur_us=20
FIG8_ATTENTION_EVENT mode=scna-int8 phase=measure iteration=16 component=o_scale component_id=7 lut_exp=0 qo_len=32 kv_len=4096 n_heads=12 n_kv_heads=2 head_dim=128 kv_head=0 worker=0 block_r=0 block_c=-1 t0_us=2283943291258 t1_us=2283943291260 dur_us=2
FIG8_ATTENTION_EVENT mode=scna-int8 phase=measure iteration=16 component=o_store component_id=8 lut_exp=0 qo_len=32 kv_len=4096 n_heads=12 n_kv_heads=2 head_dim=128 kv_head=0 worker=0 block_r=0 block_c=-1 t0_us=2283943291260 t1_us=2283943291272 dur_us=11
FIG8_ATTENTION_EVENT mode=scna-int8 phase=measure iteration=16 component=q_load component_id=1 lut_exp=0 qo_len=32 kv_len=4096 n_heads=12 n_kv_heads=2 head_dim=128 kv_head=1 worker=0 block_r=0 block_c=-1 t0_us=2283943291316 t1_us=2283943291324 dur_us=8
FIG8_ATTENTION_EVENT mode=scna-int8 phase=measure iteration=16 component=k_load component_id=2 lut_exp=0 qo_len=32 kv_len=4096 n_heads=12 n_kv_heads=2 head_dim=128 kv_head=1 worker=0 block_r=0 block_c=0 t0_us=2283943291327 t1_us=2283943291491 dur_us=164
FIG8_ATTENTION_EVENT mode=scna-int8 phase=measure iteration=16 component=qk_dot component_id=4 lut_exp=0 qo_len=32 kv_len=4096 n_heads=12 n_kv_heads=2 head_dim=128 kv_head=1 worker=0 block_r=0 block_c=0 t0_us=2283943291492 t1_us=2283943291504 dur_us=12
FIG8_ATTENTION_EVENT mode=scna-int8 phase=measure iteration=16 component=safe_sm component_id=5 lut_exp=0 qo_len=32 kv_len=4096 n_heads=12 n_kv_heads=2 head_dim=128 kv_head=1 worker=0 block_r=0 block_c=0 t0_us=2283943291505 t1_us=2283943327748 dur_us=36243
FIG8_ATTENTION_EVENT mode=scna-int8 phase=measure iteration=16 component=v_load component_id=3 lut_exp=0 qo_len=32 kv_len=4096 n_heads=12 n_kv_heads=2 head_dim=128 kv_head=1 worker=0 block_r=0 block_c=0 t0_us=2283943327749 t1_us=2283943327896 dur_us=146
FIG8_ATTENTION_EVENT mode=scna-int8 phase=measure iteration=16 component=core_acc component_id=6 lut_exp=0 qo_len=32 kv_len=4096 n_heads=12 n_kv_heads=2 head_dim=128 kv_head=1 worker=0 block_r=0 block_c=0 t0_us=2283943327896 t1_us=2283943327917 dur_us=20
FIG8_ATTENTION_EVENT mode=scna-int8 phase=measure iteration=16 component=o_scale component_id=7 lut_exp=0 qo_len=32 kv_len=4096 n_heads=12 n_kv_heads=2 head_dim=128 kv_head=1 worker=0 block_r=0 block_c=-1 t0_us=2283943327918 t1_us=2283943327919 dur_us=1
FIG8_ATTENTION_EVENT mode=scna-int8 phase=measure iteration=16 component=o_store component_id=8 lut_exp=0 qo_len=32 kv_len=4096 n_heads=12 n_kv_heads=2 head_dim=128 kv_head=1 worker=0 block_r=0 block_c=-1 t0_us=2283943327919 t1_us=2283943327931 dur_us=11
FIG8_ATTENTION_HOST_TIMING mode=scna-int8 qo_len=32 kv_len=4096 n_heads=12 n_kv_heads=2 head_dim=128 phase=measure iteration=17 host_elapsed_us=73659 ret=0
FIG8_ATTENTION_PROFILE_COUNT mode=scna-int8 qo_len=32 phase=measure iteration=17 records=2 max_records=10
FIG8_ATTENTION_TIMERS mode=scna-int8 phase=measure iteration=17 lut_exp=0 nonlinear_mode=2 scna_width=32 scna_exp=36146 qo_len=32 kv_len=4096 n_heads=12 n_kv_heads=2 head_dim=128 kv_head=0 worker=0 profiled_total=36684 q_load=8 k_load=146 v_load=146 qk_dot=12 safe_sm=36339 core_acc=20 o_scale=2 o_store=11
FIG8_ATTENTION_TIMERS mode=scna-int8 phase=measure iteration=17 lut_exp=0 nonlinear_mode=2 scna_width=32 scna_exp=36118 qo_len=32 kv_len=4096 n_heads=12 n_kv_heads=2 head_dim=128 kv_head=1 worker=0 profiled_total=36645 q_load=8 k_load=165 v_load=145 qk_dot=13 safe_sm=36281 core_acc=21 o_scale=1 o_store=11
FIG8_ATTENTION_EVENT_COUNT mode=scna-int8 qo_len=32 phase=measure iteration=17 events=16 max_events=24896 overflow=0
FIG8_ATTENTION_EVENT mode=scna-int8 phase=measure iteration=17 component=q_load component_id=1 lut_exp=0 qo_len=32 kv_len=4096 n_heads=12 n_kv_heads=2 head_dim=128 kv_head=0 worker=0 block_r=0 block_c=-1 t0_us=2283943328721 t1_us=2283943328730 dur_us=8
FIG8_ATTENTION_EVENT mode=scna-int8 phase=measure iteration=17 component=k_load component_id=2 lut_exp=0 qo_len=32 kv_len=4096 n_heads=12 n_kv_heads=2 head_dim=128 kv_head=0 worker=0 block_r=0 block_c=0 t0_us=2283943328731 t1_us=2283943328878 dur_us=146
FIG8_ATTENTION_EVENT mode=scna-int8 phase=measure iteration=17 component=qk_dot component_id=4 lut_exp=0 qo_len=32 kv_len=4096 n_heads=12 n_kv_heads=2 head_dim=128 kv_head=0 worker=0 block_r=0 block_c=0 t0_us=2283943328879 t1_us=2283943328891 dur_us=12
FIG8_ATTENTION_EVENT mode=scna-int8 phase=measure iteration=17 component=safe_sm component_id=5 lut_exp=0 qo_len=32 kv_len=4096 n_heads=12 n_kv_heads=2 head_dim=128 kv_head=0 worker=0 block_r=0 block_c=0 t0_us=2283943328891 t1_us=2283943365230 dur_us=36339
FIG8_ATTENTION_EVENT mode=scna-int8 phase=measure iteration=17 component=v_load component_id=3 lut_exp=0 qo_len=32 kv_len=4096 n_heads=12 n_kv_heads=2 head_dim=128 kv_head=0 worker=0 block_r=0 block_c=0 t0_us=2283943365231 t1_us=2283943365378 dur_us=146
FIG8_ATTENTION_EVENT mode=scna-int8 phase=measure iteration=17 component=core_acc component_id=6 lut_exp=0 qo_len=32 kv_len=4096 n_heads=12 n_kv_heads=2 head_dim=128 kv_head=0 worker=0 block_r=0 block_c=0 t0_us=2283943365378 t1_us=2283943365398 dur_us=20
FIG8_ATTENTION_EVENT mode=scna-int8 phase=measure iteration=17 component=o_scale component_id=7 lut_exp=0 qo_len=32 kv_len=4096 n_heads=12 n_kv_heads=2 head_dim=128 kv_head=0 worker=0 block_r=0 block_c=-1 t0_us=2283943365399 t1_us=2283943365401 dur_us=2
FIG8_ATTENTION_EVENT mode=scna-int8 phase=measure iteration=17 component=o_store component_id=8 lut_exp=0 qo_len=32 kv_len=4096 n_heads=12 n_kv_heads=2 head_dim=128 kv_head=0 worker=0 block_r=0 block_c=-1 t0_us=2283943365401 t1_us=2283943365413 dur_us=11
FIG8_ATTENTION_EVENT mode=scna-int8 phase=measure iteration=17 component=q_load component_id=1 lut_exp=0 qo_len=32 kv_len=4096 n_heads=12 n_kv_heads=2 head_dim=128 kv_head=1 worker=0 block_r=0 block_c=-1 t0_us=2283943365459 t1_us=2283943365468 dur_us=8
FIG8_ATTENTION_EVENT mode=scna-int8 phase=measure iteration=17 component=k_load component_id=2 lut_exp=0 qo_len=32 kv_len=4096 n_heads=12 n_kv_heads=2 head_dim=128 kv_head=1 worker=0 block_r=0 block_c=0 t0_us=2283943365470 t1_us=2283943365636 dur_us=165
FIG8_ATTENTION_EVENT mode=scna-int8 phase=measure iteration=17 component=qk_dot component_id=4 lut_exp=0 qo_len=32 kv_len=4096 n_heads=12 n_kv_heads=2 head_dim=128 kv_head=1 worker=0 block_r=0 block_c=0 t0_us=2283943365636 t1_us=2283943365650 dur_us=13
FIG8_ATTENTION_EVENT mode=scna-int8 phase=measure iteration=17 component=safe_sm component_id=5 lut_exp=0 qo_len=32 kv_len=4096 n_heads=12 n_kv_heads=2 head_dim=128 kv_head=1 worker=0 block_r=0 block_c=0 t0_us=2283943365650 t1_us=2283943401931 dur_us=36281
FIG8_ATTENTION_EVENT mode=scna-int8 phase=measure iteration=17 component=v_load component_id=3 lut_exp=0 qo_len=32 kv_len=4096 n_heads=12 n_kv_heads=2 head_dim=128 kv_head=1 worker=0 block_r=0 block_c=0 t0_us=2283943401932 t1_us=2283943402078 dur_us=145
FIG8_ATTENTION_EVENT mode=scna-int8 phase=measure iteration=17 component=core_acc component_id=6 lut_exp=0 qo_len=32 kv_len=4096 n_heads=12 n_kv_heads=2 head_dim=128 kv_head=1 worker=0 block_r=0 block_c=0 t0_us=2283943402078 t1_us=2283943402100 dur_us=21
FIG8_ATTENTION_EVENT mode=scna-int8 phase=measure iteration=17 component=o_scale component_id=7 lut_exp=0 qo_len=32 kv_len=4096 n_heads=12 n_kv_heads=2 head_dim=128 kv_head=1 worker=0 block_r=0 block_c=-1 t0_us=2283943402101 t1_us=2283943402102 dur_us=1
FIG8_ATTENTION_EVENT mode=scna-int8 phase=measure iteration=17 component=o_store component_id=8 lut_exp=0 qo_len=32 kv_len=4096 n_heads=12 n_kv_heads=2 head_dim=128 kv_head=1 worker=0 block_r=0 block_c=-1 t0_us=2283943402102 t1_us=2283943402114 dur_us=11
FIG8_ATTENTION_HOST_TIMING mode=scna-int8 qo_len=32 kv_len=4096 n_heads=12 n_kv_heads=2 head_dim=128 phase=measure iteration=18 host_elapsed_us=73632 ret=0
FIG8_ATTENTION_PROFILE_COUNT mode=scna-int8 qo_len=32 phase=measure iteration=18 records=2 max_records=10
FIG8_ATTENTION_TIMERS mode=scna-int8 phase=measure iteration=18 lut_exp=0 nonlinear_mode=2 scna_width=32 scna_exp=36139 qo_len=32 kv_len=4096 n_heads=12 n_kv_heads=2 head_dim=128 kv_head=0 worker=0 profiled_total=36672 q_load=8 k_load=142 v_load=146 qk_dot=12 safe_sm=36331 core_acc=20 o_scale=2 o_store=11
FIG8_ATTENTION_TIMERS mode=scna-int8 phase=measure iteration=18 lut_exp=0 nonlinear_mode=2 scna_width=32 scna_exp=36153 qo_len=32 kv_len=4096 n_heads=12 n_kv_heads=2 head_dim=128 kv_head=1 worker=0 profiled_total=36679 q_load=7 k_load=166 v_load=144 qk_dot=13 safe_sm=36317 core_acc=20 o_scale=1 o_store=11
FIG8_ATTENTION_EVENT_COUNT mode=scna-int8 qo_len=32 phase=measure iteration=18 events=16 max_events=24896 overflow=0
FIG8_ATTENTION_EVENT mode=scna-int8 phase=measure iteration=18 component=q_load component_id=1 lut_exp=0 qo_len=32 kv_len=4096 n_heads=12 n_kv_heads=2 head_dim=128 kv_head=0 worker=0 block_r=0 block_c=-1 t0_us=2283943403954 t1_us=2283943403962 dur_us=8
FIG8_ATTENTION_EVENT mode=scna-int8 phase=measure iteration=18 component=k_load component_id=2 lut_exp=0 qo_len=32 kv_len=4096 n_heads=12 n_kv_heads=2 head_dim=128 kv_head=0 worker=0 block_r=0 block_c=0 t0_us=2283943403964 t1_us=2283943404107 dur_us=142
FIG8_ATTENTION_EVENT mode=scna-int8 phase=measure iteration=18 component=qk_dot component_id=4 lut_exp=0 qo_len=32 kv_len=4096 n_heads=12 n_kv_heads=2 head_dim=128 kv_head=0 worker=0 block_r=0 block_c=0 t0_us=2283943404107 t1_us=2283943404119 dur_us=12
FIG8_ATTENTION_EVENT mode=scna-int8 phase=measure iteration=18 component=safe_sm component_id=5 lut_exp=0 qo_len=32 kv_len=4096 n_heads=12 n_kv_heads=2 head_dim=128 kv_head=0 worker=0 block_r=0 block_c=0 t0_us=2283943404120 t1_us=2283943440451 dur_us=36331
FIG8_ATTENTION_EVENT mode=scna-int8 phase=measure iteration=18 component=v_load component_id=3 lut_exp=0 qo_len=32 kv_len=4096 n_heads=12 n_kv_heads=2 head_dim=128 kv_head=0 worker=0 block_r=0 block_c=0 t0_us=2283943440452 t1_us=2283943440599 dur_us=146
FIG8_ATTENTION_EVENT mode=scna-int8 phase=measure iteration=18 component=core_acc component_id=6 lut_exp=0 qo_len=32 kv_len=4096 n_heads=12 n_kv_heads=2 head_dim=128 kv_head=0 worker=0 block_r=0 block_c=0 t0_us=2283943440599 t1_us=2283943440620 dur_us=20
FIG8_ATTENTION_EVENT mode=scna-int8 phase=measure iteration=18 component=o_scale component_id=7 lut_exp=0 qo_len=32 kv_len=4096 n_heads=12 n_kv_heads=2 head_dim=128 kv_head=0 worker=0 block_r=0 block_c=-1 t0_us=2283943440620 t1_us=2283943440622 dur_us=2
FIG8_ATTENTION_EVENT mode=scna-int8 phase=measure iteration=18 component=o_store component_id=8 lut_exp=0 qo_len=32 kv_len=4096 n_heads=12 n_kv_heads=2 head_dim=128 kv_head=0 worker=0 block_r=0 block_c=-1 t0_us=2283943440623 t1_us=2283943440634 dur_us=11
FIG8_ATTENTION_EVENT mode=scna-int8 phase=measure iteration=18 component=q_load component_id=1 lut_exp=0 qo_len=32 kv_len=4096 n_heads=12 n_kv_heads=2 head_dim=128 kv_head=1 worker=0 block_r=0 block_c=-1 t0_us=2283943440677 t1_us=2283943440685 dur_us=7
FIG8_ATTENTION_EVENT mode=scna-int8 phase=measure iteration=18 component=k_load component_id=2 lut_exp=0 qo_len=32 kv_len=4096 n_heads=12 n_kv_heads=2 head_dim=128 kv_head=1 worker=0 block_r=0 block_c=0 t0_us=2283943440688 t1_us=2283943440854 dur_us=166
FIG8_ATTENTION_EVENT mode=scna-int8 phase=measure iteration=18 component=qk_dot component_id=4 lut_exp=0 qo_len=32 kv_len=4096 n_heads=12 n_kv_heads=2 head_dim=128 kv_head=1 worker=0 block_r=0 block_c=0 t0_us=2283943440855 t1_us=2283943440868 dur_us=13
FIG8_ATTENTION_EVENT mode=scna-int8 phase=measure iteration=18 component=safe_sm component_id=5 lut_exp=0 qo_len=32 kv_len=4096 n_heads=12 n_kv_heads=2 head_dim=128 kv_head=1 worker=0 block_r=0 block_c=0 t0_us=2283943440868 t1_us=2283943477186 dur_us=36317
FIG8_ATTENTION_EVENT mode=scna-int8 phase=measure iteration=18 component=v_load component_id=3 lut_exp=0 qo_len=32 kv_len=4096 n_heads=12 n_kv_heads=2 head_dim=128 kv_head=1 worker=0 block_r=0 block_c=0 t0_us=2283943477187 t1_us=2283943477331 dur_us=144
FIG8_ATTENTION_EVENT mode=scna-int8 phase=measure iteration=18 component=core_acc component_id=6 lut_exp=0 qo_len=32 kv_len=4096 n_heads=12 n_kv_heads=2 head_dim=128 kv_head=1 worker=0 block_r=0 block_c=0 t0_us=2283943477331 t1_us=2283943477352 dur_us=20
FIG8_ATTENTION_EVENT mode=scna-int8 phase=measure iteration=18 component=o_scale component_id=7 lut_exp=0 qo_len=32 kv_len=4096 n_heads=12 n_kv_heads=2 head_dim=128 kv_head=1 worker=0 block_r=0 block_c=-1 t0_us=2283943477353 t1_us=2283943477354 dur_us=1
FIG8_ATTENTION_EVENT mode=scna-int8 phase=measure iteration=18 component=o_store component_id=8 lut_exp=0 qo_len=32 kv_len=4096 n_heads=12 n_kv_heads=2 head_dim=128 kv_head=1 worker=0 block_r=0 block_c=-1 t0_us=2283943477354 t1_us=2283943477366 dur_us=11
FIG8_ATTENTION_HOST_TIMING mode=scna-int8 qo_len=32 kv_len=4096 n_heads=12 n_kv_heads=2 head_dim=128 phase=measure iteration=19 host_elapsed_us=73663 ret=0
FIG8_ATTENTION_PROFILE_COUNT mode=scna-int8 qo_len=32 phase=measure iteration=19 records=2 max_records=10
FIG8_ATTENTION_TIMERS mode=scna-int8 phase=measure iteration=19 lut_exp=0 nonlinear_mode=2 scna_width=32 scna_exp=36135 qo_len=32 kv_len=4096 n_heads=12 n_kv_heads=2 head_dim=128 kv_head=0 worker=0 profiled_total=36664 q_load=8 k_load=140 v_load=145 qk_dot=12 safe_sm=36326 core_acc=20 o_scale=2 o_store=11
FIG8_ATTENTION_TIMERS mode=scna-int8 phase=measure iteration=19 lut_exp=0 nonlinear_mode=2 scna_width=32 scna_exp=36098 qo_len=32 kv_len=4096 n_heads=12 n_kv_heads=2 head_dim=128 kv_head=1 worker=0 profiled_total=36623 q_load=7 k_load=165 v_load=144 qk_dot=13 safe_sm=36262 core_acc=20 o_scale=1 o_store=11
FIG8_ATTENTION_EVENT_COUNT mode=scna-int8 qo_len=32 phase=measure iteration=19 events=16 max_events=24896 overflow=0
FIG8_ATTENTION_EVENT mode=scna-int8 phase=measure iteration=19 component=q_load component_id=1 lut_exp=0 qo_len=32 kv_len=4096 n_heads=12 n_kv_heads=2 head_dim=128 kv_head=0 worker=0 block_r=0 block_c=-1 t0_us=2283943478091 t1_us=2283943478099 dur_us=8
FIG8_ATTENTION_EVENT mode=scna-int8 phase=measure iteration=19 component=k_load component_id=2 lut_exp=0 qo_len=32 kv_len=4096 n_heads=12 n_kv_heads=2 head_dim=128 kv_head=0 worker=0 block_r=0 block_c=0 t0_us=2283943478101 t1_us=2283943478242 dur_us=140
FIG8_ATTENTION_EVENT mode=scna-int8 phase=measure iteration=19 component=qk_dot component_id=4 lut_exp=0 qo_len=32 kv_len=4096 n_heads=12 n_kv_heads=2 head_dim=128 kv_head=0 worker=0 block_r=0 block_c=0 t0_us=2283943478242 t1_us=2283943478255 dur_us=12
FIG8_ATTENTION_EVENT mode=scna-int8 phase=measure iteration=19 component=safe_sm component_id=5 lut_exp=0 qo_len=32 kv_len=4096 n_heads=12 n_kv_heads=2 head_dim=128 kv_head=0 worker=0 block_r=0 block_c=0 t0_us=2283943478255 t1_us=2283943514582 dur_us=36326
FIG8_ATTENTION_EVENT mode=scna-int8 phase=measure iteration=19 component=v_load component_id=3 lut_exp=0 qo_len=32 kv_len=4096 n_heads=12 n_kv_heads=2 head_dim=128 kv_head=0 worker=0 block_r=0 block_c=0 t0_us=2283943514583 t1_us=2283943514728 dur_us=145
FIG8_ATTENTION_EVENT mode=scna-int8 phase=measure iteration=19 component=core_acc component_id=6 lut_exp=0 qo_len=32 kv_len=4096 n_heads=12 n_kv_heads=2 head_dim=128 kv_head=0 worker=0 block_r=0 block_c=0 t0_us=2283943514729 t1_us=2283943514749 dur_us=20
FIG8_ATTENTION_EVENT mode=scna-int8 phase=measure iteration=19 component=o_scale component_id=7 lut_exp=0 qo_len=32 kv_len=4096 n_heads=12 n_kv_heads=2 head_dim=128 kv_head=0 worker=0 block_r=0 block_c=-1 t0_us=2283943514750 t1_us=2283943514752 dur_us=2
FIG8_ATTENTION_EVENT mode=scna-int8 phase=measure iteration=19 component=o_store component_id=8 lut_exp=0 qo_len=32 kv_len=4096 n_heads=12 n_kv_heads=2 head_dim=128 kv_head=0 worker=0 block_r=0 block_c=-1 t0_us=2283943514753 t1_us=2283943514764 dur_us=11
FIG8_ATTENTION_EVENT mode=scna-int8 phase=measure iteration=19 component=q_load component_id=1 lut_exp=0 qo_len=32 kv_len=4096 n_heads=12 n_kv_heads=2 head_dim=128 kv_head=1 worker=0 block_r=0 block_c=-1 t0_us=2283943514807 t1_us=2283943514815 dur_us=7
FIG8_ATTENTION_EVENT mode=scna-int8 phase=measure iteration=19 component=k_load component_id=2 lut_exp=0 qo_len=32 kv_len=4096 n_heads=12 n_kv_heads=2 head_dim=128 kv_head=1 worker=0 block_r=0 block_c=0 t0_us=2283943514818 t1_us=2283943514984 dur_us=165
FIG8_ATTENTION_EVENT mode=scna-int8 phase=measure iteration=19 component=qk_dot component_id=4 lut_exp=0 qo_len=32 kv_len=4096 n_heads=12 n_kv_heads=2 head_dim=128 kv_head=1 worker=0 block_r=0 block_c=0 t0_us=2283943514984 t1_us=2283943514997 dur_us=13
FIG8_ATTENTION_EVENT mode=scna-int8 phase=measure iteration=19 component=safe_sm component_id=5 lut_exp=0 qo_len=32 kv_len=4096 n_heads=12 n_kv_heads=2 head_dim=128 kv_head=1 worker=0 block_r=0 block_c=0 t0_us=2283943514998 t1_us=2283943551260 dur_us=36262
FIG8_ATTENTION_EVENT mode=scna-int8 phase=measure iteration=19 component=v_load component_id=3 lut_exp=0 qo_len=32 kv_len=4096 n_heads=12 n_kv_heads=2 head_dim=128 kv_head=1 worker=0 block_r=0 block_c=0 t0_us=2283943551261 t1_us=2283943551405 dur_us=144
FIG8_ATTENTION_EVENT mode=scna-int8 phase=measure iteration=19 component=core_acc component_id=6 lut_exp=0 qo_len=32 kv_len=4096 n_heads=12 n_kv_heads=2 head_dim=128 kv_head=1 worker=0 block_r=0 block_c=0 t0_us=2283943551406 t1_us=2283943551426 dur_us=20
FIG8_ATTENTION_EVENT mode=scna-int8 phase=measure iteration=19 component=o_scale component_id=7 lut_exp=0 qo_len=32 kv_len=4096 n_heads=12 n_kv_heads=2 head_dim=128 kv_head=1 worker=0 block_r=0 block_c=-1 t0_us=2283943551427 t1_us=2283943551428 dur_us=1
FIG8_ATTENTION_EVENT mode=scna-int8 phase=measure iteration=19 component=o_store component_id=8 lut_exp=0 qo_len=32 kv_len=4096 n_heads=12 n_kv_heads=2 head_dim=128 kv_head=1 worker=0 block_r=0 block_c=-1 t0_us=2283943551428 t1_us=2283943551440 dur_us=11
