alloc_shared_mem_buf: buf=0x76ef62f000 fd=12 size=49152 flags=FASTRPC_MAP_FD
alloc_shared_mem_buf: buf=0x7457e00000 fd=13 size=2097152 flags=FASTRPC_MAP_FD
alloc_shared_mem_buf: buf=0x7457c00000 fd=14 size=2097152 flags=FASTRPC_MAP_FD
alloc_shared_mem_buf: buf=0x76ef623000 fd=15 size=49152 flags=FASTRPC_MAP_FD
alloc_shared_mem_buf: buf=0x76ef610000 fd=16 size=65536 flags=FASTRPC_MAP_FD
alloc_shared_mem_buf: buf=0x7458040000 fd=17 size=456320 flags=FASTRPC_MAP_FD
alloc_shared_mem_buf: buf=0x76ef943000 fd=18 size=4096 flags=FASTRPC_MAP_FD
No-op channel request completed
FIG8_ATTENTION_CONFIG mode=scna-int8 mask_mode=full qo_len=8 kv_len=4096 n_heads=12 n_kv_heads=2 head_dim=128 warmup=5 iters=20 scna_width=8 q_size=49152 kv_size=2097152 mask_size=65536 profile_size=456320 profile_max_records=10 profile_max_events=6320 mode_flags=24 print_events=1
FIG8_ATTENTION_HOST_TIMING mode=scna-int8 qo_len=8 kv_len=4096 n_heads=12 n_kv_heads=2 head_dim=128 phase=warmup iteration=0 host_elapsed_us=5442 ret=0
FIG8_ATTENTION_PROFILE_COUNT mode=scna-int8 qo_len=8 phase=warmup iteration=0 records=2 max_records=10
FIG8_ATTENTION_TIMERS mode=scna-int8 phase=warmup iteration=0 lut_exp=0 nonlinear_mode=2 scna_width=8 scna_exp=2255 qo_len=8 kv_len=4096 n_heads=12 n_kv_heads=2 head_dim=128 kv_head=0 worker=0 profiled_total=2565 q_load=3 k_load=72 v_load=163 qk_dot=4 safe_sm=2312 core_acc=4 o_scale=1 o_store=6
FIG8_ATTENTION_TIMERS mode=scna-int8 phase=warmup iteration=0 lut_exp=0 nonlinear_mode=2 scna_width=8 scna_exp=2255 qo_len=8 kv_len=4096 n_heads=12 n_kv_heads=2 head_dim=128 kv_head=1 worker=0 profiled_total=2547 q_load=2 k_load=75 v_load=153 qk_dot=5 safe_sm=2304 core_acc=4 o_scale=1 o_store=3
FIG8_ATTENTION_EVENT_COUNT mode=scna-int8 qo_len=8 phase=warmup iteration=0 events=16 max_events=6320 overflow=0
FIG8_ATTENTION_EVENT mode=scna-int8 phase=warmup iteration=0 component=q_load component_id=1 lut_exp=0 qo_len=8 kv_len=4096 n_heads=12 n_kv_heads=2 head_dim=128 kv_head=0 worker=0 block_r=0 block_c=-1 t0_us=2283935447410 t1_us=2283935447413 dur_us=3
FIG8_ATTENTION_EVENT mode=scna-int8 phase=warmup iteration=0 component=k_load component_id=2 lut_exp=0 qo_len=8 kv_len=4096 n_heads=12 n_kv_heads=2 head_dim=128 kv_head=0 worker=0 block_r=0 block_c=0 t0_us=2283935447414 t1_us=2283935447487 dur_us=72
FIG8_ATTENTION_EVENT mode=scna-int8 phase=warmup iteration=0 component=qk_dot component_id=4 lut_exp=0 qo_len=8 kv_len=4096 n_heads=12 n_kv_heads=2 head_dim=128 kv_head=0 worker=0 block_r=0 block_c=0 t0_us=2283935447487 t1_us=2283935447492 dur_us=4
FIG8_ATTENTION_EVENT mode=scna-int8 phase=warmup iteration=0 component=safe_sm component_id=5 lut_exp=0 qo_len=8 kv_len=4096 n_heads=12 n_kv_heads=2 head_dim=128 kv_head=0 worker=0 block_r=0 block_c=0 t0_us=2283935447492 t1_us=2283935449805 dur_us=2312
FIG8_ATTENTION_EVENT mode=scna-int8 phase=warmup iteration=0 component=v_load component_id=3 lut_exp=0 qo_len=8 kv_len=4096 n_heads=12 n_kv_heads=2 head_dim=128 kv_head=0 worker=0 block_r=0 block_c=0 t0_us=2283935449806 t1_us=2283935449969 dur_us=163
FIG8_ATTENTION_EVENT mode=scna-int8 phase=warmup iteration=0 component=core_acc component_id=6 lut_exp=0 qo_len=8 kv_len=4096 n_heads=12 n_kv_heads=2 head_dim=128 kv_head=0 worker=0 block_r=0 block_c=0 t0_us=2283935449970 t1_us=2283935449975 dur_us=4
FIG8_ATTENTION_EVENT mode=scna-int8 phase=warmup iteration=0 component=o_scale component_id=7 lut_exp=0 qo_len=8 kv_len=4096 n_heads=12 n_kv_heads=2 head_dim=128 kv_head=0 worker=0 block_r=0 block_c=-1 t0_us=2283935449976 t1_us=2283935449978 dur_us=1
FIG8_ATTENTION_EVENT mode=scna-int8 phase=warmup iteration=0 component=o_store component_id=8 lut_exp=0 qo_len=8 kv_len=4096 n_heads=12 n_kv_heads=2 head_dim=128 kv_head=0 worker=0 block_r=0 block_c=-1 t0_us=2283935449978 t1_us=2283935449984 dur_us=6
FIG8_ATTENTION_EVENT mode=scna-int8 phase=warmup iteration=0 component=q_load component_id=1 lut_exp=0 qo_len=8 kv_len=4096 n_heads=12 n_kv_heads=2 head_dim=128 kv_head=1 worker=0 block_r=0 block_c=-1 t0_us=2283935450040 t1_us=2283935450043 dur_us=2
FIG8_ATTENTION_EVENT mode=scna-int8 phase=warmup iteration=0 component=k_load component_id=2 lut_exp=0 qo_len=8 kv_len=4096 n_heads=12 n_kv_heads=2 head_dim=128 kv_head=1 worker=0 block_r=0 block_c=0 t0_us=2283935450044 t1_us=2283935450120 dur_us=75
FIG8_ATTENTION_EVENT mode=scna-int8 phase=warmup iteration=0 component=qk_dot component_id=4 lut_exp=0 qo_len=8 kv_len=4096 n_heads=12 n_kv_heads=2 head_dim=128 kv_head=1 worker=0 block_r=0 block_c=0 t0_us=2283935450121 t1_us=2283935450126 dur_us=5
FIG8_ATTENTION_EVENT mode=scna-int8 phase=warmup iteration=0 component=safe_sm component_id=5 lut_exp=0 qo_len=8 kv_len=4096 n_heads=12 n_kv_heads=2 head_dim=128 kv_head=1 worker=0 block_r=0 block_c=0 t0_us=2283935450127 t1_us=2283935452431 dur_us=2304
FIG8_ATTENTION_EVENT mode=scna-int8 phase=warmup iteration=0 component=v_load component_id=3 lut_exp=0 qo_len=8 kv_len=4096 n_heads=12 n_kv_heads=2 head_dim=128 kv_head=1 worker=0 block_r=0 block_c=0 t0_us=2283935452432 t1_us=2283935452585 dur_us=153
FIG8_ATTENTION_EVENT mode=scna-int8 phase=warmup iteration=0 component=core_acc component_id=6 lut_exp=0 qo_len=8 kv_len=4096 n_heads=12 n_kv_heads=2 head_dim=128 kv_head=1 worker=0 block_r=0 block_c=0 t0_us=2283935452586 t1_us=2283935452591 dur_us=4
FIG8_ATTENTION_EVENT mode=scna-int8 phase=warmup iteration=0 component=o_scale component_id=7 lut_exp=0 qo_len=8 kv_len=4096 n_heads=12 n_kv_heads=2 head_dim=128 kv_head=1 worker=0 block_r=0 block_c=-1 t0_us=2283935452591 t1_us=2283935452592 dur_us=1
FIG8_ATTENTION_EVENT mode=scna-int8 phase=warmup iteration=0 component=o_store component_id=8 lut_exp=0 qo_len=8 kv_len=4096 n_heads=12 n_kv_heads=2 head_dim=128 kv_head=1 worker=0 block_r=0 block_c=-1 t0_us=2283935452593 t1_us=2283935452596 dur_us=3
FIG8_ATTENTION_HOST_TIMING mode=scna-int8 qo_len=8 kv_len=4096 n_heads=12 n_kv_heads=2 head_dim=128 phase=warmup iteration=1 host_elapsed_us=5572 ret=0
FIG8_ATTENTION_PROFILE_COUNT mode=scna-int8 qo_len=8 phase=warmup iteration=1 records=2 max_records=10
FIG8_ATTENTION_TIMERS mode=scna-int8 phase=warmup iteration=1 lut_exp=0 nonlinear_mode=2 scna_width=8 scna_exp=2260 qo_len=8 kv_len=4096 n_heads=12 n_kv_heads=2 head_dim=128 kv_head=0 worker=0 profiled_total=2627 q_load=2 k_load=140 v_load=164 qk_dot=4 safe_sm=2311 core_acc=3 o_scale=0 o_store=3
FIG8_ATTENTION_TIMERS mode=scna-int8 phase=warmup iteration=1 lut_exp=0 nonlinear_mode=2 scna_width=8 scna_exp=2239 qo_len=8 kv_len=4096 n_heads=12 n_kv_heads=2 head_dim=128 kv_head=1 worker=0 profiled_total=2634 q_load=2 k_load=174 v_load=161 qk_dot=4 safe_sm=2286 core_acc=4 o_scale=0 o_store=3
FIG8_ATTENTION_EVENT_COUNT mode=scna-int8 qo_len=8 phase=warmup iteration=1 events=16 max_events=6320 overflow=0
FIG8_ATTENTION_EVENT mode=scna-int8 phase=warmup iteration=1 component=q_load component_id=1 lut_exp=0 qo_len=8 kv_len=4096 n_heads=12 n_kv_heads=2 head_dim=128 kv_head=0 worker=0 block_r=0 block_c=-1 t0_us=2283935453045 t1_us=2283935453048 dur_us=2
FIG8_ATTENTION_EVENT mode=scna-int8 phase=warmup iteration=1 component=k_load component_id=2 lut_exp=0 qo_len=8 kv_len=4096 n_heads=12 n_kv_heads=2 head_dim=128 kv_head=0 worker=0 block_r=0 block_c=0 t0_us=2283935453049 t1_us=2283935453190 dur_us=140
FIG8_ATTENTION_EVENT mode=scna-int8 phase=warmup iteration=1 component=qk_dot component_id=4 lut_exp=0 qo_len=8 kv_len=4096 n_heads=12 n_kv_heads=2 head_dim=128 kv_head=0 worker=0 block_r=0 block_c=0 t0_us=2283935453190 t1_us=2283935453195 dur_us=4
FIG8_ATTENTION_EVENT mode=scna-int8 phase=warmup iteration=1 component=safe_sm component_id=5 lut_exp=0 qo_len=8 kv_len=4096 n_heads=12 n_kv_heads=2 head_dim=128 kv_head=0 worker=0 block_r=0 block_c=0 t0_us=2283935453195 t1_us=2283935455506 dur_us=2311
FIG8_ATTENTION_EVENT mode=scna-int8 phase=warmup iteration=1 component=v_load component_id=3 lut_exp=0 qo_len=8 kv_len=4096 n_heads=12 n_kv_heads=2 head_dim=128 kv_head=0 worker=0 block_r=0 block_c=0 t0_us=2283935455507 t1_us=2283935455671 dur_us=164
FIG8_ATTENTION_EVENT mode=scna-int8 phase=warmup iteration=1 component=core_acc component_id=6 lut_exp=0 qo_len=8 kv_len=4096 n_heads=12 n_kv_heads=2 head_dim=128 kv_head=0 worker=0 block_r=0 block_c=0 t0_us=2283935455671 t1_us=2283935455675 dur_us=3
FIG8_ATTENTION_EVENT mode=scna-int8 phase=warmup iteration=1 component=o_scale component_id=7 lut_exp=0 qo_len=8 kv_len=4096 n_heads=12 n_kv_heads=2 head_dim=128 kv_head=0 worker=0 block_r=0 block_c=-1 t0_us=2283935455676 t1_us=2283935455677 dur_us=0
FIG8_ATTENTION_EVENT mode=scna-int8 phase=warmup iteration=1 component=o_store component_id=8 lut_exp=0 qo_len=8 kv_len=4096 n_heads=12 n_kv_heads=2 head_dim=128 kv_head=0 worker=0 block_r=0 block_c=-1 t0_us=2283935455677 t1_us=2283935455680 dur_us=3
FIG8_ATTENTION_EVENT mode=scna-int8 phase=warmup iteration=1 component=q_load component_id=1 lut_exp=0 qo_len=8 kv_len=4096 n_heads=12 n_kv_heads=2 head_dim=128 kv_head=1 worker=0 block_r=0 block_c=-1 t0_us=2283935455721 t1_us=2283935455724 dur_us=2
FIG8_ATTENTION_EVENT mode=scna-int8 phase=warmup iteration=1 component=k_load component_id=2 lut_exp=0 qo_len=8 kv_len=4096 n_heads=12 n_kv_heads=2 head_dim=128 kv_head=1 worker=0 block_r=0 block_c=0 t0_us=2283935455725 t1_us=2283935455900 dur_us=174
FIG8_ATTENTION_EVENT mode=scna-int8 phase=warmup iteration=1 component=qk_dot component_id=4 lut_exp=0 qo_len=8 kv_len=4096 n_heads=12 n_kv_heads=2 head_dim=128 kv_head=1 worker=0 block_r=0 block_c=0 t0_us=2283935455900 t1_us=2283935455905 dur_us=4
FIG8_ATTENTION_EVENT mode=scna-int8 phase=warmup iteration=1 component=safe_sm component_id=5 lut_exp=0 qo_len=8 kv_len=4096 n_heads=12 n_kv_heads=2 head_dim=128 kv_head=1 worker=0 block_r=0 block_c=0 t0_us=2283935455905 t1_us=2283935458192 dur_us=2286
FIG8_ATTENTION_EVENT mode=scna-int8 phase=warmup iteration=1 component=v_load component_id=3 lut_exp=0 qo_len=8 kv_len=4096 n_heads=12 n_kv_heads=2 head_dim=128 kv_head=1 worker=0 block_r=0 block_c=0 t0_us=2283935458193 t1_us=2283935458354 dur_us=161
FIG8_ATTENTION_EVENT mode=scna-int8 phase=warmup iteration=1 component=core_acc component_id=6 lut_exp=0 qo_len=8 kv_len=4096 n_heads=12 n_kv_heads=2 head_dim=128 kv_head=1 worker=0 block_r=0 block_c=0 t0_us=2283935458355 t1_us=2283935458359 dur_us=4
FIG8_ATTENTION_EVENT mode=scna-int8 phase=warmup iteration=1 component=o_scale component_id=7 lut_exp=0 qo_len=8 kv_len=4096 n_heads=12 n_kv_heads=2 head_dim=128 kv_head=1 worker=0 block_r=0 block_c=-1 t0_us=2283935458360 t1_us=2283935458361 dur_us=0
FIG8_ATTENTION_EVENT mode=scna-int8 phase=warmup iteration=1 component=o_store component_id=8 lut_exp=0 qo_len=8 kv_len=4096 n_heads=12 n_kv_heads=2 head_dim=128 kv_head=1 worker=0 block_r=0 block_c=-1 t0_us=2283935458361 t1_us=2283935458365 dur_us=3
FIG8_ATTENTION_HOST_TIMING mode=scna-int8 qo_len=8 kv_len=4096 n_heads=12 n_kv_heads=2 head_dim=128 phase=warmup iteration=2 host_elapsed_us=5628 ret=0
FIG8_ATTENTION_PROFILE_COUNT mode=scna-int8 qo_len=8 phase=warmup iteration=2 records=2 max_records=10
FIG8_ATTENTION_TIMERS mode=scna-int8 phase=warmup iteration=2 lut_exp=0 nonlinear_mode=2 scna_width=8 scna_exp=2232 qo_len=8 kv_len=4096 n_heads=12 n_kv_heads=2 head_dim=128 kv_head=0 worker=0 profiled_total=2617 q_load=3 k_load=160 v_load=164 qk_dot=4 safe_sm=2280 core_acc=3 o_scale=0 o_store=3
FIG8_ATTENTION_TIMERS mode=scna-int8 phase=warmup iteration=2 lut_exp=0 nonlinear_mode=2 scna_width=8 scna_exp=2259 qo_len=8 kv_len=4096 n_heads=12 n_kv_heads=2 head_dim=128 kv_head=1 worker=0 profiled_total=2671 q_load=2 k_load=189 v_load=162 qk_dot=4 safe_sm=2307 core_acc=4 o_scale=0 o_store=3
FIG8_ATTENTION_EVENT_COUNT mode=scna-int8 qo_len=8 phase=warmup iteration=2 events=16 max_events=6320 overflow=0
FIG8_ATTENTION_EVENT mode=scna-int8 phase=warmup iteration=2 component=q_load component_id=1 lut_exp=0 qo_len=8 kv_len=4096 n_heads=12 n_kv_heads=2 head_dim=128 kv_head=0 worker=0 block_r=0 block_c=-1 t0_us=2283935458778 t1_us=2283935458781 dur_us=3
FIG8_ATTENTION_EVENT mode=scna-int8 phase=warmup iteration=2 component=k_load component_id=2 lut_exp=0 qo_len=8 kv_len=4096 n_heads=12 n_kv_heads=2 head_dim=128 kv_head=0 worker=0 block_r=0 block_c=0 t0_us=2283935458782 t1_us=2283935458942 dur_us=160
FIG8_ATTENTION_EVENT mode=scna-int8 phase=warmup iteration=2 component=qk_dot component_id=4 lut_exp=0 qo_len=8 kv_len=4096 n_heads=12 n_kv_heads=2 head_dim=128 kv_head=0 worker=0 block_r=0 block_c=0 t0_us=2283935458943 t1_us=2283935458947 dur_us=4
FIG8_ATTENTION_EVENT mode=scna-int8 phase=warmup iteration=2 component=safe_sm component_id=5 lut_exp=0 qo_len=8 kv_len=4096 n_heads=12 n_kv_heads=2 head_dim=128 kv_head=0 worker=0 block_r=0 block_c=0 t0_us=2283935458947 t1_us=2283935461227 dur_us=2280
FIG8_ATTENTION_EVENT mode=scna-int8 phase=warmup iteration=2 component=v_load component_id=3 lut_exp=0 qo_len=8 kv_len=4096 n_heads=12 n_kv_heads=2 head_dim=128 kv_head=0 worker=0 block_r=0 block_c=0 t0_us=2283935461228 t1_us=2283935461393 dur_us=164
FIG8_ATTENTION_EVENT mode=scna-int8 phase=warmup iteration=2 component=core_acc component_id=6 lut_exp=0 qo_len=8 kv_len=4096 n_heads=12 n_kv_heads=2 head_dim=128 kv_head=0 worker=0 block_r=0 block_c=0 t0_us=2283935461393 t1_us=2283935461397 dur_us=3
FIG8_ATTENTION_EVENT mode=scna-int8 phase=warmup iteration=2 component=o_scale component_id=7 lut_exp=0 qo_len=8 kv_len=4096 n_heads=12 n_kv_heads=2 head_dim=128 kv_head=0 worker=0 block_r=0 block_c=-1 t0_us=2283935461397 t1_us=2283935461398 dur_us=0
FIG8_ATTENTION_EVENT mode=scna-int8 phase=warmup iteration=2 component=o_store component_id=8 lut_exp=0 qo_len=8 kv_len=4096 n_heads=12 n_kv_heads=2 head_dim=128 kv_head=0 worker=0 block_r=0 block_c=-1 t0_us=2283935461399 t1_us=2283935461402 dur_us=3
FIG8_ATTENTION_EVENT mode=scna-int8 phase=warmup iteration=2 component=q_load component_id=1 lut_exp=0 qo_len=8 kv_len=4096 n_heads=12 n_kv_heads=2 head_dim=128 kv_head=1 worker=0 block_r=0 block_c=-1 t0_us=2283935461443 t1_us=2283935461446 dur_us=2
FIG8_ATTENTION_EVENT mode=scna-int8 phase=warmup iteration=2 component=k_load component_id=2 lut_exp=0 qo_len=8 kv_len=4096 n_heads=12 n_kv_heads=2 head_dim=128 kv_head=1 worker=0 block_r=0 block_c=0 t0_us=2283935461447 t1_us=2283935461636 dur_us=189
FIG8_ATTENTION_EVENT mode=scna-int8 phase=warmup iteration=2 component=qk_dot component_id=4 lut_exp=0 qo_len=8 kv_len=4096 n_heads=12 n_kv_heads=2 head_dim=128 kv_head=1 worker=0 block_r=0 block_c=0 t0_us=2283935461637 t1_us=2283935461642 dur_us=4
FIG8_ATTENTION_EVENT mode=scna-int8 phase=warmup iteration=2 component=safe_sm component_id=5 lut_exp=0 qo_len=8 kv_len=4096 n_heads=12 n_kv_heads=2 head_dim=128 kv_head=1 worker=0 block_r=0 block_c=0 t0_us=2283935461642 t1_us=2283935463949 dur_us=2307
FIG8_ATTENTION_EVENT mode=scna-int8 phase=warmup iteration=2 component=v_load component_id=3 lut_exp=0 qo_len=8 kv_len=4096 n_heads=12 n_kv_heads=2 head_dim=128 kv_head=1 worker=0 block_r=0 block_c=0 t0_us=2283935463950 t1_us=2283935464113 dur_us=162
FIG8_ATTENTION_EVENT mode=scna-int8 phase=warmup iteration=2 component=core_acc component_id=6 lut_exp=0 qo_len=8 kv_len=4096 n_heads=12 n_kv_heads=2 head_dim=128 kv_head=1 worker=0 block_r=0 block_c=0 t0_us=2283935464113 t1_us=2283935464117 dur_us=4
FIG8_ATTENTION_EVENT mode=scna-int8 phase=warmup iteration=2 component=o_scale component_id=7 lut_exp=0 qo_len=8 kv_len=4096 n_heads=12 n_kv_heads=2 head_dim=128 kv_head=1 worker=0 block_r=0 block_c=-1 t0_us=2283935464118 t1_us=2283935464119 dur_us=0
FIG8_ATTENTION_EVENT mode=scna-int8 phase=warmup iteration=2 component=o_store component_id=8 lut_exp=0 qo_len=8 kv_len=4096 n_heads=12 n_kv_heads=2 head_dim=128 kv_head=1 worker=0 block_r=0 block_c=-1 t0_us=2283935464119 t1_us=2283935464123 dur_us=3
FIG8_ATTENTION_HOST_TIMING mode=scna-int8 qo_len=8 kv_len=4096 n_heads=12 n_kv_heads=2 head_dim=128 phase=warmup iteration=3 host_elapsed_us=5603 ret=0
FIG8_ATTENTION_PROFILE_COUNT mode=scna-int8 qo_len=8 phase=warmup iteration=3 records=2 max_records=10
FIG8_ATTENTION_TIMERS mode=scna-int8 phase=warmup iteration=3 lut_exp=0 nonlinear_mode=2 scna_width=8 scna_exp=2240 qo_len=8 kv_len=4096 n_heads=12 n_kv_heads=2 head_dim=128 kv_head=0 worker=0 profiled_total=2639 q_load=2 k_load=172 v_load=165 qk_dot=4 safe_sm=2290 core_acc=3 o_scale=0 o_store=3
FIG8_ATTENTION_TIMERS mode=scna-int8 phase=warmup iteration=3 lut_exp=0 nonlinear_mode=2 scna_width=8 scna_exp=2257 qo_len=8 kv_len=4096 n_heads=12 n_kv_heads=2 head_dim=128 kv_head=1 worker=0 profiled_total=2668 q_load=2 k_load=189 v_load=162 qk_dot=4 safe_sm=2304 core_acc=4 o_scale=0 o_store=3
FIG8_ATTENTION_EVENT_COUNT mode=scna-int8 qo_len=8 phase=warmup iteration=3 events=16 max_events=6320 overflow=0
FIG8_ATTENTION_EVENT mode=scna-int8 phase=warmup iteration=3 component=q_load component_id=1 lut_exp=0 qo_len=8 kv_len=4096 n_heads=12 n_kv_heads=2 head_dim=128 kv_head=0 worker=0 block_r=0 block_c=-1 t0_us=2283935464622 t1_us=2283935464625 dur_us=2
FIG8_ATTENTION_EVENT mode=scna-int8 phase=warmup iteration=3 component=k_load component_id=2 lut_exp=0 qo_len=8 kv_len=4096 n_heads=12 n_kv_heads=2 head_dim=128 kv_head=0 worker=0 block_r=0 block_c=0 t0_us=2283935464626 t1_us=2283935464798 dur_us=172
FIG8_ATTENTION_EVENT mode=scna-int8 phase=warmup iteration=3 component=qk_dot component_id=4 lut_exp=0 qo_len=8 kv_len=4096 n_heads=12 n_kv_heads=2 head_dim=128 kv_head=0 worker=0 block_r=0 block_c=0 t0_us=2283935464798 t1_us=2283935464802 dur_us=4
FIG8_ATTENTION_EVENT mode=scna-int8 phase=warmup iteration=3 component=safe_sm component_id=5 lut_exp=0 qo_len=8 kv_len=4096 n_heads=12 n_kv_heads=2 head_dim=128 kv_head=0 worker=0 block_r=0 block_c=0 t0_us=2283935464802 t1_us=2283935467092 dur_us=2290
FIG8_ATTENTION_EVENT mode=scna-int8 phase=warmup iteration=3 component=v_load component_id=3 lut_exp=0 qo_len=8 kv_len=4096 n_heads=12 n_kv_heads=2 head_dim=128 kv_head=0 worker=0 block_r=0 block_c=0 t0_us=2283935467093 t1_us=2283935467259 dur_us=165
FIG8_ATTENTION_EVENT mode=scna-int8 phase=warmup iteration=3 component=core_acc component_id=6 lut_exp=0 qo_len=8 kv_len=4096 n_heads=12 n_kv_heads=2 head_dim=128 kv_head=0 worker=0 block_r=0 block_c=0 t0_us=2283935467260 t1_us=2283935467263 dur_us=3
FIG8_ATTENTION_EVENT mode=scna-int8 phase=warmup iteration=3 component=o_scale component_id=7 lut_exp=0 qo_len=8 kv_len=4096 n_heads=12 n_kv_heads=2 head_dim=128 kv_head=0 worker=0 block_r=0 block_c=-1 t0_us=2283935467264 t1_us=2283935467265 dur_us=0
FIG8_ATTENTION_EVENT mode=scna-int8 phase=warmup iteration=3 component=o_store component_id=8 lut_exp=0 qo_len=8 kv_len=4096 n_heads=12 n_kv_heads=2 head_dim=128 kv_head=0 worker=0 block_r=0 block_c=-1 t0_us=2283935467265 t1_us=2283935467269 dur_us=3
FIG8_ATTENTION_EVENT mode=scna-int8 phase=warmup iteration=3 component=q_load component_id=1 lut_exp=0 qo_len=8 kv_len=4096 n_heads=12 n_kv_heads=2 head_dim=128 kv_head=1 worker=0 block_r=0 block_c=-1 t0_us=2283935467311 t1_us=2283935467314 dur_us=2
FIG8_ATTENTION_EVENT mode=scna-int8 phase=warmup iteration=3 component=k_load component_id=2 lut_exp=0 qo_len=8 kv_len=4096 n_heads=12 n_kv_heads=2 head_dim=128 kv_head=1 worker=0 block_r=0 block_c=0 t0_us=2283935467315 t1_us=2283935467505 dur_us=189
FIG8_ATTENTION_EVENT mode=scna-int8 phase=warmup iteration=3 component=qk_dot component_id=4 lut_exp=0 qo_len=8 kv_len=4096 n_heads=12 n_kv_heads=2 head_dim=128 kv_head=1 worker=0 block_r=0 block_c=0 t0_us=2283935467505 t1_us=2283935467510 dur_us=4
FIG8_ATTENTION_EVENT mode=scna-int8 phase=warmup iteration=3 component=safe_sm component_id=5 lut_exp=0 qo_len=8 kv_len=4096 n_heads=12 n_kv_heads=2 head_dim=128 kv_head=1 worker=0 block_r=0 block_c=0 t0_us=2283935467510 t1_us=2283935469815 dur_us=2304
FIG8_ATTENTION_EVENT mode=scna-int8 phase=warmup iteration=3 component=v_load component_id=3 lut_exp=0 qo_len=8 kv_len=4096 n_heads=12 n_kv_heads=2 head_dim=128 kv_head=1 worker=0 block_r=0 block_c=0 t0_us=2283935469816 t1_us=2283935469978 dur_us=162
FIG8_ATTENTION_EVENT mode=scna-int8 phase=warmup iteration=3 component=core_acc component_id=6 lut_exp=0 qo_len=8 kv_len=4096 n_heads=12 n_kv_heads=2 head_dim=128 kv_head=1 worker=0 block_r=0 block_c=0 t0_us=2283935469978 t1_us=2283935469982 dur_us=4
FIG8_ATTENTION_EVENT mode=scna-int8 phase=warmup iteration=3 component=o_scale component_id=7 lut_exp=0 qo_len=8 kv_len=4096 n_heads=12 n_kv_heads=2 head_dim=128 kv_head=1 worker=0 block_r=0 block_c=-1 t0_us=2283935469983 t1_us=2283935469984 dur_us=0
FIG8_ATTENTION_EVENT mode=scna-int8 phase=warmup iteration=3 component=o_store component_id=8 lut_exp=0 qo_len=8 kv_len=4096 n_heads=12 n_kv_heads=2 head_dim=128 kv_head=1 worker=0 block_r=0 block_c=-1 t0_us=2283935469984 t1_us=2283935469988 dur_us=3
FIG8_ATTENTION_HOST_TIMING mode=scna-int8 qo_len=8 kv_len=4096 n_heads=12 n_kv_heads=2 head_dim=128 phase=warmup iteration=4 host_elapsed_us=5653 ret=0
FIG8_ATTENTION_PROFILE_COUNT mode=scna-int8 qo_len=8 phase=warmup iteration=4 records=2 max_records=10
FIG8_ATTENTION_TIMERS mode=scna-int8 phase=warmup iteration=4 lut_exp=0 nonlinear_mode=2 scna_width=8 scna_exp=2256 qo_len=8 kv_len=4096 n_heads=12 n_kv_heads=2 head_dim=128 kv_head=0 worker=0 profiled_total=2653 q_load=3 k_load=170 v_load=164 qk_dot=4 safe_sm=2306 core_acc=3 o_scale=0 o_store=3
FIG8_ATTENTION_TIMERS mode=scna-int8 phase=warmup iteration=4 lut_exp=0 nonlinear_mode=2 scna_width=8 scna_exp=2265 qo_len=8 kv_len=4096 n_heads=12 n_kv_heads=2 head_dim=128 kv_head=1 worker=0 profiled_total=2692 q_load=3 k_load=192 v_load=175 qk_dot=4 safe_sm=2311 core_acc=4 o_scale=0 o_store=3
FIG8_ATTENTION_EVENT_COUNT mode=scna-int8 qo_len=8 phase=warmup iteration=4 events=16 max_events=6320 overflow=0
FIG8_ATTENTION_EVENT mode=scna-int8 phase=warmup iteration=4 component=q_load component_id=1 lut_exp=0 qo_len=8 kv_len=4096 n_heads=12 n_kv_heads=2 head_dim=128 kv_head=0 worker=0 block_r=0 block_c=-1 t0_us=2283935470435 t1_us=2283935470438 dur_us=3
FIG8_ATTENTION_EVENT mode=scna-int8 phase=warmup iteration=4 component=k_load component_id=2 lut_exp=0 qo_len=8 kv_len=4096 n_heads=12 n_kv_heads=2 head_dim=128 kv_head=0 worker=0 block_r=0 block_c=0 t0_us=2283935470439 t1_us=2283935470610 dur_us=170
FIG8_ATTENTION_EVENT mode=scna-int8 phase=warmup iteration=4 component=qk_dot component_id=4 lut_exp=0 qo_len=8 kv_len=4096 n_heads=12 n_kv_heads=2 head_dim=128 kv_head=0 worker=0 block_r=0 block_c=0 t0_us=2283935470610 t1_us=2283935470615 dur_us=4
FIG8_ATTENTION_EVENT mode=scna-int8 phase=warmup iteration=4 component=safe_sm component_id=5 lut_exp=0 qo_len=8 kv_len=4096 n_heads=12 n_kv_heads=2 head_dim=128 kv_head=0 worker=0 block_r=0 block_c=0 t0_us=2283935470615 t1_us=2283935472921 dur_us=2306
FIG8_ATTENTION_EVENT mode=scna-int8 phase=warmup iteration=4 component=v_load component_id=3 lut_exp=0 qo_len=8 kv_len=4096 n_heads=12 n_kv_heads=2 head_dim=128 kv_head=0 worker=0 block_r=0 block_c=0 t0_us=2283935472922 t1_us=2283935473086 dur_us=164
FIG8_ATTENTION_EVENT mode=scna-int8 phase=warmup iteration=4 component=core_acc component_id=6 lut_exp=0 qo_len=8 kv_len=4096 n_heads=12 n_kv_heads=2 head_dim=128 kv_head=0 worker=0 block_r=0 block_c=0 t0_us=2283935473087 t1_us=2283935473090 dur_us=3
FIG8_ATTENTION_EVENT mode=scna-int8 phase=warmup iteration=4 component=o_scale component_id=7 lut_exp=0 qo_len=8 kv_len=4096 n_heads=12 n_kv_heads=2 head_dim=128 kv_head=0 worker=0 block_r=0 block_c=-1 t0_us=2283935473091 t1_us=2283935473092 dur_us=0
FIG8_ATTENTION_EVENT mode=scna-int8 phase=warmup iteration=4 component=o_store component_id=8 lut_exp=0 qo_len=8 kv_len=4096 n_heads=12 n_kv_heads=2 head_dim=128 kv_head=0 worker=0 block_r=0 block_c=-1 t0_us=2283935473092 t1_us=2283935473095 dur_us=3
FIG8_ATTENTION_EVENT mode=scna-int8 phase=warmup iteration=4 component=q_load component_id=1 lut_exp=0 qo_len=8 kv_len=4096 n_heads=12 n_kv_heads=2 head_dim=128 kv_head=1 worker=0 block_r=0 block_c=-1 t0_us=2283935473140 t1_us=2283935473143 dur_us=3
FIG8_ATTENTION_EVENT mode=scna-int8 phase=warmup iteration=4 component=k_load component_id=2 lut_exp=0 qo_len=8 kv_len=4096 n_heads=12 n_kv_heads=2 head_dim=128 kv_head=1 worker=0 block_r=0 block_c=0 t0_us=2283935473144 t1_us=2283935473337 dur_us=192
FIG8_ATTENTION_EVENT mode=scna-int8 phase=warmup iteration=4 component=qk_dot component_id=4 lut_exp=0 qo_len=8 kv_len=4096 n_heads=12 n_kv_heads=2 head_dim=128 kv_head=1 worker=0 block_r=0 block_c=0 t0_us=2283935473337 t1_us=2283935473342 dur_us=4
FIG8_ATTENTION_EVENT mode=scna-int8 phase=warmup iteration=4 component=safe_sm component_id=5 lut_exp=0 qo_len=8 kv_len=4096 n_heads=12 n_kv_heads=2 head_dim=128 kv_head=1 worker=0 block_r=0 block_c=0 t0_us=2283935473342 t1_us=2283935475654 dur_us=2311
FIG8_ATTENTION_EVENT mode=scna-int8 phase=warmup iteration=4 component=v_load component_id=3 lut_exp=0 qo_len=8 kv_len=4096 n_heads=12 n_kv_heads=2 head_dim=128 kv_head=1 worker=0 block_r=0 block_c=0 t0_us=2283935475654 t1_us=2283935475830 dur_us=175
FIG8_ATTENTION_EVENT mode=scna-int8 phase=warmup iteration=4 component=core_acc component_id=6 lut_exp=0 qo_len=8 kv_len=4096 n_heads=12 n_kv_heads=2 head_dim=128 kv_head=1 worker=0 block_r=0 block_c=0 t0_us=2283935475831 t1_us=2283935475835 dur_us=4
FIG8_ATTENTION_EVENT mode=scna-int8 phase=warmup iteration=4 component=o_scale component_id=7 lut_exp=0 qo_len=8 kv_len=4096 n_heads=12 n_kv_heads=2 head_dim=128 kv_head=1 worker=0 block_r=0 block_c=-1 t0_us=2283935475836 t1_us=2283935475837 dur_us=0
FIG8_ATTENTION_EVENT mode=scna-int8 phase=warmup iteration=4 component=o_store component_id=8 lut_exp=0 qo_len=8 kv_len=4096 n_heads=12 n_kv_heads=2 head_dim=128 kv_head=1 worker=0 block_r=0 block_c=-1 t0_us=2283935475837 t1_us=2283935475840 dur_us=3
FIG8_ATTENTION_HOST_TIMING mode=scna-int8 qo_len=8 kv_len=4096 n_heads=12 n_kv_heads=2 head_dim=128 phase=measure iteration=0 host_elapsed_us=5651 ret=0
FIG8_ATTENTION_PROFILE_COUNT mode=scna-int8 qo_len=8 phase=measure iteration=0 records=2 max_records=10
FIG8_ATTENTION_TIMERS mode=scna-int8 phase=measure iteration=0 lut_exp=0 nonlinear_mode=2 scna_width=8 scna_exp=2248 qo_len=8 kv_len=4096 n_heads=12 n_kv_heads=2 head_dim=128 kv_head=0 worker=0 profiled_total=2687 q_load=2 k_load=196 v_load=175 qk_dot=4 safe_sm=2304 core_acc=3 o_scale=0 o_store=3
FIG8_ATTENTION_TIMERS mode=scna-int8 phase=measure iteration=0 lut_exp=0 nonlinear_mode=2 scna_width=8 scna_exp=2239 qo_len=8 kv_len=4096 n_heads=12 n_kv_heads=2 head_dim=128 kv_head=1 worker=0 profiled_total=2672 q_load=2 k_load=204 v_load=169 qk_dot=4 safe_sm=2287 core_acc=3 o_scale=0 o_store=3
FIG8_ATTENTION_EVENT_COUNT mode=scna-int8 qo_len=8 phase=measure iteration=0 events=16 max_events=6320 overflow=0
FIG8_ATTENTION_EVENT mode=scna-int8 phase=measure iteration=0 component=q_load component_id=1 lut_exp=0 qo_len=8 kv_len=4096 n_heads=12 n_kv_heads=2 head_dim=128 kv_head=0 worker=0 block_r=0 block_c=-1 t0_us=2283935476438 t1_us=2283935476440 dur_us=2
FIG8_ATTENTION_EVENT mode=scna-int8 phase=measure iteration=0 component=k_load component_id=2 lut_exp=0 qo_len=8 kv_len=4096 n_heads=12 n_kv_heads=2 head_dim=128 kv_head=0 worker=0 block_r=0 block_c=0 t0_us=2283935476441 t1_us=2283935476638 dur_us=196
FIG8_ATTENTION_EVENT mode=scna-int8 phase=measure iteration=0 component=qk_dot component_id=4 lut_exp=0 qo_len=8 kv_len=4096 n_heads=12 n_kv_heads=2 head_dim=128 kv_head=0 worker=0 block_r=0 block_c=0 t0_us=2283935476639 t1_us=2283935476644 dur_us=4
FIG8_ATTENTION_EVENT mode=scna-int8 phase=measure iteration=0 component=safe_sm component_id=5 lut_exp=0 qo_len=8 kv_len=4096 n_heads=12 n_kv_heads=2 head_dim=128 kv_head=0 worker=0 block_r=0 block_c=0 t0_us=2283935476644 t1_us=2283935478948 dur_us=2304
FIG8_ATTENTION_EVENT mode=scna-int8 phase=measure iteration=0 component=v_load component_id=3 lut_exp=0 qo_len=8 kv_len=4096 n_heads=12 n_kv_heads=2 head_dim=128 kv_head=0 worker=0 block_r=0 block_c=0 t0_us=2283935478949 t1_us=2283935479124 dur_us=175
FIG8_ATTENTION_EVENT mode=scna-int8 phase=measure iteration=0 component=core_acc component_id=6 lut_exp=0 qo_len=8 kv_len=4096 n_heads=12 n_kv_heads=2 head_dim=128 kv_head=0 worker=0 block_r=0 block_c=0 t0_us=2283935479125 t1_us=2283935479128 dur_us=3
FIG8_ATTENTION_EVENT mode=scna-int8 phase=measure iteration=0 component=o_scale component_id=7 lut_exp=0 qo_len=8 kv_len=4096 n_heads=12 n_kv_heads=2 head_dim=128 kv_head=0 worker=0 block_r=0 block_c=-1 t0_us=2283935479129 t1_us=2283935479130 dur_us=0
FIG8_ATTENTION_EVENT mode=scna-int8 phase=measure iteration=0 component=o_store component_id=8 lut_exp=0 qo_len=8 kv_len=4096 n_heads=12 n_kv_heads=2 head_dim=128 kv_head=0 worker=0 block_r=0 block_c=-1 t0_us=2283935479130 t1_us=2283935479134 dur_us=3
FIG8_ATTENTION_EVENT mode=scna-int8 phase=measure iteration=0 component=q_load component_id=1 lut_exp=0 qo_len=8 kv_len=4096 n_heads=12 n_kv_heads=2 head_dim=128 kv_head=1 worker=0 block_r=0 block_c=-1 t0_us=2283935479177 t1_us=2283935479180 dur_us=2
FIG8_ATTENTION_EVENT mode=scna-int8 phase=measure iteration=0 component=k_load component_id=2 lut_exp=0 qo_len=8 kv_len=4096 n_heads=12 n_kv_heads=2 head_dim=128 kv_head=1 worker=0 block_r=0 block_c=0 t0_us=2283935479181 t1_us=2283935479385 dur_us=204
FIG8_ATTENTION_EVENT mode=scna-int8 phase=measure iteration=0 component=qk_dot component_id=4 lut_exp=0 qo_len=8 kv_len=4096 n_heads=12 n_kv_heads=2 head_dim=128 kv_head=1 worker=0 block_r=0 block_c=0 t0_us=2283935479385 t1_us=2283935479390 dur_us=4
FIG8_ATTENTION_EVENT mode=scna-int8 phase=measure iteration=0 component=safe_sm component_id=5 lut_exp=0 qo_len=8 kv_len=4096 n_heads=12 n_kv_heads=2 head_dim=128 kv_head=1 worker=0 block_r=0 block_c=0 t0_us=2283935479391 t1_us=2283935481678 dur_us=2287
FIG8_ATTENTION_EVENT mode=scna-int8 phase=measure iteration=0 component=v_load component_id=3 lut_exp=0 qo_len=8 kv_len=4096 n_heads=12 n_kv_heads=2 head_dim=128 kv_head=1 worker=0 block_r=0 block_c=0 t0_us=2283935481679 t1_us=2283935481848 dur_us=169
FIG8_ATTENTION_EVENT mode=scna-int8 phase=measure iteration=0 component=core_acc component_id=6 lut_exp=0 qo_len=8 kv_len=4096 n_heads=12 n_kv_heads=2 head_dim=128 kv_head=1 worker=0 block_r=0 block_c=0 t0_us=2283935481848 t1_us=2283935481852 dur_us=3
FIG8_ATTENTION_EVENT mode=scna-int8 phase=measure iteration=0 component=o_scale component_id=7 lut_exp=0 qo_len=8 kv_len=4096 n_heads=12 n_kv_heads=2 head_dim=128 kv_head=1 worker=0 block_r=0 block_c=-1 t0_us=2283935481853 t1_us=2283935481854 dur_us=0
FIG8_ATTENTION_EVENT mode=scna-int8 phase=measure iteration=0 component=o_store component_id=8 lut_exp=0 qo_len=8 kv_len=4096 n_heads=12 n_kv_heads=2 head_dim=128 kv_head=1 worker=0 block_r=0 block_c=-1 t0_us=2283935481854 t1_us=2283935481857 dur_us=3
FIG8_ATTENTION_HOST_TIMING mode=scna-int8 qo_len=8 kv_len=4096 n_heads=12 n_kv_heads=2 head_dim=128 phase=measure iteration=1 host_elapsed_us=5642 ret=0
FIG8_ATTENTION_PROFILE_COUNT mode=scna-int8 qo_len=8 phase=measure iteration=1 records=2 max_records=10
FIG8_ATTENTION_TIMERS mode=scna-int8 phase=measure iteration=1 lut_exp=0 nonlinear_mode=2 scna_width=8 scna_exp=2254 qo_len=8 kv_len=4096 n_heads=12 n_kv_heads=2 head_dim=128 kv_head=0 worker=0 profiled_total=2689 q_load=2 k_load=194 v_load=175 qk_dot=4 safe_sm=2308 core_acc=3 o_scale=0 o_store=3
FIG8_ATTENTION_TIMERS mode=scna-int8 phase=measure iteration=1 lut_exp=0 nonlinear_mode=2 scna_width=8 scna_exp=2259 qo_len=8 kv_len=4096 n_heads=12 n_kv_heads=2 head_dim=128 kv_head=1 worker=0 profiled_total=2701 q_load=2 k_load=205 v_load=176 qk_dot=4 safe_sm=2306 core_acc=4 o_scale=1 o_store=3
FIG8_ATTENTION_EVENT_COUNT mode=scna-int8 qo_len=8 phase=measure iteration=1 events=16 max_events=6320 overflow=0
FIG8_ATTENTION_EVENT mode=scna-int8 phase=measure iteration=1 component=q_load component_id=1 lut_exp=0 qo_len=8 kv_len=4096 n_heads=12 n_kv_heads=2 head_dim=128 kv_head=0 worker=0 block_r=0 block_c=-1 t0_us=2283935482391 t1_us=2283935482393 dur_us=2
FIG8_ATTENTION_EVENT mode=scna-int8 phase=measure iteration=1 component=k_load component_id=2 lut_exp=0 qo_len=8 kv_len=4096 n_heads=12 n_kv_heads=2 head_dim=128 kv_head=0 worker=0 block_r=0 block_c=0 t0_us=2283935482395 t1_us=2283935482589 dur_us=194
FIG8_ATTENTION_EVENT mode=scna-int8 phase=measure iteration=1 component=qk_dot component_id=4 lut_exp=0 qo_len=8 kv_len=4096 n_heads=12 n_kv_heads=2 head_dim=128 kv_head=0 worker=0 block_r=0 block_c=0 t0_us=2283935482589 t1_us=2283935482594 dur_us=4
FIG8_ATTENTION_EVENT mode=scna-int8 phase=measure iteration=1 component=safe_sm component_id=5 lut_exp=0 qo_len=8 kv_len=4096 n_heads=12 n_kv_heads=2 head_dim=128 kv_head=0 worker=0 block_r=0 block_c=0 t0_us=2283935482594 t1_us=2283935484902 dur_us=2308
FIG8_ATTENTION_EVENT mode=scna-int8 phase=measure iteration=1 component=v_load component_id=3 lut_exp=0 qo_len=8 kv_len=4096 n_heads=12 n_kv_heads=2 head_dim=128 kv_head=0 worker=0 block_r=0 block_c=0 t0_us=2283935484903 t1_us=2283935485078 dur_us=175
FIG8_ATTENTION_EVENT mode=scna-int8 phase=measure iteration=1 component=core_acc component_id=6 lut_exp=0 qo_len=8 kv_len=4096 n_heads=12 n_kv_heads=2 head_dim=128 kv_head=0 worker=0 block_r=0 block_c=0 t0_us=2283935485078 t1_us=2283935485082 dur_us=3
FIG8_ATTENTION_EVENT mode=scna-int8 phase=measure iteration=1 component=o_scale component_id=7 lut_exp=0 qo_len=8 kv_len=4096 n_heads=12 n_kv_heads=2 head_dim=128 kv_head=0 worker=0 block_r=0 block_c=-1 t0_us=2283935485082 t1_us=2283935485083 dur_us=0
FIG8_ATTENTION_EVENT mode=scna-int8 phase=measure iteration=1 component=o_store component_id=8 lut_exp=0 qo_len=8 kv_len=4096 n_heads=12 n_kv_heads=2 head_dim=128 kv_head=0 worker=0 block_r=0 block_c=-1 t0_us=2283935485084 t1_us=2283935485087 dur_us=3
FIG8_ATTENTION_EVENT mode=scna-int8 phase=measure iteration=1 component=q_load component_id=1 lut_exp=0 qo_len=8 kv_len=4096 n_heads=12 n_kv_heads=2 head_dim=128 kv_head=1 worker=0 block_r=0 block_c=-1 t0_us=2283935485131 t1_us=2283935485133 dur_us=2
FIG8_ATTENTION_EVENT mode=scna-int8 phase=measure iteration=1 component=k_load component_id=2 lut_exp=0 qo_len=8 kv_len=4096 n_heads=12 n_kv_heads=2 head_dim=128 kv_head=1 worker=0 block_r=0 block_c=0 t0_us=2283935485135 t1_us=2283935485340 dur_us=205
FIG8_ATTENTION_EVENT mode=scna-int8 phase=measure iteration=1 component=qk_dot component_id=4 lut_exp=0 qo_len=8 kv_len=4096 n_heads=12 n_kv_heads=2 head_dim=128 kv_head=1 worker=0 block_r=0 block_c=0 t0_us=2283935485341 t1_us=2283935485345 dur_us=4
FIG8_ATTENTION_EVENT mode=scna-int8 phase=measure iteration=1 component=safe_sm component_id=5 lut_exp=0 qo_len=8 kv_len=4096 n_heads=12 n_kv_heads=2 head_dim=128 kv_head=1 worker=0 block_r=0 block_c=0 t0_us=2283935485346 t1_us=2283935487652 dur_us=2306
FIG8_ATTENTION_EVENT mode=scna-int8 phase=measure iteration=1 component=v_load component_id=3 lut_exp=0 qo_len=8 kv_len=4096 n_heads=12 n_kv_heads=2 head_dim=128 kv_head=1 worker=0 block_r=0 block_c=0 t0_us=2283935487653 t1_us=2283935487829 dur_us=176
FIG8_ATTENTION_EVENT mode=scna-int8 phase=measure iteration=1 component=core_acc component_id=6 lut_exp=0 qo_len=8 kv_len=4096 n_heads=12 n_kv_heads=2 head_dim=128 kv_head=1 worker=0 block_r=0 block_c=0 t0_us=2283935487829 t1_us=2283935487833 dur_us=4
FIG8_ATTENTION_EVENT mode=scna-int8 phase=measure iteration=1 component=o_scale component_id=7 lut_exp=0 qo_len=8 kv_len=4096 n_heads=12 n_kv_heads=2 head_dim=128 kv_head=1 worker=0 block_r=0 block_c=-1 t0_us=2283935487834 t1_us=2283935487835 dur_us=1
FIG8_ATTENTION_EVENT mode=scna-int8 phase=measure iteration=1 component=o_store component_id=8 lut_exp=0 qo_len=8 kv_len=4096 n_heads=12 n_kv_heads=2 head_dim=128 kv_head=1 worker=0 block_r=0 block_c=-1 t0_us=2283935487835 t1_us=2283935487839 dur_us=3
FIG8_ATTENTION_HOST_TIMING mode=scna-int8 qo_len=8 kv_len=4096 n_heads=12 n_kv_heads=2 head_dim=128 phase=measure iteration=2 host_elapsed_us=5619 ret=0
FIG8_ATTENTION_PROFILE_COUNT mode=scna-int8 qo_len=8 phase=measure iteration=2 records=2 max_records=10
FIG8_ATTENTION_TIMERS mode=scna-int8 phase=measure iteration=2 lut_exp=0 nonlinear_mode=2 scna_width=8 scna_exp=2241 qo_len=8 kv_len=4096 n_heads=12 n_kv_heads=2 head_dim=128 kv_head=0 worker=0 profiled_total=2669 q_load=2 k_load=191 v_load=173 qk_dot=4 safe_sm=2293 core_acc=3 o_scale=0 o_store=3
FIG8_ATTENTION_TIMERS mode=scna-int8 phase=measure iteration=2 lut_exp=0 nonlinear_mode=2 scna_width=8 scna_exp=2263 qo_len=8 kv_len=4096 n_heads=12 n_kv_heads=2 head_dim=128 kv_head=1 worker=0 profiled_total=2699 q_load=2 k_load=203 v_load=174 qk_dot=4 safe_sm=2309 core_acc=4 o_scale=0 o_store=3
FIG8_ATTENTION_EVENT_COUNT mode=scna-int8 qo_len=8 phase=measure iteration=2 events=16 max_events=6320 overflow=0
FIG8_ATTENTION_EVENT mode=scna-int8 phase=measure iteration=2 component=q_load component_id=1 lut_exp=0 qo_len=8 kv_len=4096 n_heads=12 n_kv_heads=2 head_dim=128 kv_head=0 worker=0 block_r=0 block_c=-1 t0_us=2283935488338 t1_us=2283935488341 dur_us=2
FIG8_ATTENTION_EVENT mode=scna-int8 phase=measure iteration=2 component=k_load component_id=2 lut_exp=0 qo_len=8 kv_len=4096 n_heads=12 n_kv_heads=2 head_dim=128 kv_head=0 worker=0 block_r=0 block_c=0 t0_us=2283935488342 t1_us=2283935488534 dur_us=191
FIG8_ATTENTION_EVENT mode=scna-int8 phase=measure iteration=2 component=qk_dot component_id=4 lut_exp=0 qo_len=8 kv_len=4096 n_heads=12 n_kv_heads=2 head_dim=128 kv_head=0 worker=0 block_r=0 block_c=0 t0_us=2283935488534 t1_us=2283935488538 dur_us=4
FIG8_ATTENTION_EVENT mode=scna-int8 phase=measure iteration=2 component=safe_sm component_id=5 lut_exp=0 qo_len=8 kv_len=4096 n_heads=12 n_kv_heads=2 head_dim=128 kv_head=0 worker=0 block_r=0 block_c=0 t0_us=2283935488538 t1_us=2283935490831 dur_us=2293
FIG8_ATTENTION_EVENT mode=scna-int8 phase=measure iteration=2 component=v_load component_id=3 lut_exp=0 qo_len=8 kv_len=4096 n_heads=12 n_kv_heads=2 head_dim=128 kv_head=0 worker=0 block_r=0 block_c=0 t0_us=2283935490832 t1_us=2283935491005 dur_us=173
FIG8_ATTENTION_EVENT mode=scna-int8 phase=measure iteration=2 component=core_acc component_id=6 lut_exp=0 qo_len=8 kv_len=4096 n_heads=12 n_kv_heads=2 head_dim=128 kv_head=0 worker=0 block_r=0 block_c=0 t0_us=2283935491005 t1_us=2283935491009 dur_us=3
FIG8_ATTENTION_EVENT mode=scna-int8 phase=measure iteration=2 component=o_scale component_id=7 lut_exp=0 qo_len=8 kv_len=4096 n_heads=12 n_kv_heads=2 head_dim=128 kv_head=0 worker=0 block_r=0 block_c=-1 t0_us=2283935491010 t1_us=2283935491011 dur_us=0
FIG8_ATTENTION_EVENT mode=scna-int8 phase=measure iteration=2 component=o_store component_id=8 lut_exp=0 qo_len=8 kv_len=4096 n_heads=12 n_kv_heads=2 head_dim=128 kv_head=0 worker=0 block_r=0 block_c=-1 t0_us=2283935491011 t1_us=2283935491015 dur_us=3
FIG8_ATTENTION_EVENT mode=scna-int8 phase=measure iteration=2 component=q_load component_id=1 lut_exp=0 qo_len=8 kv_len=4096 n_heads=12 n_kv_heads=2 head_dim=128 kv_head=1 worker=0 block_r=0 block_c=-1 t0_us=2283935491056 t1_us=2283935491059 dur_us=2
FIG8_ATTENTION_EVENT mode=scna-int8 phase=measure iteration=2 component=k_load component_id=2 lut_exp=0 qo_len=8 kv_len=4096 n_heads=12 n_kv_heads=2 head_dim=128 kv_head=1 worker=0 block_r=0 block_c=0 t0_us=2283935491060 t1_us=2283935491263 dur_us=203
FIG8_ATTENTION_EVENT mode=scna-int8 phase=measure iteration=2 component=qk_dot component_id=4 lut_exp=0 qo_len=8 kv_len=4096 n_heads=12 n_kv_heads=2 head_dim=128 kv_head=1 worker=0 block_r=0 block_c=0 t0_us=2283935491264 t1_us=2283935491269 dur_us=4
FIG8_ATTENTION_EVENT mode=scna-int8 phase=measure iteration=2 component=safe_sm component_id=5 lut_exp=0 qo_len=8 kv_len=4096 n_heads=12 n_kv_heads=2 head_dim=128 kv_head=1 worker=0 block_r=0 block_c=0 t0_us=2283935491269 t1_us=2283935493579 dur_us=2309
FIG8_ATTENTION_EVENT mode=scna-int8 phase=measure iteration=2 component=v_load component_id=3 lut_exp=0 qo_len=8 kv_len=4096 n_heads=12 n_kv_heads=2 head_dim=128 kv_head=1 worker=0 block_r=0 block_c=0 t0_us=2283935493579 t1_us=2283935493753 dur_us=174
FIG8_ATTENTION_EVENT mode=scna-int8 phase=measure iteration=2 component=core_acc component_id=6 lut_exp=0 qo_len=8 kv_len=4096 n_heads=12 n_kv_heads=2 head_dim=128 kv_head=1 worker=0 block_r=0 block_c=0 t0_us=2283935493754 t1_us=2283935493759 dur_us=4
FIG8_ATTENTION_EVENT mode=scna-int8 phase=measure iteration=2 component=o_scale component_id=7 lut_exp=0 qo_len=8 kv_len=4096 n_heads=12 n_kv_heads=2 head_dim=128 kv_head=1 worker=0 block_r=0 block_c=-1 t0_us=2283935493759 t1_us=2283935493760 dur_us=0
FIG8_ATTENTION_EVENT mode=scna-int8 phase=measure iteration=2 component=o_store component_id=8 lut_exp=0 qo_len=8 kv_len=4096 n_heads=12 n_kv_heads=2 head_dim=128 kv_head=1 worker=0 block_r=0 block_c=-1 t0_us=2283935493760 t1_us=2283935493764 dur_us=3
FIG8_ATTENTION_HOST_TIMING mode=scna-int8 qo_len=8 kv_len=4096 n_heads=12 n_kv_heads=2 head_dim=128 phase=measure iteration=3 host_elapsed_us=5611 ret=0
FIG8_ATTENTION_PROFILE_COUNT mode=scna-int8 qo_len=8 phase=measure iteration=3 records=2 max_records=10
FIG8_ATTENTION_TIMERS mode=scna-int8 phase=measure iteration=3 lut_exp=0 nonlinear_mode=2 scna_width=8 scna_exp=2265 qo_len=8 kv_len=4096 n_heads=12 n_kv_heads=2 head_dim=128 kv_head=0 worker=0 profiled_total=2693 q_load=2 k_load=191 v_load=174 qk_dot=4 safe_sm=2316 core_acc=3 o_scale=0 o_store=3
FIG8_ATTENTION_TIMERS mode=scna-int8 phase=measure iteration=3 lut_exp=0 nonlinear_mode=2 scna_width=8 scna_exp=2241 qo_len=8 kv_len=4096 n_heads=12 n_kv_heads=2 head_dim=128 kv_head=1 worker=0 profiled_total=2677 q_load=2 k_load=200 v_load=177 qk_dot=4 safe_sm=2287 core_acc=4 o_scale=0 o_store=3
FIG8_ATTENTION_EVENT_COUNT mode=scna-int8 qo_len=8 phase=measure iteration=3 events=16 max_events=6320 overflow=0
FIG8_ATTENTION_EVENT mode=scna-int8 phase=measure iteration=3 component=q_load component_id=1 lut_exp=0 qo_len=8 kv_len=4096 n_heads=12 n_kv_heads=2 head_dim=128 kv_head=0 worker=0 block_r=0 block_c=-1 t0_us=2283935494813 t1_us=2283935494816 dur_us=2
FIG8_ATTENTION_EVENT mode=scna-int8 phase=measure iteration=3 component=k_load component_id=2 lut_exp=0 qo_len=8 kv_len=4096 n_heads=12 n_kv_heads=2 head_dim=128 kv_head=0 worker=0 block_r=0 block_c=0 t0_us=2283935494817 t1_us=2283935495009 dur_us=191
FIG8_ATTENTION_EVENT mode=scna-int8 phase=measure iteration=3 component=qk_dot component_id=4 lut_exp=0 qo_len=8 kv_len=4096 n_heads=12 n_kv_heads=2 head_dim=128 kv_head=0 worker=0 block_r=0 block_c=0 t0_us=2283935495009 t1_us=2283935495013 dur_us=4
FIG8_ATTENTION_EVENT mode=scna-int8 phase=measure iteration=3 component=safe_sm component_id=5 lut_exp=0 qo_len=8 kv_len=4096 n_heads=12 n_kv_heads=2 head_dim=128 kv_head=0 worker=0 block_r=0 block_c=0 t0_us=2283935495013 t1_us=2283935497330 dur_us=2316
FIG8_ATTENTION_EVENT mode=scna-int8 phase=measure iteration=3 component=v_load component_id=3 lut_exp=0 qo_len=8 kv_len=4096 n_heads=12 n_kv_heads=2 head_dim=128 kv_head=0 worker=0 block_r=0 block_c=0 t0_us=2283935497331 t1_us=2283935497506 dur_us=174
FIG8_ATTENTION_EVENT mode=scna-int8 phase=measure iteration=3 component=core_acc component_id=6 lut_exp=0 qo_len=8 kv_len=4096 n_heads=12 n_kv_heads=2 head_dim=128 kv_head=0 worker=0 block_r=0 block_c=0 t0_us=2283935497506 t1_us=2283935497510 dur_us=3
FIG8_ATTENTION_EVENT mode=scna-int8 phase=measure iteration=3 component=o_scale component_id=7 lut_exp=0 qo_len=8 kv_len=4096 n_heads=12 n_kv_heads=2 head_dim=128 kv_head=0 worker=0 block_r=0 block_c=-1 t0_us=2283935497511 t1_us=2283935497512 dur_us=0
FIG8_ATTENTION_EVENT mode=scna-int8 phase=measure iteration=3 component=o_store component_id=8 lut_exp=0 qo_len=8 kv_len=4096 n_heads=12 n_kv_heads=2 head_dim=128 kv_head=0 worker=0 block_r=0 block_c=-1 t0_us=2283935497512 t1_us=2283935497515 dur_us=3
FIG8_ATTENTION_EVENT mode=scna-int8 phase=measure iteration=3 component=q_load component_id=1 lut_exp=0 qo_len=8 kv_len=4096 n_heads=12 n_kv_heads=2 head_dim=128 kv_head=1 worker=0 block_r=0 block_c=-1 t0_us=2283935497557 t1_us=2283935497559 dur_us=2
FIG8_ATTENTION_EVENT mode=scna-int8 phase=measure iteration=3 component=k_load component_id=2 lut_exp=0 qo_len=8 kv_len=4096 n_heads=12 n_kv_heads=2 head_dim=128 kv_head=1 worker=0 block_r=0 block_c=0 t0_us=2283935497561 t1_us=2283935497762 dur_us=200
FIG8_ATTENTION_EVENT mode=scna-int8 phase=measure iteration=3 component=qk_dot component_id=4 lut_exp=0 qo_len=8 kv_len=4096 n_heads=12 n_kv_heads=2 head_dim=128 kv_head=1 worker=0 block_r=0 block_c=0 t0_us=2283935497762 t1_us=2283935497767 dur_us=4
FIG8_ATTENTION_EVENT mode=scna-int8 phase=measure iteration=3 component=safe_sm component_id=5 lut_exp=0 qo_len=8 kv_len=4096 n_heads=12 n_kv_heads=2 head_dim=128 kv_head=1 worker=0 block_r=0 block_c=0 t0_us=2283935497768 t1_us=2283935500055 dur_us=2287
FIG8_ATTENTION_EVENT mode=scna-int8 phase=measure iteration=3 component=v_load component_id=3 lut_exp=0 qo_len=8 kv_len=4096 n_heads=12 n_kv_heads=2 head_dim=128 kv_head=1 worker=0 block_r=0 block_c=0 t0_us=2283935500056 t1_us=2283935500233 dur_us=177
FIG8_ATTENTION_EVENT mode=scna-int8 phase=measure iteration=3 component=core_acc component_id=6 lut_exp=0 qo_len=8 kv_len=4096 n_heads=12 n_kv_heads=2 head_dim=128 kv_head=1 worker=0 block_r=0 block_c=0 t0_us=2283935500234 t1_us=2283935500238 dur_us=4
FIG8_ATTENTION_EVENT mode=scna-int8 phase=measure iteration=3 component=o_scale component_id=7 lut_exp=0 qo_len=8 kv_len=4096 n_heads=12 n_kv_heads=2 head_dim=128 kv_head=1 worker=0 block_r=0 block_c=-1 t0_us=2283935500239 t1_us=2283935500240 dur_us=0
FIG8_ATTENTION_EVENT mode=scna-int8 phase=measure iteration=3 component=o_store component_id=8 lut_exp=0 qo_len=8 kv_len=4096 n_heads=12 n_kv_heads=2 head_dim=128 kv_head=1 worker=0 block_r=0 block_c=-1 t0_us=2283935500240 t1_us=2283935500243 dur_us=3
FIG8_ATTENTION_HOST_TIMING mode=scna-int8 qo_len=8 kv_len=4096 n_heads=12 n_kv_heads=2 head_dim=128 phase=measure iteration=4 host_elapsed_us=5636 ret=0
FIG8_ATTENTION_PROFILE_COUNT mode=scna-int8 qo_len=8 phase=measure iteration=4 records=2 max_records=10
FIG8_ATTENTION_TIMERS mode=scna-int8 phase=measure iteration=4 lut_exp=0 nonlinear_mode=2 scna_width=8 scna_exp=2256 qo_len=8 kv_len=4096 n_heads=12 n_kv_heads=2 head_dim=128 kv_head=0 worker=0 profiled_total=2683 q_load=2 k_load=189 v_load=173 qk_dot=4 safe_sm=2309 core_acc=3 o_scale=0 o_store=3
FIG8_ATTENTION_TIMERS mode=scna-int8 phase=measure iteration=4 lut_exp=0 nonlinear_mode=2 scna_width=8 scna_exp=2236 qo_len=8 kv_len=4096 n_heads=12 n_kv_heads=2 head_dim=128 kv_head=1 worker=0 profiled_total=2668 q_load=2 k_load=202 v_load=172 qk_dot=4 safe_sm=2281 core_acc=4 o_scale=0 o_store=3
FIG8_ATTENTION_EVENT_COUNT mode=scna-int8 qo_len=8 phase=measure iteration=4 events=16 max_events=6320 overflow=0
FIG8_ATTENTION_EVENT mode=scna-int8 phase=measure iteration=4 component=q_load component_id=1 lut_exp=0 qo_len=8 kv_len=4096 n_heads=12 n_kv_heads=2 head_dim=128 kv_head=0 worker=0 block_r=0 block_c=-1 t0_us=2283935500736 t1_us=2283935500739 dur_us=2
FIG8_ATTENTION_EVENT mode=scna-int8 phase=measure iteration=4 component=k_load component_id=2 lut_exp=0 qo_len=8 kv_len=4096 n_heads=12 n_kv_heads=2 head_dim=128 kv_head=0 worker=0 block_r=0 block_c=0 t0_us=2283935500740 t1_us=2283935500930 dur_us=189
FIG8_ATTENTION_EVENT mode=scna-int8 phase=measure iteration=4 component=qk_dot component_id=4 lut_exp=0 qo_len=8 kv_len=4096 n_heads=12 n_kv_heads=2 head_dim=128 kv_head=0 worker=0 block_r=0 block_c=0 t0_us=2283935500930 t1_us=2283935500934 dur_us=4
FIG8_ATTENTION_EVENT mode=scna-int8 phase=measure iteration=4 component=safe_sm component_id=5 lut_exp=0 qo_len=8 kv_len=4096 n_heads=12 n_kv_heads=2 head_dim=128 kv_head=0 worker=0 block_r=0 block_c=0 t0_us=2283935500934 t1_us=2283935503244 dur_us=2309
FIG8_ATTENTION_EVENT mode=scna-int8 phase=measure iteration=4 component=v_load component_id=3 lut_exp=0 qo_len=8 kv_len=4096 n_heads=12 n_kv_heads=2 head_dim=128 kv_head=0 worker=0 block_r=0 block_c=0 t0_us=2283935503245 t1_us=2283935503418 dur_us=173
FIG8_ATTENTION_EVENT mode=scna-int8 phase=measure iteration=4 component=core_acc component_id=6 lut_exp=0 qo_len=8 kv_len=4096 n_heads=12 n_kv_heads=2 head_dim=128 kv_head=0 worker=0 block_r=0 block_c=0 t0_us=2283935503419 t1_us=2283935503423 dur_us=3
FIG8_ATTENTION_EVENT mode=scna-int8 phase=measure iteration=4 component=o_scale component_id=7 lut_exp=0 qo_len=8 kv_len=4096 n_heads=12 n_kv_heads=2 head_dim=128 kv_head=0 worker=0 block_r=0 block_c=-1 t0_us=2283935503423 t1_us=2283935503424 dur_us=0
FIG8_ATTENTION_EVENT mode=scna-int8 phase=measure iteration=4 component=o_store component_id=8 lut_exp=0 qo_len=8 kv_len=4096 n_heads=12 n_kv_heads=2 head_dim=128 kv_head=0 worker=0 block_r=0 block_c=-1 t0_us=2283935503425 t1_us=2283935503428 dur_us=3
FIG8_ATTENTION_EVENT mode=scna-int8 phase=measure iteration=4 component=q_load component_id=1 lut_exp=0 qo_len=8 kv_len=4096 n_heads=12 n_kv_heads=2 head_dim=128 kv_head=1 worker=0 block_r=0 block_c=-1 t0_us=2283935503471 t1_us=2283935503474 dur_us=2
FIG8_ATTENTION_EVENT mode=scna-int8 phase=measure iteration=4 component=k_load component_id=2 lut_exp=0 qo_len=8 kv_len=4096 n_heads=12 n_kv_heads=2 head_dim=128 kv_head=1 worker=0 block_r=0 block_c=0 t0_us=2283935503476 t1_us=2283935503678 dur_us=202
FIG8_ATTENTION_EVENT mode=scna-int8 phase=measure iteration=4 component=qk_dot component_id=4 lut_exp=0 qo_len=8 kv_len=4096 n_heads=12 n_kv_heads=2 head_dim=128 kv_head=1 worker=0 block_r=0 block_c=0 t0_us=2283935503678 t1_us=2283935503683 dur_us=4
FIG8_ATTENTION_EVENT mode=scna-int8 phase=measure iteration=4 component=safe_sm component_id=5 lut_exp=0 qo_len=8 kv_len=4096 n_heads=12 n_kv_heads=2 head_dim=128 kv_head=1 worker=0 block_r=0 block_c=0 t0_us=2283935503684 t1_us=2283935505965 dur_us=2281
FIG8_ATTENTION_EVENT mode=scna-int8 phase=measure iteration=4 component=v_load component_id=3 lut_exp=0 qo_len=8 kv_len=4096 n_heads=12 n_kv_heads=2 head_dim=128 kv_head=1 worker=0 block_r=0 block_c=0 t0_us=2283935505966 t1_us=2283935506139 dur_us=172
FIG8_ATTENTION_EVENT mode=scna-int8 phase=measure iteration=4 component=core_acc component_id=6 lut_exp=0 qo_len=8 kv_len=4096 n_heads=12 n_kv_heads=2 head_dim=128 kv_head=1 worker=0 block_r=0 block_c=0 t0_us=2283935506140 t1_us=2283935506144 dur_us=4
FIG8_ATTENTION_EVENT mode=scna-int8 phase=measure iteration=4 component=o_scale component_id=7 lut_exp=0 qo_len=8 kv_len=4096 n_heads=12 n_kv_heads=2 head_dim=128 kv_head=1 worker=0 block_r=0 block_c=-1 t0_us=2283935506145 t1_us=2283935506145 dur_us=0
FIG8_ATTENTION_EVENT mode=scna-int8 phase=measure iteration=4 component=o_store component_id=8 lut_exp=0 qo_len=8 kv_len=4096 n_heads=12 n_kv_heads=2 head_dim=128 kv_head=1 worker=0 block_r=0 block_c=-1 t0_us=2283935506146 t1_us=2283935506149 dur_us=3
FIG8_ATTENTION_HOST_TIMING mode=scna-int8 qo_len=8 kv_len=4096 n_heads=12 n_kv_heads=2 head_dim=128 phase=measure iteration=5 host_elapsed_us=5628 ret=0
FIG8_ATTENTION_PROFILE_COUNT mode=scna-int8 qo_len=8 phase=measure iteration=5 records=2 max_records=10
FIG8_ATTENTION_TIMERS mode=scna-int8 phase=measure iteration=5 lut_exp=0 nonlinear_mode=2 scna_width=8 scna_exp=2242 qo_len=8 kv_len=4096 n_heads=12 n_kv_heads=2 head_dim=128 kv_head=0 worker=0 profiled_total=2673 q_load=2 k_load=189 v_load=176 qk_dot=4 safe_sm=2296 core_acc=3 o_scale=0 o_store=3
FIG8_ATTENTION_TIMERS mode=scna-int8 phase=measure iteration=5 lut_exp=0 nonlinear_mode=2 scna_width=8 scna_exp=2263 qo_len=8 kv_len=4096 n_heads=12 n_kv_heads=2 head_dim=128 kv_head=1 worker=0 profiled_total=2696 q_load=2 k_load=201 v_load=172 qk_dot=4 safe_sm=2309 core_acc=4 o_scale=1 o_store=3
FIG8_ATTENTION_EVENT_COUNT mode=scna-int8 qo_len=8 phase=measure iteration=5 events=16 max_events=6320 overflow=0
FIG8_ATTENTION_EVENT mode=scna-int8 phase=measure iteration=5 component=q_load component_id=1 lut_exp=0 qo_len=8 kv_len=4096 n_heads=12 n_kv_heads=2 head_dim=128 kv_head=0 worker=0 block_r=0 block_c=-1 t0_us=2283935506683 t1_us=2283935506686 dur_us=2
FIG8_ATTENTION_EVENT mode=scna-int8 phase=measure iteration=5 component=k_load component_id=2 lut_exp=0 qo_len=8 kv_len=4096 n_heads=12 n_kv_heads=2 head_dim=128 kv_head=0 worker=0 block_r=0 block_c=0 t0_us=2283935506687 t1_us=2283935506877 dur_us=189
FIG8_ATTENTION_EVENT mode=scna-int8 phase=measure iteration=5 component=qk_dot component_id=4 lut_exp=0 qo_len=8 kv_len=4096 n_heads=12 n_kv_heads=2 head_dim=128 kv_head=0 worker=0 block_r=0 block_c=0 t0_us=2283935506877 t1_us=2283935506881 dur_us=4
FIG8_ATTENTION_EVENT mode=scna-int8 phase=measure iteration=5 component=safe_sm component_id=5 lut_exp=0 qo_len=8 kv_len=4096 n_heads=12 n_kv_heads=2 head_dim=128 kv_head=0 worker=0 block_r=0 block_c=0 t0_us=2283935506881 t1_us=2283935509178 dur_us=2296
FIG8_ATTENTION_EVENT mode=scna-int8 phase=measure iteration=5 component=v_load component_id=3 lut_exp=0 qo_len=8 kv_len=4096 n_heads=12 n_kv_heads=2 head_dim=128 kv_head=0 worker=0 block_r=0 block_c=0 t0_us=2283935509179 t1_us=2283935509355 dur_us=176
FIG8_ATTENTION_EVENT mode=scna-int8 phase=measure iteration=5 component=core_acc component_id=6 lut_exp=0 qo_len=8 kv_len=4096 n_heads=12 n_kv_heads=2 head_dim=128 kv_head=0 worker=0 block_r=0 block_c=0 t0_us=2283935509356 t1_us=2283935509359 dur_us=3
FIG8_ATTENTION_EVENT mode=scna-int8 phase=measure iteration=5 component=o_scale component_id=7 lut_exp=0 qo_len=8 kv_len=4096 n_heads=12 n_kv_heads=2 head_dim=128 kv_head=0 worker=0 block_r=0 block_c=-1 t0_us=2283935509360 t1_us=2283935509361 dur_us=0
FIG8_ATTENTION_EVENT mode=scna-int8 phase=measure iteration=5 component=o_store component_id=8 lut_exp=0 qo_len=8 kv_len=4096 n_heads=12 n_kv_heads=2 head_dim=128 kv_head=0 worker=0 block_r=0 block_c=-1 t0_us=2283935509361 t1_us=2283935509365 dur_us=3
FIG8_ATTENTION_EVENT mode=scna-int8 phase=measure iteration=5 component=q_load component_id=1 lut_exp=0 qo_len=8 kv_len=4096 n_heads=12 n_kv_heads=2 head_dim=128 kv_head=1 worker=0 block_r=0 block_c=-1 t0_us=2283935509408 t1_us=2283935509411 dur_us=2
FIG8_ATTENTION_EVENT mode=scna-int8 phase=measure iteration=5 component=k_load component_id=2 lut_exp=0 qo_len=8 kv_len=4096 n_heads=12 n_kv_heads=2 head_dim=128 kv_head=1 worker=0 block_r=0 block_c=0 t0_us=2283935509412 t1_us=2283935509614 dur_us=201
FIG8_ATTENTION_EVENT mode=scna-int8 phase=measure iteration=5 component=qk_dot component_id=4 lut_exp=0 qo_len=8 kv_len=4096 n_heads=12 n_kv_heads=2 head_dim=128 kv_head=1 worker=0 block_r=0 block_c=0 t0_us=2283935509614 t1_us=2283935509619 dur_us=4
FIG8_ATTENTION_EVENT mode=scna-int8 phase=measure iteration=5 component=safe_sm component_id=5 lut_exp=0 qo_len=8 kv_len=4096 n_heads=12 n_kv_heads=2 head_dim=128 kv_head=1 worker=0 block_r=0 block_c=0 t0_us=2283935509620 t1_us=2283935511929 dur_us=2309
FIG8_ATTENTION_EVENT mode=scna-int8 phase=measure iteration=5 component=v_load component_id=3 lut_exp=0 qo_len=8 kv_len=4096 n_heads=12 n_kv_heads=2 head_dim=128 kv_head=1 worker=0 block_r=0 block_c=0 t0_us=2283935511930 t1_us=2283935512102 dur_us=172
FIG8_ATTENTION_EVENT mode=scna-int8 phase=measure iteration=5 component=core_acc component_id=6 lut_exp=0 qo_len=8 kv_len=4096 n_heads=12 n_kv_heads=2 head_dim=128 kv_head=1 worker=0 block_r=0 block_c=0 t0_us=2283935512103 t1_us=2283935512107 dur_us=4
FIG8_ATTENTION_EVENT mode=scna-int8 phase=measure iteration=5 component=o_scale component_id=7 lut_exp=0 qo_len=8 kv_len=4096 n_heads=12 n_kv_heads=2 head_dim=128 kv_head=1 worker=0 block_r=0 block_c=-1 t0_us=2283935512108 t1_us=2283935512109 dur_us=1
FIG8_ATTENTION_EVENT mode=scna-int8 phase=measure iteration=5 component=o_store component_id=8 lut_exp=0 qo_len=8 kv_len=4096 n_heads=12 n_kv_heads=2 head_dim=128 kv_head=1 worker=0 block_r=0 block_c=-1 t0_us=2283935512109 t1_us=2283935512113 dur_us=3
FIG8_ATTENTION_HOST_TIMING mode=scna-int8 qo_len=8 kv_len=4096 n_heads=12 n_kv_heads=2 head_dim=128 phase=measure iteration=6 host_elapsed_us=5678 ret=0
FIG8_ATTENTION_PROFILE_COUNT mode=scna-int8 qo_len=8 phase=measure iteration=6 records=2 max_records=10
FIG8_ATTENTION_TIMERS mode=scna-int8 phase=measure iteration=6 lut_exp=0 nonlinear_mode=2 scna_width=8 scna_exp=2238 qo_len=8 kv_len=4096 n_heads=12 n_kv_heads=2 head_dim=128 kv_head=0 worker=0 profiled_total=2665 q_load=2 k_load=189 v_load=175 qk_dot=4 safe_sm=2289 core_acc=3 o_scale=0 o_store=3
FIG8_ATTENTION_TIMERS mode=scna-int8 phase=measure iteration=6 lut_exp=0 nonlinear_mode=2 scna_width=8 scna_exp=2250 qo_len=8 kv_len=4096 n_heads=12 n_kv_heads=2 head_dim=128 kv_head=1 worker=0 profiled_total=2696 q_load=2 k_load=207 v_load=174 qk_dot=4 safe_sm=2302 core_acc=4 o_scale=0 o_store=3
FIG8_ATTENTION_EVENT_COUNT mode=scna-int8 qo_len=8 phase=measure iteration=6 events=16 max_events=6320 overflow=0
FIG8_ATTENTION_EVENT mode=scna-int8 phase=measure iteration=6 component=q_load component_id=1 lut_exp=0 qo_len=8 kv_len=4096 n_heads=12 n_kv_heads=2 head_dim=128 kv_head=0 worker=0 block_r=0 block_c=-1 t0_us=2283935512712 t1_us=2283935512714 dur_us=2
FIG8_ATTENTION_EVENT mode=scna-int8 phase=measure iteration=6 component=k_load component_id=2 lut_exp=0 qo_len=8 kv_len=4096 n_heads=12 n_kv_heads=2 head_dim=128 kv_head=0 worker=0 block_r=0 block_c=0 t0_us=2283935512715 t1_us=2283935512905 dur_us=189
FIG8_ATTENTION_EVENT mode=scna-int8 phase=measure iteration=6 component=qk_dot component_id=4 lut_exp=0 qo_len=8 kv_len=4096 n_heads=12 n_kv_heads=2 head_dim=128 kv_head=0 worker=0 block_r=0 block_c=0 t0_us=2283935512905 t1_us=2283935512909 dur_us=4
FIG8_ATTENTION_EVENT mode=scna-int8 phase=measure iteration=6 component=safe_sm component_id=5 lut_exp=0 qo_len=8 kv_len=4096 n_heads=12 n_kv_heads=2 head_dim=128 kv_head=0 worker=0 block_r=0 block_c=0 t0_us=2283935512910 t1_us=2283935515199 dur_us=2289
FIG8_ATTENTION_EVENT mode=scna-int8 phase=measure iteration=6 component=v_load component_id=3 lut_exp=0 qo_len=8 kv_len=4096 n_heads=12 n_kv_heads=2 head_dim=128 kv_head=0 worker=0 block_r=0 block_c=0 t0_us=2283935515199 t1_us=2283935515375 dur_us=175
FIG8_ATTENTION_EVENT mode=scna-int8 phase=measure iteration=6 component=core_acc component_id=6 lut_exp=0 qo_len=8 kv_len=4096 n_heads=12 n_kv_heads=2 head_dim=128 kv_head=0 worker=0 block_r=0 block_c=0 t0_us=2283935515376 t1_us=2283935515379 dur_us=3
FIG8_ATTENTION_EVENT mode=scna-int8 phase=measure iteration=6 component=o_scale component_id=7 lut_exp=0 qo_len=8 kv_len=4096 n_heads=12 n_kv_heads=2 head_dim=128 kv_head=0 worker=0 block_r=0 block_c=-1 t0_us=2283935515380 t1_us=2283935515381 dur_us=0
FIG8_ATTENTION_EVENT mode=scna-int8 phase=measure iteration=6 component=o_store component_id=8 lut_exp=0 qo_len=8 kv_len=4096 n_heads=12 n_kv_heads=2 head_dim=128 kv_head=0 worker=0 block_r=0 block_c=-1 t0_us=2283935515381 t1_us=2283935515385 dur_us=3
FIG8_ATTENTION_EVENT mode=scna-int8 phase=measure iteration=6 component=q_load component_id=1 lut_exp=0 qo_len=8 kv_len=4096 n_heads=12 n_kv_heads=2 head_dim=128 kv_head=1 worker=0 block_r=0 block_c=-1 t0_us=2283935515427 t1_us=2283935515430 dur_us=2
FIG8_ATTENTION_EVENT mode=scna-int8 phase=measure iteration=6 component=k_load component_id=2 lut_exp=0 qo_len=8 kv_len=4096 n_heads=12 n_kv_heads=2 head_dim=128 kv_head=1 worker=0 block_r=0 block_c=0 t0_us=2283935515431 t1_us=2283935515639 dur_us=207
FIG8_ATTENTION_EVENT mode=scna-int8 phase=measure iteration=6 component=qk_dot component_id=4 lut_exp=0 qo_len=8 kv_len=4096 n_heads=12 n_kv_heads=2 head_dim=128 kv_head=1 worker=0 block_r=0 block_c=0 t0_us=2283935515639 t1_us=2283935515644 dur_us=4
FIG8_ATTENTION_EVENT mode=scna-int8 phase=measure iteration=6 component=safe_sm component_id=5 lut_exp=0 qo_len=8 kv_len=4096 n_heads=12 n_kv_heads=2 head_dim=128 kv_head=1 worker=0 block_r=0 block_c=0 t0_us=2283935515645 t1_us=2283935517948 dur_us=2302
FIG8_ATTENTION_EVENT mode=scna-int8 phase=measure iteration=6 component=v_load component_id=3 lut_exp=0 qo_len=8 kv_len=4096 n_heads=12 n_kv_heads=2 head_dim=128 kv_head=1 worker=0 block_r=0 block_c=0 t0_us=2283935517948 t1_us=2283935518123 dur_us=174
FIG8_ATTENTION_EVENT mode=scna-int8 phase=measure iteration=6 component=core_acc component_id=6 lut_exp=0 qo_len=8 kv_len=4096 n_heads=12 n_kv_heads=2 head_dim=128 kv_head=1 worker=0 block_r=0 block_c=0 t0_us=2283935518124 t1_us=2283935518128 dur_us=4
FIG8_ATTENTION_EVENT mode=scna-int8 phase=measure iteration=6 component=o_scale component_id=7 lut_exp=0 qo_len=8 kv_len=4096 n_heads=12 n_kv_heads=2 head_dim=128 kv_head=1 worker=0 block_r=0 block_c=-1 t0_us=2283935518128 t1_us=2283935518129 dur_us=0
FIG8_ATTENTION_EVENT mode=scna-int8 phase=measure iteration=6 component=o_store component_id=8 lut_exp=0 qo_len=8 kv_len=4096 n_heads=12 n_kv_heads=2 head_dim=128 kv_head=1 worker=0 block_r=0 block_c=-1 t0_us=2283935518130 t1_us=2283935518133 dur_us=3
FIG8_ATTENTION_HOST_TIMING mode=scna-int8 qo_len=8 kv_len=4096 n_heads=12 n_kv_heads=2 head_dim=128 phase=measure iteration=7 host_elapsed_us=5729 ret=0
FIG8_ATTENTION_PROFILE_COUNT mode=scna-int8 qo_len=8 phase=measure iteration=7 records=2 max_records=10
FIG8_ATTENTION_TIMERS mode=scna-int8 phase=measure iteration=7 lut_exp=0 nonlinear_mode=2 scna_width=8 scna_exp=2246 qo_len=8 kv_len=4096 n_heads=12 n_kv_heads=2 head_dim=128 kv_head=0 worker=0 profiled_total=2675 q_load=2 k_load=188 v_load=177 qk_dot=4 safe_sm=2298 core_acc=3 o_scale=0 o_store=3
FIG8_ATTENTION_TIMERS mode=scna-int8 phase=measure iteration=7 lut_exp=0 nonlinear_mode=2 scna_width=8 scna_exp=2236 qo_len=8 kv_len=4096 n_heads=12 n_kv_heads=2 head_dim=128 kv_head=1 worker=0 profiled_total=2674 q_load=2 k_load=203 v_load=173 qk_dot=4 safe_sm=2285 core_acc=4 o_scale=0 o_store=3
FIG8_ATTENTION_EVENT_COUNT mode=scna-int8 qo_len=8 phase=measure iteration=7 events=16 max_events=6320 overflow=0
FIG8_ATTENTION_EVENT mode=scna-int8 phase=measure iteration=7 component=q_load component_id=1 lut_exp=0 qo_len=8 kv_len=4096 n_heads=12 n_kv_heads=2 head_dim=128 kv_head=0 worker=0 block_r=0 block_c=-1 t0_us=2283935518712 t1_us=2283935518714 dur_us=2
FIG8_ATTENTION_EVENT mode=scna-int8 phase=measure iteration=7 component=k_load component_id=2 lut_exp=0 qo_len=8 kv_len=4096 n_heads=12 n_kv_heads=2 head_dim=128 kv_head=0 worker=0 block_r=0 block_c=0 t0_us=2283935518715 t1_us=2283935518904 dur_us=188
FIG8_ATTENTION_EVENT mode=scna-int8 phase=measure iteration=7 component=qk_dot component_id=4 lut_exp=0 qo_len=8 kv_len=4096 n_heads=12 n_kv_heads=2 head_dim=128 kv_head=0 worker=0 block_r=0 block_c=0 t0_us=2283935518904 t1_us=2283935518908 dur_us=4
FIG8_ATTENTION_EVENT mode=scna-int8 phase=measure iteration=7 component=safe_sm component_id=5 lut_exp=0 qo_len=8 kv_len=4096 n_heads=12 n_kv_heads=2 head_dim=128 kv_head=0 worker=0 block_r=0 block_c=0 t0_us=2283935518908 t1_us=2283935521207 dur_us=2298
FIG8_ATTENTION_EVENT mode=scna-int8 phase=measure iteration=7 component=v_load component_id=3 lut_exp=0 qo_len=8 kv_len=4096 n_heads=12 n_kv_heads=2 head_dim=128 kv_head=0 worker=0 block_r=0 block_c=0 t0_us=2283935521208 t1_us=2283935521385 dur_us=177
FIG8_ATTENTION_EVENT mode=scna-int8 phase=measure iteration=7 component=core_acc component_id=6 lut_exp=0 qo_len=8 kv_len=4096 n_heads=12 n_kv_heads=2 head_dim=128 kv_head=0 worker=0 block_r=0 block_c=0 t0_us=2283935521386 t1_us=2283935521389 dur_us=3
FIG8_ATTENTION_EVENT mode=scna-int8 phase=measure iteration=7 component=o_scale component_id=7 lut_exp=0 qo_len=8 kv_len=4096 n_heads=12 n_kv_heads=2 head_dim=128 kv_head=0 worker=0 block_r=0 block_c=-1 t0_us=2283935521390 t1_us=2283935521391 dur_us=0
FIG8_ATTENTION_EVENT mode=scna-int8 phase=measure iteration=7 component=o_store component_id=8 lut_exp=0 qo_len=8 kv_len=4096 n_heads=12 n_kv_heads=2 head_dim=128 kv_head=0 worker=0 block_r=0 block_c=-1 t0_us=2283935521391 t1_us=2283935521395 dur_us=3
FIG8_ATTENTION_EVENT mode=scna-int8 phase=measure iteration=7 component=q_load component_id=1 lut_exp=0 qo_len=8 kv_len=4096 n_heads=12 n_kv_heads=2 head_dim=128 kv_head=1 worker=0 block_r=0 block_c=-1 t0_us=2283935521438 t1_us=2283935521441 dur_us=2
FIG8_ATTENTION_EVENT mode=scna-int8 phase=measure iteration=7 component=k_load component_id=2 lut_exp=0 qo_len=8 kv_len=4096 n_heads=12 n_kv_heads=2 head_dim=128 kv_head=1 worker=0 block_r=0 block_c=0 t0_us=2283935521443 t1_us=2283935521646 dur_us=203
FIG8_ATTENTION_EVENT mode=scna-int8 phase=measure iteration=7 component=qk_dot component_id=4 lut_exp=0 qo_len=8 kv_len=4096 n_heads=12 n_kv_heads=2 head_dim=128 kv_head=1 worker=0 block_r=0 block_c=0 t0_us=2283935521647 t1_us=2283935521651 dur_us=4
FIG8_ATTENTION_EVENT mode=scna-int8 phase=measure iteration=7 component=safe_sm component_id=5 lut_exp=0 qo_len=8 kv_len=4096 n_heads=12 n_kv_heads=2 head_dim=128 kv_head=1 worker=0 block_r=0 block_c=0 t0_us=2283935521652 t1_us=2283935523937 dur_us=2285
FIG8_ATTENTION_EVENT mode=scna-int8 phase=measure iteration=7 component=v_load component_id=3 lut_exp=0 qo_len=8 kv_len=4096 n_heads=12 n_kv_heads=2 head_dim=128 kv_head=1 worker=0 block_r=0 block_c=0 t0_us=2283935523938 t1_us=2283935524111 dur_us=173
FIG8_ATTENTION_EVENT mode=scna-int8 phase=measure iteration=7 component=core_acc component_id=6 lut_exp=0 qo_len=8 kv_len=4096 n_heads=12 n_kv_heads=2 head_dim=128 kv_head=1 worker=0 block_r=0 block_c=0 t0_us=2283935524112 t1_us=2283935524116 dur_us=4
FIG8_ATTENTION_EVENT mode=scna-int8 phase=measure iteration=7 component=o_scale component_id=7 lut_exp=0 qo_len=8 kv_len=4096 n_heads=12 n_kv_heads=2 head_dim=128 kv_head=1 worker=0 block_r=0 block_c=-1 t0_us=2283935524117 t1_us=2283935524118 dur_us=0
FIG8_ATTENTION_EVENT mode=scna-int8 phase=measure iteration=7 component=o_store component_id=8 lut_exp=0 qo_len=8 kv_len=4096 n_heads=12 n_kv_heads=2 head_dim=128 kv_head=1 worker=0 block_r=0 block_c=-1 t0_us=2283935524118 t1_us=2283935524122 dur_us=3
FIG8_ATTENTION_HOST_TIMING mode=scna-int8 qo_len=8 kv_len=4096 n_heads=12 n_kv_heads=2 head_dim=128 phase=measure iteration=8 host_elapsed_us=5662 ret=0
FIG8_ATTENTION_PROFILE_COUNT mode=scna-int8 qo_len=8 phase=measure iteration=8 records=2 max_records=10
FIG8_ATTENTION_TIMERS mode=scna-int8 phase=measure iteration=8 lut_exp=0 nonlinear_mode=2 scna_width=8 scna_exp=2240 qo_len=8 kv_len=4096 n_heads=12 n_kv_heads=2 head_dim=128 kv_head=0 worker=0 profiled_total=2670 q_load=2 k_load=190 v_load=175 qk_dot=4 safe_sm=2293 core_acc=3 o_scale=0 o_store=3
FIG8_ATTENTION_TIMERS mode=scna-int8 phase=measure iteration=8 lut_exp=0 nonlinear_mode=2 scna_width=8 scna_exp=2249 qo_len=8 kv_len=4096 n_heads=12 n_kv_heads=2 head_dim=128 kv_head=1 worker=0 profiled_total=2678 q_load=2 k_load=200 v_load=168 qk_dot=4 safe_sm=2297 core_acc=4 o_scale=0 o_store=3
FIG8_ATTENTION_EVENT_COUNT mode=scna-int8 qo_len=8 phase=measure iteration=8 events=16 max_events=6320 overflow=0
FIG8_ATTENTION_EVENT mode=scna-int8 phase=measure iteration=8 component=q_load component_id=1 lut_exp=0 qo_len=8 kv_len=4096 n_heads=12 n_kv_heads=2 head_dim=128 kv_head=0 worker=0 block_r=0 block_c=-1 t0_us=2283935524757 t1_us=2283935524760 dur_us=2
FIG8_ATTENTION_EVENT mode=scna-int8 phase=measure iteration=8 component=k_load component_id=2 lut_exp=0 qo_len=8 kv_len=4096 n_heads=12 n_kv_heads=2 head_dim=128 kv_head=0 worker=0 block_r=0 block_c=0 t0_us=2283935524761 t1_us=2283935524951 dur_us=190
FIG8_ATTENTION_EVENT mode=scna-int8 phase=measure iteration=8 component=qk_dot component_id=4 lut_exp=0 qo_len=8 kv_len=4096 n_heads=12 n_kv_heads=2 head_dim=128 kv_head=0 worker=0 block_r=0 block_c=0 t0_us=2283935524951 t1_us=2283935524955 dur_us=4
FIG8_ATTENTION_EVENT mode=scna-int8 phase=measure iteration=8 component=safe_sm component_id=5 lut_exp=0 qo_len=8 kv_len=4096 n_heads=12 n_kv_heads=2 head_dim=128 kv_head=0 worker=0 block_r=0 block_c=0 t0_us=2283935524956 t1_us=2283935527249 dur_us=2293
FIG8_ATTENTION_EVENT mode=scna-int8 phase=measure iteration=8 component=v_load component_id=3 lut_exp=0 qo_len=8 kv_len=4096 n_heads=12 n_kv_heads=2 head_dim=128 kv_head=0 worker=0 block_r=0 block_c=0 t0_us=2283935527250 t1_us=2283935527425 dur_us=175
FIG8_ATTENTION_EVENT mode=scna-int8 phase=measure iteration=8 component=core_acc component_id=6 lut_exp=0 qo_len=8 kv_len=4096 n_heads=12 n_kv_heads=2 head_dim=128 kv_head=0 worker=0 block_r=0 block_c=0 t0_us=2283935527425 t1_us=2283935527429 dur_us=3
FIG8_ATTENTION_EVENT mode=scna-int8 phase=measure iteration=8 component=o_scale component_id=7 lut_exp=0 qo_len=8 kv_len=4096 n_heads=12 n_kv_heads=2 head_dim=128 kv_head=0 worker=0 block_r=0 block_c=-1 t0_us=2283935527430 t1_us=2283935527431 dur_us=0
FIG8_ATTENTION_EVENT mode=scna-int8 phase=measure iteration=8 component=o_store component_id=8 lut_exp=0 qo_len=8 kv_len=4096 n_heads=12 n_kv_heads=2 head_dim=128 kv_head=0 worker=0 block_r=0 block_c=-1 t0_us=2283935527431 t1_us=2283935527435 dur_us=3
FIG8_ATTENTION_EVENT mode=scna-int8 phase=measure iteration=8 component=q_load component_id=1 lut_exp=0 qo_len=8 kv_len=4096 n_heads=12 n_kv_heads=2 head_dim=128 kv_head=1 worker=0 block_r=0 block_c=-1 t0_us=2283935527478 t1_us=2283935527480 dur_us=2
FIG8_ATTENTION_EVENT mode=scna-int8 phase=measure iteration=8 component=k_load component_id=2 lut_exp=0 qo_len=8 kv_len=4096 n_heads=12 n_kv_heads=2 head_dim=128 kv_head=1 worker=0 block_r=0 block_c=0 t0_us=2283935527482 t1_us=2283935527682 dur_us=200
FIG8_ATTENTION_EVENT mode=scna-int8 phase=measure iteration=8 component=qk_dot component_id=4 lut_exp=0 qo_len=8 kv_len=4096 n_heads=12 n_kv_heads=2 head_dim=128 kv_head=1 worker=0 block_r=0 block_c=0 t0_us=2283935527682 t1_us=2283935527687 dur_us=4
FIG8_ATTENTION_EVENT mode=scna-int8 phase=measure iteration=8 component=safe_sm component_id=5 lut_exp=0 qo_len=8 kv_len=4096 n_heads=12 n_kv_heads=2 head_dim=128 kv_head=1 worker=0 block_r=0 block_c=0 t0_us=2283935527688 t1_us=2283935529986 dur_us=2297
FIG8_ATTENTION_EVENT mode=scna-int8 phase=measure iteration=8 component=v_load component_id=3 lut_exp=0 qo_len=8 kv_len=4096 n_heads=12 n_kv_heads=2 head_dim=128 kv_head=1 worker=0 block_r=0 block_c=0 t0_us=2283935529986 t1_us=2283935530154 dur_us=168
FIG8_ATTENTION_EVENT mode=scna-int8 phase=measure iteration=8 component=core_acc component_id=6 lut_exp=0 qo_len=8 kv_len=4096 n_heads=12 n_kv_heads=2 head_dim=128 kv_head=1 worker=0 block_r=0 block_c=0 t0_us=2283935530155 t1_us=2283935530159 dur_us=4
FIG8_ATTENTION_EVENT mode=scna-int8 phase=measure iteration=8 component=o_scale component_id=7 lut_exp=0 qo_len=8 kv_len=4096 n_heads=12 n_kv_heads=2 head_dim=128 kv_head=1 worker=0 block_r=0 block_c=-1 t0_us=2283935530160 t1_us=2283935530161 dur_us=0
FIG8_ATTENTION_EVENT mode=scna-int8 phase=measure iteration=8 component=o_store component_id=8 lut_exp=0 qo_len=8 kv_len=4096 n_heads=12 n_kv_heads=2 head_dim=128 kv_head=1 worker=0 block_r=0 block_c=-1 t0_us=2283935530161 t1_us=2283935530165 dur_us=3
FIG8_ATTENTION_HOST_TIMING mode=scna-int8 qo_len=8 kv_len=4096 n_heads=12 n_kv_heads=2 head_dim=128 phase=measure iteration=9 host_elapsed_us=5581 ret=0
FIG8_ATTENTION_PROFILE_COUNT mode=scna-int8 qo_len=8 phase=measure iteration=9 records=2 max_records=10
FIG8_ATTENTION_TIMERS mode=scna-int8 phase=measure iteration=9 lut_exp=0 nonlinear_mode=2 scna_width=8 scna_exp=2242 qo_len=8 kv_len=4096 n_heads=12 n_kv_heads=2 head_dim=128 kv_head=0 worker=0 profiled_total=2673 q_load=2 k_load=189 v_load=175 qk_dot=4 safe_sm=2297 core_acc=3 o_scale=0 o_store=3
FIG8_ATTENTION_TIMERS mode=scna-int8 phase=measure iteration=9 lut_exp=0 nonlinear_mode=2 scna_width=8 scna_exp=2232 qo_len=8 kv_len=4096 n_heads=12 n_kv_heads=2 head_dim=128 kv_head=1 worker=0 profiled_total=2667 q_load=2 k_load=202 v_load=175 qk_dot=4 safe_sm=2277 core_acc=4 o_scale=0 o_store=3
FIG8_ATTENTION_EVENT_COUNT mode=scna-int8 qo_len=8 phase=measure iteration=9 events=16 max_events=6320 overflow=0
FIG8_ATTENTION_EVENT mode=scna-int8 phase=measure iteration=9 component=q_load component_id=1 lut_exp=0 qo_len=8 kv_len=4096 n_heads=12 n_kv_heads=2 head_dim=128 kv_head=0 worker=0 block_r=0 block_c=-1 t0_us=2283935530770 t1_us=2283935530772 dur_us=2
FIG8_ATTENTION_EVENT mode=scna-int8 phase=measure iteration=9 component=k_load component_id=2 lut_exp=0 qo_len=8 kv_len=4096 n_heads=12 n_kv_heads=2 head_dim=128 kv_head=0 worker=0 block_r=0 block_c=0 t0_us=2283935530773 t1_us=2283935530963 dur_us=189
FIG8_ATTENTION_EVENT mode=scna-int8 phase=measure iteration=9 component=qk_dot component_id=4 lut_exp=0 qo_len=8 kv_len=4096 n_heads=12 n_kv_heads=2 head_dim=128 kv_head=0 worker=0 block_r=0 block_c=0 t0_us=2283935530963 t1_us=2283935530967 dur_us=4
FIG8_ATTENTION_EVENT mode=scna-int8 phase=measure iteration=9 component=safe_sm component_id=5 lut_exp=0 qo_len=8 kv_len=4096 n_heads=12 n_kv_heads=2 head_dim=128 kv_head=0 worker=0 block_r=0 block_c=0 t0_us=2283935530968 t1_us=2283935533265 dur_us=2297
FIG8_ATTENTION_EVENT mode=scna-int8 phase=measure iteration=9 component=v_load component_id=3 lut_exp=0 qo_len=8 kv_len=4096 n_heads=12 n_kv_heads=2 head_dim=128 kv_head=0 worker=0 block_r=0 block_c=0 t0_us=2283935533265 t1_us=2283935533441 dur_us=175
FIG8_ATTENTION_EVENT mode=scna-int8 phase=measure iteration=9 component=core_acc component_id=6 lut_exp=0 qo_len=8 kv_len=4096 n_heads=12 n_kv_heads=2 head_dim=128 kv_head=0 worker=0 block_r=0 block_c=0 t0_us=2283935533441 t1_us=2283935533445 dur_us=3
FIG8_ATTENTION_EVENT mode=scna-int8 phase=measure iteration=9 component=o_scale component_id=7 lut_exp=0 qo_len=8 kv_len=4096 n_heads=12 n_kv_heads=2 head_dim=128 kv_head=0 worker=0 block_r=0 block_c=-1 t0_us=2283935533446 t1_us=2283935533447 dur_us=0
FIG8_ATTENTION_EVENT mode=scna-int8 phase=measure iteration=9 component=o_store component_id=8 lut_exp=0 qo_len=8 kv_len=4096 n_heads=12 n_kv_heads=2 head_dim=128 kv_head=0 worker=0 block_r=0 block_c=-1 t0_us=2283935533447 t1_us=2283935533451 dur_us=3
FIG8_ATTENTION_EVENT mode=scna-int8 phase=measure iteration=9 component=q_load component_id=1 lut_exp=0 qo_len=8 kv_len=4096 n_heads=12 n_kv_heads=2 head_dim=128 kv_head=1 worker=0 block_r=0 block_c=-1 t0_us=2283935533493 t1_us=2283935533496 dur_us=2
FIG8_ATTENTION_EVENT mode=scna-int8 phase=measure iteration=9 component=k_load component_id=2 lut_exp=0 qo_len=8 kv_len=4096 n_heads=12 n_kv_heads=2 head_dim=128 kv_head=1 worker=0 block_r=0 block_c=0 t0_us=2283935533497 t1_us=2283935533700 dur_us=202
FIG8_ATTENTION_EVENT mode=scna-int8 phase=measure iteration=9 component=qk_dot component_id=4 lut_exp=0 qo_len=8 kv_len=4096 n_heads=12 n_kv_heads=2 head_dim=128 kv_head=1 worker=0 block_r=0 block_c=0 t0_us=2283935533700 t1_us=2283935533705 dur_us=4
FIG8_ATTENTION_EVENT mode=scna-int8 phase=measure iteration=9 component=safe_sm component_id=5 lut_exp=0 qo_len=8 kv_len=4096 n_heads=12 n_kv_heads=2 head_dim=128 kv_head=1 worker=0 block_r=0 block_c=0 t0_us=2283935533705 t1_us=2283935535983 dur_us=2277
FIG8_ATTENTION_EVENT mode=scna-int8 phase=measure iteration=9 component=v_load component_id=3 lut_exp=0 qo_len=8 kv_len=4096 n_heads=12 n_kv_heads=2 head_dim=128 kv_head=1 worker=0 block_r=0 block_c=0 t0_us=2283935535984 t1_us=2283935536159 dur_us=175
FIG8_ATTENTION_EVENT mode=scna-int8 phase=measure iteration=9 component=core_acc component_id=6 lut_exp=0 qo_len=8 kv_len=4096 n_heads=12 n_kv_heads=2 head_dim=128 kv_head=1 worker=0 block_r=0 block_c=0 t0_us=2283935536160 t1_us=2283935536164 dur_us=4
FIG8_ATTENTION_EVENT mode=scna-int8 phase=measure iteration=9 component=o_scale component_id=7 lut_exp=0 qo_len=8 kv_len=4096 n_heads=12 n_kv_heads=2 head_dim=128 kv_head=1 worker=0 block_r=0 block_c=-1 t0_us=2283935536165 t1_us=2283935536165 dur_us=0
FIG8_ATTENTION_EVENT mode=scna-int8 phase=measure iteration=9 component=o_store component_id=8 lut_exp=0 qo_len=8 kv_len=4096 n_heads=12 n_kv_heads=2 head_dim=128 kv_head=1 worker=0 block_r=0 block_c=-1 t0_us=2283935536165 t1_us=2283935536169 dur_us=3
FIG8_ATTENTION_HOST_TIMING mode=scna-int8 qo_len=8 kv_len=4096 n_heads=12 n_kv_heads=2 head_dim=128 phase=measure iteration=10 host_elapsed_us=5644 ret=0
FIG8_ATTENTION_PROFILE_COUNT mode=scna-int8 qo_len=8 phase=measure iteration=10 records=2 max_records=10
FIG8_ATTENTION_TIMERS mode=scna-int8 phase=measure iteration=10 lut_exp=0 nonlinear_mode=2 scna_width=8 scna_exp=2244 qo_len=8 kv_len=4096 n_heads=12 n_kv_heads=2 head_dim=128 kv_head=0 worker=0 profiled_total=2650 q_load=2 k_load=186 v_load=158 qk_dot=4 safe_sm=2294 core_acc=3 o_scale=0 o_store=3
FIG8_ATTENTION_TIMERS mode=scna-int8 phase=measure iteration=10 lut_exp=0 nonlinear_mode=2 scna_width=8 scna_exp=2250 qo_len=8 kv_len=4096 n_heads=12 n_kv_heads=2 head_dim=128 kv_head=1 worker=0 profiled_total=2673 q_load=2 k_load=187 v_load=173 qk_dot=4 safe_sm=2300 core_acc=4 o_scale=0 o_store=3
FIG8_ATTENTION_EVENT_COUNT mode=scna-int8 qo_len=8 phase=measure iteration=10 events=16 max_events=6320 overflow=0
FIG8_ATTENTION_EVENT mode=scna-int8 phase=measure iteration=10 component=q_load component_id=1 lut_exp=0 qo_len=8 kv_len=4096 n_heads=12 n_kv_heads=2 head_dim=128 kv_head=0 worker=0 block_r=0 block_c=-1 t0_us=2283935536938 t1_us=2283935536941 dur_us=2
FIG8_ATTENTION_EVENT mode=scna-int8 phase=measure iteration=10 component=k_load component_id=2 lut_exp=0 qo_len=8 kv_len=4096 n_heads=12 n_kv_heads=2 head_dim=128 kv_head=0 worker=0 block_r=0 block_c=0 t0_us=2283935536942 t1_us=2283935537129 dur_us=186
FIG8_ATTENTION_EVENT mode=scna-int8 phase=measure iteration=10 component=qk_dot component_id=4 lut_exp=0 qo_len=8 kv_len=4096 n_heads=12 n_kv_heads=2 head_dim=128 kv_head=0 worker=0 block_r=0 block_c=0 t0_us=2283935537129 t1_us=2283935537133 dur_us=4
FIG8_ATTENTION_EVENT mode=scna-int8 phase=measure iteration=10 component=safe_sm component_id=5 lut_exp=0 qo_len=8 kv_len=4096 n_heads=12 n_kv_heads=2 head_dim=128 kv_head=0 worker=0 block_r=0 block_c=0 t0_us=2283935537133 t1_us=2283935539427 dur_us=2294
FIG8_ATTENTION_EVENT mode=scna-int8 phase=measure iteration=10 component=v_load component_id=3 lut_exp=0 qo_len=8 kv_len=4096 n_heads=12 n_kv_heads=2 head_dim=128 kv_head=0 worker=0 block_r=0 block_c=0 t0_us=2283935539428 t1_us=2283935539586 dur_us=158
FIG8_ATTENTION_EVENT mode=scna-int8 phase=measure iteration=10 component=core_acc component_id=6 lut_exp=0 qo_len=8 kv_len=4096 n_heads=12 n_kv_heads=2 head_dim=128 kv_head=0 worker=0 block_r=0 block_c=0 t0_us=2283935539587 t1_us=2283935539590 dur_us=3
FIG8_ATTENTION_EVENT mode=scna-int8 phase=measure iteration=10 component=o_scale component_id=7 lut_exp=0 qo_len=8 kv_len=4096 n_heads=12 n_kv_heads=2 head_dim=128 kv_head=0 worker=0 block_r=0 block_c=-1 t0_us=2283935539591 t1_us=2283935539592 dur_us=0
FIG8_ATTENTION_EVENT mode=scna-int8 phase=measure iteration=10 component=o_store component_id=8 lut_exp=0 qo_len=8 kv_len=4096 n_heads=12 n_kv_heads=2 head_dim=128 kv_head=0 worker=0 block_r=0 block_c=-1 t0_us=2283935539592 t1_us=2283935539595 dur_us=3
FIG8_ATTENTION_EVENT mode=scna-int8 phase=measure iteration=10 component=q_load component_id=1 lut_exp=0 qo_len=8 kv_len=4096 n_heads=12 n_kv_heads=2 head_dim=128 kv_head=1 worker=0 block_r=0 block_c=-1 t0_us=2283935539638 t1_us=2283935539641 dur_us=2
FIG8_ATTENTION_EVENT mode=scna-int8 phase=measure iteration=10 component=k_load component_id=2 lut_exp=0 qo_len=8 kv_len=4096 n_heads=12 n_kv_heads=2 head_dim=128 kv_head=1 worker=0 block_r=0 block_c=0 t0_us=2283935539642 t1_us=2283935539830 dur_us=187
FIG8_ATTENTION_EVENT mode=scna-int8 phase=measure iteration=10 component=qk_dot component_id=4 lut_exp=0 qo_len=8 kv_len=4096 n_heads=12 n_kv_heads=2 head_dim=128 kv_head=1 worker=0 block_r=0 block_c=0 t0_us=2283935539830 t1_us=2283935539835 dur_us=4
FIG8_ATTENTION_EVENT mode=scna-int8 phase=measure iteration=10 component=safe_sm component_id=5 lut_exp=0 qo_len=8 kv_len=4096 n_heads=12 n_kv_heads=2 head_dim=128 kv_head=1 worker=0 block_r=0 block_c=0 t0_us=2283935539836 t1_us=2283935542136 dur_us=2300
FIG8_ATTENTION_EVENT mode=scna-int8 phase=measure iteration=10 component=v_load component_id=3 lut_exp=0 qo_len=8 kv_len=4096 n_heads=12 n_kv_heads=2 head_dim=128 kv_head=1 worker=0 block_r=0 block_c=0 t0_us=2283935542137 t1_us=2283935542310 dur_us=173
FIG8_ATTENTION_EVENT mode=scna-int8 phase=measure iteration=10 component=core_acc component_id=6 lut_exp=0 qo_len=8 kv_len=4096 n_heads=12 n_kv_heads=2 head_dim=128 kv_head=1 worker=0 block_r=0 block_c=0 t0_us=2283935542311 t1_us=2283935542315 dur_us=4
FIG8_ATTENTION_EVENT mode=scna-int8 phase=measure iteration=10 component=o_scale component_id=7 lut_exp=0 qo_len=8 kv_len=4096 n_heads=12 n_kv_heads=2 head_dim=128 kv_head=1 worker=0 block_r=0 block_c=-1 t0_us=2283935542315 t1_us=2283935542316 dur_us=0
FIG8_ATTENTION_EVENT mode=scna-int8 phase=measure iteration=10 component=o_store component_id=8 lut_exp=0 qo_len=8 kv_len=4096 n_heads=12 n_kv_heads=2 head_dim=128 kv_head=1 worker=0 block_r=0 block_c=-1 t0_us=2283935542316 t1_us=2283935542320 dur_us=3
FIG8_ATTENTION_HOST_TIMING mode=scna-int8 qo_len=8 kv_len=4096 n_heads=12 n_kv_heads=2 head_dim=128 phase=measure iteration=11 host_elapsed_us=5678 ret=0
FIG8_ATTENTION_PROFILE_COUNT mode=scna-int8 qo_len=8 phase=measure iteration=11 records=2 max_records=10
FIG8_ATTENTION_TIMERS mode=scna-int8 phase=measure iteration=11 lut_exp=0 nonlinear_mode=2 scna_width=8 scna_exp=2251 qo_len=8 kv_len=4096 n_heads=12 n_kv_heads=2 head_dim=128 kv_head=0 worker=0 profiled_total=2671 q_load=2 k_load=186 v_load=172 qk_dot=4 safe_sm=2301 core_acc=3 o_scale=0 o_store=3
FIG8_ATTENTION_TIMERS mode=scna-int8 phase=measure iteration=11 lut_exp=0 nonlinear_mode=2 scna_width=8 scna_exp=2236 qo_len=8 kv_len=4096 n_heads=12 n_kv_heads=2 head_dim=128 kv_head=1 worker=0 profiled_total=2667 q_load=2 k_load=198 v_load=169 qk_dot=4 safe_sm=2287 core_acc=4 o_scale=0 o_store=3
FIG8_ATTENTION_EVENT_COUNT mode=scna-int8 qo_len=8 phase=measure iteration=11 events=16 max_events=6320 overflow=0
FIG8_ATTENTION_EVENT mode=scna-int8 phase=measure iteration=11 component=q_load component_id=1 lut_exp=0 qo_len=8 kv_len=4096 n_heads=12 n_kv_heads=2 head_dim=128 kv_head=0 worker=0 block_r=0 block_c=-1 t0_us=2283935542919 t1_us=2283935542922 dur_us=2
FIG8_ATTENTION_EVENT mode=scna-int8 phase=measure iteration=11 component=k_load component_id=2 lut_exp=0 qo_len=8 kv_len=4096 n_heads=12 n_kv_heads=2 head_dim=128 kv_head=0 worker=0 block_r=0 block_c=0 t0_us=2283935542923 t1_us=2283935543110 dur_us=186
FIG8_ATTENTION_EVENT mode=scna-int8 phase=measure iteration=11 component=qk_dot component_id=4 lut_exp=0 qo_len=8 kv_len=4096 n_heads=12 n_kv_heads=2 head_dim=128 kv_head=0 worker=0 block_r=0 block_c=0 t0_us=2283935543110 t1_us=2283935543114 dur_us=4
FIG8_ATTENTION_EVENT mode=scna-int8 phase=measure iteration=11 component=safe_sm component_id=5 lut_exp=0 qo_len=8 kv_len=4096 n_heads=12 n_kv_heads=2 head_dim=128 kv_head=0 worker=0 block_r=0 block_c=0 t0_us=2283935543114 t1_us=2283935545416 dur_us=2301
FIG8_ATTENTION_EVENT mode=scna-int8 phase=measure iteration=11 component=v_load component_id=3 lut_exp=0 qo_len=8 kv_len=4096 n_heads=12 n_kv_heads=2 head_dim=128 kv_head=0 worker=0 block_r=0 block_c=0 t0_us=2283935545417 t1_us=2283935545590 dur_us=172
FIG8_ATTENTION_EVENT mode=scna-int8 phase=measure iteration=11 component=core_acc component_id=6 lut_exp=0 qo_len=8 kv_len=4096 n_heads=12 n_kv_heads=2 head_dim=128 kv_head=0 worker=0 block_r=0 block_c=0 t0_us=2283935545590 t1_us=2283935545594 dur_us=3
FIG8_ATTENTION_EVENT mode=scna-int8 phase=measure iteration=11 component=o_scale component_id=7 lut_exp=0 qo_len=8 kv_len=4096 n_heads=12 n_kv_heads=2 head_dim=128 kv_head=0 worker=0 block_r=0 block_c=-1 t0_us=2283935545594 t1_us=2283935545595 dur_us=0
FIG8_ATTENTION_EVENT mode=scna-int8 phase=measure iteration=11 component=o_store component_id=8 lut_exp=0 qo_len=8 kv_len=4096 n_heads=12 n_kv_heads=2 head_dim=128 kv_head=0 worker=0 block_r=0 block_c=-1 t0_us=2283935545595 t1_us=2283935545599 dur_us=3
FIG8_ATTENTION_EVENT mode=scna-int8 phase=measure iteration=11 component=q_load component_id=1 lut_exp=0 qo_len=8 kv_len=4096 n_heads=12 n_kv_heads=2 head_dim=128 kv_head=1 worker=0 block_r=0 block_c=-1 t0_us=2283935545641 t1_us=2283935545644 dur_us=2
FIG8_ATTENTION_EVENT mode=scna-int8 phase=measure iteration=11 component=k_load component_id=2 lut_exp=0 qo_len=8 kv_len=4096 n_heads=12 n_kv_heads=2 head_dim=128 kv_head=1 worker=0 block_r=0 block_c=0 t0_us=2283935545646 t1_us=2283935545844 dur_us=198
FIG8_ATTENTION_EVENT mode=scna-int8 phase=measure iteration=11 component=qk_dot component_id=4 lut_exp=0 qo_len=8 kv_len=4096 n_heads=12 n_kv_heads=2 head_dim=128 kv_head=1 worker=0 block_r=0 block_c=0 t0_us=2283935545844 t1_us=2283935545849 dur_us=4
FIG8_ATTENTION_EVENT mode=scna-int8 phase=measure iteration=11 component=safe_sm component_id=5 lut_exp=0 qo_len=8 kv_len=4096 n_heads=12 n_kv_heads=2 head_dim=128 kv_head=1 worker=0 block_r=0 block_c=0 t0_us=2283935545850 t1_us=2283935548137 dur_us=2287
FIG8_ATTENTION_EVENT mode=scna-int8 phase=measure iteration=11 component=v_load component_id=3 lut_exp=0 qo_len=8 kv_len=4096 n_heads=12 n_kv_heads=2 head_dim=128 kv_head=1 worker=0 block_r=0 block_c=0 t0_us=2283935548137 t1_us=2283935548307 dur_us=169
FIG8_ATTENTION_EVENT mode=scna-int8 phase=measure iteration=11 component=core_acc component_id=6 lut_exp=0 qo_len=8 kv_len=4096 n_heads=12 n_kv_heads=2 head_dim=128 kv_head=1 worker=0 block_r=0 block_c=0 t0_us=2283935548308 t1_us=2283935548312 dur_us=4
FIG8_ATTENTION_EVENT mode=scna-int8 phase=measure iteration=11 component=o_scale component_id=7 lut_exp=0 qo_len=8 kv_len=4096 n_heads=12 n_kv_heads=2 head_dim=128 kv_head=1 worker=0 block_r=0 block_c=-1 t0_us=2283935548312 t1_us=2283935548313 dur_us=0
FIG8_ATTENTION_EVENT mode=scna-int8 phase=measure iteration=11 component=o_store component_id=8 lut_exp=0 qo_len=8 kv_len=4096 n_heads=12 n_kv_heads=2 head_dim=128 kv_head=1 worker=0 block_r=0 block_c=-1 t0_us=2283935548314 t1_us=2283935548317 dur_us=3
FIG8_ATTENTION_HOST_TIMING mode=scna-int8 qo_len=8 kv_len=4096 n_heads=12 n_kv_heads=2 head_dim=128 phase=measure iteration=12 host_elapsed_us=5732 ret=0
FIG8_ATTENTION_PROFILE_COUNT mode=scna-int8 qo_len=8 phase=measure iteration=12 records=2 max_records=10
FIG8_ATTENTION_TIMERS mode=scna-int8 phase=measure iteration=12 lut_exp=0 nonlinear_mode=2 scna_width=8 scna_exp=2262 qo_len=8 kv_len=4096 n_heads=12 n_kv_heads=2 head_dim=128 kv_head=0 worker=0 profiled_total=2686 q_load=2 k_load=186 v_load=174 qk_dot=4 safe_sm=2314 core_acc=3 o_scale=0 o_store=3
FIG8_ATTENTION_TIMERS mode=scna-int8 phase=measure iteration=12 lut_exp=0 nonlinear_mode=2 scna_width=8 scna_exp=2245 qo_len=8 kv_len=4096 n_heads=12 n_kv_heads=2 head_dim=128 kv_head=1 worker=0 profiled_total=2675 q_load=2 k_load=200 v_load=165 qk_dot=4 safe_sm=2297 core_acc=3 o_scale=1 o_store=3
FIG8_ATTENTION_EVENT_COUNT mode=scna-int8 qo_len=8 phase=measure iteration=12 events=16 max_events=6320 overflow=0
FIG8_ATTENTION_EVENT mode=scna-int8 phase=measure iteration=12 component=q_load component_id=1 lut_exp=0 qo_len=8 kv_len=4096 n_heads=12 n_kv_heads=2 head_dim=128 kv_head=0 worker=0 block_r=0 block_c=-1 t0_us=2283935549799 t1_us=2283935549802 dur_us=2
FIG8_ATTENTION_EVENT mode=scna-int8 phase=measure iteration=12 component=k_load component_id=2 lut_exp=0 qo_len=8 kv_len=4096 n_heads=12 n_kv_heads=2 head_dim=128 kv_head=0 worker=0 block_r=0 block_c=0 t0_us=2283935549803 t1_us=2283935549989 dur_us=186
FIG8_ATTENTION_EVENT mode=scna-int8 phase=measure iteration=12 component=qk_dot component_id=4 lut_exp=0 qo_len=8 kv_len=4096 n_heads=12 n_kv_heads=2 head_dim=128 kv_head=0 worker=0 block_r=0 block_c=0 t0_us=2283935549990 t1_us=2283935549994 dur_us=4
FIG8_ATTENTION_EVENT mode=scna-int8 phase=measure iteration=12 component=safe_sm component_id=5 lut_exp=0 qo_len=8 kv_len=4096 n_heads=12 n_kv_heads=2 head_dim=128 kv_head=0 worker=0 block_r=0 block_c=0 t0_us=2283935549994 t1_us=2283935552309 dur_us=2314
FIG8_ATTENTION_EVENT mode=scna-int8 phase=measure iteration=12 component=v_load component_id=3 lut_exp=0 qo_len=8 kv_len=4096 n_heads=12 n_kv_heads=2 head_dim=128 kv_head=0 worker=0 block_r=0 block_c=0 t0_us=2283935552310 t1_us=2283935552484 dur_us=174
FIG8_ATTENTION_EVENT mode=scna-int8 phase=measure iteration=12 component=core_acc component_id=6 lut_exp=0 qo_len=8 kv_len=4096 n_heads=12 n_kv_heads=2 head_dim=128 kv_head=0 worker=0 block_r=0 block_c=0 t0_us=2283935552485 t1_us=2283935552488 dur_us=3
FIG8_ATTENTION_EVENT mode=scna-int8 phase=measure iteration=12 component=o_scale component_id=7 lut_exp=0 qo_len=8 kv_len=4096 n_heads=12 n_kv_heads=2 head_dim=128 kv_head=0 worker=0 block_r=0 block_c=-1 t0_us=2283935552489 t1_us=2283935552490 dur_us=0
FIG8_ATTENTION_EVENT mode=scna-int8 phase=measure iteration=12 component=o_store component_id=8 lut_exp=0 qo_len=8 kv_len=4096 n_heads=12 n_kv_heads=2 head_dim=128 kv_head=0 worker=0 block_r=0 block_c=-1 t0_us=2283935552490 t1_us=2283935552494 dur_us=3
FIG8_ATTENTION_EVENT mode=scna-int8 phase=measure iteration=12 component=q_load component_id=1 lut_exp=0 qo_len=8 kv_len=4096 n_heads=12 n_kv_heads=2 head_dim=128 kv_head=1 worker=0 block_r=0 block_c=-1 t0_us=2283935552537 t1_us=2283935552540 dur_us=2
FIG8_ATTENTION_EVENT mode=scna-int8 phase=measure iteration=12 component=k_load component_id=2 lut_exp=0 qo_len=8 kv_len=4096 n_heads=12 n_kv_heads=2 head_dim=128 kv_head=1 worker=0 block_r=0 block_c=0 t0_us=2283935552541 t1_us=2283935552742 dur_us=200
FIG8_ATTENTION_EVENT mode=scna-int8 phase=measure iteration=12 component=qk_dot component_id=4 lut_exp=0 qo_len=8 kv_len=4096 n_heads=12 n_kv_heads=2 head_dim=128 kv_head=1 worker=0 block_r=0 block_c=0 t0_us=2283935552742 t1_us=2283935552747 dur_us=4
FIG8_ATTENTION_EVENT mode=scna-int8 phase=measure iteration=12 component=safe_sm component_id=5 lut_exp=0 qo_len=8 kv_len=4096 n_heads=12 n_kv_heads=2 head_dim=128 kv_head=1 worker=0 block_r=0 block_c=0 t0_us=2283935552747 t1_us=2283935555045 dur_us=2297
FIG8_ATTENTION_EVENT mode=scna-int8 phase=measure iteration=12 component=v_load component_id=3 lut_exp=0 qo_len=8 kv_len=4096 n_heads=12 n_kv_heads=2 head_dim=128 kv_head=1 worker=0 block_r=0 block_c=0 t0_us=2283935555045 t1_us=2283935555211 dur_us=165
FIG8_ATTENTION_EVENT mode=scna-int8 phase=measure iteration=12 component=core_acc component_id=6 lut_exp=0 qo_len=8 kv_len=4096 n_heads=12 n_kv_heads=2 head_dim=128 kv_head=1 worker=0 block_r=0 block_c=0 t0_us=2283935555212 t1_us=2283935555216 dur_us=3
FIG8_ATTENTION_EVENT mode=scna-int8 phase=measure iteration=12 component=o_scale component_id=7 lut_exp=0 qo_len=8 kv_len=4096 n_heads=12 n_kv_heads=2 head_dim=128 kv_head=1 worker=0 block_r=0 block_c=-1 t0_us=2283935555217 t1_us=2283935555218 dur_us=1
FIG8_ATTENTION_EVENT mode=scna-int8 phase=measure iteration=12 component=o_store component_id=8 lut_exp=0 qo_len=8 kv_len=4096 n_heads=12 n_kv_heads=2 head_dim=128 kv_head=1 worker=0 block_r=0 block_c=-1 t0_us=2283935555218 t1_us=2283935555221 dur_us=3
FIG8_ATTENTION_HOST_TIMING mode=scna-int8 qo_len=8 kv_len=4096 n_heads=12 n_kv_heads=2 head_dim=128 phase=measure iteration=13 host_elapsed_us=5659 ret=0
FIG8_ATTENTION_PROFILE_COUNT mode=scna-int8 qo_len=8 phase=measure iteration=13 records=2 max_records=10
FIG8_ATTENTION_TIMERS mode=scna-int8 phase=measure iteration=13 lut_exp=0 nonlinear_mode=2 scna_width=8 scna_exp=2272 qo_len=8 kv_len=4096 n_heads=12 n_kv_heads=2 head_dim=128 kv_head=0 worker=0 profiled_total=2692 q_load=2 k_load=185 v_load=173 qk_dot=4 safe_sm=2322 core_acc=3 o_scale=0 o_store=3
FIG8_ATTENTION_TIMERS mode=scna-int8 phase=measure iteration=13 lut_exp=0 nonlinear_mode=2 scna_width=8 scna_exp=2246 qo_len=8 kv_len=4096 n_heads=12 n_kv_heads=2 head_dim=128 kv_head=1 worker=0 profiled_total=2659 q_load=2 k_load=198 v_load=158 qk_dot=4 safe_sm=2290 core_acc=4 o_scale=0 o_store=3
FIG8_ATTENTION_EVENT_COUNT mode=scna-int8 qo_len=8 phase=measure iteration=13 events=16 max_events=6320 overflow=0
FIG8_ATTENTION_EVENT mode=scna-int8 phase=measure iteration=13 component=q_load component_id=1 lut_exp=0 qo_len=8 kv_len=4096 n_heads=12 n_kv_heads=2 head_dim=128 kv_head=0 worker=0 block_r=0 block_c=-1 t0_us=2283935555859 t1_us=2283935555861 dur_us=2
FIG8_ATTENTION_EVENT mode=scna-int8 phase=measure iteration=13 component=k_load component_id=2 lut_exp=0 qo_len=8 kv_len=4096 n_heads=12 n_kv_heads=2 head_dim=128 kv_head=0 worker=0 block_r=0 block_c=0 t0_us=2283935555863 t1_us=2283935556048 dur_us=185
FIG8_ATTENTION_EVENT mode=scna-int8 phase=measure iteration=13 component=qk_dot component_id=4 lut_exp=0 qo_len=8 kv_len=4096 n_heads=12 n_kv_heads=2 head_dim=128 kv_head=0 worker=0 block_r=0 block_c=0 t0_us=2283935556048 t1_us=2283935556052 dur_us=4
FIG8_ATTENTION_EVENT mode=scna-int8 phase=measure iteration=13 component=safe_sm component_id=5 lut_exp=0 qo_len=8 kv_len=4096 n_heads=12 n_kv_heads=2 head_dim=128 kv_head=0 worker=0 block_r=0 block_c=0 t0_us=2283935556052 t1_us=2283935558375 dur_us=2322
FIG8_ATTENTION_EVENT mode=scna-int8 phase=measure iteration=13 component=v_load component_id=3 lut_exp=0 qo_len=8 kv_len=4096 n_heads=12 n_kv_heads=2 head_dim=128 kv_head=0 worker=0 block_r=0 block_c=0 t0_us=2283935558376 t1_us=2283935558549 dur_us=173
FIG8_ATTENTION_EVENT mode=scna-int8 phase=measure iteration=13 component=core_acc component_id=6 lut_exp=0 qo_len=8 kv_len=4096 n_heads=12 n_kv_heads=2 head_dim=128 kv_head=0 worker=0 block_r=0 block_c=0 t0_us=2283935558550 t1_us=2283935558554 dur_us=3
FIG8_ATTENTION_EVENT mode=scna-int8 phase=measure iteration=13 component=o_scale component_id=7 lut_exp=0 qo_len=8 kv_len=4096 n_heads=12 n_kv_heads=2 head_dim=128 kv_head=0 worker=0 block_r=0 block_c=-1 t0_us=2283935558554 t1_us=2283935558555 dur_us=0
FIG8_ATTENTION_EVENT mode=scna-int8 phase=measure iteration=13 component=o_store component_id=8 lut_exp=0 qo_len=8 kv_len=4096 n_heads=12 n_kv_heads=2 head_dim=128 kv_head=0 worker=0 block_r=0 block_c=-1 t0_us=2283935558555 t1_us=2283935558559 dur_us=3
FIG8_ATTENTION_EVENT mode=scna-int8 phase=measure iteration=13 component=q_load component_id=1 lut_exp=0 qo_len=8 kv_len=4096 n_heads=12 n_kv_heads=2 head_dim=128 kv_head=1 worker=0 block_r=0 block_c=-1 t0_us=2283935558601 t1_us=2283935558604 dur_us=2
FIG8_ATTENTION_EVENT mode=scna-int8 phase=measure iteration=13 component=k_load component_id=2 lut_exp=0 qo_len=8 kv_len=4096 n_heads=12 n_kv_heads=2 head_dim=128 kv_head=1 worker=0 block_r=0 block_c=0 t0_us=2283935558606 t1_us=2283935558804 dur_us=198
FIG8_ATTENTION_EVENT mode=scna-int8 phase=measure iteration=13 component=qk_dot component_id=4 lut_exp=0 qo_len=8 kv_len=4096 n_heads=12 n_kv_heads=2 head_dim=128 kv_head=1 worker=0 block_r=0 block_c=0 t0_us=2283935558805 t1_us=2283935558809 dur_us=4
FIG8_ATTENTION_EVENT mode=scna-int8 phase=measure iteration=13 component=safe_sm component_id=5 lut_exp=0 qo_len=8 kv_len=4096 n_heads=12 n_kv_heads=2 head_dim=128 kv_head=1 worker=0 block_r=0 block_c=0 t0_us=2283935558810 t1_us=2283935561100 dur_us=2290
FIG8_ATTENTION_EVENT mode=scna-int8 phase=measure iteration=13 component=v_load component_id=3 lut_exp=0 qo_len=8 kv_len=4096 n_heads=12 n_kv_heads=2 head_dim=128 kv_head=1 worker=0 block_r=0 block_c=0 t0_us=2283935561101 t1_us=2283935561259 dur_us=158
FIG8_ATTENTION_EVENT mode=scna-int8 phase=measure iteration=13 component=core_acc component_id=6 lut_exp=0 qo_len=8 kv_len=4096 n_heads=12 n_kv_heads=2 head_dim=128 kv_head=1 worker=0 block_r=0 block_c=0 t0_us=2283935561260 t1_us=2283935561264 dur_us=4
FIG8_ATTENTION_EVENT mode=scna-int8 phase=measure iteration=13 component=o_scale component_id=7 lut_exp=0 qo_len=8 kv_len=4096 n_heads=12 n_kv_heads=2 head_dim=128 kv_head=1 worker=0 block_r=0 block_c=-1 t0_us=2283935561264 t1_us=2283935561265 dur_us=0
FIG8_ATTENTION_EVENT mode=scna-int8 phase=measure iteration=13 component=o_store component_id=8 lut_exp=0 qo_len=8 kv_len=4096 n_heads=12 n_kv_heads=2 head_dim=128 kv_head=1 worker=0 block_r=0 block_c=-1 t0_us=2283935561265 t1_us=2283935561269 dur_us=3
FIG8_ATTENTION_HOST_TIMING mode=scna-int8 qo_len=8 kv_len=4096 n_heads=12 n_kv_heads=2 head_dim=128 phase=measure iteration=14 host_elapsed_us=5612 ret=0
FIG8_ATTENTION_PROFILE_COUNT mode=scna-int8 qo_len=8 phase=measure iteration=14 records=2 max_records=10
FIG8_ATTENTION_TIMERS mode=scna-int8 phase=measure iteration=14 lut_exp=0 nonlinear_mode=2 scna_width=8 scna_exp=2257 qo_len=8 kv_len=4096 n_heads=12 n_kv_heads=2 head_dim=128 kv_head=0 worker=0 profiled_total=2673 q_load=2 k_load=183 v_load=170 qk_dot=4 safe_sm=2308 core_acc=3 o_scale=0 o_store=3
FIG8_ATTENTION_TIMERS mode=scna-int8 phase=measure iteration=14 lut_exp=0 nonlinear_mode=2 scna_width=8 scna_exp=2264 qo_len=8 kv_len=4096 n_heads=12 n_kv_heads=2 head_dim=128 kv_head=1 worker=0 profiled_total=2689 q_load=2 k_load=196 v_load=170 qk_dot=4 safe_sm=2310 core_acc=4 o_scale=0 o_store=3
FIG8_ATTENTION_EVENT_COUNT mode=scna-int8 qo_len=8 phase=measure iteration=14 events=16 max_events=6320 overflow=0
FIG8_ATTENTION_EVENT mode=scna-int8 phase=measure iteration=14 component=q_load component_id=1 lut_exp=0 qo_len=8 kv_len=4096 n_heads=12 n_kv_heads=2 head_dim=128 kv_head=0 worker=0 block_r=0 block_c=-1 t0_us=2283935562175 t1_us=2283935562178 dur_us=2
FIG8_ATTENTION_EVENT mode=scna-int8 phase=measure iteration=14 component=k_load component_id=2 lut_exp=0 qo_len=8 kv_len=4096 n_heads=12 n_kv_heads=2 head_dim=128 kv_head=0 worker=0 block_r=0 block_c=0 t0_us=2283935562179 t1_us=2283935562363 dur_us=183
FIG8_ATTENTION_EVENT mode=scna-int8 phase=measure iteration=14 component=qk_dot component_id=4 lut_exp=0 qo_len=8 kv_len=4096 n_heads=12 n_kv_heads=2 head_dim=128 kv_head=0 worker=0 block_r=0 block_c=0 t0_us=2283935562363 t1_us=2283935562367 dur_us=4
FIG8_ATTENTION_EVENT mode=scna-int8 phase=measure iteration=14 component=safe_sm component_id=5 lut_exp=0 qo_len=8 kv_len=4096 n_heads=12 n_kv_heads=2 head_dim=128 kv_head=0 worker=0 block_r=0 block_c=0 t0_us=2283935562368 t1_us=2283935564676 dur_us=2308
FIG8_ATTENTION_EVENT mode=scna-int8 phase=measure iteration=14 component=v_load component_id=3 lut_exp=0 qo_len=8 kv_len=4096 n_heads=12 n_kv_heads=2 head_dim=128 kv_head=0 worker=0 block_r=0 block_c=0 t0_us=2283935564676 t1_us=2283935564847 dur_us=170
FIG8_ATTENTION_EVENT mode=scna-int8 phase=measure iteration=14 component=core_acc component_id=6 lut_exp=0 qo_len=8 kv_len=4096 n_heads=12 n_kv_heads=2 head_dim=128 kv_head=0 worker=0 block_r=0 block_c=0 t0_us=2283935564847 t1_us=2283935564851 dur_us=3
FIG8_ATTENTION_EVENT mode=scna-int8 phase=measure iteration=14 component=o_scale component_id=7 lut_exp=0 qo_len=8 kv_len=4096 n_heads=12 n_kv_heads=2 head_dim=128 kv_head=0 worker=0 block_r=0 block_c=-1 t0_us=2283935564852 t1_us=2283935564852 dur_us=0
FIG8_ATTENTION_EVENT mode=scna-int8 phase=measure iteration=14 component=o_store component_id=8 lut_exp=0 qo_len=8 kv_len=4096 n_heads=12 n_kv_heads=2 head_dim=128 kv_head=0 worker=0 block_r=0 block_c=-1 t0_us=2283935564853 t1_us=2283935564856 dur_us=3
FIG8_ATTENTION_EVENT mode=scna-int8 phase=measure iteration=14 component=q_load component_id=1 lut_exp=0 qo_len=8 kv_len=4096 n_heads=12 n_kv_heads=2 head_dim=128 kv_head=1 worker=0 block_r=0 block_c=-1 t0_us=2283935564899 t1_us=2283935564902 dur_us=2
FIG8_ATTENTION_EVENT mode=scna-int8 phase=measure iteration=14 component=k_load component_id=2 lut_exp=0 qo_len=8 kv_len=4096 n_heads=12 n_kv_heads=2 head_dim=128 kv_head=1 worker=0 block_r=0 block_c=0 t0_us=2283935564903 t1_us=2283935565100 dur_us=196
FIG8_ATTENTION_EVENT mode=scna-int8 phase=measure iteration=14 component=qk_dot component_id=4 lut_exp=0 qo_len=8 kv_len=4096 n_heads=12 n_kv_heads=2 head_dim=128 kv_head=1 worker=0 block_r=0 block_c=0 t0_us=2283935565100 t1_us=2283935565105 dur_us=4
FIG8_ATTENTION_EVENT mode=scna-int8 phase=measure iteration=14 component=safe_sm component_id=5 lut_exp=0 qo_len=8 kv_len=4096 n_heads=12 n_kv_heads=2 head_dim=128 kv_head=1 worker=0 block_r=0 block_c=0 t0_us=2283935565106 t1_us=2283935567416 dur_us=2310
FIG8_ATTENTION_EVENT mode=scna-int8 phase=measure iteration=14 component=v_load component_id=3 lut_exp=0 qo_len=8 kv_len=4096 n_heads=12 n_kv_heads=2 head_dim=128 kv_head=1 worker=0 block_r=0 block_c=0 t0_us=2283935567416 t1_us=2283935567586 dur_us=170
FIG8_ATTENTION_EVENT mode=scna-int8 phase=measure iteration=14 component=core_acc component_id=6 lut_exp=0 qo_len=8 kv_len=4096 n_heads=12 n_kv_heads=2 head_dim=128 kv_head=1 worker=0 block_r=0 block_c=0 t0_us=2283935567587 t1_us=2283935567592 dur_us=4
FIG8_ATTENTION_EVENT mode=scna-int8 phase=measure iteration=14 component=o_scale component_id=7 lut_exp=0 qo_len=8 kv_len=4096 n_heads=12 n_kv_heads=2 head_dim=128 kv_head=1 worker=0 block_r=0 block_c=-1 t0_us=2283935567593 t1_us=2283935567594 dur_us=0
FIG8_ATTENTION_EVENT mode=scna-int8 phase=measure iteration=14 component=o_store component_id=8 lut_exp=0 qo_len=8 kv_len=4096 n_heads=12 n_kv_heads=2 head_dim=128 kv_head=1 worker=0 block_r=0 block_c=-1 t0_us=2283935567594 t1_us=2283935567597 dur_us=3
FIG8_ATTENTION_HOST_TIMING mode=scna-int8 qo_len=8 kv_len=4096 n_heads=12 n_kv_heads=2 head_dim=128 phase=measure iteration=15 host_elapsed_us=5586 ret=0
FIG8_ATTENTION_PROFILE_COUNT mode=scna-int8 qo_len=8 phase=measure iteration=15 records=2 max_records=10
FIG8_ATTENTION_TIMERS mode=scna-int8 phase=measure iteration=15 lut_exp=0 nonlinear_mode=2 scna_width=8 scna_exp=2239 qo_len=8 kv_len=4096 n_heads=12 n_kv_heads=2 head_dim=128 kv_head=0 worker=0 profiled_total=2653 q_load=2 k_load=178 v_load=172 qk_dot=4 safe_sm=2291 core_acc=3 o_scale=0 o_store=3
FIG8_ATTENTION_TIMERS mode=scna-int8 phase=measure iteration=15 lut_exp=0 nonlinear_mode=2 scna_width=8 scna_exp=2248 qo_len=8 kv_len=4096 n_heads=12 n_kv_heads=2 head_dim=128 kv_head=1 worker=0 profiled_total=2677 q_load=2 k_load=198 v_load=170 qk_dot=4 safe_sm=2296 core_acc=4 o_scale=0 o_store=3
FIG8_ATTENTION_EVENT_COUNT mode=scna-int8 qo_len=8 phase=measure iteration=15 events=16 max_events=6320 overflow=0
FIG8_ATTENTION_EVENT mode=scna-int8 phase=measure iteration=15 component=q_load component_id=1 lut_exp=0 qo_len=8 kv_len=4096 n_heads=12 n_kv_heads=2 head_dim=128 kv_head=0 worker=0 block_r=0 block_c=-1 t0_us=2283935568114 t1_us=2283935568117 dur_us=2
FIG8_ATTENTION_EVENT mode=scna-int8 phase=measure iteration=15 component=k_load component_id=2 lut_exp=0 qo_len=8 kv_len=4096 n_heads=12 n_kv_heads=2 head_dim=128 kv_head=0 worker=0 block_r=0 block_c=0 t0_us=2283935568118 t1_us=2283935568297 dur_us=178
FIG8_ATTENTION_EVENT mode=scna-int8 phase=measure iteration=15 component=qk_dot component_id=4 lut_exp=0 qo_len=8 kv_len=4096 n_heads=12 n_kv_heads=2 head_dim=128 kv_head=0 worker=0 block_r=0 block_c=0 t0_us=2283935568297 t1_us=2283935568301 dur_us=4
FIG8_ATTENTION_EVENT mode=scna-int8 phase=measure iteration=15 component=safe_sm component_id=5 lut_exp=0 qo_len=8 kv_len=4096 n_heads=12 n_kv_heads=2 head_dim=128 kv_head=0 worker=0 block_r=0 block_c=0 t0_us=2283935568302 t1_us=2283935570594 dur_us=2291
FIG8_ATTENTION_EVENT mode=scna-int8 phase=measure iteration=15 component=v_load component_id=3 lut_exp=0 qo_len=8 kv_len=4096 n_heads=12 n_kv_heads=2 head_dim=128 kv_head=0 worker=0 block_r=0 block_c=0 t0_us=2283935570594 t1_us=2283935570767 dur_us=172
FIG8_ATTENTION_EVENT mode=scna-int8 phase=measure iteration=15 component=core_acc component_id=6 lut_exp=0 qo_len=8 kv_len=4096 n_heads=12 n_kv_heads=2 head_dim=128 kv_head=0 worker=0 block_r=0 block_c=0 t0_us=2283935570767 t1_us=2283935570771 dur_us=3
FIG8_ATTENTION_EVENT mode=scna-int8 phase=measure iteration=15 component=o_scale component_id=7 lut_exp=0 qo_len=8 kv_len=4096 n_heads=12 n_kv_heads=2 head_dim=128 kv_head=0 worker=0 block_r=0 block_c=-1 t0_us=2283935570772 t1_us=2283935570773 dur_us=0
FIG8_ATTENTION_EVENT mode=scna-int8 phase=measure iteration=15 component=o_store component_id=8 lut_exp=0 qo_len=8 kv_len=4096 n_heads=12 n_kv_heads=2 head_dim=128 kv_head=0 worker=0 block_r=0 block_c=-1 t0_us=2283935570773 t1_us=2283935570777 dur_us=3
FIG8_ATTENTION_EVENT mode=scna-int8 phase=measure iteration=15 component=q_load component_id=1 lut_exp=0 qo_len=8 kv_len=4096 n_heads=12 n_kv_heads=2 head_dim=128 kv_head=1 worker=0 block_r=0 block_c=-1 t0_us=2283935570818 t1_us=2283935570821 dur_us=2
FIG8_ATTENTION_EVENT mode=scna-int8 phase=measure iteration=15 component=k_load component_id=2 lut_exp=0 qo_len=8 kv_len=4096 n_heads=12 n_kv_heads=2 head_dim=128 kv_head=1 worker=0 block_r=0 block_c=0 t0_us=2283935570822 t1_us=2283935571021 dur_us=198
FIG8_ATTENTION_EVENT mode=scna-int8 phase=measure iteration=15 component=qk_dot component_id=4 lut_exp=0 qo_len=8 kv_len=4096 n_heads=12 n_kv_heads=2 head_dim=128 kv_head=1 worker=0 block_r=0 block_c=0 t0_us=2283935571021 t1_us=2283935571026 dur_us=4
FIG8_ATTENTION_EVENT mode=scna-int8 phase=measure iteration=15 component=safe_sm component_id=5 lut_exp=0 qo_len=8 kv_len=4096 n_heads=12 n_kv_heads=2 head_dim=128 kv_head=1 worker=0 block_r=0 block_c=0 t0_us=2283935571026 t1_us=2283935573323 dur_us=2296
FIG8_ATTENTION_EVENT mode=scna-int8 phase=measure iteration=15 component=v_load component_id=3 lut_exp=0 qo_len=8 kv_len=4096 n_heads=12 n_kv_heads=2 head_dim=128 kv_head=1 worker=0 block_r=0 block_c=0 t0_us=2283935573324 t1_us=2283935573494 dur_us=170
FIG8_ATTENTION_EVENT mode=scna-int8 phase=measure iteration=15 component=core_acc component_id=6 lut_exp=0 qo_len=8 kv_len=4096 n_heads=12 n_kv_heads=2 head_dim=128 kv_head=1 worker=0 block_r=0 block_c=0 t0_us=2283935573494 t1_us=2283935573498 dur_us=4
FIG8_ATTENTION_EVENT mode=scna-int8 phase=measure iteration=15 component=o_scale component_id=7 lut_exp=0 qo_len=8 kv_len=4096 n_heads=12 n_kv_heads=2 head_dim=128 kv_head=1 worker=0 block_r=0 block_c=-1 t0_us=2283935573499 t1_us=2283935573500 dur_us=0
FIG8_ATTENTION_EVENT mode=scna-int8 phase=measure iteration=15 component=o_store component_id=8 lut_exp=0 qo_len=8 kv_len=4096 n_heads=12 n_kv_heads=2 head_dim=128 kv_head=1 worker=0 block_r=0 block_c=-1 t0_us=2283935573500 t1_us=2283935573504 dur_us=3
FIG8_ATTENTION_HOST_TIMING mode=scna-int8 qo_len=8 kv_len=4096 n_heads=12 n_kv_heads=2 head_dim=128 phase=measure iteration=16 host_elapsed_us=5581 ret=0
FIG8_ATTENTION_PROFILE_COUNT mode=scna-int8 qo_len=8 phase=measure iteration=16 records=2 max_records=10
FIG8_ATTENTION_TIMERS mode=scna-int8 phase=measure iteration=16 lut_exp=0 nonlinear_mode=2 scna_width=8 scna_exp=2247 qo_len=8 kv_len=4096 n_heads=12 n_kv_heads=2 head_dim=128 kv_head=0 worker=0 profiled_total=2671 q_load=2 k_load=184 v_load=173 qk_dot=4 safe_sm=2302 core_acc=3 o_scale=0 o_store=3
FIG8_ATTENTION_TIMERS mode=scna-int8 phase=measure iteration=16 lut_exp=0 nonlinear_mode=2 scna_width=8 scna_exp=2236 qo_len=8 kv_len=4096 n_heads=12 n_kv_heads=2 head_dim=128 kv_head=1 worker=0 profiled_total=2649 q_load=2 k_load=187 v_load=168 qk_dot=4 safe_sm=2281 core_acc=4 o_scale=0 o_store=3
FIG8_ATTENTION_EVENT_COUNT mode=scna-int8 qo_len=8 phase=measure iteration=16 events=16 max_events=6320 overflow=0
FIG8_ATTENTION_EVENT mode=scna-int8 phase=measure iteration=16 component=q_load component_id=1 lut_exp=0 qo_len=8 kv_len=4096 n_heads=12 n_kv_heads=2 head_dim=128 kv_head=0 worker=0 block_r=0 block_c=-1 t0_us=2283935574423 t1_us=2283935574425 dur_us=2
FIG8_ATTENTION_EVENT mode=scna-int8 phase=measure iteration=16 component=k_load component_id=2 lut_exp=0 qo_len=8 kv_len=4096 n_heads=12 n_kv_heads=2 head_dim=128 kv_head=0 worker=0 block_r=0 block_c=0 t0_us=2283935574426 t1_us=2283935574611 dur_us=184
FIG8_ATTENTION_EVENT mode=scna-int8 phase=measure iteration=16 component=qk_dot component_id=4 lut_exp=0 qo_len=8 kv_len=4096 n_heads=12 n_kv_heads=2 head_dim=128 kv_head=0 worker=0 block_r=0 block_c=0 t0_us=2283935574611 t1_us=2283935574615 dur_us=4
FIG8_ATTENTION_EVENT mode=scna-int8 phase=measure iteration=16 component=safe_sm component_id=5 lut_exp=0 qo_len=8 kv_len=4096 n_heads=12 n_kv_heads=2 head_dim=128 kv_head=0 worker=0 block_r=0 block_c=0 t0_us=2283935574616 t1_us=2283935576918 dur_us=2302
FIG8_ATTENTION_EVENT mode=scna-int8 phase=measure iteration=16 component=v_load component_id=3 lut_exp=0 qo_len=8 kv_len=4096 n_heads=12 n_kv_heads=2 head_dim=128 kv_head=0 worker=0 block_r=0 block_c=0 t0_us=2283935576918 t1_us=2283935577091 dur_us=173
FIG8_ATTENTION_EVENT mode=scna-int8 phase=measure iteration=16 component=core_acc component_id=6 lut_exp=0 qo_len=8 kv_len=4096 n_heads=12 n_kv_heads=2 head_dim=128 kv_head=0 worker=0 block_r=0 block_c=0 t0_us=2283935577092 t1_us=2283935577095 dur_us=3
FIG8_ATTENTION_EVENT mode=scna-int8 phase=measure iteration=16 component=o_scale component_id=7 lut_exp=0 qo_len=8 kv_len=4096 n_heads=12 n_kv_heads=2 head_dim=128 kv_head=0 worker=0 block_r=0 block_c=-1 t0_us=2283935577096 t1_us=2283935577097 dur_us=0
FIG8_ATTENTION_EVENT mode=scna-int8 phase=measure iteration=16 component=o_store component_id=8 lut_exp=0 qo_len=8 kv_len=4096 n_heads=12 n_kv_heads=2 head_dim=128 kv_head=0 worker=0 block_r=0 block_c=-1 t0_us=2283935577097 t1_us=2283935577101 dur_us=3
FIG8_ATTENTION_EVENT mode=scna-int8 phase=measure iteration=16 component=q_load component_id=1 lut_exp=0 qo_len=8 kv_len=4096 n_heads=12 n_kv_heads=2 head_dim=128 kv_head=1 worker=0 block_r=0 block_c=-1 t0_us=2283935577143 t1_us=2283935577146 dur_us=2
FIG8_ATTENTION_EVENT mode=scna-int8 phase=measure iteration=16 component=k_load component_id=2 lut_exp=0 qo_len=8 kv_len=4096 n_heads=12 n_kv_heads=2 head_dim=128 kv_head=1 worker=0 block_r=0 block_c=0 t0_us=2283935577148 t1_us=2283935577335 dur_us=187
FIG8_ATTENTION_EVENT mode=scna-int8 phase=measure iteration=16 component=qk_dot component_id=4 lut_exp=0 qo_len=8 kv_len=4096 n_heads=12 n_kv_heads=2 head_dim=128 kv_head=1 worker=0 block_r=0 block_c=0 t0_us=2283935577335 t1_us=2283935577340 dur_us=4
FIG8_ATTENTION_EVENT mode=scna-int8 phase=measure iteration=16 component=safe_sm component_id=5 lut_exp=0 qo_len=8 kv_len=4096 n_heads=12 n_kv_heads=2 head_dim=128 kv_head=1 worker=0 block_r=0 block_c=0 t0_us=2283935577340 t1_us=2283935579622 dur_us=2281
FIG8_ATTENTION_EVENT mode=scna-int8 phase=measure iteration=16 component=v_load component_id=3 lut_exp=0 qo_len=8 kv_len=4096 n_heads=12 n_kv_heads=2 head_dim=128 kv_head=1 worker=0 block_r=0 block_c=0 t0_us=2283935579623 t1_us=2283935579791 dur_us=168
FIG8_ATTENTION_EVENT mode=scna-int8 phase=measure iteration=16 component=core_acc component_id=6 lut_exp=0 qo_len=8 kv_len=4096 n_heads=12 n_kv_heads=2 head_dim=128 kv_head=1 worker=0 block_r=0 block_c=0 t0_us=2283935579791 t1_us=2283935579796 dur_us=4
FIG8_ATTENTION_EVENT mode=scna-int8 phase=measure iteration=16 component=o_scale component_id=7 lut_exp=0 qo_len=8 kv_len=4096 n_heads=12 n_kv_heads=2 head_dim=128 kv_head=1 worker=0 block_r=0 block_c=-1 t0_us=2283935579796 t1_us=2283935579797 dur_us=0
FIG8_ATTENTION_EVENT mode=scna-int8 phase=measure iteration=16 component=o_store component_id=8 lut_exp=0 qo_len=8 kv_len=4096 n_heads=12 n_kv_heads=2 head_dim=128 kv_head=1 worker=0 block_r=0 block_c=-1 t0_us=2283935579797 t1_us=2283935579801 dur_us=3
FIG8_ATTENTION_HOST_TIMING mode=scna-int8 qo_len=8 kv_len=4096 n_heads=12 n_kv_heads=2 head_dim=128 phase=measure iteration=17 host_elapsed_us=5616 ret=0
FIG8_ATTENTION_PROFILE_COUNT mode=scna-int8 qo_len=8 phase=measure iteration=17 records=2 max_records=10
FIG8_ATTENTION_TIMERS mode=scna-int8 phase=measure iteration=17 lut_exp=0 nonlinear_mode=2 scna_width=8 scna_exp=2241 qo_len=8 kv_len=4096 n_heads=12 n_kv_heads=2 head_dim=128 kv_head=0 worker=0 profiled_total=2659 q_load=2 k_load=185 v_load=170 qk_dot=4 safe_sm=2292 core_acc=3 o_scale=0 o_store=3
FIG8_ATTENTION_TIMERS mode=scna-int8 phase=measure iteration=17 lut_exp=0 nonlinear_mode=2 scna_width=8 scna_exp=2242 qo_len=8 kv_len=4096 n_heads=12 n_kv_heads=2 head_dim=128 kv_head=1 worker=0 profiled_total=2659 q_load=2 k_load=194 v_load=164 qk_dot=4 safe_sm=2288 core_acc=4 o_scale=0 o_store=3
FIG8_ATTENTION_EVENT_COUNT mode=scna-int8 qo_len=8 phase=measure iteration=17 events=16 max_events=6320 overflow=0
FIG8_ATTENTION_EVENT mode=scna-int8 phase=measure iteration=17 component=q_load component_id=1 lut_exp=0 qo_len=8 kv_len=4096 n_heads=12 n_kv_heads=2 head_dim=128 kv_head=0 worker=0 block_r=0 block_c=-1 t0_us=2283935580419 t1_us=2283935580422 dur_us=2
FIG8_ATTENTION_EVENT mode=scna-int8 phase=measure iteration=17 component=k_load component_id=2 lut_exp=0 qo_len=8 kv_len=4096 n_heads=12 n_kv_heads=2 head_dim=128 kv_head=0 worker=0 block_r=0 block_c=0 t0_us=2283935580424 t1_us=2283935580609 dur_us=185
FIG8_ATTENTION_EVENT mode=scna-int8 phase=measure iteration=17 component=qk_dot component_id=4 lut_exp=0 qo_len=8 kv_len=4096 n_heads=12 n_kv_heads=2 head_dim=128 kv_head=0 worker=0 block_r=0 block_c=0 t0_us=2283935580609 t1_us=2283935580614 dur_us=4
FIG8_ATTENTION_EVENT mode=scna-int8 phase=measure iteration=17 component=safe_sm component_id=5 lut_exp=0 qo_len=8 kv_len=4096 n_heads=12 n_kv_heads=2 head_dim=128 kv_head=0 worker=0 block_r=0 block_c=0 t0_us=2283935580614 t1_us=2283935582907 dur_us=2292
FIG8_ATTENTION_EVENT mode=scna-int8 phase=measure iteration=17 component=v_load component_id=3 lut_exp=0 qo_len=8 kv_len=4096 n_heads=12 n_kv_heads=2 head_dim=128 kv_head=0 worker=0 block_r=0 block_c=0 t0_us=2283935582907 t1_us=2283935583077 dur_us=170
FIG8_ATTENTION_EVENT mode=scna-int8 phase=measure iteration=17 component=core_acc component_id=6 lut_exp=0 qo_len=8 kv_len=4096 n_heads=12 n_kv_heads=2 head_dim=128 kv_head=0 worker=0 block_r=0 block_c=0 t0_us=2283935583077 t1_us=2283935583081 dur_us=3
FIG8_ATTENTION_EVENT mode=scna-int8 phase=measure iteration=17 component=o_scale component_id=7 lut_exp=0 qo_len=8 kv_len=4096 n_heads=12 n_kv_heads=2 head_dim=128 kv_head=0 worker=0 block_r=0 block_c=-1 t0_us=2283935583082 t1_us=2283935583083 dur_us=0
FIG8_ATTENTION_EVENT mode=scna-int8 phase=measure iteration=17 component=o_store component_id=8 lut_exp=0 qo_len=8 kv_len=4096 n_heads=12 n_kv_heads=2 head_dim=128 kv_head=0 worker=0 block_r=0 block_c=-1 t0_us=2283935583083 t1_us=2283935583087 dur_us=3
FIG8_ATTENTION_EVENT mode=scna-int8 phase=measure iteration=17 component=q_load component_id=1 lut_exp=0 qo_len=8 kv_len=4096 n_heads=12 n_kv_heads=2 head_dim=128 kv_head=1 worker=0 block_r=0 block_c=-1 t0_us=2283935583129 t1_us=2283935583132 dur_us=2
FIG8_ATTENTION_EVENT mode=scna-int8 phase=measure iteration=17 component=k_load component_id=2 lut_exp=0 qo_len=8 kv_len=4096 n_heads=12 n_kv_heads=2 head_dim=128 kv_head=1 worker=0 block_r=0 block_c=0 t0_us=2283935583133 t1_us=2283935583328 dur_us=194
FIG8_ATTENTION_EVENT mode=scna-int8 phase=measure iteration=17 component=qk_dot component_id=4 lut_exp=0 qo_len=8 kv_len=4096 n_heads=12 n_kv_heads=2 head_dim=128 kv_head=1 worker=0 block_r=0 block_c=0 t0_us=2283935583328 t1_us=2283935583333 dur_us=4
FIG8_ATTENTION_EVENT mode=scna-int8 phase=measure iteration=17 component=safe_sm component_id=5 lut_exp=0 qo_len=8 kv_len=4096 n_heads=12 n_kv_heads=2 head_dim=128 kv_head=1 worker=0 block_r=0 block_c=0 t0_us=2283935583334 t1_us=2283935585623 dur_us=2288
FIG8_ATTENTION_EVENT mode=scna-int8 phase=measure iteration=17 component=v_load component_id=3 lut_exp=0 qo_len=8 kv_len=4096 n_heads=12 n_kv_heads=2 head_dim=128 kv_head=1 worker=0 block_r=0 block_c=0 t0_us=2283935585623 t1_us=2283935585788 dur_us=164
FIG8_ATTENTION_EVENT mode=scna-int8 phase=measure iteration=17 component=core_acc component_id=6 lut_exp=0 qo_len=8 kv_len=4096 n_heads=12 n_kv_heads=2 head_dim=128 kv_head=1 worker=0 block_r=0 block_c=0 t0_us=2283935585788 t1_us=2283935585792 dur_us=4
FIG8_ATTENTION_EVENT mode=scna-int8 phase=measure iteration=17 component=o_scale component_id=7 lut_exp=0 qo_len=8 kv_len=4096 n_heads=12 n_kv_heads=2 head_dim=128 kv_head=1 worker=0 block_r=0 block_c=-1 t0_us=2283935585793 t1_us=2283935585793 dur_us=0
FIG8_ATTENTION_EVENT mode=scna-int8 phase=measure iteration=17 component=o_store component_id=8 lut_exp=0 qo_len=8 kv_len=4096 n_heads=12 n_kv_heads=2 head_dim=128 kv_head=1 worker=0 block_r=0 block_c=-1 t0_us=2283935585793 t1_us=2283935585797 dur_us=3
FIG8_ATTENTION_HOST_TIMING mode=scna-int8 qo_len=8 kv_len=4096 n_heads=12 n_kv_heads=2 head_dim=128 phase=measure iteration=18 host_elapsed_us=5580 ret=0
FIG8_ATTENTION_PROFILE_COUNT mode=scna-int8 qo_len=8 phase=measure iteration=18 records=2 max_records=10
FIG8_ATTENTION_TIMERS mode=scna-int8 phase=measure iteration=18 lut_exp=0 nonlinear_mode=2 scna_width=8 scna_exp=2260 qo_len=8 kv_len=4096 n_heads=12 n_kv_heads=2 head_dim=128 kv_head=0 worker=0 profiled_total=2679 q_load=2 k_load=180 v_load=172 qk_dot=4 safe_sm=2314 core_acc=4 o_scale=0 o_store=3
FIG8_ATTENTION_TIMERS mode=scna-int8 phase=measure iteration=18 lut_exp=0 nonlinear_mode=2 scna_width=8 scna_exp=2238 qo_len=8 kv_len=4096 n_heads=12 n_kv_heads=2 head_dim=128 kv_head=1 worker=0 profiled_total=2658 q_load=2 k_load=192 v_load=168 qk_dot=4 safe_sm=2284 core_acc=4 o_scale=0 o_store=4
FIG8_ATTENTION_EVENT_COUNT mode=scna-int8 qo_len=8 phase=measure iteration=18 events=16 max_events=6320 overflow=0
FIG8_ATTENTION_EVENT mode=scna-int8 phase=measure iteration=18 component=q_load component_id=1 lut_exp=0 qo_len=8 kv_len=4096 n_heads=12 n_kv_heads=2 head_dim=128 kv_head=0 worker=0 block_r=0 block_c=-1 t0_us=2283935586414 t1_us=2283935586417 dur_us=2
FIG8_ATTENTION_EVENT mode=scna-int8 phase=measure iteration=18 component=k_load component_id=2 lut_exp=0 qo_len=8 kv_len=4096 n_heads=12 n_kv_heads=2 head_dim=128 kv_head=0 worker=0 block_r=0 block_c=0 t0_us=2283935586419 t1_us=2283935586599 dur_us=180
FIG8_ATTENTION_EVENT mode=scna-int8 phase=measure iteration=18 component=qk_dot component_id=4 lut_exp=0 qo_len=8 kv_len=4096 n_heads=12 n_kv_heads=2 head_dim=128 kv_head=0 worker=0 block_r=0 block_c=0 t0_us=2283935586600 t1_us=2283935586604 dur_us=4
FIG8_ATTENTION_EVENT mode=scna-int8 phase=measure iteration=18 component=safe_sm component_id=5 lut_exp=0 qo_len=8 kv_len=4096 n_heads=12 n_kv_heads=2 head_dim=128 kv_head=0 worker=0 block_r=0 block_c=0 t0_us=2283935586604 t1_us=2283935588919 dur_us=2314
FIG8_ATTENTION_EVENT mode=scna-int8 phase=measure iteration=18 component=v_load component_id=3 lut_exp=0 qo_len=8 kv_len=4096 n_heads=12 n_kv_heads=2 head_dim=128 kv_head=0 worker=0 block_r=0 block_c=0 t0_us=2283935588920 t1_us=2283935589092 dur_us=172
FIG8_ATTENTION_EVENT mode=scna-int8 phase=measure iteration=18 component=core_acc component_id=6 lut_exp=0 qo_len=8 kv_len=4096 n_heads=12 n_kv_heads=2 head_dim=128 kv_head=0 worker=0 block_r=0 block_c=0 t0_us=2283935589093 t1_us=2283935589097 dur_us=4
FIG8_ATTENTION_EVENT mode=scna-int8 phase=measure iteration=18 component=o_scale component_id=7 lut_exp=0 qo_len=8 kv_len=4096 n_heads=12 n_kv_heads=2 head_dim=128 kv_head=0 worker=0 block_r=0 block_c=-1 t0_us=2283935589097 t1_us=2283935589098 dur_us=0
FIG8_ATTENTION_EVENT mode=scna-int8 phase=measure iteration=18 component=o_store component_id=8 lut_exp=0 qo_len=8 kv_len=4096 n_heads=12 n_kv_heads=2 head_dim=128 kv_head=0 worker=0 block_r=0 block_c=-1 t0_us=2283935589098 t1_us=2283935589102 dur_us=3
FIG8_ATTENTION_EVENT mode=scna-int8 phase=measure iteration=18 component=q_load component_id=1 lut_exp=0 qo_len=8 kv_len=4096 n_heads=12 n_kv_heads=2 head_dim=128 kv_head=1 worker=0 block_r=0 block_c=-1 t0_us=2283935589144 t1_us=2283935589147 dur_us=2
FIG8_ATTENTION_EVENT mode=scna-int8 phase=measure iteration=18 component=k_load component_id=2 lut_exp=0 qo_len=8 kv_len=4096 n_heads=12 n_kv_heads=2 head_dim=128 kv_head=1 worker=0 block_r=0 block_c=0 t0_us=2283935589148 t1_us=2283935589341 dur_us=192
FIG8_ATTENTION_EVENT mode=scna-int8 phase=measure iteration=18 component=qk_dot component_id=4 lut_exp=0 qo_len=8 kv_len=4096 n_heads=12 n_kv_heads=2 head_dim=128 kv_head=1 worker=0 block_r=0 block_c=0 t0_us=2283935589341 t1_us=2283935589346 dur_us=4
FIG8_ATTENTION_EVENT mode=scna-int8 phase=measure iteration=18 component=safe_sm component_id=5 lut_exp=0 qo_len=8 kv_len=4096 n_heads=12 n_kv_heads=2 head_dim=128 kv_head=1 worker=0 block_r=0 block_c=0 t0_us=2283935589347 t1_us=2283935591631 dur_us=2284
FIG8_ATTENTION_EVENT mode=scna-int8 phase=measure iteration=18 component=v_load component_id=3 lut_exp=0 qo_len=8 kv_len=4096 n_heads=12 n_kv_heads=2 head_dim=128 kv_head=1 worker=0 block_r=0 block_c=0 t0_us=2283935591631 t1_us=2283935591799 dur_us=168
FIG8_ATTENTION_EVENT mode=scna-int8 phase=measure iteration=18 component=core_acc component_id=6 lut_exp=0 qo_len=8 kv_len=4096 n_heads=12 n_kv_heads=2 head_dim=128 kv_head=1 worker=0 block_r=0 block_c=0 t0_us=2283935591800 t1_us=2283935591804 dur_us=4
FIG8_ATTENTION_EVENT mode=scna-int8 phase=measure iteration=18 component=o_scale component_id=7 lut_exp=0 qo_len=8 kv_len=4096 n_heads=12 n_kv_heads=2 head_dim=128 kv_head=1 worker=0 block_r=0 block_c=-1 t0_us=2283935591804 t1_us=2283935591805 dur_us=0
FIG8_ATTENTION_EVENT mode=scna-int8 phase=measure iteration=18 component=o_store component_id=8 lut_exp=0 qo_len=8 kv_len=4096 n_heads=12 n_kv_heads=2 head_dim=128 kv_head=1 worker=0 block_r=0 block_c=-1 t0_us=2283935591805 t1_us=2283935591809 dur_us=4
FIG8_ATTENTION_HOST_TIMING mode=scna-int8 qo_len=8 kv_len=4096 n_heads=12 n_kv_heads=2 head_dim=128 phase=measure iteration=19 host_elapsed_us=5607 ret=0
FIG8_ATTENTION_PROFILE_COUNT mode=scna-int8 qo_len=8 phase=measure iteration=19 records=2 max_records=10
FIG8_ATTENTION_TIMERS mode=scna-int8 phase=measure iteration=19 lut_exp=0 nonlinear_mode=2 scna_width=8 scna_exp=2232 qo_len=8 kv_len=4096 n_heads=12 n_kv_heads=2 head_dim=128 kv_head=0 worker=0 profiled_total=2643 q_load=2 k_load=180 v_load=168 qk_dot=4 safe_sm=2283 core_acc=3 o_scale=0 o_store=3
FIG8_ATTENTION_TIMERS mode=scna-int8 phase=measure iteration=19 lut_exp=0 nonlinear_mode=2 scna_width=8 scna_exp=2249 qo_len=8 kv_len=4096 n_heads=12 n_kv_heads=2 head_dim=128 kv_head=1 worker=0 profiled_total=2663 q_load=2 k_load=190 v_load=164 qk_dot=4 safe_sm=2295 core_acc=4 o_scale=1 o_store=3
FIG8_ATTENTION_EVENT_COUNT mode=scna-int8 qo_len=8 phase=measure iteration=19 events=16 max_events=6320 overflow=0
FIG8_ATTENTION_EVENT mode=scna-int8 phase=measure iteration=19 component=q_load component_id=1 lut_exp=0 qo_len=8 kv_len=4096 n_heads=12 n_kv_heads=2 head_dim=128 kv_head=0 worker=0 block_r=0 block_c=-1 t0_us=2283935592317 t1_us=2283935592320 dur_us=2
FIG8_ATTENTION_EVENT mode=scna-int8 phase=measure iteration=19 component=k_load component_id=2 lut_exp=0 qo_len=8 kv_len=4096 n_heads=12 n_kv_heads=2 head_dim=128 kv_head=0 worker=0 block_r=0 block_c=0 t0_us=2283935592321 t1_us=2283935592501 dur_us=180
FIG8_ATTENTION_EVENT mode=scna-int8 phase=measure iteration=19 component=qk_dot component_id=4 lut_exp=0 qo_len=8 kv_len=4096 n_heads=12 n_kv_heads=2 head_dim=128 kv_head=0 worker=0 block_r=0 block_c=0 t0_us=2283935592501 t1_us=2283935592506 dur_us=4
FIG8_ATTENTION_EVENT mode=scna-int8 phase=measure iteration=19 component=safe_sm component_id=5 lut_exp=0 qo_len=8 kv_len=4096 n_heads=12 n_kv_heads=2 head_dim=128 kv_head=0 worker=0 block_r=0 block_c=0 t0_us=2283935592506 t1_us=2283935594790 dur_us=2283
FIG8_ATTENTION_EVENT mode=scna-int8 phase=measure iteration=19 component=v_load component_id=3 lut_exp=0 qo_len=8 kv_len=4096 n_heads=12 n_kv_heads=2 head_dim=128 kv_head=0 worker=0 block_r=0 block_c=0 t0_us=2283935594790 t1_us=2283935594958 dur_us=168
FIG8_ATTENTION_EVENT mode=scna-int8 phase=measure iteration=19 component=core_acc component_id=6 lut_exp=0 qo_len=8 kv_len=4096 n_heads=12 n_kv_heads=2 head_dim=128 kv_head=0 worker=0 block_r=0 block_c=0 t0_us=2283935594959 t1_us=2283935594962 dur_us=3
FIG8_ATTENTION_EVENT mode=scna-int8 phase=measure iteration=19 component=o_scale component_id=7 lut_exp=0 qo_len=8 kv_len=4096 n_heads=12 n_kv_heads=2 head_dim=128 kv_head=0 worker=0 block_r=0 block_c=-1 t0_us=2283935594963 t1_us=2283935594964 dur_us=0
FIG8_ATTENTION_EVENT mode=scna-int8 phase=measure iteration=19 component=o_store component_id=8 lut_exp=0 qo_len=8 kv_len=4096 n_heads=12 n_kv_heads=2 head_dim=128 kv_head=0 worker=0 block_r=0 block_c=-1 t0_us=2283935594964 t1_us=2283935594968 dur_us=3
FIG8_ATTENTION_EVENT mode=scna-int8 phase=measure iteration=19 component=q_load component_id=1 lut_exp=0 qo_len=8 kv_len=4096 n_heads=12 n_kv_heads=2 head_dim=128 kv_head=1 worker=0 block_r=0 block_c=-1 t0_us=2283935595010 t1_us=2283935595012 dur_us=2
FIG8_ATTENTION_EVENT mode=scna-int8 phase=measure iteration=19 component=k_load component_id=2 lut_exp=0 qo_len=8 kv_len=4096 n_heads=12 n_kv_heads=2 head_dim=128 kv_head=1 worker=0 block_r=0 block_c=0 t0_us=2283935595014 t1_us=2283935595204 dur_us=190
FIG8_ATTENTION_EVENT mode=scna-int8 phase=measure iteration=19 component=qk_dot component_id=4 lut_exp=0 qo_len=8 kv_len=4096 n_heads=12 n_kv_heads=2 head_dim=128 kv_head=1 worker=0 block_r=0 block_c=0 t0_us=2283935595205 t1_us=2283935595209 dur_us=4
FIG8_ATTENTION_EVENT mode=scna-int8 phase=measure iteration=19 component=safe_sm component_id=5 lut_exp=0 qo_len=8 kv_len=4096 n_heads=12 n_kv_heads=2 head_dim=128 kv_head=1 worker=0 block_r=0 block_c=0 t0_us=2283935595210 t1_us=2283935597505 dur_us=2295
FIG8_ATTENTION_EVENT mode=scna-int8 phase=measure iteration=19 component=v_load component_id=3 lut_exp=0 qo_len=8 kv_len=4096 n_heads=12 n_kv_heads=2 head_dim=128 kv_head=1 worker=0 block_r=0 block_c=0 t0_us=2283935597505 t1_us=2283935597670 dur_us=164
FIG8_ATTENTION_EVENT mode=scna-int8 phase=measure iteration=19 component=core_acc component_id=6 lut_exp=0 qo_len=8 kv_len=4096 n_heads=12 n_kv_heads=2 head_dim=128 kv_head=1 worker=0 block_r=0 block_c=0 t0_us=2283935597670 t1_us=2283935597675 dur_us=4
FIG8_ATTENTION_EVENT mode=scna-int8 phase=measure iteration=19 component=o_scale component_id=7 lut_exp=0 qo_len=8 kv_len=4096 n_heads=12 n_kv_heads=2 head_dim=128 kv_head=1 worker=0 block_r=0 block_c=-1 t0_us=2283935597676 t1_us=2283935597677 dur_us=1
FIG8_ATTENTION_EVENT mode=scna-int8 phase=measure iteration=19 component=o_store component_id=8 lut_exp=0 qo_len=8 kv_len=4096 n_heads=12 n_kv_heads=2 head_dim=128 kv_head=1 worker=0 block_r=0 block_c=-1 t0_us=2283935597677 t1_us=2283935597681 dur_us=3
