FIG8_ATTENTION_CONFIG mode=scna-fp16 layout=serial variant=pair_static_d8 scna_width=8 seed=figure8_fixed mask_mode=full qo_len=32 kv_len=4096 kv_pad_len=4096 n_heads=12 n_kv_heads=2 head_dim=128 warmup=1 iters=1 q_size=196608 kv_size=2097152 mask_size=262144 profile_size=2664704 profile_max_records=24 profile_max_events=33152 mode_flags=68628 print_events=1 workers=1
FIG8_ATTENTION_HOST_TIMING mode=scna-fp16 layout=serial variant=pair_static_d8 workers=1 scna_width=8 seed=figure8_fixed mask_mode=full qo_len=32 kv_len=4096 n_heads=12 n_kv_heads=2 head_dim=128 phase=warmup iteration=0 host_elapsed_us=4996 ret=0
FIG8_ATTENTION_PROFILE_COUNT mode=scna-fp16 qo_len=32 phase=warmup iteration=0 records=16 max_records=24
FIG8_ATTENTION_WORKERS mode=scna-fp16 variant=pair_static_d8 qo_len=32 phase=warmup iteration=0 requested_workers=1 active_workers=1 hvx_contexts=6 vtcm_worker_cap=8 tasks=16 q_task_rows=4
FIG8_ATTENTION_TIMERS mode=scna-fp16 layout=serial phase=warmup iteration=0 lut_exp=0 scna_layout=0 scna_width=8 qo_len=4 kv_len=4096 n_heads=12 n_kv_heads=2 head_dim=128 kv_head=0 worker=0 profiled_total=286 q_load=2 k_load=76 v_load=83 qk_dot=3 safe_sm=112 scna_exp=71 state_update=3 param_prepare=0 core_acc=6 o_scale=2 o_store=2
FIG8_ATTENTION_TIMERS mode=scna-fp16 layout=serial phase=warmup iteration=0 lut_exp=0 scna_layout=0 scna_width=8 qo_len=4 kv_len=4096 n_heads=12 n_kv_heads=2 head_dim=128 kv_head=1 worker=0 profiled_total=288 q_load=1 k_load=75 v_load=95 qk_dot=2 safe_sm=106 scna_exp=67 state_update=4 param_prepare=0 core_acc=7 o_scale=1 o_store=1
FIG8_ATTENTION_TIMERS mode=scna-fp16 layout=serial phase=warmup iteration=0 lut_exp=0 scna_layout=0 scna_width=8 qo_len=4 kv_len=4096 n_heads=12 n_kv_heads=2 head_dim=128 kv_head=0 worker=0 profiled_total=245 q_load=1 k_load=67 v_load=76 qk_dot=2 safe_sm=93 scna_exp=61 state_update=2 param_prepare=0 core_acc=3 o_scale=1 o_store=2
FIG8_ATTENTION_TIMERS mode=scna-fp16 layout=serial phase=warmup iteration=0 lut_exp=0 scna_layout=0 scna_width=8 qo_len=4 kv_len=4096 n_heads=12 n_kv_heads=2 head_dim=128 kv_head=1 worker=0 profiled_total=250 q_load=1 k_load=69 v_load=81 qk_dot=2 safe_sm=93 scna_exp=60 state_update=1 param_prepare=0 core_acc=2 o_scale=1 o_store=1
FIG8_ATTENTION_TIMERS mode=scna-fp16 layout=serial phase=warmup iteration=0 lut_exp=0 scna_layout=0 scna_width=8 qo_len=4 kv_len=4096 n_heads=12 n_kv_heads=2 head_dim=128 kv_head=0 worker=0 profiled_total=245 q_load=1 k_load=68 v_load=74 qk_dot=2 safe_sm=93 scna_exp=60 state_update=2 param_prepare=0 core_acc=4 o_scale=1 o_store=2
FIG8_ATTENTION_TIMERS mode=scna-fp16 layout=serial phase=warmup iteration=0 lut_exp=0 scna_layout=0 scna_width=8 qo_len=4 kv_len=4096 n_heads=12 n_kv_heads=2 head_dim=128 kv_head=1 worker=0 profiled_total=242 q_load=1 k_load=67 v_load=74 qk_dot=2 safe_sm=93 scna_exp=61 state_update=2 param_prepare=0 core_acc=3 o_scale=1 o_store=1
FIG8_ATTENTION_TIMERS mode=scna-fp16 layout=serial phase=warmup iteration=0 lut_exp=0 scna_layout=0 scna_width=8 qo_len=4 kv_len=4096 n_heads=12 n_kv_heads=2 head_dim=128 kv_head=0 worker=0 profiled_total=244 q_load=1 k_load=68 v_load=74 qk_dot=2 safe_sm=93 scna_exp=60 state_update=1 param_prepare=0 core_acc=3 o_scale=1 o_store=2
FIG8_ATTENTION_TIMERS mode=scna-fp16 layout=serial phase=warmup iteration=0 lut_exp=0 scna_layout=0 scna_width=8 qo_len=4 kv_len=4096 n_heads=12 n_kv_heads=2 head_dim=128 kv_head=1 worker=0 profiled_total=238 q_load=1 k_load=67 v_load=69 qk_dot=2 safe_sm=93 scna_exp=60 state_update=2 param_prepare=0 core_acc=4 o_scale=1 o_store=1
FIG8_ATTENTION_TIMERS mode=scna-fp16 layout=serial phase=warmup iteration=0 lut_exp=0 scna_layout=0 scna_width=8 qo_len=4 kv_len=4096 n_heads=12 n_kv_heads=2 head_dim=128 kv_head=0 worker=0 profiled_total=244 q_load=1 k_load=68 v_load=74 qk_dot=1 safe_sm=92 scna_exp=60 state_update=2 param_prepare=0 core_acc=5 o_scale=1 o_store=2
FIG8_ATTENTION_TIMERS mode=scna-fp16 layout=serial phase=warmup iteration=0 lut_exp=0 scna_layout=0 scna_width=8 qo_len=4 kv_len=4096 n_heads=12 n_kv_heads=2 head_dim=128 kv_head=1 worker=0 profiled_total=243 q_load=1 k_load=68 v_load=75 qk_dot=2 safe_sm=92 scna_exp=60 state_update=1 param_prepare=0 core_acc=3 o_scale=1 o_store=1
FIG8_ATTENTION_TIMERS mode=scna-fp16 layout=serial phase=warmup iteration=0 lut_exp=0 scna_layout=0 scna_width=8 qo_len=4 kv_len=4096 n_heads=12 n_kv_heads=2 head_dim=128 kv_head=0 worker=0 profiled_total=241 q_load=1 k_load=68 v_load=72 qk_dot=1 safe_sm=92 scna_exp=60 state_update=1 param_prepare=0 core_acc=3 o_scale=1 o_store=3
FIG8_ATTENTION_TIMERS mode=scna-fp16 layout=serial phase=warmup iteration=0 lut_exp=0 scna_layout=0 scna_width=8 qo_len=4 kv_len=4096 n_heads=12 n_kv_heads=2 head_dim=128 kv_head=1 worker=0 profiled_total=241 q_load=1 k_load=69 v_load=72 qk_dot=2 safe_sm=92 scna_exp=60 state_update=1 param_prepare=0 core_acc=3 o_scale=1 o_store=1
FIG8_ATTENTION_TIMERS mode=scna-fp16 layout=serial phase=warmup iteration=0 lut_exp=0 scna_layout=0 scna_width=8 qo_len=4 kv_len=4096 n_heads=12 n_kv_heads=2 head_dim=128 kv_head=0 worker=0 profiled_total=244 q_load=1 k_load=68 v_load=74 qk_dot=2 safe_sm=93 scna_exp=60 state_update=1 param_prepare=0 core_acc=3 o_scale=1 o_store=2
FIG8_ATTENTION_TIMERS mode=scna-fp16 layout=serial phase=warmup iteration=0 lut_exp=0 scna_layout=0 scna_width=8 qo_len=4 kv_len=4096 n_heads=12 n_kv_heads=2 head_dim=128 kv_head=1 worker=0 profiled_total=240 q_load=1 k_load=68 v_load=72 qk_dot=2 safe_sm=92 scna_exp=60 state_update=2 param_prepare=0 core_acc=3 o_scale=1 o_store=1
FIG8_ATTENTION_TIMERS mode=scna-fp16 layout=serial phase=warmup iteration=0 lut_exp=0 scna_layout=0 scna_width=8 qo_len=4 kv_len=4096 n_heads=12 n_kv_heads=2 head_dim=128 kv_head=0 worker=0 profiled_total=238 q_load=1 k_load=67 v_load=71 qk_dot=1 safe_sm=92 scna_exp=60 state_update=1 param_prepare=0 core_acc=3 o_scale=1 o_store=2
FIG8_ATTENTION_TIMERS mode=scna-fp16 layout=serial phase=warmup iteration=0 lut_exp=0 scna_layout=0 scna_width=8 qo_len=4 kv_len=4096 n_heads=12 n_kv_heads=2 head_dim=128 kv_head=1 worker=0 profiled_total=242 q_load=1 k_load=67 v_load=75 qk_dot=2 safe_sm=92 scna_exp=60 state_update=1 param_prepare=0 core_acc=3 o_scale=1 o_store=1
FIG8_ATTENTION_EVENT_COUNT mode=scna-fp16 qo_len=32 phase=warmup iteration=0 events=1200 max_events=33152 overflow=0
FIG8_ATTENTION_EVENT mode=scna-fp16 layout=serial phase=warmup iteration=0 component=q_load component_id=1 lut_exp=0 scna_layout=0 scna_width=8 qo_len=4 kv_len=4096 n_heads=12 n_kv_heads=2 head_dim=128 kv_head=0 worker=0 block_r=0 block_c=-1 t0_us=261265241210 t1_us=261265241212 dur_us=2
FIG8_ATTENTION_EVENT mode=scna-fp16 layout=serial phase=warmup iteration=0 component=k_load component_id=2 lut_exp=0 scna_layout=0 scna_width=8 qo_len=4 kv_len=4096 n_heads=12 n_kv_heads=2 head_dim=128 kv_head=0 worker=0 block_r=0 block_c=0 t0_us=261265241214 t1_us=261265241235 dur_us=21
FIG8_ATTENTION_EVENT mode=scna-fp16 layout=serial phase=warmup iteration=0 component=qk_dot component_id=4 lut_exp=0 scna_layout=0 scna_width=8 qo_len=4 kv_len=4096 n_heads=12 n_kv_heads=2 head_dim=128 kv_head=0 worker=0 block_r=0 block_c=0 t0_us=261265241236 t1_us=261265241238 dur_us=2
FIG8_ATTENTION_EVENT mode=scna-fp16 layout=serial phase=warmup iteration=0 component=scna_exp component_id=9 lut_exp=0 scna_layout=0 scna_width=8 qo_len=4 kv_len=4096 n_heads=12 n_kv_heads=2 head_dim=128 kv_head=0 worker=0 block_r=0 block_c=0 t0_us=261265241246 t1_us=261265241255 dur_us=9
FIG8_ATTENTION_EVENT mode=scna-fp16 layout=serial phase=warmup iteration=0 component=scna_exp component_id=9 lut_exp=0 scna_layout=0 scna_width=8 qo_len=4 kv_len=4096 n_heads=12 n_kv_heads=2 head_dim=128 kv_head=0 worker=0 block_r=2 block_c=0 t0_us=261265241258 t1_us=261265241260 dur_us=1
FIG8_ATTENTION_EVENT mode=scna-fp16 layout=serial phase=warmup iteration=0 component=scna_exp component_id=9 lut_exp=0 scna_layout=0 scna_width=8 qo_len=4 kv_len=4096 n_heads=12 n_kv_heads=2 head_dim=128 kv_head=0 worker=0 block_r=4 block_c=0 t0_us=261265241260 t1_us=261265241262 dur_us=1
FIG8_ATTENTION_EVENT mode=scna-fp16 layout=serial phase=warmup iteration=0 component=scna_exp component_id=9 lut_exp=0 scna_layout=0 scna_width=8 qo_len=4 kv_len=4096 n_heads=12 n_kv_heads=2 head_dim=128 kv_head=0 worker=0 block_r=6 block_c=0 t0_us=261265241263 t1_us=261265241264 dur_us=1
FIG8_ATTENTION_EVENT mode=scna-fp16 layout=serial phase=warmup iteration=0 component=scna_exp component_id=9 lut_exp=0 scna_layout=0 scna_width=8 qo_len=4 kv_len=4096 n_heads=12 n_kv_heads=2 head_dim=128 kv_head=0 worker=0 block_r=8 block_c=0 t0_us=261265241265 t1_us=261265241266 dur_us=1
FIG8_ATTENTION_EVENT mode=scna-fp16 layout=serial phase=warmup iteration=0 component=scna_exp component_id=9 lut_exp=0 scna_layout=0 scna_width=8 qo_len=4 kv_len=4096 n_heads=12 n_kv_heads=2 head_dim=128 kv_head=0 worker=0 block_r=10 block_c=0 t0_us=261265241267 t1_us=261265241268 dur_us=1
FIG8_ATTENTION_EVENT mode=scna-fp16 layout=serial phase=warmup iteration=0 component=scna_exp component_id=9 lut_exp=0 scna_layout=0 scna_width=8 qo_len=4 kv_len=4096 n_heads=12 n_kv_heads=2 head_dim=128 kv_head=0 worker=0 block_r=12 block_c=0 t0_us=261265241269 t1_us=261265241271 dur_us=1
FIG8_ATTENTION_EVENT mode=scna-fp16 layout=serial phase=warmup iteration=0 component=scna_exp component_id=9 lut_exp=0 scna_layout=0 scna_width=8 qo_len=4 kv_len=4096 n_heads=12 n_kv_heads=2 head_dim=128 kv_head=0 worker=0 block_r=14 block_c=0 t0_us=261265241271 t1_us=261265241273 dur_us=1
FIG8_ATTENTION_EVENT mode=scna-fp16 layout=serial phase=warmup iteration=0 component=scna_exp component_id=9 lut_exp=0 scna_layout=0 scna_width=8 qo_len=4 kv_len=4096 n_heads=12 n_kv_heads=2 head_dim=128 kv_head=0 worker=0 block_r=16 block_c=0 t0_us=261265241273 t1_us=261265241275 dur_us=1
FIG8_ATTENTION_EVENT mode=scna-fp16 layout=serial phase=warmup iteration=0 component=scna_exp component_id=9 lut_exp=0 scna_layout=0 scna_width=8 qo_len=4 kv_len=4096 n_heads=12 n_kv_heads=2 head_dim=128 kv_head=0 worker=0 block_r=18 block_c=0 t0_us=261265241276 t1_us=261265241277 dur_us=1
FIG8_ATTENTION_EVENT mode=scna-fp16 layout=serial phase=warmup iteration=0 component=scna_exp component_id=9 lut_exp=0 scna_layout=0 scna_width=8 qo_len=4 kv_len=4096 n_heads=12 n_kv_heads=2 head_dim=128 kv_head=0 worker=0 block_r=20 block_c=0 t0_us=261265241278 t1_us=261265241279 dur_us=1
FIG8_ATTENTION_EVENT mode=scna-fp16 layout=serial phase=warmup iteration=0 component=scna_exp component_id=9 lut_exp=0 scna_layout=0 scna_width=8 qo_len=4 kv_len=4096 n_heads=12 n_kv_heads=2 head_dim=128 kv_head=0 worker=0 block_r=22 block_c=0 t0_us=261265241280 t1_us=261265241281 dur_us=1
FIG8_ATTENTION_EVENT mode=scna-fp16 layout=serial phase=warmup iteration=0 component=safe_sm component_id=5 lut_exp=0 scna_layout=0 scna_width=8 qo_len=4 kv_len=4096 n_heads=12 n_kv_heads=2 head_dim=128 kv_head=0 worker=0 block_r=0 block_c=0 t0_us=261265241239 t1_us=261265241282 dur_us=42
FIG8_ATTENTION_EVENT mode=scna-fp16 layout=serial phase=warmup iteration=0 component=v_load component_id=3 lut_exp=0 scna_layout=0 scna_width=8 qo_len=4 kv_len=4096 n_heads=12 n_kv_heads=2 head_dim=128 kv_head=0 worker=0 block_r=0 block_c=0 t0_us=261265241282 t1_us=261265241307 dur_us=25
FIG8_ATTENTION_EVENT mode=scna-fp16 layout=serial phase=warmup iteration=0 component=scna_exp component_id=9 lut_exp=0 scna_layout=0 scna_width=8 qo_len=4 kv_len=4096 n_heads=12 n_kv_heads=2 head_dim=128 kv_head=0 worker=0 block_r=0 block_c=0 t0_us=261265241308 t1_us=261265241308 dur_us=0
FIG8_ATTENTION_EVENT mode=scna-fp16 layout=serial phase=warmup iteration=0 component=core_acc component_id=6 lut_exp=0 scna_layout=0 scna_width=8 qo_len=4 kv_len=4096 n_heads=12 n_kv_heads=2 head_dim=128 kv_head=0 worker=0 block_r=0 block_c=0 t0_us=261265241307 t1_us=261265241313 dur_us=5
FIG8_ATTENTION_EVENT mode=scna-fp16 layout=serial phase=warmup iteration=0 component=k_load component_id=2 lut_exp=0 scna_layout=0 scna_width=8 qo_len=4 kv_len=4096 n_heads=12 n_kv_heads=2 head_dim=128 kv_head=0 worker=0 block_r=0 block_c=1280 t0_us=261265241315 t1_us=261265241345 dur_us=30
FIG8_ATTENTION_EVENT mode=scna-fp16 layout=serial phase=warmup iteration=0 component=qk_dot component_id=4 lut_exp=0 scna_layout=0 scna_width=8 qo_len=4 kv_len=4096 n_heads=12 n_kv_heads=2 head_dim=128 kv_head=0 worker=0 block_r=0 block_c=1280 t0_us=261265241345 t1_us=261265241345 dur_us=0
FIG8_ATTENTION_EVENT mode=scna-fp16 layout=serial phase=warmup iteration=0 component=scna_exp component_id=9 lut_exp=0 scna_layout=0 scna_width=8 qo_len=4 kv_len=4096 n_heads=12 n_kv_heads=2 head_dim=128 kv_head=0 worker=0 block_r=0 block_c=1280 t0_us=261265241347 t1_us=261265241349 dur_us=1
FIG8_ATTENTION_EVENT mode=scna-fp16 layout=serial phase=warmup iteration=0 component=scna_exp component_id=9 lut_exp=0 scna_layout=0 scna_width=8 qo_len=4 kv_len=4096 n_heads=12 n_kv_heads=2 head_dim=128 kv_head=0 worker=0 block_r=2 block_c=1280 t0_us=261265241350 t1_us=261265241352 dur_us=1
FIG8_ATTENTION_EVENT mode=scna-fp16 layout=serial phase=warmup iteration=0 component=scna_exp component_id=9 lut_exp=0 scna_layout=0 scna_width=8 qo_len=4 kv_len=4096 n_heads=12 n_kv_heads=2 head_dim=128 kv_head=0 worker=0 block_r=4 block_c=1280 t0_us=261265241352 t1_us=261265241354 dur_us=1
FIG8_ATTENTION_EVENT mode=scna-fp16 layout=serial phase=warmup iteration=0 component=scna_exp component_id=9 lut_exp=0 scna_layout=0 scna_width=8 qo_len=4 kv_len=4096 n_heads=12 n_kv_heads=2 head_dim=128 kv_head=0 worker=0 block_r=6 block_c=1280 t0_us=261265241356 t1_us=261265241358 dur_us=2
FIG8_ATTENTION_EVENT mode=scna-fp16 layout=serial phase=warmup iteration=0 component=scna_exp component_id=9 lut_exp=0 scna_layout=0 scna_width=8 qo_len=4 kv_len=4096 n_heads=12 n_kv_heads=2 head_dim=128 kv_head=0 worker=0 block_r=8 block_c=1280 t0_us=261265241359 t1_us=261265241361 dur_us=1
FIG8_ATTENTION_EVENT mode=scna-fp16 layout=serial phase=warmup iteration=0 component=scna_exp component_id=9 lut_exp=0 scna_layout=0 scna_width=8 qo_len=4 kv_len=4096 n_heads=12 n_kv_heads=2 head_dim=128 kv_head=0 worker=0 block_r=10 block_c=1280 t0_us=261265241361 t1_us=261265241363 dur_us=1
FIG8_ATTENTION_EVENT mode=scna-fp16 layout=serial phase=warmup iteration=0 component=scna_exp component_id=9 lut_exp=0 scna_layout=0 scna_width=8 qo_len=4 kv_len=4096 n_heads=12 n_kv_heads=2 head_dim=128 kv_head=0 worker=0 block_r=12 block_c=1280 t0_us=261265241364 t1_us=261265241366 dur_us=1
FIG8_ATTENTION_EVENT mode=scna-fp16 layout=serial phase=warmup iteration=0 component=scna_exp component_id=9 lut_exp=0 scna_layout=0 scna_width=8 qo_len=4 kv_len=4096 n_heads=12 n_kv_heads=2 head_dim=128 kv_head=0 worker=0 block_r=14 block_c=1280 t0_us=261265241366 t1_us=261265241368 dur_us=1
FIG8_ATTENTION_EVENT mode=scna-fp16 layout=serial phase=warmup iteration=0 component=scna_exp component_id=9 lut_exp=0 scna_layout=0 scna_width=8 qo_len=4 kv_len=4096 n_heads=12 n_kv_heads=2 head_dim=128 kv_head=0 worker=0 block_r=16 block_c=1280 t0_us=261265241368 t1_us=261265241370 dur_us=1
FIG8_ATTENTION_EVENT mode=scna-fp16 layout=serial phase=warmup iteration=0 component=scna_exp component_id=9 lut_exp=0 scna_layout=0 scna_width=8 qo_len=4 kv_len=4096 n_heads=12 n_kv_heads=2 head_dim=128 kv_head=0 worker=0 block_r=18 block_c=1280 t0_us=261265241371 t1_us=261265241373 dur_us=1
FIG8_ATTENTION_EVENT mode=scna-fp16 layout=serial phase=warmup iteration=0 component=scna_exp component_id=9 lut_exp=0 scna_layout=0 scna_width=8 qo_len=4 kv_len=4096 n_heads=12 n_kv_heads=2 head_dim=128 kv_head=0 worker=0 block_r=20 block_c=1280 t0_us=261265241373 t1_us=261265241374 dur_us=1
FIG8_ATTENTION_EVENT mode=scna-fp16 layout=serial phase=warmup iteration=0 component=scna_exp component_id=9 lut_exp=0 scna_layout=0 scna_width=8 qo_len=4 kv_len=4096 n_heads=12 n_kv_heads=2 head_dim=128 kv_head=0 worker=0 block_r=22 block_c=1280 t0_us=261265241375 t1_us=261265241376 dur_us=1
FIG8_ATTENTION_EVENT mode=scna-fp16 layout=serial phase=warmup iteration=0 component=safe_sm component_id=5 lut_exp=0 scna_layout=0 scna_width=8 qo_len=4 kv_len=4096 n_heads=12 n_kv_heads=2 head_dim=128 kv_head=0 worker=0 block_r=0 block_c=1280 t0_us=261265241345 t1_us=261265241377 dur_us=31
FIG8_ATTENTION_EVENT mode=scna-fp16 layout=serial phase=warmup iteration=0 component=v_load component_id=3 lut_exp=0 scna_layout=0 scna_width=8 qo_len=4 kv_len=4096 n_heads=12 n_kv_heads=2 head_dim=128 kv_head=0 worker=0 block_r=0 block_c=1280 t0_us=261265241377 t1_us=261265241404 dur_us=26
FIG8_ATTENTION_EVENT mode=scna-fp16 layout=serial phase=warmup iteration=0 component=scna_exp component_id=9 lut_exp=0 scna_layout=0 scna_width=8 qo_len=4 kv_len=4096 n_heads=12 n_kv_heads=2 head_dim=128 kv_head=0 worker=0 block_r=0 block_c=1280 t0_us=261265241404 t1_us=261265241404 dur_us=0
FIG8_ATTENTION_EVENT mode=scna-fp16 layout=serial phase=warmup iteration=0 component=core_acc component_id=6 lut_exp=0 scna_layout=0 scna_width=8 qo_len=4 kv_len=4096 n_heads=12 n_kv_heads=2 head_dim=128 kv_head=0 worker=0 block_r=0 block_c=1280 t0_us=261265241404 t1_us=261265241404 dur_us=0
FIG8_ATTENTION_EVENT mode=scna-fp16 layout=serial phase=warmup iteration=0 component=k_load component_id=2 lut_exp=0 scna_layout=0 scna_width=8 qo_len=4 kv_len=4096 n_heads=12 n_kv_heads=2 head_dim=128 kv_head=0 worker=0 block_r=0 block_c=2560 t0_us=261265241404 t1_us=261265241424 dur_us=20
FIG8_ATTENTION_EVENT mode=scna-fp16 layout=serial phase=warmup iteration=0 component=qk_dot component_id=4 lut_exp=0 scna_layout=0 scna_width=8 qo_len=4 kv_len=4096 n_heads=12 n_kv_heads=2 head_dim=128 kv_head=0 worker=0 block_r=0 block_c=2560 t0_us=261265241424 t1_us=261265241425 dur_us=0
FIG8_ATTENTION_EVENT mode=scna-fp16 layout=serial phase=warmup iteration=0 component=scna_exp component_id=9 lut_exp=0 scna_layout=0 scna_width=8 qo_len=4 kv_len=4096 n_heads=12 n_kv_heads=2 head_dim=128 kv_head=0 worker=0 block_r=0 block_c=2560 t0_us=261265241426 t1_us=261265241428 dur_us=1
FIG8_ATTENTION_EVENT mode=scna-fp16 layout=serial phase=warmup iteration=0 component=scna_exp component_id=9 lut_exp=0 scna_layout=0 scna_width=8 qo_len=4 kv_len=4096 n_heads=12 n_kv_heads=2 head_dim=128 kv_head=0 worker=0 block_r=2 block_c=2560 t0_us=261265241428 t1_us=261265241430 dur_us=1
FIG8_ATTENTION_EVENT mode=scna-fp16 layout=serial phase=warmup iteration=0 component=scna_exp component_id=9 lut_exp=0 scna_layout=0 scna_width=8 qo_len=4 kv_len=4096 n_heads=12 n_kv_heads=2 head_dim=128 kv_head=0 worker=0 block_r=4 block_c=2560 t0_us=261265241431 t1_us=261265241433 dur_us=1
FIG8_ATTENTION_EVENT mode=scna-fp16 layout=serial phase=warmup iteration=0 component=scna_exp component_id=9 lut_exp=0 scna_layout=0 scna_width=8 qo_len=4 kv_len=4096 n_heads=12 n_kv_heads=2 head_dim=128 kv_head=0 worker=0 block_r=6 block_c=2560 t0_us=261265241435 t1_us=261265241437 dur_us=1
FIG8_ATTENTION_EVENT mode=scna-fp16 layout=serial phase=warmup iteration=0 component=scna_exp component_id=9 lut_exp=0 scna_layout=0 scna_width=8 qo_len=4 kv_len=4096 n_heads=12 n_kv_heads=2 head_dim=128 kv_head=0 worker=0 block_r=8 block_c=2560 t0_us=261265241437 t1_us=261265241439 dur_us=1
FIG8_ATTENTION_EVENT mode=scna-fp16 layout=serial phase=warmup iteration=0 component=scna_exp component_id=9 lut_exp=0 scna_layout=0 scna_width=8 qo_len=4 kv_len=4096 n_heads=12 n_kv_heads=2 head_dim=128 kv_head=0 worker=0 block_r=10 block_c=2560 t0_us=261265241440 t1_us=261265241441 dur_us=1
FIG8_ATTENTION_EVENT mode=scna-fp16 layout=serial phase=warmup iteration=0 component=scna_exp component_id=9 lut_exp=0 scna_layout=0 scna_width=8 qo_len=4 kv_len=4096 n_heads=12 n_kv_heads=2 head_dim=128 kv_head=0 worker=0 block_r=12 block_c=2560 t0_us=261265241443 t1_us=261265241445 dur_us=1
FIG8_ATTENTION_EVENT mode=scna-fp16 layout=serial phase=warmup iteration=0 component=scna_exp component_id=9 lut_exp=0 scna_layout=0 scna_width=8 qo_len=4 kv_len=4096 n_heads=12 n_kv_heads=2 head_dim=128 kv_head=0 worker=0 block_r=14 block_c=2560 t0_us=261265241445 t1_us=261265241447 dur_us=1
FIG8_ATTENTION_EVENT mode=scna-fp16 layout=serial phase=warmup iteration=0 component=scna_exp component_id=9 lut_exp=0 scna_layout=0 scna_width=8 qo_len=4 kv_len=4096 n_heads=12 n_kv_heads=2 head_dim=128 kv_head=0 worker=0 block_r=16 block_c=2560 t0_us=261265241447 t1_us=261265241449 dur_us=1
FIG8_ATTENTION_EVENT mode=scna-fp16 layout=serial phase=warmup iteration=0 component=scna_exp component_id=9 lut_exp=0 scna_layout=0 scna_width=8 qo_len=4 kv_len=4096 n_heads=12 n_kv_heads=2 head_dim=128 kv_head=0 worker=0 block_r=18 block_c=2560 t0_us=261265241450 t1_us=261265241451 dur_us=1
FIG8_ATTENTION_EVENT mode=scna-fp16 layout=serial phase=warmup iteration=0 component=scna_exp component_id=9 lut_exp=0 scna_layout=0 scna_width=8 qo_len=4 kv_len=4096 n_heads=12 n_kv_heads=2 head_dim=128 kv_head=0 worker=0 block_r=20 block_c=2560 t0_us=261265241452 t1_us=261265241453 dur_us=1
FIG8_ATTENTION_EVENT mode=scna-fp16 layout=serial phase=warmup iteration=0 component=scna_exp component_id=9 lut_exp=0 scna_layout=0 scna_width=8 qo_len=4 kv_len=4096 n_heads=12 n_kv_heads=2 head_dim=128 kv_head=0 worker=0 block_r=22 block_c=2560 t0_us=261265241454 t1_us=261265241455 dur_us=1
FIG8_ATTENTION_EVENT mode=scna-fp16 layout=serial phase=warmup iteration=0 component=safe_sm component_id=5 lut_exp=0 scna_layout=0 scna_width=8 qo_len=4 kv_len=4096 n_heads=12 n_kv_heads=2 head_dim=128 kv_head=0 worker=0 block_r=0 block_c=2560 t0_us=261265241425 t1_us=261265241455 dur_us=30
FIG8_ATTENTION_EVENT mode=scna-fp16 layout=serial phase=warmup iteration=0 component=v_load component_id=3 lut_exp=0 scna_layout=0 scna_width=8 qo_len=4 kv_len=4096 n_heads=12 n_kv_heads=2 head_dim=128 kv_head=0 worker=0 block_r=0 block_c=2560 t0_us=261265241455 t1_us=261265241485 dur_us=29
FIG8_ATTENTION_EVENT mode=scna-fp16 layout=serial phase=warmup iteration=0 component=scna_exp component_id=9 lut_exp=0 scna_layout=0 scna_width=8 qo_len=4 kv_len=4096 n_heads=12 n_kv_heads=2 head_dim=128 kv_head=0 worker=0 block_r=0 block_c=2560 t0_us=261265241485 t1_us=261265241485 dur_us=0
FIG8_ATTENTION_EVENT mode=scna-fp16 layout=serial phase=warmup iteration=0 component=core_acc component_id=6 lut_exp=0 scna_layout=0 scna_width=8 qo_len=4 kv_len=4096 n_heads=12 n_kv_heads=2 head_dim=128 kv_head=0 worker=0 block_r=0 block_c=2560 t0_us=261265241485 t1_us=261265241485 dur_us=0
FIG8_ATTENTION_EVENT mode=scna-fp16 layout=serial phase=warmup iteration=0 component=k_load component_id=2 lut_exp=0 scna_layout=0 scna_width=8 qo_len=4 kv_len=4096 n_heads=12 n_kv_heads=2 head_dim=128 kv_head=0 worker=0 block_r=0 block_c=3840 t0_us=261265241485 t1_us=261265241489 dur_us=4
FIG8_ATTENTION_EVENT mode=scna-fp16 layout=serial phase=warmup iteration=0 component=qk_dot component_id=4 lut_exp=0 scna_layout=0 scna_width=8 qo_len=4 kv_len=4096 n_heads=12 n_kv_heads=2 head_dim=128 kv_head=0 worker=0 block_r=0 block_c=3840 t0_us=261265241489 t1_us=261265241489 dur_us=0
FIG8_ATTENTION_EVENT mode=scna-fp16 layout=serial phase=warmup iteration=0 component=scna_exp component_id=9 lut_exp=0 scna_layout=0 scna_width=8 qo_len=4 kv_len=4096 n_heads=12 n_kv_heads=2 head_dim=128 kv_head=0 worker=0 block_r=0 block_c=3840 t0_us=261265241490 t1_us=261265241490 dur_us=0
FIG8_ATTENTION_EVENT mode=scna-fp16 layout=serial phase=warmup iteration=0 component=scna_exp component_id=9 lut_exp=0 scna_layout=0 scna_width=8 qo_len=4 kv_len=4096 n_heads=12 n_kv_heads=2 head_dim=128 kv_head=0 worker=0 block_r=2 block_c=3840 t0_us=261265241491 t1_us=261265241491 dur_us=0
FIG8_ATTENTION_EVENT mode=scna-fp16 layout=serial phase=warmup iteration=0 component=scna_exp component_id=9 lut_exp=0 scna_layout=0 scna_width=8 qo_len=4 kv_len=4096 n_heads=12 n_kv_heads=2 head_dim=128 kv_head=0 worker=0 block_r=4 block_c=3840 t0_us=261265241491 t1_us=261265241492 dur_us=0
FIG8_ATTENTION_EVENT mode=scna-fp16 layout=serial phase=warmup iteration=0 component=scna_exp component_id=9 lut_exp=0 scna_layout=0 scna_width=8 qo_len=4 kv_len=4096 n_heads=12 n_kv_heads=2 head_dim=128 kv_head=0 worker=0 block_r=6 block_c=3840 t0_us=261265241492 t1_us=261265241493 dur_us=0
FIG8_ATTENTION_EVENT mode=scna-fp16 layout=serial phase=warmup iteration=0 component=scna_exp component_id=9 lut_exp=0 scna_layout=0 scna_width=8 qo_len=4 kv_len=4096 n_heads=12 n_kv_heads=2 head_dim=128 kv_head=0 worker=0 block_r=8 block_c=3840 t0_us=261265241493 t1_us=261265241493 dur_us=0
FIG8_ATTENTION_EVENT mode=scna-fp16 layout=serial phase=warmup iteration=0 component=scna_exp component_id=9 lut_exp=0 scna_layout=0 scna_width=8 qo_len=4 kv_len=4096 n_heads=12 n_kv_heads=2 head_dim=128 kv_head=0 worker=0 block_r=10 block_c=3840 t0_us=261265241494 t1_us=261265241494 dur_us=0
FIG8_ATTENTION_EVENT mode=scna-fp16 layout=serial phase=warmup iteration=0 component=scna_exp component_id=9 lut_exp=0 scna_layout=0 scna_width=8 qo_len=4 kv_len=4096 n_heads=12 n_kv_heads=2 head_dim=128 kv_head=0 worker=0 block_r=12 block_c=3840 t0_us=261265241494 t1_us=261265241495 dur_us=0
FIG8_ATTENTION_EVENT mode=scna-fp16 layout=serial phase=warmup iteration=0 component=scna_exp component_id=9 lut_exp=0 scna_layout=0 scna_width=8 qo_len=4 kv_len=4096 n_heads=12 n_kv_heads=2 head_dim=128 kv_head=0 worker=0 block_r=14 block_c=3840 t0_us=261265241495 t1_us=261265241495 dur_us=0
FIG8_ATTENTION_EVENT mode=scna-fp16 layout=serial phase=warmup iteration=0 component=scna_exp component_id=9 lut_exp=0 scna_layout=0 scna_width=8 qo_len=4 kv_len=4096 n_heads=12 n_kv_heads=2 head_dim=128 kv_head=0 worker=0 block_r=16 block_c=3840 t0_us=261265241496 t1_us=261265241496 dur_us=0
FIG8_ATTENTION_EVENT mode=scna-fp16 layout=serial phase=warmup iteration=0 component=scna_exp component_id=9 lut_exp=0 scna_layout=0 scna_width=8 qo_len=4 kv_len=4096 n_heads=12 n_kv_heads=2 head_dim=128 kv_head=0 worker=0 block_r=18 block_c=3840 t0_us=261265241496 t1_us=261265241497 dur_us=0
FIG8_ATTENTION_EVENT mode=scna-fp16 layout=serial phase=warmup iteration=0 component=scna_exp component_id=9 lut_exp=0 scna_layout=0 scna_width=8 qo_len=4 kv_len=4096 n_heads=12 n_kv_heads=2 head_dim=128 kv_head=0 worker=0 block_r=20 block_c=3840 t0_us=261265241497 t1_us=261265241497 dur_us=0
FIG8_ATTENTION_EVENT mode=scna-fp16 layout=serial phase=warmup iteration=0 component=scna_exp component_id=9 lut_exp=0 scna_layout=0 scna_width=8 qo_len=4 kv_len=4096 n_heads=12 n_kv_heads=2 head_dim=128 kv_head=0 worker=0 block_r=22 block_c=3840 t0_us=261265241497 t1_us=261265241498 dur_us=0
FIG8_ATTENTION_EVENT mode=scna-fp16 layout=serial phase=warmup iteration=0 component=safe_sm component_id=5 lut_exp=0 scna_layout=0 scna_width=8 qo_len=4 kv_len=4096 n_heads=12 n_kv_heads=2 head_dim=128 kv_head=0 worker=0 block_r=0 block_c=3840 t0_us=261265241490 t1_us=261265241498 dur_us=8
FIG8_ATTENTION_EVENT mode=scna-fp16 layout=serial phase=warmup iteration=0 component=v_load component_id=3 lut_exp=0 scna_layout=0 scna_width=8 qo_len=4 kv_len=4096 n_heads=12 n_kv_heads=2 head_dim=128 kv_head=0 worker=0 block_r=0 block_c=3840 t0_us=261265241498 t1_us=261265241500 dur_us=2
FIG8_ATTENTION_EVENT mode=scna-fp16 layout=serial phase=warmup iteration=0 component=scna_exp component_id=9 lut_exp=0 scna_layout=0 scna_width=8 qo_len=4 kv_len=4096 n_heads=12 n_kv_heads=2 head_dim=128 kv_head=0 worker=0 block_r=0 block_c=3840 t0_us=261265241500 t1_us=261265241500 dur_us=0
FIG8_ATTENTION_EVENT mode=scna-fp16 layout=serial phase=warmup iteration=0 component=core_acc component_id=6 lut_exp=0 scna_layout=0 scna_width=8 qo_len=4 kv_len=4096 n_heads=12 n_kv_heads=2 head_dim=128 kv_head=0 worker=0 block_r=0 block_c=3840 t0_us=261265241500 t1_us=261265241500 dur_us=0
FIG8_ATTENTION_EVENT mode=scna-fp16 layout=serial phase=warmup iteration=0 component=o_scale component_id=7 lut_exp=0 scna_layout=0 scna_width=8 qo_len=4 kv_len=4096 n_heads=12 n_kv_heads=2 head_dim=128 kv_head=0 worker=0 block_r=0 block_c=-1 t0_us=261265241501 t1_us=261265241503 dur_us=2
FIG8_ATTENTION_EVENT mode=scna-fp16 layout=serial phase=warmup iteration=0 component=o_store component_id=8 lut_exp=0 scna_layout=0 scna_width=8 qo_len=4 kv_len=4096 n_heads=12 n_kv_heads=2 head_dim=128 kv_head=0 worker=0 block_r=0 block_c=-1 t0_us=261265241503 t1_us=261265241506 dur_us=2
FIG8_ATTENTION_EVENT mode=scna-fp16 layout=serial phase=warmup iteration=0 component=q_load component_id=1 lut_exp=0 scna_layout=0 scna_width=8 qo_len=4 kv_len=4096 n_heads=12 n_kv_heads=2 head_dim=128 kv_head=1 worker=0 block_r=0 block_c=-1 t0_us=261265241556 t1_us=261265241558 dur_us=1
FIG8_ATTENTION_EVENT mode=scna-fp16 layout=serial phase=warmup iteration=0 component=k_load component_id=2 lut_exp=0 scna_layout=0 scna_width=8 qo_len=4 kv_len=4096 n_heads=12 n_kv_heads=2 head_dim=128 kv_head=1 worker=0 block_r=0 block_c=0 t0_us=261265241559 t1_us=261265241581 dur_us=22
FIG8_ATTENTION_EVENT mode=scna-fp16 layout=serial phase=warmup iteration=0 component=qk_dot component_id=4 lut_exp=0 scna_layout=0 scna_width=8 qo_len=4 kv_len=4096 n_heads=12 n_kv_heads=2 head_dim=128 kv_head=1 worker=0 block_r=0 block_c=0 t0_us=261265241582 t1_us=261265241583 dur_us=1
FIG8_ATTENTION_EVENT mode=scna-fp16 layout=serial phase=warmup iteration=0 component=scna_exp component_id=9 lut_exp=0 scna_layout=0 scna_width=8 qo_len=4 kv_len=4096 n_heads=12 n_kv_heads=2 head_dim=128 kv_head=1 worker=0 block_r=0 block_c=0 t0_us=261265241585 t1_us=261265241589 dur_us=3
FIG8_ATTENTION_EVENT mode=scna-fp16 layout=serial phase=warmup iteration=0 component=scna_exp component_id=9 lut_exp=0 scna_layout=0 scna_width=8 qo_len=4 kv_len=4096 n_heads=12 n_kv_heads=2 head_dim=128 kv_head=1 worker=0 block_r=2 block_c=0 t0_us=261265241593 t1_us=261265241595 dur_us=1
FIG8_ATTENTION_EVENT mode=scna-fp16 layout=serial phase=warmup iteration=0 component=scna_exp component_id=9 lut_exp=0 scna_layout=0 scna_width=8 qo_len=4 kv_len=4096 n_heads=12 n_kv_heads=2 head_dim=128 kv_head=1 worker=0 block_r=4 block_c=0 t0_us=261265241595 t1_us=261265241597 dur_us=1
FIG8_ATTENTION_EVENT mode=scna-fp16 layout=serial phase=warmup iteration=0 component=scna_exp component_id=9 lut_exp=0 scna_layout=0 scna_width=8 qo_len=4 kv_len=4096 n_heads=12 n_kv_heads=2 head_dim=128 kv_head=1 worker=0 block_r=6 block_c=0 t0_us=261265241600 t1_us=261265241602 dur_us=1
FIG8_ATTENTION_EVENT mode=scna-fp16 layout=serial phase=warmup iteration=0 component=scna_exp component_id=9 lut_exp=0 scna_layout=0 scna_width=8 qo_len=4 kv_len=4096 n_heads=12 n_kv_heads=2 head_dim=128 kv_head=1 worker=0 block_r=8 block_c=0 t0_us=261265241602 t1_us=261265241604 dur_us=1
FIG8_ATTENTION_EVENT mode=scna-fp16 layout=serial phase=warmup iteration=0 component=scna_exp component_id=9 lut_exp=0 scna_layout=0 scna_width=8 qo_len=4 kv_len=4096 n_heads=12 n_kv_heads=2 head_dim=128 kv_head=1 worker=0 block_r=10 block_c=0 t0_us=261265241604 t1_us=261265241605 dur_us=1
FIG8_ATTENTION_EVENT mode=scna-fp16 layout=serial phase=warmup iteration=0 component=scna_exp component_id=9 lut_exp=0 scna_layout=0 scna_width=8 qo_len=4 kv_len=4096 n_heads=12 n_kv_heads=2 head_dim=128 kv_head=1 worker=0 block_r=12 block_c=0 t0_us=261265241607 t1_us=261265241608 dur_us=1
FIG8_ATTENTION_EVENT mode=scna-fp16 layout=serial phase=warmup iteration=0 component=scna_exp component_id=9 lut_exp=0 scna_layout=0 scna_width=8 qo_len=4 kv_len=4096 n_heads=12 n_kv_heads=2 head_dim=128 kv_head=1 worker=0 block_r=14 block_c=0 t0_us=261265241609 t1_us=261265241610 dur_us=1
FIG8_ATTENTION_EVENT mode=scna-fp16 layout=serial phase=warmup iteration=0 component=scna_exp component_id=9 lut_exp=0 scna_layout=0 scna_width=8 qo_len=4 kv_len=4096 n_heads=12 n_kv_heads=2 head_dim=128 kv_head=1 worker=0 block_r=16 block_c=0 t0_us=261265241611 t1_us=261265241612 dur_us=1
FIG8_ATTENTION_EVENT mode=scna-fp16 layout=serial phase=warmup iteration=0 component=scna_exp component_id=9 lut_exp=0 scna_layout=0 scna_width=8 qo_len=4 kv_len=4096 n_heads=12 n_kv_heads=2 head_dim=128 kv_head=1 worker=0 block_r=18 block_c=0 t0_us=261265241614 t1_us=261265241615 dur_us=1
FIG8_ATTENTION_EVENT mode=scna-fp16 layout=serial phase=warmup iteration=0 component=scna_exp component_id=9 lut_exp=0 scna_layout=0 scna_width=8 qo_len=4 kv_len=4096 n_heads=12 n_kv_heads=2 head_dim=128 kv_head=1 worker=0 block_r=20 block_c=0 t0_us=261265241615 t1_us=261265241617 dur_us=1
FIG8_ATTENTION_EVENT mode=scna-fp16 layout=serial phase=warmup iteration=0 component=scna_exp component_id=9 lut_exp=0 scna_layout=0 scna_width=8 qo_len=4 kv_len=4096 n_heads=12 n_kv_heads=2 head_dim=128 kv_head=1 worker=0 block_r=22 block_c=0 t0_us=261265241617 t1_us=261265241619 dur_us=1
FIG8_ATTENTION_EVENT mode=scna-fp16 layout=serial phase=warmup iteration=0 component=safe_sm component_id=5 lut_exp=0 scna_layout=0 scna_width=8 qo_len=4 kv_len=4096 n_heads=12 n_kv_heads=2 head_dim=128 kv_head=1 worker=0 block_r=0 block_c=0 t0_us=261265241583 t1_us=261265241619 dur_us=36
FIG8_ATTENTION_EVENT mode=scna-fp16 layout=serial phase=warmup iteration=0 component=v_load component_id=3 lut_exp=0 scna_layout=0 scna_width=8 qo_len=4 kv_len=4096 n_heads=12 n_kv_heads=2 head_dim=128 kv_head=1 worker=0 block_r=0 block_c=0 t0_us=261265241620 t1_us=261265241651 dur_us=30
FIG8_ATTENTION_EVENT mode=scna-fp16 layout=serial phase=warmup iteration=0 component=scna_exp component_id=9 lut_exp=0 scna_layout=0 scna_width=8 qo_len=4 kv_len=4096 n_heads=12 n_kv_heads=2 head_dim=128 kv_head=1 worker=0 block_r=0 block_c=0 t0_us=261265241651 t1_us=261265241652 dur_us=1
FIG8_ATTENTION_EVENT mode=scna-fp16 layout=serial phase=warmup iteration=0 component=core_acc component_id=6 lut_exp=0 scna_layout=0 scna_width=8 qo_len=4 kv_len=4096 n_heads=12 n_kv_heads=2 head_dim=128 kv_head=1 worker=0 block_r=0 block_c=0 t0_us=261265241651 t1_us=261265241657 dur_us=6
FIG8_ATTENTION_EVENT mode=scna-fp16 layout=serial phase=warmup iteration=0 component=k_load component_id=2 lut_exp=0 scna_layout=0 scna_width=8 qo_len=4 kv_len=4096 n_heads=12 n_kv_heads=2 head_dim=128 kv_head=1 worker=0 block_r=0 block_c=1280 t0_us=261265241658 t1_us=261265241687 dur_us=28
FIG8_ATTENTION_EVENT mode=scna-fp16 layout=serial phase=warmup iteration=0 component=qk_dot component_id=4 lut_exp=0 scna_layout=0 scna_width=8 qo_len=4 kv_len=4096 n_heads=12 n_kv_heads=2 head_dim=128 kv_head=1 worker=0 block_r=0 block_c=1280 t0_us=261265241687 t1_us=261265241688 dur_us=0
FIG8_ATTENTION_EVENT mode=scna-fp16 layout=serial phase=warmup iteration=0 component=scna_exp component_id=9 lut_exp=0 scna_layout=0 scna_width=8 qo_len=4 kv_len=4096 n_heads=12 n_kv_heads=2 head_dim=128 kv_head=1 worker=0 block_r=0 block_c=1280 t0_us=261265241690 t1_us=261265241692 dur_us=1
FIG8_ATTENTION_EVENT mode=scna-fp16 layout=serial phase=warmup iteration=0 component=scna_exp component_id=9 lut_exp=0 scna_layout=0 scna_width=8 qo_len=4 kv_len=4096 n_heads=12 n_kv_heads=2 head_dim=128 kv_head=1 worker=0 block_r=2 block_c=1280 t0_us=261265241693 t1_us=261265241695 dur_us=2
FIG8_ATTENTION_EVENT mode=scna-fp16 layout=serial phase=warmup iteration=0 component=scna_exp component_id=9 lut_exp=0 scna_layout=0 scna_width=8 qo_len=4 kv_len=4096 n_heads=12 n_kv_heads=2 head_dim=128 kv_head=1 worker=0 block_r=4 block_c=1280 t0_us=261265241695 t1_us=261265241697 dur_us=1
FIG8_ATTENTION_EVENT mode=scna-fp16 layout=serial phase=warmup iteration=0 component=scna_exp component_id=9 lut_exp=0 scna_layout=0 scna_width=8 qo_len=4 kv_len=4096 n_heads=12 n_kv_heads=2 head_dim=128 kv_head=1 worker=0 block_r=6 block_c=1280 t0_us=261265241700 t1_us=261265241702 dur_us=1
FIG8_ATTENTION_EVENT mode=scna-fp16 layout=serial phase=warmup iteration=0 component=scna_exp component_id=9 lut_exp=0 scna_layout=0 scna_width=8 qo_len=4 kv_len=4096 n_heads=12 n_kv_heads=2 head_dim=128 kv_head=1 worker=0 block_r=8 block_c=1280 t0_us=261265241702 t1_us=261265241704 dur_us=1
FIG8_ATTENTION_EVENT mode=scna-fp16 layout=serial phase=warmup iteration=0 component=scna_exp component_id=9 lut_exp=0 scna_layout=0 scna_width=8 qo_len=4 kv_len=4096 n_heads=12 n_kv_heads=2 head_dim=128 kv_head=1 worker=0 block_r=10 block_c=1280 t0_us=261265241704 t1_us=261265241706 dur_us=1
FIG8_ATTENTION_EVENT mode=scna-fp16 layout=serial phase=warmup iteration=0 component=scna_exp component_id=9 lut_exp=0 scna_layout=0 scna_width=8 qo_len=4 kv_len=4096 n_heads=12 n_kv_heads=2 head_dim=128 kv_head=1 worker=0 block_r=12 block_c=1280 t0_us=261265241707 t1_us=261265241709 dur_us=1
FIG8_ATTENTION_EVENT mode=scna-fp16 layout=serial phase=warmup iteration=0 component=scna_exp component_id=9 lut_exp=0 scna_layout=0 scna_width=8 qo_len=4 kv_len=4096 n_heads=12 n_kv_heads=2 head_dim=128 kv_head=1 worker=0 block_r=14 block_c=1280 t0_us=261265241709 t1_us=261265241711 dur_us=1
FIG8_ATTENTION_EVENT mode=scna-fp16 layout=serial phase=warmup iteration=0 component=scna_exp component_id=9 lut_exp=0 scna_layout=0 scna_width=8 qo_len=4 kv_len=4096 n_heads=12 n_kv_heads=2 head_dim=128 kv_head=1 worker=0 block_r=16 block_c=1280 t0_us=261265241711 t1_us=261265241713 dur_us=1
FIG8_ATTENTION_EVENT mode=scna-fp16 layout=serial phase=warmup iteration=0 component=scna_exp component_id=9 lut_exp=0 scna_layout=0 scna_width=8 qo_len=4 kv_len=4096 n_heads=12 n_kv_heads=2 head_dim=128 kv_head=1 worker=0 block_r=18 block_c=1280 t0_us=261265241714 t1_us=261265241715 dur_us=1
FIG8_ATTENTION_EVENT mode=scna-fp16 layout=serial phase=warmup iteration=0 component=scna_exp component_id=9 lut_exp=0 scna_layout=0 scna_width=8 qo_len=4 kv_len=4096 n_heads=12 n_kv_heads=2 head_dim=128 kv_head=1 worker=0 block_r=20 block_c=1280 t0_us=261265241716 t1_us=261265241717 dur_us=1
FIG8_ATTENTION_EVENT mode=scna-fp16 layout=serial phase=warmup iteration=0 component=scna_exp component_id=9 lut_exp=0 scna_layout=0 scna_width=8 qo_len=4 kv_len=4096 n_heads=12 n_kv_heads=2 head_dim=128 kv_head=1 worker=0 block_r=22 block_c=1280 t0_us=261265241718 t1_us=261265241719 dur_us=1
FIG8_ATTENTION_EVENT mode=scna-fp16 layout=serial phase=warmup iteration=0 component=safe_sm component_id=5 lut_exp=0 scna_layout=0 scna_width=8 qo_len=4 kv_len=4096 n_heads=12 n_kv_heads=2 head_dim=128 kv_head=1 worker=0 block_r=0 block_c=1280 t0_us=261265241688 t1_us=261265241719 dur_us=31
FIG8_ATTENTION_EVENT mode=scna-fp16 layout=serial phase=warmup iteration=0 component=v_load component_id=3 lut_exp=0 scna_layout=0 scna_width=8 qo_len=4 kv_len=4096 n_heads=12 n_kv_heads=2 head_dim=128 kv_head=1 worker=0 block_r=0 block_c=1280 t0_us=261265241720 t1_us=261265241746 dur_us=26
FIG8_ATTENTION_EVENT mode=scna-fp16 layout=serial phase=warmup iteration=0 component=scna_exp component_id=9 lut_exp=0 scna_layout=0 scna_width=8 qo_len=4 kv_len=4096 n_heads=12 n_kv_heads=2 head_dim=128 kv_head=1 worker=0 block_r=0 block_c=1280 t0_us=261265241746 t1_us=261265241746 dur_us=0
FIG8_ATTENTION_EVENT mode=scna-fp16 layout=serial phase=warmup iteration=0 component=core_acc component_id=6 lut_exp=0 scna_layout=0 scna_width=8 qo_len=4 kv_len=4096 n_heads=12 n_kv_heads=2 head_dim=128 kv_head=1 worker=0 block_r=0 block_c=1280 t0_us=261265241746 t1_us=261265241747 dur_us=0
FIG8_ATTENTION_EVENT mode=scna-fp16 layout=serial phase=warmup iteration=0 component=k_load component_id=2 lut_exp=0 scna_layout=0 scna_width=8 qo_len=4 kv_len=4096 n_heads=12 n_kv_heads=2 head_dim=128 kv_head=1 worker=0 block_r=0 block_c=2560 t0_us=261265241747 t1_us=261265241767 dur_us=19
FIG8_ATTENTION_EVENT mode=scna-fp16 layout=serial phase=warmup iteration=0 component=qk_dot component_id=4 lut_exp=0 scna_layout=0 scna_width=8 qo_len=4 kv_len=4096 n_heads=12 n_kv_heads=2 head_dim=128 kv_head=1 worker=0 block_r=0 block_c=2560 t0_us=261265241767 t1_us=261265241767 dur_us=0
FIG8_ATTENTION_EVENT mode=scna-fp16 layout=serial phase=warmup iteration=0 component=scna_exp component_id=9 lut_exp=0 scna_layout=0 scna_width=8 qo_len=4 kv_len=4096 n_heads=12 n_kv_heads=2 head_dim=128 kv_head=1 worker=0 block_r=0 block_c=2560 t0_us=261265241769 t1_us=261265241771 dur_us=2
FIG8_ATTENTION_EVENT mode=scna-fp16 layout=serial phase=warmup iteration=0 component=scna_exp component_id=9 lut_exp=0 scna_layout=0 scna_width=8 qo_len=4 kv_len=4096 n_heads=12 n_kv_heads=2 head_dim=128 kv_head=1 worker=0 block_r=2 block_c=2560 t0_us=261265241771 t1_us=261265241773 dur_us=1
FIG8_ATTENTION_EVENT mode=scna-fp16 layout=serial phase=warmup iteration=0 component=scna_exp component_id=9 lut_exp=0 scna_layout=0 scna_width=8 qo_len=4 kv_len=4096 n_heads=12 n_kv_heads=2 head_dim=128 kv_head=1 worker=0 block_r=4 block_c=2560 t0_us=261265241774 t1_us=261265241775 dur_us=1
FIG8_ATTENTION_EVENT mode=scna-fp16 layout=serial phase=warmup iteration=0 component=scna_exp component_id=9 lut_exp=0 scna_layout=0 scna_width=8 qo_len=4 kv_len=4096 n_heads=12 n_kv_heads=2 head_dim=128 kv_head=1 worker=0 block_r=6 block_c=2560 t0_us=261265241778 t1_us=261265241780 dur_us=2
FIG8_ATTENTION_EVENT mode=scna-fp16 layout=serial phase=warmup iteration=0 component=scna_exp component_id=9 lut_exp=0 scna_layout=0 scna_width=8 qo_len=4 kv_len=4096 n_heads=12 n_kv_heads=2 head_dim=128 kv_head=1 worker=0 block_r=8 block_c=2560 t0_us=261265241780 t1_us=261265241782 dur_us=1
FIG8_ATTENTION_EVENT mode=scna-fp16 layout=serial phase=warmup iteration=0 component=scna_exp component_id=9 lut_exp=0 scna_layout=0 scna_width=8 qo_len=4 kv_len=4096 n_heads=12 n_kv_heads=2 head_dim=128 kv_head=1 worker=0 block_r=10 block_c=2560 t0_us=261265241783 t1_us=261265241784 dur_us=1
FIG8_ATTENTION_EVENT mode=scna-fp16 layout=serial phase=warmup iteration=0 component=scna_exp component_id=9 lut_exp=0 scna_layout=0 scna_width=8 qo_len=4 kv_len=4096 n_heads=12 n_kv_heads=2 head_dim=128 kv_head=1 worker=0 block_r=12 block_c=2560 t0_us=261265241785 t1_us=261265241787 dur_us=1
FIG8_ATTENTION_EVENT mode=scna-fp16 layout=serial phase=warmup iteration=0 component=scna_exp component_id=9 lut_exp=0 scna_layout=0 scna_width=8 qo_len=4 kv_len=4096 n_heads=12 n_kv_heads=2 head_dim=128 kv_head=1 worker=0 block_r=14 block_c=2560 t0_us=261265241787 t1_us=261265241789 dur_us=1
FIG8_ATTENTION_EVENT mode=scna-fp16 layout=serial phase=warmup iteration=0 component=scna_exp component_id=9 lut_exp=0 scna_layout=0 scna_width=8 qo_len=4 kv_len=4096 n_heads=12 n_kv_heads=2 head_dim=128 kv_head=1 worker=0 block_r=16 block_c=2560 t0_us=261265241789 t1_us=261265241791 dur_us=1
FIG8_ATTENTION_EVENT mode=scna-fp16 layout=serial phase=warmup iteration=0 component=scna_exp component_id=9 lut_exp=0 scna_layout=0 scna_width=8 qo_len=4 kv_len=4096 n_heads=12 n_kv_heads=2 head_dim=128 kv_head=1 worker=0 block_r=18 block_c=2560 t0_us=261265241792 t1_us=261265241793 dur_us=1
FIG8_ATTENTION_EVENT mode=scna-fp16 layout=serial phase=warmup iteration=0 component=scna_exp component_id=9 lut_exp=0 scna_layout=0 scna_width=8 qo_len=4 kv_len=4096 n_heads=12 n_kv_heads=2 head_dim=128 kv_head=1 worker=0 block_r=20 block_c=2560 t0_us=261265241794 t1_us=261265241795 dur_us=1
FIG8_ATTENTION_EVENT mode=scna-fp16 layout=serial phase=warmup iteration=0 component=scna_exp component_id=9 lut_exp=0 scna_layout=0 scna_width=8 qo_len=4 kv_len=4096 n_heads=12 n_kv_heads=2 head_dim=128 kv_head=1 worker=0 block_r=22 block_c=2560 t0_us=261265241796 t1_us=261265241797 dur_us=1
FIG8_ATTENTION_EVENT mode=scna-fp16 layout=serial phase=warmup iteration=0 component=safe_sm component_id=5 lut_exp=0 scna_layout=0 scna_width=8 qo_len=4 kv_len=4096 n_heads=12 n_kv_heads=2 head_dim=128 kv_head=1 worker=0 block_r=0 block_c=2560 t0_us=261265241767 t1_us=261265241797 dur_us=30
FIG8_ATTENTION_EVENT mode=scna-fp16 layout=serial phase=warmup iteration=0 component=v_load component_id=3 lut_exp=0 scna_layout=0 scna_width=8 qo_len=4 kv_len=4096 n_heads=12 n_kv_heads=2 head_dim=128 kv_head=1 worker=0 block_r=0 block_c=2560 t0_us=261265241798 t1_us=261265241833 dur_us=35
FIG8_ATTENTION_EVENT mode=scna-fp16 layout=serial phase=warmup iteration=0 component=scna_exp component_id=9 lut_exp=0 scna_layout=0 scna_width=8 qo_len=4 kv_len=4096 n_heads=12 n_kv_heads=2 head_dim=128 kv_head=1 worker=0 block_r=0 block_c=2560 t0_us=261265241833 t1_us=261265241833 dur_us=0
FIG8_ATTENTION_EVENT mode=scna-fp16 layout=serial phase=warmup iteration=0 component=core_acc component_id=6 lut_exp=0 scna_layout=0 scna_width=8 qo_len=4 kv_len=4096 n_heads=12 n_kv_heads=2 head_dim=128 kv_head=1 worker=0 block_r=0 block_c=2560 t0_us=261265241833 t1_us=261265241834 dur_us=0
FIG8_ATTENTION_EVENT mode=scna-fp16 layout=serial phase=warmup iteration=0 component=k_load component_id=2 lut_exp=0 scna_layout=0 scna_width=8 qo_len=4 kv_len=4096 n_heads=12 n_kv_heads=2 head_dim=128 kv_head=1 worker=0 block_r=0 block_c=3840 t0_us=261265241834 t1_us=261265241838 dur_us=4
FIG8_ATTENTION_EVENT mode=scna-fp16 layout=serial phase=warmup iteration=0 component=qk_dot component_id=4 lut_exp=0 scna_layout=0 scna_width=8 qo_len=4 kv_len=4096 n_heads=12 n_kv_heads=2 head_dim=128 kv_head=1 worker=0 block_r=0 block_c=3840 t0_us=261265241838 t1_us=261265241838 dur_us=0
FIG8_ATTENTION_EVENT mode=scna-fp16 layout=serial phase=warmup iteration=0 component=scna_exp component_id=9 lut_exp=0 scna_layout=0 scna_width=8 qo_len=4 kv_len=4096 n_heads=12 n_kv_heads=2 head_dim=128 kv_head=1 worker=0 block_r=0 block_c=3840 t0_us=261265241839 t1_us=261265241839 dur_us=0
FIG8_ATTENTION_EVENT mode=scna-fp16 layout=serial phase=warmup iteration=0 component=scna_exp component_id=9 lut_exp=0 scna_layout=0 scna_width=8 qo_len=4 kv_len=4096 n_heads=12 n_kv_heads=2 head_dim=128 kv_head=1 worker=0 block_r=2 block_c=3840 t0_us=261265241840 t1_us=261265241840 dur_us=0
FIG8_ATTENTION_EVENT mode=scna-fp16 layout=serial phase=warmup iteration=0 component=scna_exp component_id=9 lut_exp=0 scna_layout=0 scna_width=8 qo_len=4 kv_len=4096 n_heads=12 n_kv_heads=2 head_dim=128 kv_head=1 worker=0 block_r=4 block_c=3840 t0_us=261265241840 t1_us=261265241841 dur_us=0
FIG8_ATTENTION_EVENT mode=scna-fp16 layout=serial phase=warmup iteration=0 component=scna_exp component_id=9 lut_exp=0 scna_layout=0 scna_width=8 qo_len=4 kv_len=4096 n_heads=12 n_kv_heads=2 head_dim=128 kv_head=1 worker=0 block_r=6 block_c=3840 t0_us=261265241841 t1_us=261265241842 dur_us=0
FIG8_ATTENTION_EVENT mode=scna-fp16 layout=serial phase=warmup iteration=0 component=scna_exp component_id=9 lut_exp=0 scna_layout=0 scna_width=8 qo_len=4 kv_len=4096 n_heads=12 n_kv_heads=2 head_dim=128 kv_head=1 worker=0 block_r=8 block_c=3840 t0_us=261265241842 t1_us=261265241842 dur_us=0
FIG8_ATTENTION_EVENT mode=scna-fp16 layout=serial phase=warmup iteration=0 component=scna_exp component_id=9 lut_exp=0 scna_layout=0 scna_width=8 qo_len=4 kv_len=4096 n_heads=12 n_kv_heads=2 head_dim=128 kv_head=1 worker=0 block_r=10 block_c=3840 t0_us=261265241843 t1_us=261265241843 dur_us=0
FIG8_ATTENTION_EVENT mode=scna-fp16 layout=serial phase=warmup iteration=0 component=scna_exp component_id=9 lut_exp=0 scna_layout=0 scna_width=8 qo_len=4 kv_len=4096 n_heads=12 n_kv_heads=2 head_dim=128 kv_head=1 worker=0 block_r=12 block_c=3840 t0_us=261265241843 t1_us=261265241844 dur_us=0
FIG8_ATTENTION_EVENT mode=scna-fp16 layout=serial phase=warmup iteration=0 component=scna_exp component_id=9 lut_exp=0 scna_layout=0 scna_width=8 qo_len=4 kv_len=4096 n_heads=12 n_kv_heads=2 head_dim=128 kv_head=1 worker=0 block_r=14 block_c=3840 t0_us=261265241844 t1_us=261265241844 dur_us=0
FIG8_ATTENTION_EVENT mode=scna-fp16 layout=serial phase=warmup iteration=0 component=scna_exp component_id=9 lut_exp=0 scna_layout=0 scna_width=8 qo_len=4 kv_len=4096 n_heads=12 n_kv_heads=2 head_dim=128 kv_head=1 worker=0 block_r=16 block_c=3840 t0_us=261265241845 t1_us=261265241845 dur_us=0
FIG8_ATTENTION_EVENT mode=scna-fp16 layout=serial phase=warmup iteration=0 component=scna_exp component_id=9 lut_exp=0 scna_layout=0 scna_width=8 qo_len=4 kv_len=4096 n_heads=12 n_kv_heads=2 head_dim=128 kv_head=1 worker=0 block_r=18 block_c=3840 t0_us=261265241845 t1_us=261265241846 dur_us=0
FIG8_ATTENTION_EVENT mode=scna-fp16 layout=serial phase=warmup iteration=0 component=scna_exp component_id=9 lut_exp=0 scna_layout=0 scna_width=8 qo_len=4 kv_len=4096 n_heads=12 n_kv_heads=2 head_dim=128 kv_head=1 worker=0 block_r=20 block_c=3840 t0_us=261265241846 t1_us=261265241846 dur_us=0
FIG8_ATTENTION_EVENT mode=scna-fp16 layout=serial phase=warmup iteration=0 component=scna_exp component_id=9 lut_exp=0 scna_layout=0 scna_width=8 qo_len=4 kv_len=4096 n_heads=12 n_kv_heads=2 head_dim=128 kv_head=1 worker=0 block_r=22 block_c=3840 t0_us=261265241847 t1_us=261265241847 dur_us=0
FIG8_ATTENTION_EVENT mode=scna-fp16 layout=serial phase=warmup iteration=0 component=safe_sm component_id=5 lut_exp=0 scna_layout=0 scna_width=8 qo_len=4 kv_len=4096 n_heads=12 n_kv_heads=2 head_dim=128 kv_head=1 worker=0 block_r=0 block_c=3840 t0_us=261265241838 t1_us=261265241847 dur_us=8
FIG8_ATTENTION_EVENT mode=scna-fp16 layout=serial phase=warmup iteration=0 component=v_load component_id=3 lut_exp=0 scna_layout=0 scna_width=8 qo_len=4 kv_len=4096 n_heads=12 n_kv_heads=2 head_dim=128 kv_head=1 worker=0 block_r=0 block_c=3840 t0_us=261265241847 t1_us=261265241849 dur_us=2
FIG8_ATTENTION_EVENT mode=scna-fp16 layout=serial phase=warmup iteration=0 component=scna_exp component_id=9 lut_exp=0 scna_layout=0 scna_width=8 qo_len=4 kv_len=4096 n_heads=12 n_kv_heads=2 head_dim=128 kv_head=1 worker=0 block_r=0 block_c=3840 t0_us=261265241849 t1_us=261265241849 dur_us=0
FIG8_ATTENTION_EVENT mode=scna-fp16 layout=serial phase=warmup iteration=0 component=core_acc component_id=6 lut_exp=0 scna_layout=0 scna_width=8 qo_len=4 kv_len=4096 n_heads=12 n_kv_heads=2 head_dim=128 kv_head=1 worker=0 block_r=0 block_c=3840 t0_us=261265241849 t1_us=261265241850 dur_us=0
FIG8_ATTENTION_EVENT mode=scna-fp16 layout=serial phase=warmup iteration=0 component=o_scale component_id=7 lut_exp=0 scna_layout=0 scna_width=8 qo_len=4 kv_len=4096 n_heads=12 n_kv_heads=2 head_dim=128 kv_head=1 worker=0 block_r=0 block_c=-1 t0_us=261265241850 t1_us=261265241851 dur_us=1
FIG8_ATTENTION_EVENT mode=scna-fp16 layout=serial phase=warmup iteration=0 component=o_store component_id=8 lut_exp=0 scna_layout=0 scna_width=8 qo_len=4 kv_len=4096 n_heads=12 n_kv_heads=2 head_dim=128 kv_head=1 worker=0 block_r=0 block_c=-1 t0_us=261265241852 t1_us=261265241853 dur_us=1
FIG8_ATTENTION_EVENT mode=scna-fp16 layout=serial phase=warmup iteration=0 component=q_load component_id=1 lut_exp=0 scna_layout=0 scna_width=8 qo_len=4 kv_len=4096 n_heads=12 n_kv_heads=2 head_dim=128 kv_head=0 worker=0 block_r=0 block_c=-1 t0_us=261265241897 t1_us=261265241898 dur_us=1
FIG8_ATTENTION_EVENT mode=scna-fp16 layout=serial phase=warmup iteration=0 component=k_load component_id=2 lut_exp=0 scna_layout=0 scna_width=8 qo_len=4 kv_len=4096 n_heads=12 n_kv_heads=2 head_dim=128 kv_head=0 worker=0 block_r=0 block_c=0 t0_us=261265241900 t1_us=261265241920 dur_us=20
FIG8_ATTENTION_EVENT mode=scna-fp16 layout=serial phase=warmup iteration=0 component=qk_dot component_id=4 lut_exp=0 scna_layout=0 scna_width=8 qo_len=4 kv_len=4096 n_heads=12 n_kv_heads=2 head_dim=128 kv_head=0 worker=0 block_r=0 block_c=0 t0_us=261265241921 t1_us=261265241922 dur_us=1
FIG8_ATTENTION_EVENT mode=scna-fp16 layout=serial phase=warmup iteration=0 component=scna_exp component_id=9 lut_exp=0 scna_layout=0 scna_width=8 qo_len=4 kv_len=4096 n_heads=12 n_kv_heads=2 head_dim=128 kv_head=0 worker=0 block_r=0 block_c=0 t0_us=261265241924 t1_us=261265241927 dur_us=3
FIG8_ATTENTION_EVENT mode=scna-fp16 layout=serial phase=warmup iteration=0 component=scna_exp component_id=9 lut_exp=0 scna_layout=0 scna_width=8 qo_len=4 kv_len=4096 n_heads=12 n_kv_heads=2 head_dim=128 kv_head=0 worker=0 block_r=2 block_c=0 t0_us=261265241929 t1_us=261265241930 dur_us=1
FIG8_ATTENTION_EVENT mode=scna-fp16 layout=serial phase=warmup iteration=0 component=scna_exp component_id=9 lut_exp=0 scna_layout=0 scna_width=8 qo_len=4 kv_len=4096 n_heads=12 n_kv_heads=2 head_dim=128 kv_head=0 worker=0 block_r=4 block_c=0 t0_us=261265241931 t1_us=261265241932 dur_us=1
FIG8_ATTENTION_EVENT mode=scna-fp16 layout=serial phase=warmup iteration=0 component=scna_exp component_id=9 lut_exp=0 scna_layout=0 scna_width=8 qo_len=4 kv_len=4096 n_heads=12 n_kv_heads=2 head_dim=128 kv_head=0 worker=0 block_r=6 block_c=0 t0_us=261265241933 t1_us=261265241935 dur_us=1
FIG8_ATTENTION_EVENT mode=scna-fp16 layout=serial phase=warmup iteration=0 component=scna_exp component_id=9 lut_exp=0 scna_layout=0 scna_width=8 qo_len=4 kv_len=4096 n_heads=12 n_kv_heads=2 head_dim=128 kv_head=0 worker=0 block_r=8 block_c=0 t0_us=261265241935 t1_us=261265241937 dur_us=1
FIG8_ATTENTION_EVENT mode=scna-fp16 layout=serial phase=warmup iteration=0 component=scna_exp component_id=9 lut_exp=0 scna_layout=0 scna_width=8 qo_len=4 kv_len=4096 n_heads=12 n_kv_heads=2 head_dim=128 kv_head=0 worker=0 block_r=10 block_c=0 t0_us=261265241937 t1_us=261265241939 dur_us=1
FIG8_ATTENTION_EVENT mode=scna-fp16 layout=serial phase=warmup iteration=0 component=scna_exp component_id=9 lut_exp=0 scna_layout=0 scna_width=8 qo_len=4 kv_len=4096 n_heads=12 n_kv_heads=2 head_dim=128 kv_head=0 worker=0 block_r=12 block_c=0 t0_us=261265241940 t1_us=261265241942 dur_us=1
FIG8_ATTENTION_EVENT mode=scna-fp16 layout=serial phase=warmup iteration=0 component=scna_exp component_id=9 lut_exp=0 scna_layout=0 scna_width=8 qo_len=4 kv_len=4096 n_heads=12 n_kv_heads=2 head_dim=128 kv_head=0 worker=0 block_r=14 block_c=0 t0_us=261265241942 t1_us=261265241944 dur_us=1
FIG8_ATTENTION_EVENT mode=scna-fp16 layout=serial phase=warmup iteration=0 component=scna_exp component_id=9 lut_exp=0 scna_layout=0 scna_width=8 qo_len=4 kv_len=4096 n_heads=12 n_kv_heads=2 head_dim=128 kv_head=0 worker=0 block_r=16 block_c=0 t0_us=261265241944 t1_us=261265241946 dur_us=1
FIG8_ATTENTION_EVENT mode=scna-fp16 layout=serial phase=warmup iteration=0 component=scna_exp component_id=9 lut_exp=0 scna_layout=0 scna_width=8 qo_len=4 kv_len=4096 n_heads=12 n_kv_heads=2 head_dim=128 kv_head=0 worker=0 block_r=18 block_c=0 t0_us=261265241947 t1_us=261265241949 dur_us=1
FIG8_ATTENTION_EVENT mode=scna-fp16 layout=serial phase=warmup iteration=0 component=scna_exp component_id=9 lut_exp=0 scna_layout=0 scna_width=8 qo_len=4 kv_len=4096 n_heads=12 n_kv_heads=2 head_dim=128 kv_head=0 worker=0 block_r=20 block_c=0 t0_us=261265241949 t1_us=261265241951 dur_us=1
FIG8_ATTENTION_EVENT mode=scna-fp16 layout=serial phase=warmup iteration=0 component=scna_exp component_id=9 lut_exp=0 scna_layout=0 scna_width=8 qo_len=4 kv_len=4096 n_heads=12 n_kv_heads=2 head_dim=128 kv_head=0 worker=0 block_r=22 block_c=0 t0_us=261265241951 t1_us=261265241953 dur_us=1
FIG8_ATTENTION_EVENT mode=scna-fp16 layout=serial phase=warmup iteration=0 component=safe_sm component_id=5 lut_exp=0 scna_layout=0 scna_width=8 qo_len=4 kv_len=4096 n_heads=12 n_kv_heads=2 head_dim=128 kv_head=0 worker=0 block_r=0 block_c=0 t0_us=261265241922 t1_us=261265241953 dur_us=30
FIG8_ATTENTION_EVENT mode=scna-fp16 layout=serial phase=warmup iteration=0 component=v_load component_id=3 lut_exp=0 scna_layout=0 scna_width=8 qo_len=4 kv_len=4096 n_heads=12 n_kv_heads=2 head_dim=128 kv_head=0 worker=0 block_r=0 block_c=0 t0_us=261265241953 t1_us=261265241977 dur_us=23
FIG8_ATTENTION_EVENT mode=scna-fp16 layout=serial phase=warmup iteration=0 component=scna_exp component_id=9 lut_exp=0 scna_layout=0 scna_width=8 qo_len=4 kv_len=4096 n_heads=12 n_kv_heads=2 head_dim=128 kv_head=0 worker=0 block_r=0 block_c=0 t0_us=261265241977 t1_us=261265241978 dur_us=0
FIG8_ATTENTION_EVENT mode=scna-fp16 layout=serial phase=warmup iteration=0 component=core_acc component_id=6 lut_exp=0 scna_layout=0 scna_width=8 qo_len=4 kv_len=4096 n_heads=12 n_kv_heads=2 head_dim=128 kv_head=0 worker=0 block_r=0 block_c=0 t0_us=261265241977 t1_us=261265241980 dur_us=3
FIG8_ATTENTION_EVENT mode=scna-fp16 layout=serial phase=warmup iteration=0 component=k_load component_id=2 lut_exp=0 scna_layout=0 scna_width=8 qo_len=4 kv_len=4096 n_heads=12 n_kv_heads=2 head_dim=128 kv_head=0 worker=0 block_r=0 block_c=1280 t0_us=261265241980 t1_us=261265242002 dur_us=22
FIG8_ATTENTION_EVENT mode=scna-fp16 layout=serial phase=warmup iteration=0 component=qk_dot component_id=4 lut_exp=0 scna_layout=0 scna_width=8 qo_len=4 kv_len=4096 n_heads=12 n_kv_heads=2 head_dim=128 kv_head=0 worker=0 block_r=0 block_c=1280 t0_us=261265242002 t1_us=261265242003 dur_us=0
FIG8_ATTENTION_EVENT mode=scna-fp16 layout=serial phase=warmup iteration=0 component=scna_exp component_id=9 lut_exp=0 scna_layout=0 scna_width=8 qo_len=4 kv_len=4096 n_heads=12 n_kv_heads=2 head_dim=128 kv_head=0 worker=0 block_r=0 block_c=1280 t0_us=261265242004 t1_us=261265242006 dur_us=1
FIG8_ATTENTION_EVENT mode=scna-fp16 layout=serial phase=warmup iteration=0 component=scna_exp component_id=9 lut_exp=0 scna_layout=0 scna_width=8 qo_len=4 kv_len=4096 n_heads=12 n_kv_heads=2 head_dim=128 kv_head=0 worker=0 block_r=2 block_c=1280 t0_us=261265242006 t1_us=261265242008 dur_us=1
FIG8_ATTENTION_EVENT mode=scna-fp16 layout=serial phase=warmup iteration=0 component=scna_exp component_id=9 lut_exp=0 scna_layout=0 scna_width=8 qo_len=4 kv_len=4096 n_heads=12 n_kv_heads=2 head_dim=128 kv_head=0 worker=0 block_r=4 block_c=1280 t0_us=261265242008 t1_us=261265242010 dur_us=1
FIG8_ATTENTION_EVENT mode=scna-fp16 layout=serial phase=warmup iteration=0 component=scna_exp component_id=9 lut_exp=0 scna_layout=0 scna_width=8 qo_len=4 kv_len=4096 n_heads=12 n_kv_heads=2 head_dim=128 kv_head=0 worker=0 block_r=6 block_c=1280 t0_us=261265242011 t1_us=261265242013 dur_us=1
FIG8_ATTENTION_EVENT mode=scna-fp16 layout=serial phase=warmup iteration=0 component=scna_exp component_id=9 lut_exp=0 scna_layout=0 scna_width=8 qo_len=4 kv_len=4096 n_heads=12 n_kv_heads=2 head_dim=128 kv_head=0 worker=0 block_r=8 block_c=1280 t0_us=261265242014 t1_us=261265242015 dur_us=1
FIG8_ATTENTION_EVENT mode=scna-fp16 layout=serial phase=warmup iteration=0 component=scna_exp component_id=9 lut_exp=0 scna_layout=0 scna_width=8 qo_len=4 kv_len=4096 n_heads=12 n_kv_heads=2 head_dim=128 kv_head=0 worker=0 block_r=10 block_c=1280 t0_us=261265242015 t1_us=261265242017 dur_us=1
FIG8_ATTENTION_EVENT mode=scna-fp16 layout=serial phase=warmup iteration=0 component=scna_exp component_id=9 lut_exp=0 scna_layout=0 scna_width=8 qo_len=4 kv_len=4096 n_heads=12 n_kv_heads=2 head_dim=128 kv_head=0 worker=0 block_r=12 block_c=1280 t0_us=261265242018 t1_us=261265242020 dur_us=1
FIG8_ATTENTION_EVENT mode=scna-fp16 layout=serial phase=warmup iteration=0 component=scna_exp component_id=9 lut_exp=0 scna_layout=0 scna_width=8 qo_len=4 kv_len=4096 n_heads=12 n_kv_heads=2 head_dim=128 kv_head=0 worker=0 block_r=14 block_c=1280 t0_us=261265242020 t1_us=261265242022 dur_us=1
FIG8_ATTENTION_EVENT mode=scna-fp16 layout=serial phase=warmup iteration=0 component=scna_exp component_id=9 lut_exp=0 scna_layout=0 scna_width=8 qo_len=4 kv_len=4096 n_heads=12 n_kv_heads=2 head_dim=128 kv_head=0 worker=0 block_r=16 block_c=1280 t0_us=261265242022 t1_us=261265242024 dur_us=1
FIG8_ATTENTION_EVENT mode=scna-fp16 layout=serial phase=warmup iteration=0 component=scna_exp component_id=9 lut_exp=0 scna_layout=0 scna_width=8 qo_len=4 kv_len=4096 n_heads=12 n_kv_heads=2 head_dim=128 kv_head=0 worker=0 block_r=18 block_c=1280 t0_us=261265242025 t1_us=261265242027 dur_us=1
FIG8_ATTENTION_EVENT mode=scna-fp16 layout=serial phase=warmup iteration=0 component=scna_exp component_id=9 lut_exp=0 scna_layout=0 scna_width=8 qo_len=4 kv_len=4096 n_heads=12 n_kv_heads=2 head_dim=128 kv_head=0 worker=0 block_r=20 block_c=1280 t0_us=261265242027 t1_us=261265242029 dur_us=1
FIG8_ATTENTION_EVENT mode=scna-fp16 layout=serial phase=warmup iteration=0 component=scna_exp component_id=9 lut_exp=0 scna_layout=0 scna_width=8 qo_len=4 kv_len=4096 n_heads=12 n_kv_heads=2 head_dim=128 kv_head=0 worker=0 block_r=22 block_c=1280 t0_us=261265242029 t1_us=261265242030 dur_us=1
FIG8_ATTENTION_EVENT mode=scna-fp16 layout=serial phase=warmup iteration=0 component=safe_sm component_id=5 lut_exp=0 scna_layout=0 scna_width=8 qo_len=4 kv_len=4096 n_heads=12 n_kv_heads=2 head_dim=128 kv_head=0 worker=0 block_r=0 block_c=1280 t0_us=261265242003 t1_us=261265242031 dur_us=27
FIG8_ATTENTION_EVENT mode=scna-fp16 layout=serial phase=warmup iteration=0 component=v_load component_id=3 lut_exp=0 scna_layout=0 scna_width=8 qo_len=4 kv_len=4096 n_heads=12 n_kv_heads=2 head_dim=128 kv_head=0 worker=0 block_r=0 block_c=1280 t0_us=261265242031 t1_us=261265242058 dur_us=27
FIG8_ATTENTION_EVENT mode=scna-fp16 layout=serial phase=warmup iteration=0 component=scna_exp component_id=9 lut_exp=0 scna_layout=0 scna_width=8 qo_len=4 kv_len=4096 n_heads=12 n_kv_heads=2 head_dim=128 kv_head=0 worker=0 block_r=0 block_c=1280 t0_us=261265242058 t1_us=261265242058 dur_us=0
FIG8_ATTENTION_EVENT mode=scna-fp16 layout=serial phase=warmup iteration=0 component=core_acc component_id=6 lut_exp=0 scna_layout=0 scna_width=8 qo_len=4 kv_len=4096 n_heads=12 n_kv_heads=2 head_dim=128 kv_head=0 worker=0 block_r=0 block_c=1280 t0_us=261265242058 t1_us=261265242058 dur_us=0
FIG8_ATTENTION_EVENT mode=scna-fp16 layout=serial phase=warmup iteration=0 component=k_load component_id=2 lut_exp=0 scna_layout=0 scna_width=8 qo_len=4 kv_len=4096 n_heads=12 n_kv_heads=2 head_dim=128 kv_head=0 worker=0 block_r=0 block_c=2560 t0_us=261265242058 t1_us=261265242078 dur_us=20
FIG8_ATTENTION_EVENT mode=scna-fp16 layout=serial phase=warmup iteration=0 component=qk_dot component_id=4 lut_exp=0 scna_layout=0 scna_width=8 qo_len=4 kv_len=4096 n_heads=12 n_kv_heads=2 head_dim=128 kv_head=0 worker=0 block_r=0 block_c=2560 t0_us=261265242079 t1_us=261265242079 dur_us=0
FIG8_ATTENTION_EVENT mode=scna-fp16 layout=serial phase=warmup iteration=0 component=scna_exp component_id=9 lut_exp=0 scna_layout=0 scna_width=8 qo_len=4 kv_len=4096 n_heads=12 n_kv_heads=2 head_dim=128 kv_head=0 worker=0 block_r=0 block_c=2560 t0_us=261265242080 t1_us=261265242082 dur_us=1
FIG8_ATTENTION_EVENT mode=scna-fp16 layout=serial phase=warmup iteration=0 component=scna_exp component_id=9 lut_exp=0 scna_layout=0 scna_width=8 qo_len=4 kv_len=4096 n_heads=12 n_kv_heads=2 head_dim=128 kv_head=0 worker=0 block_r=2 block_c=2560 t0_us=261265242082 t1_us=261265242084 dur_us=1
FIG8_ATTENTION_EVENT mode=scna-fp16 layout=serial phase=warmup iteration=0 component=scna_exp component_id=9 lut_exp=0 scna_layout=0 scna_width=8 qo_len=4 kv_len=4096 n_heads=12 n_kv_heads=2 head_dim=128 kv_head=0 worker=0 block_r=4 block_c=2560 t0_us=261265242084 t1_us=261265242086 dur_us=1
FIG8_ATTENTION_EVENT mode=scna-fp16 layout=serial phase=warmup iteration=0 component=scna_exp component_id=9 lut_exp=0 scna_layout=0 scna_width=8 qo_len=4 kv_len=4096 n_heads=12 n_kv_heads=2 head_dim=128 kv_head=0 worker=0 block_r=6 block_c=2560 t0_us=261265242088 t1_us=261265242089 dur_us=1
FIG8_ATTENTION_EVENT mode=scna-fp16 layout=serial phase=warmup iteration=0 component=scna_exp component_id=9 lut_exp=0 scna_layout=0 scna_width=8 qo_len=4 kv_len=4096 n_heads=12 n_kv_heads=2 head_dim=128 kv_head=0 worker=0 block_r=8 block_c=2560 t0_us=261265242090 t1_us=261265242091 dur_us=1
FIG8_ATTENTION_EVENT mode=scna-fp16 layout=serial phase=warmup iteration=0 component=scna_exp component_id=9 lut_exp=0 scna_layout=0 scna_width=8 qo_len=4 kv_len=4096 n_heads=12 n_kv_heads=2 head_dim=128 kv_head=0 worker=0 block_r=10 block_c=2560 t0_us=261265242092 t1_us=261265242093 dur_us=1
FIG8_ATTENTION_EVENT mode=scna-fp16 layout=serial phase=warmup iteration=0 component=scna_exp component_id=9 lut_exp=0 scna_layout=0 scna_width=8 qo_len=4 kv_len=4096 n_heads=12 n_kv_heads=2 head_dim=128 kv_head=0 worker=0 block_r=12 block_c=2560 t0_us=261265242094 t1_us=261265242096 dur_us=1
FIG8_ATTENTION_EVENT mode=scna-fp16 layout=serial phase=warmup iteration=0 component=scna_exp component_id=9 lut_exp=0 scna_layout=0 scna_width=8 qo_len=4 kv_len=4096 n_heads=12 n_kv_heads=2 head_dim=128 kv_head=0 worker=0 block_r=14 block_c=2560 t0_us=261265242096 t1_us=261265242098 dur_us=1
FIG8_ATTENTION_EVENT mode=scna-fp16 layout=serial phase=warmup iteration=0 component=scna_exp component_id=9 lut_exp=0 scna_layout=0 scna_width=8 qo_len=4 kv_len=4096 n_heads=12 n_kv_heads=2 head_dim=128 kv_head=0 worker=0 block_r=16 block_c=2560 t0_us=261265242098 t1_us=261265242100 dur_us=1
FIG8_ATTENTION_EVENT mode=scna-fp16 layout=serial phase=warmup iteration=0 component=scna_exp component_id=9 lut_exp=0 scna_layout=0 scna_width=8 qo_len=4 kv_len=4096 n_heads=12 n_kv_heads=2 head_dim=128 kv_head=0 worker=0 block_r=18 block_c=2560 t0_us=261265242101 t1_us=261265242102 dur_us=1
FIG8_ATTENTION_EVENT mode=scna-fp16 layout=serial phase=warmup iteration=0 component=scna_exp component_id=9 lut_exp=0 scna_layout=0 scna_width=8 qo_len=4 kv_len=4096 n_heads=12 n_kv_heads=2 head_dim=128 kv_head=0 worker=0 block_r=20 block_c=2560 t0_us=261265242103 t1_us=261265242104 dur_us=1
FIG8_ATTENTION_EVENT mode=scna-fp16 layout=serial phase=warmup iteration=0 component=scna_exp component_id=9 lut_exp=0 scna_layout=0 scna_width=8 qo_len=4 kv_len=4096 n_heads=12 n_kv_heads=2 head_dim=128 kv_head=0 worker=0 block_r=22 block_c=2560 t0_us=261265242105 t1_us=261265242106 dur_us=1
FIG8_ATTENTION_EVENT mode=scna-fp16 layout=serial phase=warmup iteration=0 component=safe_sm component_id=5 lut_exp=0 scna_layout=0 scna_width=8 qo_len=4 kv_len=4096 n_heads=12 n_kv_heads=2 head_dim=128 kv_head=0 worker=0 block_r=0 block_c=2560 t0_us=261265242079 t1_us=261265242106 dur_us=27
FIG8_ATTENTION_EVENT mode=scna-fp16 layout=serial phase=warmup iteration=0 component=v_load component_id=3 lut_exp=0 scna_layout=0 scna_width=8 qo_len=4 kv_len=4096 n_heads=12 n_kv_heads=2 head_dim=128 kv_head=0 worker=0 block_r=0 block_c=2560 t0_us=261265242107 t1_us=261265242131 dur_us=24
FIG8_ATTENTION_EVENT mode=scna-fp16 layout=serial phase=warmup iteration=0 component=scna_exp component_id=9 lut_exp=0 scna_layout=0 scna_width=8 qo_len=4 kv_len=4096 n_heads=12 n_kv_heads=2 head_dim=128 kv_head=0 worker=0 block_r=0 block_c=2560 t0_us=261265242131 t1_us=261265242131 dur_us=0
FIG8_ATTENTION_EVENT mode=scna-fp16 layout=serial phase=warmup iteration=0 component=core_acc component_id=6 lut_exp=0 scna_layout=0 scna_width=8 qo_len=4 kv_len=4096 n_heads=12 n_kv_heads=2 head_dim=128 kv_head=0 worker=0 block_r=0 block_c=2560 t0_us=261265242131 t1_us=261265242131 dur_us=0
FIG8_ATTENTION_EVENT mode=scna-fp16 layout=serial phase=warmup iteration=0 component=k_load component_id=2 lut_exp=0 scna_layout=0 scna_width=8 qo_len=4 kv_len=4096 n_heads=12 n_kv_heads=2 head_dim=128 kv_head=0 worker=0 block_r=0 block_c=3840 t0_us=261265242131 t1_us=261265242136 dur_us=4
FIG8_ATTENTION_EVENT mode=scna-fp16 layout=serial phase=warmup iteration=0 component=qk_dot component_id=4 lut_exp=0 scna_layout=0 scna_width=8 qo_len=4 kv_len=4096 n_heads=12 n_kv_heads=2 head_dim=128 kv_head=0 worker=0 block_r=0 block_c=3840 t0_us=261265242136 t1_us=261265242136 dur_us=0
FIG8_ATTENTION_EVENT mode=scna-fp16 layout=serial phase=warmup iteration=0 component=scna_exp component_id=9 lut_exp=0 scna_layout=0 scna_width=8 qo_len=4 kv_len=4096 n_heads=12 n_kv_heads=2 head_dim=128 kv_head=0 worker=0 block_r=0 block_c=3840 t0_us=261265242136 t1_us=261265242137 dur_us=0
FIG8_ATTENTION_EVENT mode=scna-fp16 layout=serial phase=warmup iteration=0 component=scna_exp component_id=9 lut_exp=0 scna_layout=0 scna_width=8 qo_len=4 kv_len=4096 n_heads=12 n_kv_heads=2 head_dim=128 kv_head=0 worker=0 block_r=2 block_c=3840 t0_us=261265242137 t1_us=261265242137 dur_us=0
FIG8_ATTENTION_EVENT mode=scna-fp16 layout=serial phase=warmup iteration=0 component=scna_exp component_id=9 lut_exp=0 scna_layout=0 scna_width=8 qo_len=4 kv_len=4096 n_heads=12 n_kv_heads=2 head_dim=128 kv_head=0 worker=0 block_r=4 block_c=3840 t0_us=261265242137 t1_us=261265242138 dur_us=0
FIG8_ATTENTION_EVENT mode=scna-fp16 layout=serial phase=warmup iteration=0 component=scna_exp component_id=9 lut_exp=0 scna_layout=0 scna_width=8 qo_len=4 kv_len=4096 n_heads=12 n_kv_heads=2 head_dim=128 kv_head=0 worker=0 block_r=6 block_c=3840 t0_us=261265242138 t1_us=261265242138 dur_us=0
FIG8_ATTENTION_EVENT mode=scna-fp16 layout=serial phase=warmup iteration=0 component=scna_exp component_id=9 lut_exp=0 scna_layout=0 scna_width=8 qo_len=4 kv_len=4096 n_heads=12 n_kv_heads=2 head_dim=128 kv_head=0 worker=0 block_r=8 block_c=3840 t0_us=261265242139 t1_us=261265242139 dur_us=0
FIG8_ATTENTION_EVENT mode=scna-fp16 layout=serial phase=warmup iteration=0 component=scna_exp component_id=9 lut_exp=0 scna_layout=0 scna_width=8 qo_len=4 kv_len=4096 n_heads=12 n_kv_heads=2 head_dim=128 kv_head=0 worker=0 block_r=10 block_c=3840 t0_us=261265242139 t1_us=261265242140 dur_us=0
FIG8_ATTENTION_EVENT mode=scna-fp16 layout=serial phase=warmup iteration=0 component=scna_exp component_id=9 lut_exp=0 scna_layout=0 scna_width=8 qo_len=4 kv_len=4096 n_heads=12 n_kv_heads=2 head_dim=128 kv_head=0 worker=0 block_r=12 block_c=3840 t0_us=261265242140 t1_us=261265242140 dur_us=0
FIG8_ATTENTION_EVENT mode=scna-fp16 layout=serial phase=warmup iteration=0 component=scna_exp component_id=9 lut_exp=0 scna_layout=0 scna_width=8 qo_len=4 kv_len=4096 n_heads=12 n_kv_heads=2 head_dim=128 kv_head=0 worker=0 block_r=14 block_c=3840 t0_us=261265242141 t1_us=261265242141 dur_us=0
FIG8_ATTENTION_EVENT mode=scna-fp16 layout=serial phase=warmup iteration=0 component=scna_exp component_id=9 lut_exp=0 scna_layout=0 scna_width=8 qo_len=4 kv_len=4096 n_heads=12 n_kv_heads=2 head_dim=128 kv_head=0 worker=0 block_r=16 block_c=3840 t0_us=261265242141 t1_us=261265242142 dur_us=0
FIG8_ATTENTION_EVENT mode=scna-fp16 layout=serial phase=warmup iteration=0 component=scna_exp component_id=9 lut_exp=0 scna_layout=0 scna_width=8 qo_len=4 kv_len=4096 n_heads=12 n_kv_heads=2 head_dim=128 kv_head=0 worker=0 block_r=18 block_c=3840 t0_us=261265242142 t1_us=261265242142 dur_us=0
FIG8_ATTENTION_EVENT mode=scna-fp16 layout=serial phase=warmup iteration=0 component=scna_exp component_id=9 lut_exp=0 scna_layout=0 scna_width=8 qo_len=4 kv_len=4096 n_heads=12 n_kv_heads=2 head_dim=128 kv_head=0 worker=0 block_r=20 block_c=3840 t0_us=261265242143 t1_us=261265242143 dur_us=0
FIG8_ATTENTION_EVENT mode=scna-fp16 layout=serial phase=warmup iteration=0 component=scna_exp component_id=9 lut_exp=0 scna_layout=0 scna_width=8 qo_len=4 kv_len=4096 n_heads=12 n_kv_heads=2 head_dim=128 kv_head=0 worker=0 block_r=22 block_c=3840 t0_us=261265242143 t1_us=261265242144 dur_us=0
FIG8_ATTENTION_EVENT mode=scna-fp16 layout=serial phase=warmup iteration=0 component=safe_sm component_id=5 lut_exp=0 scna_layout=0 scna_width=8 qo_len=4 kv_len=4096 n_heads=12 n_kv_heads=2 head_dim=128 kv_head=0 worker=0 block_r=0 block_c=3840 t0_us=261265242136 t1_us=261265242144 dur_us=7
FIG8_ATTENTION_EVENT mode=scna-fp16 layout=serial phase=warmup iteration=0 component=v_load component_id=3 lut_exp=0 scna_layout=0 scna_width=8 qo_len=4 kv_len=4096 n_heads=12 n_kv_heads=2 head_dim=128 kv_head=0 worker=0 block_r=0 block_c=3840 t0_us=261265242144 t1_us=261265242146 dur_us=2
FIG8_ATTENTION_EVENT mode=scna-fp16 layout=serial phase=warmup iteration=0 component=scna_exp component_id=9 lut_exp=0 scna_layout=0 scna_width=8 qo_len=4 kv_len=4096 n_heads=12 n_kv_heads=2 head_dim=128 kv_head=0 worker=0 block_r=0 block_c=3840 t0_us=261265242146 t1_us=261265242146 dur_us=0
FIG8_ATTENTION_EVENT mode=scna-fp16 layout=serial phase=warmup iteration=0 component=core_acc component_id=6 lut_exp=0 scna_layout=0 scna_width=8 qo_len=4 kv_len=4096 n_heads=12 n_kv_heads=2 head_dim=128 kv_head=0 worker=0 block_r=0 block_c=3840 t0_us=261265242146 t1_us=261265242146 dur_us=0
FIG8_ATTENTION_EVENT mode=scna-fp16 layout=serial phase=warmup iteration=0 component=o_scale component_id=7 lut_exp=0 scna_layout=0 scna_width=8 qo_len=4 kv_len=4096 n_heads=12 n_kv_heads=2 head_dim=128 kv_head=0 worker=0 block_r=0 block_c=-1 t0_us=261265242146 t1_us=261265242148 dur_us=1
FIG8_ATTENTION_EVENT mode=scna-fp16 layout=serial phase=warmup iteration=0 component=o_store component_id=8 lut_exp=0 scna_layout=0 scna_width=8 qo_len=4 kv_len=4096 n_heads=12 n_kv_heads=2 head_dim=128 kv_head=0 worker=0 block_r=0 block_c=-1 t0_us=261265242148 t1_us=261265242150 dur_us=2
FIG8_ATTENTION_EVENT mode=scna-fp16 layout=serial phase=warmup iteration=0 component=q_load component_id=1 lut_exp=0 scna_layout=0 scna_width=8 qo_len=4 kv_len=4096 n_heads=12 n_kv_heads=2 head_dim=128 kv_head=1 worker=0 block_r=0 block_c=-1 t0_us=261265242190 t1_us=261265242191 dur_us=1
FIG8_ATTENTION_EVENT mode=scna-fp16 layout=serial phase=warmup iteration=0 component=k_load component_id=2 lut_exp=0 scna_layout=0 scna_width=8 qo_len=4 kv_len=4096 n_heads=12 n_kv_heads=2 head_dim=128 kv_head=1 worker=0 block_r=0 block_c=0 t0_us=261265242193 t1_us=261265242214 dur_us=21
FIG8_ATTENTION_EVENT mode=scna-fp16 layout=serial phase=warmup iteration=0 component=qk_dot component_id=4 lut_exp=0 scna_layout=0 scna_width=8 qo_len=4 kv_len=4096 n_heads=12 n_kv_heads=2 head_dim=128 kv_head=1 worker=0 block_r=0 block_c=0 t0_us=261265242215 t1_us=261265242216 dur_us=1
FIG8_ATTENTION_EVENT mode=scna-fp16 layout=serial phase=warmup iteration=0 component=scna_exp component_id=9 lut_exp=0 scna_layout=0 scna_width=8 qo_len=4 kv_len=4096 n_heads=12 n_kv_heads=2 head_dim=128 kv_head=1 worker=0 block_r=0 block_c=0 t0_us=261265242218 t1_us=261265242221 dur_us=2
FIG8_ATTENTION_EVENT mode=scna-fp16 layout=serial phase=warmup iteration=0 component=scna_exp component_id=9 lut_exp=0 scna_layout=0 scna_width=8 qo_len=4 kv_len=4096 n_heads=12 n_kv_heads=2 head_dim=128 kv_head=1 worker=0 block_r=2 block_c=0 t0_us=261265242222 t1_us=261265242223 dur_us=1
FIG8_ATTENTION_EVENT mode=scna-fp16 layout=serial phase=warmup iteration=0 component=scna_exp component_id=9 lut_exp=0 scna_layout=0 scna_width=8 qo_len=4 kv_len=4096 n_heads=12 n_kv_heads=2 head_dim=128 kv_head=1 worker=0 block_r=4 block_c=0 t0_us=261265242224 t1_us=261265242225 dur_us=1
FIG8_ATTENTION_EVENT mode=scna-fp16 layout=serial phase=warmup iteration=0 component=scna_exp component_id=9 lut_exp=0 scna_layout=0 scna_width=8 qo_len=4 kv_len=4096 n_heads=12 n_kv_heads=2 head_dim=128 kv_head=1 worker=0 block_r=6 block_c=0 t0_us=261265242227 t1_us=261265242228 dur_us=1
FIG8_ATTENTION_EVENT mode=scna-fp16 layout=serial phase=warmup iteration=0 component=scna_exp component_id=9 lut_exp=0 scna_layout=0 scna_width=8 qo_len=4 kv_len=4096 n_heads=12 n_kv_heads=2 head_dim=128 kv_head=1 worker=0 block_r=8 block_c=0 t0_us=261265242229 t1_us=261265242230 dur_us=1
FIG8_ATTENTION_EVENT mode=scna-fp16 layout=serial phase=warmup iteration=0 component=scna_exp component_id=9 lut_exp=0 scna_layout=0 scna_width=8 qo_len=4 kv_len=4096 n_heads=12 n_kv_heads=2 head_dim=128 kv_head=1 worker=0 block_r=10 block_c=0 t0_us=261265242231 t1_us=261265242232 dur_us=1
FIG8_ATTENTION_EVENT mode=scna-fp16 layout=serial phase=warmup iteration=0 component=scna_exp component_id=9 lut_exp=0 scna_layout=0 scna_width=8 qo_len=4 kv_len=4096 n_heads=12 n_kv_heads=2 head_dim=128 kv_head=1 worker=0 block_r=12 block_c=0 t0_us=261265242233 t1_us=261265242235 dur_us=1
FIG8_ATTENTION_EVENT mode=scna-fp16 layout=serial phase=warmup iteration=0 component=scna_exp component_id=9 lut_exp=0 scna_layout=0 scna_width=8 qo_len=4 kv_len=4096 n_heads=12 n_kv_heads=2 head_dim=128 kv_head=1 worker=0 block_r=14 block_c=0 t0_us=261265242235 t1_us=261265242237 dur_us=1
FIG8_ATTENTION_EVENT mode=scna-fp16 layout=serial phase=warmup iteration=0 component=scna_exp component_id=9 lut_exp=0 scna_layout=0 scna_width=8 qo_len=4 kv_len=4096 n_heads=12 n_kv_heads=2 head_dim=128 kv_head=1 worker=0 block_r=16 block_c=0 t0_us=261265242237 t1_us=261265242239 dur_us=1
FIG8_ATTENTION_EVENT mode=scna-fp16 layout=serial phase=warmup iteration=0 component=scna_exp component_id=9 lut_exp=0 scna_layout=0 scna_width=8 qo_len=4 kv_len=4096 n_heads=12 n_kv_heads=2 head_dim=128 kv_head=1 worker=0 block_r=18 block_c=0 t0_us=261265242240 t1_us=261265242242 dur_us=1
FIG8_ATTENTION_EVENT mode=scna-fp16 layout=serial phase=warmup iteration=0 component=scna_exp component_id=9 lut_exp=0 scna_layout=0 scna_width=8 qo_len=4 kv_len=4096 n_heads=12 n_kv_heads=2 head_dim=128 kv_head=1 worker=0 block_r=20 block_c=0 t0_us=261265242242 t1_us=261265242244 dur_us=1
FIG8_ATTENTION_EVENT mode=scna-fp16 layout=serial phase=warmup iteration=0 component=scna_exp component_id=9 lut_exp=0 scna_layout=0 scna_width=8 qo_len=4 kv_len=4096 n_heads=12 n_kv_heads=2 head_dim=128 kv_head=1 worker=0 block_r=22 block_c=0 t0_us=261265242244 t1_us=261265242246 dur_us=1
FIG8_ATTENTION_EVENT mode=scna-fp16 layout=serial phase=warmup iteration=0 component=safe_sm component_id=5 lut_exp=0 scna_layout=0 scna_width=8 qo_len=4 kv_len=4096 n_heads=12 n_kv_heads=2 head_dim=128 kv_head=1 worker=0 block_r=0 block_c=0 t0_us=261265242216 t1_us=261265242246 dur_us=29
FIG8_ATTENTION_EVENT mode=scna-fp16 layout=serial phase=warmup iteration=0 component=v_load component_id=3 lut_exp=0 scna_layout=0 scna_width=8 qo_len=4 kv_len=4096 n_heads=12 n_kv_heads=2 head_dim=128 kv_head=1 worker=0 block_r=0 block_c=0 t0_us=261265242246 t1_us=261265242266 dur_us=19
FIG8_ATTENTION_EVENT mode=scna-fp16 layout=serial phase=warmup iteration=0 component=scna_exp component_id=9 lut_exp=0 scna_layout=0 scna_width=8 qo_len=4 kv_len=4096 n_heads=12 n_kv_heads=2 head_dim=128 kv_head=1 worker=0 block_r=0 block_c=0 t0_us=261265242266 t1_us=261265242266 dur_us=0
FIG8_ATTENTION_EVENT mode=scna-fp16 layout=serial phase=warmup iteration=0 component=core_acc component_id=6 lut_exp=0 scna_layout=0 scna_width=8 qo_len=4 kv_len=4096 n_heads=12 n_kv_heads=2 head_dim=128 kv_head=1 worker=0 block_r=0 block_c=0 t0_us=261265242266 t1_us=261265242268 dur_us=1
FIG8_ATTENTION_EVENT mode=scna-fp16 layout=serial phase=warmup iteration=0 component=k_load component_id=2 lut_exp=0 scna_layout=0 scna_width=8 qo_len=4 kv_len=4096 n_heads=12 n_kv_heads=2 head_dim=128 kv_head=1 worker=0 block_r=0 block_c=1280 t0_us=261265242268 t1_us=261265242291 dur_us=23
FIG8_ATTENTION_EVENT mode=scna-fp16 layout=serial phase=warmup iteration=0 component=qk_dot component_id=4 lut_exp=0 scna_layout=0 scna_width=8 qo_len=4 kv_len=4096 n_heads=12 n_kv_heads=2 head_dim=128 kv_head=1 worker=0 block_r=0 block_c=1280 t0_us=261265242291 t1_us=261265242292 dur_us=0
FIG8_ATTENTION_EVENT mode=scna-fp16 layout=serial phase=warmup iteration=0 component=scna_exp component_id=9 lut_exp=0 scna_layout=0 scna_width=8 qo_len=4 kv_len=4096 n_heads=12 n_kv_heads=2 head_dim=128 kv_head=1 worker=0 block_r=0 block_c=1280 t0_us=261265242293 t1_us=261265242295 dur_us=1
FIG8_ATTENTION_EVENT mode=scna-fp16 layout=serial phase=warmup iteration=0 component=scna_exp component_id=9 lut_exp=0 scna_layout=0 scna_width=8 qo_len=4 kv_len=4096 n_heads=12 n_kv_heads=2 head_dim=128 kv_head=1 worker=0 block_r=2 block_c=1280 t0_us=261265242295 t1_us=261265242297 dur_us=1
FIG8_ATTENTION_EVENT mode=scna-fp16 layout=serial phase=warmup iteration=0 component=scna_exp component_id=9 lut_exp=0 scna_layout=0 scna_width=8 qo_len=4 kv_len=4096 n_heads=12 n_kv_heads=2 head_dim=128 kv_head=1 worker=0 block_r=4 block_c=1280 t0_us=261265242297 t1_us=261265242299 dur_us=1
FIG8_ATTENTION_EVENT mode=scna-fp16 layout=serial phase=warmup iteration=0 component=scna_exp component_id=9 lut_exp=0 scna_layout=0 scna_width=8 qo_len=4 kv_len=4096 n_heads=12 n_kv_heads=2 head_dim=128 kv_head=1 worker=0 block_r=6 block_c=1280 t0_us=261265242300 t1_us=261265242302 dur_us=1
FIG8_ATTENTION_EVENT mode=scna-fp16 layout=serial phase=warmup iteration=0 component=scna_exp component_id=9 lut_exp=0 scna_layout=0 scna_width=8 qo_len=4 kv_len=4096 n_heads=12 n_kv_heads=2 head_dim=128 kv_head=1 worker=0 block_r=8 block_c=1280 t0_us=261265242302 t1_us=261265242304 dur_us=1
FIG8_ATTENTION_EVENT mode=scna-fp16 layout=serial phase=warmup iteration=0 component=scna_exp component_id=9 lut_exp=0 scna_layout=0 scna_width=8 qo_len=4 kv_len=4096 n_heads=12 n_kv_heads=2 head_dim=128 kv_head=1 worker=0 block_r=10 block_c=1280 t0_us=261265242304 t1_us=261265242306 dur_us=1
FIG8_ATTENTION_EVENT mode=scna-fp16 layout=serial phase=warmup iteration=0 component=scna_exp component_id=9 lut_exp=0 scna_layout=0 scna_width=8 qo_len=4 kv_len=4096 n_heads=12 n_kv_heads=2 head_dim=128 kv_head=1 worker=0 block_r=12 block_c=1280 t0_us=261265242307 t1_us=261265242309 dur_us=1
FIG8_ATTENTION_EVENT mode=scna-fp16 layout=serial phase=warmup iteration=0 component=scna_exp component_id=9 lut_exp=0 scna_layout=0 scna_width=8 qo_len=4 kv_len=4096 n_heads=12 n_kv_heads=2 head_dim=128 kv_head=1 worker=0 block_r=14 block_c=1280 t0_us=261265242309 t1_us=261265242311 dur_us=1
FIG8_ATTENTION_EVENT mode=scna-fp16 layout=serial phase=warmup iteration=0 component=scna_exp component_id=9 lut_exp=0 scna_layout=0 scna_width=8 qo_len=4 kv_len=4096 n_heads=12 n_kv_heads=2 head_dim=128 kv_head=1 worker=0 block_r=16 block_c=1280 t0_us=261265242311 t1_us=261265242313 dur_us=1
FIG8_ATTENTION_EVENT mode=scna-fp16 layout=serial phase=warmup iteration=0 component=scna_exp component_id=9 lut_exp=0 scna_layout=0 scna_width=8 qo_len=4 kv_len=4096 n_heads=12 n_kv_heads=2 head_dim=128 kv_head=1 worker=0 block_r=18 block_c=1280 t0_us=261265242314 t1_us=261265242316 dur_us=1
FIG8_ATTENTION_EVENT mode=scna-fp16 layout=serial phase=warmup iteration=0 component=scna_exp component_id=9 lut_exp=0 scna_layout=0 scna_width=8 qo_len=4 kv_len=4096 n_heads=12 n_kv_heads=2 head_dim=128 kv_head=1 worker=0 block_r=20 block_c=1280 t0_us=261265242316 t1_us=261265242318 dur_us=1
FIG8_ATTENTION_EVENT mode=scna-fp16 layout=serial phase=warmup iteration=0 component=scna_exp component_id=9 lut_exp=0 scna_layout=0 scna_width=8 qo_len=4 kv_len=4096 n_heads=12 n_kv_heads=2 head_dim=128 kv_head=1 worker=0 block_r=22 block_c=1280 t0_us=261265242318 t1_us=261265242320 dur_us=1
FIG8_ATTENTION_EVENT mode=scna-fp16 layout=serial phase=warmup iteration=0 component=safe_sm component_id=5 lut_exp=0 scna_layout=0 scna_width=8 qo_len=4 kv_len=4096 n_heads=12 n_kv_heads=2 head_dim=128 kv_head=1 worker=0 block_r=0 block_c=1280 t0_us=261265242292 t1_us=261265242320 dur_us=27
FIG8_ATTENTION_EVENT mode=scna-fp16 layout=serial phase=warmup iteration=0 component=v_load component_id=3 lut_exp=0 scna_layout=0 scna_width=8 qo_len=4 kv_len=4096 n_heads=12 n_kv_heads=2 head_dim=128 kv_head=1 worker=0 block_r=0 block_c=1280 t0_us=261265242320 t1_us=261265242350 dur_us=30
FIG8_ATTENTION_EVENT mode=scna-fp16 layout=serial phase=warmup iteration=0 component=scna_exp component_id=9 lut_exp=0 scna_layout=0 scna_width=8 qo_len=4 kv_len=4096 n_heads=12 n_kv_heads=2 head_dim=128 kv_head=1 worker=0 block_r=0 block_c=1280 t0_us=261265242351 t1_us=261265242351 dur_us=0
FIG8_ATTENTION_EVENT mode=scna-fp16 layout=serial phase=warmup iteration=0 component=core_acc component_id=6 lut_exp=0 scna_layout=0 scna_width=8 qo_len=4 kv_len=4096 n_heads=12 n_kv_heads=2 head_dim=128 kv_head=1 worker=0 block_r=0 block_c=1280 t0_us=261265242351 t1_us=261265242351 dur_us=0
FIG8_ATTENTION_EVENT mode=scna-fp16 layout=serial phase=warmup iteration=0 component=k_load component_id=2 lut_exp=0 scna_layout=0 scna_width=8 qo_len=4 kv_len=4096 n_heads=12 n_kv_heads=2 head_dim=128 kv_head=1 worker=0 block_r=0 block_c=2560 t0_us=261265242351 t1_us=261265242372 dur_us=20
FIG8_ATTENTION_EVENT mode=scna-fp16 layout=serial phase=warmup iteration=0 component=qk_dot component_id=4 lut_exp=0 scna_layout=0 scna_width=8 qo_len=4 kv_len=4096 n_heads=12 n_kv_heads=2 head_dim=128 kv_head=1 worker=0 block_r=0 block_c=2560 t0_us=261265242372 t1_us=261265242372 dur_us=0
FIG8_ATTENTION_EVENT mode=scna-fp16 layout=serial phase=warmup iteration=0 component=scna_exp component_id=9 lut_exp=0 scna_layout=0 scna_width=8 qo_len=4 kv_len=4096 n_heads=12 n_kv_heads=2 head_dim=128 kv_head=1 worker=0 block_r=0 block_c=2560 t0_us=261265242374 t1_us=261265242376 dur_us=1
FIG8_ATTENTION_EVENT mode=scna-fp16 layout=serial phase=warmup iteration=0 component=scna_exp component_id=9 lut_exp=0 scna_layout=0 scna_width=8 qo_len=4 kv_len=4096 n_heads=12 n_kv_heads=2 head_dim=128 kv_head=1 worker=0 block_r=2 block_c=2560 t0_us=261265242376 t1_us=261265242378 dur_us=1
FIG8_ATTENTION_EVENT mode=scna-fp16 layout=serial phase=warmup iteration=0 component=scna_exp component_id=9 lut_exp=0 scna_layout=0 scna_width=8 qo_len=4 kv_len=4096 n_heads=12 n_kv_heads=2 head_dim=128 kv_head=1 worker=0 block_r=4 block_c=2560 t0_us=261265242378 t1_us=261265242380 dur_us=1
FIG8_ATTENTION_EVENT mode=scna-fp16 layout=serial phase=warmup iteration=0 component=scna_exp component_id=9 lut_exp=0 scna_layout=0 scna_width=8 qo_len=4 kv_len=4096 n_heads=12 n_kv_heads=2 head_dim=128 kv_head=1 worker=0 block_r=6 block_c=2560 t0_us=261265242381 t1_us=261265242383 dur_us=1
FIG8_ATTENTION_EVENT mode=scna-fp16 layout=serial phase=warmup iteration=0 component=scna_exp component_id=9 lut_exp=0 scna_layout=0 scna_width=8 qo_len=4 kv_len=4096 n_heads=12 n_kv_heads=2 head_dim=128 kv_head=1 worker=0 block_r=8 block_c=2560 t0_us=261265242383 t1_us=261265242384 dur_us=1
FIG8_ATTENTION_EVENT mode=scna-fp16 layout=serial phase=warmup iteration=0 component=scna_exp component_id=9 lut_exp=0 scna_layout=0 scna_width=8 qo_len=4 kv_len=4096 n_heads=12 n_kv_heads=2 head_dim=128 kv_head=1 worker=0 block_r=10 block_c=2560 t0_us=261265242385 t1_us=261265242386 dur_us=1
FIG8_ATTENTION_EVENT mode=scna-fp16 layout=serial phase=warmup iteration=0 component=scna_exp component_id=9 lut_exp=0 scna_layout=0 scna_width=8 qo_len=4 kv_len=4096 n_heads=12 n_kv_heads=2 head_dim=128 kv_head=1 worker=0 block_r=12 block_c=2560 t0_us=261265242388 t1_us=261265242389 dur_us=1
FIG8_ATTENTION_EVENT mode=scna-fp16 layout=serial phase=warmup iteration=0 component=scna_exp component_id=9 lut_exp=0 scna_layout=0 scna_width=8 qo_len=4 kv_len=4096 n_heads=12 n_kv_heads=2 head_dim=128 kv_head=1 worker=0 block_r=14 block_c=2560 t0_us=261265242390 t1_us=261265242391 dur_us=1
FIG8_ATTENTION_EVENT mode=scna-fp16 layout=serial phase=warmup iteration=0 component=scna_exp component_id=9 lut_exp=0 scna_layout=0 scna_width=8 qo_len=4 kv_len=4096 n_heads=12 n_kv_heads=2 head_dim=128 kv_head=1 worker=0 block_r=16 block_c=2560 t0_us=261265242391 t1_us=261265242393 dur_us=1
FIG8_ATTENTION_EVENT mode=scna-fp16 layout=serial phase=warmup iteration=0 component=scna_exp component_id=9 lut_exp=0 scna_layout=0 scna_width=8 qo_len=4 kv_len=4096 n_heads=12 n_kv_heads=2 head_dim=128 kv_head=1 worker=0 block_r=18 block_c=2560 t0_us=261265242394 t1_us=261265242396 dur_us=1
FIG8_ATTENTION_EVENT mode=scna-fp16 layout=serial phase=warmup iteration=0 component=scna_exp component_id=9 lut_exp=0 scna_layout=0 scna_width=8 qo_len=4 kv_len=4096 n_heads=12 n_kv_heads=2 head_dim=128 kv_head=1 worker=0 block_r=20 block_c=2560 t0_us=261265242396 t1_us=261265242398 dur_us=1
FIG8_ATTENTION_EVENT mode=scna-fp16 layout=serial phase=warmup iteration=0 component=scna_exp component_id=9 lut_exp=0 scna_layout=0 scna_width=8 qo_len=4 kv_len=4096 n_heads=12 n_kv_heads=2 head_dim=128 kv_head=1 worker=0 block_r=22 block_c=2560 t0_us=261265242398 t1_us=261265242400 dur_us=1
FIG8_ATTENTION_EVENT mode=scna-fp16 layout=serial phase=warmup iteration=0 component=safe_sm component_id=5 lut_exp=0 scna_layout=0 scna_width=8 qo_len=4 kv_len=4096 n_heads=12 n_kv_heads=2 head_dim=128 kv_head=1 worker=0 block_r=0 block_c=2560 t0_us=261265242372 t1_us=261265242400 dur_us=27
FIG8_ATTENTION_EVENT mode=scna-fp16 layout=serial phase=warmup iteration=0 component=v_load component_id=3 lut_exp=0 scna_layout=0 scna_width=8 qo_len=4 kv_len=4096 n_heads=12 n_kv_heads=2 head_dim=128 kv_head=1 worker=0 block_r=0 block_c=2560 t0_us=261265242400 t1_us=261265242429 dur_us=28
FIG8_ATTENTION_EVENT mode=scna-fp16 layout=serial phase=warmup iteration=0 component=scna_exp component_id=9 lut_exp=0 scna_layout=0 scna_width=8 qo_len=4 kv_len=4096 n_heads=12 n_kv_heads=2 head_dim=128 kv_head=1 worker=0 block_r=0 block_c=2560 t0_us=261265242429 t1_us=261265242429 dur_us=0
FIG8_ATTENTION_EVENT mode=scna-fp16 layout=serial phase=warmup iteration=0 component=core_acc component_id=6 lut_exp=0 scna_layout=0 scna_width=8 qo_len=4 kv_len=4096 n_heads=12 n_kv_heads=2 head_dim=128 kv_head=1 worker=0 block_r=0 block_c=2560 t0_us=261265242429 t1_us=261265242429 dur_us=0
FIG8_ATTENTION_EVENT mode=scna-fp16 layout=serial phase=warmup iteration=0 component=k_load component_id=2 lut_exp=0 scna_layout=0 scna_width=8 qo_len=4 kv_len=4096 n_heads=12 n_kv_heads=2 head_dim=128 kv_head=1 worker=0 block_r=0 block_c=3840 t0_us=261265242430 t1_us=261265242434 dur_us=4
FIG8_ATTENTION_EVENT mode=scna-fp16 layout=serial phase=warmup iteration=0 component=qk_dot component_id=4 lut_exp=0 scna_layout=0 scna_width=8 qo_len=4 kv_len=4096 n_heads=12 n_kv_heads=2 head_dim=128 kv_head=1 worker=0 block_r=0 block_c=3840 t0_us=261265242434 t1_us=261265242434 dur_us=0
FIG8_ATTENTION_EVENT mode=scna-fp16 layout=serial phase=warmup iteration=0 component=scna_exp component_id=9 lut_exp=0 scna_layout=0 scna_width=8 qo_len=4 kv_len=4096 n_heads=12 n_kv_heads=2 head_dim=128 kv_head=1 worker=0 block_r=0 block_c=3840 t0_us=261265242435 t1_us=261265242435 dur_us=0
FIG8_ATTENTION_EVENT mode=scna-fp16 layout=serial phase=warmup iteration=0 component=scna_exp component_id=9 lut_exp=0 scna_layout=0 scna_width=8 qo_len=4 kv_len=4096 n_heads=12 n_kv_heads=2 head_dim=128 kv_head=1 worker=0 block_r=2 block_c=3840 t0_us=261265242435 t1_us=261265242435 dur_us=0
FIG8_ATTENTION_EVENT mode=scna-fp16 layout=serial phase=warmup iteration=0 component=scna_exp component_id=9 lut_exp=0 scna_layout=0 scna_width=8 qo_len=4 kv_len=4096 n_heads=12 n_kv_heads=2 head_dim=128 kv_head=1 worker=0 block_r=4 block_c=3840 t0_us=261265242436 t1_us=261265242436 dur_us=0
FIG8_ATTENTION_EVENT mode=scna-fp16 layout=serial phase=warmup iteration=0 component=scna_exp component_id=9 lut_exp=0 scna_layout=0 scna_width=8 qo_len=4 kv_len=4096 n_heads=12 n_kv_heads=2 head_dim=128 kv_head=1 worker=0 block_r=6 block_c=3840 t0_us=261265242437 t1_us=261265242437 dur_us=0
FIG8_ATTENTION_EVENT mode=scna-fp16 layout=serial phase=warmup iteration=0 component=scna_exp component_id=9 lut_exp=0 scna_layout=0 scna_width=8 qo_len=4 kv_len=4096 n_heads=12 n_kv_heads=2 head_dim=128 kv_head=1 worker=0 block_r=8 block_c=3840 t0_us=261265242437 t1_us=261265242437 dur_us=0
FIG8_ATTENTION_EVENT mode=scna-fp16 layout=serial phase=warmup iteration=0 component=scna_exp component_id=9 lut_exp=0 scna_layout=0 scna_width=8 qo_len=4 kv_len=4096 n_heads=12 n_kv_heads=2 head_dim=128 kv_head=1 worker=0 block_r=10 block_c=3840 t0_us=261265242438 t1_us=261265242438 dur_us=0
FIG8_ATTENTION_EVENT mode=scna-fp16 layout=serial phase=warmup iteration=0 component=scna_exp component_id=9 lut_exp=0 scna_layout=0 scna_width=8 qo_len=4 kv_len=4096 n_heads=12 n_kv_heads=2 head_dim=128 kv_head=1 worker=0 block_r=12 block_c=3840 t0_us=261265242439 t1_us=261265242439 dur_us=0
FIG8_ATTENTION_EVENT mode=scna-fp16 layout=serial phase=warmup iteration=0 component=scna_exp component_id=9 lut_exp=0 scna_layout=0 scna_width=8 qo_len=4 kv_len=4096 n_heads=12 n_kv_heads=2 head_dim=128 kv_head=1 worker=0 block_r=14 block_c=3840 t0_us=261265242439 t1_us=261265242439 dur_us=0
FIG8_ATTENTION_EVENT mode=scna-fp16 layout=serial phase=warmup iteration=0 component=scna_exp component_id=9 lut_exp=0 scna_layout=0 scna_width=8 qo_len=4 kv_len=4096 n_heads=12 n_kv_heads=2 head_dim=128 kv_head=1 worker=0 block_r=16 block_c=3840 t0_us=261265242440 t1_us=261265242440 dur_us=0
FIG8_ATTENTION_EVENT mode=scna-fp16 layout=serial phase=warmup iteration=0 component=scna_exp component_id=9 lut_exp=0 scna_layout=0 scna_width=8 qo_len=4 kv_len=4096 n_heads=12 n_kv_heads=2 head_dim=128 kv_head=1 worker=0 block_r=18 block_c=3840 t0_us=261265242441 t1_us=261265242441 dur_us=0
FIG8_ATTENTION_EVENT mode=scna-fp16 layout=serial phase=warmup iteration=0 component=scna_exp component_id=9 lut_exp=0 scna_layout=0 scna_width=8 qo_len=4 kv_len=4096 n_heads=12 n_kv_heads=2 head_dim=128 kv_head=1 worker=0 block_r=20 block_c=3840 t0_us=261265242441 t1_us=261265242441 dur_us=0
FIG8_ATTENTION_EVENT mode=scna-fp16 layout=serial phase=warmup iteration=0 component=scna_exp component_id=9 lut_exp=0 scna_layout=0 scna_width=8 qo_len=4 kv_len=4096 n_heads=12 n_kv_heads=2 head_dim=128 kv_head=1 worker=0 block_r=22 block_c=3840 t0_us=261265242442 t1_us=261265242442 dur_us=0
FIG8_ATTENTION_EVENT mode=scna-fp16 layout=serial phase=warmup iteration=0 component=safe_sm component_id=5 lut_exp=0 scna_layout=0 scna_width=8 qo_len=4 kv_len=4096 n_heads=12 n_kv_heads=2 head_dim=128 kv_head=1 worker=0 block_r=0 block_c=3840 t0_us=261265242434 t1_us=261265242442 dur_us=8
FIG8_ATTENTION_EVENT mode=scna-fp16 layout=serial phase=warmup iteration=0 component=v_load component_id=3 lut_exp=0 scna_layout=0 scna_width=8 qo_len=4 kv_len=4096 n_heads=12 n_kv_heads=2 head_dim=128 kv_head=1 worker=0 block_r=0 block_c=3840 t0_us=261265242442 t1_us=261265242444 dur_us=2
FIG8_ATTENTION_EVENT mode=scna-fp16 layout=serial phase=warmup iteration=0 component=scna_exp component_id=9 lut_exp=0 scna_layout=0 scna_width=8 qo_len=4 kv_len=4096 n_heads=12 n_kv_heads=2 head_dim=128 kv_head=1 worker=0 block_r=0 block_c=3840 t0_us=261265242445 t1_us=261265242445 dur_us=0
FIG8_ATTENTION_EVENT mode=scna-fp16 layout=serial phase=warmup iteration=0 component=core_acc component_id=6 lut_exp=0 scna_layout=0 scna_width=8 qo_len=4 kv_len=4096 n_heads=12 n_kv_heads=2 head_dim=128 kv_head=1 worker=0 block_r=0 block_c=3840 t0_us=261265242445 t1_us=261265242445 dur_us=0
FIG8_ATTENTION_EVENT mode=scna-fp16 layout=serial phase=warmup iteration=0 component=o_scale component_id=7 lut_exp=0 scna_layout=0 scna_width=8 qo_len=4 kv_len=4096 n_heads=12 n_kv_heads=2 head_dim=128 kv_head=1 worker=0 block_r=0 block_c=-1 t0_us=261265242445 t1_us=261265242446 dur_us=1
FIG8_ATTENTION_EVENT mode=scna-fp16 layout=serial phase=warmup iteration=0 component=o_store component_id=8 lut_exp=0 scna_layout=0 scna_width=8 qo_len=4 kv_len=4096 n_heads=12 n_kv_heads=2 head_dim=128 kv_head=1 worker=0 block_r=0 block_c=-1 t0_us=261265242447 t1_us=261265242448 dur_us=1
FIG8_ATTENTION_EVENT mode=scna-fp16 layout=serial phase=warmup iteration=0 component=q_load component_id=1 lut_exp=0 scna_layout=0 scna_width=8 qo_len=4 kv_len=4096 n_heads=12 n_kv_heads=2 head_dim=128 kv_head=0 worker=0 block_r=0 block_c=-1 t0_us=261265242488 t1_us=261265242489 dur_us=1
FIG8_ATTENTION_EVENT mode=scna-fp16 layout=serial phase=warmup iteration=0 component=k_load component_id=2 lut_exp=0 scna_layout=0 scna_width=8 qo_len=4 kv_len=4096 n_heads=12 n_kv_heads=2 head_dim=128 kv_head=0 worker=0 block_r=0 block_c=0 t0_us=261265242490 t1_us=261265242512 dur_us=22
FIG8_ATTENTION_EVENT mode=scna-fp16 layout=serial phase=warmup iteration=0 component=qk_dot component_id=4 lut_exp=0 scna_layout=0 scna_width=8 qo_len=4 kv_len=4096 n_heads=12 n_kv_heads=2 head_dim=128 kv_head=0 worker=0 block_r=0 block_c=0 t0_us=261265242513 t1_us=261265242514 dur_us=1
FIG8_ATTENTION_EVENT mode=scna-fp16 layout=serial phase=warmup iteration=0 component=scna_exp component_id=9 lut_exp=0 scna_layout=0 scna_width=8 qo_len=4 kv_len=4096 n_heads=12 n_kv_heads=2 head_dim=128 kv_head=0 worker=0 block_r=0 block_c=0 t0_us=261265242517 t1_us=261265242520 dur_us=2
FIG8_ATTENTION_EVENT mode=scna-fp16 layout=serial phase=warmup iteration=0 component=scna_exp component_id=9 lut_exp=0 scna_layout=0 scna_width=8 qo_len=4 kv_len=4096 n_heads=12 n_kv_heads=2 head_dim=128 kv_head=0 worker=0 block_r=2 block_c=0 t0_us=261265242521 t1_us=261265242522 dur_us=1
FIG8_ATTENTION_EVENT mode=scna-fp16 layout=serial phase=warmup iteration=0 component=scna_exp component_id=9 lut_exp=0 scna_layout=0 scna_width=8 qo_len=4 kv_len=4096 n_heads=12 n_kv_heads=2 head_dim=128 kv_head=0 worker=0 block_r=4 block_c=0 t0_us=261265242523 t1_us=261265242524 dur_us=1
FIG8_ATTENTION_EVENT mode=scna-fp16 layout=serial phase=warmup iteration=0 component=scna_exp component_id=9 lut_exp=0 scna_layout=0 scna_width=8 qo_len=4 kv_len=4096 n_heads=12 n_kv_heads=2 head_dim=128 kv_head=0 worker=0 block_r=6 block_c=0 t0_us=261265242526 t1_us=261265242527 dur_us=1
FIG8_ATTENTION_EVENT mode=scna-fp16 layout=serial phase=warmup iteration=0 component=scna_exp component_id=9 lut_exp=0 scna_layout=0 scna_width=8 qo_len=4 kv_len=4096 n_heads=12 n_kv_heads=2 head_dim=128 kv_head=0 worker=0 block_r=8 block_c=0 t0_us=261265242528 t1_us=261265242529 dur_us=1
FIG8_ATTENTION_EVENT mode=scna-fp16 layout=serial phase=warmup iteration=0 component=scna_exp component_id=9 lut_exp=0 scna_layout=0 scna_width=8 qo_len=4 kv_len=4096 n_heads=12 n_kv_heads=2 head_dim=128 kv_head=0 worker=0 block_r=10 block_c=0 t0_us=261265242530 t1_us=261265242531 dur_us=1
FIG8_ATTENTION_EVENT mode=scna-fp16 layout=serial phase=warmup iteration=0 component=scna_exp component_id=9 lut_exp=0 scna_layout=0 scna_width=8 qo_len=4 kv_len=4096 n_heads=12 n_kv_heads=2 head_dim=128 kv_head=0 worker=0 block_r=12 block_c=0 t0_us=261265242532 t1_us=261265242534 dur_us=1
FIG8_ATTENTION_EVENT mode=scna-fp16 layout=serial phase=warmup iteration=0 component=scna_exp component_id=9 lut_exp=0 scna_layout=0 scna_width=8 qo_len=4 kv_len=4096 n_heads=12 n_kv_heads=2 head_dim=128 kv_head=0 worker=0 block_r=14 block_c=0 t0_us=261265242534 t1_us=261265242536 dur_us=1
FIG8_ATTENTION_EVENT mode=scna-fp16 layout=serial phase=warmup iteration=0 component=scna_exp component_id=9 lut_exp=0 scna_layout=0 scna_width=8 qo_len=4 kv_len=4096 n_heads=12 n_kv_heads=2 head_dim=128 kv_head=0 worker=0 block_r=16 block_c=0 t0_us=261265242536 t1_us=261265242538 dur_us=1
FIG8_ATTENTION_EVENT mode=scna-fp16 layout=serial phase=warmup iteration=0 component=scna_exp component_id=9 lut_exp=0 scna_layout=0 scna_width=8 qo_len=4 kv_len=4096 n_heads=12 n_kv_heads=2 head_dim=128 kv_head=0 worker=0 block_r=18 block_c=0 t0_us=261265242539 t1_us=261265242541 dur_us=1
FIG8_ATTENTION_EVENT mode=scna-fp16 layout=serial phase=warmup iteration=0 component=scna_exp component_id=9 lut_exp=0 scna_layout=0 scna_width=8 qo_len=4 kv_len=4096 n_heads=12 n_kv_heads=2 head_dim=128 kv_head=0 worker=0 block_r=20 block_c=0 t0_us=261265242541 t1_us=261265242543 dur_us=1
FIG8_ATTENTION_EVENT mode=scna-fp16 layout=serial phase=warmup iteration=0 component=scna_exp component_id=9 lut_exp=0 scna_layout=0 scna_width=8 qo_len=4 kv_len=4096 n_heads=12 n_kv_heads=2 head_dim=128 kv_head=0 worker=0 block_r=22 block_c=0 t0_us=261265242543 t1_us=261265242545 dur_us=1
FIG8_ATTENTION_EVENT mode=scna-fp16 layout=serial phase=warmup iteration=0 component=safe_sm component_id=5 lut_exp=0 scna_layout=0 scna_width=8 qo_len=4 kv_len=4096 n_heads=12 n_kv_heads=2 head_dim=128 kv_head=0 worker=0 block_r=0 block_c=0 t0_us=261265242514 t1_us=261265242545 dur_us=30
FIG8_ATTENTION_EVENT mode=scna-fp16 layout=serial phase=warmup iteration=0 component=v_load component_id=3 lut_exp=0 scna_layout=0 scna_width=8 qo_len=4 kv_len=4096 n_heads=12 n_kv_heads=2 head_dim=128 kv_head=0 worker=0 block_r=0 block_c=0 t0_us=261265242545 t1_us=261265242566 dur_us=20
FIG8_ATTENTION_EVENT mode=scna-fp16 layout=serial phase=warmup iteration=0 component=scna_exp component_id=9 lut_exp=0 scna_layout=0 scna_width=8 qo_len=4 kv_len=4096 n_heads=12 n_kv_heads=2 head_dim=128 kv_head=0 worker=0 block_r=0 block_c=0 t0_us=261265242567 t1_us=261265242567 dur_us=0
FIG8_ATTENTION_EVENT mode=scna-fp16 layout=serial phase=warmup iteration=0 component=core_acc component_id=6 lut_exp=0 scna_layout=0 scna_width=8 qo_len=4 kv_len=4096 n_heads=12 n_kv_heads=2 head_dim=128 kv_head=0 worker=0 block_r=0 block_c=0 t0_us=261265242566 t1_us=261265242570 dur_us=3
FIG8_ATTENTION_EVENT mode=scna-fp16 layout=serial phase=warmup iteration=0 component=k_load component_id=2 lut_exp=0 scna_layout=0 scna_width=8 qo_len=4 kv_len=4096 n_heads=12 n_kv_heads=2 head_dim=128 kv_head=0 worker=0 block_r=0 block_c=1280 t0_us=261265242571 t1_us=261265242593 dur_us=21
FIG8_ATTENTION_EVENT mode=scna-fp16 layout=serial phase=warmup iteration=0 component=qk_dot component_id=4 lut_exp=0 scna_layout=0 scna_width=8 qo_len=4 kv_len=4096 n_heads=12 n_kv_heads=2 head_dim=128 kv_head=0 worker=0 block_r=0 block_c=1280 t0_us=261265242593 t1_us=261265242593 dur_us=0
FIG8_ATTENTION_EVENT mode=scna-fp16 layout=serial phase=warmup iteration=0 component=scna_exp component_id=9 lut_exp=0 scna_layout=0 scna_width=8 qo_len=4 kv_len=4096 n_heads=12 n_kv_heads=2 head_dim=128 kv_head=0 worker=0 block_r=0 block_c=1280 t0_us=261265242595 t1_us=261265242596 dur_us=1
FIG8_ATTENTION_EVENT mode=scna-fp16 layout=serial phase=warmup iteration=0 component=scna_exp component_id=9 lut_exp=0 scna_layout=0 scna_width=8 qo_len=4 kv_len=4096 n_heads=12 n_kv_heads=2 head_dim=128 kv_head=0 worker=0 block_r=2 block_c=1280 t0_us=261265242597 t1_us=261265242598 dur_us=1
FIG8_ATTENTION_EVENT mode=scna-fp16 layout=serial phase=warmup iteration=0 component=scna_exp component_id=9 lut_exp=0 scna_layout=0 scna_width=8 qo_len=4 kv_len=4096 n_heads=12 n_kv_heads=2 head_dim=128 kv_head=0 worker=0 block_r=4 block_c=1280 t0_us=261265242599 t1_us=261265242600 dur_us=1
FIG8_ATTENTION_EVENT mode=scna-fp16 layout=serial phase=warmup iteration=0 component=scna_exp component_id=9 lut_exp=0 scna_layout=0 scna_width=8 qo_len=4 kv_len=4096 n_heads=12 n_kv_heads=2 head_dim=128 kv_head=0 worker=0 block_r=6 block_c=1280 t0_us=261265242602 t1_us=261265242603 dur_us=1
FIG8_ATTENTION_EVENT mode=scna-fp16 layout=serial phase=warmup iteration=0 component=scna_exp component_id=9 lut_exp=0 scna_layout=0 scna_width=8 qo_len=4 kv_len=4096 n_heads=12 n_kv_heads=2 head_dim=128 kv_head=0 worker=0 block_r=8 block_c=1280 t0_us=261265242604 t1_us=261265242605 dur_us=1
FIG8_ATTENTION_EVENT mode=scna-fp16 layout=serial phase=warmup iteration=0 component=scna_exp component_id=9 lut_exp=0 scna_layout=0 scna_width=8 qo_len=4 kv_len=4096 n_heads=12 n_kv_heads=2 head_dim=128 kv_head=0 worker=0 block_r=10 block_c=1280 t0_us=261265242606 t1_us=261265242607 dur_us=1
FIG8_ATTENTION_EVENT mode=scna-fp16 layout=serial phase=warmup iteration=0 component=scna_exp component_id=9 lut_exp=0 scna_layout=0 scna_width=8 qo_len=4 kv_len=4096 n_heads=12 n_kv_heads=2 head_dim=128 kv_head=0 worker=0 block_r=12 block_c=1280 t0_us=261265242609 t1_us=261265242610 dur_us=1
FIG8_ATTENTION_EVENT mode=scna-fp16 layout=serial phase=warmup iteration=0 component=scna_exp component_id=9 lut_exp=0 scna_layout=0 scna_width=8 qo_len=4 kv_len=4096 n_heads=12 n_kv_heads=2 head_dim=128 kv_head=0 worker=0 block_r=14 block_c=1280 t0_us=261265242610 t1_us=261265242612 dur_us=1
FIG8_ATTENTION_EVENT mode=scna-fp16 layout=serial phase=warmup iteration=0 component=scna_exp component_id=9 lut_exp=0 scna_layout=0 scna_width=8 qo_len=4 kv_len=4096 n_heads=12 n_kv_heads=2 head_dim=128 kv_head=0 worker=0 block_r=16 block_c=1280 t0_us=261265242612 t1_us=261265242614 dur_us=1
FIG8_ATTENTION_EVENT mode=scna-fp16 layout=serial phase=warmup iteration=0 component=scna_exp component_id=9 lut_exp=0 scna_layout=0 scna_width=8 qo_len=4 kv_len=4096 n_heads=12 n_kv_heads=2 head_dim=128 kv_head=0 worker=0 block_r=18 block_c=1280 t0_us=261265242615 t1_us=261265242617 dur_us=1
FIG8_ATTENTION_EVENT mode=scna-fp16 layout=serial phase=warmup iteration=0 component=scna_exp component_id=9 lut_exp=0 scna_layout=0 scna_width=8 qo_len=4 kv_len=4096 n_heads=12 n_kv_heads=2 head_dim=128 kv_head=0 worker=0 block_r=20 block_c=1280 t0_us=261265242617 t1_us=261265242619 dur_us=1
FIG8_ATTENTION_EVENT mode=scna-fp16 layout=serial phase=warmup iteration=0 component=scna_exp component_id=9 lut_exp=0 scna_layout=0 scna_width=8 qo_len=4 kv_len=4096 n_heads=12 n_kv_heads=2 head_dim=128 kv_head=0 worker=0 block_r=22 block_c=1280 t0_us=261265242619 t1_us=261265242621 dur_us=1
FIG8_ATTENTION_EVENT mode=scna-fp16 layout=serial phase=warmup iteration=0 component=safe_sm component_id=5 lut_exp=0 scna_layout=0 scna_width=8 qo_len=4 kv_len=4096 n_heads=12 n_kv_heads=2 head_dim=128 kv_head=0 worker=0 block_r=0 block_c=1280 t0_us=261265242594 t1_us=261265242621 dur_us=27
FIG8_ATTENTION_EVENT mode=scna-fp16 layout=serial phase=warmup iteration=0 component=v_load component_id=3 lut_exp=0 scna_layout=0 scna_width=8 qo_len=4 kv_len=4096 n_heads=12 n_kv_heads=2 head_dim=128 kv_head=0 worker=0 block_r=0 block_c=1280 t0_us=261265242621 t1_us=261265242648 dur_us=26
FIG8_ATTENTION_EVENT mode=scna-fp16 layout=serial phase=warmup iteration=0 component=scna_exp component_id=9 lut_exp=0 scna_layout=0 scna_width=8 qo_len=4 kv_len=4096 n_heads=12 n_kv_heads=2 head_dim=128 kv_head=0 worker=0 block_r=0 block_c=1280 t0_us=261265242648 t1_us=261265242648 dur_us=0
FIG8_ATTENTION_EVENT mode=scna-fp16 layout=serial phase=warmup iteration=0 component=core_acc component_id=6 lut_exp=0 scna_layout=0 scna_width=8 qo_len=4 kv_len=4096 n_heads=12 n_kv_heads=2 head_dim=128 kv_head=0 worker=0 block_r=0 block_c=1280 t0_us=261265242648 t1_us=261265242648 dur_us=0
FIG8_ATTENTION_EVENT mode=scna-fp16 layout=serial phase=warmup iteration=0 component=k_load component_id=2 lut_exp=0 scna_layout=0 scna_width=8 qo_len=4 kv_len=4096 n_heads=12 n_kv_heads=2 head_dim=128 kv_head=0 worker=0 block_r=0 block_c=2560 t0_us=261265242648 t1_us=261265242669 dur_us=20
FIG8_ATTENTION_EVENT mode=scna-fp16 layout=serial phase=warmup iteration=0 component=qk_dot component_id=4 lut_exp=0 scna_layout=0 scna_width=8 qo_len=4 kv_len=4096 n_heads=12 n_kv_heads=2 head_dim=128 kv_head=0 worker=0 block_r=0 block_c=2560 t0_us=261265242669 t1_us=261265242669 dur_us=0
FIG8_ATTENTION_EVENT mode=scna-fp16 layout=serial phase=warmup iteration=0 component=scna_exp component_id=9 lut_exp=0 scna_layout=0 scna_width=8 qo_len=4 kv_len=4096 n_heads=12 n_kv_heads=2 head_dim=128 kv_head=0 worker=0 block_r=0 block_c=2560 t0_us=261265242671 t1_us=261265242672 dur_us=1
FIG8_ATTENTION_EVENT mode=scna-fp16 layout=serial phase=warmup iteration=0 component=scna_exp component_id=9 lut_exp=0 scna_layout=0 scna_width=8 qo_len=4 kv_len=4096 n_heads=12 n_kv_heads=2 head_dim=128 kv_head=0 worker=0 block_r=2 block_c=2560 t0_us=261265242673 t1_us=261265242674 dur_us=1
FIG8_ATTENTION_EVENT mode=scna-fp16 layout=serial phase=warmup iteration=0 component=scna_exp component_id=9 lut_exp=0 scna_layout=0 scna_width=8 qo_len=4 kv_len=4096 n_heads=12 n_kv_heads=2 head_dim=128 kv_head=0 worker=0 block_r=4 block_c=2560 t0_us=261265242675 t1_us=261265242676 dur_us=1
FIG8_ATTENTION_EVENT mode=scna-fp16 layout=serial phase=warmup iteration=0 component=scna_exp component_id=9 lut_exp=0 scna_layout=0 scna_width=8 qo_len=4 kv_len=4096 n_heads=12 n_kv_heads=2 head_dim=128 kv_head=0 worker=0 block_r=6 block_c=2560 t0_us=261265242678 t1_us=261265242679 dur_us=1
FIG8_ATTENTION_EVENT mode=scna-fp16 layout=serial phase=warmup iteration=0 component=scna_exp component_id=9 lut_exp=0 scna_layout=0 scna_width=8 qo_len=4 kv_len=4096 n_heads=12 n_kv_heads=2 head_dim=128 kv_head=0 worker=0 block_r=8 block_c=2560 t0_us=261265242680 t1_us=261265242681 dur_us=1
FIG8_ATTENTION_EVENT mode=scna-fp16 layout=serial phase=warmup iteration=0 component=scna_exp component_id=9 lut_exp=0 scna_layout=0 scna_width=8 qo_len=4 kv_len=4096 n_heads=12 n_kv_heads=2 head_dim=128 kv_head=0 worker=0 block_r=10 block_c=2560 t0_us=261265242682 t1_us=261265242683 dur_us=1
FIG8_ATTENTION_EVENT mode=scna-fp16 layout=serial phase=warmup iteration=0 component=scna_exp component_id=9 lut_exp=0 scna_layout=0 scna_width=8 qo_len=4 kv_len=4096 n_heads=12 n_kv_heads=2 head_dim=128 kv_head=0 worker=0 block_r=12 block_c=2560 t0_us=261265242684 t1_us=261265242686 dur_us=1
FIG8_ATTENTION_EVENT mode=scna-fp16 layout=serial phase=warmup iteration=0 component=scna_exp component_id=9 lut_exp=0 scna_layout=0 scna_width=8 qo_len=4 kv_len=4096 n_heads=12 n_kv_heads=2 head_dim=128 kv_head=0 worker=0 block_r=14 block_c=2560 t0_us=261265242686 t1_us=261265242688 dur_us=1
FIG8_ATTENTION_EVENT mode=scna-fp16 layout=serial phase=warmup iteration=0 component=scna_exp component_id=9 lut_exp=0 scna_layout=0 scna_width=8 qo_len=4 kv_len=4096 n_heads=12 n_kv_heads=2 head_dim=128 kv_head=0 worker=0 block_r=16 block_c=2560 t0_us=261265242688 t1_us=261265242690 dur_us=1
FIG8_ATTENTION_EVENT mode=scna-fp16 layout=serial phase=warmup iteration=0 component=scna_exp component_id=9 lut_exp=0 scna_layout=0 scna_width=8 qo_len=4 kv_len=4096 n_heads=12 n_kv_heads=2 head_dim=128 kv_head=0 worker=0 block_r=18 block_c=2560 t0_us=261265242691 t1_us=261265242693 dur_us=1
FIG8_ATTENTION_EVENT mode=scna-fp16 layout=serial phase=warmup iteration=0 component=scna_exp component_id=9 lut_exp=0 scna_layout=0 scna_width=8 qo_len=4 kv_len=4096 n_heads=12 n_kv_heads=2 head_dim=128 kv_head=0 worker=0 block_r=20 block_c=2560 t0_us=261265242693 t1_us=261265242695 dur_us=1
FIG8_ATTENTION_EVENT mode=scna-fp16 layout=serial phase=warmup iteration=0 component=scna_exp component_id=9 lut_exp=0 scna_layout=0 scna_width=8 qo_len=4 kv_len=4096 n_heads=12 n_kv_heads=2 head_dim=128 kv_head=0 worker=0 block_r=22 block_c=2560 t0_us=261265242695 t1_us=261265242697 dur_us=1
FIG8_ATTENTION_EVENT mode=scna-fp16 layout=serial phase=warmup iteration=0 component=safe_sm component_id=5 lut_exp=0 scna_layout=0 scna_width=8 qo_len=4 kv_len=4096 n_heads=12 n_kv_heads=2 head_dim=128 kv_head=0 worker=0 block_r=0 block_c=2560 t0_us=261265242669 t1_us=261265242697 dur_us=27
FIG8_ATTENTION_EVENT mode=scna-fp16 layout=serial phase=warmup iteration=0 component=v_load component_id=3 lut_exp=0 scna_layout=0 scna_width=8 qo_len=4 kv_len=4096 n_heads=12 n_kv_heads=2 head_dim=128 kv_head=0 worker=0 block_r=0 block_c=2560 t0_us=261265242697 t1_us=261265242721 dur_us=24
FIG8_ATTENTION_EVENT mode=scna-fp16 layout=serial phase=warmup iteration=0 component=scna_exp component_id=9 lut_exp=0 scna_layout=0 scna_width=8 qo_len=4 kv_len=4096 n_heads=12 n_kv_heads=2 head_dim=128 kv_head=0 worker=0 block_r=0 block_c=2560 t0_us=261265242721 t1_us=261265242721 dur_us=0
FIG8_ATTENTION_EVENT mode=scna-fp16 layout=serial phase=warmup iteration=0 component=core_acc component_id=6 lut_exp=0 scna_layout=0 scna_width=8 qo_len=4 kv_len=4096 n_heads=12 n_kv_heads=2 head_dim=128 kv_head=0 worker=0 block_r=0 block_c=2560 t0_us=261265242721 t1_us=261265242722 dur_us=0
FIG8_ATTENTION_EVENT mode=scna-fp16 layout=serial phase=warmup iteration=0 component=k_load component_id=2 lut_exp=0 scna_layout=0 scna_width=8 qo_len=4 kv_len=4096 n_heads=12 n_kv_heads=2 head_dim=128 kv_head=0 worker=0 block_r=0 block_c=3840 t0_us=261265242722 t1_us=261265242726 dur_us=4
FIG8_ATTENTION_EVENT mode=scna-fp16 layout=serial phase=warmup iteration=0 component=qk_dot component_id=4 lut_exp=0 scna_layout=0 scna_width=8 qo_len=4 kv_len=4096 n_heads=12 n_kv_heads=2 head_dim=128 kv_head=0 worker=0 block_r=0 block_c=3840 t0_us=261265242726 t1_us=261265242726 dur_us=0
FIG8_ATTENTION_EVENT mode=scna-fp16 layout=serial phase=warmup iteration=0 component=scna_exp component_id=9 lut_exp=0 scna_layout=0 scna_width=8 qo_len=4 kv_len=4096 n_heads=12 n_kv_heads=2 head_dim=128 kv_head=0 worker=0 block_r=0 block_c=3840 t0_us=261265242727 t1_us=261265242727 dur_us=0
FIG8_ATTENTION_EVENT mode=scna-fp16 layout=serial phase=warmup iteration=0 component=scna_exp component_id=9 lut_exp=0 scna_layout=0 scna_width=8 qo_len=4 kv_len=4096 n_heads=12 n_kv_heads=2 head_dim=128 kv_head=0 worker=0 block_r=2 block_c=3840 t0_us=261265242727 t1_us=261265242728 dur_us=0
FIG8_ATTENTION_EVENT mode=scna-fp16 layout=serial phase=warmup iteration=0 component=scna_exp component_id=9 lut_exp=0 scna_layout=0 scna_width=8 qo_len=4 kv_len=4096 n_heads=12 n_kv_heads=2 head_dim=128 kv_head=0 worker=0 block_r=4 block_c=3840 t0_us=261265242728 t1_us=261265242728 dur_us=0
FIG8_ATTENTION_EVENT mode=scna-fp16 layout=serial phase=warmup iteration=0 component=scna_exp component_id=9 lut_exp=0 scna_layout=0 scna_width=8 qo_len=4 kv_len=4096 n_heads=12 n_kv_heads=2 head_dim=128 kv_head=0 worker=0 block_r=6 block_c=3840 t0_us=261265242729 t1_us=261265242729 dur_us=0
FIG8_ATTENTION_EVENT mode=scna-fp16 layout=serial phase=warmup iteration=0 component=scna_exp component_id=9 lut_exp=0 scna_layout=0 scna_width=8 qo_len=4 kv_len=4096 n_heads=12 n_kv_heads=2 head_dim=128 kv_head=0 worker=0 block_r=8 block_c=3840 t0_us=261265242729 t1_us=261265242730 dur_us=0
FIG8_ATTENTION_EVENT mode=scna-fp16 layout=serial phase=warmup iteration=0 component=scna_exp component_id=9 lut_exp=0 scna_layout=0 scna_width=8 qo_len=4 kv_len=4096 n_heads=12 n_kv_heads=2 head_dim=128 kv_head=0 worker=0 block_r=10 block_c=3840 t0_us=261265242730 t1_us=261265242730 dur_us=0
FIG8_ATTENTION_EVENT mode=scna-fp16 layout=serial phase=warmup iteration=0 component=scna_exp component_id=9 lut_exp=0 scna_layout=0 scna_width=8 qo_len=4 kv_len=4096 n_heads=12 n_kv_heads=2 head_dim=128 kv_head=0 worker=0 block_r=12 block_c=3840 t0_us=261265242731 t1_us=261265242731 dur_us=0
FIG8_ATTENTION_EVENT mode=scna-fp16 layout=serial phase=warmup iteration=0 component=scna_exp component_id=9 lut_exp=0 scna_layout=0 scna_width=8 qo_len=4 kv_len=4096 n_heads=12 n_kv_heads=2 head_dim=128 kv_head=0 worker=0 block_r=14 block_c=3840 t0_us=261265242731 t1_us=261265242732 dur_us=0
FIG8_ATTENTION_EVENT mode=scna-fp16 layout=serial phase=warmup iteration=0 component=scna_exp component_id=9 lut_exp=0 scna_layout=0 scna_width=8 qo_len=4 kv_len=4096 n_heads=12 n_kv_heads=2 head_dim=128 kv_head=0 worker=0 block_r=16 block_c=3840 t0_us=261265242732 t1_us=261265242732 dur_us=0
FIG8_ATTENTION_EVENT mode=scna-fp16 layout=serial phase=warmup iteration=0 component=scna_exp component_id=9 lut_exp=0 scna_layout=0 scna_width=8 qo_len=4 kv_len=4096 n_heads=12 n_kv_heads=2 head_dim=128 kv_head=0 worker=0 block_r=18 block_c=3840 t0_us=261265242733 t1_us=261265242733 dur_us=0
FIG8_ATTENTION_EVENT mode=scna-fp16 layout=serial phase=warmup iteration=0 component=scna_exp component_id=9 lut_exp=0 scna_layout=0 scna_width=8 qo_len=4 kv_len=4096 n_heads=12 n_kv_heads=2 head_dim=128 kv_head=0 worker=0 block_r=20 block_c=3840 t0_us=261265242733 t1_us=261265242734 dur_us=0
FIG8_ATTENTION_EVENT mode=scna-fp16 layout=serial phase=warmup iteration=0 component=scna_exp component_id=9 lut_exp=0 scna_layout=0 scna_width=8 qo_len=4 kv_len=4096 n_heads=12 n_kv_heads=2 head_dim=128 kv_head=0 worker=0 block_r=22 block_c=3840 t0_us=261265242734 t1_us=261265242734 dur_us=0
FIG8_ATTENTION_EVENT mode=scna-fp16 layout=serial phase=warmup iteration=0 component=safe_sm component_id=5 lut_exp=0 scna_layout=0 scna_width=8 qo_len=4 kv_len=4096 n_heads=12 n_kv_heads=2 head_dim=128 kv_head=0 worker=0 block_r=0 block_c=3840 t0_us=261265242726 t1_us=261265242734 dur_us=8
FIG8_ATTENTION_EVENT mode=scna-fp16 layout=serial phase=warmup iteration=0 component=v_load component_id=3 lut_exp=0 scna_layout=0 scna_width=8 qo_len=4 kv_len=4096 n_heads=12 n_kv_heads=2 head_dim=128 kv_head=0 worker=0 block_r=0 block_c=3840 t0_us=261265242735 t1_us=261265242737 dur_us=2
FIG8_ATTENTION_EVENT mode=scna-fp16 layout=serial phase=warmup iteration=0 component=scna_exp component_id=9 lut_exp=0 scna_layout=0 scna_width=8 qo_len=4 kv_len=4096 n_heads=12 n_kv_heads=2 head_dim=128 kv_head=0 worker=0 block_r=0 block_c=3840 t0_us=261265242737 t1_us=261265242737 dur_us=0
FIG8_ATTENTION_EVENT mode=scna-fp16 layout=serial phase=warmup iteration=0 component=core_acc component_id=6 lut_exp=0 scna_layout=0 scna_width=8 qo_len=4 kv_len=4096 n_heads=12 n_kv_heads=2 head_dim=128 kv_head=0 worker=0 block_r=0 block_c=3840 t0_us=261265242737 t1_us=261265242737 dur_us=0
FIG8_ATTENTION_EVENT mode=scna-fp16 layout=serial phase=warmup iteration=0 component=o_scale component_id=7 lut_exp=0 scna_layout=0 scna_width=8 qo_len=4 kv_len=4096 n_heads=12 n_kv_heads=2 head_dim=128 kv_head=0 worker=0 block_r=0 block_c=-1 t0_us=261265242737 t1_us=261265242738 dur_us=1
FIG8_ATTENTION_EVENT mode=scna-fp16 layout=serial phase=warmup iteration=0 component=o_store component_id=8 lut_exp=0 scna_layout=0 scna_width=8 qo_len=4 kv_len=4096 n_heads=12 n_kv_heads=2 head_dim=128 kv_head=0 worker=0 block_r=0 block_c=-1 t0_us=261265242739 t1_us=261265242742 dur_us=2
FIG8_ATTENTION_EVENT mode=scna-fp16 layout=serial phase=warmup iteration=0 component=q_load component_id=1 lut_exp=0 scna_layout=0 scna_width=8 qo_len=4 kv_len=4096 n_heads=12 n_kv_heads=2 head_dim=128 kv_head=1 worker=0 block_r=0 block_c=-1 t0_us=261265242782 t1_us=261265242784 dur_us=1
FIG8_ATTENTION_EVENT mode=scna-fp16 layout=serial phase=warmup iteration=0 component=k_load component_id=2 lut_exp=0 scna_layout=0 scna_width=8 qo_len=4 kv_len=4096 n_heads=12 n_kv_heads=2 head_dim=128 kv_head=1 worker=0 block_r=0 block_c=0 t0_us=261265242785 t1_us=261265242806 dur_us=21
FIG8_ATTENTION_EVENT mode=scna-fp16 layout=serial phase=warmup iteration=0 component=qk_dot component_id=4 lut_exp=0 scna_layout=0 scna_width=8 qo_len=4 kv_len=4096 n_heads=12 n_kv_heads=2 head_dim=128 kv_head=1 worker=0 block_r=0 block_c=0 t0_us=261265242807 t1_us=261265242808 dur_us=1
FIG8_ATTENTION_EVENT mode=scna-fp16 layout=serial phase=warmup iteration=0 component=scna_exp component_id=9 lut_exp=0 scna_layout=0 scna_width=8 qo_len=4 kv_len=4096 n_heads=12 n_kv_heads=2 head_dim=128 kv_head=1 worker=0 block_r=0 block_c=0 t0_us=261265242810 t1_us=261265242813 dur_us=2
FIG8_ATTENTION_EVENT mode=scna-fp16 layout=serial phase=warmup iteration=0 component=scna_exp component_id=9 lut_exp=0 scna_layout=0 scna_width=8 qo_len=4 kv_len=4096 n_heads=12 n_kv_heads=2 head_dim=128 kv_head=1 worker=0 block_r=2 block_c=0 t0_us=261265242814 t1_us=261265242816 dur_us=1
FIG8_ATTENTION_EVENT mode=scna-fp16 layout=serial phase=warmup iteration=0 component=scna_exp component_id=9 lut_exp=0 scna_layout=0 scna_width=8 qo_len=4 kv_len=4096 n_heads=12 n_kv_heads=2 head_dim=128 kv_head=1 worker=0 block_r=4 block_c=0 t0_us=261265242816 t1_us=261265242818 dur_us=1
FIG8_ATTENTION_EVENT mode=scna-fp16 layout=serial phase=warmup iteration=0 component=scna_exp component_id=9 lut_exp=0 scna_layout=0 scna_width=8 qo_len=4 kv_len=4096 n_heads=12 n_kv_heads=2 head_dim=128 kv_head=1 worker=0 block_r=6 block_c=0 t0_us=261265242819 t1_us=261265242820 dur_us=1
FIG8_ATTENTION_EVENT mode=scna-fp16 layout=serial phase=warmup iteration=0 component=scna_exp component_id=9 lut_exp=0 scna_layout=0 scna_width=8 qo_len=4 kv_len=4096 n_heads=12 n_kv_heads=2 head_dim=128 kv_head=1 worker=0 block_r=8 block_c=0 t0_us=261265242821 t1_us=261265242822 dur_us=1
FIG8_ATTENTION_EVENT mode=scna-fp16 layout=serial phase=warmup iteration=0 component=scna_exp component_id=9 lut_exp=0 scna_layout=0 scna_width=8 qo_len=4 kv_len=4096 n_heads=12 n_kv_heads=2 head_dim=128 kv_head=1 worker=0 block_r=10 block_c=0 t0_us=261265242823 t1_us=261265242824 dur_us=1
FIG8_ATTENTION_EVENT mode=scna-fp16 layout=serial phase=warmup iteration=0 component=scna_exp component_id=9 lut_exp=0 scna_layout=0 scna_width=8 qo_len=4 kv_len=4096 n_heads=12 n_kv_heads=2 head_dim=128 kv_head=1 worker=0 block_r=12 block_c=0 t0_us=261265242825 t1_us=261265242827 dur_us=1
FIG8_ATTENTION_EVENT mode=scna-fp16 layout=serial phase=warmup iteration=0 component=scna_exp component_id=9 lut_exp=0 scna_layout=0 scna_width=8 qo_len=4 kv_len=4096 n_heads=12 n_kv_heads=2 head_dim=128 kv_head=1 worker=0 block_r=14 block_c=0 t0_us=261265242827 t1_us=261265242829 dur_us=1
FIG8_ATTENTION_EVENT mode=scna-fp16 layout=serial phase=warmup iteration=0 component=scna_exp component_id=9 lut_exp=0 scna_layout=0 scna_width=8 qo_len=4 kv_len=4096 n_heads=12 n_kv_heads=2 head_dim=128 kv_head=1 worker=0 block_r=16 block_c=0 t0_us=261265242829 t1_us=261265242831 dur_us=1
FIG8_ATTENTION_EVENT mode=scna-fp16 layout=serial phase=warmup iteration=0 component=scna_exp component_id=9 lut_exp=0 scna_layout=0 scna_width=8 qo_len=4 kv_len=4096 n_heads=12 n_kv_heads=2 head_dim=128 kv_head=1 worker=0 block_r=18 block_c=0 t0_us=261265242832 t1_us=261265242834 dur_us=1
FIG8_ATTENTION_EVENT mode=scna-fp16 layout=serial phase=warmup iteration=0 component=scna_exp component_id=9 lut_exp=0 scna_layout=0 scna_width=8 qo_len=4 kv_len=4096 n_heads=12 n_kv_heads=2 head_dim=128 kv_head=1 worker=0 block_r=20 block_c=0 t0_us=261265242834 t1_us=261265242836 dur_us=1
FIG8_ATTENTION_EVENT mode=scna-fp16 layout=serial phase=warmup iteration=0 component=scna_exp component_id=9 lut_exp=0 scna_layout=0 scna_width=8 qo_len=4 kv_len=4096 n_heads=12 n_kv_heads=2 head_dim=128 kv_head=1 worker=0 block_r=22 block_c=0 t0_us=261265242836 t1_us=261265242838 dur_us=1
FIG8_ATTENTION_EVENT mode=scna-fp16 layout=serial phase=warmup iteration=0 component=safe_sm component_id=5 lut_exp=0 scna_layout=0 scna_width=8 qo_len=4 kv_len=4096 n_heads=12 n_kv_heads=2 head_dim=128 kv_head=1 worker=0 block_r=0 block_c=0 t0_us=261265242808 t1_us=261265242838 dur_us=29
FIG8_ATTENTION_EVENT mode=scna-fp16 layout=serial phase=warmup iteration=0 component=v_load component_id=3 lut_exp=0 scna_layout=0 scna_width=8 qo_len=4 kv_len=4096 n_heads=12 n_kv_heads=2 head_dim=128 kv_head=1 worker=0 block_r=0 block_c=0 t0_us=261265242838 t1_us=261265242857 dur_us=19
FIG8_ATTENTION_EVENT mode=scna-fp16 layout=serial phase=warmup iteration=0 component=scna_exp component_id=9 lut_exp=0 scna_layout=0 scna_width=8 qo_len=4 kv_len=4096 n_heads=12 n_kv_heads=2 head_dim=128 kv_head=1 worker=0 block_r=0 block_c=0 t0_us=261265242858 t1_us=261265242859 dur_us=0
FIG8_ATTENTION_EVENT mode=scna-fp16 layout=serial phase=warmup iteration=0 component=core_acc component_id=6 lut_exp=0 scna_layout=0 scna_width=8 qo_len=4 kv_len=4096 n_heads=12 n_kv_heads=2 head_dim=128 kv_head=1 worker=0 block_r=0 block_c=0 t0_us=261265242858 t1_us=261265242860 dur_us=2
FIG8_ATTENTION_EVENT mode=scna-fp16 layout=serial phase=warmup iteration=0 component=k_load component_id=2 lut_exp=0 scna_layout=0 scna_width=8 qo_len=4 kv_len=4096 n_heads=12 n_kv_heads=2 head_dim=128 kv_head=1 worker=0 block_r=0 block_c=1280 t0_us=261265242861 t1_us=261265242883 dur_us=22
FIG8_ATTENTION_EVENT mode=scna-fp16 layout=serial phase=warmup iteration=0 component=qk_dot component_id=4 lut_exp=0 scna_layout=0 scna_width=8 qo_len=4 kv_len=4096 n_heads=12 n_kv_heads=2 head_dim=128 kv_head=1 worker=0 block_r=0 block_c=1280 t0_us=261265242883 t1_us=261265242884 dur_us=0
FIG8_ATTENTION_EVENT mode=scna-fp16 layout=serial phase=warmup iteration=0 component=scna_exp component_id=9 lut_exp=0 scna_layout=0 scna_width=8 qo_len=4 kv_len=4096 n_heads=12 n_kv_heads=2 head_dim=128 kv_head=1 worker=0 block_r=0 block_c=1280 t0_us=261265242885 t1_us=261265242886 dur_us=1
FIG8_ATTENTION_EVENT mode=scna-fp16 layout=serial phase=warmup iteration=0 component=scna_exp component_id=9 lut_exp=0 scna_layout=0 scna_width=8 qo_len=4 kv_len=4096 n_heads=12 n_kv_heads=2 head_dim=128 kv_head=1 worker=0 block_r=2 block_c=1280 t0_us=261265242887 t1_us=261265242888 dur_us=1
FIG8_ATTENTION_EVENT mode=scna-fp16 layout=serial phase=warmup iteration=0 component=scna_exp component_id=9 lut_exp=0 scna_layout=0 scna_width=8 qo_len=4 kv_len=4096 n_heads=12 n_kv_heads=2 head_dim=128 kv_head=1 worker=0 block_r=4 block_c=1280 t0_us=261265242889 t1_us=261265242890 dur_us=1
FIG8_ATTENTION_EVENT mode=scna-fp16 layout=serial phase=warmup iteration=0 component=scna_exp component_id=9 lut_exp=0 scna_layout=0 scna_width=8 qo_len=4 kv_len=4096 n_heads=12 n_kv_heads=2 head_dim=128 kv_head=1 worker=0 block_r=6 block_c=1280 t0_us=261265242892 t1_us=261265242894 dur_us=1
FIG8_ATTENTION_EVENT mode=scna-fp16 layout=serial phase=warmup iteration=0 component=scna_exp component_id=9 lut_exp=0 scna_layout=0 scna_width=8 qo_len=4 kv_len=4096 n_heads=12 n_kv_heads=2 head_dim=128 kv_head=1 worker=0 block_r=8 block_c=1280 t0_us=261265242894 t1_us=261265242895 dur_us=1
FIG8_ATTENTION_EVENT mode=scna-fp16 layout=serial phase=warmup iteration=0 component=scna_exp component_id=9 lut_exp=0 scna_layout=0 scna_width=8 qo_len=4 kv_len=4096 n_heads=12 n_kv_heads=2 head_dim=128 kv_head=1 worker=0 block_r=10 block_c=1280 t0_us=261265242896 t1_us=261265242897 dur_us=1
FIG8_ATTENTION_EVENT mode=scna-fp16 layout=serial phase=warmup iteration=0 component=scna_exp component_id=9 lut_exp=0 scna_layout=0 scna_width=8 qo_len=4 kv_len=4096 n_heads=12 n_kv_heads=2 head_dim=128 kv_head=1 worker=0 block_r=12 block_c=1280 t0_us=261265242899 t1_us=261265242900 dur_us=1
FIG8_ATTENTION_EVENT mode=scna-fp16 layout=serial phase=warmup iteration=0 component=scna_exp component_id=9 lut_exp=0 scna_layout=0 scna_width=8 qo_len=4 kv_len=4096 n_heads=12 n_kv_heads=2 head_dim=128 kv_head=1 worker=0 block_r=14 block_c=1280 t0_us=261265242901 t1_us=261265242902 dur_us=1
FIG8_ATTENTION_EVENT mode=scna-fp16 layout=serial phase=warmup iteration=0 component=scna_exp component_id=9 lut_exp=0 scna_layout=0 scna_width=8 qo_len=4 kv_len=4096 n_heads=12 n_kv_heads=2 head_dim=128 kv_head=1 worker=0 block_r=16 block_c=1280 t0_us=261265242903 t1_us=261265242904 dur_us=1
FIG8_ATTENTION_EVENT mode=scna-fp16 layout=serial phase=warmup iteration=0 component=scna_exp component_id=9 lut_exp=0 scna_layout=0 scna_width=8 qo_len=4 kv_len=4096 n_heads=12 n_kv_heads=2 head_dim=128 kv_head=1 worker=0 block_r=18 block_c=1280 t0_us=261265242906 t1_us=261265242907 dur_us=1
FIG8_ATTENTION_EVENT mode=scna-fp16 layout=serial phase=warmup iteration=0 component=scna_exp component_id=9 lut_exp=0 scna_layout=0 scna_width=8 qo_len=4 kv_len=4096 n_heads=12 n_kv_heads=2 head_dim=128 kv_head=1 worker=0 block_r=20 block_c=1280 t0_us=261265242908 t1_us=261265242909 dur_us=1
FIG8_ATTENTION_EVENT mode=scna-fp16 layout=serial phase=warmup iteration=0 component=scna_exp component_id=9 lut_exp=0 scna_layout=0 scna_width=8 qo_len=4 kv_len=4096 n_heads=12 n_kv_heads=2 head_dim=128 kv_head=1 worker=0 block_r=22 block_c=1280 t0_us=261265242910 t1_us=261265242911 dur_us=1
FIG8_ATTENTION_EVENT mode=scna-fp16 layout=serial phase=warmup iteration=0 component=safe_sm component_id=5 lut_exp=0 scna_layout=0 scna_width=8 qo_len=4 kv_len=4096 n_heads=12 n_kv_heads=2 head_dim=128 kv_head=1 worker=0 block_r=0 block_c=1280 t0_us=261265242884 t1_us=261265242911 dur_us=27
FIG8_ATTENTION_EVENT mode=scna-fp16 layout=serial phase=warmup iteration=0 component=v_load component_id=3 lut_exp=0 scna_layout=0 scna_width=8 qo_len=4 kv_len=4096 n_heads=12 n_kv_heads=2 head_dim=128 kv_head=1 worker=0 block_r=0 block_c=1280 t0_us=261265242911 t1_us=261265242937 dur_us=25
FIG8_ATTENTION_EVENT mode=scna-fp16 layout=serial phase=warmup iteration=0 component=scna_exp component_id=9 lut_exp=0 scna_layout=0 scna_width=8 qo_len=4 kv_len=4096 n_heads=12 n_kv_heads=2 head_dim=128 kv_head=1 worker=0 block_r=0 block_c=1280 t0_us=261265242937 t1_us=261265242937 dur_us=0
FIG8_ATTENTION_EVENT mode=scna-fp16 layout=serial phase=warmup iteration=0 component=core_acc component_id=6 lut_exp=0 scna_layout=0 scna_width=8 qo_len=4 kv_len=4096 n_heads=12 n_kv_heads=2 head_dim=128 kv_head=1 worker=0 block_r=0 block_c=1280 t0_us=261265242937 t1_us=261265242938 dur_us=0
FIG8_ATTENTION_EVENT mode=scna-fp16 layout=serial phase=warmup iteration=0 component=k_load component_id=2 lut_exp=0 scna_layout=0 scna_width=8 qo_len=4 kv_len=4096 n_heads=12 n_kv_heads=2 head_dim=128 kv_head=1 worker=0 block_r=0 block_c=2560 t0_us=261265242938 t1_us=261265242958 dur_us=20
FIG8_ATTENTION_EVENT mode=scna-fp16 layout=serial phase=warmup iteration=0 component=qk_dot component_id=4 lut_exp=0 scna_layout=0 scna_width=8 qo_len=4 kv_len=4096 n_heads=12 n_kv_heads=2 head_dim=128 kv_head=1 worker=0 block_r=0 block_c=2560 t0_us=261265242958 t1_us=261265242958 dur_us=0
FIG8_ATTENTION_EVENT mode=scna-fp16 layout=serial phase=warmup iteration=0 component=scna_exp component_id=9 lut_exp=0 scna_layout=0 scna_width=8 qo_len=4 kv_len=4096 n_heads=12 n_kv_heads=2 head_dim=128 kv_head=1 worker=0 block_r=0 block_c=2560 t0_us=261265242960 t1_us=261265242962 dur_us=1
FIG8_ATTENTION_EVENT mode=scna-fp16 layout=serial phase=warmup iteration=0 component=scna_exp component_id=9 lut_exp=0 scna_layout=0 scna_width=8 qo_len=4 kv_len=4096 n_heads=12 n_kv_heads=2 head_dim=128 kv_head=1 worker=0 block_r=2 block_c=2560 t0_us=261265242962 t1_us=261265242964 dur_us=1
FIG8_ATTENTION_EVENT mode=scna-fp16 layout=serial phase=warmup iteration=0 component=scna_exp component_id=9 lut_exp=0 scna_layout=0 scna_width=8 qo_len=4 kv_len=4096 n_heads=12 n_kv_heads=2 head_dim=128 kv_head=1 worker=0 block_r=4 block_c=2560 t0_us=261265242964 t1_us=261265242965 dur_us=1
FIG8_ATTENTION_EVENT mode=scna-fp16 layout=serial phase=warmup iteration=0 component=scna_exp component_id=9 lut_exp=0 scna_layout=0 scna_width=8 qo_len=4 kv_len=4096 n_heads=12 n_kv_heads=2 head_dim=128 kv_head=1 worker=0 block_r=6 block_c=2560 t0_us=261265242967 t1_us=261265242968 dur_us=1
FIG8_ATTENTION_EVENT mode=scna-fp16 layout=serial phase=warmup iteration=0 component=scna_exp component_id=9 lut_exp=0 scna_layout=0 scna_width=8 qo_len=4 kv_len=4096 n_heads=12 n_kv_heads=2 head_dim=128 kv_head=1 worker=0 block_r=8 block_c=2560 t0_us=261265242969 t1_us=261265242970 dur_us=1
FIG8_ATTENTION_EVENT mode=scna-fp16 layout=serial phase=warmup iteration=0 component=scna_exp component_id=9 lut_exp=0 scna_layout=0 scna_width=8 qo_len=4 kv_len=4096 n_heads=12 n_kv_heads=2 head_dim=128 kv_head=1 worker=0 block_r=10 block_c=2560 t0_us=261265242971 t1_us=261265242972 dur_us=1
FIG8_ATTENTION_EVENT mode=scna-fp16 layout=serial phase=warmup iteration=0 component=scna_exp component_id=9 lut_exp=0 scna_layout=0 scna_width=8 qo_len=4 kv_len=4096 n_heads=12 n_kv_heads=2 head_dim=128 kv_head=1 worker=0 block_r=12 block_c=2560 t0_us=261265242974 t1_us=261265242975 dur_us=1
FIG8_ATTENTION_EVENT mode=scna-fp16 layout=serial phase=warmup iteration=0 component=scna_exp component_id=9 lut_exp=0 scna_layout=0 scna_width=8 qo_len=4 kv_len=4096 n_heads=12 n_kv_heads=2 head_dim=128 kv_head=1 worker=0 block_r=14 block_c=2560 t0_us=261265242976 t1_us=261265242977 dur_us=1
FIG8_ATTENTION_EVENT mode=scna-fp16 layout=serial phase=warmup iteration=0 component=scna_exp component_id=9 lut_exp=0 scna_layout=0 scna_width=8 qo_len=4 kv_len=4096 n_heads=12 n_kv_heads=2 head_dim=128 kv_head=1 worker=0 block_r=16 block_c=2560 t0_us=261265242978 t1_us=261265242979 dur_us=1
FIG8_ATTENTION_EVENT mode=scna-fp16 layout=serial phase=warmup iteration=0 component=scna_exp component_id=9 lut_exp=0 scna_layout=0 scna_width=8 qo_len=4 kv_len=4096 n_heads=12 n_kv_heads=2 head_dim=128 kv_head=1 worker=0 block_r=18 block_c=2560 t0_us=261265242981 t1_us=261265242982 dur_us=1
FIG8_ATTENTION_EVENT mode=scna-fp16 layout=serial phase=warmup iteration=0 component=scna_exp component_id=9 lut_exp=0 scna_layout=0 scna_width=8 qo_len=4 kv_len=4096 n_heads=12 n_kv_heads=2 head_dim=128 kv_head=1 worker=0 block_r=20 block_c=2560 t0_us=261265242983 t1_us=261265242984 dur_us=1
FIG8_ATTENTION_EVENT mode=scna-fp16 layout=serial phase=warmup iteration=0 component=scna_exp component_id=9 lut_exp=0 scna_layout=0 scna_width=8 qo_len=4 kv_len=4096 n_heads=12 n_kv_heads=2 head_dim=128 kv_head=1 worker=0 block_r=22 block_c=2560 t0_us=261265242985 t1_us=261265242986 dur_us=1
FIG8_ATTENTION_EVENT mode=scna-fp16 layout=serial phase=warmup iteration=0 component=safe_sm component_id=5 lut_exp=0 scna_layout=0 scna_width=8 qo_len=4 kv_len=4096 n_heads=12 n_kv_heads=2 head_dim=128 kv_head=1 worker=0 block_r=0 block_c=2560 t0_us=261265242959 t1_us=261265242986 dur_us=27
FIG8_ATTENTION_EVENT mode=scna-fp16 layout=serial phase=warmup iteration=0 component=v_load component_id=3 lut_exp=0 scna_layout=0 scna_width=8 qo_len=4 kv_len=4096 n_heads=12 n_kv_heads=2 head_dim=128 kv_head=1 worker=0 block_r=0 block_c=2560 t0_us=261265242986 t1_us=261265243014 dur_us=27
FIG8_ATTENTION_EVENT mode=scna-fp16 layout=serial phase=warmup iteration=0 component=scna_exp component_id=9 lut_exp=0 scna_layout=0 scna_width=8 qo_len=4 kv_len=4096 n_heads=12 n_kv_heads=2 head_dim=128 kv_head=1 worker=0 block_r=0 block_c=2560 t0_us=261265243014 t1_us=261265243014 dur_us=0
FIG8_ATTENTION_EVENT mode=scna-fp16 layout=serial phase=warmup iteration=0 component=core_acc component_id=6 lut_exp=0 scna_layout=0 scna_width=8 qo_len=4 kv_len=4096 n_heads=12 n_kv_heads=2 head_dim=128 kv_head=1 worker=0 block_r=0 block_c=2560 t0_us=261265243014 t1_us=261265243014 dur_us=0
FIG8_ATTENTION_EVENT mode=scna-fp16 layout=serial phase=warmup iteration=0 component=k_load component_id=2 lut_exp=0 scna_layout=0 scna_width=8 qo_len=4 kv_len=4096 n_heads=12 n_kv_heads=2 head_dim=128 kv_head=1 worker=0 block_r=0 block_c=3840 t0_us=261265243015 t1_us=261265243019 dur_us=4
FIG8_ATTENTION_EVENT mode=scna-fp16 layout=serial phase=warmup iteration=0 component=qk_dot component_id=4 lut_exp=0 scna_layout=0 scna_width=8 qo_len=4 kv_len=4096 n_heads=12 n_kv_heads=2 head_dim=128 kv_head=1 worker=0 block_r=0 block_c=3840 t0_us=261265243019 t1_us=261265243019 dur_us=0
FIG8_ATTENTION_EVENT mode=scna-fp16 layout=serial phase=warmup iteration=0 component=scna_exp component_id=9 lut_exp=0 scna_layout=0 scna_width=8 qo_len=4 kv_len=4096 n_heads=12 n_kv_heads=2 head_dim=128 kv_head=1 worker=0 block_r=0 block_c=3840 t0_us=261265243019 t1_us=261265243020 dur_us=0
FIG8_ATTENTION_EVENT mode=scna-fp16 layout=serial phase=warmup iteration=0 component=scna_exp component_id=9 lut_exp=0 scna_layout=0 scna_width=8 qo_len=4 kv_len=4096 n_heads=12 n_kv_heads=2 head_dim=128 kv_head=1 worker=0 block_r=2 block_c=3840 t0_us=261265243020 t1_us=261265243020 dur_us=0
FIG8_ATTENTION_EVENT mode=scna-fp16 layout=serial phase=warmup iteration=0 component=scna_exp component_id=9 lut_exp=0 scna_layout=0 scna_width=8 qo_len=4 kv_len=4096 n_heads=12 n_kv_heads=2 head_dim=128 kv_head=1 worker=0 block_r=4 block_c=3840 t0_us=261265243021 t1_us=261265243021 dur_us=0
FIG8_ATTENTION_EVENT mode=scna-fp16 layout=serial phase=warmup iteration=0 component=scna_exp component_id=9 lut_exp=0 scna_layout=0 scna_width=8 qo_len=4 kv_len=4096 n_heads=12 n_kv_heads=2 head_dim=128 kv_head=1 worker=0 block_r=6 block_c=3840 t0_us=261265243021 t1_us=261265243022 dur_us=0
FIG8_ATTENTION_EVENT mode=scna-fp16 layout=serial phase=warmup iteration=0 component=scna_exp component_id=9 lut_exp=0 scna_layout=0 scna_width=8 qo_len=4 kv_len=4096 n_heads=12 n_kv_heads=2 head_dim=128 kv_head=1 worker=0 block_r=8 block_c=3840 t0_us=261265243022 t1_us=261265243022 dur_us=0
FIG8_ATTENTION_EVENT mode=scna-fp16 layout=serial phase=warmup iteration=0 component=scna_exp component_id=9 lut_exp=0 scna_layout=0 scna_width=8 qo_len=4 kv_len=4096 n_heads=12 n_kv_heads=2 head_dim=128 kv_head=1 worker=0 block_r=10 block_c=3840 t0_us=261265243022 t1_us=261265243023 dur_us=0
FIG8_ATTENTION_EVENT mode=scna-fp16 layout=serial phase=warmup iteration=0 component=scna_exp component_id=9 lut_exp=0 scna_layout=0 scna_width=8 qo_len=4 kv_len=4096 n_heads=12 n_kv_heads=2 head_dim=128 kv_head=1 worker=0 block_r=12 block_c=3840 t0_us=261265243023 t1_us=261265243024 dur_us=0
FIG8_ATTENTION_EVENT mode=scna-fp16 layout=serial phase=warmup iteration=0 component=scna_exp component_id=9 lut_exp=0 scna_layout=0 scna_width=8 qo_len=4 kv_len=4096 n_heads=12 n_kv_heads=2 head_dim=128 kv_head=1 worker=0 block_r=14 block_c=3840 t0_us=261265243024 t1_us=261265243024 dur_us=0
FIG8_ATTENTION_EVENT mode=scna-fp16 layout=serial phase=warmup iteration=0 component=scna_exp component_id=9 lut_exp=0 scna_layout=0 scna_width=8 qo_len=4 kv_len=4096 n_heads=12 n_kv_heads=2 head_dim=128 kv_head=1 worker=0 block_r=16 block_c=3840 t0_us=261265243025 t1_us=261265243025 dur_us=0
FIG8_ATTENTION_EVENT mode=scna-fp16 layout=serial phase=warmup iteration=0 component=scna_exp component_id=9 lut_exp=0 scna_layout=0 scna_width=8 qo_len=4 kv_len=4096 n_heads=12 n_kv_heads=2 head_dim=128 kv_head=1 worker=0 block_r=18 block_c=3840 t0_us=261265243025 t1_us=261265243026 dur_us=0
FIG8_ATTENTION_EVENT mode=scna-fp16 layout=serial phase=warmup iteration=0 component=scna_exp component_id=9 lut_exp=0 scna_layout=0 scna_width=8 qo_len=4 kv_len=4096 n_heads=12 n_kv_heads=2 head_dim=128 kv_head=1 worker=0 block_r=20 block_c=3840 t0_us=261265243026 t1_us=261265243026 dur_us=0
FIG8_ATTENTION_EVENT mode=scna-fp16 layout=serial phase=warmup iteration=0 component=scna_exp component_id=9 lut_exp=0 scna_layout=0 scna_width=8 qo_len=4 kv_len=4096 n_heads=12 n_kv_heads=2 head_dim=128 kv_head=1 worker=0 block_r=22 block_c=3840 t0_us=261265243026 t1_us=261265243027 dur_us=0
FIG8_ATTENTION_EVENT mode=scna-fp16 layout=serial phase=warmup iteration=0 component=safe_sm component_id=5 lut_exp=0 scna_layout=0 scna_width=8 qo_len=4 kv_len=4096 n_heads=12 n_kv_heads=2 head_dim=128 kv_head=1 worker=0 block_r=0 block_c=3840 t0_us=261265243019 t1_us=261265243027 dur_us=8
FIG8_ATTENTION_EVENT mode=scna-fp16 layout=serial phase=warmup iteration=0 component=v_load component_id=3 lut_exp=0 scna_layout=0 scna_width=8 qo_len=4 kv_len=4096 n_heads=12 n_kv_heads=2 head_dim=128 kv_head=1 worker=0 block_r=0 block_c=3840 t0_us=261265243027 t1_us=261265243029 dur_us=2
FIG8_ATTENTION_EVENT mode=scna-fp16 layout=serial phase=warmup iteration=0 component=scna_exp component_id=9 lut_exp=0 scna_layout=0 scna_width=8 qo_len=4 kv_len=4096 n_heads=12 n_kv_heads=2 head_dim=128 kv_head=1 worker=0 block_r=0 block_c=3840 t0_us=261265243029 t1_us=261265243029 dur_us=0
FIG8_ATTENTION_EVENT mode=scna-fp16 layout=serial phase=warmup iteration=0 component=core_acc component_id=6 lut_exp=0 scna_layout=0 scna_width=8 qo_len=4 kv_len=4096 n_heads=12 n_kv_heads=2 head_dim=128 kv_head=1 worker=0 block_r=0 block_c=3840 t0_us=261265243029 t1_us=261265243029 dur_us=0
FIG8_ATTENTION_EVENT mode=scna-fp16 layout=serial phase=warmup iteration=0 component=o_scale component_id=7 lut_exp=0 scna_layout=0 scna_width=8 qo_len=4 kv_len=4096 n_heads=12 n_kv_heads=2 head_dim=128 kv_head=1 worker=0 block_r=0 block_c=-1 t0_us=261265243030 t1_us=261265243031 dur_us=1
FIG8_ATTENTION_EVENT mode=scna-fp16 layout=serial phase=warmup iteration=0 component=o_store component_id=8 lut_exp=0 scna_layout=0 scna_width=8 qo_len=4 kv_len=4096 n_heads=12 n_kv_heads=2 head_dim=128 kv_head=1 worker=0 block_r=0 block_c=-1 t0_us=261265243031 t1_us=261265243033 dur_us=1
FIG8_ATTENTION_EVENT mode=scna-fp16 layout=serial phase=warmup iteration=0 component=q_load component_id=1 lut_exp=0 scna_layout=0 scna_width=8 qo_len=4 kv_len=4096 n_heads=12 n_kv_heads=2 head_dim=128 kv_head=0 worker=0 block_r=0 block_c=-1 t0_us=261265243072 t1_us=261265243073 dur_us=1
FIG8_ATTENTION_EVENT mode=scna-fp16 layout=serial phase=warmup iteration=0 component=k_load component_id=2 lut_exp=0 scna_layout=0 scna_width=8 qo_len=4 kv_len=4096 n_heads=12 n_kv_heads=2 head_dim=128 kv_head=0 worker=0 block_r=0 block_c=0 t0_us=261265243075 t1_us=261265243097 dur_us=22
FIG8_ATTENTION_EVENT mode=scna-fp16 layout=serial phase=warmup iteration=0 component=qk_dot component_id=4 lut_exp=0 scna_layout=0 scna_width=8 qo_len=4 kv_len=4096 n_heads=12 n_kv_heads=2 head_dim=128 kv_head=0 worker=0 block_r=0 block_c=0 t0_us=261265243097 t1_us=261265243098 dur_us=1
FIG8_ATTENTION_EVENT mode=scna-fp16 layout=serial phase=warmup iteration=0 component=scna_exp component_id=9 lut_exp=0 scna_layout=0 scna_width=8 qo_len=4 kv_len=4096 n_heads=12 n_kv_heads=2 head_dim=128 kv_head=0 worker=0 block_r=0 block_c=0 t0_us=261265243101 t1_us=261265243103 dur_us=2
FIG8_ATTENTION_EVENT mode=scna-fp16 layout=serial phase=warmup iteration=0 component=scna_exp component_id=9 lut_exp=0 scna_layout=0 scna_width=8 qo_len=4 kv_len=4096 n_heads=12 n_kv_heads=2 head_dim=128 kv_head=0 worker=0 block_r=2 block_c=0 t0_us=261265243105 t1_us=261265243106 dur_us=1
FIG8_ATTENTION_EVENT mode=scna-fp16 layout=serial phase=warmup iteration=0 component=scna_exp component_id=9 lut_exp=0 scna_layout=0 scna_width=8 qo_len=4 kv_len=4096 n_heads=12 n_kv_heads=2 head_dim=128 kv_head=0 worker=0 block_r=4 block_c=0 t0_us=261265243107 t1_us=261265243108 dur_us=1
FIG8_ATTENTION_EVENT mode=scna-fp16 layout=serial phase=warmup iteration=0 component=scna_exp component_id=9 lut_exp=0 scna_layout=0 scna_width=8 qo_len=4 kv_len=4096 n_heads=12 n_kv_heads=2 head_dim=128 kv_head=0 worker=0 block_r=6 block_c=0 t0_us=261265243110 t1_us=261265243111 dur_us=1
FIG8_ATTENTION_EVENT mode=scna-fp16 layout=serial phase=warmup iteration=0 component=scna_exp component_id=9 lut_exp=0 scna_layout=0 scna_width=8 qo_len=4 kv_len=4096 n_heads=12 n_kv_heads=2 head_dim=128 kv_head=0 worker=0 block_r=8 block_c=0 t0_us=261265243111 t1_us=261265243113 dur_us=1
FIG8_ATTENTION_EVENT mode=scna-fp16 layout=serial phase=warmup iteration=0 component=scna_exp component_id=9 lut_exp=0 scna_layout=0 scna_width=8 qo_len=4 kv_len=4096 n_heads=12 n_kv_heads=2 head_dim=128 kv_head=0 worker=0 block_r=10 block_c=0 t0_us=261265243113 t1_us=261265243115 dur_us=1
FIG8_ATTENTION_EVENT mode=scna-fp16 layout=serial phase=warmup iteration=0 component=scna_exp component_id=9 lut_exp=0 scna_layout=0 scna_width=8 qo_len=4 kv_len=4096 n_heads=12 n_kv_heads=2 head_dim=128 kv_head=0 worker=0 block_r=12 block_c=0 t0_us=261265243116 t1_us=261265243118 dur_us=1
FIG8_ATTENTION_EVENT mode=scna-fp16 layout=serial phase=warmup iteration=0 component=scna_exp component_id=9 lut_exp=0 scna_layout=0 scna_width=8 qo_len=4 kv_len=4096 n_heads=12 n_kv_heads=2 head_dim=128 kv_head=0 worker=0 block_r=14 block_c=0 t0_us=261265243118 t1_us=261265243120 dur_us=1
FIG8_ATTENTION_EVENT mode=scna-fp16 layout=serial phase=warmup iteration=0 component=scna_exp component_id=9 lut_exp=0 scna_layout=0 scna_width=8 qo_len=4 kv_len=4096 n_heads=12 n_kv_heads=2 head_dim=128 kv_head=0 worker=0 block_r=16 block_c=0 t0_us=261265243120 t1_us=261265243122 dur_us=1
FIG8_ATTENTION_EVENT mode=scna-fp16 layout=serial phase=warmup iteration=0 component=scna_exp component_id=9 lut_exp=0 scna_layout=0 scna_width=8 qo_len=4 kv_len=4096 n_heads=12 n_kv_heads=2 head_dim=128 kv_head=0 worker=0 block_r=18 block_c=0 t0_us=261265243123 t1_us=261265243125 dur_us=1
FIG8_ATTENTION_EVENT mode=scna-fp16 layout=serial phase=warmup iteration=0 component=scna_exp component_id=9 lut_exp=0 scna_layout=0 scna_width=8 qo_len=4 kv_len=4096 n_heads=12 n_kv_heads=2 head_dim=128 kv_head=0 worker=0 block_r=20 block_c=0 t0_us=261265243125 t1_us=261265243127 dur_us=1
FIG8_ATTENTION_EVENT mode=scna-fp16 layout=serial phase=warmup iteration=0 component=scna_exp component_id=9 lut_exp=0 scna_layout=0 scna_width=8 qo_len=4 kv_len=4096 n_heads=12 n_kv_heads=2 head_dim=128 kv_head=0 worker=0 block_r=22 block_c=0 t0_us=261265243127 t1_us=261265243129 dur_us=1
FIG8_ATTENTION_EVENT mode=scna-fp16 layout=serial phase=warmup iteration=0 component=safe_sm component_id=5 lut_exp=0 scna_layout=0 scna_width=8 qo_len=4 kv_len=4096 n_heads=12 n_kv_heads=2 head_dim=128 kv_head=0 worker=0 block_r=0 block_c=0 t0_us=261265243099 t1_us=261265243129 dur_us=30
FIG8_ATTENTION_EVENT mode=scna-fp16 layout=serial phase=warmup iteration=0 component=v_load component_id=3 lut_exp=0 scna_layout=0 scna_width=8 qo_len=4 kv_len=4096 n_heads=12 n_kv_heads=2 head_dim=128 kv_head=0 worker=0 block_r=0 block_c=0 t0_us=261265243129 t1_us=261265243147 dur_us=17
FIG8_ATTENTION_EVENT mode=scna-fp16 layout=serial phase=warmup iteration=0 component=scna_exp component_id=9 lut_exp=0 scna_layout=0 scna_width=8 qo_len=4 kv_len=4096 n_heads=12 n_kv_heads=2 head_dim=128 kv_head=0 worker=0 block_r=0 block_c=0 t0_us=261265243148 t1_us=261265243148 dur_us=0
FIG8_ATTENTION_EVENT mode=scna-fp16 layout=serial phase=warmup iteration=0 component=core_acc component_id=6 lut_exp=0 scna_layout=0 scna_width=8 qo_len=4 kv_len=4096 n_heads=12 n_kv_heads=2 head_dim=128 kv_head=0 worker=0 block_r=0 block_c=0 t0_us=261265243147 t1_us=261265243150 dur_us=2
FIG8_ATTENTION_EVENT mode=scna-fp16 layout=serial phase=warmup iteration=0 component=k_load component_id=2 lut_exp=0 scna_layout=0 scna_width=8 qo_len=4 kv_len=4096 n_heads=12 n_kv_heads=2 head_dim=128 kv_head=0 worker=0 block_r=0 block_c=1280 t0_us=261265243151 t1_us=261265243174 dur_us=22
FIG8_ATTENTION_EVENT mode=scna-fp16 layout=serial phase=warmup iteration=0 component=qk_dot component_id=4 lut_exp=0 scna_layout=0 scna_width=8 qo_len=4 kv_len=4096 n_heads=12 n_kv_heads=2 head_dim=128 kv_head=0 worker=0 block_r=0 block_c=1280 t0_us=261265243174 t1_us=261265243174 dur_us=0
FIG8_ATTENTION_EVENT mode=scna-fp16 layout=serial phase=warmup iteration=0 component=scna_exp component_id=9 lut_exp=0 scna_layout=0 scna_width=8 qo_len=4 kv_len=4096 n_heads=12 n_kv_heads=2 head_dim=128 kv_head=0 worker=0 block_r=0 block_c=1280 t0_us=261265243175 t1_us=261265243177 dur_us=1
FIG8_ATTENTION_EVENT mode=scna-fp16 layout=serial phase=warmup iteration=0 component=scna_exp component_id=9 lut_exp=0 scna_layout=0 scna_width=8 qo_len=4 kv_len=4096 n_heads=12 n_kv_heads=2 head_dim=128 kv_head=0 worker=0 block_r=2 block_c=1280 t0_us=261265243177 t1_us=261265243179 dur_us=1
FIG8_ATTENTION_EVENT mode=scna-fp16 layout=serial phase=warmup iteration=0 component=scna_exp component_id=9 lut_exp=0 scna_layout=0 scna_width=8 qo_len=4 kv_len=4096 n_heads=12 n_kv_heads=2 head_dim=128 kv_head=0 worker=0 block_r=4 block_c=1280 t0_us=261265243180 t1_us=261265243181 dur_us=1
FIG8_ATTENTION_EVENT mode=scna-fp16 layout=serial phase=warmup iteration=0 component=scna_exp component_id=9 lut_exp=0 scna_layout=0 scna_width=8 qo_len=4 kv_len=4096 n_heads=12 n_kv_heads=2 head_dim=128 kv_head=0 worker=0 block_r=6 block_c=1280 t0_us=261265243183 t1_us=261265243184 dur_us=1
FIG8_ATTENTION_EVENT mode=scna-fp16 layout=serial phase=warmup iteration=0 component=scna_exp component_id=9 lut_exp=0 scna_layout=0 scna_width=8 qo_len=4 kv_len=4096 n_heads=12 n_kv_heads=2 head_dim=128 kv_head=0 worker=0 block_r=8 block_c=1280 t0_us=261265243185 t1_us=261265243186 dur_us=1
FIG8_ATTENTION_EVENT mode=scna-fp16 layout=serial phase=warmup iteration=0 component=scna_exp component_id=9 lut_exp=0 scna_layout=0 scna_width=8 qo_len=4 kv_len=4096 n_heads=12 n_kv_heads=2 head_dim=128 kv_head=0 worker=0 block_r=10 block_c=1280 t0_us=261265243187 t1_us=261265243188 dur_us=1
FIG8_ATTENTION_EVENT mode=scna-fp16 layout=serial phase=warmup iteration=0 component=scna_exp component_id=9 lut_exp=0 scna_layout=0 scna_width=8 qo_len=4 kv_len=4096 n_heads=12 n_kv_heads=2 head_dim=128 kv_head=0 worker=0 block_r=12 block_c=1280 t0_us=261265243189 t1_us=261265243191 dur_us=1
FIG8_ATTENTION_EVENT mode=scna-fp16 layout=serial phase=warmup iteration=0 component=scna_exp component_id=9 lut_exp=0 scna_layout=0 scna_width=8 qo_len=4 kv_len=4096 n_heads=12 n_kv_heads=2 head_dim=128 kv_head=0 worker=0 block_r=14 block_c=1280 t0_us=261265243191 t1_us=261265243193 dur_us=1
FIG8_ATTENTION_EVENT mode=scna-fp16 layout=serial phase=warmup iteration=0 component=scna_exp component_id=9 lut_exp=0 scna_layout=0 scna_width=8 qo_len=4 kv_len=4096 n_heads=12 n_kv_heads=2 head_dim=128 kv_head=0 worker=0 block_r=16 block_c=1280 t0_us=261265243193 t1_us=261265243195 dur_us=1
FIG8_ATTENTION_EVENT mode=scna-fp16 layout=serial phase=warmup iteration=0 component=scna_exp component_id=9 lut_exp=0 scna_layout=0 scna_width=8 qo_len=4 kv_len=4096 n_heads=12 n_kv_heads=2 head_dim=128 kv_head=0 worker=0 block_r=18 block_c=1280 t0_us=261265243196 t1_us=261265243198 dur_us=1
FIG8_ATTENTION_EVENT mode=scna-fp16 layout=serial phase=warmup iteration=0 component=scna_exp component_id=9 lut_exp=0 scna_layout=0 scna_width=8 qo_len=4 kv_len=4096 n_heads=12 n_kv_heads=2 head_dim=128 kv_head=0 worker=0 block_r=20 block_c=1280 t0_us=261265243198 t1_us=261265243200 dur_us=1
FIG8_ATTENTION_EVENT mode=scna-fp16 layout=serial phase=warmup iteration=0 component=scna_exp component_id=9 lut_exp=0 scna_layout=0 scna_width=8 qo_len=4 kv_len=4096 n_heads=12 n_kv_heads=2 head_dim=128 kv_head=0 worker=0 block_r=22 block_c=1280 t0_us=261265243200 t1_us=261265243202 dur_us=1
FIG8_ATTENTION_EVENT mode=scna-fp16 layout=serial phase=warmup iteration=0 component=safe_sm component_id=5 lut_exp=0 scna_layout=0 scna_width=8 qo_len=4 kv_len=4096 n_heads=12 n_kv_heads=2 head_dim=128 kv_head=0 worker=0 block_r=0 block_c=1280 t0_us=261265243174 t1_us=261265243202 dur_us=27
FIG8_ATTENTION_EVENT mode=scna-fp16 layout=serial phase=warmup iteration=0 component=v_load component_id=3 lut_exp=0 scna_layout=0 scna_width=8 qo_len=4 kv_len=4096 n_heads=12 n_kv_heads=2 head_dim=128 kv_head=0 worker=0 block_r=0 block_c=1280 t0_us=261265243202 t1_us=261265243230 dur_us=27
FIG8_ATTENTION_EVENT mode=scna-fp16 layout=serial phase=warmup iteration=0 component=scna_exp component_id=9 lut_exp=0 scna_layout=0 scna_width=8 qo_len=4 kv_len=4096 n_heads=12 n_kv_heads=2 head_dim=128 kv_head=0 worker=0 block_r=0 block_c=1280 t0_us=261265243230 t1_us=261265243230 dur_us=0
FIG8_ATTENTION_EVENT mode=scna-fp16 layout=serial phase=warmup iteration=0 component=core_acc component_id=6 lut_exp=0 scna_layout=0 scna_width=8 qo_len=4 kv_len=4096 n_heads=12 n_kv_heads=2 head_dim=128 kv_head=0 worker=0 block_r=0 block_c=1280 t0_us=261265243230 t1_us=261265243230 dur_us=0
FIG8_ATTENTION_EVENT mode=scna-fp16 layout=serial phase=warmup iteration=0 component=k_load component_id=2 lut_exp=0 scna_layout=0 scna_width=8 qo_len=4 kv_len=4096 n_heads=12 n_kv_heads=2 head_dim=128 kv_head=0 worker=0 block_r=0 block_c=2560 t0_us=261265243230 t1_us=261265243251 dur_us=20
FIG8_ATTENTION_EVENT mode=scna-fp16 layout=serial phase=warmup iteration=0 component=qk_dot component_id=4 lut_exp=0 scna_layout=0 scna_width=8 qo_len=4 kv_len=4096 n_heads=12 n_kv_heads=2 head_dim=128 kv_head=0 worker=0 block_r=0 block_c=2560 t0_us=261265243251 t1_us=261265243251 dur_us=0
FIG8_ATTENTION_EVENT mode=scna-fp16 layout=serial phase=warmup iteration=0 component=scna_exp component_id=9 lut_exp=0 scna_layout=0 scna_width=8 qo_len=4 kv_len=4096 n_heads=12 n_kv_heads=2 head_dim=128 kv_head=0 worker=0 block_r=0 block_c=2560 t0_us=261265243253 t1_us=261265243254 dur_us=1
FIG8_ATTENTION_EVENT mode=scna-fp16 layout=serial phase=warmup iteration=0 component=scna_exp component_id=9 lut_exp=0 scna_layout=0 scna_width=8 qo_len=4 kv_len=4096 n_heads=12 n_kv_heads=2 head_dim=128 kv_head=0 worker=0 block_r=2 block_c=2560 t0_us=261265243255 t1_us=261265243256 dur_us=1
FIG8_ATTENTION_EVENT mode=scna-fp16 layout=serial phase=warmup iteration=0 component=scna_exp component_id=9 lut_exp=0 scna_layout=0 scna_width=8 qo_len=4 kv_len=4096 n_heads=12 n_kv_heads=2 head_dim=128 kv_head=0 worker=0 block_r=4 block_c=2560 t0_us=261265243257 t1_us=261265243258 dur_us=1
FIG8_ATTENTION_EVENT mode=scna-fp16 layout=serial phase=warmup iteration=0 component=scna_exp component_id=9 lut_exp=0 scna_layout=0 scna_width=8 qo_len=4 kv_len=4096 n_heads=12 n_kv_heads=2 head_dim=128 kv_head=0 worker=0 block_r=6 block_c=2560 t0_us=261265243260 t1_us=261265243261 dur_us=1
FIG8_ATTENTION_EVENT mode=scna-fp16 layout=serial phase=warmup iteration=0 component=scna_exp component_id=9 lut_exp=0 scna_layout=0 scna_width=8 qo_len=4 kv_len=4096 n_heads=12 n_kv_heads=2 head_dim=128 kv_head=0 worker=0 block_r=8 block_c=2560 t0_us=261265243262 t1_us=261265243263 dur_us=1
FIG8_ATTENTION_EVENT mode=scna-fp16 layout=serial phase=warmup iteration=0 component=scna_exp component_id=9 lut_exp=0 scna_layout=0 scna_width=8 qo_len=4 kv_len=4096 n_heads=12 n_kv_heads=2 head_dim=128 kv_head=0 worker=0 block_r=10 block_c=2560 t0_us=261265243263 t1_us=261265243265 dur_us=1
FIG8_ATTENTION_EVENT mode=scna-fp16 layout=serial phase=warmup iteration=0 component=scna_exp component_id=9 lut_exp=0 scna_layout=0 scna_width=8 qo_len=4 kv_len=4096 n_heads=12 n_kv_heads=2 head_dim=128 kv_head=0 worker=0 block_r=12 block_c=2560 t0_us=261265243266 t1_us=261265243268 dur_us=1
FIG8_ATTENTION_EVENT mode=scna-fp16 layout=serial phase=warmup iteration=0 component=scna_exp component_id=9 lut_exp=0 scna_layout=0 scna_width=8 qo_len=4 kv_len=4096 n_heads=12 n_kv_heads=2 head_dim=128 kv_head=0 worker=0 block_r=14 block_c=2560 t0_us=261265243268 t1_us=261265243270 dur_us=1
FIG8_ATTENTION_EVENT mode=scna-fp16 layout=serial phase=warmup iteration=0 component=scna_exp component_id=9 lut_exp=0 scna_layout=0 scna_width=8 qo_len=4 kv_len=4096 n_heads=12 n_kv_heads=2 head_dim=128 kv_head=0 worker=0 block_r=16 block_c=2560 t0_us=261265243270 t1_us=261265243272 dur_us=1
FIG8_ATTENTION_EVENT mode=scna-fp16 layout=serial phase=warmup iteration=0 component=scna_exp component_id=9 lut_exp=0 scna_layout=0 scna_width=8 qo_len=4 kv_len=4096 n_heads=12 n_kv_heads=2 head_dim=128 kv_head=0 worker=0 block_r=18 block_c=2560 t0_us=261265243273 t1_us=261265243275 dur_us=1
FIG8_ATTENTION_EVENT mode=scna-fp16 layout=serial phase=warmup iteration=0 component=scna_exp component_id=9 lut_exp=0 scna_layout=0 scna_width=8 qo_len=4 kv_len=4096 n_heads=12 n_kv_heads=2 head_dim=128 kv_head=0 worker=0 block_r=20 block_c=2560 t0_us=261265243275 t1_us=261265243277 dur_us=1
FIG8_ATTENTION_EVENT mode=scna-fp16 layout=serial phase=warmup iteration=0 component=scna_exp component_id=9 lut_exp=0 scna_layout=0 scna_width=8 qo_len=4 kv_len=4096 n_heads=12 n_kv_heads=2 head_dim=128 kv_head=0 worker=0 block_r=22 block_c=2560 t0_us=261265243277 t1_us=261265243279 dur_us=1
FIG8_ATTENTION_EVENT mode=scna-fp16 layout=serial phase=warmup iteration=0 component=safe_sm component_id=5 lut_exp=0 scna_layout=0 scna_width=8 qo_len=4 kv_len=4096 n_heads=12 n_kv_heads=2 head_dim=128 kv_head=0 worker=0 block_r=0 block_c=2560 t0_us=261265243251 t1_us=261265243279 dur_us=27
FIG8_ATTENTION_EVENT mode=scna-fp16 layout=serial phase=warmup iteration=0 component=v_load component_id=3 lut_exp=0 scna_layout=0 scna_width=8 qo_len=4 kv_len=4096 n_heads=12 n_kv_heads=2 head_dim=128 kv_head=0 worker=0 block_r=0 block_c=2560 t0_us=261265243279 t1_us=261265243306 dur_us=27
FIG8_ATTENTION_EVENT mode=scna-fp16 layout=serial phase=warmup iteration=0 component=scna_exp component_id=9 lut_exp=0 scna_layout=0 scna_width=8 qo_len=4 kv_len=4096 n_heads=12 n_kv_heads=2 head_dim=128 kv_head=0 worker=0 block_r=0 block_c=2560 t0_us=261265243306 t1_us=261265243306 dur_us=0
FIG8_ATTENTION_EVENT mode=scna-fp16 layout=serial phase=warmup iteration=0 component=core_acc component_id=6 lut_exp=0 scna_layout=0 scna_width=8 qo_len=4 kv_len=4096 n_heads=12 n_kv_heads=2 head_dim=128 kv_head=0 worker=0 block_r=0 block_c=2560 t0_us=261265243306 t1_us=261265243306 dur_us=0
FIG8_ATTENTION_EVENT mode=scna-fp16 layout=serial phase=warmup iteration=0 component=k_load component_id=2 lut_exp=0 scna_layout=0 scna_width=8 qo_len=4 kv_len=4096 n_heads=12 n_kv_heads=2 head_dim=128 kv_head=0 worker=0 block_r=0 block_c=3840 t0_us=261265243306 t1_us=261265243310 dur_us=3
FIG8_ATTENTION_EVENT mode=scna-fp16 layout=serial phase=warmup iteration=0 component=qk_dot component_id=4 lut_exp=0 scna_layout=0 scna_width=8 qo_len=4 kv_len=4096 n_heads=12 n_kv_heads=2 head_dim=128 kv_head=0 worker=0 block_r=0 block_c=3840 t0_us=261265243310 t1_us=261265243310 dur_us=0
FIG8_ATTENTION_EVENT mode=scna-fp16 layout=serial phase=warmup iteration=0 component=scna_exp component_id=9 lut_exp=0 scna_layout=0 scna_width=8 qo_len=4 kv_len=4096 n_heads=12 n_kv_heads=2 head_dim=128 kv_head=0 worker=0 block_r=0 block_c=3840 t0_us=261265243311 t1_us=261265243311 dur_us=0
FIG8_ATTENTION_EVENT mode=scna-fp16 layout=serial phase=warmup iteration=0 component=scna_exp component_id=9 lut_exp=0 scna_layout=0 scna_width=8 qo_len=4 kv_len=4096 n_heads=12 n_kv_heads=2 head_dim=128 kv_head=0 worker=0 block_r=2 block_c=3840 t0_us=261265243311 t1_us=261265243312 dur_us=0
FIG8_ATTENTION_EVENT mode=scna-fp16 layout=serial phase=warmup iteration=0 component=scna_exp component_id=9 lut_exp=0 scna_layout=0 scna_width=8 qo_len=4 kv_len=4096 n_heads=12 n_kv_heads=2 head_dim=128 kv_head=0 worker=0 block_r=4 block_c=3840 t0_us=261265243312 t1_us=261265243312 dur_us=0
FIG8_ATTENTION_EVENT mode=scna-fp16 layout=serial phase=warmup iteration=0 component=scna_exp component_id=9 lut_exp=0 scna_layout=0 scna_width=8 qo_len=4 kv_len=4096 n_heads=12 n_kv_heads=2 head_dim=128 kv_head=0 worker=0 block_r=6 block_c=3840 t0_us=261265243313 t1_us=261265243313 dur_us=0
FIG8_ATTENTION_EVENT mode=scna-fp16 layout=serial phase=warmup iteration=0 component=scna_exp component_id=9 lut_exp=0 scna_layout=0 scna_width=8 qo_len=4 kv_len=4096 n_heads=12 n_kv_heads=2 head_dim=128 kv_head=0 worker=0 block_r=8 block_c=3840 t0_us=261265243313 t1_us=261265243314 dur_us=0
FIG8_ATTENTION_EVENT mode=scna-fp16 layout=serial phase=warmup iteration=0 component=scna_exp component_id=9 lut_exp=0 scna_layout=0 scna_width=8 qo_len=4 kv_len=4096 n_heads=12 n_kv_heads=2 head_dim=128 kv_head=0 worker=0 block_r=10 block_c=3840 t0_us=261265243314 t1_us=261265243314 dur_us=0
FIG8_ATTENTION_EVENT mode=scna-fp16 layout=serial phase=warmup iteration=0 component=scna_exp component_id=9 lut_exp=0 scna_layout=0 scna_width=8 qo_len=4 kv_len=4096 n_heads=12 n_kv_heads=2 head_dim=128 kv_head=0 worker=0 block_r=12 block_c=3840 t0_us=261265243315 t1_us=261265243315 dur_us=0
FIG8_ATTENTION_EVENT mode=scna-fp16 layout=serial phase=warmup iteration=0 component=scna_exp component_id=9 lut_exp=0 scna_layout=0 scna_width=8 qo_len=4 kv_len=4096 n_heads=12 n_kv_heads=2 head_dim=128 kv_head=0 worker=0 block_r=14 block_c=3840 t0_us=261265243315 t1_us=261265243316 dur_us=0
FIG8_ATTENTION_EVENT mode=scna-fp16 layout=serial phase=warmup iteration=0 component=scna_exp component_id=9 lut_exp=0 scna_layout=0 scna_width=8 qo_len=4 kv_len=4096 n_heads=12 n_kv_heads=2 head_dim=128 kv_head=0 worker=0 block_r=16 block_c=3840 t0_us=261265243316 t1_us=261265243316 dur_us=0
FIG8_ATTENTION_EVENT mode=scna-fp16 layout=serial phase=warmup iteration=0 component=scna_exp component_id=9 lut_exp=0 scna_layout=0 scna_width=8 qo_len=4 kv_len=4096 n_heads=12 n_kv_heads=2 head_dim=128 kv_head=0 worker=0 block_r=18 block_c=3840 t0_us=261265243317 t1_us=261265243317 dur_us=0
FIG8_ATTENTION_EVENT mode=scna-fp16 layout=serial phase=warmup iteration=0 component=scna_exp component_id=9 lut_exp=0 scna_layout=0 scna_width=8 qo_len=4 kv_len=4096 n_heads=12 n_kv_heads=2 head_dim=128 kv_head=0 worker=0 block_r=20 block_c=3840 t0_us=261265243318 t1_us=261265243318 dur_us=0
FIG8_ATTENTION_EVENT mode=scna-fp16 layout=serial phase=warmup iteration=0 component=scna_exp component_id=9 lut_exp=0 scna_layout=0 scna_width=8 qo_len=4 kv_len=4096 n_heads=12 n_kv_heads=2 head_dim=128 kv_head=0 worker=0 block_r=22 block_c=3840 t0_us=261265243318 t1_us=261265243318 dur_us=0
FIG8_ATTENTION_EVENT mode=scna-fp16 layout=serial phase=warmup iteration=0 component=safe_sm component_id=5 lut_exp=0 scna_layout=0 scna_width=8 qo_len=4 kv_len=4096 n_heads=12 n_kv_heads=2 head_dim=128 kv_head=0 worker=0 block_r=0 block_c=3840 t0_us=261265243310 t1_us=261265243319 dur_us=8
FIG8_ATTENTION_EVENT mode=scna-fp16 layout=serial phase=warmup iteration=0 component=v_load component_id=3 lut_exp=0 scna_layout=0 scna_width=8 qo_len=4 kv_len=4096 n_heads=12 n_kv_heads=2 head_dim=128 kv_head=0 worker=0 block_r=0 block_c=3840 t0_us=261265243319 t1_us=261265243321 dur_us=2
FIG8_ATTENTION_EVENT mode=scna-fp16 layout=serial phase=warmup iteration=0 component=scna_exp component_id=9 lut_exp=0 scna_layout=0 scna_width=8 qo_len=4 kv_len=4096 n_heads=12 n_kv_heads=2 head_dim=128 kv_head=0 worker=0 block_r=0 block_c=3840 t0_us=261265243321 t1_us=261265243321 dur_us=0
FIG8_ATTENTION_EVENT mode=scna-fp16 layout=serial phase=warmup iteration=0 component=core_acc component_id=6 lut_exp=0 scna_layout=0 scna_width=8 qo_len=4 kv_len=4096 n_heads=12 n_kv_heads=2 head_dim=128 kv_head=0 worker=0 block_r=0 block_c=3840 t0_us=261265243321 t1_us=261265243321 dur_us=0
FIG8_ATTENTION_EVENT mode=scna-fp16 layout=serial phase=warmup iteration=0 component=o_scale component_id=7 lut_exp=0 scna_layout=0 scna_width=8 qo_len=4 kv_len=4096 n_heads=12 n_kv_heads=2 head_dim=128 kv_head=0 worker=0 block_r=0 block_c=-1 t0_us=261265243321 t1_us=261265243322 dur_us=1
FIG8_ATTENTION_EVENT mode=scna-fp16 layout=serial phase=warmup iteration=0 component=o_store component_id=8 lut_exp=0 scna_layout=0 scna_width=8 qo_len=4 kv_len=4096 n_heads=12 n_kv_heads=2 head_dim=128 kv_head=0 worker=0 block_r=0 block_c=-1 t0_us=261265243323 t1_us=261265243325 dur_us=2
FIG8_ATTENTION_EVENT mode=scna-fp16 layout=serial phase=warmup iteration=0 component=q_load component_id=1 lut_exp=0 scna_layout=0 scna_width=8 qo_len=4 kv_len=4096 n_heads=12 n_kv_heads=2 head_dim=128 kv_head=1 worker=0 block_r=0 block_c=-1 t0_us=261265243365 t1_us=261265243367 dur_us=1
FIG8_ATTENTION_EVENT mode=scna-fp16 layout=serial phase=warmup iteration=0 component=k_load component_id=2 lut_exp=0 scna_layout=0 scna_width=8 qo_len=4 kv_len=4096 n_heads=12 n_kv_heads=2 head_dim=128 kv_head=1 worker=0 block_r=0 block_c=0 t0_us=261265243368 t1_us=261265243389 dur_us=21
FIG8_ATTENTION_EVENT mode=scna-fp16 layout=serial phase=warmup iteration=0 component=qk_dot component_id=4 lut_exp=0 scna_layout=0 scna_width=8 qo_len=4 kv_len=4096 n_heads=12 n_kv_heads=2 head_dim=128 kv_head=1 worker=0 block_r=0 block_c=0 t0_us=261265243390 t1_us=261265243391 dur_us=1
FIG8_ATTENTION_EVENT mode=scna-fp16 layout=serial phase=warmup iteration=0 component=scna_exp component_id=9 lut_exp=0 scna_layout=0 scna_width=8 qo_len=4 kv_len=4096 n_heads=12 n_kv_heads=2 head_dim=128 kv_head=1 worker=0 block_r=0 block_c=0 t0_us=261265243393 t1_us=261265243396 dur_us=2
FIG8_ATTENTION_EVENT mode=scna-fp16 layout=serial phase=warmup iteration=0 component=scna_exp component_id=9 lut_exp=0 scna_layout=0 scna_width=8 qo_len=4 kv_len=4096 n_heads=12 n_kv_heads=2 head_dim=128 kv_head=1 worker=0 block_r=2 block_c=0 t0_us=261265243397 t1_us=261265243399 dur_us=1
FIG8_ATTENTION_EVENT mode=scna-fp16 layout=serial phase=warmup iteration=0 component=scna_exp component_id=9 lut_exp=0 scna_layout=0 scna_width=8 qo_len=4 kv_len=4096 n_heads=12 n_kv_heads=2 head_dim=128 kv_head=1 worker=0 block_r=4 block_c=0 t0_us=261265243399 t1_us=261265243401 dur_us=1
FIG8_ATTENTION_EVENT mode=scna-fp16 layout=serial phase=warmup iteration=0 component=scna_exp component_id=9 lut_exp=0 scna_layout=0 scna_width=8 qo_len=4 kv_len=4096 n_heads=12 n_kv_heads=2 head_dim=128 kv_head=1 worker=0 block_r=6 block_c=0 t0_us=261265243402 t1_us=261265243404 dur_us=1
FIG8_ATTENTION_EVENT mode=scna-fp16 layout=serial phase=warmup iteration=0 component=scna_exp component_id=9 lut_exp=0 scna_layout=0 scna_width=8 qo_len=4 kv_len=4096 n_heads=12 n_kv_heads=2 head_dim=128 kv_head=1 worker=0 block_r=8 block_c=0 t0_us=261265243404 t1_us=261265243405 dur_us=1
FIG8_ATTENTION_EVENT mode=scna-fp16 layout=serial phase=warmup iteration=0 component=scna_exp component_id=9 lut_exp=0 scna_layout=0 scna_width=8 qo_len=4 kv_len=4096 n_heads=12 n_kv_heads=2 head_dim=128 kv_head=1 worker=0 block_r=10 block_c=0 t0_us=261265243406 t1_us=261265243407 dur_us=1
FIG8_ATTENTION_EVENT mode=scna-fp16 layout=serial phase=warmup iteration=0 component=scna_exp component_id=9 lut_exp=0 scna_layout=0 scna_width=8 qo_len=4 kv_len=4096 n_heads=12 n_kv_heads=2 head_dim=128 kv_head=1 worker=0 block_r=12 block_c=0 t0_us=261265243409 t1_us=261265243410 dur_us=1
FIG8_ATTENTION_EVENT mode=scna-fp16 layout=serial phase=warmup iteration=0 component=scna_exp component_id=9 lut_exp=0 scna_layout=0 scna_width=8 qo_len=4 kv_len=4096 n_heads=12 n_kv_heads=2 head_dim=128 kv_head=1 worker=0 block_r=14 block_c=0 t0_us=261265243411 t1_us=261265243412 dur_us=1
FIG8_ATTENTION_EVENT mode=scna-fp16 layout=serial phase=warmup iteration=0 component=scna_exp component_id=9 lut_exp=0 scna_layout=0 scna_width=8 qo_len=4 kv_len=4096 n_heads=12 n_kv_heads=2 head_dim=128 kv_head=1 worker=0 block_r=16 block_c=0 t0_us=261265243413 t1_us=261265243414 dur_us=1
FIG8_ATTENTION_EVENT mode=scna-fp16 layout=serial phase=warmup iteration=0 component=scna_exp component_id=9 lut_exp=0 scna_layout=0 scna_width=8 qo_len=4 kv_len=4096 n_heads=12 n_kv_heads=2 head_dim=128 kv_head=1 worker=0 block_r=18 block_c=0 t0_us=261265243415 t1_us=261265243417 dur_us=1
FIG8_ATTENTION_EVENT mode=scna-fp16 layout=serial phase=warmup iteration=0 component=scna_exp component_id=9 lut_exp=0 scna_layout=0 scna_width=8 qo_len=4 kv_len=4096 n_heads=12 n_kv_heads=2 head_dim=128 kv_head=1 worker=0 block_r=20 block_c=0 t0_us=261265243417 t1_us=261265243419 dur_us=1
FIG8_ATTENTION_EVENT mode=scna-fp16 layout=serial phase=warmup iteration=0 component=scna_exp component_id=9 lut_exp=0 scna_layout=0 scna_width=8 qo_len=4 kv_len=4096 n_heads=12 n_kv_heads=2 head_dim=128 kv_head=1 worker=0 block_r=22 block_c=0 t0_us=261265243419 t1_us=261265243421 dur_us=1
FIG8_ATTENTION_EVENT mode=scna-fp16 layout=serial phase=warmup iteration=0 component=safe_sm component_id=5 lut_exp=0 scna_layout=0 scna_width=8 qo_len=4 kv_len=4096 n_heads=12 n_kv_heads=2 head_dim=128 kv_head=1 worker=0 block_r=0 block_c=0 t0_us=261265243391 t1_us=261265243421 dur_us=29
FIG8_ATTENTION_EVENT mode=scna-fp16 layout=serial phase=warmup iteration=0 component=v_load component_id=3 lut_exp=0 scna_layout=0 scna_width=8 qo_len=4 kv_len=4096 n_heads=12 n_kv_heads=2 head_dim=128 kv_head=1 worker=0 block_r=0 block_c=0 t0_us=261265243421 t1_us=261265243441 dur_us=19
FIG8_ATTENTION_EVENT mode=scna-fp16 layout=serial phase=warmup iteration=0 component=scna_exp component_id=9 lut_exp=0 scna_layout=0 scna_width=8 qo_len=4 kv_len=4096 n_heads=12 n_kv_heads=2 head_dim=128 kv_head=1 worker=0 block_r=0 block_c=0 t0_us=261265243442 t1_us=261265243442 dur_us=0
FIG8_ATTENTION_EVENT mode=scna-fp16 layout=serial phase=warmup iteration=0 component=core_acc component_id=6 lut_exp=0 scna_layout=0 scna_width=8 qo_len=4 kv_len=4096 n_heads=12 n_kv_heads=2 head_dim=128 kv_head=1 worker=0 block_r=0 block_c=0 t0_us=261265243441 t1_us=261265243444 dur_us=3
FIG8_ATTENTION_EVENT mode=scna-fp16 layout=serial phase=warmup iteration=0 component=k_load component_id=2 lut_exp=0 scna_layout=0 scna_width=8 qo_len=4 kv_len=4096 n_heads=12 n_kv_heads=2 head_dim=128 kv_head=1 worker=0 block_r=0 block_c=1280 t0_us=261265243445 t1_us=261265243467 dur_us=21
FIG8_ATTENTION_EVENT mode=scna-fp16 layout=serial phase=warmup iteration=0 component=qk_dot component_id=4 lut_exp=0 scna_layout=0 scna_width=8 qo_len=4 kv_len=4096 n_heads=12 n_kv_heads=2 head_dim=128 kv_head=1 worker=0 block_r=0 block_c=1280 t0_us=261265243467 t1_us=261265243468 dur_us=0
FIG8_ATTENTION_EVENT mode=scna-fp16 layout=serial phase=warmup iteration=0 component=scna_exp component_id=9 lut_exp=0 scna_layout=0 scna_width=8 qo_len=4 kv_len=4096 n_heads=12 n_kv_heads=2 head_dim=128 kv_head=1 worker=0 block_r=0 block_c=1280 t0_us=261265243469 t1_us=261265243470 dur_us=1
FIG8_ATTENTION_EVENT mode=scna-fp16 layout=serial phase=warmup iteration=0 component=scna_exp component_id=9 lut_exp=0 scna_layout=0 scna_width=8 qo_len=4 kv_len=4096 n_heads=12 n_kv_heads=2 head_dim=128 kv_head=1 worker=0 block_r=2 block_c=1280 t0_us=261265243471 t1_us=261265243472 dur_us=1
FIG8_ATTENTION_EVENT mode=scna-fp16 layout=serial phase=warmup iteration=0 component=scna_exp component_id=9 lut_exp=0 scna_layout=0 scna_width=8 qo_len=4 kv_len=4096 n_heads=12 n_kv_heads=2 head_dim=128 kv_head=1 worker=0 block_r=4 block_c=1280 t0_us=261265243473 t1_us=261265243474 dur_us=1
FIG8_ATTENTION_EVENT mode=scna-fp16 layout=serial phase=warmup iteration=0 component=scna_exp component_id=9 lut_exp=0 scna_layout=0 scna_width=8 qo_len=4 kv_len=4096 n_heads=12 n_kv_heads=2 head_dim=128 kv_head=1 worker=0 block_r=6 block_c=1280 t0_us=261265243476 t1_us=261265243477 dur_us=1
FIG8_ATTENTION_EVENT mode=scna-fp16 layout=serial phase=warmup iteration=0 component=scna_exp component_id=9 lut_exp=0 scna_layout=0 scna_width=8 qo_len=4 kv_len=4096 n_heads=12 n_kv_heads=2 head_dim=128 kv_head=1 worker=0 block_r=8 block_c=1280 t0_us=261265243478 t1_us=261265243479 dur_us=1
FIG8_ATTENTION_EVENT mode=scna-fp16 layout=serial phase=warmup iteration=0 component=scna_exp component_id=9 lut_exp=0 scna_layout=0 scna_width=8 qo_len=4 kv_len=4096 n_heads=12 n_kv_heads=2 head_dim=128 kv_head=1 worker=0 block_r=10 block_c=1280 t0_us=261265243480 t1_us=261265243481 dur_us=1
FIG8_ATTENTION_EVENT mode=scna-fp16 layout=serial phase=warmup iteration=0 component=scna_exp component_id=9 lut_exp=0 scna_layout=0 scna_width=8 qo_len=4 kv_len=4096 n_heads=12 n_kv_heads=2 head_dim=128 kv_head=1 worker=0 block_r=12 block_c=1280 t0_us=261265243482 t1_us=261265243484 dur_us=1
FIG8_ATTENTION_EVENT mode=scna-fp16 layout=serial phase=warmup iteration=0 component=scna_exp component_id=9 lut_exp=0 scna_layout=0 scna_width=8 qo_len=4 kv_len=4096 n_heads=12 n_kv_heads=2 head_dim=128 kv_head=1 worker=0 block_r=14 block_c=1280 t0_us=261265243484 t1_us=261265243486 dur_us=1
FIG8_ATTENTION_EVENT mode=scna-fp16 layout=serial phase=warmup iteration=0 component=scna_exp component_id=9 lut_exp=0 scna_layout=0 scna_width=8 qo_len=4 kv_len=4096 n_heads=12 n_kv_heads=2 head_dim=128 kv_head=1 worker=0 block_r=16 block_c=1280 t0_us=261265243486 t1_us=261265243488 dur_us=1
FIG8_ATTENTION_EVENT mode=scna-fp16 layout=serial phase=warmup iteration=0 component=scna_exp component_id=9 lut_exp=0 scna_layout=0 scna_width=8 qo_len=4 kv_len=4096 n_heads=12 n_kv_heads=2 head_dim=128 kv_head=1 worker=0 block_r=18 block_c=1280 t0_us=261265243489 t1_us=261265243491 dur_us=1
FIG8_ATTENTION_EVENT mode=scna-fp16 layout=serial phase=warmup iteration=0 component=scna_exp component_id=9 lut_exp=0 scna_layout=0 scna_width=8 qo_len=4 kv_len=4096 n_heads=12 n_kv_heads=2 head_dim=128 kv_head=1 worker=0 block_r=20 block_c=1280 t0_us=261265243491 t1_us=261265243493 dur_us=1
FIG8_ATTENTION_EVENT mode=scna-fp16 layout=serial phase=warmup iteration=0 component=scna_exp component_id=9 lut_exp=0 scna_layout=0 scna_width=8 qo_len=4 kv_len=4096 n_heads=12 n_kv_heads=2 head_dim=128 kv_head=1 worker=0 block_r=22 block_c=1280 t0_us=261265243493 t1_us=261265243495 dur_us=1
FIG8_ATTENTION_EVENT mode=scna-fp16 layout=serial phase=warmup iteration=0 component=safe_sm component_id=5 lut_exp=0 scna_layout=0 scna_width=8 qo_len=4 kv_len=4096 n_heads=12 n_kv_heads=2 head_dim=128 kv_head=1 worker=0 block_r=0 block_c=1280 t0_us=261265243468 t1_us=261265243495 dur_us=27
FIG8_ATTENTION_EVENT mode=scna-fp16 layout=serial phase=warmup iteration=0 component=v_load component_id=3 lut_exp=0 scna_layout=0 scna_width=8 qo_len=4 kv_len=4096 n_heads=12 n_kv_heads=2 head_dim=128 kv_head=1 worker=0 block_r=0 block_c=1280 t0_us=261265243495 t1_us=261265243518 dur_us=23
FIG8_ATTENTION_EVENT mode=scna-fp16 layout=serial phase=warmup iteration=0 component=scna_exp component_id=9 lut_exp=0 scna_layout=0 scna_width=8 qo_len=4 kv_len=4096 n_heads=12 n_kv_heads=2 head_dim=128 kv_head=1 worker=0 block_r=0 block_c=1280 t0_us=261265243518 t1_us=261265243518 dur_us=0
FIG8_ATTENTION_EVENT mode=scna-fp16 layout=serial phase=warmup iteration=0 component=core_acc component_id=6 lut_exp=0 scna_layout=0 scna_width=8 qo_len=4 kv_len=4096 n_heads=12 n_kv_heads=2 head_dim=128 kv_head=1 worker=0 block_r=0 block_c=1280 t0_us=261265243518 t1_us=261265243518 dur_us=0
FIG8_ATTENTION_EVENT mode=scna-fp16 layout=serial phase=warmup iteration=0 component=k_load component_id=2 lut_exp=0 scna_layout=0 scna_width=8 qo_len=4 kv_len=4096 n_heads=12 n_kv_heads=2 head_dim=128 kv_head=1 worker=0 block_r=0 block_c=2560 t0_us=261265243519 t1_us=261265243539 dur_us=20
FIG8_ATTENTION_EVENT mode=scna-fp16 layout=serial phase=warmup iteration=0 component=qk_dot component_id=4 lut_exp=0 scna_layout=0 scna_width=8 qo_len=4 kv_len=4096 n_heads=12 n_kv_heads=2 head_dim=128 kv_head=1 worker=0 block_r=0 block_c=2560 t0_us=261265243539 t1_us=261265243540 dur_us=0
FIG8_ATTENTION_EVENT mode=scna-fp16 layout=serial phase=warmup iteration=0 component=scna_exp component_id=9 lut_exp=0 scna_layout=0 scna_width=8 qo_len=4 kv_len=4096 n_heads=12 n_kv_heads=2 head_dim=128 kv_head=1 worker=0 block_r=0 block_c=2560 t0_us=261265243541 t1_us=261265243543 dur_us=1
FIG8_ATTENTION_EVENT mode=scna-fp16 layout=serial phase=warmup iteration=0 component=scna_exp component_id=9 lut_exp=0 scna_layout=0 scna_width=8 qo_len=4 kv_len=4096 n_heads=12 n_kv_heads=2 head_dim=128 kv_head=1 worker=0 block_r=2 block_c=2560 t0_us=261265243544 t1_us=261265243545 dur_us=1
FIG8_ATTENTION_EVENT mode=scna-fp16 layout=serial phase=warmup iteration=0 component=scna_exp component_id=9 lut_exp=0 scna_layout=0 scna_width=8 qo_len=4 kv_len=4096 n_heads=12 n_kv_heads=2 head_dim=128 kv_head=1 worker=0 block_r=4 block_c=2560 t0_us=261265243546 t1_us=261265243547 dur_us=1
FIG8_ATTENTION_EVENT mode=scna-fp16 layout=serial phase=warmup iteration=0 component=scna_exp component_id=9 lut_exp=0 scna_layout=0 scna_width=8 qo_len=4 kv_len=4096 n_heads=12 n_kv_heads=2 head_dim=128 kv_head=1 worker=0 block_r=6 block_c=2560 t0_us=261265243549 t1_us=261265243550 dur_us=1
FIG8_ATTENTION_EVENT mode=scna-fp16 layout=serial phase=warmup iteration=0 component=scna_exp component_id=9 lut_exp=0 scna_layout=0 scna_width=8 qo_len=4 kv_len=4096 n_heads=12 n_kv_heads=2 head_dim=128 kv_head=1 worker=0 block_r=8 block_c=2560 t0_us=261265243550 t1_us=261265243552 dur_us=1
FIG8_ATTENTION_EVENT mode=scna-fp16 layout=serial phase=warmup iteration=0 component=scna_exp component_id=9 lut_exp=0 scna_layout=0 scna_width=8 qo_len=4 kv_len=4096 n_heads=12 n_kv_heads=2 head_dim=128 kv_head=1 worker=0 block_r=10 block_c=2560 t0_us=261265243552 t1_us=261265243554 dur_us=1
FIG8_ATTENTION_EVENT mode=scna-fp16 layout=serial phase=warmup iteration=0 component=scna_exp component_id=9 lut_exp=0 scna_layout=0 scna_width=8 qo_len=4 kv_len=4096 n_heads=12 n_kv_heads=2 head_dim=128 kv_head=1 worker=0 block_r=12 block_c=2560 t0_us=261265243555 t1_us=261265243557 dur_us=1
FIG8_ATTENTION_EVENT mode=scna-fp16 layout=serial phase=warmup iteration=0 component=scna_exp component_id=9 lut_exp=0 scna_layout=0 scna_width=8 qo_len=4 kv_len=4096 n_heads=12 n_kv_heads=2 head_dim=128 kv_head=1 worker=0 block_r=14 block_c=2560 t0_us=261265243557 t1_us=261265243559 dur_us=1
FIG8_ATTENTION_EVENT mode=scna-fp16 layout=serial phase=warmup iteration=0 component=scna_exp component_id=9 lut_exp=0 scna_layout=0 scna_width=8 qo_len=4 kv_len=4096 n_heads=12 n_kv_heads=2 head_dim=128 kv_head=1 worker=0 block_r=16 block_c=2560 t0_us=261265243559 t1_us=261265243561 dur_us=1
FIG8_ATTENTION_EVENT mode=scna-fp16 layout=serial phase=warmup iteration=0 component=scna_exp component_id=9 lut_exp=0 scna_layout=0 scna_width=8 qo_len=4 kv_len=4096 n_heads=12 n_kv_heads=2 head_dim=128 kv_head=1 worker=0 block_r=18 block_c=2560 t0_us=261265243562 t1_us=261265243564 dur_us=1
FIG8_ATTENTION_EVENT mode=scna-fp16 layout=serial phase=warmup iteration=0 component=scna_exp component_id=9 lut_exp=0 scna_layout=0 scna_width=8 qo_len=4 kv_len=4096 n_heads=12 n_kv_heads=2 head_dim=128 kv_head=1 worker=0 block_r=20 block_c=2560 t0_us=261265243564 t1_us=261265243566 dur_us=1
FIG8_ATTENTION_EVENT mode=scna-fp16 layout=serial phase=warmup iteration=0 component=scna_exp component_id=9 lut_exp=0 scna_layout=0 scna_width=8 qo_len=4 kv_len=4096 n_heads=12 n_kv_heads=2 head_dim=128 kv_head=1 worker=0 block_r=22 block_c=2560 t0_us=261265243566 t1_us=261265243568 dur_us=1
FIG8_ATTENTION_EVENT mode=scna-fp16 layout=serial phase=warmup iteration=0 component=safe_sm component_id=5 lut_exp=0 scna_layout=0 scna_width=8 qo_len=4 kv_len=4096 n_heads=12 n_kv_heads=2 head_dim=128 kv_head=1 worker=0 block_r=0 block_c=2560 t0_us=261265243540 t1_us=261265243568 dur_us=28
FIG8_ATTENTION_EVENT mode=scna-fp16 layout=serial phase=warmup iteration=0 component=v_load component_id=3 lut_exp=0 scna_layout=0 scna_width=8 qo_len=4 kv_len=4096 n_heads=12 n_kv_heads=2 head_dim=128 kv_head=1 worker=0 block_r=0 block_c=2560 t0_us=261265243568 t1_us=261265243593 dur_us=25
FIG8_ATTENTION_EVENT mode=scna-fp16 layout=serial phase=warmup iteration=0 component=scna_exp component_id=9 lut_exp=0 scna_layout=0 scna_width=8 qo_len=4 kv_len=4096 n_heads=12 n_kv_heads=2 head_dim=128 kv_head=1 worker=0 block_r=0 block_c=2560 t0_us=261265243593 t1_us=261265243593 dur_us=0
FIG8_ATTENTION_EVENT mode=scna-fp16 layout=serial phase=warmup iteration=0 component=core_acc component_id=6 lut_exp=0 scna_layout=0 scna_width=8 qo_len=4 kv_len=4096 n_heads=12 n_kv_heads=2 head_dim=128 kv_head=1 worker=0 block_r=0 block_c=2560 t0_us=261265243593 t1_us=261265243594 dur_us=0
FIG8_ATTENTION_EVENT mode=scna-fp16 layout=serial phase=warmup iteration=0 component=k_load component_id=2 lut_exp=0 scna_layout=0 scna_width=8 qo_len=4 kv_len=4096 n_heads=12 n_kv_heads=2 head_dim=128 kv_head=1 worker=0 block_r=0 block_c=3840 t0_us=261265243594 t1_us=261265243598 dur_us=4
FIG8_ATTENTION_EVENT mode=scna-fp16 layout=serial phase=warmup iteration=0 component=qk_dot component_id=4 lut_exp=0 scna_layout=0 scna_width=8 qo_len=4 kv_len=4096 n_heads=12 n_kv_heads=2 head_dim=128 kv_head=1 worker=0 block_r=0 block_c=3840 t0_us=261265243598 t1_us=261265243598 dur_us=0
FIG8_ATTENTION_EVENT mode=scna-fp16 layout=serial phase=warmup iteration=0 component=scna_exp component_id=9 lut_exp=0 scna_layout=0 scna_width=8 qo_len=4 kv_len=4096 n_heads=12 n_kv_heads=2 head_dim=128 kv_head=1 worker=0 block_r=0 block_c=3840 t0_us=261265243599 t1_us=261265243599 dur_us=0
FIG8_ATTENTION_EVENT mode=scna-fp16 layout=serial phase=warmup iteration=0 component=scna_exp component_id=9 lut_exp=0 scna_layout=0 scna_width=8 qo_len=4 kv_len=4096 n_heads=12 n_kv_heads=2 head_dim=128 kv_head=1 worker=0 block_r=2 block_c=3840 t0_us=261265243600 t1_us=261265243600 dur_us=0
FIG8_ATTENTION_EVENT mode=scna-fp16 layout=serial phase=warmup iteration=0 component=scna_exp component_id=9 lut_exp=0 scna_layout=0 scna_width=8 qo_len=4 kv_len=4096 n_heads=12 n_kv_heads=2 head_dim=128 kv_head=1 worker=0 block_r=4 block_c=3840 t0_us=261265243600 t1_us=261265243600 dur_us=0
FIG8_ATTENTION_EVENT mode=scna-fp16 layout=serial phase=warmup iteration=0 component=scna_exp component_id=9 lut_exp=0 scna_layout=0 scna_width=8 qo_len=4 kv_len=4096 n_heads=12 n_kv_heads=2 head_dim=128 kv_head=1 worker=0 block_r=6 block_c=3840 t0_us=261265243601 t1_us=261265243601 dur_us=0
FIG8_ATTENTION_EVENT mode=scna-fp16 layout=serial phase=warmup iteration=0 component=scna_exp component_id=9 lut_exp=0 scna_layout=0 scna_width=8 qo_len=4 kv_len=4096 n_heads=12 n_kv_heads=2 head_dim=128 kv_head=1 worker=0 block_r=8 block_c=3840 t0_us=261265243602 t1_us=261265243602 dur_us=0
FIG8_ATTENTION_EVENT mode=scna-fp16 layout=serial phase=warmup iteration=0 component=scna_exp component_id=9 lut_exp=0 scna_layout=0 scna_width=8 qo_len=4 kv_len=4096 n_heads=12 n_kv_heads=2 head_dim=128 kv_head=1 worker=0 block_r=10 block_c=3840 t0_us=261265243602 t1_us=261265243602 dur_us=0
FIG8_ATTENTION_EVENT mode=scna-fp16 layout=serial phase=warmup iteration=0 component=scna_exp component_id=9 lut_exp=0 scna_layout=0 scna_width=8 qo_len=4 kv_len=4096 n_heads=12 n_kv_heads=2 head_dim=128 kv_head=1 worker=0 block_r=12 block_c=3840 t0_us=261265243603 t1_us=261265243603 dur_us=0
FIG8_ATTENTION_EVENT mode=scna-fp16 layout=serial phase=warmup iteration=0 component=scna_exp component_id=9 lut_exp=0 scna_layout=0 scna_width=8 qo_len=4 kv_len=4096 n_heads=12 n_kv_heads=2 head_dim=128 kv_head=1 worker=0 block_r=14 block_c=3840 t0_us=261265243604 t1_us=261265243604 dur_us=0
FIG8_ATTENTION_EVENT mode=scna-fp16 layout=serial phase=warmup iteration=0 component=scna_exp component_id=9 lut_exp=0 scna_layout=0 scna_width=8 qo_len=4 kv_len=4096 n_heads=12 n_kv_heads=2 head_dim=128 kv_head=1 worker=0 block_r=16 block_c=3840 t0_us=261265243604 t1_us=261265243604 dur_us=0
FIG8_ATTENTION_EVENT mode=scna-fp16 layout=serial phase=warmup iteration=0 component=scna_exp component_id=9 lut_exp=0 scna_layout=0 scna_width=8 qo_len=4 kv_len=4096 n_heads=12 n_kv_heads=2 head_dim=128 kv_head=1 worker=0 block_r=18 block_c=3840 t0_us=261265243605 t1_us=261265243605 dur_us=0
FIG8_ATTENTION_EVENT mode=scna-fp16 layout=serial phase=warmup iteration=0 component=scna_exp component_id=9 lut_exp=0 scna_layout=0 scna_width=8 qo_len=4 kv_len=4096 n_heads=12 n_kv_heads=2 head_dim=128 kv_head=1 worker=0 block_r=20 block_c=3840 t0_us=261265243606 t1_us=261265243606 dur_us=0
FIG8_ATTENTION_EVENT mode=scna-fp16 layout=serial phase=warmup iteration=0 component=scna_exp component_id=9 lut_exp=0 scna_layout=0 scna_width=8 qo_len=4 kv_len=4096 n_heads=12 n_kv_heads=2 head_dim=128 kv_head=1 worker=0 block_r=22 block_c=3840 t0_us=261265243606 t1_us=261265243606 dur_us=0
FIG8_ATTENTION_EVENT mode=scna-fp16 layout=serial phase=warmup iteration=0 component=safe_sm component_id=5 lut_exp=0 scna_layout=0 scna_width=8 qo_len=4 kv_len=4096 n_heads=12 n_kv_heads=2 head_dim=128 kv_head=1 worker=0 block_r=0 block_c=3840 t0_us=261265243599 t1_us=261265243607 dur_us=8
FIG8_ATTENTION_EVENT mode=scna-fp16 layout=serial phase=warmup iteration=0 component=v_load component_id=3 lut_exp=0 scna_layout=0 scna_width=8 qo_len=4 kv_len=4096 n_heads=12 n_kv_heads=2 head_dim=128 kv_head=1 worker=0 block_r=0 block_c=3840 t0_us=261265243607 t1_us=261265243609 dur_us=2
FIG8_ATTENTION_EVENT mode=scna-fp16 layout=serial phase=warmup iteration=0 component=scna_exp component_id=9 lut_exp=0 scna_layout=0 scna_width=8 qo_len=4 kv_len=4096 n_heads=12 n_kv_heads=2 head_dim=128 kv_head=1 worker=0 block_r=0 block_c=3840 t0_us=261265243609 t1_us=261265243609 dur_us=0
FIG8_ATTENTION_EVENT mode=scna-fp16 layout=serial phase=warmup iteration=0 component=core_acc component_id=6 lut_exp=0 scna_layout=0 scna_width=8 qo_len=4 kv_len=4096 n_heads=12 n_kv_heads=2 head_dim=128 kv_head=1 worker=0 block_r=0 block_c=3840 t0_us=261265243609 t1_us=261265243609 dur_us=0
FIG8_ATTENTION_EVENT mode=scna-fp16 layout=serial phase=warmup iteration=0 component=o_scale component_id=7 lut_exp=0 scna_layout=0 scna_width=8 qo_len=4 kv_len=4096 n_heads=12 n_kv_heads=2 head_dim=128 kv_head=1 worker=0 block_r=0 block_c=-1 t0_us=261265243609 t1_us=261265243611 dur_us=1
FIG8_ATTENTION_EVENT mode=scna-fp16 layout=serial phase=warmup iteration=0 component=o_store component_id=8 lut_exp=0 scna_layout=0 scna_width=8 qo_len=4 kv_len=4096 n_heads=12 n_kv_heads=2 head_dim=128 kv_head=1 worker=0 block_r=0 block_c=-1 t0_us=261265243611 t1_us=261265243613 dur_us=1
FIG8_ATTENTION_EVENT mode=scna-fp16 layout=serial phase=warmup iteration=0 component=q_load component_id=1 lut_exp=0 scna_layout=0 scna_width=8 qo_len=4 kv_len=4096 n_heads=12 n_kv_heads=2 head_dim=128 kv_head=0 worker=0 block_r=0 block_c=-1 t0_us=261265243652 t1_us=261265243654 dur_us=1
FIG8_ATTENTION_EVENT mode=scna-fp16 layout=serial phase=warmup iteration=0 component=k_load component_id=2 lut_exp=0 scna_layout=0 scna_width=8 qo_len=4 kv_len=4096 n_heads=12 n_kv_heads=2 head_dim=128 kv_head=0 worker=0 block_r=0 block_c=0 t0_us=261265243655 t1_us=261265243676 dur_us=21
FIG8_ATTENTION_EVENT mode=scna-fp16 layout=serial phase=warmup iteration=0 component=qk_dot component_id=4 lut_exp=0 scna_layout=0 scna_width=8 qo_len=4 kv_len=4096 n_heads=12 n_kv_heads=2 head_dim=128 kv_head=0 worker=0 block_r=0 block_c=0 t0_us=261265243677 t1_us=261265243677 dur_us=0
FIG8_ATTENTION_EVENT mode=scna-fp16 layout=serial phase=warmup iteration=0 component=scna_exp component_id=9 lut_exp=0 scna_layout=0 scna_width=8 qo_len=4 kv_len=4096 n_heads=12 n_kv_heads=2 head_dim=128 kv_head=0 worker=0 block_r=0 block_c=0 t0_us=261265243680 t1_us=261265243683 dur_us=2
FIG8_ATTENTION_EVENT mode=scna-fp16 layout=serial phase=warmup iteration=0 component=scna_exp component_id=9 lut_exp=0 scna_layout=0 scna_width=8 qo_len=4 kv_len=4096 n_heads=12 n_kv_heads=2 head_dim=128 kv_head=0 worker=0 block_r=2 block_c=0 t0_us=261265243684 t1_us=261265243685 dur_us=1
FIG8_ATTENTION_EVENT mode=scna-fp16 layout=serial phase=warmup iteration=0 component=scna_exp component_id=9 lut_exp=0 scna_layout=0 scna_width=8 qo_len=4 kv_len=4096 n_heads=12 n_kv_heads=2 head_dim=128 kv_head=0 worker=0 block_r=4 block_c=0 t0_us=261265243685 t1_us=261265243687 dur_us=1
FIG8_ATTENTION_EVENT mode=scna-fp16 layout=serial phase=warmup iteration=0 component=scna_exp component_id=9 lut_exp=0 scna_layout=0 scna_width=8 qo_len=4 kv_len=4096 n_heads=12 n_kv_heads=2 head_dim=128 kv_head=0 worker=0 block_r=6 block_c=0 t0_us=261265243688 t1_us=261265243690 dur_us=1
FIG8_ATTENTION_EVENT mode=scna-fp16 layout=serial phase=warmup iteration=0 component=scna_exp component_id=9 lut_exp=0 scna_layout=0 scna_width=8 qo_len=4 kv_len=4096 n_heads=12 n_kv_heads=2 head_dim=128 kv_head=0 worker=0 block_r=8 block_c=0 t0_us=261265243690 t1_us=261265243692 dur_us=1
FIG8_ATTENTION_EVENT mode=scna-fp16 layout=serial phase=warmup iteration=0 component=scna_exp component_id=9 lut_exp=0 scna_layout=0 scna_width=8 qo_len=4 kv_len=4096 n_heads=12 n_kv_heads=2 head_dim=128 kv_head=0 worker=0 block_r=10 block_c=0 t0_us=261265243692 t1_us=261265243694 dur_us=1
FIG8_ATTENTION_EVENT mode=scna-fp16 layout=serial phase=warmup iteration=0 component=scna_exp component_id=9 lut_exp=0 scna_layout=0 scna_width=8 qo_len=4 kv_len=4096 n_heads=12 n_kv_heads=2 head_dim=128 kv_head=0 worker=0 block_r=12 block_c=0 t0_us=261265243695 t1_us=261265243696 dur_us=1
FIG8_ATTENTION_EVENT mode=scna-fp16 layout=serial phase=warmup iteration=0 component=scna_exp component_id=9 lut_exp=0 scna_layout=0 scna_width=8 qo_len=4 kv_len=4096 n_heads=12 n_kv_heads=2 head_dim=128 kv_head=0 worker=0 block_r=14 block_c=0 t0_us=261265243697 t1_us=261265243698 dur_us=1
FIG8_ATTENTION_EVENT mode=scna-fp16 layout=serial phase=warmup iteration=0 component=scna_exp component_id=9 lut_exp=0 scna_layout=0 scna_width=8 qo_len=4 kv_len=4096 n_heads=12 n_kv_heads=2 head_dim=128 kv_head=0 worker=0 block_r=16 block_c=0 t0_us=261265243699 t1_us=261265243700 dur_us=1
FIG8_ATTENTION_EVENT mode=scna-fp16 layout=serial phase=warmup iteration=0 component=scna_exp component_id=9 lut_exp=0 scna_layout=0 scna_width=8 qo_len=4 kv_len=4096 n_heads=12 n_kv_heads=2 head_dim=128 kv_head=0 worker=0 block_r=18 block_c=0 t0_us=261265243701 t1_us=261265243703 dur_us=1
FIG8_ATTENTION_EVENT mode=scna-fp16 layout=serial phase=warmup iteration=0 component=scna_exp component_id=9 lut_exp=0 scna_layout=0 scna_width=8 qo_len=4 kv_len=4096 n_heads=12 n_kv_heads=2 head_dim=128 kv_head=0 worker=0 block_r=20 block_c=0 t0_us=261265243703 t1_us=261265243705 dur_us=1
FIG8_ATTENTION_EVENT mode=scna-fp16 layout=serial phase=warmup iteration=0 component=scna_exp component_id=9 lut_exp=0 scna_layout=0 scna_width=8 qo_len=4 kv_len=4096 n_heads=12 n_kv_heads=2 head_dim=128 kv_head=0 worker=0 block_r=22 block_c=0 t0_us=261265243705 t1_us=261265243707 dur_us=1
FIG8_ATTENTION_EVENT mode=scna-fp16 layout=serial phase=warmup iteration=0 component=safe_sm component_id=5 lut_exp=0 scna_layout=0 scna_width=8 qo_len=4 kv_len=4096 n_heads=12 n_kv_heads=2 head_dim=128 kv_head=0 worker=0 block_r=0 block_c=0 t0_us=261265243678 t1_us=261265243707 dur_us=29
FIG8_ATTENTION_EVENT mode=scna-fp16 layout=serial phase=warmup iteration=0 component=v_load component_id=3 lut_exp=0 scna_layout=0 scna_width=8 qo_len=4 kv_len=4096 n_heads=12 n_kv_heads=2 head_dim=128 kv_head=0 worker=0 block_r=0 block_c=0 t0_us=261265243707 t1_us=261265243727 dur_us=19
FIG8_ATTENTION_EVENT mode=scna-fp16 layout=serial phase=warmup iteration=0 component=scna_exp component_id=9 lut_exp=0 scna_layout=0 scna_width=8 qo_len=4 kv_len=4096 n_heads=12 n_kv_heads=2 head_dim=128 kv_head=0 worker=0 block_r=0 block_c=0 t0_us=261265243728 t1_us=261265243728 dur_us=0
FIG8_ATTENTION_EVENT mode=scna-fp16 layout=serial phase=warmup iteration=0 component=core_acc component_id=6 lut_exp=0 scna_layout=0 scna_width=8 qo_len=4 kv_len=4096 n_heads=12 n_kv_heads=2 head_dim=128 kv_head=0 worker=0 block_r=0 block_c=0 t0_us=261265243727 t1_us=261265243732 dur_us=4
FIG8_ATTENTION_EVENT mode=scna-fp16 layout=serial phase=warmup iteration=0 component=k_load component_id=2 lut_exp=0 scna_layout=0 scna_width=8 qo_len=4 kv_len=4096 n_heads=12 n_kv_heads=2 head_dim=128 kv_head=0 worker=0 block_r=0 block_c=1280 t0_us=261265243732 t1_us=261265243754 dur_us=21
FIG8_ATTENTION_EVENT mode=scna-fp16 layout=serial phase=warmup iteration=0 component=qk_dot component_id=4 lut_exp=0 scna_layout=0 scna_width=8 qo_len=4 kv_len=4096 n_heads=12 n_kv_heads=2 head_dim=128 kv_head=0 worker=0 block_r=0 block_c=1280 t0_us=261265243754 t1_us=261265243754 dur_us=0
FIG8_ATTENTION_EVENT mode=scna-fp16 layout=serial phase=warmup iteration=0 component=scna_exp component_id=9 lut_exp=0 scna_layout=0 scna_width=8 qo_len=4 kv_len=4096 n_heads=12 n_kv_heads=2 head_dim=128 kv_head=0 worker=0 block_r=0 block_c=1280 t0_us=261265243755 t1_us=261265243757 dur_us=1
FIG8_ATTENTION_EVENT mode=scna-fp16 layout=serial phase=warmup iteration=0 component=scna_exp component_id=9 lut_exp=0 scna_layout=0 scna_width=8 qo_len=4 kv_len=4096 n_heads=12 n_kv_heads=2 head_dim=128 kv_head=0 worker=0 block_r=2 block_c=1280 t0_us=261265243757 t1_us=261265243759 dur_us=1
FIG8_ATTENTION_EVENT mode=scna-fp16 layout=serial phase=warmup iteration=0 component=scna_exp component_id=9 lut_exp=0 scna_layout=0 scna_width=8 qo_len=4 kv_len=4096 n_heads=12 n_kv_heads=2 head_dim=128 kv_head=0 worker=0 block_r=4 block_c=1280 t0_us=261265243760 t1_us=261265243761 dur_us=1
FIG8_ATTENTION_EVENT mode=scna-fp16 layout=serial phase=warmup iteration=0 component=scna_exp component_id=9 lut_exp=0 scna_layout=0 scna_width=8 qo_len=4 kv_len=4096 n_heads=12 n_kv_heads=2 head_dim=128 kv_head=0 worker=0 block_r=6 block_c=1280 t0_us=261265243763 t1_us=261265243764 dur_us=1
FIG8_ATTENTION_EVENT mode=scna-fp16 layout=serial phase=warmup iteration=0 component=scna_exp component_id=9 lut_exp=0 scna_layout=0 scna_width=8 qo_len=4 kv_len=4096 n_heads=12 n_kv_heads=2 head_dim=128 kv_head=0 worker=0 block_r=8 block_c=1280 t0_us=261265243765 t1_us=261265243766 dur_us=1
FIG8_ATTENTION_EVENT mode=scna-fp16 layout=serial phase=warmup iteration=0 component=scna_exp component_id=9 lut_exp=0 scna_layout=0 scna_width=8 qo_len=4 kv_len=4096 n_heads=12 n_kv_heads=2 head_dim=128 kv_head=0 worker=0 block_r=10 block_c=1280 t0_us=261265243766 t1_us=261265243768 dur_us=1
FIG8_ATTENTION_EVENT mode=scna-fp16 layout=serial phase=warmup iteration=0 component=scna_exp component_id=9 lut_exp=0 scna_layout=0 scna_width=8 qo_len=4 kv_len=4096 n_heads=12 n_kv_heads=2 head_dim=128 kv_head=0 worker=0 block_r=12 block_c=1280 t0_us=261265243769 t1_us=261265243771 dur_us=1
FIG8_ATTENTION_EVENT mode=scna-fp16 layout=serial phase=warmup iteration=0 component=scna_exp component_id=9 lut_exp=0 scna_layout=0 scna_width=8 qo_len=4 kv_len=4096 n_heads=12 n_kv_heads=2 head_dim=128 kv_head=0 worker=0 block_r=14 block_c=1280 t0_us=261265243771 t1_us=261265243773 dur_us=1
FIG8_ATTENTION_EVENT mode=scna-fp16 layout=serial phase=warmup iteration=0 component=scna_exp component_id=9 lut_exp=0 scna_layout=0 scna_width=8 qo_len=4 kv_len=4096 n_heads=12 n_kv_heads=2 head_dim=128 kv_head=0 worker=0 block_r=16 block_c=1280 t0_us=261265243773 t1_us=261265243775 dur_us=1
FIG8_ATTENTION_EVENT mode=scna-fp16 layout=serial phase=warmup iteration=0 component=scna_exp component_id=9 lut_exp=0 scna_layout=0 scna_width=8 qo_len=4 kv_len=4096 n_heads=12 n_kv_heads=2 head_dim=128 kv_head=0 worker=0 block_r=18 block_c=1280 t0_us=261265243776 t1_us=261265243778 dur_us=1
FIG8_ATTENTION_EVENT mode=scna-fp16 layout=serial phase=warmup iteration=0 component=scna_exp component_id=9 lut_exp=0 scna_layout=0 scna_width=8 qo_len=4 kv_len=4096 n_heads=12 n_kv_heads=2 head_dim=128 kv_head=0 worker=0 block_r=20 block_c=1280 t0_us=261265243778 t1_us=261265243780 dur_us=1
FIG8_ATTENTION_EVENT mode=scna-fp16 layout=serial phase=warmup iteration=0 component=scna_exp component_id=9 lut_exp=0 scna_layout=0 scna_width=8 qo_len=4 kv_len=4096 n_heads=12 n_kv_heads=2 head_dim=128 kv_head=0 worker=0 block_r=22 block_c=1280 t0_us=261265243780 t1_us=261265243781 dur_us=1
FIG8_ATTENTION_EVENT mode=scna-fp16 layout=serial phase=warmup iteration=0 component=safe_sm component_id=5 lut_exp=0 scna_layout=0 scna_width=8 qo_len=4 kv_len=4096 n_heads=12 n_kv_heads=2 head_dim=128 kv_head=0 worker=0 block_r=0 block_c=1280 t0_us=261265243754 t1_us=261265243782 dur_us=27
FIG8_ATTENTION_EVENT mode=scna-fp16 layout=serial phase=warmup iteration=0 component=v_load component_id=3 lut_exp=0 scna_layout=0 scna_width=8 qo_len=4 kv_len=4096 n_heads=12 n_kv_heads=2 head_dim=128 kv_head=0 worker=0 block_r=0 block_c=1280 t0_us=261265243782 t1_us=261265243807 dur_us=24
FIG8_ATTENTION_EVENT mode=scna-fp16 layout=serial phase=warmup iteration=0 component=scna_exp component_id=9 lut_exp=0 scna_layout=0 scna_width=8 qo_len=4 kv_len=4096 n_heads=12 n_kv_heads=2 head_dim=128 kv_head=0 worker=0 block_r=0 block_c=1280 t0_us=261265243807 t1_us=261265243807 dur_us=0
FIG8_ATTENTION_EVENT mode=scna-fp16 layout=serial phase=warmup iteration=0 component=core_acc component_id=6 lut_exp=0 scna_layout=0 scna_width=8 qo_len=4 kv_len=4096 n_heads=12 n_kv_heads=2 head_dim=128 kv_head=0 worker=0 block_r=0 block_c=1280 t0_us=261265243807 t1_us=261265243807 dur_us=0
FIG8_ATTENTION_EVENT mode=scna-fp16 layout=serial phase=warmup iteration=0 component=k_load component_id=2 lut_exp=0 scna_layout=0 scna_width=8 qo_len=4 kv_len=4096 n_heads=12 n_kv_heads=2 head_dim=128 kv_head=0 worker=0 block_r=0 block_c=2560 t0_us=261265243807 t1_us=261265243829 dur_us=21
FIG8_ATTENTION_EVENT mode=scna-fp16 layout=serial phase=warmup iteration=0 component=qk_dot component_id=4 lut_exp=0 scna_layout=0 scna_width=8 qo_len=4 kv_len=4096 n_heads=12 n_kv_heads=2 head_dim=128 kv_head=0 worker=0 block_r=0 block_c=2560 t0_us=261265243829 t1_us=261265243829 dur_us=0
FIG8_ATTENTION_EVENT mode=scna-fp16 layout=serial phase=warmup iteration=0 component=scna_exp component_id=9 lut_exp=0 scna_layout=0 scna_width=8 qo_len=4 kv_len=4096 n_heads=12 n_kv_heads=2 head_dim=128 kv_head=0 worker=0 block_r=0 block_c=2560 t0_us=261265243831 t1_us=261265243832 dur_us=1
FIG8_ATTENTION_EVENT mode=scna-fp16 layout=serial phase=warmup iteration=0 component=scna_exp component_id=9 lut_exp=0 scna_layout=0 scna_width=8 qo_len=4 kv_len=4096 n_heads=12 n_kv_heads=2 head_dim=128 kv_head=0 worker=0 block_r=2 block_c=2560 t0_us=261265243833 t1_us=261265243834 dur_us=1
FIG8_ATTENTION_EVENT mode=scna-fp16 layout=serial phase=warmup iteration=0 component=scna_exp component_id=9 lut_exp=0 scna_layout=0 scna_width=8 qo_len=4 kv_len=4096 n_heads=12 n_kv_heads=2 head_dim=128 kv_head=0 worker=0 block_r=4 block_c=2560 t0_us=261265243835 t1_us=261265243836 dur_us=1
FIG8_ATTENTION_EVENT mode=scna-fp16 layout=serial phase=warmup iteration=0 component=scna_exp component_id=9 lut_exp=0 scna_layout=0 scna_width=8 qo_len=4 kv_len=4096 n_heads=12 n_kv_heads=2 head_dim=128 kv_head=0 worker=0 block_r=6 block_c=2560 t0_us=261265243838 t1_us=261265243839 dur_us=1
FIG8_ATTENTION_EVENT mode=scna-fp16 layout=serial phase=warmup iteration=0 component=scna_exp component_id=9 lut_exp=0 scna_layout=0 scna_width=8 qo_len=4 kv_len=4096 n_heads=12 n_kv_heads=2 head_dim=128 kv_head=0 worker=0 block_r=8 block_c=2560 t0_us=261265243840 t1_us=261265243841 dur_us=1
FIG8_ATTENTION_EVENT mode=scna-fp16 layout=serial phase=warmup iteration=0 component=scna_exp component_id=9 lut_exp=0 scna_layout=0 scna_width=8 qo_len=4 kv_len=4096 n_heads=12 n_kv_heads=2 head_dim=128 kv_head=0 worker=0 block_r=10 block_c=2560 t0_us=261265243841 t1_us=261265243843 dur_us=1
FIG8_ATTENTION_EVENT mode=scna-fp16 layout=serial phase=warmup iteration=0 component=scna_exp component_id=9 lut_exp=0 scna_layout=0 scna_width=8 qo_len=4 kv_len=4096 n_heads=12 n_kv_heads=2 head_dim=128 kv_head=0 worker=0 block_r=12 block_c=2560 t0_us=261265243844 t1_us=261265243846 dur_us=1
FIG8_ATTENTION_EVENT mode=scna-fp16 layout=serial phase=warmup iteration=0 component=scna_exp component_id=9 lut_exp=0 scna_layout=0 scna_width=8 qo_len=4 kv_len=4096 n_heads=12 n_kv_heads=2 head_dim=128 kv_head=0 worker=0 block_r=14 block_c=2560 t0_us=261265243846 t1_us=261265243848 dur_us=1
FIG8_ATTENTION_EVENT mode=scna-fp16 layout=serial phase=warmup iteration=0 component=scna_exp component_id=9 lut_exp=0 scna_layout=0 scna_width=8 qo_len=4 kv_len=4096 n_heads=12 n_kv_heads=2 head_dim=128 kv_head=0 worker=0 block_r=16 block_c=2560 t0_us=261265243848 t1_us=261265243850 dur_us=1
FIG8_ATTENTION_EVENT mode=scna-fp16 layout=serial phase=warmup iteration=0 component=scna_exp component_id=9 lut_exp=0 scna_layout=0 scna_width=8 qo_len=4 kv_len=4096 n_heads=12 n_kv_heads=2 head_dim=128 kv_head=0 worker=0 block_r=18 block_c=2560 t0_us=261265243851 t1_us=261265243853 dur_us=1
FIG8_ATTENTION_EVENT mode=scna-fp16 layout=serial phase=warmup iteration=0 component=scna_exp component_id=9 lut_exp=0 scna_layout=0 scna_width=8 qo_len=4 kv_len=4096 n_heads=12 n_kv_heads=2 head_dim=128 kv_head=0 worker=0 block_r=20 block_c=2560 t0_us=261265243853 t1_us=261265243855 dur_us=1
FIG8_ATTENTION_EVENT mode=scna-fp16 layout=serial phase=warmup iteration=0 component=scna_exp component_id=9 lut_exp=0 scna_layout=0 scna_width=8 qo_len=4 kv_len=4096 n_heads=12 n_kv_heads=2 head_dim=128 kv_head=0 worker=0 block_r=22 block_c=2560 t0_us=261265243855 t1_us=261265243857 dur_us=1
FIG8_ATTENTION_EVENT mode=scna-fp16 layout=serial phase=warmup iteration=0 component=safe_sm component_id=5 lut_exp=0 scna_layout=0 scna_width=8 qo_len=4 kv_len=4096 n_heads=12 n_kv_heads=2 head_dim=128 kv_head=0 worker=0 block_r=0 block_c=2560 t0_us=261265243829 t1_us=261265243857 dur_us=27
FIG8_ATTENTION_EVENT mode=scna-fp16 layout=serial phase=warmup iteration=0 component=v_load component_id=3 lut_exp=0 scna_layout=0 scna_width=8 qo_len=4 kv_len=4096 n_heads=12 n_kv_heads=2 head_dim=128 kv_head=0 worker=0 block_r=0 block_c=2560 t0_us=261265243857 t1_us=261265243885 dur_us=27
FIG8_ATTENTION_EVENT mode=scna-fp16 layout=serial phase=warmup iteration=0 component=scna_exp component_id=9 lut_exp=0 scna_layout=0 scna_width=8 qo_len=4 kv_len=4096 n_heads=12 n_kv_heads=2 head_dim=128 kv_head=0 worker=0 block_r=0 block_c=2560 t0_us=261265243885 t1_us=261265243885 dur_us=0
FIG8_ATTENTION_EVENT mode=scna-fp16 layout=serial phase=warmup iteration=0 component=core_acc component_id=6 lut_exp=0 scna_layout=0 scna_width=8 qo_len=4 kv_len=4096 n_heads=12 n_kv_heads=2 head_dim=128 kv_head=0 worker=0 block_r=0 block_c=2560 t0_us=261265243885 t1_us=261265243885 dur_us=0
FIG8_ATTENTION_EVENT mode=scna-fp16 layout=serial phase=warmup iteration=0 component=k_load component_id=2 lut_exp=0 scna_layout=0 scna_width=8 qo_len=4 kv_len=4096 n_heads=12 n_kv_heads=2 head_dim=128 kv_head=0 worker=0 block_r=0 block_c=3840 t0_us=261265243885 t1_us=261265243889 dur_us=4
FIG8_ATTENTION_EVENT mode=scna-fp16 layout=serial phase=warmup iteration=0 component=qk_dot component_id=4 lut_exp=0 scna_layout=0 scna_width=8 qo_len=4 kv_len=4096 n_heads=12 n_kv_heads=2 head_dim=128 kv_head=0 worker=0 block_r=0 block_c=3840 t0_us=261265243890 t1_us=261265243890 dur_us=0
FIG8_ATTENTION_EVENT mode=scna-fp16 layout=serial phase=warmup iteration=0 component=scna_exp component_id=9 lut_exp=0 scna_layout=0 scna_width=8 qo_len=4 kv_len=4096 n_heads=12 n_kv_heads=2 head_dim=128 kv_head=0 worker=0 block_r=0 block_c=3840 t0_us=261265243890 t1_us=261265243891 dur_us=0
FIG8_ATTENTION_EVENT mode=scna-fp16 layout=serial phase=warmup iteration=0 component=scna_exp component_id=9 lut_exp=0 scna_layout=0 scna_width=8 qo_len=4 kv_len=4096 n_heads=12 n_kv_heads=2 head_dim=128 kv_head=0 worker=0 block_r=2 block_c=3840 t0_us=261265243891 t1_us=261265243891 dur_us=0
FIG8_ATTENTION_EVENT mode=scna-fp16 layout=serial phase=warmup iteration=0 component=scna_exp component_id=9 lut_exp=0 scna_layout=0 scna_width=8 qo_len=4 kv_len=4096 n_heads=12 n_kv_heads=2 head_dim=128 kv_head=0 worker=0 block_r=4 block_c=3840 t0_us=261265243891 t1_us=261265243892 dur_us=0
FIG8_ATTENTION_EVENT mode=scna-fp16 layout=serial phase=warmup iteration=0 component=scna_exp component_id=9 lut_exp=0 scna_layout=0 scna_width=8 qo_len=4 kv_len=4096 n_heads=12 n_kv_heads=2 head_dim=128 kv_head=0 worker=0 block_r=6 block_c=3840 t0_us=261265243892 t1_us=261265243893 dur_us=0
FIG8_ATTENTION_EVENT mode=scna-fp16 layout=serial phase=warmup iteration=0 component=scna_exp component_id=9 lut_exp=0 scna_layout=0 scna_width=8 qo_len=4 kv_len=4096 n_heads=12 n_kv_heads=2 head_dim=128 kv_head=0 worker=0 block_r=8 block_c=3840 t0_us=261265243893 t1_us=261265243893 dur_us=0
FIG8_ATTENTION_EVENT mode=scna-fp16 layout=serial phase=warmup iteration=0 component=scna_exp component_id=9 lut_exp=0 scna_layout=0 scna_width=8 qo_len=4 kv_len=4096 n_heads=12 n_kv_heads=2 head_dim=128 kv_head=0 worker=0 block_r=10 block_c=3840 t0_us=261265243893 t1_us=261265243894 dur_us=0
FIG8_ATTENTION_EVENT mode=scna-fp16 layout=serial phase=warmup iteration=0 component=scna_exp component_id=9 lut_exp=0 scna_layout=0 scna_width=8 qo_len=4 kv_len=4096 n_heads=12 n_kv_heads=2 head_dim=128 kv_head=0 worker=0 block_r=12 block_c=3840 t0_us=261265243894 t1_us=261265243895 dur_us=0
FIG8_ATTENTION_EVENT mode=scna-fp16 layout=serial phase=warmup iteration=0 component=scna_exp component_id=9 lut_exp=0 scna_layout=0 scna_width=8 qo_len=4 kv_len=4096 n_heads=12 n_kv_heads=2 head_dim=128 kv_head=0 worker=0 block_r=14 block_c=3840 t0_us=261265243895 t1_us=261265243895 dur_us=0
FIG8_ATTENTION_EVENT mode=scna-fp16 layout=serial phase=warmup iteration=0 component=scna_exp component_id=9 lut_exp=0 scna_layout=0 scna_width=8 qo_len=4 kv_len=4096 n_heads=12 n_kv_heads=2 head_dim=128 kv_head=0 worker=0 block_r=16 block_c=3840 t0_us=261265243895 t1_us=261265243896 dur_us=0
FIG8_ATTENTION_EVENT mode=scna-fp16 layout=serial phase=warmup iteration=0 component=scna_exp component_id=9 lut_exp=0 scna_layout=0 scna_width=8 qo_len=4 kv_len=4096 n_heads=12 n_kv_heads=2 head_dim=128 kv_head=0 worker=0 block_r=18 block_c=3840 t0_us=261265243896 t1_us=261265243897 dur_us=0
FIG8_ATTENTION_EVENT mode=scna-fp16 layout=serial phase=warmup iteration=0 component=scna_exp component_id=9 lut_exp=0 scna_layout=0 scna_width=8 qo_len=4 kv_len=4096 n_heads=12 n_kv_heads=2 head_dim=128 kv_head=0 worker=0 block_r=20 block_c=3840 t0_us=261265243897 t1_us=261265243897 dur_us=0
FIG8_ATTENTION_EVENT mode=scna-fp16 layout=serial phase=warmup iteration=0 component=scna_exp component_id=9 lut_exp=0 scna_layout=0 scna_width=8 qo_len=4 kv_len=4096 n_heads=12 n_kv_heads=2 head_dim=128 kv_head=0 worker=0 block_r=22 block_c=3840 t0_us=261265243897 t1_us=261265243898 dur_us=0
FIG8_ATTENTION_EVENT mode=scna-fp16 layout=serial phase=warmup iteration=0 component=safe_sm component_id=5 lut_exp=0 scna_layout=0 scna_width=8 qo_len=4 kv_len=4096 n_heads=12 n_kv_heads=2 head_dim=128 kv_head=0 worker=0 block_r=0 block_c=3840 t0_us=261265243890 t1_us=261265243898 dur_us=8
FIG8_ATTENTION_EVENT mode=scna-fp16 layout=serial phase=warmup iteration=0 component=v_load component_id=3 lut_exp=0 scna_layout=0 scna_width=8 qo_len=4 kv_len=4096 n_heads=12 n_kv_heads=2 head_dim=128 kv_head=0 worker=0 block_r=0 block_c=3840 t0_us=261265243898 t1_us=261265243900 dur_us=2
FIG8_ATTENTION_EVENT mode=scna-fp16 layout=serial phase=warmup iteration=0 component=scna_exp component_id=9 lut_exp=0 scna_layout=0 scna_width=8 qo_len=4 kv_len=4096 n_heads=12 n_kv_heads=2 head_dim=128 kv_head=0 worker=0 block_r=0 block_c=3840 t0_us=261265243900 t1_us=261265243900 dur_us=0
FIG8_ATTENTION_EVENT mode=scna-fp16 layout=serial phase=warmup iteration=0 component=core_acc component_id=6 lut_exp=0 scna_layout=0 scna_width=8 qo_len=4 kv_len=4096 n_heads=12 n_kv_heads=2 head_dim=128 kv_head=0 worker=0 block_r=0 block_c=3840 t0_us=261265243900 t1_us=261265243900 dur_us=0
FIG8_ATTENTION_EVENT mode=scna-fp16 layout=serial phase=warmup iteration=0 component=o_scale component_id=7 lut_exp=0 scna_layout=0 scna_width=8 qo_len=4 kv_len=4096 n_heads=12 n_kv_heads=2 head_dim=128 kv_head=0 worker=0 block_r=0 block_c=-1 t0_us=261265243901 t1_us=261265243902 dur_us=1
FIG8_ATTENTION_EVENT mode=scna-fp16 layout=serial phase=warmup iteration=0 component=o_store component_id=8 lut_exp=0 scna_layout=0 scna_width=8 qo_len=4 kv_len=4096 n_heads=12 n_kv_heads=2 head_dim=128 kv_head=0 worker=0 block_r=0 block_c=-1 t0_us=261265243902 t1_us=261265243904 dur_us=2
FIG8_ATTENTION_EVENT mode=scna-fp16 layout=serial phase=warmup iteration=0 component=q_load component_id=1 lut_exp=0 scna_layout=0 scna_width=8 qo_len=4 kv_len=4096 n_heads=12 n_kv_heads=2 head_dim=128 kv_head=1 worker=0 block_r=0 block_c=-1 t0_us=261265243944 t1_us=261265243946 dur_us=1
FIG8_ATTENTION_EVENT mode=scna-fp16 layout=serial phase=warmup iteration=0 component=k_load component_id=2 lut_exp=0 scna_layout=0 scna_width=8 qo_len=4 kv_len=4096 n_heads=12 n_kv_heads=2 head_dim=128 kv_head=1 worker=0 block_r=0 block_c=0 t0_us=261265243947 t1_us=261265243968 dur_us=21
FIG8_ATTENTION_EVENT mode=scna-fp16 layout=serial phase=warmup iteration=0 component=qk_dot component_id=4 lut_exp=0 scna_layout=0 scna_width=8 qo_len=4 kv_len=4096 n_heads=12 n_kv_heads=2 head_dim=128 kv_head=1 worker=0 block_r=0 block_c=0 t0_us=261265243969 t1_us=261265243970 dur_us=1
FIG8_ATTENTION_EVENT mode=scna-fp16 layout=serial phase=warmup iteration=0 component=scna_exp component_id=9 lut_exp=0 scna_layout=0 scna_width=8 qo_len=4 kv_len=4096 n_heads=12 n_kv_heads=2 head_dim=128 kv_head=1 worker=0 block_r=0 block_c=0 t0_us=261265243973 t1_us=261265243975 dur_us=2
FIG8_ATTENTION_EVENT mode=scna-fp16 layout=serial phase=warmup iteration=0 component=scna_exp component_id=9 lut_exp=0 scna_layout=0 scna_width=8 qo_len=4 kv_len=4096 n_heads=12 n_kv_heads=2 head_dim=128 kv_head=1 worker=0 block_r=2 block_c=0 t0_us=261265243976 t1_us=261265243978 dur_us=1
FIG8_ATTENTION_EVENT mode=scna-fp16 layout=serial phase=warmup iteration=0 component=scna_exp component_id=9 lut_exp=0 scna_layout=0 scna_width=8 qo_len=4 kv_len=4096 n_heads=12 n_kv_heads=2 head_dim=128 kv_head=1 worker=0 block_r=4 block_c=0 t0_us=261265243978 t1_us=261265243980 dur_us=1
FIG8_ATTENTION_EVENT mode=scna-fp16 layout=serial phase=warmup iteration=0 component=scna_exp component_id=9 lut_exp=0 scna_layout=0 scna_width=8 qo_len=4 kv_len=4096 n_heads=12 n_kv_heads=2 head_dim=128 kv_head=1 worker=0 block_r=6 block_c=0 t0_us=261265243981 t1_us=261265243983 dur_us=1
FIG8_ATTENTION_EVENT mode=scna-fp16 layout=serial phase=warmup iteration=0 component=scna_exp component_id=9 lut_exp=0 scna_layout=0 scna_width=8 qo_len=4 kv_len=4096 n_heads=12 n_kv_heads=2 head_dim=128 kv_head=1 worker=0 block_r=8 block_c=0 t0_us=261265243983 t1_us=261265243985 dur_us=1
FIG8_ATTENTION_EVENT mode=scna-fp16 layout=serial phase=warmup iteration=0 component=scna_exp component_id=9 lut_exp=0 scna_layout=0 scna_width=8 qo_len=4 kv_len=4096 n_heads=12 n_kv_heads=2 head_dim=128 kv_head=1 worker=0 block_r=10 block_c=0 t0_us=261265243985 t1_us=261265243987 dur_us=1
FIG8_ATTENTION_EVENT mode=scna-fp16 layout=serial phase=warmup iteration=0 component=scna_exp component_id=9 lut_exp=0 scna_layout=0 scna_width=8 qo_len=4 kv_len=4096 n_heads=12 n_kv_heads=2 head_dim=128 kv_head=1 worker=0 block_r=12 block_c=0 t0_us=261265243988 t1_us=261265243989 dur_us=1
FIG8_ATTENTION_EVENT mode=scna-fp16 layout=serial phase=warmup iteration=0 component=scna_exp component_id=9 lut_exp=0 scna_layout=0 scna_width=8 qo_len=4 kv_len=4096 n_heads=12 n_kv_heads=2 head_dim=128 kv_head=1 worker=0 block_r=14 block_c=0 t0_us=261265243990 t1_us=261265243991 dur_us=1
FIG8_ATTENTION_EVENT mode=scna-fp16 layout=serial phase=warmup iteration=0 component=scna_exp component_id=9 lut_exp=0 scna_layout=0 scna_width=8 qo_len=4 kv_len=4096 n_heads=12 n_kv_heads=2 head_dim=128 kv_head=1 worker=0 block_r=16 block_c=0 t0_us=261265243992 t1_us=261265243993 dur_us=1
FIG8_ATTENTION_EVENT mode=scna-fp16 layout=serial phase=warmup iteration=0 component=scna_exp component_id=9 lut_exp=0 scna_layout=0 scna_width=8 qo_len=4 kv_len=4096 n_heads=12 n_kv_heads=2 head_dim=128 kv_head=1 worker=0 block_r=18 block_c=0 t0_us=261265243995 t1_us=261265243996 dur_us=1
FIG8_ATTENTION_EVENT mode=scna-fp16 layout=serial phase=warmup iteration=0 component=scna_exp component_id=9 lut_exp=0 scna_layout=0 scna_width=8 qo_len=4 kv_len=4096 n_heads=12 n_kv_heads=2 head_dim=128 kv_head=1 worker=0 block_r=20 block_c=0 t0_us=261265243997 t1_us=261265243998 dur_us=1
FIG8_ATTENTION_EVENT mode=scna-fp16 layout=serial phase=warmup iteration=0 component=scna_exp component_id=9 lut_exp=0 scna_layout=0 scna_width=8 qo_len=4 kv_len=4096 n_heads=12 n_kv_heads=2 head_dim=128 kv_head=1 worker=0 block_r=22 block_c=0 t0_us=261265243999 t1_us=261265244000 dur_us=1
FIG8_ATTENTION_EVENT mode=scna-fp16 layout=serial phase=warmup iteration=0 component=safe_sm component_id=5 lut_exp=0 scna_layout=0 scna_width=8 qo_len=4 kv_len=4096 n_heads=12 n_kv_heads=2 head_dim=128 kv_head=1 worker=0 block_r=0 block_c=0 t0_us=261265243971 t1_us=261265244001 dur_us=30
FIG8_ATTENTION_EVENT mode=scna-fp16 layout=serial phase=warmup iteration=0 component=v_load component_id=3 lut_exp=0 scna_layout=0 scna_width=8 qo_len=4 kv_len=4096 n_heads=12 n_kv_heads=2 head_dim=128 kv_head=1 worker=0 block_r=0 block_c=0 t0_us=261265244001 t1_us=261265244020 dur_us=19
FIG8_ATTENTION_EVENT mode=scna-fp16 layout=serial phase=warmup iteration=0 component=scna_exp component_id=9 lut_exp=0 scna_layout=0 scna_width=8 qo_len=4 kv_len=4096 n_heads=12 n_kv_heads=2 head_dim=128 kv_head=1 worker=0 block_r=0 block_c=0 t0_us=261265244021 t1_us=261265244022 dur_us=0
FIG8_ATTENTION_EVENT mode=scna-fp16 layout=serial phase=warmup iteration=0 component=core_acc component_id=6 lut_exp=0 scna_layout=0 scna_width=8 qo_len=4 kv_len=4096 n_heads=12 n_kv_heads=2 head_dim=128 kv_head=1 worker=0 block_r=0 block_c=0 t0_us=261265244021 t1_us=261265244023 dur_us=2
FIG8_ATTENTION_EVENT mode=scna-fp16 layout=serial phase=warmup iteration=0 component=k_load component_id=2 lut_exp=0 scna_layout=0 scna_width=8 qo_len=4 kv_len=4096 n_heads=12 n_kv_heads=2 head_dim=128 kv_head=1 worker=0 block_r=0 block_c=1280 t0_us=261265244024 t1_us=261265244047 dur_us=22
FIG8_ATTENTION_EVENT mode=scna-fp16 layout=serial phase=warmup iteration=0 component=qk_dot component_id=4 lut_exp=0 scna_layout=0 scna_width=8 qo_len=4 kv_len=4096 n_heads=12 n_kv_heads=2 head_dim=128 kv_head=1 worker=0 block_r=0 block_c=1280 t0_us=261265244047 t1_us=261265244047 dur_us=0
FIG8_ATTENTION_EVENT mode=scna-fp16 layout=serial phase=warmup iteration=0 component=scna_exp component_id=9 lut_exp=0 scna_layout=0 scna_width=8 qo_len=4 kv_len=4096 n_heads=12 n_kv_heads=2 head_dim=128 kv_head=1 worker=0 block_r=0 block_c=1280 t0_us=261265244049 t1_us=261265244050 dur_us=1
FIG8_ATTENTION_EVENT mode=scna-fp16 layout=serial phase=warmup iteration=0 component=scna_exp component_id=9 lut_exp=0 scna_layout=0 scna_width=8 qo_len=4 kv_len=4096 n_heads=12 n_kv_heads=2 head_dim=128 kv_head=1 worker=0 block_r=2 block_c=1280 t0_us=261265244051 t1_us=261265244052 dur_us=1
FIG8_ATTENTION_EVENT mode=scna-fp16 layout=serial phase=warmup iteration=0 component=scna_exp component_id=9 lut_exp=0 scna_layout=0 scna_width=8 qo_len=4 kv_len=4096 n_heads=12 n_kv_heads=2 head_dim=128 kv_head=1 worker=0 block_r=4 block_c=1280 t0_us=261265244053 t1_us=261265244054 dur_us=1
FIG8_ATTENTION_EVENT mode=scna-fp16 layout=serial phase=warmup iteration=0 component=scna_exp component_id=9 lut_exp=0 scna_layout=0 scna_width=8 qo_len=4 kv_len=4096 n_heads=12 n_kv_heads=2 head_dim=128 kv_head=1 worker=0 block_r=6 block_c=1280 t0_us=261265244056 t1_us=261265244057 dur_us=1
FIG8_ATTENTION_EVENT mode=scna-fp16 layout=serial phase=warmup iteration=0 component=scna_exp component_id=9 lut_exp=0 scna_layout=0 scna_width=8 qo_len=4 kv_len=4096 n_heads=12 n_kv_heads=2 head_dim=128 kv_head=1 worker=0 block_r=8 block_c=1280 t0_us=261265244058 t1_us=261265244059 dur_us=1
FIG8_ATTENTION_EVENT mode=scna-fp16 layout=serial phase=warmup iteration=0 component=scna_exp component_id=9 lut_exp=0 scna_layout=0 scna_width=8 qo_len=4 kv_len=4096 n_heads=12 n_kv_heads=2 head_dim=128 kv_head=1 worker=0 block_r=10 block_c=1280 t0_us=261265244060 t1_us=261265244061 dur_us=1
FIG8_ATTENTION_EVENT mode=scna-fp16 layout=serial phase=warmup iteration=0 component=scna_exp component_id=9 lut_exp=0 scna_layout=0 scna_width=8 qo_len=4 kv_len=4096 n_heads=12 n_kv_heads=2 head_dim=128 kv_head=1 worker=0 block_r=12 block_c=1280 t0_us=261265244062 t1_us=261265244064 dur_us=1
FIG8_ATTENTION_EVENT mode=scna-fp16 layout=serial phase=warmup iteration=0 component=scna_exp component_id=9 lut_exp=0 scna_layout=0 scna_width=8 qo_len=4 kv_len=4096 n_heads=12 n_kv_heads=2 head_dim=128 kv_head=1 worker=0 block_r=14 block_c=1280 t0_us=261265244064 t1_us=261265244066 dur_us=1
FIG8_ATTENTION_EVENT mode=scna-fp16 layout=serial phase=warmup iteration=0 component=scna_exp component_id=9 lut_exp=0 scna_layout=0 scna_width=8 qo_len=4 kv_len=4096 n_heads=12 n_kv_heads=2 head_dim=128 kv_head=1 worker=0 block_r=16 block_c=1280 t0_us=261265244066 t1_us=261265244068 dur_us=1
FIG8_ATTENTION_EVENT mode=scna-fp16 layout=serial phase=warmup iteration=0 component=scna_exp component_id=9 lut_exp=0 scna_layout=0 scna_width=8 qo_len=4 kv_len=4096 n_heads=12 n_kv_heads=2 head_dim=128 kv_head=1 worker=0 block_r=18 block_c=1280 t0_us=261265244069 t1_us=261265244071 dur_us=1
FIG8_ATTENTION_EVENT mode=scna-fp16 layout=serial phase=warmup iteration=0 component=scna_exp component_id=9 lut_exp=0 scna_layout=0 scna_width=8 qo_len=4 kv_len=4096 n_heads=12 n_kv_heads=2 head_dim=128 kv_head=1 worker=0 block_r=20 block_c=1280 t0_us=261265244071 t1_us=261265244073 dur_us=1
FIG8_ATTENTION_EVENT mode=scna-fp16 layout=serial phase=warmup iteration=0 component=scna_exp component_id=9 lut_exp=0 scna_layout=0 scna_width=8 qo_len=4 kv_len=4096 n_heads=12 n_kv_heads=2 head_dim=128 kv_head=1 worker=0 block_r=22 block_c=1280 t0_us=261265244073 t1_us=261265244075 dur_us=1
FIG8_ATTENTION_EVENT mode=scna-fp16 layout=serial phase=warmup iteration=0 component=safe_sm component_id=5 lut_exp=0 scna_layout=0 scna_width=8 qo_len=4 kv_len=4096 n_heads=12 n_kv_heads=2 head_dim=128 kv_head=1 worker=0 block_r=0 block_c=1280 t0_us=261265244047 t1_us=261265244075 dur_us=27
FIG8_ATTENTION_EVENT mode=scna-fp16 layout=serial phase=warmup iteration=0 component=v_load component_id=3 lut_exp=0 scna_layout=0 scna_width=8 qo_len=4 kv_len=4096 n_heads=12 n_kv_heads=2 head_dim=128 kv_head=1 worker=0 block_r=0 block_c=1280 t0_us=261265244075 t1_us=261265244103 dur_us=27
FIG8_ATTENTION_EVENT mode=scna-fp16 layout=serial phase=warmup iteration=0 component=scna_exp component_id=9 lut_exp=0 scna_layout=0 scna_width=8 qo_len=4 kv_len=4096 n_heads=12 n_kv_heads=2 head_dim=128 kv_head=1 worker=0 block_r=0 block_c=1280 t0_us=261265244103 t1_us=261265244103 dur_us=0
FIG8_ATTENTION_EVENT mode=scna-fp16 layout=serial phase=warmup iteration=0 component=core_acc component_id=6 lut_exp=0 scna_layout=0 scna_width=8 qo_len=4 kv_len=4096 n_heads=12 n_kv_heads=2 head_dim=128 kv_head=1 worker=0 block_r=0 block_c=1280 t0_us=261265244103 t1_us=261265244103 dur_us=0
FIG8_ATTENTION_EVENT mode=scna-fp16 layout=serial phase=warmup iteration=0 component=k_load component_id=2 lut_exp=0 scna_layout=0 scna_width=8 qo_len=4 kv_len=4096 n_heads=12 n_kv_heads=2 head_dim=128 kv_head=1 worker=0 block_r=0 block_c=2560 t0_us=261265244103 t1_us=261265244124 dur_us=20
FIG8_ATTENTION_EVENT mode=scna-fp16 layout=serial phase=warmup iteration=0 component=qk_dot component_id=4 lut_exp=0 scna_layout=0 scna_width=8 qo_len=4 kv_len=4096 n_heads=12 n_kv_heads=2 head_dim=128 kv_head=1 worker=0 block_r=0 block_c=2560 t0_us=261265244124 t1_us=261265244125 dur_us=0
FIG8_ATTENTION_EVENT mode=scna-fp16 layout=serial phase=warmup iteration=0 component=scna_exp component_id=9 lut_exp=0 scna_layout=0 scna_width=8 qo_len=4 kv_len=4096 n_heads=12 n_kv_heads=2 head_dim=128 kv_head=1 worker=0 block_r=0 block_c=2560 t0_us=261265244126 t1_us=261265244128 dur_us=1
FIG8_ATTENTION_EVENT mode=scna-fp16 layout=serial phase=warmup iteration=0 component=scna_exp component_id=9 lut_exp=0 scna_layout=0 scna_width=8 qo_len=4 kv_len=4096 n_heads=12 n_kv_heads=2 head_dim=128 kv_head=1 worker=0 block_r=2 block_c=2560 t0_us=261265244128 t1_us=261265244130 dur_us=1
FIG8_ATTENTION_EVENT mode=scna-fp16 layout=serial phase=warmup iteration=0 component=scna_exp component_id=9 lut_exp=0 scna_layout=0 scna_width=8 qo_len=4 kv_len=4096 n_heads=12 n_kv_heads=2 head_dim=128 kv_head=1 worker=0 block_r=4 block_c=2560 t0_us=261265244130 t1_us=261265244132 dur_us=1
FIG8_ATTENTION_EVENT mode=scna-fp16 layout=serial phase=warmup iteration=0 component=scna_exp component_id=9 lut_exp=0 scna_layout=0 scna_width=8 qo_len=4 kv_len=4096 n_heads=12 n_kv_heads=2 head_dim=128 kv_head=1 worker=0 block_r=6 block_c=2560 t0_us=261265244133 t1_us=261265244135 dur_us=1
FIG8_ATTENTION_EVENT mode=scna-fp16 layout=serial phase=warmup iteration=0 component=scna_exp component_id=9 lut_exp=0 scna_layout=0 scna_width=8 qo_len=4 kv_len=4096 n_heads=12 n_kv_heads=2 head_dim=128 kv_head=1 worker=0 block_r=8 block_c=2560 t0_us=261265244135 t1_us=261265244136 dur_us=1
FIG8_ATTENTION_EVENT mode=scna-fp16 layout=serial phase=warmup iteration=0 component=scna_exp component_id=9 lut_exp=0 scna_layout=0 scna_width=8 qo_len=4 kv_len=4096 n_heads=12 n_kv_heads=2 head_dim=128 kv_head=1 worker=0 block_r=10 block_c=2560 t0_us=261265244137 t1_us=261265244138 dur_us=1
FIG8_ATTENTION_EVENT mode=scna-fp16 layout=serial phase=warmup iteration=0 component=scna_exp component_id=9 lut_exp=0 scna_layout=0 scna_width=8 qo_len=4 kv_len=4096 n_heads=12 n_kv_heads=2 head_dim=128 kv_head=1 worker=0 block_r=12 block_c=2560 t0_us=261265244140 t1_us=261265244141 dur_us=1
FIG8_ATTENTION_EVENT mode=scna-fp16 layout=serial phase=warmup iteration=0 component=scna_exp component_id=9 lut_exp=0 scna_layout=0 scna_width=8 qo_len=4 kv_len=4096 n_heads=12 n_kv_heads=2 head_dim=128 kv_head=1 worker=0 block_r=14 block_c=2560 t0_us=261265244142 t1_us=261265244143 dur_us=1
FIG8_ATTENTION_EVENT mode=scna-fp16 layout=serial phase=warmup iteration=0 component=scna_exp component_id=9 lut_exp=0 scna_layout=0 scna_width=8 qo_len=4 kv_len=4096 n_heads=12 n_kv_heads=2 head_dim=128 kv_head=1 worker=0 block_r=16 block_c=2560 t0_us=261265244144 t1_us=261265244145 dur_us=1
FIG8_ATTENTION_EVENT mode=scna-fp16 layout=serial phase=warmup iteration=0 component=scna_exp component_id=9 lut_exp=0 scna_layout=0 scna_width=8 qo_len=4 kv_len=4096 n_heads=12 n_kv_heads=2 head_dim=128 kv_head=1 worker=0 block_r=18 block_c=2560 t0_us=261265244147 t1_us=261265244148 dur_us=1
FIG8_ATTENTION_EVENT mode=scna-fp16 layout=serial phase=warmup iteration=0 component=scna_exp component_id=9 lut_exp=0 scna_layout=0 scna_width=8 qo_len=4 kv_len=4096 n_heads=12 n_kv_heads=2 head_dim=128 kv_head=1 worker=0 block_r=20 block_c=2560 t0_us=261265244149 t1_us=261265244150 dur_us=1
FIG8_ATTENTION_EVENT mode=scna-fp16 layout=serial phase=warmup iteration=0 component=scna_exp component_id=9 lut_exp=0 scna_layout=0 scna_width=8 qo_len=4 kv_len=4096 n_heads=12 n_kv_heads=2 head_dim=128 kv_head=1 worker=0 block_r=22 block_c=2560 t0_us=261265244151 t1_us=261265244152 dur_us=1
FIG8_ATTENTION_EVENT mode=scna-fp16 layout=serial phase=warmup iteration=0 component=safe_sm component_id=5 lut_exp=0 scna_layout=0 scna_width=8 qo_len=4 kv_len=4096 n_heads=12 n_kv_heads=2 head_dim=128 kv_head=1 worker=0 block_r=0 block_c=2560 t0_us=261265244125 t1_us=261265244152 dur_us=27
FIG8_ATTENTION_EVENT mode=scna-fp16 layout=serial phase=warmup iteration=0 component=v_load component_id=3 lut_exp=0 scna_layout=0 scna_width=8 qo_len=4 kv_len=4096 n_heads=12 n_kv_heads=2 head_dim=128 kv_head=1 worker=0 block_r=0 block_c=2560 t0_us=261265244152 t1_us=261265244179 dur_us=26
FIG8_ATTENTION_EVENT mode=scna-fp16 layout=serial phase=warmup iteration=0 component=scna_exp component_id=9 lut_exp=0 scna_layout=0 scna_width=8 qo_len=4 kv_len=4096 n_heads=12 n_kv_heads=2 head_dim=128 kv_head=1 worker=0 block_r=0 block_c=2560 t0_us=261265244179 t1_us=261265244179 dur_us=0
FIG8_ATTENTION_EVENT mode=scna-fp16 layout=serial phase=warmup iteration=0 component=core_acc component_id=6 lut_exp=0 scna_layout=0 scna_width=8 qo_len=4 kv_len=4096 n_heads=12 n_kv_heads=2 head_dim=128 kv_head=1 worker=0 block_r=0 block_c=2560 t0_us=261265244179 t1_us=261265244179 dur_us=0
FIG8_ATTENTION_EVENT mode=scna-fp16 layout=serial phase=warmup iteration=0 component=k_load component_id=2 lut_exp=0 scna_layout=0 scna_width=8 qo_len=4 kv_len=4096 n_heads=12 n_kv_heads=2 head_dim=128 kv_head=1 worker=0 block_r=0 block_c=3840 t0_us=261265244179 t1_us=261265244184 dur_us=4
FIG8_ATTENTION_EVENT mode=scna-fp16 layout=serial phase=warmup iteration=0 component=qk_dot component_id=4 lut_exp=0 scna_layout=0 scna_width=8 qo_len=4 kv_len=4096 n_heads=12 n_kv_heads=2 head_dim=128 kv_head=1 worker=0 block_r=0 block_c=3840 t0_us=261265244184 t1_us=261265244184 dur_us=0
FIG8_ATTENTION_EVENT mode=scna-fp16 layout=serial phase=warmup iteration=0 component=scna_exp component_id=9 lut_exp=0 scna_layout=0 scna_width=8 qo_len=4 kv_len=4096 n_heads=12 n_kv_heads=2 head_dim=128 kv_head=1 worker=0 block_r=0 block_c=3840 t0_us=261265244184 t1_us=261265244185 dur_us=0
FIG8_ATTENTION_EVENT mode=scna-fp16 layout=serial phase=warmup iteration=0 component=scna_exp component_id=9 lut_exp=0 scna_layout=0 scna_width=8 qo_len=4 kv_len=4096 n_heads=12 n_kv_heads=2 head_dim=128 kv_head=1 worker=0 block_r=2 block_c=3840 t0_us=261265244185 t1_us=261265244185 dur_us=0
FIG8_ATTENTION_EVENT mode=scna-fp16 layout=serial phase=warmup iteration=0 component=scna_exp component_id=9 lut_exp=0 scna_layout=0 scna_width=8 qo_len=4 kv_len=4096 n_heads=12 n_kv_heads=2 head_dim=128 kv_head=1 worker=0 block_r=4 block_c=3840 t0_us=261265244186 t1_us=261265244186 dur_us=0
FIG8_ATTENTION_EVENT mode=scna-fp16 layout=serial phase=warmup iteration=0 component=scna_exp component_id=9 lut_exp=0 scna_layout=0 scna_width=8 qo_len=4 kv_len=4096 n_heads=12 n_kv_heads=2 head_dim=128 kv_head=1 worker=0 block_r=6 block_c=3840 t0_us=261265244186 t1_us=261265244187 dur_us=0
FIG8_ATTENTION_EVENT mode=scna-fp16 layout=serial phase=warmup iteration=0 component=scna_exp component_id=9 lut_exp=0 scna_layout=0 scna_width=8 qo_len=4 kv_len=4096 n_heads=12 n_kv_heads=2 head_dim=128 kv_head=1 worker=0 block_r=8 block_c=3840 t0_us=261265244187 t1_us=261265244187 dur_us=0
FIG8_ATTENTION_EVENT mode=scna-fp16 layout=serial phase=warmup iteration=0 component=scna_exp component_id=9 lut_exp=0 scna_layout=0 scna_width=8 qo_len=4 kv_len=4096 n_heads=12 n_kv_heads=2 head_dim=128 kv_head=1 worker=0 block_r=10 block_c=3840 t0_us=261265244188 t1_us=261265244188 dur_us=0
FIG8_ATTENTION_EVENT mode=scna-fp16 layout=serial phase=warmup iteration=0 component=scna_exp component_id=9 lut_exp=0 scna_layout=0 scna_width=8 qo_len=4 kv_len=4096 n_heads=12 n_kv_heads=2 head_dim=128 kv_head=1 worker=0 block_r=12 block_c=3840 t0_us=261265244188 t1_us=261265244189 dur_us=0
FIG8_ATTENTION_EVENT mode=scna-fp16 layout=serial phase=warmup iteration=0 component=scna_exp component_id=9 lut_exp=0 scna_layout=0 scna_width=8 qo_len=4 kv_len=4096 n_heads=12 n_kv_heads=2 head_dim=128 kv_head=1 worker=0 block_r=14 block_c=3840 t0_us=261265244189 t1_us=261265244189 dur_us=0
FIG8_ATTENTION_EVENT mode=scna-fp16 layout=serial phase=warmup iteration=0 component=scna_exp component_id=9 lut_exp=0 scna_layout=0 scna_width=8 qo_len=4 kv_len=4096 n_heads=12 n_kv_heads=2 head_dim=128 kv_head=1 worker=0 block_r=16 block_c=3840 t0_us=261265244190 t1_us=261265244190 dur_us=0
FIG8_ATTENTION_EVENT mode=scna-fp16 layout=serial phase=warmup iteration=0 component=scna_exp component_id=9 lut_exp=0 scna_layout=0 scna_width=8 qo_len=4 kv_len=4096 n_heads=12 n_kv_heads=2 head_dim=128 kv_head=1 worker=0 block_r=18 block_c=3840 t0_us=261265244190 t1_us=261265244191 dur_us=0
FIG8_ATTENTION_EVENT mode=scna-fp16 layout=serial phase=warmup iteration=0 component=scna_exp component_id=9 lut_exp=0 scna_layout=0 scna_width=8 qo_len=4 kv_len=4096 n_heads=12 n_kv_heads=2 head_dim=128 kv_head=1 worker=0 block_r=20 block_c=3840 t0_us=261265244191 t1_us=261265244191 dur_us=0
FIG8_ATTENTION_EVENT mode=scna-fp16 layout=serial phase=warmup iteration=0 component=scna_exp component_id=9 lut_exp=0 scna_layout=0 scna_width=8 qo_len=4 kv_len=4096 n_heads=12 n_kv_heads=2 head_dim=128 kv_head=1 worker=0 block_r=22 block_c=3840 t0_us=261265244192 t1_us=261265244192 dur_us=0
FIG8_ATTENTION_EVENT mode=scna-fp16 layout=serial phase=warmup iteration=0 component=safe_sm component_id=5 lut_exp=0 scna_layout=0 scna_width=8 qo_len=4 kv_len=4096 n_heads=12 n_kv_heads=2 head_dim=128 kv_head=1 worker=0 block_r=0 block_c=3840 t0_us=261265244184 t1_us=261265244192 dur_us=8
FIG8_ATTENTION_EVENT mode=scna-fp16 layout=serial phase=warmup iteration=0 component=v_load component_id=3 lut_exp=0 scna_layout=0 scna_width=8 qo_len=4 kv_len=4096 n_heads=12 n_kv_heads=2 head_dim=128 kv_head=1 worker=0 block_r=0 block_c=3840 t0_us=261265244192 t1_us=261265244194 dur_us=2
FIG8_ATTENTION_EVENT mode=scna-fp16 layout=serial phase=warmup iteration=0 component=scna_exp component_id=9 lut_exp=0 scna_layout=0 scna_width=8 qo_len=4 kv_len=4096 n_heads=12 n_kv_heads=2 head_dim=128 kv_head=1 worker=0 block_r=0 block_c=3840 t0_us=261265244194 t1_us=261265244194 dur_us=0
FIG8_ATTENTION_EVENT mode=scna-fp16 layout=serial phase=warmup iteration=0 component=core_acc component_id=6 lut_exp=0 scna_layout=0 scna_width=8 qo_len=4 kv_len=4096 n_heads=12 n_kv_heads=2 head_dim=128 kv_head=1 worker=0 block_r=0 block_c=3840 t0_us=261265244194 t1_us=261265244195 dur_us=0
FIG8_ATTENTION_EVENT mode=scna-fp16 layout=serial phase=warmup iteration=0 component=o_scale component_id=7 lut_exp=0 scna_layout=0 scna_width=8 qo_len=4 kv_len=4096 n_heads=12 n_kv_heads=2 head_dim=128 kv_head=1 worker=0 block_r=0 block_c=-1 t0_us=261265244195 t1_us=261265244196 dur_us=1
FIG8_ATTENTION_EVENT mode=scna-fp16 layout=serial phase=warmup iteration=0 component=o_store component_id=8 lut_exp=0 scna_layout=0 scna_width=8 qo_len=4 kv_len=4096 n_heads=12 n_kv_heads=2 head_dim=128 kv_head=1 worker=0 block_r=0 block_c=-1 t0_us=261265244197 t1_us=261265244198 dur_us=1
FIG8_ATTENTION_EVENT mode=scna-fp16 layout=serial phase=warmup iteration=0 component=q_load component_id=1 lut_exp=0 scna_layout=0 scna_width=8 qo_len=4 kv_len=4096 n_heads=12 n_kv_heads=2 head_dim=128 kv_head=0 worker=0 block_r=0 block_c=-1 t0_us=261265244238 t1_us=261265244239 dur_us=1
FIG8_ATTENTION_EVENT mode=scna-fp16 layout=serial phase=warmup iteration=0 component=k_load component_id=2 lut_exp=0 scna_layout=0 scna_width=8 qo_len=4 kv_len=4096 n_heads=12 n_kv_heads=2 head_dim=128 kv_head=0 worker=0 block_r=0 block_c=0 t0_us=261265244241 t1_us=261265244262 dur_us=21
FIG8_ATTENTION_EVENT mode=scna-fp16 layout=serial phase=warmup iteration=0 component=qk_dot component_id=4 lut_exp=0 scna_layout=0 scna_width=8 qo_len=4 kv_len=4096 n_heads=12 n_kv_heads=2 head_dim=128 kv_head=0 worker=0 block_r=0 block_c=0 t0_us=261265244263 t1_us=261265244264 dur_us=0
FIG8_ATTENTION_EVENT mode=scna-fp16 layout=serial phase=warmup iteration=0 component=scna_exp component_id=9 lut_exp=0 scna_layout=0 scna_width=8 qo_len=4 kv_len=4096 n_heads=12 n_kv_heads=2 head_dim=128 kv_head=0 worker=0 block_r=0 block_c=0 t0_us=261265244266 t1_us=261265244269 dur_us=2
FIG8_ATTENTION_EVENT mode=scna-fp16 layout=serial phase=warmup iteration=0 component=scna_exp component_id=9 lut_exp=0 scna_layout=0 scna_width=8 qo_len=4 kv_len=4096 n_heads=12 n_kv_heads=2 head_dim=128 kv_head=0 worker=0 block_r=2 block_c=0 t0_us=261265244270 t1_us=261265244272 dur_us=1
FIG8_ATTENTION_EVENT mode=scna-fp16 layout=serial phase=warmup iteration=0 component=scna_exp component_id=9 lut_exp=0 scna_layout=0 scna_width=8 qo_len=4 kv_len=4096 n_heads=12 n_kv_heads=2 head_dim=128 kv_head=0 worker=0 block_r=4 block_c=0 t0_us=261265244272 t1_us=261265244274 dur_us=1
FIG8_ATTENTION_EVENT mode=scna-fp16 layout=serial phase=warmup iteration=0 component=scna_exp component_id=9 lut_exp=0 scna_layout=0 scna_width=8 qo_len=4 kv_len=4096 n_heads=12 n_kv_heads=2 head_dim=128 kv_head=0 worker=0 block_r=6 block_c=0 t0_us=261265244275 t1_us=261265244276 dur_us=1
FIG8_ATTENTION_EVENT mode=scna-fp16 layout=serial phase=warmup iteration=0 component=scna_exp component_id=9 lut_exp=0 scna_layout=0 scna_width=8 qo_len=4 kv_len=4096 n_heads=12 n_kv_heads=2 head_dim=128 kv_head=0 worker=0 block_r=8 block_c=0 t0_us=261265244277 t1_us=261265244278 dur_us=1
FIG8_ATTENTION_EVENT mode=scna-fp16 layout=serial phase=warmup iteration=0 component=scna_exp component_id=9 lut_exp=0 scna_layout=0 scna_width=8 qo_len=4 kv_len=4096 n_heads=12 n_kv_heads=2 head_dim=128 kv_head=0 worker=0 block_r=10 block_c=0 t0_us=261265244279 t1_us=261265244280 dur_us=1
FIG8_ATTENTION_EVENT mode=scna-fp16 layout=serial phase=warmup iteration=0 component=scna_exp component_id=9 lut_exp=0 scna_layout=0 scna_width=8 qo_len=4 kv_len=4096 n_heads=12 n_kv_heads=2 head_dim=128 kv_head=0 worker=0 block_r=12 block_c=0 t0_us=261265244282 t1_us=261265244283 dur_us=1
FIG8_ATTENTION_EVENT mode=scna-fp16 layout=serial phase=warmup iteration=0 component=scna_exp component_id=9 lut_exp=0 scna_layout=0 scna_width=8 qo_len=4 kv_len=4096 n_heads=12 n_kv_heads=2 head_dim=128 kv_head=0 worker=0 block_r=14 block_c=0 t0_us=261265244284 t1_us=261265244285 dur_us=1
FIG8_ATTENTION_EVENT mode=scna-fp16 layout=serial phase=warmup iteration=0 component=scna_exp component_id=9 lut_exp=0 scna_layout=0 scna_width=8 qo_len=4 kv_len=4096 n_heads=12 n_kv_heads=2 head_dim=128 kv_head=0 worker=0 block_r=16 block_c=0 t0_us=261265244286 t1_us=261265244287 dur_us=1
FIG8_ATTENTION_EVENT mode=scna-fp16 layout=serial phase=warmup iteration=0 component=scna_exp component_id=9 lut_exp=0 scna_layout=0 scna_width=8 qo_len=4 kv_len=4096 n_heads=12 n_kv_heads=2 head_dim=128 kv_head=0 worker=0 block_r=18 block_c=0 t0_us=261265244288 t1_us=261265244290 dur_us=1
FIG8_ATTENTION_EVENT mode=scna-fp16 layout=serial phase=warmup iteration=0 component=scna_exp component_id=9 lut_exp=0 scna_layout=0 scna_width=8 qo_len=4 kv_len=4096 n_heads=12 n_kv_heads=2 head_dim=128 kv_head=0 worker=0 block_r=20 block_c=0 t0_us=261265244290 t1_us=261265244292 dur_us=1
FIG8_ATTENTION_EVENT mode=scna-fp16 layout=serial phase=warmup iteration=0 component=scna_exp component_id=9 lut_exp=0 scna_layout=0 scna_width=8 qo_len=4 kv_len=4096 n_heads=12 n_kv_heads=2 head_dim=128 kv_head=0 worker=0 block_r=22 block_c=0 t0_us=261265244292 t1_us=261265244294 dur_us=1
FIG8_ATTENTION_EVENT mode=scna-fp16 layout=serial phase=warmup iteration=0 component=safe_sm component_id=5 lut_exp=0 scna_layout=0 scna_width=8 qo_len=4 kv_len=4096 n_heads=12 n_kv_heads=2 head_dim=128 kv_head=0 worker=0 block_r=0 block_c=0 t0_us=261265244264 t1_us=261265244294 dur_us=30
FIG8_ATTENTION_EVENT mode=scna-fp16 layout=serial phase=warmup iteration=0 component=v_load component_id=3 lut_exp=0 scna_layout=0 scna_width=8 qo_len=4 kv_len=4096 n_heads=12 n_kv_heads=2 head_dim=128 kv_head=0 worker=0 block_r=0 block_c=0 t0_us=261265244295 t1_us=261265244314 dur_us=19
FIG8_ATTENTION_EVENT mode=scna-fp16 layout=serial phase=warmup iteration=0 component=scna_exp component_id=9 lut_exp=0 scna_layout=0 scna_width=8 qo_len=4 kv_len=4096 n_heads=12 n_kv_heads=2 head_dim=128 kv_head=0 worker=0 block_r=0 block_c=0 t0_us=261265244315 t1_us=261265244315 dur_us=0
FIG8_ATTENTION_EVENT mode=scna-fp16 layout=serial phase=warmup iteration=0 component=core_acc component_id=6 lut_exp=0 scna_layout=0 scna_width=8 qo_len=4 kv_len=4096 n_heads=12 n_kv_heads=2 head_dim=128 kv_head=0 worker=0 block_r=0 block_c=0 t0_us=261265244315 t1_us=261265244317 dur_us=2
FIG8_ATTENTION_EVENT mode=scna-fp16 layout=serial phase=warmup iteration=0 component=k_load component_id=2 lut_exp=0 scna_layout=0 scna_width=8 qo_len=4 kv_len=4096 n_heads=12 n_kv_heads=2 head_dim=128 kv_head=0 worker=0 block_r=0 block_c=1280 t0_us=261265244318 t1_us=261265244340 dur_us=21
FIG8_ATTENTION_EVENT mode=scna-fp16 layout=serial phase=warmup iteration=0 component=qk_dot component_id=4 lut_exp=0 scna_layout=0 scna_width=8 qo_len=4 kv_len=4096 n_heads=12 n_kv_heads=2 head_dim=128 kv_head=0 worker=0 block_r=0 block_c=1280 t0_us=261265244340 t1_us=261265244340 dur_us=0
FIG8_ATTENTION_EVENT mode=scna-fp16 layout=serial phase=warmup iteration=0 component=scna_exp component_id=9 lut_exp=0 scna_layout=0 scna_width=8 qo_len=4 kv_len=4096 n_heads=12 n_kv_heads=2 head_dim=128 kv_head=0 worker=0 block_r=0 block_c=1280 t0_us=261265244341 t1_us=261265244343 dur_us=1
FIG8_ATTENTION_EVENT mode=scna-fp16 layout=serial phase=warmup iteration=0 component=scna_exp component_id=9 lut_exp=0 scna_layout=0 scna_width=8 qo_len=4 kv_len=4096 n_heads=12 n_kv_heads=2 head_dim=128 kv_head=0 worker=0 block_r=2 block_c=1280 t0_us=261265244343 t1_us=261265244345 dur_us=1
FIG8_ATTENTION_EVENT mode=scna-fp16 layout=serial phase=warmup iteration=0 component=scna_exp component_id=9 lut_exp=0 scna_layout=0 scna_width=8 qo_len=4 kv_len=4096 n_heads=12 n_kv_heads=2 head_dim=128 kv_head=0 worker=0 block_r=4 block_c=1280 t0_us=261265244345 t1_us=261265244347 dur_us=1
FIG8_ATTENTION_EVENT mode=scna-fp16 layout=serial phase=warmup iteration=0 component=scna_exp component_id=9 lut_exp=0 scna_layout=0 scna_width=8 qo_len=4 kv_len=4096 n_heads=12 n_kv_heads=2 head_dim=128 kv_head=0 worker=0 block_r=6 block_c=1280 t0_us=261265244348 t1_us=261265244350 dur_us=1
FIG8_ATTENTION_EVENT mode=scna-fp16 layout=serial phase=warmup iteration=0 component=scna_exp component_id=9 lut_exp=0 scna_layout=0 scna_width=8 qo_len=4 kv_len=4096 n_heads=12 n_kv_heads=2 head_dim=128 kv_head=0 worker=0 block_r=8 block_c=1280 t0_us=261265244350 t1_us=261265244352 dur_us=1
FIG8_ATTENTION_EVENT mode=scna-fp16 layout=serial phase=warmup iteration=0 component=scna_exp component_id=9 lut_exp=0 scna_layout=0 scna_width=8 qo_len=4 kv_len=4096 n_heads=12 n_kv_heads=2 head_dim=128 kv_head=0 worker=0 block_r=10 block_c=1280 t0_us=261265244352 t1_us=261265244354 dur_us=1
FIG8_ATTENTION_EVENT mode=scna-fp16 layout=serial phase=warmup iteration=0 component=scna_exp component_id=9 lut_exp=0 scna_layout=0 scna_width=8 qo_len=4 kv_len=4096 n_heads=12 n_kv_heads=2 head_dim=128 kv_head=0 worker=0 block_r=12 block_c=1280 t0_us=261265244355 t1_us=261265244356 dur_us=1
FIG8_ATTENTION_EVENT mode=scna-fp16 layout=serial phase=warmup iteration=0 component=scna_exp component_id=9 lut_exp=0 scna_layout=0 scna_width=8 qo_len=4 kv_len=4096 n_heads=12 n_kv_heads=2 head_dim=128 kv_head=0 worker=0 block_r=14 block_c=1280 t0_us=261265244357 t1_us=261265244358 dur_us=1
FIG8_ATTENTION_EVENT mode=scna-fp16 layout=serial phase=warmup iteration=0 component=scna_exp component_id=9 lut_exp=0 scna_layout=0 scna_width=8 qo_len=4 kv_len=4096 n_heads=12 n_kv_heads=2 head_dim=128 kv_head=0 worker=0 block_r=16 block_c=1280 t0_us=261265244359 t1_us=261265244360 dur_us=1
FIG8_ATTENTION_EVENT mode=scna-fp16 layout=serial phase=warmup iteration=0 component=scna_exp component_id=9 lut_exp=0 scna_layout=0 scna_width=8 qo_len=4 kv_len=4096 n_heads=12 n_kv_heads=2 head_dim=128 kv_head=0 worker=0 block_r=18 block_c=1280 t0_us=261265244362 t1_us=261265244363 dur_us=1
FIG8_ATTENTION_EVENT mode=scna-fp16 layout=serial phase=warmup iteration=0 component=scna_exp component_id=9 lut_exp=0 scna_layout=0 scna_width=8 qo_len=4 kv_len=4096 n_heads=12 n_kv_heads=2 head_dim=128 kv_head=0 worker=0 block_r=20 block_c=1280 t0_us=261265244364 t1_us=261265244365 dur_us=1
FIG8_ATTENTION_EVENT mode=scna-fp16 layout=serial phase=warmup iteration=0 component=scna_exp component_id=9 lut_exp=0 scna_layout=0 scna_width=8 qo_len=4 kv_len=4096 n_heads=12 n_kv_heads=2 head_dim=128 kv_head=0 worker=0 block_r=22 block_c=1280 t0_us=261265244366 t1_us=261265244367 dur_us=1
FIG8_ATTENTION_EVENT mode=scna-fp16 layout=serial phase=warmup iteration=0 component=safe_sm component_id=5 lut_exp=0 scna_layout=0 scna_width=8 qo_len=4 kv_len=4096 n_heads=12 n_kv_heads=2 head_dim=128 kv_head=0 worker=0 block_r=0 block_c=1280 t0_us=261265244340 t1_us=261265244367 dur_us=27
FIG8_ATTENTION_EVENT mode=scna-fp16 layout=serial phase=warmup iteration=0 component=v_load component_id=3 lut_exp=0 scna_layout=0 scna_width=8 qo_len=4 kv_len=4096 n_heads=12 n_kv_heads=2 head_dim=128 kv_head=0 worker=0 block_r=0 block_c=1280 t0_us=261265244367 t1_us=261265244396 dur_us=28
FIG8_ATTENTION_EVENT mode=scna-fp16 layout=serial phase=warmup iteration=0 component=scna_exp component_id=9 lut_exp=0 scna_layout=0 scna_width=8 qo_len=4 kv_len=4096 n_heads=12 n_kv_heads=2 head_dim=128 kv_head=0 worker=0 block_r=0 block_c=1280 t0_us=261265244396 t1_us=261265244396 dur_us=0
FIG8_ATTENTION_EVENT mode=scna-fp16 layout=serial phase=warmup iteration=0 component=core_acc component_id=6 lut_exp=0 scna_layout=0 scna_width=8 qo_len=4 kv_len=4096 n_heads=12 n_kv_heads=2 head_dim=128 kv_head=0 worker=0 block_r=0 block_c=1280 t0_us=261265244396 t1_us=261265244396 dur_us=0
FIG8_ATTENTION_EVENT mode=scna-fp16 layout=serial phase=warmup iteration=0 component=k_load component_id=2 lut_exp=0 scna_layout=0 scna_width=8 qo_len=4 kv_len=4096 n_heads=12 n_kv_heads=2 head_dim=128 kv_head=0 worker=0 block_r=0 block_c=2560 t0_us=261265244396 t1_us=261265244417 dur_us=20
FIG8_ATTENTION_EVENT mode=scna-fp16 layout=serial phase=warmup iteration=0 component=qk_dot component_id=4 lut_exp=0 scna_layout=0 scna_width=8 qo_len=4 kv_len=4096 n_heads=12 n_kv_heads=2 head_dim=128 kv_head=0 worker=0 block_r=0 block_c=2560 t0_us=261265244417 t1_us=261265244417 dur_us=0
FIG8_ATTENTION_EVENT mode=scna-fp16 layout=serial phase=warmup iteration=0 component=scna_exp component_id=9 lut_exp=0 scna_layout=0 scna_width=8 qo_len=4 kv_len=4096 n_heads=12 n_kv_heads=2 head_dim=128 kv_head=0 worker=0 block_r=0 block_c=2560 t0_us=261265244419 t1_us=261265244420 dur_us=1
FIG8_ATTENTION_EVENT mode=scna-fp16 layout=serial phase=warmup iteration=0 component=scna_exp component_id=9 lut_exp=0 scna_layout=0 scna_width=8 qo_len=4 kv_len=4096 n_heads=12 n_kv_heads=2 head_dim=128 kv_head=0 worker=0 block_r=2 block_c=2560 t0_us=261265244421 t1_us=261265244422 dur_us=1
FIG8_ATTENTION_EVENT mode=scna-fp16 layout=serial phase=warmup iteration=0 component=scna_exp component_id=9 lut_exp=0 scna_layout=0 scna_width=8 qo_len=4 kv_len=4096 n_heads=12 n_kv_heads=2 head_dim=128 kv_head=0 worker=0 block_r=4 block_c=2560 t0_us=261265244423 t1_us=261265244424 dur_us=1
FIG8_ATTENTION_EVENT mode=scna-fp16 layout=serial phase=warmup iteration=0 component=scna_exp component_id=9 lut_exp=0 scna_layout=0 scna_width=8 qo_len=4 kv_len=4096 n_heads=12 n_kv_heads=2 head_dim=128 kv_head=0 worker=0 block_r=6 block_c=2560 t0_us=261265244426 t1_us=261265244427 dur_us=1
FIG8_ATTENTION_EVENT mode=scna-fp16 layout=serial phase=warmup iteration=0 component=scna_exp component_id=9 lut_exp=0 scna_layout=0 scna_width=8 qo_len=4 kv_len=4096 n_heads=12 n_kv_heads=2 head_dim=128 kv_head=0 worker=0 block_r=8 block_c=2560 t0_us=261265244428 t1_us=261265244429 dur_us=1
FIG8_ATTENTION_EVENT mode=scna-fp16 layout=serial phase=warmup iteration=0 component=scna_exp component_id=9 lut_exp=0 scna_layout=0 scna_width=8 qo_len=4 kv_len=4096 n_heads=12 n_kv_heads=2 head_dim=128 kv_head=0 worker=0 block_r=10 block_c=2560 t0_us=261265244430 t1_us=261265244431 dur_us=1
FIG8_ATTENTION_EVENT mode=scna-fp16 layout=serial phase=warmup iteration=0 component=scna_exp component_id=9 lut_exp=0 scna_layout=0 scna_width=8 qo_len=4 kv_len=4096 n_heads=12 n_kv_heads=2 head_dim=128 kv_head=0 worker=0 block_r=12 block_c=2560 t0_us=261265244433 t1_us=261265244434 dur_us=1
FIG8_ATTENTION_EVENT mode=scna-fp16 layout=serial phase=warmup iteration=0 component=scna_exp component_id=9 lut_exp=0 scna_layout=0 scna_width=8 qo_len=4 kv_len=4096 n_heads=12 n_kv_heads=2 head_dim=128 kv_head=0 worker=0 block_r=14 block_c=2560 t0_us=261265244435 t1_us=261265244436 dur_us=1
FIG8_ATTENTION_EVENT mode=scna-fp16 layout=serial phase=warmup iteration=0 component=scna_exp component_id=9 lut_exp=0 scna_layout=0 scna_width=8 qo_len=4 kv_len=4096 n_heads=12 n_kv_heads=2 head_dim=128 kv_head=0 worker=0 block_r=16 block_c=2560 t0_us=261265244437 t1_us=261265244438 dur_us=1
FIG8_ATTENTION_EVENT mode=scna-fp16 layout=serial phase=warmup iteration=0 component=scna_exp component_id=9 lut_exp=0 scna_layout=0 scna_width=8 qo_len=4 kv_len=4096 n_heads=12 n_kv_heads=2 head_dim=128 kv_head=0 worker=0 block_r=18 block_c=2560 t0_us=261265244439 t1_us=261265244441 dur_us=1
FIG8_ATTENTION_EVENT mode=scna-fp16 layout=serial phase=warmup iteration=0 component=scna_exp component_id=9 lut_exp=0 scna_layout=0 scna_width=8 qo_len=4 kv_len=4096 n_heads=12 n_kv_heads=2 head_dim=128 kv_head=0 worker=0 block_r=20 block_c=2560 t0_us=261265244441 t1_us=261265244443 dur_us=1
FIG8_ATTENTION_EVENT mode=scna-fp16 layout=serial phase=warmup iteration=0 component=scna_exp component_id=9 lut_exp=0 scna_layout=0 scna_width=8 qo_len=4 kv_len=4096 n_heads=12 n_kv_heads=2 head_dim=128 kv_head=0 worker=0 block_r=22 block_c=2560 t0_us=261265244443 t1_us=261265244445 dur_us=1
FIG8_ATTENTION_EVENT mode=scna-fp16 layout=serial phase=warmup iteration=0 component=safe_sm component_id=5 lut_exp=0 scna_layout=0 scna_width=8 qo_len=4 kv_len=4096 n_heads=12 n_kv_heads=2 head_dim=128 kv_head=0 worker=0 block_r=0 block_c=2560 t0_us=261265244418 t1_us=261265244445 dur_us=27
FIG8_ATTENTION_EVENT mode=scna-fp16 layout=serial phase=warmup iteration=0 component=v_load component_id=3 lut_exp=0 scna_layout=0 scna_width=8 qo_len=4 kv_len=4096 n_heads=12 n_kv_heads=2 head_dim=128 kv_head=0 worker=0 block_r=0 block_c=2560 t0_us=261265244445 t1_us=261265244468 dur_us=22
FIG8_ATTENTION_EVENT mode=scna-fp16 layout=serial phase=warmup iteration=0 component=scna_exp component_id=9 lut_exp=0 scna_layout=0 scna_width=8 qo_len=4 kv_len=4096 n_heads=12 n_kv_heads=2 head_dim=128 kv_head=0 worker=0 block_r=0 block_c=2560 t0_us=261265244468 t1_us=261265244468 dur_us=0
FIG8_ATTENTION_EVENT mode=scna-fp16 layout=serial phase=warmup iteration=0 component=core_acc component_id=6 lut_exp=0 scna_layout=0 scna_width=8 qo_len=4 kv_len=4096 n_heads=12 n_kv_heads=2 head_dim=128 kv_head=0 worker=0 block_r=0 block_c=2560 t0_us=261265244468 t1_us=261265244468 dur_us=0
FIG8_ATTENTION_EVENT mode=scna-fp16 layout=serial phase=warmup iteration=0 component=k_load component_id=2 lut_exp=0 scna_layout=0 scna_width=8 qo_len=4 kv_len=4096 n_heads=12 n_kv_heads=2 head_dim=128 kv_head=0 worker=0 block_r=0 block_c=3840 t0_us=261265244468 t1_us=261265244473 dur_us=4
FIG8_ATTENTION_EVENT mode=scna-fp16 layout=serial phase=warmup iteration=0 component=qk_dot component_id=4 lut_exp=0 scna_layout=0 scna_width=8 qo_len=4 kv_len=4096 n_heads=12 n_kv_heads=2 head_dim=128 kv_head=0 worker=0 block_r=0 block_c=3840 t0_us=261265244473 t1_us=261265244473 dur_us=0
FIG8_ATTENTION_EVENT mode=scna-fp16 layout=serial phase=warmup iteration=0 component=scna_exp component_id=9 lut_exp=0 scna_layout=0 scna_width=8 qo_len=4 kv_len=4096 n_heads=12 n_kv_heads=2 head_dim=128 kv_head=0 worker=0 block_r=0 block_c=3840 t0_us=261265244473 t1_us=261265244474 dur_us=0
FIG8_ATTENTION_EVENT mode=scna-fp16 layout=serial phase=warmup iteration=0 component=scna_exp component_id=9 lut_exp=0 scna_layout=0 scna_width=8 qo_len=4 kv_len=4096 n_heads=12 n_kv_heads=2 head_dim=128 kv_head=0 worker=0 block_r=2 block_c=3840 t0_us=261265244474 t1_us=261265244474 dur_us=0
FIG8_ATTENTION_EVENT mode=scna-fp16 layout=serial phase=warmup iteration=0 component=scna_exp component_id=9 lut_exp=0 scna_layout=0 scna_width=8 qo_len=4 kv_len=4096 n_heads=12 n_kv_heads=2 head_dim=128 kv_head=0 worker=0 block_r=4 block_c=3840 t0_us=261265244475 t1_us=261265244475 dur_us=0
FIG8_ATTENTION_EVENT mode=scna-fp16 layout=serial phase=warmup iteration=0 component=scna_exp component_id=9 lut_exp=0 scna_layout=0 scna_width=8 qo_len=4 kv_len=4096 n_heads=12 n_kv_heads=2 head_dim=128 kv_head=0 worker=0 block_r=6 block_c=3840 t0_us=261265244475 t1_us=261265244476 dur_us=0
FIG8_ATTENTION_EVENT mode=scna-fp16 layout=serial phase=warmup iteration=0 component=scna_exp component_id=9 lut_exp=0 scna_layout=0 scna_width=8 qo_len=4 kv_len=4096 n_heads=12 n_kv_heads=2 head_dim=128 kv_head=0 worker=0 block_r=8 block_c=3840 t0_us=261265244476 t1_us=261265244476 dur_us=0
FIG8_ATTENTION_EVENT mode=scna-fp16 layout=serial phase=warmup iteration=0 component=scna_exp component_id=9 lut_exp=0 scna_layout=0 scna_width=8 qo_len=4 kv_len=4096 n_heads=12 n_kv_heads=2 head_dim=128 kv_head=0 worker=0 block_r=10 block_c=3840 t0_us=261265244476 t1_us=261265244477 dur_us=0
FIG8_ATTENTION_EVENT mode=scna-fp16 layout=serial phase=warmup iteration=0 component=scna_exp component_id=9 lut_exp=0 scna_layout=0 scna_width=8 qo_len=4 kv_len=4096 n_heads=12 n_kv_heads=2 head_dim=128 kv_head=0 worker=0 block_r=12 block_c=3840 t0_us=261265244477 t1_us=261265244478 dur_us=0
FIG8_ATTENTION_EVENT mode=scna-fp16 layout=serial phase=warmup iteration=0 component=scna_exp component_id=9 lut_exp=0 scna_layout=0 scna_width=8 qo_len=4 kv_len=4096 n_heads=12 n_kv_heads=2 head_dim=128 kv_head=0 worker=0 block_r=14 block_c=3840 t0_us=261265244478 t1_us=261265244478 dur_us=0
FIG8_ATTENTION_EVENT mode=scna-fp16 layout=serial phase=warmup iteration=0 component=scna_exp component_id=9 lut_exp=0 scna_layout=0 scna_width=8 qo_len=4 kv_len=4096 n_heads=12 n_kv_heads=2 head_dim=128 kv_head=0 worker=0 block_r=16 block_c=3840 t0_us=261265244479 t1_us=261265244479 dur_us=0
FIG8_ATTENTION_EVENT mode=scna-fp16 layout=serial phase=warmup iteration=0 component=scna_exp component_id=9 lut_exp=0 scna_layout=0 scna_width=8 qo_len=4 kv_len=4096 n_heads=12 n_kv_heads=2 head_dim=128 kv_head=0 worker=0 block_r=18 block_c=3840 t0_us=261265244479 t1_us=261265244480 dur_us=0
FIG8_ATTENTION_EVENT mode=scna-fp16 layout=serial phase=warmup iteration=0 component=scna_exp component_id=9 lut_exp=0 scna_layout=0 scna_width=8 qo_len=4 kv_len=4096 n_heads=12 n_kv_heads=2 head_dim=128 kv_head=0 worker=0 block_r=20 block_c=3840 t0_us=261265244480 t1_us=261265244480 dur_us=0
FIG8_ATTENTION_EVENT mode=scna-fp16 layout=serial phase=warmup iteration=0 component=scna_exp component_id=9 lut_exp=0 scna_layout=0 scna_width=8 qo_len=4 kv_len=4096 n_heads=12 n_kv_heads=2 head_dim=128 kv_head=0 worker=0 block_r=22 block_c=3840 t0_us=261265244481 t1_us=261265244481 dur_us=0
FIG8_ATTENTION_EVENT mode=scna-fp16 layout=serial phase=warmup iteration=0 component=safe_sm component_id=5 lut_exp=0 scna_layout=0 scna_width=8 qo_len=4 kv_len=4096 n_heads=12 n_kv_heads=2 head_dim=128 kv_head=0 worker=0 block_r=0 block_c=3840 t0_us=261265244473 t1_us=261265244481 dur_us=8
FIG8_ATTENTION_EVENT mode=scna-fp16 layout=serial phase=warmup iteration=0 component=v_load component_id=3 lut_exp=0 scna_layout=0 scna_width=8 qo_len=4 kv_len=4096 n_heads=12 n_kv_heads=2 head_dim=128 kv_head=0 worker=0 block_r=0 block_c=3840 t0_us=261265244481 t1_us=261265244483 dur_us=2
FIG8_ATTENTION_EVENT mode=scna-fp16 layout=serial phase=warmup iteration=0 component=scna_exp component_id=9 lut_exp=0 scna_layout=0 scna_width=8 qo_len=4 kv_len=4096 n_heads=12 n_kv_heads=2 head_dim=128 kv_head=0 worker=0 block_r=0 block_c=3840 t0_us=261265244483 t1_us=261265244483 dur_us=0
FIG8_ATTENTION_EVENT mode=scna-fp16 layout=serial phase=warmup iteration=0 component=core_acc component_id=6 lut_exp=0 scna_layout=0 scna_width=8 qo_len=4 kv_len=4096 n_heads=12 n_kv_heads=2 head_dim=128 kv_head=0 worker=0 block_r=0 block_c=3840 t0_us=261265244483 t1_us=261265244484 dur_us=0
FIG8_ATTENTION_EVENT mode=scna-fp16 layout=serial phase=warmup iteration=0 component=o_scale component_id=7 lut_exp=0 scna_layout=0 scna_width=8 qo_len=4 kv_len=4096 n_heads=12 n_kv_heads=2 head_dim=128 kv_head=0 worker=0 block_r=0 block_c=-1 t0_us=261265244484 t1_us=261265244485 dur_us=1
FIG8_ATTENTION_EVENT mode=scna-fp16 layout=serial phase=warmup iteration=0 component=o_store component_id=8 lut_exp=0 scna_layout=0 scna_width=8 qo_len=4 kv_len=4096 n_heads=12 n_kv_heads=2 head_dim=128 kv_head=0 worker=0 block_r=0 block_c=-1 t0_us=261265244485 t1_us=261265244489 dur_us=3
FIG8_ATTENTION_EVENT mode=scna-fp16 layout=serial phase=warmup iteration=0 component=q_load component_id=1 lut_exp=0 scna_layout=0 scna_width=8 qo_len=4 kv_len=4096 n_heads=12 n_kv_heads=2 head_dim=128 kv_head=1 worker=0 block_r=0 block_c=-1 t0_us=261265244528 t1_us=261265244530 dur_us=1
FIG8_ATTENTION_EVENT mode=scna-fp16 layout=serial phase=warmup iteration=0 component=k_load component_id=2 lut_exp=0 scna_layout=0 scna_width=8 qo_len=4 kv_len=4096 n_heads=12 n_kv_heads=2 head_dim=128 kv_head=1 worker=0 block_r=0 block_c=0 t0_us=261265244531 t1_us=261265244552 dur_us=21
FIG8_ATTENTION_EVENT mode=scna-fp16 layout=serial phase=warmup iteration=0 component=qk_dot component_id=4 lut_exp=0 scna_layout=0 scna_width=8 qo_len=4 kv_len=4096 n_heads=12 n_kv_heads=2 head_dim=128 kv_head=1 worker=0 block_r=0 block_c=0 t0_us=261265244553 t1_us=261265244554 dur_us=1
FIG8_ATTENTION_EVENT mode=scna-fp16 layout=serial phase=warmup iteration=0 component=scna_exp component_id=9 lut_exp=0 scna_layout=0 scna_width=8 qo_len=4 kv_len=4096 n_heads=12 n_kv_heads=2 head_dim=128 kv_head=1 worker=0 block_r=0 block_c=0 t0_us=261265244556 t1_us=261265244559 dur_us=2
FIG8_ATTENTION_EVENT mode=scna-fp16 layout=serial phase=warmup iteration=0 component=scna_exp component_id=9 lut_exp=0 scna_layout=0 scna_width=8 qo_len=4 kv_len=4096 n_heads=12 n_kv_heads=2 head_dim=128 kv_head=1 worker=0 block_r=2 block_c=0 t0_us=261265244560 t1_us=261265244562 dur_us=1
FIG8_ATTENTION_EVENT mode=scna-fp16 layout=serial phase=warmup iteration=0 component=scna_exp component_id=9 lut_exp=0 scna_layout=0 scna_width=8 qo_len=4 kv_len=4096 n_heads=12 n_kv_heads=2 head_dim=128 kv_head=1 worker=0 block_r=4 block_c=0 t0_us=261265244562 t1_us=261265244564 dur_us=1
FIG8_ATTENTION_EVENT mode=scna-fp16 layout=serial phase=warmup iteration=0 component=scna_exp component_id=9 lut_exp=0 scna_layout=0 scna_width=8 qo_len=4 kv_len=4096 n_heads=12 n_kv_heads=2 head_dim=128 kv_head=1 worker=0 block_r=6 block_c=0 t0_us=261265244565 t1_us=261265244567 dur_us=1
FIG8_ATTENTION_EVENT mode=scna-fp16 layout=serial phase=warmup iteration=0 component=scna_exp component_id=9 lut_exp=0 scna_layout=0 scna_width=8 qo_len=4 kv_len=4096 n_heads=12 n_kv_heads=2 head_dim=128 kv_head=1 worker=0 block_r=8 block_c=0 t0_us=261265244567 t1_us=261265244569 dur_us=1
FIG8_ATTENTION_EVENT mode=scna-fp16 layout=serial phase=warmup iteration=0 component=scna_exp component_id=9 lut_exp=0 scna_layout=0 scna_width=8 qo_len=4 kv_len=4096 n_heads=12 n_kv_heads=2 head_dim=128 kv_head=1 worker=0 block_r=10 block_c=0 t0_us=261265244569 t1_us=261265244571 dur_us=1
FIG8_ATTENTION_EVENT mode=scna-fp16 layout=serial phase=warmup iteration=0 component=scna_exp component_id=9 lut_exp=0 scna_layout=0 scna_width=8 qo_len=4 kv_len=4096 n_heads=12 n_kv_heads=2 head_dim=128 kv_head=1 worker=0 block_r=12 block_c=0 t0_us=261265244572 t1_us=261265244573 dur_us=1
FIG8_ATTENTION_EVENT mode=scna-fp16 layout=serial phase=warmup iteration=0 component=scna_exp component_id=9 lut_exp=0 scna_layout=0 scna_width=8 qo_len=4 kv_len=4096 n_heads=12 n_kv_heads=2 head_dim=128 kv_head=1 worker=0 block_r=14 block_c=0 t0_us=261265244574 t1_us=261265244575 dur_us=1
FIG8_ATTENTION_EVENT mode=scna-fp16 layout=serial phase=warmup iteration=0 component=scna_exp component_id=9 lut_exp=0 scna_layout=0 scna_width=8 qo_len=4 kv_len=4096 n_heads=12 n_kv_heads=2 head_dim=128 kv_head=1 worker=0 block_r=16 block_c=0 t0_us=261265244576 t1_us=261265244577 dur_us=1
FIG8_ATTENTION_EVENT mode=scna-fp16 layout=serial phase=warmup iteration=0 component=scna_exp component_id=9 lut_exp=0 scna_layout=0 scna_width=8 qo_len=4 kv_len=4096 n_heads=12 n_kv_heads=2 head_dim=128 kv_head=1 worker=0 block_r=18 block_c=0 t0_us=261265244578 t1_us=261265244580 dur_us=1
FIG8_ATTENTION_EVENT mode=scna-fp16 layout=serial phase=warmup iteration=0 component=scna_exp component_id=9 lut_exp=0 scna_layout=0 scna_width=8 qo_len=4 kv_len=4096 n_heads=12 n_kv_heads=2 head_dim=128 kv_head=1 worker=0 block_r=20 block_c=0 t0_us=261265244580 t1_us=261265244582 dur_us=1
FIG8_ATTENTION_EVENT mode=scna-fp16 layout=serial phase=warmup iteration=0 component=scna_exp component_id=9 lut_exp=0 scna_layout=0 scna_width=8 qo_len=4 kv_len=4096 n_heads=12 n_kv_heads=2 head_dim=128 kv_head=1 worker=0 block_r=22 block_c=0 t0_us=261265244582 t1_us=261265244584 dur_us=1
FIG8_ATTENTION_EVENT mode=scna-fp16 layout=serial phase=warmup iteration=0 component=safe_sm component_id=5 lut_exp=0 scna_layout=0 scna_width=8 qo_len=4 kv_len=4096 n_heads=12 n_kv_heads=2 head_dim=128 kv_head=1 worker=0 block_r=0 block_c=0 t0_us=261265244554 t1_us=261265244584 dur_us=29
FIG8_ATTENTION_EVENT mode=scna-fp16 layout=serial phase=warmup iteration=0 component=v_load component_id=3 lut_exp=0 scna_layout=0 scna_width=8 qo_len=4 kv_len=4096 n_heads=12 n_kv_heads=2 head_dim=128 kv_head=1 worker=0 block_r=0 block_c=0 t0_us=261265244584 t1_us=261265244604 dur_us=19
FIG8_ATTENTION_EVENT mode=scna-fp16 layout=serial phase=warmup iteration=0 component=scna_exp component_id=9 lut_exp=0 scna_layout=0 scna_width=8 qo_len=4 kv_len=4096 n_heads=12 n_kv_heads=2 head_dim=128 kv_head=1 worker=0 block_r=0 block_c=0 t0_us=261265244605 t1_us=261265244605 dur_us=0
FIG8_ATTENTION_EVENT mode=scna-fp16 layout=serial phase=warmup iteration=0 component=core_acc component_id=6 lut_exp=0 scna_layout=0 scna_width=8 qo_len=4 kv_len=4096 n_heads=12 n_kv_heads=2 head_dim=128 kv_head=1 worker=0 block_r=0 block_c=0 t0_us=261265244605 t1_us=261265244607 dur_us=2
FIG8_ATTENTION_EVENT mode=scna-fp16 layout=serial phase=warmup iteration=0 component=k_load component_id=2 lut_exp=0 scna_layout=0 scna_width=8 qo_len=4 kv_len=4096 n_heads=12 n_kv_heads=2 head_dim=128 kv_head=1 worker=0 block_r=0 block_c=1280 t0_us=261265244608 t1_us=261265244631 dur_us=22
FIG8_ATTENTION_EVENT mode=scna-fp16 layout=serial phase=warmup iteration=0 component=qk_dot component_id=4 lut_exp=0 scna_layout=0 scna_width=8 qo_len=4 kv_len=4096 n_heads=12 n_kv_heads=2 head_dim=128 kv_head=1 worker=0 block_r=0 block_c=1280 t0_us=261265244631 t1_us=261265244631 dur_us=0
FIG8_ATTENTION_EVENT mode=scna-fp16 layout=serial phase=warmup iteration=0 component=scna_exp component_id=9 lut_exp=0 scna_layout=0 scna_width=8 qo_len=4 kv_len=4096 n_heads=12 n_kv_heads=2 head_dim=128 kv_head=1 worker=0 block_r=0 block_c=1280 t0_us=261265244632 t1_us=261265244634 dur_us=1
FIG8_ATTENTION_EVENT mode=scna-fp16 layout=serial phase=warmup iteration=0 component=scna_exp component_id=9 lut_exp=0 scna_layout=0 scna_width=8 qo_len=4 kv_len=4096 n_heads=12 n_kv_heads=2 head_dim=128 kv_head=1 worker=0 block_r=2 block_c=1280 t0_us=261265244634 t1_us=261265244636 dur_us=1
FIG8_ATTENTION_EVENT mode=scna-fp16 layout=serial phase=warmup iteration=0 component=scna_exp component_id=9 lut_exp=0 scna_layout=0 scna_width=8 qo_len=4 kv_len=4096 n_heads=12 n_kv_heads=2 head_dim=128 kv_head=1 worker=0 block_r=4 block_c=1280 t0_us=261265244636 t1_us=261265244638 dur_us=1
FIG8_ATTENTION_EVENT mode=scna-fp16 layout=serial phase=warmup iteration=0 component=scna_exp component_id=9 lut_exp=0 scna_layout=0 scna_width=8 qo_len=4 kv_len=4096 n_heads=12 n_kv_heads=2 head_dim=128 kv_head=1 worker=0 block_r=6 block_c=1280 t0_us=261265244639 t1_us=261265244641 dur_us=1
FIG8_ATTENTION_EVENT mode=scna-fp16 layout=serial phase=warmup iteration=0 component=scna_exp component_id=9 lut_exp=0 scna_layout=0 scna_width=8 qo_len=4 kv_len=4096 n_heads=12 n_kv_heads=2 head_dim=128 kv_head=1 worker=0 block_r=8 block_c=1280 t0_us=261265244641 t1_us=261265244643 dur_us=1
FIG8_ATTENTION_EVENT mode=scna-fp16 layout=serial phase=warmup iteration=0 component=scna_exp component_id=9 lut_exp=0 scna_layout=0 scna_width=8 qo_len=4 kv_len=4096 n_heads=12 n_kv_heads=2 head_dim=128 kv_head=1 worker=0 block_r=10 block_c=1280 t0_us=261265244643 t1_us=261265244645 dur_us=1
FIG8_ATTENTION_EVENT mode=scna-fp16 layout=serial phase=warmup iteration=0 component=scna_exp component_id=9 lut_exp=0 scna_layout=0 scna_width=8 qo_len=4 kv_len=4096 n_heads=12 n_kv_heads=2 head_dim=128 kv_head=1 worker=0 block_r=12 block_c=1280 t0_us=261265244646 t1_us=261265244648 dur_us=1
FIG8_ATTENTION_EVENT mode=scna-fp16 layout=serial phase=warmup iteration=0 component=scna_exp component_id=9 lut_exp=0 scna_layout=0 scna_width=8 qo_len=4 kv_len=4096 n_heads=12 n_kv_heads=2 head_dim=128 kv_head=1 worker=0 block_r=14 block_c=1280 t0_us=261265244648 t1_us=261265244650 dur_us=1
FIG8_ATTENTION_EVENT mode=scna-fp16 layout=serial phase=warmup iteration=0 component=scna_exp component_id=9 lut_exp=0 scna_layout=0 scna_width=8 qo_len=4 kv_len=4096 n_heads=12 n_kv_heads=2 head_dim=128 kv_head=1 worker=0 block_r=16 block_c=1280 t0_us=261265244650 t1_us=261265244652 dur_us=1
FIG8_ATTENTION_EVENT mode=scna-fp16 layout=serial phase=warmup iteration=0 component=scna_exp component_id=9 lut_exp=0 scna_layout=0 scna_width=8 qo_len=4 kv_len=4096 n_heads=12 n_kv_heads=2 head_dim=128 kv_head=1 worker=0 block_r=18 block_c=1280 t0_us=261265244653 t1_us=261265244655 dur_us=1
FIG8_ATTENTION_EVENT mode=scna-fp16 layout=serial phase=warmup iteration=0 component=scna_exp component_id=9 lut_exp=0 scna_layout=0 scna_width=8 qo_len=4 kv_len=4096 n_heads=12 n_kv_heads=2 head_dim=128 kv_head=1 worker=0 block_r=20 block_c=1280 t0_us=261265244655 t1_us=261265244656 dur_us=1
FIG8_ATTENTION_EVENT mode=scna-fp16 layout=serial phase=warmup iteration=0 component=scna_exp component_id=9 lut_exp=0 scna_layout=0 scna_width=8 qo_len=4 kv_len=4096 n_heads=12 n_kv_heads=2 head_dim=128 kv_head=1 worker=0 block_r=22 block_c=1280 t0_us=261265244657 t1_us=261265244658 dur_us=1
FIG8_ATTENTION_EVENT mode=scna-fp16 layout=serial phase=warmup iteration=0 component=safe_sm component_id=5 lut_exp=0 scna_layout=0 scna_width=8 qo_len=4 kv_len=4096 n_heads=12 n_kv_heads=2 head_dim=128 kv_head=1 worker=0 block_r=0 block_c=1280 t0_us=261265244631 t1_us=261265244659 dur_us=27
FIG8_ATTENTION_EVENT mode=scna-fp16 layout=serial phase=warmup iteration=0 component=v_load component_id=3 lut_exp=0 scna_layout=0 scna_width=8 qo_len=4 kv_len=4096 n_heads=12 n_kv_heads=2 head_dim=128 kv_head=1 worker=0 block_r=0 block_c=1280 t0_us=261265244659 t1_us=261265244683 dur_us=24
FIG8_ATTENTION_EVENT mode=scna-fp16 layout=serial phase=warmup iteration=0 component=scna_exp component_id=9 lut_exp=0 scna_layout=0 scna_width=8 qo_len=4 kv_len=4096 n_heads=12 n_kv_heads=2 head_dim=128 kv_head=1 worker=0 block_r=0 block_c=1280 t0_us=261265244683 t1_us=261265244683 dur_us=0
FIG8_ATTENTION_EVENT mode=scna-fp16 layout=serial phase=warmup iteration=0 component=core_acc component_id=6 lut_exp=0 scna_layout=0 scna_width=8 qo_len=4 kv_len=4096 n_heads=12 n_kv_heads=2 head_dim=128 kv_head=1 worker=0 block_r=0 block_c=1280 t0_us=261265244683 t1_us=261265244684 dur_us=0
FIG8_ATTENTION_EVENT mode=scna-fp16 layout=serial phase=warmup iteration=0 component=k_load component_id=2 lut_exp=0 scna_layout=0 scna_width=8 qo_len=4 kv_len=4096 n_heads=12 n_kv_heads=2 head_dim=128 kv_head=1 worker=0 block_r=0 block_c=2560 t0_us=261265244684 t1_us=261265244705 dur_us=20
FIG8_ATTENTION_EVENT mode=scna-fp16 layout=serial phase=warmup iteration=0 component=qk_dot component_id=4 lut_exp=0 scna_layout=0 scna_width=8 qo_len=4 kv_len=4096 n_heads=12 n_kv_heads=2 head_dim=128 kv_head=1 worker=0 block_r=0 block_c=2560 t0_us=261265244705 t1_us=261265244705 dur_us=0
FIG8_ATTENTION_EVENT mode=scna-fp16 layout=serial phase=warmup iteration=0 component=scna_exp component_id=9 lut_exp=0 scna_layout=0 scna_width=8 qo_len=4 kv_len=4096 n_heads=12 n_kv_heads=2 head_dim=128 kv_head=1 worker=0 block_r=0 block_c=2560 t0_us=261265244707 t1_us=261265244708 dur_us=1
FIG8_ATTENTION_EVENT mode=scna-fp16 layout=serial phase=warmup iteration=0 component=scna_exp component_id=9 lut_exp=0 scna_layout=0 scna_width=8 qo_len=4 kv_len=4096 n_heads=12 n_kv_heads=2 head_dim=128 kv_head=1 worker=0 block_r=2 block_c=2560 t0_us=261265244709 t1_us=261265244710 dur_us=1
FIG8_ATTENTION_EVENT mode=scna-fp16 layout=serial phase=warmup iteration=0 component=scna_exp component_id=9 lut_exp=0 scna_layout=0 scna_width=8 qo_len=4 kv_len=4096 n_heads=12 n_kv_heads=2 head_dim=128 kv_head=1 worker=0 block_r=4 block_c=2560 t0_us=261265244711 t1_us=261265244712 dur_us=1
FIG8_ATTENTION_EVENT mode=scna-fp16 layout=serial phase=warmup iteration=0 component=scna_exp component_id=9 lut_exp=0 scna_layout=0 scna_width=8 qo_len=4 kv_len=4096 n_heads=12 n_kv_heads=2 head_dim=128 kv_head=1 worker=0 block_r=6 block_c=2560 t0_us=261265244714 t1_us=261265244715 dur_us=1
FIG8_ATTENTION_EVENT mode=scna-fp16 layout=serial phase=warmup iteration=0 component=scna_exp component_id=9 lut_exp=0 scna_layout=0 scna_width=8 qo_len=4 kv_len=4096 n_heads=12 n_kv_heads=2 head_dim=128 kv_head=1 worker=0 block_r=8 block_c=2560 t0_us=261265244715 t1_us=261265244717 dur_us=1
FIG8_ATTENTION_EVENT mode=scna-fp16 layout=serial phase=warmup iteration=0 component=scna_exp component_id=9 lut_exp=0 scna_layout=0 scna_width=8 qo_len=4 kv_len=4096 n_heads=12 n_kv_heads=2 head_dim=128 kv_head=1 worker=0 block_r=10 block_c=2560 t0_us=261265244717 t1_us=261265244719 dur_us=1
FIG8_ATTENTION_EVENT mode=scna-fp16 layout=serial phase=warmup iteration=0 component=scna_exp component_id=9 lut_exp=0 scna_layout=0 scna_width=8 qo_len=4 kv_len=4096 n_heads=12 n_kv_heads=2 head_dim=128 kv_head=1 worker=0 block_r=12 block_c=2560 t0_us=261265244720 t1_us=261265244722 dur_us=1
FIG8_ATTENTION_EVENT mode=scna-fp16 layout=serial phase=warmup iteration=0 component=scna_exp component_id=9 lut_exp=0 scna_layout=0 scna_width=8 qo_len=4 kv_len=4096 n_heads=12 n_kv_heads=2 head_dim=128 kv_head=1 worker=0 block_r=14 block_c=2560 t0_us=261265244722 t1_us=261265244724 dur_us=1
FIG8_ATTENTION_EVENT mode=scna-fp16 layout=serial phase=warmup iteration=0 component=scna_exp component_id=9 lut_exp=0 scna_layout=0 scna_width=8 qo_len=4 kv_len=4096 n_heads=12 n_kv_heads=2 head_dim=128 kv_head=1 worker=0 block_r=16 block_c=2560 t0_us=261265244724 t1_us=261265244726 dur_us=1
FIG8_ATTENTION_EVENT mode=scna-fp16 layout=serial phase=warmup iteration=0 component=scna_exp component_id=9 lut_exp=0 scna_layout=0 scna_width=8 qo_len=4 kv_len=4096 n_heads=12 n_kv_heads=2 head_dim=128 kv_head=1 worker=0 block_r=18 block_c=2560 t0_us=261265244727 t1_us=261265244729 dur_us=1
FIG8_ATTENTION_EVENT mode=scna-fp16 layout=serial phase=warmup iteration=0 component=scna_exp component_id=9 lut_exp=0 scna_layout=0 scna_width=8 qo_len=4 kv_len=4096 n_heads=12 n_kv_heads=2 head_dim=128 kv_head=1 worker=0 block_r=20 block_c=2560 t0_us=261265244729 t1_us=261265244730 dur_us=1
FIG8_ATTENTION_EVENT mode=scna-fp16 layout=serial phase=warmup iteration=0 component=scna_exp component_id=9 lut_exp=0 scna_layout=0 scna_width=8 qo_len=4 kv_len=4096 n_heads=12 n_kv_heads=2 head_dim=128 kv_head=1 worker=0 block_r=22 block_c=2560 t0_us=261265244731 t1_us=261265244732 dur_us=1
FIG8_ATTENTION_EVENT mode=scna-fp16 layout=serial phase=warmup iteration=0 component=safe_sm component_id=5 lut_exp=0 scna_layout=0 scna_width=8 qo_len=4 kv_len=4096 n_heads=12 n_kv_heads=2 head_dim=128 kv_head=1 worker=0 block_r=0 block_c=2560 t0_us=261265244705 t1_us=261265244733 dur_us=27
FIG8_ATTENTION_EVENT mode=scna-fp16 layout=serial phase=warmup iteration=0 component=v_load component_id=3 lut_exp=0 scna_layout=0 scna_width=8 qo_len=4 kv_len=4096 n_heads=12 n_kv_heads=2 head_dim=128 kv_head=1 worker=0 block_r=0 block_c=2560 t0_us=261265244733 t1_us=261265244759 dur_us=26
FIG8_ATTENTION_EVENT mode=scna-fp16 layout=serial phase=warmup iteration=0 component=scna_exp component_id=9 lut_exp=0 scna_layout=0 scna_width=8 qo_len=4 kv_len=4096 n_heads=12 n_kv_heads=2 head_dim=128 kv_head=1 worker=0 block_r=0 block_c=2560 t0_us=261265244759 t1_us=261265244759 dur_us=0
FIG8_ATTENTION_EVENT mode=scna-fp16 layout=serial phase=warmup iteration=0 component=core_acc component_id=6 lut_exp=0 scna_layout=0 scna_width=8 qo_len=4 kv_len=4096 n_heads=12 n_kv_heads=2 head_dim=128 kv_head=1 worker=0 block_r=0 block_c=2560 t0_us=261265244759 t1_us=261265244760 dur_us=0
FIG8_ATTENTION_EVENT mode=scna-fp16 layout=serial phase=warmup iteration=0 component=k_load component_id=2 lut_exp=0 scna_layout=0 scna_width=8 qo_len=4 kv_len=4096 n_heads=12 n_kv_heads=2 head_dim=128 kv_head=1 worker=0 block_r=0 block_c=3840 t0_us=261265244760 t1_us=261265244764 dur_us=4
FIG8_ATTENTION_EVENT mode=scna-fp16 layout=serial phase=warmup iteration=0 component=qk_dot component_id=4 lut_exp=0 scna_layout=0 scna_width=8 qo_len=4 kv_len=4096 n_heads=12 n_kv_heads=2 head_dim=128 kv_head=1 worker=0 block_r=0 block_c=3840 t0_us=261265244764 t1_us=261265244764 dur_us=0
FIG8_ATTENTION_EVENT mode=scna-fp16 layout=serial phase=warmup iteration=0 component=scna_exp component_id=9 lut_exp=0 scna_layout=0 scna_width=8 qo_len=4 kv_len=4096 n_heads=12 n_kv_heads=2 head_dim=128 kv_head=1 worker=0 block_r=0 block_c=3840 t0_us=261265244765 t1_us=261265244765 dur_us=0
FIG8_ATTENTION_EVENT mode=scna-fp16 layout=serial phase=warmup iteration=0 component=scna_exp component_id=9 lut_exp=0 scna_layout=0 scna_width=8 qo_len=4 kv_len=4096 n_heads=12 n_kv_heads=2 head_dim=128 kv_head=1 worker=0 block_r=2 block_c=3840 t0_us=261265244765 t1_us=261265244766 dur_us=0
FIG8_ATTENTION_EVENT mode=scna-fp16 layout=serial phase=warmup iteration=0 component=scna_exp component_id=9 lut_exp=0 scna_layout=0 scna_width=8 qo_len=4 kv_len=4096 n_heads=12 n_kv_heads=2 head_dim=128 kv_head=1 worker=0 block_r=4 block_c=3840 t0_us=261265244766 t1_us=261265244766 dur_us=0
FIG8_ATTENTION_EVENT mode=scna-fp16 layout=serial phase=warmup iteration=0 component=scna_exp component_id=9 lut_exp=0 scna_layout=0 scna_width=8 qo_len=4 kv_len=4096 n_heads=12 n_kv_heads=2 head_dim=128 kv_head=1 worker=0 block_r=6 block_c=3840 t0_us=261265244767 t1_us=261265244767 dur_us=0
FIG8_ATTENTION_EVENT mode=scna-fp16 layout=serial phase=warmup iteration=0 component=scna_exp component_id=9 lut_exp=0 scna_layout=0 scna_width=8 qo_len=4 kv_len=4096 n_heads=12 n_kv_heads=2 head_dim=128 kv_head=1 worker=0 block_r=8 block_c=3840 t0_us=261265244767 t1_us=261265244768 dur_us=0
FIG8_ATTENTION_EVENT mode=scna-fp16 layout=serial phase=warmup iteration=0 component=scna_exp component_id=9 lut_exp=0 scna_layout=0 scna_width=8 qo_len=4 kv_len=4096 n_heads=12 n_kv_heads=2 head_dim=128 kv_head=1 worker=0 block_r=10 block_c=3840 t0_us=261265244768 t1_us=261265244768 dur_us=0
FIG8_ATTENTION_EVENT mode=scna-fp16 layout=serial phase=warmup iteration=0 component=scna_exp component_id=9 lut_exp=0 scna_layout=0 scna_width=8 qo_len=4 kv_len=4096 n_heads=12 n_kv_heads=2 head_dim=128 kv_head=1 worker=0 block_r=12 block_c=3840 t0_us=261265244769 t1_us=261265244769 dur_us=0
FIG8_ATTENTION_EVENT mode=scna-fp16 layout=serial phase=warmup iteration=0 component=scna_exp component_id=9 lut_exp=0 scna_layout=0 scna_width=8 qo_len=4 kv_len=4096 n_heads=12 n_kv_heads=2 head_dim=128 kv_head=1 worker=0 block_r=14 block_c=3840 t0_us=261265244769 t1_us=261265244770 dur_us=0
FIG8_ATTENTION_EVENT mode=scna-fp16 layout=serial phase=warmup iteration=0 component=scna_exp component_id=9 lut_exp=0 scna_layout=0 scna_width=8 qo_len=4 kv_len=4096 n_heads=12 n_kv_heads=2 head_dim=128 kv_head=1 worker=0 block_r=16 block_c=3840 t0_us=261265244770 t1_us=261265244770 dur_us=0
FIG8_ATTENTION_EVENT mode=scna-fp16 layout=serial phase=warmup iteration=0 component=scna_exp component_id=9 lut_exp=0 scna_layout=0 scna_width=8 qo_len=4 kv_len=4096 n_heads=12 n_kv_heads=2 head_dim=128 kv_head=1 worker=0 block_r=18 block_c=3840 t0_us=261265244771 t1_us=261265244771 dur_us=0
FIG8_ATTENTION_EVENT mode=scna-fp16 layout=serial phase=warmup iteration=0 component=scna_exp component_id=9 lut_exp=0 scna_layout=0 scna_width=8 qo_len=4 kv_len=4096 n_heads=12 n_kv_heads=2 head_dim=128 kv_head=1 worker=0 block_r=20 block_c=3840 t0_us=261265244771 t1_us=261265244772 dur_us=0
FIG8_ATTENTION_EVENT mode=scna-fp16 layout=serial phase=warmup iteration=0 component=scna_exp component_id=9 lut_exp=0 scna_layout=0 scna_width=8 qo_len=4 kv_len=4096 n_heads=12 n_kv_heads=2 head_dim=128 kv_head=1 worker=0 block_r=22 block_c=3840 t0_us=261265244772 t1_us=261265244772 dur_us=0
FIG8_ATTENTION_EVENT mode=scna-fp16 layout=serial phase=warmup iteration=0 component=safe_sm component_id=5 lut_exp=0 scna_layout=0 scna_width=8 qo_len=4 kv_len=4096 n_heads=12 n_kv_heads=2 head_dim=128 kv_head=1 worker=0 block_r=0 block_c=3840 t0_us=261265244764 t1_us=261265244773 dur_us=8
FIG8_ATTENTION_EVENT mode=scna-fp16 layout=serial phase=warmup iteration=0 component=v_load component_id=3 lut_exp=0 scna_layout=0 scna_width=8 qo_len=4 kv_len=4096 n_heads=12 n_kv_heads=2 head_dim=128 kv_head=1 worker=0 block_r=0 block_c=3840 t0_us=261265244773 t1_us=261265244775 dur_us=2
FIG8_ATTENTION_EVENT mode=scna-fp16 layout=serial phase=warmup iteration=0 component=scna_exp component_id=9 lut_exp=0 scna_layout=0 scna_width=8 qo_len=4 kv_len=4096 n_heads=12 n_kv_heads=2 head_dim=128 kv_head=1 worker=0 block_r=0 block_c=3840 t0_us=261265244775 t1_us=261265244775 dur_us=0
FIG8_ATTENTION_EVENT mode=scna-fp16 layout=serial phase=warmup iteration=0 component=core_acc component_id=6 lut_exp=0 scna_layout=0 scna_width=8 qo_len=4 kv_len=4096 n_heads=12 n_kv_heads=2 head_dim=128 kv_head=1 worker=0 block_r=0 block_c=3840 t0_us=261265244775 t1_us=261265244775 dur_us=0
FIG8_ATTENTION_EVENT mode=scna-fp16 layout=serial phase=warmup iteration=0 component=o_scale component_id=7 lut_exp=0 scna_layout=0 scna_width=8 qo_len=4 kv_len=4096 n_heads=12 n_kv_heads=2 head_dim=128 kv_head=1 worker=0 block_r=0 block_c=-1 t0_us=261265244775 t1_us=261265244777 dur_us=1
FIG8_ATTENTION_EVENT mode=scna-fp16 layout=serial phase=warmup iteration=0 component=o_store component_id=8 lut_exp=0 scna_layout=0 scna_width=8 qo_len=4 kv_len=4096 n_heads=12 n_kv_heads=2 head_dim=128 kv_head=1 worker=0 block_r=0 block_c=-1 t0_us=261265244777 t1_us=261265244779 dur_us=1
FIG8_ATTENTION_EVENT mode=scna-fp16 layout=serial phase=warmup iteration=0 component=q_load component_id=1 lut_exp=0 scna_layout=0 scna_width=8 qo_len=4 kv_len=4096 n_heads=12 n_kv_heads=2 head_dim=128 kv_head=0 worker=0 block_r=0 block_c=-1 t0_us=261265244818 t1_us=261265244819 dur_us=1
FIG8_ATTENTION_EVENT mode=scna-fp16 layout=serial phase=warmup iteration=0 component=k_load component_id=2 lut_exp=0 scna_layout=0 scna_width=8 qo_len=4 kv_len=4096 n_heads=12 n_kv_heads=2 head_dim=128 kv_head=0 worker=0 block_r=0 block_c=0 t0_us=261265244821 t1_us=261265244842 dur_us=21
FIG8_ATTENTION_EVENT mode=scna-fp16 layout=serial phase=warmup iteration=0 component=qk_dot component_id=4 lut_exp=0 scna_layout=0 scna_width=8 qo_len=4 kv_len=4096 n_heads=12 n_kv_heads=2 head_dim=128 kv_head=0 worker=0 block_r=0 block_c=0 t0_us=261265244843 t1_us=261265244844 dur_us=1
FIG8_ATTENTION_EVENT mode=scna-fp16 layout=serial phase=warmup iteration=0 component=scna_exp component_id=9 lut_exp=0 scna_layout=0 scna_width=8 qo_len=4 kv_len=4096 n_heads=12 n_kv_heads=2 head_dim=128 kv_head=0 worker=0 block_r=0 block_c=0 t0_us=261265244847 t1_us=261265244850 dur_us=2
FIG8_ATTENTION_EVENT mode=scna-fp16 layout=serial phase=warmup iteration=0 component=scna_exp component_id=9 lut_exp=0 scna_layout=0 scna_width=8 qo_len=4 kv_len=4096 n_heads=12 n_kv_heads=2 head_dim=128 kv_head=0 worker=0 block_r=2 block_c=0 t0_us=261265244851 t1_us=261265244852 dur_us=1
FIG8_ATTENTION_EVENT mode=scna-fp16 layout=serial phase=warmup iteration=0 component=scna_exp component_id=9 lut_exp=0 scna_layout=0 scna_width=8 qo_len=4 kv_len=4096 n_heads=12 n_kv_heads=2 head_dim=128 kv_head=0 worker=0 block_r=4 block_c=0 t0_us=261265244853 t1_us=261265244854 dur_us=1
FIG8_ATTENTION_EVENT mode=scna-fp16 layout=serial phase=warmup iteration=0 component=scna_exp component_id=9 lut_exp=0 scna_layout=0 scna_width=8 qo_len=4 kv_len=4096 n_heads=12 n_kv_heads=2 head_dim=128 kv_head=0 worker=0 block_r=6 block_c=0 t0_us=261265244856 t1_us=261265244857 dur_us=1
FIG8_ATTENTION_EVENT mode=scna-fp16 layout=serial phase=warmup iteration=0 component=scna_exp component_id=9 lut_exp=0 scna_layout=0 scna_width=8 qo_len=4 kv_len=4096 n_heads=12 n_kv_heads=2 head_dim=128 kv_head=0 worker=0 block_r=8 block_c=0 t0_us=261265244858 t1_us=261265244859 dur_us=1
FIG8_ATTENTION_EVENT mode=scna-fp16 layout=serial phase=warmup iteration=0 component=scna_exp component_id=9 lut_exp=0 scna_layout=0 scna_width=8 qo_len=4 kv_len=4096 n_heads=12 n_kv_heads=2 head_dim=128 kv_head=0 worker=0 block_r=10 block_c=0 t0_us=261265244860 t1_us=261265244861 dur_us=1
FIG8_ATTENTION_EVENT mode=scna-fp16 layout=serial phase=warmup iteration=0 component=scna_exp component_id=9 lut_exp=0 scna_layout=0 scna_width=8 qo_len=4 kv_len=4096 n_heads=12 n_kv_heads=2 head_dim=128 kv_head=0 worker=0 block_r=12 block_c=0 t0_us=261265244862 t1_us=261265244864 dur_us=1
FIG8_ATTENTION_EVENT mode=scna-fp16 layout=serial phase=warmup iteration=0 component=scna_exp component_id=9 lut_exp=0 scna_layout=0 scna_width=8 qo_len=4 kv_len=4096 n_heads=12 n_kv_heads=2 head_dim=128 kv_head=0 worker=0 block_r=14 block_c=0 t0_us=261265244864 t1_us=261265244866 dur_us=1
FIG8_ATTENTION_EVENT mode=scna-fp16 layout=serial phase=warmup iteration=0 component=scna_exp component_id=9 lut_exp=0 scna_layout=0 scna_width=8 qo_len=4 kv_len=4096 n_heads=12 n_kv_heads=2 head_dim=128 kv_head=0 worker=0 block_r=16 block_c=0 t0_us=261265244866 t1_us=261265244868 dur_us=1
FIG8_ATTENTION_EVENT mode=scna-fp16 layout=serial phase=warmup iteration=0 component=scna_exp component_id=9 lut_exp=0 scna_layout=0 scna_width=8 qo_len=4 kv_len=4096 n_heads=12 n_kv_heads=2 head_dim=128 kv_head=0 worker=0 block_r=18 block_c=0 t0_us=261265244869 t1_us=261265244871 dur_us=1
FIG8_ATTENTION_EVENT mode=scna-fp16 layout=serial phase=warmup iteration=0 component=scna_exp component_id=9 lut_exp=0 scna_layout=0 scna_width=8 qo_len=4 kv_len=4096 n_heads=12 n_kv_heads=2 head_dim=128 kv_head=0 worker=0 block_r=20 block_c=0 t0_us=261265244871 t1_us=261265244873 dur_us=1
FIG8_ATTENTION_EVENT mode=scna-fp16 layout=serial phase=warmup iteration=0 component=scna_exp component_id=9 lut_exp=0 scna_layout=0 scna_width=8 qo_len=4 kv_len=4096 n_heads=12 n_kv_heads=2 head_dim=128 kv_head=0 worker=0 block_r=22 block_c=0 t0_us=261265244873 t1_us=261265244875 dur_us=1
FIG8_ATTENTION_EVENT mode=scna-fp16 layout=serial phase=warmup iteration=0 component=safe_sm component_id=5 lut_exp=0 scna_layout=0 scna_width=8 qo_len=4 kv_len=4096 n_heads=12 n_kv_heads=2 head_dim=128 kv_head=0 worker=0 block_r=0 block_c=0 t0_us=261265244844 t1_us=261265244875 dur_us=30
FIG8_ATTENTION_EVENT mode=scna-fp16 layout=serial phase=warmup iteration=0 component=v_load component_id=3 lut_exp=0 scna_layout=0 scna_width=8 qo_len=4 kv_len=4096 n_heads=12 n_kv_heads=2 head_dim=128 kv_head=0 worker=0 block_r=0 block_c=0 t0_us=261265244875 t1_us=261265244893 dur_us=18
FIG8_ATTENTION_EVENT mode=scna-fp16 layout=serial phase=warmup iteration=0 component=scna_exp component_id=9 lut_exp=0 scna_layout=0 scna_width=8 qo_len=4 kv_len=4096 n_heads=12 n_kv_heads=2 head_dim=128 kv_head=0 worker=0 block_r=0 block_c=0 t0_us=261265244894 t1_us=261265244894 dur_us=0
FIG8_ATTENTION_EVENT mode=scna-fp16 layout=serial phase=warmup iteration=0 component=core_acc component_id=6 lut_exp=0 scna_layout=0 scna_width=8 qo_len=4 kv_len=4096 n_heads=12 n_kv_heads=2 head_dim=128 kv_head=0 worker=0 block_r=0 block_c=0 t0_us=261265244894 t1_us=261265244896 dur_us=2
FIG8_ATTENTION_EVENT mode=scna-fp16 layout=serial phase=warmup iteration=0 component=k_load component_id=2 lut_exp=0 scna_layout=0 scna_width=8 qo_len=4 kv_len=4096 n_heads=12 n_kv_heads=2 head_dim=128 kv_head=0 worker=0 block_r=0 block_c=1280 t0_us=261265244897 t1_us=261265244919 dur_us=22
FIG8_ATTENTION_EVENT mode=scna-fp16 layout=serial phase=warmup iteration=0 component=qk_dot component_id=4 lut_exp=0 scna_layout=0 scna_width=8 qo_len=4 kv_len=4096 n_heads=12 n_kv_heads=2 head_dim=128 kv_head=0 worker=0 block_r=0 block_c=1280 t0_us=261265244919 t1_us=261265244920 dur_us=0
FIG8_ATTENTION_EVENT mode=scna-fp16 layout=serial phase=warmup iteration=0 component=scna_exp component_id=9 lut_exp=0 scna_layout=0 scna_width=8 qo_len=4 kv_len=4096 n_heads=12 n_kv_heads=2 head_dim=128 kv_head=0 worker=0 block_r=0 block_c=1280 t0_us=261265244921 t1_us=261265244923 dur_us=1
FIG8_ATTENTION_EVENT mode=scna-fp16 layout=serial phase=warmup iteration=0 component=scna_exp component_id=9 lut_exp=0 scna_layout=0 scna_width=8 qo_len=4 kv_len=4096 n_heads=12 n_kv_heads=2 head_dim=128 kv_head=0 worker=0 block_r=2 block_c=1280 t0_us=261265244923 t1_us=261265244925 dur_us=1
FIG8_ATTENTION_EVENT mode=scna-fp16 layout=serial phase=warmup iteration=0 component=scna_exp component_id=9 lut_exp=0 scna_layout=0 scna_width=8 qo_len=4 kv_len=4096 n_heads=12 n_kv_heads=2 head_dim=128 kv_head=0 worker=0 block_r=4 block_c=1280 t0_us=261265244925 t1_us=261265244927 dur_us=1
FIG8_ATTENTION_EVENT mode=scna-fp16 layout=serial phase=warmup iteration=0 component=scna_exp component_id=9 lut_exp=0 scna_layout=0 scna_width=8 qo_len=4 kv_len=4096 n_heads=12 n_kv_heads=2 head_dim=128 kv_head=0 worker=0 block_r=6 block_c=1280 t0_us=261265244928 t1_us=261265244930 dur_us=1
FIG8_ATTENTION_EVENT mode=scna-fp16 layout=serial phase=warmup iteration=0 component=scna_exp component_id=9 lut_exp=0 scna_layout=0 scna_width=8 qo_len=4 kv_len=4096 n_heads=12 n_kv_heads=2 head_dim=128 kv_head=0 worker=0 block_r=8 block_c=1280 t0_us=261265244930 t1_us=261265244932 dur_us=1
FIG8_ATTENTION_EVENT mode=scna-fp16 layout=serial phase=warmup iteration=0 component=scna_exp component_id=9 lut_exp=0 scna_layout=0 scna_width=8 qo_len=4 kv_len=4096 n_heads=12 n_kv_heads=2 head_dim=128 kv_head=0 worker=0 block_r=10 block_c=1280 t0_us=261265244932 t1_us=261265244934 dur_us=1
FIG8_ATTENTION_EVENT mode=scna-fp16 layout=serial phase=warmup iteration=0 component=scna_exp component_id=9 lut_exp=0 scna_layout=0 scna_width=8 qo_len=4 kv_len=4096 n_heads=12 n_kv_heads=2 head_dim=128 kv_head=0 worker=0 block_r=12 block_c=1280 t0_us=261265244935 t1_us=261265244937 dur_us=1
FIG8_ATTENTION_EVENT mode=scna-fp16 layout=serial phase=warmup iteration=0 component=scna_exp component_id=9 lut_exp=0 scna_layout=0 scna_width=8 qo_len=4 kv_len=4096 n_heads=12 n_kv_heads=2 head_dim=128 kv_head=0 worker=0 block_r=14 block_c=1280 t0_us=261265244937 t1_us=261265244939 dur_us=1
FIG8_ATTENTION_EVENT mode=scna-fp16 layout=serial phase=warmup iteration=0 component=scna_exp component_id=9 lut_exp=0 scna_layout=0 scna_width=8 qo_len=4 kv_len=4096 n_heads=12 n_kv_heads=2 head_dim=128 kv_head=0 worker=0 block_r=16 block_c=1280 t0_us=261265244939 t1_us=261265244941 dur_us=1
FIG8_ATTENTION_EVENT mode=scna-fp16 layout=serial phase=warmup iteration=0 component=scna_exp component_id=9 lut_exp=0 scna_layout=0 scna_width=8 qo_len=4 kv_len=4096 n_heads=12 n_kv_heads=2 head_dim=128 kv_head=0 worker=0 block_r=18 block_c=1280 t0_us=261265244942 t1_us=261265244943 dur_us=1
FIG8_ATTENTION_EVENT mode=scna-fp16 layout=serial phase=warmup iteration=0 component=scna_exp component_id=9 lut_exp=0 scna_layout=0 scna_width=8 qo_len=4 kv_len=4096 n_heads=12 n_kv_heads=2 head_dim=128 kv_head=0 worker=0 block_r=20 block_c=1280 t0_us=261265244944 t1_us=261265244945 dur_us=1
FIG8_ATTENTION_EVENT mode=scna-fp16 layout=serial phase=warmup iteration=0 component=scna_exp component_id=9 lut_exp=0 scna_layout=0 scna_width=8 qo_len=4 kv_len=4096 n_heads=12 n_kv_heads=2 head_dim=128 kv_head=0 worker=0 block_r=22 block_c=1280 t0_us=261265244946 t1_us=261265244947 dur_us=1
FIG8_ATTENTION_EVENT mode=scna-fp16 layout=serial phase=warmup iteration=0 component=safe_sm component_id=5 lut_exp=0 scna_layout=0 scna_width=8 qo_len=4 kv_len=4096 n_heads=12 n_kv_heads=2 head_dim=128 kv_head=0 worker=0 block_r=0 block_c=1280 t0_us=261265244920 t1_us=261265244947 dur_us=27
FIG8_ATTENTION_EVENT mode=scna-fp16 layout=serial phase=warmup iteration=0 component=v_load component_id=3 lut_exp=0 scna_layout=0 scna_width=8 qo_len=4 kv_len=4096 n_heads=12 n_kv_heads=2 head_dim=128 kv_head=0 worker=0 block_r=0 block_c=1280 t0_us=261265244948 t1_us=261265244974 dur_us=26
FIG8_ATTENTION_EVENT mode=scna-fp16 layout=serial phase=warmup iteration=0 component=scna_exp component_id=9 lut_exp=0 scna_layout=0 scna_width=8 qo_len=4 kv_len=4096 n_heads=12 n_kv_heads=2 head_dim=128 kv_head=0 worker=0 block_r=0 block_c=1280 t0_us=261265244974 t1_us=261265244974 dur_us=0
FIG8_ATTENTION_EVENT mode=scna-fp16 layout=serial phase=warmup iteration=0 component=core_acc component_id=6 lut_exp=0 scna_layout=0 scna_width=8 qo_len=4 kv_len=4096 n_heads=12 n_kv_heads=2 head_dim=128 kv_head=0 worker=0 block_r=0 block_c=1280 t0_us=261265244974 t1_us=261265244974 dur_us=0
FIG8_ATTENTION_EVENT mode=scna-fp16 layout=serial phase=warmup iteration=0 component=k_load component_id=2 lut_exp=0 scna_layout=0 scna_width=8 qo_len=4 kv_len=4096 n_heads=12 n_kv_heads=2 head_dim=128 kv_head=0 worker=0 block_r=0 block_c=2560 t0_us=261265244974 t1_us=261265244995 dur_us=20
FIG8_ATTENTION_EVENT mode=scna-fp16 layout=serial phase=warmup iteration=0 component=qk_dot component_id=4 lut_exp=0 scna_layout=0 scna_width=8 qo_len=4 kv_len=4096 n_heads=12 n_kv_heads=2 head_dim=128 kv_head=0 worker=0 block_r=0 block_c=2560 t0_us=261265244995 t1_us=261265244995 dur_us=0
FIG8_ATTENTION_EVENT mode=scna-fp16 layout=serial phase=warmup iteration=0 component=scna_exp component_id=9 lut_exp=0 scna_layout=0 scna_width=8 qo_len=4 kv_len=4096 n_heads=12 n_kv_heads=2 head_dim=128 kv_head=0 worker=0 block_r=0 block_c=2560 t0_us=261265244997 t1_us=261265244998 dur_us=1
FIG8_ATTENTION_EVENT mode=scna-fp16 layout=serial phase=warmup iteration=0 component=scna_exp component_id=9 lut_exp=0 scna_layout=0 scna_width=8 qo_len=4 kv_len=4096 n_heads=12 n_kv_heads=2 head_dim=128 kv_head=0 worker=0 block_r=2 block_c=2560 t0_us=261265244999 t1_us=261265245000 dur_us=1
FIG8_ATTENTION_EVENT mode=scna-fp16 layout=serial phase=warmup iteration=0 component=scna_exp component_id=9 lut_exp=0 scna_layout=0 scna_width=8 qo_len=4 kv_len=4096 n_heads=12 n_kv_heads=2 head_dim=128 kv_head=0 worker=0 block_r=4 block_c=2560 t0_us=261265245001 t1_us=261265245002 dur_us=1
FIG8_ATTENTION_EVENT mode=scna-fp16 layout=serial phase=warmup iteration=0 component=scna_exp component_id=9 lut_exp=0 scna_layout=0 scna_width=8 qo_len=4 kv_len=4096 n_heads=12 n_kv_heads=2 head_dim=128 kv_head=0 worker=0 block_r=6 block_c=2560 t0_us=261265245004 t1_us=261265245005 dur_us=1
FIG8_ATTENTION_EVENT mode=scna-fp16 layout=serial phase=warmup iteration=0 component=scna_exp component_id=9 lut_exp=0 scna_layout=0 scna_width=8 qo_len=4 kv_len=4096 n_heads=12 n_kv_heads=2 head_dim=128 kv_head=0 worker=0 block_r=8 block_c=2560 t0_us=261265245006 t1_us=261265245007 dur_us=1
FIG8_ATTENTION_EVENT mode=scna-fp16 layout=serial phase=warmup iteration=0 component=scna_exp component_id=9 lut_exp=0 scna_layout=0 scna_width=8 qo_len=4 kv_len=4096 n_heads=12 n_kv_heads=2 head_dim=128 kv_head=0 worker=0 block_r=10 block_c=2560 t0_us=261265245008 t1_us=261265245009 dur_us=1
FIG8_ATTENTION_EVENT mode=scna-fp16 layout=serial phase=warmup iteration=0 component=scna_exp component_id=9 lut_exp=0 scna_layout=0 scna_width=8 qo_len=4 kv_len=4096 n_heads=12 n_kv_heads=2 head_dim=128 kv_head=0 worker=0 block_r=12 block_c=2560 t0_us=261265245010 t1_us=261265245012 dur_us=1
FIG8_ATTENTION_EVENT mode=scna-fp16 layout=serial phase=warmup iteration=0 component=scna_exp component_id=9 lut_exp=0 scna_layout=0 scna_width=8 qo_len=4 kv_len=4096 n_heads=12 n_kv_heads=2 head_dim=128 kv_head=0 worker=0 block_r=14 block_c=2560 t0_us=261265245012 t1_us=261265245014 dur_us=1
FIG8_ATTENTION_EVENT mode=scna-fp16 layout=serial phase=warmup iteration=0 component=scna_exp component_id=9 lut_exp=0 scna_layout=0 scna_width=8 qo_len=4 kv_len=4096 n_heads=12 n_kv_heads=2 head_dim=128 kv_head=0 worker=0 block_r=16 block_c=2560 t0_us=261265245014 t1_us=261265245016 dur_us=1
FIG8_ATTENTION_EVENT mode=scna-fp16 layout=serial phase=warmup iteration=0 component=scna_exp component_id=9 lut_exp=0 scna_layout=0 scna_width=8 qo_len=4 kv_len=4096 n_heads=12 n_kv_heads=2 head_dim=128 kv_head=0 worker=0 block_r=18 block_c=2560 t0_us=261265245017 t1_us=261265245019 dur_us=1
FIG8_ATTENTION_EVENT mode=scna-fp16 layout=serial phase=warmup iteration=0 component=scna_exp component_id=9 lut_exp=0 scna_layout=0 scna_width=8 qo_len=4 kv_len=4096 n_heads=12 n_kv_heads=2 head_dim=128 kv_head=0 worker=0 block_r=20 block_c=2560 t0_us=261265245019 t1_us=261265245020 dur_us=1
FIG8_ATTENTION_EVENT mode=scna-fp16 layout=serial phase=warmup iteration=0 component=scna_exp component_id=9 lut_exp=0 scna_layout=0 scna_width=8 qo_len=4 kv_len=4096 n_heads=12 n_kv_heads=2 head_dim=128 kv_head=0 worker=0 block_r=22 block_c=2560 t0_us=261265245021 t1_us=261265245022 dur_us=1
FIG8_ATTENTION_EVENT mode=scna-fp16 layout=serial phase=warmup iteration=0 component=safe_sm component_id=5 lut_exp=0 scna_layout=0 scna_width=8 qo_len=4 kv_len=4096 n_heads=12 n_kv_heads=2 head_dim=128 kv_head=0 worker=0 block_r=0 block_c=2560 t0_us=261265244995 t1_us=261265245023 dur_us=27
FIG8_ATTENTION_EVENT mode=scna-fp16 layout=serial phase=warmup iteration=0 component=v_load component_id=3 lut_exp=0 scna_layout=0 scna_width=8 qo_len=4 kv_len=4096 n_heads=12 n_kv_heads=2 head_dim=128 kv_head=0 worker=0 block_r=0 block_c=2560 t0_us=261265245023 t1_us=261265245051 dur_us=27
FIG8_ATTENTION_EVENT mode=scna-fp16 layout=serial phase=warmup iteration=0 component=scna_exp component_id=9 lut_exp=0 scna_layout=0 scna_width=8 qo_len=4 kv_len=4096 n_heads=12 n_kv_heads=2 head_dim=128 kv_head=0 worker=0 block_r=0 block_c=2560 t0_us=261265245051 t1_us=261265245051 dur_us=0
FIG8_ATTENTION_EVENT mode=scna-fp16 layout=serial phase=warmup iteration=0 component=core_acc component_id=6 lut_exp=0 scna_layout=0 scna_width=8 qo_len=4 kv_len=4096 n_heads=12 n_kv_heads=2 head_dim=128 kv_head=0 worker=0 block_r=0 block_c=2560 t0_us=261265245051 t1_us=261265245051 dur_us=0
FIG8_ATTENTION_EVENT mode=scna-fp16 layout=serial phase=warmup iteration=0 component=k_load component_id=2 lut_exp=0 scna_layout=0 scna_width=8 qo_len=4 kv_len=4096 n_heads=12 n_kv_heads=2 head_dim=128 kv_head=0 worker=0 block_r=0 block_c=3840 t0_us=261265245051 t1_us=261265245055 dur_us=4
FIG8_ATTENTION_EVENT mode=scna-fp16 layout=serial phase=warmup iteration=0 component=qk_dot component_id=4 lut_exp=0 scna_layout=0 scna_width=8 qo_len=4 kv_len=4096 n_heads=12 n_kv_heads=2 head_dim=128 kv_head=0 worker=0 block_r=0 block_c=3840 t0_us=261265245056 t1_us=261265245056 dur_us=0
FIG8_ATTENTION_EVENT mode=scna-fp16 layout=serial phase=warmup iteration=0 component=scna_exp component_id=9 lut_exp=0 scna_layout=0 scna_width=8 qo_len=4 kv_len=4096 n_heads=12 n_kv_heads=2 head_dim=128 kv_head=0 worker=0 block_r=0 block_c=3840 t0_us=261265245056 t1_us=261265245057 dur_us=0
FIG8_ATTENTION_EVENT mode=scna-fp16 layout=serial phase=warmup iteration=0 component=scna_exp component_id=9 lut_exp=0 scna_layout=0 scna_width=8 qo_len=4 kv_len=4096 n_heads=12 n_kv_heads=2 head_dim=128 kv_head=0 worker=0 block_r=2 block_c=3840 t0_us=261265245057 t1_us=261265245057 dur_us=0
FIG8_ATTENTION_EVENT mode=scna-fp16 layout=serial phase=warmup iteration=0 component=scna_exp component_id=9 lut_exp=0 scna_layout=0 scna_width=8 qo_len=4 kv_len=4096 n_heads=12 n_kv_heads=2 head_dim=128 kv_head=0 worker=0 block_r=4 block_c=3840 t0_us=261265245057 t1_us=261265245058 dur_us=0
FIG8_ATTENTION_EVENT mode=scna-fp16 layout=serial phase=warmup iteration=0 component=scna_exp component_id=9 lut_exp=0 scna_layout=0 scna_width=8 qo_len=4 kv_len=4096 n_heads=12 n_kv_heads=2 head_dim=128 kv_head=0 worker=0 block_r=6 block_c=3840 t0_us=261265245058 t1_us=261265245059 dur_us=0
FIG8_ATTENTION_EVENT mode=scna-fp16 layout=serial phase=warmup iteration=0 component=scna_exp component_id=9 lut_exp=0 scna_layout=0 scna_width=8 qo_len=4 kv_len=4096 n_heads=12 n_kv_heads=2 head_dim=128 kv_head=0 worker=0 block_r=8 block_c=3840 t0_us=261265245059 t1_us=261265245059 dur_us=0
FIG8_ATTENTION_EVENT mode=scna-fp16 layout=serial phase=warmup iteration=0 component=scna_exp component_id=9 lut_exp=0 scna_layout=0 scna_width=8 qo_len=4 kv_len=4096 n_heads=12 n_kv_heads=2 head_dim=128 kv_head=0 worker=0 block_r=10 block_c=3840 t0_us=261265245059 t1_us=261265245060 dur_us=0
FIG8_ATTENTION_EVENT mode=scna-fp16 layout=serial phase=warmup iteration=0 component=scna_exp component_id=9 lut_exp=0 scna_layout=0 scna_width=8 qo_len=4 kv_len=4096 n_heads=12 n_kv_heads=2 head_dim=128 kv_head=0 worker=0 block_r=12 block_c=3840 t0_us=261265245060 t1_us=261265245061 dur_us=0
FIG8_ATTENTION_EVENT mode=scna-fp16 layout=serial phase=warmup iteration=0 component=scna_exp component_id=9 lut_exp=0 scna_layout=0 scna_width=8 qo_len=4 kv_len=4096 n_heads=12 n_kv_heads=2 head_dim=128 kv_head=0 worker=0 block_r=14 block_c=3840 t0_us=261265245061 t1_us=261265245061 dur_us=0
FIG8_ATTENTION_EVENT mode=scna-fp16 layout=serial phase=warmup iteration=0 component=scna_exp component_id=9 lut_exp=0 scna_layout=0 scna_width=8 qo_len=4 kv_len=4096 n_heads=12 n_kv_heads=2 head_dim=128 kv_head=0 worker=0 block_r=16 block_c=3840 t0_us=261265245061 t1_us=261265245062 dur_us=0
FIG8_ATTENTION_EVENT mode=scna-fp16 layout=serial phase=warmup iteration=0 component=scna_exp component_id=9 lut_exp=0 scna_layout=0 scna_width=8 qo_len=4 kv_len=4096 n_heads=12 n_kv_heads=2 head_dim=128 kv_head=0 worker=0 block_r=18 block_c=3840 t0_us=261265245062 t1_us=261265245063 dur_us=0
FIG8_ATTENTION_EVENT mode=scna-fp16 layout=serial phase=warmup iteration=0 component=scna_exp component_id=9 lut_exp=0 scna_layout=0 scna_width=8 qo_len=4 kv_len=4096 n_heads=12 n_kv_heads=2 head_dim=128 kv_head=0 worker=0 block_r=20 block_c=3840 t0_us=261265245063 t1_us=261265245063 dur_us=0
FIG8_ATTENTION_EVENT mode=scna-fp16 layout=serial phase=warmup iteration=0 component=scna_exp component_id=9 lut_exp=0 scna_layout=0 scna_width=8 qo_len=4 kv_len=4096 n_heads=12 n_kv_heads=2 head_dim=128 kv_head=0 worker=0 block_r=22 block_c=3840 t0_us=261265245063 t1_us=261265245064 dur_us=0
FIG8_ATTENTION_EVENT mode=scna-fp16 layout=serial phase=warmup iteration=0 component=safe_sm component_id=5 lut_exp=0 scna_layout=0 scna_width=8 qo_len=4 kv_len=4096 n_heads=12 n_kv_heads=2 head_dim=128 kv_head=0 worker=0 block_r=0 block_c=3840 t0_us=261265245056 t1_us=261265245064 dur_us=8
FIG8_ATTENTION_EVENT mode=scna-fp16 layout=serial phase=warmup iteration=0 component=v_load component_id=3 lut_exp=0 scna_layout=0 scna_width=8 qo_len=4 kv_len=4096 n_heads=12 n_kv_heads=2 head_dim=128 kv_head=0 worker=0 block_r=0 block_c=3840 t0_us=261265245064 t1_us=261265245066 dur_us=2
FIG8_ATTENTION_EVENT mode=scna-fp16 layout=serial phase=warmup iteration=0 component=scna_exp component_id=9 lut_exp=0 scna_layout=0 scna_width=8 qo_len=4 kv_len=4096 n_heads=12 n_kv_heads=2 head_dim=128 kv_head=0 worker=0 block_r=0 block_c=3840 t0_us=261265245066 t1_us=261265245066 dur_us=0
FIG8_ATTENTION_EVENT mode=scna-fp16 layout=serial phase=warmup iteration=0 component=core_acc component_id=6 lut_exp=0 scna_layout=0 scna_width=8 qo_len=4 kv_len=4096 n_heads=12 n_kv_heads=2 head_dim=128 kv_head=0 worker=0 block_r=0 block_c=3840 t0_us=261265245066 t1_us=261265245066 dur_us=0
FIG8_ATTENTION_EVENT mode=scna-fp16 layout=serial phase=warmup iteration=0 component=o_scale component_id=7 lut_exp=0 scna_layout=0 scna_width=8 qo_len=4 kv_len=4096 n_heads=12 n_kv_heads=2 head_dim=128 kv_head=0 worker=0 block_r=0 block_c=-1 t0_us=261265245067 t1_us=261265245068 dur_us=1
FIG8_ATTENTION_EVENT mode=scna-fp16 layout=serial phase=warmup iteration=0 component=o_store component_id=8 lut_exp=0 scna_layout=0 scna_width=8 qo_len=4 kv_len=4096 n_heads=12 n_kv_heads=2 head_dim=128 kv_head=0 worker=0 block_r=0 block_c=-1 t0_us=261265245068 t1_us=261265245070 dur_us=2
FIG8_ATTENTION_EVENT mode=scna-fp16 layout=serial phase=warmup iteration=0 component=q_load component_id=1 lut_exp=0 scna_layout=0 scna_width=8 qo_len=4 kv_len=4096 n_heads=12 n_kv_heads=2 head_dim=128 kv_head=1 worker=0 block_r=0 block_c=-1 t0_us=261265245110 t1_us=261265245112 dur_us=1
FIG8_ATTENTION_EVENT mode=scna-fp16 layout=serial phase=warmup iteration=0 component=k_load component_id=2 lut_exp=0 scna_layout=0 scna_width=8 qo_len=4 kv_len=4096 n_heads=12 n_kv_heads=2 head_dim=128 kv_head=1 worker=0 block_r=0 block_c=0 t0_us=261265245113 t1_us=261265245135 dur_us=21
FIG8_ATTENTION_EVENT mode=scna-fp16 layout=serial phase=warmup iteration=0 component=qk_dot component_id=4 lut_exp=0 scna_layout=0 scna_width=8 qo_len=4 kv_len=4096 n_heads=12 n_kv_heads=2 head_dim=128 kv_head=1 worker=0 block_r=0 block_c=0 t0_us=261265245136 t1_us=261265245137 dur_us=1
FIG8_ATTENTION_EVENT mode=scna-fp16 layout=serial phase=warmup iteration=0 component=scna_exp component_id=9 lut_exp=0 scna_layout=0 scna_width=8 qo_len=4 kv_len=4096 n_heads=12 n_kv_heads=2 head_dim=128 kv_head=1 worker=0 block_r=0 block_c=0 t0_us=261265245139 t1_us=261265245142 dur_us=2
FIG8_ATTENTION_EVENT mode=scna-fp16 layout=serial phase=warmup iteration=0 component=scna_exp component_id=9 lut_exp=0 scna_layout=0 scna_width=8 qo_len=4 kv_len=4096 n_heads=12 n_kv_heads=2 head_dim=128 kv_head=1 worker=0 block_r=2 block_c=0 t0_us=261265245143 t1_us=261265245144 dur_us=1
FIG8_ATTENTION_EVENT mode=scna-fp16 layout=serial phase=warmup iteration=0 component=scna_exp component_id=9 lut_exp=0 scna_layout=0 scna_width=8 qo_len=4 kv_len=4096 n_heads=12 n_kv_heads=2 head_dim=128 kv_head=1 worker=0 block_r=4 block_c=0 t0_us=261265245145 t1_us=261265245146 dur_us=1
FIG8_ATTENTION_EVENT mode=scna-fp16 layout=serial phase=warmup iteration=0 component=scna_exp component_id=9 lut_exp=0 scna_layout=0 scna_width=8 qo_len=4 kv_len=4096 n_heads=12 n_kv_heads=2 head_dim=128 kv_head=1 worker=0 block_r=6 block_c=0 t0_us=261265245147 t1_us=261265245149 dur_us=1
FIG8_ATTENTION_EVENT mode=scna-fp16 layout=serial phase=warmup iteration=0 component=scna_exp component_id=9 lut_exp=0 scna_layout=0 scna_width=8 qo_len=4 kv_len=4096 n_heads=12 n_kv_heads=2 head_dim=128 kv_head=1 worker=0 block_r=8 block_c=0 t0_us=261265245149 t1_us=261265245151 dur_us=1
FIG8_ATTENTION_EVENT mode=scna-fp16 layout=serial phase=warmup iteration=0 component=scna_exp component_id=9 lut_exp=0 scna_layout=0 scna_width=8 qo_len=4 kv_len=4096 n_heads=12 n_kv_heads=2 head_dim=128 kv_head=1 worker=0 block_r=10 block_c=0 t0_us=261265245151 t1_us=261265245153 dur_us=1
FIG8_ATTENTION_EVENT mode=scna-fp16 layout=serial phase=warmup iteration=0 component=scna_exp component_id=9 lut_exp=0 scna_layout=0 scna_width=8 qo_len=4 kv_len=4096 n_heads=12 n_kv_heads=2 head_dim=128 kv_head=1 worker=0 block_r=12 block_c=0 t0_us=261265245154 t1_us=261265245156 dur_us=1
FIG8_ATTENTION_EVENT mode=scna-fp16 layout=serial phase=warmup iteration=0 component=scna_exp component_id=9 lut_exp=0 scna_layout=0 scna_width=8 qo_len=4 kv_len=4096 n_heads=12 n_kv_heads=2 head_dim=128 kv_head=1 worker=0 block_r=14 block_c=0 t0_us=261265245156 t1_us=261265245158 dur_us=1
FIG8_ATTENTION_EVENT mode=scna-fp16 layout=serial phase=warmup iteration=0 component=scna_exp component_id=9 lut_exp=0 scna_layout=0 scna_width=8 qo_len=4 kv_len=4096 n_heads=12 n_kv_heads=2 head_dim=128 kv_head=1 worker=0 block_r=16 block_c=0 t0_us=261265245158 t1_us=261265245160 dur_us=1
FIG8_ATTENTION_EVENT mode=scna-fp16 layout=serial phase=warmup iteration=0 component=scna_exp component_id=9 lut_exp=0 scna_layout=0 scna_width=8 qo_len=4 kv_len=4096 n_heads=12 n_kv_heads=2 head_dim=128 kv_head=1 worker=0 block_r=18 block_c=0 t0_us=261265245161 t1_us=261265245163 dur_us=1
FIG8_ATTENTION_EVENT mode=scna-fp16 layout=serial phase=warmup iteration=0 component=scna_exp component_id=9 lut_exp=0 scna_layout=0 scna_width=8 qo_len=4 kv_len=4096 n_heads=12 n_kv_heads=2 head_dim=128 kv_head=1 worker=0 block_r=20 block_c=0 t0_us=261265245163 t1_us=261265245164 dur_us=1
FIG8_ATTENTION_EVENT mode=scna-fp16 layout=serial phase=warmup iteration=0 component=scna_exp component_id=9 lut_exp=0 scna_layout=0 scna_width=8 qo_len=4 kv_len=4096 n_heads=12 n_kv_heads=2 head_dim=128 kv_head=1 worker=0 block_r=22 block_c=0 t0_us=261265245165 t1_us=261265245166 dur_us=1
FIG8_ATTENTION_EVENT mode=scna-fp16 layout=serial phase=warmup iteration=0 component=safe_sm component_id=5 lut_exp=0 scna_layout=0 scna_width=8 qo_len=4 kv_len=4096 n_heads=12 n_kv_heads=2 head_dim=128 kv_head=1 worker=0 block_r=0 block_c=0 t0_us=261265245137 t1_us=261265245167 dur_us=29
FIG8_ATTENTION_EVENT mode=scna-fp16 layout=serial phase=warmup iteration=0 component=v_load component_id=3 lut_exp=0 scna_layout=0 scna_width=8 qo_len=4 kv_len=4096 n_heads=12 n_kv_heads=2 head_dim=128 kv_head=1 worker=0 block_r=0 block_c=0 t0_us=261265245167 t1_us=261265245187 dur_us=19
FIG8_ATTENTION_EVENT mode=scna-fp16 layout=serial phase=warmup iteration=0 component=scna_exp component_id=9 lut_exp=0 scna_layout=0 scna_width=8 qo_len=4 kv_len=4096 n_heads=12 n_kv_heads=2 head_dim=128 kv_head=1 worker=0 block_r=0 block_c=0 t0_us=261265245188 t1_us=261265245188 dur_us=0
FIG8_ATTENTION_EVENT mode=scna-fp16 layout=serial phase=warmup iteration=0 component=core_acc component_id=6 lut_exp=0 scna_layout=0 scna_width=8 qo_len=4 kv_len=4096 n_heads=12 n_kv_heads=2 head_dim=128 kv_head=1 worker=0 block_r=0 block_c=0 t0_us=261265245187 t1_us=261265245190 dur_us=2
FIG8_ATTENTION_EVENT mode=scna-fp16 layout=serial phase=warmup iteration=0 component=k_load component_id=2 lut_exp=0 scna_layout=0 scna_width=8 qo_len=4 kv_len=4096 n_heads=12 n_kv_heads=2 head_dim=128 kv_head=1 worker=0 block_r=0 block_c=1280 t0_us=261265245191 t1_us=261265245213 dur_us=22
FIG8_ATTENTION_EVENT mode=scna-fp16 layout=serial phase=warmup iteration=0 component=qk_dot component_id=4 lut_exp=0 scna_layout=0 scna_width=8 qo_len=4 kv_len=4096 n_heads=12 n_kv_heads=2 head_dim=128 kv_head=1 worker=0 block_r=0 block_c=1280 t0_us=261265245213 t1_us=261265245214 dur_us=0
FIG8_ATTENTION_EVENT mode=scna-fp16 layout=serial phase=warmup iteration=0 component=scna_exp component_id=9 lut_exp=0 scna_layout=0 scna_width=8 qo_len=4 kv_len=4096 n_heads=12 n_kv_heads=2 head_dim=128 kv_head=1 worker=0 block_r=0 block_c=1280 t0_us=261265245215 t1_us=261265245217 dur_us=1
FIG8_ATTENTION_EVENT mode=scna-fp16 layout=serial phase=warmup iteration=0 component=scna_exp component_id=9 lut_exp=0 scna_layout=0 scna_width=8 qo_len=4 kv_len=4096 n_heads=12 n_kv_heads=2 head_dim=128 kv_head=1 worker=0 block_r=2 block_c=1280 t0_us=261265245217 t1_us=261265245219 dur_us=1
FIG8_ATTENTION_EVENT mode=scna-fp16 layout=serial phase=warmup iteration=0 component=scna_exp component_id=9 lut_exp=0 scna_layout=0 scna_width=8 qo_len=4 kv_len=4096 n_heads=12 n_kv_heads=2 head_dim=128 kv_head=1 worker=0 block_r=4 block_c=1280 t0_us=261265245219 t1_us=261265245221 dur_us=1
FIG8_ATTENTION_EVENT mode=scna-fp16 layout=serial phase=warmup iteration=0 component=scna_exp component_id=9 lut_exp=0 scna_layout=0 scna_width=8 qo_len=4 kv_len=4096 n_heads=12 n_kv_heads=2 head_dim=128 kv_head=1 worker=0 block_r=6 block_c=1280 t0_us=261265245222 t1_us=261265245224 dur_us=1
FIG8_ATTENTION_EVENT mode=scna-fp16 layout=serial phase=warmup iteration=0 component=scna_exp component_id=9 lut_exp=0 scna_layout=0 scna_width=8 qo_len=4 kv_len=4096 n_heads=12 n_kv_heads=2 head_dim=128 kv_head=1 worker=0 block_r=8 block_c=1280 t0_us=261265245224 t1_us=261265245226 dur_us=1
FIG8_ATTENTION_EVENT mode=scna-fp16 layout=serial phase=warmup iteration=0 component=scna_exp component_id=9 lut_exp=0 scna_layout=0 scna_width=8 qo_len=4 kv_len=4096 n_heads=12 n_kv_heads=2 head_dim=128 kv_head=1 worker=0 block_r=10 block_c=1280 t0_us=261265245226 t1_us=261265245228 dur_us=1
FIG8_ATTENTION_EVENT mode=scna-fp16 layout=serial phase=warmup iteration=0 component=scna_exp component_id=9 lut_exp=0 scna_layout=0 scna_width=8 qo_len=4 kv_len=4096 n_heads=12 n_kv_heads=2 head_dim=128 kv_head=1 worker=0 block_r=12 block_c=1280 t0_us=261265245229 t1_us=261265245230 dur_us=1
FIG8_ATTENTION_EVENT mode=scna-fp16 layout=serial phase=warmup iteration=0 component=scna_exp component_id=9 lut_exp=0 scna_layout=0 scna_width=8 qo_len=4 kv_len=4096 n_heads=12 n_kv_heads=2 head_dim=128 kv_head=1 worker=0 block_r=14 block_c=1280 t0_us=261265245231 t1_us=261265245232 dur_us=1
FIG8_ATTENTION_EVENT mode=scna-fp16 layout=serial phase=warmup iteration=0 component=scna_exp component_id=9 lut_exp=0 scna_layout=0 scna_width=8 qo_len=4 kv_len=4096 n_heads=12 n_kv_heads=2 head_dim=128 kv_head=1 worker=0 block_r=16 block_c=1280 t0_us=261265245233 t1_us=261265245234 dur_us=1
FIG8_ATTENTION_EVENT mode=scna-fp16 layout=serial phase=warmup iteration=0 component=scna_exp component_id=9 lut_exp=0 scna_layout=0 scna_width=8 qo_len=4 kv_len=4096 n_heads=12 n_kv_heads=2 head_dim=128 kv_head=1 worker=0 block_r=18 block_c=1280 t0_us=261265245236 t1_us=261265245237 dur_us=1
FIG8_ATTENTION_EVENT mode=scna-fp16 layout=serial phase=warmup iteration=0 component=scna_exp component_id=9 lut_exp=0 scna_layout=0 scna_width=8 qo_len=4 kv_len=4096 n_heads=12 n_kv_heads=2 head_dim=128 kv_head=1 worker=0 block_r=20 block_c=1280 t0_us=261265245238 t1_us=261265245239 dur_us=1
FIG8_ATTENTION_EVENT mode=scna-fp16 layout=serial phase=warmup iteration=0 component=scna_exp component_id=9 lut_exp=0 scna_layout=0 scna_width=8 qo_len=4 kv_len=4096 n_heads=12 n_kv_heads=2 head_dim=128 kv_head=1 worker=0 block_r=22 block_c=1280 t0_us=261265245240 t1_us=261265245241 dur_us=1
FIG8_ATTENTION_EVENT mode=scna-fp16 layout=serial phase=warmup iteration=0 component=safe_sm component_id=5 lut_exp=0 scna_layout=0 scna_width=8 qo_len=4 kv_len=4096 n_heads=12 n_kv_heads=2 head_dim=128 kv_head=1 worker=0 block_r=0 block_c=1280 t0_us=261265245214 t1_us=261265245241 dur_us=27
FIG8_ATTENTION_EVENT mode=scna-fp16 layout=serial phase=warmup iteration=0 component=v_load component_id=3 lut_exp=0 scna_layout=0 scna_width=8 qo_len=4 kv_len=4096 n_heads=12 n_kv_heads=2 head_dim=128 kv_head=1 worker=0 block_r=0 block_c=1280 t0_us=261265245241 t1_us=261265245268 dur_us=26
FIG8_ATTENTION_EVENT mode=scna-fp16 layout=serial phase=warmup iteration=0 component=scna_exp component_id=9 lut_exp=0 scna_layout=0 scna_width=8 qo_len=4 kv_len=4096 n_heads=12 n_kv_heads=2 head_dim=128 kv_head=1 worker=0 block_r=0 block_c=1280 t0_us=261265245268 t1_us=261265245268 dur_us=0
FIG8_ATTENTION_EVENT mode=scna-fp16 layout=serial phase=warmup iteration=0 component=core_acc component_id=6 lut_exp=0 scna_layout=0 scna_width=8 qo_len=4 kv_len=4096 n_heads=12 n_kv_heads=2 head_dim=128 kv_head=1 worker=0 block_r=0 block_c=1280 t0_us=261265245268 t1_us=261265245269 dur_us=0
FIG8_ATTENTION_EVENT mode=scna-fp16 layout=serial phase=warmup iteration=0 component=k_load component_id=2 lut_exp=0 scna_layout=0 scna_width=8 qo_len=4 kv_len=4096 n_heads=12 n_kv_heads=2 head_dim=128 kv_head=1 worker=0 block_r=0 block_c=2560 t0_us=261265245269 t1_us=261265245289 dur_us=20
FIG8_ATTENTION_EVENT mode=scna-fp16 layout=serial phase=warmup iteration=0 component=qk_dot component_id=4 lut_exp=0 scna_layout=0 scna_width=8 qo_len=4 kv_len=4096 n_heads=12 n_kv_heads=2 head_dim=128 kv_head=1 worker=0 block_r=0 block_c=2560 t0_us=261265245289 t1_us=261265245290 dur_us=0
FIG8_ATTENTION_EVENT mode=scna-fp16 layout=serial phase=warmup iteration=0 component=scna_exp component_id=9 lut_exp=0 scna_layout=0 scna_width=8 qo_len=4 kv_len=4096 n_heads=12 n_kv_heads=2 head_dim=128 kv_head=1 worker=0 block_r=0 block_c=2560 t0_us=261265245291 t1_us=261265245293 dur_us=1
FIG8_ATTENTION_EVENT mode=scna-fp16 layout=serial phase=warmup iteration=0 component=scna_exp component_id=9 lut_exp=0 scna_layout=0 scna_width=8 qo_len=4 kv_len=4096 n_heads=12 n_kv_heads=2 head_dim=128 kv_head=1 worker=0 block_r=2 block_c=2560 t0_us=261265245293 t1_us=261265245295 dur_us=1
FIG8_ATTENTION_EVENT mode=scna-fp16 layout=serial phase=warmup iteration=0 component=scna_exp component_id=9 lut_exp=0 scna_layout=0 scna_width=8 qo_len=4 kv_len=4096 n_heads=12 n_kv_heads=2 head_dim=128 kv_head=1 worker=0 block_r=4 block_c=2560 t0_us=261265245295 t1_us=261265245297 dur_us=1
FIG8_ATTENTION_EVENT mode=scna-fp16 layout=serial phase=warmup iteration=0 component=scna_exp component_id=9 lut_exp=0 scna_layout=0 scna_width=8 qo_len=4 kv_len=4096 n_heads=12 n_kv_heads=2 head_dim=128 kv_head=1 worker=0 block_r=6 block_c=2560 t0_us=261265245298 t1_us=261265245300 dur_us=1
FIG8_ATTENTION_EVENT mode=scna-fp16 layout=serial phase=warmup iteration=0 component=scna_exp component_id=9 lut_exp=0 scna_layout=0 scna_width=8 qo_len=4 kv_len=4096 n_heads=12 n_kv_heads=2 head_dim=128 kv_head=1 worker=0 block_r=8 block_c=2560 t0_us=261265245300 t1_us=261265245302 dur_us=1
FIG8_ATTENTION_EVENT mode=scna-fp16 layout=serial phase=warmup iteration=0 component=scna_exp component_id=9 lut_exp=0 scna_layout=0 scna_width=8 qo_len=4 kv_len=4096 n_heads=12 n_kv_heads=2 head_dim=128 kv_head=1 worker=0 block_r=10 block_c=2560 t0_us=261265245302 t1_us=261265245304 dur_us=1
FIG8_ATTENTION_EVENT mode=scna-fp16 layout=serial phase=warmup iteration=0 component=scna_exp component_id=9 lut_exp=0 scna_layout=0 scna_width=8 qo_len=4 kv_len=4096 n_heads=12 n_kv_heads=2 head_dim=128 kv_head=1 worker=0 block_r=12 block_c=2560 t0_us=261265245305 t1_us=261265245306 dur_us=1
FIG8_ATTENTION_EVENT mode=scna-fp16 layout=serial phase=warmup iteration=0 component=scna_exp component_id=9 lut_exp=0 scna_layout=0 scna_width=8 qo_len=4 kv_len=4096 n_heads=12 n_kv_heads=2 head_dim=128 kv_head=1 worker=0 block_r=14 block_c=2560 t0_us=261265245307 t1_us=261265245308 dur_us=1
FIG8_ATTENTION_EVENT mode=scna-fp16 layout=serial phase=warmup iteration=0 component=scna_exp component_id=9 lut_exp=0 scna_layout=0 scna_width=8 qo_len=4 kv_len=4096 n_heads=12 n_kv_heads=2 head_dim=128 kv_head=1 worker=0 block_r=16 block_c=2560 t0_us=261265245309 t1_us=261265245310 dur_us=1
FIG8_ATTENTION_EVENT mode=scna-fp16 layout=serial phase=warmup iteration=0 component=scna_exp component_id=9 lut_exp=0 scna_layout=0 scna_width=8 qo_len=4 kv_len=4096 n_heads=12 n_kv_heads=2 head_dim=128 kv_head=1 worker=0 block_r=18 block_c=2560 t0_us=261265245312 t1_us=261265245313 dur_us=1
FIG8_ATTENTION_EVENT mode=scna-fp16 layout=serial phase=warmup iteration=0 component=scna_exp component_id=9 lut_exp=0 scna_layout=0 scna_width=8 qo_len=4 kv_len=4096 n_heads=12 n_kv_heads=2 head_dim=128 kv_head=1 worker=0 block_r=20 block_c=2560 t0_us=261265245314 t1_us=261265245315 dur_us=1
FIG8_ATTENTION_EVENT mode=scna-fp16 layout=serial phase=warmup iteration=0 component=scna_exp component_id=9 lut_exp=0 scna_layout=0 scna_width=8 qo_len=4 kv_len=4096 n_heads=12 n_kv_heads=2 head_dim=128 kv_head=1 worker=0 block_r=22 block_c=2560 t0_us=261265245316 t1_us=261265245317 dur_us=1
FIG8_ATTENTION_EVENT mode=scna-fp16 layout=serial phase=warmup iteration=0 component=safe_sm component_id=5 lut_exp=0 scna_layout=0 scna_width=8 qo_len=4 kv_len=4096 n_heads=12 n_kv_heads=2 head_dim=128 kv_head=1 worker=0 block_r=0 block_c=2560 t0_us=261265245290 t1_us=261265245317 dur_us=27
FIG8_ATTENTION_EVENT mode=scna-fp16 layout=serial phase=warmup iteration=0 component=v_load component_id=3 lut_exp=0 scna_layout=0 scna_width=8 qo_len=4 kv_len=4096 n_heads=12 n_kv_heads=2 head_dim=128 kv_head=1 worker=0 block_r=0 block_c=2560 t0_us=261265245317 t1_us=261265245342 dur_us=24
FIG8_ATTENTION_EVENT mode=scna-fp16 layout=serial phase=warmup iteration=0 component=scna_exp component_id=9 lut_exp=0 scna_layout=0 scna_width=8 qo_len=4 kv_len=4096 n_heads=12 n_kv_heads=2 head_dim=128 kv_head=1 worker=0 block_r=0 block_c=2560 t0_us=261265245342 t1_us=261265245342 dur_us=0
FIG8_ATTENTION_EVENT mode=scna-fp16 layout=serial phase=warmup iteration=0 component=core_acc component_id=6 lut_exp=0 scna_layout=0 scna_width=8 qo_len=4 kv_len=4096 n_heads=12 n_kv_heads=2 head_dim=128 kv_head=1 worker=0 block_r=0 block_c=2560 t0_us=261265245342 t1_us=261265245342 dur_us=0
FIG8_ATTENTION_EVENT mode=scna-fp16 layout=serial phase=warmup iteration=0 component=k_load component_id=2 lut_exp=0 scna_layout=0 scna_width=8 qo_len=4 kv_len=4096 n_heads=12 n_kv_heads=2 head_dim=128 kv_head=1 worker=0 block_r=0 block_c=3840 t0_us=261265245342 t1_us=261265245347 dur_us=4
FIG8_ATTENTION_EVENT mode=scna-fp16 layout=serial phase=warmup iteration=0 component=qk_dot component_id=4 lut_exp=0 scna_layout=0 scna_width=8 qo_len=4 kv_len=4096 n_heads=12 n_kv_heads=2 head_dim=128 kv_head=1 worker=0 block_r=0 block_c=3840 t0_us=261265245347 t1_us=261265245347 dur_us=0
FIG8_ATTENTION_EVENT mode=scna-fp16 layout=serial phase=warmup iteration=0 component=scna_exp component_id=9 lut_exp=0 scna_layout=0 scna_width=8 qo_len=4 kv_len=4096 n_heads=12 n_kv_heads=2 head_dim=128 kv_head=1 worker=0 block_r=0 block_c=3840 t0_us=261265245347 t1_us=261265245348 dur_us=0
FIG8_ATTENTION_EVENT mode=scna-fp16 layout=serial phase=warmup iteration=0 component=scna_exp component_id=9 lut_exp=0 scna_layout=0 scna_width=8 qo_len=4 kv_len=4096 n_heads=12 n_kv_heads=2 head_dim=128 kv_head=1 worker=0 block_r=2 block_c=3840 t0_us=261265245348 t1_us=261265245348 dur_us=0
FIG8_ATTENTION_EVENT mode=scna-fp16 layout=serial phase=warmup iteration=0 component=scna_exp component_id=9 lut_exp=0 scna_layout=0 scna_width=8 qo_len=4 kv_len=4096 n_heads=12 n_kv_heads=2 head_dim=128 kv_head=1 worker=0 block_r=4 block_c=3840 t0_us=261265245349 t1_us=261265245349 dur_us=0
FIG8_ATTENTION_EVENT mode=scna-fp16 layout=serial phase=warmup iteration=0 component=scna_exp component_id=9 lut_exp=0 scna_layout=0 scna_width=8 qo_len=4 kv_len=4096 n_heads=12 n_kv_heads=2 head_dim=128 kv_head=1 worker=0 block_r=6 block_c=3840 t0_us=261265245349 t1_us=261265245350 dur_us=0
FIG8_ATTENTION_EVENT mode=scna-fp16 layout=serial phase=warmup iteration=0 component=scna_exp component_id=9 lut_exp=0 scna_layout=0 scna_width=8 qo_len=4 kv_len=4096 n_heads=12 n_kv_heads=2 head_dim=128 kv_head=1 worker=0 block_r=8 block_c=3840 t0_us=261265245350 t1_us=261265245350 dur_us=0
FIG8_ATTENTION_EVENT mode=scna-fp16 layout=serial phase=warmup iteration=0 component=scna_exp component_id=9 lut_exp=0 scna_layout=0 scna_width=8 qo_len=4 kv_len=4096 n_heads=12 n_kv_heads=2 head_dim=128 kv_head=1 worker=0 block_r=10 block_c=3840 t0_us=261265245350 t1_us=261265245351 dur_us=0
FIG8_ATTENTION_EVENT mode=scna-fp16 layout=serial phase=warmup iteration=0 component=scna_exp component_id=9 lut_exp=0 scna_layout=0 scna_width=8 qo_len=4 kv_len=4096 n_heads=12 n_kv_heads=2 head_dim=128 kv_head=1 worker=0 block_r=12 block_c=3840 t0_us=261265245351 t1_us=261265245352 dur_us=0
FIG8_ATTENTION_EVENT mode=scna-fp16 layout=serial phase=warmup iteration=0 component=scna_exp component_id=9 lut_exp=0 scna_layout=0 scna_width=8 qo_len=4 kv_len=4096 n_heads=12 n_kv_heads=2 head_dim=128 kv_head=1 worker=0 block_r=14 block_c=3840 t0_us=261265245352 t1_us=261265245352 dur_us=0
FIG8_ATTENTION_EVENT mode=scna-fp16 layout=serial phase=warmup iteration=0 component=scna_exp component_id=9 lut_exp=0 scna_layout=0 scna_width=8 qo_len=4 kv_len=4096 n_heads=12 n_kv_heads=2 head_dim=128 kv_head=1 worker=0 block_r=16 block_c=3840 t0_us=261265245352 t1_us=261265245353 dur_us=0
FIG8_ATTENTION_EVENT mode=scna-fp16 layout=serial phase=warmup iteration=0 component=scna_exp component_id=9 lut_exp=0 scna_layout=0 scna_width=8 qo_len=4 kv_len=4096 n_heads=12 n_kv_heads=2 head_dim=128 kv_head=1 worker=0 block_r=18 block_c=3840 t0_us=261265245353 t1_us=261265245354 dur_us=0
FIG8_ATTENTION_EVENT mode=scna-fp16 layout=serial phase=warmup iteration=0 component=scna_exp component_id=9 lut_exp=0 scna_layout=0 scna_width=8 qo_len=4 kv_len=4096 n_heads=12 n_kv_heads=2 head_dim=128 kv_head=1 worker=0 block_r=20 block_c=3840 t0_us=261265245354 t1_us=261265245354 dur_us=0
FIG8_ATTENTION_EVENT mode=scna-fp16 layout=serial phase=warmup iteration=0 component=scna_exp component_id=9 lut_exp=0 scna_layout=0 scna_width=8 qo_len=4 kv_len=4096 n_heads=12 n_kv_heads=2 head_dim=128 kv_head=1 worker=0 block_r=22 block_c=3840 t0_us=261265245355 t1_us=261265245355 dur_us=0
FIG8_ATTENTION_EVENT mode=scna-fp16 layout=serial phase=warmup iteration=0 component=safe_sm component_id=5 lut_exp=0 scna_layout=0 scna_width=8 qo_len=4 kv_len=4096 n_heads=12 n_kv_heads=2 head_dim=128 kv_head=1 worker=0 block_r=0 block_c=3840 t0_us=261265245347 t1_us=261265245355 dur_us=8
FIG8_ATTENTION_EVENT mode=scna-fp16 layout=serial phase=warmup iteration=0 component=v_load component_id=3 lut_exp=0 scna_layout=0 scna_width=8 qo_len=4 kv_len=4096 n_heads=12 n_kv_heads=2 head_dim=128 kv_head=1 worker=0 block_r=0 block_c=3840 t0_us=261265245355 t1_us=261265245357 dur_us=2
FIG8_ATTENTION_EVENT mode=scna-fp16 layout=serial phase=warmup iteration=0 component=scna_exp component_id=9 lut_exp=0 scna_layout=0 scna_width=8 qo_len=4 kv_len=4096 n_heads=12 n_kv_heads=2 head_dim=128 kv_head=1 worker=0 block_r=0 block_c=3840 t0_us=261265245357 t1_us=261265245357 dur_us=0
FIG8_ATTENTION_EVENT mode=scna-fp16 layout=serial phase=warmup iteration=0 component=core_acc component_id=6 lut_exp=0 scna_layout=0 scna_width=8 qo_len=4 kv_len=4096 n_heads=12 n_kv_heads=2 head_dim=128 kv_head=1 worker=0 block_r=0 block_c=3840 t0_us=261265245357 t1_us=261265245357 dur_us=0
FIG8_ATTENTION_EVENT mode=scna-fp16 layout=serial phase=warmup iteration=0 component=o_scale component_id=7 lut_exp=0 scna_layout=0 scna_width=8 qo_len=4 kv_len=4096 n_heads=12 n_kv_heads=2 head_dim=128 kv_head=1 worker=0 block_r=0 block_c=-1 t0_us=261265245358 t1_us=261265245359 dur_us=1
FIG8_ATTENTION_EVENT mode=scna-fp16 layout=serial phase=warmup iteration=0 component=o_store component_id=8 lut_exp=0 scna_layout=0 scna_width=8 qo_len=4 kv_len=4096 n_heads=12 n_kv_heads=2 head_dim=128 kv_head=1 worker=0 block_r=0 block_c=-1 t0_us=261265245359 t1_us=261265245361 dur_us=1
FIG8_ATTENTION_EVENT mode=scna-fp16 layout=serial phase=warmup iteration=0 component=q_load component_id=1 lut_exp=0 scna_layout=0 scna_width=8 qo_len=4 kv_len=4096 n_heads=12 n_kv_heads=2 head_dim=128 kv_head=0 worker=0 block_r=0 block_c=-1 t0_us=261265245400 t1_us=261265245401 dur_us=1
FIG8_ATTENTION_EVENT mode=scna-fp16 layout=serial phase=warmup iteration=0 component=k_load component_id=2 lut_exp=0 scna_layout=0 scna_width=8 qo_len=4 kv_len=4096 n_heads=12 n_kv_heads=2 head_dim=128 kv_head=0 worker=0 block_r=0 block_c=0 t0_us=261265245402 t1_us=261265245424 dur_us=21
FIG8_ATTENTION_EVENT mode=scna-fp16 layout=serial phase=warmup iteration=0 component=qk_dot component_id=4 lut_exp=0 scna_layout=0 scna_width=8 qo_len=4 kv_len=4096 n_heads=12 n_kv_heads=2 head_dim=128 kv_head=0 worker=0 block_r=0 block_c=0 t0_us=261265245424 t1_us=261265245425 dur_us=0
FIG8_ATTENTION_EVENT mode=scna-fp16 layout=serial phase=warmup iteration=0 component=scna_exp component_id=9 lut_exp=0 scna_layout=0 scna_width=8 qo_len=4 kv_len=4096 n_heads=12 n_kv_heads=2 head_dim=128 kv_head=0 worker=0 block_r=0 block_c=0 t0_us=261265245427 t1_us=261265245430 dur_us=2
FIG8_ATTENTION_EVENT mode=scna-fp16 layout=serial phase=warmup iteration=0 component=scna_exp component_id=9 lut_exp=0 scna_layout=0 scna_width=8 qo_len=4 kv_len=4096 n_heads=12 n_kv_heads=2 head_dim=128 kv_head=0 worker=0 block_r=2 block_c=0 t0_us=261265245431 t1_us=261265245433 dur_us=1
FIG8_ATTENTION_EVENT mode=scna-fp16 layout=serial phase=warmup iteration=0 component=scna_exp component_id=9 lut_exp=0 scna_layout=0 scna_width=8 qo_len=4 kv_len=4096 n_heads=12 n_kv_heads=2 head_dim=128 kv_head=0 worker=0 block_r=4 block_c=0 t0_us=261265245433 t1_us=261265245435 dur_us=1
FIG8_ATTENTION_EVENT mode=scna-fp16 layout=serial phase=warmup iteration=0 component=scna_exp component_id=9 lut_exp=0 scna_layout=0 scna_width=8 qo_len=4 kv_len=4096 n_heads=12 n_kv_heads=2 head_dim=128 kv_head=0 worker=0 block_r=6 block_c=0 t0_us=261265245436 t1_us=261265245437 dur_us=1
FIG8_ATTENTION_EVENT mode=scna-fp16 layout=serial phase=warmup iteration=0 component=scna_exp component_id=9 lut_exp=0 scna_layout=0 scna_width=8 qo_len=4 kv_len=4096 n_heads=12 n_kv_heads=2 head_dim=128 kv_head=0 worker=0 block_r=8 block_c=0 t0_us=261265245438 t1_us=261265245439 dur_us=1
FIG8_ATTENTION_EVENT mode=scna-fp16 layout=serial phase=warmup iteration=0 component=scna_exp component_id=9 lut_exp=0 scna_layout=0 scna_width=8 qo_len=4 kv_len=4096 n_heads=12 n_kv_heads=2 head_dim=128 kv_head=0 worker=0 block_r=10 block_c=0 t0_us=261265245440 t1_us=261265245441 dur_us=1
FIG8_ATTENTION_EVENT mode=scna-fp16 layout=serial phase=warmup iteration=0 component=scna_exp component_id=9 lut_exp=0 scna_layout=0 scna_width=8 qo_len=4 kv_len=4096 n_heads=12 n_kv_heads=2 head_dim=128 kv_head=0 worker=0 block_r=12 block_c=0 t0_us=261265245442 t1_us=261265245444 dur_us=1
FIG8_ATTENTION_EVENT mode=scna-fp16 layout=serial phase=warmup iteration=0 component=scna_exp component_id=9 lut_exp=0 scna_layout=0 scna_width=8 qo_len=4 kv_len=4096 n_heads=12 n_kv_heads=2 head_dim=128 kv_head=0 worker=0 block_r=14 block_c=0 t0_us=261265245444 t1_us=261265245446 dur_us=1
FIG8_ATTENTION_EVENT mode=scna-fp16 layout=serial phase=warmup iteration=0 component=scna_exp component_id=9 lut_exp=0 scna_layout=0 scna_width=8 qo_len=4 kv_len=4096 n_heads=12 n_kv_heads=2 head_dim=128 kv_head=0 worker=0 block_r=16 block_c=0 t0_us=261265245446 t1_us=261265245448 dur_us=1
FIG8_ATTENTION_EVENT mode=scna-fp16 layout=serial phase=warmup iteration=0 component=scna_exp component_id=9 lut_exp=0 scna_layout=0 scna_width=8 qo_len=4 kv_len=4096 n_heads=12 n_kv_heads=2 head_dim=128 kv_head=0 worker=0 block_r=18 block_c=0 t0_us=261265245449 t1_us=261265245451 dur_us=1
FIG8_ATTENTION_EVENT mode=scna-fp16 layout=serial phase=warmup iteration=0 component=scna_exp component_id=9 lut_exp=0 scna_layout=0 scna_width=8 qo_len=4 kv_len=4096 n_heads=12 n_kv_heads=2 head_dim=128 kv_head=0 worker=0 block_r=20 block_c=0 t0_us=261265245451 t1_us=261265245453 dur_us=1
FIG8_ATTENTION_EVENT mode=scna-fp16 layout=serial phase=warmup iteration=0 component=scna_exp component_id=9 lut_exp=0 scna_layout=0 scna_width=8 qo_len=4 kv_len=4096 n_heads=12 n_kv_heads=2 head_dim=128 kv_head=0 worker=0 block_r=22 block_c=0 t0_us=261265245453 t1_us=261265245455 dur_us=1
FIG8_ATTENTION_EVENT mode=scna-fp16 layout=serial phase=warmup iteration=0 component=safe_sm component_id=5 lut_exp=0 scna_layout=0 scna_width=8 qo_len=4 kv_len=4096 n_heads=12 n_kv_heads=2 head_dim=128 kv_head=0 worker=0 block_r=0 block_c=0 t0_us=261265245425 t1_us=261265245455 dur_us=29
FIG8_ATTENTION_EVENT mode=scna-fp16 layout=serial phase=warmup iteration=0 component=v_load component_id=3 lut_exp=0 scna_layout=0 scna_width=8 qo_len=4 kv_len=4096 n_heads=12 n_kv_heads=2 head_dim=128 kv_head=0 worker=0 block_r=0 block_c=0 t0_us=261265245455 t1_us=261265245473 dur_us=17
FIG8_ATTENTION_EVENT mode=scna-fp16 layout=serial phase=warmup iteration=0 component=scna_exp component_id=9 lut_exp=0 scna_layout=0 scna_width=8 qo_len=4 kv_len=4096 n_heads=12 n_kv_heads=2 head_dim=128 kv_head=0 worker=0 block_r=0 block_c=0 t0_us=261265245474 t1_us=261265245474 dur_us=0
FIG8_ATTENTION_EVENT mode=scna-fp16 layout=serial phase=warmup iteration=0 component=core_acc component_id=6 lut_exp=0 scna_layout=0 scna_width=8 qo_len=4 kv_len=4096 n_heads=12 n_kv_heads=2 head_dim=128 kv_head=0 worker=0 block_r=0 block_c=0 t0_us=261265245473 t1_us=261265245476 dur_us=3
FIG8_ATTENTION_EVENT mode=scna-fp16 layout=serial phase=warmup iteration=0 component=k_load component_id=2 lut_exp=0 scna_layout=0 scna_width=8 qo_len=4 kv_len=4096 n_heads=12 n_kv_heads=2 head_dim=128 kv_head=0 worker=0 block_r=0 block_c=1280 t0_us=261265245476 t1_us=261265245498 dur_us=21
FIG8_ATTENTION_EVENT mode=scna-fp16 layout=serial phase=warmup iteration=0 component=qk_dot component_id=4 lut_exp=0 scna_layout=0 scna_width=8 qo_len=4 kv_len=4096 n_heads=12 n_kv_heads=2 head_dim=128 kv_head=0 worker=0 block_r=0 block_c=1280 t0_us=261265245499 t1_us=261265245499 dur_us=0
FIG8_ATTENTION_EVENT mode=scna-fp16 layout=serial phase=warmup iteration=0 component=scna_exp component_id=9 lut_exp=0 scna_layout=0 scna_width=8 qo_len=4 kv_len=4096 n_heads=12 n_kv_heads=2 head_dim=128 kv_head=0 worker=0 block_r=0 block_c=1280 t0_us=261265245500 t1_us=261265245502 dur_us=1
FIG8_ATTENTION_EVENT mode=scna-fp16 layout=serial phase=warmup iteration=0 component=scna_exp component_id=9 lut_exp=0 scna_layout=0 scna_width=8 qo_len=4 kv_len=4096 n_heads=12 n_kv_heads=2 head_dim=128 kv_head=0 worker=0 block_r=2 block_c=1280 t0_us=261265245502 t1_us=261265245504 dur_us=1
FIG8_ATTENTION_EVENT mode=scna-fp16 layout=serial phase=warmup iteration=0 component=scna_exp component_id=9 lut_exp=0 scna_layout=0 scna_width=8 qo_len=4 kv_len=4096 n_heads=12 n_kv_heads=2 head_dim=128 kv_head=0 worker=0 block_r=4 block_c=1280 t0_us=261265245505 t1_us=261265245506 dur_us=1
FIG8_ATTENTION_EVENT mode=scna-fp16 layout=serial phase=warmup iteration=0 component=scna_exp component_id=9 lut_exp=0 scna_layout=0 scna_width=8 qo_len=4 kv_len=4096 n_heads=12 n_kv_heads=2 head_dim=128 kv_head=0 worker=0 block_r=6 block_c=1280 t0_us=261265245507 t1_us=261265245509 dur_us=1
FIG8_ATTENTION_EVENT mode=scna-fp16 layout=serial phase=warmup iteration=0 component=scna_exp component_id=9 lut_exp=0 scna_layout=0 scna_width=8 qo_len=4 kv_len=4096 n_heads=12 n_kv_heads=2 head_dim=128 kv_head=0 worker=0 block_r=8 block_c=1280 t0_us=261265245509 t1_us=261265245511 dur_us=1
FIG8_ATTENTION_EVENT mode=scna-fp16 layout=serial phase=warmup iteration=0 component=scna_exp component_id=9 lut_exp=0 scna_layout=0 scna_width=8 qo_len=4 kv_len=4096 n_heads=12 n_kv_heads=2 head_dim=128 kv_head=0 worker=0 block_r=10 block_c=1280 t0_us=261265245511 t1_us=261265245513 dur_us=1
FIG8_ATTENTION_EVENT mode=scna-fp16 layout=serial phase=warmup iteration=0 component=scna_exp component_id=9 lut_exp=0 scna_layout=0 scna_width=8 qo_len=4 kv_len=4096 n_heads=12 n_kv_heads=2 head_dim=128 kv_head=0 worker=0 block_r=12 block_c=1280 t0_us=261265245514 t1_us=261265245516 dur_us=1
FIG8_ATTENTION_EVENT mode=scna-fp16 layout=serial phase=warmup iteration=0 component=scna_exp component_id=9 lut_exp=0 scna_layout=0 scna_width=8 qo_len=4 kv_len=4096 n_heads=12 n_kv_heads=2 head_dim=128 kv_head=0 worker=0 block_r=14 block_c=1280 t0_us=261265245516 t1_us=261265245518 dur_us=1
FIG8_ATTENTION_EVENT mode=scna-fp16 layout=serial phase=warmup iteration=0 component=scna_exp component_id=9 lut_exp=0 scna_layout=0 scna_width=8 qo_len=4 kv_len=4096 n_heads=12 n_kv_heads=2 head_dim=128 kv_head=0 worker=0 block_r=16 block_c=1280 t0_us=261265245518 t1_us=261265245520 dur_us=1
FIG8_ATTENTION_EVENT mode=scna-fp16 layout=serial phase=warmup iteration=0 component=scna_exp component_id=9 lut_exp=0 scna_layout=0 scna_width=8 qo_len=4 kv_len=4096 n_heads=12 n_kv_heads=2 head_dim=128 kv_head=0 worker=0 block_r=18 block_c=1280 t0_us=261265245521 t1_us=261265245523 dur_us=1
FIG8_ATTENTION_EVENT mode=scna-fp16 layout=serial phase=warmup iteration=0 component=scna_exp component_id=9 lut_exp=0 scna_layout=0 scna_width=8 qo_len=4 kv_len=4096 n_heads=12 n_kv_heads=2 head_dim=128 kv_head=0 worker=0 block_r=20 block_c=1280 t0_us=261265245523 t1_us=261265245525 dur_us=1
FIG8_ATTENTION_EVENT mode=scna-fp16 layout=serial phase=warmup iteration=0 component=scna_exp component_id=9 lut_exp=0 scna_layout=0 scna_width=8 qo_len=4 kv_len=4096 n_heads=12 n_kv_heads=2 head_dim=128 kv_head=0 worker=0 block_r=22 block_c=1280 t0_us=261265245525 t1_us=261265245527 dur_us=1
FIG8_ATTENTION_EVENT mode=scna-fp16 layout=serial phase=warmup iteration=0 component=safe_sm component_id=5 lut_exp=0 scna_layout=0 scna_width=8 qo_len=4 kv_len=4096 n_heads=12 n_kv_heads=2 head_dim=128 kv_head=0 worker=0 block_r=0 block_c=1280 t0_us=261265245499 t1_us=261265245527 dur_us=27
FIG8_ATTENTION_EVENT mode=scna-fp16 layout=serial phase=warmup iteration=0 component=v_load component_id=3 lut_exp=0 scna_layout=0 scna_width=8 qo_len=4 kv_len=4096 n_heads=12 n_kv_heads=2 head_dim=128 kv_head=0 worker=0 block_r=0 block_c=1280 t0_us=261265245527 t1_us=261265245552 dur_us=25
FIG8_ATTENTION_EVENT mode=scna-fp16 layout=serial phase=warmup iteration=0 component=scna_exp component_id=9 lut_exp=0 scna_layout=0 scna_width=8 qo_len=4 kv_len=4096 n_heads=12 n_kv_heads=2 head_dim=128 kv_head=0 worker=0 block_r=0 block_c=1280 t0_us=261265245552 t1_us=261265245552 dur_us=0
FIG8_ATTENTION_EVENT mode=scna-fp16 layout=serial phase=warmup iteration=0 component=core_acc component_id=6 lut_exp=0 scna_layout=0 scna_width=8 qo_len=4 kv_len=4096 n_heads=12 n_kv_heads=2 head_dim=128 kv_head=0 worker=0 block_r=0 block_c=1280 t0_us=261265245552 t1_us=261265245552 dur_us=0
FIG8_ATTENTION_EVENT mode=scna-fp16 layout=serial phase=warmup iteration=0 component=k_load component_id=2 lut_exp=0 scna_layout=0 scna_width=8 qo_len=4 kv_len=4096 n_heads=12 n_kv_heads=2 head_dim=128 kv_head=0 worker=0 block_r=0 block_c=2560 t0_us=261265245552 t1_us=261265245573 dur_us=20
FIG8_ATTENTION_EVENT mode=scna-fp16 layout=serial phase=warmup iteration=0 component=qk_dot component_id=4 lut_exp=0 scna_layout=0 scna_width=8 qo_len=4 kv_len=4096 n_heads=12 n_kv_heads=2 head_dim=128 kv_head=0 worker=0 block_r=0 block_c=2560 t0_us=261265245573 t1_us=261265245573 dur_us=0
FIG8_ATTENTION_EVENT mode=scna-fp16 layout=serial phase=warmup iteration=0 component=scna_exp component_id=9 lut_exp=0 scna_layout=0 scna_width=8 qo_len=4 kv_len=4096 n_heads=12 n_kv_heads=2 head_dim=128 kv_head=0 worker=0 block_r=0 block_c=2560 t0_us=261265245575 t1_us=261265245576 dur_us=1
FIG8_ATTENTION_EVENT mode=scna-fp16 layout=serial phase=warmup iteration=0 component=scna_exp component_id=9 lut_exp=0 scna_layout=0 scna_width=8 qo_len=4 kv_len=4096 n_heads=12 n_kv_heads=2 head_dim=128 kv_head=0 worker=0 block_r=2 block_c=2560 t0_us=261265245577 t1_us=261265245578 dur_us=1
FIG8_ATTENTION_EVENT mode=scna-fp16 layout=serial phase=warmup iteration=0 component=scna_exp component_id=9 lut_exp=0 scna_layout=0 scna_width=8 qo_len=4 kv_len=4096 n_heads=12 n_kv_heads=2 head_dim=128 kv_head=0 worker=0 block_r=4 block_c=2560 t0_us=261265245579 t1_us=261265245580 dur_us=1
FIG8_ATTENTION_EVENT mode=scna-fp16 layout=serial phase=warmup iteration=0 component=scna_exp component_id=9 lut_exp=0 scna_layout=0 scna_width=8 qo_len=4 kv_len=4096 n_heads=12 n_kv_heads=2 head_dim=128 kv_head=0 worker=0 block_r=6 block_c=2560 t0_us=261265245582 t1_us=261265245583 dur_us=1
FIG8_ATTENTION_EVENT mode=scna-fp16 layout=serial phase=warmup iteration=0 component=scna_exp component_id=9 lut_exp=0 scna_layout=0 scna_width=8 qo_len=4 kv_len=4096 n_heads=12 n_kv_heads=2 head_dim=128 kv_head=0 worker=0 block_r=8 block_c=2560 t0_us=261265245584 t1_us=261265245585 dur_us=1
FIG8_ATTENTION_EVENT mode=scna-fp16 layout=serial phase=warmup iteration=0 component=scna_exp component_id=9 lut_exp=0 scna_layout=0 scna_width=8 qo_len=4 kv_len=4096 n_heads=12 n_kv_heads=2 head_dim=128 kv_head=0 worker=0 block_r=10 block_c=2560 t0_us=261265245586 t1_us=261265245587 dur_us=1
FIG8_ATTENTION_EVENT mode=scna-fp16 layout=serial phase=warmup iteration=0 component=scna_exp component_id=9 lut_exp=0 scna_layout=0 scna_width=8 qo_len=4 kv_len=4096 n_heads=12 n_kv_heads=2 head_dim=128 kv_head=0 worker=0 block_r=12 block_c=2560 t0_us=261265245589 t1_us=261265245590 dur_us=1
FIG8_ATTENTION_EVENT mode=scna-fp16 layout=serial phase=warmup iteration=0 component=scna_exp component_id=9 lut_exp=0 scna_layout=0 scna_width=8 qo_len=4 kv_len=4096 n_heads=12 n_kv_heads=2 head_dim=128 kv_head=0 worker=0 block_r=14 block_c=2560 t0_us=261265245591 t1_us=261265245592 dur_us=1
FIG8_ATTENTION_EVENT mode=scna-fp16 layout=serial phase=warmup iteration=0 component=scna_exp component_id=9 lut_exp=0 scna_layout=0 scna_width=8 qo_len=4 kv_len=4096 n_heads=12 n_kv_heads=2 head_dim=128 kv_head=0 worker=0 block_r=16 block_c=2560 t0_us=261265245593 t1_us=261265245594 dur_us=1
FIG8_ATTENTION_EVENT mode=scna-fp16 layout=serial phase=warmup iteration=0 component=scna_exp component_id=9 lut_exp=0 scna_layout=0 scna_width=8 qo_len=4 kv_len=4096 n_heads=12 n_kv_heads=2 head_dim=128 kv_head=0 worker=0 block_r=18 block_c=2560 t0_us=261265245595 t1_us=261265245597 dur_us=1
FIG8_ATTENTION_EVENT mode=scna-fp16 layout=serial phase=warmup iteration=0 component=scna_exp component_id=9 lut_exp=0 scna_layout=0 scna_width=8 qo_len=4 kv_len=4096 n_heads=12 n_kv_heads=2 head_dim=128 kv_head=0 worker=0 block_r=20 block_c=2560 t0_us=261265245597 t1_us=261265245599 dur_us=1
FIG8_ATTENTION_EVENT mode=scna-fp16 layout=serial phase=warmup iteration=0 component=scna_exp component_id=9 lut_exp=0 scna_layout=0 scna_width=8 qo_len=4 kv_len=4096 n_heads=12 n_kv_heads=2 head_dim=128 kv_head=0 worker=0 block_r=22 block_c=2560 t0_us=261265245599 t1_us=261265245601 dur_us=1
FIG8_ATTENTION_EVENT mode=scna-fp16 layout=serial phase=warmup iteration=0 component=safe_sm component_id=5 lut_exp=0 scna_layout=0 scna_width=8 qo_len=4 kv_len=4096 n_heads=12 n_kv_heads=2 head_dim=128 kv_head=0 worker=0 block_r=0 block_c=2560 t0_us=261265245574 t1_us=261265245601 dur_us=27
FIG8_ATTENTION_EVENT mode=scna-fp16 layout=serial phase=warmup iteration=0 component=v_load component_id=3 lut_exp=0 scna_layout=0 scna_width=8 qo_len=4 kv_len=4096 n_heads=12 n_kv_heads=2 head_dim=128 kv_head=0 worker=0 block_r=0 block_c=2560 t0_us=261265245601 t1_us=261265245628 dur_us=26
FIG8_ATTENTION_EVENT mode=scna-fp16 layout=serial phase=warmup iteration=0 component=scna_exp component_id=9 lut_exp=0 scna_layout=0 scna_width=8 qo_len=4 kv_len=4096 n_heads=12 n_kv_heads=2 head_dim=128 kv_head=0 worker=0 block_r=0 block_c=2560 t0_us=261265245628 t1_us=261265245628 dur_us=0
FIG8_ATTENTION_EVENT mode=scna-fp16 layout=serial phase=warmup iteration=0 component=core_acc component_id=6 lut_exp=0 scna_layout=0 scna_width=8 qo_len=4 kv_len=4096 n_heads=12 n_kv_heads=2 head_dim=128 kv_head=0 worker=0 block_r=0 block_c=2560 t0_us=261265245628 t1_us=261265245628 dur_us=0
FIG8_ATTENTION_EVENT mode=scna-fp16 layout=serial phase=warmup iteration=0 component=k_load component_id=2 lut_exp=0 scna_layout=0 scna_width=8 qo_len=4 kv_len=4096 n_heads=12 n_kv_heads=2 head_dim=128 kv_head=0 worker=0 block_r=0 block_c=3840 t0_us=261265245628 t1_us=261265245633 dur_us=4
FIG8_ATTENTION_EVENT mode=scna-fp16 layout=serial phase=warmup iteration=0 component=qk_dot component_id=4 lut_exp=0 scna_layout=0 scna_width=8 qo_len=4 kv_len=4096 n_heads=12 n_kv_heads=2 head_dim=128 kv_head=0 worker=0 block_r=0 block_c=3840 t0_us=261265245633 t1_us=261265245633 dur_us=0
FIG8_ATTENTION_EVENT mode=scna-fp16 layout=serial phase=warmup iteration=0 component=scna_exp component_id=9 lut_exp=0 scna_layout=0 scna_width=8 qo_len=4 kv_len=4096 n_heads=12 n_kv_heads=2 head_dim=128 kv_head=0 worker=0 block_r=0 block_c=3840 t0_us=261265245633 t1_us=261265245634 dur_us=0
FIG8_ATTENTION_EVENT mode=scna-fp16 layout=serial phase=warmup iteration=0 component=scna_exp component_id=9 lut_exp=0 scna_layout=0 scna_width=8 qo_len=4 kv_len=4096 n_heads=12 n_kv_heads=2 head_dim=128 kv_head=0 worker=0 block_r=2 block_c=3840 t0_us=261265245634 t1_us=261265245634 dur_us=0
FIG8_ATTENTION_EVENT mode=scna-fp16 layout=serial phase=warmup iteration=0 component=scna_exp component_id=9 lut_exp=0 scna_layout=0 scna_width=8 qo_len=4 kv_len=4096 n_heads=12 n_kv_heads=2 head_dim=128 kv_head=0 worker=0 block_r=4 block_c=3840 t0_us=261265245635 t1_us=261265245635 dur_us=0
FIG8_ATTENTION_EVENT mode=scna-fp16 layout=serial phase=warmup iteration=0 component=scna_exp component_id=9 lut_exp=0 scna_layout=0 scna_width=8 qo_len=4 kv_len=4096 n_heads=12 n_kv_heads=2 head_dim=128 kv_head=0 worker=0 block_r=6 block_c=3840 t0_us=261265245635 t1_us=261265245636 dur_us=0
FIG8_ATTENTION_EVENT mode=scna-fp16 layout=serial phase=warmup iteration=0 component=scna_exp component_id=9 lut_exp=0 scna_layout=0 scna_width=8 qo_len=4 kv_len=4096 n_heads=12 n_kv_heads=2 head_dim=128 kv_head=0 worker=0 block_r=8 block_c=3840 t0_us=261265245636 t1_us=261265245636 dur_us=0
FIG8_ATTENTION_EVENT mode=scna-fp16 layout=serial phase=warmup iteration=0 component=scna_exp component_id=9 lut_exp=0 scna_layout=0 scna_width=8 qo_len=4 kv_len=4096 n_heads=12 n_kv_heads=2 head_dim=128 kv_head=0 worker=0 block_r=10 block_c=3840 t0_us=261265245636 t1_us=261265245637 dur_us=0
FIG8_ATTENTION_EVENT mode=scna-fp16 layout=serial phase=warmup iteration=0 component=scna_exp component_id=9 lut_exp=0 scna_layout=0 scna_width=8 qo_len=4 kv_len=4096 n_heads=12 n_kv_heads=2 head_dim=128 kv_head=0 worker=0 block_r=12 block_c=3840 t0_us=261265245637 t1_us=261265245638 dur_us=0
FIG8_ATTENTION_EVENT mode=scna-fp16 layout=serial phase=warmup iteration=0 component=scna_exp component_id=9 lut_exp=0 scna_layout=0 scna_width=8 qo_len=4 kv_len=4096 n_heads=12 n_kv_heads=2 head_dim=128 kv_head=0 worker=0 block_r=14 block_c=3840 t0_us=261265245638 t1_us=261265245638 dur_us=0
FIG8_ATTENTION_EVENT mode=scna-fp16 layout=serial phase=warmup iteration=0 component=scna_exp component_id=9 lut_exp=0 scna_layout=0 scna_width=8 qo_len=4 kv_len=4096 n_heads=12 n_kv_heads=2 head_dim=128 kv_head=0 worker=0 block_r=16 block_c=3840 t0_us=261265245639 t1_us=261265245639 dur_us=0
FIG8_ATTENTION_EVENT mode=scna-fp16 layout=serial phase=warmup iteration=0 component=scna_exp component_id=9 lut_exp=0 scna_layout=0 scna_width=8 qo_len=4 kv_len=4096 n_heads=12 n_kv_heads=2 head_dim=128 kv_head=0 worker=0 block_r=18 block_c=3840 t0_us=261265245639 t1_us=261265245640 dur_us=0
FIG8_ATTENTION_EVENT mode=scna-fp16 layout=serial phase=warmup iteration=0 component=scna_exp component_id=9 lut_exp=0 scna_layout=0 scna_width=8 qo_len=4 kv_len=4096 n_heads=12 n_kv_heads=2 head_dim=128 kv_head=0 worker=0 block_r=20 block_c=3840 t0_us=261265245640 t1_us=261265245640 dur_us=0
FIG8_ATTENTION_EVENT mode=scna-fp16 layout=serial phase=warmup iteration=0 component=scna_exp component_id=9 lut_exp=0 scna_layout=0 scna_width=8 qo_len=4 kv_len=4096 n_heads=12 n_kv_heads=2 head_dim=128 kv_head=0 worker=0 block_r=22 block_c=3840 t0_us=261265245641 t1_us=261265245641 dur_us=0
FIG8_ATTENTION_EVENT mode=scna-fp16 layout=serial phase=warmup iteration=0 component=safe_sm component_id=5 lut_exp=0 scna_layout=0 scna_width=8 qo_len=4 kv_len=4096 n_heads=12 n_kv_heads=2 head_dim=128 kv_head=0 worker=0 block_r=0 block_c=3840 t0_us=261265245633 t1_us=261265245641 dur_us=8
FIG8_ATTENTION_EVENT mode=scna-fp16 layout=serial phase=warmup iteration=0 component=v_load component_id=3 lut_exp=0 scna_layout=0 scna_width=8 qo_len=4 kv_len=4096 n_heads=12 n_kv_heads=2 head_dim=128 kv_head=0 worker=0 block_r=0 block_c=3840 t0_us=261265245641 t1_us=261265245643 dur_us=2
FIG8_ATTENTION_EVENT mode=scna-fp16 layout=serial phase=warmup iteration=0 component=scna_exp component_id=9 lut_exp=0 scna_layout=0 scna_width=8 qo_len=4 kv_len=4096 n_heads=12 n_kv_heads=2 head_dim=128 kv_head=0 worker=0 block_r=0 block_c=3840 t0_us=261265245643 t1_us=261265245643 dur_us=0
FIG8_ATTENTION_EVENT mode=scna-fp16 layout=serial phase=warmup iteration=0 component=core_acc component_id=6 lut_exp=0 scna_layout=0 scna_width=8 qo_len=4 kv_len=4096 n_heads=12 n_kv_heads=2 head_dim=128 kv_head=0 worker=0 block_r=0 block_c=3840 t0_us=261265245643 t1_us=261265245644 dur_us=0
FIG8_ATTENTION_EVENT mode=scna-fp16 layout=serial phase=warmup iteration=0 component=o_scale component_id=7 lut_exp=0 scna_layout=0 scna_width=8 qo_len=4 kv_len=4096 n_heads=12 n_kv_heads=2 head_dim=128 kv_head=0 worker=0 block_r=0 block_c=-1 t0_us=261265245644 t1_us=261265245645 dur_us=1
FIG8_ATTENTION_EVENT mode=scna-fp16 layout=serial phase=warmup iteration=0 component=o_store component_id=8 lut_exp=0 scna_layout=0 scna_width=8 qo_len=4 kv_len=4096 n_heads=12 n_kv_heads=2 head_dim=128 kv_head=0 worker=0 block_r=0 block_c=-1 t0_us=261265245645 t1_us=261265245647 dur_us=2
FIG8_ATTENTION_EVENT mode=scna-fp16 layout=serial phase=warmup iteration=0 component=q_load component_id=1 lut_exp=0 scna_layout=0 scna_width=8 qo_len=4 kv_len=4096 n_heads=12 n_kv_heads=2 head_dim=128 kv_head=1 worker=0 block_r=0 block_c=-1 t0_us=261265245687 t1_us=261265245689 dur_us=1
FIG8_ATTENTION_EVENT mode=scna-fp16 layout=serial phase=warmup iteration=0 component=k_load component_id=2 lut_exp=0 scna_layout=0 scna_width=8 qo_len=4 kv_len=4096 n_heads=12 n_kv_heads=2 head_dim=128 kv_head=1 worker=0 block_r=0 block_c=0 t0_us=261265245690 t1_us=261265245711 dur_us=20
FIG8_ATTENTION_EVENT mode=scna-fp16 layout=serial phase=warmup iteration=0 component=qk_dot component_id=4 lut_exp=0 scna_layout=0 scna_width=8 qo_len=4 kv_len=4096 n_heads=12 n_kv_heads=2 head_dim=128 kv_head=1 worker=0 block_r=0 block_c=0 t0_us=261265245712 t1_us=261265245713 dur_us=1
FIG8_ATTENTION_EVENT mode=scna-fp16 layout=serial phase=warmup iteration=0 component=scna_exp component_id=9 lut_exp=0 scna_layout=0 scna_width=8 qo_len=4 kv_len=4096 n_heads=12 n_kv_heads=2 head_dim=128 kv_head=1 worker=0 block_r=0 block_c=0 t0_us=261265245715 t1_us=261265245718 dur_us=2
FIG8_ATTENTION_EVENT mode=scna-fp16 layout=serial phase=warmup iteration=0 component=scna_exp component_id=9 lut_exp=0 scna_layout=0 scna_width=8 qo_len=4 kv_len=4096 n_heads=12 n_kv_heads=2 head_dim=128 kv_head=1 worker=0 block_r=2 block_c=0 t0_us=261265245719 t1_us=261265245721 dur_us=1
FIG8_ATTENTION_EVENT mode=scna-fp16 layout=serial phase=warmup iteration=0 component=scna_exp component_id=9 lut_exp=0 scna_layout=0 scna_width=8 qo_len=4 kv_len=4096 n_heads=12 n_kv_heads=2 head_dim=128 kv_head=1 worker=0 block_r=4 block_c=0 t0_us=261265245721 t1_us=261265245723 dur_us=1
FIG8_ATTENTION_EVENT mode=scna-fp16 layout=serial phase=warmup iteration=0 component=scna_exp component_id=9 lut_exp=0 scna_layout=0 scna_width=8 qo_len=4 kv_len=4096 n_heads=12 n_kv_heads=2 head_dim=128 kv_head=1 worker=0 block_r=6 block_c=0 t0_us=261265245724 t1_us=261265245726 dur_us=1
FIG8_ATTENTION_EVENT mode=scna-fp16 layout=serial phase=warmup iteration=0 component=scna_exp component_id=9 lut_exp=0 scna_layout=0 scna_width=8 qo_len=4 kv_len=4096 n_heads=12 n_kv_heads=2 head_dim=128 kv_head=1 worker=0 block_r=8 block_c=0 t0_us=261265245726 t1_us=261265245727 dur_us=1
FIG8_ATTENTION_EVENT mode=scna-fp16 layout=serial phase=warmup iteration=0 component=scna_exp component_id=9 lut_exp=0 scna_layout=0 scna_width=8 qo_len=4 kv_len=4096 n_heads=12 n_kv_heads=2 head_dim=128 kv_head=1 worker=0 block_r=10 block_c=0 t0_us=261265245728 t1_us=261265245729 dur_us=1
FIG8_ATTENTION_EVENT mode=scna-fp16 layout=serial phase=warmup iteration=0 component=scna_exp component_id=9 lut_exp=0 scna_layout=0 scna_width=8 qo_len=4 kv_len=4096 n_heads=12 n_kv_heads=2 head_dim=128 kv_head=1 worker=0 block_r=12 block_c=0 t0_us=261265245731 t1_us=261265245732 dur_us=1
FIG8_ATTENTION_EVENT mode=scna-fp16 layout=serial phase=warmup iteration=0 component=scna_exp component_id=9 lut_exp=0 scna_layout=0 scna_width=8 qo_len=4 kv_len=4096 n_heads=12 n_kv_heads=2 head_dim=128 kv_head=1 worker=0 block_r=14 block_c=0 t0_us=261265245733 t1_us=261265245734 dur_us=1
FIG8_ATTENTION_EVENT mode=scna-fp16 layout=serial phase=warmup iteration=0 component=scna_exp component_id=9 lut_exp=0 scna_layout=0 scna_width=8 qo_len=4 kv_len=4096 n_heads=12 n_kv_heads=2 head_dim=128 kv_head=1 worker=0 block_r=16 block_c=0 t0_us=261265245735 t1_us=261265245736 dur_us=1
FIG8_ATTENTION_EVENT mode=scna-fp16 layout=serial phase=warmup iteration=0 component=scna_exp component_id=9 lut_exp=0 scna_layout=0 scna_width=8 qo_len=4 kv_len=4096 n_heads=12 n_kv_heads=2 head_dim=128 kv_head=1 worker=0 block_r=18 block_c=0 t0_us=261265245737 t1_us=261265245739 dur_us=1
FIG8_ATTENTION_EVENT mode=scna-fp16 layout=serial phase=warmup iteration=0 component=scna_exp component_id=9 lut_exp=0 scna_layout=0 scna_width=8 qo_len=4 kv_len=4096 n_heads=12 n_kv_heads=2 head_dim=128 kv_head=1 worker=0 block_r=20 block_c=0 t0_us=261265245739 t1_us=261265245741 dur_us=1
FIG8_ATTENTION_EVENT mode=scna-fp16 layout=serial phase=warmup iteration=0 component=scna_exp component_id=9 lut_exp=0 scna_layout=0 scna_width=8 qo_len=4 kv_len=4096 n_heads=12 n_kv_heads=2 head_dim=128 kv_head=1 worker=0 block_r=22 block_c=0 t0_us=261265245741 t1_us=261265245743 dur_us=1
FIG8_ATTENTION_EVENT mode=scna-fp16 layout=serial phase=warmup iteration=0 component=safe_sm component_id=5 lut_exp=0 scna_layout=0 scna_width=8 qo_len=4 kv_len=4096 n_heads=12 n_kv_heads=2 head_dim=128 kv_head=1 worker=0 block_r=0 block_c=0 t0_us=261265245713 t1_us=261265245743 dur_us=30
FIG8_ATTENTION_EVENT mode=scna-fp16 layout=serial phase=warmup iteration=0 component=v_load component_id=3 lut_exp=0 scna_layout=0 scna_width=8 qo_len=4 kv_len=4096 n_heads=12 n_kv_heads=2 head_dim=128 kv_head=1 worker=0 block_r=0 block_c=0 t0_us=261265245743 t1_us=261265245762 dur_us=18
FIG8_ATTENTION_EVENT mode=scna-fp16 layout=serial phase=warmup iteration=0 component=scna_exp component_id=9 lut_exp=0 scna_layout=0 scna_width=8 qo_len=4 kv_len=4096 n_heads=12 n_kv_heads=2 head_dim=128 kv_head=1 worker=0 block_r=0 block_c=0 t0_us=261265245762 t1_us=261265245763 dur_us=0
FIG8_ATTENTION_EVENT mode=scna-fp16 layout=serial phase=warmup iteration=0 component=core_acc component_id=6 lut_exp=0 scna_layout=0 scna_width=8 qo_len=4 kv_len=4096 n_heads=12 n_kv_heads=2 head_dim=128 kv_head=1 worker=0 block_r=0 block_c=0 t0_us=261265245762 t1_us=261265245765 dur_us=2
FIG8_ATTENTION_EVENT mode=scna-fp16 layout=serial phase=warmup iteration=0 component=k_load component_id=2 lut_exp=0 scna_layout=0 scna_width=8 qo_len=4 kv_len=4096 n_heads=12 n_kv_heads=2 head_dim=128 kv_head=1 worker=0 block_r=0 block_c=1280 t0_us=261265245765 t1_us=261265245787 dur_us=22
FIG8_ATTENTION_EVENT mode=scna-fp16 layout=serial phase=warmup iteration=0 component=qk_dot component_id=4 lut_exp=0 scna_layout=0 scna_width=8 qo_len=4 kv_len=4096 n_heads=12 n_kv_heads=2 head_dim=128 kv_head=1 worker=0 block_r=0 block_c=1280 t0_us=261265245787 t1_us=261265245788 dur_us=0
FIG8_ATTENTION_EVENT mode=scna-fp16 layout=serial phase=warmup iteration=0 component=scna_exp component_id=9 lut_exp=0 scna_layout=0 scna_width=8 qo_len=4 kv_len=4096 n_heads=12 n_kv_heads=2 head_dim=128 kv_head=1 worker=0 block_r=0 block_c=1280 t0_us=261265245789 t1_us=261265245791 dur_us=1
FIG8_ATTENTION_EVENT mode=scna-fp16 layout=serial phase=warmup iteration=0 component=scna_exp component_id=9 lut_exp=0 scna_layout=0 scna_width=8 qo_len=4 kv_len=4096 n_heads=12 n_kv_heads=2 head_dim=128 kv_head=1 worker=0 block_r=2 block_c=1280 t0_us=261265245791 t1_us=261265245793 dur_us=1
FIG8_ATTENTION_EVENT mode=scna-fp16 layout=serial phase=warmup iteration=0 component=scna_exp component_id=9 lut_exp=0 scna_layout=0 scna_width=8 qo_len=4 kv_len=4096 n_heads=12 n_kv_heads=2 head_dim=128 kv_head=1 worker=0 block_r=4 block_c=1280 t0_us=261265245793 t1_us=261265245795 dur_us=1
FIG8_ATTENTION_EVENT mode=scna-fp16 layout=serial phase=warmup iteration=0 component=scna_exp component_id=9 lut_exp=0 scna_layout=0 scna_width=8 qo_len=4 kv_len=4096 n_heads=12 n_kv_heads=2 head_dim=128 kv_head=1 worker=0 block_r=6 block_c=1280 t0_us=261265245796 t1_us=261265245798 dur_us=1
FIG8_ATTENTION_EVENT mode=scna-fp16 layout=serial phase=warmup iteration=0 component=scna_exp component_id=9 lut_exp=0 scna_layout=0 scna_width=8 qo_len=4 kv_len=4096 n_heads=12 n_kv_heads=2 head_dim=128 kv_head=1 worker=0 block_r=8 block_c=1280 t0_us=261265245798 t1_us=261265245800 dur_us=1
FIG8_ATTENTION_EVENT mode=scna-fp16 layout=serial phase=warmup iteration=0 component=scna_exp component_id=9 lut_exp=0 scna_layout=0 scna_width=8 qo_len=4 kv_len=4096 n_heads=12 n_kv_heads=2 head_dim=128 kv_head=1 worker=0 block_r=10 block_c=1280 t0_us=261265245800 t1_us=261265245802 dur_us=1
FIG8_ATTENTION_EVENT mode=scna-fp16 layout=serial phase=warmup iteration=0 component=scna_exp component_id=9 lut_exp=0 scna_layout=0 scna_width=8 qo_len=4 kv_len=4096 n_heads=12 n_kv_heads=2 head_dim=128 kv_head=1 worker=0 block_r=12 block_c=1280 t0_us=261265245803 t1_us=261265245804 dur_us=1
FIG8_ATTENTION_EVENT mode=scna-fp16 layout=serial phase=warmup iteration=0 component=scna_exp component_id=9 lut_exp=0 scna_layout=0 scna_width=8 qo_len=4 kv_len=4096 n_heads=12 n_kv_heads=2 head_dim=128 kv_head=1 worker=0 block_r=14 block_c=1280 t0_us=261265245805 t1_us=261265245806 dur_us=1
FIG8_ATTENTION_EVENT mode=scna-fp16 layout=serial phase=warmup iteration=0 component=scna_exp component_id=9 lut_exp=0 scna_layout=0 scna_width=8 qo_len=4 kv_len=4096 n_heads=12 n_kv_heads=2 head_dim=128 kv_head=1 worker=0 block_r=16 block_c=1280 t0_us=261265245807 t1_us=261265245808 dur_us=1
FIG8_ATTENTION_EVENT mode=scna-fp16 layout=serial phase=warmup iteration=0 component=scna_exp component_id=9 lut_exp=0 scna_layout=0 scna_width=8 qo_len=4 kv_len=4096 n_heads=12 n_kv_heads=2 head_dim=128 kv_head=1 worker=0 block_r=18 block_c=1280 t0_us=261265245810 t1_us=261265245811 dur_us=1
FIG8_ATTENTION_EVENT mode=scna-fp16 layout=serial phase=warmup iteration=0 component=scna_exp component_id=9 lut_exp=0 scna_layout=0 scna_width=8 qo_len=4 kv_len=4096 n_heads=12 n_kv_heads=2 head_dim=128 kv_head=1 worker=0 block_r=20 block_c=1280 t0_us=261265245812 t1_us=261265245813 dur_us=1
FIG8_ATTENTION_EVENT mode=scna-fp16 layout=serial phase=warmup iteration=0 component=scna_exp component_id=9 lut_exp=0 scna_layout=0 scna_width=8 qo_len=4 kv_len=4096 n_heads=12 n_kv_heads=2 head_dim=128 kv_head=1 worker=0 block_r=22 block_c=1280 t0_us=261265245814 t1_us=261265245815 dur_us=1
FIG8_ATTENTION_EVENT mode=scna-fp16 layout=serial phase=warmup iteration=0 component=safe_sm component_id=5 lut_exp=0 scna_layout=0 scna_width=8 qo_len=4 kv_len=4096 n_heads=12 n_kv_heads=2 head_dim=128 kv_head=1 worker=0 block_r=0 block_c=1280 t0_us=261265245788 t1_us=261265245815 dur_us=27
FIG8_ATTENTION_EVENT mode=scna-fp16 layout=serial phase=warmup iteration=0 component=v_load component_id=3 lut_exp=0 scna_layout=0 scna_width=8 qo_len=4 kv_len=4096 n_heads=12 n_kv_heads=2 head_dim=128 kv_head=1 worker=0 block_r=0 block_c=1280 t0_us=261265245815 t1_us=261265245843 dur_us=27
FIG8_ATTENTION_EVENT mode=scna-fp16 layout=serial phase=warmup iteration=0 component=scna_exp component_id=9 lut_exp=0 scna_layout=0 scna_width=8 qo_len=4 kv_len=4096 n_heads=12 n_kv_heads=2 head_dim=128 kv_head=1 worker=0 block_r=0 block_c=1280 t0_us=261265245843 t1_us=261265245843 dur_us=0
FIG8_ATTENTION_EVENT mode=scna-fp16 layout=serial phase=warmup iteration=0 component=core_acc component_id=6 lut_exp=0 scna_layout=0 scna_width=8 qo_len=4 kv_len=4096 n_heads=12 n_kv_heads=2 head_dim=128 kv_head=1 worker=0 block_r=0 block_c=1280 t0_us=261265245843 t1_us=261265245844 dur_us=0
FIG8_ATTENTION_EVENT mode=scna-fp16 layout=serial phase=warmup iteration=0 component=k_load component_id=2 lut_exp=0 scna_layout=0 scna_width=8 qo_len=4 kv_len=4096 n_heads=12 n_kv_heads=2 head_dim=128 kv_head=1 worker=0 block_r=0 block_c=2560 t0_us=261265245844 t1_us=261265245865 dur_us=20
FIG8_ATTENTION_EVENT mode=scna-fp16 layout=serial phase=warmup iteration=0 component=qk_dot component_id=4 lut_exp=0 scna_layout=0 scna_width=8 qo_len=4 kv_len=4096 n_heads=12 n_kv_heads=2 head_dim=128 kv_head=1 worker=0 block_r=0 block_c=2560 t0_us=261265245865 t1_us=261265245865 dur_us=0
FIG8_ATTENTION_EVENT mode=scna-fp16 layout=serial phase=warmup iteration=0 component=scna_exp component_id=9 lut_exp=0 scna_layout=0 scna_width=8 qo_len=4 kv_len=4096 n_heads=12 n_kv_heads=2 head_dim=128 kv_head=1 worker=0 block_r=0 block_c=2560 t0_us=261265245866 t1_us=261265245868 dur_us=1
FIG8_ATTENTION_EVENT mode=scna-fp16 layout=serial phase=warmup iteration=0 component=scna_exp component_id=9 lut_exp=0 scna_layout=0 scna_width=8 qo_len=4 kv_len=4096 n_heads=12 n_kv_heads=2 head_dim=128 kv_head=1 worker=0 block_r=2 block_c=2560 t0_us=261265245868 t1_us=261265245870 dur_us=1
FIG8_ATTENTION_EVENT mode=scna-fp16 layout=serial phase=warmup iteration=0 component=scna_exp component_id=9 lut_exp=0 scna_layout=0 scna_width=8 qo_len=4 kv_len=4096 n_heads=12 n_kv_heads=2 head_dim=128 kv_head=1 worker=0 block_r=4 block_c=2560 t0_us=261265245870 t1_us=261265245872 dur_us=1
FIG8_ATTENTION_EVENT mode=scna-fp16 layout=serial phase=warmup iteration=0 component=scna_exp component_id=9 lut_exp=0 scna_layout=0 scna_width=8 qo_len=4 kv_len=4096 n_heads=12 n_kv_heads=2 head_dim=128 kv_head=1 worker=0 block_r=6 block_c=2560 t0_us=261265245873 t1_us=261265245875 dur_us=1
FIG8_ATTENTION_EVENT mode=scna-fp16 layout=serial phase=warmup iteration=0 component=scna_exp component_id=9 lut_exp=0 scna_layout=0 scna_width=8 qo_len=4 kv_len=4096 n_heads=12 n_kv_heads=2 head_dim=128 kv_head=1 worker=0 block_r=8 block_c=2560 t0_us=261265245875 t1_us=261265245877 dur_us=1
FIG8_ATTENTION_EVENT mode=scna-fp16 layout=serial phase=warmup iteration=0 component=scna_exp component_id=9 lut_exp=0 scna_layout=0 scna_width=8 qo_len=4 kv_len=4096 n_heads=12 n_kv_heads=2 head_dim=128 kv_head=1 worker=0 block_r=10 block_c=2560 t0_us=261265245877 t1_us=261265245879 dur_us=1
FIG8_ATTENTION_EVENT mode=scna-fp16 layout=serial phase=warmup iteration=0 component=scna_exp component_id=9 lut_exp=0 scna_layout=0 scna_width=8 qo_len=4 kv_len=4096 n_heads=12 n_kv_heads=2 head_dim=128 kv_head=1 worker=0 block_r=12 block_c=2560 t0_us=261265245880 t1_us=261265245881 dur_us=1
FIG8_ATTENTION_EVENT mode=scna-fp16 layout=serial phase=warmup iteration=0 component=scna_exp component_id=9 lut_exp=0 scna_layout=0 scna_width=8 qo_len=4 kv_len=4096 n_heads=12 n_kv_heads=2 head_dim=128 kv_head=1 worker=0 block_r=14 block_c=2560 t0_us=261265245882 t1_us=261265245883 dur_us=1
FIG8_ATTENTION_EVENT mode=scna-fp16 layout=serial phase=warmup iteration=0 component=scna_exp component_id=9 lut_exp=0 scna_layout=0 scna_width=8 qo_len=4 kv_len=4096 n_heads=12 n_kv_heads=2 head_dim=128 kv_head=1 worker=0 block_r=16 block_c=2560 t0_us=261265245884 t1_us=261265245885 dur_us=1
FIG8_ATTENTION_EVENT mode=scna-fp16 layout=serial phase=warmup iteration=0 component=scna_exp component_id=9 lut_exp=0 scna_layout=0 scna_width=8 qo_len=4 kv_len=4096 n_heads=12 n_kv_heads=2 head_dim=128 kv_head=1 worker=0 block_r=18 block_c=2560 t0_us=261265245887 t1_us=261265245888 dur_us=1
FIG8_ATTENTION_EVENT mode=scna-fp16 layout=serial phase=warmup iteration=0 component=scna_exp component_id=9 lut_exp=0 scna_layout=0 scna_width=8 qo_len=4 kv_len=4096 n_heads=12 n_kv_heads=2 head_dim=128 kv_head=1 worker=0 block_r=20 block_c=2560 t0_us=261265245889 t1_us=261265245890 dur_us=1
FIG8_ATTENTION_EVENT mode=scna-fp16 layout=serial phase=warmup iteration=0 component=scna_exp component_id=9 lut_exp=0 scna_layout=0 scna_width=8 qo_len=4 kv_len=4096 n_heads=12 n_kv_heads=2 head_dim=128 kv_head=1 worker=0 block_r=22 block_c=2560 t0_us=261265245891 t1_us=261265245892 dur_us=1
FIG8_ATTENTION_EVENT mode=scna-fp16 layout=serial phase=warmup iteration=0 component=safe_sm component_id=5 lut_exp=0 scna_layout=0 scna_width=8 qo_len=4 kv_len=4096 n_heads=12 n_kv_heads=2 head_dim=128 kv_head=1 worker=0 block_r=0 block_c=2560 t0_us=261265245865 t1_us=261265245892 dur_us=27
FIG8_ATTENTION_EVENT mode=scna-fp16 layout=serial phase=warmup iteration=0 component=v_load component_id=3 lut_exp=0 scna_layout=0 scna_width=8 qo_len=4 kv_len=4096 n_heads=12 n_kv_heads=2 head_dim=128 kv_head=1 worker=0 block_r=0 block_c=2560 t0_us=261265245893 t1_us=261265245920 dur_us=27
FIG8_ATTENTION_EVENT mode=scna-fp16 layout=serial phase=warmup iteration=0 component=scna_exp component_id=9 lut_exp=0 scna_layout=0 scna_width=8 qo_len=4 kv_len=4096 n_heads=12 n_kv_heads=2 head_dim=128 kv_head=1 worker=0 block_r=0 block_c=2560 t0_us=261265245920 t1_us=261265245920 dur_us=0
FIG8_ATTENTION_EVENT mode=scna-fp16 layout=serial phase=warmup iteration=0 component=core_acc component_id=6 lut_exp=0 scna_layout=0 scna_width=8 qo_len=4 kv_len=4096 n_heads=12 n_kv_heads=2 head_dim=128 kv_head=1 worker=0 block_r=0 block_c=2560 t0_us=261265245920 t1_us=261265245920 dur_us=0
FIG8_ATTENTION_EVENT mode=scna-fp16 layout=serial phase=warmup iteration=0 component=k_load component_id=2 lut_exp=0 scna_layout=0 scna_width=8 qo_len=4 kv_len=4096 n_heads=12 n_kv_heads=2 head_dim=128 kv_head=1 worker=0 block_r=0 block_c=3840 t0_us=261265245920 t1_us=261265245925 dur_us=4
FIG8_ATTENTION_EVENT mode=scna-fp16 layout=serial phase=warmup iteration=0 component=qk_dot component_id=4 lut_exp=0 scna_layout=0 scna_width=8 qo_len=4 kv_len=4096 n_heads=12 n_kv_heads=2 head_dim=128 kv_head=1 worker=0 block_r=0 block_c=3840 t0_us=261265245925 t1_us=261265245925 dur_us=0
FIG8_ATTENTION_EVENT mode=scna-fp16 layout=serial phase=warmup iteration=0 component=scna_exp component_id=9 lut_exp=0 scna_layout=0 scna_width=8 qo_len=4 kv_len=4096 n_heads=12 n_kv_heads=2 head_dim=128 kv_head=1 worker=0 block_r=0 block_c=3840 t0_us=261265245925 t1_us=261265245926 dur_us=0
FIG8_ATTENTION_EVENT mode=scna-fp16 layout=serial phase=warmup iteration=0 component=scna_exp component_id=9 lut_exp=0 scna_layout=0 scna_width=8 qo_len=4 kv_len=4096 n_heads=12 n_kv_heads=2 head_dim=128 kv_head=1 worker=0 block_r=2 block_c=3840 t0_us=261265245926 t1_us=261265245926 dur_us=0
FIG8_ATTENTION_EVENT mode=scna-fp16 layout=serial phase=warmup iteration=0 component=scna_exp component_id=9 lut_exp=0 scna_layout=0 scna_width=8 qo_len=4 kv_len=4096 n_heads=12 n_kv_heads=2 head_dim=128 kv_head=1 worker=0 block_r=4 block_c=3840 t0_us=261265245927 t1_us=261265245927 dur_us=0
FIG8_ATTENTION_EVENT mode=scna-fp16 layout=serial phase=warmup iteration=0 component=scna_exp component_id=9 lut_exp=0 scna_layout=0 scna_width=8 qo_len=4 kv_len=4096 n_heads=12 n_kv_heads=2 head_dim=128 kv_head=1 worker=0 block_r=6 block_c=3840 t0_us=261265245927 t1_us=261265245928 dur_us=0
FIG8_ATTENTION_EVENT mode=scna-fp16 layout=serial phase=warmup iteration=0 component=scna_exp component_id=9 lut_exp=0 scna_layout=0 scna_width=8 qo_len=4 kv_len=4096 n_heads=12 n_kv_heads=2 head_dim=128 kv_head=1 worker=0 block_r=8 block_c=3840 t0_us=261265245928 t1_us=261265245928 dur_us=0
FIG8_ATTENTION_EVENT mode=scna-fp16 layout=serial phase=warmup iteration=0 component=scna_exp component_id=9 lut_exp=0 scna_layout=0 scna_width=8 qo_len=4 kv_len=4096 n_heads=12 n_kv_heads=2 head_dim=128 kv_head=1 worker=0 block_r=10 block_c=3840 t0_us=261265245929 t1_us=261265245929 dur_us=0
FIG8_ATTENTION_EVENT mode=scna-fp16 layout=serial phase=warmup iteration=0 component=scna_exp component_id=9 lut_exp=0 scna_layout=0 scna_width=8 qo_len=4 kv_len=4096 n_heads=12 n_kv_heads=2 head_dim=128 kv_head=1 worker=0 block_r=12 block_c=3840 t0_us=261265245929 t1_us=261265245930 dur_us=0
FIG8_ATTENTION_EVENT mode=scna-fp16 layout=serial phase=warmup iteration=0 component=scna_exp component_id=9 lut_exp=0 scna_layout=0 scna_width=8 qo_len=4 kv_len=4096 n_heads=12 n_kv_heads=2 head_dim=128 kv_head=1 worker=0 block_r=14 block_c=3840 t0_us=261265245930 t1_us=261265245930 dur_us=0
FIG8_ATTENTION_EVENT mode=scna-fp16 layout=serial phase=warmup iteration=0 component=scna_exp component_id=9 lut_exp=0 scna_layout=0 scna_width=8 qo_len=4 kv_len=4096 n_heads=12 n_kv_heads=2 head_dim=128 kv_head=1 worker=0 block_r=16 block_c=3840 t0_us=261265245931 t1_us=261265245931 dur_us=0
FIG8_ATTENTION_EVENT mode=scna-fp16 layout=serial phase=warmup iteration=0 component=scna_exp component_id=9 lut_exp=0 scna_layout=0 scna_width=8 qo_len=4 kv_len=4096 n_heads=12 n_kv_heads=2 head_dim=128 kv_head=1 worker=0 block_r=18 block_c=3840 t0_us=261265245931 t1_us=261265245932 dur_us=0
FIG8_ATTENTION_EVENT mode=scna-fp16 layout=serial phase=warmup iteration=0 component=scna_exp component_id=9 lut_exp=0 scna_layout=0 scna_width=8 qo_len=4 kv_len=4096 n_heads=12 n_kv_heads=2 head_dim=128 kv_head=1 worker=0 block_r=20 block_c=3840 t0_us=261265245932 t1_us=261265245932 dur_us=0
FIG8_ATTENTION_EVENT mode=scna-fp16 layout=serial phase=warmup iteration=0 component=scna_exp component_id=9 lut_exp=0 scna_layout=0 scna_width=8 qo_len=4 kv_len=4096 n_heads=12 n_kv_heads=2 head_dim=128 kv_head=1 worker=0 block_r=22 block_c=3840 t0_us=261265245933 t1_us=261265245933 dur_us=0
FIG8_ATTENTION_EVENT mode=scna-fp16 layout=serial phase=warmup iteration=0 component=safe_sm component_id=5 lut_exp=0 scna_layout=0 scna_width=8 qo_len=4 kv_len=4096 n_heads=12 n_kv_heads=2 head_dim=128 kv_head=1 worker=0 block_r=0 block_c=3840 t0_us=261265245925 t1_us=261265245933 dur_us=8
FIG8_ATTENTION_EVENT mode=scna-fp16 layout=serial phase=warmup iteration=0 component=v_load component_id=3 lut_exp=0 scna_layout=0 scna_width=8 qo_len=4 kv_len=4096 n_heads=12 n_kv_heads=2 head_dim=128 kv_head=1 worker=0 block_r=0 block_c=3840 t0_us=261265245933 t1_us=261265245935 dur_us=2
FIG8_ATTENTION_EVENT mode=scna-fp16 layout=serial phase=warmup iteration=0 component=scna_exp component_id=9 lut_exp=0 scna_layout=0 scna_width=8 qo_len=4 kv_len=4096 n_heads=12 n_kv_heads=2 head_dim=128 kv_head=1 worker=0 block_r=0 block_c=3840 t0_us=261265245935 t1_us=261265245935 dur_us=0
FIG8_ATTENTION_EVENT mode=scna-fp16 layout=serial phase=warmup iteration=0 component=core_acc component_id=6 lut_exp=0 scna_layout=0 scna_width=8 qo_len=4 kv_len=4096 n_heads=12 n_kv_heads=2 head_dim=128 kv_head=1 worker=0 block_r=0 block_c=3840 t0_us=261265245935 t1_us=261265245936 dur_us=0
FIG8_ATTENTION_EVENT mode=scna-fp16 layout=serial phase=warmup iteration=0 component=o_scale component_id=7 lut_exp=0 scna_layout=0 scna_width=8 qo_len=4 kv_len=4096 n_heads=12 n_kv_heads=2 head_dim=128 kv_head=1 worker=0 block_r=0 block_c=-1 t0_us=261265245936 t1_us=261265245938 dur_us=1
FIG8_ATTENTION_EVENT mode=scna-fp16 layout=serial phase=warmup iteration=0 component=o_store component_id=8 lut_exp=0 scna_layout=0 scna_width=8 qo_len=4 kv_len=4096 n_heads=12 n_kv_heads=2 head_dim=128 kv_head=1 worker=0 block_r=0 block_c=-1 t0_us=261265245938 t1_us=261265245940 dur_us=1
FIG8_ATTENTION_CHECKSUM mode=scna-fp16 layout=serial scna_width=8 seed=figure8_fixed phase=warmup iteration=0 checksum=0x956247d4d3c1748e
FIG8_ATTENTION_HOST_TIMING mode=scna-fp16 layout=serial variant=pair_static_d8 workers=1 scna_width=8 seed=figure8_fixed mask_mode=full qo_len=32 kv_len=4096 n_heads=12 n_kv_heads=2 head_dim=128 phase=measure iteration=0 host_elapsed_us=4773 ret=0
FIG8_ATTENTION_PROFILE_COUNT mode=scna-fp16 qo_len=32 phase=measure iteration=0 records=16 max_records=24
FIG8_ATTENTION_WORKERS mode=scna-fp16 variant=pair_static_d8 qo_len=32 phase=measure iteration=0 requested_workers=1 active_workers=1 hvx_contexts=6 vtcm_worker_cap=8 tasks=16 q_task_rows=4
FIG8_ATTENTION_TIMERS mode=scna-fp16 layout=serial phase=measure iteration=0 lut_exp=0 scna_layout=0 scna_width=8 qo_len=4 kv_len=4096 n_heads=12 n_kv_heads=2 head_dim=128 kv_head=0 worker=1 profiled_total=236 q_load=1 k_load=66 v_load=71 qk_dot=1 safe_sm=91 scna_exp=61 state_update=1 param_prepare=0 core_acc=3 o_scale=1 o_store=2
FIG8_ATTENTION_TIMERS mode=scna-fp16 layout=serial phase=measure iteration=0 lut_exp=0 scna_layout=0 scna_width=8 qo_len=4 kv_len=4096 n_heads=12 n_kv_heads=2 head_dim=128 kv_head=1 worker=1 profiled_total=241 q_load=1 k_load=70 v_load=71 qk_dot=2 safe_sm=92 scna_exp=62 state_update=1 param_prepare=0 core_acc=3 o_scale=1 o_store=1
FIG8_ATTENTION_TIMERS mode=scna-fp16 layout=serial phase=measure iteration=0 lut_exp=0 scna_layout=0 scna_width=8 qo_len=4 kv_len=4096 n_heads=12 n_kv_heads=2 head_dim=128 kv_head=0 worker=1 profiled_total=231 q_load=1 k_load=67 v_load=65 qk_dot=1 safe_sm=91 scna_exp=60 state_update=1 param_prepare=0 core_acc=3 o_scale=1 o_store=2
FIG8_ATTENTION_TIMERS mode=scna-fp16 layout=serial phase=measure iteration=0 lut_exp=0 scna_layout=0 scna_width=8 qo_len=4 kv_len=4096 n_heads=12 n_kv_heads=2 head_dim=128 kv_head=1 worker=1 profiled_total=230 q_load=1 k_load=67 v_load=65 qk_dot=2 safe_sm=90 scna_exp=60 state_update=1 param_prepare=0 core_acc=3 o_scale=1 o_store=1
FIG8_ATTENTION_TIMERS mode=scna-fp16 layout=serial phase=measure iteration=0 lut_exp=0 scna_layout=0 scna_width=8 qo_len=4 kv_len=4096 n_heads=12 n_kv_heads=2 head_dim=128 kv_head=0 worker=1 profiled_total=238 q_load=1 k_load=67 v_load=68 qk_dot=2 safe_sm=93 scna_exp=60 state_update=3 param_prepare=0 core_acc=5 o_scale=1 o_store=1
FIG8_ATTENTION_TIMERS mode=scna-fp16 layout=serial phase=measure iteration=0 lut_exp=0 scna_layout=0 scna_width=8 qo_len=4 kv_len=4096 n_heads=12 n_kv_heads=2 head_dim=128 kv_head=1 worker=1 profiled_total=231 q_load=1 k_load=66 v_load=69 qk_dot=1 safe_sm=90 scna_exp=60 state_update=1 param_prepare=0 core_acc=2 o_scale=1 o_store=1
FIG8_ATTENTION_TIMERS mode=scna-fp16 layout=serial phase=measure iteration=0 lut_exp=0 scna_layout=0 scna_width=8 qo_len=4 kv_len=4096 n_heads=12 n_kv_heads=2 head_dim=128 kv_head=0 worker=1 profiled_total=232 q_load=1 k_load=68 v_load=63 qk_dot=1 safe_sm=93 scna_exp=60 state_update=1 param_prepare=0 core_acc=3 o_scale=1 o_store=2
FIG8_ATTENTION_TIMERS mode=scna-fp16 layout=serial phase=measure iteration=0 lut_exp=0 scna_layout=0 scna_width=8 qo_len=4 kv_len=4096 n_heads=12 n_kv_heads=2 head_dim=128 kv_head=1 worker=1 profiled_total=230 q_load=1 k_load=67 v_load=62 qk_dot=2 safe_sm=93 scna_exp=60 state_update=1 param_prepare=0 core_acc=3 o_scale=1 o_store=1
FIG8_ATTENTION_TIMERS mode=scna-fp16 layout=serial phase=measure iteration=0 lut_exp=0 scna_layout=0 scna_width=8 qo_len=4 kv_len=4096 n_heads=12 n_kv_heads=2 head_dim=128 kv_head=0 worker=1 profiled_total=234 q_load=1 k_load=67 v_load=65 qk_dot=2 safe_sm=92 scna_exp=60 state_update=2 param_prepare=0 core_acc=4 o_scale=1 o_store=2
FIG8_ATTENTION_TIMERS mode=scna-fp16 layout=serial phase=measure iteration=0 lut_exp=0 scna_layout=0 scna_width=8 qo_len=4 kv_len=4096 n_heads=12 n_kv_heads=2 head_dim=128 kv_head=1 worker=1 profiled_total=230 q_load=1 k_load=67 v_load=66 qk_dot=1 safe_sm=90 scna_exp=60 state_update=1 param_prepare=0 core_acc=3 o_scale=1 o_store=1
FIG8_ATTENTION_TIMERS mode=scna-fp16 layout=serial phase=measure iteration=0 lut_exp=0 scna_layout=0 scna_width=8 qo_len=4 kv_len=4096 n_heads=12 n_kv_heads=2 head_dim=128 kv_head=0 worker=1 profiled_total=232 q_load=1 k_load=67 v_load=64 qk_dot=2 safe_sm=91 scna_exp=61 state_update=1 param_prepare=0 core_acc=4 o_scale=1 o_store=2
FIG8_ATTENTION_TIMERS mode=scna-fp16 layout=serial phase=measure iteration=0 lut_exp=0 scna_layout=0 scna_width=8 qo_len=4 kv_len=4096 n_heads=12 n_kv_heads=2 head_dim=128 kv_head=1 worker=1 profiled_total=241 q_load=1 k_load=68 v_load=68 qk_dot=2 safe_sm=94 scna_exp=62 state_update=3 param_prepare=0 core_acc=6 o_scale=1 o_store=1
FIG8_ATTENTION_TIMERS mode=scna-fp16 layout=serial phase=measure iteration=0 lut_exp=0 scna_layout=0 scna_width=8 qo_len=4 kv_len=4096 n_heads=12 n_kv_heads=2 head_dim=128 kv_head=0 worker=1 profiled_total=229 q_load=1 k_load=67 v_load=65 qk_dot=1 safe_sm=91 scna_exp=59 state_update=1 param_prepare=0 core_acc=1 o_scale=1 o_store=2
FIG8_ATTENTION_TIMERS mode=scna-fp16 layout=serial phase=measure iteration=0 lut_exp=0 scna_layout=0 scna_width=8 qo_len=4 kv_len=4096 n_heads=12 n_kv_heads=2 head_dim=128 kv_head=1 worker=1 profiled_total=232 q_load=1 k_load=68 v_load=66 qk_dot=1 safe_sm=91 scna_exp=60 state_update=1 param_prepare=0 core_acc=3 o_scale=1 o_store=1
FIG8_ATTENTION_TIMERS mode=scna-fp16 layout=serial phase=measure iteration=0 lut_exp=0 scna_layout=0 scna_width=8 qo_len=4 kv_len=4096 n_heads=12 n_kv_heads=2 head_dim=128 kv_head=0 worker=1 profiled_total=235 q_load=1 k_load=67 v_load=64 qk_dot=2 safe_sm=95 scna_exp=60 state_update=1 param_prepare=0 core_acc=3 o_scale=1 o_store=2
FIG8_ATTENTION_TIMERS mode=scna-fp16 layout=serial phase=measure iteration=0 lut_exp=0 scna_layout=0 scna_width=8 qo_len=4 kv_len=4096 n_heads=12 n_kv_heads=2 head_dim=128 kv_head=1 worker=1 profiled_total=236 q_load=1 k_load=70 v_load=61 qk_dot=2 safe_sm=95 scna_exp=61 state_update=2 param_prepare=0 core_acc=5 o_scale=1 o_store=1
FIG8_ATTENTION_EVENT_COUNT mode=scna-fp16 qo_len=32 phase=measure iteration=0 events=1200 max_events=33152 overflow=0
FIG8_ATTENTION_EVENT mode=scna-fp16 layout=serial phase=measure iteration=0 component=q_load component_id=1 lut_exp=0 scna_layout=0 scna_width=8 qo_len=4 kv_len=4096 n_heads=12 n_kv_heads=2 head_dim=128 kv_head=0 worker=1 block_r=0 block_c=-1 t0_us=261265249442 t1_us=261265249444 dur_us=1
FIG8_ATTENTION_EVENT mode=scna-fp16 layout=serial phase=measure iteration=0 component=k_load component_id=2 lut_exp=0 scna_layout=0 scna_width=8 qo_len=4 kv_len=4096 n_heads=12 n_kv_heads=2 head_dim=128 kv_head=0 worker=1 block_r=0 block_c=0 t0_us=261265249445 t1_us=261265249465 dur_us=20
FIG8_ATTENTION_EVENT mode=scna-fp16 layout=serial phase=measure iteration=0 component=qk_dot component_id=4 lut_exp=0 scna_layout=0 scna_width=8 qo_len=4 kv_len=4096 n_heads=12 n_kv_heads=2 head_dim=128 kv_head=0 worker=1 block_r=0 block_c=0 t0_us=261265249466 t1_us=261265249467 dur_us=0
FIG8_ATTENTION_EVENT mode=scna-fp16 layout=serial phase=measure iteration=0 component=scna_exp component_id=9 lut_exp=0 scna_layout=0 scna_width=8 qo_len=4 kv_len=4096 n_heads=12 n_kv_heads=2 head_dim=128 kv_head=0 worker=1 block_r=0 block_c=0 t0_us=261265249469 t1_us=261265249472 dur_us=3
FIG8_ATTENTION_EVENT mode=scna-fp16 layout=serial phase=measure iteration=0 component=scna_exp component_id=9 lut_exp=0 scna_layout=0 scna_width=8 qo_len=4 kv_len=4096 n_heads=12 n_kv_heads=2 head_dim=128 kv_head=0 worker=1 block_r=2 block_c=0 t0_us=261265249473 t1_us=261265249475 dur_us=1
FIG8_ATTENTION_EVENT mode=scna-fp16 layout=serial phase=measure iteration=0 component=scna_exp component_id=9 lut_exp=0 scna_layout=0 scna_width=8 qo_len=4 kv_len=4096 n_heads=12 n_kv_heads=2 head_dim=128 kv_head=0 worker=1 block_r=4 block_c=0 t0_us=261265249475 t1_us=261265249477 dur_us=1
FIG8_ATTENTION_EVENT mode=scna-fp16 layout=serial phase=measure iteration=0 component=scna_exp component_id=9 lut_exp=0 scna_layout=0 scna_width=8 qo_len=4 kv_len=4096 n_heads=12 n_kv_heads=2 head_dim=128 kv_head=0 worker=1 block_r=6 block_c=0 t0_us=261265249478 t1_us=261265249480 dur_us=1
FIG8_ATTENTION_EVENT mode=scna-fp16 layout=serial phase=measure iteration=0 component=scna_exp component_id=9 lut_exp=0 scna_layout=0 scna_width=8 qo_len=4 kv_len=4096 n_heads=12 n_kv_heads=2 head_dim=128 kv_head=0 worker=1 block_r=8 block_c=0 t0_us=261265249480 t1_us=261265249482 dur_us=1
FIG8_ATTENTION_EVENT mode=scna-fp16 layout=serial phase=measure iteration=0 component=scna_exp component_id=9 lut_exp=0 scna_layout=0 scna_width=8 qo_len=4 kv_len=4096 n_heads=12 n_kv_heads=2 head_dim=128 kv_head=0 worker=1 block_r=10 block_c=0 t0_us=261265249482 t1_us=261265249484 dur_us=1
FIG8_ATTENTION_EVENT mode=scna-fp16 layout=serial phase=measure iteration=0 component=scna_exp component_id=9 lut_exp=0 scna_layout=0 scna_width=8 qo_len=4 kv_len=4096 n_heads=12 n_kv_heads=2 head_dim=128 kv_head=0 worker=1 block_r=12 block_c=0 t0_us=261265249485 t1_us=261265249486 dur_us=1
FIG8_ATTENTION_EVENT mode=scna-fp16 layout=serial phase=measure iteration=0 component=scna_exp component_id=9 lut_exp=0 scna_layout=0 scna_width=8 qo_len=4 kv_len=4096 n_heads=12 n_kv_heads=2 head_dim=128 kv_head=0 worker=1 block_r=14 block_c=0 t0_us=261265249487 t1_us=261265249488 dur_us=1
FIG8_ATTENTION_EVENT mode=scna-fp16 layout=serial phase=measure iteration=0 component=scna_exp component_id=9 lut_exp=0 scna_layout=0 scna_width=8 qo_len=4 kv_len=4096 n_heads=12 n_kv_heads=2 head_dim=128 kv_head=0 worker=1 block_r=16 block_c=0 t0_us=261265249489 t1_us=261265249490 dur_us=1
FIG8_ATTENTION_EVENT mode=scna-fp16 layout=serial phase=measure iteration=0 component=scna_exp component_id=9 lut_exp=0 scna_layout=0 scna_width=8 qo_len=4 kv_len=4096 n_heads=12 n_kv_heads=2 head_dim=128 kv_head=0 worker=1 block_r=18 block_c=0 t0_us=261265249491 t1_us=261265249493 dur_us=1
FIG8_ATTENTION_EVENT mode=scna-fp16 layout=serial phase=measure iteration=0 component=scna_exp component_id=9 lut_exp=0 scna_layout=0 scna_width=8 qo_len=4 kv_len=4096 n_heads=12 n_kv_heads=2 head_dim=128 kv_head=0 worker=1 block_r=20 block_c=0 t0_us=261265249493 t1_us=261265249495 dur_us=1
FIG8_ATTENTION_EVENT mode=scna-fp16 layout=serial phase=measure iteration=0 component=scna_exp component_id=9 lut_exp=0 scna_layout=0 scna_width=8 qo_len=4 kv_len=4096 n_heads=12 n_kv_heads=2 head_dim=128 kv_head=0 worker=1 block_r=22 block_c=0 t0_us=261265249495 t1_us=261265249497 dur_us=1
FIG8_ATTENTION_EVENT mode=scna-fp16 layout=serial phase=measure iteration=0 component=safe_sm component_id=5 lut_exp=0 scna_layout=0 scna_width=8 qo_len=4 kv_len=4096 n_heads=12 n_kv_heads=2 head_dim=128 kv_head=0 worker=1 block_r=0 block_c=0 t0_us=261265249467 t1_us=261265249497 dur_us=29
FIG8_ATTENTION_EVENT mode=scna-fp16 layout=serial phase=measure iteration=0 component=v_load component_id=3 lut_exp=0 scna_layout=0 scna_width=8 qo_len=4 kv_len=4096 n_heads=12 n_kv_heads=2 head_dim=128 kv_head=0 worker=1 block_r=0 block_c=0 t0_us=261265249498 t1_us=261265249522 dur_us=24
FIG8_ATTENTION_EVENT mode=scna-fp16 layout=serial phase=measure iteration=0 component=scna_exp component_id=9 lut_exp=0 scna_layout=0 scna_width=8 qo_len=4 kv_len=4096 n_heads=12 n_kv_heads=2 head_dim=128 kv_head=0 worker=1 block_r=0 block_c=0 t0_us=261265249523 t1_us=261265249523 dur_us=0
FIG8_ATTENTION_EVENT mode=scna-fp16 layout=serial phase=measure iteration=0 component=core_acc component_id=6 lut_exp=0 scna_layout=0 scna_width=8 qo_len=4 kv_len=4096 n_heads=12 n_kv_heads=2 head_dim=128 kv_head=0 worker=1 block_r=0 block_c=0 t0_us=261265249522 t1_us=261265249525 dur_us=2
FIG8_ATTENTION_EVENT mode=scna-fp16 layout=serial phase=measure iteration=0 component=k_load component_id=2 lut_exp=0 scna_layout=0 scna_width=8 qo_len=4 kv_len=4096 n_heads=12 n_kv_heads=2 head_dim=128 kv_head=0 worker=1 block_r=0 block_c=1280 t0_us=261265249525 t1_us=261265249546 dur_us=20
FIG8_ATTENTION_EVENT mode=scna-fp16 layout=serial phase=measure iteration=0 component=qk_dot component_id=4 lut_exp=0 scna_layout=0 scna_width=8 qo_len=4 kv_len=4096 n_heads=12 n_kv_heads=2 head_dim=128 kv_head=0 worker=1 block_r=0 block_c=1280 t0_us=261265249546 t1_us=261265249546 dur_us=0
FIG8_ATTENTION_EVENT mode=scna-fp16 layout=serial phase=measure iteration=0 component=scna_exp component_id=9 lut_exp=0 scna_layout=0 scna_width=8 qo_len=4 kv_len=4096 n_heads=12 n_kv_heads=2 head_dim=128 kv_head=0 worker=1 block_r=0 block_c=1280 t0_us=261265249547 t1_us=261265249549 dur_us=1
FIG8_ATTENTION_EVENT mode=scna-fp16 layout=serial phase=measure iteration=0 component=scna_exp component_id=9 lut_exp=0 scna_layout=0 scna_width=8 qo_len=4 kv_len=4096 n_heads=12 n_kv_heads=2 head_dim=128 kv_head=0 worker=1 block_r=2 block_c=1280 t0_us=261265249549 t1_us=261265249551 dur_us=1
FIG8_ATTENTION_EVENT mode=scna-fp16 layout=serial phase=measure iteration=0 component=scna_exp component_id=9 lut_exp=0 scna_layout=0 scna_width=8 qo_len=4 kv_len=4096 n_heads=12 n_kv_heads=2 head_dim=128 kv_head=0 worker=1 block_r=4 block_c=1280 t0_us=261265249551 t1_us=261265249553 dur_us=1
FIG8_ATTENTION_EVENT mode=scna-fp16 layout=serial phase=measure iteration=0 component=scna_exp component_id=9 lut_exp=0 scna_layout=0 scna_width=8 qo_len=4 kv_len=4096 n_heads=12 n_kv_heads=2 head_dim=128 kv_head=0 worker=1 block_r=6 block_c=1280 t0_us=261265249554 t1_us=261265249556 dur_us=1
FIG8_ATTENTION_EVENT mode=scna-fp16 layout=serial phase=measure iteration=0 component=scna_exp component_id=9 lut_exp=0 scna_layout=0 scna_width=8 qo_len=4 kv_len=4096 n_heads=12 n_kv_heads=2 head_dim=128 kv_head=0 worker=1 block_r=8 block_c=1280 t0_us=261265249556 t1_us=261265249558 dur_us=1
FIG8_ATTENTION_EVENT mode=scna-fp16 layout=serial phase=measure iteration=0 component=scna_exp component_id=9 lut_exp=0 scna_layout=0 scna_width=8 qo_len=4 kv_len=4096 n_heads=12 n_kv_heads=2 head_dim=128 kv_head=0 worker=1 block_r=10 block_c=1280 t0_us=261265249558 t1_us=261265249560 dur_us=1
FIG8_ATTENTION_EVENT mode=scna-fp16 layout=serial phase=measure iteration=0 component=scna_exp component_id=9 lut_exp=0 scna_layout=0 scna_width=8 qo_len=4 kv_len=4096 n_heads=12 n_kv_heads=2 head_dim=128 kv_head=0 worker=1 block_r=12 block_c=1280 t0_us=261265249561 t1_us=261265249562 dur_us=1
FIG8_ATTENTION_EVENT mode=scna-fp16 layout=serial phase=measure iteration=0 component=scna_exp component_id=9 lut_exp=0 scna_layout=0 scna_width=8 qo_len=4 kv_len=4096 n_heads=12 n_kv_heads=2 head_dim=128 kv_head=0 worker=1 block_r=14 block_c=1280 t0_us=261265249563 t1_us=261265249564 dur_us=1
FIG8_ATTENTION_EVENT mode=scna-fp16 layout=serial phase=measure iteration=0 component=scna_exp component_id=9 lut_exp=0 scna_layout=0 scna_width=8 qo_len=4 kv_len=4096 n_heads=12 n_kv_heads=2 head_dim=128 kv_head=0 worker=1 block_r=16 block_c=1280 t0_us=261265249565 t1_us=261265249566 dur_us=1
FIG8_ATTENTION_EVENT mode=scna-fp16 layout=serial phase=measure iteration=0 component=scna_exp component_id=9 lut_exp=0 scna_layout=0 scna_width=8 qo_len=4 kv_len=4096 n_heads=12 n_kv_heads=2 head_dim=128 kv_head=0 worker=1 block_r=18 block_c=1280 t0_us=261265249568 t1_us=261265249569 dur_us=1
FIG8_ATTENTION_EVENT mode=scna-fp16 layout=serial phase=measure iteration=0 component=scna_exp component_id=9 lut_exp=0 scna_layout=0 scna_width=8 qo_len=4 kv_len=4096 n_heads=12 n_kv_heads=2 head_dim=128 kv_head=0 worker=1 block_r=20 block_c=1280 t0_us=261265249570 t1_us=261265249571 dur_us=1
FIG8_ATTENTION_EVENT mode=scna-fp16 layout=serial phase=measure iteration=0 component=scna_exp component_id=9 lut_exp=0 scna_layout=0 scna_width=8 qo_len=4 kv_len=4096 n_heads=12 n_kv_heads=2 head_dim=128 kv_head=0 worker=1 block_r=22 block_c=1280 t0_us=261265249571 t1_us=261265249573 dur_us=1
FIG8_ATTENTION_EVENT mode=scna-fp16 layout=serial phase=measure iteration=0 component=safe_sm component_id=5 lut_exp=0 scna_layout=0 scna_width=8 qo_len=4 kv_len=4096 n_heads=12 n_kv_heads=2 head_dim=128 kv_head=0 worker=1 block_r=0 block_c=1280 t0_us=261265249546 t1_us=261265249573 dur_us=26
FIG8_ATTENTION_EVENT mode=scna-fp16 layout=serial phase=measure iteration=0 component=v_load component_id=3 lut_exp=0 scna_layout=0 scna_width=8 qo_len=4 kv_len=4096 n_heads=12 n_kv_heads=2 head_dim=128 kv_head=0 worker=1 block_r=0 block_c=1280 t0_us=261265249573 t1_us=261265249594 dur_us=21
FIG8_ATTENTION_EVENT mode=scna-fp16 layout=serial phase=measure iteration=0 component=scna_exp component_id=9 lut_exp=0 scna_layout=0 scna_width=8 qo_len=4 kv_len=4096 n_heads=12 n_kv_heads=2 head_dim=128 kv_head=0 worker=1 block_r=0 block_c=1280 t0_us=261265249594 t1_us=261265249594 dur_us=0
FIG8_ATTENTION_EVENT mode=scna-fp16 layout=serial phase=measure iteration=0 component=core_acc component_id=6 lut_exp=0 scna_layout=0 scna_width=8 qo_len=4 kv_len=4096 n_heads=12 n_kv_heads=2 head_dim=128 kv_head=0 worker=1 block_r=0 block_c=1280 t0_us=261265249594 t1_us=261265249595 dur_us=0
FIG8_ATTENTION_EVENT mode=scna-fp16 layout=serial phase=measure iteration=0 component=k_load component_id=2 lut_exp=0 scna_layout=0 scna_width=8 qo_len=4 kv_len=4096 n_heads=12 n_kv_heads=2 head_dim=128 kv_head=0 worker=1 block_r=0 block_c=2560 t0_us=261265249595 t1_us=261265249616 dur_us=21
FIG8_ATTENTION_EVENT mode=scna-fp16 layout=serial phase=measure iteration=0 component=qk_dot component_id=4 lut_exp=0 scna_layout=0 scna_width=8 qo_len=4 kv_len=4096 n_heads=12 n_kv_heads=2 head_dim=128 kv_head=0 worker=1 block_r=0 block_c=2560 t0_us=261265249616 t1_us=261265249616 dur_us=0
FIG8_ATTENTION_EVENT mode=scna-fp16 layout=serial phase=measure iteration=0 component=scna_exp component_id=9 lut_exp=0 scna_layout=0 scna_width=8 qo_len=4 kv_len=4096 n_heads=12 n_kv_heads=2 head_dim=128 kv_head=0 worker=1 block_r=0 block_c=2560 t0_us=261265249618 t1_us=261265249619 dur_us=1
FIG8_ATTENTION_EVENT mode=scna-fp16 layout=serial phase=measure iteration=0 component=scna_exp component_id=9 lut_exp=0 scna_layout=0 scna_width=8 qo_len=4 kv_len=4096 n_heads=12 n_kv_heads=2 head_dim=128 kv_head=0 worker=1 block_r=2 block_c=2560 t0_us=261265249620 t1_us=261265249621 dur_us=1
FIG8_ATTENTION_EVENT mode=scna-fp16 layout=serial phase=measure iteration=0 component=scna_exp component_id=9 lut_exp=0 scna_layout=0 scna_width=8 qo_len=4 kv_len=4096 n_heads=12 n_kv_heads=2 head_dim=128 kv_head=0 worker=1 block_r=4 block_c=2560 t0_us=261265249622 t1_us=261265249623 dur_us=1
FIG8_ATTENTION_EVENT mode=scna-fp16 layout=serial phase=measure iteration=0 component=scna_exp component_id=9 lut_exp=0 scna_layout=0 scna_width=8 qo_len=4 kv_len=4096 n_heads=12 n_kv_heads=2 head_dim=128 kv_head=0 worker=1 block_r=6 block_c=2560 t0_us=261265249625 t1_us=261265249626 dur_us=1
FIG8_ATTENTION_EVENT mode=scna-fp16 layout=serial phase=measure iteration=0 component=scna_exp component_id=9 lut_exp=0 scna_layout=0 scna_width=8 qo_len=4 kv_len=4096 n_heads=12 n_kv_heads=2 head_dim=128 kv_head=0 worker=1 block_r=8 block_c=2560 t0_us=261265249627 t1_us=261265249628 dur_us=1
FIG8_ATTENTION_EVENT mode=scna-fp16 layout=serial phase=measure iteration=0 component=scna_exp component_id=9 lut_exp=0 scna_layout=0 scna_width=8 qo_len=4 kv_len=4096 n_heads=12 n_kv_heads=2 head_dim=128 kv_head=0 worker=1 block_r=10 block_c=2560 t0_us=261265249629 t1_us=261265249630 dur_us=1
FIG8_ATTENTION_EVENT mode=scna-fp16 layout=serial phase=measure iteration=0 component=scna_exp component_id=9 lut_exp=0 scna_layout=0 scna_width=8 qo_len=4 kv_len=4096 n_heads=12 n_kv_heads=2 head_dim=128 kv_head=0 worker=1 block_r=12 block_c=2560 t0_us=261265249632 t1_us=261265249633 dur_us=1
FIG8_ATTENTION_EVENT mode=scna-fp16 layout=serial phase=measure iteration=0 component=scna_exp component_id=9 lut_exp=0 scna_layout=0 scna_width=8 qo_len=4 kv_len=4096 n_heads=12 n_kv_heads=2 head_dim=128 kv_head=0 worker=1 block_r=14 block_c=2560 t0_us=261265249634 t1_us=261265249635 dur_us=1
FIG8_ATTENTION_EVENT mode=scna-fp16 layout=serial phase=measure iteration=0 component=scna_exp component_id=9 lut_exp=0 scna_layout=0 scna_width=8 qo_len=4 kv_len=4096 n_heads=12 n_kv_heads=2 head_dim=128 kv_head=0 worker=1 block_r=16 block_c=2560 t0_us=261265249635 t1_us=261265249637 dur_us=1
FIG8_ATTENTION_EVENT mode=scna-fp16 layout=serial phase=measure iteration=0 component=scna_exp component_id=9 lut_exp=0 scna_layout=0 scna_width=8 qo_len=4 kv_len=4096 n_heads=12 n_kv_heads=2 head_dim=128 kv_head=0 worker=1 block_r=18 block_c=2560 t0_us=261265249638 t1_us=261265249640 dur_us=1
FIG8_ATTENTION_EVENT mode=scna-fp16 layout=serial phase=measure iteration=0 component=scna_exp component_id=9 lut_exp=0 scna_layout=0 scna_width=8 qo_len=4 kv_len=4096 n_heads=12 n_kv_heads=2 head_dim=128 kv_head=0 worker=1 block_r=20 block_c=2560 t0_us=261265249640 t1_us=261265249642 dur_us=1
FIG8_ATTENTION_EVENT mode=scna-fp16 layout=serial phase=measure iteration=0 component=scna_exp component_id=9 lut_exp=0 scna_layout=0 scna_width=8 qo_len=4 kv_len=4096 n_heads=12 n_kv_heads=2 head_dim=128 kv_head=0 worker=1 block_r=22 block_c=2560 t0_us=261265249642 t1_us=261265249644 dur_us=1
FIG8_ATTENTION_EVENT mode=scna-fp16 layout=serial phase=measure iteration=0 component=safe_sm component_id=5 lut_exp=0 scna_layout=0 scna_width=8 qo_len=4 kv_len=4096 n_heads=12 n_kv_heads=2 head_dim=128 kv_head=0 worker=1 block_r=0 block_c=2560 t0_us=261265249617 t1_us=261265249644 dur_us=27
FIG8_ATTENTION_EVENT mode=scna-fp16 layout=serial phase=measure iteration=0 component=v_load component_id=3 lut_exp=0 scna_layout=0 scna_width=8 qo_len=4 kv_len=4096 n_heads=12 n_kv_heads=2 head_dim=128 kv_head=0 worker=1 block_r=0 block_c=2560 t0_us=261265249644 t1_us=261265249668 dur_us=23
FIG8_ATTENTION_EVENT mode=scna-fp16 layout=serial phase=measure iteration=0 component=scna_exp component_id=9 lut_exp=0 scna_layout=0 scna_width=8 qo_len=4 kv_len=4096 n_heads=12 n_kv_heads=2 head_dim=128 kv_head=0 worker=1 block_r=0 block_c=2560 t0_us=261265249668 t1_us=261265249668 dur_us=0
FIG8_ATTENTION_EVENT mode=scna-fp16 layout=serial phase=measure iteration=0 component=core_acc component_id=6 lut_exp=0 scna_layout=0 scna_width=8 qo_len=4 kv_len=4096 n_heads=12 n_kv_heads=2 head_dim=128 kv_head=0 worker=1 block_r=0 block_c=2560 t0_us=261265249668 t1_us=261265249668 dur_us=0
FIG8_ATTENTION_EVENT mode=scna-fp16 layout=serial phase=measure iteration=0 component=k_load component_id=2 lut_exp=0 scna_layout=0 scna_width=8 qo_len=4 kv_len=4096 n_heads=12 n_kv_heads=2 head_dim=128 kv_head=0 worker=1 block_r=0 block_c=3840 t0_us=261265249668 t1_us=261265249672 dur_us=4
FIG8_ATTENTION_EVENT mode=scna-fp16 layout=serial phase=measure iteration=0 component=qk_dot component_id=4 lut_exp=0 scna_layout=0 scna_width=8 qo_len=4 kv_len=4096 n_heads=12 n_kv_heads=2 head_dim=128 kv_head=0 worker=1 block_r=0 block_c=3840 t0_us=261265249672 t1_us=261265249672 dur_us=0
FIG8_ATTENTION_EVENT mode=scna-fp16 layout=serial phase=measure iteration=0 component=scna_exp component_id=9 lut_exp=0 scna_layout=0 scna_width=8 qo_len=4 kv_len=4096 n_heads=12 n_kv_heads=2 head_dim=128 kv_head=0 worker=1 block_r=0 block_c=3840 t0_us=261265249673 t1_us=261265249673 dur_us=0
FIG8_ATTENTION_EVENT mode=scna-fp16 layout=serial phase=measure iteration=0 component=scna_exp component_id=9 lut_exp=0 scna_layout=0 scna_width=8 qo_len=4 kv_len=4096 n_heads=12 n_kv_heads=2 head_dim=128 kv_head=0 worker=1 block_r=2 block_c=3840 t0_us=261265249674 t1_us=261265249674 dur_us=0
FIG8_ATTENTION_EVENT mode=scna-fp16 layout=serial phase=measure iteration=0 component=scna_exp component_id=9 lut_exp=0 scna_layout=0 scna_width=8 qo_len=4 kv_len=4096 n_heads=12 n_kv_heads=2 head_dim=128 kv_head=0 worker=1 block_r=4 block_c=3840 t0_us=261265249674 t1_us=261265249674 dur_us=0
FIG8_ATTENTION_EVENT mode=scna-fp16 layout=serial phase=measure iteration=0 component=scna_exp component_id=9 lut_exp=0 scna_layout=0 scna_width=8 qo_len=4 kv_len=4096 n_heads=12 n_kv_heads=2 head_dim=128 kv_head=0 worker=1 block_r=6 block_c=3840 t0_us=261265249675 t1_us=261265249675 dur_us=0
FIG8_ATTENTION_EVENT mode=scna-fp16 layout=serial phase=measure iteration=0 component=scna_exp component_id=9 lut_exp=0 scna_layout=0 scna_width=8 qo_len=4 kv_len=4096 n_heads=12 n_kv_heads=2 head_dim=128 kv_head=0 worker=1 block_r=8 block_c=3840 t0_us=261265249675 t1_us=261265249676 dur_us=0
FIG8_ATTENTION_EVENT mode=scna-fp16 layout=serial phase=measure iteration=0 component=scna_exp component_id=9 lut_exp=0 scna_layout=0 scna_width=8 qo_len=4 kv_len=4096 n_heads=12 n_kv_heads=2 head_dim=128 kv_head=0 worker=1 block_r=10 block_c=3840 t0_us=261265249676 t1_us=261265249676 dur_us=0
FIG8_ATTENTION_EVENT mode=scna-fp16 layout=serial phase=measure iteration=0 component=scna_exp component_id=9 lut_exp=0 scna_layout=0 scna_width=8 qo_len=4 kv_len=4096 n_heads=12 n_kv_heads=2 head_dim=128 kv_head=0 worker=1 block_r=12 block_c=3840 t0_us=261265249677 t1_us=261265249677 dur_us=0
FIG8_ATTENTION_EVENT mode=scna-fp16 layout=serial phase=measure iteration=0 component=scna_exp component_id=9 lut_exp=0 scna_layout=0 scna_width=8 qo_len=4 kv_len=4096 n_heads=12 n_kv_heads=2 head_dim=128 kv_head=0 worker=1 block_r=14 block_c=3840 t0_us=261265249677 t1_us=261265249678 dur_us=0
FIG8_ATTENTION_EVENT mode=scna-fp16 layout=serial phase=measure iteration=0 component=scna_exp component_id=9 lut_exp=0 scna_layout=0 scna_width=8 qo_len=4 kv_len=4096 n_heads=12 n_kv_heads=2 head_dim=128 kv_head=0 worker=1 block_r=16 block_c=3840 t0_us=261265249678 t1_us=261265249678 dur_us=0
FIG8_ATTENTION_EVENT mode=scna-fp16 layout=serial phase=measure iteration=0 component=scna_exp component_id=9 lut_exp=0 scna_layout=0 scna_width=8 qo_len=4 kv_len=4096 n_heads=12 n_kv_heads=2 head_dim=128 kv_head=0 worker=1 block_r=18 block_c=3840 t0_us=261265249679 t1_us=261265249679 dur_us=0
FIG8_ATTENTION_EVENT mode=scna-fp16 layout=serial phase=measure iteration=0 component=scna_exp component_id=9 lut_exp=0 scna_layout=0 scna_width=8 qo_len=4 kv_len=4096 n_heads=12 n_kv_heads=2 head_dim=128 kv_head=0 worker=1 block_r=20 block_c=3840 t0_us=261265249679 t1_us=261265249680 dur_us=0
FIG8_ATTENTION_EVENT mode=scna-fp16 layout=serial phase=measure iteration=0 component=scna_exp component_id=9 lut_exp=0 scna_layout=0 scna_width=8 qo_len=4 kv_len=4096 n_heads=12 n_kv_heads=2 head_dim=128 kv_head=0 worker=1 block_r=22 block_c=3840 t0_us=261265249680 t1_us=261265249680 dur_us=0
FIG8_ATTENTION_EVENT mode=scna-fp16 layout=serial phase=measure iteration=0 component=safe_sm component_id=5 lut_exp=0 scna_layout=0 scna_width=8 qo_len=4 kv_len=4096 n_heads=12 n_kv_heads=2 head_dim=128 kv_head=0 worker=1 block_r=0 block_c=3840 t0_us=261265249673 t1_us=261265249680 dur_us=7
FIG8_ATTENTION_EVENT mode=scna-fp16 layout=serial phase=measure iteration=0 component=v_load component_id=3 lut_exp=0 scna_layout=0 scna_width=8 qo_len=4 kv_len=4096 n_heads=12 n_kv_heads=2 head_dim=128 kv_head=0 worker=1 block_r=0 block_c=3840 t0_us=261265249680 t1_us=261265249683 dur_us=2
FIG8_ATTENTION_EVENT mode=scna-fp16 layout=serial phase=measure iteration=0 component=scna_exp component_id=9 lut_exp=0 scna_layout=0 scna_width=8 qo_len=4 kv_len=4096 n_heads=12 n_kv_heads=2 head_dim=128 kv_head=0 worker=1 block_r=0 block_c=3840 t0_us=261265249683 t1_us=261265249683 dur_us=0
FIG8_ATTENTION_EVENT mode=scna-fp16 layout=serial phase=measure iteration=0 component=core_acc component_id=6 lut_exp=0 scna_layout=0 scna_width=8 qo_len=4 kv_len=4096 n_heads=12 n_kv_heads=2 head_dim=128 kv_head=0 worker=1 block_r=0 block_c=3840 t0_us=261265249683 t1_us=261265249683 dur_us=0
FIG8_ATTENTION_EVENT mode=scna-fp16 layout=serial phase=measure iteration=0 component=o_scale component_id=7 lut_exp=0 scna_layout=0 scna_width=8 qo_len=4 kv_len=4096 n_heads=12 n_kv_heads=2 head_dim=128 kv_head=0 worker=1 block_r=0 block_c=-1 t0_us=261265249683 t1_us=261265249684 dur_us=1
FIG8_ATTENTION_EVENT mode=scna-fp16 layout=serial phase=measure iteration=0 component=o_store component_id=8 lut_exp=0 scna_layout=0 scna_width=8 qo_len=4 kv_len=4096 n_heads=12 n_kv_heads=2 head_dim=128 kv_head=0 worker=1 block_r=0 block_c=-1 t0_us=261265249685 t1_us=261265249687 dur_us=2
FIG8_ATTENTION_EVENT mode=scna-fp16 layout=serial phase=measure iteration=0 component=q_load component_id=1 lut_exp=0 scna_layout=0 scna_width=8 qo_len=4 kv_len=4096 n_heads=12 n_kv_heads=2 head_dim=128 kv_head=1 worker=1 block_r=0 block_c=-1 t0_us=261265249728 t1_us=261265249730 dur_us=1
FIG8_ATTENTION_EVENT mode=scna-fp16 layout=serial phase=measure iteration=0 component=k_load component_id=2 lut_exp=0 scna_layout=0 scna_width=8 qo_len=4 kv_len=4096 n_heads=12 n_kv_heads=2 head_dim=128 kv_head=1 worker=1 block_r=0 block_c=0 t0_us=261265249731 t1_us=261265249753 dur_us=21
FIG8_ATTENTION_EVENT mode=scna-fp16 layout=serial phase=measure iteration=0 component=qk_dot component_id=4 lut_exp=0 scna_layout=0 scna_width=8 qo_len=4 kv_len=4096 n_heads=12 n_kv_heads=2 head_dim=128 kv_head=1 worker=1 block_r=0 block_c=0 t0_us=261265249753 t1_us=261265249754 dur_us=0
FIG8_ATTENTION_EVENT mode=scna-fp16 layout=serial phase=measure iteration=0 component=scna_exp component_id=9 lut_exp=0 scna_layout=0 scna_width=8 qo_len=4 kv_len=4096 n_heads=12 n_kv_heads=2 head_dim=128 kv_head=1 worker=1 block_r=0 block_c=0 t0_us=261265249756 t1_us=261265249758 dur_us=2
FIG8_ATTENTION_EVENT mode=scna-fp16 layout=serial phase=measure iteration=0 component=scna_exp component_id=9 lut_exp=0 scna_layout=0 scna_width=8 qo_len=4 kv_len=4096 n_heads=12 n_kv_heads=2 head_dim=128 kv_head=1 worker=1 block_r=2 block_c=0 t0_us=261265249759 t1_us=261265249761 dur_us=1
FIG8_ATTENTION_EVENT mode=scna-fp16 layout=serial phase=measure iteration=0 component=scna_exp component_id=9 lut_exp=0 scna_layout=0 scna_width=8 qo_len=4 kv_len=4096 n_heads=12 n_kv_heads=2 head_dim=128 kv_head=1 worker=1 block_r=4 block_c=0 t0_us=261265249761 t1_us=261265249763 dur_us=1
FIG8_ATTENTION_EVENT mode=scna-fp16 layout=serial phase=measure iteration=0 component=scna_exp component_id=9 lut_exp=0 scna_layout=0 scna_width=8 qo_len=4 kv_len=4096 n_heads=12 n_kv_heads=2 head_dim=128 kv_head=1 worker=1 block_r=6 block_c=0 t0_us=261265249764 t1_us=261265249766 dur_us=1
FIG8_ATTENTION_EVENT mode=scna-fp16 layout=serial phase=measure iteration=0 component=scna_exp component_id=9 lut_exp=0 scna_layout=0 scna_width=8 qo_len=4 kv_len=4096 n_heads=12 n_kv_heads=2 head_dim=128 kv_head=1 worker=1 block_r=8 block_c=0 t0_us=261265249766 t1_us=261265249768 dur_us=1
FIG8_ATTENTION_EVENT mode=scna-fp16 layout=serial phase=measure iteration=0 component=scna_exp component_id=9 lut_exp=0 scna_layout=0 scna_width=8 qo_len=4 kv_len=4096 n_heads=12 n_kv_heads=2 head_dim=128 kv_head=1 worker=1 block_r=10 block_c=0 t0_us=261265249768 t1_us=261265249770 dur_us=1
FIG8_ATTENTION_EVENT mode=scna-fp16 layout=serial phase=measure iteration=0 component=scna_exp component_id=9 lut_exp=0 scna_layout=0 scna_width=8 qo_len=4 kv_len=4096 n_heads=12 n_kv_heads=2 head_dim=128 kv_head=1 worker=1 block_r=12 block_c=0 t0_us=261265249771 t1_us=261265249772 dur_us=1
FIG8_ATTENTION_EVENT mode=scna-fp16 layout=serial phase=measure iteration=0 component=scna_exp component_id=9 lut_exp=0 scna_layout=0 scna_width=8 qo_len=4 kv_len=4096 n_heads=12 n_kv_heads=2 head_dim=128 kv_head=1 worker=1 block_r=14 block_c=0 t0_us=261265249773 t1_us=261265249774 dur_us=1
FIG8_ATTENTION_EVENT mode=scna-fp16 layout=serial phase=measure iteration=0 component=scna_exp component_id=9 lut_exp=0 scna_layout=0 scna_width=8 qo_len=4 kv_len=4096 n_heads=12 n_kv_heads=2 head_dim=128 kv_head=1 worker=1 block_r=16 block_c=0 t0_us=261265249775 t1_us=261265249776 dur_us=1
FIG8_ATTENTION_EVENT mode=scna-fp16 layout=serial phase=measure iteration=0 component=scna_exp component_id=9 lut_exp=0 scna_layout=0 scna_width=8 qo_len=4 kv_len=4096 n_heads=12 n_kv_heads=2 head_dim=128 kv_head=1 worker=1 block_r=18 block_c=0 t0_us=261265249777 t1_us=261265249779 dur_us=1
FIG8_ATTENTION_EVENT mode=scna-fp16 layout=serial phase=measure iteration=0 component=scna_exp component_id=9 lut_exp=0 scna_layout=0 scna_width=8 qo_len=4 kv_len=4096 n_heads=12 n_kv_heads=2 head_dim=128 kv_head=1 worker=1 block_r=20 block_c=0 t0_us=261265249779 t1_us=261265249781 dur_us=1
FIG8_ATTENTION_EVENT mode=scna-fp16 layout=serial phase=measure iteration=0 component=scna_exp component_id=9 lut_exp=0 scna_layout=0 scna_width=8 qo_len=4 kv_len=4096 n_heads=12 n_kv_heads=2 head_dim=128 kv_head=1 worker=1 block_r=22 block_c=0 t0_us=261265249781 t1_us=261265249783 dur_us=1
FIG8_ATTENTION_EVENT mode=scna-fp16 layout=serial phase=measure iteration=0 component=safe_sm component_id=5 lut_exp=0 scna_layout=0 scna_width=8 qo_len=4 kv_len=4096 n_heads=12 n_kv_heads=2 head_dim=128 kv_head=1 worker=1 block_r=0 block_c=0 t0_us=261265249754 t1_us=261265249783 dur_us=29
FIG8_ATTENTION_EVENT mode=scna-fp16 layout=serial phase=measure iteration=0 component=v_load component_id=3 lut_exp=0 scna_layout=0 scna_width=8 qo_len=4 kv_len=4096 n_heads=12 n_kv_heads=2 head_dim=128 kv_head=1 worker=1 block_r=0 block_c=0 t0_us=261265249783 t1_us=261265249806 dur_us=22
FIG8_ATTENTION_EVENT mode=scna-fp16 layout=serial phase=measure iteration=0 component=scna_exp component_id=9 lut_exp=0 scna_layout=0 scna_width=8 qo_len=4 kv_len=4096 n_heads=12 n_kv_heads=2 head_dim=128 kv_head=1 worker=1 block_r=0 block_c=0 t0_us=261265249806 t1_us=261265249807 dur_us=0
FIG8_ATTENTION_EVENT mode=scna-fp16 layout=serial phase=measure iteration=0 component=core_acc component_id=6 lut_exp=0 scna_layout=0 scna_width=8 qo_len=4 kv_len=4096 n_heads=12 n_kv_heads=2 head_dim=128 kv_head=1 worker=1 block_r=0 block_c=0 t0_us=261265249806 t1_us=261265249808 dur_us=1
FIG8_ATTENTION_EVENT mode=scna-fp16 layout=serial phase=measure iteration=0 component=k_load component_id=2 lut_exp=0 scna_layout=0 scna_width=8 qo_len=4 kv_len=4096 n_heads=12 n_kv_heads=2 head_dim=128 kv_head=1 worker=1 block_r=0 block_c=1280 t0_us=261265249809 t1_us=261265249831 dur_us=22
FIG8_ATTENTION_EVENT mode=scna-fp16 layout=serial phase=measure iteration=0 component=qk_dot component_id=4 lut_exp=0 scna_layout=0 scna_width=8 qo_len=4 kv_len=4096 n_heads=12 n_kv_heads=2 head_dim=128 kv_head=1 worker=1 block_r=0 block_c=1280 t0_us=261265249831 t1_us=261265249832 dur_us=0
FIG8_ATTENTION_EVENT mode=scna-fp16 layout=serial phase=measure iteration=0 component=scna_exp component_id=9 lut_exp=0 scna_layout=0 scna_width=8 qo_len=4 kv_len=4096 n_heads=12 n_kv_heads=2 head_dim=128 kv_head=1 worker=1 block_r=0 block_c=1280 t0_us=261265249834 t1_us=261265249836 dur_us=2
FIG8_ATTENTION_EVENT mode=scna-fp16 layout=serial phase=measure iteration=0 component=scna_exp component_id=9 lut_exp=0 scna_layout=0 scna_width=8 qo_len=4 kv_len=4096 n_heads=12 n_kv_heads=2 head_dim=128 kv_head=1 worker=1 block_r=2 block_c=1280 t0_us=261265249837 t1_us=261265249838 dur_us=1
FIG8_ATTENTION_EVENT mode=scna-fp16 layout=serial phase=measure iteration=0 component=scna_exp component_id=9 lut_exp=0 scna_layout=0 scna_width=8 qo_len=4 kv_len=4096 n_heads=12 n_kv_heads=2 head_dim=128 kv_head=1 worker=1 block_r=4 block_c=1280 t0_us=261265249839 t1_us=261265249840 dur_us=1
FIG8_ATTENTION_EVENT mode=scna-fp16 layout=serial phase=measure iteration=0 component=scna_exp component_id=9 lut_exp=0 scna_layout=0 scna_width=8 qo_len=4 kv_len=4096 n_heads=12 n_kv_heads=2 head_dim=128 kv_head=1 worker=1 block_r=6 block_c=1280 t0_us=261265249842 t1_us=261265249843 dur_us=1
FIG8_ATTENTION_EVENT mode=scna-fp16 layout=serial phase=measure iteration=0 component=scna_exp component_id=9 lut_exp=0 scna_layout=0 scna_width=8 qo_len=4 kv_len=4096 n_heads=12 n_kv_heads=2 head_dim=128 kv_head=1 worker=1 block_r=8 block_c=1280 t0_us=261265249844 t1_us=261265249845 dur_us=1
FIG8_ATTENTION_EVENT mode=scna-fp16 layout=serial phase=measure iteration=0 component=scna_exp component_id=9 lut_exp=0 scna_layout=0 scna_width=8 qo_len=4 kv_len=4096 n_heads=12 n_kv_heads=2 head_dim=128 kv_head=1 worker=1 block_r=10 block_c=1280 t0_us=261265249846 t1_us=261265249847 dur_us=1
FIG8_ATTENTION_EVENT mode=scna-fp16 layout=serial phase=measure iteration=0 component=scna_exp component_id=9 lut_exp=0 scna_layout=0 scna_width=8 qo_len=4 kv_len=4096 n_heads=12 n_kv_heads=2 head_dim=128 kv_head=1 worker=1 block_r=12 block_c=1280 t0_us=261265249848 t1_us=261265249850 dur_us=1
FIG8_ATTENTION_EVENT mode=scna-fp16 layout=serial phase=measure iteration=0 component=scna_exp component_id=9 lut_exp=0 scna_layout=0 scna_width=8 qo_len=4 kv_len=4096 n_heads=12 n_kv_heads=2 head_dim=128 kv_head=1 worker=1 block_r=14 block_c=1280 t0_us=261265249850 t1_us=261265249852 dur_us=1
FIG8_ATTENTION_EVENT mode=scna-fp16 layout=serial phase=measure iteration=0 component=scna_exp component_id=9 lut_exp=0 scna_layout=0 scna_width=8 qo_len=4 kv_len=4096 n_heads=12 n_kv_heads=2 head_dim=128 kv_head=1 worker=1 block_r=16 block_c=1280 t0_us=261265249852 t1_us=261265249854 dur_us=1
FIG8_ATTENTION_EVENT mode=scna-fp16 layout=serial phase=measure iteration=0 component=scna_exp component_id=9 lut_exp=0 scna_layout=0 scna_width=8 qo_len=4 kv_len=4096 n_heads=12 n_kv_heads=2 head_dim=128 kv_head=1 worker=1 block_r=18 block_c=1280 t0_us=261265249855 t1_us=261265249857 dur_us=1
FIG8_ATTENTION_EVENT mode=scna-fp16 layout=serial phase=measure iteration=0 component=scna_exp component_id=9 lut_exp=0 scna_layout=0 scna_width=8 qo_len=4 kv_len=4096 n_heads=12 n_kv_heads=2 head_dim=128 kv_head=1 worker=1 block_r=20 block_c=1280 t0_us=261265249857 t1_us=261265249859 dur_us=1
FIG8_ATTENTION_EVENT mode=scna-fp16 layout=serial phase=measure iteration=0 component=scna_exp component_id=9 lut_exp=0 scna_layout=0 scna_width=8 qo_len=4 kv_len=4096 n_heads=12 n_kv_heads=2 head_dim=128 kv_head=1 worker=1 block_r=22 block_c=1280 t0_us=261265249859 t1_us=261265249861 dur_us=1
FIG8_ATTENTION_EVENT mode=scna-fp16 layout=serial phase=measure iteration=0 component=safe_sm component_id=5 lut_exp=0 scna_layout=0 scna_width=8 qo_len=4 kv_len=4096 n_heads=12 n_kv_heads=2 head_dim=128 kv_head=1 worker=1 block_r=0 block_c=1280 t0_us=261265249833 t1_us=261265249861 dur_us=28
FIG8_ATTENTION_EVENT mode=scna-fp16 layout=serial phase=measure iteration=0 component=v_load component_id=3 lut_exp=0 scna_layout=0 scna_width=8 qo_len=4 kv_len=4096 n_heads=12 n_kv_heads=2 head_dim=128 kv_head=1 worker=1 block_r=0 block_c=1280 t0_us=261265249861 t1_us=261265249882 dur_us=21
FIG8_ATTENTION_EVENT mode=scna-fp16 layout=serial phase=measure iteration=0 component=scna_exp component_id=9 lut_exp=0 scna_layout=0 scna_width=8 qo_len=4 kv_len=4096 n_heads=12 n_kv_heads=2 head_dim=128 kv_head=1 worker=1 block_r=0 block_c=1280 t0_us=261265249883 t1_us=261265249883 dur_us=0
FIG8_ATTENTION_EVENT mode=scna-fp16 layout=serial phase=measure iteration=0 component=core_acc component_id=6 lut_exp=0 scna_layout=0 scna_width=8 qo_len=4 kv_len=4096 n_heads=12 n_kv_heads=2 head_dim=128 kv_head=1 worker=1 block_r=0 block_c=1280 t0_us=261265249883 t1_us=261265249883 dur_us=0
FIG8_ATTENTION_EVENT mode=scna-fp16 layout=serial phase=measure iteration=0 component=k_load component_id=2 lut_exp=0 scna_layout=0 scna_width=8 qo_len=4 kv_len=4096 n_heads=12 n_kv_heads=2 head_dim=128 kv_head=1 worker=1 block_r=0 block_c=2560 t0_us=261265249883 t1_us=261265249905 dur_us=21
FIG8_ATTENTION_EVENT mode=scna-fp16 layout=serial phase=measure iteration=0 component=qk_dot component_id=4 lut_exp=0 scna_layout=0 scna_width=8 qo_len=4 kv_len=4096 n_heads=12 n_kv_heads=2 head_dim=128 kv_head=1 worker=1 block_r=0 block_c=2560 t0_us=261265249905 t1_us=261265249905 dur_us=0
FIG8_ATTENTION_EVENT mode=scna-fp16 layout=serial phase=measure iteration=0 component=scna_exp component_id=9 lut_exp=0 scna_layout=0 scna_width=8 qo_len=4 kv_len=4096 n_heads=12 n_kv_heads=2 head_dim=128 kv_head=1 worker=1 block_r=0 block_c=2560 t0_us=261265249906 t1_us=261265249908 dur_us=1
FIG8_ATTENTION_EVENT mode=scna-fp16 layout=serial phase=measure iteration=0 component=scna_exp component_id=9 lut_exp=0 scna_layout=0 scna_width=8 qo_len=4 kv_len=4096 n_heads=12 n_kv_heads=2 head_dim=128 kv_head=1 worker=1 block_r=2 block_c=2560 t0_us=261265249909 t1_us=261265249910 dur_us=1
FIG8_ATTENTION_EVENT mode=scna-fp16 layout=serial phase=measure iteration=0 component=scna_exp component_id=9 lut_exp=0 scna_layout=0 scna_width=8 qo_len=4 kv_len=4096 n_heads=12 n_kv_heads=2 head_dim=128 kv_head=1 worker=1 block_r=4 block_c=2560 t0_us=261265249911 t1_us=261265249912 dur_us=1
FIG8_ATTENTION_EVENT mode=scna-fp16 layout=serial phase=measure iteration=0 component=scna_exp component_id=9 lut_exp=0 scna_layout=0 scna_width=8 qo_len=4 kv_len=4096 n_heads=12 n_kv_heads=2 head_dim=128 kv_head=1 worker=1 block_r=6 block_c=2560 t0_us=261265249914 t1_us=261265249915 dur_us=1
FIG8_ATTENTION_EVENT mode=scna-fp16 layout=serial phase=measure iteration=0 component=scna_exp component_id=9 lut_exp=0 scna_layout=0 scna_width=8 qo_len=4 kv_len=4096 n_heads=12 n_kv_heads=2 head_dim=128 kv_head=1 worker=1 block_r=8 block_c=2560 t0_us=261265249916 t1_us=261265249917 dur_us=1
FIG8_ATTENTION_EVENT mode=scna-fp16 layout=serial phase=measure iteration=0 component=scna_exp component_id=9 lut_exp=0 scna_layout=0 scna_width=8 qo_len=4 kv_len=4096 n_heads=12 n_kv_heads=2 head_dim=128 kv_head=1 worker=1 block_r=10 block_c=2560 t0_us=261265249918 t1_us=261265249919 dur_us=1
FIG8_ATTENTION_EVENT mode=scna-fp16 layout=serial phase=measure iteration=0 component=scna_exp component_id=9 lut_exp=0 scna_layout=0 scna_width=8 qo_len=4 kv_len=4096 n_heads=12 n_kv_heads=2 head_dim=128 kv_head=1 worker=1 block_r=12 block_c=2560 t0_us=261265249920 t1_us=261265249922 dur_us=1
FIG8_ATTENTION_EVENT mode=scna-fp16 layout=serial phase=measure iteration=0 component=scna_exp component_id=9 lut_exp=0 scna_layout=0 scna_width=8 qo_len=4 kv_len=4096 n_heads=12 n_kv_heads=2 head_dim=128 kv_head=1 worker=1 block_r=14 block_c=2560 t0_us=261265249922 t1_us=261265249924 dur_us=1
FIG8_ATTENTION_EVENT mode=scna-fp16 layout=serial phase=measure iteration=0 component=scna_exp component_id=9 lut_exp=0 scna_layout=0 scna_width=8 qo_len=4 kv_len=4096 n_heads=12 n_kv_heads=2 head_dim=128 kv_head=1 worker=1 block_r=16 block_c=2560 t0_us=261265249924 t1_us=261265249925 dur_us=1
FIG8_ATTENTION_EVENT mode=scna-fp16 layout=serial phase=measure iteration=0 component=scna_exp component_id=9 lut_exp=0 scna_layout=0 scna_width=8 qo_len=4 kv_len=4096 n_heads=12 n_kv_heads=2 head_dim=128 kv_head=1 worker=1 block_r=18 block_c=2560 t0_us=261265249927 t1_us=261265249928 dur_us=1
FIG8_ATTENTION_EVENT mode=scna-fp16 layout=serial phase=measure iteration=0 component=scna_exp component_id=9 lut_exp=0 scna_layout=0 scna_width=8 qo_len=4 kv_len=4096 n_heads=12 n_kv_heads=2 head_dim=128 kv_head=1 worker=1 block_r=20 block_c=2560 t0_us=261265249929 t1_us=261265249930 dur_us=1
FIG8_ATTENTION_EVENT mode=scna-fp16 layout=serial phase=measure iteration=0 component=scna_exp component_id=9 lut_exp=0 scna_layout=0 scna_width=8 qo_len=4 kv_len=4096 n_heads=12 n_kv_heads=2 head_dim=128 kv_head=1 worker=1 block_r=22 block_c=2560 t0_us=261265249931 t1_us=261265249932 dur_us=1
FIG8_ATTENTION_EVENT mode=scna-fp16 layout=serial phase=measure iteration=0 component=safe_sm component_id=5 lut_exp=0 scna_layout=0 scna_width=8 qo_len=4 kv_len=4096 n_heads=12 n_kv_heads=2 head_dim=128 kv_head=1 worker=1 block_r=0 block_c=2560 t0_us=261265249905 t1_us=261265249932 dur_us=26
FIG8_ATTENTION_EVENT mode=scna-fp16 layout=serial phase=measure iteration=0 component=v_load component_id=3 lut_exp=0 scna_layout=0 scna_width=8 qo_len=4 kv_len=4096 n_heads=12 n_kv_heads=2 head_dim=128 kv_head=1 worker=1 block_r=0 block_c=2560 t0_us=261265249932 t1_us=261265249957 dur_us=24
FIG8_ATTENTION_EVENT mode=scna-fp16 layout=serial phase=measure iteration=0 component=scna_exp component_id=9 lut_exp=0 scna_layout=0 scna_width=8 qo_len=4 kv_len=4096 n_heads=12 n_kv_heads=2 head_dim=128 kv_head=1 worker=1 block_r=0 block_c=2560 t0_us=261265249957 t1_us=261265249957 dur_us=0
FIG8_ATTENTION_EVENT mode=scna-fp16 layout=serial phase=measure iteration=0 component=core_acc component_id=6 lut_exp=0 scna_layout=0 scna_width=8 qo_len=4 kv_len=4096 n_heads=12 n_kv_heads=2 head_dim=128 kv_head=1 worker=1 block_r=0 block_c=2560 t0_us=261265249957 t1_us=261265249958 dur_us=0
FIG8_ATTENTION_EVENT mode=scna-fp16 layout=serial phase=measure iteration=0 component=k_load component_id=2 lut_exp=0 scna_layout=0 scna_width=8 qo_len=4 kv_len=4096 n_heads=12 n_kv_heads=2 head_dim=128 kv_head=1 worker=1 block_r=0 block_c=3840 t0_us=261265249958 t1_us=261265249963 dur_us=4
FIG8_ATTENTION_EVENT mode=scna-fp16 layout=serial phase=measure iteration=0 component=qk_dot component_id=4 lut_exp=0 scna_layout=0 scna_width=8 qo_len=4 kv_len=4096 n_heads=12 n_kv_heads=2 head_dim=128 kv_head=1 worker=1 block_r=0 block_c=3840 t0_us=261265249963 t1_us=261265249963 dur_us=0
FIG8_ATTENTION_EVENT mode=scna-fp16 layout=serial phase=measure iteration=0 component=scna_exp component_id=9 lut_exp=0 scna_layout=0 scna_width=8 qo_len=4 kv_len=4096 n_heads=12 n_kv_heads=2 head_dim=128 kv_head=1 worker=1 block_r=0 block_c=3840 t0_us=261265249963 t1_us=261265249964 dur_us=0
FIG8_ATTENTION_EVENT mode=scna-fp16 layout=serial phase=measure iteration=0 component=scna_exp component_id=9 lut_exp=0 scna_layout=0 scna_width=8 qo_len=4 kv_len=4096 n_heads=12 n_kv_heads=2 head_dim=128 kv_head=1 worker=1 block_r=2 block_c=3840 t0_us=261265249964 t1_us=261265249964 dur_us=0
FIG8_ATTENTION_EVENT mode=scna-fp16 layout=serial phase=measure iteration=0 component=scna_exp component_id=9 lut_exp=0 scna_layout=0 scna_width=8 qo_len=4 kv_len=4096 n_heads=12 n_kv_heads=2 head_dim=128 kv_head=1 worker=1 block_r=4 block_c=3840 t0_us=261265249965 t1_us=261265249965 dur_us=0
FIG8_ATTENTION_EVENT mode=scna-fp16 layout=serial phase=measure iteration=0 component=scna_exp component_id=9 lut_exp=0 scna_layout=0 scna_width=8 qo_len=4 kv_len=4096 n_heads=12 n_kv_heads=2 head_dim=128 kv_head=1 worker=1 block_r=6 block_c=3840 t0_us=261265249965 t1_us=261265249966 dur_us=0
FIG8_ATTENTION_EVENT mode=scna-fp16 layout=serial phase=measure iteration=0 component=scna_exp component_id=9 lut_exp=0 scna_layout=0 scna_width=8 qo_len=4 kv_len=4096 n_heads=12 n_kv_heads=2 head_dim=128 kv_head=1 worker=1 block_r=8 block_c=3840 t0_us=261265249966 t1_us=261265249966 dur_us=0
FIG8_ATTENTION_EVENT mode=scna-fp16 layout=serial phase=measure iteration=0 component=scna_exp component_id=9 lut_exp=0 scna_layout=0 scna_width=8 qo_len=4 kv_len=4096 n_heads=12 n_kv_heads=2 head_dim=128 kv_head=1 worker=1 block_r=10 block_c=3840 t0_us=261265249967 t1_us=261265249967 dur_us=0
FIG8_ATTENTION_EVENT mode=scna-fp16 layout=serial phase=measure iteration=0 component=scna_exp component_id=9 lut_exp=0 scna_layout=0 scna_width=8 qo_len=4 kv_len=4096 n_heads=12 n_kv_heads=2 head_dim=128 kv_head=1 worker=1 block_r=12 block_c=3840 t0_us=261265249967 t1_us=261265249968 dur_us=0
FIG8_ATTENTION_EVENT mode=scna-fp16 layout=serial phase=measure iteration=0 component=scna_exp component_id=9 lut_exp=0 scna_layout=0 scna_width=8 qo_len=4 kv_len=4096 n_heads=12 n_kv_heads=2 head_dim=128 kv_head=1 worker=1 block_r=14 block_c=3840 t0_us=261265249968 t1_us=261265249968 dur_us=0
FIG8_ATTENTION_EVENT mode=scna-fp16 layout=serial phase=measure iteration=0 component=scna_exp component_id=9 lut_exp=0 scna_layout=0 scna_width=8 qo_len=4 kv_len=4096 n_heads=12 n_kv_heads=2 head_dim=128 kv_head=1 worker=1 block_r=16 block_c=3840 t0_us=261265249969 t1_us=261265249969 dur_us=0
FIG8_ATTENTION_EVENT mode=scna-fp16 layout=serial phase=measure iteration=0 component=scna_exp component_id=9 lut_exp=0 scna_layout=0 scna_width=8 qo_len=4 kv_len=4096 n_heads=12 n_kv_heads=2 head_dim=128 kv_head=1 worker=1 block_r=18 block_c=3840 t0_us=261265249969 t1_us=261265249970 dur_us=0
FIG8_ATTENTION_EVENT mode=scna-fp16 layout=serial phase=measure iteration=0 component=scna_exp component_id=9 lut_exp=0 scna_layout=0 scna_width=8 qo_len=4 kv_len=4096 n_heads=12 n_kv_heads=2 head_dim=128 kv_head=1 worker=1 block_r=20 block_c=3840 t0_us=261265249970 t1_us=261265249970 dur_us=0
FIG8_ATTENTION_EVENT mode=scna-fp16 layout=serial phase=measure iteration=0 component=scna_exp component_id=9 lut_exp=0 scna_layout=0 scna_width=8 qo_len=4 kv_len=4096 n_heads=12 n_kv_heads=2 head_dim=128 kv_head=1 worker=1 block_r=22 block_c=3840 t0_us=261265249970 t1_us=261265249971 dur_us=0
FIG8_ATTENTION_EVENT mode=scna-fp16 layout=serial phase=measure iteration=0 component=safe_sm component_id=5 lut_exp=0 scna_layout=0 scna_width=8 qo_len=4 kv_len=4096 n_heads=12 n_kv_heads=2 head_dim=128 kv_head=1 worker=1 block_r=0 block_c=3840 t0_us=261265249963 t1_us=261265249971 dur_us=8
FIG8_ATTENTION_EVENT mode=scna-fp16 layout=serial phase=measure iteration=0 component=v_load component_id=3 lut_exp=0 scna_layout=0 scna_width=8 qo_len=4 kv_len=4096 n_heads=12 n_kv_heads=2 head_dim=128 kv_head=1 worker=1 block_r=0 block_c=3840 t0_us=261265249971 t1_us=261265249973 dur_us=2
FIG8_ATTENTION_EVENT mode=scna-fp16 layout=serial phase=measure iteration=0 component=scna_exp component_id=9 lut_exp=0 scna_layout=0 scna_width=8 qo_len=4 kv_len=4096 n_heads=12 n_kv_heads=2 head_dim=128 kv_head=1 worker=1 block_r=0 block_c=3840 t0_us=261265249973 t1_us=261265249973 dur_us=0
FIG8_ATTENTION_EVENT mode=scna-fp16 layout=serial phase=measure iteration=0 component=core_acc component_id=6 lut_exp=0 scna_layout=0 scna_width=8 qo_len=4 kv_len=4096 n_heads=12 n_kv_heads=2 head_dim=128 kv_head=1 worker=1 block_r=0 block_c=3840 t0_us=261265249973 t1_us=261265249973 dur_us=0
FIG8_ATTENTION_EVENT mode=scna-fp16 layout=serial phase=measure iteration=0 component=o_scale component_id=7 lut_exp=0 scna_layout=0 scna_width=8 qo_len=4 kv_len=4096 n_heads=12 n_kv_heads=2 head_dim=128 kv_head=1 worker=1 block_r=0 block_c=-1 t0_us=261265249974 t1_us=261265249975 dur_us=1
FIG8_ATTENTION_EVENT mode=scna-fp16 layout=serial phase=measure iteration=0 component=o_store component_id=8 lut_exp=0 scna_layout=0 scna_width=8 qo_len=4 kv_len=4096 n_heads=12 n_kv_heads=2 head_dim=128 kv_head=1 worker=1 block_r=0 block_c=-1 t0_us=261265249975 t1_us=261265249977 dur_us=1
FIG8_ATTENTION_EVENT mode=scna-fp16 layout=serial phase=measure iteration=0 component=q_load component_id=1 lut_exp=0 scna_layout=0 scna_width=8 qo_len=4 kv_len=4096 n_heads=12 n_kv_heads=2 head_dim=128 kv_head=0 worker=1 block_r=0 block_c=-1 t0_us=261265250014 t1_us=261265250016 dur_us=1
FIG8_ATTENTION_EVENT mode=scna-fp16 layout=serial phase=measure iteration=0 component=k_load component_id=2 lut_exp=0 scna_layout=0 scna_width=8 qo_len=4 kv_len=4096 n_heads=12 n_kv_heads=2 head_dim=128 kv_head=0 worker=1 block_r=0 block_c=0 t0_us=261265250017 t1_us=261265250037 dur_us=20
FIG8_ATTENTION_EVENT mode=scna-fp16 layout=serial phase=measure iteration=0 component=qk_dot component_id=4 lut_exp=0 scna_layout=0 scna_width=8 qo_len=4 kv_len=4096 n_heads=12 n_kv_heads=2 head_dim=128 kv_head=0 worker=1 block_r=0 block_c=0 t0_us=261265250038 t1_us=261265250038 dur_us=0
FIG8_ATTENTION_EVENT mode=scna-fp16 layout=serial phase=measure iteration=0 component=scna_exp component_id=9 lut_exp=0 scna_layout=0 scna_width=8 qo_len=4 kv_len=4096 n_heads=12 n_kv_heads=2 head_dim=128 kv_head=0 worker=1 block_r=0 block_c=0 t0_us=261265250041 t1_us=261265250043 dur_us=2
FIG8_ATTENTION_EVENT mode=scna-fp16 layout=serial phase=measure iteration=0 component=scna_exp component_id=9 lut_exp=0 scna_layout=0 scna_width=8 qo_len=4 kv_len=4096 n_heads=12 n_kv_heads=2 head_dim=128 kv_head=0 worker=1 block_r=2 block_c=0 t0_us=261265250044 t1_us=261265250046 dur_us=1
FIG8_ATTENTION_EVENT mode=scna-fp16 layout=serial phase=measure iteration=0 component=scna_exp component_id=9 lut_exp=0 scna_layout=0 scna_width=8 qo_len=4 kv_len=4096 n_heads=12 n_kv_heads=2 head_dim=128 kv_head=0 worker=1 block_r=4 block_c=0 t0_us=261265250046 t1_us=261265250048 dur_us=1
FIG8_ATTENTION_EVENT mode=scna-fp16 layout=serial phase=measure iteration=0 component=scna_exp component_id=9 lut_exp=0 scna_layout=0 scna_width=8 qo_len=4 kv_len=4096 n_heads=12 n_kv_heads=2 head_dim=128 kv_head=0 worker=1 block_r=6 block_c=0 t0_us=261265250049 t1_us=261265250051 dur_us=1
FIG8_ATTENTION_EVENT mode=scna-fp16 layout=serial phase=measure iteration=0 component=scna_exp component_id=9 lut_exp=0 scna_layout=0 scna_width=8 qo_len=4 kv_len=4096 n_heads=12 n_kv_heads=2 head_dim=128 kv_head=0 worker=1 block_r=8 block_c=0 t0_us=261265250051 t1_us=261265250053 dur_us=1
FIG8_ATTENTION_EVENT mode=scna-fp16 layout=serial phase=measure iteration=0 component=scna_exp component_id=9 lut_exp=0 scna_layout=0 scna_width=8 qo_len=4 kv_len=4096 n_heads=12 n_kv_heads=2 head_dim=128 kv_head=0 worker=1 block_r=10 block_c=0 t0_us=261265250053 t1_us=261265250055 dur_us=1
FIG8_ATTENTION_EVENT mode=scna-fp16 layout=serial phase=measure iteration=0 component=scna_exp component_id=9 lut_exp=0 scna_layout=0 scna_width=8 qo_len=4 kv_len=4096 n_heads=12 n_kv_heads=2 head_dim=128 kv_head=0 worker=1 block_r=12 block_c=0 t0_us=261265250056 t1_us=261265250057 dur_us=1
FIG8_ATTENTION_EVENT mode=scna-fp16 layout=serial phase=measure iteration=0 component=scna_exp component_id=9 lut_exp=0 scna_layout=0 scna_width=8 qo_len=4 kv_len=4096 n_heads=12 n_kv_heads=2 head_dim=128 kv_head=0 worker=1 block_r=14 block_c=0 t0_us=261265250058 t1_us=261265250059 dur_us=1
FIG8_ATTENTION_EVENT mode=scna-fp16 layout=serial phase=measure iteration=0 component=scna_exp component_id=9 lut_exp=0 scna_layout=0 scna_width=8 qo_len=4 kv_len=4096 n_heads=12 n_kv_heads=2 head_dim=128 kv_head=0 worker=1 block_r=16 block_c=0 t0_us=261265250060 t1_us=261265250061 dur_us=1
FIG8_ATTENTION_EVENT mode=scna-fp16 layout=serial phase=measure iteration=0 component=scna_exp component_id=9 lut_exp=0 scna_layout=0 scna_width=8 qo_len=4 kv_len=4096 n_heads=12 n_kv_heads=2 head_dim=128 kv_head=0 worker=1 block_r=18 block_c=0 t0_us=261265250063 t1_us=261265250064 dur_us=1
FIG8_ATTENTION_EVENT mode=scna-fp16 layout=serial phase=measure iteration=0 component=scna_exp component_id=9 lut_exp=0 scna_layout=0 scna_width=8 qo_len=4 kv_len=4096 n_heads=12 n_kv_heads=2 head_dim=128 kv_head=0 worker=1 block_r=20 block_c=0 t0_us=261265250065 t1_us=261265250066 dur_us=1
FIG8_ATTENTION_EVENT mode=scna-fp16 layout=serial phase=measure iteration=0 component=scna_exp component_id=9 lut_exp=0 scna_layout=0 scna_width=8 qo_len=4 kv_len=4096 n_heads=12 n_kv_heads=2 head_dim=128 kv_head=0 worker=1 block_r=22 block_c=0 t0_us=261265250067 t1_us=261265250068 dur_us=1
FIG8_ATTENTION_EVENT mode=scna-fp16 layout=serial phase=measure iteration=0 component=safe_sm component_id=5 lut_exp=0 scna_layout=0 scna_width=8 qo_len=4 kv_len=4096 n_heads=12 n_kv_heads=2 head_dim=128 kv_head=0 worker=1 block_r=0 block_c=0 t0_us=261265250039 t1_us=261265250068 dur_us=29
FIG8_ATTENTION_EVENT mode=scna-fp16 layout=serial phase=measure iteration=0 component=v_load component_id=3 lut_exp=0 scna_layout=0 scna_width=8 qo_len=4 kv_len=4096 n_heads=12 n_kv_heads=2 head_dim=128 kv_head=0 worker=1 block_r=0 block_c=0 t0_us=261265250069 t1_us=261265250085 dur_us=16
FIG8_ATTENTION_EVENT mode=scna-fp16 layout=serial phase=measure iteration=0 component=scna_exp component_id=9 lut_exp=0 scna_layout=0 scna_width=8 qo_len=4 kv_len=4096 n_heads=12 n_kv_heads=2 head_dim=128 kv_head=0 worker=1 block_r=0 block_c=0 t0_us=261265250086 t1_us=261265250087 dur_us=0
FIG8_ATTENTION_EVENT mode=scna-fp16 layout=serial phase=measure iteration=0 component=core_acc component_id=6 lut_exp=0 scna_layout=0 scna_width=8 qo_len=4 kv_len=4096 n_heads=12 n_kv_heads=2 head_dim=128 kv_head=0 worker=1 block_r=0 block_c=0 t0_us=261265250085 t1_us=261265250088 dur_us=2
FIG8_ATTENTION_EVENT mode=scna-fp16 layout=serial phase=measure iteration=0 component=k_load component_id=2 lut_exp=0 scna_layout=0 scna_width=8 qo_len=4 kv_len=4096 n_heads=12 n_kv_heads=2 head_dim=128 kv_head=0 worker=1 block_r=0 block_c=1280 t0_us=261265250089 t1_us=261265250111 dur_us=22
FIG8_ATTENTION_EVENT mode=scna-fp16 layout=serial phase=measure iteration=0 component=qk_dot component_id=4 lut_exp=0 scna_layout=0 scna_width=8 qo_len=4 kv_len=4096 n_heads=12 n_kv_heads=2 head_dim=128 kv_head=0 worker=1 block_r=0 block_c=1280 t0_us=261265250111 t1_us=261265250112 dur_us=0
FIG8_ATTENTION_EVENT mode=scna-fp16 layout=serial phase=measure iteration=0 component=scna_exp component_id=9 lut_exp=0 scna_layout=0 scna_width=8 qo_len=4 kv_len=4096 n_heads=12 n_kv_heads=2 head_dim=128 kv_head=0 worker=1 block_r=0 block_c=1280 t0_us=261265250113 t1_us=261265250114 dur_us=1
FIG8_ATTENTION_EVENT mode=scna-fp16 layout=serial phase=measure iteration=0 component=scna_exp component_id=9 lut_exp=0 scna_layout=0 scna_width=8 qo_len=4 kv_len=4096 n_heads=12 n_kv_heads=2 head_dim=128 kv_head=0 worker=1 block_r=2 block_c=1280 t0_us=261265250115 t1_us=261265250116 dur_us=1
FIG8_ATTENTION_EVENT mode=scna-fp16 layout=serial phase=measure iteration=0 component=scna_exp component_id=9 lut_exp=0 scna_layout=0 scna_width=8 qo_len=4 kv_len=4096 n_heads=12 n_kv_heads=2 head_dim=128 kv_head=0 worker=1 block_r=4 block_c=1280 t0_us=261265250117 t1_us=261265250118 dur_us=1
FIG8_ATTENTION_EVENT mode=scna-fp16 layout=serial phase=measure iteration=0 component=scna_exp component_id=9 lut_exp=0 scna_layout=0 scna_width=8 qo_len=4 kv_len=4096 n_heads=12 n_kv_heads=2 head_dim=128 kv_head=0 worker=1 block_r=6 block_c=1280 t0_us=261265250119 t1_us=261265250121 dur_us=1
FIG8_ATTENTION_EVENT mode=scna-fp16 layout=serial phase=measure iteration=0 component=scna_exp component_id=9 lut_exp=0 scna_layout=0 scna_width=8 qo_len=4 kv_len=4096 n_heads=12 n_kv_heads=2 head_dim=128 kv_head=0 worker=1 block_r=8 block_c=1280 t0_us=261265250121 t1_us=261265250123 dur_us=1
FIG8_ATTENTION_EVENT mode=scna-fp16 layout=serial phase=measure iteration=0 component=scna_exp component_id=9 lut_exp=0 scna_layout=0 scna_width=8 qo_len=4 kv_len=4096 n_heads=12 n_kv_heads=2 head_dim=128 kv_head=0 worker=1 block_r=10 block_c=1280 t0_us=261265250123 t1_us=261265250125 dur_us=1
FIG8_ATTENTION_EVENT mode=scna-fp16 layout=serial phase=measure iteration=0 component=scna_exp component_id=9 lut_exp=0 scna_layout=0 scna_width=8 qo_len=4 kv_len=4096 n_heads=12 n_kv_heads=2 head_dim=128 kv_head=0 worker=1 block_r=12 block_c=1280 t0_us=261265250126 t1_us=261265250127 dur_us=1
FIG8_ATTENTION_EVENT mode=scna-fp16 layout=serial phase=measure iteration=0 component=scna_exp component_id=9 lut_exp=0 scna_layout=0 scna_width=8 qo_len=4 kv_len=4096 n_heads=12 n_kv_heads=2 head_dim=128 kv_head=0 worker=1 block_r=14 block_c=1280 t0_us=261265250128 t1_us=261265250129 dur_us=1
FIG8_ATTENTION_EVENT mode=scna-fp16 layout=serial phase=measure iteration=0 component=scna_exp component_id=9 lut_exp=0 scna_layout=0 scna_width=8 qo_len=4 kv_len=4096 n_heads=12 n_kv_heads=2 head_dim=128 kv_head=0 worker=1 block_r=16 block_c=1280 t0_us=261265250130 t1_us=261265250131 dur_us=1
FIG8_ATTENTION_EVENT mode=scna-fp16 layout=serial phase=measure iteration=0 component=scna_exp component_id=9 lut_exp=0 scna_layout=0 scna_width=8 qo_len=4 kv_len=4096 n_heads=12 n_kv_heads=2 head_dim=128 kv_head=0 worker=1 block_r=18 block_c=1280 t0_us=261265250133 t1_us=261265250134 dur_us=1
FIG8_ATTENTION_EVENT mode=scna-fp16 layout=serial phase=measure iteration=0 component=scna_exp component_id=9 lut_exp=0 scna_layout=0 scna_width=8 qo_len=4 kv_len=4096 n_heads=12 n_kv_heads=2 head_dim=128 kv_head=0 worker=1 block_r=20 block_c=1280 t0_us=261265250135 t1_us=261265250136 dur_us=1
FIG8_ATTENTION_EVENT mode=scna-fp16 layout=serial phase=measure iteration=0 component=scna_exp component_id=9 lut_exp=0 scna_layout=0 scna_width=8 qo_len=4 kv_len=4096 n_heads=12 n_kv_heads=2 head_dim=128 kv_head=0 worker=1 block_r=22 block_c=1280 t0_us=261265250137 t1_us=261265250138 dur_us=1
FIG8_ATTENTION_EVENT mode=scna-fp16 layout=serial phase=measure iteration=0 component=safe_sm component_id=5 lut_exp=0 scna_layout=0 scna_width=8 qo_len=4 kv_len=4096 n_heads=12 n_kv_heads=2 head_dim=128 kv_head=0 worker=1 block_r=0 block_c=1280 t0_us=261265250112 t1_us=261265250138 dur_us=26
FIG8_ATTENTION_EVENT mode=scna-fp16 layout=serial phase=measure iteration=0 component=v_load component_id=3 lut_exp=0 scna_layout=0 scna_width=8 qo_len=4 kv_len=4096 n_heads=12 n_kv_heads=2 head_dim=128 kv_head=0 worker=1 block_r=0 block_c=1280 t0_us=261265250138 t1_us=261265250162 dur_us=23
FIG8_ATTENTION_EVENT mode=scna-fp16 layout=serial phase=measure iteration=0 component=scna_exp component_id=9 lut_exp=0 scna_layout=0 scna_width=8 qo_len=4 kv_len=4096 n_heads=12 n_kv_heads=2 head_dim=128 kv_head=0 worker=1 block_r=0 block_c=1280 t0_us=261265250162 t1_us=261265250162 dur_us=0
FIG8_ATTENTION_EVENT mode=scna-fp16 layout=serial phase=measure iteration=0 component=core_acc component_id=6 lut_exp=0 scna_layout=0 scna_width=8 qo_len=4 kv_len=4096 n_heads=12 n_kv_heads=2 head_dim=128 kv_head=0 worker=1 block_r=0 block_c=1280 t0_us=261265250162 t1_us=261265250162 dur_us=0
FIG8_ATTENTION_EVENT mode=scna-fp16 layout=serial phase=measure iteration=0 component=k_load component_id=2 lut_exp=0 scna_layout=0 scna_width=8 qo_len=4 kv_len=4096 n_heads=12 n_kv_heads=2 head_dim=128 kv_head=0 worker=1 block_r=0 block_c=2560 t0_us=261265250162 t1_us=261265250183 dur_us=20
FIG8_ATTENTION_EVENT mode=scna-fp16 layout=serial phase=measure iteration=0 component=qk_dot component_id=4 lut_exp=0 scna_layout=0 scna_width=8 qo_len=4 kv_len=4096 n_heads=12 n_kv_heads=2 head_dim=128 kv_head=0 worker=1 block_r=0 block_c=2560 t0_us=261265250183 t1_us=261265250183 dur_us=0
FIG8_ATTENTION_EVENT mode=scna-fp16 layout=serial phase=measure iteration=0 component=scna_exp component_id=9 lut_exp=0 scna_layout=0 scna_width=8 qo_len=4 kv_len=4096 n_heads=12 n_kv_heads=2 head_dim=128 kv_head=0 worker=1 block_r=0 block_c=2560 t0_us=261265250185 t1_us=261265250186 dur_us=1
FIG8_ATTENTION_EVENT mode=scna-fp16 layout=serial phase=measure iteration=0 component=scna_exp component_id=9 lut_exp=0 scna_layout=0 scna_width=8 qo_len=4 kv_len=4096 n_heads=12 n_kv_heads=2 head_dim=128 kv_head=0 worker=1 block_r=2 block_c=2560 t0_us=261265250187 t1_us=261265250188 dur_us=1
FIG8_ATTENTION_EVENT mode=scna-fp16 layout=serial phase=measure iteration=0 component=scna_exp component_id=9 lut_exp=0 scna_layout=0 scna_width=8 qo_len=4 kv_len=4096 n_heads=12 n_kv_heads=2 head_dim=128 kv_head=0 worker=1 block_r=4 block_c=2560 t0_us=261265250189 t1_us=261265250190 dur_us=1
FIG8_ATTENTION_EVENT mode=scna-fp16 layout=serial phase=measure iteration=0 component=scna_exp component_id=9 lut_exp=0 scna_layout=0 scna_width=8 qo_len=4 kv_len=4096 n_heads=12 n_kv_heads=2 head_dim=128 kv_head=0 worker=1 block_r=6 block_c=2560 t0_us=261265250192 t1_us=261265250193 dur_us=1
FIG8_ATTENTION_EVENT mode=scna-fp16 layout=serial phase=measure iteration=0 component=scna_exp component_id=9 lut_exp=0 scna_layout=0 scna_width=8 qo_len=4 kv_len=4096 n_heads=12 n_kv_heads=2 head_dim=128 kv_head=0 worker=1 block_r=8 block_c=2560 t0_us=261265250194 t1_us=261265250195 dur_us=1
FIG8_ATTENTION_EVENT mode=scna-fp16 layout=serial phase=measure iteration=0 component=scna_exp component_id=9 lut_exp=0 scna_layout=0 scna_width=8 qo_len=4 kv_len=4096 n_heads=12 n_kv_heads=2 head_dim=128 kv_head=0 worker=1 block_r=10 block_c=2560 t0_us=261265250196 t1_us=261265250197 dur_us=1
FIG8_ATTENTION_EVENT mode=scna-fp16 layout=serial phase=measure iteration=0 component=scna_exp component_id=9 lut_exp=0 scna_layout=0 scna_width=8 qo_len=4 kv_len=4096 n_heads=12 n_kv_heads=2 head_dim=128 kv_head=0 worker=1 block_r=12 block_c=2560 t0_us=261265250199 t1_us=261265250200 dur_us=1
FIG8_ATTENTION_EVENT mode=scna-fp16 layout=serial phase=measure iteration=0 component=scna_exp component_id=9 lut_exp=0 scna_layout=0 scna_width=8 qo_len=4 kv_len=4096 n_heads=12 n_kv_heads=2 head_dim=128 kv_head=0 worker=1 block_r=14 block_c=2560 t0_us=261265250201 t1_us=261265250202 dur_us=1
FIG8_ATTENTION_EVENT mode=scna-fp16 layout=serial phase=measure iteration=0 component=scna_exp component_id=9 lut_exp=0 scna_layout=0 scna_width=8 qo_len=4 kv_len=4096 n_heads=12 n_kv_heads=2 head_dim=128 kv_head=0 worker=1 block_r=16 block_c=2560 t0_us=261265250203 t1_us=261265250204 dur_us=1
FIG8_ATTENTION_EVENT mode=scna-fp16 layout=serial phase=measure iteration=0 component=scna_exp component_id=9 lut_exp=0 scna_layout=0 scna_width=8 qo_len=4 kv_len=4096 n_heads=12 n_kv_heads=2 head_dim=128 kv_head=0 worker=1 block_r=18 block_c=2560 t0_us=261265250205 t1_us=261265250207 dur_us=1
FIG8_ATTENTION_EVENT mode=scna-fp16 layout=serial phase=measure iteration=0 component=scna_exp component_id=9 lut_exp=0 scna_layout=0 scna_width=8 qo_len=4 kv_len=4096 n_heads=12 n_kv_heads=2 head_dim=128 kv_head=0 worker=1 block_r=20 block_c=2560 t0_us=261265250207 t1_us=261265250209 dur_us=1
FIG8_ATTENTION_EVENT mode=scna-fp16 layout=serial phase=measure iteration=0 component=scna_exp component_id=9 lut_exp=0 scna_layout=0 scna_width=8 qo_len=4 kv_len=4096 n_heads=12 n_kv_heads=2 head_dim=128 kv_head=0 worker=1 block_r=22 block_c=2560 t0_us=261265250209 t1_us=261265250211 dur_us=1
FIG8_ATTENTION_EVENT mode=scna-fp16 layout=serial phase=measure iteration=0 component=safe_sm component_id=5 lut_exp=0 scna_layout=0 scna_width=8 qo_len=4 kv_len=4096 n_heads=12 n_kv_heads=2 head_dim=128 kv_head=0 worker=1 block_r=0 block_c=2560 t0_us=261265250184 t1_us=261265250211 dur_us=27
FIG8_ATTENTION_EVENT mode=scna-fp16 layout=serial phase=measure iteration=0 component=v_load component_id=3 lut_exp=0 scna_layout=0 scna_width=8 qo_len=4 kv_len=4096 n_heads=12 n_kv_heads=2 head_dim=128 kv_head=0 worker=1 block_r=0 block_c=2560 t0_us=261265250211 t1_us=261265250234 dur_us=23
FIG8_ATTENTION_EVENT mode=scna-fp16 layout=serial phase=measure iteration=0 component=scna_exp component_id=9 lut_exp=0 scna_layout=0 scna_width=8 qo_len=4 kv_len=4096 n_heads=12 n_kv_heads=2 head_dim=128 kv_head=0 worker=1 block_r=0 block_c=2560 t0_us=261265250234 t1_us=261265250234 dur_us=0
FIG8_ATTENTION_EVENT mode=scna-fp16 layout=serial phase=measure iteration=0 component=core_acc component_id=6 lut_exp=0 scna_layout=0 scna_width=8 qo_len=4 kv_len=4096 n_heads=12 n_kv_heads=2 head_dim=128 kv_head=0 worker=1 block_r=0 block_c=2560 t0_us=261265250234 t1_us=261265250234 dur_us=0
FIG8_ATTENTION_EVENT mode=scna-fp16 layout=serial phase=measure iteration=0 component=k_load component_id=2 lut_exp=0 scna_layout=0 scna_width=8 qo_len=4 kv_len=4096 n_heads=12 n_kv_heads=2 head_dim=128 kv_head=0 worker=1 block_r=0 block_c=3840 t0_us=261265250234 t1_us=261265250238 dur_us=3
FIG8_ATTENTION_EVENT mode=scna-fp16 layout=serial phase=measure iteration=0 component=qk_dot component_id=4 lut_exp=0 scna_layout=0 scna_width=8 qo_len=4 kv_len=4096 n_heads=12 n_kv_heads=2 head_dim=128 kv_head=0 worker=1 block_r=0 block_c=3840 t0_us=261265250239 t1_us=261265250239 dur_us=0
FIG8_ATTENTION_EVENT mode=scna-fp16 layout=serial phase=measure iteration=0 component=scna_exp component_id=9 lut_exp=0 scna_layout=0 scna_width=8 qo_len=4 kv_len=4096 n_heads=12 n_kv_heads=2 head_dim=128 kv_head=0 worker=1 block_r=0 block_c=3840 t0_us=261265250239 t1_us=261265250239 dur_us=0
FIG8_ATTENTION_EVENT mode=scna-fp16 layout=serial phase=measure iteration=0 component=scna_exp component_id=9 lut_exp=0 scna_layout=0 scna_width=8 qo_len=4 kv_len=4096 n_heads=12 n_kv_heads=2 head_dim=128 kv_head=0 worker=1 block_r=2 block_c=3840 t0_us=261265250240 t1_us=261265250240 dur_us=0
FIG8_ATTENTION_EVENT mode=scna-fp16 layout=serial phase=measure iteration=0 component=scna_exp component_id=9 lut_exp=0 scna_layout=0 scna_width=8 qo_len=4 kv_len=4096 n_heads=12 n_kv_heads=2 head_dim=128 kv_head=0 worker=1 block_r=4 block_c=3840 t0_us=261265250240 t1_us=261265250241 dur_us=0
FIG8_ATTENTION_EVENT mode=scna-fp16 layout=serial phase=measure iteration=0 component=scna_exp component_id=9 lut_exp=0 scna_layout=0 scna_width=8 qo_len=4 kv_len=4096 n_heads=12 n_kv_heads=2 head_dim=128 kv_head=0 worker=1 block_r=6 block_c=3840 t0_us=261265250241 t1_us=261265250241 dur_us=0
FIG8_ATTENTION_EVENT mode=scna-fp16 layout=serial phase=measure iteration=0 component=scna_exp component_id=9 lut_exp=0 scna_layout=0 scna_width=8 qo_len=4 kv_len=4096 n_heads=12 n_kv_heads=2 head_dim=128 kv_head=0 worker=1 block_r=8 block_c=3840 t0_us=261265250242 t1_us=261265250242 dur_us=0
FIG8_ATTENTION_EVENT mode=scna-fp16 layout=serial phase=measure iteration=0 component=scna_exp component_id=9 lut_exp=0 scna_layout=0 scna_width=8 qo_len=4 kv_len=4096 n_heads=12 n_kv_heads=2 head_dim=128 kv_head=0 worker=1 block_r=10 block_c=3840 t0_us=261265250242 t1_us=261265250243 dur_us=0
FIG8_ATTENTION_EVENT mode=scna-fp16 layout=serial phase=measure iteration=0 component=scna_exp component_id=9 lut_exp=0 scna_layout=0 scna_width=8 qo_len=4 kv_len=4096 n_heads=12 n_kv_heads=2 head_dim=128 kv_head=0 worker=1 block_r=12 block_c=3840 t0_us=261265250243 t1_us=261265250243 dur_us=0
FIG8_ATTENTION_EVENT mode=scna-fp16 layout=serial phase=measure iteration=0 component=scna_exp component_id=9 lut_exp=0 scna_layout=0 scna_width=8 qo_len=4 kv_len=4096 n_heads=12 n_kv_heads=2 head_dim=128 kv_head=0 worker=1 block_r=14 block_c=3840 t0_us=261265250244 t1_us=261265250244 dur_us=0
FIG8_ATTENTION_EVENT mode=scna-fp16 layout=serial phase=measure iteration=0 component=scna_exp component_id=9 lut_exp=0 scna_layout=0 scna_width=8 qo_len=4 kv_len=4096 n_heads=12 n_kv_heads=2 head_dim=128 kv_head=0 worker=1 block_r=16 block_c=3840 t0_us=261265250244 t1_us=261265250245 dur_us=0
FIG8_ATTENTION_EVENT mode=scna-fp16 layout=serial phase=measure iteration=0 component=scna_exp component_id=9 lut_exp=0 scna_layout=0 scna_width=8 qo_len=4 kv_len=4096 n_heads=12 n_kv_heads=2 head_dim=128 kv_head=0 worker=1 block_r=18 block_c=3840 t0_us=261265250245 t1_us=261265250245 dur_us=0
FIG8_ATTENTION_EVENT mode=scna-fp16 layout=serial phase=measure iteration=0 component=scna_exp component_id=9 lut_exp=0 scna_layout=0 scna_width=8 qo_len=4 kv_len=4096 n_heads=12 n_kv_heads=2 head_dim=128 kv_head=0 worker=1 block_r=20 block_c=3840 t0_us=261265250246 t1_us=261265250246 dur_us=0
FIG8_ATTENTION_EVENT mode=scna-fp16 layout=serial phase=measure iteration=0 component=scna_exp component_id=9 lut_exp=0 scna_layout=0 scna_width=8 qo_len=4 kv_len=4096 n_heads=12 n_kv_heads=2 head_dim=128 kv_head=0 worker=1 block_r=22 block_c=3840 t0_us=261265250246 t1_us=261265250246 dur_us=0
FIG8_ATTENTION_EVENT mode=scna-fp16 layout=serial phase=measure iteration=0 component=safe_sm component_id=5 lut_exp=0 scna_layout=0 scna_width=8 qo_len=4 kv_len=4096 n_heads=12 n_kv_heads=2 head_dim=128 kv_head=0 worker=1 block_r=0 block_c=3840 t0_us=261265250239 t1_us=261265250247 dur_us=7
FIG8_ATTENTION_EVENT mode=scna-fp16 layout=serial phase=measure iteration=0 component=v_load component_id=3 lut_exp=0 scna_layout=0 scna_width=8 qo_len=4 kv_len=4096 n_heads=12 n_kv_heads=2 head_dim=128 kv_head=0 worker=1 block_r=0 block_c=3840 t0_us=261265250247 t1_us=261265250249 dur_us=2
FIG8_ATTENTION_EVENT mode=scna-fp16 layout=serial phase=measure iteration=0 component=scna_exp component_id=9 lut_exp=0 scna_layout=0 scna_width=8 qo_len=4 kv_len=4096 n_heads=12 n_kv_heads=2 head_dim=128 kv_head=0 worker=1 block_r=0 block_c=3840 t0_us=261265250249 t1_us=261265250249 dur_us=0
FIG8_ATTENTION_EVENT mode=scna-fp16 layout=serial phase=measure iteration=0 component=core_acc component_id=6 lut_exp=0 scna_layout=0 scna_width=8 qo_len=4 kv_len=4096 n_heads=12 n_kv_heads=2 head_dim=128 kv_head=0 worker=1 block_r=0 block_c=3840 t0_us=261265250249 t1_us=261265250249 dur_us=0
FIG8_ATTENTION_EVENT mode=scna-fp16 layout=serial phase=measure iteration=0 component=o_scale component_id=7 lut_exp=0 scna_layout=0 scna_width=8 qo_len=4 kv_len=4096 n_heads=12 n_kv_heads=2 head_dim=128 kv_head=0 worker=1 block_r=0 block_c=-1 t0_us=261265250249 t1_us=261265250251 dur_us=1
FIG8_ATTENTION_EVENT mode=scna-fp16 layout=serial phase=measure iteration=0 component=o_store component_id=8 lut_exp=0 scna_layout=0 scna_width=8 qo_len=4 kv_len=4096 n_heads=12 n_kv_heads=2 head_dim=128 kv_head=0 worker=1 block_r=0 block_c=-1 t0_us=261265250251 t1_us=261265250253 dur_us=2
FIG8_ATTENTION_EVENT mode=scna-fp16 layout=serial phase=measure iteration=0 component=q_load component_id=1 lut_exp=0 scna_layout=0 scna_width=8 qo_len=4 kv_len=4096 n_heads=12 n_kv_heads=2 head_dim=128 kv_head=1 worker=1 block_r=0 block_c=-1 t0_us=261265250292 t1_us=261265250294 dur_us=1
FIG8_ATTENTION_EVENT mode=scna-fp16 layout=serial phase=measure iteration=0 component=k_load component_id=2 lut_exp=0 scna_layout=0 scna_width=8 qo_len=4 kv_len=4096 n_heads=12 n_kv_heads=2 head_dim=128 kv_head=1 worker=1 block_r=0 block_c=0 t0_us=261265250295 t1_us=261265250315 dur_us=20
FIG8_ATTENTION_EVENT mode=scna-fp16 layout=serial phase=measure iteration=0 component=qk_dot component_id=4 lut_exp=0 scna_layout=0 scna_width=8 qo_len=4 kv_len=4096 n_heads=12 n_kv_heads=2 head_dim=128 kv_head=1 worker=1 block_r=0 block_c=0 t0_us=261265250316 t1_us=261265250317 dur_us=1
FIG8_ATTENTION_EVENT mode=scna-fp16 layout=serial phase=measure iteration=0 component=scna_exp component_id=9 lut_exp=0 scna_layout=0 scna_width=8 qo_len=4 kv_len=4096 n_heads=12 n_kv_heads=2 head_dim=128 kv_head=1 worker=1 block_r=0 block_c=0 t0_us=261265250319 t1_us=261265250322 dur_us=2
FIG8_ATTENTION_EVENT mode=scna-fp16 layout=serial phase=measure iteration=0 component=scna_exp component_id=9 lut_exp=0 scna_layout=0 scna_width=8 qo_len=4 kv_len=4096 n_heads=12 n_kv_heads=2 head_dim=128 kv_head=1 worker=1 block_r=2 block_c=0 t0_us=261265250323 t1_us=261265250324 dur_us=1
FIG8_ATTENTION_EVENT mode=scna-fp16 layout=serial phase=measure iteration=0 component=scna_exp component_id=9 lut_exp=0 scna_layout=0 scna_width=8 qo_len=4 kv_len=4096 n_heads=12 n_kv_heads=2 head_dim=128 kv_head=1 worker=1 block_r=4 block_c=0 t0_us=261265250325 t1_us=261265250326 dur_us=1
FIG8_ATTENTION_EVENT mode=scna-fp16 layout=serial phase=measure iteration=0 component=scna_exp component_id=9 lut_exp=0 scna_layout=0 scna_width=8 qo_len=4 kv_len=4096 n_heads=12 n_kv_heads=2 head_dim=128 kv_head=1 worker=1 block_r=6 block_c=0 t0_us=261265250327 t1_us=261265250329 dur_us=1
FIG8_ATTENTION_EVENT mode=scna-fp16 layout=serial phase=measure iteration=0 component=scna_exp component_id=9 lut_exp=0 scna_layout=0 scna_width=8 qo_len=4 kv_len=4096 n_heads=12 n_kv_heads=2 head_dim=128 kv_head=1 worker=1 block_r=8 block_c=0 t0_us=261265250329 t1_us=261265250331 dur_us=1
FIG8_ATTENTION_EVENT mode=scna-fp16 layout=serial phase=measure iteration=0 component=scna_exp component_id=9 lut_exp=0 scna_layout=0 scna_width=8 qo_len=4 kv_len=4096 n_heads=12 n_kv_heads=2 head_dim=128 kv_head=1 worker=1 block_r=10 block_c=0 t0_us=261265250331 t1_us=261265250333 dur_us=1
FIG8_ATTENTION_EVENT mode=scna-fp16 layout=serial phase=measure iteration=0 component=scna_exp component_id=9 lut_exp=0 scna_layout=0 scna_width=8 qo_len=4 kv_len=4096 n_heads=12 n_kv_heads=2 head_dim=128 kv_head=1 worker=1 block_r=12 block_c=0 t0_us=261265250334 t1_us=261265250335 dur_us=1
FIG8_ATTENTION_EVENT mode=scna-fp16 layout=serial phase=measure iteration=0 component=scna_exp component_id=9 lut_exp=0 scna_layout=0 scna_width=8 qo_len=4 kv_len=4096 n_heads=12 n_kv_heads=2 head_dim=128 kv_head=1 worker=1 block_r=14 block_c=0 t0_us=261265250336 t1_us=261265250337 dur_us=1
FIG8_ATTENTION_EVENT mode=scna-fp16 layout=serial phase=measure iteration=0 component=scna_exp component_id=9 lut_exp=0 scna_layout=0 scna_width=8 qo_len=4 kv_len=4096 n_heads=12 n_kv_heads=2 head_dim=128 kv_head=1 worker=1 block_r=16 block_c=0 t0_us=261265250338 t1_us=261265250339 dur_us=1
FIG8_ATTENTION_EVENT mode=scna-fp16 layout=serial phase=measure iteration=0 component=scna_exp component_id=9 lut_exp=0 scna_layout=0 scna_width=8 qo_len=4 kv_len=4096 n_heads=12 n_kv_heads=2 head_dim=128 kv_head=1 worker=1 block_r=18 block_c=0 t0_us=261265250340 t1_us=261265250342 dur_us=1
FIG8_ATTENTION_EVENT mode=scna-fp16 layout=serial phase=measure iteration=0 component=scna_exp component_id=9 lut_exp=0 scna_layout=0 scna_width=8 qo_len=4 kv_len=4096 n_heads=12 n_kv_heads=2 head_dim=128 kv_head=1 worker=1 block_r=20 block_c=0 t0_us=261265250342 t1_us=261265250344 dur_us=1
FIG8_ATTENTION_EVENT mode=scna-fp16 layout=serial phase=measure iteration=0 component=scna_exp component_id=9 lut_exp=0 scna_layout=0 scna_width=8 qo_len=4 kv_len=4096 n_heads=12 n_kv_heads=2 head_dim=128 kv_head=1 worker=1 block_r=22 block_c=0 t0_us=261265250344 t1_us=261265250346 dur_us=1
FIG8_ATTENTION_EVENT mode=scna-fp16 layout=serial phase=measure iteration=0 component=safe_sm component_id=5 lut_exp=0 scna_layout=0 scna_width=8 qo_len=4 kv_len=4096 n_heads=12 n_kv_heads=2 head_dim=128 kv_head=1 worker=1 block_r=0 block_c=0 t0_us=261265250318 t1_us=261265250346 dur_us=28
FIG8_ATTENTION_EVENT mode=scna-fp16 layout=serial phase=measure iteration=0 component=v_load component_id=3 lut_exp=0 scna_layout=0 scna_width=8 qo_len=4 kv_len=4096 n_heads=12 n_kv_heads=2 head_dim=128 kv_head=1 worker=1 block_r=0 block_c=0 t0_us=261265250346 t1_us=261265250363 dur_us=16
FIG8_ATTENTION_EVENT mode=scna-fp16 layout=serial phase=measure iteration=0 component=scna_exp component_id=9 lut_exp=0 scna_layout=0 scna_width=8 qo_len=4 kv_len=4096 n_heads=12 n_kv_heads=2 head_dim=128 kv_head=1 worker=1 block_r=0 block_c=0 t0_us=261265250363 t1_us=261265250364 dur_us=0
FIG8_ATTENTION_EVENT mode=scna-fp16 layout=serial phase=measure iteration=0 component=core_acc component_id=6 lut_exp=0 scna_layout=0 scna_width=8 qo_len=4 kv_len=4096 n_heads=12 n_kv_heads=2 head_dim=128 kv_head=1 worker=1 block_r=0 block_c=0 t0_us=261265250363 t1_us=261265250365 dur_us=2
FIG8_ATTENTION_EVENT mode=scna-fp16 layout=serial phase=measure iteration=0 component=k_load component_id=2 lut_exp=0 scna_layout=0 scna_width=8 qo_len=4 kv_len=4096 n_heads=12 n_kv_heads=2 head_dim=128 kv_head=1 worker=1 block_r=0 block_c=1280 t0_us=261265250366 t1_us=261265250388 dur_us=22
FIG8_ATTENTION_EVENT mode=scna-fp16 layout=serial phase=measure iteration=0 component=qk_dot component_id=4 lut_exp=0 scna_layout=0 scna_width=8 qo_len=4 kv_len=4096 n_heads=12 n_kv_heads=2 head_dim=128 kv_head=1 worker=1 block_r=0 block_c=1280 t0_us=261265250388 t1_us=261265250389 dur_us=0
FIG8_ATTENTION_EVENT mode=scna-fp16 layout=serial phase=measure iteration=0 component=scna_exp component_id=9 lut_exp=0 scna_layout=0 scna_width=8 qo_len=4 kv_len=4096 n_heads=12 n_kv_heads=2 head_dim=128 kv_head=1 worker=1 block_r=0 block_c=1280 t0_us=261265250390 t1_us=261265250391 dur_us=1
FIG8_ATTENTION_EVENT mode=scna-fp16 layout=serial phase=measure iteration=0 component=scna_exp component_id=9 lut_exp=0 scna_layout=0 scna_width=8 qo_len=4 kv_len=4096 n_heads=12 n_kv_heads=2 head_dim=128 kv_head=1 worker=1 block_r=2 block_c=1280 t0_us=261265250392 t1_us=261265250393 dur_us=1
FIG8_ATTENTION_EVENT mode=scna-fp16 layout=serial phase=measure iteration=0 component=scna_exp component_id=9 lut_exp=0 scna_layout=0 scna_width=8 qo_len=4 kv_len=4096 n_heads=12 n_kv_heads=2 head_dim=128 kv_head=1 worker=1 block_r=4 block_c=1280 t0_us=261265250394 t1_us=261265250395 dur_us=1
FIG8_ATTENTION_EVENT mode=scna-fp16 layout=serial phase=measure iteration=0 component=scna_exp component_id=9 lut_exp=0 scna_layout=0 scna_width=8 qo_len=4 kv_len=4096 n_heads=12 n_kv_heads=2 head_dim=128 kv_head=1 worker=1 block_r=6 block_c=1280 t0_us=261265250396 t1_us=261265250398 dur_us=1
FIG8_ATTENTION_EVENT mode=scna-fp16 layout=serial phase=measure iteration=0 component=scna_exp component_id=9 lut_exp=0 scna_layout=0 scna_width=8 qo_len=4 kv_len=4096 n_heads=12 n_kv_heads=2 head_dim=128 kv_head=1 worker=1 block_r=8 block_c=1280 t0_us=261265250398 t1_us=261265250400 dur_us=1
FIG8_ATTENTION_EVENT mode=scna-fp16 layout=serial phase=measure iteration=0 component=scna_exp component_id=9 lut_exp=0 scna_layout=0 scna_width=8 qo_len=4 kv_len=4096 n_heads=12 n_kv_heads=2 head_dim=128 kv_head=1 worker=1 block_r=10 block_c=1280 t0_us=261265250400 t1_us=261265250402 dur_us=1
FIG8_ATTENTION_EVENT mode=scna-fp16 layout=serial phase=measure iteration=0 component=scna_exp component_id=9 lut_exp=0 scna_layout=0 scna_width=8 qo_len=4 kv_len=4096 n_heads=12 n_kv_heads=2 head_dim=128 kv_head=1 worker=1 block_r=12 block_c=1280 t0_us=261265250403 t1_us=261265250405 dur_us=1
FIG8_ATTENTION_EVENT mode=scna-fp16 layout=serial phase=measure iteration=0 component=scna_exp component_id=9 lut_exp=0 scna_layout=0 scna_width=8 qo_len=4 kv_len=4096 n_heads=12 n_kv_heads=2 head_dim=128 kv_head=1 worker=1 block_r=14 block_c=1280 t0_us=261265250405 t1_us=261265250407 dur_us=1
FIG8_ATTENTION_EVENT mode=scna-fp16 layout=serial phase=measure iteration=0 component=scna_exp component_id=9 lut_exp=0 scna_layout=0 scna_width=8 qo_len=4 kv_len=4096 n_heads=12 n_kv_heads=2 head_dim=128 kv_head=1 worker=1 block_r=16 block_c=1280 t0_us=261265250407 t1_us=261265250409 dur_us=1
FIG8_ATTENTION_EVENT mode=scna-fp16 layout=serial phase=measure iteration=0 component=scna_exp component_id=9 lut_exp=0 scna_layout=0 scna_width=8 qo_len=4 kv_len=4096 n_heads=12 n_kv_heads=2 head_dim=128 kv_head=1 worker=1 block_r=18 block_c=1280 t0_us=261265250410 t1_us=261265250412 dur_us=1
FIG8_ATTENTION_EVENT mode=scna-fp16 layout=serial phase=measure iteration=0 component=scna_exp component_id=9 lut_exp=0 scna_layout=0 scna_width=8 qo_len=4 kv_len=4096 n_heads=12 n_kv_heads=2 head_dim=128 kv_head=1 worker=1 block_r=20 block_c=1280 t0_us=261265250412 t1_us=261265250413 dur_us=1
FIG8_ATTENTION_EVENT mode=scna-fp16 layout=serial phase=measure iteration=0 component=scna_exp component_id=9 lut_exp=0 scna_layout=0 scna_width=8 qo_len=4 kv_len=4096 n_heads=12 n_kv_heads=2 head_dim=128 kv_head=1 worker=1 block_r=22 block_c=1280 t0_us=261265250414 t1_us=261265250415 dur_us=1
FIG8_ATTENTION_EVENT mode=scna-fp16 layout=serial phase=measure iteration=0 component=safe_sm component_id=5 lut_exp=0 scna_layout=0 scna_width=8 qo_len=4 kv_len=4096 n_heads=12 n_kv_heads=2 head_dim=128 kv_head=1 worker=1 block_r=0 block_c=1280 t0_us=261265250389 t1_us=261265250416 dur_us=26
FIG8_ATTENTION_EVENT mode=scna-fp16 layout=serial phase=measure iteration=0 component=v_load component_id=3 lut_exp=0 scna_layout=0 scna_width=8 qo_len=4 kv_len=4096 n_heads=12 n_kv_heads=2 head_dim=128 kv_head=1 worker=1 block_r=0 block_c=1280 t0_us=261265250416 t1_us=261265250439 dur_us=23
FIG8_ATTENTION_EVENT mode=scna-fp16 layout=serial phase=measure iteration=0 component=scna_exp component_id=9 lut_exp=0 scna_layout=0 scna_width=8 qo_len=4 kv_len=4096 n_heads=12 n_kv_heads=2 head_dim=128 kv_head=1 worker=1 block_r=0 block_c=1280 t0_us=261265250439 t1_us=261265250439 dur_us=0
FIG8_ATTENTION_EVENT mode=scna-fp16 layout=serial phase=measure iteration=0 component=core_acc component_id=6 lut_exp=0 scna_layout=0 scna_width=8 qo_len=4 kv_len=4096 n_heads=12 n_kv_heads=2 head_dim=128 kv_head=1 worker=1 block_r=0 block_c=1280 t0_us=261265250439 t1_us=261265250440 dur_us=0
FIG8_ATTENTION_EVENT mode=scna-fp16 layout=serial phase=measure iteration=0 component=k_load component_id=2 lut_exp=0 scna_layout=0 scna_width=8 qo_len=4 kv_len=4096 n_heads=12 n_kv_heads=2 head_dim=128 kv_head=1 worker=1 block_r=0 block_c=2560 t0_us=261265250440 t1_us=261265250460 dur_us=20
FIG8_ATTENTION_EVENT mode=scna-fp16 layout=serial phase=measure iteration=0 component=qk_dot component_id=4 lut_exp=0 scna_layout=0 scna_width=8 qo_len=4 kv_len=4096 n_heads=12 n_kv_heads=2 head_dim=128 kv_head=1 worker=1 block_r=0 block_c=2560 t0_us=261265250460 t1_us=261265250461 dur_us=0
FIG8_ATTENTION_EVENT mode=scna-fp16 layout=serial phase=measure iteration=0 component=scna_exp component_id=9 lut_exp=0 scna_layout=0 scna_width=8 qo_len=4 kv_len=4096 n_heads=12 n_kv_heads=2 head_dim=128 kv_head=1 worker=1 block_r=0 block_c=2560 t0_us=261265250462 t1_us=261265250463 dur_us=1
FIG8_ATTENTION_EVENT mode=scna-fp16 layout=serial phase=measure iteration=0 component=scna_exp component_id=9 lut_exp=0 scna_layout=0 scna_width=8 qo_len=4 kv_len=4096 n_heads=12 n_kv_heads=2 head_dim=128 kv_head=1 worker=1 block_r=2 block_c=2560 t0_us=261265250464 t1_us=261265250465 dur_us=1
FIG8_ATTENTION_EVENT mode=scna-fp16 layout=serial phase=measure iteration=0 component=scna_exp component_id=9 lut_exp=0 scna_layout=0 scna_width=8 qo_len=4 kv_len=4096 n_heads=12 n_kv_heads=2 head_dim=128 kv_head=1 worker=1 block_r=4 block_c=2560 t0_us=261265250466 t1_us=261265250467 dur_us=1
FIG8_ATTENTION_EVENT mode=scna-fp16 layout=serial phase=measure iteration=0 component=scna_exp component_id=9 lut_exp=0 scna_layout=0 scna_width=8 qo_len=4 kv_len=4096 n_heads=12 n_kv_heads=2 head_dim=128 kv_head=1 worker=1 block_r=6 block_c=2560 t0_us=261265250469 t1_us=261265250470 dur_us=1
FIG8_ATTENTION_EVENT mode=scna-fp16 layout=serial phase=measure iteration=0 component=scna_exp component_id=9 lut_exp=0 scna_layout=0 scna_width=8 qo_len=4 kv_len=4096 n_heads=12 n_kv_heads=2 head_dim=128 kv_head=1 worker=1 block_r=8 block_c=2560 t0_us=261265250471 t1_us=261265250472 dur_us=1
FIG8_ATTENTION_EVENT mode=scna-fp16 layout=serial phase=measure iteration=0 component=scna_exp component_id=9 lut_exp=0 scna_layout=0 scna_width=8 qo_len=4 kv_len=4096 n_heads=12 n_kv_heads=2 head_dim=128 kv_head=1 worker=1 block_r=10 block_c=2560 t0_us=261265250473 t1_us=261265250474 dur_us=1
FIG8_ATTENTION_EVENT mode=scna-fp16 layout=serial phase=measure iteration=0 component=scna_exp component_id=9 lut_exp=0 scna_layout=0 scna_width=8 qo_len=4 kv_len=4096 n_heads=12 n_kv_heads=2 head_dim=128 kv_head=1 worker=1 block_r=12 block_c=2560 t0_us=261265250475 t1_us=261265250477 dur_us=1
FIG8_ATTENTION_EVENT mode=scna-fp16 layout=serial phase=measure iteration=0 component=scna_exp component_id=9 lut_exp=0 scna_layout=0 scna_width=8 qo_len=4 kv_len=4096 n_heads=12 n_kv_heads=2 head_dim=128 kv_head=1 worker=1 block_r=14 block_c=2560 t0_us=261265250477 t1_us=261265250479 dur_us=1
FIG8_ATTENTION_EVENT mode=scna-fp16 layout=serial phase=measure iteration=0 component=scna_exp component_id=9 lut_exp=0 scna_layout=0 scna_width=8 qo_len=4 kv_len=4096 n_heads=12 n_kv_heads=2 head_dim=128 kv_head=1 worker=1 block_r=16 block_c=2560 t0_us=261265250479 t1_us=261265250481 dur_us=1
FIG8_ATTENTION_EVENT mode=scna-fp16 layout=serial phase=measure iteration=0 component=scna_exp component_id=9 lut_exp=0 scna_layout=0 scna_width=8 qo_len=4 kv_len=4096 n_heads=12 n_kv_heads=2 head_dim=128 kv_head=1 worker=1 block_r=18 block_c=2560 t0_us=261265250482 t1_us=261265250483 dur_us=1
FIG8_ATTENTION_EVENT mode=scna-fp16 layout=serial phase=measure iteration=0 component=scna_exp component_id=9 lut_exp=0 scna_layout=0 scna_width=8 qo_len=4 kv_len=4096 n_heads=12 n_kv_heads=2 head_dim=128 kv_head=1 worker=1 block_r=20 block_c=2560 t0_us=261265250484 t1_us=261265250485 dur_us=1
FIG8_ATTENTION_EVENT mode=scna-fp16 layout=serial phase=measure iteration=0 component=scna_exp component_id=9 lut_exp=0 scna_layout=0 scna_width=8 qo_len=4 kv_len=4096 n_heads=12 n_kv_heads=2 head_dim=128 kv_head=1 worker=1 block_r=22 block_c=2560 t0_us=261265250486 t1_us=261265250487 dur_us=1
FIG8_ATTENTION_EVENT mode=scna-fp16 layout=serial phase=measure iteration=0 component=safe_sm component_id=5 lut_exp=0 scna_layout=0 scna_width=8 qo_len=4 kv_len=4096 n_heads=12 n_kv_heads=2 head_dim=128 kv_head=1 worker=1 block_r=0 block_c=2560 t0_us=261265250461 t1_us=261265250488 dur_us=26
FIG8_ATTENTION_EVENT mode=scna-fp16 layout=serial phase=measure iteration=0 component=v_load component_id=3 lut_exp=0 scna_layout=0 scna_width=8 qo_len=4 kv_len=4096 n_heads=12 n_kv_heads=2 head_dim=128 kv_head=1 worker=1 block_r=0 block_c=2560 t0_us=261265250488 t1_us=261265250511 dur_us=23
FIG8_ATTENTION_EVENT mode=scna-fp16 layout=serial phase=measure iteration=0 component=scna_exp component_id=9 lut_exp=0 scna_layout=0 scna_width=8 qo_len=4 kv_len=4096 n_heads=12 n_kv_heads=2 head_dim=128 kv_head=1 worker=1 block_r=0 block_c=2560 t0_us=261265250511 t1_us=261265250511 dur_us=0
FIG8_ATTENTION_EVENT mode=scna-fp16 layout=serial phase=measure iteration=0 component=core_acc component_id=6 lut_exp=0 scna_layout=0 scna_width=8 qo_len=4 kv_len=4096 n_heads=12 n_kv_heads=2 head_dim=128 kv_head=1 worker=1 block_r=0 block_c=2560 t0_us=261265250511 t1_us=261265250512 dur_us=0
FIG8_ATTENTION_EVENT mode=scna-fp16 layout=serial phase=measure iteration=0 component=k_load component_id=2 lut_exp=0 scna_layout=0 scna_width=8 qo_len=4 kv_len=4096 n_heads=12 n_kv_heads=2 head_dim=128 kv_head=1 worker=1 block_r=0 block_c=3840 t0_us=261265250512 t1_us=261265250516 dur_us=4
FIG8_ATTENTION_EVENT mode=scna-fp16 layout=serial phase=measure iteration=0 component=qk_dot component_id=4 lut_exp=0 scna_layout=0 scna_width=8 qo_len=4 kv_len=4096 n_heads=12 n_kv_heads=2 head_dim=128 kv_head=1 worker=1 block_r=0 block_c=3840 t0_us=261265250516 t1_us=261265250517 dur_us=0
FIG8_ATTENTION_EVENT mode=scna-fp16 layout=serial phase=measure iteration=0 component=scna_exp component_id=9 lut_exp=0 scna_layout=0 scna_width=8 qo_len=4 kv_len=4096 n_heads=12 n_kv_heads=2 head_dim=128 kv_head=1 worker=1 block_r=0 block_c=3840 t0_us=261265250517 t1_us=261265250517 dur_us=0
FIG8_ATTENTION_EVENT mode=scna-fp16 layout=serial phase=measure iteration=0 component=scna_exp component_id=9 lut_exp=0 scna_layout=0 scna_width=8 qo_len=4 kv_len=4096 n_heads=12 n_kv_heads=2 head_dim=128 kv_head=1 worker=1 block_r=2 block_c=3840 t0_us=261265250518 t1_us=261265250518 dur_us=0
FIG8_ATTENTION_EVENT mode=scna-fp16 layout=serial phase=measure iteration=0 component=scna_exp component_id=9 lut_exp=0 scna_layout=0 scna_width=8 qo_len=4 kv_len=4096 n_heads=12 n_kv_heads=2 head_dim=128 kv_head=1 worker=1 block_r=4 block_c=3840 t0_us=261265250518 t1_us=261265250519 dur_us=0
FIG8_ATTENTION_EVENT mode=scna-fp16 layout=serial phase=measure iteration=0 component=scna_exp component_id=9 lut_exp=0 scna_layout=0 scna_width=8 qo_len=4 kv_len=4096 n_heads=12 n_kv_heads=2 head_dim=128 kv_head=1 worker=1 block_r=6 block_c=3840 t0_us=261265250519 t1_us=261265250519 dur_us=0
FIG8_ATTENTION_EVENT mode=scna-fp16 layout=serial phase=measure iteration=0 component=scna_exp component_id=9 lut_exp=0 scna_layout=0 scna_width=8 qo_len=4 kv_len=4096 n_heads=12 n_kv_heads=2 head_dim=128 kv_head=1 worker=1 block_r=8 block_c=3840 t0_us=261265250520 t1_us=261265250520 dur_us=0
FIG8_ATTENTION_EVENT mode=scna-fp16 layout=serial phase=measure iteration=0 component=scna_exp component_id=9 lut_exp=0 scna_layout=0 scna_width=8 qo_len=4 kv_len=4096 n_heads=12 n_kv_heads=2 head_dim=128 kv_head=1 worker=1 block_r=10 block_c=3840 t0_us=261265250520 t1_us=261265250520 dur_us=0
FIG8_ATTENTION_EVENT mode=scna-fp16 layout=serial phase=measure iteration=0 component=scna_exp component_id=9 lut_exp=0 scna_layout=0 scna_width=8 qo_len=4 kv_len=4096 n_heads=12 n_kv_heads=2 head_dim=128 kv_head=1 worker=1 block_r=12 block_c=3840 t0_us=261265250521 t1_us=261265250521 dur_us=0
FIG8_ATTENTION_EVENT mode=scna-fp16 layout=serial phase=measure iteration=0 component=scna_exp component_id=9 lut_exp=0 scna_layout=0 scna_width=8 qo_len=4 kv_len=4096 n_heads=12 n_kv_heads=2 head_dim=128 kv_head=1 worker=1 block_r=14 block_c=3840 t0_us=261265250522 t1_us=261265250522 dur_us=0
FIG8_ATTENTION_EVENT mode=scna-fp16 layout=serial phase=measure iteration=0 component=scna_exp component_id=9 lut_exp=0 scna_layout=0 scna_width=8 qo_len=4 kv_len=4096 n_heads=12 n_kv_heads=2 head_dim=128 kv_head=1 worker=1 block_r=16 block_c=3840 t0_us=261265250522 t1_us=261265250522 dur_us=0
FIG8_ATTENTION_EVENT mode=scna-fp16 layout=serial phase=measure iteration=0 component=scna_exp component_id=9 lut_exp=0 scna_layout=0 scna_width=8 qo_len=4 kv_len=4096 n_heads=12 n_kv_heads=2 head_dim=128 kv_head=1 worker=1 block_r=18 block_c=3840 t0_us=261265250523 t1_us=261265250523 dur_us=0
FIG8_ATTENTION_EVENT mode=scna-fp16 layout=serial phase=measure iteration=0 component=scna_exp component_id=9 lut_exp=0 scna_layout=0 scna_width=8 qo_len=4 kv_len=4096 n_heads=12 n_kv_heads=2 head_dim=128 kv_head=1 worker=1 block_r=20 block_c=3840 t0_us=261265250524 t1_us=261265250524 dur_us=0
FIG8_ATTENTION_EVENT mode=scna-fp16 layout=serial phase=measure iteration=0 component=scna_exp component_id=9 lut_exp=0 scna_layout=0 scna_width=8 qo_len=4 kv_len=4096 n_heads=12 n_kv_heads=2 head_dim=128 kv_head=1 worker=1 block_r=22 block_c=3840 t0_us=261265250524 t1_us=261265250524 dur_us=0
FIG8_ATTENTION_EVENT mode=scna-fp16 layout=serial phase=measure iteration=0 component=safe_sm component_id=5 lut_exp=0 scna_layout=0 scna_width=8 qo_len=4 kv_len=4096 n_heads=12 n_kv_heads=2 head_dim=128 kv_head=1 worker=1 block_r=0 block_c=3840 t0_us=261265250517 t1_us=261265250525 dur_us=7
FIG8_ATTENTION_EVENT mode=scna-fp16 layout=serial phase=measure iteration=0 component=v_load component_id=3 lut_exp=0 scna_layout=0 scna_width=8 qo_len=4 kv_len=4096 n_heads=12 n_kv_heads=2 head_dim=128 kv_head=1 worker=1 block_r=0 block_c=3840 t0_us=261265250525 t1_us=261265250527 dur_us=2
FIG8_ATTENTION_EVENT mode=scna-fp16 layout=serial phase=measure iteration=0 component=scna_exp component_id=9 lut_exp=0 scna_layout=0 scna_width=8 qo_len=4 kv_len=4096 n_heads=12 n_kv_heads=2 head_dim=128 kv_head=1 worker=1 block_r=0 block_c=3840 t0_us=261265250527 t1_us=261265250527 dur_us=0
FIG8_ATTENTION_EVENT mode=scna-fp16 layout=serial phase=measure iteration=0 component=core_acc component_id=6 lut_exp=0 scna_layout=0 scna_width=8 qo_len=4 kv_len=4096 n_heads=12 n_kv_heads=2 head_dim=128 kv_head=1 worker=1 block_r=0 block_c=3840 t0_us=261265250527 t1_us=261265250527 dur_us=0
FIG8_ATTENTION_EVENT mode=scna-fp16 layout=serial phase=measure iteration=0 component=o_scale component_id=7 lut_exp=0 scna_layout=0 scna_width=8 qo_len=4 kv_len=4096 n_heads=12 n_kv_heads=2 head_dim=128 kv_head=1 worker=1 block_r=0 block_c=-1 t0_us=261265250527 t1_us=261265250529 dur_us=1
FIG8_ATTENTION_EVENT mode=scna-fp16 layout=serial phase=measure iteration=0 component=o_store component_id=8 lut_exp=0 scna_layout=0 scna_width=8 qo_len=4 kv_len=4096 n_heads=12 n_kv_heads=2 head_dim=128 kv_head=1 worker=1 block_r=0 block_c=-1 t0_us=261265250529 t1_us=261265250531 dur_us=1
FIG8_ATTENTION_EVENT mode=scna-fp16 layout=serial phase=measure iteration=0 component=q_load component_id=1 lut_exp=0 scna_layout=0 scna_width=8 qo_len=4 kv_len=4096 n_heads=12 n_kv_heads=2 head_dim=128 kv_head=0 worker=1 block_r=0 block_c=-1 t0_us=261265250569 t1_us=261265250571 dur_us=1
FIG8_ATTENTION_EVENT mode=scna-fp16 layout=serial phase=measure iteration=0 component=k_load component_id=2 lut_exp=0 scna_layout=0 scna_width=8 qo_len=4 kv_len=4096 n_heads=12 n_kv_heads=2 head_dim=128 kv_head=0 worker=1 block_r=0 block_c=0 t0_us=261265250572 t1_us=261265250593 dur_us=21
FIG8_ATTENTION_EVENT mode=scna-fp16 layout=serial phase=measure iteration=0 component=qk_dot component_id=4 lut_exp=0 scna_layout=0 scna_width=8 qo_len=4 kv_len=4096 n_heads=12 n_kv_heads=2 head_dim=128 kv_head=0 worker=1 block_r=0 block_c=0 t0_us=261265250594 t1_us=261265250595 dur_us=0
FIG8_ATTENTION_EVENT mode=scna-fp16 layout=serial phase=measure iteration=0 component=scna_exp component_id=9 lut_exp=0 scna_layout=0 scna_width=8 qo_len=4 kv_len=4096 n_heads=12 n_kv_heads=2 head_dim=128 kv_head=0 worker=1 block_r=0 block_c=0 t0_us=261265250597 t1_us=261265250600 dur_us=2
FIG8_ATTENTION_EVENT mode=scna-fp16 layout=serial phase=measure iteration=0 component=scna_exp component_id=9 lut_exp=0 scna_layout=0 scna_width=8 qo_len=4 kv_len=4096 n_heads=12 n_kv_heads=2 head_dim=128 kv_head=0 worker=1 block_r=2 block_c=0 t0_us=261265250601 t1_us=261265250602 dur_us=1
FIG8_ATTENTION_EVENT mode=scna-fp16 layout=serial phase=measure iteration=0 component=scna_exp component_id=9 lut_exp=0 scna_layout=0 scna_width=8 qo_len=4 kv_len=4096 n_heads=12 n_kv_heads=2 head_dim=128 kv_head=0 worker=1 block_r=4 block_c=0 t0_us=261265250603 t1_us=261265250604 dur_us=1
FIG8_ATTENTION_EVENT mode=scna-fp16 layout=serial phase=measure iteration=0 component=scna_exp component_id=9 lut_exp=0 scna_layout=0 scna_width=8 qo_len=4 kv_len=4096 n_heads=12 n_kv_heads=2 head_dim=128 kv_head=0 worker=1 block_r=6 block_c=0 t0_us=261265250606 t1_us=261265250607 dur_us=1
FIG8_ATTENTION_EVENT mode=scna-fp16 layout=serial phase=measure iteration=0 component=scna_exp component_id=9 lut_exp=0 scna_layout=0 scna_width=8 qo_len=4 kv_len=4096 n_heads=12 n_kv_heads=2 head_dim=128 kv_head=0 worker=1 block_r=8 block_c=0 t0_us=261265250608 t1_us=261265250609 dur_us=1
FIG8_ATTENTION_EVENT mode=scna-fp16 layout=serial phase=measure iteration=0 component=scna_exp component_id=9 lut_exp=0 scna_layout=0 scna_width=8 qo_len=4 kv_len=4096 n_heads=12 n_kv_heads=2 head_dim=128 kv_head=0 worker=1 block_r=10 block_c=0 t0_us=261265250609 t1_us=261265250611 dur_us=1
FIG8_ATTENTION_EVENT mode=scna-fp16 layout=serial phase=measure iteration=0 component=scna_exp component_id=9 lut_exp=0 scna_layout=0 scna_width=8 qo_len=4 kv_len=4096 n_heads=12 n_kv_heads=2 head_dim=128 kv_head=0 worker=1 block_r=12 block_c=0 t0_us=261265250612 t1_us=261265250614 dur_us=1
FIG8_ATTENTION_EVENT mode=scna-fp16 layout=serial phase=measure iteration=0 component=scna_exp component_id=9 lut_exp=0 scna_layout=0 scna_width=8 qo_len=4 kv_len=4096 n_heads=12 n_kv_heads=2 head_dim=128 kv_head=0 worker=1 block_r=14 block_c=0 t0_us=261265250614 t1_us=261265250616 dur_us=1
FIG8_ATTENTION_EVENT mode=scna-fp16 layout=serial phase=measure iteration=0 component=scna_exp component_id=9 lut_exp=0 scna_layout=0 scna_width=8 qo_len=4 kv_len=4096 n_heads=12 n_kv_heads=2 head_dim=128 kv_head=0 worker=1 block_r=16 block_c=0 t0_us=261265250616 t1_us=261265250618 dur_us=1
FIG8_ATTENTION_EVENT mode=scna-fp16 layout=serial phase=measure iteration=0 component=scna_exp component_id=9 lut_exp=0 scna_layout=0 scna_width=8 qo_len=4 kv_len=4096 n_heads=12 n_kv_heads=2 head_dim=128 kv_head=0 worker=1 block_r=18 block_c=0 t0_us=261265250619 t1_us=261265250620 dur_us=1
FIG8_ATTENTION_EVENT mode=scna-fp16 layout=serial phase=measure iteration=0 component=scna_exp component_id=9 lut_exp=0 scna_layout=0 scna_width=8 qo_len=4 kv_len=4096 n_heads=12 n_kv_heads=2 head_dim=128 kv_head=0 worker=1 block_r=20 block_c=0 t0_us=261265250621 t1_us=261265250622 dur_us=1
FIG8_ATTENTION_EVENT mode=scna-fp16 layout=serial phase=measure iteration=0 component=scna_exp component_id=9 lut_exp=0 scna_layout=0 scna_width=8 qo_len=4 kv_len=4096 n_heads=12 n_kv_heads=2 head_dim=128 kv_head=0 worker=1 block_r=22 block_c=0 t0_us=261265250623 t1_us=261265250624 dur_us=1
FIG8_ATTENTION_EVENT mode=scna-fp16 layout=serial phase=measure iteration=0 component=safe_sm component_id=5 lut_exp=0 scna_layout=0 scna_width=8 qo_len=4 kv_len=4096 n_heads=12 n_kv_heads=2 head_dim=128 kv_head=0 worker=1 block_r=0 block_c=0 t0_us=261265250595 t1_us=261265250625 dur_us=29
FIG8_ATTENTION_EVENT mode=scna-fp16 layout=serial phase=measure iteration=0 component=v_load component_id=3 lut_exp=0 scna_layout=0 scna_width=8 qo_len=4 kv_len=4096 n_heads=12 n_kv_heads=2 head_dim=128 kv_head=0 worker=1 block_r=0 block_c=0 t0_us=261265250625 t1_us=261265250642 dur_us=16
FIG8_ATTENTION_EVENT mode=scna-fp16 layout=serial phase=measure iteration=0 component=scna_exp component_id=9 lut_exp=0 scna_layout=0 scna_width=8 qo_len=4 kv_len=4096 n_heads=12 n_kv_heads=2 head_dim=128 kv_head=0 worker=1 block_r=0 block_c=0 t0_us=261265250642 t1_us=261265250643 dur_us=0
FIG8_ATTENTION_EVENT mode=scna-fp16 layout=serial phase=measure iteration=0 component=core_acc component_id=6 lut_exp=0 scna_layout=0 scna_width=8 qo_len=4 kv_len=4096 n_heads=12 n_kv_heads=2 head_dim=128 kv_head=0 worker=1 block_r=0 block_c=0 t0_us=261265250642 t1_us=261265250645 dur_us=3
FIG8_ATTENTION_EVENT mode=scna-fp16 layout=serial phase=measure iteration=0 component=k_load component_id=2 lut_exp=0 scna_layout=0 scna_width=8 qo_len=4 kv_len=4096 n_heads=12 n_kv_heads=2 head_dim=128 kv_head=0 worker=1 block_r=0 block_c=1280 t0_us=261265250646 t1_us=261265250668 dur_us=21
FIG8_ATTENTION_EVENT mode=scna-fp16 layout=serial phase=measure iteration=0 component=qk_dot component_id=4 lut_exp=0 scna_layout=0 scna_width=8 qo_len=4 kv_len=4096 n_heads=12 n_kv_heads=2 head_dim=128 kv_head=0 worker=1 block_r=0 block_c=1280 t0_us=261265250668 t1_us=261265250669 dur_us=0
FIG8_ATTENTION_EVENT mode=scna-fp16 layout=serial phase=measure iteration=0 component=scna_exp component_id=9 lut_exp=0 scna_layout=0 scna_width=8 qo_len=4 kv_len=4096 n_heads=12 n_kv_heads=2 head_dim=128 kv_head=0 worker=1 block_r=0 block_c=1280 t0_us=261265250670 t1_us=261265250671 dur_us=1
FIG8_ATTENTION_EVENT mode=scna-fp16 layout=serial phase=measure iteration=0 component=scna_exp component_id=9 lut_exp=0 scna_layout=0 scna_width=8 qo_len=4 kv_len=4096 n_heads=12 n_kv_heads=2 head_dim=128 kv_head=0 worker=1 block_r=2 block_c=1280 t0_us=261265250672 t1_us=261265250674 dur_us=1
FIG8_ATTENTION_EVENT mode=scna-fp16 layout=serial phase=measure iteration=0 component=scna_exp component_id=9 lut_exp=0 scna_layout=0 scna_width=8 qo_len=4 kv_len=4096 n_heads=12 n_kv_heads=2 head_dim=128 kv_head=0 worker=1 block_r=4 block_c=1280 t0_us=261265250674 t1_us=261265250675 dur_us=1
FIG8_ATTENTION_EVENT mode=scna-fp16 layout=serial phase=measure iteration=0 component=scna_exp component_id=9 lut_exp=0 scna_layout=0 scna_width=8 qo_len=4 kv_len=4096 n_heads=12 n_kv_heads=2 head_dim=128 kv_head=0 worker=1 block_r=6 block_c=1280 t0_us=261265250677 t1_us=261265250678 dur_us=1
FIG8_ATTENTION_EVENT mode=scna-fp16 layout=serial phase=measure iteration=0 component=scna_exp component_id=9 lut_exp=0 scna_layout=0 scna_width=8 qo_len=4 kv_len=4096 n_heads=12 n_kv_heads=2 head_dim=128 kv_head=0 worker=1 block_r=8 block_c=1280 t0_us=261265250679 t1_us=261265250680 dur_us=1
FIG8_ATTENTION_EVENT mode=scna-fp16 layout=serial phase=measure iteration=0 component=scna_exp component_id=9 lut_exp=0 scna_layout=0 scna_width=8 qo_len=4 kv_len=4096 n_heads=12 n_kv_heads=2 head_dim=128 kv_head=0 worker=1 block_r=10 block_c=1280 t0_us=261265250681 t1_us=261265250682 dur_us=1
FIG8_ATTENTION_EVENT mode=scna-fp16 layout=serial phase=measure iteration=0 component=scna_exp component_id=9 lut_exp=0 scna_layout=0 scna_width=8 qo_len=4 kv_len=4096 n_heads=12 n_kv_heads=2 head_dim=128 kv_head=0 worker=1 block_r=12 block_c=1280 t0_us=261265250683 t1_us=261265250685 dur_us=1
FIG8_ATTENTION_EVENT mode=scna-fp16 layout=serial phase=measure iteration=0 component=scna_exp component_id=9 lut_exp=0 scna_layout=0 scna_width=8 qo_len=4 kv_len=4096 n_heads=12 n_kv_heads=2 head_dim=128 kv_head=0 worker=1 block_r=14 block_c=1280 t0_us=261265250685 t1_us=261265250687 dur_us=1
FIG8_ATTENTION_EVENT mode=scna-fp16 layout=serial phase=measure iteration=0 component=scna_exp component_id=9 lut_exp=0 scna_layout=0 scna_width=8 qo_len=4 kv_len=4096 n_heads=12 n_kv_heads=2 head_dim=128 kv_head=0 worker=1 block_r=16 block_c=1280 t0_us=261265250687 t1_us=261265250689 dur_us=1
FIG8_ATTENTION_EVENT mode=scna-fp16 layout=serial phase=measure iteration=0 component=scna_exp component_id=9 lut_exp=0 scna_layout=0 scna_width=8 qo_len=4 kv_len=4096 n_heads=12 n_kv_heads=2 head_dim=128 kv_head=0 worker=1 block_r=18 block_c=1280 t0_us=261265250690 t1_us=261265250691 dur_us=1
FIG8_ATTENTION_EVENT mode=scna-fp16 layout=serial phase=measure iteration=0 component=scna_exp component_id=9 lut_exp=0 scna_layout=0 scna_width=8 qo_len=4 kv_len=4096 n_heads=12 n_kv_heads=2 head_dim=128 kv_head=0 worker=1 block_r=20 block_c=1280 t0_us=261265250692 t1_us=261265250693 dur_us=1
FIG8_ATTENTION_EVENT mode=scna-fp16 layout=serial phase=measure iteration=0 component=scna_exp component_id=9 lut_exp=0 scna_layout=0 scna_width=8 qo_len=4 kv_len=4096 n_heads=12 n_kv_heads=2 head_dim=128 kv_head=0 worker=1 block_r=22 block_c=1280 t0_us=261265250694 t1_us=261265250695 dur_us=1
FIG8_ATTENTION_EVENT mode=scna-fp16 layout=serial phase=measure iteration=0 component=safe_sm component_id=5 lut_exp=0 scna_layout=0 scna_width=8 qo_len=4 kv_len=4096 n_heads=12 n_kv_heads=2 head_dim=128 kv_head=0 worker=1 block_r=0 block_c=1280 t0_us=261265250669 t1_us=261265250695 dur_us=26
FIG8_ATTENTION_EVENT mode=scna-fp16 layout=serial phase=measure iteration=0 component=v_load component_id=3 lut_exp=0 scna_layout=0 scna_width=8 qo_len=4 kv_len=4096 n_heads=12 n_kv_heads=2 head_dim=128 kv_head=0 worker=1 block_r=0 block_c=1280 t0_us=261265250696 t1_us=261265250717 dur_us=21
FIG8_ATTENTION_EVENT mode=scna-fp16 layout=serial phase=measure iteration=0 component=scna_exp component_id=9 lut_exp=0 scna_layout=0 scna_width=8 qo_len=4 kv_len=4096 n_heads=12 n_kv_heads=2 head_dim=128 kv_head=0 worker=1 block_r=0 block_c=1280 t0_us=261265250717 t1_us=261265250717 dur_us=0
FIG8_ATTENTION_EVENT mode=scna-fp16 layout=serial phase=measure iteration=0 component=core_acc component_id=6 lut_exp=0 scna_layout=0 scna_width=8 qo_len=4 kv_len=4096 n_heads=12 n_kv_heads=2 head_dim=128 kv_head=0 worker=1 block_r=0 block_c=1280 t0_us=261265250717 t1_us=261265250718 dur_us=0
FIG8_ATTENTION_EVENT mode=scna-fp16 layout=serial phase=measure iteration=0 component=k_load component_id=2 lut_exp=0 scna_layout=0 scna_width=8 qo_len=4 kv_len=4096 n_heads=12 n_kv_heads=2 head_dim=128 kv_head=0 worker=1 block_r=0 block_c=2560 t0_us=261265250718 t1_us=261265250738 dur_us=20
FIG8_ATTENTION_EVENT mode=scna-fp16 layout=serial phase=measure iteration=0 component=qk_dot component_id=4 lut_exp=0 scna_layout=0 scna_width=8 qo_len=4 kv_len=4096 n_heads=12 n_kv_heads=2 head_dim=128 kv_head=0 worker=1 block_r=0 block_c=2560 t0_us=261265250738 t1_us=261265250739 dur_us=0
FIG8_ATTENTION_EVENT mode=scna-fp16 layout=serial phase=measure iteration=0 component=scna_exp component_id=9 lut_exp=0 scna_layout=0 scna_width=8 qo_len=4 kv_len=4096 n_heads=12 n_kv_heads=2 head_dim=128 kv_head=0 worker=1 block_r=0 block_c=2560 t0_us=261265250740 t1_us=261265250742 dur_us=1
FIG8_ATTENTION_EVENT mode=scna-fp16 layout=serial phase=measure iteration=0 component=scna_exp component_id=9 lut_exp=0 scna_layout=0 scna_width=8 qo_len=4 kv_len=4096 n_heads=12 n_kv_heads=2 head_dim=128 kv_head=0 worker=1 block_r=2 block_c=2560 t0_us=261265250742 t1_us=261265250744 dur_us=1
FIG8_ATTENTION_EVENT mode=scna-fp16 layout=serial phase=measure iteration=0 component=scna_exp component_id=9 lut_exp=0 scna_layout=0 scna_width=8 qo_len=4 kv_len=4096 n_heads=12 n_kv_heads=2 head_dim=128 kv_head=0 worker=1 block_r=4 block_c=2560 t0_us=261265250744 t1_us=261265250746 dur_us=1
FIG8_ATTENTION_EVENT mode=scna-fp16 layout=serial phase=measure iteration=0 component=scna_exp component_id=9 lut_exp=0 scna_layout=0 scna_width=8 qo_len=4 kv_len=4096 n_heads=12 n_kv_heads=2 head_dim=128 kv_head=0 worker=1 block_r=6 block_c=2560 t0_us=261265250747 t1_us=261265250749 dur_us=1
FIG8_ATTENTION_EVENT mode=scna-fp16 layout=serial phase=measure iteration=0 component=scna_exp component_id=9 lut_exp=0 scna_layout=0 scna_width=8 qo_len=4 kv_len=4096 n_heads=12 n_kv_heads=2 head_dim=128 kv_head=0 worker=1 block_r=8 block_c=2560 t0_us=261265250749 t1_us=261265250751 dur_us=1
FIG8_ATTENTION_EVENT mode=scna-fp16 layout=serial phase=measure iteration=0 component=scna_exp component_id=9 lut_exp=0 scna_layout=0 scna_width=8 qo_len=4 kv_len=4096 n_heads=12 n_kv_heads=2 head_dim=128 kv_head=0 worker=1 block_r=10 block_c=2560 t0_us=261265250751 t1_us=261265250753 dur_us=1
FIG8_ATTENTION_EVENT mode=scna-fp16 layout=serial phase=measure iteration=0 component=scna_exp component_id=9 lut_exp=0 scna_layout=0 scna_width=8 qo_len=4 kv_len=4096 n_heads=12 n_kv_heads=2 head_dim=128 kv_head=0 worker=1 block_r=12 block_c=2560 t0_us=261265250754 t1_us=261265250755 dur_us=1
FIG8_ATTENTION_EVENT mode=scna-fp16 layout=serial phase=measure iteration=0 component=scna_exp component_id=9 lut_exp=0 scna_layout=0 scna_width=8 qo_len=4 kv_len=4096 n_heads=12 n_kv_heads=2 head_dim=128 kv_head=0 worker=1 block_r=14 block_c=2560 t0_us=261265250756 t1_us=261265250757 dur_us=1
FIG8_ATTENTION_EVENT mode=scna-fp16 layout=serial phase=measure iteration=0 component=scna_exp component_id=9 lut_exp=0 scna_layout=0 scna_width=8 qo_len=4 kv_len=4096 n_heads=12 n_kv_heads=2 head_dim=128 kv_head=0 worker=1 block_r=16 block_c=2560 t0_us=261265250758 t1_us=261265250759 dur_us=1
FIG8_ATTENTION_EVENT mode=scna-fp16 layout=serial phase=measure iteration=0 component=scna_exp component_id=9 lut_exp=0 scna_layout=0 scna_width=8 qo_len=4 kv_len=4096 n_heads=12 n_kv_heads=2 head_dim=128 kv_head=0 worker=1 block_r=18 block_c=2560 t0_us=261265250760 t1_us=261265250762 dur_us=1
FIG8_ATTENTION_EVENT mode=scna-fp16 layout=serial phase=measure iteration=0 component=scna_exp component_id=9 lut_exp=0 scna_layout=0 scna_width=8 qo_len=4 kv_len=4096 n_heads=12 n_kv_heads=2 head_dim=128 kv_head=0 worker=1 block_r=20 block_c=2560 t0_us=261265250762 t1_us=261265250764 dur_us=1
FIG8_ATTENTION_EVENT mode=scna-fp16 layout=serial phase=measure iteration=0 component=scna_exp component_id=9 lut_exp=0 scna_layout=0 scna_width=8 qo_len=4 kv_len=4096 n_heads=12 n_kv_heads=2 head_dim=128 kv_head=0 worker=1 block_r=22 block_c=2560 t0_us=261265250765 t1_us=261265250766 dur_us=1
FIG8_ATTENTION_EVENT mode=scna-fp16 layout=serial phase=measure iteration=0 component=safe_sm component_id=5 lut_exp=0 scna_layout=0 scna_width=8 qo_len=4 kv_len=4096 n_heads=12 n_kv_heads=2 head_dim=128 kv_head=0 worker=1 block_r=0 block_c=2560 t0_us=261265250739 t1_us=261265250766 dur_us=27
FIG8_ATTENTION_EVENT mode=scna-fp16 layout=serial phase=measure iteration=0 component=v_load component_id=3 lut_exp=0 scna_layout=0 scna_width=8 qo_len=4 kv_len=4096 n_heads=12 n_kv_heads=2 head_dim=128 kv_head=0 worker=1 block_r=0 block_c=2560 t0_us=261265250767 t1_us=261265250795 dur_us=28
FIG8_ATTENTION_EVENT mode=scna-fp16 layout=serial phase=measure iteration=0 component=scna_exp component_id=9 lut_exp=0 scna_layout=0 scna_width=8 qo_len=4 kv_len=4096 n_heads=12 n_kv_heads=2 head_dim=128 kv_head=0 worker=1 block_r=0 block_c=2560 t0_us=261265250795 t1_us=261265250795 dur_us=0
FIG8_ATTENTION_EVENT mode=scna-fp16 layout=serial phase=measure iteration=0 component=core_acc component_id=6 lut_exp=0 scna_layout=0 scna_width=8 qo_len=4 kv_len=4096 n_heads=12 n_kv_heads=2 head_dim=128 kv_head=0 worker=1 block_r=0 block_c=2560 t0_us=261265250795 t1_us=261265250797 dur_us=1
FIG8_ATTENTION_EVENT mode=scna-fp16 layout=serial phase=measure iteration=0 component=k_load component_id=2 lut_exp=0 scna_layout=0 scna_width=8 qo_len=4 kv_len=4096 n_heads=12 n_kv_heads=2 head_dim=128 kv_head=0 worker=1 block_r=0 block_c=3840 t0_us=261265250798 t1_us=261265250802 dur_us=4
FIG8_ATTENTION_EVENT mode=scna-fp16 layout=serial phase=measure iteration=0 component=qk_dot component_id=4 lut_exp=0 scna_layout=0 scna_width=8 qo_len=4 kv_len=4096 n_heads=12 n_kv_heads=2 head_dim=128 kv_head=0 worker=1 block_r=0 block_c=3840 t0_us=261265250802 t1_us=261265250803 dur_us=0
FIG8_ATTENTION_EVENT mode=scna-fp16 layout=serial phase=measure iteration=0 component=scna_exp component_id=9 lut_exp=0 scna_layout=0 scna_width=8 qo_len=4 kv_len=4096 n_heads=12 n_kv_heads=2 head_dim=128 kv_head=0 worker=1 block_r=0 block_c=3840 t0_us=261265250805 t1_us=261265250805 dur_us=0
FIG8_ATTENTION_EVENT mode=scna-fp16 layout=serial phase=measure iteration=0 component=scna_exp component_id=9 lut_exp=0 scna_layout=0 scna_width=8 qo_len=4 kv_len=4096 n_heads=12 n_kv_heads=2 head_dim=128 kv_head=0 worker=1 block_r=2 block_c=3840 t0_us=261265250805 t1_us=261265250806 dur_us=0
FIG8_ATTENTION_EVENT mode=scna-fp16 layout=serial phase=measure iteration=0 component=scna_exp component_id=9 lut_exp=0 scna_layout=0 scna_width=8 qo_len=4 kv_len=4096 n_heads=12 n_kv_heads=2 head_dim=128 kv_head=0 worker=1 block_r=4 block_c=3840 t0_us=261265250806 t1_us=261265250806 dur_us=0
FIG8_ATTENTION_EVENT mode=scna-fp16 layout=serial phase=measure iteration=0 component=scna_exp component_id=9 lut_exp=0 scna_layout=0 scna_width=8 qo_len=4 kv_len=4096 n_heads=12 n_kv_heads=2 head_dim=128 kv_head=0 worker=1 block_r=6 block_c=3840 t0_us=261265250807 t1_us=261265250807 dur_us=0
FIG8_ATTENTION_EVENT mode=scna-fp16 layout=serial phase=measure iteration=0 component=scna_exp component_id=9 lut_exp=0 scna_layout=0 scna_width=8 qo_len=4 kv_len=4096 n_heads=12 n_kv_heads=2 head_dim=128 kv_head=0 worker=1 block_r=8 block_c=3840 t0_us=261265250807 t1_us=261265250808 dur_us=0
FIG8_ATTENTION_EVENT mode=scna-fp16 layout=serial phase=measure iteration=0 component=scna_exp component_id=9 lut_exp=0 scna_layout=0 scna_width=8 qo_len=4 kv_len=4096 n_heads=12 n_kv_heads=2 head_dim=128 kv_head=0 worker=1 block_r=10 block_c=3840 t0_us=261265250808 t1_us=261265250808 dur_us=0
FIG8_ATTENTION_EVENT mode=scna-fp16 layout=serial phase=measure iteration=0 component=scna_exp component_id=9 lut_exp=0 scna_layout=0 scna_width=8 qo_len=4 kv_len=4096 n_heads=12 n_kv_heads=2 head_dim=128 kv_head=0 worker=1 block_r=12 block_c=3840 t0_us=261265250809 t1_us=261265250809 dur_us=0
FIG8_ATTENTION_EVENT mode=scna-fp16 layout=serial phase=measure iteration=0 component=scna_exp component_id=9 lut_exp=0 scna_layout=0 scna_width=8 qo_len=4 kv_len=4096 n_heads=12 n_kv_heads=2 head_dim=128 kv_head=0 worker=1 block_r=14 block_c=3840 t0_us=261265250809 t1_us=261265250810 dur_us=0
FIG8_ATTENTION_EVENT mode=scna-fp16 layout=serial phase=measure iteration=0 component=scna_exp component_id=9 lut_exp=0 scna_layout=0 scna_width=8 qo_len=4 kv_len=4096 n_heads=12 n_kv_heads=2 head_dim=128 kv_head=0 worker=1 block_r=16 block_c=3840 t0_us=261265250810 t1_us=261265250810 dur_us=0
FIG8_ATTENTION_EVENT mode=scna-fp16 layout=serial phase=measure iteration=0 component=scna_exp component_id=9 lut_exp=0 scna_layout=0 scna_width=8 qo_len=4 kv_len=4096 n_heads=12 n_kv_heads=2 head_dim=128 kv_head=0 worker=1 block_r=18 block_c=3840 t0_us=261265250811 t1_us=261265250811 dur_us=0
FIG8_ATTENTION_EVENT mode=scna-fp16 layout=serial phase=measure iteration=0 component=scna_exp component_id=9 lut_exp=0 scna_layout=0 scna_width=8 qo_len=4 kv_len=4096 n_heads=12 n_kv_heads=2 head_dim=128 kv_head=0 worker=1 block_r=20 block_c=3840 t0_us=261265250811 t1_us=261265250811 dur_us=0
FIG8_ATTENTION_EVENT mode=scna-fp16 layout=serial phase=measure iteration=0 component=scna_exp component_id=9 lut_exp=0 scna_layout=0 scna_width=8 qo_len=4 kv_len=4096 n_heads=12 n_kv_heads=2 head_dim=128 kv_head=0 worker=1 block_r=22 block_c=3840 t0_us=261265250812 t1_us=261265250812 dur_us=0
FIG8_ATTENTION_EVENT mode=scna-fp16 layout=serial phase=measure iteration=0 component=safe_sm component_id=5 lut_exp=0 scna_layout=0 scna_width=8 qo_len=4 kv_len=4096 n_heads=12 n_kv_heads=2 head_dim=128 kv_head=0 worker=1 block_r=0 block_c=3840 t0_us=261265250803 t1_us=261265250812 dur_us=9
FIG8_ATTENTION_EVENT mode=scna-fp16 layout=serial phase=measure iteration=0 component=v_load component_id=3 lut_exp=0 scna_layout=0 scna_width=8 qo_len=4 kv_len=4096 n_heads=12 n_kv_heads=2 head_dim=128 kv_head=0 worker=1 block_r=0 block_c=3840 t0_us=261265250812 t1_us=261265250814 dur_us=2
FIG8_ATTENTION_EVENT mode=scna-fp16 layout=serial phase=measure iteration=0 component=scna_exp component_id=9 lut_exp=0 scna_layout=0 scna_width=8 qo_len=4 kv_len=4096 n_heads=12 n_kv_heads=2 head_dim=128 kv_head=0 worker=1 block_r=0 block_c=3840 t0_us=261265250814 t1_us=261265250815 dur_us=0
FIG8_ATTENTION_EVENT mode=scna-fp16 layout=serial phase=measure iteration=0 component=core_acc component_id=6 lut_exp=0 scna_layout=0 scna_width=8 qo_len=4 kv_len=4096 n_heads=12 n_kv_heads=2 head_dim=128 kv_head=0 worker=1 block_r=0 block_c=3840 t0_us=261265250814 t1_us=261265250815 dur_us=0
FIG8_ATTENTION_EVENT mode=scna-fp16 layout=serial phase=measure iteration=0 component=o_scale component_id=7 lut_exp=0 scna_layout=0 scna_width=8 qo_len=4 kv_len=4096 n_heads=12 n_kv_heads=2 head_dim=128 kv_head=0 worker=1 block_r=0 block_c=-1 t0_us=261265250815 t1_us=261265250816 dur_us=1
FIG8_ATTENTION_EVENT mode=scna-fp16 layout=serial phase=measure iteration=0 component=o_store component_id=8 lut_exp=0 scna_layout=0 scna_width=8 qo_len=4 kv_len=4096 n_heads=12 n_kv_heads=2 head_dim=128 kv_head=0 worker=1 block_r=0 block_c=-1 t0_us=261265250817 t1_us=261265250819 dur_us=1
FIG8_ATTENTION_EVENT mode=scna-fp16 layout=serial phase=measure iteration=0 component=q_load component_id=1 lut_exp=0 scna_layout=0 scna_width=8 qo_len=4 kv_len=4096 n_heads=12 n_kv_heads=2 head_dim=128 kv_head=1 worker=1 block_r=0 block_c=-1 t0_us=261265250858 t1_us=261265250859 dur_us=1
FIG8_ATTENTION_EVENT mode=scna-fp16 layout=serial phase=measure iteration=0 component=k_load component_id=2 lut_exp=0 scna_layout=0 scna_width=8 qo_len=4 kv_len=4096 n_heads=12 n_kv_heads=2 head_dim=128 kv_head=1 worker=1 block_r=0 block_c=0 t0_us=261265250860 t1_us=261265250881 dur_us=20
FIG8_ATTENTION_EVENT mode=scna-fp16 layout=serial phase=measure iteration=0 component=qk_dot component_id=4 lut_exp=0 scna_layout=0 scna_width=8 qo_len=4 kv_len=4096 n_heads=12 n_kv_heads=2 head_dim=128 kv_head=1 worker=1 block_r=0 block_c=0 t0_us=261265250881 t1_us=261265250882 dur_us=0
FIG8_ATTENTION_EVENT mode=scna-fp16 layout=serial phase=measure iteration=0 component=scna_exp component_id=9 lut_exp=0 scna_layout=0 scna_width=8 qo_len=4 kv_len=4096 n_heads=12 n_kv_heads=2 head_dim=128 kv_head=1 worker=1 block_r=0 block_c=0 t0_us=261265250884 t1_us=261265250886 dur_us=2
FIG8_ATTENTION_EVENT mode=scna-fp16 layout=serial phase=measure iteration=0 component=scna_exp component_id=9 lut_exp=0 scna_layout=0 scna_width=8 qo_len=4 kv_len=4096 n_heads=12 n_kv_heads=2 head_dim=128 kv_head=1 worker=1 block_r=2 block_c=0 t0_us=261265250887 t1_us=261265250889 dur_us=1
FIG8_ATTENTION_EVENT mode=scna-fp16 layout=serial phase=measure iteration=0 component=scna_exp component_id=9 lut_exp=0 scna_layout=0 scna_width=8 qo_len=4 kv_len=4096 n_heads=12 n_kv_heads=2 head_dim=128 kv_head=1 worker=1 block_r=4 block_c=0 t0_us=261265250889 t1_us=261265250891 dur_us=1
FIG8_ATTENTION_EVENT mode=scna-fp16 layout=serial phase=measure iteration=0 component=scna_exp component_id=9 lut_exp=0 scna_layout=0 scna_width=8 qo_len=4 kv_len=4096 n_heads=12 n_kv_heads=2 head_dim=128 kv_head=1 worker=1 block_r=6 block_c=0 t0_us=261265250892 t1_us=261265250893 dur_us=1
FIG8_ATTENTION_EVENT mode=scna-fp16 layout=serial phase=measure iteration=0 component=scna_exp component_id=9 lut_exp=0 scna_layout=0 scna_width=8 qo_len=4 kv_len=4096 n_heads=12 n_kv_heads=2 head_dim=128 kv_head=1 worker=1 block_r=8 block_c=0 t0_us=261265250894 t1_us=261265250895 dur_us=1
FIG8_ATTENTION_EVENT mode=scna-fp16 layout=serial phase=measure iteration=0 component=scna_exp component_id=9 lut_exp=0 scna_layout=0 scna_width=8 qo_len=4 kv_len=4096 n_heads=12 n_kv_heads=2 head_dim=128 kv_head=1 worker=1 block_r=10 block_c=0 t0_us=261265250896 t1_us=261265250897 dur_us=1
FIG8_ATTENTION_EVENT mode=scna-fp16 layout=serial phase=measure iteration=0 component=scna_exp component_id=9 lut_exp=0 scna_layout=0 scna_width=8 qo_len=4 kv_len=4096 n_heads=12 n_kv_heads=2 head_dim=128 kv_head=1 worker=1 block_r=12 block_c=0 t0_us=261265250898 t1_us=261265250900 dur_us=1
FIG8_ATTENTION_EVENT mode=scna-fp16 layout=serial phase=measure iteration=0 component=scna_exp component_id=9 lut_exp=0 scna_layout=0 scna_width=8 qo_len=4 kv_len=4096 n_heads=12 n_kv_heads=2 head_dim=128 kv_head=1 worker=1 block_r=14 block_c=0 t0_us=261265250900 t1_us=261265250902 dur_us=1
FIG8_ATTENTION_EVENT mode=scna-fp16 layout=serial phase=measure iteration=0 component=scna_exp component_id=9 lut_exp=0 scna_layout=0 scna_width=8 qo_len=4 kv_len=4096 n_heads=12 n_kv_heads=2 head_dim=128 kv_head=1 worker=1 block_r=16 block_c=0 t0_us=261265250902 t1_us=261265250904 dur_us=1
FIG8_ATTENTION_EVENT mode=scna-fp16 layout=serial phase=measure iteration=0 component=scna_exp component_id=9 lut_exp=0 scna_layout=0 scna_width=8 qo_len=4 kv_len=4096 n_heads=12 n_kv_heads=2 head_dim=128 kv_head=1 worker=1 block_r=18 block_c=0 t0_us=261265250905 t1_us=261265250907 dur_us=1
FIG8_ATTENTION_EVENT mode=scna-fp16 layout=serial phase=measure iteration=0 component=scna_exp component_id=9 lut_exp=0 scna_layout=0 scna_width=8 qo_len=4 kv_len=4096 n_heads=12 n_kv_heads=2 head_dim=128 kv_head=1 worker=1 block_r=20 block_c=0 t0_us=261265250907 t1_us=261265250909 dur_us=1
FIG8_ATTENTION_EVENT mode=scna-fp16 layout=serial phase=measure iteration=0 component=scna_exp component_id=9 lut_exp=0 scna_layout=0 scna_width=8 qo_len=4 kv_len=4096 n_heads=12 n_kv_heads=2 head_dim=128 kv_head=1 worker=1 block_r=22 block_c=0 t0_us=261265250909 t1_us=261265250911 dur_us=1
FIG8_ATTENTION_EVENT mode=scna-fp16 layout=serial phase=measure iteration=0 component=safe_sm component_id=5 lut_exp=0 scna_layout=0 scna_width=8 qo_len=4 kv_len=4096 n_heads=12 n_kv_heads=2 head_dim=128 kv_head=1 worker=1 block_r=0 block_c=0 t0_us=261265250882 t1_us=261265250911 dur_us=29
FIG8_ATTENTION_EVENT mode=scna-fp16 layout=serial phase=measure iteration=0 component=v_load component_id=3 lut_exp=0 scna_layout=0 scna_width=8 qo_len=4 kv_len=4096 n_heads=12 n_kv_heads=2 head_dim=128 kv_head=1 worker=1 block_r=0 block_c=0 t0_us=261265250911 t1_us=261265250927 dur_us=15
FIG8_ATTENTION_EVENT mode=scna-fp16 layout=serial phase=measure iteration=0 component=scna_exp component_id=9 lut_exp=0 scna_layout=0 scna_width=8 qo_len=4 kv_len=4096 n_heads=12 n_kv_heads=2 head_dim=128 kv_head=1 worker=1 block_r=0 block_c=0 t0_us=261265250927 t1_us=261265250928 dur_us=0
FIG8_ATTENTION_EVENT mode=scna-fp16 layout=serial phase=measure iteration=0 component=core_acc component_id=6 lut_exp=0 scna_layout=0 scna_width=8 qo_len=4 kv_len=4096 n_heads=12 n_kv_heads=2 head_dim=128 kv_head=1 worker=1 block_r=0 block_c=0 t0_us=261265250927 t1_us=261265250928 dur_us=1
FIG8_ATTENTION_EVENT mode=scna-fp16 layout=serial phase=measure iteration=0 component=k_load component_id=2 lut_exp=0 scna_layout=0 scna_width=8 qo_len=4 kv_len=4096 n_heads=12 n_kv_heads=2 head_dim=128 kv_head=1 worker=1 block_r=0 block_c=1280 t0_us=261265250929 t1_us=261265250950 dur_us=21
FIG8_ATTENTION_EVENT mode=scna-fp16 layout=serial phase=measure iteration=0 component=qk_dot component_id=4 lut_exp=0 scna_layout=0 scna_width=8 qo_len=4 kv_len=4096 n_heads=12 n_kv_heads=2 head_dim=128 kv_head=1 worker=1 block_r=0 block_c=1280 t0_us=261265250950 t1_us=261265250951 dur_us=0
FIG8_ATTENTION_EVENT mode=scna-fp16 layout=serial phase=measure iteration=0 component=scna_exp component_id=9 lut_exp=0 scna_layout=0 scna_width=8 qo_len=4 kv_len=4096 n_heads=12 n_kv_heads=2 head_dim=128 kv_head=1 worker=1 block_r=0 block_c=1280 t0_us=261265250952 t1_us=261265250954 dur_us=1
FIG8_ATTENTION_EVENT mode=scna-fp16 layout=serial phase=measure iteration=0 component=scna_exp component_id=9 lut_exp=0 scna_layout=0 scna_width=8 qo_len=4 kv_len=4096 n_heads=12 n_kv_heads=2 head_dim=128 kv_head=1 worker=1 block_r=2 block_c=1280 t0_us=261265250954 t1_us=261265250956 dur_us=1
FIG8_ATTENTION_EVENT mode=scna-fp16 layout=serial phase=measure iteration=0 component=scna_exp component_id=9 lut_exp=0 scna_layout=0 scna_width=8 qo_len=4 kv_len=4096 n_heads=12 n_kv_heads=2 head_dim=128 kv_head=1 worker=1 block_r=4 block_c=1280 t0_us=261265250956 t1_us=261265250958 dur_us=1
FIG8_ATTENTION_EVENT mode=scna-fp16 layout=serial phase=measure iteration=0 component=scna_exp component_id=9 lut_exp=0 scna_layout=0 scna_width=8 qo_len=4 kv_len=4096 n_heads=12 n_kv_heads=2 head_dim=128 kv_head=1 worker=1 block_r=6 block_c=1280 t0_us=261265250959 t1_us=261265250960 dur_us=1
FIG8_ATTENTION_EVENT mode=scna-fp16 layout=serial phase=measure iteration=0 component=scna_exp component_id=9 lut_exp=0 scna_layout=0 scna_width=8 qo_len=4 kv_len=4096 n_heads=12 n_kv_heads=2 head_dim=128 kv_head=1 worker=1 block_r=8 block_c=1280 t0_us=261265250961 t1_us=261265250962 dur_us=1
FIG8_ATTENTION_EVENT mode=scna-fp16 layout=serial phase=measure iteration=0 component=scna_exp component_id=9 lut_exp=0 scna_layout=0 scna_width=8 qo_len=4 kv_len=4096 n_heads=12 n_kv_heads=2 head_dim=128 kv_head=1 worker=1 block_r=10 block_c=1280 t0_us=261265250963 t1_us=261265250964 dur_us=1
FIG8_ATTENTION_EVENT mode=scna-fp16 layout=serial phase=measure iteration=0 component=scna_exp component_id=9 lut_exp=0 scna_layout=0 scna_width=8 qo_len=4 kv_len=4096 n_heads=12 n_kv_heads=2 head_dim=128 kv_head=1 worker=1 block_r=12 block_c=1280 t0_us=261265250965 t1_us=261265250967 dur_us=1
FIG8_ATTENTION_EVENT mode=scna-fp16 layout=serial phase=measure iteration=0 component=scna_exp component_id=9 lut_exp=0 scna_layout=0 scna_width=8 qo_len=4 kv_len=4096 n_heads=12 n_kv_heads=2 head_dim=128 kv_head=1 worker=1 block_r=14 block_c=1280 t0_us=261265250967 t1_us=261265250969 dur_us=1
FIG8_ATTENTION_EVENT mode=scna-fp16 layout=serial phase=measure iteration=0 component=scna_exp component_id=9 lut_exp=0 scna_layout=0 scna_width=8 qo_len=4 kv_len=4096 n_heads=12 n_kv_heads=2 head_dim=128 kv_head=1 worker=1 block_r=16 block_c=1280 t0_us=261265250969 t1_us=261265250971 dur_us=1
FIG8_ATTENTION_EVENT mode=scna-fp16 layout=serial phase=measure iteration=0 component=scna_exp component_id=9 lut_exp=0 scna_layout=0 scna_width=8 qo_len=4 kv_len=4096 n_heads=12 n_kv_heads=2 head_dim=128 kv_head=1 worker=1 block_r=18 block_c=1280 t0_us=261265250972 t1_us=261265250973 dur_us=1
FIG8_ATTENTION_EVENT mode=scna-fp16 layout=serial phase=measure iteration=0 component=scna_exp component_id=9 lut_exp=0 scna_layout=0 scna_width=8 qo_len=4 kv_len=4096 n_heads=12 n_kv_heads=2 head_dim=128 kv_head=1 worker=1 block_r=20 block_c=1280 t0_us=261265250974 t1_us=261265250975 dur_us=1
FIG8_ATTENTION_EVENT mode=scna-fp16 layout=serial phase=measure iteration=0 component=scna_exp component_id=9 lut_exp=0 scna_layout=0 scna_width=8 qo_len=4 kv_len=4096 n_heads=12 n_kv_heads=2 head_dim=128 kv_head=1 worker=1 block_r=22 block_c=1280 t0_us=261265250976 t1_us=261265250977 dur_us=1
FIG8_ATTENTION_EVENT mode=scna-fp16 layout=serial phase=measure iteration=0 component=safe_sm component_id=5 lut_exp=0 scna_layout=0 scna_width=8 qo_len=4 kv_len=4096 n_heads=12 n_kv_heads=2 head_dim=128 kv_head=1 worker=1 block_r=0 block_c=1280 t0_us=261265250951 t1_us=261265250978 dur_us=26
FIG8_ATTENTION_EVENT mode=scna-fp16 layout=serial phase=measure iteration=0 component=v_load component_id=3 lut_exp=0 scna_layout=0 scna_width=8 qo_len=4 kv_len=4096 n_heads=12 n_kv_heads=2 head_dim=128 kv_head=1 worker=1 block_r=0 block_c=1280 t0_us=261265250978 t1_us=261265251003 dur_us=25
FIG8_ATTENTION_EVENT mode=scna-fp16 layout=serial phase=measure iteration=0 component=scna_exp component_id=9 lut_exp=0 scna_layout=0 scna_width=8 qo_len=4 kv_len=4096 n_heads=12 n_kv_heads=2 head_dim=128 kv_head=1 worker=1 block_r=0 block_c=1280 t0_us=261265251003 t1_us=261265251003 dur_us=0
FIG8_ATTENTION_EVENT mode=scna-fp16 layout=serial phase=measure iteration=0 component=core_acc component_id=6 lut_exp=0 scna_layout=0 scna_width=8 qo_len=4 kv_len=4096 n_heads=12 n_kv_heads=2 head_dim=128 kv_head=1 worker=1 block_r=0 block_c=1280 t0_us=261265251003 t1_us=261265251004 dur_us=0
FIG8_ATTENTION_EVENT mode=scna-fp16 layout=serial phase=measure iteration=0 component=k_load component_id=2 lut_exp=0 scna_layout=0 scna_width=8 qo_len=4 kv_len=4096 n_heads=12 n_kv_heads=2 head_dim=128 kv_head=1 worker=1 block_r=0 block_c=2560 t0_us=261265251004 t1_us=261265251024 dur_us=20
FIG8_ATTENTION_EVENT mode=scna-fp16 layout=serial phase=measure iteration=0 component=qk_dot component_id=4 lut_exp=0 scna_layout=0 scna_width=8 qo_len=4 kv_len=4096 n_heads=12 n_kv_heads=2 head_dim=128 kv_head=1 worker=1 block_r=0 block_c=2560 t0_us=261265251024 t1_us=261265251025 dur_us=0
FIG8_ATTENTION_EVENT mode=scna-fp16 layout=serial phase=measure iteration=0 component=scna_exp component_id=9 lut_exp=0 scna_layout=0 scna_width=8 qo_len=4 kv_len=4096 n_heads=12 n_kv_heads=2 head_dim=128 kv_head=1 worker=1 block_r=0 block_c=2560 t0_us=261265251026 t1_us=261265251027 dur_us=1
FIG8_ATTENTION_EVENT mode=scna-fp16 layout=serial phase=measure iteration=0 component=scna_exp component_id=9 lut_exp=0 scna_layout=0 scna_width=8 qo_len=4 kv_len=4096 n_heads=12 n_kv_heads=2 head_dim=128 kv_head=1 worker=1 block_r=2 block_c=2560 t0_us=261265251028 t1_us=261265251029 dur_us=1
FIG8_ATTENTION_EVENT mode=scna-fp16 layout=serial phase=measure iteration=0 component=scna_exp component_id=9 lut_exp=0 scna_layout=0 scna_width=8 qo_len=4 kv_len=4096 n_heads=12 n_kv_heads=2 head_dim=128 kv_head=1 worker=1 block_r=4 block_c=2560 t0_us=261265251030 t1_us=261265251031 dur_us=1
FIG8_ATTENTION_EVENT mode=scna-fp16 layout=serial phase=measure iteration=0 component=scna_exp component_id=9 lut_exp=0 scna_layout=0 scna_width=8 qo_len=4 kv_len=4096 n_heads=12 n_kv_heads=2 head_dim=128 kv_head=1 worker=1 block_r=6 block_c=2560 t0_us=261265251033 t1_us=261265251034 dur_us=1
FIG8_ATTENTION_EVENT mode=scna-fp16 layout=serial phase=measure iteration=0 component=scna_exp component_id=9 lut_exp=0 scna_layout=0 scna_width=8 qo_len=4 kv_len=4096 n_heads=12 n_kv_heads=2 head_dim=128 kv_head=1 worker=1 block_r=8 block_c=2560 t0_us=261265251035 t1_us=261265251036 dur_us=1
FIG8_ATTENTION_EVENT mode=scna-fp16 layout=serial phase=measure iteration=0 component=scna_exp component_id=9 lut_exp=0 scna_layout=0 scna_width=8 qo_len=4 kv_len=4096 n_heads=12 n_kv_heads=2 head_dim=128 kv_head=1 worker=1 block_r=10 block_c=2560 t0_us=261265251037 t1_us=261265251038 dur_us=1
FIG8_ATTENTION_EVENT mode=scna-fp16 layout=serial phase=measure iteration=0 component=scna_exp component_id=9 lut_exp=0 scna_layout=0 scna_width=8 qo_len=4 kv_len=4096 n_heads=12 n_kv_heads=2 head_dim=128 kv_head=1 worker=1 block_r=12 block_c=2560 t0_us=261265251039 t1_us=261265251041 dur_us=1
FIG8_ATTENTION_EVENT mode=scna-fp16 layout=serial phase=measure iteration=0 component=scna_exp component_id=9 lut_exp=0 scna_layout=0 scna_width=8 qo_len=4 kv_len=4096 n_heads=12 n_kv_heads=2 head_dim=128 kv_head=1 worker=1 block_r=14 block_c=2560 t0_us=261265251041 t1_us=261265251043 dur_us=1
FIG8_ATTENTION_EVENT mode=scna-fp16 layout=serial phase=measure iteration=0 component=scna_exp component_id=9 lut_exp=0 scna_layout=0 scna_width=8 qo_len=4 kv_len=4096 n_heads=12 n_kv_heads=2 head_dim=128 kv_head=1 worker=1 block_r=16 block_c=2560 t0_us=261265251043 t1_us=261265251045 dur_us=1
FIG8_ATTENTION_EVENT mode=scna-fp16 layout=serial phase=measure iteration=0 component=scna_exp component_id=9 lut_exp=0 scna_layout=0 scna_width=8 qo_len=4 kv_len=4096 n_heads=12 n_kv_heads=2 head_dim=128 kv_head=1 worker=1 block_r=18 block_c=2560 t0_us=261265251046 t1_us=261265251048 dur_us=1
FIG8_ATTENTION_EVENT mode=scna-fp16 layout=serial phase=measure iteration=0 component=scna_exp component_id=9 lut_exp=0 scna_layout=0 scna_width=8 qo_len=4 kv_len=4096 n_heads=12 n_kv_heads=2 head_dim=128 kv_head=1 worker=1 block_r=20 block_c=2560 t0_us=261265251048 t1_us=261265251050 dur_us=1
FIG8_ATTENTION_EVENT mode=scna-fp16 layout=serial phase=measure iteration=0 component=scna_exp component_id=9 lut_exp=0 scna_layout=0 scna_width=8 qo_len=4 kv_len=4096 n_heads=12 n_kv_heads=2 head_dim=128 kv_head=1 worker=1 block_r=22 block_c=2560 t0_us=261265251050 t1_us=261265251051 dur_us=1
FIG8_ATTENTION_EVENT mode=scna-fp16 layout=serial phase=measure iteration=0 component=safe_sm component_id=5 lut_exp=0 scna_layout=0 scna_width=8 qo_len=4 kv_len=4096 n_heads=12 n_kv_heads=2 head_dim=128 kv_head=1 worker=1 block_r=0 block_c=2560 t0_us=261265251025 t1_us=261265251052 dur_us=26
FIG8_ATTENTION_EVENT mode=scna-fp16 layout=serial phase=measure iteration=0 component=v_load component_id=3 lut_exp=0 scna_layout=0 scna_width=8 qo_len=4 kv_len=4096 n_heads=12 n_kv_heads=2 head_dim=128 kv_head=1 worker=1 block_r=0 block_c=2560 t0_us=261265251052 t1_us=261265251078 dur_us=26
FIG8_ATTENTION_EVENT mode=scna-fp16 layout=serial phase=measure iteration=0 component=scna_exp component_id=9 lut_exp=0 scna_layout=0 scna_width=8 qo_len=4 kv_len=4096 n_heads=12 n_kv_heads=2 head_dim=128 kv_head=1 worker=1 block_r=0 block_c=2560 t0_us=261265251078 t1_us=261265251078 dur_us=0
FIG8_ATTENTION_EVENT mode=scna-fp16 layout=serial phase=measure iteration=0 component=core_acc component_id=6 lut_exp=0 scna_layout=0 scna_width=8 qo_len=4 kv_len=4096 n_heads=12 n_kv_heads=2 head_dim=128 kv_head=1 worker=1 block_r=0 block_c=2560 t0_us=261265251078 t1_us=261265251079 dur_us=0
FIG8_ATTENTION_EVENT mode=scna-fp16 layout=serial phase=measure iteration=0 component=k_load component_id=2 lut_exp=0 scna_layout=0 scna_width=8 qo_len=4 kv_len=4096 n_heads=12 n_kv_heads=2 head_dim=128 kv_head=1 worker=1 block_r=0 block_c=3840 t0_us=261265251079 t1_us=261265251083 dur_us=4
FIG8_ATTENTION_EVENT mode=scna-fp16 layout=serial phase=measure iteration=0 component=qk_dot component_id=4 lut_exp=0 scna_layout=0 scna_width=8 qo_len=4 kv_len=4096 n_heads=12 n_kv_heads=2 head_dim=128 kv_head=1 worker=1 block_r=0 block_c=3840 t0_us=261265251083 t1_us=261265251083 dur_us=0
FIG8_ATTENTION_EVENT mode=scna-fp16 layout=serial phase=measure iteration=0 component=scna_exp component_id=9 lut_exp=0 scna_layout=0 scna_width=8 qo_len=4 kv_len=4096 n_heads=12 n_kv_heads=2 head_dim=128 kv_head=1 worker=1 block_r=0 block_c=3840 t0_us=261265251084 t1_us=261265251084 dur_us=0
FIG8_ATTENTION_EVENT mode=scna-fp16 layout=serial phase=measure iteration=0 component=scna_exp component_id=9 lut_exp=0 scna_layout=0 scna_width=8 qo_len=4 kv_len=4096 n_heads=12 n_kv_heads=2 head_dim=128 kv_head=1 worker=1 block_r=2 block_c=3840 t0_us=261265251084 t1_us=261265251085 dur_us=0
FIG8_ATTENTION_EVENT mode=scna-fp16 layout=serial phase=measure iteration=0 component=scna_exp component_id=9 lut_exp=0 scna_layout=0 scna_width=8 qo_len=4 kv_len=4096 n_heads=12 n_kv_heads=2 head_dim=128 kv_head=1 worker=1 block_r=4 block_c=3840 t0_us=261265251085 t1_us=261265251085 dur_us=0
FIG8_ATTENTION_EVENT mode=scna-fp16 layout=serial phase=measure iteration=0 component=scna_exp component_id=9 lut_exp=0 scna_layout=0 scna_width=8 qo_len=4 kv_len=4096 n_heads=12 n_kv_heads=2 head_dim=128 kv_head=1 worker=1 block_r=6 block_c=3840 t0_us=261265251086 t1_us=261265251086 dur_us=0
FIG8_ATTENTION_EVENT mode=scna-fp16 layout=serial phase=measure iteration=0 component=scna_exp component_id=9 lut_exp=0 scna_layout=0 scna_width=8 qo_len=4 kv_len=4096 n_heads=12 n_kv_heads=2 head_dim=128 kv_head=1 worker=1 block_r=8 block_c=3840 t0_us=261265251086 t1_us=261265251086 dur_us=0
FIG8_ATTENTION_EVENT mode=scna-fp16 layout=serial phase=measure iteration=0 component=scna_exp component_id=9 lut_exp=0 scna_layout=0 scna_width=8 qo_len=4 kv_len=4096 n_heads=12 n_kv_heads=2 head_dim=128 kv_head=1 worker=1 block_r=10 block_c=3840 t0_us=261265251087 t1_us=261265251087 dur_us=0
FIG8_ATTENTION_EVENT mode=scna-fp16 layout=serial phase=measure iteration=0 component=scna_exp component_id=9 lut_exp=0 scna_layout=0 scna_width=8 qo_len=4 kv_len=4096 n_heads=12 n_kv_heads=2 head_dim=128 kv_head=1 worker=1 block_r=12 block_c=3840 t0_us=261265251087 t1_us=261265251088 dur_us=0
FIG8_ATTENTION_EVENT mode=scna-fp16 layout=serial phase=measure iteration=0 component=scna_exp component_id=9 lut_exp=0 scna_layout=0 scna_width=8 qo_len=4 kv_len=4096 n_heads=12 n_kv_heads=2 head_dim=128 kv_head=1 worker=1 block_r=14 block_c=3840 t0_us=261265251088 t1_us=261265251088 dur_us=0
FIG8_ATTENTION_EVENT mode=scna-fp16 layout=serial phase=measure iteration=0 component=scna_exp component_id=9 lut_exp=0 scna_layout=0 scna_width=8 qo_len=4 kv_len=4096 n_heads=12 n_kv_heads=2 head_dim=128 kv_head=1 worker=1 block_r=16 block_c=3840 t0_us=261265251089 t1_us=261265251089 dur_us=0
FIG8_ATTENTION_EVENT mode=scna-fp16 layout=serial phase=measure iteration=0 component=scna_exp component_id=9 lut_exp=0 scna_layout=0 scna_width=8 qo_len=4 kv_len=4096 n_heads=12 n_kv_heads=2 head_dim=128 kv_head=1 worker=1 block_r=18 block_c=3840 t0_us=261265251089 t1_us=261265251090 dur_us=0
FIG8_ATTENTION_EVENT mode=scna-fp16 layout=serial phase=measure iteration=0 component=scna_exp component_id=9 lut_exp=0 scna_layout=0 scna_width=8 qo_len=4 kv_len=4096 n_heads=12 n_kv_heads=2 head_dim=128 kv_head=1 worker=1 block_r=20 block_c=3840 t0_us=261265251090 t1_us=261265251090 dur_us=0
FIG8_ATTENTION_EVENT mode=scna-fp16 layout=serial phase=measure iteration=0 component=scna_exp component_id=9 lut_exp=0 scna_layout=0 scna_width=8 qo_len=4 kv_len=4096 n_heads=12 n_kv_heads=2 head_dim=128 kv_head=1 worker=1 block_r=22 block_c=3840 t0_us=261265251091 t1_us=261265251091 dur_us=0
FIG8_ATTENTION_EVENT mode=scna-fp16 layout=serial phase=measure iteration=0 component=safe_sm component_id=5 lut_exp=0 scna_layout=0 scna_width=8 qo_len=4 kv_len=4096 n_heads=12 n_kv_heads=2 head_dim=128 kv_head=1 worker=1 block_r=0 block_c=3840 t0_us=261265251083 t1_us=261265251091 dur_us=7
FIG8_ATTENTION_EVENT mode=scna-fp16 layout=serial phase=measure iteration=0 component=v_load component_id=3 lut_exp=0 scna_layout=0 scna_width=8 qo_len=4 kv_len=4096 n_heads=12 n_kv_heads=2 head_dim=128 kv_head=1 worker=1 block_r=0 block_c=3840 t0_us=261265251091 t1_us=261265251093 dur_us=2
FIG8_ATTENTION_EVENT mode=scna-fp16 layout=serial phase=measure iteration=0 component=scna_exp component_id=9 lut_exp=0 scna_layout=0 scna_width=8 qo_len=4 kv_len=4096 n_heads=12 n_kv_heads=2 head_dim=128 kv_head=1 worker=1 block_r=0 block_c=3840 t0_us=261265251093 t1_us=261265251093 dur_us=0
FIG8_ATTENTION_EVENT mode=scna-fp16 layout=serial phase=measure iteration=0 component=core_acc component_id=6 lut_exp=0 scna_layout=0 scna_width=8 qo_len=4 kv_len=4096 n_heads=12 n_kv_heads=2 head_dim=128 kv_head=1 worker=1 block_r=0 block_c=3840 t0_us=261265251093 t1_us=261265251094 dur_us=0
FIG8_ATTENTION_EVENT mode=scna-fp16 layout=serial phase=measure iteration=0 component=o_scale component_id=7 lut_exp=0 scna_layout=0 scna_width=8 qo_len=4 kv_len=4096 n_heads=12 n_kv_heads=2 head_dim=128 kv_head=1 worker=1 block_r=0 block_c=-1 t0_us=261265251094 t1_us=261265251095 dur_us=1
FIG8_ATTENTION_EVENT mode=scna-fp16 layout=serial phase=measure iteration=0 component=o_store component_id=8 lut_exp=0 scna_layout=0 scna_width=8 qo_len=4 kv_len=4096 n_heads=12 n_kv_heads=2 head_dim=128 kv_head=1 worker=1 block_r=0 block_c=-1 t0_us=261265251096 t1_us=261265251097 dur_us=1
FIG8_ATTENTION_EVENT mode=scna-fp16 layout=serial phase=measure iteration=0 component=q_load component_id=1 lut_exp=0 scna_layout=0 scna_width=8 qo_len=4 kv_len=4096 n_heads=12 n_kv_heads=2 head_dim=128 kv_head=0 worker=1 block_r=0 block_c=-1 t0_us=261265251135 t1_us=261265251137 dur_us=1
FIG8_ATTENTION_EVENT mode=scna-fp16 layout=serial phase=measure iteration=0 component=k_load component_id=2 lut_exp=0 scna_layout=0 scna_width=8 qo_len=4 kv_len=4096 n_heads=12 n_kv_heads=2 head_dim=128 kv_head=0 worker=1 block_r=0 block_c=0 t0_us=261265251138 t1_us=261265251159 dur_us=21
FIG8_ATTENTION_EVENT mode=scna-fp16 layout=serial phase=measure iteration=0 component=qk_dot component_id=4 lut_exp=0 scna_layout=0 scna_width=8 qo_len=4 kv_len=4096 n_heads=12 n_kv_heads=2 head_dim=128 kv_head=0 worker=1 block_r=0 block_c=0 t0_us=261265251160 t1_us=261265251161 dur_us=0
FIG8_ATTENTION_EVENT mode=scna-fp16 layout=serial phase=measure iteration=0 component=scna_exp component_id=9 lut_exp=0 scna_layout=0 scna_width=8 qo_len=4 kv_len=4096 n_heads=12 n_kv_heads=2 head_dim=128 kv_head=0 worker=1 block_r=0 block_c=0 t0_us=261265251163 t1_us=261265251166 dur_us=2
FIG8_ATTENTION_EVENT mode=scna-fp16 layout=serial phase=measure iteration=0 component=scna_exp component_id=9 lut_exp=0 scna_layout=0 scna_width=8 qo_len=4 kv_len=4096 n_heads=12 n_kv_heads=2 head_dim=128 kv_head=0 worker=1 block_r=2 block_c=0 t0_us=261265251167 t1_us=261265251169 dur_us=1
FIG8_ATTENTION_EVENT mode=scna-fp16 layout=serial phase=measure iteration=0 component=scna_exp component_id=9 lut_exp=0 scna_layout=0 scna_width=8 qo_len=4 kv_len=4096 n_heads=12 n_kv_heads=2 head_dim=128 kv_head=0 worker=1 block_r=4 block_c=0 t0_us=261265251169 t1_us=261265251171 dur_us=1
FIG8_ATTENTION_EVENT mode=scna-fp16 layout=serial phase=measure iteration=0 component=scna_exp component_id=9 lut_exp=0 scna_layout=0 scna_width=8 qo_len=4 kv_len=4096 n_heads=12 n_kv_heads=2 head_dim=128 kv_head=0 worker=1 block_r=6 block_c=0 t0_us=261265251172 t1_us=261265251173 dur_us=1
FIG8_ATTENTION_EVENT mode=scna-fp16 layout=serial phase=measure iteration=0 component=scna_exp component_id=9 lut_exp=0 scna_layout=0 scna_width=8 qo_len=4 kv_len=4096 n_heads=12 n_kv_heads=2 head_dim=128 kv_head=0 worker=1 block_r=8 block_c=0 t0_us=261265251174 t1_us=261265251175 dur_us=1
FIG8_ATTENTION_EVENT mode=scna-fp16 layout=serial phase=measure iteration=0 component=scna_exp component_id=9 lut_exp=0 scna_layout=0 scna_width=8 qo_len=4 kv_len=4096 n_heads=12 n_kv_heads=2 head_dim=128 kv_head=0 worker=1 block_r=10 block_c=0 t0_us=261265251176 t1_us=261265251177 dur_us=1
FIG8_ATTENTION_EVENT mode=scna-fp16 layout=serial phase=measure iteration=0 component=scna_exp component_id=9 lut_exp=0 scna_layout=0 scna_width=8 qo_len=4 kv_len=4096 n_heads=12 n_kv_heads=2 head_dim=128 kv_head=0 worker=1 block_r=12 block_c=0 t0_us=261265251178 t1_us=261265251180 dur_us=1
FIG8_ATTENTION_EVENT mode=scna-fp16 layout=serial phase=measure iteration=0 component=scna_exp component_id=9 lut_exp=0 scna_layout=0 scna_width=8 qo_len=4 kv_len=4096 n_heads=12 n_kv_heads=2 head_dim=128 kv_head=0 worker=1 block_r=14 block_c=0 t0_us=261265251180 t1_us=261265251182 dur_us=1
FIG8_ATTENTION_EVENT mode=scna-fp16 layout=serial phase=measure iteration=0 component=scna_exp component_id=9 lut_exp=0 scna_layout=0 scna_width=8 qo_len=4 kv_len=4096 n_heads=12 n_kv_heads=2 head_dim=128 kv_head=0 worker=1 block_r=16 block_c=0 t0_us=261265251182 t1_us=261265251184 dur_us=1
FIG8_ATTENTION_EVENT mode=scna-fp16 layout=serial phase=measure iteration=0 component=scna_exp component_id=9 lut_exp=0 scna_layout=0 scna_width=8 qo_len=4 kv_len=4096 n_heads=12 n_kv_heads=2 head_dim=128 kv_head=0 worker=1 block_r=18 block_c=0 t0_us=261265251185 t1_us=261265251187 dur_us=1
FIG8_ATTENTION_EVENT mode=scna-fp16 layout=serial phase=measure iteration=0 component=scna_exp component_id=9 lut_exp=0 scna_layout=0 scna_width=8 qo_len=4 kv_len=4096 n_heads=12 n_kv_heads=2 head_dim=128 kv_head=0 worker=1 block_r=20 block_c=0 t0_us=261265251187 t1_us=261265251189 dur_us=1
FIG8_ATTENTION_EVENT mode=scna-fp16 layout=serial phase=measure iteration=0 component=scna_exp component_id=9 lut_exp=0 scna_layout=0 scna_width=8 qo_len=4 kv_len=4096 n_heads=12 n_kv_heads=2 head_dim=128 kv_head=0 worker=1 block_r=22 block_c=0 t0_us=261265251189 t1_us=261265251191 dur_us=1
FIG8_ATTENTION_EVENT mode=scna-fp16 layout=serial phase=measure iteration=0 component=safe_sm component_id=5 lut_exp=0 scna_layout=0 scna_width=8 qo_len=4 kv_len=4096 n_heads=12 n_kv_heads=2 head_dim=128 kv_head=0 worker=1 block_r=0 block_c=0 t0_us=261265251161 t1_us=261265251191 dur_us=29
FIG8_ATTENTION_EVENT mode=scna-fp16 layout=serial phase=measure iteration=0 component=v_load component_id=3 lut_exp=0 scna_layout=0 scna_width=8 qo_len=4 kv_len=4096 n_heads=12 n_kv_heads=2 head_dim=128 kv_head=0 worker=1 block_r=0 block_c=0 t0_us=261265251191 t1_us=261265251207 dur_us=15
FIG8_ATTENTION_EVENT mode=scna-fp16 layout=serial phase=measure iteration=0 component=scna_exp component_id=9 lut_exp=0 scna_layout=0 scna_width=8 qo_len=4 kv_len=4096 n_heads=12 n_kv_heads=2 head_dim=128 kv_head=0 worker=1 block_r=0 block_c=0 t0_us=261265251208 t1_us=261265251208 dur_us=0
FIG8_ATTENTION_EVENT mode=scna-fp16 layout=serial phase=measure iteration=0 component=core_acc component_id=6 lut_exp=0 scna_layout=0 scna_width=8 qo_len=4 kv_len=4096 n_heads=12 n_kv_heads=2 head_dim=128 kv_head=0 worker=1 block_r=0 block_c=0 t0_us=261265251207 t1_us=261265251210 dur_us=2
FIG8_ATTENTION_EVENT mode=scna-fp16 layout=serial phase=measure iteration=0 component=k_load component_id=2 lut_exp=0 scna_layout=0 scna_width=8 qo_len=4 kv_len=4096 n_heads=12 n_kv_heads=2 head_dim=128 kv_head=0 worker=1 block_r=0 block_c=1280 t0_us=261265251210 t1_us=261265251233 dur_us=22
FIG8_ATTENTION_EVENT mode=scna-fp16 layout=serial phase=measure iteration=0 component=qk_dot component_id=4 lut_exp=0 scna_layout=0 scna_width=8 qo_len=4 kv_len=4096 n_heads=12 n_kv_heads=2 head_dim=128 kv_head=0 worker=1 block_r=0 block_c=1280 t0_us=261265251233 t1_us=261265251234 dur_us=0
FIG8_ATTENTION_EVENT mode=scna-fp16 layout=serial phase=measure iteration=0 component=scna_exp component_id=9 lut_exp=0 scna_layout=0 scna_width=8 qo_len=4 kv_len=4096 n_heads=12 n_kv_heads=2 head_dim=128 kv_head=0 worker=1 block_r=0 block_c=1280 t0_us=261265251235 t1_us=261265251237 dur_us=1
FIG8_ATTENTION_EVENT mode=scna-fp16 layout=serial phase=measure iteration=0 component=scna_exp component_id=9 lut_exp=0 scna_layout=0 scna_width=8 qo_len=4 kv_len=4096 n_heads=12 n_kv_heads=2 head_dim=128 kv_head=0 worker=1 block_r=2 block_c=1280 t0_us=261265251237 t1_us=261265251239 dur_us=1
FIG8_ATTENTION_EVENT mode=scna-fp16 layout=serial phase=measure iteration=0 component=scna_exp component_id=9 lut_exp=0 scna_layout=0 scna_width=8 qo_len=4 kv_len=4096 n_heads=12 n_kv_heads=2 head_dim=128 kv_head=0 worker=1 block_r=4 block_c=1280 t0_us=261265251239 t1_us=261265251241 dur_us=1
FIG8_ATTENTION_EVENT mode=scna-fp16 layout=serial phase=measure iteration=0 component=scna_exp component_id=9 lut_exp=0 scna_layout=0 scna_width=8 qo_len=4 kv_len=4096 n_heads=12 n_kv_heads=2 head_dim=128 kv_head=0 worker=1 block_r=6 block_c=1280 t0_us=261265251242 t1_us=261265251244 dur_us=1
FIG8_ATTENTION_EVENT mode=scna-fp16 layout=serial phase=measure iteration=0 component=scna_exp component_id=9 lut_exp=0 scna_layout=0 scna_width=8 qo_len=4 kv_len=4096 n_heads=12 n_kv_heads=2 head_dim=128 kv_head=0 worker=1 block_r=8 block_c=1280 t0_us=261265251244 t1_us=261265251246 dur_us=1
FIG8_ATTENTION_EVENT mode=scna-fp16 layout=serial phase=measure iteration=0 component=scna_exp component_id=9 lut_exp=0 scna_layout=0 scna_width=8 qo_len=4 kv_len=4096 n_heads=12 n_kv_heads=2 head_dim=128 kv_head=0 worker=1 block_r=10 block_c=1280 t0_us=261265251246 t1_us=261265251248 dur_us=1
FIG8_ATTENTION_EVENT mode=scna-fp16 layout=serial phase=measure iteration=0 component=scna_exp component_id=9 lut_exp=0 scna_layout=0 scna_width=8 qo_len=4 kv_len=4096 n_heads=12 n_kv_heads=2 head_dim=128 kv_head=0 worker=1 block_r=12 block_c=1280 t0_us=261265251249 t1_us=261265251251 dur_us=1
FIG8_ATTENTION_EVENT mode=scna-fp16 layout=serial phase=measure iteration=0 component=scna_exp component_id=9 lut_exp=0 scna_layout=0 scna_width=8 qo_len=4 kv_len=4096 n_heads=12 n_kv_heads=2 head_dim=128 kv_head=0 worker=1 block_r=14 block_c=1280 t0_us=261265251251 t1_us=261265251253 dur_us=1
FIG8_ATTENTION_EVENT mode=scna-fp16 layout=serial phase=measure iteration=0 component=scna_exp component_id=9 lut_exp=0 scna_layout=0 scna_width=8 qo_len=4 kv_len=4096 n_heads=12 n_kv_heads=2 head_dim=128 kv_head=0 worker=1 block_r=16 block_c=1280 t0_us=261265251253 t1_us=261265251255 dur_us=1
FIG8_ATTENTION_EVENT mode=scna-fp16 layout=serial phase=measure iteration=0 component=scna_exp component_id=9 lut_exp=0 scna_layout=0 scna_width=8 qo_len=4 kv_len=4096 n_heads=12 n_kv_heads=2 head_dim=128 kv_head=0 worker=1 block_r=18 block_c=1280 t0_us=261265251256 t1_us=261265251257 dur_us=1
FIG8_ATTENTION_EVENT mode=scna-fp16 layout=serial phase=measure iteration=0 component=scna_exp component_id=9 lut_exp=0 scna_layout=0 scna_width=8 qo_len=4 kv_len=4096 n_heads=12 n_kv_heads=2 head_dim=128 kv_head=0 worker=1 block_r=20 block_c=1280 t0_us=261265251258 t1_us=261265251259 dur_us=1
FIG8_ATTENTION_EVENT mode=scna-fp16 layout=serial phase=measure iteration=0 component=scna_exp component_id=9 lut_exp=0 scna_layout=0 scna_width=8 qo_len=4 kv_len=4096 n_heads=12 n_kv_heads=2 head_dim=128 kv_head=0 worker=1 block_r=22 block_c=1280 t0_us=261265251260 t1_us=261265251261 dur_us=1
FIG8_ATTENTION_EVENT mode=scna-fp16 layout=serial phase=measure iteration=0 component=safe_sm component_id=5 lut_exp=0 scna_layout=0 scna_width=8 qo_len=4 kv_len=4096 n_heads=12 n_kv_heads=2 head_dim=128 kv_head=0 worker=1 block_r=0 block_c=1280 t0_us=261265251234 t1_us=261265251261 dur_us=27
FIG8_ATTENTION_EVENT mode=scna-fp16 layout=serial phase=measure iteration=0 component=v_load component_id=3 lut_exp=0 scna_layout=0 scna_width=8 qo_len=4 kv_len=4096 n_heads=12 n_kv_heads=2 head_dim=128 kv_head=0 worker=1 block_r=0 block_c=1280 t0_us=261265251262 t1_us=261265251284 dur_us=22
FIG8_ATTENTION_EVENT mode=scna-fp16 layout=serial phase=measure iteration=0 component=scna_exp component_id=9 lut_exp=0 scna_layout=0 scna_width=8 qo_len=4 kv_len=4096 n_heads=12 n_kv_heads=2 head_dim=128 kv_head=0 worker=1 block_r=0 block_c=1280 t0_us=261265251284 t1_us=261265251284 dur_us=0
FIG8_ATTENTION_EVENT mode=scna-fp16 layout=serial phase=measure iteration=0 component=core_acc component_id=6 lut_exp=0 scna_layout=0 scna_width=8 qo_len=4 kv_len=4096 n_heads=12 n_kv_heads=2 head_dim=128 kv_head=0 worker=1 block_r=0 block_c=1280 t0_us=261265251284 t1_us=261265251284 dur_us=0
FIG8_ATTENTION_EVENT mode=scna-fp16 layout=serial phase=measure iteration=0 component=k_load component_id=2 lut_exp=0 scna_layout=0 scna_width=8 qo_len=4 kv_len=4096 n_heads=12 n_kv_heads=2 head_dim=128 kv_head=0 worker=1 block_r=0 block_c=2560 t0_us=261265251284 t1_us=261265251305 dur_us=20
FIG8_ATTENTION_EVENT mode=scna-fp16 layout=serial phase=measure iteration=0 component=qk_dot component_id=4 lut_exp=0 scna_layout=0 scna_width=8 qo_len=4 kv_len=4096 n_heads=12 n_kv_heads=2 head_dim=128 kv_head=0 worker=1 block_r=0 block_c=2560 t0_us=261265251305 t1_us=261265251305 dur_us=0
FIG8_ATTENTION_EVENT mode=scna-fp16 layout=serial phase=measure iteration=0 component=scna_exp component_id=9 lut_exp=0 scna_layout=0 scna_width=8 qo_len=4 kv_len=4096 n_heads=12 n_kv_heads=2 head_dim=128 kv_head=0 worker=1 block_r=0 block_c=2560 t0_us=261265251307 t1_us=261265251309 dur_us=1
FIG8_ATTENTION_EVENT mode=scna-fp16 layout=serial phase=measure iteration=0 component=scna_exp component_id=9 lut_exp=0 scna_layout=0 scna_width=8 qo_len=4 kv_len=4096 n_heads=12 n_kv_heads=2 head_dim=128 kv_head=0 worker=1 block_r=2 block_c=2560 t0_us=261265251309 t1_us=261265251311 dur_us=1
FIG8_ATTENTION_EVENT mode=scna-fp16 layout=serial phase=measure iteration=0 component=scna_exp component_id=9 lut_exp=0 scna_layout=0 scna_width=8 qo_len=4 kv_len=4096 n_heads=12 n_kv_heads=2 head_dim=128 kv_head=0 worker=1 block_r=4 block_c=2560 t0_us=261265251311 t1_us=261265251313 dur_us=1
FIG8_ATTENTION_EVENT mode=scna-fp16 layout=serial phase=measure iteration=0 component=scna_exp component_id=9 lut_exp=0 scna_layout=0 scna_width=8 qo_len=4 kv_len=4096 n_heads=12 n_kv_heads=2 head_dim=128 kv_head=0 worker=1 block_r=6 block_c=2560 t0_us=261265251315 t1_us=261265251316 dur_us=1
FIG8_ATTENTION_EVENT mode=scna-fp16 layout=serial phase=measure iteration=0 component=scna_exp component_id=9 lut_exp=0 scna_layout=0 scna_width=8 qo_len=4 kv_len=4096 n_heads=12 n_kv_heads=2 head_dim=128 kv_head=0 worker=1 block_r=8 block_c=2560 t0_us=261265251317 t1_us=261265251318 dur_us=1
FIG8_ATTENTION_EVENT mode=scna-fp16 layout=serial phase=measure iteration=0 component=scna_exp component_id=9 lut_exp=0 scna_layout=0 scna_width=8 qo_len=4 kv_len=4096 n_heads=12 n_kv_heads=2 head_dim=128 kv_head=0 worker=1 block_r=10 block_c=2560 t0_us=261265251319 t1_us=261265251320 dur_us=1
FIG8_ATTENTION_EVENT mode=scna-fp16 layout=serial phase=measure iteration=0 component=scna_exp component_id=9 lut_exp=0 scna_layout=0 scna_width=8 qo_len=4 kv_len=4096 n_heads=12 n_kv_heads=2 head_dim=128 kv_head=0 worker=1 block_r=12 block_c=2560 t0_us=261265251321 t1_us=261265251323 dur_us=1
FIG8_ATTENTION_EVENT mode=scna-fp16 layout=serial phase=measure iteration=0 component=scna_exp component_id=9 lut_exp=0 scna_layout=0 scna_width=8 qo_len=4 kv_len=4096 n_heads=12 n_kv_heads=2 head_dim=128 kv_head=0 worker=1 block_r=14 block_c=2560 t0_us=261265251323 t1_us=261265251325 dur_us=1
FIG8_ATTENTION_EVENT mode=scna-fp16 layout=serial phase=measure iteration=0 component=scna_exp component_id=9 lut_exp=0 scna_layout=0 scna_width=8 qo_len=4 kv_len=4096 n_heads=12 n_kv_heads=2 head_dim=128 kv_head=0 worker=1 block_r=16 block_c=2560 t0_us=261265251325 t1_us=261265251327 dur_us=1
FIG8_ATTENTION_EVENT mode=scna-fp16 layout=serial phase=measure iteration=0 component=scna_exp component_id=9 lut_exp=0 scna_layout=0 scna_width=8 qo_len=4 kv_len=4096 n_heads=12 n_kv_heads=2 head_dim=128 kv_head=0 worker=1 block_r=18 block_c=2560 t0_us=261265251328 t1_us=261265251330 dur_us=1
FIG8_ATTENTION_EVENT mode=scna-fp16 layout=serial phase=measure iteration=0 component=scna_exp component_id=9 lut_exp=0 scna_layout=0 scna_width=8 qo_len=4 kv_len=4096 n_heads=12 n_kv_heads=2 head_dim=128 kv_head=0 worker=1 block_r=20 block_c=2560 t0_us=261265251330 t1_us=261265251332 dur_us=1
FIG8_ATTENTION_EVENT mode=scna-fp16 layout=serial phase=measure iteration=0 component=scna_exp component_id=9 lut_exp=0 scna_layout=0 scna_width=8 qo_len=4 kv_len=4096 n_heads=12 n_kv_heads=2 head_dim=128 kv_head=0 worker=1 block_r=22 block_c=2560 t0_us=261265251332 t1_us=261265251334 dur_us=1
FIG8_ATTENTION_EVENT mode=scna-fp16 layout=serial phase=measure iteration=0 component=safe_sm component_id=5 lut_exp=0 scna_layout=0 scna_width=8 qo_len=4 kv_len=4096 n_heads=12 n_kv_heads=2 head_dim=128 kv_head=0 worker=1 block_r=0 block_c=2560 t0_us=261265251305 t1_us=261265251334 dur_us=28
FIG8_ATTENTION_EVENT mode=scna-fp16 layout=serial phase=measure iteration=0 component=v_load component_id=3 lut_exp=0 scna_layout=0 scna_width=8 qo_len=4 kv_len=4096 n_heads=12 n_kv_heads=2 head_dim=128 kv_head=0 worker=1 block_r=0 block_c=2560 t0_us=261265251334 t1_us=261265251357 dur_us=23
FIG8_ATTENTION_EVENT mode=scna-fp16 layout=serial phase=measure iteration=0 component=scna_exp component_id=9 lut_exp=0 scna_layout=0 scna_width=8 qo_len=4 kv_len=4096 n_heads=12 n_kv_heads=2 head_dim=128 kv_head=0 worker=1 block_r=0 block_c=2560 t0_us=261265251357 t1_us=261265251357 dur_us=0
FIG8_ATTENTION_EVENT mode=scna-fp16 layout=serial phase=measure iteration=0 component=core_acc component_id=6 lut_exp=0 scna_layout=0 scna_width=8 qo_len=4 kv_len=4096 n_heads=12 n_kv_heads=2 head_dim=128 kv_head=0 worker=1 block_r=0 block_c=2560 t0_us=261265251357 t1_us=261265251358 dur_us=0
FIG8_ATTENTION_EVENT mode=scna-fp16 layout=serial phase=measure iteration=0 component=k_load component_id=2 lut_exp=0 scna_layout=0 scna_width=8 qo_len=4 kv_len=4096 n_heads=12 n_kv_heads=2 head_dim=128 kv_head=0 worker=1 block_r=0 block_c=3840 t0_us=261265251358 t1_us=261265251362 dur_us=4
FIG8_ATTENTION_EVENT mode=scna-fp16 layout=serial phase=measure iteration=0 component=qk_dot component_id=4 lut_exp=0 scna_layout=0 scna_width=8 qo_len=4 kv_len=4096 n_heads=12 n_kv_heads=2 head_dim=128 kv_head=0 worker=1 block_r=0 block_c=3840 t0_us=261265251362 t1_us=261265251362 dur_us=0
FIG8_ATTENTION_EVENT mode=scna-fp16 layout=serial phase=measure iteration=0 component=scna_exp component_id=9 lut_exp=0 scna_layout=0 scna_width=8 qo_len=4 kv_len=4096 n_heads=12 n_kv_heads=2 head_dim=128 kv_head=0 worker=1 block_r=0 block_c=3840 t0_us=261265251363 t1_us=261265251363 dur_us=0
FIG8_ATTENTION_EVENT mode=scna-fp16 layout=serial phase=measure iteration=0 component=scna_exp component_id=9 lut_exp=0 scna_layout=0 scna_width=8 qo_len=4 kv_len=4096 n_heads=12 n_kv_heads=2 head_dim=128 kv_head=0 worker=1 block_r=2 block_c=3840 t0_us=261265251363 t1_us=261265251364 dur_us=0
FIG8_ATTENTION_EVENT mode=scna-fp16 layout=serial phase=measure iteration=0 component=scna_exp component_id=9 lut_exp=0 scna_layout=0 scna_width=8 qo_len=4 kv_len=4096 n_heads=12 n_kv_heads=2 head_dim=128 kv_head=0 worker=1 block_r=4 block_c=3840 t0_us=261265251364 t1_us=261265251364 dur_us=0
FIG8_ATTENTION_EVENT mode=scna-fp16 layout=serial phase=measure iteration=0 component=scna_exp component_id=9 lut_exp=0 scna_layout=0 scna_width=8 qo_len=4 kv_len=4096 n_heads=12 n_kv_heads=2 head_dim=128 kv_head=0 worker=1 block_r=6 block_c=3840 t0_us=261265251365 t1_us=261265251365 dur_us=0
FIG8_ATTENTION_EVENT mode=scna-fp16 layout=serial phase=measure iteration=0 component=scna_exp component_id=9 lut_exp=0 scna_layout=0 scna_width=8 qo_len=4 kv_len=4096 n_heads=12 n_kv_heads=2 head_dim=128 kv_head=0 worker=1 block_r=8 block_c=3840 t0_us=261265251365 t1_us=261265251365 dur_us=0
FIG8_ATTENTION_EVENT mode=scna-fp16 layout=serial phase=measure iteration=0 component=scna_exp component_id=9 lut_exp=0 scna_layout=0 scna_width=8 qo_len=4 kv_len=4096 n_heads=12 n_kv_heads=2 head_dim=128 kv_head=0 worker=1 block_r=10 block_c=3840 t0_us=261265251366 t1_us=261265251366 dur_us=0
FIG8_ATTENTION_EVENT mode=scna-fp16 layout=serial phase=measure iteration=0 component=scna_exp component_id=9 lut_exp=0 scna_layout=0 scna_width=8 qo_len=4 kv_len=4096 n_heads=12 n_kv_heads=2 head_dim=128 kv_head=0 worker=1 block_r=12 block_c=3840 t0_us=261265251367 t1_us=261265251367 dur_us=0
FIG8_ATTENTION_EVENT mode=scna-fp16 layout=serial phase=measure iteration=0 component=scna_exp component_id=9 lut_exp=0 scna_layout=0 scna_width=8 qo_len=4 kv_len=4096 n_heads=12 n_kv_heads=2 head_dim=128 kv_head=0 worker=1 block_r=14 block_c=3840 t0_us=261265251367 t1_us=261265251367 dur_us=0
FIG8_ATTENTION_EVENT mode=scna-fp16 layout=serial phase=measure iteration=0 component=scna_exp component_id=9 lut_exp=0 scna_layout=0 scna_width=8 qo_len=4 kv_len=4096 n_heads=12 n_kv_heads=2 head_dim=128 kv_head=0 worker=1 block_r=16 block_c=3840 t0_us=261265251368 t1_us=261265251368 dur_us=0
FIG8_ATTENTION_EVENT mode=scna-fp16 layout=serial phase=measure iteration=0 component=scna_exp component_id=9 lut_exp=0 scna_layout=0 scna_width=8 qo_len=4 kv_len=4096 n_heads=12 n_kv_heads=2 head_dim=128 kv_head=0 worker=1 block_r=18 block_c=3840 t0_us=261265251368 t1_us=261265251369 dur_us=0
FIG8_ATTENTION_EVENT mode=scna-fp16 layout=serial phase=measure iteration=0 component=scna_exp component_id=9 lut_exp=0 scna_layout=0 scna_width=8 qo_len=4 kv_len=4096 n_heads=12 n_kv_heads=2 head_dim=128 kv_head=0 worker=1 block_r=20 block_c=3840 t0_us=261265251369 t1_us=261265251369 dur_us=0
FIG8_ATTENTION_EVENT mode=scna-fp16 layout=serial phase=measure iteration=0 component=scna_exp component_id=9 lut_exp=0 scna_layout=0 scna_width=8 qo_len=4 kv_len=4096 n_heads=12 n_kv_heads=2 head_dim=128 kv_head=0 worker=1 block_r=22 block_c=3840 t0_us=261265251370 t1_us=261265251370 dur_us=0
FIG8_ATTENTION_EVENT mode=scna-fp16 layout=serial phase=measure iteration=0 component=safe_sm component_id=5 lut_exp=0 scna_layout=0 scna_width=8 qo_len=4 kv_len=4096 n_heads=12 n_kv_heads=2 head_dim=128 kv_head=0 worker=1 block_r=0 block_c=3840 t0_us=261265251362 t1_us=261265251370 dur_us=8
FIG8_ATTENTION_EVENT mode=scna-fp16 layout=serial phase=measure iteration=0 component=v_load component_id=3 lut_exp=0 scna_layout=0 scna_width=8 qo_len=4 kv_len=4096 n_heads=12 n_kv_heads=2 head_dim=128 kv_head=0 worker=1 block_r=0 block_c=3840 t0_us=261265251370 t1_us=261265251372 dur_us=2
FIG8_ATTENTION_EVENT mode=scna-fp16 layout=serial phase=measure iteration=0 component=scna_exp component_id=9 lut_exp=0 scna_layout=0 scna_width=8 qo_len=4 kv_len=4096 n_heads=12 n_kv_heads=2 head_dim=128 kv_head=0 worker=1 block_r=0 block_c=3840 t0_us=261265251372 t1_us=261265251372 dur_us=0
FIG8_ATTENTION_EVENT mode=scna-fp16 layout=serial phase=measure iteration=0 component=core_acc component_id=6 lut_exp=0 scna_layout=0 scna_width=8 qo_len=4 kv_len=4096 n_heads=12 n_kv_heads=2 head_dim=128 kv_head=0 worker=1 block_r=0 block_c=3840 t0_us=261265251372 t1_us=261265251373 dur_us=0
FIG8_ATTENTION_EVENT mode=scna-fp16 layout=serial phase=measure iteration=0 component=o_scale component_id=7 lut_exp=0 scna_layout=0 scna_width=8 qo_len=4 kv_len=4096 n_heads=12 n_kv_heads=2 head_dim=128 kv_head=0 worker=1 block_r=0 block_c=-1 t0_us=261265251373 t1_us=261265251374 dur_us=1
FIG8_ATTENTION_EVENT mode=scna-fp16 layout=serial phase=measure iteration=0 component=o_store component_id=8 lut_exp=0 scna_layout=0 scna_width=8 qo_len=4 kv_len=4096 n_heads=12 n_kv_heads=2 head_dim=128 kv_head=0 worker=1 block_r=0 block_c=-1 t0_us=261265251375 t1_us=261265251377 dur_us=2
FIG8_ATTENTION_EVENT mode=scna-fp16 layout=serial phase=measure iteration=0 component=q_load component_id=1 lut_exp=0 scna_layout=0 scna_width=8 qo_len=4 kv_len=4096 n_heads=12 n_kv_heads=2 head_dim=128 kv_head=1 worker=1 block_r=0 block_c=-1 t0_us=261265251416 t1_us=261265251418 dur_us=1
FIG8_ATTENTION_EVENT mode=scna-fp16 layout=serial phase=measure iteration=0 component=k_load component_id=2 lut_exp=0 scna_layout=0 scna_width=8 qo_len=4 kv_len=4096 n_heads=12 n_kv_heads=2 head_dim=128 kv_head=1 worker=1 block_r=0 block_c=0 t0_us=261265251419 t1_us=261265251440 dur_us=20
FIG8_ATTENTION_EVENT mode=scna-fp16 layout=serial phase=measure iteration=0 component=qk_dot component_id=4 lut_exp=0 scna_layout=0 scna_width=8 qo_len=4 kv_len=4096 n_heads=12 n_kv_heads=2 head_dim=128 kv_head=1 worker=1 block_r=0 block_c=0 t0_us=261265251440 t1_us=261265251442 dur_us=1
FIG8_ATTENTION_EVENT mode=scna-fp16 layout=serial phase=measure iteration=0 component=scna_exp component_id=9 lut_exp=0 scna_layout=0 scna_width=8 qo_len=4 kv_len=4096 n_heads=12 n_kv_heads=2 head_dim=128 kv_head=1 worker=1 block_r=0 block_c=0 t0_us=261265251444 t1_us=261265251447 dur_us=2
FIG8_ATTENTION_EVENT mode=scna-fp16 layout=serial phase=measure iteration=0 component=scna_exp component_id=9 lut_exp=0 scna_layout=0 scna_width=8 qo_len=4 kv_len=4096 n_heads=12 n_kv_heads=2 head_dim=128 kv_head=1 worker=1 block_r=2 block_c=0 t0_us=261265251448 t1_us=261265251449 dur_us=1
FIG8_ATTENTION_EVENT mode=scna-fp16 layout=serial phase=measure iteration=0 component=scna_exp component_id=9 lut_exp=0 scna_layout=0 scna_width=8 qo_len=4 kv_len=4096 n_heads=12 n_kv_heads=2 head_dim=128 kv_head=1 worker=1 block_r=4 block_c=0 t0_us=261265251450 t1_us=261265251451 dur_us=1
FIG8_ATTENTION_EVENT mode=scna-fp16 layout=serial phase=measure iteration=0 component=scna_exp component_id=9 lut_exp=0 scna_layout=0 scna_width=8 qo_len=4 kv_len=4096 n_heads=12 n_kv_heads=2 head_dim=128 kv_head=1 worker=1 block_r=6 block_c=0 t0_us=261265251452 t1_us=261265251454 dur_us=1
FIG8_ATTENTION_EVENT mode=scna-fp16 layout=serial phase=measure iteration=0 component=scna_exp component_id=9 lut_exp=0 scna_layout=0 scna_width=8 qo_len=4 kv_len=4096 n_heads=12 n_kv_heads=2 head_dim=128 kv_head=1 worker=1 block_r=8 block_c=0 t0_us=261265251454 t1_us=261265251456 dur_us=1
FIG8_ATTENTION_EVENT mode=scna-fp16 layout=serial phase=measure iteration=0 component=scna_exp component_id=9 lut_exp=0 scna_layout=0 scna_width=8 qo_len=4 kv_len=4096 n_heads=12 n_kv_heads=2 head_dim=128 kv_head=1 worker=1 block_r=10 block_c=0 t0_us=261265251456 t1_us=261265251458 dur_us=1
FIG8_ATTENTION_EVENT mode=scna-fp16 layout=serial phase=measure iteration=0 component=scna_exp component_id=9 lut_exp=0 scna_layout=0 scna_width=8 qo_len=4 kv_len=4096 n_heads=12 n_kv_heads=2 head_dim=128 kv_head=1 worker=1 block_r=12 block_c=0 t0_us=261265251459 t1_us=261265251460 dur_us=1
FIG8_ATTENTION_EVENT mode=scna-fp16 layout=serial phase=measure iteration=0 component=scna_exp component_id=9 lut_exp=0 scna_layout=0 scna_width=8 qo_len=4 kv_len=4096 n_heads=12 n_kv_heads=2 head_dim=128 kv_head=1 worker=1 block_r=14 block_c=0 t0_us=261265251461 t1_us=261265251462 dur_us=1
FIG8_ATTENTION_EVENT mode=scna-fp16 layout=serial phase=measure iteration=0 component=scna_exp component_id=9 lut_exp=0 scna_layout=0 scna_width=8 qo_len=4 kv_len=4096 n_heads=12 n_kv_heads=2 head_dim=128 kv_head=1 worker=1 block_r=16 block_c=0 t0_us=261265251463 t1_us=261265251464 dur_us=1
FIG8_ATTENTION_EVENT mode=scna-fp16 layout=serial phase=measure iteration=0 component=scna_exp component_id=9 lut_exp=0 scna_layout=0 scna_width=8 qo_len=4 kv_len=4096 n_heads=12 n_kv_heads=2 head_dim=128 kv_head=1 worker=1 block_r=18 block_c=0 t0_us=261265251466 t1_us=261265251467 dur_us=1
FIG8_ATTENTION_EVENT mode=scna-fp16 layout=serial phase=measure iteration=0 component=scna_exp component_id=9 lut_exp=0 scna_layout=0 scna_width=8 qo_len=4 kv_len=4096 n_heads=12 n_kv_heads=2 head_dim=128 kv_head=1 worker=1 block_r=20 block_c=0 t0_us=261265251468 t1_us=261265251469 dur_us=1
FIG8_ATTENTION_EVENT mode=scna-fp16 layout=serial phase=measure iteration=0 component=scna_exp component_id=9 lut_exp=0 scna_layout=0 scna_width=8 qo_len=4 kv_len=4096 n_heads=12 n_kv_heads=2 head_dim=128 kv_head=1 worker=1 block_r=22 block_c=0 t0_us=261265251470 t1_us=261265251471 dur_us=1
FIG8_ATTENTION_EVENT mode=scna-fp16 layout=serial phase=measure iteration=0 component=safe_sm component_id=5 lut_exp=0 scna_layout=0 scna_width=8 qo_len=4 kv_len=4096 n_heads=12 n_kv_heads=2 head_dim=128 kv_head=1 worker=1 block_r=0 block_c=0 t0_us=261265251442 t1_us=261265251471 dur_us=29
FIG8_ATTENTION_EVENT mode=scna-fp16 layout=serial phase=measure iteration=0 component=v_load component_id=3 lut_exp=0 scna_layout=0 scna_width=8 qo_len=4 kv_len=4096 n_heads=12 n_kv_heads=2 head_dim=128 kv_head=1 worker=1 block_r=0 block_c=0 t0_us=261265251472 t1_us=261265251488 dur_us=16
FIG8_ATTENTION_EVENT mode=scna-fp16 layout=serial phase=measure iteration=0 component=scna_exp component_id=9 lut_exp=0 scna_layout=0 scna_width=8 qo_len=4 kv_len=4096 n_heads=12 n_kv_heads=2 head_dim=128 kv_head=1 worker=1 block_r=0 block_c=0 t0_us=261265251489 t1_us=261265251489 dur_us=0
FIG8_ATTENTION_EVENT mode=scna-fp16 layout=serial phase=measure iteration=0 component=core_acc component_id=6 lut_exp=0 scna_layout=0 scna_width=8 qo_len=4 kv_len=4096 n_heads=12 n_kv_heads=2 head_dim=128 kv_head=1 worker=1 block_r=0 block_c=0 t0_us=261265251488 t1_us=261265251491 dur_us=2
FIG8_ATTENTION_EVENT mode=scna-fp16 layout=serial phase=measure iteration=0 component=k_load component_id=2 lut_exp=0 scna_layout=0 scna_width=8 qo_len=4 kv_len=4096 n_heads=12 n_kv_heads=2 head_dim=128 kv_head=1 worker=1 block_r=0 block_c=1280 t0_us=261265251491 t1_us=261265251514 dur_us=22
FIG8_ATTENTION_EVENT mode=scna-fp16 layout=serial phase=measure iteration=0 component=qk_dot component_id=4 lut_exp=0 scna_layout=0 scna_width=8 qo_len=4 kv_len=4096 n_heads=12 n_kv_heads=2 head_dim=128 kv_head=1 worker=1 block_r=0 block_c=1280 t0_us=261265251514 t1_us=261265251514 dur_us=0
FIG8_ATTENTION_EVENT mode=scna-fp16 layout=serial phase=measure iteration=0 component=scna_exp component_id=9 lut_exp=0 scna_layout=0 scna_width=8 qo_len=4 kv_len=4096 n_heads=12 n_kv_heads=2 head_dim=128 kv_head=1 worker=1 block_r=0 block_c=1280 t0_us=261265251516 t1_us=261265251517 dur_us=1
FIG8_ATTENTION_EVENT mode=scna-fp16 layout=serial phase=measure iteration=0 component=scna_exp component_id=9 lut_exp=0 scna_layout=0 scna_width=8 qo_len=4 kv_len=4096 n_heads=12 n_kv_heads=2 head_dim=128 kv_head=1 worker=1 block_r=2 block_c=1280 t0_us=261265251518 t1_us=261265251520 dur_us=1
FIG8_ATTENTION_EVENT mode=scna-fp16 layout=serial phase=measure iteration=0 component=scna_exp component_id=9 lut_exp=0 scna_layout=0 scna_width=8 qo_len=4 kv_len=4096 n_heads=12 n_kv_heads=2 head_dim=128 kv_head=1 worker=1 block_r=4 block_c=1280 t0_us=261265251520 t1_us=261265251522 dur_us=1
FIG8_ATTENTION_EVENT mode=scna-fp16 layout=serial phase=measure iteration=0 component=scna_exp component_id=9 lut_exp=0 scna_layout=0 scna_width=8 qo_len=4 kv_len=4096 n_heads=12 n_kv_heads=2 head_dim=128 kv_head=1 worker=1 block_r=6 block_c=1280 t0_us=261265251523 t1_us=261265251525 dur_us=1
FIG8_ATTENTION_EVENT mode=scna-fp16 layout=serial phase=measure iteration=0 component=scna_exp component_id=9 lut_exp=0 scna_layout=0 scna_width=8 qo_len=4 kv_len=4096 n_heads=12 n_kv_heads=2 head_dim=128 kv_head=1 worker=1 block_r=8 block_c=1280 t0_us=261265251525 t1_us=261265251527 dur_us=1
FIG8_ATTENTION_EVENT mode=scna-fp16 layout=serial phase=measure iteration=0 component=scna_exp component_id=9 lut_exp=0 scna_layout=0 scna_width=8 qo_len=4 kv_len=4096 n_heads=12 n_kv_heads=2 head_dim=128 kv_head=1 worker=1 block_r=10 block_c=1280 t0_us=261265251527 t1_us=261265251529 dur_us=1
FIG8_ATTENTION_EVENT mode=scna-fp16 layout=serial phase=measure iteration=0 component=scna_exp component_id=9 lut_exp=0 scna_layout=0 scna_width=8 qo_len=4 kv_len=4096 n_heads=12 n_kv_heads=2 head_dim=128 kv_head=1 worker=1 block_r=12 block_c=1280 t0_us=261265251530 t1_us=261265251531 dur_us=1
FIG8_ATTENTION_EVENT mode=scna-fp16 layout=serial phase=measure iteration=0 component=scna_exp component_id=9 lut_exp=0 scna_layout=0 scna_width=8 qo_len=4 kv_len=4096 n_heads=12 n_kv_heads=2 head_dim=128 kv_head=1 worker=1 block_r=14 block_c=1280 t0_us=261265251532 t1_us=261265251533 dur_us=1
FIG8_ATTENTION_EVENT mode=scna-fp16 layout=serial phase=measure iteration=0 component=scna_exp component_id=9 lut_exp=0 scna_layout=0 scna_width=8 qo_len=4 kv_len=4096 n_heads=12 n_kv_heads=2 head_dim=128 kv_head=1 worker=1 block_r=16 block_c=1280 t0_us=261265251534 t1_us=261265251535 dur_us=1
FIG8_ATTENTION_EVENT mode=scna-fp16 layout=serial phase=measure iteration=0 component=scna_exp component_id=9 lut_exp=0 scna_layout=0 scna_width=8 qo_len=4 kv_len=4096 n_heads=12 n_kv_heads=2 head_dim=128 kv_head=1 worker=1 block_r=18 block_c=1280 t0_us=261265251537 t1_us=261265251538 dur_us=1
FIG8_ATTENTION_EVENT mode=scna-fp16 layout=serial phase=measure iteration=0 component=scna_exp component_id=9 lut_exp=0 scna_layout=0 scna_width=8 qo_len=4 kv_len=4096 n_heads=12 n_kv_heads=2 head_dim=128 kv_head=1 worker=1 block_r=20 block_c=1280 t0_us=261265251539 t1_us=261265251540 dur_us=1
FIG8_ATTENTION_EVENT mode=scna-fp16 layout=serial phase=measure iteration=0 component=scna_exp component_id=9 lut_exp=0 scna_layout=0 scna_width=8 qo_len=4 kv_len=4096 n_heads=12 n_kv_heads=2 head_dim=128 kv_head=1 worker=1 block_r=22 block_c=1280 t0_us=261265251541 t1_us=261265251542 dur_us=1
FIG8_ATTENTION_EVENT mode=scna-fp16 layout=serial phase=measure iteration=0 component=safe_sm component_id=5 lut_exp=0 scna_layout=0 scna_width=8 qo_len=4 kv_len=4096 n_heads=12 n_kv_heads=2 head_dim=128 kv_head=1 worker=1 block_r=0 block_c=1280 t0_us=261265251515 t1_us=261265251542 dur_us=27
FIG8_ATTENTION_EVENT mode=scna-fp16 layout=serial phase=measure iteration=0 component=v_load component_id=3 lut_exp=0 scna_layout=0 scna_width=8 qo_len=4 kv_len=4096 n_heads=12 n_kv_heads=2 head_dim=128 kv_head=1 worker=1 block_r=0 block_c=1280 t0_us=261265251542 t1_us=261265251565 dur_us=22
FIG8_ATTENTION_EVENT mode=scna-fp16 layout=serial phase=measure iteration=0 component=scna_exp component_id=9 lut_exp=0 scna_layout=0 scna_width=8 qo_len=4 kv_len=4096 n_heads=12 n_kv_heads=2 head_dim=128 kv_head=1 worker=1 block_r=0 block_c=1280 t0_us=261265251565 t1_us=261265251565 dur_us=0
FIG8_ATTENTION_EVENT mode=scna-fp16 layout=serial phase=measure iteration=0 component=core_acc component_id=6 lut_exp=0 scna_layout=0 scna_width=8 qo_len=4 kv_len=4096 n_heads=12 n_kv_heads=2 head_dim=128 kv_head=1 worker=1 block_r=0 block_c=1280 t0_us=261265251565 t1_us=261265251565 dur_us=0
FIG8_ATTENTION_EVENT mode=scna-fp16 layout=serial phase=measure iteration=0 component=k_load component_id=2 lut_exp=0 scna_layout=0 scna_width=8 qo_len=4 kv_len=4096 n_heads=12 n_kv_heads=2 head_dim=128 kv_head=1 worker=1 block_r=0 block_c=2560 t0_us=261265251565 t1_us=261265251585 dur_us=19
FIG8_ATTENTION_EVENT mode=scna-fp16 layout=serial phase=measure iteration=0 component=qk_dot component_id=4 lut_exp=0 scna_layout=0 scna_width=8 qo_len=4 kv_len=4096 n_heads=12 n_kv_heads=2 head_dim=128 kv_head=1 worker=1 block_r=0 block_c=2560 t0_us=261265251585 t1_us=261265251585 dur_us=0
FIG8_ATTENTION_EVENT mode=scna-fp16 layout=serial phase=measure iteration=0 component=scna_exp component_id=9 lut_exp=0 scna_layout=0 scna_width=8 qo_len=4 kv_len=4096 n_heads=12 n_kv_heads=2 head_dim=128 kv_head=1 worker=1 block_r=0 block_c=2560 t0_us=261265251587 t1_us=261265251589 dur_us=1
FIG8_ATTENTION_EVENT mode=scna-fp16 layout=serial phase=measure iteration=0 component=scna_exp component_id=9 lut_exp=0 scna_layout=0 scna_width=8 qo_len=4 kv_len=4096 n_heads=12 n_kv_heads=2 head_dim=128 kv_head=1 worker=1 block_r=2 block_c=2560 t0_us=261265251589 t1_us=261265251591 dur_us=1
FIG8_ATTENTION_EVENT mode=scna-fp16 layout=serial phase=measure iteration=0 component=scna_exp component_id=9 lut_exp=0 scna_layout=0 scna_width=8 qo_len=4 kv_len=4096 n_heads=12 n_kv_heads=2 head_dim=128 kv_head=1 worker=1 block_r=4 block_c=2560 t0_us=261265251591 t1_us=261265251593 dur_us=1
FIG8_ATTENTION_EVENT mode=scna-fp16 layout=serial phase=measure iteration=0 component=scna_exp component_id=9 lut_exp=0 scna_layout=0 scna_width=8 qo_len=4 kv_len=4096 n_heads=12 n_kv_heads=2 head_dim=128 kv_head=1 worker=1 block_r=6 block_c=2560 t0_us=261265251594 t1_us=261265251596 dur_us=1
FIG8_ATTENTION_EVENT mode=scna-fp16 layout=serial phase=measure iteration=0 component=scna_exp component_id=9 lut_exp=0 scna_layout=0 scna_width=8 qo_len=4 kv_len=4096 n_heads=12 n_kv_heads=2 head_dim=128 kv_head=1 worker=1 block_r=8 block_c=2560 t0_us=261265251596 t1_us=261265251598 dur_us=1
FIG8_ATTENTION_EVENT mode=scna-fp16 layout=serial phase=measure iteration=0 component=scna_exp component_id=9 lut_exp=0 scna_layout=0 scna_width=8 qo_len=4 kv_len=4096 n_heads=12 n_kv_heads=2 head_dim=128 kv_head=1 worker=1 block_r=10 block_c=2560 t0_us=261265251598 t1_us=261265251600 dur_us=1
FIG8_ATTENTION_EVENT mode=scna-fp16 layout=serial phase=measure iteration=0 component=scna_exp component_id=9 lut_exp=0 scna_layout=0 scna_width=8 qo_len=4 kv_len=4096 n_heads=12 n_kv_heads=2 head_dim=128 kv_head=1 worker=1 block_r=12 block_c=2560 t0_us=261265251601 t1_us=261265251603 dur_us=1
FIG8_ATTENTION_EVENT mode=scna-fp16 layout=serial phase=measure iteration=0 component=scna_exp component_id=9 lut_exp=0 scna_layout=0 scna_width=8 qo_len=4 kv_len=4096 n_heads=12 n_kv_heads=2 head_dim=128 kv_head=1 worker=1 block_r=14 block_c=2560 t0_us=261265251603 t1_us=261265251605 dur_us=1
FIG8_ATTENTION_EVENT mode=scna-fp16 layout=serial phase=measure iteration=0 component=scna_exp component_id=9 lut_exp=0 scna_layout=0 scna_width=8 qo_len=4 kv_len=4096 n_heads=12 n_kv_heads=2 head_dim=128 kv_head=1 worker=1 block_r=16 block_c=2560 t0_us=261265251605 t1_us=261265251606 dur_us=1
FIG8_ATTENTION_EVENT mode=scna-fp16 layout=serial phase=measure iteration=0 component=scna_exp component_id=9 lut_exp=0 scna_layout=0 scna_width=8 qo_len=4 kv_len=4096 n_heads=12 n_kv_heads=2 head_dim=128 kv_head=1 worker=1 block_r=18 block_c=2560 t0_us=261265251608 t1_us=261265251609 dur_us=1
FIG8_ATTENTION_EVENT mode=scna-fp16 layout=serial phase=measure iteration=0 component=scna_exp component_id=9 lut_exp=0 scna_layout=0 scna_width=8 qo_len=4 kv_len=4096 n_heads=12 n_kv_heads=2 head_dim=128 kv_head=1 worker=1 block_r=20 block_c=2560 t0_us=261265251610 t1_us=261265251611 dur_us=1
FIG8_ATTENTION_EVENT mode=scna-fp16 layout=serial phase=measure iteration=0 component=scna_exp component_id=9 lut_exp=0 scna_layout=0 scna_width=8 qo_len=4 kv_len=4096 n_heads=12 n_kv_heads=2 head_dim=128 kv_head=1 worker=1 block_r=22 block_c=2560 t0_us=261265251612 t1_us=261265251613 dur_us=1
FIG8_ATTENTION_EVENT mode=scna-fp16 layout=serial phase=measure iteration=0 component=safe_sm component_id=5 lut_exp=0 scna_layout=0 scna_width=8 qo_len=4 kv_len=4096 n_heads=12 n_kv_heads=2 head_dim=128 kv_head=1 worker=1 block_r=0 block_c=2560 t0_us=261265251585 t1_us=261265251613 dur_us=27
FIG8_ATTENTION_EVENT mode=scna-fp16 layout=serial phase=measure iteration=0 component=v_load component_id=3 lut_exp=0 scna_layout=0 scna_width=8 qo_len=4 kv_len=4096 n_heads=12 n_kv_heads=2 head_dim=128 kv_head=1 worker=1 block_r=0 block_c=2560 t0_us=261265251614 t1_us=261265251636 dur_us=22
FIG8_ATTENTION_EVENT mode=scna-fp16 layout=serial phase=measure iteration=0 component=scna_exp component_id=9 lut_exp=0 scna_layout=0 scna_width=8 qo_len=4 kv_len=4096 n_heads=12 n_kv_heads=2 head_dim=128 kv_head=1 worker=1 block_r=0 block_c=2560 t0_us=261265251636 t1_us=261265251636 dur_us=0
FIG8_ATTENTION_EVENT mode=scna-fp16 layout=serial phase=measure iteration=0 component=core_acc component_id=6 lut_exp=0 scna_layout=0 scna_width=8 qo_len=4 kv_len=4096 n_heads=12 n_kv_heads=2 head_dim=128 kv_head=1 worker=1 block_r=0 block_c=2560 t0_us=261265251636 t1_us=261265251636 dur_us=0
FIG8_ATTENTION_EVENT mode=scna-fp16 layout=serial phase=measure iteration=0 component=k_load component_id=2 lut_exp=0 scna_layout=0 scna_width=8 qo_len=4 kv_len=4096 n_heads=12 n_kv_heads=2 head_dim=128 kv_head=1 worker=1 block_r=0 block_c=3840 t0_us=261265251637 t1_us=261265251641 dur_us=4
FIG8_ATTENTION_EVENT mode=scna-fp16 layout=serial phase=measure iteration=0 component=qk_dot component_id=4 lut_exp=0 scna_layout=0 scna_width=8 qo_len=4 kv_len=4096 n_heads=12 n_kv_heads=2 head_dim=128 kv_head=1 worker=1 block_r=0 block_c=3840 t0_us=261265251641 t1_us=261265251641 dur_us=0
FIG8_ATTENTION_EVENT mode=scna-fp16 layout=serial phase=measure iteration=0 component=scna_exp component_id=9 lut_exp=0 scna_layout=0 scna_width=8 qo_len=4 kv_len=4096 n_heads=12 n_kv_heads=2 head_dim=128 kv_head=1 worker=1 block_r=0 block_c=3840 t0_us=261265251641 t1_us=261265251642 dur_us=0
FIG8_ATTENTION_EVENT mode=scna-fp16 layout=serial phase=measure iteration=0 component=scna_exp component_id=9 lut_exp=0 scna_layout=0 scna_width=8 qo_len=4 kv_len=4096 n_heads=12 n_kv_heads=2 head_dim=128 kv_head=1 worker=1 block_r=2 block_c=3840 t0_us=261265251642 t1_us=261265251642 dur_us=0
FIG8_ATTENTION_EVENT mode=scna-fp16 layout=serial phase=measure iteration=0 component=scna_exp component_id=9 lut_exp=0 scna_layout=0 scna_width=8 qo_len=4 kv_len=4096 n_heads=12 n_kv_heads=2 head_dim=128 kv_head=1 worker=1 block_r=4 block_c=3840 t0_us=261265251643 t1_us=261265251643 dur_us=0
FIG8_ATTENTION_EVENT mode=scna-fp16 layout=serial phase=measure iteration=0 component=scna_exp component_id=9 lut_exp=0 scna_layout=0 scna_width=8 qo_len=4 kv_len=4096 n_heads=12 n_kv_heads=2 head_dim=128 kv_head=1 worker=1 block_r=6 block_c=3840 t0_us=261265251644 t1_us=261265251644 dur_us=0
FIG8_ATTENTION_EVENT mode=scna-fp16 layout=serial phase=measure iteration=0 component=scna_exp component_id=9 lut_exp=0 scna_layout=0 scna_width=8 qo_len=4 kv_len=4096 n_heads=12 n_kv_heads=2 head_dim=128 kv_head=1 worker=1 block_r=8 block_c=3840 t0_us=261265251644 t1_us=261265251644 dur_us=0
FIG8_ATTENTION_EVENT mode=scna-fp16 layout=serial phase=measure iteration=0 component=scna_exp component_id=9 lut_exp=0 scna_layout=0 scna_width=8 qo_len=4 kv_len=4096 n_heads=12 n_kv_heads=2 head_dim=128 kv_head=1 worker=1 block_r=10 block_c=3840 t0_us=261265251645 t1_us=261265251645 dur_us=0
FIG8_ATTENTION_EVENT mode=scna-fp16 layout=serial phase=measure iteration=0 component=scna_exp component_id=9 lut_exp=0 scna_layout=0 scna_width=8 qo_len=4 kv_len=4096 n_heads=12 n_kv_heads=2 head_dim=128 kv_head=1 worker=1 block_r=12 block_c=3840 t0_us=261265251645 t1_us=261265251646 dur_us=0
FIG8_ATTENTION_EVENT mode=scna-fp16 layout=serial phase=measure iteration=0 component=scna_exp component_id=9 lut_exp=0 scna_layout=0 scna_width=8 qo_len=4 kv_len=4096 n_heads=12 n_kv_heads=2 head_dim=128 kv_head=1 worker=1 block_r=14 block_c=3840 t0_us=261265251646 t1_us=261265251646 dur_us=0
FIG8_ATTENTION_EVENT mode=scna-fp16 layout=serial phase=measure iteration=0 component=scna_exp component_id=9 lut_exp=0 scna_layout=0 scna_width=8 qo_len=4 kv_len=4096 n_heads=12 n_kv_heads=2 head_dim=128 kv_head=1 worker=1 block_r=16 block_c=3840 t0_us=261265251647 t1_us=261265251647 dur_us=0
FIG8_ATTENTION_EVENT mode=scna-fp16 layout=serial phase=measure iteration=0 component=scna_exp component_id=9 lut_exp=0 scna_layout=0 scna_width=8 qo_len=4 kv_len=4096 n_heads=12 n_kv_heads=2 head_dim=128 kv_head=1 worker=1 block_r=18 block_c=3840 t0_us=261265251647 t1_us=261265251648 dur_us=0
FIG8_ATTENTION_EVENT mode=scna-fp16 layout=serial phase=measure iteration=0 component=scna_exp component_id=9 lut_exp=0 scna_layout=0 scna_width=8 qo_len=4 kv_len=4096 n_heads=12 n_kv_heads=2 head_dim=128 kv_head=1 worker=1 block_r=20 block_c=3840 t0_us=261265251648 t1_us=261265251648 dur_us=0
FIG8_ATTENTION_EVENT mode=scna-fp16 layout=serial phase=measure iteration=0 component=scna_exp component_id=9 lut_exp=0 scna_layout=0 scna_width=8 qo_len=4 kv_len=4096 n_heads=12 n_kv_heads=2 head_dim=128 kv_head=1 worker=1 block_r=22 block_c=3840 t0_us=261265251649 t1_us=261265251649 dur_us=0
FIG8_ATTENTION_EVENT mode=scna-fp16 layout=serial phase=measure iteration=0 component=safe_sm component_id=5 lut_exp=0 scna_layout=0 scna_width=8 qo_len=4 kv_len=4096 n_heads=12 n_kv_heads=2 head_dim=128 kv_head=1 worker=1 block_r=0 block_c=3840 t0_us=261265251641 t1_us=261265251649 dur_us=8
FIG8_ATTENTION_EVENT mode=scna-fp16 layout=serial phase=measure iteration=0 component=v_load component_id=3 lut_exp=0 scna_layout=0 scna_width=8 qo_len=4 kv_len=4096 n_heads=12 n_kv_heads=2 head_dim=128 kv_head=1 worker=1 block_r=0 block_c=3840 t0_us=261265251649 t1_us=261265251651 dur_us=2
FIG8_ATTENTION_EVENT mode=scna-fp16 layout=serial phase=measure iteration=0 component=scna_exp component_id=9 lut_exp=0 scna_layout=0 scna_width=8 qo_len=4 kv_len=4096 n_heads=12 n_kv_heads=2 head_dim=128 kv_head=1 worker=1 block_r=0 block_c=3840 t0_us=261265251651 t1_us=261265251651 dur_us=0
FIG8_ATTENTION_EVENT mode=scna-fp16 layout=serial phase=measure iteration=0 component=core_acc component_id=6 lut_exp=0 scna_layout=0 scna_width=8 qo_len=4 kv_len=4096 n_heads=12 n_kv_heads=2 head_dim=128 kv_head=1 worker=1 block_r=0 block_c=3840 t0_us=261265251651 t1_us=261265251651 dur_us=0
FIG8_ATTENTION_EVENT mode=scna-fp16 layout=serial phase=measure iteration=0 component=o_scale component_id=7 lut_exp=0 scna_layout=0 scna_width=8 qo_len=4 kv_len=4096 n_heads=12 n_kv_heads=2 head_dim=128 kv_head=1 worker=1 block_r=0 block_c=-1 t0_us=261265251652 t1_us=261265251653 dur_us=1
FIG8_ATTENTION_EVENT mode=scna-fp16 layout=serial phase=measure iteration=0 component=o_store component_id=8 lut_exp=0 scna_layout=0 scna_width=8 qo_len=4 kv_len=4096 n_heads=12 n_kv_heads=2 head_dim=128 kv_head=1 worker=1 block_r=0 block_c=-1 t0_us=261265251653 t1_us=261265251655 dur_us=1
FIG8_ATTENTION_EVENT mode=scna-fp16 layout=serial phase=measure iteration=0 component=q_load component_id=1 lut_exp=0 scna_layout=0 scna_width=8 qo_len=4 kv_len=4096 n_heads=12 n_kv_heads=2 head_dim=128 kv_head=0 worker=1 block_r=0 block_c=-1 t0_us=261265251694 t1_us=261265251695 dur_us=1
FIG8_ATTENTION_EVENT mode=scna-fp16 layout=serial phase=measure iteration=0 component=k_load component_id=2 lut_exp=0 scna_layout=0 scna_width=8 qo_len=4 kv_len=4096 n_heads=12 n_kv_heads=2 head_dim=128 kv_head=0 worker=1 block_r=0 block_c=0 t0_us=261265251697 t1_us=261265251717 dur_us=20
FIG8_ATTENTION_EVENT mode=scna-fp16 layout=serial phase=measure iteration=0 component=qk_dot component_id=4 lut_exp=0 scna_layout=0 scna_width=8 qo_len=4 kv_len=4096 n_heads=12 n_kv_heads=2 head_dim=128 kv_head=0 worker=1 block_r=0 block_c=0 t0_us=261265251718 t1_us=261265251719 dur_us=1
FIG8_ATTENTION_EVENT mode=scna-fp16 layout=serial phase=measure iteration=0 component=scna_exp component_id=9 lut_exp=0 scna_layout=0 scna_width=8 qo_len=4 kv_len=4096 n_heads=12 n_kv_heads=2 head_dim=128 kv_head=0 worker=1 block_r=0 block_c=0 t0_us=261265251721 t1_us=261265251724 dur_us=2
FIG8_ATTENTION_EVENT mode=scna-fp16 layout=serial phase=measure iteration=0 component=scna_exp component_id=9 lut_exp=0 scna_layout=0 scna_width=8 qo_len=4 kv_len=4096 n_heads=12 n_kv_heads=2 head_dim=128 kv_head=0 worker=1 block_r=2 block_c=0 t0_us=261265251725 t1_us=261265251727 dur_us=1
FIG8_ATTENTION_EVENT mode=scna-fp16 layout=serial phase=measure iteration=0 component=scna_exp component_id=9 lut_exp=0 scna_layout=0 scna_width=8 qo_len=4 kv_len=4096 n_heads=12 n_kv_heads=2 head_dim=128 kv_head=0 worker=1 block_r=4 block_c=0 t0_us=261265251727 t1_us=261265251729 dur_us=1
FIG8_ATTENTION_EVENT mode=scna-fp16 layout=serial phase=measure iteration=0 component=scna_exp component_id=9 lut_exp=0 scna_layout=0 scna_width=8 qo_len=4 kv_len=4096 n_heads=12 n_kv_heads=2 head_dim=128 kv_head=0 worker=1 block_r=6 block_c=0 t0_us=261265251730 t1_us=261265251731 dur_us=1
FIG8_ATTENTION_EVENT mode=scna-fp16 layout=serial phase=measure iteration=0 component=scna_exp component_id=9 lut_exp=0 scna_layout=0 scna_width=8 qo_len=4 kv_len=4096 n_heads=12 n_kv_heads=2 head_dim=128 kv_head=0 worker=1 block_r=8 block_c=0 t0_us=261265251732 t1_us=261265251733 dur_us=1
FIG8_ATTENTION_EVENT mode=scna-fp16 layout=serial phase=measure iteration=0 component=scna_exp component_id=9 lut_exp=0 scna_layout=0 scna_width=8 qo_len=4 kv_len=4096 n_heads=12 n_kv_heads=2 head_dim=128 kv_head=0 worker=1 block_r=10 block_c=0 t0_us=261265251734 t1_us=261265251735 dur_us=1
FIG8_ATTENTION_EVENT mode=scna-fp16 layout=serial phase=measure iteration=0 component=scna_exp component_id=9 lut_exp=0 scna_layout=0 scna_width=8 qo_len=4 kv_len=4096 n_heads=12 n_kv_heads=2 head_dim=128 kv_head=0 worker=1 block_r=12 block_c=0 t0_us=261265251736 t1_us=261265251738 dur_us=1
FIG8_ATTENTION_EVENT mode=scna-fp16 layout=serial phase=measure iteration=0 component=scna_exp component_id=9 lut_exp=0 scna_layout=0 scna_width=8 qo_len=4 kv_len=4096 n_heads=12 n_kv_heads=2 head_dim=128 kv_head=0 worker=1 block_r=14 block_c=0 t0_us=261265251738 t1_us=261265251740 dur_us=1
FIG8_ATTENTION_EVENT mode=scna-fp16 layout=serial phase=measure iteration=0 component=scna_exp component_id=9 lut_exp=0 scna_layout=0 scna_width=8 qo_len=4 kv_len=4096 n_heads=12 n_kv_heads=2 head_dim=128 kv_head=0 worker=1 block_r=16 block_c=0 t0_us=261265251740 t1_us=261265251742 dur_us=1
FIG8_ATTENTION_EVENT mode=scna-fp16 layout=serial phase=measure iteration=0 component=scna_exp component_id=9 lut_exp=0 scna_layout=0 scna_width=8 qo_len=4 kv_len=4096 n_heads=12 n_kv_heads=2 head_dim=128 kv_head=0 worker=1 block_r=18 block_c=0 t0_us=261265251743 t1_us=261265251744 dur_us=1
FIG8_ATTENTION_EVENT mode=scna-fp16 layout=serial phase=measure iteration=0 component=scna_exp component_id=9 lut_exp=0 scna_layout=0 scna_width=8 qo_len=4 kv_len=4096 n_heads=12 n_kv_heads=2 head_dim=128 kv_head=0 worker=1 block_r=20 block_c=0 t0_us=261265251745 t1_us=261265251746 dur_us=1
FIG8_ATTENTION_EVENT mode=scna-fp16 layout=serial phase=measure iteration=0 component=scna_exp component_id=9 lut_exp=0 scna_layout=0 scna_width=8 qo_len=4 kv_len=4096 n_heads=12 n_kv_heads=2 head_dim=128 kv_head=0 worker=1 block_r=22 block_c=0 t0_us=261265251747 t1_us=261265251748 dur_us=1
FIG8_ATTENTION_EVENT mode=scna-fp16 layout=serial phase=measure iteration=0 component=safe_sm component_id=5 lut_exp=0 scna_layout=0 scna_width=8 qo_len=4 kv_len=4096 n_heads=12 n_kv_heads=2 head_dim=128 kv_head=0 worker=1 block_r=0 block_c=0 t0_us=261265251719 t1_us=261265251749 dur_us=29
FIG8_ATTENTION_EVENT mode=scna-fp16 layout=serial phase=measure iteration=0 component=v_load component_id=3 lut_exp=0 scna_layout=0 scna_width=8 qo_len=4 kv_len=4096 n_heads=12 n_kv_heads=2 head_dim=128 kv_head=0 worker=1 block_r=0 block_c=0 t0_us=261265251749 t1_us=261265251767 dur_us=17
FIG8_ATTENTION_EVENT mode=scna-fp16 layout=serial phase=measure iteration=0 component=scna_exp component_id=9 lut_exp=0 scna_layout=0 scna_width=8 qo_len=4 kv_len=4096 n_heads=12 n_kv_heads=2 head_dim=128 kv_head=0 worker=1 block_r=0 block_c=0 t0_us=261265251767 t1_us=261265251768 dur_us=0
FIG8_ATTENTION_EVENT mode=scna-fp16 layout=serial phase=measure iteration=0 component=core_acc component_id=6 lut_exp=0 scna_layout=0 scna_width=8 qo_len=4 kv_len=4096 n_heads=12 n_kv_heads=2 head_dim=128 kv_head=0 worker=1 block_r=0 block_c=0 t0_us=261265251767 t1_us=261265251770 dur_us=3
FIG8_ATTENTION_EVENT mode=scna-fp16 layout=serial phase=measure iteration=0 component=k_load component_id=2 lut_exp=0 scna_layout=0 scna_width=8 qo_len=4 kv_len=4096 n_heads=12 n_kv_heads=2 head_dim=128 kv_head=0 worker=1 block_r=0 block_c=1280 t0_us=261265251771 t1_us=261265251793 dur_us=21
FIG8_ATTENTION_EVENT mode=scna-fp16 layout=serial phase=measure iteration=0 component=qk_dot component_id=4 lut_exp=0 scna_layout=0 scna_width=8 qo_len=4 kv_len=4096 n_heads=12 n_kv_heads=2 head_dim=128 kv_head=0 worker=1 block_r=0 block_c=1280 t0_us=261265251794 t1_us=261265251795 dur_us=0
FIG8_ATTENTION_EVENT mode=scna-fp16 layout=serial phase=measure iteration=0 component=scna_exp component_id=9 lut_exp=0 scna_layout=0 scna_width=8 qo_len=4 kv_len=4096 n_heads=12 n_kv_heads=2 head_dim=128 kv_head=0 worker=1 block_r=0 block_c=1280 t0_us=261265251796 t1_us=261265251798 dur_us=1
FIG8_ATTENTION_EVENT mode=scna-fp16 layout=serial phase=measure iteration=0 component=scna_exp component_id=9 lut_exp=0 scna_layout=0 scna_width=8 qo_len=4 kv_len=4096 n_heads=12 n_kv_heads=2 head_dim=128 kv_head=0 worker=1 block_r=2 block_c=1280 t0_us=261265251798 t1_us=261265251800 dur_us=1
FIG8_ATTENTION_EVENT mode=scna-fp16 layout=serial phase=measure iteration=0 component=scna_exp component_id=9 lut_exp=0 scna_layout=0 scna_width=8 qo_len=4 kv_len=4096 n_heads=12 n_kv_heads=2 head_dim=128 kv_head=0 worker=1 block_r=4 block_c=1280 t0_us=261265251800 t1_us=261265251802 dur_us=1
FIG8_ATTENTION_EVENT mode=scna-fp16 layout=serial phase=measure iteration=0 component=scna_exp component_id=9 lut_exp=0 scna_layout=0 scna_width=8 qo_len=4 kv_len=4096 n_heads=12 n_kv_heads=2 head_dim=128 kv_head=0 worker=1 block_r=6 block_c=1280 t0_us=261265251804 t1_us=261265251805 dur_us=1
FIG8_ATTENTION_EVENT mode=scna-fp16 layout=serial phase=measure iteration=0 component=scna_exp component_id=9 lut_exp=0 scna_layout=0 scna_width=8 qo_len=4 kv_len=4096 n_heads=12 n_kv_heads=2 head_dim=128 kv_head=0 worker=1 block_r=8 block_c=1280 t0_us=261265251806 t1_us=261265251807 dur_us=1
FIG8_ATTENTION_EVENT mode=scna-fp16 layout=serial phase=measure iteration=0 component=scna_exp component_id=9 lut_exp=0 scna_layout=0 scna_width=8 qo_len=4 kv_len=4096 n_heads=12 n_kv_heads=2 head_dim=128 kv_head=0 worker=1 block_r=10 block_c=1280 t0_us=261265251808 t1_us=261265251809 dur_us=1
FIG8_ATTENTION_EVENT mode=scna-fp16 layout=serial phase=measure iteration=0 component=scna_exp component_id=9 lut_exp=0 scna_layout=0 scna_width=8 qo_len=4 kv_len=4096 n_heads=12 n_kv_heads=2 head_dim=128 kv_head=0 worker=1 block_r=12 block_c=1280 t0_us=261265251810 t1_us=261265251812 dur_us=1
FIG8_ATTENTION_EVENT mode=scna-fp16 layout=serial phase=measure iteration=0 component=scna_exp component_id=9 lut_exp=0 scna_layout=0 scna_width=8 qo_len=4 kv_len=4096 n_heads=12 n_kv_heads=2 head_dim=128 kv_head=0 worker=1 block_r=14 block_c=1280 t0_us=261265251812 t1_us=261265251814 dur_us=1
FIG8_ATTENTION_EVENT mode=scna-fp16 layout=serial phase=measure iteration=0 component=scna_exp component_id=9 lut_exp=0 scna_layout=0 scna_width=8 qo_len=4 kv_len=4096 n_heads=12 n_kv_heads=2 head_dim=128 kv_head=0 worker=1 block_r=16 block_c=1280 t0_us=261265251814 t1_us=261265251816 dur_us=1
FIG8_ATTENTION_EVENT mode=scna-fp16 layout=serial phase=measure iteration=0 component=scna_exp component_id=9 lut_exp=0 scna_layout=0 scna_width=8 qo_len=4 kv_len=4096 n_heads=12 n_kv_heads=2 head_dim=128 kv_head=0 worker=1 block_r=18 block_c=1280 t0_us=261265251817 t1_us=261265251818 dur_us=1
FIG8_ATTENTION_EVENT mode=scna-fp16 layout=serial phase=measure iteration=0 component=scna_exp component_id=9 lut_exp=0 scna_layout=0 scna_width=8 qo_len=4 kv_len=4096 n_heads=12 n_kv_heads=2 head_dim=128 kv_head=0 worker=1 block_r=20 block_c=1280 t0_us=261265251819 t1_us=261265251820 dur_us=1
FIG8_ATTENTION_EVENT mode=scna-fp16 layout=serial phase=measure iteration=0 component=scna_exp component_id=9 lut_exp=0 scna_layout=0 scna_width=8 qo_len=4 kv_len=4096 n_heads=12 n_kv_heads=2 head_dim=128 kv_head=0 worker=1 block_r=22 block_c=1280 t0_us=261265251821 t1_us=261265251822 dur_us=1
FIG8_ATTENTION_EVENT mode=scna-fp16 layout=serial phase=measure iteration=0 component=safe_sm component_id=5 lut_exp=0 scna_layout=0 scna_width=8 qo_len=4 kv_len=4096 n_heads=12 n_kv_heads=2 head_dim=128 kv_head=0 worker=1 block_r=0 block_c=1280 t0_us=261265251795 t1_us=261265251823 dur_us=27
FIG8_ATTENTION_EVENT mode=scna-fp16 layout=serial phase=measure iteration=0 component=v_load component_id=3 lut_exp=0 scna_layout=0 scna_width=8 qo_len=4 kv_len=4096 n_heads=12 n_kv_heads=2 head_dim=128 kv_head=0 worker=1 block_r=0 block_c=1280 t0_us=261265251823 t1_us=261265251845 dur_us=21
FIG8_ATTENTION_EVENT mode=scna-fp16 layout=serial phase=measure iteration=0 component=scna_exp component_id=9 lut_exp=0 scna_layout=0 scna_width=8 qo_len=4 kv_len=4096 n_heads=12 n_kv_heads=2 head_dim=128 kv_head=0 worker=1 block_r=0 block_c=1280 t0_us=261265251845 t1_us=261265251845 dur_us=0
FIG8_ATTENTION_EVENT mode=scna-fp16 layout=serial phase=measure iteration=0 component=core_acc component_id=6 lut_exp=0 scna_layout=0 scna_width=8 qo_len=4 kv_len=4096 n_heads=12 n_kv_heads=2 head_dim=128 kv_head=0 worker=1 block_r=0 block_c=1280 t0_us=261265251845 t1_us=261265251846 dur_us=1
FIG8_ATTENTION_EVENT mode=scna-fp16 layout=serial phase=measure iteration=0 component=k_load component_id=2 lut_exp=0 scna_layout=0 scna_width=8 qo_len=4 kv_len=4096 n_heads=12 n_kv_heads=2 head_dim=128 kv_head=0 worker=1 block_r=0 block_c=2560 t0_us=261265251846 t1_us=261265251867 dur_us=20
FIG8_ATTENTION_EVENT mode=scna-fp16 layout=serial phase=measure iteration=0 component=qk_dot component_id=4 lut_exp=0 scna_layout=0 scna_width=8 qo_len=4 kv_len=4096 n_heads=12 n_kv_heads=2 head_dim=128 kv_head=0 worker=1 block_r=0 block_c=2560 t0_us=261265251867 t1_us=261265251868 dur_us=0
FIG8_ATTENTION_EVENT mode=scna-fp16 layout=serial phase=measure iteration=0 component=scna_exp component_id=9 lut_exp=0 scna_layout=0 scna_width=8 qo_len=4 kv_len=4096 n_heads=12 n_kv_heads=2 head_dim=128 kv_head=0 worker=1 block_r=0 block_c=2560 t0_us=261265251869 t1_us=261265251871 dur_us=1
FIG8_ATTENTION_EVENT mode=scna-fp16 layout=serial phase=measure iteration=0 component=scna_exp component_id=9 lut_exp=0 scna_layout=0 scna_width=8 qo_len=4 kv_len=4096 n_heads=12 n_kv_heads=2 head_dim=128 kv_head=0 worker=1 block_r=2 block_c=2560 t0_us=261265251871 t1_us=261265251873 dur_us=1
FIG8_ATTENTION_EVENT mode=scna-fp16 layout=serial phase=measure iteration=0 component=scna_exp component_id=9 lut_exp=0 scna_layout=0 scna_width=8 qo_len=4 kv_len=4096 n_heads=12 n_kv_heads=2 head_dim=128 kv_head=0 worker=1 block_r=4 block_c=2560 t0_us=261265251873 t1_us=261265251875 dur_us=1
FIG8_ATTENTION_EVENT mode=scna-fp16 layout=serial phase=measure iteration=0 component=scna_exp component_id=9 lut_exp=0 scna_layout=0 scna_width=8 qo_len=4 kv_len=4096 n_heads=12 n_kv_heads=2 head_dim=128 kv_head=0 worker=1 block_r=6 block_c=2560 t0_us=261265251877 t1_us=261265251878 dur_us=1
FIG8_ATTENTION_EVENT mode=scna-fp16 layout=serial phase=measure iteration=0 component=scna_exp component_id=9 lut_exp=0 scna_layout=0 scna_width=8 qo_len=4 kv_len=4096 n_heads=12 n_kv_heads=2 head_dim=128 kv_head=0 worker=1 block_r=8 block_c=2560 t0_us=261265251879 t1_us=261265251880 dur_us=1
FIG8_ATTENTION_EVENT mode=scna-fp16 layout=serial phase=measure iteration=0 component=scna_exp component_id=9 lut_exp=0 scna_layout=0 scna_width=8 qo_len=4 kv_len=4096 n_heads=12 n_kv_heads=2 head_dim=128 kv_head=0 worker=1 block_r=10 block_c=2560 t0_us=261265251881 t1_us=261265251882 dur_us=1
FIG8_ATTENTION_EVENT mode=scna-fp16 layout=serial phase=measure iteration=0 component=scna_exp component_id=9 lut_exp=0 scna_layout=0 scna_width=8 qo_len=4 kv_len=4096 n_heads=12 n_kv_heads=2 head_dim=128 kv_head=0 worker=1 block_r=12 block_c=2560 t0_us=261265251883 t1_us=261265251885 dur_us=1
FIG8_ATTENTION_EVENT mode=scna-fp16 layout=serial phase=measure iteration=0 component=scna_exp component_id=9 lut_exp=0 scna_layout=0 scna_width=8 qo_len=4 kv_len=4096 n_heads=12 n_kv_heads=2 head_dim=128 kv_head=0 worker=1 block_r=14 block_c=2560 t0_us=261265251885 t1_us=261265251887 dur_us=1
FIG8_ATTENTION_EVENT mode=scna-fp16 layout=serial phase=measure iteration=0 component=scna_exp component_id=9 lut_exp=0 scna_layout=0 scna_width=8 qo_len=4 kv_len=4096 n_heads=12 n_kv_heads=2 head_dim=128 kv_head=0 worker=1 block_r=16 block_c=2560 t0_us=261265251887 t1_us=261265251889 dur_us=1
FIG8_ATTENTION_EVENT mode=scna-fp16 layout=serial phase=measure iteration=0 component=scna_exp component_id=9 lut_exp=0 scna_layout=0 scna_width=8 qo_len=4 kv_len=4096 n_heads=12 n_kv_heads=2 head_dim=128 kv_head=0 worker=1 block_r=18 block_c=2560 t0_us=261265251890 t1_us=261265251891 dur_us=1
FIG8_ATTENTION_EVENT mode=scna-fp16 layout=serial phase=measure iteration=0 component=scna_exp component_id=9 lut_exp=0 scna_layout=0 scna_width=8 qo_len=4 kv_len=4096 n_heads=12 n_kv_heads=2 head_dim=128 kv_head=0 worker=1 block_r=20 block_c=2560 t0_us=261265251892 t1_us=261265251893 dur_us=1
FIG8_ATTENTION_EVENT mode=scna-fp16 layout=serial phase=measure iteration=0 component=scna_exp component_id=9 lut_exp=0 scna_layout=0 scna_width=8 qo_len=4 kv_len=4096 n_heads=12 n_kv_heads=2 head_dim=128 kv_head=0 worker=1 block_r=22 block_c=2560 t0_us=261265251894 t1_us=261265251895 dur_us=1
FIG8_ATTENTION_EVENT mode=scna-fp16 layout=serial phase=measure iteration=0 component=safe_sm component_id=5 lut_exp=0 scna_layout=0 scna_width=8 qo_len=4 kv_len=4096 n_heads=12 n_kv_heads=2 head_dim=128 kv_head=0 worker=1 block_r=0 block_c=2560 t0_us=261265251868 t1_us=261265251895 dur_us=27
FIG8_ATTENTION_EVENT mode=scna-fp16 layout=serial phase=measure iteration=0 component=v_load component_id=3 lut_exp=0 scna_layout=0 scna_width=8 qo_len=4 kv_len=4096 n_heads=12 n_kv_heads=2 head_dim=128 kv_head=0 worker=1 block_r=0 block_c=2560 t0_us=261265251896 t1_us=261265251919 dur_us=23
FIG8_ATTENTION_EVENT mode=scna-fp16 layout=serial phase=measure iteration=0 component=scna_exp component_id=9 lut_exp=0 scna_layout=0 scna_width=8 qo_len=4 kv_len=4096 n_heads=12 n_kv_heads=2 head_dim=128 kv_head=0 worker=1 block_r=0 block_c=2560 t0_us=261265251920 t1_us=261265251920 dur_us=0
FIG8_ATTENTION_EVENT mode=scna-fp16 layout=serial phase=measure iteration=0 component=core_acc component_id=6 lut_exp=0 scna_layout=0 scna_width=8 qo_len=4 kv_len=4096 n_heads=12 n_kv_heads=2 head_dim=128 kv_head=0 worker=1 block_r=0 block_c=2560 t0_us=261265251920 t1_us=261265251920 dur_us=0
FIG8_ATTENTION_EVENT mode=scna-fp16 layout=serial phase=measure iteration=0 component=k_load component_id=2 lut_exp=0 scna_layout=0 scna_width=8 qo_len=4 kv_len=4096 n_heads=12 n_kv_heads=2 head_dim=128 kv_head=0 worker=1 block_r=0 block_c=3840 t0_us=261265251920 t1_us=261265251924 dur_us=4
FIG8_ATTENTION_EVENT mode=scna-fp16 layout=serial phase=measure iteration=0 component=qk_dot component_id=4 lut_exp=0 scna_layout=0 scna_width=8 qo_len=4 kv_len=4096 n_heads=12 n_kv_heads=2 head_dim=128 kv_head=0 worker=1 block_r=0 block_c=3840 t0_us=261265251924 t1_us=261265251924 dur_us=0
FIG8_ATTENTION_EVENT mode=scna-fp16 layout=serial phase=measure iteration=0 component=scna_exp component_id=9 lut_exp=0 scna_layout=0 scna_width=8 qo_len=4 kv_len=4096 n_heads=12 n_kv_heads=2 head_dim=128 kv_head=0 worker=1 block_r=0 block_c=3840 t0_us=261265251925 t1_us=261265251925 dur_us=0
FIG8_ATTENTION_EVENT mode=scna-fp16 layout=serial phase=measure iteration=0 component=scna_exp component_id=9 lut_exp=0 scna_layout=0 scna_width=8 qo_len=4 kv_len=4096 n_heads=12 n_kv_heads=2 head_dim=128 kv_head=0 worker=1 block_r=2 block_c=3840 t0_us=261265251925 t1_us=261265251926 dur_us=0
FIG8_ATTENTION_EVENT mode=scna-fp16 layout=serial phase=measure iteration=0 component=scna_exp component_id=9 lut_exp=0 scna_layout=0 scna_width=8 qo_len=4 kv_len=4096 n_heads=12 n_kv_heads=2 head_dim=128 kv_head=0 worker=1 block_r=4 block_c=3840 t0_us=261265251926 t1_us=261265251926 dur_us=0
FIG8_ATTENTION_EVENT mode=scna-fp16 layout=serial phase=measure iteration=0 component=scna_exp component_id=9 lut_exp=0 scna_layout=0 scna_width=8 qo_len=4 kv_len=4096 n_heads=12 n_kv_heads=2 head_dim=128 kv_head=0 worker=1 block_r=6 block_c=3840 t0_us=261265251927 t1_us=261265251927 dur_us=0
FIG8_ATTENTION_EVENT mode=scna-fp16 layout=serial phase=measure iteration=0 component=scna_exp component_id=9 lut_exp=0 scna_layout=0 scna_width=8 qo_len=4 kv_len=4096 n_heads=12 n_kv_heads=2 head_dim=128 kv_head=0 worker=1 block_r=8 block_c=3840 t0_us=261265251927 t1_us=261265251928 dur_us=0
FIG8_ATTENTION_EVENT mode=scna-fp16 layout=serial phase=measure iteration=0 component=scna_exp component_id=9 lut_exp=0 scna_layout=0 scna_width=8 qo_len=4 kv_len=4096 n_heads=12 n_kv_heads=2 head_dim=128 kv_head=0 worker=1 block_r=10 block_c=3840 t0_us=261265251928 t1_us=261265251928 dur_us=0
FIG8_ATTENTION_EVENT mode=scna-fp16 layout=serial phase=measure iteration=0 component=scna_exp component_id=9 lut_exp=0 scna_layout=0 scna_width=8 qo_len=4 kv_len=4096 n_heads=12 n_kv_heads=2 head_dim=128 kv_head=0 worker=1 block_r=12 block_c=3840 t0_us=261265251929 t1_us=261265251929 dur_us=0
FIG8_ATTENTION_EVENT mode=scna-fp16 layout=serial phase=measure iteration=0 component=scna_exp component_id=9 lut_exp=0 scna_layout=0 scna_width=8 qo_len=4 kv_len=4096 n_heads=12 n_kv_heads=2 head_dim=128 kv_head=0 worker=1 block_r=14 block_c=3840 t0_us=261265251929 t1_us=261265251930 dur_us=0
FIG8_ATTENTION_EVENT mode=scna-fp16 layout=serial phase=measure iteration=0 component=scna_exp component_id=9 lut_exp=0 scna_layout=0 scna_width=8 qo_len=4 kv_len=4096 n_heads=12 n_kv_heads=2 head_dim=128 kv_head=0 worker=1 block_r=16 block_c=3840 t0_us=261265251930 t1_us=261265251930 dur_us=0
FIG8_ATTENTION_EVENT mode=scna-fp16 layout=serial phase=measure iteration=0 component=scna_exp component_id=9 lut_exp=0 scna_layout=0 scna_width=8 qo_len=4 kv_len=4096 n_heads=12 n_kv_heads=2 head_dim=128 kv_head=0 worker=1 block_r=18 block_c=3840 t0_us=261265251931 t1_us=261265251931 dur_us=0
FIG8_ATTENTION_EVENT mode=scna-fp16 layout=serial phase=measure iteration=0 component=scna_exp component_id=9 lut_exp=0 scna_layout=0 scna_width=8 qo_len=4 kv_len=4096 n_heads=12 n_kv_heads=2 head_dim=128 kv_head=0 worker=1 block_r=20 block_c=3840 t0_us=261265251931 t1_us=261265251932 dur_us=0
FIG8_ATTENTION_EVENT mode=scna-fp16 layout=serial phase=measure iteration=0 component=scna_exp component_id=9 lut_exp=0 scna_layout=0 scna_width=8 qo_len=4 kv_len=4096 n_heads=12 n_kv_heads=2 head_dim=128 kv_head=0 worker=1 block_r=22 block_c=3840 t0_us=261265251932 t1_us=261265251932 dur_us=0
FIG8_ATTENTION_EVENT mode=scna-fp16 layout=serial phase=measure iteration=0 component=safe_sm component_id=5 lut_exp=0 scna_layout=0 scna_width=8 qo_len=4 kv_len=4096 n_heads=12 n_kv_heads=2 head_dim=128 kv_head=0 worker=1 block_r=0 block_c=3840 t0_us=261265251924 t1_us=261265251932 dur_us=8
FIG8_ATTENTION_EVENT mode=scna-fp16 layout=serial phase=measure iteration=0 component=v_load component_id=3 lut_exp=0 scna_layout=0 scna_width=8 qo_len=4 kv_len=4096 n_heads=12 n_kv_heads=2 head_dim=128 kv_head=0 worker=1 block_r=0 block_c=3840 t0_us=261265251933 t1_us=261265251935 dur_us=2
FIG8_ATTENTION_EVENT mode=scna-fp16 layout=serial phase=measure iteration=0 component=scna_exp component_id=9 lut_exp=0 scna_layout=0 scna_width=8 qo_len=4 kv_len=4096 n_heads=12 n_kv_heads=2 head_dim=128 kv_head=0 worker=1 block_r=0 block_c=3840 t0_us=261265251935 t1_us=261265251935 dur_us=0
FIG8_ATTENTION_EVENT mode=scna-fp16 layout=serial phase=measure iteration=0 component=core_acc component_id=6 lut_exp=0 scna_layout=0 scna_width=8 qo_len=4 kv_len=4096 n_heads=12 n_kv_heads=2 head_dim=128 kv_head=0 worker=1 block_r=0 block_c=3840 t0_us=261265251935 t1_us=261265251935 dur_us=0
FIG8_ATTENTION_EVENT mode=scna-fp16 layout=serial phase=measure iteration=0 component=o_scale component_id=7 lut_exp=0 scna_layout=0 scna_width=8 qo_len=4 kv_len=4096 n_heads=12 n_kv_heads=2 head_dim=128 kv_head=0 worker=1 block_r=0 block_c=-1 t0_us=261265251935 t1_us=261265251937 dur_us=1
FIG8_ATTENTION_EVENT mode=scna-fp16 layout=serial phase=measure iteration=0 component=o_store component_id=8 lut_exp=0 scna_layout=0 scna_width=8 qo_len=4 kv_len=4096 n_heads=12 n_kv_heads=2 head_dim=128 kv_head=0 worker=1 block_r=0 block_c=-1 t0_us=261265251937 t1_us=261265251939 dur_us=2
FIG8_ATTENTION_EVENT mode=scna-fp16 layout=serial phase=measure iteration=0 component=q_load component_id=1 lut_exp=0 scna_layout=0 scna_width=8 qo_len=4 kv_len=4096 n_heads=12 n_kv_heads=2 head_dim=128 kv_head=1 worker=1 block_r=0 block_c=-1 t0_us=261265251980 t1_us=261265251982 dur_us=1
FIG8_ATTENTION_EVENT mode=scna-fp16 layout=serial phase=measure iteration=0 component=k_load component_id=2 lut_exp=0 scna_layout=0 scna_width=8 qo_len=4 kv_len=4096 n_heads=12 n_kv_heads=2 head_dim=128 kv_head=1 worker=1 block_r=0 block_c=0 t0_us=261265251983 t1_us=261265252004 dur_us=21
FIG8_ATTENTION_EVENT mode=scna-fp16 layout=serial phase=measure iteration=0 component=qk_dot component_id=4 lut_exp=0 scna_layout=0 scna_width=8 qo_len=4 kv_len=4096 n_heads=12 n_kv_heads=2 head_dim=128 kv_head=1 worker=1 block_r=0 block_c=0 t0_us=261265252005 t1_us=261265252005 dur_us=0
FIG8_ATTENTION_EVENT mode=scna-fp16 layout=serial phase=measure iteration=0 component=scna_exp component_id=9 lut_exp=0 scna_layout=0 scna_width=8 qo_len=4 kv_len=4096 n_heads=12 n_kv_heads=2 head_dim=128 kv_head=1 worker=1 block_r=0 block_c=0 t0_us=261265252007 t1_us=261265252010 dur_us=2
FIG8_ATTENTION_EVENT mode=scna-fp16 layout=serial phase=measure iteration=0 component=scna_exp component_id=9 lut_exp=0 scna_layout=0 scna_width=8 qo_len=4 kv_len=4096 n_heads=12 n_kv_heads=2 head_dim=128 kv_head=1 worker=1 block_r=2 block_c=0 t0_us=261265252011 t1_us=261265252012 dur_us=1
FIG8_ATTENTION_EVENT mode=scna-fp16 layout=serial phase=measure iteration=0 component=scna_exp component_id=9 lut_exp=0 scna_layout=0 scna_width=8 qo_len=4 kv_len=4096 n_heads=12 n_kv_heads=2 head_dim=128 kv_head=1 worker=1 block_r=4 block_c=0 t0_us=261265252013 t1_us=261265252014 dur_us=1
FIG8_ATTENTION_EVENT mode=scna-fp16 layout=serial phase=measure iteration=0 component=scna_exp component_id=9 lut_exp=0 scna_layout=0 scna_width=8 qo_len=4 kv_len=4096 n_heads=12 n_kv_heads=2 head_dim=128 kv_head=1 worker=1 block_r=6 block_c=0 t0_us=261265252015 t1_us=261265252017 dur_us=1
FIG8_ATTENTION_EVENT mode=scna-fp16 layout=serial phase=measure iteration=0 component=scna_exp component_id=9 lut_exp=0 scna_layout=0 scna_width=8 qo_len=4 kv_len=4096 n_heads=12 n_kv_heads=2 head_dim=128 kv_head=1 worker=1 block_r=8 block_c=0 t0_us=261265252017 t1_us=261265252019 dur_us=1
FIG8_ATTENTION_EVENT mode=scna-fp16 layout=serial phase=measure iteration=0 component=scna_exp component_id=9 lut_exp=0 scna_layout=0 scna_width=8 qo_len=4 kv_len=4096 n_heads=12 n_kv_heads=2 head_dim=128 kv_head=1 worker=1 block_r=10 block_c=0 t0_us=261265252019 t1_us=261265252021 dur_us=1
FIG8_ATTENTION_EVENT mode=scna-fp16 layout=serial phase=measure iteration=0 component=scna_exp component_id=9 lut_exp=0 scna_layout=0 scna_width=8 qo_len=4 kv_len=4096 n_heads=12 n_kv_heads=2 head_dim=128 kv_head=1 worker=1 block_r=12 block_c=0 t0_us=261265252022 t1_us=261265252023 dur_us=1
FIG8_ATTENTION_EVENT mode=scna-fp16 layout=serial phase=measure iteration=0 component=scna_exp component_id=9 lut_exp=0 scna_layout=0 scna_width=8 qo_len=4 kv_len=4096 n_heads=12 n_kv_heads=2 head_dim=128 kv_head=1 worker=1 block_r=14 block_c=0 t0_us=261265252024 t1_us=261265252025 dur_us=1
FIG8_ATTENTION_EVENT mode=scna-fp16 layout=serial phase=measure iteration=0 component=scna_exp component_id=9 lut_exp=0 scna_layout=0 scna_width=8 qo_len=4 kv_len=4096 n_heads=12 n_kv_heads=2 head_dim=128 kv_head=1 worker=1 block_r=16 block_c=0 t0_us=261265252026 t1_us=261265252027 dur_us=1
FIG8_ATTENTION_EVENT mode=scna-fp16 layout=serial phase=measure iteration=0 component=scna_exp component_id=9 lut_exp=0 scna_layout=0 scna_width=8 qo_len=4 kv_len=4096 n_heads=12 n_kv_heads=2 head_dim=128 kv_head=1 worker=1 block_r=18 block_c=0 t0_us=261265252028 t1_us=261265252030 dur_us=1
FIG8_ATTENTION_EVENT mode=scna-fp16 layout=serial phase=measure iteration=0 component=scna_exp component_id=9 lut_exp=0 scna_layout=0 scna_width=8 qo_len=4 kv_len=4096 n_heads=12 n_kv_heads=2 head_dim=128 kv_head=1 worker=1 block_r=20 block_c=0 t0_us=261265252030 t1_us=261265252032 dur_us=1
FIG8_ATTENTION_EVENT mode=scna-fp16 layout=serial phase=measure iteration=0 component=scna_exp component_id=9 lut_exp=0 scna_layout=0 scna_width=8 qo_len=4 kv_len=4096 n_heads=12 n_kv_heads=2 head_dim=128 kv_head=1 worker=1 block_r=22 block_c=0 t0_us=261265252032 t1_us=261265252034 dur_us=1
FIG8_ATTENTION_EVENT mode=scna-fp16 layout=serial phase=measure iteration=0 component=safe_sm component_id=5 lut_exp=0 scna_layout=0 scna_width=8 qo_len=4 kv_len=4096 n_heads=12 n_kv_heads=2 head_dim=128 kv_head=1 worker=1 block_r=0 block_c=0 t0_us=261265252006 t1_us=261265252034 dur_us=28
FIG8_ATTENTION_EVENT mode=scna-fp16 layout=serial phase=measure iteration=0 component=v_load component_id=3 lut_exp=0 scna_layout=0 scna_width=8 qo_len=4 kv_len=4096 n_heads=12 n_kv_heads=2 head_dim=128 kv_head=1 worker=1 block_r=0 block_c=0 t0_us=261265252034 t1_us=261265252050 dur_us=15
FIG8_ATTENTION_EVENT mode=scna-fp16 layout=serial phase=measure iteration=0 component=scna_exp component_id=9 lut_exp=0 scna_layout=0 scna_width=8 qo_len=4 kv_len=4096 n_heads=12 n_kv_heads=2 head_dim=128 kv_head=1 worker=1 block_r=0 block_c=0 t0_us=261265252051 t1_us=261265252051 dur_us=0
FIG8_ATTENTION_EVENT mode=scna-fp16 layout=serial phase=measure iteration=0 component=core_acc component_id=6 lut_exp=0 scna_layout=0 scna_width=8 qo_len=4 kv_len=4096 n_heads=12 n_kv_heads=2 head_dim=128 kv_head=1 worker=1 block_r=0 block_c=0 t0_us=261265252050 t1_us=261265252053 dur_us=2
FIG8_ATTENTION_EVENT mode=scna-fp16 layout=serial phase=measure iteration=0 component=k_load component_id=2 lut_exp=0 scna_layout=0 scna_width=8 qo_len=4 kv_len=4096 n_heads=12 n_kv_heads=2 head_dim=128 kv_head=1 worker=1 block_r=0 block_c=1280 t0_us=261265252053 t1_us=261265252075 dur_us=22
FIG8_ATTENTION_EVENT mode=scna-fp16 layout=serial phase=measure iteration=0 component=qk_dot component_id=4 lut_exp=0 scna_layout=0 scna_width=8 qo_len=4 kv_len=4096 n_heads=12 n_kv_heads=2 head_dim=128 kv_head=1 worker=1 block_r=0 block_c=1280 t0_us=261265252075 t1_us=261265252076 dur_us=0
FIG8_ATTENTION_EVENT mode=scna-fp16 layout=serial phase=measure iteration=0 component=scna_exp component_id=9 lut_exp=0 scna_layout=0 scna_width=8 qo_len=4 kv_len=4096 n_heads=12 n_kv_heads=2 head_dim=128 kv_head=1 worker=1 block_r=0 block_c=1280 t0_us=261265252077 t1_us=261265252079 dur_us=1
FIG8_ATTENTION_EVENT mode=scna-fp16 layout=serial phase=measure iteration=0 component=scna_exp component_id=9 lut_exp=0 scna_layout=0 scna_width=8 qo_len=4 kv_len=4096 n_heads=12 n_kv_heads=2 head_dim=128 kv_head=1 worker=1 block_r=2 block_c=1280 t0_us=261265252079 t1_us=261265252081 dur_us=1
FIG8_ATTENTION_EVENT mode=scna-fp16 layout=serial phase=measure iteration=0 component=scna_exp component_id=9 lut_exp=0 scna_layout=0 scna_width=8 qo_len=4 kv_len=4096 n_heads=12 n_kv_heads=2 head_dim=128 kv_head=1 worker=1 block_r=4 block_c=1280 t0_us=261265252081 t1_us=261265252083 dur_us=1
FIG8_ATTENTION_EVENT mode=scna-fp16 layout=serial phase=measure iteration=0 component=scna_exp component_id=9 lut_exp=0 scna_layout=0 scna_width=8 qo_len=4 kv_len=4096 n_heads=12 n_kv_heads=2 head_dim=128 kv_head=1 worker=1 block_r=6 block_c=1280 t0_us=261265252084 t1_us=261265252086 dur_us=1
FIG8_ATTENTION_EVENT mode=scna-fp16 layout=serial phase=measure iteration=0 component=scna_exp component_id=9 lut_exp=0 scna_layout=0 scna_width=8 qo_len=4 kv_len=4096 n_heads=12 n_kv_heads=2 head_dim=128 kv_head=1 worker=1 block_r=8 block_c=1280 t0_us=261265252086 t1_us=261265252088 dur_us=1
FIG8_ATTENTION_EVENT mode=scna-fp16 layout=serial phase=measure iteration=0 component=scna_exp component_id=9 lut_exp=0 scna_layout=0 scna_width=8 qo_len=4 kv_len=4096 n_heads=12 n_kv_heads=2 head_dim=128 kv_head=1 worker=1 block_r=10 block_c=1280 t0_us=261265252088 t1_us=261265252090 dur_us=1
FIG8_ATTENTION_EVENT mode=scna-fp16 layout=serial phase=measure iteration=0 component=scna_exp component_id=9 lut_exp=0 scna_layout=0 scna_width=8 qo_len=4 kv_len=4096 n_heads=12 n_kv_heads=2 head_dim=128 kv_head=1 worker=1 block_r=12 block_c=1280 t0_us=261265252091 t1_us=261265252092 dur_us=1
FIG8_ATTENTION_EVENT mode=scna-fp16 layout=serial phase=measure iteration=0 component=scna_exp component_id=9 lut_exp=0 scna_layout=0 scna_width=8 qo_len=4 kv_len=4096 n_heads=12 n_kv_heads=2 head_dim=128 kv_head=1 worker=1 block_r=14 block_c=1280 t0_us=261265252093 t1_us=261265252094 dur_us=1
FIG8_ATTENTION_EVENT mode=scna-fp16 layout=serial phase=measure iteration=0 component=scna_exp component_id=9 lut_exp=0 scna_layout=0 scna_width=8 qo_len=4 kv_len=4096 n_heads=12 n_kv_heads=2 head_dim=128 kv_head=1 worker=1 block_r=16 block_c=1280 t0_us=261265252095 t1_us=261265252096 dur_us=1
FIG8_ATTENTION_EVENT mode=scna-fp16 layout=serial phase=measure iteration=0 component=scna_exp component_id=9 lut_exp=0 scna_layout=0 scna_width=8 qo_len=4 kv_len=4096 n_heads=12 n_kv_heads=2 head_dim=128 kv_head=1 worker=1 block_r=18 block_c=1280 t0_us=261265252097 t1_us=261265252099 dur_us=1
FIG8_ATTENTION_EVENT mode=scna-fp16 layout=serial phase=measure iteration=0 component=scna_exp component_id=9 lut_exp=0 scna_layout=0 scna_width=8 qo_len=4 kv_len=4096 n_heads=12 n_kv_heads=2 head_dim=128 kv_head=1 worker=1 block_r=20 block_c=1280 t0_us=261265252099 t1_us=261265252101 dur_us=1
FIG8_ATTENTION_EVENT mode=scna-fp16 layout=serial phase=measure iteration=0 component=scna_exp component_id=9 lut_exp=0 scna_layout=0 scna_width=8 qo_len=4 kv_len=4096 n_heads=12 n_kv_heads=2 head_dim=128 kv_head=1 worker=1 block_r=22 block_c=1280 t0_us=261265252101 t1_us=261265252103 dur_us=1
FIG8_ATTENTION_EVENT mode=scna-fp16 layout=serial phase=measure iteration=0 component=safe_sm component_id=5 lut_exp=0 scna_layout=0 scna_width=8 qo_len=4 kv_len=4096 n_heads=12 n_kv_heads=2 head_dim=128 kv_head=1 worker=1 block_r=0 block_c=1280 t0_us=261265252076 t1_us=261265252103 dur_us=27
FIG8_ATTENTION_EVENT mode=scna-fp16 layout=serial phase=measure iteration=0 component=v_load component_id=3 lut_exp=0 scna_layout=0 scna_width=8 qo_len=4 kv_len=4096 n_heads=12 n_kv_heads=2 head_dim=128 kv_head=1 worker=1 block_r=0 block_c=1280 t0_us=261265252103 t1_us=261265252128 dur_us=24
FIG8_ATTENTION_EVENT mode=scna-fp16 layout=serial phase=measure iteration=0 component=scna_exp component_id=9 lut_exp=0 scna_layout=0 scna_width=8 qo_len=4 kv_len=4096 n_heads=12 n_kv_heads=2 head_dim=128 kv_head=1 worker=1 block_r=0 block_c=1280 t0_us=261265252128 t1_us=261265252128 dur_us=0
FIG8_ATTENTION_EVENT mode=scna-fp16 layout=serial phase=measure iteration=0 component=core_acc component_id=6 lut_exp=0 scna_layout=0 scna_width=8 qo_len=4 kv_len=4096 n_heads=12 n_kv_heads=2 head_dim=128 kv_head=1 worker=1 block_r=0 block_c=1280 t0_us=261265252128 t1_us=261265252128 dur_us=0
FIG8_ATTENTION_EVENT mode=scna-fp16 layout=serial phase=measure iteration=0 component=k_load component_id=2 lut_exp=0 scna_layout=0 scna_width=8 qo_len=4 kv_len=4096 n_heads=12 n_kv_heads=2 head_dim=128 kv_head=1 worker=1 block_r=0 block_c=2560 t0_us=261265252128 t1_us=261265252149 dur_us=20
FIG8_ATTENTION_EVENT mode=scna-fp16 layout=serial phase=measure iteration=0 component=qk_dot component_id=4 lut_exp=0 scna_layout=0 scna_width=8 qo_len=4 kv_len=4096 n_heads=12 n_kv_heads=2 head_dim=128 kv_head=1 worker=1 block_r=0 block_c=2560 t0_us=261265252149 t1_us=261265252149 dur_us=0
FIG8_ATTENTION_EVENT mode=scna-fp16 layout=serial phase=measure iteration=0 component=scna_exp component_id=9 lut_exp=0 scna_layout=0 scna_width=8 qo_len=4 kv_len=4096 n_heads=12 n_kv_heads=2 head_dim=128 kv_head=1 worker=1 block_r=0 block_c=2560 t0_us=261265252150 t1_us=261265252152 dur_us=1
FIG8_ATTENTION_EVENT mode=scna-fp16 layout=serial phase=measure iteration=0 component=scna_exp component_id=9 lut_exp=0 scna_layout=0 scna_width=8 qo_len=4 kv_len=4096 n_heads=12 n_kv_heads=2 head_dim=128 kv_head=1 worker=1 block_r=2 block_c=2560 t0_us=261265252152 t1_us=261265252154 dur_us=1
FIG8_ATTENTION_EVENT mode=scna-fp16 layout=serial phase=measure iteration=0 component=scna_exp component_id=9 lut_exp=0 scna_layout=0 scna_width=8 qo_len=4 kv_len=4096 n_heads=12 n_kv_heads=2 head_dim=128 kv_head=1 worker=1 block_r=4 block_c=2560 t0_us=261265252154 t1_us=261265252156 dur_us=1
FIG8_ATTENTION_EVENT mode=scna-fp16 layout=serial phase=measure iteration=0 component=scna_exp component_id=9 lut_exp=0 scna_layout=0 scna_width=8 qo_len=4 kv_len=4096 n_heads=12 n_kv_heads=2 head_dim=128 kv_head=1 worker=1 block_r=6 block_c=2560 t0_us=261265252158 t1_us=261265252159 dur_us=1
FIG8_ATTENTION_EVENT mode=scna-fp16 layout=serial phase=measure iteration=0 component=scna_exp component_id=9 lut_exp=0 scna_layout=0 scna_width=8 qo_len=4 kv_len=4096 n_heads=12 n_kv_heads=2 head_dim=128 kv_head=1 worker=1 block_r=8 block_c=2560 t0_us=261265252160 t1_us=261265252161 dur_us=1
FIG8_ATTENTION_EVENT mode=scna-fp16 layout=serial phase=measure iteration=0 component=scna_exp component_id=9 lut_exp=0 scna_layout=0 scna_width=8 qo_len=4 kv_len=4096 n_heads=12 n_kv_heads=2 head_dim=128 kv_head=1 worker=1 block_r=10 block_c=2560 t0_us=261265252162 t1_us=261265252163 dur_us=1
FIG8_ATTENTION_EVENT mode=scna-fp16 layout=serial phase=measure iteration=0 component=scna_exp component_id=9 lut_exp=0 scna_layout=0 scna_width=8 qo_len=4 kv_len=4096 n_heads=12 n_kv_heads=2 head_dim=128 kv_head=1 worker=1 block_r=12 block_c=2560 t0_us=261265252164 t1_us=261265252166 dur_us=1
FIG8_ATTENTION_EVENT mode=scna-fp16 layout=serial phase=measure iteration=0 component=scna_exp component_id=9 lut_exp=0 scna_layout=0 scna_width=8 qo_len=4 kv_len=4096 n_heads=12 n_kv_heads=2 head_dim=128 kv_head=1 worker=1 block_r=14 block_c=2560 t0_us=261265252166 t1_us=261265252168 dur_us=1
FIG8_ATTENTION_EVENT mode=scna-fp16 layout=serial phase=measure iteration=0 component=scna_exp component_id=9 lut_exp=0 scna_layout=0 scna_width=8 qo_len=4 kv_len=4096 n_heads=12 n_kv_heads=2 head_dim=128 kv_head=1 worker=1 block_r=16 block_c=2560 t0_us=261265252168 t1_us=261265252170 dur_us=1
FIG8_ATTENTION_EVENT mode=scna-fp16 layout=serial phase=measure iteration=0 component=scna_exp component_id=9 lut_exp=0 scna_layout=0 scna_width=8 qo_len=4 kv_len=4096 n_heads=12 n_kv_heads=2 head_dim=128 kv_head=1 worker=1 block_r=18 block_c=2560 t0_us=261265252171 t1_us=261265252172 dur_us=1
FIG8_ATTENTION_EVENT mode=scna-fp16 layout=serial phase=measure iteration=0 component=scna_exp component_id=9 lut_exp=0 scna_layout=0 scna_width=8 qo_len=4 kv_len=4096 n_heads=12 n_kv_heads=2 head_dim=128 kv_head=1 worker=1 block_r=20 block_c=2560 t0_us=261265252173 t1_us=261265252174 dur_us=1
FIG8_ATTENTION_EVENT mode=scna-fp16 layout=serial phase=measure iteration=0 component=scna_exp component_id=9 lut_exp=0 scna_layout=0 scna_width=8 qo_len=4 kv_len=4096 n_heads=12 n_kv_heads=2 head_dim=128 kv_head=1 worker=1 block_r=22 block_c=2560 t0_us=261265252175 t1_us=261265252176 dur_us=1
FIG8_ATTENTION_EVENT mode=scna-fp16 layout=serial phase=measure iteration=0 component=safe_sm component_id=5 lut_exp=0 scna_layout=0 scna_width=8 qo_len=4 kv_len=4096 n_heads=12 n_kv_heads=2 head_dim=128 kv_head=1 worker=1 block_r=0 block_c=2560 t0_us=261265252149 t1_us=261265252176 dur_us=27
FIG8_ATTENTION_EVENT mode=scna-fp16 layout=serial phase=measure iteration=0 component=v_load component_id=3 lut_exp=0 scna_layout=0 scna_width=8 qo_len=4 kv_len=4096 n_heads=12 n_kv_heads=2 head_dim=128 kv_head=1 worker=1 block_r=0 block_c=2560 t0_us=261265252177 t1_us=261265252201 dur_us=24
FIG8_ATTENTION_EVENT mode=scna-fp16 layout=serial phase=measure iteration=0 component=scna_exp component_id=9 lut_exp=0 scna_layout=0 scna_width=8 qo_len=4 kv_len=4096 n_heads=12 n_kv_heads=2 head_dim=128 kv_head=1 worker=1 block_r=0 block_c=2560 t0_us=261265252201 t1_us=261265252201 dur_us=0
FIG8_ATTENTION_EVENT mode=scna-fp16 layout=serial phase=measure iteration=0 component=core_acc component_id=6 lut_exp=0 scna_layout=0 scna_width=8 qo_len=4 kv_len=4096 n_heads=12 n_kv_heads=2 head_dim=128 kv_head=1 worker=1 block_r=0 block_c=2560 t0_us=261265252201 t1_us=261265252201 dur_us=0
FIG8_ATTENTION_EVENT mode=scna-fp16 layout=serial phase=measure iteration=0 component=k_load component_id=2 lut_exp=0 scna_layout=0 scna_width=8 qo_len=4 kv_len=4096 n_heads=12 n_kv_heads=2 head_dim=128 kv_head=1 worker=1 block_r=0 block_c=3840 t0_us=261265252201 t1_us=261265252206 dur_us=4
FIG8_ATTENTION_EVENT mode=scna-fp16 layout=serial phase=measure iteration=0 component=qk_dot component_id=4 lut_exp=0 scna_layout=0 scna_width=8 qo_len=4 kv_len=4096 n_heads=12 n_kv_heads=2 head_dim=128 kv_head=1 worker=1 block_r=0 block_c=3840 t0_us=261265252206 t1_us=261265252206 dur_us=0
FIG8_ATTENTION_EVENT mode=scna-fp16 layout=serial phase=measure iteration=0 component=scna_exp component_id=9 lut_exp=0 scna_layout=0 scna_width=8 qo_len=4 kv_len=4096 n_heads=12 n_kv_heads=2 head_dim=128 kv_head=1 worker=1 block_r=0 block_c=3840 t0_us=261265252206 t1_us=261265252207 dur_us=0
FIG8_ATTENTION_EVENT mode=scna-fp16 layout=serial phase=measure iteration=0 component=scna_exp component_id=9 lut_exp=0 scna_layout=0 scna_width=8 qo_len=4 kv_len=4096 n_heads=12 n_kv_heads=2 head_dim=128 kv_head=1 worker=1 block_r=2 block_c=3840 t0_us=261265252207 t1_us=261265252207 dur_us=0
FIG8_ATTENTION_EVENT mode=scna-fp16 layout=serial phase=measure iteration=0 component=scna_exp component_id=9 lut_exp=0 scna_layout=0 scna_width=8 qo_len=4 kv_len=4096 n_heads=12 n_kv_heads=2 head_dim=128 kv_head=1 worker=1 block_r=4 block_c=3840 t0_us=261265252207 t1_us=261265252208 dur_us=0
FIG8_ATTENTION_EVENT mode=scna-fp16 layout=serial phase=measure iteration=0 component=scna_exp component_id=9 lut_exp=0 scna_layout=0 scna_width=8 qo_len=4 kv_len=4096 n_heads=12 n_kv_heads=2 head_dim=128 kv_head=1 worker=1 block_r=6 block_c=3840 t0_us=261265252208 t1_us=261265252209 dur_us=0
FIG8_ATTENTION_EVENT mode=scna-fp16 layout=serial phase=measure iteration=0 component=scna_exp component_id=9 lut_exp=0 scna_layout=0 scna_width=8 qo_len=4 kv_len=4096 n_heads=12 n_kv_heads=2 head_dim=128 kv_head=1 worker=1 block_r=8 block_c=3840 t0_us=261265252209 t1_us=261265252209 dur_us=0
FIG8_ATTENTION_EVENT mode=scna-fp16 layout=serial phase=measure iteration=0 component=scna_exp component_id=9 lut_exp=0 scna_layout=0 scna_width=8 qo_len=4 kv_len=4096 n_heads=12 n_kv_heads=2 head_dim=128 kv_head=1 worker=1 block_r=10 block_c=3840 t0_us=261265252209 t1_us=261265252210 dur_us=0
FIG8_ATTENTION_EVENT mode=scna-fp16 layout=serial phase=measure iteration=0 component=scna_exp component_id=9 lut_exp=0 scna_layout=0 scna_width=8 qo_len=4 kv_len=4096 n_heads=12 n_kv_heads=2 head_dim=128 kv_head=1 worker=1 block_r=12 block_c=3840 t0_us=261265252210 t1_us=261265252210 dur_us=0
FIG8_ATTENTION_EVENT mode=scna-fp16 layout=serial phase=measure iteration=0 component=scna_exp component_id=9 lut_exp=0 scna_layout=0 scna_width=8 qo_len=4 kv_len=4096 n_heads=12 n_kv_heads=2 head_dim=128 kv_head=1 worker=1 block_r=14 block_c=3840 t0_us=261265252211 t1_us=261265252211 dur_us=0
FIG8_ATTENTION_EVENT mode=scna-fp16 layout=serial phase=measure iteration=0 component=scna_exp component_id=9 lut_exp=0 scna_layout=0 scna_width=8 qo_len=4 kv_len=4096 n_heads=12 n_kv_heads=2 head_dim=128 kv_head=1 worker=1 block_r=16 block_c=3840 t0_us=261265252211 t1_us=261265252212 dur_us=0
FIG8_ATTENTION_EVENT mode=scna-fp16 layout=serial phase=measure iteration=0 component=scna_exp component_id=9 lut_exp=0 scna_layout=0 scna_width=8 qo_len=4 kv_len=4096 n_heads=12 n_kv_heads=2 head_dim=128 kv_head=1 worker=1 block_r=18 block_c=3840 t0_us=261265252212 t1_us=261265252212 dur_us=0
FIG8_ATTENTION_EVENT mode=scna-fp16 layout=serial phase=measure iteration=0 component=scna_exp component_id=9 lut_exp=0 scna_layout=0 scna_width=8 qo_len=4 kv_len=4096 n_heads=12 n_kv_heads=2 head_dim=128 kv_head=1 worker=1 block_r=20 block_c=3840 t0_us=261265252213 t1_us=261265252213 dur_us=0
FIG8_ATTENTION_EVENT mode=scna-fp16 layout=serial phase=measure iteration=0 component=scna_exp component_id=9 lut_exp=0 scna_layout=0 scna_width=8 qo_len=4 kv_len=4096 n_heads=12 n_kv_heads=2 head_dim=128 kv_head=1 worker=1 block_r=22 block_c=3840 t0_us=261265252213 t1_us=261265252214 dur_us=0
FIG8_ATTENTION_EVENT mode=scna-fp16 layout=serial phase=measure iteration=0 component=safe_sm component_id=5 lut_exp=0 scna_layout=0 scna_width=8 qo_len=4 kv_len=4096 n_heads=12 n_kv_heads=2 head_dim=128 kv_head=1 worker=1 block_r=0 block_c=3840 t0_us=261265252206 t1_us=261265252214 dur_us=7
FIG8_ATTENTION_EVENT mode=scna-fp16 layout=serial phase=measure iteration=0 component=v_load component_id=3 lut_exp=0 scna_layout=0 scna_width=8 qo_len=4 kv_len=4096 n_heads=12 n_kv_heads=2 head_dim=128 kv_head=1 worker=1 block_r=0 block_c=3840 t0_us=261265252214 t1_us=261265252216 dur_us=2
FIG8_ATTENTION_EVENT mode=scna-fp16 layout=serial phase=measure iteration=0 component=scna_exp component_id=9 lut_exp=0 scna_layout=0 scna_width=8 qo_len=4 kv_len=4096 n_heads=12 n_kv_heads=2 head_dim=128 kv_head=1 worker=1 block_r=0 block_c=3840 t0_us=261265252216 t1_us=261265252216 dur_us=0
FIG8_ATTENTION_EVENT mode=scna-fp16 layout=serial phase=measure iteration=0 component=core_acc component_id=6 lut_exp=0 scna_layout=0 scna_width=8 qo_len=4 kv_len=4096 n_heads=12 n_kv_heads=2 head_dim=128 kv_head=1 worker=1 block_r=0 block_c=3840 t0_us=261265252216 t1_us=261265252216 dur_us=0
FIG8_ATTENTION_EVENT mode=scna-fp16 layout=serial phase=measure iteration=0 component=o_scale component_id=7 lut_exp=0 scna_layout=0 scna_width=8 qo_len=4 kv_len=4096 n_heads=12 n_kv_heads=2 head_dim=128 kv_head=1 worker=1 block_r=0 block_c=-1 t0_us=261265252217 t1_us=261265252218 dur_us=1
FIG8_ATTENTION_EVENT mode=scna-fp16 layout=serial phase=measure iteration=0 component=o_store component_id=8 lut_exp=0 scna_layout=0 scna_width=8 qo_len=4 kv_len=4096 n_heads=12 n_kv_heads=2 head_dim=128 kv_head=1 worker=1 block_r=0 block_c=-1 t0_us=261265252218 t1_us=261265252220 dur_us=1
FIG8_ATTENTION_EVENT mode=scna-fp16 layout=serial phase=measure iteration=0 component=q_load component_id=1 lut_exp=0 scna_layout=0 scna_width=8 qo_len=4 kv_len=4096 n_heads=12 n_kv_heads=2 head_dim=128 kv_head=0 worker=1 block_r=0 block_c=-1 t0_us=261265252259 t1_us=261265252260 dur_us=1
FIG8_ATTENTION_EVENT mode=scna-fp16 layout=serial phase=measure iteration=0 component=k_load component_id=2 lut_exp=0 scna_layout=0 scna_width=8 qo_len=4 kv_len=4096 n_heads=12 n_kv_heads=2 head_dim=128 kv_head=0 worker=1 block_r=0 block_c=0 t0_us=261265252261 t1_us=261265252282 dur_us=20
FIG8_ATTENTION_EVENT mode=scna-fp16 layout=serial phase=measure iteration=0 component=qk_dot component_id=4 lut_exp=0 scna_layout=0 scna_width=8 qo_len=4 kv_len=4096 n_heads=12 n_kv_heads=2 head_dim=128 kv_head=0 worker=1 block_r=0 block_c=0 t0_us=261265252283 t1_us=261265252284 dur_us=1
FIG8_ATTENTION_EVENT mode=scna-fp16 layout=serial phase=measure iteration=0 component=scna_exp component_id=9 lut_exp=0 scna_layout=0 scna_width=8 qo_len=4 kv_len=4096 n_heads=12 n_kv_heads=2 head_dim=128 kv_head=0 worker=1 block_r=0 block_c=0 t0_us=261265252286 t1_us=261265252289 dur_us=3
FIG8_ATTENTION_EVENT mode=scna-fp16 layout=serial phase=measure iteration=0 component=scna_exp component_id=9 lut_exp=0 scna_layout=0 scna_width=8 qo_len=4 kv_len=4096 n_heads=12 n_kv_heads=2 head_dim=128 kv_head=0 worker=1 block_r=2 block_c=0 t0_us=261265252290 t1_us=261265252292 dur_us=1
FIG8_ATTENTION_EVENT mode=scna-fp16 layout=serial phase=measure iteration=0 component=scna_exp component_id=9 lut_exp=0 scna_layout=0 scna_width=8 qo_len=4 kv_len=4096 n_heads=12 n_kv_heads=2 head_dim=128 kv_head=0 worker=1 block_r=4 block_c=0 t0_us=261265252292 t1_us=261265252294 dur_us=1
FIG8_ATTENTION_EVENT mode=scna-fp16 layout=serial phase=measure iteration=0 component=scna_exp component_id=9 lut_exp=0 scna_layout=0 scna_width=8 qo_len=4 kv_len=4096 n_heads=12 n_kv_heads=2 head_dim=128 kv_head=0 worker=1 block_r=6 block_c=0 t0_us=261265252295 t1_us=261265252296 dur_us=1
FIG8_ATTENTION_EVENT mode=scna-fp16 layout=serial phase=measure iteration=0 component=scna_exp component_id=9 lut_exp=0 scna_layout=0 scna_width=8 qo_len=4 kv_len=4096 n_heads=12 n_kv_heads=2 head_dim=128 kv_head=0 worker=1 block_r=8 block_c=0 t0_us=261265252297 t1_us=261265252298 dur_us=1
FIG8_ATTENTION_EVENT mode=scna-fp16 layout=serial phase=measure iteration=0 component=scna_exp component_id=9 lut_exp=0 scna_layout=0 scna_width=8 qo_len=4 kv_len=4096 n_heads=12 n_kv_heads=2 head_dim=128 kv_head=0 worker=1 block_r=10 block_c=0 t0_us=261265252299 t1_us=261265252300 dur_us=1
FIG8_ATTENTION_EVENT mode=scna-fp16 layout=serial phase=measure iteration=0 component=scna_exp component_id=9 lut_exp=0 scna_layout=0 scna_width=8 qo_len=4 kv_len=4096 n_heads=12 n_kv_heads=2 head_dim=128 kv_head=0 worker=1 block_r=12 block_c=0 t0_us=261265252302 t1_us=261265252303 dur_us=1
FIG8_ATTENTION_EVENT mode=scna-fp16 layout=serial phase=measure iteration=0 component=scna_exp component_id=9 lut_exp=0 scna_layout=0 scna_width=8 qo_len=4 kv_len=4096 n_heads=12 n_kv_heads=2 head_dim=128 kv_head=0 worker=1 block_r=14 block_c=0 t0_us=261265252304 t1_us=261265252305 dur_us=1
FIG8_ATTENTION_EVENT mode=scna-fp16 layout=serial phase=measure iteration=0 component=scna_exp component_id=9 lut_exp=0 scna_layout=0 scna_width=8 qo_len=4 kv_len=4096 n_heads=12 n_kv_heads=2 head_dim=128 kv_head=0 worker=1 block_r=16 block_c=0 t0_us=261265252306 t1_us=261265252307 dur_us=1
FIG8_ATTENTION_EVENT mode=scna-fp16 layout=serial phase=measure iteration=0 component=scna_exp component_id=9 lut_exp=0 scna_layout=0 scna_width=8 qo_len=4 kv_len=4096 n_heads=12 n_kv_heads=2 head_dim=128 kv_head=0 worker=1 block_r=18 block_c=0 t0_us=261265252308 t1_us=261265252310 dur_us=1
FIG8_ATTENTION_EVENT mode=scna-fp16 layout=serial phase=measure iteration=0 component=scna_exp component_id=9 lut_exp=0 scna_layout=0 scna_width=8 qo_len=4 kv_len=4096 n_heads=12 n_kv_heads=2 head_dim=128 kv_head=0 worker=1 block_r=20 block_c=0 t0_us=261265252310 t1_us=261265252312 dur_us=1
FIG8_ATTENTION_EVENT mode=scna-fp16 layout=serial phase=measure iteration=0 component=scna_exp component_id=9 lut_exp=0 scna_layout=0 scna_width=8 qo_len=4 kv_len=4096 n_heads=12 n_kv_heads=2 head_dim=128 kv_head=0 worker=1 block_r=22 block_c=0 t0_us=261265252312 t1_us=261265252314 dur_us=1
FIG8_ATTENTION_EVENT mode=scna-fp16 layout=serial phase=measure iteration=0 component=safe_sm component_id=5 lut_exp=0 scna_layout=0 scna_width=8 qo_len=4 kv_len=4096 n_heads=12 n_kv_heads=2 head_dim=128 kv_head=0 worker=1 block_r=0 block_c=0 t0_us=261265252284 t1_us=261265252314 dur_us=30
FIG8_ATTENTION_EVENT mode=scna-fp16 layout=serial phase=measure iteration=0 component=v_load component_id=3 lut_exp=0 scna_layout=0 scna_width=8 qo_len=4 kv_len=4096 n_heads=12 n_kv_heads=2 head_dim=128 kv_head=0 worker=1 block_r=0 block_c=0 t0_us=261265252314 t1_us=261265252330 dur_us=15
FIG8_ATTENTION_EVENT mode=scna-fp16 layout=serial phase=measure iteration=0 component=scna_exp component_id=9 lut_exp=0 scna_layout=0 scna_width=8 qo_len=4 kv_len=4096 n_heads=12 n_kv_heads=2 head_dim=128 kv_head=0 worker=1 block_r=0 block_c=0 t0_us=261265252331 t1_us=261265252331 dur_us=0
FIG8_ATTENTION_EVENT mode=scna-fp16 layout=serial phase=measure iteration=0 component=core_acc component_id=6 lut_exp=0 scna_layout=0 scna_width=8 qo_len=4 kv_len=4096 n_heads=12 n_kv_heads=2 head_dim=128 kv_head=0 worker=1 block_r=0 block_c=0 t0_us=261265252330 t1_us=261265252334 dur_us=3
FIG8_ATTENTION_EVENT mode=scna-fp16 layout=serial phase=measure iteration=0 component=k_load component_id=2 lut_exp=0 scna_layout=0 scna_width=8 qo_len=4 kv_len=4096 n_heads=12 n_kv_heads=2 head_dim=128 kv_head=0 worker=1 block_r=0 block_c=1280 t0_us=261265252334 t1_us=261265252356 dur_us=22
FIG8_ATTENTION_EVENT mode=scna-fp16 layout=serial phase=measure iteration=0 component=qk_dot component_id=4 lut_exp=0 scna_layout=0 scna_width=8 qo_len=4 kv_len=4096 n_heads=12 n_kv_heads=2 head_dim=128 kv_head=0 worker=1 block_r=0 block_c=1280 t0_us=261265252357 t1_us=261265252357 dur_us=0
FIG8_ATTENTION_EVENT mode=scna-fp16 layout=serial phase=measure iteration=0 component=scna_exp component_id=9 lut_exp=0 scna_layout=0 scna_width=8 qo_len=4 kv_len=4096 n_heads=12 n_kv_heads=2 head_dim=128 kv_head=0 worker=1 block_r=0 block_c=1280 t0_us=261265252358 t1_us=261265252360 dur_us=1
FIG8_ATTENTION_EVENT mode=scna-fp16 layout=serial phase=measure iteration=0 component=scna_exp component_id=9 lut_exp=0 scna_layout=0 scna_width=8 qo_len=4 kv_len=4096 n_heads=12 n_kv_heads=2 head_dim=128 kv_head=0 worker=1 block_r=2 block_c=1280 t0_us=261265252360 t1_us=261265252362 dur_us=1
FIG8_ATTENTION_EVENT mode=scna-fp16 layout=serial phase=measure iteration=0 component=scna_exp component_id=9 lut_exp=0 scna_layout=0 scna_width=8 qo_len=4 kv_len=4096 n_heads=12 n_kv_heads=2 head_dim=128 kv_head=0 worker=1 block_r=4 block_c=1280 t0_us=261265252362 t1_us=261265252364 dur_us=1
FIG8_ATTENTION_EVENT mode=scna-fp16 layout=serial phase=measure iteration=0 component=scna_exp component_id=9 lut_exp=0 scna_layout=0 scna_width=8 qo_len=4 kv_len=4096 n_heads=12 n_kv_heads=2 head_dim=128 kv_head=0 worker=1 block_r=6 block_c=1280 t0_us=261265252365 t1_us=261265252367 dur_us=1
FIG8_ATTENTION_EVENT mode=scna-fp16 layout=serial phase=measure iteration=0 component=scna_exp component_id=9 lut_exp=0 scna_layout=0 scna_width=8 qo_len=4 kv_len=4096 n_heads=12 n_kv_heads=2 head_dim=128 kv_head=0 worker=1 block_r=8 block_c=1280 t0_us=261265252367 t1_us=261265252369 dur_us=1
FIG8_ATTENTION_EVENT mode=scna-fp16 layout=serial phase=measure iteration=0 component=scna_exp component_id=9 lut_exp=0 scna_layout=0 scna_width=8 qo_len=4 kv_len=4096 n_heads=12 n_kv_heads=2 head_dim=128 kv_head=0 worker=1 block_r=10 block_c=1280 t0_us=261265252369 t1_us=261265252371 dur_us=1
FIG8_ATTENTION_EVENT mode=scna-fp16 layout=serial phase=measure iteration=0 component=scna_exp component_id=9 lut_exp=0 scna_layout=0 scna_width=8 qo_len=4 kv_len=4096 n_heads=12 n_kv_heads=2 head_dim=128 kv_head=0 worker=1 block_r=12 block_c=1280 t0_us=261265252372 t1_us=261265252373 dur_us=1
FIG8_ATTENTION_EVENT mode=scna-fp16 layout=serial phase=measure iteration=0 component=scna_exp component_id=9 lut_exp=0 scna_layout=0 scna_width=8 qo_len=4 kv_len=4096 n_heads=12 n_kv_heads=2 head_dim=128 kv_head=0 worker=1 block_r=14 block_c=1280 t0_us=261265252374 t1_us=261265252375 dur_us=1
FIG8_ATTENTION_EVENT mode=scna-fp16 layout=serial phase=measure iteration=0 component=scna_exp component_id=9 lut_exp=0 scna_layout=0 scna_width=8 qo_len=4 kv_len=4096 n_heads=12 n_kv_heads=2 head_dim=128 kv_head=0 worker=1 block_r=16 block_c=1280 t0_us=261265252376 t1_us=261265252377 dur_us=1
FIG8_ATTENTION_EVENT mode=scna-fp16 layout=serial phase=measure iteration=0 component=scna_exp component_id=9 lut_exp=0 scna_layout=0 scna_width=8 qo_len=4 kv_len=4096 n_heads=12 n_kv_heads=2 head_dim=128 kv_head=0 worker=1 block_r=18 block_c=1280 t0_us=261265252378 t1_us=261265252380 dur_us=1
FIG8_ATTENTION_EVENT mode=scna-fp16 layout=serial phase=measure iteration=0 component=scna_exp component_id=9 lut_exp=0 scna_layout=0 scna_width=8 qo_len=4 kv_len=4096 n_heads=12 n_kv_heads=2 head_dim=128 kv_head=0 worker=1 block_r=20 block_c=1280 t0_us=261265252380 t1_us=261265252382 dur_us=1
FIG8_ATTENTION_EVENT mode=scna-fp16 layout=serial phase=measure iteration=0 component=scna_exp component_id=9 lut_exp=0 scna_layout=0 scna_width=8 qo_len=4 kv_len=4096 n_heads=12 n_kv_heads=2 head_dim=128 kv_head=0 worker=1 block_r=22 block_c=1280 t0_us=261265252382 t1_us=261265252384 dur_us=1
FIG8_ATTENTION_EVENT mode=scna-fp16 layout=serial phase=measure iteration=0 component=safe_sm component_id=5 lut_exp=0 scna_layout=0 scna_width=8 qo_len=4 kv_len=4096 n_heads=12 n_kv_heads=2 head_dim=128 kv_head=0 worker=1 block_r=0 block_c=1280 t0_us=261265252357 t1_us=261265252384 dur_us=26
FIG8_ATTENTION_EVENT mode=scna-fp16 layout=serial phase=measure iteration=0 component=v_load component_id=3 lut_exp=0 scna_layout=0 scna_width=8 qo_len=4 kv_len=4096 n_heads=12 n_kv_heads=2 head_dim=128 kv_head=0 worker=1 block_r=0 block_c=1280 t0_us=261265252384 t1_us=261265252407 dur_us=23
FIG8_ATTENTION_EVENT mode=scna-fp16 layout=serial phase=measure iteration=0 component=scna_exp component_id=9 lut_exp=0 scna_layout=0 scna_width=8 qo_len=4 kv_len=4096 n_heads=12 n_kv_heads=2 head_dim=128 kv_head=0 worker=1 block_r=0 block_c=1280 t0_us=261265252407 t1_us=261265252408 dur_us=0
FIG8_ATTENTION_EVENT mode=scna-fp16 layout=serial phase=measure iteration=0 component=core_acc component_id=6 lut_exp=0 scna_layout=0 scna_width=8 qo_len=4 kv_len=4096 n_heads=12 n_kv_heads=2 head_dim=128 kv_head=0 worker=1 block_r=0 block_c=1280 t0_us=261265252407 t1_us=261265252408 dur_us=0
FIG8_ATTENTION_EVENT mode=scna-fp16 layout=serial phase=measure iteration=0 component=k_load component_id=2 lut_exp=0 scna_layout=0 scna_width=8 qo_len=4 kv_len=4096 n_heads=12 n_kv_heads=2 head_dim=128 kv_head=0 worker=1 block_r=0 block_c=2560 t0_us=261265252408 t1_us=261265252429 dur_us=20
FIG8_ATTENTION_EVENT mode=scna-fp16 layout=serial phase=measure iteration=0 component=qk_dot component_id=4 lut_exp=0 scna_layout=0 scna_width=8 qo_len=4 kv_len=4096 n_heads=12 n_kv_heads=2 head_dim=128 kv_head=0 worker=1 block_r=0 block_c=2560 t0_us=261265252429 t1_us=261265252429 dur_us=0
FIG8_ATTENTION_EVENT mode=scna-fp16 layout=serial phase=measure iteration=0 component=scna_exp component_id=9 lut_exp=0 scna_layout=0 scna_width=8 qo_len=4 kv_len=4096 n_heads=12 n_kv_heads=2 head_dim=128 kv_head=0 worker=1 block_r=0 block_c=2560 t0_us=261265252431 t1_us=261265252432 dur_us=1
FIG8_ATTENTION_EVENT mode=scna-fp16 layout=serial phase=measure iteration=0 component=scna_exp component_id=9 lut_exp=0 scna_layout=0 scna_width=8 qo_len=4 kv_len=4096 n_heads=12 n_kv_heads=2 head_dim=128 kv_head=0 worker=1 block_r=2 block_c=2560 t0_us=261265252433 t1_us=261265252434 dur_us=1
FIG8_ATTENTION_EVENT mode=scna-fp16 layout=serial phase=measure iteration=0 component=scna_exp component_id=9 lut_exp=0 scna_layout=0 scna_width=8 qo_len=4 kv_len=4096 n_heads=12 n_kv_heads=2 head_dim=128 kv_head=0 worker=1 block_r=4 block_c=2560 t0_us=261265252435 t1_us=261265252436 dur_us=1
FIG8_ATTENTION_EVENT mode=scna-fp16 layout=serial phase=measure iteration=0 component=scna_exp component_id=9 lut_exp=0 scna_layout=0 scna_width=8 qo_len=4 kv_len=4096 n_heads=12 n_kv_heads=2 head_dim=128 kv_head=0 worker=1 block_r=6 block_c=2560 t0_us=261265252438 t1_us=261265252439 dur_us=1
FIG8_ATTENTION_EVENT mode=scna-fp16 layout=serial phase=measure iteration=0 component=scna_exp component_id=9 lut_exp=0 scna_layout=0 scna_width=8 qo_len=4 kv_len=4096 n_heads=12 n_kv_heads=2 head_dim=128 kv_head=0 worker=1 block_r=8 block_c=2560 t0_us=261265252440 t1_us=261265252441 dur_us=1
FIG8_ATTENTION_EVENT mode=scna-fp16 layout=serial phase=measure iteration=0 component=scna_exp component_id=9 lut_exp=0 scna_layout=0 scna_width=8 qo_len=4 kv_len=4096 n_heads=12 n_kv_heads=2 head_dim=128 kv_head=0 worker=1 block_r=10 block_c=2560 t0_us=261265252442 t1_us=261265252443 dur_us=1
FIG8_ATTENTION_EVENT mode=scna-fp16 layout=serial phase=measure iteration=0 component=scna_exp component_id=9 lut_exp=0 scna_layout=0 scna_width=8 qo_len=4 kv_len=4096 n_heads=12 n_kv_heads=2 head_dim=128 kv_head=0 worker=1 block_r=12 block_c=2560 t0_us=261265252445 t1_us=261265252446 dur_us=1
FIG8_ATTENTION_EVENT mode=scna-fp16 layout=serial phase=measure iteration=0 component=scna_exp component_id=9 lut_exp=0 scna_layout=0 scna_width=8 qo_len=4 kv_len=4096 n_heads=12 n_kv_heads=2 head_dim=128 kv_head=0 worker=1 block_r=14 block_c=2560 t0_us=261265252447 t1_us=261265252448 dur_us=1
FIG8_ATTENTION_EVENT mode=scna-fp16 layout=serial phase=measure iteration=0 component=scna_exp component_id=9 lut_exp=0 scna_layout=0 scna_width=8 qo_len=4 kv_len=4096 n_heads=12 n_kv_heads=2 head_dim=128 kv_head=0 worker=1 block_r=16 block_c=2560 t0_us=261265252449 t1_us=261265252450 dur_us=1
FIG8_ATTENTION_EVENT mode=scna-fp16 layout=serial phase=measure iteration=0 component=scna_exp component_id=9 lut_exp=0 scna_layout=0 scna_width=8 qo_len=4 kv_len=4096 n_heads=12 n_kv_heads=2 head_dim=128 kv_head=0 worker=1 block_r=18 block_c=2560 t0_us=261265252451 t1_us=261265252453 dur_us=1
FIG8_ATTENTION_EVENT mode=scna-fp16 layout=serial phase=measure iteration=0 component=scna_exp component_id=9 lut_exp=0 scna_layout=0 scna_width=8 qo_len=4 kv_len=4096 n_heads=12 n_kv_heads=2 head_dim=128 kv_head=0 worker=1 block_r=20 block_c=2560 t0_us=261265252453 t1_us=261265252455 dur_us=1
FIG8_ATTENTION_EVENT mode=scna-fp16 layout=serial phase=measure iteration=0 component=scna_exp component_id=9 lut_exp=0 scna_layout=0 scna_width=8 qo_len=4 kv_len=4096 n_heads=12 n_kv_heads=2 head_dim=128 kv_head=0 worker=1 block_r=22 block_c=2560 t0_us=261265252455 t1_us=261265252457 dur_us=1
FIG8_ATTENTION_EVENT mode=scna-fp16 layout=serial phase=measure iteration=0 component=safe_sm component_id=5 lut_exp=0 scna_layout=0 scna_width=8 qo_len=4 kv_len=4096 n_heads=12 n_kv_heads=2 head_dim=128 kv_head=0 worker=1 block_r=0 block_c=2560 t0_us=261265252429 t1_us=261265252457 dur_us=27
FIG8_ATTENTION_EVENT mode=scna-fp16 layout=serial phase=measure iteration=0 component=v_load component_id=3 lut_exp=0 scna_layout=0 scna_width=8 qo_len=4 kv_len=4096 n_heads=12 n_kv_heads=2 head_dim=128 kv_head=0 worker=1 block_r=0 block_c=2560 t0_us=261265252457 t1_us=261265252480 dur_us=23
FIG8_ATTENTION_EVENT mode=scna-fp16 layout=serial phase=measure iteration=0 component=scna_exp component_id=9 lut_exp=0 scna_layout=0 scna_width=8 qo_len=4 kv_len=4096 n_heads=12 n_kv_heads=2 head_dim=128 kv_head=0 worker=1 block_r=0 block_c=2560 t0_us=261265252480 t1_us=261265252480 dur_us=0
FIG8_ATTENTION_EVENT mode=scna-fp16 layout=serial phase=measure iteration=0 component=core_acc component_id=6 lut_exp=0 scna_layout=0 scna_width=8 qo_len=4 kv_len=4096 n_heads=12 n_kv_heads=2 head_dim=128 kv_head=0 worker=1 block_r=0 block_c=2560 t0_us=261265252480 t1_us=261265252480 dur_us=0
FIG8_ATTENTION_EVENT mode=scna-fp16 layout=serial phase=measure iteration=0 component=k_load component_id=2 lut_exp=0 scna_layout=0 scna_width=8 qo_len=4 kv_len=4096 n_heads=12 n_kv_heads=2 head_dim=128 kv_head=0 worker=1 block_r=0 block_c=3840 t0_us=261265252480 t1_us=261265252484 dur_us=4
FIG8_ATTENTION_EVENT mode=scna-fp16 layout=serial phase=measure iteration=0 component=qk_dot component_id=4 lut_exp=0 scna_layout=0 scna_width=8 qo_len=4 kv_len=4096 n_heads=12 n_kv_heads=2 head_dim=128 kv_head=0 worker=1 block_r=0 block_c=3840 t0_us=261265252485 t1_us=261265252485 dur_us=0
FIG8_ATTENTION_EVENT mode=scna-fp16 layout=serial phase=measure iteration=0 component=scna_exp component_id=9 lut_exp=0 scna_layout=0 scna_width=8 qo_len=4 kv_len=4096 n_heads=12 n_kv_heads=2 head_dim=128 kv_head=0 worker=1 block_r=0 block_c=3840 t0_us=261265252485 t1_us=261265252485 dur_us=0
FIG8_ATTENTION_EVENT mode=scna-fp16 layout=serial phase=measure iteration=0 component=scna_exp component_id=9 lut_exp=0 scna_layout=0 scna_width=8 qo_len=4 kv_len=4096 n_heads=12 n_kv_heads=2 head_dim=128 kv_head=0 worker=1 block_r=2 block_c=3840 t0_us=261265252486 t1_us=261265252486 dur_us=0
FIG8_ATTENTION_EVENT mode=scna-fp16 layout=serial phase=measure iteration=0 component=scna_exp component_id=9 lut_exp=0 scna_layout=0 scna_width=8 qo_len=4 kv_len=4096 n_heads=12 n_kv_heads=2 head_dim=128 kv_head=0 worker=1 block_r=4 block_c=3840 t0_us=261265252486 t1_us=261265252487 dur_us=0
FIG8_ATTENTION_EVENT mode=scna-fp16 layout=serial phase=measure iteration=0 component=scna_exp component_id=9 lut_exp=0 scna_layout=0 scna_width=8 qo_len=4 kv_len=4096 n_heads=12 n_kv_heads=2 head_dim=128 kv_head=0 worker=1 block_r=6 block_c=3840 t0_us=261265252487 t1_us=261265252487 dur_us=0
FIG8_ATTENTION_EVENT mode=scna-fp16 layout=serial phase=measure iteration=0 component=scna_exp component_id=9 lut_exp=0 scna_layout=0 scna_width=8 qo_len=4 kv_len=4096 n_heads=12 n_kv_heads=2 head_dim=128 kv_head=0 worker=1 block_r=8 block_c=3840 t0_us=261265252488 t1_us=261265252488 dur_us=0
FIG8_ATTENTION_EVENT mode=scna-fp16 layout=serial phase=measure iteration=0 component=scna_exp component_id=9 lut_exp=0 scna_layout=0 scna_width=8 qo_len=4 kv_len=4096 n_heads=12 n_kv_heads=2 head_dim=128 kv_head=0 worker=1 block_r=10 block_c=3840 t0_us=261265252488 t1_us=261265252488 dur_us=0
FIG8_ATTENTION_EVENT mode=scna-fp16 layout=serial phase=measure iteration=0 component=scna_exp component_id=9 lut_exp=0 scna_layout=0 scna_width=8 qo_len=4 kv_len=4096 n_heads=12 n_kv_heads=2 head_dim=128 kv_head=0 worker=1 block_r=12 block_c=3840 t0_us=261265252489 t1_us=261265252489 dur_us=0
FIG8_ATTENTION_EVENT mode=scna-fp16 layout=serial phase=measure iteration=0 component=scna_exp component_id=9 lut_exp=0 scna_layout=0 scna_width=8 qo_len=4 kv_len=4096 n_heads=12 n_kv_heads=2 head_dim=128 kv_head=0 worker=1 block_r=14 block_c=3840 t0_us=261265252490 t1_us=261265252490 dur_us=0
FIG8_ATTENTION_EVENT mode=scna-fp16 layout=serial phase=measure iteration=0 component=scna_exp component_id=9 lut_exp=0 scna_layout=0 scna_width=8 qo_len=4 kv_len=4096 n_heads=12 n_kv_heads=2 head_dim=128 kv_head=0 worker=1 block_r=16 block_c=3840 t0_us=261265252490 t1_us=261265252490 dur_us=0
FIG8_ATTENTION_EVENT mode=scna-fp16 layout=serial phase=measure iteration=0 component=scna_exp component_id=9 lut_exp=0 scna_layout=0 scna_width=8 qo_len=4 kv_len=4096 n_heads=12 n_kv_heads=2 head_dim=128 kv_head=0 worker=1 block_r=18 block_c=3840 t0_us=261265252491 t1_us=261265252491 dur_us=0
FIG8_ATTENTION_EVENT mode=scna-fp16 layout=serial phase=measure iteration=0 component=scna_exp component_id=9 lut_exp=0 scna_layout=0 scna_width=8 qo_len=4 kv_len=4096 n_heads=12 n_kv_heads=2 head_dim=128 kv_head=0 worker=1 block_r=20 block_c=3840 t0_us=261265252491 t1_us=261265252492 dur_us=0
FIG8_ATTENTION_EVENT mode=scna-fp16 layout=serial phase=measure iteration=0 component=scna_exp component_id=9 lut_exp=0 scna_layout=0 scna_width=8 qo_len=4 kv_len=4096 n_heads=12 n_kv_heads=2 head_dim=128 kv_head=0 worker=1 block_r=22 block_c=3840 t0_us=261265252492 t1_us=261265252492 dur_us=0
FIG8_ATTENTION_EVENT mode=scna-fp16 layout=serial phase=measure iteration=0 component=safe_sm component_id=5 lut_exp=0 scna_layout=0 scna_width=8 qo_len=4 kv_len=4096 n_heads=12 n_kv_heads=2 head_dim=128 kv_head=0 worker=1 block_r=0 block_c=3840 t0_us=261265252485 t1_us=261265252493 dur_us=7
FIG8_ATTENTION_EVENT mode=scna-fp16 layout=serial phase=measure iteration=0 component=v_load component_id=3 lut_exp=0 scna_layout=0 scna_width=8 qo_len=4 kv_len=4096 n_heads=12 n_kv_heads=2 head_dim=128 kv_head=0 worker=1 block_r=0 block_c=3840 t0_us=261265252493 t1_us=261265252495 dur_us=2
FIG8_ATTENTION_EVENT mode=scna-fp16 layout=serial phase=measure iteration=0 component=scna_exp component_id=9 lut_exp=0 scna_layout=0 scna_width=8 qo_len=4 kv_len=4096 n_heads=12 n_kv_heads=2 head_dim=128 kv_head=0 worker=1 block_r=0 block_c=3840 t0_us=261265252495 t1_us=261265252495 dur_us=0
FIG8_ATTENTION_EVENT mode=scna-fp16 layout=serial phase=measure iteration=0 component=core_acc component_id=6 lut_exp=0 scna_layout=0 scna_width=8 qo_len=4 kv_len=4096 n_heads=12 n_kv_heads=2 head_dim=128 kv_head=0 worker=1 block_r=0 block_c=3840 t0_us=261265252495 t1_us=261265252495 dur_us=0
FIG8_ATTENTION_EVENT mode=scna-fp16 layout=serial phase=measure iteration=0 component=o_scale component_id=7 lut_exp=0 scna_layout=0 scna_width=8 qo_len=4 kv_len=4096 n_heads=12 n_kv_heads=2 head_dim=128 kv_head=0 worker=1 block_r=0 block_c=-1 t0_us=261265252495 t1_us=261265252497 dur_us=1
FIG8_ATTENTION_EVENT mode=scna-fp16 layout=serial phase=measure iteration=0 component=o_store component_id=8 lut_exp=0 scna_layout=0 scna_width=8 qo_len=4 kv_len=4096 n_heads=12 n_kv_heads=2 head_dim=128 kv_head=0 worker=1 block_r=0 block_c=-1 t0_us=261265252497 t1_us=261265252499 dur_us=2
FIG8_ATTENTION_EVENT mode=scna-fp16 layout=serial phase=measure iteration=0 component=q_load component_id=1 lut_exp=0 scna_layout=0 scna_width=8 qo_len=4 kv_len=4096 n_heads=12 n_kv_heads=2 head_dim=128 kv_head=1 worker=1 block_r=0 block_c=-1 t0_us=261265252539 t1_us=261265252540 dur_us=1
FIG8_ATTENTION_EVENT mode=scna-fp16 layout=serial phase=measure iteration=0 component=k_load component_id=2 lut_exp=0 scna_layout=0 scna_width=8 qo_len=4 kv_len=4096 n_heads=12 n_kv_heads=2 head_dim=128 kv_head=1 worker=1 block_r=0 block_c=0 t0_us=261265252541 t1_us=261265252562 dur_us=20
FIG8_ATTENTION_EVENT mode=scna-fp16 layout=serial phase=measure iteration=0 component=qk_dot component_id=4 lut_exp=0 scna_layout=0 scna_width=8 qo_len=4 kv_len=4096 n_heads=12 n_kv_heads=2 head_dim=128 kv_head=1 worker=1 block_r=0 block_c=0 t0_us=261265252563 t1_us=261265252564 dur_us=1
FIG8_ATTENTION_EVENT mode=scna-fp16 layout=serial phase=measure iteration=0 component=scna_exp component_id=9 lut_exp=0 scna_layout=0 scna_width=8 qo_len=4 kv_len=4096 n_heads=12 n_kv_heads=2 head_dim=128 kv_head=1 worker=1 block_r=0 block_c=0 t0_us=261265252566 t1_us=261265252569 dur_us=2
FIG8_ATTENTION_EVENT mode=scna-fp16 layout=serial phase=measure iteration=0 component=scna_exp component_id=9 lut_exp=0 scna_layout=0 scna_width=8 qo_len=4 kv_len=4096 n_heads=12 n_kv_heads=2 head_dim=128 kv_head=1 worker=1 block_r=2 block_c=0 t0_us=261265252570 t1_us=261265252571 dur_us=1
FIG8_ATTENTION_EVENT mode=scna-fp16 layout=serial phase=measure iteration=0 component=scna_exp component_id=9 lut_exp=0 scna_layout=0 scna_width=8 qo_len=4 kv_len=4096 n_heads=12 n_kv_heads=2 head_dim=128 kv_head=1 worker=1 block_r=4 block_c=0 t0_us=261265252572 t1_us=261265252573 dur_us=1
FIG8_ATTENTION_EVENT mode=scna-fp16 layout=serial phase=measure iteration=0 component=scna_exp component_id=9 lut_exp=0 scna_layout=0 scna_width=8 qo_len=4 kv_len=4096 n_heads=12 n_kv_heads=2 head_dim=128 kv_head=1 worker=1 block_r=6 block_c=0 t0_us=261265252575 t1_us=261265252576 dur_us=1
FIG8_ATTENTION_EVENT mode=scna-fp16 layout=serial phase=measure iteration=0 component=scna_exp component_id=9 lut_exp=0 scna_layout=0 scna_width=8 qo_len=4 kv_len=4096 n_heads=12 n_kv_heads=2 head_dim=128 kv_head=1 worker=1 block_r=8 block_c=0 t0_us=261265252577 t1_us=261265252578 dur_us=1
FIG8_ATTENTION_EVENT mode=scna-fp16 layout=serial phase=measure iteration=0 component=scna_exp component_id=9 lut_exp=0 scna_layout=0 scna_width=8 qo_len=4 kv_len=4096 n_heads=12 n_kv_heads=2 head_dim=128 kv_head=1 worker=1 block_r=10 block_c=0 t0_us=261265252579 t1_us=261265252580 dur_us=1
FIG8_ATTENTION_EVENT mode=scna-fp16 layout=serial phase=measure iteration=0 component=scna_exp component_id=9 lut_exp=0 scna_layout=0 scna_width=8 qo_len=4 kv_len=4096 n_heads=12 n_kv_heads=2 head_dim=128 kv_head=1 worker=1 block_r=12 block_c=0 t0_us=261265252581 t1_us=261265252583 dur_us=1
FIG8_ATTENTION_EVENT mode=scna-fp16 layout=serial phase=measure iteration=0 component=scna_exp component_id=9 lut_exp=0 scna_layout=0 scna_width=8 qo_len=4 kv_len=4096 n_heads=12 n_kv_heads=2 head_dim=128 kv_head=1 worker=1 block_r=14 block_c=0 t0_us=261265252583 t1_us=261265252585 dur_us=1
FIG8_ATTENTION_EVENT mode=scna-fp16 layout=serial phase=measure iteration=0 component=scna_exp component_id=9 lut_exp=0 scna_layout=0 scna_width=8 qo_len=4 kv_len=4096 n_heads=12 n_kv_heads=2 head_dim=128 kv_head=1 worker=1 block_r=16 block_c=0 t0_us=261265252585 t1_us=261265252587 dur_us=1
FIG8_ATTENTION_EVENT mode=scna-fp16 layout=serial phase=measure iteration=0 component=scna_exp component_id=9 lut_exp=0 scna_layout=0 scna_width=8 qo_len=4 kv_len=4096 n_heads=12 n_kv_heads=2 head_dim=128 kv_head=1 worker=1 block_r=18 block_c=0 t0_us=261265252588 t1_us=261265252589 dur_us=1
FIG8_ATTENTION_EVENT mode=scna-fp16 layout=serial phase=measure iteration=0 component=scna_exp component_id=9 lut_exp=0 scna_layout=0 scna_width=8 qo_len=4 kv_len=4096 n_heads=12 n_kv_heads=2 head_dim=128 kv_head=1 worker=1 block_r=20 block_c=0 t0_us=261265252590 t1_us=261265252591 dur_us=1
FIG8_ATTENTION_EVENT mode=scna-fp16 layout=serial phase=measure iteration=0 component=scna_exp component_id=9 lut_exp=0 scna_layout=0 scna_width=8 qo_len=4 kv_len=4096 n_heads=12 n_kv_heads=2 head_dim=128 kv_head=1 worker=1 block_r=22 block_c=0 t0_us=261265252592 t1_us=261265252593 dur_us=1
FIG8_ATTENTION_EVENT mode=scna-fp16 layout=serial phase=measure iteration=0 component=safe_sm component_id=5 lut_exp=0 scna_layout=0 scna_width=8 qo_len=4 kv_len=4096 n_heads=12 n_kv_heads=2 head_dim=128 kv_head=1 worker=1 block_r=0 block_c=0 t0_us=261265252564 t1_us=261265252594 dur_us=29
FIG8_ATTENTION_EVENT mode=scna-fp16 layout=serial phase=measure iteration=0 component=v_load component_id=3 lut_exp=0 scna_layout=0 scna_width=8 qo_len=4 kv_len=4096 n_heads=12 n_kv_heads=2 head_dim=128 kv_head=1 worker=1 block_r=0 block_c=0 t0_us=261265252594 t1_us=261265252612 dur_us=17
FIG8_ATTENTION_EVENT mode=scna-fp16 layout=serial phase=measure iteration=0 component=scna_exp component_id=9 lut_exp=0 scna_layout=0 scna_width=8 qo_len=4 kv_len=4096 n_heads=12 n_kv_heads=2 head_dim=128 kv_head=1 worker=1 block_r=0 block_c=0 t0_us=261265252613 t1_us=261265252613 dur_us=0
FIG8_ATTENTION_EVENT mode=scna-fp16 layout=serial phase=measure iteration=0 component=core_acc component_id=6 lut_exp=0 scna_layout=0 scna_width=8 qo_len=4 kv_len=4096 n_heads=12 n_kv_heads=2 head_dim=128 kv_head=1 worker=1 block_r=0 block_c=0 t0_us=261265252612 t1_us=261265252615 dur_us=2
FIG8_ATTENTION_EVENT mode=scna-fp16 layout=serial phase=measure iteration=0 component=k_load component_id=2 lut_exp=0 scna_layout=0 scna_width=8 qo_len=4 kv_len=4096 n_heads=12 n_kv_heads=2 head_dim=128 kv_head=1 worker=1 block_r=0 block_c=1280 t0_us=261265252615 t1_us=261265252639 dur_us=23
FIG8_ATTENTION_EVENT mode=scna-fp16 layout=serial phase=measure iteration=0 component=qk_dot component_id=4 lut_exp=0 scna_layout=0 scna_width=8 qo_len=4 kv_len=4096 n_heads=12 n_kv_heads=2 head_dim=128 kv_head=1 worker=1 block_r=0 block_c=1280 t0_us=261265252639 t1_us=261265252639 dur_us=0
FIG8_ATTENTION_EVENT mode=scna-fp16 layout=serial phase=measure iteration=0 component=scna_exp component_id=9 lut_exp=0 scna_layout=0 scna_width=8 qo_len=4 kv_len=4096 n_heads=12 n_kv_heads=2 head_dim=128 kv_head=1 worker=1 block_r=0 block_c=1280 t0_us=261265252640 t1_us=261265252642 dur_us=1
FIG8_ATTENTION_EVENT mode=scna-fp16 layout=serial phase=measure iteration=0 component=scna_exp component_id=9 lut_exp=0 scna_layout=0 scna_width=8 qo_len=4 kv_len=4096 n_heads=12 n_kv_heads=2 head_dim=128 kv_head=1 worker=1 block_r=2 block_c=1280 t0_us=261265252642 t1_us=261265252644 dur_us=1
FIG8_ATTENTION_EVENT mode=scna-fp16 layout=serial phase=measure iteration=0 component=scna_exp component_id=9 lut_exp=0 scna_layout=0 scna_width=8 qo_len=4 kv_len=4096 n_heads=12 n_kv_heads=2 head_dim=128 kv_head=1 worker=1 block_r=4 block_c=1280 t0_us=261265252644 t1_us=261265252646 dur_us=1
FIG8_ATTENTION_EVENT mode=scna-fp16 layout=serial phase=measure iteration=0 component=scna_exp component_id=9 lut_exp=0 scna_layout=0 scna_width=8 qo_len=4 kv_len=4096 n_heads=12 n_kv_heads=2 head_dim=128 kv_head=1 worker=1 block_r=6 block_c=1280 t0_us=261265252647 t1_us=261265252649 dur_us=1
FIG8_ATTENTION_EVENT mode=scna-fp16 layout=serial phase=measure iteration=0 component=scna_exp component_id=9 lut_exp=0 scna_layout=0 scna_width=8 qo_len=4 kv_len=4096 n_heads=12 n_kv_heads=2 head_dim=128 kv_head=1 worker=1 block_r=8 block_c=1280 t0_us=261265252649 t1_us=261265252650 dur_us=1
FIG8_ATTENTION_EVENT mode=scna-fp16 layout=serial phase=measure iteration=0 component=scna_exp component_id=9 lut_exp=0 scna_layout=0 scna_width=8 qo_len=4 kv_len=4096 n_heads=12 n_kv_heads=2 head_dim=128 kv_head=1 worker=1 block_r=10 block_c=1280 t0_us=261265252651 t1_us=261265252652 dur_us=1
FIG8_ATTENTION_EVENT mode=scna-fp16 layout=serial phase=measure iteration=0 component=scna_exp component_id=9 lut_exp=0 scna_layout=0 scna_width=8 qo_len=4 kv_len=4096 n_heads=12 n_kv_heads=2 head_dim=128 kv_head=1 worker=1 block_r=12 block_c=1280 t0_us=261265252654 t1_us=261265252655 dur_us=1
FIG8_ATTENTION_EVENT mode=scna-fp16 layout=serial phase=measure iteration=0 component=scna_exp component_id=9 lut_exp=0 scna_layout=0 scna_width=8 qo_len=4 kv_len=4096 n_heads=12 n_kv_heads=2 head_dim=128 kv_head=1 worker=1 block_r=14 block_c=1280 t0_us=261265252656 t1_us=261265252657 dur_us=1
FIG8_ATTENTION_EVENT mode=scna-fp16 layout=serial phase=measure iteration=0 component=scna_exp component_id=9 lut_exp=0 scna_layout=0 scna_width=8 qo_len=4 kv_len=4096 n_heads=12 n_kv_heads=2 head_dim=128 kv_head=1 worker=1 block_r=16 block_c=1280 t0_us=261265252658 t1_us=261265252659 dur_us=1
FIG8_ATTENTION_EVENT mode=scna-fp16 layout=serial phase=measure iteration=0 component=scna_exp component_id=9 lut_exp=0 scna_layout=0 scna_width=8 qo_len=4 kv_len=4096 n_heads=12 n_kv_heads=2 head_dim=128 kv_head=1 worker=1 block_r=18 block_c=1280 t0_us=261265252660 t1_us=261265252662 dur_us=1
FIG8_ATTENTION_EVENT mode=scna-fp16 layout=serial phase=measure iteration=0 component=scna_exp component_id=9 lut_exp=0 scna_layout=0 scna_width=8 qo_len=4 kv_len=4096 n_heads=12 n_kv_heads=2 head_dim=128 kv_head=1 worker=1 block_r=20 block_c=1280 t0_us=261265252662 t1_us=261265252664 dur_us=1
FIG8_ATTENTION_EVENT mode=scna-fp16 layout=serial phase=measure iteration=0 component=scna_exp component_id=9 lut_exp=0 scna_layout=0 scna_width=8 qo_len=4 kv_len=4096 n_heads=12 n_kv_heads=2 head_dim=128 kv_head=1 worker=1 block_r=22 block_c=1280 t0_us=261265252664 t1_us=261265252666 dur_us=1
FIG8_ATTENTION_EVENT mode=scna-fp16 layout=serial phase=measure iteration=0 component=safe_sm component_id=5 lut_exp=0 scna_layout=0 scna_width=8 qo_len=4 kv_len=4096 n_heads=12 n_kv_heads=2 head_dim=128 kv_head=1 worker=1 block_r=0 block_c=1280 t0_us=261265252639 t1_us=261265252666 dur_us=26
FIG8_ATTENTION_EVENT mode=scna-fp16 layout=serial phase=measure iteration=0 component=v_load component_id=3 lut_exp=0 scna_layout=0 scna_width=8 qo_len=4 kv_len=4096 n_heads=12 n_kv_heads=2 head_dim=128 kv_head=1 worker=1 block_r=0 block_c=1280 t0_us=261265252666 t1_us=261265252691 dur_us=24
FIG8_ATTENTION_EVENT mode=scna-fp16 layout=serial phase=measure iteration=0 component=scna_exp component_id=9 lut_exp=0 scna_layout=0 scna_width=8 qo_len=4 kv_len=4096 n_heads=12 n_kv_heads=2 head_dim=128 kv_head=1 worker=1 block_r=0 block_c=1280 t0_us=261265252691 t1_us=261265252691 dur_us=0
FIG8_ATTENTION_EVENT mode=scna-fp16 layout=serial phase=measure iteration=0 component=core_acc component_id=6 lut_exp=0 scna_layout=0 scna_width=8 qo_len=4 kv_len=4096 n_heads=12 n_kv_heads=2 head_dim=128 kv_head=1 worker=1 block_r=0 block_c=1280 t0_us=261265252691 t1_us=261265252691 dur_us=0
FIG8_ATTENTION_EVENT mode=scna-fp16 layout=serial phase=measure iteration=0 component=k_load component_id=2 lut_exp=0 scna_layout=0 scna_width=8 qo_len=4 kv_len=4096 n_heads=12 n_kv_heads=2 head_dim=128 kv_head=1 worker=1 block_r=0 block_c=2560 t0_us=261265252691 t1_us=261265252712 dur_us=20
FIG8_ATTENTION_EVENT mode=scna-fp16 layout=serial phase=measure iteration=0 component=qk_dot component_id=4 lut_exp=0 scna_layout=0 scna_width=8 qo_len=4 kv_len=4096 n_heads=12 n_kv_heads=2 head_dim=128 kv_head=1 worker=1 block_r=0 block_c=2560 t0_us=261265252712 t1_us=261265252712 dur_us=0
FIG8_ATTENTION_EVENT mode=scna-fp16 layout=serial phase=measure iteration=0 component=scna_exp component_id=9 lut_exp=0 scna_layout=0 scna_width=8 qo_len=4 kv_len=4096 n_heads=12 n_kv_heads=2 head_dim=128 kv_head=1 worker=1 block_r=0 block_c=2560 t0_us=261265252713 t1_us=261265252715 dur_us=1
FIG8_ATTENTION_EVENT mode=scna-fp16 layout=serial phase=measure iteration=0 component=scna_exp component_id=9 lut_exp=0 scna_layout=0 scna_width=8 qo_len=4 kv_len=4096 n_heads=12 n_kv_heads=2 head_dim=128 kv_head=1 worker=1 block_r=2 block_c=2560 t0_us=261265252715 t1_us=261265252717 dur_us=1
FIG8_ATTENTION_EVENT mode=scna-fp16 layout=serial phase=measure iteration=0 component=scna_exp component_id=9 lut_exp=0 scna_layout=0 scna_width=8 qo_len=4 kv_len=4096 n_heads=12 n_kv_heads=2 head_dim=128 kv_head=1 worker=1 block_r=4 block_c=2560 t0_us=261265252717 t1_us=261265252719 dur_us=1
FIG8_ATTENTION_EVENT mode=scna-fp16 layout=serial phase=measure iteration=0 component=scna_exp component_id=9 lut_exp=0 scna_layout=0 scna_width=8 qo_len=4 kv_len=4096 n_heads=12 n_kv_heads=2 head_dim=128 kv_head=1 worker=1 block_r=6 block_c=2560 t0_us=261265252720 t1_us=261265252722 dur_us=1
FIG8_ATTENTION_EVENT mode=scna-fp16 layout=serial phase=measure iteration=0 component=scna_exp component_id=9 lut_exp=0 scna_layout=0 scna_width=8 qo_len=4 kv_len=4096 n_heads=12 n_kv_heads=2 head_dim=128 kv_head=1 worker=1 block_r=8 block_c=2560 t0_us=261265252722 t1_us=261265252724 dur_us=1
FIG8_ATTENTION_EVENT mode=scna-fp16 layout=serial phase=measure iteration=0 component=scna_exp component_id=9 lut_exp=0 scna_layout=0 scna_width=8 qo_len=4 kv_len=4096 n_heads=12 n_kv_heads=2 head_dim=128 kv_head=1 worker=1 block_r=10 block_c=2560 t0_us=261265252724 t1_us=261265252726 dur_us=1
FIG8_ATTENTION_EVENT mode=scna-fp16 layout=serial phase=measure iteration=0 component=scna_exp component_id=9 lut_exp=0 scna_layout=0 scna_width=8 qo_len=4 kv_len=4096 n_heads=12 n_kv_heads=2 head_dim=128 kv_head=1 worker=1 block_r=12 block_c=2560 t0_us=261265252727 t1_us=261265252729 dur_us=1
FIG8_ATTENTION_EVENT mode=scna-fp16 layout=serial phase=measure iteration=0 component=scna_exp component_id=9 lut_exp=0 scna_layout=0 scna_width=8 qo_len=4 kv_len=4096 n_heads=12 n_kv_heads=2 head_dim=128 kv_head=1 worker=1 block_r=14 block_c=2560 t0_us=261265252729 t1_us=261265252730 dur_us=1
FIG8_ATTENTION_EVENT mode=scna-fp16 layout=serial phase=measure iteration=0 component=scna_exp component_id=9 lut_exp=0 scna_layout=0 scna_width=8 qo_len=4 kv_len=4096 n_heads=12 n_kv_heads=2 head_dim=128 kv_head=1 worker=1 block_r=16 block_c=2560 t0_us=261265252731 t1_us=261265252732 dur_us=1
FIG8_ATTENTION_EVENT mode=scna-fp16 layout=serial phase=measure iteration=0 component=scna_exp component_id=9 lut_exp=0 scna_layout=0 scna_width=8 qo_len=4 kv_len=4096 n_heads=12 n_kv_heads=2 head_dim=128 kv_head=1 worker=1 block_r=18 block_c=2560 t0_us=261265252734 t1_us=261265252735 dur_us=1
FIG8_ATTENTION_EVENT mode=scna-fp16 layout=serial phase=measure iteration=0 component=scna_exp component_id=9 lut_exp=0 scna_layout=0 scna_width=8 qo_len=4 kv_len=4096 n_heads=12 n_kv_heads=2 head_dim=128 kv_head=1 worker=1 block_r=20 block_c=2560 t0_us=261265252736 t1_us=261265252737 dur_us=1
FIG8_ATTENTION_EVENT mode=scna-fp16 layout=serial phase=measure iteration=0 component=scna_exp component_id=9 lut_exp=0 scna_layout=0 scna_width=8 qo_len=4 kv_len=4096 n_heads=12 n_kv_heads=2 head_dim=128 kv_head=1 worker=1 block_r=22 block_c=2560 t0_us=261265252738 t1_us=261265252739 dur_us=1
FIG8_ATTENTION_EVENT mode=scna-fp16 layout=serial phase=measure iteration=0 component=safe_sm component_id=5 lut_exp=0 scna_layout=0 scna_width=8 qo_len=4 kv_len=4096 n_heads=12 n_kv_heads=2 head_dim=128 kv_head=1 worker=1 block_r=0 block_c=2560 t0_us=261265252712 t1_us=261265252739 dur_us=27
FIG8_ATTENTION_EVENT mode=scna-fp16 layout=serial phase=measure iteration=0 component=v_load component_id=3 lut_exp=0 scna_layout=0 scna_width=8 qo_len=4 kv_len=4096 n_heads=12 n_kv_heads=2 head_dim=128 kv_head=1 worker=1 block_r=0 block_c=2560 t0_us=261265252739 t1_us=261265252763 dur_us=24
FIG8_ATTENTION_EVENT mode=scna-fp16 layout=serial phase=measure iteration=0 component=scna_exp component_id=9 lut_exp=0 scna_layout=0 scna_width=8 qo_len=4 kv_len=4096 n_heads=12 n_kv_heads=2 head_dim=128 kv_head=1 worker=1 block_r=0 block_c=2560 t0_us=261265252764 t1_us=261265252764 dur_us=0
FIG8_ATTENTION_EVENT mode=scna-fp16 layout=serial phase=measure iteration=0 component=core_acc component_id=6 lut_exp=0 scna_layout=0 scna_width=8 qo_len=4 kv_len=4096 n_heads=12 n_kv_heads=2 head_dim=128 kv_head=1 worker=1 block_r=0 block_c=2560 t0_us=261265252764 t1_us=261265252766 dur_us=2
FIG8_ATTENTION_EVENT mode=scna-fp16 layout=serial phase=measure iteration=0 component=k_load component_id=2 lut_exp=0 scna_layout=0 scna_width=8 qo_len=4 kv_len=4096 n_heads=12 n_kv_heads=2 head_dim=128 kv_head=1 worker=1 block_r=0 block_c=3840 t0_us=261265252767 t1_us=261265252771 dur_us=4
FIG8_ATTENTION_EVENT mode=scna-fp16 layout=serial phase=measure iteration=0 component=qk_dot component_id=4 lut_exp=0 scna_layout=0 scna_width=8 qo_len=4 kv_len=4096 n_heads=12 n_kv_heads=2 head_dim=128 kv_head=1 worker=1 block_r=0 block_c=3840 t0_us=261265252771 t1_us=261265252772 dur_us=0
FIG8_ATTENTION_EVENT mode=scna-fp16 layout=serial phase=measure iteration=0 component=scna_exp component_id=9 lut_exp=0 scna_layout=0 scna_width=8 qo_len=4 kv_len=4096 n_heads=12 n_kv_heads=2 head_dim=128 kv_head=1 worker=1 block_r=0 block_c=3840 t0_us=261265252774 t1_us=261265252775 dur_us=1
FIG8_ATTENTION_EVENT mode=scna-fp16 layout=serial phase=measure iteration=0 component=scna_exp component_id=9 lut_exp=0 scna_layout=0 scna_width=8 qo_len=4 kv_len=4096 n_heads=12 n_kv_heads=2 head_dim=128 kv_head=1 worker=1 block_r=2 block_c=3840 t0_us=261265252776 t1_us=261265252776 dur_us=0
FIG8_ATTENTION_EVENT mode=scna-fp16 layout=serial phase=measure iteration=0 component=scna_exp component_id=9 lut_exp=0 scna_layout=0 scna_width=8 qo_len=4 kv_len=4096 n_heads=12 n_kv_heads=2 head_dim=128 kv_head=1 worker=1 block_r=4 block_c=3840 t0_us=261265252777 t1_us=261265252777 dur_us=0
FIG8_ATTENTION_EVENT mode=scna-fp16 layout=serial phase=measure iteration=0 component=scna_exp component_id=9 lut_exp=0 scna_layout=0 scna_width=8 qo_len=4 kv_len=4096 n_heads=12 n_kv_heads=2 head_dim=128 kv_head=1 worker=1 block_r=6 block_c=3840 t0_us=261265252777 t1_us=261265252778 dur_us=0
FIG8_ATTENTION_EVENT mode=scna-fp16 layout=serial phase=measure iteration=0 component=scna_exp component_id=9 lut_exp=0 scna_layout=0 scna_width=8 qo_len=4 kv_len=4096 n_heads=12 n_kv_heads=2 head_dim=128 kv_head=1 worker=1 block_r=8 block_c=3840 t0_us=261265252778 t1_us=261265252778 dur_us=0
FIG8_ATTENTION_EVENT mode=scna-fp16 layout=serial phase=measure iteration=0 component=scna_exp component_id=9 lut_exp=0 scna_layout=0 scna_width=8 qo_len=4 kv_len=4096 n_heads=12 n_kv_heads=2 head_dim=128 kv_head=1 worker=1 block_r=10 block_c=3840 t0_us=261265252779 t1_us=261265252779 dur_us=0
FIG8_ATTENTION_EVENT mode=scna-fp16 layout=serial phase=measure iteration=0 component=scna_exp component_id=9 lut_exp=0 scna_layout=0 scna_width=8 qo_len=4 kv_len=4096 n_heads=12 n_kv_heads=2 head_dim=128 kv_head=1 worker=1 block_r=12 block_c=3840 t0_us=261265252779 t1_us=261265252780 dur_us=0
FIG8_ATTENTION_EVENT mode=scna-fp16 layout=serial phase=measure iteration=0 component=scna_exp component_id=9 lut_exp=0 scna_layout=0 scna_width=8 qo_len=4 kv_len=4096 n_heads=12 n_kv_heads=2 head_dim=128 kv_head=1 worker=1 block_r=14 block_c=3840 t0_us=261265252780 t1_us=261265252780 dur_us=0
FIG8_ATTENTION_EVENT mode=scna-fp16 layout=serial phase=measure iteration=0 component=scna_exp component_id=9 lut_exp=0 scna_layout=0 scna_width=8 qo_len=4 kv_len=4096 n_heads=12 n_kv_heads=2 head_dim=128 kv_head=1 worker=1 block_r=16 block_c=3840 t0_us=261265252780 t1_us=261265252781 dur_us=0
FIG8_ATTENTION_EVENT mode=scna-fp16 layout=serial phase=measure iteration=0 component=scna_exp component_id=9 lut_exp=0 scna_layout=0 scna_width=8 qo_len=4 kv_len=4096 n_heads=12 n_kv_heads=2 head_dim=128 kv_head=1 worker=1 block_r=18 block_c=3840 t0_us=261265252781 t1_us=261265252782 dur_us=0
FIG8_ATTENTION_EVENT mode=scna-fp16 layout=serial phase=measure iteration=0 component=scna_exp component_id=9 lut_exp=0 scna_layout=0 scna_width=8 qo_len=4 kv_len=4096 n_heads=12 n_kv_heads=2 head_dim=128 kv_head=1 worker=1 block_r=20 block_c=3840 t0_us=261265252782 t1_us=261265252782 dur_us=0
FIG8_ATTENTION_EVENT mode=scna-fp16 layout=serial phase=measure iteration=0 component=scna_exp component_id=9 lut_exp=0 scna_layout=0 scna_width=8 qo_len=4 kv_len=4096 n_heads=12 n_kv_heads=2 head_dim=128 kv_head=1 worker=1 block_r=22 block_c=3840 t0_us=261265252782 t1_us=261265252783 dur_us=0
FIG8_ATTENTION_EVENT mode=scna-fp16 layout=serial phase=measure iteration=0 component=safe_sm component_id=5 lut_exp=0 scna_layout=0 scna_width=8 qo_len=4 kv_len=4096 n_heads=12 n_kv_heads=2 head_dim=128 kv_head=1 worker=1 block_r=0 block_c=3840 t0_us=261265252772 t1_us=261265252783 dur_us=10
FIG8_ATTENTION_EVENT mode=scna-fp16 layout=serial phase=measure iteration=0 component=v_load component_id=3 lut_exp=0 scna_layout=0 scna_width=8 qo_len=4 kv_len=4096 n_heads=12 n_kv_heads=2 head_dim=128 kv_head=1 worker=1 block_r=0 block_c=3840 t0_us=261265252783 t1_us=261265252785 dur_us=2
FIG8_ATTENTION_EVENT mode=scna-fp16 layout=serial phase=measure iteration=0 component=scna_exp component_id=9 lut_exp=0 scna_layout=0 scna_width=8 qo_len=4 kv_len=4096 n_heads=12 n_kv_heads=2 head_dim=128 kv_head=1 worker=1 block_r=0 block_c=3840 t0_us=261265252785 t1_us=261265252786 dur_us=0
FIG8_ATTENTION_EVENT mode=scna-fp16 layout=serial phase=measure iteration=0 component=core_acc component_id=6 lut_exp=0 scna_layout=0 scna_width=8 qo_len=4 kv_len=4096 n_heads=12 n_kv_heads=2 head_dim=128 kv_head=1 worker=1 block_r=0 block_c=3840 t0_us=261265252785 t1_us=261265252786 dur_us=0
FIG8_ATTENTION_EVENT mode=scna-fp16 layout=serial phase=measure iteration=0 component=o_scale component_id=7 lut_exp=0 scna_layout=0 scna_width=8 qo_len=4 kv_len=4096 n_heads=12 n_kv_heads=2 head_dim=128 kv_head=1 worker=1 block_r=0 block_c=-1 t0_us=261265252786 t1_us=261265252787 dur_us=1
FIG8_ATTENTION_EVENT mode=scna-fp16 layout=serial phase=measure iteration=0 component=o_store component_id=8 lut_exp=0 scna_layout=0 scna_width=8 qo_len=4 kv_len=4096 n_heads=12 n_kv_heads=2 head_dim=128 kv_head=1 worker=1 block_r=0 block_c=-1 t0_us=261265252788 t1_us=261265252790 dur_us=1
FIG8_ATTENTION_EVENT mode=scna-fp16 layout=serial phase=measure iteration=0 component=q_load component_id=1 lut_exp=0 scna_layout=0 scna_width=8 qo_len=4 kv_len=4096 n_heads=12 n_kv_heads=2 head_dim=128 kv_head=0 worker=1 block_r=0 block_c=-1 t0_us=261265252829 t1_us=261265252830 dur_us=1
FIG8_ATTENTION_EVENT mode=scna-fp16 layout=serial phase=measure iteration=0 component=k_load component_id=2 lut_exp=0 scna_layout=0 scna_width=8 qo_len=4 kv_len=4096 n_heads=12 n_kv_heads=2 head_dim=128 kv_head=0 worker=1 block_r=0 block_c=0 t0_us=261265252831 t1_us=261265252852 dur_us=20
FIG8_ATTENTION_EVENT mode=scna-fp16 layout=serial phase=measure iteration=0 component=qk_dot component_id=4 lut_exp=0 scna_layout=0 scna_width=8 qo_len=4 kv_len=4096 n_heads=12 n_kv_heads=2 head_dim=128 kv_head=0 worker=1 block_r=0 block_c=0 t0_us=261265252852 t1_us=261265252852 dur_us=0
FIG8_ATTENTION_EVENT mode=scna-fp16 layout=serial phase=measure iteration=0 component=scna_exp component_id=9 lut_exp=0 scna_layout=0 scna_width=8 qo_len=4 kv_len=4096 n_heads=12 n_kv_heads=2 head_dim=128 kv_head=0 worker=1 block_r=0 block_c=0 t0_us=261265252854 t1_us=261265252856 dur_us=1
FIG8_ATTENTION_EVENT mode=scna-fp16 layout=serial phase=measure iteration=0 component=scna_exp component_id=9 lut_exp=0 scna_layout=0 scna_width=8 qo_len=4 kv_len=4096 n_heads=12 n_kv_heads=2 head_dim=128 kv_head=0 worker=1 block_r=2 block_c=0 t0_us=261265252857 t1_us=261265252858 dur_us=1
FIG8_ATTENTION_EVENT mode=scna-fp16 layout=serial phase=measure iteration=0 component=scna_exp component_id=9 lut_exp=0 scna_layout=0 scna_width=8 qo_len=4 kv_len=4096 n_heads=12 n_kv_heads=2 head_dim=128 kv_head=0 worker=1 block_r=4 block_c=0 t0_us=261265252859 t1_us=261265252860 dur_us=1
FIG8_ATTENTION_EVENT mode=scna-fp16 layout=serial phase=measure iteration=0 component=scna_exp component_id=9 lut_exp=0 scna_layout=0 scna_width=8 qo_len=4 kv_len=4096 n_heads=12 n_kv_heads=2 head_dim=128 kv_head=0 worker=1 block_r=6 block_c=0 t0_us=261265252862 t1_us=261265252863 dur_us=1
FIG8_ATTENTION_EVENT mode=scna-fp16 layout=serial phase=measure iteration=0 component=scna_exp component_id=9 lut_exp=0 scna_layout=0 scna_width=8 qo_len=4 kv_len=4096 n_heads=12 n_kv_heads=2 head_dim=128 kv_head=0 worker=1 block_r=8 block_c=0 t0_us=261265252864 t1_us=261265252865 dur_us=1
FIG8_ATTENTION_EVENT mode=scna-fp16 layout=serial phase=measure iteration=0 component=scna_exp component_id=9 lut_exp=0 scna_layout=0 scna_width=8 qo_len=4 kv_len=4096 n_heads=12 n_kv_heads=2 head_dim=128 kv_head=0 worker=1 block_r=10 block_c=0 t0_us=261265252866 t1_us=261265252867 dur_us=1
FIG8_ATTENTION_EVENT mode=scna-fp16 layout=serial phase=measure iteration=0 component=scna_exp component_id=9 lut_exp=0 scna_layout=0 scna_width=8 qo_len=4 kv_len=4096 n_heads=12 n_kv_heads=2 head_dim=128 kv_head=0 worker=1 block_r=12 block_c=0 t0_us=261265252869 t1_us=261265252870 dur_us=1
FIG8_ATTENTION_EVENT mode=scna-fp16 layout=serial phase=measure iteration=0 component=scna_exp component_id=9 lut_exp=0 scna_layout=0 scna_width=8 qo_len=4 kv_len=4096 n_heads=12 n_kv_heads=2 head_dim=128 kv_head=0 worker=1 block_r=14 block_c=0 t0_us=261265252870 t1_us=261265252872 dur_us=1
FIG8_ATTENTION_EVENT mode=scna-fp16 layout=serial phase=measure iteration=0 component=scna_exp component_id=9 lut_exp=0 scna_layout=0 scna_width=8 qo_len=4 kv_len=4096 n_heads=12 n_kv_heads=2 head_dim=128 kv_head=0 worker=1 block_r=16 block_c=0 t0_us=261265252872 t1_us=261265252874 dur_us=1
FIG8_ATTENTION_EVENT mode=scna-fp16 layout=serial phase=measure iteration=0 component=scna_exp component_id=9 lut_exp=0 scna_layout=0 scna_width=8 qo_len=4 kv_len=4096 n_heads=12 n_kv_heads=2 head_dim=128 kv_head=0 worker=1 block_r=18 block_c=0 t0_us=261265252875 t1_us=261265252877 dur_us=1
FIG8_ATTENTION_EVENT mode=scna-fp16 layout=serial phase=measure iteration=0 component=scna_exp component_id=9 lut_exp=0 scna_layout=0 scna_width=8 qo_len=4 kv_len=4096 n_heads=12 n_kv_heads=2 head_dim=128 kv_head=0 worker=1 block_r=20 block_c=0 t0_us=261265252877 t1_us=261265252879 dur_us=1
FIG8_ATTENTION_EVENT mode=scna-fp16 layout=serial phase=measure iteration=0 component=scna_exp component_id=9 lut_exp=0 scna_layout=0 scna_width=8 qo_len=4 kv_len=4096 n_heads=12 n_kv_heads=2 head_dim=128 kv_head=0 worker=1 block_r=22 block_c=0 t0_us=261265252879 t1_us=261265252881 dur_us=1
FIG8_ATTENTION_EVENT mode=scna-fp16 layout=serial phase=measure iteration=0 component=safe_sm component_id=5 lut_exp=0 scna_layout=0 scna_width=8 qo_len=4 kv_len=4096 n_heads=12 n_kv_heads=2 head_dim=128 kv_head=0 worker=1 block_r=0 block_c=0 t0_us=261265252853 t1_us=261265252881 dur_us=28
FIG8_ATTENTION_EVENT mode=scna-fp16 layout=serial phase=measure iteration=0 component=v_load component_id=3 lut_exp=0 scna_layout=0 scna_width=8 qo_len=4 kv_len=4096 n_heads=12 n_kv_heads=2 head_dim=128 kv_head=0 worker=1 block_r=0 block_c=0 t0_us=261265252881 t1_us=261265252897 dur_us=15
FIG8_ATTENTION_EVENT mode=scna-fp16 layout=serial phase=measure iteration=0 component=scna_exp component_id=9 lut_exp=0 scna_layout=0 scna_width=8 qo_len=4 kv_len=4096 n_heads=12 n_kv_heads=2 head_dim=128 kv_head=0 worker=1 block_r=0 block_c=0 t0_us=261265252897 t1_us=261265252897 dur_us=0
FIG8_ATTENTION_EVENT mode=scna-fp16 layout=serial phase=measure iteration=0 component=core_acc component_id=6 lut_exp=0 scna_layout=0 scna_width=8 qo_len=4 kv_len=4096 n_heads=12 n_kv_heads=2 head_dim=128 kv_head=0 worker=1 block_r=0 block_c=0 t0_us=261265252897 t1_us=261265252898 dur_us=1
FIG8_ATTENTION_EVENT mode=scna-fp16 layout=serial phase=measure iteration=0 component=k_load component_id=2 lut_exp=0 scna_layout=0 scna_width=8 qo_len=4 kv_len=4096 n_heads=12 n_kv_heads=2 head_dim=128 kv_head=0 worker=1 block_r=0 block_c=1280 t0_us=261265252898 t1_us=261265252920 dur_us=22
FIG8_ATTENTION_EVENT mode=scna-fp16 layout=serial phase=measure iteration=0 component=qk_dot component_id=4 lut_exp=0 scna_layout=0 scna_width=8 qo_len=4 kv_len=4096 n_heads=12 n_kv_heads=2 head_dim=128 kv_head=0 worker=1 block_r=0 block_c=1280 t0_us=261265252920 t1_us=261265252921 dur_us=0
FIG8_ATTENTION_EVENT mode=scna-fp16 layout=serial phase=measure iteration=0 component=scna_exp component_id=9 lut_exp=0 scna_layout=0 scna_width=8 qo_len=4 kv_len=4096 n_heads=12 n_kv_heads=2 head_dim=128 kv_head=0 worker=1 block_r=0 block_c=1280 t0_us=261265252922 t1_us=261265252924 dur_us=1
FIG8_ATTENTION_EVENT mode=scna-fp16 layout=serial phase=measure iteration=0 component=scna_exp component_id=9 lut_exp=0 scna_layout=0 scna_width=8 qo_len=4 kv_len=4096 n_heads=12 n_kv_heads=2 head_dim=128 kv_head=0 worker=1 block_r=2 block_c=1280 t0_us=261265252924 t1_us=261265252926 dur_us=1
FIG8_ATTENTION_EVENT mode=scna-fp16 layout=serial phase=measure iteration=0 component=scna_exp component_id=9 lut_exp=0 scna_layout=0 scna_width=8 qo_len=4 kv_len=4096 n_heads=12 n_kv_heads=2 head_dim=128 kv_head=0 worker=1 block_r=4 block_c=1280 t0_us=261265252926 t1_us=261265252928 dur_us=1
FIG8_ATTENTION_EVENT mode=scna-fp16 layout=serial phase=measure iteration=0 component=scna_exp component_id=9 lut_exp=0 scna_layout=0 scna_width=8 qo_len=4 kv_len=4096 n_heads=12 n_kv_heads=2 head_dim=128 kv_head=0 worker=1 block_r=6 block_c=1280 t0_us=261265252930 t1_us=261265252931 dur_us=1
FIG8_ATTENTION_EVENT mode=scna-fp16 layout=serial phase=measure iteration=0 component=scna_exp component_id=9 lut_exp=0 scna_layout=0 scna_width=8 qo_len=4 kv_len=4096 n_heads=12 n_kv_heads=2 head_dim=128 kv_head=0 worker=1 block_r=8 block_c=1280 t0_us=261265252932 t1_us=261265252933 dur_us=1
FIG8_ATTENTION_EVENT mode=scna-fp16 layout=serial phase=measure iteration=0 component=scna_exp component_id=9 lut_exp=0 scna_layout=0 scna_width=8 qo_len=4 kv_len=4096 n_heads=12 n_kv_heads=2 head_dim=128 kv_head=0 worker=1 block_r=10 block_c=1280 t0_us=261265252934 t1_us=261265252935 dur_us=1
FIG8_ATTENTION_EVENT mode=scna-fp16 layout=serial phase=measure iteration=0 component=scna_exp component_id=9 lut_exp=0 scna_layout=0 scna_width=8 qo_len=4 kv_len=4096 n_heads=12 n_kv_heads=2 head_dim=128 kv_head=0 worker=1 block_r=12 block_c=1280 t0_us=261265252936 t1_us=261265252938 dur_us=1
FIG8_ATTENTION_EVENT mode=scna-fp16 layout=serial phase=measure iteration=0 component=scna_exp component_id=9 lut_exp=0 scna_layout=0 scna_width=8 qo_len=4 kv_len=4096 n_heads=12 n_kv_heads=2 head_dim=128 kv_head=0 worker=1 block_r=14 block_c=1280 t0_us=261265252938 t1_us=261265252940 dur_us=1
FIG8_ATTENTION_EVENT mode=scna-fp16 layout=serial phase=measure iteration=0 component=scna_exp component_id=9 lut_exp=0 scna_layout=0 scna_width=8 qo_len=4 kv_len=4096 n_heads=12 n_kv_heads=2 head_dim=128 kv_head=0 worker=1 block_r=16 block_c=1280 t0_us=261265252940 t1_us=261265252942 dur_us=1
FIG8_ATTENTION_EVENT mode=scna-fp16 layout=serial phase=measure iteration=0 component=scna_exp component_id=9 lut_exp=0 scna_layout=0 scna_width=8 qo_len=4 kv_len=4096 n_heads=12 n_kv_heads=2 head_dim=128 kv_head=0 worker=1 block_r=18 block_c=1280 t0_us=261265252943 t1_us=261265252944 dur_us=1
FIG8_ATTENTION_EVENT mode=scna-fp16 layout=serial phase=measure iteration=0 component=scna_exp component_id=9 lut_exp=0 scna_layout=0 scna_width=8 qo_len=4 kv_len=4096 n_heads=12 n_kv_heads=2 head_dim=128 kv_head=0 worker=1 block_r=20 block_c=1280 t0_us=261265252945 t1_us=261265252946 dur_us=1
FIG8_ATTENTION_EVENT mode=scna-fp16 layout=serial phase=measure iteration=0 component=scna_exp component_id=9 lut_exp=0 scna_layout=0 scna_width=8 qo_len=4 kv_len=4096 n_heads=12 n_kv_heads=2 head_dim=128 kv_head=0 worker=1 block_r=22 block_c=1280 t0_us=261265252947 t1_us=261265252948 dur_us=1
FIG8_ATTENTION_EVENT mode=scna-fp16 layout=serial phase=measure iteration=0 component=safe_sm component_id=5 lut_exp=0 scna_layout=0 scna_width=8 qo_len=4 kv_len=4096 n_heads=12 n_kv_heads=2 head_dim=128 kv_head=0 worker=1 block_r=0 block_c=1280 t0_us=261265252921 t1_us=261265252948 dur_us=27
FIG8_ATTENTION_EVENT mode=scna-fp16 layout=serial phase=measure iteration=0 component=v_load component_id=3 lut_exp=0 scna_layout=0 scna_width=8 qo_len=4 kv_len=4096 n_heads=12 n_kv_heads=2 head_dim=128 kv_head=0 worker=1 block_r=0 block_c=1280 t0_us=261265252949 t1_us=261265252973 dur_us=24
FIG8_ATTENTION_EVENT mode=scna-fp16 layout=serial phase=measure iteration=0 component=scna_exp component_id=9 lut_exp=0 scna_layout=0 scna_width=8 qo_len=4 kv_len=4096 n_heads=12 n_kv_heads=2 head_dim=128 kv_head=0 worker=1 block_r=0 block_c=1280 t0_us=261265252973 t1_us=261265252973 dur_us=0
FIG8_ATTENTION_EVENT mode=scna-fp16 layout=serial phase=measure iteration=0 component=core_acc component_id=6 lut_exp=0 scna_layout=0 scna_width=8 qo_len=4 kv_len=4096 n_heads=12 n_kv_heads=2 head_dim=128 kv_head=0 worker=1 block_r=0 block_c=1280 t0_us=261265252973 t1_us=261265252973 dur_us=0
FIG8_ATTENTION_EVENT mode=scna-fp16 layout=serial phase=measure iteration=0 component=k_load component_id=2 lut_exp=0 scna_layout=0 scna_width=8 qo_len=4 kv_len=4096 n_heads=12 n_kv_heads=2 head_dim=128 kv_head=0 worker=1 block_r=0 block_c=2560 t0_us=261265252973 t1_us=261265252993 dur_us=20
FIG8_ATTENTION_EVENT mode=scna-fp16 layout=serial phase=measure iteration=0 component=qk_dot component_id=4 lut_exp=0 scna_layout=0 scna_width=8 qo_len=4 kv_len=4096 n_heads=12 n_kv_heads=2 head_dim=128 kv_head=0 worker=1 block_r=0 block_c=2560 t0_us=261265252993 t1_us=261265252994 dur_us=0
FIG8_ATTENTION_EVENT mode=scna-fp16 layout=serial phase=measure iteration=0 component=scna_exp component_id=9 lut_exp=0 scna_layout=0 scna_width=8 qo_len=4 kv_len=4096 n_heads=12 n_kv_heads=2 head_dim=128 kv_head=0 worker=1 block_r=0 block_c=2560 t0_us=261265252995 t1_us=261265252997 dur_us=1
FIG8_ATTENTION_EVENT mode=scna-fp16 layout=serial phase=measure iteration=0 component=scna_exp component_id=9 lut_exp=0 scna_layout=0 scna_width=8 qo_len=4 kv_len=4096 n_heads=12 n_kv_heads=2 head_dim=128 kv_head=0 worker=1 block_r=2 block_c=2560 t0_us=261265252997 t1_us=261265252999 dur_us=1
FIG8_ATTENTION_EVENT mode=scna-fp16 layout=serial phase=measure iteration=0 component=scna_exp component_id=9 lut_exp=0 scna_layout=0 scna_width=8 qo_len=4 kv_len=4096 n_heads=12 n_kv_heads=2 head_dim=128 kv_head=0 worker=1 block_r=4 block_c=2560 t0_us=261265253000 t1_us=261265253001 dur_us=1
FIG8_ATTENTION_EVENT mode=scna-fp16 layout=serial phase=measure iteration=0 component=scna_exp component_id=9 lut_exp=0 scna_layout=0 scna_width=8 qo_len=4 kv_len=4096 n_heads=12 n_kv_heads=2 head_dim=128 kv_head=0 worker=1 block_r=6 block_c=2560 t0_us=261265253003 t1_us=261265253004 dur_us=1
FIG8_ATTENTION_EVENT mode=scna-fp16 layout=serial phase=measure iteration=0 component=scna_exp component_id=9 lut_exp=0 scna_layout=0 scna_width=8 qo_len=4 kv_len=4096 n_heads=12 n_kv_heads=2 head_dim=128 kv_head=0 worker=1 block_r=8 block_c=2560 t0_us=261265253005 t1_us=261265253006 dur_us=1
FIG8_ATTENTION_EVENT mode=scna-fp16 layout=serial phase=measure iteration=0 component=scna_exp component_id=9 lut_exp=0 scna_layout=0 scna_width=8 qo_len=4 kv_len=4096 n_heads=12 n_kv_heads=2 head_dim=128 kv_head=0 worker=1 block_r=10 block_c=2560 t0_us=261265253007 t1_us=261265253008 dur_us=1
FIG8_ATTENTION_EVENT mode=scna-fp16 layout=serial phase=measure iteration=0 component=scna_exp component_id=9 lut_exp=0 scna_layout=0 scna_width=8 qo_len=4 kv_len=4096 n_heads=12 n_kv_heads=2 head_dim=128 kv_head=0 worker=1 block_r=12 block_c=2560 t0_us=261265253009 t1_us=261265253011 dur_us=1
FIG8_ATTENTION_EVENT mode=scna-fp16 layout=serial phase=measure iteration=0 component=scna_exp component_id=9 lut_exp=0 scna_layout=0 scna_width=8 qo_len=4 kv_len=4096 n_heads=12 n_kv_heads=2 head_dim=128 kv_head=0 worker=1 block_r=14 block_c=2560 t0_us=261265253011 t1_us=261265253013 dur_us=1
FIG8_ATTENTION_EVENT mode=scna-fp16 layout=serial phase=measure iteration=0 component=scna_exp component_id=9 lut_exp=0 scna_layout=0 scna_width=8 qo_len=4 kv_len=4096 n_heads=12 n_kv_heads=2 head_dim=128 kv_head=0 worker=1 block_r=16 block_c=2560 t0_us=261265253013 t1_us=261265253015 dur_us=1
FIG8_ATTENTION_EVENT mode=scna-fp16 layout=serial phase=measure iteration=0 component=scna_exp component_id=9 lut_exp=0 scna_layout=0 scna_width=8 qo_len=4 kv_len=4096 n_heads=12 n_kv_heads=2 head_dim=128 kv_head=0 worker=1 block_r=18 block_c=2560 t0_us=261265253016 t1_us=261265253017 dur_us=1
FIG8_ATTENTION_EVENT mode=scna-fp16 layout=serial phase=measure iteration=0 component=scna_exp component_id=9 lut_exp=0 scna_layout=0 scna_width=8 qo_len=4 kv_len=4096 n_heads=12 n_kv_heads=2 head_dim=128 kv_head=0 worker=1 block_r=20 block_c=2560 t0_us=261265253018 t1_us=261265253019 dur_us=1
FIG8_ATTENTION_EVENT mode=scna-fp16 layout=serial phase=measure iteration=0 component=scna_exp component_id=9 lut_exp=0 scna_layout=0 scna_width=8 qo_len=4 kv_len=4096 n_heads=12 n_kv_heads=2 head_dim=128 kv_head=0 worker=1 block_r=22 block_c=2560 t0_us=261265253020 t1_us=261265253021 dur_us=1
FIG8_ATTENTION_EVENT mode=scna-fp16 layout=serial phase=measure iteration=0 component=safe_sm component_id=5 lut_exp=0 scna_layout=0 scna_width=8 qo_len=4 kv_len=4096 n_heads=12 n_kv_heads=2 head_dim=128 kv_head=0 worker=1 block_r=0 block_c=2560 t0_us=261265252994 t1_us=261265253021 dur_us=27
FIG8_ATTENTION_EVENT mode=scna-fp16 layout=serial phase=measure iteration=0 component=v_load component_id=3 lut_exp=0 scna_layout=0 scna_width=8 qo_len=4 kv_len=4096 n_heads=12 n_kv_heads=2 head_dim=128 kv_head=0 worker=1 block_r=0 block_c=2560 t0_us=261265253021 t1_us=261265253045 dur_us=23
FIG8_ATTENTION_EVENT mode=scna-fp16 layout=serial phase=measure iteration=0 component=scna_exp component_id=9 lut_exp=0 scna_layout=0 scna_width=8 qo_len=4 kv_len=4096 n_heads=12 n_kv_heads=2 head_dim=128 kv_head=0 worker=1 block_r=0 block_c=2560 t0_us=261265253045 t1_us=261265253045 dur_us=0
FIG8_ATTENTION_EVENT mode=scna-fp16 layout=serial phase=measure iteration=0 component=core_acc component_id=6 lut_exp=0 scna_layout=0 scna_width=8 qo_len=4 kv_len=4096 n_heads=12 n_kv_heads=2 head_dim=128 kv_head=0 worker=1 block_r=0 block_c=2560 t0_us=261265253045 t1_us=261265253045 dur_us=0
FIG8_ATTENTION_EVENT mode=scna-fp16 layout=serial phase=measure iteration=0 component=k_load component_id=2 lut_exp=0 scna_layout=0 scna_width=8 qo_len=4 kv_len=4096 n_heads=12 n_kv_heads=2 head_dim=128 kv_head=0 worker=1 block_r=0 block_c=3840 t0_us=261265253046 t1_us=261265253050 dur_us=4
FIG8_ATTENTION_EVENT mode=scna-fp16 layout=serial phase=measure iteration=0 component=qk_dot component_id=4 lut_exp=0 scna_layout=0 scna_width=8 qo_len=4 kv_len=4096 n_heads=12 n_kv_heads=2 head_dim=128 kv_head=0 worker=1 block_r=0 block_c=3840 t0_us=261265253050 t1_us=261265253050 dur_us=0
FIG8_ATTENTION_EVENT mode=scna-fp16 layout=serial phase=measure iteration=0 component=scna_exp component_id=9 lut_exp=0 scna_layout=0 scna_width=8 qo_len=4 kv_len=4096 n_heads=12 n_kv_heads=2 head_dim=128 kv_head=0 worker=1 block_r=0 block_c=3840 t0_us=261265253050 t1_us=261265253051 dur_us=0
FIG8_ATTENTION_EVENT mode=scna-fp16 layout=serial phase=measure iteration=0 component=scna_exp component_id=9 lut_exp=0 scna_layout=0 scna_width=8 qo_len=4 kv_len=4096 n_heads=12 n_kv_heads=2 head_dim=128 kv_head=0 worker=1 block_r=2 block_c=3840 t0_us=261265253051 t1_us=261265253051 dur_us=0
FIG8_ATTENTION_EVENT mode=scna-fp16 layout=serial phase=measure iteration=0 component=scna_exp component_id=9 lut_exp=0 scna_layout=0 scna_width=8 qo_len=4 kv_len=4096 n_heads=12 n_kv_heads=2 head_dim=128 kv_head=0 worker=1 block_r=4 block_c=3840 t0_us=261265253052 t1_us=261265253052 dur_us=0
FIG8_ATTENTION_EVENT mode=scna-fp16 layout=serial phase=measure iteration=0 component=scna_exp component_id=9 lut_exp=0 scna_layout=0 scna_width=8 qo_len=4 kv_len=4096 n_heads=12 n_kv_heads=2 head_dim=128 kv_head=0 worker=1 block_r=6 block_c=3840 t0_us=261265253052 t1_us=261265253053 dur_us=0
FIG8_ATTENTION_EVENT mode=scna-fp16 layout=serial phase=measure iteration=0 component=scna_exp component_id=9 lut_exp=0 scna_layout=0 scna_width=8 qo_len=4 kv_len=4096 n_heads=12 n_kv_heads=2 head_dim=128 kv_head=0 worker=1 block_r=8 block_c=3840 t0_us=261265253053 t1_us=261265253053 dur_us=0
FIG8_ATTENTION_EVENT mode=scna-fp16 layout=serial phase=measure iteration=0 component=scna_exp component_id=9 lut_exp=0 scna_layout=0 scna_width=8 qo_len=4 kv_len=4096 n_heads=12 n_kv_heads=2 head_dim=128 kv_head=0 worker=1 block_r=10 block_c=3840 t0_us=261265253054 t1_us=261265253054 dur_us=0
FIG8_ATTENTION_EVENT mode=scna-fp16 layout=serial phase=measure iteration=0 component=scna_exp component_id=9 lut_exp=0 scna_layout=0 scna_width=8 qo_len=4 kv_len=4096 n_heads=12 n_kv_heads=2 head_dim=128 kv_head=0 worker=1 block_r=12 block_c=3840 t0_us=261265253054 t1_us=261265253055 dur_us=0
FIG8_ATTENTION_EVENT mode=scna-fp16 layout=serial phase=measure iteration=0 component=scna_exp component_id=9 lut_exp=0 scna_layout=0 scna_width=8 qo_len=4 kv_len=4096 n_heads=12 n_kv_heads=2 head_dim=128 kv_head=0 worker=1 block_r=14 block_c=3840 t0_us=261265253055 t1_us=261265253055 dur_us=0
FIG8_ATTENTION_EVENT mode=scna-fp16 layout=serial phase=measure iteration=0 component=scna_exp component_id=9 lut_exp=0 scna_layout=0 scna_width=8 qo_len=4 kv_len=4096 n_heads=12 n_kv_heads=2 head_dim=128 kv_head=0 worker=1 block_r=16 block_c=3840 t0_us=261265253056 t1_us=261265253056 dur_us=0
FIG8_ATTENTION_EVENT mode=scna-fp16 layout=serial phase=measure iteration=0 component=scna_exp component_id=9 lut_exp=0 scna_layout=0 scna_width=8 qo_len=4 kv_len=4096 n_heads=12 n_kv_heads=2 head_dim=128 kv_head=0 worker=1 block_r=18 block_c=3840 t0_us=261265253056 t1_us=261265253057 dur_us=0
FIG8_ATTENTION_EVENT mode=scna-fp16 layout=serial phase=measure iteration=0 component=scna_exp component_id=9 lut_exp=0 scna_layout=0 scna_width=8 qo_len=4 kv_len=4096 n_heads=12 n_kv_heads=2 head_dim=128 kv_head=0 worker=1 block_r=20 block_c=3840 t0_us=261265253057 t1_us=261265253057 dur_us=0
FIG8_ATTENTION_EVENT mode=scna-fp16 layout=serial phase=measure iteration=0 component=scna_exp component_id=9 lut_exp=0 scna_layout=0 scna_width=8 qo_len=4 kv_len=4096 n_heads=12 n_kv_heads=2 head_dim=128 kv_head=0 worker=1 block_r=22 block_c=3840 t0_us=261265253058 t1_us=261265253058 dur_us=0
FIG8_ATTENTION_EVENT mode=scna-fp16 layout=serial phase=measure iteration=0 component=safe_sm component_id=5 lut_exp=0 scna_layout=0 scna_width=8 qo_len=4 kv_len=4096 n_heads=12 n_kv_heads=2 head_dim=128 kv_head=0 worker=1 block_r=0 block_c=3840 t0_us=261265253050 t1_us=261265253058 dur_us=8
FIG8_ATTENTION_EVENT mode=scna-fp16 layout=serial phase=measure iteration=0 component=v_load component_id=3 lut_exp=0 scna_layout=0 scna_width=8 qo_len=4 kv_len=4096 n_heads=12 n_kv_heads=2 head_dim=128 kv_head=0 worker=1 block_r=0 block_c=3840 t0_us=261265253058 t1_us=261265253060 dur_us=2
FIG8_ATTENTION_EVENT mode=scna-fp16 layout=serial phase=measure iteration=0 component=scna_exp component_id=9 lut_exp=0 scna_layout=0 scna_width=8 qo_len=4 kv_len=4096 n_heads=12 n_kv_heads=2 head_dim=128 kv_head=0 worker=1 block_r=0 block_c=3840 t0_us=261265253060 t1_us=261265253060 dur_us=0
FIG8_ATTENTION_EVENT mode=scna-fp16 layout=serial phase=measure iteration=0 component=core_acc component_id=6 lut_exp=0 scna_layout=0 scna_width=8 qo_len=4 kv_len=4096 n_heads=12 n_kv_heads=2 head_dim=128 kv_head=0 worker=1 block_r=0 block_c=3840 t0_us=261265253060 t1_us=261265253061 dur_us=0
FIG8_ATTENTION_EVENT mode=scna-fp16 layout=serial phase=measure iteration=0 component=o_scale component_id=7 lut_exp=0 scna_layout=0 scna_width=8 qo_len=4 kv_len=4096 n_heads=12 n_kv_heads=2 head_dim=128 kv_head=0 worker=1 block_r=0 block_c=-1 t0_us=261265253061 t1_us=261265253062 dur_us=1
FIG8_ATTENTION_EVENT mode=scna-fp16 layout=serial phase=measure iteration=0 component=o_store component_id=8 lut_exp=0 scna_layout=0 scna_width=8 qo_len=4 kv_len=4096 n_heads=12 n_kv_heads=2 head_dim=128 kv_head=0 worker=1 block_r=0 block_c=-1 t0_us=261265253063 t1_us=261265253065 dur_us=2
FIG8_ATTENTION_EVENT mode=scna-fp16 layout=serial phase=measure iteration=0 component=q_load component_id=1 lut_exp=0 scna_layout=0 scna_width=8 qo_len=4 kv_len=4096 n_heads=12 n_kv_heads=2 head_dim=128 kv_head=1 worker=1 block_r=0 block_c=-1 t0_us=261265253105 t1_us=261265253106 dur_us=1
FIG8_ATTENTION_EVENT mode=scna-fp16 layout=serial phase=measure iteration=0 component=k_load component_id=2 lut_exp=0 scna_layout=0 scna_width=8 qo_len=4 kv_len=4096 n_heads=12 n_kv_heads=2 head_dim=128 kv_head=1 worker=1 block_r=0 block_c=0 t0_us=261265253107 t1_us=261265253129 dur_us=21
FIG8_ATTENTION_EVENT mode=scna-fp16 layout=serial phase=measure iteration=0 component=qk_dot component_id=4 lut_exp=0 scna_layout=0 scna_width=8 qo_len=4 kv_len=4096 n_heads=12 n_kv_heads=2 head_dim=128 kv_head=1 worker=1 block_r=0 block_c=0 t0_us=261265253130 t1_us=261265253131 dur_us=0
FIG8_ATTENTION_EVENT mode=scna-fp16 layout=serial phase=measure iteration=0 component=scna_exp component_id=9 lut_exp=0 scna_layout=0 scna_width=8 qo_len=4 kv_len=4096 n_heads=12 n_kv_heads=2 head_dim=128 kv_head=1 worker=1 block_r=0 block_c=0 t0_us=261265253133 t1_us=261265253135 dur_us=2
FIG8_ATTENTION_EVENT mode=scna-fp16 layout=serial phase=measure iteration=0 component=scna_exp component_id=9 lut_exp=0 scna_layout=0 scna_width=8 qo_len=4 kv_len=4096 n_heads=12 n_kv_heads=2 head_dim=128 kv_head=1 worker=1 block_r=2 block_c=0 t0_us=261265253136 t1_us=261265253138 dur_us=1
FIG8_ATTENTION_EVENT mode=scna-fp16 layout=serial phase=measure iteration=0 component=scna_exp component_id=9 lut_exp=0 scna_layout=0 scna_width=8 qo_len=4 kv_len=4096 n_heads=12 n_kv_heads=2 head_dim=128 kv_head=1 worker=1 block_r=4 block_c=0 t0_us=261265253138 t1_us=261265253140 dur_us=1
FIG8_ATTENTION_EVENT mode=scna-fp16 layout=serial phase=measure iteration=0 component=scna_exp component_id=9 lut_exp=0 scna_layout=0 scna_width=8 qo_len=4 kv_len=4096 n_heads=12 n_kv_heads=2 head_dim=128 kv_head=1 worker=1 block_r=6 block_c=0 t0_us=261265253141 t1_us=261265253143 dur_us=1
FIG8_ATTENTION_EVENT mode=scna-fp16 layout=serial phase=measure iteration=0 component=scna_exp component_id=9 lut_exp=0 scna_layout=0 scna_width=8 qo_len=4 kv_len=4096 n_heads=12 n_kv_heads=2 head_dim=128 kv_head=1 worker=1 block_r=8 block_c=0 t0_us=261265253143 t1_us=261265253145 dur_us=1
FIG8_ATTENTION_EVENT mode=scna-fp16 layout=serial phase=measure iteration=0 component=scna_exp component_id=9 lut_exp=0 scna_layout=0 scna_width=8 qo_len=4 kv_len=4096 n_heads=12 n_kv_heads=2 head_dim=128 kv_head=1 worker=1 block_r=10 block_c=0 t0_us=261265253145 t1_us=261265253146 dur_us=1
FIG8_ATTENTION_EVENT mode=scna-fp16 layout=serial phase=measure iteration=0 component=scna_exp component_id=9 lut_exp=0 scna_layout=0 scna_width=8 qo_len=4 kv_len=4096 n_heads=12 n_kv_heads=2 head_dim=128 kv_head=1 worker=1 block_r=12 block_c=0 t0_us=261265253148 t1_us=261265253149 dur_us=1
FIG8_ATTENTION_EVENT mode=scna-fp16 layout=serial phase=measure iteration=0 component=scna_exp component_id=9 lut_exp=0 scna_layout=0 scna_width=8 qo_len=4 kv_len=4096 n_heads=12 n_kv_heads=2 head_dim=128 kv_head=1 worker=1 block_r=14 block_c=0 t0_us=261265253150 t1_us=261265253151 dur_us=1
FIG8_ATTENTION_EVENT mode=scna-fp16 layout=serial phase=measure iteration=0 component=scna_exp component_id=9 lut_exp=0 scna_layout=0 scna_width=8 qo_len=4 kv_len=4096 n_heads=12 n_kv_heads=2 head_dim=128 kv_head=1 worker=1 block_r=16 block_c=0 t0_us=261265253151 t1_us=261265253153 dur_us=1
FIG8_ATTENTION_EVENT mode=scna-fp16 layout=serial phase=measure iteration=0 component=scna_exp component_id=9 lut_exp=0 scna_layout=0 scna_width=8 qo_len=4 kv_len=4096 n_heads=12 n_kv_heads=2 head_dim=128 kv_head=1 worker=1 block_r=18 block_c=0 t0_us=261265253154 t1_us=261265253156 dur_us=1
FIG8_ATTENTION_EVENT mode=scna-fp16 layout=serial phase=measure iteration=0 component=scna_exp component_id=9 lut_exp=0 scna_layout=0 scna_width=8 qo_len=4 kv_len=4096 n_heads=12 n_kv_heads=2 head_dim=128 kv_head=1 worker=1 block_r=20 block_c=0 t0_us=261265253156 t1_us=261265253158 dur_us=1
FIG8_ATTENTION_EVENT mode=scna-fp16 layout=serial phase=measure iteration=0 component=scna_exp component_id=9 lut_exp=0 scna_layout=0 scna_width=8 qo_len=4 kv_len=4096 n_heads=12 n_kv_heads=2 head_dim=128 kv_head=1 worker=1 block_r=22 block_c=0 t0_us=261265253158 t1_us=261265253160 dur_us=1
FIG8_ATTENTION_EVENT mode=scna-fp16 layout=serial phase=measure iteration=0 component=safe_sm component_id=5 lut_exp=0 scna_layout=0 scna_width=8 qo_len=4 kv_len=4096 n_heads=12 n_kv_heads=2 head_dim=128 kv_head=1 worker=1 block_r=0 block_c=0 t0_us=261265253131 t1_us=261265253160 dur_us=28
FIG8_ATTENTION_EVENT mode=scna-fp16 layout=serial phase=measure iteration=0 component=v_load component_id=3 lut_exp=0 scna_layout=0 scna_width=8 qo_len=4 kv_len=4096 n_heads=12 n_kv_heads=2 head_dim=128 kv_head=1 worker=1 block_r=0 block_c=0 t0_us=261265253160 t1_us=261265253177 dur_us=16
FIG8_ATTENTION_EVENT mode=scna-fp16 layout=serial phase=measure iteration=0 component=scna_exp component_id=9 lut_exp=0 scna_layout=0 scna_width=8 qo_len=4 kv_len=4096 n_heads=12 n_kv_heads=2 head_dim=128 kv_head=1 worker=1 block_r=0 block_c=0 t0_us=261265253178 t1_us=261265253179 dur_us=0
FIG8_ATTENTION_EVENT mode=scna-fp16 layout=serial phase=measure iteration=0 component=core_acc component_id=6 lut_exp=0 scna_layout=0 scna_width=8 qo_len=4 kv_len=4096 n_heads=12 n_kv_heads=2 head_dim=128 kv_head=1 worker=1 block_r=0 block_c=0 t0_us=261265253178 t1_us=261265253180 dur_us=2
FIG8_ATTENTION_EVENT mode=scna-fp16 layout=serial phase=measure iteration=0 component=k_load component_id=2 lut_exp=0 scna_layout=0 scna_width=8 qo_len=4 kv_len=4096 n_heads=12 n_kv_heads=2 head_dim=128 kv_head=1 worker=1 block_r=0 block_c=1280 t0_us=261265253181 t1_us=261265253204 dur_us=22
FIG8_ATTENTION_EVENT mode=scna-fp16 layout=serial phase=measure iteration=0 component=qk_dot component_id=4 lut_exp=0 scna_layout=0 scna_width=8 qo_len=4 kv_len=4096 n_heads=12 n_kv_heads=2 head_dim=128 kv_head=1 worker=1 block_r=0 block_c=1280 t0_us=261265253204 t1_us=261265253204 dur_us=0
FIG8_ATTENTION_EVENT mode=scna-fp16 layout=serial phase=measure iteration=0 component=scna_exp component_id=9 lut_exp=0 scna_layout=0 scna_width=8 qo_len=4 kv_len=4096 n_heads=12 n_kv_heads=2 head_dim=128 kv_head=1 worker=1 block_r=0 block_c=1280 t0_us=261265253206 t1_us=261265253207 dur_us=1
FIG8_ATTENTION_EVENT mode=scna-fp16 layout=serial phase=measure iteration=0 component=scna_exp component_id=9 lut_exp=0 scna_layout=0 scna_width=8 qo_len=4 kv_len=4096 n_heads=12 n_kv_heads=2 head_dim=128 kv_head=1 worker=1 block_r=2 block_c=1280 t0_us=261265253208 t1_us=261265253209 dur_us=1
FIG8_ATTENTION_EVENT mode=scna-fp16 layout=serial phase=measure iteration=0 component=scna_exp component_id=9 lut_exp=0 scna_layout=0 scna_width=8 qo_len=4 kv_len=4096 n_heads=12 n_kv_heads=2 head_dim=128 kv_head=1 worker=1 block_r=4 block_c=1280 t0_us=261265253210 t1_us=261265253211 dur_us=1
FIG8_ATTENTION_EVENT mode=scna-fp16 layout=serial phase=measure iteration=0 component=scna_exp component_id=9 lut_exp=0 scna_layout=0 scna_width=8 qo_len=4 kv_len=4096 n_heads=12 n_kv_heads=2 head_dim=128 kv_head=1 worker=1 block_r=6 block_c=1280 t0_us=261265253213 t1_us=261265253214 dur_us=1
FIG8_ATTENTION_EVENT mode=scna-fp16 layout=serial phase=measure iteration=0 component=scna_exp component_id=9 lut_exp=0 scna_layout=0 scna_width=8 qo_len=4 kv_len=4096 n_heads=12 n_kv_heads=2 head_dim=128 kv_head=1 worker=1 block_r=8 block_c=1280 t0_us=261265253215 t1_us=261265253216 dur_us=1
FIG8_ATTENTION_EVENT mode=scna-fp16 layout=serial phase=measure iteration=0 component=scna_exp component_id=9 lut_exp=0 scna_layout=0 scna_width=8 qo_len=4 kv_len=4096 n_heads=12 n_kv_heads=2 head_dim=128 kv_head=1 worker=1 block_r=10 block_c=1280 t0_us=261265253217 t1_us=261265253218 dur_us=1
FIG8_ATTENTION_EVENT mode=scna-fp16 layout=serial phase=measure iteration=0 component=scna_exp component_id=9 lut_exp=0 scna_layout=0 scna_width=8 qo_len=4 kv_len=4096 n_heads=12 n_kv_heads=2 head_dim=128 kv_head=1 worker=1 block_r=12 block_c=1280 t0_us=261265253219 t1_us=261265253221 dur_us=1
FIG8_ATTENTION_EVENT mode=scna-fp16 layout=serial phase=measure iteration=0 component=scna_exp component_id=9 lut_exp=0 scna_layout=0 scna_width=8 qo_len=4 kv_len=4096 n_heads=12 n_kv_heads=2 head_dim=128 kv_head=1 worker=1 block_r=14 block_c=1280 t0_us=261265253221 t1_us=261265253223 dur_us=1
FIG8_ATTENTION_EVENT mode=scna-fp16 layout=serial phase=measure iteration=0 component=scna_exp component_id=9 lut_exp=0 scna_layout=0 scna_width=8 qo_len=4 kv_len=4096 n_heads=12 n_kv_heads=2 head_dim=128 kv_head=1 worker=1 block_r=16 block_c=1280 t0_us=261265253223 t1_us=261265253225 dur_us=1
FIG8_ATTENTION_EVENT mode=scna-fp16 layout=serial phase=measure iteration=0 component=scna_exp component_id=9 lut_exp=0 scna_layout=0 scna_width=8 qo_len=4 kv_len=4096 n_heads=12 n_kv_heads=2 head_dim=128 kv_head=1 worker=1 block_r=18 block_c=1280 t0_us=261265253226 t1_us=261265253228 dur_us=1
FIG8_ATTENTION_EVENT mode=scna-fp16 layout=serial phase=measure iteration=0 component=scna_exp component_id=9 lut_exp=0 scna_layout=0 scna_width=8 qo_len=4 kv_len=4096 n_heads=12 n_kv_heads=2 head_dim=128 kv_head=1 worker=1 block_r=20 block_c=1280 t0_us=261265253228 t1_us=261265253230 dur_us=1
FIG8_ATTENTION_EVENT mode=scna-fp16 layout=serial phase=measure iteration=0 component=scna_exp component_id=9 lut_exp=0 scna_layout=0 scna_width=8 qo_len=4 kv_len=4096 n_heads=12 n_kv_heads=2 head_dim=128 kv_head=1 worker=1 block_r=22 block_c=1280 t0_us=261265253230 t1_us=261265253232 dur_us=1
FIG8_ATTENTION_EVENT mode=scna-fp16 layout=serial phase=measure iteration=0 component=safe_sm component_id=5 lut_exp=0 scna_layout=0 scna_width=8 qo_len=4 kv_len=4096 n_heads=12 n_kv_heads=2 head_dim=128 kv_head=1 worker=1 block_r=0 block_c=1280 t0_us=261265253204 t1_us=261265253232 dur_us=27
FIG8_ATTENTION_EVENT mode=scna-fp16 layout=serial phase=measure iteration=0 component=v_load component_id=3 lut_exp=0 scna_layout=0 scna_width=8 qo_len=4 kv_len=4096 n_heads=12 n_kv_heads=2 head_dim=128 kv_head=1 worker=1 block_r=0 block_c=1280 t0_us=261265253232 t1_us=261265253254 dur_us=22
FIG8_ATTENTION_EVENT mode=scna-fp16 layout=serial phase=measure iteration=0 component=scna_exp component_id=9 lut_exp=0 scna_layout=0 scna_width=8 qo_len=4 kv_len=4096 n_heads=12 n_kv_heads=2 head_dim=128 kv_head=1 worker=1 block_r=0 block_c=1280 t0_us=261265253255 t1_us=261265253255 dur_us=0
FIG8_ATTENTION_EVENT mode=scna-fp16 layout=serial phase=measure iteration=0 component=core_acc component_id=6 lut_exp=0 scna_layout=0 scna_width=8 qo_len=4 kv_len=4096 n_heads=12 n_kv_heads=2 head_dim=128 kv_head=1 worker=1 block_r=0 block_c=1280 t0_us=261265253255 t1_us=261265253255 dur_us=0
FIG8_ATTENTION_EVENT mode=scna-fp16 layout=serial phase=measure iteration=0 component=k_load component_id=2 lut_exp=0 scna_layout=0 scna_width=8 qo_len=4 kv_len=4096 n_heads=12 n_kv_heads=2 head_dim=128 kv_head=1 worker=1 block_r=0 block_c=2560 t0_us=261265253255 t1_us=261265253275 dur_us=20
FIG8_ATTENTION_EVENT mode=scna-fp16 layout=serial phase=measure iteration=0 component=qk_dot component_id=4 lut_exp=0 scna_layout=0 scna_width=8 qo_len=4 kv_len=4096 n_heads=12 n_kv_heads=2 head_dim=128 kv_head=1 worker=1 block_r=0 block_c=2560 t0_us=261265253275 t1_us=261265253276 dur_us=0
FIG8_ATTENTION_EVENT mode=scna-fp16 layout=serial phase=measure iteration=0 component=scna_exp component_id=9 lut_exp=0 scna_layout=0 scna_width=8 qo_len=4 kv_len=4096 n_heads=12 n_kv_heads=2 head_dim=128 kv_head=1 worker=1 block_r=0 block_c=2560 t0_us=261265253277 t1_us=261265253279 dur_us=1
FIG8_ATTENTION_EVENT mode=scna-fp16 layout=serial phase=measure iteration=0 component=scna_exp component_id=9 lut_exp=0 scna_layout=0 scna_width=8 qo_len=4 kv_len=4096 n_heads=12 n_kv_heads=2 head_dim=128 kv_head=1 worker=1 block_r=2 block_c=2560 t0_us=261265253279 t1_us=261265253281 dur_us=1
FIG8_ATTENTION_EVENT mode=scna-fp16 layout=serial phase=measure iteration=0 component=scna_exp component_id=9 lut_exp=0 scna_layout=0 scna_width=8 qo_len=4 kv_len=4096 n_heads=12 n_kv_heads=2 head_dim=128 kv_head=1 worker=1 block_r=4 block_c=2560 t0_us=261265253281 t1_us=261265253283 dur_us=1
FIG8_ATTENTION_EVENT mode=scna-fp16 layout=serial phase=measure iteration=0 component=scna_exp component_id=9 lut_exp=0 scna_layout=0 scna_width=8 qo_len=4 kv_len=4096 n_heads=12 n_kv_heads=2 head_dim=128 kv_head=1 worker=1 block_r=6 block_c=2560 t0_us=261265253284 t1_us=261265253286 dur_us=1
FIG8_ATTENTION_EVENT mode=scna-fp16 layout=serial phase=measure iteration=0 component=scna_exp component_id=9 lut_exp=0 scna_layout=0 scna_width=8 qo_len=4 kv_len=4096 n_heads=12 n_kv_heads=2 head_dim=128 kv_head=1 worker=1 block_r=8 block_c=2560 t0_us=261265253286 t1_us=261265253288 dur_us=1
FIG8_ATTENTION_EVENT mode=scna-fp16 layout=serial phase=measure iteration=0 component=scna_exp component_id=9 lut_exp=0 scna_layout=0 scna_width=8 qo_len=4 kv_len=4096 n_heads=12 n_kv_heads=2 head_dim=128 kv_head=1 worker=1 block_r=10 block_c=2560 t0_us=261265253288 t1_us=261265253290 dur_us=1
FIG8_ATTENTION_EVENT mode=scna-fp16 layout=serial phase=measure iteration=0 component=scna_exp component_id=9 lut_exp=0 scna_layout=0 scna_width=8 qo_len=4 kv_len=4096 n_heads=12 n_kv_heads=2 head_dim=128 kv_head=1 worker=1 block_r=12 block_c=2560 t0_us=261265253291 t1_us=261265253293 dur_us=1
FIG8_ATTENTION_EVENT mode=scna-fp16 layout=serial phase=measure iteration=0 component=scna_exp component_id=9 lut_exp=0 scna_layout=0 scna_width=8 qo_len=4 kv_len=4096 n_heads=12 n_kv_heads=2 head_dim=128 kv_head=1 worker=1 block_r=14 block_c=2560 t0_us=261265253293 t1_us=261265253295 dur_us=1
FIG8_ATTENTION_EVENT mode=scna-fp16 layout=serial phase=measure iteration=0 component=scna_exp component_id=9 lut_exp=0 scna_layout=0 scna_width=8 qo_len=4 kv_len=4096 n_heads=12 n_kv_heads=2 head_dim=128 kv_head=1 worker=1 block_r=16 block_c=2560 t0_us=261265253295 t1_us=261265253296 dur_us=1
FIG8_ATTENTION_EVENT mode=scna-fp16 layout=serial phase=measure iteration=0 component=scna_exp component_id=9 lut_exp=0 scna_layout=0 scna_width=8 qo_len=4 kv_len=4096 n_heads=12 n_kv_heads=2 head_dim=128 kv_head=1 worker=1 block_r=18 block_c=2560 t0_us=261265253298 t1_us=261265253299 dur_us=1
FIG8_ATTENTION_EVENT mode=scna-fp16 layout=serial phase=measure iteration=0 component=scna_exp component_id=9 lut_exp=0 scna_layout=0 scna_width=8 qo_len=4 kv_len=4096 n_heads=12 n_kv_heads=2 head_dim=128 kv_head=1 worker=1 block_r=20 block_c=2560 t0_us=261265253300 t1_us=261265253301 dur_us=1
FIG8_ATTENTION_EVENT mode=scna-fp16 layout=serial phase=measure iteration=0 component=scna_exp component_id=9 lut_exp=0 scna_layout=0 scna_width=8 qo_len=4 kv_len=4096 n_heads=12 n_kv_heads=2 head_dim=128 kv_head=1 worker=1 block_r=22 block_c=2560 t0_us=261265253302 t1_us=261265253303 dur_us=1
FIG8_ATTENTION_EVENT mode=scna-fp16 layout=serial phase=measure iteration=0 component=safe_sm component_id=5 lut_exp=0 scna_layout=0 scna_width=8 qo_len=4 kv_len=4096 n_heads=12 n_kv_heads=2 head_dim=128 kv_head=1 worker=1 block_r=0 block_c=2560 t0_us=261265253276 t1_us=261265253303 dur_us=27
FIG8_ATTENTION_EVENT mode=scna-fp16 layout=serial phase=measure iteration=0 component=v_load component_id=3 lut_exp=0 scna_layout=0 scna_width=8 qo_len=4 kv_len=4096 n_heads=12 n_kv_heads=2 head_dim=128 kv_head=1 worker=1 block_r=0 block_c=2560 t0_us=261265253303 t1_us=261265253328 dur_us=24
FIG8_ATTENTION_EVENT mode=scna-fp16 layout=serial phase=measure iteration=0 component=scna_exp component_id=9 lut_exp=0 scna_layout=0 scna_width=8 qo_len=4 kv_len=4096 n_heads=12 n_kv_heads=2 head_dim=128 kv_head=1 worker=1 block_r=0 block_c=2560 t0_us=261265253328 t1_us=261265253328 dur_us=0
FIG8_ATTENTION_EVENT mode=scna-fp16 layout=serial phase=measure iteration=0 component=core_acc component_id=6 lut_exp=0 scna_layout=0 scna_width=8 qo_len=4 kv_len=4096 n_heads=12 n_kv_heads=2 head_dim=128 kv_head=1 worker=1 block_r=0 block_c=2560 t0_us=261265253328 t1_us=261265253328 dur_us=0
FIG8_ATTENTION_EVENT mode=scna-fp16 layout=serial phase=measure iteration=0 component=k_load component_id=2 lut_exp=0 scna_layout=0 scna_width=8 qo_len=4 kv_len=4096 n_heads=12 n_kv_heads=2 head_dim=128 kv_head=1 worker=1 block_r=0 block_c=3840 t0_us=261265253329 t1_us=261265253333 dur_us=4
FIG8_ATTENTION_EVENT mode=scna-fp16 layout=serial phase=measure iteration=0 component=qk_dot component_id=4 lut_exp=0 scna_layout=0 scna_width=8 qo_len=4 kv_len=4096 n_heads=12 n_kv_heads=2 head_dim=128 kv_head=1 worker=1 block_r=0 block_c=3840 t0_us=261265253333 t1_us=261265253333 dur_us=0
FIG8_ATTENTION_EVENT mode=scna-fp16 layout=serial phase=measure iteration=0 component=scna_exp component_id=9 lut_exp=0 scna_layout=0 scna_width=8 qo_len=4 kv_len=4096 n_heads=12 n_kv_heads=2 head_dim=128 kv_head=1 worker=1 block_r=0 block_c=3840 t0_us=261265253333 t1_us=261265253334 dur_us=0
FIG8_ATTENTION_EVENT mode=scna-fp16 layout=serial phase=measure iteration=0 component=scna_exp component_id=9 lut_exp=0 scna_layout=0 scna_width=8 qo_len=4 kv_len=4096 n_heads=12 n_kv_heads=2 head_dim=128 kv_head=1 worker=1 block_r=2 block_c=3840 t0_us=261265253334 t1_us=261265253334 dur_us=0
FIG8_ATTENTION_EVENT mode=scna-fp16 layout=serial phase=measure iteration=0 component=scna_exp component_id=9 lut_exp=0 scna_layout=0 scna_width=8 qo_len=4 kv_len=4096 n_heads=12 n_kv_heads=2 head_dim=128 kv_head=1 worker=1 block_r=4 block_c=3840 t0_us=261265253335 t1_us=261265253335 dur_us=0
FIG8_ATTENTION_EVENT mode=scna-fp16 layout=serial phase=measure iteration=0 component=scna_exp component_id=9 lut_exp=0 scna_layout=0 scna_width=8 qo_len=4 kv_len=4096 n_heads=12 n_kv_heads=2 head_dim=128 kv_head=1 worker=1 block_r=6 block_c=3840 t0_us=261265253335 t1_us=261265253336 dur_us=0
FIG8_ATTENTION_EVENT mode=scna-fp16 layout=serial phase=measure iteration=0 component=scna_exp component_id=9 lut_exp=0 scna_layout=0 scna_width=8 qo_len=4 kv_len=4096 n_heads=12 n_kv_heads=2 head_dim=128 kv_head=1 worker=1 block_r=8 block_c=3840 t0_us=261265253336 t1_us=261265253336 dur_us=0
FIG8_ATTENTION_EVENT mode=scna-fp16 layout=serial phase=measure iteration=0 component=scna_exp component_id=9 lut_exp=0 scna_layout=0 scna_width=8 qo_len=4 kv_len=4096 n_heads=12 n_kv_heads=2 head_dim=128 kv_head=1 worker=1 block_r=10 block_c=3840 t0_us=261265253337 t1_us=261265253337 dur_us=0
FIG8_ATTENTION_EVENT mode=scna-fp16 layout=serial phase=measure iteration=0 component=scna_exp component_id=9 lut_exp=0 scna_layout=0 scna_width=8 qo_len=4 kv_len=4096 n_heads=12 n_kv_heads=2 head_dim=128 kv_head=1 worker=1 block_r=12 block_c=3840 t0_us=261265253337 t1_us=261265253338 dur_us=0
FIG8_ATTENTION_EVENT mode=scna-fp16 layout=serial phase=measure iteration=0 component=scna_exp component_id=9 lut_exp=0 scna_layout=0 scna_width=8 qo_len=4 kv_len=4096 n_heads=12 n_kv_heads=2 head_dim=128 kv_head=1 worker=1 block_r=14 block_c=3840 t0_us=261265253338 t1_us=261265253338 dur_us=0
FIG8_ATTENTION_EVENT mode=scna-fp16 layout=serial phase=measure iteration=0 component=scna_exp component_id=9 lut_exp=0 scna_layout=0 scna_width=8 qo_len=4 kv_len=4096 n_heads=12 n_kv_heads=2 head_dim=128 kv_head=1 worker=1 block_r=16 block_c=3840 t0_us=261265253339 t1_us=261265253339 dur_us=0
FIG8_ATTENTION_EVENT mode=scna-fp16 layout=serial phase=measure iteration=0 component=scna_exp component_id=9 lut_exp=0 scna_layout=0 scna_width=8 qo_len=4 kv_len=4096 n_heads=12 n_kv_heads=2 head_dim=128 kv_head=1 worker=1 block_r=18 block_c=3840 t0_us=261265253339 t1_us=261265253340 dur_us=0
FIG8_ATTENTION_EVENT mode=scna-fp16 layout=serial phase=measure iteration=0 component=scna_exp component_id=9 lut_exp=0 scna_layout=0 scna_width=8 qo_len=4 kv_len=4096 n_heads=12 n_kv_heads=2 head_dim=128 kv_head=1 worker=1 block_r=20 block_c=3840 t0_us=261265253340 t1_us=261265253340 dur_us=0
FIG8_ATTENTION_EVENT mode=scna-fp16 layout=serial phase=measure iteration=0 component=scna_exp component_id=9 lut_exp=0 scna_layout=0 scna_width=8 qo_len=4 kv_len=4096 n_heads=12 n_kv_heads=2 head_dim=128 kv_head=1 worker=1 block_r=22 block_c=3840 t0_us=261265253340 t1_us=261265253341 dur_us=0
FIG8_ATTENTION_EVENT mode=scna-fp16 layout=serial phase=measure iteration=0 component=safe_sm component_id=5 lut_exp=0 scna_layout=0 scna_width=8 qo_len=4 kv_len=4096 n_heads=12 n_kv_heads=2 head_dim=128 kv_head=1 worker=1 block_r=0 block_c=3840 t0_us=261265253333 t1_us=261265253341 dur_us=8
FIG8_ATTENTION_EVENT mode=scna-fp16 layout=serial phase=measure iteration=0 component=v_load component_id=3 lut_exp=0 scna_layout=0 scna_width=8 qo_len=4 kv_len=4096 n_heads=12 n_kv_heads=2 head_dim=128 kv_head=1 worker=1 block_r=0 block_c=3840 t0_us=261265253341 t1_us=261265253343 dur_us=2
FIG8_ATTENTION_EVENT mode=scna-fp16 layout=serial phase=measure iteration=0 component=scna_exp component_id=9 lut_exp=0 scna_layout=0 scna_width=8 qo_len=4 kv_len=4096 n_heads=12 n_kv_heads=2 head_dim=128 kv_head=1 worker=1 block_r=0 block_c=3840 t0_us=261265253343 t1_us=261265253343 dur_us=0
FIG8_ATTENTION_EVENT mode=scna-fp16 layout=serial phase=measure iteration=0 component=core_acc component_id=6 lut_exp=0 scna_layout=0 scna_width=8 qo_len=4 kv_len=4096 n_heads=12 n_kv_heads=2 head_dim=128 kv_head=1 worker=1 block_r=0 block_c=3840 t0_us=261265253343 t1_us=261265253343 dur_us=0
FIG8_ATTENTION_EVENT mode=scna-fp16 layout=serial phase=measure iteration=0 component=o_scale component_id=7 lut_exp=0 scna_layout=0 scna_width=8 qo_len=4 kv_len=4096 n_heads=12 n_kv_heads=2 head_dim=128 kv_head=1 worker=1 block_r=0 block_c=-1 t0_us=261265253344 t1_us=261265253345 dur_us=1
FIG8_ATTENTION_EVENT mode=scna-fp16 layout=serial phase=measure iteration=0 component=o_store component_id=8 lut_exp=0 scna_layout=0 scna_width=8 qo_len=4 kv_len=4096 n_heads=12 n_kv_heads=2 head_dim=128 kv_head=1 worker=1 block_r=0 block_c=-1 t0_us=261265253345 t1_us=261265253347 dur_us=1
FIG8_ATTENTION_EVENT mode=scna-fp16 layout=serial phase=measure iteration=0 component=q_load component_id=1 lut_exp=0 scna_layout=0 scna_width=8 qo_len=4 kv_len=4096 n_heads=12 n_kv_heads=2 head_dim=128 kv_head=0 worker=1 block_r=0 block_c=-1 t0_us=261265253386 t1_us=261265253387 dur_us=1
FIG8_ATTENTION_EVENT mode=scna-fp16 layout=serial phase=measure iteration=0 component=k_load component_id=2 lut_exp=0 scna_layout=0 scna_width=8 qo_len=4 kv_len=4096 n_heads=12 n_kv_heads=2 head_dim=128 kv_head=0 worker=1 block_r=0 block_c=0 t0_us=261265253388 t1_us=261265253409 dur_us=20
FIG8_ATTENTION_EVENT mode=scna-fp16 layout=serial phase=measure iteration=0 component=qk_dot component_id=4 lut_exp=0 scna_layout=0 scna_width=8 qo_len=4 kv_len=4096 n_heads=12 n_kv_heads=2 head_dim=128 kv_head=0 worker=1 block_r=0 block_c=0 t0_us=261265253410 t1_us=261265253411 dur_us=1
FIG8_ATTENTION_EVENT mode=scna-fp16 layout=serial phase=measure iteration=0 component=scna_exp component_id=9 lut_exp=0 scna_layout=0 scna_width=8 qo_len=4 kv_len=4096 n_heads=12 n_kv_heads=2 head_dim=128 kv_head=0 worker=1 block_r=0 block_c=0 t0_us=261265253413 t1_us=261265253416 dur_us=2
FIG8_ATTENTION_EVENT mode=scna-fp16 layout=serial phase=measure iteration=0 component=scna_exp component_id=9 lut_exp=0 scna_layout=0 scna_width=8 qo_len=4 kv_len=4096 n_heads=12 n_kv_heads=2 head_dim=128 kv_head=0 worker=1 block_r=2 block_c=0 t0_us=261265253417 t1_us=261265253419 dur_us=1
FIG8_ATTENTION_EVENT mode=scna-fp16 layout=serial phase=measure iteration=0 component=scna_exp component_id=9 lut_exp=0 scna_layout=0 scna_width=8 qo_len=4 kv_len=4096 n_heads=12 n_kv_heads=2 head_dim=128 kv_head=0 worker=1 block_r=4 block_c=0 t0_us=261265253419 t1_us=261265253421 dur_us=1
FIG8_ATTENTION_EVENT mode=scna-fp16 layout=serial phase=measure iteration=0 component=scna_exp component_id=9 lut_exp=0 scna_layout=0 scna_width=8 qo_len=4 kv_len=4096 n_heads=12 n_kv_heads=2 head_dim=128 kv_head=0 worker=1 block_r=6 block_c=0 t0_us=261265253422 t1_us=261265253424 dur_us=1
FIG8_ATTENTION_EVENT mode=scna-fp16 layout=serial phase=measure iteration=0 component=scna_exp component_id=9 lut_exp=0 scna_layout=0 scna_width=8 qo_len=4 kv_len=4096 n_heads=12 n_kv_heads=2 head_dim=128 kv_head=0 worker=1 block_r=8 block_c=0 t0_us=261265253424 t1_us=261265253426 dur_us=1
FIG8_ATTENTION_EVENT mode=scna-fp16 layout=serial phase=measure iteration=0 component=scna_exp component_id=9 lut_exp=0 scna_layout=0 scna_width=8 qo_len=4 kv_len=4096 n_heads=12 n_kv_heads=2 head_dim=128 kv_head=0 worker=1 block_r=10 block_c=0 t0_us=261265253426 t1_us=261265253428 dur_us=1
FIG8_ATTENTION_EVENT mode=scna-fp16 layout=serial phase=measure iteration=0 component=scna_exp component_id=9 lut_exp=0 scna_layout=0 scna_width=8 qo_len=4 kv_len=4096 n_heads=12 n_kv_heads=2 head_dim=128 kv_head=0 worker=1 block_r=12 block_c=0 t0_us=261265253429 t1_us=261265253431 dur_us=1
FIG8_ATTENTION_EVENT mode=scna-fp16 layout=serial phase=measure iteration=0 component=scna_exp component_id=9 lut_exp=0 scna_layout=0 scna_width=8 qo_len=4 kv_len=4096 n_heads=12 n_kv_heads=2 head_dim=128 kv_head=0 worker=1 block_r=14 block_c=0 t0_us=261265253431 t1_us=261265253433 dur_us=1
FIG8_ATTENTION_EVENT mode=scna-fp16 layout=serial phase=measure iteration=0 component=scna_exp component_id=9 lut_exp=0 scna_layout=0 scna_width=8 qo_len=4 kv_len=4096 n_heads=12 n_kv_heads=2 head_dim=128 kv_head=0 worker=1 block_r=16 block_c=0 t0_us=261265253433 t1_us=261265253435 dur_us=1
FIG8_ATTENTION_EVENT mode=scna-fp16 layout=serial phase=measure iteration=0 component=scna_exp component_id=9 lut_exp=0 scna_layout=0 scna_width=8 qo_len=4 kv_len=4096 n_heads=12 n_kv_heads=2 head_dim=128 kv_head=0 worker=1 block_r=18 block_c=0 t0_us=261265253436 t1_us=261265253437 dur_us=1
FIG8_ATTENTION_EVENT mode=scna-fp16 layout=serial phase=measure iteration=0 component=scna_exp component_id=9 lut_exp=0 scna_layout=0 scna_width=8 qo_len=4 kv_len=4096 n_heads=12 n_kv_heads=2 head_dim=128 kv_head=0 worker=1 block_r=20 block_c=0 t0_us=261265253438 t1_us=261265253439 dur_us=1
FIG8_ATTENTION_EVENT mode=scna-fp16 layout=serial phase=measure iteration=0 component=scna_exp component_id=9 lut_exp=0 scna_layout=0 scna_width=8 qo_len=4 kv_len=4096 n_heads=12 n_kv_heads=2 head_dim=128 kv_head=0 worker=1 block_r=22 block_c=0 t0_us=261265253440 t1_us=261265253441 dur_us=1
FIG8_ATTENTION_EVENT mode=scna-fp16 layout=serial phase=measure iteration=0 component=safe_sm component_id=5 lut_exp=0 scna_layout=0 scna_width=8 qo_len=4 kv_len=4096 n_heads=12 n_kv_heads=2 head_dim=128 kv_head=0 worker=1 block_r=0 block_c=0 t0_us=261265253411 t1_us=261265253442 dur_us=30
FIG8_ATTENTION_EVENT mode=scna-fp16 layout=serial phase=measure iteration=0 component=v_load component_id=3 lut_exp=0 scna_layout=0 scna_width=8 qo_len=4 kv_len=4096 n_heads=12 n_kv_heads=2 head_dim=128 kv_head=0 worker=1 block_r=0 block_c=0 t0_us=261265253442 t1_us=261265253458 dur_us=16
FIG8_ATTENTION_EVENT mode=scna-fp16 layout=serial phase=measure iteration=0 component=scna_exp component_id=9 lut_exp=0 scna_layout=0 scna_width=8 qo_len=4 kv_len=4096 n_heads=12 n_kv_heads=2 head_dim=128 kv_head=0 worker=1 block_r=0 block_c=0 t0_us=261265253459 t1_us=261265253459 dur_us=0
FIG8_ATTENTION_EVENT mode=scna-fp16 layout=serial phase=measure iteration=0 component=core_acc component_id=6 lut_exp=0 scna_layout=0 scna_width=8 qo_len=4 kv_len=4096 n_heads=12 n_kv_heads=2 head_dim=128 kv_head=0 worker=1 block_r=0 block_c=0 t0_us=261265253458 t1_us=261265253461 dur_us=2
FIG8_ATTENTION_EVENT mode=scna-fp16 layout=serial phase=measure iteration=0 component=k_load component_id=2 lut_exp=0 scna_layout=0 scna_width=8 qo_len=4 kv_len=4096 n_heads=12 n_kv_heads=2 head_dim=128 kv_head=0 worker=1 block_r=0 block_c=1280 t0_us=261265253462 t1_us=261265253484 dur_us=22
FIG8_ATTENTION_EVENT mode=scna-fp16 layout=serial phase=measure iteration=0 component=qk_dot component_id=4 lut_exp=0 scna_layout=0 scna_width=8 qo_len=4 kv_len=4096 n_heads=12 n_kv_heads=2 head_dim=128 kv_head=0 worker=1 block_r=0 block_c=1280 t0_us=261265253484 t1_us=261265253485 dur_us=0
FIG8_ATTENTION_EVENT mode=scna-fp16 layout=serial phase=measure iteration=0 component=scna_exp component_id=9 lut_exp=0 scna_layout=0 scna_width=8 qo_len=4 kv_len=4096 n_heads=12 n_kv_heads=2 head_dim=128 kv_head=0 worker=1 block_r=0 block_c=1280 t0_us=261265253487 t1_us=261265253488 dur_us=1
FIG8_ATTENTION_EVENT mode=scna-fp16 layout=serial phase=measure iteration=0 component=scna_exp component_id=9 lut_exp=0 scna_layout=0 scna_width=8 qo_len=4 kv_len=4096 n_heads=12 n_kv_heads=2 head_dim=128 kv_head=0 worker=1 block_r=2 block_c=1280 t0_us=261265253489 t1_us=261265253491 dur_us=1
FIG8_ATTENTION_EVENT mode=scna-fp16 layout=serial phase=measure iteration=0 component=scna_exp component_id=9 lut_exp=0 scna_layout=0 scna_width=8 qo_len=4 kv_len=4096 n_heads=12 n_kv_heads=2 head_dim=128 kv_head=0 worker=1 block_r=4 block_c=1280 t0_us=261265253491 t1_us=261265253493 dur_us=1
FIG8_ATTENTION_EVENT mode=scna-fp16 layout=serial phase=measure iteration=0 component=scna_exp component_id=9 lut_exp=0 scna_layout=0 scna_width=8 qo_len=4 kv_len=4096 n_heads=12 n_kv_heads=2 head_dim=128 kv_head=0 worker=1 block_r=6 block_c=1280 t0_us=261265253494 t1_us=261265253496 dur_us=1
FIG8_ATTENTION_EVENT mode=scna-fp16 layout=serial phase=measure iteration=0 component=scna_exp component_id=9 lut_exp=0 scna_layout=0 scna_width=8 qo_len=4 kv_len=4096 n_heads=12 n_kv_heads=2 head_dim=128 kv_head=0 worker=1 block_r=8 block_c=1280 t0_us=261265253496 t1_us=261265253498 dur_us=1
FIG8_ATTENTION_EVENT mode=scna-fp16 layout=serial phase=measure iteration=0 component=scna_exp component_id=9 lut_exp=0 scna_layout=0 scna_width=8 qo_len=4 kv_len=4096 n_heads=12 n_kv_heads=2 head_dim=128 kv_head=0 worker=1 block_r=10 block_c=1280 t0_us=261265253498 t1_us=261265253500 dur_us=1
FIG8_ATTENTION_EVENT mode=scna-fp16 layout=serial phase=measure iteration=0 component=scna_exp component_id=9 lut_exp=0 scna_layout=0 scna_width=8 qo_len=4 kv_len=4096 n_heads=12 n_kv_heads=2 head_dim=128 kv_head=0 worker=1 block_r=12 block_c=1280 t0_us=261265253501 t1_us=261265253503 dur_us=1
FIG8_ATTENTION_EVENT mode=scna-fp16 layout=serial phase=measure iteration=0 component=scna_exp component_id=9 lut_exp=0 scna_layout=0 scna_width=8 qo_len=4 kv_len=4096 n_heads=12 n_kv_heads=2 head_dim=128 kv_head=0 worker=1 block_r=14 block_c=1280 t0_us=261265253503 t1_us=261265253505 dur_us=1
FIG8_ATTENTION_EVENT mode=scna-fp16 layout=serial phase=measure iteration=0 component=scna_exp component_id=9 lut_exp=0 scna_layout=0 scna_width=8 qo_len=4 kv_len=4096 n_heads=12 n_kv_heads=2 head_dim=128 kv_head=0 worker=1 block_r=16 block_c=1280 t0_us=261265253505 t1_us=261265253507 dur_us=1
FIG8_ATTENTION_EVENT mode=scna-fp16 layout=serial phase=measure iteration=0 component=scna_exp component_id=9 lut_exp=0 scna_layout=0 scna_width=8 qo_len=4 kv_len=4096 n_heads=12 n_kv_heads=2 head_dim=128 kv_head=0 worker=1 block_r=18 block_c=1280 t0_us=261265253508 t1_us=261265253509 dur_us=1
FIG8_ATTENTION_EVENT mode=scna-fp16 layout=serial phase=measure iteration=0 component=scna_exp component_id=9 lut_exp=0 scna_layout=0 scna_width=8 qo_len=4 kv_len=4096 n_heads=12 n_kv_heads=2 head_dim=128 kv_head=0 worker=1 block_r=20 block_c=1280 t0_us=261265253510 t1_us=261265253511 dur_us=1
FIG8_ATTENTION_EVENT mode=scna-fp16 layout=serial phase=measure iteration=0 component=scna_exp component_id=9 lut_exp=0 scna_layout=0 scna_width=8 qo_len=4 kv_len=4096 n_heads=12 n_kv_heads=2 head_dim=128 kv_head=0 worker=1 block_r=22 block_c=1280 t0_us=261265253512 t1_us=261265253513 dur_us=1
FIG8_ATTENTION_EVENT mode=scna-fp16 layout=serial phase=measure iteration=0 component=safe_sm component_id=5 lut_exp=0 scna_layout=0 scna_width=8 qo_len=4 kv_len=4096 n_heads=12 n_kv_heads=2 head_dim=128 kv_head=0 worker=1 block_r=0 block_c=1280 t0_us=261265253485 t1_us=261265253513 dur_us=28
FIG8_ATTENTION_EVENT mode=scna-fp16 layout=serial phase=measure iteration=0 component=v_load component_id=3 lut_exp=0 scna_layout=0 scna_width=8 qo_len=4 kv_len=4096 n_heads=12 n_kv_heads=2 head_dim=128 kv_head=0 worker=1 block_r=0 block_c=1280 t0_us=261265253513 t1_us=261265253536 dur_us=22
FIG8_ATTENTION_EVENT mode=scna-fp16 layout=serial phase=measure iteration=0 component=scna_exp component_id=9 lut_exp=0 scna_layout=0 scna_width=8 qo_len=4 kv_len=4096 n_heads=12 n_kv_heads=2 head_dim=128 kv_head=0 worker=1 block_r=0 block_c=1280 t0_us=261265253536 t1_us=261265253536 dur_us=0
FIG8_ATTENTION_EVENT mode=scna-fp16 layout=serial phase=measure iteration=0 component=core_acc component_id=6 lut_exp=0 scna_layout=0 scna_width=8 qo_len=4 kv_len=4096 n_heads=12 n_kv_heads=2 head_dim=128 kv_head=0 worker=1 block_r=0 block_c=1280 t0_us=261265253536 t1_us=261265253536 dur_us=0
FIG8_ATTENTION_EVENT mode=scna-fp16 layout=serial phase=measure iteration=0 component=k_load component_id=2 lut_exp=0 scna_layout=0 scna_width=8 qo_len=4 kv_len=4096 n_heads=12 n_kv_heads=2 head_dim=128 kv_head=0 worker=1 block_r=0 block_c=2560 t0_us=261265253536 t1_us=261265253556 dur_us=20
FIG8_ATTENTION_EVENT mode=scna-fp16 layout=serial phase=measure iteration=0 component=qk_dot component_id=4 lut_exp=0 scna_layout=0 scna_width=8 qo_len=4 kv_len=4096 n_heads=12 n_kv_heads=2 head_dim=128 kv_head=0 worker=1 block_r=0 block_c=2560 t0_us=261265253557 t1_us=261265253557 dur_us=0
FIG8_ATTENTION_EVENT mode=scna-fp16 layout=serial phase=measure iteration=0 component=scna_exp component_id=9 lut_exp=0 scna_layout=0 scna_width=8 qo_len=4 kv_len=4096 n_heads=12 n_kv_heads=2 head_dim=128 kv_head=0 worker=1 block_r=0 block_c=2560 t0_us=261265253559 t1_us=261265253560 dur_us=1
FIG8_ATTENTION_EVENT mode=scna-fp16 layout=serial phase=measure iteration=0 component=scna_exp component_id=9 lut_exp=0 scna_layout=0 scna_width=8 qo_len=4 kv_len=4096 n_heads=12 n_kv_heads=2 head_dim=128 kv_head=0 worker=1 block_r=2 block_c=2560 t0_us=261265253561 t1_us=261265253563 dur_us=1
FIG8_ATTENTION_EVENT mode=scna-fp16 layout=serial phase=measure iteration=0 component=scna_exp component_id=9 lut_exp=0 scna_layout=0 scna_width=8 qo_len=4 kv_len=4096 n_heads=12 n_kv_heads=2 head_dim=128 kv_head=0 worker=1 block_r=4 block_c=2560 t0_us=261265253563 t1_us=261265253565 dur_us=1
FIG8_ATTENTION_EVENT mode=scna-fp16 layout=serial phase=measure iteration=0 component=scna_exp component_id=9 lut_exp=0 scna_layout=0 scna_width=8 qo_len=4 kv_len=4096 n_heads=12 n_kv_heads=2 head_dim=128 kv_head=0 worker=1 block_r=6 block_c=2560 t0_us=261265253566 t1_us=261265253568 dur_us=1
FIG8_ATTENTION_EVENT mode=scna-fp16 layout=serial phase=measure iteration=0 component=scna_exp component_id=9 lut_exp=0 scna_layout=0 scna_width=8 qo_len=4 kv_len=4096 n_heads=12 n_kv_heads=2 head_dim=128 kv_head=0 worker=1 block_r=8 block_c=2560 t0_us=261265253568 t1_us=261265253570 dur_us=1
FIG8_ATTENTION_EVENT mode=scna-fp16 layout=serial phase=measure iteration=0 component=scna_exp component_id=9 lut_exp=0 scna_layout=0 scna_width=8 qo_len=4 kv_len=4096 n_heads=12 n_kv_heads=2 head_dim=128 kv_head=0 worker=1 block_r=10 block_c=2560 t0_us=261265253570 t1_us=261265253572 dur_us=1
FIG8_ATTENTION_EVENT mode=scna-fp16 layout=serial phase=measure iteration=0 component=scna_exp component_id=9 lut_exp=0 scna_layout=0 scna_width=8 qo_len=4 kv_len=4096 n_heads=12 n_kv_heads=2 head_dim=128 kv_head=0 worker=1 block_r=12 block_c=2560 t0_us=261265253573 t1_us=261265253575 dur_us=1
FIG8_ATTENTION_EVENT mode=scna-fp16 layout=serial phase=measure iteration=0 component=scna_exp component_id=9 lut_exp=0 scna_layout=0 scna_width=8 qo_len=4 kv_len=4096 n_heads=12 n_kv_heads=2 head_dim=128 kv_head=0 worker=1 block_r=14 block_c=2560 t0_us=261265253575 t1_us=261265253577 dur_us=1
FIG8_ATTENTION_EVENT mode=scna-fp16 layout=serial phase=measure iteration=0 component=scna_exp component_id=9 lut_exp=0 scna_layout=0 scna_width=8 qo_len=4 kv_len=4096 n_heads=12 n_kv_heads=2 head_dim=128 kv_head=0 worker=1 block_r=16 block_c=2560 t0_us=261265253577 t1_us=261265253579 dur_us=1
FIG8_ATTENTION_EVENT mode=scna-fp16 layout=serial phase=measure iteration=0 component=scna_exp component_id=9 lut_exp=0 scna_layout=0 scna_width=8 qo_len=4 kv_len=4096 n_heads=12 n_kv_heads=2 head_dim=128 kv_head=0 worker=1 block_r=18 block_c=2560 t0_us=261265253580 t1_us=261265253582 dur_us=1
FIG8_ATTENTION_EVENT mode=scna-fp16 layout=serial phase=measure iteration=0 component=scna_exp component_id=9 lut_exp=0 scna_layout=0 scna_width=8 qo_len=4 kv_len=4096 n_heads=12 n_kv_heads=2 head_dim=128 kv_head=0 worker=1 block_r=20 block_c=2560 t0_us=261265253582 t1_us=261265253583 dur_us=1
FIG8_ATTENTION_EVENT mode=scna-fp16 layout=serial phase=measure iteration=0 component=scna_exp component_id=9 lut_exp=0 scna_layout=0 scna_width=8 qo_len=4 kv_len=4096 n_heads=12 n_kv_heads=2 head_dim=128 kv_head=0 worker=1 block_r=22 block_c=2560 t0_us=261265253584 t1_us=261265253585 dur_us=1
FIG8_ATTENTION_EVENT mode=scna-fp16 layout=serial phase=measure iteration=0 component=safe_sm component_id=5 lut_exp=0 scna_layout=0 scna_width=8 qo_len=4 kv_len=4096 n_heads=12 n_kv_heads=2 head_dim=128 kv_head=0 worker=1 block_r=0 block_c=2560 t0_us=261265253557 t1_us=261265253586 dur_us=28
FIG8_ATTENTION_EVENT mode=scna-fp16 layout=serial phase=measure iteration=0 component=v_load component_id=3 lut_exp=0 scna_layout=0 scna_width=8 qo_len=4 kv_len=4096 n_heads=12 n_kv_heads=2 head_dim=128 kv_head=0 worker=1 block_r=0 block_c=2560 t0_us=261265253586 t1_us=261265253609 dur_us=23
FIG8_ATTENTION_EVENT mode=scna-fp16 layout=serial phase=measure iteration=0 component=scna_exp component_id=9 lut_exp=0 scna_layout=0 scna_width=8 qo_len=4 kv_len=4096 n_heads=12 n_kv_heads=2 head_dim=128 kv_head=0 worker=1 block_r=0 block_c=2560 t0_us=261265253609 t1_us=261265253609 dur_us=0
FIG8_ATTENTION_EVENT mode=scna-fp16 layout=serial phase=measure iteration=0 component=core_acc component_id=6 lut_exp=0 scna_layout=0 scna_width=8 qo_len=4 kv_len=4096 n_heads=12 n_kv_heads=2 head_dim=128 kv_head=0 worker=1 block_r=0 block_c=2560 t0_us=261265253609 t1_us=261265253610 dur_us=0
FIG8_ATTENTION_EVENT mode=scna-fp16 layout=serial phase=measure iteration=0 component=k_load component_id=2 lut_exp=0 scna_layout=0 scna_width=8 qo_len=4 kv_len=4096 n_heads=12 n_kv_heads=2 head_dim=128 kv_head=0 worker=1 block_r=0 block_c=3840 t0_us=261265253610 t1_us=261265253614 dur_us=4
FIG8_ATTENTION_EVENT mode=scna-fp16 layout=serial phase=measure iteration=0 component=qk_dot component_id=4 lut_exp=0 scna_layout=0 scna_width=8 qo_len=4 kv_len=4096 n_heads=12 n_kv_heads=2 head_dim=128 kv_head=0 worker=1 block_r=0 block_c=3840 t0_us=261265253614 t1_us=261265253614 dur_us=0
FIG8_ATTENTION_EVENT mode=scna-fp16 layout=serial phase=measure iteration=0 component=scna_exp component_id=9 lut_exp=0 scna_layout=0 scna_width=8 qo_len=4 kv_len=4096 n_heads=12 n_kv_heads=2 head_dim=128 kv_head=0 worker=1 block_r=0 block_c=3840 t0_us=261265253615 t1_us=261265253615 dur_us=0
FIG8_ATTENTION_EVENT mode=scna-fp16 layout=serial phase=measure iteration=0 component=scna_exp component_id=9 lut_exp=0 scna_layout=0 scna_width=8 qo_len=4 kv_len=4096 n_heads=12 n_kv_heads=2 head_dim=128 kv_head=0 worker=1 block_r=2 block_c=3840 t0_us=261265253615 t1_us=261265253616 dur_us=0
FIG8_ATTENTION_EVENT mode=scna-fp16 layout=serial phase=measure iteration=0 component=scna_exp component_id=9 lut_exp=0 scna_layout=0 scna_width=8 qo_len=4 kv_len=4096 n_heads=12 n_kv_heads=2 head_dim=128 kv_head=0 worker=1 block_r=4 block_c=3840 t0_us=261265253616 t1_us=261265253616 dur_us=0
FIG8_ATTENTION_EVENT mode=scna-fp16 layout=serial phase=measure iteration=0 component=scna_exp component_id=9 lut_exp=0 scna_layout=0 scna_width=8 qo_len=4 kv_len=4096 n_heads=12 n_kv_heads=2 head_dim=128 kv_head=0 worker=1 block_r=6 block_c=3840 t0_us=261265253617 t1_us=261265253617 dur_us=0
FIG8_ATTENTION_EVENT mode=scna-fp16 layout=serial phase=measure iteration=0 component=scna_exp component_id=9 lut_exp=0 scna_layout=0 scna_width=8 qo_len=4 kv_len=4096 n_heads=12 n_kv_heads=2 head_dim=128 kv_head=0 worker=1 block_r=8 block_c=3840 t0_us=261265253617 t1_us=261265253618 dur_us=0
FIG8_ATTENTION_EVENT mode=scna-fp16 layout=serial phase=measure iteration=0 component=scna_exp component_id=9 lut_exp=0 scna_layout=0 scna_width=8 qo_len=4 kv_len=4096 n_heads=12 n_kv_heads=2 head_dim=128 kv_head=0 worker=1 block_r=10 block_c=3840 t0_us=261265253618 t1_us=261265253618 dur_us=0
FIG8_ATTENTION_EVENT mode=scna-fp16 layout=serial phase=measure iteration=0 component=scna_exp component_id=9 lut_exp=0 scna_layout=0 scna_width=8 qo_len=4 kv_len=4096 n_heads=12 n_kv_heads=2 head_dim=128 kv_head=0 worker=1 block_r=12 block_c=3840 t0_us=261265253619 t1_us=261265253619 dur_us=0
FIG8_ATTENTION_EVENT mode=scna-fp16 layout=serial phase=measure iteration=0 component=scna_exp component_id=9 lut_exp=0 scna_layout=0 scna_width=8 qo_len=4 kv_len=4096 n_heads=12 n_kv_heads=2 head_dim=128 kv_head=0 worker=1 block_r=14 block_c=3840 t0_us=261265253619 t1_us=261265253620 dur_us=0
FIG8_ATTENTION_EVENT mode=scna-fp16 layout=serial phase=measure iteration=0 component=scna_exp component_id=9 lut_exp=0 scna_layout=0 scna_width=8 qo_len=4 kv_len=4096 n_heads=12 n_kv_heads=2 head_dim=128 kv_head=0 worker=1 block_r=16 block_c=3840 t0_us=261265253620 t1_us=261265253620 dur_us=0
FIG8_ATTENTION_EVENT mode=scna-fp16 layout=serial phase=measure iteration=0 component=scna_exp component_id=9 lut_exp=0 scna_layout=0 scna_width=8 qo_len=4 kv_len=4096 n_heads=12 n_kv_heads=2 head_dim=128 kv_head=0 worker=1 block_r=18 block_c=3840 t0_us=261265253621 t1_us=261265253621 dur_us=0
FIG8_ATTENTION_EVENT mode=scna-fp16 layout=serial phase=measure iteration=0 component=scna_exp component_id=9 lut_exp=0 scna_layout=0 scna_width=8 qo_len=4 kv_len=4096 n_heads=12 n_kv_heads=2 head_dim=128 kv_head=0 worker=1 block_r=20 block_c=3840 t0_us=261265253621 t1_us=261265253622 dur_us=0
FIG8_ATTENTION_EVENT mode=scna-fp16 layout=serial phase=measure iteration=0 component=scna_exp component_id=9 lut_exp=0 scna_layout=0 scna_width=8 qo_len=4 kv_len=4096 n_heads=12 n_kv_heads=2 head_dim=128 kv_head=0 worker=1 block_r=22 block_c=3840 t0_us=261265253622 t1_us=261265253622 dur_us=0
FIG8_ATTENTION_EVENT mode=scna-fp16 layout=serial phase=measure iteration=0 component=safe_sm component_id=5 lut_exp=0 scna_layout=0 scna_width=8 qo_len=4 kv_len=4096 n_heads=12 n_kv_heads=2 head_dim=128 kv_head=0 worker=1 block_r=0 block_c=3840 t0_us=261265253614 t1_us=261265253622 dur_us=8
FIG8_ATTENTION_EVENT mode=scna-fp16 layout=serial phase=measure iteration=0 component=v_load component_id=3 lut_exp=0 scna_layout=0 scna_width=8 qo_len=4 kv_len=4096 n_heads=12 n_kv_heads=2 head_dim=128 kv_head=0 worker=1 block_r=0 block_c=3840 t0_us=261265253622 t1_us=261265253625 dur_us=2
FIG8_ATTENTION_EVENT mode=scna-fp16 layout=serial phase=measure iteration=0 component=scna_exp component_id=9 lut_exp=0 scna_layout=0 scna_width=8 qo_len=4 kv_len=4096 n_heads=12 n_kv_heads=2 head_dim=128 kv_head=0 worker=1 block_r=0 block_c=3840 t0_us=261265253625 t1_us=261265253625 dur_us=0
FIG8_ATTENTION_EVENT mode=scna-fp16 layout=serial phase=measure iteration=0 component=core_acc component_id=6 lut_exp=0 scna_layout=0 scna_width=8 qo_len=4 kv_len=4096 n_heads=12 n_kv_heads=2 head_dim=128 kv_head=0 worker=1 block_r=0 block_c=3840 t0_us=261265253625 t1_us=261265253625 dur_us=0
FIG8_ATTENTION_EVENT mode=scna-fp16 layout=serial phase=measure iteration=0 component=o_scale component_id=7 lut_exp=0 scna_layout=0 scna_width=8 qo_len=4 kv_len=4096 n_heads=12 n_kv_heads=2 head_dim=128 kv_head=0 worker=1 block_r=0 block_c=-1 t0_us=261265253625 t1_us=261265253626 dur_us=1
FIG8_ATTENTION_EVENT mode=scna-fp16 layout=serial phase=measure iteration=0 component=o_store component_id=8 lut_exp=0 scna_layout=0 scna_width=8 qo_len=4 kv_len=4096 n_heads=12 n_kv_heads=2 head_dim=128 kv_head=0 worker=1 block_r=0 block_c=-1 t0_us=261265253627 t1_us=261265253629 dur_us=2
FIG8_ATTENTION_EVENT mode=scna-fp16 layout=serial phase=measure iteration=0 component=q_load component_id=1 lut_exp=0 scna_layout=0 scna_width=8 qo_len=4 kv_len=4096 n_heads=12 n_kv_heads=2 head_dim=128 kv_head=1 worker=1 block_r=0 block_c=-1 t0_us=261265253668 t1_us=261265253670 dur_us=1
FIG8_ATTENTION_EVENT mode=scna-fp16 layout=serial phase=measure iteration=0 component=k_load component_id=2 lut_exp=0 scna_layout=0 scna_width=8 qo_len=4 kv_len=4096 n_heads=12 n_kv_heads=2 head_dim=128 kv_head=1 worker=1 block_r=0 block_c=0 t0_us=261265253671 t1_us=261265253691 dur_us=20
FIG8_ATTENTION_EVENT mode=scna-fp16 layout=serial phase=measure iteration=0 component=qk_dot component_id=4 lut_exp=0 scna_layout=0 scna_width=8 qo_len=4 kv_len=4096 n_heads=12 n_kv_heads=2 head_dim=128 kv_head=1 worker=1 block_r=0 block_c=0 t0_us=261265253692 t1_us=261265253693 dur_us=1
FIG8_ATTENTION_EVENT mode=scna-fp16 layout=serial phase=measure iteration=0 component=scna_exp component_id=9 lut_exp=0 scna_layout=0 scna_width=8 qo_len=4 kv_len=4096 n_heads=12 n_kv_heads=2 head_dim=128 kv_head=1 worker=1 block_r=0 block_c=0 t0_us=261265253695 t1_us=261265253698 dur_us=2
FIG8_ATTENTION_EVENT mode=scna-fp16 layout=serial phase=measure iteration=0 component=scna_exp component_id=9 lut_exp=0 scna_layout=0 scna_width=8 qo_len=4 kv_len=4096 n_heads=12 n_kv_heads=2 head_dim=128 kv_head=1 worker=1 block_r=2 block_c=0 t0_us=261265253699 t1_us=261265253700 dur_us=1
FIG8_ATTENTION_EVENT mode=scna-fp16 layout=serial phase=measure iteration=0 component=scna_exp component_id=9 lut_exp=0 scna_layout=0 scna_width=8 qo_len=4 kv_len=4096 n_heads=12 n_kv_heads=2 head_dim=128 kv_head=1 worker=1 block_r=4 block_c=0 t0_us=261265253701 t1_us=261265253702 dur_us=1
FIG8_ATTENTION_EVENT mode=scna-fp16 layout=serial phase=measure iteration=0 component=scna_exp component_id=9 lut_exp=0 scna_layout=0 scna_width=8 qo_len=4 kv_len=4096 n_heads=12 n_kv_heads=2 head_dim=128 kv_head=1 worker=1 block_r=6 block_c=0 t0_us=261265253704 t1_us=261265253705 dur_us=1
FIG8_ATTENTION_EVENT mode=scna-fp16 layout=serial phase=measure iteration=0 component=scna_exp component_id=9 lut_exp=0 scna_layout=0 scna_width=8 qo_len=4 kv_len=4096 n_heads=12 n_kv_heads=2 head_dim=128 kv_head=1 worker=1 block_r=8 block_c=0 t0_us=261265253706 t1_us=261265253707 dur_us=1
FIG8_ATTENTION_EVENT mode=scna-fp16 layout=serial phase=measure iteration=0 component=scna_exp component_id=9 lut_exp=0 scna_layout=0 scna_width=8 qo_len=4 kv_len=4096 n_heads=12 n_kv_heads=2 head_dim=128 kv_head=1 worker=1 block_r=10 block_c=0 t0_us=261265253708 t1_us=261265253709 dur_us=1
FIG8_ATTENTION_EVENT mode=scna-fp16 layout=serial phase=measure iteration=0 component=scna_exp component_id=9 lut_exp=0 scna_layout=0 scna_width=8 qo_len=4 kv_len=4096 n_heads=12 n_kv_heads=2 head_dim=128 kv_head=1 worker=1 block_r=12 block_c=0 t0_us=261265253710 t1_us=261265253712 dur_us=1
FIG8_ATTENTION_EVENT mode=scna-fp16 layout=serial phase=measure iteration=0 component=scna_exp component_id=9 lut_exp=0 scna_layout=0 scna_width=8 qo_len=4 kv_len=4096 n_heads=12 n_kv_heads=2 head_dim=128 kv_head=1 worker=1 block_r=14 block_c=0 t0_us=261265253712 t1_us=261265253714 dur_us=1
FIG8_ATTENTION_EVENT mode=scna-fp16 layout=serial phase=measure iteration=0 component=scna_exp component_id=9 lut_exp=0 scna_layout=0 scna_width=8 qo_len=4 kv_len=4096 n_heads=12 n_kv_heads=2 head_dim=128 kv_head=1 worker=1 block_r=16 block_c=0 t0_us=261265253714 t1_us=261265253716 dur_us=1
FIG8_ATTENTION_EVENT mode=scna-fp16 layout=serial phase=measure iteration=0 component=scna_exp component_id=9 lut_exp=0 scna_layout=0 scna_width=8 qo_len=4 kv_len=4096 n_heads=12 n_kv_heads=2 head_dim=128 kv_head=1 worker=1 block_r=18 block_c=0 t0_us=261265253717 t1_us=261265253718 dur_us=1
FIG8_ATTENTION_EVENT mode=scna-fp16 layout=serial phase=measure iteration=0 component=scna_exp component_id=9 lut_exp=0 scna_layout=0 scna_width=8 qo_len=4 kv_len=4096 n_heads=12 n_kv_heads=2 head_dim=128 kv_head=1 worker=1 block_r=20 block_c=0 t0_us=261265253719 t1_us=261265253720 dur_us=1
FIG8_ATTENTION_EVENT mode=scna-fp16 layout=serial phase=measure iteration=0 component=scna_exp component_id=9 lut_exp=0 scna_layout=0 scna_width=8 qo_len=4 kv_len=4096 n_heads=12 n_kv_heads=2 head_dim=128 kv_head=1 worker=1 block_r=22 block_c=0 t0_us=261265253721 t1_us=261265253722 dur_us=1
FIG8_ATTENTION_EVENT mode=scna-fp16 layout=serial phase=measure iteration=0 component=safe_sm component_id=5 lut_exp=0 scna_layout=0 scna_width=8 qo_len=4 kv_len=4096 n_heads=12 n_kv_heads=2 head_dim=128 kv_head=1 worker=1 block_r=0 block_c=0 t0_us=261265253693 t1_us=261265253723 dur_us=29
FIG8_ATTENTION_EVENT mode=scna-fp16 layout=serial phase=measure iteration=0 component=v_load component_id=3 lut_exp=0 scna_layout=0 scna_width=8 qo_len=4 kv_len=4096 n_heads=12 n_kv_heads=2 head_dim=128 kv_head=1 worker=1 block_r=0 block_c=0 t0_us=261265253723 t1_us=261265253738 dur_us=15
FIG8_ATTENTION_EVENT mode=scna-fp16 layout=serial phase=measure iteration=0 component=scna_exp component_id=9 lut_exp=0 scna_layout=0 scna_width=8 qo_len=4 kv_len=4096 n_heads=12 n_kv_heads=2 head_dim=128 kv_head=1 worker=1 block_r=0 block_c=0 t0_us=261265253739 t1_us=261265253739 dur_us=0
FIG8_ATTENTION_EVENT mode=scna-fp16 layout=serial phase=measure iteration=0 component=core_acc component_id=6 lut_exp=0 scna_layout=0 scna_width=8 qo_len=4 kv_len=4096 n_heads=12 n_kv_heads=2 head_dim=128 kv_head=1 worker=1 block_r=0 block_c=0 t0_us=261265253739 t1_us=261265253741 dur_us=2
FIG8_ATTENTION_EVENT mode=scna-fp16 layout=serial phase=measure iteration=0 component=k_load component_id=2 lut_exp=0 scna_layout=0 scna_width=8 qo_len=4 kv_len=4096 n_heads=12 n_kv_heads=2 head_dim=128 kv_head=1 worker=1 block_r=0 block_c=1280 t0_us=261265253742 t1_us=261265253764 dur_us=22
FIG8_ATTENTION_EVENT mode=scna-fp16 layout=serial phase=measure iteration=0 component=qk_dot component_id=4 lut_exp=0 scna_layout=0 scna_width=8 qo_len=4 kv_len=4096 n_heads=12 n_kv_heads=2 head_dim=128 kv_head=1 worker=1 block_r=0 block_c=1280 t0_us=261265253764 t1_us=261265253765 dur_us=0
FIG8_ATTENTION_EVENT mode=scna-fp16 layout=serial phase=measure iteration=0 component=scna_exp component_id=9 lut_exp=0 scna_layout=0 scna_width=8 qo_len=4 kv_len=4096 n_heads=12 n_kv_heads=2 head_dim=128 kv_head=1 worker=1 block_r=0 block_c=1280 t0_us=261265253766 t1_us=261265253768 dur_us=1
FIG8_ATTENTION_EVENT mode=scna-fp16 layout=serial phase=measure iteration=0 component=scna_exp component_id=9 lut_exp=0 scna_layout=0 scna_width=8 qo_len=4 kv_len=4096 n_heads=12 n_kv_heads=2 head_dim=128 kv_head=1 worker=1 block_r=2 block_c=1280 t0_us=261265253769 t1_us=261265253771 dur_us=1
FIG8_ATTENTION_EVENT mode=scna-fp16 layout=serial phase=measure iteration=0 component=scna_exp component_id=9 lut_exp=0 scna_layout=0 scna_width=8 qo_len=4 kv_len=4096 n_heads=12 n_kv_heads=2 head_dim=128 kv_head=1 worker=1 block_r=4 block_c=1280 t0_us=261265253771 t1_us=261265253773 dur_us=1
FIG8_ATTENTION_EVENT mode=scna-fp16 layout=serial phase=measure iteration=0 component=scna_exp component_id=9 lut_exp=0 scna_layout=0 scna_width=8 qo_len=4 kv_len=4096 n_heads=12 n_kv_heads=2 head_dim=128 kv_head=1 worker=1 block_r=6 block_c=1280 t0_us=261265253775 t1_us=261265253777 dur_us=1
FIG8_ATTENTION_EVENT mode=scna-fp16 layout=serial phase=measure iteration=0 component=scna_exp component_id=9 lut_exp=0 scna_layout=0 scna_width=8 qo_len=4 kv_len=4096 n_heads=12 n_kv_heads=2 head_dim=128 kv_head=1 worker=1 block_r=8 block_c=1280 t0_us=261265253777 t1_us=261265253779 dur_us=1
FIG8_ATTENTION_EVENT mode=scna-fp16 layout=serial phase=measure iteration=0 component=scna_exp component_id=9 lut_exp=0 scna_layout=0 scna_width=8 qo_len=4 kv_len=4096 n_heads=12 n_kv_heads=2 head_dim=128 kv_head=1 worker=1 block_r=10 block_c=1280 t0_us=261265253779 t1_us=261265253781 dur_us=1
FIG8_ATTENTION_EVENT mode=scna-fp16 layout=serial phase=measure iteration=0 component=scna_exp component_id=9 lut_exp=0 scna_layout=0 scna_width=8 qo_len=4 kv_len=4096 n_heads=12 n_kv_heads=2 head_dim=128 kv_head=1 worker=1 block_r=12 block_c=1280 t0_us=261265253782 t1_us=261265253783 dur_us=1
FIG8_ATTENTION_EVENT mode=scna-fp16 layout=serial phase=measure iteration=0 component=scna_exp component_id=9 lut_exp=0 scna_layout=0 scna_width=8 qo_len=4 kv_len=4096 n_heads=12 n_kv_heads=2 head_dim=128 kv_head=1 worker=1 block_r=14 block_c=1280 t0_us=261265253784 t1_us=261265253785 dur_us=1
FIG8_ATTENTION_EVENT mode=scna-fp16 layout=serial phase=measure iteration=0 component=scna_exp component_id=9 lut_exp=0 scna_layout=0 scna_width=8 qo_len=4 kv_len=4096 n_heads=12 n_kv_heads=2 head_dim=128 kv_head=1 worker=1 block_r=16 block_c=1280 t0_us=261265253786 t1_us=261265253787 dur_us=1
FIG8_ATTENTION_EVENT mode=scna-fp16 layout=serial phase=measure iteration=0 component=scna_exp component_id=9 lut_exp=0 scna_layout=0 scna_width=8 qo_len=4 kv_len=4096 n_heads=12 n_kv_heads=2 head_dim=128 kv_head=1 worker=1 block_r=18 block_c=1280 t0_us=261265253789 t1_us=261265253790 dur_us=1
FIG8_ATTENTION_EVENT mode=scna-fp16 layout=serial phase=measure iteration=0 component=scna_exp component_id=9 lut_exp=0 scna_layout=0 scna_width=8 qo_len=4 kv_len=4096 n_heads=12 n_kv_heads=2 head_dim=128 kv_head=1 worker=1 block_r=20 block_c=1280 t0_us=261265253791 t1_us=261265253792 dur_us=1
FIG8_ATTENTION_EVENT mode=scna-fp16 layout=serial phase=measure iteration=0 component=scna_exp component_id=9 lut_exp=0 scna_layout=0 scna_width=8 qo_len=4 kv_len=4096 n_heads=12 n_kv_heads=2 head_dim=128 kv_head=1 worker=1 block_r=22 block_c=1280 t0_us=261265253793 t1_us=261265253794 dur_us=1
FIG8_ATTENTION_EVENT mode=scna-fp16 layout=serial phase=measure iteration=0 component=safe_sm component_id=5 lut_exp=0 scna_layout=0 scna_width=8 qo_len=4 kv_len=4096 n_heads=12 n_kv_heads=2 head_dim=128 kv_head=1 worker=1 block_r=0 block_c=1280 t0_us=261265253765 t1_us=261265253794 dur_us=29
FIG8_ATTENTION_EVENT mode=scna-fp16 layout=serial phase=measure iteration=0 component=v_load component_id=3 lut_exp=0 scna_layout=0 scna_width=8 qo_len=4 kv_len=4096 n_heads=12 n_kv_heads=2 head_dim=128 kv_head=1 worker=1 block_r=0 block_c=1280 t0_us=261265253795 t1_us=261265253817 dur_us=22
FIG8_ATTENTION_EVENT mode=scna-fp16 layout=serial phase=measure iteration=0 component=scna_exp component_id=9 lut_exp=0 scna_layout=0 scna_width=8 qo_len=4 kv_len=4096 n_heads=12 n_kv_heads=2 head_dim=128 kv_head=1 worker=1 block_r=0 block_c=1280 t0_us=261265253817 t1_us=261265253818 dur_us=0
FIG8_ATTENTION_EVENT mode=scna-fp16 layout=serial phase=measure iteration=0 component=core_acc component_id=6 lut_exp=0 scna_layout=0 scna_width=8 qo_len=4 kv_len=4096 n_heads=12 n_kv_heads=2 head_dim=128 kv_head=1 worker=1 block_r=0 block_c=1280 t0_us=261265253817 t1_us=261265253820 dur_us=2
FIG8_ATTENTION_EVENT mode=scna-fp16 layout=serial phase=measure iteration=0 component=k_load component_id=2 lut_exp=0 scna_layout=0 scna_width=8 qo_len=4 kv_len=4096 n_heads=12 n_kv_heads=2 head_dim=128 kv_head=1 worker=1 block_r=0 block_c=2560 t0_us=261265253820 t1_us=261265253843 dur_us=23
FIG8_ATTENTION_EVENT mode=scna-fp16 layout=serial phase=measure iteration=0 component=qk_dot component_id=4 lut_exp=0 scna_layout=0 scna_width=8 qo_len=4 kv_len=4096 n_heads=12 n_kv_heads=2 head_dim=128 kv_head=1 worker=1 block_r=0 block_c=2560 t0_us=261265253844 t1_us=261265253845 dur_us=0
FIG8_ATTENTION_EVENT mode=scna-fp16 layout=serial phase=measure iteration=0 component=scna_exp component_id=9 lut_exp=0 scna_layout=0 scna_width=8 qo_len=4 kv_len=4096 n_heads=12 n_kv_heads=2 head_dim=128 kv_head=1 worker=1 block_r=0 block_c=2560 t0_us=261265253846 t1_us=261265253848 dur_us=1
FIG8_ATTENTION_EVENT mode=scna-fp16 layout=serial phase=measure iteration=0 component=scna_exp component_id=9 lut_exp=0 scna_layout=0 scna_width=8 qo_len=4 kv_len=4096 n_heads=12 n_kv_heads=2 head_dim=128 kv_head=1 worker=1 block_r=2 block_c=2560 t0_us=261265253849 t1_us=261265253851 dur_us=1
FIG8_ATTENTION_EVENT mode=scna-fp16 layout=serial phase=measure iteration=0 component=scna_exp component_id=9 lut_exp=0 scna_layout=0 scna_width=8 qo_len=4 kv_len=4096 n_heads=12 n_kv_heads=2 head_dim=128 kv_head=1 worker=1 block_r=4 block_c=2560 t0_us=261265253851 t1_us=261265253853 dur_us=1
FIG8_ATTENTION_EVENT mode=scna-fp16 layout=serial phase=measure iteration=0 component=scna_exp component_id=9 lut_exp=0 scna_layout=0 scna_width=8 qo_len=4 kv_len=4096 n_heads=12 n_kv_heads=2 head_dim=128 kv_head=1 worker=1 block_r=6 block_c=2560 t0_us=261265253854 t1_us=261265253856 dur_us=1
FIG8_ATTENTION_EVENT mode=scna-fp16 layout=serial phase=measure iteration=0 component=scna_exp component_id=9 lut_exp=0 scna_layout=0 scna_width=8 qo_len=4 kv_len=4096 n_heads=12 n_kv_heads=2 head_dim=128 kv_head=1 worker=1 block_r=8 block_c=2560 t0_us=261265253856 t1_us=261265253858 dur_us=1
FIG8_ATTENTION_EVENT mode=scna-fp16 layout=serial phase=measure iteration=0 component=scna_exp component_id=9 lut_exp=0 scna_layout=0 scna_width=8 qo_len=4 kv_len=4096 n_heads=12 n_kv_heads=2 head_dim=128 kv_head=1 worker=1 block_r=10 block_c=2560 t0_us=261265253858 t1_us=261265253860 dur_us=1
FIG8_ATTENTION_EVENT mode=scna-fp16 layout=serial phase=measure iteration=0 component=scna_exp component_id=9 lut_exp=0 scna_layout=0 scna_width=8 qo_len=4 kv_len=4096 n_heads=12 n_kv_heads=2 head_dim=128 kv_head=1 worker=1 block_r=12 block_c=2560 t0_us=261265253861 t1_us=261265253862 dur_us=1
FIG8_ATTENTION_EVENT mode=scna-fp16 layout=serial phase=measure iteration=0 component=scna_exp component_id=9 lut_exp=0 scna_layout=0 scna_width=8 qo_len=4 kv_len=4096 n_heads=12 n_kv_heads=2 head_dim=128 kv_head=1 worker=1 block_r=14 block_c=2560 t0_us=261265253863 t1_us=261265253864 dur_us=1
FIG8_ATTENTION_EVENT mode=scna-fp16 layout=serial phase=measure iteration=0 component=scna_exp component_id=9 lut_exp=0 scna_layout=0 scna_width=8 qo_len=4 kv_len=4096 n_heads=12 n_kv_heads=2 head_dim=128 kv_head=1 worker=1 block_r=16 block_c=2560 t0_us=261265253865 t1_us=261265253866 dur_us=1
FIG8_ATTENTION_EVENT mode=scna-fp16 layout=serial phase=measure iteration=0 component=scna_exp component_id=9 lut_exp=0 scna_layout=0 scna_width=8 qo_len=4 kv_len=4096 n_heads=12 n_kv_heads=2 head_dim=128 kv_head=1 worker=1 block_r=18 block_c=2560 t0_us=261265253868 t1_us=261265253869 dur_us=1
FIG8_ATTENTION_EVENT mode=scna-fp16 layout=serial phase=measure iteration=0 component=scna_exp component_id=9 lut_exp=0 scna_layout=0 scna_width=8 qo_len=4 kv_len=4096 n_heads=12 n_kv_heads=2 head_dim=128 kv_head=1 worker=1 block_r=20 block_c=2560 t0_us=261265253870 t1_us=261265253871 dur_us=1
FIG8_ATTENTION_EVENT mode=scna-fp16 layout=serial phase=measure iteration=0 component=scna_exp component_id=9 lut_exp=0 scna_layout=0 scna_width=8 qo_len=4 kv_len=4096 n_heads=12 n_kv_heads=2 head_dim=128 kv_head=1 worker=1 block_r=22 block_c=2560 t0_us=261265253872 t1_us=261265253873 dur_us=1
FIG8_ATTENTION_EVENT mode=scna-fp16 layout=serial phase=measure iteration=0 component=safe_sm component_id=5 lut_exp=0 scna_layout=0 scna_width=8 qo_len=4 kv_len=4096 n_heads=12 n_kv_heads=2 head_dim=128 kv_head=1 worker=1 block_r=0 block_c=2560 t0_us=261265253845 t1_us=261265253873 dur_us=28
FIG8_ATTENTION_EVENT mode=scna-fp16 layout=serial phase=measure iteration=0 component=v_load component_id=3 lut_exp=0 scna_layout=0 scna_width=8 qo_len=4 kv_len=4096 n_heads=12 n_kv_heads=2 head_dim=128 kv_head=1 worker=1 block_r=0 block_c=2560 t0_us=261265253873 t1_us=261265253895 dur_us=21
FIG8_ATTENTION_EVENT mode=scna-fp16 layout=serial phase=measure iteration=0 component=scna_exp component_id=9 lut_exp=0 scna_layout=0 scna_width=8 qo_len=4 kv_len=4096 n_heads=12 n_kv_heads=2 head_dim=128 kv_head=1 worker=1 block_r=0 block_c=2560 t0_us=261265253895 t1_us=261265253895 dur_us=0
FIG8_ATTENTION_EVENT mode=scna-fp16 layout=serial phase=measure iteration=0 component=core_acc component_id=6 lut_exp=0 scna_layout=0 scna_width=8 qo_len=4 kv_len=4096 n_heads=12 n_kv_heads=2 head_dim=128 kv_head=1 worker=1 block_r=0 block_c=2560 t0_us=261265253895 t1_us=261265253895 dur_us=0
FIG8_ATTENTION_EVENT mode=scna-fp16 layout=serial phase=measure iteration=0 component=k_load component_id=2 lut_exp=0 scna_layout=0 scna_width=8 qo_len=4 kv_len=4096 n_heads=12 n_kv_heads=2 head_dim=128 kv_head=1 worker=1 block_r=0 block_c=3840 t0_us=261265253895 t1_us=261265253900 dur_us=4
FIG8_ATTENTION_EVENT mode=scna-fp16 layout=serial phase=measure iteration=0 component=qk_dot component_id=4 lut_exp=0 scna_layout=0 scna_width=8 qo_len=4 kv_len=4096 n_heads=12 n_kv_heads=2 head_dim=128 kv_head=1 worker=1 block_r=0 block_c=3840 t0_us=261265253900 t1_us=261265253900 dur_us=0
FIG8_ATTENTION_EVENT mode=scna-fp16 layout=serial phase=measure iteration=0 component=scna_exp component_id=9 lut_exp=0 scna_layout=0 scna_width=8 qo_len=4 kv_len=4096 n_heads=12 n_kv_heads=2 head_dim=128 kv_head=1 worker=1 block_r=0 block_c=3840 t0_us=261265253900 t1_us=261265253901 dur_us=0
FIG8_ATTENTION_EVENT mode=scna-fp16 layout=serial phase=measure iteration=0 component=scna_exp component_id=9 lut_exp=0 scna_layout=0 scna_width=8 qo_len=4 kv_len=4096 n_heads=12 n_kv_heads=2 head_dim=128 kv_head=1 worker=1 block_r=2 block_c=3840 t0_us=261265253901 t1_us=261265253901 dur_us=0
FIG8_ATTENTION_EVENT mode=scna-fp16 layout=serial phase=measure iteration=0 component=scna_exp component_id=9 lut_exp=0 scna_layout=0 scna_width=8 qo_len=4 kv_len=4096 n_heads=12 n_kv_heads=2 head_dim=128 kv_head=1 worker=1 block_r=4 block_c=3840 t0_us=261265253901 t1_us=261265253902 dur_us=0
FIG8_ATTENTION_EVENT mode=scna-fp16 layout=serial phase=measure iteration=0 component=scna_exp component_id=9 lut_exp=0 scna_layout=0 scna_width=8 qo_len=4 kv_len=4096 n_heads=12 n_kv_heads=2 head_dim=128 kv_head=1 worker=1 block_r=6 block_c=3840 t0_us=261265253902 t1_us=261265253903 dur_us=0
FIG8_ATTENTION_EVENT mode=scna-fp16 layout=serial phase=measure iteration=0 component=scna_exp component_id=9 lut_exp=0 scna_layout=0 scna_width=8 qo_len=4 kv_len=4096 n_heads=12 n_kv_heads=2 head_dim=128 kv_head=1 worker=1 block_r=8 block_c=3840 t0_us=261265253903 t1_us=261265253903 dur_us=0
FIG8_ATTENTION_EVENT mode=scna-fp16 layout=serial phase=measure iteration=0 component=scna_exp component_id=9 lut_exp=0 scna_layout=0 scna_width=8 qo_len=4 kv_len=4096 n_heads=12 n_kv_heads=2 head_dim=128 kv_head=1 worker=1 block_r=10 block_c=3840 t0_us=261265253903 t1_us=261265253904 dur_us=0
FIG8_ATTENTION_EVENT mode=scna-fp16 layout=serial phase=measure iteration=0 component=scna_exp component_id=9 lut_exp=0 scna_layout=0 scna_width=8 qo_len=4 kv_len=4096 n_heads=12 n_kv_heads=2 head_dim=128 kv_head=1 worker=1 block_r=12 block_c=3840 t0_us=261265253904 t1_us=261265253905 dur_us=0
FIG8_ATTENTION_EVENT mode=scna-fp16 layout=serial phase=measure iteration=0 component=scna_exp component_id=9 lut_exp=0 scna_layout=0 scna_width=8 qo_len=4 kv_len=4096 n_heads=12 n_kv_heads=2 head_dim=128 kv_head=1 worker=1 block_r=14 block_c=3840 t0_us=261265253905 t1_us=261265253905 dur_us=0
FIG8_ATTENTION_EVENT mode=scna-fp16 layout=serial phase=measure iteration=0 component=scna_exp component_id=9 lut_exp=0 scna_layout=0 scna_width=8 qo_len=4 kv_len=4096 n_heads=12 n_kv_heads=2 head_dim=128 kv_head=1 worker=1 block_r=16 block_c=3840 t0_us=261265253905 t1_us=261265253906 dur_us=0
FIG8_ATTENTION_EVENT mode=scna-fp16 layout=serial phase=measure iteration=0 component=scna_exp component_id=9 lut_exp=0 scna_layout=0 scna_width=8 qo_len=4 kv_len=4096 n_heads=12 n_kv_heads=2 head_dim=128 kv_head=1 worker=1 block_r=18 block_c=3840 t0_us=261265253906 t1_us=261265253906 dur_us=0
FIG8_ATTENTION_EVENT mode=scna-fp16 layout=serial phase=measure iteration=0 component=scna_exp component_id=9 lut_exp=0 scna_layout=0 scna_width=8 qo_len=4 kv_len=4096 n_heads=12 n_kv_heads=2 head_dim=128 kv_head=1 worker=1 block_r=20 block_c=3840 t0_us=261265253907 t1_us=261265253907 dur_us=0
FIG8_ATTENTION_EVENT mode=scna-fp16 layout=serial phase=measure iteration=0 component=scna_exp component_id=9 lut_exp=0 scna_layout=0 scna_width=8 qo_len=4 kv_len=4096 n_heads=12 n_kv_heads=2 head_dim=128 kv_head=1 worker=1 block_r=22 block_c=3840 t0_us=261265253907 t1_us=261265253908 dur_us=0
FIG8_ATTENTION_EVENT mode=scna-fp16 layout=serial phase=measure iteration=0 component=safe_sm component_id=5 lut_exp=0 scna_layout=0 scna_width=8 qo_len=4 kv_len=4096 n_heads=12 n_kv_heads=2 head_dim=128 kv_head=1 worker=1 block_r=0 block_c=3840 t0_us=261265253900 t1_us=261265253908 dur_us=7
FIG8_ATTENTION_EVENT mode=scna-fp16 layout=serial phase=measure iteration=0 component=v_load component_id=3 lut_exp=0 scna_layout=0 scna_width=8 qo_len=4 kv_len=4096 n_heads=12 n_kv_heads=2 head_dim=128 kv_head=1 worker=1 block_r=0 block_c=3840 t0_us=261265253908 t1_us=261265253910 dur_us=2
FIG8_ATTENTION_EVENT mode=scna-fp16 layout=serial phase=measure iteration=0 component=scna_exp component_id=9 lut_exp=0 scna_layout=0 scna_width=8 qo_len=4 kv_len=4096 n_heads=12 n_kv_heads=2 head_dim=128 kv_head=1 worker=1 block_r=0 block_c=3840 t0_us=261265253910 t1_us=261265253910 dur_us=0
FIG8_ATTENTION_EVENT mode=scna-fp16 layout=serial phase=measure iteration=0 component=core_acc component_id=6 lut_exp=0 scna_layout=0 scna_width=8 qo_len=4 kv_len=4096 n_heads=12 n_kv_heads=2 head_dim=128 kv_head=1 worker=1 block_r=0 block_c=3840 t0_us=261265253910 t1_us=261265253910 dur_us=0
FIG8_ATTENTION_EVENT mode=scna-fp16 layout=serial phase=measure iteration=0 component=o_scale component_id=7 lut_exp=0 scna_layout=0 scna_width=8 qo_len=4 kv_len=4096 n_heads=12 n_kv_heads=2 head_dim=128 kv_head=1 worker=1 block_r=0 block_c=-1 t0_us=261265253911 t1_us=261265253912 dur_us=1
FIG8_ATTENTION_EVENT mode=scna-fp16 layout=serial phase=measure iteration=0 component=o_store component_id=8 lut_exp=0 scna_layout=0 scna_width=8 qo_len=4 kv_len=4096 n_heads=12 n_kv_heads=2 head_dim=128 kv_head=1 worker=1 block_r=0 block_c=-1 t0_us=261265253912 t1_us=261265253914 dur_us=1
FIG8_ATTENTION_CHECKSUM mode=scna-fp16 layout=serial scna_width=8 seed=figure8_fixed phase=measure iteration=0 checksum=0x956247d4d3c1748e
