FIG8_ATTENTION_CONFIG mode=lut-exp layout=serial variant=pair_static_d8 scna_width=8 seed=figure8_fixed mask_mode=full qo_len=32 kv_len=4096 kv_pad_len=4096 n_heads=12 n_kv_heads=2 head_dim=128 warmup=1 iters=1 q_size=196608 kv_size=2097152 mask_size=262144 profile_size=2664576 profile_max_records=24 profile_max_events=33152 mode_flags=65537 print_events=1 workers=1
FIG8_ATTENTION_HOST_TIMING mode=lut-exp layout=serial variant=pair_static_d8 workers=1 scna_width=8 seed=figure8_fixed mask_mode=full qo_len=32 kv_len=4096 n_heads=12 n_kv_heads=2 head_dim=128 phase=warmup iteration=0 host_elapsed_us=5179 ret=0
FIG8_ATTENTION_PROFILE_COUNT mode=lut-exp qo_len=32 phase=warmup iteration=0 records=16 max_records=24
FIG8_ATTENTION_WORKERS mode=lut-exp variant=pair_static_d8 qo_len=32 phase=warmup iteration=0 requested_workers=1 active_workers=1 hvx_contexts=6 vtcm_worker_cap=8 tasks=16 q_task_rows=4
FIG8_ATTENTION_TIMERS mode=lut-exp layout=serial phase=warmup iteration=0 lut_exp=1 scna_layout=0 scna_width=0 qo_len=4 kv_len=4096 n_heads=12 n_kv_heads=2 head_dim=128 kv_head=0 worker=0 profiled_total=279 q_load=2 k_load=83 v_load=97 qk_dot=3 safe_sm=83 scna_exp=0 param_prepare=0 core_acc=6 o_scale=2 o_store=3
FIG8_ATTENTION_TIMERS mode=lut-exp layout=serial phase=warmup iteration=0 lut_exp=1 scna_layout=0 scna_width=0 qo_len=4 kv_len=4096 n_heads=12 n_kv_heads=2 head_dim=128 kv_head=1 worker=0 profiled_total=270 q_load=1 k_load=83 v_load=97 qk_dot=1 safe_sm=79 scna_exp=0 param_prepare=0 core_acc=6 o_scale=1 o_store=2
FIG8_ATTENTION_TIMERS mode=lut-exp layout=serial phase=warmup iteration=0 lut_exp=1 scna_layout=0 scna_width=0 qo_len=4 kv_len=4096 n_heads=12 n_kv_heads=2 head_dim=128 kv_head=0 worker=0 profiled_total=238 q_load=1 k_load=65 v_load=94 qk_dot=1 safe_sm=70 scna_exp=0 param_prepare=0 core_acc=4 o_scale=1 o_store=2
FIG8_ATTENTION_TIMERS mode=lut-exp layout=serial phase=warmup iteration=0 lut_exp=1 scna_layout=0 scna_width=0 qo_len=4 kv_len=4096 n_heads=12 n_kv_heads=2 head_dim=128 kv_head=1 worker=0 profiled_total=246 q_load=1 k_load=66 v_load=102 qk_dot=1 safe_sm=70 scna_exp=0 param_prepare=0 core_acc=2 o_scale=2 o_store=2
FIG8_ATTENTION_TIMERS mode=lut-exp layout=serial phase=warmup iteration=0 lut_exp=1 scna_layout=0 scna_width=0 qo_len=4 kv_len=4096 n_heads=12 n_kv_heads=2 head_dim=128 kv_head=0 worker=0 profiled_total=243 q_load=1 k_load=69 v_load=92 qk_dot=1 safe_sm=70 scna_exp=0 param_prepare=0 core_acc=5 o_scale=2 o_store=3
FIG8_ATTENTION_TIMERS mode=lut-exp layout=serial phase=warmup iteration=0 lut_exp=1 scna_layout=0 scna_width=0 qo_len=4 kv_len=4096 n_heads=12 n_kv_heads=2 head_dim=128 kv_head=1 worker=0 profiled_total=257 q_load=1 k_load=66 v_load=112 qk_dot=1 safe_sm=69 scna_exp=0 param_prepare=0 core_acc=4 o_scale=2 o_store=2
FIG8_ATTENTION_TIMERS mode=lut-exp layout=serial phase=warmup iteration=0 lut_exp=1 scna_layout=0 scna_width=0 qo_len=4 kv_len=4096 n_heads=12 n_kv_heads=2 head_dim=128 kv_head=0 worker=0 profiled_total=247 q_load=1 k_load=67 v_load=99 qk_dot=1 safe_sm=71 scna_exp=0 param_prepare=0 core_acc=4 o_scale=2 o_store=2
FIG8_ATTENTION_TIMERS mode=lut-exp layout=serial phase=warmup iteration=0 lut_exp=1 scna_layout=0 scna_width=0 qo_len=4 kv_len=4096 n_heads=12 n_kv_heads=2 head_dim=128 kv_head=1 worker=0 profiled_total=253 q_load=1 k_load=66 v_load=108 qk_dot=1 safe_sm=71 scna_exp=0 param_prepare=0 core_acc=3 o_scale=1 o_store=2
FIG8_ATTENTION_TIMERS mode=lut-exp layout=serial phase=warmup iteration=0 lut_exp=1 scna_layout=0 scna_width=0 qo_len=4 kv_len=4096 n_heads=12 n_kv_heads=2 head_dim=128 kv_head=0 worker=0 profiled_total=250 q_load=1 k_load=64 v_load=106 qk_dot=1 safe_sm=71 scna_exp=0 param_prepare=0 core_acc=4 o_scale=1 o_store=2
FIG8_ATTENTION_TIMERS mode=lut-exp layout=serial phase=warmup iteration=0 lut_exp=1 scna_layout=0 scna_width=0 qo_len=4 kv_len=4096 n_heads=12 n_kv_heads=2 head_dim=128 kv_head=1 worker=0 profiled_total=259 q_load=1 k_load=72 v_load=107 qk_dot=2 safe_sm=70 scna_exp=0 param_prepare=0 core_acc=4 o_scale=1 o_store=2
FIG8_ATTENTION_TIMERS mode=lut-exp layout=serial phase=warmup iteration=0 lut_exp=1 scna_layout=0 scna_width=0 qo_len=4 kv_len=4096 n_heads=12 n_kv_heads=2 head_dim=128 kv_head=0 worker=0 profiled_total=244 q_load=1 k_load=65 v_load=98 qk_dot=1 safe_sm=71 scna_exp=0 param_prepare=0 core_acc=4 o_scale=1 o_store=3
FIG8_ATTENTION_TIMERS mode=lut-exp layout=serial phase=warmup iteration=0 lut_exp=1 scna_layout=0 scna_width=0 qo_len=4 kv_len=4096 n_heads=12 n_kv_heads=2 head_dim=128 kv_head=1 worker=0 profiled_total=253 q_load=1 k_load=63 v_load=113 qk_dot=1 safe_sm=70 scna_exp=0 param_prepare=0 core_acc=2 o_scale=1 o_store=2
FIG8_ATTENTION_TIMERS mode=lut-exp layout=serial phase=warmup iteration=0 lut_exp=1 scna_layout=0 scna_width=0 qo_len=4 kv_len=4096 n_heads=12 n_kv_heads=2 head_dim=128 kv_head=0 worker=0 profiled_total=250 q_load=1 k_load=69 v_load=100 qk_dot=1 safe_sm=70 scna_exp=0 param_prepare=0 core_acc=5 o_scale=2 o_store=2
FIG8_ATTENTION_TIMERS mode=lut-exp layout=serial phase=warmup iteration=0 lut_exp=1 scna_layout=0 scna_width=0 qo_len=4 kv_len=4096 n_heads=12 n_kv_heads=2 head_dim=128 kv_head=1 worker=0 profiled_total=252 q_load=1 k_load=67 v_load=107 qk_dot=1 safe_sm=70 scna_exp=0 param_prepare=0 core_acc=3 o_scale=1 o_store=2
FIG8_ATTENTION_TIMERS mode=lut-exp layout=serial phase=warmup iteration=0 lut_exp=1 scna_layout=0 scna_width=0 qo_len=4 kv_len=4096 n_heads=12 n_kv_heads=2 head_dim=128 kv_head=0 worker=0 profiled_total=245 q_load=1 k_load=68 v_load=96 qk_dot=1 safe_sm=70 scna_exp=0 param_prepare=0 core_acc=5 o_scale=2 o_store=2
FIG8_ATTENTION_TIMERS mode=lut-exp layout=serial phase=warmup iteration=0 lut_exp=1 scna_layout=0 scna_width=0 qo_len=4 kv_len=4096 n_heads=12 n_kv_heads=2 head_dim=128 kv_head=1 worker=0 profiled_total=247 q_load=1 k_load=66 v_load=102 qk_dot=2 safe_sm=70 scna_exp=0 param_prepare=0 core_acc=3 o_scale=1 o_store=2
FIG8_ATTENTION_EVENT_COUNT mode=lut-exp qo_len=32 phase=warmup iteration=0 events=368 max_events=33152 overflow=0
FIG8_ATTENTION_EVENT mode=lut-exp layout=serial phase=warmup iteration=0 component=q_load component_id=1 lut_exp=1 scna_layout=0 scna_width=0 qo_len=4 kv_len=4096 n_heads=12 n_kv_heads=2 head_dim=128 kv_head=0 worker=0 block_r=0 block_c=-1 t0_us=260296047476 t1_us=260296047478 dur_us=2
FIG8_ATTENTION_EVENT mode=lut-exp layout=serial phase=warmup iteration=0 component=k_load component_id=2 lut_exp=1 scna_layout=0 scna_width=0 qo_len=4 kv_len=4096 n_heads=12 n_kv_heads=2 head_dim=128 kv_head=0 worker=0 block_r=0 block_c=0 t0_us=260296047480 t1_us=260296047505 dur_us=25
FIG8_ATTENTION_EVENT mode=lut-exp layout=serial phase=warmup iteration=0 component=qk_dot component_id=4 lut_exp=1 scna_layout=0 scna_width=0 qo_len=4 kv_len=4096 n_heads=12 n_kv_heads=2 head_dim=128 kv_head=0 worker=0 block_r=0 block_c=0 t0_us=260296047506 t1_us=260296047508 dur_us=2
FIG8_ATTENTION_EVENT mode=lut-exp layout=serial phase=warmup iteration=0 component=safe_sm component_id=5 lut_exp=1 scna_layout=0 scna_width=0 qo_len=4 kv_len=4096 n_heads=12 n_kv_heads=2 head_dim=128 kv_head=0 worker=0 block_r=0 block_c=0 t0_us=260296047509 t1_us=260296047539 dur_us=30
FIG8_ATTENTION_EVENT mode=lut-exp layout=serial phase=warmup iteration=0 component=v_load component_id=3 lut_exp=1 scna_layout=0 scna_width=0 qo_len=4 kv_len=4096 n_heads=12 n_kv_heads=2 head_dim=128 kv_head=0 worker=0 block_r=0 block_c=0 t0_us=260296047540 t1_us=260296047567 dur_us=27
FIG8_ATTENTION_EVENT mode=lut-exp layout=serial phase=warmup iteration=0 component=core_acc component_id=6 lut_exp=1 scna_layout=0 scna_width=0 qo_len=4 kv_len=4096 n_heads=12 n_kv_heads=2 head_dim=128 kv_head=0 worker=0 block_r=0 block_c=0 t0_us=260296047568 t1_us=260296047572 dur_us=4
FIG8_ATTENTION_EVENT mode=lut-exp layout=serial phase=warmup iteration=0 component=k_load component_id=2 lut_exp=1 scna_layout=0 scna_width=0 qo_len=4 kv_len=4096 n_heads=12 n_kv_heads=2 head_dim=128 kv_head=0 worker=0 block_r=0 block_c=1280 t0_us=260296047573 t1_us=260296047607 dur_us=33
FIG8_ATTENTION_EVENT mode=lut-exp layout=serial phase=warmup iteration=0 component=qk_dot component_id=4 lut_exp=1 scna_layout=0 scna_width=0 qo_len=4 kv_len=4096 n_heads=12 n_kv_heads=2 head_dim=128 kv_head=0 worker=0 block_r=0 block_c=1280 t0_us=260296047607 t1_us=260296047607 dur_us=0
FIG8_ATTENTION_EVENT mode=lut-exp layout=serial phase=warmup iteration=0 component=safe_sm component_id=5 lut_exp=1 scna_layout=0 scna_width=0 qo_len=4 kv_len=4096 n_heads=12 n_kv_heads=2 head_dim=128 kv_head=0 worker=0 block_r=0 block_c=1280 t0_us=260296047608 t1_us=260296047632 dur_us=24
FIG8_ATTENTION_EVENT mode=lut-exp layout=serial phase=warmup iteration=0 component=v_load component_id=3 lut_exp=1 scna_layout=0 scna_width=0 qo_len=4 kv_len=4096 n_heads=12 n_kv_heads=2 head_dim=128 kv_head=0 worker=0 block_r=0 block_c=1280 t0_us=260296047632 t1_us=260296047664 dur_us=32
FIG8_ATTENTION_EVENT mode=lut-exp layout=serial phase=warmup iteration=0 component=core_acc component_id=6 lut_exp=1 scna_layout=0 scna_width=0 qo_len=4 kv_len=4096 n_heads=12 n_kv_heads=2 head_dim=128 kv_head=0 worker=0 block_r=0 block_c=1280 t0_us=260296047664 t1_us=260296047665 dur_us=0
FIG8_ATTENTION_EVENT mode=lut-exp layout=serial phase=warmup iteration=0 component=k_load component_id=2 lut_exp=1 scna_layout=0 scna_width=0 qo_len=4 kv_len=4096 n_heads=12 n_kv_heads=2 head_dim=128 kv_head=0 worker=0 block_r=0 block_c=2560 t0_us=260296047665 t1_us=260296047684 dur_us=19
FIG8_ATTENTION_EVENT mode=lut-exp layout=serial phase=warmup iteration=0 component=qk_dot component_id=4 lut_exp=1 scna_layout=0 scna_width=0 qo_len=4 kv_len=4096 n_heads=12 n_kv_heads=2 head_dim=128 kv_head=0 worker=0 block_r=0 block_c=2560 t0_us=260296047684 t1_us=260296047685 dur_us=0
FIG8_ATTENTION_EVENT mode=lut-exp layout=serial phase=warmup iteration=0 component=safe_sm component_id=5 lut_exp=1 scna_layout=0 scna_width=0 qo_len=4 kv_len=4096 n_heads=12 n_kv_heads=2 head_dim=128 kv_head=0 worker=0 block_r=0 block_c=2560 t0_us=260296047685 t1_us=260296047707 dur_us=22
FIG8_ATTENTION_EVENT mode=lut-exp layout=serial phase=warmup iteration=0 component=v_load component_id=3 lut_exp=1 scna_layout=0 scna_width=0 qo_len=4 kv_len=4096 n_heads=12 n_kv_heads=2 head_dim=128 kv_head=0 worker=0 block_r=0 block_c=2560 t0_us=260296047707 t1_us=260296047742 dur_us=35
FIG8_ATTENTION_EVENT mode=lut-exp layout=serial phase=warmup iteration=0 component=core_acc component_id=6 lut_exp=1 scna_layout=0 scna_width=0 qo_len=4 kv_len=4096 n_heads=12 n_kv_heads=2 head_dim=128 kv_head=0 worker=0 block_r=0 block_c=2560 t0_us=260296047742 t1_us=260296047743 dur_us=0
FIG8_ATTENTION_EVENT mode=lut-exp layout=serial phase=warmup iteration=0 component=k_load component_id=2 lut_exp=1 scna_layout=0 scna_width=0 qo_len=4 kv_len=4096 n_heads=12 n_kv_heads=2 head_dim=128 kv_head=0 worker=0 block_r=0 block_c=3840 t0_us=260296047743 t1_us=260296047749 dur_us=5
FIG8_ATTENTION_EVENT mode=lut-exp layout=serial phase=warmup iteration=0 component=qk_dot component_id=4 lut_exp=1 scna_layout=0 scna_width=0 qo_len=4 kv_len=4096 n_heads=12 n_kv_heads=2 head_dim=128 kv_head=0 worker=0 block_r=0 block_c=3840 t0_us=260296047749 t1_us=260296047749 dur_us=0
FIG8_ATTENTION_EVENT mode=lut-exp layout=serial phase=warmup iteration=0 component=safe_sm component_id=5 lut_exp=1 scna_layout=0 scna_width=0 qo_len=4 kv_len=4096 n_heads=12 n_kv_heads=2 head_dim=128 kv_head=0 worker=0 block_r=0 block_c=3840 t0_us=260296047749 t1_us=260296047755 dur_us=6
FIG8_ATTENTION_EVENT mode=lut-exp layout=serial phase=warmup iteration=0 component=v_load component_id=3 lut_exp=1 scna_layout=0 scna_width=0 qo_len=4 kv_len=4096 n_heads=12 n_kv_heads=2 head_dim=128 kv_head=0 worker=0 block_r=0 block_c=3840 t0_us=260296047755 t1_us=260296047758 dur_us=2
FIG8_ATTENTION_EVENT mode=lut-exp layout=serial phase=warmup iteration=0 component=core_acc component_id=6 lut_exp=1 scna_layout=0 scna_width=0 qo_len=4 kv_len=4096 n_heads=12 n_kv_heads=2 head_dim=128 kv_head=0 worker=0 block_r=0 block_c=3840 t0_us=260296047758 t1_us=260296047758 dur_us=0
FIG8_ATTENTION_EVENT mode=lut-exp layout=serial phase=warmup iteration=0 component=o_scale component_id=7 lut_exp=1 scna_layout=0 scna_width=0 qo_len=4 kv_len=4096 n_heads=12 n_kv_heads=2 head_dim=128 kv_head=0 worker=0 block_r=0 block_c=-1 t0_us=260296047759 t1_us=260296047761 dur_us=2
FIG8_ATTENTION_EVENT mode=lut-exp layout=serial phase=warmup iteration=0 component=o_store component_id=8 lut_exp=1 scna_layout=0 scna_width=0 qo_len=4 kv_len=4096 n_heads=12 n_kv_heads=2 head_dim=128 kv_head=0 worker=0 block_r=0 block_c=-1 t0_us=260296047762 t1_us=260296047765 dur_us=3
FIG8_ATTENTION_EVENT mode=lut-exp layout=serial phase=warmup iteration=0 component=q_load component_id=1 lut_exp=1 scna_layout=0 scna_width=0 qo_len=4 kv_len=4096 n_heads=12 n_kv_heads=2 head_dim=128 kv_head=1 worker=0 block_r=0 block_c=-1 t0_us=260296047822 t1_us=260296047824 dur_us=1
FIG8_ATTENTION_EVENT mode=lut-exp layout=serial phase=warmup iteration=0 component=k_load component_id=2 lut_exp=1 scna_layout=0 scna_width=0 qo_len=4 kv_len=4096 n_heads=12 n_kv_heads=2 head_dim=128 kv_head=1 worker=0 block_r=0 block_c=0 t0_us=260296047825 t1_us=260296047851 dur_us=25
FIG8_ATTENTION_EVENT mode=lut-exp layout=serial phase=warmup iteration=0 component=qk_dot component_id=4 lut_exp=1 scna_layout=0 scna_width=0 qo_len=4 kv_len=4096 n_heads=12 n_kv_heads=2 head_dim=128 kv_head=1 worker=0 block_r=0 block_c=0 t0_us=260296047851 t1_us=260296047852 dur_us=0
FIG8_ATTENTION_EVENT mode=lut-exp layout=serial phase=warmup iteration=0 component=safe_sm component_id=5 lut_exp=1 scna_layout=0 scna_width=0 qo_len=4 kv_len=4096 n_heads=12 n_kv_heads=2 head_dim=128 kv_head=1 worker=0 block_r=0 block_c=0 t0_us=260296047853 t1_us=260296047879 dur_us=26
FIG8_ATTENTION_EVENT mode=lut-exp layout=serial phase=warmup iteration=0 component=v_load component_id=3 lut_exp=1 scna_layout=0 scna_width=0 qo_len=4 kv_len=4096 n_heads=12 n_kv_heads=2 head_dim=128 kv_head=1 worker=0 block_r=0 block_c=0 t0_us=260296047880 t1_us=260296047910 dur_us=29
FIG8_ATTENTION_EVENT mode=lut-exp layout=serial phase=warmup iteration=0 component=core_acc component_id=6 lut_exp=1 scna_layout=0 scna_width=0 qo_len=4 kv_len=4096 n_heads=12 n_kv_heads=2 head_dim=128 kv_head=1 worker=0 block_r=0 block_c=0 t0_us=260296047910 t1_us=260296047916 dur_us=5
FIG8_ATTENTION_EVENT mode=lut-exp layout=serial phase=warmup iteration=0 component=k_load component_id=2 lut_exp=1 scna_layout=0 scna_width=0 qo_len=4 kv_len=4096 n_heads=12 n_kv_heads=2 head_dim=128 kv_head=1 worker=0 block_r=0 block_c=1280 t0_us=260296047918 t1_us=260296047950 dur_us=32
FIG8_ATTENTION_EVENT mode=lut-exp layout=serial phase=warmup iteration=0 component=qk_dot component_id=4 lut_exp=1 scna_layout=0 scna_width=0 qo_len=4 kv_len=4096 n_heads=12 n_kv_heads=2 head_dim=128 kv_head=1 worker=0 block_r=0 block_c=1280 t0_us=260296047950 t1_us=260296047950 dur_us=0
FIG8_ATTENTION_EVENT mode=lut-exp layout=serial phase=warmup iteration=0 component=safe_sm component_id=5 lut_exp=1 scna_layout=0 scna_width=0 qo_len=4 kv_len=4096 n_heads=12 n_kv_heads=2 head_dim=128 kv_head=1 worker=0 block_r=0 block_c=1280 t0_us=260296047951 t1_us=260296047974 dur_us=23
FIG8_ATTENTION_EVENT mode=lut-exp layout=serial phase=warmup iteration=0 component=v_load component_id=3 lut_exp=1 scna_layout=0 scna_width=0 qo_len=4 kv_len=4096 n_heads=12 n_kv_heads=2 head_dim=128 kv_head=1 worker=0 block_r=0 block_c=1280 t0_us=260296047974 t1_us=260296048006 dur_us=31
FIG8_ATTENTION_EVENT mode=lut-exp layout=serial phase=warmup iteration=0 component=core_acc component_id=6 lut_exp=1 scna_layout=0 scna_width=0 qo_len=4 kv_len=4096 n_heads=12 n_kv_heads=2 head_dim=128 kv_head=1 worker=0 block_r=0 block_c=1280 t0_us=260296048006 t1_us=260296048007 dur_us=0
FIG8_ATTENTION_EVENT mode=lut-exp layout=serial phase=warmup iteration=0 component=k_load component_id=2 lut_exp=1 scna_layout=0 scna_width=0 qo_len=4 kv_len=4096 n_heads=12 n_kv_heads=2 head_dim=128 kv_head=1 worker=0 block_r=0 block_c=2560 t0_us=260296048007 t1_us=260296048028 dur_us=20
FIG8_ATTENTION_EVENT mode=lut-exp layout=serial phase=warmup iteration=0 component=qk_dot component_id=4 lut_exp=1 scna_layout=0 scna_width=0 qo_len=4 kv_len=4096 n_heads=12 n_kv_heads=2 head_dim=128 kv_head=1 worker=0 block_r=0 block_c=2560 t0_us=260296048028 t1_us=260296048028 dur_us=0
FIG8_ATTENTION_EVENT mode=lut-exp layout=serial phase=warmup iteration=0 component=safe_sm component_id=5 lut_exp=1 scna_layout=0 scna_width=0 qo_len=4 kv_len=4096 n_heads=12 n_kv_heads=2 head_dim=128 kv_head=1 worker=0 block_r=0 block_c=2560 t0_us=260296048028 t1_us=260296048050 dur_us=21
FIG8_ATTENTION_EVENT mode=lut-exp layout=serial phase=warmup iteration=0 component=v_load component_id=3 lut_exp=1 scna_layout=0 scna_width=0 qo_len=4 kv_len=4096 n_heads=12 n_kv_heads=2 head_dim=128 kv_head=1 worker=0 block_r=0 block_c=2560 t0_us=260296048050 t1_us=260296048083 dur_us=33
FIG8_ATTENTION_EVENT mode=lut-exp layout=serial phase=warmup iteration=0 component=core_acc component_id=6 lut_exp=1 scna_layout=0 scna_width=0 qo_len=4 kv_len=4096 n_heads=12 n_kv_heads=2 head_dim=128 kv_head=1 worker=0 block_r=0 block_c=2560 t0_us=260296048084 t1_us=260296048084 dur_us=0
FIG8_ATTENTION_EVENT mode=lut-exp layout=serial phase=warmup iteration=0 component=k_load component_id=2 lut_exp=1 scna_layout=0 scna_width=0 qo_len=4 kv_len=4096 n_heads=12 n_kv_heads=2 head_dim=128 kv_head=1 worker=0 block_r=0 block_c=3840 t0_us=260296048084 t1_us=260296048089 dur_us=4
FIG8_ATTENTION_EVENT mode=lut-exp layout=serial phase=warmup iteration=0 component=qk_dot component_id=4 lut_exp=1 scna_layout=0 scna_width=0 qo_len=4 kv_len=4096 n_heads=12 n_kv_heads=2 head_dim=128 kv_head=1 worker=0 block_r=0 block_c=3840 t0_us=260296048089 t1_us=260296048089 dur_us=0
FIG8_ATTENTION_EVENT mode=lut-exp layout=serial phase=warmup iteration=0 component=safe_sm component_id=5 lut_exp=1 scna_layout=0 scna_width=0 qo_len=4 kv_len=4096 n_heads=12 n_kv_heads=2 head_dim=128 kv_head=1 worker=0 block_r=0 block_c=3840 t0_us=260296048089 t1_us=260296048096 dur_us=6
FIG8_ATTENTION_EVENT mode=lut-exp layout=serial phase=warmup iteration=0 component=v_load component_id=3 lut_exp=1 scna_layout=0 scna_width=0 qo_len=4 kv_len=4096 n_heads=12 n_kv_heads=2 head_dim=128 kv_head=1 worker=0 block_r=0 block_c=3840 t0_us=260296048096 t1_us=260296048098 dur_us=2
FIG8_ATTENTION_EVENT mode=lut-exp layout=serial phase=warmup iteration=0 component=core_acc component_id=6 lut_exp=1 scna_layout=0 scna_width=0 qo_len=4 kv_len=4096 n_heads=12 n_kv_heads=2 head_dim=128 kv_head=1 worker=0 block_r=0 block_c=3840 t0_us=260296048099 t1_us=260296048099 dur_us=0
FIG8_ATTENTION_EVENT mode=lut-exp layout=serial phase=warmup iteration=0 component=o_scale component_id=7 lut_exp=1 scna_layout=0 scna_width=0 qo_len=4 kv_len=4096 n_heads=12 n_kv_heads=2 head_dim=128 kv_head=1 worker=0 block_r=0 block_c=-1 t0_us=260296048099 t1_us=260296048100 dur_us=1
FIG8_ATTENTION_EVENT mode=lut-exp layout=serial phase=warmup iteration=0 component=o_store component_id=8 lut_exp=1 scna_layout=0 scna_width=0 qo_len=4 kv_len=4096 n_heads=12 n_kv_heads=2 head_dim=128 kv_head=1 worker=0 block_r=0 block_c=-1 t0_us=260296048101 t1_us=260296048103 dur_us=2
FIG8_ATTENTION_EVENT mode=lut-exp layout=serial phase=warmup iteration=0 component=q_load component_id=1 lut_exp=1 scna_layout=0 scna_width=0 qo_len=4 kv_len=4096 n_heads=12 n_kv_heads=2 head_dim=128 kv_head=0 worker=0 block_r=0 block_c=-1 t0_us=260296048150 t1_us=260296048152 dur_us=1
FIG8_ATTENTION_EVENT mode=lut-exp layout=serial phase=warmup iteration=0 component=k_load component_id=2 lut_exp=1 scna_layout=0 scna_width=0 qo_len=4 kv_len=4096 n_heads=12 n_kv_heads=2 head_dim=128 kv_head=0 worker=0 block_r=0 block_c=0 t0_us=260296048153 t1_us=260296048174 dur_us=20
FIG8_ATTENTION_EVENT mode=lut-exp layout=serial phase=warmup iteration=0 component=qk_dot component_id=4 lut_exp=1 scna_layout=0 scna_width=0 qo_len=4 kv_len=4096 n_heads=12 n_kv_heads=2 head_dim=128 kv_head=0 worker=0 block_r=0 block_c=0 t0_us=260296048174 t1_us=260296048175 dur_us=0
FIG8_ATTENTION_EVENT mode=lut-exp layout=serial phase=warmup iteration=0 component=safe_sm component_id=5 lut_exp=1 scna_layout=0 scna_width=0 qo_len=4 kv_len=4096 n_heads=12 n_kv_heads=2 head_dim=128 kv_head=0 worker=0 block_r=0 block_c=0 t0_us=260296048175 t1_us=260296048197 dur_us=21
FIG8_ATTENTION_EVENT mode=lut-exp layout=serial phase=warmup iteration=0 component=v_load component_id=3 lut_exp=1 scna_layout=0 scna_width=0 qo_len=4 kv_len=4096 n_heads=12 n_kv_heads=2 head_dim=128 kv_head=0 worker=0 block_r=0 block_c=0 t0_us=260296048197 t1_us=260296048220 dur_us=23
FIG8_ATTENTION_EVENT mode=lut-exp layout=serial phase=warmup iteration=0 component=core_acc component_id=6 lut_exp=1 scna_layout=0 scna_width=0 qo_len=4 kv_len=4096 n_heads=12 n_kv_heads=2 head_dim=128 kv_head=0 worker=0 block_r=0 block_c=0 t0_us=260296048221 t1_us=260296048224 dur_us=2
FIG8_ATTENTION_EVENT mode=lut-exp layout=serial phase=warmup iteration=0 component=k_load component_id=2 lut_exp=1 scna_layout=0 scna_width=0 qo_len=4 kv_len=4096 n_heads=12 n_kv_heads=2 head_dim=128 kv_head=0 worker=0 block_r=0 block_c=1280 t0_us=260296048224 t1_us=260296048245 dur_us=20
FIG8_ATTENTION_EVENT mode=lut-exp layout=serial phase=warmup iteration=0 component=qk_dot component_id=4 lut_exp=1 scna_layout=0 scna_width=0 qo_len=4 kv_len=4096 n_heads=12 n_kv_heads=2 head_dim=128 kv_head=0 worker=0 block_r=0 block_c=1280 t0_us=260296048245 t1_us=260296048245 dur_us=0
FIG8_ATTENTION_EVENT mode=lut-exp layout=serial phase=warmup iteration=0 component=safe_sm component_id=5 lut_exp=1 scna_layout=0 scna_width=0 qo_len=4 kv_len=4096 n_heads=12 n_kv_heads=2 head_dim=128 kv_head=0 worker=0 block_r=0 block_c=1280 t0_us=260296048245 t1_us=260296048266 dur_us=20
FIG8_ATTENTION_EVENT mode=lut-exp layout=serial phase=warmup iteration=0 component=v_load component_id=3 lut_exp=1 scna_layout=0 scna_width=0 qo_len=4 kv_len=4096 n_heads=12 n_kv_heads=2 head_dim=128 kv_head=0 worker=0 block_r=0 block_c=1280 t0_us=260296048266 t1_us=260296048297 dur_us=31
FIG8_ATTENTION_EVENT mode=lut-exp layout=serial phase=warmup iteration=0 component=core_acc component_id=6 lut_exp=1 scna_layout=0 scna_width=0 qo_len=4 kv_len=4096 n_heads=12 n_kv_heads=2 head_dim=128 kv_head=0 worker=0 block_r=0 block_c=1280 t0_us=260296048297 t1_us=260296048298 dur_us=0
FIG8_ATTENTION_EVENT mode=lut-exp layout=serial phase=warmup iteration=0 component=k_load component_id=2 lut_exp=1 scna_layout=0 scna_width=0 qo_len=4 kv_len=4096 n_heads=12 n_kv_heads=2 head_dim=128 kv_head=0 worker=0 block_r=0 block_c=2560 t0_us=260296048298 t1_us=260296048319 dur_us=20
FIG8_ATTENTION_EVENT mode=lut-exp layout=serial phase=warmup iteration=0 component=qk_dot component_id=4 lut_exp=1 scna_layout=0 scna_width=0 qo_len=4 kv_len=4096 n_heads=12 n_kv_heads=2 head_dim=128 kv_head=0 worker=0 block_r=0 block_c=2560 t0_us=260296048319 t1_us=260296048319 dur_us=0
FIG8_ATTENTION_EVENT mode=lut-exp layout=serial phase=warmup iteration=0 component=safe_sm component_id=5 lut_exp=1 scna_layout=0 scna_width=0 qo_len=4 kv_len=4096 n_heads=12 n_kv_heads=2 head_dim=128 kv_head=0 worker=0 block_r=0 block_c=2560 t0_us=260296048319 t1_us=260296048341 dur_us=22
FIG8_ATTENTION_EVENT mode=lut-exp layout=serial phase=warmup iteration=0 component=v_load component_id=3 lut_exp=1 scna_layout=0 scna_width=0 qo_len=4 kv_len=4096 n_heads=12 n_kv_heads=2 head_dim=128 kv_head=0 worker=0 block_r=0 block_c=2560 t0_us=260296048341 t1_us=260296048379 dur_us=37
FIG8_ATTENTION_EVENT mode=lut-exp layout=serial phase=warmup iteration=0 component=core_acc component_id=6 lut_exp=1 scna_layout=0 scna_width=0 qo_len=4 kv_len=4096 n_heads=12 n_kv_heads=2 head_dim=128 kv_head=0 worker=0 block_r=0 block_c=2560 t0_us=260296048380 t1_us=260296048380 dur_us=0
FIG8_ATTENTION_EVENT mode=lut-exp layout=serial phase=warmup iteration=0 component=k_load component_id=2 lut_exp=1 scna_layout=0 scna_width=0 qo_len=4 kv_len=4096 n_heads=12 n_kv_heads=2 head_dim=128 kv_head=0 worker=0 block_r=0 block_c=3840 t0_us=260296048380 t1_us=260296048385 dur_us=4
FIG8_ATTENTION_EVENT mode=lut-exp layout=serial phase=warmup iteration=0 component=qk_dot component_id=4 lut_exp=1 scna_layout=0 scna_width=0 qo_len=4 kv_len=4096 n_heads=12 n_kv_heads=2 head_dim=128 kv_head=0 worker=0 block_r=0 block_c=3840 t0_us=260296048385 t1_us=260296048385 dur_us=0
FIG8_ATTENTION_EVENT mode=lut-exp layout=serial phase=warmup iteration=0 component=safe_sm component_id=5 lut_exp=1 scna_layout=0 scna_width=0 qo_len=4 kv_len=4096 n_heads=12 n_kv_heads=2 head_dim=128 kv_head=0 worker=0 block_r=0 block_c=3840 t0_us=260296048385 t1_us=260296048391 dur_us=6
FIG8_ATTENTION_EVENT mode=lut-exp layout=serial phase=warmup iteration=0 component=v_load component_id=3 lut_exp=1 scna_layout=0 scna_width=0 qo_len=4 kv_len=4096 n_heads=12 n_kv_heads=2 head_dim=128 kv_head=0 worker=0 block_r=0 block_c=3840 t0_us=260296048392 t1_us=260296048394 dur_us=2
FIG8_ATTENTION_EVENT mode=lut-exp layout=serial phase=warmup iteration=0 component=core_acc component_id=6 lut_exp=1 scna_layout=0 scna_width=0 qo_len=4 kv_len=4096 n_heads=12 n_kv_heads=2 head_dim=128 kv_head=0 worker=0 block_r=0 block_c=3840 t0_us=260296048394 t1_us=260296048394 dur_us=0
FIG8_ATTENTION_EVENT mode=lut-exp layout=serial phase=warmup iteration=0 component=o_scale component_id=7 lut_exp=1 scna_layout=0 scna_width=0 qo_len=4 kv_len=4096 n_heads=12 n_kv_heads=2 head_dim=128 kv_head=0 worker=0 block_r=0 block_c=-1 t0_us=260296048394 t1_us=260296048396 dur_us=1
FIG8_ATTENTION_EVENT mode=lut-exp layout=serial phase=warmup iteration=0 component=o_store component_id=8 lut_exp=1 scna_layout=0 scna_width=0 qo_len=4 kv_len=4096 n_heads=12 n_kv_heads=2 head_dim=128 kv_head=0 worker=0 block_r=0 block_c=-1 t0_us=260296048397 t1_us=260296048399 dur_us=2
FIG8_ATTENTION_EVENT mode=lut-exp layout=serial phase=warmup iteration=0 component=q_load component_id=1 lut_exp=1 scna_layout=0 scna_width=0 qo_len=4 kv_len=4096 n_heads=12 n_kv_heads=2 head_dim=128 kv_head=1 worker=0 block_r=0 block_c=-1 t0_us=260296048443 t1_us=260296048445 dur_us=1
FIG8_ATTENTION_EVENT mode=lut-exp layout=serial phase=warmup iteration=0 component=k_load component_id=2 lut_exp=1 scna_layout=0 scna_width=0 qo_len=4 kv_len=4096 n_heads=12 n_kv_heads=2 head_dim=128 kv_head=1 worker=0 block_r=0 block_c=0 t0_us=260296048446 t1_us=260296048467 dur_us=21
FIG8_ATTENTION_EVENT mode=lut-exp layout=serial phase=warmup iteration=0 component=qk_dot component_id=4 lut_exp=1 scna_layout=0 scna_width=0 qo_len=4 kv_len=4096 n_heads=12 n_kv_heads=2 head_dim=128 kv_head=1 worker=0 block_r=0 block_c=0 t0_us=260296048468 t1_us=260296048469 dur_us=0
FIG8_ATTENTION_EVENT mode=lut-exp layout=serial phase=warmup iteration=0 component=safe_sm component_id=5 lut_exp=1 scna_layout=0 scna_width=0 qo_len=4 kv_len=4096 n_heads=12 n_kv_heads=2 head_dim=128 kv_head=1 worker=0 block_r=0 block_c=0 t0_us=260296048469 t1_us=260296048490 dur_us=20
FIG8_ATTENTION_EVENT mode=lut-exp layout=serial phase=warmup iteration=0 component=v_load component_id=3 lut_exp=1 scna_layout=0 scna_width=0 qo_len=4 kv_len=4096 n_heads=12 n_kv_heads=2 head_dim=128 kv_head=1 worker=0 block_r=0 block_c=0 t0_us=260296048490 t1_us=260296048513 dur_us=22
FIG8_ATTENTION_EVENT mode=lut-exp layout=serial phase=warmup iteration=0 component=core_acc component_id=6 lut_exp=1 scna_layout=0 scna_width=0 qo_len=4 kv_len=4096 n_heads=12 n_kv_heads=2 head_dim=128 kv_head=1 worker=0 block_r=0 block_c=0 t0_us=260296048513 t1_us=260296048514 dur_us=1
FIG8_ATTENTION_EVENT mode=lut-exp layout=serial phase=warmup iteration=0 component=k_load component_id=2 lut_exp=1 scna_layout=0 scna_width=0 qo_len=4 kv_len=4096 n_heads=12 n_kv_heads=2 head_dim=128 kv_head=1 worker=0 block_r=0 block_c=1280 t0_us=260296048515 t1_us=260296048537 dur_us=21
FIG8_ATTENTION_EVENT mode=lut-exp layout=serial phase=warmup iteration=0 component=qk_dot component_id=4 lut_exp=1 scna_layout=0 scna_width=0 qo_len=4 kv_len=4096 n_heads=12 n_kv_heads=2 head_dim=128 kv_head=1 worker=0 block_r=0 block_c=1280 t0_us=260296048537 t1_us=260296048538 dur_us=0
FIG8_ATTENTION_EVENT mode=lut-exp layout=serial phase=warmup iteration=0 component=safe_sm component_id=5 lut_exp=1 scna_layout=0 scna_width=0 qo_len=4 kv_len=4096 n_heads=12 n_kv_heads=2 head_dim=128 kv_head=1 worker=0 block_r=0 block_c=1280 t0_us=260296048538 t1_us=260296048559 dur_us=21
FIG8_ATTENTION_EVENT mode=lut-exp layout=serial phase=warmup iteration=0 component=v_load component_id=3 lut_exp=1 scna_layout=0 scna_width=0 qo_len=4 kv_len=4096 n_heads=12 n_kv_heads=2 head_dim=128 kv_head=1 worker=0 block_r=0 block_c=1280 t0_us=260296048559 t1_us=260296048600 dur_us=41
FIG8_ATTENTION_EVENT mode=lut-exp layout=serial phase=warmup iteration=0 component=core_acc component_id=6 lut_exp=1 scna_layout=0 scna_width=0 qo_len=4 kv_len=4096 n_heads=12 n_kv_heads=2 head_dim=128 kv_head=1 worker=0 block_r=0 block_c=1280 t0_us=260296048600 t1_us=260296048601 dur_us=0
FIG8_ATTENTION_EVENT mode=lut-exp layout=serial phase=warmup iteration=0 component=k_load component_id=2 lut_exp=1 scna_layout=0 scna_width=0 qo_len=4 kv_len=4096 n_heads=12 n_kv_heads=2 head_dim=128 kv_head=1 worker=0 block_r=0 block_c=2560 t0_us=260296048601 t1_us=260296048621 dur_us=19
FIG8_ATTENTION_EVENT mode=lut-exp layout=serial phase=warmup iteration=0 component=qk_dot component_id=4 lut_exp=1 scna_layout=0 scna_width=0 qo_len=4 kv_len=4096 n_heads=12 n_kv_heads=2 head_dim=128 kv_head=1 worker=0 block_r=0 block_c=2560 t0_us=260296048621 t1_us=260296048621 dur_us=0
FIG8_ATTENTION_EVENT mode=lut-exp layout=serial phase=warmup iteration=0 component=safe_sm component_id=5 lut_exp=1 scna_layout=0 scna_width=0 qo_len=4 kv_len=4096 n_heads=12 n_kv_heads=2 head_dim=128 kv_head=1 worker=0 block_r=0 block_c=2560 t0_us=260296048621 t1_us=260296048643 dur_us=21
FIG8_ATTENTION_EVENT mode=lut-exp layout=serial phase=warmup iteration=0 component=v_load component_id=3 lut_exp=1 scna_layout=0 scna_width=0 qo_len=4 kv_len=4096 n_heads=12 n_kv_heads=2 head_dim=128 kv_head=1 worker=0 block_r=0 block_c=2560 t0_us=260296048643 t1_us=260296048679 dur_us=36
FIG8_ATTENTION_EVENT mode=lut-exp layout=serial phase=warmup iteration=0 component=core_acc component_id=6 lut_exp=1 scna_layout=0 scna_width=0 qo_len=4 kv_len=4096 n_heads=12 n_kv_heads=2 head_dim=128 kv_head=1 worker=0 block_r=0 block_c=2560 t0_us=260296048680 t1_us=260296048680 dur_us=0
FIG8_ATTENTION_EVENT mode=lut-exp layout=serial phase=warmup iteration=0 component=k_load component_id=2 lut_exp=1 scna_layout=0 scna_width=0 qo_len=4 kv_len=4096 n_heads=12 n_kv_heads=2 head_dim=128 kv_head=1 worker=0 block_r=0 block_c=3840 t0_us=260296048680 t1_us=260296048684 dur_us=4
FIG8_ATTENTION_EVENT mode=lut-exp layout=serial phase=warmup iteration=0 component=qk_dot component_id=4 lut_exp=1 scna_layout=0 scna_width=0 qo_len=4 kv_len=4096 n_heads=12 n_kv_heads=2 head_dim=128 kv_head=1 worker=0 block_r=0 block_c=3840 t0_us=260296048685 t1_us=260296048685 dur_us=0
FIG8_ATTENTION_EVENT mode=lut-exp layout=serial phase=warmup iteration=0 component=safe_sm component_id=5 lut_exp=1 scna_layout=0 scna_width=0 qo_len=4 kv_len=4096 n_heads=12 n_kv_heads=2 head_dim=128 kv_head=1 worker=0 block_r=0 block_c=3840 t0_us=260296048685 t1_us=260296048691 dur_us=6
FIG8_ATTENTION_EVENT mode=lut-exp layout=serial phase=warmup iteration=0 component=v_load component_id=3 lut_exp=1 scna_layout=0 scna_width=0 qo_len=4 kv_len=4096 n_heads=12 n_kv_heads=2 head_dim=128 kv_head=1 worker=0 block_r=0 block_c=3840 t0_us=260296048691 t1_us=260296048694 dur_us=2
FIG8_ATTENTION_EVENT mode=lut-exp layout=serial phase=warmup iteration=0 component=core_acc component_id=6 lut_exp=1 scna_layout=0 scna_width=0 qo_len=4 kv_len=4096 n_heads=12 n_kv_heads=2 head_dim=128 kv_head=1 worker=0 block_r=0 block_c=3840 t0_us=260296048694 t1_us=260296048694 dur_us=0
FIG8_ATTENTION_EVENT mode=lut-exp layout=serial phase=warmup iteration=0 component=o_scale component_id=7 lut_exp=1 scna_layout=0 scna_width=0 qo_len=4 kv_len=4096 n_heads=12 n_kv_heads=2 head_dim=128 kv_head=1 worker=0 block_r=0 block_c=-1 t0_us=260296048694 t1_us=260296048696 dur_us=2
FIG8_ATTENTION_EVENT mode=lut-exp layout=serial phase=warmup iteration=0 component=o_store component_id=8 lut_exp=1 scna_layout=0 scna_width=0 qo_len=4 kv_len=4096 n_heads=12 n_kv_heads=2 head_dim=128 kv_head=1 worker=0 block_r=0 block_c=-1 t0_us=260296048697 t1_us=260296048699 dur_us=2
FIG8_ATTENTION_EVENT mode=lut-exp layout=serial phase=warmup iteration=0 component=q_load component_id=1 lut_exp=1 scna_layout=0 scna_width=0 qo_len=4 kv_len=4096 n_heads=12 n_kv_heads=2 head_dim=128 kv_head=0 worker=0 block_r=0 block_c=-1 t0_us=260296048744 t1_us=260296048745 dur_us=1
FIG8_ATTENTION_EVENT mode=lut-exp layout=serial phase=warmup iteration=0 component=k_load component_id=2 lut_exp=1 scna_layout=0 scna_width=0 qo_len=4 kv_len=4096 n_heads=12 n_kv_heads=2 head_dim=128 kv_head=0 worker=0 block_r=0 block_c=0 t0_us=260296048747 t1_us=260296048767 dur_us=20
FIG8_ATTENTION_EVENT mode=lut-exp layout=serial phase=warmup iteration=0 component=qk_dot component_id=4 lut_exp=1 scna_layout=0 scna_width=0 qo_len=4 kv_len=4096 n_heads=12 n_kv_heads=2 head_dim=128 kv_head=0 worker=0 block_r=0 block_c=0 t0_us=260296048768 t1_us=260296048769 dur_us=0
FIG8_ATTENTION_EVENT mode=lut-exp layout=serial phase=warmup iteration=0 component=safe_sm component_id=5 lut_exp=1 scna_layout=0 scna_width=0 qo_len=4 kv_len=4096 n_heads=12 n_kv_heads=2 head_dim=128 kv_head=0 worker=0 block_r=0 block_c=0 t0_us=260296048769 t1_us=260296048791 dur_us=21
FIG8_ATTENTION_EVENT mode=lut-exp layout=serial phase=warmup iteration=0 component=v_load component_id=3 lut_exp=1 scna_layout=0 scna_width=0 qo_len=4 kv_len=4096 n_heads=12 n_kv_heads=2 head_dim=128 kv_head=0 worker=0 block_r=0 block_c=0 t0_us=260296048791 t1_us=260296048820 dur_us=28
FIG8_ATTENTION_EVENT mode=lut-exp layout=serial phase=warmup iteration=0 component=core_acc component_id=6 lut_exp=1 scna_layout=0 scna_width=0 qo_len=4 kv_len=4096 n_heads=12 n_kv_heads=2 head_dim=128 kv_head=0 worker=0 block_r=0 block_c=0 t0_us=260296048821 t1_us=260296048824 dur_us=3
FIG8_ATTENTION_EVENT mode=lut-exp layout=serial phase=warmup iteration=0 component=k_load component_id=2 lut_exp=1 scna_layout=0 scna_width=0 qo_len=4 kv_len=4096 n_heads=12 n_kv_heads=2 head_dim=128 kv_head=0 worker=0 block_r=0 block_c=1280 t0_us=260296048825 t1_us=260296048850 dur_us=24
FIG8_ATTENTION_EVENT mode=lut-exp layout=serial phase=warmup iteration=0 component=qk_dot component_id=4 lut_exp=1 scna_layout=0 scna_width=0 qo_len=4 kv_len=4096 n_heads=12 n_kv_heads=2 head_dim=128 kv_head=0 worker=0 block_r=0 block_c=1280 t0_us=260296048850 t1_us=260296048850 dur_us=0
FIG8_ATTENTION_EVENT mode=lut-exp layout=serial phase=warmup iteration=0 component=safe_sm component_id=5 lut_exp=1 scna_layout=0 scna_width=0 qo_len=4 kv_len=4096 n_heads=12 n_kv_heads=2 head_dim=128 kv_head=0 worker=0 block_r=0 block_c=1280 t0_us=260296048850 t1_us=260296048871 dur_us=20
FIG8_ATTENTION_EVENT mode=lut-exp layout=serial phase=warmup iteration=0 component=v_load component_id=3 lut_exp=1 scna_layout=0 scna_width=0 qo_len=4 kv_len=4096 n_heads=12 n_kv_heads=2 head_dim=128 kv_head=0 worker=0 block_r=0 block_c=1280 t0_us=260296048871 t1_us=260296048902 dur_us=30
FIG8_ATTENTION_EVENT mode=lut-exp layout=serial phase=warmup iteration=0 component=core_acc component_id=6 lut_exp=1 scna_layout=0 scna_width=0 qo_len=4 kv_len=4096 n_heads=12 n_kv_heads=2 head_dim=128 kv_head=0 worker=0 block_r=0 block_c=1280 t0_us=260296048902 t1_us=260296048903 dur_us=0
FIG8_ATTENTION_EVENT mode=lut-exp layout=serial phase=warmup iteration=0 component=k_load component_id=2 lut_exp=1 scna_layout=0 scna_width=0 qo_len=4 kv_len=4096 n_heads=12 n_kv_heads=2 head_dim=128 kv_head=0 worker=0 block_r=0 block_c=2560 t0_us=260296048903 t1_us=260296048923 dur_us=20
FIG8_ATTENTION_EVENT mode=lut-exp layout=serial phase=warmup iteration=0 component=qk_dot component_id=4 lut_exp=1 scna_layout=0 scna_width=0 qo_len=4 kv_len=4096 n_heads=12 n_kv_heads=2 head_dim=128 kv_head=0 worker=0 block_r=0 block_c=2560 t0_us=260296048923 t1_us=260296048924 dur_us=0
FIG8_ATTENTION_EVENT mode=lut-exp layout=serial phase=warmup iteration=0 component=safe_sm component_id=5 lut_exp=1 scna_layout=0 scna_width=0 qo_len=4 kv_len=4096 n_heads=12 n_kv_heads=2 head_dim=128 kv_head=0 worker=0 block_r=0 block_c=2560 t0_us=260296048924 t1_us=260296048945 dur_us=21
FIG8_ATTENTION_EVENT mode=lut-exp layout=serial phase=warmup iteration=0 component=v_load component_id=3 lut_exp=1 scna_layout=0 scna_width=0 qo_len=4 kv_len=4096 n_heads=12 n_kv_heads=2 head_dim=128 kv_head=0 worker=0 block_r=0 block_c=2560 t0_us=260296048945 t1_us=260296048977 dur_us=31
FIG8_ATTENTION_EVENT mode=lut-exp layout=serial phase=warmup iteration=0 component=core_acc component_id=6 lut_exp=1 scna_layout=0 scna_width=0 qo_len=4 kv_len=4096 n_heads=12 n_kv_heads=2 head_dim=128 kv_head=0 worker=0 block_r=0 block_c=2560 t0_us=260296048977 t1_us=260296048978 dur_us=0
FIG8_ATTENTION_EVENT mode=lut-exp layout=serial phase=warmup iteration=0 component=k_load component_id=2 lut_exp=1 scna_layout=0 scna_width=0 qo_len=4 kv_len=4096 n_heads=12 n_kv_heads=2 head_dim=128 kv_head=0 worker=0 block_r=0 block_c=3840 t0_us=260296048978 t1_us=260296048982 dur_us=4
FIG8_ATTENTION_EVENT mode=lut-exp layout=serial phase=warmup iteration=0 component=qk_dot component_id=4 lut_exp=1 scna_layout=0 scna_width=0 qo_len=4 kv_len=4096 n_heads=12 n_kv_heads=2 head_dim=128 kv_head=0 worker=0 block_r=0 block_c=3840 t0_us=260296048982 t1_us=260296048982 dur_us=0
FIG8_ATTENTION_EVENT mode=lut-exp layout=serial phase=warmup iteration=0 component=safe_sm component_id=5 lut_exp=1 scna_layout=0 scna_width=0 qo_len=4 kv_len=4096 n_heads=12 n_kv_heads=2 head_dim=128 kv_head=0 worker=0 block_r=0 block_c=3840 t0_us=260296048982 t1_us=260296048989 dur_us=6
FIG8_ATTENTION_EVENT mode=lut-exp layout=serial phase=warmup iteration=0 component=v_load component_id=3 lut_exp=1 scna_layout=0 scna_width=0 qo_len=4 kv_len=4096 n_heads=12 n_kv_heads=2 head_dim=128 kv_head=0 worker=0 block_r=0 block_c=3840 t0_us=260296048989 t1_us=260296048991 dur_us=2
FIG8_ATTENTION_EVENT mode=lut-exp layout=serial phase=warmup iteration=0 component=core_acc component_id=6 lut_exp=1 scna_layout=0 scna_width=0 qo_len=4 kv_len=4096 n_heads=12 n_kv_heads=2 head_dim=128 kv_head=0 worker=0 block_r=0 block_c=3840 t0_us=260296048991 t1_us=260296048992 dur_us=0
FIG8_ATTENTION_EVENT mode=lut-exp layout=serial phase=warmup iteration=0 component=o_scale component_id=7 lut_exp=1 scna_layout=0 scna_width=0 qo_len=4 kv_len=4096 n_heads=12 n_kv_heads=2 head_dim=128 kv_head=0 worker=0 block_r=0 block_c=-1 t0_us=260296048992 t1_us=260296048994 dur_us=2
FIG8_ATTENTION_EVENT mode=lut-exp layout=serial phase=warmup iteration=0 component=o_store component_id=8 lut_exp=1 scna_layout=0 scna_width=0 qo_len=4 kv_len=4096 n_heads=12 n_kv_heads=2 head_dim=128 kv_head=0 worker=0 block_r=0 block_c=-1 t0_us=260296048994 t1_us=260296048998 dur_us=3
FIG8_ATTENTION_EVENT mode=lut-exp layout=serial phase=warmup iteration=0 component=q_load component_id=1 lut_exp=1 scna_layout=0 scna_width=0 qo_len=4 kv_len=4096 n_heads=12 n_kv_heads=2 head_dim=128 kv_head=1 worker=0 block_r=0 block_c=-1 t0_us=260296049043 t1_us=260296049044 dur_us=1
FIG8_ATTENTION_EVENT mode=lut-exp layout=serial phase=warmup iteration=0 component=k_load component_id=2 lut_exp=1 scna_layout=0 scna_width=0 qo_len=4 kv_len=4096 n_heads=12 n_kv_heads=2 head_dim=128 kv_head=1 worker=0 block_r=0 block_c=0 t0_us=260296049046 t1_us=260296049066 dur_us=20
FIG8_ATTENTION_EVENT mode=lut-exp layout=serial phase=warmup iteration=0 component=qk_dot component_id=4 lut_exp=1 scna_layout=0 scna_width=0 qo_len=4 kv_len=4096 n_heads=12 n_kv_heads=2 head_dim=128 kv_head=1 worker=0 block_r=0 block_c=0 t0_us=260296049067 t1_us=260296049067 dur_us=0
FIG8_ATTENTION_EVENT mode=lut-exp layout=serial phase=warmup iteration=0 component=safe_sm component_id=5 lut_exp=1 scna_layout=0 scna_width=0 qo_len=4 kv_len=4096 n_heads=12 n_kv_heads=2 head_dim=128 kv_head=1 worker=0 block_r=0 block_c=0 t0_us=260296049068 t1_us=260296049088 dur_us=20
FIG8_ATTENTION_EVENT mode=lut-exp layout=serial phase=warmup iteration=0 component=v_load component_id=3 lut_exp=1 scna_layout=0 scna_width=0 qo_len=4 kv_len=4096 n_heads=12 n_kv_heads=2 head_dim=128 kv_head=1 worker=0 block_r=0 block_c=0 t0_us=260296049089 t1_us=260296049112 dur_us=23
FIG8_ATTENTION_EVENT mode=lut-exp layout=serial phase=warmup iteration=0 component=core_acc component_id=6 lut_exp=1 scna_layout=0 scna_width=0 qo_len=4 kv_len=4096 n_heads=12 n_kv_heads=2 head_dim=128 kv_head=1 worker=0 block_r=0 block_c=0 t0_us=260296049113 t1_us=260296049115 dur_us=2
FIG8_ATTENTION_EVENT mode=lut-exp layout=serial phase=warmup iteration=0 component=k_load component_id=2 lut_exp=1 scna_layout=0 scna_width=0 qo_len=4 kv_len=4096 n_heads=12 n_kv_heads=2 head_dim=128 kv_head=1 worker=0 block_r=0 block_c=1280 t0_us=260296049116 t1_us=260296049138 dur_us=22
FIG8_ATTENTION_EVENT mode=lut-exp layout=serial phase=warmup iteration=0 component=qk_dot component_id=4 lut_exp=1 scna_layout=0 scna_width=0 qo_len=4 kv_len=4096 n_heads=12 n_kv_heads=2 head_dim=128 kv_head=1 worker=0 block_r=0 block_c=1280 t0_us=260296049139 t1_us=260296049139 dur_us=0
FIG8_ATTENTION_EVENT mode=lut-exp layout=serial phase=warmup iteration=0 component=safe_sm component_id=5 lut_exp=1 scna_layout=0 scna_width=0 qo_len=4 kv_len=4096 n_heads=12 n_kv_heads=2 head_dim=128 kv_head=1 worker=0 block_r=0 block_c=1280 t0_us=260296049139 t1_us=260296049160 dur_us=20
FIG8_ATTENTION_EVENT mode=lut-exp layout=serial phase=warmup iteration=0 component=v_load component_id=3 lut_exp=1 scna_layout=0 scna_width=0 qo_len=4 kv_len=4096 n_heads=12 n_kv_heads=2 head_dim=128 kv_head=1 worker=0 block_r=0 block_c=1280 t0_us=260296049160 t1_us=260296049201 dur_us=40
FIG8_ATTENTION_EVENT mode=lut-exp layout=serial phase=warmup iteration=0 component=core_acc component_id=6 lut_exp=1 scna_layout=0 scna_width=0 qo_len=4 kv_len=4096 n_heads=12 n_kv_heads=2 head_dim=128 kv_head=1 worker=0 block_r=0 block_c=1280 t0_us=260296049201 t1_us=260296049201 dur_us=0
FIG8_ATTENTION_EVENT mode=lut-exp layout=serial phase=warmup iteration=0 component=k_load component_id=2 lut_exp=1 scna_layout=0 scna_width=0 qo_len=4 kv_len=4096 n_heads=12 n_kv_heads=2 head_dim=128 kv_head=1 worker=0 block_r=0 block_c=2560 t0_us=260296049201 t1_us=260296049221 dur_us=19
FIG8_ATTENTION_EVENT mode=lut-exp layout=serial phase=warmup iteration=0 component=qk_dot component_id=4 lut_exp=1 scna_layout=0 scna_width=0 qo_len=4 kv_len=4096 n_heads=12 n_kv_heads=2 head_dim=128 kv_head=1 worker=0 block_r=0 block_c=2560 t0_us=260296049221 t1_us=260296049221 dur_us=0
FIG8_ATTENTION_EVENT mode=lut-exp layout=serial phase=warmup iteration=0 component=safe_sm component_id=5 lut_exp=1 scna_layout=0 scna_width=0 qo_len=4 kv_len=4096 n_heads=12 n_kv_heads=2 head_dim=128 kv_head=1 worker=0 block_r=0 block_c=2560 t0_us=260296049222 t1_us=260296049243 dur_us=21
FIG8_ATTENTION_EVENT mode=lut-exp layout=serial phase=warmup iteration=0 component=v_load component_id=3 lut_exp=1 scna_layout=0 scna_width=0 qo_len=4 kv_len=4096 n_heads=12 n_kv_heads=2 head_dim=128 kv_head=1 worker=0 block_r=0 block_c=2560 t0_us=260296049243 t1_us=260296049289 dur_us=45
FIG8_ATTENTION_EVENT mode=lut-exp layout=serial phase=warmup iteration=0 component=core_acc component_id=6 lut_exp=1 scna_layout=0 scna_width=0 qo_len=4 kv_len=4096 n_heads=12 n_kv_heads=2 head_dim=128 kv_head=1 worker=0 block_r=0 block_c=2560 t0_us=260296049289 t1_us=260296049290 dur_us=0
FIG8_ATTENTION_EVENT mode=lut-exp layout=serial phase=warmup iteration=0 component=k_load component_id=2 lut_exp=1 scna_layout=0 scna_width=0 qo_len=4 kv_len=4096 n_heads=12 n_kv_heads=2 head_dim=128 kv_head=1 worker=0 block_r=0 block_c=3840 t0_us=260296049290 t1_us=260296049294 dur_us=4
FIG8_ATTENTION_EVENT mode=lut-exp layout=serial phase=warmup iteration=0 component=qk_dot component_id=4 lut_exp=1 scna_layout=0 scna_width=0 qo_len=4 kv_len=4096 n_heads=12 n_kv_heads=2 head_dim=128 kv_head=1 worker=0 block_r=0 block_c=3840 t0_us=260296049295 t1_us=260296049295 dur_us=0
FIG8_ATTENTION_EVENT mode=lut-exp layout=serial phase=warmup iteration=0 component=safe_sm component_id=5 lut_exp=1 scna_layout=0 scna_width=0 qo_len=4 kv_len=4096 n_heads=12 n_kv_heads=2 head_dim=128 kv_head=1 worker=0 block_r=0 block_c=3840 t0_us=260296049295 t1_us=260296049301 dur_us=6
FIG8_ATTENTION_EVENT mode=lut-exp layout=serial phase=warmup iteration=0 component=v_load component_id=3 lut_exp=1 scna_layout=0 scna_width=0 qo_len=4 kv_len=4096 n_heads=12 n_kv_heads=2 head_dim=128 kv_head=1 worker=0 block_r=0 block_c=3840 t0_us=260296049302 t1_us=260296049304 dur_us=2
FIG8_ATTENTION_EVENT mode=lut-exp layout=serial phase=warmup iteration=0 component=core_acc component_id=6 lut_exp=1 scna_layout=0 scna_width=0 qo_len=4 kv_len=4096 n_heads=12 n_kv_heads=2 head_dim=128 kv_head=1 worker=0 block_r=0 block_c=3840 t0_us=260296049304 t1_us=260296049304 dur_us=0
FIG8_ATTENTION_EVENT mode=lut-exp layout=serial phase=warmup iteration=0 component=o_scale component_id=7 lut_exp=1 scna_layout=0 scna_width=0 qo_len=4 kv_len=4096 n_heads=12 n_kv_heads=2 head_dim=128 kv_head=1 worker=0 block_r=0 block_c=-1 t0_us=260296049305 t1_us=260296049307 dur_us=2
FIG8_ATTENTION_EVENT mode=lut-exp layout=serial phase=warmup iteration=0 component=o_store component_id=8 lut_exp=1 scna_layout=0 scna_width=0 qo_len=4 kv_len=4096 n_heads=12 n_kv_heads=2 head_dim=128 kv_head=1 worker=0 block_r=0 block_c=-1 t0_us=260296049308 t1_us=260296049310 dur_us=2
FIG8_ATTENTION_EVENT mode=lut-exp layout=serial phase=warmup iteration=0 component=q_load component_id=1 lut_exp=1 scna_layout=0 scna_width=0 qo_len=4 kv_len=4096 n_heads=12 n_kv_heads=2 head_dim=128 kv_head=0 worker=0 block_r=0 block_c=-1 t0_us=260296049353 t1_us=260296049355 dur_us=1
FIG8_ATTENTION_EVENT mode=lut-exp layout=serial phase=warmup iteration=0 component=k_load component_id=2 lut_exp=1 scna_layout=0 scna_width=0 qo_len=4 kv_len=4096 n_heads=12 n_kv_heads=2 head_dim=128 kv_head=0 worker=0 block_r=0 block_c=0 t0_us=260296049356 t1_us=260296049376 dur_us=20
FIG8_ATTENTION_EVENT mode=lut-exp layout=serial phase=warmup iteration=0 component=qk_dot component_id=4 lut_exp=1 scna_layout=0 scna_width=0 qo_len=4 kv_len=4096 n_heads=12 n_kv_heads=2 head_dim=128 kv_head=0 worker=0 block_r=0 block_c=0 t0_us=260296049377 t1_us=260296049378 dur_us=0
FIG8_ATTENTION_EVENT mode=lut-exp layout=serial phase=warmup iteration=0 component=safe_sm component_id=5 lut_exp=1 scna_layout=0 scna_width=0 qo_len=4 kv_len=4096 n_heads=12 n_kv_heads=2 head_dim=128 kv_head=0 worker=0 block_r=0 block_c=0 t0_us=260296049379 t1_us=260296049401 dur_us=22
FIG8_ATTENTION_EVENT mode=lut-exp layout=serial phase=warmup iteration=0 component=v_load component_id=3 lut_exp=1 scna_layout=0 scna_width=0 qo_len=4 kv_len=4096 n_heads=12 n_kv_heads=2 head_dim=128 kv_head=0 worker=0 block_r=0 block_c=0 t0_us=260296049402 t1_us=260296049428 dur_us=26
FIG8_ATTENTION_EVENT mode=lut-exp layout=serial phase=warmup iteration=0 component=core_acc component_id=6 lut_exp=1 scna_layout=0 scna_width=0 qo_len=4 kv_len=4096 n_heads=12 n_kv_heads=2 head_dim=128 kv_head=0 worker=0 block_r=0 block_c=0 t0_us=260296049429 t1_us=260296049432 dur_us=2
FIG8_ATTENTION_EVENT mode=lut-exp layout=serial phase=warmup iteration=0 component=k_load component_id=2 lut_exp=1 scna_layout=0 scna_width=0 qo_len=4 kv_len=4096 n_heads=12 n_kv_heads=2 head_dim=128 kv_head=0 worker=0 block_r=0 block_c=1280 t0_us=260296049433 t1_us=260296049456 dur_us=23
FIG8_ATTENTION_EVENT mode=lut-exp layout=serial phase=warmup iteration=0 component=qk_dot component_id=4 lut_exp=1 scna_layout=0 scna_width=0 qo_len=4 kv_len=4096 n_heads=12 n_kv_heads=2 head_dim=128 kv_head=0 worker=0 block_r=0 block_c=1280 t0_us=260296049456 t1_us=260296049457 dur_us=0
FIG8_ATTENTION_EVENT mode=lut-exp layout=serial phase=warmup iteration=0 component=safe_sm component_id=5 lut_exp=1 scna_layout=0 scna_width=0 qo_len=4 kv_len=4096 n_heads=12 n_kv_heads=2 head_dim=128 kv_head=0 worker=0 block_r=0 block_c=1280 t0_us=260296049457 t1_us=260296049477 dur_us=20
FIG8_ATTENTION_EVENT mode=lut-exp layout=serial phase=warmup iteration=0 component=v_load component_id=3 lut_exp=1 scna_layout=0 scna_width=0 qo_len=4 kv_len=4096 n_heads=12 n_kv_heads=2 head_dim=128 kv_head=0 worker=0 block_r=0 block_c=1280 t0_us=260296049477 t1_us=260296049509 dur_us=31
FIG8_ATTENTION_EVENT mode=lut-exp layout=serial phase=warmup iteration=0 component=core_acc component_id=6 lut_exp=1 scna_layout=0 scna_width=0 qo_len=4 kv_len=4096 n_heads=12 n_kv_heads=2 head_dim=128 kv_head=0 worker=0 block_r=0 block_c=1280 t0_us=260296049509 t1_us=260296049510 dur_us=0
FIG8_ATTENTION_EVENT mode=lut-exp layout=serial phase=warmup iteration=0 component=k_load component_id=2 lut_exp=1 scna_layout=0 scna_width=0 qo_len=4 kv_len=4096 n_heads=12 n_kv_heads=2 head_dim=128 kv_head=0 worker=0 block_r=0 block_c=2560 t0_us=260296049510 t1_us=260296049530 dur_us=19
FIG8_ATTENTION_EVENT mode=lut-exp layout=serial phase=warmup iteration=0 component=qk_dot component_id=4 lut_exp=1 scna_layout=0 scna_width=0 qo_len=4 kv_len=4096 n_heads=12 n_kv_heads=2 head_dim=128 kv_head=0 worker=0 block_r=0 block_c=2560 t0_us=260296049530 t1_us=260296049530 dur_us=0
FIG8_ATTENTION_EVENT mode=lut-exp layout=serial phase=warmup iteration=0 component=safe_sm component_id=5 lut_exp=1 scna_layout=0 scna_width=0 qo_len=4 kv_len=4096 n_heads=12 n_kv_heads=2 head_dim=128 kv_head=0 worker=0 block_r=0 block_c=2560 t0_us=260296049530 t1_us=260296049552 dur_us=21
FIG8_ATTENTION_EVENT mode=lut-exp layout=serial phase=warmup iteration=0 component=v_load component_id=3 lut_exp=1 scna_layout=0 scna_width=0 qo_len=4 kv_len=4096 n_heads=12 n_kv_heads=2 head_dim=128 kv_head=0 worker=0 block_r=0 block_c=2560 t0_us=260296049552 t1_us=260296049591 dur_us=39
FIG8_ATTENTION_EVENT mode=lut-exp layout=serial phase=warmup iteration=0 component=core_acc component_id=6 lut_exp=1 scna_layout=0 scna_width=0 qo_len=4 kv_len=4096 n_heads=12 n_kv_heads=2 head_dim=128 kv_head=0 worker=0 block_r=0 block_c=2560 t0_us=260296049591 t1_us=260296049592 dur_us=0
FIG8_ATTENTION_EVENT mode=lut-exp layout=serial phase=warmup iteration=0 component=k_load component_id=2 lut_exp=1 scna_layout=0 scna_width=0 qo_len=4 kv_len=4096 n_heads=12 n_kv_heads=2 head_dim=128 kv_head=0 worker=0 block_r=0 block_c=3840 t0_us=260296049592 t1_us=260296049597 dur_us=4
FIG8_ATTENTION_EVENT mode=lut-exp layout=serial phase=warmup iteration=0 component=qk_dot component_id=4 lut_exp=1 scna_layout=0 scna_width=0 qo_len=4 kv_len=4096 n_heads=12 n_kv_heads=2 head_dim=128 kv_head=0 worker=0 block_r=0 block_c=3840 t0_us=260296049597 t1_us=260296049597 dur_us=0
FIG8_ATTENTION_EVENT mode=lut-exp layout=serial phase=warmup iteration=0 component=safe_sm component_id=5 lut_exp=1 scna_layout=0 scna_width=0 qo_len=4 kv_len=4096 n_heads=12 n_kv_heads=2 head_dim=128 kv_head=0 worker=0 block_r=0 block_c=3840 t0_us=260296049597 t1_us=260296049603 dur_us=6
FIG8_ATTENTION_EVENT mode=lut-exp layout=serial phase=warmup iteration=0 component=v_load component_id=3 lut_exp=1 scna_layout=0 scna_width=0 qo_len=4 kv_len=4096 n_heads=12 n_kv_heads=2 head_dim=128 kv_head=0 worker=0 block_r=0 block_c=3840 t0_us=260296049604 t1_us=260296049606 dur_us=2
FIG8_ATTENTION_EVENT mode=lut-exp layout=serial phase=warmup iteration=0 component=core_acc component_id=6 lut_exp=1 scna_layout=0 scna_width=0 qo_len=4 kv_len=4096 n_heads=12 n_kv_heads=2 head_dim=128 kv_head=0 worker=0 block_r=0 block_c=3840 t0_us=260296049606 t1_us=260296049606 dur_us=0
FIG8_ATTENTION_EVENT mode=lut-exp layout=serial phase=warmup iteration=0 component=o_scale component_id=7 lut_exp=1 scna_layout=0 scna_width=0 qo_len=4 kv_len=4096 n_heads=12 n_kv_heads=2 head_dim=128 kv_head=0 worker=0 block_r=0 block_c=-1 t0_us=260296049606 t1_us=260296049609 dur_us=2
FIG8_ATTENTION_EVENT mode=lut-exp layout=serial phase=warmup iteration=0 component=o_store component_id=8 lut_exp=1 scna_layout=0 scna_width=0 qo_len=4 kv_len=4096 n_heads=12 n_kv_heads=2 head_dim=128 kv_head=0 worker=0 block_r=0 block_c=-1 t0_us=260296049609 t1_us=260296049611 dur_us=2
FIG8_ATTENTION_EVENT mode=lut-exp layout=serial phase=warmup iteration=0 component=q_load component_id=1 lut_exp=1 scna_layout=0 scna_width=0 qo_len=4 kv_len=4096 n_heads=12 n_kv_heads=2 head_dim=128 kv_head=1 worker=0 block_r=0 block_c=-1 t0_us=260296049656 t1_us=260296049658 dur_us=1
FIG8_ATTENTION_EVENT mode=lut-exp layout=serial phase=warmup iteration=0 component=k_load component_id=2 lut_exp=1 scna_layout=0 scna_width=0 qo_len=4 kv_len=4096 n_heads=12 n_kv_heads=2 head_dim=128 kv_head=1 worker=0 block_r=0 block_c=0 t0_us=260296049659 t1_us=260296049681 dur_us=21
FIG8_ATTENTION_EVENT mode=lut-exp layout=serial phase=warmup iteration=0 component=qk_dot component_id=4 lut_exp=1 scna_layout=0 scna_width=0 qo_len=4 kv_len=4096 n_heads=12 n_kv_heads=2 head_dim=128 kv_head=1 worker=0 block_r=0 block_c=0 t0_us=260296049682 t1_us=260296049683 dur_us=1
FIG8_ATTENTION_EVENT mode=lut-exp layout=serial phase=warmup iteration=0 component=safe_sm component_id=5 lut_exp=1 scna_layout=0 scna_width=0 qo_len=4 kv_len=4096 n_heads=12 n_kv_heads=2 head_dim=128 kv_head=1 worker=0 block_r=0 block_c=0 t0_us=260296049683 t1_us=260296049704 dur_us=21
FIG8_ATTENTION_EVENT mode=lut-exp layout=serial phase=warmup iteration=0 component=v_load component_id=3 lut_exp=1 scna_layout=0 scna_width=0 qo_len=4 kv_len=4096 n_heads=12 n_kv_heads=2 head_dim=128 kv_head=1 worker=0 block_r=0 block_c=0 t0_us=260296049705 t1_us=260296049726 dur_us=21
FIG8_ATTENTION_EVENT mode=lut-exp layout=serial phase=warmup iteration=0 component=core_acc component_id=6 lut_exp=1 scna_layout=0 scna_width=0 qo_len=4 kv_len=4096 n_heads=12 n_kv_heads=2 head_dim=128 kv_head=1 worker=0 block_r=0 block_c=0 t0_us=260296049726 t1_us=260296049728 dur_us=2
FIG8_ATTENTION_EVENT mode=lut-exp layout=serial phase=warmup iteration=0 component=k_load component_id=2 lut_exp=1 scna_layout=0 scna_width=0 qo_len=4 kv_len=4096 n_heads=12 n_kv_heads=2 head_dim=128 kv_head=1 worker=0 block_r=0 block_c=1280 t0_us=260296049729 t1_us=260296049750 dur_us=20
FIG8_ATTENTION_EVENT mode=lut-exp layout=serial phase=warmup iteration=0 component=qk_dot component_id=4 lut_exp=1 scna_layout=0 scna_width=0 qo_len=4 kv_len=4096 n_heads=12 n_kv_heads=2 head_dim=128 kv_head=1 worker=0 block_r=0 block_c=1280 t0_us=260296049750 t1_us=260296049750 dur_us=0
FIG8_ATTENTION_EVENT mode=lut-exp layout=serial phase=warmup iteration=0 component=safe_sm component_id=5 lut_exp=1 scna_layout=0 scna_width=0 qo_len=4 kv_len=4096 n_heads=12 n_kv_heads=2 head_dim=128 kv_head=1 worker=0 block_r=0 block_c=1280 t0_us=260296049751 t1_us=260296049772 dur_us=21
FIG8_ATTENTION_EVENT mode=lut-exp layout=serial phase=warmup iteration=0 component=v_load component_id=3 lut_exp=1 scna_layout=0 scna_width=0 qo_len=4 kv_len=4096 n_heads=12 n_kv_heads=2 head_dim=128 kv_head=1 worker=0 block_r=0 block_c=1280 t0_us=260296049772 t1_us=260296049809 dur_us=37
FIG8_ATTENTION_EVENT mode=lut-exp layout=serial phase=warmup iteration=0 component=core_acc component_id=6 lut_exp=1 scna_layout=0 scna_width=0 qo_len=4 kv_len=4096 n_heads=12 n_kv_heads=2 head_dim=128 kv_head=1 worker=0 block_r=0 block_c=1280 t0_us=260296049810 t1_us=260296049810 dur_us=0
FIG8_ATTENTION_EVENT mode=lut-exp layout=serial phase=warmup iteration=0 component=k_load component_id=2 lut_exp=1 scna_layout=0 scna_width=0 qo_len=4 kv_len=4096 n_heads=12 n_kv_heads=2 head_dim=128 kv_head=1 worker=0 block_r=0 block_c=2560 t0_us=260296049810 t1_us=260296049830 dur_us=20
FIG8_ATTENTION_EVENT mode=lut-exp layout=serial phase=warmup iteration=0 component=qk_dot component_id=4 lut_exp=1 scna_layout=0 scna_width=0 qo_len=4 kv_len=4096 n_heads=12 n_kv_heads=2 head_dim=128 kv_head=1 worker=0 block_r=0 block_c=2560 t0_us=260296049830 t1_us=260296049831 dur_us=0
FIG8_ATTENTION_EVENT mode=lut-exp layout=serial phase=warmup iteration=0 component=safe_sm component_id=5 lut_exp=1 scna_layout=0 scna_width=0 qo_len=4 kv_len=4096 n_heads=12 n_kv_heads=2 head_dim=128 kv_head=1 worker=0 block_r=0 block_c=2560 t0_us=260296049831 t1_us=260296049853 dur_us=21
FIG8_ATTENTION_EVENT mode=lut-exp layout=serial phase=warmup iteration=0 component=v_load component_id=3 lut_exp=1 scna_layout=0 scna_width=0 qo_len=4 kv_len=4096 n_heads=12 n_kv_heads=2 head_dim=128 kv_head=1 worker=0 block_r=0 block_c=2560 t0_us=260296049853 t1_us=260296049901 dur_us=48
FIG8_ATTENTION_EVENT mode=lut-exp layout=serial phase=warmup iteration=0 component=core_acc component_id=6 lut_exp=1 scna_layout=0 scna_width=0 qo_len=4 kv_len=4096 n_heads=12 n_kv_heads=2 head_dim=128 kv_head=1 worker=0 block_r=0 block_c=2560 t0_us=260296049901 t1_us=260296049902 dur_us=0
FIG8_ATTENTION_EVENT mode=lut-exp layout=serial phase=warmup iteration=0 component=k_load component_id=2 lut_exp=1 scna_layout=0 scna_width=0 qo_len=4 kv_len=4096 n_heads=12 n_kv_heads=2 head_dim=128 kv_head=1 worker=0 block_r=0 block_c=3840 t0_us=260296049902 t1_us=260296049906 dur_us=4
FIG8_ATTENTION_EVENT mode=lut-exp layout=serial phase=warmup iteration=0 component=qk_dot component_id=4 lut_exp=1 scna_layout=0 scna_width=0 qo_len=4 kv_len=4096 n_heads=12 n_kv_heads=2 head_dim=128 kv_head=1 worker=0 block_r=0 block_c=3840 t0_us=260296049906 t1_us=260296049907 dur_us=0
FIG8_ATTENTION_EVENT mode=lut-exp layout=serial phase=warmup iteration=0 component=safe_sm component_id=5 lut_exp=1 scna_layout=0 scna_width=0 qo_len=4 kv_len=4096 n_heads=12 n_kv_heads=2 head_dim=128 kv_head=1 worker=0 block_r=0 block_c=3840 t0_us=260296049907 t1_us=260296049913 dur_us=6
FIG8_ATTENTION_EVENT mode=lut-exp layout=serial phase=warmup iteration=0 component=v_load component_id=3 lut_exp=1 scna_layout=0 scna_width=0 qo_len=4 kv_len=4096 n_heads=12 n_kv_heads=2 head_dim=128 kv_head=1 worker=0 block_r=0 block_c=3840 t0_us=260296049913 t1_us=260296049916 dur_us=2
FIG8_ATTENTION_EVENT mode=lut-exp layout=serial phase=warmup iteration=0 component=core_acc component_id=6 lut_exp=1 scna_layout=0 scna_width=0 qo_len=4 kv_len=4096 n_heads=12 n_kv_heads=2 head_dim=128 kv_head=1 worker=0 block_r=0 block_c=3840 t0_us=260296049916 t1_us=260296049916 dur_us=0
FIG8_ATTENTION_EVENT mode=lut-exp layout=serial phase=warmup iteration=0 component=o_scale component_id=7 lut_exp=1 scna_layout=0 scna_width=0 qo_len=4 kv_len=4096 n_heads=12 n_kv_heads=2 head_dim=128 kv_head=1 worker=0 block_r=0 block_c=-1 t0_us=260296049917 t1_us=260296049919 dur_us=1
FIG8_ATTENTION_EVENT mode=lut-exp layout=serial phase=warmup iteration=0 component=o_store component_id=8 lut_exp=1 scna_layout=0 scna_width=0 qo_len=4 kv_len=4096 n_heads=12 n_kv_heads=2 head_dim=128 kv_head=1 worker=0 block_r=0 block_c=-1 t0_us=260296049919 t1_us=260296049921 dur_us=2
FIG8_ATTENTION_EVENT mode=lut-exp layout=serial phase=warmup iteration=0 component=q_load component_id=1 lut_exp=1 scna_layout=0 scna_width=0 qo_len=4 kv_len=4096 n_heads=12 n_kv_heads=2 head_dim=128 kv_head=0 worker=0 block_r=0 block_c=-1 t0_us=260296049965 t1_us=260296049967 dur_us=1
FIG8_ATTENTION_EVENT mode=lut-exp layout=serial phase=warmup iteration=0 component=k_load component_id=2 lut_exp=1 scna_layout=0 scna_width=0 qo_len=4 kv_len=4096 n_heads=12 n_kv_heads=2 head_dim=128 kv_head=0 worker=0 block_r=0 block_c=0 t0_us=260296049968 t1_us=260296049989 dur_us=20
FIG8_ATTENTION_EVENT mode=lut-exp layout=serial phase=warmup iteration=0 component=qk_dot component_id=4 lut_exp=1 scna_layout=0 scna_width=0 qo_len=4 kv_len=4096 n_heads=12 n_kv_heads=2 head_dim=128 kv_head=0 worker=0 block_r=0 block_c=0 t0_us=260296049989 t1_us=260296049990 dur_us=0
FIG8_ATTENTION_EVENT mode=lut-exp layout=serial phase=warmup iteration=0 component=safe_sm component_id=5 lut_exp=1 scna_layout=0 scna_width=0 qo_len=4 kv_len=4096 n_heads=12 n_kv_heads=2 head_dim=128 kv_head=0 worker=0 block_r=0 block_c=0 t0_us=260296049990 t1_us=260296050014 dur_us=23
FIG8_ATTENTION_EVENT mode=lut-exp layout=serial phase=warmup iteration=0 component=v_load component_id=3 lut_exp=1 scna_layout=0 scna_width=0 qo_len=4 kv_len=4096 n_heads=12 n_kv_heads=2 head_dim=128 kv_head=0 worker=0 block_r=0 block_c=0 t0_us=260296050014 t1_us=260296050042 dur_us=27
FIG8_ATTENTION_EVENT mode=lut-exp layout=serial phase=warmup iteration=0 component=core_acc component_id=6 lut_exp=1 scna_layout=0 scna_width=0 qo_len=4 kv_len=4096 n_heads=12 n_kv_heads=2 head_dim=128 kv_head=0 worker=0 block_r=0 block_c=0 t0_us=260296050043 t1_us=260296050046 dur_us=2
FIG8_ATTENTION_EVENT mode=lut-exp layout=serial phase=warmup iteration=0 component=k_load component_id=2 lut_exp=1 scna_layout=0 scna_width=0 qo_len=4 kv_len=4096 n_heads=12 n_kv_heads=2 head_dim=128 kv_head=0 worker=0 block_r=0 block_c=1280 t0_us=260296050046 t1_us=260296050067 dur_us=20
FIG8_ATTENTION_EVENT mode=lut-exp layout=serial phase=warmup iteration=0 component=qk_dot component_id=4 lut_exp=1 scna_layout=0 scna_width=0 qo_len=4 kv_len=4096 n_heads=12 n_kv_heads=2 head_dim=128 kv_head=0 worker=0 block_r=0 block_c=1280 t0_us=260296050067 t1_us=260296050067 dur_us=0
FIG8_ATTENTION_EVENT mode=lut-exp layout=serial phase=warmup iteration=0 component=safe_sm component_id=5 lut_exp=1 scna_layout=0 scna_width=0 qo_len=4 kv_len=4096 n_heads=12 n_kv_heads=2 head_dim=128 kv_head=0 worker=0 block_r=0 block_c=1280 t0_us=260296050067 t1_us=260296050088 dur_us=20
FIG8_ATTENTION_EVENT mode=lut-exp layout=serial phase=warmup iteration=0 component=v_load component_id=3 lut_exp=1 scna_layout=0 scna_width=0 qo_len=4 kv_len=4096 n_heads=12 n_kv_heads=2 head_dim=128 kv_head=0 worker=0 block_r=0 block_c=1280 t0_us=260296050088 t1_us=260296050121 dur_us=33
FIG8_ATTENTION_EVENT mode=lut-exp layout=serial phase=warmup iteration=0 component=core_acc component_id=6 lut_exp=1 scna_layout=0 scna_width=0 qo_len=4 kv_len=4096 n_heads=12 n_kv_heads=2 head_dim=128 kv_head=0 worker=0 block_r=0 block_c=1280 t0_us=260296050121 t1_us=260296050122 dur_us=0
FIG8_ATTENTION_EVENT mode=lut-exp layout=serial phase=warmup iteration=0 component=k_load component_id=2 lut_exp=1 scna_layout=0 scna_width=0 qo_len=4 kv_len=4096 n_heads=12 n_kv_heads=2 head_dim=128 kv_head=0 worker=0 block_r=0 block_c=2560 t0_us=260296050122 t1_us=260296050141 dur_us=19
FIG8_ATTENTION_EVENT mode=lut-exp layout=serial phase=warmup iteration=0 component=qk_dot component_id=4 lut_exp=1 scna_layout=0 scna_width=0 qo_len=4 kv_len=4096 n_heads=12 n_kv_heads=2 head_dim=128 kv_head=0 worker=0 block_r=0 block_c=2560 t0_us=260296050141 t1_us=260296050141 dur_us=0
FIG8_ATTENTION_EVENT mode=lut-exp layout=serial phase=warmup iteration=0 component=safe_sm component_id=5 lut_exp=1 scna_layout=0 scna_width=0 qo_len=4 kv_len=4096 n_heads=12 n_kv_heads=2 head_dim=128 kv_head=0 worker=0 block_r=0 block_c=2560 t0_us=260296050142 t1_us=260296050163 dur_us=21
FIG8_ATTENTION_EVENT mode=lut-exp layout=serial phase=warmup iteration=0 component=v_load component_id=3 lut_exp=1 scna_layout=0 scna_width=0 qo_len=4 kv_len=4096 n_heads=12 n_kv_heads=2 head_dim=128 kv_head=0 worker=0 block_r=0 block_c=2560 t0_us=260296050163 t1_us=260296050206 dur_us=43
FIG8_ATTENTION_EVENT mode=lut-exp layout=serial phase=warmup iteration=0 component=core_acc component_id=6 lut_exp=1 scna_layout=0 scna_width=0 qo_len=4 kv_len=4096 n_heads=12 n_kv_heads=2 head_dim=128 kv_head=0 worker=0 block_r=0 block_c=2560 t0_us=260296050207 t1_us=260296050207 dur_us=0
FIG8_ATTENTION_EVENT mode=lut-exp layout=serial phase=warmup iteration=0 component=k_load component_id=2 lut_exp=1 scna_layout=0 scna_width=0 qo_len=4 kv_len=4096 n_heads=12 n_kv_heads=2 head_dim=128 kv_head=0 worker=0 block_r=0 block_c=3840 t0_us=260296050207 t1_us=260296050212 dur_us=4
FIG8_ATTENTION_EVENT mode=lut-exp layout=serial phase=warmup iteration=0 component=qk_dot component_id=4 lut_exp=1 scna_layout=0 scna_width=0 qo_len=4 kv_len=4096 n_heads=12 n_kv_heads=2 head_dim=128 kv_head=0 worker=0 block_r=0 block_c=3840 t0_us=260296050212 t1_us=260296050212 dur_us=0
FIG8_ATTENTION_EVENT mode=lut-exp layout=serial phase=warmup iteration=0 component=safe_sm component_id=5 lut_exp=1 scna_layout=0 scna_width=0 qo_len=4 kv_len=4096 n_heads=12 n_kv_heads=2 head_dim=128 kv_head=0 worker=0 block_r=0 block_c=3840 t0_us=260296050212 t1_us=260296050219 dur_us=6
FIG8_ATTENTION_EVENT mode=lut-exp layout=serial phase=warmup iteration=0 component=v_load component_id=3 lut_exp=1 scna_layout=0 scna_width=0 qo_len=4 kv_len=4096 n_heads=12 n_kv_heads=2 head_dim=128 kv_head=0 worker=0 block_r=0 block_c=3840 t0_us=260296050219 t1_us=260296050221 dur_us=2
FIG8_ATTENTION_EVENT mode=lut-exp layout=serial phase=warmup iteration=0 component=core_acc component_id=6 lut_exp=1 scna_layout=0 scna_width=0 qo_len=4 kv_len=4096 n_heads=12 n_kv_heads=2 head_dim=128 kv_head=0 worker=0 block_r=0 block_c=3840 t0_us=260296050221 t1_us=260296050221 dur_us=0
FIG8_ATTENTION_EVENT mode=lut-exp layout=serial phase=warmup iteration=0 component=o_scale component_id=7 lut_exp=1 scna_layout=0 scna_width=0 qo_len=4 kv_len=4096 n_heads=12 n_kv_heads=2 head_dim=128 kv_head=0 worker=0 block_r=0 block_c=-1 t0_us=260296050222 t1_us=260296050223 dur_us=1
FIG8_ATTENTION_EVENT mode=lut-exp layout=serial phase=warmup iteration=0 component=o_store component_id=8 lut_exp=1 scna_layout=0 scna_width=0 qo_len=4 kv_len=4096 n_heads=12 n_kv_heads=2 head_dim=128 kv_head=0 worker=0 block_r=0 block_c=-1 t0_us=260296050223 t1_us=260296050225 dur_us=2
FIG8_ATTENTION_EVENT mode=lut-exp layout=serial phase=warmup iteration=0 component=q_load component_id=1 lut_exp=1 scna_layout=0 scna_width=0 qo_len=4 kv_len=4096 n_heads=12 n_kv_heads=2 head_dim=128 kv_head=1 worker=0 block_r=0 block_c=-1 t0_us=260296050270 t1_us=260296050272 dur_us=1
FIG8_ATTENTION_EVENT mode=lut-exp layout=serial phase=warmup iteration=0 component=k_load component_id=2 lut_exp=1 scna_layout=0 scna_width=0 qo_len=4 kv_len=4096 n_heads=12 n_kv_heads=2 head_dim=128 kv_head=1 worker=0 block_r=0 block_c=0 t0_us=260296050274 t1_us=260296050296 dur_us=21
FIG8_ATTENTION_EVENT mode=lut-exp layout=serial phase=warmup iteration=0 component=qk_dot component_id=4 lut_exp=1 scna_layout=0 scna_width=0 qo_len=4 kv_len=4096 n_heads=12 n_kv_heads=2 head_dim=128 kv_head=1 worker=0 block_r=0 block_c=0 t0_us=260296050296 t1_us=260296050298 dur_us=1
FIG8_ATTENTION_EVENT mode=lut-exp layout=serial phase=warmup iteration=0 component=safe_sm component_id=5 lut_exp=1 scna_layout=0 scna_width=0 qo_len=4 kv_len=4096 n_heads=12 n_kv_heads=2 head_dim=128 kv_head=1 worker=0 block_r=0 block_c=0 t0_us=260296050298 t1_us=260296050319 dur_us=20
FIG8_ATTENTION_EVENT mode=lut-exp layout=serial phase=warmup iteration=0 component=v_load component_id=3 lut_exp=1 scna_layout=0 scna_width=0 qo_len=4 kv_len=4096 n_heads=12 n_kv_heads=2 head_dim=128 kv_head=1 worker=0 block_r=0 block_c=0 t0_us=260296050319 t1_us=260296050344 dur_us=24
FIG8_ATTENTION_EVENT mode=lut-exp layout=serial phase=warmup iteration=0 component=core_acc component_id=6 lut_exp=1 scna_layout=0 scna_width=0 qo_len=4 kv_len=4096 n_heads=12 n_kv_heads=2 head_dim=128 kv_head=1 worker=0 block_r=0 block_c=0 t0_us=260296050344 t1_us=260296050347 dur_us=2
FIG8_ATTENTION_EVENT mode=lut-exp layout=serial phase=warmup iteration=0 component=k_load component_id=2 lut_exp=1 scna_layout=0 scna_width=0 qo_len=4 kv_len=4096 n_heads=12 n_kv_heads=2 head_dim=128 kv_head=1 worker=0 block_r=0 block_c=1280 t0_us=260296050348 t1_us=260296050374 dur_us=25
FIG8_ATTENTION_EVENT mode=lut-exp layout=serial phase=warmup iteration=0 component=qk_dot component_id=4 lut_exp=1 scna_layout=0 scna_width=0 qo_len=4 kv_len=4096 n_heads=12 n_kv_heads=2 head_dim=128 kv_head=1 worker=0 block_r=0 block_c=1280 t0_us=260296050374 t1_us=260296050374 dur_us=0
FIG8_ATTENTION_EVENT mode=lut-exp layout=serial phase=warmup iteration=0 component=safe_sm component_id=5 lut_exp=1 scna_layout=0 scna_width=0 qo_len=4 kv_len=4096 n_heads=12 n_kv_heads=2 head_dim=128 kv_head=1 worker=0 block_r=0 block_c=1280 t0_us=260296050375 t1_us=260296050396 dur_us=21
FIG8_ATTENTION_EVENT mode=lut-exp layout=serial phase=warmup iteration=0 component=v_load component_id=3 lut_exp=1 scna_layout=0 scna_width=0 qo_len=4 kv_len=4096 n_heads=12 n_kv_heads=2 head_dim=128 kv_head=1 worker=0 block_r=0 block_c=1280 t0_us=260296050396 t1_us=260296050435 dur_us=39
FIG8_ATTENTION_EVENT mode=lut-exp layout=serial phase=warmup iteration=0 component=core_acc component_id=6 lut_exp=1 scna_layout=0 scna_width=0 qo_len=4 kv_len=4096 n_heads=12 n_kv_heads=2 head_dim=128 kv_head=1 worker=0 block_r=0 block_c=1280 t0_us=260296050435 t1_us=260296050435 dur_us=0
FIG8_ATTENTION_EVENT mode=lut-exp layout=serial phase=warmup iteration=0 component=k_load component_id=2 lut_exp=1 scna_layout=0 scna_width=0 qo_len=4 kv_len=4096 n_heads=12 n_kv_heads=2 head_dim=128 kv_head=1 worker=0 block_r=0 block_c=2560 t0_us=260296050436 t1_us=260296050456 dur_us=20
FIG8_ATTENTION_EVENT mode=lut-exp layout=serial phase=warmup iteration=0 component=qk_dot component_id=4 lut_exp=1 scna_layout=0 scna_width=0 qo_len=4 kv_len=4096 n_heads=12 n_kv_heads=2 head_dim=128 kv_head=1 worker=0 block_r=0 block_c=2560 t0_us=260296050456 t1_us=260296050456 dur_us=0
FIG8_ATTENTION_EVENT mode=lut-exp layout=serial phase=warmup iteration=0 component=safe_sm component_id=5 lut_exp=1 scna_layout=0 scna_width=0 qo_len=4 kv_len=4096 n_heads=12 n_kv_heads=2 head_dim=128 kv_head=1 worker=0 block_r=0 block_c=2560 t0_us=260296050456 t1_us=260296050478 dur_us=21
FIG8_ATTENTION_EVENT mode=lut-exp layout=serial phase=warmup iteration=0 component=v_load component_id=3 lut_exp=1 scna_layout=0 scna_width=0 qo_len=4 kv_len=4096 n_heads=12 n_kv_heads=2 head_dim=128 kv_head=1 worker=0 block_r=0 block_c=2560 t0_us=260296050478 t1_us=260296050520 dur_us=41
FIG8_ATTENTION_EVENT mode=lut-exp layout=serial phase=warmup iteration=0 component=core_acc component_id=6 lut_exp=1 scna_layout=0 scna_width=0 qo_len=4 kv_len=4096 n_heads=12 n_kv_heads=2 head_dim=128 kv_head=1 worker=0 block_r=0 block_c=2560 t0_us=260296050520 t1_us=260296050521 dur_us=0
FIG8_ATTENTION_EVENT mode=lut-exp layout=serial phase=warmup iteration=0 component=k_load component_id=2 lut_exp=1 scna_layout=0 scna_width=0 qo_len=4 kv_len=4096 n_heads=12 n_kv_heads=2 head_dim=128 kv_head=1 worker=0 block_r=0 block_c=3840 t0_us=260296050521 t1_us=260296050525 dur_us=4
FIG8_ATTENTION_EVENT mode=lut-exp layout=serial phase=warmup iteration=0 component=qk_dot component_id=4 lut_exp=1 scna_layout=0 scna_width=0 qo_len=4 kv_len=4096 n_heads=12 n_kv_heads=2 head_dim=128 kv_head=1 worker=0 block_r=0 block_c=3840 t0_us=260296050525 t1_us=260296050525 dur_us=0
FIG8_ATTENTION_EVENT mode=lut-exp layout=serial phase=warmup iteration=0 component=safe_sm component_id=5 lut_exp=1 scna_layout=0 scna_width=0 qo_len=4 kv_len=4096 n_heads=12 n_kv_heads=2 head_dim=128 kv_head=1 worker=0 block_r=0 block_c=3840 t0_us=260296050525 t1_us=260296050532 dur_us=6
FIG8_ATTENTION_EVENT mode=lut-exp layout=serial phase=warmup iteration=0 component=v_load component_id=3 lut_exp=1 scna_layout=0 scna_width=0 qo_len=4 kv_len=4096 n_heads=12 n_kv_heads=2 head_dim=128 kv_head=1 worker=0 block_r=0 block_c=3840 t0_us=260296050532 t1_us=260296050535 dur_us=2
FIG8_ATTENTION_EVENT mode=lut-exp layout=serial phase=warmup iteration=0 component=core_acc component_id=6 lut_exp=1 scna_layout=0 scna_width=0 qo_len=4 kv_len=4096 n_heads=12 n_kv_heads=2 head_dim=128 kv_head=1 worker=0 block_r=0 block_c=3840 t0_us=260296050535 t1_us=260296050535 dur_us=0
FIG8_ATTENTION_EVENT mode=lut-exp layout=serial phase=warmup iteration=0 component=o_scale component_id=7 lut_exp=1 scna_layout=0 scna_width=0 qo_len=4 kv_len=4096 n_heads=12 n_kv_heads=2 head_dim=128 kv_head=1 worker=0 block_r=0 block_c=-1 t0_us=260296050536 t1_us=260296050537 dur_us=1
FIG8_ATTENTION_EVENT mode=lut-exp layout=serial phase=warmup iteration=0 component=o_store component_id=8 lut_exp=1 scna_layout=0 scna_width=0 qo_len=4 kv_len=4096 n_heads=12 n_kv_heads=2 head_dim=128 kv_head=1 worker=0 block_r=0 block_c=-1 t0_us=260296050538 t1_us=260296050540 dur_us=2
FIG8_ATTENTION_EVENT mode=lut-exp layout=serial phase=warmup iteration=0 component=q_load component_id=1 lut_exp=1 scna_layout=0 scna_width=0 qo_len=4 kv_len=4096 n_heads=12 n_kv_heads=2 head_dim=128 kv_head=0 worker=0 block_r=0 block_c=-1 t0_us=260296050584 t1_us=260296050586 dur_us=1
FIG8_ATTENTION_EVENT mode=lut-exp layout=serial phase=warmup iteration=0 component=k_load component_id=2 lut_exp=1 scna_layout=0 scna_width=0 qo_len=4 kv_len=4096 n_heads=12 n_kv_heads=2 head_dim=128 kv_head=0 worker=0 block_r=0 block_c=0 t0_us=260296050587 t1_us=260296050608 dur_us=20
FIG8_ATTENTION_EVENT mode=lut-exp layout=serial phase=warmup iteration=0 component=qk_dot component_id=4 lut_exp=1 scna_layout=0 scna_width=0 qo_len=4 kv_len=4096 n_heads=12 n_kv_heads=2 head_dim=128 kv_head=0 worker=0 block_r=0 block_c=0 t0_us=260296050609 t1_us=260296050609 dur_us=0
FIG8_ATTENTION_EVENT mode=lut-exp layout=serial phase=warmup iteration=0 component=safe_sm component_id=5 lut_exp=1 scna_layout=0 scna_width=0 qo_len=4 kv_len=4096 n_heads=12 n_kv_heads=2 head_dim=128 kv_head=0 worker=0 block_r=0 block_c=0 t0_us=260296050610 t1_us=260296050632 dur_us=22
FIG8_ATTENTION_EVENT mode=lut-exp layout=serial phase=warmup iteration=0 component=v_load component_id=3 lut_exp=1 scna_layout=0 scna_width=0 qo_len=4 kv_len=4096 n_heads=12 n_kv_heads=2 head_dim=128 kv_head=0 worker=0 block_r=0 block_c=0 t0_us=260296050633 t1_us=260296050655 dur_us=22
FIG8_ATTENTION_EVENT mode=lut-exp layout=serial phase=warmup iteration=0 component=core_acc component_id=6 lut_exp=1 scna_layout=0 scna_width=0 qo_len=4 kv_len=4096 n_heads=12 n_kv_heads=2 head_dim=128 kv_head=0 worker=0 block_r=0 block_c=0 t0_us=260296050656 t1_us=260296050658 dur_us=2
FIG8_ATTENTION_EVENT mode=lut-exp layout=serial phase=warmup iteration=0 component=k_load component_id=2 lut_exp=1 scna_layout=0 scna_width=0 qo_len=4 kv_len=4096 n_heads=12 n_kv_heads=2 head_dim=128 kv_head=0 worker=0 block_r=0 block_c=1280 t0_us=260296050659 t1_us=260296050679 dur_us=20
FIG8_ATTENTION_EVENT mode=lut-exp layout=serial phase=warmup iteration=0 component=qk_dot component_id=4 lut_exp=1 scna_layout=0 scna_width=0 qo_len=4 kv_len=4096 n_heads=12 n_kv_heads=2 head_dim=128 kv_head=0 worker=0 block_r=0 block_c=1280 t0_us=260296050679 t1_us=260296050680 dur_us=0
FIG8_ATTENTION_EVENT mode=lut-exp layout=serial phase=warmup iteration=0 component=safe_sm component_id=5 lut_exp=1 scna_layout=0 scna_width=0 qo_len=4 kv_len=4096 n_heads=12 n_kv_heads=2 head_dim=128 kv_head=0 worker=0 block_r=0 block_c=1280 t0_us=260296050680 t1_us=260296050700 dur_us=20
FIG8_ATTENTION_EVENT mode=lut-exp layout=serial phase=warmup iteration=0 component=v_load component_id=3 lut_exp=1 scna_layout=0 scna_width=0 qo_len=4 kv_len=4096 n_heads=12 n_kv_heads=2 head_dim=128 kv_head=0 worker=0 block_r=0 block_c=1280 t0_us=260296050700 t1_us=260296050732 dur_us=31
FIG8_ATTENTION_EVENT mode=lut-exp layout=serial phase=warmup iteration=0 component=core_acc component_id=6 lut_exp=1 scna_layout=0 scna_width=0 qo_len=4 kv_len=4096 n_heads=12 n_kv_heads=2 head_dim=128 kv_head=0 worker=0 block_r=0 block_c=1280 t0_us=260296050732 t1_us=260296050733 dur_us=0
FIG8_ATTENTION_EVENT mode=lut-exp layout=serial phase=warmup iteration=0 component=k_load component_id=2 lut_exp=1 scna_layout=0 scna_width=0 qo_len=4 kv_len=4096 n_heads=12 n_kv_heads=2 head_dim=128 kv_head=0 worker=0 block_r=0 block_c=2560 t0_us=260296050733 t1_us=260296050753 dur_us=20
FIG8_ATTENTION_EVENT mode=lut-exp layout=serial phase=warmup iteration=0 component=qk_dot component_id=4 lut_exp=1 scna_layout=0 scna_width=0 qo_len=4 kv_len=4096 n_heads=12 n_kv_heads=2 head_dim=128 kv_head=0 worker=0 block_r=0 block_c=2560 t0_us=260296050753 t1_us=260296050753 dur_us=0
FIG8_ATTENTION_EVENT mode=lut-exp layout=serial phase=warmup iteration=0 component=safe_sm component_id=5 lut_exp=1 scna_layout=0 scna_width=0 qo_len=4 kv_len=4096 n_heads=12 n_kv_heads=2 head_dim=128 kv_head=0 worker=0 block_r=0 block_c=2560 t0_us=260296050754 t1_us=260296050775 dur_us=21
FIG8_ATTENTION_EVENT mode=lut-exp layout=serial phase=warmup iteration=0 component=v_load component_id=3 lut_exp=1 scna_layout=0 scna_width=0 qo_len=4 kv_len=4096 n_heads=12 n_kv_heads=2 head_dim=128 kv_head=0 worker=0 block_r=0 block_c=2560 t0_us=260296050775 t1_us=260296050818 dur_us=42
FIG8_ATTENTION_EVENT mode=lut-exp layout=serial phase=warmup iteration=0 component=core_acc component_id=6 lut_exp=1 scna_layout=0 scna_width=0 qo_len=4 kv_len=4096 n_heads=12 n_kv_heads=2 head_dim=128 kv_head=0 worker=0 block_r=0 block_c=2560 t0_us=260296050818 t1_us=260296050819 dur_us=0
FIG8_ATTENTION_EVENT mode=lut-exp layout=serial phase=warmup iteration=0 component=k_load component_id=2 lut_exp=1 scna_layout=0 scna_width=0 qo_len=4 kv_len=4096 n_heads=12 n_kv_heads=2 head_dim=128 kv_head=0 worker=0 block_r=0 block_c=3840 t0_us=260296050819 t1_us=260296050823 dur_us=4
FIG8_ATTENTION_EVENT mode=lut-exp layout=serial phase=warmup iteration=0 component=qk_dot component_id=4 lut_exp=1 scna_layout=0 scna_width=0 qo_len=4 kv_len=4096 n_heads=12 n_kv_heads=2 head_dim=128 kv_head=0 worker=0 block_r=0 block_c=3840 t0_us=260296050823 t1_us=260296050823 dur_us=0
FIG8_ATTENTION_EVENT mode=lut-exp layout=serial phase=warmup iteration=0 component=safe_sm component_id=5 lut_exp=1 scna_layout=0 scna_width=0 qo_len=4 kv_len=4096 n_heads=12 n_kv_heads=2 head_dim=128 kv_head=0 worker=0 block_r=0 block_c=3840 t0_us=260296050823 t1_us=260296050830 dur_us=6
FIG8_ATTENTION_EVENT mode=lut-exp layout=serial phase=warmup iteration=0 component=v_load component_id=3 lut_exp=1 scna_layout=0 scna_width=0 qo_len=4 kv_len=4096 n_heads=12 n_kv_heads=2 head_dim=128 kv_head=0 worker=0 block_r=0 block_c=3840 t0_us=260296050830 t1_us=260296050832 dur_us=2
FIG8_ATTENTION_EVENT mode=lut-exp layout=serial phase=warmup iteration=0 component=core_acc component_id=6 lut_exp=1 scna_layout=0 scna_width=0 qo_len=4 kv_len=4096 n_heads=12 n_kv_heads=2 head_dim=128 kv_head=0 worker=0 block_r=0 block_c=3840 t0_us=260296050832 t1_us=260296050833 dur_us=0
FIG8_ATTENTION_EVENT mode=lut-exp layout=serial phase=warmup iteration=0 component=o_scale component_id=7 lut_exp=1 scna_layout=0 scna_width=0 qo_len=4 kv_len=4096 n_heads=12 n_kv_heads=2 head_dim=128 kv_head=0 worker=0 block_r=0 block_c=-1 t0_us=260296050833 t1_us=260296050834 dur_us=1
FIG8_ATTENTION_EVENT mode=lut-exp layout=serial phase=warmup iteration=0 component=o_store component_id=8 lut_exp=1 scna_layout=0 scna_width=0 qo_len=4 kv_len=4096 n_heads=12 n_kv_heads=2 head_dim=128 kv_head=0 worker=0 block_r=0 block_c=-1 t0_us=260296050835 t1_us=260296050838 dur_us=3
FIG8_ATTENTION_EVENT mode=lut-exp layout=serial phase=warmup iteration=0 component=q_load component_id=1 lut_exp=1 scna_layout=0 scna_width=0 qo_len=4 kv_len=4096 n_heads=12 n_kv_heads=2 head_dim=128 kv_head=1 worker=0 block_r=0 block_c=-1 t0_us=260296050882 t1_us=260296050884 dur_us=1
FIG8_ATTENTION_EVENT mode=lut-exp layout=serial phase=warmup iteration=0 component=k_load component_id=2 lut_exp=1 scna_layout=0 scna_width=0 qo_len=4 kv_len=4096 n_heads=12 n_kv_heads=2 head_dim=128 kv_head=1 worker=0 block_r=0 block_c=0 t0_us=260296050885 t1_us=260296050906 dur_us=20
FIG8_ATTENTION_EVENT mode=lut-exp layout=serial phase=warmup iteration=0 component=qk_dot component_id=4 lut_exp=1 scna_layout=0 scna_width=0 qo_len=4 kv_len=4096 n_heads=12 n_kv_heads=2 head_dim=128 kv_head=1 worker=0 block_r=0 block_c=0 t0_us=260296050907 t1_us=260296050908 dur_us=1
FIG8_ATTENTION_EVENT mode=lut-exp layout=serial phase=warmup iteration=0 component=safe_sm component_id=5 lut_exp=1 scna_layout=0 scna_width=0 qo_len=4 kv_len=4096 n_heads=12 n_kv_heads=2 head_dim=128 kv_head=1 worker=0 block_r=0 block_c=0 t0_us=260296050908 t1_us=260296050929 dur_us=21
FIG8_ATTENTION_EVENT mode=lut-exp layout=serial phase=warmup iteration=0 component=v_load component_id=3 lut_exp=1 scna_layout=0 scna_width=0 qo_len=4 kv_len=4096 n_heads=12 n_kv_heads=2 head_dim=128 kv_head=1 worker=0 block_r=0 block_c=0 t0_us=260296050930 t1_us=260296050952 dur_us=22
FIG8_ATTENTION_EVENT mode=lut-exp layout=serial phase=warmup iteration=0 component=core_acc component_id=6 lut_exp=1 scna_layout=0 scna_width=0 qo_len=4 kv_len=4096 n_heads=12 n_kv_heads=2 head_dim=128 kv_head=1 worker=0 block_r=0 block_c=0 t0_us=260296050952 t1_us=260296050954 dur_us=1
FIG8_ATTENTION_EVENT mode=lut-exp layout=serial phase=warmup iteration=0 component=k_load component_id=2 lut_exp=1 scna_layout=0 scna_width=0 qo_len=4 kv_len=4096 n_heads=12 n_kv_heads=2 head_dim=128 kv_head=1 worker=0 block_r=0 block_c=1280 t0_us=260296050954 t1_us=260296050975 dur_us=20
FIG8_ATTENTION_EVENT mode=lut-exp layout=serial phase=warmup iteration=0 component=qk_dot component_id=4 lut_exp=1 scna_layout=0 scna_width=0 qo_len=4 kv_len=4096 n_heads=12 n_kv_heads=2 head_dim=128 kv_head=1 worker=0 block_r=0 block_c=1280 t0_us=260296050975 t1_us=260296050975 dur_us=0
FIG8_ATTENTION_EVENT mode=lut-exp layout=serial phase=warmup iteration=0 component=safe_sm component_id=5 lut_exp=1 scna_layout=0 scna_width=0 qo_len=4 kv_len=4096 n_heads=12 n_kv_heads=2 head_dim=128 kv_head=1 worker=0 block_r=0 block_c=1280 t0_us=260296050975 t1_us=260296050997 dur_us=21
FIG8_ATTENTION_EVENT mode=lut-exp layout=serial phase=warmup iteration=0 component=v_load component_id=3 lut_exp=1 scna_layout=0 scna_width=0 qo_len=4 kv_len=4096 n_heads=12 n_kv_heads=2 head_dim=128 kv_head=1 worker=0 block_r=0 block_c=1280 t0_us=260296050997 t1_us=260296051041 dur_us=43
FIG8_ATTENTION_EVENT mode=lut-exp layout=serial phase=warmup iteration=0 component=core_acc component_id=6 lut_exp=1 scna_layout=0 scna_width=0 qo_len=4 kv_len=4096 n_heads=12 n_kv_heads=2 head_dim=128 kv_head=1 worker=0 block_r=0 block_c=1280 t0_us=260296051041 t1_us=260296051042 dur_us=0
FIG8_ATTENTION_EVENT mode=lut-exp layout=serial phase=warmup iteration=0 component=k_load component_id=2 lut_exp=1 scna_layout=0 scna_width=0 qo_len=4 kv_len=4096 n_heads=12 n_kv_heads=2 head_dim=128 kv_head=1 worker=0 block_r=0 block_c=2560 t0_us=260296051042 t1_us=260296051059 dur_us=17
FIG8_ATTENTION_EVENT mode=lut-exp layout=serial phase=warmup iteration=0 component=qk_dot component_id=4 lut_exp=1 scna_layout=0 scna_width=0 qo_len=4 kv_len=4096 n_heads=12 n_kv_heads=2 head_dim=128 kv_head=1 worker=0 block_r=0 block_c=2560 t0_us=260296051059 t1_us=260296051060 dur_us=0
FIG8_ATTENTION_EVENT mode=lut-exp layout=serial phase=warmup iteration=0 component=safe_sm component_id=5 lut_exp=1 scna_layout=0 scna_width=0 qo_len=4 kv_len=4096 n_heads=12 n_kv_heads=2 head_dim=128 kv_head=1 worker=0 block_r=0 block_c=2560 t0_us=260296051060 t1_us=260296051081 dur_us=21
FIG8_ATTENTION_EVENT mode=lut-exp layout=serial phase=warmup iteration=0 component=v_load component_id=3 lut_exp=1 scna_layout=0 scna_width=0 qo_len=4 kv_len=4096 n_heads=12 n_kv_heads=2 head_dim=128 kv_head=1 worker=0 block_r=0 block_c=2560 t0_us=260296051081 t1_us=260296051127 dur_us=45
FIG8_ATTENTION_EVENT mode=lut-exp layout=serial phase=warmup iteration=0 component=core_acc component_id=6 lut_exp=1 scna_layout=0 scna_width=0 qo_len=4 kv_len=4096 n_heads=12 n_kv_heads=2 head_dim=128 kv_head=1 worker=0 block_r=0 block_c=2560 t0_us=260296051127 t1_us=260296051127 dur_us=0
FIG8_ATTENTION_EVENT mode=lut-exp layout=serial phase=warmup iteration=0 component=k_load component_id=2 lut_exp=1 scna_layout=0 scna_width=0 qo_len=4 kv_len=4096 n_heads=12 n_kv_heads=2 head_dim=128 kv_head=1 worker=0 block_r=0 block_c=3840 t0_us=260296051127 t1_us=260296051132 dur_us=4
FIG8_ATTENTION_EVENT mode=lut-exp layout=serial phase=warmup iteration=0 component=qk_dot component_id=4 lut_exp=1 scna_layout=0 scna_width=0 qo_len=4 kv_len=4096 n_heads=12 n_kv_heads=2 head_dim=128 kv_head=1 worker=0 block_r=0 block_c=3840 t0_us=260296051132 t1_us=260296051132 dur_us=0
FIG8_ATTENTION_EVENT mode=lut-exp layout=serial phase=warmup iteration=0 component=safe_sm component_id=5 lut_exp=1 scna_layout=0 scna_width=0 qo_len=4 kv_len=4096 n_heads=12 n_kv_heads=2 head_dim=128 kv_head=1 worker=0 block_r=0 block_c=3840 t0_us=260296051132 t1_us=260296051139 dur_us=6
FIG8_ATTENTION_EVENT mode=lut-exp layout=serial phase=warmup iteration=0 component=v_load component_id=3 lut_exp=1 scna_layout=0 scna_width=0 qo_len=4 kv_len=4096 n_heads=12 n_kv_heads=2 head_dim=128 kv_head=1 worker=0 block_r=0 block_c=3840 t0_us=260296051139 t1_us=260296051141 dur_us=2
FIG8_ATTENTION_EVENT mode=lut-exp layout=serial phase=warmup iteration=0 component=core_acc component_id=6 lut_exp=1 scna_layout=0 scna_width=0 qo_len=4 kv_len=4096 n_heads=12 n_kv_heads=2 head_dim=128 kv_head=1 worker=0 block_r=0 block_c=3840 t0_us=260296051141 t1_us=260296051141 dur_us=0
FIG8_ATTENTION_EVENT mode=lut-exp layout=serial phase=warmup iteration=0 component=o_scale component_id=7 lut_exp=1 scna_layout=0 scna_width=0 qo_len=4 kv_len=4096 n_heads=12 n_kv_heads=2 head_dim=128 kv_head=1 worker=0 block_r=0 block_c=-1 t0_us=260296051142 t1_us=260296051143 dur_us=1
FIG8_ATTENTION_EVENT mode=lut-exp layout=serial phase=warmup iteration=0 component=o_store component_id=8 lut_exp=1 scna_layout=0 scna_width=0 qo_len=4 kv_len=4096 n_heads=12 n_kv_heads=2 head_dim=128 kv_head=1 worker=0 block_r=0 block_c=-1 t0_us=260296051144 t1_us=260296051146 dur_us=2
FIG8_ATTENTION_EVENT mode=lut-exp layout=serial phase=warmup iteration=0 component=q_load component_id=1 lut_exp=1 scna_layout=0 scna_width=0 qo_len=4 kv_len=4096 n_heads=12 n_kv_heads=2 head_dim=128 kv_head=0 worker=0 block_r=0 block_c=-1 t0_us=260296051191 t1_us=260296051192 dur_us=1
FIG8_ATTENTION_EVENT mode=lut-exp layout=serial phase=warmup iteration=0 component=k_load component_id=2 lut_exp=1 scna_layout=0 scna_width=0 qo_len=4 kv_len=4096 n_heads=12 n_kv_heads=2 head_dim=128 kv_head=0 worker=0 block_r=0 block_c=0 t0_us=260296051194 t1_us=260296051214 dur_us=20
FIG8_ATTENTION_EVENT mode=lut-exp layout=serial phase=warmup iteration=0 component=qk_dot component_id=4 lut_exp=1 scna_layout=0 scna_width=0 qo_len=4 kv_len=4096 n_heads=12 n_kv_heads=2 head_dim=128 kv_head=0 worker=0 block_r=0 block_c=0 t0_us=260296051215 t1_us=260296051216 dur_us=0
FIG8_ATTENTION_EVENT mode=lut-exp layout=serial phase=warmup iteration=0 component=safe_sm component_id=5 lut_exp=1 scna_layout=0 scna_width=0 qo_len=4 kv_len=4096 n_heads=12 n_kv_heads=2 head_dim=128 kv_head=0 worker=0 block_r=0 block_c=0 t0_us=260296051217 t1_us=260296051238 dur_us=21
FIG8_ATTENTION_EVENT mode=lut-exp layout=serial phase=warmup iteration=0 component=v_load component_id=3 lut_exp=1 scna_layout=0 scna_width=0 qo_len=4 kv_len=4096 n_heads=12 n_kv_heads=2 head_dim=128 kv_head=0 worker=0 block_r=0 block_c=0 t0_us=260296051239 t1_us=260296051267 dur_us=28
FIG8_ATTENTION_EVENT mode=lut-exp layout=serial phase=warmup iteration=0 component=core_acc component_id=6 lut_exp=1 scna_layout=0 scna_width=0 qo_len=4 kv_len=4096 n_heads=12 n_kv_heads=2 head_dim=128 kv_head=0 worker=0 block_r=0 block_c=0 t0_us=260296051268 t1_us=260296051271 dur_us=3
FIG8_ATTENTION_EVENT mode=lut-exp layout=serial phase=warmup iteration=0 component=k_load component_id=2 lut_exp=1 scna_layout=0 scna_width=0 qo_len=4 kv_len=4096 n_heads=12 n_kv_heads=2 head_dim=128 kv_head=0 worker=0 block_r=0 block_c=1280 t0_us=260296051272 t1_us=260296051296 dur_us=23
FIG8_ATTENTION_EVENT mode=lut-exp layout=serial phase=warmup iteration=0 component=qk_dot component_id=4 lut_exp=1 scna_layout=0 scna_width=0 qo_len=4 kv_len=4096 n_heads=12 n_kv_heads=2 head_dim=128 kv_head=0 worker=0 block_r=0 block_c=1280 t0_us=260296051296 t1_us=260296051297 dur_us=0
FIG8_ATTENTION_EVENT mode=lut-exp layout=serial phase=warmup iteration=0 component=safe_sm component_id=5 lut_exp=1 scna_layout=0 scna_width=0 qo_len=4 kv_len=4096 n_heads=12 n_kv_heads=2 head_dim=128 kv_head=0 worker=0 block_r=0 block_c=1280 t0_us=260296051297 t1_us=260296051317 dur_us=20
FIG8_ATTENTION_EVENT mode=lut-exp layout=serial phase=warmup iteration=0 component=v_load component_id=3 lut_exp=1 scna_layout=0 scna_width=0 qo_len=4 kv_len=4096 n_heads=12 n_kv_heads=2 head_dim=128 kv_head=0 worker=0 block_r=0 block_c=1280 t0_us=260296051317 t1_us=260296051349 dur_us=31
FIG8_ATTENTION_EVENT mode=lut-exp layout=serial phase=warmup iteration=0 component=core_acc component_id=6 lut_exp=1 scna_layout=0 scna_width=0 qo_len=4 kv_len=4096 n_heads=12 n_kv_heads=2 head_dim=128 kv_head=0 worker=0 block_r=0 block_c=1280 t0_us=260296051349 t1_us=260296051350 dur_us=0
FIG8_ATTENTION_EVENT mode=lut-exp layout=serial phase=warmup iteration=0 component=k_load component_id=2 lut_exp=1 scna_layout=0 scna_width=0 qo_len=4 kv_len=4096 n_heads=12 n_kv_heads=2 head_dim=128 kv_head=0 worker=0 block_r=0 block_c=2560 t0_us=260296051350 t1_us=260296051370 dur_us=20
FIG8_ATTENTION_EVENT mode=lut-exp layout=serial phase=warmup iteration=0 component=qk_dot component_id=4 lut_exp=1 scna_layout=0 scna_width=0 qo_len=4 kv_len=4096 n_heads=12 n_kv_heads=2 head_dim=128 kv_head=0 worker=0 block_r=0 block_c=2560 t0_us=260296051371 t1_us=260296051371 dur_us=0
FIG8_ATTENTION_EVENT mode=lut-exp layout=serial phase=warmup iteration=0 component=safe_sm component_id=5 lut_exp=1 scna_layout=0 scna_width=0 qo_len=4 kv_len=4096 n_heads=12 n_kv_heads=2 head_dim=128 kv_head=0 worker=0 block_r=0 block_c=2560 t0_us=260296051371 t1_us=260296051393 dur_us=21
FIG8_ATTENTION_EVENT mode=lut-exp layout=serial phase=warmup iteration=0 component=v_load component_id=3 lut_exp=1 scna_layout=0 scna_width=0 qo_len=4 kv_len=4096 n_heads=12 n_kv_heads=2 head_dim=128 kv_head=0 worker=0 block_r=0 block_c=2560 t0_us=260296051393 t1_us=260296051431 dur_us=37
FIG8_ATTENTION_EVENT mode=lut-exp layout=serial phase=warmup iteration=0 component=core_acc component_id=6 lut_exp=1 scna_layout=0 scna_width=0 qo_len=4 kv_len=4096 n_heads=12 n_kv_heads=2 head_dim=128 kv_head=0 worker=0 block_r=0 block_c=2560 t0_us=260296051431 t1_us=260296051432 dur_us=0
FIG8_ATTENTION_EVENT mode=lut-exp layout=serial phase=warmup iteration=0 component=k_load component_id=2 lut_exp=1 scna_layout=0 scna_width=0 qo_len=4 kv_len=4096 n_heads=12 n_kv_heads=2 head_dim=128 kv_head=0 worker=0 block_r=0 block_c=3840 t0_us=260296051432 t1_us=260296051436 dur_us=4
FIG8_ATTENTION_EVENT mode=lut-exp layout=serial phase=warmup iteration=0 component=qk_dot component_id=4 lut_exp=1 scna_layout=0 scna_width=0 qo_len=4 kv_len=4096 n_heads=12 n_kv_heads=2 head_dim=128 kv_head=0 worker=0 block_r=0 block_c=3840 t0_us=260296051436 t1_us=260296051436 dur_us=0
FIG8_ATTENTION_EVENT mode=lut-exp layout=serial phase=warmup iteration=0 component=safe_sm component_id=5 lut_exp=1 scna_layout=0 scna_width=0 qo_len=4 kv_len=4096 n_heads=12 n_kv_heads=2 head_dim=128 kv_head=0 worker=0 block_r=0 block_c=3840 t0_us=260296051436 t1_us=260296051443 dur_us=6
FIG8_ATTENTION_EVENT mode=lut-exp layout=serial phase=warmup iteration=0 component=v_load component_id=3 lut_exp=1 scna_layout=0 scna_width=0 qo_len=4 kv_len=4096 n_heads=12 n_kv_heads=2 head_dim=128 kv_head=0 worker=0 block_r=0 block_c=3840 t0_us=260296051443 t1_us=260296051445 dur_us=2
FIG8_ATTENTION_EVENT mode=lut-exp layout=serial phase=warmup iteration=0 component=core_acc component_id=6 lut_exp=1 scna_layout=0 scna_width=0 qo_len=4 kv_len=4096 n_heads=12 n_kv_heads=2 head_dim=128 kv_head=0 worker=0 block_r=0 block_c=3840 t0_us=260296051446 t1_us=260296051446 dur_us=0
FIG8_ATTENTION_EVENT mode=lut-exp layout=serial phase=warmup iteration=0 component=o_scale component_id=7 lut_exp=1 scna_layout=0 scna_width=0 qo_len=4 kv_len=4096 n_heads=12 n_kv_heads=2 head_dim=128 kv_head=0 worker=0 block_r=0 block_c=-1 t0_us=260296051446 t1_us=260296051448 dur_us=2
FIG8_ATTENTION_EVENT mode=lut-exp layout=serial phase=warmup iteration=0 component=o_store component_id=8 lut_exp=1 scna_layout=0 scna_width=0 qo_len=4 kv_len=4096 n_heads=12 n_kv_heads=2 head_dim=128 kv_head=0 worker=0 block_r=0 block_c=-1 t0_us=260296051448 t1_us=260296051450 dur_us=2
FIG8_ATTENTION_EVENT mode=lut-exp layout=serial phase=warmup iteration=0 component=q_load component_id=1 lut_exp=1 scna_layout=0 scna_width=0 qo_len=4 kv_len=4096 n_heads=12 n_kv_heads=2 head_dim=128 kv_head=1 worker=0 block_r=0 block_c=-1 t0_us=260296051496 t1_us=260296051498 dur_us=1
FIG8_ATTENTION_EVENT mode=lut-exp layout=serial phase=warmup iteration=0 component=k_load component_id=2 lut_exp=1 scna_layout=0 scna_width=0 qo_len=4 kv_len=4096 n_heads=12 n_kv_heads=2 head_dim=128 kv_head=1 worker=0 block_r=0 block_c=0 t0_us=260296051500 t1_us=260296051521 dur_us=21
FIG8_ATTENTION_EVENT mode=lut-exp layout=serial phase=warmup iteration=0 component=qk_dot component_id=4 lut_exp=1 scna_layout=0 scna_width=0 qo_len=4 kv_len=4096 n_heads=12 n_kv_heads=2 head_dim=128 kv_head=1 worker=0 block_r=0 block_c=0 t0_us=260296051521 t1_us=260296051522 dur_us=1
FIG8_ATTENTION_EVENT mode=lut-exp layout=serial phase=warmup iteration=0 component=safe_sm component_id=5 lut_exp=1 scna_layout=0 scna_width=0 qo_len=4 kv_len=4096 n_heads=12 n_kv_heads=2 head_dim=128 kv_head=1 worker=0 block_r=0 block_c=0 t0_us=260296051523 t1_us=260296051544 dur_us=20
FIG8_ATTENTION_EVENT mode=lut-exp layout=serial phase=warmup iteration=0 component=v_load component_id=3 lut_exp=1 scna_layout=0 scna_width=0 qo_len=4 kv_len=4096 n_heads=12 n_kv_heads=2 head_dim=128 kv_head=1 worker=0 block_r=0 block_c=0 t0_us=260296051544 t1_us=260296051568 dur_us=23
FIG8_ATTENTION_EVENT mode=lut-exp layout=serial phase=warmup iteration=0 component=core_acc component_id=6 lut_exp=1 scna_layout=0 scna_width=0 qo_len=4 kv_len=4096 n_heads=12 n_kv_heads=2 head_dim=128 kv_head=1 worker=0 block_r=0 block_c=0 t0_us=260296051568 t1_us=260296051571 dur_us=2
FIG8_ATTENTION_EVENT mode=lut-exp layout=serial phase=warmup iteration=0 component=k_load component_id=2 lut_exp=1 scna_layout=0 scna_width=0 qo_len=4 kv_len=4096 n_heads=12 n_kv_heads=2 head_dim=128 kv_head=1 worker=0 block_r=0 block_c=1280 t0_us=260296051572 t1_us=260296051593 dur_us=21
FIG8_ATTENTION_EVENT mode=lut-exp layout=serial phase=warmup iteration=0 component=qk_dot component_id=4 lut_exp=1 scna_layout=0 scna_width=0 qo_len=4 kv_len=4096 n_heads=12 n_kv_heads=2 head_dim=128 kv_head=1 worker=0 block_r=0 block_c=1280 t0_us=260296051593 t1_us=260296051594 dur_us=0
FIG8_ATTENTION_EVENT mode=lut-exp layout=serial phase=warmup iteration=0 component=safe_sm component_id=5 lut_exp=1 scna_layout=0 scna_width=0 qo_len=4 kv_len=4096 n_heads=12 n_kv_heads=2 head_dim=128 kv_head=1 worker=0 block_r=0 block_c=1280 t0_us=260296051594 t1_us=260296051615 dur_us=21
FIG8_ATTENTION_EVENT mode=lut-exp layout=serial phase=warmup iteration=0 component=v_load component_id=3 lut_exp=1 scna_layout=0 scna_width=0 qo_len=4 kv_len=4096 n_heads=12 n_kv_heads=2 head_dim=128 kv_head=1 worker=0 block_r=0 block_c=1280 t0_us=260296051615 t1_us=260296051653 dur_us=38
FIG8_ATTENTION_EVENT mode=lut-exp layout=serial phase=warmup iteration=0 component=core_acc component_id=6 lut_exp=1 scna_layout=0 scna_width=0 qo_len=4 kv_len=4096 n_heads=12 n_kv_heads=2 head_dim=128 kv_head=1 worker=0 block_r=0 block_c=1280 t0_us=260296051653 t1_us=260296051654 dur_us=0
FIG8_ATTENTION_EVENT mode=lut-exp layout=serial phase=warmup iteration=0 component=k_load component_id=2 lut_exp=1 scna_layout=0 scna_width=0 qo_len=4 kv_len=4096 n_heads=12 n_kv_heads=2 head_dim=128 kv_head=1 worker=0 block_r=0 block_c=2560 t0_us=260296051654 t1_us=260296051674 dur_us=20
FIG8_ATTENTION_EVENT mode=lut-exp layout=serial phase=warmup iteration=0 component=qk_dot component_id=4 lut_exp=1 scna_layout=0 scna_width=0 qo_len=4 kv_len=4096 n_heads=12 n_kv_heads=2 head_dim=128 kv_head=1 worker=0 block_r=0 block_c=2560 t0_us=260296051674 t1_us=260296051674 dur_us=0
FIG8_ATTENTION_EVENT mode=lut-exp layout=serial phase=warmup iteration=0 component=safe_sm component_id=5 lut_exp=1 scna_layout=0 scna_width=0 qo_len=4 kv_len=4096 n_heads=12 n_kv_heads=2 head_dim=128 kv_head=1 worker=0 block_r=0 block_c=2560 t0_us=260296051675 t1_us=260296051696 dur_us=21
FIG8_ATTENTION_EVENT mode=lut-exp layout=serial phase=warmup iteration=0 component=v_load component_id=3 lut_exp=1 scna_layout=0 scna_width=0 qo_len=4 kv_len=4096 n_heads=12 n_kv_heads=2 head_dim=128 kv_head=1 worker=0 block_r=0 block_c=2560 t0_us=260296051696 t1_us=260296051739 dur_us=42
FIG8_ATTENTION_EVENT mode=lut-exp layout=serial phase=warmup iteration=0 component=core_acc component_id=6 lut_exp=1 scna_layout=0 scna_width=0 qo_len=4 kv_len=4096 n_heads=12 n_kv_heads=2 head_dim=128 kv_head=1 worker=0 block_r=0 block_c=2560 t0_us=260296051739 t1_us=260296051740 dur_us=0
FIG8_ATTENTION_EVENT mode=lut-exp layout=serial phase=warmup iteration=0 component=k_load component_id=2 lut_exp=1 scna_layout=0 scna_width=0 qo_len=4 kv_len=4096 n_heads=12 n_kv_heads=2 head_dim=128 kv_head=1 worker=0 block_r=0 block_c=3840 t0_us=260296051740 t1_us=260296051744 dur_us=4
FIG8_ATTENTION_EVENT mode=lut-exp layout=serial phase=warmup iteration=0 component=qk_dot component_id=4 lut_exp=1 scna_layout=0 scna_width=0 qo_len=4 kv_len=4096 n_heads=12 n_kv_heads=2 head_dim=128 kv_head=1 worker=0 block_r=0 block_c=3840 t0_us=260296051745 t1_us=260296051745 dur_us=0
FIG8_ATTENTION_EVENT mode=lut-exp layout=serial phase=warmup iteration=0 component=safe_sm component_id=5 lut_exp=1 scna_layout=0 scna_width=0 qo_len=4 kv_len=4096 n_heads=12 n_kv_heads=2 head_dim=128 kv_head=1 worker=0 block_r=0 block_c=3840 t0_us=260296051745 t1_us=260296051751 dur_us=6
FIG8_ATTENTION_EVENT mode=lut-exp layout=serial phase=warmup iteration=0 component=v_load component_id=3 lut_exp=1 scna_layout=0 scna_width=0 qo_len=4 kv_len=4096 n_heads=12 n_kv_heads=2 head_dim=128 kv_head=1 worker=0 block_r=0 block_c=3840 t0_us=260296051751 t1_us=260296051754 dur_us=2
FIG8_ATTENTION_EVENT mode=lut-exp layout=serial phase=warmup iteration=0 component=core_acc component_id=6 lut_exp=1 scna_layout=0 scna_width=0 qo_len=4 kv_len=4096 n_heads=12 n_kv_heads=2 head_dim=128 kv_head=1 worker=0 block_r=0 block_c=3840 t0_us=260296051754 t1_us=260296051754 dur_us=0
FIG8_ATTENTION_EVENT mode=lut-exp layout=serial phase=warmup iteration=0 component=o_scale component_id=7 lut_exp=1 scna_layout=0 scna_width=0 qo_len=4 kv_len=4096 n_heads=12 n_kv_heads=2 head_dim=128 kv_head=1 worker=0 block_r=0 block_c=-1 t0_us=260296051755 t1_us=260296051756 dur_us=1
FIG8_ATTENTION_EVENT mode=lut-exp layout=serial phase=warmup iteration=0 component=o_store component_id=8 lut_exp=1 scna_layout=0 scna_width=0 qo_len=4 kv_len=4096 n_heads=12 n_kv_heads=2 head_dim=128 kv_head=1 worker=0 block_r=0 block_c=-1 t0_us=260296051757 t1_us=260296051759 dur_us=2
FIG8_ATTENTION_EVENT mode=lut-exp layout=serial phase=warmup iteration=0 component=q_load component_id=1 lut_exp=1 scna_layout=0 scna_width=0 qo_len=4 kv_len=4096 n_heads=12 n_kv_heads=2 head_dim=128 kv_head=0 worker=0 block_r=0 block_c=-1 t0_us=260296051804 t1_us=260296051805 dur_us=1
FIG8_ATTENTION_EVENT mode=lut-exp layout=serial phase=warmup iteration=0 component=k_load component_id=2 lut_exp=1 scna_layout=0 scna_width=0 qo_len=4 kv_len=4096 n_heads=12 n_kv_heads=2 head_dim=128 kv_head=0 worker=0 block_r=0 block_c=0 t0_us=260296051807 t1_us=260296051827 dur_us=20
FIG8_ATTENTION_EVENT mode=lut-exp layout=serial phase=warmup iteration=0 component=qk_dot component_id=4 lut_exp=1 scna_layout=0 scna_width=0 qo_len=4 kv_len=4096 n_heads=12 n_kv_heads=2 head_dim=128 kv_head=0 worker=0 block_r=0 block_c=0 t0_us=260296051828 t1_us=260296051828 dur_us=0
FIG8_ATTENTION_EVENT mode=lut-exp layout=serial phase=warmup iteration=0 component=safe_sm component_id=5 lut_exp=1 scna_layout=0 scna_width=0 qo_len=4 kv_len=4096 n_heads=12 n_kv_heads=2 head_dim=128 kv_head=0 worker=0 block_r=0 block_c=0 t0_us=260296051829 t1_us=260296051850 dur_us=21
FIG8_ATTENTION_EVENT mode=lut-exp layout=serial phase=warmup iteration=0 component=v_load component_id=3 lut_exp=1 scna_layout=0 scna_width=0 qo_len=4 kv_len=4096 n_heads=12 n_kv_heads=2 head_dim=128 kv_head=0 worker=0 block_r=0 block_c=0 t0_us=260296051851 t1_us=260296051877 dur_us=26
FIG8_ATTENTION_EVENT mode=lut-exp layout=serial phase=warmup iteration=0 component=core_acc component_id=6 lut_exp=1 scna_layout=0 scna_width=0 qo_len=4 kv_len=4096 n_heads=12 n_kv_heads=2 head_dim=128 kv_head=0 worker=0 block_r=0 block_c=0 t0_us=260296051878 t1_us=260296051881 dur_us=3
FIG8_ATTENTION_EVENT mode=lut-exp layout=serial phase=warmup iteration=0 component=k_load component_id=2 lut_exp=1 scna_layout=0 scna_width=0 qo_len=4 kv_len=4096 n_heads=12 n_kv_heads=2 head_dim=128 kv_head=0 worker=0 block_r=0 block_c=1280 t0_us=260296051882 t1_us=260296051906 dur_us=23
FIG8_ATTENTION_EVENT mode=lut-exp layout=serial phase=warmup iteration=0 component=qk_dot component_id=4 lut_exp=1 scna_layout=0 scna_width=0 qo_len=4 kv_len=4096 n_heads=12 n_kv_heads=2 head_dim=128 kv_head=0 worker=0 block_r=0 block_c=1280 t0_us=260296051906 t1_us=260296051906 dur_us=0
FIG8_ATTENTION_EVENT mode=lut-exp layout=serial phase=warmup iteration=0 component=safe_sm component_id=5 lut_exp=1 scna_layout=0 scna_width=0 qo_len=4 kv_len=4096 n_heads=12 n_kv_heads=2 head_dim=128 kv_head=0 worker=0 block_r=0 block_c=1280 t0_us=260296051906 t1_us=260296051927 dur_us=20
FIG8_ATTENTION_EVENT mode=lut-exp layout=serial phase=warmup iteration=0 component=v_load component_id=3 lut_exp=1 scna_layout=0 scna_width=0 qo_len=4 kv_len=4096 n_heads=12 n_kv_heads=2 head_dim=128 kv_head=0 worker=0 block_r=0 block_c=1280 t0_us=260296051927 t1_us=260296051957 dur_us=30
FIG8_ATTENTION_EVENT mode=lut-exp layout=serial phase=warmup iteration=0 component=core_acc component_id=6 lut_exp=1 scna_layout=0 scna_width=0 qo_len=4 kv_len=4096 n_heads=12 n_kv_heads=2 head_dim=128 kv_head=0 worker=0 block_r=0 block_c=1280 t0_us=260296051957 t1_us=260296051958 dur_us=0
FIG8_ATTENTION_EVENT mode=lut-exp layout=serial phase=warmup iteration=0 component=k_load component_id=2 lut_exp=1 scna_layout=0 scna_width=0 qo_len=4 kv_len=4096 n_heads=12 n_kv_heads=2 head_dim=128 kv_head=0 worker=0 block_r=0 block_c=2560 t0_us=260296051958 t1_us=260296051979 dur_us=20
FIG8_ATTENTION_EVENT mode=lut-exp layout=serial phase=warmup iteration=0 component=qk_dot component_id=4 lut_exp=1 scna_layout=0 scna_width=0 qo_len=4 kv_len=4096 n_heads=12 n_kv_heads=2 head_dim=128 kv_head=0 worker=0 block_r=0 block_c=2560 t0_us=260296051979 t1_us=260296051979 dur_us=0
FIG8_ATTENTION_EVENT mode=lut-exp layout=serial phase=warmup iteration=0 component=safe_sm component_id=5 lut_exp=1 scna_layout=0 scna_width=0 qo_len=4 kv_len=4096 n_heads=12 n_kv_heads=2 head_dim=128 kv_head=0 worker=0 block_r=0 block_c=2560 t0_us=260296051979 t1_us=260296052001 dur_us=21
FIG8_ATTENTION_EVENT mode=lut-exp layout=serial phase=warmup iteration=0 component=v_load component_id=3 lut_exp=1 scna_layout=0 scna_width=0 qo_len=4 kv_len=4096 n_heads=12 n_kv_heads=2 head_dim=128 kv_head=0 worker=0 block_r=0 block_c=2560 t0_us=260296052001 t1_us=260296052040 dur_us=38
FIG8_ATTENTION_EVENT mode=lut-exp layout=serial phase=warmup iteration=0 component=core_acc component_id=6 lut_exp=1 scna_layout=0 scna_width=0 qo_len=4 kv_len=4096 n_heads=12 n_kv_heads=2 head_dim=128 kv_head=0 worker=0 block_r=0 block_c=2560 t0_us=260296052040 t1_us=260296052041 dur_us=0
FIG8_ATTENTION_EVENT mode=lut-exp layout=serial phase=warmup iteration=0 component=k_load component_id=2 lut_exp=1 scna_layout=0 scna_width=0 qo_len=4 kv_len=4096 n_heads=12 n_kv_heads=2 head_dim=128 kv_head=0 worker=0 block_r=0 block_c=3840 t0_us=260296052041 t1_us=260296052045 dur_us=4
FIG8_ATTENTION_EVENT mode=lut-exp layout=serial phase=warmup iteration=0 component=qk_dot component_id=4 lut_exp=1 scna_layout=0 scna_width=0 qo_len=4 kv_len=4096 n_heads=12 n_kv_heads=2 head_dim=128 kv_head=0 worker=0 block_r=0 block_c=3840 t0_us=260296052045 t1_us=260296052045 dur_us=0
FIG8_ATTENTION_EVENT mode=lut-exp layout=serial phase=warmup iteration=0 component=safe_sm component_id=5 lut_exp=1 scna_layout=0 scna_width=0 qo_len=4 kv_len=4096 n_heads=12 n_kv_heads=2 head_dim=128 kv_head=0 worker=0 block_r=0 block_c=3840 t0_us=260296052045 t1_us=260296052052 dur_us=6
FIG8_ATTENTION_EVENT mode=lut-exp layout=serial phase=warmup iteration=0 component=v_load component_id=3 lut_exp=1 scna_layout=0 scna_width=0 qo_len=4 kv_len=4096 n_heads=12 n_kv_heads=2 head_dim=128 kv_head=0 worker=0 block_r=0 block_c=3840 t0_us=260296052052 t1_us=260296052054 dur_us=2
FIG8_ATTENTION_EVENT mode=lut-exp layout=serial phase=warmup iteration=0 component=core_acc component_id=6 lut_exp=1 scna_layout=0 scna_width=0 qo_len=4 kv_len=4096 n_heads=12 n_kv_heads=2 head_dim=128 kv_head=0 worker=0 block_r=0 block_c=3840 t0_us=260296052054 t1_us=260296052054 dur_us=0
FIG8_ATTENTION_EVENT mode=lut-exp layout=serial phase=warmup iteration=0 component=o_scale component_id=7 lut_exp=1 scna_layout=0 scna_width=0 qo_len=4 kv_len=4096 n_heads=12 n_kv_heads=2 head_dim=128 kv_head=0 worker=0 block_r=0 block_c=-1 t0_us=260296052055 t1_us=260296052057 dur_us=2
FIG8_ATTENTION_EVENT mode=lut-exp layout=serial phase=warmup iteration=0 component=o_store component_id=8 lut_exp=1 scna_layout=0 scna_width=0 qo_len=4 kv_len=4096 n_heads=12 n_kv_heads=2 head_dim=128 kv_head=0 worker=0 block_r=0 block_c=-1 t0_us=260296052057 t1_us=260296052059 dur_us=2
FIG8_ATTENTION_EVENT mode=lut-exp layout=serial phase=warmup iteration=0 component=q_load component_id=1 lut_exp=1 scna_layout=0 scna_width=0 qo_len=4 kv_len=4096 n_heads=12 n_kv_heads=2 head_dim=128 kv_head=1 worker=0 block_r=0 block_c=-1 t0_us=260296052106 t1_us=260296052108 dur_us=1
FIG8_ATTENTION_EVENT mode=lut-exp layout=serial phase=warmup iteration=0 component=k_load component_id=2 lut_exp=1 scna_layout=0 scna_width=0 qo_len=4 kv_len=4096 n_heads=12 n_kv_heads=2 head_dim=128 kv_head=1 worker=0 block_r=0 block_c=0 t0_us=260296052109 t1_us=260296052130 dur_us=20
FIG8_ATTENTION_EVENT mode=lut-exp layout=serial phase=warmup iteration=0 component=qk_dot component_id=4 lut_exp=1 scna_layout=0 scna_width=0 qo_len=4 kv_len=4096 n_heads=12 n_kv_heads=2 head_dim=128 kv_head=1 worker=0 block_r=0 block_c=0 t0_us=260296052130 t1_us=260296052132 dur_us=1
FIG8_ATTENTION_EVENT mode=lut-exp layout=serial phase=warmup iteration=0 component=safe_sm component_id=5 lut_exp=1 scna_layout=0 scna_width=0 qo_len=4 kv_len=4096 n_heads=12 n_kv_heads=2 head_dim=128 kv_head=1 worker=0 block_r=0 block_c=0 t0_us=260296052132 t1_us=260296052154 dur_us=21
FIG8_ATTENTION_EVENT mode=lut-exp layout=serial phase=warmup iteration=0 component=v_load component_id=3 lut_exp=1 scna_layout=0 scna_width=0 qo_len=4 kv_len=4096 n_heads=12 n_kv_heads=2 head_dim=128 kv_head=1 worker=0 block_r=0 block_c=0 t0_us=260296052154 t1_us=260296052174 dur_us=20
FIG8_ATTENTION_EVENT mode=lut-exp layout=serial phase=warmup iteration=0 component=core_acc component_id=6 lut_exp=1 scna_layout=0 scna_width=0 qo_len=4 kv_len=4096 n_heads=12 n_kv_heads=2 head_dim=128 kv_head=1 worker=0 block_r=0 block_c=0 t0_us=260296052175 t1_us=260296052177 dur_us=2
FIG8_ATTENTION_EVENT mode=lut-exp layout=serial phase=warmup iteration=0 component=k_load component_id=2 lut_exp=1 scna_layout=0 scna_width=0 qo_len=4 kv_len=4096 n_heads=12 n_kv_heads=2 head_dim=128 kv_head=1 worker=0 block_r=0 block_c=1280 t0_us=260296052178 t1_us=260296052199 dur_us=21
FIG8_ATTENTION_EVENT mode=lut-exp layout=serial phase=warmup iteration=0 component=qk_dot component_id=4 lut_exp=1 scna_layout=0 scna_width=0 qo_len=4 kv_len=4096 n_heads=12 n_kv_heads=2 head_dim=128 kv_head=1 worker=0 block_r=0 block_c=1280 t0_us=260296052200 t1_us=260296052200 dur_us=0
FIG8_ATTENTION_EVENT mode=lut-exp layout=serial phase=warmup iteration=0 component=safe_sm component_id=5 lut_exp=1 scna_layout=0 scna_width=0 qo_len=4 kv_len=4096 n_heads=12 n_kv_heads=2 head_dim=128 kv_head=1 worker=0 block_r=0 block_c=1280 t0_us=260296052200 t1_us=260296052221 dur_us=21
FIG8_ATTENTION_EVENT mode=lut-exp layout=serial phase=warmup iteration=0 component=v_load component_id=3 lut_exp=1 scna_layout=0 scna_width=0 qo_len=4 kv_len=4096 n_heads=12 n_kv_heads=2 head_dim=128 kv_head=1 worker=0 block_r=0 block_c=1280 t0_us=260296052221 t1_us=260296052259 dur_us=37
FIG8_ATTENTION_EVENT mode=lut-exp layout=serial phase=warmup iteration=0 component=core_acc component_id=6 lut_exp=1 scna_layout=0 scna_width=0 qo_len=4 kv_len=4096 n_heads=12 n_kv_heads=2 head_dim=128 kv_head=1 worker=0 block_r=0 block_c=1280 t0_us=260296052259 t1_us=260296052259 dur_us=0
FIG8_ATTENTION_EVENT mode=lut-exp layout=serial phase=warmup iteration=0 component=k_load component_id=2 lut_exp=1 scna_layout=0 scna_width=0 qo_len=4 kv_len=4096 n_heads=12 n_kv_heads=2 head_dim=128 kv_head=1 worker=0 block_r=0 block_c=2560 t0_us=260296052259 t1_us=260296052280 dur_us=20
FIG8_ATTENTION_EVENT mode=lut-exp layout=serial phase=warmup iteration=0 component=qk_dot component_id=4 lut_exp=1 scna_layout=0 scna_width=0 qo_len=4 kv_len=4096 n_heads=12 n_kv_heads=2 head_dim=128 kv_head=1 worker=0 block_r=0 block_c=2560 t0_us=260296052280 t1_us=260296052280 dur_us=0
FIG8_ATTENTION_EVENT mode=lut-exp layout=serial phase=warmup iteration=0 component=safe_sm component_id=5 lut_exp=1 scna_layout=0 scna_width=0 qo_len=4 kv_len=4096 n_heads=12 n_kv_heads=2 head_dim=128 kv_head=1 worker=0 block_r=0 block_c=2560 t0_us=260296052280 t1_us=260296052302 dur_us=21
FIG8_ATTENTION_EVENT mode=lut-exp layout=serial phase=warmup iteration=0 component=v_load component_id=3 lut_exp=1 scna_layout=0 scna_width=0 qo_len=4 kv_len=4096 n_heads=12 n_kv_heads=2 head_dim=128 kv_head=1 worker=0 block_r=0 block_c=2560 t0_us=260296052302 t1_us=260296052344 dur_us=42
FIG8_ATTENTION_EVENT mode=lut-exp layout=serial phase=warmup iteration=0 component=core_acc component_id=6 lut_exp=1 scna_layout=0 scna_width=0 qo_len=4 kv_len=4096 n_heads=12 n_kv_heads=2 head_dim=128 kv_head=1 worker=0 block_r=0 block_c=2560 t0_us=260296052344 t1_us=260296052345 dur_us=0
FIG8_ATTENTION_EVENT mode=lut-exp layout=serial phase=warmup iteration=0 component=k_load component_id=2 lut_exp=1 scna_layout=0 scna_width=0 qo_len=4 kv_len=4096 n_heads=12 n_kv_heads=2 head_dim=128 kv_head=1 worker=0 block_r=0 block_c=3840 t0_us=260296052345 t1_us=260296052350 dur_us=4
FIG8_ATTENTION_EVENT mode=lut-exp layout=serial phase=warmup iteration=0 component=qk_dot component_id=4 lut_exp=1 scna_layout=0 scna_width=0 qo_len=4 kv_len=4096 n_heads=12 n_kv_heads=2 head_dim=128 kv_head=1 worker=0 block_r=0 block_c=3840 t0_us=260296052350 t1_us=260296052350 dur_us=0
FIG8_ATTENTION_EVENT mode=lut-exp layout=serial phase=warmup iteration=0 component=safe_sm component_id=5 lut_exp=1 scna_layout=0 scna_width=0 qo_len=4 kv_len=4096 n_heads=12 n_kv_heads=2 head_dim=128 kv_head=1 worker=0 block_r=0 block_c=3840 t0_us=260296052350 t1_us=260296052357 dur_us=6
FIG8_ATTENTION_EVENT mode=lut-exp layout=serial phase=warmup iteration=0 component=v_load component_id=3 lut_exp=1 scna_layout=0 scna_width=0 qo_len=4 kv_len=4096 n_heads=12 n_kv_heads=2 head_dim=128 kv_head=1 worker=0 block_r=0 block_c=3840 t0_us=260296052357 t1_us=260296052359 dur_us=2
FIG8_ATTENTION_EVENT mode=lut-exp layout=serial phase=warmup iteration=0 component=core_acc component_id=6 lut_exp=1 scna_layout=0 scna_width=0 qo_len=4 kv_len=4096 n_heads=12 n_kv_heads=2 head_dim=128 kv_head=1 worker=0 block_r=0 block_c=3840 t0_us=260296052359 t1_us=260296052359 dur_us=0
FIG8_ATTENTION_EVENT mode=lut-exp layout=serial phase=warmup iteration=0 component=o_scale component_id=7 lut_exp=1 scna_layout=0 scna_width=0 qo_len=4 kv_len=4096 n_heads=12 n_kv_heads=2 head_dim=128 kv_head=1 worker=0 block_r=0 block_c=-1 t0_us=260296052360 t1_us=260296052362 dur_us=1
FIG8_ATTENTION_EVENT mode=lut-exp layout=serial phase=warmup iteration=0 component=o_store component_id=8 lut_exp=1 scna_layout=0 scna_width=0 qo_len=4 kv_len=4096 n_heads=12 n_kv_heads=2 head_dim=128 kv_head=1 worker=0 block_r=0 block_c=-1 t0_us=260296052362 t1_us=260296052365 dur_us=2
FIG8_ATTENTION_CHECKSUM mode=lut-exp layout=serial scna_width=8 seed=figure8_fixed phase=warmup iteration=0 checksum=0xcff889f656826dad
FIG8_ATTENTION_HOST_TIMING mode=lut-exp layout=serial variant=pair_static_d8 workers=1 scna_width=8 seed=figure8_fixed mask_mode=full qo_len=32 kv_len=4096 n_heads=12 n_kv_heads=2 head_dim=128 phase=measure iteration=0 host_elapsed_us=4870 ret=0
FIG8_ATTENTION_PROFILE_COUNT mode=lut-exp qo_len=32 phase=measure iteration=0 records=16 max_records=24
FIG8_ATTENTION_WORKERS mode=lut-exp variant=pair_static_d8 qo_len=32 phase=measure iteration=0 requested_workers=1 active_workers=1 hvx_contexts=6 vtcm_worker_cap=8 tasks=16 q_task_rows=4
FIG8_ATTENTION_TIMERS mode=lut-exp layout=serial phase=measure iteration=0 lut_exp=1 scna_layout=0 scna_width=0 qo_len=4 kv_len=4096 n_heads=12 n_kv_heads=2 head_dim=128 kv_head=0 worker=1 profiled_total=237 q_load=1 k_load=64 v_load=98 qk_dot=1 safe_sm=66 scna_exp=0 param_prepare=0 core_acc=4 o_scale=1 o_store=2
FIG8_ATTENTION_TIMERS mode=lut-exp layout=serial phase=measure iteration=0 lut_exp=1 scna_layout=0 scna_width=0 qo_len=4 kv_len=4096 n_heads=12 n_kv_heads=2 head_dim=128 kv_head=1 worker=1 profiled_total=220 q_load=1 k_load=67 v_load=80 qk_dot=1 safe_sm=65 scna_exp=0 param_prepare=0 core_acc=3 o_scale=1 o_store=2
FIG8_ATTENTION_TIMERS mode=lut-exp layout=serial phase=measure iteration=0 lut_exp=1 scna_layout=0 scna_width=0 qo_len=4 kv_len=4096 n_heads=12 n_kv_heads=2 head_dim=128 kv_head=0 worker=1 profiled_total=229 q_load=1 k_load=68 v_load=84 qk_dot=2 safe_sm=66 scna_exp=0 param_prepare=0 core_acc=5 o_scale=1 o_store=2
FIG8_ATTENTION_TIMERS mode=lut-exp layout=serial phase=measure iteration=0 lut_exp=1 scna_layout=0 scna_width=0 qo_len=4 kv_len=4096 n_heads=12 n_kv_heads=2 head_dim=128 kv_head=1 worker=1 profiled_total=228 q_load=1 k_load=67 v_load=89 qk_dot=1 safe_sm=65 scna_exp=0 param_prepare=0 core_acc=2 o_scale=1 o_store=2
FIG8_ATTENTION_TIMERS mode=lut-exp layout=serial phase=measure iteration=0 lut_exp=1 scna_layout=0 scna_width=0 qo_len=4 kv_len=4096 n_heads=12 n_kv_heads=2 head_dim=128 kv_head=0 worker=1 profiled_total=227 q_load=1 k_load=69 v_load=84 qk_dot=1 safe_sm=64 scna_exp=0 param_prepare=0 core_acc=4 o_scale=2 o_store=2
FIG8_ATTENTION_TIMERS mode=lut-exp layout=serial phase=measure iteration=0 lut_exp=1 scna_layout=0 scna_width=0 qo_len=4 kv_len=4096 n_heads=12 n_kv_heads=2 head_dim=128 kv_head=1 worker=1 profiled_total=228 q_load=1 k_load=68 v_load=84 qk_dot=2 safe_sm=65 scna_exp=0 param_prepare=0 core_acc=5 o_scale=1 o_store=2
FIG8_ATTENTION_TIMERS mode=lut-exp layout=serial phase=measure iteration=0 lut_exp=1 scna_layout=0 scna_width=0 qo_len=4 kv_len=4096 n_heads=12 n_kv_heads=2 head_dim=128 kv_head=0 worker=1 profiled_total=230 q_load=1 k_load=67 v_load=86 qk_dot=1 safe_sm=66 scna_exp=0 param_prepare=0 core_acc=5 o_scale=2 o_store=2
FIG8_ATTENTION_TIMERS mode=lut-exp layout=serial phase=measure iteration=0 lut_exp=1 scna_layout=0 scna_width=0 qo_len=4 kv_len=4096 n_heads=12 n_kv_heads=2 head_dim=128 kv_head=1 worker=1 profiled_total=228 q_load=1 k_load=67 v_load=87 qk_dot=2 safe_sm=65 scna_exp=0 param_prepare=0 core_acc=3 o_scale=1 o_store=2
FIG8_ATTENTION_TIMERS mode=lut-exp layout=serial phase=measure iteration=0 lut_exp=1 scna_layout=0 scna_width=0 qo_len=4 kv_len=4096 n_heads=12 n_kv_heads=2 head_dim=128 kv_head=0 worker=1 profiled_total=236 q_load=1 k_load=68 v_load=94 qk_dot=1 safe_sm=65 scna_exp=0 param_prepare=0 core_acc=4 o_scale=1 o_store=2
FIG8_ATTENTION_TIMERS mode=lut-exp layout=serial phase=measure iteration=0 lut_exp=1 scna_layout=0 scna_width=0 qo_len=4 kv_len=4096 n_heads=12 n_kv_heads=2 head_dim=128 kv_head=1 worker=1 profiled_total=233 q_load=1 k_load=69 v_load=87 qk_dot=2 safe_sm=67 scna_exp=0 param_prepare=0 core_acc=4 o_scale=1 o_store=2
FIG8_ATTENTION_TIMERS mode=lut-exp layout=serial phase=measure iteration=0 lut_exp=1 scna_layout=0 scna_width=0 qo_len=4 kv_len=4096 n_heads=12 n_kv_heads=2 head_dim=128 kv_head=0 worker=1 profiled_total=228 q_load=1 k_load=68 v_load=85 qk_dot=1 safe_sm=65 scna_exp=0 param_prepare=0 core_acc=4 o_scale=2 o_store=2
FIG8_ATTENTION_TIMERS mode=lut-exp layout=serial phase=measure iteration=0 lut_exp=1 scna_layout=0 scna_width=0 qo_len=4 kv_len=4096 n_heads=12 n_kv_heads=2 head_dim=128 kv_head=1 worker=1 profiled_total=237 q_load=1 k_load=69 v_load=93 qk_dot=2 safe_sm=66 scna_exp=0 param_prepare=0 core_acc=3 o_scale=1 o_store=2
FIG8_ATTENTION_TIMERS mode=lut-exp layout=serial phase=measure iteration=0 lut_exp=1 scna_layout=0 scna_width=0 qo_len=4 kv_len=4096 n_heads=12 n_kv_heads=2 head_dim=128 kv_head=0 worker=1 profiled_total=230 q_load=1 k_load=67 v_load=87 qk_dot=1 safe_sm=66 scna_exp=0 param_prepare=0 core_acc=5 o_scale=1 o_store=2
FIG8_ATTENTION_TIMERS mode=lut-exp layout=serial phase=measure iteration=0 lut_exp=1 scna_layout=0 scna_width=0 qo_len=4 kv_len=4096 n_heads=12 n_kv_heads=2 head_dim=128 kv_head=1 worker=1 profiled_total=233 q_load=1 k_load=66 v_load=93 qk_dot=2 safe_sm=66 scna_exp=0 param_prepare=0 core_acc=2 o_scale=1 o_store=2
FIG8_ATTENTION_TIMERS mode=lut-exp layout=serial phase=measure iteration=0 lut_exp=1 scna_layout=0 scna_width=0 qo_len=4 kv_len=4096 n_heads=12 n_kv_heads=2 head_dim=128 kv_head=0 worker=1 profiled_total=236 q_load=1 k_load=68 v_load=92 qk_dot=1 safe_sm=66 scna_exp=0 param_prepare=0 core_acc=4 o_scale=2 o_store=2
FIG8_ATTENTION_TIMERS mode=lut-exp layout=serial phase=measure iteration=0 lut_exp=1 scna_layout=0 scna_width=0 qo_len=4 kv_len=4096 n_heads=12 n_kv_heads=2 head_dim=128 kv_head=1 worker=1 profiled_total=230 q_load=1 k_load=69 v_load=85 qk_dot=2 safe_sm=66 scna_exp=0 param_prepare=0 core_acc=4 o_scale=1 o_store=2
FIG8_ATTENTION_EVENT_COUNT mode=lut-exp qo_len=32 phase=measure iteration=0 events=368 max_events=33152 overflow=0
FIG8_ATTENTION_EVENT mode=lut-exp layout=serial phase=measure iteration=0 component=q_load component_id=1 lut_exp=1 scna_layout=0 scna_width=0 qo_len=4 kv_len=4096 n_heads=12 n_kv_heads=2 head_dim=128 kv_head=0 worker=1 block_r=0 block_c=-1 t0_us=260296057176 t1_us=260296057178 dur_us=1
FIG8_ATTENTION_EVENT mode=lut-exp layout=serial phase=measure iteration=0 component=k_load component_id=2 lut_exp=1 scna_layout=0 scna_width=0 qo_len=4 kv_len=4096 n_heads=12 n_kv_heads=2 head_dim=128 kv_head=0 worker=1 block_r=0 block_c=0 t0_us=260296057179 t1_us=260296057199 dur_us=20
FIG8_ATTENTION_EVENT mode=lut-exp layout=serial phase=measure iteration=0 component=qk_dot component_id=4 lut_exp=1 scna_layout=0 scna_width=0 qo_len=4 kv_len=4096 n_heads=12 n_kv_heads=2 head_dim=128 kv_head=0 worker=1 block_r=0 block_c=0 t0_us=260296057200 t1_us=260296057201 dur_us=0
FIG8_ATTENTION_EVENT mode=lut-exp layout=serial phase=measure iteration=0 component=safe_sm component_id=5 lut_exp=1 scna_layout=0 scna_width=0 qo_len=4 kv_len=4096 n_heads=12 n_kv_heads=2 head_dim=128 kv_head=0 worker=1 block_r=0 block_c=0 t0_us=260296057202 t1_us=260296057222 dur_us=20
FIG8_ATTENTION_EVENT mode=lut-exp layout=serial phase=measure iteration=0 component=v_load component_id=3 lut_exp=1 scna_layout=0 scna_width=0 qo_len=4 kv_len=4096 n_heads=12 n_kv_heads=2 head_dim=128 kv_head=0 worker=1 block_r=0 block_c=0 t0_us=260296057223 t1_us=260296057256 dur_us=33
FIG8_ATTENTION_EVENT mode=lut-exp layout=serial phase=measure iteration=0 component=core_acc component_id=6 lut_exp=1 scna_layout=0 scna_width=0 qo_len=4 kv_len=4096 n_heads=12 n_kv_heads=2 head_dim=128 kv_head=0 worker=1 block_r=0 block_c=0 t0_us=260296057257 t1_us=260296057259 dur_us=2
FIG8_ATTENTION_EVENT mode=lut-exp layout=serial phase=measure iteration=0 component=k_load component_id=2 lut_exp=1 scna_layout=0 scna_width=0 qo_len=4 kv_len=4096 n_heads=12 n_kv_heads=2 head_dim=128 kv_head=0 worker=1 block_r=0 block_c=1280 t0_us=260296057260 t1_us=260296057281 dur_us=21
FIG8_ATTENTION_EVENT mode=lut-exp layout=serial phase=measure iteration=0 component=qk_dot component_id=4 lut_exp=1 scna_layout=0 scna_width=0 qo_len=4 kv_len=4096 n_heads=12 n_kv_heads=2 head_dim=128 kv_head=0 worker=1 block_r=0 block_c=1280 t0_us=260296057281 t1_us=260296057281 dur_us=0
FIG8_ATTENTION_EVENT mode=lut-exp layout=serial phase=measure iteration=0 component=safe_sm component_id=5 lut_exp=1 scna_layout=0 scna_width=0 qo_len=4 kv_len=4096 n_heads=12 n_kv_heads=2 head_dim=128 kv_head=0 worker=1 block_r=0 block_c=1280 t0_us=260296057281 t1_us=260296057301 dur_us=19
FIG8_ATTENTION_EVENT mode=lut-exp layout=serial phase=measure iteration=0 component=v_load component_id=3 lut_exp=1 scna_layout=0 scna_width=0 qo_len=4 kv_len=4096 n_heads=12 n_kv_heads=2 head_dim=128 kv_head=0 worker=1 block_r=0 block_c=1280 t0_us=260296057301 t1_us=260296057325 dur_us=24
FIG8_ATTENTION_EVENT mode=lut-exp layout=serial phase=measure iteration=0 component=core_acc component_id=6 lut_exp=1 scna_layout=0 scna_width=0 qo_len=4 kv_len=4096 n_heads=12 n_kv_heads=2 head_dim=128 kv_head=0 worker=1 block_r=0 block_c=1280 t0_us=260296057325 t1_us=260296057326 dur_us=0
FIG8_ATTENTION_EVENT mode=lut-exp layout=serial phase=measure iteration=0 component=k_load component_id=2 lut_exp=1 scna_layout=0 scna_width=0 qo_len=4 kv_len=4096 n_heads=12 n_kv_heads=2 head_dim=128 kv_head=0 worker=1 block_r=0 block_c=2560 t0_us=260296057326 t1_us=260296057346 dur_us=19
FIG8_ATTENTION_EVENT mode=lut-exp layout=serial phase=measure iteration=0 component=qk_dot component_id=4 lut_exp=1 scna_layout=0 scna_width=0 qo_len=4 kv_len=4096 n_heads=12 n_kv_heads=2 head_dim=128 kv_head=0 worker=1 block_r=0 block_c=2560 t0_us=260296057346 t1_us=260296057346 dur_us=0
FIG8_ATTENTION_EVENT mode=lut-exp layout=serial phase=measure iteration=0 component=safe_sm component_id=5 lut_exp=1 scna_layout=0 scna_width=0 qo_len=4 kv_len=4096 n_heads=12 n_kv_heads=2 head_dim=128 kv_head=0 worker=1 block_r=0 block_c=2560 t0_us=260296057346 t1_us=260296057366 dur_us=20
FIG8_ATTENTION_EVENT mode=lut-exp layout=serial phase=measure iteration=0 component=v_load component_id=3 lut_exp=1 scna_layout=0 scna_width=0 qo_len=4 kv_len=4096 n_heads=12 n_kv_heads=2 head_dim=128 kv_head=0 worker=1 block_r=0 block_c=2560 t0_us=260296057367 t1_us=260296057405 dur_us=38
FIG8_ATTENTION_EVENT mode=lut-exp layout=serial phase=measure iteration=0 component=core_acc component_id=6 lut_exp=1 scna_layout=0 scna_width=0 qo_len=4 kv_len=4096 n_heads=12 n_kv_heads=2 head_dim=128 kv_head=0 worker=1 block_r=0 block_c=2560 t0_us=260296057405 t1_us=260296057406 dur_us=0
FIG8_ATTENTION_EVENT mode=lut-exp layout=serial phase=measure iteration=0 component=k_load component_id=2 lut_exp=1 scna_layout=0 scna_width=0 qo_len=4 kv_len=4096 n_heads=12 n_kv_heads=2 head_dim=128 kv_head=0 worker=1 block_r=0 block_c=3840 t0_us=260296057406 t1_us=260296057410 dur_us=3
FIG8_ATTENTION_EVENT mode=lut-exp layout=serial phase=measure iteration=0 component=qk_dot component_id=4 lut_exp=1 scna_layout=0 scna_width=0 qo_len=4 kv_len=4096 n_heads=12 n_kv_heads=2 head_dim=128 kv_head=0 worker=1 block_r=0 block_c=3840 t0_us=260296057410 t1_us=260296057410 dur_us=0
FIG8_ATTENTION_EVENT mode=lut-exp layout=serial phase=measure iteration=0 component=safe_sm component_id=5 lut_exp=1 scna_layout=0 scna_width=0 qo_len=4 kv_len=4096 n_heads=12 n_kv_heads=2 head_dim=128 kv_head=0 worker=1 block_r=0 block_c=3840 t0_us=260296057410 t1_us=260296057417 dur_us=6
FIG8_ATTENTION_EVENT mode=lut-exp layout=serial phase=measure iteration=0 component=v_load component_id=3 lut_exp=1 scna_layout=0 scna_width=0 qo_len=4 kv_len=4096 n_heads=12 n_kv_heads=2 head_dim=128 kv_head=0 worker=1 block_r=0 block_c=3840 t0_us=260296057417 t1_us=260296057419 dur_us=2
FIG8_ATTENTION_EVENT mode=lut-exp layout=serial phase=measure iteration=0 component=core_acc component_id=6 lut_exp=1 scna_layout=0 scna_width=0 qo_len=4 kv_len=4096 n_heads=12 n_kv_heads=2 head_dim=128 kv_head=0 worker=1 block_r=0 block_c=3840 t0_us=260296057419 t1_us=260296057420 dur_us=0
FIG8_ATTENTION_EVENT mode=lut-exp layout=serial phase=measure iteration=0 component=o_scale component_id=7 lut_exp=1 scna_layout=0 scna_width=0 qo_len=4 kv_len=4096 n_heads=12 n_kv_heads=2 head_dim=128 kv_head=0 worker=1 block_r=0 block_c=-1 t0_us=260296057420 t1_us=260296057422 dur_us=1
FIG8_ATTENTION_EVENT mode=lut-exp layout=serial phase=measure iteration=0 component=o_store component_id=8 lut_exp=1 scna_layout=0 scna_width=0 qo_len=4 kv_len=4096 n_heads=12 n_kv_heads=2 head_dim=128 kv_head=0 worker=1 block_r=0 block_c=-1 t0_us=260296057422 t1_us=260296057424 dur_us=2
FIG8_ATTENTION_EVENT mode=lut-exp layout=serial phase=measure iteration=0 component=q_load component_id=1 lut_exp=1 scna_layout=0 scna_width=0 qo_len=4 kv_len=4096 n_heads=12 n_kv_heads=2 head_dim=128 kv_head=1 worker=1 block_r=0 block_c=-1 t0_us=260296057475 t1_us=260296057477 dur_us=1
FIG8_ATTENTION_EVENT mode=lut-exp layout=serial phase=measure iteration=0 component=k_load component_id=2 lut_exp=1 scna_layout=0 scna_width=0 qo_len=4 kv_len=4096 n_heads=12 n_kv_heads=2 head_dim=128 kv_head=1 worker=1 block_r=0 block_c=0 t0_us=260296057478 t1_us=260296057500 dur_us=21
FIG8_ATTENTION_EVENT mode=lut-exp layout=serial phase=measure iteration=0 component=qk_dot component_id=4 lut_exp=1 scna_layout=0 scna_width=0 qo_len=4 kv_len=4096 n_heads=12 n_kv_heads=2 head_dim=128 kv_head=1 worker=1 block_r=0 block_c=0 t0_us=260296057501 t1_us=260296057501 dur_us=0
FIG8_ATTENTION_EVENT mode=lut-exp layout=serial phase=measure iteration=0 component=safe_sm component_id=5 lut_exp=1 scna_layout=0 scna_width=0 qo_len=4 kv_len=4096 n_heads=12 n_kv_heads=2 head_dim=128 kv_head=1 worker=1 block_r=0 block_c=0 t0_us=260296057502 t1_us=260296057521 dur_us=19
FIG8_ATTENTION_EVENT mode=lut-exp layout=serial phase=measure iteration=0 component=v_load component_id=3 lut_exp=1 scna_layout=0 scna_width=0 qo_len=4 kv_len=4096 n_heads=12 n_kv_heads=2 head_dim=128 kv_head=1 worker=1 block_r=0 block_c=0 t0_us=260296057522 t1_us=260296057549 dur_us=27
FIG8_ATTENTION_EVENT mode=lut-exp layout=serial phase=measure iteration=0 component=core_acc component_id=6 lut_exp=1 scna_layout=0 scna_width=0 qo_len=4 kv_len=4096 n_heads=12 n_kv_heads=2 head_dim=128 kv_head=1 worker=1 block_r=0 block_c=0 t0_us=260296057549 t1_us=260296057551 dur_us=1
FIG8_ATTENTION_EVENT mode=lut-exp layout=serial phase=measure iteration=0 component=k_load component_id=2 lut_exp=1 scna_layout=0 scna_width=0 qo_len=4 kv_len=4096 n_heads=12 n_kv_heads=2 head_dim=128 kv_head=1 worker=1 block_r=0 block_c=1280 t0_us=260296057552 t1_us=260296057573 dur_us=21
FIG8_ATTENTION_EVENT mode=lut-exp layout=serial phase=measure iteration=0 component=qk_dot component_id=4 lut_exp=1 scna_layout=0 scna_width=0 qo_len=4 kv_len=4096 n_heads=12 n_kv_heads=2 head_dim=128 kv_head=1 worker=1 block_r=0 block_c=1280 t0_us=260296057573 t1_us=260296057574 dur_us=0
FIG8_ATTENTION_EVENT mode=lut-exp layout=serial phase=measure iteration=0 component=safe_sm component_id=5 lut_exp=1 scna_layout=0 scna_width=0 qo_len=4 kv_len=4096 n_heads=12 n_kv_heads=2 head_dim=128 kv_head=1 worker=1 block_r=0 block_c=1280 t0_us=260296057574 t1_us=260296057593 dur_us=19
FIG8_ATTENTION_EVENT mode=lut-exp layout=serial phase=measure iteration=0 component=v_load component_id=3 lut_exp=1 scna_layout=0 scna_width=0 qo_len=4 kv_len=4096 n_heads=12 n_kv_heads=2 head_dim=128 kv_head=1 worker=1 block_r=0 block_c=1280 t0_us=260296057593 t1_us=260296057616 dur_us=22
FIG8_ATTENTION_EVENT mode=lut-exp layout=serial phase=measure iteration=0 component=core_acc component_id=6 lut_exp=1 scna_layout=0 scna_width=0 qo_len=4 kv_len=4096 n_heads=12 n_kv_heads=2 head_dim=128 kv_head=1 worker=1 block_r=0 block_c=1280 t0_us=260296057616 t1_us=260296057617 dur_us=0
FIG8_ATTENTION_EVENT mode=lut-exp layout=serial phase=measure iteration=0 component=k_load component_id=2 lut_exp=1 scna_layout=0 scna_width=0 qo_len=4 kv_len=4096 n_heads=12 n_kv_heads=2 head_dim=128 kv_head=1 worker=1 block_r=0 block_c=2560 t0_us=260296057617 t1_us=260296057637 dur_us=20
FIG8_ATTENTION_EVENT mode=lut-exp layout=serial phase=measure iteration=0 component=qk_dot component_id=4 lut_exp=1 scna_layout=0 scna_width=0 qo_len=4 kv_len=4096 n_heads=12 n_kv_heads=2 head_dim=128 kv_head=1 worker=1 block_r=0 block_c=2560 t0_us=260296057637 t1_us=260296057638 dur_us=0
FIG8_ATTENTION_EVENT mode=lut-exp layout=serial phase=measure iteration=0 component=safe_sm component_id=5 lut_exp=1 scna_layout=0 scna_width=0 qo_len=4 kv_len=4096 n_heads=12 n_kv_heads=2 head_dim=128 kv_head=1 worker=1 block_r=0 block_c=2560 t0_us=260296057638 t1_us=260296057658 dur_us=19
FIG8_ATTENTION_EVENT mode=lut-exp layout=serial phase=measure iteration=0 component=v_load component_id=3 lut_exp=1 scna_layout=0 scna_width=0 qo_len=4 kv_len=4096 n_heads=12 n_kv_heads=2 head_dim=128 kv_head=1 worker=1 block_r=0 block_c=2560 t0_us=260296057658 t1_us=260296057686 dur_us=28
FIG8_ATTENTION_EVENT mode=lut-exp layout=serial phase=measure iteration=0 component=core_acc component_id=6 lut_exp=1 scna_layout=0 scna_width=0 qo_len=4 kv_len=4096 n_heads=12 n_kv_heads=2 head_dim=128 kv_head=1 worker=1 block_r=0 block_c=2560 t0_us=260296057686 t1_us=260296057687 dur_us=1
FIG8_ATTENTION_EVENT mode=lut-exp layout=serial phase=measure iteration=0 component=k_load component_id=2 lut_exp=1 scna_layout=0 scna_width=0 qo_len=4 kv_len=4096 n_heads=12 n_kv_heads=2 head_dim=128 kv_head=1 worker=1 block_r=0 block_c=3840 t0_us=260296057688 t1_us=260296057692 dur_us=4
FIG8_ATTENTION_EVENT mode=lut-exp layout=serial phase=measure iteration=0 component=qk_dot component_id=4 lut_exp=1 scna_layout=0 scna_width=0 qo_len=4 kv_len=4096 n_heads=12 n_kv_heads=2 head_dim=128 kv_head=1 worker=1 block_r=0 block_c=3840 t0_us=260296057692 t1_us=260296057692 dur_us=0
FIG8_ATTENTION_EVENT mode=lut-exp layout=serial phase=measure iteration=0 component=safe_sm component_id=5 lut_exp=1 scna_layout=0 scna_width=0 qo_len=4 kv_len=4096 n_heads=12 n_kv_heads=2 head_dim=128 kv_head=1 worker=1 block_r=0 block_c=3840 t0_us=260296057692 t1_us=260296057698 dur_us=6
FIG8_ATTENTION_EVENT mode=lut-exp layout=serial phase=measure iteration=0 component=v_load component_id=3 lut_exp=1 scna_layout=0 scna_width=0 qo_len=4 kv_len=4096 n_heads=12 n_kv_heads=2 head_dim=128 kv_head=1 worker=1 block_r=0 block_c=3840 t0_us=260296057699 t1_us=260296057701 dur_us=2
FIG8_ATTENTION_EVENT mode=lut-exp layout=serial phase=measure iteration=0 component=core_acc component_id=6 lut_exp=1 scna_layout=0 scna_width=0 qo_len=4 kv_len=4096 n_heads=12 n_kv_heads=2 head_dim=128 kv_head=1 worker=1 block_r=0 block_c=3840 t0_us=260296057701 t1_us=260296057701 dur_us=0
FIG8_ATTENTION_EVENT mode=lut-exp layout=serial phase=measure iteration=0 component=o_scale component_id=7 lut_exp=1 scna_layout=0 scna_width=0 qo_len=4 kv_len=4096 n_heads=12 n_kv_heads=2 head_dim=128 kv_head=1 worker=1 block_r=0 block_c=-1 t0_us=260296057702 t1_us=260296057704 dur_us=1
FIG8_ATTENTION_EVENT mode=lut-exp layout=serial phase=measure iteration=0 component=o_store component_id=8 lut_exp=1 scna_layout=0 scna_width=0 qo_len=4 kv_len=4096 n_heads=12 n_kv_heads=2 head_dim=128 kv_head=1 worker=1 block_r=0 block_c=-1 t0_us=260296057704 t1_us=260296057706 dur_us=2
FIG8_ATTENTION_EVENT mode=lut-exp layout=serial phase=measure iteration=0 component=q_load component_id=1 lut_exp=1 scna_layout=0 scna_width=0 qo_len=4 kv_len=4096 n_heads=12 n_kv_heads=2 head_dim=128 kv_head=0 worker=1 block_r=0 block_c=-1 t0_us=260296057750 t1_us=260296057751 dur_us=1
FIG8_ATTENTION_EVENT mode=lut-exp layout=serial phase=measure iteration=0 component=k_load component_id=2 lut_exp=1 scna_layout=0 scna_width=0 qo_len=4 kv_len=4096 n_heads=12 n_kv_heads=2 head_dim=128 kv_head=0 worker=1 block_r=0 block_c=0 t0_us=260296057753 t1_us=260296057773 dur_us=20
FIG8_ATTENTION_EVENT mode=lut-exp layout=serial phase=measure iteration=0 component=qk_dot component_id=4 lut_exp=1 scna_layout=0 scna_width=0 qo_len=4 kv_len=4096 n_heads=12 n_kv_heads=2 head_dim=128 kv_head=0 worker=1 block_r=0 block_c=0 t0_us=260296057773 t1_us=260296057774 dur_us=0
FIG8_ATTENTION_EVENT mode=lut-exp layout=serial phase=measure iteration=0 component=safe_sm component_id=5 lut_exp=1 scna_layout=0 scna_width=0 qo_len=4 kv_len=4096 n_heads=12 n_kv_heads=2 head_dim=128 kv_head=0 worker=1 block_r=0 block_c=0 t0_us=260296057774 t1_us=260296057794 dur_us=20
FIG8_ATTENTION_EVENT mode=lut-exp layout=serial phase=measure iteration=0 component=v_load component_id=3 lut_exp=1 scna_layout=0 scna_width=0 qo_len=4 kv_len=4096 n_heads=12 n_kv_heads=2 head_dim=128 kv_head=0 worker=1 block_r=0 block_c=0 t0_us=260296057795 t1_us=260296057814 dur_us=19
FIG8_ATTENTION_EVENT mode=lut-exp layout=serial phase=measure iteration=0 component=core_acc component_id=6 lut_exp=1 scna_layout=0 scna_width=0 qo_len=4 kv_len=4096 n_heads=12 n_kv_heads=2 head_dim=128 kv_head=0 worker=1 block_r=0 block_c=0 t0_us=260296057815 t1_us=260296057817 dur_us=1
FIG8_ATTENTION_EVENT mode=lut-exp layout=serial phase=measure iteration=0 component=k_load component_id=2 lut_exp=1 scna_layout=0 scna_width=0 qo_len=4 kv_len=4096 n_heads=12 n_kv_heads=2 head_dim=128 kv_head=0 worker=1 block_r=0 block_c=1280 t0_us=260296057818 t1_us=260296057840 dur_us=22
FIG8_ATTENTION_EVENT mode=lut-exp layout=serial phase=measure iteration=0 component=qk_dot component_id=4 lut_exp=1 scna_layout=0 scna_width=0 qo_len=4 kv_len=4096 n_heads=12 n_kv_heads=2 head_dim=128 kv_head=0 worker=1 block_r=0 block_c=1280 t0_us=260296057841 t1_us=260296057841 dur_us=0
FIG8_ATTENTION_EVENT mode=lut-exp layout=serial phase=measure iteration=0 component=safe_sm component_id=5 lut_exp=1 scna_layout=0 scna_width=0 qo_len=4 kv_len=4096 n_heads=12 n_kv_heads=2 head_dim=128 kv_head=0 worker=1 block_r=0 block_c=1280 t0_us=260296057841 t1_us=260296057860 dur_us=19
FIG8_ATTENTION_EVENT mode=lut-exp layout=serial phase=measure iteration=0 component=v_load component_id=3 lut_exp=1 scna_layout=0 scna_width=0 qo_len=4 kv_len=4096 n_heads=12 n_kv_heads=2 head_dim=128 kv_head=0 worker=1 block_r=0 block_c=1280 t0_us=260296057861 t1_us=260296057890 dur_us=29
FIG8_ATTENTION_EVENT mode=lut-exp layout=serial phase=measure iteration=0 component=core_acc component_id=6 lut_exp=1 scna_layout=0 scna_width=0 qo_len=4 kv_len=4096 n_heads=12 n_kv_heads=2 head_dim=128 kv_head=0 worker=1 block_r=0 block_c=1280 t0_us=260296057890 t1_us=260296057892 dur_us=2
FIG8_ATTENTION_EVENT mode=lut-exp layout=serial phase=measure iteration=0 component=k_load component_id=2 lut_exp=1 scna_layout=0 scna_width=0 qo_len=4 kv_len=4096 n_heads=12 n_kv_heads=2 head_dim=128 kv_head=0 worker=1 block_r=0 block_c=2560 t0_us=260296057893 t1_us=260296057914 dur_us=21
FIG8_ATTENTION_EVENT mode=lut-exp layout=serial phase=measure iteration=0 component=qk_dot component_id=4 lut_exp=1 scna_layout=0 scna_width=0 qo_len=4 kv_len=4096 n_heads=12 n_kv_heads=2 head_dim=128 kv_head=0 worker=1 block_r=0 block_c=2560 t0_us=260296057915 t1_us=260296057916 dur_us=1
FIG8_ATTENTION_EVENT mode=lut-exp layout=serial phase=measure iteration=0 component=safe_sm component_id=5 lut_exp=1 scna_layout=0 scna_width=0 qo_len=4 kv_len=4096 n_heads=12 n_kv_heads=2 head_dim=128 kv_head=0 worker=1 block_r=0 block_c=2560 t0_us=260296057917 t1_us=260296057938 dur_us=20
FIG8_ATTENTION_EVENT mode=lut-exp layout=serial phase=measure iteration=0 component=v_load component_id=3 lut_exp=1 scna_layout=0 scna_width=0 qo_len=4 kv_len=4096 n_heads=12 n_kv_heads=2 head_dim=128 kv_head=0 worker=1 block_r=0 block_c=2560 t0_us=260296057938 t1_us=260296057971 dur_us=32
FIG8_ATTENTION_EVENT mode=lut-exp layout=serial phase=measure iteration=0 component=core_acc component_id=6 lut_exp=1 scna_layout=0 scna_width=0 qo_len=4 kv_len=4096 n_heads=12 n_kv_heads=2 head_dim=128 kv_head=0 worker=1 block_r=0 block_c=2560 t0_us=260296057971 t1_us=260296057971 dur_us=0
FIG8_ATTENTION_EVENT mode=lut-exp layout=serial phase=measure iteration=0 component=k_load component_id=2 lut_exp=1 scna_layout=0 scna_width=0 qo_len=4 kv_len=4096 n_heads=12 n_kv_heads=2 head_dim=128 kv_head=0 worker=1 block_r=0 block_c=3840 t0_us=260296057972 t1_us=260296057976 dur_us=4
FIG8_ATTENTION_EVENT mode=lut-exp layout=serial phase=measure iteration=0 component=qk_dot component_id=4 lut_exp=1 scna_layout=0 scna_width=0 qo_len=4 kv_len=4096 n_heads=12 n_kv_heads=2 head_dim=128 kv_head=0 worker=1 block_r=0 block_c=3840 t0_us=260296057976 t1_us=260296057976 dur_us=0
FIG8_ATTENTION_EVENT mode=lut-exp layout=serial phase=measure iteration=0 component=safe_sm component_id=5 lut_exp=1 scna_layout=0 scna_width=0 qo_len=4 kv_len=4096 n_heads=12 n_kv_heads=2 head_dim=128 kv_head=0 worker=1 block_r=0 block_c=3840 t0_us=260296057976 t1_us=260296057982 dur_us=6
FIG8_ATTENTION_EVENT mode=lut-exp layout=serial phase=measure iteration=0 component=v_load component_id=3 lut_exp=1 scna_layout=0 scna_width=0 qo_len=4 kv_len=4096 n_heads=12 n_kv_heads=2 head_dim=128 kv_head=0 worker=1 block_r=0 block_c=3840 t0_us=260296057983 t1_us=260296057985 dur_us=2
FIG8_ATTENTION_EVENT mode=lut-exp layout=serial phase=measure iteration=0 component=core_acc component_id=6 lut_exp=1 scna_layout=0 scna_width=0 qo_len=4 kv_len=4096 n_heads=12 n_kv_heads=2 head_dim=128 kv_head=0 worker=1 block_r=0 block_c=3840 t0_us=260296057985 t1_us=260296057985 dur_us=0
FIG8_ATTENTION_EVENT mode=lut-exp layout=serial phase=measure iteration=0 component=o_scale component_id=7 lut_exp=1 scna_layout=0 scna_width=0 qo_len=4 kv_len=4096 n_heads=12 n_kv_heads=2 head_dim=128 kv_head=0 worker=1 block_r=0 block_c=-1 t0_us=260296057985 t1_us=260296057987 dur_us=1
FIG8_ATTENTION_EVENT mode=lut-exp layout=serial phase=measure iteration=0 component=o_store component_id=8 lut_exp=1 scna_layout=0 scna_width=0 qo_len=4 kv_len=4096 n_heads=12 n_kv_heads=2 head_dim=128 kv_head=0 worker=1 block_r=0 block_c=-1 t0_us=260296057987 t1_us=260296057989 dur_us=2
FIG8_ATTENTION_EVENT mode=lut-exp layout=serial phase=measure iteration=0 component=q_load component_id=1 lut_exp=1 scna_layout=0 scna_width=0 qo_len=4 kv_len=4096 n_heads=12 n_kv_heads=2 head_dim=128 kv_head=1 worker=1 block_r=0 block_c=-1 t0_us=260296058034 t1_us=260296058035 dur_us=1
FIG8_ATTENTION_EVENT mode=lut-exp layout=serial phase=measure iteration=0 component=k_load component_id=2 lut_exp=1 scna_layout=0 scna_width=0 qo_len=4 kv_len=4096 n_heads=12 n_kv_heads=2 head_dim=128 kv_head=1 worker=1 block_r=0 block_c=0 t0_us=260296058037 t1_us=260296058058 dur_us=20
FIG8_ATTENTION_EVENT mode=lut-exp layout=serial phase=measure iteration=0 component=qk_dot component_id=4 lut_exp=1 scna_layout=0 scna_width=0 qo_len=4 kv_len=4096 n_heads=12 n_kv_heads=2 head_dim=128 kv_head=1 worker=1 block_r=0 block_c=0 t0_us=260296058058 t1_us=260296058059 dur_us=0
FIG8_ATTENTION_EVENT mode=lut-exp layout=serial phase=measure iteration=0 component=safe_sm component_id=5 lut_exp=1 scna_layout=0 scna_width=0 qo_len=4 kv_len=4096 n_heads=12 n_kv_heads=2 head_dim=128 kv_head=1 worker=1 block_r=0 block_c=0 t0_us=260296058059 t1_us=260296058079 dur_us=20
FIG8_ATTENTION_EVENT mode=lut-exp layout=serial phase=measure iteration=0 component=v_load component_id=3 lut_exp=1 scna_layout=0 scna_width=0 qo_len=4 kv_len=4096 n_heads=12 n_kv_heads=2 head_dim=128 kv_head=1 worker=1 block_r=0 block_c=0 t0_us=260296058079 t1_us=260296058100 dur_us=20
FIG8_ATTENTION_EVENT mode=lut-exp layout=serial phase=measure iteration=0 component=core_acc component_id=6 lut_exp=1 scna_layout=0 scna_width=0 qo_len=4 kv_len=4096 n_heads=12 n_kv_heads=2 head_dim=128 kv_head=1 worker=1 block_r=0 block_c=0 t0_us=260296058100 t1_us=260296058101 dur_us=1
FIG8_ATTENTION_EVENT mode=lut-exp layout=serial phase=measure iteration=0 component=k_load component_id=2 lut_exp=1 scna_layout=0 scna_width=0 qo_len=4 kv_len=4096 n_heads=12 n_kv_heads=2 head_dim=128 kv_head=1 worker=1 block_r=0 block_c=1280 t0_us=260296058102 t1_us=260296058124 dur_us=22
FIG8_ATTENTION_EVENT mode=lut-exp layout=serial phase=measure iteration=0 component=qk_dot component_id=4 lut_exp=1 scna_layout=0 scna_width=0 qo_len=4 kv_len=4096 n_heads=12 n_kv_heads=2 head_dim=128 kv_head=1 worker=1 block_r=0 block_c=1280 t0_us=260296058124 t1_us=260296058125 dur_us=0
FIG8_ATTENTION_EVENT mode=lut-exp layout=serial phase=measure iteration=0 component=safe_sm component_id=5 lut_exp=1 scna_layout=0 scna_width=0 qo_len=4 kv_len=4096 n_heads=12 n_kv_heads=2 head_dim=128 kv_head=1 worker=1 block_r=0 block_c=1280 t0_us=260296058125 t1_us=260296058144 dur_us=19
FIG8_ATTENTION_EVENT mode=lut-exp layout=serial phase=measure iteration=0 component=v_load component_id=3 lut_exp=1 scna_layout=0 scna_width=0 qo_len=4 kv_len=4096 n_heads=12 n_kv_heads=2 head_dim=128 kv_head=1 worker=1 block_r=0 block_c=1280 t0_us=260296058144 t1_us=260296058180 dur_us=35
FIG8_ATTENTION_EVENT mode=lut-exp layout=serial phase=measure iteration=0 component=core_acc component_id=6 lut_exp=1 scna_layout=0 scna_width=0 qo_len=4 kv_len=4096 n_heads=12 n_kv_heads=2 head_dim=128 kv_head=1 worker=1 block_r=0 block_c=1280 t0_us=260296058180 t1_us=260296058180 dur_us=0
FIG8_ATTENTION_EVENT mode=lut-exp layout=serial phase=measure iteration=0 component=k_load component_id=2 lut_exp=1 scna_layout=0 scna_width=0 qo_len=4 kv_len=4096 n_heads=12 n_kv_heads=2 head_dim=128 kv_head=1 worker=1 block_r=0 block_c=2560 t0_us=260296058180 t1_us=260296058200 dur_us=20
FIG8_ATTENTION_EVENT mode=lut-exp layout=serial phase=measure iteration=0 component=qk_dot component_id=4 lut_exp=1 scna_layout=0 scna_width=0 qo_len=4 kv_len=4096 n_heads=12 n_kv_heads=2 head_dim=128 kv_head=1 worker=1 block_r=0 block_c=2560 t0_us=260296058201 t1_us=260296058201 dur_us=0
FIG8_ATTENTION_EVENT mode=lut-exp layout=serial phase=measure iteration=0 component=safe_sm component_id=5 lut_exp=1 scna_layout=0 scna_width=0 qo_len=4 kv_len=4096 n_heads=12 n_kv_heads=2 head_dim=128 kv_head=1 worker=1 block_r=0 block_c=2560 t0_us=260296058201 t1_us=260296058221 dur_us=19
FIG8_ATTENTION_EVENT mode=lut-exp layout=serial phase=measure iteration=0 component=v_load component_id=3 lut_exp=1 scna_layout=0 scna_width=0 qo_len=4 kv_len=4096 n_heads=12 n_kv_heads=2 head_dim=128 kv_head=1 worker=1 block_r=0 block_c=2560 t0_us=260296058221 t1_us=260296058252 dur_us=30
FIG8_ATTENTION_EVENT mode=lut-exp layout=serial phase=measure iteration=0 component=core_acc component_id=6 lut_exp=1 scna_layout=0 scna_width=0 qo_len=4 kv_len=4096 n_heads=12 n_kv_heads=2 head_dim=128 kv_head=1 worker=1 block_r=0 block_c=2560 t0_us=260296058252 t1_us=260296058253 dur_us=0
FIG8_ATTENTION_EVENT mode=lut-exp layout=serial phase=measure iteration=0 component=k_load component_id=2 lut_exp=1 scna_layout=0 scna_width=0 qo_len=4 kv_len=4096 n_heads=12 n_kv_heads=2 head_dim=128 kv_head=1 worker=1 block_r=0 block_c=3840 t0_us=260296058253 t1_us=260296058257 dur_us=4
FIG8_ATTENTION_EVENT mode=lut-exp layout=serial phase=measure iteration=0 component=qk_dot component_id=4 lut_exp=1 scna_layout=0 scna_width=0 qo_len=4 kv_len=4096 n_heads=12 n_kv_heads=2 head_dim=128 kv_head=1 worker=1 block_r=0 block_c=3840 t0_us=260296058257 t1_us=260296058257 dur_us=0
FIG8_ATTENTION_EVENT mode=lut-exp layout=serial phase=measure iteration=0 component=safe_sm component_id=5 lut_exp=1 scna_layout=0 scna_width=0 qo_len=4 kv_len=4096 n_heads=12 n_kv_heads=2 head_dim=128 kv_head=1 worker=1 block_r=0 block_c=3840 t0_us=260296058258 t1_us=260296058264 dur_us=6
FIG8_ATTENTION_EVENT mode=lut-exp layout=serial phase=measure iteration=0 component=v_load component_id=3 lut_exp=1 scna_layout=0 scna_width=0 qo_len=4 kv_len=4096 n_heads=12 n_kv_heads=2 head_dim=128 kv_head=1 worker=1 block_r=0 block_c=3840 t0_us=260296058264 t1_us=260296058266 dur_us=2
FIG8_ATTENTION_EVENT mode=lut-exp layout=serial phase=measure iteration=0 component=core_acc component_id=6 lut_exp=1 scna_layout=0 scna_width=0 qo_len=4 kv_len=4096 n_heads=12 n_kv_heads=2 head_dim=128 kv_head=1 worker=1 block_r=0 block_c=3840 t0_us=260296058267 t1_us=260296058267 dur_us=0
FIG8_ATTENTION_EVENT mode=lut-exp layout=serial phase=measure iteration=0 component=o_scale component_id=7 lut_exp=1 scna_layout=0 scna_width=0 qo_len=4 kv_len=4096 n_heads=12 n_kv_heads=2 head_dim=128 kv_head=1 worker=1 block_r=0 block_c=-1 t0_us=260296058267 t1_us=260296058269 dur_us=1
FIG8_ATTENTION_EVENT mode=lut-exp layout=serial phase=measure iteration=0 component=o_store component_id=8 lut_exp=1 scna_layout=0 scna_width=0 qo_len=4 kv_len=4096 n_heads=12 n_kv_heads=2 head_dim=128 kv_head=1 worker=1 block_r=0 block_c=-1 t0_us=260296058270 t1_us=260296058272 dur_us=2
FIG8_ATTENTION_EVENT mode=lut-exp layout=serial phase=measure iteration=0 component=q_load component_id=1 lut_exp=1 scna_layout=0 scna_width=0 qo_len=4 kv_len=4096 n_heads=12 n_kv_heads=2 head_dim=128 kv_head=0 worker=1 block_r=0 block_c=-1 t0_us=260296058315 t1_us=260296058316 dur_us=1
FIG8_ATTENTION_EVENT mode=lut-exp layout=serial phase=measure iteration=0 component=k_load component_id=2 lut_exp=1 scna_layout=0 scna_width=0 qo_len=4 kv_len=4096 n_heads=12 n_kv_heads=2 head_dim=128 kv_head=0 worker=1 block_r=0 block_c=0 t0_us=260296058318 t1_us=260296058339 dur_us=20
FIG8_ATTENTION_EVENT mode=lut-exp layout=serial phase=measure iteration=0 component=qk_dot component_id=4 lut_exp=1 scna_layout=0 scna_width=0 qo_len=4 kv_len=4096 n_heads=12 n_kv_heads=2 head_dim=128 kv_head=0 worker=1 block_r=0 block_c=0 t0_us=260296058340 t1_us=260296058340 dur_us=0
FIG8_ATTENTION_EVENT mode=lut-exp layout=serial phase=measure iteration=0 component=safe_sm component_id=5 lut_exp=1 scna_layout=0 scna_width=0 qo_len=4 kv_len=4096 n_heads=12 n_kv_heads=2 head_dim=128 kv_head=0 worker=1 block_r=0 block_c=0 t0_us=260296058341 t1_us=260296058360 dur_us=19
FIG8_ATTENTION_EVENT mode=lut-exp layout=serial phase=measure iteration=0 component=v_load component_id=3 lut_exp=1 scna_layout=0 scna_width=0 qo_len=4 kv_len=4096 n_heads=12 n_kv_heads=2 head_dim=128 kv_head=0 worker=1 block_r=0 block_c=0 t0_us=260296058360 t1_us=260296058380 dur_us=20
FIG8_ATTENTION_EVENT mode=lut-exp layout=serial phase=measure iteration=0 component=core_acc component_id=6 lut_exp=1 scna_layout=0 scna_width=0 qo_len=4 kv_len=4096 n_heads=12 n_kv_heads=2 head_dim=128 kv_head=0 worker=1 block_r=0 block_c=0 t0_us=260296058381 t1_us=260296058384 dur_us=2
FIG8_ATTENTION_EVENT mode=lut-exp layout=serial phase=measure iteration=0 component=k_load component_id=2 lut_exp=1 scna_layout=0 scna_width=0 qo_len=4 kv_len=4096 n_heads=12 n_kv_heads=2 head_dim=128 kv_head=0 worker=1 block_r=0 block_c=1280 t0_us=260296058385 t1_us=260296058408 dur_us=23
FIG8_ATTENTION_EVENT mode=lut-exp layout=serial phase=measure iteration=0 component=qk_dot component_id=4 lut_exp=1 scna_layout=0 scna_width=0 qo_len=4 kv_len=4096 n_heads=12 n_kv_heads=2 head_dim=128 kv_head=0 worker=1 block_r=0 block_c=1280 t0_us=260296058409 t1_us=260296058409 dur_us=0
FIG8_ATTENTION_EVENT mode=lut-exp layout=serial phase=measure iteration=0 component=safe_sm component_id=5 lut_exp=1 scna_layout=0 scna_width=0 qo_len=4 kv_len=4096 n_heads=12 n_kv_heads=2 head_dim=128 kv_head=0 worker=1 block_r=0 block_c=1280 t0_us=260296058409 t1_us=260296058428 dur_us=19
FIG8_ATTENTION_EVENT mode=lut-exp layout=serial phase=measure iteration=0 component=v_load component_id=3 lut_exp=1 scna_layout=0 scna_width=0 qo_len=4 kv_len=4096 n_heads=12 n_kv_heads=2 head_dim=128 kv_head=0 worker=1 block_r=0 block_c=1280 t0_us=260296058428 t1_us=260296058455 dur_us=26
FIG8_ATTENTION_EVENT mode=lut-exp layout=serial phase=measure iteration=0 component=core_acc component_id=6 lut_exp=1 scna_layout=0 scna_width=0 qo_len=4 kv_len=4096 n_heads=12 n_kv_heads=2 head_dim=128 kv_head=0 worker=1 block_r=0 block_c=1280 t0_us=260296058455 t1_us=260296058456 dur_us=0
FIG8_ATTENTION_EVENT mode=lut-exp layout=serial phase=measure iteration=0 component=k_load component_id=2 lut_exp=1 scna_layout=0 scna_width=0 qo_len=4 kv_len=4096 n_heads=12 n_kv_heads=2 head_dim=128 kv_head=0 worker=1 block_r=0 block_c=2560 t0_us=260296058456 t1_us=260296058477 dur_us=20
FIG8_ATTENTION_EVENT mode=lut-exp layout=serial phase=measure iteration=0 component=qk_dot component_id=4 lut_exp=1 scna_layout=0 scna_width=0 qo_len=4 kv_len=4096 n_heads=12 n_kv_heads=2 head_dim=128 kv_head=0 worker=1 block_r=0 block_c=2560 t0_us=260296058477 t1_us=260296058478 dur_us=0
FIG8_ATTENTION_EVENT mode=lut-exp layout=serial phase=measure iteration=0 component=safe_sm component_id=5 lut_exp=1 scna_layout=0 scna_width=0 qo_len=4 kv_len=4096 n_heads=12 n_kv_heads=2 head_dim=128 kv_head=0 worker=1 block_r=0 block_c=2560 t0_us=260296058478 t1_us=260296058497 dur_us=19
FIG8_ATTENTION_EVENT mode=lut-exp layout=serial phase=measure iteration=0 component=v_load component_id=3 lut_exp=1 scna_layout=0 scna_width=0 qo_len=4 kv_len=4096 n_heads=12 n_kv_heads=2 head_dim=128 kv_head=0 worker=1 block_r=0 block_c=2560 t0_us=260296058497 t1_us=260296058533 dur_us=35
FIG8_ATTENTION_EVENT mode=lut-exp layout=serial phase=measure iteration=0 component=core_acc component_id=6 lut_exp=1 scna_layout=0 scna_width=0 qo_len=4 kv_len=4096 n_heads=12 n_kv_heads=2 head_dim=128 kv_head=0 worker=1 block_r=0 block_c=2560 t0_us=260296058533 t1_us=260296058533 dur_us=0
FIG8_ATTENTION_EVENT mode=lut-exp layout=serial phase=measure iteration=0 component=k_load component_id=2 lut_exp=1 scna_layout=0 scna_width=0 qo_len=4 kv_len=4096 n_heads=12 n_kv_heads=2 head_dim=128 kv_head=0 worker=1 block_r=0 block_c=3840 t0_us=260296058534 t1_us=260296058538 dur_us=3
FIG8_ATTENTION_EVENT mode=lut-exp layout=serial phase=measure iteration=0 component=qk_dot component_id=4 lut_exp=1 scna_layout=0 scna_width=0 qo_len=4 kv_len=4096 n_heads=12 n_kv_heads=2 head_dim=128 kv_head=0 worker=1 block_r=0 block_c=3840 t0_us=260296058538 t1_us=260296058538 dur_us=0
FIG8_ATTENTION_EVENT mode=lut-exp layout=serial phase=measure iteration=0 component=safe_sm component_id=5 lut_exp=1 scna_layout=0 scna_width=0 qo_len=4 kv_len=4096 n_heads=12 n_kv_heads=2 head_dim=128 kv_head=0 worker=1 block_r=0 block_c=3840 t0_us=260296058538 t1_us=260296058545 dur_us=6
FIG8_ATTENTION_EVENT mode=lut-exp layout=serial phase=measure iteration=0 component=v_load component_id=3 lut_exp=1 scna_layout=0 scna_width=0 qo_len=4 kv_len=4096 n_heads=12 n_kv_heads=2 head_dim=128 kv_head=0 worker=1 block_r=0 block_c=3840 t0_us=260296058545 t1_us=260296058547 dur_us=2
FIG8_ATTENTION_EVENT mode=lut-exp layout=serial phase=measure iteration=0 component=core_acc component_id=6 lut_exp=1 scna_layout=0 scna_width=0 qo_len=4 kv_len=4096 n_heads=12 n_kv_heads=2 head_dim=128 kv_head=0 worker=1 block_r=0 block_c=3840 t0_us=260296058547 t1_us=260296058547 dur_us=0
FIG8_ATTENTION_EVENT mode=lut-exp layout=serial phase=measure iteration=0 component=o_scale component_id=7 lut_exp=1 scna_layout=0 scna_width=0 qo_len=4 kv_len=4096 n_heads=12 n_kv_heads=2 head_dim=128 kv_head=0 worker=1 block_r=0 block_c=-1 t0_us=260296058547 t1_us=260296058550 dur_us=2
FIG8_ATTENTION_EVENT mode=lut-exp layout=serial phase=measure iteration=0 component=o_store component_id=8 lut_exp=1 scna_layout=0 scna_width=0 qo_len=4 kv_len=4096 n_heads=12 n_kv_heads=2 head_dim=128 kv_head=0 worker=1 block_r=0 block_c=-1 t0_us=260296058550 t1_us=260296058552 dur_us=2
FIG8_ATTENTION_EVENT mode=lut-exp layout=serial phase=measure iteration=0 component=q_load component_id=1 lut_exp=1 scna_layout=0 scna_width=0 qo_len=4 kv_len=4096 n_heads=12 n_kv_heads=2 head_dim=128 kv_head=1 worker=1 block_r=0 block_c=-1 t0_us=260296058596 t1_us=260296058598 dur_us=1
FIG8_ATTENTION_EVENT mode=lut-exp layout=serial phase=measure iteration=0 component=k_load component_id=2 lut_exp=1 scna_layout=0 scna_width=0 qo_len=4 kv_len=4096 n_heads=12 n_kv_heads=2 head_dim=128 kv_head=1 worker=1 block_r=0 block_c=0 t0_us=260296058599 t1_us=260296058621 dur_us=21
FIG8_ATTENTION_EVENT mode=lut-exp layout=serial phase=measure iteration=0 component=qk_dot component_id=4 lut_exp=1 scna_layout=0 scna_width=0 qo_len=4 kv_len=4096 n_heads=12 n_kv_heads=2 head_dim=128 kv_head=1 worker=1 block_r=0 block_c=0 t0_us=260296058621 t1_us=260296058622 dur_us=1
FIG8_ATTENTION_EVENT mode=lut-exp layout=serial phase=measure iteration=0 component=safe_sm component_id=5 lut_exp=1 scna_layout=0 scna_width=0 qo_len=4 kv_len=4096 n_heads=12 n_kv_heads=2 head_dim=128 kv_head=1 worker=1 block_r=0 block_c=0 t0_us=260296058623 t1_us=260296058642 dur_us=19
FIG8_ATTENTION_EVENT mode=lut-exp layout=serial phase=measure iteration=0 component=v_load component_id=3 lut_exp=1 scna_layout=0 scna_width=0 qo_len=4 kv_len=4096 n_heads=12 n_kv_heads=2 head_dim=128 kv_head=1 worker=1 block_r=0 block_c=0 t0_us=260296058642 t1_us=260296058662 dur_us=19
FIG8_ATTENTION_EVENT mode=lut-exp layout=serial phase=measure iteration=0 component=core_acc component_id=6 lut_exp=1 scna_layout=0 scna_width=0 qo_len=4 kv_len=4096 n_heads=12 n_kv_heads=2 head_dim=128 kv_head=1 worker=1 block_r=0 block_c=0 t0_us=260296058663 t1_us=260296058666 dur_us=3
FIG8_ATTENTION_EVENT mode=lut-exp layout=serial phase=measure iteration=0 component=k_load component_id=2 lut_exp=1 scna_layout=0 scna_width=0 qo_len=4 kv_len=4096 n_heads=12 n_kv_heads=2 head_dim=128 kv_head=1 worker=1 block_r=0 block_c=1280 t0_us=260296058667 t1_us=260296058690 dur_us=23
FIG8_ATTENTION_EVENT mode=lut-exp layout=serial phase=measure iteration=0 component=qk_dot component_id=4 lut_exp=1 scna_layout=0 scna_width=0 qo_len=4 kv_len=4096 n_heads=12 n_kv_heads=2 head_dim=128 kv_head=1 worker=1 block_r=0 block_c=1280 t0_us=260296058691 t1_us=260296058691 dur_us=0
FIG8_ATTENTION_EVENT mode=lut-exp layout=serial phase=measure iteration=0 component=safe_sm component_id=5 lut_exp=1 scna_layout=0 scna_width=0 qo_len=4 kv_len=4096 n_heads=12 n_kv_heads=2 head_dim=128 kv_head=1 worker=1 block_r=0 block_c=1280 t0_us=260296058691 t1_us=260296058710 dur_us=18
FIG8_ATTENTION_EVENT mode=lut-exp layout=serial phase=measure iteration=0 component=v_load component_id=3 lut_exp=1 scna_layout=0 scna_width=0 qo_len=4 kv_len=4096 n_heads=12 n_kv_heads=2 head_dim=128 kv_head=1 worker=1 block_r=0 block_c=1280 t0_us=260296058710 t1_us=260296058736 dur_us=25
FIG8_ATTENTION_EVENT mode=lut-exp layout=serial phase=measure iteration=0 component=core_acc component_id=6 lut_exp=1 scna_layout=0 scna_width=0 qo_len=4 kv_len=4096 n_heads=12 n_kv_heads=2 head_dim=128 kv_head=1 worker=1 block_r=0 block_c=1280 t0_us=260296058736 t1_us=260296058737 dur_us=0
FIG8_ATTENTION_EVENT mode=lut-exp layout=serial phase=measure iteration=0 component=k_load component_id=2 lut_exp=1 scna_layout=0 scna_width=0 qo_len=4 kv_len=4096 n_heads=12 n_kv_heads=2 head_dim=128 kv_head=1 worker=1 block_r=0 block_c=2560 t0_us=260296058737 t1_us=260296058757 dur_us=19
FIG8_ATTENTION_EVENT mode=lut-exp layout=serial phase=measure iteration=0 component=qk_dot component_id=4 lut_exp=1 scna_layout=0 scna_width=0 qo_len=4 kv_len=4096 n_heads=12 n_kv_heads=2 head_dim=128 kv_head=1 worker=1 block_r=0 block_c=2560 t0_us=260296058757 t1_us=260296058757 dur_us=0
FIG8_ATTENTION_EVENT mode=lut-exp layout=serial phase=measure iteration=0 component=safe_sm component_id=5 lut_exp=1 scna_layout=0 scna_width=0 qo_len=4 kv_len=4096 n_heads=12 n_kv_heads=2 head_dim=128 kv_head=1 worker=1 block_r=0 block_c=2560 t0_us=260296058757 t1_us=260296058777 dur_us=20
FIG8_ATTENTION_EVENT mode=lut-exp layout=serial phase=measure iteration=0 component=v_load component_id=3 lut_exp=1 scna_layout=0 scna_width=0 qo_len=4 kv_len=4096 n_heads=12 n_kv_heads=2 head_dim=128 kv_head=1 worker=1 block_r=0 block_c=2560 t0_us=260296058777 t1_us=260296058814 dur_us=36
FIG8_ATTENTION_EVENT mode=lut-exp layout=serial phase=measure iteration=0 component=core_acc component_id=6 lut_exp=1 scna_layout=0 scna_width=0 qo_len=4 kv_len=4096 n_heads=12 n_kv_heads=2 head_dim=128 kv_head=1 worker=1 block_r=0 block_c=2560 t0_us=260296058814 t1_us=260296058815 dur_us=0
FIG8_ATTENTION_EVENT mode=lut-exp layout=serial phase=measure iteration=0 component=k_load component_id=2 lut_exp=1 scna_layout=0 scna_width=0 qo_len=4 kv_len=4096 n_heads=12 n_kv_heads=2 head_dim=128 kv_head=1 worker=1 block_r=0 block_c=3840 t0_us=260296058815 t1_us=260296058819 dur_us=3
FIG8_ATTENTION_EVENT mode=lut-exp layout=serial phase=measure iteration=0 component=qk_dot component_id=4 lut_exp=1 scna_layout=0 scna_width=0 qo_len=4 kv_len=4096 n_heads=12 n_kv_heads=2 head_dim=128 kv_head=1 worker=1 block_r=0 block_c=3840 t0_us=260296058819 t1_us=260296058819 dur_us=0
FIG8_ATTENTION_EVENT mode=lut-exp layout=serial phase=measure iteration=0 component=safe_sm component_id=5 lut_exp=1 scna_layout=0 scna_width=0 qo_len=4 kv_len=4096 n_heads=12 n_kv_heads=2 head_dim=128 kv_head=1 worker=1 block_r=0 block_c=3840 t0_us=260296058819 t1_us=260296058826 dur_us=6
FIG8_ATTENTION_EVENT mode=lut-exp layout=serial phase=measure iteration=0 component=v_load component_id=3 lut_exp=1 scna_layout=0 scna_width=0 qo_len=4 kv_len=4096 n_heads=12 n_kv_heads=2 head_dim=128 kv_head=1 worker=1 block_r=0 block_c=3840 t0_us=260296058826 t1_us=260296058828 dur_us=2
FIG8_ATTENTION_EVENT mode=lut-exp layout=serial phase=measure iteration=0 component=core_acc component_id=6 lut_exp=1 scna_layout=0 scna_width=0 qo_len=4 kv_len=4096 n_heads=12 n_kv_heads=2 head_dim=128 kv_head=1 worker=1 block_r=0 block_c=3840 t0_us=260296058828 t1_us=260296058828 dur_us=0
FIG8_ATTENTION_EVENT mode=lut-exp layout=serial phase=measure iteration=0 component=o_scale component_id=7 lut_exp=1 scna_layout=0 scna_width=0 qo_len=4 kv_len=4096 n_heads=12 n_kv_heads=2 head_dim=128 kv_head=1 worker=1 block_r=0 block_c=-1 t0_us=260296058829 t1_us=260296058831 dur_us=1
FIG8_ATTENTION_EVENT mode=lut-exp layout=serial phase=measure iteration=0 component=o_store component_id=8 lut_exp=1 scna_layout=0 scna_width=0 qo_len=4 kv_len=4096 n_heads=12 n_kv_heads=2 head_dim=128 kv_head=1 worker=1 block_r=0 block_c=-1 t0_us=260296058831 t1_us=260296058834 dur_us=2
FIG8_ATTENTION_EVENT mode=lut-exp layout=serial phase=measure iteration=0 component=q_load component_id=1 lut_exp=1 scna_layout=0 scna_width=0 qo_len=4 kv_len=4096 n_heads=12 n_kv_heads=2 head_dim=128 kv_head=0 worker=1 block_r=0 block_c=-1 t0_us=260296058876 t1_us=260296058877 dur_us=1
FIG8_ATTENTION_EVENT mode=lut-exp layout=serial phase=measure iteration=0 component=k_load component_id=2 lut_exp=1 scna_layout=0 scna_width=0 qo_len=4 kv_len=4096 n_heads=12 n_kv_heads=2 head_dim=128 kv_head=0 worker=1 block_r=0 block_c=0 t0_us=260296058879 t1_us=260296058899 dur_us=20
FIG8_ATTENTION_EVENT mode=lut-exp layout=serial phase=measure iteration=0 component=qk_dot component_id=4 lut_exp=1 scna_layout=0 scna_width=0 qo_len=4 kv_len=4096 n_heads=12 n_kv_heads=2 head_dim=128 kv_head=0 worker=1 block_r=0 block_c=0 t0_us=260296058900 t1_us=260296058901 dur_us=0
FIG8_ATTENTION_EVENT mode=lut-exp layout=serial phase=measure iteration=0 component=safe_sm component_id=5 lut_exp=1 scna_layout=0 scna_width=0 qo_len=4 kv_len=4096 n_heads=12 n_kv_heads=2 head_dim=128 kv_head=0 worker=1 block_r=0 block_c=0 t0_us=260296058902 t1_us=260296058922 dur_us=20
FIG8_ATTENTION_EVENT mode=lut-exp layout=serial phase=measure iteration=0 component=v_load component_id=3 lut_exp=1 scna_layout=0 scna_width=0 qo_len=4 kv_len=4096 n_heads=12 n_kv_heads=2 head_dim=128 kv_head=0 worker=1 block_r=0 block_c=0 t0_us=260296058923 t1_us=260296058944 dur_us=21
FIG8_ATTENTION_EVENT mode=lut-exp layout=serial phase=measure iteration=0 component=core_acc component_id=6 lut_exp=1 scna_layout=0 scna_width=0 qo_len=4 kv_len=4096 n_heads=12 n_kv_heads=2 head_dim=128 kv_head=0 worker=1 block_r=0 block_c=0 t0_us=260296058945 t1_us=260296058948 dur_us=3
FIG8_ATTENTION_EVENT mode=lut-exp layout=serial phase=measure iteration=0 component=k_load component_id=2 lut_exp=1 scna_layout=0 scna_width=0 qo_len=4 kv_len=4096 n_heads=12 n_kv_heads=2 head_dim=128 kv_head=0 worker=1 block_r=0 block_c=1280 t0_us=260296058949 t1_us=260296058972 dur_us=23
FIG8_ATTENTION_EVENT mode=lut-exp layout=serial phase=measure iteration=0 component=qk_dot component_id=4 lut_exp=1 scna_layout=0 scna_width=0 qo_len=4 kv_len=4096 n_heads=12 n_kv_heads=2 head_dim=128 kv_head=0 worker=1 block_r=0 block_c=1280 t0_us=260296058972 t1_us=260296058973 dur_us=0
FIG8_ATTENTION_EVENT mode=lut-exp layout=serial phase=measure iteration=0 component=safe_sm component_id=5 lut_exp=1 scna_layout=0 scna_width=0 qo_len=4 kv_len=4096 n_heads=12 n_kv_heads=2 head_dim=128 kv_head=0 worker=1 block_r=0 block_c=1280 t0_us=260296058973 t1_us=260296058992 dur_us=19
FIG8_ATTENTION_EVENT mode=lut-exp layout=serial phase=measure iteration=0 component=v_load component_id=3 lut_exp=1 scna_layout=0 scna_width=0 qo_len=4 kv_len=4096 n_heads=12 n_kv_heads=2 head_dim=128 kv_head=0 worker=1 block_r=0 block_c=1280 t0_us=260296058992 t1_us=260296059026 dur_us=34
FIG8_ATTENTION_EVENT mode=lut-exp layout=serial phase=measure iteration=0 component=core_acc component_id=6 lut_exp=1 scna_layout=0 scna_width=0 qo_len=4 kv_len=4096 n_heads=12 n_kv_heads=2 head_dim=128 kv_head=0 worker=1 block_r=0 block_c=1280 t0_us=260296059026 t1_us=260296059027 dur_us=1
FIG8_ATTENTION_EVENT mode=lut-exp layout=serial phase=measure iteration=0 component=k_load component_id=2 lut_exp=1 scna_layout=0 scna_width=0 qo_len=4 kv_len=4096 n_heads=12 n_kv_heads=2 head_dim=128 kv_head=0 worker=1 block_r=0 block_c=2560 t0_us=260296059027 t1_us=260296059047 dur_us=19
FIG8_ATTENTION_EVENT mode=lut-exp layout=serial phase=measure iteration=0 component=qk_dot component_id=4 lut_exp=1 scna_layout=0 scna_width=0 qo_len=4 kv_len=4096 n_heads=12 n_kv_heads=2 head_dim=128 kv_head=0 worker=1 block_r=0 block_c=2560 t0_us=260296059047 t1_us=260296059048 dur_us=0
FIG8_ATTENTION_EVENT mode=lut-exp layout=serial phase=measure iteration=0 component=safe_sm component_id=5 lut_exp=1 scna_layout=0 scna_width=0 qo_len=4 kv_len=4096 n_heads=12 n_kv_heads=2 head_dim=128 kv_head=0 worker=1 block_r=0 block_c=2560 t0_us=260296059048 t1_us=260296059067 dur_us=19
FIG8_ATTENTION_EVENT mode=lut-exp layout=serial phase=measure iteration=0 component=v_load component_id=3 lut_exp=1 scna_layout=0 scna_width=0 qo_len=4 kv_len=4096 n_heads=12 n_kv_heads=2 head_dim=128 kv_head=0 worker=1 block_r=0 block_c=2560 t0_us=260296059068 t1_us=260296059096 dur_us=28
FIG8_ATTENTION_EVENT mode=lut-exp layout=serial phase=measure iteration=0 component=core_acc component_id=6 lut_exp=1 scna_layout=0 scna_width=0 qo_len=4 kv_len=4096 n_heads=12 n_kv_heads=2 head_dim=128 kv_head=0 worker=1 block_r=0 block_c=2560 t0_us=260296059096 t1_us=260296059097 dur_us=0
FIG8_ATTENTION_EVENT mode=lut-exp layout=serial phase=measure iteration=0 component=k_load component_id=2 lut_exp=1 scna_layout=0 scna_width=0 qo_len=4 kv_len=4096 n_heads=12 n_kv_heads=2 head_dim=128 kv_head=0 worker=1 block_r=0 block_c=3840 t0_us=260296059097 t1_us=260296059101 dur_us=4
FIG8_ATTENTION_EVENT mode=lut-exp layout=serial phase=measure iteration=0 component=qk_dot component_id=4 lut_exp=1 scna_layout=0 scna_width=0 qo_len=4 kv_len=4096 n_heads=12 n_kv_heads=2 head_dim=128 kv_head=0 worker=1 block_r=0 block_c=3840 t0_us=260296059101 t1_us=260296059101 dur_us=0
FIG8_ATTENTION_EVENT mode=lut-exp layout=serial phase=measure iteration=0 component=safe_sm component_id=5 lut_exp=1 scna_layout=0 scna_width=0 qo_len=4 kv_len=4096 n_heads=12 n_kv_heads=2 head_dim=128 kv_head=0 worker=1 block_r=0 block_c=3840 t0_us=260296059102 t1_us=260296059108 dur_us=6
FIG8_ATTENTION_EVENT mode=lut-exp layout=serial phase=measure iteration=0 component=v_load component_id=3 lut_exp=1 scna_layout=0 scna_width=0 qo_len=4 kv_len=4096 n_heads=12 n_kv_heads=2 head_dim=128 kv_head=0 worker=1 block_r=0 block_c=3840 t0_us=260296059108 t1_us=260296059110 dur_us=2
FIG8_ATTENTION_EVENT mode=lut-exp layout=serial phase=measure iteration=0 component=core_acc component_id=6 lut_exp=1 scna_layout=0 scna_width=0 qo_len=4 kv_len=4096 n_heads=12 n_kv_heads=2 head_dim=128 kv_head=0 worker=1 block_r=0 block_c=3840 t0_us=260296059110 t1_us=260296059111 dur_us=0
FIG8_ATTENTION_EVENT mode=lut-exp layout=serial phase=measure iteration=0 component=o_scale component_id=7 lut_exp=1 scna_layout=0 scna_width=0 qo_len=4 kv_len=4096 n_heads=12 n_kv_heads=2 head_dim=128 kv_head=0 worker=1 block_r=0 block_c=-1 t0_us=260296059111 t1_us=260296059113 dur_us=2
FIG8_ATTENTION_EVENT mode=lut-exp layout=serial phase=measure iteration=0 component=o_store component_id=8 lut_exp=1 scna_layout=0 scna_width=0 qo_len=4 kv_len=4096 n_heads=12 n_kv_heads=2 head_dim=128 kv_head=0 worker=1 block_r=0 block_c=-1 t0_us=260296059113 t1_us=260296059115 dur_us=2
FIG8_ATTENTION_EVENT mode=lut-exp layout=serial phase=measure iteration=0 component=q_load component_id=1 lut_exp=1 scna_layout=0 scna_width=0 qo_len=4 kv_len=4096 n_heads=12 n_kv_heads=2 head_dim=128 kv_head=1 worker=1 block_r=0 block_c=-1 t0_us=260296059160 t1_us=260296059162 dur_us=1
FIG8_ATTENTION_EVENT mode=lut-exp layout=serial phase=measure iteration=0 component=k_load component_id=2 lut_exp=1 scna_layout=0 scna_width=0 qo_len=4 kv_len=4096 n_heads=12 n_kv_heads=2 head_dim=128 kv_head=1 worker=1 block_r=0 block_c=0 t0_us=260296059163 t1_us=260296059184 dur_us=20
FIG8_ATTENTION_EVENT mode=lut-exp layout=serial phase=measure iteration=0 component=qk_dot component_id=4 lut_exp=1 scna_layout=0 scna_width=0 qo_len=4 kv_len=4096 n_heads=12 n_kv_heads=2 head_dim=128 kv_head=1 worker=1 block_r=0 block_c=0 t0_us=260296059185 t1_us=260296059186 dur_us=1
FIG8_ATTENTION_EVENT mode=lut-exp layout=serial phase=measure iteration=0 component=safe_sm component_id=5 lut_exp=1 scna_layout=0 scna_width=0 qo_len=4 kv_len=4096 n_heads=12 n_kv_heads=2 head_dim=128 kv_head=1 worker=1 block_r=0 block_c=0 t0_us=260296059186 t1_us=260296059207 dur_us=20
FIG8_ATTENTION_EVENT mode=lut-exp layout=serial phase=measure iteration=0 component=v_load component_id=3 lut_exp=1 scna_layout=0 scna_width=0 qo_len=4 kv_len=4096 n_heads=12 n_kv_heads=2 head_dim=128 kv_head=1 worker=1 block_r=0 block_c=0 t0_us=260296059207 t1_us=260296059228 dur_us=20
FIG8_ATTENTION_EVENT mode=lut-exp layout=serial phase=measure iteration=0 component=core_acc component_id=6 lut_exp=1 scna_layout=0 scna_width=0 qo_len=4 kv_len=4096 n_heads=12 n_kv_heads=2 head_dim=128 kv_head=1 worker=1 block_r=0 block_c=0 t0_us=260296059228 t1_us=260296059230 dur_us=1
FIG8_ATTENTION_EVENT mode=lut-exp layout=serial phase=measure iteration=0 component=k_load component_id=2 lut_exp=1 scna_layout=0 scna_width=0 qo_len=4 kv_len=4096 n_heads=12 n_kv_heads=2 head_dim=128 kv_head=1 worker=1 block_r=0 block_c=1280 t0_us=260296059231 t1_us=260296059254 dur_us=22
FIG8_ATTENTION_EVENT mode=lut-exp layout=serial phase=measure iteration=0 component=qk_dot component_id=4 lut_exp=1 scna_layout=0 scna_width=0 qo_len=4 kv_len=4096 n_heads=12 n_kv_heads=2 head_dim=128 kv_head=1 worker=1 block_r=0 block_c=1280 t0_us=260296059254 t1_us=260296059254 dur_us=0
FIG8_ATTENTION_EVENT mode=lut-exp layout=serial phase=measure iteration=0 component=safe_sm component_id=5 lut_exp=1 scna_layout=0 scna_width=0 qo_len=4 kv_len=4096 n_heads=12 n_kv_heads=2 head_dim=128 kv_head=1 worker=1 block_r=0 block_c=1280 t0_us=260296059254 t1_us=260296059274 dur_us=19
FIG8_ATTENTION_EVENT mode=lut-exp layout=serial phase=measure iteration=0 component=v_load component_id=3 lut_exp=1 scna_layout=0 scna_width=0 qo_len=4 kv_len=4096 n_heads=12 n_kv_heads=2 head_dim=128 kv_head=1 worker=1 block_r=0 block_c=1280 t0_us=260296059274 t1_us=260296059308 dur_us=34
FIG8_ATTENTION_EVENT mode=lut-exp layout=serial phase=measure iteration=0 component=core_acc component_id=6 lut_exp=1 scna_layout=0 scna_width=0 qo_len=4 kv_len=4096 n_heads=12 n_kv_heads=2 head_dim=128 kv_head=1 worker=1 block_r=0 block_c=1280 t0_us=260296059308 t1_us=260296059308 dur_us=0
FIG8_ATTENTION_EVENT mode=lut-exp layout=serial phase=measure iteration=0 component=k_load component_id=2 lut_exp=1 scna_layout=0 scna_width=0 qo_len=4 kv_len=4096 n_heads=12 n_kv_heads=2 head_dim=128 kv_head=1 worker=1 block_r=0 block_c=2560 t0_us=260296059308 t1_us=260296059329 dur_us=20
FIG8_ATTENTION_EVENT mode=lut-exp layout=serial phase=measure iteration=0 component=qk_dot component_id=4 lut_exp=1 scna_layout=0 scna_width=0 qo_len=4 kv_len=4096 n_heads=12 n_kv_heads=2 head_dim=128 kv_head=1 worker=1 block_r=0 block_c=2560 t0_us=260296059329 t1_us=260296059329 dur_us=0
FIG8_ATTENTION_EVENT mode=lut-exp layout=serial phase=measure iteration=0 component=safe_sm component_id=5 lut_exp=1 scna_layout=0 scna_width=0 qo_len=4 kv_len=4096 n_heads=12 n_kv_heads=2 head_dim=128 kv_head=1 worker=1 block_r=0 block_c=2560 t0_us=260296059329 t1_us=260296059349 dur_us=19
FIG8_ATTENTION_EVENT mode=lut-exp layout=serial phase=measure iteration=0 component=v_load component_id=3 lut_exp=1 scna_layout=0 scna_width=0 qo_len=4 kv_len=4096 n_heads=12 n_kv_heads=2 head_dim=128 kv_head=1 worker=1 block_r=0 block_c=2560 t0_us=260296059349 t1_us=260296059380 dur_us=30
FIG8_ATTENTION_EVENT mode=lut-exp layout=serial phase=measure iteration=0 component=core_acc component_id=6 lut_exp=1 scna_layout=0 scna_width=0 qo_len=4 kv_len=4096 n_heads=12 n_kv_heads=2 head_dim=128 kv_head=1 worker=1 block_r=0 block_c=2560 t0_us=260296059380 t1_us=260296059381 dur_us=1
FIG8_ATTENTION_EVENT mode=lut-exp layout=serial phase=measure iteration=0 component=k_load component_id=2 lut_exp=1 scna_layout=0 scna_width=0 qo_len=4 kv_len=4096 n_heads=12 n_kv_heads=2 head_dim=128 kv_head=1 worker=1 block_r=0 block_c=3840 t0_us=260296059381 t1_us=260296059385 dur_us=4
FIG8_ATTENTION_EVENT mode=lut-exp layout=serial phase=measure iteration=0 component=qk_dot component_id=4 lut_exp=1 scna_layout=0 scna_width=0 qo_len=4 kv_len=4096 n_heads=12 n_kv_heads=2 head_dim=128 kv_head=1 worker=1 block_r=0 block_c=3840 t0_us=260296059385 t1_us=260296059385 dur_us=0
FIG8_ATTENTION_EVENT mode=lut-exp layout=serial phase=measure iteration=0 component=safe_sm component_id=5 lut_exp=1 scna_layout=0 scna_width=0 qo_len=4 kv_len=4096 n_heads=12 n_kv_heads=2 head_dim=128 kv_head=1 worker=1 block_r=0 block_c=3840 t0_us=260296059385 t1_us=260296059392 dur_us=6
FIG8_ATTENTION_EVENT mode=lut-exp layout=serial phase=measure iteration=0 component=v_load component_id=3 lut_exp=1 scna_layout=0 scna_width=0 qo_len=4 kv_len=4096 n_heads=12 n_kv_heads=2 head_dim=128 kv_head=1 worker=1 block_r=0 block_c=3840 t0_us=260296059392 t1_us=260296059394 dur_us=2
FIG8_ATTENTION_EVENT mode=lut-exp layout=serial phase=measure iteration=0 component=core_acc component_id=6 lut_exp=1 scna_layout=0 scna_width=0 qo_len=4 kv_len=4096 n_heads=12 n_kv_heads=2 head_dim=128 kv_head=1 worker=1 block_r=0 block_c=3840 t0_us=260296059394 t1_us=260296059395 dur_us=0
FIG8_ATTENTION_EVENT mode=lut-exp layout=serial phase=measure iteration=0 component=o_scale component_id=7 lut_exp=1 scna_layout=0 scna_width=0 qo_len=4 kv_len=4096 n_heads=12 n_kv_heads=2 head_dim=128 kv_head=1 worker=1 block_r=0 block_c=-1 t0_us=260296059395 t1_us=260296059397 dur_us=1
FIG8_ATTENTION_EVENT mode=lut-exp layout=serial phase=measure iteration=0 component=o_store component_id=8 lut_exp=1 scna_layout=0 scna_width=0 qo_len=4 kv_len=4096 n_heads=12 n_kv_heads=2 head_dim=128 kv_head=1 worker=1 block_r=0 block_c=-1 t0_us=260296059397 t1_us=260296059400 dur_us=2
FIG8_ATTENTION_EVENT mode=lut-exp layout=serial phase=measure iteration=0 component=q_load component_id=1 lut_exp=1 scna_layout=0 scna_width=0 qo_len=4 kv_len=4096 n_heads=12 n_kv_heads=2 head_dim=128 kv_head=0 worker=1 block_r=0 block_c=-1 t0_us=260296059445 t1_us=260296059446 dur_us=1
FIG8_ATTENTION_EVENT mode=lut-exp layout=serial phase=measure iteration=0 component=k_load component_id=2 lut_exp=1 scna_layout=0 scna_width=0 qo_len=4 kv_len=4096 n_heads=12 n_kv_heads=2 head_dim=128 kv_head=0 worker=1 block_r=0 block_c=0 t0_us=260296059448 t1_us=260296059468 dur_us=20
FIG8_ATTENTION_EVENT mode=lut-exp layout=serial phase=measure iteration=0 component=qk_dot component_id=4 lut_exp=1 scna_layout=0 scna_width=0 qo_len=4 kv_len=4096 n_heads=12 n_kv_heads=2 head_dim=128 kv_head=0 worker=1 block_r=0 block_c=0 t0_us=260296059469 t1_us=260296059470 dur_us=0
FIG8_ATTENTION_EVENT mode=lut-exp layout=serial phase=measure iteration=0 component=safe_sm component_id=5 lut_exp=1 scna_layout=0 scna_width=0 qo_len=4 kv_len=4096 n_heads=12 n_kv_heads=2 head_dim=128 kv_head=0 worker=1 block_r=0 block_c=0 t0_us=260296059470 t1_us=260296059490 dur_us=20
FIG8_ATTENTION_EVENT mode=lut-exp layout=serial phase=measure iteration=0 component=v_load component_id=3 lut_exp=1 scna_layout=0 scna_width=0 qo_len=4 kv_len=4096 n_heads=12 n_kv_heads=2 head_dim=128 kv_head=0 worker=1 block_r=0 block_c=0 t0_us=260296059491 t1_us=260296059512 dur_us=20
FIG8_ATTENTION_EVENT mode=lut-exp layout=serial phase=measure iteration=0 component=core_acc component_id=6 lut_exp=1 scna_layout=0 scna_width=0 qo_len=4 kv_len=4096 n_heads=12 n_kv_heads=2 head_dim=128 kv_head=0 worker=1 block_r=0 block_c=0 t0_us=260296059512 t1_us=260296059515 dur_us=2
FIG8_ATTENTION_EVENT mode=lut-exp layout=serial phase=measure iteration=0 component=k_load component_id=2 lut_exp=1 scna_layout=0 scna_width=0 qo_len=4 kv_len=4096 n_heads=12 n_kv_heads=2 head_dim=128 kv_head=0 worker=1 block_r=0 block_c=1280 t0_us=260296059515 t1_us=260296059539 dur_us=23
FIG8_ATTENTION_EVENT mode=lut-exp layout=serial phase=measure iteration=0 component=qk_dot component_id=4 lut_exp=1 scna_layout=0 scna_width=0 qo_len=4 kv_len=4096 n_heads=12 n_kv_heads=2 head_dim=128 kv_head=0 worker=1 block_r=0 block_c=1280 t0_us=260296059539 t1_us=260296059539 dur_us=0
FIG8_ATTENTION_EVENT mode=lut-exp layout=serial phase=measure iteration=0 component=safe_sm component_id=5 lut_exp=1 scna_layout=0 scna_width=0 qo_len=4 kv_len=4096 n_heads=12 n_kv_heads=2 head_dim=128 kv_head=0 worker=1 block_r=0 block_c=1280 t0_us=260296059540 t1_us=260296059559 dur_us=19
FIG8_ATTENTION_EVENT mode=lut-exp layout=serial phase=measure iteration=0 component=v_load component_id=3 lut_exp=1 scna_layout=0 scna_width=0 qo_len=4 kv_len=4096 n_heads=12 n_kv_heads=2 head_dim=128 kv_head=0 worker=1 block_r=0 block_c=1280 t0_us=260296059559 t1_us=260296059593 dur_us=33
FIG8_ATTENTION_EVENT mode=lut-exp layout=serial phase=measure iteration=0 component=core_acc component_id=6 lut_exp=1 scna_layout=0 scna_width=0 qo_len=4 kv_len=4096 n_heads=12 n_kv_heads=2 head_dim=128 kv_head=0 worker=1 block_r=0 block_c=1280 t0_us=260296059593 t1_us=260296059594 dur_us=0
FIG8_ATTENTION_EVENT mode=lut-exp layout=serial phase=measure iteration=0 component=k_load component_id=2 lut_exp=1 scna_layout=0 scna_width=0 qo_len=4 kv_len=4096 n_heads=12 n_kv_heads=2 head_dim=128 kv_head=0 worker=1 block_r=0 block_c=2560 t0_us=260296059594 t1_us=260296059615 dur_us=20
FIG8_ATTENTION_EVENT mode=lut-exp layout=serial phase=measure iteration=0 component=qk_dot component_id=4 lut_exp=1 scna_layout=0 scna_width=0 qo_len=4 kv_len=4096 n_heads=12 n_kv_heads=2 head_dim=128 kv_head=0 worker=1 block_r=0 block_c=2560 t0_us=260296059615 t1_us=260296059615 dur_us=0
FIG8_ATTENTION_EVENT mode=lut-exp layout=serial phase=measure iteration=0 component=safe_sm component_id=5 lut_exp=1 scna_layout=0 scna_width=0 qo_len=4 kv_len=4096 n_heads=12 n_kv_heads=2 head_dim=128 kv_head=0 worker=1 block_r=0 block_c=2560 t0_us=260296059615 t1_us=260296059635 dur_us=19
FIG8_ATTENTION_EVENT mode=lut-exp layout=serial phase=measure iteration=0 component=v_load component_id=3 lut_exp=1 scna_layout=0 scna_width=0 qo_len=4 kv_len=4096 n_heads=12 n_kv_heads=2 head_dim=128 kv_head=0 worker=1 block_r=0 block_c=2560 t0_us=260296059635 t1_us=260296059673 dur_us=37
FIG8_ATTENTION_EVENT mode=lut-exp layout=serial phase=measure iteration=0 component=core_acc component_id=6 lut_exp=1 scna_layout=0 scna_width=0 qo_len=4 kv_len=4096 n_heads=12 n_kv_heads=2 head_dim=128 kv_head=0 worker=1 block_r=0 block_c=2560 t0_us=260296059673 t1_us=260296059674 dur_us=0
FIG8_ATTENTION_EVENT mode=lut-exp layout=serial phase=measure iteration=0 component=k_load component_id=2 lut_exp=1 scna_layout=0 scna_width=0 qo_len=4 kv_len=4096 n_heads=12 n_kv_heads=2 head_dim=128 kv_head=0 worker=1 block_r=0 block_c=3840 t0_us=260296059674 t1_us=260296059678 dur_us=4
FIG8_ATTENTION_EVENT mode=lut-exp layout=serial phase=measure iteration=0 component=qk_dot component_id=4 lut_exp=1 scna_layout=0 scna_width=0 qo_len=4 kv_len=4096 n_heads=12 n_kv_heads=2 head_dim=128 kv_head=0 worker=1 block_r=0 block_c=3840 t0_us=260296059678 t1_us=260296059678 dur_us=0
FIG8_ATTENTION_EVENT mode=lut-exp layout=serial phase=measure iteration=0 component=safe_sm component_id=5 lut_exp=1 scna_layout=0 scna_width=0 qo_len=4 kv_len=4096 n_heads=12 n_kv_heads=2 head_dim=128 kv_head=0 worker=1 block_r=0 block_c=3840 t0_us=260296059678 t1_us=260296059685 dur_us=6
FIG8_ATTENTION_EVENT mode=lut-exp layout=serial phase=measure iteration=0 component=v_load component_id=3 lut_exp=1 scna_layout=0 scna_width=0 qo_len=4 kv_len=4096 n_heads=12 n_kv_heads=2 head_dim=128 kv_head=0 worker=1 block_r=0 block_c=3840 t0_us=260296059685 t1_us=260296059687 dur_us=2
FIG8_ATTENTION_EVENT mode=lut-exp layout=serial phase=measure iteration=0 component=core_acc component_id=6 lut_exp=1 scna_layout=0 scna_width=0 qo_len=4 kv_len=4096 n_heads=12 n_kv_heads=2 head_dim=128 kv_head=0 worker=1 block_r=0 block_c=3840 t0_us=260296059687 t1_us=260296059688 dur_us=0
FIG8_ATTENTION_EVENT mode=lut-exp layout=serial phase=measure iteration=0 component=o_scale component_id=7 lut_exp=1 scna_layout=0 scna_width=0 qo_len=4 kv_len=4096 n_heads=12 n_kv_heads=2 head_dim=128 kv_head=0 worker=1 block_r=0 block_c=-1 t0_us=260296059688 t1_us=260296059690 dur_us=1
FIG8_ATTENTION_EVENT mode=lut-exp layout=serial phase=measure iteration=0 component=o_store component_id=8 lut_exp=1 scna_layout=0 scna_width=0 qo_len=4 kv_len=4096 n_heads=12 n_kv_heads=2 head_dim=128 kv_head=0 worker=1 block_r=0 block_c=-1 t0_us=260296059690 t1_us=260296059692 dur_us=2
FIG8_ATTENTION_EVENT mode=lut-exp layout=serial phase=measure iteration=0 component=q_load component_id=1 lut_exp=1 scna_layout=0 scna_width=0 qo_len=4 kv_len=4096 n_heads=12 n_kv_heads=2 head_dim=128 kv_head=1 worker=1 block_r=0 block_c=-1 t0_us=260296059737 t1_us=260296059738 dur_us=1
FIG8_ATTENTION_EVENT mode=lut-exp layout=serial phase=measure iteration=0 component=k_load component_id=2 lut_exp=1 scna_layout=0 scna_width=0 qo_len=4 kv_len=4096 n_heads=12 n_kv_heads=2 head_dim=128 kv_head=1 worker=1 block_r=0 block_c=0 t0_us=260296059740 t1_us=260296059761 dur_us=20
FIG8_ATTENTION_EVENT mode=lut-exp layout=serial phase=measure iteration=0 component=qk_dot component_id=4 lut_exp=1 scna_layout=0 scna_width=0 qo_len=4 kv_len=4096 n_heads=12 n_kv_heads=2 head_dim=128 kv_head=1 worker=1 block_r=0 block_c=0 t0_us=260296059761 t1_us=260296059763 dur_us=1
FIG8_ATTENTION_EVENT mode=lut-exp layout=serial phase=measure iteration=0 component=safe_sm component_id=5 lut_exp=1 scna_layout=0 scna_width=0 qo_len=4 kv_len=4096 n_heads=12 n_kv_heads=2 head_dim=128 kv_head=1 worker=1 block_r=0 block_c=0 t0_us=260296059763 t1_us=260296059784 dur_us=20
FIG8_ATTENTION_EVENT mode=lut-exp layout=serial phase=measure iteration=0 component=v_load component_id=3 lut_exp=1 scna_layout=0 scna_width=0 qo_len=4 kv_len=4096 n_heads=12 n_kv_heads=2 head_dim=128 kv_head=1 worker=1 block_r=0 block_c=0 t0_us=260296059784 t1_us=260296059810 dur_us=25
FIG8_ATTENTION_EVENT mode=lut-exp layout=serial phase=measure iteration=0 component=core_acc component_id=6 lut_exp=1 scna_layout=0 scna_width=0 qo_len=4 kv_len=4096 n_heads=12 n_kv_heads=2 head_dim=128 kv_head=1 worker=1 block_r=0 block_c=0 t0_us=260296059810 t1_us=260296059813 dur_us=3
FIG8_ATTENTION_EVENT mode=lut-exp layout=serial phase=measure iteration=0 component=k_load component_id=2 lut_exp=1 scna_layout=0 scna_width=0 qo_len=4 kv_len=4096 n_heads=12 n_kv_heads=2 head_dim=128 kv_head=1 worker=1 block_r=0 block_c=1280 t0_us=260296059814 t1_us=260296059837 dur_us=23
FIG8_ATTENTION_EVENT mode=lut-exp layout=serial phase=measure iteration=0 component=qk_dot component_id=4 lut_exp=1 scna_layout=0 scna_width=0 qo_len=4 kv_len=4096 n_heads=12 n_kv_heads=2 head_dim=128 kv_head=1 worker=1 block_r=0 block_c=1280 t0_us=260296059838 t1_us=260296059838 dur_us=0
FIG8_ATTENTION_EVENT mode=lut-exp layout=serial phase=measure iteration=0 component=safe_sm component_id=5 lut_exp=1 scna_layout=0 scna_width=0 qo_len=4 kv_len=4096 n_heads=12 n_kv_heads=2 head_dim=128 kv_head=1 worker=1 block_r=0 block_c=1280 t0_us=260296059838 t1_us=260296059857 dur_us=18
FIG8_ATTENTION_EVENT mode=lut-exp layout=serial phase=measure iteration=0 component=v_load component_id=3 lut_exp=1 scna_layout=0 scna_width=0 qo_len=4 kv_len=4096 n_heads=12 n_kv_heads=2 head_dim=128 kv_head=1 worker=1 block_r=0 block_c=1280 t0_us=260296059857 t1_us=260296059885 dur_us=27
FIG8_ATTENTION_EVENT mode=lut-exp layout=serial phase=measure iteration=0 component=core_acc component_id=6 lut_exp=1 scna_layout=0 scna_width=0 qo_len=4 kv_len=4096 n_heads=12 n_kv_heads=2 head_dim=128 kv_head=1 worker=1 block_r=0 block_c=1280 t0_us=260296059885 t1_us=260296059886 dur_us=0
FIG8_ATTENTION_EVENT mode=lut-exp layout=serial phase=measure iteration=0 component=k_load component_id=2 lut_exp=1 scna_layout=0 scna_width=0 qo_len=4 kv_len=4096 n_heads=12 n_kv_heads=2 head_dim=128 kv_head=1 worker=1 block_r=0 block_c=2560 t0_us=260296059887 t1_us=260296059908 dur_us=20
FIG8_ATTENTION_EVENT mode=lut-exp layout=serial phase=measure iteration=0 component=qk_dot component_id=4 lut_exp=1 scna_layout=0 scna_width=0 qo_len=4 kv_len=4096 n_heads=12 n_kv_heads=2 head_dim=128 kv_head=1 worker=1 block_r=0 block_c=2560 t0_us=260296059909 t1_us=260296059910 dur_us=0
FIG8_ATTENTION_EVENT mode=lut-exp layout=serial phase=measure iteration=0 component=safe_sm component_id=5 lut_exp=1 scna_layout=0 scna_width=0 qo_len=4 kv_len=4096 n_heads=12 n_kv_heads=2 head_dim=128 kv_head=1 worker=1 block_r=0 block_c=2560 t0_us=260296059910 t1_us=260296059932 dur_us=21
FIG8_ATTENTION_EVENT mode=lut-exp layout=serial phase=measure iteration=0 component=v_load component_id=3 lut_exp=1 scna_layout=0 scna_width=0 qo_len=4 kv_len=4096 n_heads=12 n_kv_heads=2 head_dim=128 kv_head=1 worker=1 block_r=0 block_c=2560 t0_us=260296059932 t1_us=260296059964 dur_us=32
FIG8_ATTENTION_EVENT mode=lut-exp layout=serial phase=measure iteration=0 component=core_acc component_id=6 lut_exp=1 scna_layout=0 scna_width=0 qo_len=4 kv_len=4096 n_heads=12 n_kv_heads=2 head_dim=128 kv_head=1 worker=1 block_r=0 block_c=2560 t0_us=260296059964 t1_us=260296059965 dur_us=0
FIG8_ATTENTION_EVENT mode=lut-exp layout=serial phase=measure iteration=0 component=k_load component_id=2 lut_exp=1 scna_layout=0 scna_width=0 qo_len=4 kv_len=4096 n_heads=12 n_kv_heads=2 head_dim=128 kv_head=1 worker=1 block_r=0 block_c=3840 t0_us=260296059965 t1_us=260296059969 dur_us=4
FIG8_ATTENTION_EVENT mode=lut-exp layout=serial phase=measure iteration=0 component=qk_dot component_id=4 lut_exp=1 scna_layout=0 scna_width=0 qo_len=4 kv_len=4096 n_heads=12 n_kv_heads=2 head_dim=128 kv_head=1 worker=1 block_r=0 block_c=3840 t0_us=260296059969 t1_us=260296059969 dur_us=0
FIG8_ATTENTION_EVENT mode=lut-exp layout=serial phase=measure iteration=0 component=safe_sm component_id=5 lut_exp=1 scna_layout=0 scna_width=0 qo_len=4 kv_len=4096 n_heads=12 n_kv_heads=2 head_dim=128 kv_head=1 worker=1 block_r=0 block_c=3840 t0_us=260296059970 t1_us=260296059976 dur_us=6
FIG8_ATTENTION_EVENT mode=lut-exp layout=serial phase=measure iteration=0 component=v_load component_id=3 lut_exp=1 scna_layout=0 scna_width=0 qo_len=4 kv_len=4096 n_heads=12 n_kv_heads=2 head_dim=128 kv_head=1 worker=1 block_r=0 block_c=3840 t0_us=260296059976 t1_us=260296059978 dur_us=2
FIG8_ATTENTION_EVENT mode=lut-exp layout=serial phase=measure iteration=0 component=core_acc component_id=6 lut_exp=1 scna_layout=0 scna_width=0 qo_len=4 kv_len=4096 n_heads=12 n_kv_heads=2 head_dim=128 kv_head=1 worker=1 block_r=0 block_c=3840 t0_us=260296059978 t1_us=260296059979 dur_us=0
FIG8_ATTENTION_EVENT mode=lut-exp layout=serial phase=measure iteration=0 component=o_scale component_id=7 lut_exp=1 scna_layout=0 scna_width=0 qo_len=4 kv_len=4096 n_heads=12 n_kv_heads=2 head_dim=128 kv_head=1 worker=1 block_r=0 block_c=-1 t0_us=260296059979 t1_us=260296059981 dur_us=1
FIG8_ATTENTION_EVENT mode=lut-exp layout=serial phase=measure iteration=0 component=o_store component_id=8 lut_exp=1 scna_layout=0 scna_width=0 qo_len=4 kv_len=4096 n_heads=12 n_kv_heads=2 head_dim=128 kv_head=1 worker=1 block_r=0 block_c=-1 t0_us=260296059981 t1_us=260296059984 dur_us=2
FIG8_ATTENTION_EVENT mode=lut-exp layout=serial phase=measure iteration=0 component=q_load component_id=1 lut_exp=1 scna_layout=0 scna_width=0 qo_len=4 kv_len=4096 n_heads=12 n_kv_heads=2 head_dim=128 kv_head=0 worker=1 block_r=0 block_c=-1 t0_us=260296060029 t1_us=260296060030 dur_us=1
FIG8_ATTENTION_EVENT mode=lut-exp layout=serial phase=measure iteration=0 component=k_load component_id=2 lut_exp=1 scna_layout=0 scna_width=0 qo_len=4 kv_len=4096 n_heads=12 n_kv_heads=2 head_dim=128 kv_head=0 worker=1 block_r=0 block_c=0 t0_us=260296060032 t1_us=260296060052 dur_us=20
FIG8_ATTENTION_EVENT mode=lut-exp layout=serial phase=measure iteration=0 component=qk_dot component_id=4 lut_exp=1 scna_layout=0 scna_width=0 qo_len=4 kv_len=4096 n_heads=12 n_kv_heads=2 head_dim=128 kv_head=0 worker=1 block_r=0 block_c=0 t0_us=260296060052 t1_us=260296060053 dur_us=0
FIG8_ATTENTION_EVENT mode=lut-exp layout=serial phase=measure iteration=0 component=safe_sm component_id=5 lut_exp=1 scna_layout=0 scna_width=0 qo_len=4 kv_len=4096 n_heads=12 n_kv_heads=2 head_dim=128 kv_head=0 worker=1 block_r=0 block_c=0 t0_us=260296060053 t1_us=260296060073 dur_us=20
FIG8_ATTENTION_EVENT mode=lut-exp layout=serial phase=measure iteration=0 component=v_load component_id=3 lut_exp=1 scna_layout=0 scna_width=0 qo_len=4 kv_len=4096 n_heads=12 n_kv_heads=2 head_dim=128 kv_head=0 worker=1 block_r=0 block_c=0 t0_us=260296060073 t1_us=260296060094 dur_us=20
FIG8_ATTENTION_EVENT mode=lut-exp layout=serial phase=measure iteration=0 component=core_acc component_id=6 lut_exp=1 scna_layout=0 scna_width=0 qo_len=4 kv_len=4096 n_heads=12 n_kv_heads=2 head_dim=128 kv_head=0 worker=1 block_r=0 block_c=0 t0_us=260296060095 t1_us=260296060098 dur_us=2
FIG8_ATTENTION_EVENT mode=lut-exp layout=serial phase=measure iteration=0 component=k_load component_id=2 lut_exp=1 scna_layout=0 scna_width=0 qo_len=4 kv_len=4096 n_heads=12 n_kv_heads=2 head_dim=128 kv_head=0 worker=1 block_r=0 block_c=1280 t0_us=260296060098 t1_us=260296060121 dur_us=23
FIG8_ATTENTION_EVENT mode=lut-exp layout=serial phase=measure iteration=0 component=qk_dot component_id=4 lut_exp=1 scna_layout=0 scna_width=0 qo_len=4 kv_len=4096 n_heads=12 n_kv_heads=2 head_dim=128 kv_head=0 worker=1 block_r=0 block_c=1280 t0_us=260296060121 t1_us=260296060122 dur_us=0
FIG8_ATTENTION_EVENT mode=lut-exp layout=serial phase=measure iteration=0 component=safe_sm component_id=5 lut_exp=1 scna_layout=0 scna_width=0 qo_len=4 kv_len=4096 n_heads=12 n_kv_heads=2 head_dim=128 kv_head=0 worker=1 block_r=0 block_c=1280 t0_us=260296060122 t1_us=260296060141 dur_us=19
FIG8_ATTENTION_EVENT mode=lut-exp layout=serial phase=measure iteration=0 component=v_load component_id=3 lut_exp=1 scna_layout=0 scna_width=0 qo_len=4 kv_len=4096 n_heads=12 n_kv_heads=2 head_dim=128 kv_head=0 worker=1 block_r=0 block_c=1280 t0_us=260296060141 t1_us=260296060176 dur_us=34
FIG8_ATTENTION_EVENT mode=lut-exp layout=serial phase=measure iteration=0 component=core_acc component_id=6 lut_exp=1 scna_layout=0 scna_width=0 qo_len=4 kv_len=4096 n_heads=12 n_kv_heads=2 head_dim=128 kv_head=0 worker=1 block_r=0 block_c=1280 t0_us=260296060176 t1_us=260296060177 dur_us=0
FIG8_ATTENTION_EVENT mode=lut-exp layout=serial phase=measure iteration=0 component=k_load component_id=2 lut_exp=1 scna_layout=0 scna_width=0 qo_len=4 kv_len=4096 n_heads=12 n_kv_heads=2 head_dim=128 kv_head=0 worker=1 block_r=0 block_c=2560 t0_us=260296060177 t1_us=260296060198 dur_us=20
FIG8_ATTENTION_EVENT mode=lut-exp layout=serial phase=measure iteration=0 component=qk_dot component_id=4 lut_exp=1 scna_layout=0 scna_width=0 qo_len=4 kv_len=4096 n_heads=12 n_kv_heads=2 head_dim=128 kv_head=0 worker=1 block_r=0 block_c=2560 t0_us=260296060198 t1_us=260296060198 dur_us=0
FIG8_ATTENTION_EVENT mode=lut-exp layout=serial phase=measure iteration=0 component=safe_sm component_id=5 lut_exp=1 scna_layout=0 scna_width=0 qo_len=4 kv_len=4096 n_heads=12 n_kv_heads=2 head_dim=128 kv_head=0 worker=1 block_r=0 block_c=2560 t0_us=260296060199 t1_us=260296060218 dur_us=19
FIG8_ATTENTION_EVENT mode=lut-exp layout=serial phase=measure iteration=0 component=v_load component_id=3 lut_exp=1 scna_layout=0 scna_width=0 qo_len=4 kv_len=4096 n_heads=12 n_kv_heads=2 head_dim=128 kv_head=0 worker=1 block_r=0 block_c=2560 t0_us=260296060218 t1_us=260296060246 dur_us=27
FIG8_ATTENTION_EVENT mode=lut-exp layout=serial phase=measure iteration=0 component=core_acc component_id=6 lut_exp=1 scna_layout=0 scna_width=0 qo_len=4 kv_len=4096 n_heads=12 n_kv_heads=2 head_dim=128 kv_head=0 worker=1 block_r=0 block_c=2560 t0_us=260296060246 t1_us=260296060247 dur_us=0
FIG8_ATTENTION_EVENT mode=lut-exp layout=serial phase=measure iteration=0 component=k_load component_id=2 lut_exp=1 scna_layout=0 scna_width=0 qo_len=4 kv_len=4096 n_heads=12 n_kv_heads=2 head_dim=128 kv_head=0 worker=1 block_r=0 block_c=3840 t0_us=260296060247 t1_us=260296060251 dur_us=4
FIG8_ATTENTION_EVENT mode=lut-exp layout=serial phase=measure iteration=0 component=qk_dot component_id=4 lut_exp=1 scna_layout=0 scna_width=0 qo_len=4 kv_len=4096 n_heads=12 n_kv_heads=2 head_dim=128 kv_head=0 worker=1 block_r=0 block_c=3840 t0_us=260296060251 t1_us=260296060251 dur_us=0
FIG8_ATTENTION_EVENT mode=lut-exp layout=serial phase=measure iteration=0 component=safe_sm component_id=5 lut_exp=1 scna_layout=0 scna_width=0 qo_len=4 kv_len=4096 n_heads=12 n_kv_heads=2 head_dim=128 kv_head=0 worker=1 block_r=0 block_c=3840 t0_us=260296060251 t1_us=260296060258 dur_us=6
FIG8_ATTENTION_EVENT mode=lut-exp layout=serial phase=measure iteration=0 component=v_load component_id=3 lut_exp=1 scna_layout=0 scna_width=0 qo_len=4 kv_len=4096 n_heads=12 n_kv_heads=2 head_dim=128 kv_head=0 worker=1 block_r=0 block_c=3840 t0_us=260296060258 t1_us=260296060260 dur_us=2
FIG8_ATTENTION_EVENT mode=lut-exp layout=serial phase=measure iteration=0 component=core_acc component_id=6 lut_exp=1 scna_layout=0 scna_width=0 qo_len=4 kv_len=4096 n_heads=12 n_kv_heads=2 head_dim=128 kv_head=0 worker=1 block_r=0 block_c=3840 t0_us=260296060261 t1_us=260296060261 dur_us=0
FIG8_ATTENTION_EVENT mode=lut-exp layout=serial phase=measure iteration=0 component=o_scale component_id=7 lut_exp=1 scna_layout=0 scna_width=0 qo_len=4 kv_len=4096 n_heads=12 n_kv_heads=2 head_dim=128 kv_head=0 worker=1 block_r=0 block_c=-1 t0_us=260296060261 t1_us=260296060263 dur_us=2
FIG8_ATTENTION_EVENT mode=lut-exp layout=serial phase=measure iteration=0 component=o_store component_id=8 lut_exp=1 scna_layout=0 scna_width=0 qo_len=4 kv_len=4096 n_heads=12 n_kv_heads=2 head_dim=128 kv_head=0 worker=1 block_r=0 block_c=-1 t0_us=260296060263 t1_us=260296060265 dur_us=2
FIG8_ATTENTION_EVENT mode=lut-exp layout=serial phase=measure iteration=0 component=q_load component_id=1 lut_exp=1 scna_layout=0 scna_width=0 qo_len=4 kv_len=4096 n_heads=12 n_kv_heads=2 head_dim=128 kv_head=1 worker=1 block_r=0 block_c=-1 t0_us=260296060310 t1_us=260296060312 dur_us=1
FIG8_ATTENTION_EVENT mode=lut-exp layout=serial phase=measure iteration=0 component=k_load component_id=2 lut_exp=1 scna_layout=0 scna_width=0 qo_len=4 kv_len=4096 n_heads=12 n_kv_heads=2 head_dim=128 kv_head=1 worker=1 block_r=0 block_c=0 t0_us=260296060313 t1_us=260296060334 dur_us=20
FIG8_ATTENTION_EVENT mode=lut-exp layout=serial phase=measure iteration=0 component=qk_dot component_id=4 lut_exp=1 scna_layout=0 scna_width=0 qo_len=4 kv_len=4096 n_heads=12 n_kv_heads=2 head_dim=128 kv_head=1 worker=1 block_r=0 block_c=0 t0_us=260296060335 t1_us=260296060336 dur_us=1
FIG8_ATTENTION_EVENT mode=lut-exp layout=serial phase=measure iteration=0 component=safe_sm component_id=5 lut_exp=1 scna_layout=0 scna_width=0 qo_len=4 kv_len=4096 n_heads=12 n_kv_heads=2 head_dim=128 kv_head=1 worker=1 block_r=0 block_c=0 t0_us=260296060337 t1_us=260296060356 dur_us=19
FIG8_ATTENTION_EVENT mode=lut-exp layout=serial phase=measure iteration=0 component=v_load component_id=3 lut_exp=1 scna_layout=0 scna_width=0 qo_len=4 kv_len=4096 n_heads=12 n_kv_heads=2 head_dim=128 kv_head=1 worker=1 block_r=0 block_c=0 t0_us=260296060357 t1_us=260296060379 dur_us=21
FIG8_ATTENTION_EVENT mode=lut-exp layout=serial phase=measure iteration=0 component=core_acc component_id=6 lut_exp=1 scna_layout=0 scna_width=0 qo_len=4 kv_len=4096 n_heads=12 n_kv_heads=2 head_dim=128 kv_head=1 worker=1 block_r=0 block_c=0 t0_us=260296060379 t1_us=260296060381 dur_us=2
FIG8_ATTENTION_EVENT mode=lut-exp layout=serial phase=measure iteration=0 component=k_load component_id=2 lut_exp=1 scna_layout=0 scna_width=0 qo_len=4 kv_len=4096 n_heads=12 n_kv_heads=2 head_dim=128 kv_head=1 worker=1 block_r=0 block_c=1280 t0_us=260296060382 t1_us=260296060406 dur_us=23
FIG8_ATTENTION_EVENT mode=lut-exp layout=serial phase=measure iteration=0 component=qk_dot component_id=4 lut_exp=1 scna_layout=0 scna_width=0 qo_len=4 kv_len=4096 n_heads=12 n_kv_heads=2 head_dim=128 kv_head=1 worker=1 block_r=0 block_c=1280 t0_us=260296060406 t1_us=260296060406 dur_us=0
FIG8_ATTENTION_EVENT mode=lut-exp layout=serial phase=measure iteration=0 component=safe_sm component_id=5 lut_exp=1 scna_layout=0 scna_width=0 qo_len=4 kv_len=4096 n_heads=12 n_kv_heads=2 head_dim=128 kv_head=1 worker=1 block_r=0 block_c=1280 t0_us=260296060407 t1_us=260296060426 dur_us=19
FIG8_ATTENTION_EVENT mode=lut-exp layout=serial phase=measure iteration=0 component=v_load component_id=3 lut_exp=1 scna_layout=0 scna_width=0 qo_len=4 kv_len=4096 n_heads=12 n_kv_heads=2 head_dim=128 kv_head=1 worker=1 block_r=0 block_c=1280 t0_us=260296060426 t1_us=260296060460 dur_us=33
FIG8_ATTENTION_EVENT mode=lut-exp layout=serial phase=measure iteration=0 component=core_acc component_id=6 lut_exp=1 scna_layout=0 scna_width=0 qo_len=4 kv_len=4096 n_heads=12 n_kv_heads=2 head_dim=128 kv_head=1 worker=1 block_r=0 block_c=1280 t0_us=260296060460 t1_us=260296060460 dur_us=0
FIG8_ATTENTION_EVENT mode=lut-exp layout=serial phase=measure iteration=0 component=k_load component_id=2 lut_exp=1 scna_layout=0 scna_width=0 qo_len=4 kv_len=4096 n_heads=12 n_kv_heads=2 head_dim=128 kv_head=1 worker=1 block_r=0 block_c=2560 t0_us=260296060460 t1_us=260296060481 dur_us=20
FIG8_ATTENTION_EVENT mode=lut-exp layout=serial phase=measure iteration=0 component=qk_dot component_id=4 lut_exp=1 scna_layout=0 scna_width=0 qo_len=4 kv_len=4096 n_heads=12 n_kv_heads=2 head_dim=128 kv_head=1 worker=1 block_r=0 block_c=2560 t0_us=260296060481 t1_us=260296060481 dur_us=0
FIG8_ATTENTION_EVENT mode=lut-exp layout=serial phase=measure iteration=0 component=safe_sm component_id=5 lut_exp=1 scna_layout=0 scna_width=0 qo_len=4 kv_len=4096 n_heads=12 n_kv_heads=2 head_dim=128 kv_head=1 worker=1 block_r=0 block_c=2560 t0_us=260296060482 t1_us=260296060502 dur_us=20
FIG8_ATTENTION_EVENT mode=lut-exp layout=serial phase=measure iteration=0 component=v_load component_id=3 lut_exp=1 scna_layout=0 scna_width=0 qo_len=4 kv_len=4096 n_heads=12 n_kv_heads=2 head_dim=128 kv_head=1 worker=1 block_r=0 block_c=2560 t0_us=260296060502 t1_us=260296060538 dur_us=36
FIG8_ATTENTION_EVENT mode=lut-exp layout=serial phase=measure iteration=0 component=core_acc component_id=6 lut_exp=1 scna_layout=0 scna_width=0 qo_len=4 kv_len=4096 n_heads=12 n_kv_heads=2 head_dim=128 kv_head=1 worker=1 block_r=0 block_c=2560 t0_us=260296060538 t1_us=260296060539 dur_us=0
FIG8_ATTENTION_EVENT mode=lut-exp layout=serial phase=measure iteration=0 component=k_load component_id=2 lut_exp=1 scna_layout=0 scna_width=0 qo_len=4 kv_len=4096 n_heads=12 n_kv_heads=2 head_dim=128 kv_head=1 worker=1 block_r=0 block_c=3840 t0_us=260296060539 t1_us=260296060544 dur_us=4
FIG8_ATTENTION_EVENT mode=lut-exp layout=serial phase=measure iteration=0 component=qk_dot component_id=4 lut_exp=1 scna_layout=0 scna_width=0 qo_len=4 kv_len=4096 n_heads=12 n_kv_heads=2 head_dim=128 kv_head=1 worker=1 block_r=0 block_c=3840 t0_us=260296060544 t1_us=260296060544 dur_us=0
FIG8_ATTENTION_EVENT mode=lut-exp layout=serial phase=measure iteration=0 component=safe_sm component_id=5 lut_exp=1 scna_layout=0 scna_width=0 qo_len=4 kv_len=4096 n_heads=12 n_kv_heads=2 head_dim=128 kv_head=1 worker=1 block_r=0 block_c=3840 t0_us=260296060544 t1_us=260296060551 dur_us=6
FIG8_ATTENTION_EVENT mode=lut-exp layout=serial phase=measure iteration=0 component=v_load component_id=3 lut_exp=1 scna_layout=0 scna_width=0 qo_len=4 kv_len=4096 n_heads=12 n_kv_heads=2 head_dim=128 kv_head=1 worker=1 block_r=0 block_c=3840 t0_us=260296060551 t1_us=260296060553 dur_us=2
FIG8_ATTENTION_EVENT mode=lut-exp layout=serial phase=measure iteration=0 component=core_acc component_id=6 lut_exp=1 scna_layout=0 scna_width=0 qo_len=4 kv_len=4096 n_heads=12 n_kv_heads=2 head_dim=128 kv_head=1 worker=1 block_r=0 block_c=3840 t0_us=260296060553 t1_us=260296060553 dur_us=0
FIG8_ATTENTION_EVENT mode=lut-exp layout=serial phase=measure iteration=0 component=o_scale component_id=7 lut_exp=1 scna_layout=0 scna_width=0 qo_len=4 kv_len=4096 n_heads=12 n_kv_heads=2 head_dim=128 kv_head=1 worker=1 block_r=0 block_c=-1 t0_us=260296060554 t1_us=260296060555 dur_us=1
FIG8_ATTENTION_EVENT mode=lut-exp layout=serial phase=measure iteration=0 component=o_store component_id=8 lut_exp=1 scna_layout=0 scna_width=0 qo_len=4 kv_len=4096 n_heads=12 n_kv_heads=2 head_dim=128 kv_head=1 worker=1 block_r=0 block_c=-1 t0_us=260296060556 t1_us=260296060558 dur_us=2
FIG8_ATTENTION_EVENT mode=lut-exp layout=serial phase=measure iteration=0 component=q_load component_id=1 lut_exp=1 scna_layout=0 scna_width=0 qo_len=4 kv_len=4096 n_heads=12 n_kv_heads=2 head_dim=128 kv_head=0 worker=1 block_r=0 block_c=-1 t0_us=260296060603 t1_us=260296060605 dur_us=1
FIG8_ATTENTION_EVENT mode=lut-exp layout=serial phase=measure iteration=0 component=k_load component_id=2 lut_exp=1 scna_layout=0 scna_width=0 qo_len=4 kv_len=4096 n_heads=12 n_kv_heads=2 head_dim=128 kv_head=0 worker=1 block_r=0 block_c=0 t0_us=260296060606 t1_us=260296060626 dur_us=20
FIG8_ATTENTION_EVENT mode=lut-exp layout=serial phase=measure iteration=0 component=qk_dot component_id=4 lut_exp=1 scna_layout=0 scna_width=0 qo_len=4 kv_len=4096 n_heads=12 n_kv_heads=2 head_dim=128 kv_head=0 worker=1 block_r=0 block_c=0 t0_us=260296060627 t1_us=260296060628 dur_us=0
FIG8_ATTENTION_EVENT mode=lut-exp layout=serial phase=measure iteration=0 component=safe_sm component_id=5 lut_exp=1 scna_layout=0 scna_width=0 qo_len=4 kv_len=4096 n_heads=12 n_kv_heads=2 head_dim=128 kv_head=0 worker=1 block_r=0 block_c=0 t0_us=260296060629 t1_us=260296060649 dur_us=20
FIG8_ATTENTION_EVENT mode=lut-exp layout=serial phase=measure iteration=0 component=v_load component_id=3 lut_exp=1 scna_layout=0 scna_width=0 qo_len=4 kv_len=4096 n_heads=12 n_kv_heads=2 head_dim=128 kv_head=0 worker=1 block_r=0 block_c=0 t0_us=260296060650 t1_us=260296060671 dur_us=21
FIG8_ATTENTION_EVENT mode=lut-exp layout=serial phase=measure iteration=0 component=core_acc component_id=6 lut_exp=1 scna_layout=0 scna_width=0 qo_len=4 kv_len=4096 n_heads=12 n_kv_heads=2 head_dim=128 kv_head=0 worker=1 block_r=0 block_c=0 t0_us=260296060672 t1_us=260296060675 dur_us=2
FIG8_ATTENTION_EVENT mode=lut-exp layout=serial phase=measure iteration=0 component=k_load component_id=2 lut_exp=1 scna_layout=0 scna_width=0 qo_len=4 kv_len=4096 n_heads=12 n_kv_heads=2 head_dim=128 kv_head=0 worker=1 block_r=0 block_c=1280 t0_us=260296060675 t1_us=260296060698 dur_us=23
FIG8_ATTENTION_EVENT mode=lut-exp layout=serial phase=measure iteration=0 component=qk_dot component_id=4 lut_exp=1 scna_layout=0 scna_width=0 qo_len=4 kv_len=4096 n_heads=12 n_kv_heads=2 head_dim=128 kv_head=0 worker=1 block_r=0 block_c=1280 t0_us=260296060698 t1_us=260296060699 dur_us=0
FIG8_ATTENTION_EVENT mode=lut-exp layout=serial phase=measure iteration=0 component=safe_sm component_id=5 lut_exp=1 scna_layout=0 scna_width=0 qo_len=4 kv_len=4096 n_heads=12 n_kv_heads=2 head_dim=128 kv_head=0 worker=1 block_r=0 block_c=1280 t0_us=260296060699 t1_us=260296060717 dur_us=18
FIG8_ATTENTION_EVENT mode=lut-exp layout=serial phase=measure iteration=0 component=v_load component_id=3 lut_exp=1 scna_layout=0 scna_width=0 qo_len=4 kv_len=4096 n_heads=12 n_kv_heads=2 head_dim=128 kv_head=0 worker=1 block_r=0 block_c=1280 t0_us=260296060718 t1_us=260296060746 dur_us=28
FIG8_ATTENTION_EVENT mode=lut-exp layout=serial phase=measure iteration=0 component=core_acc component_id=6 lut_exp=1 scna_layout=0 scna_width=0 qo_len=4 kv_len=4096 n_heads=12 n_kv_heads=2 head_dim=128 kv_head=0 worker=1 block_r=0 block_c=1280 t0_us=260296060747 t1_us=260296060748 dur_us=0
FIG8_ATTENTION_EVENT mode=lut-exp layout=serial phase=measure iteration=0 component=k_load component_id=2 lut_exp=1 scna_layout=0 scna_width=0 qo_len=4 kv_len=4096 n_heads=12 n_kv_heads=2 head_dim=128 kv_head=0 worker=1 block_r=0 block_c=2560 t0_us=260296060748 t1_us=260296060768 dur_us=20
FIG8_ATTENTION_EVENT mode=lut-exp layout=serial phase=measure iteration=0 component=qk_dot component_id=4 lut_exp=1 scna_layout=0 scna_width=0 qo_len=4 kv_len=4096 n_heads=12 n_kv_heads=2 head_dim=128 kv_head=0 worker=1 block_r=0 block_c=2560 t0_us=260296060768 t1_us=260296060768 dur_us=0
FIG8_ATTENTION_EVENT mode=lut-exp layout=serial phase=measure iteration=0 component=safe_sm component_id=5 lut_exp=1 scna_layout=0 scna_width=0 qo_len=4 kv_len=4096 n_heads=12 n_kv_heads=2 head_dim=128 kv_head=0 worker=1 block_r=0 block_c=2560 t0_us=260296060768 t1_us=260296060788 dur_us=20
FIG8_ATTENTION_EVENT mode=lut-exp layout=serial phase=measure iteration=0 component=v_load component_id=3 lut_exp=1 scna_layout=0 scna_width=0 qo_len=4 kv_len=4096 n_heads=12 n_kv_heads=2 head_dim=128 kv_head=0 worker=1 block_r=0 block_c=2560 t0_us=260296060788 t1_us=260296060823 dur_us=34
FIG8_ATTENTION_EVENT mode=lut-exp layout=serial phase=measure iteration=0 component=core_acc component_id=6 lut_exp=1 scna_layout=0 scna_width=0 qo_len=4 kv_len=4096 n_heads=12 n_kv_heads=2 head_dim=128 kv_head=0 worker=1 block_r=0 block_c=2560 t0_us=260296060823 t1_us=260296060824 dur_us=0
FIG8_ATTENTION_EVENT mode=lut-exp layout=serial phase=measure iteration=0 component=k_load component_id=2 lut_exp=1 scna_layout=0 scna_width=0 qo_len=4 kv_len=4096 n_heads=12 n_kv_heads=2 head_dim=128 kv_head=0 worker=1 block_r=0 block_c=3840 t0_us=260296060824 t1_us=260296060828 dur_us=4
FIG8_ATTENTION_EVENT mode=lut-exp layout=serial phase=measure iteration=0 component=qk_dot component_id=4 lut_exp=1 scna_layout=0 scna_width=0 qo_len=4 kv_len=4096 n_heads=12 n_kv_heads=2 head_dim=128 kv_head=0 worker=1 block_r=0 block_c=3840 t0_us=260296060828 t1_us=260296060828 dur_us=0
FIG8_ATTENTION_EVENT mode=lut-exp layout=serial phase=measure iteration=0 component=safe_sm component_id=5 lut_exp=1 scna_layout=0 scna_width=0 qo_len=4 kv_len=4096 n_heads=12 n_kv_heads=2 head_dim=128 kv_head=0 worker=1 block_r=0 block_c=3840 t0_us=260296060828 t1_us=260296060834 dur_us=6
FIG8_ATTENTION_EVENT mode=lut-exp layout=serial phase=measure iteration=0 component=v_load component_id=3 lut_exp=1 scna_layout=0 scna_width=0 qo_len=4 kv_len=4096 n_heads=12 n_kv_heads=2 head_dim=128 kv_head=0 worker=1 block_r=0 block_c=3840 t0_us=260296060834 t1_us=260296060837 dur_us=2
FIG8_ATTENTION_EVENT mode=lut-exp layout=serial phase=measure iteration=0 component=core_acc component_id=6 lut_exp=1 scna_layout=0 scna_width=0 qo_len=4 kv_len=4096 n_heads=12 n_kv_heads=2 head_dim=128 kv_head=0 worker=1 block_r=0 block_c=3840 t0_us=260296060837 t1_us=260296060838 dur_us=1
FIG8_ATTENTION_EVENT mode=lut-exp layout=serial phase=measure iteration=0 component=o_scale component_id=7 lut_exp=1 scna_layout=0 scna_width=0 qo_len=4 kv_len=4096 n_heads=12 n_kv_heads=2 head_dim=128 kv_head=0 worker=1 block_r=0 block_c=-1 t0_us=260296060838 t1_us=260296060840 dur_us=1
FIG8_ATTENTION_EVENT mode=lut-exp layout=serial phase=measure iteration=0 component=o_store component_id=8 lut_exp=1 scna_layout=0 scna_width=0 qo_len=4 kv_len=4096 n_heads=12 n_kv_heads=2 head_dim=128 kv_head=0 worker=1 block_r=0 block_c=-1 t0_us=260296060840 t1_us=260296060843 dur_us=2
FIG8_ATTENTION_EVENT mode=lut-exp layout=serial phase=measure iteration=0 component=q_load component_id=1 lut_exp=1 scna_layout=0 scna_width=0 qo_len=4 kv_len=4096 n_heads=12 n_kv_heads=2 head_dim=128 kv_head=1 worker=1 block_r=0 block_c=-1 t0_us=260296060886 t1_us=260296060887 dur_us=1
FIG8_ATTENTION_EVENT mode=lut-exp layout=serial phase=measure iteration=0 component=k_load component_id=2 lut_exp=1 scna_layout=0 scna_width=0 qo_len=4 kv_len=4096 n_heads=12 n_kv_heads=2 head_dim=128 kv_head=1 worker=1 block_r=0 block_c=0 t0_us=260296060889 t1_us=260296060910 dur_us=20
FIG8_ATTENTION_EVENT mode=lut-exp layout=serial phase=measure iteration=0 component=qk_dot component_id=4 lut_exp=1 scna_layout=0 scna_width=0 qo_len=4 kv_len=4096 n_heads=12 n_kv_heads=2 head_dim=128 kv_head=1 worker=1 block_r=0 block_c=0 t0_us=260296060911 t1_us=260296060912 dur_us=1
FIG8_ATTENTION_EVENT mode=lut-exp layout=serial phase=measure iteration=0 component=safe_sm component_id=5 lut_exp=1 scna_layout=0 scna_width=0 qo_len=4 kv_len=4096 n_heads=12 n_kv_heads=2 head_dim=128 kv_head=1 worker=1 block_r=0 block_c=0 t0_us=260296060912 t1_us=260296060933 dur_us=20
FIG8_ATTENTION_EVENT mode=lut-exp layout=serial phase=measure iteration=0 component=v_load component_id=3 lut_exp=1 scna_layout=0 scna_width=0 qo_len=4 kv_len=4096 n_heads=12 n_kv_heads=2 head_dim=128 kv_head=1 worker=1 block_r=0 block_c=0 t0_us=260296060934 t1_us=260296060954 dur_us=20
FIG8_ATTENTION_EVENT mode=lut-exp layout=serial phase=measure iteration=0 component=core_acc component_id=6 lut_exp=1 scna_layout=0 scna_width=0 qo_len=4 kv_len=4096 n_heads=12 n_kv_heads=2 head_dim=128 kv_head=1 worker=1 block_r=0 block_c=0 t0_us=260296060954 t1_us=260296060955 dur_us=0
FIG8_ATTENTION_EVENT mode=lut-exp layout=serial phase=measure iteration=0 component=k_load component_id=2 lut_exp=1 scna_layout=0 scna_width=0 qo_len=4 kv_len=4096 n_heads=12 n_kv_heads=2 head_dim=128 kv_head=1 worker=1 block_r=0 block_c=1280 t0_us=260296060956 t1_us=260296060977 dur_us=20
FIG8_ATTENTION_EVENT mode=lut-exp layout=serial phase=measure iteration=0 component=qk_dot component_id=4 lut_exp=1 scna_layout=0 scna_width=0 qo_len=4 kv_len=4096 n_heads=12 n_kv_heads=2 head_dim=128 kv_head=1 worker=1 block_r=0 block_c=1280 t0_us=260296060977 t1_us=260296060977 dur_us=0
FIG8_ATTENTION_EVENT mode=lut-exp layout=serial phase=measure iteration=0 component=safe_sm component_id=5 lut_exp=1 scna_layout=0 scna_width=0 qo_len=4 kv_len=4096 n_heads=12 n_kv_heads=2 head_dim=128 kv_head=1 worker=1 block_r=0 block_c=1280 t0_us=260296060977 t1_us=260296060997 dur_us=19
FIG8_ATTENTION_EVENT mode=lut-exp layout=serial phase=measure iteration=0 component=v_load component_id=3 lut_exp=1 scna_layout=0 scna_width=0 qo_len=4 kv_len=4096 n_heads=12 n_kv_heads=2 head_dim=128 kv_head=1 worker=1 block_r=0 block_c=1280 t0_us=260296060997 t1_us=260296061033 dur_us=36
FIG8_ATTENTION_EVENT mode=lut-exp layout=serial phase=measure iteration=0 component=core_acc component_id=6 lut_exp=1 scna_layout=0 scna_width=0 qo_len=4 kv_len=4096 n_heads=12 n_kv_heads=2 head_dim=128 kv_head=1 worker=1 block_r=0 block_c=1280 t0_us=260296061033 t1_us=260296061034 dur_us=1
FIG8_ATTENTION_EVENT mode=lut-exp layout=serial phase=measure iteration=0 component=k_load component_id=2 lut_exp=1 scna_layout=0 scna_width=0 qo_len=4 kv_len=4096 n_heads=12 n_kv_heads=2 head_dim=128 kv_head=1 worker=1 block_r=0 block_c=2560 t0_us=260296061035 t1_us=260296061055 dur_us=20
FIG8_ATTENTION_EVENT mode=lut-exp layout=serial phase=measure iteration=0 component=qk_dot component_id=4 lut_exp=1 scna_layout=0 scna_width=0 qo_len=4 kv_len=4096 n_heads=12 n_kv_heads=2 head_dim=128 kv_head=1 worker=1 block_r=0 block_c=2560 t0_us=260296061055 t1_us=260296061055 dur_us=0
FIG8_ATTENTION_EVENT mode=lut-exp layout=serial phase=measure iteration=0 component=safe_sm component_id=5 lut_exp=1 scna_layout=0 scna_width=0 qo_len=4 kv_len=4096 n_heads=12 n_kv_heads=2 head_dim=128 kv_head=1 worker=1 block_r=0 block_c=2560 t0_us=260296061055 t1_us=260296061075 dur_us=19
FIG8_ATTENTION_EVENT mode=lut-exp layout=serial phase=measure iteration=0 component=v_load component_id=3 lut_exp=1 scna_layout=0 scna_width=0 qo_len=4 kv_len=4096 n_heads=12 n_kv_heads=2 head_dim=128 kv_head=1 worker=1 block_r=0 block_c=2560 t0_us=260296061075 t1_us=260296061110 dur_us=34
FIG8_ATTENTION_EVENT mode=lut-exp layout=serial phase=measure iteration=0 component=core_acc component_id=6 lut_exp=1 scna_layout=0 scna_width=0 qo_len=4 kv_len=4096 n_heads=12 n_kv_heads=2 head_dim=128 kv_head=1 worker=1 block_r=0 block_c=2560 t0_us=260296061110 t1_us=260296061110 dur_us=0
FIG8_ATTENTION_EVENT mode=lut-exp layout=serial phase=measure iteration=0 component=k_load component_id=2 lut_exp=1 scna_layout=0 scna_width=0 qo_len=4 kv_len=4096 n_heads=12 n_kv_heads=2 head_dim=128 kv_head=1 worker=1 block_r=0 block_c=3840 t0_us=260296061110 t1_us=260296061114 dur_us=4
FIG8_ATTENTION_EVENT mode=lut-exp layout=serial phase=measure iteration=0 component=qk_dot component_id=4 lut_exp=1 scna_layout=0 scna_width=0 qo_len=4 kv_len=4096 n_heads=12 n_kv_heads=2 head_dim=128 kv_head=1 worker=1 block_r=0 block_c=3840 t0_us=260296061115 t1_us=260296061115 dur_us=0
FIG8_ATTENTION_EVENT mode=lut-exp layout=serial phase=measure iteration=0 component=safe_sm component_id=5 lut_exp=1 scna_layout=0 scna_width=0 qo_len=4 kv_len=4096 n_heads=12 n_kv_heads=2 head_dim=128 kv_head=1 worker=1 block_r=0 block_c=3840 t0_us=260296061115 t1_us=260296061121 dur_us=6
FIG8_ATTENTION_EVENT mode=lut-exp layout=serial phase=measure iteration=0 component=v_load component_id=3 lut_exp=1 scna_layout=0 scna_width=0 qo_len=4 kv_len=4096 n_heads=12 n_kv_heads=2 head_dim=128 kv_head=1 worker=1 block_r=0 block_c=3840 t0_us=260296061122 t1_us=260296061124 dur_us=2
FIG8_ATTENTION_EVENT mode=lut-exp layout=serial phase=measure iteration=0 component=core_acc component_id=6 lut_exp=1 scna_layout=0 scna_width=0 qo_len=4 kv_len=4096 n_heads=12 n_kv_heads=2 head_dim=128 kv_head=1 worker=1 block_r=0 block_c=3840 t0_us=260296061124 t1_us=260296061124 dur_us=0
FIG8_ATTENTION_EVENT mode=lut-exp layout=serial phase=measure iteration=0 component=o_scale component_id=7 lut_exp=1 scna_layout=0 scna_width=0 qo_len=4 kv_len=4096 n_heads=12 n_kv_heads=2 head_dim=128 kv_head=1 worker=1 block_r=0 block_c=-1 t0_us=260296061125 t1_us=260296061126 dur_us=1
FIG8_ATTENTION_EVENT mode=lut-exp layout=serial phase=measure iteration=0 component=o_store component_id=8 lut_exp=1 scna_layout=0 scna_width=0 qo_len=4 kv_len=4096 n_heads=12 n_kv_heads=2 head_dim=128 kv_head=1 worker=1 block_r=0 block_c=-1 t0_us=260296061127 t1_us=260296061129 dur_us=2
FIG8_ATTENTION_EVENT mode=lut-exp layout=serial phase=measure iteration=0 component=q_load component_id=1 lut_exp=1 scna_layout=0 scna_width=0 qo_len=4 kv_len=4096 n_heads=12 n_kv_heads=2 head_dim=128 kv_head=0 worker=1 block_r=0 block_c=-1 t0_us=260296061174 t1_us=260296061175 dur_us=1
FIG8_ATTENTION_EVENT mode=lut-exp layout=serial phase=measure iteration=0 component=k_load component_id=2 lut_exp=1 scna_layout=0 scna_width=0 qo_len=4 kv_len=4096 n_heads=12 n_kv_heads=2 head_dim=128 kv_head=0 worker=1 block_r=0 block_c=0 t0_us=260296061177 t1_us=260296061197 dur_us=20
FIG8_ATTENTION_EVENT mode=lut-exp layout=serial phase=measure iteration=0 component=qk_dot component_id=4 lut_exp=1 scna_layout=0 scna_width=0 qo_len=4 kv_len=4096 n_heads=12 n_kv_heads=2 head_dim=128 kv_head=0 worker=1 block_r=0 block_c=0 t0_us=260296061198 t1_us=260296061199 dur_us=0
FIG8_ATTENTION_EVENT mode=lut-exp layout=serial phase=measure iteration=0 component=safe_sm component_id=5 lut_exp=1 scna_layout=0 scna_width=0 qo_len=4 kv_len=4096 n_heads=12 n_kv_heads=2 head_dim=128 kv_head=0 worker=1 block_r=0 block_c=0 t0_us=260296061200 t1_us=260296061219 dur_us=19
FIG8_ATTENTION_EVENT mode=lut-exp layout=serial phase=measure iteration=0 component=v_load component_id=3 lut_exp=1 scna_layout=0 scna_width=0 qo_len=4 kv_len=4096 n_heads=12 n_kv_heads=2 head_dim=128 kv_head=0 worker=1 block_r=0 block_c=0 t0_us=260296061220 t1_us=260296061241 dur_us=21
FIG8_ATTENTION_EVENT mode=lut-exp layout=serial phase=measure iteration=0 component=core_acc component_id=6 lut_exp=1 scna_layout=0 scna_width=0 qo_len=4 kv_len=4096 n_heads=12 n_kv_heads=2 head_dim=128 kv_head=0 worker=1 block_r=0 block_c=0 t0_us=260296061242 t1_us=260296061245 dur_us=2
FIG8_ATTENTION_EVENT mode=lut-exp layout=serial phase=measure iteration=0 component=k_load component_id=2 lut_exp=1 scna_layout=0 scna_width=0 qo_len=4 kv_len=4096 n_heads=12 n_kv_heads=2 head_dim=128 kv_head=0 worker=1 block_r=0 block_c=1280 t0_us=260296061245 t1_us=260296061268 dur_us=22
FIG8_ATTENTION_EVENT mode=lut-exp layout=serial phase=measure iteration=0 component=qk_dot component_id=4 lut_exp=1 scna_layout=0 scna_width=0 qo_len=4 kv_len=4096 n_heads=12 n_kv_heads=2 head_dim=128 kv_head=0 worker=1 block_r=0 block_c=1280 t0_us=260296061268 t1_us=260296061268 dur_us=0
FIG8_ATTENTION_EVENT mode=lut-exp layout=serial phase=measure iteration=0 component=safe_sm component_id=5 lut_exp=1 scna_layout=0 scna_width=0 qo_len=4 kv_len=4096 n_heads=12 n_kv_heads=2 head_dim=128 kv_head=0 worker=1 block_r=0 block_c=1280 t0_us=260296061268 t1_us=260296061288 dur_us=19
FIG8_ATTENTION_EVENT mode=lut-exp layout=serial phase=measure iteration=0 component=v_load component_id=3 lut_exp=1 scna_layout=0 scna_width=0 qo_len=4 kv_len=4096 n_heads=12 n_kv_heads=2 head_dim=128 kv_head=0 worker=1 block_r=0 block_c=1280 t0_us=260296061288 t1_us=260296061318 dur_us=30
FIG8_ATTENTION_EVENT mode=lut-exp layout=serial phase=measure iteration=0 component=core_acc component_id=6 lut_exp=1 scna_layout=0 scna_width=0 qo_len=4 kv_len=4096 n_heads=12 n_kv_heads=2 head_dim=128 kv_head=0 worker=1 block_r=0 block_c=1280 t0_us=260296061318 t1_us=260296061319 dur_us=0
FIG8_ATTENTION_EVENT mode=lut-exp layout=serial phase=measure iteration=0 component=k_load component_id=2 lut_exp=1 scna_layout=0 scna_width=0 qo_len=4 kv_len=4096 n_heads=12 n_kv_heads=2 head_dim=128 kv_head=0 worker=1 block_r=0 block_c=2560 t0_us=260296061319 t1_us=260296061340 dur_us=20
FIG8_ATTENTION_EVENT mode=lut-exp layout=serial phase=measure iteration=0 component=qk_dot component_id=4 lut_exp=1 scna_layout=0 scna_width=0 qo_len=4 kv_len=4096 n_heads=12 n_kv_heads=2 head_dim=128 kv_head=0 worker=1 block_r=0 block_c=2560 t0_us=260296061340 t1_us=260296061340 dur_us=0
FIG8_ATTENTION_EVENT mode=lut-exp layout=serial phase=measure iteration=0 component=safe_sm component_id=5 lut_exp=1 scna_layout=0 scna_width=0 qo_len=4 kv_len=4096 n_heads=12 n_kv_heads=2 head_dim=128 kv_head=0 worker=1 block_r=0 block_c=2560 t0_us=260296061341 t1_us=260296061361 dur_us=20
FIG8_ATTENTION_EVENT mode=lut-exp layout=serial phase=measure iteration=0 component=v_load component_id=3 lut_exp=1 scna_layout=0 scna_width=0 qo_len=4 kv_len=4096 n_heads=12 n_kv_heads=2 head_dim=128 kv_head=0 worker=1 block_r=0 block_c=2560 t0_us=260296061361 t1_us=260296061399 dur_us=38
FIG8_ATTENTION_EVENT mode=lut-exp layout=serial phase=measure iteration=0 component=core_acc component_id=6 lut_exp=1 scna_layout=0 scna_width=0 qo_len=4 kv_len=4096 n_heads=12 n_kv_heads=2 head_dim=128 kv_head=0 worker=1 block_r=0 block_c=2560 t0_us=260296061400 t1_us=260296061400 dur_us=0
FIG8_ATTENTION_EVENT mode=lut-exp layout=serial phase=measure iteration=0 component=k_load component_id=2 lut_exp=1 scna_layout=0 scna_width=0 qo_len=4 kv_len=4096 n_heads=12 n_kv_heads=2 head_dim=128 kv_head=0 worker=1 block_r=0 block_c=3840 t0_us=260296061400 t1_us=260296061404 dur_us=4
FIG8_ATTENTION_EVENT mode=lut-exp layout=serial phase=measure iteration=0 component=qk_dot component_id=4 lut_exp=1 scna_layout=0 scna_width=0 qo_len=4 kv_len=4096 n_heads=12 n_kv_heads=2 head_dim=128 kv_head=0 worker=1 block_r=0 block_c=3840 t0_us=260296061405 t1_us=260296061405 dur_us=0
FIG8_ATTENTION_EVENT mode=lut-exp layout=serial phase=measure iteration=0 component=safe_sm component_id=5 lut_exp=1 scna_layout=0 scna_width=0 qo_len=4 kv_len=4096 n_heads=12 n_kv_heads=2 head_dim=128 kv_head=0 worker=1 block_r=0 block_c=3840 t0_us=260296061405 t1_us=260296061411 dur_us=6
FIG8_ATTENTION_EVENT mode=lut-exp layout=serial phase=measure iteration=0 component=v_load component_id=3 lut_exp=1 scna_layout=0 scna_width=0 qo_len=4 kv_len=4096 n_heads=12 n_kv_heads=2 head_dim=128 kv_head=0 worker=1 block_r=0 block_c=3840 t0_us=260296061412 t1_us=260296061414 dur_us=2
FIG8_ATTENTION_EVENT mode=lut-exp layout=serial phase=measure iteration=0 component=core_acc component_id=6 lut_exp=1 scna_layout=0 scna_width=0 qo_len=4 kv_len=4096 n_heads=12 n_kv_heads=2 head_dim=128 kv_head=0 worker=1 block_r=0 block_c=3840 t0_us=260296061414 t1_us=260296061414 dur_us=0
FIG8_ATTENTION_EVENT mode=lut-exp layout=serial phase=measure iteration=0 component=o_scale component_id=7 lut_exp=1 scna_layout=0 scna_width=0 qo_len=4 kv_len=4096 n_heads=12 n_kv_heads=2 head_dim=128 kv_head=0 worker=1 block_r=0 block_c=-1 t0_us=260296061415 t1_us=260296061417 dur_us=2
FIG8_ATTENTION_EVENT mode=lut-exp layout=serial phase=measure iteration=0 component=o_store component_id=8 lut_exp=1 scna_layout=0 scna_width=0 qo_len=4 kv_len=4096 n_heads=12 n_kv_heads=2 head_dim=128 kv_head=0 worker=1 block_r=0 block_c=-1 t0_us=260296061417 t1_us=260296061419 dur_us=2
FIG8_ATTENTION_EVENT mode=lut-exp layout=serial phase=measure iteration=0 component=q_load component_id=1 lut_exp=1 scna_layout=0 scna_width=0 qo_len=4 kv_len=4096 n_heads=12 n_kv_heads=2 head_dim=128 kv_head=1 worker=1 block_r=0 block_c=-1 t0_us=260296061464 t1_us=260296061465 dur_us=1
FIG8_ATTENTION_EVENT mode=lut-exp layout=serial phase=measure iteration=0 component=k_load component_id=2 lut_exp=1 scna_layout=0 scna_width=0 qo_len=4 kv_len=4096 n_heads=12 n_kv_heads=2 head_dim=128 kv_head=1 worker=1 block_r=0 block_c=0 t0_us=260296061467 t1_us=260296061488 dur_us=21
FIG8_ATTENTION_EVENT mode=lut-exp layout=serial phase=measure iteration=0 component=qk_dot component_id=4 lut_exp=1 scna_layout=0 scna_width=0 qo_len=4 kv_len=4096 n_heads=12 n_kv_heads=2 head_dim=128 kv_head=1 worker=1 block_r=0 block_c=0 t0_us=260296061489 t1_us=260296061490 dur_us=1
FIG8_ATTENTION_EVENT mode=lut-exp layout=serial phase=measure iteration=0 component=safe_sm component_id=5 lut_exp=1 scna_layout=0 scna_width=0 qo_len=4 kv_len=4096 n_heads=12 n_kv_heads=2 head_dim=128 kv_head=1 worker=1 block_r=0 block_c=0 t0_us=260296061491 t1_us=260296061512 dur_us=21
FIG8_ATTENTION_EVENT mode=lut-exp layout=serial phase=measure iteration=0 component=v_load component_id=3 lut_exp=1 scna_layout=0 scna_width=0 qo_len=4 kv_len=4096 n_heads=12 n_kv_heads=2 head_dim=128 kv_head=1 worker=1 block_r=0 block_c=0 t0_us=260296061512 t1_us=260296061534 dur_us=21
FIG8_ATTENTION_EVENT mode=lut-exp layout=serial phase=measure iteration=0 component=core_acc component_id=6 lut_exp=1 scna_layout=0 scna_width=0 qo_len=4 kv_len=4096 n_heads=12 n_kv_heads=2 head_dim=128 kv_head=1 worker=1 block_r=0 block_c=0 t0_us=260296061534 t1_us=260296061537 dur_us=2
FIG8_ATTENTION_EVENT mode=lut-exp layout=serial phase=measure iteration=0 component=k_load component_id=2 lut_exp=1 scna_layout=0 scna_width=0 qo_len=4 kv_len=4096 n_heads=12 n_kv_heads=2 head_dim=128 kv_head=1 worker=1 block_r=0 block_c=1280 t0_us=260296061537 t1_us=260296061561 dur_us=23
FIG8_ATTENTION_EVENT mode=lut-exp layout=serial phase=measure iteration=0 component=qk_dot component_id=4 lut_exp=1 scna_layout=0 scna_width=0 qo_len=4 kv_len=4096 n_heads=12 n_kv_heads=2 head_dim=128 kv_head=1 worker=1 block_r=0 block_c=1280 t0_us=260296061561 t1_us=260296061561 dur_us=0
FIG8_ATTENTION_EVENT mode=lut-exp layout=serial phase=measure iteration=0 component=safe_sm component_id=5 lut_exp=1 scna_layout=0 scna_width=0 qo_len=4 kv_len=4096 n_heads=12 n_kv_heads=2 head_dim=128 kv_head=1 worker=1 block_r=0 block_c=1280 t0_us=260296061561 t1_us=260296061580 dur_us=18
FIG8_ATTENTION_EVENT mode=lut-exp layout=serial phase=measure iteration=0 component=v_load component_id=3 lut_exp=1 scna_layout=0 scna_width=0 qo_len=4 kv_len=4096 n_heads=12 n_kv_heads=2 head_dim=128 kv_head=1 worker=1 block_r=0 block_c=1280 t0_us=260296061580 t1_us=260296061609 dur_us=29
FIG8_ATTENTION_EVENT mode=lut-exp layout=serial phase=measure iteration=0 component=core_acc component_id=6 lut_exp=1 scna_layout=0 scna_width=0 qo_len=4 kv_len=4096 n_heads=12 n_kv_heads=2 head_dim=128 kv_head=1 worker=1 block_r=0 block_c=1280 t0_us=260296061609 t1_us=260296061610 dur_us=0
FIG8_ATTENTION_EVENT mode=lut-exp layout=serial phase=measure iteration=0 component=k_load component_id=2 lut_exp=1 scna_layout=0 scna_width=0 qo_len=4 kv_len=4096 n_heads=12 n_kv_heads=2 head_dim=128 kv_head=1 worker=1 block_r=0 block_c=2560 t0_us=260296061610 t1_us=260296061630 dur_us=20
FIG8_ATTENTION_EVENT mode=lut-exp layout=serial phase=measure iteration=0 component=qk_dot component_id=4 lut_exp=1 scna_layout=0 scna_width=0 qo_len=4 kv_len=4096 n_heads=12 n_kv_heads=2 head_dim=128 kv_head=1 worker=1 block_r=0 block_c=2560 t0_us=260296061630 t1_us=260296061631 dur_us=0
FIG8_ATTENTION_EVENT mode=lut-exp layout=serial phase=measure iteration=0 component=safe_sm component_id=5 lut_exp=1 scna_layout=0 scna_width=0 qo_len=4 kv_len=4096 n_heads=12 n_kv_heads=2 head_dim=128 kv_head=1 worker=1 block_r=0 block_c=2560 t0_us=260296061631 t1_us=260296061651 dur_us=20
FIG8_ATTENTION_EVENT mode=lut-exp layout=serial phase=measure iteration=0 component=v_load component_id=3 lut_exp=1 scna_layout=0 scna_width=0 qo_len=4 kv_len=4096 n_heads=12 n_kv_heads=2 head_dim=128 kv_head=1 worker=1 block_r=0 block_c=2560 t0_us=260296061651 t1_us=260296061684 dur_us=32
FIG8_ATTENTION_EVENT mode=lut-exp layout=serial phase=measure iteration=0 component=core_acc component_id=6 lut_exp=1 scna_layout=0 scna_width=0 qo_len=4 kv_len=4096 n_heads=12 n_kv_heads=2 head_dim=128 kv_head=1 worker=1 block_r=0 block_c=2560 t0_us=260296061684 t1_us=260296061685 dur_us=0
FIG8_ATTENTION_EVENT mode=lut-exp layout=serial phase=measure iteration=0 component=k_load component_id=2 lut_exp=1 scna_layout=0 scna_width=0 qo_len=4 kv_len=4096 n_heads=12 n_kv_heads=2 head_dim=128 kv_head=1 worker=1 block_r=0 block_c=3840 t0_us=260296061685 t1_us=260296061689 dur_us=4
FIG8_ATTENTION_EVENT mode=lut-exp layout=serial phase=measure iteration=0 component=qk_dot component_id=4 lut_exp=1 scna_layout=0 scna_width=0 qo_len=4 kv_len=4096 n_heads=12 n_kv_heads=2 head_dim=128 kv_head=1 worker=1 block_r=0 block_c=3840 t0_us=260296061689 t1_us=260296061689 dur_us=0
FIG8_ATTENTION_EVENT mode=lut-exp layout=serial phase=measure iteration=0 component=safe_sm component_id=5 lut_exp=1 scna_layout=0 scna_width=0 qo_len=4 kv_len=4096 n_heads=12 n_kv_heads=2 head_dim=128 kv_head=1 worker=1 block_r=0 block_c=3840 t0_us=260296061689 t1_us=260296061696 dur_us=6
FIG8_ATTENTION_EVENT mode=lut-exp layout=serial phase=measure iteration=0 component=v_load component_id=3 lut_exp=1 scna_layout=0 scna_width=0 qo_len=4 kv_len=4096 n_heads=12 n_kv_heads=2 head_dim=128 kv_head=1 worker=1 block_r=0 block_c=3840 t0_us=260296061696 t1_us=260296061698 dur_us=2
FIG8_ATTENTION_EVENT mode=lut-exp layout=serial phase=measure iteration=0 component=core_acc component_id=6 lut_exp=1 scna_layout=0 scna_width=0 qo_len=4 kv_len=4096 n_heads=12 n_kv_heads=2 head_dim=128 kv_head=1 worker=1 block_r=0 block_c=3840 t0_us=260296061698 t1_us=260296061699 dur_us=0
FIG8_ATTENTION_EVENT mode=lut-exp layout=serial phase=measure iteration=0 component=o_scale component_id=7 lut_exp=1 scna_layout=0 scna_width=0 qo_len=4 kv_len=4096 n_heads=12 n_kv_heads=2 head_dim=128 kv_head=1 worker=1 block_r=0 block_c=-1 t0_us=260296061699 t1_us=260296061701 dur_us=1
FIG8_ATTENTION_EVENT mode=lut-exp layout=serial phase=measure iteration=0 component=o_store component_id=8 lut_exp=1 scna_layout=0 scna_width=0 qo_len=4 kv_len=4096 n_heads=12 n_kv_heads=2 head_dim=128 kv_head=1 worker=1 block_r=0 block_c=-1 t0_us=260296061702 t1_us=260296061704 dur_us=2
FIG8_ATTENTION_CHECKSUM mode=lut-exp layout=serial scna_width=8 seed=figure8_fixed phase=measure iteration=0 checksum=0xcff889f656826dad
