mode,function,kernel,scna_width,qo_len,iteration,profiled_total,safe_sm,scna_exp,q_load,k_load,v_load,qk_dot,core_acc,host_elapsed
baseline,none,none,0,4,0,752.0,161.0,0.0,2.0,293.0,286.0,4.0,2.0,999.0
baseline,none,none,0,4,1,741.0,161.0,0.0,2.0,303.0,265.0,4.0,2.0,991.0
baseline,none,none,0,4,2,751.0,162.0,0.0,1.0,297.0,281.0,4.0,2.0,993.0
baseline,none,none,0,4,3,739.0,160.0,0.0,2.0,296.0,271.0,4.0,2.0,993.0
baseline,none,none,0,4,4,737.0,162.0,0.0,2.0,289.0,274.0,4.0,2.0,992.0
baseline,none,none,0,4,5,737.0,161.0,0.0,2.0,293.0,271.0,4.0,2.0,993.0
baseline,none,none,0,4,6,742.0,160.0,0.0,2.0,292.0,278.0,4.0,2.0,988.0
baseline,none,none,0,4,7,734.0,161.0,0.0,2.0,294.0,267.0,4.0,2.0,992.0
baseline,none,none,0,4,8,738.0,161.0,0.0,2.0,278.0,288.0,4.0,2.0,998.0
baseline,none,none,0,4,9,737.0,161.0,0.0,2.0,288.0,276.0,4.0,2.0,994.0
baseline,none,none,0,4,10,809.0,166.0,0.0,2.0,323.0,308.0,4.0,2.0,1152.0
baseline,none,none,0,4,11,851.0,171.0,0.0,2.0,355.0,313.0,4.0,2.0,1140.0
baseline,none,none,0,4,12,814.0,167.0,0.0,2.0,336.0,299.0,4.0,2.0,1146.0
baseline,none,none,0,4,13,789.0,167.0,0.0,2.0,320.0,291.0,4.0,2.0,1131.0
baseline,none,none,0,4,14,773.0,165.0,0.0,2.0,308.0,288.0,4.0,2.0,1097.0
baseline,none,none,0,4,15,793.0,165.0,0.0,2.0,318.0,299.0,4.0,2.0,1041.0
baseline,none,none,0,4,16,787.0,165.0,0.0,3.0,319.0,290.0,4.0,2.0,1059.0
baseline,none,none,0,4,17,785.0,164.0,0.0,3.0,313.0,296.0,4.0,2.0,1082.0
baseline,none,none,0,4,18,791.0,164.0,0.0,2.0,317.0,298.0,4.0,2.0,1067.0
baseline,none,none,0,4,19,781.0,164.0,0.0,3.0,306.0,299.0,4.0,2.0,1036.0
baseline,none,none,0,8,0,904.0,316.0,0.0,4.0,298.0,264.0,8.0,6.0,1199.0
baseline,none,none,0,8,1,902.0,317.0,0.0,4.0,295.0,265.0,8.0,5.0,1209.0
baseline,none,none,0,8,2,906.0,317.0,0.0,4.0,298.0,265.0,8.0,6.0,1210.0
baseline,none,none,0,8,3,896.0,317.0,0.0,4.0,295.0,259.0,8.0,5.0,1203.0
baseline,none,none,0,8,4,899.0,318.0,0.0,4.0,291.0,265.0,8.0,5.0,1205.0
baseline,none,none,0,8,5,899.0,317.0,0.0,4.0,294.0,263.0,8.0,5.0,1202.0
baseline,none,none,0,8,6,919.0,317.0,0.0,4.0,303.0,274.0,8.0,5.0,1206.0
baseline,none,none,0,8,7,909.0,316.0,0.0,4.0,297.0,271.0,8.0,5.0,1206.0
baseline,none,none,0,8,8,898.0,319.0,0.0,3.0,289.0,266.0,8.0,5.0,1138.0
baseline,none,none,0,8,9,914.0,318.0,0.0,4.0,299.0,272.0,8.0,5.0,1212.0
baseline,none,none,0,8,10,958.0,323.0,0.0,4.0,305.0,305.0,8.0,5.0,1296.0
baseline,none,none,0,8,11,962.0,325.0,0.0,4.0,324.0,288.0,8.0,5.0,1323.0
baseline,none,none,0,8,12,951.0,324.0,0.0,4.0,318.0,283.0,8.0,5.0,1262.0
baseline,none,none,0,8,13,981.0,325.0,0.0,4.0,318.0,313.0,8.0,5.0,1299.0
baseline,none,none,0,8,14,970.0,325.0,0.0,4.0,320.0,300.0,8.0,5.0,1236.0
baseline,none,none,0,8,15,969.0,326.0,0.0,4.0,315.0,301.0,8.0,6.0,1236.0
baseline,none,none,0,8,16,975.0,324.0,0.0,4.0,328.0,297.0,8.0,6.0,1253.0
baseline,none,none,0,8,17,975.0,325.0,0.0,4.0,331.0,294.0,8.0,5.0,1266.0
baseline,none,none,0,8,18,962.0,324.0,0.0,4.0,312.0,300.0,8.0,6.0,1321.0
baseline,none,none,0,8,19,981.0,328.0,0.0,5.0,315.0,312.0,8.0,5.0,1321.0
baseline,none,none,0,16,0,1243.0,622.0,0.0,7.0,297.0,280.0,12.0,10.0,1539.0
baseline,none,none,0,16,1,1239.0,622.0,0.0,8.0,300.0,273.0,12.0,10.0,1573.0
baseline,none,none,0,16,2,1232.0,621.0,0.0,8.0,297.0,272.0,12.0,10.0,1557.0
baseline,none,none,0,16,3,1237.0,622.0,0.0,8.0,299.0,273.0,12.0,10.0,1545.0
baseline,none,none,0,16,4,1257.0,622.0,0.0,8.0,301.0,290.0,12.0,10.0,1539.0
baseline,none,none,0,16,5,1288.0,636.0,0.0,8.0,297.0,312.0,12.0,10.0,1581.0
baseline,none,none,0,16,6,1343.0,639.0,0.0,7.0,349.0,314.0,12.0,10.0,1675.0
baseline,none,none,0,16,7,1349.0,644.0,0.0,8.0,356.0,308.0,12.0,10.0,1627.0
baseline,none,none,0,16,8,1338.0,645.0,0.0,8.0,343.0,308.0,12.0,10.0,1601.0
baseline,none,none,0,16,9,1350.0,645.0,0.0,8.0,341.0,322.0,12.0,10.0,1589.0
baseline,none,none,0,16,10,1355.0,644.0,0.0,7.0,351.0,319.0,12.0,10.0,1603.0
baseline,none,none,0,16,11,1352.0,644.0,0.0,7.0,353.0,314.0,12.0,10.0,1630.0
baseline,none,none,0,16,12,1358.0,646.0,0.0,7.0,354.0,317.0,12.0,10.0,1616.0
baseline,none,none,0,16,13,1311.0,638.0,0.0,7.0,331.0,301.0,12.0,10.0,1540.0
baseline,none,none,0,16,14,1312.0,643.0,0.0,8.0,324.0,303.0,12.0,10.0,1656.0
baseline,none,none,0,16,15,1319.0,642.0,0.0,8.0,335.0,301.0,12.0,9.0,1616.0
baseline,none,none,0,16,16,1328.0,645.0,0.0,8.0,338.0,301.0,13.0,10.0,1586.0
baseline,none,none,0,16,17,1345.0,646.0,0.0,8.0,338.0,317.0,13.0,9.0,1609.0
baseline,none,none,0,16,18,1347.0,645.0,0.0,8.0,336.0,320.0,13.0,10.0,1608.0
baseline,none,none,0,16,19,1350.0,648.0,0.0,8.0,337.0,321.0,13.0,10.0,1710.0
baseline,none,none,0,32,0,1879.0,1265.0,0.0,15.0,269.0,259.0,24.0,23.0,2236.0
baseline,none,none,0,32,1,1912.0,1276.0,0.0,15.0,285.0,266.0,24.0,22.0,2262.0
baseline,none,none,0,32,2,1935.0,1285.0,0.0,15.0,288.0,276.0,24.0,23.0,2255.0
baseline,none,none,0,32,3,1932.0,1286.0,0.0,15.0,284.0,275.0,24.0,23.0,2275.0
baseline,none,none,0,32,4,1926.0,1283.0,0.0,15.0,282.0,275.0,24.0,22.0,2268.0
baseline,none,none,0,32,5,1928.0,1282.0,0.0,15.0,286.0,275.0,24.0,22.0,2267.0
baseline,none,none,0,32,6,1931.0,1284.0,0.0,15.0,286.0,275.0,24.0,24.0,2267.0
baseline,none,none,0,32,7,1932.0,1284.0,0.0,15.0,290.0,273.0,24.0,22.0,2267.0
baseline,none,none,0,32,8,1941.0,1283.0,0.0,15.0,288.0,285.0,24.0,22.0,2260.0
baseline,none,none,0,32,9,1949.0,1287.0,0.0,15.0,288.0,288.0,24.0,23.0,2250.0
baseline,none,none,0,32,10,1921.0,1284.0,0.0,15.0,284.0,268.0,24.0,22.0,2272.0
baseline,none,none,0,32,11,1851.0,1252.0,0.0,15.0,266.0,247.0,24.0,22.0,2227.0
baseline,none,none,0,32,12,1891.0,1277.0,0.0,15.0,269.0,260.0,24.0,22.0,2268.0
baseline,none,none,0,32,13,1909.0,1288.0,0.0,15.0,278.0,259.0,24.0,22.0,2249.0
baseline,none,none,0,32,14,1915.0,1284.0,0.0,16.0,282.0,263.0,24.0,22.0,2311.0
baseline,none,none,0,32,15,1909.0,1281.0,0.0,16.0,279.0,261.0,25.0,23.0,2223.0
baseline,none,none,0,32,16,1916.0,1287.0,0.0,15.0,279.0,263.0,25.0,23.0,2241.0
baseline,none,none,0,32,17,1910.0,1287.0,0.0,15.0,279.0,259.0,24.0,22.0,2273.0
baseline,none,none,0,32,18,1905.0,1287.0,0.0,15.0,273.0,261.0,24.0,22.0,2250.0
baseline,none,none,0,32,19,1918.0,1286.0,0.0,15.0,279.0,268.0,24.0,22.0,2240.0
scna-fp16,exp,direct,8,4,0,773.0,207.0,166.0,2.0,275.0,279.0,4.0,2.0,996.0
scna-fp16,exp,direct,8,4,1,809.0,212.0,166.0,2.0,298.0,287.0,4.0,2.0,1054.0
scna-fp16,exp,direct,8,4,2,829.0,211.0,167.0,2.0,313.0,292.0,4.0,3.0,1051.0
scna-fp16,exp,direct,8,4,3,867.0,212.0,166.0,2.0,322.0,320.0,4.0,2.0,1170.0
scna-fp16,exp,direct,8,4,4,866.0,212.0,166.0,2.0,310.0,331.0,4.0,3.0,1162.0
scna-fp16,exp,direct,8,4,5,876.0,212.0,167.0,2.0,331.0,320.0,4.0,3.0,1165.0
scna-fp16,exp,direct,8,4,6,861.0,212.0,167.0,2.0,306.0,329.0,4.0,3.0,1162.0
scna-fp16,exp,direct,8,4,7,861.0,211.0,166.0,2.0,324.0,314.0,4.0,2.0,1161.0
scna-fp16,exp,direct,8,4,8,867.0,211.0,166.0,2.0,314.0,329.0,4.0,3.0,1165.0
scna-fp16,exp,direct,8,4,9,852.0,212.0,166.0,2.0,325.0,302.0,4.0,3.0,1168.0
scna-fp16,exp,direct,8,4,10,875.0,212.0,167.0,2.0,329.0,322.0,4.0,2.0,1161.0
scna-fp16,exp,direct,8,4,11,853.0,214.0,166.0,2.0,311.0,315.0,4.0,2.0,1163.0
scna-fp16,exp,direct,8,4,12,814.0,211.0,166.0,2.0,300.0,291.0,4.0,2.0,1057.0
scna-fp16,exp,direct,8,4,13,847.0,211.0,166.0,2.0,311.0,313.0,4.0,2.0,1106.0
scna-fp16,exp,direct,8,4,14,849.0,211.0,166.0,2.0,317.0,307.0,4.0,3.0,1131.0
scna-fp16,exp,direct,8,4,15,904.0,223.0,170.0,2.0,347.0,322.0,4.0,2.0,1219.0
scna-fp16,exp,direct,8,4,16,904.0,221.0,170.0,2.0,350.0,320.0,4.0,2.0,1215.0
scna-fp16,exp,direct,8,4,17,903.0,223.0,170.0,2.0,346.0,322.0,4.0,2.0,1191.0
scna-fp16,exp,direct,8,4,18,897.0,223.0,169.0,2.0,346.0,316.0,4.0,2.0,1187.0
scna-fp16,exp,direct,8,4,19,908.0,226.0,170.0,2.0,355.0,315.0,4.0,2.0,1167.0
scna-fp16,exp,direct,8,8,0,1053.0,418.0,327.0,4.0,324.0,284.0,8.0,7.0,1283.0
scna-fp16,exp,direct,8,8,1,1050.0,414.0,327.0,4.0,320.0,290.0,8.0,6.0,1278.0
scna-fp16,exp,direct,8,8,2,1059.0,416.0,327.0,4.0,324.0,292.0,8.0,7.0,1276.0
scna-fp16,exp,direct,8,8,3,1058.0,419.0,327.0,4.0,321.0,291.0,8.0,7.0,1278.0
scna-fp16,exp,direct,8,8,4,1052.0,418.0,327.0,3.0,307.0,301.0,8.0,7.0,1275.0
scna-fp16,exp,direct,8,8,5,1047.0,417.0,327.0,4.0,322.0,281.0,8.0,7.0,1275.0
scna-fp16,exp,direct,8,8,6,1101.0,422.0,328.0,4.0,340.0,312.0,8.0,7.0,1311.0
scna-fp16,exp,direct,8,8,7,1101.0,424.0,328.0,4.0,337.0,313.0,8.0,7.0,1412.0
scna-fp16,exp,direct,8,8,8,1096.0,424.0,329.0,4.0,337.0,308.0,8.0,7.0,1356.0
scna-fp16,exp,direct,8,8,9,1100.0,425.0,329.0,3.0,337.0,312.0,8.0,7.0,1353.0
scna-fp16,exp,direct,8,8,10,1103.0,424.0,329.0,4.0,341.0,311.0,8.0,7.0,1402.0
scna-fp16,exp,direct,8,8,11,1097.0,426.0,329.0,4.0,334.0,310.0,8.0,7.0,1355.0
scna-fp16,exp,direct,8,8,12,1096.0,420.0,329.0,5.0,345.0,303.0,8.0,7.0,1405.0
scna-fp16,exp,direct,8,8,13,1093.0,423.0,328.0,4.0,333.0,310.0,8.0,7.0,1323.0
scna-fp16,exp,direct,8,8,14,1093.0,425.0,328.0,4.0,332.0,309.0,8.0,7.0,1333.0
scna-fp16,exp,direct,8,8,15,1087.0,423.0,328.0,3.0,331.0,307.0,8.0,7.0,1326.0
scna-fp16,exp,direct,8,8,16,1095.0,424.0,329.0,4.0,332.0,313.0,8.0,6.0,1321.0
scna-fp16,exp,direct,8,8,17,1102.0,424.0,329.0,4.0,332.0,319.0,8.0,7.0,1367.0
scna-fp16,exp,direct,8,8,18,1082.0,419.0,328.0,4.0,332.0,304.0,8.0,7.0,1408.0
scna-fp16,exp,direct,8,8,19,1090.0,424.0,328.0,3.0,330.0,311.0,8.0,6.0,1357.0
scna-fp16,exp,direct,8,16,0,1411.0,809.0,646.0,8.0,294.0,266.0,12.0,10.0,1642.0
scna-fp16,exp,direct,8,16,1,1418.0,811.0,648.0,8.0,299.0,265.0,12.0,10.0,1752.0
scna-fp16,exp,direct,8,16,2,1492.0,824.0,648.0,8.0,318.0,308.0,12.0,10.0,1812.0
scna-fp16,exp,direct,8,16,3,1496.0,832.0,648.0,8.0,334.0,288.0,12.0,10.0,1728.0
scna-fp16,exp,direct,8,16,4,1511.0,835.0,648.0,8.0,316.0,318.0,12.0,10.0,1766.0
scna-fp16,exp,direct,8,16,5,1504.0,823.0,647.0,8.0,335.0,303.0,12.0,11.0,1741.0
scna-fp16,exp,direct,8,16,6,1484.0,829.0,647.0,8.0,324.0,289.0,12.0,10.0,1725.0
scna-fp16,exp,direct,8,16,7,1498.0,830.0,649.0,7.0,325.0,300.0,12.0,11.0,1770.0
scna-fp16,exp,direct,8,16,8,1491.0,831.0,648.0,8.0,332.0,284.0,12.0,11.0,1723.0
scna-fp16,exp,direct,8,16,9,1513.0,826.0,648.0,8.0,331.0,314.0,12.0,10.0,1767.0
scna-fp16,exp,direct,8,16,10,1498.0,831.0,648.0,7.0,324.0,302.0,12.0,10.0,1788.0
scna-fp16,exp,direct,8,16,11,1446.0,815.0,648.0,7.0,312.0,278.0,12.0,10.0,1684.0
scna-fp16,exp,direct,8,16,12,1422.0,813.0,647.0,8.0,299.0,268.0,12.0,10.0,1744.0
scna-fp16,exp,direct,8,16,13,1438.0,821.0,647.0,8.0,308.0,266.0,12.0,11.0,1775.0
scna-fp16,exp,direct,8,16,14,1452.0,828.0,646.0,7.0,299.0,283.0,12.0,11.0,1761.0
scna-fp16,exp,direct,8,16,15,1455.0,828.0,647.0,8.0,307.0,277.0,12.0,10.0,1725.0
scna-fp16,exp,direct,8,16,16,1462.0,831.0,647.0,7.0,310.0,279.0,12.0,11.0,1817.0
scna-fp16,exp,direct,8,16,17,1457.0,828.0,647.0,7.0,308.0,280.0,12.0,10.0,1717.0
scna-fp16,exp,direct,8,16,18,1450.0,825.0,646.0,7.0,305.0,279.0,12.0,10.0,1735.0
scna-fp16,exp,direct,8,16,19,1436.0,823.0,646.0,7.0,293.0,278.0,12.0,11.0,1765.0
scna-fp16,exp,direct,8,32,0,2281.0,1631.0,1287.0,15.0,287.0,277.0,24.0,24.0,2557.0
scna-fp16,exp,direct,8,32,1,2349.0,1636.0,1289.0,14.0,341.0,286.0,24.0,24.0,2670.0
scna-fp16,exp,direct,8,32,2,2338.0,1635.0,1289.0,15.0,329.0,287.0,24.0,24.0,2698.0
scna-fp16,exp,direct,8,32,3,2355.0,1651.0,1288.0,15.0,326.0,291.0,24.0,24.0,2688.0
scna-fp16,exp,direct,8,32,4,2355.0,1652.0,1289.0,15.0,325.0,291.0,24.0,24.0,2730.0
scna-fp16,exp,direct,8,32,5,2347.0,1648.0,1289.0,15.0,328.0,284.0,24.0,24.0,2693.0
scna-fp16,exp,direct,8,32,6,2343.0,1643.0,1288.0,15.0,325.0,288.0,24.0,24.0,2696.0
scna-fp16,exp,direct,8,32,7,2348.0,1644.0,1288.0,14.0,328.0,290.0,24.0,24.0,2653.0
scna-fp16,exp,direct,8,32,8,2354.0,1652.0,1287.0,15.0,325.0,291.0,24.0,24.0,2646.0
scna-fp16,exp,direct,8,32,9,2356.0,1654.0,1288.0,15.0,323.0,292.0,24.0,24.0,2629.0
scna-fp16,exp,direct,8,32,10,2355.0,1653.0,1288.0,15.0,324.0,291.0,24.0,24.0,2665.0
scna-fp16,exp,direct,8,32,11,2352.0,1655.0,1288.0,15.0,321.0,289.0,24.0,24.0,2648.0
scna-fp16,exp,direct,8,32,12,2344.0,1647.0,1288.0,15.0,324.0,287.0,24.0,24.0,2598.0
scna-fp16,exp,direct,8,32,13,2353.0,1650.0,1287.0,15.0,327.0,290.0,24.0,24.0,2655.0
scna-fp16,exp,direct,8,32,14,2332.0,1637.0,1288.0,15.0,324.0,285.0,24.0,23.0,2675.0
scna-fp16,exp,direct,8,32,15,2310.0,1640.0,1288.0,15.0,312.0,272.0,24.0,23.0,2587.0
scna-fp16,exp,direct,8,32,16,2324.0,1644.0,1287.0,15.0,318.0,276.0,24.0,24.0,2682.0
scna-fp16,exp,direct,8,32,17,2334.0,1646.0,1287.0,15.0,319.0,283.0,24.0,24.0,2651.0
scna-fp16,exp,direct,8,32,18,2333.0,1647.0,1287.0,14.0,315.0,285.0,24.0,24.0,2692.0
scna-fp16,exp,direct,8,32,19,2338.0,1652.0,1287.0,14.0,318.0,284.0,24.0,23.0,2656.0
scna-fp16,exp,direct,16,4,0,856.0,271.0,229.0,2.0,297.0,274.0,4.0,3.0,1125.0
scna-fp16,exp,direct,16,4,1,858.0,272.0,230.0,2.0,300.0,273.0,4.0,3.0,1112.0
scna-fp16,exp,direct,16,4,2,859.0,271.0,229.0,2.0,293.0,282.0,4.0,2.0,1149.0
scna-fp16,exp,direct,16,4,3,863.0,272.0,229.0,2.0,305.0,273.0,4.0,2.0,1135.0
scna-fp16,exp,direct,16,4,4,860.0,272.0,230.0,2.0,299.0,275.0,4.0,3.0,1104.0
scna-fp16,exp,direct,16,4,5,855.0,271.0,229.0,2.0,296.0,273.0,4.0,4.0,1095.0
scna-fp16,exp,direct,16,4,6,855.0,271.0,230.0,2.0,297.0,273.0,4.0,3.0,1099.0
scna-fp16,exp,direct,16,4,7,853.0,271.0,229.0,2.0,295.0,273.0,4.0,3.0,1098.0
scna-fp16,exp,direct,16,4,8,927.0,280.0,230.0,2.0,333.0,300.0,4.0,3.0,1259.0
scna-fp16,exp,direct,16,4,9,1002.0,290.0,232.0,2.0,371.0,327.0,4.0,3.0,1333.0
scna-fp16,exp,direct,16,4,10,1007.0,289.0,232.0,3.0,374.0,329.0,4.0,3.0,1334.0
scna-fp16,exp,direct,16,4,11,998.0,291.0,233.0,2.0,368.0,326.0,4.0,3.0,1321.0
scna-fp16,exp,direct,16,4,12,999.0,289.0,233.0,2.0,369.0,328.0,4.0,3.0,1321.0
scna-fp16,exp,direct,16,4,13,1017.0,288.0,232.0,2.0,380.0,335.0,4.0,4.0,1333.0
scna-fp16,exp,direct,16,4,14,1025.0,290.0,233.0,2.0,390.0,330.0,4.0,4.0,1306.0
scna-fp16,exp,direct,16,4,15,999.0,290.0,233.0,2.0,373.0,322.0,4.0,3.0,1245.0
scna-fp16,exp,direct,16,4,16,1034.0,290.0,232.0,2.0,399.0,330.0,4.0,4.0,1301.0
scna-fp16,exp,direct,16,4,17,1014.0,288.0,232.0,2.0,378.0,334.0,4.0,3.0,1345.0
scna-fp16,exp,direct,16,4,18,1012.0,287.0,232.0,2.0,388.0,323.0,4.0,3.0,1368.0
scna-fp16,exp,direct,16,4,19,1026.0,287.0,232.0,2.0,393.0,331.0,4.0,4.0,1362.0
scna-fp16,exp,direct,16,8,0,1160.0,536.0,450.0,4.0,304.0,291.0,9.0,9.0,1453.0
scna-fp16,exp,direct,16,8,1,1171.0,536.0,449.0,4.0,307.0,301.0,8.0,8.0,1443.0
scna-fp16,exp,direct,16,8,2,1153.0,539.0,450.0,4.0,305.0,281.0,9.0,8.0,1433.0
scna-fp16,exp,direct,16,8,3,1173.0,535.0,449.0,4.0,318.0,292.0,8.0,8.0,1472.0
scna-fp16,exp,direct,16,8,4,1160.0,536.0,450.0,4.0,288.0,308.0,9.0,8.0,1448.0
scna-fp16,exp,direct,16,8,5,1200.0,536.0,449.0,3.0,303.0,335.0,8.0,8.0,1471.0
scna-fp16,exp,direct,16,8,6,1230.0,544.0,450.0,4.0,336.0,323.0,8.0,8.0,1542.0
scna-fp16,exp,direct,16,8,7,1230.0,542.0,449.0,4.0,342.0,318.0,9.0,8.0,1548.0
scna-fp16,exp,direct,16,8,8,1217.0,538.0,450.0,4.0,331.0,321.0,8.0,8.0,1549.0
scna-fp16,exp,direct,16,8,9,1239.0,545.0,450.0,4.0,336.0,329.0,9.0,8.0,1545.0
scna-fp16,exp,direct,16,8,10,1217.0,542.0,449.0,4.0,308.0,340.0,8.0,8.0,1544.0
scna-fp16,exp,direct,16,8,11,1242.0,546.0,449.0,3.0,336.0,332.0,9.0,8.0,1550.0
scna-fp16,exp,direct,16,8,12,1245.0,543.0,449.0,4.0,341.0,332.0,9.0,8.0,1542.0
scna-fp16,exp,direct,16,8,13,1214.0,543.0,450.0,4.0,335.0,308.0,8.0,8.0,1547.0
scna-fp16,exp,direct,16,8,14,1222.0,543.0,450.0,4.0,336.0,314.0,9.0,8.0,1493.0
scna-fp16,exp,direct,16,8,15,1265.0,545.0,451.0,4.0,355.0,338.0,8.0,7.0,1596.0
scna-fp16,exp,direct,16,8,16,1268.0,549.0,453.0,4.0,351.0,339.0,9.0,8.0,1587.0
scna-fp16,exp,direct,16,8,17,1244.0,545.0,452.0,4.0,344.0,327.0,9.0,8.0,1514.0
scna-fp16,exp,direct,16,8,18,1252.0,546.0,451.0,4.0,344.0,334.0,8.0,8.0,1482.0
scna-fp16,exp,direct,16,8,19,1261.0,548.0,452.0,4.0,356.0,328.0,9.0,8.0,1590.0
scna-fp16,exp,direct,16,16,0,1665.0,1055.0,890.0,8.0,279.0,284.0,12.0,13.0,1992.0
scna-fp16,exp,direct,16,16,1,1768.0,1061.0,891.0,8.0,326.0,334.0,12.0,13.0,2026.0
scna-fp16,exp,direct,16,16,2,1752.0,1070.0,889.0,8.0,333.0,303.0,12.0,13.0,2108.0
scna-fp16,exp,direct,16,16,3,1749.0,1071.0,889.0,8.0,306.0,325.0,12.0,14.0,2030.0
scna-fp16,exp,direct,16,16,4,1777.0,1071.0,889.0,8.0,332.0,328.0,12.0,13.0,2136.0
scna-fp16,exp,direct,16,16,5,1786.0,1075.0,891.0,8.0,335.0,329.0,13.0,13.0,2143.0
scna-fp16,exp,direct,16,16,6,1776.0,1072.0,890.0,8.0,332.0,326.0,12.0,13.0,2025.0
scna-fp16,exp,direct,16,16,7,1788.0,1071.0,890.0,8.0,333.0,336.0,12.0,14.0,2037.0
scna-fp16,exp,direct,16,16,8,1731.0,1065.0,892.0,7.0,310.0,312.0,12.0,12.0,1986.0
scna-fp16,exp,direct,16,16,9,1759.0,1067.0,893.0,7.0,344.0,305.0,12.0,12.0,2094.0
scna-fp16,exp,direct,16,16,10,1716.0,1064.0,890.0,8.0,318.0,291.0,12.0,11.0,1976.0
scna-fp16,exp,direct,16,16,11,1688.0,1063.0,891.0,7.0,304.0,278.0,12.0,11.0,2038.0
scna-fp16,exp,direct,16,16,12,1693.0,1069.0,890.0,8.0,302.0,276.0,13.0,12.0,1947.0
scna-fp16,exp,direct,16,16,13,1663.0,1062.0,890.0,7.0,293.0,264.0,12.0,12.0,1977.0
scna-fp16,exp,direct,16,16,14,1651.0,1062.0,889.0,8.0,286.0,258.0,12.0,12.0,1926.0
scna-fp16,exp,direct,16,16,15,1634.0,1062.0,889.0,7.0,278.0,251.0,12.0,11.0,1873.0
scna-fp16,exp,direct,16,16,16,1633.0,1061.0,890.0,7.0,277.0,251.0,12.0,12.0,1933.0
scna-fp16,exp,direct,16,16,17,1632.0,1063.0,889.0,7.0,271.0,254.0,12.0,12.0,1980.0
scna-fp16,exp,direct,16,16,18,1638.0,1066.0,889.0,8.0,273.0,254.0,12.0,12.0,1997.0
scna-fp16,exp,direct,16,16,19,1635.0,1064.0,889.0,7.0,274.0,253.0,12.0,12.0,1972.0
scna-fp16,exp,direct,16,32,0,2788.0,2134.0,1773.0,15.0,286.0,279.0,24.0,26.0,3160.0
scna-fp16,exp,direct,16,32,1,2800.0,2141.0,1773.0,15.0,295.0,276.0,24.0,25.0,3152.0
scna-fp16,exp,direct,16,32,2,2790.0,2134.0,1773.0,15.0,289.0,279.0,24.0,25.0,3155.0
scna-fp16,exp,direct,16,32,3,2839.0,2150.0,1771.0,15.0,302.0,299.0,24.0,25.0,3244.0
scna-fp16,exp,direct,16,32,4,2844.0,2147.0,1771.0,15.0,311.0,297.0,24.0,26.0,3166.0
scna-fp16,exp,direct,16,32,5,2842.0,2152.0,1773.0,15.0,309.0,293.0,24.0,25.0,3151.0
scna-fp16,exp,direct,16,32,6,2844.0,2151.0,1771.0,15.0,310.0,294.0,24.0,25.0,3171.0
scna-fp16,exp,direct,16,32,7,2845.0,2150.0,1773.0,14.0,311.0,295.0,24.0,26.0,3219.0
scna-fp16,exp,direct,16,32,8,2829.0,2151.0,1772.0,15.0,299.0,291.0,24.0,25.0,3158.0
scna-fp16,exp,direct,16,32,9,2839.0,2145.0,1771.0,15.0,310.0,295.0,24.0,25.0,3183.0
scna-fp16,exp,direct,16,32,10,2847.0,2153.0,1773.0,15.0,310.0,297.0,24.0,25.0,3178.0
scna-fp16,exp,direct,16,32,11,2846.0,2153.0,1772.0,15.0,313.0,291.0,24.0,26.0,3185.0
scna-fp16,exp,direct,16,32,12,2840.0,2149.0,1772.0,15.0,309.0,293.0,24.0,26.0,3224.0
scna-fp16,exp,direct,16,32,13,2845.0,2152.0,1772.0,15.0,311.0,294.0,24.0,25.0,3114.0
scna-fp16,exp,direct,16,32,14,2841.0,2147.0,1773.0,15.0,313.0,292.0,24.0,25.0,3209.0
scna-fp16,exp,direct,16,32,15,2838.0,2152.0,1771.0,14.0,308.0,290.0,24.0,25.0,3159.0
scna-fp16,exp,direct,16,32,16,2848.0,2153.0,1771.0,15.0,313.0,293.0,24.0,25.0,3187.0
scna-fp16,exp,direct,16,32,17,2824.0,2151.0,1771.0,14.0,302.0,284.0,24.0,24.0,3151.0
scna-fp16,exp,direct,16,32,18,2834.0,2147.0,1771.0,15.0,307.0,292.0,24.0,25.0,3161.0
scna-fp16,exp,direct,16,32,19,2836.0,2148.0,1771.0,15.0,310.0,291.0,24.0,24.0,3168.0
scna-fp16,exp,direct,32,4,0,1002.0,417.0,373.0,2.0,292.0,278.0,4.0,5.0,1316.0
scna-fp16,exp,direct,32,4,1,1006.0,418.0,372.0,2.0,292.0,283.0,4.0,4.0,1314.0
scna-fp16,exp,direct,32,4,2,1004.0,419.0,374.0,2.0,293.0,278.0,4.0,5.0,1318.0
scna-fp16,exp,direct,32,4,3,986.0,417.0,373.0,2.0,291.0,264.0,4.0,5.0,1309.0
scna-fp16,exp,direct,32,4,4,1002.0,417.0,373.0,2.0,291.0,280.0,4.0,5.0,1330.0
scna-fp16,exp,direct,32,4,5,995.0,418.0,374.0,3.0,279.0,284.0,4.0,4.0,1308.0
scna-fp16,exp,direct,32,4,6,1007.0,417.0,372.0,2.0,294.0,281.0,4.0,5.0,1289.0
scna-fp16,exp,direct,32,4,7,1009.0,418.0,373.0,2.0,294.0,283.0,4.0,5.0,1316.0
scna-fp16,exp,direct,32,4,8,1105.0,424.0,375.0,2.0,337.0,330.0,4.0,4.0,1396.0
scna-fp16,exp,direct,32,4,9,1126.0,425.0,378.0,2.0,361.0,327.0,4.0,4.0,1402.0
scna-fp16,exp,direct,32,4,10,1136.0,425.0,376.0,2.0,364.0,334.0,4.0,4.0,1495.0
scna-fp16,exp,direct,32,4,11,1147.0,427.0,376.0,2.0,369.0,336.0,4.0,5.0,1485.0
scna-fp16,exp,direct,32,4,12,1134.0,426.0,377.0,3.0,363.0,331.0,4.0,4.0,1370.0
scna-fp16,exp,direct,32,4,13,1134.0,426.0,376.0,2.0,373.0,320.0,4.0,5.0,1410.0
scna-fp16,exp,direct,32,4,14,1153.0,425.0,377.0,2.0,375.0,340.0,4.0,4.0,1480.0
scna-fp16,exp,direct,32,4,15,1140.0,424.0,375.0,2.0,373.0,330.0,4.0,4.0,1439.0
scna-fp16,exp,direct,32,4,16,1138.0,427.0,376.0,2.0,368.0,330.0,4.0,4.0,1448.0
scna-fp16,exp,direct,32,4,17,1154.0,423.0,375.0,3.0,372.0,344.0,4.0,5.0,1484.0
scna-fp16,exp,direct,32,4,18,1141.0,424.0,376.0,2.0,370.0,332.0,4.0,4.0,1454.0
scna-fp16,exp,direct,32,4,19,1127.0,424.0,375.0,2.0,362.0,328.0,4.0,4.0,1368.0
scna-fp16,exp,direct,32,8,0,1514.0,817.0,728.0,4.0,342.0,326.0,8.0,9.0,1789.0
scna-fp16,exp,direct,32,8,1,1514.0,823.0,729.0,4.0,347.0,315.0,8.0,9.0,1762.0
scna-fp16,exp,direct,32,8,2,1573.0,832.0,734.0,5.0,377.0,334.0,8.0,9.0,1859.0
scna-fp16,exp,direct,32,8,3,1569.0,830.0,733.0,4.0,377.0,333.0,8.0,9.0,1861.0
scna-fp16,exp,direct,32,8,4,1562.0,831.0,733.0,4.0,371.0,330.0,8.0,10.0,1883.0
scna-fp16,exp,direct,32,8,5,1562.0,829.0,733.0,4.0,374.0,330.0,8.0,9.0,1866.0
scna-fp16,exp,direct,32,8,6,1563.0,833.0,732.0,4.0,365.0,336.0,8.0,9.0,1881.0
scna-fp16,exp,direct,32,8,7,1564.0,831.0,733.0,4.0,377.0,327.0,8.0,9.0,1854.0
scna-fp16,exp,direct,32,8,8,1566.0,831.0,733.0,4.0,378.0,328.0,8.0,9.0,1855.0
scna-fp16,exp,direct,32,8,9,1566.0,831.0,733.0,4.0,375.0,331.0,8.0,9.0,1926.0
scna-fp16,exp,direct,32,8,10,1558.0,828.0,732.0,4.0,373.0,328.0,8.0,9.0,1862.0
scna-fp16,exp,direct,32,8,11,1566.0,831.0,732.0,4.0,373.0,333.0,8.0,9.0,1888.0
scna-fp16,exp,direct,32,8,12,1564.0,831.0,732.0,4.0,375.0,328.0,8.0,10.0,1855.0
scna-fp16,exp,direct,32,8,13,1573.0,832.0,733.0,4.0,373.0,338.0,8.0,10.0,1872.0
scna-fp16,exp,direct,32,8,14,1555.0,829.0,731.0,4.0,374.0,323.0,8.0,9.0,1867.0
scna-fp16,exp,direct,32,8,15,1553.0,829.0,732.0,4.0,375.0,320.0,8.0,9.0,1909.0
scna-fp16,exp,direct,32,8,16,1567.0,829.0,731.0,4.0,376.0,333.0,8.0,9.0,1867.0
scna-fp16,exp,direct,32,8,17,1567.0,831.0,732.0,4.0,379.0,328.0,8.0,9.0,1871.0
scna-fp16,exp,direct,32,8,18,1570.0,829.0,732.0,4.0,383.0,329.0,8.0,9.0,1874.0
scna-fp16,exp,direct,32,8,19,1554.0,829.0,732.0,4.0,374.0,322.0,8.0,9.0,1907.0
scna-fp16,exp,direct,32,16,0,2324.0,1615.0,1441.0,8.0,337.0,324.0,13.0,14.0,2579.0
scna-fp16,exp,direct,32,16,1,2325.0,1615.0,1442.0,9.0,336.0,324.0,14.0,14.0,2640.0
scna-fp16,exp,direct,32,16,2,2318.0,1619.0,1443.0,8.0,324.0,326.0,14.0,14.0,2627.0
scna-fp16,exp,direct,32,16,3,2392.0,1638.0,1447.0,9.0,366.0,340.0,13.0,13.0,2715.0
scna-fp16,exp,direct,32,16,4,2394.0,1640.0,1447.0,8.0,366.0,340.0,13.0,14.0,2746.0
scna-fp16,exp,direct,32,16,5,2380.0,1632.0,1446.0,8.0,361.0,338.0,14.0,14.0,2648.0
scna-fp16,exp,direct,32,16,6,2377.0,1641.0,1447.0,8.0,350.0,339.0,12.0,14.0,2683.0
scna-fp16,exp,direct,32,16,7,2377.0,1636.0,1445.0,7.0,358.0,337.0,13.0,13.0,2692.0
scna-fp16,exp,direct,32,16,8,2394.0,1637.0,1446.0,9.0,368.0,340.0,13.0,13.0,2642.0
scna-fp16,exp,direct,32,16,9,2393.0,1636.0,1445.0,8.0,371.0,338.0,13.0,14.0,2655.0
scna-fp16,exp,direct,32,16,10,2382.0,1633.0,1444.0,8.0,364.0,338.0,12.0,14.0,2662.0
scna-fp16,exp,direct,32,16,11,2375.0,1634.0,1445.0,8.0,365.0,329.0,12.0,14.0,2641.0
scna-fp16,exp,direct,32,16,12,2368.0,1639.0,1446.0,8.0,351.0,331.0,13.0,13.0,2648.0
scna-fp16,exp,direct,32,16,13,2380.0,1634.0,1446.0,8.0,362.0,337.0,13.0,13.0,2694.0
scna-fp16,exp,direct,32,16,14,2384.0,1633.0,1446.0,8.0,366.0,338.0,13.0,13.0,2647.0
scna-fp16,exp,direct,32,16,15,2381.0,1633.0,1446.0,8.0,364.0,337.0,13.0,14.0,2641.0
scna-fp16,exp,direct,32,16,16,2385.0,1637.0,1446.0,8.0,365.0,338.0,12.0,12.0,2654.0
scna-fp16,exp,direct,32,16,17,2389.0,1637.0,1446.0,8.0,365.0,339.0,13.0,14.0,2760.0
scna-fp16,exp,direct,32,16,18,2379.0,1636.0,1445.0,8.0,361.0,335.0,13.0,13.0,2655.0
scna-fp16,exp,direct,32,16,19,2387.0,1633.0,1446.0,8.0,364.0,342.0,13.0,14.0,2706.0
scna-fp16,exp,direct,32,32,0,4064.0,3257.0,2874.0,16.0,386.0,329.0,24.0,27.0,4463.0
scna-fp16,exp,direct,32,32,1,4064.0,3257.0,2874.0,16.0,387.0,330.0,24.0,26.0,4349.0
scna-fp16,exp,direct,32,32,2,4057.0,3253.0,2875.0,15.0,386.0,329.0,24.0,26.0,4342.0
scna-fp16,exp,direct,32,32,3,4071.0,3256.0,2874.0,15.0,390.0,336.0,24.0,26.0,4381.0
scna-fp16,exp,direct,32,32,4,4048.0,3249.0,2873.0,15.0,384.0,326.0,24.0,26.0,4452.0
scna-fp16,exp,direct,32,32,5,4060.0,3252.0,2875.0,15.0,384.0,334.0,24.0,27.0,4368.0
scna-fp16,exp,direct,32,32,6,4053.0,3251.0,2874.0,16.0,382.0,330.0,24.0,26.0,4396.0
scna-fp16,exp,direct,32,32,7,4057.0,3256.0,2874.0,15.0,382.0,331.0,24.0,26.0,4363.0
scna-fp16,exp,direct,32,32,8,4061.0,3254.0,2874.0,16.0,383.0,334.0,24.0,26.0,4383.0
scna-fp16,exp,direct,32,32,9,4043.0,3244.0,2873.0,15.0,375.0,335.0,24.0,26.0,4416.0
scna-fp16,exp,direct,32,32,10,4039.0,3250.0,2872.0,15.0,367.0,333.0,24.0,26.0,4354.0
scna-fp16,exp,direct,32,32,11,4034.0,3254.0,2872.0,15.0,363.0,325.0,24.0,28.0,4316.0
scna-fp16,exp,direct,32,32,12,4041.0,3253.0,2871.0,15.0,370.0,328.0,24.0,26.0,4343.0
scna-fp16,exp,direct,32,32,13,4019.0,3246.0,2870.0,15.0,360.0,323.0,24.0,26.0,4318.0
scna-fp16,exp,direct,32,32,14,4016.0,3246.0,2871.0,15.0,365.0,315.0,24.0,26.0,4320.0
scna-fp16,exp,direct,32,32,15,4007.0,3249.0,2871.0,15.0,360.0,307.0,24.0,27.0,4348.0
scna-fp16,exp,direct,32,32,16,4012.0,3245.0,2871.0,15.0,360.0,317.0,24.0,26.0,4420.0
scna-fp16,exp,direct,32,32,17,4014.0,3248.0,2871.0,15.0,359.0,319.0,24.0,25.0,4405.0
scna-fp16,exp,direct,32,32,18,4024.0,3253.0,2871.0,15.0,359.0,324.0,24.0,25.0,4336.0
scna-fp16,exp,direct,32,32,19,4017.0,3250.0,2870.0,15.0,354.0,324.0,24.0,25.0,4395.0
scna-fp16,exp,tree,8,4,0,868.0,201.0,150.0,2.0,313.0,339.0,4.0,4.0,1188.0
scna-fp16,exp,tree,8,4,1,845.0,199.0,151.0,2.0,310.0,321.0,4.0,4.0,1081.0
scna-fp16,exp,tree,8,4,2,858.0,200.0,150.0,2.0,311.0,332.0,4.0,4.0,1193.0
scna-fp16,exp,tree,8,4,3,907.0,200.0,150.0,2.0,351.0,341.0,4.0,3.0,1195.0
scna-fp16,exp,tree,8,4,4,924.0,201.0,151.0,2.0,365.0,344.0,4.0,3.0,1191.0
scna-fp16,exp,tree,8,4,5,872.0,200.0,151.0,2.0,323.0,335.0,4.0,3.0,1188.0
scna-fp16,exp,tree,8,4,6,856.0,198.0,151.0,3.0,331.0,311.0,4.0,4.0,1092.0
scna-fp16,exp,tree,8,4,7,924.0,218.0,159.0,2.0,367.0,325.0,4.0,3.0,1193.0
scna-fp16,exp,tree,8,4,8,920.0,218.0,160.0,2.0,363.0,324.0,4.0,4.0,1191.0
scna-fp16,exp,tree,8,4,9,922.0,216.0,159.0,2.0,365.0,327.0,4.0,3.0,1191.0
scna-fp16,exp,tree,8,4,10,925.0,218.0,160.0,2.0,364.0,327.0,4.0,4.0,1198.0
scna-fp16,exp,tree,8,4,11,923.0,217.0,159.0,2.0,364.0,326.0,4.0,4.0,1184.0
scna-fp16,exp,tree,8,4,12,926.0,218.0,159.0,3.0,370.0,324.0,4.0,3.0,1182.0
scna-fp16,exp,tree,8,4,13,920.0,216.0,159.0,3.0,362.0,325.0,4.0,4.0,1187.0
scna-fp16,exp,tree,8,4,14,921.0,217.0,159.0,2.0,363.0,325.0,4.0,4.0,1180.0
scna-fp16,exp,tree,8,4,15,925.0,216.0,158.0,3.0,363.0,329.0,4.0,4.0,1186.0
scna-fp16,exp,tree,8,4,16,928.0,216.0,159.0,2.0,369.0,327.0,4.0,4.0,1198.0
scna-fp16,exp,tree,8,4,17,919.0,216.0,160.0,2.0,363.0,325.0,4.0,4.0,1183.0
scna-fp16,exp,tree,8,4,18,919.0,215.0,158.0,2.0,365.0,324.0,4.0,4.0,1190.0
scna-fp16,exp,tree,8,4,19,921.0,217.0,159.0,3.0,365.0,324.0,4.0,3.0,1182.0
scna-fp16,exp,tree,8,8,0,1063.0,384.0,289.0,4.0,329.0,323.0,8.0,8.0,1315.0
scna-fp16,exp,tree,8,8,1,1081.0,384.0,290.0,4.0,347.0,322.0,8.0,8.0,1310.0
scna-fp16,exp,tree,8,8,2,1076.0,384.0,290.0,4.0,344.0,321.0,8.0,7.0,1307.0
scna-fp16,exp,tree,8,8,3,1071.0,383.0,290.0,4.0,348.0,315.0,8.0,6.0,1315.0
scna-fp16,exp,tree,8,8,4,1086.0,391.0,291.0,4.0,353.0,315.0,8.0,8.0,1366.0
scna-fp16,exp,tree,8,8,5,1098.0,390.0,292.0,5.0,350.0,329.0,8.0,8.0,1374.0
scna-fp16,exp,tree,8,8,6,1098.0,390.0,292.0,4.0,358.0,324.0,8.0,7.0,1375.0
scna-fp16,exp,tree,8,8,7,1059.0,384.0,292.0,4.0,331.0,318.0,8.0,7.0,1396.0
scna-fp16,exp,tree,8,8,8,1089.0,390.0,291.0,4.0,350.0,322.0,8.0,8.0,1416.0
scna-fp16,exp,tree,8,8,9,1085.0,389.0,291.0,4.0,338.0,331.0,8.0,7.0,1366.0
scna-fp16,exp,tree,8,8,10,1090.0,388.0,291.0,4.0,336.0,340.0,8.0,7.0,1387.0
scna-fp16,exp,tree,8,8,11,1085.0,388.0,291.0,4.0,348.0,322.0,8.0,7.0,1372.0
scna-fp16,exp,tree,8,8,12,1098.0,386.0,292.0,4.0,346.0,341.0,8.0,7.0,1395.0
scna-fp16,exp,tree,8,8,13,1081.0,387.0,291.0,4.0,333.0,334.0,8.0,7.0,1388.0
scna-fp16,exp,tree,8,8,14,1090.0,389.0,291.0,4.0,350.0,324.0,8.0,7.0,1377.0
scna-fp16,exp,tree,8,8,15,1126.0,394.0,296.0,4.0,370.0,336.0,8.0,6.0,1352.0
scna-fp16,exp,tree,8,8,16,1132.0,398.0,295.0,4.0,369.0,337.0,8.0,8.0,1425.0
scna-fp16,exp,tree,8,8,17,1131.0,395.0,296.0,4.0,369.0,340.0,8.0,7.0,1463.0
scna-fp16,exp,tree,8,8,18,1109.0,395.0,295.0,4.0,358.0,330.0,8.0,7.0,1375.0
scna-fp16,exp,tree,8,8,19,1107.0,397.0,295.0,4.0,358.0,326.0,8.0,6.0,1356.0
scna-fp16,exp,tree,8,16,0,1427.0,739.0,566.0,9.0,332.0,311.0,12.0,11.0,1724.0
scna-fp16,exp,tree,8,16,1,1442.0,737.0,566.0,8.0,332.0,330.0,12.0,10.0,1716.0
scna-fp16,exp,tree,8,16,2,1443.0,739.0,567.0,8.0,331.0,329.0,12.0,11.0,1713.0
scna-fp16,exp,tree,8,16,3,1436.0,734.0,566.0,9.0,331.0,326.0,12.0,11.0,1712.0
scna-fp16,exp,tree,8,16,4,1427.0,736.0,566.0,9.0,337.0,308.0,12.0,11.0,1711.0
scna-fp16,exp,tree,8,16,5,1404.0,734.0,567.0,7.0,318.0,309.0,12.0,11.0,1736.0
scna-fp16,exp,tree,8,16,6,1414.0,736.0,567.0,8.0,330.0,304.0,12.0,12.0,1676.0
scna-fp16,exp,tree,8,16,7,1506.0,765.0,577.0,8.0,373.0,324.0,12.0,12.0,1756.0
scna-fp16,exp,tree,8,16,8,1517.0,766.0,574.0,8.0,368.0,339.0,12.0,12.0,1866.0
scna-fp16,exp,tree,8,16,9,1520.0,764.0,575.0,8.0,369.0,342.0,12.0,12.0,1860.0
scna-fp16,exp,tree,8,16,10,1515.0,765.0,575.0,8.0,374.0,331.0,12.0,12.0,1874.0
scna-fp16,exp,tree,8,16,11,1509.0,766.0,575.0,8.0,374.0,325.0,12.0,11.0,1793.0
scna-fp16,exp,tree,8,16,12,1514.0,766.0,575.0,8.0,376.0,326.0,12.0,12.0,1771.0
scna-fp16,exp,tree,8,16,13,1523.0,765.0,575.0,8.0,377.0,336.0,12.0,11.0,1868.0
scna-fp16,exp,tree,8,16,14,1516.0,765.0,575.0,8.0,375.0,331.0,12.0,11.0,1887.0
scna-fp16,exp,tree,8,16,15,1513.0,766.0,575.0,8.0,372.0,331.0,12.0,11.0,1764.0
scna-fp16,exp,tree,8,16,16,1519.0,764.0,575.0,8.0,376.0,334.0,12.0,12.0,1855.0
scna-fp16,exp,tree,8,16,17,1517.0,765.0,575.0,8.0,375.0,332.0,12.0,12.0,1856.0
scna-fp16,exp,tree,8,16,18,1523.0,764.0,574.0,8.0,381.0,333.0,12.0,12.0,1818.0
scna-fp16,exp,tree,8,16,19,1509.0,761.0,575.0,8.0,365.0,338.0,12.0,12.0,1854.0
scna-fp16,exp,tree,8,32,0,2206.0,1460.0,1124.0,15.0,337.0,322.0,24.0,23.0,2503.0
scna-fp16,exp,tree,8,32,1,2271.0,1488.0,1129.0,15.0,366.0,328.0,24.0,24.0,2628.0
scna-fp16,exp,tree,8,32,2,2321.0,1505.0,1133.0,15.0,391.0,338.0,24.0,24.0,2625.0
scna-fp16,exp,tree,8,32,3,2311.0,1499.0,1134.0,15.0,393.0,332.0,24.0,23.0,2641.0
scna-fp16,exp,tree,8,32,4,2308.0,1499.0,1133.0,15.0,386.0,336.0,24.0,24.0,2665.0
scna-fp16,exp,tree,8,32,5,2318.0,1506.0,1133.0,15.0,389.0,337.0,24.0,23.0,2638.0
scna-fp16,exp,tree,8,32,6,2312.0,1505.0,1133.0,15.0,383.0,337.0,24.0,23.0,2662.0
scna-fp16,exp,tree,8,32,7,2315.0,1508.0,1133.0,15.0,383.0,338.0,24.0,23.0,2659.0
scna-fp16,exp,tree,8,32,8,2315.0,1501.0,1133.0,15.0,392.0,335.0,24.0,24.0,2666.0
scna-fp16,exp,tree,8,32,9,2299.0,1497.0,1133.0,15.0,384.0,330.0,24.0,24.0,2604.0
scna-fp16,exp,tree,8,32,10,2297.0,1500.0,1133.0,15.0,380.0,331.0,24.0,23.0,2667.0
scna-fp16,exp,tree,8,32,11,2312.0,1504.0,1131.0,15.0,384.0,336.0,24.0,24.0,2637.0
scna-fp16,exp,tree,8,32,12,2306.0,1506.0,1133.0,15.0,382.0,331.0,24.0,24.0,2658.0
scna-fp16,exp,tree,8,32,13,2303.0,1501.0,1133.0,15.0,381.0,334.0,24.0,24.0,2656.0
scna-fp16,exp,tree,8,32,14,2315.0,1501.0,1132.0,15.0,388.0,338.0,24.0,25.0,2717.0
scna-fp16,exp,tree,8,32,15,2314.0,1504.0,1131.0,15.0,385.0,338.0,24.0,24.0,2638.0
scna-fp16,exp,tree,8,32,16,2301.0,1497.0,1133.0,15.0,383.0,334.0,24.0,24.0,2634.0
scna-fp16,exp,tree,8,32,17,2308.0,1505.0,1132.0,15.0,380.0,335.0,24.0,25.0,2665.0
scna-fp16,exp,tree,8,32,18,2305.0,1498.0,1132.0,15.0,377.0,342.0,24.0,25.0,2618.0
scna-fp16,exp,tree,8,32,19,2305.0,1502.0,1132.0,15.0,379.0,338.0,24.0,23.0,2687.0
scna-fp16,exp,tree,16,4,0,913.0,215.0,166.0,2.0,348.0,335.0,4.0,4.0,1191.0
scna-fp16,exp,tree,16,4,1,885.0,215.0,167.0,2.0,331.0,324.0,5.0,3.0,1213.0
scna-fp16,exp,tree,16,4,2,904.0,211.0,165.0,2.0,332.0,345.0,5.0,3.0,1193.0
scna-fp16,exp,tree,16,4,3,855.0,214.0,165.0,2.0,337.0,289.0,5.0,3.0,1190.0
scna-fp16,exp,tree,16,4,4,847.0,212.0,166.0,2.0,338.0,283.0,5.0,3.0,1075.0
scna-fp16,exp,tree,16,4,5,897.0,214.0,165.0,2.0,323.0,344.0,5.0,3.0,1190.0
scna-fp16,exp,tree,16,4,6,895.0,218.0,168.0,2.0,324.0,339.0,4.0,3.0,1248.0
scna-fp16,exp,tree,16,4,7,936.0,226.0,170.0,2.0,364.0,331.0,5.0,3.0,1240.0
scna-fp16,exp,tree,16,4,8,937.0,226.0,172.0,2.0,364.0,333.0,4.0,3.0,1228.0
scna-fp16,exp,tree,16,4,9,926.0,223.0,169.0,2.0,366.0,322.0,4.0,3.0,1235.0
scna-fp16,exp,tree,16,4,10,932.0,224.0,169.0,2.0,370.0,322.0,5.0,3.0,1200.0
scna-fp16,exp,tree,16,4,11,915.0,220.0,169.0,2.0,369.0,312.0,4.0,3.0,1244.0
scna-fp16,exp,tree,16,4,12,915.0,221.0,169.0,2.0,357.0,323.0,4.0,3.0,1187.0
scna-fp16,exp,tree,16,4,13,911.0,222.0,169.0,2.0,357.0,317.0,4.0,3.0,1214.0
scna-fp16,exp,tree,16,4,14,911.0,221.0,167.0,2.0,354.0,321.0,4.0,3.0,1187.0
scna-fp16,exp,tree,16,4,15,918.0,223.0,167.0,2.0,358.0,321.0,5.0,3.0,1194.0
scna-fp16,exp,tree,16,4,16,910.0,221.0,167.0,2.0,354.0,320.0,5.0,3.0,1211.0
scna-fp16,exp,tree,16,4,17,915.0,222.0,168.0,2.0,355.0,322.0,5.0,3.0,1182.0
scna-fp16,exp,tree,16,4,18,907.0,219.0,167.0,2.0,354.0,318.0,5.0,3.0,1252.0
scna-fp16,exp,tree,16,4,19,920.0,220.0,168.0,2.0,364.0,321.0,5.0,3.0,1186.0
scna-fp16,exp,tree,16,8,0,1063.0,410.0,319.0,4.0,323.0,303.0,8.0,7.0,1397.0
scna-fp16,exp,tree,16,8,1,1102.0,409.0,319.0,4.0,337.0,329.0,8.0,7.0,1392.0
scna-fp16,exp,tree,16,8,2,1101.0,410.0,319.0,4.0,339.0,325.0,8.0,7.0,1393.0
scna-fp16,exp,tree,16,8,3,1107.0,411.0,319.0,4.0,342.0,327.0,8.0,7.0,1392.0
scna-fp16,exp,tree,16,8,4,1074.0,411.0,319.0,4.0,333.0,303.0,8.0,7.0,1312.0
scna-fp16,exp,tree,16,8,5,1143.0,422.0,324.0,4.0,373.0,321.0,8.0,7.0,1488.0
scna-fp16,exp,tree,16,8,6,1146.0,424.0,324.0,4.0,367.0,328.0,8.0,7.0,1458.0
scna-fp16,exp,tree,16,8,7,1142.0,420.0,323.0,5.0,356.0,338.0,8.0,7.0,1457.0
scna-fp16,exp,tree,16,8,8,1140.0,423.0,323.0,4.0,350.0,340.0,8.0,7.0,1466.0
scna-fp16,exp,tree,16,8,9,1136.0,421.0,323.0,4.0,352.0,336.0,8.0,7.0,1473.0
scna-fp16,exp,tree,16,8,10,1118.0,417.0,322.0,4.0,357.0,317.0,8.0,7.0,1429.0
scna-fp16,exp,tree,16,8,11,1141.0,419.0,323.0,4.0,356.0,339.0,8.0,7.0,1505.0
scna-fp16,exp,tree,16,8,12,1134.0,418.0,323.0,5.0,359.0,329.0,8.0,7.0,1390.0
scna-fp16,exp,tree,16,8,13,1124.0,420.0,321.0,4.0,347.0,330.0,8.0,7.0,1483.0
scna-fp16,exp,tree,16,8,14,1138.0,422.0,322.0,4.0,350.0,339.0,8.0,7.0,1458.0
scna-fp16,exp,tree,16,8,15,1132.0,420.0,321.0,4.0,352.0,333.0,8.0,7.0,1400.0
scna-fp16,exp,tree,16,8,16,1124.0,420.0,321.0,4.0,346.0,331.0,8.0,7.0,1425.0
scna-fp16,exp,tree,16,8,17,1131.0,421.0,322.0,4.0,358.0,325.0,8.0,7.0,1397.0
scna-fp16,exp,tree,16,8,18,1123.0,419.0,321.0,4.0,348.0,329.0,8.0,7.0,1361.0
scna-fp16,exp,tree,16,8,19,1141.0,422.0,322.0,4.0,361.0,331.0,8.0,7.0,1470.0
scna-fp16,exp,tree,16,16,0,1508.0,803.0,628.0,8.0,329.0,331.0,12.0,12.0,1871.0
scna-fp16,exp,tree,16,16,1,1538.0,813.0,627.0,8.0,346.0,334.0,12.0,12.0,1786.0
scna-fp16,exp,tree,16,16,2,1521.0,801.0,628.0,8.0,340.0,335.0,12.0,12.0,1787.0
scna-fp16,exp,tree,16,16,3,1534.0,806.0,629.0,8.0,345.0,338.0,12.0,12.0,1783.0
scna-fp16,exp,tree,16,16,4,1523.0,809.0,629.0,8.0,340.0,328.0,12.0,12.0,1785.0
scna-fp16,exp,tree,16,16,5,1529.0,806.0,628.0,8.0,338.0,339.0,12.0,12.0,1780.0
scna-fp16,exp,tree,16,16,6,1520.0,812.0,629.0,8.0,344.0,319.0,12.0,12.0,1782.0
scna-fp16,exp,tree,16,16,7,1520.0,808.0,628.0,8.0,333.0,334.0,12.0,12.0,1780.0
scna-fp16,exp,tree,16,16,8,1528.0,823.0,633.0,8.0,340.0,320.0,12.0,12.0,1781.0
scna-fp16,exp,tree,16,16,9,1586.0,829.0,635.0,8.0,383.0,329.0,12.0,12.0,1853.0
scna-fp16,exp,tree,16,16,10,1587.0,829.0,637.0,8.0,384.0,330.0,12.0,11.0,1849.0
scna-fp16,exp,tree,16,16,11,1584.0,826.0,636.0,8.0,382.0,332.0,12.0,11.0,1874.0
scna-fp16,exp,tree,16,16,12,1591.0,830.0,636.0,8.0,377.0,339.0,13.0,11.0,1855.0
scna-fp16,exp,tree,16,16,13,1564.0,828.0,636.0,8.0,370.0,323.0,12.0,11.0,1927.0
scna-fp16,exp,tree,16,16,14,1589.0,829.0,636.0,8.0,384.0,332.0,12.0,11.0,1879.0
scna-fp16,exp,tree,16,16,15,1582.0,825.0,636.0,8.0,379.0,334.0,12.0,11.0,1931.0
scna-fp16,exp,tree,16,16,16,1582.0,830.0,636.0,8.0,377.0,331.0,12.0,12.0,1929.0
scna-fp16,exp,tree,16,16,17,1580.0,826.0,634.0,8.0,379.0,331.0,12.0,12.0,1872.0
scna-fp16,exp,tree,16,16,18,1587.0,825.0,636.0,8.0,379.0,338.0,12.0,12.0,1915.0
scna-fp16,exp,tree,16,16,19,1580.0,827.0,634.0,8.0,372.0,337.0,12.0,11.0,1840.0
scna-fp16,exp,tree,16,32,0,2317.0,1584.0,1240.0,15.0,322.0,325.0,24.0,23.0,2622.0
scna-fp16,exp,tree,16,32,1,2330.0,1578.0,1241.0,15.0,338.0,326.0,24.0,25.0,2620.0
scna-fp16,exp,tree,16,32,2,2358.0,1596.0,1240.0,15.0,339.0,337.0,24.0,24.0,2673.0
scna-fp16,exp,tree,16,32,3,2422.0,1622.0,1249.0,15.0,377.0,335.0,24.0,24.0,2765.0
scna-fp16,exp,tree,16,32,4,2428.0,1622.0,1250.0,15.0,383.0,335.0,24.0,25.0,2792.0
scna-fp16,exp,tree,16,32,5,2431.0,1622.0,1249.0,15.0,383.0,338.0,24.0,25.0,2788.0
scna-fp16,exp,tree,16,32,6,2437.0,1624.0,1250.0,15.0,385.0,340.0,24.0,25.0,2780.0
scna-fp16,exp,tree,16,32,7,2419.0,1616.0,1249.0,15.0,381.0,333.0,24.0,26.0,2810.0
scna-fp16,exp,tree,16,32,8,2363.0,1601.0,1247.0,15.0,354.0,321.0,24.0,24.0,2697.0
scna-fp16,exp,tree,16,32,9,2384.0,1613.0,1244.0,15.0,347.0,336.0,24.0,25.0,2703.0
scna-fp16,exp,tree,16,32,10,2380.0,1622.0,1244.0,15.0,354.0,317.0,24.0,24.0,2774.0
scna-fp16,exp,tree,16,32,11,2384.0,1616.0,1243.0,15.0,352.0,329.0,24.0,25.0,2788.0
scna-fp16,exp,tree,16,32,12,2378.0,1611.0,1243.0,15.0,348.0,331.0,24.0,24.0,2694.0
scna-fp16,exp,tree,16,32,13,2387.0,1614.0,1243.0,15.0,351.0,334.0,24.0,24.0,2686.0
scna-fp16,exp,tree,16,32,14,2382.0,1618.0,1243.0,15.0,350.0,326.0,24.0,24.0,2781.0
scna-fp16,exp,tree,16,32,15,2378.0,1616.0,1243.0,15.0,340.0,333.0,24.0,25.0,2660.0
scna-fp16,exp,tree,16,32,16,2374.0,1619.0,1243.0,15.0,349.0,319.0,24.0,25.0,2769.0
scna-fp16,exp,tree,16,32,17,2388.0,1619.0,1243.0,15.0,350.0,332.0,24.0,25.0,2760.0
scna-fp16,exp,tree,16,32,18,2380.0,1612.0,1243.0,15.0,351.0,329.0,24.0,25.0,2778.0
scna-fp16,exp,tree,16,32,19,2368.0,1614.0,1243.0,15.0,336.0,331.0,24.0,24.0,2655.0
scna-fp16,exp,tree,32,4,0,788.0,258.0,210.0,2.0,268.0,249.0,4.0,3.0,1096.0
scna-fp16,exp,tree,32,4,1,785.0,258.0,211.0,2.0,268.0,246.0,4.0,2.0,1097.0
scna-fp16,exp,tree,32,4,2,781.0,258.0,211.0,2.0,267.0,244.0,4.0,2.0,1005.0
scna-fp16,exp,tree,32,4,3,781.0,258.0,210.0,2.0,267.0,244.0,4.0,2.0,1105.0
scna-fp16,exp,tree,32,4,4,792.0,259.0,211.0,2.0,273.0,247.0,4.0,2.0,1099.0
scna-fp16,exp,tree,32,4,5,780.0,257.0,210.0,2.0,265.0,246.0,4.0,2.0,1097.0
scna-fp16,exp,tree,32,4,6,781.0,258.0,211.0,2.0,265.0,246.0,4.0,2.0,1107.0
scna-fp16,exp,tree,32,4,7,781.0,257.0,211.0,2.0,266.0,246.0,4.0,2.0,1098.0
scna-fp16,exp,tree,32,4,8,785.0,258.0,210.0,2.0,267.0,247.0,4.0,3.0,1026.0
scna-fp16,exp,tree,32,4,9,782.0,258.0,210.0,2.0,268.0,244.0,4.0,2.0,1030.0
scna-fp16,exp,tree,32,4,10,783.0,258.0,211.0,2.0,266.0,247.0,4.0,2.0,1029.0
scna-fp16,exp,tree,32,4,11,788.0,258.0,210.0,2.0,272.0,246.0,4.0,2.0,1028.0
scna-fp16,exp,tree,32,4,12,787.0,259.0,211.0,2.0,269.0,247.0,4.0,2.0,1028.0
scna-fp16,exp,tree,32,4,13,782.0,257.0,211.0,2.0,268.0,245.0,4.0,2.0,1029.0
scna-fp16,exp,tree,32,4,14,787.0,259.0,211.0,2.0,268.0,248.0,4.0,2.0,1027.0
scna-fp16,exp,tree,32,4,15,785.0,260.0,210.0,2.0,265.0,248.0,4.0,2.0,1027.0
scna-fp16,exp,tree,32,4,16,781.0,256.0,210.0,2.0,266.0,246.0,4.0,2.0,1028.0
scna-fp16,exp,tree,32,4,17,786.0,257.0,211.0,2.0,270.0,246.0,4.0,2.0,1028.0
scna-fp16,exp,tree,32,4,18,786.0,255.0,210.0,2.0,270.0,248.0,4.0,2.0,1029.0
scna-fp16,exp,tree,32,4,19,781.0,256.0,211.0,2.0,268.0,245.0,4.0,2.0,1027.0
scna-fp16,exp,tree,32,8,0,1083.0,499.0,412.0,4.0,295.0,261.0,8.0,7.0,1339.0
scna-fp16,exp,tree,32,8,1,1078.0,499.0,412.0,4.0,292.0,259.0,8.0,7.0,1324.0
scna-fp16,exp,tree,32,8,2,1076.0,499.0,412.0,4.0,292.0,259.0,8.0,6.0,1321.0
scna-fp16,exp,tree,32,8,3,1084.0,497.0,413.0,4.0,296.0,264.0,8.0,7.0,1327.0
scna-fp16,exp,tree,32,8,4,1080.0,496.0,412.0,3.0,289.0,269.0,8.0,7.0,1345.0
scna-fp16,exp,tree,32,8,5,1071.0,498.0,412.0,4.0,294.0,253.0,8.0,6.0,1341.0
scna-fp16,exp,tree,32,8,6,1083.0,498.0,412.0,4.0,298.0,260.0,8.0,7.0,1340.0
scna-fp16,exp,tree,32,8,7,1075.0,498.0,412.0,4.0,281.0,269.0,8.0,7.0,1404.0
scna-fp16,exp,tree,32,8,8,1127.0,503.0,415.0,4.0,312.0,285.0,8.0,7.0,1416.0
scna-fp16,exp,tree,32,8,9,1135.0,504.0,413.0,4.0,309.0,295.0,8.0,7.0,1483.0
scna-fp16,exp,tree,32,8,10,1140.0,506.0,414.0,4.0,311.0,296.0,8.0,7.0,1453.0
scna-fp16,exp,tree,32,8,11,1137.0,505.0,414.0,4.0,314.0,291.0,8.0,7.0,1411.0
scna-fp16,exp,tree,32,8,12,1138.0,505.0,414.0,4.0,308.0,298.0,8.0,7.0,1411.0
scna-fp16,exp,tree,32,8,13,1144.0,508.0,414.0,4.0,311.0,298.0,8.0,7.0,1446.0
scna-fp16,exp,tree,32,8,14,1134.0,505.0,414.0,4.0,319.0,283.0,8.0,7.0,1495.0
scna-fp16,exp,tree,32,8,15,1134.0,506.0,414.0,4.0,312.0,289.0,8.0,7.0,1474.0
scna-fp16,exp,tree,32,8,16,1123.0,505.0,413.0,4.0,308.0,283.0,8.0,7.0,1366.0
scna-fp16,exp,tree,32,8,17,1132.0,506.0,413.0,4.0,306.0,293.0,8.0,7.0,1492.0
scna-fp16,exp,tree,32,8,18,1134.0,503.0,414.0,4.0,310.0,294.0,8.0,7.0,1526.0
scna-fp16,exp,tree,32,8,19,1141.0,506.0,413.0,4.0,317.0,291.0,8.0,7.0,1387.0
scna-fp16,exp,tree,32,16,0,1710.0,990.0,817.0,8.0,340.0,335.0,12.0,12.0,1975.0
scna-fp16,exp,tree,32,16,1,1712.0,993.0,818.0,8.0,338.0,337.0,12.0,11.0,1978.0
scna-fp16,exp,tree,32,16,2,1714.0,991.0,817.0,8.0,337.0,341.0,12.0,12.0,1977.0
scna-fp16,exp,tree,32,16,3,1706.0,994.0,817.0,8.0,343.0,325.0,12.0,11.0,1964.0
scna-fp16,exp,tree,32,16,4,1765.0,1006.0,824.0,8.0,375.0,338.0,12.0,12.0,2050.0
scna-fp16,exp,tree,32,16,5,1772.0,1014.0,823.0,8.0,380.0,334.0,12.0,11.0,2101.0
scna-fp16,exp,tree,32,16,6,1766.0,1013.0,824.0,8.0,377.0,331.0,12.0,12.0,2130.0
scna-fp16,exp,tree,32,16,7,1766.0,1012.0,824.0,9.0,377.0,331.0,12.0,12.0,2109.0
scna-fp16,exp,tree,32,16,8,1756.0,1009.0,823.0,7.0,377.0,326.0,12.0,12.0,2046.0
scna-fp16,exp,tree,32,16,9,1761.0,1012.0,823.0,7.0,379.0,326.0,12.0,12.0,2087.0
scna-fp16,exp,tree,32,16,10,1752.0,1010.0,822.0,8.0,374.0,323.0,12.0,12.0,1995.0
scna-fp16,exp,tree,32,16,11,1743.0,1007.0,821.0,8.0,366.0,326.0,12.0,11.0,2054.0
scna-fp16,exp,tree,32,16,12,1758.0,1012.0,821.0,8.0,375.0,326.0,12.0,12.0,2007.0
scna-fp16,exp,tree,32,16,13,1749.0,1008.0,822.0,8.0,371.0,325.0,12.0,12.0,2046.0
scna-fp16,exp,tree,32,16,14,1682.0,992.0,820.0,7.0,356.0,292.0,12.0,10.0,2010.0
scna-fp16,exp,tree,32,16,15,1684.0,1005.0,816.0,8.0,325.0,309.0,12.0,12.0,1997.0
scna-fp16,exp,tree,32,16,16,1681.0,1001.0,815.0,8.0,331.0,304.0,12.0,12.0,2029.0
scna-fp16,exp,tree,32,16,17,1707.0,1003.0,816.0,8.0,345.0,314.0,12.0,12.0,2011.0
scna-fp16,exp,tree,32,16,18,1701.0,1007.0,815.0,8.0,343.0,306.0,12.0,12.0,2047.0
scna-fp16,exp,tree,32,16,19,1696.0,1000.0,816.0,8.0,340.0,311.0,12.0,12.0,1963.0
scna-fp16,exp,tree,32,32,0,2629.0,1996.0,1618.0,15.0,278.0,268.0,24.0,23.0,3009.0
scna-fp16,exp,tree,32,32,1,2621.0,1991.0,1617.0,15.0,278.0,265.0,24.0,23.0,3008.0
scna-fp16,exp,tree,32,32,2,2626.0,1994.0,1617.0,15.0,277.0,268.0,24.0,23.0,3007.0
scna-fp16,exp,tree,32,32,3,2624.0,1995.0,1617.0,15.0,277.0,265.0,24.0,23.0,3011.0
scna-fp16,exp,tree,32,32,4,2590.0,1974.0,1618.0,15.0,268.0,262.0,24.0,23.0,2887.0
scna-fp16,exp,tree,32,32,5,2619.0,1992.0,1618.0,15.0,276.0,264.0,24.0,24.0,2905.0
scna-fp16,exp,tree,32,32,6,2624.0,1994.0,1617.0,15.0,277.0,266.0,24.0,24.0,3029.0
scna-fp16,exp,tree,32,32,7,2629.0,1997.0,1617.0,15.0,281.0,264.0,24.0,24.0,2923.0
scna-fp16,exp,tree,32,32,8,2627.0,1997.0,1619.0,15.0,279.0,263.0,24.0,24.0,3023.0
scna-fp16,exp,tree,32,32,9,2619.0,1994.0,1617.0,15.0,274.0,263.0,24.0,24.0,2905.0
scna-fp16,exp,tree,32,32,10,2616.0,1994.0,1617.0,15.0,272.0,263.0,24.0,24.0,2893.0
scna-fp16,exp,tree,32,32,11,2622.0,1994.0,1618.0,15.0,278.0,262.0,24.0,24.0,2971.0
scna-fp16,exp,tree,32,32,12,2627.0,1996.0,1617.0,15.0,278.0,265.0,24.0,24.0,2924.0
scna-fp16,exp,tree,32,32,13,2616.0,1995.0,1617.0,15.0,271.0,263.0,24.0,24.0,2891.0
scna-fp16,exp,tree,32,32,14,2617.0,1995.0,1618.0,15.0,272.0,263.0,24.0,24.0,2945.0
scna-fp16,exp,tree,32,32,15,2608.0,1990.0,1617.0,15.0,276.0,255.0,24.0,23.0,3085.0
scna-fp16,exp,tree,32,32,16,2582.0,1966.0,1617.0,15.0,269.0,260.0,24.0,23.0,2960.0
scna-fp16,exp,tree,32,32,17,2625.0,1991.0,1617.0,16.0,284.0,262.0,24.0,24.0,3030.0
scna-fp16,exp,tree,32,32,18,2613.0,1987.0,1618.0,16.0,278.0,260.0,24.0,24.0,3009.0
scna-fp16,exp,tree,32,32,19,2628.0,1992.0,1617.0,16.0,286.0,262.0,24.0,24.0,2918.0
scna-fp16,exp2,direct,8,4,0,788.0,211.0,168.0,2.0,295.0,268.0,4.0,3.0,1085.0
scna-fp16,exp2,direct,8,4,1,804.0,210.0,167.0,2.0,303.0,277.0,4.0,4.0,1099.0
scna-fp16,exp2,direct,8,4,2,797.0,211.0,169.0,2.0,297.0,276.0,4.0,3.0,1093.0
scna-fp16,exp2,direct,8,4,3,792.0,210.0,168.0,2.0,301.0,268.0,4.0,3.0,1096.0
scna-fp16,exp2,direct,8,4,4,790.0,211.0,169.0,2.0,293.0,273.0,4.0,3.0,1097.0
scna-fp16,exp2,direct,8,4,5,775.0,209.0,167.0,2.0,281.0,271.0,4.0,3.0,1091.0
scna-fp16,exp2,direct,8,4,6,783.0,209.0,168.0,2.0,291.0,269.0,4.0,3.0,1086.0
scna-fp16,exp2,direct,8,4,7,780.0,210.0,168.0,2.0,289.0,268.0,4.0,3.0,1116.0
scna-fp16,exp2,direct,8,4,8,864.0,215.0,168.0,1.0,316.0,320.0,4.0,4.0,1113.0
scna-fp16,exp2,direct,8,4,9,825.0,214.0,168.0,2.0,313.0,284.0,4.0,4.0,1074.0
scna-fp16,exp2,direct,8,4,10,837.0,214.0,167.0,2.0,311.0,299.0,4.0,3.0,1186.0
scna-fp16,exp2,direct,8,4,11,843.0,215.0,167.0,2.0,305.0,309.0,4.0,3.0,1149.0
scna-fp16,exp2,direct,8,4,12,834.0,213.0,167.0,2.0,306.0,302.0,4.0,3.0,1138.0
scna-fp16,exp2,direct,8,4,13,872.0,216.0,166.0,2.0,325.0,318.0,4.0,3.0,1133.0
scna-fp16,exp2,direct,8,4,14,853.0,214.0,168.0,2.0,313.0,312.0,4.0,4.0,1131.0
scna-fp16,exp2,direct,8,4,15,855.0,212.0,166.0,1.0,328.0,304.0,4.0,2.0,1125.0
scna-fp16,exp2,direct,8,4,16,863.0,214.0,167.0,2.0,319.0,317.0,4.0,2.0,1130.0
scna-fp16,exp2,direct,8,4,17,846.0,214.0,166.0,2.0,305.0,315.0,4.0,2.0,1140.0
scna-fp16,exp2,direct,8,4,18,864.0,213.0,166.0,2.0,322.0,317.0,4.0,2.0,1127.0
scna-fp16,exp2,direct,8,4,19,846.0,211.0,167.0,2.0,318.0,303.0,5.0,3.0,1171.0
scna-fp16,exp2,direct,8,8,0,1058.0,419.0,327.0,3.0,328.0,285.0,8.0,7.0,1367.0
scna-fp16,exp2,direct,8,8,1,1063.0,421.0,327.0,4.0,322.0,293.0,8.0,7.0,1302.0
scna-fp16,exp2,direct,8,8,2,1048.0,422.0,328.0,4.0,318.0,281.0,8.0,7.0,1283.0
scna-fp16,exp2,direct,8,8,3,1053.0,420.0,326.0,4.0,324.0,281.0,8.0,8.0,1401.0
scna-fp16,exp2,direct,8,8,4,1049.0,421.0,327.0,4.0,321.0,280.0,8.0,7.0,1283.0
scna-fp16,exp2,direct,8,8,5,1058.0,421.0,326.0,4.0,322.0,288.0,8.0,7.0,1365.0
scna-fp16,exp2,direct,8,8,6,1069.0,426.0,328.0,4.0,315.0,301.0,8.0,7.0,1346.0
scna-fp16,exp2,direct,8,8,7,1069.0,424.0,330.0,4.0,326.0,292.0,8.0,7.0,1305.0
scna-fp16,exp2,direct,8,8,8,1088.0,425.0,328.0,4.0,327.0,308.0,8.0,8.0,1328.0
scna-fp16,exp2,direct,8,8,9,1099.0,426.0,328.0,4.0,331.0,314.0,8.0,8.0,1355.0
scna-fp16,exp2,direct,8,8,10,1094.0,424.0,329.0,4.0,336.0,306.0,8.0,8.0,1382.0
scna-fp16,exp2,direct,8,8,11,1097.0,424.0,327.0,4.0,341.0,305.0,8.0,7.0,1371.0
scna-fp16,exp2,direct,8,8,12,1077.0,423.0,328.0,4.0,327.0,300.0,8.0,7.0,1318.0
scna-fp16,exp2,direct,8,8,13,1082.0,426.0,328.0,4.0,323.0,306.0,8.0,7.0,1344.0
scna-fp16,exp2,direct,8,8,14,1092.0,426.0,329.0,5.0,326.0,311.0,8.0,8.0,1346.0
scna-fp16,exp2,direct,8,8,15,1077.0,427.0,328.0,5.0,323.0,298.0,8.0,8.0,1356.0
scna-fp16,exp2,direct,8,8,16,1097.0,427.0,329.0,5.0,330.0,312.0,8.0,7.0,1363.0
scna-fp16,exp2,direct,8,8,17,1075.0,422.0,328.0,4.0,326.0,299.0,8.0,8.0,1322.0
scna-fp16,exp2,direct,8,8,18,1074.0,423.0,329.0,4.0,324.0,299.0,8.0,8.0,1386.0
scna-fp16,exp2,direct,8,8,19,1082.0,425.0,329.0,4.0,324.0,305.0,8.0,8.0,1350.0
scna-fp16,exp2,direct,8,16,0,1345.0,801.0,646.0,7.0,261.0,242.0,12.0,10.0,1669.0
scna-fp16,exp2,direct,8,16,1,1357.0,805.0,647.0,7.0,261.0,250.0,12.0,10.0,1658.0
scna-fp16,exp2,direct,8,16,2,1342.0,801.0,646.0,7.0,263.0,237.0,12.0,10.0,1646.0
scna-fp16,exp2,direct,8,16,3,1357.0,803.0,647.0,7.0,263.0,250.0,12.0,10.0,1674.0
scna-fp16,exp2,direct,8,16,4,1347.0,813.0,646.0,8.0,256.0,236.0,12.0,10.0,1688.0
scna-fp16,exp2,direct,8,16,5,1339.0,804.0,646.0,7.0,264.0,230.0,12.0,10.0,1603.0
scna-fp16,exp2,direct,8,16,6,1331.0,800.0,646.0,7.0,260.0,230.0,12.0,10.0,1561.0
scna-fp16,exp2,direct,8,16,7,1331.0,800.0,646.0,7.0,259.0,231.0,12.0,10.0,1629.0
scna-fp16,exp2,direct,8,16,8,1343.0,804.0,648.0,7.0,264.0,234.0,12.0,10.0,1647.0
scna-fp16,exp2,direct,8,16,9,1338.0,801.0,646.0,7.0,259.0,237.0,12.0,10.0,1655.0
scna-fp16,exp2,direct,8,16,10,1352.0,802.0,646.0,7.0,271.0,238.0,12.0,10.0,1684.0
scna-fp16,exp2,direct,8,16,11,1335.0,801.0,645.0,7.0,260.0,233.0,12.0,10.0,1661.0
scna-fp16,exp2,direct,8,16,12,1357.0,803.0,646.0,7.0,261.0,251.0,12.0,10.0,1642.0
scna-fp16,exp2,direct,8,16,13,1348.0,802.0,647.0,7.0,267.0,238.0,12.0,10.0,1674.0
scna-fp16,exp2,direct,8,16,14,1359.0,804.0,646.0,7.0,267.0,247.0,12.0,10.0,1628.0
scna-fp16,exp2,direct,8,16,15,1348.0,801.0,646.0,7.0,270.0,236.0,12.0,10.0,1606.0
scna-fp16,exp2,direct,8,16,16,1369.0,803.0,647.0,7.0,275.0,250.0,12.0,10.0,1712.0
scna-fp16,exp2,direct,8,16,17,1347.0,801.0,647.0,7.0,267.0,238.0,12.0,10.0,1649.0
scna-fp16,exp2,direct,8,16,18,1352.0,805.0,648.0,7.0,264.0,242.0,12.0,10.0,1620.0
scna-fp16,exp2,direct,8,16,19,1353.0,804.0,647.0,7.0,262.0,246.0,12.0,10.0,1610.0
scna-fp16,exp2,direct,8,32,0,2377.0,1627.0,1289.0,15.0,354.0,310.0,24.0,22.0,2685.0
scna-fp16,exp2,direct,8,32,1,2365.0,1626.0,1288.0,15.0,337.0,315.0,24.0,22.0,2681.0
scna-fp16,exp2,direct,8,32,2,2390.0,1636.0,1287.0,15.0,349.0,319.0,24.0,22.0,2679.0
scna-fp16,exp2,direct,8,32,3,2392.0,1635.0,1288.0,15.0,353.0,317.0,24.0,23.0,2762.0
scna-fp16,exp2,direct,8,32,4,2403.0,1642.0,1289.0,15.0,342.0,333.0,24.0,23.0,2783.0
scna-fp16,exp2,direct,8,32,5,2421.0,1643.0,1288.0,15.0,363.0,329.0,24.0,22.0,2779.0
scna-fp16,exp2,direct,8,32,6,2412.0,1637.0,1288.0,15.0,357.0,333.0,24.0,22.0,2780.0
scna-fp16,exp2,direct,8,32,7,2419.0,1641.0,1288.0,15.0,361.0,330.0,24.0,22.0,2780.0
scna-fp16,exp2,direct,8,32,8,2409.0,1643.0,1288.0,15.0,347.0,334.0,24.0,22.0,2699.0
scna-fp16,exp2,direct,8,32,9,2359.0,1628.0,1289.0,15.0,333.0,311.0,24.0,22.0,2654.0
scna-fp16,exp2,direct,8,32,10,2386.0,1657.0,1288.0,15.0,329.0,314.0,24.0,23.0,2666.0
scna-fp16,exp2,direct,8,32,11,2419.0,1673.0,1288.0,15.0,346.0,314.0,24.0,22.0,2808.0
scna-fp16,exp2,direct,8,32,12,2435.0,1671.0,1288.0,15.0,347.0,330.0,24.0,23.0,2740.0
scna-fp16,exp2,direct,8,32,13,2384.0,1651.0,1287.0,15.0,339.0,307.0,24.0,23.0,2772.0
scna-fp16,exp2,direct,8,32,14,2407.0,1667.0,1287.0,16.0,343.0,309.0,24.0,23.0,2805.0
scna-fp16,exp2,direct,8,32,15,2417.0,1667.0,1288.0,15.0,344.0,320.0,24.0,23.0,2757.0
scna-fp16,exp2,direct,8,32,16,2410.0,1666.0,1287.0,15.0,339.0,318.0,24.0,22.0,2687.0
scna-fp16,exp2,direct,8,32,17,2420.0,1669.0,1288.0,15.0,342.0,323.0,24.0,22.0,2746.0
scna-fp16,exp2,direct,8,32,18,2415.0,1670.0,1288.0,15.0,341.0,318.0,24.0,22.0,2768.0
scna-fp16,exp2,direct,8,32,19,2417.0,1668.0,1288.0,15.0,341.0,322.0,24.0,22.0,2704.0
scna-fp16,exp2,direct,16,4,0,844.0,273.0,229.0,2.0,290.0,266.0,4.0,4.0,1085.0
scna-fp16,exp2,direct,16,4,1,844.0,275.0,228.0,2.0,290.0,264.0,4.0,4.0,1096.0
scna-fp16,exp2,direct,16,4,2,846.0,273.0,228.0,2.0,293.0,264.0,4.0,4.0,1099.0
scna-fp16,exp2,direct,16,4,3,845.0,273.0,228.0,2.0,293.0,264.0,4.0,4.0,1102.0
scna-fp16,exp2,direct,16,4,4,843.0,276.0,230.0,2.0,291.0,261.0,4.0,4.0,1083.0
scna-fp16,exp2,direct,16,4,5,840.0,275.0,230.0,2.0,286.0,264.0,4.0,4.0,1092.0
scna-fp16,exp2,direct,16,4,6,843.0,273.0,228.0,2.0,291.0,264.0,4.0,4.0,1090.0
scna-fp16,exp2,direct,16,4,7,832.0,273.0,229.0,2.0,281.0,263.0,4.0,4.0,1090.0
scna-fp16,exp2,direct,16,4,8,838.0,274.0,228.0,2.0,287.0,262.0,4.0,4.0,1089.0
scna-fp16,exp2,direct,16,4,9,859.0,275.0,230.0,2.0,290.0,279.0,4.0,4.0,1198.0
scna-fp16,exp2,direct,16,4,10,883.0,275.0,229.0,2.0,305.0,288.0,4.0,4.0,1225.0
scna-fp16,exp2,direct,16,4,11,893.0,274.0,230.0,2.0,314.0,290.0,4.0,4.0,1219.0
scna-fp16,exp2,direct,16,4,12,883.0,275.0,230.0,2.0,315.0,278.0,4.0,4.0,1222.0
scna-fp16,exp2,direct,16,4,13,871.0,274.0,229.0,2.0,305.0,276.0,4.0,4.0,1197.0
scna-fp16,exp2,direct,16,4,14,909.0,279.0,229.0,2.0,313.0,302.0,4.0,4.0,1181.0
scna-fp16,exp2,direct,16,4,15,922.0,276.0,229.0,2.0,330.0,301.0,4.0,4.0,1175.0
scna-fp16,exp2,direct,16,4,16,891.0,276.0,229.0,2.0,303.0,297.0,4.0,4.0,1166.0
scna-fp16,exp2,direct,16,4,17,855.0,275.0,229.0,2.0,296.0,269.0,4.0,4.0,1133.0
scna-fp16,exp2,direct,16,4,18,875.0,275.0,229.0,2.0,302.0,283.0,4.0,4.0,1185.0
scna-fp16,exp2,direct,16,4,19,866.0,276.0,228.0,2.0,298.0,277.0,4.0,4.0,1133.0
scna-fp16,exp2,direct,16,8,0,1118.0,537.0,449.0,4.0,289.0,264.0,8.0,8.0,1428.0
scna-fp16,exp2,direct,16,8,1,1118.0,537.0,449.0,4.0,291.0,263.0,8.0,8.0,1434.0
scna-fp16,exp2,direct,16,8,2,1123.0,540.0,450.0,4.0,291.0,265.0,8.0,8.0,1434.0
scna-fp16,exp2,direct,16,8,3,1120.0,538.0,451.0,4.0,289.0,266.0,8.0,8.0,1428.0
scna-fp16,exp2,direct,16,8,4,1118.0,539.0,449.0,4.0,289.0,263.0,8.0,8.0,1428.0
scna-fp16,exp2,direct,16,8,5,1111.0,540.0,450.0,4.0,287.0,256.0,8.0,8.0,1430.0
scna-fp16,exp2,direct,16,8,6,1107.0,540.0,451.0,4.0,276.0,264.0,8.0,7.0,1358.0
scna-fp16,exp2,direct,16,8,7,1113.0,539.0,450.0,4.0,287.0,259.0,8.0,8.0,1364.0
scna-fp16,exp2,direct,16,8,8,1141.0,540.0,449.0,4.0,297.0,277.0,8.0,8.0,1404.0
scna-fp16,exp2,direct,16,8,9,1151.0,542.0,451.0,4.0,298.0,283.0,8.0,8.0,1397.0
scna-fp16,exp2,direct,16,8,10,1150.0,542.0,449.0,4.0,305.0,275.0,8.0,8.0,1394.0
scna-fp16,exp2,direct,16,8,11,1146.0,543.0,451.0,4.0,299.0,276.0,8.0,8.0,1394.0
scna-fp16,exp2,direct,16,8,12,1131.0,539.0,450.0,4.0,305.0,262.0,8.0,6.0,1392.0
scna-fp16,exp2,direct,16,8,13,1132.0,541.0,451.0,4.0,294.0,269.0,8.0,8.0,1457.0
scna-fp16,exp2,direct,16,8,14,1118.0,541.0,450.0,4.0,285.0,264.0,8.0,8.0,1360.0
scna-fp16,exp2,direct,16,8,15,1142.0,542.0,451.0,4.0,292.0,280.0,8.0,8.0,1484.0
scna-fp16,exp2,direct,16,8,16,1139.0,541.0,450.0,4.0,294.0,277.0,8.0,7.0,1403.0
scna-fp16,exp2,direct,16,8,17,1142.0,541.0,450.0,4.0,295.0,278.0,8.0,8.0,1411.0
scna-fp16,exp2,direct,16,8,18,1143.0,542.0,451.0,4.0,298.0,275.0,8.0,8.0,1445.0
scna-fp16,exp2,direct,16,8,19,1142.0,544.0,450.0,5.0,292.0,277.0,8.0,8.0,1428.0
scna-fp16,exp2,direct,16,16,0,1641.0,1050.0,889.0,8.0,288.0,261.0,12.0,10.0,1894.0
scna-fp16,exp2,direct,16,16,1,1645.0,1055.0,889.0,8.0,294.0,254.0,12.0,10.0,1882.0
scna-fp16,exp2,direct,16,16,2,1638.0,1056.0,891.0,8.0,288.0,252.0,12.0,10.0,1959.0
scna-fp16,exp2,direct,16,16,3,1677.0,1054.0,890.0,8.0,297.0,283.0,12.0,10.0,2006.0
scna-fp16,exp2,direct,16,16,4,1716.0,1065.0,890.0,7.0,316.0,293.0,12.0,11.0,2042.0
scna-fp16,exp2,direct,16,16,5,1737.0,1073.0,891.0,8.0,327.0,294.0,12.0,11.0,2010.0
scna-fp16,exp2,direct,16,16,6,1732.0,1071.0,891.0,8.0,328.0,290.0,12.0,11.0,2013.0
scna-fp16,exp2,direct,16,16,7,1730.0,1069.0,891.0,8.0,329.0,288.0,12.0,11.0,1988.0
scna-fp16,exp2,direct,16,16,8,1736.0,1070.0,890.0,8.0,329.0,294.0,12.0,10.0,2032.0
scna-fp16,exp2,direct,16,16,9,1720.0,1069.0,890.0,8.0,320.0,289.0,12.0,10.0,2039.0
scna-fp16,exp2,direct,16,16,10,1715.0,1071.0,891.0,7.0,314.0,289.0,12.0,10.0,2000.0
scna-fp16,exp2,direct,16,16,11,1738.0,1067.0,890.0,8.0,330.0,299.0,12.0,10.0,2032.0
scna-fp16,exp2,direct,16,16,12,1730.0,1073.0,890.0,8.0,325.0,289.0,12.0,10.0,2022.0
scna-fp16,exp2,direct,16,16,13,1727.0,1072.0,891.0,8.0,323.0,290.0,12.0,10.0,2045.0
scna-fp16,exp2,direct,16,16,14,1723.0,1071.0,890.0,8.0,319.0,290.0,12.0,11.0,2015.0
scna-fp16,exp2,direct,16,16,15,1712.0,1069.0,890.0,8.0,310.0,290.0,12.0,10.0,2038.0
scna-fp16,exp2,direct,16,16,16,1722.0,1069.0,890.0,8.0,320.0,290.0,12.0,10.0,2050.0
scna-fp16,exp2,direct,16,16,17,1716.0,1068.0,890.0,8.0,319.0,287.0,12.0,10.0,2037.0
scna-fp16,exp2,direct,16,16,18,1723.0,1068.0,891.0,8.0,310.0,303.0,12.0,10.0,2064.0
scna-fp16,exp2,direct,16,16,19,1723.0,1069.0,890.0,7.0,326.0,286.0,12.0,10.0,1983.0
scna-fp16,exp2,direct,16,32,0,2865.0,2141.0,1772.0,15.0,332.0,306.0,24.0,24.0,3119.0
scna-fp16,exp2,direct,16,32,1,2867.0,2139.0,1772.0,15.0,336.0,305.0,24.0,24.0,3230.0
scna-fp16,exp2,direct,16,32,2,2860.0,2135.0,1771.0,15.0,335.0,303.0,24.0,24.0,3213.0
scna-fp16,exp2,direct,16,32,3,2865.0,2136.0,1771.0,15.0,339.0,303.0,24.0,24.0,3123.0
scna-fp16,exp2,direct,16,32,4,2882.0,2143.0,1774.0,15.0,341.0,312.0,24.0,23.0,3188.0
scna-fp16,exp2,direct,16,32,5,2899.0,2140.0,1773.0,15.0,360.0,312.0,24.0,24.0,3165.0
scna-fp16,exp2,direct,16,32,6,2900.0,2144.0,1773.0,15.0,358.0,311.0,24.0,24.0,3183.0
scna-fp16,exp2,direct,16,32,7,2902.0,2144.0,1773.0,15.0,357.0,314.0,24.0,24.0,3279.0
scna-fp16,exp2,direct,16,32,8,2884.0,2136.0,1772.0,15.0,354.0,307.0,24.0,24.0,3143.0
scna-fp16,exp2,direct,16,32,9,2889.0,2136.0,1773.0,15.0,355.0,311.0,24.0,24.0,3210.0
scna-fp16,exp2,direct,16,32,10,2892.0,2142.0,1772.0,15.0,353.0,311.0,24.0,24.0,3176.0
scna-fp16,exp2,direct,16,32,11,2891.0,2134.0,1772.0,15.0,359.0,312.0,24.0,24.0,3162.0
scna-fp16,exp2,direct,16,32,12,2896.0,2143.0,1772.0,15.0,357.0,311.0,24.0,24.0,3273.0
scna-fp16,exp2,direct,16,32,13,2894.0,2139.0,1773.0,15.0,354.0,315.0,24.0,24.0,3222.0
scna-fp16,exp2,direct,16,32,14,2892.0,2139.0,1771.0,15.0,356.0,310.0,24.0,24.0,3253.0
scna-fp16,exp2,direct,16,32,15,2889.0,2136.0,1773.0,15.0,354.0,312.0,24.0,24.0,3189.0
scna-fp16,exp2,direct,16,32,16,2894.0,2143.0,1772.0,15.0,354.0,311.0,24.0,24.0,3178.0
scna-fp16,exp2,direct,16,32,17,2897.0,2142.0,1772.0,15.0,356.0,312.0,24.0,24.0,3182.0
scna-fp16,exp2,direct,16,32,18,2887.0,2141.0,1773.0,15.0,351.0,309.0,24.0,24.0,3210.0
scna-fp16,exp2,direct,16,32,19,2878.0,2140.0,1772.0,15.0,339.0,313.0,24.0,24.0,3179.0
scna-fp16,exp2,direct,32,4,0,1025.0,418.0,373.0,2.0,305.0,288.0,4.0,4.0,1269.0
scna-fp16,exp2,direct,32,4,1,1027.0,417.0,372.0,2.0,308.0,287.0,4.0,4.0,1282.0
scna-fp16,exp2,direct,32,4,2,1052.0,418.0,373.0,2.0,304.0,316.0,4.0,4.0,1279.0
scna-fp16,exp2,direct,32,4,3,1054.0,417.0,373.0,2.0,331.0,292.0,4.0,4.0,1282.0
scna-fp16,exp2,direct,32,4,4,1044.0,417.0,373.0,2.0,304.0,309.0,4.0,4.0,1279.0
scna-fp16,exp2,direct,32,4,5,988.0,412.0,372.0,2.0,305.0,258.0,4.0,4.0,1202.0
scna-fp16,exp2,direct,32,4,6,965.0,414.0,372.0,2.0,288.0,249.0,4.0,4.0,1286.0
scna-fp16,exp2,direct,32,4,7,1022.0,417.0,371.0,2.0,314.0,276.0,4.0,5.0,1298.0
scna-fp16,exp2,direct,32,4,8,1026.0,416.0,371.0,2.0,312.0,285.0,4.0,4.0,1281.0
scna-fp16,exp2,direct,32,4,9,1021.0,418.0,371.0,2.0,312.0,278.0,4.0,4.0,1281.0
scna-fp16,exp2,direct,32,4,10,1017.0,416.0,371.0,2.0,302.0,285.0,4.0,4.0,1277.0
scna-fp16,exp2,direct,32,4,11,1028.0,416.0,371.0,2.0,314.0,283.0,4.0,4.0,1279.0
scna-fp16,exp2,direct,32,4,12,1040.0,416.0,371.0,2.0,314.0,295.0,4.0,5.0,1373.0
scna-fp16,exp2,direct,32,4,13,1021.0,416.0,371.0,2.0,309.0,282.0,4.0,4.0,1236.0
scna-fp16,exp2,direct,32,4,14,1036.0,417.0,371.0,2.0,311.0,294.0,4.0,4.0,1340.0
scna-fp16,exp2,direct,32,4,15,1047.0,418.0,371.0,2.0,316.0,299.0,4.0,4.0,1352.0
scna-fp16,exp2,direct,32,4,16,1031.0,415.0,371.0,2.0,310.0,291.0,4.0,4.0,1248.0
scna-fp16,exp2,direct,32,4,17,1028.0,416.0,371.0,2.0,308.0,289.0,4.0,5.0,1268.0
scna-fp16,exp2,direct,32,4,18,1052.0,417.0,371.0,2.0,322.0,298.0,4.0,5.0,1324.0
scna-fp16,exp2,direct,32,4,19,1035.0,417.0,371.0,2.0,310.0,293.0,4.0,5.0,1323.0
scna-fp16,exp2,direct,32,8,0,1464.0,816.0,728.0,4.0,322.0,299.0,8.0,8.0,1710.0
scna-fp16,exp2,direct,32,8,1,1465.0,814.0,728.0,4.0,325.0,298.0,8.0,8.0,1706.0
scna-fp16,exp2,direct,32,8,2,1464.0,814.0,727.0,4.0,327.0,295.0,8.0,8.0,1709.0
scna-fp16,exp2,direct,32,8,3,1463.0,814.0,728.0,4.0,325.0,297.0,8.0,8.0,1710.0
scna-fp16,exp2,direct,32,8,4,1462.0,816.0,728.0,4.0,324.0,295.0,8.0,8.0,1708.0
scna-fp16,exp2,direct,32,8,5,1464.0,815.0,728.0,4.0,325.0,296.0,8.0,8.0,1710.0
scna-fp16,exp2,direct,32,8,6,1404.0,809.0,727.0,3.0,301.0,266.0,8.0,9.0,1705.0
scna-fp16,exp2,direct,32,8,7,1460.0,813.0,729.0,4.0,317.0,301.0,8.0,9.0,1816.0
scna-fp16,exp2,direct,32,8,8,1464.0,821.0,727.0,4.0,321.0,294.0,8.0,8.0,1698.0
scna-fp16,exp2,direct,32,8,9,1481.0,820.0,728.0,4.0,335.0,298.0,8.0,8.0,1763.0
scna-fp16,exp2,direct,32,8,10,1464.0,817.0,728.0,4.0,323.0,296.0,8.0,8.0,1688.0
scna-fp16,exp2,direct,32,8,11,1485.0,821.0,728.0,4.0,336.0,300.0,8.0,8.0,1745.0
scna-fp16,exp2,direct,32,8,12,1472.0,818.0,728.0,4.0,333.0,293.0,8.0,8.0,1748.0
scna-fp16,exp2,direct,32,8,13,1473.0,819.0,727.0,4.0,334.0,292.0,8.0,8.0,1752.0
scna-fp16,exp2,direct,32,8,14,1471.0,819.0,727.0,4.0,321.0,303.0,8.0,8.0,1742.0
scna-fp16,exp2,direct,32,8,15,1474.0,821.0,728.0,4.0,333.0,292.0,8.0,8.0,1731.0
scna-fp16,exp2,direct,32,8,16,1469.0,820.0,728.0,4.0,319.0,302.0,8.0,8.0,1798.0
scna-fp16,exp2,direct,32,8,17,1472.0,819.0,728.0,4.0,333.0,293.0,8.0,8.0,1743.0
scna-fp16,exp2,direct,32,8,18,1471.0,821.0,728.0,4.0,329.0,293.0,8.0,8.0,1710.0
scna-fp16,exp2,direct,32,8,19,1473.0,819.0,729.0,4.0,334.0,292.0,8.0,8.0,1736.0
scna-fp16,exp2,direct,32,16,0,2311.0,1616.0,1444.0,8.0,327.0,322.0,12.0,13.0,2622.0
scna-fp16,exp2,direct,32,16,1,2213.0,1605.0,1442.0,7.0,309.0,256.0,12.0,12.0,2500.0
scna-fp16,exp2,direct,32,16,2,2237.0,1612.0,1441.0,8.0,296.0,283.0,12.0,13.0,2495.0
scna-fp16,exp2,direct,32,16,3,2251.0,1614.0,1440.0,8.0,312.0,279.0,13.0,13.0,2586.0
scna-fp16,exp2,direct,32,16,4,2302.0,1620.0,1441.0,8.0,328.0,309.0,12.0,13.0,2551.0
scna-fp16,exp2,direct,32,16,5,2307.0,1624.0,1442.0,8.0,330.0,306.0,12.0,13.0,2665.0
scna-fp16,exp2,direct,32,16,6,2309.0,1624.0,1441.0,8.0,329.0,309.0,13.0,13.0,2631.0
scna-fp16,exp2,direct,32,16,7,2302.0,1620.0,1441.0,8.0,329.0,307.0,12.0,13.0,2654.0
scna-fp16,exp2,direct,32,16,8,2291.0,1618.0,1441.0,8.0,328.0,300.0,12.0,13.0,2540.0
scna-fp16,exp2,direct,32,16,9,2295.0,1624.0,1441.0,8.0,324.0,300.0,12.0,13.0,2540.0
scna-fp16,exp2,direct,32,16,10,2287.0,1624.0,1441.0,8.0,315.0,302.0,12.0,13.0,2560.0
scna-fp16,exp2,direct,32,16,11,2295.0,1622.0,1441.0,8.0,326.0,301.0,12.0,13.0,2548.0
scna-fp16,exp2,direct,32,16,12,2293.0,1620.0,1441.0,8.0,322.0,306.0,12.0,13.0,2630.0
scna-fp16,exp2,direct,32,16,13,2302.0,1626.0,1442.0,8.0,327.0,305.0,12.0,12.0,2639.0
scna-fp16,exp2,direct,32,16,14,2295.0,1623.0,1441.0,8.0,323.0,304.0,12.0,13.0,2679.0
scna-fp16,exp2,direct,32,16,15,2280.0,1623.0,1441.0,8.0,317.0,296.0,12.0,12.0,2512.0
scna-fp16,exp2,direct,32,16,16,2287.0,1623.0,1441.0,8.0,322.0,296.0,12.0,12.0,2524.0
scna-fp16,exp2,direct,32,16,17,2277.0,1625.0,1439.0,8.0,318.0,289.0,12.0,13.0,2519.0
scna-fp16,exp2,direct,32,16,18,2275.0,1628.0,1441.0,8.0,320.0,282.0,12.0,13.0,2506.0
scna-fp16,exp2,direct,32,16,19,2279.0,1622.0,1440.0,8.0,315.0,297.0,12.0,12.0,2576.0
scna-fp16,exp2,direct,32,32,0,3970.0,3230.0,2870.0,15.0,327.0,322.0,24.0,27.0,4298.0
scna-fp16,exp2,direct,32,32,1,3962.0,3224.0,2869.0,15.0,327.0,320.0,24.0,27.0,4295.0
scna-fp16,exp2,direct,32,32,2,3952.0,3230.0,2869.0,15.0,326.0,305.0,24.0,27.0,4340.0
scna-fp16,exp2,direct,32,32,3,4032.0,3246.0,2871.0,15.0,362.0,333.0,24.0,27.0,4376.0
scna-fp16,exp2,direct,32,32,4,4036.0,3253.0,2870.0,15.0,358.0,334.0,24.0,27.0,4342.0
scna-fp16,exp2,direct,32,32,5,4035.0,3253.0,2870.0,15.0,360.0,331.0,24.0,27.0,4414.0
scna-fp16,exp2,direct,32,32,6,4036.0,3254.0,2871.0,15.0,354.0,337.0,24.0,27.0,4334.0
scna-fp16,exp2,direct,32,32,7,4031.0,3250.0,2870.0,15.0,355.0,336.0,24.0,26.0,4358.0
scna-fp16,exp2,direct,32,32,8,4029.0,3251.0,2870.0,15.0,352.0,336.0,24.0,26.0,4312.0
scna-fp16,exp2,direct,32,32,9,4025.0,3248.0,2870.0,15.0,356.0,330.0,24.0,27.0,4424.0
scna-fp16,exp2,direct,32,32,10,4035.0,3254.0,2870.0,15.0,356.0,334.0,24.0,26.0,4338.0
scna-fp16,exp2,direct,32,32,11,4035.0,3252.0,2870.0,15.0,357.0,335.0,24.0,27.0,4337.0
scna-fp16,exp2,direct,32,32,12,4034.0,3253.0,2870.0,15.0,355.0,336.0,24.0,26.0,4335.0
scna-fp16,exp2,direct,32,32,13,4021.0,3251.0,2871.0,15.0,347.0,332.0,24.0,27.0,4307.0
scna-fp16,exp2,direct,32,32,14,4032.0,3250.0,2871.0,15.0,358.0,333.0,24.0,27.0,4380.0
scna-fp16,exp2,direct,32,32,15,3921.0,3223.0,2869.0,15.0,325.0,283.0,24.0,26.0,4212.0
scna-fp16,exp2,direct,32,32,16,3917.0,3214.0,2868.0,15.0,299.0,314.0,24.0,26.0,4251.0
scna-fp16,exp2,direct,32,32,17,4025.0,3247.0,2870.0,15.0,355.0,333.0,24.0,26.0,4329.0
scna-fp16,exp2,direct,32,32,18,4026.0,3253.0,2870.0,15.0,349.0,332.0,24.0,28.0,4319.0
scna-fp16,exp2,direct,32,32,19,4025.0,3247.0,2870.0,15.0,363.0,325.0,24.0,26.0,4417.0
scna-fp16,exp2,tree,8,4,0,804.0,194.0,148.0,2.0,312.0,284.0,4.0,2.0,1087.0
scna-fp16,exp2,tree,8,4,1,800.0,196.0,149.0,2.0,313.0,278.0,4.0,2.0,1048.0
scna-fp16,exp2,tree,8,4,2,806.0,195.0,148.0,2.0,308.0,290.0,4.0,2.0,1051.0
scna-fp16,exp2,tree,8,4,3,828.0,195.0,148.0,2.0,322.0,298.0,4.0,2.0,1149.0
scna-fp16,exp2,tree,8,4,4,830.0,195.0,148.0,2.0,317.0,305.0,4.0,2.0,1157.0
scna-fp16,exp2,tree,8,4,5,811.0,195.0,148.0,2.0,324.0,279.0,4.0,2.0,1066.0
scna-fp16,exp2,tree,8,4,6,810.0,195.0,149.0,2.0,301.0,300.0,4.0,2.0,1043.0
scna-fp16,exp2,tree,8,4,7,805.0,196.0,148.0,2.0,319.0,276.0,4.0,2.0,1044.0
scna-fp16,exp2,tree,8,4,8,839.0,200.0,150.0,2.0,321.0,305.0,4.0,2.0,1070.0
scna-fp16,exp2,tree,8,4,9,842.0,203.0,151.0,2.0,329.0,297.0,4.0,2.0,1134.0
scna-fp16,exp2,tree,8,4,10,849.0,203.0,150.0,2.0,333.0,300.0,4.0,2.0,1148.0
scna-fp16,exp2,tree,8,4,11,854.0,203.0,150.0,2.0,334.0,304.0,4.0,2.0,1085.0
scna-fp16,exp2,tree,8,4,12,852.0,203.0,150.0,2.0,341.0,294.0,4.0,2.0,1076.0
scna-fp16,exp2,tree,8,4,13,849.0,202.0,150.0,2.0,328.0,306.0,4.0,2.0,1190.0
scna-fp16,exp2,tree,8,4,14,841.0,203.0,150.0,2.0,329.0,296.0,4.0,2.0,1136.0
scna-fp16,exp2,tree,8,4,15,866.0,204.0,150.0,2.0,336.0,313.0,4.0,2.0,1173.0
scna-fp16,exp2,tree,8,4,16,835.0,203.0,150.0,2.0,323.0,295.0,4.0,2.0,1185.0
scna-fp16,exp2,tree,8,4,17,813.0,201.0,150.0,2.0,321.0,278.0,4.0,2.0,1125.0
scna-fp16,exp2,tree,8,4,18,799.0,198.0,150.0,2.0,312.0,275.0,4.0,2.0,1061.0
scna-fp16,exp2,tree,8,4,19,805.0,197.0,148.0,2.0,306.0,289.0,4.0,2.0,1115.0
scna-fp16,exp2,tree,8,8,0,896.0,373.0,287.0,4.0,261.0,236.0,8.0,6.0,1200.0
scna-fp16,exp2,tree,8,8,1,891.0,369.0,288.0,4.0,262.0,234.0,8.0,6.0,1207.0
scna-fp16,exp2,tree,8,8,2,892.0,370.0,286.0,4.0,260.0,236.0,8.0,6.0,1207.0
scna-fp16,exp2,tree,8,8,3,892.0,373.0,286.0,4.0,259.0,234.0,8.0,6.0,1139.0
scna-fp16,exp2,tree,8,8,4,892.0,372.0,287.0,3.0,261.0,234.0,8.0,6.0,1112.0
scna-fp16,exp2,tree,8,8,5,886.0,365.0,288.0,3.0,259.0,237.0,8.0,6.0,1131.0
scna-fp16,exp2,tree,8,8,6,893.0,373.0,287.0,4.0,258.0,236.0,8.0,6.0,1108.0
scna-fp16,exp2,tree,8,8,7,893.0,373.0,286.0,4.0,258.0,236.0,8.0,6.0,1167.0
scna-fp16,exp2,tree,8,8,8,890.0,374.0,287.0,3.0,257.0,234.0,8.0,6.0,1113.0
scna-fp16,exp2,tree,8,8,9,892.0,373.0,286.0,4.0,261.0,233.0,8.0,6.0,1111.0
scna-fp16,exp2,tree,8,8,10,892.0,374.0,287.0,4.0,259.0,233.0,8.0,6.0,1112.0
scna-fp16,exp2,tree,8,8,11,888.0,372.0,286.0,4.0,258.0,232.0,8.0,6.0,1113.0
scna-fp16,exp2,tree,8,8,12,891.0,375.0,286.0,4.0,257.0,233.0,8.0,6.0,1114.0
scna-fp16,exp2,tree,8,8,13,889.0,373.0,286.0,4.0,257.0,233.0,8.0,6.0,1112.0
scna-fp16,exp2,tree,8,8,14,890.0,374.0,286.0,4.0,257.0,233.0,8.0,6.0,1110.0
scna-fp16,exp2,tree,8,8,15,888.0,373.0,287.0,3.0,257.0,233.0,8.0,6.0,1123.0
scna-fp16,exp2,tree,8,8,16,884.0,368.0,287.0,4.0,258.0,232.0,8.0,6.0,1140.0
scna-fp16,exp2,tree,8,8,17,889.0,372.0,286.0,4.0,257.0,234.0,8.0,6.0,1098.0
scna-fp16,exp2,tree,8,8,18,886.0,368.0,286.0,4.0,257.0,235.0,8.0,6.0,1264.0
scna-fp16,exp2,tree,8,8,19,889.0,370.0,286.0,4.0,257.0,236.0,8.0,6.0,1178.0
scna-fp16,exp2,tree,8,16,0,1454.0,750.0,570.0,8.0,359.0,302.0,12.0,10.0,1688.0
scna-fp16,exp2,tree,8,16,1,1447.0,756.0,569.0,8.0,335.0,314.0,12.0,10.0,1684.0
scna-fp16,exp2,tree,8,16,2,1459.0,754.0,570.0,8.0,351.0,312.0,12.0,10.0,1787.0
scna-fp16,exp2,tree,8,16,3,1482.0,745.0,569.0,8.0,346.0,348.0,12.0,11.0,1781.0
scna-fp16,exp2,tree,8,16,4,1470.0,749.0,569.0,8.0,340.0,339.0,12.0,10.0,1801.0
scna-fp16,exp2,tree,8,16,5,1469.0,750.0,570.0,8.0,334.0,342.0,12.0,10.0,1710.0
scna-fp16,exp2,tree,8,16,6,1495.0,751.0,570.0,7.0,341.0,362.0,12.0,10.0,1840.0
scna-fp16,exp2,tree,8,16,7,1389.0,813.0,593.0,8.0,167.0,366.0,12.0,11.0,1656.0
scna-fp16,exp2,tree,8,16,8,1384.0,806.0,591.0,8.0,166.0,369.0,12.0,11.0,1683.0
scna-fp16,exp2,tree,8,16,9,1383.0,808.0,590.0,7.0,166.0,367.0,12.0,11.0,1619.0
scna-fp16,exp2,tree,8,16,10,1382.0,807.0,591.0,8.0,166.0,367.0,12.0,10.0,1749.0
scna-fp16,exp2,tree,8,16,11,1380.0,808.0,591.0,8.0,165.0,365.0,12.0,10.0,1615.0
scna-fp16,exp2,tree,8,16,12,1378.0,803.0,591.0,8.0,163.0,369.0,12.0,11.0,1694.0
scna-fp16,exp2,tree,8,16,13,1504.0,808.0,592.0,7.0,287.0,367.0,12.0,11.0,1804.0
scna-fp16,exp2,tree,8,16,14,1383.0,809.0,589.0,8.0,162.0,368.0,13.0,11.0,1712.0
scna-fp16,exp2,tree,8,16,15,1503.0,808.0,590.0,8.0,286.0,366.0,12.0,11.0,1744.0
scna-fp16,exp2,tree,8,16,16,1505.0,807.0,591.0,8.0,287.0,368.0,12.0,11.0,1808.0
scna-fp16,exp2,tree,8,16,17,1500.0,805.0,590.0,8.0,288.0,365.0,12.0,10.0,1771.0
scna-fp16,exp2,tree,8,16,18,1494.0,799.0,591.0,8.0,286.0,365.0,12.0,12.0,1764.0
scna-fp16,exp2,tree,8,16,19,1501.0,802.0,589.0,7.0,287.0,369.0,12.0,11.0,1836.0
scna-fp16,exp2,tree,8,32,0,2248.0,1484.0,1126.0,15.0,345.0,333.0,24.0,23.0,2509.0
scna-fp16,exp2,tree,8,32,1,2236.0,1474.0,1125.0,15.0,346.0,330.0,24.0,23.0,2514.0
scna-fp16,exp2,tree,8,32,2,2246.0,1484.0,1126.0,15.0,344.0,332.0,24.0,23.0,2500.0
scna-fp16,exp2,tree,8,32,3,2247.0,1486.0,1126.0,15.0,353.0,323.0,24.0,22.0,2596.0
scna-fp16,exp2,tree,8,32,4,2108.0,1444.0,1124.0,15.0,312.0,266.0,24.0,22.0,2505.0
scna-fp16,exp2,tree,8,32,5,2268.0,1490.0,1128.0,15.0,355.0,338.0,24.0,23.0,2561.0
scna-fp16,exp2,tree,8,32,6,2333.0,1513.0,1131.0,15.0,394.0,340.0,24.0,23.0,2619.0
scna-fp16,exp2,tree,8,32,7,2339.0,1514.0,1134.0,15.0,397.0,342.0,24.0,23.0,2639.0
scna-fp16,exp2,tree,8,32,8,2337.0,1511.0,1133.0,15.0,398.0,343.0,24.0,23.0,2703.0
scna-fp16,exp2,tree,8,32,9,2341.0,1513.0,1133.0,15.0,403.0,340.0,24.0,23.0,2640.0
scna-fp16,exp2,tree,8,32,10,2344.0,1512.0,1132.0,15.0,399.0,347.0,24.0,23.0,2626.0
scna-fp16,exp2,tree,8,32,11,2339.0,1513.0,1132.0,15.0,405.0,336.0,24.0,23.0,2598.0
scna-fp16,exp2,tree,8,32,12,2336.0,1512.0,1131.0,15.0,402.0,336.0,24.0,23.0,2621.0
scna-fp16,exp2,tree,8,32,13,2347.0,1513.0,1132.0,15.0,403.0,347.0,24.0,22.0,2733.0
scna-fp16,exp2,tree,8,32,14,2321.0,1510.0,1132.0,15.0,387.0,338.0,24.0,23.0,2593.0
scna-fp16,exp2,tree,8,32,15,2331.0,1516.0,1132.0,15.0,390.0,341.0,24.0,22.0,2616.0
scna-fp16,exp2,tree,8,32,16,2330.0,1513.0,1131.0,15.0,398.0,334.0,24.0,23.0,2602.0
scna-fp16,exp2,tree,8,32,17,2326.0,1512.0,1131.0,15.0,396.0,333.0,24.0,23.0,2597.0
scna-fp16,exp2,tree,8,32,18,2335.0,1512.0,1132.0,15.0,396.0,342.0,24.0,22.0,2623.0
scna-fp16,exp2,tree,8,32,19,2330.0,1518.0,1131.0,15.0,397.0,330.0,24.0,22.0,2611.0
scna-fp16,exp2,tree,16,4,0,823.0,207.0,163.0,2.0,316.0,289.0,4.0,2.0,1059.0
scna-fp16,exp2,tree,16,4,1,810.0,207.0,164.0,2.0,298.0,294.0,4.0,2.0,1032.0
scna-fp16,exp2,tree,16,4,2,841.0,207.0,164.0,2.0,320.0,302.0,4.0,2.0,1076.0
scna-fp16,exp2,tree,16,4,3,827.0,208.0,164.0,2.0,318.0,289.0,4.0,2.0,1041.0
scna-fp16,exp2,tree,16,4,4,834.0,208.0,164.0,2.0,319.0,295.0,4.0,2.0,1061.0
scna-fp16,exp2,tree,16,4,5,844.0,208.0,164.0,2.0,318.0,306.0,4.0,2.0,1156.0
scna-fp16,exp2,tree,16,4,6,844.0,209.0,163.0,2.0,318.0,305.0,4.0,2.0,1145.0
scna-fp16,exp2,tree,16,4,7,836.0,207.0,164.0,2.0,319.0,299.0,4.0,2.0,1055.0
scna-fp16,exp2,tree,16,4,8,805.0,207.0,164.0,2.0,311.0,276.0,4.0,2.0,1047.0
scna-fp16,exp2,tree,16,4,9,848.0,208.0,164.0,2.0,318.0,310.0,4.0,2.0,1145.0
scna-fp16,exp2,tree,16,4,10,840.0,208.0,164.0,2.0,332.0,288.0,4.0,2.0,1061.0
scna-fp16,exp2,tree,16,4,11,812.0,207.0,164.0,2.0,327.0,266.0,4.0,2.0,1148.0
scna-fp16,exp2,tree,16,4,12,805.0,206.0,163.0,3.0,296.0,290.0,4.0,2.0,1079.0
scna-fp16,exp2,tree,16,4,13,842.0,207.0,163.0,2.0,319.0,304.0,4.0,2.0,1093.0
scna-fp16,exp2,tree,16,4,14,856.0,210.0,164.0,2.0,317.0,317.0,4.0,2.0,1087.0
scna-fp16,exp2,tree,16,4,15,1008.0,237.0,177.0,2.0,409.0,350.0,4.0,2.0,1267.0
scna-fp16,exp2,tree,16,4,16,1024.0,238.0,177.0,2.0,417.0,357.0,4.0,2.0,1318.0
scna-fp16,exp2,tree,16,4,17,1009.0,237.0,177.0,2.0,407.0,352.0,4.0,2.0,1323.0
scna-fp16,exp2,tree,16,4,18,1008.0,236.0,177.0,2.0,409.0,351.0,4.0,2.0,1336.0
scna-fp16,exp2,tree,16,4,19,1016.0,237.0,177.0,2.0,408.0,359.0,4.0,2.0,1354.0
scna-fp16,exp2,tree,16,8,0,1012.0,401.0,317.0,4.0,311.0,275.0,8.0,6.0,1241.0
scna-fp16,exp2,tree,16,8,1,1014.0,402.0,318.0,4.0,314.0,273.0,8.0,6.0,1235.0
scna-fp16,exp2,tree,16,8,2,1012.0,402.0,318.0,4.0,314.0,271.0,8.0,6.0,1234.0
scna-fp16,exp2,tree,16,8,3,1015.0,401.0,316.0,4.0,312.0,276.0,8.0,6.0,1250.0
scna-fp16,exp2,tree,16,8,4,1099.0,412.0,320.0,4.0,345.0,316.0,8.0,6.0,1338.0
scna-fp16,exp2,tree,16,8,5,1073.0,406.0,320.0,4.0,308.0,334.0,8.0,6.0,1301.0
scna-fp16,exp2,tree,16,8,6,1076.0,411.0,320.0,4.0,313.0,327.0,8.0,6.0,1311.0
scna-fp16,exp2,tree,16,8,7,1080.0,411.0,320.0,4.0,336.0,308.0,8.0,6.0,1337.0
scna-fp16,exp2,tree,16,8,8,1093.0,413.0,320.0,4.0,346.0,309.0,8.0,6.0,1338.0
scna-fp16,exp2,tree,16,8,9,1071.0,407.0,318.0,4.0,335.0,304.0,8.0,6.0,1308.0
scna-fp16,exp2,tree,16,8,10,1095.0,412.0,320.0,4.0,339.0,319.0,8.0,6.0,1349.0
scna-fp16,exp2,tree,16,8,11,1080.0,410.0,319.0,4.0,332.0,313.0,8.0,6.0,1315.0
scna-fp16,exp2,tree,16,8,12,1078.0,412.0,319.0,4.0,337.0,304.0,8.0,6.0,1328.0
scna-fp16,exp2,tree,16,8,13,1084.0,407.0,320.0,4.0,347.0,305.0,8.0,6.0,1343.0
scna-fp16,exp2,tree,16,8,14,1083.0,411.0,319.0,4.0,333.0,313.0,8.0,6.0,1314.0
scna-fp16,exp2,tree,16,8,15,1087.0,412.0,319.0,4.0,318.0,332.0,8.0,6.0,1326.0
scna-fp16,exp2,tree,16,8,16,1237.0,444.0,332.0,4.0,412.0,356.0,8.0,6.0,1493.0
scna-fp16,exp2,tree,16,8,17,1232.0,444.0,331.0,4.0,405.0,358.0,8.0,6.0,1480.0
scna-fp16,exp2,tree,16,8,18,1241.0,441.0,330.0,4.0,414.0,361.0,8.0,6.0,1484.0
scna-fp16,exp2,tree,16,8,19,1234.0,440.0,331.0,4.0,416.0,353.0,8.0,6.0,1525.0
scna-fp16,exp2,tree,16,16,0,1428.0,790.0,625.0,8.0,300.0,295.0,12.0,11.0,1700.0
scna-fp16,exp2,tree,16,16,1,1421.0,791.0,626.0,8.0,307.0,280.0,12.0,11.0,1697.0
scna-fp16,exp2,tree,16,16,2,1443.0,791.0,624.0,8.0,317.0,292.0,12.0,11.0,1718.0
scna-fp16,exp2,tree,16,16,3,1521.0,811.0,631.0,8.0,333.0,334.0,12.0,11.0,1812.0
scna-fp16,exp2,tree,16,16,4,1572.0,830.0,635.0,7.0,369.0,331.0,13.0,10.0,1814.0
scna-fp16,exp2,tree,16,16,5,1582.0,830.0,636.0,8.0,377.0,332.0,12.0,11.0,1883.0
scna-fp16,exp2,tree,16,16,6,1576.0,829.0,634.0,8.0,382.0,323.0,12.0,10.0,1845.0
scna-fp16,exp2,tree,16,16,7,1582.0,828.0,636.0,8.0,382.0,329.0,12.0,11.0,1813.0
scna-fp16,exp2,tree,16,16,8,1576.0,827.0,635.0,8.0,378.0,328.0,12.0,11.0,1867.0
scna-fp16,exp2,tree,16,16,9,1578.0,825.0,635.0,8.0,377.0,333.0,12.0,11.0,1898.0
scna-fp16,exp2,tree,16,16,10,1572.0,824.0,635.0,8.0,380.0,325.0,12.0,11.0,1862.0
scna-fp16,exp2,tree,16,16,11,1564.0,843.0,638.0,8.0,313.0,365.0,12.0,11.0,1882.0
scna-fp16,exp2,tree,16,16,12,1626.0,854.0,645.0,8.0,367.0,362.0,12.0,11.0,1908.0
scna-fp16,exp2,tree,16,16,13,1668.0,854.0,643.0,8.0,405.0,367.0,12.0,10.0,1903.0
scna-fp16,exp2,tree,16,16,14,1677.0,853.0,643.0,8.0,414.0,367.0,12.0,11.0,1999.0
scna-fp16,exp2,tree,16,16,15,1671.0,851.0,642.0,8.0,416.0,361.0,12.0,11.0,2036.0
scna-fp16,exp2,tree,16,16,16,1669.0,850.0,643.0,7.0,409.0,367.0,12.0,11.0,2028.0
scna-fp16,exp2,tree,16,16,17,1673.0,851.0,643.0,8.0,417.0,362.0,12.0,11.0,1921.0
scna-fp16,exp2,tree,16,16,18,1667.0,844.0,643.0,8.0,414.0,366.0,12.0,11.0,2094.0
scna-fp16,exp2,tree,16,16,19,1665.0,850.0,642.0,7.0,412.0,361.0,12.0,11.0,1922.0
scna-fp16,exp2,tree,16,32,0,2393.0,1610.0,1245.0,15.0,363.0,335.0,24.0,23.0,2703.0
scna-fp16,exp2,tree,16,32,1,2438.0,1622.0,1250.0,15.0,395.0,336.0,24.0,23.0,2771.0
scna-fp16,exp2,tree,16,32,2,2432.0,1625.0,1249.0,15.0,391.0,330.0,24.0,22.0,2754.0
scna-fp16,exp2,tree,16,32,3,2424.0,1621.0,1248.0,15.0,390.0,327.0,24.0,23.0,2707.0
scna-fp16,exp2,tree,16,32,4,2426.0,1619.0,1249.0,15.0,393.0,328.0,24.0,23.0,2687.0
scna-fp16,exp2,tree,16,32,5,2447.0,1622.0,1249.0,15.0,391.0,349.0,24.0,22.0,2755.0
scna-fp16,exp2,tree,16,32,6,2559.0,1655.0,1257.0,15.0,455.0,363.0,24.0,23.0,2935.0
scna-fp16,exp2,tree,16,32,7,2543.0,1652.0,1258.0,15.0,445.0,360.0,24.0,24.0,2932.0
scna-fp16,exp2,tree,16,32,8,2551.0,1658.0,1257.0,15.0,447.0,362.0,24.0,22.0,2861.0
scna-fp16,exp2,tree,16,32,9,2541.0,1654.0,1255.0,15.0,444.0,358.0,24.0,22.0,2819.0
scna-fp16,exp2,tree,16,32,10,2527.0,1647.0,1255.0,15.0,439.0,354.0,24.0,23.0,2914.0
scna-fp16,exp2,tree,16,32,11,2521.0,1648.0,1255.0,15.0,433.0,354.0,24.0,22.0,2902.0
scna-fp16,exp2,tree,16,32,12,2525.0,1653.0,1253.0,15.0,433.0,354.0,24.0,22.0,2783.0
scna-fp16,exp2,tree,16,32,13,2531.0,1653.0,1253.0,15.0,433.0,360.0,24.0,22.0,3000.0
scna-fp16,exp2,tree,16,32,14,2524.0,1650.0,1252.0,15.0,430.0,358.0,25.0,22.0,2842.0
scna-fp16,exp2,tree,16,32,15,2510.0,1642.0,1251.0,15.0,428.0,355.0,24.0,23.0,2880.0
scna-fp16,exp2,tree,16,32,16,2510.0,1650.0,1251.0,15.0,424.0,349.0,24.0,24.0,2822.0
scna-fp16,exp2,tree,16,32,17,2502.0,1646.0,1251.0,15.0,423.0,346.0,24.0,24.0,2777.0
scna-fp16,exp2,tree,16,32,18,2513.0,1646.0,1250.0,15.0,426.0,356.0,24.0,23.0,2824.0
scna-fp16,exp2,tree,16,32,19,2507.0,1643.0,1251.0,15.0,422.0,356.0,24.0,23.0,2879.0
scna-fp16,exp2,tree,32,4,0,862.0,256.0,212.0,2.0,301.0,293.0,4.0,2.0,1119.0
scna-fp16,exp2,tree,32,4,1,862.0,256.0,212.0,2.0,302.0,292.0,4.0,2.0,1117.0
scna-fp16,exp2,tree,32,4,2,861.0,255.0,212.0,2.0,311.0,283.0,4.0,2.0,1117.0
scna-fp16,exp2,tree,32,4,3,849.0,257.0,211.0,2.0,304.0,276.0,4.0,2.0,1119.0
scna-fp16,exp2,tree,32,4,4,824.0,256.0,212.0,2.0,301.0,255.0,4.0,2.0,1136.0
scna-fp16,exp2,tree,32,4,5,786.0,254.0,213.0,2.0,276.0,244.0,4.0,2.0,1063.0
scna-fp16,exp2,tree,32,4,6,780.0,254.0,212.0,2.0,274.0,241.0,4.0,2.0,1027.0
scna-fp16,exp2,tree,32,4,7,787.0,256.0,212.0,2.0,281.0,238.0,4.0,2.0,1000.0
scna-fp16,exp2,tree,32,4,8,786.0,255.0,212.0,2.0,278.0,241.0,4.0,2.0,997.0
scna-fp16,exp2,tree,32,4,9,819.0,254.0,211.0,2.0,283.0,270.0,4.0,2.0,1135.0
scna-fp16,exp2,tree,32,4,10,806.0,254.0,211.0,2.0,288.0,253.0,4.0,2.0,1103.0
scna-fp16,exp2,tree,32,4,11,818.0,256.0,211.0,2.0,298.0,253.0,4.0,2.0,1065.0
scna-fp16,exp2,tree,32,4,12,835.0,257.0,210.0,2.0,293.0,273.0,4.0,2.0,1090.0
scna-fp16,exp2,tree,32,4,13,819.0,256.0,211.0,2.0,291.0,260.0,4.0,2.0,1092.0
scna-fp16,exp2,tree,32,4,14,819.0,256.0,210.0,2.0,298.0,254.0,4.0,2.0,1042.0
scna-fp16,exp2,tree,32,4,15,819.0,255.0,211.0,2.0,288.0,265.0,4.0,2.0,1066.0
scna-fp16,exp2,tree,32,4,16,824.0,254.0,211.0,2.0,293.0,266.0,4.0,2.0,1076.0
scna-fp16,exp2,tree,32,4,17,816.0,253.0,210.0,2.0,284.0,267.0,4.0,2.0,1120.0
scna-fp16,exp2,tree,32,4,18,817.0,254.0,210.0,2.0,286.0,265.0,4.0,2.0,1080.0
scna-fp16,exp2,tree,32,4,19,799.0,253.0,211.0,1.0,285.0,251.0,4.0,2.0,1070.0
scna-fp16,exp2,tree,32,8,0,1100.0,494.0,413.0,4.0,304.0,276.0,8.0,6.0,1425.0
scna-fp16,exp2,tree,32,8,1,1057.0,492.0,414.0,3.0,294.0,246.0,8.0,6.0,1353.0
scna-fp16,exp2,tree,32,8,2,1038.0,491.0,412.0,4.0,277.0,244.0,8.0,6.0,1329.0
scna-fp16,exp2,tree,32,8,3,1147.0,498.0,413.0,3.0,314.0,310.0,8.0,6.0,1437.0
scna-fp16,exp2,tree,32,8,4,1133.0,501.0,412.0,4.0,302.0,304.0,8.0,6.0,1416.0
scna-fp16,exp2,tree,32,8,5,1147.0,500.0,412.0,4.0,327.0,294.0,8.0,6.0,1394.0
scna-fp16,exp2,tree,32,8,6,1131.0,502.0,413.0,4.0,303.0,300.0,8.0,6.0,1412.0
scna-fp16,exp2,tree,32,8,7,1155.0,502.0,413.0,4.0,314.0,313.0,8.0,6.0,1408.0
scna-fp16,exp2,tree,32,8,8,1150.0,502.0,413.0,4.0,307.0,315.0,8.0,6.0,1408.0
scna-fp16,exp2,tree,32,8,9,1153.0,504.0,413.0,4.0,330.0,293.0,8.0,6.0,1407.0
scna-fp16,exp2,tree,32,8,10,1145.0,501.0,412.0,4.0,328.0,290.0,8.0,6.0,1408.0
scna-fp16,exp2,tree,32,8,11,1159.0,503.0,412.0,4.0,326.0,304.0,8.0,6.0,1412.0
scna-fp16,exp2,tree,32,8,12,1157.0,502.0,412.0,4.0,327.0,302.0,8.0,6.0,1420.0
scna-fp16,exp2,tree,32,8,13,1158.0,503.0,412.0,4.0,327.0,302.0,8.0,6.0,1420.0
scna-fp16,exp2,tree,32,8,14,1248.0,519.0,417.0,3.0,358.0,346.0,8.0,6.0,1572.0
scna-fp16,exp2,tree,32,8,15,1278.0,525.0,421.0,4.0,388.0,339.0,8.0,6.0,1543.0
scna-fp16,exp2,tree,32,8,16,1280.0,522.0,421.0,4.0,386.0,346.0,8.0,6.0,1574.0
scna-fp16,exp2,tree,32,8,17,1273.0,525.0,421.0,4.0,384.0,338.0,8.0,6.0,1547.0
scna-fp16,exp2,tree,32,8,18,1279.0,521.0,422.0,4.0,395.0,337.0,8.0,6.0,1532.0
scna-fp16,exp2,tree,32,8,19,1277.0,520.0,421.0,4.0,392.0,339.0,8.0,6.0,1588.0
scna-fp16,exp2,tree,32,16,0,1549.0,969.0,815.0,7.0,286.0,253.0,12.0,10.0,1835.0
scna-fp16,exp2,tree,32,16,1,1686.0,996.0,817.0,8.0,324.0,324.0,12.0,10.0,2034.0
scna-fp16,exp2,tree,32,16,2,1720.0,1002.0,819.0,8.0,346.0,330.0,12.0,10.0,1983.0
scna-fp16,exp2,tree,32,16,3,1722.0,1001.0,819.0,8.0,360.0,319.0,12.0,10.0,1985.0
scna-fp16,exp2,tree,32,16,4,1726.0,1004.0,818.0,8.0,381.0,299.0,12.0,10.0,1973.0
scna-fp16,exp2,tree,32,16,5,1730.0,991.0,819.0,8.0,380.0,317.0,12.0,10.0,1980.0
scna-fp16,exp2,tree,32,16,6,1733.0,1004.0,818.0,8.0,360.0,327.0,12.0,10.0,1978.0
scna-fp16,exp2,tree,32,16,7,1733.0,1004.0,818.0,8.0,358.0,329.0,12.0,10.0,1984.0
scna-fp16,exp2,tree,32,16,8,1727.0,1006.0,818.0,8.0,361.0,318.0,12.0,10.0,2025.0
scna-fp16,exp2,tree,32,16,9,1860.0,1034.0,829.0,7.0,427.0,358.0,12.0,10.0,2101.0
scna-fp16,exp2,tree,32,16,10,1866.0,1035.0,829.0,7.0,428.0,361.0,12.0,11.0,2187.0
scna-fp16,exp2,tree,32,16,11,1858.0,1035.0,829.0,8.0,420.0,361.0,12.0,10.0,2111.0
scna-fp16,exp2,tree,32,16,12,1867.0,1035.0,828.0,8.0,428.0,361.0,12.0,11.0,2178.0
scna-fp16,exp2,tree,32,16,13,1834.0,1025.0,826.0,8.0,416.0,351.0,12.0,10.0,2137.0
scna-fp16,exp2,tree,32,16,14,1841.0,1027.0,827.0,8.0,418.0,354.0,12.0,10.0,2211.0
scna-fp16,exp2,tree,32,16,15,1833.0,1017.0,825.0,8.0,421.0,353.0,12.0,10.0,2160.0
scna-fp16,exp2,tree,32,16,16,1819.0,1020.0,826.0,8.0,408.0,349.0,12.0,10.0,2153.0
scna-fp16,exp2,tree,32,16,17,1822.0,1021.0,825.0,8.0,414.0,344.0,12.0,11.0,2095.0
scna-fp16,exp2,tree,32,16,18,1823.0,1020.0,825.0,8.0,413.0,348.0,12.0,10.0,2157.0
scna-fp16,exp2,tree,32,16,19,1815.0,1018.0,825.0,8.0,410.0,344.0,12.0,11.0,2102.0
scna-fp16,exp2,tree,32,32,0,2762.0,1993.0,1624.0,15.0,357.0,326.0,24.0,23.0,3115.0
scna-fp16,exp2,tree,32,32,1,2702.0,1968.0,1624.0,15.0,336.0,313.0,24.0,22.0,3012.0
scna-fp16,exp2,tree,32,32,2,2734.0,1993.0,1621.0,15.0,333.0,322.0,24.0,22.0,3036.0
scna-fp16,exp2,tree,32,32,3,2719.0,1972.0,1620.0,15.0,341.0,322.0,24.0,23.0,3046.0
scna-fp16,exp2,tree,32,32,4,2773.0,1996.0,1624.0,15.0,359.0,333.0,24.0,22.0,3168.0
scna-fp16,exp2,tree,32,32,5,2833.0,2008.0,1627.0,15.0,394.0,346.0,24.0,23.0,3223.0
scna-fp16,exp2,tree,32,32,6,2821.0,2005.0,1627.0,15.0,381.0,348.0,24.0,23.0,3155.0
scna-fp16,exp2,tree,32,32,7,2791.0,1994.0,1626.0,15.0,390.0,322.0,24.0,23.0,3095.0
scna-fp16,exp2,tree,32,32,8,2663.0,1963.0,1620.0,15.0,328.0,287.0,24.0,22.0,3036.0
scna-fp16,exp2,tree,32,32,9,2667.0,1968.0,1618.0,15.0,318.0,297.0,24.0,22.0,2965.0
scna-fp16,exp2,tree,32,32,10,2669.0,1976.0,1618.0,15.0,317.0,292.0,24.0,22.0,2951.0
scna-fp16,exp2,tree,32,32,11,2679.0,1979.0,1619.0,15.0,313.0,301.0,24.0,23.0,3015.0
scna-fp16,exp2,tree,32,32,12,2681.0,1980.0,1618.0,15.0,316.0,300.0,24.0,22.0,2941.0
scna-fp16,exp2,tree,32,32,13,2664.0,1972.0,1618.0,15.0,312.0,295.0,24.0,22.0,2989.0
scna-fp16,exp2,tree,32,32,14,2654.0,1976.0,1618.0,15.0,308.0,285.0,24.0,22.0,2995.0
scna-fp16,exp2,tree,32,32,15,2668.0,1977.0,1618.0,15.0,311.0,295.0,24.0,23.0,3065.0
scna-fp16,exp2,tree,32,32,16,2670.0,1978.0,1618.0,15.0,311.0,296.0,24.0,23.0,3033.0
scna-fp16,exp2,tree,32,32,17,2667.0,1976.0,1618.0,15.0,311.0,295.0,24.0,23.0,3039.0
scna-fp16,exp2,tree,32,32,18,2656.0,1976.0,1618.0,15.0,312.0,282.0,24.0,23.0,3049.0
scna-fp16,exp2,tree,32,32,19,2669.0,1978.0,1618.0,15.0,313.0,293.0,24.0,22.0,2983.0
scna-int8,exp,direct,8,4,0,864.0,212.0,169.0,2.0,322.0,318.0,4.0,3.0,1143.0
scna-int8,exp,direct,8,4,1,881.0,212.0,169.0,2.0,329.0,325.0,4.0,4.0,1137.0
scna-int8,exp,direct,8,4,2,870.0,216.0,169.0,2.0,315.0,327.0,4.0,3.0,1134.0
scna-int8,exp,direct,8,4,3,846.0,214.0,168.0,2.0,330.0,291.0,4.0,2.0,1164.0
scna-int8,exp,direct,8,4,4,776.0,211.0,169.0,2.0,288.0,265.0,4.0,3.0,1026.0
scna-int8,exp,direct,8,4,5,780.0,212.0,169.0,2.0,288.0,267.0,4.0,4.0,1026.0
scna-int8,exp,direct,8,4,6,864.0,213.0,169.0,2.0,328.0,311.0,4.0,3.0,1144.0
scna-int8,exp,direct,8,4,7,826.0,216.0,169.0,2.0,313.0,285.0,4.0,3.0,1144.0
scna-int8,exp,direct,8,4,8,867.0,213.0,168.0,2.0,327.0,314.0,4.0,3.0,1140.0
scna-int8,exp,direct,8,4,9,851.0,215.0,168.0,2.0,323.0,301.0,4.0,3.0,1142.0
scna-int8,exp,direct,8,4,10,845.0,214.0,168.0,2.0,327.0,293.0,4.0,2.0,1151.0
scna-int8,exp,direct,8,4,11,841.0,212.0,169.0,2.0,319.0,298.0,4.0,3.0,1142.0
scna-int8,exp,direct,8,4,12,863.0,214.0,168.0,2.0,323.0,314.0,4.0,3.0,1141.0
scna-int8,exp,direct,8,4,13,930.0,227.0,172.0,2.0,362.0,328.0,4.0,3.0,1198.0
scna-int8,exp,direct,8,4,14,919.0,225.0,172.0,2.0,354.0,328.0,4.0,3.0,1229.0
scna-int8,exp,direct,8,4,15,921.0,226.0,173.0,2.0,354.0,328.0,4.0,4.0,1212.0
scna-int8,exp,direct,8,4,16,922.0,226.0,172.0,2.0,352.0,330.0,4.0,4.0,1197.0
scna-int8,exp,direct,8,4,17,914.0,224.0,173.0,2.0,352.0,324.0,4.0,4.0,1195.0
scna-int8,exp,direct,8,4,18,918.0,226.0,173.0,2.0,351.0,328.0,4.0,3.0,1193.0
scna-int8,exp,direct,8,4,19,914.0,227.0,173.0,2.0,349.0,324.0,4.0,4.0,1186.0
scna-int8,exp,direct,8,8,0,1116.0,418.0,330.0,4.0,338.0,333.0,8.0,7.0,1392.0
scna-int8,exp,direct,8,8,1,1094.0,420.0,330.0,4.0,335.0,311.0,8.0,8.0,1391.0
scna-int8,exp,direct,8,8,2,1078.0,417.0,330.0,4.0,336.0,297.0,8.0,8.0,1396.0
scna-int8,exp,direct,8,8,3,1096.0,419.0,330.0,4.0,340.0,309.0,8.0,8.0,1394.0
scna-int8,exp,direct,8,8,4,1111.0,419.0,329.0,4.0,333.0,331.0,8.0,8.0,1392.0
scna-int8,exp,direct,8,8,5,1079.0,418.0,331.0,3.0,334.0,301.0,8.0,7.0,1410.0
scna-int8,exp,direct,8,8,6,1091.0,420.0,330.0,4.0,334.0,309.0,8.0,8.0,1396.0
scna-int8,exp,direct,8,8,7,1129.0,431.0,333.0,3.0,351.0,320.0,8.0,8.0,1380.0
scna-int8,exp,direct,8,8,8,1157.0,442.0,337.0,4.0,362.0,326.0,8.0,8.0,1516.0
scna-int8,exp,direct,8,8,9,1167.0,440.0,337.0,4.0,372.0,327.0,8.0,8.0,1452.0
scna-int8,exp,direct,8,8,10,1167.0,441.0,337.0,5.0,367.0,330.0,8.0,8.0,1475.0
scna-int8,exp,direct,8,8,11,1171.0,442.0,336.0,4.0,371.0,330.0,8.0,8.0,1473.0
scna-int8,exp,direct,8,8,12,1169.0,441.0,336.0,5.0,370.0,330.0,8.0,7.0,1462.0
scna-int8,exp,direct,8,8,13,1162.0,439.0,335.0,5.0,368.0,326.0,9.0,7.0,1472.0
scna-int8,exp,direct,8,8,14,1147.0,438.0,336.0,4.0,363.0,318.0,8.0,7.0,1469.0
scna-int8,exp,direct,8,8,15,1160.0,440.0,336.0,4.0,367.0,325.0,8.0,8.0,1464.0
scna-int8,exp,direct,8,8,16,1152.0,440.0,336.0,4.0,359.0,325.0,8.0,8.0,1482.0
scna-int8,exp,direct,8,8,17,1150.0,438.0,335.0,4.0,369.0,315.0,8.0,8.0,1412.0
scna-int8,exp,direct,8,8,18,1155.0,439.0,336.0,5.0,358.0,330.0,8.0,7.0,1476.0
scna-int8,exp,direct,8,8,19,1152.0,437.0,335.0,5.0,363.0,324.0,8.0,7.0,1502.0
scna-int8,exp,direct,8,16,0,1391.0,813.0,654.0,8.0,277.0,258.0,12.0,11.0,1682.0
scna-int8,exp,direct,8,16,1,1445.0,819.0,653.0,8.0,299.0,283.0,12.0,11.0,1775.0
scna-int8,exp,direct,8,16,2,1456.0,820.0,653.0,7.0,306.0,286.0,12.0,12.0,1771.0
scna-int8,exp,direct,8,16,3,1526.0,836.0,656.0,8.0,323.0,322.0,12.0,12.0,1879.0
scna-int8,exp,direct,8,16,4,1589.0,847.0,657.0,8.0,372.0,326.0,12.0,12.0,1916.0
scna-int8,exp,direct,8,16,5,1588.0,848.0,657.0,8.0,371.0,326.0,12.0,11.0,1880.0
scna-int8,exp,direct,8,16,6,1588.0,851.0,657.0,9.0,366.0,326.0,12.0,11.0,1851.0
scna-int8,exp,direct,8,16,7,1585.0,846.0,657.0,8.0,371.0,324.0,12.0,11.0,1872.0
scna-int8,exp,direct,8,16,8,1585.0,848.0,657.0,8.0,370.0,323.0,12.0,11.0,1859.0
scna-int8,exp,direct,8,16,9,1586.0,845.0,657.0,8.0,371.0,326.0,12.0,11.0,1869.0
scna-int8,exp,direct,8,16,10,1583.0,847.0,657.0,8.0,369.0,324.0,12.0,11.0,1830.0
scna-int8,exp,direct,8,16,11,1584.0,846.0,656.0,8.0,368.0,326.0,12.0,11.0,1904.0
scna-int8,exp,direct,8,16,12,1575.0,847.0,657.0,8.0,360.0,325.0,12.0,11.0,1927.0
scna-int8,exp,direct,8,16,13,1583.0,845.0,656.0,8.0,371.0,323.0,12.0,12.0,1877.0
scna-int8,exp,direct,8,16,14,1589.0,846.0,656.0,8.0,366.0,334.0,12.0,11.0,1951.0
scna-int8,exp,direct,8,16,15,1575.0,848.0,655.0,8.0,356.0,328.0,12.0,11.0,1869.0
scna-int8,exp,direct,8,16,16,1583.0,847.0,656.0,8.0,369.0,324.0,12.0,11.0,1855.0
scna-int8,exp,direct,8,16,17,1577.0,844.0,656.0,8.0,367.0,323.0,12.0,11.0,1882.0
scna-int8,exp,direct,8,16,18,1575.0,847.0,657.0,8.0,354.0,331.0,12.0,11.0,1874.0
scna-int8,exp,direct,8,16,19,1582.0,844.0,656.0,8.0,367.0,328.0,12.0,11.0,1894.0
scna-int8,exp,direct,8,32,0,2501.0,1689.0,1308.0,15.0,392.0,332.0,24.0,24.0,2790.0
scna-int8,exp,direct,8,32,1,2494.0,1684.0,1307.0,15.0,389.0,332.0,24.0,25.0,2772.0
scna-int8,exp,direct,8,32,2,2488.0,1684.0,1308.0,15.0,385.0,332.0,24.0,24.0,2873.0
scna-int8,exp,direct,8,32,3,2502.0,1684.0,1308.0,15.0,394.0,337.0,24.0,24.0,2778.0
scna-int8,exp,direct,8,32,4,2502.0,1679.0,1306.0,15.0,398.0,337.0,24.0,24.0,2851.0
scna-int8,exp,direct,8,32,5,2495.0,1689.0,1307.0,15.0,389.0,330.0,24.0,24.0,2783.0
scna-int8,exp,direct,8,32,6,2490.0,1685.0,1307.0,15.0,380.0,337.0,24.0,24.0,2893.0
scna-int8,exp,direct,8,32,7,2482.0,1680.0,1307.0,15.0,387.0,327.0,24.0,24.0,2783.0
scna-int8,exp,direct,8,32,8,2494.0,1679.0,1306.0,15.0,386.0,341.0,24.0,24.0,2799.0
scna-int8,exp,direct,8,32,9,2499.0,1682.0,1306.0,15.0,384.0,346.0,24.0,24.0,2850.0
scna-int8,exp,direct,8,32,10,2484.0,1680.0,1305.0,15.0,384.0,332.0,24.0,24.0,2768.0
scna-int8,exp,direct,8,32,11,2483.0,1681.0,1306.0,15.0,386.0,329.0,24.0,23.0,2771.0
scna-int8,exp,direct,8,32,12,2498.0,1686.0,1307.0,15.0,383.0,341.0,24.0,24.0,2897.0
scna-int8,exp,direct,8,32,13,2509.0,1684.0,1306.0,15.0,393.0,343.0,24.0,25.0,2821.0
scna-int8,exp,direct,8,32,14,2456.0,1671.0,1307.0,15.0,383.0,315.0,24.0,24.0,2793.0
scna-int8,exp,direct,8,32,15,2483.0,1676.0,1305.0,15.0,384.0,335.0,24.0,25.0,2832.0
scna-int8,exp,direct,8,32,16,2483.0,1677.0,1306.0,15.0,379.0,339.0,24.0,24.0,2767.0
scna-int8,exp,direct,8,32,17,2397.0,1653.0,1304.0,15.0,358.0,301.0,24.0,23.0,2697.0
scna-int8,exp,direct,8,32,18,2361.0,1664.0,1300.0,15.0,306.0,304.0,24.0,23.0,2641.0
scna-int8,exp,direct,8,32,19,2396.0,1672.0,1300.0,15.0,324.0,312.0,24.0,25.0,2663.0
scna-int8,exp,direct,16,4,0,872.0,254.0,213.0,2.0,314.0,290.0,4.0,3.0,1110.0
scna-int8,exp,direct,16,4,1,850.0,255.0,213.0,2.0,293.0,287.0,4.0,4.0,1110.0
scna-int8,exp,direct,16,4,2,861.0,255.0,212.0,2.0,305.0,288.0,4.0,2.0,1109.0
scna-int8,exp,direct,16,4,3,857.0,256.0,213.0,2.0,301.0,286.0,4.0,3.0,1110.0
scna-int8,exp,direct,16,4,4,893.0,257.0,212.0,2.0,305.0,317.0,4.0,3.0,1148.0
scna-int8,exp,direct,16,4,5,880.0,256.0,213.0,2.0,312.0,298.0,4.0,3.0,1165.0
scna-int8,exp,direct,16,4,6,926.0,257.0,213.0,2.0,339.0,316.0,4.0,3.0,1161.0
scna-int8,exp,direct,16,4,7,921.0,258.0,213.0,2.0,341.0,310.0,4.0,2.0,1161.0
scna-int8,exp,direct,16,4,8,910.0,256.0,213.0,2.0,309.0,332.0,4.0,3.0,1166.0
scna-int8,exp,direct,16,4,9,915.0,256.0,213.0,2.0,330.0,314.0,4.0,4.0,1163.0
scna-int8,exp,direct,16,4,10,929.0,259.0,213.0,2.0,342.0,315.0,4.0,2.0,1163.0
scna-int8,exp,direct,16,4,11,942.0,257.0,212.0,2.0,336.0,336.0,4.0,2.0,1278.0
scna-int8,exp,direct,16,4,12,912.0,257.0,213.0,2.0,322.0,319.0,4.0,3.0,1194.0
scna-int8,exp,direct,16,4,13,928.0,256.0,213.0,2.0,336.0,322.0,4.0,3.0,1171.0
scna-int8,exp,direct,16,4,14,932.0,259.0,212.0,2.0,344.0,316.0,4.0,2.0,1162.0
scna-int8,exp,direct,16,4,15,934.0,258.0,213.0,2.0,334.0,329.0,4.0,3.0,1162.0
scna-int8,exp,direct,16,4,16,936.0,259.0,213.0,2.0,335.0,331.0,4.0,2.0,1278.0
scna-int8,exp,direct,16,4,17,930.0,264.0,215.0,2.0,334.0,320.0,4.0,2.0,1271.0
scna-int8,exp,direct,16,4,18,978.0,270.0,216.0,2.0,370.0,325.0,4.0,2.0,1290.0
scna-int8,exp,direct,16,4,19,989.0,272.0,216.0,2.0,373.0,332.0,4.0,2.0,1225.0
scna-int8,exp,direct,16,8,0,1211.0,505.0,417.0,4.0,334.0,343.0,8.0,9.0,1512.0
scna-int8,exp,direct,16,8,1,1178.0,506.0,418.0,4.0,308.0,336.0,8.0,8.0,1511.0
scna-int8,exp,direct,16,8,2,1184.0,506.0,419.0,5.0,311.0,337.0,8.0,9.0,1512.0
scna-int8,exp,direct,16,8,3,1176.0,506.0,418.0,4.0,306.0,336.0,8.0,8.0,1511.0
scna-int8,exp,direct,16,8,4,1193.0,507.0,419.0,4.0,341.0,317.0,8.0,8.0,1430.0
scna-int8,exp,direct,16,8,5,1181.0,512.0,419.0,4.0,326.0,315.0,8.0,8.0,1456.0
scna-int8,exp,direct,16,8,6,1211.0,513.0,419.0,4.0,344.0,327.0,8.0,7.0,1559.0
scna-int8,exp,direct,16,8,7,1209.0,513.0,419.0,4.0,346.0,322.0,9.0,7.0,1543.0
scna-int8,exp,direct,16,8,8,1193.0,510.0,418.0,4.0,346.0,310.0,8.0,8.0,1426.0
scna-int8,exp,direct,16,8,9,1105.0,501.0,419.0,5.0,303.0,274.0,8.0,7.0,1334.0
scna-int8,exp,direct,16,8,10,1131.0,506.0,418.0,3.0,293.0,305.0,8.0,8.0,1429.0
scna-int8,exp,direct,16,8,11,1155.0,513.0,418.0,5.0,316.0,298.0,8.0,7.0,1462.0
scna-int8,exp,direct,16,8,12,1161.0,511.0,417.0,4.0,295.0,327.0,8.0,8.0,1422.0
scna-int8,exp,direct,16,8,13,1157.0,510.0,418.0,4.0,317.0,303.0,8.0,8.0,1412.0
scna-int8,exp,direct,16,8,14,1162.0,510.0,417.0,5.0,317.0,307.0,8.0,8.0,1418.0
scna-int8,exp,direct,16,8,15,1163.0,510.0,418.0,4.0,311.0,315.0,8.0,7.0,1427.0
scna-int8,exp,direct,16,8,16,1168.0,510.0,418.0,4.0,324.0,306.0,8.0,8.0,1414.0
scna-int8,exp,direct,16,8,17,1180.0,513.0,418.0,5.0,319.0,320.0,8.0,8.0,1511.0
scna-int8,exp,direct,16,8,18,1181.0,512.0,419.0,5.0,327.0,314.0,8.0,8.0,1460.0
scna-int8,exp,direct,16,8,19,1185.0,511.0,419.0,4.0,329.0,317.0,8.0,8.0,1472.0
scna-int8,exp,direct,16,16,0,1689.0,1000.0,826.0,8.0,327.0,316.0,12.0,11.0,1939.0
scna-int8,exp,direct,16,16,1,1692.0,1002.0,826.0,8.0,334.0,311.0,12.0,12.0,2050.0
scna-int8,exp,direct,16,16,2,1670.0,1003.0,827.0,8.0,314.0,308.0,12.0,12.0,1936.0
scna-int8,exp,direct,16,16,3,1743.0,1016.0,829.0,8.0,362.0,320.0,12.0,11.0,1996.0
scna-int8,exp,direct,16,16,4,1775.0,1025.0,830.0,7.0,379.0,327.0,12.0,12.0,2151.0
scna-int8,exp,direct,16,16,5,1773.0,1024.0,831.0,8.0,378.0,327.0,12.0,12.0,2132.0
scna-int8,exp,direct,16,16,6,1772.0,1027.0,831.0,8.0,368.0,332.0,12.0,11.0,2126.0
scna-int8,exp,direct,16,16,7,1780.0,1025.0,831.0,8.0,375.0,334.0,12.0,11.0,2108.0
scna-int8,exp,direct,16,16,8,1781.0,1026.0,831.0,8.0,377.0,333.0,12.0,12.0,2103.0
scna-int8,exp,direct,16,16,9,1782.0,1023.0,831.0,8.0,376.0,338.0,12.0,11.0,2108.0
scna-int8,exp,direct,16,16,10,1761.0,1016.0,831.0,8.0,367.0,334.0,12.0,11.0,2089.0
scna-int8,exp,direct,16,16,11,1768.0,1022.0,830.0,8.0,363.0,338.0,12.0,11.0,2128.0
scna-int8,exp,direct,16,16,12,1745.0,1018.0,829.0,8.0,369.0,312.0,12.0,11.0,2004.0
scna-int8,exp,direct,16,16,13,1750.0,1019.0,829.0,8.0,363.0,322.0,12.0,11.0,2001.0
scna-int8,exp,direct,16,16,14,1747.0,1020.0,829.0,8.0,365.0,318.0,12.0,11.0,2013.0
scna-int8,exp,direct,16,16,15,1759.0,1017.0,829.0,9.0,362.0,335.0,12.0,11.0,2100.0
scna-int8,exp,direct,16,16,16,1753.0,1017.0,829.0,8.0,360.0,332.0,12.0,11.0,2114.0
scna-int8,exp,direct,16,16,17,1743.0,1016.0,828.0,8.0,363.0,320.0,12.0,11.0,2011.0
scna-int8,exp,direct,16,16,18,1749.0,1020.0,831.0,8.0,353.0,328.0,13.0,12.0,2005.0
scna-int8,exp,direct,16,16,19,1742.0,1014.0,830.0,8.0,360.0,325.0,12.0,11.0,2017.0
scna-int8,exp,direct,16,32,0,2779.0,2027.0,1646.0,15.0,348.0,316.0,24.0,25.0,3055.0
scna-int8,exp,direct,16,32,1,2780.0,2018.0,1645.0,15.0,349.0,326.0,24.0,24.0,3174.0
scna-int8,exp,direct,16,32,2,2783.0,2023.0,1646.0,15.0,347.0,326.0,24.0,25.0,3155.0
scna-int8,exp,direct,16,32,3,2774.0,2022.0,1645.0,15.0,340.0,325.0,24.0,25.0,3154.0
scna-int8,exp,direct,16,32,4,2785.0,2022.0,1646.0,15.0,350.0,326.0,24.0,25.0,3148.0
scna-int8,exp,direct,16,32,5,2786.0,2022.0,1646.0,15.0,350.0,326.0,24.0,25.0,3155.0
scna-int8,exp,direct,16,32,6,2679.0,1987.0,1645.0,15.0,325.0,280.0,24.0,24.0,2981.0
scna-int8,exp,direct,16,32,7,2631.0,1990.0,1645.0,15.0,289.0,264.0,24.0,23.0,2982.0
scna-int8,exp,direct,16,32,8,2668.0,2022.0,1644.0,15.0,285.0,274.0,24.0,23.0,2988.0
scna-int8,exp,direct,16,32,9,2667.0,2011.0,1642.0,15.0,287.0,281.0,24.0,24.0,2963.0
scna-int8,exp,direct,16,32,10,2663.0,2011.0,1643.0,15.0,284.0,281.0,24.0,23.0,2939.0
scna-int8,exp,direct,16,32,11,2663.0,2013.0,1642.0,15.0,282.0,280.0,24.0,24.0,3055.0
scna-int8,exp,direct,16,32,12,2647.0,2008.0,1644.0,15.0,288.0,263.0,24.0,24.0,2964.0
scna-int8,exp,direct,16,32,13,2661.0,2007.0,1644.0,15.0,285.0,280.0,24.0,25.0,3036.0
scna-int8,exp,direct,16,32,14,2669.0,2013.0,1645.0,15.0,286.0,282.0,24.0,24.0,2964.0
scna-int8,exp,direct,16,32,15,2614.0,1990.0,1645.0,15.0,272.0,266.0,24.0,24.0,2910.0
scna-int8,exp,direct,16,32,16,2659.0,2014.0,1644.0,15.0,280.0,277.0,24.0,24.0,3037.0
scna-int8,exp,direct,16,32,17,2672.0,2016.0,1644.0,15.0,288.0,279.0,24.0,25.0,3021.0
scna-int8,exp,direct,16,32,18,2654.0,2012.0,1644.0,15.0,280.0,274.0,24.0,25.0,3034.0
scna-int8,exp,direct,16,32,19,2660.0,2012.0,1644.0,15.0,285.0,277.0,24.0,24.0,2962.0
scna-int8,exp,direct,32,4,0,934.0,338.0,297.0,2.0,301.0,279.0,4.0,5.0,1212.0
scna-int8,exp,direct,32,4,1,935.0,340.0,298.0,2.0,303.0,276.0,4.0,5.0,1188.0
scna-int8,exp,direct,32,4,2,938.0,339.0,297.0,2.0,305.0,277.0,4.0,5.0,1186.0
scna-int8,exp,direct,32,4,3,940.0,340.0,296.0,2.0,308.0,275.0,4.0,5.0,1185.0
scna-int8,exp,direct,32,4,4,941.0,339.0,296.0,2.0,307.0,279.0,4.0,5.0,1195.0
scna-int8,exp,direct,32,4,5,933.0,338.0,298.0,2.0,303.0,276.0,4.0,5.0,1216.0
scna-int8,exp,direct,32,4,6,971.0,343.0,298.0,2.0,332.0,280.0,4.0,4.0,1242.0
scna-int8,exp,direct,32,4,7,993.0,344.0,297.0,2.0,310.0,324.0,4.0,4.0,1319.0
scna-int8,exp,direct,32,4,8,1014.0,341.0,297.0,2.0,334.0,324.0,4.0,5.0,1318.0
scna-int8,exp,direct,32,4,9,1009.0,341.0,297.0,2.0,324.0,327.0,4.0,5.0,1328.0
scna-int8,exp,direct,32,4,10,1015.0,342.0,297.0,2.0,341.0,316.0,4.0,5.0,1319.0
scna-int8,exp,direct,32,4,11,1012.0,341.0,296.0,2.0,329.0,327.0,4.0,5.0,1308.0
scna-int8,exp,direct,32,4,12,1020.0,344.0,298.0,2.0,337.0,323.0,4.0,5.0,1311.0
scna-int8,exp,direct,32,4,13,1011.0,342.0,298.0,2.0,330.0,322.0,4.0,6.0,1306.0
scna-int8,exp,direct,32,4,14,1037.0,344.0,297.0,2.0,352.0,325.0,4.0,5.0,1306.0
scna-int8,exp,direct,32,4,15,1038.0,346.0,297.0,2.0,352.0,323.0,4.0,5.0,1309.0
scna-int8,exp,direct,32,4,16,1036.0,345.0,297.0,2.0,350.0,325.0,4.0,5.0,1306.0
scna-int8,exp,direct,32,4,17,1023.0,345.0,298.0,2.0,350.0,312.0,4.0,5.0,1357.0
scna-int8,exp,direct,32,4,18,1012.0,346.0,298.0,2.0,343.0,307.0,4.0,5.0,1245.0
scna-int8,exp,direct,32,4,19,1011.0,343.0,298.0,2.0,342.0,311.0,4.0,5.0,1327.0
scna-int8,exp,direct,32,8,0,1356.0,670.0,581.0,4.0,335.0,323.0,8.0,8.0,1594.0
scna-int8,exp,direct,32,8,1,1322.0,666.0,581.0,4.0,310.0,318.0,8.0,8.0,1562.0
scna-int8,exp,direct,32,8,2,1324.0,671.0,581.0,4.0,305.0,320.0,8.0,8.0,1607.0
scna-int8,exp,direct,32,8,3,1337.0,668.0,581.0,4.0,328.0,313.0,8.0,8.0,1605.0
scna-int8,exp,direct,32,8,4,1344.0,671.0,581.0,4.0,329.0,316.0,8.0,8.0,1600.0
scna-int8,exp,direct,32,8,5,1411.0,686.0,585.0,4.0,359.0,338.0,8.0,8.0,1712.0
scna-int8,exp,direct,32,8,6,1429.0,683.0,584.0,4.0,385.0,332.0,8.0,9.0,1699.0
scna-int8,exp,direct,32,8,7,1427.0,680.0,585.0,4.0,386.0,332.0,8.0,9.0,1698.0
scna-int8,exp,direct,32,8,8,1428.0,681.0,583.0,5.0,384.0,333.0,8.0,9.0,1698.0
scna-int8,exp,direct,32,8,9,1389.0,678.0,585.0,3.0,371.0,313.0,8.0,8.0,1698.0
scna-int8,exp,direct,32,8,10,1312.0,671.0,581.0,4.0,324.0,289.0,8.0,8.0,1542.0
scna-int8,exp,direct,32,8,11,1290.0,668.0,581.0,4.0,307.0,286.0,8.0,9.0,1571.0
scna-int8,exp,direct,32,8,12,1313.0,672.0,581.0,4.0,312.0,301.0,8.0,8.0,1578.0
scna-int8,exp,direct,32,8,13,1349.0,677.0,582.0,4.0,330.0,313.0,8.0,9.0,1702.0
scna-int8,exp,direct,32,8,14,1315.0,671.0,581.0,4.0,314.0,302.0,8.0,8.0,1560.0
scna-int8,exp,direct,32,8,15,1306.0,670.0,581.0,4.0,314.0,293.0,8.0,9.0,1590.0
scna-int8,exp,direct,32,8,16,1319.0,675.0,581.0,4.0,311.0,305.0,8.0,8.0,1628.0
scna-int8,exp,direct,32,8,17,1311.0,673.0,581.0,4.0,302.0,307.0,8.0,9.0,1601.0
scna-int8,exp,direct,32,8,18,1307.0,672.0,581.0,5.0,304.0,300.0,8.0,10.0,1604.0
scna-int8,exp,direct,32,8,19,1319.0,674.0,581.0,5.0,318.0,297.0,8.0,9.0,1593.0
scna-int8,exp,direct,32,16,0,2044.0,1323.0,1150.0,8.0,349.0,324.0,12.0,15.0,2333.0
scna-int8,exp,direct,32,16,1,2069.0,1333.0,1152.0,8.0,351.0,337.0,12.0,15.0,2420.0
scna-int8,exp,direct,32,16,2,2106.0,1335.0,1154.0,8.0,392.0,330.0,12.0,15.0,2468.0
scna-int8,exp,direct,32,16,3,2090.0,1340.0,1154.0,8.0,376.0,326.0,12.0,15.0,2395.0
scna-int8,exp,direct,32,16,4,2115.0,1342.0,1153.0,8.0,391.0,333.0,12.0,14.0,2386.0
scna-int8,exp,direct,32,16,5,2135.0,1347.0,1153.0,8.0,400.0,338.0,12.0,14.0,2479.0
scna-int8,exp,direct,32,16,6,2104.0,1335.0,1153.0,8.0,395.0,325.0,12.0,14.0,2376.0
scna-int8,exp,direct,32,16,7,2113.0,1336.0,1153.0,8.0,389.0,340.0,12.0,14.0,2414.0
scna-int8,exp,direct,32,16,8,2103.0,1337.0,1154.0,8.0,383.0,335.0,12.0,15.0,2435.0
scna-int8,exp,direct,32,16,9,2098.0,1338.0,1153.0,8.0,389.0,323.0,12.0,14.0,2398.0
scna-int8,exp,direct,32,16,10,2105.0,1336.0,1154.0,8.0,388.0,334.0,12.0,14.0,2375.0
scna-int8,exp,direct,32,16,11,2101.0,1339.0,1153.0,8.0,387.0,327.0,12.0,15.0,2359.0
scna-int8,exp,direct,32,16,12,2091.0,1333.0,1153.0,8.0,380.0,331.0,12.0,14.0,2421.0
scna-int8,exp,direct,32,16,13,2096.0,1335.0,1153.0,9.0,386.0,326.0,12.0,15.0,2450.0
scna-int8,exp,direct,32,16,14,2093.0,1335.0,1153.0,8.0,380.0,331.0,12.0,14.0,2417.0
scna-int8,exp,direct,32,16,15,2102.0,1336.0,1153.0,8.0,385.0,333.0,12.0,15.0,2378.0
scna-int8,exp,direct,32,16,16,2090.0,1336.0,1152.0,8.0,379.0,327.0,12.0,14.0,2431.0
scna-int8,exp,direct,32,16,17,2102.0,1339.0,1152.0,8.0,384.0,331.0,12.0,14.0,2397.0
scna-int8,exp,direct,32,16,18,2117.0,1343.0,1153.0,8.0,396.0,330.0,12.0,14.0,2482.0
scna-int8,exp,direct,32,16,19,2115.0,1341.0,1153.0,8.0,395.0,331.0,12.0,15.0,2485.0
scna-int8,exp,direct,32,32,0,3492.0,2665.0,2292.0,15.0,399.0,338.0,24.0,26.0,3890.0
scna-int8,exp,direct,32,32,1,3487.0,2666.0,2291.0,15.0,392.0,338.0,24.0,26.0,3847.0
scna-int8,exp,direct,32,32,2,3486.0,2671.0,2290.0,15.0,387.0,337.0,24.0,27.0,3862.0
scna-int8,exp,direct,32,32,3,3481.0,2667.0,2291.0,15.0,384.0,340.0,24.0,26.0,3826.0
scna-int8,exp,direct,32,32,4,3489.0,2668.0,2292.0,15.0,386.0,345.0,24.0,26.0,3824.0
scna-int8,exp,direct,32,32,5,3486.0,2671.0,2291.0,15.0,382.0,342.0,24.0,27.0,3800.0
scna-int8,exp,direct,32,32,6,3482.0,2666.0,2291.0,15.0,388.0,339.0,24.0,26.0,3842.0
scna-int8,exp,direct,32,32,7,3484.0,2667.0,2290.0,15.0,384.0,343.0,24.0,26.0,3824.0
scna-int8,exp,direct,32,32,8,3481.0,2666.0,2291.0,15.0,381.0,344.0,24.0,26.0,3799.0
scna-int8,exp,direct,32,32,9,3471.0,2666.0,2289.0,15.0,378.0,336.0,24.0,27.0,3747.0
scna-int8,exp,direct,32,32,10,3477.0,2668.0,2292.0,15.0,379.0,340.0,24.0,26.0,3759.0
scna-int8,exp,direct,32,32,11,3474.0,2670.0,2291.0,15.0,379.0,337.0,24.0,25.0,3845.0
scna-int8,exp,direct,32,32,12,3448.0,2663.0,2288.0,15.0,373.0,323.0,24.0,25.0,3779.0
scna-int8,exp,direct,32,32,13,3458.0,2669.0,2288.0,15.0,368.0,330.0,24.0,27.0,3838.0
scna-int8,exp,direct,32,32,14,3472.0,2668.0,2288.0,15.0,374.0,341.0,24.0,26.0,3872.0
scna-int8,exp,direct,32,32,15,3460.0,2670.0,2288.0,15.0,375.0,326.0,24.0,25.0,3745.0
scna-int8,exp,direct,32,32,16,3433.0,2663.0,2287.0,15.0,350.0,329.0,24.0,27.0,3726.0
scna-int8,exp,direct,32,32,17,3442.0,2668.0,2287.0,15.0,351.0,331.0,24.0,28.0,3731.0
scna-int8,exp,direct,32,32,18,3450.0,2664.0,2287.0,15.0,358.0,337.0,24.0,27.0,3790.0
scna-int8,exp,direct,32,32,19,3461.0,2666.0,2289.0,15.0,369.0,335.0,24.0,28.0,3753.0
scna-int8,exp,tree,8,4,0,878.0,226.0,180.0,2.0,341.0,297.0,4.0,3.0,1162.0
scna-int8,exp,tree,8,4,1,884.0,224.0,180.0,2.0,330.0,315.0,4.0,4.0,1160.0
scna-int8,exp,tree,8,4,2,906.0,224.0,181.0,2.0,339.0,328.0,4.0,4.0,1163.0
scna-int8,exp,tree,8,4,3,902.0,224.0,181.0,2.0,337.0,327.0,4.0,3.0,1161.0
scna-int8,exp,tree,8,4,4,904.0,225.0,181.0,2.0,338.0,326.0,4.0,4.0,1167.0
scna-int8,exp,tree,8,4,5,886.0,226.0,181.0,2.0,329.0,316.0,4.0,4.0,1163.0
scna-int8,exp,tree,8,4,6,900.0,225.0,180.0,2.0,343.0,316.0,4.0,4.0,1163.0
scna-int8,exp,tree,8,4,7,930.0,239.0,185.0,2.0,351.0,325.0,4.0,4.0,1263.0
scna-int8,exp,tree,8,4,8,963.0,247.0,190.0,2.0,374.0,327.0,4.0,4.0,1218.0
scna-int8,exp,tree,8,4,9,959.0,248.0,190.0,3.0,363.0,331.0,4.0,4.0,1252.0
scna-int8,exp,tree,8,4,10,957.0,247.0,190.0,2.0,368.0,328.0,4.0,3.0,1222.0
scna-int8,exp,tree,8,4,11,951.0,247.0,189.0,3.0,365.0,324.0,4.0,3.0,1207.0
scna-int8,exp,tree,8,4,12,956.0,246.0,190.0,2.0,374.0,322.0,4.0,3.0,1231.0
scna-int8,exp,tree,8,4,13,957.0,246.0,189.0,2.0,367.0,330.0,4.0,3.0,1211.0
scna-int8,exp,tree,8,4,14,953.0,246.0,190.0,3.0,364.0,327.0,4.0,3.0,1253.0
scna-int8,exp,tree,8,4,15,972.0,247.0,190.0,3.0,372.0,337.0,4.0,4.0,1317.0
scna-int8,exp,tree,8,4,16,962.0,247.0,189.0,3.0,375.0,324.0,4.0,4.0,1231.0
scna-int8,exp,tree,8,4,17,948.0,245.0,190.0,3.0,366.0,322.0,4.0,3.0,1243.0
scna-int8,exp,tree,8,4,18,945.0,245.0,188.0,2.0,361.0,325.0,4.0,3.0,1233.0
scna-int8,exp,tree,8,4,19,947.0,243.0,188.0,2.0,364.0,325.0,4.0,3.0,1184.0
scna-int8,exp,tree,8,8,0,1142.0,443.0,352.0,4.0,346.0,326.0,8.0,7.0,1436.0
scna-int8,exp,tree,8,8,1,1143.0,442.0,352.0,4.0,353.0,321.0,8.0,7.0,1432.0
scna-int8,exp,tree,8,8,2,1064.0,438.0,352.0,3.0,319.0,282.0,8.0,6.0,1323.0
scna-int8,exp,tree,8,8,3,1049.0,432.0,351.0,4.0,309.0,281.0,8.0,7.0,1312.0
scna-int8,exp,tree,8,8,4,1151.0,453.0,356.0,4.0,347.0,324.0,8.0,7.0,1444.0
scna-int8,exp,tree,8,8,5,1188.0,458.0,357.0,4.0,372.0,331.0,8.0,7.0,1486.0
scna-int8,exp,tree,8,8,6,1174.0,458.0,357.0,4.0,364.0,325.0,8.0,7.0,1541.0
scna-int8,exp,tree,8,8,7,1185.0,454.0,355.0,4.0,379.0,324.0,8.0,8.0,1502.0
scna-int8,exp,tree,8,8,8,1188.0,455.0,356.0,4.0,377.0,328.0,8.0,8.0,1484.0
scna-int8,exp,tree,8,8,9,1191.0,457.0,357.0,4.0,376.0,330.0,8.0,8.0,1479.0
scna-int8,exp,tree,8,8,10,1182.0,455.0,357.0,4.0,373.0,326.0,8.0,8.0,1477.0
scna-int8,exp,tree,8,8,11,1178.0,453.0,355.0,4.0,374.0,324.0,8.0,7.0,1534.0
scna-int8,exp,tree,8,8,12,1172.0,455.0,356.0,4.0,359.0,330.0,8.0,8.0,1467.0
scna-int8,exp,tree,8,8,13,1171.0,455.0,355.0,4.0,361.0,328.0,8.0,7.0,1532.0
scna-int8,exp,tree,8,8,14,1192.0,453.0,357.0,4.0,380.0,332.0,8.0,7.0,1509.0
scna-int8,exp,tree,8,8,15,1186.0,455.0,356.0,4.0,370.0,333.0,8.0,8.0,1477.0
scna-int8,exp,tree,8,8,16,1192.0,457.0,355.0,4.0,369.0,338.0,8.0,8.0,1491.0
scna-int8,exp,tree,8,8,17,1185.0,456.0,357.0,4.0,371.0,330.0,8.0,8.0,1506.0
scna-int8,exp,tree,8,8,18,1184.0,455.0,355.0,4.0,366.0,335.0,8.0,8.0,1489.0
scna-int8,exp,tree,8,8,19,1184.0,454.0,355.0,3.0,370.0,334.0,8.0,7.0,1500.0
scna-int8,exp,tree,8,16,0,1454.0,849.0,689.0,8.0,294.0,269.0,12.0,10.0,1771.0
scna-int8,exp,tree,8,16,1,1467.0,847.0,689.0,8.0,287.0,288.0,12.0,11.0,1766.0
scna-int8,exp,tree,8,16,2,1479.0,848.0,688.0,9.0,301.0,286.0,12.0,10.0,1740.0
scna-int8,exp,tree,8,16,3,1472.0,849.0,690.0,8.0,298.0,281.0,12.0,12.0,1762.0
scna-int8,exp,tree,8,16,4,1604.0,889.0,698.0,8.0,351.0,321.0,12.0,11.0,1972.0
scna-int8,exp,tree,8,16,5,1639.0,887.0,696.0,8.0,372.0,336.0,12.0,12.0,1973.0
scna-int8,exp,tree,8,16,6,1641.0,886.0,697.0,8.0,383.0,329.0,12.0,10.0,1908.0
scna-int8,exp,tree,8,16,7,1645.0,890.0,697.0,9.0,380.0,330.0,12.0,11.0,1988.0
scna-int8,exp,tree,8,16,8,1637.0,885.0,696.0,8.0,375.0,332.0,12.0,11.0,1933.0
scna-int8,exp,tree,8,16,9,1645.0,889.0,697.0,9.0,368.0,342.0,12.0,11.0,1990.0
scna-int8,exp,tree,8,16,10,1622.0,888.0,697.0,8.0,363.0,328.0,12.0,11.0,1887.0
scna-int8,exp,tree,8,16,11,1635.0,887.0,696.0,9.0,378.0,327.0,12.0,10.0,1907.0
scna-int8,exp,tree,8,16,12,1638.0,885.0,696.0,8.0,376.0,334.0,12.0,11.0,2006.0
scna-int8,exp,tree,8,16,13,1636.0,889.0,695.0,8.0,372.0,332.0,12.0,11.0,1892.0
scna-int8,exp,tree,8,16,14,1634.0,882.0,696.0,8.0,369.0,338.0,12.0,12.0,1905.0
scna-int8,exp,tree,8,16,15,1639.0,888.0,695.0,8.0,368.0,340.0,12.0,10.0,2002.0
scna-int8,exp,tree,8,16,16,1622.0,886.0,695.0,9.0,359.0,332.0,12.0,11.0,1879.0
scna-int8,exp,tree,8,16,17,1627.0,889.0,696.0,8.0,358.0,336.0,12.0,12.0,1888.0
scna-int8,exp,tree,8,16,18,1610.0,882.0,695.0,8.0,358.0,326.0,12.0,12.0,1920.0
scna-int8,exp,tree,8,16,19,1638.0,884.0,696.0,9.0,377.0,333.0,12.0,10.0,1926.0
scna-int8,exp,tree,8,32,0,2464.0,1705.0,1367.0,15.0,346.0,325.0,24.0,24.0,2740.0
scna-int8,exp,tree,8,32,1,2451.0,1708.0,1368.0,15.0,334.0,322.0,24.0,23.0,2749.0
scna-int8,exp,tree,8,32,2,2465.0,1712.0,1366.0,15.0,338.0,327.0,24.0,24.0,2739.0
scna-int8,exp,tree,8,32,3,2500.0,1724.0,1377.0,15.0,368.0,320.0,24.0,24.0,2795.0
scna-int8,exp,tree,8,32,4,2530.0,1738.0,1375.0,15.0,369.0,336.0,24.0,24.0,2919.0
scna-int8,exp,tree,8,32,5,2539.0,1737.0,1375.0,15.0,374.0,339.0,24.0,25.0,2872.0
scna-int8,exp,tree,8,32,6,2541.0,1748.0,1375.0,15.0,370.0,334.0,24.0,25.0,2897.0
scna-int8,exp,tree,8,32,7,2537.0,1745.0,1374.0,15.0,368.0,336.0,24.0,24.0,2900.0
scna-int8,exp,tree,8,32,8,2532.0,1746.0,1374.0,15.0,371.0,327.0,24.0,24.0,2896.0
scna-int8,exp,tree,8,32,9,2505.0,1730.0,1373.0,15.0,356.0,331.0,24.0,24.0,2822.0
scna-int8,exp,tree,8,32,10,2536.0,1747.0,1373.0,15.0,365.0,335.0,24.0,25.0,2922.0
scna-int8,exp,tree,8,32,11,2534.0,1744.0,1373.0,15.0,368.0,334.0,24.0,24.0,2927.0
scna-int8,exp,tree,8,32,12,2539.0,1748.0,1373.0,15.0,368.0,335.0,24.0,24.0,2902.0
scna-int8,exp,tree,8,32,13,2536.0,1745.0,1373.0,15.0,369.0,334.0,24.0,24.0,2932.0
scna-int8,exp,tree,8,32,14,2540.0,1747.0,1372.0,15.0,367.0,338.0,24.0,24.0,2913.0
scna-int8,exp,tree,8,32,15,2537.0,1744.0,1373.0,15.0,371.0,334.0,24.0,24.0,2893.0
scna-int8,exp,tree,8,32,16,2534.0,1739.0,1373.0,15.0,371.0,336.0,24.0,24.0,2889.0
scna-int8,exp,tree,8,32,17,2529.0,1738.0,1373.0,15.0,366.0,337.0,24.0,24.0,2829.0
scna-int8,exp,tree,8,32,18,2532.0,1742.0,1373.0,15.0,365.0,338.0,24.0,23.0,2888.0
scna-int8,exp,tree,8,32,19,2518.0,1741.0,1372.0,15.0,359.0,330.0,24.0,24.0,2894.0
scna-int8,exp,tree,16,4,0,830.0,239.0,198.0,2.0,297.0,283.0,4.0,2.0,1097.0
scna-int8,exp,tree,16,4,1,833.0,240.0,198.0,2.0,299.0,281.0,4.0,3.0,1097.0
scna-int8,exp,tree,16,4,2,820.0,240.0,198.0,2.0,281.0,285.0,4.0,3.0,1094.0
scna-int8,exp,tree,16,4,3,816.0,242.0,199.0,2.0,302.0,260.0,5.0,2.0,1096.0
scna-int8,exp,tree,16,4,4,809.0,241.0,197.0,2.0,291.0,265.0,4.0,3.0,1094.0
scna-int8,exp,tree,16,4,5,819.0,241.0,198.0,2.0,286.0,280.0,4.0,2.0,1154.0
scna-int8,exp,tree,16,4,6,877.0,243.0,199.0,2.0,306.0,314.0,4.0,3.0,1167.0
scna-int8,exp,tree,16,4,7,872.0,244.0,199.0,2.0,301.0,314.0,4.0,3.0,1173.0
scna-int8,exp,tree,16,4,8,888.0,243.0,199.0,2.0,304.0,328.0,4.0,2.0,1175.0
scna-int8,exp,tree,16,4,9,876.0,243.0,199.0,2.0,300.0,320.0,4.0,3.0,1138.0
scna-int8,exp,tree,16,4,10,915.0,244.0,199.0,2.0,317.0,341.0,4.0,3.0,1183.0
scna-int8,exp,tree,16,4,11,899.0,244.0,199.0,2.0,325.0,318.0,4.0,2.0,1163.0
scna-int8,exp,tree,16,4,12,911.0,244.0,199.0,2.0,316.0,339.0,4.0,2.0,1163.0
scna-int8,exp,tree,16,4,13,881.0,243.0,199.0,2.0,321.0,304.0,4.0,3.0,1174.0
scna-int8,exp,tree,16,4,14,919.0,245.0,199.0,2.0,332.0,329.0,4.0,3.0,1168.0
scna-int8,exp,tree,16,4,15,914.0,242.0,199.0,2.0,331.0,329.0,4.0,2.0,1165.0
scna-int8,exp,tree,16,4,16,912.0,242.0,199.0,2.0,335.0,322.0,4.0,3.0,1163.0
scna-int8,exp,tree,16,4,17,925.0,242.0,199.0,2.0,333.0,337.0,4.0,3.0,1164.0
scna-int8,exp,tree,16,4,18,886.0,243.0,199.0,2.0,300.0,329.0,4.0,4.0,1127.0
scna-int8,exp,tree,16,4,19,963.0,257.0,205.0,2.0,362.0,331.0,4.0,3.0,1193.0
scna-int8,exp,tree,16,8,0,1135.0,470.0,385.0,4.0,337.0,300.0,8.0,8.0,1393.0
scna-int8,exp,tree,16,8,1,1151.0,472.0,385.0,4.0,340.0,310.0,8.0,9.0,1391.0
scna-int8,exp,tree,16,8,2,1145.0,474.0,383.0,4.0,335.0,308.0,8.0,8.0,1392.0
scna-int8,exp,tree,16,8,3,1147.0,472.0,384.0,4.0,329.0,317.0,9.0,8.0,1391.0
scna-int8,exp,tree,16,8,4,1144.0,473.0,384.0,4.0,336.0,308.0,8.0,7.0,1450.0
scna-int8,exp,tree,16,8,5,1208.0,488.0,389.0,4.0,371.0,322.0,8.0,7.0,1507.0
scna-int8,exp,tree,16,8,6,1192.0,488.0,390.0,4.0,360.0,315.0,8.0,9.0,1429.0
scna-int8,exp,tree,16,8,7,1214.0,489.0,390.0,4.0,368.0,330.0,8.0,7.0,1459.0
scna-int8,exp,tree,16,8,8,1204.0,487.0,390.0,4.0,359.0,330.0,8.0,8.0,1530.0
scna-int8,exp,tree,16,8,9,1210.0,490.0,389.0,4.0,370.0,323.0,8.0,7.0,1473.0
scna-int8,exp,tree,16,8,10,1206.0,489.0,390.0,4.0,372.0,317.0,8.0,8.0,1485.0
scna-int8,exp,tree,16,8,11,1192.0,484.0,390.0,4.0,358.0,323.0,8.0,7.0,1477.0
scna-int8,exp,tree,16,8,12,1200.0,485.0,391.0,4.0,359.0,329.0,8.0,7.0,1509.0
scna-int8,exp,tree,16,8,13,1191.0,484.0,389.0,4.0,357.0,322.0,8.0,8.0,1482.0
scna-int8,exp,tree,16,8,14,1192.0,486.0,389.0,4.0,356.0,323.0,8.0,7.0,1480.0
scna-int8,exp,tree,16,8,15,1198.0,486.0,390.0,4.0,359.0,326.0,8.0,7.0,1508.0
scna-int8,exp,tree,16,8,16,1208.0,487.0,389.0,4.0,367.0,327.0,8.0,7.0,1476.0
scna-int8,exp,tree,16,8,17,1197.0,485.0,389.0,4.0,358.0,326.0,8.0,8.0,1506.0
scna-int8,exp,tree,16,8,18,1194.0,483.0,390.0,4.0,355.0,327.0,8.0,9.0,1521.0
scna-int8,exp,tree,16,8,19,1197.0,483.0,390.0,4.0,356.0,330.0,8.0,8.0,1499.0
scna-int8,exp,tree,16,16,0,1538.0,910.0,754.0,8.0,309.0,275.0,12.0,12.0,1864.0
scna-int8,exp,tree,16,16,1,1488.0,908.0,754.0,8.0,278.0,257.0,12.0,12.0,1751.0
scna-int8,exp,tree,16,16,2,1650.0,941.0,758.0,8.0,334.0,331.0,12.0,12.0,1973.0
scna-int8,exp,tree,16,16,3,1655.0,940.0,758.0,8.0,342.0,329.0,12.0,12.0,1993.0
scna-int8,exp,tree,16,16,4,1650.0,942.0,758.0,8.0,347.0,317.0,12.0,12.0,2015.0
scna-int8,exp,tree,16,16,5,1638.0,940.0,757.0,8.0,345.0,309.0,12.0,12.0,1993.0
scna-int8,exp,tree,16,16,6,1650.0,946.0,757.0,8.0,332.0,328.0,12.0,12.0,2010.0
scna-int8,exp,tree,16,16,7,1644.0,943.0,757.0,8.0,327.0,330.0,12.0,12.0,1981.0
scna-int8,exp,tree,16,16,8,1631.0,940.0,758.0,8.0,327.0,319.0,12.0,12.0,1960.0
scna-int8,exp,tree,16,16,9,1651.0,940.0,757.0,7.0,347.0,321.0,12.0,12.0,1936.0
scna-int8,exp,tree,16,16,10,1693.0,945.0,761.0,8.0,372.0,330.0,12.0,12.0,2025.0
scna-int8,exp,tree,16,16,11,1690.0,944.0,761.0,8.0,370.0,330.0,12.0,12.0,1985.0
scna-int8,exp,tree,16,16,12,1692.0,946.0,761.0,8.0,370.0,331.0,12.0,12.0,2014.0
scna-int8,exp,tree,16,16,13,1694.0,946.0,762.0,8.0,370.0,333.0,12.0,12.0,1984.0
scna-int8,exp,tree,16,16,14,1689.0,945.0,761.0,8.0,370.0,329.0,12.0,12.0,2027.0
scna-int8,exp,tree,16,16,15,1692.0,946.0,763.0,8.0,368.0,333.0,12.0,12.0,1989.0
scna-int8,exp,tree,16,16,16,1689.0,949.0,762.0,8.0,367.0,328.0,12.0,12.0,1953.0
scna-int8,exp,tree,16,16,17,1700.0,945.0,760.0,8.0,370.0,340.0,12.0,12.0,2009.0
scna-int8,exp,tree,16,16,18,1687.0,948.0,760.0,8.0,367.0,326.0,12.0,12.0,2006.0
scna-int8,exp,tree,16,16,19,1672.0,941.0,760.0,8.0,369.0,316.0,12.0,12.0,2022.0
scna-int8,exp,tree,16,32,0,2585.0,1835.0,1495.0,15.0,339.0,324.0,24.0,23.0,2972.0
scna-int8,exp,tree,16,32,1,2586.0,1837.0,1496.0,15.0,337.0,325.0,24.0,24.0,2969.0
scna-int8,exp,tree,16,32,2,2679.0,1876.0,1505.0,15.0,374.0,342.0,24.0,24.0,3041.0
scna-int8,exp,tree,16,32,3,2671.0,1872.0,1505.0,15.0,375.0,338.0,24.0,24.0,3061.0
scna-int8,exp,tree,16,32,4,2667.0,1868.0,1505.0,15.0,368.0,344.0,24.0,24.0,2975.0
scna-int8,exp,tree,16,32,5,2674.0,1876.0,1504.0,15.0,373.0,337.0,24.0,25.0,3050.0
scna-int8,exp,tree,16,32,6,2673.0,1873.0,1506.0,15.0,370.0,343.0,24.0,24.0,3008.0
scna-int8,exp,tree,16,32,7,2653.0,1868.0,1505.0,15.0,361.0,337.0,24.0,24.0,2935.0
scna-int8,exp,tree,16,32,8,2681.0,1872.0,1504.0,15.0,377.0,345.0,24.0,24.0,3043.0
scna-int8,exp,tree,16,32,9,2623.0,1857.0,1502.0,15.0,357.0,322.0,24.0,24.0,2992.0
scna-int8,exp,tree,16,32,10,2646.0,1866.0,1499.0,15.0,352.0,341.0,24.0,24.0,2962.0
scna-int8,exp,tree,16,32,11,2644.0,1871.0,1501.0,15.0,351.0,335.0,24.0,24.0,3044.0
scna-int8,exp,tree,16,32,12,2642.0,1866.0,1499.0,15.0,352.0,337.0,24.0,24.0,2964.0
scna-int8,exp,tree,16,32,13,2645.0,1871.0,1500.0,15.0,353.0,334.0,24.0,24.0,2926.0
scna-int8,exp,tree,16,32,14,2643.0,1870.0,1500.0,15.0,351.0,334.0,24.0,24.0,3029.0
scna-int8,exp,tree,16,32,15,2638.0,1866.0,1499.0,15.0,353.0,332.0,24.0,24.0,3008.0
scna-int8,exp,tree,16,32,16,2644.0,1871.0,1499.0,15.0,352.0,334.0,24.0,24.0,2923.0
scna-int8,exp,tree,16,32,17,2650.0,1874.0,1500.0,15.0,353.0,336.0,24.0,24.0,2978.0
scna-int8,exp,tree,16,32,18,2637.0,1868.0,1499.0,15.0,350.0,332.0,24.0,24.0,3030.0
scna-int8,exp,tree,16,32,19,2639.0,1871.0,1500.0,14.0,351.0,331.0,24.0,24.0,3039.0
scna-int8,exp,tree,32,4,0,933.0,279.0,232.0,2.0,323.0,317.0,5.0,3.0,1192.0
scna-int8,exp,tree,32,4,1,965.0,278.0,231.0,2.0,341.0,332.0,5.0,4.0,1197.0
scna-int8,exp,tree,32,4,2,966.0,278.0,231.0,2.0,347.0,327.0,5.0,4.0,1203.0
scna-int8,exp,tree,32,4,3,938.0,278.0,231.0,2.0,323.0,324.0,4.0,4.0,1201.0
scna-int8,exp,tree,32,4,4,966.0,278.0,231.0,2.0,349.0,326.0,4.0,4.0,1206.0
scna-int8,exp,tree,32,4,5,967.0,279.0,231.0,2.0,351.0,323.0,5.0,4.0,1189.0
scna-int8,exp,tree,32,4,6,955.0,278.0,231.0,2.0,350.0,314.0,5.0,3.0,1202.0
scna-int8,exp,tree,32,4,7,966.0,279.0,231.0,2.0,350.0,323.0,5.0,4.0,1307.0
scna-int8,exp,tree,32,4,8,961.0,277.0,231.0,2.0,339.0,332.0,4.0,4.0,1203.0
scna-int8,exp,tree,32,4,9,1008.0,296.0,237.0,2.0,365.0,334.0,4.0,4.0,1344.0
scna-int8,exp,tree,32,4,10,1011.0,295.0,237.0,2.0,370.0,333.0,5.0,3.0,1338.0
scna-int8,exp,tree,32,4,11,1004.0,296.0,237.0,3.0,361.0,332.0,5.0,4.0,1294.0
scna-int8,exp,tree,32,4,12,1009.0,297.0,237.0,2.0,363.0,337.0,4.0,3.0,1362.0
scna-int8,exp,tree,32,4,13,1005.0,295.0,238.0,2.0,365.0,331.0,5.0,4.0,1353.0
scna-int8,exp,tree,32,4,14,1020.0,295.0,237.0,2.0,373.0,338.0,5.0,4.0,1332.0
scna-int8,exp,tree,32,4,15,1020.0,295.0,237.0,3.0,377.0,333.0,4.0,4.0,1358.0
scna-int8,exp,tree,32,4,16,1004.0,293.0,236.0,3.0,364.0,333.0,5.0,3.0,1318.0
scna-int8,exp,tree,32,4,17,993.0,294.0,237.0,3.0,361.0,323.0,5.0,4.0,1291.0
scna-int8,exp,tree,32,4,18,990.0,290.0,237.0,3.0,359.0,327.0,5.0,3.0,1235.0
scna-int8,exp,tree,32,4,19,999.0,291.0,237.0,2.0,360.0,335.0,4.0,4.0,1325.0
scna-int8,exp,tree,32,8,0,1240.0,538.0,448.0,4.0,344.0,331.0,8.0,7.0,1553.0
scna-int8,exp,tree,32,8,1,1218.0,543.0,449.0,4.0,347.0,300.0,8.0,8.0,1557.0
scna-int8,exp,tree,32,8,2,1254.0,543.0,449.0,4.0,353.0,331.0,8.0,7.0,1556.0
scna-int8,exp,tree,32,8,3,1248.0,544.0,449.0,4.0,350.0,327.0,8.0,7.0,1542.0
scna-int8,exp,tree,32,8,4,1239.0,544.0,449.0,4.0,320.0,346.0,8.0,8.0,1551.0
scna-int8,exp,tree,32,8,5,1246.0,540.0,449.0,4.0,349.0,329.0,8.0,8.0,1549.0
scna-int8,exp,tree,32,8,6,1249.0,544.0,449.0,4.0,349.0,328.0,8.0,8.0,1550.0
scna-int8,exp,tree,32,8,7,1245.0,540.0,449.0,4.0,350.0,327.0,8.0,8.0,1548.0
scna-int8,exp,tree,32,8,8,1254.0,544.0,449.0,4.0,355.0,328.0,8.0,7.0,1552.0
scna-int8,exp,tree,32,8,9,1240.0,538.0,449.0,4.0,350.0,324.0,8.0,8.0,1550.0
scna-int8,exp,tree,32,8,10,1243.0,542.0,448.0,4.0,352.0,321.0,8.0,8.0,1603.0
scna-int8,exp,tree,32,8,11,1312.0,561.0,456.0,4.0,380.0,343.0,8.0,8.0,1603.0
scna-int8,exp,tree,32,8,12,1290.0,561.0,455.0,4.0,372.0,330.0,8.0,7.0,1568.0
scna-int8,exp,tree,32,8,13,1306.0,556.0,455.0,4.0,385.0,337.0,8.0,8.0,1570.0
scna-int8,exp,tree,32,8,14,1297.0,555.0,455.0,4.0,372.0,340.0,8.0,9.0,1573.0
scna-int8,exp,tree,32,8,15,1298.0,558.0,455.0,4.0,369.0,343.0,8.0,8.0,1616.0
scna-int8,exp,tree,32,8,16,1302.0,556.0,455.0,4.0,384.0,335.0,8.0,7.0,1657.0
scna-int8,exp,tree,32,8,17,1299.0,556.0,455.0,5.0,381.0,334.0,8.0,7.0,1600.0
scna-int8,exp,tree,32,8,18,1301.0,553.0,455.0,4.0,390.0,330.0,8.0,7.0,1578.0
scna-int8,exp,tree,32,8,19,1287.0,556.0,455.0,4.0,366.0,337.0,8.0,7.0,1589.0
scna-int8,exp,tree,32,16,0,1787.0,1064.0,883.0,8.0,353.0,325.0,12.0,12.0,2131.0
scna-int8,exp,tree,32,16,1,1797.0,1070.0,886.0,8.0,357.0,324.0,12.0,13.0,2096.0
scna-int8,exp,tree,32,16,2,1841.0,1081.0,889.0,9.0,384.0,328.0,13.0,13.0,2128.0
scna-int8,exp,tree,32,16,3,1832.0,1071.0,891.0,8.0,386.0,330.0,12.0,12.0,2118.0
scna-int8,exp,tree,32,16,4,1833.0,1075.0,891.0,8.0,381.0,331.0,12.0,13.0,2145.0
scna-int8,exp,tree,32,16,5,1824.0,1077.0,891.0,8.0,375.0,328.0,12.0,12.0,2192.0
scna-int8,exp,tree,32,16,6,1832.0,1076.0,889.0,8.0,380.0,330.0,12.0,13.0,2121.0
scna-int8,exp,tree,32,16,7,1815.0,1070.0,888.0,8.0,380.0,319.0,12.0,13.0,2081.0
scna-int8,exp,tree,32,16,8,1808.0,1071.0,886.0,8.0,370.0,322.0,12.0,13.0,2072.0
scna-int8,exp,tree,32,16,9,1814.0,1070.0,886.0,8.0,371.0,328.0,12.0,12.0,2137.0
scna-int8,exp,tree,32,16,10,1817.0,1071.0,886.0,8.0,372.0,328.0,12.0,13.0,2122.0
scna-int8,exp,tree,32,16,11,1812.0,1069.0,885.0,8.0,368.0,329.0,12.0,13.0,2131.0
scna-int8,exp,tree,32,16,12,1806.0,1072.0,886.0,8.0,370.0,318.0,12.0,12.0,2122.0
scna-int8,exp,tree,32,16,13,1798.0,1068.0,885.0,9.0,361.0,323.0,12.0,12.0,2165.0
scna-int8,exp,tree,32,16,14,1801.0,1070.0,886.0,9.0,373.0,312.0,12.0,12.0,2152.0
scna-int8,exp,tree,32,16,15,1809.0,1070.0,885.0,8.0,374.0,320.0,12.0,12.0,2182.0
scna-int8,exp,tree,32,16,16,1807.0,1066.0,885.0,9.0,374.0,320.0,12.0,13.0,2159.0
scna-int8,exp,tree,32,16,17,1804.0,1070.0,885.0,8.0,369.0,319.0,12.0,13.0,2168.0
scna-int8,exp,tree,32,16,18,1803.0,1071.0,885.0,7.0,372.0,316.0,12.0,12.0,2109.0
scna-int8,exp,tree,32,16,19,1799.0,1067.0,885.0,8.0,361.0,325.0,12.0,13.0,2105.0
scna-int8,exp,tree,32,32,0,2896.0,2127.0,1755.0,15.0,357.0,324.0,24.0,25.0,3238.0
scna-int8,exp,tree,32,32,1,2905.0,2127.0,1755.0,15.0,361.0,328.0,24.0,25.0,3206.0
scna-int8,exp,tree,32,32,2,2891.0,2126.0,1754.0,15.0,353.0,323.0,24.0,25.0,3247.0
scna-int8,exp,tree,32,32,3,2924.0,2129.0,1756.0,15.0,370.0,337.0,24.0,25.0,3269.0
scna-int8,exp,tree,32,32,4,2940.0,2134.0,1758.0,16.0,382.0,335.0,24.0,25.0,3285.0
scna-int8,exp,tree,32,32,5,2939.0,2134.0,1760.0,15.0,382.0,334.0,24.0,25.0,3276.0
scna-int8,exp,tree,32,32,6,2936.0,2134.0,1759.0,15.0,382.0,333.0,24.0,24.0,3247.0
scna-int8,exp,tree,32,32,7,2922.0,2129.0,1760.0,15.0,372.0,334.0,24.0,24.0,3238.0
scna-int8,exp,tree,32,32,8,2939.0,2134.0,1759.0,15.0,383.0,334.0,24.0,25.0,3305.0
scna-int8,exp,tree,32,32,9,2939.0,2138.0,1759.0,15.0,381.0,332.0,24.0,24.0,3316.0
scna-int8,exp,tree,32,32,10,2939.0,2135.0,1758.0,15.0,382.0,334.0,24.0,24.0,3313.0
scna-int8,exp,tree,32,32,11,2940.0,2136.0,1759.0,15.0,383.0,334.0,24.0,24.0,3313.0
scna-int8,exp,tree,32,32,12,2932.0,2129.0,1759.0,15.0,381.0,334.0,24.0,25.0,3286.0
scna-int8,exp,tree,32,32,13,2927.0,2131.0,1759.0,15.0,376.0,332.0,24.0,24.0,3330.0
scna-int8,exp,tree,32,32,14,2935.0,2134.0,1759.0,15.0,380.0,332.0,24.0,25.0,3317.0
scna-int8,exp,tree,32,32,15,2928.0,2126.0,1758.0,15.0,382.0,332.0,24.0,24.0,3324.0
scna-int8,exp,tree,32,32,16,2929.0,2131.0,1758.0,15.0,377.0,333.0,24.0,24.0,3285.0
scna-int8,exp,tree,32,32,17,2923.0,2135.0,1758.0,15.0,367.0,332.0,24.0,25.0,3286.0
scna-int8,exp,tree,32,32,18,2927.0,2128.0,1759.0,15.0,378.0,333.0,24.0,24.0,3254.0
scna-int8,exp,tree,32,32,19,2890.0,2125.0,1755.0,15.0,351.0,325.0,24.0,25.0,3238.0
scna-int8,exp2,direct,8,4,0,704.0,209.0,168.0,2.0,258.0,225.0,4.0,2.0,962.0
scna-int8,exp2,direct,8,4,1,698.0,209.0,168.0,2.0,255.0,223.0,4.0,2.0,1005.0
scna-int8,exp2,direct,8,4,2,699.0,210.0,168.0,2.0,255.0,223.0,4.0,2.0,951.0
scna-int8,exp2,direct,8,4,3,710.0,209.0,167.0,2.0,267.0,222.0,4.0,2.0,1012.0
scna-int8,exp2,direct,8,4,4,694.0,209.0,167.0,2.0,252.0,222.0,4.0,2.0,942.0
scna-int8,exp2,direct,8,4,5,696.0,208.0,167.0,2.0,254.0,223.0,4.0,2.0,933.0
scna-int8,exp2,direct,8,4,6,702.0,210.0,167.0,2.0,256.0,225.0,4.0,2.0,940.0
scna-int8,exp2,direct,8,4,7,703.0,210.0,167.0,2.0,256.0,225.0,4.0,2.0,921.0
scna-int8,exp2,direct,8,4,8,703.0,212.0,167.0,2.0,253.0,226.0,4.0,2.0,945.0
scna-int8,exp2,direct,8,4,9,704.0,211.0,168.0,2.0,253.0,227.0,4.0,3.0,926.0
scna-int8,exp2,direct,8,4,10,702.0,212.0,168.0,2.0,253.0,226.0,4.0,2.0,945.0
scna-int8,exp2,direct,8,4,11,702.0,212.0,168.0,2.0,255.0,224.0,4.0,2.0,921.0
scna-int8,exp2,direct,8,4,12,705.0,213.0,167.0,2.0,253.0,227.0,4.0,2.0,928.0
scna-int8,exp2,direct,8,4,13,700.0,211.0,167.0,2.0,253.0,224.0,4.0,2.0,945.0
scna-int8,exp2,direct,8,4,14,703.0,212.0,167.0,2.0,254.0,225.0,4.0,2.0,919.0
scna-int8,exp2,direct,8,4,15,701.0,212.0,167.0,2.0,252.0,225.0,4.0,2.0,914.0
scna-int8,exp2,direct,8,4,16,703.0,211.0,166.0,2.0,255.0,226.0,4.0,2.0,943.0
scna-int8,exp2,direct,8,4,17,703.0,212.0,167.0,2.0,253.0,227.0,4.0,2.0,937.0
scna-int8,exp2,direct,8,4,18,703.0,211.0,167.0,2.0,254.0,226.0,4.0,2.0,931.0
scna-int8,exp2,direct,8,4,19,701.0,212.0,167.0,2.0,252.0,225.0,4.0,2.0,930.0
scna-int8,exp2,direct,8,8,0,1059.0,415.0,329.0,4.0,322.0,296.0,8.0,7.0,1279.0
scna-int8,exp2,direct,8,8,1,1060.0,415.0,330.0,4.0,324.0,297.0,8.0,6.0,1384.0
scna-int8,exp2,direct,8,8,2,1060.0,419.0,329.0,4.0,326.0,289.0,9.0,7.0,1384.0
scna-int8,exp2,direct,8,8,3,1067.0,417.0,329.0,4.0,325.0,298.0,9.0,7.0,1378.0
scna-int8,exp2,direct,8,8,4,1056.0,416.0,329.0,4.0,325.0,289.0,9.0,7.0,1270.0
scna-int8,exp2,direct,8,8,5,1062.0,417.0,329.0,4.0,323.0,297.0,8.0,7.0,1281.0
scna-int8,exp2,direct,8,8,6,1066.0,417.0,330.0,4.0,324.0,298.0,9.0,6.0,1377.0
scna-int8,exp2,direct,8,8,7,1056.0,417.0,329.0,4.0,326.0,289.0,8.0,6.0,1287.0
scna-int8,exp2,direct,8,8,8,1060.0,419.0,329.0,4.0,324.0,293.0,8.0,6.0,1362.0
scna-int8,exp2,direct,8,8,9,1086.0,416.0,330.0,4.0,330.0,314.0,9.0,7.0,1366.0
scna-int8,exp2,direct,8,8,10,1062.0,417.0,330.0,4.0,314.0,306.0,8.0,7.0,1377.0
scna-int8,exp2,direct,8,8,11,1058.0,418.0,330.0,4.0,326.0,289.0,8.0,6.0,1328.0
scna-int8,exp2,direct,8,8,12,1266.0,458.0,343.0,4.0,425.0,358.0,8.0,7.0,1584.0
scna-int8,exp2,direct,8,8,13,1267.0,457.0,342.0,4.0,423.0,361.0,8.0,6.0,1507.0
scna-int8,exp2,direct,8,8,14,1271.0,456.0,342.0,4.0,433.0,356.0,8.0,7.0,1600.0
scna-int8,exp2,direct,8,8,15,1271.0,456.0,341.0,4.0,425.0,363.0,8.0,8.0,1578.0
scna-int8,exp2,direct,8,8,16,1268.0,457.0,342.0,4.0,426.0,360.0,8.0,7.0,1559.0
scna-int8,exp2,direct,8,8,17,1272.0,460.0,343.0,4.0,426.0,360.0,9.0,7.0,1493.0
scna-int8,exp2,direct,8,8,18,1266.0,455.0,341.0,4.0,423.0,361.0,8.0,7.0,1550.0
scna-int8,exp2,direct,8,8,19,1271.0,458.0,342.0,4.0,424.0,363.0,9.0,6.0,1596.0
scna-int8,exp2,direct,8,16,0,1524.0,832.0,653.0,8.0,328.0,321.0,12.0,10.0,1781.0
scna-int8,exp2,direct,8,16,1,1534.0,836.0,654.0,8.0,334.0,321.0,12.0,10.0,1785.0
scna-int8,exp2,direct,8,16,2,1530.0,829.0,653.0,8.0,336.0,323.0,12.0,10.0,1790.0
scna-int8,exp2,direct,8,16,3,1496.0,834.0,654.0,8.0,326.0,294.0,12.0,10.0,1799.0
scna-int8,exp2,direct,8,16,4,1513.0,833.0,654.0,7.0,334.0,304.0,12.0,10.0,1777.0
scna-int8,exp2,direct,8,16,5,1525.0,832.0,654.0,8.0,329.0,322.0,12.0,10.0,1779.0
scna-int8,exp2,direct,8,16,6,1543.0,838.0,653.0,8.0,330.0,333.0,12.0,10.0,1816.0
scna-int8,exp2,direct,8,16,7,1646.0,862.0,661.0,7.0,400.0,343.0,12.0,10.0,1924.0
scna-int8,exp2,direct,8,16,8,1649.0,862.0,661.0,8.0,400.0,344.0,12.0,10.0,1938.0
scna-int8,exp2,direct,8,16,9,1658.0,861.0,661.0,8.0,407.0,347.0,12.0,10.0,1957.0
scna-int8,exp2,direct,8,16,10,1644.0,861.0,661.0,8.0,392.0,349.0,12.0,10.0,1957.0
scna-int8,exp2,direct,8,16,11,1648.0,860.0,660.0,7.0,397.0,350.0,12.0,10.0,1945.0
scna-int8,exp2,direct,8,16,12,1642.0,861.0,661.0,8.0,397.0,342.0,12.0,10.0,1918.0
scna-int8,exp2,direct,8,16,13,1652.0,862.0,659.0,8.0,400.0,348.0,12.0,10.0,1987.0
scna-int8,exp2,direct,8,16,14,1642.0,862.0,660.0,8.0,397.0,340.0,12.0,11.0,1932.0
scna-int8,exp2,direct,8,16,15,1655.0,864.0,659.0,8.0,401.0,348.0,12.0,10.0,2005.0
scna-int8,exp2,direct,8,16,16,1648.0,866.0,660.0,8.0,398.0,341.0,12.0,11.0,1887.0
scna-int8,exp2,direct,8,16,17,1645.0,863.0,659.0,8.0,399.0,340.0,12.0,11.0,1938.0
scna-int8,exp2,direct,8,16,18,1646.0,862.0,661.0,7.0,398.0,345.0,12.0,10.0,2006.0
scna-int8,exp2,direct,8,16,19,1642.0,862.0,661.0,8.0,398.0,339.0,12.0,11.0,1895.0
scna-int8,exp2,direct,8,32,0,2351.0,1648.0,1300.0,15.0,317.0,301.0,24.0,23.0,2698.0
scna-int8,exp2,direct,8,32,1,2364.0,1657.0,1301.0,15.0,316.0,305.0,24.0,22.0,2626.0
scna-int8,exp2,direct,8,32,2,2366.0,1655.0,1301.0,15.0,319.0,307.0,24.0,22.0,2621.0
scna-int8,exp2,direct,8,32,3,2346.0,1648.0,1301.0,15.0,313.0,301.0,24.0,22.0,2667.0
scna-int8,exp2,direct,8,32,4,2355.0,1653.0,1300.0,15.0,315.0,302.0,24.0,22.0,2717.0
scna-int8,exp2,direct,8,32,5,2364.0,1666.0,1301.0,15.0,307.0,306.0,24.0,22.0,2649.0
scna-int8,exp2,direct,8,32,6,2434.0,1682.0,1301.0,15.0,353.0,314.0,24.0,23.0,2719.0
scna-int8,exp2,direct,8,32,7,2445.0,1677.0,1302.0,15.0,361.0,320.0,24.0,23.0,2738.0
scna-int8,exp2,direct,8,32,8,2443.0,1676.0,1302.0,15.0,355.0,327.0,24.0,22.0,2726.0
scna-int8,exp2,direct,8,32,9,2453.0,1680.0,1301.0,15.0,355.0,332.0,24.0,23.0,2789.0
scna-int8,exp2,direct,8,32,10,2412.0,1672.0,1301.0,15.0,340.0,315.0,24.0,22.0,2660.0
scna-int8,exp2,direct,8,32,11,2402.0,1667.0,1301.0,15.0,336.0,314.0,24.0,23.0,2756.0
scna-int8,exp2,direct,8,32,12,2430.0,1677.0,1301.0,15.0,352.0,317.0,24.0,22.0,2750.0
scna-int8,exp2,direct,8,32,13,2431.0,1671.0,1302.0,15.0,350.0,323.0,24.0,23.0,2734.0
scna-int8,exp2,direct,8,32,14,2422.0,1677.0,1301.0,15.0,346.0,312.0,24.0,24.0,2782.0
scna-int8,exp2,direct,8,32,15,2403.0,1669.0,1301.0,15.0,338.0,311.0,24.0,22.0,2708.0
scna-int8,exp2,direct,8,32,16,2417.0,1673.0,1301.0,15.0,348.0,311.0,24.0,23.0,2789.0
scna-int8,exp2,direct,8,32,17,2435.0,1673.0,1300.0,15.0,349.0,327.0,24.0,24.0,2776.0
scna-int8,exp2,direct,8,32,18,2427.0,1678.0,1301.0,15.0,345.0,318.0,24.0,23.0,2698.0
scna-int8,exp2,direct,8,32,19,2426.0,1675.0,1301.0,15.0,346.0,319.0,24.0,23.0,2678.0
scna-int8,exp2,direct,16,4,0,853.0,255.0,213.0,2.0,305.0,279.0,4.0,4.0,1112.0
scna-int8,exp2,direct,16,4,1,846.0,257.0,213.0,2.0,304.0,271.0,4.0,3.0,1100.0
scna-int8,exp2,direct,16,4,2,845.0,256.0,214.0,2.0,291.0,285.0,4.0,3.0,1104.0
scna-int8,exp2,direct,16,4,3,851.0,256.0,213.0,2.0,303.0,278.0,4.0,3.0,1110.0
scna-int8,exp2,direct,16,4,4,785.0,252.0,213.0,2.0,273.0,247.0,4.0,3.0,1009.0
scna-int8,exp2,direct,16,4,5,787.0,253.0,213.0,2.0,273.0,248.0,4.0,3.0,1114.0
scna-int8,exp2,direct,16,4,6,896.0,258.0,213.0,2.0,314.0,311.0,4.0,3.0,1194.0
scna-int8,exp2,direct,16,4,7,896.0,260.0,213.0,2.0,299.0,324.0,4.0,3.0,1217.0
scna-int8,exp2,direct,16,4,8,915.0,260.0,213.0,2.0,337.0,304.0,4.0,4.0,1200.0
scna-int8,exp2,direct,16,4,9,911.0,257.0,213.0,2.0,319.0,321.0,4.0,4.0,1189.0
scna-int8,exp2,direct,16,4,10,924.0,257.0,213.0,2.0,317.0,336.0,4.0,4.0,1188.0
scna-int8,exp2,direct,16,4,11,923.0,258.0,213.0,2.0,332.0,319.0,4.0,4.0,1185.0
scna-int8,exp2,direct,16,4,12,926.0,259.0,213.0,2.0,331.0,323.0,4.0,3.0,1190.0
scna-int8,exp2,direct,16,4,13,926.0,259.0,213.0,2.0,322.0,331.0,4.0,4.0,1201.0
scna-int8,exp2,direct,16,4,14,920.0,260.0,213.0,2.0,306.0,340.0,4.0,4.0,1191.0
scna-int8,exp2,direct,16,4,15,928.0,259.0,213.0,2.0,320.0,335.0,4.0,4.0,1186.0
scna-int8,exp2,direct,16,4,16,918.0,258.0,213.0,2.0,307.0,339.0,4.0,4.0,1186.0
scna-int8,exp2,direct,16,4,17,918.0,258.0,213.0,2.0,329.0,317.0,4.0,3.0,1186.0
scna-int8,exp2,direct,16,4,18,928.0,259.0,213.0,2.0,333.0,323.0,4.0,3.0,1184.0
scna-int8,exp2,direct,16,4,19,993.0,270.0,216.0,2.0,360.0,349.0,4.0,4.0,1253.0
scna-int8,exp2,direct,16,8,0,1145.0,502.0,417.0,4.0,318.0,298.0,8.0,8.0,1406.0
scna-int8,exp2,direct,16,8,1,1180.0,507.0,419.0,4.0,333.0,311.0,8.0,9.0,1434.0
scna-int8,exp2,direct,16,8,2,1192.0,507.0,417.0,4.0,315.0,342.0,8.0,8.0,1436.0
scna-int8,exp2,direct,16,8,3,1187.0,509.0,418.0,4.0,333.0,316.0,8.0,9.0,1428.0
scna-int8,exp2,direct,16,8,4,1198.0,508.0,418.0,4.0,336.0,326.0,8.0,8.0,1432.0
scna-int8,exp2,direct,16,8,5,1201.0,509.0,418.0,4.0,332.0,332.0,8.0,8.0,1550.0
scna-int8,exp2,direct,16,8,6,1212.0,506.0,418.0,4.0,337.0,340.0,8.0,9.0,1542.0
scna-int8,exp2,direct,16,8,7,1202.0,510.0,418.0,4.0,341.0,322.0,8.0,9.0,1544.0
scna-int8,exp2,direct,16,8,8,1186.0,509.0,418.0,4.0,336.0,313.0,8.0,8.0,1432.0
scna-int8,exp2,direct,16,8,9,1144.0,503.0,418.0,4.0,308.0,305.0,8.0,8.0,1454.0
scna-int8,exp2,direct,16,8,10,1074.0,500.0,417.0,4.0,286.0,260.0,8.0,8.0,1570.0
scna-int8,exp2,direct,16,8,11,1080.0,501.0,417.0,4.0,279.0,272.0,8.0,8.0,1378.0
scna-int8,exp2,direct,16,8,12,1097.0,505.0,417.0,4.0,290.0,273.0,9.0,8.0,1463.0
scna-int8,exp2,direct,16,8,13,1104.0,508.0,417.0,4.0,293.0,273.0,9.0,9.0,1419.0
scna-int8,exp2,direct,16,8,14,1112.0,507.0,416.0,4.0,303.0,273.0,8.0,9.0,1397.0
scna-int8,exp2,direct,16,8,15,1112.0,507.0,417.0,4.0,292.0,284.0,9.0,8.0,1484.0
scna-int8,exp2,direct,16,8,16,1104.0,506.0,417.0,4.0,298.0,272.0,8.0,8.0,1351.0
scna-int8,exp2,direct,16,8,17,1107.0,506.0,417.0,4.0,286.0,285.0,9.0,9.0,1368.0
scna-int8,exp2,direct,16,8,18,1113.0,507.0,417.0,4.0,292.0,285.0,9.0,8.0,1399.0
scna-int8,exp2,direct,16,8,19,1109.0,505.0,417.0,4.0,292.0,283.0,8.0,9.0,1470.0
scna-int8,exp2,direct,16,16,0,1631.0,1000.0,827.0,8.0,305.0,279.0,12.0,13.0,1976.0
scna-int8,exp2,direct,16,16,1,1664.0,999.0,827.0,8.0,306.0,314.0,12.0,12.0,1986.0
scna-int8,exp2,direct,16,16,2,1724.0,1017.0,827.0,8.0,341.0,321.0,12.0,12.0,1978.0
scna-int8,exp2,direct,16,16,3,1718.0,1014.0,828.0,8.0,340.0,320.0,12.0,11.0,2001.0
scna-int8,exp2,direct,16,16,4,1737.0,1016.0,827.0,8.0,350.0,324.0,12.0,12.0,2007.0
scna-int8,exp2,direct,16,16,5,1695.0,1006.0,828.0,8.0,328.0,315.0,12.0,13.0,1972.0
scna-int8,exp2,direct,16,16,6,1714.0,1018.0,826.0,8.0,339.0,313.0,12.0,11.0,2083.0
scna-int8,exp2,direct,16,16,7,1727.0,1012.0,827.0,8.0,344.0,326.0,12.0,12.0,2026.0
scna-int8,exp2,direct,16,16,8,1728.0,1016.0,827.0,9.0,342.0,324.0,12.0,12.0,2100.0
scna-int8,exp2,direct,16,16,9,1734.0,1019.0,828.0,7.0,343.0,327.0,12.0,12.0,2024.0
scna-int8,exp2,direct,16,16,10,1774.0,1022.0,829.0,8.0,363.0,344.0,12.0,12.0,2052.0
scna-int8,exp2,direct,16,16,11,1749.0,1015.0,828.0,8.0,354.0,335.0,12.0,12.0,2023.0
scna-int8,exp2,direct,16,16,12,1757.0,1018.0,828.0,9.0,348.0,345.0,12.0,12.0,2084.0
scna-int8,exp2,direct,16,16,13,1760.0,1021.0,828.0,8.0,356.0,338.0,12.0,12.0,2114.0
scna-int8,exp2,direct,16,16,14,1765.0,1021.0,828.0,8.0,364.0,334.0,12.0,12.0,2035.0
scna-int8,exp2,direct,16,16,15,1764.0,1023.0,828.0,8.0,361.0,334.0,12.0,13.0,2016.0
scna-int8,exp2,direct,16,16,16,1759.0,1019.0,828.0,8.0,352.0,343.0,12.0,12.0,2028.0
scna-int8,exp2,direct,16,16,17,1768.0,1022.0,828.0,8.0,367.0,333.0,12.0,13.0,2027.0
scna-int8,exp2,direct,16,16,18,1756.0,1018.0,827.0,8.0,354.0,338.0,12.0,13.0,2115.0
scna-int8,exp2,direct,16,16,19,1760.0,1021.0,828.0,8.0,360.0,333.0,12.0,13.0,2035.0
scna-int8,exp2,direct,16,32,0,2724.0,1990.0,1648.0,15.0,344.0,302.0,24.0,23.0,2993.0
scna-int8,exp2,direct,16,32,1,2713.0,2004.0,1645.0,15.0,314.0,307.0,24.0,24.0,2983.0
scna-int8,exp2,direct,16,32,2,2743.0,2022.0,1646.0,15.0,328.0,305.0,24.0,25.0,3105.0
scna-int8,exp2,direct,16,32,3,2770.0,2020.0,1644.0,15.0,337.0,325.0,24.0,24.0,3063.0
scna-int8,exp2,direct,16,32,4,2776.0,2025.0,1644.0,15.0,344.0,320.0,24.0,23.0,3119.0
scna-int8,exp2,direct,16,32,5,2817.0,2035.0,1647.0,15.0,355.0,338.0,24.0,24.0,3178.0
scna-int8,exp2,direct,16,32,6,2823.0,2028.0,1647.0,15.0,363.0,343.0,24.0,24.0,3121.0
scna-int8,exp2,direct,16,32,7,2808.0,2029.0,1645.0,15.0,356.0,334.0,24.0,24.0,3173.0
scna-int8,exp2,direct,16,32,8,2802.0,2031.0,1646.0,15.0,356.0,327.0,24.0,24.0,3084.0
scna-int8,exp2,direct,16,32,9,2814.0,2028.0,1647.0,15.0,360.0,338.0,24.0,24.0,3161.0
scna-int8,exp2,direct,16,32,10,2806.0,2035.0,1645.0,15.0,357.0,326.0,24.0,24.0,3187.0
scna-int8,exp2,direct,16,32,11,2815.0,2030.0,1646.0,15.0,359.0,338.0,24.0,24.0,3170.0
scna-int8,exp2,direct,16,32,12,2795.0,2028.0,1645.0,15.0,346.0,333.0,24.0,24.0,3085.0
scna-int8,exp2,direct,16,32,13,2783.0,2027.0,1646.0,15.0,349.0,319.0,24.0,25.0,3061.0
scna-int8,exp2,direct,16,32,14,2808.0,2029.0,1646.0,15.0,353.0,338.0,24.0,24.0,3156.0
scna-int8,exp2,direct,16,32,15,2802.0,2028.0,1645.0,15.0,353.0,333.0,24.0,24.0,3093.0
scna-int8,exp2,direct,16,32,16,2794.0,2026.0,1645.0,15.0,350.0,329.0,24.0,25.0,3075.0
scna-int8,exp2,direct,16,32,17,2804.0,2030.0,1646.0,15.0,353.0,332.0,24.0,25.0,3178.0
scna-int8,exp2,direct,16,32,18,2799.0,2028.0,1644.0,15.0,350.0,332.0,24.0,24.0,3124.0
scna-int8,exp2,direct,16,32,19,2798.0,2028.0,1645.0,15.0,349.0,332.0,24.0,24.0,3200.0
scna-int8,exp2,direct,32,4,0,958.0,341.0,297.0,2.0,316.0,285.0,4.0,5.0,1231.0
scna-int8,exp2,direct,32,4,1,960.0,341.0,297.0,2.0,317.0,286.0,4.0,5.0,1248.0
scna-int8,exp2,direct,32,4,2,974.0,344.0,297.0,2.0,315.0,299.0,4.0,5.0,1241.0
scna-int8,exp2,direct,32,4,3,947.0,340.0,298.0,2.0,299.0,291.0,4.0,6.0,1248.0
scna-int8,exp2,direct,32,4,4,951.0,343.0,298.0,2.0,299.0,293.0,4.0,5.0,1257.0
scna-int8,exp2,direct,32,4,5,952.0,341.0,298.0,2.0,309.0,286.0,4.0,5.0,1270.0
scna-int8,exp2,direct,32,4,6,1032.0,352.0,302.0,2.0,335.0,328.0,4.0,6.0,1269.0
scna-int8,exp2,direct,32,4,7,1063.0,354.0,303.0,2.0,367.0,325.0,4.0,6.0,1298.0
scna-int8,exp2,direct,32,4,8,1059.0,353.0,302.0,2.0,366.0,324.0,4.0,5.0,1329.0
scna-int8,exp2,direct,32,4,9,1066.0,351.0,302.0,3.0,376.0,322.0,4.0,5.0,1334.0
scna-int8,exp2,direct,32,4,10,1069.0,353.0,304.0,2.0,372.0,328.0,4.0,6.0,1353.0
scna-int8,exp2,direct,32,4,11,1074.0,353.0,303.0,3.0,373.0,331.0,4.0,5.0,1381.0
scna-int8,exp2,direct,32,4,12,1057.0,353.0,302.0,2.0,363.0,326.0,4.0,4.0,1376.0
scna-int8,exp2,direct,32,4,13,1084.0,353.0,302.0,2.0,389.0,325.0,4.0,6.0,1355.0
scna-int8,exp2,direct,32,4,14,1071.0,354.0,303.0,2.0,381.0,320.0,4.0,6.0,1423.0
scna-int8,exp2,direct,32,4,15,1059.0,353.0,303.0,2.0,365.0,325.0,4.0,6.0,1312.0
scna-int8,exp2,direct,32,4,16,1065.0,352.0,303.0,2.0,374.0,323.0,4.0,6.0,1298.0
scna-int8,exp2,direct,32,4,17,1138.0,366.0,305.0,2.0,392.0,364.0,4.0,5.0,1498.0
scna-int8,exp2,direct,32,4,18,1172.0,374.0,308.0,2.0,420.0,362.0,4.0,5.0,1450.0
scna-int8,exp2,direct,32,4,19,1171.0,374.0,309.0,2.0,417.0,364.0,4.0,6.0,1478.0
scna-int8,exp2,direct,32,8,0,1286.0,666.0,581.0,4.0,297.0,292.0,8.0,11.0,1559.0
scna-int8,exp2,direct,32,8,1,1282.0,664.0,580.0,4.0,300.0,289.0,8.0,9.0,1552.0
scna-int8,exp2,direct,32,8,2,1275.0,666.0,580.0,4.0,298.0,281.0,8.0,10.0,1565.0
scna-int8,exp2,direct,32,8,3,1335.0,675.0,583.0,4.0,324.0,306.0,8.0,10.0,1609.0
scna-int8,exp2,direct,32,8,4,1372.0,676.0,583.0,4.0,345.0,321.0,8.0,10.0,1638.0
scna-int8,exp2,direct,32,8,5,1365.0,677.0,583.0,5.0,349.0,308.0,8.0,10.0,1619.0
scna-int8,exp2,direct,32,8,6,1363.0,678.0,583.0,4.0,350.0,305.0,8.0,10.0,1632.0
scna-int8,exp2,direct,32,8,7,1353.0,671.0,582.0,4.0,336.0,316.0,8.0,10.0,1611.0
scna-int8,exp2,direct,32,8,8,1357.0,679.0,582.0,4.0,344.0,304.0,8.0,10.0,1609.0
scna-int8,exp2,direct,32,8,9,1364.0,678.0,583.0,4.0,346.0,310.0,8.0,10.0,1615.0
scna-int8,exp2,direct,32,8,10,1359.0,676.0,583.0,4.0,346.0,307.0,8.0,10.0,1621.0
scna-int8,exp2,direct,32,8,11,1364.0,679.0,583.0,4.0,349.0,306.0,8.0,10.0,1614.0
scna-int8,exp2,direct,32,8,12,1416.0,689.0,587.0,4.0,368.0,329.0,8.0,10.0,1782.0
scna-int8,exp2,direct,32,8,13,1501.0,704.0,590.0,4.0,406.0,361.0,8.0,10.0,1798.0
scna-int8,exp2,direct,32,8,14,1503.0,703.0,590.0,4.0,407.0,363.0,8.0,10.0,1860.0
scna-int8,exp2,direct,32,8,15,1505.0,703.0,590.0,4.0,409.0,363.0,8.0,10.0,1862.0
scna-int8,exp2,direct,32,8,16,1505.0,704.0,590.0,4.0,408.0,363.0,8.0,10.0,1823.0
scna-int8,exp2,direct,32,8,17,1505.0,707.0,590.0,4.0,409.0,359.0,8.0,10.0,1764.0
scna-int8,exp2,direct,32,8,18,1505.0,705.0,589.0,4.0,409.0,361.0,8.0,10.0,1756.0
scna-int8,exp2,direct,32,8,19,1508.0,705.0,590.0,4.0,413.0,361.0,8.0,9.0,1748.0
scna-int8,exp2,direct,32,16,0,2008.0,1330.0,1149.0,8.0,331.0,299.0,12.0,13.0,2260.0
scna-int8,exp2,direct,32,16,1,2009.0,1330.0,1148.0,8.0,332.0,299.0,12.0,13.0,2261.0
scna-int8,exp2,direct,32,16,2,2001.0,1331.0,1149.0,8.0,326.0,298.0,12.0,12.0,2254.0
scna-int8,exp2,direct,32,16,3,2012.0,1330.0,1149.0,8.0,334.0,301.0,12.0,13.0,2268.0
scna-int8,exp2,direct,32,16,4,1983.0,1330.0,1148.0,8.0,306.0,301.0,12.0,13.0,2316.0
scna-int8,exp2,direct,32,16,5,2080.0,1346.0,1151.0,8.0,365.0,323.0,12.0,13.0,2407.0
scna-int8,exp2,direct,32,16,6,2122.0,1348.0,1155.0,8.0,407.0,320.0,12.0,13.0,2492.0
scna-int8,exp2,direct,32,16,7,2120.0,1345.0,1154.0,8.0,403.0,324.0,12.0,12.0,2480.0
scna-int8,exp2,direct,32,16,8,2116.0,1347.0,1154.0,7.0,402.0,321.0,12.0,12.0,2467.0
scna-int8,exp2,direct,32,16,9,2118.0,1348.0,1154.0,8.0,396.0,327.0,12.0,13.0,2472.0
scna-int8,exp2,direct,32,16,10,2122.0,1349.0,1154.0,8.0,396.0,331.0,12.0,12.0,2384.0
scna-int8,exp2,direct,32,16,11,2117.0,1349.0,1154.0,8.0,405.0,318.0,12.0,12.0,2456.0
scna-int8,exp2,direct,32,16,12,2111.0,1351.0,1154.0,8.0,393.0,320.0,12.0,13.0,2441.0
scna-int8,exp2,direct,32,16,13,2110.0,1346.0,1154.0,8.0,397.0,321.0,12.0,13.0,2460.0
scna-int8,exp2,direct,32,16,14,2115.0,1347.0,1153.0,8.0,400.0,322.0,12.0,13.0,2495.0
scna-int8,exp2,direct,32,16,15,2113.0,1351.0,1154.0,8.0,397.0,319.0,12.0,12.0,2404.0
scna-int8,exp2,direct,32,16,16,2104.0,1349.0,1155.0,8.0,391.0,317.0,12.0,12.0,2387.0
scna-int8,exp2,direct,32,16,17,2087.0,1344.0,1154.0,7.0,386.0,310.0,12.0,14.0,2428.0
scna-int8,exp2,direct,32,16,18,2063.0,1343.0,1151.0,8.0,370.0,305.0,12.0,12.0,2416.0
scna-int8,exp2,direct,32,16,19,2016.0,1335.0,1150.0,8.0,346.0,290.0,12.0,13.0,2314.0
scna-int8,exp2,direct,32,32,0,3251.0,2604.0,2284.0,15.0,283.0,276.0,24.0,24.0,3527.0
scna-int8,exp2,direct,32,32,1,3242.0,2605.0,2283.0,15.0,272.0,276.0,24.0,26.0,3555.0
scna-int8,exp2,direct,32,32,2,3252.0,2609.0,2285.0,15.0,272.0,282.0,24.0,24.0,3513.0
scna-int8,exp2,direct,32,32,3,3272.0,2613.0,2284.0,15.0,275.0,295.0,24.0,25.0,3633.0
scna-int8,exp2,direct,32,32,4,3323.0,2631.0,2287.0,15.0,291.0,310.0,24.0,26.0,3649.0
scna-int8,exp2,direct,32,32,5,3310.0,2635.0,2286.0,15.0,297.0,289.0,24.0,25.0,3666.0
scna-int8,exp2,direct,32,32,6,3232.0,2605.0,2283.0,15.0,276.0,263.0,24.0,24.0,3583.0
scna-int8,exp2,direct,32,32,7,3214.0,2596.0,2282.0,15.0,276.0,254.0,24.0,24.0,3572.0
scna-int8,exp2,direct,32,32,8,3305.0,2621.0,2284.0,15.0,291.0,304.0,24.0,25.0,3638.0
scna-int8,exp2,direct,32,32,9,3290.0,2624.0,2285.0,15.0,282.0,295.0,24.0,25.0,3646.0
scna-int8,exp2,direct,32,32,10,3226.0,2604.0,2283.0,15.0,278.0,255.0,24.0,24.0,3598.0
scna-int8,exp2,direct,32,32,11,3225.0,2605.0,2285.0,15.0,268.0,263.0,24.0,25.0,3542.0
scna-int8,exp2,direct,32,32,12,3213.0,2601.0,2283.0,15.0,268.0,256.0,24.0,24.0,3522.0
scna-int8,exp2,direct,32,32,13,3216.0,2600.0,2283.0,15.0,271.0,256.0,24.0,25.0,3556.0
scna-int8,exp2,direct,32,32,14,3208.0,2600.0,2285.0,15.0,266.0,254.0,24.0,24.0,3485.0
scna-int8,exp2,direct,32,32,15,3213.0,2603.0,2284.0,15.0,268.0,254.0,24.0,24.0,3558.0
scna-int8,exp2,direct,32,32,16,3212.0,2600.0,2284.0,15.0,270.0,253.0,24.0,25.0,3500.0
scna-int8,exp2,direct,32,32,17,3199.0,2601.0,2282.0,15.0,256.0,254.0,24.0,24.0,3568.0
scna-int8,exp2,direct,32,32,18,3213.0,2600.0,2284.0,15.0,268.0,256.0,24.0,25.0,3488.0
scna-int8,exp2,direct,32,32,19,3197.0,2602.0,2283.0,15.0,257.0,250.0,24.0,24.0,3548.0
scna-int8,exp2,tree,8,4,0,790.0,226.0,179.0,2.0,284.0,268.0,4.0,2.0,1045.0
scna-int8,exp2,tree,8,4,1,790.0,227.0,179.0,2.0,282.0,270.0,4.0,2.0,1019.0
scna-int8,exp2,tree,8,4,2,801.0,229.0,181.0,2.0,292.0,269.0,4.0,2.0,1115.0
scna-int8,exp2,tree,8,4,3,794.0,228.0,179.0,2.0,290.0,265.0,4.0,2.0,1111.0
scna-int8,exp2,tree,8,4,4,791.0,227.0,179.0,2.0,286.0,267.0,4.0,2.0,1109.0
scna-int8,exp2,tree,8,4,5,799.0,226.0,179.0,2.0,292.0,269.0,4.0,3.0,1109.0
scna-int8,exp2,tree,8,4,6,793.0,228.0,179.0,2.0,289.0,264.0,4.0,2.0,1021.0
scna-int8,exp2,tree,8,4,7,793.0,227.0,180.0,2.0,291.0,263.0,4.0,3.0,1099.0
scna-int8,exp2,tree,8,4,8,770.0,225.0,179.0,2.0,281.0,253.0,4.0,2.0,1050.0
scna-int8,exp2,tree,8,4,9,779.0,229.0,180.0,2.0,282.0,257.0,4.0,2.0,1110.0
scna-int8,exp2,tree,8,4,10,780.0,228.0,179.0,2.0,283.0,257.0,4.0,2.0,1103.0
scna-int8,exp2,tree,8,4,11,778.0,228.0,179.0,2.0,283.0,255.0,4.0,2.0,1106.0
scna-int8,exp2,tree,8,4,12,774.0,228.0,179.0,2.0,278.0,257.0,4.0,2.0,1102.0
scna-int8,exp2,tree,8,4,13,744.0,222.0,178.0,2.0,265.0,246.0,4.0,2.0,992.0
scna-int8,exp2,tree,8,4,14,785.0,229.0,180.0,2.0,278.0,267.0,4.0,2.0,1076.0
scna-int8,exp2,tree,8,4,15,765.0,226.0,179.0,2.0,273.0,254.0,4.0,2.0,1034.0
scna-int8,exp2,tree,8,4,16,778.0,228.0,178.0,2.0,282.0,257.0,4.0,2.0,1022.0
scna-int8,exp2,tree,8,4,17,781.0,228.0,178.0,2.0,277.0,265.0,4.0,2.0,1107.0
scna-int8,exp2,tree,8,4,18,775.0,229.0,180.0,2.0,276.0,259.0,4.0,2.0,1035.0
scna-int8,exp2,tree,8,4,19,767.0,226.0,179.0,2.0,276.0,254.0,4.0,2.0,1059.0
scna-int8,exp2,tree,8,8,0,1055.0,435.0,350.0,4.0,313.0,281.0,8.0,6.0,1330.0
scna-int8,exp2,tree,8,8,1,1055.0,434.0,350.0,4.0,306.0,288.0,8.0,7.0,1368.0
scna-int8,exp2,tree,8,8,2,1037.0,434.0,349.0,4.0,284.0,292.0,9.0,6.0,1340.0
scna-int8,exp2,tree,8,8,3,1059.0,434.0,349.0,4.0,311.0,287.0,9.0,6.0,1330.0
scna-int8,exp2,tree,8,8,4,1135.0,445.0,351.0,4.0,334.0,329.0,9.0,6.0,1372.0
scna-int8,exp2,tree,8,8,5,1123.0,443.0,351.0,5.0,338.0,315.0,8.0,6.0,1405.0
scna-int8,exp2,tree,8,8,6,1138.0,443.0,351.0,4.0,330.0,339.0,8.0,6.0,1429.0
scna-int8,exp2,tree,8,8,7,1120.0,442.0,351.0,4.0,335.0,317.0,8.0,6.0,1353.0
scna-int8,exp2,tree,8,8,8,1115.0,443.0,351.0,4.0,325.0,320.0,9.0,6.0,1362.0
scna-int8,exp2,tree,8,8,9,1124.0,445.0,352.0,4.0,342.0,310.0,9.0,6.0,1476.0
scna-int8,exp2,tree,8,8,10,1132.0,444.0,351.0,4.0,338.0,323.0,9.0,6.0,1445.0
scna-int8,exp2,tree,8,8,11,1113.0,444.0,351.0,4.0,330.0,312.0,9.0,6.0,1436.0
scna-int8,exp2,tree,8,8,12,1150.0,440.0,351.0,4.0,341.0,342.0,9.0,6.0,1455.0
scna-int8,exp2,tree,8,8,13,1116.0,445.0,350.0,4.0,330.0,315.0,8.0,6.0,1437.0
scna-int8,exp2,tree,8,8,14,1130.0,446.0,351.0,4.0,320.0,337.0,9.0,6.0,1404.0
scna-int8,exp2,tree,8,8,15,1287.0,480.0,363.0,4.0,413.0,367.0,9.0,6.0,1596.0
scna-int8,exp2,tree,8,8,16,1286.0,478.0,362.0,4.0,413.0,368.0,9.0,6.0,1582.0
scna-int8,exp2,tree,8,8,17,1281.0,476.0,364.0,4.0,416.0,361.0,9.0,7.0,1599.0
scna-int8,exp2,tree,8,8,18,1279.0,474.0,362.0,4.0,416.0,363.0,8.0,6.0,1590.0
scna-int8,exp2,tree,8,8,19,1296.0,477.0,362.0,4.0,421.0,371.0,9.0,6.0,1638.0
scna-int8,exp2,tree,8,16,0,1518.0,858.0,689.0,9.0,313.0,303.0,12.0,11.0,1778.0
scna-int8,exp2,tree,8,16,1,1514.0,858.0,688.0,9.0,315.0,296.0,12.0,12.0,1862.0
scna-int8,exp2,tree,8,16,2,1545.0,859.0,689.0,8.0,310.0,332.0,12.0,12.0,1867.0
scna-int8,exp2,tree,8,16,3,1736.0,914.0,702.0,8.0,416.0,364.0,12.0,10.0,2097.0
scna-int8,exp2,tree,8,16,4,1743.0,912.0,703.0,8.0,418.0,368.0,12.0,11.0,2081.0
scna-int8,exp2,tree,8,16,5,1739.0,911.0,703.0,8.0,417.0,366.0,12.0,12.0,2102.0
scna-int8,exp2,tree,8,16,6,1745.0,913.0,703.0,9.0,423.0,363.0,13.0,12.0,2042.0
scna-int8,exp2,tree,8,16,7,1741.0,913.0,702.0,8.0,422.0,363.0,13.0,10.0,2044.0
scna-int8,exp2,tree,8,16,8,1739.0,909.0,702.0,9.0,422.0,363.0,12.0,11.0,2105.0
scna-int8,exp2,tree,8,16,9,1742.0,910.0,702.0,9.0,418.0,369.0,12.0,12.0,2109.0
scna-int8,exp2,tree,8,16,10,1739.0,909.0,703.0,9.0,414.0,371.0,13.0,11.0,2077.0
scna-int8,exp2,tree,8,16,11,1744.0,912.0,701.0,9.0,423.0,364.0,12.0,11.0,2053.0
scna-int8,exp2,tree,8,16,12,1737.0,910.0,703.0,8.0,415.0,368.0,12.0,12.0,2047.0
scna-int8,exp2,tree,8,16,13,1738.0,911.0,702.0,8.0,417.0,365.0,12.0,12.0,2096.0
scna-int8,exp2,tree,8,16,14,1736.0,908.0,703.0,8.0,414.0,370.0,12.0,12.0,2047.0
scna-int8,exp2,tree,8,16,15,1737.0,908.0,703.0,8.0,414.0,372.0,12.0,11.0,2054.0
scna-int8,exp2,tree,8,16,16,1735.0,913.0,701.0,8.0,411.0,368.0,12.0,11.0,2061.0
scna-int8,exp2,tree,8,16,17,1739.0,907.0,702.0,9.0,421.0,366.0,12.0,11.0,2103.0
scna-int8,exp2,tree,8,16,18,1740.0,909.0,702.0,9.0,420.0,365.0,12.0,12.0,2062.0
scna-int8,exp2,tree,8,16,19,1735.0,908.0,702.0,8.0,413.0,369.0,12.0,12.0,2063.0
scna-int8,exp2,tree,8,32,0,2500.0,1724.0,1368.0,15.0,354.0,334.0,24.0,25.0,2779.0
scna-int8,exp2,tree,8,32,1,2492.0,1722.0,1367.0,15.0,347.0,335.0,24.0,25.0,2783.0
scna-int8,exp2,tree,8,32,2,2632.0,1781.0,1379.0,15.0,390.0,374.0,24.0,23.0,2985.0
scna-int8,exp2,tree,8,32,3,2661.0,1771.0,1378.0,15.0,435.0,368.0,24.0,23.0,2959.0
scna-int8,exp2,tree,8,32,4,2666.0,1780.0,1379.0,15.0,433.0,364.0,24.0,24.0,2966.0
scna-int8,exp2,tree,8,32,5,2673.0,1776.0,1378.0,15.0,434.0,374.0,24.0,24.0,3042.0
scna-int8,exp2,tree,8,32,6,2666.0,1779.0,1379.0,15.0,435.0,365.0,24.0,24.0,3046.0
scna-int8,exp2,tree,8,32,7,2662.0,1775.0,1380.0,15.0,431.0,368.0,24.0,24.0,2971.0
scna-int8,exp2,tree,8,32,8,2674.0,1776.0,1378.0,15.0,433.0,377.0,24.0,23.0,3020.0
scna-int8,exp2,tree,8,32,9,2634.0,1768.0,1378.0,15.0,418.0,360.0,24.0,24.0,3002.0
scna-int8,exp2,tree,8,32,10,2634.0,1766.0,1377.0,15.0,418.0,362.0,24.0,24.0,3024.0
scna-int8,exp2,tree,8,32,11,2617.0,1759.0,1376.0,15.0,408.0,362.0,24.0,24.0,2920.0
scna-int8,exp2,tree,8,32,12,2618.0,1760.0,1376.0,15.0,416.0,354.0,24.0,23.0,2893.0
scna-int8,exp2,tree,8,32,13,2629.0,1762.0,1375.0,15.0,417.0,361.0,24.0,24.0,2902.0
scna-int8,exp2,tree,8,32,14,2591.0,1763.0,1375.0,15.0,395.0,347.0,24.0,23.0,2939.0
scna-int8,exp2,tree,8,32,15,2588.0,1760.0,1374.0,15.0,389.0,351.0,24.0,24.0,2984.0
scna-int8,exp2,tree,8,32,16,2599.0,1758.0,1373.0,15.0,392.0,361.0,24.0,23.0,2959.0
scna-int8,exp2,tree,8,32,17,2583.0,1755.0,1374.0,15.0,386.0,354.0,24.0,24.0,2976.0
scna-int8,exp2,tree,8,32,18,2594.0,1756.0,1374.0,15.0,394.0,356.0,24.0,23.0,2887.0
scna-int8,exp2,tree,8,32,19,2599.0,1759.0,1374.0,15.0,396.0,355.0,24.0,24.0,2877.0
scna-int8,exp2,tree,16,4,0,811.0,241.0,198.0,3.0,282.0,273.0,4.0,2.0,1116.0
scna-int8,exp2,tree,16,4,1,816.0,241.0,197.0,3.0,296.0,265.0,4.0,2.0,1120.0
scna-int8,exp2,tree,16,4,2,819.0,241.0,197.0,2.0,294.0,271.0,4.0,2.0,1117.0
scna-int8,exp2,tree,16,4,3,806.0,241.0,198.0,2.0,294.0,258.0,4.0,2.0,1101.0
scna-int8,exp2,tree,16,4,4,826.0,241.0,197.0,2.0,297.0,275.0,4.0,2.0,1119.0
scna-int8,exp2,tree,16,4,5,824.0,240.0,197.0,3.0,295.0,275.0,4.0,2.0,1153.0
scna-int8,exp2,tree,16,4,6,864.0,244.0,198.0,2.0,327.0,280.0,4.0,2.0,1203.0
scna-int8,exp2,tree,16,4,7,868.0,243.0,199.0,3.0,317.0,294.0,4.0,2.0,1189.0
scna-int8,exp2,tree,16,4,8,869.0,244.0,199.0,2.0,323.0,289.0,4.0,2.0,1100.0
scna-int8,exp2,tree,16,4,9,869.0,243.0,198.0,2.0,324.0,288.0,4.0,3.0,1211.0
scna-int8,exp2,tree,16,4,10,871.0,244.0,198.0,2.0,293.0,320.0,4.0,3.0,1162.0
scna-int8,exp2,tree,16,4,11,906.0,244.0,198.0,2.0,327.0,321.0,4.0,3.0,1189.0
scna-int8,exp2,tree,16,4,12,863.0,242.0,199.0,3.0,301.0,306.0,4.0,2.0,1201.0
scna-int8,exp2,tree,16,4,13,889.0,241.0,197.0,2.0,324.0,311.0,4.0,2.0,1195.0
scna-int8,exp2,tree,16,4,14,879.0,243.0,198.0,3.0,323.0,299.0,4.0,2.0,1189.0
scna-int8,exp2,tree,16,4,15,887.0,242.0,198.0,2.0,319.0,312.0,4.0,3.0,1193.0
scna-int8,exp2,tree,16,4,16,895.0,244.0,199.0,3.0,324.0,312.0,4.0,3.0,1201.0
scna-int8,exp2,tree,16,4,17,861.0,243.0,197.0,3.0,315.0,288.0,4.0,3.0,1106.0
scna-int8,exp2,tree,16,4,18,859.0,242.0,197.0,3.0,312.0,290.0,4.0,3.0,1397.0
scna-int8,exp2,tree,16,4,19,860.0,244.0,199.0,2.0,317.0,286.0,4.0,2.0,1227.0
scna-int8,exp2,tree,16,8,0,1121.0,472.0,383.0,4.0,314.0,308.0,8.0,7.0,1369.0
scna-int8,exp2,tree,16,8,1,1132.0,472.0,383.0,4.0,334.0,299.0,8.0,7.0,1372.0
scna-int8,exp2,tree,16,8,2,1134.0,471.0,383.0,4.0,334.0,302.0,8.0,7.0,1372.0
scna-int8,exp2,tree,16,8,3,1129.0,471.0,383.0,4.0,338.0,293.0,8.0,8.0,1372.0
scna-int8,exp2,tree,16,8,4,1146.0,470.0,383.0,4.0,325.0,325.0,8.0,7.0,1482.0
scna-int8,exp2,tree,16,8,5,1197.0,492.0,390.0,4.0,345.0,334.0,8.0,7.0,1553.0
scna-int8,exp2,tree,16,8,6,1235.0,499.0,393.0,4.0,370.0,339.0,8.0,7.0,1498.0
scna-int8,exp2,tree,16,8,7,1229.0,496.0,392.0,4.0,372.0,334.0,8.0,7.0,1474.0
scna-int8,exp2,tree,16,8,8,1221.0,497.0,392.0,4.0,362.0,336.0,8.0,7.0,1462.0
scna-int8,exp2,tree,16,8,9,1232.0,496.0,393.0,4.0,376.0,334.0,8.0,7.0,1534.0
scna-int8,exp2,tree,16,8,10,1228.0,497.0,392.0,4.0,366.0,339.0,8.0,7.0,1495.0
scna-int8,exp2,tree,16,8,11,1234.0,495.0,391.0,4.0,370.0,343.0,8.0,7.0,1559.0
scna-int8,exp2,tree,16,8,12,1222.0,495.0,390.0,4.0,360.0,341.0,8.0,7.0,1552.0
scna-int8,exp2,tree,16,8,13,1222.0,496.0,391.0,3.0,366.0,334.0,8.0,7.0,1462.0
scna-int8,exp2,tree,16,8,14,1223.0,494.0,391.0,4.0,366.0,335.0,8.0,8.0,1471.0
scna-int8,exp2,tree,16,8,15,1308.0,517.0,400.0,5.0,391.0,372.0,8.0,7.0,1636.0
scna-int8,exp2,tree,16,8,16,1319.0,518.0,401.0,4.0,404.0,371.0,8.0,7.0,1608.0
scna-int8,exp2,tree,16,8,17,1312.0,518.0,401.0,4.0,398.0,369.0,8.0,7.0,1605.0
scna-int8,exp2,tree,16,8,18,1312.0,516.0,400.0,4.0,400.0,370.0,8.0,7.0,1607.0
scna-int8,exp2,tree,16,8,19,1326.0,518.0,401.0,4.0,413.0,369.0,8.0,7.0,1601.0
scna-int8,exp2,tree,16,16,0,1552.0,920.0,754.0,8.0,302.0,286.0,12.0,12.0,1901.0
scna-int8,exp2,tree,16,16,1,1628.0,931.0,754.0,7.0,340.0,314.0,12.0,12.0,1876.0
scna-int8,exp2,tree,16,16,2,1681.0,940.0,757.0,8.0,347.0,350.0,12.0,12.0,1999.0
scna-int8,exp2,tree,16,16,3,1673.0,940.0,756.0,8.0,352.0,337.0,12.0,12.0,2040.0
scna-int8,exp2,tree,16,16,4,1635.0,940.0,757.0,8.0,336.0,315.0,12.0,12.0,1938.0
scna-int8,exp2,tree,16,16,5,1678.0,941.0,757.0,8.0,353.0,340.0,12.0,12.0,2019.0
scna-int8,exp2,tree,16,16,6,1659.0,942.0,756.0,9.0,329.0,342.0,12.0,12.0,2023.0
scna-int8,exp2,tree,16,16,7,1685.0,943.0,756.0,8.0,357.0,339.0,12.0,12.0,2088.0
scna-int8,exp2,tree,16,16,8,1656.0,945.0,757.0,8.0,336.0,329.0,12.0,12.0,1955.0
scna-int8,exp2,tree,16,16,9,1742.0,963.0,762.0,8.0,371.0,364.0,12.0,12.0,2057.0
scna-int8,exp2,tree,16,16,10,1805.0,977.0,768.0,8.0,415.0,369.0,12.0,12.0,2172.0
scna-int8,exp2,tree,16,16,11,1806.0,980.0,766.0,8.0,415.0,366.0,13.0,12.0,2054.0
scna-int8,exp2,tree,16,16,12,1804.0,975.0,767.0,8.0,413.0,370.0,12.0,12.0,2166.0
scna-int8,exp2,tree,16,16,13,1804.0,976.0,767.0,8.0,422.0,362.0,12.0,12.0,2184.0
scna-int8,exp2,tree,16,16,14,1807.0,977.0,769.0,8.0,414.0,372.0,12.0,12.0,2175.0
scna-int8,exp2,tree,16,16,15,1792.0,972.0,767.0,8.0,414.0,362.0,12.0,11.0,2078.0
scna-int8,exp2,tree,16,16,16,1805.0,972.0,767.0,7.0,420.0,369.0,12.0,12.0,2179.0
scna-int8,exp2,tree,16,16,17,1802.0,975.0,768.0,8.0,415.0,368.0,12.0,12.0,2177.0
scna-int8,exp2,tree,16,16,18,1795.0,976.0,766.0,8.0,410.0,365.0,12.0,12.0,2064.0
scna-int8,exp2,tree,16,16,19,1802.0,972.0,767.0,8.0,414.0,370.0,12.0,12.0,2172.0
scna-int8,exp2,tree,16,32,0,2580.0,1856.0,1495.0,15.0,324.0,314.0,24.0,23.0,2936.0
scna-int8,exp2,tree,16,32,1,2597.0,1866.0,1495.0,14.0,339.0,306.0,24.0,24.0,2986.0
scna-int8,exp2,tree,16,32,2,2593.0,1864.0,1495.0,15.0,322.0,319.0,24.0,24.0,2983.0
scna-int8,exp2,tree,16,32,3,2612.0,1870.0,1496.0,15.0,335.0,318.0,24.0,25.0,2999.0
scna-int8,exp2,tree,16,32,4,2594.0,1867.0,1495.0,15.0,323.0,317.0,24.0,24.0,2991.0
scna-int8,exp2,tree,16,32,5,2628.0,1865.0,1497.0,14.0,356.0,319.0,24.0,24.0,2901.0
scna-int8,exp2,tree,16,32,6,2634.0,1870.0,1497.0,15.0,356.0,321.0,24.0,24.0,3021.0
scna-int8,exp2,tree,16,32,7,2631.0,1867.0,1497.0,14.0,355.0,322.0,24.0,24.0,2925.0
scna-int8,exp2,tree,16,32,8,2627.0,1867.0,1497.0,14.0,354.0,319.0,24.0,24.0,2931.0
scna-int8,exp2,tree,16,32,9,2601.0,1862.0,1496.0,14.0,345.0,309.0,24.0,23.0,2968.0
scna-int8,exp2,tree,16,32,10,2598.0,1865.0,1496.0,14.0,336.0,310.0,24.0,24.0,2926.0
scna-int8,exp2,tree,16,32,11,2601.0,1868.0,1495.0,14.0,338.0,308.0,24.0,24.0,2895.0
scna-int8,exp2,tree,16,32,12,2609.0,1868.0,1496.0,15.0,342.0,311.0,24.0,24.0,2900.0
scna-int8,exp2,tree,16,32,13,2595.0,1867.0,1495.0,14.0,332.0,310.0,24.0,23.0,2907.0
scna-int8,exp2,tree,16,32,14,2595.0,1863.0,1495.0,15.0,332.0,313.0,24.0,23.0,2993.0
scna-int8,exp2,tree,16,32,15,2598.0,1868.0,1495.0,14.0,332.0,313.0,24.0,23.0,2965.0
scna-int8,exp2,tree,16,32,16,2591.0,1868.0,1496.0,14.0,336.0,301.0,24.0,23.0,2938.0
scna-int8,exp2,tree,16,32,17,2587.0,1870.0,1495.0,14.0,330.0,302.0,24.0,23.0,2902.0
scna-int8,exp2,tree,16,32,18,2578.0,1868.0,1494.0,14.0,321.0,303.0,24.0,23.0,2901.0
scna-int8,exp2,tree,16,32,19,2581.0,1868.0,1495.0,14.0,333.0,293.0,24.0,23.0,2904.0
scna-int8,exp2,tree,32,4,0,842.0,272.0,229.0,3.0,288.0,267.0,4.0,3.0,1093.0
scna-int8,exp2,tree,32,4,1,843.0,274.0,229.0,3.0,290.0,264.0,4.0,3.0,1097.0
scna-int8,exp2,tree,32,4,2,833.0,271.0,229.0,3.0,283.0,264.0,4.0,3.0,1094.0
scna-int8,exp2,tree,32,4,3,844.0,271.0,229.0,3.0,290.0,268.0,4.0,3.0,1093.0
scna-int8,exp2,tree,32,4,4,835.0,271.0,229.0,3.0,282.0,267.0,4.0,3.0,1098.0
scna-int8,exp2,tree,32,4,5,835.0,271.0,229.0,2.0,290.0,261.0,4.0,3.0,1092.0
scna-int8,exp2,tree,32,4,6,841.0,273.0,229.0,3.0,292.0,262.0,4.0,3.0,1098.0
scna-int8,exp2,tree,32,4,7,835.0,272.0,229.0,3.0,287.0,260.0,4.0,3.0,1094.0
scna-int8,exp2,tree,32,4,8,897.0,275.0,230.0,3.0,299.0,308.0,4.0,3.0,1203.0
scna-int8,exp2,tree,32,4,9,910.0,278.0,231.0,2.0,322.0,296.0,4.0,3.0,1137.0
scna-int8,exp2,tree,32,4,10,905.0,281.0,232.0,2.0,312.0,298.0,4.0,3.0,1248.0
scna-int8,exp2,tree,32,4,11,913.0,280.0,231.0,2.0,313.0,306.0,4.0,3.0,1255.0
scna-int8,exp2,tree,32,4,12,915.0,280.0,231.0,2.0,312.0,308.0,4.0,4.0,1246.0
scna-int8,exp2,tree,32,4,13,930.0,279.0,231.0,2.0,330.0,307.0,4.0,3.0,1242.0
scna-int8,exp2,tree,32,4,14,916.0,279.0,231.0,2.0,328.0,296.0,4.0,3.0,1244.0
scna-int8,exp2,tree,32,4,15,903.0,280.0,231.0,2.0,312.0,297.0,4.0,3.0,1125.0
scna-int8,exp2,tree,32,4,16,918.0,279.0,231.0,3.0,314.0,310.0,4.0,3.0,1236.0
scna-int8,exp2,tree,32,4,17,928.0,279.0,232.0,2.0,329.0,306.0,4.0,4.0,1241.0
scna-int8,exp2,tree,32,4,18,882.0,279.0,231.0,2.0,313.0,276.0,4.0,3.0,1153.0
scna-int8,exp2,tree,32,4,19,928.0,279.0,232.0,2.0,328.0,307.0,4.0,4.0,1234.0
scna-int8,exp2,tree,32,8,0,1235.0,540.0,449.0,4.0,349.0,318.0,8.0,8.0,1534.0
scna-int8,exp2,tree,32,8,1,1234.0,542.0,449.0,4.0,333.0,333.0,8.0,7.0,1559.0
scna-int8,exp2,tree,32,8,2,1237.0,541.0,448.0,4.0,342.0,326.0,8.0,8.0,1551.0
scna-int8,exp2,tree,32,8,3,1228.0,537.0,449.0,4.0,346.0,319.0,8.0,7.0,1553.0
scna-int8,exp2,tree,32,8,4,1242.0,539.0,449.0,4.0,348.0,328.0,8.0,7.0,1547.0
scna-int8,exp2,tree,32,8,5,1240.0,541.0,448.0,4.0,353.0,319.0,8.0,7.0,1551.0
scna-int8,exp2,tree,32,8,6,1250.0,542.0,449.0,4.0,346.0,335.0,8.0,7.0,1607.0
scna-int8,exp2,tree,32,8,7,1279.0,556.0,456.0,4.0,364.0,332.0,8.0,7.0,1527.0
scna-int8,exp2,tree,32,8,8,1295.0,559.0,456.0,4.0,368.0,341.0,8.0,7.0,1619.0
scna-int8,exp2,tree,32,8,9,1291.0,561.0,457.0,4.0,368.0,335.0,8.0,7.0,1589.0
scna-int8,exp2,tree,32,8,10,1297.0,557.0,456.0,4.0,376.0,337.0,8.0,7.0,1582.0
scna-int8,exp2,tree,32,8,11,1294.0,560.0,456.0,4.0,378.0,329.0,8.0,7.0,1657.0
scna-int8,exp2,tree,32,8,12,1281.0,556.0,456.0,4.0,363.0,335.0,8.0,7.0,1640.0
scna-int8,exp2,tree,32,8,13,1296.0,556.0,455.0,3.0,373.0,341.0,8.0,7.0,1599.0
scna-int8,exp2,tree,32,8,14,1287.0,556.0,456.0,4.0,364.0,340.0,8.0,7.0,1622.0
scna-int8,exp2,tree,32,8,15,1297.0,560.0,456.0,4.0,376.0,334.0,8.0,7.0,1617.0
scna-int8,exp2,tree,32,8,16,1283.0,557.0,457.0,4.0,367.0,333.0,8.0,7.0,1529.0
scna-int8,exp2,tree,32,8,17,1293.0,555.0,455.0,4.0,376.0,335.0,8.0,7.0,1626.0
scna-int8,exp2,tree,32,8,18,1290.0,552.0,456.0,4.0,377.0,334.0,8.0,7.0,1604.0
scna-int8,exp2,tree,32,8,19,1287.0,553.0,457.0,4.0,375.0,333.0,8.0,7.0,1622.0
scna-int8,exp2,tree,32,16,0,1769.0,1057.0,883.0,8.0,346.0,321.0,12.0,12.0,2073.0
scna-int8,exp2,tree,32,16,1,1773.0,1057.0,883.0,8.0,334.0,336.0,12.0,12.0,2092.0
scna-int8,exp2,tree,32,16,2,1834.0,1079.0,893.0,8.0,379.0,330.0,12.0,13.0,2180.0
scna-int8,exp2,tree,32,16,3,1843.0,1079.0,892.0,8.0,383.0,335.0,12.0,13.0,2147.0
scna-int8,exp2,tree,32,16,4,1856.0,1082.0,892.0,8.0,387.0,340.0,12.0,13.0,2214.0
scna-int8,exp2,tree,32,16,5,1829.0,1074.0,892.0,8.0,383.0,328.0,12.0,12.0,2212.0
scna-int8,exp2,tree,32,16,6,1820.0,1079.0,890.0,8.0,367.0,329.0,12.0,12.0,2084.0
scna-int8,exp2,tree,32,16,7,1831.0,1075.0,889.0,8.0,370.0,341.0,12.0,12.0,2116.0
scna-int8,exp2,tree,32,16,8,1824.0,1073.0,889.0,8.0,371.0,333.0,12.0,13.0,2199.0
scna-int8,exp2,tree,32,16,9,1830.0,1075.0,889.0,8.0,369.0,340.0,12.0,13.0,2114.0
scna-int8,exp2,tree,32,16,10,1819.0,1073.0,888.0,8.0,365.0,335.0,12.0,13.0,2132.0
scna-int8,exp2,tree,32,16,11,1829.0,1074.0,888.0,8.0,373.0,337.0,12.0,12.0,2114.0
scna-int8,exp2,tree,32,16,12,1820.0,1074.0,887.0,8.0,368.0,331.0,12.0,13.0,2136.0
scna-int8,exp2,tree,32,16,13,1826.0,1072.0,888.0,8.0,369.0,340.0,12.0,13.0,2125.0
scna-int8,exp2,tree,32,16,14,1805.0,1071.0,888.0,8.0,358.0,329.0,12.0,13.0,2066.0
scna-int8,exp2,tree,32,16,15,1816.0,1071.0,887.0,8.0,366.0,333.0,12.0,12.0,2180.0
scna-int8,exp2,tree,32,16,16,1813.0,1072.0,888.0,8.0,363.0,331.0,12.0,13.0,2150.0
scna-int8,exp2,tree,32,16,17,1825.0,1074.0,888.0,8.0,367.0,338.0,12.0,13.0,2139.0
scna-int8,exp2,tree,32,16,18,1809.0,1072.0,887.0,8.0,363.0,329.0,12.0,13.0,2122.0
scna-int8,exp2,tree,32,16,19,1827.0,1078.0,887.0,8.0,365.0,338.0,12.0,13.0,2119.0
scna-int8,exp2,tree,32,32,0,2852.0,2127.0,1750.0,15.0,328.0,311.0,24.0,24.0,3223.0
scna-int8,exp2,tree,32,32,1,2868.0,2125.0,1750.0,15.0,331.0,325.0,24.0,24.0,3158.0
scna-int8,exp2,tree,32,32,2,2876.0,2128.0,1750.0,16.0,332.0,328.0,24.0,24.0,3147.0
scna-int8,exp2,tree,32,32,3,2853.0,2128.0,1750.0,15.0,323.0,316.0,24.0,24.0,3228.0
scna-int8,exp2,tree,32,32,4,2887.0,2129.0,1751.0,15.0,340.0,331.0,24.0,23.0,3193.0
scna-int8,exp2,tree,32,32,5,2894.0,2131.0,1751.0,15.0,346.0,330.0,24.0,24.0,3287.0
scna-int8,exp2,tree,32,32,6,2889.0,2128.0,1751.0,15.0,343.0,331.0,24.0,23.0,3165.0
scna-int8,exp2,tree,32,32,7,2879.0,2126.0,1751.0,15.0,342.0,325.0,24.0,23.0,3219.0
scna-int8,exp2,tree,32,32,8,2893.0,2130.0,1751.0,15.0,343.0,333.0,24.0,23.0,3171.0
scna-int8,exp2,tree,32,32,9,2882.0,2125.0,1751.0,15.0,340.0,329.0,24.0,24.0,3169.0
scna-int8,exp2,tree,32,32,10,2878.0,2125.0,1751.0,15.0,341.0,326.0,24.0,23.0,3205.0
scna-int8,exp2,tree,32,32,11,2873.0,2133.0,1751.0,15.0,328.0,326.0,24.0,23.0,3269.0
scna-int8,exp2,tree,32,32,12,2878.0,2122.0,1751.0,15.0,344.0,326.0,24.0,23.0,3281.0
scna-int8,exp2,tree,32,32,13,2863.0,2124.0,1750.0,15.0,328.0,326.0,24.0,23.0,3203.0
scna-int8,exp2,tree,32,32,14,2872.0,2128.0,1750.0,15.0,333.0,323.0,24.0,24.0,3189.0
scna-int8,exp2,tree,32,32,15,2867.0,2122.0,1750.0,15.0,335.0,324.0,24.0,24.0,3170.0
scna-int8,exp2,tree,32,32,16,2871.0,2125.0,1749.0,15.0,334.0,326.0,24.0,24.0,3198.0
scna-int8,exp2,tree,32,32,17,2867.0,2125.0,1749.0,15.0,334.0,322.0,24.0,24.0,3171.0
scna-int8,exp2,tree,32,32,18,2849.0,2118.0,1750.0,15.0,332.0,314.0,24.0,23.0,3216.0
scna-int8,exp2,tree,32,32,19,2868.0,2124.0,1750.0,15.0,335.0,322.0,24.0,23.0,3168.0
