FIG8_ATTENTION_CONFIG mode=baseline layout=serial variant=pair_static_d8 scna_width=8 seed=20260810 mask_mode=full qo_len=32 kv_len=4096 kv_pad_len=4096 n_heads=12 n_kv_heads=2 head_dim=128 warmup=5 iters=20 q_size=196608 kv_size=2097152 mask_size=262144 profile_size=12544 profile_max_records=24 profile_max_events=0 mode_flags=65536 print_events=0 workers=1
FIG8_ATTENTION_HOST_TIMING mode=baseline layout=serial variant=pair_static_d8 workers=1 scna_width=8 seed=20260810 mask_mode=full qo_len=32 kv_len=4096 n_heads=12 n_kv_heads=2 head_dim=128 phase=warmup iteration=0 host_elapsed_us=5983 ret=0
FIG8_ATTENTION_PROFILE_COUNT mode=baseline qo_len=32 phase=warmup iteration=0 records=16 max_records=24
FIG8_ATTENTION_WORKERS mode=baseline variant=pair_static_d8 qo_len=32 phase=warmup iteration=0 requested_workers=1 active_workers=1 hvx_contexts=6 vtcm_worker_cap=8 tasks=16 q_task_rows=4
FIG8_ATTENTION_TIMERS mode=baseline layout=serial phase=warmup iteration=0 lut_exp=0 scna_layout=0 scna_width=0 qo_len=4 kv_len=4096 n_heads=12 n_kv_heads=2 head_dim=128 kv_head=0 worker=0 profiled_total=342 q_load=2 k_load=86 v_load=101 qk_dot=3 safe_sm=140 scna_exp=0 state_update=2 param_prepare=0 core_acc=5 o_scale=2 o_store=3
FIG8_ATTENTION_TIMERS mode=baseline layout=serial phase=warmup iteration=0 lut_exp=0 scna_layout=0 scna_width=0 qo_len=4 kv_len=4096 n_heads=12 n_kv_heads=2 head_dim=128 kv_head=1 worker=0 profiled_total=329 q_load=1 k_load=85 v_load=102 qk_dot=2 safe_sm=132 scna_exp=0 state_update=1 param_prepare=0 core_acc=4 o_scale=1 o_store=2
FIG8_ATTENTION_TIMERS mode=baseline layout=serial phase=warmup iteration=0 lut_exp=0 scna_layout=0 scna_width=0 qo_len=4 kv_len=4096 n_heads=12 n_kv_heads=2 head_dim=128 kv_head=0 worker=0 profiled_total=309 q_load=1 k_load=68 v_load=101 qk_dot=2 safe_sm=132 scna_exp=0 state_update=1 param_prepare=0 core_acc=3 o_scale=1 o_store=1
FIG8_ATTENTION_TIMERS mode=baseline layout=serial phase=warmup iteration=0 lut_exp=0 scna_layout=0 scna_width=0 qo_len=4 kv_len=4096 n_heads=12 n_kv_heads=2 head_dim=128 kv_head=1 worker=0 profiled_total=310 q_load=1 k_load=70 v_load=102 qk_dot=2 safe_sm=130 scna_exp=0 state_update=1 param_prepare=0 core_acc=2 o_scale=1 o_store=2
FIG8_ATTENTION_TIMERS mode=baseline layout=serial phase=warmup iteration=0 lut_exp=0 scna_layout=0 scna_width=0 qo_len=4 kv_len=4096 n_heads=12 n_kv_heads=2 head_dim=128 kv_head=0 worker=0 profiled_total=313 q_load=1 k_load=69 v_load=104 qk_dot=2 safe_sm=131 scna_exp=0 state_update=0 param_prepare=0 core_acc=3 o_scale=1 o_store=2
FIG8_ATTENTION_TIMERS mode=baseline layout=serial phase=warmup iteration=0 lut_exp=0 scna_layout=0 scna_width=0 qo_len=4 kv_len=4096 n_heads=12 n_kv_heads=2 head_dim=128 kv_head=1 worker=0 profiled_total=321 q_load=1 k_load=68 v_load=114 qk_dot=2 safe_sm=130 scna_exp=0 state_update=1 param_prepare=0 core_acc=3 o_scale=1 o_store=2
FIG8_ATTENTION_TIMERS mode=baseline layout=serial phase=warmup iteration=0 lut_exp=0 scna_layout=0 scna_width=0 qo_len=4 kv_len=4096 n_heads=12 n_kv_heads=2 head_dim=128 kv_head=0 worker=0 profiled_total=310 q_load=1 k_load=70 v_load=100 qk_dot=2 safe_sm=132 scna_exp=0 state_update=1 param_prepare=0 core_acc=3 o_scale=1 o_store=1
FIG8_ATTENTION_TIMERS mode=baseline layout=serial phase=warmup iteration=0 lut_exp=0 scna_layout=0 scna_width=0 qo_len=4 kv_len=4096 n_heads=12 n_kv_heads=2 head_dim=128 kv_head=1 worker=0 profiled_total=308 q_load=1 k_load=67 v_load=102 qk_dot=2 safe_sm=130 scna_exp=0 state_update=1 param_prepare=0 core_acc=3 o_scale=1 o_store=2
FIG8_ATTENTION_TIMERS mode=baseline layout=serial phase=warmup iteration=0 lut_exp=0 scna_layout=0 scna_width=0 qo_len=4 kv_len=4096 n_heads=12 n_kv_heads=2 head_dim=128 kv_head=0 worker=0 profiled_total=313 q_load=1 k_load=69 v_load=106 qk_dot=2 safe_sm=130 scna_exp=0 state_update=1 param_prepare=0 core_acc=3 o_scale=1 o_store=1
FIG8_ATTENTION_TIMERS mode=baseline layout=serial phase=warmup iteration=0 lut_exp=0 scna_layout=0 scna_width=0 qo_len=4 kv_len=4096 n_heads=12 n_kv_heads=2 head_dim=128 kv_head=1 worker=0 profiled_total=321 q_load=1 k_load=70 v_load=111 qk_dot=2 safe_sm=131 scna_exp=0 state_update=1 param_prepare=0 core_acc=3 o_scale=1 o_store=2
FIG8_ATTENTION_TIMERS mode=baseline layout=serial phase=warmup iteration=0 lut_exp=0 scna_layout=0 scna_width=0 qo_len=4 kv_len=4096 n_heads=12 n_kv_heads=2 head_dim=128 kv_head=0 worker=0 profiled_total=322 q_load=1 k_load=71 v_load=110 qk_dot=1 safe_sm=132 scna_exp=0 state_update=1 param_prepare=0 core_acc=3 o_scale=1 o_store=3
FIG8_ATTENTION_TIMERS mode=baseline layout=serial phase=warmup iteration=0 lut_exp=0 scna_layout=0 scna_width=0 qo_len=4 kv_len=4096 n_heads=12 n_kv_heads=2 head_dim=128 kv_head=1 worker=0 profiled_total=308 q_load=1 k_load=68 v_load=102 qk_dot=2 safe_sm=130 scna_exp=0 state_update=1 param_prepare=0 core_acc=3 o_scale=1 o_store=1
FIG8_ATTENTION_TIMERS mode=baseline layout=serial phase=warmup iteration=0 lut_exp=0 scna_layout=0 scna_width=0 qo_len=4 kv_len=4096 n_heads=12 n_kv_heads=2 head_dim=128 kv_head=0 worker=0 profiled_total=311 q_load=1 k_load=71 v_load=101 qk_dot=1 safe_sm=131 scna_exp=0 state_update=1 param_prepare=0 core_acc=4 o_scale=1 o_store=1
FIG8_ATTENTION_TIMERS mode=baseline layout=serial phase=warmup iteration=0 lut_exp=0 scna_layout=0 scna_width=0 qo_len=4 kv_len=4096 n_heads=12 n_kv_heads=2 head_dim=128 kv_head=1 worker=0 profiled_total=318 q_load=1 k_load=69 v_load=110 qk_dot=2 safe_sm=130 scna_exp=0 state_update=1 param_prepare=0 core_acc=3 o_scale=1 o_store=2
FIG8_ATTENTION_TIMERS mode=baseline layout=serial phase=warmup iteration=0 lut_exp=0 scna_layout=0 scna_width=0 qo_len=4 kv_len=4096 n_heads=12 n_kv_heads=2 head_dim=128 kv_head=0 worker=0 profiled_total=323 q_load=1 k_load=69 v_load=115 qk_dot=2 safe_sm=131 scna_exp=0 state_update=1 param_prepare=0 core_acc=3 o_scale=1 o_store=1
FIG8_ATTENTION_TIMERS mode=baseline layout=serial phase=warmup iteration=0 lut_exp=0 scna_layout=0 scna_width=0 qo_len=4 kv_len=4096 n_heads=12 n_kv_heads=2 head_dim=128 kv_head=1 worker=0 profiled_total=313 q_load=1 k_load=70 v_load=103 qk_dot=2 safe_sm=131 scna_exp=0 state_update=2 param_prepare=0 core_acc=4 o_scale=1 o_store=1
FIG8_ATTENTION_EVENT_COUNT mode=baseline qo_len=32 phase=warmup iteration=0 events=0 max_events=0 overflow=0
FIG8_ATTENTION_CHECKSUM mode=baseline layout=serial scna_width=8 seed=20260810 phase=warmup iteration=0 checksum=0x0849a9896635ca77
FIG8_ATTENTION_HOST_TIMING mode=baseline layout=serial variant=pair_static_d8 workers=1 scna_width=8 seed=20260810 mask_mode=full qo_len=32 kv_len=4096 n_heads=12 n_kv_heads=2 head_dim=128 phase=warmup iteration=1 host_elapsed_us=5790 ret=0
FIG8_ATTENTION_PROFILE_COUNT mode=baseline qo_len=32 phase=warmup iteration=1 records=16 max_records=24
FIG8_ATTENTION_WORKERS mode=baseline variant=pair_static_d8 qo_len=32 phase=warmup iteration=1 requested_workers=1 active_workers=1 hvx_contexts=6 vtcm_worker_cap=8 tasks=16 q_task_rows=4
FIG8_ATTENTION_TIMERS mode=baseline layout=serial phase=warmup iteration=1 lut_exp=0 scna_layout=0 scna_width=0 qo_len=4 kv_len=4096 n_heads=12 n_kv_heads=2 head_dim=128 kv_head=0 worker=1 profiled_total=298 q_load=1 k_load=70 v_load=93 qk_dot=1 safe_sm=129 scna_exp=0 state_update=1 param_prepare=0 core_acc=2 o_scale=1 o_store=1
FIG8_ATTENTION_TIMERS mode=baseline layout=serial phase=warmup iteration=1 lut_exp=0 scna_layout=0 scna_width=0 qo_len=4 kv_len=4096 n_heads=12 n_kv_heads=2 head_dim=128 kv_head=1 worker=1 profiled_total=298 q_load=1 k_load=66 v_load=92 qk_dot=1 safe_sm=130 scna_exp=0 state_update=3 param_prepare=0 core_acc=6 o_scale=1 o_store=1
FIG8_ATTENTION_TIMERS mode=baseline layout=serial phase=warmup iteration=1 lut_exp=0 scna_layout=0 scna_width=0 qo_len=4 kv_len=4096 n_heads=12 n_kv_heads=2 head_dim=128 kv_head=0 worker=1 profiled_total=312 q_load=1 k_load=66 v_load=113 qk_dot=1 safe_sm=128 scna_exp=0 state_update=1 param_prepare=0 core_acc=1 o_scale=1 o_store=1
FIG8_ATTENTION_TIMERS mode=baseline layout=serial phase=warmup iteration=1 lut_exp=0 scna_layout=0 scna_width=0 qo_len=4 kv_len=4096 n_heads=12 n_kv_heads=2 head_dim=128 kv_head=1 worker=1 profiled_total=301 q_load=1 k_load=71 v_load=93 qk_dot=1 safe_sm=128 scna_exp=0 state_update=1 param_prepare=0 core_acc=4 o_scale=1 o_store=2
FIG8_ATTENTION_TIMERS mode=baseline layout=serial phase=warmup iteration=1 lut_exp=0 scna_layout=0 scna_width=0 qo_len=4 kv_len=4096 n_heads=12 n_kv_heads=2 head_dim=128 kv_head=0 worker=1 profiled_total=303 q_load=1 k_load=69 v_load=93 qk_dot=2 safe_sm=130 scna_exp=0 state_update=2 param_prepare=0 core_acc=6 o_scale=1 o_store=1
FIG8_ATTENTION_TIMERS mode=baseline layout=serial phase=warmup iteration=1 lut_exp=0 scna_layout=0 scna_width=0 qo_len=4 kv_len=4096 n_heads=12 n_kv_heads=2 head_dim=128 kv_head=1 worker=1 profiled_total=308 q_load=1 k_load=67 v_load=108 qk_dot=1 safe_sm=127 scna_exp=0 state_update=0 param_prepare=0 core_acc=1 o_scale=1 o_store=2
FIG8_ATTENTION_TIMERS mode=baseline layout=serial phase=warmup iteration=1 lut_exp=0 scna_layout=0 scna_width=0 qo_len=4 kv_len=4096 n_heads=12 n_kv_heads=2 head_dim=128 kv_head=0 worker=1 profiled_total=315 q_load=1 k_load=68 v_load=108 qk_dot=1 safe_sm=131 scna_exp=0 state_update=2 param_prepare=0 core_acc=4 o_scale=1 o_store=1
FIG8_ATTENTION_TIMERS mode=baseline layout=serial phase=warmup iteration=1 lut_exp=0 scna_layout=0 scna_width=0 qo_len=4 kv_len=4096 n_heads=12 n_kv_heads=2 head_dim=128 kv_head=1 worker=1 profiled_total=315 q_load=1 k_load=68 v_load=107 qk_dot=2 safe_sm=129 scna_exp=0 state_update=3 param_prepare=0 core_acc=5 o_scale=1 o_store=2
FIG8_ATTENTION_TIMERS mode=baseline layout=serial phase=warmup iteration=1 lut_exp=0 scna_layout=0 scna_width=0 qo_len=4 kv_len=4096 n_heads=12 n_kv_heads=2 head_dim=128 kv_head=0 worker=1 profiled_total=298 q_load=1 k_load=67 v_load=95 qk_dot=1 safe_sm=129 scna_exp=0 state_update=1 param_prepare=0 core_acc=3 o_scale=1 o_store=1
FIG8_ATTENTION_TIMERS mode=baseline layout=serial phase=warmup iteration=1 lut_exp=0 scna_layout=0 scna_width=0 qo_len=4 kv_len=4096 n_heads=12 n_kv_heads=2 head_dim=128 kv_head=1 worker=1 profiled_total=303 q_load=1 k_load=68 v_load=98 qk_dot=2 safe_sm=127 scna_exp=0 state_update=2 param_prepare=0 core_acc=4 o_scale=1 o_store=2
FIG8_ATTENTION_TIMERS mode=baseline layout=serial phase=warmup iteration=1 lut_exp=0 scna_layout=0 scna_width=0 qo_len=4 kv_len=4096 n_heads=12 n_kv_heads=2 head_dim=128 kv_head=0 worker=1 profiled_total=304 q_load=1 k_load=68 v_load=98 qk_dot=2 safe_sm=130 scna_exp=0 state_update=1 param_prepare=0 core_acc=3 o_scale=1 o_store=1
FIG8_ATTENTION_TIMERS mode=baseline layout=serial phase=warmup iteration=1 lut_exp=0 scna_layout=0 scna_width=0 qo_len=4 kv_len=4096 n_heads=12 n_kv_heads=2 head_dim=128 kv_head=1 worker=1 profiled_total=301 q_load=1 k_load=67 v_load=97 qk_dot=2 safe_sm=128 scna_exp=0 state_update=1 param_prepare=0 core_acc=3 o_scale=1 o_store=2
FIG8_ATTENTION_TIMERS mode=baseline layout=serial phase=warmup iteration=1 lut_exp=0 scna_layout=0 scna_width=0 qo_len=4 kv_len=4096 n_heads=12 n_kv_heads=2 head_dim=128 kv_head=0 worker=1 profiled_total=302 q_load=1 k_load=68 v_load=97 qk_dot=1 safe_sm=129 scna_exp=0 state_update=1 param_prepare=0 core_acc=4 o_scale=1 o_store=1
FIG8_ATTENTION_TIMERS mode=baseline layout=serial phase=warmup iteration=1 lut_exp=0 scna_layout=0 scna_width=0 qo_len=4 kv_len=4096 n_heads=12 n_kv_heads=2 head_dim=128 kv_head=1 worker=1 profiled_total=314 q_load=1 k_load=68 v_load=107 qk_dot=2 safe_sm=129 scna_exp=0 state_update=2 param_prepare=0 core_acc=4 o_scale=1 o_store=2
FIG8_ATTENTION_TIMERS mode=baseline layout=serial phase=warmup iteration=1 lut_exp=0 scna_layout=0 scna_width=0 qo_len=4 kv_len=4096 n_heads=12 n_kv_heads=2 head_dim=128 kv_head=0 worker=1 profiled_total=312 q_load=1 k_load=68 v_load=106 qk_dot=1 safe_sm=131 scna_exp=0 state_update=1 param_prepare=0 core_acc=3 o_scale=1 o_store=1
FIG8_ATTENTION_TIMERS mode=baseline layout=serial phase=warmup iteration=1 lut_exp=0 scna_layout=0 scna_width=0 qo_len=4 kv_len=4096 n_heads=12 n_kv_heads=2 head_dim=128 kv_head=1 worker=1 profiled_total=300 q_load=1 k_load=68 v_load=93 qk_dot=2 safe_sm=129 scna_exp=0 state_update=2 param_prepare=0 core_acc=4 o_scale=1 o_store=2
FIG8_ATTENTION_EVENT_COUNT mode=baseline qo_len=32 phase=warmup iteration=1 events=0 max_events=0 overflow=0
FIG8_ATTENTION_CHECKSUM mode=baseline layout=serial scna_width=8 seed=20260810 phase=warmup iteration=1 checksum=0x0849a9896635ca77
FIG8_ATTENTION_HOST_TIMING mode=baseline layout=serial variant=pair_static_d8 workers=1 scna_width=8 seed=20260810 mask_mode=full qo_len=32 kv_len=4096 n_heads=12 n_kv_heads=2 head_dim=128 phase=warmup iteration=2 host_elapsed_us=5821 ret=0
FIG8_ATTENTION_PROFILE_COUNT mode=baseline qo_len=32 phase=warmup iteration=2 records=16 max_records=24
FIG8_ATTENTION_WORKERS mode=baseline variant=pair_static_d8 qo_len=32 phase=warmup iteration=2 requested_workers=1 active_workers=1 hvx_contexts=6 vtcm_worker_cap=8 tasks=16 q_task_rows=4
FIG8_ATTENTION_TIMERS mode=baseline layout=serial phase=warmup iteration=2 lut_exp=0 scna_layout=0 scna_width=0 qo_len=4 kv_len=4096 n_heads=12 n_kv_heads=2 head_dim=128 kv_head=0 worker=2 profiled_total=297 q_load=1 k_load=68 v_load=94 qk_dot=1 safe_sm=128 scna_exp=0 state_update=1 param_prepare=0 core_acc=3 o_scale=1 o_store=1
FIG8_ATTENTION_TIMERS mode=baseline layout=serial phase=warmup iteration=2 lut_exp=0 scna_layout=0 scna_width=0 qo_len=4 kv_len=4096 n_heads=12 n_kv_heads=2 head_dim=128 kv_head=1 worker=2 profiled_total=290 q_load=1 k_load=68 v_load=90 qk_dot=1 safe_sm=125 scna_exp=0 state_update=1 param_prepare=0 core_acc=2 o_scale=1 o_store=2
FIG8_ATTENTION_TIMERS mode=baseline layout=serial phase=warmup iteration=2 lut_exp=0 scna_layout=0 scna_width=0 qo_len=4 kv_len=4096 n_heads=12 n_kv_heads=2 head_dim=128 kv_head=0 worker=2 profiled_total=288 q_load=1 k_load=68 v_load=87 qk_dot=1 safe_sm=126 scna_exp=0 state_update=1 param_prepare=0 core_acc=3 o_scale=1 o_store=1
FIG8_ATTENTION_TIMERS mode=baseline layout=serial phase=warmup iteration=2 lut_exp=0 scna_layout=0 scna_width=0 qo_len=4 kv_len=4096 n_heads=12 n_kv_heads=2 head_dim=128 kv_head=1 worker=2 profiled_total=293 q_load=1 k_load=64 v_load=95 qk_dot=2 safe_sm=126 scna_exp=0 state_update=1 param_prepare=0 core_acc=2 o_scale=1 o_store=2
FIG8_ATTENTION_TIMERS mode=baseline layout=serial phase=warmup iteration=2 lut_exp=0 scna_layout=0 scna_width=0 qo_len=4 kv_len=4096 n_heads=12 n_kv_heads=2 head_dim=128 kv_head=0 worker=2 profiled_total=303 q_load=1 k_load=67 v_load=100 qk_dot=1 safe_sm=128 scna_exp=0 state_update=1 param_prepare=0 core_acc=4 o_scale=1 o_store=1
FIG8_ATTENTION_TIMERS mode=baseline layout=serial phase=warmup iteration=2 lut_exp=0 scna_layout=0 scna_width=0 qo_len=4 kv_len=4096 n_heads=12 n_kv_heads=2 head_dim=128 kv_head=1 worker=2 profiled_total=313 q_load=1 k_load=67 v_load=109 qk_dot=2 safe_sm=128 scna_exp=0 state_update=1 param_prepare=0 core_acc=3 o_scale=1 o_store=2
FIG8_ATTENTION_TIMERS mode=baseline layout=serial phase=warmup iteration=2 lut_exp=0 scna_layout=0 scna_width=0 qo_len=4 kv_len=4096 n_heads=12 n_kv_heads=2 head_dim=128 kv_head=0 worker=2 profiled_total=299 q_load=1 k_load=69 v_load=95 qk_dot=1 safe_sm=128 scna_exp=0 state_update=0 param_prepare=0 core_acc=3 o_scale=1 o_store=1
FIG8_ATTENTION_TIMERS mode=baseline layout=serial phase=warmup iteration=2 lut_exp=0 scna_layout=0 scna_width=0 qo_len=4 kv_len=4096 n_heads=12 n_kv_heads=2 head_dim=128 kv_head=1 worker=2 profiled_total=309 q_load=1 k_load=66 v_load=106 qk_dot=2 safe_sm=128 scna_exp=0 state_update=2 param_prepare=0 core_acc=3 o_scale=1 o_store=2
FIG8_ATTENTION_TIMERS mode=baseline layout=serial phase=warmup iteration=2 lut_exp=0 scna_layout=0 scna_width=0 qo_len=4 kv_len=4096 n_heads=12 n_kv_heads=2 head_dim=128 kv_head=0 worker=2 profiled_total=310 q_load=1 k_load=66 v_load=107 qk_dot=1 safe_sm=129 scna_exp=0 state_update=1 param_prepare=0 core_acc=4 o_scale=1 o_store=1
FIG8_ATTENTION_TIMERS mode=baseline layout=serial phase=warmup iteration=2 lut_exp=0 scna_layout=0 scna_width=0 qo_len=4 kv_len=4096 n_heads=12 n_kv_heads=2 head_dim=128 kv_head=1 worker=2 profiled_total=307 q_load=1 k_load=68 v_load=103 qk_dot=2 safe_sm=127 scna_exp=0 state_update=1 param_prepare=0 core_acc=3 o_scale=1 o_store=2
FIG8_ATTENTION_TIMERS mode=baseline layout=serial phase=warmup iteration=2 lut_exp=0 scna_layout=0 scna_width=0 qo_len=4 kv_len=4096 n_heads=12 n_kv_heads=2 head_dim=128 kv_head=0 worker=2 profiled_total=300 q_load=1 k_load=67 v_load=97 qk_dot=1 safe_sm=129 scna_exp=0 state_update=1 param_prepare=0 core_acc=3 o_scale=1 o_store=1
FIG8_ATTENTION_TIMERS mode=baseline layout=serial phase=warmup iteration=2 lut_exp=0 scna_layout=0 scna_width=0 qo_len=4 kv_len=4096 n_heads=12 n_kv_heads=2 head_dim=128 kv_head=1 worker=2 profiled_total=311 q_load=1 k_load=68 v_load=108 qk_dot=2 safe_sm=127 scna_exp=0 state_update=1 param_prepare=0 core_acc=2 o_scale=1 o_store=2
FIG8_ATTENTION_TIMERS mode=baseline layout=serial phase=warmup iteration=2 lut_exp=0 scna_layout=0 scna_width=0 qo_len=4 kv_len=4096 n_heads=12 n_kv_heads=2 head_dim=128 kv_head=0 worker=2 profiled_total=313 q_load=1 k_load=70 v_load=106 qk_dot=2 safe_sm=129 scna_exp=0 state_update=0 param_prepare=0 core_acc=3 o_scale=1 o_store=1
FIG8_ATTENTION_TIMERS mode=baseline layout=serial phase=warmup iteration=2 lut_exp=0 scna_layout=0 scna_width=0 qo_len=4 kv_len=4096 n_heads=12 n_kv_heads=2 head_dim=128 kv_head=1 worker=2 profiled_total=300 q_load=1 k_load=68 v_load=96 qk_dot=2 safe_sm=127 scna_exp=0 state_update=1 param_prepare=0 core_acc=3 o_scale=1 o_store=2
FIG8_ATTENTION_TIMERS mode=baseline layout=serial phase=warmup iteration=2 lut_exp=0 scna_layout=0 scna_width=0 qo_len=4 kv_len=4096 n_heads=12 n_kv_heads=2 head_dim=128 kv_head=0 worker=2 profiled_total=301 q_load=1 k_load=68 v_load=98 qk_dot=1 safe_sm=128 scna_exp=0 state_update=1 param_prepare=0 core_acc=3 o_scale=1 o_store=1
FIG8_ATTENTION_TIMERS mode=baseline layout=serial phase=warmup iteration=2 lut_exp=0 scna_layout=0 scna_width=0 qo_len=4 kv_len=4096 n_heads=12 n_kv_heads=2 head_dim=128 kv_head=1 worker=2 profiled_total=313 q_load=1 k_load=68 v_load=107 qk_dot=2 safe_sm=129 scna_exp=0 state_update=1 param_prepare=0 core_acc=3 o_scale=1 o_store=2
FIG8_ATTENTION_EVENT_COUNT mode=baseline qo_len=32 phase=warmup iteration=2 events=0 max_events=0 overflow=0
FIG8_ATTENTION_CHECKSUM mode=baseline layout=serial scna_width=8 seed=20260810 phase=warmup iteration=2 checksum=0x0849a9896635ca77
FIG8_ATTENTION_HOST_TIMING mode=baseline layout=serial variant=pair_static_d8 workers=1 scna_width=8 seed=20260810 mask_mode=full qo_len=32 kv_len=4096 n_heads=12 n_kv_heads=2 head_dim=128 phase=warmup iteration=3 host_elapsed_us=5758 ret=0
FIG8_ATTENTION_PROFILE_COUNT mode=baseline qo_len=32 phase=warmup iteration=3 records=16 max_records=24
FIG8_ATTENTION_WORKERS mode=baseline variant=pair_static_d8 qo_len=32 phase=warmup iteration=3 requested_workers=1 active_workers=1 hvx_contexts=6 vtcm_worker_cap=8 tasks=16 q_task_rows=4
FIG8_ATTENTION_TIMERS mode=baseline layout=serial phase=warmup iteration=3 lut_exp=0 scna_layout=0 scna_width=0 qo_len=4 kv_len=4096 n_heads=12 n_kv_heads=2 head_dim=128 kv_head=0 worker=3 profiled_total=294 q_load=1 k_load=67 v_load=94 qk_dot=1 safe_sm=127 scna_exp=0 state_update=0 param_prepare=0 core_acc=2 o_scale=1 o_store=1
FIG8_ATTENTION_TIMERS mode=baseline layout=serial phase=warmup iteration=3 lut_exp=0 scna_layout=0 scna_width=0 qo_len=4 kv_len=4096 n_heads=12 n_kv_heads=2 head_dim=128 kv_head=1 worker=3 profiled_total=288 q_load=1 k_load=66 v_load=90 qk_dot=1 safe_sm=126 scna_exp=0 state_update=1 param_prepare=0 core_acc=1 o_scale=1 o_store=2
FIG8_ATTENTION_TIMERS mode=baseline layout=serial phase=warmup iteration=3 lut_exp=0 scna_layout=0 scna_width=0 qo_len=4 kv_len=4096 n_heads=12 n_kv_heads=2 head_dim=128 kv_head=0 worker=3 profiled_total=283 q_load=1 k_load=65 v_load=87 qk_dot=2 safe_sm=124 scna_exp=0 state_update=1 param_prepare=0 core_acc=2 o_scale=1 o_store=1
FIG8_ATTENTION_TIMERS mode=baseline layout=serial phase=warmup iteration=3 lut_exp=0 scna_layout=0 scna_width=0 qo_len=4 kv_len=4096 n_heads=12 n_kv_heads=2 head_dim=128 kv_head=1 worker=3 profiled_total=307 q_load=1 k_load=66 v_load=108 qk_dot=1 safe_sm=125 scna_exp=0 state_update=1 param_prepare=0 core_acc=3 o_scale=1 o_store=2
FIG8_ATTENTION_TIMERS mode=baseline layout=serial phase=warmup iteration=3 lut_exp=0 scna_layout=0 scna_width=0 qo_len=4 kv_len=4096 n_heads=12 n_kv_heads=2 head_dim=128 kv_head=0 worker=3 profiled_total=310 q_load=1 k_load=69 v_load=107 qk_dot=1 safe_sm=127 scna_exp=0 state_update=1 param_prepare=0 core_acc=3 o_scale=1 o_store=1
FIG8_ATTENTION_TIMERS mode=baseline layout=serial phase=warmup iteration=3 lut_exp=0 scna_layout=0 scna_width=0 qo_len=4 kv_len=4096 n_heads=12 n_kv_heads=2 head_dim=128 kv_head=1 worker=3 profiled_total=298 q_load=1 k_load=67 v_load=97 qk_dot=2 safe_sm=125 scna_exp=0 state_update=1 param_prepare=0 core_acc=3 o_scale=1 o_store=2
FIG8_ATTENTION_TIMERS mode=baseline layout=serial phase=warmup iteration=3 lut_exp=0 scna_layout=0 scna_width=0 qo_len=4 kv_len=4096 n_heads=12 n_kv_heads=2 head_dim=128 kv_head=0 worker=3 profiled_total=300 q_load=1 k_load=65 v_load=100 qk_dot=1 safe_sm=128 scna_exp=0 state_update=1 param_prepare=0 core_acc=3 o_scale=1 o_store=1
FIG8_ATTENTION_TIMERS mode=baseline layout=serial phase=warmup iteration=3 lut_exp=0 scna_layout=0 scna_width=0 qo_len=4 kv_len=4096 n_heads=12 n_kv_heads=2 head_dim=128 kv_head=1 worker=3 profiled_total=304 q_load=1 k_load=66 v_load=100 qk_dot=2 safe_sm=128 scna_exp=0 state_update=1 param_prepare=0 core_acc=4 o_scale=1 o_store=2
FIG8_ATTENTION_TIMERS mode=baseline layout=serial phase=warmup iteration=3 lut_exp=0 scna_layout=0 scna_width=0 qo_len=4 kv_len=4096 n_heads=12 n_kv_heads=2 head_dim=128 kv_head=0 worker=3 profiled_total=295 q_load=1 k_load=66 v_load=97 qk_dot=1 safe_sm=125 scna_exp=0 state_update=1 param_prepare=0 core_acc=3 o_scale=1 o_store=1
FIG8_ATTENTION_TIMERS mode=baseline layout=serial phase=warmup iteration=3 lut_exp=0 scna_layout=0 scna_width=0 qo_len=4 kv_len=4096 n_heads=12 n_kv_heads=2 head_dim=128 kv_head=1 worker=3 profiled_total=308 q_load=1 k_load=66 v_load=107 qk_dot=2 safe_sm=126 scna_exp=0 state_update=1 param_prepare=0 core_acc=3 o_scale=1 o_store=2
FIG8_ATTENTION_TIMERS mode=baseline layout=serial phase=warmup iteration=3 lut_exp=0 scna_layout=0 scna_width=0 qo_len=4 kv_len=4096 n_heads=12 n_kv_heads=2 head_dim=128 kv_head=0 worker=3 profiled_total=304 q_load=1 k_load=66 v_load=98 qk_dot=2 safe_sm=130 scna_exp=0 state_update=2 param_prepare=0 core_acc=5 o_scale=1 o_store=1
FIG8_ATTENTION_TIMERS mode=baseline layout=serial phase=warmup iteration=3 lut_exp=0 scna_layout=0 scna_width=0 qo_len=4 kv_len=4096 n_heads=12 n_kv_heads=2 head_dim=128 kv_head=1 worker=3 profiled_total=296 q_load=1 k_load=66 v_load=99 qk_dot=1 safe_sm=125 scna_exp=0 state_update=0 param_prepare=0 core_acc=1 o_scale=1 o_store=2
FIG8_ATTENTION_TIMERS mode=baseline layout=serial phase=warmup iteration=3 lut_exp=0 scna_layout=0 scna_width=0 qo_len=4 kv_len=4096 n_heads=12 n_kv_heads=2 head_dim=128 kv_head=0 worker=3 profiled_total=304 q_load=1 k_load=68 v_load=101 qk_dot=1 safe_sm=128 scna_exp=0 state_update=1 param_prepare=0 core_acc=3 o_scale=1 o_store=1
FIG8_ATTENTION_TIMERS mode=baseline layout=serial phase=warmup iteration=3 lut_exp=0 scna_layout=0 scna_width=0 qo_len=4 kv_len=4096 n_heads=12 n_kv_heads=2 head_dim=128 kv_head=1 worker=3 profiled_total=304 q_load=1 k_load=68 v_load=97 qk_dot=2 safe_sm=126 scna_exp=0 state_update=3 param_prepare=0 core_acc=7 o_scale=1 o_store=2
FIG8_ATTENTION_TIMERS mode=baseline layout=serial phase=warmup iteration=3 lut_exp=0 scna_layout=0 scna_width=0 qo_len=4 kv_len=4096 n_heads=12 n_kv_heads=2 head_dim=128 kv_head=0 worker=3 profiled_total=297 q_load=1 k_load=65 v_load=97 qk_dot=1 safe_sm=128 scna_exp=0 state_update=1 param_prepare=0 core_acc=3 o_scale=1 o_store=1
FIG8_ATTENTION_TIMERS mode=baseline layout=serial phase=warmup iteration=3 lut_exp=0 scna_layout=0 scna_width=0 qo_len=4 kv_len=4096 n_heads=12 n_kv_heads=2 head_dim=128 kv_head=1 worker=3 profiled_total=308 q_load=1 k_load=67 v_load=104 qk_dot=1 safe_sm=128 scna_exp=0 state_update=2 param_prepare=0 core_acc=4 o_scale=1 o_store=2
FIG8_ATTENTION_EVENT_COUNT mode=baseline qo_len=32 phase=warmup iteration=3 events=0 max_events=0 overflow=0
FIG8_ATTENTION_CHECKSUM mode=baseline layout=serial scna_width=8 seed=20260810 phase=warmup iteration=3 checksum=0x0849a9896635ca77
FIG8_ATTENTION_HOST_TIMING mode=baseline layout=serial variant=pair_static_d8 workers=1 scna_width=8 seed=20260810 mask_mode=full qo_len=32 kv_len=4096 n_heads=12 n_kv_heads=2 head_dim=128 phase=warmup iteration=4 host_elapsed_us=5683 ret=0
FIG8_ATTENTION_PROFILE_COUNT mode=baseline qo_len=32 phase=warmup iteration=4 records=16 max_records=24
FIG8_ATTENTION_WORKERS mode=baseline variant=pair_static_d8 qo_len=32 phase=warmup iteration=4 requested_workers=1 active_workers=1 hvx_contexts=6 vtcm_worker_cap=8 tasks=16 q_task_rows=4
FIG8_ATTENTION_TIMERS mode=baseline layout=serial phase=warmup iteration=4 lut_exp=0 scna_layout=0 scna_width=0 qo_len=4 kv_len=4096 n_heads=12 n_kv_heads=2 head_dim=128 kv_head=0 worker=4 profiled_total=288 q_load=1 k_load=68 v_load=90 qk_dot=1 safe_sm=124 scna_exp=0 state_update=1 param_prepare=0 core_acc=2 o_scale=1 o_store=1
FIG8_ATTENTION_TIMERS mode=baseline layout=serial phase=warmup iteration=4 lut_exp=0 scna_layout=0 scna_width=0 qo_len=4 kv_len=4096 n_heads=12 n_kv_heads=2 head_dim=128 kv_head=1 worker=4 profiled_total=291 q_load=1 k_load=69 v_load=91 qk_dot=1 safe_sm=124 scna_exp=0 state_update=1 param_prepare=0 core_acc=2 o_scale=1 o_store=2
FIG8_ATTENTION_TIMERS mode=baseline layout=serial phase=warmup iteration=4 lut_exp=0 scna_layout=0 scna_width=0 qo_len=4 kv_len=4096 n_heads=12 n_kv_heads=2 head_dim=128 kv_head=0 worker=4 profiled_total=285 q_load=1 k_load=67 v_load=87 qk_dot=1 safe_sm=124 scna_exp=0 state_update=1 param_prepare=0 core_acc=3 o_scale=1 o_store=1
FIG8_ATTENTION_TIMERS mode=baseline layout=serial phase=warmup iteration=4 lut_exp=0 scna_layout=0 scna_width=0 qo_len=4 kv_len=4096 n_heads=12 n_kv_heads=2 head_dim=128 kv_head=1 worker=4 profiled_total=309 q_load=1 k_load=67 v_load=108 qk_dot=2 safe_sm=127 scna_exp=0 state_update=1 param_prepare=0 core_acc=2 o_scale=1 o_store=1
FIG8_ATTENTION_TIMERS mode=baseline layout=serial phase=warmup iteration=4 lut_exp=0 scna_layout=0 scna_width=0 qo_len=4 kv_len=4096 n_heads=12 n_kv_heads=2 head_dim=128 kv_head=0 worker=4 profiled_total=300 q_load=1 k_load=66 v_load=101 qk_dot=1 safe_sm=126 scna_exp=0 state_update=1 param_prepare=0 core_acc=3 o_scale=1 o_store=1
FIG8_ATTENTION_TIMERS mode=baseline layout=serial phase=warmup iteration=4 lut_exp=0 scna_layout=0 scna_width=0 qo_len=4 kv_len=4096 n_heads=12 n_kv_heads=2 head_dim=128 kv_head=1 worker=4 profiled_total=303 q_load=1 k_load=67 v_load=102 qk_dot=2 safe_sm=125 scna_exp=0 state_update=1 param_prepare=0 core_acc=3 o_scale=1 o_store=2
FIG8_ATTENTION_TIMERS mode=baseline layout=serial phase=warmup iteration=4 lut_exp=0 scna_layout=0 scna_width=0 qo_len=4 kv_len=4096 n_heads=12 n_kv_heads=2 head_dim=128 kv_head=0 worker=4 profiled_total=297 q_load=1 k_load=67 v_load=96 qk_dot=1 safe_sm=127 scna_exp=0 state_update=0 param_prepare=0 core_acc=3 o_scale=1 o_store=1
FIG8_ATTENTION_TIMERS mode=baseline layout=serial phase=warmup iteration=4 lut_exp=0 scna_layout=0 scna_width=0 qo_len=4 kv_len=4096 n_heads=12 n_kv_heads=2 head_dim=128 kv_head=1 worker=4 profiled_total=292 q_load=1 k_load=69 v_load=87 qk_dot=2 safe_sm=126 scna_exp=0 state_update=2 param_prepare=0 core_acc=4 o_scale=1 o_store=2
FIG8_ATTENTION_TIMERS mode=baseline layout=serial phase=warmup iteration=4 lut_exp=0 scna_layout=0 scna_width=0 qo_len=4 kv_len=4096 n_heads=12 n_kv_heads=2 head_dim=128 kv_head=0 worker=4 profiled_total=298 q_load=1 k_load=65 v_load=100 qk_dot=1 safe_sm=126 scna_exp=0 state_update=1 param_prepare=0 core_acc=3 o_scale=1 o_store=1
FIG8_ATTENTION_TIMERS mode=baseline layout=serial phase=warmup iteration=4 lut_exp=0 scna_layout=0 scna_width=0 qo_len=4 kv_len=4096 n_heads=12 n_kv_heads=2 head_dim=128 kv_head=1 worker=4 profiled_total=310 q_load=1 k_load=66 v_load=111 qk_dot=2 safe_sm=125 scna_exp=0 state_update=1 param_prepare=0 core_acc=2 o_scale=1 o_store=2
FIG8_ATTENTION_TIMERS mode=baseline layout=serial phase=warmup iteration=4 lut_exp=0 scna_layout=0 scna_width=0 qo_len=4 kv_len=4096 n_heads=12 n_kv_heads=2 head_dim=128 kv_head=0 worker=4 profiled_total=301 q_load=1 k_load=66 v_load=102 qk_dot=1 safe_sm=126 scna_exp=0 state_update=1 param_prepare=0 core_acc=3 o_scale=1 o_store=1
FIG8_ATTENTION_TIMERS mode=baseline layout=serial phase=warmup iteration=4 lut_exp=0 scna_layout=0 scna_width=0 qo_len=4 kv_len=4096 n_heads=12 n_kv_heads=2 head_dim=128 kv_head=1 worker=4 profiled_total=302 q_load=1 k_load=68 v_load=101 qk_dot=2 safe_sm=126 scna_exp=0 state_update=1 param_prepare=0 core_acc=2 o_scale=1 o_store=1
FIG8_ATTENTION_TIMERS mode=baseline layout=serial phase=warmup iteration=4 lut_exp=0 scna_layout=0 scna_width=0 qo_len=4 kv_len=4096 n_heads=12 n_kv_heads=2 head_dim=128 kv_head=0 worker=4 profiled_total=295 q_load=1 k_load=66 v_load=95 qk_dot=1 safe_sm=126 scna_exp=0 state_update=0 param_prepare=0 core_acc=4 o_scale=1 o_store=1
FIG8_ATTENTION_TIMERS mode=baseline layout=serial phase=warmup iteration=4 lut_exp=0 scna_layout=0 scna_width=0 qo_len=4 kv_len=4096 n_heads=12 n_kv_heads=2 head_dim=128 kv_head=1 worker=4 profiled_total=303 q_load=1 k_load=67 v_load=102 qk_dot=2 safe_sm=125 scna_exp=0 state_update=1 param_prepare=0 core_acc=3 o_scale=1 o_store=2
FIG8_ATTENTION_TIMERS mode=baseline layout=serial phase=warmup iteration=4 lut_exp=0 scna_layout=0 scna_width=0 qo_len=4 kv_len=4096 n_heads=12 n_kv_heads=2 head_dim=128 kv_head=0 worker=4 profiled_total=304 q_load=1 k_load=67 v_load=103 qk_dot=1 safe_sm=127 scna_exp=0 state_update=1 param_prepare=0 core_acc=3 o_scale=1 o_store=1
FIG8_ATTENTION_TIMERS mode=baseline layout=serial phase=warmup iteration=4 lut_exp=0 scna_layout=0 scna_width=0 qo_len=4 kv_len=4096 n_heads=12 n_kv_heads=2 head_dim=128 kv_head=1 worker=4 profiled_total=305 q_load=1 k_load=69 v_load=99 qk_dot=2 safe_sm=127 scna_exp=0 state_update=2 param_prepare=0 core_acc=4 o_scale=1 o_store=2
FIG8_ATTENTION_EVENT_COUNT mode=baseline qo_len=32 phase=warmup iteration=4 events=0 max_events=0 overflow=0
FIG8_ATTENTION_CHECKSUM mode=baseline layout=serial scna_width=8 seed=20260810 phase=warmup iteration=4 checksum=0x0849a9896635ca77
FIG8_ATTENTION_HOST_TIMING mode=baseline layout=serial variant=pair_static_d8 workers=1 scna_width=8 seed=20260810 mask_mode=full qo_len=32 kv_len=4096 n_heads=12 n_kv_heads=2 head_dim=128 phase=measure iteration=0 host_elapsed_us=5668 ret=0
FIG8_ATTENTION_PROFILE_COUNT mode=baseline qo_len=32 phase=measure iteration=0 records=16 max_records=24
FIG8_ATTENTION_WORKERS mode=baseline variant=pair_static_d8 qo_len=32 phase=measure iteration=0 requested_workers=1 active_workers=1 hvx_contexts=6 vtcm_worker_cap=8 tasks=16 q_task_rows=4
FIG8_ATTENTION_TIMERS mode=baseline layout=serial phase=measure iteration=0 lut_exp=0 scna_layout=0 scna_width=0 qo_len=4 kv_len=4096 n_heads=12 n_kv_heads=2 head_dim=128 kv_head=0 worker=5 profiled_total=287 q_load=1 k_load=67 v_load=89 qk_dot=1 safe_sm=125 scna_exp=0 state_update=0 param_prepare=0 core_acc=2 o_scale=1 o_store=1
FIG8_ATTENTION_TIMERS mode=baseline layout=serial phase=measure iteration=0 lut_exp=0 scna_layout=0 scna_width=0 qo_len=4 kv_len=4096 n_heads=12 n_kv_heads=2 head_dim=128 kv_head=1 worker=5 profiled_total=287 q_load=1 k_load=67 v_load=89 qk_dot=1 safe_sm=124 scna_exp=0 state_update=1 param_prepare=0 core_acc=2 o_scale=1 o_store=2
FIG8_ATTENTION_TIMERS mode=baseline layout=serial phase=measure iteration=0 lut_exp=0 scna_layout=0 scna_width=0 qo_len=4 kv_len=4096 n_heads=12 n_kv_heads=2 head_dim=128 kv_head=0 worker=5 profiled_total=283 q_load=1 k_load=68 v_load=84 qk_dot=1 safe_sm=124 scna_exp=0 state_update=1 param_prepare=0 core_acc=3 o_scale=1 o_store=1
FIG8_ATTENTION_TIMERS mode=baseline layout=serial phase=measure iteration=0 lut_exp=0 scna_layout=0 scna_width=0 qo_len=4 kv_len=4096 n_heads=12 n_kv_heads=2 head_dim=128 kv_head=1 worker=5 profiled_total=300 q_load=1 k_load=67 v_load=98 qk_dot=2 safe_sm=128 scna_exp=0 state_update=1 param_prepare=0 core_acc=2 o_scale=1 o_store=1
FIG8_ATTENTION_TIMERS mode=baseline layout=serial phase=measure iteration=0 lut_exp=0 scna_layout=0 scna_width=0 qo_len=4 kv_len=4096 n_heads=12 n_kv_heads=2 head_dim=128 kv_head=0 worker=5 profiled_total=297 q_load=1 k_load=70 v_load=95 qk_dot=1 safe_sm=125 scna_exp=0 state_update=1 param_prepare=0 core_acc=3 o_scale=1 o_store=1
FIG8_ATTENTION_TIMERS mode=baseline layout=serial phase=measure iteration=0 lut_exp=0 scna_layout=0 scna_width=0 qo_len=4 kv_len=4096 n_heads=12 n_kv_heads=2 head_dim=128 kv_head=1 worker=5 profiled_total=306 q_load=1 k_load=66 v_load=106 qk_dot=2 safe_sm=126 scna_exp=0 state_update=1 param_prepare=0 core_acc=2 o_scale=1 o_store=2
FIG8_ATTENTION_TIMERS mode=baseline layout=serial phase=measure iteration=0 lut_exp=0 scna_layout=0 scna_width=0 qo_len=4 kv_len=4096 n_heads=12 n_kv_heads=2 head_dim=128 kv_head=0 worker=5 profiled_total=291 q_load=1 k_load=66 v_load=91 qk_dot=2 safe_sm=126 scna_exp=0 state_update=1 param_prepare=0 core_acc=3 o_scale=1 o_store=1
FIG8_ATTENTION_TIMERS mode=baseline layout=serial phase=measure iteration=0 lut_exp=0 scna_layout=0 scna_width=0 qo_len=4 kv_len=4096 n_heads=12 n_kv_heads=2 head_dim=128 kv_head=1 worker=5 profiled_total=300 q_load=1 k_load=69 v_load=96 qk_dot=2 safe_sm=125 scna_exp=0 state_update=2 param_prepare=0 core_acc=4 o_scale=1 o_store=2
FIG8_ATTENTION_TIMERS mode=baseline layout=serial phase=measure iteration=0 lut_exp=0 scna_layout=0 scna_width=0 qo_len=4 kv_len=4096 n_heads=12 n_kv_heads=2 head_dim=128 kv_head=0 worker=5 profiled_total=293 q_load=1 k_load=65 v_load=95 qk_dot=1 safe_sm=125 scna_exp=0 state_update=1 param_prepare=0 core_acc=4 o_scale=1 o_store=1
FIG8_ATTENTION_TIMERS mode=baseline layout=serial phase=measure iteration=0 lut_exp=0 scna_layout=0 scna_width=0 qo_len=4 kv_len=4096 n_heads=12 n_kv_heads=2 head_dim=128 kv_head=1 worker=5 profiled_total=300 q_load=1 k_load=67 v_load=100 qk_dot=2 safe_sm=124 scna_exp=0 state_update=1 param_prepare=0 core_acc=3 o_scale=1 o_store=2
FIG8_ATTENTION_TIMERS mode=baseline layout=serial phase=measure iteration=0 lut_exp=0 scna_layout=0 scna_width=0 qo_len=4 kv_len=4096 n_heads=12 n_kv_heads=2 head_dim=128 kv_head=0 worker=5 profiled_total=303 q_load=1 k_load=67 v_load=102 qk_dot=1 safe_sm=127 scna_exp=0 state_update=1 param_prepare=0 core_acc=3 o_scale=1 o_store=1
FIG8_ATTENTION_TIMERS mode=baseline layout=serial phase=measure iteration=0 lut_exp=0 scna_layout=0 scna_width=0 qo_len=4 kv_len=4096 n_heads=12 n_kv_heads=2 head_dim=128 kv_head=1 worker=5 profiled_total=298 q_load=1 k_load=67 v_load=98 qk_dot=2 safe_sm=125 scna_exp=0 state_update=1 param_prepare=0 core_acc=2 o_scale=1 o_store=2
FIG8_ATTENTION_TIMERS mode=baseline layout=serial phase=measure iteration=0 lut_exp=0 scna_layout=0 scna_width=0 qo_len=4 kv_len=4096 n_heads=12 n_kv_heads=2 head_dim=128 kv_head=0 worker=5 profiled_total=294 q_load=1 k_load=71 v_load=90 qk_dot=1 safe_sm=125 scna_exp=0 state_update=1 param_prepare=0 core_acc=4 o_scale=1 o_store=1
FIG8_ATTENTION_TIMERS mode=baseline layout=serial phase=measure iteration=0 lut_exp=0 scna_layout=0 scna_width=0 qo_len=4 kv_len=4096 n_heads=12 n_kv_heads=2 head_dim=128 kv_head=1 worker=5 profiled_total=306 q_load=1 k_load=68 v_load=104 qk_dot=2 safe_sm=126 scna_exp=0 state_update=1 param_prepare=0 core_acc=3 o_scale=1 o_store=1
FIG8_ATTENTION_TIMERS mode=baseline layout=serial phase=measure iteration=0 lut_exp=0 scna_layout=0 scna_width=0 qo_len=4 kv_len=4096 n_heads=12 n_kv_heads=2 head_dim=128 kv_head=0 worker=5 profiled_total=296 q_load=1 k_load=67 v_load=95 qk_dot=1 safe_sm=126 scna_exp=0 state_update=1 param_prepare=0 core_acc=4 o_scale=1 o_store=1
FIG8_ATTENTION_TIMERS mode=baseline layout=serial phase=measure iteration=0 lut_exp=0 scna_layout=0 scna_width=0 qo_len=4 kv_len=4096 n_heads=12 n_kv_heads=2 head_dim=128 kv_head=1 worker=5 profiled_total=296 q_load=1 k_load=66 v_load=97 qk_dot=2 safe_sm=125 scna_exp=0 state_update=0 param_prepare=0 core_acc=2 o_scale=1 o_store=2
FIG8_ATTENTION_EVENT_COUNT mode=baseline qo_len=32 phase=measure iteration=0 events=0 max_events=0 overflow=0
FIG8_ATTENTION_CHECKSUM mode=baseline layout=serial scna_width=8 seed=20260810 phase=measure iteration=0 checksum=0x0849a9896635ca77
FIG8_ATTENTION_HOST_TIMING mode=baseline layout=serial variant=pair_static_d8 workers=1 scna_width=8 seed=20260810 mask_mode=full qo_len=32 kv_len=4096 n_heads=12 n_kv_heads=2 head_dim=128 phase=measure iteration=1 host_elapsed_us=5660 ret=0
FIG8_ATTENTION_PROFILE_COUNT mode=baseline qo_len=32 phase=measure iteration=1 records=16 max_records=24
FIG8_ATTENTION_WORKERS mode=baseline variant=pair_static_d8 qo_len=32 phase=measure iteration=1 requested_workers=1 active_workers=1 hvx_contexts=6 vtcm_worker_cap=8 tasks=16 q_task_rows=4
FIG8_ATTENTION_TIMERS mode=baseline layout=serial phase=measure iteration=1 lut_exp=0 scna_layout=0 scna_width=0 qo_len=4 kv_len=4096 n_heads=12 n_kv_heads=2 head_dim=128 kv_head=0 worker=0 profiled_total=282 q_load=1 k_load=66 v_load=86 qk_dot=1 safe_sm=124 scna_exp=0 state_update=0 param_prepare=0 core_acc=2 o_scale=1 o_store=1
FIG8_ATTENTION_TIMERS mode=baseline layout=serial phase=measure iteration=1 lut_exp=0 scna_layout=0 scna_width=0 qo_len=4 kv_len=4096 n_heads=12 n_kv_heads=2 head_dim=128 kv_head=1 worker=0 profiled_total=284 q_load=1 k_load=67 v_load=87 qk_dot=1 safe_sm=124 scna_exp=0 state_update=1 param_prepare=0 core_acc=2 o_scale=1 o_store=1
FIG8_ATTENTION_TIMERS mode=baseline layout=serial phase=measure iteration=1 lut_exp=0 scna_layout=0 scna_width=0 qo_len=4 kv_len=4096 n_heads=12 n_kv_heads=2 head_dim=128 kv_head=0 worker=0 profiled_total=289 q_load=1 k_load=69 v_load=88 qk_dot=2 safe_sm=124 scna_exp=0 state_update=1 param_prepare=0 core_acc=3 o_scale=1 o_store=1
FIG8_ATTENTION_TIMERS mode=baseline layout=serial phase=measure iteration=1 lut_exp=0 scna_layout=0 scna_width=0 qo_len=4 kv_len=4096 n_heads=12 n_kv_heads=2 head_dim=128 kv_head=1 worker=0 profiled_total=289 q_load=1 k_load=67 v_load=92 qk_dot=1 safe_sm=124 scna_exp=0 state_update=1 param_prepare=0 core_acc=2 o_scale=1 o_store=1
FIG8_ATTENTION_TIMERS mode=baseline layout=serial phase=measure iteration=1 lut_exp=0 scna_layout=0 scna_width=0 qo_len=4 kv_len=4096 n_heads=12 n_kv_heads=2 head_dim=128 kv_head=0 worker=0 profiled_total=297 q_load=1 k_load=72 v_load=92 qk_dot=2 safe_sm=125 scna_exp=0 state_update=1 param_prepare=0 core_acc=3 o_scale=1 o_store=1
FIG8_ATTENTION_TIMERS mode=baseline layout=serial phase=measure iteration=1 lut_exp=0 scna_layout=0 scna_width=0 qo_len=4 kv_len=4096 n_heads=12 n_kv_heads=2 head_dim=128 kv_head=1 worker=0 profiled_total=300 q_load=1 k_load=65 v_load=100 qk_dot=2 safe_sm=125 scna_exp=0 state_update=2 param_prepare=0 core_acc=4 o_scale=1 o_store=2
FIG8_ATTENTION_TIMERS mode=baseline layout=serial phase=measure iteration=1 lut_exp=0 scna_layout=0 scna_width=0 qo_len=4 kv_len=4096 n_heads=12 n_kv_heads=2 head_dim=128 kv_head=0 worker=0 profiled_total=299 q_load=1 k_load=66 v_load=100 qk_dot=2 safe_sm=125 scna_exp=0 state_update=2 param_prepare=0 core_acc=3 o_scale=1 o_store=1
FIG8_ATTENTION_TIMERS mode=baseline layout=serial phase=measure iteration=1 lut_exp=0 scna_layout=0 scna_width=0 qo_len=4 kv_len=4096 n_heads=12 n_kv_heads=2 head_dim=128 kv_head=1 worker=0 profiled_total=305 q_load=1 k_load=71 v_load=99 qk_dot=2 safe_sm=126 scna_exp=0 state_update=2 param_prepare=0 core_acc=4 o_scale=1 o_store=1
FIG8_ATTENTION_TIMERS mode=baseline layout=serial phase=measure iteration=1 lut_exp=0 scna_layout=0 scna_width=0 qo_len=4 kv_len=4096 n_heads=12 n_kv_heads=2 head_dim=128 kv_head=0 worker=0 profiled_total=293 q_load=1 k_load=67 v_load=93 qk_dot=2 safe_sm=125 scna_exp=0 state_update=1 param_prepare=0 core_acc=3 o_scale=1 o_store=1
FIG8_ATTENTION_TIMERS mode=baseline layout=serial phase=measure iteration=1 lut_exp=0 scna_layout=0 scna_width=0 qo_len=4 kv_len=4096 n_heads=12 n_kv_heads=2 head_dim=128 kv_head=1 worker=0 profiled_total=301 q_load=1 k_load=67 v_load=101 qk_dot=2 safe_sm=125 scna_exp=0 state_update=1 param_prepare=0 core_acc=2 o_scale=1 o_store=2
FIG8_ATTENTION_TIMERS mode=baseline layout=serial phase=measure iteration=1 lut_exp=0 scna_layout=0 scna_width=0 qo_len=4 kv_len=4096 n_heads=12 n_kv_heads=2 head_dim=128 kv_head=0 worker=0 profiled_total=299 q_load=1 k_load=65 v_load=102 qk_dot=1 safe_sm=125 scna_exp=0 state_update=1 param_prepare=0 core_acc=3 o_scale=1 o_store=1
FIG8_ATTENTION_TIMERS mode=baseline layout=serial phase=measure iteration=1 lut_exp=0 scna_layout=0 scna_width=0 qo_len=4 kv_len=4096 n_heads=12 n_kv_heads=2 head_dim=128 kv_head=1 worker=0 profiled_total=295 q_load=1 k_load=67 v_load=96 qk_dot=2 safe_sm=125 scna_exp=0 state_update=1 param_prepare=0 core_acc=2 o_scale=1 o_store=1
FIG8_ATTENTION_TIMERS mode=baseline layout=serial phase=measure iteration=1 lut_exp=0 scna_layout=0 scna_width=0 qo_len=4 kv_len=4096 n_heads=12 n_kv_heads=2 head_dim=128 kv_head=0 worker=0 profiled_total=299 q_load=1 k_load=69 v_load=98 qk_dot=1 safe_sm=125 scna_exp=0 state_update=1 param_prepare=0 core_acc=3 o_scale=1 o_store=1
FIG8_ATTENTION_TIMERS mode=baseline layout=serial phase=measure iteration=1 lut_exp=0 scna_layout=0 scna_width=0 qo_len=4 kv_len=4096 n_heads=12 n_kv_heads=2 head_dim=128 kv_head=1 worker=0 profiled_total=307 q_load=1 k_load=68 v_load=106 qk_dot=2 safe_sm=125 scna_exp=0 state_update=1 param_prepare=0 core_acc=2 o_scale=1 o_store=2
FIG8_ATTENTION_TIMERS mode=baseline layout=serial phase=measure iteration=1 lut_exp=0 scna_layout=0 scna_width=0 qo_len=4 kv_len=4096 n_heads=12 n_kv_heads=2 head_dim=128 kv_head=0 worker=0 profiled_total=293 q_load=1 k_load=69 v_load=92 qk_dot=1 safe_sm=125 scna_exp=0 state_update=1 param_prepare=0 core_acc=3 o_scale=1 o_store=1
FIG8_ATTENTION_TIMERS mode=baseline layout=serial phase=measure iteration=1 lut_exp=0 scna_layout=0 scna_width=0 qo_len=4 kv_len=4096 n_heads=12 n_kv_heads=2 head_dim=128 kv_head=1 worker=0 profiled_total=299 q_load=1 k_load=67 v_load=98 qk_dot=2 safe_sm=125 scna_exp=0 state_update=1 param_prepare=0 core_acc=3 o_scale=1 o_store=2
FIG8_ATTENTION_EVENT_COUNT mode=baseline qo_len=32 phase=measure iteration=1 events=0 max_events=0 overflow=0
FIG8_ATTENTION_CHECKSUM mode=baseline layout=serial scna_width=8 seed=20260810 phase=measure iteration=1 checksum=0x0849a9896635ca77
FIG8_ATTENTION_HOST_TIMING mode=baseline layout=serial variant=pair_static_d8 workers=1 scna_width=8 seed=20260810 mask_mode=full qo_len=32 kv_len=4096 n_heads=12 n_kv_heads=2 head_dim=128 phase=measure iteration=2 host_elapsed_us=5661 ret=0
FIG8_ATTENTION_PROFILE_COUNT mode=baseline qo_len=32 phase=measure iteration=2 records=16 max_records=24
FIG8_ATTENTION_WORKERS mode=baseline variant=pair_static_d8 qo_len=32 phase=measure iteration=2 requested_workers=1 active_workers=1 hvx_contexts=6 vtcm_worker_cap=8 tasks=16 q_task_rows=4
FIG8_ATTENTION_TIMERS mode=baseline layout=serial phase=measure iteration=2 lut_exp=0 scna_layout=0 scna_width=0 qo_len=4 kv_len=4096 n_heads=12 n_kv_heads=2 head_dim=128 kv_head=0 worker=1 profiled_total=281 q_load=1 k_load=65 v_load=87 qk_dot=1 safe_sm=123 scna_exp=0 state_update=1 param_prepare=0 core_acc=2 o_scale=1 o_store=1
FIG8_ATTENTION_TIMERS mode=baseline layout=serial phase=measure iteration=2 lut_exp=0 scna_layout=0 scna_width=0 qo_len=4 kv_len=4096 n_heads=12 n_kv_heads=2 head_dim=128 kv_head=1 worker=1 profiled_total=296 q_load=1 k_load=66 v_load=94 qk_dot=2 safe_sm=126 scna_exp=0 state_update=1 param_prepare=0 core_acc=5 o_scale=1 o_store=1
FIG8_ATTENTION_TIMERS mode=baseline layout=serial phase=measure iteration=2 lut_exp=0 scna_layout=0 scna_width=0 qo_len=4 kv_len=4096 n_heads=12 n_kv_heads=2 head_dim=128 kv_head=0 worker=1 profiled_total=282 q_load=1 k_load=64 v_load=91 qk_dot=1 safe_sm=122 scna_exp=0 state_update=0 param_prepare=0 core_acc=1 o_scale=1 o_store=1
FIG8_ATTENTION_TIMERS mode=baseline layout=serial phase=measure iteration=2 lut_exp=0 scna_layout=0 scna_width=0 qo_len=4 kv_len=4096 n_heads=12 n_kv_heads=2 head_dim=128 kv_head=1 worker=1 profiled_total=290 q_load=1 k_load=71 v_load=89 qk_dot=1 safe_sm=124 scna_exp=0 state_update=1 param_prepare=0 core_acc=2 o_scale=1 o_store=1
FIG8_ATTENTION_TIMERS mode=baseline layout=serial phase=measure iteration=2 lut_exp=0 scna_layout=0 scna_width=0 qo_len=4 kv_len=4096 n_heads=12 n_kv_heads=2 head_dim=128 kv_head=0 worker=1 profiled_total=310 q_load=1 k_load=72 v_load=101 qk_dot=2 safe_sm=127 scna_exp=0 state_update=1 param_prepare=0 core_acc=5 o_scale=1 o_store=1
FIG8_ATTENTION_TIMERS mode=baseline layout=serial phase=measure iteration=2 lut_exp=0 scna_layout=0 scna_width=0 qo_len=4 kv_len=4096 n_heads=12 n_kv_heads=2 head_dim=128 kv_head=1 worker=1 profiled_total=297 q_load=1 k_load=65 v_load=103 qk_dot=1 safe_sm=124 scna_exp=0 state_update=1 param_prepare=0 core_acc=1 o_scale=1 o_store=1
FIG8_ATTENTION_TIMERS mode=baseline layout=serial phase=measure iteration=2 lut_exp=0 scna_layout=0 scna_width=0 qo_len=4 kv_len=4096 n_heads=12 n_kv_heads=2 head_dim=128 kv_head=0 worker=1 profiled_total=292 q_load=1 k_load=67 v_load=94 qk_dot=1 safe_sm=124 scna_exp=0 state_update=0 param_prepare=0 core_acc=3 o_scale=1 o_store=1
FIG8_ATTENTION_TIMERS mode=baseline layout=serial phase=measure iteration=2 lut_exp=0 scna_layout=0 scna_width=0 qo_len=4 kv_len=4096 n_heads=12 n_kv_heads=2 head_dim=128 kv_head=1 worker=1 profiled_total=305 q_load=1 k_load=65 v_load=103 qk_dot=2 safe_sm=125 scna_exp=0 state_update=2 param_prepare=0 core_acc=6 o_scale=1 o_store=2
FIG8_ATTENTION_TIMERS mode=baseline layout=serial phase=measure iteration=2 lut_exp=0 scna_layout=0 scna_width=0 qo_len=4 kv_len=4096 n_heads=12 n_kv_heads=2 head_dim=128 kv_head=0 worker=1 profiled_total=292 q_load=1 k_load=67 v_load=94 qk_dot=1 safe_sm=125 scna_exp=0 state_update=1 param_prepare=0 core_acc=2 o_scale=1 o_store=1
FIG8_ATTENTION_TIMERS mode=baseline layout=serial phase=measure iteration=2 lut_exp=0 scna_layout=0 scna_width=0 qo_len=4 kv_len=4096 n_heads=12 n_kv_heads=2 head_dim=128 kv_head=1 worker=1 profiled_total=298 q_load=1 k_load=67 v_load=99 qk_dot=2 safe_sm=124 scna_exp=0 state_update=1 param_prepare=0 core_acc=3 o_scale=1 o_store=1
FIG8_ATTENTION_TIMERS mode=baseline layout=serial phase=measure iteration=2 lut_exp=0 scna_layout=0 scna_width=0 qo_len=4 kv_len=4096 n_heads=12 n_kv_heads=2 head_dim=128 kv_head=0 worker=1 profiled_total=310 q_load=1 k_load=67 v_load=104 qk_dot=2 safe_sm=129 scna_exp=0 state_update=2 param_prepare=0 core_acc=5 o_scale=1 o_store=1
FIG8_ATTENTION_TIMERS mode=baseline layout=serial phase=measure iteration=2 lut_exp=0 scna_layout=0 scna_width=0 qo_len=4 kv_len=4096 n_heads=12 n_kv_heads=2 head_dim=128 kv_head=1 worker=1 profiled_total=293 q_load=1 k_load=67 v_load=96 qk_dot=2 safe_sm=123 scna_exp=0 state_update=1 param_prepare=0 core_acc=2 o_scale=1 o_store=1
FIG8_ATTENTION_TIMERS mode=baseline layout=serial phase=measure iteration=2 lut_exp=0 scna_layout=0 scna_width=0 qo_len=4 kv_len=4096 n_heads=12 n_kv_heads=2 head_dim=128 kv_head=0 worker=1 profiled_total=292 q_load=1 k_load=71 v_load=90 qk_dot=1 safe_sm=124 scna_exp=0 state_update=0 param_prepare=0 core_acc=3 o_scale=1 o_store=1
FIG8_ATTENTION_TIMERS mode=baseline layout=serial phase=measure iteration=2 lut_exp=0 scna_layout=0 scna_width=0 qo_len=4 kv_len=4096 n_heads=12 n_kv_heads=2 head_dim=128 kv_head=1 worker=1 profiled_total=300 q_load=1 k_load=66 v_load=96 qk_dot=2 safe_sm=128 scna_exp=0 state_update=2 param_prepare=0 core_acc=5 o_scale=1 o_store=1
FIG8_ATTENTION_TIMERS mode=baseline layout=serial phase=measure iteration=2 lut_exp=0 scna_layout=0 scna_width=0 qo_len=4 kv_len=4096 n_heads=12 n_kv_heads=2 head_dim=128 kv_head=0 worker=1 profiled_total=290 q_load=1 k_load=66 v_load=92 qk_dot=1 safe_sm=125 scna_exp=0 state_update=1 param_prepare=0 core_acc=3 o_scale=1 o_store=1
FIG8_ATTENTION_TIMERS mode=baseline layout=serial phase=measure iteration=2 lut_exp=0 scna_layout=0 scna_width=0 qo_len=4 kv_len=4096 n_heads=12 n_kv_heads=2 head_dim=128 kv_head=1 worker=1 profiled_total=301 q_load=1 k_load=66 v_load=102 qk_dot=2 safe_sm=125 scna_exp=0 state_update=1 param_prepare=0 core_acc=3 o_scale=1 o_store=1
FIG8_ATTENTION_EVENT_COUNT mode=baseline qo_len=32 phase=measure iteration=2 events=0 max_events=0 overflow=0
FIG8_ATTENTION_CHECKSUM mode=baseline layout=serial scna_width=8 seed=20260810 phase=measure iteration=2 checksum=0x0849a9896635ca77
FIG8_ATTENTION_HOST_TIMING mode=baseline layout=serial variant=pair_static_d8 workers=1 scna_width=8 seed=20260810 mask_mode=full qo_len=32 kv_len=4096 n_heads=12 n_kv_heads=2 head_dim=128 phase=measure iteration=3 host_elapsed_us=5562 ret=0
FIG8_ATTENTION_PROFILE_COUNT mode=baseline qo_len=32 phase=measure iteration=3 records=16 max_records=24
FIG8_ATTENTION_WORKERS mode=baseline variant=pair_static_d8 qo_len=32 phase=measure iteration=3 requested_workers=1 active_workers=1 hvx_contexts=6 vtcm_worker_cap=8 tasks=16 q_task_rows=4
FIG8_ATTENTION_TIMERS mode=baseline layout=serial phase=measure iteration=3 lut_exp=0 scna_layout=0 scna_width=0 qo_len=4 kv_len=4096 n_heads=12 n_kv_heads=2 head_dim=128 kv_head=0 worker=2 profiled_total=291 q_load=1 k_load=66 v_load=94 qk_dot=1 safe_sm=124 scna_exp=0 state_update=1 param_prepare=0 core_acc=3 o_scale=1 o_store=1
FIG8_ATTENTION_TIMERS mode=baseline layout=serial phase=measure iteration=3 lut_exp=0 scna_layout=0 scna_width=0 qo_len=4 kv_len=4096 n_heads=12 n_kv_heads=2 head_dim=128 kv_head=1 worker=2 profiled_total=282 q_load=1 k_load=68 v_load=84 qk_dot=1 safe_sm=124 scna_exp=0 state_update=0 param_prepare=0 core_acc=2 o_scale=1 o_store=1
FIG8_ATTENTION_TIMERS mode=baseline layout=serial phase=measure iteration=3 lut_exp=0 scna_layout=0 scna_width=0 qo_len=4 kv_len=4096 n_heads=12 n_kv_heads=2 head_dim=128 kv_head=0 worker=2 profiled_total=277 q_load=1 k_load=69 v_load=79 qk_dot=1 safe_sm=122 scna_exp=0 state_update=1 param_prepare=0 core_acc=3 o_scale=1 o_store=1
FIG8_ATTENTION_TIMERS mode=baseline layout=serial phase=measure iteration=3 lut_exp=0 scna_layout=0 scna_width=0 qo_len=4 kv_len=4096 n_heads=12 n_kv_heads=2 head_dim=128 kv_head=1 worker=2 profiled_total=292 q_load=1 k_load=66 v_load=96 qk_dot=2 safe_sm=123 scna_exp=0 state_update=1 param_prepare=0 core_acc=2 o_scale=1 o_store=1
FIG8_ATTENTION_TIMERS mode=baseline layout=serial phase=measure iteration=3 lut_exp=0 scna_layout=0 scna_width=0 qo_len=4 kv_len=4096 n_heads=12 n_kv_heads=2 head_dim=128 kv_head=0 worker=2 profiled_total=295 q_load=1 k_load=71 v_load=92 qk_dot=1 safe_sm=125 scna_exp=0 state_update=1 param_prepare=0 core_acc=3 o_scale=1 o_store=1
FIG8_ATTENTION_TIMERS mode=baseline layout=serial phase=measure iteration=3 lut_exp=0 scna_layout=0 scna_width=0 qo_len=4 kv_len=4096 n_heads=12 n_kv_heads=2 head_dim=128 kv_head=1 worker=2 profiled_total=295 q_load=1 k_load=67 v_load=96 qk_dot=2 safe_sm=124 scna_exp=0 state_update=1 param_prepare=0 core_acc=3 o_scale=1 o_store=1
FIG8_ATTENTION_TIMERS mode=baseline layout=serial phase=measure iteration=3 lut_exp=0 scna_layout=0 scna_width=0 qo_len=4 kv_len=4096 n_heads=12 n_kv_heads=2 head_dim=128 kv_head=0 worker=2 profiled_total=301 q_load=1 k_load=70 v_load=97 qk_dot=1 safe_sm=126 scna_exp=0 state_update=1 param_prepare=0 core_acc=4 o_scale=1 o_store=1
FIG8_ATTENTION_TIMERS mode=baseline layout=serial phase=measure iteration=3 lut_exp=0 scna_layout=0 scna_width=0 qo_len=4 kv_len=4096 n_heads=12 n_kv_heads=2 head_dim=128 kv_head=1 worker=2 profiled_total=289 q_load=1 k_load=66 v_load=91 qk_dot=2 safe_sm=124 scna_exp=0 state_update=1 param_prepare=0 core_acc=3 o_scale=1 o_store=1
FIG8_ATTENTION_TIMERS mode=baseline layout=serial phase=measure iteration=3 lut_exp=0 scna_layout=0 scna_width=0 qo_len=4 kv_len=4096 n_heads=12 n_kv_heads=2 head_dim=128 kv_head=0 worker=2 profiled_total=293 q_load=1 k_load=69 v_load=91 qk_dot=1 safe_sm=125 scna_exp=0 state_update=1 param_prepare=0 core_acc=4 o_scale=1 o_store=1
FIG8_ATTENTION_TIMERS mode=baseline layout=serial phase=measure iteration=3 lut_exp=0 scna_layout=0 scna_width=0 qo_len=4 kv_len=4096 n_heads=12 n_kv_heads=2 head_dim=128 kv_head=1 worker=2 profiled_total=302 q_load=1 k_load=66 v_load=103 qk_dot=2 safe_sm=125 scna_exp=0 state_update=1 param_prepare=0 core_acc=3 o_scale=1 o_store=1
FIG8_ATTENTION_TIMERS mode=baseline layout=serial phase=measure iteration=3 lut_exp=0 scna_layout=0 scna_width=0 qo_len=4 kv_len=4096 n_heads=12 n_kv_heads=2 head_dim=128 kv_head=0 worker=2 profiled_total=289 q_load=1 k_load=66 v_load=93 qk_dot=1 safe_sm=123 scna_exp=0 state_update=1 param_prepare=0 core_acc=3 o_scale=1 o_store=1
FIG8_ATTENTION_TIMERS mode=baseline layout=serial phase=measure iteration=3 lut_exp=0 scna_layout=0 scna_width=0 qo_len=4 kv_len=4096 n_heads=12 n_kv_heads=2 head_dim=128 kv_head=1 worker=2 profiled_total=303 q_load=1 k_load=69 v_load=101 qk_dot=3 safe_sm=124 scna_exp=0 state_update=1 param_prepare=0 core_acc=2 o_scale=1 o_store=2
FIG8_ATTENTION_TIMERS mode=baseline layout=serial phase=measure iteration=3 lut_exp=0 scna_layout=0 scna_width=0 qo_len=4 kv_len=4096 n_heads=12 n_kv_heads=2 head_dim=128 kv_head=0 worker=2 profiled_total=298 q_load=1 k_load=70 v_load=94 qk_dot=1 safe_sm=126 scna_exp=0 state_update=1 param_prepare=0 core_acc=4 o_scale=1 o_store=1
FIG8_ATTENTION_TIMERS mode=baseline layout=serial phase=measure iteration=3 lut_exp=0 scna_layout=0 scna_width=0 qo_len=4 kv_len=4096 n_heads=12 n_kv_heads=2 head_dim=128 kv_head=1 worker=2 profiled_total=296 q_load=1 k_load=67 v_load=96 qk_dot=2 safe_sm=124 scna_exp=0 state_update=2 param_prepare=0 core_acc=4 o_scale=1 o_store=1
FIG8_ATTENTION_TIMERS mode=baseline layout=serial phase=measure iteration=3 lut_exp=0 scna_layout=0 scna_width=0 qo_len=4 kv_len=4096 n_heads=12 n_kv_heads=2 head_dim=128 kv_head=0 worker=2 profiled_total=294 q_load=1 k_load=70 v_load=91 qk_dot=1 safe_sm=126 scna_exp=0 state_update=1 param_prepare=0 core_acc=3 o_scale=1 o_store=1
FIG8_ATTENTION_TIMERS mode=baseline layout=serial phase=measure iteration=3 lut_exp=0 scna_layout=0 scna_width=0 qo_len=4 kv_len=4096 n_heads=12 n_kv_heads=2 head_dim=128 kv_head=1 worker=2 profiled_total=298 q_load=1 k_load=66 v_load=98 qk_dot=2 safe_sm=125 scna_exp=0 state_update=2 param_prepare=0 core_acc=4 o_scale=1 o_store=1
FIG8_ATTENTION_EVENT_COUNT mode=baseline qo_len=32 phase=measure iteration=3 events=0 max_events=0 overflow=0
FIG8_ATTENTION_CHECKSUM mode=baseline layout=serial scna_width=8 seed=20260810 phase=measure iteration=3 checksum=0x0849a9896635ca77
FIG8_ATTENTION_HOST_TIMING mode=baseline layout=serial variant=pair_static_d8 workers=1 scna_width=8 seed=20260810 mask_mode=full qo_len=32 kv_len=4096 n_heads=12 n_kv_heads=2 head_dim=128 phase=measure iteration=4 host_elapsed_us=5674 ret=0
FIG8_ATTENTION_PROFILE_COUNT mode=baseline qo_len=32 phase=measure iteration=4 records=16 max_records=24
FIG8_ATTENTION_WORKERS mode=baseline variant=pair_static_d8 qo_len=32 phase=measure iteration=4 requested_workers=1 active_workers=1 hvx_contexts=6 vtcm_worker_cap=8 tasks=16 q_task_rows=4
FIG8_ATTENTION_TIMERS mode=baseline layout=serial phase=measure iteration=4 lut_exp=0 scna_layout=0 scna_width=0 qo_len=4 kv_len=4096 n_heads=12 n_kv_heads=2 head_dim=128 kv_head=0 worker=3 profiled_total=282 q_load=1 k_load=65 v_load=86 qk_dot=1 safe_sm=125 scna_exp=0 state_update=1 param_prepare=0 core_acc=2 o_scale=1 o_store=1
FIG8_ATTENTION_TIMERS mode=baseline layout=serial phase=measure iteration=4 lut_exp=0 scna_layout=0 scna_width=0 qo_len=4 kv_len=4096 n_heads=12 n_kv_heads=2 head_dim=128 kv_head=1 worker=3 profiled_total=290 q_load=1 k_load=68 v_load=91 qk_dot=2 safe_sm=124 scna_exp=0 state_update=1 param_prepare=0 core_acc=2 o_scale=1 o_store=1
FIG8_ATTENTION_TIMERS mode=baseline layout=serial phase=measure iteration=4 lut_exp=0 scna_layout=0 scna_width=0 qo_len=4 kv_len=4096 n_heads=12 n_kv_heads=2 head_dim=128 kv_head=0 worker=3 profiled_total=292 q_load=1 k_load=69 v_load=90 qk_dot=2 safe_sm=125 scna_exp=0 state_update=1 param_prepare=0 core_acc=3 o_scale=1 o_store=1
FIG8_ATTENTION_TIMERS mode=baseline layout=serial phase=measure iteration=4 lut_exp=0 scna_layout=0 scna_width=0 qo_len=4 kv_len=4096 n_heads=12 n_kv_heads=2 head_dim=128 kv_head=1 worker=3 profiled_total=311 q_load=1 k_load=67 v_load=110 qk_dot=2 safe_sm=126 scna_exp=0 state_update=0 param_prepare=0 core_acc=2 o_scale=1 o_store=2
FIG8_ATTENTION_TIMERS mode=baseline layout=serial phase=measure iteration=4 lut_exp=0 scna_layout=0 scna_width=0 qo_len=4 kv_len=4096 n_heads=12 n_kv_heads=2 head_dim=128 kv_head=0 worker=3 profiled_total=291 q_load=1 k_load=66 v_load=95 qk_dot=1 safe_sm=123 scna_exp=0 state_update=1 param_prepare=0 core_acc=3 o_scale=1 o_store=1
FIG8_ATTENTION_TIMERS mode=baseline layout=serial phase=measure iteration=4 lut_exp=0 scna_layout=0 scna_width=0 qo_len=4 kv_len=4096 n_heads=12 n_kv_heads=2 head_dim=128 kv_head=1 worker=3 profiled_total=300 q_load=1 k_load=66 v_load=103 qk_dot=2 safe_sm=124 scna_exp=0 state_update=1 param_prepare=0 core_acc=2 o_scale=1 o_store=1
FIG8_ATTENTION_TIMERS mode=baseline layout=serial phase=measure iteration=4 lut_exp=0 scna_layout=0 scna_width=0 qo_len=4 kv_len=4096 n_heads=12 n_kv_heads=2 head_dim=128 kv_head=0 worker=3 profiled_total=299 q_load=1 k_load=68 v_load=97 qk_dot=2 safe_sm=126 scna_exp=0 state_update=0 param_prepare=0 core_acc=3 o_scale=1 o_store=1
FIG8_ATTENTION_TIMERS mode=baseline layout=serial phase=measure iteration=4 lut_exp=0 scna_layout=0 scna_width=0 qo_len=4 kv_len=4096 n_heads=12 n_kv_heads=2 head_dim=128 kv_head=1 worker=3 profiled_total=288 q_load=1 k_load=69 v_load=87 qk_dot=2 safe_sm=124 scna_exp=0 state_update=1 param_prepare=0 core_acc=3 o_scale=1 o_store=1
FIG8_ATTENTION_TIMERS mode=baseline layout=serial phase=measure iteration=4 lut_exp=0 scna_layout=0 scna_width=0 qo_len=4 kv_len=4096 n_heads=12 n_kv_heads=2 head_dim=128 kv_head=0 worker=3 profiled_total=296 q_load=1 k_load=65 v_load=99 qk_dot=2 safe_sm=124 scna_exp=0 state_update=1 param_prepare=0 core_acc=3 o_scale=1 o_store=1
FIG8_ATTENTION_TIMERS mode=baseline layout=serial phase=measure iteration=4 lut_exp=0 scna_layout=0 scna_width=0 qo_len=4 kv_len=4096 n_heads=12 n_kv_heads=2 head_dim=128 kv_head=1 worker=3 profiled_total=302 q_load=1 k_load=70 v_load=99 qk_dot=2 safe_sm=124 scna_exp=0 state_update=1 param_prepare=0 core_acc=3 o_scale=1 o_store=2
FIG8_ATTENTION_TIMERS mode=baseline layout=serial phase=measure iteration=4 lut_exp=0 scna_layout=0 scna_width=0 qo_len=4 kv_len=4096 n_heads=12 n_kv_heads=2 head_dim=128 kv_head=0 worker=3 profiled_total=287 q_load=1 k_load=68 v_load=89 qk_dot=1 safe_sm=123 scna_exp=0 state_update=1 param_prepare=0 core_acc=3 o_scale=1 o_store=1
FIG8_ATTENTION_TIMERS mode=baseline layout=serial phase=measure iteration=4 lut_exp=0 scna_layout=0 scna_width=0 qo_len=4 kv_len=4096 n_heads=12 n_kv_heads=2 head_dim=128 kv_head=1 worker=3 profiled_total=303 q_load=1 k_load=66 v_load=106 qk_dot=2 safe_sm=124 scna_exp=0 state_update=1 param_prepare=0 core_acc=2 o_scale=1 o_store=1
FIG8_ATTENTION_TIMERS mode=baseline layout=serial phase=measure iteration=4 lut_exp=0 scna_layout=0 scna_width=0 qo_len=4 kv_len=4096 n_heads=12 n_kv_heads=2 head_dim=128 kv_head=0 worker=3 profiled_total=291 q_load=1 k_load=70 v_load=89 qk_dot=1 safe_sm=124 scna_exp=0 state_update=1 param_prepare=0 core_acc=4 o_scale=1 o_store=1
FIG8_ATTENTION_TIMERS mode=baseline layout=serial phase=measure iteration=4 lut_exp=0 scna_layout=0 scna_width=0 qo_len=4 kv_len=4096 n_heads=12 n_kv_heads=2 head_dim=128 kv_head=1 worker=3 profiled_total=300 q_load=1 k_load=65 v_load=102 qk_dot=2 safe_sm=125 scna_exp=0 state_update=1 param_prepare=0 core_acc=3 o_scale=1 o_store=1
FIG8_ATTENTION_TIMERS mode=baseline layout=serial phase=measure iteration=4 lut_exp=0 scna_layout=0 scna_width=0 qo_len=4 kv_len=4096 n_heads=12 n_kv_heads=2 head_dim=128 kv_head=0 worker=3 profiled_total=285 q_load=1 k_load=65 v_load=88 qk_dot=1 safe_sm=125 scna_exp=0 state_update=1 param_prepare=0 core_acc=3 o_scale=1 o_store=1
FIG8_ATTENTION_TIMERS mode=baseline layout=serial phase=measure iteration=4 lut_exp=0 scna_layout=0 scna_width=0 qo_len=4 kv_len=4096 n_heads=12 n_kv_heads=2 head_dim=128 kv_head=1 worker=3 profiled_total=291 q_load=1 k_load=69 v_load=89 qk_dot=2 safe_sm=124 scna_exp=0 state_update=1 param_prepare=0 core_acc=3 o_scale=1 o_store=2
FIG8_ATTENTION_EVENT_COUNT mode=baseline qo_len=32 phase=measure iteration=4 events=0 max_events=0 overflow=0
FIG8_ATTENTION_CHECKSUM mode=baseline layout=serial scna_width=8 seed=20260810 phase=measure iteration=4 checksum=0x0849a9896635ca77
FIG8_ATTENTION_HOST_TIMING mode=baseline layout=serial variant=pair_static_d8 workers=1 scna_width=8 seed=20260810 mask_mode=full qo_len=32 kv_len=4096 n_heads=12 n_kv_heads=2 head_dim=128 phase=measure iteration=5 host_elapsed_us=5614 ret=0
FIG8_ATTENTION_PROFILE_COUNT mode=baseline qo_len=32 phase=measure iteration=5 records=16 max_records=24
FIG8_ATTENTION_WORKERS mode=baseline variant=pair_static_d8 qo_len=32 phase=measure iteration=5 requested_workers=1 active_workers=1 hvx_contexts=6 vtcm_worker_cap=8 tasks=16 q_task_rows=4
FIG8_ATTENTION_TIMERS mode=baseline layout=serial phase=measure iteration=5 lut_exp=0 scna_layout=0 scna_width=0 qo_len=4 kv_len=4096 n_heads=12 n_kv_heads=2 head_dim=128 kv_head=0 worker=4 profiled_total=282 q_load=1 k_load=65 v_load=87 qk_dot=2 safe_sm=123 scna_exp=0 state_update=1 param_prepare=0 core_acc=2 o_scale=1 o_store=1
FIG8_ATTENTION_TIMERS mode=baseline layout=serial phase=measure iteration=5 lut_exp=0 scna_layout=0 scna_width=0 qo_len=4 kv_len=4096 n_heads=12 n_kv_heads=2 head_dim=128 kv_head=1 worker=4 profiled_total=283 q_load=1 k_load=66 v_load=87 qk_dot=1 safe_sm=124 scna_exp=0 state_update=1 param_prepare=0 core_acc=2 o_scale=1 o_store=1
FIG8_ATTENTION_TIMERS mode=baseline layout=serial phase=measure iteration=5 lut_exp=0 scna_layout=0 scna_width=0 qo_len=4 kv_len=4096 n_heads=12 n_kv_heads=2 head_dim=128 kv_head=0 worker=4 profiled_total=290 q_load=1 k_load=70 v_load=89 qk_dot=1 safe_sm=124 scna_exp=0 state_update=1 param_prepare=0 core_acc=3 o_scale=1 o_store=1
FIG8_ATTENTION_TIMERS mode=baseline layout=serial phase=measure iteration=5 lut_exp=0 scna_layout=0 scna_width=0 qo_len=4 kv_len=4096 n_heads=12 n_kv_heads=2 head_dim=128 kv_head=1 worker=4 profiled_total=293 q_load=1 k_load=69 v_load=93 qk_dot=2 safe_sm=123 scna_exp=0 state_update=1 param_prepare=0 core_acc=3 o_scale=1 o_store=1
FIG8_ATTENTION_TIMERS mode=baseline layout=serial phase=measure iteration=5 lut_exp=0 scna_layout=0 scna_width=0 qo_len=4 kv_len=4096 n_heads=12 n_kv_heads=2 head_dim=128 kv_head=0 worker=4 profiled_total=299 q_load=1 k_load=73 v_load=95 qk_dot=1 safe_sm=124 scna_exp=0 state_update=1 param_prepare=0 core_acc=3 o_scale=1 o_store=1
FIG8_ATTENTION_TIMERS mode=baseline layout=serial phase=measure iteration=5 lut_exp=0 scna_layout=0 scna_width=0 qo_len=4 kv_len=4096 n_heads=12 n_kv_heads=2 head_dim=128 kv_head=1 worker=4 profiled_total=306 q_load=1 k_load=66 v_load=107 qk_dot=2 safe_sm=125 scna_exp=0 state_update=2 param_prepare=0 core_acc=3 o_scale=1 o_store=1
FIG8_ATTENTION_TIMERS mode=baseline layout=serial phase=measure iteration=5 lut_exp=0 scna_layout=0 scna_width=0 qo_len=4 kv_len=4096 n_heads=12 n_kv_heads=2 head_dim=128 kv_head=0 worker=4 profiled_total=292 q_load=1 k_load=68 v_load=92 qk_dot=1 safe_sm=125 scna_exp=0 state_update=1 param_prepare=0 core_acc=3 o_scale=1 o_store=1
FIG8_ATTENTION_TIMERS mode=baseline layout=serial phase=measure iteration=5 lut_exp=0 scna_layout=0 scna_width=0 qo_len=4 kv_len=4096 n_heads=12 n_kv_heads=2 head_dim=128 kv_head=1 worker=4 profiled_total=298 q_load=1 k_load=73 v_load=92 qk_dot=2 safe_sm=124 scna_exp=0 state_update=2 param_prepare=0 core_acc=4 o_scale=1 o_store=1
FIG8_ATTENTION_TIMERS mode=baseline layout=serial phase=measure iteration=5 lut_exp=0 scna_layout=0 scna_width=0 qo_len=4 kv_len=4096 n_heads=12 n_kv_heads=2 head_dim=128 kv_head=0 worker=4 profiled_total=300 q_load=1 k_load=69 v_load=100 qk_dot=1 safe_sm=124 scna_exp=0 state_update=0 param_prepare=0 core_acc=3 o_scale=1 o_store=1
FIG8_ATTENTION_TIMERS mode=baseline layout=serial phase=measure iteration=5 lut_exp=0 scna_layout=0 scna_width=0 qo_len=4 kv_len=4096 n_heads=12 n_kv_heads=2 head_dim=128 kv_head=1 worker=4 profiled_total=293 q_load=1 k_load=67 v_load=94 qk_dot=2 safe_sm=124 scna_exp=0 state_update=1 param_prepare=0 core_acc=3 o_scale=1 o_store=1
FIG8_ATTENTION_TIMERS mode=baseline layout=serial phase=measure iteration=5 lut_exp=0 scna_layout=0 scna_width=0 qo_len=4 kv_len=4096 n_heads=12 n_kv_heads=2 head_dim=128 kv_head=0 worker=4 profiled_total=292 q_load=1 k_load=68 v_load=93 qk_dot=1 safe_sm=124 scna_exp=0 state_update=1 param_prepare=0 core_acc=3 o_scale=1 o_store=1
FIG8_ATTENTION_TIMERS mode=baseline layout=serial phase=measure iteration=5 lut_exp=0 scna_layout=0 scna_width=0 qo_len=4 kv_len=4096 n_heads=12 n_kv_heads=2 head_dim=128 kv_head=1 worker=4 profiled_total=306 q_load=1 k_load=66 v_load=108 qk_dot=2 safe_sm=125 scna_exp=0 state_update=1 param_prepare=0 core_acc=2 o_scale=1 o_store=1
FIG8_ATTENTION_TIMERS mode=baseline layout=serial phase=measure iteration=5 lut_exp=0 scna_layout=0 scna_width=0 qo_len=4 kv_len=4096 n_heads=12 n_kv_heads=2 head_dim=128 kv_head=0 worker=4 profiled_total=289 q_load=1 k_load=70 v_load=86 qk_dot=1 safe_sm=125 scna_exp=0 state_update=0 param_prepare=0 core_acc=4 o_scale=1 o_store=1
FIG8_ATTENTION_TIMERS mode=baseline layout=serial phase=measure iteration=5 lut_exp=0 scna_layout=0 scna_width=0 qo_len=4 kv_len=4096 n_heads=12 n_kv_heads=2 head_dim=128 kv_head=1 worker=4 profiled_total=301 q_load=1 k_load=68 v_load=101 qk_dot=2 safe_sm=124 scna_exp=0 state_update=1 param_prepare=0 core_acc=3 o_scale=1 o_store=1
FIG8_ATTENTION_TIMERS mode=baseline layout=serial phase=measure iteration=5 lut_exp=0 scna_layout=0 scna_width=0 qo_len=4 kv_len=4096 n_heads=12 n_kv_heads=2 head_dim=128 kv_head=0 worker=4 profiled_total=297 q_load=1 k_load=69 v_load=95 qk_dot=1 safe_sm=126 scna_exp=0 state_update=1 param_prepare=0 core_acc=3 o_scale=1 o_store=1
FIG8_ATTENTION_TIMERS mode=baseline layout=serial phase=measure iteration=5 lut_exp=0 scna_layout=0 scna_width=0 qo_len=4 kv_len=4096 n_heads=12 n_kv_heads=2 head_dim=128 kv_head=1 worker=4 profiled_total=294 q_load=1 k_load=66 v_load=95 qk_dot=2 safe_sm=124 scna_exp=0 state_update=1 param_prepare=0 core_acc=4 o_scale=1 o_store=1
FIG8_ATTENTION_EVENT_COUNT mode=baseline qo_len=32 phase=measure iteration=5 events=0 max_events=0 overflow=0
FIG8_ATTENTION_CHECKSUM mode=baseline layout=serial scna_width=8 seed=20260810 phase=measure iteration=5 checksum=0x0849a9896635ca77
FIG8_ATTENTION_HOST_TIMING mode=baseline layout=serial variant=pair_static_d8 workers=1 scna_width=8 seed=20260810 mask_mode=full qo_len=32 kv_len=4096 n_heads=12 n_kv_heads=2 head_dim=128 phase=measure iteration=6 host_elapsed_us=5617 ret=0
FIG8_ATTENTION_PROFILE_COUNT mode=baseline qo_len=32 phase=measure iteration=6 records=16 max_records=24
FIG8_ATTENTION_WORKERS mode=baseline variant=pair_static_d8 qo_len=32 phase=measure iteration=6 requested_workers=1 active_workers=1 hvx_contexts=6 vtcm_worker_cap=8 tasks=16 q_task_rows=4
FIG8_ATTENTION_TIMERS mode=baseline layout=serial phase=measure iteration=6 lut_exp=0 scna_layout=0 scna_width=0 qo_len=4 kv_len=4096 n_heads=12 n_kv_heads=2 head_dim=128 kv_head=0 worker=5 profiled_total=280 q_load=1 k_load=65 v_load=85 qk_dot=1 safe_sm=123 scna_exp=0 state_update=1 param_prepare=0 core_acc=3 o_scale=1 o_store=1
FIG8_ATTENTION_TIMERS mode=baseline layout=serial phase=measure iteration=6 lut_exp=0 scna_layout=0 scna_width=0 qo_len=4 kv_len=4096 n_heads=12 n_kv_heads=2 head_dim=128 kv_head=1 worker=5 profiled_total=282 q_load=1 k_load=67 v_load=86 qk_dot=1 safe_sm=123 scna_exp=0 state_update=1 param_prepare=0 core_acc=2 o_scale=1 o_store=1
FIG8_ATTENTION_TIMERS mode=baseline layout=serial phase=measure iteration=6 lut_exp=0 scna_layout=0 scna_width=0 qo_len=4 kv_len=4096 n_heads=12 n_kv_heads=2 head_dim=128 kv_head=0 worker=5 profiled_total=286 q_load=1 k_load=70 v_load=85 qk_dot=1 safe_sm=124 scna_exp=0 state_update=1 param_prepare=0 core_acc=3 o_scale=1 o_store=1
FIG8_ATTENTION_TIMERS mode=baseline layout=serial phase=measure iteration=6 lut_exp=0 scna_layout=0 scna_width=0 qo_len=4 kv_len=4096 n_heads=12 n_kv_heads=2 head_dim=128 kv_head=1 worker=5 profiled_total=286 q_load=1 k_load=65 v_load=91 qk_dot=2 safe_sm=123 scna_exp=0 state_update=1 param_prepare=0 core_acc=2 o_scale=1 o_store=1
FIG8_ATTENTION_TIMERS mode=baseline layout=serial phase=measure iteration=6 lut_exp=0 scna_layout=0 scna_width=0 qo_len=4 kv_len=4096 n_heads=12 n_kv_heads=2 head_dim=128 kv_head=0 worker=5 profiled_total=294 q_load=1 k_load=70 v_load=93 qk_dot=1 safe_sm=124 scna_exp=0 state_update=1 param_prepare=0 core_acc=3 o_scale=1 o_store=1
FIG8_ATTENTION_TIMERS mode=baseline layout=serial phase=measure iteration=6 lut_exp=0 scna_layout=0 scna_width=0 qo_len=4 kv_len=4096 n_heads=12 n_kv_heads=2 head_dim=128 kv_head=1 worker=5 profiled_total=300 q_load=1 k_load=66 v_load=101 qk_dot=2 safe_sm=124 scna_exp=0 state_update=1 param_prepare=0 core_acc=3 o_scale=1 o_store=2
FIG8_ATTENTION_TIMERS mode=baseline layout=serial phase=measure iteration=6 lut_exp=0 scna_layout=0 scna_width=0 qo_len=4 kv_len=4096 n_heads=12 n_kv_heads=2 head_dim=128 kv_head=0 worker=5 profiled_total=291 q_load=1 k_load=67 v_load=93 qk_dot=1 safe_sm=124 scna_exp=0 state_update=1 param_prepare=0 core_acc=3 o_scale=1 o_store=1
FIG8_ATTENTION_TIMERS mode=baseline layout=serial phase=measure iteration=6 lut_exp=0 scna_layout=0 scna_width=0 qo_len=4 kv_len=4096 n_heads=12 n_kv_heads=2 head_dim=128 kv_head=1 worker=5 profiled_total=300 q_load=1 k_load=66 v_load=101 qk_dot=2 safe_sm=124 scna_exp=0 state_update=1 param_prepare=0 core_acc=3 o_scale=1 o_store=2
FIG8_ATTENTION_TIMERS mode=baseline layout=serial phase=measure iteration=6 lut_exp=0 scna_layout=0 scna_width=0 qo_len=4 kv_len=4096 n_heads=12 n_kv_heads=2 head_dim=128 kv_head=0 worker=5 profiled_total=291 q_load=1 k_load=65 v_load=95 qk_dot=1 safe_sm=124 scna_exp=0 state_update=1 param_prepare=0 core_acc=3 o_scale=1 o_store=1
FIG8_ATTENTION_TIMERS mode=baseline layout=serial phase=measure iteration=6 lut_exp=0 scna_layout=0 scna_width=0 qo_len=4 kv_len=4096 n_heads=12 n_kv_heads=2 head_dim=128 kv_head=1 worker=5 profiled_total=292 q_load=1 k_load=65 v_load=97 qk_dot=2 safe_sm=123 scna_exp=0 state_update=1 param_prepare=0 core_acc=2 o_scale=1 o_store=1
FIG8_ATTENTION_TIMERS mode=baseline layout=serial phase=measure iteration=6 lut_exp=0 scna_layout=0 scna_width=0 qo_len=4 kv_len=4096 n_heads=12 n_kv_heads=2 head_dim=128 kv_head=0 worker=5 profiled_total=293 q_load=1 k_load=70 v_load=92 qk_dot=1 safe_sm=123 scna_exp=0 state_update=1 param_prepare=0 core_acc=4 o_scale=1 o_store=1
FIG8_ATTENTION_TIMERS mode=baseline layout=serial phase=measure iteration=6 lut_exp=0 scna_layout=0 scna_width=0 qo_len=4 kv_len=4096 n_heads=12 n_kv_heads=2 head_dim=128 kv_head=1 worker=5 profiled_total=291 q_load=1 k_load=65 v_load=96 qk_dot=2 safe_sm=123 scna_exp=0 state_update=1 param_prepare=0 core_acc=2 o_scale=1 o_store=1
FIG8_ATTENTION_TIMERS mode=baseline layout=serial phase=measure iteration=6 lut_exp=0 scna_layout=0 scna_width=0 qo_len=4 kv_len=4096 n_heads=12 n_kv_heads=2 head_dim=128 kv_head=0 worker=5 profiled_total=295 q_load=1 k_load=71 v_load=93 qk_dot=1 safe_sm=124 scna_exp=0 state_update=1 param_prepare=0 core_acc=3 o_scale=1 o_store=1
FIG8_ATTENTION_TIMERS mode=baseline layout=serial phase=measure iteration=6 lut_exp=0 scna_layout=0 scna_width=0 qo_len=4 kv_len=4096 n_heads=12 n_kv_heads=2 head_dim=128 kv_head=1 worker=5 profiled_total=307 q_load=1 k_load=70 v_load=97 qk_dot=2 safe_sm=128 scna_exp=0 state_update=3 param_prepare=0 core_acc=7 o_scale=1 o_store=1
FIG8_ATTENTION_TIMERS mode=baseline layout=serial phase=measure iteration=6 lut_exp=0 scna_layout=0 scna_width=0 qo_len=4 kv_len=4096 n_heads=12 n_kv_heads=2 head_dim=128 kv_head=0 worker=5 profiled_total=289 q_load=1 k_load=67 v_load=92 qk_dot=1 safe_sm=124 scna_exp=0 state_update=2 param_prepare=0 core_acc=2 o_scale=1 o_store=1
FIG8_ATTENTION_TIMERS mode=baseline layout=serial phase=measure iteration=6 lut_exp=0 scna_layout=0 scna_width=0 qo_len=4 kv_len=4096 n_heads=12 n_kv_heads=2 head_dim=128 kv_head=1 worker=5 profiled_total=300 q_load=1 k_load=66 v_load=101 qk_dot=2 safe_sm=126 scna_exp=0 state_update=1 param_prepare=0 core_acc=2 o_scale=1 o_store=1
FIG8_ATTENTION_EVENT_COUNT mode=baseline qo_len=32 phase=measure iteration=6 events=0 max_events=0 overflow=0
FIG8_ATTENTION_CHECKSUM mode=baseline layout=serial scna_width=8 seed=20260810 phase=measure iteration=6 checksum=0x0849a9896635ca77
FIG8_ATTENTION_HOST_TIMING mode=baseline layout=serial variant=pair_static_d8 workers=1 scna_width=8 seed=20260810 mask_mode=full qo_len=32 kv_len=4096 n_heads=12 n_kv_heads=2 head_dim=128 phase=measure iteration=7 host_elapsed_us=5441 ret=0
FIG8_ATTENTION_PROFILE_COUNT mode=baseline qo_len=32 phase=measure iteration=7 records=16 max_records=24
FIG8_ATTENTION_WORKERS mode=baseline variant=pair_static_d8 qo_len=32 phase=measure iteration=7 requested_workers=1 active_workers=1 hvx_contexts=6 vtcm_worker_cap=8 tasks=16 q_task_rows=4
FIG8_ATTENTION_TIMERS mode=baseline layout=serial phase=measure iteration=7 lut_exp=0 scna_layout=0 scna_width=0 qo_len=4 kv_len=4096 n_heads=12 n_kv_heads=2 head_dim=128 kv_head=0 worker=0 profiled_total=279 q_load=1 k_load=66 v_load=85 qk_dot=1 safe_sm=122 scna_exp=0 state_update=1 param_prepare=0 core_acc=2 o_scale=1 o_store=1
FIG8_ATTENTION_TIMERS mode=baseline layout=serial phase=measure iteration=7 lut_exp=0 scna_layout=0 scna_width=0 qo_len=4 kv_len=4096 n_heads=12 n_kv_heads=2 head_dim=128 kv_head=1 worker=0 profiled_total=297 q_load=1 k_load=68 v_load=96 qk_dot=1 safe_sm=125 scna_exp=0 state_update=1 param_prepare=0 core_acc=3 o_scale=1 o_store=2
FIG8_ATTENTION_TIMERS mode=baseline layout=serial phase=measure iteration=7 lut_exp=0 scna_layout=0 scna_width=0 qo_len=4 kv_len=4096 n_heads=12 n_kv_heads=2 head_dim=128 kv_head=0 worker=0 profiled_total=286 q_load=1 k_load=70 v_load=86 qk_dot=1 safe_sm=123 scna_exp=0 state_update=1 param_prepare=0 core_acc=3 o_scale=1 o_store=1
FIG8_ATTENTION_TIMERS mode=baseline layout=serial phase=measure iteration=7 lut_exp=0 scna_layout=0 scna_width=0 qo_len=4 kv_len=4096 n_heads=12 n_kv_heads=2 head_dim=128 kv_head=1 worker=0 profiled_total=305 q_load=1 k_load=70 v_load=101 qk_dot=2 safe_sm=125 scna_exp=0 state_update=1 param_prepare=0 core_acc=3 o_scale=1 o_store=2
FIG8_ATTENTION_TIMERS mode=baseline layout=serial phase=measure iteration=7 lut_exp=0 scna_layout=0 scna_width=0 qo_len=4 kv_len=4096 n_heads=12 n_kv_heads=2 head_dim=128 kv_head=0 worker=0 profiled_total=285 q_load=1 k_load=69 v_load=85 qk_dot=1 safe_sm=124 scna_exp=0 state_update=1 param_prepare=0 core_acc=3 o_scale=1 o_store=1
FIG8_ATTENTION_TIMERS mode=baseline layout=serial phase=measure iteration=7 lut_exp=0 scna_layout=0 scna_width=0 qo_len=4 kv_len=4096 n_heads=12 n_kv_heads=2 head_dim=128 kv_head=1 worker=0 profiled_total=306 q_load=1 k_load=66 v_load=109 qk_dot=2 safe_sm=123 scna_exp=0 state_update=0 param_prepare=0 core_acc=2 o_scale=1 o_store=2
FIG8_ATTENTION_TIMERS mode=baseline layout=serial phase=measure iteration=7 lut_exp=0 scna_layout=0 scna_width=0 qo_len=4 kv_len=4096 n_heads=12 n_kv_heads=2 head_dim=128 kv_head=0 worker=0 profiled_total=296 q_load=1 k_load=71 v_load=92 qk_dot=2 safe_sm=125 scna_exp=0 state_update=1 param_prepare=0 core_acc=3 o_scale=1 o_store=1
FIG8_ATTENTION_TIMERS mode=baseline layout=serial phase=measure iteration=7 lut_exp=0 scna_layout=0 scna_width=0 qo_len=4 kv_len=4096 n_heads=12 n_kv_heads=2 head_dim=128 kv_head=1 worker=0 profiled_total=283 q_load=1 k_load=64 v_load=89 qk_dot=2 safe_sm=123 scna_exp=0 state_update=1 param_prepare=0 core_acc=2 o_scale=1 o_store=1
FIG8_ATTENTION_TIMERS mode=baseline layout=serial phase=measure iteration=7 lut_exp=0 scna_layout=0 scna_width=0 qo_len=4 kv_len=4096 n_heads=12 n_kv_heads=2 head_dim=128 kv_head=0 worker=0 profiled_total=277 q_load=1 k_load=68 v_load=80 qk_dot=1 safe_sm=121 scna_exp=0 state_update=2 param_prepare=0 core_acc=4 o_scale=1 o_store=1
FIG8_ATTENTION_TIMERS mode=baseline layout=serial phase=measure iteration=7 lut_exp=0 scna_layout=0 scna_width=0 qo_len=4 kv_len=4096 n_heads=12 n_kv_heads=2 head_dim=128 kv_head=1 worker=0 profiled_total=284 q_load=1 k_load=66 v_load=89 qk_dot=2 safe_sm=121 scna_exp=0 state_update=1 param_prepare=0 core_acc=2 o_scale=1 o_store=2
FIG8_ATTENTION_TIMERS mode=baseline layout=serial phase=measure iteration=7 lut_exp=0 scna_layout=0 scna_width=0 qo_len=4 kv_len=4096 n_heads=12 n_kv_heads=2 head_dim=128 kv_head=0 worker=0 profiled_total=274 q_load=1 k_load=68 v_load=79 qk_dot=1 safe_sm=120 scna_exp=0 state_update=1 param_prepare=0 core_acc=3 o_scale=1 o_store=1
FIG8_ATTENTION_TIMERS mode=baseline layout=serial phase=measure iteration=7 lut_exp=0 scna_layout=0 scna_width=0 qo_len=4 kv_len=4096 n_heads=12 n_kv_heads=2 head_dim=128 kv_head=1 worker=0 profiled_total=294 q_load=1 k_load=67 v_load=98 qk_dot=2 safe_sm=121 scna_exp=0 state_update=1 param_prepare=0 core_acc=2 o_scale=1 o_store=2
FIG8_ATTENTION_TIMERS mode=baseline layout=serial phase=measure iteration=7 lut_exp=0 scna_layout=0 scna_width=0 qo_len=4 kv_len=4096 n_heads=12 n_kv_heads=2 head_dim=128 kv_head=0 worker=0 profiled_total=272 q_load=1 k_load=70 v_load=76 qk_dot=1 safe_sm=120 scna_exp=0 state_update=1 param_prepare=0 core_acc=2 o_scale=1 o_store=1
FIG8_ATTENTION_TIMERS mode=baseline layout=serial phase=measure iteration=7 lut_exp=0 scna_layout=0 scna_width=0 qo_len=4 kv_len=4096 n_heads=12 n_kv_heads=2 head_dim=128 kv_head=1 worker=0 profiled_total=282 q_load=1 k_load=70 v_load=83 qk_dot=2 safe_sm=120 scna_exp=0 state_update=1 param_prepare=0 core_acc=3 o_scale=1 o_store=2
FIG8_ATTENTION_TIMERS mode=baseline layout=serial phase=measure iteration=7 lut_exp=0 scna_layout=0 scna_width=0 qo_len=4 kv_len=4096 n_heads=12 n_kv_heads=2 head_dim=128 kv_head=0 worker=0 profiled_total=279 q_load=1 k_load=70 v_load=82 qk_dot=1 safe_sm=120 scna_exp=0 state_update=1 param_prepare=0 core_acc=3 o_scale=1 o_store=1
FIG8_ATTENTION_TIMERS mode=baseline layout=serial phase=measure iteration=7 lut_exp=0 scna_layout=0 scna_width=0 qo_len=4 kv_len=4096 n_heads=12 n_kv_heads=2 head_dim=128 kv_head=1 worker=0 profiled_total=279 q_load=1 k_load=66 v_load=85 qk_dot=2 safe_sm=120 scna_exp=0 state_update=1 param_prepare=0 core_acc=2 o_scale=1 o_store=2
FIG8_ATTENTION_EVENT_COUNT mode=baseline qo_len=32 phase=measure iteration=7 events=0 max_events=0 overflow=0
FIG8_ATTENTION_CHECKSUM mode=baseline layout=serial scna_width=8 seed=20260810 phase=measure iteration=7 checksum=0x0849a9896635ca77
FIG8_ATTENTION_HOST_TIMING mode=baseline layout=serial variant=pair_static_d8 workers=1 scna_width=8 seed=20260810 mask_mode=full qo_len=32 kv_len=4096 n_heads=12 n_kv_heads=2 head_dim=128 phase=measure iteration=8 host_elapsed_us=5359 ret=0
FIG8_ATTENTION_PROFILE_COUNT mode=baseline qo_len=32 phase=measure iteration=8 records=16 max_records=24
FIG8_ATTENTION_WORKERS mode=baseline variant=pair_static_d8 qo_len=32 phase=measure iteration=8 requested_workers=1 active_workers=1 hvx_contexts=6 vtcm_worker_cap=8 tasks=16 q_task_rows=4
FIG8_ATTENTION_TIMERS mode=baseline layout=serial phase=measure iteration=8 lut_exp=0 scna_layout=0 scna_width=0 qo_len=4 kv_len=4096 n_heads=12 n_kv_heads=2 head_dim=128 kv_head=0 worker=1 profiled_total=276 q_load=1 k_load=67 v_load=82 qk_dot=1 safe_sm=120 scna_exp=0 state_update=1 param_prepare=0 core_acc=3 o_scale=1 o_store=1
FIG8_ATTENTION_TIMERS mode=baseline layout=serial phase=measure iteration=8 lut_exp=0 scna_layout=0 scna_width=0 qo_len=4 kv_len=4096 n_heads=12 n_kv_heads=2 head_dim=128 kv_head=1 worker=1 profiled_total=272 q_load=1 k_load=67 v_load=81 qk_dot=1 safe_sm=118 scna_exp=0 state_update=0 param_prepare=0 core_acc=2 o_scale=1 o_store=1
FIG8_ATTENTION_TIMERS mode=baseline layout=serial phase=measure iteration=8 lut_exp=0 scna_layout=0 scna_width=0 qo_len=4 kv_len=4096 n_heads=12 n_kv_heads=2 head_dim=128 kv_head=0 worker=1 profiled_total=268 q_load=1 k_load=68 v_load=75 qk_dot=1 safe_sm=119 scna_exp=0 state_update=1 param_prepare=0 core_acc=2 o_scale=1 o_store=1
FIG8_ATTENTION_TIMERS mode=baseline layout=serial phase=measure iteration=8 lut_exp=0 scna_layout=0 scna_width=0 qo_len=4 kv_len=4096 n_heads=12 n_kv_heads=2 head_dim=128 kv_head=1 worker=1 profiled_total=276 q_load=1 k_load=67 v_load=81 qk_dot=2 safe_sm=120 scna_exp=0 state_update=1 param_prepare=0 core_acc=2 o_scale=1 o_store=2
FIG8_ATTENTION_TIMERS mode=baseline layout=serial phase=measure iteration=8 lut_exp=0 scna_layout=0 scna_width=0 qo_len=4 kv_len=4096 n_heads=12 n_kv_heads=2 head_dim=128 kv_head=0 worker=1 profiled_total=271 q_load=1 k_load=68 v_load=79 qk_dot=1 safe_sm=118 scna_exp=0 state_update=1 param_prepare=0 core_acc=2 o_scale=1 o_store=1
FIG8_ATTENTION_TIMERS mode=baseline layout=serial phase=measure iteration=8 lut_exp=0 scna_layout=0 scna_width=0 qo_len=4 kv_len=4096 n_heads=12 n_kv_heads=2 head_dim=128 kv_head=1 worker=1 profiled_total=273 q_load=1 k_load=69 v_load=78 qk_dot=2 safe_sm=119 scna_exp=0 state_update=1 param_prepare=0 core_acc=2 o_scale=1 o_store=1
FIG8_ATTENTION_TIMERS mode=baseline layout=serial phase=measure iteration=8 lut_exp=0 scna_layout=0 scna_width=0 qo_len=4 kv_len=4096 n_heads=12 n_kv_heads=2 head_dim=128 kv_head=0 worker=1 profiled_total=271 q_load=1 k_load=68 v_load=75 qk_dot=2 safe_sm=120 scna_exp=0 state_update=1 param_prepare=0 core_acc=3 o_scale=1 o_store=1
FIG8_ATTENTION_TIMERS mode=baseline layout=serial phase=measure iteration=8 lut_exp=0 scna_layout=0 scna_width=0 qo_len=4 kv_len=4096 n_heads=12 n_kv_heads=2 head_dim=128 kv_head=1 worker=1 profiled_total=271 q_load=1 k_load=70 v_load=75 qk_dot=1 safe_sm=119 scna_exp=0 state_update=1 param_prepare=0 core_acc=3 o_scale=1 o_store=1
FIG8_ATTENTION_TIMERS mode=baseline layout=serial phase=measure iteration=8 lut_exp=0 scna_layout=0 scna_width=0 qo_len=4 kv_len=4096 n_heads=12 n_kv_heads=2 head_dim=128 kv_head=0 worker=1 profiled_total=268 q_load=1 k_load=67 v_load=76 qk_dot=1 safe_sm=118 scna_exp=0 state_update=0 param_prepare=0 core_acc=3 o_scale=1 o_store=1
FIG8_ATTENTION_TIMERS mode=baseline layout=serial phase=measure iteration=8 lut_exp=0 scna_layout=0 scna_width=0 qo_len=4 kv_len=4096 n_heads=12 n_kv_heads=2 head_dim=128 kv_head=1 worker=1 profiled_total=283 q_load=1 k_load=69 v_load=84 qk_dot=2 safe_sm=119 scna_exp=0 state_update=2 param_prepare=0 core_acc=6 o_scale=1 o_store=1
FIG8_ATTENTION_TIMERS mode=baseline layout=serial phase=measure iteration=8 lut_exp=0 scna_layout=0 scna_width=0 qo_len=4 kv_len=4096 n_heads=12 n_kv_heads=2 head_dim=128 kv_head=0 worker=1 profiled_total=275 q_load=1 k_load=68 v_load=85 qk_dot=1 safe_sm=116 scna_exp=0 state_update=1 param_prepare=0 core_acc=2 o_scale=1 o_store=1
FIG8_ATTENTION_TIMERS mode=baseline layout=serial phase=measure iteration=8 lut_exp=0 scna_layout=0 scna_width=0 qo_len=4 kv_len=4096 n_heads=12 n_kv_heads=2 head_dim=128 kv_head=1 worker=1 profiled_total=284 q_load=1 k_load=66 v_load=92 qk_dot=2 safe_sm=119 scna_exp=0 state_update=1 param_prepare=0 core_acc=2 o_scale=1 o_store=1
FIG8_ATTENTION_TIMERS mode=baseline layout=serial phase=measure iteration=8 lut_exp=0 scna_layout=0 scna_width=0 qo_len=4 kv_len=4096 n_heads=12 n_kv_heads=2 head_dim=128 kv_head=0 worker=1 profiled_total=283 q_load=1 k_load=70 v_load=83 qk_dot=2 safe_sm=120 scna_exp=0 state_update=2 param_prepare=0 core_acc=5 o_scale=1 o_store=1
FIG8_ATTENTION_TIMERS mode=baseline layout=serial phase=measure iteration=8 lut_exp=0 scna_layout=0 scna_width=0 qo_len=4 kv_len=4096 n_heads=12 n_kv_heads=2 head_dim=128 kv_head=1 worker=1 profiled_total=282 q_load=1 k_load=66 v_load=90 qk_dot=1 safe_sm=120 scna_exp=0 state_update=0 param_prepare=0 core_acc=2 o_scale=1 o_store=1
FIG8_ATTENTION_TIMERS mode=baseline layout=serial phase=measure iteration=8 lut_exp=0 scna_layout=0 scna_width=0 qo_len=4 kv_len=4096 n_heads=12 n_kv_heads=2 head_dim=128 kv_head=0 worker=1 profiled_total=276 q_load=1 k_load=69 v_load=80 qk_dot=1 safe_sm=120 scna_exp=0 state_update=0 param_prepare=0 core_acc=3 o_scale=1 o_store=1
FIG8_ATTENTION_TIMERS mode=baseline layout=serial phase=measure iteration=8 lut_exp=0 scna_layout=0 scna_width=0 qo_len=4 kv_len=4096 n_heads=12 n_kv_heads=2 head_dim=128 kv_head=1 worker=1 profiled_total=292 q_load=1 k_load=70 v_load=89 qk_dot=2 safe_sm=122 scna_exp=0 state_update=2 param_prepare=0 core_acc=6 o_scale=1 o_store=1
FIG8_ATTENTION_EVENT_COUNT mode=baseline qo_len=32 phase=measure iteration=8 events=0 max_events=0 overflow=0
FIG8_ATTENTION_CHECKSUM mode=baseline layout=serial scna_width=8 seed=20260810 phase=measure iteration=8 checksum=0x0849a9896635ca77
FIG8_ATTENTION_HOST_TIMING mode=baseline layout=serial variant=pair_static_d8 workers=1 scna_width=8 seed=20260810 mask_mode=full qo_len=32 kv_len=4096 n_heads=12 n_kv_heads=2 head_dim=128 phase=measure iteration=9 host_elapsed_us=5401 ret=0
FIG8_ATTENTION_PROFILE_COUNT mode=baseline qo_len=32 phase=measure iteration=9 records=16 max_records=24
FIG8_ATTENTION_WORKERS mode=baseline variant=pair_static_d8 qo_len=32 phase=measure iteration=9 requested_workers=1 active_workers=1 hvx_contexts=6 vtcm_worker_cap=8 tasks=16 q_task_rows=4
FIG8_ATTENTION_TIMERS mode=baseline layout=serial phase=measure iteration=9 lut_exp=0 scna_layout=0 scna_width=0 qo_len=4 kv_len=4096 n_heads=12 n_kv_heads=2 head_dim=128 kv_head=0 worker=2 profiled_total=269 q_load=1 k_load=66 v_load=81 qk_dot=1 safe_sm=117 scna_exp=0 state_update=0 param_prepare=0 core_acc=1 o_scale=1 o_store=1
FIG8_ATTENTION_TIMERS mode=baseline layout=serial phase=measure iteration=9 lut_exp=0 scna_layout=0 scna_width=0 qo_len=4 kv_len=4096 n_heads=12 n_kv_heads=2 head_dim=128 kv_head=1 worker=2 profiled_total=276 q_load=1 k_load=70 v_load=81 qk_dot=1 safe_sm=118 scna_exp=0 state_update=1 param_prepare=0 core_acc=3 o_scale=1 o_store=1
FIG8_ATTENTION_TIMERS mode=baseline layout=serial phase=measure iteration=9 lut_exp=0 scna_layout=0 scna_width=0 qo_len=4 kv_len=4096 n_heads=12 n_kv_heads=2 head_dim=128 kv_head=0 worker=2 profiled_total=270 q_load=1 k_load=68 v_load=77 qk_dot=1 safe_sm=118 scna_exp=0 state_update=0 param_prepare=0 core_acc=3 o_scale=1 o_store=1
FIG8_ATTENTION_TIMERS mode=baseline layout=serial phase=measure iteration=9 lut_exp=0 scna_layout=0 scna_width=0 qo_len=4 kv_len=4096 n_heads=12 n_kv_heads=2 head_dim=128 kv_head=1 worker=2 profiled_total=282 q_load=1 k_load=67 v_load=89 qk_dot=2 safe_sm=119 scna_exp=0 state_update=1 param_prepare=0 core_acc=2 o_scale=1 o_store=1
FIG8_ATTENTION_TIMERS mode=baseline layout=serial phase=measure iteration=9 lut_exp=0 scna_layout=0 scna_width=0 qo_len=4 kv_len=4096 n_heads=12 n_kv_heads=2 head_dim=128 kv_head=0 worker=2 profiled_total=269 q_load=1 k_load=69 v_load=76 qk_dot=1 safe_sm=117 scna_exp=0 state_update=1 param_prepare=0 core_acc=3 o_scale=1 o_store=1
FIG8_ATTENTION_TIMERS mode=baseline layout=serial phase=measure iteration=9 lut_exp=0 scna_layout=0 scna_width=0 qo_len=4 kv_len=4096 n_heads=12 n_kv_heads=2 head_dim=128 kv_head=1 worker=2 profiled_total=290 q_load=1 k_load=70 v_load=93 qk_dot=2 safe_sm=120 scna_exp=0 state_update=1 param_prepare=0 core_acc=2 o_scale=1 o_store=1
FIG8_ATTENTION_TIMERS mode=baseline layout=serial phase=measure iteration=9 lut_exp=0 scna_layout=0 scna_width=0 qo_len=4 kv_len=4096 n_heads=12 n_kv_heads=2 head_dim=128 kv_head=0 worker=2 profiled_total=276 q_load=1 k_load=68 v_load=81 qk_dot=1 safe_sm=120 scna_exp=0 state_update=0 param_prepare=0 core_acc=3 o_scale=1 o_store=1
FIG8_ATTENTION_TIMERS mode=baseline layout=serial phase=measure iteration=9 lut_exp=0 scna_layout=0 scna_width=0 qo_len=4 kv_len=4096 n_heads=12 n_kv_heads=2 head_dim=128 kv_head=1 worker=2 profiled_total=284 q_load=1 k_load=69 v_load=88 qk_dot=2 safe_sm=120 scna_exp=0 state_update=1 param_prepare=0 core_acc=2 o_scale=1 o_store=1
FIG8_ATTENTION_TIMERS mode=baseline layout=serial phase=measure iteration=9 lut_exp=0 scna_layout=0 scna_width=0 qo_len=4 kv_len=4096 n_heads=12 n_kv_heads=2 head_dim=128 kv_head=0 worker=2 profiled_total=278 q_load=1 k_load=69 v_load=82 qk_dot=1 safe_sm=119 scna_exp=0 state_update=1 param_prepare=0 core_acc=4 o_scale=1 o_store=1
FIG8_ATTENTION_TIMERS mode=baseline layout=serial phase=measure iteration=9 lut_exp=0 scna_layout=0 scna_width=0 qo_len=4 kv_len=4096 n_heads=12 n_kv_heads=2 head_dim=128 kv_head=1 worker=2 profiled_total=292 q_load=1 k_load=69 v_load=95 qk_dot=2 safe_sm=120 scna_exp=0 state_update=1 param_prepare=0 core_acc=3 o_scale=1 o_store=1
FIG8_ATTENTION_TIMERS mode=baseline layout=serial phase=measure iteration=9 lut_exp=0 scna_layout=0 scna_width=0 qo_len=4 kv_len=4096 n_heads=12 n_kv_heads=2 head_dim=128 kv_head=0 worker=2 profiled_total=275 q_load=1 k_load=69 v_load=81 qk_dot=1 safe_sm=118 scna_exp=0 state_update=2 param_prepare=0 core_acc=3 o_scale=1 o_store=1
FIG8_ATTENTION_TIMERS mode=baseline layout=serial phase=measure iteration=9 lut_exp=0 scna_layout=0 scna_width=0 qo_len=4 kv_len=4096 n_heads=12 n_kv_heads=2 head_dim=128 kv_head=1 worker=2 profiled_total=285 q_load=1 k_load=67 v_load=92 qk_dot=2 safe_sm=119 scna_exp=0 state_update=0 param_prepare=0 core_acc=2 o_scale=1 o_store=1
FIG8_ATTENTION_TIMERS mode=baseline layout=serial phase=measure iteration=9 lut_exp=0 scna_layout=0 scna_width=0 qo_len=4 kv_len=4096 n_heads=12 n_kv_heads=2 head_dim=128 kv_head=0 worker=2 profiled_total=276 q_load=1 k_load=68 v_load=82 qk_dot=1 safe_sm=119 scna_exp=0 state_update=1 param_prepare=0 core_acc=3 o_scale=1 o_store=1
FIG8_ATTENTION_TIMERS mode=baseline layout=serial phase=measure iteration=9 lut_exp=0 scna_layout=0 scna_width=0 qo_len=4 kv_len=4096 n_heads=12 n_kv_heads=2 head_dim=128 kv_head=1 worker=2 profiled_total=280 q_load=1 k_load=70 v_load=81 qk_dot=2 safe_sm=121 scna_exp=0 state_update=1 param_prepare=0 core_acc=3 o_scale=1 o_store=1
FIG8_ATTENTION_TIMERS mode=baseline layout=serial phase=measure iteration=9 lut_exp=0 scna_layout=0 scna_width=0 qo_len=4 kv_len=4096 n_heads=12 n_kv_heads=2 head_dim=128 kv_head=0 worker=2 profiled_total=281 q_load=1 k_load=71 v_load=83 qk_dot=1 safe_sm=120 scna_exp=0 state_update=1 param_prepare=0 core_acc=3 o_scale=1 o_store=1
FIG8_ATTENTION_TIMERS mode=baseline layout=serial phase=measure iteration=9 lut_exp=0 scna_layout=0 scna_width=0 qo_len=4 kv_len=4096 n_heads=12 n_kv_heads=2 head_dim=128 kv_head=1 worker=2 profiled_total=280 q_load=1 k_load=69 v_load=83 qk_dot=2 safe_sm=120 scna_exp=0 state_update=1 param_prepare=0 core_acc=3 o_scale=1 o_store=1
FIG8_ATTENTION_EVENT_COUNT mode=baseline qo_len=32 phase=measure iteration=9 events=0 max_events=0 overflow=0
FIG8_ATTENTION_CHECKSUM mode=baseline layout=serial scna_width=8 seed=20260810 phase=measure iteration=9 checksum=0x0849a9896635ca77
FIG8_ATTENTION_HOST_TIMING mode=baseline layout=serial variant=pair_static_d8 workers=1 scna_width=8 seed=20260810 mask_mode=full qo_len=32 kv_len=4096 n_heads=12 n_kv_heads=2 head_dim=128 phase=measure iteration=10 host_elapsed_us=5399 ret=0
FIG8_ATTENTION_PROFILE_COUNT mode=baseline qo_len=32 phase=measure iteration=10 records=16 max_records=24
FIG8_ATTENTION_WORKERS mode=baseline variant=pair_static_d8 qo_len=32 phase=measure iteration=10 requested_workers=1 active_workers=1 hvx_contexts=6 vtcm_worker_cap=8 tasks=16 q_task_rows=4
FIG8_ATTENTION_TIMERS mode=baseline layout=serial phase=measure iteration=10 lut_exp=0 scna_layout=0 scna_width=0 qo_len=4 kv_len=4096 n_heads=12 n_kv_heads=2 head_dim=128 kv_head=0 worker=3 profiled_total=271 q_load=1 k_load=67 v_load=80 qk_dot=1 safe_sm=118 scna_exp=0 state_update=1 param_prepare=0 core_acc=2 o_scale=1 o_store=1
FIG8_ATTENTION_TIMERS mode=baseline layout=serial phase=measure iteration=10 lut_exp=0 scna_layout=0 scna_width=0 qo_len=4 kv_len=4096 n_heads=12 n_kv_heads=2 head_dim=128 kv_head=1 worker=3 profiled_total=267 q_load=1 k_load=63 v_load=80 qk_dot=1 safe_sm=118 scna_exp=0 state_update=1 param_prepare=0 core_acc=2 o_scale=1 o_store=1
FIG8_ATTENTION_TIMERS mode=baseline layout=serial phase=measure iteration=10 lut_exp=0 scna_layout=0 scna_width=0 qo_len=4 kv_len=4096 n_heads=12 n_kv_heads=2 head_dim=128 kv_head=0 worker=3 profiled_total=268 q_load=1 k_load=65 v_load=78 qk_dot=1 safe_sm=118 scna_exp=0 state_update=1 param_prepare=0 core_acc=3 o_scale=1 o_store=1
FIG8_ATTENTION_TIMERS mode=baseline layout=serial phase=measure iteration=10 lut_exp=0 scna_layout=0 scna_width=0 qo_len=4 kv_len=4096 n_heads=12 n_kv_heads=2 head_dim=128 kv_head=1 worker=3 profiled_total=269 q_load=1 k_load=70 v_load=75 qk_dot=2 safe_sm=117 scna_exp=0 state_update=1 param_prepare=0 core_acc=2 o_scale=1 o_store=1
FIG8_ATTENTION_TIMERS mode=baseline layout=serial phase=measure iteration=10 lut_exp=0 scna_layout=0 scna_width=0 qo_len=4 kv_len=4096 n_heads=12 n_kv_heads=2 head_dim=128 kv_head=0 worker=3 profiled_total=272 q_load=1 k_load=69 v_load=79 qk_dot=1 safe_sm=117 scna_exp=0 state_update=1 param_prepare=0 core_acc=3 o_scale=1 o_store=1
FIG8_ATTENTION_TIMERS mode=baseline layout=serial phase=measure iteration=10 lut_exp=0 scna_layout=0 scna_width=0 qo_len=4 kv_len=4096 n_heads=12 n_kv_heads=2 head_dim=128 kv_head=1 worker=3 profiled_total=280 q_load=1 k_load=69 v_load=84 qk_dot=2 safe_sm=120 scna_exp=0 state_update=1 param_prepare=0 core_acc=2 o_scale=1 o_store=1
FIG8_ATTENTION_TIMERS mode=baseline layout=serial phase=measure iteration=10 lut_exp=0 scna_layout=0 scna_width=0 qo_len=4 kv_len=4096 n_heads=12 n_kv_heads=2 head_dim=128 kv_head=0 worker=3 profiled_total=281 q_load=1 k_load=70 v_load=81 qk_dot=2 safe_sm=121 scna_exp=0 state_update=1 param_prepare=0 core_acc=4 o_scale=1 o_store=1
FIG8_ATTENTION_TIMERS mode=baseline layout=serial phase=measure iteration=10 lut_exp=0 scna_layout=0 scna_width=0 qo_len=4 kv_len=4096 n_heads=12 n_kv_heads=2 head_dim=128 kv_head=1 worker=3 profiled_total=280 q_load=1 k_load=69 v_load=82 qk_dot=2 safe_sm=121 scna_exp=0 state_update=1 param_prepare=0 core_acc=3 o_scale=1 o_store=1
FIG8_ATTENTION_TIMERS mode=baseline layout=serial phase=measure iteration=10 lut_exp=0 scna_layout=0 scna_width=0 qo_len=4 kv_len=4096 n_heads=12 n_kv_heads=2 head_dim=128 kv_head=0 worker=3 profiled_total=278 q_load=1 k_load=70 v_load=83 qk_dot=1 safe_sm=118 scna_exp=0 state_update=1 param_prepare=0 core_acc=3 o_scale=1 o_store=1
FIG8_ATTENTION_TIMERS mode=baseline layout=serial phase=measure iteration=10 lut_exp=0 scna_layout=0 scna_width=0 qo_len=4 kv_len=4096 n_heads=12 n_kv_heads=2 head_dim=128 kv_head=1 worker=3 profiled_total=292 q_load=1 k_load=69 v_load=93 qk_dot=2 safe_sm=122 scna_exp=0 state_update=1 param_prepare=0 core_acc=3 o_scale=1 o_store=1
FIG8_ATTENTION_TIMERS mode=baseline layout=serial phase=measure iteration=10 lut_exp=0 scna_layout=0 scna_width=0 qo_len=4 kv_len=4096 n_heads=12 n_kv_heads=2 head_dim=128 kv_head=0 worker=3 profiled_total=274 q_load=1 k_load=67 v_load=84 qk_dot=1 safe_sm=117 scna_exp=0 state_update=1 param_prepare=0 core_acc=2 o_scale=1 o_store=1
FIG8_ATTENTION_TIMERS mode=baseline layout=serial phase=measure iteration=10 lut_exp=0 scna_layout=0 scna_width=0 qo_len=4 kv_len=4096 n_heads=12 n_kv_heads=2 head_dim=128 kv_head=1 worker=3 profiled_total=288 q_load=1 k_load=70 v_load=92 qk_dot=2 safe_sm=118 scna_exp=0 state_update=1 param_prepare=0 core_acc=3 o_scale=1 o_store=1
FIG8_ATTENTION_TIMERS mode=baseline layout=serial phase=measure iteration=10 lut_exp=0 scna_layout=0 scna_width=0 qo_len=4 kv_len=4096 n_heads=12 n_kv_heads=2 head_dim=128 kv_head=0 worker=3 profiled_total=279 q_load=1 k_load=68 v_load=81 qk_dot=2 safe_sm=122 scna_exp=0 state_update=2 param_prepare=0 core_acc=3 o_scale=1 o_store=1
FIG8_ATTENTION_TIMERS mode=baseline layout=serial phase=measure iteration=10 lut_exp=0 scna_layout=0 scna_width=0 qo_len=4 kv_len=4096 n_heads=12 n_kv_heads=2 head_dim=128 kv_head=1 worker=3 profiled_total=286 q_load=1 k_load=65 v_load=96 qk_dot=2 safe_sm=119 scna_exp=0 state_update=0 param_prepare=0 core_acc=1 o_scale=1 o_store=1
FIG8_ATTENTION_TIMERS mode=baseline layout=serial phase=measure iteration=10 lut_exp=0 scna_layout=0 scna_width=0 qo_len=4 kv_len=4096 n_heads=12 n_kv_heads=2 head_dim=128 kv_head=0 worker=3 profiled_total=275 q_load=1 k_load=70 v_load=77 qk_dot=1 safe_sm=120 scna_exp=0 state_update=1 param_prepare=0 core_acc=4 o_scale=1 o_store=1
FIG8_ATTENTION_TIMERS mode=baseline layout=serial phase=measure iteration=10 lut_exp=0 scna_layout=0 scna_width=0 qo_len=4 kv_len=4096 n_heads=12 n_kv_heads=2 head_dim=128 kv_head=1 worker=3 profiled_total=284 q_load=1 k_load=69 v_load=84 qk_dot=2 safe_sm=120 scna_exp=0 state_update=1 param_prepare=0 core_acc=5 o_scale=1 o_store=2
FIG8_ATTENTION_EVENT_COUNT mode=baseline qo_len=32 phase=measure iteration=10 events=0 max_events=0 overflow=0
FIG8_ATTENTION_CHECKSUM mode=baseline layout=serial scna_width=8 seed=20260810 phase=measure iteration=10 checksum=0x0849a9896635ca77
FIG8_ATTENTION_HOST_TIMING mode=baseline layout=serial variant=pair_static_d8 workers=1 scna_width=8 seed=20260810 mask_mode=full qo_len=32 kv_len=4096 n_heads=12 n_kv_heads=2 head_dim=128 phase=measure iteration=11 host_elapsed_us=5353 ret=0
FIG8_ATTENTION_PROFILE_COUNT mode=baseline qo_len=32 phase=measure iteration=11 records=16 max_records=24
FIG8_ATTENTION_WORKERS mode=baseline variant=pair_static_d8 qo_len=32 phase=measure iteration=11 requested_workers=1 active_workers=1 hvx_contexts=6 vtcm_worker_cap=8 tasks=16 q_task_rows=4
FIG8_ATTENTION_TIMERS mode=baseline layout=serial phase=measure iteration=11 lut_exp=0 scna_layout=0 scna_width=0 qo_len=4 kv_len=4096 n_heads=12 n_kv_heads=2 head_dim=128 kv_head=0 worker=4 profiled_total=270 q_load=1 k_load=65 v_load=81 qk_dot=1 safe_sm=119 scna_exp=0 state_update=0 param_prepare=0 core_acc=1 o_scale=1 o_store=1
FIG8_ATTENTION_TIMERS mode=baseline layout=serial phase=measure iteration=11 lut_exp=0 scna_layout=0 scna_width=0 qo_len=4 kv_len=4096 n_heads=12 n_kv_heads=2 head_dim=128 kv_head=1 worker=4 profiled_total=272 q_load=1 k_load=67 v_load=81 qk_dot=1 safe_sm=118 scna_exp=0 state_update=0 param_prepare=0 core_acc=2 o_scale=1 o_store=1
FIG8_ATTENTION_TIMERS mode=baseline layout=serial phase=measure iteration=11 lut_exp=0 scna_layout=0 scna_width=0 qo_len=4 kv_len=4096 n_heads=12 n_kv_heads=2 head_dim=128 kv_head=0 worker=4 profiled_total=264 q_load=1 k_load=66 v_load=74 qk_dot=1 safe_sm=118 scna_exp=0 state_update=0 param_prepare=0 core_acc=2 o_scale=1 o_store=1
FIG8_ATTENTION_TIMERS mode=baseline layout=serial phase=measure iteration=11 lut_exp=0 scna_layout=0 scna_width=0 qo_len=4 kv_len=4096 n_heads=12 n_kv_heads=2 head_dim=128 kv_head=1 worker=4 profiled_total=283 q_load=1 k_load=67 v_load=91 qk_dot=2 safe_sm=118 scna_exp=0 state_update=0 param_prepare=0 core_acc=2 o_scale=1 o_store=1
FIG8_ATTENTION_TIMERS mode=baseline layout=serial phase=measure iteration=11 lut_exp=0 scna_layout=0 scna_width=0 qo_len=4 kv_len=4096 n_heads=12 n_kv_heads=2 head_dim=128 kv_head=0 worker=4 profiled_total=286 q_load=1 k_load=69 v_load=89 qk_dot=1 safe_sm=120 scna_exp=0 state_update=1 param_prepare=0 core_acc=4 o_scale=1 o_store=1
FIG8_ATTENTION_TIMERS mode=baseline layout=serial phase=measure iteration=11 lut_exp=0 scna_layout=0 scna_width=0 qo_len=4 kv_len=4096 n_heads=12 n_kv_heads=2 head_dim=128 kv_head=1 worker=4 profiled_total=283 q_load=1 k_load=72 v_load=84 qk_dot=2 safe_sm=119 scna_exp=0 state_update=1 param_prepare=0 core_acc=3 o_scale=1 o_store=1
FIG8_ATTENTION_TIMERS mode=baseline layout=serial phase=measure iteration=11 lut_exp=0 scna_layout=0 scna_width=0 qo_len=4 kv_len=4096 n_heads=12 n_kv_heads=2 head_dim=128 kv_head=0 worker=4 profiled_total=284 q_load=1 k_load=69 v_load=87 qk_dot=1 safe_sm=121 scna_exp=0 state_update=1 param_prepare=0 core_acc=3 o_scale=1 o_store=1
FIG8_ATTENTION_TIMERS mode=baseline layout=serial phase=measure iteration=11 lut_exp=0 scna_layout=0 scna_width=0 qo_len=4 kv_len=4096 n_heads=12 n_kv_heads=2 head_dim=128 kv_head=1 worker=4 profiled_total=276 q_load=1 k_load=69 v_load=82 qk_dot=2 safe_sm=118 scna_exp=0 state_update=1 param_prepare=0 core_acc=2 o_scale=1 o_store=1
FIG8_ATTENTION_TIMERS mode=baseline layout=serial phase=measure iteration=11 lut_exp=0 scna_layout=0 scna_width=0 qo_len=4 kv_len=4096 n_heads=12 n_kv_heads=2 head_dim=128 kv_head=0 worker=4 profiled_total=278 q_load=1 k_load=69 v_load=83 qk_dot=1 safe_sm=119 scna_exp=0 state_update=1 param_prepare=0 core_acc=3 o_scale=1 o_store=1
FIG8_ATTENTION_TIMERS mode=baseline layout=serial phase=measure iteration=11 lut_exp=0 scna_layout=0 scna_width=0 qo_len=4 kv_len=4096 n_heads=12 n_kv_heads=2 head_dim=128 kv_head=1 worker=4 profiled_total=283 q_load=1 k_load=69 v_load=89 qk_dot=2 safe_sm=118 scna_exp=0 state_update=1 param_prepare=0 core_acc=2 o_scale=1 o_store=1
FIG8_ATTENTION_TIMERS mode=baseline layout=serial phase=measure iteration=11 lut_exp=0 scna_layout=0 scna_width=0 qo_len=4 kv_len=4096 n_heads=12 n_kv_heads=2 head_dim=128 kv_head=0 worker=4 profiled_total=277 q_load=1 k_load=69 v_load=83 qk_dot=1 safe_sm=118 scna_exp=0 state_update=1 param_prepare=0 core_acc=3 o_scale=1 o_store=1
FIG8_ATTENTION_TIMERS mode=baseline layout=serial phase=measure iteration=11 lut_exp=0 scna_layout=0 scna_width=0 qo_len=4 kv_len=4096 n_heads=12 n_kv_heads=2 head_dim=128 kv_head=1 worker=4 profiled_total=280 q_load=1 k_load=69 v_load=87 qk_dot=2 safe_sm=117 scna_exp=0 state_update=1 param_prepare=0 core_acc=2 o_scale=1 o_store=1
FIG8_ATTENTION_TIMERS mode=baseline layout=serial phase=measure iteration=11 lut_exp=0 scna_layout=0 scna_width=0 qo_len=4 kv_len=4096 n_heads=12 n_kv_heads=2 head_dim=128 kv_head=0 worker=4 profiled_total=280 q_load=1 k_load=68 v_load=85 qk_dot=1 safe_sm=120 scna_exp=0 state_update=1 param_prepare=0 core_acc=3 o_scale=1 o_store=1
FIG8_ATTENTION_TIMERS mode=baseline layout=serial phase=measure iteration=11 lut_exp=0 scna_layout=0 scna_width=0 qo_len=4 kv_len=4096 n_heads=12 n_kv_heads=2 head_dim=128 kv_head=1 worker=4 profiled_total=275 q_load=1 k_load=67 v_load=82 qk_dot=2 safe_sm=118 scna_exp=0 state_update=1 param_prepare=0 core_acc=3 o_scale=1 o_store=1
FIG8_ATTENTION_TIMERS mode=baseline layout=serial phase=measure iteration=11 lut_exp=0 scna_layout=0 scna_width=0 qo_len=4 kv_len=4096 n_heads=12 n_kv_heads=2 head_dim=128 kv_head=0 worker=4 profiled_total=284 q_load=1 k_load=70 v_load=86 qk_dot=1 safe_sm=121 scna_exp=0 state_update=0 param_prepare=0 core_acc=3 o_scale=1 o_store=1
FIG8_ATTENTION_TIMERS mode=baseline layout=serial phase=measure iteration=11 lut_exp=0 scna_layout=0 scna_width=0 qo_len=4 kv_len=4096 n_heads=12 n_kv_heads=2 head_dim=128 kv_head=1 worker=4 profiled_total=266 q_load=1 k_load=70 v_load=71 qk_dot=2 safe_sm=117 scna_exp=0 state_update=1 param_prepare=0 core_acc=3 o_scale=1 o_store=1
FIG8_ATTENTION_EVENT_COUNT mode=baseline qo_len=32 phase=measure iteration=11 events=0 max_events=0 overflow=0
FIG8_ATTENTION_CHECKSUM mode=baseline layout=serial scna_width=8 seed=20260810 phase=measure iteration=11 checksum=0x0849a9896635ca77
FIG8_ATTENTION_HOST_TIMING mode=baseline layout=serial variant=pair_static_d8 workers=1 scna_width=8 seed=20260810 mask_mode=full qo_len=32 kv_len=4096 n_heads=12 n_kv_heads=2 head_dim=128 phase=measure iteration=12 host_elapsed_us=5217 ret=0
FIG8_ATTENTION_PROFILE_COUNT mode=baseline qo_len=32 phase=measure iteration=12 records=16 max_records=24
FIG8_ATTENTION_WORKERS mode=baseline variant=pair_static_d8 qo_len=32 phase=measure iteration=12 requested_workers=1 active_workers=1 hvx_contexts=6 vtcm_worker_cap=8 tasks=16 q_task_rows=4
FIG8_ATTENTION_TIMERS mode=baseline layout=serial phase=measure iteration=12 lut_exp=0 scna_layout=0 scna_width=0 qo_len=4 kv_len=4096 n_heads=12 n_kv_heads=2 head_dim=128 kv_head=0 worker=5 profiled_total=274 q_load=1 k_load=69 v_load=80 qk_dot=2 safe_sm=117 scna_exp=0 state_update=1 param_prepare=0 core_acc=3 o_scale=1 o_store=1
FIG8_ATTENTION_TIMERS mode=baseline layout=serial phase=measure iteration=12 lut_exp=0 scna_layout=0 scna_width=0 qo_len=4 kv_len=4096 n_heads=12 n_kv_heads=2 head_dim=128 kv_head=1 worker=5 profiled_total=266 q_load=1 k_load=67 v_load=77 qk_dot=1 safe_sm=116 scna_exp=0 state_update=0 param_prepare=0 core_acc=2 o_scale=1 o_store=1
FIG8_ATTENTION_TIMERS mode=baseline layout=serial phase=measure iteration=12 lut_exp=0 scna_layout=0 scna_width=0 qo_len=4 kv_len=4096 n_heads=12 n_kv_heads=2 head_dim=128 kv_head=0 worker=5 profiled_total=261 q_load=1 k_load=68 v_load=71 qk_dot=1 safe_sm=116 scna_exp=0 state_update=0 param_prepare=0 core_acc=2 o_scale=1 o_store=1
FIG8_ATTENTION_TIMERS mode=baseline layout=serial phase=measure iteration=12 lut_exp=0 scna_layout=0 scna_width=0 qo_len=4 kv_len=4096 n_heads=12 n_kv_heads=2 head_dim=128 kv_head=1 worker=5 profiled_total=269 q_load=1 k_load=67 v_load=76 qk_dot=2 safe_sm=117 scna_exp=0 state_update=1 param_prepare=0 core_acc=4 o_scale=1 o_store=1
FIG8_ATTENTION_TIMERS mode=baseline layout=serial phase=measure iteration=12 lut_exp=0 scna_layout=0 scna_width=0 qo_len=4 kv_len=4096 n_heads=12 n_kv_heads=2 head_dim=128 kv_head=0 worker=5 profiled_total=259 q_load=1 k_load=66 v_load=74 qk_dot=1 safe_sm=114 scna_exp=0 state_update=0 param_prepare=0 core_acc=1 o_scale=1 o_store=1
FIG8_ATTENTION_TIMERS mode=baseline layout=serial phase=measure iteration=12 lut_exp=0 scna_layout=0 scna_width=0 qo_len=4 kv_len=4096 n_heads=12 n_kv_heads=2 head_dim=128 kv_head=1 worker=5 profiled_total=268 q_load=1 k_load=70 v_load=75 qk_dot=2 safe_sm=115 scna_exp=0 state_update=0 param_prepare=0 core_acc=3 o_scale=1 o_store=1
FIG8_ATTENTION_TIMERS mode=baseline layout=serial phase=measure iteration=12 lut_exp=0 scna_layout=0 scna_width=0 qo_len=4 kv_len=4096 n_heads=12 n_kv_heads=2 head_dim=128 kv_head=0 worker=5 profiled_total=280 q_load=1 k_load=69 v_load=81 qk_dot=2 safe_sm=120 scna_exp=0 state_update=2 param_prepare=0 core_acc=5 o_scale=1 o_store=1
FIG8_ATTENTION_TIMERS mode=baseline layout=serial phase=measure iteration=12 lut_exp=0 scna_layout=0 scna_width=0 qo_len=4 kv_len=4096 n_heads=12 n_kv_heads=2 head_dim=128 kv_head=1 worker=5 profiled_total=271 q_load=1 k_load=67 v_load=84 qk_dot=1 safe_sm=115 scna_exp=0 state_update=0 param_prepare=0 core_acc=1 o_scale=1 o_store=1
FIG8_ATTENTION_TIMERS mode=baseline layout=serial phase=measure iteration=12 lut_exp=0 scna_layout=0 scna_width=0 qo_len=4 kv_len=4096 n_heads=12 n_kv_heads=2 head_dim=128 kv_head=0 worker=5 profiled_total=277 q_load=1 k_load=69 v_load=82 qk_dot=1 safe_sm=118 scna_exp=0 state_update=1 param_prepare=0 core_acc=4 o_scale=1 o_store=1
FIG8_ATTENTION_TIMERS mode=baseline layout=serial phase=measure iteration=12 lut_exp=0 scna_layout=0 scna_width=0 qo_len=4 kv_len=4096 n_heads=12 n_kv_heads=2 head_dim=128 kv_head=1 worker=5 profiled_total=270 q_load=1 k_load=67 v_load=79 qk_dot=2 safe_sm=116 scna_exp=0 state_update=0 param_prepare=0 core_acc=2 o_scale=1 o_store=2
FIG8_ATTENTION_TIMERS mode=baseline layout=serial phase=measure iteration=12 lut_exp=0 scna_layout=0 scna_width=0 qo_len=4 kv_len=4096 n_heads=12 n_kv_heads=2 head_dim=128 kv_head=0 worker=5 profiled_total=261 q_load=1 k_load=66 v_load=73 qk_dot=1 safe_sm=116 scna_exp=0 state_update=1 param_prepare=0 core_acc=2 o_scale=1 o_store=1
FIG8_ATTENTION_TIMERS mode=baseline layout=serial phase=measure iteration=12 lut_exp=0 scna_layout=0 scna_width=0 qo_len=4 kv_len=4096 n_heads=12 n_kv_heads=2 head_dim=128 kv_head=1 worker=5 profiled_total=274 q_load=1 k_load=68 v_load=84 qk_dot=2 safe_sm=114 scna_exp=0 state_update=1 param_prepare=0 core_acc=3 o_scale=1 o_store=1
FIG8_ATTENTION_TIMERS mode=baseline layout=serial phase=measure iteration=12 lut_exp=0 scna_layout=0 scna_width=0 qo_len=4 kv_len=4096 n_heads=12 n_kv_heads=2 head_dim=128 kv_head=0 worker=5 profiled_total=272 q_load=1 k_load=69 v_load=78 qk_dot=1 safe_sm=117 scna_exp=0 state_update=1 param_prepare=0 core_acc=4 o_scale=1 o_store=1
FIG8_ATTENTION_TIMERS mode=baseline layout=serial phase=measure iteration=12 lut_exp=0 scna_layout=0 scna_width=0 qo_len=4 kv_len=4096 n_heads=12 n_kv_heads=2 head_dim=128 kv_head=1 worker=5 profiled_total=270 q_load=1 k_load=68 v_load=77 qk_dot=2 safe_sm=117 scna_exp=0 state_update=1 param_prepare=0 core_acc=2 o_scale=1 o_store=2
FIG8_ATTENTION_TIMERS mode=baseline layout=serial phase=measure iteration=12 lut_exp=0 scna_layout=0 scna_width=0 qo_len=4 kv_len=4096 n_heads=12 n_kv_heads=2 head_dim=128 kv_head=0 worker=5 profiled_total=274 q_load=1 k_load=68 v_load=80 qk_dot=1 safe_sm=119 scna_exp=0 state_update=1 param_prepare=0 core_acc=3 o_scale=1 o_store=1
FIG8_ATTENTION_TIMERS mode=baseline layout=serial phase=measure iteration=12 lut_exp=0 scna_layout=0 scna_width=0 qo_len=4 kv_len=4096 n_heads=12 n_kv_heads=2 head_dim=128 kv_head=1 worker=5 profiled_total=273 q_load=1 k_load=70 v_load=78 qk_dot=2 safe_sm=117 scna_exp=0 state_update=1 param_prepare=0 core_acc=3 o_scale=1 o_store=1
FIG8_ATTENTION_EVENT_COUNT mode=baseline qo_len=32 phase=measure iteration=12 events=0 max_events=0 overflow=0
FIG8_ATTENTION_CHECKSUM mode=baseline layout=serial scna_width=8 seed=20260810 phase=measure iteration=12 checksum=0x0849a9896635ca77
FIG8_ATTENTION_HOST_TIMING mode=baseline layout=serial variant=pair_static_d8 workers=1 scna_width=8 seed=20260810 mask_mode=full qo_len=32 kv_len=4096 n_heads=12 n_kv_heads=2 head_dim=128 phase=measure iteration=13 host_elapsed_us=5242 ret=0
FIG8_ATTENTION_PROFILE_COUNT mode=baseline qo_len=32 phase=measure iteration=13 records=16 max_records=24
FIG8_ATTENTION_WORKERS mode=baseline variant=pair_static_d8 qo_len=32 phase=measure iteration=13 requested_workers=1 active_workers=1 hvx_contexts=6 vtcm_worker_cap=8 tasks=16 q_task_rows=4
FIG8_ATTENTION_TIMERS mode=baseline layout=serial phase=measure iteration=13 lut_exp=0 scna_layout=0 scna_width=0 qo_len=4 kv_len=4096 n_heads=12 n_kv_heads=2 head_dim=128 kv_head=0 worker=0 profiled_total=263 q_load=1 k_load=66 v_load=76 qk_dot=1 safe_sm=115 scna_exp=0 state_update=1 param_prepare=0 core_acc=2 o_scale=1 o_store=1
FIG8_ATTENTION_TIMERS mode=baseline layout=serial phase=measure iteration=13 lut_exp=0 scna_layout=0 scna_width=0 qo_len=4 kv_len=4096 n_heads=12 n_kv_heads=2 head_dim=128 kv_head=1 worker=0 profiled_total=265 q_load=1 k_load=68 v_load=75 qk_dot=1 safe_sm=116 scna_exp=0 state_update=0 param_prepare=0 core_acc=1 o_scale=1 o_store=2
FIG8_ATTENTION_TIMERS mode=baseline layout=serial phase=measure iteration=13 lut_exp=0 scna_layout=0 scna_width=0 qo_len=4 kv_len=4096 n_heads=12 n_kv_heads=2 head_dim=128 kv_head=0 worker=0 profiled_total=269 q_load=1 k_load=69 v_load=76 qk_dot=1 safe_sm=117 scna_exp=0 state_update=1 param_prepare=0 core_acc=3 o_scale=1 o_store=1
FIG8_ATTENTION_TIMERS mode=baseline layout=serial phase=measure iteration=13 lut_exp=0 scna_layout=0 scna_width=0 qo_len=4 kv_len=4096 n_heads=12 n_kv_heads=2 head_dim=128 kv_head=1 worker=0 profiled_total=273 q_load=1 k_load=70 v_load=80 qk_dot=2 safe_sm=115 scna_exp=0 state_update=0 param_prepare=0 core_acc=2 o_scale=1 o_store=2
FIG8_ATTENTION_TIMERS mode=baseline layout=serial phase=measure iteration=13 lut_exp=0 scna_layout=0 scna_width=0 qo_len=4 kv_len=4096 n_heads=12 n_kv_heads=2 head_dim=128 kv_head=0 worker=0 profiled_total=272 q_load=1 k_load=69 v_load=79 qk_dot=1 safe_sm=117 scna_exp=0 state_update=1 param_prepare=0 core_acc=3 o_scale=1 o_store=1
FIG8_ATTENTION_TIMERS mode=baseline layout=serial phase=measure iteration=13 lut_exp=0 scna_layout=0 scna_width=0 qo_len=4 kv_len=4096 n_heads=12 n_kv_heads=2 head_dim=128 kv_head=1 worker=0 profiled_total=274 q_load=1 k_load=69 v_load=79 qk_dot=2 safe_sm=117 scna_exp=0 state_update=1 param_prepare=0 core_acc=3 o_scale=1 o_store=2
FIG8_ATTENTION_TIMERS mode=baseline layout=serial phase=measure iteration=13 lut_exp=0 scna_layout=0 scna_width=0 qo_len=4 kv_len=4096 n_heads=12 n_kv_heads=2 head_dim=128 kv_head=0 worker=0 profiled_total=268 q_load=1 k_load=66 v_load=76 qk_dot=2 safe_sm=118 scna_exp=0 state_update=1 param_prepare=0 core_acc=3 o_scale=1 o_store=1
FIG8_ATTENTION_TIMERS mode=baseline layout=serial phase=measure iteration=13 lut_exp=0 scna_layout=0 scna_width=0 qo_len=4 kv_len=4096 n_heads=12 n_kv_heads=2 head_dim=128 kv_head=1 worker=0 profiled_total=274 q_load=1 k_load=67 v_load=83 qk_dot=2 safe_sm=117 scna_exp=0 state_update=0 param_prepare=0 core_acc=2 o_scale=1 o_store=1
FIG8_ATTENTION_TIMERS mode=baseline layout=serial phase=measure iteration=13 lut_exp=0 scna_layout=0 scna_width=0 qo_len=4 kv_len=4096 n_heads=12 n_kv_heads=2 head_dim=128 kv_head=0 worker=0 profiled_total=273 q_load=1 k_load=67 v_load=82 qk_dot=1 safe_sm=116 scna_exp=0 state_update=1 param_prepare=0 core_acc=4 o_scale=1 o_store=1
FIG8_ATTENTION_TIMERS mode=baseline layout=serial phase=measure iteration=13 lut_exp=0 scna_layout=0 scna_width=0 qo_len=4 kv_len=4096 n_heads=12 n_kv_heads=2 head_dim=128 kv_head=1 worker=0 profiled_total=272 q_load=1 k_load=67 v_load=81 qk_dot=2 safe_sm=116 scna_exp=0 state_update=1 param_prepare=0 core_acc=2 o_scale=1 o_store=2
FIG8_ATTENTION_TIMERS mode=baseline layout=serial phase=measure iteration=13 lut_exp=0 scna_layout=0 scna_width=0 qo_len=4 kv_len=4096 n_heads=12 n_kv_heads=2 head_dim=128 kv_head=0 worker=0 profiled_total=271 q_load=1 k_load=67 v_load=80 qk_dot=1 safe_sm=116 scna_exp=0 state_update=1 param_prepare=0 core_acc=4 o_scale=1 o_store=1
FIG8_ATTENTION_TIMERS mode=baseline layout=serial phase=measure iteration=13 lut_exp=0 scna_layout=0 scna_width=0 qo_len=4 kv_len=4096 n_heads=12 n_kv_heads=2 head_dim=128 kv_head=1 worker=0 profiled_total=272 q_load=1 k_load=69 v_load=81 qk_dot=2 safe_sm=114 scna_exp=0 state_update=1 param_prepare=0 core_acc=2 o_scale=1 o_store=2
FIG8_ATTENTION_TIMERS mode=baseline layout=serial phase=measure iteration=13 lut_exp=0 scna_layout=0 scna_width=0 qo_len=4 kv_len=4096 n_heads=12 n_kv_heads=2 head_dim=128 kv_head=0 worker=0 profiled_total=274 q_load=1 k_load=69 v_load=80 qk_dot=1 safe_sm=118 scna_exp=0 state_update=1 param_prepare=0 core_acc=3 o_scale=1 o_store=1
FIG8_ATTENTION_TIMERS mode=baseline layout=serial phase=measure iteration=13 lut_exp=0 scna_layout=0 scna_width=0 qo_len=4 kv_len=4096 n_heads=12 n_kv_heads=2 head_dim=128 kv_head=1 worker=0 profiled_total=278 q_load=1 k_load=69 v_load=81 qk_dot=2 safe_sm=118 scna_exp=0 state_update=2 param_prepare=0 core_acc=4 o_scale=1 o_store=2
FIG8_ATTENTION_TIMERS mode=baseline layout=serial phase=measure iteration=13 lut_exp=0 scna_layout=0 scna_width=0 qo_len=4 kv_len=4096 n_heads=12 n_kv_heads=2 head_dim=128 kv_head=0 worker=0 profiled_total=277 q_load=1 k_load=69 v_load=80 qk_dot=1 safe_sm=120 scna_exp=0 state_update=1 param_prepare=0 core_acc=3 o_scale=2 o_store=1
FIG8_ATTENTION_TIMERS mode=baseline layout=serial phase=measure iteration=13 lut_exp=0 scna_layout=0 scna_width=0 qo_len=4 kv_len=4096 n_heads=12 n_kv_heads=2 head_dim=128 kv_head=1 worker=0 profiled_total=280 q_load=1 k_load=71 v_load=81 qk_dot=2 safe_sm=118 scna_exp=0 state_update=1 param_prepare=0 core_acc=4 o_scale=1 o_store=2
FIG8_ATTENTION_EVENT_COUNT mode=baseline qo_len=32 phase=measure iteration=13 events=0 max_events=0 overflow=0
FIG8_ATTENTION_CHECKSUM mode=baseline layout=serial scna_width=8 seed=20260810 phase=measure iteration=13 checksum=0x0849a9896635ca77
FIG8_ATTENTION_HOST_TIMING mode=baseline layout=serial variant=pair_static_d8 workers=1 scna_width=8 seed=20260810 mask_mode=full qo_len=32 kv_len=4096 n_heads=12 n_kv_heads=2 head_dim=128 phase=measure iteration=14 host_elapsed_us=5361 ret=0
FIG8_ATTENTION_PROFILE_COUNT mode=baseline qo_len=32 phase=measure iteration=14 records=16 max_records=24
FIG8_ATTENTION_WORKERS mode=baseline variant=pair_static_d8 qo_len=32 phase=measure iteration=14 requested_workers=1 active_workers=1 hvx_contexts=6 vtcm_worker_cap=8 tasks=16 q_task_rows=4
FIG8_ATTENTION_TIMERS mode=baseline layout=serial phase=measure iteration=14 lut_exp=0 scna_layout=0 scna_width=0 qo_len=4 kv_len=4096 n_heads=12 n_kv_heads=2 head_dim=128 kv_head=0 worker=1 profiled_total=275 q_load=1 k_load=67 v_load=80 qk_dot=1 safe_sm=120 scna_exp=0 state_update=1 param_prepare=0 core_acc=3 o_scale=2 o_store=1
FIG8_ATTENTION_TIMERS mode=baseline layout=serial phase=measure iteration=14 lut_exp=0 scna_layout=0 scna_width=0 qo_len=4 kv_len=4096 n_heads=12 n_kv_heads=2 head_dim=128 kv_head=1 worker=1 profiled_total=282 q_load=1 k_load=71 v_load=82 qk_dot=2 safe_sm=118 scna_exp=0 state_update=1 param_prepare=0 core_acc=4 o_scale=2 o_store=2
FIG8_ATTENTION_TIMERS mode=baseline layout=serial phase=measure iteration=14 lut_exp=0 scna_layout=0 scna_width=0 qo_len=4 kv_len=4096 n_heads=12 n_kv_heads=2 head_dim=128 kv_head=0 worker=1 profiled_total=260 q_load=1 k_load=69 v_load=69 qk_dot=1 safe_sm=116 scna_exp=0 state_update=1 param_prepare=0 core_acc=2 o_scale=1 o_store=1
FIG8_ATTENTION_TIMERS mode=baseline layout=serial phase=measure iteration=14 lut_exp=0 scna_layout=0 scna_width=0 qo_len=4 kv_len=4096 n_heads=12 n_kv_heads=2 head_dim=128 kv_head=1 worker=1 profiled_total=269 q_load=1 k_load=69 v_load=76 qk_dot=2 safe_sm=116 scna_exp=0 state_update=1 param_prepare=0 core_acc=2 o_scale=2 o_store=1
FIG8_ATTENTION_TIMERS mode=baseline layout=serial phase=measure iteration=14 lut_exp=0 scna_layout=0 scna_width=0 qo_len=4 kv_len=4096 n_heads=12 n_kv_heads=2 head_dim=128 kv_head=0 worker=1 profiled_total=282 q_load=1 k_load=69 v_load=82 qk_dot=2 safe_sm=121 scna_exp=0 state_update=1 param_prepare=0 core_acc=5 o_scale=1 o_store=1
FIG8_ATTENTION_TIMERS mode=baseline layout=serial phase=measure iteration=14 lut_exp=0 scna_layout=0 scna_width=0 qo_len=4 kv_len=4096 n_heads=12 n_kv_heads=2 head_dim=128 kv_head=1 worker=1 profiled_total=269 q_load=1 k_load=68 v_load=75 qk_dot=2 safe_sm=116 scna_exp=0 state_update=1 param_prepare=0 core_acc=3 o_scale=2 o_store=2
FIG8_ATTENTION_TIMERS mode=baseline layout=serial phase=measure iteration=14 lut_exp=0 scna_layout=0 scna_width=0 qo_len=4 kv_len=4096 n_heads=12 n_kv_heads=2 head_dim=128 kv_head=0 worker=1 profiled_total=276 q_load=1 k_load=69 v_load=80 qk_dot=1 safe_sm=120 scna_exp=0 state_update=0 param_prepare=0 core_acc=3 o_scale=1 o_store=1
FIG8_ATTENTION_TIMERS mode=baseline layout=serial phase=measure iteration=14 lut_exp=0 scna_layout=0 scna_width=0 qo_len=4 kv_len=4096 n_heads=12 n_kv_heads=2 head_dim=128 kv_head=1 worker=1 profiled_total=275 q_load=1 k_load=67 v_load=77 qk_dot=3 safe_sm=120 scna_exp=0 state_update=2 param_prepare=0 core_acc=4 o_scale=1 o_store=2
FIG8_ATTENTION_TIMERS mode=baseline layout=serial phase=measure iteration=14 lut_exp=0 scna_layout=0 scna_width=0 qo_len=4 kv_len=4096 n_heads=12 n_kv_heads=2 head_dim=128 kv_head=0 worker=1 profiled_total=275 q_load=1 k_load=67 v_load=85 qk_dot=1 safe_sm=116 scna_exp=0 state_update=2 param_prepare=0 core_acc=3 o_scale=1 o_store=1
FIG8_ATTENTION_TIMERS mode=baseline layout=serial phase=measure iteration=14 lut_exp=0 scna_layout=0 scna_width=0 qo_len=4 kv_len=4096 n_heads=12 n_kv_heads=2 head_dim=128 kv_head=1 worker=1 profiled_total=271 q_load=1 k_load=68 v_load=78 qk_dot=2 safe_sm=116 scna_exp=0 state_update=1 param_prepare=0 core_acc=4 o_scale=1 o_store=1
FIG8_ATTENTION_TIMERS mode=baseline layout=serial phase=measure iteration=14 lut_exp=0 scna_layout=0 scna_width=0 qo_len=4 kv_len=4096 n_heads=12 n_kv_heads=2 head_dim=128 kv_head=0 worker=1 profiled_total=276 q_load=1 k_load=67 v_load=84 qk_dot=2 safe_sm=115 scna_exp=0 state_update=2 param_prepare=0 core_acc=5 o_scale=1 o_store=1
FIG8_ATTENTION_TIMERS mode=baseline layout=serial phase=measure iteration=14 lut_exp=0 scna_layout=0 scna_width=0 qo_len=4 kv_len=4096 n_heads=12 n_kv_heads=2 head_dim=128 kv_head=1 worker=1 profiled_total=271 q_load=1 k_load=67 v_load=84 qk_dot=1 safe_sm=114 scna_exp=0 state_update=0 param_prepare=0 core_acc=1 o_scale=1 o_store=2
FIG8_ATTENTION_TIMERS mode=baseline layout=serial phase=measure iteration=14 lut_exp=0 scna_layout=0 scna_width=0 qo_len=4 kv_len=4096 n_heads=12 n_kv_heads=2 head_dim=128 kv_head=0 worker=1 profiled_total=274 q_load=1 k_load=69 v_load=80 qk_dot=1 safe_sm=118 scna_exp=0 state_update=0 param_prepare=0 core_acc=3 o_scale=1 o_store=1
FIG8_ATTENTION_TIMERS mode=baseline layout=serial phase=measure iteration=14 lut_exp=0 scna_layout=0 scna_width=0 qo_len=4 kv_len=4096 n_heads=12 n_kv_heads=2 head_dim=128 kv_head=1 worker=1 profiled_total=277 q_load=1 k_load=70 v_load=78 qk_dot=2 safe_sm=119 scna_exp=0 state_update=1 param_prepare=0 core_acc=5 o_scale=1 o_store=1
FIG8_ATTENTION_TIMERS mode=baseline layout=serial phase=measure iteration=14 lut_exp=0 scna_layout=0 scna_width=0 qo_len=4 kv_len=4096 n_heads=12 n_kv_heads=2 head_dim=128 kv_head=0 worker=1 profiled_total=272 q_load=1 k_load=68 v_load=79 qk_dot=1 safe_sm=119 scna_exp=0 state_update=1 param_prepare=0 core_acc=2 o_scale=1 o_store=1
FIG8_ATTENTION_TIMERS mode=baseline layout=serial phase=measure iteration=14 lut_exp=0 scna_layout=0 scna_width=0 qo_len=4 kv_len=4096 n_heads=12 n_kv_heads=2 head_dim=128 kv_head=1 worker=1 profiled_total=275 q_load=1 k_load=70 v_load=79 qk_dot=2 safe_sm=117 scna_exp=0 state_update=1 param_prepare=0 core_acc=3 o_scale=1 o_store=2
FIG8_ATTENTION_EVENT_COUNT mode=baseline qo_len=32 phase=measure iteration=14 events=0 max_events=0 overflow=0
FIG8_ATTENTION_CHECKSUM mode=baseline layout=serial scna_width=8 seed=20260810 phase=measure iteration=14 checksum=0x0849a9896635ca77
FIG8_ATTENTION_HOST_TIMING mode=baseline layout=serial variant=pair_static_d8 workers=1 scna_width=8 seed=20260810 mask_mode=full qo_len=32 kv_len=4096 n_heads=12 n_kv_heads=2 head_dim=128 phase=measure iteration=15 host_elapsed_us=5333 ret=0
FIG8_ATTENTION_PROFILE_COUNT mode=baseline qo_len=32 phase=measure iteration=15 records=16 max_records=24
FIG8_ATTENTION_WORKERS mode=baseline variant=pair_static_d8 qo_len=32 phase=measure iteration=15 requested_workers=1 active_workers=1 hvx_contexts=6 vtcm_worker_cap=8 tasks=16 q_task_rows=4
FIG8_ATTENTION_TIMERS mode=baseline layout=serial phase=measure iteration=15 lut_exp=0 scna_layout=0 scna_width=0 qo_len=4 kv_len=4096 n_heads=12 n_kv_heads=2 head_dim=128 kv_head=0 worker=2 profiled_total=269 q_load=1 k_load=67 v_load=77 qk_dot=1 safe_sm=119 scna_exp=0 state_update=0 param_prepare=0 core_acc=2 o_scale=1 o_store=1
FIG8_ATTENTION_TIMERS mode=baseline layout=serial phase=measure iteration=15 lut_exp=0 scna_layout=0 scna_width=0 qo_len=4 kv_len=4096 n_heads=12 n_kv_heads=2 head_dim=128 kv_head=1 worker=2 profiled_total=270 q_load=1 k_load=69 v_load=79 qk_dot=1 safe_sm=115 scna_exp=0 state_update=1 param_prepare=0 core_acc=3 o_scale=1 o_store=1
FIG8_ATTENTION_TIMERS mode=baseline layout=serial phase=measure iteration=15 lut_exp=0 scna_layout=0 scna_width=0 qo_len=4 kv_len=4096 n_heads=12 n_kv_heads=2 head_dim=128 kv_head=0 worker=2 profiled_total=274 q_load=1 k_load=68 v_load=78 qk_dot=2 safe_sm=120 scna_exp=0 state_update=0 param_prepare=0 core_acc=3 o_scale=1 o_store=1
FIG8_ATTENTION_TIMERS mode=baseline layout=serial phase=measure iteration=15 lut_exp=0 scna_layout=0 scna_width=0 qo_len=4 kv_len=4096 n_heads=12 n_kv_heads=2 head_dim=128 kv_head=1 worker=2 profiled_total=262 q_load=1 k_load=69 v_load=70 qk_dot=2 safe_sm=115 scna_exp=0 state_update=0 param_prepare=0 core_acc=2 o_scale=2 o_store=1
FIG8_ATTENTION_TIMERS mode=baseline layout=serial phase=measure iteration=15 lut_exp=0 scna_layout=0 scna_width=0 qo_len=4 kv_len=4096 n_heads=12 n_kv_heads=2 head_dim=128 kv_head=0 worker=2 profiled_total=271 q_load=1 k_load=68 v_load=76 qk_dot=2 safe_sm=118 scna_exp=0 state_update=1 param_prepare=0 core_acc=3 o_scale=2 o_store=1
FIG8_ATTENTION_TIMERS mode=baseline layout=serial phase=measure iteration=15 lut_exp=0 scna_layout=0 scna_width=0 qo_len=4 kv_len=4096 n_heads=12 n_kv_heads=2 head_dim=128 kv_head=1 worker=2 profiled_total=263 q_load=1 k_load=67 v_load=74 qk_dot=2 safe_sm=115 scna_exp=0 state_update=1 param_prepare=0 core_acc=2 o_scale=1 o_store=1
FIG8_ATTENTION_TIMERS mode=baseline layout=serial phase=measure iteration=15 lut_exp=0 scna_layout=0 scna_width=0 qo_len=4 kv_len=4096 n_heads=12 n_kv_heads=2 head_dim=128 kv_head=0 worker=2 profiled_total=276 q_load=1 k_load=68 v_load=81 qk_dot=2 safe_sm=119 scna_exp=0 state_update=1 param_prepare=0 core_acc=3 o_scale=1 o_store=1
FIG8_ATTENTION_TIMERS mode=baseline layout=serial phase=measure iteration=15 lut_exp=0 scna_layout=0 scna_width=0 qo_len=4 kv_len=4096 n_heads=12 n_kv_heads=2 head_dim=128 kv_head=1 worker=2 profiled_total=272 q_load=1 k_load=68 v_load=79 qk_dot=2 safe_sm=116 scna_exp=0 state_update=2 param_prepare=0 core_acc=3 o_scale=2 o_store=1
FIG8_ATTENTION_TIMERS mode=baseline layout=serial phase=measure iteration=15 lut_exp=0 scna_layout=0 scna_width=0 qo_len=4 kv_len=4096 n_heads=12 n_kv_heads=2 head_dim=128 kv_head=0 worker=2 profiled_total=272 q_load=1 k_load=63 v_load=82 qk_dot=2 safe_sm=117 scna_exp=0 state_update=1 param_prepare=0 core_acc=4 o_scale=2 o_store=1
FIG8_ATTENTION_TIMERS mode=baseline layout=serial phase=measure iteration=15 lut_exp=0 scna_layout=0 scna_width=0 qo_len=4 kv_len=4096 n_heads=12 n_kv_heads=2 head_dim=128 kv_head=1 worker=2 profiled_total=274 q_load=1 k_load=69 v_load=80 qk_dot=2 safe_sm=116 scna_exp=0 state_update=2 param_prepare=0 core_acc=3 o_scale=2 o_store=1
FIG8_ATTENTION_TIMERS mode=baseline layout=serial phase=measure iteration=15 lut_exp=0 scna_layout=0 scna_width=0 qo_len=4 kv_len=4096 n_heads=12 n_kv_heads=2 head_dim=128 kv_head=0 worker=2 profiled_total=273 q_load=1 k_load=66 v_load=84 qk_dot=1 safe_sm=116 scna_exp=0 state_update=1 param_prepare=0 core_acc=3 o_scale=1 o_store=1
FIG8_ATTENTION_TIMERS mode=baseline layout=serial phase=measure iteration=15 lut_exp=0 scna_layout=0 scna_width=0 qo_len=4 kv_len=4096 n_heads=12 n_kv_heads=2 head_dim=128 kv_head=1 worker=2 profiled_total=272 q_load=1 k_load=68 v_load=81 qk_dot=2 safe_sm=114 scna_exp=0 state_update=1 param_prepare=0 core_acc=3 o_scale=2 o_store=1
FIG8_ATTENTION_TIMERS mode=baseline layout=serial phase=measure iteration=15 lut_exp=0 scna_layout=0 scna_width=0 qo_len=4 kv_len=4096 n_heads=12 n_kv_heads=2 head_dim=128 kv_head=0 worker=2 profiled_total=281 q_load=1 k_load=70 v_load=86 qk_dot=1 safe_sm=118 scna_exp=0 state_update=1 param_prepare=0 core_acc=3 o_scale=1 o_store=1
FIG8_ATTENTION_TIMERS mode=baseline layout=serial phase=measure iteration=15 lut_exp=0 scna_layout=0 scna_width=0 qo_len=4 kv_len=4096 n_heads=12 n_kv_heads=2 head_dim=128 kv_head=1 worker=2 profiled_total=267 q_load=1 k_load=68 v_load=74 qk_dot=2 safe_sm=117 scna_exp=0 state_update=1 param_prepare=0 core_acc=3 o_scale=1 o_store=1
FIG8_ATTENTION_TIMERS mode=baseline layout=serial phase=measure iteration=15 lut_exp=0 scna_layout=0 scna_width=0 qo_len=4 kv_len=4096 n_heads=12 n_kv_heads=2 head_dim=128 kv_head=0 worker=2 profiled_total=279 q_load=1 k_load=69 v_load=82 qk_dot=1 safe_sm=121 scna_exp=0 state_update=0 param_prepare=0 core_acc=3 o_scale=1 o_store=1
FIG8_ATTENTION_TIMERS mode=baseline layout=serial phase=measure iteration=15 lut_exp=0 scna_layout=0 scna_width=0 qo_len=4 kv_len=4096 n_heads=12 n_kv_heads=2 head_dim=128 kv_head=1 worker=2 profiled_total=278 q_load=1 k_load=70 v_load=79 qk_dot=2 safe_sm=118 scna_exp=0 state_update=1 param_prepare=0 core_acc=4 o_scale=2 o_store=2
FIG8_ATTENTION_EVENT_COUNT mode=baseline qo_len=32 phase=measure iteration=15 events=0 max_events=0 overflow=0
FIG8_ATTENTION_CHECKSUM mode=baseline layout=serial scna_width=8 seed=20260810 phase=measure iteration=15 checksum=0x0849a9896635ca77
FIG8_ATTENTION_HOST_TIMING mode=baseline layout=serial variant=pair_static_d8 workers=1 scna_width=8 seed=20260810 mask_mode=full qo_len=32 kv_len=4096 n_heads=12 n_kv_heads=2 head_dim=128 phase=measure iteration=16 host_elapsed_us=5379 ret=0
FIG8_ATTENTION_PROFILE_COUNT mode=baseline qo_len=32 phase=measure iteration=16 records=16 max_records=24
FIG8_ATTENTION_WORKERS mode=baseline variant=pair_static_d8 qo_len=32 phase=measure iteration=16 requested_workers=1 active_workers=1 hvx_contexts=6 vtcm_worker_cap=8 tasks=16 q_task_rows=4
FIG8_ATTENTION_TIMERS mode=baseline layout=serial phase=measure iteration=16 lut_exp=0 scna_layout=0 scna_width=0 qo_len=4 kv_len=4096 n_heads=12 n_kv_heads=2 head_dim=128 kv_head=0 worker=3 profiled_total=273 q_load=1 k_load=67 v_load=79 qk_dot=1 safe_sm=120 scna_exp=0 state_update=1 param_prepare=0 core_acc=3 o_scale=1 o_store=1
FIG8_ATTENTION_TIMERS mode=baseline layout=serial phase=measure iteration=16 lut_exp=0 scna_layout=0 scna_width=0 qo_len=4 kv_len=4096 n_heads=12 n_kv_heads=2 head_dim=128 kv_head=1 worker=3 profiled_total=278 q_load=1 k_load=69 v_load=81 qk_dot=2 safe_sm=116 scna_exp=0 state_update=2 param_prepare=0 core_acc=5 o_scale=2 o_store=2
FIG8_ATTENTION_TIMERS mode=baseline layout=serial phase=measure iteration=16 lut_exp=0 scna_layout=0 scna_width=0 qo_len=4 kv_len=4096 n_heads=12 n_kv_heads=2 head_dim=128 kv_head=0 worker=3 profiled_total=269 q_load=1 k_load=67 v_load=78 qk_dot=1 safe_sm=119 scna_exp=0 state_update=0 param_prepare=0 core_acc=1 o_scale=1 o_store=1
FIG8_ATTENTION_TIMERS mode=baseline layout=serial phase=measure iteration=16 lut_exp=0 scna_layout=0 scna_width=0 qo_len=4 kv_len=4096 n_heads=12 n_kv_heads=2 head_dim=128 kv_head=1 worker=3 profiled_total=273 q_load=1 k_load=71 v_load=77 qk_dot=2 safe_sm=116 scna_exp=0 state_update=1 param_prepare=0 core_acc=3 o_scale=2 o_store=1
FIG8_ATTENTION_TIMERS mode=baseline layout=serial phase=measure iteration=16 lut_exp=0 scna_layout=0 scna_width=0 qo_len=4 kv_len=4096 n_heads=12 n_kv_heads=2 head_dim=128 kv_head=0 worker=3 profiled_total=284 q_load=1 k_load=68 v_load=84 qk_dot=2 safe_sm=121 scna_exp=0 state_update=2 param_prepare=0 core_acc=6 o_scale=1 o_store=1
FIG8_ATTENTION_TIMERS mode=baseline layout=serial phase=measure iteration=16 lut_exp=0 scna_layout=0 scna_width=0 qo_len=4 kv_len=4096 n_heads=12 n_kv_heads=2 head_dim=128 kv_head=1 worker=3 profiled_total=273 q_load=1 k_load=67 v_load=84 qk_dot=2 safe_sm=115 scna_exp=0 state_update=0 param_prepare=0 core_acc=1 o_scale=1 o_store=2
FIG8_ATTENTION_TIMERS mode=baseline layout=serial phase=measure iteration=16 lut_exp=0 scna_layout=0 scna_width=0 qo_len=4 kv_len=4096 n_heads=12 n_kv_heads=2 head_dim=128 kv_head=0 worker=3 profiled_total=279 q_load=1 k_load=68 v_load=82 qk_dot=2 safe_sm=121 scna_exp=0 state_update=0 param_prepare=0 core_acc=3 o_scale=1 o_store=1
FIG8_ATTENTION_TIMERS mode=baseline layout=serial phase=measure iteration=16 lut_exp=0 scna_layout=0 scna_width=0 qo_len=4 kv_len=4096 n_heads=12 n_kv_heads=2 head_dim=128 kv_head=1 worker=3 profiled_total=272 q_load=1 k_load=68 v_load=74 qk_dot=2 safe_sm=120 scna_exp=0 state_update=2 param_prepare=0 core_acc=5 o_scale=1 o_store=1
FIG8_ATTENTION_TIMERS mode=baseline layout=serial phase=measure iteration=16 lut_exp=0 scna_layout=0 scna_width=0 qo_len=4 kv_len=4096 n_heads=12 n_kv_heads=2 head_dim=128 kv_head=0 worker=3 profiled_total=275 q_load=1 k_load=68 v_load=83 qk_dot=2 safe_sm=117 scna_exp=0 state_update=1 param_prepare=0 core_acc=2 o_scale=1 o_store=1
FIG8_ATTENTION_TIMERS mode=baseline layout=serial phase=measure iteration=16 lut_exp=0 scna_layout=0 scna_width=0 qo_len=4 kv_len=4096 n_heads=12 n_kv_heads=2 head_dim=128 kv_head=1 worker=3 profiled_total=274 q_load=1 k_load=70 v_load=78 qk_dot=2 safe_sm=116 scna_exp=0 state_update=2 param_prepare=0 core_acc=4 o_scale=1 o_store=2
FIG8_ATTENTION_TIMERS mode=baseline layout=serial phase=measure iteration=16 lut_exp=0 scna_layout=0 scna_width=0 qo_len=4 kv_len=4096 n_heads=12 n_kv_heads=2 head_dim=128 kv_head=0 worker=3 profiled_total=271 q_load=1 k_load=66 v_load=81 qk_dot=2 safe_sm=116 scna_exp=0 state_update=0 param_prepare=0 core_acc=3 o_scale=1 o_store=1
FIG8_ATTENTION_TIMERS mode=baseline layout=serial phase=measure iteration=16 lut_exp=0 scna_layout=0 scna_width=0 qo_len=4 kv_len=4096 n_heads=12 n_kv_heads=2 head_dim=128 kv_head=1 worker=3 profiled_total=272 q_load=2 k_load=69 v_load=80 qk_dot=2 safe_sm=114 scna_exp=0 state_update=1 param_prepare=0 core_acc=2 o_scale=1 o_store=2
FIG8_ATTENTION_TIMERS mode=baseline layout=serial phase=measure iteration=16 lut_exp=0 scna_layout=0 scna_width=0 qo_len=4 kv_len=4096 n_heads=12 n_kv_heads=2 head_dim=128 kv_head=0 worker=3 profiled_total=274 q_load=1 k_load=69 v_load=79 qk_dot=2 safe_sm=118 scna_exp=0 state_update=1 param_prepare=0 core_acc=3 o_scale=1 o_store=1
FIG8_ATTENTION_TIMERS mode=baseline layout=serial phase=measure iteration=16 lut_exp=0 scna_layout=0 scna_width=0 qo_len=4 kv_len=4096 n_heads=12 n_kv_heads=2 head_dim=128 kv_head=1 worker=3 profiled_total=268 q_load=1 k_load=68 v_load=75 qk_dot=2 safe_sm=117 scna_exp=0 state_update=1 param_prepare=0 core_acc=3 o_scale=1 o_store=1
FIG8_ATTENTION_TIMERS mode=baseline layout=serial phase=measure iteration=16 lut_exp=0 scna_layout=0 scna_width=0 qo_len=4 kv_len=4096 n_heads=12 n_kv_heads=2 head_dim=128 kv_head=0 worker=3 profiled_total=277 q_load=1 k_load=68 v_load=81 qk_dot=1 safe_sm=121 scna_exp=0 state_update=1 param_prepare=0 core_acc=3 o_scale=1 o_store=1
FIG8_ATTENTION_TIMERS mode=baseline layout=serial phase=measure iteration=16 lut_exp=0 scna_layout=0 scna_width=0 qo_len=4 kv_len=4096 n_heads=12 n_kv_heads=2 head_dim=128 kv_head=1 worker=3 profiled_total=275 q_load=1 k_load=69 v_load=79 qk_dot=2 safe_sm=117 scna_exp=0 state_update=2 param_prepare=0 core_acc=4 o_scale=1 o_store=2
FIG8_ATTENTION_EVENT_COUNT mode=baseline qo_len=32 phase=measure iteration=16 events=0 max_events=0 overflow=0
FIG8_ATTENTION_CHECKSUM mode=baseline layout=serial scna_width=8 seed=20260810 phase=measure iteration=16 checksum=0x0849a9896635ca77
FIG8_ATTENTION_HOST_TIMING mode=baseline layout=serial variant=pair_static_d8 workers=1 scna_width=8 seed=20260810 mask_mode=full qo_len=32 kv_len=4096 n_heads=12 n_kv_heads=2 head_dim=128 phase=measure iteration=17 host_elapsed_us=5260 ret=0
FIG8_ATTENTION_PROFILE_COUNT mode=baseline qo_len=32 phase=measure iteration=17 records=16 max_records=24
FIG8_ATTENTION_WORKERS mode=baseline variant=pair_static_d8 qo_len=32 phase=measure iteration=17 requested_workers=1 active_workers=1 hvx_contexts=6 vtcm_worker_cap=8 tasks=16 q_task_rows=4
FIG8_ATTENTION_TIMERS mode=baseline layout=serial phase=measure iteration=17 lut_exp=0 scna_layout=0 scna_width=0 qo_len=4 kv_len=4096 n_heads=12 n_kv_heads=2 head_dim=128 kv_head=0 worker=4 profiled_total=272 q_load=1 k_load=68 v_load=79 qk_dot=1 safe_sm=118 scna_exp=0 state_update=1 param_prepare=0 core_acc=3 o_scale=1 o_store=1
FIG8_ATTENTION_TIMERS mode=baseline layout=serial phase=measure iteration=17 lut_exp=0 scna_layout=0 scna_width=0 qo_len=4 kv_len=4096 n_heads=12 n_kv_heads=2 head_dim=128 kv_head=1 worker=4 profiled_total=268 q_load=1 k_load=69 v_load=76 qk_dot=1 safe_sm=117 scna_exp=0 state_update=1 param_prepare=0 core_acc=2 o_scale=1 o_store=1
FIG8_ATTENTION_TIMERS mode=baseline layout=serial phase=measure iteration=17 lut_exp=0 scna_layout=0 scna_width=0 qo_len=4 kv_len=4096 n_heads=12 n_kv_heads=2 head_dim=128 kv_head=0 worker=4 profiled_total=265 q_load=1 k_load=68 v_load=71 qk_dot=1 safe_sm=119 scna_exp=0 state_update=0 param_prepare=0 core_acc=3 o_scale=1 o_store=1
FIG8_ATTENTION_TIMERS mode=baseline layout=serial phase=measure iteration=17 lut_exp=0 scna_layout=0 scna_width=0 qo_len=4 kv_len=4096 n_heads=12 n_kv_heads=2 head_dim=128 kv_head=1 worker=4 profiled_total=270 q_load=1 k_load=70 v_load=79 qk_dot=2 safe_sm=114 scna_exp=0 state_update=0 param_prepare=0 core_acc=2 o_scale=1 o_store=1
FIG8_ATTENTION_TIMERS mode=baseline layout=serial phase=measure iteration=17 lut_exp=0 scna_layout=0 scna_width=0 qo_len=4 kv_len=4096 n_heads=12 n_kv_heads=2 head_dim=128 kv_head=0 worker=4 profiled_total=270 q_load=1 k_load=68 v_load=76 qk_dot=1 safe_sm=119 scna_exp=0 state_update=1 param_prepare=0 core_acc=3 o_scale=1 o_store=1
FIG8_ATTENTION_TIMERS mode=baseline layout=serial phase=measure iteration=17 lut_exp=0 scna_layout=0 scna_width=0 qo_len=4 kv_len=4096 n_heads=12 n_kv_heads=2 head_dim=128 kv_head=1 worker=4 profiled_total=271 q_load=1 k_load=68 v_load=79 qk_dot=2 safe_sm=116 scna_exp=0 state_update=1 param_prepare=0 core_acc=3 o_scale=1 o_store=1
FIG8_ATTENTION_TIMERS mode=baseline layout=serial phase=measure iteration=17 lut_exp=0 scna_layout=0 scna_width=0 qo_len=4 kv_len=4096 n_heads=12 n_kv_heads=2 head_dim=128 kv_head=0 worker=4 profiled_total=271 q_load=1 k_load=68 v_load=75 qk_dot=2 safe_sm=120 scna_exp=0 state_update=0 param_prepare=0 core_acc=3 o_scale=1 o_store=1
FIG8_ATTENTION_TIMERS mode=baseline layout=serial phase=measure iteration=17 lut_exp=0 scna_layout=0 scna_width=0 qo_len=4 kv_len=4096 n_heads=12 n_kv_heads=2 head_dim=128 kv_head=1 worker=4 profiled_total=273 q_load=1 k_load=65 v_load=83 qk_dot=2 safe_sm=117 scna_exp=0 state_update=1 param_prepare=0 core_acc=3 o_scale=1 o_store=1
FIG8_ATTENTION_TIMERS mode=baseline layout=serial phase=measure iteration=17 lut_exp=0 scna_layout=0 scna_width=0 qo_len=4 kv_len=4096 n_heads=12 n_kv_heads=2 head_dim=128 kv_head=0 worker=4 profiled_total=265 q_load=1 k_load=67 v_load=74 qk_dot=1 safe_sm=116 scna_exp=0 state_update=1 param_prepare=0 core_acc=4 o_scale=1 o_store=1
FIG8_ATTENTION_TIMERS mode=baseline layout=serial phase=measure iteration=17 lut_exp=0 scna_layout=0 scna_width=0 qo_len=4 kv_len=4096 n_heads=12 n_kv_heads=2 head_dim=128 kv_head=1 worker=4 profiled_total=280 q_load=1 k_load=70 v_load=86 qk_dot=2 safe_sm=115 scna_exp=0 state_update=1 param_prepare=0 core_acc=3 o_scale=2 o_store=1
FIG8_ATTENTION_TIMERS mode=baseline layout=serial phase=measure iteration=17 lut_exp=0 scna_layout=0 scna_width=0 qo_len=4 kv_len=4096 n_heads=12 n_kv_heads=2 head_dim=128 kv_head=0 worker=4 profiled_total=267 q_load=1 k_load=67 v_load=77 qk_dot=1 safe_sm=116 scna_exp=0 state_update=1 param_prepare=0 core_acc=3 o_scale=1 o_store=1
FIG8_ATTENTION_TIMERS mode=baseline layout=serial phase=measure iteration=17 lut_exp=0 scna_layout=0 scna_width=0 qo_len=4 kv_len=4096 n_heads=12 n_kv_heads=2 head_dim=128 kv_head=1 worker=4 profiled_total=271 q_load=1 k_load=67 v_load=83 qk_dot=2 safe_sm=113 scna_exp=0 state_update=1 param_prepare=0 core_acc=2 o_scale=1 o_store=2
FIG8_ATTENTION_TIMERS mode=baseline layout=serial phase=measure iteration=17 lut_exp=0 scna_layout=0 scna_width=0 qo_len=4 kv_len=4096 n_heads=12 n_kv_heads=2 head_dim=128 kv_head=0 worker=4 profiled_total=268 q_load=1 k_load=66 v_load=76 qk_dot=1 safe_sm=119 scna_exp=0 state_update=1 param_prepare=0 core_acc=3 o_scale=1 o_store=1
FIG8_ATTENTION_TIMERS mode=baseline layout=serial phase=measure iteration=17 lut_exp=0 scna_layout=0 scna_width=0 qo_len=4 kv_len=4096 n_heads=12 n_kv_heads=2 head_dim=128 kv_head=1 worker=4 profiled_total=270 q_load=1 k_load=69 v_load=75 qk_dot=2 safe_sm=117 scna_exp=0 state_update=1 param_prepare=0 core_acc=3 o_scale=2 o_store=1
FIG8_ATTENTION_TIMERS mode=baseline layout=serial phase=measure iteration=17 lut_exp=0 scna_layout=0 scna_width=0 qo_len=4 kv_len=4096 n_heads=12 n_kv_heads=2 head_dim=128 kv_head=0 worker=4 profiled_total=271 q_load=1 k_load=68 v_load=76 qk_dot=1 safe_sm=119 scna_exp=0 state_update=0 param_prepare=0 core_acc=3 o_scale=2 o_store=1
FIG8_ATTENTION_TIMERS mode=baseline layout=serial phase=measure iteration=17 lut_exp=0 scna_layout=0 scna_width=0 qo_len=4 kv_len=4096 n_heads=12 n_kv_heads=2 head_dim=128 kv_head=1 worker=4 profiled_total=272 q_load=1 k_load=69 v_load=76 qk_dot=2 safe_sm=118 scna_exp=0 state_update=1 param_prepare=0 core_acc=3 o_scale=2 o_store=1
FIG8_ATTENTION_EVENT_COUNT mode=baseline qo_len=32 phase=measure iteration=17 events=0 max_events=0 overflow=0
FIG8_ATTENTION_CHECKSUM mode=baseline layout=serial scna_width=8 seed=20260810 phase=measure iteration=17 checksum=0x0849a9896635ca77
FIG8_ATTENTION_HOST_TIMING mode=baseline layout=serial variant=pair_static_d8 workers=1 scna_width=8 seed=20260810 mask_mode=full qo_len=32 kv_len=4096 n_heads=12 n_kv_heads=2 head_dim=128 phase=measure iteration=18 host_elapsed_us=5392 ret=0
FIG8_ATTENTION_PROFILE_COUNT mode=baseline qo_len=32 phase=measure iteration=18 records=16 max_records=24
FIG8_ATTENTION_WORKERS mode=baseline variant=pair_static_d8 qo_len=32 phase=measure iteration=18 requested_workers=1 active_workers=1 hvx_contexts=6 vtcm_worker_cap=8 tasks=16 q_task_rows=4
FIG8_ATTENTION_TIMERS mode=baseline layout=serial phase=measure iteration=18 lut_exp=0 scna_layout=0 scna_width=0 qo_len=4 kv_len=4096 n_heads=12 n_kv_heads=2 head_dim=128 kv_head=0 worker=5 profiled_total=271 q_load=1 k_load=67 v_load=81 qk_dot=1 safe_sm=117 scna_exp=0 state_update=0 param_prepare=0 core_acc=2 o_scale=1 o_store=1
FIG8_ATTENTION_TIMERS mode=baseline layout=serial phase=measure iteration=18 lut_exp=0 scna_layout=0 scna_width=0 qo_len=4 kv_len=4096 n_heads=12 n_kv_heads=2 head_dim=128 kv_head=1 worker=5 profiled_total=268 q_load=1 k_load=66 v_load=79 qk_dot=1 safe_sm=116 scna_exp=0 state_update=0 param_prepare=0 core_acc=2 o_scale=2 o_store=1
FIG8_ATTENTION_TIMERS mode=baseline layout=serial phase=measure iteration=18 lut_exp=0 scna_layout=0 scna_width=0 qo_len=4 kv_len=4096 n_heads=12 n_kv_heads=2 head_dim=128 kv_head=0 worker=5 profiled_total=274 q_load=1 k_load=69 v_load=76 qk_dot=2 safe_sm=120 scna_exp=0 state_update=1 param_prepare=0 core_acc=4 o_scale=1 o_store=1
FIG8_ATTENTION_TIMERS mode=baseline layout=serial phase=measure iteration=18 lut_exp=0 scna_layout=0 scna_width=0 qo_len=4 kv_len=4096 n_heads=12 n_kv_heads=2 head_dim=128 kv_head=1 worker=5 profiled_total=270 q_load=1 k_load=68 v_load=80 qk_dot=2 safe_sm=115 scna_exp=0 state_update=0 param_prepare=0 core_acc=2 o_scale=1 o_store=1
FIG8_ATTENTION_TIMERS mode=baseline layout=serial phase=measure iteration=18 lut_exp=0 scna_layout=0 scna_width=0 qo_len=4 kv_len=4096 n_heads=12 n_kv_heads=2 head_dim=128 kv_head=0 worker=5 profiled_total=275 q_load=1 k_load=68 v_load=79 qk_dot=2 safe_sm=119 scna_exp=0 state_update=1 param_prepare=0 core_acc=3 o_scale=2 o_store=1
FIG8_ATTENTION_TIMERS mode=baseline layout=serial phase=measure iteration=18 lut_exp=0 scna_layout=0 scna_width=0 qo_len=4 kv_len=4096 n_heads=12 n_kv_heads=2 head_dim=128 kv_head=1 worker=5 profiled_total=273 q_load=1 k_load=68 v_load=80 qk_dot=2 safe_sm=116 scna_exp=0 state_update=1 param_prepare=0 core_acc=3 o_scale=1 o_store=2
FIG8_ATTENTION_TIMERS mode=baseline layout=serial phase=measure iteration=18 lut_exp=0 scna_layout=0 scna_width=0 qo_len=4 kv_len=4096 n_heads=12 n_kv_heads=2 head_dim=128 kv_head=0 worker=5 profiled_total=273 q_load=1 k_load=68 v_load=76 qk_dot=1 safe_sm=122 scna_exp=0 state_update=1 param_prepare=0 core_acc=3 o_scale=1 o_store=1
FIG8_ATTENTION_TIMERS mode=baseline layout=serial phase=measure iteration=18 lut_exp=0 scna_layout=0 scna_width=0 qo_len=4 kv_len=4096 n_heads=12 n_kv_heads=2 head_dim=128 kv_head=1 worker=5 profiled_total=272 q_load=1 k_load=69 v_load=78 qk_dot=2 safe_sm=116 scna_exp=0 state_update=1 param_prepare=0 core_acc=4 o_scale=1 o_store=1
FIG8_ATTENTION_TIMERS mode=baseline layout=serial phase=measure iteration=18 lut_exp=0 scna_layout=0 scna_width=0 qo_len=4 kv_len=4096 n_heads=12 n_kv_heads=2 head_dim=128 kv_head=0 worker=5 profiled_total=273 q_load=1 k_load=67 v_load=77 qk_dot=2 safe_sm=119 scna_exp=0 state_update=1 param_prepare=0 core_acc=5 o_scale=1 o_store=1
FIG8_ATTENTION_TIMERS mode=baseline layout=serial phase=measure iteration=18 lut_exp=0 scna_layout=0 scna_width=0 qo_len=4 kv_len=4096 n_heads=12 n_kv_heads=2 head_dim=128 kv_head=1 worker=5 profiled_total=272 q_load=1 k_load=68 v_load=82 qk_dot=2 safe_sm=116 scna_exp=0 state_update=0 param_prepare=0 core_acc=1 o_scale=1 o_store=1
FIG8_ATTENTION_TIMERS mode=baseline layout=serial phase=measure iteration=18 lut_exp=0 scna_layout=0 scna_width=0 qo_len=4 kv_len=4096 n_heads=12 n_kv_heads=2 head_dim=128 kv_head=0 worker=5 profiled_total=268 q_load=1 k_load=68 v_load=77 qk_dot=2 safe_sm=115 scna_exp=0 state_update=1 param_prepare=0 core_acc=3 o_scale=1 o_store=1
FIG8_ATTENTION_TIMERS mode=baseline layout=serial phase=measure iteration=18 lut_exp=0 scna_layout=0 scna_width=0 qo_len=4 kv_len=4096 n_heads=12 n_kv_heads=2 head_dim=128 kv_head=1 worker=5 profiled_total=274 q_load=1 k_load=69 v_load=81 qk_dot=2 safe_sm=114 scna_exp=0 state_update=2 param_prepare=0 core_acc=5 o_scale=1 o_store=1
FIG8_ATTENTION_TIMERS mode=baseline layout=serial phase=measure iteration=18 lut_exp=0 scna_layout=0 scna_width=0 qo_len=4 kv_len=4096 n_heads=12 n_kv_heads=2 head_dim=128 kv_head=0 worker=5 profiled_total=269 q_load=1 k_load=67 v_load=77 qk_dot=1 safe_sm=118 scna_exp=0 state_update=1 param_prepare=0 core_acc=2 o_scale=2 o_store=1
FIG8_ATTENTION_TIMERS mode=baseline layout=serial phase=measure iteration=18 lut_exp=0 scna_layout=0 scna_width=0 qo_len=4 kv_len=4096 n_heads=12 n_kv_heads=2 head_dim=128 kv_head=1 worker=5 profiled_total=276 q_load=1 k_load=70 v_load=81 qk_dot=2 safe_sm=117 scna_exp=0 state_update=1 param_prepare=0 core_acc=3 o_scale=1 o_store=1
FIG8_ATTENTION_TIMERS mode=baseline layout=serial phase=measure iteration=18 lut_exp=0 scna_layout=0 scna_width=0 qo_len=4 kv_len=4096 n_heads=12 n_kv_heads=2 head_dim=128 kv_head=0 worker=5 profiled_total=275 q_load=1 k_load=68 v_load=75 qk_dot=2 safe_sm=121 scna_exp=0 state_update=2 param_prepare=0 core_acc=5 o_scale=2 o_store=1
FIG8_ATTENTION_TIMERS mode=baseline layout=serial phase=measure iteration=18 lut_exp=0 scna_layout=0 scna_width=0 qo_len=4 kv_len=4096 n_heads=12 n_kv_heads=2 head_dim=128 kv_head=1 worker=5 profiled_total=271 q_load=1 k_load=69 v_load=79 qk_dot=1 safe_sm=116 scna_exp=0 state_update=0 param_prepare=0 core_acc=2 o_scale=1 o_store=2
FIG8_ATTENTION_EVENT_COUNT mode=baseline qo_len=32 phase=measure iteration=18 events=0 max_events=0 overflow=0
FIG8_ATTENTION_CHECKSUM mode=baseline layout=serial scna_width=8 seed=20260810 phase=measure iteration=18 checksum=0x0849a9896635ca77
FIG8_ATTENTION_HOST_TIMING mode=baseline layout=serial variant=pair_static_d8 workers=1 scna_width=8 seed=20260810 mask_mode=full qo_len=32 kv_len=4096 n_heads=12 n_kv_heads=2 head_dim=128 phase=measure iteration=19 host_elapsed_us=5354 ret=0
FIG8_ATTENTION_PROFILE_COUNT mode=baseline qo_len=32 phase=measure iteration=19 records=16 max_records=24
FIG8_ATTENTION_WORKERS mode=baseline variant=pair_static_d8 qo_len=32 phase=measure iteration=19 requested_workers=1 active_workers=1 hvx_contexts=6 vtcm_worker_cap=8 tasks=16 q_task_rows=4
FIG8_ATTENTION_TIMERS mode=baseline layout=serial phase=measure iteration=19 lut_exp=0 scna_layout=0 scna_width=0 qo_len=4 kv_len=4096 n_heads=12 n_kv_heads=2 head_dim=128 kv_head=0 worker=0 profiled_total=272 q_load=1 k_load=66 v_load=80 qk_dot=1 safe_sm=119 scna_exp=0 state_update=1 param_prepare=0 core_acc=3 o_scale=1 o_store=1
FIG8_ATTENTION_TIMERS mode=baseline layout=serial phase=measure iteration=19 lut_exp=0 scna_layout=0 scna_width=0 qo_len=4 kv_len=4096 n_heads=12 n_kv_heads=2 head_dim=128 kv_head=1 worker=0 profiled_total=274 q_load=1 k_load=70 v_load=79 qk_dot=1 safe_sm=117 scna_exp=0 state_update=1 param_prepare=0 core_acc=2 o_scale=2 o_store=2
FIG8_ATTENTION_TIMERS mode=baseline layout=serial phase=measure iteration=19 lut_exp=0 scna_layout=0 scna_width=0 qo_len=4 kv_len=4096 n_heads=12 n_kv_heads=2 head_dim=128 kv_head=0 worker=0 profiled_total=268 q_load=1 k_load=68 v_load=75 qk_dot=1 safe_sm=118 scna_exp=0 state_update=1 param_prepare=0 core_acc=3 o_scale=1 o_store=1
FIG8_ATTENTION_TIMERS mode=baseline layout=serial phase=measure iteration=19 lut_exp=0 scna_layout=0 scna_width=0 qo_len=4 kv_len=4096 n_heads=12 n_kv_heads=2 head_dim=128 kv_head=1 worker=0 profiled_total=274 q_load=1 k_load=71 v_load=77 qk_dot=2 safe_sm=116 scna_exp=0 state_update=1 param_prepare=0 core_acc=3 o_scale=2 o_store=2
FIG8_ATTENTION_TIMERS mode=baseline layout=serial phase=measure iteration=19 lut_exp=0 scna_layout=0 scna_width=0 qo_len=4 kv_len=4096 n_heads=12 n_kv_heads=2 head_dim=128 kv_head=0 worker=0 profiled_total=277 q_load=1 k_load=68 v_load=82 qk_dot=2 safe_sm=119 scna_exp=0 state_update=1 param_prepare=0 core_acc=3 o_scale=1 o_store=1
FIG8_ATTENTION_TIMERS mode=baseline layout=serial phase=measure iteration=19 lut_exp=0 scna_layout=0 scna_width=0 qo_len=4 kv_len=4096 n_heads=12 n_kv_heads=2 head_dim=128 kv_head=1 worker=0 profiled_total=270 q_load=1 k_load=69 v_load=75 qk_dot=2 safe_sm=116 scna_exp=0 state_update=2 param_prepare=0 core_acc=3 o_scale=2 o_store=2
FIG8_ATTENTION_TIMERS mode=baseline layout=serial phase=measure iteration=19 lut_exp=0 scna_layout=0 scna_width=0 qo_len=4 kv_len=4096 n_heads=12 n_kv_heads=2 head_dim=128 kv_head=0 worker=0 profiled_total=275 q_load=1 k_load=68 v_load=78 qk_dot=1 safe_sm=121 scna_exp=0 state_update=1 param_prepare=0 core_acc=4 o_scale=1 o_store=1
FIG8_ATTENTION_TIMERS mode=baseline layout=serial phase=measure iteration=19 lut_exp=0 scna_layout=0 scna_width=0 qo_len=4 kv_len=4096 n_heads=12 n_kv_heads=2 head_dim=128 kv_head=1 worker=0 profiled_total=273 q_load=1 k_load=69 v_load=77 qk_dot=2 safe_sm=117 scna_exp=0 state_update=1 param_prepare=0 core_acc=3 o_scale=2 o_store=2
FIG8_ATTENTION_TIMERS mode=baseline layout=serial phase=measure iteration=19 lut_exp=0 scna_layout=0 scna_width=0 qo_len=4 kv_len=4096 n_heads=12 n_kv_heads=2 head_dim=128 kv_head=0 worker=0 profiled_total=272 q_load=1 k_load=66 v_load=80 qk_dot=1 safe_sm=118 scna_exp=0 state_update=1 param_prepare=0 core_acc=4 o_scale=1 o_store=1
FIG8_ATTENTION_TIMERS mode=baseline layout=serial phase=measure iteration=19 lut_exp=0 scna_layout=0 scna_width=0 qo_len=4 kv_len=4096 n_heads=12 n_kv_heads=2 head_dim=128 kv_head=1 worker=0 profiled_total=267 q_load=1 k_load=67 v_load=76 qk_dot=2 safe_sm=115 scna_exp=0 state_update=1 param_prepare=0 core_acc=2 o_scale=2 o_store=2
FIG8_ATTENTION_TIMERS mode=baseline layout=serial phase=measure iteration=19 lut_exp=0 scna_layout=0 scna_width=0 qo_len=4 kv_len=4096 n_heads=12 n_kv_heads=2 head_dim=128 kv_head=0 worker=0 profiled_total=268 q_load=1 k_load=64 v_load=79 qk_dot=1 safe_sm=117 scna_exp=0 state_update=1 param_prepare=0 core_acc=4 o_scale=1 o_store=1
FIG8_ATTENTION_TIMERS mode=baseline layout=serial phase=measure iteration=19 lut_exp=0 scna_layout=0 scna_width=0 qo_len=4 kv_len=4096 n_heads=12 n_kv_heads=2 head_dim=128 kv_head=1 worker=0 profiled_total=272 q_load=1 k_load=68 v_load=83 qk_dot=2 safe_sm=113 scna_exp=0 state_update=1 param_prepare=0 core_acc=2 o_scale=1 o_store=2
FIG8_ATTENTION_TIMERS mode=baseline layout=serial phase=measure iteration=19 lut_exp=0 scna_layout=0 scna_width=0 qo_len=4 kv_len=4096 n_heads=12 n_kv_heads=2 head_dim=128 kv_head=0 worker=0 profiled_total=273 q_load=1 k_load=67 v_load=80 qk_dot=1 safe_sm=119 scna_exp=0 state_update=1 param_prepare=0 core_acc=3 o_scale=1 o_store=1
FIG8_ATTENTION_TIMERS mode=baseline layout=serial phase=measure iteration=19 lut_exp=0 scna_layout=0 scna_width=0 qo_len=4 kv_len=4096 n_heads=12 n_kv_heads=2 head_dim=128 kv_head=1 worker=0 profiled_total=274 q_load=1 k_load=70 v_load=79 qk_dot=2 safe_sm=115 scna_exp=0 state_update=1 param_prepare=0 core_acc=3 o_scale=2 o_store=2
FIG8_ATTENTION_TIMERS mode=baseline layout=serial phase=measure iteration=19 lut_exp=0 scna_layout=0 scna_width=0 qo_len=4 kv_len=4096 n_heads=12 n_kv_heads=2 head_dim=128 kv_head=0 worker=0 profiled_total=272 q_load=1 k_load=68 v_load=76 qk_dot=1 safe_sm=120 scna_exp=0 state_update=1 param_prepare=0 core_acc=4 o_scale=1 o_store=1
FIG8_ATTENTION_TIMERS mode=baseline layout=serial phase=measure iteration=19 lut_exp=0 scna_layout=0 scna_width=0 qo_len=4 kv_len=4096 n_heads=12 n_kv_heads=2 head_dim=128 kv_head=1 worker=0 profiled_total=278 q_load=1 k_load=69 v_load=82 qk_dot=2 safe_sm=116 scna_exp=0 state_update=2 param_prepare=0 core_acc=4 o_scale=2 o_store=2
FIG8_ATTENTION_EVENT_COUNT mode=baseline qo_len=32 phase=measure iteration=19 events=0 max_events=0 overflow=0
FIG8_ATTENTION_CHECKSUM mode=baseline layout=serial scna_width=8 seed=20260810 phase=measure iteration=19 checksum=0x0849a9896635ca77
