alloc_shared_mem_buf: buf=0x7456630000 fd=12 size=98304 flags=FASTRPC_MAP_FD
alloc_shared_mem_buf: buf=0x71c0200000 fd=13 size=2097152 flags=FASTRPC_MAP_FD
alloc_shared_mem_buf: buf=0x71c0000000 fd=14 size=2097152 flags=FASTRPC_MAP_FD
alloc_shared_mem_buf: buf=0x7456520000 fd=15 size=98304 flags=FASTRPC_MAP_FD
alloc_shared_mem_buf: buf=0x7456490000 fd=16 size=131072 flags=FASTRPC_MAP_FD
alloc_shared_mem_buf: buf=0x71c0420000 fd=17 size=902144 flags=FASTRPC_MAP_FD
alloc_shared_mem_buf: buf=0x745692d000 fd=18 size=4096 flags=FASTRPC_MAP_FD
No-op channel request completed
FIG8_ATTENTION_CONFIG mode=scna-fp16 mask_mode=full qo_len=16 kv_len=4096 n_heads=12 n_kv_heads=2 head_dim=128 warmup=5 iters=20 scna_width=16 q_size=98304 kv_size=2097152 mask_size=131072 profile_size=902144 profile_max_records=10 profile_max_events=12512 mode_flags=4 print_events=1
FIG8_ATTENTION_HOST_TIMING mode=scna-fp16 scna_width=16 qo_len=16 kv_len=4096 n_heads=12 n_kv_heads=2 head_dim=128 phase=warmup iteration=0 host_elapsed_us=1923 ret=0
FIG8_ATTENTION_PROFILE_COUNT mode=scna-fp16 qo_len=16 phase=warmup iteration=0 records=2 max_records=10
FIG8_ATTENTION_TIMERS mode=scna-fp16 phase=warmup iteration=0 lut_exp=0 nonlinear_mode=1 scna_width=16 scna_exp=430 qo_len=16 kv_len=4096 n_heads=12 n_kv_heads=2 head_dim=128 kv_head=0 worker=0 profiled_total=872 q_load=4 k_load=184 v_load=143 qk_dot=6 safe_sm=517 core_acc=8 o_scale=1 o_store=9
FIG8_ATTENTION_TIMERS mode=scna-fp16 phase=warmup iteration=0 lut_exp=0 nonlinear_mode=1 scna_width=16 scna_exp=429 qo_len=16 kv_len=4096 n_heads=12 n_kv_heads=2 head_dim=128 kv_head=1 worker=0 profiled_total=744 q_load=4 k_load=74 v_load=140 qk_dot=6 safe_sm=508 core_acc=6 o_scale=1 o_store=5
FIG8_ATTENTION_EVENT_COUNT mode=scna-fp16 qo_len=16 phase=warmup iteration=0 events=16 max_events=12512 overflow=0
FIG8_ATTENTION_EVENT mode=scna-fp16 phase=warmup iteration=0 component=q_load component_id=1 lut_exp=0 qo_len=16 kv_len=4096 n_heads=12 n_kv_heads=2 head_dim=128 kv_head=0 worker=0 block_r=0 block_c=-1 t0_us=2285376390852 t1_us=2285376390857 dur_us=4
FIG8_ATTENTION_EVENT mode=scna-fp16 phase=warmup iteration=0 component=k_load component_id=2 lut_exp=0 qo_len=16 kv_len=4096 n_heads=12 n_kv_heads=2 head_dim=128 kv_head=0 worker=0 block_r=0 block_c=0 t0_us=2285376390858 t1_us=2285376391042 dur_us=184
FIG8_ATTENTION_EVENT mode=scna-fp16 phase=warmup iteration=0 component=qk_dot component_id=4 lut_exp=0 qo_len=16 kv_len=4096 n_heads=12 n_kv_heads=2 head_dim=128 kv_head=0 worker=0 block_r=0 block_c=0 t0_us=2285376391043 t1_us=2285376391049 dur_us=6
FIG8_ATTENTION_EVENT mode=scna-fp16 phase=warmup iteration=0 component=safe_sm component_id=5 lut_exp=0 qo_len=16 kv_len=4096 n_heads=12 n_kv_heads=2 head_dim=128 kv_head=0 worker=0 block_r=0 block_c=0 t0_us=2285376391049 t1_us=2285376391567 dur_us=517
FIG8_ATTENTION_EVENT mode=scna-fp16 phase=warmup iteration=0 component=v_load component_id=3 lut_exp=0 qo_len=16 kv_len=4096 n_heads=12 n_kv_heads=2 head_dim=128 kv_head=0 worker=0 block_r=0 block_c=0 t0_us=2285376391568 t1_us=2285376391712 dur_us=143
FIG8_ATTENTION_EVENT mode=scna-fp16 phase=warmup iteration=0 component=core_acc component_id=6 lut_exp=0 qo_len=16 kv_len=4096 n_heads=12 n_kv_heads=2 head_dim=128 kv_head=0 worker=0 block_r=0 block_c=0 t0_us=2285376391713 t1_us=2285376391721 dur_us=8
FIG8_ATTENTION_EVENT mode=scna-fp16 phase=warmup iteration=0 component=o_scale component_id=7 lut_exp=0 qo_len=16 kv_len=4096 n_heads=12 n_kv_heads=2 head_dim=128 kv_head=0 worker=0 block_r=0 block_c=-1 t0_us=2285376391722 t1_us=2285376391723 dur_us=1
FIG8_ATTENTION_EVENT mode=scna-fp16 phase=warmup iteration=0 component=o_store component_id=8 lut_exp=0 qo_len=16 kv_len=4096 n_heads=12 n_kv_heads=2 head_dim=128 kv_head=0 worker=0 block_r=0 block_c=-1 t0_us=2285376391724 t1_us=2285376391733 dur_us=9
FIG8_ATTENTION_EVENT mode=scna-fp16 phase=warmup iteration=0 component=q_load component_id=1 lut_exp=0 qo_len=16 kv_len=4096 n_heads=12 n_kv_heads=2 head_dim=128 kv_head=1 worker=0 block_r=0 block_c=-1 t0_us=2285376391794 t1_us=2285376391799 dur_us=4
FIG8_ATTENTION_EVENT mode=scna-fp16 phase=warmup iteration=0 component=k_load component_id=2 lut_exp=0 qo_len=16 kv_len=4096 n_heads=12 n_kv_heads=2 head_dim=128 kv_head=1 worker=0 block_r=0 block_c=0 t0_us=2285376391800 t1_us=2285376391875 dur_us=74
FIG8_ATTENTION_EVENT mode=scna-fp16 phase=warmup iteration=0 component=qk_dot component_id=4 lut_exp=0 qo_len=16 kv_len=4096 n_heads=12 n_kv_heads=2 head_dim=128 kv_head=1 worker=0 block_r=0 block_c=0 t0_us=2285376391875 t1_us=2285376391882 dur_us=6
FIG8_ATTENTION_EVENT mode=scna-fp16 phase=warmup iteration=0 component=safe_sm component_id=5 lut_exp=0 qo_len=16 kv_len=4096 n_heads=12 n_kv_heads=2 head_dim=128 kv_head=1 worker=0 block_r=0 block_c=0 t0_us=2285376391884 t1_us=2285376392392 dur_us=508
FIG8_ATTENTION_EVENT mode=scna-fp16 phase=warmup iteration=0 component=v_load component_id=3 lut_exp=0 qo_len=16 kv_len=4096 n_heads=12 n_kv_heads=2 head_dim=128 kv_head=1 worker=0 block_r=0 block_c=0 t0_us=2285376392392 t1_us=2285376392532 dur_us=140
FIG8_ATTENTION_EVENT mode=scna-fp16 phase=warmup iteration=0 component=core_acc component_id=6 lut_exp=0 qo_len=16 kv_len=4096 n_heads=12 n_kv_heads=2 head_dim=128 kv_head=1 worker=0 block_r=0 block_c=0 t0_us=2285376392533 t1_us=2285376392540 dur_us=6
FIG8_ATTENTION_EVENT mode=scna-fp16 phase=warmup iteration=0 component=o_scale component_id=7 lut_exp=0 qo_len=16 kv_len=4096 n_heads=12 n_kv_heads=2 head_dim=128 kv_head=1 worker=0 block_r=0 block_c=-1 t0_us=2285376392541 t1_us=2285376392542 dur_us=1
FIG8_ATTENTION_EVENT mode=scna-fp16 phase=warmup iteration=0 component=o_store component_id=8 lut_exp=0 qo_len=16 kv_len=4096 n_heads=12 n_kv_heads=2 head_dim=128 kv_head=1 worker=0 block_r=0 block_c=-1 t0_us=2285376392542 t1_us=2285376392548 dur_us=5
FIG8_ATTENTION_HOST_TIMING mode=scna-fp16 scna_width=16 qo_len=16 kv_len=4096 n_heads=12 n_kv_heads=2 head_dim=128 phase=warmup iteration=1 host_elapsed_us=1865 ret=0
FIG8_ATTENTION_PROFILE_COUNT mode=scna-fp16 qo_len=16 phase=warmup iteration=1 records=2 max_records=10
FIG8_ATTENTION_TIMERS mode=scna-fp16 phase=warmup iteration=1 lut_exp=0 nonlinear_mode=1 scna_width=16 scna_exp=421 qo_len=16 kv_len=4096 n_heads=12 n_kv_heads=2 head_dim=128 kv_head=0 worker=0 profiled_total=796 q_load=4 k_load=139 v_load=133 qk_dot=6 safe_sm=501 core_acc=6 o_scale=1 o_store=6
FIG8_ATTENTION_TIMERS mode=scna-fp16 phase=warmup iteration=1 lut_exp=0 nonlinear_mode=1 scna_width=16 scna_exp=423 qo_len=16 kv_len=4096 n_heads=12 n_kv_heads=2 head_dim=128 kv_head=1 worker=0 profiled_total=811 q_load=4 k_load=149 v_load=142 qk_dot=6 safe_sm=497 core_acc=6 o_scale=1 o_store=6
FIG8_ATTENTION_EVENT_COUNT mode=scna-fp16 qo_len=16 phase=warmup iteration=1 events=16 max_events=12512 overflow=0
FIG8_ATTENTION_EVENT mode=scna-fp16 phase=warmup iteration=1 component=q_load component_id=1 lut_exp=0 qo_len=16 kv_len=4096 n_heads=12 n_kv_heads=2 head_dim=128 kv_head=0 worker=0 block_r=0 block_c=-1 t0_us=2285376392853 t1_us=2285376392857 dur_us=4
FIG8_ATTENTION_EVENT mode=scna-fp16 phase=warmup iteration=1 component=k_load component_id=2 lut_exp=0 qo_len=16 kv_len=4096 n_heads=12 n_kv_heads=2 head_dim=128 kv_head=0 worker=0 block_r=0 block_c=0 t0_us=2285376392859 t1_us=2285376392999 dur_us=139
FIG8_ATTENTION_EVENT mode=scna-fp16 phase=warmup iteration=1 component=qk_dot component_id=4 lut_exp=0 qo_len=16 kv_len=4096 n_heads=12 n_kv_heads=2 head_dim=128 kv_head=0 worker=0 block_r=0 block_c=0 t0_us=2285376392999 t1_us=2285376393006 dur_us=6
FIG8_ATTENTION_EVENT mode=scna-fp16 phase=warmup iteration=1 component=safe_sm component_id=5 lut_exp=0 qo_len=16 kv_len=4096 n_heads=12 n_kv_heads=2 head_dim=128 kv_head=0 worker=0 block_r=0 block_c=0 t0_us=2285376393006 t1_us=2285376393508 dur_us=501
FIG8_ATTENTION_EVENT mode=scna-fp16 phase=warmup iteration=1 component=v_load component_id=3 lut_exp=0 qo_len=16 kv_len=4096 n_heads=12 n_kv_heads=2 head_dim=128 kv_head=0 worker=0 block_r=0 block_c=0 t0_us=2285376393509 t1_us=2285376393643 dur_us=133
FIG8_ATTENTION_EVENT mode=scna-fp16 phase=warmup iteration=1 component=core_acc component_id=6 lut_exp=0 qo_len=16 kv_len=4096 n_heads=12 n_kv_heads=2 head_dim=128 kv_head=0 worker=0 block_r=0 block_c=0 t0_us=2285376393643 t1_us=2285376393650 dur_us=6
FIG8_ATTENTION_EVENT mode=scna-fp16 phase=warmup iteration=1 component=o_scale component_id=7 lut_exp=0 qo_len=16 kv_len=4096 n_heads=12 n_kv_heads=2 head_dim=128 kv_head=0 worker=0 block_r=0 block_c=-1 t0_us=2285376393650 t1_us=2285376393651 dur_us=1
FIG8_ATTENTION_EVENT mode=scna-fp16 phase=warmup iteration=1 component=o_store component_id=8 lut_exp=0 qo_len=16 kv_len=4096 n_heads=12 n_kv_heads=2 head_dim=128 kv_head=0 worker=0 block_r=0 block_c=-1 t0_us=2285376393652 t1_us=2285376393658 dur_us=6
FIG8_ATTENTION_EVENT mode=scna-fp16 phase=warmup iteration=1 component=q_load component_id=1 lut_exp=0 qo_len=16 kv_len=4096 n_heads=12 n_kv_heads=2 head_dim=128 kv_head=1 worker=0 block_r=0 block_c=-1 t0_us=2285376393703 t1_us=2285376393708 dur_us=4
FIG8_ATTENTION_EVENT mode=scna-fp16 phase=warmup iteration=1 component=k_load component_id=2 lut_exp=0 qo_len=16 kv_len=4096 n_heads=12 n_kv_heads=2 head_dim=128 kv_head=1 worker=0 block_r=0 block_c=0 t0_us=2285376393709 t1_us=2285376393858 dur_us=149
FIG8_ATTENTION_EVENT mode=scna-fp16 phase=warmup iteration=1 component=qk_dot component_id=4 lut_exp=0 qo_len=16 kv_len=4096 n_heads=12 n_kv_heads=2 head_dim=128 kv_head=1 worker=0 block_r=0 block_c=0 t0_us=2285376393859 t1_us=2285376393866 dur_us=6
FIG8_ATTENTION_EVENT mode=scna-fp16 phase=warmup iteration=1 component=safe_sm component_id=5 lut_exp=0 qo_len=16 kv_len=4096 n_heads=12 n_kv_heads=2 head_dim=128 kv_head=1 worker=0 block_r=0 block_c=0 t0_us=2285376393866 t1_us=2285376394364 dur_us=497
FIG8_ATTENTION_EVENT mode=scna-fp16 phase=warmup iteration=1 component=v_load component_id=3 lut_exp=0 qo_len=16 kv_len=4096 n_heads=12 n_kv_heads=2 head_dim=128 kv_head=1 worker=0 block_r=0 block_c=0 t0_us=2285376394364 t1_us=2285376394506 dur_us=142
FIG8_ATTENTION_EVENT mode=scna-fp16 phase=warmup iteration=1 component=core_acc component_id=6 lut_exp=0 qo_len=16 kv_len=4096 n_heads=12 n_kv_heads=2 head_dim=128 kv_head=1 worker=0 block_r=0 block_c=0 t0_us=2285376394507 t1_us=2285376394513 dur_us=6
FIG8_ATTENTION_EVENT mode=scna-fp16 phase=warmup iteration=1 component=o_scale component_id=7 lut_exp=0 qo_len=16 kv_len=4096 n_heads=12 n_kv_heads=2 head_dim=128 kv_head=1 worker=0 block_r=0 block_c=-1 t0_us=2285376394514 t1_us=2285376394515 dur_us=1
FIG8_ATTENTION_EVENT mode=scna-fp16 phase=warmup iteration=1 component=o_store component_id=8 lut_exp=0 qo_len=16 kv_len=4096 n_heads=12 n_kv_heads=2 head_dim=128 kv_head=1 worker=0 block_r=0 block_c=-1 t0_us=2285376394516 t1_us=2285376394522 dur_us=6
FIG8_ATTENTION_HOST_TIMING mode=scna-fp16 scna_width=16 qo_len=16 kv_len=4096 n_heads=12 n_kv_heads=2 head_dim=128 phase=warmup iteration=2 host_elapsed_us=1980 ret=0
FIG8_ATTENTION_PROFILE_COUNT mode=scna-fp16 qo_len=16 phase=warmup iteration=2 records=2 max_records=10
FIG8_ATTENTION_TIMERS mode=scna-fp16 phase=warmup iteration=2 lut_exp=0 nonlinear_mode=1 scna_width=16 scna_exp=421 qo_len=16 kv_len=4096 n_heads=12 n_kv_heads=2 head_dim=128 kv_head=0 worker=0 profiled_total=815 q_load=4 k_load=151 v_load=140 qk_dot=6 safe_sm=501 core_acc=6 o_scale=1 o_store=6
FIG8_ATTENTION_TIMERS mode=scna-fp16 phase=warmup iteration=2 lut_exp=0 nonlinear_mode=1 scna_width=16 scna_exp=421 qo_len=16 kv_len=4096 n_heads=12 n_kv_heads=2 head_dim=128 kv_head=1 worker=0 profiled_total=819 q_load=4 k_load=159 v_load=141 qk_dot=6 safe_sm=497 core_acc=6 o_scale=1 o_store=5
FIG8_ATTENTION_EVENT_COUNT mode=scna-fp16 qo_len=16 phase=warmup iteration=2 events=16 max_events=12512 overflow=0
FIG8_ATTENTION_EVENT mode=scna-fp16 phase=warmup iteration=2 component=q_load component_id=1 lut_exp=0 qo_len=16 kv_len=4096 n_heads=12 n_kv_heads=2 head_dim=128 kv_head=0 worker=0 block_r=0 block_c=-1 t0_us=2285376394790 t1_us=2285376394794 dur_us=4
FIG8_ATTENTION_EVENT mode=scna-fp16 phase=warmup iteration=2 component=k_load component_id=2 lut_exp=0 qo_len=16 kv_len=4096 n_heads=12 n_kv_heads=2 head_dim=128 kv_head=0 worker=0 block_r=0 block_c=0 t0_us=2285376394796 t1_us=2285376394948 dur_us=151
FIG8_ATTENTION_EVENT mode=scna-fp16 phase=warmup iteration=2 component=qk_dot component_id=4 lut_exp=0 qo_len=16 kv_len=4096 n_heads=12 n_kv_heads=2 head_dim=128 kv_head=0 worker=0 block_r=0 block_c=0 t0_us=2285376394948 t1_us=2285376394955 dur_us=6
FIG8_ATTENTION_EVENT mode=scna-fp16 phase=warmup iteration=2 component=safe_sm component_id=5 lut_exp=0 qo_len=16 kv_len=4096 n_heads=12 n_kv_heads=2 head_dim=128 kv_head=0 worker=0 block_r=0 block_c=0 t0_us=2285376394955 t1_us=2285376395456 dur_us=501
FIG8_ATTENTION_EVENT mode=scna-fp16 phase=warmup iteration=2 component=v_load component_id=3 lut_exp=0 qo_len=16 kv_len=4096 n_heads=12 n_kv_heads=2 head_dim=128 kv_head=0 worker=0 block_r=0 block_c=0 t0_us=2285376395458 t1_us=2285376395598 dur_us=140
FIG8_ATTENTION_EVENT mode=scna-fp16 phase=warmup iteration=2 component=core_acc component_id=6 lut_exp=0 qo_len=16 kv_len=4096 n_heads=12 n_kv_heads=2 head_dim=128 kv_head=0 worker=0 block_r=0 block_c=0 t0_us=2285376395599 t1_us=2285376395606 dur_us=6
FIG8_ATTENTION_EVENT mode=scna-fp16 phase=warmup iteration=2 component=o_scale component_id=7 lut_exp=0 qo_len=16 kv_len=4096 n_heads=12 n_kv_heads=2 head_dim=128 kv_head=0 worker=0 block_r=0 block_c=-1 t0_us=2285376395606 t1_us=2285376395608 dur_us=1
FIG8_ATTENTION_EVENT mode=scna-fp16 phase=warmup iteration=2 component=o_store component_id=8 lut_exp=0 qo_len=16 kv_len=4096 n_heads=12 n_kv_heads=2 head_dim=128 kv_head=0 worker=0 block_r=0 block_c=-1 t0_us=2285376395608 t1_us=2285376395615 dur_us=6
FIG8_ATTENTION_EVENT mode=scna-fp16 phase=warmup iteration=2 component=q_load component_id=1 lut_exp=0 qo_len=16 kv_len=4096 n_heads=12 n_kv_heads=2 head_dim=128 kv_head=1 worker=0 block_r=0 block_c=-1 t0_us=2285376395661 t1_us=2285376395666 dur_us=4
FIG8_ATTENTION_EVENT mode=scna-fp16 phase=warmup iteration=2 component=k_load component_id=2 lut_exp=0 qo_len=16 kv_len=4096 n_heads=12 n_kv_heads=2 head_dim=128 kv_head=1 worker=0 block_r=0 block_c=0 t0_us=2285376395667 t1_us=2285376395826 dur_us=159
FIG8_ATTENTION_EVENT mode=scna-fp16 phase=warmup iteration=2 component=qk_dot component_id=4 lut_exp=0 qo_len=16 kv_len=4096 n_heads=12 n_kv_heads=2 head_dim=128 kv_head=1 worker=0 block_r=0 block_c=0 t0_us=2285376395827 t1_us=2285376395833 dur_us=6
FIG8_ATTENTION_EVENT mode=scna-fp16 phase=warmup iteration=2 component=safe_sm component_id=5 lut_exp=0 qo_len=16 kv_len=4096 n_heads=12 n_kv_heads=2 head_dim=128 kv_head=1 worker=0 block_r=0 block_c=0 t0_us=2285376395834 t1_us=2285376396331 dur_us=497
FIG8_ATTENTION_EVENT mode=scna-fp16 phase=warmup iteration=2 component=v_load component_id=3 lut_exp=0 qo_len=16 kv_len=4096 n_heads=12 n_kv_heads=2 head_dim=128 kv_head=1 worker=0 block_r=0 block_c=0 t0_us=2285376396331 t1_us=2285376396473 dur_us=141
FIG8_ATTENTION_EVENT mode=scna-fp16 phase=warmup iteration=2 component=core_acc component_id=6 lut_exp=0 qo_len=16 kv_len=4096 n_heads=12 n_kv_heads=2 head_dim=128 kv_head=1 worker=0 block_r=0 block_c=0 t0_us=2285376396474 t1_us=2285376396480 dur_us=6
FIG8_ATTENTION_EVENT mode=scna-fp16 phase=warmup iteration=2 component=o_scale component_id=7 lut_exp=0 qo_len=16 kv_len=4096 n_heads=12 n_kv_heads=2 head_dim=128 kv_head=1 worker=0 block_r=0 block_c=-1 t0_us=2285376396481 t1_us=2285376396482 dur_us=1
FIG8_ATTENTION_EVENT mode=scna-fp16 phase=warmup iteration=2 component=o_store component_id=8 lut_exp=0 qo_len=16 kv_len=4096 n_heads=12 n_kv_heads=2 head_dim=128 kv_head=1 worker=0 block_r=0 block_c=-1 t0_us=2285376396482 t1_us=2285376396488 dur_us=5
FIG8_ATTENTION_HOST_TIMING mode=scna-fp16 scna_width=16 qo_len=16 kv_len=4096 n_heads=12 n_kv_heads=2 head_dim=128 phase=warmup iteration=3 host_elapsed_us=1965 ret=0
FIG8_ATTENTION_PROFILE_COUNT mode=scna-fp16 qo_len=16 phase=warmup iteration=3 records=2 max_records=10
FIG8_ATTENTION_TIMERS mode=scna-fp16 phase=warmup iteration=3 lut_exp=0 nonlinear_mode=1 scna_width=16 scna_exp=421 qo_len=16 kv_len=4096 n_heads=12 n_kv_heads=2 head_dim=128 kv_head=0 worker=0 profiled_total=817 q_load=4 k_load=153 v_load=139 qk_dot=6 safe_sm=501 core_acc=7 o_scale=1 o_store=6
FIG8_ATTENTION_TIMERS mode=scna-fp16 phase=warmup iteration=3 lut_exp=0 nonlinear_mode=1 scna_width=16 scna_exp=421 qo_len=16 kv_len=4096 n_heads=12 n_kv_heads=2 head_dim=128 kv_head=1 worker=0 profiled_total=821 q_load=4 k_load=161 v_load=141 qk_dot=6 safe_sm=497 core_acc=6 o_scale=1 o_store=5
FIG8_ATTENTION_EVENT_COUNT mode=scna-fp16 qo_len=16 phase=warmup iteration=3 events=16 max_events=12512 overflow=0
FIG8_ATTENTION_EVENT mode=scna-fp16 phase=warmup iteration=3 component=q_load component_id=1 lut_exp=0 qo_len=16 kv_len=4096 n_heads=12 n_kv_heads=2 head_dim=128 kv_head=0 worker=0 block_r=0 block_c=-1 t0_us=2285376396833 t1_us=2285376396837 dur_us=4
FIG8_ATTENTION_EVENT mode=scna-fp16 phase=warmup iteration=3 component=k_load component_id=2 lut_exp=0 qo_len=16 kv_len=4096 n_heads=12 n_kv_heads=2 head_dim=128 kv_head=0 worker=0 block_r=0 block_c=0 t0_us=2285376396839 t1_us=2285376396992 dur_us=153
FIG8_ATTENTION_EVENT mode=scna-fp16 phase=warmup iteration=3 component=qk_dot component_id=4 lut_exp=0 qo_len=16 kv_len=4096 n_heads=12 n_kv_heads=2 head_dim=128 kv_head=0 worker=0 block_r=0 block_c=0 t0_us=2285376396992 t1_us=2285376396999 dur_us=6
FIG8_ATTENTION_EVENT mode=scna-fp16 phase=warmup iteration=3 component=safe_sm component_id=5 lut_exp=0 qo_len=16 kv_len=4096 n_heads=12 n_kv_heads=2 head_dim=128 kv_head=0 worker=0 block_r=0 block_c=0 t0_us=2285376396999 t1_us=2285376397501 dur_us=501
FIG8_ATTENTION_EVENT mode=scna-fp16 phase=warmup iteration=3 component=v_load component_id=3 lut_exp=0 qo_len=16 kv_len=4096 n_heads=12 n_kv_heads=2 head_dim=128 kv_head=0 worker=0 block_r=0 block_c=0 t0_us=2285376397502 t1_us=2285376397642 dur_us=139
FIG8_ATTENTION_EVENT mode=scna-fp16 phase=warmup iteration=3 component=core_acc component_id=6 lut_exp=0 qo_len=16 kv_len=4096 n_heads=12 n_kv_heads=2 head_dim=128 kv_head=0 worker=0 block_r=0 block_c=0 t0_us=2285376397642 t1_us=2285376397650 dur_us=7
FIG8_ATTENTION_EVENT mode=scna-fp16 phase=warmup iteration=3 component=o_scale component_id=7 lut_exp=0 qo_len=16 kv_len=4096 n_heads=12 n_kv_heads=2 head_dim=128 kv_head=0 worker=0 block_r=0 block_c=-1 t0_us=2285376397650 t1_us=2285376397652 dur_us=1
FIG8_ATTENTION_EVENT mode=scna-fp16 phase=warmup iteration=3 component=o_store component_id=8 lut_exp=0 qo_len=16 kv_len=4096 n_heads=12 n_kv_heads=2 head_dim=128 kv_head=0 worker=0 block_r=0 block_c=-1 t0_us=2285376397652 t1_us=2285376397659 dur_us=6
FIG8_ATTENTION_EVENT mode=scna-fp16 phase=warmup iteration=3 component=q_load component_id=1 lut_exp=0 qo_len=16 kv_len=4096 n_heads=12 n_kv_heads=2 head_dim=128 kv_head=1 worker=0 block_r=0 block_c=-1 t0_us=2285376397708 t1_us=2285376397713 dur_us=4
FIG8_ATTENTION_EVENT mode=scna-fp16 phase=warmup iteration=3 component=k_load component_id=2 lut_exp=0 qo_len=16 kv_len=4096 n_heads=12 n_kv_heads=2 head_dim=128 kv_head=1 worker=0 block_r=0 block_c=0 t0_us=2285376397714 t1_us=2285376397875 dur_us=161
FIG8_ATTENTION_EVENT mode=scna-fp16 phase=warmup iteration=3 component=qk_dot component_id=4 lut_exp=0 qo_len=16 kv_len=4096 n_heads=12 n_kv_heads=2 head_dim=128 kv_head=1 worker=0 block_r=0 block_c=0 t0_us=2285376397876 t1_us=2285376397883 dur_us=6
FIG8_ATTENTION_EVENT mode=scna-fp16 phase=warmup iteration=3 component=safe_sm component_id=5 lut_exp=0 qo_len=16 kv_len=4096 n_heads=12 n_kv_heads=2 head_dim=128 kv_head=1 worker=0 block_r=0 block_c=0 t0_us=2285376397883 t1_us=2285376398380 dur_us=497
FIG8_ATTENTION_EVENT mode=scna-fp16 phase=warmup iteration=3 component=v_load component_id=3 lut_exp=0 qo_len=16 kv_len=4096 n_heads=12 n_kv_heads=2 head_dim=128 kv_head=1 worker=0 block_r=0 block_c=0 t0_us=2285376398380 t1_us=2285376398522 dur_us=141
FIG8_ATTENTION_EVENT mode=scna-fp16 phase=warmup iteration=3 component=core_acc component_id=6 lut_exp=0 qo_len=16 kv_len=4096 n_heads=12 n_kv_heads=2 head_dim=128 kv_head=1 worker=0 block_r=0 block_c=0 t0_us=2285376398523 t1_us=2285376398529 dur_us=6
FIG8_ATTENTION_EVENT mode=scna-fp16 phase=warmup iteration=3 component=o_scale component_id=7 lut_exp=0 qo_len=16 kv_len=4096 n_heads=12 n_kv_heads=2 head_dim=128 kv_head=1 worker=0 block_r=0 block_c=-1 t0_us=2285376398530 t1_us=2285376398531 dur_us=1
FIG8_ATTENTION_EVENT mode=scna-fp16 phase=warmup iteration=3 component=o_store component_id=8 lut_exp=0 qo_len=16 kv_len=4096 n_heads=12 n_kv_heads=2 head_dim=128 kv_head=1 worker=0 block_r=0 block_c=-1 t0_us=2285376398532 t1_us=2285376398538 dur_us=5
FIG8_ATTENTION_HOST_TIMING mode=scna-fp16 scna_width=16 qo_len=16 kv_len=4096 n_heads=12 n_kv_heads=2 head_dim=128 phase=warmup iteration=4 host_elapsed_us=1976 ret=0
FIG8_ATTENTION_PROFILE_COUNT mode=scna-fp16 qo_len=16 phase=warmup iteration=4 records=2 max_records=10
FIG8_ATTENTION_TIMERS mode=scna-fp16 phase=warmup iteration=4 lut_exp=0 nonlinear_mode=1 scna_width=16 scna_exp=422 qo_len=16 kv_len=4096 n_heads=12 n_kv_heads=2 head_dim=128 kv_head=0 worker=0 profiled_total=816 q_load=4 k_load=151 v_load=139 qk_dot=6 safe_sm=502 core_acc=7 o_scale=1 o_store=6
FIG8_ATTENTION_TIMERS mode=scna-fp16 phase=warmup iteration=4 lut_exp=0 nonlinear_mode=1 scna_width=16 scna_exp=422 qo_len=16 kv_len=4096 n_heads=12 n_kv_heads=2 head_dim=128 kv_head=1 worker=0 profiled_total=800 q_load=4 k_load=159 v_load=124 qk_dot=6 safe_sm=496 core_acc=5 o_scale=1 o_store=5
FIG8_ATTENTION_EVENT_COUNT mode=scna-fp16 qo_len=16 phase=warmup iteration=4 events=16 max_events=12512 overflow=0
FIG8_ATTENTION_EVENT mode=scna-fp16 phase=warmup iteration=4 component=q_load component_id=1 lut_exp=0 qo_len=16 kv_len=4096 n_heads=12 n_kv_heads=2 head_dim=128 kv_head=0 worker=0 block_r=0 block_c=-1 t0_us=2285376398861 t1_us=2285376398865 dur_us=4
FIG8_ATTENTION_EVENT mode=scna-fp16 phase=warmup iteration=4 component=k_load component_id=2 lut_exp=0 qo_len=16 kv_len=4096 n_heads=12 n_kv_heads=2 head_dim=128 kv_head=0 worker=0 block_r=0 block_c=0 t0_us=2285376398867 t1_us=2285376399018 dur_us=151
FIG8_ATTENTION_EVENT mode=scna-fp16 phase=warmup iteration=4 component=qk_dot component_id=4 lut_exp=0 qo_len=16 kv_len=4096 n_heads=12 n_kv_heads=2 head_dim=128 kv_head=0 worker=0 block_r=0 block_c=0 t0_us=2285376399018 t1_us=2285376399025 dur_us=6
FIG8_ATTENTION_EVENT mode=scna-fp16 phase=warmup iteration=4 component=safe_sm component_id=5 lut_exp=0 qo_len=16 kv_len=4096 n_heads=12 n_kv_heads=2 head_dim=128 kv_head=0 worker=0 block_r=0 block_c=0 t0_us=2285376399025 t1_us=2285376399527 dur_us=502
FIG8_ATTENTION_EVENT mode=scna-fp16 phase=warmup iteration=4 component=v_load component_id=3 lut_exp=0 qo_len=16 kv_len=4096 n_heads=12 n_kv_heads=2 head_dim=128 kv_head=0 worker=0 block_r=0 block_c=0 t0_us=2285376399528 t1_us=2285376399668 dur_us=139
FIG8_ATTENTION_EVENT mode=scna-fp16 phase=warmup iteration=4 component=core_acc component_id=6 lut_exp=0 qo_len=16 kv_len=4096 n_heads=12 n_kv_heads=2 head_dim=128 kv_head=0 worker=0 block_r=0 block_c=0 t0_us=2285376399669 t1_us=2285376399676 dur_us=7
FIG8_ATTENTION_EVENT mode=scna-fp16 phase=warmup iteration=4 component=o_scale component_id=7 lut_exp=0 qo_len=16 kv_len=4096 n_heads=12 n_kv_heads=2 head_dim=128 kv_head=0 worker=0 block_r=0 block_c=-1 t0_us=2285376399677 t1_us=2285376399678 dur_us=1
FIG8_ATTENTION_EVENT mode=scna-fp16 phase=warmup iteration=4 component=o_store component_id=8 lut_exp=0 qo_len=16 kv_len=4096 n_heads=12 n_kv_heads=2 head_dim=128 kv_head=0 worker=0 block_r=0 block_c=-1 t0_us=2285376399679 t1_us=2285376399685 dur_us=6
FIG8_ATTENTION_EVENT mode=scna-fp16 phase=warmup iteration=4 component=q_load component_id=1 lut_exp=0 qo_len=16 kv_len=4096 n_heads=12 n_kv_heads=2 head_dim=128 kv_head=1 worker=0 block_r=0 block_c=-1 t0_us=2285376399730 t1_us=2285376399735 dur_us=4
FIG8_ATTENTION_EVENT mode=scna-fp16 phase=warmup iteration=4 component=k_load component_id=2 lut_exp=0 qo_len=16 kv_len=4096 n_heads=12 n_kv_heads=2 head_dim=128 kv_head=1 worker=0 block_r=0 block_c=0 t0_us=2285376399736 t1_us=2285376399896 dur_us=159
FIG8_ATTENTION_EVENT mode=scna-fp16 phase=warmup iteration=4 component=qk_dot component_id=4 lut_exp=0 qo_len=16 kv_len=4096 n_heads=12 n_kv_heads=2 head_dim=128 kv_head=1 worker=0 block_r=0 block_c=0 t0_us=2285376399897 t1_us=2285376399903 dur_us=6
FIG8_ATTENTION_EVENT mode=scna-fp16 phase=warmup iteration=4 component=safe_sm component_id=5 lut_exp=0 qo_len=16 kv_len=4096 n_heads=12 n_kv_heads=2 head_dim=128 kv_head=1 worker=0 block_r=0 block_c=0 t0_us=2285376399904 t1_us=2285376400400 dur_us=496
FIG8_ATTENTION_EVENT mode=scna-fp16 phase=warmup iteration=4 component=v_load component_id=3 lut_exp=0 qo_len=16 kv_len=4096 n_heads=12 n_kv_heads=2 head_dim=128 kv_head=1 worker=0 block_r=0 block_c=0 t0_us=2285376400401 t1_us=2285376400525 dur_us=124
FIG8_ATTENTION_EVENT mode=scna-fp16 phase=warmup iteration=4 component=core_acc component_id=6 lut_exp=0 qo_len=16 kv_len=4096 n_heads=12 n_kv_heads=2 head_dim=128 kv_head=1 worker=0 block_r=0 block_c=0 t0_us=2285376400526 t1_us=2285376400532 dur_us=5
FIG8_ATTENTION_EVENT mode=scna-fp16 phase=warmup iteration=4 component=o_scale component_id=7 lut_exp=0 qo_len=16 kv_len=4096 n_heads=12 n_kv_heads=2 head_dim=128 kv_head=1 worker=0 block_r=0 block_c=-1 t0_us=2285376400532 t1_us=2285376400534 dur_us=1
FIG8_ATTENTION_EVENT mode=scna-fp16 phase=warmup iteration=4 component=o_store component_id=8 lut_exp=0 qo_len=16 kv_len=4096 n_heads=12 n_kv_heads=2 head_dim=128 kv_head=1 worker=0 block_r=0 block_c=-1 t0_us=2285376400534 t1_us=2285376400540 dur_us=5
FIG8_ATTENTION_HOST_TIMING mode=scna-fp16 scna_width=16 qo_len=16 kv_len=4096 n_heads=12 n_kv_heads=2 head_dim=128 phase=measure iteration=0 host_elapsed_us=1978 ret=0
FIG8_ATTENTION_PROFILE_COUNT mode=scna-fp16 qo_len=16 phase=measure iteration=0 records=2 max_records=10
FIG8_ATTENTION_TIMERS mode=scna-fp16 phase=measure iteration=0 lut_exp=0 nonlinear_mode=1 scna_width=16 scna_exp=422 qo_len=16 kv_len=4096 n_heads=12 n_kv_heads=2 head_dim=128 kv_head=0 worker=0 profiled_total=819 q_load=4 k_load=152 v_load=139 qk_dot=6 safe_sm=504 core_acc=7 o_scale=1 o_store=6
FIG8_ATTENTION_TIMERS mode=scna-fp16 phase=measure iteration=0 lut_exp=0 nonlinear_mode=1 scna_width=16 scna_exp=421 qo_len=16 kv_len=4096 n_heads=12 n_kv_heads=2 head_dim=128 kv_head=1 worker=0 profiled_total=818 q_load=4 k_load=157 v_load=141 qk_dot=6 safe_sm=498 core_acc=6 o_scale=1 o_store=5
FIG8_ATTENTION_EVENT_COUNT mode=scna-fp16 qo_len=16 phase=measure iteration=0 events=16 max_events=12512 overflow=0
FIG8_ATTENTION_EVENT mode=scna-fp16 phase=measure iteration=0 component=q_load component_id=1 lut_exp=0 qo_len=16 kv_len=4096 n_heads=12 n_kv_heads=2 head_dim=128 kv_head=0 worker=0 block_r=0 block_c=-1 t0_us=2285376400897 t1_us=2285376400901 dur_us=4
FIG8_ATTENTION_EVENT mode=scna-fp16 phase=measure iteration=0 component=k_load component_id=2 lut_exp=0 qo_len=16 kv_len=4096 n_heads=12 n_kv_heads=2 head_dim=128 kv_head=0 worker=0 block_r=0 block_c=0 t0_us=2285376400903 t1_us=2285376401056 dur_us=152
FIG8_ATTENTION_EVENT mode=scna-fp16 phase=measure iteration=0 component=qk_dot component_id=4 lut_exp=0 qo_len=16 kv_len=4096 n_heads=12 n_kv_heads=2 head_dim=128 kv_head=0 worker=0 block_r=0 block_c=0 t0_us=2285376401056 t1_us=2285376401062 dur_us=6
FIG8_ATTENTION_EVENT mode=scna-fp16 phase=measure iteration=0 component=safe_sm component_id=5 lut_exp=0 qo_len=16 kv_len=4096 n_heads=12 n_kv_heads=2 head_dim=128 kv_head=0 worker=0 block_r=0 block_c=0 t0_us=2285376401063 t1_us=2285376401567 dur_us=504
FIG8_ATTENTION_EVENT mode=scna-fp16 phase=measure iteration=0 component=v_load component_id=3 lut_exp=0 qo_len=16 kv_len=4096 n_heads=12 n_kv_heads=2 head_dim=128 kv_head=0 worker=0 block_r=0 block_c=0 t0_us=2285376401569 t1_us=2285376401708 dur_us=139
FIG8_ATTENTION_EVENT mode=scna-fp16 phase=measure iteration=0 component=core_acc component_id=6 lut_exp=0 qo_len=16 kv_len=4096 n_heads=12 n_kv_heads=2 head_dim=128 kv_head=0 worker=0 block_r=0 block_c=0 t0_us=2285376401709 t1_us=2285376401716 dur_us=7
FIG8_ATTENTION_EVENT mode=scna-fp16 phase=measure iteration=0 component=o_scale component_id=7 lut_exp=0 qo_len=16 kv_len=4096 n_heads=12 n_kv_heads=2 head_dim=128 kv_head=0 worker=0 block_r=0 block_c=-1 t0_us=2285376401716 t1_us=2285376401717 dur_us=1
FIG8_ATTENTION_EVENT mode=scna-fp16 phase=measure iteration=0 component=o_store component_id=8 lut_exp=0 qo_len=16 kv_len=4096 n_heads=12 n_kv_heads=2 head_dim=128 kv_head=0 worker=0 block_r=0 block_c=-1 t0_us=2285376401718 t1_us=2285376401725 dur_us=6
FIG8_ATTENTION_EVENT mode=scna-fp16 phase=measure iteration=0 component=q_load component_id=1 lut_exp=0 qo_len=16 kv_len=4096 n_heads=12 n_kv_heads=2 head_dim=128 kv_head=1 worker=0 block_r=0 block_c=-1 t0_us=2285376401770 t1_us=2285376401774 dur_us=4
FIG8_ATTENTION_EVENT mode=scna-fp16 phase=measure iteration=0 component=k_load component_id=2 lut_exp=0 qo_len=16 kv_len=4096 n_heads=12 n_kv_heads=2 head_dim=128 kv_head=1 worker=0 block_r=0 block_c=0 t0_us=2285376401775 t1_us=2285376401932 dur_us=157
FIG8_ATTENTION_EVENT mode=scna-fp16 phase=measure iteration=0 component=qk_dot component_id=4 lut_exp=0 qo_len=16 kv_len=4096 n_heads=12 n_kv_heads=2 head_dim=128 kv_head=1 worker=0 block_r=0 block_c=0 t0_us=2285376401933 t1_us=2285376401939 dur_us=6
FIG8_ATTENTION_EVENT mode=scna-fp16 phase=measure iteration=0 component=safe_sm component_id=5 lut_exp=0 qo_len=16 kv_len=4096 n_heads=12 n_kv_heads=2 head_dim=128 kv_head=1 worker=0 block_r=0 block_c=0 t0_us=2285376401940 t1_us=2285376402439 dur_us=498
FIG8_ATTENTION_EVENT mode=scna-fp16 phase=measure iteration=0 component=v_load component_id=3 lut_exp=0 qo_len=16 kv_len=4096 n_heads=12 n_kv_heads=2 head_dim=128 kv_head=1 worker=0 block_r=0 block_c=0 t0_us=2285376402439 t1_us=2285376402580 dur_us=141
FIG8_ATTENTION_EVENT mode=scna-fp16 phase=measure iteration=0 component=core_acc component_id=6 lut_exp=0 qo_len=16 kv_len=4096 n_heads=12 n_kv_heads=2 head_dim=128 kv_head=1 worker=0 block_r=0 block_c=0 t0_us=2285376402581 t1_us=2285376402588 dur_us=6
FIG8_ATTENTION_EVENT mode=scna-fp16 phase=measure iteration=0 component=o_scale component_id=7 lut_exp=0 qo_len=16 kv_len=4096 n_heads=12 n_kv_heads=2 head_dim=128 kv_head=1 worker=0 block_r=0 block_c=-1 t0_us=2285376402589 t1_us=2285376402590 dur_us=1
FIG8_ATTENTION_EVENT mode=scna-fp16 phase=measure iteration=0 component=o_store component_id=8 lut_exp=0 qo_len=16 kv_len=4096 n_heads=12 n_kv_heads=2 head_dim=128 kv_head=1 worker=0 block_r=0 block_c=-1 t0_us=2285376402590 t1_us=2285376402596 dur_us=5
FIG8_ATTENTION_HOST_TIMING mode=scna-fp16 scna_width=16 qo_len=16 kv_len=4096 n_heads=12 n_kv_heads=2 head_dim=128 phase=measure iteration=1 host_elapsed_us=2036 ret=0
FIG8_ATTENTION_PROFILE_COUNT mode=scna-fp16 qo_len=16 phase=measure iteration=1 records=2 max_records=10
FIG8_ATTENTION_TIMERS mode=scna-fp16 phase=measure iteration=1 lut_exp=0 nonlinear_mode=1 scna_width=16 scna_exp=421 qo_len=16 kv_len=4096 n_heads=12 n_kv_heads=2 head_dim=128 kv_head=0 worker=0 profiled_total=848 q_load=4 k_load=150 v_load=164 qk_dot=6 safe_sm=510 core_acc=7 o_scale=1 o_store=6
FIG8_ATTENTION_TIMERS mode=scna-fp16 phase=measure iteration=1 lut_exp=0 nonlinear_mode=1 scna_width=16 scna_exp=422 qo_len=16 kv_len=4096 n_heads=12 n_kv_heads=2 head_dim=128 kv_head=1 worker=0 profiled_total=853 q_load=4 k_load=189 v_load=140 qk_dot=6 safe_sm=503 core_acc=5 o_scale=1 o_store=5
FIG8_ATTENTION_EVENT_COUNT mode=scna-fp16 qo_len=16 phase=measure iteration=1 events=16 max_events=12512 overflow=0
FIG8_ATTENTION_EVENT mode=scna-fp16 phase=measure iteration=1 component=q_load component_id=1 lut_exp=0 qo_len=16 kv_len=4096 n_heads=12 n_kv_heads=2 head_dim=128 kv_head=0 worker=0 block_r=0 block_c=-1 t0_us=2285376402936 t1_us=2285376402941 dur_us=4
FIG8_ATTENTION_EVENT mode=scna-fp16 phase=measure iteration=1 component=k_load component_id=2 lut_exp=0 qo_len=16 kv_len=4096 n_heads=12 n_kv_heads=2 head_dim=128 kv_head=0 worker=0 block_r=0 block_c=0 t0_us=2285376402942 t1_us=2285376403093 dur_us=150
FIG8_ATTENTION_EVENT mode=scna-fp16 phase=measure iteration=1 component=qk_dot component_id=4 lut_exp=0 qo_len=16 kv_len=4096 n_heads=12 n_kv_heads=2 head_dim=128 kv_head=0 worker=0 block_r=0 block_c=0 t0_us=2285376403093 t1_us=2285376403100 dur_us=6
FIG8_ATTENTION_EVENT mode=scna-fp16 phase=measure iteration=1 component=safe_sm component_id=5 lut_exp=0 qo_len=16 kv_len=4096 n_heads=12 n_kv_heads=2 head_dim=128 kv_head=0 worker=0 block_r=0 block_c=0 t0_us=2285376403100 t1_us=2285376403611 dur_us=510
FIG8_ATTENTION_EVENT mode=scna-fp16 phase=measure iteration=1 component=v_load component_id=3 lut_exp=0 qo_len=16 kv_len=4096 n_heads=12 n_kv_heads=2 head_dim=128 kv_head=0 worker=0 block_r=0 block_c=0 t0_us=2285376403612 t1_us=2285376403776 dur_us=164
FIG8_ATTENTION_EVENT mode=scna-fp16 phase=measure iteration=1 component=core_acc component_id=6 lut_exp=0 qo_len=16 kv_len=4096 n_heads=12 n_kv_heads=2 head_dim=128 kv_head=0 worker=0 block_r=0 block_c=0 t0_us=2285376403777 t1_us=2285376403784 dur_us=7
FIG8_ATTENTION_EVENT mode=scna-fp16 phase=measure iteration=1 component=o_scale component_id=7 lut_exp=0 qo_len=16 kv_len=4096 n_heads=12 n_kv_heads=2 head_dim=128 kv_head=0 worker=0 block_r=0 block_c=-1 t0_us=2285376403785 t1_us=2285376403786 dur_us=1
FIG8_ATTENTION_EVENT mode=scna-fp16 phase=measure iteration=1 component=o_store component_id=8 lut_exp=0 qo_len=16 kv_len=4096 n_heads=12 n_kv_heads=2 head_dim=128 kv_head=0 worker=0 block_r=0 block_c=-1 t0_us=2285376403787 t1_us=2285376403793 dur_us=6
FIG8_ATTENTION_EVENT mode=scna-fp16 phase=measure iteration=1 component=q_load component_id=1 lut_exp=0 qo_len=16 kv_len=4096 n_heads=12 n_kv_heads=2 head_dim=128 kv_head=1 worker=0 block_r=0 block_c=-1 t0_us=2285376403839 t1_us=2285376403843 dur_us=4
FIG8_ATTENTION_EVENT mode=scna-fp16 phase=measure iteration=1 component=k_load component_id=2 lut_exp=0 qo_len=16 kv_len=4096 n_heads=12 n_kv_heads=2 head_dim=128 kv_head=1 worker=0 block_r=0 block_c=0 t0_us=2285376403844 t1_us=2285376404034 dur_us=189
FIG8_ATTENTION_EVENT mode=scna-fp16 phase=measure iteration=1 component=qk_dot component_id=4 lut_exp=0 qo_len=16 kv_len=4096 n_heads=12 n_kv_heads=2 head_dim=128 kv_head=1 worker=0 block_r=0 block_c=0 t0_us=2285376404034 t1_us=2285376404041 dur_us=6
FIG8_ATTENTION_EVENT mode=scna-fp16 phase=measure iteration=1 component=safe_sm component_id=5 lut_exp=0 qo_len=16 kv_len=4096 n_heads=12 n_kv_heads=2 head_dim=128 kv_head=1 worker=0 block_r=0 block_c=0 t0_us=2285376404041 t1_us=2285376404545 dur_us=503
FIG8_ATTENTION_EVENT mode=scna-fp16 phase=measure iteration=1 component=v_load component_id=3 lut_exp=0 qo_len=16 kv_len=4096 n_heads=12 n_kv_heads=2 head_dim=128 kv_head=1 worker=0 block_r=0 block_c=0 t0_us=2285376404545 t1_us=2285376404685 dur_us=140
FIG8_ATTENTION_EVENT mode=scna-fp16 phase=measure iteration=1 component=core_acc component_id=6 lut_exp=0 qo_len=16 kv_len=4096 n_heads=12 n_kv_heads=2 head_dim=128 kv_head=1 worker=0 block_r=0 block_c=0 t0_us=2285376404685 t1_us=2285376404691 dur_us=5
FIG8_ATTENTION_EVENT mode=scna-fp16 phase=measure iteration=1 component=o_scale component_id=7 lut_exp=0 qo_len=16 kv_len=4096 n_heads=12 n_kv_heads=2 head_dim=128 kv_head=1 worker=0 block_r=0 block_c=-1 t0_us=2285376404692 t1_us=2285376404693 dur_us=1
FIG8_ATTENTION_EVENT mode=scna-fp16 phase=measure iteration=1 component=o_store component_id=8 lut_exp=0 qo_len=16 kv_len=4096 n_heads=12 n_kv_heads=2 head_dim=128 kv_head=1 worker=0 block_r=0 block_c=-1 t0_us=2285376404694 t1_us=2285376404700 dur_us=5
FIG8_ATTENTION_HOST_TIMING mode=scna-fp16 scna_width=16 qo_len=16 kv_len=4096 n_heads=12 n_kv_heads=2 head_dim=128 phase=measure iteration=2 host_elapsed_us=1931 ret=0
FIG8_ATTENTION_PROFILE_COUNT mode=scna-fp16 qo_len=16 phase=measure iteration=2 records=2 max_records=10
FIG8_ATTENTION_TIMERS mode=scna-fp16 phase=measure iteration=2 lut_exp=0 nonlinear_mode=1 scna_width=16 scna_exp=421 qo_len=16 kv_len=4096 n_heads=12 n_kv_heads=2 head_dim=128 kv_head=0 worker=0 profiled_total=818 q_load=4 k_load=149 v_load=138 qk_dot=6 safe_sm=507 core_acc=7 o_scale=1 o_store=6
FIG8_ATTENTION_TIMERS mode=scna-fp16 phase=measure iteration=2 lut_exp=0 nonlinear_mode=1 scna_width=16 scna_exp=421 qo_len=16 kv_len=4096 n_heads=12 n_kv_heads=2 head_dim=128 kv_head=1 worker=0 profiled_total=814 q_load=4 k_load=153 v_load=140 qk_dot=6 safe_sm=498 core_acc=6 o_scale=1 o_store=6
FIG8_ATTENTION_EVENT_COUNT mode=scna-fp16 qo_len=16 phase=measure iteration=2 events=16 max_events=12512 overflow=0
FIG8_ATTENTION_EVENT mode=scna-fp16 phase=measure iteration=2 component=q_load component_id=1 lut_exp=0 qo_len=16 kv_len=4096 n_heads=12 n_kv_heads=2 head_dim=128 kv_head=0 worker=0 block_r=0 block_c=-1 t0_us=2285376405106 t1_us=2285376405110 dur_us=4
FIG8_ATTENTION_EVENT mode=scna-fp16 phase=measure iteration=2 component=k_load component_id=2 lut_exp=0 qo_len=16 kv_len=4096 n_heads=12 n_kv_heads=2 head_dim=128 kv_head=0 worker=0 block_r=0 block_c=0 t0_us=2285376405112 t1_us=2285376405261 dur_us=149
FIG8_ATTENTION_EVENT mode=scna-fp16 phase=measure iteration=2 component=qk_dot component_id=4 lut_exp=0 qo_len=16 kv_len=4096 n_heads=12 n_kv_heads=2 head_dim=128 kv_head=0 worker=0 block_r=0 block_c=0 t0_us=2285376405261 t1_us=2285376405268 dur_us=6
FIG8_ATTENTION_EVENT mode=scna-fp16 phase=measure iteration=2 component=safe_sm component_id=5 lut_exp=0 qo_len=16 kv_len=4096 n_heads=12 n_kv_heads=2 head_dim=128 kv_head=0 worker=0 block_r=0 block_c=0 t0_us=2285376405268 t1_us=2285376405776 dur_us=507
FIG8_ATTENTION_EVENT mode=scna-fp16 phase=measure iteration=2 component=v_load component_id=3 lut_exp=0 qo_len=16 kv_len=4096 n_heads=12 n_kv_heads=2 head_dim=128 kv_head=0 worker=0 block_r=0 block_c=0 t0_us=2285376405777 t1_us=2285376405915 dur_us=138
FIG8_ATTENTION_EVENT mode=scna-fp16 phase=measure iteration=2 component=core_acc component_id=6 lut_exp=0 qo_len=16 kv_len=4096 n_heads=12 n_kv_heads=2 head_dim=128 kv_head=0 worker=0 block_r=0 block_c=0 t0_us=2285376405916 t1_us=2285376405923 dur_us=7
FIG8_ATTENTION_EVENT mode=scna-fp16 phase=measure iteration=2 component=o_scale component_id=7 lut_exp=0 qo_len=16 kv_len=4096 n_heads=12 n_kv_heads=2 head_dim=128 kv_head=0 worker=0 block_r=0 block_c=-1 t0_us=2285376405923 t1_us=2285376405925 dur_us=1
FIG8_ATTENTION_EVENT mode=scna-fp16 phase=measure iteration=2 component=o_store component_id=8 lut_exp=0 qo_len=16 kv_len=4096 n_heads=12 n_kv_heads=2 head_dim=128 kv_head=0 worker=0 block_r=0 block_c=-1 t0_us=2285376405925 t1_us=2285376405932 dur_us=6
FIG8_ATTENTION_EVENT mode=scna-fp16 phase=measure iteration=2 component=q_load component_id=1 lut_exp=0 qo_len=16 kv_len=4096 n_heads=12 n_kv_heads=2 head_dim=128 kv_head=1 worker=0 block_r=0 block_c=-1 t0_us=2285376405978 t1_us=2285376405982 dur_us=4
FIG8_ATTENTION_EVENT mode=scna-fp16 phase=measure iteration=2 component=k_load component_id=2 lut_exp=0 qo_len=16 kv_len=4096 n_heads=12 n_kv_heads=2 head_dim=128 kv_head=1 worker=0 block_r=0 block_c=0 t0_us=2285376405983 t1_us=2285376406137 dur_us=153
FIG8_ATTENTION_EVENT mode=scna-fp16 phase=measure iteration=2 component=qk_dot component_id=4 lut_exp=0 qo_len=16 kv_len=4096 n_heads=12 n_kv_heads=2 head_dim=128 kv_head=1 worker=0 block_r=0 block_c=0 t0_us=2285376406137 t1_us=2285376406144 dur_us=6
FIG8_ATTENTION_EVENT mode=scna-fp16 phase=measure iteration=2 component=safe_sm component_id=5 lut_exp=0 qo_len=16 kv_len=4096 n_heads=12 n_kv_heads=2 head_dim=128 kv_head=1 worker=0 block_r=0 block_c=0 t0_us=2285376406144 t1_us=2285376406643 dur_us=498
FIG8_ATTENTION_EVENT mode=scna-fp16 phase=measure iteration=2 component=v_load component_id=3 lut_exp=0 qo_len=16 kv_len=4096 n_heads=12 n_kv_heads=2 head_dim=128 kv_head=1 worker=0 block_r=0 block_c=0 t0_us=2285376406643 t1_us=2285376406784 dur_us=140
FIG8_ATTENTION_EVENT mode=scna-fp16 phase=measure iteration=2 component=core_acc component_id=6 lut_exp=0 qo_len=16 kv_len=4096 n_heads=12 n_kv_heads=2 head_dim=128 kv_head=1 worker=0 block_r=0 block_c=0 t0_us=2285376406785 t1_us=2285376406791 dur_us=6
FIG8_ATTENTION_EVENT mode=scna-fp16 phase=measure iteration=2 component=o_scale component_id=7 lut_exp=0 qo_len=16 kv_len=4096 n_heads=12 n_kv_heads=2 head_dim=128 kv_head=1 worker=0 block_r=0 block_c=-1 t0_us=2285376406792 t1_us=2285376406793 dur_us=1
FIG8_ATTENTION_EVENT mode=scna-fp16 phase=measure iteration=2 component=o_store component_id=8 lut_exp=0 qo_len=16 kv_len=4096 n_heads=12 n_kv_heads=2 head_dim=128 kv_head=1 worker=0 block_r=0 block_c=-1 t0_us=2285376406794 t1_us=2285376406800 dur_us=6
FIG8_ATTENTION_HOST_TIMING mode=scna-fp16 scna_width=16 qo_len=16 kv_len=4096 n_heads=12 n_kv_heads=2 head_dim=128 phase=measure iteration=3 host_elapsed_us=1996 ret=0
FIG8_ATTENTION_PROFILE_COUNT mode=scna-fp16 qo_len=16 phase=measure iteration=3 records=2 max_records=10
FIG8_ATTENTION_TIMERS mode=scna-fp16 phase=measure iteration=3 lut_exp=0 nonlinear_mode=1 scna_width=16 scna_exp=421 qo_len=16 kv_len=4096 n_heads=12 n_kv_heads=2 head_dim=128 kv_head=0 worker=0 profiled_total=826 q_load=3 k_load=148 v_load=143 qk_dot=6 safe_sm=512 core_acc=7 o_scale=1 o_store=6
FIG8_ATTENTION_TIMERS mode=scna-fp16 phase=measure iteration=3 lut_exp=0 nonlinear_mode=1 scna_width=16 scna_exp=421 qo_len=16 kv_len=4096 n_heads=12 n_kv_heads=2 head_dim=128 kv_head=1 worker=0 profiled_total=870 q_load=4 k_load=178 v_load=165 qk_dot=6 safe_sm=505 core_acc=6 o_scale=1 o_store=5
FIG8_ATTENTION_EVENT_COUNT mode=scna-fp16 qo_len=16 phase=measure iteration=3 events=16 max_events=12512 overflow=0
FIG8_ATTENTION_EVENT mode=scna-fp16 phase=measure iteration=3 component=q_load component_id=1 lut_exp=0 qo_len=16 kv_len=4096 n_heads=12 n_kv_heads=2 head_dim=128 kv_head=0 worker=0 block_r=0 block_c=-1 t0_us=2285376407181 t1_us=2285376407185 dur_us=3
FIG8_ATTENTION_EVENT mode=scna-fp16 phase=measure iteration=3 component=k_load component_id=2 lut_exp=0 qo_len=16 kv_len=4096 n_heads=12 n_kv_heads=2 head_dim=128 kv_head=0 worker=0 block_r=0 block_c=0 t0_us=2285376407186 t1_us=2285376407335 dur_us=148
FIG8_ATTENTION_EVENT mode=scna-fp16 phase=measure iteration=3 component=qk_dot component_id=4 lut_exp=0 qo_len=16 kv_len=4096 n_heads=12 n_kv_heads=2 head_dim=128 kv_head=0 worker=0 block_r=0 block_c=0 t0_us=2285376407335 t1_us=2285376407342 dur_us=6
FIG8_ATTENTION_EVENT mode=scna-fp16 phase=measure iteration=3 component=safe_sm component_id=5 lut_exp=0 qo_len=16 kv_len=4096 n_heads=12 n_kv_heads=2 head_dim=128 kv_head=0 worker=0 block_r=0 block_c=0 t0_us=2285376407342 t1_us=2285376407855 dur_us=512
FIG8_ATTENTION_EVENT mode=scna-fp16 phase=measure iteration=3 component=v_load component_id=3 lut_exp=0 qo_len=16 kv_len=4096 n_heads=12 n_kv_heads=2 head_dim=128 kv_head=0 worker=0 block_r=0 block_c=0 t0_us=2285376407857 t1_us=2285376408000 dur_us=143
FIG8_ATTENTION_EVENT mode=scna-fp16 phase=measure iteration=3 component=core_acc component_id=6 lut_exp=0 qo_len=16 kv_len=4096 n_heads=12 n_kv_heads=2 head_dim=128 kv_head=0 worker=0 block_r=0 block_c=0 t0_us=2285376408000 t1_us=2285376408007 dur_us=7
FIG8_ATTENTION_EVENT mode=scna-fp16 phase=measure iteration=3 component=o_scale component_id=7 lut_exp=0 qo_len=16 kv_len=4096 n_heads=12 n_kv_heads=2 head_dim=128 kv_head=0 worker=0 block_r=0 block_c=-1 t0_us=2285376408008 t1_us=2285376408009 dur_us=1
FIG8_ATTENTION_EVENT mode=scna-fp16 phase=measure iteration=3 component=o_store component_id=8 lut_exp=0 qo_len=16 kv_len=4096 n_heads=12 n_kv_heads=2 head_dim=128 kv_head=0 worker=0 block_r=0 block_c=-1 t0_us=2285376408010 t1_us=2285376408016 dur_us=6
FIG8_ATTENTION_EVENT mode=scna-fp16 phase=measure iteration=3 component=q_load component_id=1 lut_exp=0 qo_len=16 kv_len=4096 n_heads=12 n_kv_heads=2 head_dim=128 kv_head=1 worker=0 block_r=0 block_c=-1 t0_us=2285376408065 t1_us=2285376408069 dur_us=4
FIG8_ATTENTION_EVENT mode=scna-fp16 phase=measure iteration=3 component=k_load component_id=2 lut_exp=0 qo_len=16 kv_len=4096 n_heads=12 n_kv_heads=2 head_dim=128 kv_head=1 worker=0 block_r=0 block_c=0 t0_us=2285376408070 t1_us=2285376408249 dur_us=178
FIG8_ATTENTION_EVENT mode=scna-fp16 phase=measure iteration=3 component=qk_dot component_id=4 lut_exp=0 qo_len=16 kv_len=4096 n_heads=12 n_kv_heads=2 head_dim=128 kv_head=1 worker=0 block_r=0 block_c=0 t0_us=2285376408249 t1_us=2285376408255 dur_us=6
FIG8_ATTENTION_EVENT mode=scna-fp16 phase=measure iteration=3 component=safe_sm component_id=5 lut_exp=0 qo_len=16 kv_len=4096 n_heads=12 n_kv_heads=2 head_dim=128 kv_head=1 worker=0 block_r=0 block_c=0 t0_us=2285376408256 t1_us=2285376408762 dur_us=505
FIG8_ATTENTION_EVENT mode=scna-fp16 phase=measure iteration=3 component=v_load component_id=3 lut_exp=0 qo_len=16 kv_len=4096 n_heads=12 n_kv_heads=2 head_dim=128 kv_head=1 worker=0 block_r=0 block_c=0 t0_us=2285376408762 t1_us=2285376408927 dur_us=165
FIG8_ATTENTION_EVENT mode=scna-fp16 phase=measure iteration=3 component=core_acc component_id=6 lut_exp=0 qo_len=16 kv_len=4096 n_heads=12 n_kv_heads=2 head_dim=128 kv_head=1 worker=0 block_r=0 block_c=0 t0_us=2285376408928 t1_us=2285376408935 dur_us=6
FIG8_ATTENTION_EVENT mode=scna-fp16 phase=measure iteration=3 component=o_scale component_id=7 lut_exp=0 qo_len=16 kv_len=4096 n_heads=12 n_kv_heads=2 head_dim=128 kv_head=1 worker=0 block_r=0 block_c=-1 t0_us=2285376408936 t1_us=2285376408937 dur_us=1
FIG8_ATTENTION_EVENT mode=scna-fp16 phase=measure iteration=3 component=o_store component_id=8 lut_exp=0 qo_len=16 kv_len=4096 n_heads=12 n_kv_heads=2 head_dim=128 kv_head=1 worker=0 block_r=0 block_c=-1 t0_us=2285376408937 t1_us=2285376408943 dur_us=5
FIG8_ATTENTION_HOST_TIMING mode=scna-fp16 scna_width=16 qo_len=16 kv_len=4096 n_heads=12 n_kv_heads=2 head_dim=128 phase=measure iteration=4 host_elapsed_us=2051 ret=0
FIG8_ATTENTION_PROFILE_COUNT mode=scna-fp16 qo_len=16 phase=measure iteration=4 records=2 max_records=10
FIG8_ATTENTION_TIMERS mode=scna-fp16 phase=measure iteration=4 lut_exp=0 nonlinear_mode=1 scna_width=16 scna_exp=421 qo_len=16 kv_len=4096 n_heads=12 n_kv_heads=2 head_dim=128 kv_head=0 worker=0 profiled_total=829 q_load=4 k_load=147 v_load=148 qk_dot=6 safe_sm=510 core_acc=7 o_scale=1 o_store=6
FIG8_ATTENTION_TIMERS mode=scna-fp16 phase=measure iteration=4 lut_exp=0 nonlinear_mode=1 scna_width=16 scna_exp=421 qo_len=16 kv_len=4096 n_heads=12 n_kv_heads=2 head_dim=128 kv_head=1 worker=0 profiled_total=875 q_load=4 k_load=182 v_load=161 qk_dot=6 safe_sm=510 core_acc=6 o_scale=1 o_store=5
FIG8_ATTENTION_EVENT_COUNT mode=scna-fp16 qo_len=16 phase=measure iteration=4 events=16 max_events=12512 overflow=0
FIG8_ATTENTION_EVENT mode=scna-fp16 phase=measure iteration=4 component=q_load component_id=1 lut_exp=0 qo_len=16 kv_len=4096 n_heads=12 n_kv_heads=2 head_dim=128 kv_head=0 worker=0 block_r=0 block_c=-1 t0_us=2285376409350 t1_us=2285376409354 dur_us=4
FIG8_ATTENTION_EVENT mode=scna-fp16 phase=measure iteration=4 component=k_load component_id=2 lut_exp=0 qo_len=16 kv_len=4096 n_heads=12 n_kv_heads=2 head_dim=128 kv_head=0 worker=0 block_r=0 block_c=0 t0_us=2285376409356 t1_us=2285376409503 dur_us=147
FIG8_ATTENTION_EVENT mode=scna-fp16 phase=measure iteration=4 component=qk_dot component_id=4 lut_exp=0 qo_len=16 kv_len=4096 n_heads=12 n_kv_heads=2 head_dim=128 kv_head=0 worker=0 block_r=0 block_c=0 t0_us=2285376409504 t1_us=2285376409511 dur_us=6
FIG8_ATTENTION_EVENT mode=scna-fp16 phase=measure iteration=4 component=safe_sm component_id=5 lut_exp=0 qo_len=16 kv_len=4096 n_heads=12 n_kv_heads=2 head_dim=128 kv_head=0 worker=0 block_r=0 block_c=0 t0_us=2285376409511 t1_us=2285376410022 dur_us=510
FIG8_ATTENTION_EVENT mode=scna-fp16 phase=measure iteration=4 component=v_load component_id=3 lut_exp=0 qo_len=16 kv_len=4096 n_heads=12 n_kv_heads=2 head_dim=128 kv_head=0 worker=0 block_r=0 block_c=0 t0_us=2285376410022 t1_us=2285376410171 dur_us=148
FIG8_ATTENTION_EVENT mode=scna-fp16 phase=measure iteration=4 component=core_acc component_id=6 lut_exp=0 qo_len=16 kv_len=4096 n_heads=12 n_kv_heads=2 head_dim=128 kv_head=0 worker=0 block_r=0 block_c=0 t0_us=2285376410172 t1_us=2285376410179 dur_us=7
FIG8_ATTENTION_EVENT mode=scna-fp16 phase=measure iteration=4 component=o_scale component_id=7 lut_exp=0 qo_len=16 kv_len=4096 n_heads=12 n_kv_heads=2 head_dim=128 kv_head=0 worker=0 block_r=0 block_c=-1 t0_us=2285376410179 t1_us=2285376410181 dur_us=1
FIG8_ATTENTION_EVENT mode=scna-fp16 phase=measure iteration=4 component=o_store component_id=8 lut_exp=0 qo_len=16 kv_len=4096 n_heads=12 n_kv_heads=2 head_dim=128 kv_head=0 worker=0 block_r=0 block_c=-1 t0_us=2285376410181 t1_us=2285376410188 dur_us=6
FIG8_ATTENTION_EVENT mode=scna-fp16 phase=measure iteration=4 component=q_load component_id=1 lut_exp=0 qo_len=16 kv_len=4096 n_heads=12 n_kv_heads=2 head_dim=128 kv_head=1 worker=0 block_r=0 block_c=-1 t0_us=2285376410236 t1_us=2285376410240 dur_us=4
FIG8_ATTENTION_EVENT mode=scna-fp16 phase=measure iteration=4 component=k_load component_id=2 lut_exp=0 qo_len=16 kv_len=4096 n_heads=12 n_kv_heads=2 head_dim=128 kv_head=1 worker=0 block_r=0 block_c=0 t0_us=2285376410242 t1_us=2285376410424 dur_us=182
FIG8_ATTENTION_EVENT mode=scna-fp16 phase=measure iteration=4 component=qk_dot component_id=4 lut_exp=0 qo_len=16 kv_len=4096 n_heads=12 n_kv_heads=2 head_dim=128 kv_head=1 worker=0 block_r=0 block_c=0 t0_us=2285376410425 t1_us=2285376410431 dur_us=6
FIG8_ATTENTION_EVENT mode=scna-fp16 phase=measure iteration=4 component=safe_sm component_id=5 lut_exp=0 qo_len=16 kv_len=4096 n_heads=12 n_kv_heads=2 head_dim=128 kv_head=1 worker=0 block_r=0 block_c=0 t0_us=2285376410432 t1_us=2285376410943 dur_us=510
FIG8_ATTENTION_EVENT mode=scna-fp16 phase=measure iteration=4 component=v_load component_id=3 lut_exp=0 qo_len=16 kv_len=4096 n_heads=12 n_kv_heads=2 head_dim=128 kv_head=1 worker=0 block_r=0 block_c=0 t0_us=2285376410943 t1_us=2285376411104 dur_us=161
FIG8_ATTENTION_EVENT mode=scna-fp16 phase=measure iteration=4 component=core_acc component_id=6 lut_exp=0 qo_len=16 kv_len=4096 n_heads=12 n_kv_heads=2 head_dim=128 kv_head=1 worker=0 block_r=0 block_c=0 t0_us=2285376411105 t1_us=2285376411111 dur_us=6
FIG8_ATTENTION_EVENT mode=scna-fp16 phase=measure iteration=4 component=o_scale component_id=7 lut_exp=0 qo_len=16 kv_len=4096 n_heads=12 n_kv_heads=2 head_dim=128 kv_head=1 worker=0 block_r=0 block_c=-1 t0_us=2285376411112 t1_us=2285376411114 dur_us=1
FIG8_ATTENTION_EVENT mode=scna-fp16 phase=measure iteration=4 component=o_store component_id=8 lut_exp=0 qo_len=16 kv_len=4096 n_heads=12 n_kv_heads=2 head_dim=128 kv_head=1 worker=0 block_r=0 block_c=-1 t0_us=2285376411114 t1_us=2285376411120 dur_us=5
FIG8_ATTENTION_HOST_TIMING mode=scna-fp16 scna_width=16 qo_len=16 kv_len=4096 n_heads=12 n_kv_heads=2 head_dim=128 phase=measure iteration=5 host_elapsed_us=2044 ret=0
FIG8_ATTENTION_PROFILE_COUNT mode=scna-fp16 qo_len=16 phase=measure iteration=5 records=2 max_records=10
FIG8_ATTENTION_TIMERS mode=scna-fp16 phase=measure iteration=5 lut_exp=0 nonlinear_mode=1 scna_width=16 scna_exp=421 qo_len=16 kv_len=4096 n_heads=12 n_kv_heads=2 head_dim=128 kv_head=0 worker=0 profiled_total=848 q_load=4 k_load=149 v_load=164 qk_dot=6 safe_sm=511 core_acc=6 o_scale=1 o_store=7
FIG8_ATTENTION_TIMERS mode=scna-fp16 phase=measure iteration=5 lut_exp=0 nonlinear_mode=1 scna_width=16 scna_exp=421 qo_len=16 kv_len=4096 n_heads=12 n_kv_heads=2 head_dim=128 kv_head=1 worker=0 profiled_total=880 q_load=4 k_load=184 v_load=164 qk_dot=6 safe_sm=510 core_acc=6 o_scale=1 o_store=5
FIG8_ATTENTION_EVENT_COUNT mode=scna-fp16 qo_len=16 phase=measure iteration=5 events=16 max_events=12512 overflow=0
FIG8_ATTENTION_EVENT mode=scna-fp16 phase=measure iteration=5 component=q_load component_id=1 lut_exp=0 qo_len=16 kv_len=4096 n_heads=12 n_kv_heads=2 head_dim=128 kv_head=0 worker=0 block_r=0 block_c=-1 t0_us=2285376411544 t1_us=2285376411548 dur_us=4
FIG8_ATTENTION_EVENT mode=scna-fp16 phase=measure iteration=5 component=k_load component_id=2 lut_exp=0 qo_len=16 kv_len=4096 n_heads=12 n_kv_heads=2 head_dim=128 kv_head=0 worker=0 block_r=0 block_c=0 t0_us=2285376411550 t1_us=2285376411699 dur_us=149
FIG8_ATTENTION_EVENT mode=scna-fp16 phase=measure iteration=5 component=qk_dot component_id=4 lut_exp=0 qo_len=16 kv_len=4096 n_heads=12 n_kv_heads=2 head_dim=128 kv_head=0 worker=0 block_r=0 block_c=0 t0_us=2285376411699 t1_us=2285376411706 dur_us=6
FIG8_ATTENTION_EVENT mode=scna-fp16 phase=measure iteration=5 component=safe_sm component_id=5 lut_exp=0 qo_len=16 kv_len=4096 n_heads=12 n_kv_heads=2 head_dim=128 kv_head=0 worker=0 block_r=0 block_c=0 t0_us=2285376411706 t1_us=2285376412218 dur_us=511
FIG8_ATTENTION_EVENT mode=scna-fp16 phase=measure iteration=5 component=v_load component_id=3 lut_exp=0 qo_len=16 kv_len=4096 n_heads=12 n_kv_heads=2 head_dim=128 kv_head=0 worker=0 block_r=0 block_c=0 t0_us=2285376412219 t1_us=2285376412383 dur_us=164
FIG8_ATTENTION_EVENT mode=scna-fp16 phase=measure iteration=5 component=core_acc component_id=6 lut_exp=0 qo_len=16 kv_len=4096 n_heads=12 n_kv_heads=2 head_dim=128 kv_head=0 worker=0 block_r=0 block_c=0 t0_us=2285376412383 t1_us=2285376412390 dur_us=6
FIG8_ATTENTION_EVENT mode=scna-fp16 phase=measure iteration=5 component=o_scale component_id=7 lut_exp=0 qo_len=16 kv_len=4096 n_heads=12 n_kv_heads=2 head_dim=128 kv_head=0 worker=0 block_r=0 block_c=-1 t0_us=2285376412390 t1_us=2285376412391 dur_us=1
FIG8_ATTENTION_EVENT mode=scna-fp16 phase=measure iteration=5 component=o_store component_id=8 lut_exp=0 qo_len=16 kv_len=4096 n_heads=12 n_kv_heads=2 head_dim=128 kv_head=0 worker=0 block_r=0 block_c=-1 t0_us=2285376412392 t1_us=2285376412399 dur_us=7
FIG8_ATTENTION_EVENT mode=scna-fp16 phase=measure iteration=5 component=q_load component_id=1 lut_exp=0 qo_len=16 kv_len=4096 n_heads=12 n_kv_heads=2 head_dim=128 kv_head=1 worker=0 block_r=0 block_c=-1 t0_us=2285376412444 t1_us=2285376412449 dur_us=4
FIG8_ATTENTION_EVENT mode=scna-fp16 phase=measure iteration=5 component=k_load component_id=2 lut_exp=0 qo_len=16 kv_len=4096 n_heads=12 n_kv_heads=2 head_dim=128 kv_head=1 worker=0 block_r=0 block_c=0 t0_us=2285376412451 t1_us=2285376412635 dur_us=184
FIG8_ATTENTION_EVENT mode=scna-fp16 phase=measure iteration=5 component=qk_dot component_id=4 lut_exp=0 qo_len=16 kv_len=4096 n_heads=12 n_kv_heads=2 head_dim=128 kv_head=1 worker=0 block_r=0 block_c=0 t0_us=2285376412636 t1_us=2285376412643 dur_us=6
FIG8_ATTENTION_EVENT mode=scna-fp16 phase=measure iteration=5 component=safe_sm component_id=5 lut_exp=0 qo_len=16 kv_len=4096 n_heads=12 n_kv_heads=2 head_dim=128 kv_head=1 worker=0 block_r=0 block_c=0 t0_us=2285376412643 t1_us=2285376413153 dur_us=510
FIG8_ATTENTION_EVENT mode=scna-fp16 phase=measure iteration=5 component=v_load component_id=3 lut_exp=0 qo_len=16 kv_len=4096 n_heads=12 n_kv_heads=2 head_dim=128 kv_head=1 worker=0 block_r=0 block_c=0 t0_us=2285376413154 t1_us=2285376413318 dur_us=164
FIG8_ATTENTION_EVENT mode=scna-fp16 phase=measure iteration=5 component=core_acc component_id=6 lut_exp=0 qo_len=16 kv_len=4096 n_heads=12 n_kv_heads=2 head_dim=128 kv_head=1 worker=0 block_r=0 block_c=0 t0_us=2285376413319 t1_us=2285376413325 dur_us=6
FIG8_ATTENTION_EVENT mode=scna-fp16 phase=measure iteration=5 component=o_scale component_id=7 lut_exp=0 qo_len=16 kv_len=4096 n_heads=12 n_kv_heads=2 head_dim=128 kv_head=1 worker=0 block_r=0 block_c=-1 t0_us=2285376413326 t1_us=2285376413327 dur_us=1
FIG8_ATTENTION_EVENT mode=scna-fp16 phase=measure iteration=5 component=o_store component_id=8 lut_exp=0 qo_len=16 kv_len=4096 n_heads=12 n_kv_heads=2 head_dim=128 kv_head=1 worker=0 block_r=0 block_c=-1 t0_us=2285376413328 t1_us=2285376413334 dur_us=5
FIG8_ATTENTION_HOST_TIMING mode=scna-fp16 scna_width=16 qo_len=16 kv_len=4096 n_heads=12 n_kv_heads=2 head_dim=128 phase=measure iteration=6 host_elapsed_us=2030 ret=0
FIG8_ATTENTION_PROFILE_COUNT mode=scna-fp16 qo_len=16 phase=measure iteration=6 records=2 max_records=10
FIG8_ATTENTION_TIMERS mode=scna-fp16 phase=measure iteration=6 lut_exp=0 nonlinear_mode=1 scna_width=16 scna_exp=421 qo_len=16 kv_len=4096 n_heads=12 n_kv_heads=2 head_dim=128 kv_head=0 worker=0 profiled_total=847 q_load=4 k_load=150 v_load=162 qk_dot=6 safe_sm=512 core_acc=6 o_scale=1 o_store=6
FIG8_ATTENTION_TIMERS mode=scna-fp16 phase=measure iteration=6 lut_exp=0 nonlinear_mode=1 scna_width=16 scna_exp=421 qo_len=16 kv_len=4096 n_heads=12 n_kv_heads=2 head_dim=128 kv_head=1 worker=0 profiled_total=878 q_load=4 k_load=183 v_load=165 qk_dot=6 safe_sm=508 core_acc=6 o_scale=1 o_store=5
FIG8_ATTENTION_EVENT_COUNT mode=scna-fp16 qo_len=16 phase=measure iteration=6 events=16 max_events=12512 overflow=0
FIG8_ATTENTION_EVENT mode=scna-fp16 phase=measure iteration=6 component=q_load component_id=1 lut_exp=0 qo_len=16 kv_len=4096 n_heads=12 n_kv_heads=2 head_dim=128 kv_head=0 worker=0 block_r=0 block_c=-1 t0_us=2285376413721 t1_us=2285376413725 dur_us=4
FIG8_ATTENTION_EVENT mode=scna-fp16 phase=measure iteration=6 component=k_load component_id=2 lut_exp=0 qo_len=16 kv_len=4096 n_heads=12 n_kv_heads=2 head_dim=128 kv_head=0 worker=0 block_r=0 block_c=0 t0_us=2285376413727 t1_us=2285376413878 dur_us=150
FIG8_ATTENTION_EVENT mode=scna-fp16 phase=measure iteration=6 component=qk_dot component_id=4 lut_exp=0 qo_len=16 kv_len=4096 n_heads=12 n_kv_heads=2 head_dim=128 kv_head=0 worker=0 block_r=0 block_c=0 t0_us=2285376413878 t1_us=2285376413884 dur_us=6
FIG8_ATTENTION_EVENT mode=scna-fp16 phase=measure iteration=6 component=safe_sm component_id=5 lut_exp=0 qo_len=16 kv_len=4096 n_heads=12 n_kv_heads=2 head_dim=128 kv_head=0 worker=0 block_r=0 block_c=0 t0_us=2285376413885 t1_us=2285376414397 dur_us=512
FIG8_ATTENTION_EVENT mode=scna-fp16 phase=measure iteration=6 component=v_load component_id=3 lut_exp=0 qo_len=16 kv_len=4096 n_heads=12 n_kv_heads=2 head_dim=128 kv_head=0 worker=0 block_r=0 block_c=0 t0_us=2285376414399 t1_us=2285376414561 dur_us=162
FIG8_ATTENTION_EVENT mode=scna-fp16 phase=measure iteration=6 component=core_acc component_id=6 lut_exp=0 qo_len=16 kv_len=4096 n_heads=12 n_kv_heads=2 head_dim=128 kv_head=0 worker=0 block_r=0 block_c=0 t0_us=2285376414562 t1_us=2285376414569 dur_us=6
FIG8_ATTENTION_EVENT mode=scna-fp16 phase=measure iteration=6 component=o_scale component_id=7 lut_exp=0 qo_len=16 kv_len=4096 n_heads=12 n_kv_heads=2 head_dim=128 kv_head=0 worker=0 block_r=0 block_c=-1 t0_us=2285376414569 t1_us=2285376414570 dur_us=1
FIG8_ATTENTION_EVENT mode=scna-fp16 phase=measure iteration=6 component=o_store component_id=8 lut_exp=0 qo_len=16 kv_len=4096 n_heads=12 n_kv_heads=2 head_dim=128 kv_head=0 worker=0 block_r=0 block_c=-1 t0_us=2285376414571 t1_us=2285376414578 dur_us=6
FIG8_ATTENTION_EVENT mode=scna-fp16 phase=measure iteration=6 component=q_load component_id=1 lut_exp=0 qo_len=16 kv_len=4096 n_heads=12 n_kv_heads=2 head_dim=128 kv_head=1 worker=0 block_r=0 block_c=-1 t0_us=2285376414625 t1_us=2285376414629 dur_us=4
FIG8_ATTENTION_EVENT mode=scna-fp16 phase=measure iteration=6 component=k_load component_id=2 lut_exp=0 qo_len=16 kv_len=4096 n_heads=12 n_kv_heads=2 head_dim=128 kv_head=1 worker=0 block_r=0 block_c=0 t0_us=2285376414630 t1_us=2285376414814 dur_us=183
FIG8_ATTENTION_EVENT mode=scna-fp16 phase=measure iteration=6 component=qk_dot component_id=4 lut_exp=0 qo_len=16 kv_len=4096 n_heads=12 n_kv_heads=2 head_dim=128 kv_head=1 worker=0 block_r=0 block_c=0 t0_us=2285376414814 t1_us=2285376414820 dur_us=6
FIG8_ATTENTION_EVENT mode=scna-fp16 phase=measure iteration=6 component=safe_sm component_id=5 lut_exp=0 qo_len=16 kv_len=4096 n_heads=12 n_kv_heads=2 head_dim=128 kv_head=1 worker=0 block_r=0 block_c=0 t0_us=2285376414821 t1_us=2285376415330 dur_us=508
FIG8_ATTENTION_EVENT mode=scna-fp16 phase=measure iteration=6 component=v_load component_id=3 lut_exp=0 qo_len=16 kv_len=4096 n_heads=12 n_kv_heads=2 head_dim=128 kv_head=1 worker=0 block_r=0 block_c=0 t0_us=2285376415330 t1_us=2285376415496 dur_us=165
FIG8_ATTENTION_EVENT mode=scna-fp16 phase=measure iteration=6 component=core_acc component_id=6 lut_exp=0 qo_len=16 kv_len=4096 n_heads=12 n_kv_heads=2 head_dim=128 kv_head=1 worker=0 block_r=0 block_c=0 t0_us=2285376415497 t1_us=2285376415503 dur_us=6
FIG8_ATTENTION_EVENT mode=scna-fp16 phase=measure iteration=6 component=o_scale component_id=7 lut_exp=0 qo_len=16 kv_len=4096 n_heads=12 n_kv_heads=2 head_dim=128 kv_head=1 worker=0 block_r=0 block_c=-1 t0_us=2285376415504 t1_us=2285376415505 dur_us=1
FIG8_ATTENTION_EVENT mode=scna-fp16 phase=measure iteration=6 component=o_store component_id=8 lut_exp=0 qo_len=16 kv_len=4096 n_heads=12 n_kv_heads=2 head_dim=128 kv_head=1 worker=0 block_r=0 block_c=-1 t0_us=2285376415505 t1_us=2285376415511 dur_us=5
FIG8_ATTENTION_HOST_TIMING mode=scna-fp16 scna_width=16 qo_len=16 kv_len=4096 n_heads=12 n_kv_heads=2 head_dim=128 phase=measure iteration=7 host_elapsed_us=2035 ret=0
FIG8_ATTENTION_PROFILE_COUNT mode=scna-fp16 qo_len=16 phase=measure iteration=7 records=2 max_records=10
FIG8_ATTENTION_TIMERS mode=scna-fp16 phase=measure iteration=7 lut_exp=0 nonlinear_mode=1 scna_width=16 scna_exp=422 qo_len=16 kv_len=4096 n_heads=12 n_kv_heads=2 head_dim=128 kv_head=0 worker=0 profiled_total=838 q_load=4 k_load=150 v_load=149 qk_dot=6 safe_sm=515 core_acc=7 o_scale=1 o_store=6
FIG8_ATTENTION_TIMERS mode=scna-fp16 phase=measure iteration=7 lut_exp=0 nonlinear_mode=1 scna_width=16 scna_exp=422 qo_len=16 kv_len=4096 n_heads=12 n_kv_heads=2 head_dim=128 kv_head=1 worker=0 profiled_total=874 q_load=4 k_load=180 v_load=162 qk_dot=6 safe_sm=509 core_acc=6 o_scale=1 o_store=6
FIG8_ATTENTION_EVENT_COUNT mode=scna-fp16 qo_len=16 phase=measure iteration=7 events=16 max_events=12512 overflow=0
FIG8_ATTENTION_EVENT mode=scna-fp16 phase=measure iteration=7 component=q_load component_id=1 lut_exp=0 qo_len=16 kv_len=4096 n_heads=12 n_kv_heads=2 head_dim=128 kv_head=0 worker=0 block_r=0 block_c=-1 t0_us=2285376415882 t1_us=2285376415887 dur_us=4
FIG8_ATTENTION_EVENT mode=scna-fp16 phase=measure iteration=7 component=k_load component_id=2 lut_exp=0 qo_len=16 kv_len=4096 n_heads=12 n_kv_heads=2 head_dim=128 kv_head=0 worker=0 block_r=0 block_c=0 t0_us=2285376415889 t1_us=2285376416039 dur_us=150
FIG8_ATTENTION_EVENT mode=scna-fp16 phase=measure iteration=7 component=qk_dot component_id=4 lut_exp=0 qo_len=16 kv_len=4096 n_heads=12 n_kv_heads=2 head_dim=128 kv_head=0 worker=0 block_r=0 block_c=0 t0_us=2285376416040 t1_us=2285376416046 dur_us=6
FIG8_ATTENTION_EVENT mode=scna-fp16 phase=measure iteration=7 component=safe_sm component_id=5 lut_exp=0 qo_len=16 kv_len=4096 n_heads=12 n_kv_heads=2 head_dim=128 kv_head=0 worker=0 block_r=0 block_c=0 t0_us=2285376416046 t1_us=2285376416562 dur_us=515
FIG8_ATTENTION_EVENT mode=scna-fp16 phase=measure iteration=7 component=v_load component_id=3 lut_exp=0 qo_len=16 kv_len=4096 n_heads=12 n_kv_heads=2 head_dim=128 kv_head=0 worker=0 block_r=0 block_c=0 t0_us=2285376416563 t1_us=2285376416713 dur_us=149
FIG8_ATTENTION_EVENT mode=scna-fp16 phase=measure iteration=7 component=core_acc component_id=6 lut_exp=0 qo_len=16 kv_len=4096 n_heads=12 n_kv_heads=2 head_dim=128 kv_head=0 worker=0 block_r=0 block_c=0 t0_us=2285376416714 t1_us=2285376416721 dur_us=7
FIG8_ATTENTION_EVENT mode=scna-fp16 phase=measure iteration=7 component=o_scale component_id=7 lut_exp=0 qo_len=16 kv_len=4096 n_heads=12 n_kv_heads=2 head_dim=128 kv_head=0 worker=0 block_r=0 block_c=-1 t0_us=2285376416722 t1_us=2285376416723 dur_us=1
FIG8_ATTENTION_EVENT mode=scna-fp16 phase=measure iteration=7 component=o_store component_id=8 lut_exp=0 qo_len=16 kv_len=4096 n_heads=12 n_kv_heads=2 head_dim=128 kv_head=0 worker=0 block_r=0 block_c=-1 t0_us=2285376416723 t1_us=2285376416730 dur_us=6
FIG8_ATTENTION_EVENT mode=scna-fp16 phase=measure iteration=7 component=q_load component_id=1 lut_exp=0 qo_len=16 kv_len=4096 n_heads=12 n_kv_heads=2 head_dim=128 kv_head=1 worker=0 block_r=0 block_c=-1 t0_us=2285376416776 t1_us=2285376416781 dur_us=4
FIG8_ATTENTION_EVENT mode=scna-fp16 phase=measure iteration=7 component=k_load component_id=2 lut_exp=0 qo_len=16 kv_len=4096 n_heads=12 n_kv_heads=2 head_dim=128 kv_head=1 worker=0 block_r=0 block_c=0 t0_us=2285376416782 t1_us=2285376416963 dur_us=180
FIG8_ATTENTION_EVENT mode=scna-fp16 phase=measure iteration=7 component=qk_dot component_id=4 lut_exp=0 qo_len=16 kv_len=4096 n_heads=12 n_kv_heads=2 head_dim=128 kv_head=1 worker=0 block_r=0 block_c=0 t0_us=2285376416963 t1_us=2285376416970 dur_us=6
FIG8_ATTENTION_EVENT mode=scna-fp16 phase=measure iteration=7 component=safe_sm component_id=5 lut_exp=0 qo_len=16 kv_len=4096 n_heads=12 n_kv_heads=2 head_dim=128 kv_head=1 worker=0 block_r=0 block_c=0 t0_us=2285376416970 t1_us=2285376417480 dur_us=509
FIG8_ATTENTION_EVENT mode=scna-fp16 phase=measure iteration=7 component=v_load component_id=3 lut_exp=0 qo_len=16 kv_len=4096 n_heads=12 n_kv_heads=2 head_dim=128 kv_head=1 worker=0 block_r=0 block_c=0 t0_us=2285376417480 t1_us=2285376417642 dur_us=162
FIG8_ATTENTION_EVENT mode=scna-fp16 phase=measure iteration=7 component=core_acc component_id=6 lut_exp=0 qo_len=16 kv_len=4096 n_heads=12 n_kv_heads=2 head_dim=128 kv_head=1 worker=0 block_r=0 block_c=0 t0_us=2285376417643 t1_us=2285376417650 dur_us=6
FIG8_ATTENTION_EVENT mode=scna-fp16 phase=measure iteration=7 component=o_scale component_id=7 lut_exp=0 qo_len=16 kv_len=4096 n_heads=12 n_kv_heads=2 head_dim=128 kv_head=1 worker=0 block_r=0 block_c=-1 t0_us=2285376417651 t1_us=2285376417652 dur_us=1
FIG8_ATTENTION_EVENT mode=scna-fp16 phase=measure iteration=7 component=o_store component_id=8 lut_exp=0 qo_len=16 kv_len=4096 n_heads=12 n_kv_heads=2 head_dim=128 kv_head=1 worker=0 block_r=0 block_c=-1 t0_us=2285376417652 t1_us=2285376417658 dur_us=6
FIG8_ATTENTION_HOST_TIMING mode=scna-fp16 scna_width=16 qo_len=16 kv_len=4096 n_heads=12 n_kv_heads=2 head_dim=128 phase=measure iteration=8 host_elapsed_us=2038 ret=0
FIG8_ATTENTION_PROFILE_COUNT mode=scna-fp16 qo_len=16 phase=measure iteration=8 records=2 max_records=10
FIG8_ATTENTION_TIMERS mode=scna-fp16 phase=measure iteration=8 lut_exp=0 nonlinear_mode=1 scna_width=16 scna_exp=421 qo_len=16 kv_len=4096 n_heads=12 n_kv_heads=2 head_dim=128 kv_head=0 worker=0 profiled_total=864 q_load=4 k_load=175 v_load=158 qk_dot=6 safe_sm=508 core_acc=6 o_scale=1 o_store=6
FIG8_ATTENTION_TIMERS mode=scna-fp16 phase=measure iteration=8 lut_exp=0 nonlinear_mode=1 scna_width=16 scna_exp=422 qo_len=16 kv_len=4096 n_heads=12 n_kv_heads=2 head_dim=128 kv_head=1 worker=0 profiled_total=876 q_load=4 k_load=178 v_load=165 qk_dot=6 safe_sm=511 core_acc=6 o_scale=1 o_store=5
FIG8_ATTENTION_EVENT_COUNT mode=scna-fp16 qo_len=16 phase=measure iteration=8 events=16 max_events=12512 overflow=0
FIG8_ATTENTION_EVENT mode=scna-fp16 phase=measure iteration=8 component=q_load component_id=1 lut_exp=0 qo_len=16 kv_len=4096 n_heads=12 n_kv_heads=2 head_dim=128 kv_head=0 worker=0 block_r=0 block_c=-1 t0_us=2285376418215 t1_us=2285376418219 dur_us=4
FIG8_ATTENTION_EVENT mode=scna-fp16 phase=measure iteration=8 component=k_load component_id=2 lut_exp=0 qo_len=16 kv_len=4096 n_heads=12 n_kv_heads=2 head_dim=128 kv_head=0 worker=0 block_r=0 block_c=0 t0_us=2285376418221 t1_us=2285376418397 dur_us=175
FIG8_ATTENTION_EVENT mode=scna-fp16 phase=measure iteration=8 component=qk_dot component_id=4 lut_exp=0 qo_len=16 kv_len=4096 n_heads=12 n_kv_heads=2 head_dim=128 kv_head=0 worker=0 block_r=0 block_c=0 t0_us=2285376418397 t1_us=2285376418403 dur_us=6
FIG8_ATTENTION_EVENT mode=scna-fp16 phase=measure iteration=8 component=safe_sm component_id=5 lut_exp=0 qo_len=16 kv_len=4096 n_heads=12 n_kv_heads=2 head_dim=128 kv_head=0 worker=0 block_r=0 block_c=0 t0_us=2285376418403 t1_us=2285376418912 dur_us=508
FIG8_ATTENTION_EVENT mode=scna-fp16 phase=measure iteration=8 component=v_load component_id=3 lut_exp=0 qo_len=16 kv_len=4096 n_heads=12 n_kv_heads=2 head_dim=128 kv_head=0 worker=0 block_r=0 block_c=0 t0_us=2285376418913 t1_us=2285376419072 dur_us=158
FIG8_ATTENTION_EVENT mode=scna-fp16 phase=measure iteration=8 component=core_acc component_id=6 lut_exp=0 qo_len=16 kv_len=4096 n_heads=12 n_kv_heads=2 head_dim=128 kv_head=0 worker=0 block_r=0 block_c=0 t0_us=2285376419072 t1_us=2285376419079 dur_us=6
FIG8_ATTENTION_EVENT mode=scna-fp16 phase=measure iteration=8 component=o_scale component_id=7 lut_exp=0 qo_len=16 kv_len=4096 n_heads=12 n_kv_heads=2 head_dim=128 kv_head=0 worker=0 block_r=0 block_c=-1 t0_us=2285376419079 t1_us=2285376419080 dur_us=1
FIG8_ATTENTION_EVENT mode=scna-fp16 phase=measure iteration=8 component=o_store component_id=8 lut_exp=0 qo_len=16 kv_len=4096 n_heads=12 n_kv_heads=2 head_dim=128 kv_head=0 worker=0 block_r=0 block_c=-1 t0_us=2285376419081 t1_us=2285376419087 dur_us=6
FIG8_ATTENTION_EVENT mode=scna-fp16 phase=measure iteration=8 component=q_load component_id=1 lut_exp=0 qo_len=16 kv_len=4096 n_heads=12 n_kv_heads=2 head_dim=128 kv_head=1 worker=0 block_r=0 block_c=-1 t0_us=2285376419132 t1_us=2285376419137 dur_us=4
FIG8_ATTENTION_EVENT mode=scna-fp16 phase=measure iteration=8 component=k_load component_id=2 lut_exp=0 qo_len=16 kv_len=4096 n_heads=12 n_kv_heads=2 head_dim=128 kv_head=1 worker=0 block_r=0 block_c=0 t0_us=2285376419138 t1_us=2285376419317 dur_us=178
FIG8_ATTENTION_EVENT mode=scna-fp16 phase=measure iteration=8 component=qk_dot component_id=4 lut_exp=0 qo_len=16 kv_len=4096 n_heads=12 n_kv_heads=2 head_dim=128 kv_head=1 worker=0 block_r=0 block_c=0 t0_us=2285376419317 t1_us=2285376419324 dur_us=6
FIG8_ATTENTION_EVENT mode=scna-fp16 phase=measure iteration=8 component=safe_sm component_id=5 lut_exp=0 qo_len=16 kv_len=4096 n_heads=12 n_kv_heads=2 head_dim=128 kv_head=1 worker=0 block_r=0 block_c=0 t0_us=2285376419324 t1_us=2285376419836 dur_us=511
FIG8_ATTENTION_EVENT mode=scna-fp16 phase=measure iteration=8 component=v_load component_id=3 lut_exp=0 qo_len=16 kv_len=4096 n_heads=12 n_kv_heads=2 head_dim=128 kv_head=1 worker=0 block_r=0 block_c=0 t0_us=2285376419836 t1_us=2285376420001 dur_us=165
FIG8_ATTENTION_EVENT mode=scna-fp16 phase=measure iteration=8 component=core_acc component_id=6 lut_exp=0 qo_len=16 kv_len=4096 n_heads=12 n_kv_heads=2 head_dim=128 kv_head=1 worker=0 block_r=0 block_c=0 t0_us=2285376420002 t1_us=2285376420008 dur_us=6
FIG8_ATTENTION_EVENT mode=scna-fp16 phase=measure iteration=8 component=o_scale component_id=7 lut_exp=0 qo_len=16 kv_len=4096 n_heads=12 n_kv_heads=2 head_dim=128 kv_head=1 worker=0 block_r=0 block_c=-1 t0_us=2285376420009 t1_us=2285376420011 dur_us=1
FIG8_ATTENTION_EVENT mode=scna-fp16 phase=measure iteration=8 component=o_store component_id=8 lut_exp=0 qo_len=16 kv_len=4096 n_heads=12 n_kv_heads=2 head_dim=128 kv_head=1 worker=0 block_r=0 block_c=-1 t0_us=2285376420011 t1_us=2285376420017 dur_us=5
FIG8_ATTENTION_HOST_TIMING mode=scna-fp16 scna_width=16 qo_len=16 kv_len=4096 n_heads=12 n_kv_heads=2 head_dim=128 phase=measure iteration=9 host_elapsed_us=2046 ret=0
FIG8_ATTENTION_PROFILE_COUNT mode=scna-fp16 qo_len=16 phase=measure iteration=9 records=2 max_records=10
FIG8_ATTENTION_TIMERS mode=scna-fp16 phase=measure iteration=9 lut_exp=0 nonlinear_mode=1 scna_width=16 scna_exp=422 qo_len=16 kv_len=4096 n_heads=12 n_kv_heads=2 head_dim=128 kv_head=0 worker=0 profiled_total=842 q_load=4 k_load=166 v_load=145 qk_dot=6 safe_sm=508 core_acc=6 o_scale=1 o_store=6
FIG8_ATTENTION_TIMERS mode=scna-fp16 phase=measure iteration=9 lut_exp=0 nonlinear_mode=1 scna_width=16 scna_exp=421 qo_len=16 kv_len=4096 n_heads=12 n_kv_heads=2 head_dim=128 kv_head=1 worker=0 profiled_total=831 q_load=4 k_load=167 v_load=142 qk_dot=6 safe_sm=501 core_acc=5 o_scale=1 o_store=5
FIG8_ATTENTION_EVENT_COUNT mode=scna-fp16 qo_len=16 phase=measure iteration=9 events=16 max_events=12512 overflow=0
FIG8_ATTENTION_EVENT mode=scna-fp16 phase=measure iteration=9 component=q_load component_id=1 lut_exp=0 qo_len=16 kv_len=4096 n_heads=12 n_kv_heads=2 head_dim=128 kv_head=0 worker=0 block_r=0 block_c=-1 t0_us=2285376420568 t1_us=2285376420572 dur_us=4
FIG8_ATTENTION_EVENT mode=scna-fp16 phase=measure iteration=9 component=k_load component_id=2 lut_exp=0 qo_len=16 kv_len=4096 n_heads=12 n_kv_heads=2 head_dim=128 kv_head=0 worker=0 block_r=0 block_c=0 t0_us=2285376420574 t1_us=2285376420740 dur_us=166
FIG8_ATTENTION_EVENT mode=scna-fp16 phase=measure iteration=9 component=qk_dot component_id=4 lut_exp=0 qo_len=16 kv_len=4096 n_heads=12 n_kv_heads=2 head_dim=128 kv_head=0 worker=0 block_r=0 block_c=0 t0_us=2285376420740 t1_us=2285376420747 dur_us=6
FIG8_ATTENTION_EVENT mode=scna-fp16 phase=measure iteration=9 component=safe_sm component_id=5 lut_exp=0 qo_len=16 kv_len=4096 n_heads=12 n_kv_heads=2 head_dim=128 kv_head=0 worker=0 block_r=0 block_c=0 t0_us=2285376420747 t1_us=2285376421256 dur_us=508
FIG8_ATTENTION_EVENT mode=scna-fp16 phase=measure iteration=9 component=v_load component_id=3 lut_exp=0 qo_len=16 kv_len=4096 n_heads=12 n_kv_heads=2 head_dim=128 kv_head=0 worker=0 block_r=0 block_c=0 t0_us=2285376421256 t1_us=2285376421402 dur_us=145
FIG8_ATTENTION_EVENT mode=scna-fp16 phase=measure iteration=9 component=core_acc component_id=6 lut_exp=0 qo_len=16 kv_len=4096 n_heads=12 n_kv_heads=2 head_dim=128 kv_head=0 worker=0 block_r=0 block_c=0 t0_us=2285376421402 t1_us=2285376421409 dur_us=6
FIG8_ATTENTION_EVENT mode=scna-fp16 phase=measure iteration=9 component=o_scale component_id=7 lut_exp=0 qo_len=16 kv_len=4096 n_heads=12 n_kv_heads=2 head_dim=128 kv_head=0 worker=0 block_r=0 block_c=-1 t0_us=2285376421409 t1_us=2285376421410 dur_us=1
FIG8_ATTENTION_EVENT mode=scna-fp16 phase=measure iteration=9 component=o_store component_id=8 lut_exp=0 qo_len=16 kv_len=4096 n_heads=12 n_kv_heads=2 head_dim=128 kv_head=0 worker=0 block_r=0 block_c=-1 t0_us=2285376421411 t1_us=2285376421418 dur_us=6
FIG8_ATTENTION_EVENT mode=scna-fp16 phase=measure iteration=9 component=q_load component_id=1 lut_exp=0 qo_len=16 kv_len=4096 n_heads=12 n_kv_heads=2 head_dim=128 kv_head=1 worker=0 block_r=0 block_c=-1 t0_us=2285376421462 t1_us=2285376421466 dur_us=4
FIG8_ATTENTION_EVENT mode=scna-fp16 phase=measure iteration=9 component=k_load component_id=2 lut_exp=0 qo_len=16 kv_len=4096 n_heads=12 n_kv_heads=2 head_dim=128 kv_head=1 worker=0 block_r=0 block_c=0 t0_us=2285376421467 t1_us=2285376421635 dur_us=167
FIG8_ATTENTION_EVENT mode=scna-fp16 phase=measure iteration=9 component=qk_dot component_id=4 lut_exp=0 qo_len=16 kv_len=4096 n_heads=12 n_kv_heads=2 head_dim=128 kv_head=1 worker=0 block_r=0 block_c=0 t0_us=2285376421635 t1_us=2285376421641 dur_us=6
FIG8_ATTENTION_EVENT mode=scna-fp16 phase=measure iteration=9 component=safe_sm component_id=5 lut_exp=0 qo_len=16 kv_len=4096 n_heads=12 n_kv_heads=2 head_dim=128 kv_head=1 worker=0 block_r=0 block_c=0 t0_us=2285376421642 t1_us=2285376422144 dur_us=501
FIG8_ATTENTION_EVENT mode=scna-fp16 phase=measure iteration=9 component=v_load component_id=3 lut_exp=0 qo_len=16 kv_len=4096 n_heads=12 n_kv_heads=2 head_dim=128 kv_head=1 worker=0 block_r=0 block_c=0 t0_us=2285376422144 t1_us=2285376422286 dur_us=142
FIG8_ATTENTION_EVENT mode=scna-fp16 phase=measure iteration=9 component=core_acc component_id=6 lut_exp=0 qo_len=16 kv_len=4096 n_heads=12 n_kv_heads=2 head_dim=128 kv_head=1 worker=0 block_r=0 block_c=0 t0_us=2285376422287 t1_us=2285376422292 dur_us=5
FIG8_ATTENTION_EVENT mode=scna-fp16 phase=measure iteration=9 component=o_scale component_id=7 lut_exp=0 qo_len=16 kv_len=4096 n_heads=12 n_kv_heads=2 head_dim=128 kv_head=1 worker=0 block_r=0 block_c=-1 t0_us=2285376422293 t1_us=2285376422295 dur_us=1
FIG8_ATTENTION_EVENT mode=scna-fp16 phase=measure iteration=9 component=o_store component_id=8 lut_exp=0 qo_len=16 kv_len=4096 n_heads=12 n_kv_heads=2 head_dim=128 kv_head=1 worker=0 block_r=0 block_c=-1 t0_us=2285376422295 t1_us=2285376422301 dur_us=5
FIG8_ATTENTION_HOST_TIMING mode=scna-fp16 scna_width=16 qo_len=16 kv_len=4096 n_heads=12 n_kv_heads=2 head_dim=128 phase=measure iteration=10 host_elapsed_us=2029 ret=0
FIG8_ATTENTION_PROFILE_COUNT mode=scna-fp16 qo_len=16 phase=measure iteration=10 records=2 max_records=10
FIG8_ATTENTION_TIMERS mode=scna-fp16 phase=measure iteration=10 lut_exp=0 nonlinear_mode=1 scna_width=16 scna_exp=421 qo_len=16 kv_len=4096 n_heads=12 n_kv_heads=2 head_dim=128 kv_head=0 worker=0 profiled_total=846 q_load=3 k_load=157 v_load=156 qk_dot=6 safe_sm=511 core_acc=6 o_scale=1 o_store=6
FIG8_ATTENTION_TIMERS mode=scna-fp16 phase=measure iteration=10 lut_exp=0 nonlinear_mode=1 scna_width=16 scna_exp=421 qo_len=16 kv_len=4096 n_heads=12 n_kv_heads=2 head_dim=128 kv_head=1 worker=0 profiled_total=847 q_load=4 k_load=168 v_load=149 qk_dot=6 safe_sm=508 core_acc=6 o_scale=1 o_store=5
FIG8_ATTENTION_EVENT_COUNT mode=scna-fp16 qo_len=16 phase=measure iteration=10 events=16 max_events=12512 overflow=0
FIG8_ATTENTION_EVENT mode=scna-fp16 phase=measure iteration=10 component=q_load component_id=1 lut_exp=0 qo_len=16 kv_len=4096 n_heads=12 n_kv_heads=2 head_dim=128 kv_head=0 worker=0 block_r=0 block_c=-1 t0_us=2285376422910 t1_us=2285376422914 dur_us=3
FIG8_ATTENTION_EVENT mode=scna-fp16 phase=measure iteration=10 component=k_load component_id=2 lut_exp=0 qo_len=16 kv_len=4096 n_heads=12 n_kv_heads=2 head_dim=128 kv_head=0 worker=0 block_r=0 block_c=0 t0_us=2285376422916 t1_us=2285376423073 dur_us=157
FIG8_ATTENTION_EVENT mode=scna-fp16 phase=measure iteration=10 component=qk_dot component_id=4 lut_exp=0 qo_len=16 kv_len=4096 n_heads=12 n_kv_heads=2 head_dim=128 kv_head=0 worker=0 block_r=0 block_c=0 t0_us=2285376423073 t1_us=2285376423080 dur_us=6
FIG8_ATTENTION_EVENT mode=scna-fp16 phase=measure iteration=10 component=safe_sm component_id=5 lut_exp=0 qo_len=16 kv_len=4096 n_heads=12 n_kv_heads=2 head_dim=128 kv_head=0 worker=0 block_r=0 block_c=0 t0_us=2285376423080 t1_us=2285376423591 dur_us=511
FIG8_ATTENTION_EVENT mode=scna-fp16 phase=measure iteration=10 component=v_load component_id=3 lut_exp=0 qo_len=16 kv_len=4096 n_heads=12 n_kv_heads=2 head_dim=128 kv_head=0 worker=0 block_r=0 block_c=0 t0_us=2285376423593 t1_us=2285376423749 dur_us=156
FIG8_ATTENTION_EVENT mode=scna-fp16 phase=measure iteration=10 component=core_acc component_id=6 lut_exp=0 qo_len=16 kv_len=4096 n_heads=12 n_kv_heads=2 head_dim=128 kv_head=0 worker=0 block_r=0 block_c=0 t0_us=2285376423750 t1_us=2285376423756 dur_us=6
FIG8_ATTENTION_EVENT mode=scna-fp16 phase=measure iteration=10 component=o_scale component_id=7 lut_exp=0 qo_len=16 kv_len=4096 n_heads=12 n_kv_heads=2 head_dim=128 kv_head=0 worker=0 block_r=0 block_c=-1 t0_us=2285376423757 t1_us=2285376423758 dur_us=1
FIG8_ATTENTION_EVENT mode=scna-fp16 phase=measure iteration=10 component=o_store component_id=8 lut_exp=0 qo_len=16 kv_len=4096 n_heads=12 n_kv_heads=2 head_dim=128 kv_head=0 worker=0 block_r=0 block_c=-1 t0_us=2285376423759 t1_us=2285376423765 dur_us=6
FIG8_ATTENTION_EVENT mode=scna-fp16 phase=measure iteration=10 component=q_load component_id=1 lut_exp=0 qo_len=16 kv_len=4096 n_heads=12 n_kv_heads=2 head_dim=128 kv_head=1 worker=0 block_r=0 block_c=-1 t0_us=2285376423812 t1_us=2285376423816 dur_us=4
FIG8_ATTENTION_EVENT mode=scna-fp16 phase=measure iteration=10 component=k_load component_id=2 lut_exp=0 qo_len=16 kv_len=4096 n_heads=12 n_kv_heads=2 head_dim=128 kv_head=1 worker=0 block_r=0 block_c=0 t0_us=2285376423817 t1_us=2285376423985 dur_us=168
FIG8_ATTENTION_EVENT mode=scna-fp16 phase=measure iteration=10 component=qk_dot component_id=4 lut_exp=0 qo_len=16 kv_len=4096 n_heads=12 n_kv_heads=2 head_dim=128 kv_head=1 worker=0 block_r=0 block_c=0 t0_us=2285376423986 t1_us=2285376423992 dur_us=6
FIG8_ATTENTION_EVENT mode=scna-fp16 phase=measure iteration=10 component=safe_sm component_id=5 lut_exp=0 qo_len=16 kv_len=4096 n_heads=12 n_kv_heads=2 head_dim=128 kv_head=1 worker=0 block_r=0 block_c=0 t0_us=2285376423993 t1_us=2285376424501 dur_us=508
FIG8_ATTENTION_EVENT mode=scna-fp16 phase=measure iteration=10 component=v_load component_id=3 lut_exp=0 qo_len=16 kv_len=4096 n_heads=12 n_kv_heads=2 head_dim=128 kv_head=1 worker=0 block_r=0 block_c=0 t0_us=2285376424501 t1_us=2285376424651 dur_us=149
FIG8_ATTENTION_EVENT mode=scna-fp16 phase=measure iteration=10 component=core_acc component_id=6 lut_exp=0 qo_len=16 kv_len=4096 n_heads=12 n_kv_heads=2 head_dim=128 kv_head=1 worker=0 block_r=0 block_c=0 t0_us=2285376424652 t1_us=2285376424658 dur_us=6
FIG8_ATTENTION_EVENT mode=scna-fp16 phase=measure iteration=10 component=o_scale component_id=7 lut_exp=0 qo_len=16 kv_len=4096 n_heads=12 n_kv_heads=2 head_dim=128 kv_head=1 worker=0 block_r=0 block_c=-1 t0_us=2285376424659 t1_us=2285376424660 dur_us=1
FIG8_ATTENTION_EVENT mode=scna-fp16 phase=measure iteration=10 component=o_store component_id=8 lut_exp=0 qo_len=16 kv_len=4096 n_heads=12 n_kv_heads=2 head_dim=128 kv_head=1 worker=0 block_r=0 block_c=-1 t0_us=2285376424661 t1_us=2285376424667 dur_us=5
FIG8_ATTENTION_HOST_TIMING mode=scna-fp16 scna_width=16 qo_len=16 kv_len=4096 n_heads=12 n_kv_heads=2 head_dim=128 phase=measure iteration=11 host_elapsed_us=2022 ret=0
FIG8_ATTENTION_PROFILE_COUNT mode=scna-fp16 qo_len=16 phase=measure iteration=11 records=2 max_records=10
FIG8_ATTENTION_TIMERS mode=scna-fp16 phase=measure iteration=11 lut_exp=0 nonlinear_mode=1 scna_width=16 scna_exp=421 qo_len=16 kv_len=4096 n_heads=12 n_kv_heads=2 head_dim=128 kv_head=0 worker=0 profiled_total=844 q_load=3 k_load=153 v_load=156 qk_dot=6 safe_sm=513 core_acc=6 o_scale=1 o_store=6
FIG8_ATTENTION_TIMERS mode=scna-fp16 phase=measure iteration=11 lut_exp=0 nonlinear_mode=1 scna_width=16 scna_exp=421 qo_len=16 kv_len=4096 n_heads=12 n_kv_heads=2 head_dim=128 kv_head=1 worker=0 profiled_total=853 q_load=4 k_load=162 v_load=160 qk_dot=6 safe_sm=509 core_acc=6 o_scale=1 o_store=5
FIG8_ATTENTION_EVENT_COUNT mode=scna-fp16 qo_len=16 phase=measure iteration=11 events=16 max_events=12512 overflow=0
FIG8_ATTENTION_EVENT mode=scna-fp16 phase=measure iteration=11 component=q_load component_id=1 lut_exp=0 qo_len=16 kv_len=4096 n_heads=12 n_kv_heads=2 head_dim=128 kv_head=0 worker=0 block_r=0 block_c=-1 t0_us=2285376425241 t1_us=2285376425245 dur_us=3
FIG8_ATTENTION_EVENT mode=scna-fp16 phase=measure iteration=11 component=k_load component_id=2 lut_exp=0 qo_len=16 kv_len=4096 n_heads=12 n_kv_heads=2 head_dim=128 kv_head=0 worker=0 block_r=0 block_c=0 t0_us=2285376425247 t1_us=2285376425400 dur_us=153
FIG8_ATTENTION_EVENT mode=scna-fp16 phase=measure iteration=11 component=qk_dot component_id=4 lut_exp=0 qo_len=16 kv_len=4096 n_heads=12 n_kv_heads=2 head_dim=128 kv_head=0 worker=0 block_r=0 block_c=0 t0_us=2285376425400 t1_us=2285376425407 dur_us=6
FIG8_ATTENTION_EVENT mode=scna-fp16 phase=measure iteration=11 component=safe_sm component_id=5 lut_exp=0 qo_len=16 kv_len=4096 n_heads=12 n_kv_heads=2 head_dim=128 kv_head=0 worker=0 block_r=0 block_c=0 t0_us=2285376425407 t1_us=2285376425921 dur_us=513
FIG8_ATTENTION_EVENT mode=scna-fp16 phase=measure iteration=11 component=v_load component_id=3 lut_exp=0 qo_len=16 kv_len=4096 n_heads=12 n_kv_heads=2 head_dim=128 kv_head=0 worker=0 block_r=0 block_c=0 t0_us=2285376425922 t1_us=2285376426079 dur_us=156
FIG8_ATTENTION_EVENT mode=scna-fp16 phase=measure iteration=11 component=core_acc component_id=6 lut_exp=0 qo_len=16 kv_len=4096 n_heads=12 n_kv_heads=2 head_dim=128 kv_head=0 worker=0 block_r=0 block_c=0 t0_us=2285376426080 t1_us=2285376426087 dur_us=6
FIG8_ATTENTION_EVENT mode=scna-fp16 phase=measure iteration=11 component=o_scale component_id=7 lut_exp=0 qo_len=16 kv_len=4096 n_heads=12 n_kv_heads=2 head_dim=128 kv_head=0 worker=0 block_r=0 block_c=-1 t0_us=2285376426087 t1_us=2285376426088 dur_us=1
FIG8_ATTENTION_EVENT mode=scna-fp16 phase=measure iteration=11 component=o_store component_id=8 lut_exp=0 qo_len=16 kv_len=4096 n_heads=12 n_kv_heads=2 head_dim=128 kv_head=0 worker=0 block_r=0 block_c=-1 t0_us=2285376426089 t1_us=2285376426095 dur_us=6
FIG8_ATTENTION_EVENT mode=scna-fp16 phase=measure iteration=11 component=q_load component_id=1 lut_exp=0 qo_len=16 kv_len=4096 n_heads=12 n_kv_heads=2 head_dim=128 kv_head=1 worker=0 block_r=0 block_c=-1 t0_us=2285376426142 t1_us=2285376426147 dur_us=4
FIG8_ATTENTION_EVENT mode=scna-fp16 phase=measure iteration=11 component=k_load component_id=2 lut_exp=0 qo_len=16 kv_len=4096 n_heads=12 n_kv_heads=2 head_dim=128 kv_head=1 worker=0 block_r=0 block_c=0 t0_us=2285376426148 t1_us=2285376426311 dur_us=162
FIG8_ATTENTION_EVENT mode=scna-fp16 phase=measure iteration=11 component=qk_dot component_id=4 lut_exp=0 qo_len=16 kv_len=4096 n_heads=12 n_kv_heads=2 head_dim=128 kv_head=1 worker=0 block_r=0 block_c=0 t0_us=2285376426311 t1_us=2285376426317 dur_us=6
FIG8_ATTENTION_EVENT mode=scna-fp16 phase=measure iteration=11 component=safe_sm component_id=5 lut_exp=0 qo_len=16 kv_len=4096 n_heads=12 n_kv_heads=2 head_dim=128 kv_head=1 worker=0 block_r=0 block_c=0 t0_us=2285376426318 t1_us=2285376426827 dur_us=509
FIG8_ATTENTION_EVENT mode=scna-fp16 phase=measure iteration=11 component=v_load component_id=3 lut_exp=0 qo_len=16 kv_len=4096 n_heads=12 n_kv_heads=2 head_dim=128 kv_head=1 worker=0 block_r=0 block_c=0 t0_us=2285376426827 t1_us=2285376426988 dur_us=160
FIG8_ATTENTION_EVENT mode=scna-fp16 phase=measure iteration=11 component=core_acc component_id=6 lut_exp=0 qo_len=16 kv_len=4096 n_heads=12 n_kv_heads=2 head_dim=128 kv_head=1 worker=0 block_r=0 block_c=0 t0_us=2285376426989 t1_us=2285376426995 dur_us=6
FIG8_ATTENTION_EVENT mode=scna-fp16 phase=measure iteration=11 component=o_scale component_id=7 lut_exp=0 qo_len=16 kv_len=4096 n_heads=12 n_kv_heads=2 head_dim=128 kv_head=1 worker=0 block_r=0 block_c=-1 t0_us=2285376426996 t1_us=2285376426997 dur_us=1
FIG8_ATTENTION_EVENT mode=scna-fp16 phase=measure iteration=11 component=o_store component_id=8 lut_exp=0 qo_len=16 kv_len=4096 n_heads=12 n_kv_heads=2 head_dim=128 kv_head=1 worker=0 block_r=0 block_c=-1 t0_us=2285376426998 t1_us=2285376427004 dur_us=5
FIG8_ATTENTION_HOST_TIMING mode=scna-fp16 scna_width=16 qo_len=16 kv_len=4096 n_heads=12 n_kv_heads=2 head_dim=128 phase=measure iteration=12 host_elapsed_us=2009 ret=0
FIG8_ATTENTION_PROFILE_COUNT mode=scna-fp16 qo_len=16 phase=measure iteration=12 records=2 max_records=10
FIG8_ATTENTION_TIMERS mode=scna-fp16 phase=measure iteration=12 lut_exp=0 nonlinear_mode=1 scna_width=16 scna_exp=421 qo_len=16 kv_len=4096 n_heads=12 n_kv_heads=2 head_dim=128 kv_head=0 worker=0 profiled_total=835 q_load=4 k_load=154 v_load=145 qk_dot=6 safe_sm=513 core_acc=6 o_scale=1 o_store=6
FIG8_ATTENTION_TIMERS mode=scna-fp16 phase=measure iteration=12 lut_exp=0 nonlinear_mode=1 scna_width=16 scna_exp=422 qo_len=16 kv_len=4096 n_heads=12 n_kv_heads=2 head_dim=128 kv_head=1 worker=0 profiled_total=847 q_load=4 k_load=162 v_load=153 qk_dot=6 safe_sm=510 core_acc=6 o_scale=1 o_store=5
FIG8_ATTENTION_EVENT_COUNT mode=scna-fp16 qo_len=16 phase=measure iteration=12 events=16 max_events=12512 overflow=0
FIG8_ATTENTION_EVENT mode=scna-fp16 phase=measure iteration=12 component=q_load component_id=1 lut_exp=0 qo_len=16 kv_len=4096 n_heads=12 n_kv_heads=2 head_dim=128 kv_head=0 worker=0 block_r=0 block_c=-1 t0_us=2285376427553 t1_us=2285376427558 dur_us=4
FIG8_ATTENTION_EVENT mode=scna-fp16 phase=measure iteration=12 component=k_load component_id=2 lut_exp=0 qo_len=16 kv_len=4096 n_heads=12 n_kv_heads=2 head_dim=128 kv_head=0 worker=0 block_r=0 block_c=0 t0_us=2285376427560 t1_us=2285376427714 dur_us=154
FIG8_ATTENTION_EVENT mode=scna-fp16 phase=measure iteration=12 component=qk_dot component_id=4 lut_exp=0 qo_len=16 kv_len=4096 n_heads=12 n_kv_heads=2 head_dim=128 kv_head=0 worker=0 block_r=0 block_c=0 t0_us=2285376427715 t1_us=2285376427721 dur_us=6
FIG8_ATTENTION_EVENT mode=scna-fp16 phase=measure iteration=12 component=safe_sm component_id=5 lut_exp=0 qo_len=16 kv_len=4096 n_heads=12 n_kv_heads=2 head_dim=128 kv_head=0 worker=0 block_r=0 block_c=0 t0_us=2285376427721 t1_us=2285376428235 dur_us=513
FIG8_ATTENTION_EVENT mode=scna-fp16 phase=measure iteration=12 component=v_load component_id=3 lut_exp=0 qo_len=16 kv_len=4096 n_heads=12 n_kv_heads=2 head_dim=128 kv_head=0 worker=0 block_r=0 block_c=0 t0_us=2285376428236 t1_us=2285376428382 dur_us=145
FIG8_ATTENTION_EVENT mode=scna-fp16 phase=measure iteration=12 component=core_acc component_id=6 lut_exp=0 qo_len=16 kv_len=4096 n_heads=12 n_kv_heads=2 head_dim=128 kv_head=0 worker=0 block_r=0 block_c=0 t0_us=2285376428382 t1_us=2285376428388 dur_us=6
FIG8_ATTENTION_EVENT mode=scna-fp16 phase=measure iteration=12 component=o_scale component_id=7 lut_exp=0 qo_len=16 kv_len=4096 n_heads=12 n_kv_heads=2 head_dim=128 kv_head=0 worker=0 block_r=0 block_c=-1 t0_us=2285376428389 t1_us=2285376428390 dur_us=1
FIG8_ATTENTION_EVENT mode=scna-fp16 phase=measure iteration=12 component=o_store component_id=8 lut_exp=0 qo_len=16 kv_len=4096 n_heads=12 n_kv_heads=2 head_dim=128 kv_head=0 worker=0 block_r=0 block_c=-1 t0_us=2285376428391 t1_us=2285376428397 dur_us=6
FIG8_ATTENTION_EVENT mode=scna-fp16 phase=measure iteration=12 component=q_load component_id=1 lut_exp=0 qo_len=16 kv_len=4096 n_heads=12 n_kv_heads=2 head_dim=128 kv_head=1 worker=0 block_r=0 block_c=-1 t0_us=2285376428445 t1_us=2285376428449 dur_us=4
FIG8_ATTENTION_EVENT mode=scna-fp16 phase=measure iteration=12 component=k_load component_id=2 lut_exp=0 qo_len=16 kv_len=4096 n_heads=12 n_kv_heads=2 head_dim=128 kv_head=1 worker=0 block_r=0 block_c=0 t0_us=2285376428451 t1_us=2285376428613 dur_us=162
FIG8_ATTENTION_EVENT mode=scna-fp16 phase=measure iteration=12 component=qk_dot component_id=4 lut_exp=0 qo_len=16 kv_len=4096 n_heads=12 n_kv_heads=2 head_dim=128 kv_head=1 worker=0 block_r=0 block_c=0 t0_us=2285376428614 t1_us=2285376428620 dur_us=6
FIG8_ATTENTION_EVENT mode=scna-fp16 phase=measure iteration=12 component=safe_sm component_id=5 lut_exp=0 qo_len=16 kv_len=4096 n_heads=12 n_kv_heads=2 head_dim=128 kv_head=1 worker=0 block_r=0 block_c=0 t0_us=2285376428621 t1_us=2285376429131 dur_us=510
FIG8_ATTENTION_EVENT mode=scna-fp16 phase=measure iteration=12 component=v_load component_id=3 lut_exp=0 qo_len=16 kv_len=4096 n_heads=12 n_kv_heads=2 head_dim=128 kv_head=1 worker=0 block_r=0 block_c=0 t0_us=2285376429131 t1_us=2285376429285 dur_us=153
FIG8_ATTENTION_EVENT mode=scna-fp16 phase=measure iteration=12 component=core_acc component_id=6 lut_exp=0 qo_len=16 kv_len=4096 n_heads=12 n_kv_heads=2 head_dim=128 kv_head=1 worker=0 block_r=0 block_c=0 t0_us=2285376429286 t1_us=2285376429292 dur_us=6
FIG8_ATTENTION_EVENT mode=scna-fp16 phase=measure iteration=12 component=o_scale component_id=7 lut_exp=0 qo_len=16 kv_len=4096 n_heads=12 n_kv_heads=2 head_dim=128 kv_head=1 worker=0 block_r=0 block_c=-1 t0_us=2285376429293 t1_us=2285376429294 dur_us=1
FIG8_ATTENTION_EVENT mode=scna-fp16 phase=measure iteration=12 component=o_store component_id=8 lut_exp=0 qo_len=16 kv_len=4096 n_heads=12 n_kv_heads=2 head_dim=128 kv_head=1 worker=0 block_r=0 block_c=-1 t0_us=2285376429294 t1_us=2285376429300 dur_us=5
FIG8_ATTENTION_HOST_TIMING mode=scna-fp16 scna_width=16 qo_len=16 kv_len=4096 n_heads=12 n_kv_heads=2 head_dim=128 phase=measure iteration=13 host_elapsed_us=2037 ret=0
FIG8_ATTENTION_PROFILE_COUNT mode=scna-fp16 qo_len=16 phase=measure iteration=13 records=2 max_records=10
FIG8_ATTENTION_TIMERS mode=scna-fp16 phase=measure iteration=13 lut_exp=0 nonlinear_mode=1 scna_width=16 scna_exp=421 qo_len=16 kv_len=4096 n_heads=12 n_kv_heads=2 head_dim=128 kv_head=0 worker=0 profiled_total=831 q_load=4 k_load=151 v_load=145 qk_dot=6 safe_sm=512 core_acc=6 o_scale=1 o_store=6
FIG8_ATTENTION_TIMERS mode=scna-fp16 phase=measure iteration=13 lut_exp=0 nonlinear_mode=1 scna_width=16 scna_exp=421 qo_len=16 kv_len=4096 n_heads=12 n_kv_heads=2 head_dim=128 kv_head=1 worker=0 profiled_total=858 q_load=4 k_load=180 v_load=147 qk_dot=6 safe_sm=509 core_acc=6 o_scale=1 o_store=5
FIG8_ATTENTION_EVENT_COUNT mode=scna-fp16 qo_len=16 phase=measure iteration=13 events=16 max_events=12512 overflow=0
FIG8_ATTENTION_EVENT mode=scna-fp16 phase=measure iteration=13 component=q_load component_id=1 lut_exp=0 qo_len=16 kv_len=4096 n_heads=12 n_kv_heads=2 head_dim=128 kv_head=0 worker=0 block_r=0 block_c=-1 t0_us=2285376429853 t1_us=2285376429858 dur_us=4
FIG8_ATTENTION_EVENT mode=scna-fp16 phase=measure iteration=13 component=k_load component_id=2 lut_exp=0 qo_len=16 kv_len=4096 n_heads=12 n_kv_heads=2 head_dim=128 kv_head=0 worker=0 block_r=0 block_c=0 t0_us=2285376429860 t1_us=2285376430011 dur_us=151
FIG8_ATTENTION_EVENT mode=scna-fp16 phase=measure iteration=13 component=qk_dot component_id=4 lut_exp=0 qo_len=16 kv_len=4096 n_heads=12 n_kv_heads=2 head_dim=128 kv_head=0 worker=0 block_r=0 block_c=0 t0_us=2285376430011 t1_us=2285376430018 dur_us=6
FIG8_ATTENTION_EVENT mode=scna-fp16 phase=measure iteration=13 component=safe_sm component_id=5 lut_exp=0 qo_len=16 kv_len=4096 n_heads=12 n_kv_heads=2 head_dim=128 kv_head=0 worker=0 block_r=0 block_c=0 t0_us=2285376430018 t1_us=2285376430530 dur_us=512
FIG8_ATTENTION_EVENT mode=scna-fp16 phase=measure iteration=13 component=v_load component_id=3 lut_exp=0 qo_len=16 kv_len=4096 n_heads=12 n_kv_heads=2 head_dim=128 kv_head=0 worker=0 block_r=0 block_c=0 t0_us=2285376430532 t1_us=2285376430678 dur_us=145
FIG8_ATTENTION_EVENT mode=scna-fp16 phase=measure iteration=13 component=core_acc component_id=6 lut_exp=0 qo_len=16 kv_len=4096 n_heads=12 n_kv_heads=2 head_dim=128 kv_head=0 worker=0 block_r=0 block_c=0 t0_us=2285376430678 t1_us=2285376430685 dur_us=6
FIG8_ATTENTION_EVENT mode=scna-fp16 phase=measure iteration=13 component=o_scale component_id=7 lut_exp=0 qo_len=16 kv_len=4096 n_heads=12 n_kv_heads=2 head_dim=128 kv_head=0 worker=0 block_r=0 block_c=-1 t0_us=2285376430685 t1_us=2285376430686 dur_us=1
FIG8_ATTENTION_EVENT mode=scna-fp16 phase=measure iteration=13 component=o_store component_id=8 lut_exp=0 qo_len=16 kv_len=4096 n_heads=12 n_kv_heads=2 head_dim=128 kv_head=0 worker=0 block_r=0 block_c=-1 t0_us=2285376430687 t1_us=2285376430693 dur_us=6
FIG8_ATTENTION_EVENT mode=scna-fp16 phase=measure iteration=13 component=q_load component_id=1 lut_exp=0 qo_len=16 kv_len=4096 n_heads=12 n_kv_heads=2 head_dim=128 kv_head=1 worker=0 block_r=0 block_c=-1 t0_us=2285376430741 t1_us=2285376430745 dur_us=4
FIG8_ATTENTION_EVENT mode=scna-fp16 phase=measure iteration=13 component=k_load component_id=2 lut_exp=0 qo_len=16 kv_len=4096 n_heads=12 n_kv_heads=2 head_dim=128 kv_head=1 worker=0 block_r=0 block_c=0 t0_us=2285376430746 t1_us=2285376430927 dur_us=180
FIG8_ATTENTION_EVENT mode=scna-fp16 phase=measure iteration=13 component=qk_dot component_id=4 lut_exp=0 qo_len=16 kv_len=4096 n_heads=12 n_kv_heads=2 head_dim=128 kv_head=1 worker=0 block_r=0 block_c=0 t0_us=2285376430927 t1_us=2285376430934 dur_us=6
FIG8_ATTENTION_EVENT mode=scna-fp16 phase=measure iteration=13 component=safe_sm component_id=5 lut_exp=0 qo_len=16 kv_len=4096 n_heads=12 n_kv_heads=2 head_dim=128 kv_head=1 worker=0 block_r=0 block_c=0 t0_us=2285376430934 t1_us=2285376431444 dur_us=509
FIG8_ATTENTION_EVENT mode=scna-fp16 phase=measure iteration=13 component=v_load component_id=3 lut_exp=0 qo_len=16 kv_len=4096 n_heads=12 n_kv_heads=2 head_dim=128 kv_head=1 worker=0 block_r=0 block_c=0 t0_us=2285376431444 t1_us=2285376431591 dur_us=147
FIG8_ATTENTION_EVENT mode=scna-fp16 phase=measure iteration=13 component=core_acc component_id=6 lut_exp=0 qo_len=16 kv_len=4096 n_heads=12 n_kv_heads=2 head_dim=128 kv_head=1 worker=0 block_r=0 block_c=0 t0_us=2285376431592 t1_us=2285376431598 dur_us=6
FIG8_ATTENTION_EVENT mode=scna-fp16 phase=measure iteration=13 component=o_scale component_id=7 lut_exp=0 qo_len=16 kv_len=4096 n_heads=12 n_kv_heads=2 head_dim=128 kv_head=1 worker=0 block_r=0 block_c=-1 t0_us=2285376431599 t1_us=2285376431601 dur_us=1
FIG8_ATTENTION_EVENT mode=scna-fp16 phase=measure iteration=13 component=o_store component_id=8 lut_exp=0 qo_len=16 kv_len=4096 n_heads=12 n_kv_heads=2 head_dim=128 kv_head=1 worker=0 block_r=0 block_c=-1 t0_us=2285376431601 t1_us=2285376431607 dur_us=5
FIG8_ATTENTION_HOST_TIMING mode=scna-fp16 scna_width=16 qo_len=16 kv_len=4096 n_heads=12 n_kv_heads=2 head_dim=128 phase=measure iteration=14 host_elapsed_us=1941 ret=0
FIG8_ATTENTION_PROFILE_COUNT mode=scna-fp16 qo_len=16 phase=measure iteration=14 records=2 max_records=10
FIG8_ATTENTION_TIMERS mode=scna-fp16 phase=measure iteration=14 lut_exp=0 nonlinear_mode=1 scna_width=16 scna_exp=420 qo_len=16 kv_len=4096 n_heads=12 n_kv_heads=2 head_dim=128 kv_head=0 worker=0 profiled_total=824 q_load=4 k_load=151 v_load=144 qk_dot=6 safe_sm=506 core_acc=6 o_scale=1 o_store=6
FIG8_ATTENTION_TIMERS mode=scna-fp16 phase=measure iteration=14 lut_exp=0 nonlinear_mode=1 scna_width=16 scna_exp=421 qo_len=16 kv_len=4096 n_heads=12 n_kv_heads=2 head_dim=128 kv_head=1 worker=0 profiled_total=846 q_load=4 k_load=162 v_load=154 qk_dot=6 safe_sm=507 core_acc=6 o_scale=1 o_store=6
FIG8_ATTENTION_EVENT_COUNT mode=scna-fp16 qo_len=16 phase=measure iteration=14 events=16 max_events=12512 overflow=0
FIG8_ATTENTION_EVENT mode=scna-fp16 phase=measure iteration=14 component=q_load component_id=1 lut_exp=0 qo_len=16 kv_len=4096 n_heads=12 n_kv_heads=2 head_dim=128 kv_head=0 worker=0 block_r=0 block_c=-1 t0_us=2285376432185 t1_us=2285376432190 dur_us=4
FIG8_ATTENTION_EVENT mode=scna-fp16 phase=measure iteration=14 component=k_load component_id=2 lut_exp=0 qo_len=16 kv_len=4096 n_heads=12 n_kv_heads=2 head_dim=128 kv_head=0 worker=0 block_r=0 block_c=0 t0_us=2285376432191 t1_us=2285376432342 dur_us=151
FIG8_ATTENTION_EVENT mode=scna-fp16 phase=measure iteration=14 component=qk_dot component_id=4 lut_exp=0 qo_len=16 kv_len=4096 n_heads=12 n_kv_heads=2 head_dim=128 kv_head=0 worker=0 block_r=0 block_c=0 t0_us=2285376432343 t1_us=2285376432349 dur_us=6
FIG8_ATTENTION_EVENT mode=scna-fp16 phase=measure iteration=14 component=safe_sm component_id=5 lut_exp=0 qo_len=16 kv_len=4096 n_heads=12 n_kv_heads=2 head_dim=128 kv_head=0 worker=0 block_r=0 block_c=0 t0_us=2285376432349 t1_us=2285376432856 dur_us=506
FIG8_ATTENTION_EVENT mode=scna-fp16 phase=measure iteration=14 component=v_load component_id=3 lut_exp=0 qo_len=16 kv_len=4096 n_heads=12 n_kv_heads=2 head_dim=128 kv_head=0 worker=0 block_r=0 block_c=0 t0_us=2285376432858 t1_us=2285376433002 dur_us=144
FIG8_ATTENTION_EVENT mode=scna-fp16 phase=measure iteration=14 component=core_acc component_id=6 lut_exp=0 qo_len=16 kv_len=4096 n_heads=12 n_kv_heads=2 head_dim=128 kv_head=0 worker=0 block_r=0 block_c=0 t0_us=2285376433002 t1_us=2285376433009 dur_us=6
FIG8_ATTENTION_EVENT mode=scna-fp16 phase=measure iteration=14 component=o_scale component_id=7 lut_exp=0 qo_len=16 kv_len=4096 n_heads=12 n_kv_heads=2 head_dim=128 kv_head=0 worker=0 block_r=0 block_c=-1 t0_us=2285376433009 t1_us=2285376433011 dur_us=1
FIG8_ATTENTION_EVENT mode=scna-fp16 phase=measure iteration=14 component=o_store component_id=8 lut_exp=0 qo_len=16 kv_len=4096 n_heads=12 n_kv_heads=2 head_dim=128 kv_head=0 worker=0 block_r=0 block_c=-1 t0_us=2285376433011 t1_us=2285376433018 dur_us=6
FIG8_ATTENTION_EVENT mode=scna-fp16 phase=measure iteration=14 component=q_load component_id=1 lut_exp=0 qo_len=16 kv_len=4096 n_heads=12 n_kv_heads=2 head_dim=128 kv_head=1 worker=0 block_r=0 block_c=-1 t0_us=2285376433064 t1_us=2285376433069 dur_us=4
FIG8_ATTENTION_EVENT mode=scna-fp16 phase=measure iteration=14 component=k_load component_id=2 lut_exp=0 qo_len=16 kv_len=4096 n_heads=12 n_kv_heads=2 head_dim=128 kv_head=1 worker=0 block_r=0 block_c=0 t0_us=2285376433070 t1_us=2285376433232 dur_us=162
FIG8_ATTENTION_EVENT mode=scna-fp16 phase=measure iteration=14 component=qk_dot component_id=4 lut_exp=0 qo_len=16 kv_len=4096 n_heads=12 n_kv_heads=2 head_dim=128 kv_head=1 worker=0 block_r=0 block_c=0 t0_us=2285376433233 t1_us=2285376433239 dur_us=6
FIG8_ATTENTION_EVENT mode=scna-fp16 phase=measure iteration=14 component=safe_sm component_id=5 lut_exp=0 qo_len=16 kv_len=4096 n_heads=12 n_kv_heads=2 head_dim=128 kv_head=1 worker=0 block_r=0 block_c=0 t0_us=2285376433239 t1_us=2285376433747 dur_us=507
FIG8_ATTENTION_EVENT mode=scna-fp16 phase=measure iteration=14 component=v_load component_id=3 lut_exp=0 qo_len=16 kv_len=4096 n_heads=12 n_kv_heads=2 head_dim=128 kv_head=1 worker=0 block_r=0 block_c=0 t0_us=2285376433747 t1_us=2285376433901 dur_us=154
FIG8_ATTENTION_EVENT mode=scna-fp16 phase=measure iteration=14 component=core_acc component_id=6 lut_exp=0 qo_len=16 kv_len=4096 n_heads=12 n_kv_heads=2 head_dim=128 kv_head=1 worker=0 block_r=0 block_c=0 t0_us=2285376433902 t1_us=2285376433908 dur_us=6
FIG8_ATTENTION_EVENT mode=scna-fp16 phase=measure iteration=14 component=o_scale component_id=7 lut_exp=0 qo_len=16 kv_len=4096 n_heads=12 n_kv_heads=2 head_dim=128 kv_head=1 worker=0 block_r=0 block_c=-1 t0_us=2285376433909 t1_us=2285376433910 dur_us=1
FIG8_ATTENTION_EVENT mode=scna-fp16 phase=measure iteration=14 component=o_store component_id=8 lut_exp=0 qo_len=16 kv_len=4096 n_heads=12 n_kv_heads=2 head_dim=128 kv_head=1 worker=0 block_r=0 block_c=-1 t0_us=2285376433911 t1_us=2285376433917 dur_us=6
FIG8_ATTENTION_HOST_TIMING mode=scna-fp16 scna_width=16 qo_len=16 kv_len=4096 n_heads=12 n_kv_heads=2 head_dim=128 phase=measure iteration=15 host_elapsed_us=2052 ret=0
FIG8_ATTENTION_PROFILE_COUNT mode=scna-fp16 qo_len=16 phase=measure iteration=15 records=2 max_records=10
FIG8_ATTENTION_TIMERS mode=scna-fp16 phase=measure iteration=15 lut_exp=0 nonlinear_mode=1 scna_width=16 scna_exp=421 qo_len=16 kv_len=4096 n_heads=12 n_kv_heads=2 head_dim=128 kv_head=0 worker=0 profiled_total=832 q_load=4 k_load=147 v_load=149 qk_dot=6 safe_sm=512 core_acc=7 o_scale=1 o_store=6
FIG8_ATTENTION_TIMERS mode=scna-fp16 phase=measure iteration=15 lut_exp=0 nonlinear_mode=1 scna_width=16 scna_exp=421 qo_len=16 kv_len=4096 n_heads=12 n_kv_heads=2 head_dim=128 kv_head=1 worker=0 profiled_total=837 q_load=4 k_load=159 v_load=145 qk_dot=6 safe_sm=511 core_acc=6 o_scale=1 o_store=5
FIG8_ATTENTION_EVENT_COUNT mode=scna-fp16 qo_len=16 phase=measure iteration=15 events=16 max_events=12512 overflow=0
FIG8_ATTENTION_EVENT mode=scna-fp16 phase=measure iteration=15 component=q_load component_id=1 lut_exp=0 qo_len=16 kv_len=4096 n_heads=12 n_kv_heads=2 head_dim=128 kv_head=0 worker=0 block_r=0 block_c=-1 t0_us=2285376434413 t1_us=2285376434417 dur_us=4
FIG8_ATTENTION_EVENT mode=scna-fp16 phase=measure iteration=15 component=k_load component_id=2 lut_exp=0 qo_len=16 kv_len=4096 n_heads=12 n_kv_heads=2 head_dim=128 kv_head=0 worker=0 block_r=0 block_c=0 t0_us=2285376434418 t1_us=2285376434565 dur_us=147
FIG8_ATTENTION_EVENT mode=scna-fp16 phase=measure iteration=15 component=qk_dot component_id=4 lut_exp=0 qo_len=16 kv_len=4096 n_heads=12 n_kv_heads=2 head_dim=128 kv_head=0 worker=0 block_r=0 block_c=0 t0_us=2285376434566 t1_us=2285376434572 dur_us=6
FIG8_ATTENTION_EVENT mode=scna-fp16 phase=measure iteration=15 component=safe_sm component_id=5 lut_exp=0 qo_len=16 kv_len=4096 n_heads=12 n_kv_heads=2 head_dim=128 kv_head=0 worker=0 block_r=0 block_c=0 t0_us=2285376434572 t1_us=2285376435085 dur_us=512
FIG8_ATTENTION_EVENT mode=scna-fp16 phase=measure iteration=15 component=v_load component_id=3 lut_exp=0 qo_len=16 kv_len=4096 n_heads=12 n_kv_heads=2 head_dim=128 kv_head=0 worker=0 block_r=0 block_c=0 t0_us=2285376435086 t1_us=2285376435235 dur_us=149
FIG8_ATTENTION_EVENT mode=scna-fp16 phase=measure iteration=15 component=core_acc component_id=6 lut_exp=0 qo_len=16 kv_len=4096 n_heads=12 n_kv_heads=2 head_dim=128 kv_head=0 worker=0 block_r=0 block_c=0 t0_us=2285376435236 t1_us=2285376435243 dur_us=7
FIG8_ATTENTION_EVENT mode=scna-fp16 phase=measure iteration=15 component=o_scale component_id=7 lut_exp=0 qo_len=16 kv_len=4096 n_heads=12 n_kv_heads=2 head_dim=128 kv_head=0 worker=0 block_r=0 block_c=-1 t0_us=2285376435243 t1_us=2285376435245 dur_us=1
FIG8_ATTENTION_EVENT mode=scna-fp16 phase=measure iteration=15 component=o_store component_id=8 lut_exp=0 qo_len=16 kv_len=4096 n_heads=12 n_kv_heads=2 head_dim=128 kv_head=0 worker=0 block_r=0 block_c=-1 t0_us=2285376435245 t1_us=2285376435252 dur_us=6
FIG8_ATTENTION_EVENT mode=scna-fp16 phase=measure iteration=15 component=q_load component_id=1 lut_exp=0 qo_len=16 kv_len=4096 n_heads=12 n_kv_heads=2 head_dim=128 kv_head=1 worker=0 block_r=0 block_c=-1 t0_us=2285376435302 t1_us=2285376435306 dur_us=4
FIG8_ATTENTION_EVENT mode=scna-fp16 phase=measure iteration=15 component=k_load component_id=2 lut_exp=0 qo_len=16 kv_len=4096 n_heads=12 n_kv_heads=2 head_dim=128 kv_head=1 worker=0 block_r=0 block_c=0 t0_us=2285376435308 t1_us=2285376435467 dur_us=159
FIG8_ATTENTION_EVENT mode=scna-fp16 phase=measure iteration=15 component=qk_dot component_id=4 lut_exp=0 qo_len=16 kv_len=4096 n_heads=12 n_kv_heads=2 head_dim=128 kv_head=1 worker=0 block_r=0 block_c=0 t0_us=2285376435467 t1_us=2285376435474 dur_us=6
FIG8_ATTENTION_EVENT mode=scna-fp16 phase=measure iteration=15 component=safe_sm component_id=5 lut_exp=0 qo_len=16 kv_len=4096 n_heads=12 n_kv_heads=2 head_dim=128 kv_head=1 worker=0 block_r=0 block_c=0 t0_us=2285376435474 t1_us=2285376435986 dur_us=511
FIG8_ATTENTION_EVENT mode=scna-fp16 phase=measure iteration=15 component=v_load component_id=3 lut_exp=0 qo_len=16 kv_len=4096 n_heads=12 n_kv_heads=2 head_dim=128 kv_head=1 worker=0 block_r=0 block_c=0 t0_us=2285376435986 t1_us=2285376436131 dur_us=145
FIG8_ATTENTION_EVENT mode=scna-fp16 phase=measure iteration=15 component=core_acc component_id=6 lut_exp=0 qo_len=16 kv_len=4096 n_heads=12 n_kv_heads=2 head_dim=128 kv_head=1 worker=0 block_r=0 block_c=0 t0_us=2285376436132 t1_us=2285376436138 dur_us=6
FIG8_ATTENTION_EVENT mode=scna-fp16 phase=measure iteration=15 component=o_scale component_id=7 lut_exp=0 qo_len=16 kv_len=4096 n_heads=12 n_kv_heads=2 head_dim=128 kv_head=1 worker=0 block_r=0 block_c=-1 t0_us=2285376436139 t1_us=2285376436141 dur_us=1
FIG8_ATTENTION_EVENT mode=scna-fp16 phase=measure iteration=15 component=o_store component_id=8 lut_exp=0 qo_len=16 kv_len=4096 n_heads=12 n_kv_heads=2 head_dim=128 kv_head=1 worker=0 block_r=0 block_c=-1 t0_us=2285376436141 t1_us=2285376436147 dur_us=5
FIG8_ATTENTION_HOST_TIMING mode=scna-fp16 scna_width=16 qo_len=16 kv_len=4096 n_heads=12 n_kv_heads=2 head_dim=128 phase=measure iteration=16 host_elapsed_us=2079 ret=0
FIG8_ATTENTION_PROFILE_COUNT mode=scna-fp16 qo_len=16 phase=measure iteration=16 records=2 max_records=10
FIG8_ATTENTION_TIMERS mode=scna-fp16 phase=measure iteration=16 lut_exp=0 nonlinear_mode=1 scna_width=16 scna_exp=421 qo_len=16 kv_len=4096 n_heads=12 n_kv_heads=2 head_dim=128 kv_head=0 worker=0 profiled_total=842 q_load=4 k_load=148 v_load=150 qk_dot=6 safe_sm=520 core_acc=7 o_scale=1 o_store=6
FIG8_ATTENTION_TIMERS mode=scna-fp16 phase=measure iteration=16 lut_exp=0 nonlinear_mode=1 scna_width=16 scna_exp=421 qo_len=16 kv_len=4096 n_heads=12 n_kv_heads=2 head_dim=128 kv_head=1 worker=0 profiled_total=854 q_load=4 k_load=170 v_load=152 qk_dot=6 safe_sm=510 core_acc=6 o_scale=1 o_store=5
FIG8_ATTENTION_EVENT_COUNT mode=scna-fp16 qo_len=16 phase=measure iteration=16 events=16 max_events=12512 overflow=0
FIG8_ATTENTION_EVENT mode=scna-fp16 phase=measure iteration=16 component=q_load component_id=1 lut_exp=0 qo_len=16 kv_len=4096 n_heads=12 n_kv_heads=2 head_dim=128 kv_head=0 worker=0 block_r=0 block_c=-1 t0_us=2285376436766 t1_us=2285376436770 dur_us=4
FIG8_ATTENTION_EVENT mode=scna-fp16 phase=measure iteration=16 component=k_load component_id=2 lut_exp=0 qo_len=16 kv_len=4096 n_heads=12 n_kv_heads=2 head_dim=128 kv_head=0 worker=0 block_r=0 block_c=0 t0_us=2285376436772 t1_us=2285376436920 dur_us=148
FIG8_ATTENTION_EVENT mode=scna-fp16 phase=measure iteration=16 component=qk_dot component_id=4 lut_exp=0 qo_len=16 kv_len=4096 n_heads=12 n_kv_heads=2 head_dim=128 kv_head=0 worker=0 block_r=0 block_c=0 t0_us=2285376436921 t1_us=2285376436927 dur_us=6
FIG8_ATTENTION_EVENT mode=scna-fp16 phase=measure iteration=16 component=safe_sm component_id=5 lut_exp=0 qo_len=16 kv_len=4096 n_heads=12 n_kv_heads=2 head_dim=128 kv_head=0 worker=0 block_r=0 block_c=0 t0_us=2285376436927 t1_us=2285376437448 dur_us=520
FIG8_ATTENTION_EVENT mode=scna-fp16 phase=measure iteration=16 component=v_load component_id=3 lut_exp=0 qo_len=16 kv_len=4096 n_heads=12 n_kv_heads=2 head_dim=128 kv_head=0 worker=0 block_r=0 block_c=0 t0_us=2285376437449 t1_us=2285376437600 dur_us=150
FIG8_ATTENTION_EVENT mode=scna-fp16 phase=measure iteration=16 component=core_acc component_id=6 lut_exp=0 qo_len=16 kv_len=4096 n_heads=12 n_kv_heads=2 head_dim=128 kv_head=0 worker=0 block_r=0 block_c=0 t0_us=2285376437600 t1_us=2285376437608 dur_us=7
FIG8_ATTENTION_EVENT mode=scna-fp16 phase=measure iteration=16 component=o_scale component_id=7 lut_exp=0 qo_len=16 kv_len=4096 n_heads=12 n_kv_heads=2 head_dim=128 kv_head=0 worker=0 block_r=0 block_c=-1 t0_us=2285376437608 t1_us=2285376437609 dur_us=1
FIG8_ATTENTION_EVENT mode=scna-fp16 phase=measure iteration=16 component=o_store component_id=8 lut_exp=0 qo_len=16 kv_len=4096 n_heads=12 n_kv_heads=2 head_dim=128 kv_head=0 worker=0 block_r=0 block_c=-1 t0_us=2285376437610 t1_us=2285376437616 dur_us=6
FIG8_ATTENTION_EVENT mode=scna-fp16 phase=measure iteration=16 component=q_load component_id=1 lut_exp=0 qo_len=16 kv_len=4096 n_heads=12 n_kv_heads=2 head_dim=128 kv_head=1 worker=0 block_r=0 block_c=-1 t0_us=2285376437662 t1_us=2285376437667 dur_us=4
FIG8_ATTENTION_EVENT mode=scna-fp16 phase=measure iteration=16 component=k_load component_id=2 lut_exp=0 qo_len=16 kv_len=4096 n_heads=12 n_kv_heads=2 head_dim=128 kv_head=1 worker=0 block_r=0 block_c=0 t0_us=2285376437668 t1_us=2285376437838 dur_us=170
FIG8_ATTENTION_EVENT mode=scna-fp16 phase=measure iteration=16 component=qk_dot component_id=4 lut_exp=0 qo_len=16 kv_len=4096 n_heads=12 n_kv_heads=2 head_dim=128 kv_head=1 worker=0 block_r=0 block_c=0 t0_us=2285376437839 t1_us=2285376437845 dur_us=6
FIG8_ATTENTION_EVENT mode=scna-fp16 phase=measure iteration=16 component=safe_sm component_id=5 lut_exp=0 qo_len=16 kv_len=4096 n_heads=12 n_kv_heads=2 head_dim=128 kv_head=1 worker=0 block_r=0 block_c=0 t0_us=2285376437846 t1_us=2285376438356 dur_us=510
FIG8_ATTENTION_EVENT mode=scna-fp16 phase=measure iteration=16 component=v_load component_id=3 lut_exp=0 qo_len=16 kv_len=4096 n_heads=12 n_kv_heads=2 head_dim=128 kv_head=1 worker=0 block_r=0 block_c=0 t0_us=2285376438356 t1_us=2285376438509 dur_us=152
FIG8_ATTENTION_EVENT mode=scna-fp16 phase=measure iteration=16 component=core_acc component_id=6 lut_exp=0 qo_len=16 kv_len=4096 n_heads=12 n_kv_heads=2 head_dim=128 kv_head=1 worker=0 block_r=0 block_c=0 t0_us=2285376438510 t1_us=2285376438516 dur_us=6
FIG8_ATTENTION_EVENT mode=scna-fp16 phase=measure iteration=16 component=o_scale component_id=7 lut_exp=0 qo_len=16 kv_len=4096 n_heads=12 n_kv_heads=2 head_dim=128 kv_head=1 worker=0 block_r=0 block_c=-1 t0_us=2285376438517 t1_us=2285376438518 dur_us=1
FIG8_ATTENTION_EVENT mode=scna-fp16 phase=measure iteration=16 component=o_store component_id=8 lut_exp=0 qo_len=16 kv_len=4096 n_heads=12 n_kv_heads=2 head_dim=128 kv_head=1 worker=0 block_r=0 block_c=-1 t0_us=2285376438519 t1_us=2285376438525 dur_us=5
FIG8_ATTENTION_HOST_TIMING mode=scna-fp16 scna_width=16 qo_len=16 kv_len=4096 n_heads=12 n_kv_heads=2 head_dim=128 phase=measure iteration=17 host_elapsed_us=2007 ret=0
FIG8_ATTENTION_PROFILE_COUNT mode=scna-fp16 qo_len=16 phase=measure iteration=17 records=2 max_records=10
FIG8_ATTENTION_TIMERS mode=scna-fp16 phase=measure iteration=17 lut_exp=0 nonlinear_mode=1 scna_width=16 scna_exp=421 qo_len=16 kv_len=4096 n_heads=12 n_kv_heads=2 head_dim=128 kv_head=0 worker=0 profiled_total=832 q_load=4 k_load=146 v_load=152 qk_dot=6 safe_sm=510 core_acc=7 o_scale=1 o_store=6
FIG8_ATTENTION_TIMERS mode=scna-fp16 phase=measure iteration=17 lut_exp=0 nonlinear_mode=1 scna_width=16 scna_exp=421 qo_len=16 kv_len=4096 n_heads=12 n_kv_heads=2 head_dim=128 kv_head=1 worker=0 profiled_total=834 q_load=4 k_load=157 v_load=146 qk_dot=6 safe_sm=508 core_acc=6 o_scale=1 o_store=6
FIG8_ATTENTION_EVENT_COUNT mode=scna-fp16 qo_len=16 phase=measure iteration=17 events=16 max_events=12512 overflow=0
FIG8_ATTENTION_EVENT mode=scna-fp16 phase=measure iteration=17 component=q_load component_id=1 lut_exp=0 qo_len=16 kv_len=4096 n_heads=12 n_kv_heads=2 head_dim=128 kv_head=0 worker=0 block_r=0 block_c=-1 t0_us=2285376439091 t1_us=2285376439096 dur_us=4
FIG8_ATTENTION_EVENT mode=scna-fp16 phase=measure iteration=17 component=k_load component_id=2 lut_exp=0 qo_len=16 kv_len=4096 n_heads=12 n_kv_heads=2 head_dim=128 kv_head=0 worker=0 block_r=0 block_c=0 t0_us=2285376439098 t1_us=2285376439244 dur_us=146
FIG8_ATTENTION_EVENT mode=scna-fp16 phase=measure iteration=17 component=qk_dot component_id=4 lut_exp=0 qo_len=16 kv_len=4096 n_heads=12 n_kv_heads=2 head_dim=128 kv_head=0 worker=0 block_r=0 block_c=0 t0_us=2285376439244 t1_us=2285376439251 dur_us=6
FIG8_ATTENTION_EVENT mode=scna-fp16 phase=measure iteration=17 component=safe_sm component_id=5 lut_exp=0 qo_len=16 kv_len=4096 n_heads=12 n_kv_heads=2 head_dim=128 kv_head=0 worker=0 block_r=0 block_c=0 t0_us=2285376439251 t1_us=2285376439762 dur_us=510
FIG8_ATTENTION_EVENT mode=scna-fp16 phase=measure iteration=17 component=v_load component_id=3 lut_exp=0 qo_len=16 kv_len=4096 n_heads=12 n_kv_heads=2 head_dim=128 kv_head=0 worker=0 block_r=0 block_c=0 t0_us=2285376439764 t1_us=2285376439916 dur_us=152
FIG8_ATTENTION_EVENT mode=scna-fp16 phase=measure iteration=17 component=core_acc component_id=6 lut_exp=0 qo_len=16 kv_len=4096 n_heads=12 n_kv_heads=2 head_dim=128 kv_head=0 worker=0 block_r=0 block_c=0 t0_us=2285376439916 t1_us=2285376439923 dur_us=7
FIG8_ATTENTION_EVENT mode=scna-fp16 phase=measure iteration=17 component=o_scale component_id=7 lut_exp=0 qo_len=16 kv_len=4096 n_heads=12 n_kv_heads=2 head_dim=128 kv_head=0 worker=0 block_r=0 block_c=-1 t0_us=2285376439924 t1_us=2285376439925 dur_us=1
FIG8_ATTENTION_EVENT mode=scna-fp16 phase=measure iteration=17 component=o_store component_id=8 lut_exp=0 qo_len=16 kv_len=4096 n_heads=12 n_kv_heads=2 head_dim=128 kv_head=0 worker=0 block_r=0 block_c=-1 t0_us=2285376439926 t1_us=2285376439932 dur_us=6
FIG8_ATTENTION_EVENT mode=scna-fp16 phase=measure iteration=17 component=q_load component_id=1 lut_exp=0 qo_len=16 kv_len=4096 n_heads=12 n_kv_heads=2 head_dim=128 kv_head=1 worker=0 block_r=0 block_c=-1 t0_us=2285376439979 t1_us=2285376439984 dur_us=4
FIG8_ATTENTION_EVENT mode=scna-fp16 phase=measure iteration=17 component=k_load component_id=2 lut_exp=0 qo_len=16 kv_len=4096 n_heads=12 n_kv_heads=2 head_dim=128 kv_head=1 worker=0 block_r=0 block_c=0 t0_us=2285376439985 t1_us=2285376440142 dur_us=157
FIG8_ATTENTION_EVENT mode=scna-fp16 phase=measure iteration=17 component=qk_dot component_id=4 lut_exp=0 qo_len=16 kv_len=4096 n_heads=12 n_kv_heads=2 head_dim=128 kv_head=1 worker=0 block_r=0 block_c=0 t0_us=2285376440143 t1_us=2285376440149 dur_us=6
FIG8_ATTENTION_EVENT mode=scna-fp16 phase=measure iteration=17 component=safe_sm component_id=5 lut_exp=0 qo_len=16 kv_len=4096 n_heads=12 n_kv_heads=2 head_dim=128 kv_head=1 worker=0 block_r=0 block_c=0 t0_us=2285376440150 t1_us=2285376440659 dur_us=508
FIG8_ATTENTION_EVENT mode=scna-fp16 phase=measure iteration=17 component=v_load component_id=3 lut_exp=0 qo_len=16 kv_len=4096 n_heads=12 n_kv_heads=2 head_dim=128 kv_head=1 worker=0 block_r=0 block_c=0 t0_us=2285376440659 t1_us=2285376440806 dur_us=146
FIG8_ATTENTION_EVENT mode=scna-fp16 phase=measure iteration=17 component=core_acc component_id=6 lut_exp=0 qo_len=16 kv_len=4096 n_heads=12 n_kv_heads=2 head_dim=128 kv_head=1 worker=0 block_r=0 block_c=0 t0_us=2285376440807 t1_us=2285376440813 dur_us=6
FIG8_ATTENTION_EVENT mode=scna-fp16 phase=measure iteration=17 component=o_scale component_id=7 lut_exp=0 qo_len=16 kv_len=4096 n_heads=12 n_kv_heads=2 head_dim=128 kv_head=1 worker=0 block_r=0 block_c=-1 t0_us=2285376440814 t1_us=2285376440815 dur_us=1
FIG8_ATTENTION_EVENT mode=scna-fp16 phase=measure iteration=17 component=o_store component_id=8 lut_exp=0 qo_len=16 kv_len=4096 n_heads=12 n_kv_heads=2 head_dim=128 kv_head=1 worker=0 block_r=0 block_c=-1 t0_us=2285376440815 t1_us=2285376440821 dur_us=6
FIG8_ATTENTION_HOST_TIMING mode=scna-fp16 scna_width=16 qo_len=16 kv_len=4096 n_heads=12 n_kv_heads=2 head_dim=128 phase=measure iteration=18 host_elapsed_us=2017 ret=0
FIG8_ATTENTION_PROFILE_COUNT mode=scna-fp16 qo_len=16 phase=measure iteration=18 records=2 max_records=10
FIG8_ATTENTION_TIMERS mode=scna-fp16 phase=measure iteration=18 lut_exp=0 nonlinear_mode=1 scna_width=16 scna_exp=421 qo_len=16 kv_len=4096 n_heads=12 n_kv_heads=2 head_dim=128 kv_head=0 worker=0 profiled_total=834 q_load=4 k_load=149 v_load=149 qk_dot=6 safe_sm=513 core_acc=6 o_scale=1 o_store=6
FIG8_ATTENTION_TIMERS mode=scna-fp16 phase=measure iteration=18 lut_exp=0 nonlinear_mode=1 scna_width=16 scna_exp=421 qo_len=16 kv_len=4096 n_heads=12 n_kv_heads=2 head_dim=128 kv_head=1 worker=0 profiled_total=841 q_load=4 k_load=162 v_load=145 qk_dot=6 safe_sm=511 core_acc=6 o_scale=1 o_store=6
FIG8_ATTENTION_EVENT_COUNT mode=scna-fp16 qo_len=16 phase=measure iteration=18 events=16 max_events=12512 overflow=0
FIG8_ATTENTION_EVENT mode=scna-fp16 phase=measure iteration=18 component=q_load component_id=1 lut_exp=0 qo_len=16 kv_len=4096 n_heads=12 n_kv_heads=2 head_dim=128 kv_head=0 worker=0 block_r=0 block_c=-1 t0_us=2285376441389 t1_us=2285376441393 dur_us=4
FIG8_ATTENTION_EVENT mode=scna-fp16 phase=measure iteration=18 component=k_load component_id=2 lut_exp=0 qo_len=16 kv_len=4096 n_heads=12 n_kv_heads=2 head_dim=128 kv_head=0 worker=0 block_r=0 block_c=0 t0_us=2285376441394 t1_us=2285376441544 dur_us=149
FIG8_ATTENTION_EVENT mode=scna-fp16 phase=measure iteration=18 component=qk_dot component_id=4 lut_exp=0 qo_len=16 kv_len=4096 n_heads=12 n_kv_heads=2 head_dim=128 kv_head=0 worker=0 block_r=0 block_c=0 t0_us=2285376441544 t1_us=2285376441550 dur_us=6
FIG8_ATTENTION_EVENT mode=scna-fp16 phase=measure iteration=18 component=safe_sm component_id=5 lut_exp=0 qo_len=16 kv_len=4096 n_heads=12 n_kv_heads=2 head_dim=128 kv_head=0 worker=0 block_r=0 block_c=0 t0_us=2285376441551 t1_us=2285376442064 dur_us=513
FIG8_ATTENTION_EVENT mode=scna-fp16 phase=measure iteration=18 component=v_load component_id=3 lut_exp=0 qo_len=16 kv_len=4096 n_heads=12 n_kv_heads=2 head_dim=128 kv_head=0 worker=0 block_r=0 block_c=0 t0_us=2285376442065 t1_us=2285376442214 dur_us=149
FIG8_ATTENTION_EVENT mode=scna-fp16 phase=measure iteration=18 component=core_acc component_id=6 lut_exp=0 qo_len=16 kv_len=4096 n_heads=12 n_kv_heads=2 head_dim=128 kv_head=0 worker=0 block_r=0 block_c=0 t0_us=2285376442215 t1_us=2285376442222 dur_us=6
FIG8_ATTENTION_EVENT mode=scna-fp16 phase=measure iteration=18 component=o_scale component_id=7 lut_exp=0 qo_len=16 kv_len=4096 n_heads=12 n_kv_heads=2 head_dim=128 kv_head=0 worker=0 block_r=0 block_c=-1 t0_us=2285376442222 t1_us=2285376442223 dur_us=1
FIG8_ATTENTION_EVENT mode=scna-fp16 phase=measure iteration=18 component=o_store component_id=8 lut_exp=0 qo_len=16 kv_len=4096 n_heads=12 n_kv_heads=2 head_dim=128 kv_head=0 worker=0 block_r=0 block_c=-1 t0_us=2285376442224 t1_us=2285376442230 dur_us=6
FIG8_ATTENTION_EVENT mode=scna-fp16 phase=measure iteration=18 component=q_load component_id=1 lut_exp=0 qo_len=16 kv_len=4096 n_heads=12 n_kv_heads=2 head_dim=128 kv_head=1 worker=0 block_r=0 block_c=-1 t0_us=2285376442278 t1_us=2285376442282 dur_us=4
FIG8_ATTENTION_EVENT mode=scna-fp16 phase=measure iteration=18 component=k_load component_id=2 lut_exp=0 qo_len=16 kv_len=4096 n_heads=12 n_kv_heads=2 head_dim=128 kv_head=1 worker=0 block_r=0 block_c=0 t0_us=2285376442284 t1_us=2285376442447 dur_us=162
FIG8_ATTENTION_EVENT mode=scna-fp16 phase=measure iteration=18 component=qk_dot component_id=4 lut_exp=0 qo_len=16 kv_len=4096 n_heads=12 n_kv_heads=2 head_dim=128 kv_head=1 worker=0 block_r=0 block_c=0 t0_us=2285376442447 t1_us=2285376442454 dur_us=6
FIG8_ATTENTION_EVENT mode=scna-fp16 phase=measure iteration=18 component=safe_sm component_id=5 lut_exp=0 qo_len=16 kv_len=4096 n_heads=12 n_kv_heads=2 head_dim=128 kv_head=1 worker=0 block_r=0 block_c=0 t0_us=2285376442454 t1_us=2285376442966 dur_us=511
FIG8_ATTENTION_EVENT mode=scna-fp16 phase=measure iteration=18 component=v_load component_id=3 lut_exp=0 qo_len=16 kv_len=4096 n_heads=12 n_kv_heads=2 head_dim=128 kv_head=1 worker=0 block_r=0 block_c=0 t0_us=2285376442966 t1_us=2285376443111 dur_us=145
FIG8_ATTENTION_EVENT mode=scna-fp16 phase=measure iteration=18 component=core_acc component_id=6 lut_exp=0 qo_len=16 kv_len=4096 n_heads=12 n_kv_heads=2 head_dim=128 kv_head=1 worker=0 block_r=0 block_c=0 t0_us=2285376443112 t1_us=2285376443118 dur_us=6
FIG8_ATTENTION_EVENT mode=scna-fp16 phase=measure iteration=18 component=o_scale component_id=7 lut_exp=0 qo_len=16 kv_len=4096 n_heads=12 n_kv_heads=2 head_dim=128 kv_head=1 worker=0 block_r=0 block_c=-1 t0_us=2285376443119 t1_us=2285376443121 dur_us=1
FIG8_ATTENTION_EVENT mode=scna-fp16 phase=measure iteration=18 component=o_store component_id=8 lut_exp=0 qo_len=16 kv_len=4096 n_heads=12 n_kv_heads=2 head_dim=128 kv_head=1 worker=0 block_r=0 block_c=-1 t0_us=2285376443121 t1_us=2285376443127 dur_us=6
FIG8_ATTENTION_HOST_TIMING mode=scna-fp16 scna_width=16 qo_len=16 kv_len=4096 n_heads=12 n_kv_heads=2 head_dim=128 phase=measure iteration=19 host_elapsed_us=1969 ret=0
FIG8_ATTENTION_PROFILE_COUNT mode=scna-fp16 qo_len=16 phase=measure iteration=19 records=2 max_records=10
FIG8_ATTENTION_TIMERS mode=scna-fp16 phase=measure iteration=19 lut_exp=0 nonlinear_mode=1 scna_width=16 scna_exp=421 qo_len=16 kv_len=4096 n_heads=12 n_kv_heads=2 head_dim=128 kv_head=0 worker=0 profiled_total=807 q_load=4 k_load=148 v_load=130 qk_dot=6 safe_sm=506 core_acc=6 o_scale=1 o_store=6
FIG8_ATTENTION_TIMERS mode=scna-fp16 phase=measure iteration=19 lut_exp=0 nonlinear_mode=1 scna_width=16 scna_exp=422 qo_len=16 kv_len=4096 n_heads=12 n_kv_heads=2 head_dim=128 kv_head=1 worker=0 profiled_total=827 q_load=4 k_load=149 v_load=150 qk_dot=6 safe_sm=505 core_acc=6 o_scale=1 o_store=6
FIG8_ATTENTION_EVENT_COUNT mode=scna-fp16 qo_len=16 phase=measure iteration=19 events=16 max_events=12512 overflow=0
FIG8_ATTENTION_EVENT mode=scna-fp16 phase=measure iteration=19 component=q_load component_id=1 lut_exp=0 qo_len=16 kv_len=4096 n_heads=12 n_kv_heads=2 head_dim=128 kv_head=0 worker=0 block_r=0 block_c=-1 t0_us=2285376443698 t1_us=2285376443702 dur_us=4
FIG8_ATTENTION_EVENT mode=scna-fp16 phase=measure iteration=19 component=k_load component_id=2 lut_exp=0 qo_len=16 kv_len=4096 n_heads=12 n_kv_heads=2 head_dim=128 kv_head=0 worker=0 block_r=0 block_c=0 t0_us=2285376443704 t1_us=2285376443852 dur_us=148
FIG8_ATTENTION_EVENT mode=scna-fp16 phase=measure iteration=19 component=qk_dot component_id=4 lut_exp=0 qo_len=16 kv_len=4096 n_heads=12 n_kv_heads=2 head_dim=128 kv_head=0 worker=0 block_r=0 block_c=0 t0_us=2285376443853 t1_us=2285376443859 dur_us=6
FIG8_ATTENTION_EVENT mode=scna-fp16 phase=measure iteration=19 component=safe_sm component_id=5 lut_exp=0 qo_len=16 kv_len=4096 n_heads=12 n_kv_heads=2 head_dim=128 kv_head=0 worker=0 block_r=0 block_c=0 t0_us=2285376443859 t1_us=2285376444366 dur_us=506
FIG8_ATTENTION_EVENT mode=scna-fp16 phase=measure iteration=19 component=v_load component_id=3 lut_exp=0 qo_len=16 kv_len=4096 n_heads=12 n_kv_heads=2 head_dim=128 kv_head=0 worker=0 block_r=0 block_c=0 t0_us=2285376444366 t1_us=2285376444497 dur_us=130
FIG8_ATTENTION_EVENT mode=scna-fp16 phase=measure iteration=19 component=core_acc component_id=6 lut_exp=0 qo_len=16 kv_len=4096 n_heads=12 n_kv_heads=2 head_dim=128 kv_head=0 worker=0 block_r=0 block_c=0 t0_us=2285376444497 t1_us=2285376444504 dur_us=6
FIG8_ATTENTION_EVENT mode=scna-fp16 phase=measure iteration=19 component=o_scale component_id=7 lut_exp=0 qo_len=16 kv_len=4096 n_heads=12 n_kv_heads=2 head_dim=128 kv_head=0 worker=0 block_r=0 block_c=-1 t0_us=2285376444504 t1_us=2285376444505 dur_us=1
FIG8_ATTENTION_EVENT mode=scna-fp16 phase=measure iteration=19 component=o_store component_id=8 lut_exp=0 qo_len=16 kv_len=4096 n_heads=12 n_kv_heads=2 head_dim=128 kv_head=0 worker=0 block_r=0 block_c=-1 t0_us=2285376444506 t1_us=2285376444513 dur_us=6
FIG8_ATTENTION_EVENT mode=scna-fp16 phase=measure iteration=19 component=q_load component_id=1 lut_exp=0 qo_len=16 kv_len=4096 n_heads=12 n_kv_heads=2 head_dim=128 kv_head=1 worker=0 block_r=0 block_c=-1 t0_us=2285376444557 t1_us=2285376444561 dur_us=4
FIG8_ATTENTION_EVENT mode=scna-fp16 phase=measure iteration=19 component=k_load component_id=2 lut_exp=0 qo_len=16 kv_len=4096 n_heads=12 n_kv_heads=2 head_dim=128 kv_head=1 worker=0 block_r=0 block_c=0 t0_us=2285376444563 t1_us=2285376444712 dur_us=149
FIG8_ATTENTION_EVENT mode=scna-fp16 phase=measure iteration=19 component=qk_dot component_id=4 lut_exp=0 qo_len=16 kv_len=4096 n_heads=12 n_kv_heads=2 head_dim=128 kv_head=1 worker=0 block_r=0 block_c=0 t0_us=2285376444712 t1_us=2285376444718 dur_us=6
FIG8_ATTENTION_EVENT mode=scna-fp16 phase=measure iteration=19 component=safe_sm component_id=5 lut_exp=0 qo_len=16 kv_len=4096 n_heads=12 n_kv_heads=2 head_dim=128 kv_head=1 worker=0 block_r=0 block_c=0 t0_us=2285376444719 t1_us=2285376445225 dur_us=505
FIG8_ATTENTION_EVENT mode=scna-fp16 phase=measure iteration=19 component=v_load component_id=3 lut_exp=0 qo_len=16 kv_len=4096 n_heads=12 n_kv_heads=2 head_dim=128 kv_head=1 worker=0 block_r=0 block_c=0 t0_us=2285376445225 t1_us=2285376445375 dur_us=150
FIG8_ATTENTION_EVENT mode=scna-fp16 phase=measure iteration=19 component=core_acc component_id=6 lut_exp=0 qo_len=16 kv_len=4096 n_heads=12 n_kv_heads=2 head_dim=128 kv_head=1 worker=0 block_r=0 block_c=0 t0_us=2285376445376 t1_us=2285376445382 dur_us=6
FIG8_ATTENTION_EVENT mode=scna-fp16 phase=measure iteration=19 component=o_scale component_id=7 lut_exp=0 qo_len=16 kv_len=4096 n_heads=12 n_kv_heads=2 head_dim=128 kv_head=1 worker=0 block_r=0 block_c=-1 t0_us=2285376445382 t1_us=2285376445384 dur_us=1
FIG8_ATTENTION_EVENT mode=scna-fp16 phase=measure iteration=19 component=o_store component_id=8 lut_exp=0 qo_len=16 kv_len=4096 n_heads=12 n_kv_heads=2 head_dim=128 kv_head=1 worker=0 block_r=0 block_c=-1 t0_us=2285376445384 t1_us=2285376445390 dur_us=6
