load_backend: failed to find ggml_backend_init in ./libggml-htp.so
build: 26 (fc6746a) with Android (9352603, based on r450784d1) clang version 14.0.7 (https://android.googlesource.com/toolchain/llvm-project 4c603efb0cca074e9238af8b4106c30add4418f6) for x86_64-unknown-linux-gnu
llama_model_loader: loaded meta data with 29 key-value pairs and 338 tensors from /data/local/tmp/stage2_9_model_pair_a961db72e75d/qwen2.5-1.5b-stage291-hmx-f16.gguf (version GGUF V3 (latest))
llama_model_loader: Dumping metadata keys/values. Note: KV overrides do not apply in this output.
llama_model_loader: - kv   0:                       general.architecture str              = qwen2
llama_model_loader: - kv   1:                               general.type str              = model
llama_model_loader: - kv   2:                               general.name str              = Qwen2.5 1.5b
llama_model_loader: - kv   3:                           general.basename str              = qwen2.5
llama_model_loader: - kv   4:                         general.size_label str              = 1.5B
llama_model_loader: - kv   5:                            general.license str              = apache-2.0
llama_model_loader: - kv   6:                       general.license.link str              = https://huggingface.co/Qwen/Qwen2.5-1...
llama_model_loader: - kv   7:                               general.tags arr[str,1]       = ["text-generation"]
llama_model_loader: - kv   8:                          general.languages arr[str,1]       = ["en"]
llama_model_loader: - kv   9:                          qwen2.block_count u32              = 28
llama_model_loader: - kv  10:                       qwen2.context_length u32              = 131072
llama_model_loader: - kv  11:                     qwen2.embedding_length u32              = 1536
llama_model_loader: - kv  12:                  qwen2.feed_forward_length u32              = 8960
llama_model_loader: - kv  13:                 qwen2.attention.head_count u32              = 12
llama_model_loader: - kv  14:              qwen2.attention.head_count_kv u32              = 2
llama_model_loader: - kv  15:                       qwen2.rope.freq_base f32              = 1000000.000000
llama_model_loader: - kv  16:     qwen2.attention.layer_norm_rms_epsilon f32              = 0.000001
llama_model_loader: - kv  17:                          general.file_type u32              = 1
llama_model_loader: - kv  18:                       tokenizer.ggml.model str              = gpt2
llama_model_loader: - kv  19:                         tokenizer.ggml.pre str              = qwen2
llama_model_loader: - kv  20:                      tokenizer.ggml.tokens arr[str,151936]  = ["!", "\"", "#", "$", "%", "&", "'", ...
llama_model_loader: - kv  21:                  tokenizer.ggml.token_type arr[i32,151936]  = [1, 1, 1, 1, 1, 1, 1, 1, 1, 1, 1, 1, ...
llama_model_loader: - kv  22:                      tokenizer.ggml.merges arr[str,151387]  = ["Ġ Ġ", "ĠĠ ĠĠ", "i n", "Ġ t",...
llama_model_loader: - kv  23:                tokenizer.ggml.eos_token_id u32              = 151643
llama_model_loader: - kv  24:            tokenizer.ggml.padding_token_id u32              = 151643
llama_model_loader: - kv  25:                tokenizer.ggml.bos_token_id u32              = 151643
llama_model_loader: - kv  26:               tokenizer.ggml.add_bos_token bool             = false
llama_model_loader: - kv  27:                    tokenizer.chat_template str              = {%- if tools %}\n    {{- '<|im_start|>...
llama_model_loader: - kv  28:               general.quantization_version u32              = 2
llama_model_loader: - type  f32:  141 tensors
llama_model_loader: - type  f16:  197 tensors
llm_load_vocab: special tokens cache size = 22
llm_load_vocab: token to piece cache size = 0.9310 MB
llm_load_print_meta: format           = GGUF V3 (latest)
llm_load_print_meta: arch             = qwen2
llm_load_print_meta: vocab type       = BPE
llm_load_print_meta: n_vocab          = 151936
llm_load_print_meta: n_merges         = 151387
llm_load_print_meta: vocab_only       = 0
llm_load_print_meta: n_ctx_train      = 131072
llm_load_print_meta: n_embd           = 1536
llm_load_print_meta: n_layer          = 28
llm_load_print_meta: n_head           = 12
llm_load_print_meta: n_head_kv        = 2
llm_load_print_meta: n_rot            = 128
llm_load_print_meta: n_swa            = 0
llm_load_print_meta: n_embd_head_k    = 128
llm_load_print_meta: n_embd_head_v    = 128
llm_load_print_meta: n_gqa            = 6
llm_load_print_meta: n_embd_k_gqa     = 256
llm_load_print_meta: n_embd_v_gqa     = 256
llm_load_print_meta: f_norm_eps       = 0.0e+00
llm_load_print_meta: f_norm_rms_eps   = 1.0e-06
llm_load_print_meta: f_clamp_kqv      = 0.0e+00
llm_load_print_meta: f_max_alibi_bias = 0.0e+00
llm_load_print_meta: f_logit_scale    = 0.0e+00
llm_load_print_meta: n_ff             = 8960
llm_load_print_meta: n_expert         = 0
llm_load_print_meta: n_expert_used    = 0
llm_load_print_meta: causal attn      = 1
llm_load_print_meta: pooling type     = 0
llm_load_print_meta: rope type        = 2
llm_load_print_meta: rope scaling     = linear
llm_load_print_meta: freq_base_train  = 1000000.0
llm_load_print_meta: freq_scale_train = 1
llm_load_print_meta: n_ctx_orig_yarn  = 131072
llm_load_print_meta: rope_finetuned   = unknown
llm_load_print_meta: ssm_d_conv       = 0
llm_load_print_meta: ssm_d_inner      = 0
llm_load_print_meta: ssm_d_state      = 0
llm_load_print_meta: ssm_dt_rank      = 0
llm_load_print_meta: ssm_dt_b_c_rms   = 0
llm_load_print_meta: model type       = 1.5B
llm_load_print_meta: model ftype      = F16
llm_load_print_meta: model params     = 1.54 B
llm_load_print_meta: model size       = 2.88 GiB (16.00 BPW) 
llm_load_print_meta: general.name     = Qwen2.5 1.5b
llm_load_print_meta: BOS token        = 151643 '<|endoftext|>'
llm_load_print_meta: EOS token        = 151643 '<|endoftext|>'
llm_load_print_meta: EOT token        = 151645 '<|im_end|>'
llm_load_print_meta: PAD token        = 151643 '<|endoftext|>'
llm_load_print_meta: LF token         = 148848 'ÄĬ'
llm_load_print_meta: FIM PRE token    = 151659 '<|fim_prefix|>'
llm_load_print_meta: FIM SUF token    = 151661 '<|fim_suffix|>'
llm_load_print_meta: FIM MID token    = 151660 '<|fim_middle|>'
llm_load_print_meta: FIM PAD token    = 151662 '<|fim_pad|>'
llm_load_print_meta: FIM REP token    = 151663 '<|repo_name|>'
llm_load_print_meta: FIM SEP token    = 151664 '<|file_sep|>'
llm_load_print_meta: EOG token        = 151643 '<|endoftext|>'
llm_load_print_meta: EOG token        = 151645 '<|im_end|>'
llm_load_print_meta: EOG token        = 151662 '<|fim_pad|>'
llm_load_print_meta: EOG token        = 151663 '<|repo_name|>'
llm_load_print_meta: EOG token        = 151664 '<|file_sep|>'
llm_load_print_meta: max token length = 256
RPCMEM alloc size = 241.56445 MiB
RPCMEM alloc size = 241.55859 MiB
RPCMEM alloc size = 241.55859 MiB
RPCMEM alloc size = 231.03906 MiB
RPCMEM alloc size = 241.55859 MiB
RPCMEM alloc size = 241.55859 MiB
RPCMEM alloc size = 231.03906 MiB
RPCMEM alloc size = 241.55859 MiB
RPCMEM alloc size = 241.55859 MiB
RPCMEM alloc size = 231.03906 MiB
RPCMEM alloc size = 115.51953 MiB
llm_load_tensors:   CPU_Mapped model buffer size =   445.12 MiB
llm_load_tensors:       RPCMEM model buffer size =  2499.55 MiB
......................................................................................
llama_new_context_with_model: n_seq_max     = 1
llama_new_context_with_model: n_ctx         = 512
llama_new_context_with_model: n_ctx_per_seq = 512
llama_new_context_with_model: n_batch       = 512
llama_new_context_with_model: n_ubatch      = 64
Initializing HTP backend... (You should see this once)
llama_new_context_with_model: flash_attn    = 1
llama_new_context_with_model: freq_base     = 1000000.0
llama_new_context_with_model: freq_scale    = 1
llama_new_context_with_model: n_ctx_per_seq (512) < n_ctx_train (131072) -- the full capacity of the model will not be utilized
llama_kv_cache_init: kv_size = 512, offload = 1, type_k = 'f16', type_v = 'f16', n_layer = 28
RPCMEM alloc size = 14.00000 MiB
llama_kv_cache_init:     RPCMEM KV buffer size =    14.00 MiB
llama_new_context_with_model: KV self size  =   14.00 MiB, K (f16):    7.00 MiB, V (f16):    7.00 MiB
llama_new_context_with_model:        CPU  output buffer size =     0.58 MiB
RPCMEM alloc size = 5.68799 MiB
llama_new_context_with_model:     RPCMEM compute buffer size =     5.69 MiB
llama_new_context_with_model:        CPU compute buffer size =    37.09 MiB
llama_new_context_with_model: graph nodes  = 875
llama_new_context_with_model: graph splits = 3
common_init_from_params: setting dry_penalty_last_n to ctx_size = 512
common_init_from_params: warming up the model with an empty run - please wait ... (--no-warmup to disable)
STAGE29_BACKEND_CONFIRM backend=my-htp mode=baseline flags=4194304 scheduler=stage2_75_adaptive kernel=d7_pairret_noinline softmax=fused_state_update
MODEL_MATMUL_AUDIT_JSON {"tensor":"blk.0.attn_q.weight","output":"Qcur-0","dtype":"f16","m":2,"k":1536,"n":1536,"sample_m":2,"sample_n":16,"relative_l2":0.000602484393,"max_abs":0.000394660106,"nonfinite_count":0,"pass":true,"divergence_ordinal":0}
MODEL_MATMUL_AUDIT_JSON {"tensor":"blk.0.attn_k.weight","output":"Kcur-0","dtype":"f16","m":2,"k":1536,"n":256,"sample_m":2,"sample_n":16,"relative_l2":0.000771102288,"max_abs":0.00258584251,"nonfinite_count":0,"pass":true,"divergence_ordinal":0}
MODEL_MATMUL_AUDIT_JSON {"tensor":"blk.0.attn_v.weight","output":"Vcur-0","dtype":"f16","m":2,"k":1536,"n":256,"sample_m":2,"sample_n":16,"relative_l2":0.000732539244,"max_abs":0.000435538765,"nonfinite_count":0,"pass":true,"divergence_ordinal":0}
MODEL_MATMUL_AUDIT_JSON {"tensor":"blk.0.attn_output.weight","output":"kqv_out-0","dtype":"f16","m":2,"k":1536,"n":1536,"sample_m":2,"sample_n":16,"relative_l2":0.000745000482,"max_abs":0.000363946223,"nonfinite_count":0,"pass":true,"divergence_ordinal":0}
MODEL_MATMUL_AUDIT_JSON {"tensor":"blk.0.ffn_gate.weight","output":"ffn_gate-0","dtype":"f16","m":2,"k":1536,"n":8960,"sample_m":2,"sample_n":16,"relative_l2":0.000580268518,"max_abs":0.000575684593,"nonfinite_count":0,"pass":true,"divergence_ordinal":0}
MODEL_MATMUL_AUDIT_JSON {"tensor":"blk.0.ffn_up.weight","output":"ffn_up-0","dtype":"f16","m":2,"k":1536,"n":8960,"sample_m":2,"sample_n":16,"relative_l2":0.000497173316,"max_abs":0.000615732744,"nonfinite_count":0,"pass":true,"divergence_ordinal":0}
MODEL_MATMUL_AUDIT_JSON {"tensor":"blk.0.ffn_down.weight","output":"ffn_out-0","dtype":"f16","m":2,"k":8960,"n":1536,"sample_m":2,"sample_n":16,"relative_l2":0.000596683521,"max_abs":0.00135562441,"nonfinite_count":0,"pass":true,"divergence_ordinal":0}
MODEL_MATMUL_AUDIT_JSON {"tensor":"blk.1.attn_q.weight","output":"Qcur-1","dtype":"f16","m":2,"k":1536,"n":1536,"sample_m":2,"sample_n":16,"relative_l2":0.000747639549,"max_abs":0.0027016371,"nonfinite_count":0,"pass":true,"divergence_ordinal":0}
MODEL_MATMUL_AUDIT_JSON {"tensor":"blk.1.attn_k.weight","output":"Kcur-1","dtype":"f16","m":2,"k":1536,"n":256,"sample_m":2,"sample_n":16,"relative_l2":0.00068430179,"max_abs":0.00275080698,"nonfinite_count":0,"pass":true,"divergence_ordinal":0}
MODEL_MATMUL_AUDIT_JSON {"tensor":"blk.1.attn_v.weight","output":"Vcur-1","dtype":"f16","m":2,"k":1536,"n":256,"sample_m":2,"sample_n":16,"relative_l2":0.000292443301,"max_abs":0.000647506968,"nonfinite_count":0,"pass":true,"divergence_ordinal":0}
MODEL_MATMUL_AUDIT_JSON {"tensor":"blk.1.attn_output.weight","output":"kqv_out-1","dtype":"f16","m":2,"k":1536,"n":1536,"sample_m":2,"sample_n":16,"relative_l2":0.000727311066,"max_abs":0.000714693801,"nonfinite_count":0,"pass":true,"divergence_ordinal":0}
MODEL_MATMUL_AUDIT_JSON {"tensor":"blk.1.ffn_gate.weight","output":"ffn_gate-1","dtype":"f16","m":2,"k":1536,"n":8960,"sample_m":2,"sample_n":16,"relative_l2":0.00059881338,"max_abs":0.00563201029,"nonfinite_count":0,"pass":true,"divergence_ordinal":0}
MODEL_MATMUL_AUDIT_JSON {"tensor":"blk.1.ffn_up.weight","output":"ffn_up-1","dtype":"f16","m":2,"k":1536,"n":8960,"sample_m":2,"sample_n":16,"relative_l2":0.000558109941,"max_abs":0.00242323615,"nonfinite_count":0,"pass":true,"divergence_ordinal":0}
MODEL_MATMUL_AUDIT_JSON {"tensor":"blk.1.ffn_down.weight","output":"ffn_out-1","dtype":"f16","m":2,"k":8960,"n":1536,"sample_m":2,"sample_n":16,"relative_l2":0.000488878795,"max_abs":0.0191457644,"nonfinite_count":0,"pass":true,"divergence_ordinal":0}
MODEL_MATMUL_AUDIT_JSON {"tensor":"blk.2.attn_q.weight","output":"Qcur-2","dtype":"f16","m":2,"k":1536,"n":1536,"sample_m":2,"sample_n":16,"relative_l2":0.000650116072,"max_abs":0.00077740493,"nonfinite_count":0,"pass":true,"divergence_ordinal":0}
MODEL_MATMUL_AUDIT_JSON {"tensor":"blk.2.attn_k.weight","output":"Kcur-2","dtype":"f16","m":2,"k":1536,"n":256,"sample_m":2,"sample_n":16,"relative_l2":0.00043560724,"max_abs":0.000758328824,"nonfinite_count":0,"pass":true,"divergence_ordinal":0}
MODEL_MATMUL_AUDIT_JSON {"tensor":"blk.2.attn_v.weight","output":"Vcur-2","dtype":"f16","m":2,"k":1536,"n":256,"sample_m":2,"sample_n":16,"relative_l2":0.000514204668,"max_abs":0.000139758908,"nonfinite_count":0,"pass":true,"divergence_ordinal":0}
MODEL_MATMUL_AUDIT_JSON {"tensor":"blk.2.attn_output.weight","output":"kqv_out-2","dtype":"f16","m":2,"k":1536,"n":1536,"sample_m":2,"sample_n":16,"relative_l2":0.000717252943,"max_abs":8.36094405e-05,"nonfinite_count":0,"pass":true,"divergence_ordinal":0}
MODEL_MATMUL_AUDIT_JSON {"tensor":"blk.2.ffn_gate.weight","output":"ffn_gate-2","dtype":"f16","m":2,"k":1536,"n":8960,"sample_m":2,"sample_n":16,"relative_l2":0.000403080407,"max_abs":0.00483505428,"nonfinite_count":0,"pass":true,"divergence_ordinal":0}
MODEL_MATMUL_AUDIT_JSON {"tensor":"blk.2.ffn_up.weight","output":"ffn_up-2","dtype":"f16","m":2,"k":1536,"n":8960,"sample_m":2,"sample_n":16,"relative_l2":0.000515792963,"max_abs":0.00130077987,"nonfinite_count":0,"pass":true,"divergence_ordinal":0}
MODEL_MATMUL_AUDIT_JSON {"tensor":"blk.2.ffn_down.weight","output":"ffn_out-2","dtype":"f16","m":2,"k":8960,"n":1536,"sample_m":2,"sample_n":16,"relative_l2":0.000436157559,"max_abs":0.0105400868,"nonfinite_count":0,"pass":true,"divergence_ordinal":0}
MODEL_MATMUL_AUDIT_JSON {"tensor":"blk.3.attn_q.weight","output":"Qcur-3","dtype":"f16","m":2,"k":1536,"n":1536,"sample_m":2,"sample_n":16,"relative_l2":0.000634130579,"max_abs":0.000680872297,"nonfinite_count":0,"pass":true,"divergence_ordinal":0}
MODEL_MATMUL_AUDIT_JSON {"tensor":"blk.3.attn_k.weight","output":"Kcur-3","dtype":"f16","m":2,"k":1536,"n":256,"sample_m":2,"sample_n":16,"relative_l2":0.000402596065,"max_abs":0.00159869343,"nonfinite_count":0,"pass":true,"divergence_ordinal":0}
MODEL_MATMUL_AUDIT_JSON {"tensor":"blk.3.attn_v.weight","output":"Vcur-3","dtype":"f16","m":2,"k":1536,"n":256,"sample_m":2,"sample_n":16,"relative_l2":0.000171927311,"max_abs":0.00015670569,"nonfinite_count":0,"pass":true,"divergence_ordinal":0}
MODEL_MATMUL_AUDIT_JSON {"tensor":"blk.3.attn_output.weight","output":"kqv_out-3","dtype":"f16","m":2,"k":1536,"n":1536,"sample_m":2,"sample_n":16,"relative_l2":0.000564056209,"max_abs":8.31740035e-05,"nonfinite_count":0,"pass":true,"divergence_ordinal":0}
MODEL_MATMUL_AUDIT_JSON {"tensor":"blk.3.ffn_gate.weight","output":"ffn_gate-3","dtype":"f16","m":2,"k":1536,"n":8960,"sample_m":2,"sample_n":16,"relative_l2":0.000662218851,"max_abs":0.0063250172,"nonfinite_count":0,"pass":true,"divergence_ordinal":0}
MODEL_MATMUL_AUDIT_JSON {"tensor":"blk.3.ffn_up.weight","output":"ffn_up-3","dtype":"f16","m":2,"k":1536,"n":8960,"sample_m":2,"sample_n":16,"relative_l2":0.000480782558,"max_abs":0.00144540682,"nonfinite_count":0,"pass":true,"divergence_ordinal":0}
MODEL_MATMUL_AUDIT_JSON {"tensor":"blk.3.ffn_down.weight","output":"ffn_out-3","dtype":"f16","m":2,"k":8960,"n":1536,"sample_m":2,"sample_n":16,"relative_l2":0.000498059152,"max_abs":0.00346817658,"nonfinite_count":0,"pass":true,"divergence_ordinal":0}
MODEL_MATMUL_AUDIT_JSON {"tensor":"blk.4.attn_q.weight","output":"Qcur-4","dtype":"f16","m":2,"k":1536,"n":1536,"sample_m":2,"sample_n":16,"relative_l2":0.000773763625,"max_abs":0.000677037518,"nonfinite_count":0,"pass":true,"divergence_ordinal":0}
MODEL_MATMUL_AUDIT_JSON {"tensor":"blk.4.attn_k.weight","output":"Kcur-4","dtype":"f16","m":2,"k":1536,"n":256,"sample_m":2,"sample_n":16,"relative_l2":0.000492831096,"max_abs":0.000692585192,"nonfinite_count":0,"pass":true,"divergence_ordinal":0}
MODEL_MATMUL_AUDIT_JSON {"tensor":"blk.4.attn_v.weight","output":"Vcur-4","dtype":"f16","m":2,"k":1536,"n":256,"sample_m":2,"sample_n":16,"relative_l2":0.00078672294,"max_abs":9.31860195e-05,"nonfinite_count":0,"pass":true,"divergence_ordinal":0}
MODEL_MATMUL_AUDIT_JSON {"tensor":"blk.4.attn_output.weight","output":"kqv_out-4","dtype":"f16","m":2,"k":1536,"n":1536,"sample_m":2,"sample_n":16,"relative_l2":0.00069828473,"max_abs":8.8725501e-05,"nonfinite_count":0,"pass":true,"divergence_ordinal":0}
MODEL_MATMUL_AUDIT_JSON {"tensor":"blk.4.ffn_gate.weight","output":"ffn_gate-4","dtype":"f16","m":2,"k":1536,"n":8960,"sample_m":2,"sample_n":16,"relative_l2":0.000543762516,"max_abs":0.00457293401,"nonfinite_count":0,"pass":true,"divergence_ordinal":0}
MODEL_MATMUL_AUDIT_JSON {"tensor":"blk.4.ffn_up.weight","output":"ffn_up-4","dtype":"f16","m":2,"k":1536,"n":8960,"sample_m":2,"sample_n":16,"relative_l2":0.00058039475,"max_abs":0.000827312877,"nonfinite_count":0,"pass":true,"divergence_ordinal":0}
MODEL_MATMUL_AUDIT_JSON {"tensor":"blk.4.ffn_down.weight","output":"ffn_out-4","dtype":"f16","m":2,"k":8960,"n":1536,"sample_m":2,"sample_n":16,"relative_l2":0.000614344442,"max_abs":0.00156887714,"nonfinite_count":0,"pass":true,"divergence_ordinal":0}
MODEL_MATMUL_AUDIT_JSON {"tensor":"blk.5.attn_q.weight","output":"Qcur-5","dtype":"f16","m":2,"k":1536,"n":1536,"sample_m":2,"sample_n":16,"relative_l2":0.000377174903,"max_abs":0.000717273215,"nonfinite_count":0,"pass":true,"divergence_ordinal":0}
MODEL_MATMUL_AUDIT_JSON {"tensor":"blk.5.attn_k.weight","output":"Kcur-5","dtype":"f16","m":2,"k":1536,"n":256,"sample_m":2,"sample_n":16,"relative_l2":0.000687953816,"max_abs":0.00070838118,"nonfinite_count":0,"pass":true,"divergence_ordinal":0}
MODEL_MATMUL_AUDIT_JSON {"tensor":"blk.5.attn_v.weight","output":"Vcur-5","dtype":"f16","m":2,"k":1536,"n":256,"sample_m":2,"sample_n":16,"relative_l2":0.0004806498,"max_abs":8.17837572e-05,"nonfinite_count":0,"pass":true,"divergence_ordinal":0}
MODEL_MATMUL_AUDIT_JSON {"tensor":"blk.5.attn_output.weight","output":"kqv_out-5","dtype":"f16","m":2,"k":1536,"n":1536,"sample_m":2,"sample_n":16,"relative_l2":0.000632420882,"max_abs":0.000175292676,"nonfinite_count":0,"pass":true,"divergence_ordinal":0}
MODEL_MATMUL_AUDIT_JSON {"tensor":"blk.5.ffn_gate.weight","output":"ffn_gate-5","dtype":"f16","m":2,"k":1536,"n":8960,"sample_m":2,"sample_n":16,"relative_l2":0.000800986942,"max_abs":0.00582673168,"nonfinite_count":0,"pass":true,"divergence_ordinal":0}
MODEL_MATMUL_AUDIT_JSON {"tensor":"blk.5.ffn_up.weight","output":"ffn_up-5","dtype":"f16","m":2,"k":1536,"n":8960,"sample_m":2,"sample_n":16,"relative_l2":0.000530892385,"max_abs":0.000560380577,"nonfinite_count":0,"pass":true,"divergence_ordinal":0}
MODEL_MATMUL_AUDIT_JSON {"tensor":"blk.5.ffn_down.weight","output":"ffn_out-5","dtype":"f16","m":2,"k":8960,"n":1536,"sample_m":2,"sample_n":16,"relative_l2":0.000576441464,"max_abs":0.00298731122,"nonfinite_count":0,"pass":true,"divergence_ordinal":0}
MODEL_MATMUL_AUDIT_JSON {"tensor":"blk.6.attn_q.weight","output":"Qcur-6","dtype":"f16","m":2,"k":1536,"n":1536,"sample_m":2,"sample_n":16,"relative_l2":0.000374819508,"max_abs":0.000732143817,"nonfinite_count":0,"pass":true,"divergence_ordinal":0}
MODEL_MATMUL_AUDIT_JSON {"tensor":"blk.6.attn_k.weight","output":"Kcur-6","dtype":"f16","m":2,"k":1536,"n":256,"sample_m":2,"sample_n":16,"relative_l2":0.000811317041,"max_abs":0.0013869704,"nonfinite_count":0,"pass":true,"divergence_ordinal":0}
MODEL_MATMUL_AUDIT_JSON {"tensor":"blk.6.attn_v.weight","output":"Vcur-6","dtype":"f16","m":2,"k":1536,"n":256,"sample_m":2,"sample_n":16,"relative_l2":0.000810992611,"max_abs":0.000129810971,"nonfinite_count":0,"pass":true,"divergence_ordinal":0}
MODEL_MATMUL_AUDIT_JSON {"tensor":"blk.6.attn_output.weight","output":"kqv_out-6","dtype":"f16","m":2,"k":1536,"n":1536,"sample_m":2,"sample_n":16,"relative_l2":0.000600497351,"max_abs":8.92991666e-05,"nonfinite_count":0,"pass":true,"divergence_ordinal":0}
MODEL_MATMUL_AUDIT_JSON {"tensor":"blk.6.ffn_gate.weight","output":"ffn_gate-6","dtype":"f16","m":2,"k":1536,"n":8960,"sample_m":2,"sample_n":16,"relative_l2":0.000520246894,"max_abs":0.00222285395,"nonfinite_count":0,"pass":true,"divergence_ordinal":0}
MODEL_MATMUL_AUDIT_JSON {"tensor":"blk.6.ffn_up.weight","output":"ffn_up-6","dtype":"f16","m":2,"k":1536,"n":8960,"sample_m":2,"sample_n":16,"relative_l2":0.000952399249,"max_abs":0.00145627488,"nonfinite_count":0,"pass":true,"divergence_ordinal":0}
MODEL_MATMUL_AUDIT_JSON {"tensor":"blk.6.ffn_down.weight","output":"ffn_out-6","dtype":"f16","m":2,"k":8960,"n":1536,"sample_m":2,"sample_n":16,"relative_l2":0.0004186726,"max_abs":0.000403956685,"nonfinite_count":0,"pass":true,"divergence_ordinal":0}
MODEL_MATMUL_AUDIT_JSON {"tensor":"blk.7.attn_q.weight","output":"Qcur-7","dtype":"f16","m":2,"k":1536,"n":1536,"sample_m":2,"sample_n":16,"relative_l2":0.000585708401,"max_abs":0.000601213833,"nonfinite_count":0,"pass":true,"divergence_ordinal":0}
MODEL_MATMUL_AUDIT_JSON {"tensor":"blk.7.attn_k.weight","output":"Kcur-7","dtype":"f16","m":2,"k":1536,"n":256,"sample_m":2,"sample_n":16,"relative_l2":0.00070041897,"max_abs":0.00123659568,"nonfinite_count":0,"pass":true,"divergence_ordinal":0}
MODEL_MATMUL_AUDIT_JSON {"tensor":"blk.7.attn_v.weight","output":"Vcur-7","dtype":"f16","m":2,"k":1536,"n":256,"sample_m":2,"sample_n":16,"relative_l2":0.000659568655,"max_abs":0.000166264319,"nonfinite_count":0,"pass":true,"divergence_ordinal":0}
MODEL_MATMUL_AUDIT_JSON {"tensor":"blk.7.attn_output.weight","output":"kqv_out-7","dtype":"f16","m":2,"k":1536,"n":1536,"sample_m":2,"sample_n":16,"relative_l2":0.000521398399,"max_abs":0.000123166537,"nonfinite_count":0,"pass":true,"divergence_ordinal":0}
MODEL_MATMUL_AUDIT_JSON {"tensor":"blk.7.ffn_gate.weight","output":"ffn_gate-7","dtype":"f16","m":2,"k":1536,"n":8960,"sample_m":2,"sample_n":16,"relative_l2":0.000415111331,"max_abs":0.000782545132,"nonfinite_count":0,"pass":true,"divergence_ordinal":0}
MODEL_MATMUL_AUDIT_JSON {"tensor":"blk.7.ffn_up.weight","output":"ffn_up-7","dtype":"f16","m":2,"k":1536,"n":8960,"sample_m":2,"sample_n":16,"relative_l2":0.000694614251,"max_abs":0.000765624689,"nonfinite_count":0,"pass":true,"divergence_ordinal":0}
MODEL_MATMUL_AUDIT_JSON {"tensor":"blk.7.ffn_down.weight","output":"ffn_out-7","dtype":"f16","m":2,"k":8960,"n":1536,"sample_m":2,"sample_n":16,"relative_l2":0.000519698238,"max_abs":0.000433782465,"nonfinite_count":0,"pass":true,"divergence_ordinal":0}
MODEL_MATMUL_AUDIT_JSON {"tensor":"blk.8.attn_q.weight","output":"Qcur-8","dtype":"f16","m":2,"k":1536,"n":1536,"sample_m":2,"sample_n":16,"relative_l2":0.000575750861,"max_abs":0.000761822448,"nonfinite_count":0,"pass":true,"divergence_ordinal":0}
MODEL_MATMUL_AUDIT_JSON {"tensor":"blk.8.attn_k.weight","output":"Kcur-8","dtype":"f16","m":2,"k":1536,"n":256,"sample_m":2,"sample_n":16,"relative_l2":0.000313165268,"max_abs":0.00032353765,"nonfinite_count":0,"pass":true,"divergence_ordinal":0}
MODEL_MATMUL_AUDIT_JSON {"tensor":"blk.8.attn_v.weight","output":"Vcur-8","dtype":"f16","m":2,"k":1536,"n":256,"sample_m":2,"sample_n":16,"relative_l2":0.000784308334,"max_abs":5.47915079e-05,"nonfinite_count":0,"pass":true,"divergence_ordinal":0}
MODEL_MATMUL_AUDIT_JSON {"tensor":"blk.8.attn_output.weight","output":"kqv_out-8","dtype":"f16","m":2,"k":1536,"n":1536,"sample_m":2,"sample_n":16,"relative_l2":0.000477075496,"max_abs":5.11472135e-05,"nonfinite_count":0,"pass":true,"divergence_ordinal":0}
MODEL_MATMUL_AUDIT_JSON {"tensor":"blk.8.ffn_gate.weight","output":"ffn_gate-8","dtype":"f16","m":2,"k":1536,"n":8960,"sample_m":2,"sample_n":16,"relative_l2":0.00083179482,"max_abs":0.00138260738,"nonfinite_count":0,"pass":true,"divergence_ordinal":0}
MODEL_MATMUL_AUDIT_JSON {"tensor":"blk.8.ffn_up.weight","output":"ffn_up-8","dtype":"f16","m":2,"k":1536,"n":8960,"sample_m":2,"sample_n":16,"relative_l2":0.000703368116,"max_abs":0.000696671021,"nonfinite_count":0,"pass":true,"divergence_ordinal":0}
MODEL_MATMUL_AUDIT_JSON {"tensor":"blk.8.ffn_down.weight","output":"ffn_out-8","dtype":"f16","m":2,"k":8960,"n":1536,"sample_m":2,"sample_n":16,"relative_l2":0.000526556148,"max_abs":0.000379839592,"nonfinite_count":0,"pass":true,"divergence_ordinal":0}
MODEL_MATMUL_AUDIT_JSON {"tensor":"blk.9.attn_q.weight","output":"Qcur-9","dtype":"f16","m":2,"k":1536,"n":1536,"sample_m":2,"sample_n":16,"relative_l2":0.000616544773,"max_abs":0.000669635541,"nonfinite_count":0,"pass":true,"divergence_ordinal":0}
MODEL_MATMUL_AUDIT_JSON {"tensor":"blk.9.attn_k.weight","output":"Kcur-9","dtype":"f16","m":2,"k":1536,"n":256,"sample_m":2,"sample_n":16,"relative_l2":0.000322229009,"max_abs":0.000676278665,"nonfinite_count":0,"pass":true,"divergence_ordinal":0}
MODEL_MATMUL_AUDIT_JSON {"tensor":"blk.9.attn_v.weight","output":"Vcur-9","dtype":"f16","m":2,"k":1536,"n":256,"sample_m":2,"sample_n":16,"relative_l2":0.000576077107,"max_abs":4.70180166e-05,"nonfinite_count":0,"pass":true,"divergence_ordinal":0}
MODEL_MATMUL_AUDIT_JSON {"tensor":"blk.9.attn_output.weight","output":"kqv_out-9","dtype":"f16","m":2,"k":1536,"n":1536,"sample_m":2,"sample_n":16,"relative_l2":0.000611414452,"max_abs":7.44200806e-05,"nonfinite_count":0,"pass":true,"divergence_ordinal":0}
MODEL_MATMUL_AUDIT_JSON {"tensor":"blk.9.ffn_gate.weight","output":"ffn_gate-9","dtype":"f16","m":2,"k":1536,"n":8960,"sample_m":2,"sample_n":16,"relative_l2":0.000396591073,"max_abs":0.000631122733,"nonfinite_count":0,"pass":true,"divergence_ordinal":0}
MODEL_MATMUL_AUDIT_JSON {"tensor":"blk.9.ffn_up.weight","output":"ffn_up-9","dtype":"f16","m":2,"k":1536,"n":8960,"sample_m":2,"sample_n":16,"relative_l2":0.000670121202,"max_abs":0.000719910779,"nonfinite_count":0,"pass":true,"divergence_ordinal":0}
MODEL_MATMUL_AUDIT_JSON {"tensor":"blk.9.ffn_down.weight","output":"ffn_out-9","dtype":"f16","m":2,"k":8960,"n":1536,"sample_m":2,"sample_n":16,"relative_l2":0.000823905551,"max_abs":0.000749268336,"nonfinite_count":0,"pass":true,"divergence_ordinal":0}
MODEL_MATMUL_AUDIT_JSON {"tensor":"blk.10.attn_q.weight","output":"Qcur-10","dtype":"f16","m":2,"k":1536,"n":1536,"sample_m":2,"sample_n":16,"relative_l2":0.000569141136,"max_abs":0.000164365934,"nonfinite_count":0,"pass":true,"divergence_ordinal":0}
MODEL_MATMUL_AUDIT_JSON {"tensor":"blk.10.attn_k.weight","output":"Kcur-10","dtype":"f16","m":2,"k":1536,"n":256,"sample_m":2,"sample_n":16,"relative_l2":0.000530418555,"max_abs":0.000550587021,"nonfinite_count":0,"pass":true,"divergence_ordinal":0}
MODEL_MATMUL_AUDIT_JSON {"tensor":"blk.10.attn_v.weight","output":"Vcur-10","dtype":"f16","m":2,"k":1536,"n":256,"sample_m":2,"sample_n":16,"relative_l2":0.00062847629,"max_abs":7.24818237e-05,"nonfinite_count":0,"pass":true,"divergence_ordinal":0}
MODEL_MATMUL_AUDIT_JSON {"tensor":"blk.10.attn_output.weight","output":"kqv_out-10","dtype":"f16","m":2,"k":1536,"n":1536,"sample_m":2,"sample_n":16,"relative_l2":0.000796785328,"max_abs":0.000179214898,"nonfinite_count":0,"pass":true,"divergence_ordinal":0}
MODEL_MATMUL_AUDIT_JSON {"tensor":"blk.10.ffn_gate.weight","output":"ffn_gate-10","dtype":"f16","m":2,"k":1536,"n":8960,"sample_m":2,"sample_n":16,"relative_l2":0.000633644157,"max_abs":0.00164482801,"nonfinite_count":0,"pass":true,"divergence_ordinal":0}
MODEL_MATMUL_AUDIT_JSON {"tensor":"blk.10.ffn_up.weight","output":"ffn_up-10","dtype":"f16","m":2,"k":1536,"n":8960,"sample_m":2,"sample_n":16,"relative_l2":0.000620175786,"max_abs":0.000750399893,"nonfinite_count":0,"pass":true,"divergence_ordinal":0}
MODEL_MATMUL_AUDIT_JSON {"tensor":"blk.10.ffn_down.weight","output":"ffn_out-10","dtype":"f16","m":2,"k":8960,"n":1536,"sample_m":2,"sample_n":16,"relative_l2":0.000585264039,"max_abs":0.000283885893,"nonfinite_count":0,"pass":true,"divergence_ordinal":0}
MODEL_MATMUL_AUDIT_JSON {"tensor":"blk.11.attn_q.weight","output":"Qcur-11","dtype":"f16","m":2,"k":1536,"n":1536,"sample_m":2,"sample_n":16,"relative_l2":0.000536989481,"max_abs":0.000315946556,"nonfinite_count":0,"pass":true,"divergence_ordinal":0}
MODEL_MATMUL_AUDIT_JSON {"tensor":"blk.11.attn_k.weight","output":"Kcur-11","dtype":"f16","m":2,"k":1536,"n":256,"sample_m":2,"sample_n":16,"relative_l2":0.000695093118,"max_abs":0.00138949417,"nonfinite_count":0,"pass":true,"divergence_ordinal":0}
MODEL_MATMUL_AUDIT_JSON {"tensor":"blk.11.attn_v.weight","output":"Vcur-11","dtype":"f16","m":2,"k":1536,"n":256,"sample_m":2,"sample_n":16,"relative_l2":0.000650615086,"max_abs":8.01245842e-05,"nonfinite_count":0,"pass":true,"divergence_ordinal":0}
MODEL_MATMUL_AUDIT_JSON {"tensor":"blk.11.attn_output.weight","output":"kqv_out-11","dtype":"f16","m":2,"k":1536,"n":1536,"sample_m":2,"sample_n":16,"relative_l2":0.000668648999,"max_abs":0.000364593201,"nonfinite_count":0,"pass":true,"divergence_ordinal":0}
MODEL_MATMUL_AUDIT_JSON {"tensor":"blk.11.ffn_gate.weight","output":"ffn_gate-11","dtype":"f16","m":2,"k":1536,"n":8960,"sample_m":2,"sample_n":16,"relative_l2":0.000444524413,"max_abs":0.000507223071,"nonfinite_count":0,"pass":true,"divergence_ordinal":0}
MODEL_MATMUL_AUDIT_JSON {"tensor":"blk.11.ffn_up.weight","output":"ffn_up-11","dtype":"f16","m":2,"k":1536,"n":8960,"sample_m":2,"sample_n":16,"relative_l2":0.000738778323,"max_abs":0.00115986599,"nonfinite_count":0,"pass":true,"divergence_ordinal":0}
MODEL_MATMUL_AUDIT_JSON {"tensor":"blk.11.ffn_down.weight","output":"ffn_out-11","dtype":"f16","m":2,"k":8960,"n":1536,"sample_m":2,"sample_n":16,"relative_l2":0.000548885207,"max_abs":0.00043692399,"nonfinite_count":0,"pass":true,"divergence_ordinal":0}
MODEL_MATMUL_AUDIT_JSON {"tensor":"blk.12.attn_q.weight","output":"Qcur-12","dtype":"f16","m":2,"k":1536,"n":1536,"sample_m":2,"sample_n":16,"relative_l2":0.000551156402,"max_abs":0.000164357698,"nonfinite_count":0,"pass":true,"divergence_ordinal":0}
MODEL_MATMUL_AUDIT_JSON {"tensor":"blk.12.attn_k.weight","output":"Kcur-12","dtype":"f16","m":2,"k":1536,"n":256,"sample_m":2,"sample_n":16,"relative_l2":0.000605458693,"max_abs":0.000409723725,"nonfinite_count":0,"pass":true,"divergence_ordinal":0}
MODEL_MATMUL_AUDIT_JSON {"tensor":"blk.12.attn_v.weight","output":"Vcur-12","dtype":"f16","m":2,"k":1536,"n":256,"sample_m":2,"sample_n":16,"relative_l2":8.70704989e-05,"max_abs":0.000136068425,"nonfinite_count":0,"pass":true,"divergence_ordinal":0}
MODEL_MATMUL_AUDIT_JSON {"tensor":"blk.12.attn_output.weight","output":"kqv_out-12","dtype":"f16","m":2,"k":1536,"n":1536,"sample_m":2,"sample_n":16,"relative_l2":0.000539213474,"max_abs":7.37651353e-05,"nonfinite_count":0,"pass":true,"divergence_ordinal":0}
MODEL_MATMUL_AUDIT_JSON {"tensor":"blk.12.ffn_gate.weight","output":"ffn_gate-12","dtype":"f16","m":2,"k":1536,"n":8960,"sample_m":2,"sample_n":16,"relative_l2":0.000430306469,"max_abs":0.000483217591,"nonfinite_count":0,"pass":true,"divergence_ordinal":0}
MODEL_MATMUL_AUDIT_JSON {"tensor":"blk.12.ffn_up.weight","output":"ffn_up-12","dtype":"f16","m":2,"k":1536,"n":8960,"sample_m":2,"sample_n":16,"relative_l2":0.00049951045,"max_abs":0.000701376644,"nonfinite_count":0,"pass":true,"divergence_ordinal":0}
MODEL_MATMUL_AUDIT_JSON {"tensor":"blk.12.ffn_down.weight","output":"ffn_out-12","dtype":"f16","m":2,"k":8960,"n":1536,"sample_m":2,"sample_n":16,"relative_l2":0.000609098546,"max_abs":0.000371204311,"nonfinite_count":0,"pass":true,"divergence_ordinal":0}
MODEL_MATMUL_AUDIT_JSON {"tensor":"blk.13.attn_q.weight","output":"Qcur-13","dtype":"f16","m":2,"k":1536,"n":1536,"sample_m":2,"sample_n":16,"relative_l2":0.000543341599,"max_abs":0.000775311026,"nonfinite_count":0,"pass":true,"divergence_ordinal":0}
MODEL_MATMUL_AUDIT_JSON {"tensor":"blk.13.attn_k.weight","output":"Kcur-13","dtype":"f16","m":2,"k":1536,"n":256,"sample_m":2,"sample_n":16,"relative_l2":0.000568367727,"max_abs":0.00282021542,"nonfinite_count":0,"pass":true,"divergence_ordinal":0}
MODEL_MATMUL_AUDIT_JSON {"tensor":"blk.13.attn_v.weight","output":"Vcur-13","dtype":"f16","m":2,"k":1536,"n":256,"sample_m":2,"sample_n":16,"relative_l2":0.000515481899,"max_abs":0.000428764004,"nonfinite_count":0,"pass":true,"divergence_ordinal":0}
MODEL_MATMUL_AUDIT_JSON {"tensor":"blk.13.attn_output.weight","output":"kqv_out-13","dtype":"f16","m":2,"k":1536,"n":1536,"sample_m":2,"sample_n":16,"relative_l2":0.000618347494,"max_abs":0.000149366359,"nonfinite_count":0,"pass":true,"divergence_ordinal":0}
MODEL_MATMUL_AUDIT_JSON {"tensor":"blk.13.ffn_gate.weight","output":"ffn_gate-13","dtype":"f16","m":2,"k":1536,"n":8960,"sample_m":2,"sample_n":16,"relative_l2":0.000705975232,"max_abs":0.000965266896,"nonfinite_count":0,"pass":true,"divergence_ordinal":0}
MODEL_MATMUL_AUDIT_JSON {"tensor":"blk.13.ffn_up.weight","output":"ffn_up-13","dtype":"f16","m":2,"k":1536,"n":8960,"sample_m":2,"sample_n":16,"relative_l2":0.000639620781,"max_abs":0.000408490043,"nonfinite_count":0,"pass":true,"divergence_ordinal":0}
MODEL_MATMUL_AUDIT_JSON {"tensor":"blk.13.ffn_down.weight","output":"ffn_out-13","dtype":"f16","m":2,"k":8960,"n":1536,"sample_m":2,"sample_n":16,"relative_l2":0.000825934512,"max_abs":0.000379456411,"nonfinite_count":0,"pass":true,"divergence_ordinal":0}
MODEL_MATMUL_AUDIT_JSON {"tensor":"blk.14.attn_q.weight","output":"Qcur-14","dtype":"f16","m":2,"k":1536,"n":1536,"sample_m":2,"sample_n":16,"relative_l2":0.000655082472,"max_abs":0.000201302377,"nonfinite_count":0,"pass":true,"divergence_ordinal":0}
MODEL_MATMUL_AUDIT_JSON {"tensor":"blk.14.attn_k.weight","output":"Kcur-14","dtype":"f16","m":2,"k":1536,"n":256,"sample_m":2,"sample_n":16,"relative_l2":0.000502028356,"max_abs":0.000260989269,"nonfinite_count":0,"pass":true,"divergence_ordinal":0}
MODEL_MATMUL_AUDIT_JSON {"tensor":"blk.14.attn_v.weight","output":"Vcur-14","dtype":"f16","m":2,"k":1536,"n":256,"sample_m":2,"sample_n":16,"relative_l2":0.000421307348,"max_abs":0.000949661131,"nonfinite_count":0,"pass":true,"divergence_ordinal":0}
MODEL_MATMUL_AUDIT_JSON {"tensor":"blk.14.attn_output.weight","output":"kqv_out-14","dtype":"f16","m":2,"k":1536,"n":1536,"sample_m":2,"sample_n":16,"relative_l2":0.000636399103,"max_abs":0.000127932188,"nonfinite_count":0,"pass":true,"divergence_ordinal":0}
MODEL_MATMUL_AUDIT_JSON {"tensor":"blk.14.ffn_gate.weight","output":"ffn_gate-14","dtype":"f16","m":2,"k":1536,"n":8960,"sample_m":2,"sample_n":16,"relative_l2":0.000670660753,"max_abs":0.000922347594,"nonfinite_count":0,"pass":true,"divergence_ordinal":0}
MODEL_MATMUL_AUDIT_JSON {"tensor":"blk.14.ffn_up.weight","output":"ffn_up-14","dtype":"f16","m":2,"k":1536,"n":8960,"sample_m":2,"sample_n":16,"relative_l2":0.000493368724,"max_abs":0.000647824083,"nonfinite_count":0,"pass":true,"divergence_ordinal":0}
MODEL_MATMUL_AUDIT_JSON {"tensor":"blk.14.ffn_down.weight","output":"ffn_out-14","dtype":"f16","m":2,"k":8960,"n":1536,"sample_m":2,"sample_n":16,"relative_l2":0.000577720032,"max_abs":0.000367650297,"nonfinite_count":0,"pass":true,"divergence_ordinal":0}
MODEL_MATMUL_AUDIT_JSON {"tensor":"blk.15.attn_q.weight","output":"Qcur-15","dtype":"f16","m":2,"k":1536,"n":1536,"sample_m":2,"sample_n":16,"relative_l2":0.000526146253,"max_abs":0.000629088434,"nonfinite_count":0,"pass":true,"divergence_ordinal":0}
MODEL_MATMUL_AUDIT_JSON {"tensor":"blk.15.attn_k.weight","output":"Kcur-15","dtype":"f16","m":2,"k":1536,"n":256,"sample_m":2,"sample_n":16,"relative_l2":0.000457678778,"max_abs":0.000577614177,"nonfinite_count":0,"pass":true,"divergence_ordinal":0}
MODEL_MATMUL_AUDIT_JSON {"tensor":"blk.15.attn_v.weight","output":"Vcur-15","dtype":"f16","m":2,"k":1536,"n":256,"sample_m":2,"sample_n":16,"relative_l2":0.00105483655,"max_abs":7.03482001e-05,"nonfinite_count":0,"pass":true,"divergence_ordinal":0}
MODEL_MATMUL_AUDIT_JSON {"tensor":"blk.15.attn_output.weight","output":"kqv_out-15","dtype":"f16","m":2,"k":1536,"n":1536,"sample_m":2,"sample_n":16,"relative_l2":0.000447291783,"max_abs":7.74003856e-05,"nonfinite_count":0,"pass":true,"divergence_ordinal":0}
MODEL_MATMUL_AUDIT_JSON {"tensor":"blk.15.ffn_gate.weight","output":"ffn_gate-15","dtype":"f16","m":2,"k":1536,"n":8960,"sample_m":2,"sample_n":16,"relative_l2":0.00106680507,"max_abs":0.000767890713,"nonfinite_count":0,"pass":true,"divergence_ordinal":0}
MODEL_MATMUL_AUDIT_JSON {"tensor":"blk.15.ffn_up.weight","output":"ffn_up-15","dtype":"f16","m":2,"k":1536,"n":8960,"sample_m":2,"sample_n":16,"relative_l2":0.000467885723,"max_abs":0.000362989405,"nonfinite_count":0,"pass":true,"divergence_ordinal":0}
MODEL_MATMUL_AUDIT_JSON {"tensor":"blk.15.ffn_down.weight","output":"ffn_out-15","dtype":"f16","m":2,"k":8960,"n":1536,"sample_m":2,"sample_n":16,"relative_l2":0.000590384963,"max_abs":0.000382506754,"nonfinite_count":0,"pass":true,"divergence_ordinal":0}
MODEL_MATMUL_AUDIT_JSON {"tensor":"blk.16.attn_q.weight","output":"Qcur-16","dtype":"f16","m":2,"k":1536,"n":1536,"sample_m":2,"sample_n":16,"relative_l2":0.00059200836,"max_abs":0.000314631296,"nonfinite_count":0,"pass":true,"divergence_ordinal":0}
MODEL_MATMUL_AUDIT_JSON {"tensor":"blk.16.attn_k.weight","output":"Kcur-16","dtype":"f16","m":2,"k":1536,"n":256,"sample_m":2,"sample_n":16,"relative_l2":0.000463324506,"max_abs":0.000300472544,"nonfinite_count":0,"pass":true,"divergence_ordinal":0}
MODEL_MATMUL_AUDIT_JSON {"tensor":"blk.16.attn_v.weight","output":"Vcur-16","dtype":"f16","m":2,"k":1536,"n":256,"sample_m":2,"sample_n":16,"relative_l2":0.000765105762,"max_abs":7.7162229e-05,"nonfinite_count":0,"pass":true,"divergence_ordinal":0}
MODEL_MATMUL_AUDIT_JSON {"tensor":"blk.16.attn_output.weight","output":"kqv_out-16","dtype":"f16","m":2,"k":1536,"n":1536,"sample_m":2,"sample_n":16,"relative_l2":0.000491358865,"max_abs":7.93311337e-05,"nonfinite_count":0,"pass":true,"divergence_ordinal":0}
MODEL_MATMUL_AUDIT_JSON {"tensor":"blk.16.ffn_gate.weight","output":"ffn_gate-16","dtype":"f16","m":2,"k":1536,"n":8960,"sample_m":2,"sample_n":16,"relative_l2":0.000731274651,"max_abs":0.000869541138,"nonfinite_count":0,"pass":true,"divergence_ordinal":0}
MODEL_MATMUL_AUDIT_JSON {"tensor":"blk.16.ffn_up.weight","output":"ffn_up-16","dtype":"f16","m":2,"k":1536,"n":8960,"sample_m":2,"sample_n":16,"relative_l2":0.00056596277,"max_abs":0.000391611335,"nonfinite_count":0,"pass":true,"divergence_ordinal":0}
MODEL_MATMUL_AUDIT_JSON {"tensor":"blk.16.ffn_down.weight","output":"ffn_out-16","dtype":"f16","m":2,"k":8960,"n":1536,"sample_m":2,"sample_n":16,"relative_l2":0.000360487414,"max_abs":0.000215286025,"nonfinite_count":0,"pass":true,"divergence_ordinal":0}
MODEL_MATMUL_AUDIT_JSON {"tensor":"blk.17.attn_q.weight","output":"Qcur-17","dtype":"f16","m":2,"k":1536,"n":1536,"sample_m":2,"sample_n":16,"relative_l2":0.000387779059,"max_abs":0.000551208272,"nonfinite_count":0,"pass":true,"divergence_ordinal":0}
MODEL_MATMUL_AUDIT_JSON {"tensor":"blk.17.attn_k.weight","output":"Kcur-17","dtype":"f16","m":2,"k":1536,"n":256,"sample_m":2,"sample_n":16,"relative_l2":0.000668746655,"max_abs":0.000807264412,"nonfinite_count":0,"pass":true,"divergence_ordinal":0}
MODEL_MATMUL_AUDIT_JSON {"tensor":"blk.17.attn_v.weight","output":"Vcur-17","dtype":"f16","m":2,"k":1536,"n":256,"sample_m":2,"sample_n":16,"relative_l2":0.000562916243,"max_abs":0.000290961441,"nonfinite_count":0,"pass":true,"divergence_ordinal":0}
MODEL_MATMUL_AUDIT_JSON {"tensor":"blk.17.attn_output.weight","output":"kqv_out-17","dtype":"f16","m":2,"k":1536,"n":1536,"sample_m":2,"sample_n":16,"relative_l2":0.000439286021,"max_abs":7.40898104e-05,"nonfinite_count":0,"pass":true,"divergence_ordinal":0}
MODEL_MATMUL_AUDIT_JSON {"tensor":"blk.17.ffn_gate.weight","output":"ffn_gate-17","dtype":"f16","m":2,"k":1536,"n":8960,"sample_m":2,"sample_n":16,"relative_l2":0.000638458932,"max_abs":0.00080373243,"nonfinite_count":0,"pass":true,"divergence_ordinal":0}
MODEL_MATMUL_AUDIT_JSON {"tensor":"blk.17.ffn_up.weight","output":"ffn_up-17","dtype":"f16","m":2,"k":1536,"n":8960,"sample_m":2,"sample_n":16,"relative_l2":0.000907965042,"max_abs":0.00130785466,"nonfinite_count":0,"pass":true,"divergence_ordinal":0}
MODEL_MATMUL_AUDIT_JSON {"tensor":"blk.17.ffn_down.weight","output":"ffn_out-17","dtype":"f16","m":2,"k":8960,"n":1536,"sample_m":2,"sample_n":16,"relative_l2":0.000588457786,"max_abs":0.000302871777,"nonfinite_count":0,"pass":true,"divergence_ordinal":0}
MODEL_MATMUL_AUDIT_JSON {"tensor":"blk.18.attn_q.weight","output":"Qcur-18","dtype":"f16","m":2,"k":1536,"n":1536,"sample_m":2,"sample_n":16,"relative_l2":0.000533748233,"max_abs":0.000814370753,"nonfinite_count":0,"pass":true,"divergence_ordinal":0}
MODEL_MATMUL_AUDIT_JSON {"tensor":"blk.18.attn_k.weight","output":"Kcur-18","dtype":"f16","m":2,"k":1536,"n":256,"sample_m":2,"sample_n":16,"relative_l2":0.000394656745,"max_abs":0.000584653462,"nonfinite_count":0,"pass":true,"divergence_ordinal":0}
MODEL_MATMUL_AUDIT_JSON {"tensor":"blk.18.attn_v.weight","output":"Vcur-18","dtype":"f16","m":2,"k":1536,"n":256,"sample_m":2,"sample_n":16,"relative_l2":0.000808517635,"max_abs":0.000322595559,"nonfinite_count":0,"pass":true,"divergence_ordinal":0}
MODEL_MATMUL_AUDIT_JSON {"tensor":"blk.18.attn_output.weight","output":"kqv_out-18","dtype":"f16","m":2,"k":1536,"n":1536,"sample_m":2,"sample_n":16,"relative_l2":0.000578464424,"max_abs":7.97163593e-05,"nonfinite_count":0,"pass":true,"divergence_ordinal":0}
MODEL_MATMUL_AUDIT_JSON {"tensor":"blk.18.ffn_gate.weight","output":"ffn_gate-18","dtype":"f16","m":2,"k":1536,"n":8960,"sample_m":2,"sample_n":16,"relative_l2":0.000754362218,"max_abs":0.00105324632,"nonfinite_count":0,"pass":true,"divergence_ordinal":0}
MODEL_MATMUL_AUDIT_JSON {"tensor":"blk.18.ffn_up.weight","output":"ffn_up-18","dtype":"f16","m":2,"k":1536,"n":8960,"sample_m":2,"sample_n":16,"relative_l2":0.000436038431,"max_abs":0.000541382236,"nonfinite_count":0,"pass":true,"divergence_ordinal":0}
MODEL_MATMUL_AUDIT_JSON {"tensor":"blk.18.ffn_down.weight","output":"ffn_out-18","dtype":"f16","m":2,"k":8960,"n":1536,"sample_m":2,"sample_n":16,"relative_l2":0.000588598823,"max_abs":0.000298405561,"nonfinite_count":0,"pass":true,"divergence_ordinal":0}
MODEL_MATMUL_AUDIT_JSON {"tensor":"blk.19.attn_q.weight","output":"Qcur-19","dtype":"f16","m":2,"k":1536,"n":1536,"sample_m":2,"sample_n":16,"relative_l2":0.000508692571,"max_abs":0.000371001166,"nonfinite_count":0,"pass":true,"divergence_ordinal":0}
MODEL_MATMUL_AUDIT_JSON {"tensor":"blk.19.attn_k.weight","output":"Kcur-19","dtype":"f16","m":2,"k":1536,"n":256,"sample_m":2,"sample_n":16,"relative_l2":0.000516524978,"max_abs":0.000471532636,"nonfinite_count":0,"pass":true,"divergence_ordinal":0}
MODEL_MATMUL_AUDIT_JSON {"tensor":"blk.19.attn_v.weight","output":"Vcur-19","dtype":"f16","m":2,"k":1536,"n":256,"sample_m":2,"sample_n":16,"relative_l2":0.000792686702,"max_abs":7.44740755e-05,"nonfinite_count":0,"pass":true,"divergence_ordinal":0}
MODEL_MATMUL_AUDIT_JSON {"tensor":"blk.19.attn_output.weight","output":"kqv_out-19","dtype":"f16","m":2,"k":1536,"n":1536,"sample_m":2,"sample_n":16,"relative_l2":0.000509844888,"max_abs":6.66932319e-05,"nonfinite_count":0,"pass":true,"divergence_ordinal":0}
MODEL_MATMUL_AUDIT_JSON {"tensor":"blk.19.ffn_gate.weight","output":"ffn_gate-19","dtype":"f16","m":2,"k":1536,"n":8960,"sample_m":2,"sample_n":16,"relative_l2":0.000730584333,"max_abs":0.000892346201,"nonfinite_count":0,"pass":true,"divergence_ordinal":0}
MODEL_MATMUL_AUDIT_JSON {"tensor":"blk.19.ffn_up.weight","output":"ffn_up-19","dtype":"f16","m":2,"k":1536,"n":8960,"sample_m":2,"sample_n":16,"relative_l2":0.000539343382,"max_abs":0.000544277253,"nonfinite_count":0,"pass":true,"divergence_ordinal":0}
MODEL_MATMUL_AUDIT_JSON {"tensor":"blk.19.ffn_down.weight","output":"ffn_out-19","dtype":"f16","m":2,"k":8960,"n":1536,"sample_m":2,"sample_n":16,"relative_l2":0.000499098442,"max_abs":0.000473910506,"nonfinite_count":0,"pass":true,"divergence_ordinal":0}
MODEL_MATMUL_AUDIT_JSON {"tensor":"blk.20.attn_q.weight","output":"Qcur-20","dtype":"f16","m":2,"k":1536,"n":1536,"sample_m":2,"sample_n":16,"relative_l2":0.000588593648,"max_abs":0.000667552697,"nonfinite_count":0,"pass":true,"divergence_ordinal":0}
MODEL_MATMUL_AUDIT_JSON {"tensor":"blk.20.attn_k.weight","output":"Kcur-20","dtype":"f16","m":2,"k":1536,"n":256,"sample_m":2,"sample_n":16,"relative_l2":0.000660453742,"max_abs":0.000695915835,"nonfinite_count":0,"pass":true,"divergence_ordinal":0}
MODEL_MATMUL_AUDIT_JSON {"tensor":"blk.20.attn_v.weight","output":"Vcur-20","dtype":"f16","m":2,"k":1536,"n":256,"sample_m":2,"sample_n":16,"relative_l2":0.00111804195,"max_abs":6.6271743e-05,"nonfinite_count":0,"pass":true,"divergence_ordinal":0}
MODEL_MATMUL_AUDIT_JSON {"tensor":"blk.20.attn_output.weight","output":"kqv_out-20","dtype":"f16","m":2,"k":1536,"n":1536,"sample_m":2,"sample_n":16,"relative_l2":0.000365412999,"max_abs":8.03506991e-05,"nonfinite_count":0,"pass":true,"divergence_ordinal":0}
MODEL_MATMUL_AUDIT_JSON {"tensor":"blk.20.ffn_gate.weight","output":"ffn_gate-20","dtype":"f16","m":2,"k":1536,"n":8960,"sample_m":2,"sample_n":16,"relative_l2":0.000867827038,"max_abs":0.00342143909,"nonfinite_count":0,"pass":true,"divergence_ordinal":0}
MODEL_MATMUL_AUDIT_JSON {"tensor":"blk.20.ffn_up.weight","output":"ffn_up-20","dtype":"f16","m":2,"k":1536,"n":8960,"sample_m":2,"sample_n":16,"relative_l2":0.000670911096,"max_abs":0.000903491455,"nonfinite_count":0,"pass":true,"divergence_ordinal":0}
MODEL_MATMUL_AUDIT_JSON {"tensor":"blk.20.ffn_down.weight","output":"ffn_out-20","dtype":"f16","m":2,"k":8960,"n":1536,"sample_m":2,"sample_n":16,"relative_l2":0.000520065692,"max_abs":0.000456512702,"nonfinite_count":0,"pass":true,"divergence_ordinal":0}
MODEL_MATMUL_AUDIT_JSON {"tensor":"blk.21.attn_q.weight","output":"Qcur-21","dtype":"f16","m":2,"k":1536,"n":1536,"sample_m":2,"sample_n":16,"relative_l2":0.000515381007,"max_abs":0.00064138259,"nonfinite_count":0,"pass":true,"divergence_ordinal":0}
MODEL_MATMUL_AUDIT_JSON {"tensor":"blk.21.attn_k.weight","output":"Kcur-21","dtype":"f16","m":2,"k":1536,"n":256,"sample_m":2,"sample_n":16,"relative_l2":0.000921343857,"max_abs":0.000770789804,"nonfinite_count":0,"pass":true,"divergence_ordinal":0}
MODEL_MATMUL_AUDIT_JSON {"tensor":"blk.21.attn_v.weight","output":"Vcur-21","dtype":"f16","m":2,"k":1536,"n":256,"sample_m":2,"sample_n":16,"relative_l2":0.00112508126,"max_abs":0.0023562049,"nonfinite_count":0,"pass":true,"divergence_ordinal":0}
MODEL_MATMUL_AUDIT_JSON {"tensor":"blk.21.attn_output.weight","output":"kqv_out-21","dtype":"f16","m":2,"k":1536,"n":1536,"sample_m":2,"sample_n":16,"relative_l2":0.000535257492,"max_abs":0.000180348608,"nonfinite_count":0,"pass":true,"divergence_ordinal":0}
MODEL_MATMUL_AUDIT_JSON {"tensor":"blk.21.ffn_gate.weight","output":"ffn_gate-21","dtype":"f16","m":2,"k":1536,"n":8960,"sample_m":2,"sample_n":16,"relative_l2":0.000571666548,"max_abs":0.001238239,"nonfinite_count":0,"pass":true,"divergence_ordinal":0}
MODEL_MATMUL_AUDIT_JSON {"tensor":"blk.21.ffn_up.weight","output":"ffn_up-21","dtype":"f16","m":2,"k":1536,"n":8960,"sample_m":2,"sample_n":16,"relative_l2":0.000582020159,"max_abs":0.00109738321,"nonfinite_count":0,"pass":true,"divergence_ordinal":0}
MODEL_MATMUL_AUDIT_JSON {"tensor":"blk.21.ffn_down.weight","output":"ffn_out-21","dtype":"f16","m":2,"k":8960,"n":1536,"sample_m":2,"sample_n":16,"relative_l2":0.00058997564,"max_abs":0.000601511507,"nonfinite_count":0,"pass":true,"divergence_ordinal":0}
MODEL_MATMUL_AUDIT_JSON {"tensor":"blk.22.attn_q.weight","output":"Qcur-22","dtype":"f16","m":2,"k":1536,"n":1536,"sample_m":2,"sample_n":16,"relative_l2":0.000458770821,"max_abs":0.00119001104,"nonfinite_count":0,"pass":true,"divergence_ordinal":0}
MODEL_MATMUL_AUDIT_JSON {"tensor":"blk.22.attn_k.weight","output":"Kcur-22","dtype":"f16","m":2,"k":1536,"n":256,"sample_m":2,"sample_n":16,"relative_l2":0.000547854714,"max_abs":0.00129559252,"nonfinite_count":0,"pass":true,"divergence_ordinal":0}
MODEL_MATMUL_AUDIT_JSON {"tensor":"blk.22.attn_v.weight","output":"Vcur-22","dtype":"f16","m":2,"k":1536,"n":256,"sample_m":2,"sample_n":16,"relative_l2":0.000574300167,"max_abs":0.000446573365,"nonfinite_count":0,"pass":true,"divergence_ordinal":0}
MODEL_MATMUL_AUDIT_JSON {"tensor":"blk.22.attn_output.weight","output":"kqv_out-22","dtype":"f16","m":2,"k":1536,"n":1536,"sample_m":2,"sample_n":16,"relative_l2":0.000568849064,"max_abs":8.86810012e-05,"nonfinite_count":0,"pass":true,"divergence_ordinal":0}
MODEL_MATMUL_AUDIT_JSON {"tensor":"blk.22.ffn_gate.weight","output":"ffn_gate-22","dtype":"f16","m":2,"k":1536,"n":8960,"sample_m":2,"sample_n":16,"relative_l2":0.000554637188,"max_abs":0.00206663017,"nonfinite_count":0,"pass":true,"divergence_ordinal":0}
MODEL_MATMUL_AUDIT_JSON {"tensor":"blk.22.ffn_up.weight","output":"ffn_up-22","dtype":"f16","m":2,"k":1536,"n":8960,"sample_m":2,"sample_n":16,"relative_l2":0.000732253942,"max_abs":0.000980139477,"nonfinite_count":0,"pass":true,"divergence_ordinal":0}
MODEL_MATMUL_AUDIT_JSON {"tensor":"blk.22.ffn_down.weight","output":"ffn_out-22","dtype":"f16","m":2,"k":8960,"n":1536,"sample_m":2,"sample_n":16,"relative_l2":0.000579679535,"max_abs":0.000658656354,"nonfinite_count":0,"pass":true,"divergence_ordinal":0}
MODEL_MATMUL_AUDIT_JSON {"tensor":"blk.23.attn_q.weight","output":"Qcur-23","dtype":"f16","m":2,"k":1536,"n":1536,"sample_m":2,"sample_n":16,"relative_l2":0.000434718508,"max_abs":0.000276429375,"nonfinite_count":0,"pass":true,"divergence_ordinal":0}
MODEL_MATMUL_AUDIT_JSON {"tensor":"blk.23.attn_k.weight","output":"Kcur-23","dtype":"f16","m":2,"k":1536,"n":256,"sample_m":2,"sample_n":16,"relative_l2":0.000484401413,"max_abs":0.000291447272,"nonfinite_count":0,"pass":true,"divergence_ordinal":0}
MODEL_MATMUL_AUDIT_JSON {"tensor":"blk.23.attn_v.weight","output":"Vcur-23","dtype":"f16","m":2,"k":1536,"n":256,"sample_m":2,"sample_n":16,"relative_l2":0.000710871492,"max_abs":0.00059704599,"nonfinite_count":0,"pass":true,"divergence_ordinal":0}
MODEL_MATMUL_AUDIT_JSON {"tensor":"blk.23.attn_output.weight","output":"kqv_out-23","dtype":"f16","m":2,"k":1536,"n":1536,"sample_m":2,"sample_n":16,"relative_l2":0.000717524363,"max_abs":0.000352484902,"nonfinite_count":0,"pass":true,"divergence_ordinal":0}
MODEL_MATMUL_AUDIT_JSON {"tensor":"blk.23.ffn_gate.weight","output":"ffn_gate-23","dtype":"f16","m":2,"k":1536,"n":8960,"sample_m":2,"sample_n":16,"relative_l2":0.000675179381,"max_abs":0.00229154085,"nonfinite_count":0,"pass":true,"divergence_ordinal":0}
MODEL_MATMUL_AUDIT_JSON {"tensor":"blk.23.ffn_up.weight","output":"ffn_up-23","dtype":"f16","m":2,"k":1536,"n":8960,"sample_m":2,"sample_n":16,"relative_l2":0.0006557142,"max_abs":0.00146302674,"nonfinite_count":0,"pass":true,"divergence_ordinal":0}
MODEL_MATMUL_AUDIT_JSON {"tensor":"blk.23.ffn_down.weight","output":"ffn_out-23","dtype":"f16","m":2,"k":8960,"n":1536,"sample_m":2,"sample_n":16,"relative_l2":0.000538436341,"max_abs":0.000680491561,"nonfinite_count":0,"pass":true,"divergence_ordinal":0}
MODEL_MATMUL_AUDIT_JSON {"tensor":"blk.24.attn_q.weight","output":"Qcur-24","dtype":"f16","m":2,"k":1536,"n":1536,"sample_m":2,"sample_n":16,"relative_l2":0.000528058189,"max_abs":0.00142858841,"nonfinite_count":0,"pass":true,"divergence_ordinal":0}
MODEL_MATMUL_AUDIT_JSON {"tensor":"blk.24.attn_k.weight","output":"Kcur-24","dtype":"f16","m":2,"k":1536,"n":256,"sample_m":2,"sample_n":16,"relative_l2":0.000342243458,"max_abs":0.000612520555,"nonfinite_count":0,"pass":true,"divergence_ordinal":0}
MODEL_MATMUL_AUDIT_JSON {"tensor":"blk.24.attn_v.weight","output":"Vcur-24","dtype":"f16","m":2,"k":1536,"n":256,"sample_m":2,"sample_n":16,"relative_l2":0.000914397785,"max_abs":0.000241540198,"nonfinite_count":0,"pass":true,"divergence_ordinal":0}
MODEL_MATMUL_AUDIT_JSON {"tensor":"blk.24.attn_output.weight","output":"kqv_out-24","dtype":"f16","m":2,"k":1536,"n":1536,"sample_m":2,"sample_n":16,"relative_l2":0.000533797417,"max_abs":0.000164008961,"nonfinite_count":0,"pass":true,"divergence_ordinal":0}
MODEL_MATMUL_AUDIT_JSON {"tensor":"blk.24.ffn_gate.weight","output":"ffn_gate-24","dtype":"f16","m":2,"k":1536,"n":8960,"sample_m":2,"sample_n":16,"relative_l2":0.000552915951,"max_abs":0.00226989947,"nonfinite_count":0,"pass":true,"divergence_ordinal":0}
MODEL_MATMUL_AUDIT_JSON {"tensor":"blk.24.ffn_up.weight","output":"ffn_up-24","dtype":"f16","m":2,"k":1536,"n":8960,"sample_m":2,"sample_n":16,"relative_l2":0.000480716729,"max_abs":0.000972102745,"nonfinite_count":0,"pass":true,"divergence_ordinal":0}
MODEL_MATMUL_AUDIT_JSON {"tensor":"blk.24.ffn_down.weight","output":"ffn_out-24","dtype":"f16","m":2,"k":8960,"n":1536,"sample_m":2,"sample_n":16,"relative_l2":0.000548828606,"max_abs":0.00310718222,"nonfinite_count":0,"pass":true,"divergence_ordinal":0}
MODEL_MATMUL_AUDIT_JSON {"tensor":"blk.25.attn_q.weight","output":"Qcur-25","dtype":"f16","m":2,"k":1536,"n":1536,"sample_m":2,"sample_n":16,"relative_l2":0.000550847295,"max_abs":0.000640380429,"nonfinite_count":0,"pass":true,"divergence_ordinal":0}
MODEL_MATMUL_AUDIT_JSON {"tensor":"blk.25.attn_k.weight","output":"Kcur-25","dtype":"f16","m":2,"k":1536,"n":256,"sample_m":2,"sample_n":16,"relative_l2":0.000791847532,"max_abs":0.00130296662,"nonfinite_count":0,"pass":true,"divergence_ordinal":0}
MODEL_MATMUL_AUDIT_JSON {"tensor":"blk.25.attn_v.weight","output":"Vcur-25","dtype":"f16","m":2,"k":1536,"n":256,"sample_m":2,"sample_n":16,"relative_l2":0.000659297766,"max_abs":0.000342189829,"nonfinite_count":0,"pass":true,"divergence_ordinal":0}
MODEL_MATMUL_AUDIT_JSON {"tensor":"blk.25.attn_output.weight","output":"kqv_out-25","dtype":"f16","m":2,"k":1536,"n":1536,"sample_m":2,"sample_n":16,"relative_l2":0.000612435017,"max_abs":0.000293219113,"nonfinite_count":0,"pass":true,"divergence_ordinal":0}
MODEL_MATMUL_AUDIT_JSON {"tensor":"blk.25.ffn_gate.weight","output":"ffn_gate-25","dtype":"f16","m":2,"k":1536,"n":8960,"sample_m":2,"sample_n":16,"relative_l2":0.000495751708,"max_abs":0.00174071244,"nonfinite_count":0,"pass":true,"divergence_ordinal":0}
MODEL_MATMUL_AUDIT_JSON {"tensor":"blk.25.ffn_up.weight","output":"ffn_up-25","dtype":"f16","m":2,"k":1536,"n":8960,"sample_m":2,"sample_n":16,"relative_l2":0.000598125937,"max_abs":0.00132050784,"nonfinite_count":0,"pass":true,"divergence_ordinal":0}
MODEL_MATMUL_AUDIT_JSON {"tensor":"blk.25.ffn_down.weight","output":"ffn_out-25","dtype":"f16","m":2,"k":8960,"n":1536,"sample_m":2,"sample_n":16,"relative_l2":0.000590220578,"max_abs":0.00121730682,"nonfinite_count":0,"pass":true,"divergence_ordinal":0}
MODEL_MATMUL_AUDIT_JSON {"tensor":"blk.26.attn_q.weight","output":"Qcur-26","dtype":"f16","m":2,"k":1536,"n":1536,"sample_m":2,"sample_n":16,"relative_l2":0.000689346684,"max_abs":0.00102163164,"nonfinite_count":0,"pass":true,"divergence_ordinal":0}
MODEL_MATMUL_AUDIT_JSON {"tensor":"blk.26.attn_k.weight","output":"Kcur-26","dtype":"f16","m":2,"k":1536,"n":256,"sample_m":2,"sample_n":16,"relative_l2":0.000595966582,"max_abs":0.000460356037,"nonfinite_count":0,"pass":true,"divergence_ordinal":0}
MODEL_MATMUL_AUDIT_JSON {"tensor":"blk.26.attn_v.weight","output":"Vcur-26","dtype":"f16","m":2,"k":1536,"n":256,"sample_m":2,"sample_n":16,"relative_l2":0.00050344877,"max_abs":0.000906428089,"nonfinite_count":0,"pass":true,"divergence_ordinal":0}
MODEL_MATMUL_AUDIT_JSON {"tensor":"blk.26.attn_output.weight","output":"kqv_out-26","dtype":"f16","m":2,"k":1536,"n":1536,"sample_m":2,"sample_n":16,"relative_l2":0.000667803962,"max_abs":0.00070916058,"nonfinite_count":0,"pass":true,"divergence_ordinal":0}
MODEL_MATMUL_AUDIT_JSON {"tensor":"blk.26.ffn_gate.weight","output":"ffn_gate-26","dtype":"f16","m":2,"k":1536,"n":8960,"sample_m":2,"sample_n":16,"relative_l2":0.000625487401,"max_abs":0.00536407484,"nonfinite_count":0,"pass":true,"divergence_ordinal":0}
MODEL_MATMUL_AUDIT_JSON {"tensor":"blk.26.ffn_up.weight","output":"ffn_up-26","dtype":"f16","m":2,"k":1536,"n":8960,"sample_m":2,"sample_n":16,"relative_l2":0.000535545521,"max_abs":0.00158208935,"nonfinite_count":0,"pass":true,"divergence_ordinal":0}
MODEL_MATMUL_AUDIT_JSON {"tensor":"blk.26.ffn_down.weight","output":"ffn_out-26","dtype":"f16","m":2,"k":8960,"n":1536,"sample_m":2,"sample_n":16,"relative_l2":0.000787890083,"max_abs":0.0217558891,"nonfinite_count":0,"pass":true,"divergence_ordinal":0}
MODEL_MATMUL_AUDIT_JSON {"tensor":"blk.27.attn_q.weight","output":"Qcur-27","dtype":"f16","m":2,"k":1536,"n":1536,"sample_m":2,"sample_n":16,"relative_l2":0.000546773007,"max_abs":0.00057910115,"nonfinite_count":0,"pass":true,"divergence_ordinal":0}
MODEL_MATMUL_AUDIT_JSON {"tensor":"blk.27.attn_k.weight","output":"Kcur-27","dtype":"f16","m":2,"k":1536,"n":256,"sample_m":2,"sample_n":16,"relative_l2":0.000530607494,"max_abs":0.000384170184,"nonfinite_count":0,"pass":true,"divergence_ordinal":0}
MODEL_MATMUL_AUDIT_JSON {"tensor":"blk.27.attn_v.weight","output":"Vcur-27","dtype":"f16","m":2,"k":1536,"n":256,"sample_m":2,"sample_n":16,"relative_l2":0.000684055233,"max_abs":0.00200853311,"nonfinite_count":0,"pass":true,"divergence_ordinal":0}
MODEL_MATMUL_AUDIT_JSON {"tensor":"blk.27.attn_output.weight","output":"kqv_out-27","dtype":"f16","m":2,"k":1536,"n":1536,"sample_m":2,"sample_n":16,"relative_l2":0.000563731333,"max_abs":0.000357522658,"nonfinite_count":0,"pass":true,"divergence_ordinal":0}
MODEL_MATMUL_AUDIT_JSON {"tensor":"blk.27.ffn_gate.weight","output":"ffn_gate-27","dtype":"f16","m":1,"k":1536,"n":8960,"sample_m":1,"sample_n":16,"relative_l2":0.000454139749,"max_abs":0.00220479979,"nonfinite_count":0,"pass":true,"divergence_ordinal":0}
MODEL_MATMUL_AUDIT_JSON {"tensor":"blk.27.ffn_up.weight","output":"ffn_up-27","dtype":"f16","m":1,"k":1536,"n":8960,"sample_m":1,"sample_n":16,"relative_l2":0.000712787395,"max_abs":0.00162592635,"nonfinite_count":0,"pass":true,"divergence_ordinal":0}
MODEL_MATMUL_AUDIT_JSON {"tensor":"blk.27.ffn_down.weight","output":"ffn_out-27","dtype":"f16","m":1,"k":8960,"n":1536,"sample_m":1,"sample_n":16,"relative_l2":0.000507944987,"max_abs":0.00912869815,"nonfinite_count":0,"pass":true,"divergence_ordinal":0}

system_info: n_threads = 4 (n_threads_batch = 4) / 8 | CPU : NEON = 1 | ARM_FMA = 1 | LLAMAFILE = 1 | AARCH64_REPACK = 1 | 
perplexity: tokenizing the input ..
perplexity: tokenization took 1258.88 ms
perplexity: calculating perplexity over 1 chunks, n_ctx=512, batch_size=512, n_seq=1
MODEL_MATMUL_AUDIT_JSON {"tensor":"blk.0.attn_q.weight","output":"Qcur-0","dtype":"f16","m":64,"k":1536,"n":1536,"sample_m":2,"sample_n":16,"relative_l2":0.000574860445,"max_abs":0.000468895043,"nonfinite_count":0,"pass":true,"divergence_ordinal":0}
MODEL_MATMUL_AUDIT_JSON {"tensor":"blk.0.attn_k.weight","output":"Kcur-0","dtype":"f16","m":64,"k":1536,"n":256,"sample_m":2,"sample_n":16,"relative_l2":0.000430493044,"max_abs":0.00117256725,"nonfinite_count":0,"pass":true,"divergence_ordinal":0}
MODEL_MATMUL_AUDIT_JSON {"tensor":"blk.0.attn_v.weight","output":"Vcur-0","dtype":"f16","m":64,"k":1536,"n":256,"sample_m":2,"sample_n":16,"relative_l2":0.00061200347,"max_abs":0.000307290466,"nonfinite_count":0,"pass":true,"divergence_ordinal":0}
MODEL_MATMUL_AUDIT_JSON {"tensor":"blk.0.attn_output.weight","output":"kqv_out-0","dtype":"f16","m":64,"k":1536,"n":1536,"sample_m":2,"sample_n":16,"relative_l2":0.000411046502,"max_abs":0.000143804151,"nonfinite_count":0,"pass":true,"divergence_ordinal":0}
MODEL_MATMUL_AUDIT_JSON {"tensor":"blk.0.ffn_gate.weight","output":"ffn_gate-0","dtype":"f16","m":64,"k":1536,"n":8960,"sample_m":2,"sample_n":16,"relative_l2":0.000958516995,"max_abs":0.00152451696,"nonfinite_count":0,"pass":true,"divergence_ordinal":0}
MODEL_MATMUL_AUDIT_JSON {"tensor":"blk.0.ffn_up.weight","output":"ffn_up-0","dtype":"f16","m":64,"k":1536,"n":8960,"sample_m":2,"sample_n":16,"relative_l2":0.000669732006,"max_abs":0.00104928063,"nonfinite_count":0,"pass":true,"divergence_ordinal":0}
MODEL_MATMUL_AUDIT_JSON {"tensor":"blk.0.ffn_down.weight","output":"ffn_out-0","dtype":"f16","m":64,"k":8960,"n":1536,"sample_m":2,"sample_n":16,"relative_l2":0.000406514426,"max_abs":0.000401869154,"nonfinite_count":0,"pass":true,"divergence_ordinal":0}
MODEL_MATMUL_AUDIT_JSON {"tensor":"blk.1.attn_q.weight","output":"Qcur-1","dtype":"f16","m":64,"k":1536,"n":1536,"sample_m":2,"sample_n":16,"relative_l2":0.000629914315,"max_abs":0.00280740694,"nonfinite_count":0,"pass":true,"divergence_ordinal":0}
MODEL_MATMUL_AUDIT_JSON {"tensor":"blk.1.attn_k.weight","output":"Kcur-1","dtype":"f16","m":64,"k":1536,"n":256,"sample_m":2,"sample_n":16,"relative_l2":0.000508925935,"max_abs":0.00227132929,"nonfinite_count":0,"pass":true,"divergence_ordinal":0}
MODEL_MATMUL_AUDIT_JSON {"tensor":"blk.1.attn_v.weight","output":"Vcur-1","dtype":"f16","m":64,"k":1536,"n":256,"sample_m":2,"sample_n":16,"relative_l2":0.000922456321,"max_abs":0.00224824972,"nonfinite_count":0,"pass":true,"divergence_ordinal":0}
MODEL_MATMUL_AUDIT_JSON {"tensor":"blk.1.attn_output.weight","output":"kqv_out-1","dtype":"f16","m":64,"k":1536,"n":1536,"sample_m":2,"sample_n":16,"relative_l2":0.000586032604,"max_abs":0.000302565488,"nonfinite_count":0,"pass":true,"divergence_ordinal":0}
MODEL_MATMUL_AUDIT_JSON {"tensor":"blk.1.ffn_gate.weight","output":"ffn_gate-1","dtype":"f16","m":64,"k":1536,"n":8960,"sample_m":2,"sample_n":16,"relative_l2":0.000502471286,"max_abs":0.00576422969,"nonfinite_count":0,"pass":true,"divergence_ordinal":0}
MODEL_MATMUL_AUDIT_JSON {"tensor":"blk.1.ffn_up.weight","output":"ffn_up-1","dtype":"f16","m":64,"k":1536,"n":8960,"sample_m":2,"sample_n":16,"relative_l2":0.0005375925,"max_abs":0.00178993738,"nonfinite_count":0,"pass":true,"divergence_ordinal":0}
MODEL_MATMUL_AUDIT_JSON {"tensor":"blk.1.ffn_down.weight","output":"ffn_out-1","dtype":"f16","m":64,"k":8960,"n":1536,"sample_m":2,"sample_n":16,"relative_l2":0.000720551262,"max_abs":0.0716113523,"nonfinite_count":0,"pass":true,"divergence_ordinal":0}
MODEL_MATMUL_AUDIT_JSON {"tensor":"blk.2.attn_q.weight","output":"Qcur-2","dtype":"f16","m":64,"k":1536,"n":1536,"sample_m":2,"sample_n":16,"relative_l2":0.000670228707,"max_abs":0.00181171496,"nonfinite_count":0,"pass":true,"divergence_ordinal":0}
MODEL_MATMUL_AUDIT_JSON {"tensor":"blk.2.attn_k.weight","output":"Kcur-2","dtype":"f16","m":64,"k":1536,"n":256,"sample_m":2,"sample_n":16,"relative_l2":0.000497336755,"max_abs":0.000723803416,"nonfinite_count":0,"pass":true,"divergence_ordinal":0}
MODEL_MATMUL_AUDIT_JSON {"tensor":"blk.2.attn_v.weight","output":"Vcur-2","dtype":"f16","m":64,"k":1536,"n":256,"sample_m":2,"sample_n":16,"relative_l2":0.000647231556,"max_abs":0.00321794953,"nonfinite_count":0,"pass":true,"divergence_ordinal":0}
MODEL_MATMUL_AUDIT_JSON {"tensor":"blk.2.attn_output.weight","output":"kqv_out-2","dtype":"f16","m":64,"k":1536,"n":1536,"sample_m":2,"sample_n":16,"relative_l2":0.000454830641,"max_abs":7.55715228e-05,"nonfinite_count":0,"pass":true,"divergence_ordinal":0}
MODEL_MATMUL_AUDIT_JSON {"tensor":"blk.2.ffn_gate.weight","output":"ffn_gate-2","dtype":"f16","m":64,"k":1536,"n":8960,"sample_m":2,"sample_n":16,"relative_l2":0.000565613987,"max_abs":0.00538225938,"nonfinite_count":0,"pass":true,"divergence_ordinal":0}
MODEL_MATMUL_AUDIT_JSON {"tensor":"blk.2.ffn_up.weight","output":"ffn_up-2","dtype":"f16","m":64,"k":1536,"n":8960,"sample_m":2,"sample_n":16,"relative_l2":0.000407904169,"max_abs":0.000902366824,"nonfinite_count":0,"pass":true,"divergence_ordinal":0}
MODEL_MATMUL_AUDIT_JSON {"tensor":"blk.2.ffn_down.weight","output":"ffn_out-2","dtype":"f16","m":64,"k":8960,"n":1536,"sample_m":2,"sample_n":16,"relative_l2":0.000646729339,"max_abs":0.0143468399,"nonfinite_count":0,"pass":true,"divergence_ordinal":0}
MODEL_MATMUL_AUDIT_JSON {"tensor":"blk.3.attn_q.weight","output":"Qcur-3","dtype":"f16","m":64,"k":1536,"n":1536,"sample_m":2,"sample_n":16,"relative_l2":0.000596662034,"max_abs":0.00138820824,"nonfinite_count":0,"pass":true,"divergence_ordinal":0}
MODEL_MATMUL_AUDIT_JSON {"tensor":"blk.3.attn_k.weight","output":"Kcur-3","dtype":"f16","m":64,"k":1536,"n":256,"sample_m":2,"sample_n":16,"relative_l2":0.000543268354,"max_abs":0.00261738175,"nonfinite_count":0,"pass":true,"divergence_ordinal":0}
MODEL_MATMUL_AUDIT_JSON {"tensor":"blk.3.attn_v.weight","output":"Vcur-3","dtype":"f16","m":64,"k":1536,"n":256,"sample_m":2,"sample_n":16,"relative_l2":0.000670330575,"max_abs":0.00112379435,"nonfinite_count":0,"pass":true,"divergence_ordinal":0}
MODEL_MATMUL_AUDIT_JSON {"tensor":"blk.3.attn_output.weight","output":"kqv_out-3","dtype":"f16","m":64,"k":1536,"n":1536,"sample_m":2,"sample_n":16,"relative_l2":0.000424489422,"max_abs":8.04926822e-05,"nonfinite_count":0,"pass":true,"divergence_ordinal":0}
MODEL_MATMUL_AUDIT_JSON {"tensor":"blk.3.ffn_gate.weight","output":"ffn_gate-3","dtype":"f16","m":64,"k":1536,"n":8960,"sample_m":2,"sample_n":16,"relative_l2":0.000578144173,"max_abs":0.00537581975,"nonfinite_count":0,"pass":true,"divergence_ordinal":0}
MODEL_MATMUL_AUDIT_JSON {"tensor":"blk.3.ffn_up.weight","output":"ffn_up-3","dtype":"f16","m":64,"k":1536,"n":8960,"sample_m":2,"sample_n":16,"relative_l2":0.000452372841,"max_abs":0.0012431792,"nonfinite_count":0,"pass":true,"divergence_ordinal":0}
MODEL_MATMUL_AUDIT_JSON {"tensor":"blk.3.ffn_down.weight","output":"ffn_out-3","dtype":"f16","m":64,"k":8960,"n":1536,"sample_m":2,"sample_n":16,"relative_l2":0.000536219816,"max_abs":0.00313339452,"nonfinite_count":0,"pass":true,"divergence_ordinal":0}
MODEL_MATMUL_AUDIT_JSON {"tensor":"blk.4.attn_q.weight","output":"Qcur-4","dtype":"f16","m":64,"k":1536,"n":1536,"sample_m":2,"sample_n":16,"relative_l2":0.000652638644,"max_abs":0.00142792519,"nonfinite_count":0,"pass":true,"divergence_ordinal":0}
MODEL_MATMUL_AUDIT_JSON {"tensor":"blk.4.attn_k.weight","output":"Kcur-4","dtype":"f16","m":64,"k":1536,"n":256,"sample_m":2,"sample_n":16,"relative_l2":0.000404562206,"max_abs":0.000631186238,"nonfinite_count":0,"pass":true,"divergence_ordinal":0}
MODEL_MATMUL_AUDIT_JSON {"tensor":"blk.4.attn_v.weight","output":"Vcur-4","dtype":"f16","m":64,"k":1536,"n":256,"sample_m":2,"sample_n":16,"relative_l2":0.000557735378,"max_abs":0.00133087207,"nonfinite_count":0,"pass":true,"divergence_ordinal":0}
MODEL_MATMUL_AUDIT_JSON {"tensor":"blk.4.attn_output.weight","output":"kqv_out-4","dtype":"f16","m":64,"k":1536,"n":1536,"sample_m":2,"sample_n":16,"relative_l2":0.000688427583,"max_abs":9.09357477e-05,"nonfinite_count":0,"pass":true,"divergence_ordinal":0}
MODEL_MATMUL_AUDIT_JSON {"tensor":"blk.4.ffn_gate.weight","output":"ffn_gate-4","dtype":"f16","m":64,"k":1536,"n":8960,"sample_m":2,"sample_n":16,"relative_l2":0.000850708771,"max_abs":0.00582755404,"nonfinite_count":0,"pass":true,"divergence_ordinal":0}
MODEL_MATMUL_AUDIT_JSON {"tensor":"blk.4.ffn_up.weight","output":"ffn_up-4","dtype":"f16","m":64,"k":1536,"n":8960,"sample_m":2,"sample_n":16,"relative_l2":0.000490371712,"max_abs":0.000489652855,"nonfinite_count":0,"pass":true,"divergence_ordinal":0}
MODEL_MATMUL_AUDIT_JSON {"tensor":"blk.4.ffn_down.weight","output":"ffn_out-4","dtype":"f16","m":64,"k":8960,"n":1536,"sample_m":2,"sample_n":16,"relative_l2":0.000444310394,"max_abs":0.000636728771,"nonfinite_count":0,"pass":true,"divergence_ordinal":0}
MODEL_MATMUL_AUDIT_JSON {"tensor":"blk.5.attn_q.weight","output":"Qcur-5","dtype":"f16","m":64,"k":1536,"n":1536,"sample_m":2,"sample_n":16,"relative_l2":0.000679648815,"max_abs":0.00134627218,"nonfinite_count":0,"pass":true,"divergence_ordinal":0}
MODEL_MATMUL_AUDIT_JSON {"tensor":"blk.5.attn_k.weight","output":"Kcur-5","dtype":"f16","m":64,"k":1536,"n":256,"sample_m":2,"sample_n":16,"relative_l2":0.000763408013,"max_abs":0.00130907283,"nonfinite_count":0,"pass":true,"divergence_ordinal":0}
MODEL_MATMUL_AUDIT_JSON {"tensor":"blk.5.attn_v.weight","output":"Vcur-5","dtype":"f16","m":64,"k":1536,"n":256,"sample_m":2,"sample_n":16,"relative_l2":0.000665674299,"max_abs":0.00144962082,"nonfinite_count":0,"pass":true,"divergence_ordinal":0}
MODEL_MATMUL_AUDIT_JSON {"tensor":"blk.5.attn_output.weight","output":"kqv_out-5","dtype":"f16","m":64,"k":1536,"n":1536,"sample_m":2,"sample_n":16,"relative_l2":0.000586552735,"max_abs":0.000171343505,"nonfinite_count":0,"pass":true,"divergence_ordinal":0}
MODEL_MATMUL_AUDIT_JSON {"tensor":"blk.5.ffn_gate.weight","output":"ffn_gate-5","dtype":"f16","m":64,"k":1536,"n":8960,"sample_m":2,"sample_n":16,"relative_l2":0.000725775375,"max_abs":0.00618603639,"nonfinite_count":0,"pass":true,"divergence_ordinal":0}
MODEL_MATMUL_AUDIT_JSON {"tensor":"blk.5.ffn_up.weight","output":"ffn_up-5","dtype":"f16","m":64,"k":1536,"n":8960,"sample_m":2,"sample_n":16,"relative_l2":0.000524370307,"max_abs":0.000790287391,"nonfinite_count":0,"pass":true,"divergence_ordinal":0}
MODEL_MATMUL_AUDIT_JSON {"tensor":"blk.5.ffn_down.weight","output":"ffn_out-5","dtype":"f16","m":64,"k":8960,"n":1536,"sample_m":2,"sample_n":16,"relative_l2":0.000656365468,"max_abs":0.00280632474,"nonfinite_count":0,"pass":true,"divergence_ordinal":0}
MODEL_MATMUL_AUDIT_JSON {"tensor":"blk.6.attn_q.weight","output":"Qcur-6","dtype":"f16","m":64,"k":1536,"n":1536,"sample_m":2,"sample_n":16,"relative_l2":0.000788588304,"max_abs":0.00271245185,"nonfinite_count":0,"pass":true,"divergence_ordinal":0}
MODEL_MATMUL_AUDIT_JSON {"tensor":"blk.6.attn_k.weight","output":"Kcur-6","dtype":"f16","m":64,"k":1536,"n":256,"sample_m":2,"sample_n":16,"relative_l2":0.000543061813,"max_abs":0.00145634962,"nonfinite_count":0,"pass":true,"divergence_ordinal":0}
MODEL_MATMUL_AUDIT_JSON {"tensor":"blk.6.attn_v.weight","output":"Vcur-6","dtype":"f16","m":64,"k":1536,"n":256,"sample_m":2,"sample_n":16,"relative_l2":0.00041643251,"max_abs":0.000588189869,"nonfinite_count":0,"pass":true,"divergence_ordinal":0}
MODEL_MATMUL_AUDIT_JSON {"tensor":"blk.6.attn_output.weight","output":"kqv_out-6","dtype":"f16","m":64,"k":1536,"n":1536,"sample_m":2,"sample_n":16,"relative_l2":0.000549977868,"max_abs":7.6894612e-05,"nonfinite_count":0,"pass":true,"divergence_ordinal":0}
MODEL_MATMUL_AUDIT_JSON {"tensor":"blk.6.ffn_gate.weight","output":"ffn_gate-6","dtype":"f16","m":64,"k":1536,"n":8960,"sample_m":2,"sample_n":16,"relative_l2":0.000585656821,"max_abs":0.00227389066,"nonfinite_count":0,"pass":true,"divergence_ordinal":0}
MODEL_MATMUL_AUDIT_JSON {"tensor":"blk.6.ffn_up.weight","output":"ffn_up-6","dtype":"f16","m":64,"k":1536,"n":8960,"sample_m":2,"sample_n":16,"relative_l2":0.000579832279,"max_abs":0.000671479851,"nonfinite_count":0,"pass":true,"divergence_ordinal":0}
MODEL_MATMUL_AUDIT_JSON {"tensor":"blk.6.ffn_down.weight","output":"ffn_out-6","dtype":"f16","m":64,"k":8960,"n":1536,"sample_m":2,"sample_n":16,"relative_l2":0.000395597045,"max_abs":0.000283332833,"nonfinite_count":0,"pass":true,"divergence_ordinal":0}
MODEL_MATMUL_AUDIT_JSON {"tensor":"blk.7.attn_q.weight","output":"Qcur-7","dtype":"f16","m":64,"k":1536,"n":1536,"sample_m":2,"sample_n":16,"relative_l2":0.000388093766,"max_abs":0.000834978709,"nonfinite_count":0,"pass":true,"divergence_ordinal":0}
MODEL_MATMUL_AUDIT_JSON {"tensor":"blk.7.attn_k.weight","output":"Kcur-7","dtype":"f16","m":64,"k":1536,"n":256,"sample_m":2,"sample_n":16,"relative_l2":0.000701510129,"max_abs":0.00152482442,"nonfinite_count":0,"pass":true,"divergence_ordinal":0}
MODEL_MATMUL_AUDIT_JSON {"tensor":"blk.7.attn_v.weight","output":"Vcur-7","dtype":"f16","m":64,"k":1536,"n":256,"sample_m":2,"sample_n":16,"relative_l2":0.000525152533,"max_abs":0.000453031156,"nonfinite_count":0,"pass":true,"divergence_ordinal":0}
MODEL_MATMUL_AUDIT_JSON {"tensor":"blk.7.attn_output.weight","output":"kqv_out-7","dtype":"f16","m":64,"k":1536,"n":1536,"sample_m":2,"sample_n":16,"relative_l2":0.000490506133,"max_abs":9.21950559e-05,"nonfinite_count":0,"pass":true,"divergence_ordinal":0}
MODEL_MATMUL_AUDIT_JSON {"tensor":"blk.7.ffn_gate.weight","output":"ffn_gate-7","dtype":"f16","m":64,"k":1536,"n":8960,"sample_m":2,"sample_n":16,"relative_l2":0.00059987063,"max_abs":0.00137536507,"nonfinite_count":0,"pass":true,"divergence_ordinal":0}
MODEL_MATMUL_AUDIT_JSON {"tensor":"blk.7.ffn_up.weight","output":"ffn_up-7","dtype":"f16","m":64,"k":1536,"n":8960,"sample_m":2,"sample_n":16,"relative_l2":0.000628438023,"max_abs":0.000782325806,"nonfinite_count":0,"pass":true,"divergence_ordinal":0}
MODEL_MATMUL_AUDIT_JSON {"tensor":"blk.7.ffn_down.weight","output":"ffn_out-7","dtype":"f16","m":64,"k":8960,"n":1536,"sample_m":2,"sample_n":16,"relative_l2":0.000599440864,"max_abs":0.000653539086,"nonfinite_count":0,"pass":true,"divergence_ordinal":0}
MODEL_MATMUL_AUDIT_JSON {"tensor":"blk.8.attn_q.weight","output":"Qcur-8","dtype":"f16","m":64,"k":1536,"n":1536,"sample_m":2,"sample_n":16,"relative_l2":0.000603286939,"max_abs":0.00144990894,"nonfinite_count":0,"pass":true,"divergence_ordinal":0}
MODEL_MATMUL_AUDIT_JSON {"tensor":"blk.8.attn_k.weight","output":"Kcur-8","dtype":"f16","m":64,"k":1536,"n":256,"sample_m":2,"sample_n":16,"relative_l2":0.00053619074,"max_abs":0.000782469404,"nonfinite_count":0,"pass":true,"divergence_ordinal":0}
MODEL_MATMUL_AUDIT_JSON {"tensor":"blk.8.attn_v.weight","output":"Vcur-8","dtype":"f16","m":64,"k":1536,"n":256,"sample_m":2,"sample_n":16,"relative_l2":0.000394861545,"max_abs":0.00063783495,"nonfinite_count":0,"pass":true,"divergence_ordinal":0}
MODEL_MATMUL_AUDIT_JSON {"tensor":"blk.8.attn_output.weight","output":"kqv_out-8","dtype":"f16","m":64,"k":1536,"n":1536,"sample_m":2,"sample_n":16,"relative_l2":0.000491329743,"max_abs":7.92786377e-05,"nonfinite_count":0,"pass":true,"divergence_ordinal":0}
MODEL_MATMUL_AUDIT_JSON {"tensor":"blk.8.ffn_gate.weight","output":"ffn_gate-8","dtype":"f16","m":64,"k":1536,"n":8960,"sample_m":2,"sample_n":16,"relative_l2":0.000494067829,"max_abs":0.00118320389,"nonfinite_count":0,"pass":true,"divergence_ordinal":0}
MODEL_MATMUL_AUDIT_JSON {"tensor":"blk.8.ffn_up.weight","output":"ffn_up-8","dtype":"f16","m":64,"k":1536,"n":8960,"sample_m":2,"sample_n":16,"relative_l2":0.000440259774,"max_abs":0.000520268863,"nonfinite_count":0,"pass":true,"divergence_ordinal":0}
MODEL_MATMUL_AUDIT_JSON {"tensor":"blk.8.ffn_down.weight","output":"ffn_out-8","dtype":"f16","m":64,"k":8960,"n":1536,"sample_m":2,"sample_n":16,"relative_l2":0.000594903824,"max_abs":0.000835240586,"nonfinite_count":0,"pass":true,"divergence_ordinal":0}
MODEL_MATMUL_AUDIT_JSON {"tensor":"blk.9.attn_q.weight","output":"Qcur-9","dtype":"f16","m":64,"k":1536,"n":1536,"sample_m":2,"sample_n":16,"relative_l2":0.000543029262,"max_abs":0.000867324881,"nonfinite_count":0,"pass":true,"divergence_ordinal":0}
MODEL_MATMUL_AUDIT_JSON {"tensor":"blk.9.attn_k.weight","output":"Kcur-9","dtype":"f16","m":64,"k":1536,"n":256,"sample_m":2,"sample_n":16,"relative_l2":0.000743002752,"max_abs":0.00285024941,"nonfinite_count":0,"pass":true,"divergence_ordinal":0}
MODEL_MATMUL_AUDIT_JSON {"tensor":"blk.9.attn_v.weight","output":"Vcur-9","dtype":"f16","m":64,"k":1536,"n":256,"sample_m":2,"sample_n":16,"relative_l2":0.000422516819,"max_abs":0.000356794451,"nonfinite_count":0,"pass":true,"divergence_ordinal":0}
MODEL_MATMUL_AUDIT_JSON {"tensor":"blk.9.attn_output.weight","output":"kqv_out-9","dtype":"f16","m":64,"k":1536,"n":1536,"sample_m":2,"sample_n":16,"relative_l2":0.00047865631,"max_abs":7.4980293e-05,"nonfinite_count":0,"pass":true,"divergence_ordinal":0}
MODEL_MATMUL_AUDIT_JSON {"tensor":"blk.9.ffn_gate.weight","output":"ffn_gate-9","dtype":"f16","m":64,"k":1536,"n":8960,"sample_m":2,"sample_n":16,"relative_l2":0.000613693421,"max_abs":0.00143878395,"nonfinite_count":0,"pass":true,"divergence_ordinal":0}
MODEL_MATMUL_AUDIT_JSON {"tensor":"blk.9.ffn_up.weight","output":"ffn_up-9","dtype":"f16","m":64,"k":1536,"n":8960,"sample_m":2,"sample_n":16,"relative_l2":0.000489430955,"max_abs":0.000784180069,"nonfinite_count":0,"pass":true,"divergence_ordinal":0}
MODEL_MATMUL_AUDIT_JSON {"tensor":"blk.9.ffn_down.weight","output":"ffn_out-9","dtype":"f16","m":64,"k":8960,"n":1536,"sample_m":2,"sample_n":16,"relative_l2":0.000522255835,"max_abs":0.000628448324,"nonfinite_count":0,"pass":true,"divergence_ordinal":0}
MODEL_MATMUL_AUDIT_JSON {"tensor":"blk.10.attn_q.weight","output":"Qcur-10","dtype":"f16","m":64,"k":1536,"n":1536,"sample_m":2,"sample_n":16,"relative_l2":0.000362615818,"max_abs":0.000293293648,"nonfinite_count":0,"pass":true,"divergence_ordinal":0}
MODEL_MATMUL_AUDIT_JSON {"tensor":"blk.10.attn_k.weight","output":"Kcur-10","dtype":"f16","m":64,"k":1536,"n":256,"sample_m":2,"sample_n":16,"relative_l2":0.00053852999,"max_abs":0.00129616761,"nonfinite_count":0,"pass":true,"divergence_ordinal":0}
MODEL_MATMUL_AUDIT_JSON {"tensor":"blk.10.attn_v.weight","output":"Vcur-10","dtype":"f16","m":64,"k":1536,"n":256,"sample_m":2,"sample_n":16,"relative_l2":0.000514113696,"max_abs":0.00072207069,"nonfinite_count":0,"pass":true,"divergence_ordinal":0}
MODEL_MATMUL_AUDIT_JSON {"tensor":"blk.10.attn_output.weight","output":"kqv_out-10","dtype":"f16","m":64,"k":1536,"n":1536,"sample_m":2,"sample_n":16,"relative_l2":0.000482763179,"max_abs":7.80118207e-05,"nonfinite_count":0,"pass":true,"divergence_ordinal":0}
MODEL_MATMUL_AUDIT_JSON {"tensor":"blk.10.ffn_gate.weight","output":"ffn_gate-10","dtype":"f16","m":64,"k":1536,"n":8960,"sample_m":2,"sample_n":16,"relative_l2":0.000456026535,"max_abs":0.000798299327,"nonfinite_count":0,"pass":true,"divergence_ordinal":0}
MODEL_MATMUL_AUDIT_JSON {"tensor":"blk.10.ffn_up.weight","output":"ffn_up-10","dtype":"f16","m":64,"k":1536,"n":8960,"sample_m":2,"sample_n":16,"relative_l2":0.000471255546,"max_abs":0.000604560424,"nonfinite_count":0,"pass":true,"divergence_ordinal":0}
MODEL_MATMUL_AUDIT_JSON {"tensor":"blk.10.ffn_down.weight","output":"ffn_out-10","dtype":"f16","m":64,"k":8960,"n":1536,"sample_m":2,"sample_n":16,"relative_l2":0.000606172376,"max_abs":0.000623659056,"nonfinite_count":0,"pass":true,"divergence_ordinal":0}
MODEL_MATMUL_AUDIT_JSON {"tensor":"blk.11.attn_q.weight","output":"Qcur-11","dtype":"f16","m":64,"k":1536,"n":1536,"sample_m":2,"sample_n":16,"relative_l2":0.000658244448,"max_abs":0.00059885846,"nonfinite_count":0,"pass":true,"divergence_ordinal":0}
MODEL_MATMUL_AUDIT_JSON {"tensor":"blk.11.attn_k.weight","output":"Kcur-11","dtype":"f16","m":64,"k":1536,"n":256,"sample_m":2,"sample_n":16,"relative_l2":0.000505892745,"max_abs":0.0013805388,"nonfinite_count":0,"pass":true,"divergence_ordinal":0}
MODEL_MATMUL_AUDIT_JSON {"tensor":"blk.11.attn_v.weight","output":"Vcur-11","dtype":"f16","m":64,"k":1536,"n":256,"sample_m":2,"sample_n":16,"relative_l2":0.000412266604,"max_abs":0.000388440909,"nonfinite_count":0,"pass":true,"divergence_ordinal":0}
MODEL_MATMUL_AUDIT_JSON {"tensor":"blk.11.attn_output.weight","output":"kqv_out-11","dtype":"f16","m":64,"k":1536,"n":1536,"sample_m":2,"sample_n":16,"relative_l2":0.000740319187,"max_abs":0.000362121238,"nonfinite_count":0,"pass":true,"divergence_ordinal":0}
MODEL_MATMUL_AUDIT_JSON {"tensor":"blk.11.ffn_gate.weight","output":"ffn_gate-11","dtype":"f16","m":64,"k":1536,"n":8960,"sample_m":2,"sample_n":16,"relative_l2":0.000535340486,"max_abs":0.00139790098,"nonfinite_count":0,"pass":true,"divergence_ordinal":0}
MODEL_MATMUL_AUDIT_JSON {"tensor":"blk.11.ffn_up.weight","output":"ffn_up-11","dtype":"f16","m":64,"k":1536,"n":8960,"sample_m":2,"sample_n":16,"relative_l2":0.00066747329,"max_abs":0.00123815413,"nonfinite_count":0,"pass":true,"divergence_ordinal":0}
MODEL_MATMUL_AUDIT_JSON {"tensor":"blk.11.ffn_down.weight","output":"ffn_out-11","dtype":"f16","m":64,"k":8960,"n":1536,"sample_m":2,"sample_n":16,"relative_l2":0.000396207681,"max_abs":0.000398267759,"nonfinite_count":0,"pass":true,"divergence_ordinal":0}
MODEL_MATMUL_AUDIT_JSON {"tensor":"blk.12.attn_q.weight","output":"Qcur-12","dtype":"f16","m":64,"k":1536,"n":1536,"sample_m":2,"sample_n":16,"relative_l2":0.000733372618,"max_abs":0.00143311603,"nonfinite_count":0,"pass":true,"divergence_ordinal":0}
MODEL_MATMUL_AUDIT_JSON {"tensor":"blk.12.attn_k.weight","output":"Kcur-12","dtype":"f16","m":64,"k":1536,"n":256,"sample_m":2,"sample_n":16,"relative_l2":0.000698093339,"max_abs":0.00120126922,"nonfinite_count":0,"pass":true,"divergence_ordinal":0}
MODEL_MATMUL_AUDIT_JSON {"tensor":"blk.12.attn_v.weight","output":"Vcur-12","dtype":"f16","m":64,"k":1536,"n":256,"sample_m":2,"sample_n":16,"relative_l2":0.000481140697,"max_abs":0.00066537055,"nonfinite_count":0,"pass":true,"divergence_ordinal":0}
MODEL_MATMUL_AUDIT_JSON {"tensor":"blk.12.attn_output.weight","output":"kqv_out-12","dtype":"f16","m":64,"k":1536,"n":1536,"sample_m":2,"sample_n":16,"relative_l2":0.000528457901,"max_abs":9.07954454e-05,"nonfinite_count":0,"pass":true,"divergence_ordinal":0}
MODEL_MATMUL_AUDIT_JSON {"tensor":"blk.12.ffn_gate.weight","output":"ffn_gate-12","dtype":"f16","m":64,"k":1536,"n":8960,"sample_m":2,"sample_n":16,"relative_l2":0.000602240973,"max_abs":0.000966686581,"nonfinite_count":0,"pass":true,"divergence_ordinal":0}
MODEL_MATMUL_AUDIT_JSON {"tensor":"blk.12.ffn_up.weight","output":"ffn_up-12","dtype":"f16","m":64,"k":1536,"n":8960,"sample_m":2,"sample_n":16,"relative_l2":0.000746065482,"max_abs":0.00147996889,"nonfinite_count":0,"pass":true,"divergence_ordinal":0}
MODEL_MATMUL_AUDIT_JSON {"tensor":"blk.12.ffn_down.weight","output":"ffn_out-12","dtype":"f16","m":64,"k":8960,"n":1536,"sample_m":2,"sample_n":16,"relative_l2":0.00048329869,"max_abs":0.000430991146,"nonfinite_count":0,"pass":true,"divergence_ordinal":0}
MODEL_MATMUL_AUDIT_JSON {"tensor":"blk.13.attn_q.weight","output":"Qcur-13","dtype":"f16","m":64,"k":1536,"n":1536,"sample_m":2,"sample_n":16,"relative_l2":0.000434303155,"max_abs":0.000937704754,"nonfinite_count":0,"pass":true,"divergence_ordinal":0}
MODEL_MATMUL_AUDIT_JSON {"tensor":"blk.13.attn_k.weight","output":"Kcur-13","dtype":"f16","m":64,"k":1536,"n":256,"sample_m":2,"sample_n":16,"relative_l2":0.000448069737,"max_abs":0.00122558314,"nonfinite_count":0,"pass":true,"divergence_ordinal":0}
MODEL_MATMUL_AUDIT_JSON {"tensor":"blk.13.attn_v.weight","output":"Vcur-13","dtype":"f16","m":64,"k":1536,"n":256,"sample_m":2,"sample_n":16,"relative_l2":0.00062265046,"max_abs":0.00129271136,"nonfinite_count":0,"pass":true,"divergence_ordinal":0}
MODEL_MATMUL_AUDIT_JSON {"tensor":"blk.13.attn_output.weight","output":"kqv_out-13","dtype":"f16","m":64,"k":1536,"n":1536,"sample_m":2,"sample_n":16,"relative_l2":0.000443718773,"max_abs":8.93226897e-05,"nonfinite_count":0,"pass":true,"divergence_ordinal":0}
MODEL_MATMUL_AUDIT_JSON {"tensor":"blk.13.ffn_gate.weight","output":"ffn_gate-13","dtype":"f16","m":64,"k":1536,"n":8960,"sample_m":2,"sample_n":16,"relative_l2":0.000656313985,"max_abs":0.00146679056,"nonfinite_count":0,"pass":true,"divergence_ordinal":0}
MODEL_MATMUL_AUDIT_JSON {"tensor":"blk.13.ffn_up.weight","output":"ffn_up-13","dtype":"f16","m":64,"k":1536,"n":8960,"sample_m":2,"sample_n":16,"relative_l2":0.000885204215,"max_abs":0.00145150605,"nonfinite_count":0,"pass":true,"divergence_ordinal":0}
MODEL_MATMUL_AUDIT_JSON {"tensor":"blk.13.ffn_down.weight","output":"ffn_out-13","dtype":"f16","m":64,"k":8960,"n":1536,"sample_m":2,"sample_n":16,"relative_l2":0.000590101665,"max_abs":0.000457546004,"nonfinite_count":0,"pass":true,"divergence_ordinal":0}
MODEL_MATMUL_AUDIT_JSON {"tensor":"blk.14.attn_q.weight","output":"Qcur-14","dtype":"f16","m":64,"k":1536,"n":1536,"sample_m":2,"sample_n":16,"relative_l2":0.000657750946,"max_abs":0.00140539056,"nonfinite_count":0,"pass":true,"divergence_ordinal":0}
MODEL_MATMUL_AUDIT_JSON {"tensor":"blk.14.attn_k.weight","output":"Kcur-14","dtype":"f16","m":64,"k":1536,"n":256,"sample_m":2,"sample_n":16,"relative_l2":0.000401723356,"max_abs":0.000532784383,"nonfinite_count":0,"pass":true,"divergence_ordinal":0}
MODEL_MATMUL_AUDIT_JSON {"tensor":"blk.14.attn_v.weight","output":"Vcur-14","dtype":"f16","m":64,"k":1536,"n":256,"sample_m":2,"sample_n":16,"relative_l2":0.000925495397,"max_abs":0.00214139465,"nonfinite_count":0,"pass":true,"divergence_ordinal":0}
MODEL_MATMUL_AUDIT_JSON {"tensor":"blk.14.attn_output.weight","output":"kqv_out-14","dtype":"f16","m":64,"k":1536,"n":1536,"sample_m":2,"sample_n":16,"relative_l2":0.000714714317,"max_abs":0.000135283495,"nonfinite_count":0,"pass":true,"divergence_ordinal":0}
MODEL_MATMUL_AUDIT_JSON {"tensor":"blk.14.ffn_gate.weight","output":"ffn_gate-14","dtype":"f16","m":64,"k":1536,"n":8960,"sample_m":2,"sample_n":16,"relative_l2":0.000985026934,"max_abs":0.00164621999,"nonfinite_count":0,"pass":true,"divergence_ordinal":0}
MODEL_MATMUL_AUDIT_JSON {"tensor":"blk.14.ffn_up.weight","output":"ffn_up-14","dtype":"f16","m":64,"k":1536,"n":8960,"sample_m":2,"sample_n":16,"relative_l2":0.000570264642,"max_abs":0.000749140687,"nonfinite_count":0,"pass":true,"divergence_ordinal":0}
MODEL_MATMUL_AUDIT_JSON {"tensor":"blk.14.ffn_down.weight","output":"ffn_out-14","dtype":"f16","m":64,"k":8960,"n":1536,"sample_m":2,"sample_n":16,"relative_l2":0.000502804819,"max_abs":0.000498780631,"nonfinite_count":0,"pass":true,"divergence_ordinal":0}
MODEL_MATMUL_AUDIT_JSON {"tensor":"blk.15.attn_q.weight","output":"Qcur-15","dtype":"f16","m":64,"k":1536,"n":1536,"sample_m":2,"sample_n":16,"relative_l2":0.000757136351,"max_abs":0.00115372369,"nonfinite_count":0,"pass":true,"divergence_ordinal":0}
MODEL_MATMUL_AUDIT_JSON {"tensor":"blk.15.attn_k.weight","output":"Kcur-15","dtype":"f16","m":64,"k":1536,"n":256,"sample_m":2,"sample_n":16,"relative_l2":0.000602785862,"max_abs":0.00195615599,"nonfinite_count":0,"pass":true,"divergence_ordinal":0}
MODEL_MATMUL_AUDIT_JSON {"tensor":"blk.15.attn_v.weight","output":"Vcur-15","dtype":"f16","m":64,"k":1536,"n":256,"sample_m":2,"sample_n":16,"relative_l2":0.000557206738,"max_abs":0.000518488116,"nonfinite_count":0,"pass":true,"divergence_ordinal":0}
MODEL_MATMUL_AUDIT_JSON {"tensor":"blk.15.attn_output.weight","output":"kqv_out-15","dtype":"f16","m":64,"k":1536,"n":1536,"sample_m":2,"sample_n":16,"relative_l2":0.000623387285,"max_abs":0.00014978445,"nonfinite_count":0,"pass":true,"divergence_ordinal":0}
MODEL_MATMUL_AUDIT_JSON {"tensor":"blk.15.ffn_gate.weight","output":"ffn_gate-15","dtype":"f16","m":64,"k":1536,"n":8960,"sample_m":2,"sample_n":16,"relative_l2":0.000377683906,"max_abs":0.000531198864,"nonfinite_count":0,"pass":true,"divergence_ordinal":0}
MODEL_MATMUL_AUDIT_JSON {"tensor":"blk.15.ffn_up.weight","output":"ffn_up-15","dtype":"f16","m":64,"k":1536,"n":8960,"sample_m":2,"sample_n":16,"relative_l2":0.000677239339,"max_abs":0.00063152652,"nonfinite_count":0,"pass":true,"divergence_ordinal":0}
MODEL_MATMUL_AUDIT_JSON {"tensor":"blk.15.ffn_down.weight","output":"ffn_out-15","dtype":"f16","m":64,"k":8960,"n":1536,"sample_m":2,"sample_n":16,"relative_l2":0.000576700684,"max_abs":0.000576930004,"nonfinite_count":0,"pass":true,"divergence_ordinal":0}
MODEL_MATMUL_AUDIT_JSON {"tensor":"blk.16.attn_q.weight","output":"Qcur-16","dtype":"f16","m":64,"k":1536,"n":1536,"sample_m":2,"sample_n":16,"relative_l2":0.00065577999,"max_abs":0.000963015424,"nonfinite_count":0,"pass":true,"divergence_ordinal":0}
MODEL_MATMUL_AUDIT_JSON {"tensor":"blk.16.attn_k.weight","output":"Kcur-16","dtype":"f16","m":64,"k":1536,"n":256,"sample_m":2,"sample_n":16,"relative_l2":0.000558376697,"max_abs":0.000529429468,"nonfinite_count":0,"pass":true,"divergence_ordinal":0}
MODEL_MATMUL_AUDIT_JSON {"tensor":"blk.16.attn_v.weight","output":"Vcur-16","dtype":"f16","m":64,"k":1536,"n":256,"sample_m":2,"sample_n":16,"relative_l2":0.000727498783,"max_abs":0.00126444537,"nonfinite_count":0,"pass":true,"divergence_ordinal":0}
MODEL_MATMUL_AUDIT_JSON {"tensor":"blk.16.attn_output.weight","output":"kqv_out-16","dtype":"f16","m":64,"k":1536,"n":1536,"sample_m":2,"sample_n":16,"relative_l2":0.000413297115,"max_abs":8.07181132e-05,"nonfinite_count":0,"pass":true,"divergence_ordinal":0}
MODEL_MATMUL_AUDIT_JSON {"tensor":"blk.16.ffn_gate.weight","output":"ffn_gate-16","dtype":"f16","m":64,"k":1536,"n":8960,"sample_m":2,"sample_n":16,"relative_l2":0.000491935623,"max_abs":0.00101754488,"nonfinite_count":0,"pass":true,"divergence_ordinal":0}
MODEL_MATMUL_AUDIT_JSON {"tensor":"blk.16.ffn_up.weight","output":"ffn_up-16","dtype":"f16","m":64,"k":1536,"n":8960,"sample_m":2,"sample_n":16,"relative_l2":0.000612213987,"max_abs":0.000521478127,"nonfinite_count":0,"pass":true,"divergence_ordinal":0}
MODEL_MATMUL_AUDIT_JSON {"tensor":"blk.16.ffn_down.weight","output":"ffn_out-16","dtype":"f16","m":64,"k":8960,"n":1536,"sample_m":2,"sample_n":16,"relative_l2":0.000464372463,"max_abs":0.000317772879,"nonfinite_count":0,"pass":true,"divergence_ordinal":0}
MODEL_MATMUL_AUDIT_JSON {"tensor":"blk.17.attn_q.weight","output":"Qcur-17","dtype":"f16","m":64,"k":1536,"n":1536,"sample_m":2,"sample_n":16,"relative_l2":0.000548391914,"max_abs":0.00154771702,"nonfinite_count":0,"pass":true,"divergence_ordinal":0}
MODEL_MATMUL_AUDIT_JSON {"tensor":"blk.17.attn_k.weight","output":"Kcur-17","dtype":"f16","m":64,"k":1536,"n":256,"sample_m":2,"sample_n":16,"relative_l2":0.000655563625,"max_abs":0.00136447267,"nonfinite_count":0,"pass":true,"divergence_ordinal":0}
MODEL_MATMUL_AUDIT_JSON {"tensor":"blk.17.attn_v.weight","output":"Vcur-17","dtype":"f16","m":64,"k":1536,"n":256,"sample_m":2,"sample_n":16,"relative_l2":0.000589022369,"max_abs":0.000652803399,"nonfinite_count":0,"pass":true,"divergence_ordinal":0}
MODEL_MATMUL_AUDIT_JSON {"tensor":"blk.17.attn_output.weight","output":"kqv_out-17","dtype":"f16","m":64,"k":1536,"n":1536,"sample_m":2,"sample_n":16,"relative_l2":0.000628406617,"max_abs":0.000166925194,"nonfinite_count":0,"pass":true,"divergence_ordinal":0}
MODEL_MATMUL_AUDIT_JSON {"tensor":"blk.17.ffn_gate.weight","output":"ffn_gate-17","dtype":"f16","m":64,"k":1536,"n":8960,"sample_m":2,"sample_n":16,"relative_l2":0.000594933831,"max_abs":0.000990503118,"nonfinite_count":0,"pass":true,"divergence_ordinal":0}
MODEL_MATMUL_AUDIT_JSON {"tensor":"blk.17.ffn_up.weight","output":"ffn_up-17","dtype":"f16","m":64,"k":1536,"n":8960,"sample_m":2,"sample_n":16,"relative_l2":0.000504837739,"max_abs":0.000702022749,"nonfinite_count":0,"pass":true,"divergence_ordinal":0}
MODEL_MATMUL_AUDIT_JSON {"tensor":"blk.17.ffn_down.weight","output":"ffn_out-17","dtype":"f16","m":64,"k":8960,"n":1536,"sample_m":2,"sample_n":16,"relative_l2":0.000519806206,"max_abs":0.000377675926,"nonfinite_count":0,"pass":true,"divergence_ordinal":0}
MODEL_MATMUL_AUDIT_JSON {"tensor":"blk.18.attn_q.weight","output":"Qcur-18","dtype":"f16","m":64,"k":1536,"n":1536,"sample_m":2,"sample_n":16,"relative_l2":0.000597892622,"max_abs":0.000756703666,"nonfinite_count":0,"pass":true,"divergence_ordinal":0}
MODEL_MATMUL_AUDIT_JSON {"tensor":"blk.18.attn_k.weight","output":"Kcur-18","dtype":"f16","m":64,"k":1536,"n":256,"sample_m":2,"sample_n":16,"relative_l2":0.000641184347,"max_abs":0.00120250985,"nonfinite_count":0,"pass":true,"divergence_ordinal":0}
MODEL_MATMUL_AUDIT_JSON {"tensor":"blk.18.attn_v.weight","output":"Vcur-18","dtype":"f16","m":64,"k":1536,"n":256,"sample_m":2,"sample_n":16,"relative_l2":0.000763728821,"max_abs":0.000735449721,"nonfinite_count":0,"pass":true,"divergence_ordinal":0}
MODEL_MATMUL_AUDIT_JSON {"tensor":"blk.18.attn_output.weight","output":"kqv_out-18","dtype":"f16","m":64,"k":1536,"n":1536,"sample_m":2,"sample_n":16,"relative_l2":0.000594073647,"max_abs":9.12616088e-05,"nonfinite_count":0,"pass":true,"divergence_ordinal":0}
MODEL_MATMUL_AUDIT_JSON {"tensor":"blk.18.ffn_gate.weight","output":"ffn_gate-18","dtype":"f16","m":64,"k":1536,"n":8960,"sample_m":2,"sample_n":16,"relative_l2":0.000602279047,"max_abs":0.0006909371,"nonfinite_count":0,"pass":true,"divergence_ordinal":0}
MODEL_MATMUL_AUDIT_JSON {"tensor":"blk.18.ffn_up.weight","output":"ffn_up-18","dtype":"f16","m":64,"k":1536,"n":8960,"sample_m":2,"sample_n":16,"relative_l2":0.000609165274,"max_abs":0.00106554397,"nonfinite_count":0,"pass":true,"divergence_ordinal":0}
MODEL_MATMUL_AUDIT_JSON {"tensor":"blk.18.ffn_down.weight","output":"ffn_out-18","dtype":"f16","m":64,"k":8960,"n":1536,"sample_m":2,"sample_n":16,"relative_l2":0.000792988719,"max_abs":0.000649202266,"nonfinite_count":0,"pass":true,"divergence_ordinal":0}
MODEL_MATMUL_AUDIT_JSON {"tensor":"blk.19.attn_q.weight","output":"Qcur-19","dtype":"f16","m":64,"k":1536,"n":1536,"sample_m":2,"sample_n":16,"relative_l2":0.000522242861,"max_abs":0.000556682644,"nonfinite_count":0,"pass":true,"divergence_ordinal":0}
MODEL_MATMUL_AUDIT_JSON {"tensor":"blk.19.attn_k.weight","output":"Kcur-19","dtype":"f16","m":64,"k":1536,"n":256,"sample_m":2,"sample_n":16,"relative_l2":0.000650979651,"max_abs":0.000559195061,"nonfinite_count":0,"pass":true,"divergence_ordinal":0}
MODEL_MATMUL_AUDIT_JSON {"tensor":"blk.19.attn_v.weight","output":"Vcur-19","dtype":"f16","m":64,"k":1536,"n":256,"sample_m":2,"sample_n":16,"relative_l2":0.000564712572,"max_abs":0.00162737537,"nonfinite_count":0,"pass":true,"divergence_ordinal":0}
MODEL_MATMUL_AUDIT_JSON {"tensor":"blk.19.attn_output.weight","output":"kqv_out-19","dtype":"f16","m":64,"k":1536,"n":1536,"sample_m":2,"sample_n":16,"relative_l2":0.000493745225,"max_abs":0.000124125989,"nonfinite_count":0,"pass":true,"divergence_ordinal":0}
MODEL_MATMUL_AUDIT_JSON {"tensor":"blk.19.ffn_gate.weight","output":"ffn_gate-19","dtype":"f16","m":64,"k":1536,"n":8960,"sample_m":2,"sample_n":16,"relative_l2":0.000482302239,"max_abs":0.000988530577,"nonfinite_count":0,"pass":true,"divergence_ordinal":0}
MODEL_MATMUL_AUDIT_JSON {"tensor":"blk.19.ffn_up.weight","output":"ffn_up-19","dtype":"f16","m":64,"k":1536,"n":8960,"sample_m":2,"sample_n":16,"relative_l2":0.000708323139,"max_abs":0.00108153746,"nonfinite_count":0,"pass":true,"divergence_ordinal":0}
MODEL_MATMUL_AUDIT_JSON {"tensor":"blk.19.ffn_down.weight","output":"ffn_out-19","dtype":"f16","m":64,"k":8960,"n":1536,"sample_m":2,"sample_n":16,"relative_l2":0.000751379585,"max_abs":0.00122221105,"nonfinite_count":0,"pass":true,"divergence_ordinal":0}
MODEL_MATMUL_AUDIT_JSON {"tensor":"blk.20.attn_q.weight","output":"Qcur-20","dtype":"f16","m":64,"k":1536,"n":1536,"sample_m":2,"sample_n":16,"relative_l2":0.000662332463,"max_abs":0.000641721999,"nonfinite_count":0,"pass":true,"divergence_ordinal":0}
MODEL_MATMUL_AUDIT_JSON {"tensor":"blk.20.attn_k.weight","output":"Kcur-20","dtype":"f16","m":64,"k":1536,"n":256,"sample_m":2,"sample_n":16,"relative_l2":0.000677455977,"max_abs":0.00100650452,"nonfinite_count":0,"pass":true,"divergence_ordinal":0}
MODEL_MATMUL_AUDIT_JSON {"tensor":"blk.20.attn_v.weight","output":"Vcur-20","dtype":"f16","m":64,"k":1536,"n":256,"sample_m":2,"sample_n":16,"relative_l2":0.000543989898,"max_abs":0.0010936585,"nonfinite_count":0,"pass":true,"divergence_ordinal":0}
MODEL_MATMUL_AUDIT_JSON {"tensor":"blk.20.attn_output.weight","output":"kqv_out-20","dtype":"f16","m":64,"k":1536,"n":1536,"sample_m":2,"sample_n":16,"relative_l2":0.000566718706,"max_abs":0.000192961117,"nonfinite_count":0,"pass":true,"divergence_ordinal":0}
MODEL_MATMUL_AUDIT_JSON {"tensor":"blk.20.ffn_gate.weight","output":"ffn_gate-20","dtype":"f16","m":64,"k":1536,"n":8960,"sample_m":2,"sample_n":16,"relative_l2":0.000492632928,"max_abs":0.00135012507,"nonfinite_count":0,"pass":true,"divergence_ordinal":0}
MODEL_MATMUL_AUDIT_JSON {"tensor":"blk.20.ffn_up.weight","output":"ffn_up-20","dtype":"f16","m":64,"k":1536,"n":8960,"sample_m":2,"sample_n":16,"relative_l2":0.000547492225,"max_abs":0.000800798181,"nonfinite_count":0,"pass":true,"divergence_ordinal":0}
MODEL_MATMUL_AUDIT_JSON {"tensor":"blk.20.ffn_down.weight","output":"ffn_out-20","dtype":"f16","m":64,"k":8960,"n":1536,"sample_m":2,"sample_n":16,"relative_l2":0.000547005767,"max_abs":0.000619364146,"nonfinite_count":0,"pass":true,"divergence_ordinal":0}
MODEL_MATMUL_AUDIT_JSON {"tensor":"blk.21.attn_q.weight","output":"Qcur-21","dtype":"f16","m":64,"k":1536,"n":1536,"sample_m":2,"sample_n":16,"relative_l2":0.000363283925,"max_abs":0.000360734062,"nonfinite_count":0,"pass":true,"divergence_ordinal":0}
MODEL_MATMUL_AUDIT_JSON {"tensor":"blk.21.attn_k.weight","output":"Kcur-21","dtype":"f16","m":64,"k":1536,"n":256,"sample_m":2,"sample_n":16,"relative_l2":0.000610619228,"max_abs":0.000658390811,"nonfinite_count":0,"pass":true,"divergence_ordinal":0}
MODEL_MATMUL_AUDIT_JSON {"tensor":"blk.21.attn_v.weight","output":"Vcur-21","dtype":"f16","m":64,"k":1536,"n":256,"sample_m":2,"sample_n":16,"relative_l2":0.000723323856,"max_abs":0.00223191059,"nonfinite_count":0,"pass":true,"divergence_ordinal":0}
MODEL_MATMUL_AUDIT_JSON {"tensor":"blk.21.attn_output.weight","output":"kqv_out-21","dtype":"f16","m":64,"k":1536,"n":1536,"sample_m":2,"sample_n":16,"relative_l2":0.000427934925,"max_abs":0.000164100376,"nonfinite_count":0,"pass":true,"divergence_ordinal":0}
MODEL_MATMUL_AUDIT_JSON {"tensor":"blk.21.ffn_gate.weight","output":"ffn_gate-21","dtype":"f16","m":64,"k":1536,"n":8960,"sample_m":2,"sample_n":16,"relative_l2":0.000543263024,"max_abs":0.0026051756,"nonfinite_count":0,"pass":true,"divergence_ordinal":0}
MODEL_MATMUL_AUDIT_JSON {"tensor":"blk.21.ffn_up.weight","output":"ffn_up-21","dtype":"f16","m":64,"k":1536,"n":8960,"sample_m":2,"sample_n":16,"relative_l2":0.000599674383,"max_abs":0.00120447646,"nonfinite_count":0,"pass":true,"divergence_ordinal":0}
MODEL_MATMUL_AUDIT_JSON {"tensor":"blk.21.ffn_down.weight","output":"ffn_out-21","dtype":"f16","m":64,"k":8960,"n":1536,"sample_m":2,"sample_n":16,"relative_l2":0.000535146066,"max_abs":0.000744399847,"nonfinite_count":0,"pass":true,"divergence_ordinal":0}
MODEL_MATMUL_AUDIT_JSON {"tensor":"blk.22.attn_q.weight","output":"Qcur-22","dtype":"f16","m":64,"k":1536,"n":1536,"sample_m":2,"sample_n":16,"relative_l2":0.00065787515,"max_abs":0.00195553689,"nonfinite_count":0,"pass":true,"divergence_ordinal":0}
MODEL_MATMUL_AUDIT_JSON {"tensor":"blk.22.attn_k.weight","output":"Kcur-22","dtype":"f16","m":64,"k":1536,"n":256,"sample_m":2,"sample_n":16,"relative_l2":0.0007147676,"max_abs":0.00151159894,"nonfinite_count":0,"pass":true,"divergence_ordinal":0}
MODEL_MATMUL_AUDIT_JSON {"tensor":"blk.22.attn_v.weight","output":"Vcur-22","dtype":"f16","m":64,"k":1536,"n":256,"sample_m":2,"sample_n":16,"relative_l2":0.00049905343,"max_abs":0.00121413416,"nonfinite_count":0,"pass":true,"divergence_ordinal":0}
MODEL_MATMUL_AUDIT_JSON {"tensor":"blk.22.attn_output.weight","output":"kqv_out-22","dtype":"f16","m":64,"k":1536,"n":1536,"sample_m":2,"sample_n":16,"relative_l2":0.000451265077,"max_abs":0.00014526397,"nonfinite_count":0,"pass":true,"divergence_ordinal":0}
MODEL_MATMUL_AUDIT_JSON {"tensor":"blk.22.ffn_gate.weight","output":"ffn_gate-22","dtype":"f16","m":64,"k":1536,"n":8960,"sample_m":2,"sample_n":16,"relative_l2":0.000538918329,"max_abs":0.00141034659,"nonfinite_count":0,"pass":true,"divergence_ordinal":0}
MODEL_MATMUL_AUDIT_JSON {"tensor":"blk.22.ffn_up.weight","output":"ffn_up-22","dtype":"f16","m":64,"k":1536,"n":8960,"sample_m":2,"sample_n":16,"relative_l2":0.000603611025,"max_abs":0.000685961626,"nonfinite_count":0,"pass":true,"divergence_ordinal":0}
MODEL_MATMUL_AUDIT_JSON {"tensor":"blk.22.ffn_down.weight","output":"ffn_out-22","dtype":"f16","m":64,"k":8960,"n":1536,"sample_m":2,"sample_n":16,"relative_l2":0.000635002073,"max_abs":0.00215984671,"nonfinite_count":0,"pass":true,"divergence_ordinal":0}
MODEL_MATMUL_AUDIT_JSON {"tensor":"blk.23.attn_q.weight","output":"Qcur-23","dtype":"f16","m":64,"k":1536,"n":1536,"sample_m":2,"sample_n":16,"relative_l2":0.000623527938,"max_abs":0.00126499345,"nonfinite_count":0,"pass":true,"divergence_ordinal":0}
MODEL_MATMUL_AUDIT_JSON {"tensor":"blk.23.attn_k.weight","output":"Kcur-23","dtype":"f16","m":64,"k":1536,"n":256,"sample_m":2,"sample_n":16,"relative_l2":0.000540166073,"max_abs":0.000708764244,"nonfinite_count":0,"pass":true,"divergence_ordinal":0}
MODEL_MATMUL_AUDIT_JSON {"tensor":"blk.23.attn_v.weight","output":"Vcur-23","dtype":"f16","m":64,"k":1536,"n":256,"sample_m":2,"sample_n":16,"relative_l2":0.00093312731,"max_abs":0.00454087602,"nonfinite_count":0,"pass":true,"divergence_ordinal":0}
MODEL_MATMUL_AUDIT_JSON {"tensor":"blk.23.attn_output.weight","output":"kqv_out-23","dtype":"f16","m":64,"k":1536,"n":1536,"sample_m":2,"sample_n":16,"relative_l2":0.000408953188,"max_abs":0.000120468423,"nonfinite_count":0,"pass":true,"divergence_ordinal":0}
MODEL_MATMUL_AUDIT_JSON {"tensor":"blk.23.ffn_gate.weight","output":"ffn_gate-23","dtype":"f16","m":64,"k":1536,"n":8960,"sample_m":2,"sample_n":16,"relative_l2":0.000581438239,"max_abs":0.00156149117,"nonfinite_count":0,"pass":true,"divergence_ordinal":0}
MODEL_MATMUL_AUDIT_JSON {"tensor":"blk.23.ffn_up.weight","output":"ffn_up-23","dtype":"f16","m":64,"k":1536,"n":8960,"sample_m":2,"sample_n":16,"relative_l2":0.000621015465,"max_abs":0.00145323412,"nonfinite_count":0,"pass":true,"divergence_ordinal":0}
MODEL_MATMUL_AUDIT_JSON {"tensor":"blk.23.ffn_down.weight","output":"ffn_out-23","dtype":"f16","m":64,"k":8960,"n":1536,"sample_m":2,"sample_n":16,"relative_l2":0.000635157663,"max_abs":0.00232062186,"nonfinite_count":0,"pass":true,"divergence_ordinal":0}
MODEL_MATMUL_AUDIT_JSON {"tensor":"blk.24.attn_q.weight","output":"Qcur-24","dtype":"f16","m":64,"k":1536,"n":1536,"sample_m":2,"sample_n":16,"relative_l2":0.000475829333,"max_abs":0.000887619914,"nonfinite_count":0,"pass":true,"divergence_ordinal":0}
MODEL_MATMUL_AUDIT_JSON {"tensor":"blk.24.attn_k.weight","output":"Kcur-24","dtype":"f16","m":64,"k":1536,"n":256,"sample_m":2,"sample_n":16,"relative_l2":0.00042170803,"max_abs":0.000490445993,"nonfinite_count":0,"pass":true,"divergence_ordinal":0}
MODEL_MATMUL_AUDIT_JSON {"tensor":"blk.24.attn_v.weight","output":"Vcur-24","dtype":"f16","m":64,"k":1536,"n":256,"sample_m":2,"sample_n":16,"relative_l2":0.00059976831,"max_abs":0.00141454535,"nonfinite_count":0,"pass":true,"divergence_ordinal":0}
MODEL_MATMUL_AUDIT_JSON {"tensor":"blk.24.attn_output.weight","output":"kqv_out-24","dtype":"f16","m":64,"k":1536,"n":1536,"sample_m":2,"sample_n":16,"relative_l2":0.000733314055,"max_abs":0.000681303267,"nonfinite_count":0,"pass":true,"divergence_ordinal":0}
MODEL_MATMUL_AUDIT_JSON {"tensor":"blk.24.ffn_gate.weight","output":"ffn_gate-24","dtype":"f16","m":64,"k":1536,"n":8960,"sample_m":2,"sample_n":16,"relative_l2":0.000508200195,"max_abs":0.00144314975,"nonfinite_count":0,"pass":true,"divergence_ordinal":0}
MODEL_MATMUL_AUDIT_JSON {"tensor":"blk.24.ffn_up.weight","output":"ffn_up-24","dtype":"f16","m":64,"k":1536,"n":8960,"sample_m":2,"sample_n":16,"relative_l2":0.00045284467,"max_abs":0.000960876641,"nonfinite_count":0,"pass":true,"divergence_ordinal":0}
MODEL_MATMUL_AUDIT_JSON {"tensor":"blk.24.ffn_down.weight","output":"ffn_out-24","dtype":"f16","m":64,"k":8960,"n":1536,"sample_m":2,"sample_n":16,"relative_l2":0.000371249123,"max_abs":0.00374772004,"nonfinite_count":0,"pass":true,"divergence_ordinal":0}
MODEL_MATMUL_AUDIT_JSON {"tensor":"blk.25.attn_q.weight","output":"Qcur-25","dtype":"f16","m":64,"k":1536,"n":1536,"sample_m":2,"sample_n":16,"relative_l2":0.000517143559,"max_abs":0.001074553,"nonfinite_count":0,"pass":true,"divergence_ordinal":0}
MODEL_MATMUL_AUDIT_JSON {"tensor":"blk.25.attn_k.weight","output":"Kcur-25","dtype":"f16","m":64,"k":1536,"n":256,"sample_m":2,"sample_n":16,"relative_l2":0.00049149308,"max_abs":0.000871164433,"nonfinite_count":0,"pass":true,"divergence_ordinal":0}
MODEL_MATMUL_AUDIT_JSON {"tensor":"blk.25.attn_v.weight","output":"Vcur-25","dtype":"f16","m":64,"k":1536,"n":256,"sample_m":2,"sample_n":16,"relative_l2":0.000615912984,"max_abs":0.00514952745,"nonfinite_count":0,"pass":true,"divergence_ordinal":0}
MODEL_MATMUL_AUDIT_JSON {"tensor":"blk.25.attn_output.weight","output":"kqv_out-25","dtype":"f16","m":64,"k":1536,"n":1536,"sample_m":2,"sample_n":16,"relative_l2":0.000739273621,"max_abs":0.000681018166,"nonfinite_count":0,"pass":true,"divergence_ordinal":0}
MODEL_MATMUL_AUDIT_JSON {"tensor":"blk.25.ffn_gate.weight","output":"ffn_gate-25","dtype":"f16","m":64,"k":1536,"n":8960,"sample_m":2,"sample_n":16,"relative_l2":0.000585962832,"max_abs":0.00284495065,"nonfinite_count":0,"pass":true,"divergence_ordinal":0}
MODEL_MATMUL_AUDIT_JSON {"tensor":"blk.25.ffn_up.weight","output":"ffn_up-25","dtype":"f16","m":64,"k":1536,"n":8960,"sample_m":2,"sample_n":16,"relative_l2":0.000646598339,"max_abs":0.00114273583,"nonfinite_count":0,"pass":true,"divergence_ordinal":0}
MODEL_MATMUL_AUDIT_JSON {"tensor":"blk.25.ffn_down.weight","output":"ffn_out-25","dtype":"f16","m":64,"k":8960,"n":1536,"sample_m":2,"sample_n":16,"relative_l2":0.000725873132,"max_abs":0.00351602701,"nonfinite_count":0,"pass":true,"divergence_ordinal":0}
MODEL_MATMUL_AUDIT_JSON {"tensor":"blk.26.attn_q.weight","output":"Qcur-26","dtype":"f16","m":64,"k":1536,"n":1536,"sample_m":2,"sample_n":16,"relative_l2":0.000433801361,"max_abs":0.000843613874,"nonfinite_count":0,"pass":true,"divergence_ordinal":0}
MODEL_MATMUL_AUDIT_JSON {"tensor":"blk.26.attn_k.weight","output":"Kcur-26","dtype":"f16","m":64,"k":1536,"n":256,"sample_m":2,"sample_n":16,"relative_l2":0.000810055976,"max_abs":0.000866587041,"nonfinite_count":0,"pass":true,"divergence_ordinal":0}
MODEL_MATMUL_AUDIT_JSON {"tensor":"blk.26.attn_v.weight","output":"Vcur-26","dtype":"f16","m":64,"k":1536,"n":256,"sample_m":2,"sample_n":16,"relative_l2":0.00047233829,"max_abs":0.00170854758,"nonfinite_count":0,"pass":true,"divergence_ordinal":0}
MODEL_MATMUL_AUDIT_JSON {"tensor":"blk.26.attn_output.weight","output":"kqv_out-26","dtype":"f16","m":64,"k":1536,"n":1536,"sample_m":2,"sample_n":16,"relative_l2":0.000529788785,"max_abs":0.000526525197,"nonfinite_count":0,"pass":true,"divergence_ordinal":0}
MODEL_MATMUL_AUDIT_JSON {"tensor":"blk.26.ffn_gate.weight","output":"ffn_gate-26","dtype":"f16","m":64,"k":1536,"n":8960,"sample_m":2,"sample_n":16,"relative_l2":0.000328195011,"max_abs":0.00194837048,"nonfinite_count":0,"pass":true,"divergence_ordinal":0}
MODEL_MATMUL_AUDIT_JSON {"tensor":"blk.26.ffn_up.weight","output":"ffn_up-26","dtype":"f16","m":64,"k":1536,"n":8960,"sample_m":2,"sample_n":16,"relative_l2":0.000718835834,"max_abs":0.00391605217,"nonfinite_count":0,"pass":true,"divergence_ordinal":0}
MODEL_MATMUL_AUDIT_JSON {"tensor":"blk.26.ffn_down.weight","output":"ffn_out-26","dtype":"f16","m":64,"k":8960,"n":1536,"sample_m":2,"sample_n":16,"relative_l2":0.000740234423,"max_abs":0.0480850451,"nonfinite_count":0,"pass":true,"divergence_ordinal":0}
MODEL_MATMUL_AUDIT_JSON {"tensor":"blk.27.attn_q.weight","output":"Qcur-27","dtype":"f16","m":64,"k":1536,"n":1536,"sample_m":2,"sample_n":16,"relative_l2":0.000577629326,"max_abs":0.000895185454,"nonfinite_count":0,"pass":true,"divergence_ordinal":0}
MODEL_MATMUL_AUDIT_JSON {"tensor":"blk.27.attn_k.weight","output":"Kcur-27","dtype":"f16","m":64,"k":1536,"n":256,"sample_m":2,"sample_n":16,"relative_l2":0.000480080959,"max_abs":0.000446988241,"nonfinite_count":0,"pass":true,"divergence_ordinal":0}
MODEL_MATMUL_AUDIT_JSON {"tensor":"blk.27.attn_v.weight","output":"Vcur-27","dtype":"f16","m":64,"k":1536,"n":256,"sample_m":2,"sample_n":16,"relative_l2":0.00071590484,"max_abs":0.00433286792,"nonfinite_count":0,"pass":true,"divergence_ordinal":0}
MODEL_MATMUL_AUDIT_JSON {"tensor":"blk.27.attn_output.weight","output":"kqv_out-27","dtype":"f16","m":64,"k":1536,"n":1536,"sample_m":2,"sample_n":16,"relative_l2":0.000465024831,"max_abs":0.00117601675,"nonfinite_count":0,"pass":true,"divergence_ordinal":0}
MODEL_MATMUL_AUDIT_JSON {"tensor":"blk.0.attn_q.weight","output":"Qcur-0","dtype":"f16","m":64,"k":1536,"n":1536,"sample_m":2,"sample_n":16,"relative_l2":0.000742761995,"max_abs":0.00126747112,"nonfinite_count":0,"pass":true,"divergence_ordinal":0}
MODEL_MATMUL_AUDIT_JSON {"tensor":"blk.0.attn_k.weight","output":"Kcur-0","dtype":"f16","m":64,"k":1536,"n":256,"sample_m":2,"sample_n":16,"relative_l2":0.000524471936,"max_abs":0.00187986623,"nonfinite_count":0,"pass":true,"divergence_ordinal":0}
MODEL_MATMUL_AUDIT_JSON {"tensor":"blk.0.attn_v.weight","output":"Vcur-0","dtype":"f16","m":64,"k":1536,"n":256,"sample_m":2,"sample_n":16,"relative_l2":0.000587795684,"max_abs":0.000381599646,"nonfinite_count":0,"pass":true,"divergence_ordinal":0}
MODEL_MATMUL_AUDIT_JSON {"tensor":"blk.0.attn_output.weight","output":"kqv_out-0","dtype":"f16","m":64,"k":1536,"n":1536,"sample_m":2,"sample_n":16,"relative_l2":0.000381250808,"max_abs":0.000265725917,"nonfinite_count":0,"pass":true,"divergence_ordinal":0}
MODEL_MATMUL_AUDIT_JSON {"tensor":"blk.0.ffn_gate.weight","output":"ffn_gate-0","dtype":"f16","m":64,"k":1536,"n":8960,"sample_m":2,"sample_n":16,"relative_l2":0.000487320285,"max_abs":0.00169322733,"nonfinite_count":0,"pass":true,"divergence_ordinal":0}
MODEL_MATMUL_AUDIT_JSON {"tensor":"blk.0.ffn_up.weight","output":"ffn_up-0","dtype":"f16","m":64,"k":1536,"n":8960,"sample_m":2,"sample_n":16,"relative_l2":0.000471493925,"max_abs":0.000296040002,"nonfinite_count":0,"pass":true,"divergence_ordinal":0}
MODEL_MATMUL_AUDIT_JSON {"tensor":"blk.0.ffn_down.weight","output":"ffn_out-0","dtype":"f16","m":64,"k":8960,"n":1536,"sample_m":2,"sample_n":16,"relative_l2":0.000538993194,"max_abs":0.000246099109,"nonfinite_count":0,"pass":true,"divergence_ordinal":0}
MODEL_MATMUL_AUDIT_JSON {"tensor":"blk.1.attn_q.weight","output":"Qcur-1","dtype":"f16","m":64,"k":1536,"n":1536,"sample_m":2,"sample_n":16,"relative_l2":0.000541107551,"max_abs":0.00123501592,"nonfinite_count":0,"pass":true,"divergence_ordinal":0}
MODEL_MATMUL_AUDIT_JSON {"tensor":"blk.1.attn_k.weight","output":"Kcur-1","dtype":"f16","m":64,"k":1536,"n":256,"sample_m":2,"sample_n":16,"relative_l2":0.000559900754,"max_abs":0.00146694155,"nonfinite_count":0,"pass":true,"divergence_ordinal":0}
MODEL_MATMUL_AUDIT_JSON {"tensor":"blk.1.attn_v.weight","output":"Vcur-1","dtype":"f16","m":64,"k":1536,"n":256,"sample_m":2,"sample_n":16,"relative_l2":0.000642413996,"max_abs":0.000549172459,"nonfinite_count":0,"pass":true,"divergence_ordinal":0}
MODEL_MATMUL_AUDIT_JSON {"tensor":"blk.1.attn_output.weight","output":"kqv_out-1","dtype":"f16","m":64,"k":1536,"n":1536,"sample_m":2,"sample_n":16,"relative_l2":0.000514138696,"max_abs":0.00033263021,"nonfinite_count":0,"pass":true,"divergence_ordinal":0}
MODEL_MATMUL_AUDIT_JSON {"tensor":"blk.1.ffn_gate.weight","output":"ffn_gate-1","dtype":"f16","m":64,"k":1536,"n":8960,"sample_m":2,"sample_n":16,"relative_l2":0.000656909967,"max_abs":0.01124922,"nonfinite_count":0,"pass":true,"divergence_ordinal":0}
MODEL_MATMUL_AUDIT_JSON {"tensor":"blk.1.ffn_up.weight","output":"ffn_up-1","dtype":"f16","m":64,"k":1536,"n":8960,"sample_m":2,"sample_n":16,"relative_l2":0.000825094295,"max_abs":0.00644606771,"nonfinite_count":0,"pass":true,"divergence_ordinal":0}
MODEL_MATMUL_AUDIT_JSON {"tensor":"blk.1.ffn_down.weight","output":"ffn_out-1","dtype":"f16","m":64,"k":8960,"n":1536,"sample_m":2,"sample_n":16,"relative_l2":0.000712803672,"max_abs":0.000166536905,"nonfinite_count":0,"pass":true,"divergence_ordinal":0}
MODEL_MATMUL_AUDIT_JSON {"tensor":"blk.2.attn_q.weight","output":"Qcur-2","dtype":"f16","m":64,"k":1536,"n":1536,"sample_m":2,"sample_n":16,"relative_l2":0.000415480736,"max_abs":0.0011924362,"nonfinite_count":0,"pass":true,"divergence_ordinal":0}
MODEL_MATMUL_AUDIT_JSON {"tensor":"blk.2.attn_k.weight","output":"Kcur-2","dtype":"f16","m":64,"k":1536,"n":256,"sample_m":2,"sample_n":16,"relative_l2":0.000396320899,"max_abs":0.000635639124,"nonfinite_count":0,"pass":true,"divergence_ordinal":0}
MODEL_MATMUL_AUDIT_JSON {"tensor":"blk.2.attn_v.weight","output":"Vcur-2","dtype":"f16","m":64,"k":1536,"n":256,"sample_m":2,"sample_n":16,"relative_l2":0.000660223327,"max_abs":0.00106134522,"nonfinite_count":0,"pass":true,"divergence_ordinal":0}
MODEL_MATMUL_AUDIT_JSON {"tensor":"blk.2.attn_output.weight","output":"kqv_out-2","dtype":"f16","m":64,"k":1536,"n":1536,"sample_m":2,"sample_n":16,"relative_l2":0.000455230731,"max_abs":0.00034153476,"nonfinite_count":0,"pass":true,"divergence_ordinal":0}
MODEL_MATMUL_AUDIT_JSON {"tensor":"blk.2.ffn_gate.weight","output":"ffn_gate-2","dtype":"f16","m":64,"k":1536,"n":8960,"sample_m":2,"sample_n":16,"relative_l2":0.000473746399,"max_abs":0.0073072603,"nonfinite_count":0,"pass":true,"divergence_ordinal":0}
MODEL_MATMUL_AUDIT_JSON {"tensor":"blk.2.ffn_up.weight","output":"ffn_up-2","dtype":"f16","m":64,"k":1536,"n":8960,"sample_m":2,"sample_n":16,"relative_l2":0.000613053456,"max_abs":0.00148546568,"nonfinite_count":0,"pass":true,"divergence_ordinal":0}
MODEL_MATMUL_AUDIT_JSON {"tensor":"blk.2.ffn_down.weight","output":"ffn_out-2","dtype":"f16","m":64,"k":8960,"n":1536,"sample_m":2,"sample_n":16,"relative_l2":0.000698410618,"max_abs":0.00032880067,"nonfinite_count":0,"pass":true,"divergence_ordinal":0}
MODEL_MATMUL_AUDIT_JSON {"tensor":"blk.3.attn_q.weight","output":"Qcur-3","dtype":"f16","m":64,"k":1536,"n":1536,"sample_m":2,"sample_n":16,"relative_l2":0.000428626424,"max_abs":0.0024005801,"nonfinite_count":0,"pass":true,"divergence_ordinal":0}
MODEL_MATMUL_AUDIT_JSON {"tensor":"blk.3.attn_k.weight","output":"Kcur-3","dtype":"f16","m":64,"k":1536,"n":256,"sample_m":2,"sample_n":16,"relative_l2":0.0005565863,"max_abs":0.00261510047,"nonfinite_count":0,"pass":true,"divergence_ordinal":0}
MODEL_MATMUL_AUDIT_JSON {"tensor":"blk.3.attn_v.weight","output":"Vcur-3","dtype":"f16","m":64,"k":1536,"n":256,"sample_m":2,"sample_n":16,"relative_l2":0.000606005767,"max_abs":0.00115769519,"nonfinite_count":0,"pass":true,"divergence_ordinal":0}
MODEL_MATMUL_AUDIT_JSON {"tensor":"blk.3.attn_output.weight","output":"kqv_out-3","dtype":"f16","m":64,"k":1536,"n":1536,"sample_m":2,"sample_n":16,"relative_l2":0.000472581043,"max_abs":0.000144351478,"nonfinite_count":0,"pass":true,"divergence_ordinal":0}
MODEL_MATMUL_AUDIT_JSON {"tensor":"blk.3.ffn_gate.weight","output":"ffn_gate-3","dtype":"f16","m":64,"k":1536,"n":8960,"sample_m":2,"sample_n":16,"relative_l2":0.000500088073,"max_abs":0.00977733824,"nonfinite_count":0,"pass":true,"divergence_ordinal":0}
MODEL_MATMUL_AUDIT_JSON {"tensor":"blk.3.ffn_up.weight","output":"ffn_up-3","dtype":"f16","m":64,"k":1536,"n":8960,"sample_m":2,"sample_n":16,"relative_l2":0.000512494247,"max_abs":0.00132579787,"nonfinite_count":0,"pass":true,"divergence_ordinal":0}
MODEL_MATMUL_AUDIT_JSON {"tensor":"blk.3.ffn_down.weight","output":"ffn_out-3","dtype":"f16","m":64,"k":8960,"n":1536,"sample_m":2,"sample_n":16,"relative_l2":0.000487016809,"max_abs":0.000341937615,"nonfinite_count":0,"pass":true,"divergence_ordinal":0}
MODEL_MATMUL_AUDIT_JSON {"tensor":"blk.4.attn_q.weight","output":"Qcur-4","dtype":"f16","m":64,"k":1536,"n":1536,"sample_m":2,"sample_n":16,"relative_l2":0.000386785889,"max_abs":0.00119296729,"nonfinite_count":0,"pass":true,"divergence_ordinal":0}
MODEL_MATMUL_AUDIT_JSON {"tensor":"blk.4.attn_k.weight","output":"Kcur-4","dtype":"f16","m":64,"k":1536,"n":256,"sample_m":2,"sample_n":16,"relative_l2":0.000563294363,"max_abs":0.00264284341,"nonfinite_count":0,"pass":true,"divergence_ordinal":0}
MODEL_MATMUL_AUDIT_JSON {"tensor":"blk.4.attn_v.weight","output":"Vcur-4","dtype":"f16","m":64,"k":1536,"n":256,"sample_m":2,"sample_n":16,"relative_l2":0.000623575332,"max_abs":0.000663158309,"nonfinite_count":0,"pass":true,"divergence_ordinal":0}
MODEL_MATMUL_AUDIT_JSON {"tensor":"blk.4.attn_output.weight","output":"kqv_out-4","dtype":"f16","m":64,"k":1536,"n":1536,"sample_m":2,"sample_n":16,"relative_l2":0.000506304345,"max_abs":0.000152414519,"nonfinite_count":0,"pass":true,"divergence_ordinal":0}
MODEL_MATMUL_AUDIT_JSON {"tensor":"blk.4.ffn_gate.weight","output":"ffn_gate-4","dtype":"f16","m":64,"k":1536,"n":8960,"sample_m":2,"sample_n":16,"relative_l2":0.00063391378,"max_abs":0.00626160018,"nonfinite_count":0,"pass":true,"divergence_ordinal":0}
MODEL_MATMUL_AUDIT_JSON {"tensor":"blk.4.ffn_up.weight","output":"ffn_up-4","dtype":"f16","m":64,"k":1536,"n":8960,"sample_m":2,"sample_n":16,"relative_l2":0.000713572551,"max_abs":0.00175870443,"nonfinite_count":0,"pass":true,"divergence_ordinal":0}
MODEL_MATMUL_AUDIT_JSON {"tensor":"blk.4.ffn_down.weight","output":"ffn_out-4","dtype":"f16","m":64,"k":8960,"n":1536,"sample_m":2,"sample_n":16,"relative_l2":0.000619433352,"max_abs":0.000428000843,"nonfinite_count":0,"pass":true,"divergence_ordinal":0}
MODEL_MATMUL_AUDIT_JSON {"tensor":"blk.5.attn_q.weight","output":"Qcur-5","dtype":"f16","m":64,"k":1536,"n":1536,"sample_m":2,"sample_n":16,"relative_l2":0.000443010382,"max_abs":0.00153273181,"nonfinite_count":0,"pass":true,"divergence_ordinal":0}
MODEL_MATMUL_AUDIT_JSON {"tensor":"blk.5.attn_k.weight","output":"Kcur-5","dtype":"f16","m":64,"k":1536,"n":256,"sample_m":2,"sample_n":16,"relative_l2":0.000475521493,"max_abs":0.00143959594,"nonfinite_count":0,"pass":true,"divergence_ordinal":0}
MODEL_MATMUL_AUDIT_JSON {"tensor":"blk.5.attn_v.weight","output":"Vcur-5","dtype":"f16","m":64,"k":1536,"n":256,"sample_m":2,"sample_n":16,"relative_l2":0.000525050073,"max_abs":0.00128436426,"nonfinite_count":0,"pass":true,"divergence_ordinal":0}
MODEL_MATMUL_AUDIT_JSON {"tensor":"blk.5.attn_output.weight","output":"kqv_out-5","dtype":"f16","m":64,"k":1536,"n":1536,"sample_m":2,"sample_n":16,"relative_l2":0.000517588635,"max_abs":0.000270735007,"nonfinite_count":0,"pass":true,"divergence_ordinal":0}
MODEL_MATMUL_AUDIT_JSON {"tensor":"blk.5.ffn_gate.weight","output":"ffn_gate-5","dtype":"f16","m":64,"k":1536,"n":8960,"sample_m":2,"sample_n":16,"relative_l2":0.000661657453,"max_abs":0.00642997259,"nonfinite_count":0,"pass":true,"divergence_ordinal":0}
MODEL_MATMUL_AUDIT_JSON {"tensor":"blk.5.ffn_up.weight","output":"ffn_up-5","dtype":"f16","m":64,"k":1536,"n":8960,"sample_m":2,"sample_n":16,"relative_l2":0.000538979202,"max_abs":0.00167037814,"nonfinite_count":0,"pass":true,"divergence_ordinal":0}
MODEL_MATMUL_AUDIT_JSON {"tensor":"blk.5.ffn_down.weight","output":"ffn_out-5","dtype":"f16","m":64,"k":8960,"n":1536,"sample_m":2,"sample_n":16,"relative_l2":0.000526934447,"max_abs":0.00049423473,"nonfinite_count":0,"pass":true,"divergence_ordinal":0}
MODEL_MATMUL_AUDIT_JSON {"tensor":"blk.6.attn_q.weight","output":"Qcur-6","dtype":"f16","m":64,"k":1536,"n":1536,"sample_m":2,"sample_n":16,"relative_l2":0.000647205531,"max_abs":0.00280659506,"nonfinite_count":0,"pass":true,"divergence_ordinal":0}
MODEL_MATMUL_AUDIT_JSON {"tensor":"blk.6.attn_k.weight","output":"Kcur-6","dtype":"f16","m":64,"k":1536,"n":256,"sample_m":2,"sample_n":16,"relative_l2":0.000599471003,"max_abs":0.0024939382,"nonfinite_count":0,"pass":true,"divergence_ordinal":0}
MODEL_MATMUL_AUDIT_JSON {"tensor":"blk.6.attn_v.weight","output":"Vcur-6","dtype":"f16","m":64,"k":1536,"n":256,"sample_m":2,"sample_n":16,"relative_l2":0.000637216632,"max_abs":0.000936303812,"nonfinite_count":0,"pass":true,"divergence_ordinal":0}
MODEL_MATMUL_AUDIT_JSON {"tensor":"blk.6.attn_output.weight","output":"kqv_out-6","dtype":"f16","m":64,"k":1536,"n":1536,"sample_m":2,"sample_n":16,"relative_l2":0.00042781674,"max_abs":0.000266828545,"nonfinite_count":0,"pass":true,"divergence_ordinal":0}
MODEL_MATMUL_AUDIT_JSON {"tensor":"blk.6.ffn_gate.weight","output":"ffn_gate-6","dtype":"f16","m":64,"k":1536,"n":8960,"sample_m":2,"sample_n":16,"relative_l2":0.000878127262,"max_abs":0.00313439756,"nonfinite_count":0,"pass":true,"divergence_ordinal":0}
MODEL_MATMUL_AUDIT_JSON {"tensor":"blk.6.ffn_up.weight","output":"ffn_up-6","dtype":"f16","m":64,"k":1536,"n":8960,"sample_m":2,"sample_n":16,"relative_l2":0.000398212873,"max_abs":0.000542266353,"nonfinite_count":0,"pass":true,"divergence_ordinal":0}
MODEL_MATMUL_AUDIT_JSON {"tensor":"blk.6.ffn_down.weight","output":"ffn_out-6","dtype":"f16","m":64,"k":8960,"n":1536,"sample_m":2,"sample_n":16,"relative_l2":0.000664810356,"max_abs":0.0005107178,"nonfinite_count":0,"pass":true,"divergence_ordinal":0}
MODEL_MATMUL_AUDIT_JSON {"tensor":"blk.7.attn_q.weight","output":"Qcur-7","dtype":"f16","m":64,"k":1536,"n":1536,"sample_m":2,"sample_n":16,"relative_l2":0.000567103328,"max_abs":0.00137517753,"nonfinite_count":0,"pass":true,"divergence_ordinal":0}
MODEL_MATMUL_AUDIT_JSON {"tensor":"blk.7.attn_k.weight","output":"Kcur-7","dtype":"f16","m":64,"k":1536,"n":256,"sample_m":2,"sample_n":16,"relative_l2":0.000442856501,"max_abs":0.00129559159,"nonfinite_count":0,"pass":true,"divergence_ordinal":0}
MODEL_MATMUL_AUDIT_JSON {"tensor":"blk.7.attn_v.weight","output":"Vcur-7","dtype":"f16","m":64,"k":1536,"n":256,"sample_m":2,"sample_n":16,"relative_l2":0.000555142176,"max_abs":0.000727388891,"nonfinite_count":0,"pass":true,"divergence_ordinal":0}
MODEL_MATMUL_AUDIT_JSON {"tensor":"blk.7.attn_output.weight","output":"kqv_out-7","dtype":"f16","m":64,"k":1536,"n":1536,"sample_m":2,"sample_n":16,"relative_l2":0.000504653708,"max_abs":0.0002841065,"nonfinite_count":0,"pass":true,"divergence_ordinal":0}
MODEL_MATMUL_AUDIT_JSON {"tensor":"blk.7.ffn_gate.weight","output":"ffn_gate-7","dtype":"f16","m":64,"k":1536,"n":8960,"sample_m":2,"sample_n":16,"relative_l2":0.000702407156,"max_abs":0.00136913557,"nonfinite_count":0,"pass":true,"divergence_ordinal":0}
MODEL_MATMUL_AUDIT_JSON {"tensor":"blk.7.ffn_up.weight","output":"ffn_up-7","dtype":"f16","m":64,"k":1536,"n":8960,"sample_m":2,"sample_n":16,"relative_l2":0.000753171976,"max_abs":0.00110185589,"nonfinite_count":0,"pass":true,"divergence_ordinal":0}
MODEL_MATMUL_AUDIT_JSON {"tensor":"blk.7.ffn_down.weight","output":"ffn_out-7","dtype":"f16","m":64,"k":8960,"n":1536,"sample_m":2,"sample_n":16,"relative_l2":0.000449016639,"max_abs":0.000452823821,"nonfinite_count":0,"pass":true,"divergence_ordinal":0}
MODEL_MATMUL_AUDIT_JSON {"tensor":"blk.8.attn_q.weight","output":"Qcur-8","dtype":"f16","m":64,"k":1536,"n":1536,"sample_m":2,"sample_n":16,"relative_l2":0.000687485734,"max_abs":0.00139075983,"nonfinite_count":0,"pass":true,"divergence_ordinal":0}
MODEL_MATMUL_AUDIT_JSON {"tensor":"blk.8.attn_k.weight","output":"Kcur-8","dtype":"f16","m":64,"k":1536,"n":256,"sample_m":2,"sample_n":16,"relative_l2":0.000527321727,"max_abs":0.00199374324,"nonfinite_count":0,"pass":true,"divergence_ordinal":0}
MODEL_MATMUL_AUDIT_JSON {"tensor":"blk.8.attn_v.weight","output":"Vcur-8","dtype":"f16","m":64,"k":1536,"n":256,"sample_m":2,"sample_n":16,"relative_l2":0.000573580548,"max_abs":0.00082076923,"nonfinite_count":0,"pass":true,"divergence_ordinal":0}
MODEL_MATMUL_AUDIT_JSON {"tensor":"blk.8.attn_output.weight","output":"kqv_out-8","dtype":"f16","m":64,"k":1536,"n":1536,"sample_m":2,"sample_n":16,"relative_l2":0.00072916304,"max_abs":0.00291546551,"nonfinite_count":0,"pass":true,"divergence_ordinal":0}
MODEL_MATMUL_AUDIT_JSON {"tensor":"blk.8.ffn_gate.weight","output":"ffn_gate-8","dtype":"f16","m":64,"k":1536,"n":8960,"sample_m":2,"sample_n":16,"relative_l2":0.000552809002,"max_abs":0.00109970302,"nonfinite_count":0,"pass":true,"divergence_ordinal":0}
MODEL_MATMUL_AUDIT_JSON {"tensor":"blk.8.ffn_up.weight","output":"ffn_up-8","dtype":"f16","m":64,"k":1536,"n":8960,"sample_m":2,"sample_n":16,"relative_l2":0.000706311739,"max_abs":0.00112902722,"nonfinite_count":0,"pass":true,"divergence_ordinal":0}
MODEL_MATMUL_AUDIT_JSON {"tensor":"blk.8.ffn_down.weight","output":"ffn_out-8","dtype":"f16","m":64,"k":8960,"n":1536,"sample_m":2,"sample_n":16,"relative_l2":0.00050920351,"max_abs":0.00508535607,"nonfinite_count":0,"pass":true,"divergence_ordinal":0}
MODEL_MATMUL_AUDIT_JSON {"tensor":"blk.9.attn_q.weight","output":"Qcur-9","dtype":"f16","m":64,"k":1536,"n":1536,"sample_m":2,"sample_n":16,"relative_l2":0.0004642853,"max_abs":0.00132037513,"nonfinite_count":0,"pass":true,"divergence_ordinal":0}
MODEL_MATMUL_AUDIT_JSON {"tensor":"blk.9.attn_k.weight","output":"Kcur-9","dtype":"f16","m":64,"k":1536,"n":256,"sample_m":2,"sample_n":16,"relative_l2":0.000597454781,"max_abs":0.00229809969,"nonfinite_count":0,"pass":true,"divergence_ordinal":0}
MODEL_MATMUL_AUDIT_JSON {"tensor":"blk.9.attn_v.weight","output":"Vcur-9","dtype":"f16","m":64,"k":1536,"n":256,"sample_m":2,"sample_n":16,"relative_l2":0.000653052462,"max_abs":0.000550191675,"nonfinite_count":0,"pass":true,"divergence_ordinal":0}
MODEL_MATMUL_AUDIT_JSON {"tensor":"blk.9.attn_output.weight","output":"kqv_out-9","dtype":"f16","m":64,"k":1536,"n":1536,"sample_m":2,"sample_n":16,"relative_l2":0.000361224662,"max_abs":0.000149574989,"nonfinite_count":0,"pass":true,"divergence_ordinal":0}
MODEL_MATMUL_AUDIT_JSON {"tensor":"blk.9.ffn_gate.weight","output":"ffn_gate-9","dtype":"f16","m":64,"k":1536,"n":8960,"sample_m":2,"sample_n":16,"relative_l2":0.000635587628,"max_abs":0.00148533785,"nonfinite_count":0,"pass":true,"divergence_ordinal":0}
MODEL_MATMUL_AUDIT_JSON {"tensor":"blk.9.ffn_up.weight","output":"ffn_up-9","dtype":"f16","m":64,"k":1536,"n":8960,"sample_m":2,"sample_n":16,"relative_l2":0.000788291186,"max_abs":0.00207148958,"nonfinite_count":0,"pass":true,"divergence_ordinal":0}
MODEL_MATMUL_AUDIT_JSON {"tensor":"blk.9.ffn_down.weight","output":"ffn_out-9","dtype":"f16","m":64,"k":8960,"n":1536,"sample_m":2,"sample_n":16,"relative_l2":0.000717265599,"max_abs":0.00652066199,"nonfinite_count":0,"pass":true,"divergence_ordinal":0}
MODEL_MATMUL_AUDIT_JSON {"tensor":"blk.10.attn_q.weight","output":"Qcur-10","dtype":"f16","m":64,"k":1536,"n":1536,"sample_m":2,"sample_n":16,"relative_l2":0.000604278583,"max_abs":0.00121421448,"nonfinite_count":0,"pass":true,"divergence_ordinal":0}
MODEL_MATMUL_AUDIT_JSON {"tensor":"blk.10.attn_k.weight","output":"Kcur-10","dtype":"f16","m":64,"k":1536,"n":256,"sample_m":2,"sample_n":16,"relative_l2":0.000484214334,"max_abs":0.00108775101,"nonfinite_count":0,"pass":true,"divergence_ordinal":0}
MODEL_MATMUL_AUDIT_JSON {"tensor":"blk.10.attn_v.weight","output":"Vcur-10","dtype":"f16","m":64,"k":1536,"n":256,"sample_m":2,"sample_n":16,"relative_l2":0.000419745066,"max_abs":0.00172519824,"nonfinite_count":0,"pass":true,"divergence_ordinal":0}
MODEL_MATMUL_AUDIT_JSON {"tensor":"blk.10.attn_output.weight","output":"kqv_out-10","dtype":"f16","m":64,"k":1536,"n":1536,"sample_m":2,"sample_n":16,"relative_l2":0.000519081248,"max_abs":0.000164259312,"nonfinite_count":0,"pass":true,"divergence_ordinal":0}
MODEL_MATMUL_AUDIT_JSON {"tensor":"blk.10.ffn_gate.weight","output":"ffn_gate-10","dtype":"f16","m":64,"k":1536,"n":8960,"sample_m":2,"sample_n":16,"relative_l2":0.000671945928,"max_abs":0.0027620648,"nonfinite_count":0,"pass":true,"divergence_ordinal":0}
MODEL_MATMUL_AUDIT_JSON {"tensor":"blk.10.ffn_up.weight","output":"ffn_up-10","dtype":"f16","m":64,"k":1536,"n":8960,"sample_m":2,"sample_n":16,"relative_l2":0.000818469187,"max_abs":0.00162792951,"nonfinite_count":0,"pass":true,"divergence_ordinal":0}
MODEL_MATMUL_AUDIT_JSON {"tensor":"blk.10.ffn_down.weight","output":"ffn_out-10","dtype":"f16","m":64,"k":8960,"n":1536,"sample_m":2,"sample_n":16,"relative_l2":0.00049594649,"max_abs":0.00366133242,"nonfinite_count":0,"pass":true,"divergence_ordinal":0}
MODEL_MATMUL_AUDIT_JSON {"tensor":"blk.11.attn_q.weight","output":"Qcur-11","dtype":"f16","m":64,"k":1536,"n":1536,"sample_m":2,"sample_n":16,"relative_l2":0.000513553774,"max_abs":0.000321553875,"nonfinite_count":0,"pass":true,"divergence_ordinal":0}
MODEL_MATMUL_AUDIT_JSON {"tensor":"blk.11.attn_k.weight","output":"Kcur-11","dtype":"f16","m":64,"k":1536,"n":256,"sample_m":2,"sample_n":16,"relative_l2":0.000687331993,"max_abs":0.00266003166,"nonfinite_count":0,"pass":true,"divergence_ordinal":0}
MODEL_MATMUL_AUDIT_JSON {"tensor":"blk.11.attn_v.weight","output":"Vcur-11","dtype":"f16","m":64,"k":1536,"n":256,"sample_m":2,"sample_n":16,"relative_l2":0.000488979883,"max_abs":0.00135208282,"nonfinite_count":0,"pass":true,"divergence_ordinal":0}
MODEL_MATMUL_AUDIT_JSON {"tensor":"blk.11.attn_output.weight","output":"kqv_out-11","dtype":"f16","m":64,"k":1536,"n":1536,"sample_m":2,"sample_n":16,"relative_l2":0.000634965305,"max_abs":0.000248264376,"nonfinite_count":0,"pass":true,"divergence_ordinal":0}
MODEL_MATMUL_AUDIT_JSON {"tensor":"blk.11.ffn_gate.weight","output":"ffn_gate-11","dtype":"f16","m":64,"k":1536,"n":8960,"sample_m":2,"sample_n":16,"relative_l2":0.000692879499,"max_abs":0.00150914106,"nonfinite_count":0,"pass":true,"divergence_ordinal":0}
MODEL_MATMUL_AUDIT_JSON {"tensor":"blk.11.ffn_up.weight","output":"ffn_up-11","dtype":"f16","m":64,"k":1536,"n":8960,"sample_m":2,"sample_n":16,"relative_l2":0.00054489051,"max_abs":0.0015706101,"nonfinite_count":0,"pass":true,"divergence_ordinal":0}
MODEL_MATMUL_AUDIT_JSON {"tensor":"blk.11.ffn_down.weight","output":"ffn_out-11","dtype":"f16","m":64,"k":8960,"n":1536,"sample_m":2,"sample_n":16,"relative_l2":0.000446451328,"max_abs":0.0030383938,"nonfinite_count":0,"pass":true,"divergence_ordinal":0}
MODEL_MATMUL_AUDIT_JSON {"tensor":"blk.12.attn_q.weight","output":"Qcur-12","dtype":"f16","m":64,"k":1536,"n":1536,"sample_m":2,"sample_n":16,"relative_l2":0.00052306898,"max_abs":0.00167684583,"nonfinite_count":0,"pass":true,"divergence_ordinal":0}
MODEL_MATMUL_AUDIT_JSON {"tensor":"blk.12.attn_k.weight","output":"Kcur-12","dtype":"f16","m":64,"k":1536,"n":256,"sample_m":2,"sample_n":16,"relative_l2":0.000511739708,"max_abs":0.000949680049,"nonfinite_count":0,"pass":true,"divergence_ordinal":0}
MODEL_MATMUL_AUDIT_JSON {"tensor":"blk.12.attn_v.weight","output":"Vcur-12","dtype":"f16","m":64,"k":1536,"n":256,"sample_m":2,"sample_n":16,"relative_l2":0.000533684557,"max_abs":0.00382584333,"nonfinite_count":0,"pass":true,"divergence_ordinal":0}
MODEL_MATMUL_AUDIT_JSON {"tensor":"blk.12.attn_output.weight","output":"kqv_out-12","dtype":"f16","m":64,"k":1536,"n":1536,"sample_m":2,"sample_n":16,"relative_l2":0.000545564991,"max_abs":0.000385243387,"nonfinite_count":0,"pass":true,"divergence_ordinal":0}
MODEL_MATMUL_AUDIT_JSON {"tensor":"blk.12.ffn_gate.weight","output":"ffn_gate-12","dtype":"f16","m":64,"k":1536,"n":8960,"sample_m":2,"sample_n":16,"relative_l2":0.000666440997,"max_abs":0.00156638608,"nonfinite_count":0,"pass":true,"divergence_ordinal":0}
MODEL_MATMUL_AUDIT_JSON {"tensor":"blk.12.ffn_up.weight","output":"ffn_up-12","dtype":"f16","m":64,"k":1536,"n":8960,"sample_m":2,"sample_n":16,"relative_l2":0.000573852546,"max_abs":0.00112800905,"nonfinite_count":0,"pass":true,"divergence_ordinal":0}
MODEL_MATMUL_AUDIT_JSON {"tensor":"blk.12.ffn_down.weight","output":"ffn_out-12","dtype":"f16","m":64,"k":8960,"n":1536,"sample_m":2,"sample_n":16,"relative_l2":0.000372136774,"max_abs":0.00147394417,"nonfinite_count":0,"pass":true,"divergence_ordinal":0}
MODEL_MATMUL_AUDIT_JSON {"tensor":"blk.13.attn_q.weight","output":"Qcur-13","dtype":"f16","m":64,"k":1536,"n":1536,"sample_m":2,"sample_n":16,"relative_l2":0.000620073247,"max_abs":0.00167793036,"nonfinite_count":0,"pass":true,"divergence_ordinal":0}
MODEL_MATMUL_AUDIT_JSON {"tensor":"blk.13.attn_k.weight","output":"Kcur-13","dtype":"f16","m":64,"k":1536,"n":256,"sample_m":2,"sample_n":16,"relative_l2":0.000556570456,"max_abs":0.00265686237,"nonfinite_count":0,"pass":true,"divergence_ordinal":0}
MODEL_MATMUL_AUDIT_JSON {"tensor":"blk.13.attn_v.weight","output":"Vcur-13","dtype":"f16","m":64,"k":1536,"n":256,"sample_m":2,"sample_n":16,"relative_l2":0.000545750288,"max_abs":0.00130908866,"nonfinite_count":0,"pass":true,"divergence_ordinal":0}
MODEL_MATMUL_AUDIT_JSON {"tensor":"blk.13.attn_output.weight","output":"kqv_out-13","dtype":"f16","m":64,"k":1536,"n":1536,"sample_m":2,"sample_n":16,"relative_l2":0.00062834764,"max_abs":0.000311105658,"nonfinite_count":0,"pass":true,"divergence_ordinal":0}
MODEL_MATMUL_AUDIT_JSON {"tensor":"blk.13.ffn_gate.weight","output":"ffn_gate-13","dtype":"f16","m":64,"k":1536,"n":8960,"sample_m":2,"sample_n":16,"relative_l2":0.00052362986,"max_abs":0.00145402888,"nonfinite_count":0,"pass":true,"divergence_ordinal":0}
MODEL_MATMUL_AUDIT_JSON {"tensor":"blk.13.ffn_up.weight","output":"ffn_up-13","dtype":"f16","m":64,"k":1536,"n":8960,"sample_m":2,"sample_n":16,"relative_l2":0.000601592642,"max_abs":0.00131306821,"nonfinite_count":0,"pass":true,"divergence_ordinal":0}
MODEL_MATMUL_AUDIT_JSON {"tensor":"blk.13.ffn_down.weight","output":"ffn_out-13","dtype":"f16","m":64,"k":8960,"n":1536,"sample_m":2,"sample_n":16,"relative_l2":0.00049192164,"max_abs":0.00188384065,"nonfinite_count":0,"pass":true,"divergence_ordinal":0}
MODEL_MATMUL_AUDIT_JSON {"tensor":"blk.14.attn_q.weight","output":"Qcur-14","dtype":"f16","m":64,"k":1536,"n":1536,"sample_m":2,"sample_n":16,"relative_l2":0.000475221845,"max_abs":0.0017516613,"nonfinite_count":0,"pass":true,"divergence_ordinal":0}
MODEL_MATMUL_AUDIT_JSON {"tensor":"blk.14.attn_k.weight","output":"Kcur-14","dtype":"f16","m":64,"k":1536,"n":256,"sample_m":2,"sample_n":16,"relative_l2":0.000527457218,"max_abs":0.00137155934,"nonfinite_count":0,"pass":true,"divergence_ordinal":0}
MODEL_MATMUL_AUDIT_JSON {"tensor":"blk.14.attn_v.weight","output":"Vcur-14","dtype":"f16","m":64,"k":1536,"n":256,"sample_m":2,"sample_n":16,"relative_l2":0.000671726914,"max_abs":0.00441183103,"nonfinite_count":0,"pass":true,"divergence_ordinal":0}
MODEL_MATMUL_AUDIT_JSON {"tensor":"blk.14.attn_output.weight","output":"kqv_out-14","dtype":"f16","m":64,"k":1536,"n":1536,"sample_m":2,"sample_n":16,"relative_l2":0.000464450641,"max_abs":0.000313204626,"nonfinite_count":0,"pass":true,"divergence_ordinal":0}
MODEL_MATMUL_AUDIT_JSON {"tensor":"blk.14.ffn_gate.weight","output":"ffn_gate-14","dtype":"f16","m":64,"k":1536,"n":8960,"sample_m":2,"sample_n":16,"relative_l2":0.000585848471,"max_abs":0.00238621887,"nonfinite_count":0,"pass":true,"divergence_ordinal":0}
MODEL_MATMUL_AUDIT_JSON {"tensor":"blk.14.ffn_up.weight","output":"ffn_up-14","dtype":"f16","m":64,"k":1536,"n":8960,"sample_m":2,"sample_n":16,"relative_l2":0.000520709654,"max_abs":0.001163746,"nonfinite_count":0,"pass":true,"divergence_ordinal":0}
MODEL_MATMUL_AUDIT_JSON {"tensor":"blk.14.ffn_down.weight","output":"ffn_out-14","dtype":"f16","m":64,"k":8960,"n":1536,"sample_m":2,"sample_n":16,"relative_l2":0.00087008734,"max_abs":0.00268963724,"nonfinite_count":0,"pass":true,"divergence_ordinal":0}
MODEL_MATMUL_AUDIT_JSON {"tensor":"blk.15.attn_q.weight","output":"Qcur-15","dtype":"f16","m":64,"k":1536,"n":1536,"sample_m":2,"sample_n":16,"relative_l2":0.000477375556,"max_abs":0.00207495783,"nonfinite_count":0,"pass":true,"divergence_ordinal":0}
MODEL_MATMUL_AUDIT_JSON {"tensor":"blk.15.attn_k.weight","output":"Kcur-15","dtype":"f16","m":64,"k":1536,"n":256,"sample_m":2,"sample_n":16,"relative_l2":0.000616620849,"max_abs":0.00219118968,"nonfinite_count":0,"pass":true,"divergence_ordinal":0}
MODEL_MATMUL_AUDIT_JSON {"tensor":"blk.15.attn_v.weight","output":"Vcur-15","dtype":"f16","m":64,"k":1536,"n":256,"sample_m":2,"sample_n":16,"relative_l2":0.000413050189,"max_abs":0.000991900451,"nonfinite_count":0,"pass":true,"divergence_ordinal":0}
MODEL_MATMUL_AUDIT_JSON {"tensor":"blk.15.attn_output.weight","output":"kqv_out-15","dtype":"f16","m":64,"k":1536,"n":1536,"sample_m":2,"sample_n":16,"relative_l2":0.000350014976,"max_abs":0.000279602391,"nonfinite_count":0,"pass":true,"divergence_ordinal":0}
MODEL_MATMUL_AUDIT_JSON {"tensor":"blk.15.ffn_gate.weight","output":"ffn_gate-15","dtype":"f16","m":64,"k":1536,"n":8960,"sample_m":2,"sample_n":16,"relative_l2":0.000501422816,"max_abs":0.00102605391,"nonfinite_count":0,"pass":true,"divergence_ordinal":0}
MODEL_MATMUL_AUDIT_JSON {"tensor":"blk.15.ffn_up.weight","output":"ffn_up-15","dtype":"f16","m":64,"k":1536,"n":8960,"sample_m":2,"sample_n":16,"relative_l2":0.000361131583,"max_abs":0.000749887433,"nonfinite_count":0,"pass":true,"divergence_ordinal":0}
MODEL_MATMUL_AUDIT_JSON {"tensor":"blk.15.ffn_down.weight","output":"ffn_out-15","dtype":"f16","m":64,"k":8960,"n":1536,"sample_m":2,"sample_n":16,"relative_l2":0.000463352085,"max_abs":0.00101823465,"nonfinite_count":0,"pass":true,"divergence_ordinal":0}
MODEL_MATMUL_AUDIT_JSON {"tensor":"blk.16.attn_q.weight","output":"Qcur-16","dtype":"f16","m":64,"k":1536,"n":1536,"sample_m":2,"sample_n":16,"relative_l2":0.000674112732,"max_abs":0.00283370726,"nonfinite_count":0,"pass":true,"divergence_ordinal":0}
MODEL_MATMUL_AUDIT_JSON {"tensor":"blk.16.attn_k.weight","output":"Kcur-16","dtype":"f16","m":64,"k":1536,"n":256,"sample_m":2,"sample_n":16,"relative_l2":0.000723709618,"max_abs":0.00137194549,"nonfinite_count":0,"pass":true,"divergence_ordinal":0}
MODEL_MATMUL_AUDIT_JSON {"tensor":"blk.16.attn_v.weight","output":"Vcur-16","dtype":"f16","m":64,"k":1536,"n":256,"sample_m":2,"sample_n":16,"relative_l2":0.000521208285,"max_abs":0.00200145226,"nonfinite_count":0,"pass":true,"divergence_ordinal":0}
MODEL_MATMUL_AUDIT_JSON {"tensor":"blk.16.attn_output.weight","output":"kqv_out-16","dtype":"f16","m":64,"k":1536,"n":1536,"sample_m":2,"sample_n":16,"relative_l2":0.000490828491,"max_abs":0.000318149541,"nonfinite_count":0,"pass":true,"divergence_ordinal":0}
MODEL_MATMUL_AUDIT_JSON {"tensor":"blk.16.ffn_gate.weight","output":"ffn_gate-16","dtype":"f16","m":64,"k":1536,"n":8960,"sample_m":2,"sample_n":16,"relative_l2":0.000658475348,"max_abs":0.00308379601,"nonfinite_count":0,"pass":true,"divergence_ordinal":0}
MODEL_MATMUL_AUDIT_JSON {"tensor":"blk.16.ffn_up.weight","output":"ffn_up-16","dtype":"f16","m":64,"k":1536,"n":8960,"sample_m":2,"sample_n":16,"relative_l2":0.000413482035,"max_abs":0.000874848163,"nonfinite_count":0,"pass":true,"divergence_ordinal":0}
MODEL_MATMUL_AUDIT_JSON {"tensor":"blk.16.ffn_down.weight","output":"ffn_out-16","dtype":"f16","m":64,"k":8960,"n":1536,"sample_m":2,"sample_n":16,"relative_l2":0.000774853997,"max_abs":0.0029717267,"nonfinite_count":0,"pass":true,"divergence_ordinal":0}
MODEL_MATMUL_AUDIT_JSON {"tensor":"blk.17.attn_q.weight","output":"Qcur-17","dtype":"f16","m":64,"k":1536,"n":1536,"sample_m":2,"sample_n":16,"relative_l2":0.000695813416,"max_abs":0.00331445178,"nonfinite_count":0,"pass":true,"divergence_ordinal":0}
MODEL_MATMUL_AUDIT_JSON {"tensor":"blk.17.attn_k.weight","output":"Kcur-17","dtype":"f16","m":64,"k":1536,"n":256,"sample_m":2,"sample_n":16,"relative_l2":0.000408984766,"max_abs":0.00143491023,"nonfinite_count":0,"pass":true,"divergence_ordinal":0}
MODEL_MATMUL_AUDIT_JSON {"tensor":"blk.17.attn_v.weight","output":"Vcur-17","dtype":"f16","m":64,"k":1536,"n":256,"sample_m":2,"sample_n":16,"relative_l2":0.000602102764,"max_abs":0.00275694183,"nonfinite_count":0,"pass":true,"divergence_ordinal":0}
MODEL_MATMUL_AUDIT_JSON {"tensor":"blk.17.attn_output.weight","output":"kqv_out-17","dtype":"f16","m":64,"k":1536,"n":1536,"sample_m":2,"sample_n":16,"relative_l2":0.000489049445,"max_abs":0.000358095946,"nonfinite_count":0,"pass":true,"divergence_ordinal":0}
MODEL_MATMUL_AUDIT_JSON {"tensor":"blk.17.ffn_gate.weight","output":"ffn_gate-17","dtype":"f16","m":64,"k":1536,"n":8960,"sample_m":2,"sample_n":16,"relative_l2":0.000566341028,"max_abs":0.00162170152,"nonfinite_count":0,"pass":true,"divergence_ordinal":0}
MODEL_MATMUL_AUDIT_JSON {"tensor":"blk.17.ffn_up.weight","output":"ffn_up-17","dtype":"f16","m":64,"k":1536,"n":8960,"sample_m":2,"sample_n":16,"relative_l2":0.000466675902,"max_abs":0.000737920927,"nonfinite_count":0,"pass":true,"divergence_ordinal":0}
MODEL_MATMUL_AUDIT_JSON {"tensor":"blk.17.ffn_down.weight","output":"ffn_out-17","dtype":"f16","m":64,"k":8960,"n":1536,"sample_m":2,"sample_n":16,"relative_l2":0.000585559576,"max_abs":0.00142138742,"nonfinite_count":0,"pass":true,"divergence_ordinal":0}
MODEL_MATMUL_AUDIT_JSON {"tensor":"blk.18.attn_q.weight","output":"Qcur-18","dtype":"f16","m":64,"k":1536,"n":1536,"sample_m":2,"sample_n":16,"relative_l2":0.000727560201,"max_abs":0.00266666082,"nonfinite_count":0,"pass":true,"divergence_ordinal":0}
MODEL_MATMUL_AUDIT_JSON {"tensor":"blk.18.attn_k.weight","output":"Kcur-18","dtype":"f16","m":64,"k":1536,"n":256,"sample_m":2,"sample_n":16,"relative_l2":0.000583038205,"max_abs":0.00225064321,"nonfinite_count":0,"pass":true,"divergence_ordinal":0}
MODEL_MATMUL_AUDIT_JSON {"tensor":"blk.18.attn_v.weight","output":"Vcur-18","dtype":"f16","m":64,"k":1536,"n":256,"sample_m":2,"sample_n":16,"relative_l2":0.0005326991,"max_abs":0.00180763309,"nonfinite_count":0,"pass":true,"divergence_ordinal":0}
MODEL_MATMUL_AUDIT_JSON {"tensor":"blk.18.attn_output.weight","output":"kqv_out-18","dtype":"f16","m":64,"k":1536,"n":1536,"sample_m":2,"sample_n":16,"relative_l2":0.000528139395,"max_abs":0.000341183244,"nonfinite_count":0,"pass":true,"divergence_ordinal":0}
MODEL_MATMUL_AUDIT_JSON {"tensor":"blk.18.ffn_gate.weight","output":"ffn_gate-18","dtype":"f16","m":64,"k":1536,"n":8960,"sample_m":2,"sample_n":16,"relative_l2":0.000620874377,"max_abs":0.00160836964,"nonfinite_count":0,"pass":true,"divergence_ordinal":0}
MODEL_MATMUL_AUDIT_JSON {"tensor":"blk.18.ffn_up.weight","output":"ffn_up-18","dtype":"f16","m":64,"k":1536,"n":8960,"sample_m":2,"sample_n":16,"relative_l2":0.000516850703,"max_abs":0.0013320396,"nonfinite_count":0,"pass":true,"divergence_ordinal":0}
MODEL_MATMUL_AUDIT_JSON {"tensor":"blk.18.ffn_down.weight","output":"ffn_out-18","dtype":"f16","m":64,"k":8960,"n":1536,"sample_m":2,"sample_n":16,"relative_l2":0.000615261585,"max_abs":0.00153355498,"nonfinite_count":0,"pass":true,"divergence_ordinal":0}
MODEL_MATMUL_AUDIT_JSON {"tensor":"blk.19.attn_q.weight","output":"Qcur-19","dtype":"f16","m":64,"k":1536,"n":1536,"sample_m":2,"sample_n":16,"relative_l2":0.000580131473,"max_abs":0.00249066926,"nonfinite_count":0,"pass":true,"divergence_ordinal":0}
MODEL_MATMUL_AUDIT_JSON {"tensor":"blk.19.attn_k.weight","output":"Kcur-19","dtype":"f16","m":64,"k":1536,"n":256,"sample_m":2,"sample_n":16,"relative_l2":0.00036968963,"max_abs":0.000818696106,"nonfinite_count":0,"pass":true,"divergence_ordinal":0}
MODEL_MATMUL_AUDIT_JSON {"tensor":"blk.19.attn_v.weight","output":"Vcur-19","dtype":"f16","m":64,"k":1536,"n":256,"sample_m":2,"sample_n":16,"relative_l2":0.000649565421,"max_abs":0.00213292032,"nonfinite_count":0,"pass":true,"divergence_ordinal":0}
MODEL_MATMUL_AUDIT_JSON {"tensor":"blk.19.attn_output.weight","output":"kqv_out-19","dtype":"f16","m":64,"k":1536,"n":1536,"sample_m":2,"sample_n":16,"relative_l2":0.000600730549,"max_abs":0.00288454653,"nonfinite_count":0,"pass":true,"divergence_ordinal":0}
MODEL_MATMUL_AUDIT_JSON {"tensor":"blk.19.ffn_gate.weight","output":"ffn_gate-19","dtype":"f16","m":64,"k":1536,"n":8960,"sample_m":2,"sample_n":16,"relative_l2":0.000462293625,"max_abs":0.00128472201,"nonfinite_count":0,"pass":true,"divergence_ordinal":0}
MODEL_MATMUL_AUDIT_JSON {"tensor":"blk.19.ffn_up.weight","output":"ffn_up-19","dtype":"f16","m":64,"k":1536,"n":8960,"sample_m":2,"sample_n":16,"relative_l2":0.000723091083,"max_abs":0.00217463565,"nonfinite_count":0,"pass":true,"divergence_ordinal":0}
MODEL_MATMUL_AUDIT_JSON {"tensor":"blk.19.ffn_down.weight","output":"ffn_out-19","dtype":"f16","m":64,"k":8960,"n":1536,"sample_m":2,"sample_n":16,"relative_l2":0.000578017081,"max_abs":0.00213478599,"nonfinite_count":0,"pass":true,"divergence_ordinal":0}
MODEL_MATMUL_AUDIT_JSON {"tensor":"blk.20.attn_q.weight","output":"Qcur-20","dtype":"f16","m":64,"k":1536,"n":1536,"sample_m":2,"sample_n":16,"relative_l2":0.000498642544,"max_abs":0.00103629869,"nonfinite_count":0,"pass":true,"divergence_ordinal":0}
MODEL_MATMUL_AUDIT_JSON {"tensor":"blk.20.attn_k.weight","output":"Kcur-20","dtype":"f16","m":64,"k":1536,"n":256,"sample_m":2,"sample_n":16,"relative_l2":0.000484969177,"max_abs":0.000857315667,"nonfinite_count":0,"pass":true,"divergence_ordinal":0}
MODEL_MATMUL_AUDIT_JSON {"tensor":"blk.20.attn_v.weight","output":"Vcur-20","dtype":"f16","m":64,"k":1536,"n":256,"sample_m":2,"sample_n":16,"relative_l2":0.000569068488,"max_abs":0.00173778832,"nonfinite_count":0,"pass":true,"divergence_ordinal":0}
MODEL_MATMUL_AUDIT_JSON {"tensor":"blk.20.attn_output.weight","output":"kqv_out-20","dtype":"f16","m":64,"k":1536,"n":1536,"sample_m":2,"sample_n":16,"relative_l2":0.000479294603,"max_abs":0.000342911109,"nonfinite_count":0,"pass":true,"divergence_ordinal":0}
MODEL_MATMUL_AUDIT_JSON {"tensor":"blk.20.ffn_gate.weight","output":"ffn_gate-20","dtype":"f16","m":64,"k":1536,"n":8960,"sample_m":2,"sample_n":16,"relative_l2":0.000491402369,"max_abs":0.00243515777,"nonfinite_count":0,"pass":true,"divergence_ordinal":0}
MODEL_MATMUL_AUDIT_JSON {"tensor":"blk.20.ffn_up.weight","output":"ffn_up-20","dtype":"f16","m":64,"k":1536,"n":8960,"sample_m":2,"sample_n":16,"relative_l2":0.000841508537,"max_abs":0.00532266172,"nonfinite_count":0,"pass":true,"divergence_ordinal":0}
MODEL_MATMUL_AUDIT_JSON {"tensor":"blk.20.ffn_down.weight","output":"ffn_out-20","dtype":"f16","m":64,"k":8960,"n":1536,"sample_m":2,"sample_n":16,"relative_l2":0.000760844191,"max_abs":0.00588720478,"nonfinite_count":0,"pass":true,"divergence_ordinal":0}
MODEL_MATMUL_AUDIT_JSON {"tensor":"blk.21.attn_q.weight","output":"Qcur-21","dtype":"f16","m":64,"k":1536,"n":1536,"sample_m":2,"sample_n":16,"relative_l2":0.000578302192,"max_abs":0.00100813899,"nonfinite_count":0,"pass":true,"divergence_ordinal":0}
MODEL_MATMUL_AUDIT_JSON {"tensor":"blk.21.attn_k.weight","output":"Kcur-21","dtype":"f16","m":64,"k":1536,"n":256,"sample_m":2,"sample_n":16,"relative_l2":0.00057523101,"max_abs":0.0014759677,"nonfinite_count":0,"pass":true,"divergence_ordinal":0}
MODEL_MATMUL_AUDIT_JSON {"tensor":"blk.21.attn_v.weight","output":"Vcur-21","dtype":"f16","m":64,"k":1536,"n":256,"sample_m":2,"sample_n":16,"relative_l2":0.000673609737,"max_abs":0.00212351419,"nonfinite_count":0,"pass":true,"divergence_ordinal":0}
MODEL_MATMUL_AUDIT_JSON {"tensor":"blk.21.attn_output.weight","output":"kqv_out-21","dtype":"f16","m":64,"k":1536,"n":1536,"sample_m":2,"sample_n":16,"relative_l2":0.000437925887,"max_abs":0.000342400977,"nonfinite_count":0,"pass":true,"divergence_ordinal":0}
MODEL_MATMUL_AUDIT_JSON {"tensor":"blk.21.ffn_gate.weight","output":"ffn_gate-21","dtype":"f16","m":64,"k":1536,"n":8960,"sample_m":2,"sample_n":16,"relative_l2":0.00047402897,"max_abs":0.00134723878,"nonfinite_count":0,"pass":true,"divergence_ordinal":0}
MODEL_MATMUL_AUDIT_JSON {"tensor":"blk.21.ffn_up.weight","output":"ffn_up-21","dtype":"f16","m":64,"k":1536,"n":8960,"sample_m":2,"sample_n":16,"relative_l2":0.000601535308,"max_abs":0.00185800379,"nonfinite_count":0,"pass":true,"divergence_ordinal":0}
MODEL_MATMUL_AUDIT_JSON {"tensor":"blk.21.ffn_down.weight","output":"ffn_out-21","dtype":"f16","m":64,"k":8960,"n":1536,"sample_m":2,"sample_n":16,"relative_l2":0.000655166955,"max_abs":0.00339850481,"nonfinite_count":0,"pass":true,"divergence_ordinal":0}
MODEL_MATMUL_AUDIT_JSON {"tensor":"blk.22.attn_q.weight","output":"Qcur-22","dtype":"f16","m":64,"k":1536,"n":1536,"sample_m":2,"sample_n":16,"relative_l2":0.000531430029,"max_abs":0.002665726,"nonfinite_count":0,"pass":true,"divergence_ordinal":0}
MODEL_MATMUL_AUDIT_JSON {"tensor":"blk.22.attn_k.weight","output":"Kcur-22","dtype":"f16","m":64,"k":1536,"n":256,"sample_m":2,"sample_n":16,"relative_l2":0.000473099558,"max_abs":0.00207213126,"nonfinite_count":0,"pass":true,"divergence_ordinal":0}
MODEL_MATMUL_AUDIT_JSON {"tensor":"blk.22.attn_v.weight","output":"Vcur-22","dtype":"f16","m":64,"k":1536,"n":256,"sample_m":2,"sample_n":16,"relative_l2":0.000502082249,"max_abs":0.00253555132,"nonfinite_count":0,"pass":true,"divergence_ordinal":0}
MODEL_MATMUL_AUDIT_JSON {"tensor":"blk.22.attn_output.weight","output":"kqv_out-22","dtype":"f16","m":64,"k":1536,"n":1536,"sample_m":2,"sample_n":16,"relative_l2":0.0006207465,"max_abs":0.00218022731,"nonfinite_count":0,"pass":true,"divergence_ordinal":0}
MODEL_MATMUL_AUDIT_JSON {"tensor":"blk.22.ffn_gate.weight","output":"ffn_gate-22","dtype":"f16","m":64,"k":1536,"n":8960,"sample_m":2,"sample_n":16,"relative_l2":0.000541017367,"max_abs":0.00311349356,"nonfinite_count":0,"pass":true,"divergence_ordinal":0}
MODEL_MATMUL_AUDIT_JSON {"tensor":"blk.22.ffn_up.weight","output":"ffn_up-22","dtype":"f16","m":64,"k":1536,"n":8960,"sample_m":2,"sample_n":16,"relative_l2":0.000499357442,"max_abs":0.00209100638,"nonfinite_count":0,"pass":true,"divergence_ordinal":0}
MODEL_MATMUL_AUDIT_JSON {"tensor":"blk.22.ffn_down.weight","output":"ffn_out-22","dtype":"f16","m":64,"k":8960,"n":1536,"sample_m":2,"sample_n":16,"relative_l2":0.000478615359,"max_abs":0.00113645766,"nonfinite_count":0,"pass":true,"divergence_ordinal":0}
MODEL_MATMUL_AUDIT_JSON {"tensor":"blk.23.attn_q.weight","output":"Qcur-23","dtype":"f16","m":64,"k":1536,"n":1536,"sample_m":2,"sample_n":16,"relative_l2":0.00045778094,"max_abs":0.00128566613,"nonfinite_count":0,"pass":true,"divergence_ordinal":0}
MODEL_MATMUL_AUDIT_JSON {"tensor":"blk.23.attn_k.weight","output":"Kcur-23","dtype":"f16","m":64,"k":1536,"n":256,"sample_m":2,"sample_n":16,"relative_l2":0.000712453597,"max_abs":0.00147544406,"nonfinite_count":0,"pass":true,"divergence_ordinal":0}
MODEL_MATMUL_AUDIT_JSON {"tensor":"blk.23.attn_v.weight","output":"Vcur-23","dtype":"f16","m":64,"k":1536,"n":256,"sample_m":2,"sample_n":16,"relative_l2":0.0006787168,"max_abs":0.00233210856,"nonfinite_count":0,"pass":true,"divergence_ordinal":0}
MODEL_MATMUL_AUDIT_JSON {"tensor":"blk.23.attn_output.weight","output":"kqv_out-23","dtype":"f16","m":64,"k":1536,"n":1536,"sample_m":2,"sample_n":16,"relative_l2":0.000455548724,"max_abs":0.0546103381,"nonfinite_count":0,"pass":true,"divergence_ordinal":0}
MODEL_MATMUL_AUDIT_JSON {"tensor":"blk.23.ffn_gate.weight","output":"ffn_gate-23","dtype":"f16","m":64,"k":1536,"n":8960,"sample_m":2,"sample_n":16,"relative_l2":0.000560488034,"max_abs":0.00281194085,"nonfinite_count":0,"pass":true,"divergence_ordinal":0}
MODEL_MATMUL_AUDIT_JSON {"tensor":"blk.23.ffn_up.weight","output":"ffn_up-23","dtype":"f16","m":64,"k":1536,"n":8960,"sample_m":2,"sample_n":16,"relative_l2":0.000747592602,"max_abs":0.00288628624,"nonfinite_count":0,"pass":true,"divergence_ordinal":0}
MODEL_MATMUL_AUDIT_JSON {"tensor":"blk.23.ffn_down.weight","output":"ffn_out-23","dtype":"f16","m":64,"k":8960,"n":1536,"sample_m":2,"sample_n":16,"relative_l2":0.000753392767,"max_abs":0.00423274422,"nonfinite_count":0,"pass":true,"divergence_ordinal":0}
MODEL_MATMUL_AUDIT_JSON {"tensor":"blk.24.attn_q.weight","output":"Qcur-24","dtype":"f16","m":64,"k":1536,"n":1536,"sample_m":2,"sample_n":16,"relative_l2":0.000515829214,"max_abs":0.0013527259,"nonfinite_count":0,"pass":true,"divergence_ordinal":0}
MODEL_MATMUL_AUDIT_JSON {"tensor":"blk.24.attn_k.weight","output":"Kcur-24","dtype":"f16","m":64,"k":1536,"n":256,"sample_m":2,"sample_n":16,"relative_l2":0.000762198408,"max_abs":0.00156205602,"nonfinite_count":0,"pass":true,"divergence_ordinal":0}
MODEL_MATMUL_AUDIT_JSON {"tensor":"blk.24.attn_v.weight","output":"Vcur-24","dtype":"f16","m":64,"k":1536,"n":256,"sample_m":2,"sample_n":16,"relative_l2":0.000459565043,"max_abs":0.00100976182,"nonfinite_count":0,"pass":true,"divergence_ordinal":0}
MODEL_MATMUL_AUDIT_JSON {"tensor":"blk.24.attn_output.weight","output":"kqv_out-24","dtype":"f16","m":64,"k":1536,"n":1536,"sample_m":2,"sample_n":16,"relative_l2":0.00059679442,"max_abs":2.60850835,"nonfinite_count":0,"pass":true,"divergence_ordinal":0}
MODEL_MATMUL_AUDIT_JSON {"tensor":"blk.24.ffn_gate.weight","output":"ffn_gate-24","dtype":"f16","m":64,"k":1536,"n":8960,"sample_m":2,"sample_n":16,"relative_l2":0.000532360457,"max_abs":0.00189502363,"nonfinite_count":0,"pass":true,"divergence_ordinal":0}
MODEL_MATMUL_AUDIT_JSON {"tensor":"blk.24.ffn_up.weight","output":"ffn_up-24","dtype":"f16","m":64,"k":1536,"n":8960,"sample_m":2,"sample_n":16,"relative_l2":0.000688435022,"max_abs":0.00275902427,"nonfinite_count":0,"pass":true,"divergence_ordinal":0}
MODEL_MATMUL_AUDIT_JSON {"tensor":"blk.24.ffn_down.weight","output":"ffn_out-24","dtype":"f16","m":64,"k":8960,"n":1536,"sample_m":2,"sample_n":16,"relative_l2":0.00055831764,"max_abs":0.00948312506,"nonfinite_count":0,"pass":true,"divergence_ordinal":0}
MODEL_MATMUL_AUDIT_JSON {"tensor":"blk.25.attn_q.weight","output":"Qcur-25","dtype":"f16","m":64,"k":1536,"n":1536,"sample_m":2,"sample_n":16,"relative_l2":0.000419511574,"max_abs":0.000534566236,"nonfinite_count":0,"pass":true,"divergence_ordinal":0}
MODEL_MATMUL_AUDIT_JSON {"tensor":"blk.25.attn_k.weight","output":"Kcur-25","dtype":"f16","m":64,"k":1536,"n":256,"sample_m":2,"sample_n":16,"relative_l2":0.000422471473,"max_abs":0.000491922547,"nonfinite_count":0,"pass":true,"divergence_ordinal":0}
MODEL_MATMUL_AUDIT_JSON {"tensor":"blk.25.attn_v.weight","output":"Vcur-25","dtype":"f16","m":64,"k":1536,"n":256,"sample_m":2,"sample_n":16,"relative_l2":0.000779837269,"max_abs":0.00306721171,"nonfinite_count":0,"pass":true,"divergence_ordinal":0}
MODEL_MATMUL_AUDIT_JSON {"tensor":"blk.25.attn_output.weight","output":"kqv_out-25","dtype":"f16","m":64,"k":1536,"n":1536,"sample_m":2,"sample_n":16,"relative_l2":0.485234547,"max_abs":42498.4844,"nonfinite_count":0,"pass":false,"divergence_ordinal":1}
MODEL_MATMUL_AUDIT_JSON {"tensor":"blk.25.ffn_gate.weight","output":"ffn_gate-25","dtype":"f16","m":64,"k":1536,"n":8960,"sample_m":2,"sample_n":16,"relative_l2":0.000421187581,"max_abs":0.00104958261,"nonfinite_count":0,"pass":true,"divergence_ordinal":1}
MODEL_MATMUL_AUDIT_JSON {"tensor":"blk.25.ffn_up.weight","output":"ffn_up-25","dtype":"f16","m":64,"k":1536,"n":8960,"sample_m":2,"sample_n":16,"relative_l2":0.00065210992,"max_abs":0.00205899822,"nonfinite_count":0,"pass":true,"divergence_ordinal":1}
MODEL_MATMUL_AUDIT_JSON {"tensor":"blk.25.ffn_down.weight","output":"ffn_out-25","dtype":"f16","m":64,"k":8960,"n":1536,"sample_m":2,"sample_n":16,"relative_l2":0.000401977163,"max_abs":0.00355223753,"nonfinite_count":0,"pass":true,"divergence_ordinal":1}
MODEL_MATMUL_AUDIT_JSON {"tensor":"blk.26.attn_q.weight","output":"Qcur-26","dtype":"f16","m":64,"k":1536,"n":1536,"sample_m":2,"sample_n":16,"relative_l2":0.000700063326,"max_abs":0.00182045077,"nonfinite_count":0,"pass":true,"divergence_ordinal":1}
MODEL_MATMUL_AUDIT_JSON {"tensor":"blk.26.attn_k.weight","output":"Kcur-26","dtype":"f16","m":64,"k":1536,"n":256,"sample_m":2,"sample_n":16,"relative_l2":0.000609214492,"max_abs":0.000585607369,"nonfinite_count":0,"pass":true,"divergence_ordinal":1}
MODEL_MATMUL_AUDIT_JSON {"tensor":"blk.26.attn_v.weight","output":"Vcur-26","dtype":"f16","m":64,"k":1536,"n":256,"sample_m":2,"sample_n":16,"relative_l2":0.000584209959,"max_abs":0.00594037306,"nonfinite_count":0,"pass":true,"divergence_ordinal":1}
MODEL_MATMUL_AUDIT_JSON {"tensor":"blk.26.attn_output.weight","output":"kqv_out-26","dtype":"f16","m":64,"k":1536,"n":1536,"sample_m":2,"sample_n":16,"relative_l2":0.000529230567,"max_abs":0.758581758,"nonfinite_count":0,"pass":true,"divergence_ordinal":1}
MODEL_MATMUL_AUDIT_JSON {"tensor":"blk.26.ffn_gate.weight","output":"ffn_gate-26","dtype":"f16","m":64,"k":1536,"n":8960,"sample_m":2,"sample_n":16,"relative_l2":0.000823776392,"max_abs":0.00515650911,"nonfinite_count":0,"pass":true,"divergence_ordinal":1}
MODEL_MATMUL_AUDIT_JSON {"tensor":"blk.26.ffn_up.weight","output":"ffn_up-26","dtype":"f16","m":64,"k":1536,"n":8960,"sample_m":2,"sample_n":16,"relative_l2":0.000542561661,"max_abs":0.00253152731,"nonfinite_count":0,"pass":true,"divergence_ordinal":1}
MODEL_MATMUL_AUDIT_JSON {"tensor":"blk.26.ffn_down.weight","output":"ffn_out-26","dtype":"f16","m":64,"k":8960,"n":1536,"sample_m":2,"sample_n":16,"relative_l2":0.000684340003,"max_abs":0.0172782037,"nonfinite_count":0,"pass":true,"divergence_ordinal":1}
MODEL_MATMUL_AUDIT_JSON {"tensor":"blk.27.attn_q.weight","output":"Qcur-27","dtype":"f16","m":64,"k":1536,"n":1536,"sample_m":2,"sample_n":16,"relative_l2":0.000461488624,"max_abs":0.000636059907,"nonfinite_count":0,"pass":true,"divergence_ordinal":1}
MODEL_MATMUL_AUDIT_JSON {"tensor":"blk.27.attn_k.weight","output":"Kcur-27","dtype":"f16","m":64,"k":1536,"n":256,"sample_m":2,"sample_n":16,"relative_l2":0.000601384802,"max_abs":0.000332385622,"nonfinite_count":0,"pass":true,"divergence_ordinal":1}
MODEL_MATMUL_AUDIT_JSON {"tensor":"blk.27.attn_v.weight","output":"Vcur-27","dtype":"f16","m":64,"k":1536,"n":256,"sample_m":2,"sample_n":16,"relative_l2":0.000613343135,"max_abs":0.0058515626,"nonfinite_count":0,"pass":true,"divergence_ordinal":1}
MODEL_MATMUL_AUDIT_JSON {"tensor":"blk.27.attn_output.weight","output":"kqv_out-27","dtype":"f16","m":64,"k":1536,"n":1536,"sample_m":2,"sample_n":16,"relative_l2":0.000638953466,"max_abs":1.33881366,"nonfinite_count":0,"pass":true,"divergence_ordinal":1}
MODEL_MATMUL_AUDIT_JSON {"tensor":"blk.0.attn_q.weight","output":"Qcur-0","dtype":"f16","m":64,"k":1536,"n":1536,"sample_m":2,"sample_n":16,"relative_l2":0.00064213106,"max_abs":0.000586572161,"nonfinite_count":0,"pass":true,"divergence_ordinal":1}
MODEL_MATMUL_AUDIT_JSON {"tensor":"blk.0.attn_k.weight","output":"Kcur-0","dtype":"f16","m":64,"k":1536,"n":256,"sample_m":2,"sample_n":16,"relative_l2":0.000559325943,"max_abs":0.00141345814,"nonfinite_count":0,"pass":true,"divergence_ordinal":1}
MODEL_MATMUL_AUDIT_JSON {"tensor":"blk.0.attn_v.weight","output":"Vcur-0","dtype":"f16","m":64,"k":1536,"n":256,"sample_m":2,"sample_n":16,"relative_l2":0.000600497862,"max_abs":0.000372164912,"nonfinite_count":0,"pass":true,"divergence_ordinal":1}
MODEL_MATMUL_AUDIT_JSON {"tensor":"blk.0.attn_output.weight","output":"kqv_out-0","dtype":"f16","m":64,"k":1536,"n":1536,"sample_m":2,"sample_n":16,"relative_l2":0.000381442624,"max_abs":0.000261636829,"nonfinite_count":0,"pass":true,"divergence_ordinal":1}
MODEL_MATMUL_AUDIT_JSON {"tensor":"blk.0.ffn_gate.weight","output":"ffn_gate-0","dtype":"f16","m":64,"k":1536,"n":8960,"sample_m":2,"sample_n":16,"relative_l2":0.000432977578,"max_abs":0.000662085891,"nonfinite_count":0,"pass":true,"divergence_ordinal":1}
MODEL_MATMUL_AUDIT_JSON {"tensor":"blk.0.ffn_up.weight","output":"ffn_up-0","dtype":"f16","m":64,"k":1536,"n":8960,"sample_m":2,"sample_n":16,"relative_l2":0.000560388054,"max_abs":0.000530856661,"nonfinite_count":0,"pass":true,"divergence_ordinal":1}
MODEL_MATMUL_AUDIT_JSON {"tensor":"blk.0.ffn_down.weight","output":"ffn_out-0","dtype":"f16","m":64,"k":8960,"n":1536,"sample_m":2,"sample_n":16,"relative_l2":0.000579802109,"max_abs":0.000647589797,"nonfinite_count":0,"pass":true,"divergence_ordinal":1}
MODEL_MATMUL_AUDIT_JSON {"tensor":"blk.1.attn_q.weight","output":"Qcur-1","dtype":"f16","m":64,"k":1536,"n":1536,"sample_m":2,"sample_n":16,"relative_l2":0.000595610958,"max_abs":0.00112232717,"nonfinite_count":0,"pass":true,"divergence_ordinal":1}
MODEL_MATMUL_AUDIT_JSON {"tensor":"blk.1.attn_k.weight","output":"Kcur-1","dtype":"f16","m":64,"k":1536,"n":256,"sample_m":2,"sample_n":16,"relative_l2":0.000492106768,"max_abs":0.00121179549,"nonfinite_count":0,"pass":true,"divergence_ordinal":1}
MODEL_MATMUL_AUDIT_JSON {"tensor":"blk.1.attn_v.weight","output":"Vcur-1","dtype":"f16","m":64,"k":1536,"n":256,"sample_m":2,"sample_n":16,"relative_l2":0.000543479443,"max_abs":0.000671773043,"nonfinite_count":0,"pass":true,"divergence_ordinal":1}
MODEL_MATMUL_AUDIT_JSON {"tensor":"blk.1.attn_output.weight","output":"kqv_out-1","dtype":"f16","m":64,"k":1536,"n":1536,"sample_m":2,"sample_n":16,"relative_l2":0.000815387221,"max_abs":0.000344950968,"nonfinite_count":0,"pass":true,"divergence_ordinal":1}
MODEL_MATMUL_AUDIT_JSON {"tensor":"blk.1.ffn_gate.weight","output":"ffn_gate-1","dtype":"f16","m":64,"k":1536,"n":8960,"sample_m":2,"sample_n":16,"relative_l2":0.000522126258,"max_abs":0.00636568293,"nonfinite_count":0,"pass":true,"divergence_ordinal":1}
MODEL_MATMUL_AUDIT_JSON {"tensor":"blk.1.ffn_up.weight","output":"ffn_up-1","dtype":"f16","m":64,"k":1536,"n":8960,"sample_m":2,"sample_n":16,"relative_l2":0.000699449792,"max_abs":0.00278506149,"nonfinite_count":0,"pass":true,"divergence_ordinal":1}
MODEL_MATMUL_AUDIT_JSON {"tensor":"blk.1.ffn_down.weight","output":"ffn_out-1","dtype":"f16","m":64,"k":8960,"n":1536,"sample_m":2,"sample_n":16,"relative_l2":0.000511355953,"max_abs":0.000681402278,"nonfinite_count":0,"pass":true,"divergence_ordinal":1}
MODEL_MATMUL_AUDIT_JSON {"tensor":"blk.2.attn_q.weight","output":"Qcur-2","dtype":"f16","m":64,"k":1536,"n":1536,"sample_m":2,"sample_n":16,"relative_l2":0.000523455548,"max_abs":0.00134971039,"nonfinite_count":0,"pass":true,"divergence_ordinal":1}
MODEL_MATMUL_AUDIT_JSON {"tensor":"blk.2.attn_k.weight","output":"Kcur-2","dtype":"f16","m":64,"k":1536,"n":256,"sample_m":2,"sample_n":16,"relative_l2":0.000425584652,"max_abs":0.000850519573,"nonfinite_count":0,"pass":true,"divergence_ordinal":1}
MODEL_MATMUL_AUDIT_JSON {"tensor":"blk.2.attn_v.weight","output":"Vcur-2","dtype":"f16","m":64,"k":1536,"n":256,"sample_m":2,"sample_n":16,"relative_l2":0.000657437928,"max_abs":0.000878923514,"nonfinite_count":0,"pass":true,"divergence_ordinal":1}
MODEL_MATMUL_AUDIT_JSON {"tensor":"blk.2.attn_output.weight","output":"kqv_out-2","dtype":"f16","m":64,"k":1536,"n":1536,"sample_m":2,"sample_n":16,"relative_l2":0.000468856041,"max_abs":0.000282630208,"nonfinite_count":0,"pass":true,"divergence_ordinal":1}
MODEL_MATMUL_AUDIT_JSON {"tensor":"blk.2.ffn_gate.weight","output":"ffn_gate-2","dtype":"f16","m":64,"k":1536,"n":8960,"sample_m":2,"sample_n":16,"relative_l2":0.000624016166,"max_abs":0.00560638867,"nonfinite_count":0,"pass":true,"divergence_ordinal":1}
MODEL_MATMUL_AUDIT_JSON {"tensor":"blk.2.ffn_up.weight","output":"ffn_up-2","dtype":"f16","m":64,"k":1536,"n":8960,"sample_m":2,"sample_n":16,"relative_l2":0.0004697582,"max_abs":0.00103976333,"nonfinite_count":0,"pass":true,"divergence_ordinal":1}
MODEL_MATMUL_AUDIT_JSON {"tensor":"blk.2.ffn_down.weight","output":"ffn_out-2","dtype":"f16","m":64,"k":8960,"n":1536,"sample_m":2,"sample_n":16,"relative_l2":0.000477901685,"max_abs":0.000393085124,"nonfinite_count":0,"pass":true,"divergence_ordinal":1}
MODEL_MATMUL_AUDIT_JSON {"tensor":"blk.3.attn_q.weight","output":"Qcur-3","dtype":"f16","m":64,"k":1536,"n":1536,"sample_m":2,"sample_n":16,"relative_l2":0.000563963621,"max_abs":0.0018925902,"nonfinite_count":0,"pass":true,"divergence_ordinal":1}
MODEL_MATMUL_AUDIT_JSON {"tensor":"blk.3.attn_k.weight","output":"Kcur-3","dtype":"f16","m":64,"k":1536,"n":256,"sample_m":2,"sample_n":16,"relative_l2":0.000656013004,"max_abs":0.00249013258,"nonfinite_count":0,"pass":true,"divergence_ordinal":1}
MODEL_MATMUL_AUDIT_JSON {"tensor":"blk.3.attn_v.weight","output":"Vcur-3","dtype":"f16","m":64,"k":1536,"n":256,"sample_m":2,"sample_n":16,"relative_l2":0.000535345504,"max_abs":0.000671777292,"nonfinite_count":0,"pass":true,"divergence_ordinal":1}
MODEL_MATMUL_AUDIT_JSON {"tensor":"blk.3.attn_output.weight","output":"kqv_out-3","dtype":"f16","m":64,"k":1536,"n":1536,"sample_m":2,"sample_n":16,"relative_l2":0.000461776286,"max_abs":0.000125326143,"nonfinite_count":0,"pass":true,"divergence_ordinal":1}
MODEL_MATMUL_AUDIT_JSON {"tensor":"blk.3.ffn_gate.weight","output":"ffn_gate-3","dtype":"f16","m":64,"k":1536,"n":8960,"sample_m":2,"sample_n":16,"relative_l2":0.00075928477,"max_abs":0.00630245963,"nonfinite_count":0,"pass":true,"divergence_ordinal":1}
MODEL_MATMUL_AUDIT_JSON {"tensor":"blk.3.ffn_up.weight","output":"ffn_up-3","dtype":"f16","m":64,"k":1536,"n":8960,"sample_m":2,"sample_n":16,"relative_l2":0.000580493432,"max_abs":0.00130438467,"nonfinite_count":0,"pass":true,"divergence_ordinal":1}
MODEL_MATMUL_AUDIT_JSON {"tensor":"blk.3.ffn_down.weight","output":"ffn_out-3","dtype":"f16","m":64,"k":8960,"n":1536,"sample_m":2,"sample_n":16,"relative_l2":0.000404470879,"max_abs":0.000434997404,"nonfinite_count":0,"pass":true,"divergence_ordinal":1}
MODEL_MATMUL_AUDIT_JSON {"tensor":"blk.4.attn_q.weight","output":"Qcur-4","dtype":"f16","m":64,"k":1536,"n":1536,"sample_m":2,"sample_n":16,"relative_l2":0.00057473913,"max_abs":0.00129202672,"nonfinite_count":0,"pass":true,"divergence_ordinal":1}
MODEL_MATMUL_AUDIT_JSON {"tensor":"blk.4.attn_k.weight","output":"Kcur-4","dtype":"f16","m":64,"k":1536,"n":256,"sample_m":2,"sample_n":16,"relative_l2":0.000406616234,"max_abs":0.00100468518,"nonfinite_count":0,"pass":true,"divergence_ordinal":1}
MODEL_MATMUL_AUDIT_JSON {"tensor":"blk.4.attn_v.weight","output":"Vcur-4","dtype":"f16","m":64,"k":1536,"n":256,"sample_m":2,"sample_n":16,"relative_l2":0.000720321275,"max_abs":0.00140517158,"nonfinite_count":0,"pass":true,"divergence_ordinal":1}
MODEL_MATMUL_AUDIT_JSON {"tensor":"blk.4.attn_output.weight","output":"kqv_out-4","dtype":"f16","m":64,"k":1536,"n":1536,"sample_m":2,"sample_n":16,"relative_l2":0.000574785048,"max_abs":0.000182278643,"nonfinite_count":0,"pass":true,"divergence_ordinal":1}
MODEL_MATMUL_AUDIT_JSON {"tensor":"blk.4.ffn_gate.weight","output":"ffn_gate-4","dtype":"f16","m":64,"k":1536,"n":8960,"sample_m":2,"sample_n":16,"relative_l2":0.000532067645,"max_abs":0.00318410224,"nonfinite_count":0,"pass":true,"divergence_ordinal":1}
MODEL_MATMUL_AUDIT_JSON {"tensor":"blk.4.ffn_up.weight","output":"ffn_up-4","dtype":"f16","m":64,"k":1536,"n":8960,"sample_m":2,"sample_n":16,"relative_l2":0.000490406967,"max_abs":0.000942270795,"nonfinite_count":0,"pass":true,"divergence_ordinal":1}
MODEL_MATMUL_AUDIT_JSON {"tensor":"blk.4.ffn_down.weight","output":"ffn_out-4","dtype":"f16","m":64,"k":8960,"n":1536,"sample_m":2,"sample_n":16,"relative_l2":0.000726447632,"max_abs":0.00137479673,"nonfinite_count":0,"pass":true,"divergence_ordinal":1}
MODEL_MATMUL_AUDIT_JSON {"tensor":"blk.5.attn_q.weight","output":"Qcur-5","dtype":"f16","m":64,"k":1536,"n":1536,"sample_m":2,"sample_n":16,"relative_l2":0.000471206813,"max_abs":0.001237049,"nonfinite_count":0,"pass":true,"divergence_ordinal":1}
MODEL_MATMUL_AUDIT_JSON {"tensor":"blk.5.attn_k.weight","output":"Kcur-5","dtype":"f16","m":64,"k":1536,"n":256,"sample_m":2,"sample_n":16,"relative_l2":0.000553663022,"max_abs":0.00112165289,"nonfinite_count":0,"pass":true,"divergence_ordinal":1}
MODEL_MATMUL_AUDIT_JSON {"tensor":"blk.5.attn_v.weight","output":"Vcur-5","dtype":"f16","m":64,"k":1536,"n":256,"sample_m":2,"sample_n":16,"relative_l2":0.000593064436,"max_abs":0.00137685484,"nonfinite_count":0,"pass":true,"divergence_ordinal":1}
MODEL_MATMUL_AUDIT_JSON {"tensor":"blk.5.attn_output.weight","output":"kqv_out-5","dtype":"f16","m":64,"k":1536,"n":1536,"sample_m":2,"sample_n":16,"relative_l2":0.000558783531,"max_abs":0.000177764174,"nonfinite_count":0,"pass":true,"divergence_ordinal":1}
MODEL_MATMUL_AUDIT_JSON {"tensor":"blk.5.ffn_gate.weight","output":"ffn_gate-5","dtype":"f16","m":64,"k":1536,"n":8960,"sample_m":2,"sample_n":16,"relative_l2":0.000646668432,"max_abs":0.00573900854,"nonfinite_count":0,"pass":true,"divergence_ordinal":1}
MODEL_MATMUL_AUDIT_JSON {"tensor":"blk.5.ffn_up.weight","output":"ffn_up-5","dtype":"f16","m":64,"k":1536,"n":8960,"sample_m":2,"sample_n":16,"relative_l2":0.000552513843,"max_abs":0.00136109511,"nonfinite_count":0,"pass":true,"divergence_ordinal":1}
MODEL_MATMUL_AUDIT_JSON {"tensor":"blk.5.ffn_down.weight","output":"ffn_out-5","dtype":"f16","m":64,"k":8960,"n":1536,"sample_m":2,"sample_n":16,"relative_l2":0.000633429521,"max_abs":0.000658149773,"nonfinite_count":0,"pass":true,"divergence_ordinal":1}
MODEL_MATMUL_AUDIT_JSON {"tensor":"blk.6.attn_q.weight","output":"Qcur-6","dtype":"f16","m":64,"k":1536,"n":1536,"sample_m":2,"sample_n":16,"relative_l2":0.000669267058,"max_abs":0.00255970424,"nonfinite_count":0,"pass":true,"divergence_ordinal":1}
MODEL_MATMUL_AUDIT_JSON {"tensor":"blk.6.attn_k.weight","output":"Kcur-6","dtype":"f16","m":64,"k":1536,"n":256,"sample_m":2,"sample_n":16,"relative_l2":0.000412372888,"max_abs":0.00126165198,"nonfinite_count":0,"pass":true,"divergence_ordinal":1}
MODEL_MATMUL_AUDIT_JSON {"tensor":"blk.6.attn_v.weight","output":"Vcur-6","dtype":"f16","m":64,"k":1536,"n":256,"sample_m":2,"sample_n":16,"relative_l2":0.00065791802,"max_abs":0.00146324479,"nonfinite_count":0,"pass":true,"divergence_ordinal":1}
MODEL_MATMUL_AUDIT_JSON {"tensor":"blk.6.attn_output.weight","output":"kqv_out-6","dtype":"f16","m":64,"k":1536,"n":1536,"sample_m":2,"sample_n":16,"relative_l2":0.000656105245,"max_abs":0.000145864105,"nonfinite_count":0,"pass":true,"divergence_ordinal":1}
MODEL_MATMUL_AUDIT_JSON {"tensor":"blk.6.ffn_gate.weight","output":"ffn_gate-6","dtype":"f16","m":64,"k":1536,"n":8960,"sample_m":2,"sample_n":16,"relative_l2":0.000424249601,"max_abs":0.00143295701,"nonfinite_count":0,"pass":true,"divergence_ordinal":1}
MODEL_MATMUL_AUDIT_JSON {"tensor":"blk.6.ffn_up.weight","output":"ffn_up-6","dtype":"f16","m":64,"k":1536,"n":8960,"sample_m":2,"sample_n":16,"relative_l2":0.000424226924,"max_abs":0.00093025656,"nonfinite_count":0,"pass":true,"divergence_ordinal":1}
MODEL_MATMUL_AUDIT_JSON {"tensor":"blk.6.ffn_down.weight","output":"ffn_out-6","dtype":"f16","m":64,"k":8960,"n":1536,"sample_m":2,"sample_n":16,"relative_l2":0.00062269787,"max_abs":0.000682078826,"nonfinite_count":0,"pass":true,"divergence_ordinal":1}
MODEL_MATMUL_AUDIT_JSON {"tensor":"blk.7.attn_q.weight","output":"Qcur-7","dtype":"f16","m":64,"k":1536,"n":1536,"sample_m":2,"sample_n":16,"relative_l2":0.000531844191,"max_abs":0.000707410509,"nonfinite_count":0,"pass":true,"divergence_ordinal":1}
MODEL_MATMUL_AUDIT_JSON {"tensor":"blk.7.attn_k.weight","output":"Kcur-7","dtype":"f16","m":64,"k":1536,"n":256,"sample_m":2,"sample_n":16,"relative_l2":0.000546128601,"max_abs":0.00134051382,"nonfinite_count":0,"pass":true,"divergence_ordinal":1}
MODEL_MATMUL_AUDIT_JSON {"tensor":"blk.7.attn_v.weight","output":"Vcur-7","dtype":"f16","m":64,"k":1536,"n":256,"sample_m":2,"sample_n":16,"relative_l2":0.000576359389,"max_abs":0.000601996784,"nonfinite_count":0,"pass":true,"divergence_ordinal":1}
MODEL_MATMUL_AUDIT_JSON {"tensor":"blk.7.attn_output.weight","output":"kqv_out-7","dtype":"f16","m":64,"k":1536,"n":1536,"sample_m":2,"sample_n":16,"relative_l2":0.000612704344,"max_abs":0.000271855912,"nonfinite_count":0,"pass":true,"divergence_ordinal":1}
MODEL_MATMUL_AUDIT_JSON {"tensor":"blk.7.ffn_gate.weight","output":"ffn_gate-7","dtype":"f16","m":64,"k":1536,"n":8960,"sample_m":2,"sample_n":16,"relative_l2":0.000584144758,"max_abs":0.00108545297,"nonfinite_count":0,"pass":true,"divergence_ordinal":1}
MODEL_MATMUL_AUDIT_JSON {"tensor":"blk.7.ffn_up.weight","output":"ffn_up-7","dtype":"f16","m":64,"k":1536,"n":8960,"sample_m":2,"sample_n":16,"relative_l2":0.000549857018,"max_abs":0.000898749568,"nonfinite_count":0,"pass":true,"divergence_ordinal":1}
MODEL_MATMUL_AUDIT_JSON {"tensor":"blk.7.ffn_down.weight","output":"ffn_out-7","dtype":"f16","m":64,"k":8960,"n":1536,"sample_m":2,"sample_n":16,"relative_l2":0.000577064166,"max_abs":0.000551858684,"nonfinite_count":0,"pass":true,"divergence_ordinal":1}
MODEL_MATMUL_AUDIT_JSON {"tensor":"blk.8.attn_q.weight","output":"Qcur-8","dtype":"f16","m":64,"k":1536,"n":1536,"sample_m":2,"sample_n":16,"relative_l2":0.000560953252,"max_abs":0.00170459144,"nonfinite_count":0,"pass":true,"divergence_ordinal":1}
MODEL_MATMUL_AUDIT_JSON {"tensor":"blk.8.attn_k.weight","output":"Kcur-8","dtype":"f16","m":64,"k":1536,"n":256,"sample_m":2,"sample_n":16,"relative_l2":0.000637272629,"max_abs":0.00151396613,"nonfinite_count":0,"pass":true,"divergence_ordinal":1}
MODEL_MATMUL_AUDIT_JSON {"tensor":"blk.8.attn_v.weight","output":"Vcur-8","dtype":"f16","m":64,"k":1536,"n":256,"sample_m":2,"sample_n":16,"relative_l2":0.000842094131,"max_abs":0.00227827951,"nonfinite_count":0,"pass":true,"divergence_ordinal":1}
MODEL_MATMUL_AUDIT_JSON {"tensor":"blk.8.attn_output.weight","output":"kqv_out-8","dtype":"f16","m":64,"k":1536,"n":1536,"sample_m":2,"sample_n":16,"relative_l2":0.000419600715,"max_abs":0.00011102733,"nonfinite_count":0,"pass":true,"divergence_ordinal":1}
MODEL_MATMUL_AUDIT_JSON {"tensor":"blk.8.ffn_gate.weight","output":"ffn_gate-8","dtype":"f16","m":64,"k":1536,"n":8960,"sample_m":2,"sample_n":16,"relative_l2":0.00045276423,"max_abs":0.00117906567,"nonfinite_count":0,"pass":true,"divergence_ordinal":1}
MODEL_MATMUL_AUDIT_JSON {"tensor":"blk.8.ffn_up.weight","output":"ffn_up-8","dtype":"f16","m":64,"k":1536,"n":8960,"sample_m":2,"sample_n":16,"relative_l2":0.00059398538,"max_abs":0.00107016822,"nonfinite_count":0,"pass":true,"divergence_ordinal":1}
MODEL_MATMUL_AUDIT_JSON {"tensor":"blk.8.ffn_down.weight","output":"ffn_out-8","dtype":"f16","m":64,"k":8960,"n":1536,"sample_m":2,"sample_n":16,"relative_l2":0.000509720105,"max_abs":0.000696791511,"nonfinite_count":0,"pass":true,"divergence_ordinal":1}
MODEL_MATMUL_AUDIT_JSON {"tensor":"blk.9.attn_q.weight","output":"Qcur-9","dtype":"f16","m":64,"k":1536,"n":1536,"sample_m":2,"sample_n":16,"relative_l2":0.000650760188,"max_abs":0.00131273165,"nonfinite_count":0,"pass":true,"divergence_ordinal":1}
MODEL_MATMUL_AUDIT_JSON {"tensor":"blk.9.attn_k.weight","output":"Kcur-9","dtype":"f16","m":64,"k":1536,"n":256,"sample_m":2,"sample_n":16,"relative_l2":0.000505831023,"max_abs":0.00249769795,"nonfinite_count":0,"pass":true,"divergence_ordinal":1}
MODEL_MATMUL_AUDIT_JSON {"tensor":"blk.9.attn_v.weight","output":"Vcur-9","dtype":"f16","m":64,"k":1536,"n":256,"sample_m":2,"sample_n":16,"relative_l2":0.000623538405,"max_abs":0.000770012732,"nonfinite_count":0,"pass":true,"divergence_ordinal":1}
MODEL_MATMUL_AUDIT_JSON {"tensor":"blk.9.attn_output.weight","output":"kqv_out-9","dtype":"f16","m":64,"k":1536,"n":1536,"sample_m":2,"sample_n":16,"relative_l2":0.00046279631,"max_abs":0.000166607962,"nonfinite_count":0,"pass":true,"divergence_ordinal":1}
MODEL_MATMUL_AUDIT_JSON {"tensor":"blk.9.ffn_gate.weight","output":"ffn_gate-9","dtype":"f16","m":64,"k":1536,"n":8960,"sample_m":2,"sample_n":16,"relative_l2":0.000525237904,"max_abs":0.000863364141,"nonfinite_count":0,"pass":true,"divergence_ordinal":1}
MODEL_MATMUL_AUDIT_JSON {"tensor":"blk.9.ffn_up.weight","output":"ffn_up-9","dtype":"f16","m":64,"k":1536,"n":8960,"sample_m":2,"sample_n":16,"relative_l2":0.000535351716,"max_abs":0.000686651445,"nonfinite_count":0,"pass":true,"divergence_ordinal":1}
MODEL_MATMUL_AUDIT_JSON {"tensor":"blk.9.ffn_down.weight","output":"ffn_out-9","dtype":"f16","m":64,"k":8960,"n":1536,"sample_m":2,"sample_n":16,"relative_l2":0.000519712558,"max_abs":0.000417658157,"nonfinite_count":0,"pass":true,"divergence_ordinal":1}
MODEL_MATMUL_AUDIT_JSON {"tensor":"blk.10.attn_q.weight","output":"Qcur-10","dtype":"f16","m":64,"k":1536,"n":1536,"sample_m":2,"sample_n":16,"relative_l2":0.000590044857,"max_abs":0.00144580798,"nonfinite_count":0,"pass":true,"divergence_ordinal":1}
MODEL_MATMUL_AUDIT_JSON {"tensor":"blk.10.attn_k.weight","output":"Kcur-10","dtype":"f16","m":64,"k":1536,"n":256,"sample_m":2,"sample_n":16,"relative_l2":0.000618154193,"max_abs":0.00224724296,"nonfinite_count":0,"pass":true,"divergence_ordinal":1}
MODEL_MATMUL_AUDIT_JSON {"tensor":"blk.10.attn_v.weight","output":"Vcur-10","dtype":"f16","m":64,"k":1536,"n":256,"sample_m":2,"sample_n":16,"relative_l2":0.000492768471,"max_abs":0.000657608791,"nonfinite_count":0,"pass":true,"divergence_ordinal":1}
MODEL_MATMUL_AUDIT_JSON {"tensor":"blk.10.attn_output.weight","output":"kqv_out-10","dtype":"f16","m":64,"k":1536,"n":1536,"sample_m":2,"sample_n":16,"relative_l2":0.000454125084,"max_abs":0.000206381301,"nonfinite_count":0,"pass":true,"divergence_ordinal":1}
MODEL_MATMUL_AUDIT_JSON {"tensor":"blk.10.ffn_gate.weight","output":"ffn_gate-10","dtype":"f16","m":64,"k":1536,"n":8960,"sample_m":2,"sample_n":16,"relative_l2":0.000779397361,"max_abs":0.00285179261,"nonfinite_count":0,"pass":true,"divergence_ordinal":1}
MODEL_MATMUL_AUDIT_JSON {"tensor":"blk.10.ffn_up.weight","output":"ffn_up-10","dtype":"f16","m":64,"k":1536,"n":8960,"sample_m":2,"sample_n":16,"relative_l2":0.000587066467,"max_abs":0.000742523582,"nonfinite_count":0,"pass":true,"divergence_ordinal":1}
MODEL_MATMUL_AUDIT_JSON {"tensor":"blk.10.ffn_down.weight","output":"ffn_out-10","dtype":"f16","m":64,"k":8960,"n":1536,"sample_m":2,"sample_n":16,"relative_l2":0.000713164499,"max_abs":0.000732924324,"nonfinite_count":0,"pass":true,"divergence_ordinal":1}
MODEL_MATMUL_AUDIT_JSON {"tensor":"blk.11.attn_q.weight","output":"Qcur-11","dtype":"f16","m":64,"k":1536,"n":1536,"sample_m":2,"sample_n":16,"relative_l2":0.000878037207,"max_abs":0.00140806893,"nonfinite_count":0,"pass":true,"divergence_ordinal":1}
MODEL_MATMUL_AUDIT_JSON {"tensor":"blk.11.attn_k.weight","output":"Kcur-11","dtype":"f16","m":64,"k":1536,"n":256,"sample_m":2,"sample_n":16,"relative_l2":0.000633369115,"max_abs":0.00210890034,"nonfinite_count":0,"pass":true,"divergence_ordinal":1}
MODEL_MATMUL_AUDIT_JSON {"tensor":"blk.11.attn_v.weight","output":"Vcur-11","dtype":"f16","m":64,"k":1536,"n":256,"sample_m":2,"sample_n":16,"relative_l2":0.000499791248,"max_abs":0.000767620339,"nonfinite_count":0,"pass":true,"divergence_ordinal":1}
MODEL_MATMUL_AUDIT_JSON {"tensor":"blk.11.attn_output.weight","output":"kqv_out-11","dtype":"f16","m":64,"k":1536,"n":1536,"sample_m":2,"sample_n":16,"relative_l2":0.000546736579,"max_abs":0.00017109148,"nonfinite_count":0,"pass":true,"divergence_ordinal":1}
MODEL_MATMUL_AUDIT_JSON {"tensor":"blk.11.ffn_gate.weight","output":"ffn_gate-11","dtype":"f16","m":64,"k":1536,"n":8960,"sample_m":2,"sample_n":16,"relative_l2":0.000403635736,"max_abs":0.00212366623,"nonfinite_count":0,"pass":true,"divergence_ordinal":1}
MODEL_MATMUL_AUDIT_JSON {"tensor":"blk.11.ffn_up.weight","output":"ffn_up-11","dtype":"f16","m":64,"k":1536,"n":8960,"sample_m":2,"sample_n":16,"relative_l2":0.000476597612,"max_abs":0.000770412968,"nonfinite_count":0,"pass":true,"divergence_ordinal":1}
MODEL_MATMUL_AUDIT_JSON {"tensor":"blk.11.ffn_down.weight","output":"ffn_out-11","dtype":"f16","m":64,"k":8960,"n":1536,"sample_m":2,"sample_n":16,"relative_l2":0.000585383889,"max_abs":0.000716460461,"nonfinite_count":0,"pass":true,"divergence_ordinal":1}
MODEL_MATMUL_AUDIT_JSON {"tensor":"blk.12.attn_q.weight","output":"Qcur-12","dtype":"f16","m":64,"k":1536,"n":1536,"sample_m":2,"sample_n":16,"relative_l2":0.000555833426,"max_abs":0.00119453471,"nonfinite_count":0,"pass":true,"divergence_ordinal":1}
MODEL_MATMUL_AUDIT_JSON {"tensor":"blk.12.attn_k.weight","output":"Kcur-12","dtype":"f16","m":64,"k":1536,"n":256,"sample_m":2,"sample_n":16,"relative_l2":0.000577472556,"max_abs":0.00106133427,"nonfinite_count":0,"pass":true,"divergence_ordinal":1}
MODEL_MATMUL_AUDIT_JSON {"tensor":"blk.12.attn_v.weight","output":"Vcur-12","dtype":"f16","m":64,"k":1536,"n":256,"sample_m":2,"sample_n":16,"relative_l2":0.00049660778,"max_abs":0.00077220489,"nonfinite_count":0,"pass":true,"divergence_ordinal":1}
MODEL_MATMUL_AUDIT_JSON {"tensor":"blk.12.attn_output.weight","output":"kqv_out-12","dtype":"f16","m":64,"k":1536,"n":1536,"sample_m":2,"sample_n":16,"relative_l2":0.000582764733,"max_abs":0.000294158148,"nonfinite_count":0,"pass":true,"divergence_ordinal":1}
MODEL_MATMUL_AUDIT_JSON {"tensor":"blk.12.ffn_gate.weight","output":"ffn_gate-12","dtype":"f16","m":64,"k":1536,"n":8960,"sample_m":2,"sample_n":16,"relative_l2":0.000519175317,"max_abs":0.00134017784,"nonfinite_count":0,"pass":true,"divergence_ordinal":1}
MODEL_MATMUL_AUDIT_JSON {"tensor":"blk.12.ffn_up.weight","output":"ffn_up-12","dtype":"f16","m":64,"k":1536,"n":8960,"sample_m":2,"sample_n":16,"relative_l2":0.000556912215,"max_abs":0.000745713653,"nonfinite_count":0,"pass":true,"divergence_ordinal":1}
MODEL_MATMUL_AUDIT_JSON {"tensor":"blk.12.ffn_down.weight","output":"ffn_out-12","dtype":"f16","m":64,"k":8960,"n":1536,"sample_m":2,"sample_n":16,"relative_l2":0.00054023819,"max_abs":0.000607071095,"nonfinite_count":0,"pass":true,"divergence_ordinal":1}
MODEL_MATMUL_AUDIT_JSON {"tensor":"blk.13.attn_q.weight","output":"Qcur-13","dtype":"f16","m":64,"k":1536,"n":1536,"sample_m":2,"sample_n":16,"relative_l2":0.000552476619,"max_abs":0.00215489231,"nonfinite_count":0,"pass":true,"divergence_ordinal":1}
MODEL_MATMUL_AUDIT_JSON {"tensor":"blk.13.attn_k.weight","output":"Kcur-13","dtype":"f16","m":64,"k":1536,"n":256,"sample_m":2,"sample_n":16,"relative_l2":0.000666923193,"max_abs":0.00267943344,"nonfinite_count":0,"pass":true,"divergence_ordinal":1}
MODEL_MATMUL_AUDIT_JSON {"tensor":"blk.13.attn_v.weight","output":"Vcur-13","dtype":"f16","m":64,"k":1536,"n":256,"sample_m":2,"sample_n":16,"relative_l2":0.000541645452,"max_abs":0.00140299881,"nonfinite_count":0,"pass":true,"divergence_ordinal":1}
MODEL_MATMUL_AUDIT_JSON {"tensor":"blk.13.attn_output.weight","output":"kqv_out-13","dtype":"f16","m":64,"k":1536,"n":1536,"sample_m":2,"sample_n":16,"relative_l2":0.000472790901,"max_abs":0.00017780847,"nonfinite_count":0,"pass":true,"divergence_ordinal":1}
MODEL_MATMUL_AUDIT_JSON {"tensor":"blk.13.ffn_gate.weight","output":"ffn_gate-13","dtype":"f16","m":64,"k":1536,"n":8960,"sample_m":2,"sample_n":16,"relative_l2":0.000564136135,"max_abs":0.000671887421,"nonfinite_count":0,"pass":true,"divergence_ordinal":1}
MODEL_MATMUL_AUDIT_JSON {"tensor":"blk.13.ffn_up.weight","output":"ffn_up-13","dtype":"f16","m":64,"k":1536,"n":8960,"sample_m":2,"sample_n":16,"relative_l2":0.000452143828,"max_abs":0.000591061369,"nonfinite_count":0,"pass":true,"divergence_ordinal":1}
MODEL_MATMUL_AUDIT_JSON {"tensor":"blk.13.ffn_down.weight","output":"ffn_out-13","dtype":"f16","m":64,"k":8960,"n":1536,"sample_m":2,"sample_n":16,"relative_l2":0.000369714854,"max_abs":0.000327956775,"nonfinite_count":0,"pass":true,"divergence_ordinal":1}
MODEL_MATMUL_AUDIT_JSON {"tensor":"blk.14.attn_q.weight","output":"Qcur-14","dtype":"f16","m":64,"k":1536,"n":1536,"sample_m":2,"sample_n":16,"relative_l2":0.000728168267,"max_abs":0.00135804759,"nonfinite_count":0,"pass":true,"divergence_ordinal":1}
MODEL_MATMUL_AUDIT_JSON {"tensor":"blk.14.attn_k.weight","output":"Kcur-14","dtype":"f16","m":64,"k":1536,"n":256,"sample_m":2,"sample_n":16,"relative_l2":0.000447003535,"max_abs":0.000694007846,"nonfinite_count":0,"pass":true,"divergence_ordinal":1}
MODEL_MATMUL_AUDIT_JSON {"tensor":"blk.14.attn_v.weight","output":"Vcur-14","dtype":"f16","m":64,"k":1536,"n":256,"sample_m":2,"sample_n":16,"relative_l2":0.000545614641,"max_abs":0.00186702982,"nonfinite_count":0,"pass":true,"divergence_ordinal":1}
MODEL_MATMUL_AUDIT_JSON {"tensor":"blk.14.attn_output.weight","output":"kqv_out-14","dtype":"f16","m":64,"k":1536,"n":1536,"sample_m":2,"sample_n":16,"relative_l2":0.000485838427,"max_abs":0.000208121637,"nonfinite_count":0,"pass":true,"divergence_ordinal":1}
MODEL_MATMUL_AUDIT_JSON {"tensor":"blk.14.ffn_gate.weight","output":"ffn_gate-14","dtype":"f16","m":64,"k":1536,"n":8960,"sample_m":2,"sample_n":16,"relative_l2":0.000887976756,"max_abs":0.00290541304,"nonfinite_count":0,"pass":true,"divergence_ordinal":1}
MODEL_MATMUL_AUDIT_JSON {"tensor":"blk.14.ffn_up.weight","output":"ffn_up-14","dtype":"f16","m":64,"k":1536,"n":8960,"sample_m":2,"sample_n":16,"relative_l2":0.000548321,"max_abs":0.000975748524,"nonfinite_count":0,"pass":true,"divergence_ordinal":1}
MODEL_MATMUL_AUDIT_JSON {"tensor":"blk.14.ffn_down.weight","output":"ffn_out-14","dtype":"f16","m":64,"k":8960,"n":1536,"sample_m":2,"sample_n":16,"relative_l2":0.000428030619,"max_abs":0.00044567461,"nonfinite_count":0,"pass":true,"divergence_ordinal":1}
MODEL_MATMUL_AUDIT_JSON {"tensor":"blk.15.attn_q.weight","output":"Qcur-15","dtype":"f16","m":64,"k":1536,"n":1536,"sample_m":2,"sample_n":16,"relative_l2":0.00047251111,"max_abs":0.00103260332,"nonfinite_count":0,"pass":true,"divergence_ordinal":1}
MODEL_MATMUL_AUDIT_JSON {"tensor":"blk.15.attn_k.weight","output":"Kcur-15","dtype":"f16","m":64,"k":1536,"n":256,"sample_m":2,"sample_n":16,"relative_l2":0.000408198329,"max_abs":0.000817755878,"nonfinite_count":0,"pass":true,"divergence_ordinal":1}
MODEL_MATMUL_AUDIT_JSON {"tensor":"blk.15.attn_v.weight","output":"Vcur-15","dtype":"f16","m":64,"k":1536,"n":256,"sample_m":2,"sample_n":16,"relative_l2":0.000745892454,"max_abs":0.00132006686,"nonfinite_count":0,"pass":true,"divergence_ordinal":1}
MODEL_MATMUL_AUDIT_JSON {"tensor":"blk.15.attn_output.weight","output":"kqv_out-15","dtype":"f16","m":64,"k":1536,"n":1536,"sample_m":2,"sample_n":16,"relative_l2":0.000705710631,"max_abs":0.000330396288,"nonfinite_count":0,"pass":true,"divergence_ordinal":1}
MODEL_MATMUL_AUDIT_JSON {"tensor":"blk.15.ffn_gate.weight","output":"ffn_gate-15","dtype":"f16","m":64,"k":1536,"n":8960,"sample_m":2,"sample_n":16,"relative_l2":0.00062937065,"max_abs":0.00179124216,"nonfinite_count":0,"pass":true,"divergence_ordinal":1}
MODEL_MATMUL_AUDIT_JSON {"tensor":"blk.15.ffn_up.weight","output":"ffn_up-15","dtype":"f16","m":64,"k":1536,"n":8960,"sample_m":2,"sample_n":16,"relative_l2":0.0004990674,"max_abs":0.000459139585,"nonfinite_count":0,"pass":true,"divergence_ordinal":1}
MODEL_MATMUL_AUDIT_JSON {"tensor":"blk.15.ffn_down.weight","output":"ffn_out-15","dtype":"f16","m":64,"k":8960,"n":1536,"sample_m":2,"sample_n":16,"relative_l2":0.000526018352,"max_abs":0.000623844622,"nonfinite_count":0,"pass":true,"divergence_ordinal":1}
MODEL_MATMUL_AUDIT_JSON {"tensor":"blk.16.attn_q.weight","output":"Qcur-16","dtype":"f16","m":64,"k":1536,"n":1536,"sample_m":2,"sample_n":16,"relative_l2":0.000758259193,"max_abs":0.00146280439,"nonfinite_count":0,"pass":true,"divergence_ordinal":1}
MODEL_MATMUL_AUDIT_JSON {"tensor":"blk.16.attn_k.weight","output":"Kcur-16","dtype":"f16","m":64,"k":1536,"n":256,"sample_m":2,"sample_n":16,"relative_l2":0.000592312387,"max_abs":0.00119983091,"nonfinite_count":0,"pass":true,"divergence_ordinal":1}
MODEL_MATMUL_AUDIT_JSON {"tensor":"blk.16.attn_v.weight","output":"Vcur-16","dtype":"f16","m":64,"k":1536,"n":256,"sample_m":2,"sample_n":16,"relative_l2":0.000745977871,"max_abs":0.00178327761,"nonfinite_count":0,"pass":true,"divergence_ordinal":1}
MODEL_MATMUL_AUDIT_JSON {"tensor":"blk.16.attn_output.weight","output":"kqv_out-16","dtype":"f16","m":64,"k":1536,"n":1536,"sample_m":2,"sample_n":16,"relative_l2":0.000344723356,"max_abs":8.29952551e-05,"nonfinite_count":0,"pass":true,"divergence_ordinal":1}
MODEL_MATMUL_AUDIT_JSON {"tensor":"blk.16.ffn_gate.weight","output":"ffn_gate-16","dtype":"f16","m":64,"k":1536,"n":8960,"sample_m":2,"sample_n":16,"relative_l2":0.000392003813,"max_abs":0.000825030205,"nonfinite_count":0,"pass":true,"divergence_ordinal":1}
MODEL_MATMUL_AUDIT_JSON {"tensor":"blk.16.ffn_up.weight","output":"ffn_up-16","dtype":"f16","m":64,"k":1536,"n":8960,"sample_m":2,"sample_n":16,"relative_l2":0.000632914623,"max_abs":0.00145302911,"nonfinite_count":0,"pass":true,"divergence_ordinal":1}
MODEL_MATMUL_AUDIT_JSON {"tensor":"blk.16.ffn_down.weight","output":"ffn_out-16","dtype":"f16","m":64,"k":8960,"n":1536,"sample_m":2,"sample_n":16,"relative_l2":0.000674206673,"max_abs":0.00101255951,"nonfinite_count":0,"pass":true,"divergence_ordinal":1}
MODEL_MATMUL_AUDIT_JSON {"tensor":"blk.17.attn_q.weight","output":"Qcur-17","dtype":"f16","m":64,"k":1536,"n":1536,"sample_m":2,"sample_n":16,"relative_l2":0.00035100088,"max_abs":0.00160220766,"nonfinite_count":0,"pass":true,"divergence_ordinal":1}
MODEL_MATMUL_AUDIT_JSON {"tensor":"blk.17.attn_k.weight","output":"Kcur-17","dtype":"f16","m":64,"k":1536,"n":256,"sample_m":2,"sample_n":16,"relative_l2":0.000688733155,"max_abs":0.00254075369,"nonfinite_count":0,"pass":true,"divergence_ordinal":1}
MODEL_MATMUL_AUDIT_JSON {"tensor":"blk.17.attn_v.weight","output":"Vcur-17","dtype":"f16","m":64,"k":1536,"n":256,"sample_m":2,"sample_n":16,"relative_l2":0.000388978703,"max_abs":0.00071895984,"nonfinite_count":0,"pass":true,"divergence_ordinal":1}
MODEL_MATMUL_AUDIT_JSON {"tensor":"blk.17.attn_output.weight","output":"kqv_out-17","dtype":"f16","m":64,"k":1536,"n":1536,"sample_m":2,"sample_n":16,"relative_l2":0.000663291051,"max_abs":0.000351759722,"nonfinite_count":0,"pass":true,"divergence_ordinal":1}
MODEL_MATMUL_AUDIT_JSON {"tensor":"blk.17.ffn_gate.weight","output":"ffn_gate-17","dtype":"f16","m":64,"k":1536,"n":8960,"sample_m":2,"sample_n":16,"relative_l2":0.000451800354,"max_abs":0.000515057647,"nonfinite_count":0,"pass":true,"divergence_ordinal":1}
MODEL_MATMUL_AUDIT_JSON {"tensor":"blk.17.ffn_up.weight","output":"ffn_up-17","dtype":"f16","m":64,"k":1536,"n":8960,"sample_m":2,"sample_n":16,"relative_l2":0.000538317294,"max_abs":0.00121988286,"nonfinite_count":0,"pass":true,"divergence_ordinal":1}
MODEL_MATMUL_AUDIT_JSON {"tensor":"blk.17.ffn_down.weight","output":"ffn_out-17","dtype":"f16","m":64,"k":8960,"n":1536,"sample_m":2,"sample_n":16,"relative_l2":0.00075482645,"max_abs":0.00128027052,"nonfinite_count":0,"pass":true,"divergence_ordinal":1}
MODEL_MATMUL_AUDIT_JSON {"tensor":"blk.18.attn_q.weight","output":"Qcur-18","dtype":"f16","m":64,"k":1536,"n":1536,"sample_m":2,"sample_n":16,"relative_l2":0.000542412756,"max_abs":0.00112288608,"nonfinite_count":0,"pass":true,"divergence_ordinal":1}
MODEL_MATMUL_AUDIT_JSON {"tensor":"blk.18.attn_k.weight","output":"Kcur-18","dtype":"f16","m":64,"k":1536,"n":256,"sample_m":2,"sample_n":16,"relative_l2":0.000451348362,"max_abs":0.000860103988,"nonfinite_count":0,"pass":true,"divergence_ordinal":1}
MODEL_MATMUL_AUDIT_JSON {"tensor":"blk.18.attn_v.weight","output":"Vcur-18","dtype":"f16","m":64,"k":1536,"n":256,"sample_m":2,"sample_n":16,"relative_l2":0.000474698866,"max_abs":0.00101543195,"nonfinite_count":0,"pass":true,"divergence_ordinal":1}
MODEL_MATMUL_AUDIT_JSON {"tensor":"blk.18.attn_output.weight","output":"kqv_out-18","dtype":"f16","m":64,"k":1536,"n":1536,"sample_m":2,"sample_n":16,"relative_l2":0.000692177152,"max_abs":0.000466498139,"nonfinite_count":0,"pass":true,"divergence_ordinal":1}
MODEL_MATMUL_AUDIT_JSON {"tensor":"blk.18.ffn_gate.weight","output":"ffn_gate-18","dtype":"f16","m":64,"k":1536,"n":8960,"sample_m":2,"sample_n":16,"relative_l2":0.000711450089,"max_abs":0.002571258,"nonfinite_count":0,"pass":true,"divergence_ordinal":1}
MODEL_MATMUL_AUDIT_JSON {"tensor":"blk.18.ffn_up.weight","output":"ffn_up-18","dtype":"f16","m":64,"k":1536,"n":8960,"sample_m":2,"sample_n":16,"relative_l2":0.000508386956,"max_abs":0.00105596415,"nonfinite_count":0,"pass":true,"divergence_ordinal":1}
MODEL_MATMUL_AUDIT_JSON {"tensor":"blk.18.ffn_down.weight","output":"ffn_out-18","dtype":"f16","m":64,"k":8960,"n":1536,"sample_m":2,"sample_n":16,"relative_l2":0.000455201393,"max_abs":0.000427997904,"nonfinite_count":0,"pass":true,"divergence_ordinal":1}
MODEL_MATMUL_AUDIT_JSON {"tensor":"blk.19.attn_q.weight","output":"Qcur-19","dtype":"f16","m":64,"k":1536,"n":1536,"sample_m":2,"sample_n":16,"relative_l2":0.000513124107,"max_abs":0.000852324418,"nonfinite_count":0,"pass":true,"divergence_ordinal":1}
MODEL_MATMUL_AUDIT_JSON {"tensor":"blk.19.attn_k.weight","output":"Kcur-19","dtype":"f16","m":64,"k":1536,"n":256,"sample_m":2,"sample_n":16,"relative_l2":0.000400189605,"max_abs":0.000353252253,"nonfinite_count":0,"pass":true,"divergence_ordinal":1}
MODEL_MATMUL_AUDIT_JSON {"tensor":"blk.19.attn_v.weight","output":"Vcur-19","dtype":"f16","m":64,"k":1536,"n":256,"sample_m":2,"sample_n":16,"relative_l2":0.000596187769,"max_abs":0.00211041793,"nonfinite_count":0,"pass":true,"divergence_ordinal":1}
MODEL_MATMUL_AUDIT_JSON {"tensor":"blk.19.attn_output.weight","output":"kqv_out-19","dtype":"f16","m":64,"k":1536,"n":1536,"sample_m":2,"sample_n":16,"relative_l2":0.000586714238,"max_abs":0.000331493677,"nonfinite_count":0,"pass":true,"divergence_ordinal":1}
MODEL_MATMUL_AUDIT_JSON {"tensor":"blk.19.ffn_gate.weight","output":"ffn_gate-19","dtype":"f16","m":64,"k":1536,"n":8960,"sample_m":2,"sample_n":16,"relative_l2":0.000597240048,"max_abs":0.00295790774,"nonfinite_count":0,"pass":true,"divergence_ordinal":1}
MODEL_MATMUL_AUDIT_JSON {"tensor":"blk.19.ffn_up.weight","output":"ffn_up-19","dtype":"f16","m":64,"k":1536,"n":8960,"sample_m":2,"sample_n":16,"relative_l2":0.000591941509,"max_abs":0.00105500163,"nonfinite_count":0,"pass":true,"divergence_ordinal":1}
MODEL_MATMUL_AUDIT_JSON {"tensor":"blk.19.ffn_down.weight","output":"ffn_out-19","dtype":"f16","m":64,"k":8960,"n":1536,"sample_m":2,"sample_n":16,"relative_l2":0.000664913702,"max_abs":0.00119725731,"nonfinite_count":0,"pass":true,"divergence_ordinal":1}
MODEL_MATMUL_AUDIT_JSON {"tensor":"blk.20.attn_q.weight","output":"Qcur-20","dtype":"f16","m":64,"k":1536,"n":1536,"sample_m":2,"sample_n":16,"relative_l2":0.000559902152,"max_abs":0.00153907633,"nonfinite_count":0,"pass":true,"divergence_ordinal":1}
MODEL_MATMUL_AUDIT_JSON {"tensor":"blk.20.attn_k.weight","output":"Kcur-20","dtype":"f16","m":64,"k":1536,"n":256,"sample_m":2,"sample_n":16,"relative_l2":0.000657391503,"max_abs":0.00141220959,"nonfinite_count":0,"pass":true,"divergence_ordinal":1}
MODEL_MATMUL_AUDIT_JSON {"tensor":"blk.20.attn_v.weight","output":"Vcur-20","dtype":"f16","m":64,"k":1536,"n":256,"sample_m":2,"sample_n":16,"relative_l2":0.000537575421,"max_abs":0.00115833804,"nonfinite_count":0,"pass":true,"divergence_ordinal":1}
MODEL_MATMUL_AUDIT_JSON {"tensor":"blk.20.attn_output.weight","output":"kqv_out-20","dtype":"f16","m":64,"k":1536,"n":1536,"sample_m":2,"sample_n":16,"relative_l2":0.000401353423,"max_abs":0.000403701037,"nonfinite_count":0,"pass":true,"divergence_ordinal":1}
MODEL_MATMUL_AUDIT_JSON {"tensor":"blk.20.ffn_gate.weight","output":"ffn_gate-20","dtype":"f16","m":64,"k":1536,"n":8960,"sample_m":2,"sample_n":16,"relative_l2":0.000489232089,"max_abs":0.00131260941,"nonfinite_count":0,"pass":true,"divergence_ordinal":1}
MODEL_MATMUL_AUDIT_JSON {"tensor":"blk.20.ffn_up.weight","output":"ffn_up-20","dtype":"f16","m":64,"k":1536,"n":8960,"sample_m":2,"sample_n":16,"relative_l2":0.000518172407,"max_abs":0.00137875858,"nonfinite_count":0,"pass":true,"divergence_ordinal":1}
MODEL_MATMUL_AUDIT_JSON {"tensor":"blk.20.ffn_down.weight","output":"ffn_out-20","dtype":"f16","m":64,"k":8960,"n":1536,"sample_m":2,"sample_n":16,"relative_l2":0.000644677903,"max_abs":0.00120394642,"nonfinite_count":0,"pass":true,"divergence_ordinal":1}
MODEL_MATMUL_AUDIT_JSON {"tensor":"blk.21.attn_q.weight","output":"Qcur-21","dtype":"f16","m":64,"k":1536,"n":1536,"sample_m":2,"sample_n":16,"relative_l2":0.000445338265,"max_abs":0.000762780255,"nonfinite_count":0,"pass":true,"divergence_ordinal":1}
MODEL_MATMUL_AUDIT_JSON {"tensor":"blk.21.attn_k.weight","output":"Kcur-21","dtype":"f16","m":64,"k":1536,"n":256,"sample_m":2,"sample_n":16,"relative_l2":0.000352396628,"max_abs":0.000522181275,"nonfinite_count":0,"pass":true,"divergence_ordinal":1}
MODEL_MATMUL_AUDIT_JSON {"tensor":"blk.21.attn_v.weight","output":"Vcur-21","dtype":"f16","m":64,"k":1536,"n":256,"sample_m":2,"sample_n":16,"relative_l2":0.000587401064,"max_abs":0.00116664683,"nonfinite_count":0,"pass":true,"divergence_ordinal":1}
MODEL_MATMUL_AUDIT_JSON {"tensor":"blk.21.attn_output.weight","output":"kqv_out-21","dtype":"f16","m":64,"k":1536,"n":1536,"sample_m":2,"sample_n":16,"relative_l2":0.000532241034,"max_abs":0.000308229355,"nonfinite_count":0,"pass":true,"divergence_ordinal":1}
MODEL_MATMUL_AUDIT_JSON {"tensor":"blk.21.ffn_gate.weight","output":"ffn_gate-21","dtype":"f16","m":64,"k":1536,"n":8960,"sample_m":2,"sample_n":16,"relative_l2":0.000619388677,"max_abs":0.00494320644,"nonfinite_count":0,"pass":true,"divergence_ordinal":1}
MODEL_MATMUL_AUDIT_JSON {"tensor":"blk.21.ffn_up.weight","output":"ffn_up-21","dtype":"f16","m":64,"k":1536,"n":8960,"sample_m":2,"sample_n":16,"relative_l2":0.000548587547,"max_abs":0.00137126609,"nonfinite_count":0,"pass":true,"divergence_ordinal":1}
MODEL_MATMUL_AUDIT_JSON {"tensor":"blk.21.ffn_down.weight","output":"ffn_out-21","dtype":"f16","m":64,"k":8960,"n":1536,"sample_m":2,"sample_n":16,"relative_l2":0.000616692162,"max_abs":0.00156780367,"nonfinite_count":0,"pass":true,"divergence_ordinal":1}
MODEL_MATMUL_AUDIT_JSON {"tensor":"blk.22.attn_q.weight","output":"Qcur-22","dtype":"f16","m":64,"k":1536,"n":1536,"sample_m":2,"sample_n":16,"relative_l2":0.00041423025,"max_abs":0.00157365832,"nonfinite_count":0,"pass":true,"divergence_ordinal":1}
MODEL_MATMUL_AUDIT_JSON {"tensor":"blk.22.attn_k.weight","output":"Kcur-22","dtype":"f16","m":64,"k":1536,"n":256,"sample_m":2,"sample_n":16,"relative_l2":0.000596075943,"max_abs":0.0021205279,"nonfinite_count":0,"pass":true,"divergence_ordinal":1}
MODEL_MATMUL_AUDIT_JSON {"tensor":"blk.22.attn_v.weight","output":"Vcur-22","dtype":"f16","m":64,"k":1536,"n":256,"sample_m":2,"sample_n":16,"relative_l2":0.000538353281,"max_abs":0.00149236852,"nonfinite_count":0,"pass":true,"divergence_ordinal":1}
MODEL_MATMUL_AUDIT_JSON {"tensor":"blk.22.attn_output.weight","output":"kqv_out-22","dtype":"f16","m":64,"k":1536,"n":1536,"sample_m":2,"sample_n":16,"relative_l2":0.00041662549,"max_abs":0.000313491706,"nonfinite_count":0,"pass":true,"divergence_ordinal":1}
MODEL_MATMUL_AUDIT_JSON {"tensor":"blk.22.ffn_gate.weight","output":"ffn_gate-22","dtype":"f16","m":64,"k":1536,"n":8960,"sample_m":2,"sample_n":16,"relative_l2":0.000592060177,"max_abs":0.00255366764,"nonfinite_count":0,"pass":true,"divergence_ordinal":1}
MODEL_MATMUL_AUDIT_JSON {"tensor":"blk.22.ffn_up.weight","output":"ffn_up-22","dtype":"f16","m":64,"k":1536,"n":8960,"sample_m":2,"sample_n":16,"relative_l2":0.00047035661,"max_abs":0.00124147465,"nonfinite_count":0,"pass":true,"divergence_ordinal":1}
MODEL_MATMUL_AUDIT_JSON {"tensor":"blk.22.ffn_down.weight","output":"ffn_out-22","dtype":"f16","m":64,"k":8960,"n":1536,"sample_m":2,"sample_n":16,"relative_l2":0.000550023762,"max_abs":0.00114147656,"nonfinite_count":0,"pass":true,"divergence_ordinal":1}
MODEL_MATMUL_AUDIT_JSON {"tensor":"blk.23.attn_q.weight","output":"Qcur-23","dtype":"f16","m":64,"k":1536,"n":1536,"sample_m":2,"sample_n":16,"relative_l2":0.000527130552,"max_abs":0.000714574417,"nonfinite_count":0,"pass":true,"divergence_ordinal":1}
MODEL_MATMUL_AUDIT_JSON {"tensor":"blk.23.attn_k.weight","output":"Kcur-23","dtype":"f16","m":64,"k":1536,"n":256,"sample_m":2,"sample_n":16,"relative_l2":0.00066276517,"max_abs":0.000958592165,"nonfinite_count":0,"pass":true,"divergence_ordinal":1}
MODEL_MATMUL_AUDIT_JSON {"tensor":"blk.23.attn_v.weight","output":"Vcur-23","dtype":"f16","m":64,"k":1536,"n":256,"sample_m":2,"sample_n":16,"relative_l2":0.000564712047,"max_abs":0.00278567476,"nonfinite_count":0,"pass":true,"divergence_ordinal":1}
MODEL_MATMUL_AUDIT_JSON {"tensor":"blk.23.attn_output.weight","output":"kqv_out-23","dtype":"f16","m":64,"k":1536,"n":1536,"sample_m":2,"sample_n":16,"relative_l2":0.000526940105,"max_abs":0.00052659947,"nonfinite_count":0,"pass":true,"divergence_ordinal":1}
MODEL_MATMUL_AUDIT_JSON {"tensor":"blk.23.ffn_gate.weight","output":"ffn_gate-23","dtype":"f16","m":64,"k":1536,"n":8960,"sample_m":2,"sample_n":16,"relative_l2":0.000384824871,"max_abs":0.00248649693,"nonfinite_count":0,"pass":true,"divergence_ordinal":1}
MODEL_MATMUL_AUDIT_JSON {"tensor":"blk.23.ffn_up.weight","output":"ffn_up-23","dtype":"f16","m":64,"k":1536,"n":8960,"sample_m":2,"sample_n":16,"relative_l2":0.000527479054,"max_abs":0.00121925049,"nonfinite_count":0,"pass":true,"divergence_ordinal":1}
MODEL_MATMUL_AUDIT_JSON {"tensor":"blk.23.ffn_down.weight","output":"ffn_out-23","dtype":"f16","m":64,"k":8960,"n":1536,"sample_m":2,"sample_n":16,"relative_l2":0.000588347645,"max_abs":0.00210940558,"nonfinite_count":0,"pass":true,"divergence_ordinal":1}
MODEL_MATMUL_AUDIT_JSON {"tensor":"blk.24.attn_q.weight","output":"Qcur-24","dtype":"f16","m":64,"k":1536,"n":1536,"sample_m":2,"sample_n":16,"relative_l2":0.000626051244,"max_abs":0.00193724339,"nonfinite_count":0,"pass":true,"divergence_ordinal":1}
MODEL_MATMUL_AUDIT_JSON {"tensor":"blk.24.attn_k.weight","output":"Kcur-24","dtype":"f16","m":64,"k":1536,"n":256,"sample_m":2,"sample_n":16,"relative_l2":0.000687526311,"max_abs":0.00229979423,"nonfinite_count":0,"pass":true,"divergence_ordinal":1}
MODEL_MATMUL_AUDIT_JSON {"tensor":"blk.24.attn_v.weight","output":"Vcur-24","dtype":"f16","m":64,"k":1536,"n":256,"sample_m":2,"sample_n":16,"relative_l2":0.000570029906,"max_abs":0.00235742889,"nonfinite_count":0,"pass":true,"divergence_ordinal":1}
MODEL_MATMUL_AUDIT_JSON {"tensor":"blk.24.attn_output.weight","output":"kqv_out-24","dtype":"f16","m":64,"k":1536,"n":1536,"sample_m":2,"sample_n":16,"relative_l2":0.000480535986,"max_abs":0.00110940158,"nonfinite_count":0,"pass":true,"divergence_ordinal":1}
MODEL_MATMUL_AUDIT_JSON {"tensor":"blk.24.ffn_gate.weight","output":"ffn_gate-24","dtype":"f16","m":64,"k":1536,"n":8960,"sample_m":2,"sample_n":16,"relative_l2":0.000489630476,"max_abs":0.00141429564,"nonfinite_count":0,"pass":true,"divergence_ordinal":1}
MODEL_MATMUL_AUDIT_JSON {"tensor":"blk.24.ffn_up.weight","output":"ffn_up-24","dtype":"f16","m":64,"k":1536,"n":8960,"sample_m":2,"sample_n":16,"relative_l2":0.000629222834,"max_abs":0.00211213343,"nonfinite_count":0,"pass":true,"divergence_ordinal":1}
MODEL_MATMUL_AUDIT_JSON {"tensor":"blk.24.ffn_down.weight","output":"ffn_out-24","dtype":"f16","m":64,"k":8960,"n":1536,"sample_m":2,"sample_n":16,"relative_l2":0.000619040599,"max_abs":0.00168051594,"nonfinite_count":0,"pass":true,"divergence_ordinal":1}
MODEL_MATMUL_AUDIT_JSON {"tensor":"blk.25.attn_q.weight","output":"Qcur-25","dtype":"f16","m":64,"k":1536,"n":1536,"sample_m":2,"sample_n":16,"relative_l2":0.000502015951,"max_abs":0.000794737949,"nonfinite_count":0,"pass":true,"divergence_ordinal":1}
MODEL_MATMUL_AUDIT_JSON {"tensor":"blk.25.attn_k.weight","output":"Kcur-25","dtype":"f16","m":64,"k":1536,"n":256,"sample_m":2,"sample_n":16,"relative_l2":0.000523433182,"max_abs":0.0012538305,"nonfinite_count":0,"pass":true,"divergence_ordinal":1}
MODEL_MATMUL_AUDIT_JSON {"tensor":"blk.25.attn_v.weight","output":"Vcur-25","dtype":"f16","m":64,"k":1536,"n":256,"sample_m":2,"sample_n":16,"relative_l2":0.000685799006,"max_abs":0.00543977972,"nonfinite_count":0,"pass":true,"divergence_ordinal":1}
MODEL_MATMUL_AUDIT_JSON {"tensor":"blk.25.attn_output.weight","output":"kqv_out-25","dtype":"f16","m":64,"k":1536,"n":1536,"sample_m":2,"sample_n":16,"relative_l2":0.176354181,"max_abs":5309.95068,"nonfinite_count":0,"pass":false,"divergence_ordinal":2}
MODEL_MATMUL_AUDIT_JSON {"tensor":"blk.25.ffn_gate.weight","output":"ffn_gate-25","dtype":"f16","m":64,"k":1536,"n":8960,"sample_m":2,"sample_n":16,"relative_l2":0.000705178197,"max_abs":0.00231996714,"nonfinite_count":0,"pass":true,"divergence_ordinal":2}
MODEL_MATMUL_AUDIT_JSON {"tensor":"blk.25.ffn_up.weight","output":"ffn_up-25","dtype":"f16","m":64,"k":1536,"n":8960,"sample_m":2,"sample_n":16,"relative_l2":0.000714166869,"max_abs":0.00355287478,"nonfinite_count":0,"pass":true,"divergence_ordinal":2}
MODEL_MATMUL_AUDIT_JSON {"tensor":"blk.25.ffn_down.weight","output":"ffn_out-25","dtype":"f16","m":64,"k":8960,"n":1536,"sample_m":2,"sample_n":16,"relative_l2":0.000534679189,"max_abs":0.032310009,"nonfinite_count":0,"pass":true,"divergence_ordinal":2}
MODEL_MATMUL_AUDIT_JSON {"tensor":"blk.26.attn_q.weight","output":"Qcur-26","dtype":"f16","m":64,"k":1536,"n":1536,"sample_m":2,"sample_n":16,"relative_l2":0.000628451818,"max_abs":0.00106124929,"nonfinite_count":0,"pass":true,"divergence_ordinal":2}
MODEL_MATMUL_AUDIT_JSON {"tensor":"blk.26.attn_k.weight","output":"Kcur-26","dtype":"f16","m":64,"k":1536,"n":256,"sample_m":2,"sample_n":16,"relative_l2":0.00064819748,"max_abs":0.000404516148,"nonfinite_count":0,"pass":true,"divergence_ordinal":2}
MODEL_MATMUL_AUDIT_JSON {"tensor":"blk.26.attn_v.weight","output":"Vcur-26","dtype":"f16","m":64,"k":1536,"n":256,"sample_m":2,"sample_n":16,"relative_l2":0.000782753721,"max_abs":0.00240110233,"nonfinite_count":0,"pass":true,"divergence_ordinal":2}
MODEL_MATMUL_AUDIT_JSON {"tensor":"blk.26.attn_output.weight","output":"kqv_out-26","dtype":"f16","m":64,"k":1536,"n":1536,"sample_m":2,"sample_n":16,"relative_l2":0.000336681825,"max_abs":0.187634826,"nonfinite_count":0,"pass":true,"divergence_ordinal":2}
MODEL_MATMUL_AUDIT_JSON {"tensor":"blk.26.ffn_gate.weight","output":"ffn_gate-26","dtype":"f16","m":64,"k":1536,"n":8960,"sample_m":2,"sample_n":16,"relative_l2":0.000822197729,"max_abs":0.000792736653,"nonfinite_count":0,"pass":true,"divergence_ordinal":2}
MODEL_MATMUL_AUDIT_JSON {"tensor":"blk.26.ffn_up.weight","output":"ffn_up-26","dtype":"f16","m":64,"k":1536,"n":8960,"sample_m":2,"sample_n":16,"relative_l2":0.000842657417,"max_abs":0.00166061218,"nonfinite_count":0,"pass":true,"divergence_ordinal":2}
MODEL_MATMUL_AUDIT_JSON {"tensor":"blk.26.ffn_down.weight","output":"ffn_out-26","dtype":"f16","m":64,"k":8960,"n":1536,"sample_m":2,"sample_n":16,"relative_l2":0.000659814839,"max_abs":0.0416886955,"nonfinite_count":0,"pass":true,"divergence_ordinal":2}
MODEL_MATMUL_AUDIT_JSON {"tensor":"blk.27.attn_q.weight","output":"Qcur-27","dtype":"f16","m":64,"k":1536,"n":1536,"sample_m":2,"sample_n":16,"relative_l2":0.000718430921,"max_abs":0.000837075757,"nonfinite_count":0,"pass":true,"divergence_ordinal":2}
MODEL_MATMUL_AUDIT_JSON {"tensor":"blk.27.attn_k.weight","output":"Kcur-27","dtype":"f16","m":64,"k":1536,"n":256,"sample_m":2,"sample_n":16,"relative_l2":0.000681278057,"max_abs":0.000283199595,"nonfinite_count":0,"pass":true,"divergence_ordinal":2}
MODEL_MATMUL_AUDIT_JSON {"tensor":"blk.27.attn_v.weight","output":"Vcur-27","dtype":"f16","m":64,"k":1536,"n":256,"sample_m":2,"sample_n":16,"relative_l2":0.000703291538,"max_abs":0.00187169772,"nonfinite_count":0,"pass":true,"divergence_ordinal":2}
MODEL_MATMUL_AUDIT_JSON {"tensor":"blk.27.attn_output.weight","output":"kqv_out-27","dtype":"f16","m":64,"k":1536,"n":1536,"sample_m":2,"sample_n":16,"relative_l2":0.00049103327,"max_abs":0.09289857,"nonfinite_count":0,"pass":true,"divergence_ordinal":2}
MODEL_MATMUL_AUDIT_JSON {"tensor":"blk.0.attn_q.weight","output":"Qcur-0","dtype":"f16","m":64,"k":1536,"n":1536,"sample_m":2,"sample_n":16,"relative_l2":0.000481872207,"max_abs":0.000581646862,"nonfinite_count":0,"pass":true,"divergence_ordinal":2}
MODEL_MATMUL_AUDIT_JSON {"tensor":"blk.0.attn_k.weight","output":"Kcur-0","dtype":"f16","m":64,"k":1536,"n":256,"sample_m":2,"sample_n":16,"relative_l2":0.00059884517,"max_abs":0.00207846193,"nonfinite_count":0,"pass":true,"divergence_ordinal":2}
MODEL_MATMUL_AUDIT_JSON {"tensor":"blk.0.attn_v.weight","output":"Vcur-0","dtype":"f16","m":64,"k":1536,"n":256,"sample_m":2,"sample_n":16,"relative_l2":0.00075999256,"max_abs":0.000621992163,"nonfinite_count":0,"pass":true,"divergence_ordinal":2}
MODEL_MATMUL_AUDIT_JSON {"tensor":"blk.0.attn_output.weight","output":"kqv_out-0","dtype":"f16","m":64,"k":1536,"n":1536,"sample_m":2,"sample_n":16,"relative_l2":0.000720351975,"max_abs":0.000273951417,"nonfinite_count":0,"pass":true,"divergence_ordinal":2}
MODEL_MATMUL_AUDIT_JSON {"tensor":"blk.0.ffn_gate.weight","output":"ffn_gate-0","dtype":"f16","m":64,"k":1536,"n":8960,"sample_m":2,"sample_n":16,"relative_l2":0.000727622345,"max_abs":0.00162278395,"nonfinite_count":0,"pass":true,"divergence_ordinal":2}
MODEL_MATMUL_AUDIT_JSON {"tensor":"blk.0.ffn_up.weight","output":"ffn_up-0","dtype":"f16","m":64,"k":1536,"n":8960,"sample_m":2,"sample_n":16,"relative_l2":0.000584748067,"max_abs":0.000481017254,"nonfinite_count":0,"pass":true,"divergence_ordinal":2}
MODEL_MATMUL_AUDIT_JSON {"tensor":"blk.0.ffn_down.weight","output":"ffn_out-0","dtype":"f16","m":64,"k":8960,"n":1536,"sample_m":2,"sample_n":16,"relative_l2":0.000781689047,"max_abs":0.00134417578,"nonfinite_count":0,"pass":true,"divergence_ordinal":2}
MODEL_MATMUL_AUDIT_JSON {"tensor":"blk.1.attn_q.weight","output":"Qcur-1","dtype":"f16","m":64,"k":1536,"n":1536,"sample_m":2,"sample_n":16,"relative_l2":0.000718614819,"max_abs":0.00254337909,"nonfinite_count":0,"pass":true,"divergence_ordinal":2}
MODEL_MATMUL_AUDIT_JSON {"tensor":"blk.1.attn_k.weight","output":"Kcur-1","dtype":"f16","m":64,"k":1536,"n":256,"sample_m":2,"sample_n":16,"relative_l2":0.000353671403,"max_abs":0.00141056802,"nonfinite_count":0,"pass":true,"divergence_ordinal":2}
MODEL_MATMUL_AUDIT_JSON {"tensor":"blk.1.attn_v.weight","output":"Vcur-1","dtype":"f16","m":64,"k":1536,"n":256,"sample_m":2,"sample_n":16,"relative_l2":0.000644075247,"max_abs":0.000673076604,"nonfinite_count":0,"pass":true,"divergence_ordinal":2}
MODEL_MATMUL_AUDIT_JSON {"tensor":"blk.1.attn_output.weight","output":"kqv_out-1","dtype":"f16","m":64,"k":1536,"n":1536,"sample_m":2,"sample_n":16,"relative_l2":0.000400093467,"max_abs":9.4511779e-05,"nonfinite_count":0,"pass":true,"divergence_ordinal":2}
MODEL_MATMUL_AUDIT_JSON {"tensor":"blk.1.ffn_gate.weight","output":"ffn_gate-1","dtype":"f16","m":64,"k":1536,"n":8960,"sample_m":2,"sample_n":16,"relative_l2":0.000633357423,"max_abs":0.00612574676,"nonfinite_count":0,"pass":true,"divergence_ordinal":2}
MODEL_MATMUL_AUDIT_JSON {"tensor":"blk.1.ffn_up.weight","output":"ffn_up-1","dtype":"f16","m":64,"k":1536,"n":8960,"sample_m":2,"sample_n":16,"relative_l2":0.000604902971,"max_abs":0.00321976957,"nonfinite_count":0,"pass":true,"divergence_ordinal":2}
MODEL_MATMUL_AUDIT_JSON {"tensor":"blk.1.ffn_down.weight","output":"ffn_out-1","dtype":"f16","m":64,"k":8960,"n":1536,"sample_m":2,"sample_n":16,"relative_l2":0.000638041402,"max_abs":0.00153400924,"nonfinite_count":0,"pass":true,"divergence_ordinal":2}
MODEL_MATMUL_AUDIT_JSON {"tensor":"blk.2.attn_q.weight","output":"Qcur-2","dtype":"f16","m":64,"k":1536,"n":1536,"sample_m":2,"sample_n":16,"relative_l2":0.000631334905,"max_abs":0.00183785101,"nonfinite_count":0,"pass":true,"divergence_ordinal":2}
MODEL_MATMUL_AUDIT_JSON {"tensor":"blk.2.attn_k.weight","output":"Kcur-2","dtype":"f16","m":64,"k":1536,"n":256,"sample_m":2,"sample_n":16,"relative_l2":0.000507264125,"max_abs":0.000657914381,"nonfinite_count":0,"pass":true,"divergence_ordinal":2}
MODEL_MATMUL_AUDIT_JSON {"tensor":"blk.2.attn_v.weight","output":"Vcur-2","dtype":"f16","m":64,"k":1536,"n":256,"sample_m":2,"sample_n":16,"relative_l2":0.000455533547,"max_abs":0.000913832861,"nonfinite_count":0,"pass":true,"divergence_ordinal":2}
MODEL_MATMUL_AUDIT_JSON {"tensor":"blk.2.attn_output.weight","output":"kqv_out-2","dtype":"f16","m":64,"k":1536,"n":1536,"sample_m":2,"sample_n":16,"relative_l2":0.00061806798,"max_abs":0.000214378815,"nonfinite_count":0,"pass":true,"divergence_ordinal":2}
MODEL_MATMUL_AUDIT_JSON {"tensor":"blk.2.ffn_gate.weight","output":"ffn_gate-2","dtype":"f16","m":64,"k":1536,"n":8960,"sample_m":2,"sample_n":16,"relative_l2":0.000560730142,"max_abs":0.00474140421,"nonfinite_count":0,"pass":true,"divergence_ordinal":2}
MODEL_MATMUL_AUDIT_JSON {"tensor":"blk.2.ffn_up.weight","output":"ffn_up-2","dtype":"f16","m":64,"k":1536,"n":8960,"sample_m":2,"sample_n":16,"relative_l2":0.000441221849,"max_abs":0.0011507587,"nonfinite_count":0,"pass":true,"divergence_ordinal":2}
MODEL_MATMUL_AUDIT_JSON {"tensor":"blk.2.ffn_down.weight","output":"ffn_out-2","dtype":"f16","m":64,"k":8960,"n":1536,"sample_m":2,"sample_n":16,"relative_l2":0.000492550071,"max_abs":0.000561490422,"nonfinite_count":0,"pass":true,"divergence_ordinal":2}
MODEL_MATMUL_AUDIT_JSON {"tensor":"blk.3.attn_q.weight","output":"Qcur-3","dtype":"f16","m":64,"k":1536,"n":1536,"sample_m":2,"sample_n":16,"relative_l2":0.000437788724,"max_abs":0.00165743183,"nonfinite_count":0,"pass":true,"divergence_ordinal":2}
MODEL_MATMUL_AUDIT_JSON {"tensor":"blk.3.attn_k.weight","output":"Kcur-3","dtype":"f16","m":64,"k":1536,"n":256,"sample_m":2,"sample_n":16,"relative_l2":0.000712326267,"max_abs":0.00254215836,"nonfinite_count":0,"pass":true,"divergence_ordinal":2}
MODEL_MATMUL_AUDIT_JSON {"tensor":"blk.3.attn_v.weight","output":"Vcur-3","dtype":"f16","m":64,"k":1536,"n":256,"sample_m":2,"sample_n":16,"relative_l2":0.00048887789,"max_abs":0.00139682763,"nonfinite_count":0,"pass":true,"divergence_ordinal":2}
MODEL_MATMUL_AUDIT_JSON {"tensor":"blk.3.attn_output.weight","output":"kqv_out-3","dtype":"f16","m":64,"k":1536,"n":1536,"sample_m":2,"sample_n":16,"relative_l2":0.000475892964,"max_abs":0.000135127964,"nonfinite_count":0,"pass":true,"divergence_ordinal":2}
MODEL_MATMUL_AUDIT_JSON {"tensor":"blk.3.ffn_gate.weight","output":"ffn_gate-3","dtype":"f16","m":64,"k":1536,"n":8960,"sample_m":2,"sample_n":16,"relative_l2":0.000438660643,"max_abs":0.00331305037,"nonfinite_count":0,"pass":true,"divergence_ordinal":2}
MODEL_MATMUL_AUDIT_JSON {"tensor":"blk.3.ffn_up.weight","output":"ffn_up-3","dtype":"f16","m":64,"k":1536,"n":8960,"sample_m":2,"sample_n":16,"relative_l2":0.000719396989,"max_abs":0.00236927788,"nonfinite_count":0,"pass":true,"divergence_ordinal":2}
MODEL_MATMUL_AUDIT_JSON {"tensor":"blk.3.ffn_down.weight","output":"ffn_out-3","dtype":"f16","m":64,"k":8960,"n":1536,"sample_m":2,"sample_n":16,"relative_l2":0.000780114919,"max_abs":0.00119110581,"nonfinite_count":0,"pass":true,"divergence_ordinal":2}
MODEL_MATMUL_AUDIT_JSON {"tensor":"blk.4.attn_q.weight","output":"Qcur-4","dtype":"f16","m":64,"k":1536,"n":1536,"sample_m":2,"sample_n":16,"relative_l2":0.000496088385,"max_abs":0.000691084075,"nonfinite_count":0,"pass":true,"divergence_ordinal":2}
MODEL_MATMUL_AUDIT_JSON {"tensor":"blk.4.attn_k.weight","output":"Kcur-4","dtype":"f16","m":64,"k":1536,"n":256,"sample_m":2,"sample_n":16,"relative_l2":0.000535735913,"max_abs":0.00157860445,"nonfinite_count":0,"pass":true,"divergence_ordinal":2}
MODEL_MATMUL_AUDIT_JSON {"tensor":"blk.4.attn_v.weight","output":"Vcur-4","dtype":"f16","m":64,"k":1536,"n":256,"sample_m":2,"sample_n":16,"relative_l2":0.000615388354,"max_abs":0.0016855119,"nonfinite_count":0,"pass":true,"divergence_ordinal":2}
MODEL_MATMUL_AUDIT_JSON {"tensor":"blk.4.attn_output.weight","output":"kqv_out-4","dtype":"f16","m":64,"k":1536,"n":1536,"sample_m":2,"sample_n":16,"relative_l2":0.000378905162,"max_abs":3.0374058e-05,"nonfinite_count":0,"pass":true,"divergence_ordinal":2}
MODEL_MATMUL_AUDIT_JSON {"tensor":"blk.4.ffn_gate.weight","output":"ffn_gate-4","dtype":"f16","m":64,"k":1536,"n":8960,"sample_m":2,"sample_n":16,"relative_l2":0.000617815209,"max_abs":0.00241005165,"nonfinite_count":0,"pass":true,"divergence_ordinal":2}
MODEL_MATMUL_AUDIT_JSON {"tensor":"blk.4.ffn_up.weight","output":"ffn_up-4","dtype":"f16","m":64,"k":1536,"n":8960,"sample_m":2,"sample_n":16,"relative_l2":0.000633562811,"max_abs":0.0020867507,"nonfinite_count":0,"pass":true,"divergence_ordinal":2}
MODEL_MATMUL_AUDIT_JSON {"tensor":"blk.4.ffn_down.weight","output":"ffn_out-4","dtype":"f16","m":64,"k":8960,"n":1536,"sample_m":2,"sample_n":16,"relative_l2":0.000852626,"max_abs":0.00140196783,"nonfinite_count":0,"pass":true,"divergence_ordinal":2}
MODEL_MATMUL_AUDIT_JSON {"tensor":"blk.5.attn_q.weight","output":"Qcur-5","dtype":"f16","m":64,"k":1536,"n":1536,"sample_m":2,"sample_n":16,"relative_l2":0.00052064179,"max_abs":0.00117453514,"nonfinite_count":0,"pass":true,"divergence_ordinal":2}
MODEL_MATMUL_AUDIT_JSON {"tensor":"blk.5.attn_k.weight","output":"Kcur-5","dtype":"f16","m":64,"k":1536,"n":256,"sample_m":2,"sample_n":16,"relative_l2":0.000418049316,"max_abs":0.000982200145,"nonfinite_count":0,"pass":true,"divergence_ordinal":2}
MODEL_MATMUL_AUDIT_JSON {"tensor":"blk.5.attn_v.weight","output":"Vcur-5","dtype":"f16","m":64,"k":1536,"n":256,"sample_m":2,"sample_n":16,"relative_l2":0.000480175515,"max_abs":0.0011556081,"nonfinite_count":0,"pass":true,"divergence_ordinal":2}
MODEL_MATMUL_AUDIT_JSON {"tensor":"blk.5.attn_output.weight","output":"kqv_out-5","dtype":"f16","m":64,"k":1536,"n":1536,"sample_m":2,"sample_n":16,"relative_l2":0.000604438982,"max_abs":0.000259592518,"nonfinite_count":0,"pass":true,"divergence_ordinal":2}
MODEL_MATMUL_AUDIT_JSON {"tensor":"blk.5.ffn_gate.weight","output":"ffn_gate-5","dtype":"f16","m":64,"k":1536,"n":8960,"sample_m":2,"sample_n":16,"relative_l2":0.000628999921,"max_abs":0.00579281384,"nonfinite_count":0,"pass":true,"divergence_ordinal":2}
MODEL_MATMUL_AUDIT_JSON {"tensor":"blk.5.ffn_up.weight","output":"ffn_up-5","dtype":"f16","m":64,"k":1536,"n":8960,"sample_m":2,"sample_n":16,"relative_l2":0.000628050675,"max_abs":0.00223840075,"nonfinite_count":0,"pass":true,"divergence_ordinal":2}
MODEL_MATMUL_AUDIT_JSON {"tensor":"blk.5.ffn_down.weight","output":"ffn_out-5","dtype":"f16","m":64,"k":8960,"n":1536,"sample_m":2,"sample_n":16,"relative_l2":0.000524037458,"max_abs":0.000797008222,"nonfinite_count":0,"pass":true,"divergence_ordinal":2}
MODEL_MATMUL_AUDIT_JSON {"tensor":"blk.6.attn_q.weight","output":"Qcur-6","dtype":"f16","m":64,"k":1536,"n":1536,"sample_m":2,"sample_n":16,"relative_l2":0.000538237915,"max_abs":0.00147843442,"nonfinite_count":0,"pass":true,"divergence_ordinal":2}
MODEL_MATMUL_AUDIT_JSON {"tensor":"blk.6.attn_k.weight","output":"Kcur-6","dtype":"f16","m":64,"k":1536,"n":256,"sample_m":2,"sample_n":16,"relative_l2":0.000606300587,"max_abs":0.00142665929,"nonfinite_count":0,"pass":true,"divergence_ordinal":2}
MODEL_MATMUL_AUDIT_JSON {"tensor":"blk.6.attn_v.weight","output":"Vcur-6","dtype":"f16","m":64,"k":1536,"n":256,"sample_m":2,"sample_n":16,"relative_l2":0.000514579651,"max_abs":0.00145138102,"nonfinite_count":0,"pass":true,"divergence_ordinal":2}
MODEL_MATMUL_AUDIT_JSON {"tensor":"blk.6.attn_output.weight","output":"kqv_out-6","dtype":"f16","m":64,"k":1536,"n":1536,"sample_m":2,"sample_n":16,"relative_l2":0.00054458274,"max_abs":0.000101231934,"nonfinite_count":0,"pass":true,"divergence_ordinal":2}
MODEL_MATMUL_AUDIT_JSON {"tensor":"blk.6.ffn_gate.weight","output":"ffn_gate-6","dtype":"f16","m":64,"k":1536,"n":8960,"sample_m":2,"sample_n":16,"relative_l2":0.000465773295,"max_abs":0.0015514089,"nonfinite_count":0,"pass":true,"divergence_ordinal":2}
MODEL_MATMUL_AUDIT_JSON {"tensor":"blk.6.ffn_up.weight","output":"ffn_up-6","dtype":"f16","m":64,"k":1536,"n":8960,"sample_m":2,"sample_n":16,"relative_l2":0.000698131045,"max_abs":0.00153004774,"nonfinite_count":0,"pass":true,"divergence_ordinal":2}
MODEL_MATMUL_AUDIT_JSON {"tensor":"blk.6.ffn_down.weight","output":"ffn_out-6","dtype":"f16","m":64,"k":8960,"n":1536,"sample_m":2,"sample_n":16,"relative_l2":0.000531673607,"max_abs":0.000882633845,"nonfinite_count":0,"pass":true,"divergence_ordinal":2}
MODEL_MATMUL_AUDIT_JSON {"tensor":"blk.7.attn_q.weight","output":"Qcur-7","dtype":"f16","m":64,"k":1536,"n":1536,"sample_m":2,"sample_n":16,"relative_l2":0.000420575312,"max_abs":0.000589673291,"nonfinite_count":0,"pass":true,"divergence_ordinal":2}
MODEL_MATMUL_AUDIT_JSON {"tensor":"blk.7.attn_k.weight","output":"Kcur-7","dtype":"f16","m":64,"k":1536,"n":256,"sample_m":2,"sample_n":16,"relative_l2":0.000515748123,"max_abs":0.00213315245,"nonfinite_count":0,"pass":true,"divergence_ordinal":2}
MODEL_MATMUL_AUDIT_JSON {"tensor":"blk.7.attn_v.weight","output":"Vcur-7","dtype":"f16","m":64,"k":1536,"n":256,"sample_m":2,"sample_n":16,"relative_l2":0.00087403105,"max_abs":0.00156646315,"nonfinite_count":0,"pass":true,"divergence_ordinal":2}
MODEL_MATMUL_AUDIT_JSON {"tensor":"blk.7.attn_output.weight","output":"kqv_out-7","dtype":"f16","m":64,"k":1536,"n":1536,"sample_m":2,"sample_n":16,"relative_l2":0.000685282576,"max_abs":0.000353981537,"nonfinite_count":0,"pass":true,"divergence_ordinal":2}
MODEL_MATMUL_AUDIT_JSON {"tensor":"blk.7.ffn_gate.weight","output":"ffn_gate-7","dtype":"f16","m":64,"k":1536,"n":8960,"sample_m":2,"sample_n":16,"relative_l2":0.000555981517,"max_abs":0.0011798332,"nonfinite_count":0,"pass":true,"divergence_ordinal":2}
MODEL_MATMUL_AUDIT_JSON {"tensor":"blk.7.ffn_up.weight","output":"ffn_up-7","dtype":"f16","m":64,"k":1536,"n":8960,"sample_m":2,"sample_n":16,"relative_l2":0.000515173171,"max_abs":0.000724681595,"nonfinite_count":0,"pass":true,"divergence_ordinal":2}
MODEL_MATMUL_AUDIT_JSON {"tensor":"blk.7.ffn_down.weight","output":"ffn_out-7","dtype":"f16","m":64,"k":8960,"n":1536,"sample_m":2,"sample_n":16,"relative_l2":0.00060292126,"max_abs":0.000746508362,"nonfinite_count":0,"pass":true,"divergence_ordinal":2}
MODEL_MATMUL_AUDIT_JSON {"tensor":"blk.8.attn_q.weight","output":"Qcur-8","dtype":"f16","m":64,"k":1536,"n":1536,"sample_m":2,"sample_n":16,"relative_l2":0.000573287378,"max_abs":0.00142891065,"nonfinite_count":0,"pass":true,"divergence_ordinal":2}
MODEL_MATMUL_AUDIT_JSON {"tensor":"blk.8.attn_k.weight","output":"Kcur-8","dtype":"f16","m":64,"k":1536,"n":256,"sample_m":2,"sample_n":16,"relative_l2":0.000565652684,"max_abs":0.00127737434,"nonfinite_count":0,"pass":true,"divergence_ordinal":2}
MODEL_MATMUL_AUDIT_JSON {"tensor":"blk.8.attn_v.weight","output":"Vcur-8","dtype":"f16","m":64,"k":1536,"n":256,"sample_m":2,"sample_n":16,"relative_l2":0.000595983456,"max_abs":0.00139891915,"nonfinite_count":0,"pass":true,"divergence_ordinal":2}
MODEL_MATMUL_AUDIT_JSON {"tensor":"blk.8.attn_output.weight","output":"kqv_out-8","dtype":"f16","m":64,"k":1536,"n":1536,"sample_m":2,"sample_n":16,"relative_l2":0.000644442714,"max_abs":0.000138445714,"nonfinite_count":0,"pass":true,"divergence_ordinal":2}
MODEL_MATMUL_AUDIT_JSON {"tensor":"blk.8.ffn_gate.weight","output":"ffn_gate-8","dtype":"f16","m":64,"k":1536,"n":8960,"sample_m":2,"sample_n":16,"relative_l2":0.000573472491,"max_abs":0.00184689299,"nonfinite_count":0,"pass":true,"divergence_ordinal":2}
MODEL_MATMUL_AUDIT_JSON {"tensor":"blk.8.ffn_up.weight","output":"ffn_up-8","dtype":"f16","m":64,"k":1536,"n":8960,"sample_m":2,"sample_n":16,"relative_l2":0.000687793515,"max_abs":0.00114734948,"nonfinite_count":0,"pass":true,"divergence_ordinal":2}
MODEL_MATMUL_AUDIT_JSON {"tensor":"blk.8.ffn_down.weight","output":"ffn_out-8","dtype":"f16","m":64,"k":8960,"n":1536,"sample_m":2,"sample_n":16,"relative_l2":0.000487236141,"max_abs":0.000689481734,"nonfinite_count":0,"pass":true,"divergence_ordinal":2}
MODEL_MATMUL_AUDIT_JSON {"tensor":"blk.9.attn_q.weight","output":"Qcur-9","dtype":"f16","m":64,"k":1536,"n":1536,"sample_m":2,"sample_n":16,"relative_l2":0.000510110812,"max_abs":0.00100044254,"nonfinite_count":0,"pass":true,"divergence_ordinal":2}
MODEL_MATMUL_AUDIT_JSON {"tensor":"blk.9.attn_k.weight","output":"Kcur-9","dtype":"f16","m":64,"k":1536,"n":256,"sample_m":2,"sample_n":16,"relative_l2":0.00056840124,"max_abs":0.00153635512,"nonfinite_count":0,"pass":true,"divergence_ordinal":2}
MODEL_MATMUL_AUDIT_JSON {"tensor":"blk.9.attn_v.weight","output":"Vcur-9","dtype":"f16","m":64,"k":1536,"n":256,"sample_m":2,"sample_n":16,"relative_l2":0.000580061501,"max_abs":0.00104115764,"nonfinite_count":0,"pass":true,"divergence_ordinal":2}
MODEL_MATMUL_AUDIT_JSON {"tensor":"blk.9.attn_output.weight","output":"kqv_out-9","dtype":"f16","m":64,"k":1536,"n":1536,"sample_m":2,"sample_n":16,"relative_l2":0.000685876836,"max_abs":0.00018090228,"nonfinite_count":0,"pass":true,"divergence_ordinal":2}
MODEL_MATMUL_AUDIT_JSON {"tensor":"blk.9.ffn_gate.weight","output":"ffn_gate-9","dtype":"f16","m":64,"k":1536,"n":8960,"sample_m":2,"sample_n":16,"relative_l2":0.000557311827,"max_abs":0.00123069959,"nonfinite_count":0,"pass":true,"divergence_ordinal":2}
MODEL_MATMUL_AUDIT_JSON {"tensor":"blk.9.ffn_up.weight","output":"ffn_up-9","dtype":"f16","m":64,"k":1536,"n":8960,"sample_m":2,"sample_n":16,"relative_l2":0.000614866465,"max_abs":0.00127605652,"nonfinite_count":0,"pass":true,"divergence_ordinal":2}
MODEL_MATMUL_AUDIT_JSON {"tensor":"blk.9.ffn_down.weight","output":"ffn_out-9","dtype":"f16","m":64,"k":8960,"n":1536,"sample_m":2,"sample_n":16,"relative_l2":0.000452002849,"max_abs":0.00083435257,"nonfinite_count":0,"pass":true,"divergence_ordinal":2}
MODEL_MATMUL_AUDIT_JSON {"tensor":"blk.10.attn_q.weight","output":"Qcur-10","dtype":"f16","m":64,"k":1536,"n":1536,"sample_m":2,"sample_n":16,"relative_l2":0.000760563205,"max_abs":0.00213872339,"nonfinite_count":0,"pass":true,"divergence_ordinal":2}
MODEL_MATMUL_AUDIT_JSON {"tensor":"blk.10.attn_k.weight","output":"Kcur-10","dtype":"f16","m":64,"k":1536,"n":256,"sample_m":2,"sample_n":16,"relative_l2":0.000469586233,"max_abs":0.00167600764,"nonfinite_count":0,"pass":true,"divergence_ordinal":2}
MODEL_MATMUL_AUDIT_JSON {"tensor":"blk.10.attn_v.weight","output":"Vcur-10","dtype":"f16","m":64,"k":1536,"n":256,"sample_m":2,"sample_n":16,"relative_l2":0.000523277201,"max_abs":0.00151566684,"nonfinite_count":0,"pass":true,"divergence_ordinal":2}
MODEL_MATMUL_AUDIT_JSON {"tensor":"blk.10.attn_output.weight","output":"kqv_out-10","dtype":"f16","m":64,"k":1536,"n":1536,"sample_m":2,"sample_n":16,"relative_l2":0.000468124869,"max_abs":0.000162301134,"nonfinite_count":0,"pass":true,"divergence_ordinal":2}
MODEL_MATMUL_AUDIT_JSON {"tensor":"blk.10.ffn_gate.weight","output":"ffn_gate-10","dtype":"f16","m":64,"k":1536,"n":8960,"sample_m":2,"sample_n":16,"relative_l2":0.000548073568,"max_abs":0.00131567789,"nonfinite_count":0,"pass":true,"divergence_ordinal":2}
MODEL_MATMUL_AUDIT_JSON {"tensor":"blk.10.ffn_up.weight","output":"ffn_up-10","dtype":"f16","m":64,"k":1536,"n":8960,"sample_m":2,"sample_n":16,"relative_l2":0.000639445226,"max_abs":0.00115952338,"nonfinite_count":0,"pass":true,"divergence_ordinal":2}
MODEL_MATMUL_AUDIT_JSON {"tensor":"blk.10.ffn_down.weight","output":"ffn_out-10","dtype":"f16","m":64,"k":8960,"n":1536,"sample_m":2,"sample_n":16,"relative_l2":0.000503183685,"max_abs":0.000770221057,"nonfinite_count":0,"pass":true,"divergence_ordinal":2}
MODEL_MATMUL_AUDIT_JSON {"tensor":"blk.11.attn_q.weight","output":"Qcur-11","dtype":"f16","m":64,"k":1536,"n":1536,"sample_m":2,"sample_n":16,"relative_l2":0.000457214496,"max_abs":0.000358388235,"nonfinite_count":0,"pass":true,"divergence_ordinal":2}
MODEL_MATMUL_AUDIT_JSON {"tensor":"blk.11.attn_k.weight","output":"Kcur-11","dtype":"f16","m":64,"k":1536,"n":256,"sample_m":2,"sample_n":16,"relative_l2":0.000500139596,"max_abs":0.00148269546,"nonfinite_count":0,"pass":true,"divergence_ordinal":2}
MODEL_MATMUL_AUDIT_JSON {"tensor":"blk.11.attn_v.weight","output":"Vcur-11","dtype":"f16","m":64,"k":1536,"n":256,"sample_m":2,"sample_n":16,"relative_l2":0.000473137422,"max_abs":0.000507725694,"nonfinite_count":0,"pass":true,"divergence_ordinal":2}
MODEL_MATMUL_AUDIT_JSON {"tensor":"blk.11.attn_output.weight","output":"kqv_out-11","dtype":"f16","m":64,"k":1536,"n":1536,"sample_m":2,"sample_n":16,"relative_l2":0.000506336894,"max_abs":0.000202707932,"nonfinite_count":0,"pass":true,"divergence_ordinal":2}
MODEL_MATMUL_AUDIT_JSON {"tensor":"blk.11.ffn_gate.weight","output":"ffn_gate-11","dtype":"f16","m":64,"k":1536,"n":8960,"sample_m":2,"sample_n":16,"relative_l2":0.000577202287,"max_abs":0.00245586457,"nonfinite_count":0,"pass":true,"divergence_ordinal":2}
MODEL_MATMUL_AUDIT_JSON {"tensor":"blk.11.ffn_up.weight","output":"ffn_up-11","dtype":"f16","m":64,"k":1536,"n":8960,"sample_m":2,"sample_n":16,"relative_l2":0.000443381229,"max_abs":0.000564987946,"nonfinite_count":0,"pass":true,"divergence_ordinal":2}
MODEL_MATMUL_AUDIT_JSON {"tensor":"blk.11.ffn_down.weight","output":"ffn_out-11","dtype":"f16","m":64,"k":8960,"n":1536,"sample_m":2,"sample_n":16,"relative_l2":0.00057086764,"max_abs":0.00104758411,"nonfinite_count":0,"pass":true,"divergence_ordinal":2}
MODEL_MATMUL_AUDIT_JSON {"tensor":"blk.12.attn_q.weight","output":"Qcur-12","dtype":"f16","m":64,"k":1536,"n":1536,"sample_m":2,"sample_n":16,"relative_l2":0.000545906583,"max_abs":0.000499765913,"nonfinite_count":0,"pass":true,"divergence_ordinal":2}
MODEL_MATMUL_AUDIT_JSON {"tensor":"blk.12.attn_k.weight","output":"Kcur-12","dtype":"f16","m":64,"k":1536,"n":256,"sample_m":2,"sample_n":16,"relative_l2":0.000480265522,"max_abs":0.000776593573,"nonfinite_count":0,"pass":true,"divergence_ordinal":2}
MODEL_MATMUL_AUDIT_JSON {"tensor":"blk.12.attn_v.weight","output":"Vcur-12","dtype":"f16","m":64,"k":1536,"n":256,"sample_m":2,"sample_n":16,"relative_l2":0.000602063375,"max_abs":0.00135100493,"nonfinite_count":0,"pass":true,"divergence_ordinal":2}
MODEL_MATMUL_AUDIT_JSON {"tensor":"blk.12.attn_output.weight","output":"kqv_out-12","dtype":"f16","m":64,"k":1536,"n":1536,"sample_m":2,"sample_n":16,"relative_l2":0.000563314937,"max_abs":0.000149936648,"nonfinite_count":0,"pass":true,"divergence_ordinal":2}
MODEL_MATMUL_AUDIT_JSON {"tensor":"blk.12.ffn_gate.weight","output":"ffn_gate-12","dtype":"f16","m":64,"k":1536,"n":8960,"sample_m":2,"sample_n":16,"relative_l2":0.000586814816,"max_abs":0.00130290585,"nonfinite_count":0,"pass":true,"divergence_ordinal":2}
MODEL_MATMUL_AUDIT_JSON {"tensor":"blk.12.ffn_up.weight","output":"ffn_up-12","dtype":"f16","m":64,"k":1536,"n":8960,"sample_m":2,"sample_n":16,"relative_l2":0.000493370152,"max_abs":0.000724418263,"nonfinite_count":0,"pass":true,"divergence_ordinal":2}
MODEL_MATMUL_AUDIT_JSON {"tensor":"blk.12.ffn_down.weight","output":"ffn_out-12","dtype":"f16","m":64,"k":8960,"n":1536,"sample_m":2,"sample_n":16,"relative_l2":0.000557324615,"max_abs":0.000680818805,"nonfinite_count":0,"pass":true,"divergence_ordinal":2}
MODEL_MATMUL_AUDIT_JSON {"tensor":"blk.13.attn_q.weight","output":"Qcur-13","dtype":"f16","m":64,"k":1536,"n":1536,"sample_m":2,"sample_n":16,"relative_l2":0.000562570677,"max_abs":0.00163351686,"nonfinite_count":0,"pass":true,"divergence_ordinal":2}
MODEL_MATMUL_AUDIT_JSON {"tensor":"blk.13.attn_k.weight","output":"Kcur-13","dtype":"f16","m":64,"k":1536,"n":256,"sample_m":2,"sample_n":16,"relative_l2":0.000515709142,"max_abs":0.00127525523,"nonfinite_count":0,"pass":true,"divergence_ordinal":2}
MODEL_MATMUL_AUDIT_JSON {"tensor":"blk.13.attn_v.weight","output":"Vcur-13","dtype":"f16","m":64,"k":1536,"n":256,"sample_m":2,"sample_n":16,"relative_l2":0.000422840163,"max_abs":0.00126455061,"nonfinite_count":0,"pass":true,"divergence_ordinal":2}
MODEL_MATMUL_AUDIT_JSON {"tensor":"blk.13.attn_output.weight","output":"kqv_out-13","dtype":"f16","m":64,"k":1536,"n":1536,"sample_m":2,"sample_n":16,"relative_l2":0.000474059425,"max_abs":0.000125275765,"nonfinite_count":0,"pass":true,"divergence_ordinal":2}
MODEL_MATMUL_AUDIT_JSON {"tensor":"blk.13.ffn_gate.weight","output":"ffn_gate-13","dtype":"f16","m":64,"k":1536,"n":8960,"sample_m":2,"sample_n":16,"relative_l2":0.000483873728,"max_abs":0.000639510807,"nonfinite_count":0,"pass":true,"divergence_ordinal":2}
MODEL_MATMUL_AUDIT_JSON {"tensor":"blk.13.ffn_up.weight","output":"ffn_up-13","dtype":"f16","m":64,"k":1536,"n":8960,"sample_m":2,"sample_n":16,"relative_l2":0.000464434339,"max_abs":0.000628894311,"nonfinite_count":0,"pass":true,"divergence_ordinal":2}
MODEL_MATMUL_AUDIT_JSON {"tensor":"blk.13.ffn_down.weight","output":"ffn_out-13","dtype":"f16","m":64,"k":8960,"n":1536,"sample_m":2,"sample_n":16,"relative_l2":0.00055590263,"max_abs":0.000596860016,"nonfinite_count":0,"pass":true,"divergence_ordinal":2}
MODEL_MATMUL_AUDIT_JSON {"tensor":"blk.14.attn_q.weight","output":"Qcur-14","dtype":"f16","m":64,"k":1536,"n":1536,"sample_m":2,"sample_n":16,"relative_l2":0.000596212313,"max_abs":0.00120001973,"nonfinite_count":0,"pass":true,"divergence_ordinal":2}
MODEL_MATMUL_AUDIT_JSON {"tensor":"blk.14.attn_k.weight","output":"Kcur-14","dtype":"f16","m":64,"k":1536,"n":256,"sample_m":2,"sample_n":16,"relative_l2":0.000577677065,"max_abs":0.000772218744,"nonfinite_count":0,"pass":true,"divergence_ordinal":2}
MODEL_MATMUL_AUDIT_JSON {"tensor":"blk.14.attn_v.weight","output":"Vcur-14","dtype":"f16","m":64,"k":1536,"n":256,"sample_m":2,"sample_n":16,"relative_l2":0.00052572747,"max_abs":0.00136393285,"nonfinite_count":0,"pass":true,"divergence_ordinal":2}
MODEL_MATMUL_AUDIT_JSON {"tensor":"blk.14.attn_output.weight","output":"kqv_out-14","dtype":"f16","m":64,"k":1536,"n":1536,"sample_m":2,"sample_n":16,"relative_l2":0.000590570532,"max_abs":0.000178461589,"nonfinite_count":0,"pass":true,"divergence_ordinal":2}
MODEL_MATMUL_AUDIT_JSON {"tensor":"blk.14.ffn_gate.weight","output":"ffn_gate-14","dtype":"f16","m":64,"k":1536,"n":8960,"sample_m":2,"sample_n":16,"relative_l2":0.000832416084,"max_abs":0.00278066308,"nonfinite_count":0,"pass":true,"divergence_ordinal":2}
MODEL_MATMUL_AUDIT_JSON {"tensor":"blk.14.ffn_up.weight","output":"ffn_up-14","dtype":"f16","m":64,"k":1536,"n":8960,"sample_m":2,"sample_n":16,"relative_l2":0.000673702481,"max_abs":0.00102801458,"nonfinite_count":0,"pass":true,"divergence_ordinal":2}
MODEL_MATMUL_AUDIT_JSON {"tensor":"blk.14.ffn_down.weight","output":"ffn_out-14","dtype":"f16","m":64,"k":8960,"n":1536,"sample_m":2,"sample_n":16,"relative_l2":0.000515519275,"max_abs":0.000511819264,"nonfinite_count":0,"pass":true,"divergence_ordinal":2}
MODEL_MATMUL_AUDIT_JSON {"tensor":"blk.15.attn_q.weight","output":"Qcur-15","dtype":"f16","m":64,"k":1536,"n":1536,"sample_m":2,"sample_n":16,"relative_l2":0.00048859295,"max_abs":0.00100452849,"nonfinite_count":0,"pass":true,"divergence_ordinal":2}
MODEL_MATMUL_AUDIT_JSON {"tensor":"blk.15.attn_k.weight","output":"Kcur-15","dtype":"f16","m":64,"k":1536,"n":256,"sample_m":2,"sample_n":16,"relative_l2":0.000785332718,"max_abs":0.002873322,"nonfinite_count":0,"pass":true,"divergence_ordinal":2}
MODEL_MATMUL_AUDIT_JSON {"tensor":"blk.15.attn_v.weight","output":"Vcur-15","dtype":"f16","m":64,"k":1536,"n":256,"sample_m":2,"sample_n":16,"relative_l2":0.000477365714,"max_abs":0.00083580683,"nonfinite_count":0,"pass":true,"divergence_ordinal":2}
MODEL_MATMUL_AUDIT_JSON {"tensor":"blk.15.attn_output.weight","output":"kqv_out-15","dtype":"f16","m":64,"k":1536,"n":1536,"sample_m":2,"sample_n":16,"relative_l2":0.000477765223,"max_abs":0.000171467604,"nonfinite_count":0,"pass":true,"divergence_ordinal":2}
MODEL_MATMUL_AUDIT_JSON {"tensor":"blk.15.ffn_gate.weight","output":"ffn_gate-15","dtype":"f16","m":64,"k":1536,"n":8960,"sample_m":2,"sample_n":16,"relative_l2":0.000545279009,"max_abs":0.00106866728,"nonfinite_count":0,"pass":true,"divergence_ordinal":2}
MODEL_MATMUL_AUDIT_JSON {"tensor":"blk.15.ffn_up.weight","output":"ffn_up-15","dtype":"f16","m":64,"k":1536,"n":8960,"sample_m":2,"sample_n":16,"relative_l2":0.000475194828,"max_abs":0.000589106348,"nonfinite_count":0,"pass":true,"divergence_ordinal":2}
MODEL_MATMUL_AUDIT_JSON {"tensor":"blk.15.ffn_down.weight","output":"ffn_out-15","dtype":"f16","m":64,"k":8960,"n":1536,"sample_m":2,"sample_n":16,"relative_l2":0.000690450394,"max_abs":0.000829994853,"nonfinite_count":0,"pass":true,"divergence_ordinal":2}
MODEL_MATMUL_AUDIT_JSON {"tensor":"blk.16.attn_q.weight","output":"Qcur-16","dtype":"f16","m":64,"k":1536,"n":1536,"sample_m":2,"sample_n":16,"relative_l2":0.000631949192,"max_abs":0.00130459585,"nonfinite_count":0,"pass":true,"divergence_ordinal":2}
MODEL_MATMUL_AUDIT_JSON {"tensor":"blk.16.attn_k.weight","output":"Kcur-16","dtype":"f16","m":64,"k":1536,"n":256,"sample_m":2,"sample_n":16,"relative_l2":0.00068368401,"max_abs":0.00125995849,"nonfinite_count":0,"pass":true,"divergence_ordinal":2}
MODEL_MATMUL_AUDIT_JSON {"tensor":"blk.16.attn_v.weight","output":"Vcur-16","dtype":"f16","m":64,"k":1536,"n":256,"sample_m":2,"sample_n":16,"relative_l2":0.0005858079,"max_abs":0.0010318812,"nonfinite_count":0,"pass":true,"divergence_ordinal":2}
MODEL_MATMUL_AUDIT_JSON {"tensor":"blk.16.attn_output.weight","output":"kqv_out-16","dtype":"f16","m":64,"k":1536,"n":1536,"sample_m":2,"sample_n":16,"relative_l2":0.000604660435,"max_abs":0.000121913436,"nonfinite_count":0,"pass":true,"divergence_ordinal":2}
MODEL_MATMUL_AUDIT_JSON {"tensor":"blk.16.ffn_gate.weight","output":"ffn_gate-16","dtype":"f16","m":64,"k":1536,"n":8960,"sample_m":2,"sample_n":16,"relative_l2":0.000668482068,"max_abs":0.00252455263,"nonfinite_count":0,"pass":true,"divergence_ordinal":2}
MODEL_MATMUL_AUDIT_JSON {"tensor":"blk.16.ffn_up.weight","output":"ffn_up-16","dtype":"f16","m":64,"k":1536,"n":8960,"sample_m":2,"sample_n":16,"relative_l2":0.000324525494,"max_abs":0.000498472655,"nonfinite_count":0,"pass":true,"divergence_ordinal":2}
MODEL_MATMUL_AUDIT_JSON {"tensor":"blk.16.ffn_down.weight","output":"ffn_out-16","dtype":"f16","m":64,"k":8960,"n":1536,"sample_m":2,"sample_n":16,"relative_l2":0.000684810977,"max_abs":0.000774929358,"nonfinite_count":0,"pass":true,"divergence_ordinal":2}
MODEL_MATMUL_AUDIT_JSON {"tensor":"blk.17.attn_q.weight","output":"Qcur-17","dtype":"f16","m":64,"k":1536,"n":1536,"sample_m":2,"sample_n":16,"relative_l2":0.000497759562,"max_abs":0.00154720643,"nonfinite_count":0,"pass":true,"divergence_ordinal":2}
MODEL_MATMUL_AUDIT_JSON {"tensor":"blk.17.attn_k.weight","output":"Kcur-17","dtype":"f16","m":64,"k":1536,"n":256,"sample_m":2,"sample_n":16,"relative_l2":0.000532113442,"max_abs":0.00103311893,"nonfinite_count":0,"pass":true,"divergence_ordinal":2}
MODEL_MATMUL_AUDIT_JSON {"tensor":"blk.17.attn_v.weight","output":"Vcur-17","dtype":"f16","m":64,"k":1536,"n":256,"sample_m":2,"sample_n":16,"relative_l2":0.000643442469,"max_abs":0.00106765283,"nonfinite_count":0,"pass":true,"divergence_ordinal":2}
MODEL_MATMUL_AUDIT_JSON {"tensor":"blk.17.attn_output.weight","output":"kqv_out-17","dtype":"f16","m":64,"k":1536,"n":1536,"sample_m":2,"sample_n":16,"relative_l2":0.000360009017,"max_abs":0.000151271728,"nonfinite_count":0,"pass":true,"divergence_ordinal":2}
MODEL_MATMUL_AUDIT_JSON {"tensor":"blk.17.ffn_gate.weight","output":"ffn_gate-17","dtype":"f16","m":64,"k":1536,"n":8960,"sample_m":2,"sample_n":16,"relative_l2":0.000624204149,"max_abs":0.00153834338,"nonfinite_count":0,"pass":true,"divergence_ordinal":2}
MODEL_MATMUL_AUDIT_JSON {"tensor":"blk.17.ffn_up.weight","output":"ffn_up-17","dtype":"f16","m":64,"k":1536,"n":8960,"sample_m":2,"sample_n":16,"relative_l2":0.000471420324,"max_abs":0.00117046176,"nonfinite_count":0,"pass":true,"divergence_ordinal":2}
MODEL_MATMUL_AUDIT_JSON {"tensor":"blk.17.ffn_down.weight","output":"ffn_out-17","dtype":"f16","m":64,"k":8960,"n":1536,"sample_m":2,"sample_n":16,"relative_l2":0.000533103298,"max_abs":0.000740411691,"nonfinite_count":0,"pass":true,"divergence_ordinal":2}
MODEL_MATMUL_AUDIT_JSON {"tensor":"blk.18.attn_q.weight","output":"Qcur-18","dtype":"f16","m":64,"k":1536,"n":1536,"sample_m":2,"sample_n":16,"relative_l2":0.000597354573,"max_abs":0.0011431356,"nonfinite_count":0,"pass":true,"divergence_ordinal":2}
MODEL_MATMUL_AUDIT_JSON {"tensor":"blk.18.attn_k.weight","output":"Kcur-18","dtype":"f16","m":64,"k":1536,"n":256,"sample_m":2,"sample_n":16,"relative_l2":0.000674138666,"max_abs":0.00177852868,"nonfinite_count":0,"pass":true,"divergence_ordinal":2}
MODEL_MATMUL_AUDIT_JSON {"tensor":"blk.18.attn_v.weight","output":"Vcur-18","dtype":"f16","m":64,"k":1536,"n":256,"sample_m":2,"sample_n":16,"relative_l2":0.000376648989,"max_abs":0.000677289325,"nonfinite_count":0,"pass":true,"divergence_ordinal":2}
MODEL_MATMUL_AUDIT_JSON {"tensor":"blk.18.attn_output.weight","output":"kqv_out-18","dtype":"f16","m":64,"k":1536,"n":1536,"sample_m":2,"sample_n":16,"relative_l2":0.000366504132,"max_abs":7.00645032e-05,"nonfinite_count":0,"pass":true,"divergence_ordinal":2}
MODEL_MATMUL_AUDIT_JSON {"tensor":"blk.18.ffn_gate.weight","output":"ffn_gate-18","dtype":"f16","m":64,"k":1536,"n":8960,"sample_m":2,"sample_n":16,"relative_l2":0.000513533061,"max_abs":0.00141776761,"nonfinite_count":0,"pass":true,"divergence_ordinal":2}
MODEL_MATMUL_AUDIT_JSON {"tensor":"blk.18.ffn_up.weight","output":"ffn_up-18","dtype":"f16","m":64,"k":1536,"n":8960,"sample_m":2,"sample_n":16,"relative_l2":0.000554624887,"max_abs":0.00120077643,"nonfinite_count":0,"pass":true,"divergence_ordinal":2}
MODEL_MATMUL_AUDIT_JSON {"tensor":"blk.18.ffn_down.weight","output":"ffn_out-18","dtype":"f16","m":64,"k":8960,"n":1536,"sample_m":2,"sample_n":16,"relative_l2":0.000531771779,"max_abs":0.000580311404,"nonfinite_count":0,"pass":true,"divergence_ordinal":2}
MODEL_MATMUL_AUDIT_JSON {"tensor":"blk.19.attn_q.weight","output":"Qcur-19","dtype":"f16","m":64,"k":1536,"n":1536,"sample_m":2,"sample_n":16,"relative_l2":0.000534229451,"max_abs":0.000560746063,"nonfinite_count":0,"pass":true,"divergence_ordinal":2}
MODEL_MATMUL_AUDIT_JSON {"tensor":"blk.19.attn_k.weight","output":"Kcur-19","dtype":"f16","m":64,"k":1536,"n":256,"sample_m":2,"sample_n":16,"relative_l2":0.000558608276,"max_abs":0.000695616298,"nonfinite_count":0,"pass":true,"divergence_ordinal":2}
MODEL_MATMUL_AUDIT_JSON {"tensor":"blk.19.attn_v.weight","output":"Vcur-19","dtype":"f16","m":64,"k":1536,"n":256,"sample_m":2,"sample_n":16,"relative_l2":0.000407200805,"max_abs":0.00145440851,"nonfinite_count":0,"pass":true,"divergence_ordinal":2}
MODEL_MATMUL_AUDIT_JSON {"tensor":"blk.19.attn_output.weight","output":"kqv_out-19","dtype":"f16","m":64,"k":1536,"n":1536,"sample_m":2,"sample_n":16,"relative_l2":0.000492012969,"max_abs":8.61863227e-05,"nonfinite_count":0,"pass":true,"divergence_ordinal":2}
MODEL_MATMUL_AUDIT_JSON {"tensor":"blk.19.ffn_gate.weight","output":"ffn_gate-19","dtype":"f16","m":64,"k":1536,"n":8960,"sample_m":2,"sample_n":16,"relative_l2":0.000487018262,"max_abs":0.000935680058,"nonfinite_count":0,"pass":true,"divergence_ordinal":2}
MODEL_MATMUL_AUDIT_JSON {"tensor":"blk.19.ffn_up.weight","output":"ffn_up-19","dtype":"f16","m":64,"k":1536,"n":8960,"sample_m":2,"sample_n":16,"relative_l2":0.00042719349,"max_abs":0.000711303146,"nonfinite_count":0,"pass":true,"divergence_ordinal":2}
MODEL_MATMUL_AUDIT_JSON {"tensor":"blk.19.ffn_down.weight","output":"ffn_out-19","dtype":"f16","m":64,"k":8960,"n":1536,"sample_m":2,"sample_n":16,"relative_l2":0.00064226969,"max_abs":0.00157886615,"nonfinite_count":0,"pass":true,"divergence_ordinal":2}
MODEL_MATMUL_AUDIT_JSON {"tensor":"blk.20.attn_q.weight","output":"Qcur-20","dtype":"f16","m":64,"k":1536,"n":1536,"sample_m":2,"sample_n":16,"relative_l2":0.000456803936,"max_abs":0.000826839474,"nonfinite_count":0,"pass":true,"divergence_ordinal":2}
MODEL_MATMUL_AUDIT_JSON {"tensor":"blk.20.attn_k.weight","output":"Kcur-20","dtype":"f16","m":64,"k":1536,"n":256,"sample_m":2,"sample_n":16,"relative_l2":0.000471399345,"max_abs":0.000564741902,"nonfinite_count":0,"pass":true,"divergence_ordinal":2}
MODEL_MATMUL_AUDIT_JSON {"tensor":"blk.20.attn_v.weight","output":"Vcur-20","dtype":"f16","m":64,"k":1536,"n":256,"sample_m":2,"sample_n":16,"relative_l2":0.000698073752,"max_abs":0.00193369854,"nonfinite_count":0,"pass":true,"divergence_ordinal":2}
MODEL_MATMUL_AUDIT_JSON {"tensor":"blk.20.attn_output.weight","output":"kqv_out-20","dtype":"f16","m":64,"k":1536,"n":1536,"sample_m":2,"sample_n":16,"relative_l2":0.000490989854,"max_abs":0.000167976919,"nonfinite_count":0,"pass":true,"divergence_ordinal":2}
MODEL_MATMUL_AUDIT_JSON {"tensor":"blk.20.ffn_gate.weight","output":"ffn_gate-20","dtype":"f16","m":64,"k":1536,"n":8960,"sample_m":2,"sample_n":16,"relative_l2":0.000530981154,"max_abs":0.00128192443,"nonfinite_count":0,"pass":true,"divergence_ordinal":2}
MODEL_MATMUL_AUDIT_JSON {"tensor":"blk.20.ffn_up.weight","output":"ffn_up-20","dtype":"f16","m":64,"k":1536,"n":8960,"sample_m":2,"sample_n":16,"relative_l2":0.000707549799,"max_abs":0.00148574077,"nonfinite_count":0,"pass":true,"divergence_ordinal":2}
MODEL_MATMUL_AUDIT_JSON {"tensor":"blk.20.ffn_down.weight","output":"ffn_out-20","dtype":"f16","m":64,"k":8960,"n":1536,"sample_m":2,"sample_n":16,"relative_l2":0.000518759776,"max_abs":0.000758074573,"nonfinite_count":0,"pass":true,"divergence_ordinal":2}
MODEL_MATMUL_AUDIT_JSON {"tensor":"blk.21.attn_q.weight","output":"Qcur-21","dtype":"f16","m":64,"k":1536,"n":1536,"sample_m":2,"sample_n":16,"relative_l2":0.000467933431,"max_abs":0.000418109819,"nonfinite_count":0,"pass":true,"divergence_ordinal":2}
MODEL_MATMUL_AUDIT_JSON {"tensor":"blk.21.attn_k.weight","output":"Kcur-21","dtype":"f16","m":64,"k":1536,"n":256,"sample_m":2,"sample_n":16,"relative_l2":0.000736613365,"max_abs":0.00286447443,"nonfinite_count":0,"pass":true,"divergence_ordinal":2}
MODEL_MATMUL_AUDIT_JSON {"tensor":"blk.21.attn_v.weight","output":"Vcur-21","dtype":"f16","m":64,"k":1536,"n":256,"sample_m":2,"sample_n":16,"relative_l2":0.000383481145,"max_abs":0.000834250008,"nonfinite_count":0,"pass":true,"divergence_ordinal":2}
MODEL_MATMUL_AUDIT_JSON {"tensor":"blk.21.attn_output.weight","output":"kqv_out-21","dtype":"f16","m":64,"k":1536,"n":1536,"sample_m":2,"sample_n":16,"relative_l2":0.000572644117,"max_abs":6.6532928e-05,"nonfinite_count":0,"pass":true,"divergence_ordinal":2}
MODEL_MATMUL_AUDIT_JSON {"tensor":"blk.21.ffn_gate.weight","output":"ffn_gate-21","dtype":"f16","m":64,"k":1536,"n":8960,"sample_m":2,"sample_n":16,"relative_l2":0.000598366644,"max_abs":0.00181910838,"nonfinite_count":0,"pass":true,"divergence_ordinal":2}
MODEL_MATMUL_AUDIT_JSON {"tensor":"blk.21.ffn_up.weight","output":"ffn_up-21","dtype":"f16","m":64,"k":1536,"n":8960,"sample_m":2,"sample_n":16,"relative_l2":0.000640848417,"max_abs":0.0011904469,"nonfinite_count":0,"pass":true,"divergence_ordinal":2}
MODEL_MATMUL_AUDIT_JSON {"tensor":"blk.21.ffn_down.weight","output":"ffn_out-21","dtype":"f16","m":64,"k":8960,"n":1536,"sample_m":2,"sample_n":16,"relative_l2":0.000840765724,"max_abs":0.0038172456,"nonfinite_count":0,"pass":true,"divergence_ordinal":2}
MODEL_MATMUL_AUDIT_JSON {"tensor":"blk.22.attn_q.weight","output":"Qcur-22","dtype":"f16","m":64,"k":1536,"n":1536,"sample_m":2,"sample_n":16,"relative_l2":0.000509534018,"max_abs":0.00142180629,"nonfinite_count":0,"pass":true,"divergence_ordinal":2}
MODEL_MATMUL_AUDIT_JSON {"tensor":"blk.22.attn_k.weight","output":"Kcur-22","dtype":"f16","m":64,"k":1536,"n":256,"sample_m":2,"sample_n":16,"relative_l2":0.000503797674,"max_abs":0.00135600404,"nonfinite_count":0,"pass":true,"divergence_ordinal":2}
MODEL_MATMUL_AUDIT_JSON {"tensor":"blk.22.attn_v.weight","output":"Vcur-22","dtype":"f16","m":64,"k":1536,"n":256,"sample_m":2,"sample_n":16,"relative_l2":0.000618073814,"max_abs":0.00230825273,"nonfinite_count":0,"pass":true,"divergence_ordinal":2}
MODEL_MATMUL_AUDIT_JSON {"tensor":"blk.22.attn_output.weight","output":"kqv_out-22","dtype":"f16","m":64,"k":1536,"n":1536,"sample_m":2,"sample_n":16,"relative_l2":0.000405516667,"max_abs":5.2167692e-05,"nonfinite_count":0,"pass":true,"divergence_ordinal":2}
MODEL_MATMUL_AUDIT_JSON {"tensor":"blk.22.ffn_gate.weight","output":"ffn_gate-22","dtype":"f16","m":64,"k":1536,"n":8960,"sample_m":2,"sample_n":16,"relative_l2":0.000421650767,"max_abs":0.00178046559,"nonfinite_count":0,"pass":true,"divergence_ordinal":2}
MODEL_MATMUL_AUDIT_JSON {"tensor":"blk.22.ffn_up.weight","output":"ffn_up-22","dtype":"f16","m":64,"k":1536,"n":8960,"sample_m":2,"sample_n":16,"relative_l2":0.000611510861,"max_abs":0.00140935509,"nonfinite_count":0,"pass":true,"divergence_ordinal":2}
MODEL_MATMUL_AUDIT_JSON {"tensor":"blk.22.ffn_down.weight","output":"ffn_out-22","dtype":"f16","m":64,"k":8960,"n":1536,"sample_m":2,"sample_n":16,"relative_l2":0.000713879432,"max_abs":0.0024018134,"nonfinite_count":0,"pass":true,"divergence_ordinal":2}
MODEL_MATMUL_AUDIT_JSON {"tensor":"blk.23.attn_q.weight","output":"Qcur-23","dtype":"f16","m":64,"k":1536,"n":1536,"sample_m":2,"sample_n":16,"relative_l2":0.000444442382,"max_abs":0.000655867916,"nonfinite_count":0,"pass":true,"divergence_ordinal":2}
MODEL_MATMUL_AUDIT_JSON {"tensor":"blk.23.attn_k.weight","output":"Kcur-23","dtype":"f16","m":64,"k":1536,"n":256,"sample_m":2,"sample_n":16,"relative_l2":0.000585121587,"max_abs":0.000785741024,"nonfinite_count":0,"pass":true,"divergence_ordinal":2}
MODEL_MATMUL_AUDIT_JSON {"tensor":"blk.23.attn_v.weight","output":"Vcur-23","dtype":"f16","m":64,"k":1536,"n":256,"sample_m":2,"sample_n":16,"relative_l2":0.000797254135,"max_abs":0.00591792166,"nonfinite_count":0,"pass":true,"divergence_ordinal":2}
MODEL_MATMUL_AUDIT_JSON {"tensor":"blk.23.attn_output.weight","output":"kqv_out-23","dtype":"f16","m":64,"k":1536,"n":1536,"sample_m":2,"sample_n":16,"relative_l2":0.000555389831,"max_abs":8.70659715e-05,"nonfinite_count":0,"pass":true,"divergence_ordinal":2}
MODEL_MATMUL_AUDIT_JSON {"tensor":"blk.23.ffn_gate.weight","output":"ffn_gate-23","dtype":"f16","m":64,"k":1536,"n":8960,"sample_m":2,"sample_n":16,"relative_l2":0.000545509828,"max_abs":0.00245178444,"nonfinite_count":0,"pass":true,"divergence_ordinal":2}
MODEL_MATMUL_AUDIT_JSON {"tensor":"blk.23.ffn_up.weight","output":"ffn_up-23","dtype":"f16","m":64,"k":1536,"n":8960,"sample_m":2,"sample_n":16,"relative_l2":0.000436782469,"max_abs":0.00121330249,"nonfinite_count":0,"pass":true,"divergence_ordinal":2}
MODEL_MATMUL_AUDIT_JSON {"tensor":"blk.23.ffn_down.weight","output":"ffn_out-23","dtype":"f16","m":64,"k":8960,"n":1536,"sample_m":2,"sample_n":16,"relative_l2":0.000704360399,"max_abs":0.00616415543,"nonfinite_count":0,"pass":true,"divergence_ordinal":2}
MODEL_MATMUL_AUDIT_JSON {"tensor":"blk.24.attn_q.weight","output":"Qcur-24","dtype":"f16","m":64,"k":1536,"n":1536,"sample_m":2,"sample_n":16,"relative_l2":0.000580924729,"max_abs":0.00149852911,"nonfinite_count":0,"pass":true,"divergence_ordinal":2}
MODEL_MATMUL_AUDIT_JSON {"tensor":"blk.24.attn_k.weight","output":"Kcur-24","dtype":"f16","m":64,"k":1536,"n":256,"sample_m":2,"sample_n":16,"relative_l2":0.000626266344,"max_abs":0.00131639966,"nonfinite_count":0,"pass":true,"divergence_ordinal":2}
MODEL_MATMUL_AUDIT_JSON {"tensor":"blk.24.attn_v.weight","output":"Vcur-24","dtype":"f16","m":64,"k":1536,"n":256,"sample_m":2,"sample_n":16,"relative_l2":0.000563419069,"max_abs":0.00147015403,"nonfinite_count":0,"pass":true,"divergence_ordinal":2}
MODEL_MATMUL_AUDIT_JSON {"tensor":"blk.24.attn_output.weight","output":"kqv_out-24","dtype":"f16","m":64,"k":1536,"n":1536,"sample_m":2,"sample_n":16,"relative_l2":0.000349693615,"max_abs":0.000352163683,"nonfinite_count":0,"pass":true,"divergence_ordinal":2}
MODEL_MATMUL_AUDIT_JSON {"tensor":"blk.24.ffn_gate.weight","output":"ffn_gate-24","dtype":"f16","m":64,"k":1536,"n":8960,"sample_m":2,"sample_n":16,"relative_l2":0.000416142866,"max_abs":0.00167079119,"nonfinite_count":0,"pass":true,"divergence_ordinal":2}
MODEL_MATMUL_AUDIT_JSON {"tensor":"blk.24.ffn_up.weight","output":"ffn_up-24","dtype":"f16","m":64,"k":1536,"n":8960,"sample_m":2,"sample_n":16,"relative_l2":0.00050905785,"max_abs":0.00234488444,"nonfinite_count":0,"pass":true,"divergence_ordinal":2}
MODEL_MATMUL_AUDIT_JSON {"tensor":"blk.24.ffn_down.weight","output":"ffn_out-24","dtype":"f16","m":64,"k":8960,"n":1536,"sample_m":2,"sample_n":16,"relative_l2":0.000784091498,"max_abs":0.00633692881,"nonfinite_count":0,"pass":true,"divergence_ordinal":2}
MODEL_MATMUL_AUDIT_JSON {"tensor":"blk.25.attn_q.weight","output":"Qcur-25","dtype":"f16","m":64,"k":1536,"n":1536,"sample_m":2,"sample_n":16,"relative_l2":0.00068114597,"max_abs":0.00147819554,"nonfinite_count":0,"pass":true,"divergence_ordinal":2}
MODEL_MATMUL_AUDIT_JSON {"tensor":"blk.25.attn_k.weight","output":"Kcur-25","dtype":"f16","m":64,"k":1536,"n":256,"sample_m":2,"sample_n":16,"relative_l2":0.000668186338,"max_abs":0.00262818229,"nonfinite_count":0,"pass":true,"divergence_ordinal":2}
MODEL_MATMUL_AUDIT_JSON {"tensor":"blk.25.attn_v.weight","output":"Vcur-25","dtype":"f16","m":64,"k":1536,"n":256,"sample_m":2,"sample_n":16,"relative_l2":0.000581408109,"max_abs":0.00533777662,"nonfinite_count":0,"pass":true,"divergence_ordinal":2}
MODEL_MATMUL_AUDIT_JSON {"tensor":"blk.25.attn_output.weight","output":"kqv_out-25","dtype":"f16","m":64,"k":1536,"n":1536,"sample_m":2,"sample_n":16,"relative_l2":0.000649381967,"max_abs":2.77358055,"nonfinite_count":0,"pass":true,"divergence_ordinal":2}
MODEL_MATMUL_AUDIT_JSON {"tensor":"blk.25.ffn_gate.weight","output":"ffn_gate-25","dtype":"f16","m":64,"k":1536,"n":8960,"sample_m":2,"sample_n":16,"relative_l2":0.000643444237,"max_abs":0.00193366373,"nonfinite_count":0,"pass":true,"divergence_ordinal":2}
MODEL_MATMUL_AUDIT_JSON {"tensor":"blk.25.ffn_up.weight","output":"ffn_up-25","dtype":"f16","m":64,"k":1536,"n":8960,"sample_m":2,"sample_n":16,"relative_l2":0.000648813534,"max_abs":0.00258765346,"nonfinite_count":0,"pass":true,"divergence_ordinal":2}
MODEL_MATMUL_AUDIT_JSON {"tensor":"blk.25.ffn_down.weight","output":"ffn_out-25","dtype":"f16","m":64,"k":8960,"n":1536,"sample_m":2,"sample_n":16,"relative_l2":0.000676913951,"max_abs":0.045140665,"nonfinite_count":0,"pass":true,"divergence_ordinal":2}
MODEL_MATMUL_AUDIT_JSON {"tensor":"blk.26.attn_q.weight","output":"Qcur-26","dtype":"f16","m":64,"k":1536,"n":1536,"sample_m":2,"sample_n":16,"relative_l2":0.000929224322,"max_abs":0.00268323533,"nonfinite_count":0,"pass":true,"divergence_ordinal":2}
MODEL_MATMUL_AUDIT_JSON {"tensor":"blk.26.attn_k.weight","output":"Kcur-26","dtype":"f16","m":64,"k":1536,"n":256,"sample_m":2,"sample_n":16,"relative_l2":0.000615679607,"max_abs":0.000269200944,"nonfinite_count":0,"pass":true,"divergence_ordinal":2}
MODEL_MATMUL_AUDIT_JSON {"tensor":"blk.26.attn_v.weight","output":"Vcur-26","dtype":"f16","m":64,"k":1536,"n":256,"sample_m":2,"sample_n":16,"relative_l2":0.000368071778,"max_abs":0.00350884558,"nonfinite_count":0,"pass":true,"divergence_ordinal":2}
MODEL_MATMUL_AUDIT_JSON {"tensor":"blk.26.attn_output.weight","output":"kqv_out-26","dtype":"f16","m":64,"k":1536,"n":1536,"sample_m":2,"sample_n":16,"relative_l2":0.000602629799,"max_abs":0.00126740476,"nonfinite_count":0,"pass":true,"divergence_ordinal":2}
MODEL_MATMUL_AUDIT_JSON {"tensor":"blk.26.ffn_gate.weight","output":"ffn_gate-26","dtype":"f16","m":64,"k":1536,"n":8960,"sample_m":2,"sample_n":16,"relative_l2":0.000799974282,"max_abs":0.00224733329,"nonfinite_count":0,"pass":true,"divergence_ordinal":2}
MODEL_MATMUL_AUDIT_JSON {"tensor":"blk.26.ffn_up.weight","output":"ffn_up-26","dtype":"f16","m":64,"k":1536,"n":8960,"sample_m":2,"sample_n":16,"relative_l2":0.000572090302,"max_abs":0.00238299766,"nonfinite_count":0,"pass":true,"divergence_ordinal":2}
MODEL_MATMUL_AUDIT_JSON {"tensor":"blk.26.ffn_down.weight","output":"ffn_out-26","dtype":"f16","m":64,"k":8960,"n":1536,"sample_m":2,"sample_n":16,"relative_l2":0.000880027628,"max_abs":0.0254946537,"nonfinite_count":0,"pass":true,"divergence_ordinal":2}
MODEL_MATMUL_AUDIT_JSON {"tensor":"blk.27.attn_q.weight","output":"Qcur-27","dtype":"f16","m":64,"k":1536,"n":1536,"sample_m":2,"sample_n":16,"relative_l2":0.000715272752,"max_abs":0.00131357601,"nonfinite_count":0,"pass":true,"divergence_ordinal":2}
MODEL_MATMUL_AUDIT_JSON {"tensor":"blk.27.attn_k.weight","output":"Kcur-27","dtype":"f16","m":64,"k":1536,"n":256,"sample_m":2,"sample_n":16,"relative_l2":0.000540805245,"max_abs":0.000267879688,"nonfinite_count":0,"pass":true,"divergence_ordinal":2}
MODEL_MATMUL_AUDIT_JSON {"tensor":"blk.27.attn_v.weight","output":"Vcur-27","dtype":"f16","m":64,"k":1536,"n":256,"sample_m":2,"sample_n":16,"relative_l2":0.000557284989,"max_abs":0.0048037041,"nonfinite_count":0,"pass":true,"divergence_ordinal":2}
MODEL_MATMUL_AUDIT_JSON {"tensor":"blk.27.attn_output.weight","output":"kqv_out-27","dtype":"f16","m":64,"k":1536,"n":1536,"sample_m":2,"sample_n":16,"relative_l2":0.000567747984,"max_abs":4.06264973,"nonfinite_count":0,"pass":true,"divergence_ordinal":2}
MODEL_MATMUL_AUDIT_JSON {"tensor":"blk.0.attn_q.weight","output":"Qcur-0","dtype":"f16","m":64,"k":1536,"n":1536,"sample_m":2,"sample_n":16,"relative_l2":0.000604085591,"max_abs":0.000462343654,"nonfinite_count":0,"pass":true,"divergence_ordinal":2}
MODEL_MATMUL_AUDIT_JSON {"tensor":"blk.0.attn_k.weight","output":"Kcur-0","dtype":"f16","m":64,"k":1536,"n":256,"sample_m":2,"sample_n":16,"relative_l2":0.000457946003,"max_abs":0.00187986623,"nonfinite_count":0,"pass":true,"divergence_ordinal":2}
MODEL_MATMUL_AUDIT_JSON {"tensor":"blk.0.attn_v.weight","output":"Vcur-0","dtype":"f16","m":64,"k":1536,"n":256,"sample_m":2,"sample_n":16,"relative_l2":0.00060293464,"max_abs":0.000324400113,"nonfinite_count":0,"pass":true,"divergence_ordinal":2}
MODEL_MATMUL_AUDIT_JSON {"tensor":"blk.0.attn_output.weight","output":"kqv_out-0","dtype":"f16","m":64,"k":1536,"n":1536,"sample_m":2,"sample_n":16,"relative_l2":0.000484048197,"max_abs":0.000259821332,"nonfinite_count":0,"pass":true,"divergence_ordinal":2}
MODEL_MATMUL_AUDIT_JSON {"tensor":"blk.0.ffn_gate.weight","output":"ffn_gate-0","dtype":"f16","m":64,"k":1536,"n":8960,"sample_m":2,"sample_n":16,"relative_l2":0.000709011155,"max_abs":0.00170021481,"nonfinite_count":0,"pass":true,"divergence_ordinal":2}
MODEL_MATMUL_AUDIT_JSON {"tensor":"blk.0.ffn_up.weight","output":"ffn_up-0","dtype":"f16","m":64,"k":1536,"n":8960,"sample_m":2,"sample_n":16,"relative_l2":0.00069367965,"max_abs":0.00128739828,"nonfinite_count":0,"pass":true,"divergence_ordinal":2}
MODEL_MATMUL_AUDIT_JSON {"tensor":"blk.0.ffn_down.weight","output":"ffn_out-0","dtype":"f16","m":64,"k":8960,"n":1536,"sample_m":2,"sample_n":16,"relative_l2":0.000632700726,"max_abs":0.00238628942,"nonfinite_count":0,"pass":true,"divergence_ordinal":2}
MODEL_MATMUL_AUDIT_JSON {"tensor":"blk.1.attn_q.weight","output":"Qcur-1","dtype":"f16","m":64,"k":1536,"n":1536,"sample_m":2,"sample_n":16,"relative_l2":0.000500070546,"max_abs":0.00088779279,"nonfinite_count":0,"pass":true,"divergence_ordinal":2}
MODEL_MATMUL_AUDIT_JSON {"tensor":"blk.1.attn_k.weight","output":"Kcur-1","dtype":"f16","m":64,"k":1536,"n":256,"sample_m":2,"sample_n":16,"relative_l2":0.000619365506,"max_abs":0.000981951249,"nonfinite_count":0,"pass":true,"divergence_ordinal":2}
MODEL_MATMUL_AUDIT_JSON {"tensor":"blk.1.attn_v.weight","output":"Vcur-1","dtype":"f16","m":64,"k":1536,"n":256,"sample_m":2,"sample_n":16,"relative_l2":0.00071842922,"max_abs":0.00129849347,"nonfinite_count":0,"pass":true,"divergence_ordinal":2}
MODEL_MATMUL_AUDIT_JSON {"tensor":"blk.1.attn_output.weight","output":"kqv_out-1","dtype":"f16","m":64,"k":1536,"n":1536,"sample_m":2,"sample_n":16,"relative_l2":0.000575928777,"max_abs":8.77031125e-05,"nonfinite_count":0,"pass":true,"divergence_ordinal":2}
MODEL_MATMUL_AUDIT_JSON {"tensor":"blk.1.ffn_gate.weight","output":"ffn_gate-1","dtype":"f16","m":64,"k":1536,"n":8960,"sample_m":2,"sample_n":16,"relative_l2":0.000756852838,"max_abs":0.00559141953,"nonfinite_count":0,"pass":true,"divergence_ordinal":2}
MODEL_MATMUL_AUDIT_JSON {"tensor":"blk.1.ffn_up.weight","output":"ffn_up-1","dtype":"f16","m":64,"k":1536,"n":8960,"sample_m":2,"sample_n":16,"relative_l2":0.00050867085,"max_abs":0.00180575415,"nonfinite_count":0,"pass":true,"divergence_ordinal":2}
MODEL_MATMUL_AUDIT_JSON {"tensor":"blk.1.ffn_down.weight","output":"ffn_out-1","dtype":"f16","m":64,"k":8960,"n":1536,"sample_m":2,"sample_n":16,"relative_l2":0.000673300792,"max_abs":0.00262846774,"nonfinite_count":0,"pass":true,"divergence_ordinal":2}
MODEL_MATMUL_AUDIT_JSON {"tensor":"blk.2.attn_q.weight","output":"Qcur-2","dtype":"f16","m":64,"k":1536,"n":1536,"sample_m":2,"sample_n":16,"relative_l2":0.000544201915,"max_abs":0.00155503745,"nonfinite_count":0,"pass":true,"divergence_ordinal":2}
MODEL_MATMUL_AUDIT_JSON {"tensor":"blk.2.attn_k.weight","output":"Kcur-2","dtype":"f16","m":64,"k":1536,"n":256,"sample_m":2,"sample_n":16,"relative_l2":0.000499583808,"max_abs":0.00118022971,"nonfinite_count":0,"pass":true,"divergence_ordinal":2}
MODEL_MATMUL_AUDIT_JSON {"tensor":"blk.2.attn_v.weight","output":"Vcur-2","dtype":"f16","m":64,"k":1536,"n":256,"sample_m":2,"sample_n":16,"relative_l2":0.000674747275,"max_abs":0.00188836444,"nonfinite_count":0,"pass":true,"divergence_ordinal":2}
MODEL_MATMUL_AUDIT_JSON {"tensor":"blk.2.attn_output.weight","output":"kqv_out-2","dtype":"f16","m":64,"k":1536,"n":1536,"sample_m":2,"sample_n":16,"relative_l2":0.000662036419,"max_abs":0.00032140984,"nonfinite_count":0,"pass":true,"divergence_ordinal":2}
MODEL_MATMUL_AUDIT_JSON {"tensor":"blk.2.ffn_gate.weight","output":"ffn_gate-2","dtype":"f16","m":64,"k":1536,"n":8960,"sample_m":2,"sample_n":16,"relative_l2":0.000419793014,"max_abs":0.00189632422,"nonfinite_count":0,"pass":true,"divergence_ordinal":2}
MODEL_MATMUL_AUDIT_JSON {"tensor":"blk.2.ffn_up.weight","output":"ffn_up-2","dtype":"f16","m":64,"k":1536,"n":8960,"sample_m":2,"sample_n":16,"relative_l2":0.00051315931,"max_abs":0.00149332115,"nonfinite_count":0,"pass":true,"divergence_ordinal":2}
MODEL_MATMUL_AUDIT_JSON {"tensor":"blk.2.ffn_down.weight","output":"ffn_out-2","dtype":"f16","m":64,"k":8960,"n":1536,"sample_m":2,"sample_n":16,"relative_l2":0.000673809948,"max_abs":0.00554624852,"nonfinite_count":0,"pass":true,"divergence_ordinal":2}
MODEL_MATMUL_AUDIT_JSON {"tensor":"blk.3.attn_q.weight","output":"Qcur-3","dtype":"f16","m":64,"k":1536,"n":1536,"sample_m":2,"sample_n":16,"relative_l2":0.000534049934,"max_abs":0.00184655236,"nonfinite_count":0,"pass":true,"divergence_ordinal":2}
MODEL_MATMUL_AUDIT_JSON {"tensor":"blk.3.attn_k.weight","output":"Kcur-3","dtype":"f16","m":64,"k":1536,"n":256,"sample_m":2,"sample_n":16,"relative_l2":0.000603345965,"max_abs":0.00180673576,"nonfinite_count":0,"pass":true,"divergence_ordinal":2}
MODEL_MATMUL_AUDIT_JSON {"tensor":"blk.3.attn_v.weight","output":"Vcur-3","dtype":"f16","m":64,"k":1536,"n":256,"sample_m":2,"sample_n":16,"relative_l2":0.000598665717,"max_abs":0.0014913131,"nonfinite_count":0,"pass":true,"divergence_ordinal":2}
MODEL_MATMUL_AUDIT_JSON {"tensor":"blk.3.attn_output.weight","output":"kqv_out-3","dtype":"f16","m":64,"k":1536,"n":1536,"sample_m":2,"sample_n":16,"relative_l2":0.000706971663,"max_abs":0.000179594499,"nonfinite_count":0,"pass":true,"divergence_ordinal":2}
MODEL_MATMUL_AUDIT_JSON {"tensor":"blk.3.ffn_gate.weight","output":"ffn_gate-3","dtype":"f16","m":64,"k":1536,"n":8960,"sample_m":2,"sample_n":16,"relative_l2":0.000423221173,"max_abs":0.00186102884,"nonfinite_count":0,"pass":true,"divergence_ordinal":2}
MODEL_MATMUL_AUDIT_JSON {"tensor":"blk.3.ffn_up.weight","output":"ffn_up-3","dtype":"f16","m":64,"k":1536,"n":8960,"sample_m":2,"sample_n":16,"relative_l2":0.000465846211,"max_abs":0.0012240659,"nonfinite_count":0,"pass":true,"divergence_ordinal":2}
MODEL_MATMUL_AUDIT_JSON {"tensor":"blk.3.ffn_down.weight","output":"ffn_out-3","dtype":"f16","m":64,"k":8960,"n":1536,"sample_m":2,"sample_n":16,"relative_l2":0.000515219254,"max_abs":0.00136461703,"nonfinite_count":0,"pass":true,"divergence_ordinal":2}
MODEL_MATMUL_AUDIT_JSON {"tensor":"blk.4.attn_q.weight","output":"Qcur-4","dtype":"f16","m":64,"k":1536,"n":1536,"sample_m":2,"sample_n":16,"relative_l2":0.000646402111,"max_abs":0.00136600656,"nonfinite_count":0,"pass":true,"divergence_ordinal":2}
MODEL_MATMUL_AUDIT_JSON {"tensor":"blk.4.attn_k.weight","output":"Kcur-4","dtype":"f16","m":64,"k":1536,"n":256,"sample_m":2,"sample_n":16,"relative_l2":0.000362469168,"max_abs":0.00069891545,"nonfinite_count":0,"pass":true,"divergence_ordinal":2}
MODEL_MATMUL_AUDIT_JSON {"tensor":"blk.4.attn_v.weight","output":"Vcur-4","dtype":"f16","m":64,"k":1536,"n":256,"sample_m":2,"sample_n":16,"relative_l2":0.000549647689,"max_abs":0.000979098026,"nonfinite_count":0,"pass":true,"divergence_ordinal":2}
MODEL_MATMUL_AUDIT_JSON {"tensor":"blk.4.attn_output.weight","output":"kqv_out-4","dtype":"f16","m":64,"k":1536,"n":1536,"sample_m":2,"sample_n":16,"relative_l2":0.000476175719,"max_abs":0.000102830345,"nonfinite_count":0,"pass":true,"divergence_ordinal":2}
MODEL_MATMUL_AUDIT_JSON {"tensor":"blk.4.ffn_gate.weight","output":"ffn_gate-4","dtype":"f16","m":64,"k":1536,"n":8960,"sample_m":2,"sample_n":16,"relative_l2":0.000944414529,"max_abs":0.003288056,"nonfinite_count":0,"pass":true,"divergence_ordinal":2}
MODEL_MATMUL_AUDIT_JSON {"tensor":"blk.4.ffn_up.weight","output":"ffn_up-4","dtype":"f16","m":64,"k":1536,"n":8960,"sample_m":2,"sample_n":16,"relative_l2":0.000326869353,"max_abs":0.000477507914,"nonfinite_count":0,"pass":true,"divergence_ordinal":2}
MODEL_MATMUL_AUDIT_JSON {"tensor":"blk.4.ffn_down.weight","output":"ffn_out-4","dtype":"f16","m":64,"k":8960,"n":1536,"sample_m":2,"sample_n":16,"relative_l2":0.000459809045,"max_abs":0.000832325022,"nonfinite_count":0,"pass":true,"divergence_ordinal":2}
MODEL_MATMUL_AUDIT_JSON {"tensor":"blk.5.attn_q.weight","output":"Qcur-5","dtype":"f16","m":64,"k":1536,"n":1536,"sample_m":2,"sample_n":16,"relative_l2":0.00058605924,"max_abs":0.00130068685,"nonfinite_count":0,"pass":true,"divergence_ordinal":2}
MODEL_MATMUL_AUDIT_JSON {"tensor":"blk.5.attn_k.weight","output":"Kcur-5","dtype":"f16","m":64,"k":1536,"n":256,"sample_m":2,"sample_n":16,"relative_l2":0.0007421936,"max_abs":0.00133026612,"nonfinite_count":0,"pass":true,"divergence_ordinal":2}
MODEL_MATMUL_AUDIT_JSON {"tensor":"blk.5.attn_v.weight","output":"Vcur-5","dtype":"f16","m":64,"k":1536,"n":256,"sample_m":2,"sample_n":16,"relative_l2":0.000645702495,"max_abs":0.00183935929,"nonfinite_count":0,"pass":true,"divergence_ordinal":2}
MODEL_MATMUL_AUDIT_JSON {"tensor":"blk.5.attn_output.weight","output":"kqv_out-5","dtype":"f16","m":64,"k":1536,"n":1536,"sample_m":2,"sample_n":16,"relative_l2":0.000434461612,"max_abs":8.99302104e-05,"nonfinite_count":0,"pass":true,"divergence_ordinal":2}
MODEL_MATMUL_AUDIT_JSON {"tensor":"blk.5.ffn_gate.weight","output":"ffn_gate-5","dtype":"f16","m":64,"k":1536,"n":8960,"sample_m":2,"sample_n":16,"relative_l2":0.000550879335,"max_abs":0.00345695158,"nonfinite_count":0,"pass":true,"divergence_ordinal":2}
MODEL_MATMUL_AUDIT_JSON {"tensor":"blk.5.ffn_up.weight","output":"ffn_up-5","dtype":"f16","m":64,"k":1536,"n":8960,"sample_m":2,"sample_n":16,"relative_l2":0.000577695442,"max_abs":0.00282934518,"nonfinite_count":0,"pass":true,"divergence_ordinal":2}
MODEL_MATMUL_AUDIT_JSON {"tensor":"blk.5.ffn_down.weight","output":"ffn_out-5","dtype":"f16","m":64,"k":8960,"n":1536,"sample_m":2,"sample_n":16,"relative_l2":0.000658197234,"max_abs":0.00383007573,"nonfinite_count":0,"pass":true,"divergence_ordinal":2}
MODEL_MATMUL_AUDIT_JSON {"tensor":"blk.6.attn_q.weight","output":"Qcur-6","dtype":"f16","m":64,"k":1536,"n":1536,"sample_m":2,"sample_n":16,"relative_l2":0.000281234462,"max_abs":0.000864568225,"nonfinite_count":0,"pass":true,"divergence_ordinal":2}
MODEL_MATMUL_AUDIT_JSON {"tensor":"blk.6.attn_k.weight","output":"Kcur-6","dtype":"f16","m":64,"k":1536,"n":256,"sample_m":2,"sample_n":16,"relative_l2":0.000491195351,"max_abs":0.00085879385,"nonfinite_count":0,"pass":true,"divergence_ordinal":2}
MODEL_MATMUL_AUDIT_JSON {"tensor":"blk.6.attn_v.weight","output":"Vcur-6","dtype":"f16","m":64,"k":1536,"n":256,"sample_m":2,"sample_n":16,"relative_l2":0.00042240619,"max_abs":0.000835667946,"nonfinite_count":0,"pass":true,"divergence_ordinal":2}
MODEL_MATMUL_AUDIT_JSON {"tensor":"blk.6.attn_output.weight","output":"kqv_out-6","dtype":"f16","m":64,"k":1536,"n":1536,"sample_m":2,"sample_n":16,"relative_l2":0.000496392922,"max_abs":0.00011159898,"nonfinite_count":0,"pass":true,"divergence_ordinal":2}
MODEL_MATMUL_AUDIT_JSON {"tensor":"blk.6.ffn_gate.weight","output":"ffn_gate-6","dtype":"f16","m":64,"k":1536,"n":8960,"sample_m":2,"sample_n":16,"relative_l2":0.000653676137,"max_abs":0.00209573307,"nonfinite_count":0,"pass":true,"divergence_ordinal":2}
MODEL_MATMUL_AUDIT_JSON {"tensor":"blk.6.ffn_up.weight","output":"ffn_up-6","dtype":"f16","m":64,"k":1536,"n":8960,"sample_m":2,"sample_n":16,"relative_l2":0.000600325267,"max_abs":0.000988493091,"nonfinite_count":0,"pass":true,"divergence_ordinal":2}
MODEL_MATMUL_AUDIT_JSON {"tensor":"blk.6.ffn_down.weight","output":"ffn_out-6","dtype":"f16","m":64,"k":8960,"n":1536,"sample_m":2,"sample_n":16,"relative_l2":0.000404251587,"max_abs":0.000688416127,"nonfinite_count":0,"pass":true,"divergence_ordinal":2}
MODEL_MATMUL_AUDIT_JSON {"tensor":"blk.7.attn_q.weight","output":"Qcur-7","dtype":"f16","m":64,"k":1536,"n":1536,"sample_m":2,"sample_n":16,"relative_l2":0.000834988585,"max_abs":0.00128595869,"nonfinite_count":0,"pass":true,"divergence_ordinal":2}
MODEL_MATMUL_AUDIT_JSON {"tensor":"blk.7.attn_k.weight","output":"Kcur-7","dtype":"f16","m":64,"k":1536,"n":256,"sample_m":2,"sample_n":16,"relative_l2":0.00060055521,"max_abs":0.00122559362,"nonfinite_count":0,"pass":true,"divergence_ordinal":2}
MODEL_MATMUL_AUDIT_JSON {"tensor":"blk.7.attn_v.weight","output":"Vcur-7","dtype":"f16","m":64,"k":1536,"n":256,"sample_m":2,"sample_n":16,"relative_l2":0.000714483477,"max_abs":0.00145562214,"nonfinite_count":0,"pass":true,"divergence_ordinal":2}
MODEL_MATMUL_AUDIT_JSON {"tensor":"blk.7.attn_output.weight","output":"kqv_out-7","dtype":"f16","m":64,"k":1536,"n":1536,"sample_m":2,"sample_n":16,"relative_l2":0.000639602201,"max_abs":0.000119635981,"nonfinite_count":0,"pass":true,"divergence_ordinal":2}
MODEL_MATMUL_AUDIT_JSON {"tensor":"blk.7.ffn_gate.weight","output":"ffn_gate-7","dtype":"f16","m":64,"k":1536,"n":8960,"sample_m":2,"sample_n":16,"relative_l2":0.000632101429,"max_abs":0.00147991127,"nonfinite_count":0,"pass":true,"divergence_ordinal":2}
MODEL_MATMUL_AUDIT_JSON {"tensor":"blk.7.ffn_up.weight","output":"ffn_up-7","dtype":"f16","m":64,"k":1536,"n":8960,"sample_m":2,"sample_n":16,"relative_l2":0.000680867912,"max_abs":0.00153247872,"nonfinite_count":0,"pass":true,"divergence_ordinal":2}
MODEL_MATMUL_AUDIT_JSON {"tensor":"blk.7.ffn_down.weight","output":"ffn_out-7","dtype":"f16","m":64,"k":8960,"n":1536,"sample_m":2,"sample_n":16,"relative_l2":0.00070735758,"max_abs":0.0019606126,"nonfinite_count":0,"pass":true,"divergence_ordinal":2}
MODEL_MATMUL_AUDIT_JSON {"tensor":"blk.8.attn_q.weight","output":"Qcur-8","dtype":"f16","m":64,"k":1536,"n":1536,"sample_m":2,"sample_n":16,"relative_l2":0.000574957942,"max_abs":0.00120676949,"nonfinite_count":0,"pass":true,"divergence_ordinal":2}
MODEL_MATMUL_AUDIT_JSON {"tensor":"blk.8.attn_k.weight","output":"Kcur-8","dtype":"f16","m":64,"k":1536,"n":256,"sample_m":2,"sample_n":16,"relative_l2":0.000710080707,"max_abs":0.0014726934,"nonfinite_count":0,"pass":true,"divergence_ordinal":2}
MODEL_MATMUL_AUDIT_JSON {"tensor":"blk.8.attn_v.weight","output":"Vcur-8","dtype":"f16","m":64,"k":1536,"n":256,"sample_m":2,"sample_n":16,"relative_l2":0.000582804317,"max_abs":0.00107286754,"nonfinite_count":0,"pass":true,"divergence_ordinal":2}
MODEL_MATMUL_AUDIT_JSON {"tensor":"blk.8.attn_output.weight","output":"kqv_out-8","dtype":"f16","m":64,"k":1536,"n":1536,"sample_m":2,"sample_n":16,"relative_l2":0.000475762967,"max_abs":4.62981479e-05,"nonfinite_count":0,"pass":true,"divergence_ordinal":2}
MODEL_MATMUL_AUDIT_JSON {"tensor":"blk.8.ffn_gate.weight","output":"ffn_gate-8","dtype":"f16","m":64,"k":1536,"n":8960,"sample_m":2,"sample_n":16,"relative_l2":0.000824341775,"max_abs":0.00249340734,"nonfinite_count":0,"pass":true,"divergence_ordinal":2}
MODEL_MATMUL_AUDIT_JSON {"tensor":"blk.8.ffn_up.weight","output":"ffn_up-8","dtype":"f16","m":64,"k":1536,"n":8960,"sample_m":2,"sample_n":16,"relative_l2":0.000786864629,"max_abs":0.00287964847,"nonfinite_count":0,"pass":true,"divergence_ordinal":2}
MODEL_MATMUL_AUDIT_JSON {"tensor":"blk.8.ffn_down.weight","output":"ffn_out-8","dtype":"f16","m":64,"k":8960,"n":1536,"sample_m":2,"sample_n":16,"relative_l2":0.000670586931,"max_abs":0.00151389895,"nonfinite_count":0,"pass":true,"divergence_ordinal":2}
MODEL_MATMUL_AUDIT_JSON {"tensor":"blk.9.attn_q.weight","output":"Qcur-9","dtype":"f16","m":64,"k":1536,"n":1536,"sample_m":2,"sample_n":16,"relative_l2":0.000565588362,"max_abs":0.00173584162,"nonfinite_count":0,"pass":true,"divergence_ordinal":2}
MODEL_MATMUL_AUDIT_JSON {"tensor":"blk.9.attn_k.weight","output":"Kcur-9","dtype":"f16","m":64,"k":1536,"n":256,"sample_m":2,"sample_n":16,"relative_l2":0.000592997058,"max_abs":0.00132447341,"nonfinite_count":0,"pass":true,"divergence_ordinal":2}
MODEL_MATMUL_AUDIT_JSON {"tensor":"blk.9.attn_v.weight","output":"Vcur-9","dtype":"f16","m":64,"k":1536,"n":256,"sample_m":2,"sample_n":16,"relative_l2":0.000511650748,"max_abs":0.00135685049,"nonfinite_count":0,"pass":true,"divergence_ordinal":2}
MODEL_MATMUL_AUDIT_JSON {"tensor":"blk.9.attn_output.weight","output":"kqv_out-9","dtype":"f16","m":64,"k":1536,"n":1536,"sample_m":2,"sample_n":16,"relative_l2":0.000605505821,"max_abs":0.000104399449,"nonfinite_count":0,"pass":true,"divergence_ordinal":2}
MODEL_MATMUL_AUDIT_JSON {"tensor":"blk.9.ffn_gate.weight","output":"ffn_gate-9","dtype":"f16","m":64,"k":1536,"n":8960,"sample_m":2,"sample_n":16,"relative_l2":0.000671185811,"max_abs":0.00138609856,"nonfinite_count":0,"pass":true,"divergence_ordinal":2}
MODEL_MATMUL_AUDIT_JSON {"tensor":"blk.9.ffn_up.weight","output":"ffn_up-9","dtype":"f16","m":64,"k":1536,"n":8960,"sample_m":2,"sample_n":16,"relative_l2":0.000546766794,"max_abs":0.00108681829,"nonfinite_count":0,"pass":true,"divergence_ordinal":2}
MODEL_MATMUL_AUDIT_JSON {"tensor":"blk.9.ffn_down.weight","output":"ffn_out-9","dtype":"f16","m":64,"k":8960,"n":1536,"sample_m":2,"sample_n":16,"relative_l2":0.000624365721,"max_abs":0.00163633132,"nonfinite_count":0,"pass":true,"divergence_ordinal":2}
MODEL_MATMUL_AUDIT_JSON {"tensor":"blk.10.attn_q.weight","output":"Qcur-10","dtype":"f16","m":64,"k":1536,"n":1536,"sample_m":2,"sample_n":16,"relative_l2":0.000686922005,"max_abs":0.000642678584,"nonfinite_count":0,"pass":true,"divergence_ordinal":2}
MODEL_MATMUL_AUDIT_JSON {"tensor":"blk.10.attn_k.weight","output":"Kcur-10","dtype":"f16","m":64,"k":1536,"n":256,"sample_m":2,"sample_n":16,"relative_l2":0.000459200176,"max_abs":0.00131675624,"nonfinite_count":0,"pass":true,"divergence_ordinal":2}
MODEL_MATMUL_AUDIT_JSON {"tensor":"blk.10.attn_v.weight","output":"Vcur-10","dtype":"f16","m":64,"k":1536,"n":256,"sample_m":2,"sample_n":16,"relative_l2":0.000882882592,"max_abs":0.00235817349,"nonfinite_count":0,"pass":true,"divergence_ordinal":2}
MODEL_MATMUL_AUDIT_JSON {"tensor":"blk.10.attn_output.weight","output":"kqv_out-10","dtype":"f16","m":64,"k":1536,"n":1536,"sample_m":2,"sample_n":16,"relative_l2":0.000654909371,"max_abs":0.000167866048,"nonfinite_count":0,"pass":true,"divergence_ordinal":2}
MODEL_MATMUL_AUDIT_JSON {"tensor":"blk.10.ffn_gate.weight","output":"ffn_gate-10","dtype":"f16","m":64,"k":1536,"n":8960,"sample_m":2,"sample_n":16,"relative_l2":0.000711511808,"max_abs":0.00273463316,"nonfinite_count":0,"pass":true,"divergence_ordinal":2}
MODEL_MATMUL_AUDIT_JSON {"tensor":"blk.10.ffn_up.weight","output":"ffn_up-10","dtype":"f16","m":64,"k":1536,"n":8960,"sample_m":2,"sample_n":16,"relative_l2":0.000498164583,"max_abs":0.000630691939,"nonfinite_count":0,"pass":true,"divergence_ordinal":2}
MODEL_MATMUL_AUDIT_JSON {"tensor":"blk.10.ffn_down.weight","output":"ffn_out-10","dtype":"f16","m":64,"k":8960,"n":1536,"sample_m":2,"sample_n":16,"relative_l2":0.000649986327,"max_abs":0.000745155674,"nonfinite_count":0,"pass":true,"divergence_ordinal":2}
MODEL_MATMUL_AUDIT_JSON {"tensor":"blk.11.attn_q.weight","output":"Qcur-11","dtype":"f16","m":64,"k":1536,"n":1536,"sample_m":2,"sample_n":16,"relative_l2":0.000491982585,"max_abs":0.00051293883,"nonfinite_count":0,"pass":true,"divergence_ordinal":2}
MODEL_MATMUL_AUDIT_JSON {"tensor":"blk.11.attn_k.weight","output":"Kcur-11","dtype":"f16","m":64,"k":1536,"n":256,"sample_m":2,"sample_n":16,"relative_l2":0.000584458256,"max_abs":0.00141474837,"nonfinite_count":0,"pass":true,"divergence_ordinal":2}
MODEL_MATMUL_AUDIT_JSON {"tensor":"blk.11.attn_v.weight","output":"Vcur-11","dtype":"f16","m":64,"k":1536,"n":256,"sample_m":2,"sample_n":16,"relative_l2":0.00056462019,"max_abs":0.000856741332,"nonfinite_count":0,"pass":true,"divergence_ordinal":2}
MODEL_MATMUL_AUDIT_JSON {"tensor":"blk.11.attn_output.weight","output":"kqv_out-11","dtype":"f16","m":64,"k":1536,"n":1536,"sample_m":2,"sample_n":16,"relative_l2":0.000473045382,"max_abs":9.99447657e-05,"nonfinite_count":0,"pass":true,"divergence_ordinal":2}
MODEL_MATMUL_AUDIT_JSON {"tensor":"blk.11.ffn_gate.weight","output":"ffn_gate-11","dtype":"f16","m":64,"k":1536,"n":8960,"sample_m":2,"sample_n":16,"relative_l2":0.000772307757,"max_abs":0.00302423094,"nonfinite_count":0,"pass":true,"divergence_ordinal":2}
MODEL_MATMUL_AUDIT_JSON {"tensor":"blk.11.ffn_up.weight","output":"ffn_up-11","dtype":"f16","m":64,"k":1536,"n":8960,"sample_m":2,"sample_n":16,"relative_l2":0.000559226559,"max_abs":0.00118433847,"nonfinite_count":0,"pass":true,"divergence_ordinal":2}
MODEL_MATMUL_AUDIT_JSON {"tensor":"blk.11.ffn_down.weight","output":"ffn_out-11","dtype":"f16","m":64,"k":8960,"n":1536,"sample_m":2,"sample_n":16,"relative_l2":0.000385835778,"max_abs":0.000571641722,"nonfinite_count":0,"pass":true,"divergence_ordinal":2}
MODEL_MATMUL_AUDIT_JSON {"tensor":"blk.12.attn_q.weight","output":"Qcur-12","dtype":"f16","m":64,"k":1536,"n":1536,"sample_m":2,"sample_n":16,"relative_l2":0.000435330667,"max_abs":0.000554428087,"nonfinite_count":0,"pass":true,"divergence_ordinal":2}
MODEL_MATMUL_AUDIT_JSON {"tensor":"blk.12.attn_k.weight","output":"Kcur-12","dtype":"f16","m":64,"k":1536,"n":256,"sample_m":2,"sample_n":16,"relative_l2":0.000798896591,"max_abs":0.00137356133,"nonfinite_count":0,"pass":true,"divergence_ordinal":2}
MODEL_MATMUL_AUDIT_JSON {"tensor":"blk.12.attn_v.weight","output":"Vcur-12","dtype":"f16","m":64,"k":1536,"n":256,"sample_m":2,"sample_n":16,"relative_l2":0.000531560868,"max_abs":0.00121448596,"nonfinite_count":0,"pass":true,"divergence_ordinal":2}
MODEL_MATMUL_AUDIT_JSON {"tensor":"blk.12.attn_output.weight","output":"kqv_out-12","dtype":"f16","m":64,"k":1536,"n":1536,"sample_m":2,"sample_n":16,"relative_l2":0.000936656925,"max_abs":0.00018008177,"nonfinite_count":0,"pass":true,"divergence_ordinal":2}
MODEL_MATMUL_AUDIT_JSON {"tensor":"blk.12.ffn_gate.weight","output":"ffn_gate-12","dtype":"f16","m":64,"k":1536,"n":8960,"sample_m":2,"sample_n":16,"relative_l2":0.000565196371,"max_abs":0.00103036559,"nonfinite_count":0,"pass":true,"divergence_ordinal":2}
MODEL_MATMUL_AUDIT_JSON {"tensor":"blk.12.ffn_up.weight","output":"ffn_up-12","dtype":"f16","m":64,"k":1536,"n":8960,"sample_m":2,"sample_n":16,"relative_l2":0.0007605634,"max_abs":0.00138319843,"nonfinite_count":0,"pass":true,"divergence_ordinal":2}
MODEL_MATMUL_AUDIT_JSON {"tensor":"blk.12.ffn_down.weight","output":"ffn_out-12","dtype":"f16","m":64,"k":8960,"n":1536,"sample_m":2,"sample_n":16,"relative_l2":0.00047957938,"max_abs":0.000635497796,"nonfinite_count":0,"pass":true,"divergence_ordinal":2}
MODEL_MATMUL_AUDIT_JSON {"tensor":"blk.13.attn_q.weight","output":"Qcur-13","dtype":"f16","m":64,"k":1536,"n":1536,"sample_m":2,"sample_n":16,"relative_l2":0.000608229809,"max_abs":0.00154806569,"nonfinite_count":0,"pass":true,"divergence_ordinal":2}
MODEL_MATMUL_AUDIT_JSON {"tensor":"blk.13.attn_k.weight","output":"Kcur-13","dtype":"f16","m":64,"k":1536,"n":256,"sample_m":2,"sample_n":16,"relative_l2":0.000440307283,"max_abs":0.00181986624,"nonfinite_count":0,"pass":true,"divergence_ordinal":2}
MODEL_MATMUL_AUDIT_JSON {"tensor":"blk.13.attn_v.weight","output":"Vcur-13","dtype":"f16","m":64,"k":1536,"n":256,"sample_m":2,"sample_n":16,"relative_l2":0.000562554004,"max_abs":0.00129241345,"nonfinite_count":0,"pass":true,"divergence_ordinal":2}
MODEL_MATMUL_AUDIT_JSON {"tensor":"blk.13.attn_output.weight","output":"kqv_out-13","dtype":"f16","m":64,"k":1536,"n":1536,"sample_m":2,"sample_n":16,"relative_l2":0.00051930138,"max_abs":0.00017103467,"nonfinite_count":0,"pass":true,"divergence_ordinal":2}
MODEL_MATMUL_AUDIT_JSON {"tensor":"blk.13.ffn_gate.weight","output":"ffn_gate-13","dtype":"f16","m":64,"k":1536,"n":8960,"sample_m":2,"sample_n":16,"relative_l2":0.000542597314,"max_abs":0.0011604348,"nonfinite_count":0,"pass":true,"divergence_ordinal":2}
MODEL_MATMUL_AUDIT_JSON {"tensor":"blk.13.ffn_up.weight","output":"ffn_up-13","dtype":"f16","m":64,"k":1536,"n":8960,"sample_m":2,"sample_n":16,"relative_l2":0.000581607384,"max_abs":0.00129714608,"nonfinite_count":0,"pass":true,"divergence_ordinal":2}
MODEL_MATMUL_AUDIT_JSON {"tensor":"blk.13.ffn_down.weight","output":"ffn_out-13","dtype":"f16","m":64,"k":8960,"n":1536,"sample_m":2,"sample_n":16,"relative_l2":0.000485335614,"max_abs":0.000600099796,"nonfinite_count":0,"pass":true,"divergence_ordinal":2}
MODEL_MATMUL_AUDIT_JSON {"tensor":"blk.14.attn_q.weight","output":"Qcur-14","dtype":"f16","m":64,"k":1536,"n":1536,"sample_m":2,"sample_n":16,"relative_l2":0.000515404388,"max_abs":0.000713096932,"nonfinite_count":0,"pass":true,"divergence_ordinal":2}
MODEL_MATMUL_AUDIT_JSON {"tensor":"blk.14.attn_k.weight","output":"Kcur-14","dtype":"f16","m":64,"k":1536,"n":256,"sample_m":2,"sample_n":16,"relative_l2":0.000438207448,"max_abs":0.000543484639,"nonfinite_count":0,"pass":true,"divergence_ordinal":2}
MODEL_MATMUL_AUDIT_JSON {"tensor":"blk.14.attn_v.weight","output":"Vcur-14","dtype":"f16","m":64,"k":1536,"n":256,"sample_m":2,"sample_n":16,"relative_l2":0.000625142557,"max_abs":0.00147292379,"nonfinite_count":0,"pass":true,"divergence_ordinal":2}
MODEL_MATMUL_AUDIT_JSON {"tensor":"blk.14.attn_output.weight","output":"kqv_out-14","dtype":"f16","m":64,"k":1536,"n":1536,"sample_m":2,"sample_n":16,"relative_l2":0.000449586292,"max_abs":0.000125238541,"nonfinite_count":0,"pass":true,"divergence_ordinal":2}
MODEL_MATMUL_AUDIT_JSON {"tensor":"blk.14.ffn_gate.weight","output":"ffn_gate-14","dtype":"f16","m":64,"k":1536,"n":8960,"sample_m":2,"sample_n":16,"relative_l2":0.000572236421,"max_abs":0.0019663875,"nonfinite_count":0,"pass":true,"divergence_ordinal":2}
MODEL_MATMUL_AUDIT_JSON {"tensor":"blk.14.ffn_up.weight","output":"ffn_up-14","dtype":"f16","m":64,"k":1536,"n":8960,"sample_m":2,"sample_n":16,"relative_l2":0.000664661304,"max_abs":0.000960834906,"nonfinite_count":0,"pass":true,"divergence_ordinal":2}
MODEL_MATMUL_AUDIT_JSON {"tensor":"blk.14.ffn_down.weight","output":"ffn_out-14","dtype":"f16","m":64,"k":8960,"n":1536,"sample_m":2,"sample_n":16,"relative_l2":0.000657801883,"max_abs":0.00111854891,"nonfinite_count":0,"pass":true,"divergence_ordinal":2}
MODEL_MATMUL_AUDIT_JSON {"tensor":"blk.15.attn_q.weight","output":"Qcur-15","dtype":"f16","m":64,"k":1536,"n":1536,"sample_m":2,"sample_n":16,"relative_l2":0.000525773781,"max_abs":0.00211466639,"nonfinite_count":0,"pass":true,"divergence_ordinal":2}
MODEL_MATMUL_AUDIT_JSON {"tensor":"blk.15.attn_k.weight","output":"Kcur-15","dtype":"f16","m":64,"k":1536,"n":256,"sample_m":2,"sample_n":16,"relative_l2":0.000563029279,"max_abs":0.000761457486,"nonfinite_count":0,"pass":true,"divergence_ordinal":2}
MODEL_MATMUL_AUDIT_JSON {"tensor":"blk.15.attn_v.weight","output":"Vcur-15","dtype":"f16","m":64,"k":1536,"n":256,"sample_m":2,"sample_n":16,"relative_l2":0.000606196806,"max_abs":0.000982902595,"nonfinite_count":0,"pass":true,"divergence_ordinal":2}
MODEL_MATMUL_AUDIT_JSON {"tensor":"blk.15.attn_output.weight","output":"kqv_out-15","dtype":"f16","m":64,"k":1536,"n":1536,"sample_m":2,"sample_n":16,"relative_l2":0.000490330033,"max_abs":0.000127887062,"nonfinite_count":0,"pass":true,"divergence_ordinal":2}
MODEL_MATMUL_AUDIT_JSON {"tensor":"blk.15.ffn_gate.weight","output":"ffn_gate-15","dtype":"f16","m":64,"k":1536,"n":8960,"sample_m":2,"sample_n":16,"relative_l2":0.000549476346,"max_abs":0.00095096213,"nonfinite_count":0,"pass":true,"divergence_ordinal":2}
MODEL_MATMUL_AUDIT_JSON {"tensor":"blk.15.ffn_up.weight","output":"ffn_up-15","dtype":"f16","m":64,"k":1536,"n":8960,"sample_m":2,"sample_n":16,"relative_l2":0.000580846401,"max_abs":0.000764368742,"nonfinite_count":0,"pass":true,"divergence_ordinal":2}
MODEL_MATMUL_AUDIT_JSON {"tensor":"blk.15.ffn_down.weight","output":"ffn_out-15","dtype":"f16","m":64,"k":8960,"n":1536,"sample_m":2,"sample_n":16,"relative_l2":0.000523562991,"max_abs":0.000688170781,"nonfinite_count":0,"pass":true,"divergence_ordinal":2}
MODEL_MATMUL_AUDIT_JSON {"tensor":"blk.16.attn_q.weight","output":"Qcur-16","dtype":"f16","m":64,"k":1536,"n":1536,"sample_m":2,"sample_n":16,"relative_l2":0.00073627182,"max_abs":0.00148082257,"nonfinite_count":0,"pass":true,"divergence_ordinal":2}
MODEL_MATMUL_AUDIT_JSON {"tensor":"blk.16.attn_k.weight","output":"Kcur-16","dtype":"f16","m":64,"k":1536,"n":256,"sample_m":2,"sample_n":16,"relative_l2":0.000469138824,"max_abs":0.000663055282,"nonfinite_count":0,"pass":true,"divergence_ordinal":2}
MODEL_MATMUL_AUDIT_JSON {"tensor":"blk.16.attn_v.weight","output":"Vcur-16","dtype":"f16","m":64,"k":1536,"n":256,"sample_m":2,"sample_n":16,"relative_l2":0.000788995826,"max_abs":0.0016238034,"nonfinite_count":0,"pass":true,"divergence_ordinal":2}
MODEL_MATMUL_AUDIT_JSON {"tensor":"blk.16.attn_output.weight","output":"kqv_out-16","dtype":"f16","m":64,"k":1536,"n":1536,"sample_m":2,"sample_n":16,"relative_l2":0.000527180459,"max_abs":4.45881415e-05,"nonfinite_count":0,"pass":true,"divergence_ordinal":2}
MODEL_MATMUL_AUDIT_JSON {"tensor":"blk.16.ffn_gate.weight","output":"ffn_gate-16","dtype":"f16","m":64,"k":1536,"n":8960,"sample_m":2,"sample_n":16,"relative_l2":0.000538797218,"max_abs":0.001528305,"nonfinite_count":0,"pass":true,"divergence_ordinal":2}
MODEL_MATMUL_AUDIT_JSON {"tensor":"blk.16.ffn_up.weight","output":"ffn_up-16","dtype":"f16","m":64,"k":1536,"n":8960,"sample_m":2,"sample_n":16,"relative_l2":0.000610199258,"max_abs":0.00147291215,"nonfinite_count":0,"pass":true,"divergence_ordinal":2}
MODEL_MATMUL_AUDIT_JSON {"tensor":"blk.16.ffn_down.weight","output":"ffn_out-16","dtype":"f16","m":64,"k":8960,"n":1536,"sample_m":2,"sample_n":16,"relative_l2":0.000516690446,"max_abs":0.000478593953,"nonfinite_count":0,"pass":true,"divergence_ordinal":2}
MODEL_MATMUL_AUDIT_JSON {"tensor":"blk.17.attn_q.weight","output":"Qcur-17","dtype":"f16","m":64,"k":1536,"n":1536,"sample_m":2,"sample_n":16,"relative_l2":0.000409620705,"max_abs":0.00239889906,"nonfinite_count":0,"pass":true,"divergence_ordinal":2}
MODEL_MATMUL_AUDIT_JSON {"tensor":"blk.17.attn_k.weight","output":"Kcur-17","dtype":"f16","m":64,"k":1536,"n":256,"sample_m":2,"sample_n":16,"relative_l2":0.000318790352,"max_abs":0.000510235142,"nonfinite_count":0,"pass":true,"divergence_ordinal":2}
MODEL_MATMUL_AUDIT_JSON {"tensor":"blk.17.attn_v.weight","output":"Vcur-17","dtype":"f16","m":64,"k":1536,"n":256,"sample_m":2,"sample_n":16,"relative_l2":0.000581814448,"max_abs":0.00108965382,"nonfinite_count":0,"pass":true,"divergence_ordinal":2}
MODEL_MATMUL_AUDIT_JSON {"tensor":"blk.17.attn_output.weight","output":"kqv_out-17","dtype":"f16","m":64,"k":1536,"n":1536,"sample_m":2,"sample_n":16,"relative_l2":0.000455513524,"max_abs":0.000224974123,"nonfinite_count":0,"pass":true,"divergence_ordinal":2}
MODEL_MATMUL_AUDIT_JSON {"tensor":"blk.17.ffn_gate.weight","output":"ffn_gate-17","dtype":"f16","m":64,"k":1536,"n":8960,"sample_m":2,"sample_n":16,"relative_l2":0.000557537667,"max_abs":0.00144018279,"nonfinite_count":0,"pass":true,"divergence_ordinal":2}
MODEL_MATMUL_AUDIT_JSON {"tensor":"blk.17.ffn_up.weight","output":"ffn_up-17","dtype":"f16","m":64,"k":1536,"n":8960,"sample_m":2,"sample_n":16,"relative_l2":0.000481886882,"max_abs":0.000953258423,"nonfinite_count":0,"pass":true,"divergence_ordinal":2}
MODEL_MATMUL_AUDIT_JSON {"tensor":"blk.17.ffn_down.weight","output":"ffn_out-17","dtype":"f16","m":64,"k":8960,"n":1536,"sample_m":2,"sample_n":16,"relative_l2":0.000668927328,"max_abs":0.00128407811,"nonfinite_count":0,"pass":true,"divergence_ordinal":2}
MODEL_MATMUL_AUDIT_JSON {"tensor":"blk.18.attn_q.weight","output":"Qcur-18","dtype":"f16","m":64,"k":1536,"n":1536,"sample_m":2,"sample_n":16,"relative_l2":0.000384498137,"max_abs":0.000979907112,"nonfinite_count":0,"pass":true,"divergence_ordinal":2}
MODEL_MATMUL_AUDIT_JSON {"tensor":"blk.18.attn_k.weight","output":"Kcur-18","dtype":"f16","m":64,"k":1536,"n":256,"sample_m":2,"sample_n":16,"relative_l2":0.000491406168,"max_abs":0.000996823073,"nonfinite_count":0,"pass":true,"divergence_ordinal":2}
MODEL_MATMUL_AUDIT_JSON {"tensor":"blk.18.attn_v.weight","output":"Vcur-18","dtype":"f16","m":64,"k":1536,"n":256,"sample_m":2,"sample_n":16,"relative_l2":0.00052753732,"max_abs":0.000933515956,"nonfinite_count":0,"pass":true,"divergence_ordinal":2}
MODEL_MATMUL_AUDIT_JSON {"tensor":"blk.18.attn_output.weight","output":"kqv_out-18","dtype":"f16","m":64,"k":1536,"n":1536,"sample_m":2,"sample_n":16,"relative_l2":0.000548258924,"max_abs":0.000105173938,"nonfinite_count":0,"pass":true,"divergence_ordinal":2}
MODEL_MATMUL_AUDIT_JSON {"tensor":"blk.18.ffn_gate.weight","output":"ffn_gate-18","dtype":"f16","m":64,"k":1536,"n":8960,"sample_m":2,"sample_n":16,"relative_l2":0.000511050643,"max_abs":0.000617503596,"nonfinite_count":0,"pass":true,"divergence_ordinal":2}
MODEL_MATMUL_AUDIT_JSON {"tensor":"blk.18.ffn_up.weight","output":"ffn_up-18","dtype":"f16","m":64,"k":1536,"n":8960,"sample_m":2,"sample_n":16,"relative_l2":0.000785014575,"max_abs":0.00130426255,"nonfinite_count":0,"pass":true,"divergence_ordinal":2}
MODEL_MATMUL_AUDIT_JSON {"tensor":"blk.18.ffn_down.weight","output":"ffn_out-18","dtype":"f16","m":64,"k":8960,"n":1536,"sample_m":2,"sample_n":16,"relative_l2":0.000563621292,"max_abs":0.00116113725,"nonfinite_count":0,"pass":true,"divergence_ordinal":2}
MODEL_MATMUL_AUDIT_JSON {"tensor":"blk.19.attn_q.weight","output":"Qcur-19","dtype":"f16","m":64,"k":1536,"n":1536,"sample_m":2,"sample_n":16,"relative_l2":0.000750793056,"max_abs":0.000914283621,"nonfinite_count":0,"pass":true,"divergence_ordinal":2}
MODEL_MATMUL_AUDIT_JSON {"tensor":"blk.19.attn_k.weight","output":"Kcur-19","dtype":"f16","m":64,"k":1536,"n":256,"sample_m":2,"sample_n":16,"relative_l2":0.000462931428,"max_abs":0.000672509312,"nonfinite_count":0,"pass":true,"divergence_ordinal":2}
MODEL_MATMUL_AUDIT_JSON {"tensor":"blk.19.attn_v.weight","output":"Vcur-19","dtype":"f16","m":64,"k":1536,"n":256,"sample_m":2,"sample_n":16,"relative_l2":0.00072101845,"max_abs":0.0027175704,"nonfinite_count":0,"pass":true,"divergence_ordinal":2}
MODEL_MATMUL_AUDIT_JSON {"tensor":"blk.19.attn_output.weight","output":"kqv_out-19","dtype":"f16","m":64,"k":1536,"n":1536,"sample_m":2,"sample_n":16,"relative_l2":0.000436156554,"max_abs":0.000142150689,"nonfinite_count":0,"pass":true,"divergence_ordinal":2}
MODEL_MATMUL_AUDIT_JSON {"tensor":"blk.19.ffn_gate.weight","output":"ffn_gate-19","dtype":"f16","m":64,"k":1536,"n":8960,"sample_m":2,"sample_n":16,"relative_l2":0.000510812683,"max_abs":0.00137330755,"nonfinite_count":0,"pass":true,"divergence_ordinal":2}
MODEL_MATMUL_AUDIT_JSON {"tensor":"blk.19.ffn_up.weight","output":"ffn_up-19","dtype":"f16","m":64,"k":1536,"n":8960,"sample_m":2,"sample_n":16,"relative_l2":0.000567627887,"max_abs":0.00115141517,"nonfinite_count":0,"pass":true,"divergence_ordinal":2}
MODEL_MATMUL_AUDIT_JSON {"tensor":"blk.19.ffn_down.weight","output":"ffn_out-19","dtype":"f16","m":64,"k":8960,"n":1536,"sample_m":2,"sample_n":16,"relative_l2":0.000521944041,"max_abs":0.00116861868,"nonfinite_count":0,"pass":true,"divergence_ordinal":2}
MODEL_MATMUL_AUDIT_JSON {"tensor":"blk.20.attn_q.weight","output":"Qcur-20","dtype":"f16","m":64,"k":1536,"n":1536,"sample_m":2,"sample_n":16,"relative_l2":0.000539332652,"max_abs":0.00140354398,"nonfinite_count":0,"pass":true,"divergence_ordinal":2}
MODEL_MATMUL_AUDIT_JSON {"tensor":"blk.20.attn_k.weight","output":"Kcur-20","dtype":"f16","m":64,"k":1536,"n":256,"sample_m":2,"sample_n":16,"relative_l2":0.000634077321,"max_abs":0.000770329731,"nonfinite_count":0,"pass":true,"divergence_ordinal":2}
MODEL_MATMUL_AUDIT_JSON {"tensor":"blk.20.attn_v.weight","output":"Vcur-20","dtype":"f16","m":64,"k":1536,"n":256,"sample_m":2,"sample_n":16,"relative_l2":0.000496809128,"max_abs":0.00139295787,"nonfinite_count":0,"pass":true,"divergence_ordinal":2}
MODEL_MATMUL_AUDIT_JSON {"tensor":"blk.20.attn_output.weight","output":"kqv_out-20","dtype":"f16","m":64,"k":1536,"n":1536,"sample_m":2,"sample_n":16,"relative_l2":0.00084251471,"max_abs":0.000178498696,"nonfinite_count":0,"pass":true,"divergence_ordinal":2}
MODEL_MATMUL_AUDIT_JSON {"tensor":"blk.20.ffn_gate.weight","output":"ffn_gate-20","dtype":"f16","m":64,"k":1536,"n":8960,"sample_m":2,"sample_n":16,"relative_l2":0.000511562918,"max_abs":0.00122976932,"nonfinite_count":0,"pass":true,"divergence_ordinal":2}
MODEL_MATMUL_AUDIT_JSON {"tensor":"blk.20.ffn_up.weight","output":"ffn_up-20","dtype":"f16","m":64,"k":1536,"n":8960,"sample_m":2,"sample_n":16,"relative_l2":0.000701715631,"max_abs":0.00156242866,"nonfinite_count":0,"pass":true,"divergence_ordinal":2}
MODEL_MATMUL_AUDIT_JSON {"tensor":"blk.20.ffn_down.weight","output":"ffn_out-20","dtype":"f16","m":64,"k":8960,"n":1536,"sample_m":2,"sample_n":16,"relative_l2":0.000527161757,"max_abs":0.000804610201,"nonfinite_count":0,"pass":true,"divergence_ordinal":2}
MODEL_MATMUL_AUDIT_JSON {"tensor":"blk.21.attn_q.weight","output":"Qcur-21","dtype":"f16","m":64,"k":1536,"n":1536,"sample_m":2,"sample_n":16,"relative_l2":0.000417973558,"max_abs":0.000580576423,"nonfinite_count":0,"pass":true,"divergence_ordinal":2}
MODEL_MATMUL_AUDIT_JSON {"tensor":"blk.21.attn_k.weight","output":"Kcur-21","dtype":"f16","m":64,"k":1536,"n":256,"sample_m":2,"sample_n":16,"relative_l2":0.00056406089,"max_abs":0.000704531558,"nonfinite_count":0,"pass":true,"divergence_ordinal":2}
MODEL_MATMUL_AUDIT_JSON {"tensor":"blk.21.attn_v.weight","output":"Vcur-21","dtype":"f16","m":64,"k":1536,"n":256,"sample_m":2,"sample_n":16,"relative_l2":0.000480011403,"max_abs":0.00131132477,"nonfinite_count":0,"pass":true,"divergence_ordinal":2}
MODEL_MATMUL_AUDIT_JSON {"tensor":"blk.21.attn_output.weight","output":"kqv_out-21","dtype":"f16","m":64,"k":1536,"n":1536,"sample_m":2,"sample_n":16,"relative_l2":0.000383011544,"max_abs":0.000111507405,"nonfinite_count":0,"pass":true,"divergence_ordinal":2}
MODEL_MATMUL_AUDIT_JSON {"tensor":"blk.21.ffn_gate.weight","output":"ffn_gate-21","dtype":"f16","m":64,"k":1536,"n":8960,"sample_m":2,"sample_n":16,"relative_l2":0.000762916261,"max_abs":0.00272680447,"nonfinite_count":0,"pass":true,"divergence_ordinal":2}
MODEL_MATMUL_AUDIT_JSON {"tensor":"blk.21.ffn_up.weight","output":"ffn_up-21","dtype":"f16","m":64,"k":1536,"n":8960,"sample_m":2,"sample_n":16,"relative_l2":0.000563554017,"max_abs":0.000964604726,"nonfinite_count":0,"pass":true,"divergence_ordinal":2}
MODEL_MATMUL_AUDIT_JSON {"tensor":"blk.21.ffn_down.weight","output":"ffn_out-21","dtype":"f16","m":64,"k":8960,"n":1536,"sample_m":2,"sample_n":16,"relative_l2":0.000697668905,"max_abs":0.00126528565,"nonfinite_count":0,"pass":true,"divergence_ordinal":2}
MODEL_MATMUL_AUDIT_JSON {"tensor":"blk.22.attn_q.weight","output":"Qcur-22","dtype":"f16","m":64,"k":1536,"n":1536,"sample_m":2,"sample_n":16,"relative_l2":0.000663598193,"max_abs":0.00277943444,"nonfinite_count":0,"pass":true,"divergence_ordinal":2}
MODEL_MATMUL_AUDIT_JSON {"tensor":"blk.22.attn_k.weight","output":"Kcur-22","dtype":"f16","m":64,"k":1536,"n":256,"sample_m":2,"sample_n":16,"relative_l2":0.000561670691,"max_abs":0.00181814306,"nonfinite_count":0,"pass":true,"divergence_ordinal":2}
MODEL_MATMUL_AUDIT_JSON {"tensor":"blk.22.attn_v.weight","output":"Vcur-22","dtype":"f16","m":64,"k":1536,"n":256,"sample_m":2,"sample_n":16,"relative_l2":0.000502524043,"max_abs":0.00153049268,"nonfinite_count":0,"pass":true,"divergence_ordinal":2}
MODEL_MATMUL_AUDIT_JSON {"tensor":"blk.22.attn_output.weight","output":"kqv_out-22","dtype":"f16","m":64,"k":1536,"n":1536,"sample_m":2,"sample_n":16,"relative_l2":0.000449034043,"max_abs":6.92299218e-05,"nonfinite_count":0,"pass":true,"divergence_ordinal":2}
MODEL_MATMUL_AUDIT_JSON {"tensor":"blk.22.ffn_gate.weight","output":"ffn_gate-22","dtype":"f16","m":64,"k":1536,"n":8960,"sample_m":2,"sample_n":16,"relative_l2":0.000430970462,"max_abs":0.00269460375,"nonfinite_count":0,"pass":true,"divergence_ordinal":2}
MODEL_MATMUL_AUDIT_JSON {"tensor":"blk.22.ffn_up.weight","output":"ffn_up-22","dtype":"f16","m":64,"k":1536,"n":8960,"sample_m":2,"sample_n":16,"relative_l2":0.000804421296,"max_abs":0.0025513568,"nonfinite_count":0,"pass":true,"divergence_ordinal":2}
MODEL_MATMUL_AUDIT_JSON {"tensor":"blk.22.ffn_down.weight","output":"ffn_out-22","dtype":"f16","m":64,"k":8960,"n":1536,"sample_m":2,"sample_n":16,"relative_l2":0.00052734118,"max_abs":0.00155710976,"nonfinite_count":0,"pass":true,"divergence_ordinal":2}
MODEL_MATMUL_AUDIT_JSON {"tensor":"blk.23.attn_q.weight","output":"Qcur-23","dtype":"f16","m":64,"k":1536,"n":1536,"sample_m":2,"sample_n":16,"relative_l2":0.000628191851,"max_abs":0.000735723297,"nonfinite_count":0,"pass":true,"divergence_ordinal":2}
MODEL_MATMUL_AUDIT_JSON {"tensor":"blk.23.attn_k.weight","output":"Kcur-23","dtype":"f16","m":64,"k":1536,"n":256,"sample_m":2,"sample_n":16,"relative_l2":0.000566273369,"max_abs":0.000823412032,"nonfinite_count":0,"pass":true,"divergence_ordinal":2}
MODEL_MATMUL_AUDIT_JSON {"tensor":"blk.23.attn_v.weight","output":"Vcur-23","dtype":"f16","m":64,"k":1536,"n":256,"sample_m":2,"sample_n":16,"relative_l2":0.000389961106,"max_abs":0.00196436048,"nonfinite_count":0,"pass":true,"divergence_ordinal":2}
MODEL_MATMUL_AUDIT_JSON {"tensor":"blk.23.attn_output.weight","output":"kqv_out-23","dtype":"f16","m":64,"k":1536,"n":1536,"sample_m":2,"sample_n":16,"relative_l2":0.000525376004,"max_abs":0.00015234499,"nonfinite_count":0,"pass":true,"divergence_ordinal":2}
MODEL_MATMUL_AUDIT_JSON {"tensor":"blk.23.ffn_gate.weight","output":"ffn_gate-23","dtype":"f16","m":64,"k":1536,"n":8960,"sample_m":2,"sample_n":16,"relative_l2":0.000582755591,"max_abs":0.00306854676,"nonfinite_count":0,"pass":true,"divergence_ordinal":2}
MODEL_MATMUL_AUDIT_JSON {"tensor":"blk.23.ffn_up.weight","output":"ffn_up-23","dtype":"f16","m":64,"k":1536,"n":8960,"sample_m":2,"sample_n":16,"relative_l2":0.000473261404,"max_abs":0.0015588142,"nonfinite_count":0,"pass":true,"divergence_ordinal":2}
MODEL_MATMUL_AUDIT_JSON {"tensor":"blk.23.ffn_down.weight","output":"ffn_out-23","dtype":"f16","m":64,"k":8960,"n":1536,"sample_m":2,"sample_n":16,"relative_l2":0.000484288413,"max_abs":0.00253983447,"nonfinite_count":0,"pass":true,"divergence_ordinal":2}
MODEL_MATMUL_AUDIT_JSON {"tensor":"blk.24.attn_q.weight","output":"Qcur-24","dtype":"f16","m":64,"k":1536,"n":1536,"sample_m":2,"sample_n":16,"relative_l2":0.000550391044,"max_abs":0.0017423348,"nonfinite_count":0,"pass":true,"divergence_ordinal":2}
MODEL_MATMUL_AUDIT_JSON {"tensor":"blk.24.attn_k.weight","output":"Kcur-24","dtype":"f16","m":64,"k":1536,"n":256,"sample_m":2,"sample_n":16,"relative_l2":0.000406979248,"max_abs":0.00118174753,"nonfinite_count":0,"pass":true,"divergence_ordinal":2}
MODEL_MATMUL_AUDIT_JSON {"tensor":"blk.24.attn_v.weight","output":"Vcur-24","dtype":"f16","m":64,"k":1536,"n":256,"sample_m":2,"sample_n":16,"relative_l2":0.000743543518,"max_abs":0.00243862532,"nonfinite_count":0,"pass":true,"divergence_ordinal":2}
MODEL_MATMUL_AUDIT_JSON {"tensor":"blk.24.attn_output.weight","output":"kqv_out-24","dtype":"f16","m":64,"k":1536,"n":1536,"sample_m":2,"sample_n":16,"relative_l2":1.39812612,"max_abs":2.19640868e-11,"nonfinite_count":0,"pass":false,"divergence_ordinal":3}
MODEL_MATMUL_AUDIT_JSON {"tensor":"blk.24.ffn_gate.weight","output":"ffn_gate-24","dtype":"f16","m":64,"k":1536,"n":8960,"sample_m":2,"sample_n":16,"relative_l2":0.000698936001,"max_abs":0.00552677736,"nonfinite_count":0,"pass":true,"divergence_ordinal":3}
MODEL_MATMUL_AUDIT_JSON {"tensor":"blk.24.ffn_up.weight","output":"ffn_up-24","dtype":"f16","m":64,"k":1536,"n":8960,"sample_m":2,"sample_n":16,"relative_l2":0.000654854529,"max_abs":0.00162654556,"nonfinite_count":0,"pass":true,"divergence_ordinal":3}
MODEL_MATMUL_AUDIT_JSON {"tensor":"blk.24.ffn_down.weight","output":"ffn_out-24","dtype":"f16","m":64,"k":8960,"n":1536,"sample_m":2,"sample_n":16,"relative_l2":0.00049562754,"max_abs":0.00350622344,"nonfinite_count":0,"pass":true,"divergence_ordinal":3}
MODEL_MATMUL_AUDIT_JSON {"tensor":"blk.25.attn_q.weight","output":"Qcur-25","dtype":"f16","m":64,"k":1536,"n":1536,"sample_m":2,"sample_n":16,"relative_l2":0.000477381085,"max_abs":0.000699183205,"nonfinite_count":0,"pass":true,"divergence_ordinal":3}
MODEL_MATMUL_AUDIT_JSON {"tensor":"blk.25.attn_k.weight","output":"Kcur-25","dtype":"f16","m":64,"k":1536,"n":256,"sample_m":2,"sample_n":16,"relative_l2":0.000562261974,"max_abs":0.00152831769,"nonfinite_count":0,"pass":true,"divergence_ordinal":3}
MODEL_MATMUL_AUDIT_JSON {"tensor":"blk.25.attn_v.weight","output":"Vcur-25","dtype":"f16","m":64,"k":1536,"n":256,"sample_m":2,"sample_n":16,"relative_l2":0.000706658692,"max_abs":0.00348659861,"nonfinite_count":0,"pass":true,"divergence_ordinal":3}
MODEL_MATMUL_AUDIT_JSON {"tensor":"blk.25.attn_output.weight","output":"kqv_out-25","dtype":"f16","m":64,"k":1536,"n":1536,"sample_m":2,"sample_n":16,"relative_l2":0.000749136265,"max_abs":1.48136532,"nonfinite_count":0,"pass":true,"divergence_ordinal":3}
MODEL_MATMUL_AUDIT_JSON {"tensor":"blk.25.ffn_gate.weight","output":"ffn_gate-25","dtype":"f16","m":64,"k":1536,"n":8960,"sample_m":2,"sample_n":16,"relative_l2":0.00061443604,"max_abs":0.000665254367,"nonfinite_count":0,"pass":true,"divergence_ordinal":3}
MODEL_MATMUL_AUDIT_JSON {"tensor":"blk.25.ffn_up.weight","output":"ffn_up-25","dtype":"f16","m":64,"k":1536,"n":8960,"sample_m":2,"sample_n":16,"relative_l2":0.00067079163,"max_abs":0.00123570953,"nonfinite_count":0,"pass":true,"divergence_ordinal":3}
MODEL_MATMUL_AUDIT_JSON {"tensor":"blk.25.ffn_down.weight","output":"ffn_out-25","dtype":"f16","m":64,"k":8960,"n":1536,"sample_m":2,"sample_n":16,"relative_l2":0.000371543852,"max_abs":0.0182514191,"nonfinite_count":0,"pass":true,"divergence_ordinal":3}
MODEL_MATMUL_AUDIT_JSON {"tensor":"blk.26.attn_q.weight","output":"Qcur-26","dtype":"f16","m":64,"k":1536,"n":1536,"sample_m":2,"sample_n":16,"relative_l2":0.000496701737,"max_abs":0.000716375594,"nonfinite_count":0,"pass":true,"divergence_ordinal":3}
MODEL_MATMUL_AUDIT_JSON {"tensor":"blk.26.attn_k.weight","output":"Kcur-26","dtype":"f16","m":64,"k":1536,"n":256,"sample_m":2,"sample_n":16,"relative_l2":0.000697882464,"max_abs":0.000348887785,"nonfinite_count":0,"pass":true,"divergence_ordinal":3}
MODEL_MATMUL_AUDIT_JSON {"tensor":"blk.26.attn_v.weight","output":"Vcur-26","dtype":"f16","m":64,"k":1536,"n":256,"sample_m":2,"sample_n":16,"relative_l2":0.000605305794,"max_abs":0.00200258545,"nonfinite_count":0,"pass":true,"divergence_ordinal":3}
MODEL_MATMUL_AUDIT_JSON {"tensor":"blk.26.attn_output.weight","output":"kqv_out-26","dtype":"f16","m":64,"k":1536,"n":1536,"sample_m":2,"sample_n":16,"relative_l2":1.53363249,"max_abs":2.0420882e-11,"nonfinite_count":0,"pass":false,"divergence_ordinal":4}
MODEL_MATMUL_AUDIT_JSON {"tensor":"blk.26.ffn_gate.weight","output":"ffn_gate-26","dtype":"f16","m":64,"k":1536,"n":8960,"sample_m":2,"sample_n":16,"relative_l2":0.000847853078,"max_abs":0.00293610897,"nonfinite_count":0,"pass":true,"divergence_ordinal":4}
MODEL_MATMUL_AUDIT_JSON {"tensor":"blk.26.ffn_up.weight","output":"ffn_up-26","dtype":"f16","m":64,"k":1536,"n":8960,"sample_m":2,"sample_n":16,"relative_l2":0.000647941293,"max_abs":0.00113510853,"nonfinite_count":0,"pass":true,"divergence_ordinal":4}
MODEL_MATMUL_AUDIT_JSON {"tensor":"blk.26.ffn_down.weight","output":"ffn_out-26","dtype":"f16","m":64,"k":8960,"n":1536,"sample_m":2,"sample_n":16,"relative_l2":0.000469714414,"max_abs":0.0114476029,"nonfinite_count":0,"pass":true,"divergence_ordinal":4}
MODEL_MATMUL_AUDIT_JSON {"tensor":"blk.27.attn_q.weight","output":"Qcur-27","dtype":"f16","m":64,"k":1536,"n":1536,"sample_m":2,"sample_n":16,"relative_l2":0.000666559114,"max_abs":0.000715764007,"nonfinite_count":0,"pass":true,"divergence_ordinal":4}
MODEL_MATMUL_AUDIT_JSON {"tensor":"blk.27.attn_k.weight","output":"Kcur-27","dtype":"f16","m":64,"k":1536,"n":256,"sample_m":2,"sample_n":16,"relative_l2":0.00067604849,"max_abs":0.000364777079,"nonfinite_count":0,"pass":true,"divergence_ordinal":4}
MODEL_MATMUL_AUDIT_JSON {"tensor":"blk.27.attn_v.weight","output":"Vcur-27","dtype":"f16","m":64,"k":1536,"n":256,"sample_m":2,"sample_n":16,"relative_l2":0.000644930977,"max_abs":0.004990594,"nonfinite_count":0,"pass":true,"divergence_ordinal":4}
MODEL_MATMUL_AUDIT_JSON {"tensor":"blk.27.attn_output.weight","output":"kqv_out-27","dtype":"f16","m":64,"k":1536,"n":1536,"sample_m":2,"sample_n":16,"relative_l2":1.96660707,"max_abs":1.70243871e-11,"nonfinite_count":0,"pass":false,"divergence_ordinal":5}
MODEL_MATMUL_AUDIT_JSON {"tensor":"blk.27.ffn_gate.weight","output":"ffn_gate-27","dtype":"f16","m":64,"k":1536,"n":8960,"sample_m":2,"sample_n":16,"relative_l2":0.000740204655,"max_abs":0.00353554683,"nonfinite_count":0,"pass":true,"divergence_ordinal":5}
MODEL_MATMUL_AUDIT_JSON {"tensor":"blk.27.ffn_up.weight","output":"ffn_up-27","dtype":"f16","m":64,"k":1536,"n":8960,"sample_m":2,"sample_n":16,"relative_l2":0.000539893428,"max_abs":0.00289134192,"nonfinite_count":0,"pass":true,"divergence_ordinal":5}
MODEL_MATMUL_AUDIT_JSON {"tensor":"blk.27.ffn_down.weight","output":"ffn_out-27","dtype":"f16","m":64,"k":8960,"n":1536,"sample_m":2,"sample_n":16,"relative_l2":0.00065265188,"max_abs":0.0844735727,"nonfinite_count":0,"pass":true,"divergence_ordinal":5}
MODEL_MATMUL_AUDIT_JSON {"tensor":"blk.0.attn_q.weight","output":"Qcur-0","dtype":"f16","m":64,"k":1536,"n":1536,"sample_m":2,"sample_n":16,"relative_l2":0.000543800649,"max_abs":0.000780877774,"nonfinite_count":0,"pass":true,"divergence_ordinal":5}
MODEL_MATMUL_AUDIT_JSON {"tensor":"blk.0.attn_k.weight","output":"Kcur-0","dtype":"f16","m":64,"k":1536,"n":256,"sample_m":2,"sample_n":16,"relative_l2":0.000664676386,"max_abs":0.00250031729,"nonfinite_count":0,"pass":true,"divergence_ordinal":5}
MODEL_MATMUL_AUDIT_JSON {"tensor":"blk.0.attn_v.weight","output":"Vcur-0","dtype":"f16","m":64,"k":1536,"n":256,"sample_m":2,"sample_n":16,"relative_l2":0.000600529398,"max_abs":0.000286638766,"nonfinite_count":0,"pass":true,"divergence_ordinal":5}
MODEL_MATMUL_AUDIT_JSON {"tensor":"blk.0.attn_output.weight","output":"kqv_out-0","dtype":"f16","m":64,"k":1536,"n":1536,"sample_m":2,"sample_n":16,"relative_l2":0.000277006964,"max_abs":0.000111187313,"nonfinite_count":0,"pass":true,"divergence_ordinal":5}
MODEL_MATMUL_AUDIT_JSON {"tensor":"blk.0.ffn_gate.weight","output":"ffn_gate-0","dtype":"f16","m":64,"k":1536,"n":8960,"sample_m":2,"sample_n":16,"relative_l2":0.000669439359,"max_abs":0.00167948077,"nonfinite_count":0,"pass":true,"divergence_ordinal":5}
MODEL_MATMUL_AUDIT_JSON {"tensor":"blk.0.ffn_up.weight","output":"ffn_up-0","dtype":"f16","m":64,"k":1536,"n":8960,"sample_m":2,"sample_n":16,"relative_l2":0.000566830668,"max_abs":0.00115699228,"nonfinite_count":0,"pass":true,"divergence_ordinal":5}
MODEL_MATMUL_AUDIT_JSON {"tensor":"blk.0.ffn_down.weight","output":"ffn_out-0","dtype":"f16","m":64,"k":8960,"n":1536,"sample_m":2,"sample_n":16,"relative_l2":0.000366909565,"max_abs":0.000408515654,"nonfinite_count":0,"pass":true,"divergence_ordinal":5}
MODEL_MATMUL_AUDIT_JSON {"tensor":"blk.1.attn_q.weight","output":"Qcur-1","dtype":"f16","m":64,"k":1536,"n":1536,"sample_m":2,"sample_n":16,"relative_l2":0.000449186502,"max_abs":0.000935260439,"nonfinite_count":0,"pass":true,"divergence_ordinal":5}
MODEL_MATMUL_AUDIT_JSON {"tensor":"blk.1.attn_k.weight","output":"Kcur-1","dtype":"f16","m":64,"k":1536,"n":256,"sample_m":2,"sample_n":16,"relative_l2":0.000495879823,"max_abs":0.00104642473,"nonfinite_count":0,"pass":true,"divergence_ordinal":5}
MODEL_MATMUL_AUDIT_JSON {"tensor":"blk.1.attn_v.weight","output":"Vcur-1","dtype":"f16","m":64,"k":1536,"n":256,"sample_m":2,"sample_n":16,"relative_l2":0.000535595248,"max_abs":0.000838570879,"nonfinite_count":0,"pass":true,"divergence_ordinal":5}
MODEL_MATMUL_AUDIT_JSON {"tensor":"blk.1.attn_output.weight","output":"kqv_out-1","dtype":"f16","m":64,"k":1536,"n":1536,"sample_m":2,"sample_n":16,"relative_l2":0.000632270493,"max_abs":9.1410584e-05,"nonfinite_count":0,"pass":true,"divergence_ordinal":5}
MODEL_MATMUL_AUDIT_JSON {"tensor":"blk.1.ffn_gate.weight","output":"ffn_gate-1","dtype":"f16","m":64,"k":1536,"n":8960,"sample_m":2,"sample_n":16,"relative_l2":0.0007634832,"max_abs":0.00796147063,"nonfinite_count":0,"pass":true,"divergence_ordinal":5}
MODEL_MATMUL_AUDIT_JSON {"tensor":"blk.1.ffn_up.weight","output":"ffn_up-1","dtype":"f16","m":64,"k":1536,"n":8960,"sample_m":2,"sample_n":16,"relative_l2":0.000508870251,"max_abs":0.00180798897,"nonfinite_count":0,"pass":true,"divergence_ordinal":5}
MODEL_MATMUL_AUDIT_JSON {"tensor":"blk.1.ffn_down.weight","output":"ffn_out-1","dtype":"f16","m":64,"k":8960,"n":1536,"sample_m":2,"sample_n":16,"relative_l2":0.000541042999,"max_abs":0.00278013223,"nonfinite_count":0,"pass":true,"divergence_ordinal":5}
MODEL_MATMUL_AUDIT_JSON {"tensor":"blk.2.attn_q.weight","output":"Qcur-2","dtype":"f16","m":64,"k":1536,"n":1536,"sample_m":2,"sample_n":16,"relative_l2":0.000525649425,"max_abs":0.000998920412,"nonfinite_count":0,"pass":true,"divergence_ordinal":5}
MODEL_MATMUL_AUDIT_JSON {"tensor":"blk.2.attn_k.weight","output":"Kcur-2","dtype":"f16","m":64,"k":1536,"n":256,"sample_m":2,"sample_n":16,"relative_l2":0.000497974782,"max_abs":0.00104488456,"nonfinite_count":0,"pass":true,"divergence_ordinal":5}
MODEL_MATMUL_AUDIT_JSON {"tensor":"blk.2.attn_v.weight","output":"Vcur-2","dtype":"f16","m":64,"k":1536,"n":256,"sample_m":2,"sample_n":16,"relative_l2":0.000509326786,"max_abs":0.000995218055,"nonfinite_count":0,"pass":true,"divergence_ordinal":5}
MODEL_MATMUL_AUDIT_JSON {"tensor":"blk.2.attn_output.weight","output":"kqv_out-2","dtype":"f16","m":64,"k":1536,"n":1536,"sample_m":2,"sample_n":16,"relative_l2":0.000368916963,"max_abs":9.88773172e-05,"nonfinite_count":0,"pass":true,"divergence_ordinal":5}
MODEL_MATMUL_AUDIT_JSON {"tensor":"blk.2.ffn_gate.weight","output":"ffn_gate-2","dtype":"f16","m":64,"k":1536,"n":8960,"sample_m":2,"sample_n":16,"relative_l2":0.000616031691,"max_abs":0.00317136361,"nonfinite_count":0,"pass":true,"divergence_ordinal":5}
MODEL_MATMUL_AUDIT_JSON {"tensor":"blk.2.ffn_up.weight","output":"ffn_up-2","dtype":"f16","m":64,"k":1536,"n":8960,"sample_m":2,"sample_n":16,"relative_l2":0.000628035635,"max_abs":0.00270696613,"nonfinite_count":0,"pass":true,"divergence_ordinal":5}
MODEL_MATMUL_AUDIT_JSON {"tensor":"blk.2.ffn_down.weight","output":"ffn_out-2","dtype":"f16","m":64,"k":8960,"n":1536,"sample_m":2,"sample_n":16,"relative_l2":0.000626697803,"max_abs":0.00676126452,"nonfinite_count":0,"pass":true,"divergence_ordinal":5}
MODEL_MATMUL_AUDIT_JSON {"tensor":"blk.3.attn_q.weight","output":"Qcur-3","dtype":"f16","m":64,"k":1536,"n":1536,"sample_m":2,"sample_n":16,"relative_l2":0.000478388176,"max_abs":0.00151064119,"nonfinite_count":0,"pass":true,"divergence_ordinal":5}
MODEL_MATMUL_AUDIT_JSON {"tensor":"blk.3.attn_k.weight","output":"Kcur-3","dtype":"f16","m":64,"k":1536,"n":256,"sample_m":2,"sample_n":16,"relative_l2":0.000547001525,"max_abs":0.00156217976,"nonfinite_count":0,"pass":true,"divergence_ordinal":5}
MODEL_MATMUL_AUDIT_JSON {"tensor":"blk.3.attn_v.weight","output":"Vcur-3","dtype":"f16","m":64,"k":1536,"n":256,"sample_m":2,"sample_n":16,"relative_l2":0.000498313123,"max_abs":0.000760390249,"nonfinite_count":0,"pass":true,"divergence_ordinal":5}
MODEL_MATMUL_AUDIT_JSON {"tensor":"blk.3.attn_output.weight","output":"kqv_out-3","dtype":"f16","m":64,"k":1536,"n":1536,"sample_m":2,"sample_n":16,"relative_l2":0.000719119989,"max_abs":0.000355964963,"nonfinite_count":0,"pass":true,"divergence_ordinal":5}
MODEL_MATMUL_AUDIT_JSON {"tensor":"blk.3.ffn_gate.weight","output":"ffn_gate-3","dtype":"f16","m":64,"k":1536,"n":8960,"sample_m":2,"sample_n":16,"relative_l2":0.000610041164,"max_abs":0.004106862,"nonfinite_count":0,"pass":true,"divergence_ordinal":5}
MODEL_MATMUL_AUDIT_JSON {"tensor":"blk.3.ffn_up.weight","output":"ffn_up-3","dtype":"f16","m":64,"k":1536,"n":8960,"sample_m":2,"sample_n":16,"relative_l2":0.000568534061,"max_abs":0.00182842987,"nonfinite_count":0,"pass":true,"divergence_ordinal":5}
MODEL_MATMUL_AUDIT_JSON {"tensor":"blk.3.ffn_down.weight","output":"ffn_out-3","dtype":"f16","m":64,"k":8960,"n":1536,"sample_m":2,"sample_n":16,"relative_l2":0.000656614222,"max_abs":0.00399198662,"nonfinite_count":0,"pass":true,"divergence_ordinal":5}
MODEL_MATMUL_AUDIT_JSON {"tensor":"blk.4.attn_q.weight","output":"Qcur-4","dtype":"f16","m":64,"k":1536,"n":1536,"sample_m":2,"sample_n":16,"relative_l2":0.000604078477,"max_abs":0.00135384244,"nonfinite_count":0,"pass":true,"divergence_ordinal":5}
MODEL_MATMUL_AUDIT_JSON {"tensor":"blk.4.attn_k.weight","output":"Kcur-4","dtype":"f16","m":64,"k":1536,"n":256,"sample_m":2,"sample_n":16,"relative_l2":0.000664770644,"max_abs":0.00132740941,"nonfinite_count":0,"pass":true,"divergence_ordinal":5}
MODEL_MATMUL_AUDIT_JSON {"tensor":"blk.4.attn_v.weight","output":"Vcur-4","dtype":"f16","m":64,"k":1536,"n":256,"sample_m":2,"sample_n":16,"relative_l2":0.000669094116,"max_abs":0.00151983625,"nonfinite_count":0,"pass":true,"divergence_ordinal":5}
MODEL_MATMUL_AUDIT_JSON {"tensor":"blk.4.attn_output.weight","output":"kqv_out-4","dtype":"f16","m":64,"k":1536,"n":1536,"sample_m":2,"sample_n":16,"relative_l2":0.000350185934,"max_abs":5.97144281e-05,"nonfinite_count":0,"pass":true,"divergence_ordinal":5}
MODEL_MATMUL_AUDIT_JSON {"tensor":"blk.4.ffn_gate.weight","output":"ffn_gate-4","dtype":"f16","m":64,"k":1536,"n":8960,"sample_m":2,"sample_n":16,"relative_l2":0.000364740923,"max_abs":0.00200238056,"nonfinite_count":0,"pass":true,"divergence_ordinal":5}
MODEL_MATMUL_AUDIT_JSON {"tensor":"blk.4.ffn_up.weight","output":"ffn_up-4","dtype":"f16","m":64,"k":1536,"n":8960,"sample_m":2,"sample_n":16,"relative_l2":0.000442817107,"max_abs":0.000929161324,"nonfinite_count":0,"pass":true,"divergence_ordinal":5}
MODEL_MATMUL_AUDIT_JSON {"tensor":"blk.4.ffn_down.weight","output":"ffn_out-4","dtype":"f16","m":64,"k":8960,"n":1536,"sample_m":2,"sample_n":16,"relative_l2":0.000527859887,"max_abs":0.00263982848,"nonfinite_count":0,"pass":true,"divergence_ordinal":5}
MODEL_MATMUL_AUDIT_JSON {"tensor":"blk.5.attn_q.weight","output":"Qcur-5","dtype":"f16","m":64,"k":1536,"n":1536,"sample_m":2,"sample_n":16,"relative_l2":0.000397585057,"max_abs":0.000660876976,"nonfinite_count":0,"pass":true,"divergence_ordinal":5}
MODEL_MATMUL_AUDIT_JSON {"tensor":"blk.5.attn_k.weight","output":"Kcur-5","dtype":"f16","m":64,"k":1536,"n":256,"sample_m":2,"sample_n":16,"relative_l2":0.000515380419,"max_abs":0.00136732322,"nonfinite_count":0,"pass":true,"divergence_ordinal":5}
MODEL_MATMUL_AUDIT_JSON {"tensor":"blk.5.attn_v.weight","output":"Vcur-5","dtype":"f16","m":64,"k":1536,"n":256,"sample_m":2,"sample_n":16,"relative_l2":0.000687972026,"max_abs":0.00260535092,"nonfinite_count":0,"pass":true,"divergence_ordinal":5}
MODEL_MATMUL_AUDIT_JSON {"tensor":"blk.5.attn_output.weight","output":"kqv_out-5","dtype":"f16","m":64,"k":1536,"n":1536,"sample_m":2,"sample_n":16,"relative_l2":0.000739879899,"max_abs":0.000174471803,"nonfinite_count":0,"pass":true,"divergence_ordinal":5}
MODEL_MATMUL_AUDIT_JSON {"tensor":"blk.5.ffn_gate.weight","output":"ffn_gate-5","dtype":"f16","m":64,"k":1536,"n":8960,"sample_m":2,"sample_n":16,"relative_l2":0.000526991098,"max_abs":0.00508300262,"nonfinite_count":0,"pass":true,"divergence_ordinal":5}
MODEL_MATMUL_AUDIT_JSON {"tensor":"blk.5.ffn_up.weight","output":"ffn_up-5","dtype":"f16","m":64,"k":1536,"n":8960,"sample_m":2,"sample_n":16,"relative_l2":0.000428846809,"max_abs":0.00115252414,"nonfinite_count":0,"pass":true,"divergence_ordinal":5}
MODEL_MATMUL_AUDIT_JSON {"tensor":"blk.5.ffn_down.weight","output":"ffn_out-5","dtype":"f16","m":64,"k":8960,"n":1536,"sample_m":2,"sample_n":16,"relative_l2":0.000672166509,"max_abs":0.00616370514,"nonfinite_count":0,"pass":true,"divergence_ordinal":5}
MODEL_MATMUL_AUDIT_JSON {"tensor":"blk.6.attn_q.weight","output":"Qcur-6","dtype":"f16","m":64,"k":1536,"n":1536,"sample_m":2,"sample_n":16,"relative_l2":0.000630850379,"max_abs":0.00320443744,"nonfinite_count":0,"pass":true,"divergence_ordinal":5}
MODEL_MATMUL_AUDIT_JSON {"tensor":"blk.6.attn_k.weight","output":"Kcur-6","dtype":"f16","m":64,"k":1536,"n":256,"sample_m":2,"sample_n":16,"relative_l2":0.00056898275,"max_abs":0.00147119374,"nonfinite_count":0,"pass":true,"divergence_ordinal":5}
MODEL_MATMUL_AUDIT_JSON {"tensor":"blk.6.attn_v.weight","output":"Vcur-6","dtype":"f16","m":64,"k":1536,"n":256,"sample_m":2,"sample_n":16,"relative_l2":0.000359047818,"max_abs":0.000506796991,"nonfinite_count":0,"pass":true,"divergence_ordinal":5}
MODEL_MATMUL_AUDIT_JSON {"tensor":"blk.6.attn_output.weight","output":"kqv_out-6","dtype":"f16","m":64,"k":1536,"n":1536,"sample_m":2,"sample_n":16,"relative_l2":0.00041939724,"max_abs":8.03648363e-05,"nonfinite_count":0,"pass":true,"divergence_ordinal":5}
MODEL_MATMUL_AUDIT_JSON {"tensor":"blk.6.ffn_gate.weight","output":"ffn_gate-6","dtype":"f16","m":64,"k":1536,"n":8960,"sample_m":2,"sample_n":16,"relative_l2":0.000563786354,"max_abs":0.00128350605,"nonfinite_count":0,"pass":true,"divergence_ordinal":5}
MODEL_MATMUL_AUDIT_JSON {"tensor":"blk.6.ffn_up.weight","output":"ffn_up-6","dtype":"f16","m":64,"k":1536,"n":8960,"sample_m":2,"sample_n":16,"relative_l2":0.000677476587,"max_abs":0.00140589196,"nonfinite_count":0,"pass":true,"divergence_ordinal":5}
MODEL_MATMUL_AUDIT_JSON {"tensor":"blk.6.ffn_down.weight","output":"ffn_out-6","dtype":"f16","m":64,"k":8960,"n":1536,"sample_m":2,"sample_n":16,"relative_l2":0.000391063671,"max_abs":0.00135482021,"nonfinite_count":0,"pass":true,"divergence_ordinal":5}
MODEL_MATMUL_AUDIT_JSON {"tensor":"blk.7.attn_q.weight","output":"Qcur-7","dtype":"f16","m":64,"k":1536,"n":1536,"sample_m":2,"sample_n":16,"relative_l2":0.000580339095,"max_abs":0.00118958543,"nonfinite_count":0,"pass":true,"divergence_ordinal":5}
MODEL_MATMUL_AUDIT_JSON {"tensor":"blk.7.attn_k.weight","output":"Kcur-7","dtype":"f16","m":64,"k":1536,"n":256,"sample_m":2,"sample_n":16,"relative_l2":0.000502127516,"max_abs":0.000699874072,"nonfinite_count":0,"pass":true,"divergence_ordinal":5}
MODEL_MATMUL_AUDIT_JSON {"tensor":"blk.7.attn_v.weight","output":"Vcur-7","dtype":"f16","m":64,"k":1536,"n":256,"sample_m":2,"sample_n":16,"relative_l2":0.000517076094,"max_abs":0.00137193804,"nonfinite_count":0,"pass":true,"divergence_ordinal":5}
MODEL_MATMUL_AUDIT_JSON {"tensor":"blk.7.attn_output.weight","output":"kqv_out-7","dtype":"f16","m":64,"k":1536,"n":1536,"sample_m":2,"sample_n":16,"relative_l2":0.000453600407,"max_abs":0.000261263544,"nonfinite_count":0,"pass":true,"divergence_ordinal":5}
MODEL_MATMUL_AUDIT_JSON {"tensor":"blk.7.ffn_gate.weight","output":"ffn_gate-7","dtype":"f16","m":64,"k":1536,"n":8960,"sample_m":2,"sample_n":16,"relative_l2":0.000451945942,"max_abs":0.0013168006,"nonfinite_count":0,"pass":true,"divergence_ordinal":5}
MODEL_MATMUL_AUDIT_JSON {"tensor":"blk.7.ffn_up.weight","output":"ffn_up-7","dtype":"f16","m":64,"k":1536,"n":8960,"sample_m":2,"sample_n":16,"relative_l2":0.000596136574,"max_abs":0.00127938332,"nonfinite_count":0,"pass":true,"divergence_ordinal":5}
MODEL_MATMUL_AUDIT_JSON {"tensor":"blk.7.ffn_down.weight","output":"ffn_out-7","dtype":"f16","m":64,"k":8960,"n":1536,"sample_m":2,"sample_n":16,"relative_l2":0.000775744638,"max_abs":0.00303637655,"nonfinite_count":0,"pass":true,"divergence_ordinal":5}
MODEL_MATMUL_AUDIT_JSON {"tensor":"blk.8.attn_q.weight","output":"Qcur-8","dtype":"f16","m":64,"k":1536,"n":1536,"sample_m":2,"sample_n":16,"relative_l2":0.000641923349,"max_abs":0.00257731578,"nonfinite_count":0,"pass":true,"divergence_ordinal":5}
MODEL_MATMUL_AUDIT_JSON {"tensor":"blk.8.attn_k.weight","output":"Kcur-8","dtype":"f16","m":64,"k":1536,"n":256,"sample_m":2,"sample_n":16,"relative_l2":0.000643187332,"max_abs":0.00130266743,"nonfinite_count":0,"pass":true,"divergence_ordinal":5}
MODEL_MATMUL_AUDIT_JSON {"tensor":"blk.8.attn_v.weight","output":"Vcur-8","dtype":"f16","m":64,"k":1536,"n":256,"sample_m":2,"sample_n":16,"relative_l2":0.000432003234,"max_abs":0.00117656426,"nonfinite_count":0,"pass":true,"divergence_ordinal":5}
MODEL_MATMUL_AUDIT_JSON {"tensor":"blk.8.attn_output.weight","output":"kqv_out-8","dtype":"f16","m":64,"k":1536,"n":1536,"sample_m":2,"sample_n":16,"relative_l2":0.000551598328,"max_abs":2.17794932e-05,"nonfinite_count":0,"pass":true,"divergence_ordinal":5}
MODEL_MATMUL_AUDIT_JSON {"tensor":"blk.8.ffn_gate.weight","output":"ffn_gate-8","dtype":"f16","m":64,"k":1536,"n":8960,"sample_m":2,"sample_n":16,"relative_l2":0.000679352441,"max_abs":0.00162125553,"nonfinite_count":0,"pass":true,"divergence_ordinal":5}
MODEL_MATMUL_AUDIT_JSON {"tensor":"blk.8.ffn_up.weight","output":"ffn_up-8","dtype":"f16","m":64,"k":1536,"n":8960,"sample_m":2,"sample_n":16,"relative_l2":0.000510992548,"max_abs":0.00115669193,"nonfinite_count":0,"pass":true,"divergence_ordinal":5}
MODEL_MATMUL_AUDIT_JSON {"tensor":"blk.8.ffn_down.weight","output":"ffn_out-8","dtype":"f16","m":64,"k":8960,"n":1536,"sample_m":2,"sample_n":16,"relative_l2":0.000770483268,"max_abs":0.0016678262,"nonfinite_count":0,"pass":true,"divergence_ordinal":5}
MODEL_MATMUL_AUDIT_JSON {"tensor":"blk.9.attn_q.weight","output":"Qcur-9","dtype":"f16","m":64,"k":1536,"n":1536,"sample_m":2,"sample_n":16,"relative_l2":0.000380004385,"max_abs":0.00142351526,"nonfinite_count":0,"pass":true,"divergence_ordinal":5}
MODEL_MATMUL_AUDIT_JSON {"tensor":"blk.9.attn_k.weight","output":"Kcur-9","dtype":"f16","m":64,"k":1536,"n":256,"sample_m":2,"sample_n":16,"relative_l2":0.000400684978,"max_abs":0.00191960926,"nonfinite_count":0,"pass":true,"divergence_ordinal":5}
MODEL_MATMUL_AUDIT_JSON {"tensor":"blk.9.attn_v.weight","output":"Vcur-9","dtype":"f16","m":64,"k":1536,"n":256,"sample_m":2,"sample_n":16,"relative_l2":0.00053394181,"max_abs":0.000941862469,"nonfinite_count":0,"pass":true,"divergence_ordinal":5}
MODEL_MATMUL_AUDIT_JSON {"tensor":"blk.9.attn_output.weight","output":"kqv_out-9","dtype":"f16","m":64,"k":1536,"n":1536,"sample_m":2,"sample_n":16,"relative_l2":0.000489110844,"max_abs":5.82515495e-05,"nonfinite_count":0,"pass":true,"divergence_ordinal":5}
MODEL_MATMUL_AUDIT_JSON {"tensor":"blk.9.ffn_gate.weight","output":"ffn_gate-9","dtype":"f16","m":64,"k":1536,"n":8960,"sample_m":2,"sample_n":16,"relative_l2":0.000559933182,"max_abs":0.00142560725,"nonfinite_count":0,"pass":true,"divergence_ordinal":5}
MODEL_MATMUL_AUDIT_JSON {"tensor":"blk.9.ffn_up.weight","output":"ffn_up-9","dtype":"f16","m":64,"k":1536,"n":8960,"sample_m":2,"sample_n":16,"relative_l2":0.00046399074,"max_abs":0.00089194125,"nonfinite_count":0,"pass":true,"divergence_ordinal":5}
MODEL_MATMUL_AUDIT_JSON {"tensor":"blk.9.ffn_down.weight","output":"ffn_out-9","dtype":"f16","m":64,"k":8960,"n":1536,"sample_m":2,"sample_n":16,"relative_l2":0.00076583346,"max_abs":0.00502066873,"nonfinite_count":0,"pass":true,"divergence_ordinal":5}
MODEL_MATMUL_AUDIT_JSON {"tensor":"blk.10.attn_q.weight","output":"Qcur-10","dtype":"f16","m":64,"k":1536,"n":1536,"sample_m":2,"sample_n":16,"relative_l2":0.000561201417,"max_abs":0.00128952274,"nonfinite_count":0,"pass":true,"divergence_ordinal":5}
MODEL_MATMUL_AUDIT_JSON {"tensor":"blk.10.attn_k.weight","output":"Kcur-10","dtype":"f16","m":64,"k":1536,"n":256,"sample_m":2,"sample_n":16,"relative_l2":0.000297488144,"max_abs":0.000749237835,"nonfinite_count":0,"pass":true,"divergence_ordinal":5}
MODEL_MATMUL_AUDIT_JSON {"tensor":"blk.10.attn_v.weight","output":"Vcur-10","dtype":"f16","m":64,"k":1536,"n":256,"sample_m":2,"sample_n":16,"relative_l2":0.000488928815,"max_abs":0.00171995081,"nonfinite_count":0,"pass":true,"divergence_ordinal":5}
MODEL_MATMUL_AUDIT_JSON {"tensor":"blk.10.attn_output.weight","output":"kqv_out-10","dtype":"f16","m":64,"k":1536,"n":1536,"sample_m":2,"sample_n":16,"relative_l2":0.00056314394,"max_abs":9.14508128e-05,"nonfinite_count":0,"pass":true,"divergence_ordinal":5}
MODEL_MATMUL_AUDIT_JSON {"tensor":"blk.10.ffn_gate.weight","output":"ffn_gate-10","dtype":"f16","m":64,"k":1536,"n":8960,"sample_m":2,"sample_n":16,"relative_l2":0.000419640857,"max_abs":0.00142520142,"nonfinite_count":0,"pass":true,"divergence_ordinal":5}
MODEL_MATMUL_AUDIT_JSON {"tensor":"blk.10.ffn_up.weight","output":"ffn_up-10","dtype":"f16","m":64,"k":1536,"n":8960,"sample_m":2,"sample_n":16,"relative_l2":0.000568436976,"max_abs":0.00109863258,"nonfinite_count":0,"pass":true,"divergence_ordinal":5}
MODEL_MATMUL_AUDIT_JSON {"tensor":"blk.10.ffn_down.weight","output":"ffn_out-10","dtype":"f16","m":64,"k":8960,"n":1536,"sample_m":2,"sample_n":16,"relative_l2":0.000476208708,"max_abs":0.00114183815,"nonfinite_count":0,"pass":true,"divergence_ordinal":5}
MODEL_MATMUL_AUDIT_JSON {"tensor":"blk.11.attn_q.weight","output":"Qcur-11","dtype":"f16","m":64,"k":1536,"n":1536,"sample_m":2,"sample_n":16,"relative_l2":0.000442868735,"max_abs":0.000547057192,"nonfinite_count":0,"pass":true,"divergence_ordinal":5}
MODEL_MATMUL_AUDIT_JSON {"tensor":"blk.11.attn_k.weight","output":"Kcur-11","dtype":"f16","m":64,"k":1536,"n":256,"sample_m":2,"sample_n":16,"relative_l2":0.000518173802,"max_abs":0.00195012602,"nonfinite_count":0,"pass":true,"divergence_ordinal":5}
MODEL_MATMUL_AUDIT_JSON {"tensor":"blk.11.attn_v.weight","output":"Vcur-11","dtype":"f16","m":64,"k":1536,"n":256,"sample_m":2,"sample_n":16,"relative_l2":0.000752065899,"max_abs":0.00149347179,"nonfinite_count":0,"pass":true,"divergence_ordinal":5}
MODEL_MATMUL_AUDIT_JSON {"tensor":"blk.11.attn_output.weight","output":"kqv_out-11","dtype":"f16","m":64,"k":1536,"n":1536,"sample_m":2,"sample_n":16,"relative_l2":0.000568695184,"max_abs":0.000303605077,"nonfinite_count":0,"pass":true,"divergence_ordinal":5}
MODEL_MATMUL_AUDIT_JSON {"tensor":"blk.11.ffn_gate.weight","output":"ffn_gate-11","dtype":"f16","m":64,"k":1536,"n":8960,"sample_m":2,"sample_n":16,"relative_l2":0.000530545367,"max_abs":0.00139771984,"nonfinite_count":0,"pass":true,"divergence_ordinal":5}
MODEL_MATMUL_AUDIT_JSON {"tensor":"blk.11.ffn_up.weight","output":"ffn_up-11","dtype":"f16","m":64,"k":1536,"n":8960,"sample_m":2,"sample_n":16,"relative_l2":0.000594171261,"max_abs":0.00144785736,"nonfinite_count":0,"pass":true,"divergence_ordinal":5}
MODEL_MATMUL_AUDIT_JSON {"tensor":"blk.11.ffn_down.weight","output":"ffn_out-11","dtype":"f16","m":64,"k":8960,"n":1536,"sample_m":2,"sample_n":16,"relative_l2":0.000826070787,"max_abs":0.00257694768,"nonfinite_count":0,"pass":true,"divergence_ordinal":5}
MODEL_MATMUL_AUDIT_JSON {"tensor":"blk.12.attn_q.weight","output":"Qcur-12","dtype":"f16","m":64,"k":1536,"n":1536,"sample_m":2,"sample_n":16,"relative_l2":0.000595500413,"max_abs":0.00141045963,"nonfinite_count":0,"pass":true,"divergence_ordinal":5}
MODEL_MATMUL_AUDIT_JSON {"tensor":"blk.12.attn_k.weight","output":"Kcur-12","dtype":"f16","m":64,"k":1536,"n":256,"sample_m":2,"sample_n":16,"relative_l2":0.000451872809,"max_abs":0.000771735504,"nonfinite_count":0,"pass":true,"divergence_ordinal":5}
MODEL_MATMUL_AUDIT_JSON {"tensor":"blk.12.attn_v.weight","output":"Vcur-12","dtype":"f16","m":64,"k":1536,"n":256,"sample_m":2,"sample_n":16,"relative_l2":0.000692069422,"max_abs":0.00287345541,"nonfinite_count":0,"pass":true,"divergence_ordinal":5}
MODEL_MATMUL_AUDIT_JSON {"tensor":"blk.12.attn_output.weight","output":"kqv_out-12","dtype":"f16","m":64,"k":1536,"n":1536,"sample_m":2,"sample_n":16,"relative_l2":0.000529384122,"max_abs":9.45580632e-06,"nonfinite_count":0,"pass":true,"divergence_ordinal":5}
MODEL_MATMUL_AUDIT_JSON {"tensor":"blk.12.ffn_gate.weight","output":"ffn_gate-12","dtype":"f16","m":64,"k":1536,"n":8960,"sample_m":2,"sample_n":16,"relative_l2":0.000528099944,"max_abs":0.00130434823,"nonfinite_count":0,"pass":true,"divergence_ordinal":5}
MODEL_MATMUL_AUDIT_JSON {"tensor":"blk.12.ffn_up.weight","output":"ffn_up-12","dtype":"f16","m":64,"k":1536,"n":8960,"sample_m":2,"sample_n":16,"relative_l2":0.000535471854,"max_abs":0.00158271636,"nonfinite_count":0,"pass":true,"divergence_ordinal":5}
MODEL_MATMUL_AUDIT_JSON {"tensor":"blk.12.ffn_down.weight","output":"ffn_out-12","dtype":"f16","m":64,"k":8960,"n":1536,"sample_m":2,"sample_n":16,"relative_l2":0.000520657977,"max_abs":0.00143819139,"nonfinite_count":0,"pass":true,"divergence_ordinal":5}
MODEL_MATMUL_AUDIT_JSON {"tensor":"blk.13.attn_q.weight","output":"Qcur-13","dtype":"f16","m":64,"k":1536,"n":1536,"sample_m":2,"sample_n":16,"relative_l2":0.000534069645,"max_abs":0.00179378735,"nonfinite_count":0,"pass":true,"divergence_ordinal":5}
MODEL_MATMUL_AUDIT_JSON {"tensor":"blk.13.attn_k.weight","output":"Kcur-13","dtype":"f16","m":64,"k":1536,"n":256,"sample_m":2,"sample_n":16,"relative_l2":0.00054056033,"max_abs":0.0016205362,"nonfinite_count":0,"pass":true,"divergence_ordinal":5}
MODEL_MATMUL_AUDIT_JSON {"tensor":"blk.13.attn_v.weight","output":"Vcur-13","dtype":"f16","m":64,"k":1536,"n":256,"sample_m":2,"sample_n":16,"relative_l2":0.000617248658,"max_abs":0.00174183154,"nonfinite_count":0,"pass":true,"divergence_ordinal":5}
MODEL_MATMUL_AUDIT_JSON {"tensor":"blk.13.attn_output.weight","output":"kqv_out-13","dtype":"f16","m":64,"k":1536,"n":1536,"sample_m":2,"sample_n":16,"relative_l2":0.000591847138,"max_abs":0.000235921849,"nonfinite_count":0,"pass":true,"divergence_ordinal":5}
MODEL_MATMUL_AUDIT_JSON {"tensor":"blk.13.ffn_gate.weight","output":"ffn_gate-13","dtype":"f16","m":64,"k":1536,"n":8960,"sample_m":2,"sample_n":16,"relative_l2":0.000720207612,"max_abs":0.00289770658,"nonfinite_count":0,"pass":true,"divergence_ordinal":5}
MODEL_MATMUL_AUDIT_JSON {"tensor":"blk.13.ffn_up.weight","output":"ffn_up-13","dtype":"f16","m":64,"k":1536,"n":8960,"sample_m":2,"sample_n":16,"relative_l2":0.000805504722,"max_abs":0.00284720701,"nonfinite_count":0,"pass":true,"divergence_ordinal":5}
MODEL_MATMUL_AUDIT_JSON {"tensor":"blk.13.ffn_down.weight","output":"ffn_out-13","dtype":"f16","m":64,"k":8960,"n":1536,"sample_m":2,"sample_n":16,"relative_l2":0.000469450013,"max_abs":0.00144055684,"nonfinite_count":0,"pass":true,"divergence_ordinal":5}
MODEL_MATMUL_AUDIT_JSON {"tensor":"blk.14.attn_q.weight","output":"Qcur-14","dtype":"f16","m":64,"k":1536,"n":1536,"sample_m":2,"sample_n":16,"relative_l2":0.000596100949,"max_abs":0.00158589438,"nonfinite_count":0,"pass":true,"divergence_ordinal":5}
MODEL_MATMUL_AUDIT_JSON {"tensor":"blk.14.attn_k.weight","output":"Kcur-14","dtype":"f16","m":64,"k":1536,"n":256,"sample_m":2,"sample_n":16,"relative_l2":0.000474737788,"max_abs":0.000670503709,"nonfinite_count":0,"pass":true,"divergence_ordinal":5}
MODEL_MATMUL_AUDIT_JSON {"tensor":"blk.14.attn_v.weight","output":"Vcur-14","dtype":"f16","m":64,"k":1536,"n":256,"sample_m":2,"sample_n":16,"relative_l2":0.000609318591,"max_abs":0.00332088373,"nonfinite_count":0,"pass":true,"divergence_ordinal":5}
MODEL_MATMUL_AUDIT_JSON {"tensor":"blk.14.attn_output.weight","output":"kqv_out-14","dtype":"f16","m":64,"k":1536,"n":1536,"sample_m":2,"sample_n":16,"relative_l2":0.000524241378,"max_abs":0.000166906029,"nonfinite_count":0,"pass":true,"divergence_ordinal":5}
MODEL_MATMUL_AUDIT_JSON {"tensor":"blk.14.ffn_gate.weight","output":"ffn_gate-14","dtype":"f16","m":64,"k":1536,"n":8960,"sample_m":2,"sample_n":16,"relative_l2":0.000461161362,"max_abs":0.000933740172,"nonfinite_count":0,"pass":true,"divergence_ordinal":5}
MODEL_MATMUL_AUDIT_JSON {"tensor":"blk.14.ffn_up.weight","output":"ffn_up-14","dtype":"f16","m":64,"k":1536,"n":8960,"sample_m":2,"sample_n":16,"relative_l2":0.000471425413,"max_abs":0.00102634379,"nonfinite_count":0,"pass":true,"divergence_ordinal":5}
MODEL_MATMUL_AUDIT_JSON {"tensor":"blk.14.ffn_down.weight","output":"ffn_out-14","dtype":"f16","m":64,"k":8960,"n":1536,"sample_m":2,"sample_n":16,"relative_l2":0.000520150627,"max_abs":0.0017975932,"nonfinite_count":0,"pass":true,"divergence_ordinal":5}
MODEL_MATMUL_AUDIT_JSON {"tensor":"blk.15.attn_q.weight","output":"Qcur-15","dtype":"f16","m":64,"k":1536,"n":1536,"sample_m":2,"sample_n":16,"relative_l2":0.00046757856,"max_abs":0.00136487745,"nonfinite_count":0,"pass":true,"divergence_ordinal":5}
MODEL_MATMUL_AUDIT_JSON {"tensor":"blk.15.attn_k.weight","output":"Kcur-15","dtype":"f16","m":64,"k":1536,"n":256,"sample_m":2,"sample_n":16,"relative_l2":0.000559580775,"max_abs":0.00128037052,"nonfinite_count":0,"pass":true,"divergence_ordinal":5}
MODEL_MATMUL_AUDIT_JSON {"tensor":"blk.15.attn_v.weight","output":"Vcur-15","dtype":"f16","m":64,"k":1536,"n":256,"sample_m":2,"sample_n":16,"relative_l2":0.000561120607,"max_abs":0.0013804147,"nonfinite_count":0,"pass":true,"divergence_ordinal":5}
MODEL_MATMUL_AUDIT_JSON {"tensor":"blk.15.attn_output.weight","output":"kqv_out-15","dtype":"f16","m":64,"k":1536,"n":1536,"sample_m":2,"sample_n":16,"relative_l2":0.000439456789,"max_abs":0.000231691738,"nonfinite_count":0,"pass":true,"divergence_ordinal":5}
MODEL_MATMUL_AUDIT_JSON {"tensor":"blk.15.ffn_gate.weight","output":"ffn_gate-15","dtype":"f16","m":64,"k":1536,"n":8960,"sample_m":2,"sample_n":16,"relative_l2":0.000433586203,"max_abs":0.00104300701,"nonfinite_count":0,"pass":true,"divergence_ordinal":5}
MODEL_MATMUL_AUDIT_JSON {"tensor":"blk.15.ffn_up.weight","output":"ffn_up-15","dtype":"f16","m":64,"k":1536,"n":8960,"sample_m":2,"sample_n":16,"relative_l2":0.0005319205,"max_abs":0.000927942339,"nonfinite_count":0,"pass":true,"divergence_ordinal":5}
MODEL_MATMUL_AUDIT_JSON {"tensor":"blk.15.ffn_down.weight","output":"ffn_out-15","dtype":"f16","m":64,"k":8960,"n":1536,"sample_m":2,"sample_n":16,"relative_l2":0.000362724578,"max_abs":0.000573623052,"nonfinite_count":0,"pass":true,"divergence_ordinal":5}
MODEL_MATMUL_AUDIT_JSON {"tensor":"blk.16.attn_q.weight","output":"Qcur-16","dtype":"f16","m":64,"k":1536,"n":1536,"sample_m":2,"sample_n":16,"relative_l2":0.000420446537,"max_abs":0.000931651448,"nonfinite_count":0,"pass":true,"divergence_ordinal":5}
MODEL_MATMUL_AUDIT_JSON {"tensor":"blk.16.attn_k.weight","output":"Kcur-16","dtype":"f16","m":64,"k":1536,"n":256,"sample_m":2,"sample_n":16,"relative_l2":0.00066735203,"max_abs":0.00107941206,"nonfinite_count":0,"pass":true,"divergence_ordinal":5}
MODEL_MATMUL_AUDIT_JSON {"tensor":"blk.16.attn_v.weight","output":"Vcur-16","dtype":"f16","m":64,"k":1536,"n":256,"sample_m":2,"sample_n":16,"relative_l2":0.000497708602,"max_abs":0.00175646332,"nonfinite_count":0,"pass":true,"divergence_ordinal":5}
MODEL_MATMUL_AUDIT_JSON {"tensor":"blk.16.attn_output.weight","output":"kqv_out-16","dtype":"f16","m":64,"k":1536,"n":1536,"sample_m":2,"sample_n":16,"relative_l2":0.000602673739,"max_abs":6.3507563e-05,"nonfinite_count":0,"pass":true,"divergence_ordinal":5}
MODEL_MATMUL_AUDIT_JSON {"tensor":"blk.16.ffn_gate.weight","output":"ffn_gate-16","dtype":"f16","m":64,"k":1536,"n":8960,"sample_m":2,"sample_n":16,"relative_l2":0.000428074379,"max_abs":0.00120420533,"nonfinite_count":0,"pass":true,"divergence_ordinal":5}
MODEL_MATMUL_AUDIT_JSON {"tensor":"blk.16.ffn_up.weight","output":"ffn_up-16","dtype":"f16","m":64,"k":1536,"n":8960,"sample_m":2,"sample_n":16,"relative_l2":0.000601121545,"max_abs":0.00257997261,"nonfinite_count":0,"pass":true,"divergence_ordinal":5}
MODEL_MATMUL_AUDIT_JSON {"tensor":"blk.16.ffn_down.weight","output":"ffn_out-16","dtype":"f16","m":64,"k":8960,"n":1536,"sample_m":2,"sample_n":16,"relative_l2":0.000491892822,"max_abs":0.00264749862,"nonfinite_count":0,"pass":true,"divergence_ordinal":5}
MODEL_MATMUL_AUDIT_JSON {"tensor":"blk.17.attn_q.weight","output":"Qcur-17","dtype":"f16","m":64,"k":1536,"n":1536,"sample_m":2,"sample_n":16,"relative_l2":0.000596879425,"max_abs":0.00234069745,"nonfinite_count":0,"pass":true,"divergence_ordinal":5}
MODEL_MATMUL_AUDIT_JSON {"tensor":"blk.17.attn_k.weight","output":"Kcur-17","dtype":"f16","m":64,"k":1536,"n":256,"sample_m":2,"sample_n":16,"relative_l2":0.000630045747,"max_abs":0.00130460318,"nonfinite_count":0,"pass":true,"divergence_ordinal":5}
MODEL_MATMUL_AUDIT_JSON {"tensor":"blk.17.attn_v.weight","output":"Vcur-17","dtype":"f16","m":64,"k":1536,"n":256,"sample_m":2,"sample_n":16,"relative_l2":0.000778877409,"max_abs":0.00315459236,"nonfinite_count":0,"pass":true,"divergence_ordinal":5}
MODEL_MATMUL_AUDIT_JSON {"tensor":"blk.17.attn_output.weight","output":"kqv_out-17","dtype":"f16","m":64,"k":1536,"n":1536,"sample_m":2,"sample_n":16,"relative_l2":0.00053580458,"max_abs":0.000173026347,"nonfinite_count":0,"pass":true,"divergence_ordinal":5}
MODEL_MATMUL_AUDIT_JSON {"tensor":"blk.17.ffn_gate.weight","output":"ffn_gate-17","dtype":"f16","m":64,"k":1536,"n":8960,"sample_m":2,"sample_n":16,"relative_l2":0.000463456042,"max_abs":0.000913514465,"nonfinite_count":0,"pass":true,"divergence_ordinal":5}
MODEL_MATMUL_AUDIT_JSON {"tensor":"blk.17.ffn_up.weight","output":"ffn_up-17","dtype":"f16","m":64,"k":1536,"n":8960,"sample_m":2,"sample_n":16,"relative_l2":0.000735319019,"max_abs":0.00156289036,"nonfinite_count":0,"pass":true,"divergence_ordinal":5}
MODEL_MATMUL_AUDIT_JSON {"tensor":"blk.17.ffn_down.weight","output":"ffn_out-17","dtype":"f16","m":64,"k":8960,"n":1536,"sample_m":2,"sample_n":16,"relative_l2":0.000724254245,"max_abs":0.00270216819,"nonfinite_count":0,"pass":true,"divergence_ordinal":5}
MODEL_MATMUL_AUDIT_JSON {"tensor":"blk.18.attn_q.weight","output":"Qcur-18","dtype":"f16","m":64,"k":1536,"n":1536,"sample_m":2,"sample_n":16,"relative_l2":0.000512447852,"max_abs":0.00130274694,"nonfinite_count":0,"pass":true,"divergence_ordinal":5}
MODEL_MATMUL_AUDIT_JSON {"tensor":"blk.18.attn_k.weight","output":"Kcur-18","dtype":"f16","m":64,"k":1536,"n":256,"sample_m":2,"sample_n":16,"relative_l2":0.00058790848,"max_abs":0.000767837919,"nonfinite_count":0,"pass":true,"divergence_ordinal":5}
MODEL_MATMUL_AUDIT_JSON {"tensor":"blk.18.attn_v.weight","output":"Vcur-18","dtype":"f16","m":64,"k":1536,"n":256,"sample_m":2,"sample_n":16,"relative_l2":0.000444222133,"max_abs":0.00136276858,"nonfinite_count":0,"pass":true,"divergence_ordinal":5}
MODEL_MATMUL_AUDIT_JSON {"tensor":"blk.18.attn_output.weight","output":"kqv_out-18","dtype":"f16","m":64,"k":1536,"n":1536,"sample_m":2,"sample_n":16,"relative_l2":0.000600342612,"max_abs":0.000258048094,"nonfinite_count":0,"pass":true,"divergence_ordinal":5}
MODEL_MATMUL_AUDIT_JSON {"tensor":"blk.18.ffn_gate.weight","output":"ffn_gate-18","dtype":"f16","m":64,"k":1536,"n":8960,"sample_m":2,"sample_n":16,"relative_l2":0.000579301587,"max_abs":0.00153358281,"nonfinite_count":0,"pass":true,"divergence_ordinal":5}
MODEL_MATMUL_AUDIT_JSON {"tensor":"blk.18.ffn_up.weight","output":"ffn_up-18","dtype":"f16","m":64,"k":1536,"n":8960,"sample_m":2,"sample_n":16,"relative_l2":0.000749970655,"max_abs":0.00221102568,"nonfinite_count":0,"pass":true,"divergence_ordinal":5}
MODEL_MATMUL_AUDIT_JSON {"tensor":"blk.18.ffn_down.weight","output":"ffn_out-18","dtype":"f16","m":64,"k":8960,"n":1536,"sample_m":2,"sample_n":16,"relative_l2":0.000514853025,"max_abs":0.0012612947,"nonfinite_count":0,"pass":true,"divergence_ordinal":5}
MODEL_MATMUL_AUDIT_JSON {"tensor":"blk.19.attn_q.weight","output":"Qcur-19","dtype":"f16","m":64,"k":1536,"n":1536,"sample_m":2,"sample_n":16,"relative_l2":0.000612767937,"max_abs":0.00141775387,"nonfinite_count":0,"pass":true,"divergence_ordinal":5}
MODEL_MATMUL_AUDIT_JSON {"tensor":"blk.19.attn_k.weight","output":"Kcur-19","dtype":"f16","m":64,"k":1536,"n":256,"sample_m":2,"sample_n":16,"relative_l2":0.000483136046,"max_abs":0.000595877937,"nonfinite_count":0,"pass":true,"divergence_ordinal":5}
MODEL_MATMUL_AUDIT_JSON {"tensor":"blk.19.attn_v.weight","output":"Vcur-19","dtype":"f16","m":64,"k":1536,"n":256,"sample_m":2,"sample_n":16,"relative_l2":0.000509504832,"max_abs":0.0015198288,"nonfinite_count":0,"pass":true,"divergence_ordinal":5}
MODEL_MATMUL_AUDIT_JSON {"tensor":"blk.19.attn_output.weight","output":"kqv_out-19","dtype":"f16","m":64,"k":1536,"n":1536,"sample_m":2,"sample_n":16,"relative_l2":0.000619170634,"max_abs":3.50944756e-05,"nonfinite_count":0,"pass":true,"divergence_ordinal":5}
MODEL_MATMUL_AUDIT_JSON {"tensor":"blk.19.ffn_gate.weight","output":"ffn_gate-19","dtype":"f16","m":64,"k":1536,"n":8960,"sample_m":2,"sample_n":16,"relative_l2":0.000426841084,"max_abs":0.0010534469,"nonfinite_count":0,"pass":true,"divergence_ordinal":5}
MODEL_MATMUL_AUDIT_JSON {"tensor":"blk.19.ffn_up.weight","output":"ffn_up-19","dtype":"f16","m":64,"k":1536,"n":8960,"sample_m":2,"sample_n":16,"relative_l2":0.000486606718,"max_abs":0.00149065594,"nonfinite_count":0,"pass":true,"divergence_ordinal":5}
MODEL_MATMUL_AUDIT_JSON {"tensor":"blk.19.ffn_down.weight","output":"ffn_out-19","dtype":"f16","m":64,"k":8960,"n":1536,"sample_m":2,"sample_n":16,"relative_l2":0.000594307499,"max_abs":0.00155910058,"nonfinite_count":0,"pass":true,"divergence_ordinal":5}
MODEL_MATMUL_AUDIT_JSON {"tensor":"blk.20.attn_q.weight","output":"Qcur-20","dtype":"f16","m":64,"k":1536,"n":1536,"sample_m":2,"sample_n":16,"relative_l2":0.000491608157,"max_abs":0.00169035525,"nonfinite_count":0,"pass":true,"divergence_ordinal":5}
MODEL_MATMUL_AUDIT_JSON {"tensor":"blk.20.attn_k.weight","output":"Kcur-20","dtype":"f16","m":64,"k":1536,"n":256,"sample_m":2,"sample_n":16,"relative_l2":0.000475614031,"max_abs":0.00102642411,"nonfinite_count":0,"pass":true,"divergence_ordinal":5}
MODEL_MATMUL_AUDIT_JSON {"tensor":"blk.20.attn_v.weight","output":"Vcur-20","dtype":"f16","m":64,"k":1536,"n":256,"sample_m":2,"sample_n":16,"relative_l2":0.000662995562,"max_abs":0.00281363796,"nonfinite_count":0,"pass":true,"divergence_ordinal":5}
MODEL_MATMUL_AUDIT_JSON {"tensor":"blk.20.attn_output.weight","output":"kqv_out-20","dtype":"f16","m":64,"k":1536,"n":1536,"sample_m":2,"sample_n":16,"relative_l2":0.000552961895,"max_abs":5.50866789e-05,"nonfinite_count":0,"pass":true,"divergence_ordinal":5}
MODEL_MATMUL_AUDIT_JSON {"tensor":"blk.20.ffn_gate.weight","output":"ffn_gate-20","dtype":"f16","m":64,"k":1536,"n":8960,"sample_m":2,"sample_n":16,"relative_l2":0.000512639961,"max_abs":0.00167501939,"nonfinite_count":0,"pass":true,"divergence_ordinal":5}
MODEL_MATMUL_AUDIT_JSON {"tensor":"blk.20.ffn_up.weight","output":"ffn_up-20","dtype":"f16","m":64,"k":1536,"n":8960,"sample_m":2,"sample_n":16,"relative_l2":0.000429992539,"max_abs":0.00085429498,"nonfinite_count":0,"pass":true,"divergence_ordinal":5}
MODEL_MATMUL_AUDIT_JSON {"tensor":"blk.20.ffn_down.weight","output":"ffn_out-20","dtype":"f16","m":64,"k":8960,"n":1536,"sample_m":2,"sample_n":16,"relative_l2":0.000690038298,"max_abs":0.00284222118,"nonfinite_count":0,"pass":true,"divergence_ordinal":5}
MODEL_MATMUL_AUDIT_JSON {"tensor":"blk.21.attn_q.weight","output":"Qcur-21","dtype":"f16","m":64,"k":1536,"n":1536,"sample_m":2,"sample_n":16,"relative_l2":0.000733176739,"max_abs":0.00127301284,"nonfinite_count":0,"pass":true,"divergence_ordinal":5}
MODEL_MATMUL_AUDIT_JSON {"tensor":"blk.21.attn_k.weight","output":"Kcur-21","dtype":"f16","m":64,"k":1536,"n":256,"sample_m":2,"sample_n":16,"relative_l2":0.000572766654,"max_abs":0.00118996622,"nonfinite_count":0,"pass":true,"divergence_ordinal":5}
MODEL_MATMUL_AUDIT_JSON {"tensor":"blk.21.attn_v.weight","output":"Vcur-21","dtype":"f16","m":64,"k":1536,"n":256,"sample_m":2,"sample_n":16,"relative_l2":0.000386648444,"max_abs":0.00175910525,"nonfinite_count":0,"pass":true,"divergence_ordinal":5}
MODEL_MATMUL_AUDIT_JSON {"tensor":"blk.21.attn_output.weight","output":"kqv_out-21","dtype":"f16","m":64,"k":1536,"n":1536,"sample_m":2,"sample_n":16,"relative_l2":0.00048821237,"max_abs":4.20116194e-05,"nonfinite_count":0,"pass":true,"divergence_ordinal":5}
MODEL_MATMUL_AUDIT_JSON {"tensor":"blk.21.ffn_gate.weight","output":"ffn_gate-21","dtype":"f16","m":64,"k":1536,"n":8960,"sample_m":2,"sample_n":16,"relative_l2":0.000631858584,"max_abs":0.00270733749,"nonfinite_count":0,"pass":true,"divergence_ordinal":5}
MODEL_MATMUL_AUDIT_JSON {"tensor":"blk.21.ffn_up.weight","output":"ffn_up-21","dtype":"f16","m":64,"k":1536,"n":8960,"sample_m":2,"sample_n":16,"relative_l2":0.00054168528,"max_abs":0.00180094363,"nonfinite_count":0,"pass":true,"divergence_ordinal":5}
MODEL_MATMUL_AUDIT_JSON {"tensor":"blk.21.ffn_down.weight","output":"ffn_out-21","dtype":"f16","m":64,"k":8960,"n":1536,"sample_m":2,"sample_n":16,"relative_l2":0.00084379349,"max_abs":0.00300873443,"nonfinite_count":0,"pass":true,"divergence_ordinal":5}
MODEL_MATMUL_AUDIT_JSON {"tensor":"blk.22.attn_q.weight","output":"Qcur-22","dtype":"f16","m":64,"k":1536,"n":1536,"sample_m":2,"sample_n":16,"relative_l2":0.000327831316,"max_abs":0.00117176329,"nonfinite_count":0,"pass":true,"divergence_ordinal":5}
MODEL_MATMUL_AUDIT_JSON {"tensor":"blk.22.attn_k.weight","output":"Kcur-22","dtype":"f16","m":64,"k":1536,"n":256,"sample_m":2,"sample_n":16,"relative_l2":0.000590980213,"max_abs":0.00146608695,"nonfinite_count":0,"pass":true,"divergence_ordinal":5}
MODEL_MATMUL_AUDIT_JSON {"tensor":"blk.22.attn_v.weight","output":"Vcur-22","dtype":"f16","m":64,"k":1536,"n":256,"sample_m":2,"sample_n":16,"relative_l2":0.00067378489,"max_abs":0.00236703036,"nonfinite_count":0,"pass":true,"divergence_ordinal":5}
MODEL_MATMUL_AUDIT_JSON {"tensor":"blk.22.attn_output.weight","output":"kqv_out-22","dtype":"f16","m":64,"k":1536,"n":1536,"sample_m":2,"sample_n":16,"relative_l2":0.000476798969,"max_abs":2.68449312e-05,"nonfinite_count":0,"pass":true,"divergence_ordinal":5}
MODEL_MATMUL_AUDIT_JSON {"tensor":"blk.22.ffn_gate.weight","output":"ffn_gate-22","dtype":"f16","m":64,"k":1536,"n":8960,"sample_m":2,"sample_n":16,"relative_l2":0.000551846776,"max_abs":0.00234734314,"nonfinite_count":0,"pass":true,"divergence_ordinal":5}
MODEL_MATMUL_AUDIT_JSON {"tensor":"blk.22.ffn_up.weight","output":"ffn_up-22","dtype":"f16","m":64,"k":1536,"n":8960,"sample_m":2,"sample_n":16,"relative_l2":0.000706648372,"max_abs":0.00294848741,"nonfinite_count":0,"pass":true,"divergence_ordinal":5}
MODEL_MATMUL_AUDIT_JSON {"tensor":"blk.22.ffn_down.weight","output":"ffn_out-22","dtype":"f16","m":64,"k":8960,"n":1536,"sample_m":2,"sample_n":16,"relative_l2":0.000414590672,"max_abs":0.00170635409,"nonfinite_count":0,"pass":true,"divergence_ordinal":5}
MODEL_MATMUL_AUDIT_JSON {"tensor":"blk.23.attn_q.weight","output":"Qcur-23","dtype":"f16","m":64,"k":1536,"n":1536,"sample_m":2,"sample_n":16,"relative_l2":0.000622660156,"max_abs":0.00131608627,"nonfinite_count":0,"pass":true,"divergence_ordinal":5}
MODEL_MATMUL_AUDIT_JSON {"tensor":"blk.23.attn_k.weight","output":"Kcur-23","dtype":"f16","m":64,"k":1536,"n":256,"sample_m":2,"sample_n":16,"relative_l2":0.000470310743,"max_abs":0.000545944669,"nonfinite_count":0,"pass":true,"divergence_ordinal":5}
MODEL_MATMUL_AUDIT_JSON {"tensor":"blk.23.attn_v.weight","output":"Vcur-23","dtype":"f16","m":64,"k":1536,"n":256,"sample_m":2,"sample_n":16,"relative_l2":0.000400150319,"max_abs":0.00134697568,"nonfinite_count":0,"pass":true,"divergence_ordinal":5}
MODEL_MATMUL_AUDIT_JSON {"tensor":"blk.23.attn_output.weight","output":"kqv_out-23","dtype":"f16","m":64,"k":1536,"n":1536,"sample_m":2,"sample_n":16,"relative_l2":0.000686974004,"max_abs":1.94599979e-05,"nonfinite_count":0,"pass":true,"divergence_ordinal":5}
MODEL_MATMUL_AUDIT_JSON {"tensor":"blk.23.ffn_gate.weight","output":"ffn_gate-23","dtype":"f16","m":64,"k":1536,"n":8960,"sample_m":2,"sample_n":16,"relative_l2":0.000720433359,"max_abs":0.00231652637,"nonfinite_count":0,"pass":true,"divergence_ordinal":5}
MODEL_MATMUL_AUDIT_JSON {"tensor":"blk.23.ffn_up.weight","output":"ffn_up-23","dtype":"f16","m":64,"k":1536,"n":8960,"sample_m":2,"sample_n":16,"relative_l2":0.000569295014,"max_abs":0.00178837474,"nonfinite_count":0,"pass":true,"divergence_ordinal":5}
MODEL_MATMUL_AUDIT_JSON {"tensor":"blk.23.ffn_down.weight","output":"ffn_out-23","dtype":"f16","m":64,"k":8960,"n":1536,"sample_m":2,"sample_n":16,"relative_l2":0.000508882298,"max_abs":0.00246885628,"nonfinite_count":0,"pass":true,"divergence_ordinal":5}
MODEL_MATMUL_AUDIT_JSON {"tensor":"blk.24.attn_q.weight","output":"Qcur-24","dtype":"f16","m":64,"k":1536,"n":1536,"sample_m":2,"sample_n":16,"relative_l2":0.000735012854,"max_abs":0.00264910888,"nonfinite_count":0,"pass":true,"divergence_ordinal":5}
MODEL_MATMUL_AUDIT_JSON {"tensor":"blk.24.attn_k.weight","output":"Kcur-24","dtype":"f16","m":64,"k":1536,"n":256,"sample_m":2,"sample_n":16,"relative_l2":0.000495862531,"max_abs":0.00124343648,"nonfinite_count":0,"pass":true,"divergence_ordinal":5}
MODEL_MATMUL_AUDIT_JSON {"tensor":"blk.24.attn_v.weight","output":"Vcur-24","dtype":"f16","m":64,"k":1536,"n":256,"sample_m":2,"sample_n":16,"relative_l2":0.000456670129,"max_abs":0.00126551185,"nonfinite_count":0,"pass":true,"divergence_ordinal":5}
MODEL_MATMUL_AUDIT_JSON {"tensor":"blk.24.attn_output.weight","output":"kqv_out-24","dtype":"f16","m":64,"k":1536,"n":1536,"sample_m":2,"sample_n":16,"relative_l2":0.00101229928,"max_abs":1.1439628e-05,"nonfinite_count":0,"pass":true,"divergence_ordinal":5}
MODEL_MATMUL_AUDIT_JSON {"tensor":"blk.24.ffn_gate.weight","output":"ffn_gate-24","dtype":"f16","m":64,"k":1536,"n":8960,"sample_m":2,"sample_n":16,"relative_l2":0.000537869344,"max_abs":0.00153764407,"nonfinite_count":0,"pass":true,"divergence_ordinal":5}
MODEL_MATMUL_AUDIT_JSON {"tensor":"blk.24.ffn_up.weight","output":"ffn_up-24","dtype":"f16","m":64,"k":1536,"n":8960,"sample_m":2,"sample_n":16,"relative_l2":0.000394872488,"max_abs":0.00121918472,"nonfinite_count":0,"pass":true,"divergence_ordinal":5}
MODEL_MATMUL_AUDIT_JSON {"tensor":"blk.24.ffn_down.weight","output":"ffn_out-24","dtype":"f16","m":64,"k":8960,"n":1536,"sample_m":2,"sample_n":16,"relative_l2":0.000642334533,"max_abs":0.00394455483,"nonfinite_count":0,"pass":true,"divergence_ordinal":5}
MODEL_MATMUL_AUDIT_JSON {"tensor":"blk.25.attn_q.weight","output":"Qcur-25","dtype":"f16","m":64,"k":1536,"n":1536,"sample_m":2,"sample_n":16,"relative_l2":0.000538416832,"max_abs":0.00149890629,"nonfinite_count":0,"pass":true,"divergence_ordinal":5}
MODEL_MATMUL_AUDIT_JSON {"tensor":"blk.25.attn_k.weight","output":"Kcur-25","dtype":"f16","m":64,"k":1536,"n":256,"sample_m":2,"sample_n":16,"relative_l2":0.000610266491,"max_abs":0.00152948289,"nonfinite_count":0,"pass":true,"divergence_ordinal":5}
MODEL_MATMUL_AUDIT_JSON {"tensor":"blk.25.attn_v.weight","output":"Vcur-25","dtype":"f16","m":64,"k":1536,"n":256,"sample_m":2,"sample_n":16,"relative_l2":0.000806243671,"max_abs":0.00525045395,"nonfinite_count":0,"pass":true,"divergence_ordinal":5}
MODEL_MATMUL_AUDIT_JSON {"tensor":"blk.25.attn_output.weight","output":"kqv_out-25","dtype":"f16","m":64,"k":1536,"n":1536,"sample_m":2,"sample_n":16,"relative_l2":0.000489177814,"max_abs":1.21219885,"nonfinite_count":0,"pass":true,"divergence_ordinal":5}
MODEL_MATMUL_AUDIT_JSON {"tensor":"blk.25.ffn_gate.weight","output":"ffn_gate-25","dtype":"f16","m":64,"k":1536,"n":8960,"sample_m":2,"sample_n":16,"relative_l2":0.000738941467,"max_abs":0.0015368138,"nonfinite_count":0,"pass":true,"divergence_ordinal":5}
MODEL_MATMUL_AUDIT_JSON {"tensor":"blk.25.ffn_up.weight","output":"ffn_up-25","dtype":"f16","m":64,"k":1536,"n":8960,"sample_m":2,"sample_n":16,"relative_l2":0.000614118556,"max_abs":0.00184966181,"nonfinite_count":0,"pass":true,"divergence_ordinal":5}
MODEL_MATMUL_AUDIT_JSON {"tensor":"blk.25.ffn_down.weight","output":"ffn_out-25","dtype":"f16","m":64,"k":8960,"n":1536,"sample_m":2,"sample_n":16,"relative_l2":0.000303045936,"max_abs":0.0108052073,"nonfinite_count":0,"pass":true,"divergence_ordinal":5}
MODEL_MATMUL_AUDIT_JSON {"tensor":"blk.26.attn_q.weight","output":"Qcur-26","dtype":"f16","m":64,"k":1536,"n":1536,"sample_m":2,"sample_n":16,"relative_l2":0.000759220646,"max_abs":0.00194096647,"nonfinite_count":0,"pass":true,"divergence_ordinal":5}
MODEL_MATMUL_AUDIT_JSON {"tensor":"blk.26.attn_k.weight","output":"Kcur-26","dtype":"f16","m":64,"k":1536,"n":256,"sample_m":2,"sample_n":16,"relative_l2":0.000542017061,"max_abs":0.000439936557,"nonfinite_count":0,"pass":true,"divergence_ordinal":5}
MODEL_MATMUL_AUDIT_JSON {"tensor":"blk.26.attn_v.weight","output":"Vcur-26","dtype":"f16","m":64,"k":1536,"n":256,"sample_m":2,"sample_n":16,"relative_l2":0.00056312723,"max_abs":0.00230818172,"nonfinite_count":0,"pass":true,"divergence_ordinal":5}
MODEL_MATMUL_AUDIT_JSON {"tensor":"blk.26.attn_output.weight","output":"kqv_out-26","dtype":"f16","m":64,"k":1536,"n":1536,"sample_m":2,"sample_n":16,"relative_l2":0.000366669863,"max_abs":0.208104029,"nonfinite_count":0,"pass":true,"divergence_ordinal":5}
MODEL_MATMUL_AUDIT_JSON {"tensor":"blk.26.ffn_gate.weight","output":"ffn_gate-26","dtype":"f16","m":64,"k":1536,"n":8960,"sample_m":2,"sample_n":16,"relative_l2":0.000557751368,"max_abs":0.00192673539,"nonfinite_count":0,"pass":true,"divergence_ordinal":5}
MODEL_MATMUL_AUDIT_JSON {"tensor":"blk.26.ffn_up.weight","output":"ffn_up-26","dtype":"f16","m":64,"k":1536,"n":8960,"sample_m":2,"sample_n":16,"relative_l2":0.000607855632,"max_abs":0.0025763954,"nonfinite_count":0,"pass":true,"divergence_ordinal":5}
MODEL_MATMUL_AUDIT_JSON {"tensor":"blk.26.ffn_down.weight","output":"ffn_out-26","dtype":"f16","m":64,"k":8960,"n":1536,"sample_m":2,"sample_n":16,"relative_l2":0.00044320202,"max_abs":0.00849342719,"nonfinite_count":0,"pass":true,"divergence_ordinal":5}
MODEL_MATMUL_AUDIT_JSON {"tensor":"blk.27.attn_q.weight","output":"Qcur-27","dtype":"f16","m":64,"k":1536,"n":1536,"sample_m":2,"sample_n":16,"relative_l2":0.000652847068,"max_abs":0.000965748914,"nonfinite_count":0,"pass":true,"divergence_ordinal":5}
MODEL_MATMUL_AUDIT_JSON {"tensor":"blk.27.attn_k.weight","output":"Kcur-27","dtype":"f16","m":64,"k":1536,"n":256,"sample_m":2,"sample_n":16,"relative_l2":0.000552923544,"max_abs":0.00037147096,"nonfinite_count":0,"pass":true,"divergence_ordinal":5}
MODEL_MATMUL_AUDIT_JSON {"tensor":"blk.27.attn_v.weight","output":"Vcur-27","dtype":"f16","m":64,"k":1536,"n":256,"sample_m":2,"sample_n":16,"relative_l2":0.00065318889,"max_abs":0.00622789701,"nonfinite_count":0,"pass":true,"divergence_ordinal":5}
MODEL_MATMUL_AUDIT_JSON {"tensor":"blk.27.attn_output.weight","output":"kqv_out-27","dtype":"f16","m":64,"k":1536,"n":1536,"sample_m":2,"sample_n":16,"relative_l2":1.96660707,"max_abs":1.70243871e-11,"nonfinite_count":0,"pass":false,"divergence_ordinal":6}
MODEL_MATMUL_AUDIT_JSON {"tensor":"blk.27.ffn_gate.weight","output":"ffn_gate-27","dtype":"f16","m":64,"k":1536,"n":8960,"sample_m":2,"sample_n":16,"relative_l2":0.000611830324,"max_abs":0.00274761161,"nonfinite_count":0,"pass":true,"divergence_ordinal":6}
MODEL_MATMUL_AUDIT_JSON {"tensor":"blk.27.ffn_up.weight","output":"ffn_up-27","dtype":"f16","m":64,"k":1536,"n":8960,"sample_m":2,"sample_n":16,"relative_l2":0.000569078698,"max_abs":0.00256603002,"nonfinite_count":0,"pass":true,"divergence_ordinal":6}
MODEL_MATMUL_AUDIT_JSON {"tensor":"blk.27.ffn_down.weight","output":"ffn_out-27","dtype":"f16","m":64,"k":8960,"n":1536,"sample_m":2,"sample_n":16,"relative_l2":0.000486430579,"max_abs":0.0451064296,"nonfinite_count":0,"pass":true,"divergence_ordinal":6}
MODEL_MATMUL_AUDIT_JSON {"tensor":"blk.0.attn_q.weight","output":"Qcur-0","dtype":"f16","m":64,"k":1536,"n":1536,"sample_m":2,"sample_n":16,"relative_l2":0.000644766609,"max_abs":0.000733791734,"nonfinite_count":0,"pass":true,"divergence_ordinal":6}
MODEL_MATMUL_AUDIT_JSON {"tensor":"blk.0.attn_k.weight","output":"Kcur-0","dtype":"f16","m":64,"k":1536,"n":256,"sample_m":2,"sample_n":16,"relative_l2":0.000434201586,"max_abs":0.00125951704,"nonfinite_count":0,"pass":true,"divergence_ordinal":6}
MODEL_MATMUL_AUDIT_JSON {"tensor":"blk.0.attn_v.weight","output":"Vcur-0","dtype":"f16","m":64,"k":1536,"n":256,"sample_m":2,"sample_n":16,"relative_l2":0.00067309854,"max_abs":0.000465594348,"nonfinite_count":0,"pass":true,"divergence_ordinal":6}
MODEL_MATMUL_AUDIT_JSON {"tensor":"blk.0.attn_output.weight","output":"kqv_out-0","dtype":"f16","m":64,"k":1536,"n":1536,"sample_m":2,"sample_n":16,"relative_l2":0.000532365744,"max_abs":0.000176598638,"nonfinite_count":0,"pass":true,"divergence_ordinal":6}
MODEL_MATMUL_AUDIT_JSON {"tensor":"blk.0.ffn_gate.weight","output":"ffn_gate-0","dtype":"f16","m":64,"k":1536,"n":8960,"sample_m":2,"sample_n":16,"relative_l2":0.000548027876,"max_abs":0.000888230221,"nonfinite_count":0,"pass":true,"divergence_ordinal":6}
MODEL_MATMUL_AUDIT_JSON {"tensor":"blk.0.ffn_up.weight","output":"ffn_up-0","dtype":"f16","m":64,"k":1536,"n":8960,"sample_m":2,"sample_n":16,"relative_l2":0.00063862309,"max_abs":0.000742523815,"nonfinite_count":0,"pass":true,"divergence_ordinal":6}
MODEL_MATMUL_AUDIT_JSON {"tensor":"blk.0.ffn_down.weight","output":"ffn_out-0","dtype":"f16","m":64,"k":8960,"n":1536,"sample_m":2,"sample_n":16,"relative_l2":0.000546854159,"max_abs":0.000687789987,"nonfinite_count":0,"pass":true,"divergence_ordinal":6}
MODEL_MATMUL_AUDIT_JSON {"tensor":"blk.1.attn_q.weight","output":"Qcur-1","dtype":"f16","m":64,"k":1536,"n":1536,"sample_m":2,"sample_n":16,"relative_l2":0.000556616385,"max_abs":0.000867260096,"nonfinite_count":0,"pass":true,"divergence_ordinal":6}
MODEL_MATMUL_AUDIT_JSON {"tensor":"blk.1.attn_k.weight","output":"Kcur-1","dtype":"f16","m":64,"k":1536,"n":256,"sample_m":2,"sample_n":16,"relative_l2":0.000529978764,"max_abs":0.0012128877,"nonfinite_count":0,"pass":true,"divergence_ordinal":6}
MODEL_MATMUL_AUDIT_JSON {"tensor":"blk.1.attn_v.weight","output":"Vcur-1","dtype":"f16","m":64,"k":1536,"n":256,"sample_m":2,"sample_n":16,"relative_l2":0.000542528163,"max_abs":0.000866634015,"nonfinite_count":0,"pass":true,"divergence_ordinal":6}
MODEL_MATMUL_AUDIT_JSON {"tensor":"blk.1.attn_output.weight","output":"kqv_out-1","dtype":"f16","m":64,"k":1536,"n":1536,"sample_m":2,"sample_n":16,"relative_l2":0.000430716745,"max_abs":7.91747516e-05,"nonfinite_count":0,"pass":true,"divergence_ordinal":6}
MODEL_MATMUL_AUDIT_JSON {"tensor":"blk.1.ffn_gate.weight","output":"ffn_gate-1","dtype":"f16","m":64,"k":1536,"n":8960,"sample_m":2,"sample_n":16,"relative_l2":0.000512809106,"max_abs":0.00488501973,"nonfinite_count":0,"pass":true,"divergence_ordinal":6}
MODEL_MATMUL_AUDIT_JSON {"tensor":"blk.1.ffn_up.weight","output":"ffn_up-1","dtype":"f16","m":64,"k":1536,"n":8960,"sample_m":2,"sample_n":16,"relative_l2":0.000448764878,"max_abs":0.00118688226,"nonfinite_count":0,"pass":true,"divergence_ordinal":6}
MODEL_MATMUL_AUDIT_JSON {"tensor":"blk.1.ffn_down.weight","output":"ffn_out-1","dtype":"f16","m":64,"k":8960,"n":1536,"sample_m":2,"sample_n":16,"relative_l2":0.000514682593,"max_abs":0.000921010622,"nonfinite_count":0,"pass":true,"divergence_ordinal":6}
MODEL_MATMUL_AUDIT_JSON {"tensor":"blk.2.attn_q.weight","output":"Qcur-2","dtype":"f16","m":64,"k":1536,"n":1536,"sample_m":2,"sample_n":16,"relative_l2":0.000513546507,"max_abs":0.00120992144,"nonfinite_count":0,"pass":true,"divergence_ordinal":6}
MODEL_MATMUL_AUDIT_JSON {"tensor":"blk.2.attn_k.weight","output":"Kcur-2","dtype":"f16","m":64,"k":1536,"n":256,"sample_m":2,"sample_n":16,"relative_l2":0.000767482119,"max_abs":0.00263903639,"nonfinite_count":0,"pass":true,"divergence_ordinal":6}
MODEL_MATMUL_AUDIT_JSON {"tensor":"blk.2.attn_v.weight","output":"Vcur-2","dtype":"f16","m":64,"k":1536,"n":256,"sample_m":2,"sample_n":16,"relative_l2":0.000769125585,"max_abs":0.00278045284,"nonfinite_count":0,"pass":true,"divergence_ordinal":6}
MODEL_MATMUL_AUDIT_JSON {"tensor":"blk.2.attn_output.weight","output":"kqv_out-2","dtype":"f16","m":64,"k":1536,"n":1536,"sample_m":2,"sample_n":16,"relative_l2":0.000556476886,"max_abs":0.000133449284,"nonfinite_count":0,"pass":true,"divergence_ordinal":6}
MODEL_MATMUL_AUDIT_JSON {"tensor":"blk.2.ffn_gate.weight","output":"ffn_gate-2","dtype":"f16","m":64,"k":1536,"n":8960,"sample_m":2,"sample_n":16,"relative_l2":0.00066734047,"max_abs":0.00539484201,"nonfinite_count":0,"pass":true,"divergence_ordinal":6}
MODEL_MATMUL_AUDIT_JSON {"tensor":"blk.2.ffn_up.weight","output":"ffn_up-2","dtype":"f16","m":64,"k":1536,"n":8960,"sample_m":2,"sample_n":16,"relative_l2":0.000554973428,"max_abs":0.00265513803,"nonfinite_count":0,"pass":true,"divergence_ordinal":6}
MODEL_MATMUL_AUDIT_JSON {"tensor":"blk.2.ffn_down.weight","output":"ffn_out-2","dtype":"f16","m":64,"k":8960,"n":1536,"sample_m":2,"sample_n":16,"relative_l2":0.000456079559,"max_abs":0.000852231344,"nonfinite_count":0,"pass":true,"divergence_ordinal":6}
MODEL_MATMUL_AUDIT_JSON {"tensor":"blk.3.attn_q.weight","output":"Qcur-3","dtype":"f16","m":64,"k":1536,"n":1536,"sample_m":2,"sample_n":16,"relative_l2":0.000610505323,"max_abs":0.00145622483,"nonfinite_count":0,"pass":true,"divergence_ordinal":6}
MODEL_MATMUL_AUDIT_JSON {"tensor":"blk.3.attn_k.weight","output":"Kcur-3","dtype":"f16","m":64,"k":1536,"n":256,"sample_m":2,"sample_n":16,"relative_l2":0.000747547704,"max_abs":0.00304400548,"nonfinite_count":0,"pass":true,"divergence_ordinal":6}
MODEL_MATMUL_AUDIT_JSON {"tensor":"blk.3.attn_v.weight","output":"Vcur-3","dtype":"f16","m":64,"k":1536,"n":256,"sample_m":2,"sample_n":16,"relative_l2":0.00061168845,"max_abs":0.00124124379,"nonfinite_count":0,"pass":true,"divergence_ordinal":6}
MODEL_MATMUL_AUDIT_JSON {"tensor":"blk.3.attn_output.weight","output":"kqv_out-3","dtype":"f16","m":64,"k":1536,"n":1536,"sample_m":2,"sample_n":16,"relative_l2":0.000556880519,"max_abs":0.000298047089,"nonfinite_count":0,"pass":true,"divergence_ordinal":6}
MODEL_MATMUL_AUDIT_JSON {"tensor":"blk.3.ffn_gate.weight","output":"ffn_gate-3","dtype":"f16","m":64,"k":1536,"n":8960,"sample_m":2,"sample_n":16,"relative_l2":0.000593328782,"max_abs":0.00359150534,"nonfinite_count":0,"pass":true,"divergence_ordinal":6}
MODEL_MATMUL_AUDIT_JSON {"tensor":"blk.3.ffn_up.weight","output":"ffn_up-3","dtype":"f16","m":64,"k":1536,"n":8960,"sample_m":2,"sample_n":16,"relative_l2":0.000480756967,"max_abs":0.00127363391,"nonfinite_count":0,"pass":true,"divergence_ordinal":6}
MODEL_MATMUL_AUDIT_JSON {"tensor":"blk.3.ffn_down.weight","output":"ffn_out-3","dtype":"f16","m":64,"k":8960,"n":1536,"sample_m":2,"sample_n":16,"relative_l2":0.000622175201,"max_abs":0.00129297411,"nonfinite_count":0,"pass":true,"divergence_ordinal":6}
MODEL_MATMUL_AUDIT_JSON {"tensor":"blk.4.attn_q.weight","output":"Qcur-4","dtype":"f16","m":64,"k":1536,"n":1536,"sample_m":2,"sample_n":16,"relative_l2":0.000637264552,"max_abs":0.00135602755,"nonfinite_count":0,"pass":true,"divergence_ordinal":6}
MODEL_MATMUL_AUDIT_JSON {"tensor":"blk.4.attn_k.weight","output":"Kcur-4","dtype":"f16","m":64,"k":1536,"n":256,"sample_m":2,"sample_n":16,"relative_l2":0.000624870929,"max_abs":0.00194925128,"nonfinite_count":0,"pass":true,"divergence_ordinal":6}
MODEL_MATMUL_AUDIT_JSON {"tensor":"blk.4.attn_v.weight","output":"Vcur-4","dtype":"f16","m":64,"k":1536,"n":256,"sample_m":2,"sample_n":16,"relative_l2":0.000575215624,"max_abs":0.00145578454,"nonfinite_count":0,"pass":true,"divergence_ordinal":6}
MODEL_MATMUL_AUDIT_JSON {"tensor":"blk.4.attn_output.weight","output":"kqv_out-4","dtype":"f16","m":64,"k":1536,"n":1536,"sample_m":2,"sample_n":16,"relative_l2":0.000606757579,"max_abs":5.33012462e-05,"nonfinite_count":0,"pass":true,"divergence_ordinal":6}
MODEL_MATMUL_AUDIT_JSON {"tensor":"blk.4.ffn_gate.weight","output":"ffn_gate-4","dtype":"f16","m":64,"k":1536,"n":8960,"sample_m":2,"sample_n":16,"relative_l2":0.000448638271,"max_abs":0.00260238559,"nonfinite_count":0,"pass":true,"divergence_ordinal":6}
MODEL_MATMUL_AUDIT_JSON {"tensor":"blk.4.ffn_up.weight","output":"ffn_up-4","dtype":"f16","m":64,"k":1536,"n":8960,"sample_m":2,"sample_n":16,"relative_l2":0.000606434981,"max_abs":0.00102428417,"nonfinite_count":0,"pass":true,"divergence_ordinal":6}
MODEL_MATMUL_AUDIT_JSON {"tensor":"blk.4.ffn_down.weight","output":"ffn_out-4","dtype":"f16","m":64,"k":8960,"n":1536,"sample_m":2,"sample_n":16,"relative_l2":0.000524081107,"max_abs":0.000909874798,"nonfinite_count":0,"pass":true,"divergence_ordinal":6}
MODEL_MATMUL_AUDIT_JSON {"tensor":"blk.5.attn_q.weight","output":"Qcur-5","dtype":"f16","m":64,"k":1536,"n":1536,"sample_m":2,"sample_n":16,"relative_l2":0.000627453364,"max_abs":0.00203510257,"nonfinite_count":0,"pass":true,"divergence_ordinal":6}
MODEL_MATMUL_AUDIT_JSON {"tensor":"blk.5.attn_k.weight","output":"Kcur-5","dtype":"f16","m":64,"k":1536,"n":256,"sample_m":2,"sample_n":16,"relative_l2":0.000787743233,"max_abs":0.00143626088,"nonfinite_count":0,"pass":true,"divergence_ordinal":6}
MODEL_MATMUL_AUDIT_JSON {"tensor":"blk.5.attn_v.weight","output":"Vcur-5","dtype":"f16","m":64,"k":1536,"n":256,"sample_m":2,"sample_n":16,"relative_l2":0.000552656997,"max_abs":0.00131585624,"nonfinite_count":0,"pass":true,"divergence_ordinal":6}
MODEL_MATMUL_AUDIT_JSON {"tensor":"blk.5.attn_output.weight","output":"kqv_out-5","dtype":"f16","m":64,"k":1536,"n":1536,"sample_m":2,"sample_n":16,"relative_l2":0.000644903317,"max_abs":2.14166375e-05,"nonfinite_count":0,"pass":true,"divergence_ordinal":6}
MODEL_MATMUL_AUDIT_JSON {"tensor":"blk.5.ffn_gate.weight","output":"ffn_gate-5","dtype":"f16","m":64,"k":1536,"n":8960,"sample_m":2,"sample_n":16,"relative_l2":0.000717155203,"max_abs":0.00598996505,"nonfinite_count":0,"pass":true,"divergence_ordinal":6}
MODEL_MATMUL_AUDIT_JSON {"tensor":"blk.5.ffn_up.weight","output":"ffn_up-5","dtype":"f16","m":64,"k":1536,"n":8960,"sample_m":2,"sample_n":16,"relative_l2":0.000702491458,"max_abs":0.00212638173,"nonfinite_count":0,"pass":true,"divergence_ordinal":6}
MODEL_MATMUL_AUDIT_JSON {"tensor":"blk.5.ffn_down.weight","output":"ffn_out-5","dtype":"f16","m":64,"k":8960,"n":1536,"sample_m":2,"sample_n":16,"relative_l2":0.00067320753,"max_abs":0.00118696957,"nonfinite_count":0,"pass":true,"divergence_ordinal":6}
MODEL_MATMUL_AUDIT_JSON {"tensor":"blk.6.attn_q.weight","output":"Qcur-6","dtype":"f16","m":64,"k":1536,"n":1536,"sample_m":2,"sample_n":16,"relative_l2":0.000685924081,"max_abs":0.00241769222,"nonfinite_count":0,"pass":true,"divergence_ordinal":6}
MODEL_MATMUL_AUDIT_JSON {"tensor":"blk.6.attn_k.weight","output":"Kcur-6","dtype":"f16","m":64,"k":1536,"n":256,"sample_m":2,"sample_n":16,"relative_l2":0.000494860633,"max_abs":0.00130281807,"nonfinite_count":0,"pass":true,"divergence_ordinal":6}
MODEL_MATMUL_AUDIT_JSON {"tensor":"blk.6.attn_v.weight","output":"Vcur-6","dtype":"f16","m":64,"k":1536,"n":256,"sample_m":2,"sample_n":16,"relative_l2":0.00058375874,"max_abs":0.0008985147,"nonfinite_count":0,"pass":true,"divergence_ordinal":6}
MODEL_MATMUL_AUDIT_JSON {"tensor":"blk.6.attn_output.weight","output":"kqv_out-6","dtype":"f16","m":64,"k":1536,"n":1536,"sample_m":2,"sample_n":16,"relative_l2":0.000556918514,"max_abs":3.13499586e-05,"nonfinite_count":0,"pass":true,"divergence_ordinal":6}
MODEL_MATMUL_AUDIT_JSON {"tensor":"blk.6.ffn_gate.weight","output":"ffn_gate-6","dtype":"f16","m":64,"k":1536,"n":8960,"sample_m":2,"sample_n":16,"relative_l2":0.000389116994,"max_abs":0.00161794527,"nonfinite_count":0,"pass":true,"divergence_ordinal":6}
MODEL_MATMUL_AUDIT_JSON {"tensor":"blk.6.ffn_up.weight","output":"ffn_up-6","dtype":"f16","m":64,"k":1536,"n":8960,"sample_m":2,"sample_n":16,"relative_l2":0.000593158846,"max_abs":0.00132558029,"nonfinite_count":0,"pass":true,"divergence_ordinal":6}
MODEL_MATMUL_AUDIT_JSON {"tensor":"blk.6.ffn_down.weight","output":"ffn_out-6","dtype":"f16","m":64,"k":8960,"n":1536,"sample_m":2,"sample_n":16,"relative_l2":0.000526514818,"max_abs":0.000725518912,"nonfinite_count":0,"pass":true,"divergence_ordinal":6}
MODEL_MATMUL_AUDIT_JSON {"tensor":"blk.7.attn_q.weight","output":"Qcur-7","dtype":"f16","m":64,"k":1536,"n":1536,"sample_m":2,"sample_n":16,"relative_l2":0.000609852249,"max_abs":0.0014948739,"nonfinite_count":0,"pass":true,"divergence_ordinal":6}
MODEL_MATMUL_AUDIT_JSON {"tensor":"blk.7.attn_k.weight","output":"Kcur-7","dtype":"f16","m":64,"k":1536,"n":256,"sample_m":2,"sample_n":16,"relative_l2":0.000539985208,"max_abs":0.00132653979,"nonfinite_count":0,"pass":true,"divergence_ordinal":6}
MODEL_MATMUL_AUDIT_JSON {"tensor":"blk.7.attn_v.weight","output":"Vcur-7","dtype":"f16","m":64,"k":1536,"n":256,"sample_m":2,"sample_n":16,"relative_l2":0.000538001629,"max_abs":0.000712896872,"nonfinite_count":0,"pass":true,"divergence_ordinal":6}
MODEL_MATMUL_AUDIT_JSON {"tensor":"blk.7.attn_output.weight","output":"kqv_out-7","dtype":"f16","m":64,"k":1536,"n":1536,"sample_m":2,"sample_n":16,"relative_l2":0.000764386262,"max_abs":0.000181656884,"nonfinite_count":0,"pass":true,"divergence_ordinal":6}
MODEL_MATMUL_AUDIT_JSON {"tensor":"blk.7.ffn_gate.weight","output":"ffn_gate-7","dtype":"f16","m":64,"k":1536,"n":8960,"sample_m":2,"sample_n":16,"relative_l2":0.000418618733,"max_abs":0.00075744401,"nonfinite_count":0,"pass":true,"divergence_ordinal":6}
MODEL_MATMUL_AUDIT_JSON {"tensor":"blk.7.ffn_up.weight","output":"ffn_up-7","dtype":"f16","m":64,"k":1536,"n":8960,"sample_m":2,"sample_n":16,"relative_l2":0.000520380925,"max_abs":0.00115045602,"nonfinite_count":0,"pass":true,"divergence_ordinal":6}
MODEL_MATMUL_AUDIT_JSON {"tensor":"blk.7.ffn_down.weight","output":"ffn_out-7","dtype":"f16","m":64,"k":8960,"n":1536,"sample_m":2,"sample_n":16,"relative_l2":0.000413151634,"max_abs":0.000426589657,"nonfinite_count":0,"pass":true,"divergence_ordinal":6}
MODEL_MATMUL_AUDIT_JSON {"tensor":"blk.8.attn_q.weight","output":"Qcur-8","dtype":"f16","m":64,"k":1536,"n":1536,"sample_m":2,"sample_n":16,"relative_l2":0.000399548797,"max_abs":0.00154121825,"nonfinite_count":0,"pass":true,"divergence_ordinal":6}
MODEL_MATMUL_AUDIT_JSON {"tensor":"blk.8.attn_k.weight","output":"Kcur-8","dtype":"f16","m":64,"k":1536,"n":256,"sample_m":2,"sample_n":16,"relative_l2":0.000518627125,"max_abs":0.00145462959,"nonfinite_count":0,"pass":true,"divergence_ordinal":6}
MODEL_MATMUL_AUDIT_JSON {"tensor":"blk.8.attn_v.weight","output":"Vcur-8","dtype":"f16","m":64,"k":1536,"n":256,"sample_m":2,"sample_n":16,"relative_l2":0.000760615174,"max_abs":0.00154239836,"nonfinite_count":0,"pass":true,"divergence_ordinal":6}
MODEL_MATMUL_AUDIT_JSON {"tensor":"blk.8.attn_output.weight","output":"kqv_out-8","dtype":"f16","m":64,"k":1536,"n":1536,"sample_m":2,"sample_n":16,"relative_l2":0.00072455289,"max_abs":0.000138166084,"nonfinite_count":0,"pass":true,"divergence_ordinal":6}
MODEL_MATMUL_AUDIT_JSON {"tensor":"blk.8.ffn_gate.weight","output":"ffn_gate-8","dtype":"f16","m":64,"k":1536,"n":8960,"sample_m":2,"sample_n":16,"relative_l2":0.000659790759,"max_abs":0.0023383603,"nonfinite_count":0,"pass":true,"divergence_ordinal":6}
MODEL_MATMUL_AUDIT_JSON {"tensor":"blk.8.ffn_up.weight","output":"ffn_up-8","dtype":"f16","m":64,"k":1536,"n":8960,"sample_m":2,"sample_n":16,"relative_l2":0.000777145099,"max_abs":0.0012222646,"nonfinite_count":0,"pass":true,"divergence_ordinal":6}
MODEL_MATMUL_AUDIT_JSON {"tensor":"blk.8.ffn_down.weight","output":"ffn_out-8","dtype":"f16","m":64,"k":8960,"n":1536,"sample_m":2,"sample_n":16,"relative_l2":0.000567966466,"max_abs":0.000737063587,"nonfinite_count":0,"pass":true,"divergence_ordinal":6}
MODEL_MATMUL_AUDIT_JSON {"tensor":"blk.9.attn_q.weight","output":"Qcur-9","dtype":"f16","m":64,"k":1536,"n":1536,"sample_m":2,"sample_n":16,"relative_l2":0.000659362505,"max_abs":0.00173185859,"nonfinite_count":0,"pass":true,"divergence_ordinal":6}
MODEL_MATMUL_AUDIT_JSON {"tensor":"blk.9.attn_k.weight","output":"Kcur-9","dtype":"f16","m":64,"k":1536,"n":256,"sample_m":2,"sample_n":16,"relative_l2":0.000618744262,"max_abs":0.0027931137,"nonfinite_count":0,"pass":true,"divergence_ordinal":6}
MODEL_MATMUL_AUDIT_JSON {"tensor":"blk.9.attn_v.weight","output":"Vcur-9","dtype":"f16","m":64,"k":1536,"n":256,"sample_m":2,"sample_n":16,"relative_l2":0.000637777474,"max_abs":0.0010984746,"nonfinite_count":0,"pass":true,"divergence_ordinal":6}
MODEL_MATMUL_AUDIT_JSON {"tensor":"blk.9.attn_output.weight","output":"kqv_out-9","dtype":"f16","m":64,"k":1536,"n":1536,"sample_m":2,"sample_n":16,"relative_l2":0.00068372253,"max_abs":7.71091145e-05,"nonfinite_count":0,"pass":true,"divergence_ordinal":6}
MODEL_MATMUL_AUDIT_JSON {"tensor":"blk.9.ffn_gate.weight","output":"ffn_gate-9","dtype":"f16","m":64,"k":1536,"n":8960,"sample_m":2,"sample_n":16,"relative_l2":0.000633545354,"max_abs":0.00139726629,"nonfinite_count":0,"pass":true,"divergence_ordinal":6}
MODEL_MATMUL_AUDIT_JSON {"tensor":"blk.9.ffn_up.weight","output":"ffn_up-9","dtype":"f16","m":64,"k":1536,"n":8960,"sample_m":2,"sample_n":16,"relative_l2":0.000670891994,"max_abs":0.000737596769,"nonfinite_count":0,"pass":true,"divergence_ordinal":6}
MODEL_MATMUL_AUDIT_JSON {"tensor":"blk.9.ffn_down.weight","output":"ffn_out-9","dtype":"f16","m":64,"k":8960,"n":1536,"sample_m":2,"sample_n":16,"relative_l2":0.000644244417,"max_abs":0.000774186337,"nonfinite_count":0,"pass":true,"divergence_ordinal":6}
MODEL_MATMUL_AUDIT_JSON {"tensor":"blk.10.attn_q.weight","output":"Qcur-10","dtype":"f16","m":64,"k":1536,"n":1536,"sample_m":2,"sample_n":16,"relative_l2":0.000744448099,"max_abs":0.00159895432,"nonfinite_count":0,"pass":true,"divergence_ordinal":6}
MODEL_MATMUL_AUDIT_JSON {"tensor":"blk.10.attn_k.weight","output":"Kcur-10","dtype":"f16","m":64,"k":1536,"n":256,"sample_m":2,"sample_n":16,"relative_l2":0.000539726329,"max_abs":0.00159198476,"nonfinite_count":0,"pass":true,"divergence_ordinal":6}
MODEL_MATMUL_AUDIT_JSON {"tensor":"blk.10.attn_v.weight","output":"Vcur-10","dtype":"f16","m":64,"k":1536,"n":256,"sample_m":2,"sample_n":16,"relative_l2":0.000433364077,"max_abs":0.00103387947,"nonfinite_count":0,"pass":true,"divergence_ordinal":6}
MODEL_MATMUL_AUDIT_JSON {"tensor":"blk.10.attn_output.weight","output":"kqv_out-10","dtype":"f16","m":64,"k":1536,"n":1536,"sample_m":2,"sample_n":16,"relative_l2":0.000497542335,"max_abs":0.000134752234,"nonfinite_count":0,"pass":true,"divergence_ordinal":6}
MODEL_MATMUL_AUDIT_JSON {"tensor":"blk.10.ffn_gate.weight","output":"ffn_gate-10","dtype":"f16","m":64,"k":1536,"n":8960,"sample_m":2,"sample_n":16,"relative_l2":0.000549888631,"max_abs":0.00125012768,"nonfinite_count":0,"pass":true,"divergence_ordinal":6}
MODEL_MATMUL_AUDIT_JSON {"tensor":"blk.10.ffn_up.weight","output":"ffn_up-10","dtype":"f16","m":64,"k":1536,"n":8960,"sample_m":2,"sample_n":16,"relative_l2":0.000669157868,"max_abs":0.00135708239,"nonfinite_count":0,"pass":true,"divergence_ordinal":6}
MODEL_MATMUL_AUDIT_JSON {"tensor":"blk.10.ffn_down.weight","output":"ffn_out-10","dtype":"f16","m":64,"k":8960,"n":1536,"sample_m":2,"sample_n":16,"relative_l2":0.000568299331,"max_abs":0.00109928532,"nonfinite_count":0,"pass":true,"divergence_ordinal":6}
MODEL_MATMUL_AUDIT_JSON {"tensor":"blk.11.attn_q.weight","output":"Qcur-11","dtype":"f16","m":64,"k":1536,"n":1536,"sample_m":2,"sample_n":16,"relative_l2":0.000559785286,"max_abs":0.000673428876,"nonfinite_count":0,"pass":true,"divergence_ordinal":6}
MODEL_MATMUL_AUDIT_JSON {"tensor":"blk.11.attn_k.weight","output":"Kcur-11","dtype":"f16","m":64,"k":1536,"n":256,"sample_m":2,"sample_n":16,"relative_l2":0.000638618755,"max_abs":0.00249693845,"nonfinite_count":0,"pass":true,"divergence_ordinal":6}
MODEL_MATMUL_AUDIT_JSON {"tensor":"blk.11.attn_v.weight","output":"Vcur-11","dtype":"f16","m":64,"k":1536,"n":256,"sample_m":2,"sample_n":16,"relative_l2":0.000491533691,"max_abs":0.000893653836,"nonfinite_count":0,"pass":true,"divergence_ordinal":6}
MODEL_MATMUL_AUDIT_JSON {"tensor":"blk.11.attn_output.weight","output":"kqv_out-11","dtype":"f16","m":64,"k":1536,"n":1536,"sample_m":2,"sample_n":16,"relative_l2":0.00048986958,"max_abs":0.000165047953,"nonfinite_count":0,"pass":true,"divergence_ordinal":6}
MODEL_MATMUL_AUDIT_JSON {"tensor":"blk.11.ffn_gate.weight","output":"ffn_gate-11","dtype":"f16","m":64,"k":1536,"n":8960,"sample_m":2,"sample_n":16,"relative_l2":0.000925988847,"max_abs":0.00525222626,"nonfinite_count":0,"pass":true,"divergence_ordinal":6}
MODEL_MATMUL_AUDIT_JSON {"tensor":"blk.11.ffn_up.weight","output":"ffn_up-11","dtype":"f16","m":64,"k":1536,"n":8960,"sample_m":2,"sample_n":16,"relative_l2":0.000876113839,"max_abs":0.00153731089,"nonfinite_count":0,"pass":true,"divergence_ordinal":6}
MODEL_MATMUL_AUDIT_JSON {"tensor":"blk.11.ffn_down.weight","output":"ffn_out-11","dtype":"f16","m":64,"k":8960,"n":1536,"sample_m":2,"sample_n":16,"relative_l2":0.000444674415,"max_abs":0.00108997826,"nonfinite_count":0,"pass":true,"divergence_ordinal":6}
MODEL_MATMUL_AUDIT_JSON {"tensor":"blk.12.attn_q.weight","output":"Qcur-12","dtype":"f16","m":64,"k":1536,"n":1536,"sample_m":2,"sample_n":16,"relative_l2":0.000513695272,"max_abs":0.000620510546,"nonfinite_count":0,"pass":true,"divergence_ordinal":6}
MODEL_MATMUL_AUDIT_JSON {"tensor":"blk.12.attn_k.weight","output":"Kcur-12","dtype":"f16","m":64,"k":1536,"n":256,"sample_m":2,"sample_n":16,"relative_l2":0.000553842461,"max_abs":0.00142423215,"nonfinite_count":0,"pass":true,"divergence_ordinal":6}
MODEL_MATMUL_AUDIT_JSON {"tensor":"blk.12.attn_v.weight","output":"Vcur-12","dtype":"f16","m":64,"k":1536,"n":256,"sample_m":2,"sample_n":16,"relative_l2":0.00046632962,"max_abs":0.00129054615,"nonfinite_count":0,"pass":true,"divergence_ordinal":6}
MODEL_MATMUL_AUDIT_JSON {"tensor":"blk.12.attn_output.weight","output":"kqv_out-12","dtype":"f16","m":64,"k":1536,"n":1536,"sample_m":2,"sample_n":16,"relative_l2":0.000560984296,"max_abs":2.90722055e-05,"nonfinite_count":0,"pass":true,"divergence_ordinal":6}
MODEL_MATMUL_AUDIT_JSON {"tensor":"blk.12.ffn_gate.weight","output":"ffn_gate-12","dtype":"f16","m":64,"k":1536,"n":8960,"sample_m":2,"sample_n":16,"relative_l2":0.000574932778,"max_abs":0.00142819178,"nonfinite_count":0,"pass":true,"divergence_ordinal":6}
MODEL_MATMUL_AUDIT_JSON {"tensor":"blk.12.ffn_up.weight","output":"ffn_up-12","dtype":"f16","m":64,"k":1536,"n":8960,"sample_m":2,"sample_n":16,"relative_l2":0.000623613371,"max_abs":0.00134922657,"nonfinite_count":0,"pass":true,"divergence_ordinal":6}
MODEL_MATMUL_AUDIT_JSON {"tensor":"blk.12.ffn_down.weight","output":"ffn_out-12","dtype":"f16","m":64,"k":8960,"n":1536,"sample_m":2,"sample_n":16,"relative_l2":0.000576306846,"max_abs":0.00064958533,"nonfinite_count":0,"pass":true,"divergence_ordinal":6}
MODEL_MATMUL_AUDIT_JSON {"tensor":"blk.13.attn_q.weight","output":"Qcur-13","dtype":"f16","m":64,"k":1536,"n":1536,"sample_m":2,"sample_n":16,"relative_l2":0.000486029572,"max_abs":0.00131362909,"nonfinite_count":0,"pass":true,"divergence_ordinal":6}
MODEL_MATMUL_AUDIT_JSON {"tensor":"blk.13.attn_k.weight","output":"Kcur-13","dtype":"f16","m":64,"k":1536,"n":256,"sample_m":2,"sample_n":16,"relative_l2":0.000620985557,"max_abs":0.00276692957,"nonfinite_count":0,"pass":true,"divergence_ordinal":6}
MODEL_MATMUL_AUDIT_JSON {"tensor":"blk.13.attn_v.weight","output":"Vcur-13","dtype":"f16","m":64,"k":1536,"n":256,"sample_m":2,"sample_n":16,"relative_l2":0.000756862696,"max_abs":0.0026250938,"nonfinite_count":0,"pass":true,"divergence_ordinal":6}
MODEL_MATMUL_AUDIT_JSON {"tensor":"blk.13.attn_output.weight","output":"kqv_out-13","dtype":"f16","m":64,"k":1536,"n":1536,"sample_m":2,"sample_n":16,"relative_l2":0.000551592113,"max_abs":6.30425711e-05,"nonfinite_count":0,"pass":true,"divergence_ordinal":6}
MODEL_MATMUL_AUDIT_JSON {"tensor":"blk.13.ffn_gate.weight","output":"ffn_gate-13","dtype":"f16","m":64,"k":1536,"n":8960,"sample_m":2,"sample_n":16,"relative_l2":0.000524922423,"max_abs":0.0012065795,"nonfinite_count":0,"pass":true,"divergence_ordinal":6}
MODEL_MATMUL_AUDIT_JSON {"tensor":"blk.13.ffn_up.weight","output":"ffn_up-13","dtype":"f16","m":64,"k":1536,"n":8960,"sample_m":2,"sample_n":16,"relative_l2":0.00077990254,"max_abs":0.00122926454,"nonfinite_count":0,"pass":true,"divergence_ordinal":6}
MODEL_MATMUL_AUDIT_JSON {"tensor":"blk.13.ffn_down.weight","output":"ffn_out-13","dtype":"f16","m":64,"k":8960,"n":1536,"sample_m":2,"sample_n":16,"relative_l2":0.000413927568,"max_abs":0.000686423155,"nonfinite_count":0,"pass":true,"divergence_ordinal":6}
MODEL_MATMUL_AUDIT_JSON {"tensor":"blk.14.attn_q.weight","output":"Qcur-14","dtype":"f16","m":64,"k":1536,"n":1536,"sample_m":2,"sample_n":16,"relative_l2":0.000514122807,"max_abs":0.00137260975,"nonfinite_count":0,"pass":true,"divergence_ordinal":6}
MODEL_MATMUL_AUDIT_JSON {"tensor":"blk.14.attn_k.weight","output":"Kcur-14","dtype":"f16","m":64,"k":1536,"n":256,"sample_m":2,"sample_n":16,"relative_l2":0.000614077066,"max_abs":0.000730138505,"nonfinite_count":0,"pass":true,"divergence_ordinal":6}
MODEL_MATMUL_AUDIT_JSON {"tensor":"blk.14.attn_v.weight","output":"Vcur-14","dtype":"f16","m":64,"k":1536,"n":256,"sample_m":2,"sample_n":16,"relative_l2":0.000531189482,"max_abs":0.00113799085,"nonfinite_count":0,"pass":true,"divergence_ordinal":6}
MODEL_MATMUL_AUDIT_JSON {"tensor":"blk.14.attn_output.weight","output":"kqv_out-14","dtype":"f16","m":64,"k":1536,"n":1536,"sample_m":2,"sample_n":16,"relative_l2":0.000484567895,"max_abs":0.000135850089,"nonfinite_count":0,"pass":true,"divergence_ordinal":6}
MODEL_MATMUL_AUDIT_JSON {"tensor":"blk.14.ffn_gate.weight","output":"ffn_gate-14","dtype":"f16","m":64,"k":1536,"n":8960,"sample_m":2,"sample_n":16,"relative_l2":0.000509713069,"max_abs":0.00110153551,"nonfinite_count":0,"pass":true,"divergence_ordinal":6}
MODEL_MATMUL_AUDIT_JSON {"tensor":"blk.14.ffn_up.weight","output":"ffn_up-14","dtype":"f16","m":64,"k":1536,"n":8960,"sample_m":2,"sample_n":16,"relative_l2":0.000680779964,"max_abs":0.00105146319,"nonfinite_count":0,"pass":true,"divergence_ordinal":6}
MODEL_MATMUL_AUDIT_JSON {"tensor":"blk.14.ffn_down.weight","output":"ffn_out-14","dtype":"f16","m":64,"k":8960,"n":1536,"sample_m":2,"sample_n":16,"relative_l2":0.000496736144,"max_abs":0.000773223815,"nonfinite_count":0,"pass":true,"divergence_ordinal":6}
MODEL_MATMUL_AUDIT_JSON {"tensor":"blk.15.attn_q.weight","output":"Qcur-15","dtype":"f16","m":64,"k":1536,"n":1536,"sample_m":2,"sample_n":16,"relative_l2":0.000422115337,"max_abs":0.00133139442,"nonfinite_count":0,"pass":true,"divergence_ordinal":6}
MODEL_MATMUL_AUDIT_JSON {"tensor":"blk.15.attn_k.weight","output":"Kcur-15","dtype":"f16","m":64,"k":1536,"n":256,"sample_m":2,"sample_n":16,"relative_l2":0.000576088,"max_abs":0.00273310556,"nonfinite_count":0,"pass":true,"divergence_ordinal":6}
MODEL_MATMUL_AUDIT_JSON {"tensor":"blk.15.attn_v.weight","output":"Vcur-15","dtype":"f16","m":64,"k":1536,"n":256,"sample_m":2,"sample_n":16,"relative_l2":0.000366177347,"max_abs":0.00086047285,"nonfinite_count":0,"pass":true,"divergence_ordinal":6}
MODEL_MATMUL_AUDIT_JSON {"tensor":"blk.15.attn_output.weight","output":"kqv_out-15","dtype":"f16","m":64,"k":1536,"n":1536,"sample_m":2,"sample_n":16,"relative_l2":0.000482565624,"max_abs":0.000140287826,"nonfinite_count":0,"pass":true,"divergence_ordinal":6}
MODEL_MATMUL_AUDIT_JSON {"tensor":"blk.15.ffn_gate.weight","output":"ffn_gate-15","dtype":"f16","m":64,"k":1536,"n":8960,"sample_m":2,"sample_n":16,"relative_l2":0.000511294825,"max_abs":0.00160080532,"nonfinite_count":0,"pass":true,"divergence_ordinal":6}
MODEL_MATMUL_AUDIT_JSON {"tensor":"blk.15.ffn_up.weight","output":"ffn_up-15","dtype":"f16","m":64,"k":1536,"n":8960,"sample_m":2,"sample_n":16,"relative_l2":0.00050394411,"max_abs":0.000606977555,"nonfinite_count":0,"pass":true,"divergence_ordinal":6}
MODEL_MATMUL_AUDIT_JSON {"tensor":"blk.15.ffn_down.weight","output":"ffn_out-15","dtype":"f16","m":64,"k":8960,"n":1536,"sample_m":2,"sample_n":16,"relative_l2":0.000624371924,"max_abs":0.000898335129,"nonfinite_count":0,"pass":true,"divergence_ordinal":6}
MODEL_MATMUL_AUDIT_JSON {"tensor":"blk.16.attn_q.weight","output":"Qcur-16","dtype":"f16","m":64,"k":1536,"n":1536,"sample_m":2,"sample_n":16,"relative_l2":0.000572900566,"max_abs":0.000758154958,"nonfinite_count":0,"pass":true,"divergence_ordinal":6}
MODEL_MATMUL_AUDIT_JSON {"tensor":"blk.16.attn_k.weight","output":"Kcur-16","dtype":"f16","m":64,"k":1536,"n":256,"sample_m":2,"sample_n":16,"relative_l2":0.000510365684,"max_abs":0.000774709682,"nonfinite_count":0,"pass":true,"divergence_ordinal":6}
MODEL_MATMUL_AUDIT_JSON {"tensor":"blk.16.attn_v.weight","output":"Vcur-16","dtype":"f16","m":64,"k":1536,"n":256,"sample_m":2,"sample_n":16,"relative_l2":0.000521680787,"max_abs":0.00119129603,"nonfinite_count":0,"pass":true,"divergence_ordinal":6}
MODEL_MATMUL_AUDIT_JSON {"tensor":"blk.16.attn_output.weight","output":"kqv_out-16","dtype":"f16","m":64,"k":1536,"n":1536,"sample_m":2,"sample_n":16,"relative_l2":0.000432849287,"max_abs":2.82025503e-05,"nonfinite_count":0,"pass":true,"divergence_ordinal":6}
MODEL_MATMUL_AUDIT_JSON {"tensor":"blk.16.ffn_gate.weight","output":"ffn_gate-16","dtype":"f16","m":64,"k":1536,"n":8960,"sample_m":2,"sample_n":16,"relative_l2":0.000666427996,"max_abs":0.00163167599,"nonfinite_count":0,"pass":true,"divergence_ordinal":6}
MODEL_MATMUL_AUDIT_JSON {"tensor":"blk.16.ffn_up.weight","output":"ffn_up-16","dtype":"f16","m":64,"k":1536,"n":8960,"sample_m":2,"sample_n":16,"relative_l2":0.000671202361,"max_abs":0.00127699494,"nonfinite_count":0,"pass":true,"divergence_ordinal":6}
MODEL_MATMUL_AUDIT_JSON {"tensor":"blk.16.ffn_down.weight","output":"ffn_out-16","dtype":"f16","m":64,"k":8960,"n":1536,"sample_m":2,"sample_n":16,"relative_l2":0.000460801822,"max_abs":0.000560709741,"nonfinite_count":0,"pass":true,"divergence_ordinal":6}
MODEL_MATMUL_AUDIT_JSON {"tensor":"blk.17.attn_q.weight","output":"Qcur-17","dtype":"f16","m":64,"k":1536,"n":1536,"sample_m":2,"sample_n":16,"relative_l2":0.000568558456,"max_abs":0.00281572202,"nonfinite_count":0,"pass":true,"divergence_ordinal":6}
MODEL_MATMUL_AUDIT_JSON {"tensor":"blk.17.attn_k.weight","output":"Kcur-17","dtype":"f16","m":64,"k":1536,"n":256,"sample_m":2,"sample_n":16,"relative_l2":0.00059452603,"max_abs":0.00100239448,"nonfinite_count":0,"pass":true,"divergence_ordinal":6}
MODEL_MATMUL_AUDIT_JSON {"tensor":"blk.17.attn_v.weight","output":"Vcur-17","dtype":"f16","m":64,"k":1536,"n":256,"sample_m":2,"sample_n":16,"relative_l2":0.00068076601,"max_abs":0.000633193355,"nonfinite_count":0,"pass":true,"divergence_ordinal":6}
MODEL_MATMUL_AUDIT_JSON {"tensor":"blk.17.attn_output.weight","output":"kqv_out-17","dtype":"f16","m":64,"k":1536,"n":1536,"sample_m":2,"sample_n":16,"relative_l2":0.000554168444,"max_abs":0.000176914356,"nonfinite_count":0,"pass":true,"divergence_ordinal":6}
MODEL_MATMUL_AUDIT_JSON {"tensor":"blk.17.ffn_gate.weight","output":"ffn_gate-17","dtype":"f16","m":64,"k":1536,"n":8960,"sample_m":2,"sample_n":16,"relative_l2":0.000464459178,"max_abs":0.000826896343,"nonfinite_count":0,"pass":true,"divergence_ordinal":6}
MODEL_MATMUL_AUDIT_JSON {"tensor":"blk.17.ffn_up.weight","output":"ffn_up-17","dtype":"f16","m":64,"k":1536,"n":8960,"sample_m":2,"sample_n":16,"relative_l2":0.000623323216,"max_abs":0.00102505577,"nonfinite_count":0,"pass":true,"divergence_ordinal":6}
MODEL_MATMUL_AUDIT_JSON {"tensor":"blk.17.ffn_down.weight","output":"ffn_out-17","dtype":"f16","m":64,"k":8960,"n":1536,"sample_m":2,"sample_n":16,"relative_l2":0.000500385076,"max_abs":0.00068729301,"nonfinite_count":0,"pass":true,"divergence_ordinal":6}
MODEL_MATMUL_AUDIT_JSON {"tensor":"blk.18.attn_q.weight","output":"Qcur-18","dtype":"f16","m":64,"k":1536,"n":1536,"sample_m":2,"sample_n":16,"relative_l2":0.000483708364,"max_abs":0.00077986531,"nonfinite_count":0,"pass":true,"divergence_ordinal":6}
MODEL_MATMUL_AUDIT_JSON {"tensor":"blk.18.attn_k.weight","output":"Kcur-18","dtype":"f16","m":64,"k":1536,"n":256,"sample_m":2,"sample_n":16,"relative_l2":0.000693143309,"max_abs":0.00271882163,"nonfinite_count":0,"pass":true,"divergence_ordinal":6}
MODEL_MATMUL_AUDIT_JSON {"tensor":"blk.18.attn_v.weight","output":"Vcur-18","dtype":"f16","m":64,"k":1536,"n":256,"sample_m":2,"sample_n":16,"relative_l2":0.000546168376,"max_abs":0.00120900129,"nonfinite_count":0,"pass":true,"divergence_ordinal":6}
MODEL_MATMUL_AUDIT_JSON {"tensor":"blk.18.attn_output.weight","output":"kqv_out-18","dtype":"f16","m":64,"k":1536,"n":1536,"sample_m":2,"sample_n":16,"relative_l2":0.000445847068,"max_abs":1.30153276e-05,"nonfinite_count":0,"pass":true,"divergence_ordinal":6}
MODEL_MATMUL_AUDIT_JSON {"tensor":"blk.18.ffn_gate.weight","output":"ffn_gate-18","dtype":"f16","m":64,"k":1536,"n":8960,"sample_m":2,"sample_n":16,"relative_l2":0.000483073497,"max_abs":0.000931066868,"nonfinite_count":0,"pass":true,"divergence_ordinal":6}
MODEL_MATMUL_AUDIT_JSON {"tensor":"blk.18.ffn_up.weight","output":"ffn_up-18","dtype":"f16","m":64,"k":1536,"n":8960,"sample_m":2,"sample_n":16,"relative_l2":0.000575348543,"max_abs":0.00075123657,"nonfinite_count":0,"pass":true,"divergence_ordinal":6}
MODEL_MATMUL_AUDIT_JSON {"tensor":"blk.18.ffn_down.weight","output":"ffn_out-18","dtype":"f16","m":64,"k":8960,"n":1536,"sample_m":2,"sample_n":16,"relative_l2":0.00050077768,"max_abs":0.000978164491,"nonfinite_count":0,"pass":true,"divergence_ordinal":6}
MODEL_MATMUL_AUDIT_JSON {"tensor":"blk.19.attn_q.weight","output":"Qcur-19","dtype":"f16","m":64,"k":1536,"n":1536,"sample_m":2,"sample_n":16,"relative_l2":0.000513555502,"max_abs":0.00131311675,"nonfinite_count":0,"pass":true,"divergence_ordinal":6}
MODEL_MATMUL_AUDIT_JSON {"tensor":"blk.19.attn_k.weight","output":"Kcur-19","dtype":"f16","m":64,"k":1536,"n":256,"sample_m":2,"sample_n":16,"relative_l2":0.000740727834,"max_abs":0.00148102059,"nonfinite_count":0,"pass":true,"divergence_ordinal":6}
MODEL_MATMUL_AUDIT_JSON {"tensor":"blk.19.attn_v.weight","output":"Vcur-19","dtype":"f16","m":64,"k":1536,"n":256,"sample_m":2,"sample_n":16,"relative_l2":0.000445950306,"max_abs":0.00165112666,"nonfinite_count":0,"pass":true,"divergence_ordinal":6}
MODEL_MATMUL_AUDIT_JSON {"tensor":"blk.19.attn_output.weight","output":"kqv_out-19","dtype":"f16","m":64,"k":1536,"n":1536,"sample_m":2,"sample_n":16,"relative_l2":0.000347322784,"max_abs":2.0402882e-05,"nonfinite_count":0,"pass":true,"divergence_ordinal":6}
MODEL_MATMUL_AUDIT_JSON {"tensor":"blk.19.ffn_gate.weight","output":"ffn_gate-19","dtype":"f16","m":64,"k":1536,"n":8960,"sample_m":2,"sample_n":16,"relative_l2":0.000386114583,"max_abs":0.000935931166,"nonfinite_count":0,"pass":true,"divergence_ordinal":6}
MODEL_MATMUL_AUDIT_JSON {"tensor":"blk.19.ffn_up.weight","output":"ffn_up-19","dtype":"f16","m":64,"k":1536,"n":8960,"sample_m":2,"sample_n":16,"relative_l2":0.000562504898,"max_abs":0.00150216802,"nonfinite_count":0,"pass":true,"divergence_ordinal":6}
MODEL_MATMUL_AUDIT_JSON {"tensor":"blk.19.ffn_down.weight","output":"ffn_out-19","dtype":"f16","m":64,"k":8960,"n":1536,"sample_m":2,"sample_n":16,"relative_l2":0.000532866608,"max_abs":0.00120097131,"nonfinite_count":0,"pass":true,"divergence_ordinal":6}
MODEL_MATMUL_AUDIT_JSON {"tensor":"blk.20.attn_q.weight","output":"Qcur-20","dtype":"f16","m":64,"k":1536,"n":1536,"sample_m":2,"sample_n":16,"relative_l2":0.000594186476,"max_abs":0.0014917542,"nonfinite_count":0,"pass":true,"divergence_ordinal":6}
MODEL_MATMUL_AUDIT_JSON {"tensor":"blk.20.attn_k.weight","output":"Kcur-20","dtype":"f16","m":64,"k":1536,"n":256,"sample_m":2,"sample_n":16,"relative_l2":0.000618313737,"max_abs":0.00134392339,"nonfinite_count":0,"pass":true,"divergence_ordinal":6}
MODEL_MATMUL_AUDIT_JSON {"tensor":"blk.20.attn_v.weight","output":"Vcur-20","dtype":"f16","m":64,"k":1536,"n":256,"sample_m":2,"sample_n":16,"relative_l2":0.000521185645,"max_abs":0.00157322921,"nonfinite_count":0,"pass":true,"divergence_ordinal":6}
MODEL_MATMUL_AUDIT_JSON {"tensor":"blk.20.attn_output.weight","output":"kqv_out-20","dtype":"f16","m":64,"k":1536,"n":1536,"sample_m":2,"sample_n":16,"relative_l2":0.000516700476,"max_abs":1.99309015e-05,"nonfinite_count":0,"pass":true,"divergence_ordinal":6}
MODEL_MATMUL_AUDIT_JSON {"tensor":"blk.20.ffn_gate.weight","output":"ffn_gate-20","dtype":"f16","m":64,"k":1536,"n":8960,"sample_m":2,"sample_n":16,"relative_l2":0.00036390812,"max_abs":0.00128640444,"nonfinite_count":0,"pass":true,"divergence_ordinal":6}
MODEL_MATMUL_AUDIT_JSON {"tensor":"blk.20.ffn_up.weight","output":"ffn_up-20","dtype":"f16","m":64,"k":1536,"n":8960,"sample_m":2,"sample_n":16,"relative_l2":0.000519555167,"max_abs":0.00177699735,"nonfinite_count":0,"pass":true,"divergence_ordinal":6}
MODEL_MATMUL_AUDIT_JSON {"tensor":"blk.20.ffn_down.weight","output":"ffn_out-20","dtype":"f16","m":64,"k":8960,"n":1536,"sample_m":2,"sample_n":16,"relative_l2":0.000638865413,"max_abs":0.00122257823,"nonfinite_count":0,"pass":true,"divergence_ordinal":6}
MODEL_MATMUL_AUDIT_JSON {"tensor":"blk.21.attn_q.weight","output":"Qcur-21","dtype":"f16","m":64,"k":1536,"n":1536,"sample_m":2,"sample_n":16,"relative_l2":0.000365138346,"max_abs":0.000457467831,"nonfinite_count":0,"pass":true,"divergence_ordinal":6}
MODEL_MATMUL_AUDIT_JSON {"tensor":"blk.21.attn_k.weight","output":"Kcur-21","dtype":"f16","m":64,"k":1536,"n":256,"sample_m":2,"sample_n":16,"relative_l2":0.000564790237,"max_abs":0.00170419354,"nonfinite_count":0,"pass":true,"divergence_ordinal":6}
MODEL_MATMUL_AUDIT_JSON {"tensor":"blk.21.attn_v.weight","output":"Vcur-21","dtype":"f16","m":64,"k":1536,"n":256,"sample_m":2,"sample_n":16,"relative_l2":0.000630385768,"max_abs":0.00230400963,"nonfinite_count":0,"pass":true,"divergence_ordinal":6}
MODEL_MATMUL_AUDIT_JSON {"tensor":"blk.21.attn_output.weight","output":"kqv_out-21","dtype":"f16","m":64,"k":1536,"n":1536,"sample_m":2,"sample_n":16,"relative_l2":0.000351164976,"max_abs":1.46468674e-05,"nonfinite_count":0,"pass":true,"divergence_ordinal":6}
MODEL_MATMUL_AUDIT_JSON {"tensor":"blk.21.ffn_gate.weight","output":"ffn_gate-21","dtype":"f16","m":64,"k":1536,"n":8960,"sample_m":2,"sample_n":16,"relative_l2":0.000456700062,"max_abs":0.0017488976,"nonfinite_count":0,"pass":true,"divergence_ordinal":6}
MODEL_MATMUL_AUDIT_JSON {"tensor":"blk.21.ffn_up.weight","output":"ffn_up-21","dtype":"f16","m":64,"k":1536,"n":8960,"sample_m":2,"sample_n":16,"relative_l2":0.00038526286,"max_abs":0.00101096928,"nonfinite_count":0,"pass":true,"divergence_ordinal":6}
MODEL_MATMUL_AUDIT_JSON {"tensor":"blk.21.ffn_down.weight","output":"ffn_out-21","dtype":"f16","m":64,"k":8960,"n":1536,"sample_m":2,"sample_n":16,"relative_l2":0.00067034169,"max_abs":0.00150204287,"nonfinite_count":0,"pass":true,"divergence_ordinal":6}
MODEL_MATMUL_AUDIT_JSON {"tensor":"blk.22.attn_q.weight","output":"Qcur-22","dtype":"f16","m":64,"k":1536,"n":1536,"sample_m":2,"sample_n":16,"relative_l2":0.000784745616,"max_abs":0.00385010615,"nonfinite_count":0,"pass":true,"divergence_ordinal":6}
MODEL_MATMUL_AUDIT_JSON {"tensor":"blk.22.attn_k.weight","output":"Kcur-22","dtype":"f16","m":64,"k":1536,"n":256,"sample_m":2,"sample_n":16,"relative_l2":0.000452976642,"max_abs":0.00149366329,"nonfinite_count":0,"pass":true,"divergence_ordinal":6}
MODEL_MATMUL_AUDIT_JSON {"tensor":"blk.22.attn_v.weight","output":"Vcur-22","dtype":"f16","m":64,"k":1536,"n":256,"sample_m":2,"sample_n":16,"relative_l2":0.000575967184,"max_abs":0.00321012433,"nonfinite_count":0,"pass":true,"divergence_ordinal":6}
MODEL_MATMUL_AUDIT_JSON {"tensor":"blk.22.attn_output.weight","output":"kqv_out-22","dtype":"f16","m":64,"k":1536,"n":1536,"sample_m":2,"sample_n":16,"relative_l2":0.000559778825,"max_abs":0.000133055859,"nonfinite_count":0,"pass":true,"divergence_ordinal":6}
MODEL_MATMUL_AUDIT_JSON {"tensor":"blk.22.ffn_gate.weight","output":"ffn_gate-22","dtype":"f16","m":64,"k":1536,"n":8960,"sample_m":2,"sample_n":16,"relative_l2":0.000526512032,"max_abs":0.00196948252,"nonfinite_count":0,"pass":true,"divergence_ordinal":6}
MODEL_MATMUL_AUDIT_JSON {"tensor":"blk.22.ffn_up.weight","output":"ffn_up-22","dtype":"f16","m":64,"k":1536,"n":8960,"sample_m":2,"sample_n":16,"relative_l2":0.000596907216,"max_abs":0.00267867465,"nonfinite_count":0,"pass":true,"divergence_ordinal":6}
MODEL_MATMUL_AUDIT_JSON {"tensor":"blk.22.ffn_down.weight","output":"ffn_out-22","dtype":"f16","m":64,"k":8960,"n":1536,"sample_m":2,"sample_n":16,"relative_l2":0.000352544817,"max_abs":0.000949950365,"nonfinite_count":0,"pass":true,"divergence_ordinal":6}
MODEL_MATMUL_AUDIT_JSON {"tensor":"blk.23.attn_q.weight","output":"Qcur-23","dtype":"f16","m":64,"k":1536,"n":1536,"sample_m":2,"sample_n":16,"relative_l2":0.000521749971,"max_abs":0.00111870526,"nonfinite_count":0,"pass":true,"divergence_ordinal":6}
MODEL_MATMUL_AUDIT_JSON {"tensor":"blk.23.attn_k.weight","output":"Kcur-23","dtype":"f16","m":64,"k":1536,"n":256,"sample_m":2,"sample_n":16,"relative_l2":0.00063521973,"max_abs":0.000873470388,"nonfinite_count":0,"pass":true,"divergence_ordinal":6}
MODEL_MATMUL_AUDIT_JSON {"tensor":"blk.23.attn_v.weight","output":"Vcur-23","dtype":"f16","m":64,"k":1536,"n":256,"sample_m":2,"sample_n":16,"relative_l2":0.000544859597,"max_abs":0.00391902216,"nonfinite_count":0,"pass":true,"divergence_ordinal":6}
MODEL_MATMUL_AUDIT_JSON {"tensor":"blk.23.attn_output.weight","output":"kqv_out-23","dtype":"f16","m":64,"k":1536,"n":1536,"sample_m":2,"sample_n":16,"relative_l2":1.48218527,"max_abs":2.31104354e-11,"nonfinite_count":0,"pass":false,"divergence_ordinal":7}
MODEL_MATMUL_AUDIT_JSON {"tensor":"blk.23.ffn_gate.weight","output":"ffn_gate-23","dtype":"f16","m":64,"k":1536,"n":8960,"sample_m":2,"sample_n":16,"relative_l2":0.000674900146,"max_abs":0.00185157126,"nonfinite_count":0,"pass":true,"divergence_ordinal":7}
MODEL_MATMUL_AUDIT_JSON {"tensor":"blk.23.ffn_up.weight","output":"ffn_up-23","dtype":"f16","m":64,"k":1536,"n":8960,"sample_m":2,"sample_n":16,"relative_l2":0.000682763319,"max_abs":0.00247828197,"nonfinite_count":0,"pass":true,"divergence_ordinal":7}
MODEL_MATMUL_AUDIT_JSON {"tensor":"blk.23.ffn_down.weight","output":"ffn_out-23","dtype":"f16","m":64,"k":8960,"n":1536,"sample_m":2,"sample_n":16,"relative_l2":0.000365269821,"max_abs":0.00211178348,"nonfinite_count":0,"pass":true,"divergence_ordinal":7}
MODEL_MATMUL_AUDIT_JSON {"tensor":"blk.24.attn_q.weight","output":"Qcur-24","dtype":"f16","m":64,"k":1536,"n":1536,"sample_m":2,"sample_n":16,"relative_l2":0.000681261267,"max_abs":0.00259218109,"nonfinite_count":0,"pass":true,"divergence_ordinal":7}
MODEL_MATMUL_AUDIT_JSON {"tensor":"blk.24.attn_k.weight","output":"Kcur-24","dtype":"f16","m":64,"k":1536,"n":256,"sample_m":2,"sample_n":16,"relative_l2":0.000451993527,"max_abs":0.00166159484,"nonfinite_count":0,"pass":true,"divergence_ordinal":7}
MODEL_MATMUL_AUDIT_JSON {"tensor":"blk.24.attn_v.weight","output":"Vcur-24","dtype":"f16","m":64,"k":1536,"n":256,"sample_m":2,"sample_n":16,"relative_l2":0.000647675154,"max_abs":0.00244145957,"nonfinite_count":0,"pass":true,"divergence_ordinal":7}
MODEL_MATMUL_AUDIT_JSON {"tensor":"blk.24.attn_output.weight","output":"kqv_out-24","dtype":"f16","m":64,"k":1536,"n":1536,"sample_m":2,"sample_n":16,"relative_l2":0.000680012166,"max_abs":5.03013725e-05,"nonfinite_count":0,"pass":true,"divergence_ordinal":7}
MODEL_MATMUL_AUDIT_JSON {"tensor":"blk.24.ffn_gate.weight","output":"ffn_gate-24","dtype":"f16","m":64,"k":1536,"n":8960,"sample_m":2,"sample_n":16,"relative_l2":0.000618039919,"max_abs":0.0028360195,"nonfinite_count":0,"pass":true,"divergence_ordinal":7}
MODEL_MATMUL_AUDIT_JSON {"tensor":"blk.24.ffn_up.weight","output":"ffn_up-24","dtype":"f16","m":64,"k":1536,"n":8960,"sample_m":2,"sample_n":16,"relative_l2":0.00050470765,"max_abs":0.00235673878,"nonfinite_count":0,"pass":true,"divergence_ordinal":7}
MODEL_MATMUL_AUDIT_JSON {"tensor":"blk.24.ffn_down.weight","output":"ffn_out-24","dtype":"f16","m":64,"k":8960,"n":1536,"sample_m":2,"sample_n":16,"relative_l2":0.00053948014,"max_abs":0.00456508668,"nonfinite_count":0,"pass":true,"divergence_ordinal":7}
MODEL_MATMUL_AUDIT_JSON {"tensor":"blk.25.attn_q.weight","output":"Qcur-25","dtype":"f16","m":64,"k":1536,"n":1536,"sample_m":2,"sample_n":16,"relative_l2":0.000597955011,"max_abs":0.00117744261,"nonfinite_count":0,"pass":true,"divergence_ordinal":7}
MODEL_MATMUL_AUDIT_JSON {"tensor":"blk.25.attn_k.weight","output":"Kcur-25","dtype":"f16","m":64,"k":1536,"n":256,"sample_m":2,"sample_n":16,"relative_l2":0.00047096489,"max_abs":0.00150633405,"nonfinite_count":0,"pass":true,"divergence_ordinal":7}
MODEL_MATMUL_AUDIT_JSON {"tensor":"blk.25.attn_v.weight","output":"Vcur-25","dtype":"f16","m":64,"k":1536,"n":256,"sample_m":2,"sample_n":16,"relative_l2":0.000550365501,"max_abs":0.00366513385,"nonfinite_count":0,"pass":true,"divergence_ordinal":7}
MODEL_MATMUL_AUDIT_JSON {"tensor":"blk.25.attn_output.weight","output":"kqv_out-25","dtype":"f16","m":64,"k":1536,"n":1536,"sample_m":2,"sample_n":16,"relative_l2":0.0994677612,"max_abs":1938.30725,"nonfinite_count":0,"pass":false,"divergence_ordinal":8}
MODEL_MATMUL_AUDIT_JSON {"tensor":"blk.25.ffn_gate.weight","output":"ffn_gate-25","dtype":"f16","m":64,"k":1536,"n":8960,"sample_m":2,"sample_n":16,"relative_l2":0.000625984402,"max_abs":0.00293437368,"nonfinite_count":0,"pass":true,"divergence_ordinal":8}
MODEL_MATMUL_AUDIT_JSON {"tensor":"blk.25.ffn_up.weight","output":"ffn_up-25","dtype":"f16","m":64,"k":1536,"n":8960,"sample_m":2,"sample_n":16,"relative_l2":0.000384165163,"max_abs":0.00127885118,"nonfinite_count":0,"pass":true,"divergence_ordinal":8}
MODEL_MATMUL_AUDIT_JSON {"tensor":"blk.25.ffn_down.weight","output":"ffn_out-25","dtype":"f16","m":64,"k":8960,"n":1536,"sample_m":2,"sample_n":16,"relative_l2":0.000637284526,"max_abs":0.00674773799,"nonfinite_count":0,"pass":true,"divergence_ordinal":8}
MODEL_MATMUL_AUDIT_JSON {"tensor":"blk.26.attn_q.weight","output":"Qcur-26","dtype":"f16","m":64,"k":1536,"n":1536,"sample_m":2,"sample_n":16,"relative_l2":0.000630129645,"max_abs":0.00257722731,"nonfinite_count":0,"pass":true,"divergence_ordinal":8}
MODEL_MATMUL_AUDIT_JSON {"tensor":"blk.26.attn_k.weight","output":"Kcur-26","dtype":"f16","m":64,"k":1536,"n":256,"sample_m":2,"sample_n":16,"relative_l2":0.000456342944,"max_abs":0.000526102143,"nonfinite_count":0,"pass":true,"divergence_ordinal":8}
MODEL_MATMUL_AUDIT_JSON {"tensor":"blk.26.attn_v.weight","output":"Vcur-26","dtype":"f16","m":64,"k":1536,"n":256,"sample_m":2,"sample_n":16,"relative_l2":0.000578677061,"max_abs":0.00656759273,"nonfinite_count":0,"pass":true,"divergence_ordinal":8}
MODEL_MATMUL_AUDIT_JSON {"tensor":"blk.26.attn_output.weight","output":"kqv_out-26","dtype":"f16","m":64,"k":1536,"n":1536,"sample_m":2,"sample_n":16,"relative_l2":0.000810574614,"max_abs":0.00220737024,"nonfinite_count":0,"pass":true,"divergence_ordinal":8}
MODEL_MATMUL_AUDIT_JSON {"tensor":"blk.26.ffn_gate.weight","output":"ffn_gate-26","dtype":"f16","m":64,"k":1536,"n":8960,"sample_m":2,"sample_n":16,"relative_l2":0.000682557209,"max_abs":0.00251220702,"nonfinite_count":0,"pass":true,"divergence_ordinal":8}
MODEL_MATMUL_AUDIT_JSON {"tensor":"blk.26.ffn_up.weight","output":"ffn_up-26","dtype":"f16","m":64,"k":1536,"n":8960,"sample_m":2,"sample_n":16,"relative_l2":0.000681203309,"max_abs":0.00240382412,"nonfinite_count":0,"pass":true,"divergence_ordinal":8}
MODEL_MATMUL_AUDIT_JSON {"tensor":"blk.26.ffn_down.weight","output":"ffn_out-26","dtype":"f16","m":64,"k":8960,"n":1536,"sample_m":2,"sample_n":16,"relative_l2":0.000313512359,"max_abs":0.0100170802,"nonfinite_count":0,"pass":true,"divergence_ordinal":8}
MODEL_MATMUL_AUDIT_JSON {"tensor":"blk.27.attn_q.weight","output":"Qcur-27","dtype":"f16","m":64,"k":1536,"n":1536,"sample_m":2,"sample_n":16,"relative_l2":0.000567846612,"max_abs":0.00100645435,"nonfinite_count":0,"pass":true,"divergence_ordinal":8}
MODEL_MATMUL_AUDIT_JSON {"tensor":"blk.27.attn_k.weight","output":"Kcur-27","dtype":"f16","m":64,"k":1536,"n":256,"sample_m":2,"sample_n":16,"relative_l2":0.000525997737,"max_abs":0.000310966832,"nonfinite_count":0,"pass":true,"divergence_ordinal":8}
MODEL_MATMUL_AUDIT_JSON {"tensor":"blk.27.attn_v.weight","output":"Vcur-27","dtype":"f16","m":64,"k":1536,"n":256,"sample_m":2,"sample_n":16,"relative_l2":0.000529886085,"max_abs":0.00322827068,"nonfinite_count":0,"pass":true,"divergence_ordinal":8}
MODEL_MATMUL_AUDIT_JSON {"tensor":"blk.27.attn_output.weight","output":"kqv_out-27","dtype":"f16","m":64,"k":1536,"n":1536,"sample_m":2,"sample_n":16,"relative_l2":0.000409488692,"max_abs":0.00130641845,"nonfinite_count":0,"pass":true,"divergence_ordinal":8}
MODEL_MATMUL_AUDIT_JSON {"tensor":"blk.27.ffn_gate.weight","output":"ffn_gate-27","dtype":"f16","m":64,"k":1536,"n":8960,"sample_m":2,"sample_n":16,"relative_l2":0.000696571587,"max_abs":0.00461964263,"nonfinite_count":0,"pass":true,"divergence_ordinal":8}
MODEL_MATMUL_AUDIT_JSON {"tensor":"blk.27.ffn_up.weight","output":"ffn_up-27","dtype":"f16","m":64,"k":1536,"n":8960,"sample_m":2,"sample_n":16,"relative_l2":0.000868663036,"max_abs":0.00443967944,"nonfinite_count":0,"pass":true,"divergence_ordinal":8}
MODEL_MATMUL_AUDIT_JSON {"tensor":"blk.27.ffn_down.weight","output":"ffn_out-27","dtype":"f16","m":64,"k":8960,"n":1536,"sample_m":2,"sample_n":16,"relative_l2":0.000725855053,"max_abs":0.0383575819,"nonfinite_count":0,"pass":true,"divergence_ordinal":8}
MODEL_MATMUL_AUDIT_JSON {"tensor":"blk.0.attn_q.weight","output":"Qcur-0","dtype":"f16","m":64,"k":1536,"n":1536,"sample_m":2,"sample_n":16,"relative_l2":0.00085064722,"max_abs":0.00126747112,"nonfinite_count":0,"pass":true,"divergence_ordinal":8}
MODEL_MATMUL_AUDIT_JSON {"tensor":"blk.0.attn_k.weight","output":"Kcur-0","dtype":"f16","m":64,"k":1536,"n":256,"sample_m":2,"sample_n":16,"relative_l2":0.000539757005,"max_abs":0.00228375848,"nonfinite_count":0,"pass":true,"divergence_ordinal":8}
MODEL_MATMUL_AUDIT_JSON {"tensor":"blk.0.attn_v.weight","output":"Vcur-0","dtype":"f16","m":64,"k":1536,"n":256,"sample_m":2,"sample_n":16,"relative_l2":0.00046628853,"max_abs":0.000381599646,"nonfinite_count":0,"pass":true,"divergence_ordinal":8}
MODEL_MATMUL_AUDIT_JSON {"tensor":"blk.0.attn_output.weight","output":"kqv_out-0","dtype":"f16","m":64,"k":1536,"n":1536,"sample_m":2,"sample_n":16,"relative_l2":0.000623303608,"max_abs":0.000646736298,"nonfinite_count":0,"pass":true,"divergence_ordinal":8}
MODEL_MATMUL_AUDIT_JSON {"tensor":"blk.0.ffn_gate.weight","output":"ffn_gate-0","dtype":"f16","m":64,"k":1536,"n":8960,"sample_m":2,"sample_n":16,"relative_l2":0.000478164564,"max_abs":0.00171227928,"nonfinite_count":0,"pass":true,"divergence_ordinal":8}
MODEL_MATMUL_AUDIT_JSON {"tensor":"blk.0.ffn_up.weight","output":"ffn_up-0","dtype":"f16","m":64,"k":1536,"n":8960,"sample_m":2,"sample_n":16,"relative_l2":0.000450258135,"max_abs":0.000461599353,"nonfinite_count":0,"pass":true,"divergence_ordinal":8}
MODEL_MATMUL_AUDIT_JSON {"tensor":"blk.0.ffn_down.weight","output":"ffn_out-0","dtype":"f16","m":64,"k":8960,"n":1536,"sample_m":2,"sample_n":16,"relative_l2":0.00067841367,"max_abs":0.000702930382,"nonfinite_count":0,"pass":true,"divergence_ordinal":8}
MODEL_MATMUL_AUDIT_JSON {"tensor":"blk.1.attn_q.weight","output":"Qcur-1","dtype":"f16","m":64,"k":1536,"n":1536,"sample_m":2,"sample_n":16,"relative_l2":0.000729598153,"max_abs":0.00135557563,"nonfinite_count":0,"pass":true,"divergence_ordinal":8}
MODEL_MATMUL_AUDIT_JSON {"tensor":"blk.1.attn_k.weight","output":"Kcur-1","dtype":"f16","m":64,"k":1536,"n":256,"sample_m":2,"sample_n":16,"relative_l2":0.000554828438,"max_abs":0.00105943542,"nonfinite_count":0,"pass":true,"divergence_ordinal":8}
MODEL_MATMUL_AUDIT_JSON {"tensor":"blk.1.attn_v.weight","output":"Vcur-1","dtype":"f16","m":64,"k":1536,"n":256,"sample_m":2,"sample_n":16,"relative_l2":0.000545594826,"max_abs":0.000777395151,"nonfinite_count":0,"pass":true,"divergence_ordinal":8}
MODEL_MATMUL_AUDIT_JSON {"tensor":"blk.1.attn_output.weight","output":"kqv_out-1","dtype":"f16","m":64,"k":1536,"n":1536,"sample_m":2,"sample_n":16,"relative_l2":0.00048811063,"max_abs":1.63271707e-05,"nonfinite_count":0,"pass":true,"divergence_ordinal":8}
MODEL_MATMUL_AUDIT_JSON {"tensor":"blk.1.ffn_gate.weight","output":"ffn_gate-1","dtype":"f16","m":64,"k":1536,"n":8960,"sample_m":2,"sample_n":16,"relative_l2":0.000630220824,"max_abs":0.00465205964,"nonfinite_count":0,"pass":true,"divergence_ordinal":8}
MODEL_MATMUL_AUDIT_JSON {"tensor":"blk.1.ffn_up.weight","output":"ffn_up-1","dtype":"f16","m":64,"k":1536,"n":8960,"sample_m":2,"sample_n":16,"relative_l2":0.000580514271,"max_abs":0.00307888142,"nonfinite_count":0,"pass":true,"divergence_ordinal":8}
MODEL_MATMUL_AUDIT_JSON {"tensor":"blk.1.ffn_down.weight","output":"ffn_out-1","dtype":"f16","m":64,"k":8960,"n":1536,"sample_m":2,"sample_n":16,"relative_l2":0.000519286027,"max_abs":0.00196540682,"nonfinite_count":0,"pass":true,"divergence_ordinal":8}
MODEL_MATMUL_AUDIT_JSON {"tensor":"blk.2.attn_q.weight","output":"Qcur-2","dtype":"f16","m":64,"k":1536,"n":1536,"sample_m":2,"sample_n":16,"relative_l2":0.000730955537,"max_abs":0.00297866552,"nonfinite_count":0,"pass":true,"divergence_ordinal":8}
MODEL_MATMUL_AUDIT_JSON {"tensor":"blk.2.attn_k.weight","output":"Kcur-2","dtype":"f16","m":64,"k":1536,"n":256,"sample_m":2,"sample_n":16,"relative_l2":0.000396155864,"max_abs":0.00117475027,"nonfinite_count":0,"pass":true,"divergence_ordinal":8}
MODEL_MATMUL_AUDIT_JSON {"tensor":"blk.2.attn_v.weight","output":"Vcur-2","dtype":"f16","m":64,"k":1536,"n":256,"sample_m":2,"sample_n":16,"relative_l2":0.000608407548,"max_abs":0.00201517227,"nonfinite_count":0,"pass":true,"divergence_ordinal":8}
MODEL_MATMUL_AUDIT_JSON {"tensor":"blk.2.attn_output.weight","output":"kqv_out-2","dtype":"f16","m":64,"k":1536,"n":1536,"sample_m":2,"sample_n":16,"relative_l2":0.000395242982,"max_abs":9.11253373e-05,"nonfinite_count":0,"pass":true,"divergence_ordinal":8}
MODEL_MATMUL_AUDIT_JSON {"tensor":"blk.2.ffn_gate.weight","output":"ffn_gate-2","dtype":"f16","m":64,"k":1536,"n":8960,"sample_m":2,"sample_n":16,"relative_l2":0.000620689181,"max_abs":0.00527970865,"nonfinite_count":0,"pass":true,"divergence_ordinal":8}
MODEL_MATMUL_AUDIT_JSON {"tensor":"blk.2.ffn_up.weight","output":"ffn_up-2","dtype":"f16","m":64,"k":1536,"n":8960,"sample_m":2,"sample_n":16,"relative_l2":0.000514852315,"max_abs":0.00216808845,"nonfinite_count":0,"pass":true,"divergence_ordinal":8}
MODEL_MATMUL_AUDIT_JSON {"tensor":"blk.2.ffn_down.weight","output":"ffn_out-2","dtype":"f16","m":64,"k":8960,"n":1536,"sample_m":2,"sample_n":16,"relative_l2":0.000423472836,"max_abs":0.0017546009,"nonfinite_count":0,"pass":true,"divergence_ordinal":8}
MODEL_MATMUL_AUDIT_JSON {"tensor":"blk.3.attn_q.weight","output":"Qcur-3","dtype":"f16","m":64,"k":1536,"n":1536,"sample_m":2,"sample_n":16,"relative_l2":0.000576220283,"max_abs":0.00140573701,"nonfinite_count":0,"pass":true,"divergence_ordinal":8}
MODEL_MATMUL_AUDIT_JSON {"tensor":"blk.3.attn_k.weight","output":"Kcur-3","dtype":"f16","m":64,"k":1536,"n":256,"sample_m":2,"sample_n":16,"relative_l2":0.000673653864,"max_abs":0.00246360758,"nonfinite_count":0,"pass":true,"divergence_ordinal":8}
MODEL_MATMUL_AUDIT_JSON {"tensor":"blk.3.attn_v.weight","output":"Vcur-3","dtype":"f16","m":64,"k":1536,"n":256,"sample_m":2,"sample_n":16,"relative_l2":0.000659674313,"max_abs":0.00212224782,"nonfinite_count":0,"pass":true,"divergence_ordinal":8}
MODEL_MATMUL_AUDIT_JSON {"tensor":"blk.3.attn_output.weight","output":"kqv_out-3","dtype":"f16","m":64,"k":1536,"n":1536,"sample_m":2,"sample_n":16,"relative_l2":0.000485336794,"max_abs":0.000407738931,"nonfinite_count":0,"pass":true,"divergence_ordinal":8}
MODEL_MATMUL_AUDIT_JSON {"tensor":"blk.3.ffn_gate.weight","output":"ffn_gate-3","dtype":"f16","m":64,"k":1536,"n":8960,"sample_m":2,"sample_n":16,"relative_l2":0.000502607705,"max_abs":0.00491567748,"nonfinite_count":0,"pass":true,"divergence_ordinal":8}
MODEL_MATMUL_AUDIT_JSON {"tensor":"blk.3.ffn_up.weight","output":"ffn_up-3","dtype":"f16","m":64,"k":1536,"n":8960,"sample_m":2,"sample_n":16,"relative_l2":0.000565362741,"max_abs":0.00248996145,"nonfinite_count":0,"pass":true,"divergence_ordinal":8}
MODEL_MATMUL_AUDIT_JSON {"tensor":"blk.3.ffn_down.weight","output":"ffn_out-3","dtype":"f16","m":64,"k":8960,"n":1536,"sample_m":2,"sample_n":16,"relative_l2":0.00063544592,"max_abs":0.00511787739,"nonfinite_count":0,"pass":true,"divergence_ordinal":8}
MODEL_MATMUL_AUDIT_JSON {"tensor":"blk.4.attn_q.weight","output":"Qcur-4","dtype":"f16","m":64,"k":1536,"n":1536,"sample_m":2,"sample_n":16,"relative_l2":0.000427143685,"max_abs":0.000554173661,"nonfinite_count":0,"pass":true,"divergence_ordinal":8}
MODEL_MATMUL_AUDIT_JSON {"tensor":"blk.4.attn_k.weight","output":"Kcur-4","dtype":"f16","m":64,"k":1536,"n":256,"sample_m":2,"sample_n":16,"relative_l2":0.000688790905,"max_abs":0.00194328162,"nonfinite_count":0,"pass":true,"divergence_ordinal":8}
MODEL_MATMUL_AUDIT_JSON {"tensor":"blk.4.attn_v.weight","output":"Vcur-4","dtype":"f16","m":64,"k":1536,"n":256,"sample_m":2,"sample_n":16,"relative_l2":0.000695832254,"max_abs":0.00188761461,"nonfinite_count":0,"pass":true,"divergence_ordinal":8}
MODEL_MATMUL_AUDIT_JSON {"tensor":"blk.4.attn_output.weight","output":"kqv_out-4","dtype":"f16","m":64,"k":1536,"n":1536,"sample_m":2,"sample_n":16,"relative_l2":0.000432045569,"max_abs":4.76577588e-05,"nonfinite_count":0,"pass":true,"divergence_ordinal":8}
MODEL_MATMUL_AUDIT_JSON {"tensor":"blk.4.ffn_gate.weight","output":"ffn_gate-4","dtype":"f16","m":64,"k":1536,"n":8960,"sample_m":2,"sample_n":16,"relative_l2":0.000579698839,"max_abs":0.00255954755,"nonfinite_count":0,"pass":true,"divergence_ordinal":8}
MODEL_MATMUL_AUDIT_JSON {"tensor":"blk.4.ffn_up.weight","output":"ffn_up-4","dtype":"f16","m":64,"k":1536,"n":8960,"sample_m":2,"sample_n":16,"relative_l2":0.000601672399,"max_abs":0.00119117252,"nonfinite_count":0,"pass":true,"divergence_ordinal":8}
MODEL_MATMUL_AUDIT_JSON {"tensor":"blk.4.ffn_down.weight","output":"ffn_out-4","dtype":"f16","m":64,"k":8960,"n":1536,"sample_m":2,"sample_n":16,"relative_l2":0.000445320756,"max_abs":0.00188784103,"nonfinite_count":0,"pass":true,"divergence_ordinal":8}
MODEL_MATMUL_AUDIT_JSON {"tensor":"blk.5.attn_q.weight","output":"Qcur-5","dtype":"f16","m":64,"k":1536,"n":1536,"sample_m":2,"sample_n":16,"relative_l2":0.000588536565,"max_abs":0.00104612706,"nonfinite_count":0,"pass":true,"divergence_ordinal":8}
MODEL_MATMUL_AUDIT_JSON {"tensor":"blk.5.attn_k.weight","output":"Kcur-5","dtype":"f16","m":64,"k":1536,"n":256,"sample_m":2,"sample_n":16,"relative_l2":0.000492055706,"max_abs":0.00116083049,"nonfinite_count":0,"pass":true,"divergence_ordinal":8}
MODEL_MATMUL_AUDIT_JSON {"tensor":"blk.5.attn_v.weight","output":"Vcur-5","dtype":"f16","m":64,"k":1536,"n":256,"sample_m":2,"sample_n":16,"relative_l2":0.000747616005,"max_abs":0.00165320875,"nonfinite_count":0,"pass":true,"divergence_ordinal":8}
MODEL_MATMUL_AUDIT_JSON {"tensor":"blk.5.attn_output.weight","output":"kqv_out-5","dtype":"f16","m":64,"k":1536,"n":1536,"sample_m":2,"sample_n":16,"relative_l2":0.000656626063,"max_abs":0.000165587364,"nonfinite_count":0,"pass":true,"divergence_ordinal":8}
MODEL_MATMUL_AUDIT_JSON {"tensor":"blk.5.ffn_gate.weight","output":"ffn_gate-5","dtype":"f16","m":64,"k":1536,"n":8960,"sample_m":2,"sample_n":16,"relative_l2":0.00048051586,"max_abs":0.0026573299,"nonfinite_count":0,"pass":true,"divergence_ordinal":8}
MODEL_MATMUL_AUDIT_JSON {"tensor":"blk.5.ffn_up.weight","output":"ffn_up-5","dtype":"f16","m":64,"k":1536,"n":8960,"sample_m":2,"sample_n":16,"relative_l2":0.000447455647,"max_abs":0.000799117784,"nonfinite_count":0,"pass":true,"divergence_ordinal":8}
MODEL_MATMUL_AUDIT_JSON {"tensor":"blk.5.ffn_down.weight","output":"ffn_out-5","dtype":"f16","m":64,"k":8960,"n":1536,"sample_m":2,"sample_n":16,"relative_l2":0.000398468159,"max_abs":0.00297491602,"nonfinite_count":0,"pass":true,"divergence_ordinal":8}
MODEL_MATMUL_AUDIT_JSON {"tensor":"blk.6.attn_q.weight","output":"Qcur-6","dtype":"f16","m":64,"k":1536,"n":1536,"sample_m":2,"sample_n":16,"relative_l2":0.000530345548,"max_abs":0.00128041126,"nonfinite_count":0,"pass":true,"divergence_ordinal":8}
MODEL_MATMUL_AUDIT_JSON {"tensor":"blk.6.attn_k.weight","output":"Kcur-6","dtype":"f16","m":64,"k":1536,"n":256,"sample_m":2,"sample_n":16,"relative_l2":0.000672839493,"max_abs":0.00141634513,"nonfinite_count":0,"pass":true,"divergence_ordinal":8}
MODEL_MATMUL_AUDIT_JSON {"tensor":"blk.6.attn_v.weight","output":"Vcur-6","dtype":"f16","m":64,"k":1536,"n":256,"sample_m":2,"sample_n":16,"relative_l2":0.000521200507,"max_abs":0.000810906349,"nonfinite_count":0,"pass":true,"divergence_ordinal":8}
MODEL_MATMUL_AUDIT_JSON {"tensor":"blk.6.attn_output.weight","output":"kqv_out-6","dtype":"f16","m":64,"k":1536,"n":1536,"sample_m":2,"sample_n":16,"relative_l2":0.000428376319,"max_abs":0.000102765865,"nonfinite_count":0,"pass":true,"divergence_ordinal":8}
MODEL_MATMUL_AUDIT_JSON {"tensor":"blk.6.ffn_gate.weight","output":"ffn_gate-6","dtype":"f16","m":64,"k":1536,"n":8960,"sample_m":2,"sample_n":16,"relative_l2":0.000537506168,"max_abs":0.00257595559,"nonfinite_count":0,"pass":true,"divergence_ordinal":8}
MODEL_MATMUL_AUDIT_JSON {"tensor":"blk.6.ffn_up.weight","output":"ffn_up-6","dtype":"f16","m":64,"k":1536,"n":8960,"sample_m":2,"sample_n":16,"relative_l2":0.000472087681,"max_abs":0.00125942379,"nonfinite_count":0,"pass":true,"divergence_ordinal":8}
MODEL_MATMUL_AUDIT_JSON {"tensor":"blk.6.ffn_down.weight","output":"ffn_out-6","dtype":"f16","m":64,"k":8960,"n":1536,"sample_m":2,"sample_n":16,"relative_l2":0.000788385707,"max_abs":0.00279624388,"nonfinite_count":0,"pass":true,"divergence_ordinal":8}
MODEL_MATMUL_AUDIT_JSON {"tensor":"blk.7.attn_q.weight","output":"Qcur-7","dtype":"f16","m":64,"k":1536,"n":1536,"sample_m":2,"sample_n":16,"relative_l2":0.00059248791,"max_abs":0.000569625699,"nonfinite_count":0,"pass":true,"divergence_ordinal":8}
MODEL_MATMUL_AUDIT_JSON {"tensor":"blk.7.attn_k.weight","output":"Kcur-7","dtype":"f16","m":64,"k":1536,"n":256,"sample_m":2,"sample_n":16,"relative_l2":0.000609473395,"max_abs":0.00114315073,"nonfinite_count":0,"pass":true,"divergence_ordinal":8}
MODEL_MATMUL_AUDIT_JSON {"tensor":"blk.7.attn_v.weight","output":"Vcur-7","dtype":"f16","m":64,"k":1536,"n":256,"sample_m":2,"sample_n":16,"relative_l2":0.000373063769,"max_abs":0.00059680728,"nonfinite_count":0,"pass":true,"divergence_ordinal":8}
MODEL_MATMUL_AUDIT_JSON {"tensor":"blk.7.attn_output.weight","output":"kqv_out-7","dtype":"f16","m":64,"k":1536,"n":1536,"sample_m":2,"sample_n":16,"relative_l2":0.000719845235,"max_abs":8.52193625e-05,"nonfinite_count":0,"pass":true,"divergence_ordinal":8}
MODEL_MATMUL_AUDIT_JSON {"tensor":"blk.7.ffn_gate.weight","output":"ffn_gate-7","dtype":"f16","m":64,"k":1536,"n":8960,"sample_m":2,"sample_n":16,"relative_l2":0.000540506115,"max_abs":0.00131241232,"nonfinite_count":0,"pass":true,"divergence_ordinal":8}
MODEL_MATMUL_AUDIT_JSON {"tensor":"blk.7.ffn_up.weight","output":"ffn_up-7","dtype":"f16","m":64,"k":1536,"n":8960,"sample_m":2,"sample_n":16,"relative_l2":0.000502913547,"max_abs":0.00110603333,"nonfinite_count":0,"pass":true,"divergence_ordinal":8}
MODEL_MATMUL_AUDIT_JSON {"tensor":"blk.7.ffn_down.weight","output":"ffn_out-7","dtype":"f16","m":64,"k":8960,"n":1536,"sample_m":2,"sample_n":16,"relative_l2":0.00068377216,"max_abs":0.00237418152,"nonfinite_count":0,"pass":true,"divergence_ordinal":8}
MODEL_MATMUL_AUDIT_JSON {"tensor":"blk.8.attn_q.weight","output":"Qcur-8","dtype":"f16","m":64,"k":1536,"n":1536,"sample_m":2,"sample_n":16,"relative_l2":0.000448632589,"max_abs":0.00116549362,"nonfinite_count":0,"pass":true,"divergence_ordinal":8}
MODEL_MATMUL_AUDIT_JSON {"tensor":"blk.8.attn_k.weight","output":"Kcur-8","dtype":"f16","m":64,"k":1536,"n":256,"sample_m":2,"sample_n":16,"relative_l2":0.000659038386,"max_abs":0.00137614238,"nonfinite_count":0,"pass":true,"divergence_ordinal":8}
MODEL_MATMUL_AUDIT_JSON {"tensor":"blk.8.attn_v.weight","output":"Vcur-8","dtype":"f16","m":64,"k":1536,"n":256,"sample_m":2,"sample_n":16,"relative_l2":0.00062512375,"max_abs":0.00107223087,"nonfinite_count":0,"pass":true,"divergence_ordinal":8}
MODEL_MATMUL_AUDIT_JSON {"tensor":"blk.8.attn_output.weight","output":"kqv_out-8","dtype":"f16","m":64,"k":1536,"n":1536,"sample_m":2,"sample_n":16,"relative_l2":0.000407005681,"max_abs":4.48059982e-05,"nonfinite_count":0,"pass":true,"divergence_ordinal":8}
MODEL_MATMUL_AUDIT_JSON {"tensor":"blk.8.ffn_gate.weight","output":"ffn_gate-8","dtype":"f16","m":64,"k":1536,"n":8960,"sample_m":2,"sample_n":16,"relative_l2":0.000494857376,"max_abs":0.00180383725,"nonfinite_count":0,"pass":true,"divergence_ordinal":8}
MODEL_MATMUL_AUDIT_JSON {"tensor":"blk.8.ffn_up.weight","output":"ffn_up-8","dtype":"f16","m":64,"k":1536,"n":8960,"sample_m":2,"sample_n":16,"relative_l2":0.000412389399,"max_abs":0.00113811542,"nonfinite_count":0,"pass":true,"divergence_ordinal":8}
MODEL_MATMUL_AUDIT_JSON {"tensor":"blk.8.ffn_down.weight","output":"ffn_out-8","dtype":"f16","m":64,"k":8960,"n":1536,"sample_m":2,"sample_n":16,"relative_l2":0.000907208153,"max_abs":0.00287697394,"nonfinite_count":0,"pass":true,"divergence_ordinal":8}
MODEL_MATMUL_AUDIT_JSON {"tensor":"blk.9.attn_q.weight","output":"Qcur-9","dtype":"f16","m":64,"k":1536,"n":1536,"sample_m":2,"sample_n":16,"relative_l2":0.000539478815,"max_abs":0.00121608865,"nonfinite_count":0,"pass":true,"divergence_ordinal":8}
MODEL_MATMUL_AUDIT_JSON {"tensor":"blk.9.attn_k.weight","output":"Kcur-9","dtype":"f16","m":64,"k":1536,"n":256,"sample_m":2,"sample_n":16,"relative_l2":0.000698339188,"max_abs":0.00131973566,"nonfinite_count":0,"pass":true,"divergence_ordinal":8}
MODEL_MATMUL_AUDIT_JSON {"tensor":"blk.9.attn_v.weight","output":"Vcur-9","dtype":"f16","m":64,"k":1536,"n":256,"sample_m":2,"sample_n":16,"relative_l2":0.000657524451,"max_abs":0.0019735517,"nonfinite_count":0,"pass":true,"divergence_ordinal":8}
MODEL_MATMUL_AUDIT_JSON {"tensor":"blk.9.attn_output.weight","output":"kqv_out-9","dtype":"f16","m":64,"k":1536,"n":1536,"sample_m":2,"sample_n":16,"relative_l2":0.000515999569,"max_abs":6.56251359e-05,"nonfinite_count":0,"pass":true,"divergence_ordinal":8}
MODEL_MATMUL_AUDIT_JSON {"tensor":"blk.9.ffn_gate.weight","output":"ffn_gate-9","dtype":"f16","m":64,"k":1536,"n":8960,"sample_m":2,"sample_n":16,"relative_l2":0.000652390135,"max_abs":0.00149600836,"nonfinite_count":0,"pass":true,"divergence_ordinal":8}
MODEL_MATMUL_AUDIT_JSON {"tensor":"blk.9.ffn_up.weight","output":"ffn_up-9","dtype":"f16","m":64,"k":1536,"n":8960,"sample_m":2,"sample_n":16,"relative_l2":0.000606976746,"max_abs":0.00150690228,"nonfinite_count":0,"pass":true,"divergence_ordinal":8}
MODEL_MATMUL_AUDIT_JSON {"tensor":"blk.9.ffn_down.weight","output":"ffn_out-9","dtype":"f16","m":64,"k":8960,"n":1536,"sample_m":2,"sample_n":16,"relative_l2":0.000783251895,"max_abs":0.00258890935,"nonfinite_count":0,"pass":true,"divergence_ordinal":8}
MODEL_MATMUL_AUDIT_JSON {"tensor":"blk.10.attn_q.weight","output":"Qcur-10","dtype":"f16","m":64,"k":1536,"n":1536,"sample_m":2,"sample_n":16,"relative_l2":0.000476888808,"max_abs":0.000486938108,"nonfinite_count":0,"pass":true,"divergence_ordinal":8}
MODEL_MATMUL_AUDIT_JSON {"tensor":"blk.10.attn_k.weight","output":"Kcur-10","dtype":"f16","m":64,"k":1536,"n":256,"sample_m":2,"sample_n":16,"relative_l2":0.0005574514,"max_abs":0.00105592643,"nonfinite_count":0,"pass":true,"divergence_ordinal":8}
MODEL_MATMUL_AUDIT_JSON {"tensor":"blk.10.attn_v.weight","output":"Vcur-10","dtype":"f16","m":64,"k":1536,"n":256,"sample_m":2,"sample_n":16,"relative_l2":0.000445769231,"max_abs":0.00141165673,"nonfinite_count":0,"pass":true,"divergence_ordinal":8}
MODEL_MATMUL_AUDIT_JSON {"tensor":"blk.10.attn_output.weight","output":"kqv_out-10","dtype":"f16","m":64,"k":1536,"n":1536,"sample_m":2,"sample_n":16,"relative_l2":0.000655168694,"max_abs":8.557205e-05,"nonfinite_count":0,"pass":true,"divergence_ordinal":8}
MODEL_MATMUL_AUDIT_JSON {"tensor":"blk.10.ffn_gate.weight","output":"ffn_gate-10","dtype":"f16","m":64,"k":1536,"n":8960,"sample_m":2,"sample_n":16,"relative_l2":0.000560850494,"max_abs":0.00124663475,"nonfinite_count":0,"pass":true,"divergence_ordinal":8}
MODEL_MATMUL_AUDIT_JSON {"tensor":"blk.10.ffn_up.weight","output":"ffn_up-10","dtype":"f16","m":64,"k":1536,"n":8960,"sample_m":2,"sample_n":16,"relative_l2":0.000551829396,"max_abs":0.00164611312,"nonfinite_count":0,"pass":true,"divergence_ordinal":8}
MODEL_MATMUL_AUDIT_JSON {"tensor":"blk.10.ffn_down.weight","output":"ffn_out-10","dtype":"f16","m":64,"k":8960,"n":1536,"sample_m":2,"sample_n":16,"relative_l2":0.000659141052,"max_abs":0.00256006885,"nonfinite_count":0,"pass":true,"divergence_ordinal":8}
MODEL_MATMUL_AUDIT_JSON {"tensor":"blk.11.attn_q.weight","output":"Qcur-11","dtype":"f16","m":64,"k":1536,"n":1536,"sample_m":2,"sample_n":16,"relative_l2":0.000488447382,"max_abs":0.000601191306,"nonfinite_count":0,"pass":true,"divergence_ordinal":8}
MODEL_MATMUL_AUDIT_JSON {"tensor":"blk.11.attn_k.weight","output":"Kcur-11","dtype":"f16","m":64,"k":1536,"n":256,"sample_m":2,"sample_n":16,"relative_l2":0.000486963245,"max_abs":0.00113453134,"nonfinite_count":0,"pass":true,"divergence_ordinal":8}
MODEL_MATMUL_AUDIT_JSON {"tensor":"blk.11.attn_v.weight","output":"Vcur-11","dtype":"f16","m":64,"k":1536,"n":256,"sample_m":2,"sample_n":16,"relative_l2":0.00083928637,"max_abs":0.00230837706,"nonfinite_count":0,"pass":true,"divergence_ordinal":8}
MODEL_MATMUL_AUDIT_JSON {"tensor":"blk.11.attn_output.weight","output":"kqv_out-11","dtype":"f16","m":64,"k":1536,"n":1536,"sample_m":2,"sample_n":16,"relative_l2":0.000494915784,"max_abs":0.000154520108,"nonfinite_count":0,"pass":true,"divergence_ordinal":8}
MODEL_MATMUL_AUDIT_JSON {"tensor":"blk.11.ffn_gate.weight","output":"ffn_gate-11","dtype":"f16","m":64,"k":1536,"n":8960,"sample_m":2,"sample_n":16,"relative_l2":0.000414446502,"max_abs":0.00142547872,"nonfinite_count":0,"pass":true,"divergence_ordinal":8}
MODEL_MATMUL_AUDIT_JSON {"tensor":"blk.11.ffn_up.weight","output":"ffn_up-11","dtype":"f16","m":64,"k":1536,"n":8960,"sample_m":2,"sample_n":16,"relative_l2":0.000374845594,"max_abs":0.000741970143,"nonfinite_count":0,"pass":true,"divergence_ordinal":8}
MODEL_MATMUL_AUDIT_JSON {"tensor":"blk.11.ffn_down.weight","output":"ffn_out-11","dtype":"f16","m":64,"k":8960,"n":1536,"sample_m":2,"sample_n":16,"relative_l2":0.000908461101,"max_abs":0.00581771648,"nonfinite_count":0,"pass":true,"divergence_ordinal":8}
MODEL_MATMUL_AUDIT_JSON {"tensor":"blk.12.attn_q.weight","output":"Qcur-12","dtype":"f16","m":64,"k":1536,"n":1536,"sample_m":2,"sample_n":16,"relative_l2":0.000348145679,"max_abs":0.00117823307,"nonfinite_count":0,"pass":true,"divergence_ordinal":8}
MODEL_MATMUL_AUDIT_JSON {"tensor":"blk.12.attn_k.weight","output":"Kcur-12","dtype":"f16","m":64,"k":1536,"n":256,"sample_m":2,"sample_n":16,"relative_l2":0.000479018116,"max_abs":0.000544691866,"nonfinite_count":0,"pass":true,"divergence_ordinal":8}
MODEL_MATMUL_AUDIT_JSON {"tensor":"blk.12.attn_v.weight","output":"Vcur-12","dtype":"f16","m":64,"k":1536,"n":256,"sample_m":2,"sample_n":16,"relative_l2":0.000584764146,"max_abs":0.00113145949,"nonfinite_count":0,"pass":true,"divergence_ordinal":8}
MODEL_MATMUL_AUDIT_JSON {"tensor":"blk.12.attn_output.weight","output":"kqv_out-12","dtype":"f16","m":64,"k":1536,"n":1536,"sample_m":2,"sample_n":16,"relative_l2":0.000378339573,"max_abs":2.93962021e-05,"nonfinite_count":0,"pass":true,"divergence_ordinal":8}
MODEL_MATMUL_AUDIT_JSON {"tensor":"blk.12.ffn_gate.weight","output":"ffn_gate-12","dtype":"f16","m":64,"k":1536,"n":8960,"sample_m":2,"sample_n":16,"relative_l2":0.000801681894,"max_abs":0.00166948664,"nonfinite_count":0,"pass":true,"divergence_ordinal":8}
MODEL_MATMUL_AUDIT_JSON {"tensor":"blk.12.ffn_up.weight","output":"ffn_up-12","dtype":"f16","m":64,"k":1536,"n":8960,"sample_m":2,"sample_n":16,"relative_l2":0.000543919663,"max_abs":0.00129697914,"nonfinite_count":0,"pass":true,"divergence_ordinal":8}
MODEL_MATMUL_AUDIT_JSON {"tensor":"blk.12.ffn_down.weight","output":"ffn_out-12","dtype":"f16","m":64,"k":8960,"n":1536,"sample_m":2,"sample_n":16,"relative_l2":0.000536845344,"max_abs":0.00155293022,"nonfinite_count":0,"pass":true,"divergence_ordinal":8}
0.10 minutes
[1]8886008787371.4258,

MODEL_MATMUL_AUDIT_JSON {"tensor":"blk.13.attn_q.weight","output":"Qcur-13","dtype":"f16","m":64,"k":1536,"n":1536,"sample_m":2,"sample_n":16,"relative_l2":0.000529992984,"max_abs":0.00213296525,"nonfinite_count":0,"pass":true,"divergence_ordinal":8}
MODEL_MATMUL_AUDIT_JSON {"tensor":"blk.13.attn_k.weight","output":"Kcur-13","dtype":"f16","m":64,"k":1536,"n":256,"sample_m":2,"sample_n":16,"relative_l2":0.000425479937,"max_abs":0.00150306139,"nonfinite_count":0,"pass":true,"divergence_ordinal":8}
MODEL_MATMUL_AUDIT_JSON {"tensor":"blk.13.attn_v.weight","output":"Vcur-13","dtype":"f16","m":64,"k":1536,"n":256,"sample_m":2,"sample_n":16,"relative_l2":0.000565751225,"max_abs":0.00130222889,"nonfinite_count":0,"pass":true,"divergence_ordinal":8}
MODEL_MATMUL_AUDIT_JSON {"tensor":"blk.13.attn_output.weight","output":"kqv_out-13","dtype":"f16","m":64,"k":1536,"n":1536,"sample_m":2,"sample_n":16,"relative_l2":0.000624198227,"max_abs":4.07296247e-05,"nonfinite_count":0,"pass":true,"divergence_ordinal":8}
MODEL_MATMUL_AUDIT_JSON {"tensor":"blk.13.ffn_gate.weight","output":"ffn_gate-13","dtype":"f16","m":64,"k":1536,"n":8960,"sample_m":2,"sample_n":16,"relative_l2":0.000688693777,"max_abs":0.00170500833,"nonfinite_count":0,"pass":true,"divergence_ordinal":8}
MODEL_MATMUL_AUDIT_JSON {"tensor":"blk.13.ffn_up.weight","output":"ffn_up-13","dtype":"f16","m":64,"k":1536,"n":8960,"sample_m":2,"sample_n":16,"relative_l2":0.000488979192,"max_abs":0.00136769493,"nonfinite_count":0,"pass":true,"divergence_ordinal":8}
MODEL_MATMUL_AUDIT_JSON {"tensor":"blk.13.ffn_down.weight","output":"ffn_out-13","dtype":"f16","m":64,"k":8960,"n":1536,"sample_m":2,"sample_n":16,"relative_l2":0.000850115603,"max_abs":0.00284298602,"nonfinite_count":0,"pass":true,"divergence_ordinal":8}
MODEL_MATMUL_AUDIT_JSON {"tensor":"blk.14.attn_q.weight","output":"Qcur-14","dtype":"f16","m":64,"k":1536,"n":1536,"sample_m":2,"sample_n":16,"relative_l2":0.000817355387,"max_abs":0.00282678124,"nonfinite_count":0,"pass":true,"divergence_ordinal":8}
MODEL_MATMUL_AUDIT_JSON {"tensor":"blk.14.attn_k.weight","output":"Kcur-14","dtype":"f16","m":64,"k":1536,"n":256,"sample_m":2,"sample_n":16,"relative_l2":0.000481987597,"max_abs":0.00103149051,"nonfinite_count":0,"pass":true,"divergence_ordinal":8}
MODEL_MATMUL_AUDIT_JSON {"tensor":"blk.14.attn_v.weight","output":"Vcur-14","dtype":"f16","m":64,"k":1536,"n":256,"sample_m":2,"sample_n":16,"relative_l2":0.00043786966,"max_abs":0.00161711127,"nonfinite_count":0,"pass":true,"divergence_ordinal":8}
MODEL_MATMUL_AUDIT_JSON {"tensor":"blk.14.attn_output.weight","output":"kqv_out-14","dtype":"f16","m":64,"k":1536,"n":1536,"sample_m":2,"sample_n":16,"relative_l2":0.000490331787,"max_abs":0.000166595273,"nonfinite_count":0,"pass":true,"divergence_ordinal":8}
MODEL_MATMUL_AUDIT_JSON {"tensor":"blk.14.ffn_gate.weight","output":"ffn_gate-14","dtype":"f16","m":64,"k":1536,"n":8960,"sample_m":2,"sample_n":16,"relative_l2":0.000696411335,"max_abs":0.00124940462,"nonfinite_count":0,"pass":true,"divergence_ordinal":8}
MODEL_MATMUL_AUDIT_JSON {"tensor":"blk.14.ffn_up.weight","output":"ffn_up-14","dtype":"f16","m":64,"k":1536,"n":8960,"sample_m":2,"sample_n":16,"relative_l2":0.000481865162,"max_abs":0.000996656949,"nonfinite_count":0,"pass":true,"divergence_ordinal":8}
MODEL_MATMUL_AUDIT_JSON {"tensor":"blk.14.ffn_down.weight","output":"ffn_out-14","dtype":"f16","m":64,"k":8960,"n":1536,"sample_m":2,"sample_n":16,"relative_l2":0.000609728574,"max_abs":0.00247077993,"nonfinite_count":0,"pass":true,"divergence_ordinal":8}
MODEL_MATMUL_AUDIT_JSON {"tensor":"blk.15.attn_q.weight","output":"Qcur-15","dtype":"f16","m":64,"k":1536,"n":1536,"sample_m":2,"sample_n":16,"relative_l2":0.000682956071,"max_abs":0.00105552399,"nonfinite_count":0,"pass":true,"divergence_ordinal":8}
MODEL_MATMUL_AUDIT_JSON {"tensor":"blk.15.attn_k.weight","output":"Kcur-15","dtype":"f16","m":64,"k":1536,"n":256,"sample_m":2,"sample_n":16,"relative_l2":0.000660762985,"max_abs":0.00128156587,"nonfinite_count":0,"pass":true,"divergence_ordinal":8}
MODEL_MATMUL_AUDIT_JSON {"tensor":"blk.15.attn_v.weight","output":"Vcur-15","dtype":"f16","m":64,"k":1536,"n":256,"sample_m":2,"sample_n":16,"relative_l2":0.000602791302,"max_abs":0.00189085072,"nonfinite_count":0,"pass":true,"divergence_ordinal":8}
MODEL_MATMUL_AUDIT_JSON {"tensor":"blk.15.attn_output.weight","output":"kqv_out-15","dtype":"f16","m":64,"k":1536,"n":1536,"sample_m":2,"sample_n":16,"relative_l2":0.000503405291,"max_abs":0.000362040824,"nonfinite_count":0,"pass":true,"divergence_ordinal":8}
MODEL_MATMUL_AUDIT_JSON {"tensor":"blk.15.ffn_gate.weight","output":"ffn_gate-15","dtype":"f16","m":64,"k":1536,"n":8960,"sample_m":2,"sample_n":16,"relative_l2":0.000380738174,"max_abs":0.000671949878,"nonfinite_count":0,"pass":true,"divergence_ordinal":8}
MODEL_MATMUL_AUDIT_JSON {"tensor":"blk.15.ffn_up.weight","output":"ffn_up-15","dtype":"f16","m":64,"k":1536,"n":8960,"sample_m":2,"sample_n":16,"relative_l2":0.000556007018,"max_abs":0.0013992117,"nonfinite_count":0,"pass":true,"divergence_ordinal":8}
MODEL_MATMUL_AUDIT_JSON {"tensor":"blk.15.ffn_down.weight","output":"ffn_out-15","dtype":"f16","m":64,"k":8960,"n":1536,"sample_m":2,"sample_n":16,"relative_l2":0.000466756835,"max_abs":0.00223334506,"nonfinite_count":0,"pass":true,"divergence_ordinal":8}
MODEL_MATMUL_AUDIT_JSON {"tensor":"blk.16.attn_q.weight","output":"Qcur-16","dtype":"f16","m":64,"k":1536,"n":1536,"sample_m":2,"sample_n":16,"relative_l2":0.000590955144,"max_abs":0.00238344679,"nonfinite_count":0,"pass":true,"divergence_ordinal":8}
MODEL_MATMUL_AUDIT_JSON {"tensor":"blk.16.attn_k.weight","output":"Kcur-16","dtype":"f16","m":64,"k":1536,"n":256,"sample_m":2,"sample_n":16,"relative_l2":0.000526956348,"max_abs":0.000834667764,"nonfinite_count":0,"pass":true,"divergence_ordinal":8}
MODEL_MATMUL_AUDIT_JSON {"tensor":"blk.16.attn_v.weight","output":"Vcur-16","dtype":"f16","m":64,"k":1536,"n":256,"sample_m":2,"sample_n":16,"relative_l2":0.000458835869,"max_abs":0.00155949965,"nonfinite_count":0,"pass":true,"divergence_ordinal":8}
MODEL_MATMUL_AUDIT_JSON {"tensor":"blk.16.attn_output.weight","output":"kqv_out-16","dtype":"f16","m":64,"k":1536,"n":1536,"sample_m":2,"sample_n":16,"relative_l2":0.000582603231,"max_abs":1.10771252e-05,"nonfinite_count":0,"pass":true,"divergence_ordinal":8}
MODEL_MATMUL_AUDIT_JSON {"tensor":"blk.16.ffn_gate.weight","output":"ffn_gate-16","dtype":"f16","m":64,"k":1536,"n":8960,"sample_m":2,"sample_n":16,"relative_l2":0.000545764556,"max_abs":0.00186932785,"nonfinite_count":0,"pass":true,"divergence_ordinal":8}
MODEL_MATMUL_AUDIT_JSON {"tensor":"blk.16.ffn_up.weight","output":"ffn_up-16","dtype":"f16","m":64,"k":1536,"n":8960,"sample_m":2,"sample_n":16,"relative_l2":0.000462548052,"max_abs":0.000822177331,"nonfinite_count":0,"pass":true,"divergence_ordinal":8}
MODEL_MATMUL_AUDIT_JSON {"tensor":"blk.16.ffn_down.weight","output":"ffn_out-16","dtype":"f16","m":64,"k":8960,"n":1536,"sample_m":2,"sample_n":16,"relative_l2":0.000597401573,"max_abs":0.00260066171,"nonfinite_count":0,"pass":true,"divergence_ordinal":8}
MODEL_MATMUL_AUDIT_JSON {"tensor":"blk.17.attn_q.weight","output":"Qcur-17","dtype":"f16","m":64,"k":1536,"n":1536,"sample_m":2,"sample_n":16,"relative_l2":0.000575583732,"max_abs":0.00157458836,"nonfinite_count":0,"pass":true,"divergence_ordinal":8}
MODEL_MATMUL_AUDIT_JSON {"tensor":"blk.17.attn_k.weight","output":"Kcur-17","dtype":"f16","m":64,"k":1536,"n":256,"sample_m":2,"sample_n":16,"relative_l2":0.000589564689,"max_abs":0.00221266039,"nonfinite_count":0,"pass":true,"divergence_ordinal":8}
MODEL_MATMUL_AUDIT_JSON {"tensor":"blk.17.attn_v.weight","output":"Vcur-17","dtype":"f16","m":64,"k":1536,"n":256,"sample_m":2,"sample_n":16,"relative_l2":0.000700901077,"max_abs":0.00332459994,"nonfinite_count":0,"pass":true,"divergence_ordinal":8}
MODEL_MATMUL_AUDIT_JSON {"tensor":"blk.17.attn_output.weight","output":"kqv_out-17","dtype":"f16","m":64,"k":1536,"n":1536,"sample_m":2,"sample_n":16,"relative_l2":0.000595077759,"max_abs":7.33908528e-05,"nonfinite_count":0,"pass":true,"divergence_ordinal":8}
MODEL_MATMUL_AUDIT_JSON {"tensor":"blk.17.ffn_gate.weight","output":"ffn_gate-17","dtype":"f16","m":64,"k":1536,"n":8960,"sample_m":2,"sample_n":16,"relative_l2":0.000697126134,"max_abs":0.00141145906,"nonfinite_count":0,"pass":true,"divergence_ordinal":8}
MODEL_MATMUL_AUDIT_JSON {"tensor":"blk.17.ffn_up.weight","output":"ffn_up-17","dtype":"f16","m":64,"k":1536,"n":8960,"sample_m":2,"sample_n":16,"relative_l2":0.000468031159,"max_abs":0.0010807123,"nonfinite_count":0,"pass":true,"divergence_ordinal":8}
MODEL_MATMUL_AUDIT_JSON {"tensor":"blk.17.ffn_down.weight","output":"ffn_out-17","dtype":"f16","m":64,"k":8960,"n":1536,"sample_m":2,"sample_n":16,"relative_l2":0.000333487113,"max_abs":0.000851873076,"nonfinite_count":0,"pass":true,"divergence_ordinal":8}
MODEL_MATMUL_AUDIT_JSON {"tensor":"blk.18.attn_q.weight","output":"Qcur-18","dtype":"f16","m":64,"k":1536,"n":1536,"sample_m":2,"sample_n":16,"relative_l2":0.00054829679,"max_abs":0.00148622761,"nonfinite_count":0,"pass":true,"divergence_ordinal":8}
MODEL_MATMUL_AUDIT_JSON {"tensor":"blk.18.attn_k.weight","output":"Kcur-18","dtype":"f16","m":64,"k":1536,"n":256,"sample_m":2,"sample_n":16,"relative_l2":0.000612821962,"max_abs":0.00174298673,"nonfinite_count":0,"pass":true,"divergence_ordinal":8}
MODEL_MATMUL_AUDIT_JSON {"tensor":"blk.18.attn_v.weight","output":"Vcur-18","dtype":"f16","m":64,"k":1536,"n":256,"sample_m":2,"sample_n":16,"relative_l2":0.000527859157,"max_abs":0.00107905397,"nonfinite_count":0,"pass":true,"divergence_ordinal":8}
MODEL_MATMUL_AUDIT_JSON {"tensor":"blk.18.attn_output.weight","output":"kqv_out-18","dtype":"f16","m":64,"k":1536,"n":1536,"sample_m":2,"sample_n":16,"relative_l2":0.000539751896,"max_abs":0.000228601784,"nonfinite_count":0,"pass":true,"divergence_ordinal":8}
MODEL_MATMUL_AUDIT_JSON {"tensor":"blk.18.ffn_gate.weight","output":"ffn_gate-18","dtype":"f16","m":64,"k":1536,"n":8960,"sample_m":2,"sample_n":16,"relative_l2":0.000793415513,"max_abs":0.0016678723,"nonfinite_count":0,"pass":true,"divergence_ordinal":8}
MODEL_MATMUL_AUDIT_JSON {"tensor":"blk.18.ffn_up.weight","output":"ffn_up-18","dtype":"f16","m":64,"k":1536,"n":8960,"sample_m":2,"sample_n":16,"relative_l2":0.000563209648,"max_abs":0.0010895452,"nonfinite_count":0,"pass":true,"divergence_ordinal":8}
MODEL_MATMUL_AUDIT_JSON {"tensor":"blk.18.ffn_down.weight","output":"ffn_out-18","dtype":"f16","m":64,"k":8960,"n":1536,"sample_m":2,"sample_n":16,"relative_l2":0.000390594273,"max_abs":0.00123632653,"nonfinite_count":0,"pass":true,"divergence_ordinal":8}
MODEL_MATMUL_AUDIT_JSON {"tensor":"blk.19.attn_q.weight","output":"Qcur-19","dtype":"f16","m":64,"k":1536,"n":1536,"sample_m":2,"sample_n":16,"relative_l2":0.000424432467,"max_abs":0.000780534639,"nonfinite_count":0,"pass":true,"divergence_ordinal":8}
MODEL_MATMUL_AUDIT_JSON {"tensor":"blk.19.attn_k.weight","output":"Kcur-19","dtype":"f16","m":64,"k":1536,"n":256,"sample_m":2,"sample_n":16,"relative_l2":0.000568410627,"max_abs":0.000663640327,"nonfinite_count":0,"pass":true,"divergence_ordinal":8}
MODEL_MATMUL_AUDIT_JSON {"tensor":"blk.19.attn_v.weight","output":"Vcur-19","dtype":"f16","m":64,"k":1536,"n":256,"sample_m":2,"sample_n":16,"relative_l2":0.00055188561,"max_abs":0.000933622185,"nonfinite_count":0,"pass":true,"divergence_ordinal":8}
MODEL_MATMUL_AUDIT_JSON {"tensor":"blk.19.attn_output.weight","output":"kqv_out-19","dtype":"f16","m":64,"k":1536,"n":1536,"sample_m":2,"sample_n":16,"relative_l2":0.00037062617,"max_abs":4.71009153e-05,"nonfinite_count":0,"pass":true,"divergence_ordinal":8}
MODEL_MATMUL_AUDIT_JSON {"tensor":"blk.19.ffn_gate.weight","output":"ffn_gate-19","dtype":"f16","m":64,"k":1536,"n":8960,"sample_m":2,"sample_n":16,"relative_l2":0.000629570132,"max_abs":0.00202101469,"nonfinite_count":0,"pass":true,"divergence_ordinal":8}
MODEL_MATMUL_AUDIT_JSON {"tensor":"blk.19.ffn_up.weight","output":"ffn_up-19","dtype":"f16","m":64,"k":1536,"n":8960,"sample_m":2,"sample_n":16,"relative_l2":0.000664359077,"max_abs":0.00190096057,"nonfinite_count":0,"pass":true,"divergence_ordinal":8}
MODEL_MATMUL_AUDIT_JSON {"tensor":"blk.19.ffn_down.weight","output":"ffn_out-19","dtype":"f16","m":64,"k":8960,"n":1536,"sample_m":2,"sample_n":16,"relative_l2":0.000498553183,"max_abs":0.0022438732,"nonfinite_count":0,"pass":true,"divergence_ordinal":8}
MODEL_MATMUL_AUDIT_JSON {"tensor":"blk.20.attn_q.weight","output":"Qcur-20","dtype":"f16","m":64,"k":1536,"n":1536,"sample_m":2,"sample_n":16,"relative_l2":0.000498934188,"max_abs":0.00133198011,"nonfinite_count":0,"pass":true,"divergence_ordinal":8}
MODEL_MATMUL_AUDIT_JSON {"tensor":"blk.20.attn_k.weight","output":"Kcur-20","dtype":"f16","m":64,"k":1536,"n":256,"sample_m":2,"sample_n":16,"relative_l2":0.000649673013,"max_abs":0.00146757066,"nonfinite_count":0,"pass":true,"divergence_ordinal":8}
MODEL_MATMUL_AUDIT_JSON {"tensor":"blk.20.attn_v.weight","output":"Vcur-20","dtype":"f16","m":64,"k":1536,"n":256,"sample_m":2,"sample_n":16,"relative_l2":0.000496840514,"max_abs":0.00162461901,"nonfinite_count":0,"pass":true,"divergence_ordinal":8}
MODEL_MATMUL_AUDIT_JSON {"tensor":"blk.20.attn_output.weight","output":"kqv_out-20","dtype":"f16","m":64,"k":1536,"n":1536,"sample_m":2,"sample_n":16,"relative_l2":0.000794874647,"max_abs":4.32400593e-05,"nonfinite_count":0,"pass":true,"divergence_ordinal":8}
MODEL_MATMUL_AUDIT_JSON {"tensor":"blk.20.ffn_gate.weight","output":"ffn_gate-20","dtype":"f16","m":64,"k":1536,"n":8960,"sample_m":2,"sample_n":16,"relative_l2":0.000512174418,"max_abs":0.00164601288,"nonfinite_count":0,"pass":true,"divergence_ordinal":8}
MODEL_MATMUL_AUDIT_JSON {"tensor":"blk.20.ffn_up.weight","output":"ffn_up-20","dtype":"f16","m":64,"k":1536,"n":8960,"sample_m":2,"sample_n":16,"relative_l2":0.000634859265,"max_abs":0.00134541513,"nonfinite_count":0,"pass":true,"divergence_ordinal":8}
MODEL_MATMUL_AUDIT_JSON {"tensor":"blk.20.ffn_down.weight","output":"ffn_out-20","dtype":"f16","m":64,"k":8960,"n":1536,"sample_m":2,"sample_n":16,"relative_l2":0.000447481307,"max_abs":0.00165998831,"nonfinite_count":0,"pass":true,"divergence_ordinal":8}
MODEL_MATMUL_AUDIT_JSON {"tensor":"blk.21.attn_q.weight","output":"Qcur-21","dtype":"f16","m":64,"k":1536,"n":1536,"sample_m":2,"sample_n":16,"relative_l2":0.000486232788,"max_abs":0.000591035874,"nonfinite_count":0,"pass":true,"divergence_ordinal":8}
MODEL_MATMUL_AUDIT_JSON {"tensor":"blk.21.attn_k.weight","output":"Kcur-21","dtype":"f16","m":64,"k":1536,"n":256,"sample_m":2,"sample_n":16,"relative_l2":0.000685816524,"max_abs":0.000824978983,"nonfinite_count":0,"pass":true,"divergence_ordinal":8}
MODEL_MATMUL_AUDIT_JSON {"tensor":"blk.21.attn_v.weight","output":"Vcur-21","dtype":"f16","m":64,"k":1536,"n":256,"sample_m":2,"sample_n":16,"relative_l2":0.000338176921,"max_abs":0.000667321088,"nonfinite_count":0,"pass":true,"divergence_ordinal":8}
MODEL_MATMUL_AUDIT_JSON {"tensor":"blk.21.attn_output.weight","output":"kqv_out-21","dtype":"f16","m":64,"k":1536,"n":1536,"sample_m":2,"sample_n":16,"relative_l2":0.000865518575,"max_abs":0.000172383079,"nonfinite_count":0,"pass":true,"divergence_ordinal":8}
MODEL_MATMUL_AUDIT_JSON {"tensor":"blk.21.ffn_gate.weight","output":"ffn_gate-21","dtype":"f16","m":64,"k":1536,"n":8960,"sample_m":2,"sample_n":16,"relative_l2":0.000435542613,"max_abs":0.00105767755,"nonfinite_count":0,"pass":true,"divergence_ordinal":8}
MODEL_MATMUL_AUDIT_JSON {"tensor":"blk.21.ffn_up.weight","output":"ffn_up-21","dtype":"f16","m":64,"k":1536,"n":8960,"sample_m":2,"sample_n":16,"relative_l2":0.00043295241,"max_abs":0.00135264895,"nonfinite_count":0,"pass":true,"divergence_ordinal":8}
MODEL_MATMUL_AUDIT_JSON {"tensor":"blk.21.ffn_down.weight","output":"ffn_out-21","dtype":"f16","m":64,"k":8960,"n":1536,"sample_m":2,"sample_n":16,"relative_l2":0.000672405598,"max_abs":0.00355973933,"nonfinite_count":0,"pass":true,"divergence_ordinal":8}
MODEL_MATMUL_AUDIT_JSON {"tensor":"blk.22.attn_q.weight","output":"Qcur-22","dtype":"f16","m":64,"k":1536,"n":1536,"sample_m":2,"sample_n":16,"relative_l2":0.00053878993,"max_abs":0.00142179197,"nonfinite_count":0,"pass":true,"divergence_ordinal":8}
MODEL_MATMUL_AUDIT_JSON {"tensor":"blk.22.attn_k.weight","output":"Kcur-22","dtype":"f16","m":64,"k":1536,"n":256,"sample_m":2,"sample_n":16,"relative_l2":0.000457951122,"max_abs":0.000936045777,"nonfinite_count":0,"pass":true,"divergence_ordinal":8}
MODEL_MATMUL_AUDIT_JSON {"tensor":"blk.22.attn_v.weight","output":"Vcur-22","dtype":"f16","m":64,"k":1536,"n":256,"sample_m":2,"sample_n":16,"relative_l2":0.000511240741,"max_abs":0.00174772891,"nonfinite_count":0,"pass":true,"divergence_ordinal":8}
MODEL_MATMUL_AUDIT_JSON {"tensor":"blk.22.attn_output.weight","output":"kqv_out-22","dtype":"f16","m":64,"k":1536,"n":1536,"sample_m":2,"sample_n":16,"relative_l2":0.000546496592,"max_abs":6.93641632e-05,"nonfinite_count":0,"pass":true,"divergence_ordinal":8}
MODEL_MATMUL_AUDIT_JSON {"tensor":"blk.22.ffn_gate.weight","output":"ffn_gate-22","dtype":"f16","m":64,"k":1536,"n":8960,"sample_m":2,"sample_n":16,"relative_l2":0.000500016244,"max_abs":0.00323254266,"nonfinite_count":0,"pass":true,"divergence_ordinal":8}
MODEL_MATMUL_AUDIT_JSON {"tensor":"blk.22.ffn_up.weight","output":"ffn_up-22","dtype":"f16","m":64,"k":1536,"n":8960,"sample_m":2,"sample_n":16,"relative_l2":0.000556468745,"max_abs":0.00163513678,"nonfinite_count":0,"pass":true,"divergence_ordinal":8}
MODEL_MATMUL_AUDIT_JSON {"tensor":"blk.22.ffn_down.weight","output":"ffn_out-22","dtype":"f16","m":64,"k":8960,"n":1536,"sample_m":2,"sample_n":16,"relative_l2":0.000489466388,"max_abs":0.00231143157,"nonfinite_count":0,"pass":true,"divergence_ordinal":8}
MODEL_MATMUL_AUDIT_JSON {"tensor":"blk.23.attn_q.weight","output":"Qcur-23","dtype":"f16","m":64,"k":1536,"n":1536,"sample_m":2,"sample_n":16,"relative_l2":0.000644136369,"max_abs":0.00147173984,"nonfinite_count":0,"pass":true,"divergence_ordinal":8}
MODEL_MATMUL_AUDIT_JSON {"tensor":"blk.23.attn_k.weight","output":"Kcur-23","dtype":"f16","m":64,"k":1536,"n":256,"sample_m":2,"sample_n":16,"relative_l2":0.00056791842,"max_abs":0.00053000031,"nonfinite_count":0,"pass":true,"divergence_ordinal":8}
MODEL_MATMUL_AUDIT_JSON {"tensor":"blk.23.attn_v.weight","output":"Vcur-23","dtype":"f16","m":64,"k":1536,"n":256,"sample_m":2,"sample_n":16,"relative_l2":0.000553423999,"max_abs":0.00150511751,"nonfinite_count":0,"pass":true,"divergence_ordinal":8}
MODEL_MATMUL_AUDIT_JSON {"tensor":"blk.23.attn_output.weight","output":"kqv_out-23","dtype":"f16","m":64,"k":1536,"n":1536,"sample_m":2,"sample_n":16,"relative_l2":0.00046926033,"max_abs":0.00336609129,"nonfinite_count":0,"pass":true,"divergence_ordinal":8}
MODEL_MATMUL_AUDIT_JSON {"tensor":"blk.23.ffn_gate.weight","output":"ffn_gate-23","dtype":"f16","m":64,"k":1536,"n":8960,"sample_m":2,"sample_n":16,"relative_l2":0.00054240497,"max_abs":0.00217142538,"nonfinite_count":0,"pass":true,"divergence_ordinal":8}
MODEL_MATMUL_AUDIT_JSON {"tensor":"blk.23.ffn_up.weight","output":"ffn_up-23","dtype":"f16","m":64,"k":1536,"n":8960,"sample_m":2,"sample_n":16,"relative_l2":0.000488805559,"max_abs":0.00122750935,"nonfinite_count":0,"pass":true,"divergence_ordinal":8}
MODEL_MATMUL_AUDIT_JSON {"tensor":"blk.23.ffn_down.weight","output":"ffn_out-23","dtype":"f16","m":64,"k":8960,"n":1536,"sample_m":2,"sample_n":16,"relative_l2":0.000599615199,"max_abs":0.00415893458,"nonfinite_count":0,"pass":true,"divergence_ordinal":8}
MODEL_MATMUL_AUDIT_JSON {"tensor":"blk.24.attn_q.weight","output":"Qcur-24","dtype":"f16","m":64,"k":1536,"n":1536,"sample_m":2,"sample_n":16,"relative_l2":0.000533949952,"max_abs":0.00155628019,"nonfinite_count":0,"pass":true,"divergence_ordinal":8}
MODEL_MATMUL_AUDIT_JSON {"tensor":"blk.24.attn_k.weight","output":"Kcur-24","dtype":"f16","m":64,"k":1536,"n":256,"sample_m":2,"sample_n":16,"relative_l2":0.000537660725,"max_abs":0.00108858792,"nonfinite_count":0,"pass":true,"divergence_ordinal":8}
MODEL_MATMUL_AUDIT_JSON {"tensor":"blk.24.attn_v.weight","output":"Vcur-24","dtype":"f16","m":64,"k":1536,"n":256,"sample_m":2,"sample_n":16,"relative_l2":0.000625414884,"max_abs":0.0026003411,"nonfinite_count":0,"pass":true,"divergence_ordinal":8}
MODEL_MATMUL_AUDIT_JSON {"tensor":"blk.24.attn_output.weight","output":"kqv_out-24","dtype":"f16","m":64,"k":1536,"n":1536,"sample_m":2,"sample_n":16,"relative_l2":1.39812612,"max_abs":2.19640868e-11,"nonfinite_count":0,"pass":false,"divergence_ordinal":9}
MODEL_MATMUL_AUDIT_JSON {"tensor":"blk.24.ffn_gate.weight","output":"ffn_gate-24","dtype":"f16","m":64,"k":1536,"n":8960,"sample_m":2,"sample_n":16,"relative_l2":0.000530681138,"max_abs":0.00227134977,"nonfinite_count":0,"pass":true,"divergence_ordinal":9}
MODEL_MATMUL_AUDIT_JSON {"tensor":"blk.24.ffn_up.weight","output":"ffn_up-24","dtype":"f16","m":64,"k":1536,"n":8960,"sample_m":2,"sample_n":16,"relative_l2":0.000525112289,"max_abs":0.002267943,"nonfinite_count":0,"pass":true,"divergence_ordinal":9}
MODEL_MATMUL_AUDIT_JSON {"tensor":"blk.24.ffn_down.weight","output":"ffn_out-24","dtype":"f16","m":64,"k":8960,"n":1536,"sample_m":2,"sample_n":16,"relative_l2":0.000411930513,"max_abs":0.00246896525,"nonfinite_count":0,"pass":true,"divergence_ordinal":9}
MODEL_MATMUL_AUDIT_JSON {"tensor":"blk.25.attn_q.weight","output":"Qcur-25","dtype":"f16","m":64,"k":1536,"n":1536,"sample_m":2,"sample_n":16,"relative_l2":0.000497456797,"max_abs":0.000756173045,"nonfinite_count":0,"pass":true,"divergence_ordinal":9}
MODEL_MATMUL_AUDIT_JSON {"tensor":"blk.25.attn_k.weight","output":"Kcur-25","dtype":"f16","m":64,"k":1536,"n":256,"sample_m":2,"sample_n":16,"relative_l2":0.000555500196,"max_abs":0.00151726964,"nonfinite_count":0,"pass":true,"divergence_ordinal":9}
MODEL_MATMUL_AUDIT_JSON {"tensor":"blk.25.attn_v.weight","output":"Vcur-25","dtype":"f16","m":64,"k":1536,"n":256,"sample_m":2,"sample_n":16,"relative_l2":0.000622260913,"max_abs":0.00235604518,"nonfinite_count":0,"pass":true,"divergence_ordinal":9}
MODEL_MATMUL_AUDIT_JSON {"tensor":"blk.25.attn_output.weight","output":"kqv_out-25","dtype":"f16","m":64,"k":1536,"n":1536,"sample_m":2,"sample_n":16,"relative_l2":0.000453755619,"max_abs":4.9817524,"nonfinite_count":0,"pass":true,"divergence_ordinal":9}
MODEL_MATMUL_AUDIT_JSON {"tensor":"blk.25.ffn_gate.weight","output":"ffn_gate-25","dtype":"f16","m":64,"k":1536,"n":8960,"sample_m":2,"sample_n":16,"relative_l2":0.000609151783,"max_abs":0.00157548196,"nonfinite_count":0,"pass":true,"divergence_ordinal":9}
MODEL_MATMUL_AUDIT_JSON {"tensor":"blk.25.ffn_up.weight","output":"ffn_up-25","dtype":"f16","m":64,"k":1536,"n":8960,"sample_m":2,"sample_n":16,"relative_l2":0.00052155643,"max_abs":0.00176544685,"nonfinite_count":0,"pass":true,"divergence_ordinal":9}
MODEL_MATMUL_AUDIT_JSON {"tensor":"blk.25.ffn_down.weight","output":"ffn_out-25","dtype":"f16","m":64,"k":8960,"n":1536,"sample_m":2,"sample_n":16,"relative_l2":0.000624808242,"max_abs":0.0379068479,"nonfinite_count":0,"pass":true,"divergence_ordinal":9}
MODEL_MATMUL_AUDIT_JSON {"tensor":"blk.26.attn_q.weight","output":"Qcur-26","dtype":"f16","m":64,"k":1536,"n":1536,"sample_m":2,"sample_n":16,"relative_l2":0.000533499929,"max_abs":0.000852539204,"nonfinite_count":0,"pass":true,"divergence_ordinal":9}
MODEL_MATMUL_AUDIT_JSON {"tensor":"blk.26.attn_k.weight","output":"Kcur-26","dtype":"f16","m":64,"k":1536,"n":256,"sample_m":2,"sample_n":16,"relative_l2":0.000458255126,"max_abs":0.00026455347,"nonfinite_count":0,"pass":true,"divergence_ordinal":9}
MODEL_MATMUL_AUDIT_JSON {"tensor":"blk.26.attn_v.weight","output":"Vcur-26","dtype":"f16","m":64,"k":1536,"n":256,"sample_m":2,"sample_n":16,"relative_l2":0.000534154755,"max_abs":0.00246217917,"nonfinite_count":0,"pass":true,"divergence_ordinal":9}
MODEL_MATMUL_AUDIT_JSON {"tensor":"blk.26.attn_output.weight","output":"kqv_out-26","dtype":"f16","m":64,"k":1536,"n":1536,"sample_m":2,"sample_n":16,"relative_l2":0.000381447538,"max_abs":0.000600481464,"nonfinite_count":0,"pass":true,"divergence_ordinal":9}
MODEL_MATMUL_AUDIT_JSON {"tensor":"blk.26.ffn_gate.weight","output":"ffn_gate-26","dtype":"f16","m":64,"k":1536,"n":8960,"sample_m":2,"sample_n":16,"relative_l2":0.000624252633,"max_abs":0.00385637605,"nonfinite_count":0,"pass":true,"divergence_ordinal":9}
MODEL_MATMUL_AUDIT_JSON {"tensor":"blk.26.ffn_up.weight","output":"ffn_up-26","dtype":"f16","m":64,"k":1536,"n":8960,"sample_m":2,"sample_n":16,"relative_l2":0.000559224754,"max_abs":0.00150748016,"nonfinite_count":0,"pass":true,"divergence_ordinal":9}
MODEL_MATMUL_AUDIT_JSON {"tensor":"blk.26.ffn_down.weight","output":"ffn_out-26","dtype":"f16","m":64,"k":8960,"n":1536,"sample_m":2,"sample_n":16,"relative_l2":0.000802160728,"max_abs":0.0204772316,"nonfinite_count":0,"pass":true,"divergence_ordinal":9}
MODEL_MATMUL_AUDIT_JSON {"tensor":"blk.27.attn_q.weight","output":"Qcur-27","dtype":"f16","m":64,"k":1536,"n":1536,"sample_m":2,"sample_n":16,"relative_l2":0.000713817995,"max_abs":0.000933796226,"nonfinite_count":0,"pass":true,"divergence_ordinal":9}
MODEL_MATMUL_AUDIT_JSON {"tensor":"blk.27.attn_k.weight","output":"Kcur-27","dtype":"f16","m":64,"k":1536,"n":256,"sample_m":2,"sample_n":16,"relative_l2":0.000668136299,"max_abs":0.0003788826,"nonfinite_count":0,"pass":true,"divergence_ordinal":9}
MODEL_MATMUL_AUDIT_JSON {"tensor":"blk.27.attn_v.weight","output":"Vcur-27","dtype":"f16","m":64,"k":1536,"n":256,"sample_m":2,"sample_n":16,"relative_l2":0.000604980948,"max_abs":0.00459876284,"nonfinite_count":0,"pass":true,"divergence_ordinal":9}
MODEL_MATMUL_AUDIT_JSON {"tensor":"blk.27.attn_output.weight","output":"kqv_out-27","dtype":"f16","m":64,"k":1536,"n":1536,"sample_m":2,"sample_n":16,"relative_l2":1.96660707,"max_abs":1.70243871e-11,"nonfinite_count":0,"pass":false,"divergence_ordinal":10}
MODEL_MATMUL_AUDIT_JSON {"tensor":"blk.27.ffn_gate.weight","output":"ffn_gate-27","dtype":"f16","m":64,"k":1536,"n":8960,"sample_m":2,"sample_n":16,"relative_l2":0.000511809285,"max_abs":0.00248119864,"nonfinite_count":0,"pass":true,"divergence_ordinal":10}
MODEL_MATMUL_AUDIT_JSON {"tensor":"blk.27.ffn_up.weight","output":"ffn_up-27","dtype":"f16","m":64,"k":1536,"n":8960,"sample_m":2,"sample_n":16,"relative_l2":0.000431281741,"max_abs":0.00263375975,"nonfinite_count":0,"pass":true,"divergence_ordinal":10}
MODEL_MATMUL_AUDIT_JSON {"tensor":"blk.27.ffn_down.weight","output":"ffn_out-27","dtype":"f16","m":64,"k":8960,"n":1536,"sample_m":2,"sample_n":16,"relative_l2":0.000424290659,"max_abs":0.0352900773,"nonfinite_count":0,"pass":true,"divergence_ordinal":10}
perplexity: 6.44 seconds per pass - ETA Final estimate: PPL = 8886008787371.4258 +/- 11471592348079.30273
llama_perf_context_print:        load time =    1259.74 ms
llama_perf_context_print: prompt eval time =    6444.77 ms /   512 tokens (   12.59 ms per token,    79.44 tokens per second)
llama_perf_context_print:        eval time =       0.00 ms /     1 runs   (    0.00 ms per token,      inf tokens per second)
llama_perf_context_print:       total time =    7745.86 ms /   513 tokens
