FIG8_ATTENTION_CONFIG mode=baseline layout=serial variant=pair_static_d8 scna_width=8 seed=figure8_fixed mask_mode=full qo_len=32 kv_len=4096 kv_pad_len=4096 n_heads=12 n_kv_heads=2 head_dim=128 warmup=1 iters=1 q_size=196608 kv_size=2097152 mask_size=262144 profile_size=2664704 profile_max_records=24 profile_max_events=33152 mode_flags=65536 print_events=1 workers=1
FIG8_ATTENTION_HOST_TIMING mode=baseline layout=serial variant=pair_static_d8 workers=1 scna_width=8 seed=figure8_fixed mask_mode=full qo_len=32 kv_len=4096 n_heads=12 n_kv_heads=2 head_dim=128 phase=warmup iteration=0 host_elapsed_us=5665 ret=0
FIG8_ATTENTION_PROFILE_COUNT mode=baseline qo_len=32 phase=warmup iteration=0 records=16 max_records=24
FIG8_ATTENTION_WORKERS mode=baseline variant=pair_static_d8 qo_len=32 phase=warmup iteration=0 requested_workers=1 active_workers=1 hvx_contexts=6 vtcm_worker_cap=8 tasks=16 q_task_rows=4
FIG8_ATTENTION_TIMERS mode=baseline layout=serial phase=warmup iteration=0 lut_exp=0 scna_layout=0 scna_width=0 qo_len=4 kv_len=4096 n_heads=12 n_kv_heads=2 head_dim=128 kv_head=0 worker=0 profiled_total=318 q_load=2 k_load=82 v_load=86 qk_dot=3 safe_sm=136 scna_exp=0 state_update=1 param_prepare=0 core_acc=4 o_scale=2 o_store=3
FIG8_ATTENTION_TIMERS mode=baseline layout=serial phase=warmup iteration=0 lut_exp=0 scna_layout=0 scna_width=0 qo_len=4 kv_len=4096 n_heads=12 n_kv_heads=2 head_dim=128 kv_head=1 worker=0 profiled_total=318 q_load=1 k_load=82 v_load=94 qk_dot=2 safe_sm=131 scna_exp=0 state_update=1 param_prepare=0 core_acc=4 o_scale=2 o_store=2
FIG8_ATTENTION_TIMERS mode=baseline layout=serial phase=warmup iteration=0 lut_exp=0 scna_layout=0 scna_width=0 qo_len=4 kv_len=4096 n_heads=12 n_kv_heads=2 head_dim=128 kv_head=0 worker=0 profiled_total=280 q_load=1 k_load=69 v_load=87 qk_dot=2 safe_sm=115 scna_exp=0 state_update=1 param_prepare=0 core_acc=3 o_scale=1 o_store=2
FIG8_ATTENTION_TIMERS mode=baseline layout=serial phase=warmup iteration=0 lut_exp=0 scna_layout=0 scna_width=0 qo_len=4 kv_len=4096 n_heads=12 n_kv_heads=2 head_dim=128 kv_head=1 worker=0 profiled_total=285 q_load=1 k_load=68 v_load=92 qk_dot=2 safe_sm=116 scna_exp=0 state_update=1 param_prepare=0 core_acc=2 o_scale=2 o_store=2
FIG8_ATTENTION_TIMERS mode=baseline layout=serial phase=warmup iteration=0 lut_exp=0 scna_layout=0 scna_width=0 qo_len=4 kv_len=4096 n_heads=12 n_kv_heads=2 head_dim=128 kv_head=0 worker=0 profiled_total=281 q_load=1 k_load=69 v_load=87 qk_dot=2 safe_sm=115 scna_exp=0 state_update=0 param_prepare=0 core_acc=3 o_scale=1 o_store=3
FIG8_ATTENTION_TIMERS mode=baseline layout=serial phase=warmup iteration=0 lut_exp=0 scna_layout=0 scna_width=0 qo_len=4 kv_len=4096 n_heads=12 n_kv_heads=2 head_dim=128 kv_head=1 worker=0 profiled_total=282 q_load=2 k_load=71 v_load=85 qk_dot=2 safe_sm=116 scna_exp=0 state_update=0 param_prepare=0 core_acc=2 o_scale=2 o_store=2
FIG8_ATTENTION_TIMERS mode=baseline layout=serial phase=warmup iteration=0 lut_exp=0 scna_layout=0 scna_width=0 qo_len=4 kv_len=4096 n_heads=12 n_kv_heads=2 head_dim=128 kv_head=0 worker=0 profiled_total=280 q_load=1 k_load=68 v_load=86 qk_dot=1 safe_sm=118 scna_exp=0 state_update=1 param_prepare=0 core_acc=4 o_scale=1 o_store=1
FIG8_ATTENTION_TIMERS mode=baseline layout=serial phase=warmup iteration=0 lut_exp=0 scna_layout=0 scna_width=0 qo_len=4 kv_len=4096 n_heads=12 n_kv_heads=2 head_dim=128 kv_head=1 worker=0 profiled_total=289 q_load=2 k_load=69 v_load=92 qk_dot=2 safe_sm=117 scna_exp=0 state_update=0 param_prepare=0 core_acc=3 o_scale=2 o_store=2
FIG8_ATTENTION_TIMERS mode=baseline layout=serial phase=warmup iteration=0 lut_exp=0 scna_layout=0 scna_width=0 qo_len=4 kv_len=4096 n_heads=12 n_kv_heads=2 head_dim=128 kv_head=0 worker=0 profiled_total=283 q_load=1 k_load=69 v_load=90 qk_dot=1 safe_sm=117 scna_exp=0 state_update=1 param_prepare=0 core_acc=3 o_scale=1 o_store=1
FIG8_ATTENTION_TIMERS mode=baseline layout=serial phase=warmup iteration=0 lut_exp=0 scna_layout=0 scna_width=0 qo_len=4 kv_len=4096 n_heads=12 n_kv_heads=2 head_dim=128 kv_head=1 worker=0 profiled_total=286 q_load=2 k_load=67 v_load=95 qk_dot=1 safe_sm=116 scna_exp=0 state_update=0 param_prepare=0 core_acc=1 o_scale=2 o_store=2
FIG8_ATTENTION_TIMERS mode=baseline layout=serial phase=warmup iteration=0 lut_exp=0 scna_layout=0 scna_width=0 qo_len=4 kv_len=4096 n_heads=12 n_kv_heads=2 head_dim=128 kv_head=0 worker=0 profiled_total=283 q_load=1 k_load=66 v_load=90 qk_dot=2 safe_sm=116 scna_exp=0 state_update=1 param_prepare=0 core_acc=4 o_scale=1 o_store=3
FIG8_ATTENTION_TIMERS mode=baseline layout=serial phase=warmup iteration=0 lut_exp=0 scna_layout=0 scna_width=0 qo_len=4 kv_len=4096 n_heads=12 n_kv_heads=2 head_dim=128 kv_head=1 worker=0 profiled_total=285 q_load=2 k_load=66 v_load=94 qk_dot=2 safe_sm=115 scna_exp=0 state_update=0 param_prepare=0 core_acc=2 o_scale=2 o_store=2
FIG8_ATTENTION_TIMERS mode=baseline layout=serial phase=warmup iteration=0 lut_exp=0 scna_layout=0 scna_width=0 qo_len=4 kv_len=4096 n_heads=12 n_kv_heads=2 head_dim=128 kv_head=0 worker=0 profiled_total=274 q_load=1 k_load=68 v_load=82 qk_dot=2 safe_sm=116 scna_exp=0 state_update=1 param_prepare=0 core_acc=3 o_scale=1 o_store=1
FIG8_ATTENTION_TIMERS mode=baseline layout=serial phase=warmup iteration=0 lut_exp=0 scna_layout=0 scna_width=0 qo_len=4 kv_len=4096 n_heads=12 n_kv_heads=2 head_dim=128 kv_head=1 worker=0 profiled_total=274 q_load=1 k_load=67 v_load=83 qk_dot=2 safe_sm=115 scna_exp=0 state_update=0 param_prepare=0 core_acc=2 o_scale=2 o_store=2
FIG8_ATTENTION_TIMERS mode=baseline layout=serial phase=warmup iteration=0 lut_exp=0 scna_layout=0 scna_width=0 qo_len=4 kv_len=4096 n_heads=12 n_kv_heads=2 head_dim=128 kv_head=0 worker=0 profiled_total=273 q_load=1 k_load=68 v_load=82 qk_dot=2 safe_sm=115 scna_exp=0 state_update=1 param_prepare=0 core_acc=3 o_scale=1 o_store=1
FIG8_ATTENTION_TIMERS mode=baseline layout=serial phase=warmup iteration=0 lut_exp=0 scna_layout=0 scna_width=0 qo_len=4 kv_len=4096 n_heads=12 n_kv_heads=2 head_dim=128 kv_head=1 worker=0 profiled_total=282 q_load=2 k_load=69 v_load=85 qk_dot=2 safe_sm=118 scna_exp=0 state_update=1 param_prepare=0 core_acc=3 o_scale=1 o_store=2
FIG8_ATTENTION_EVENT_COUNT mode=baseline qo_len=32 phase=warmup iteration=0 events=368 max_events=33152 overflow=0
FIG8_ATTENTION_EVENT mode=baseline layout=serial phase=warmup iteration=0 component=q_load component_id=1 lut_exp=0 scna_layout=0 scna_width=0 qo_len=4 kv_len=4096 n_heads=12 n_kv_heads=2 head_dim=128 kv_head=0 worker=0 block_r=0 block_c=-1 t0_us=261366951322 t1_us=261366951325 dur_us=2
FIG8_ATTENTION_EVENT mode=baseline layout=serial phase=warmup iteration=0 component=k_load component_id=2 lut_exp=0 scna_layout=0 scna_width=0 qo_len=4 kv_len=4096 n_heads=12 n_kv_heads=2 head_dim=128 kv_head=0 worker=0 block_r=0 block_c=0 t0_us=261366951327 t1_us=261366951351 dur_us=23
FIG8_ATTENTION_EVENT mode=baseline layout=serial phase=warmup iteration=0 component=qk_dot component_id=4 lut_exp=0 scna_layout=0 scna_width=0 qo_len=4 kv_len=4096 n_heads=12 n_kv_heads=2 head_dim=128 kv_head=0 worker=0 block_r=0 block_c=0 t0_us=261366951351 t1_us=261366951354 dur_us=2
FIG8_ATTENTION_EVENT mode=baseline layout=serial phase=warmup iteration=0 component=safe_sm component_id=5 lut_exp=0 scna_layout=0 scna_width=0 qo_len=4 kv_len=4096 n_heads=12 n_kv_heads=2 head_dim=128 kv_head=0 worker=0 block_r=0 block_c=0 t0_us=261366951354 t1_us=261366951404 dur_us=49
FIG8_ATTENTION_EVENT mode=baseline layout=serial phase=warmup iteration=0 component=v_load component_id=3 lut_exp=0 scna_layout=0 scna_width=0 qo_len=4 kv_len=4096 n_heads=12 n_kv_heads=2 head_dim=128 kv_head=0 worker=0 block_r=0 block_c=0 t0_us=261366951404 t1_us=261366951429 dur_us=25
FIG8_ATTENTION_EVENT mode=baseline layout=serial phase=warmup iteration=0 component=core_acc component_id=6 lut_exp=0 scna_layout=0 scna_width=0 qo_len=4 kv_len=4096 n_heads=12 n_kv_heads=2 head_dim=128 kv_head=0 worker=0 block_r=0 block_c=0 t0_us=261366951429 t1_us=261366951434 dur_us=4
FIG8_ATTENTION_EVENT mode=baseline layout=serial phase=warmup iteration=0 component=k_load component_id=2 lut_exp=0 scna_layout=0 scna_width=0 qo_len=4 kv_len=4096 n_heads=12 n_kv_heads=2 head_dim=128 kv_head=0 worker=0 block_r=0 block_c=1280 t0_us=261366951435 t1_us=261366951469 dur_us=33
FIG8_ATTENTION_EVENT mode=baseline layout=serial phase=warmup iteration=0 component=qk_dot component_id=4 lut_exp=0 scna_layout=0 scna_width=0 qo_len=4 kv_len=4096 n_heads=12 n_kv_heads=2 head_dim=128 kv_head=0 worker=0 block_r=0 block_c=1280 t0_us=261366951469 t1_us=261366951469 dur_us=0
FIG8_ATTENTION_EVENT mode=baseline layout=serial phase=warmup iteration=0 component=safe_sm component_id=5 lut_exp=0 scna_layout=0 scna_width=0 qo_len=4 kv_len=4096 n_heads=12 n_kv_heads=2 head_dim=128 kv_head=0 worker=0 block_r=0 block_c=1280 t0_us=261366951470 t1_us=261366951509 dur_us=39
FIG8_ATTENTION_EVENT mode=baseline layout=serial phase=warmup iteration=0 component=v_load component_id=3 lut_exp=0 scna_layout=0 scna_width=0 qo_len=4 kv_len=4096 n_heads=12 n_kv_heads=2 head_dim=128 kv_head=0 worker=0 block_r=0 block_c=1280 t0_us=261366951509 t1_us=261366951538 dur_us=28
FIG8_ATTENTION_EVENT mode=baseline layout=serial phase=warmup iteration=0 component=core_acc component_id=6 lut_exp=0 scna_layout=0 scna_width=0 qo_len=4 kv_len=4096 n_heads=12 n_kv_heads=2 head_dim=128 kv_head=0 worker=0 block_r=0 block_c=1280 t0_us=261366951538 t1_us=261366951538 dur_us=0
FIG8_ATTENTION_EVENT mode=baseline layout=serial phase=warmup iteration=0 component=k_load component_id=2 lut_exp=0 scna_layout=0 scna_width=0 qo_len=4 kv_len=4096 n_heads=12 n_kv_heads=2 head_dim=128 kv_head=0 worker=0 block_r=0 block_c=2560 t0_us=261366951538 t1_us=261366951559 dur_us=20
FIG8_ATTENTION_EVENT mode=baseline layout=serial phase=warmup iteration=0 component=qk_dot component_id=4 lut_exp=0 scna_layout=0 scna_width=0 qo_len=4 kv_len=4096 n_heads=12 n_kv_heads=2 head_dim=128 kv_head=0 worker=0 block_r=0 block_c=2560 t0_us=261366951559 t1_us=261366951559 dur_us=0
FIG8_ATTENTION_EVENT mode=baseline layout=serial phase=warmup iteration=0 component=safe_sm component_id=5 lut_exp=0 scna_layout=0 scna_width=0 qo_len=4 kv_len=4096 n_heads=12 n_kv_heads=2 head_dim=128 kv_head=0 worker=0 block_r=0 block_c=2560 t0_us=261366951559 t1_us=261366951597 dur_us=37
FIG8_ATTENTION_EVENT mode=baseline layout=serial phase=warmup iteration=0 component=v_load component_id=3 lut_exp=0 scna_layout=0 scna_width=0 qo_len=4 kv_len=4096 n_heads=12 n_kv_heads=2 head_dim=128 kv_head=0 worker=0 block_r=0 block_c=2560 t0_us=261366951597 t1_us=261366951628 dur_us=30
FIG8_ATTENTION_EVENT mode=baseline layout=serial phase=warmup iteration=0 component=core_acc component_id=6 lut_exp=0 scna_layout=0 scna_width=0 qo_len=4 kv_len=4096 n_heads=12 n_kv_heads=2 head_dim=128 kv_head=0 worker=0 block_r=0 block_c=2560 t0_us=261366951628 t1_us=261366951628 dur_us=0
FIG8_ATTENTION_EVENT mode=baseline layout=serial phase=warmup iteration=0 component=k_load component_id=2 lut_exp=0 scna_layout=0 scna_width=0 qo_len=4 kv_len=4096 n_heads=12 n_kv_heads=2 head_dim=128 kv_head=0 worker=0 block_r=0 block_c=3840 t0_us=261366951628 t1_us=261366951633 dur_us=4
FIG8_ATTENTION_EVENT mode=baseline layout=serial phase=warmup iteration=0 component=qk_dot component_id=4 lut_exp=0 scna_layout=0 scna_width=0 qo_len=4 kv_len=4096 n_heads=12 n_kv_heads=2 head_dim=128 kv_head=0 worker=0 block_r=0 block_c=3840 t0_us=261366951633 t1_us=261366951633 dur_us=0
FIG8_ATTENTION_EVENT mode=baseline layout=serial phase=warmup iteration=0 component=safe_sm component_id=5 lut_exp=0 scna_layout=0 scna_width=0 qo_len=4 kv_len=4096 n_heads=12 n_kv_heads=2 head_dim=128 kv_head=0 worker=0 block_r=0 block_c=3840 t0_us=261366951633 t1_us=261366951642 dur_us=9
FIG8_ATTENTION_EVENT mode=baseline layout=serial phase=warmup iteration=0 component=v_load component_id=3 lut_exp=0 scna_layout=0 scna_width=0 qo_len=4 kv_len=4096 n_heads=12 n_kv_heads=2 head_dim=128 kv_head=0 worker=0 block_r=0 block_c=3840 t0_us=261366951642 t1_us=261366951644 dur_us=2
FIG8_ATTENTION_EVENT mode=baseline layout=serial phase=warmup iteration=0 component=core_acc component_id=6 lut_exp=0 scna_layout=0 scna_width=0 qo_len=4 kv_len=4096 n_heads=12 n_kv_heads=2 head_dim=128 kv_head=0 worker=0 block_r=0 block_c=3840 t0_us=261366951644 t1_us=261366951645 dur_us=0
FIG8_ATTENTION_EVENT mode=baseline layout=serial phase=warmup iteration=0 component=o_scale component_id=7 lut_exp=0 scna_layout=0 scna_width=0 qo_len=4 kv_len=4096 n_heads=12 n_kv_heads=2 head_dim=128 kv_head=0 worker=0 block_r=0 block_c=-1 t0_us=261366951645 t1_us=261366951647 dur_us=2
FIG8_ATTENTION_EVENT mode=baseline layout=serial phase=warmup iteration=0 component=o_store component_id=8 lut_exp=0 scna_layout=0 scna_width=0 qo_len=4 kv_len=4096 n_heads=12 n_kv_heads=2 head_dim=128 kv_head=0 worker=0 block_r=0 block_c=-1 t0_us=261366951648 t1_us=261366951651 dur_us=3
FIG8_ATTENTION_EVENT mode=baseline layout=serial phase=warmup iteration=0 component=q_load component_id=1 lut_exp=0 scna_layout=0 scna_width=0 qo_len=4 kv_len=4096 n_heads=12 n_kv_heads=2 head_dim=128 kv_head=1 worker=0 block_r=0 block_c=-1 t0_us=261366951708 t1_us=261366951710 dur_us=1
FIG8_ATTENTION_EVENT mode=baseline layout=serial phase=warmup iteration=0 component=k_load component_id=2 lut_exp=0 scna_layout=0 scna_width=0 qo_len=4 kv_len=4096 n_heads=12 n_kv_heads=2 head_dim=128 kv_head=1 worker=0 block_r=0 block_c=0 t0_us=261366951712 t1_us=261366951737 dur_us=25
FIG8_ATTENTION_EVENT mode=baseline layout=serial phase=warmup iteration=0 component=qk_dot component_id=4 lut_exp=0 scna_layout=0 scna_width=0 qo_len=4 kv_len=4096 n_heads=12 n_kv_heads=2 head_dim=128 kv_head=1 worker=0 block_r=0 block_c=0 t0_us=261366951737 t1_us=261366951738 dur_us=1
FIG8_ATTENTION_EVENT mode=baseline layout=serial phase=warmup iteration=0 component=safe_sm component_id=5 lut_exp=0 scna_layout=0 scna_width=0 qo_len=4 kv_len=4096 n_heads=12 n_kv_heads=2 head_dim=128 kv_head=1 worker=0 block_r=0 block_c=0 t0_us=261366951739 t1_us=261366951784 dur_us=45
FIG8_ATTENTION_EVENT mode=baseline layout=serial phase=warmup iteration=0 component=v_load component_id=3 lut_exp=0 scna_layout=0 scna_width=0 qo_len=4 kv_len=4096 n_heads=12 n_kv_heads=2 head_dim=128 kv_head=1 worker=0 block_r=0 block_c=0 t0_us=261366951784 t1_us=261366951813 dur_us=28
FIG8_ATTENTION_EVENT mode=baseline layout=serial phase=warmup iteration=0 component=core_acc component_id=6 lut_exp=0 scna_layout=0 scna_width=0 qo_len=4 kv_len=4096 n_heads=12 n_kv_heads=2 head_dim=128 kv_head=1 worker=0 block_r=0 block_c=0 t0_us=261366951813 t1_us=261366951817 dur_us=3
FIG8_ATTENTION_EVENT mode=baseline layout=serial phase=warmup iteration=0 component=k_load component_id=2 lut_exp=0 scna_layout=0 scna_width=0 qo_len=4 kv_len=4096 n_heads=12 n_kv_heads=2 head_dim=128 kv_head=1 worker=0 block_r=0 block_c=1280 t0_us=261366951818 t1_us=261366951850 dur_us=32
FIG8_ATTENTION_EVENT mode=baseline layout=serial phase=warmup iteration=0 component=qk_dot component_id=4 lut_exp=0 scna_layout=0 scna_width=0 qo_len=4 kv_len=4096 n_heads=12 n_kv_heads=2 head_dim=128 kv_head=1 worker=0 block_r=0 block_c=1280 t0_us=261366951850 t1_us=261366951851 dur_us=0
FIG8_ATTENTION_EVENT mode=baseline layout=serial phase=warmup iteration=0 component=safe_sm component_id=5 lut_exp=0 scna_layout=0 scna_width=0 qo_len=4 kv_len=4096 n_heads=12 n_kv_heads=2 head_dim=128 kv_head=1 worker=0 block_r=0 block_c=1280 t0_us=261366951851 t1_us=261366951890 dur_us=39
FIG8_ATTENTION_EVENT mode=baseline layout=serial phase=warmup iteration=0 component=v_load component_id=3 lut_exp=0 scna_layout=0 scna_width=0 qo_len=4 kv_len=4096 n_heads=12 n_kv_heads=2 head_dim=128 kv_head=1 worker=0 block_r=0 block_c=1280 t0_us=261366951890 t1_us=261366951919 dur_us=29
FIG8_ATTENTION_EVENT mode=baseline layout=serial phase=warmup iteration=0 component=core_acc component_id=6 lut_exp=0 scna_layout=0 scna_width=0 qo_len=4 kv_len=4096 n_heads=12 n_kv_heads=2 head_dim=128 kv_head=1 worker=0 block_r=0 block_c=1280 t0_us=261366951920 t1_us=261366951920 dur_us=0
FIG8_ATTENTION_EVENT mode=baseline layout=serial phase=warmup iteration=0 component=k_load component_id=2 lut_exp=0 scna_layout=0 scna_width=0 qo_len=4 kv_len=4096 n_heads=12 n_kv_heads=2 head_dim=128 kv_head=1 worker=0 block_r=0 block_c=2560 t0_us=261366951920 t1_us=261366951940 dur_us=20
FIG8_ATTENTION_EVENT mode=baseline layout=serial phase=warmup iteration=0 component=qk_dot component_id=4 lut_exp=0 scna_layout=0 scna_width=0 qo_len=4 kv_len=4096 n_heads=12 n_kv_heads=2 head_dim=128 kv_head=1 worker=0 block_r=0 block_c=2560 t0_us=261366951940 t1_us=261366951941 dur_us=0
FIG8_ATTENTION_EVENT mode=baseline layout=serial phase=warmup iteration=0 component=safe_sm component_id=5 lut_exp=0 scna_layout=0 scna_width=0 qo_len=4 kv_len=4096 n_heads=12 n_kv_heads=2 head_dim=128 kv_head=1 worker=0 block_r=0 block_c=2560 t0_us=261366951941 t1_us=261366951979 dur_us=37
FIG8_ATTENTION_EVENT mode=baseline layout=serial phase=warmup iteration=0 component=v_load component_id=3 lut_exp=0 scna_layout=0 scna_width=0 qo_len=4 kv_len=4096 n_heads=12 n_kv_heads=2 head_dim=128 kv_head=1 worker=0 block_r=0 block_c=2560 t0_us=261366951979 t1_us=261366952014 dur_us=35
FIG8_ATTENTION_EVENT mode=baseline layout=serial phase=warmup iteration=0 component=core_acc component_id=6 lut_exp=0 scna_layout=0 scna_width=0 qo_len=4 kv_len=4096 n_heads=12 n_kv_heads=2 head_dim=128 kv_head=1 worker=0 block_r=0 block_c=2560 t0_us=261366952014 t1_us=261366952014 dur_us=0
FIG8_ATTENTION_EVENT mode=baseline layout=serial phase=warmup iteration=0 component=k_load component_id=2 lut_exp=0 scna_layout=0 scna_width=0 qo_len=4 kv_len=4096 n_heads=12 n_kv_heads=2 head_dim=128 kv_head=1 worker=0 block_r=0 block_c=3840 t0_us=261366952014 t1_us=261366952019 dur_us=4
FIG8_ATTENTION_EVENT mode=baseline layout=serial phase=warmup iteration=0 component=qk_dot component_id=4 lut_exp=0 scna_layout=0 scna_width=0 qo_len=4 kv_len=4096 n_heads=12 n_kv_heads=2 head_dim=128 kv_head=1 worker=0 block_r=0 block_c=3840 t0_us=261366952019 t1_us=261366952019 dur_us=0
FIG8_ATTENTION_EVENT mode=baseline layout=serial phase=warmup iteration=0 component=safe_sm component_id=5 lut_exp=0 scna_layout=0 scna_width=0 qo_len=4 kv_len=4096 n_heads=12 n_kv_heads=2 head_dim=128 kv_head=1 worker=0 block_r=0 block_c=3840 t0_us=261366952019 t1_us=261366952028 dur_us=9
FIG8_ATTENTION_EVENT mode=baseline layout=serial phase=warmup iteration=0 component=v_load component_id=3 lut_exp=0 scna_layout=0 scna_width=0 qo_len=4 kv_len=4096 n_heads=12 n_kv_heads=2 head_dim=128 kv_head=1 worker=0 block_r=0 block_c=3840 t0_us=261366952028 t1_us=261366952030 dur_us=2
FIG8_ATTENTION_EVENT mode=baseline layout=serial phase=warmup iteration=0 component=core_acc component_id=6 lut_exp=0 scna_layout=0 scna_width=0 qo_len=4 kv_len=4096 n_heads=12 n_kv_heads=2 head_dim=128 kv_head=1 worker=0 block_r=0 block_c=3840 t0_us=261366952031 t1_us=261366952031 dur_us=0
FIG8_ATTENTION_EVENT mode=baseline layout=serial phase=warmup iteration=0 component=o_scale component_id=7 lut_exp=0 scna_layout=0 scna_width=0 qo_len=4 kv_len=4096 n_heads=12 n_kv_heads=2 head_dim=128 kv_head=1 worker=0 block_r=0 block_c=-1 t0_us=261366952031 t1_us=261366952033 dur_us=2
FIG8_ATTENTION_EVENT mode=baseline layout=serial phase=warmup iteration=0 component=o_store component_id=8 lut_exp=0 scna_layout=0 scna_width=0 qo_len=4 kv_len=4096 n_heads=12 n_kv_heads=2 head_dim=128 kv_head=1 worker=0 block_r=0 block_c=-1 t0_us=261366952034 t1_us=261366952036 dur_us=2
FIG8_ATTENTION_EVENT mode=baseline layout=serial phase=warmup iteration=0 component=q_load component_id=1 lut_exp=0 scna_layout=0 scna_width=0 qo_len=4 kv_len=4096 n_heads=12 n_kv_heads=2 head_dim=128 kv_head=0 worker=0 block_r=0 block_c=-1 t0_us=261366952084 t1_us=261366952086 dur_us=1
FIG8_ATTENTION_EVENT mode=baseline layout=serial phase=warmup iteration=0 component=k_load component_id=2 lut_exp=0 scna_layout=0 scna_width=0 qo_len=4 kv_len=4096 n_heads=12 n_kv_heads=2 head_dim=128 kv_head=0 worker=0 block_r=0 block_c=0 t0_us=261366952088 t1_us=261366952108 dur_us=20
FIG8_ATTENTION_EVENT mode=baseline layout=serial phase=warmup iteration=0 component=qk_dot component_id=4 lut_exp=0 scna_layout=0 scna_width=0 qo_len=4 kv_len=4096 n_heads=12 n_kv_heads=2 head_dim=128 kv_head=0 worker=0 block_r=0 block_c=0 t0_us=261366952109 t1_us=261366952110 dur_us=1
FIG8_ATTENTION_EVENT mode=baseline layout=serial phase=warmup iteration=0 component=safe_sm component_id=5 lut_exp=0 scna_layout=0 scna_width=0 qo_len=4 kv_len=4096 n_heads=12 n_kv_heads=2 head_dim=128 kv_head=0 worker=0 block_r=0 block_c=0 t0_us=261366952111 t1_us=261366952148 dur_us=37
FIG8_ATTENTION_EVENT mode=baseline layout=serial phase=warmup iteration=0 component=v_load component_id=3 lut_exp=0 scna_layout=0 scna_width=0 qo_len=4 kv_len=4096 n_heads=12 n_kv_heads=2 head_dim=128 kv_head=0 worker=0 block_r=0 block_c=0 t0_us=261366952149 t1_us=261366952176 dur_us=26
FIG8_ATTENTION_EVENT mode=baseline layout=serial phase=warmup iteration=0 component=core_acc component_id=6 lut_exp=0 scna_layout=0 scna_width=0 qo_len=4 kv_len=4096 n_heads=12 n_kv_heads=2 head_dim=128 kv_head=0 worker=0 block_r=0 block_c=0 t0_us=261366952176 t1_us=261366952179 dur_us=3
FIG8_ATTENTION_EVENT mode=baseline layout=serial phase=warmup iteration=0 component=k_load component_id=2 lut_exp=0 scna_layout=0 scna_width=0 qo_len=4 kv_len=4096 n_heads=12 n_kv_heads=2 head_dim=128 kv_head=0 worker=0 block_r=0 block_c=1280 t0_us=261366952180 t1_us=261366952203 dur_us=23
FIG8_ATTENTION_EVENT mode=baseline layout=serial phase=warmup iteration=0 component=qk_dot component_id=4 lut_exp=0 scna_layout=0 scna_width=0 qo_len=4 kv_len=4096 n_heads=12 n_kv_heads=2 head_dim=128 kv_head=0 worker=0 block_r=0 block_c=1280 t0_us=261366952203 t1_us=261366952204 dur_us=0
FIG8_ATTENTION_EVENT mode=baseline layout=serial phase=warmup iteration=0 component=safe_sm component_id=5 lut_exp=0 scna_layout=0 scna_width=0 qo_len=4 kv_len=4096 n_heads=12 n_kv_heads=2 head_dim=128 kv_head=0 worker=0 block_r=0 block_c=1280 t0_us=261366952204 t1_us=261366952238 dur_us=34
FIG8_ATTENTION_EVENT mode=baseline layout=serial phase=warmup iteration=0 component=v_load component_id=3 lut_exp=0 scna_layout=0 scna_width=0 qo_len=4 kv_len=4096 n_heads=12 n_kv_heads=2 head_dim=128 kv_head=0 worker=0 block_r=0 block_c=1280 t0_us=261366952238 t1_us=261366952269 dur_us=30
FIG8_ATTENTION_EVENT mode=baseline layout=serial phase=warmup iteration=0 component=core_acc component_id=6 lut_exp=0 scna_layout=0 scna_width=0 qo_len=4 kv_len=4096 n_heads=12 n_kv_heads=2 head_dim=128 kv_head=0 worker=0 block_r=0 block_c=1280 t0_us=261366952269 t1_us=261366952269 dur_us=0
FIG8_ATTENTION_EVENT mode=baseline layout=serial phase=warmup iteration=0 component=k_load component_id=2 lut_exp=0 scna_layout=0 scna_width=0 qo_len=4 kv_len=4096 n_heads=12 n_kv_heads=2 head_dim=128 kv_head=0 worker=0 block_r=0 block_c=2560 t0_us=261366952269 t1_us=261366952290 dur_us=21
FIG8_ATTENTION_EVENT mode=baseline layout=serial phase=warmup iteration=0 component=qk_dot component_id=4 lut_exp=0 scna_layout=0 scna_width=0 qo_len=4 kv_len=4096 n_heads=12 n_kv_heads=2 head_dim=128 kv_head=0 worker=0 block_r=0 block_c=2560 t0_us=261366952290 t1_us=261366952291 dur_us=0
FIG8_ATTENTION_EVENT mode=baseline layout=serial phase=warmup iteration=0 component=safe_sm component_id=5 lut_exp=0 scna_layout=0 scna_width=0 qo_len=4 kv_len=4096 n_heads=12 n_kv_heads=2 head_dim=128 kv_head=0 worker=0 block_r=0 block_c=2560 t0_us=261366952291 t1_us=261366952326 dur_us=34
FIG8_ATTENTION_EVENT mode=baseline layout=serial phase=warmup iteration=0 component=v_load component_id=3 lut_exp=0 scna_layout=0 scna_width=0 qo_len=4 kv_len=4096 n_heads=12 n_kv_heads=2 head_dim=128 kv_head=0 worker=0 block_r=0 block_c=2560 t0_us=261366952326 t1_us=261366952354 dur_us=27
FIG8_ATTENTION_EVENT mode=baseline layout=serial phase=warmup iteration=0 component=core_acc component_id=6 lut_exp=0 scna_layout=0 scna_width=0 qo_len=4 kv_len=4096 n_heads=12 n_kv_heads=2 head_dim=128 kv_head=0 worker=0 block_r=0 block_c=2560 t0_us=261366952354 t1_us=261366952354 dur_us=0
FIG8_ATTENTION_EVENT mode=baseline layout=serial phase=warmup iteration=0 component=k_load component_id=2 lut_exp=0 scna_layout=0 scna_width=0 qo_len=4 kv_len=4096 n_heads=12 n_kv_heads=2 head_dim=128 kv_head=0 worker=0 block_r=0 block_c=3840 t0_us=261366952354 t1_us=261366952358 dur_us=4
FIG8_ATTENTION_EVENT mode=baseline layout=serial phase=warmup iteration=0 component=qk_dot component_id=4 lut_exp=0 scna_layout=0 scna_width=0 qo_len=4 kv_len=4096 n_heads=12 n_kv_heads=2 head_dim=128 kv_head=0 worker=0 block_r=0 block_c=3840 t0_us=261366952359 t1_us=261366952359 dur_us=0
FIG8_ATTENTION_EVENT mode=baseline layout=serial phase=warmup iteration=0 component=safe_sm component_id=5 lut_exp=0 scna_layout=0 scna_width=0 qo_len=4 kv_len=4096 n_heads=12 n_kv_heads=2 head_dim=128 kv_head=0 worker=0 block_r=0 block_c=3840 t0_us=261366952359 t1_us=261366952367 dur_us=8
FIG8_ATTENTION_EVENT mode=baseline layout=serial phase=warmup iteration=0 component=v_load component_id=3 lut_exp=0 scna_layout=0 scna_width=0 qo_len=4 kv_len=4096 n_heads=12 n_kv_heads=2 head_dim=128 kv_head=0 worker=0 block_r=0 block_c=3840 t0_us=261366952368 t1_us=261366952370 dur_us=2
FIG8_ATTENTION_EVENT mode=baseline layout=serial phase=warmup iteration=0 component=core_acc component_id=6 lut_exp=0 scna_layout=0 scna_width=0 qo_len=4 kv_len=4096 n_heads=12 n_kv_heads=2 head_dim=128 kv_head=0 worker=0 block_r=0 block_c=3840 t0_us=261366952370 t1_us=261366952370 dur_us=0
FIG8_ATTENTION_EVENT mode=baseline layout=serial phase=warmup iteration=0 component=o_scale component_id=7 lut_exp=0 scna_layout=0 scna_width=0 qo_len=4 kv_len=4096 n_heads=12 n_kv_heads=2 head_dim=128 kv_head=0 worker=0 block_r=0 block_c=-1 t0_us=261366952370 t1_us=261366952372 dur_us=1
FIG8_ATTENTION_EVENT mode=baseline layout=serial phase=warmup iteration=0 component=o_store component_id=8 lut_exp=0 scna_layout=0 scna_width=0 qo_len=4 kv_len=4096 n_heads=12 n_kv_heads=2 head_dim=128 kv_head=0 worker=0 block_r=0 block_c=-1 t0_us=261366952372 t1_us=261366952374 dur_us=2
FIG8_ATTENTION_EVENT mode=baseline layout=serial phase=warmup iteration=0 component=q_load component_id=1 lut_exp=0 scna_layout=0 scna_width=0 qo_len=4 kv_len=4096 n_heads=12 n_kv_heads=2 head_dim=128 kv_head=1 worker=0 block_r=0 block_c=-1 t0_us=261366952420 t1_us=261366952422 dur_us=1
FIG8_ATTENTION_EVENT mode=baseline layout=serial phase=warmup iteration=0 component=k_load component_id=2 lut_exp=0 scna_layout=0 scna_width=0 qo_len=4 kv_len=4096 n_heads=12 n_kv_heads=2 head_dim=128 kv_head=1 worker=0 block_r=0 block_c=0 t0_us=261366952423 t1_us=261366952444 dur_us=21
FIG8_ATTENTION_EVENT mode=baseline layout=serial phase=warmup iteration=0 component=qk_dot component_id=4 lut_exp=0 scna_layout=0 scna_width=0 qo_len=4 kv_len=4096 n_heads=12 n_kv_heads=2 head_dim=128 kv_head=1 worker=0 block_r=0 block_c=0 t0_us=261366952444 t1_us=261366952446 dur_us=1
FIG8_ATTENTION_EVENT mode=baseline layout=serial phase=warmup iteration=0 component=safe_sm component_id=5 lut_exp=0 scna_layout=0 scna_width=0 qo_len=4 kv_len=4096 n_heads=12 n_kv_heads=2 head_dim=128 kv_head=1 worker=0 block_r=0 block_c=0 t0_us=261366952446 t1_us=261366952483 dur_us=37
FIG8_ATTENTION_EVENT mode=baseline layout=serial phase=warmup iteration=0 component=v_load component_id=3 lut_exp=0 scna_layout=0 scna_width=0 qo_len=4 kv_len=4096 n_heads=12 n_kv_heads=2 head_dim=128 kv_head=1 worker=0 block_r=0 block_c=0 t0_us=261366952483 t1_us=261366952509 dur_us=25
FIG8_ATTENTION_EVENT mode=baseline layout=serial phase=warmup iteration=0 component=core_acc component_id=6 lut_exp=0 scna_layout=0 scna_width=0 qo_len=4 kv_len=4096 n_heads=12 n_kv_heads=2 head_dim=128 kv_head=1 worker=0 block_r=0 block_c=0 t0_us=261366952510 t1_us=261366952511 dur_us=1
FIG8_ATTENTION_EVENT mode=baseline layout=serial phase=warmup iteration=0 component=k_load component_id=2 lut_exp=0 scna_layout=0 scna_width=0 qo_len=4 kv_len=4096 n_heads=12 n_kv_heads=2 head_dim=128 kv_head=1 worker=0 block_r=0 block_c=1280 t0_us=261366952512 t1_us=261366952534 dur_us=22
FIG8_ATTENTION_EVENT mode=baseline layout=serial phase=warmup iteration=0 component=qk_dot component_id=4 lut_exp=0 scna_layout=0 scna_width=0 qo_len=4 kv_len=4096 n_heads=12 n_kv_heads=2 head_dim=128 kv_head=1 worker=0 block_r=0 block_c=1280 t0_us=261366952535 t1_us=261366952535 dur_us=0
FIG8_ATTENTION_EVENT mode=baseline layout=serial phase=warmup iteration=0 component=safe_sm component_id=5 lut_exp=0 scna_layout=0 scna_width=0 qo_len=4 kv_len=4096 n_heads=12 n_kv_heads=2 head_dim=128 kv_head=1 worker=0 block_r=0 block_c=1280 t0_us=261366952535 t1_us=261366952570 dur_us=35
FIG8_ATTENTION_EVENT mode=baseline layout=serial phase=warmup iteration=0 component=v_load component_id=3 lut_exp=0 scna_layout=0 scna_width=0 qo_len=4 kv_len=4096 n_heads=12 n_kv_heads=2 head_dim=128 kv_head=1 worker=0 block_r=0 block_c=1280 t0_us=261366952570 t1_us=261366952600 dur_us=29
FIG8_ATTENTION_EVENT mode=baseline layout=serial phase=warmup iteration=0 component=core_acc component_id=6 lut_exp=0 scna_layout=0 scna_width=0 qo_len=4 kv_len=4096 n_heads=12 n_kv_heads=2 head_dim=128 kv_head=1 worker=0 block_r=0 block_c=1280 t0_us=261366952600 t1_us=261366952600 dur_us=0
FIG8_ATTENTION_EVENT mode=baseline layout=serial phase=warmup iteration=0 component=k_load component_id=2 lut_exp=0 scna_layout=0 scna_width=0 qo_len=4 kv_len=4096 n_heads=12 n_kv_heads=2 head_dim=128 kv_head=1 worker=0 block_r=0 block_c=2560 t0_us=261366952600 t1_us=261366952621 dur_us=20
FIG8_ATTENTION_EVENT mode=baseline layout=serial phase=warmup iteration=0 component=qk_dot component_id=4 lut_exp=0 scna_layout=0 scna_width=0 qo_len=4 kv_len=4096 n_heads=12 n_kv_heads=2 head_dim=128 kv_head=1 worker=0 block_r=0 block_c=2560 t0_us=261366952621 t1_us=261366952622 dur_us=0
FIG8_ATTENTION_EVENT mode=baseline layout=serial phase=warmup iteration=0 component=safe_sm component_id=5 lut_exp=0 scna_layout=0 scna_width=0 qo_len=4 kv_len=4096 n_heads=12 n_kv_heads=2 head_dim=128 kv_head=1 worker=0 block_r=0 block_c=2560 t0_us=261366952622 t1_us=261366952657 dur_us=35
FIG8_ATTENTION_EVENT mode=baseline layout=serial phase=warmup iteration=0 component=v_load component_id=3 lut_exp=0 scna_layout=0 scna_width=0 qo_len=4 kv_len=4096 n_heads=12 n_kv_heads=2 head_dim=128 kv_head=1 worker=0 block_r=0 block_c=2560 t0_us=261366952657 t1_us=261366952693 dur_us=35
FIG8_ATTENTION_EVENT mode=baseline layout=serial phase=warmup iteration=0 component=core_acc component_id=6 lut_exp=0 scna_layout=0 scna_width=0 qo_len=4 kv_len=4096 n_heads=12 n_kv_heads=2 head_dim=128 kv_head=1 worker=0 block_r=0 block_c=2560 t0_us=261366952693 t1_us=261366952693 dur_us=0
FIG8_ATTENTION_EVENT mode=baseline layout=serial phase=warmup iteration=0 component=k_load component_id=2 lut_exp=0 scna_layout=0 scna_width=0 qo_len=4 kv_len=4096 n_heads=12 n_kv_heads=2 head_dim=128 kv_head=1 worker=0 block_r=0 block_c=3840 t0_us=261366952693 t1_us=261366952698 dur_us=4
FIG8_ATTENTION_EVENT mode=baseline layout=serial phase=warmup iteration=0 component=qk_dot component_id=4 lut_exp=0 scna_layout=0 scna_width=0 qo_len=4 kv_len=4096 n_heads=12 n_kv_heads=2 head_dim=128 kv_head=1 worker=0 block_r=0 block_c=3840 t0_us=261366952698 t1_us=261366952698 dur_us=0
FIG8_ATTENTION_EVENT mode=baseline layout=serial phase=warmup iteration=0 component=safe_sm component_id=5 lut_exp=0 scna_layout=0 scna_width=0 qo_len=4 kv_len=4096 n_heads=12 n_kv_heads=2 head_dim=128 kv_head=1 worker=0 block_r=0 block_c=3840 t0_us=261366952698 t1_us=261366952707 dur_us=8
FIG8_ATTENTION_EVENT mode=baseline layout=serial phase=warmup iteration=0 component=v_load component_id=3 lut_exp=0 scna_layout=0 scna_width=0 qo_len=4 kv_len=4096 n_heads=12 n_kv_heads=2 head_dim=128 kv_head=1 worker=0 block_r=0 block_c=3840 t0_us=261366952707 t1_us=261366952709 dur_us=2
FIG8_ATTENTION_EVENT mode=baseline layout=serial phase=warmup iteration=0 component=core_acc component_id=6 lut_exp=0 scna_layout=0 scna_width=0 qo_len=4 kv_len=4096 n_heads=12 n_kv_heads=2 head_dim=128 kv_head=1 worker=0 block_r=0 block_c=3840 t0_us=261366952709 t1_us=261366952709 dur_us=0
FIG8_ATTENTION_EVENT mode=baseline layout=serial phase=warmup iteration=0 component=o_scale component_id=7 lut_exp=0 scna_layout=0 scna_width=0 qo_len=4 kv_len=4096 n_heads=12 n_kv_heads=2 head_dim=128 kv_head=1 worker=0 block_r=0 block_c=-1 t0_us=261366952709 t1_us=261366952711 dur_us=2
FIG8_ATTENTION_EVENT mode=baseline layout=serial phase=warmup iteration=0 component=o_store component_id=8 lut_exp=0 scna_layout=0 scna_width=0 qo_len=4 kv_len=4096 n_heads=12 n_kv_heads=2 head_dim=128 kv_head=1 worker=0 block_r=0 block_c=-1 t0_us=261366952712 t1_us=261366952714 dur_us=2
FIG8_ATTENTION_EVENT mode=baseline layout=serial phase=warmup iteration=0 component=q_load component_id=1 lut_exp=0 scna_layout=0 scna_width=0 qo_len=4 kv_len=4096 n_heads=12 n_kv_heads=2 head_dim=128 kv_head=0 worker=0 block_r=0 block_c=-1 t0_us=261366952759 t1_us=261366952761 dur_us=1
FIG8_ATTENTION_EVENT mode=baseline layout=serial phase=warmup iteration=0 component=k_load component_id=2 lut_exp=0 scna_layout=0 scna_width=0 qo_len=4 kv_len=4096 n_heads=12 n_kv_heads=2 head_dim=128 kv_head=0 worker=0 block_r=0 block_c=0 t0_us=261366952762 t1_us=261366952783 dur_us=20
FIG8_ATTENTION_EVENT mode=baseline layout=serial phase=warmup iteration=0 component=qk_dot component_id=4 lut_exp=0 scna_layout=0 scna_width=0 qo_len=4 kv_len=4096 n_heads=12 n_kv_heads=2 head_dim=128 kv_head=0 worker=0 block_r=0 block_c=0 t0_us=261366952784 t1_us=261366952785 dur_us=1
FIG8_ATTENTION_EVENT mode=baseline layout=serial phase=warmup iteration=0 component=safe_sm component_id=5 lut_exp=0 scna_layout=0 scna_width=0 qo_len=4 kv_len=4096 n_heads=12 n_kv_heads=2 head_dim=128 kv_head=0 worker=0 block_r=0 block_c=0 t0_us=261366952785 t1_us=261366952822 dur_us=36
FIG8_ATTENTION_EVENT mode=baseline layout=serial phase=warmup iteration=0 component=v_load component_id=3 lut_exp=0 scna_layout=0 scna_width=0 qo_len=4 kv_len=4096 n_heads=12 n_kv_heads=2 head_dim=128 kv_head=0 worker=0 block_r=0 block_c=0 t0_us=261366952822 t1_us=261366952844 dur_us=21
FIG8_ATTENTION_EVENT mode=baseline layout=serial phase=warmup iteration=0 component=core_acc component_id=6 lut_exp=0 scna_layout=0 scna_width=0 qo_len=4 kv_len=4096 n_heads=12 n_kv_heads=2 head_dim=128 kv_head=0 worker=0 block_r=0 block_c=0 t0_us=261366952844 t1_us=261366952847 dur_us=2
FIG8_ATTENTION_EVENT mode=baseline layout=serial phase=warmup iteration=0 component=k_load component_id=2 lut_exp=0 scna_layout=0 scna_width=0 qo_len=4 kv_len=4096 n_heads=12 n_kv_heads=2 head_dim=128 kv_head=0 worker=0 block_r=0 block_c=1280 t0_us=261366952848 t1_us=261366952872 dur_us=23
FIG8_ATTENTION_EVENT mode=baseline layout=serial phase=warmup iteration=0 component=qk_dot component_id=4 lut_exp=0 scna_layout=0 scna_width=0 qo_len=4 kv_len=4096 n_heads=12 n_kv_heads=2 head_dim=128 kv_head=0 worker=0 block_r=0 block_c=1280 t0_us=261366952872 t1_us=261366952872 dur_us=0
FIG8_ATTENTION_EVENT mode=baseline layout=serial phase=warmup iteration=0 component=safe_sm component_id=5 lut_exp=0 scna_layout=0 scna_width=0 qo_len=4 kv_len=4096 n_heads=12 n_kv_heads=2 head_dim=128 kv_head=0 worker=0 block_r=0 block_c=1280 t0_us=261366952872 t1_us=261366952907 dur_us=35
FIG8_ATTENTION_EVENT mode=baseline layout=serial phase=warmup iteration=0 component=v_load component_id=3 lut_exp=0 scna_layout=0 scna_width=0 qo_len=4 kv_len=4096 n_heads=12 n_kv_heads=2 head_dim=128 kv_head=0 worker=0 block_r=0 block_c=1280 t0_us=261366952908 t1_us=261366952937 dur_us=29
FIG8_ATTENTION_EVENT mode=baseline layout=serial phase=warmup iteration=0 component=core_acc component_id=6 lut_exp=0 scna_layout=0 scna_width=0 qo_len=4 kv_len=4096 n_heads=12 n_kv_heads=2 head_dim=128 kv_head=0 worker=0 block_r=0 block_c=1280 t0_us=261366952937 t1_us=261366952937 dur_us=0
FIG8_ATTENTION_EVENT mode=baseline layout=serial phase=warmup iteration=0 component=k_load component_id=2 lut_exp=0 scna_layout=0 scna_width=0 qo_len=4 kv_len=4096 n_heads=12 n_kv_heads=2 head_dim=128 kv_head=0 worker=0 block_r=0 block_c=2560 t0_us=261366952937 t1_us=261366952958 dur_us=20
FIG8_ATTENTION_EVENT mode=baseline layout=serial phase=warmup iteration=0 component=qk_dot component_id=4 lut_exp=0 scna_layout=0 scna_width=0 qo_len=4 kv_len=4096 n_heads=12 n_kv_heads=2 head_dim=128 kv_head=0 worker=0 block_r=0 block_c=2560 t0_us=261366952958 t1_us=261366952958 dur_us=0
FIG8_ATTENTION_EVENT mode=baseline layout=serial phase=warmup iteration=0 component=safe_sm component_id=5 lut_exp=0 scna_layout=0 scna_width=0 qo_len=4 kv_len=4096 n_heads=12 n_kv_heads=2 head_dim=128 kv_head=0 worker=0 block_r=0 block_c=2560 t0_us=261366952958 t1_us=261366952994 dur_us=35
FIG8_ATTENTION_EVENT mode=baseline layout=serial phase=warmup iteration=0 component=v_load component_id=3 lut_exp=0 scna_layout=0 scna_width=0 qo_len=4 kv_len=4096 n_heads=12 n_kv_heads=2 head_dim=128 kv_head=0 worker=0 block_r=0 block_c=2560 t0_us=261366952994 t1_us=261366953028 dur_us=34
FIG8_ATTENTION_EVENT mode=baseline layout=serial phase=warmup iteration=0 component=core_acc component_id=6 lut_exp=0 scna_layout=0 scna_width=0 qo_len=4 kv_len=4096 n_heads=12 n_kv_heads=2 head_dim=128 kv_head=0 worker=0 block_r=0 block_c=2560 t0_us=261366953028 t1_us=261366953029 dur_us=0
FIG8_ATTENTION_EVENT mode=baseline layout=serial phase=warmup iteration=0 component=k_load component_id=2 lut_exp=0 scna_layout=0 scna_width=0 qo_len=4 kv_len=4096 n_heads=12 n_kv_heads=2 head_dim=128 kv_head=0 worker=0 block_r=0 block_c=3840 t0_us=261366953029 t1_us=261366953033 dur_us=4
FIG8_ATTENTION_EVENT mode=baseline layout=serial phase=warmup iteration=0 component=qk_dot component_id=4 lut_exp=0 scna_layout=0 scna_width=0 qo_len=4 kv_len=4096 n_heads=12 n_kv_heads=2 head_dim=128 kv_head=0 worker=0 block_r=0 block_c=3840 t0_us=261366953033 t1_us=261366953033 dur_us=0
FIG8_ATTENTION_EVENT mode=baseline layout=serial phase=warmup iteration=0 component=safe_sm component_id=5 lut_exp=0 scna_layout=0 scna_width=0 qo_len=4 kv_len=4096 n_heads=12 n_kv_heads=2 head_dim=128 kv_head=0 worker=0 block_r=0 block_c=3840 t0_us=261366953033 t1_us=261366953042 dur_us=8
FIG8_ATTENTION_EVENT mode=baseline layout=serial phase=warmup iteration=0 component=v_load component_id=3 lut_exp=0 scna_layout=0 scna_width=0 qo_len=4 kv_len=4096 n_heads=12 n_kv_heads=2 head_dim=128 kv_head=0 worker=0 block_r=0 block_c=3840 t0_us=261366953042 t1_us=261366953044 dur_us=2
FIG8_ATTENTION_EVENT mode=baseline layout=serial phase=warmup iteration=0 component=core_acc component_id=6 lut_exp=0 scna_layout=0 scna_width=0 qo_len=4 kv_len=4096 n_heads=12 n_kv_heads=2 head_dim=128 kv_head=0 worker=0 block_r=0 block_c=3840 t0_us=261366953045 t1_us=261366953045 dur_us=0
FIG8_ATTENTION_EVENT mode=baseline layout=serial phase=warmup iteration=0 component=o_scale component_id=7 lut_exp=0 scna_layout=0 scna_width=0 qo_len=4 kv_len=4096 n_heads=12 n_kv_heads=2 head_dim=128 kv_head=0 worker=0 block_r=0 block_c=-1 t0_us=261366953045 t1_us=261366953047 dur_us=1
FIG8_ATTENTION_EVENT mode=baseline layout=serial phase=warmup iteration=0 component=o_store component_id=8 lut_exp=0 scna_layout=0 scna_width=0 qo_len=4 kv_len=4096 n_heads=12 n_kv_heads=2 head_dim=128 kv_head=0 worker=0 block_r=0 block_c=-1 t0_us=261366953047 t1_us=261366953051 dur_us=3
FIG8_ATTENTION_EVENT mode=baseline layout=serial phase=warmup iteration=0 component=q_load component_id=1 lut_exp=0 scna_layout=0 scna_width=0 qo_len=4 kv_len=4096 n_heads=12 n_kv_heads=2 head_dim=128 kv_head=1 worker=0 block_r=0 block_c=-1 t0_us=261366953096 t1_us=261366953098 dur_us=2
FIG8_ATTENTION_EVENT mode=baseline layout=serial phase=warmup iteration=0 component=k_load component_id=2 lut_exp=0 scna_layout=0 scna_width=0 qo_len=4 kv_len=4096 n_heads=12 n_kv_heads=2 head_dim=128 kv_head=1 worker=0 block_r=0 block_c=0 t0_us=261366953099 t1_us=261366953121 dur_us=21
FIG8_ATTENTION_EVENT mode=baseline layout=serial phase=warmup iteration=0 component=qk_dot component_id=4 lut_exp=0 scna_layout=0 scna_width=0 qo_len=4 kv_len=4096 n_heads=12 n_kv_heads=2 head_dim=128 kv_head=1 worker=0 block_r=0 block_c=0 t0_us=261366953122 t1_us=261366953123 dur_us=1
FIG8_ATTENTION_EVENT mode=baseline layout=serial phase=warmup iteration=0 component=safe_sm component_id=5 lut_exp=0 scna_layout=0 scna_width=0 qo_len=4 kv_len=4096 n_heads=12 n_kv_heads=2 head_dim=128 kv_head=1 worker=0 block_r=0 block_c=0 t0_us=261366953123 t1_us=261366953160 dur_us=36
FIG8_ATTENTION_EVENT mode=baseline layout=serial phase=warmup iteration=0 component=v_load component_id=3 lut_exp=0 scna_layout=0 scna_width=0 qo_len=4 kv_len=4096 n_heads=12 n_kv_heads=2 head_dim=128 kv_head=1 worker=0 block_r=0 block_c=0 t0_us=261366953160 t1_us=261366953179 dur_us=19
FIG8_ATTENTION_EVENT mode=baseline layout=serial phase=warmup iteration=0 component=core_acc component_id=6 lut_exp=0 scna_layout=0 scna_width=0 qo_len=4 kv_len=4096 n_heads=12 n_kv_heads=2 head_dim=128 kv_head=1 worker=0 block_r=0 block_c=0 t0_us=261366953180 t1_us=261366953182 dur_us=1
FIG8_ATTENTION_EVENT mode=baseline layout=serial phase=warmup iteration=0 component=k_load component_id=2 lut_exp=0 scna_layout=0 scna_width=0 qo_len=4 kv_len=4096 n_heads=12 n_kv_heads=2 head_dim=128 kv_head=1 worker=0 block_r=0 block_c=1280 t0_us=261366953183 t1_us=261366953206 dur_us=23
FIG8_ATTENTION_EVENT mode=baseline layout=serial phase=warmup iteration=0 component=qk_dot component_id=4 lut_exp=0 scna_layout=0 scna_width=0 qo_len=4 kv_len=4096 n_heads=12 n_kv_heads=2 head_dim=128 kv_head=1 worker=0 block_r=0 block_c=1280 t0_us=261366953206 t1_us=261366953207 dur_us=0
FIG8_ATTENTION_EVENT mode=baseline layout=serial phase=warmup iteration=0 component=safe_sm component_id=5 lut_exp=0 scna_layout=0 scna_width=0 qo_len=4 kv_len=4096 n_heads=12 n_kv_heads=2 head_dim=128 kv_head=1 worker=0 block_r=0 block_c=1280 t0_us=261366953207 t1_us=261366953242 dur_us=35
FIG8_ATTENTION_EVENT mode=baseline layout=serial phase=warmup iteration=0 component=v_load component_id=3 lut_exp=0 scna_layout=0 scna_width=0 qo_len=4 kv_len=4096 n_heads=12 n_kv_heads=2 head_dim=128 kv_head=1 worker=0 block_r=0 block_c=1280 t0_us=261366953242 t1_us=261366953274 dur_us=31
FIG8_ATTENTION_EVENT mode=baseline layout=serial phase=warmup iteration=0 component=core_acc component_id=6 lut_exp=0 scna_layout=0 scna_width=0 qo_len=4 kv_len=4096 n_heads=12 n_kv_heads=2 head_dim=128 kv_head=1 worker=0 block_r=0 block_c=1280 t0_us=261366953274 t1_us=261366953274 dur_us=0
FIG8_ATTENTION_EVENT mode=baseline layout=serial phase=warmup iteration=0 component=k_load component_id=2 lut_exp=0 scna_layout=0 scna_width=0 qo_len=4 kv_len=4096 n_heads=12 n_kv_heads=2 head_dim=128 kv_head=1 worker=0 block_r=0 block_c=2560 t0_us=261366953274 t1_us=261366953296 dur_us=21
FIG8_ATTENTION_EVENT mode=baseline layout=serial phase=warmup iteration=0 component=qk_dot component_id=4 lut_exp=0 scna_layout=0 scna_width=0 qo_len=4 kv_len=4096 n_heads=12 n_kv_heads=2 head_dim=128 kv_head=1 worker=0 block_r=0 block_c=2560 t0_us=261366953296 t1_us=261366953296 dur_us=0
FIG8_ATTENTION_EVENT mode=baseline layout=serial phase=warmup iteration=0 component=safe_sm component_id=5 lut_exp=0 scna_layout=0 scna_width=0 qo_len=4 kv_len=4096 n_heads=12 n_kv_heads=2 head_dim=128 kv_head=1 worker=0 block_r=0 block_c=2560 t0_us=261366953296 t1_us=261366953332 dur_us=35
FIG8_ATTENTION_EVENT mode=baseline layout=serial phase=warmup iteration=0 component=v_load component_id=3 lut_exp=0 scna_layout=0 scna_width=0 qo_len=4 kv_len=4096 n_heads=12 n_kv_heads=2 head_dim=128 kv_head=1 worker=0 block_r=0 block_c=2560 t0_us=261366953332 t1_us=261366953365 dur_us=33
FIG8_ATTENTION_EVENT mode=baseline layout=serial phase=warmup iteration=0 component=core_acc component_id=6 lut_exp=0 scna_layout=0 scna_width=0 qo_len=4 kv_len=4096 n_heads=12 n_kv_heads=2 head_dim=128 kv_head=1 worker=0 block_r=0 block_c=2560 t0_us=261366953365 t1_us=261366953365 dur_us=0
FIG8_ATTENTION_EVENT mode=baseline layout=serial phase=warmup iteration=0 component=k_load component_id=2 lut_exp=0 scna_layout=0 scna_width=0 qo_len=4 kv_len=4096 n_heads=12 n_kv_heads=2 head_dim=128 kv_head=1 worker=0 block_r=0 block_c=3840 t0_us=261366953365 t1_us=261366953370 dur_us=4
FIG8_ATTENTION_EVENT mode=baseline layout=serial phase=warmup iteration=0 component=qk_dot component_id=4 lut_exp=0 scna_layout=0 scna_width=0 qo_len=4 kv_len=4096 n_heads=12 n_kv_heads=2 head_dim=128 kv_head=1 worker=0 block_r=0 block_c=3840 t0_us=261366953370 t1_us=261366953370 dur_us=0
FIG8_ATTENTION_EVENT mode=baseline layout=serial phase=warmup iteration=0 component=safe_sm component_id=5 lut_exp=0 scna_layout=0 scna_width=0 qo_len=4 kv_len=4096 n_heads=12 n_kv_heads=2 head_dim=128 kv_head=1 worker=0 block_r=0 block_c=3840 t0_us=261366953370 t1_us=261366953379 dur_us=9
FIG8_ATTENTION_EVENT mode=baseline layout=serial phase=warmup iteration=0 component=v_load component_id=3 lut_exp=0 scna_layout=0 scna_width=0 qo_len=4 kv_len=4096 n_heads=12 n_kv_heads=2 head_dim=128 kv_head=1 worker=0 block_r=0 block_c=3840 t0_us=261366953379 t1_us=261366953381 dur_us=2
FIG8_ATTENTION_EVENT mode=baseline layout=serial phase=warmup iteration=0 component=core_acc component_id=6 lut_exp=0 scna_layout=0 scna_width=0 qo_len=4 kv_len=4096 n_heads=12 n_kv_heads=2 head_dim=128 kv_head=1 worker=0 block_r=0 block_c=3840 t0_us=261366953381 t1_us=261366953381 dur_us=0
FIG8_ATTENTION_EVENT mode=baseline layout=serial phase=warmup iteration=0 component=o_scale component_id=7 lut_exp=0 scna_layout=0 scna_width=0 qo_len=4 kv_len=4096 n_heads=12 n_kv_heads=2 head_dim=128 kv_head=1 worker=0 block_r=0 block_c=-1 t0_us=261366953382 t1_us=261366953384 dur_us=2
FIG8_ATTENTION_EVENT mode=baseline layout=serial phase=warmup iteration=0 component=o_store component_id=8 lut_exp=0 scna_layout=0 scna_width=0 qo_len=4 kv_len=4096 n_heads=12 n_kv_heads=2 head_dim=128 kv_head=1 worker=0 block_r=0 block_c=-1 t0_us=261366953384 t1_us=261366953387 dur_us=2
FIG8_ATTENTION_EVENT mode=baseline layout=serial phase=warmup iteration=0 component=q_load component_id=1 lut_exp=0 scna_layout=0 scna_width=0 qo_len=4 kv_len=4096 n_heads=12 n_kv_heads=2 head_dim=128 kv_head=0 worker=0 block_r=0 block_c=-1 t0_us=261366953434 t1_us=261366953436 dur_us=1
FIG8_ATTENTION_EVENT mode=baseline layout=serial phase=warmup iteration=0 component=k_load component_id=2 lut_exp=0 scna_layout=0 scna_width=0 qo_len=4 kv_len=4096 n_heads=12 n_kv_heads=2 head_dim=128 kv_head=0 worker=0 block_r=0 block_c=0 t0_us=261366953437 t1_us=261366953458 dur_us=21
FIG8_ATTENTION_EVENT mode=baseline layout=serial phase=warmup iteration=0 component=qk_dot component_id=4 lut_exp=0 scna_layout=0 scna_width=0 qo_len=4 kv_len=4096 n_heads=12 n_kv_heads=2 head_dim=128 kv_head=0 worker=0 block_r=0 block_c=0 t0_us=261366953459 t1_us=261366953460 dur_us=0
FIG8_ATTENTION_EVENT mode=baseline layout=serial phase=warmup iteration=0 component=safe_sm component_id=5 lut_exp=0 scna_layout=0 scna_width=0 qo_len=4 kv_len=4096 n_heads=12 n_kv_heads=2 head_dim=128 kv_head=0 worker=0 block_r=0 block_c=0 t0_us=261366953460 t1_us=261366953498 dur_us=37
FIG8_ATTENTION_EVENT mode=baseline layout=serial phase=warmup iteration=0 component=v_load component_id=3 lut_exp=0 scna_layout=0 scna_width=0 qo_len=4 kv_len=4096 n_heads=12 n_kv_heads=2 head_dim=128 kv_head=0 worker=0 block_r=0 block_c=0 t0_us=261366953498 t1_us=261366953517 dur_us=18
FIG8_ATTENTION_EVENT mode=baseline layout=serial phase=warmup iteration=0 component=core_acc component_id=6 lut_exp=0 scna_layout=0 scna_width=0 qo_len=4 kv_len=4096 n_heads=12 n_kv_heads=2 head_dim=128 kv_head=0 worker=0 block_r=0 block_c=0 t0_us=261366953517 t1_us=261366953521 dur_us=4
FIG8_ATTENTION_EVENT mode=baseline layout=serial phase=warmup iteration=0 component=k_load component_id=2 lut_exp=0 scna_layout=0 scna_width=0 qo_len=4 kv_len=4096 n_heads=12 n_kv_heads=2 head_dim=128 kv_head=0 worker=0 block_r=0 block_c=1280 t0_us=261366953522 t1_us=261366953544 dur_us=22
FIG8_ATTENTION_EVENT mode=baseline layout=serial phase=warmup iteration=0 component=qk_dot component_id=4 lut_exp=0 scna_layout=0 scna_width=0 qo_len=4 kv_len=4096 n_heads=12 n_kv_heads=2 head_dim=128 kv_head=0 worker=0 block_r=0 block_c=1280 t0_us=261366953544 t1_us=261366953545 dur_us=0
FIG8_ATTENTION_EVENT mode=baseline layout=serial phase=warmup iteration=0 component=safe_sm component_id=5 lut_exp=0 scna_layout=0 scna_width=0 qo_len=4 kv_len=4096 n_heads=12 n_kv_heads=2 head_dim=128 kv_head=0 worker=0 block_r=0 block_c=1280 t0_us=261366953545 t1_us=261366953581 dur_us=35
FIG8_ATTENTION_EVENT mode=baseline layout=serial phase=warmup iteration=0 component=v_load component_id=3 lut_exp=0 scna_layout=0 scna_width=0 qo_len=4 kv_len=4096 n_heads=12 n_kv_heads=2 head_dim=128 kv_head=0 worker=0 block_r=0 block_c=1280 t0_us=261366953581 t1_us=261366953612 dur_us=31
FIG8_ATTENTION_EVENT mode=baseline layout=serial phase=warmup iteration=0 component=core_acc component_id=6 lut_exp=0 scna_layout=0 scna_width=0 qo_len=4 kv_len=4096 n_heads=12 n_kv_heads=2 head_dim=128 kv_head=0 worker=0 block_r=0 block_c=1280 t0_us=261366953612 t1_us=261366953612 dur_us=0
FIG8_ATTENTION_EVENT mode=baseline layout=serial phase=warmup iteration=0 component=k_load component_id=2 lut_exp=0 scna_layout=0 scna_width=0 qo_len=4 kv_len=4096 n_heads=12 n_kv_heads=2 head_dim=128 kv_head=0 worker=0 block_r=0 block_c=2560 t0_us=261366953612 t1_us=261366953633 dur_us=20
FIG8_ATTENTION_EVENT mode=baseline layout=serial phase=warmup iteration=0 component=qk_dot component_id=4 lut_exp=0 scna_layout=0 scna_width=0 qo_len=4 kv_len=4096 n_heads=12 n_kv_heads=2 head_dim=128 kv_head=0 worker=0 block_r=0 block_c=2560 t0_us=261366953633 t1_us=261366953633 dur_us=0
FIG8_ATTENTION_EVENT mode=baseline layout=serial phase=warmup iteration=0 component=safe_sm component_id=5 lut_exp=0 scna_layout=0 scna_width=0 qo_len=4 kv_len=4096 n_heads=12 n_kv_heads=2 head_dim=128 kv_head=0 worker=0 block_r=0 block_c=2560 t0_us=261366953633 t1_us=261366953669 dur_us=35
FIG8_ATTENTION_EVENT mode=baseline layout=serial phase=warmup iteration=0 component=v_load component_id=3 lut_exp=0 scna_layout=0 scna_width=0 qo_len=4 kv_len=4096 n_heads=12 n_kv_heads=2 head_dim=128 kv_head=0 worker=0 block_r=0 block_c=2560 t0_us=261366953669 t1_us=261366953704 dur_us=34
FIG8_ATTENTION_EVENT mode=baseline layout=serial phase=warmup iteration=0 component=core_acc component_id=6 lut_exp=0 scna_layout=0 scna_width=0 qo_len=4 kv_len=4096 n_heads=12 n_kv_heads=2 head_dim=128 kv_head=0 worker=0 block_r=0 block_c=2560 t0_us=261366953704 t1_us=261366953704 dur_us=0
FIG8_ATTENTION_EVENT mode=baseline layout=serial phase=warmup iteration=0 component=k_load component_id=2 lut_exp=0 scna_layout=0 scna_width=0 qo_len=4 kv_len=4096 n_heads=12 n_kv_heads=2 head_dim=128 kv_head=0 worker=0 block_r=0 block_c=3840 t0_us=261366953704 t1_us=261366953709 dur_us=4
FIG8_ATTENTION_EVENT mode=baseline layout=serial phase=warmup iteration=0 component=qk_dot component_id=4 lut_exp=0 scna_layout=0 scna_width=0 qo_len=4 kv_len=4096 n_heads=12 n_kv_heads=2 head_dim=128 kv_head=0 worker=0 block_r=0 block_c=3840 t0_us=261366953709 t1_us=261366953709 dur_us=0
FIG8_ATTENTION_EVENT mode=baseline layout=serial phase=warmup iteration=0 component=safe_sm component_id=5 lut_exp=0 scna_layout=0 scna_width=0 qo_len=4 kv_len=4096 n_heads=12 n_kv_heads=2 head_dim=128 kv_head=0 worker=0 block_r=0 block_c=3840 t0_us=261366953709 t1_us=261366953718 dur_us=9
FIG8_ATTENTION_EVENT mode=baseline layout=serial phase=warmup iteration=0 component=v_load component_id=3 lut_exp=0 scna_layout=0 scna_width=0 qo_len=4 kv_len=4096 n_heads=12 n_kv_heads=2 head_dim=128 kv_head=0 worker=0 block_r=0 block_c=3840 t0_us=261366953718 t1_us=261366953720 dur_us=2
FIG8_ATTENTION_EVENT mode=baseline layout=serial phase=warmup iteration=0 component=core_acc component_id=6 lut_exp=0 scna_layout=0 scna_width=0 qo_len=4 kv_len=4096 n_heads=12 n_kv_heads=2 head_dim=128 kv_head=0 worker=0 block_r=0 block_c=3840 t0_us=261366953720 t1_us=261366953720 dur_us=0
FIG8_ATTENTION_EVENT mode=baseline layout=serial phase=warmup iteration=0 component=o_scale component_id=7 lut_exp=0 scna_layout=0 scna_width=0 qo_len=4 kv_len=4096 n_heads=12 n_kv_heads=2 head_dim=128 kv_head=0 worker=0 block_r=0 block_c=-1 t0_us=261366953721 t1_us=261366953723 dur_us=1
FIG8_ATTENTION_EVENT mode=baseline layout=serial phase=warmup iteration=0 component=o_store component_id=8 lut_exp=0 scna_layout=0 scna_width=0 qo_len=4 kv_len=4096 n_heads=12 n_kv_heads=2 head_dim=128 kv_head=0 worker=0 block_r=0 block_c=-1 t0_us=261366953723 t1_us=261366953725 dur_us=1
FIG8_ATTENTION_EVENT mode=baseline layout=serial phase=warmup iteration=0 component=q_load component_id=1 lut_exp=0 scna_layout=0 scna_width=0 qo_len=4 kv_len=4096 n_heads=12 n_kv_heads=2 head_dim=128 kv_head=1 worker=0 block_r=0 block_c=-1 t0_us=261366953770 t1_us=261366953772 dur_us=2
FIG8_ATTENTION_EVENT mode=baseline layout=serial phase=warmup iteration=0 component=k_load component_id=2 lut_exp=0 scna_layout=0 scna_width=0 qo_len=4 kv_len=4096 n_heads=12 n_kv_heads=2 head_dim=128 kv_head=1 worker=0 block_r=0 block_c=0 t0_us=261366953773 t1_us=261366953794 dur_us=21
FIG8_ATTENTION_EVENT mode=baseline layout=serial phase=warmup iteration=0 component=qk_dot component_id=4 lut_exp=0 scna_layout=0 scna_width=0 qo_len=4 kv_len=4096 n_heads=12 n_kv_heads=2 head_dim=128 kv_head=1 worker=0 block_r=0 block_c=0 t0_us=261366953795 t1_us=261366953797 dur_us=1
FIG8_ATTENTION_EVENT mode=baseline layout=serial phase=warmup iteration=0 component=safe_sm component_id=5 lut_exp=0 scna_layout=0 scna_width=0 qo_len=4 kv_len=4096 n_heads=12 n_kv_heads=2 head_dim=128 kv_head=1 worker=0 block_r=0 block_c=0 t0_us=261366953797 t1_us=261366953834 dur_us=37
FIG8_ATTENTION_EVENT mode=baseline layout=serial phase=warmup iteration=0 component=v_load component_id=3 lut_exp=0 scna_layout=0 scna_width=0 qo_len=4 kv_len=4096 n_heads=12 n_kv_heads=2 head_dim=128 kv_head=1 worker=0 block_r=0 block_c=0 t0_us=261366953835 t1_us=261366953857 dur_us=22
FIG8_ATTENTION_EVENT mode=baseline layout=serial phase=warmup iteration=0 component=core_acc component_id=6 lut_exp=0 scna_layout=0 scna_width=0 qo_len=4 kv_len=4096 n_heads=12 n_kv_heads=2 head_dim=128 kv_head=1 worker=0 block_r=0 block_c=0 t0_us=261366953858 t1_us=261366953861 dur_us=2
FIG8_ATTENTION_EVENT mode=baseline layout=serial phase=warmup iteration=0 component=k_load component_id=2 lut_exp=0 scna_layout=0 scna_width=0 qo_len=4 kv_len=4096 n_heads=12 n_kv_heads=2 head_dim=128 kv_head=1 worker=0 block_r=0 block_c=1280 t0_us=261366953861 t1_us=261366953884 dur_us=22
FIG8_ATTENTION_EVENT mode=baseline layout=serial phase=warmup iteration=0 component=qk_dot component_id=4 lut_exp=0 scna_layout=0 scna_width=0 qo_len=4 kv_len=4096 n_heads=12 n_kv_heads=2 head_dim=128 kv_head=1 worker=0 block_r=0 block_c=1280 t0_us=261366953885 t1_us=261366953885 dur_us=0
FIG8_ATTENTION_EVENT mode=baseline layout=serial phase=warmup iteration=0 component=safe_sm component_id=5 lut_exp=0 scna_layout=0 scna_width=0 qo_len=4 kv_len=4096 n_heads=12 n_kv_heads=2 head_dim=128 kv_head=1 worker=0 block_r=0 block_c=1280 t0_us=261366953885 t1_us=261366953921 dur_us=35
FIG8_ATTENTION_EVENT mode=baseline layout=serial phase=warmup iteration=0 component=v_load component_id=3 lut_exp=0 scna_layout=0 scna_width=0 qo_len=4 kv_len=4096 n_heads=12 n_kv_heads=2 head_dim=128 kv_head=1 worker=0 block_r=0 block_c=1280 t0_us=261366953921 t1_us=261366953955 dur_us=34
FIG8_ATTENTION_EVENT mode=baseline layout=serial phase=warmup iteration=0 component=core_acc component_id=6 lut_exp=0 scna_layout=0 scna_width=0 qo_len=4 kv_len=4096 n_heads=12 n_kv_heads=2 head_dim=128 kv_head=1 worker=0 block_r=0 block_c=1280 t0_us=261366953955 t1_us=261366953955 dur_us=0
FIG8_ATTENTION_EVENT mode=baseline layout=serial phase=warmup iteration=0 component=k_load component_id=2 lut_exp=0 scna_layout=0 scna_width=0 qo_len=4 kv_len=4096 n_heads=12 n_kv_heads=2 head_dim=128 kv_head=1 worker=0 block_r=0 block_c=2560 t0_us=261366953955 t1_us=261366953976 dur_us=20
FIG8_ATTENTION_EVENT mode=baseline layout=serial phase=warmup iteration=0 component=qk_dot component_id=4 lut_exp=0 scna_layout=0 scna_width=0 qo_len=4 kv_len=4096 n_heads=12 n_kv_heads=2 head_dim=128 kv_head=1 worker=0 block_r=0 block_c=2560 t0_us=261366953976 t1_us=261366953976 dur_us=0
FIG8_ATTENTION_EVENT mode=baseline layout=serial phase=warmup iteration=0 component=safe_sm component_id=5 lut_exp=0 scna_layout=0 scna_width=0 qo_len=4 kv_len=4096 n_heads=12 n_kv_heads=2 head_dim=128 kv_head=1 worker=0 block_r=0 block_c=2560 t0_us=261366953977 t1_us=261366954013 dur_us=35
FIG8_ATTENTION_EVENT mode=baseline layout=serial phase=warmup iteration=0 component=v_load component_id=3 lut_exp=0 scna_layout=0 scna_width=0 qo_len=4 kv_len=4096 n_heads=12 n_kv_heads=2 head_dim=128 kv_head=1 worker=0 block_r=0 block_c=2560 t0_us=261366954013 t1_us=261366954046 dur_us=33
FIG8_ATTENTION_EVENT mode=baseline layout=serial phase=warmup iteration=0 component=core_acc component_id=6 lut_exp=0 scna_layout=0 scna_width=0 qo_len=4 kv_len=4096 n_heads=12 n_kv_heads=2 head_dim=128 kv_head=1 worker=0 block_r=0 block_c=2560 t0_us=261366954046 t1_us=261366954046 dur_us=0
FIG8_ATTENTION_EVENT mode=baseline layout=serial phase=warmup iteration=0 component=k_load component_id=2 lut_exp=0 scna_layout=0 scna_width=0 qo_len=4 kv_len=4096 n_heads=12 n_kv_heads=2 head_dim=128 kv_head=1 worker=0 block_r=0 block_c=3840 t0_us=261366954046 t1_us=261366954051 dur_us=4
FIG8_ATTENTION_EVENT mode=baseline layout=serial phase=warmup iteration=0 component=qk_dot component_id=4 lut_exp=0 scna_layout=0 scna_width=0 qo_len=4 kv_len=4096 n_heads=12 n_kv_heads=2 head_dim=128 kv_head=1 worker=0 block_r=0 block_c=3840 t0_us=261366954051 t1_us=261366954051 dur_us=0
FIG8_ATTENTION_EVENT mode=baseline layout=serial phase=warmup iteration=0 component=safe_sm component_id=5 lut_exp=0 scna_layout=0 scna_width=0 qo_len=4 kv_len=4096 n_heads=12 n_kv_heads=2 head_dim=128 kv_head=1 worker=0 block_r=0 block_c=3840 t0_us=261366954051 t1_us=261366954060 dur_us=9
FIG8_ATTENTION_EVENT mode=baseline layout=serial phase=warmup iteration=0 component=v_load component_id=3 lut_exp=0 scna_layout=0 scna_width=0 qo_len=4 kv_len=4096 n_heads=12 n_kv_heads=2 head_dim=128 kv_head=1 worker=0 block_r=0 block_c=3840 t0_us=261366954060 t1_us=261366954062 dur_us=2
FIG8_ATTENTION_EVENT mode=baseline layout=serial phase=warmup iteration=0 component=core_acc component_id=6 lut_exp=0 scna_layout=0 scna_width=0 qo_len=4 kv_len=4096 n_heads=12 n_kv_heads=2 head_dim=128 kv_head=1 worker=0 block_r=0 block_c=3840 t0_us=261366954062 t1_us=261366954063 dur_us=0
FIG8_ATTENTION_EVENT mode=baseline layout=serial phase=warmup iteration=0 component=o_scale component_id=7 lut_exp=0 scna_layout=0 scna_width=0 qo_len=4 kv_len=4096 n_heads=12 n_kv_heads=2 head_dim=128 kv_head=1 worker=0 block_r=0 block_c=-1 t0_us=261366954063 t1_us=261366954065 dur_us=2
FIG8_ATTENTION_EVENT mode=baseline layout=serial phase=warmup iteration=0 component=o_store component_id=8 lut_exp=0 scna_layout=0 scna_width=0 qo_len=4 kv_len=4096 n_heads=12 n_kv_heads=2 head_dim=128 kv_head=1 worker=0 block_r=0 block_c=-1 t0_us=261366954065 t1_us=261366954067 dur_us=2
FIG8_ATTENTION_EVENT mode=baseline layout=serial phase=warmup iteration=0 component=q_load component_id=1 lut_exp=0 scna_layout=0 scna_width=0 qo_len=4 kv_len=4096 n_heads=12 n_kv_heads=2 head_dim=128 kv_head=0 worker=0 block_r=0 block_c=-1 t0_us=261366954113 t1_us=261366954114 dur_us=1
FIG8_ATTENTION_EVENT mode=baseline layout=serial phase=warmup iteration=0 component=k_load component_id=2 lut_exp=0 scna_layout=0 scna_width=0 qo_len=4 kv_len=4096 n_heads=12 n_kv_heads=2 head_dim=128 kv_head=0 worker=0 block_r=0 block_c=0 t0_us=261366954116 t1_us=261366954137 dur_us=21
FIG8_ATTENTION_EVENT mode=baseline layout=serial phase=warmup iteration=0 component=qk_dot component_id=4 lut_exp=0 scna_layout=0 scna_width=0 qo_len=4 kv_len=4096 n_heads=12 n_kv_heads=2 head_dim=128 kv_head=0 worker=0 block_r=0 block_c=0 t0_us=261366954138 t1_us=261366954139 dur_us=0
FIG8_ATTENTION_EVENT mode=baseline layout=serial phase=warmup iteration=0 component=safe_sm component_id=5 lut_exp=0 scna_layout=0 scna_width=0 qo_len=4 kv_len=4096 n_heads=12 n_kv_heads=2 head_dim=128 kv_head=0 worker=0 block_r=0 block_c=0 t0_us=261366954140 t1_us=261366954178 dur_us=38
FIG8_ATTENTION_EVENT mode=baseline layout=serial phase=warmup iteration=0 component=v_load component_id=3 lut_exp=0 scna_layout=0 scna_width=0 qo_len=4 kv_len=4096 n_heads=12 n_kv_heads=2 head_dim=128 kv_head=0 worker=0 block_r=0 block_c=0 t0_us=261366954178 t1_us=261366954200 dur_us=21
FIG8_ATTENTION_EVENT mode=baseline layout=serial phase=warmup iteration=0 component=core_acc component_id=6 lut_exp=0 scna_layout=0 scna_width=0 qo_len=4 kv_len=4096 n_heads=12 n_kv_heads=2 head_dim=128 kv_head=0 worker=0 block_r=0 block_c=0 t0_us=261366954200 t1_us=261366954203 dur_us=2
FIG8_ATTENTION_EVENT mode=baseline layout=serial phase=warmup iteration=0 component=k_load component_id=2 lut_exp=0 scna_layout=0 scna_width=0 qo_len=4 kv_len=4096 n_heads=12 n_kv_heads=2 head_dim=128 kv_head=0 worker=0 block_r=0 block_c=1280 t0_us=261366954203 t1_us=261366954226 dur_us=22
FIG8_ATTENTION_EVENT mode=baseline layout=serial phase=warmup iteration=0 component=qk_dot component_id=4 lut_exp=0 scna_layout=0 scna_width=0 qo_len=4 kv_len=4096 n_heads=12 n_kv_heads=2 head_dim=128 kv_head=0 worker=0 block_r=0 block_c=1280 t0_us=261366954226 t1_us=261366954226 dur_us=0
FIG8_ATTENTION_EVENT mode=baseline layout=serial phase=warmup iteration=0 component=safe_sm component_id=5 lut_exp=0 scna_layout=0 scna_width=0 qo_len=4 kv_len=4096 n_heads=12 n_kv_heads=2 head_dim=128 kv_head=0 worker=0 block_r=0 block_c=1280 t0_us=261366954226 t1_us=261366954262 dur_us=35
FIG8_ATTENTION_EVENT mode=baseline layout=serial phase=warmup iteration=0 component=v_load component_id=3 lut_exp=0 scna_layout=0 scna_width=0 qo_len=4 kv_len=4096 n_heads=12 n_kv_heads=2 head_dim=128 kv_head=0 worker=0 block_r=0 block_c=1280 t0_us=261366954262 t1_us=261366954294 dur_us=32
FIG8_ATTENTION_EVENT mode=baseline layout=serial phase=warmup iteration=0 component=core_acc component_id=6 lut_exp=0 scna_layout=0 scna_width=0 qo_len=4 kv_len=4096 n_heads=12 n_kv_heads=2 head_dim=128 kv_head=0 worker=0 block_r=0 block_c=1280 t0_us=261366954294 t1_us=261366954294 dur_us=0
FIG8_ATTENTION_EVENT mode=baseline layout=serial phase=warmup iteration=0 component=k_load component_id=2 lut_exp=0 scna_layout=0 scna_width=0 qo_len=4 kv_len=4096 n_heads=12 n_kv_heads=2 head_dim=128 kv_head=0 worker=0 block_r=0 block_c=2560 t0_us=261366954294 t1_us=261366954315 dur_us=20
FIG8_ATTENTION_EVENT mode=baseline layout=serial phase=warmup iteration=0 component=qk_dot component_id=4 lut_exp=0 scna_layout=0 scna_width=0 qo_len=4 kv_len=4096 n_heads=12 n_kv_heads=2 head_dim=128 kv_head=0 worker=0 block_r=0 block_c=2560 t0_us=261366954315 t1_us=261366954316 dur_us=0
FIG8_ATTENTION_EVENT mode=baseline layout=serial phase=warmup iteration=0 component=safe_sm component_id=5 lut_exp=0 scna_layout=0 scna_width=0 qo_len=4 kv_len=4096 n_heads=12 n_kv_heads=2 head_dim=128 kv_head=0 worker=0 block_r=0 block_c=2560 t0_us=261366954316 t1_us=261366954351 dur_us=35
FIG8_ATTENTION_EVENT mode=baseline layout=serial phase=warmup iteration=0 component=v_load component_id=3 lut_exp=0 scna_layout=0 scna_width=0 qo_len=4 kv_len=4096 n_heads=12 n_kv_heads=2 head_dim=128 kv_head=0 worker=0 block_r=0 block_c=2560 t0_us=261366954351 t1_us=261366954386 dur_us=34
FIG8_ATTENTION_EVENT mode=baseline layout=serial phase=warmup iteration=0 component=core_acc component_id=6 lut_exp=0 scna_layout=0 scna_width=0 qo_len=4 kv_len=4096 n_heads=12 n_kv_heads=2 head_dim=128 kv_head=0 worker=0 block_r=0 block_c=2560 t0_us=261366954386 t1_us=261366954386 dur_us=0
FIG8_ATTENTION_EVENT mode=baseline layout=serial phase=warmup iteration=0 component=k_load component_id=2 lut_exp=0 scna_layout=0 scna_width=0 qo_len=4 kv_len=4096 n_heads=12 n_kv_heads=2 head_dim=128 kv_head=0 worker=0 block_r=0 block_c=3840 t0_us=261366954386 t1_us=261366954390 dur_us=4
FIG8_ATTENTION_EVENT mode=baseline layout=serial phase=warmup iteration=0 component=qk_dot component_id=4 lut_exp=0 scna_layout=0 scna_width=0 qo_len=4 kv_len=4096 n_heads=12 n_kv_heads=2 head_dim=128 kv_head=0 worker=0 block_r=0 block_c=3840 t0_us=261366954390 t1_us=261366954391 dur_us=0
FIG8_ATTENTION_EVENT mode=baseline layout=serial phase=warmup iteration=0 component=safe_sm component_id=5 lut_exp=0 scna_layout=0 scna_width=0 qo_len=4 kv_len=4096 n_heads=12 n_kv_heads=2 head_dim=128 kv_head=0 worker=0 block_r=0 block_c=3840 t0_us=261366954391 t1_us=261366954400 dur_us=9
FIG8_ATTENTION_EVENT mode=baseline layout=serial phase=warmup iteration=0 component=v_load component_id=3 lut_exp=0 scna_layout=0 scna_width=0 qo_len=4 kv_len=4096 n_heads=12 n_kv_heads=2 head_dim=128 kv_head=0 worker=0 block_r=0 block_c=3840 t0_us=261366954400 t1_us=261366954402 dur_us=2
FIG8_ATTENTION_EVENT mode=baseline layout=serial phase=warmup iteration=0 component=core_acc component_id=6 lut_exp=0 scna_layout=0 scna_width=0 qo_len=4 kv_len=4096 n_heads=12 n_kv_heads=2 head_dim=128 kv_head=0 worker=0 block_r=0 block_c=3840 t0_us=261366954402 t1_us=261366954402 dur_us=0
FIG8_ATTENTION_EVENT mode=baseline layout=serial phase=warmup iteration=0 component=o_scale component_id=7 lut_exp=0 scna_layout=0 scna_width=0 qo_len=4 kv_len=4096 n_heads=12 n_kv_heads=2 head_dim=128 kv_head=0 worker=0 block_r=0 block_c=-1 t0_us=261366954403 t1_us=261366954404 dur_us=1
FIG8_ATTENTION_EVENT mode=baseline layout=serial phase=warmup iteration=0 component=o_store component_id=8 lut_exp=0 scna_layout=0 scna_width=0 qo_len=4 kv_len=4096 n_heads=12 n_kv_heads=2 head_dim=128 kv_head=0 worker=0 block_r=0 block_c=-1 t0_us=261366954405 t1_us=261366954407 dur_us=1
FIG8_ATTENTION_EVENT mode=baseline layout=serial phase=warmup iteration=0 component=q_load component_id=1 lut_exp=0 scna_layout=0 scna_width=0 qo_len=4 kv_len=4096 n_heads=12 n_kv_heads=2 head_dim=128 kv_head=1 worker=0 block_r=0 block_c=-1 t0_us=261366954453 t1_us=261366954455 dur_us=2
FIG8_ATTENTION_EVENT mode=baseline layout=serial phase=warmup iteration=0 component=k_load component_id=2 lut_exp=0 scna_layout=0 scna_width=0 qo_len=4 kv_len=4096 n_heads=12 n_kv_heads=2 head_dim=128 kv_head=1 worker=0 block_r=0 block_c=0 t0_us=261366954456 t1_us=261366954477 dur_us=21
FIG8_ATTENTION_EVENT mode=baseline layout=serial phase=warmup iteration=0 component=qk_dot component_id=4 lut_exp=0 scna_layout=0 scna_width=0 qo_len=4 kv_len=4096 n_heads=12 n_kv_heads=2 head_dim=128 kv_head=1 worker=0 block_r=0 block_c=0 t0_us=261366954478 t1_us=261366954479 dur_us=0
FIG8_ATTENTION_EVENT mode=baseline layout=serial phase=warmup iteration=0 component=safe_sm component_id=5 lut_exp=0 scna_layout=0 scna_width=0 qo_len=4 kv_len=4096 n_heads=12 n_kv_heads=2 head_dim=128 kv_head=1 worker=0 block_r=0 block_c=0 t0_us=261366954479 t1_us=261366954516 dur_us=37
FIG8_ATTENTION_EVENT mode=baseline layout=serial phase=warmup iteration=0 component=v_load component_id=3 lut_exp=0 scna_layout=0 scna_width=0 qo_len=4 kv_len=4096 n_heads=12 n_kv_heads=2 head_dim=128 kv_head=1 worker=0 block_r=0 block_c=0 t0_us=261366954517 t1_us=261366954543 dur_us=25
FIG8_ATTENTION_EVENT mode=baseline layout=serial phase=warmup iteration=0 component=core_acc component_id=6 lut_exp=0 scna_layout=0 scna_width=0 qo_len=4 kv_len=4096 n_heads=12 n_kv_heads=2 head_dim=128 kv_head=1 worker=0 block_r=0 block_c=0 t0_us=261366954543 t1_us=261366954545 dur_us=1
FIG8_ATTENTION_EVENT mode=baseline layout=serial phase=warmup iteration=0 component=k_load component_id=2 lut_exp=0 scna_layout=0 scna_width=0 qo_len=4 kv_len=4096 n_heads=12 n_kv_heads=2 head_dim=128 kv_head=1 worker=0 block_r=0 block_c=1280 t0_us=261366954546 t1_us=261366954568 dur_us=21
FIG8_ATTENTION_EVENT mode=baseline layout=serial phase=warmup iteration=0 component=qk_dot component_id=4 lut_exp=0 scna_layout=0 scna_width=0 qo_len=4 kv_len=4096 n_heads=12 n_kv_heads=2 head_dim=128 kv_head=1 worker=0 block_r=0 block_c=1280 t0_us=261366954568 t1_us=261366954568 dur_us=0
FIG8_ATTENTION_EVENT mode=baseline layout=serial phase=warmup iteration=0 component=safe_sm component_id=5 lut_exp=0 scna_layout=0 scna_width=0 qo_len=4 kv_len=4096 n_heads=12 n_kv_heads=2 head_dim=128 kv_head=1 worker=0 block_r=0 block_c=1280 t0_us=261366954568 t1_us=261366954604 dur_us=35
FIG8_ATTENTION_EVENT mode=baseline layout=serial phase=warmup iteration=0 component=v_load component_id=3 lut_exp=0 scna_layout=0 scna_width=0 qo_len=4 kv_len=4096 n_heads=12 n_kv_heads=2 head_dim=128 kv_head=1 worker=0 block_r=0 block_c=1280 t0_us=261366954604 t1_us=261366954638 dur_us=33
FIG8_ATTENTION_EVENT mode=baseline layout=serial phase=warmup iteration=0 component=core_acc component_id=6 lut_exp=0 scna_layout=0 scna_width=0 qo_len=4 kv_len=4096 n_heads=12 n_kv_heads=2 head_dim=128 kv_head=1 worker=0 block_r=0 block_c=1280 t0_us=261366954638 t1_us=261366954638 dur_us=0
FIG8_ATTENTION_EVENT mode=baseline layout=serial phase=warmup iteration=0 component=k_load component_id=2 lut_exp=0 scna_layout=0 scna_width=0 qo_len=4 kv_len=4096 n_heads=12 n_kv_heads=2 head_dim=128 kv_head=1 worker=0 block_r=0 block_c=2560 t0_us=261366954638 t1_us=261366954659 dur_us=20
FIG8_ATTENTION_EVENT mode=baseline layout=serial phase=warmup iteration=0 component=qk_dot component_id=4 lut_exp=0 scna_layout=0 scna_width=0 qo_len=4 kv_len=4096 n_heads=12 n_kv_heads=2 head_dim=128 kv_head=1 worker=0 block_r=0 block_c=2560 t0_us=261366954659 t1_us=261366954659 dur_us=0
FIG8_ATTENTION_EVENT mode=baseline layout=serial phase=warmup iteration=0 component=safe_sm component_id=5 lut_exp=0 scna_layout=0 scna_width=0 qo_len=4 kv_len=4096 n_heads=12 n_kv_heads=2 head_dim=128 kv_head=1 worker=0 block_r=0 block_c=2560 t0_us=261366954660 t1_us=261366954694 dur_us=34
FIG8_ATTENTION_EVENT mode=baseline layout=serial phase=warmup iteration=0 component=v_load component_id=3 lut_exp=0 scna_layout=0 scna_width=0 qo_len=4 kv_len=4096 n_heads=12 n_kv_heads=2 head_dim=128 kv_head=1 worker=0 block_r=0 block_c=2560 t0_us=261366954695 t1_us=261366954728 dur_us=33
FIG8_ATTENTION_EVENT mode=baseline layout=serial phase=warmup iteration=0 component=core_acc component_id=6 lut_exp=0 scna_layout=0 scna_width=0 qo_len=4 kv_len=4096 n_heads=12 n_kv_heads=2 head_dim=128 kv_head=1 worker=0 block_r=0 block_c=2560 t0_us=261366954728 t1_us=261366954728 dur_us=0
FIG8_ATTENTION_EVENT mode=baseline layout=serial phase=warmup iteration=0 component=k_load component_id=2 lut_exp=0 scna_layout=0 scna_width=0 qo_len=4 kv_len=4096 n_heads=12 n_kv_heads=2 head_dim=128 kv_head=1 worker=0 block_r=0 block_c=3840 t0_us=261366954729 t1_us=261366954733 dur_us=4
FIG8_ATTENTION_EVENT mode=baseline layout=serial phase=warmup iteration=0 component=qk_dot component_id=4 lut_exp=0 scna_layout=0 scna_width=0 qo_len=4 kv_len=4096 n_heads=12 n_kv_heads=2 head_dim=128 kv_head=1 worker=0 block_r=0 block_c=3840 t0_us=261366954733 t1_us=261366954733 dur_us=0
FIG8_ATTENTION_EVENT mode=baseline layout=serial phase=warmup iteration=0 component=safe_sm component_id=5 lut_exp=0 scna_layout=0 scna_width=0 qo_len=4 kv_len=4096 n_heads=12 n_kv_heads=2 head_dim=128 kv_head=1 worker=0 block_r=0 block_c=3840 t0_us=261366954733 t1_us=261366954742 dur_us=9
FIG8_ATTENTION_EVENT mode=baseline layout=serial phase=warmup iteration=0 component=v_load component_id=3 lut_exp=0 scna_layout=0 scna_width=0 qo_len=4 kv_len=4096 n_heads=12 n_kv_heads=2 head_dim=128 kv_head=1 worker=0 block_r=0 block_c=3840 t0_us=261366954742 t1_us=261366954744 dur_us=2
FIG8_ATTENTION_EVENT mode=baseline layout=serial phase=warmup iteration=0 component=core_acc component_id=6 lut_exp=0 scna_layout=0 scna_width=0 qo_len=4 kv_len=4096 n_heads=12 n_kv_heads=2 head_dim=128 kv_head=1 worker=0 block_r=0 block_c=3840 t0_us=261366954745 t1_us=261366954745 dur_us=0
FIG8_ATTENTION_EVENT mode=baseline layout=serial phase=warmup iteration=0 component=o_scale component_id=7 lut_exp=0 scna_layout=0 scna_width=0 qo_len=4 kv_len=4096 n_heads=12 n_kv_heads=2 head_dim=128 kv_head=1 worker=0 block_r=0 block_c=-1 t0_us=261366954745 t1_us=261366954747 dur_us=2
FIG8_ATTENTION_EVENT mode=baseline layout=serial phase=warmup iteration=0 component=o_store component_id=8 lut_exp=0 scna_layout=0 scna_width=0 qo_len=4 kv_len=4096 n_heads=12 n_kv_heads=2 head_dim=128 kv_head=1 worker=0 block_r=0 block_c=-1 t0_us=261366954747 t1_us=261366954750 dur_us=2
FIG8_ATTENTION_EVENT mode=baseline layout=serial phase=warmup iteration=0 component=q_load component_id=1 lut_exp=0 scna_layout=0 scna_width=0 qo_len=4 kv_len=4096 n_heads=12 n_kv_heads=2 head_dim=128 kv_head=0 worker=0 block_r=0 block_c=-1 t0_us=261366954795 t1_us=261366954796 dur_us=1
FIG8_ATTENTION_EVENT mode=baseline layout=serial phase=warmup iteration=0 component=k_load component_id=2 lut_exp=0 scna_layout=0 scna_width=0 qo_len=4 kv_len=4096 n_heads=12 n_kv_heads=2 head_dim=128 kv_head=0 worker=0 block_r=0 block_c=0 t0_us=261366954798 t1_us=261366954818 dur_us=20
FIG8_ATTENTION_EVENT mode=baseline layout=serial phase=warmup iteration=0 component=qk_dot component_id=4 lut_exp=0 scna_layout=0 scna_width=0 qo_len=4 kv_len=4096 n_heads=12 n_kv_heads=2 head_dim=128 kv_head=0 worker=0 block_r=0 block_c=0 t0_us=261366954819 t1_us=261366954820 dur_us=1
FIG8_ATTENTION_EVENT mode=baseline layout=serial phase=warmup iteration=0 component=safe_sm component_id=5 lut_exp=0 scna_layout=0 scna_width=0 qo_len=4 kv_len=4096 n_heads=12 n_kv_heads=2 head_dim=128 kv_head=0 worker=0 block_r=0 block_c=0 t0_us=261366954821 t1_us=261366954858 dur_us=37
FIG8_ATTENTION_EVENT mode=baseline layout=serial phase=warmup iteration=0 component=v_load component_id=3 lut_exp=0 scna_layout=0 scna_width=0 qo_len=4 kv_len=4096 n_heads=12 n_kv_heads=2 head_dim=128 kv_head=0 worker=0 block_r=0 block_c=0 t0_us=261366954858 t1_us=261366954880 dur_us=21
FIG8_ATTENTION_EVENT mode=baseline layout=serial phase=warmup iteration=0 component=core_acc component_id=6 lut_exp=0 scna_layout=0 scna_width=0 qo_len=4 kv_len=4096 n_heads=12 n_kv_heads=2 head_dim=128 kv_head=0 worker=0 block_r=0 block_c=0 t0_us=261366954880 t1_us=261366954883 dur_us=3
FIG8_ATTENTION_EVENT mode=baseline layout=serial phase=warmup iteration=0 component=k_load component_id=2 lut_exp=0 scna_layout=0 scna_width=0 qo_len=4 kv_len=4096 n_heads=12 n_kv_heads=2 head_dim=128 kv_head=0 worker=0 block_r=0 block_c=1280 t0_us=261366954884 t1_us=261366954906 dur_us=21
FIG8_ATTENTION_EVENT mode=baseline layout=serial phase=warmup iteration=0 component=qk_dot component_id=4 lut_exp=0 scna_layout=0 scna_width=0 qo_len=4 kv_len=4096 n_heads=12 n_kv_heads=2 head_dim=128 kv_head=0 worker=0 block_r=0 block_c=1280 t0_us=261366954906 t1_us=261366954906 dur_us=0
FIG8_ATTENTION_EVENT mode=baseline layout=serial phase=warmup iteration=0 component=safe_sm component_id=5 lut_exp=0 scna_layout=0 scna_width=0 qo_len=4 kv_len=4096 n_heads=12 n_kv_heads=2 head_dim=128 kv_head=0 worker=0 block_r=0 block_c=1280 t0_us=261366954906 t1_us=261366954941 dur_us=35
FIG8_ATTENTION_EVENT mode=baseline layout=serial phase=warmup iteration=0 component=v_load component_id=3 lut_exp=0 scna_layout=0 scna_width=0 qo_len=4 kv_len=4096 n_heads=12 n_kv_heads=2 head_dim=128 kv_head=0 worker=0 block_r=0 block_c=1280 t0_us=261366954941 t1_us=261366954975 dur_us=34
FIG8_ATTENTION_EVENT mode=baseline layout=serial phase=warmup iteration=0 component=core_acc component_id=6 lut_exp=0 scna_layout=0 scna_width=0 qo_len=4 kv_len=4096 n_heads=12 n_kv_heads=2 head_dim=128 kv_head=0 worker=0 block_r=0 block_c=1280 t0_us=261366954976 t1_us=261366954976 dur_us=0
FIG8_ATTENTION_EVENT mode=baseline layout=serial phase=warmup iteration=0 component=k_load component_id=2 lut_exp=0 scna_layout=0 scna_width=0 qo_len=4 kv_len=4096 n_heads=12 n_kv_heads=2 head_dim=128 kv_head=0 worker=0 block_r=0 block_c=2560 t0_us=261366954976 t1_us=261366954996 dur_us=20
FIG8_ATTENTION_EVENT mode=baseline layout=serial phase=warmup iteration=0 component=qk_dot component_id=4 lut_exp=0 scna_layout=0 scna_width=0 qo_len=4 kv_len=4096 n_heads=12 n_kv_heads=2 head_dim=128 kv_head=0 worker=0 block_r=0 block_c=2560 t0_us=261366954996 t1_us=261366954997 dur_us=0
FIG8_ATTENTION_EVENT mode=baseline layout=serial phase=warmup iteration=0 component=safe_sm component_id=5 lut_exp=0 scna_layout=0 scna_width=0 qo_len=4 kv_len=4096 n_heads=12 n_kv_heads=2 head_dim=128 kv_head=0 worker=0 block_r=0 block_c=2560 t0_us=261366954997 t1_us=261366955032 dur_us=34
FIG8_ATTENTION_EVENT mode=baseline layout=serial phase=warmup iteration=0 component=v_load component_id=3 lut_exp=0 scna_layout=0 scna_width=0 qo_len=4 kv_len=4096 n_heads=12 n_kv_heads=2 head_dim=128 kv_head=0 worker=0 block_r=0 block_c=2560 t0_us=261366955032 t1_us=261366955064 dur_us=32
FIG8_ATTENTION_EVENT mode=baseline layout=serial phase=warmup iteration=0 component=core_acc component_id=6 lut_exp=0 scna_layout=0 scna_width=0 qo_len=4 kv_len=4096 n_heads=12 n_kv_heads=2 head_dim=128 kv_head=0 worker=0 block_r=0 block_c=2560 t0_us=261366955064 t1_us=261366955065 dur_us=0
FIG8_ATTENTION_EVENT mode=baseline layout=serial phase=warmup iteration=0 component=k_load component_id=2 lut_exp=0 scna_layout=0 scna_width=0 qo_len=4 kv_len=4096 n_heads=12 n_kv_heads=2 head_dim=128 kv_head=0 worker=0 block_r=0 block_c=3840 t0_us=261366955065 t1_us=261366955068 dur_us=3
FIG8_ATTENTION_EVENT mode=baseline layout=serial phase=warmup iteration=0 component=qk_dot component_id=4 lut_exp=0 scna_layout=0 scna_width=0 qo_len=4 kv_len=4096 n_heads=12 n_kv_heads=2 head_dim=128 kv_head=0 worker=0 block_r=0 block_c=3840 t0_us=261366955069 t1_us=261366955069 dur_us=0
FIG8_ATTENTION_EVENT mode=baseline layout=serial phase=warmup iteration=0 component=safe_sm component_id=5 lut_exp=0 scna_layout=0 scna_width=0 qo_len=4 kv_len=4096 n_heads=12 n_kv_heads=2 head_dim=128 kv_head=0 worker=0 block_r=0 block_c=3840 t0_us=261366955069 t1_us=261366955078 dur_us=9
FIG8_ATTENTION_EVENT mode=baseline layout=serial phase=warmup iteration=0 component=v_load component_id=3 lut_exp=0 scna_layout=0 scna_width=0 qo_len=4 kv_len=4096 n_heads=12 n_kv_heads=2 head_dim=128 kv_head=0 worker=0 block_r=0 block_c=3840 t0_us=261366955078 t1_us=261366955080 dur_us=2
FIG8_ATTENTION_EVENT mode=baseline layout=serial phase=warmup iteration=0 component=core_acc component_id=6 lut_exp=0 scna_layout=0 scna_width=0 qo_len=4 kv_len=4096 n_heads=12 n_kv_heads=2 head_dim=128 kv_head=0 worker=0 block_r=0 block_c=3840 t0_us=261366955080 t1_us=261366955080 dur_us=0
FIG8_ATTENTION_EVENT mode=baseline layout=serial phase=warmup iteration=0 component=o_scale component_id=7 lut_exp=0 scna_layout=0 scna_width=0 qo_len=4 kv_len=4096 n_heads=12 n_kv_heads=2 head_dim=128 kv_head=0 worker=0 block_r=0 block_c=-1 t0_us=261366955081 t1_us=261366955082 dur_us=1
FIG8_ATTENTION_EVENT mode=baseline layout=serial phase=warmup iteration=0 component=o_store component_id=8 lut_exp=0 scna_layout=0 scna_width=0 qo_len=4 kv_len=4096 n_heads=12 n_kv_heads=2 head_dim=128 kv_head=0 worker=0 block_r=0 block_c=-1 t0_us=261366955083 t1_us=261366955087 dur_us=3
FIG8_ATTENTION_EVENT mode=baseline layout=serial phase=warmup iteration=0 component=q_load component_id=1 lut_exp=0 scna_layout=0 scna_width=0 qo_len=4 kv_len=4096 n_heads=12 n_kv_heads=2 head_dim=128 kv_head=1 worker=0 block_r=0 block_c=-1 t0_us=261366955131 t1_us=261366955133 dur_us=2
FIG8_ATTENTION_EVENT mode=baseline layout=serial phase=warmup iteration=0 component=k_load component_id=2 lut_exp=0 scna_layout=0 scna_width=0 qo_len=4 kv_len=4096 n_heads=12 n_kv_heads=2 head_dim=128 kv_head=1 worker=0 block_r=0 block_c=0 t0_us=261366955135 t1_us=261366955156 dur_us=21
FIG8_ATTENTION_EVENT mode=baseline layout=serial phase=warmup iteration=0 component=qk_dot component_id=4 lut_exp=0 scna_layout=0 scna_width=0 qo_len=4 kv_len=4096 n_heads=12 n_kv_heads=2 head_dim=128 kv_head=1 worker=0 block_r=0 block_c=0 t0_us=261366955156 t1_us=261366955158 dur_us=1
FIG8_ATTENTION_EVENT mode=baseline layout=serial phase=warmup iteration=0 component=safe_sm component_id=5 lut_exp=0 scna_layout=0 scna_width=0 qo_len=4 kv_len=4096 n_heads=12 n_kv_heads=2 head_dim=128 kv_head=1 worker=0 block_r=0 block_c=0 t0_us=261366955158 t1_us=261366955195 dur_us=36
FIG8_ATTENTION_EVENT mode=baseline layout=serial phase=warmup iteration=0 component=v_load component_id=3 lut_exp=0 scna_layout=0 scna_width=0 qo_len=4 kv_len=4096 n_heads=12 n_kv_heads=2 head_dim=128 kv_head=1 worker=0 block_r=0 block_c=0 t0_us=261366955195 t1_us=261366955221 dur_us=25
FIG8_ATTENTION_EVENT mode=baseline layout=serial phase=warmup iteration=0 component=core_acc component_id=6 lut_exp=0 scna_layout=0 scna_width=0 qo_len=4 kv_len=4096 n_heads=12 n_kv_heads=2 head_dim=128 kv_head=1 worker=0 block_r=0 block_c=0 t0_us=261366955222 t1_us=261366955224 dur_us=1
FIG8_ATTENTION_EVENT mode=baseline layout=serial phase=warmup iteration=0 component=k_load component_id=2 lut_exp=0 scna_layout=0 scna_width=0 qo_len=4 kv_len=4096 n_heads=12 n_kv_heads=2 head_dim=128 kv_head=1 worker=0 block_r=0 block_c=1280 t0_us=261366955225 t1_us=261366955245 dur_us=20
FIG8_ATTENTION_EVENT mode=baseline layout=serial phase=warmup iteration=0 component=qk_dot component_id=4 lut_exp=0 scna_layout=0 scna_width=0 qo_len=4 kv_len=4096 n_heads=12 n_kv_heads=2 head_dim=128 kv_head=1 worker=0 block_r=0 block_c=1280 t0_us=261366955245 t1_us=261366955246 dur_us=0
FIG8_ATTENTION_EVENT mode=baseline layout=serial phase=warmup iteration=0 component=safe_sm component_id=5 lut_exp=0 scna_layout=0 scna_width=0 qo_len=4 kv_len=4096 n_heads=12 n_kv_heads=2 head_dim=128 kv_head=1 worker=0 block_r=0 block_c=1280 t0_us=261366955246 t1_us=261366955281 dur_us=34
FIG8_ATTENTION_EVENT mode=baseline layout=serial phase=warmup iteration=0 component=v_load component_id=3 lut_exp=0 scna_layout=0 scna_width=0 qo_len=4 kv_len=4096 n_heads=12 n_kv_heads=2 head_dim=128 kv_head=1 worker=0 block_r=0 block_c=1280 t0_us=261366955281 t1_us=261366955317 dur_us=36
FIG8_ATTENTION_EVENT mode=baseline layout=serial phase=warmup iteration=0 component=core_acc component_id=6 lut_exp=0 scna_layout=0 scna_width=0 qo_len=4 kv_len=4096 n_heads=12 n_kv_heads=2 head_dim=128 kv_head=1 worker=0 block_r=0 block_c=1280 t0_us=261366955317 t1_us=261366955317 dur_us=0
FIG8_ATTENTION_EVENT mode=baseline layout=serial phase=warmup iteration=0 component=k_load component_id=2 lut_exp=0 scna_layout=0 scna_width=0 qo_len=4 kv_len=4096 n_heads=12 n_kv_heads=2 head_dim=128 kv_head=1 worker=0 block_r=0 block_c=2560 t0_us=261366955317 t1_us=261366955337 dur_us=19
FIG8_ATTENTION_EVENT mode=baseline layout=serial phase=warmup iteration=0 component=qk_dot component_id=4 lut_exp=0 scna_layout=0 scna_width=0 qo_len=4 kv_len=4096 n_heads=12 n_kv_heads=2 head_dim=128 kv_head=1 worker=0 block_r=0 block_c=2560 t0_us=261366955337 t1_us=261366955338 dur_us=0
FIG8_ATTENTION_EVENT mode=baseline layout=serial phase=warmup iteration=0 component=safe_sm component_id=5 lut_exp=0 scna_layout=0 scna_width=0 qo_len=4 kv_len=4096 n_heads=12 n_kv_heads=2 head_dim=128 kv_head=1 worker=0 block_r=0 block_c=2560 t0_us=261366955338 t1_us=261366955373 dur_us=34
FIG8_ATTENTION_EVENT mode=baseline layout=serial phase=warmup iteration=0 component=v_load component_id=3 lut_exp=0 scna_layout=0 scna_width=0 qo_len=4 kv_len=4096 n_heads=12 n_kv_heads=2 head_dim=128 kv_head=1 worker=0 block_r=0 block_c=2560 t0_us=261366955373 t1_us=261366955403 dur_us=29
FIG8_ATTENTION_EVENT mode=baseline layout=serial phase=warmup iteration=0 component=core_acc component_id=6 lut_exp=0 scna_layout=0 scna_width=0 qo_len=4 kv_len=4096 n_heads=12 n_kv_heads=2 head_dim=128 kv_head=1 worker=0 block_r=0 block_c=2560 t0_us=261366955403 t1_us=261366955403 dur_us=0
FIG8_ATTENTION_EVENT mode=baseline layout=serial phase=warmup iteration=0 component=k_load component_id=2 lut_exp=0 scna_layout=0 scna_width=0 qo_len=4 kv_len=4096 n_heads=12 n_kv_heads=2 head_dim=128 kv_head=1 worker=0 block_r=0 block_c=3840 t0_us=261366955403 t1_us=261366955407 dur_us=4
FIG8_ATTENTION_EVENT mode=baseline layout=serial phase=warmup iteration=0 component=qk_dot component_id=4 lut_exp=0 scna_layout=0 scna_width=0 qo_len=4 kv_len=4096 n_heads=12 n_kv_heads=2 head_dim=128 kv_head=1 worker=0 block_r=0 block_c=3840 t0_us=261366955408 t1_us=261366955408 dur_us=0
FIG8_ATTENTION_EVENT mode=baseline layout=serial phase=warmup iteration=0 component=safe_sm component_id=5 lut_exp=0 scna_layout=0 scna_width=0 qo_len=4 kv_len=4096 n_heads=12 n_kv_heads=2 head_dim=128 kv_head=1 worker=0 block_r=0 block_c=3840 t0_us=261366955408 t1_us=261366955417 dur_us=9
FIG8_ATTENTION_EVENT mode=baseline layout=serial phase=warmup iteration=0 component=v_load component_id=3 lut_exp=0 scna_layout=0 scna_width=0 qo_len=4 kv_len=4096 n_heads=12 n_kv_heads=2 head_dim=128 kv_head=1 worker=0 block_r=0 block_c=3840 t0_us=261366955417 t1_us=261366955419 dur_us=2
FIG8_ATTENTION_EVENT mode=baseline layout=serial phase=warmup iteration=0 component=core_acc component_id=6 lut_exp=0 scna_layout=0 scna_width=0 qo_len=4 kv_len=4096 n_heads=12 n_kv_heads=2 head_dim=128 kv_head=1 worker=0 block_r=0 block_c=3840 t0_us=261366955419 t1_us=261366955419 dur_us=0
FIG8_ATTENTION_EVENT mode=baseline layout=serial phase=warmup iteration=0 component=o_scale component_id=7 lut_exp=0 scna_layout=0 scna_width=0 qo_len=4 kv_len=4096 n_heads=12 n_kv_heads=2 head_dim=128 kv_head=1 worker=0 block_r=0 block_c=-1 t0_us=261366955419 t1_us=261366955422 dur_us=2
FIG8_ATTENTION_EVENT mode=baseline layout=serial phase=warmup iteration=0 component=o_store component_id=8 lut_exp=0 scna_layout=0 scna_width=0 qo_len=4 kv_len=4096 n_heads=12 n_kv_heads=2 head_dim=128 kv_head=1 worker=0 block_r=0 block_c=-1 t0_us=261366955422 t1_us=261366955424 dur_us=2
FIG8_ATTENTION_EVENT mode=baseline layout=serial phase=warmup iteration=0 component=q_load component_id=1 lut_exp=0 scna_layout=0 scna_width=0 qo_len=4 kv_len=4096 n_heads=12 n_kv_heads=2 head_dim=128 kv_head=0 worker=0 block_r=0 block_c=-1 t0_us=261366955470 t1_us=261366955472 dur_us=1
FIG8_ATTENTION_EVENT mode=baseline layout=serial phase=warmup iteration=0 component=k_load component_id=2 lut_exp=0 scna_layout=0 scna_width=0 qo_len=4 kv_len=4096 n_heads=12 n_kv_heads=2 head_dim=128 kv_head=0 worker=0 block_r=0 block_c=0 t0_us=261366955473 t1_us=261366955494 dur_us=21
FIG8_ATTENTION_EVENT mode=baseline layout=serial phase=warmup iteration=0 component=qk_dot component_id=4 lut_exp=0 scna_layout=0 scna_width=0 qo_len=4 kv_len=4096 n_heads=12 n_kv_heads=2 head_dim=128 kv_head=0 worker=0 block_r=0 block_c=0 t0_us=261366955495 t1_us=261366955496 dur_us=1
FIG8_ATTENTION_EVENT mode=baseline layout=serial phase=warmup iteration=0 component=safe_sm component_id=5 lut_exp=0 scna_layout=0 scna_width=0 qo_len=4 kv_len=4096 n_heads=12 n_kv_heads=2 head_dim=128 kv_head=0 worker=0 block_r=0 block_c=0 t0_us=261366955497 t1_us=261366955534 dur_us=37
FIG8_ATTENTION_EVENT mode=baseline layout=serial phase=warmup iteration=0 component=v_load component_id=3 lut_exp=0 scna_layout=0 scna_width=0 qo_len=4 kv_len=4096 n_heads=12 n_kv_heads=2 head_dim=128 kv_head=0 worker=0 block_r=0 block_c=0 t0_us=261366955535 t1_us=261366955556 dur_us=21
FIG8_ATTENTION_EVENT mode=baseline layout=serial phase=warmup iteration=0 component=core_acc component_id=6 lut_exp=0 scna_layout=0 scna_width=0 qo_len=4 kv_len=4096 n_heads=12 n_kv_heads=2 head_dim=128 kv_head=0 worker=0 block_r=0 block_c=0 t0_us=261366955557 t1_us=261366955560 dur_us=3
FIG8_ATTENTION_EVENT mode=baseline layout=serial phase=warmup iteration=0 component=k_load component_id=2 lut_exp=0 scna_layout=0 scna_width=0 qo_len=4 kv_len=4096 n_heads=12 n_kv_heads=2 head_dim=128 kv_head=0 worker=0 block_r=0 block_c=1280 t0_us=261366955560 t1_us=261366955583 dur_us=22
FIG8_ATTENTION_EVENT mode=baseline layout=serial phase=warmup iteration=0 component=qk_dot component_id=4 lut_exp=0 scna_layout=0 scna_width=0 qo_len=4 kv_len=4096 n_heads=12 n_kv_heads=2 head_dim=128 kv_head=0 worker=0 block_r=0 block_c=1280 t0_us=261366955584 t1_us=261366955584 dur_us=0
FIG8_ATTENTION_EVENT mode=baseline layout=serial phase=warmup iteration=0 component=safe_sm component_id=5 lut_exp=0 scna_layout=0 scna_width=0 qo_len=4 kv_len=4096 n_heads=12 n_kv_heads=2 head_dim=128 kv_head=0 worker=0 block_r=0 block_c=1280 t0_us=261366955584 t1_us=261366955618 dur_us=34
FIG8_ATTENTION_EVENT mode=baseline layout=serial phase=warmup iteration=0 component=v_load component_id=3 lut_exp=0 scna_layout=0 scna_width=0 qo_len=4 kv_len=4096 n_heads=12 n_kv_heads=2 head_dim=128 kv_head=0 worker=0 block_r=0 block_c=1280 t0_us=261366955618 t1_us=261366955650 dur_us=31
FIG8_ATTENTION_EVENT mode=baseline layout=serial phase=warmup iteration=0 component=core_acc component_id=6 lut_exp=0 scna_layout=0 scna_width=0 qo_len=4 kv_len=4096 n_heads=12 n_kv_heads=2 head_dim=128 kv_head=0 worker=0 block_r=0 block_c=1280 t0_us=261366955650 t1_us=261366955650 dur_us=0
FIG8_ATTENTION_EVENT mode=baseline layout=serial phase=warmup iteration=0 component=k_load component_id=2 lut_exp=0 scna_layout=0 scna_width=0 qo_len=4 kv_len=4096 n_heads=12 n_kv_heads=2 head_dim=128 kv_head=0 worker=0 block_r=0 block_c=2560 t0_us=261366955650 t1_us=261366955671 dur_us=20
FIG8_ATTENTION_EVENT mode=baseline layout=serial phase=warmup iteration=0 component=qk_dot component_id=4 lut_exp=0 scna_layout=0 scna_width=0 qo_len=4 kv_len=4096 n_heads=12 n_kv_heads=2 head_dim=128 kv_head=0 worker=0 block_r=0 block_c=2560 t0_us=261366955671 t1_us=261366955671 dur_us=0
FIG8_ATTENTION_EVENT mode=baseline layout=serial phase=warmup iteration=0 component=safe_sm component_id=5 lut_exp=0 scna_layout=0 scna_width=0 qo_len=4 kv_len=4096 n_heads=12 n_kv_heads=2 head_dim=128 kv_head=0 worker=0 block_r=0 block_c=2560 t0_us=261366955671 t1_us=261366955707 dur_us=35
FIG8_ATTENTION_EVENT mode=baseline layout=serial phase=warmup iteration=0 component=v_load component_id=3 lut_exp=0 scna_layout=0 scna_width=0 qo_len=4 kv_len=4096 n_heads=12 n_kv_heads=2 head_dim=128 kv_head=0 worker=0 block_r=0 block_c=2560 t0_us=261366955707 t1_us=261366955734 dur_us=26
FIG8_ATTENTION_EVENT mode=baseline layout=serial phase=warmup iteration=0 component=core_acc component_id=6 lut_exp=0 scna_layout=0 scna_width=0 qo_len=4 kv_len=4096 n_heads=12 n_kv_heads=2 head_dim=128 kv_head=0 worker=0 block_r=0 block_c=2560 t0_us=261366955734 t1_us=261366955734 dur_us=0
FIG8_ATTENTION_EVENT mode=baseline layout=serial phase=warmup iteration=0 component=k_load component_id=2 lut_exp=0 scna_layout=0 scna_width=0 qo_len=4 kv_len=4096 n_heads=12 n_kv_heads=2 head_dim=128 kv_head=0 worker=0 block_r=0 block_c=3840 t0_us=261366955734 t1_us=261366955739 dur_us=4
FIG8_ATTENTION_EVENT mode=baseline layout=serial phase=warmup iteration=0 component=qk_dot component_id=4 lut_exp=0 scna_layout=0 scna_width=0 qo_len=4 kv_len=4096 n_heads=12 n_kv_heads=2 head_dim=128 kv_head=0 worker=0 block_r=0 block_c=3840 t0_us=261366955739 t1_us=261366955739 dur_us=0
FIG8_ATTENTION_EVENT mode=baseline layout=serial phase=warmup iteration=0 component=safe_sm component_id=5 lut_exp=0 scna_layout=0 scna_width=0 qo_len=4 kv_len=4096 n_heads=12 n_kv_heads=2 head_dim=128 kv_head=0 worker=0 block_r=0 block_c=3840 t0_us=261366955739 t1_us=261366955748 dur_us=9
FIG8_ATTENTION_EVENT mode=baseline layout=serial phase=warmup iteration=0 component=v_load component_id=3 lut_exp=0 scna_layout=0 scna_width=0 qo_len=4 kv_len=4096 n_heads=12 n_kv_heads=2 head_dim=128 kv_head=0 worker=0 block_r=0 block_c=3840 t0_us=261366955748 t1_us=261366955750 dur_us=2
FIG8_ATTENTION_EVENT mode=baseline layout=serial phase=warmup iteration=0 component=core_acc component_id=6 lut_exp=0 scna_layout=0 scna_width=0 qo_len=4 kv_len=4096 n_heads=12 n_kv_heads=2 head_dim=128 kv_head=0 worker=0 block_r=0 block_c=3840 t0_us=261366955750 t1_us=261366955750 dur_us=0
FIG8_ATTENTION_EVENT mode=baseline layout=serial phase=warmup iteration=0 component=o_scale component_id=7 lut_exp=0 scna_layout=0 scna_width=0 qo_len=4 kv_len=4096 n_heads=12 n_kv_heads=2 head_dim=128 kv_head=0 worker=0 block_r=0 block_c=-1 t0_us=261366955751 t1_us=261366955753 dur_us=1
FIG8_ATTENTION_EVENT mode=baseline layout=serial phase=warmup iteration=0 component=o_store component_id=8 lut_exp=0 scna_layout=0 scna_width=0 qo_len=4 kv_len=4096 n_heads=12 n_kv_heads=2 head_dim=128 kv_head=0 worker=0 block_r=0 block_c=-1 t0_us=261366955753 t1_us=261366955755 dur_us=1
FIG8_ATTENTION_EVENT mode=baseline layout=serial phase=warmup iteration=0 component=q_load component_id=1 lut_exp=0 scna_layout=0 scna_width=0 qo_len=4 kv_len=4096 n_heads=12 n_kv_heads=2 head_dim=128 kv_head=1 worker=0 block_r=0 block_c=-1 t0_us=261366955799 t1_us=261366955801 dur_us=1
FIG8_ATTENTION_EVENT mode=baseline layout=serial phase=warmup iteration=0 component=k_load component_id=2 lut_exp=0 scna_layout=0 scna_width=0 qo_len=4 kv_len=4096 n_heads=12 n_kv_heads=2 head_dim=128 kv_head=1 worker=0 block_r=0 block_c=0 t0_us=261366955802 t1_us=261366955824 dur_us=21
FIG8_ATTENTION_EVENT mode=baseline layout=serial phase=warmup iteration=0 component=qk_dot component_id=4 lut_exp=0 scna_layout=0 scna_width=0 qo_len=4 kv_len=4096 n_heads=12 n_kv_heads=2 head_dim=128 kv_head=1 worker=0 block_r=0 block_c=0 t0_us=261366955824 t1_us=261366955825 dur_us=1
FIG8_ATTENTION_EVENT mode=baseline layout=serial phase=warmup iteration=0 component=safe_sm component_id=5 lut_exp=0 scna_layout=0 scna_width=0 qo_len=4 kv_len=4096 n_heads=12 n_kv_heads=2 head_dim=128 kv_head=1 worker=0 block_r=0 block_c=0 t0_us=261366955826 t1_us=261366955862 dur_us=36
FIG8_ATTENTION_EVENT mode=baseline layout=serial phase=warmup iteration=0 component=v_load component_id=3 lut_exp=0 scna_layout=0 scna_width=0 qo_len=4 kv_len=4096 n_heads=12 n_kv_heads=2 head_dim=128 kv_head=1 worker=0 block_r=0 block_c=0 t0_us=261366955863 t1_us=261366955885 dur_us=22
FIG8_ATTENTION_EVENT mode=baseline layout=serial phase=warmup iteration=0 component=core_acc component_id=6 lut_exp=0 scna_layout=0 scna_width=0 qo_len=4 kv_len=4096 n_heads=12 n_kv_heads=2 head_dim=128 kv_head=1 worker=0 block_r=0 block_c=0 t0_us=261366955886 t1_us=261366955888 dur_us=1
FIG8_ATTENTION_EVENT mode=baseline layout=serial phase=warmup iteration=0 component=k_load component_id=2 lut_exp=0 scna_layout=0 scna_width=0 qo_len=4 kv_len=4096 n_heads=12 n_kv_heads=2 head_dim=128 kv_head=1 worker=0 block_r=0 block_c=1280 t0_us=261366955888 t1_us=261366955909 dur_us=21
FIG8_ATTENTION_EVENT mode=baseline layout=serial phase=warmup iteration=0 component=qk_dot component_id=4 lut_exp=0 scna_layout=0 scna_width=0 qo_len=4 kv_len=4096 n_heads=12 n_kv_heads=2 head_dim=128 kv_head=1 worker=0 block_r=0 block_c=1280 t0_us=261366955910 t1_us=261366955910 dur_us=0
FIG8_ATTENTION_EVENT mode=baseline layout=serial phase=warmup iteration=0 component=safe_sm component_id=5 lut_exp=0 scna_layout=0 scna_width=0 qo_len=4 kv_len=4096 n_heads=12 n_kv_heads=2 head_dim=128 kv_head=1 worker=0 block_r=0 block_c=1280 t0_us=261366955910 t1_us=261366955945 dur_us=34
FIG8_ATTENTION_EVENT mode=baseline layout=serial phase=warmup iteration=0 component=v_load component_id=3 lut_exp=0 scna_layout=0 scna_width=0 qo_len=4 kv_len=4096 n_heads=12 n_kv_heads=2 head_dim=128 kv_head=1 worker=0 block_r=0 block_c=1280 t0_us=261366955945 t1_us=261366955972 dur_us=26
FIG8_ATTENTION_EVENT mode=baseline layout=serial phase=warmup iteration=0 component=core_acc component_id=6 lut_exp=0 scna_layout=0 scna_width=0 qo_len=4 kv_len=4096 n_heads=12 n_kv_heads=2 head_dim=128 kv_head=1 worker=0 block_r=0 block_c=1280 t0_us=261366955972 t1_us=261366955972 dur_us=0
FIG8_ATTENTION_EVENT mode=baseline layout=serial phase=warmup iteration=0 component=k_load component_id=2 lut_exp=0 scna_layout=0 scna_width=0 qo_len=4 kv_len=4096 n_heads=12 n_kv_heads=2 head_dim=128 kv_head=1 worker=0 block_r=0 block_c=2560 t0_us=261366955972 t1_us=261366955993 dur_us=21
FIG8_ATTENTION_EVENT mode=baseline layout=serial phase=warmup iteration=0 component=qk_dot component_id=4 lut_exp=0 scna_layout=0 scna_width=0 qo_len=4 kv_len=4096 n_heads=12 n_kv_heads=2 head_dim=128 kv_head=1 worker=0 block_r=0 block_c=2560 t0_us=261366955993 t1_us=261366955994 dur_us=0
FIG8_ATTENTION_EVENT mode=baseline layout=serial phase=warmup iteration=0 component=safe_sm component_id=5 lut_exp=0 scna_layout=0 scna_width=0 qo_len=4 kv_len=4096 n_heads=12 n_kv_heads=2 head_dim=128 kv_head=1 worker=0 block_r=0 block_c=2560 t0_us=261366955994 t1_us=261366956029 dur_us=35
FIG8_ATTENTION_EVENT mode=baseline layout=serial phase=warmup iteration=0 component=v_load component_id=3 lut_exp=0 scna_layout=0 scna_width=0 qo_len=4 kv_len=4096 n_heads=12 n_kv_heads=2 head_dim=128 kv_head=1 worker=0 block_r=0 block_c=2560 t0_us=261366956029 t1_us=261366956062 dur_us=32
FIG8_ATTENTION_EVENT mode=baseline layout=serial phase=warmup iteration=0 component=core_acc component_id=6 lut_exp=0 scna_layout=0 scna_width=0 qo_len=4 kv_len=4096 n_heads=12 n_kv_heads=2 head_dim=128 kv_head=1 worker=0 block_r=0 block_c=2560 t0_us=261366956062 t1_us=261366956062 dur_us=0
FIG8_ATTENTION_EVENT mode=baseline layout=serial phase=warmup iteration=0 component=k_load component_id=2 lut_exp=0 scna_layout=0 scna_width=0 qo_len=4 kv_len=4096 n_heads=12 n_kv_heads=2 head_dim=128 kv_head=1 worker=0 block_r=0 block_c=3840 t0_us=261366956062 t1_us=261366956066 dur_us=4
FIG8_ATTENTION_EVENT mode=baseline layout=serial phase=warmup iteration=0 component=qk_dot component_id=4 lut_exp=0 scna_layout=0 scna_width=0 qo_len=4 kv_len=4096 n_heads=12 n_kv_heads=2 head_dim=128 kv_head=1 worker=0 block_r=0 block_c=3840 t0_us=261366956066 t1_us=261366956066 dur_us=0
FIG8_ATTENTION_EVENT mode=baseline layout=serial phase=warmup iteration=0 component=safe_sm component_id=5 lut_exp=0 scna_layout=0 scna_width=0 qo_len=4 kv_len=4096 n_heads=12 n_kv_heads=2 head_dim=128 kv_head=1 worker=0 block_r=0 block_c=3840 t0_us=261366956067 t1_us=261366956075 dur_us=8
FIG8_ATTENTION_EVENT mode=baseline layout=serial phase=warmup iteration=0 component=v_load component_id=3 lut_exp=0 scna_layout=0 scna_width=0 qo_len=4 kv_len=4096 n_heads=12 n_kv_heads=2 head_dim=128 kv_head=1 worker=0 block_r=0 block_c=3840 t0_us=261366956075 t1_us=261366956078 dur_us=2
FIG8_ATTENTION_EVENT mode=baseline layout=serial phase=warmup iteration=0 component=core_acc component_id=6 lut_exp=0 scna_layout=0 scna_width=0 qo_len=4 kv_len=4096 n_heads=12 n_kv_heads=2 head_dim=128 kv_head=1 worker=0 block_r=0 block_c=3840 t0_us=261366956078 t1_us=261366956078 dur_us=0
FIG8_ATTENTION_EVENT mode=baseline layout=serial phase=warmup iteration=0 component=o_scale component_id=7 lut_exp=0 scna_layout=0 scna_width=0 qo_len=4 kv_len=4096 n_heads=12 n_kv_heads=2 head_dim=128 kv_head=1 worker=0 block_r=0 block_c=-1 t0_us=261366956078 t1_us=261366956080 dur_us=2
FIG8_ATTENTION_EVENT mode=baseline layout=serial phase=warmup iteration=0 component=o_store component_id=8 lut_exp=0 scna_layout=0 scna_width=0 qo_len=4 kv_len=4096 n_heads=12 n_kv_heads=2 head_dim=128 kv_head=1 worker=0 block_r=0 block_c=-1 t0_us=261366956081 t1_us=261366956083 dur_us=2
FIG8_ATTENTION_EVENT mode=baseline layout=serial phase=warmup iteration=0 component=q_load component_id=1 lut_exp=0 scna_layout=0 scna_width=0 qo_len=4 kv_len=4096 n_heads=12 n_kv_heads=2 head_dim=128 kv_head=0 worker=0 block_r=0 block_c=-1 t0_us=261366956128 t1_us=261366956129 dur_us=1
FIG8_ATTENTION_EVENT mode=baseline layout=serial phase=warmup iteration=0 component=k_load component_id=2 lut_exp=0 scna_layout=0 scna_width=0 qo_len=4 kv_len=4096 n_heads=12 n_kv_heads=2 head_dim=128 kv_head=0 worker=0 block_r=0 block_c=0 t0_us=261366956131 t1_us=261366956152 dur_us=21
FIG8_ATTENTION_EVENT mode=baseline layout=serial phase=warmup iteration=0 component=qk_dot component_id=4 lut_exp=0 scna_layout=0 scna_width=0 qo_len=4 kv_len=4096 n_heads=12 n_kv_heads=2 head_dim=128 kv_head=0 worker=0 block_r=0 block_c=0 t0_us=261366956153 t1_us=261366956154 dur_us=1
FIG8_ATTENTION_EVENT mode=baseline layout=serial phase=warmup iteration=0 component=safe_sm component_id=5 lut_exp=0 scna_layout=0 scna_width=0 qo_len=4 kv_len=4096 n_heads=12 n_kv_heads=2 head_dim=128 kv_head=0 worker=0 block_r=0 block_c=0 t0_us=261366956154 t1_us=261366956190 dur_us=35
FIG8_ATTENTION_EVENT mode=baseline layout=serial phase=warmup iteration=0 component=v_load component_id=3 lut_exp=0 scna_layout=0 scna_width=0 qo_len=4 kv_len=4096 n_heads=12 n_kv_heads=2 head_dim=128 kv_head=0 worker=0 block_r=0 block_c=0 t0_us=261366956191 t1_us=261366956212 dur_us=21
FIG8_ATTENTION_EVENT mode=baseline layout=serial phase=warmup iteration=0 component=core_acc component_id=6 lut_exp=0 scna_layout=0 scna_width=0 qo_len=4 kv_len=4096 n_heads=12 n_kv_heads=2 head_dim=128 kv_head=0 worker=0 block_r=0 block_c=0 t0_us=261366956212 t1_us=261366956215 dur_us=2
FIG8_ATTENTION_EVENT mode=baseline layout=serial phase=warmup iteration=0 component=k_load component_id=2 lut_exp=0 scna_layout=0 scna_width=0 qo_len=4 kv_len=4096 n_heads=12 n_kv_heads=2 head_dim=128 kv_head=0 worker=0 block_r=0 block_c=1280 t0_us=261366956215 t1_us=261366956239 dur_us=23
FIG8_ATTENTION_EVENT mode=baseline layout=serial phase=warmup iteration=0 component=qk_dot component_id=4 lut_exp=0 scna_layout=0 scna_width=0 qo_len=4 kv_len=4096 n_heads=12 n_kv_heads=2 head_dim=128 kv_head=0 worker=0 block_r=0 block_c=1280 t0_us=261366956239 t1_us=261366956239 dur_us=0
FIG8_ATTENTION_EVENT mode=baseline layout=serial phase=warmup iteration=0 component=safe_sm component_id=5 lut_exp=0 scna_layout=0 scna_width=0 qo_len=4 kv_len=4096 n_heads=12 n_kv_heads=2 head_dim=128 kv_head=0 worker=0 block_r=0 block_c=1280 t0_us=261366956239 t1_us=261366956275 dur_us=35
FIG8_ATTENTION_EVENT mode=baseline layout=serial phase=warmup iteration=0 component=v_load component_id=3 lut_exp=0 scna_layout=0 scna_width=0 qo_len=4 kv_len=4096 n_heads=12 n_kv_heads=2 head_dim=128 kv_head=0 worker=0 block_r=0 block_c=1280 t0_us=261366956275 t1_us=261366956301 dur_us=26
FIG8_ATTENTION_EVENT mode=baseline layout=serial phase=warmup iteration=0 component=core_acc component_id=6 lut_exp=0 scna_layout=0 scna_width=0 qo_len=4 kv_len=4096 n_heads=12 n_kv_heads=2 head_dim=128 kv_head=0 worker=0 block_r=0 block_c=1280 t0_us=261366956301 t1_us=261366956301 dur_us=0
FIG8_ATTENTION_EVENT mode=baseline layout=serial phase=warmup iteration=0 component=k_load component_id=2 lut_exp=0 scna_layout=0 scna_width=0 qo_len=4 kv_len=4096 n_heads=12 n_kv_heads=2 head_dim=128 kv_head=0 worker=0 block_r=0 block_c=2560 t0_us=261366956302 t1_us=261366956321 dur_us=19
FIG8_ATTENTION_EVENT mode=baseline layout=serial phase=warmup iteration=0 component=qk_dot component_id=4 lut_exp=0 scna_layout=0 scna_width=0 qo_len=4 kv_len=4096 n_heads=12 n_kv_heads=2 head_dim=128 kv_head=0 worker=0 block_r=0 block_c=2560 t0_us=261366956321 t1_us=261366956322 dur_us=0
FIG8_ATTENTION_EVENT mode=baseline layout=serial phase=warmup iteration=0 component=safe_sm component_id=5 lut_exp=0 scna_layout=0 scna_width=0 qo_len=4 kv_len=4096 n_heads=12 n_kv_heads=2 head_dim=128 kv_head=0 worker=0 block_r=0 block_c=2560 t0_us=261366956322 t1_us=261366956358 dur_us=35
FIG8_ATTENTION_EVENT mode=baseline layout=serial phase=warmup iteration=0 component=v_load component_id=3 lut_exp=0 scna_layout=0 scna_width=0 qo_len=4 kv_len=4096 n_heads=12 n_kv_heads=2 head_dim=128 kv_head=0 worker=0 block_r=0 block_c=2560 t0_us=261366956358 t1_us=261366956391 dur_us=33
FIG8_ATTENTION_EVENT mode=baseline layout=serial phase=warmup iteration=0 component=core_acc component_id=6 lut_exp=0 scna_layout=0 scna_width=0 qo_len=4 kv_len=4096 n_heads=12 n_kv_heads=2 head_dim=128 kv_head=0 worker=0 block_r=0 block_c=2560 t0_us=261366956391 t1_us=261366956391 dur_us=0
FIG8_ATTENTION_EVENT mode=baseline layout=serial phase=warmup iteration=0 component=k_load component_id=2 lut_exp=0 scna_layout=0 scna_width=0 qo_len=4 kv_len=4096 n_heads=12 n_kv_heads=2 head_dim=128 kv_head=0 worker=0 block_r=0 block_c=3840 t0_us=261366956391 t1_us=261366956396 dur_us=4
FIG8_ATTENTION_EVENT mode=baseline layout=serial phase=warmup iteration=0 component=qk_dot component_id=4 lut_exp=0 scna_layout=0 scna_width=0 qo_len=4 kv_len=4096 n_heads=12 n_kv_heads=2 head_dim=128 kv_head=0 worker=0 block_r=0 block_c=3840 t0_us=261366956396 t1_us=261366956396 dur_us=0
FIG8_ATTENTION_EVENT mode=baseline layout=serial phase=warmup iteration=0 component=safe_sm component_id=5 lut_exp=0 scna_layout=0 scna_width=0 qo_len=4 kv_len=4096 n_heads=12 n_kv_heads=2 head_dim=128 kv_head=0 worker=0 block_r=0 block_c=3840 t0_us=261366956396 t1_us=261366956405 dur_us=8
FIG8_ATTENTION_EVENT mode=baseline layout=serial phase=warmup iteration=0 component=v_load component_id=3 lut_exp=0 scna_layout=0 scna_width=0 qo_len=4 kv_len=4096 n_heads=12 n_kv_heads=2 head_dim=128 kv_head=0 worker=0 block_r=0 block_c=3840 t0_us=261366956405 t1_us=261366956407 dur_us=2
FIG8_ATTENTION_EVENT mode=baseline layout=serial phase=warmup iteration=0 component=core_acc component_id=6 lut_exp=0 scna_layout=0 scna_width=0 qo_len=4 kv_len=4096 n_heads=12 n_kv_heads=2 head_dim=128 kv_head=0 worker=0 block_r=0 block_c=3840 t0_us=261366956407 t1_us=261366956407 dur_us=0
FIG8_ATTENTION_EVENT mode=baseline layout=serial phase=warmup iteration=0 component=o_scale component_id=7 lut_exp=0 scna_layout=0 scna_width=0 qo_len=4 kv_len=4096 n_heads=12 n_kv_heads=2 head_dim=128 kv_head=0 worker=0 block_r=0 block_c=-1 t0_us=261366956408 t1_us=261366956410 dur_us=1
FIG8_ATTENTION_EVENT mode=baseline layout=serial phase=warmup iteration=0 component=o_store component_id=8 lut_exp=0 scna_layout=0 scna_width=0 qo_len=4 kv_len=4096 n_heads=12 n_kv_heads=2 head_dim=128 kv_head=0 worker=0 block_r=0 block_c=-1 t0_us=261366956410 t1_us=261366956412 dur_us=1
FIG8_ATTENTION_EVENT mode=baseline layout=serial phase=warmup iteration=0 component=q_load component_id=1 lut_exp=0 scna_layout=0 scna_width=0 qo_len=4 kv_len=4096 n_heads=12 n_kv_heads=2 head_dim=128 kv_head=1 worker=0 block_r=0 block_c=-1 t0_us=261366956457 t1_us=261366956459 dur_us=2
FIG8_ATTENTION_EVENT mode=baseline layout=serial phase=warmup iteration=0 component=k_load component_id=2 lut_exp=0 scna_layout=0 scna_width=0 qo_len=4 kv_len=4096 n_heads=12 n_kv_heads=2 head_dim=128 kv_head=1 worker=0 block_r=0 block_c=0 t0_us=261366956460 t1_us=261366956482 dur_us=21
FIG8_ATTENTION_EVENT mode=baseline layout=serial phase=warmup iteration=0 component=qk_dot component_id=4 lut_exp=0 scna_layout=0 scna_width=0 qo_len=4 kv_len=4096 n_heads=12 n_kv_heads=2 head_dim=128 kv_head=1 worker=0 block_r=0 block_c=0 t0_us=261366956483 t1_us=261366956484 dur_us=1
FIG8_ATTENTION_EVENT mode=baseline layout=serial phase=warmup iteration=0 component=safe_sm component_id=5 lut_exp=0 scna_layout=0 scna_width=0 qo_len=4 kv_len=4096 n_heads=12 n_kv_heads=2 head_dim=128 kv_head=1 worker=0 block_r=0 block_c=0 t0_us=261366956484 t1_us=261366956522 dur_us=37
FIG8_ATTENTION_EVENT mode=baseline layout=serial phase=warmup iteration=0 component=v_load component_id=3 lut_exp=0 scna_layout=0 scna_width=0 qo_len=4 kv_len=4096 n_heads=12 n_kv_heads=2 head_dim=128 kv_head=1 worker=0 block_r=0 block_c=0 t0_us=261366956522 t1_us=261366956540 dur_us=18
FIG8_ATTENTION_EVENT mode=baseline layout=serial phase=warmup iteration=0 component=core_acc component_id=6 lut_exp=0 scna_layout=0 scna_width=0 qo_len=4 kv_len=4096 n_heads=12 n_kv_heads=2 head_dim=128 kv_head=1 worker=0 block_r=0 block_c=0 t0_us=261366956541 t1_us=261366956544 dur_us=2
FIG8_ATTENTION_EVENT mode=baseline layout=serial phase=warmup iteration=0 component=k_load component_id=2 lut_exp=0 scna_layout=0 scna_width=0 qo_len=4 kv_len=4096 n_heads=12 n_kv_heads=2 head_dim=128 kv_head=1 worker=0 block_r=0 block_c=1280 t0_us=261366956544 t1_us=261366956567 dur_us=22
FIG8_ATTENTION_EVENT mode=baseline layout=serial phase=warmup iteration=0 component=qk_dot component_id=4 lut_exp=0 scna_layout=0 scna_width=0 qo_len=4 kv_len=4096 n_heads=12 n_kv_heads=2 head_dim=128 kv_head=1 worker=0 block_r=0 block_c=1280 t0_us=261366956567 t1_us=261366956568 dur_us=0
FIG8_ATTENTION_EVENT mode=baseline layout=serial phase=warmup iteration=0 component=safe_sm component_id=5 lut_exp=0 scna_layout=0 scna_width=0 qo_len=4 kv_len=4096 n_heads=12 n_kv_heads=2 head_dim=128 kv_head=1 worker=0 block_r=0 block_c=1280 t0_us=261366956568 t1_us=261366956604 dur_us=35
FIG8_ATTENTION_EVENT mode=baseline layout=serial phase=warmup iteration=0 component=v_load component_id=3 lut_exp=0 scna_layout=0 scna_width=0 qo_len=4 kv_len=4096 n_heads=12 n_kv_heads=2 head_dim=128 kv_head=1 worker=0 block_r=0 block_c=1280 t0_us=261366956604 t1_us=261366956634 dur_us=30
FIG8_ATTENTION_EVENT mode=baseline layout=serial phase=warmup iteration=0 component=core_acc component_id=6 lut_exp=0 scna_layout=0 scna_width=0 qo_len=4 kv_len=4096 n_heads=12 n_kv_heads=2 head_dim=128 kv_head=1 worker=0 block_r=0 block_c=1280 t0_us=261366956635 t1_us=261366956635 dur_us=0
FIG8_ATTENTION_EVENT mode=baseline layout=serial phase=warmup iteration=0 component=k_load component_id=2 lut_exp=0 scna_layout=0 scna_width=0 qo_len=4 kv_len=4096 n_heads=12 n_kv_heads=2 head_dim=128 kv_head=1 worker=0 block_r=0 block_c=2560 t0_us=261366956635 t1_us=261366956656 dur_us=20
FIG8_ATTENTION_EVENT mode=baseline layout=serial phase=warmup iteration=0 component=qk_dot component_id=4 lut_exp=0 scna_layout=0 scna_width=0 qo_len=4 kv_len=4096 n_heads=12 n_kv_heads=2 head_dim=128 kv_head=1 worker=0 block_r=0 block_c=2560 t0_us=261366956656 t1_us=261366956656 dur_us=0
FIG8_ATTENTION_EVENT mode=baseline layout=serial phase=warmup iteration=0 component=safe_sm component_id=5 lut_exp=0 scna_layout=0 scna_width=0 qo_len=4 kv_len=4096 n_heads=12 n_kv_heads=2 head_dim=128 kv_head=1 worker=0 block_r=0 block_c=2560 t0_us=261366956656 t1_us=261366956692 dur_us=35
FIG8_ATTENTION_EVENT mode=baseline layout=serial phase=warmup iteration=0 component=v_load component_id=3 lut_exp=0 scna_layout=0 scna_width=0 qo_len=4 kv_len=4096 n_heads=12 n_kv_heads=2 head_dim=128 kv_head=1 worker=0 block_r=0 block_c=2560 t0_us=261366956692 t1_us=261366956726 dur_us=34
FIG8_ATTENTION_EVENT mode=baseline layout=serial phase=warmup iteration=0 component=core_acc component_id=6 lut_exp=0 scna_layout=0 scna_width=0 qo_len=4 kv_len=4096 n_heads=12 n_kv_heads=2 head_dim=128 kv_head=1 worker=0 block_r=0 block_c=2560 t0_us=261366956727 t1_us=261366956727 dur_us=0
FIG8_ATTENTION_EVENT mode=baseline layout=serial phase=warmup iteration=0 component=k_load component_id=2 lut_exp=0 scna_layout=0 scna_width=0 qo_len=4 kv_len=4096 n_heads=12 n_kv_heads=2 head_dim=128 kv_head=1 worker=0 block_r=0 block_c=3840 t0_us=261366956727 t1_us=261366956731 dur_us=4
FIG8_ATTENTION_EVENT mode=baseline layout=serial phase=warmup iteration=0 component=qk_dot component_id=4 lut_exp=0 scna_layout=0 scna_width=0 qo_len=4 kv_len=4096 n_heads=12 n_kv_heads=2 head_dim=128 kv_head=1 worker=0 block_r=0 block_c=3840 t0_us=261366956731 t1_us=261366956731 dur_us=0
FIG8_ATTENTION_EVENT mode=baseline layout=serial phase=warmup iteration=0 component=safe_sm component_id=5 lut_exp=0 scna_layout=0 scna_width=0 qo_len=4 kv_len=4096 n_heads=12 n_kv_heads=2 head_dim=128 kv_head=1 worker=0 block_r=0 block_c=3840 t0_us=261366956731 t1_us=261366956741 dur_us=9
FIG8_ATTENTION_EVENT mode=baseline layout=serial phase=warmup iteration=0 component=v_load component_id=3 lut_exp=0 scna_layout=0 scna_width=0 qo_len=4 kv_len=4096 n_heads=12 n_kv_heads=2 head_dim=128 kv_head=1 worker=0 block_r=0 block_c=3840 t0_us=261366956741 t1_us=261366956743 dur_us=2
FIG8_ATTENTION_EVENT mode=baseline layout=serial phase=warmup iteration=0 component=core_acc component_id=6 lut_exp=0 scna_layout=0 scna_width=0 qo_len=4 kv_len=4096 n_heads=12 n_kv_heads=2 head_dim=128 kv_head=1 worker=0 block_r=0 block_c=3840 t0_us=261366956743 t1_us=261366956743 dur_us=0
FIG8_ATTENTION_EVENT mode=baseline layout=serial phase=warmup iteration=0 component=o_scale component_id=7 lut_exp=0 scna_layout=0 scna_width=0 qo_len=4 kv_len=4096 n_heads=12 n_kv_heads=2 head_dim=128 kv_head=1 worker=0 block_r=0 block_c=-1 t0_us=261366956743 t1_us=261366956745 dur_us=1
FIG8_ATTENTION_EVENT mode=baseline layout=serial phase=warmup iteration=0 component=o_store component_id=8 lut_exp=0 scna_layout=0 scna_width=0 qo_len=4 kv_len=4096 n_heads=12 n_kv_heads=2 head_dim=128 kv_head=1 worker=0 block_r=0 block_c=-1 t0_us=261366956746 t1_us=261366956748 dur_us=2
FIG8_ATTENTION_CHECKSUM mode=baseline layout=serial scna_width=8 seed=figure8_fixed phase=warmup iteration=0 checksum=0x9a6ac7b72c8d7f2f
FIG8_ATTENTION_HOST_TIMING mode=baseline layout=serial variant=pair_static_d8 workers=1 scna_width=8 seed=figure8_fixed mask_mode=full qo_len=32 kv_len=4096 n_heads=12 n_kv_heads=2 head_dim=128 phase=measure iteration=0 host_elapsed_us=5408 ret=0
FIG8_ATTENTION_PROFILE_COUNT mode=baseline qo_len=32 phase=measure iteration=0 records=16 max_records=24
FIG8_ATTENTION_WORKERS mode=baseline variant=pair_static_d8 qo_len=32 phase=measure iteration=0 requested_workers=1 active_workers=1 hvx_contexts=6 vtcm_worker_cap=8 tasks=16 q_task_rows=4
FIG8_ATTENTION_TIMERS mode=baseline layout=serial phase=measure iteration=0 lut_exp=0 scna_layout=0 scna_width=0 qo_len=4 kv_len=4096 n_heads=12 n_kv_heads=2 head_dim=128 kv_head=0 worker=1 profiled_total=273 q_load=1 k_load=68 v_load=84 qk_dot=1 safe_sm=114 scna_exp=0 state_update=1 param_prepare=0 core_acc=3 o_scale=1 o_store=1
FIG8_ATTENTION_TIMERS mode=baseline layout=serial phase=measure iteration=0 lut_exp=0 scna_layout=0 scna_width=0 qo_len=4 kv_len=4096 n_heads=12 n_kv_heads=2 head_dim=128 kv_head=1 worker=1 profiled_total=276 q_load=2 k_load=70 v_load=84 qk_dot=1 safe_sm=114 scna_exp=0 state_update=0 param_prepare=0 core_acc=1 o_scale=2 o_store=2
FIG8_ATTENTION_TIMERS mode=baseline layout=serial phase=measure iteration=0 lut_exp=0 scna_layout=0 scna_width=0 qo_len=4 kv_len=4096 n_heads=12 n_kv_heads=2 head_dim=128 kv_head=0 worker=1 profiled_total=265 q_load=1 k_load=68 v_load=72 qk_dot=2 safe_sm=116 scna_exp=0 state_update=1 param_prepare=0 core_acc=4 o_scale=1 o_store=1
FIG8_ATTENTION_TIMERS mode=baseline layout=serial phase=measure iteration=0 lut_exp=0 scna_layout=0 scna_width=0 qo_len=4 kv_len=4096 n_heads=12 n_kv_heads=2 head_dim=128 kv_head=1 worker=1 profiled_total=261 q_load=1 k_load=68 v_load=74 qk_dot=1 safe_sm=112 scna_exp=0 state_update=0 param_prepare=0 core_acc=3 o_scale=1 o_store=1
FIG8_ATTENTION_TIMERS mode=baseline layout=serial phase=measure iteration=0 lut_exp=0 scna_layout=0 scna_width=0 qo_len=4 kv_len=4096 n_heads=12 n_kv_heads=2 head_dim=128 kv_head=0 worker=1 profiled_total=271 q_load=1 k_load=69 v_load=80 qk_dot=2 safe_sm=114 scna_exp=0 state_update=1 param_prepare=0 core_acc=3 o_scale=1 o_store=1
FIG8_ATTENTION_TIMERS mode=baseline layout=serial phase=measure iteration=0 lut_exp=0 scna_layout=0 scna_width=0 qo_len=4 kv_len=4096 n_heads=12 n_kv_heads=2 head_dim=128 kv_head=1 worker=1 profiled_total=277 q_load=2 k_load=70 v_load=80 qk_dot=1 safe_sm=115 scna_exp=0 state_update=2 param_prepare=0 core_acc=5 o_scale=2 o_store=2
FIG8_ATTENTION_TIMERS mode=baseline layout=serial phase=measure iteration=0 lut_exp=0 scna_layout=0 scna_width=0 qo_len=4 kv_len=4096 n_heads=12 n_kv_heads=2 head_dim=128 kv_head=0 worker=1 profiled_total=257 q_load=1 k_load=66 v_load=72 qk_dot=2 safe_sm=113 scna_exp=0 state_update=0 param_prepare=0 core_acc=1 o_scale=1 o_store=1
FIG8_ATTENTION_TIMERS mode=baseline layout=serial phase=measure iteration=0 lut_exp=0 scna_layout=0 scna_width=0 qo_len=4 kv_len=4096 n_heads=12 n_kv_heads=2 head_dim=128 kv_head=1 worker=1 profiled_total=262 q_load=2 k_load=69 v_load=69 qk_dot=2 safe_sm=114 scna_exp=0 state_update=0 param_prepare=0 core_acc=2 o_scale=2 o_store=2
FIG8_ATTENTION_TIMERS mode=baseline layout=serial phase=measure iteration=0 lut_exp=0 scna_layout=0 scna_width=0 qo_len=4 kv_len=4096 n_heads=12 n_kv_heads=2 head_dim=128 kv_head=0 worker=1 profiled_total=275 q_load=1 k_load=67 v_load=79 qk_dot=2 safe_sm=118 scna_exp=0 state_update=1 param_prepare=0 core_acc=6 o_scale=1 o_store=1
FIG8_ATTENTION_TIMERS mode=baseline layout=serial phase=measure iteration=0 lut_exp=0 scna_layout=0 scna_width=0 qo_len=4 kv_len=4096 n_heads=12 n_kv_heads=2 head_dim=128 kv_head=1 worker=1 profiled_total=274 q_load=1 k_load=67 v_load=85 qk_dot=1 safe_sm=114 scna_exp=0 state_update=0 param_prepare=0 core_acc=2 o_scale=2 o_store=2
FIG8_ATTENTION_TIMERS mode=baseline layout=serial phase=measure iteration=0 lut_exp=0 scna_layout=0 scna_width=0 qo_len=4 kv_len=4096 n_heads=12 n_kv_heads=2 head_dim=128 kv_head=0 worker=1 profiled_total=269 q_load=1 k_load=68 v_load=79 qk_dot=1 safe_sm=115 scna_exp=0 state_update=1 param_prepare=0 core_acc=3 o_scale=1 o_store=1
FIG8_ATTENTION_TIMERS mode=baseline layout=serial phase=measure iteration=0 lut_exp=0 scna_layout=0 scna_width=0 qo_len=4 kv_len=4096 n_heads=12 n_kv_heads=2 head_dim=128 kv_head=1 worker=1 profiled_total=273 q_load=2 k_load=67 v_load=78 qk_dot=2 safe_sm=117 scna_exp=0 state_update=1 param_prepare=0 core_acc=4 o_scale=1 o_store=2
FIG8_ATTENTION_TIMERS mode=baseline layout=serial phase=measure iteration=0 lut_exp=0 scna_layout=0 scna_width=0 qo_len=4 kv_len=4096 n_heads=12 n_kv_heads=2 head_dim=128 kv_head=0 worker=1 profiled_total=259 q_load=1 k_load=68 v_load=74 qk_dot=1 safe_sm=111 scna_exp=0 state_update=1 param_prepare=0 core_acc=2 o_scale=1 o_store=1
FIG8_ATTENTION_TIMERS mode=baseline layout=serial phase=measure iteration=0 lut_exp=0 scna_layout=0 scna_width=0 qo_len=4 kv_len=4096 n_heads=12 n_kv_heads=2 head_dim=128 kv_head=1 worker=1 profiled_total=270 q_load=2 k_load=71 v_load=76 qk_dot=1 safe_sm=114 scna_exp=0 state_update=1 param_prepare=0 core_acc=3 o_scale=1 o_store=2
FIG8_ATTENTION_TIMERS mode=baseline layout=serial phase=measure iteration=0 lut_exp=0 scna_layout=0 scna_width=0 qo_len=4 kv_len=4096 n_heads=12 n_kv_heads=2 head_dim=128 kv_head=0 worker=1 profiled_total=273 q_load=1 k_load=67 v_load=80 qk_dot=2 safe_sm=117 scna_exp=0 state_update=1 param_prepare=0 core_acc=4 o_scale=1 o_store=1
FIG8_ATTENTION_TIMERS mode=baseline layout=serial phase=measure iteration=0 lut_exp=0 scna_layout=0 scna_width=0 qo_len=4 kv_len=4096 n_heads=12 n_kv_heads=2 head_dim=128 kv_head=1 worker=1 profiled_total=274 q_load=2 k_load=67 v_load=82 qk_dot=1 safe_sm=116 scna_exp=0 state_update=1 param_prepare=0 core_acc=3 o_scale=1 o_store=2
FIG8_ATTENTION_EVENT_COUNT mode=baseline qo_len=32 phase=measure iteration=0 events=368 max_events=33152 overflow=0
FIG8_ATTENTION_EVENT mode=baseline layout=serial phase=measure iteration=0 component=q_load component_id=1 lut_exp=0 scna_layout=0 scna_width=0 qo_len=4 kv_len=4096 n_heads=12 n_kv_heads=2 head_dim=128 kv_head=0 worker=1 block_r=0 block_c=-1 t0_us=261366959378 t1_us=261366959380 dur_us=1
FIG8_ATTENTION_EVENT mode=baseline layout=serial phase=measure iteration=0 component=k_load component_id=2 lut_exp=0 scna_layout=0 scna_width=0 qo_len=4 kv_len=4096 n_heads=12 n_kv_heads=2 head_dim=128 kv_head=0 worker=1 block_r=0 block_c=0 t0_us=261366959381 t1_us=261366959402 dur_us=20
FIG8_ATTENTION_EVENT mode=baseline layout=serial phase=measure iteration=0 component=qk_dot component_id=4 lut_exp=0 scna_layout=0 scna_width=0 qo_len=4 kv_len=4096 n_heads=12 n_kv_heads=2 head_dim=128 kv_head=0 worker=1 block_r=0 block_c=0 t0_us=261366959402 t1_us=261366959403 dur_us=0
FIG8_ATTENTION_EVENT mode=baseline layout=serial phase=measure iteration=0 component=safe_sm component_id=5 lut_exp=0 scna_layout=0 scna_width=0 qo_len=4 kv_len=4096 n_heads=12 n_kv_heads=2 head_dim=128 kv_head=0 worker=1 block_r=0 block_c=0 t0_us=261366959403 t1_us=261366959441 dur_us=37
FIG8_ATTENTION_EVENT mode=baseline layout=serial phase=measure iteration=0 component=v_load component_id=3 lut_exp=0 scna_layout=0 scna_width=0 qo_len=4 kv_len=4096 n_heads=12 n_kv_heads=2 head_dim=128 kv_head=0 worker=1 block_r=0 block_c=0 t0_us=261366959441 t1_us=261366959473 dur_us=31
FIG8_ATTENTION_EVENT mode=baseline layout=serial phase=measure iteration=0 component=core_acc component_id=6 lut_exp=0 scna_layout=0 scna_width=0 qo_len=4 kv_len=4096 n_heads=12 n_kv_heads=2 head_dim=128 kv_head=0 worker=1 block_r=0 block_c=0 t0_us=261366959473 t1_us=261366959476 dur_us=2
FIG8_ATTENTION_EVENT mode=baseline layout=serial phase=measure iteration=0 component=k_load component_id=2 lut_exp=0 scna_layout=0 scna_width=0 qo_len=4 kv_len=4096 n_heads=12 n_kv_heads=2 head_dim=128 kv_head=0 worker=1 block_r=0 block_c=1280 t0_us=261366959476 t1_us=261366959499 dur_us=22
FIG8_ATTENTION_EVENT mode=baseline layout=serial phase=measure iteration=0 component=qk_dot component_id=4 lut_exp=0 scna_layout=0 scna_width=0 qo_len=4 kv_len=4096 n_heads=12 n_kv_heads=2 head_dim=128 kv_head=0 worker=1 block_r=0 block_c=1280 t0_us=261366959499 t1_us=261366959500 dur_us=0
FIG8_ATTENTION_EVENT mode=baseline layout=serial phase=measure iteration=0 component=safe_sm component_id=5 lut_exp=0 scna_layout=0 scna_width=0 qo_len=4 kv_len=4096 n_heads=12 n_kv_heads=2 head_dim=128 kv_head=0 worker=1 block_r=0 block_c=1280 t0_us=261366959500 t1_us=261366959534 dur_us=33
FIG8_ATTENTION_EVENT mode=baseline layout=serial phase=measure iteration=0 component=v_load component_id=3 lut_exp=0 scna_layout=0 scna_width=0 qo_len=4 kv_len=4096 n_heads=12 n_kv_heads=2 head_dim=128 kv_head=0 worker=1 block_r=0 block_c=1280 t0_us=261366959534 t1_us=261366959556 dur_us=22
FIG8_ATTENTION_EVENT mode=baseline layout=serial phase=measure iteration=0 component=core_acc component_id=6 lut_exp=0 scna_layout=0 scna_width=0 qo_len=4 kv_len=4096 n_heads=12 n_kv_heads=2 head_dim=128 kv_head=0 worker=1 block_r=0 block_c=1280 t0_us=261366959556 t1_us=261366959556 dur_us=0
FIG8_ATTENTION_EVENT mode=baseline layout=serial phase=measure iteration=0 component=k_load component_id=2 lut_exp=0 scna_layout=0 scna_width=0 qo_len=4 kv_len=4096 n_heads=12 n_kv_heads=2 head_dim=128 kv_head=0 worker=1 block_r=0 block_c=2560 t0_us=261366959556 t1_us=261366959577 dur_us=20
FIG8_ATTENTION_EVENT mode=baseline layout=serial phase=measure iteration=0 component=qk_dot component_id=4 lut_exp=0 scna_layout=0 scna_width=0 qo_len=4 kv_len=4096 n_heads=12 n_kv_heads=2 head_dim=128 kv_head=0 worker=1 block_r=0 block_c=2560 t0_us=261366959577 t1_us=261366959578 dur_us=0
FIG8_ATTENTION_EVENT mode=baseline layout=serial phase=measure iteration=0 component=safe_sm component_id=5 lut_exp=0 scna_layout=0 scna_width=0 qo_len=4 kv_len=4096 n_heads=12 n_kv_heads=2 head_dim=128 kv_head=0 worker=1 block_r=0 block_c=2560 t0_us=261366959578 t1_us=261366959613 dur_us=34
FIG8_ATTENTION_EVENT mode=baseline layout=serial phase=measure iteration=0 component=v_load component_id=3 lut_exp=0 scna_layout=0 scna_width=0 qo_len=4 kv_len=4096 n_heads=12 n_kv_heads=2 head_dim=128 kv_head=0 worker=1 block_r=0 block_c=2560 t0_us=261366959613 t1_us=261366959641 dur_us=27
FIG8_ATTENTION_EVENT mode=baseline layout=serial phase=measure iteration=0 component=core_acc component_id=6 lut_exp=0 scna_layout=0 scna_width=0 qo_len=4 kv_len=4096 n_heads=12 n_kv_heads=2 head_dim=128 kv_head=0 worker=1 block_r=0 block_c=2560 t0_us=261366959641 t1_us=261366959641 dur_us=0
FIG8_ATTENTION_EVENT mode=baseline layout=serial phase=measure iteration=0 component=k_load component_id=2 lut_exp=0 scna_layout=0 scna_width=0 qo_len=4 kv_len=4096 n_heads=12 n_kv_heads=2 head_dim=128 kv_head=0 worker=1 block_r=0 block_c=3840 t0_us=261366959641 t1_us=261366959645 dur_us=4
FIG8_ATTENTION_EVENT mode=baseline layout=serial phase=measure iteration=0 component=qk_dot component_id=4 lut_exp=0 scna_layout=0 scna_width=0 qo_len=4 kv_len=4096 n_heads=12 n_kv_heads=2 head_dim=128 kv_head=0 worker=1 block_r=0 block_c=3840 t0_us=261366959645 t1_us=261366959645 dur_us=0
FIG8_ATTENTION_EVENT mode=baseline layout=serial phase=measure iteration=0 component=safe_sm component_id=5 lut_exp=0 scna_layout=0 scna_width=0 qo_len=4 kv_len=4096 n_heads=12 n_kv_heads=2 head_dim=128 kv_head=0 worker=1 block_r=0 block_c=3840 t0_us=261366959646 t1_us=261366959654 dur_us=8
FIG8_ATTENTION_EVENT mode=baseline layout=serial phase=measure iteration=0 component=v_load component_id=3 lut_exp=0 scna_layout=0 scna_width=0 qo_len=4 kv_len=4096 n_heads=12 n_kv_heads=2 head_dim=128 kv_head=0 worker=1 block_r=0 block_c=3840 t0_us=261366959654 t1_us=261366959656 dur_us=2
FIG8_ATTENTION_EVENT mode=baseline layout=serial phase=measure iteration=0 component=core_acc component_id=6 lut_exp=0 scna_layout=0 scna_width=0 qo_len=4 kv_len=4096 n_heads=12 n_kv_heads=2 head_dim=128 kv_head=0 worker=1 block_r=0 block_c=3840 t0_us=261366959657 t1_us=261366959657 dur_us=0
FIG8_ATTENTION_EVENT mode=baseline layout=serial phase=measure iteration=0 component=o_scale component_id=7 lut_exp=0 scna_layout=0 scna_width=0 qo_len=4 kv_len=4096 n_heads=12 n_kv_heads=2 head_dim=128 kv_head=0 worker=1 block_r=0 block_c=-1 t0_us=261366959658 t1_us=261366959659 dur_us=1
FIG8_ATTENTION_EVENT mode=baseline layout=serial phase=measure iteration=0 component=o_store component_id=8 lut_exp=0 scna_layout=0 scna_width=0 qo_len=4 kv_len=4096 n_heads=12 n_kv_heads=2 head_dim=128 kv_head=0 worker=1 block_r=0 block_c=-1 t0_us=261366959660 t1_us=261366959662 dur_us=1
FIG8_ATTENTION_EVENT mode=baseline layout=serial phase=measure iteration=0 component=q_load component_id=1 lut_exp=0 scna_layout=0 scna_width=0 qo_len=4 kv_len=4096 n_heads=12 n_kv_heads=2 head_dim=128 kv_head=1 worker=1 block_r=0 block_c=-1 t0_us=261366959712 t1_us=261366959714 dur_us=2
FIG8_ATTENTION_EVENT mode=baseline layout=serial phase=measure iteration=0 component=k_load component_id=2 lut_exp=0 scna_layout=0 scna_width=0 qo_len=4 kv_len=4096 n_heads=12 n_kv_heads=2 head_dim=128 kv_head=1 worker=1 block_r=0 block_c=0 t0_us=261366959715 t1_us=261366959736 dur_us=21
FIG8_ATTENTION_EVENT mode=baseline layout=serial phase=measure iteration=0 component=qk_dot component_id=4 lut_exp=0 scna_layout=0 scna_width=0 qo_len=4 kv_len=4096 n_heads=12 n_kv_heads=2 head_dim=128 kv_head=1 worker=1 block_r=0 block_c=0 t0_us=261366959737 t1_us=261366959738 dur_us=0
FIG8_ATTENTION_EVENT mode=baseline layout=serial phase=measure iteration=0 component=safe_sm component_id=5 lut_exp=0 scna_layout=0 scna_width=0 qo_len=4 kv_len=4096 n_heads=12 n_kv_heads=2 head_dim=128 kv_head=1 worker=1 block_r=0 block_c=0 t0_us=261366959738 t1_us=261366959774 dur_us=36
FIG8_ATTENTION_EVENT mode=baseline layout=serial phase=measure iteration=0 component=v_load component_id=3 lut_exp=0 scna_layout=0 scna_width=0 qo_len=4 kv_len=4096 n_heads=12 n_kv_heads=2 head_dim=128 kv_head=1 worker=1 block_r=0 block_c=0 t0_us=261366959774 t1_us=261366959804 dur_us=29
FIG8_ATTENTION_EVENT mode=baseline layout=serial phase=measure iteration=0 component=core_acc component_id=6 lut_exp=0 scna_layout=0 scna_width=0 qo_len=4 kv_len=4096 n_heads=12 n_kv_heads=2 head_dim=128 kv_head=1 worker=1 block_r=0 block_c=0 t0_us=261366959804 t1_us=261366959806 dur_us=1
FIG8_ATTENTION_EVENT mode=baseline layout=serial phase=measure iteration=0 component=k_load component_id=2 lut_exp=0 scna_layout=0 scna_width=0 qo_len=4 kv_len=4096 n_heads=12 n_kv_heads=2 head_dim=128 kv_head=1 worker=1 block_r=0 block_c=1280 t0_us=261366959806 t1_us=261366959829 dur_us=22
FIG8_ATTENTION_EVENT mode=baseline layout=serial phase=measure iteration=0 component=qk_dot component_id=4 lut_exp=0 scna_layout=0 scna_width=0 qo_len=4 kv_len=4096 n_heads=12 n_kv_heads=2 head_dim=128 kv_head=1 worker=1 block_r=0 block_c=1280 t0_us=261366959829 t1_us=261366959830 dur_us=0
FIG8_ATTENTION_EVENT mode=baseline layout=serial phase=measure iteration=0 component=safe_sm component_id=5 lut_exp=0 scna_layout=0 scna_width=0 qo_len=4 kv_len=4096 n_heads=12 n_kv_heads=2 head_dim=128 kv_head=1 worker=1 block_r=0 block_c=1280 t0_us=261366959830 t1_us=261366959864 dur_us=34
FIG8_ATTENTION_EVENT mode=baseline layout=serial phase=measure iteration=0 component=v_load component_id=3 lut_exp=0 scna_layout=0 scna_width=0 qo_len=4 kv_len=4096 n_heads=12 n_kv_heads=2 head_dim=128 kv_head=1 worker=1 block_r=0 block_c=1280 t0_us=261366959864 t1_us=261366959885 dur_us=20
FIG8_ATTENTION_EVENT mode=baseline layout=serial phase=measure iteration=0 component=core_acc component_id=6 lut_exp=0 scna_layout=0 scna_width=0 qo_len=4 kv_len=4096 n_heads=12 n_kv_heads=2 head_dim=128 kv_head=1 worker=1 block_r=0 block_c=1280 t0_us=261366959885 t1_us=261366959885 dur_us=0
FIG8_ATTENTION_EVENT mode=baseline layout=serial phase=measure iteration=0 component=k_load component_id=2 lut_exp=0 scna_layout=0 scna_width=0 qo_len=4 kv_len=4096 n_heads=12 n_kv_heads=2 head_dim=128 kv_head=1 worker=1 block_r=0 block_c=2560 t0_us=261366959885 t1_us=261366959908 dur_us=22
FIG8_ATTENTION_EVENT mode=baseline layout=serial phase=measure iteration=0 component=qk_dot component_id=4 lut_exp=0 scna_layout=0 scna_width=0 qo_len=4 kv_len=4096 n_heads=12 n_kv_heads=2 head_dim=128 kv_head=1 worker=1 block_r=0 block_c=2560 t0_us=261366959908 t1_us=261366959909 dur_us=0
FIG8_ATTENTION_EVENT mode=baseline layout=serial phase=measure iteration=0 component=safe_sm component_id=5 lut_exp=0 scna_layout=0 scna_width=0 qo_len=4 kv_len=4096 n_heads=12 n_kv_heads=2 head_dim=128 kv_head=1 worker=1 block_r=0 block_c=2560 t0_us=261366959909 t1_us=261366959944 dur_us=35
FIG8_ATTENTION_EVENT mode=baseline layout=serial phase=measure iteration=0 component=v_load component_id=3 lut_exp=0 scna_layout=0 scna_width=0 qo_len=4 kv_len=4096 n_heads=12 n_kv_heads=2 head_dim=128 kv_head=1 worker=1 block_r=0 block_c=2560 t0_us=261366959944 t1_us=261366959976 dur_us=32
FIG8_ATTENTION_EVENT mode=baseline layout=serial phase=measure iteration=0 component=core_acc component_id=6 lut_exp=0 scna_layout=0 scna_width=0 qo_len=4 kv_len=4096 n_heads=12 n_kv_heads=2 head_dim=128 kv_head=1 worker=1 block_r=0 block_c=2560 t0_us=261366959976 t1_us=261366959976 dur_us=0
FIG8_ATTENTION_EVENT mode=baseline layout=serial phase=measure iteration=0 component=k_load component_id=2 lut_exp=0 scna_layout=0 scna_width=0 qo_len=4 kv_len=4096 n_heads=12 n_kv_heads=2 head_dim=128 kv_head=1 worker=1 block_r=0 block_c=3840 t0_us=261366959976 t1_us=261366959981 dur_us=4
FIG8_ATTENTION_EVENT mode=baseline layout=serial phase=measure iteration=0 component=qk_dot component_id=4 lut_exp=0 scna_layout=0 scna_width=0 qo_len=4 kv_len=4096 n_heads=12 n_kv_heads=2 head_dim=128 kv_head=1 worker=1 block_r=0 block_c=3840 t0_us=261366959981 t1_us=261366959981 dur_us=0
FIG8_ATTENTION_EVENT mode=baseline layout=serial phase=measure iteration=0 component=safe_sm component_id=5 lut_exp=0 scna_layout=0 scna_width=0 qo_len=4 kv_len=4096 n_heads=12 n_kv_heads=2 head_dim=128 kv_head=1 worker=1 block_r=0 block_c=3840 t0_us=261366959981 t1_us=261366959990 dur_us=9
FIG8_ATTENTION_EVENT mode=baseline layout=serial phase=measure iteration=0 component=v_load component_id=3 lut_exp=0 scna_layout=0 scna_width=0 qo_len=4 kv_len=4096 n_heads=12 n_kv_heads=2 head_dim=128 kv_head=1 worker=1 block_r=0 block_c=3840 t0_us=261366959990 t1_us=261366959992 dur_us=2
FIG8_ATTENTION_EVENT mode=baseline layout=serial phase=measure iteration=0 component=core_acc component_id=6 lut_exp=0 scna_layout=0 scna_width=0 qo_len=4 kv_len=4096 n_heads=12 n_kv_heads=2 head_dim=128 kv_head=1 worker=1 block_r=0 block_c=3840 t0_us=261366959992 t1_us=261366959992 dur_us=0
FIG8_ATTENTION_EVENT mode=baseline layout=serial phase=measure iteration=0 component=o_scale component_id=7 lut_exp=0 scna_layout=0 scna_width=0 qo_len=4 kv_len=4096 n_heads=12 n_kv_heads=2 head_dim=128 kv_head=1 worker=1 block_r=0 block_c=-1 t0_us=261366959993 t1_us=261366959995 dur_us=2
FIG8_ATTENTION_EVENT mode=baseline layout=serial phase=measure iteration=0 component=o_store component_id=8 lut_exp=0 scna_layout=0 scna_width=0 qo_len=4 kv_len=4096 n_heads=12 n_kv_heads=2 head_dim=128 kv_head=1 worker=1 block_r=0 block_c=-1 t0_us=261366959995 t1_us=261366959997 dur_us=2
FIG8_ATTENTION_EVENT mode=baseline layout=serial phase=measure iteration=0 component=q_load component_id=1 lut_exp=0 scna_layout=0 scna_width=0 qo_len=4 kv_len=4096 n_heads=12 n_kv_heads=2 head_dim=128 kv_head=0 worker=1 block_r=0 block_c=-1 t0_us=261366960041 t1_us=261366960042 dur_us=1
FIG8_ATTENTION_EVENT mode=baseline layout=serial phase=measure iteration=0 component=k_load component_id=2 lut_exp=0 scna_layout=0 scna_width=0 qo_len=4 kv_len=4096 n_heads=12 n_kv_heads=2 head_dim=128 kv_head=0 worker=1 block_r=0 block_c=0 t0_us=261366960044 t1_us=261366960065 dur_us=21
FIG8_ATTENTION_EVENT mode=baseline layout=serial phase=measure iteration=0 component=qk_dot component_id=4 lut_exp=0 scna_layout=0 scna_width=0 qo_len=4 kv_len=4096 n_heads=12 n_kv_heads=2 head_dim=128 kv_head=0 worker=1 block_r=0 block_c=0 t0_us=261366960065 t1_us=261366960067 dur_us=1
FIG8_ATTENTION_EVENT mode=baseline layout=serial phase=measure iteration=0 component=safe_sm component_id=5 lut_exp=0 scna_layout=0 scna_width=0 qo_len=4 kv_len=4096 n_heads=12 n_kv_heads=2 head_dim=128 kv_head=0 worker=1 block_r=0 block_c=0 t0_us=261366960067 t1_us=261366960105 dur_us=37
FIG8_ATTENTION_EVENT mode=baseline layout=serial phase=measure iteration=0 component=v_load component_id=3 lut_exp=0 scna_layout=0 scna_width=0 qo_len=4 kv_len=4096 n_heads=12 n_kv_heads=2 head_dim=128 kv_head=0 worker=1 block_r=0 block_c=0 t0_us=261366960105 t1_us=261366960124 dur_us=19
FIG8_ATTENTION_EVENT mode=baseline layout=serial phase=measure iteration=0 component=core_acc component_id=6 lut_exp=0 scna_layout=0 scna_width=0 qo_len=4 kv_len=4096 n_heads=12 n_kv_heads=2 head_dim=128 kv_head=0 worker=1 block_r=0 block_c=0 t0_us=261366960125 t1_us=261366960128 dur_us=3
FIG8_ATTENTION_EVENT mode=baseline layout=serial phase=measure iteration=0 component=k_load component_id=2 lut_exp=0 scna_layout=0 scna_width=0 qo_len=4 kv_len=4096 n_heads=12 n_kv_heads=2 head_dim=128 kv_head=0 worker=1 block_r=0 block_c=1280 t0_us=261366960128 t1_us=261366960150 dur_us=22
FIG8_ATTENTION_EVENT mode=baseline layout=serial phase=measure iteration=0 component=qk_dot component_id=4 lut_exp=0 scna_layout=0 scna_width=0 qo_len=4 kv_len=4096 n_heads=12 n_kv_heads=2 head_dim=128 kv_head=0 worker=1 block_r=0 block_c=1280 t0_us=261366960150 t1_us=261366960151 dur_us=0
FIG8_ATTENTION_EVENT mode=baseline layout=serial phase=measure iteration=0 component=safe_sm component_id=5 lut_exp=0 scna_layout=0 scna_width=0 qo_len=4 kv_len=4096 n_heads=12 n_kv_heads=2 head_dim=128 kv_head=0 worker=1 block_r=0 block_c=1280 t0_us=261366960151 t1_us=261366960185 dur_us=33
FIG8_ATTENTION_EVENT mode=baseline layout=serial phase=measure iteration=0 component=v_load component_id=3 lut_exp=0 scna_layout=0 scna_width=0 qo_len=4 kv_len=4096 n_heads=12 n_kv_heads=2 head_dim=128 kv_head=0 worker=1 block_r=0 block_c=1280 t0_us=261366960185 t1_us=261366960209 dur_us=24
FIG8_ATTENTION_EVENT mode=baseline layout=serial phase=measure iteration=0 component=core_acc component_id=6 lut_exp=0 scna_layout=0 scna_width=0 qo_len=4 kv_len=4096 n_heads=12 n_kv_heads=2 head_dim=128 kv_head=0 worker=1 block_r=0 block_c=1280 t0_us=261366960209 t1_us=261366960210 dur_us=1
FIG8_ATTENTION_EVENT mode=baseline layout=serial phase=measure iteration=0 component=k_load component_id=2 lut_exp=0 scna_layout=0 scna_width=0 qo_len=4 kv_len=4096 n_heads=12 n_kv_heads=2 head_dim=128 kv_head=0 worker=1 block_r=0 block_c=2560 t0_us=261366960210 t1_us=261366960232 dur_us=21
FIG8_ATTENTION_EVENT mode=baseline layout=serial phase=measure iteration=0 component=qk_dot component_id=4 lut_exp=0 scna_layout=0 scna_width=0 qo_len=4 kv_len=4096 n_heads=12 n_kv_heads=2 head_dim=128 kv_head=0 worker=1 block_r=0 block_c=2560 t0_us=261366960232 t1_us=261366960233 dur_us=0
FIG8_ATTENTION_EVENT mode=baseline layout=serial phase=measure iteration=0 component=safe_sm component_id=5 lut_exp=0 scna_layout=0 scna_width=0 qo_len=4 kv_len=4096 n_heads=12 n_kv_heads=2 head_dim=128 kv_head=0 worker=1 block_r=0 block_c=2560 t0_us=261366960233 t1_us=261366960269 dur_us=35
FIG8_ATTENTION_EVENT mode=baseline layout=serial phase=measure iteration=0 component=v_load component_id=3 lut_exp=0 scna_layout=0 scna_width=0 qo_len=4 kv_len=4096 n_heads=12 n_kv_heads=2 head_dim=128 kv_head=0 worker=1 block_r=0 block_c=2560 t0_us=261366960270 t1_us=261366960297 dur_us=26
FIG8_ATTENTION_EVENT mode=baseline layout=serial phase=measure iteration=0 component=core_acc component_id=6 lut_exp=0 scna_layout=0 scna_width=0 qo_len=4 kv_len=4096 n_heads=12 n_kv_heads=2 head_dim=128 kv_head=0 worker=1 block_r=0 block_c=2560 t0_us=261366960297 t1_us=261366960297 dur_us=0
FIG8_ATTENTION_EVENT mode=baseline layout=serial phase=measure iteration=0 component=k_load component_id=2 lut_exp=0 scna_layout=0 scna_width=0 qo_len=4 kv_len=4096 n_heads=12 n_kv_heads=2 head_dim=128 kv_head=0 worker=1 block_r=0 block_c=3840 t0_us=261366960297 t1_us=261366960301 dur_us=3
FIG8_ATTENTION_EVENT mode=baseline layout=serial phase=measure iteration=0 component=qk_dot component_id=4 lut_exp=0 scna_layout=0 scna_width=0 qo_len=4 kv_len=4096 n_heads=12 n_kv_heads=2 head_dim=128 kv_head=0 worker=1 block_r=0 block_c=3840 t0_us=261366960301 t1_us=261366960301 dur_us=0
FIG8_ATTENTION_EVENT mode=baseline layout=serial phase=measure iteration=0 component=safe_sm component_id=5 lut_exp=0 scna_layout=0 scna_width=0 qo_len=4 kv_len=4096 n_heads=12 n_kv_heads=2 head_dim=128 kv_head=0 worker=1 block_r=0 block_c=3840 t0_us=261366960302 t1_us=261366960311 dur_us=9
FIG8_ATTENTION_EVENT mode=baseline layout=serial phase=measure iteration=0 component=v_load component_id=3 lut_exp=0 scna_layout=0 scna_width=0 qo_len=4 kv_len=4096 n_heads=12 n_kv_heads=2 head_dim=128 kv_head=0 worker=1 block_r=0 block_c=3840 t0_us=261366960311 t1_us=261366960313 dur_us=2
FIG8_ATTENTION_EVENT mode=baseline layout=serial phase=measure iteration=0 component=core_acc component_id=6 lut_exp=0 scna_layout=0 scna_width=0 qo_len=4 kv_len=4096 n_heads=12 n_kv_heads=2 head_dim=128 kv_head=0 worker=1 block_r=0 block_c=3840 t0_us=261366960313 t1_us=261366960313 dur_us=0
FIG8_ATTENTION_EVENT mode=baseline layout=serial phase=measure iteration=0 component=o_scale component_id=7 lut_exp=0 scna_layout=0 scna_width=0 qo_len=4 kv_len=4096 n_heads=12 n_kv_heads=2 head_dim=128 kv_head=0 worker=1 block_r=0 block_c=-1 t0_us=261366960313 t1_us=261366960315 dur_us=1
FIG8_ATTENTION_EVENT mode=baseline layout=serial phase=measure iteration=0 component=o_store component_id=8 lut_exp=0 scna_layout=0 scna_width=0 qo_len=4 kv_len=4096 n_heads=12 n_kv_heads=2 head_dim=128 kv_head=0 worker=1 block_r=0 block_c=-1 t0_us=261366960315 t1_us=261366960317 dur_us=1
FIG8_ATTENTION_EVENT mode=baseline layout=serial phase=measure iteration=0 component=q_load component_id=1 lut_exp=0 scna_layout=0 scna_width=0 qo_len=4 kv_len=4096 n_heads=12 n_kv_heads=2 head_dim=128 kv_head=1 worker=1 block_r=0 block_c=-1 t0_us=261366960362 t1_us=261366960364 dur_us=1
FIG8_ATTENTION_EVENT mode=baseline layout=serial phase=measure iteration=0 component=k_load component_id=2 lut_exp=0 scna_layout=0 scna_width=0 qo_len=4 kv_len=4096 n_heads=12 n_kv_heads=2 head_dim=128 kv_head=1 worker=1 block_r=0 block_c=0 t0_us=261366960365 t1_us=261366960387 dur_us=21
FIG8_ATTENTION_EVENT mode=baseline layout=serial phase=measure iteration=0 component=qk_dot component_id=4 lut_exp=0 scna_layout=0 scna_width=0 qo_len=4 kv_len=4096 n_heads=12 n_kv_heads=2 head_dim=128 kv_head=1 worker=1 block_r=0 block_c=0 t0_us=261366960387 t1_us=261366960388 dur_us=0
FIG8_ATTENTION_EVENT mode=baseline layout=serial phase=measure iteration=0 component=safe_sm component_id=5 lut_exp=0 scna_layout=0 scna_width=0 qo_len=4 kv_len=4096 n_heads=12 n_kv_heads=2 head_dim=128 kv_head=1 worker=1 block_r=0 block_c=0 t0_us=261366960388 t1_us=261366960424 dur_us=36
FIG8_ATTENTION_EVENT mode=baseline layout=serial phase=measure iteration=0 component=v_load component_id=3 lut_exp=0 scna_layout=0 scna_width=0 qo_len=4 kv_len=4096 n_heads=12 n_kv_heads=2 head_dim=128 kv_head=1 worker=1 block_r=0 block_c=0 t0_us=261366960424 t1_us=261366960446 dur_us=22
FIG8_ATTENTION_EVENT mode=baseline layout=serial phase=measure iteration=0 component=core_acc component_id=6 lut_exp=0 scna_layout=0 scna_width=0 qo_len=4 kv_len=4096 n_heads=12 n_kv_heads=2 head_dim=128 kv_head=1 worker=1 block_r=0 block_c=0 t0_us=261366960447 t1_us=261366960449 dur_us=1
FIG8_ATTENTION_EVENT mode=baseline layout=serial phase=measure iteration=0 component=k_load component_id=2 lut_exp=0 scna_layout=0 scna_width=0 qo_len=4 kv_len=4096 n_heads=12 n_kv_heads=2 head_dim=128 kv_head=1 worker=1 block_r=0 block_c=1280 t0_us=261366960450 t1_us=261366960472 dur_us=21
FIG8_ATTENTION_EVENT mode=baseline layout=serial phase=measure iteration=0 component=qk_dot component_id=4 lut_exp=0 scna_layout=0 scna_width=0 qo_len=4 kv_len=4096 n_heads=12 n_kv_heads=2 head_dim=128 kv_head=1 worker=1 block_r=0 block_c=1280 t0_us=261366960472 t1_us=261366960472 dur_us=0
FIG8_ATTENTION_EVENT mode=baseline layout=serial phase=measure iteration=0 component=safe_sm component_id=5 lut_exp=0 scna_layout=0 scna_width=0 qo_len=4 kv_len=4096 n_heads=12 n_kv_heads=2 head_dim=128 kv_head=1 worker=1 block_r=0 block_c=1280 t0_us=261366960472 t1_us=261366960506 dur_us=33
FIG8_ATTENTION_EVENT mode=baseline layout=serial phase=measure iteration=0 component=v_load component_id=3 lut_exp=0 scna_layout=0 scna_width=0 qo_len=4 kv_len=4096 n_heads=12 n_kv_heads=2 head_dim=128 kv_head=1 worker=1 block_r=0 block_c=1280 t0_us=261366960506 t1_us=261366960531 dur_us=24
FIG8_ATTENTION_EVENT mode=baseline layout=serial phase=measure iteration=0 component=core_acc component_id=6 lut_exp=0 scna_layout=0 scna_width=0 qo_len=4 kv_len=4096 n_heads=12 n_kv_heads=2 head_dim=128 kv_head=1 worker=1 block_r=0 block_c=1280 t0_us=261366960531 t1_us=261366960531 dur_us=0
FIG8_ATTENTION_EVENT mode=baseline layout=serial phase=measure iteration=0 component=k_load component_id=2 lut_exp=0 scna_layout=0 scna_width=0 qo_len=4 kv_len=4096 n_heads=12 n_kv_heads=2 head_dim=128 kv_head=1 worker=1 block_r=0 block_c=2560 t0_us=261366960531 t1_us=261366960552 dur_us=20
FIG8_ATTENTION_EVENT mode=baseline layout=serial phase=measure iteration=0 component=qk_dot component_id=4 lut_exp=0 scna_layout=0 scna_width=0 qo_len=4 kv_len=4096 n_heads=12 n_kv_heads=2 head_dim=128 kv_head=1 worker=1 block_r=0 block_c=2560 t0_us=261366960552 t1_us=261366960552 dur_us=0
FIG8_ATTENTION_EVENT mode=baseline layout=serial phase=measure iteration=0 component=safe_sm component_id=5 lut_exp=0 scna_layout=0 scna_width=0 qo_len=4 kv_len=4096 n_heads=12 n_kv_heads=2 head_dim=128 kv_head=1 worker=1 block_r=0 block_c=2560 t0_us=261366960553 t1_us=261366960587 dur_us=34
FIG8_ATTENTION_EVENT mode=baseline layout=serial phase=measure iteration=0 component=v_load component_id=3 lut_exp=0 scna_layout=0 scna_width=0 qo_len=4 kv_len=4096 n_heads=12 n_kv_heads=2 head_dim=128 kv_head=1 worker=1 block_r=0 block_c=2560 t0_us=261366960587 t1_us=261366960612 dur_us=25
FIG8_ATTENTION_EVENT mode=baseline layout=serial phase=measure iteration=0 component=core_acc component_id=6 lut_exp=0 scna_layout=0 scna_width=0 qo_len=4 kv_len=4096 n_heads=12 n_kv_heads=2 head_dim=128 kv_head=1 worker=1 block_r=0 block_c=2560 t0_us=261366960612 t1_us=261366960613 dur_us=1
FIG8_ATTENTION_EVENT mode=baseline layout=serial phase=measure iteration=0 component=k_load component_id=2 lut_exp=0 scna_layout=0 scna_width=0 qo_len=4 kv_len=4096 n_heads=12 n_kv_heads=2 head_dim=128 kv_head=1 worker=1 block_r=0 block_c=3840 t0_us=261366960614 t1_us=261366960618 dur_us=4
FIG8_ATTENTION_EVENT mode=baseline layout=serial phase=measure iteration=0 component=qk_dot component_id=4 lut_exp=0 scna_layout=0 scna_width=0 qo_len=4 kv_len=4096 n_heads=12 n_kv_heads=2 head_dim=128 kv_head=1 worker=1 block_r=0 block_c=3840 t0_us=261366960618 t1_us=261366960618 dur_us=0
FIG8_ATTENTION_EVENT mode=baseline layout=serial phase=measure iteration=0 component=safe_sm component_id=5 lut_exp=0 scna_layout=0 scna_width=0 qo_len=4 kv_len=4096 n_heads=12 n_kv_heads=2 head_dim=128 kv_head=1 worker=1 block_r=0 block_c=3840 t0_us=261366960618 t1_us=261366960627 dur_us=8
FIG8_ATTENTION_EVENT mode=baseline layout=serial phase=measure iteration=0 component=v_load component_id=3 lut_exp=0 scna_layout=0 scna_width=0 qo_len=4 kv_len=4096 n_heads=12 n_kv_heads=2 head_dim=128 kv_head=1 worker=1 block_r=0 block_c=3840 t0_us=261366960627 t1_us=261366960629 dur_us=2
FIG8_ATTENTION_EVENT mode=baseline layout=serial phase=measure iteration=0 component=core_acc component_id=6 lut_exp=0 scna_layout=0 scna_width=0 qo_len=4 kv_len=4096 n_heads=12 n_kv_heads=2 head_dim=128 kv_head=1 worker=1 block_r=0 block_c=3840 t0_us=261366960629 t1_us=261366960629 dur_us=0
FIG8_ATTENTION_EVENT mode=baseline layout=serial phase=measure iteration=0 component=o_scale component_id=7 lut_exp=0 scna_layout=0 scna_width=0 qo_len=4 kv_len=4096 n_heads=12 n_kv_heads=2 head_dim=128 kv_head=1 worker=1 block_r=0 block_c=-1 t0_us=261366960630 t1_us=261366960631 dur_us=1
FIG8_ATTENTION_EVENT mode=baseline layout=serial phase=measure iteration=0 component=o_store component_id=8 lut_exp=0 scna_layout=0 scna_width=0 qo_len=4 kv_len=4096 n_heads=12 n_kv_heads=2 head_dim=128 kv_head=1 worker=1 block_r=0 block_c=-1 t0_us=261366960632 t1_us=261366960634 dur_us=1
FIG8_ATTENTION_EVENT mode=baseline layout=serial phase=measure iteration=0 component=q_load component_id=1 lut_exp=0 scna_layout=0 scna_width=0 qo_len=4 kv_len=4096 n_heads=12 n_kv_heads=2 head_dim=128 kv_head=0 worker=1 block_r=0 block_c=-1 t0_us=261366960678 t1_us=261366960679 dur_us=1
FIG8_ATTENTION_EVENT mode=baseline layout=serial phase=measure iteration=0 component=k_load component_id=2 lut_exp=0 scna_layout=0 scna_width=0 qo_len=4 kv_len=4096 n_heads=12 n_kv_heads=2 head_dim=128 kv_head=0 worker=1 block_r=0 block_c=0 t0_us=261366960681 t1_us=261366960702 dur_us=21
FIG8_ATTENTION_EVENT mode=baseline layout=serial phase=measure iteration=0 component=qk_dot component_id=4 lut_exp=0 scna_layout=0 scna_width=0 qo_len=4 kv_len=4096 n_heads=12 n_kv_heads=2 head_dim=128 kv_head=0 worker=1 block_r=0 block_c=0 t0_us=261366960703 t1_us=261366960704 dur_us=1
FIG8_ATTENTION_EVENT mode=baseline layout=serial phase=measure iteration=0 component=safe_sm component_id=5 lut_exp=0 scna_layout=0 scna_width=0 qo_len=4 kv_len=4096 n_heads=12 n_kv_heads=2 head_dim=128 kv_head=0 worker=1 block_r=0 block_c=0 t0_us=261366960705 t1_us=261366960741 dur_us=35
FIG8_ATTENTION_EVENT mode=baseline layout=serial phase=measure iteration=0 component=v_load component_id=3 lut_exp=0 scna_layout=0 scna_width=0 qo_len=4 kv_len=4096 n_heads=12 n_kv_heads=2 head_dim=128 kv_head=0 worker=1 block_r=0 block_c=0 t0_us=261366960741 t1_us=261366960762 dur_us=20
FIG8_ATTENTION_EVENT mode=baseline layout=serial phase=measure iteration=0 component=core_acc component_id=6 lut_exp=0 scna_layout=0 scna_width=0 qo_len=4 kv_len=4096 n_heads=12 n_kv_heads=2 head_dim=128 kv_head=0 worker=1 block_r=0 block_c=0 t0_us=261366960762 t1_us=261366960765 dur_us=2
FIG8_ATTENTION_EVENT mode=baseline layout=serial phase=measure iteration=0 component=k_load component_id=2 lut_exp=0 scna_layout=0 scna_width=0 qo_len=4 kv_len=4096 n_heads=12 n_kv_heads=2 head_dim=128 kv_head=0 worker=1 block_r=0 block_c=1280 t0_us=261366960765 t1_us=261366960788 dur_us=22
FIG8_ATTENTION_EVENT mode=baseline layout=serial phase=measure iteration=0 component=qk_dot component_id=4 lut_exp=0 scna_layout=0 scna_width=0 qo_len=4 kv_len=4096 n_heads=12 n_kv_heads=2 head_dim=128 kv_head=0 worker=1 block_r=0 block_c=1280 t0_us=261366960788 t1_us=261366960788 dur_us=0
FIG8_ATTENTION_EVENT mode=baseline layout=serial phase=measure iteration=0 component=safe_sm component_id=5 lut_exp=0 scna_layout=0 scna_width=0 qo_len=4 kv_len=4096 n_heads=12 n_kv_heads=2 head_dim=128 kv_head=0 worker=1 block_r=0 block_c=1280 t0_us=261366960789 t1_us=261366960823 dur_us=34
FIG8_ATTENTION_EVENT mode=baseline layout=serial phase=measure iteration=0 component=v_load component_id=3 lut_exp=0 scna_layout=0 scna_width=0 qo_len=4 kv_len=4096 n_heads=12 n_kv_heads=2 head_dim=128 kv_head=0 worker=1 block_r=0 block_c=1280 t0_us=261366960823 t1_us=261366960847 dur_us=23
FIG8_ATTENTION_EVENT mode=baseline layout=serial phase=measure iteration=0 component=core_acc component_id=6 lut_exp=0 scna_layout=0 scna_width=0 qo_len=4 kv_len=4096 n_heads=12 n_kv_heads=2 head_dim=128 kv_head=0 worker=1 block_r=0 block_c=1280 t0_us=261366960847 t1_us=261366960847 dur_us=0
FIG8_ATTENTION_EVENT mode=baseline layout=serial phase=measure iteration=0 component=k_load component_id=2 lut_exp=0 scna_layout=0 scna_width=0 qo_len=4 kv_len=4096 n_heads=12 n_kv_heads=2 head_dim=128 kv_head=0 worker=1 block_r=0 block_c=2560 t0_us=261366960847 t1_us=261366960868 dur_us=20
FIG8_ATTENTION_EVENT mode=baseline layout=serial phase=measure iteration=0 component=qk_dot component_id=4 lut_exp=0 scna_layout=0 scna_width=0 qo_len=4 kv_len=4096 n_heads=12 n_kv_heads=2 head_dim=128 kv_head=0 worker=1 block_r=0 block_c=2560 t0_us=261366960868 t1_us=261366960868 dur_us=0
FIG8_ATTENTION_EVENT mode=baseline layout=serial phase=measure iteration=0 component=safe_sm component_id=5 lut_exp=0 scna_layout=0 scna_width=0 qo_len=4 kv_len=4096 n_heads=12 n_kv_heads=2 head_dim=128 kv_head=0 worker=1 block_r=0 block_c=2560 t0_us=261366960868 t1_us=261366960903 dur_us=34
FIG8_ATTENTION_EVENT mode=baseline layout=serial phase=measure iteration=0 component=v_load component_id=3 lut_exp=0 scna_layout=0 scna_width=0 qo_len=4 kv_len=4096 n_heads=12 n_kv_heads=2 head_dim=128 kv_head=0 worker=1 block_r=0 block_c=2560 t0_us=261366960903 t1_us=261366960938 dur_us=34
FIG8_ATTENTION_EVENT mode=baseline layout=serial phase=measure iteration=0 component=core_acc component_id=6 lut_exp=0 scna_layout=0 scna_width=0 qo_len=4 kv_len=4096 n_heads=12 n_kv_heads=2 head_dim=128 kv_head=0 worker=1 block_r=0 block_c=2560 t0_us=261366960938 t1_us=261366960938 dur_us=0
FIG8_ATTENTION_EVENT mode=baseline layout=serial phase=measure iteration=0 component=k_load component_id=2 lut_exp=0 scna_layout=0 scna_width=0 qo_len=4 kv_len=4096 n_heads=12 n_kv_heads=2 head_dim=128 kv_head=0 worker=1 block_r=0 block_c=3840 t0_us=261366960938 t1_us=261366960942 dur_us=4
FIG8_ATTENTION_EVENT mode=baseline layout=serial phase=measure iteration=0 component=qk_dot component_id=4 lut_exp=0 scna_layout=0 scna_width=0 qo_len=4 kv_len=4096 n_heads=12 n_kv_heads=2 head_dim=128 kv_head=0 worker=1 block_r=0 block_c=3840 t0_us=261366960942 t1_us=261366960943 dur_us=0
FIG8_ATTENTION_EVENT mode=baseline layout=serial phase=measure iteration=0 component=safe_sm component_id=5 lut_exp=0 scna_layout=0 scna_width=0 qo_len=4 kv_len=4096 n_heads=12 n_kv_heads=2 head_dim=128 kv_head=0 worker=1 block_r=0 block_c=3840 t0_us=261366960943 t1_us=261366960951 dur_us=8
FIG8_ATTENTION_EVENT mode=baseline layout=serial phase=measure iteration=0 component=v_load component_id=3 lut_exp=0 scna_layout=0 scna_width=0 qo_len=4 kv_len=4096 n_heads=12 n_kv_heads=2 head_dim=128 kv_head=0 worker=1 block_r=0 block_c=3840 t0_us=261366960951 t1_us=261366960954 dur_us=2
FIG8_ATTENTION_EVENT mode=baseline layout=serial phase=measure iteration=0 component=core_acc component_id=6 lut_exp=0 scna_layout=0 scna_width=0 qo_len=4 kv_len=4096 n_heads=12 n_kv_heads=2 head_dim=128 kv_head=0 worker=1 block_r=0 block_c=3840 t0_us=261366960954 t1_us=261366960954 dur_us=0
FIG8_ATTENTION_EVENT mode=baseline layout=serial phase=measure iteration=0 component=o_scale component_id=7 lut_exp=0 scna_layout=0 scna_width=0 qo_len=4 kv_len=4096 n_heads=12 n_kv_heads=2 head_dim=128 kv_head=0 worker=1 block_r=0 block_c=-1 t0_us=261366960955 t1_us=261366960956 dur_us=1
FIG8_ATTENTION_EVENT mode=baseline layout=serial phase=measure iteration=0 component=o_store component_id=8 lut_exp=0 scna_layout=0 scna_width=0 qo_len=4 kv_len=4096 n_heads=12 n_kv_heads=2 head_dim=128 kv_head=0 worker=1 block_r=0 block_c=-1 t0_us=261366960957 t1_us=261366960959 dur_us=1
FIG8_ATTENTION_EVENT mode=baseline layout=serial phase=measure iteration=0 component=q_load component_id=1 lut_exp=0 scna_layout=0 scna_width=0 qo_len=4 kv_len=4096 n_heads=12 n_kv_heads=2 head_dim=128 kv_head=1 worker=1 block_r=0 block_c=-1 t0_us=261366961003 t1_us=261366961005 dur_us=2
FIG8_ATTENTION_EVENT mode=baseline layout=serial phase=measure iteration=0 component=k_load component_id=2 lut_exp=0 scna_layout=0 scna_width=0 qo_len=4 kv_len=4096 n_heads=12 n_kv_heads=2 head_dim=128 kv_head=1 worker=1 block_r=0 block_c=0 t0_us=261366961006 t1_us=261366961028 dur_us=21
FIG8_ATTENTION_EVENT mode=baseline layout=serial phase=measure iteration=0 component=qk_dot component_id=4 lut_exp=0 scna_layout=0 scna_width=0 qo_len=4 kv_len=4096 n_heads=12 n_kv_heads=2 head_dim=128 kv_head=1 worker=1 block_r=0 block_c=0 t0_us=261366961029 t1_us=261366961030 dur_us=0
FIG8_ATTENTION_EVENT mode=baseline layout=serial phase=measure iteration=0 component=safe_sm component_id=5 lut_exp=0 scna_layout=0 scna_width=0 qo_len=4 kv_len=4096 n_heads=12 n_kv_heads=2 head_dim=128 kv_head=1 worker=1 block_r=0 block_c=0 t0_us=261366961030 t1_us=261366961067 dur_us=36
FIG8_ATTENTION_EVENT mode=baseline layout=serial phase=measure iteration=0 component=v_load component_id=3 lut_exp=0 scna_layout=0 scna_width=0 qo_len=4 kv_len=4096 n_heads=12 n_kv_heads=2 head_dim=128 kv_head=1 worker=1 block_r=0 block_c=0 t0_us=261366961067 t1_us=261366961086 dur_us=19
FIG8_ATTENTION_EVENT mode=baseline layout=serial phase=measure iteration=0 component=core_acc component_id=6 lut_exp=0 scna_layout=0 scna_width=0 qo_len=4 kv_len=4096 n_heads=12 n_kv_heads=2 head_dim=128 kv_head=1 worker=1 block_r=0 block_c=0 t0_us=261366961087 t1_us=261366961088 dur_us=1
FIG8_ATTENTION_EVENT mode=baseline layout=serial phase=measure iteration=0 component=k_load component_id=2 lut_exp=0 scna_layout=0 scna_width=0 qo_len=4 kv_len=4096 n_heads=12 n_kv_heads=2 head_dim=128 kv_head=1 worker=1 block_r=0 block_c=1280 t0_us=261366961089 t1_us=261366961112 dur_us=22
FIG8_ATTENTION_EVENT mode=baseline layout=serial phase=measure iteration=0 component=qk_dot component_id=4 lut_exp=0 scna_layout=0 scna_width=0 qo_len=4 kv_len=4096 n_heads=12 n_kv_heads=2 head_dim=128 kv_head=1 worker=1 block_r=0 block_c=1280 t0_us=261366961112 t1_us=261366961112 dur_us=0
FIG8_ATTENTION_EVENT mode=baseline layout=serial phase=measure iteration=0 component=safe_sm component_id=5 lut_exp=0 scna_layout=0 scna_width=0 qo_len=4 kv_len=4096 n_heads=12 n_kv_heads=2 head_dim=128 kv_head=1 worker=1 block_r=0 block_c=1280 t0_us=261366961112 t1_us=261366961147 dur_us=34
FIG8_ATTENTION_EVENT mode=baseline layout=serial phase=measure iteration=0 component=v_load component_id=3 lut_exp=0 scna_layout=0 scna_width=0 qo_len=4 kv_len=4096 n_heads=12 n_kv_heads=2 head_dim=128 kv_head=1 worker=1 block_r=0 block_c=1280 t0_us=261366961147 t1_us=261366961173 dur_us=25
FIG8_ATTENTION_EVENT mode=baseline layout=serial phase=measure iteration=0 component=core_acc component_id=6 lut_exp=0 scna_layout=0 scna_width=0 qo_len=4 kv_len=4096 n_heads=12 n_kv_heads=2 head_dim=128 kv_head=1 worker=1 block_r=0 block_c=1280 t0_us=261366961173 t1_us=261366961173 dur_us=0
FIG8_ATTENTION_EVENT mode=baseline layout=serial phase=measure iteration=0 component=k_load component_id=2 lut_exp=0 scna_layout=0 scna_width=0 qo_len=4 kv_len=4096 n_heads=12 n_kv_heads=2 head_dim=128 kv_head=1 worker=1 block_r=0 block_c=2560 t0_us=261366961173 t1_us=261366961194 dur_us=21
FIG8_ATTENTION_EVENT mode=baseline layout=serial phase=measure iteration=0 component=qk_dot component_id=4 lut_exp=0 scna_layout=0 scna_width=0 qo_len=4 kv_len=4096 n_heads=12 n_kv_heads=2 head_dim=128 kv_head=1 worker=1 block_r=0 block_c=2560 t0_us=261366961195 t1_us=261366961195 dur_us=0
FIG8_ATTENTION_EVENT mode=baseline layout=serial phase=measure iteration=0 component=safe_sm component_id=5 lut_exp=0 scna_layout=0 scna_width=0 qo_len=4 kv_len=4096 n_heads=12 n_kv_heads=2 head_dim=128 kv_head=1 worker=1 block_r=0 block_c=2560 t0_us=261366961195 t1_us=261366961230 dur_us=35
FIG8_ATTENTION_EVENT mode=baseline layout=serial phase=measure iteration=0 component=v_load component_id=3 lut_exp=0 scna_layout=0 scna_width=0 qo_len=4 kv_len=4096 n_heads=12 n_kv_heads=2 head_dim=128 kv_head=1 worker=1 block_r=0 block_c=2560 t0_us=261366961231 t1_us=261366961265 dur_us=33
FIG8_ATTENTION_EVENT mode=baseline layout=serial phase=measure iteration=0 component=core_acc component_id=6 lut_exp=0 scna_layout=0 scna_width=0 qo_len=4 kv_len=4096 n_heads=12 n_kv_heads=2 head_dim=128 kv_head=1 worker=1 block_r=0 block_c=2560 t0_us=261366961265 t1_us=261366961268 dur_us=3
FIG8_ATTENTION_EVENT mode=baseline layout=serial phase=measure iteration=0 component=k_load component_id=2 lut_exp=0 scna_layout=0 scna_width=0 qo_len=4 kv_len=4096 n_heads=12 n_kv_heads=2 head_dim=128 kv_head=1 worker=1 block_r=0 block_c=3840 t0_us=261366961269 t1_us=261366961273 dur_us=4
FIG8_ATTENTION_EVENT mode=baseline layout=serial phase=measure iteration=0 component=qk_dot component_id=4 lut_exp=0 scna_layout=0 scna_width=0 qo_len=4 kv_len=4096 n_heads=12 n_kv_heads=2 head_dim=128 kv_head=1 worker=1 block_r=0 block_c=3840 t0_us=261366961274 t1_us=261366961274 dur_us=0
FIG8_ATTENTION_EVENT mode=baseline layout=serial phase=measure iteration=0 component=safe_sm component_id=5 lut_exp=0 scna_layout=0 scna_width=0 qo_len=4 kv_len=4096 n_heads=12 n_kv_heads=2 head_dim=128 kv_head=1 worker=1 block_r=0 block_c=3840 t0_us=261366961275 t1_us=261366961284 dur_us=8
FIG8_ATTENTION_EVENT mode=baseline layout=serial phase=measure iteration=0 component=v_load component_id=3 lut_exp=0 scna_layout=0 scna_width=0 qo_len=4 kv_len=4096 n_heads=12 n_kv_heads=2 head_dim=128 kv_head=1 worker=1 block_r=0 block_c=3840 t0_us=261366961284 t1_us=261366961286 dur_us=2
FIG8_ATTENTION_EVENT mode=baseline layout=serial phase=measure iteration=0 component=core_acc component_id=6 lut_exp=0 scna_layout=0 scna_width=0 qo_len=4 kv_len=4096 n_heads=12 n_kv_heads=2 head_dim=128 kv_head=1 worker=1 block_r=0 block_c=3840 t0_us=261366961286 t1_us=261366961287 dur_us=0
FIG8_ATTENTION_EVENT mode=baseline layout=serial phase=measure iteration=0 component=o_scale component_id=7 lut_exp=0 scna_layout=0 scna_width=0 qo_len=4 kv_len=4096 n_heads=12 n_kv_heads=2 head_dim=128 kv_head=1 worker=1 block_r=0 block_c=-1 t0_us=261366961287 t1_us=261366961289 dur_us=2
FIG8_ATTENTION_EVENT mode=baseline layout=serial phase=measure iteration=0 component=o_store component_id=8 lut_exp=0 scna_layout=0 scna_width=0 qo_len=4 kv_len=4096 n_heads=12 n_kv_heads=2 head_dim=128 kv_head=1 worker=1 block_r=0 block_c=-1 t0_us=261366961289 t1_us=261366961292 dur_us=2
FIG8_ATTENTION_EVENT mode=baseline layout=serial phase=measure iteration=0 component=q_load component_id=1 lut_exp=0 scna_layout=0 scna_width=0 qo_len=4 kv_len=4096 n_heads=12 n_kv_heads=2 head_dim=128 kv_head=0 worker=1 block_r=0 block_c=-1 t0_us=261366961335 t1_us=261366961337 dur_us=1
FIG8_ATTENTION_EVENT mode=baseline layout=serial phase=measure iteration=0 component=k_load component_id=2 lut_exp=0 scna_layout=0 scna_width=0 qo_len=4 kv_len=4096 n_heads=12 n_kv_heads=2 head_dim=128 kv_head=0 worker=1 block_r=0 block_c=0 t0_us=261366961338 t1_us=261366961358 dur_us=20
FIG8_ATTENTION_EVENT mode=baseline layout=serial phase=measure iteration=0 component=qk_dot component_id=4 lut_exp=0 scna_layout=0 scna_width=0 qo_len=4 kv_len=4096 n_heads=12 n_kv_heads=2 head_dim=128 kv_head=0 worker=1 block_r=0 block_c=0 t0_us=261366961358 t1_us=261366961359 dur_us=1
FIG8_ATTENTION_EVENT mode=baseline layout=serial phase=measure iteration=0 component=safe_sm component_id=5 lut_exp=0 scna_layout=0 scna_width=0 qo_len=4 kv_len=4096 n_heads=12 n_kv_heads=2 head_dim=128 kv_head=0 worker=1 block_r=0 block_c=0 t0_us=261366961359 t1_us=261366961396 dur_us=36
FIG8_ATTENTION_EVENT mode=baseline layout=serial phase=measure iteration=0 component=v_load component_id=3 lut_exp=0 scna_layout=0 scna_width=0 qo_len=4 kv_len=4096 n_heads=12 n_kv_heads=2 head_dim=128 kv_head=0 worker=1 block_r=0 block_c=0 t0_us=261366961396 t1_us=261366961412 dur_us=16
FIG8_ATTENTION_EVENT mode=baseline layout=serial phase=measure iteration=0 component=core_acc component_id=6 lut_exp=0 scna_layout=0 scna_width=0 qo_len=4 kv_len=4096 n_heads=12 n_kv_heads=2 head_dim=128 kv_head=0 worker=1 block_r=0 block_c=0 t0_us=261366961413 t1_us=261366961413 dur_us=0
FIG8_ATTENTION_EVENT mode=baseline layout=serial phase=measure iteration=0 component=k_load component_id=2 lut_exp=0 scna_layout=0 scna_width=0 qo_len=4 kv_len=4096 n_heads=12 n_kv_heads=2 head_dim=128 kv_head=0 worker=1 block_r=0 block_c=1280 t0_us=261366961414 t1_us=261366961435 dur_us=21
FIG8_ATTENTION_EVENT mode=baseline layout=serial phase=measure iteration=0 component=qk_dot component_id=4 lut_exp=0 scna_layout=0 scna_width=0 qo_len=4 kv_len=4096 n_heads=12 n_kv_heads=2 head_dim=128 kv_head=0 worker=1 block_r=0 block_c=1280 t0_us=261366961435 t1_us=261366961435 dur_us=0
FIG8_ATTENTION_EVENT mode=baseline layout=serial phase=measure iteration=0 component=safe_sm component_id=5 lut_exp=0 scna_layout=0 scna_width=0 qo_len=4 kv_len=4096 n_heads=12 n_kv_heads=2 head_dim=128 kv_head=0 worker=1 block_r=0 block_c=1280 t0_us=261366961435 t1_us=261366961469 dur_us=33
FIG8_ATTENTION_EVENT mode=baseline layout=serial phase=measure iteration=0 component=v_load component_id=3 lut_exp=0 scna_layout=0 scna_width=0 qo_len=4 kv_len=4096 n_heads=12 n_kv_heads=2 head_dim=128 kv_head=0 worker=1 block_r=0 block_c=1280 t0_us=261366961469 t1_us=261366961495 dur_us=25
FIG8_ATTENTION_EVENT mode=baseline layout=serial phase=measure iteration=0 component=core_acc component_id=6 lut_exp=0 scna_layout=0 scna_width=0 qo_len=4 kv_len=4096 n_heads=12 n_kv_heads=2 head_dim=128 kv_head=0 worker=1 block_r=0 block_c=1280 t0_us=261366961495 t1_us=261366961495 dur_us=0
FIG8_ATTENTION_EVENT mode=baseline layout=serial phase=measure iteration=0 component=k_load component_id=2 lut_exp=0 scna_layout=0 scna_width=0 qo_len=4 kv_len=4096 n_heads=12 n_kv_heads=2 head_dim=128 kv_head=0 worker=1 block_r=0 block_c=2560 t0_us=261366961495 t1_us=261366961516 dur_us=20
FIG8_ATTENTION_EVENT mode=baseline layout=serial phase=measure iteration=0 component=qk_dot component_id=4 lut_exp=0 scna_layout=0 scna_width=0 qo_len=4 kv_len=4096 n_heads=12 n_kv_heads=2 head_dim=128 kv_head=0 worker=1 block_r=0 block_c=2560 t0_us=261366961516 t1_us=261366961516 dur_us=0
FIG8_ATTENTION_EVENT mode=baseline layout=serial phase=measure iteration=0 component=safe_sm component_id=5 lut_exp=0 scna_layout=0 scna_width=0 qo_len=4 kv_len=4096 n_heads=12 n_kv_heads=2 head_dim=128 kv_head=0 worker=1 block_r=0 block_c=2560 t0_us=261366961516 t1_us=261366961551 dur_us=34
FIG8_ATTENTION_EVENT mode=baseline layout=serial phase=measure iteration=0 component=v_load component_id=3 lut_exp=0 scna_layout=0 scna_width=0 qo_len=4 kv_len=4096 n_heads=12 n_kv_heads=2 head_dim=128 kv_head=0 worker=1 block_r=0 block_c=2560 t0_us=261366961551 t1_us=261366961580 dur_us=28
FIG8_ATTENTION_EVENT mode=baseline layout=serial phase=measure iteration=0 component=core_acc component_id=6 lut_exp=0 scna_layout=0 scna_width=0 qo_len=4 kv_len=4096 n_heads=12 n_kv_heads=2 head_dim=128 kv_head=0 worker=1 block_r=0 block_c=2560 t0_us=261366961580 t1_us=261366961580 dur_us=0
FIG8_ATTENTION_EVENT mode=baseline layout=serial phase=measure iteration=0 component=k_load component_id=2 lut_exp=0 scna_layout=0 scna_width=0 qo_len=4 kv_len=4096 n_heads=12 n_kv_heads=2 head_dim=128 kv_head=0 worker=1 block_r=0 block_c=3840 t0_us=261366961580 t1_us=261366961585 dur_us=4
FIG8_ATTENTION_EVENT mode=baseline layout=serial phase=measure iteration=0 component=qk_dot component_id=4 lut_exp=0 scna_layout=0 scna_width=0 qo_len=4 kv_len=4096 n_heads=12 n_kv_heads=2 head_dim=128 kv_head=0 worker=1 block_r=0 block_c=3840 t0_us=261366961585 t1_us=261366961585 dur_us=0
FIG8_ATTENTION_EVENT mode=baseline layout=serial phase=measure iteration=0 component=safe_sm component_id=5 lut_exp=0 scna_layout=0 scna_width=0 qo_len=4 kv_len=4096 n_heads=12 n_kv_heads=2 head_dim=128 kv_head=0 worker=1 block_r=0 block_c=3840 t0_us=261366961585 t1_us=261366961594 dur_us=8
FIG8_ATTENTION_EVENT mode=baseline layout=serial phase=measure iteration=0 component=v_load component_id=3 lut_exp=0 scna_layout=0 scna_width=0 qo_len=4 kv_len=4096 n_heads=12 n_kv_heads=2 head_dim=128 kv_head=0 worker=1 block_r=0 block_c=3840 t0_us=261366961594 t1_us=261366961596 dur_us=2
FIG8_ATTENTION_EVENT mode=baseline layout=serial phase=measure iteration=0 component=core_acc component_id=6 lut_exp=0 scna_layout=0 scna_width=0 qo_len=4 kv_len=4096 n_heads=12 n_kv_heads=2 head_dim=128 kv_head=0 worker=1 block_r=0 block_c=3840 t0_us=261366961596 t1_us=261366961596 dur_us=0
FIG8_ATTENTION_EVENT mode=baseline layout=serial phase=measure iteration=0 component=o_scale component_id=7 lut_exp=0 scna_layout=0 scna_width=0 qo_len=4 kv_len=4096 n_heads=12 n_kv_heads=2 head_dim=128 kv_head=0 worker=1 block_r=0 block_c=-1 t0_us=261366961597 t1_us=261366961598 dur_us=1
FIG8_ATTENTION_EVENT mode=baseline layout=serial phase=measure iteration=0 component=o_store component_id=8 lut_exp=0 scna_layout=0 scna_width=0 qo_len=4 kv_len=4096 n_heads=12 n_kv_heads=2 head_dim=128 kv_head=0 worker=1 block_r=0 block_c=-1 t0_us=261366961599 t1_us=261366961600 dur_us=1
FIG8_ATTENTION_EVENT mode=baseline layout=serial phase=measure iteration=0 component=q_load component_id=1 lut_exp=0 scna_layout=0 scna_width=0 qo_len=4 kv_len=4096 n_heads=12 n_kv_heads=2 head_dim=128 kv_head=1 worker=1 block_r=0 block_c=-1 t0_us=261366961645 t1_us=261366961647 dur_us=2
FIG8_ATTENTION_EVENT mode=baseline layout=serial phase=measure iteration=0 component=k_load component_id=2 lut_exp=0 scna_layout=0 scna_width=0 qo_len=4 kv_len=4096 n_heads=12 n_kv_heads=2 head_dim=128 kv_head=1 worker=1 block_r=0 block_c=0 t0_us=261366961648 t1_us=261366961669 dur_us=21
FIG8_ATTENTION_EVENT mode=baseline layout=serial phase=measure iteration=0 component=qk_dot component_id=4 lut_exp=0 scna_layout=0 scna_width=0 qo_len=4 kv_len=4096 n_heads=12 n_kv_heads=2 head_dim=128 kv_head=1 worker=1 block_r=0 block_c=0 t0_us=261366961670 t1_us=261366961672 dur_us=1
FIG8_ATTENTION_EVENT mode=baseline layout=serial phase=measure iteration=0 component=safe_sm component_id=5 lut_exp=0 scna_layout=0 scna_width=0 qo_len=4 kv_len=4096 n_heads=12 n_kv_heads=2 head_dim=128 kv_head=1 worker=1 block_r=0 block_c=0 t0_us=261366961672 t1_us=261366961709 dur_us=36
FIG8_ATTENTION_EVENT mode=baseline layout=serial phase=measure iteration=0 component=v_load component_id=3 lut_exp=0 scna_layout=0 scna_width=0 qo_len=4 kv_len=4096 n_heads=12 n_kv_heads=2 head_dim=128 kv_head=1 worker=1 block_r=0 block_c=0 t0_us=261366961709 t1_us=261366961728 dur_us=18
FIG8_ATTENTION_EVENT mode=baseline layout=serial phase=measure iteration=0 component=core_acc component_id=6 lut_exp=0 scna_layout=0 scna_width=0 qo_len=4 kv_len=4096 n_heads=12 n_kv_heads=2 head_dim=128 kv_head=1 worker=1 block_r=0 block_c=0 t0_us=261366961728 t1_us=261366961730 dur_us=1
FIG8_ATTENTION_EVENT mode=baseline layout=serial phase=measure iteration=0 component=k_load component_id=2 lut_exp=0 scna_layout=0 scna_width=0 qo_len=4 kv_len=4096 n_heads=12 n_kv_heads=2 head_dim=128 kv_head=1 worker=1 block_r=0 block_c=1280 t0_us=261366961731 t1_us=261366961753 dur_us=22
FIG8_ATTENTION_EVENT mode=baseline layout=serial phase=measure iteration=0 component=qk_dot component_id=4 lut_exp=0 scna_layout=0 scna_width=0 qo_len=4 kv_len=4096 n_heads=12 n_kv_heads=2 head_dim=128 kv_head=1 worker=1 block_r=0 block_c=1280 t0_us=261366961754 t1_us=261366961754 dur_us=0
FIG8_ATTENTION_EVENT mode=baseline layout=serial phase=measure iteration=0 component=safe_sm component_id=5 lut_exp=0 scna_layout=0 scna_width=0 qo_len=4 kv_len=4096 n_heads=12 n_kv_heads=2 head_dim=128 kv_head=1 worker=1 block_r=0 block_c=1280 t0_us=261366961754 t1_us=261366961788 dur_us=34
FIG8_ATTENTION_EVENT mode=baseline layout=serial phase=measure iteration=0 component=v_load component_id=3 lut_exp=0 scna_layout=0 scna_width=0 qo_len=4 kv_len=4096 n_heads=12 n_kv_heads=2 head_dim=128 kv_head=1 worker=1 block_r=0 block_c=1280 t0_us=261366961788 t1_us=261366961811 dur_us=23
FIG8_ATTENTION_EVENT mode=baseline layout=serial phase=measure iteration=0 component=core_acc component_id=6 lut_exp=0 scna_layout=0 scna_width=0 qo_len=4 kv_len=4096 n_heads=12 n_kv_heads=2 head_dim=128 kv_head=1 worker=1 block_r=0 block_c=1280 t0_us=261366961811 t1_us=261366961812 dur_us=0
FIG8_ATTENTION_EVENT mode=baseline layout=serial phase=measure iteration=0 component=k_load component_id=2 lut_exp=0 scna_layout=0 scna_width=0 qo_len=4 kv_len=4096 n_heads=12 n_kv_heads=2 head_dim=128 kv_head=1 worker=1 block_r=0 block_c=2560 t0_us=261366961812 t1_us=261366961832 dur_us=20
FIG8_ATTENTION_EVENT mode=baseline layout=serial phase=measure iteration=0 component=qk_dot component_id=4 lut_exp=0 scna_layout=0 scna_width=0 qo_len=4 kv_len=4096 n_heads=12 n_kv_heads=2 head_dim=128 kv_head=1 worker=1 block_r=0 block_c=2560 t0_us=261366961832 t1_us=261366961833 dur_us=0
FIG8_ATTENTION_EVENT mode=baseline layout=serial phase=measure iteration=0 component=safe_sm component_id=5 lut_exp=0 scna_layout=0 scna_width=0 qo_len=4 kv_len=4096 n_heads=12 n_kv_heads=2 head_dim=128 kv_head=1 worker=1 block_r=0 block_c=2560 t0_us=261366961833 t1_us=261366961868 dur_us=35
FIG8_ATTENTION_EVENT mode=baseline layout=serial phase=measure iteration=0 component=v_load component_id=3 lut_exp=0 scna_layout=0 scna_width=0 qo_len=4 kv_len=4096 n_heads=12 n_kv_heads=2 head_dim=128 kv_head=1 worker=1 block_r=0 block_c=2560 t0_us=261366961868 t1_us=261366961893 dur_us=25
FIG8_ATTENTION_EVENT mode=baseline layout=serial phase=measure iteration=0 component=core_acc component_id=6 lut_exp=0 scna_layout=0 scna_width=0 qo_len=4 kv_len=4096 n_heads=12 n_kv_heads=2 head_dim=128 kv_head=1 worker=1 block_r=0 block_c=2560 t0_us=261366961893 t1_us=261366961894 dur_us=0
FIG8_ATTENTION_EVENT mode=baseline layout=serial phase=measure iteration=0 component=k_load component_id=2 lut_exp=0 scna_layout=0 scna_width=0 qo_len=4 kv_len=4096 n_heads=12 n_kv_heads=2 head_dim=128 kv_head=1 worker=1 block_r=0 block_c=3840 t0_us=261366961894 t1_us=261366961898 dur_us=4
FIG8_ATTENTION_EVENT mode=baseline layout=serial phase=measure iteration=0 component=qk_dot component_id=4 lut_exp=0 scna_layout=0 scna_width=0 qo_len=4 kv_len=4096 n_heads=12 n_kv_heads=2 head_dim=128 kv_head=1 worker=1 block_r=0 block_c=3840 t0_us=261366961898 t1_us=261366961898 dur_us=0
FIG8_ATTENTION_EVENT mode=baseline layout=serial phase=measure iteration=0 component=safe_sm component_id=5 lut_exp=0 scna_layout=0 scna_width=0 qo_len=4 kv_len=4096 n_heads=12 n_kv_heads=2 head_dim=128 kv_head=1 worker=1 block_r=0 block_c=3840 t0_us=261366961898 t1_us=261366961907 dur_us=8
FIG8_ATTENTION_EVENT mode=baseline layout=serial phase=measure iteration=0 component=v_load component_id=3 lut_exp=0 scna_layout=0 scna_width=0 qo_len=4 kv_len=4096 n_heads=12 n_kv_heads=2 head_dim=128 kv_head=1 worker=1 block_r=0 block_c=3840 t0_us=261366961907 t1_us=261366961910 dur_us=2
FIG8_ATTENTION_EVENT mode=baseline layout=serial phase=measure iteration=0 component=core_acc component_id=6 lut_exp=0 scna_layout=0 scna_width=0 qo_len=4 kv_len=4096 n_heads=12 n_kv_heads=2 head_dim=128 kv_head=1 worker=1 block_r=0 block_c=3840 t0_us=261366961910 t1_us=261366961910 dur_us=0
FIG8_ATTENTION_EVENT mode=baseline layout=serial phase=measure iteration=0 component=o_scale component_id=7 lut_exp=0 scna_layout=0 scna_width=0 qo_len=4 kv_len=4096 n_heads=12 n_kv_heads=2 head_dim=128 kv_head=1 worker=1 block_r=0 block_c=-1 t0_us=261366961910 t1_us=261366961912 dur_us=2
FIG8_ATTENTION_EVENT mode=baseline layout=serial phase=measure iteration=0 component=o_store component_id=8 lut_exp=0 scna_layout=0 scna_width=0 qo_len=4 kv_len=4096 n_heads=12 n_kv_heads=2 head_dim=128 kv_head=1 worker=1 block_r=0 block_c=-1 t0_us=261366961913 t1_us=261366961915 dur_us=2
FIG8_ATTENTION_EVENT mode=baseline layout=serial phase=measure iteration=0 component=q_load component_id=1 lut_exp=0 scna_layout=0 scna_width=0 qo_len=4 kv_len=4096 n_heads=12 n_kv_heads=2 head_dim=128 kv_head=0 worker=1 block_r=0 block_c=-1 t0_us=261366961959 t1_us=261366961961 dur_us=1
FIG8_ATTENTION_EVENT mode=baseline layout=serial phase=measure iteration=0 component=k_load component_id=2 lut_exp=0 scna_layout=0 scna_width=0 qo_len=4 kv_len=4096 n_heads=12 n_kv_heads=2 head_dim=128 kv_head=0 worker=1 block_r=0 block_c=0 t0_us=261366961963 t1_us=261366961984 dur_us=21
FIG8_ATTENTION_EVENT mode=baseline layout=serial phase=measure iteration=0 component=qk_dot component_id=4 lut_exp=0 scna_layout=0 scna_width=0 qo_len=4 kv_len=4096 n_heads=12 n_kv_heads=2 head_dim=128 kv_head=0 worker=1 block_r=0 block_c=0 t0_us=261366961985 t1_us=261366961986 dur_us=0
FIG8_ATTENTION_EVENT mode=baseline layout=serial phase=measure iteration=0 component=safe_sm component_id=5 lut_exp=0 scna_layout=0 scna_width=0 qo_len=4 kv_len=4096 n_heads=12 n_kv_heads=2 head_dim=128 kv_head=0 worker=1 block_r=0 block_c=0 t0_us=261366961987 t1_us=261366962023 dur_us=36
FIG8_ATTENTION_EVENT mode=baseline layout=serial phase=measure iteration=0 component=v_load component_id=3 lut_exp=0 scna_layout=0 scna_width=0 qo_len=4 kv_len=4096 n_heads=12 n_kv_heads=2 head_dim=128 kv_head=0 worker=1 block_r=0 block_c=0 t0_us=261366962023 t1_us=261366962043 dur_us=20
FIG8_ATTENTION_EVENT mode=baseline layout=serial phase=measure iteration=0 component=core_acc component_id=6 lut_exp=0 scna_layout=0 scna_width=0 qo_len=4 kv_len=4096 n_heads=12 n_kv_heads=2 head_dim=128 kv_head=0 worker=1 block_r=0 block_c=0 t0_us=261366962044 t1_us=261366962048 dur_us=4
FIG8_ATTENTION_EVENT mode=baseline layout=serial phase=measure iteration=0 component=k_load component_id=2 lut_exp=0 scna_layout=0 scna_width=0 qo_len=4 kv_len=4096 n_heads=12 n_kv_heads=2 head_dim=128 kv_head=0 worker=1 block_r=0 block_c=1280 t0_us=261366962048 t1_us=261366962070 dur_us=21
FIG8_ATTENTION_EVENT mode=baseline layout=serial phase=measure iteration=0 component=qk_dot component_id=4 lut_exp=0 scna_layout=0 scna_width=0 qo_len=4 kv_len=4096 n_heads=12 n_kv_heads=2 head_dim=128 kv_head=0 worker=1 block_r=0 block_c=1280 t0_us=261366962070 t1_us=261366962070 dur_us=0
FIG8_ATTENTION_EVENT mode=baseline layout=serial phase=measure iteration=0 component=safe_sm component_id=5 lut_exp=0 scna_layout=0 scna_width=0 qo_len=4 kv_len=4096 n_heads=12 n_kv_heads=2 head_dim=128 kv_head=0 worker=1 block_r=0 block_c=1280 t0_us=261366962070 t1_us=261366962105 dur_us=35
FIG8_ATTENTION_EVENT mode=baseline layout=serial phase=measure iteration=0 component=v_load component_id=3 lut_exp=0 scna_layout=0 scna_width=0 qo_len=4 kv_len=4096 n_heads=12 n_kv_heads=2 head_dim=128 kv_head=0 worker=1 block_r=0 block_c=1280 t0_us=261366962105 t1_us=261366962129 dur_us=23
FIG8_ATTENTION_EVENT mode=baseline layout=serial phase=measure iteration=0 component=core_acc component_id=6 lut_exp=0 scna_layout=0 scna_width=0 qo_len=4 kv_len=4096 n_heads=12 n_kv_heads=2 head_dim=128 kv_head=0 worker=1 block_r=0 block_c=1280 t0_us=261366962129 t1_us=261366962129 dur_us=0
FIG8_ATTENTION_EVENT mode=baseline layout=serial phase=measure iteration=0 component=k_load component_id=2 lut_exp=0 scna_layout=0 scna_width=0 qo_len=4 kv_len=4096 n_heads=12 n_kv_heads=2 head_dim=128 kv_head=0 worker=1 block_r=0 block_c=2560 t0_us=261366962130 t1_us=261366962150 dur_us=20
FIG8_ATTENTION_EVENT mode=baseline layout=serial phase=measure iteration=0 component=qk_dot component_id=4 lut_exp=0 scna_layout=0 scna_width=0 qo_len=4 kv_len=4096 n_heads=12 n_kv_heads=2 head_dim=128 kv_head=0 worker=1 block_r=0 block_c=2560 t0_us=261366962150 t1_us=261366962151 dur_us=0
FIG8_ATTENTION_EVENT mode=baseline layout=serial phase=measure iteration=0 component=safe_sm component_id=5 lut_exp=0 scna_layout=0 scna_width=0 qo_len=4 kv_len=4096 n_heads=12 n_kv_heads=2 head_dim=128 kv_head=0 worker=1 block_r=0 block_c=2560 t0_us=261366962151 t1_us=261366962186 dur_us=35
FIG8_ATTENTION_EVENT mode=baseline layout=serial phase=measure iteration=0 component=v_load component_id=3 lut_exp=0 scna_layout=0 scna_width=0 qo_len=4 kv_len=4096 n_heads=12 n_kv_heads=2 head_dim=128 kv_head=0 worker=1 block_r=0 block_c=2560 t0_us=261366962186 t1_us=261366962220 dur_us=33
FIG8_ATTENTION_EVENT mode=baseline layout=serial phase=measure iteration=0 component=core_acc component_id=6 lut_exp=0 scna_layout=0 scna_width=0 qo_len=4 kv_len=4096 n_heads=12 n_kv_heads=2 head_dim=128 kv_head=0 worker=1 block_r=0 block_c=2560 t0_us=261366962222 t1_us=261366962223 dur_us=1
FIG8_ATTENTION_EVENT mode=baseline layout=serial phase=measure iteration=0 component=k_load component_id=2 lut_exp=0 scna_layout=0 scna_width=0 qo_len=4 kv_len=4096 n_heads=12 n_kv_heads=2 head_dim=128 kv_head=0 worker=1 block_r=0 block_c=3840 t0_us=261366962224 t1_us=261366962228 dur_us=4
FIG8_ATTENTION_EVENT mode=baseline layout=serial phase=measure iteration=0 component=qk_dot component_id=4 lut_exp=0 scna_layout=0 scna_width=0 qo_len=4 kv_len=4096 n_heads=12 n_kv_heads=2 head_dim=128 kv_head=0 worker=1 block_r=0 block_c=3840 t0_us=261366962229 t1_us=261366962230 dur_us=0
FIG8_ATTENTION_EVENT mode=baseline layout=serial phase=measure iteration=0 component=safe_sm component_id=5 lut_exp=0 scna_layout=0 scna_width=0 qo_len=4 kv_len=4096 n_heads=12 n_kv_heads=2 head_dim=128 kv_head=0 worker=1 block_r=0 block_c=3840 t0_us=261366962230 t1_us=261366962241 dur_us=11
FIG8_ATTENTION_EVENT mode=baseline layout=serial phase=measure iteration=0 component=v_load component_id=3 lut_exp=0 scna_layout=0 scna_width=0 qo_len=4 kv_len=4096 n_heads=12 n_kv_heads=2 head_dim=128 kv_head=0 worker=1 block_r=0 block_c=3840 t0_us=261366962241 t1_us=261366962243 dur_us=2
FIG8_ATTENTION_EVENT mode=baseline layout=serial phase=measure iteration=0 component=core_acc component_id=6 lut_exp=0 scna_layout=0 scna_width=0 qo_len=4 kv_len=4096 n_heads=12 n_kv_heads=2 head_dim=128 kv_head=0 worker=1 block_r=0 block_c=3840 t0_us=261366962243 t1_us=261366962244 dur_us=0
FIG8_ATTENTION_EVENT mode=baseline layout=serial phase=measure iteration=0 component=o_scale component_id=7 lut_exp=0 scna_layout=0 scna_width=0 qo_len=4 kv_len=4096 n_heads=12 n_kv_heads=2 head_dim=128 kv_head=0 worker=1 block_r=0 block_c=-1 t0_us=261366962244 t1_us=261366962246 dur_us=1
FIG8_ATTENTION_EVENT mode=baseline layout=serial phase=measure iteration=0 component=o_store component_id=8 lut_exp=0 scna_layout=0 scna_width=0 qo_len=4 kv_len=4096 n_heads=12 n_kv_heads=2 head_dim=128 kv_head=0 worker=1 block_r=0 block_c=-1 t0_us=261366962246 t1_us=261366962248 dur_us=1
FIG8_ATTENTION_EVENT mode=baseline layout=serial phase=measure iteration=0 component=q_load component_id=1 lut_exp=0 scna_layout=0 scna_width=0 qo_len=4 kv_len=4096 n_heads=12 n_kv_heads=2 head_dim=128 kv_head=1 worker=1 block_r=0 block_c=-1 t0_us=261366962292 t1_us=261366962294 dur_us=1
FIG8_ATTENTION_EVENT mode=baseline layout=serial phase=measure iteration=0 component=k_load component_id=2 lut_exp=0 scna_layout=0 scna_width=0 qo_len=4 kv_len=4096 n_heads=12 n_kv_heads=2 head_dim=128 kv_head=1 worker=1 block_r=0 block_c=0 t0_us=261366962295 t1_us=261366962316 dur_us=21
FIG8_ATTENTION_EVENT mode=baseline layout=serial phase=measure iteration=0 component=qk_dot component_id=4 lut_exp=0 scna_layout=0 scna_width=0 qo_len=4 kv_len=4096 n_heads=12 n_kv_heads=2 head_dim=128 kv_head=1 worker=1 block_r=0 block_c=0 t0_us=261366962316 t1_us=261366962317 dur_us=0
FIG8_ATTENTION_EVENT mode=baseline layout=serial phase=measure iteration=0 component=safe_sm component_id=5 lut_exp=0 scna_layout=0 scna_width=0 qo_len=4 kv_len=4096 n_heads=12 n_kv_heads=2 head_dim=128 kv_head=1 worker=1 block_r=0 block_c=0 t0_us=261366962317 t1_us=261366962352 dur_us=34
FIG8_ATTENTION_EVENT mode=baseline layout=serial phase=measure iteration=0 component=v_load component_id=3 lut_exp=0 scna_layout=0 scna_width=0 qo_len=4 kv_len=4096 n_heads=12 n_kv_heads=2 head_dim=128 kv_head=1 worker=1 block_r=0 block_c=0 t0_us=261366962352 t1_us=261366962370 dur_us=17
FIG8_ATTENTION_EVENT mode=baseline layout=serial phase=measure iteration=0 component=core_acc component_id=6 lut_exp=0 scna_layout=0 scna_width=0 qo_len=4 kv_len=4096 n_heads=12 n_kv_heads=2 head_dim=128 kv_head=1 worker=1 block_r=0 block_c=0 t0_us=261366962370 t1_us=261366962370 dur_us=0
FIG8_ATTENTION_EVENT mode=baseline layout=serial phase=measure iteration=0 component=k_load component_id=2 lut_exp=0 scna_layout=0 scna_width=0 qo_len=4 kv_len=4096 n_heads=12 n_kv_heads=2 head_dim=128 kv_head=1 worker=1 block_r=0 block_c=1280 t0_us=261366962371 t1_us=261366962393 dur_us=22
FIG8_ATTENTION_EVENT mode=baseline layout=serial phase=measure iteration=0 component=qk_dot component_id=4 lut_exp=0 scna_layout=0 scna_width=0 qo_len=4 kv_len=4096 n_heads=12 n_kv_heads=2 head_dim=128 kv_head=1 worker=1 block_r=0 block_c=1280 t0_us=261366962393 t1_us=261366962393 dur_us=0
FIG8_ATTENTION_EVENT mode=baseline layout=serial phase=measure iteration=0 component=safe_sm component_id=5 lut_exp=0 scna_layout=0 scna_width=0 qo_len=4 kv_len=4096 n_heads=12 n_kv_heads=2 head_dim=128 kv_head=1 worker=1 block_r=0 block_c=1280 t0_us=261366962393 t1_us=261366962429 dur_us=35
FIG8_ATTENTION_EVENT mode=baseline layout=serial phase=measure iteration=0 component=v_load component_id=3 lut_exp=0 scna_layout=0 scna_width=0 qo_len=4 kv_len=4096 n_heads=12 n_kv_heads=2 head_dim=128 kv_head=1 worker=1 block_r=0 block_c=1280 t0_us=261366962429 t1_us=261366962457 dur_us=28
FIG8_ATTENTION_EVENT mode=baseline layout=serial phase=measure iteration=0 component=core_acc component_id=6 lut_exp=0 scna_layout=0 scna_width=0 qo_len=4 kv_len=4096 n_heads=12 n_kv_heads=2 head_dim=128 kv_head=1 worker=1 block_r=0 block_c=1280 t0_us=261366962457 t1_us=261366962458 dur_us=0
FIG8_ATTENTION_EVENT mode=baseline layout=serial phase=measure iteration=0 component=k_load component_id=2 lut_exp=0 scna_layout=0 scna_width=0 qo_len=4 kv_len=4096 n_heads=12 n_kv_heads=2 head_dim=128 kv_head=1 worker=1 block_r=0 block_c=2560 t0_us=261366962458 t1_us=261366962478 dur_us=20
FIG8_ATTENTION_EVENT mode=baseline layout=serial phase=measure iteration=0 component=qk_dot component_id=4 lut_exp=0 scna_layout=0 scna_width=0 qo_len=4 kv_len=4096 n_heads=12 n_kv_heads=2 head_dim=128 kv_head=1 worker=1 block_r=0 block_c=2560 t0_us=261366962478 t1_us=261366962479 dur_us=0
FIG8_ATTENTION_EVENT mode=baseline layout=serial phase=measure iteration=0 component=safe_sm component_id=5 lut_exp=0 scna_layout=0 scna_width=0 qo_len=4 kv_len=4096 n_heads=12 n_kv_heads=2 head_dim=128 kv_head=1 worker=1 block_r=0 block_c=2560 t0_us=261366962479 t1_us=261366962514 dur_us=35
FIG8_ATTENTION_EVENT mode=baseline layout=serial phase=measure iteration=0 component=v_load component_id=3 lut_exp=0 scna_layout=0 scna_width=0 qo_len=4 kv_len=4096 n_heads=12 n_kv_heads=2 head_dim=128 kv_head=1 worker=1 block_r=0 block_c=2560 t0_us=261366962514 t1_us=261366962552 dur_us=37
FIG8_ATTENTION_EVENT mode=baseline layout=serial phase=measure iteration=0 component=core_acc component_id=6 lut_exp=0 scna_layout=0 scna_width=0 qo_len=4 kv_len=4096 n_heads=12 n_kv_heads=2 head_dim=128 kv_head=1 worker=1 block_r=0 block_c=2560 t0_us=261366962552 t1_us=261366962552 dur_us=0
FIG8_ATTENTION_EVENT mode=baseline layout=serial phase=measure iteration=0 component=k_load component_id=2 lut_exp=0 scna_layout=0 scna_width=0 qo_len=4 kv_len=4096 n_heads=12 n_kv_heads=2 head_dim=128 kv_head=1 worker=1 block_r=0 block_c=3840 t0_us=261366962553 t1_us=261366962557 dur_us=4
FIG8_ATTENTION_EVENT mode=baseline layout=serial phase=measure iteration=0 component=qk_dot component_id=4 lut_exp=0 scna_layout=0 scna_width=0 qo_len=4 kv_len=4096 n_heads=12 n_kv_heads=2 head_dim=128 kv_head=1 worker=1 block_r=0 block_c=3840 t0_us=261366962557 t1_us=261366962557 dur_us=0
FIG8_ATTENTION_EVENT mode=baseline layout=serial phase=measure iteration=0 component=safe_sm component_id=5 lut_exp=0 scna_layout=0 scna_width=0 qo_len=4 kv_len=4096 n_heads=12 n_kv_heads=2 head_dim=128 kv_head=1 worker=1 block_r=0 block_c=3840 t0_us=261366962557 t1_us=261366962566 dur_us=9
FIG8_ATTENTION_EVENT mode=baseline layout=serial phase=measure iteration=0 component=v_load component_id=3 lut_exp=0 scna_layout=0 scna_width=0 qo_len=4 kv_len=4096 n_heads=12 n_kv_heads=2 head_dim=128 kv_head=1 worker=1 block_r=0 block_c=3840 t0_us=261366962566 t1_us=261366962568 dur_us=2
FIG8_ATTENTION_EVENT mode=baseline layout=serial phase=measure iteration=0 component=core_acc component_id=6 lut_exp=0 scna_layout=0 scna_width=0 qo_len=4 kv_len=4096 n_heads=12 n_kv_heads=2 head_dim=128 kv_head=1 worker=1 block_r=0 block_c=3840 t0_us=261366962568 t1_us=261366962568 dur_us=0
FIG8_ATTENTION_EVENT mode=baseline layout=serial phase=measure iteration=0 component=o_scale component_id=7 lut_exp=0 scna_layout=0 scna_width=0 qo_len=4 kv_len=4096 n_heads=12 n_kv_heads=2 head_dim=128 kv_head=1 worker=1 block_r=0 block_c=-1 t0_us=261366962569 t1_us=261366962571 dur_us=2
FIG8_ATTENTION_EVENT mode=baseline layout=serial phase=measure iteration=0 component=o_store component_id=8 lut_exp=0 scna_layout=0 scna_width=0 qo_len=4 kv_len=4096 n_heads=12 n_kv_heads=2 head_dim=128 kv_head=1 worker=1 block_r=0 block_c=-1 t0_us=261366962571 t1_us=261366962573 dur_us=2
FIG8_ATTENTION_EVENT mode=baseline layout=serial phase=measure iteration=0 component=q_load component_id=1 lut_exp=0 scna_layout=0 scna_width=0 qo_len=4 kv_len=4096 n_heads=12 n_kv_heads=2 head_dim=128 kv_head=0 worker=1 block_r=0 block_c=-1 t0_us=261366962617 t1_us=261366962619 dur_us=1
FIG8_ATTENTION_EVENT mode=baseline layout=serial phase=measure iteration=0 component=k_load component_id=2 lut_exp=0 scna_layout=0 scna_width=0 qo_len=4 kv_len=4096 n_heads=12 n_kv_heads=2 head_dim=128 kv_head=0 worker=1 block_r=0 block_c=0 t0_us=261366962620 t1_us=261366962642 dur_us=21
FIG8_ATTENTION_EVENT mode=baseline layout=serial phase=measure iteration=0 component=qk_dot component_id=4 lut_exp=0 scna_layout=0 scna_width=0 qo_len=4 kv_len=4096 n_heads=12 n_kv_heads=2 head_dim=128 kv_head=0 worker=1 block_r=0 block_c=0 t0_us=261366962643 t1_us=261366962644 dur_us=1
FIG8_ATTENTION_EVENT mode=baseline layout=serial phase=measure iteration=0 component=safe_sm component_id=5 lut_exp=0 scna_layout=0 scna_width=0 qo_len=4 kv_len=4096 n_heads=12 n_kv_heads=2 head_dim=128 kv_head=0 worker=1 block_r=0 block_c=0 t0_us=261366962644 t1_us=261366962681 dur_us=37
FIG8_ATTENTION_EVENT mode=baseline layout=serial phase=measure iteration=0 component=v_load component_id=3 lut_exp=0 scna_layout=0 scna_width=0 qo_len=4 kv_len=4096 n_heads=12 n_kv_heads=2 head_dim=128 kv_head=0 worker=1 block_r=0 block_c=0 t0_us=261366962682 t1_us=261366962699 dur_us=17
FIG8_ATTENTION_EVENT mode=baseline layout=serial phase=measure iteration=0 component=core_acc component_id=6 lut_exp=0 scna_layout=0 scna_width=0 qo_len=4 kv_len=4096 n_heads=12 n_kv_heads=2 head_dim=128 kv_head=0 worker=1 block_r=0 block_c=0 t0_us=261366962699 t1_us=261366962703 dur_us=3
FIG8_ATTENTION_EVENT mode=baseline layout=serial phase=measure iteration=0 component=k_load component_id=2 lut_exp=0 scna_layout=0 scna_width=0 qo_len=4 kv_len=4096 n_heads=12 n_kv_heads=2 head_dim=128 kv_head=0 worker=1 block_r=0 block_c=1280 t0_us=261366962703 t1_us=261366962725 dur_us=21
FIG8_ATTENTION_EVENT mode=baseline layout=serial phase=measure iteration=0 component=qk_dot component_id=4 lut_exp=0 scna_layout=0 scna_width=0 qo_len=4 kv_len=4096 n_heads=12 n_kv_heads=2 head_dim=128 kv_head=0 worker=1 block_r=0 block_c=1280 t0_us=261366962725 t1_us=261366962726 dur_us=0
FIG8_ATTENTION_EVENT mode=baseline layout=serial phase=measure iteration=0 component=safe_sm component_id=5 lut_exp=0 scna_layout=0 scna_width=0 qo_len=4 kv_len=4096 n_heads=12 n_kv_heads=2 head_dim=128 kv_head=0 worker=1 block_r=0 block_c=1280 t0_us=261366962726 t1_us=261366962760 dur_us=34
FIG8_ATTENTION_EVENT mode=baseline layout=serial phase=measure iteration=0 component=v_load component_id=3 lut_exp=0 scna_layout=0 scna_width=0 qo_len=4 kv_len=4096 n_heads=12 n_kv_heads=2 head_dim=128 kv_head=0 worker=1 block_r=0 block_c=1280 t0_us=261366962761 t1_us=261366962788 dur_us=26
FIG8_ATTENTION_EVENT mode=baseline layout=serial phase=measure iteration=0 component=core_acc component_id=6 lut_exp=0 scna_layout=0 scna_width=0 qo_len=4 kv_len=4096 n_heads=12 n_kv_heads=2 head_dim=128 kv_head=0 worker=1 block_r=0 block_c=1280 t0_us=261366962788 t1_us=261366962788 dur_us=0
FIG8_ATTENTION_EVENT mode=baseline layout=serial phase=measure iteration=0 component=k_load component_id=2 lut_exp=0 scna_layout=0 scna_width=0 qo_len=4 kv_len=4096 n_heads=12 n_kv_heads=2 head_dim=128 kv_head=0 worker=1 block_r=0 block_c=2560 t0_us=261366962788 t1_us=261366962808 dur_us=20
FIG8_ATTENTION_EVENT mode=baseline layout=serial phase=measure iteration=0 component=qk_dot component_id=4 lut_exp=0 scna_layout=0 scna_width=0 qo_len=4 kv_len=4096 n_heads=12 n_kv_heads=2 head_dim=128 kv_head=0 worker=1 block_r=0 block_c=2560 t0_us=261366962808 t1_us=261366962809 dur_us=0
FIG8_ATTENTION_EVENT mode=baseline layout=serial phase=measure iteration=0 component=safe_sm component_id=5 lut_exp=0 scna_layout=0 scna_width=0 qo_len=4 kv_len=4096 n_heads=12 n_kv_heads=2 head_dim=128 kv_head=0 worker=1 block_r=0 block_c=2560 t0_us=261366962809 t1_us=261366962843 dur_us=34
FIG8_ATTENTION_EVENT mode=baseline layout=serial phase=measure iteration=0 component=v_load component_id=3 lut_exp=0 scna_layout=0 scna_width=0 qo_len=4 kv_len=4096 n_heads=12 n_kv_heads=2 head_dim=128 kv_head=0 worker=1 block_r=0 block_c=2560 t0_us=261366962844 t1_us=261366962877 dur_us=33
FIG8_ATTENTION_EVENT mode=baseline layout=serial phase=measure iteration=0 component=core_acc component_id=6 lut_exp=0 scna_layout=0 scna_width=0 qo_len=4 kv_len=4096 n_heads=12 n_kv_heads=2 head_dim=128 kv_head=0 worker=1 block_r=0 block_c=2560 t0_us=261366962877 t1_us=261366962877 dur_us=0
FIG8_ATTENTION_EVENT mode=baseline layout=serial phase=measure iteration=0 component=k_load component_id=2 lut_exp=0 scna_layout=0 scna_width=0 qo_len=4 kv_len=4096 n_heads=12 n_kv_heads=2 head_dim=128 kv_head=0 worker=1 block_r=0 block_c=3840 t0_us=261366962877 t1_us=261366962882 dur_us=4
FIG8_ATTENTION_EVENT mode=baseline layout=serial phase=measure iteration=0 component=qk_dot component_id=4 lut_exp=0 scna_layout=0 scna_width=0 qo_len=4 kv_len=4096 n_heads=12 n_kv_heads=2 head_dim=128 kv_head=0 worker=1 block_r=0 block_c=3840 t0_us=261366962882 t1_us=261366962882 dur_us=0
FIG8_ATTENTION_EVENT mode=baseline layout=serial phase=measure iteration=0 component=safe_sm component_id=5 lut_exp=0 scna_layout=0 scna_width=0 qo_len=4 kv_len=4096 n_heads=12 n_kv_heads=2 head_dim=128 kv_head=0 worker=1 block_r=0 block_c=3840 t0_us=261366962882 t1_us=261366962891 dur_us=8
FIG8_ATTENTION_EVENT mode=baseline layout=serial phase=measure iteration=0 component=v_load component_id=3 lut_exp=0 scna_layout=0 scna_width=0 qo_len=4 kv_len=4096 n_heads=12 n_kv_heads=2 head_dim=128 kv_head=0 worker=1 block_r=0 block_c=3840 t0_us=261366962891 t1_us=261366962893 dur_us=2
FIG8_ATTENTION_EVENT mode=baseline layout=serial phase=measure iteration=0 component=core_acc component_id=6 lut_exp=0 scna_layout=0 scna_width=0 qo_len=4 kv_len=4096 n_heads=12 n_kv_heads=2 head_dim=128 kv_head=0 worker=1 block_r=0 block_c=3840 t0_us=261366962893 t1_us=261366962893 dur_us=0
FIG8_ATTENTION_EVENT mode=baseline layout=serial phase=measure iteration=0 component=o_scale component_id=7 lut_exp=0 scna_layout=0 scna_width=0 qo_len=4 kv_len=4096 n_heads=12 n_kv_heads=2 head_dim=128 kv_head=0 worker=1 block_r=0 block_c=-1 t0_us=261366962894 t1_us=261366962896 dur_us=1
FIG8_ATTENTION_EVENT mode=baseline layout=serial phase=measure iteration=0 component=o_store component_id=8 lut_exp=0 scna_layout=0 scna_width=0 qo_len=4 kv_len=4096 n_heads=12 n_kv_heads=2 head_dim=128 kv_head=0 worker=1 block_r=0 block_c=-1 t0_us=261366962896 t1_us=261366962898 dur_us=1
FIG8_ATTENTION_EVENT mode=baseline layout=serial phase=measure iteration=0 component=q_load component_id=1 lut_exp=0 scna_layout=0 scna_width=0 qo_len=4 kv_len=4096 n_heads=12 n_kv_heads=2 head_dim=128 kv_head=1 worker=1 block_r=0 block_c=-1 t0_us=261366962943 t1_us=261366962945 dur_us=2
FIG8_ATTENTION_EVENT mode=baseline layout=serial phase=measure iteration=0 component=k_load component_id=2 lut_exp=0 scna_layout=0 scna_width=0 qo_len=4 kv_len=4096 n_heads=12 n_kv_heads=2 head_dim=128 kv_head=1 worker=1 block_r=0 block_c=0 t0_us=261366962946 t1_us=261366962967 dur_us=20
FIG8_ATTENTION_EVENT mode=baseline layout=serial phase=measure iteration=0 component=qk_dot component_id=4 lut_exp=0 scna_layout=0 scna_width=0 qo_len=4 kv_len=4096 n_heads=12 n_kv_heads=2 head_dim=128 kv_head=1 worker=1 block_r=0 block_c=0 t0_us=261366962968 t1_us=261366962969 dur_us=1
FIG8_ATTENTION_EVENT mode=baseline layout=serial phase=measure iteration=0 component=safe_sm component_id=5 lut_exp=0 scna_layout=0 scna_width=0 qo_len=4 kv_len=4096 n_heads=12 n_kv_heads=2 head_dim=128 kv_head=1 worker=1 block_r=0 block_c=0 t0_us=261366962969 t1_us=261366963007 dur_us=37
FIG8_ATTENTION_EVENT mode=baseline layout=serial phase=measure iteration=0 component=v_load component_id=3 lut_exp=0 scna_layout=0 scna_width=0 qo_len=4 kv_len=4096 n_heads=12 n_kv_heads=2 head_dim=128 kv_head=1 worker=1 block_r=0 block_c=0 t0_us=261366963007 t1_us=261366963028 dur_us=21
FIG8_ATTENTION_EVENT mode=baseline layout=serial phase=measure iteration=0 component=core_acc component_id=6 lut_exp=0 scna_layout=0 scna_width=0 qo_len=4 kv_len=4096 n_heads=12 n_kv_heads=2 head_dim=128 kv_head=1 worker=1 block_r=0 block_c=0 t0_us=261366963029 t1_us=261366963030 dur_us=1
FIG8_ATTENTION_EVENT mode=baseline layout=serial phase=measure iteration=0 component=k_load component_id=2 lut_exp=0 scna_layout=0 scna_width=0 qo_len=4 kv_len=4096 n_heads=12 n_kv_heads=2 head_dim=128 kv_head=1 worker=1 block_r=0 block_c=1280 t0_us=261366963031 t1_us=261366963053 dur_us=21
FIG8_ATTENTION_EVENT mode=baseline layout=serial phase=measure iteration=0 component=qk_dot component_id=4 lut_exp=0 scna_layout=0 scna_width=0 qo_len=4 kv_len=4096 n_heads=12 n_kv_heads=2 head_dim=128 kv_head=1 worker=1 block_r=0 block_c=1280 t0_us=261366963053 t1_us=261366963054 dur_us=0
FIG8_ATTENTION_EVENT mode=baseline layout=serial phase=measure iteration=0 component=safe_sm component_id=5 lut_exp=0 scna_layout=0 scna_width=0 qo_len=4 kv_len=4096 n_heads=12 n_kv_heads=2 head_dim=128 kv_head=1 worker=1 block_r=0 block_c=1280 t0_us=261366963054 t1_us=261366963088 dur_us=34
FIG8_ATTENTION_EVENT mode=baseline layout=serial phase=measure iteration=0 component=v_load component_id=3 lut_exp=0 scna_layout=0 scna_width=0 qo_len=4 kv_len=4096 n_heads=12 n_kv_heads=2 head_dim=128 kv_head=1 worker=1 block_r=0 block_c=1280 t0_us=261366963088 t1_us=261366963115 dur_us=26
FIG8_ATTENTION_EVENT mode=baseline layout=serial phase=measure iteration=0 component=core_acc component_id=6 lut_exp=0 scna_layout=0 scna_width=0 qo_len=4 kv_len=4096 n_heads=12 n_kv_heads=2 head_dim=128 kv_head=1 worker=1 block_r=0 block_c=1280 t0_us=261366963116 t1_us=261366963116 dur_us=0
FIG8_ATTENTION_EVENT mode=baseline layout=serial phase=measure iteration=0 component=k_load component_id=2 lut_exp=0 scna_layout=0 scna_width=0 qo_len=4 kv_len=4096 n_heads=12 n_kv_heads=2 head_dim=128 kv_head=1 worker=1 block_r=0 block_c=2560 t0_us=261366963116 t1_us=261366963136 dur_us=20
FIG8_ATTENTION_EVENT mode=baseline layout=serial phase=measure iteration=0 component=qk_dot component_id=4 lut_exp=0 scna_layout=0 scna_width=0 qo_len=4 kv_len=4096 n_heads=12 n_kv_heads=2 head_dim=128 kv_head=1 worker=1 block_r=0 block_c=2560 t0_us=261366963136 t1_us=261366963137 dur_us=0
FIG8_ATTENTION_EVENT mode=baseline layout=serial phase=measure iteration=0 component=safe_sm component_id=5 lut_exp=0 scna_layout=0 scna_width=0 qo_len=4 kv_len=4096 n_heads=12 n_kv_heads=2 head_dim=128 kv_head=1 worker=1 block_r=0 block_c=2560 t0_us=261366963137 t1_us=261366963171 dur_us=34
FIG8_ATTENTION_EVENT mode=baseline layout=serial phase=measure iteration=0 component=v_load component_id=3 lut_exp=0 scna_layout=0 scna_width=0 qo_len=4 kv_len=4096 n_heads=12 n_kv_heads=2 head_dim=128 kv_head=1 worker=1 block_r=0 block_c=2560 t0_us=261366963171 t1_us=261366963199 dur_us=28
FIG8_ATTENTION_EVENT mode=baseline layout=serial phase=measure iteration=0 component=core_acc component_id=6 lut_exp=0 scna_layout=0 scna_width=0 qo_len=4 kv_len=4096 n_heads=12 n_kv_heads=2 head_dim=128 kv_head=1 worker=1 block_r=0 block_c=2560 t0_us=261366963200 t1_us=261366963201 dur_us=1
FIG8_ATTENTION_EVENT mode=baseline layout=serial phase=measure iteration=0 component=k_load component_id=2 lut_exp=0 scna_layout=0 scna_width=0 qo_len=4 kv_len=4096 n_heads=12 n_kv_heads=2 head_dim=128 kv_head=1 worker=1 block_r=0 block_c=3840 t0_us=261366963202 t1_us=261366963206 dur_us=4
FIG8_ATTENTION_EVENT mode=baseline layout=serial phase=measure iteration=0 component=qk_dot component_id=4 lut_exp=0 scna_layout=0 scna_width=0 qo_len=4 kv_len=4096 n_heads=12 n_kv_heads=2 head_dim=128 kv_head=1 worker=1 block_r=0 block_c=3840 t0_us=261366963207 t1_us=261366963207 dur_us=0
FIG8_ATTENTION_EVENT mode=baseline layout=serial phase=measure iteration=0 component=safe_sm component_id=5 lut_exp=0 scna_layout=0 scna_width=0 qo_len=4 kv_len=4096 n_heads=12 n_kv_heads=2 head_dim=128 kv_head=1 worker=1 block_r=0 block_c=3840 t0_us=261366963207 t1_us=261366963219 dur_us=11
FIG8_ATTENTION_EVENT mode=baseline layout=serial phase=measure iteration=0 component=v_load component_id=3 lut_exp=0 scna_layout=0 scna_width=0 qo_len=4 kv_len=4096 n_heads=12 n_kv_heads=2 head_dim=128 kv_head=1 worker=1 block_r=0 block_c=3840 t0_us=261366963219 t1_us=261366963221 dur_us=2
FIG8_ATTENTION_EVENT mode=baseline layout=serial phase=measure iteration=0 component=core_acc component_id=6 lut_exp=0 scna_layout=0 scna_width=0 qo_len=4 kv_len=4096 n_heads=12 n_kv_heads=2 head_dim=128 kv_head=1 worker=1 block_r=0 block_c=3840 t0_us=261366963221 t1_us=261366963223 dur_us=1
FIG8_ATTENTION_EVENT mode=baseline layout=serial phase=measure iteration=0 component=o_scale component_id=7 lut_exp=0 scna_layout=0 scna_width=0 qo_len=4 kv_len=4096 n_heads=12 n_kv_heads=2 head_dim=128 kv_head=1 worker=1 block_r=0 block_c=-1 t0_us=261366963223 t1_us=261366963225 dur_us=1
FIG8_ATTENTION_EVENT mode=baseline layout=serial phase=measure iteration=0 component=o_store component_id=8 lut_exp=0 scna_layout=0 scna_width=0 qo_len=4 kv_len=4096 n_heads=12 n_kv_heads=2 head_dim=128 kv_head=1 worker=1 block_r=0 block_c=-1 t0_us=261366963225 t1_us=261366963228 dur_us=2
FIG8_ATTENTION_EVENT mode=baseline layout=serial phase=measure iteration=0 component=q_load component_id=1 lut_exp=0 scna_layout=0 scna_width=0 qo_len=4 kv_len=4096 n_heads=12 n_kv_heads=2 head_dim=128 kv_head=0 worker=1 block_r=0 block_c=-1 t0_us=261366963270 t1_us=261366963271 dur_us=1
FIG8_ATTENTION_EVENT mode=baseline layout=serial phase=measure iteration=0 component=k_load component_id=2 lut_exp=0 scna_layout=0 scna_width=0 qo_len=4 kv_len=4096 n_heads=12 n_kv_heads=2 head_dim=128 kv_head=0 worker=1 block_r=0 block_c=0 t0_us=261366963272 t1_us=261366963293 dur_us=20
FIG8_ATTENTION_EVENT mode=baseline layout=serial phase=measure iteration=0 component=qk_dot component_id=4 lut_exp=0 scna_layout=0 scna_width=0 qo_len=4 kv_len=4096 n_heads=12 n_kv_heads=2 head_dim=128 kv_head=0 worker=1 block_r=0 block_c=0 t0_us=261366963294 t1_us=261366963295 dur_us=1
FIG8_ATTENTION_EVENT mode=baseline layout=serial phase=measure iteration=0 component=safe_sm component_id=5 lut_exp=0 scna_layout=0 scna_width=0 qo_len=4 kv_len=4096 n_heads=12 n_kv_heads=2 head_dim=128 kv_head=0 worker=1 block_r=0 block_c=0 t0_us=261366963295 t1_us=261366963329 dur_us=34
FIG8_ATTENTION_EVENT mode=baseline layout=serial phase=measure iteration=0 component=v_load component_id=3 lut_exp=0 scna_layout=0 scna_width=0 qo_len=4 kv_len=4096 n_heads=12 n_kv_heads=2 head_dim=128 kv_head=0 worker=1 block_r=0 block_c=0 t0_us=261366963329 t1_us=261366963348 dur_us=18
FIG8_ATTENTION_EVENT mode=baseline layout=serial phase=measure iteration=0 component=core_acc component_id=6 lut_exp=0 scna_layout=0 scna_width=0 qo_len=4 kv_len=4096 n_heads=12 n_kv_heads=2 head_dim=128 kv_head=0 worker=1 block_r=0 block_c=0 t0_us=261366963348 t1_us=261366963349 dur_us=1
FIG8_ATTENTION_EVENT mode=baseline layout=serial phase=measure iteration=0 component=k_load component_id=2 lut_exp=0 scna_layout=0 scna_width=0 qo_len=4 kv_len=4096 n_heads=12 n_kv_heads=2 head_dim=128 kv_head=0 worker=1 block_r=0 block_c=1280 t0_us=261366963350 t1_us=261366963372 dur_us=22
FIG8_ATTENTION_EVENT mode=baseline layout=serial phase=measure iteration=0 component=qk_dot component_id=4 lut_exp=0 scna_layout=0 scna_width=0 qo_len=4 kv_len=4096 n_heads=12 n_kv_heads=2 head_dim=128 kv_head=0 worker=1 block_r=0 block_c=1280 t0_us=261366963372 t1_us=261366963372 dur_us=0
FIG8_ATTENTION_EVENT mode=baseline layout=serial phase=measure iteration=0 component=safe_sm component_id=5 lut_exp=0 scna_layout=0 scna_width=0 qo_len=4 kv_len=4096 n_heads=12 n_kv_heads=2 head_dim=128 kv_head=0 worker=1 block_r=0 block_c=1280 t0_us=261366963372 t1_us=261366963406 dur_us=33
FIG8_ATTENTION_EVENT mode=baseline layout=serial phase=measure iteration=0 component=v_load component_id=3 lut_exp=0 scna_layout=0 scna_width=0 qo_len=4 kv_len=4096 n_heads=12 n_kv_heads=2 head_dim=128 kv_head=0 worker=1 block_r=0 block_c=1280 t0_us=261366963406 t1_us=261366963433 dur_us=26
FIG8_ATTENTION_EVENT mode=baseline layout=serial phase=measure iteration=0 component=core_acc component_id=6 lut_exp=0 scna_layout=0 scna_width=0 qo_len=4 kv_len=4096 n_heads=12 n_kv_heads=2 head_dim=128 kv_head=0 worker=1 block_r=0 block_c=1280 t0_us=261366963433 t1_us=261366963433 dur_us=0
FIG8_ATTENTION_EVENT mode=baseline layout=serial phase=measure iteration=0 component=k_load component_id=2 lut_exp=0 scna_layout=0 scna_width=0 qo_len=4 kv_len=4096 n_heads=12 n_kv_heads=2 head_dim=128 kv_head=0 worker=1 block_r=0 block_c=2560 t0_us=261366963433 t1_us=261366963454 dur_us=20
FIG8_ATTENTION_EVENT mode=baseline layout=serial phase=measure iteration=0 component=qk_dot component_id=4 lut_exp=0 scna_layout=0 scna_width=0 qo_len=4 kv_len=4096 n_heads=12 n_kv_heads=2 head_dim=128 kv_head=0 worker=1 block_r=0 block_c=2560 t0_us=261366963454 t1_us=261366963455 dur_us=0
FIG8_ATTENTION_EVENT mode=baseline layout=serial phase=measure iteration=0 component=safe_sm component_id=5 lut_exp=0 scna_layout=0 scna_width=0 qo_len=4 kv_len=4096 n_heads=12 n_kv_heads=2 head_dim=128 kv_head=0 worker=1 block_r=0 block_c=2560 t0_us=261366963455 t1_us=261366963490 dur_us=34
FIG8_ATTENTION_EVENT mode=baseline layout=serial phase=measure iteration=0 component=v_load component_id=3 lut_exp=0 scna_layout=0 scna_width=0 qo_len=4 kv_len=4096 n_heads=12 n_kv_heads=2 head_dim=128 kv_head=0 worker=1 block_r=0 block_c=2560 t0_us=261366963490 t1_us=261366963517 dur_us=27
FIG8_ATTENTION_EVENT mode=baseline layout=serial phase=measure iteration=0 component=core_acc component_id=6 lut_exp=0 scna_layout=0 scna_width=0 qo_len=4 kv_len=4096 n_heads=12 n_kv_heads=2 head_dim=128 kv_head=0 worker=1 block_r=0 block_c=2560 t0_us=261366963518 t1_us=261366963518 dur_us=0
FIG8_ATTENTION_EVENT mode=baseline layout=serial phase=measure iteration=0 component=k_load component_id=2 lut_exp=0 scna_layout=0 scna_width=0 qo_len=4 kv_len=4096 n_heads=12 n_kv_heads=2 head_dim=128 kv_head=0 worker=1 block_r=0 block_c=3840 t0_us=261366963518 t1_us=261366963522 dur_us=4
FIG8_ATTENTION_EVENT mode=baseline layout=serial phase=measure iteration=0 component=qk_dot component_id=4 lut_exp=0 scna_layout=0 scna_width=0 qo_len=4 kv_len=4096 n_heads=12 n_kv_heads=2 head_dim=128 kv_head=0 worker=1 block_r=0 block_c=3840 t0_us=261366963522 t1_us=261366963522 dur_us=0
FIG8_ATTENTION_EVENT mode=baseline layout=serial phase=measure iteration=0 component=safe_sm component_id=5 lut_exp=0 scna_layout=0 scna_width=0 qo_len=4 kv_len=4096 n_heads=12 n_kv_heads=2 head_dim=128 kv_head=0 worker=1 block_r=0 block_c=3840 t0_us=261366963523 t1_us=261366963531 dur_us=8
FIG8_ATTENTION_EVENT mode=baseline layout=serial phase=measure iteration=0 component=v_load component_id=3 lut_exp=0 scna_layout=0 scna_width=0 qo_len=4 kv_len=4096 n_heads=12 n_kv_heads=2 head_dim=128 kv_head=0 worker=1 block_r=0 block_c=3840 t0_us=261366963531 t1_us=261366963534 dur_us=2
FIG8_ATTENTION_EVENT mode=baseline layout=serial phase=measure iteration=0 component=core_acc component_id=6 lut_exp=0 scna_layout=0 scna_width=0 qo_len=4 kv_len=4096 n_heads=12 n_kv_heads=2 head_dim=128 kv_head=0 worker=1 block_r=0 block_c=3840 t0_us=261366963534 t1_us=261366963534 dur_us=0
FIG8_ATTENTION_EVENT mode=baseline layout=serial phase=measure iteration=0 component=o_scale component_id=7 lut_exp=0 scna_layout=0 scna_width=0 qo_len=4 kv_len=4096 n_heads=12 n_kv_heads=2 head_dim=128 kv_head=0 worker=1 block_r=0 block_c=-1 t0_us=261366963535 t1_us=261366963536 dur_us=1
FIG8_ATTENTION_EVENT mode=baseline layout=serial phase=measure iteration=0 component=o_store component_id=8 lut_exp=0 scna_layout=0 scna_width=0 qo_len=4 kv_len=4096 n_heads=12 n_kv_heads=2 head_dim=128 kv_head=0 worker=1 block_r=0 block_c=-1 t0_us=261366963537 t1_us=261366963539 dur_us=1
FIG8_ATTENTION_EVENT mode=baseline layout=serial phase=measure iteration=0 component=q_load component_id=1 lut_exp=0 scna_layout=0 scna_width=0 qo_len=4 kv_len=4096 n_heads=12 n_kv_heads=2 head_dim=128 kv_head=1 worker=1 block_r=0 block_c=-1 t0_us=261366963583 t1_us=261366963585 dur_us=2
FIG8_ATTENTION_EVENT mode=baseline layout=serial phase=measure iteration=0 component=k_load component_id=2 lut_exp=0 scna_layout=0 scna_width=0 qo_len=4 kv_len=4096 n_heads=12 n_kv_heads=2 head_dim=128 kv_head=1 worker=1 block_r=0 block_c=0 t0_us=261366963587 t1_us=261366963609 dur_us=22
FIG8_ATTENTION_EVENT mode=baseline layout=serial phase=measure iteration=0 component=qk_dot component_id=4 lut_exp=0 scna_layout=0 scna_width=0 qo_len=4 kv_len=4096 n_heads=12 n_kv_heads=2 head_dim=128 kv_head=1 worker=1 block_r=0 block_c=0 t0_us=261366963610 t1_us=261366963611 dur_us=1
FIG8_ATTENTION_EVENT mode=baseline layout=serial phase=measure iteration=0 component=safe_sm component_id=5 lut_exp=0 scna_layout=0 scna_width=0 qo_len=4 kv_len=4096 n_heads=12 n_kv_heads=2 head_dim=128 kv_head=1 worker=1 block_r=0 block_c=0 t0_us=261366963611 t1_us=261366963648 dur_us=36
FIG8_ATTENTION_EVENT mode=baseline layout=serial phase=measure iteration=0 component=v_load component_id=3 lut_exp=0 scna_layout=0 scna_width=0 qo_len=4 kv_len=4096 n_heads=12 n_kv_heads=2 head_dim=128 kv_head=1 worker=1 block_r=0 block_c=0 t0_us=261366963648 t1_us=261366963667 dur_us=18
FIG8_ATTENTION_EVENT mode=baseline layout=serial phase=measure iteration=0 component=core_acc component_id=6 lut_exp=0 scna_layout=0 scna_width=0 qo_len=4 kv_len=4096 n_heads=12 n_kv_heads=2 head_dim=128 kv_head=1 worker=1 block_r=0 block_c=0 t0_us=261366963668 t1_us=261366963670 dur_us=2
FIG8_ATTENTION_EVENT mode=baseline layout=serial phase=measure iteration=0 component=k_load component_id=2 lut_exp=0 scna_layout=0 scna_width=0 qo_len=4 kv_len=4096 n_heads=12 n_kv_heads=2 head_dim=128 kv_head=1 worker=1 block_r=0 block_c=1280 t0_us=261366963671 t1_us=261366963694 dur_us=22
FIG8_ATTENTION_EVENT mode=baseline layout=serial phase=measure iteration=0 component=qk_dot component_id=4 lut_exp=0 scna_layout=0 scna_width=0 qo_len=4 kv_len=4096 n_heads=12 n_kv_heads=2 head_dim=128 kv_head=1 worker=1 block_r=0 block_c=1280 t0_us=261366963694 t1_us=261366963694 dur_us=0
FIG8_ATTENTION_EVENT mode=baseline layout=serial phase=measure iteration=0 component=safe_sm component_id=5 lut_exp=0 scna_layout=0 scna_width=0 qo_len=4 kv_len=4096 n_heads=12 n_kv_heads=2 head_dim=128 kv_head=1 worker=1 block_r=0 block_c=1280 t0_us=261366963694 t1_us=261366963729 dur_us=34
FIG8_ATTENTION_EVENT mode=baseline layout=serial phase=measure iteration=0 component=v_load component_id=3 lut_exp=0 scna_layout=0 scna_width=0 qo_len=4 kv_len=4096 n_heads=12 n_kv_heads=2 head_dim=128 kv_head=1 worker=1 block_r=0 block_c=1280 t0_us=261366963729 t1_us=261366963752 dur_us=22
FIG8_ATTENTION_EVENT mode=baseline layout=serial phase=measure iteration=0 component=core_acc component_id=6 lut_exp=0 scna_layout=0 scna_width=0 qo_len=4 kv_len=4096 n_heads=12 n_kv_heads=2 head_dim=128 kv_head=1 worker=1 block_r=0 block_c=1280 t0_us=261366963752 t1_us=261366963752 dur_us=0
FIG8_ATTENTION_EVENT mode=baseline layout=serial phase=measure iteration=0 component=k_load component_id=2 lut_exp=0 scna_layout=0 scna_width=0 qo_len=4 kv_len=4096 n_heads=12 n_kv_heads=2 head_dim=128 kv_head=1 worker=1 block_r=0 block_c=2560 t0_us=261366963752 t1_us=261366963774 dur_us=21
FIG8_ATTENTION_EVENT mode=baseline layout=serial phase=measure iteration=0 component=qk_dot component_id=4 lut_exp=0 scna_layout=0 scna_width=0 qo_len=4 kv_len=4096 n_heads=12 n_kv_heads=2 head_dim=128 kv_head=1 worker=1 block_r=0 block_c=2560 t0_us=261366963774 t1_us=261366963774 dur_us=0
FIG8_ATTENTION_EVENT mode=baseline layout=serial phase=measure iteration=0 component=safe_sm component_id=5 lut_exp=0 scna_layout=0 scna_width=0 qo_len=4 kv_len=4096 n_heads=12 n_kv_heads=2 head_dim=128 kv_head=1 worker=1 block_r=0 block_c=2560 t0_us=261366963774 t1_us=261366963809 dur_us=34
FIG8_ATTENTION_EVENT mode=baseline layout=serial phase=measure iteration=0 component=v_load component_id=3 lut_exp=0 scna_layout=0 scna_width=0 qo_len=4 kv_len=4096 n_heads=12 n_kv_heads=2 head_dim=128 kv_head=1 worker=1 block_r=0 block_c=2560 t0_us=261366963809 t1_us=261366963842 dur_us=32
FIG8_ATTENTION_EVENT mode=baseline layout=serial phase=measure iteration=0 component=core_acc component_id=6 lut_exp=0 scna_layout=0 scna_width=0 qo_len=4 kv_len=4096 n_heads=12 n_kv_heads=2 head_dim=128 kv_head=1 worker=1 block_r=0 block_c=2560 t0_us=261366963842 t1_us=261366963842 dur_us=0
FIG8_ATTENTION_EVENT mode=baseline layout=serial phase=measure iteration=0 component=k_load component_id=2 lut_exp=0 scna_layout=0 scna_width=0 qo_len=4 kv_len=4096 n_heads=12 n_kv_heads=2 head_dim=128 kv_head=1 worker=1 block_r=0 block_c=3840 t0_us=261366963842 t1_us=261366963846 dur_us=4
FIG8_ATTENTION_EVENT mode=baseline layout=serial phase=measure iteration=0 component=qk_dot component_id=4 lut_exp=0 scna_layout=0 scna_width=0 qo_len=4 kv_len=4096 n_heads=12 n_kv_heads=2 head_dim=128 kv_head=1 worker=1 block_r=0 block_c=3840 t0_us=261366963846 t1_us=261366963846 dur_us=0
FIG8_ATTENTION_EVENT mode=baseline layout=serial phase=measure iteration=0 component=safe_sm component_id=5 lut_exp=0 scna_layout=0 scna_width=0 qo_len=4 kv_len=4096 n_heads=12 n_kv_heads=2 head_dim=128 kv_head=1 worker=1 block_r=0 block_c=3840 t0_us=261366963847 t1_us=261366963855 dur_us=8
FIG8_ATTENTION_EVENT mode=baseline layout=serial phase=measure iteration=0 component=v_load component_id=3 lut_exp=0 scna_layout=0 scna_width=0 qo_len=4 kv_len=4096 n_heads=12 n_kv_heads=2 head_dim=128 kv_head=1 worker=1 block_r=0 block_c=3840 t0_us=261366963855 t1_us=261366963858 dur_us=2
FIG8_ATTENTION_EVENT mode=baseline layout=serial phase=measure iteration=0 component=core_acc component_id=6 lut_exp=0 scna_layout=0 scna_width=0 qo_len=4 kv_len=4096 n_heads=12 n_kv_heads=2 head_dim=128 kv_head=1 worker=1 block_r=0 block_c=3840 t0_us=261366963858 t1_us=261366963858 dur_us=0
FIG8_ATTENTION_EVENT mode=baseline layout=serial phase=measure iteration=0 component=o_scale component_id=7 lut_exp=0 scna_layout=0 scna_width=0 qo_len=4 kv_len=4096 n_heads=12 n_kv_heads=2 head_dim=128 kv_head=1 worker=1 block_r=0 block_c=-1 t0_us=261366963859 t1_us=261366963860 dur_us=1
FIG8_ATTENTION_EVENT mode=baseline layout=serial phase=measure iteration=0 component=o_store component_id=8 lut_exp=0 scna_layout=0 scna_width=0 qo_len=4 kv_len=4096 n_heads=12 n_kv_heads=2 head_dim=128 kv_head=1 worker=1 block_r=0 block_c=-1 t0_us=261366963861 t1_us=261366963863 dur_us=2
FIG8_ATTENTION_EVENT mode=baseline layout=serial phase=measure iteration=0 component=q_load component_id=1 lut_exp=0 scna_layout=0 scna_width=0 qo_len=4 kv_len=4096 n_heads=12 n_kv_heads=2 head_dim=128 kv_head=0 worker=1 block_r=0 block_c=-1 t0_us=261366963908 t1_us=261366963909 dur_us=1
FIG8_ATTENTION_EVENT mode=baseline layout=serial phase=measure iteration=0 component=k_load component_id=2 lut_exp=0 scna_layout=0 scna_width=0 qo_len=4 kv_len=4096 n_heads=12 n_kv_heads=2 head_dim=128 kv_head=0 worker=1 block_r=0 block_c=0 t0_us=261366963911 t1_us=261366963932 dur_us=20
FIG8_ATTENTION_EVENT mode=baseline layout=serial phase=measure iteration=0 component=qk_dot component_id=4 lut_exp=0 scna_layout=0 scna_width=0 qo_len=4 kv_len=4096 n_heads=12 n_kv_heads=2 head_dim=128 kv_head=0 worker=1 block_r=0 block_c=0 t0_us=261366963932 t1_us=261366963934 dur_us=1
FIG8_ATTENTION_EVENT mode=baseline layout=serial phase=measure iteration=0 component=safe_sm component_id=5 lut_exp=0 scna_layout=0 scna_width=0 qo_len=4 kv_len=4096 n_heads=12 n_kv_heads=2 head_dim=128 kv_head=0 worker=1 block_r=0 block_c=0 t0_us=261366963934 t1_us=261366963972 dur_us=37
FIG8_ATTENTION_EVENT mode=baseline layout=serial phase=measure iteration=0 component=v_load component_id=3 lut_exp=0 scna_layout=0 scna_width=0 qo_len=4 kv_len=4096 n_heads=12 n_kv_heads=2 head_dim=128 kv_head=0 worker=1 block_r=0 block_c=0 t0_us=261366963972 t1_us=261366963989 dur_us=17
FIG8_ATTENTION_EVENT mode=baseline layout=serial phase=measure iteration=0 component=core_acc component_id=6 lut_exp=0 scna_layout=0 scna_width=0 qo_len=4 kv_len=4096 n_heads=12 n_kv_heads=2 head_dim=128 kv_head=0 worker=1 block_r=0 block_c=0 t0_us=261366963989 t1_us=261366963993 dur_us=3
FIG8_ATTENTION_EVENT mode=baseline layout=serial phase=measure iteration=0 component=k_load component_id=2 lut_exp=0 scna_layout=0 scna_width=0 qo_len=4 kv_len=4096 n_heads=12 n_kv_heads=2 head_dim=128 kv_head=0 worker=1 block_r=0 block_c=1280 t0_us=261366963993 t1_us=261366964015 dur_us=22
FIG8_ATTENTION_EVENT mode=baseline layout=serial phase=measure iteration=0 component=qk_dot component_id=4 lut_exp=0 scna_layout=0 scna_width=0 qo_len=4 kv_len=4096 n_heads=12 n_kv_heads=2 head_dim=128 kv_head=0 worker=1 block_r=0 block_c=1280 t0_us=261366964016 t1_us=261366964016 dur_us=0
FIG8_ATTENTION_EVENT mode=baseline layout=serial phase=measure iteration=0 component=safe_sm component_id=5 lut_exp=0 scna_layout=0 scna_width=0 qo_len=4 kv_len=4096 n_heads=12 n_kv_heads=2 head_dim=128 kv_head=0 worker=1 block_r=0 block_c=1280 t0_us=261366964016 t1_us=261366964052 dur_us=35
FIG8_ATTENTION_EVENT mode=baseline layout=serial phase=measure iteration=0 component=v_load component_id=3 lut_exp=0 scna_layout=0 scna_width=0 qo_len=4 kv_len=4096 n_heads=12 n_kv_heads=2 head_dim=128 kv_head=0 worker=1 block_r=0 block_c=1280 t0_us=261366964052 t1_us=261366964078 dur_us=25
FIG8_ATTENTION_EVENT mode=baseline layout=serial phase=measure iteration=0 component=core_acc component_id=6 lut_exp=0 scna_layout=0 scna_width=0 qo_len=4 kv_len=4096 n_heads=12 n_kv_heads=2 head_dim=128 kv_head=0 worker=1 block_r=0 block_c=1280 t0_us=261366964078 t1_us=261366964078 dur_us=0
FIG8_ATTENTION_EVENT mode=baseline layout=serial phase=measure iteration=0 component=k_load component_id=2 lut_exp=0 scna_layout=0 scna_width=0 qo_len=4 kv_len=4096 n_heads=12 n_kv_heads=2 head_dim=128 kv_head=0 worker=1 block_r=0 block_c=2560 t0_us=261366964079 t1_us=261366964099 dur_us=20
FIG8_ATTENTION_EVENT mode=baseline layout=serial phase=measure iteration=0 component=qk_dot component_id=4 lut_exp=0 scna_layout=0 scna_width=0 qo_len=4 kv_len=4096 n_heads=12 n_kv_heads=2 head_dim=128 kv_head=0 worker=1 block_r=0 block_c=2560 t0_us=261366964099 t1_us=261366964099 dur_us=0
FIG8_ATTENTION_EVENT mode=baseline layout=serial phase=measure iteration=0 component=safe_sm component_id=5 lut_exp=0 scna_layout=0 scna_width=0 qo_len=4 kv_len=4096 n_heads=12 n_kv_heads=2 head_dim=128 kv_head=0 worker=1 block_r=0 block_c=2560 t0_us=261366964100 t1_us=261366964135 dur_us=35
FIG8_ATTENTION_EVENT mode=baseline layout=serial phase=measure iteration=0 component=v_load component_id=3 lut_exp=0 scna_layout=0 scna_width=0 qo_len=4 kv_len=4096 n_heads=12 n_kv_heads=2 head_dim=128 kv_head=0 worker=1 block_r=0 block_c=2560 t0_us=261366964135 t1_us=261366964170 dur_us=35
FIG8_ATTENTION_EVENT mode=baseline layout=serial phase=measure iteration=0 component=core_acc component_id=6 lut_exp=0 scna_layout=0 scna_width=0 qo_len=4 kv_len=4096 n_heads=12 n_kv_heads=2 head_dim=128 kv_head=0 worker=1 block_r=0 block_c=2560 t0_us=261366964170 t1_us=261366964171 dur_us=0
FIG8_ATTENTION_EVENT mode=baseline layout=serial phase=measure iteration=0 component=k_load component_id=2 lut_exp=0 scna_layout=0 scna_width=0 qo_len=4 kv_len=4096 n_heads=12 n_kv_heads=2 head_dim=128 kv_head=0 worker=1 block_r=0 block_c=3840 t0_us=261366964171 t1_us=261366964174 dur_us=3
FIG8_ATTENTION_EVENT mode=baseline layout=serial phase=measure iteration=0 component=qk_dot component_id=4 lut_exp=0 scna_layout=0 scna_width=0 qo_len=4 kv_len=4096 n_heads=12 n_kv_heads=2 head_dim=128 kv_head=0 worker=1 block_r=0 block_c=3840 t0_us=261366964175 t1_us=261366964175 dur_us=0
FIG8_ATTENTION_EVENT mode=baseline layout=serial phase=measure iteration=0 component=safe_sm component_id=5 lut_exp=0 scna_layout=0 scna_width=0 qo_len=4 kv_len=4096 n_heads=12 n_kv_heads=2 head_dim=128 kv_head=0 worker=1 block_r=0 block_c=3840 t0_us=261366964175 t1_us=261366964184 dur_us=9
FIG8_ATTENTION_EVENT mode=baseline layout=serial phase=measure iteration=0 component=v_load component_id=3 lut_exp=0 scna_layout=0 scna_width=0 qo_len=4 kv_len=4096 n_heads=12 n_kv_heads=2 head_dim=128 kv_head=0 worker=1 block_r=0 block_c=3840 t0_us=261366964184 t1_us=261366964186 dur_us=2
FIG8_ATTENTION_EVENT mode=baseline layout=serial phase=measure iteration=0 component=core_acc component_id=6 lut_exp=0 scna_layout=0 scna_width=0 qo_len=4 kv_len=4096 n_heads=12 n_kv_heads=2 head_dim=128 kv_head=0 worker=1 block_r=0 block_c=3840 t0_us=261366964186 t1_us=261366964186 dur_us=0
FIG8_ATTENTION_EVENT mode=baseline layout=serial phase=measure iteration=0 component=o_scale component_id=7 lut_exp=0 scna_layout=0 scna_width=0 qo_len=4 kv_len=4096 n_heads=12 n_kv_heads=2 head_dim=128 kv_head=0 worker=1 block_r=0 block_c=-1 t0_us=261366964187 t1_us=261366964188 dur_us=1
FIG8_ATTENTION_EVENT mode=baseline layout=serial phase=measure iteration=0 component=o_store component_id=8 lut_exp=0 scna_layout=0 scna_width=0 qo_len=4 kv_len=4096 n_heads=12 n_kv_heads=2 head_dim=128 kv_head=0 worker=1 block_r=0 block_c=-1 t0_us=261366964189 t1_us=261366964191 dur_us=1
FIG8_ATTENTION_EVENT mode=baseline layout=serial phase=measure iteration=0 component=q_load component_id=1 lut_exp=0 scna_layout=0 scna_width=0 qo_len=4 kv_len=4096 n_heads=12 n_kv_heads=2 head_dim=128 kv_head=1 worker=1 block_r=0 block_c=-1 t0_us=261366964234 t1_us=261366964236 dur_us=2
FIG8_ATTENTION_EVENT mode=baseline layout=serial phase=measure iteration=0 component=k_load component_id=2 lut_exp=0 scna_layout=0 scna_width=0 qo_len=4 kv_len=4096 n_heads=12 n_kv_heads=2 head_dim=128 kv_head=1 worker=1 block_r=0 block_c=0 t0_us=261366964237 t1_us=261366964259 dur_us=21
FIG8_ATTENTION_EVENT mode=baseline layout=serial phase=measure iteration=0 component=qk_dot component_id=4 lut_exp=0 scna_layout=0 scna_width=0 qo_len=4 kv_len=4096 n_heads=12 n_kv_heads=2 head_dim=128 kv_head=1 worker=1 block_r=0 block_c=0 t0_us=261366964260 t1_us=261366964261 dur_us=0
FIG8_ATTENTION_EVENT mode=baseline layout=serial phase=measure iteration=0 component=safe_sm component_id=5 lut_exp=0 scna_layout=0 scna_width=0 qo_len=4 kv_len=4096 n_heads=12 n_kv_heads=2 head_dim=128 kv_head=1 worker=1 block_r=0 block_c=0 t0_us=261366964261 t1_us=261366964299 dur_us=37
FIG8_ATTENTION_EVENT mode=baseline layout=serial phase=measure iteration=0 component=v_load component_id=3 lut_exp=0 scna_layout=0 scna_width=0 qo_len=4 kv_len=4096 n_heads=12 n_kv_heads=2 head_dim=128 kv_head=1 worker=1 block_r=0 block_c=0 t0_us=261366964299 t1_us=261366964319 dur_us=19
FIG8_ATTENTION_EVENT mode=baseline layout=serial phase=measure iteration=0 component=core_acc component_id=6 lut_exp=0 scna_layout=0 scna_width=0 qo_len=4 kv_len=4096 n_heads=12 n_kv_heads=2 head_dim=128 kv_head=1 worker=1 block_r=0 block_c=0 t0_us=261366964319 t1_us=261366964322 dur_us=3
FIG8_ATTENTION_EVENT mode=baseline layout=serial phase=measure iteration=0 component=k_load component_id=2 lut_exp=0 scna_layout=0 scna_width=0 qo_len=4 kv_len=4096 n_heads=12 n_kv_heads=2 head_dim=128 kv_head=1 worker=1 block_r=0 block_c=1280 t0_us=261366964323 t1_us=261366964345 dur_us=22
FIG8_ATTENTION_EVENT mode=baseline layout=serial phase=measure iteration=0 component=qk_dot component_id=4 lut_exp=0 scna_layout=0 scna_width=0 qo_len=4 kv_len=4096 n_heads=12 n_kv_heads=2 head_dim=128 kv_head=1 worker=1 block_r=0 block_c=1280 t0_us=261366964345 t1_us=261366964346 dur_us=0
FIG8_ATTENTION_EVENT mode=baseline layout=serial phase=measure iteration=0 component=safe_sm component_id=5 lut_exp=0 scna_layout=0 scna_width=0 qo_len=4 kv_len=4096 n_heads=12 n_kv_heads=2 head_dim=128 kv_head=1 worker=1 block_r=0 block_c=1280 t0_us=261366964346 t1_us=261366964381 dur_us=35
FIG8_ATTENTION_EVENT mode=baseline layout=serial phase=measure iteration=0 component=v_load component_id=3 lut_exp=0 scna_layout=0 scna_width=0 qo_len=4 kv_len=4096 n_heads=12 n_kv_heads=2 head_dim=128 kv_head=1 worker=1 block_r=0 block_c=1280 t0_us=261366964381 t1_us=261366964408 dur_us=26
FIG8_ATTENTION_EVENT mode=baseline layout=serial phase=measure iteration=0 component=core_acc component_id=6 lut_exp=0 scna_layout=0 scna_width=0 qo_len=4 kv_len=4096 n_heads=12 n_kv_heads=2 head_dim=128 kv_head=1 worker=1 block_r=0 block_c=1280 t0_us=261366964408 t1_us=261366964408 dur_us=0
FIG8_ATTENTION_EVENT mode=baseline layout=serial phase=measure iteration=0 component=k_load component_id=2 lut_exp=0 scna_layout=0 scna_width=0 qo_len=4 kv_len=4096 n_heads=12 n_kv_heads=2 head_dim=128 kv_head=1 worker=1 block_r=0 block_c=2560 t0_us=261366964408 t1_us=261366964427 dur_us=18
FIG8_ATTENTION_EVENT mode=baseline layout=serial phase=measure iteration=0 component=qk_dot component_id=4 lut_exp=0 scna_layout=0 scna_width=0 qo_len=4 kv_len=4096 n_heads=12 n_kv_heads=2 head_dim=128 kv_head=1 worker=1 block_r=0 block_c=2560 t0_us=261366964427 t1_us=261366964428 dur_us=0
FIG8_ATTENTION_EVENT mode=baseline layout=serial phase=measure iteration=0 component=safe_sm component_id=5 lut_exp=0 scna_layout=0 scna_width=0 qo_len=4 kv_len=4096 n_heads=12 n_kv_heads=2 head_dim=128 kv_head=1 worker=1 block_r=0 block_c=2560 t0_us=261366964428 t1_us=261366964462 dur_us=34
FIG8_ATTENTION_EVENT mode=baseline layout=serial phase=measure iteration=0 component=v_load component_id=3 lut_exp=0 scna_layout=0 scna_width=0 qo_len=4 kv_len=4096 n_heads=12 n_kv_heads=2 head_dim=128 kv_head=1 worker=1 block_r=0 block_c=2560 t0_us=261366964462 t1_us=261366964497 dur_us=34
FIG8_ATTENTION_EVENT mode=baseline layout=serial phase=measure iteration=0 component=core_acc component_id=6 lut_exp=0 scna_layout=0 scna_width=0 qo_len=4 kv_len=4096 n_heads=12 n_kv_heads=2 head_dim=128 kv_head=1 worker=1 block_r=0 block_c=2560 t0_us=261366964497 t1_us=261366964497 dur_us=0
FIG8_ATTENTION_EVENT mode=baseline layout=serial phase=measure iteration=0 component=k_load component_id=2 lut_exp=0 scna_layout=0 scna_width=0 qo_len=4 kv_len=4096 n_heads=12 n_kv_heads=2 head_dim=128 kv_head=1 worker=1 block_r=0 block_c=3840 t0_us=261366964497 t1_us=261366964501 dur_us=4
FIG8_ATTENTION_EVENT mode=baseline layout=serial phase=measure iteration=0 component=qk_dot component_id=4 lut_exp=0 scna_layout=0 scna_width=0 qo_len=4 kv_len=4096 n_heads=12 n_kv_heads=2 head_dim=128 kv_head=1 worker=1 block_r=0 block_c=3840 t0_us=261366964502 t1_us=261366964502 dur_us=0
FIG8_ATTENTION_EVENT mode=baseline layout=serial phase=measure iteration=0 component=safe_sm component_id=5 lut_exp=0 scna_layout=0 scna_width=0 qo_len=4 kv_len=4096 n_heads=12 n_kv_heads=2 head_dim=128 kv_head=1 worker=1 block_r=0 block_c=3840 t0_us=261366964502 t1_us=261366964511 dur_us=9
FIG8_ATTENTION_EVENT mode=baseline layout=serial phase=measure iteration=0 component=v_load component_id=3 lut_exp=0 scna_layout=0 scna_width=0 qo_len=4 kv_len=4096 n_heads=12 n_kv_heads=2 head_dim=128 kv_head=1 worker=1 block_r=0 block_c=3840 t0_us=261366964511 t1_us=261366964513 dur_us=2
FIG8_ATTENTION_EVENT mode=baseline layout=serial phase=measure iteration=0 component=core_acc component_id=6 lut_exp=0 scna_layout=0 scna_width=0 qo_len=4 kv_len=4096 n_heads=12 n_kv_heads=2 head_dim=128 kv_head=1 worker=1 block_r=0 block_c=3840 t0_us=261366964513 t1_us=261366964513 dur_us=0
FIG8_ATTENTION_EVENT mode=baseline layout=serial phase=measure iteration=0 component=o_scale component_id=7 lut_exp=0 scna_layout=0 scna_width=0 qo_len=4 kv_len=4096 n_heads=12 n_kv_heads=2 head_dim=128 kv_head=1 worker=1 block_r=0 block_c=-1 t0_us=261366964514 t1_us=261366964515 dur_us=1
FIG8_ATTENTION_EVENT mode=baseline layout=serial phase=measure iteration=0 component=o_store component_id=8 lut_exp=0 scna_layout=0 scna_width=0 qo_len=4 kv_len=4096 n_heads=12 n_kv_heads=2 head_dim=128 kv_head=1 worker=1 block_r=0 block_c=-1 t0_us=261366964516 t1_us=261366964518 dur_us=2
FIG8_ATTENTION_CHECKSUM mode=baseline layout=serial scna_width=8 seed=figure8_fixed phase=measure iteration=0 checksum=0x9a6ac7b72c8d7f2f
