mode,wait_policy,wait_strategy,host_cpu_requested,host_cpu_actual,cpu_role,qo_len,kv_len,n_heads,n_kv_heads,head_dim,phase,iteration,host_wall_us,host_thread_cpu_us,wait_wall_us,wait_thread_cpu_us,sleep_us,spin_us,poll_count,predicted_us,prediction_error_us,descriptor_prepare_us,dsp_mapping_us,dsp_validate_in_us,dsp_compute_us,dsp_validate_out_us,dsp_dispatch_total_us,output_hash,ret,source_file,placement
baseline,legacy,legacy-usleep50,6,6,high-capacity,16,4096,12,2,128,measure,0,1632.0,44.0,1628.0,42.0,1623.0,5.0,15.0,0.0,0.0,0.0,8.0,71.0,1508.0,17.0,1604.0,f9e012e63c1c7864,0,baseline-high-capacity-cpu6-legacy-q16.csv,high-capacity-cpu6
baseline,legacy,legacy-usleep50,6,6,high-capacity,16,4096,12,2,128,measure,1,1715.0,45.0,1712.0,42.0,1710.0,2.0,16.0,0.0,0.0,0.0,8.0,71.0,1502.0,18.0,1599.0,f9e012e63c1c7864,0,baseline-high-capacity-cpu6-legacy-q16.csv,high-capacity-cpu6
baseline,legacy,legacy-usleep50,6,6,high-capacity,16,4096,12,2,128,measure,2,1714.0,46.0,1711.0,45.0,1709.0,2.0,16.0,0.0,0.0,0.0,7.0,72.0,1503.0,17.0,1600.0,f9e012e63c1c7864,0,baseline-high-capacity-cpu6-legacy-q16.csv,high-capacity-cpu6
baseline,legacy,legacy-usleep50,6,6,high-capacity,16,4096,12,2,128,measure,3,1699.0,83.0,1696.0,81.0,1694.0,2.0,16.0,0.0,0.0,0.0,7.0,71.0,1491.0,17.0,1587.0,f9e012e63c1c7864,0,baseline-high-capacity-cpu6-legacy-q16.csv,high-capacity-cpu6
baseline,legacy,legacy-usleep50,6,6,high-capacity,16,4096,12,2,128,measure,4,1716.0,47.0,1713.0,45.0,1712.0,1.0,16.0,0.0,0.0,0.0,6.0,71.0,1499.0,17.0,1594.0,f9e012e63c1c7864,0,baseline-high-capacity-cpu6-legacy-q16.csv,high-capacity-cpu6
baseline,legacy,legacy-usleep50,6,6,high-capacity,16,4096,12,2,128,measure,5,1716.0,45.0,1713.0,44.0,1707.0,6.0,16.0,0.0,0.0,0.0,7.0,71.0,1498.0,17.0,1594.0,f9e012e63c1c7864,0,baseline-high-capacity-cpu6-legacy-q16.csv,high-capacity-cpu6
baseline,legacy,legacy-usleep50,6,6,high-capacity,16,4096,12,2,128,measure,6,1735.0,67.0,1732.0,65.0,1729.0,3.0,16.0,0.0,0.0,0.0,7.0,72.0,1500.0,18.0,1597.0,f9e012e63c1c7864,0,baseline-high-capacity-cpu6-legacy-q16.csv,high-capacity-cpu6
baseline,legacy,legacy-usleep50,6,6,high-capacity,16,4096,12,2,128,measure,7,1712.0,44.0,1708.0,42.0,1705.0,3.0,16.0,0.0,0.0,0.0,8.0,71.0,1505.0,17.0,1601.0,f9e012e63c1c7864,0,baseline-high-capacity-cpu6-legacy-q16.csv,high-capacity-cpu6
baseline,legacy,legacy-usleep50,6,6,high-capacity,16,4096,12,2,128,measure,8,1612.0,47.0,1609.0,45.0,1606.0,3.0,15.0,0.0,0.0,0.0,7.0,72.0,1499.0,18.0,1596.0,f9e012e63c1c7864,0,baseline-high-capacity-cpu6-legacy-q16.csv,high-capacity-cpu6
baseline,legacy,legacy-usleep50,6,6,high-capacity,16,4096,12,2,128,measure,9,1709.0,39.0,1706.0,37.0,1701.0,5.0,16.0,0.0,0.0,0.0,7.0,72.0,1503.0,17.0,1599.0,f9e012e63c1c7864,0,baseline-high-capacity-cpu6-legacy-q16.csv,high-capacity-cpu6
baseline,legacy,legacy-usleep50,6,6,high-capacity,16,4096,12,2,128,measure,10,1712.0,40.0,1708.0,38.0,1707.0,1.0,16.0,0.0,0.0,0.0,7.0,72.0,1501.0,17.0,1597.0,f9e012e63c1c7864,0,baseline-high-capacity-cpu6-legacy-q16.csv,high-capacity-cpu6
baseline,legacy,legacy-usleep50,6,6,high-capacity,16,4096,12,2,128,measure,11,1711.0,36.0,1707.0,34.0,1704.0,3.0,16.0,0.0,0.0,0.0,7.0,71.0,1505.0,18.0,1602.0,f9e012e63c1c7864,0,baseline-high-capacity-cpu6-legacy-q16.csv,high-capacity-cpu6
baseline,legacy,legacy-usleep50,6,6,high-capacity,16,4096,12,2,128,measure,12,1639.0,78.0,1635.0,76.0,1632.0,3.0,15.0,0.0,0.0,0.0,7.0,72.0,1501.0,17.0,1597.0,f9e012e63c1c7864,0,baseline-high-capacity-cpu6-legacy-q16.csv,high-capacity-cpu6
baseline,legacy,legacy-usleep50,6,6,high-capacity,16,4096,12,2,128,measure,13,1710.0,42.0,1707.0,39.0,1704.0,3.0,16.0,0.0,0.0,0.0,8.0,72.0,1506.0,17.0,1603.0,f9e012e63c1c7864,0,baseline-high-capacity-cpu6-legacy-q16.csv,high-capacity-cpu6
baseline,legacy,legacy-usleep50,6,6,high-capacity,16,4096,12,2,128,measure,14,1714.0,46.0,1712.0,44.0,1705.0,7.0,16.0,0.0,0.0,0.0,7.0,72.0,1505.0,17.0,1602.0,f9e012e63c1c7864,0,baseline-high-capacity-cpu6-legacy-q16.csv,high-capacity-cpu6
baseline,legacy,legacy-usleep50,6,6,high-capacity,16,4096,12,2,128,measure,15,1633.0,40.0,1629.0,39.0,1629.0,0.0,15.0,0.0,0.0,0.0,7.0,71.0,1514.0,17.0,1609.0,f9e012e63c1c7864,0,baseline-high-capacity-cpu6-legacy-q16.csv,high-capacity-cpu6
baseline,legacy,legacy-usleep50,6,6,high-capacity,16,4096,12,2,128,measure,16,1620.0,48.0,1617.0,46.0,1616.0,1.0,15.0,0.0,0.0,0.0,7.0,72.0,1505.0,17.0,1601.0,f9e012e63c1c7864,0,baseline-high-capacity-cpu6-legacy-q16.csv,high-capacity-cpu6
baseline,legacy,legacy-usleep50,6,6,high-capacity,16,4096,12,2,128,measure,17,1714.0,46.0,1710.0,44.0,1707.0,3.0,16.0,0.0,0.0,0.0,7.0,71.0,1505.0,17.0,1600.0,f9e012e63c1c7864,0,baseline-high-capacity-cpu6-legacy-q16.csv,high-capacity-cpu6
baseline,legacy,legacy-usleep50,6,6,high-capacity,16,4096,12,2,128,measure,18,1619.0,61.0,1616.0,59.0,1610.0,6.0,15.0,0.0,0.0,0.0,7.0,72.0,1496.0,17.0,1592.0,f9e012e63c1c7864,0,baseline-high-capacity-cpu6-legacy-q16.csv,high-capacity-cpu6
baseline,legacy,legacy-usleep50,6,6,high-capacity,16,4096,12,2,128,measure,19,1605.0,47.0,1602.0,45.0,1597.0,5.0,15.0,0.0,0.0,0.0,6.0,71.0,1499.0,17.0,1594.0,f9e012e63c1c7864,0,baseline-high-capacity-cpu6-legacy-q16.csv,high-capacity-cpu6
baseline,legacy,legacy-usleep50,6,6,high-capacity,32,4096,12,2,128,measure,0,2310.0,48.0,2307.0,46.0,2300.0,7.0,21.0,0.0,0.0,1.0,9.0,75.0,2126.0,33.0,2243.0,23e201cc6e23589a,0,baseline-high-capacity-cpu6-legacy-q32.csv,high-capacity-cpu6
baseline,legacy,legacy-usleep50,6,6,high-capacity,32,4096,12,2,128,measure,1,2323.0,53.0,2320.0,52.0,2315.0,5.0,21.0,0.0,0.0,1.0,9.0,75.0,2126.0,34.0,2244.0,23e201cc6e23589a,0,baseline-high-capacity-cpu6-legacy-q32.csv,high-capacity-cpu6
baseline,legacy,legacy-usleep50,6,6,high-capacity,32,4096,12,2,128,measure,2,2293.0,57.0,2290.0,55.0,2284.0,6.0,21.0,0.0,0.0,1.0,9.0,76.0,2113.0,33.0,2231.0,23e201cc6e23589a,0,baseline-high-capacity-cpu6-legacy-q32.csv,high-capacity-cpu6
baseline,legacy,legacy-usleep50,6,6,high-capacity,32,4096,12,2,128,measure,3,2295.0,55.0,2292.0,53.0,2290.0,2.0,21.0,0.0,0.0,1.0,8.0,75.0,2114.0,34.0,2232.0,23e201cc6e23589a,0,baseline-high-capacity-cpu6-legacy-q32.csv,high-capacity-cpu6
baseline,legacy,legacy-usleep50,6,6,high-capacity,32,4096,12,2,128,measure,4,2329.0,51.0,2326.0,50.0,2322.0,4.0,21.0,0.0,0.0,1.0,8.0,75.0,2111.0,33.0,2228.0,23e201cc6e23589a,0,baseline-high-capacity-cpu6-legacy-q32.csv,high-capacity-cpu6
baseline,legacy,legacy-usleep50,6,6,high-capacity,32,4096,12,2,128,measure,5,2295.0,52.0,2291.0,50.0,2285.0,6.0,21.0,0.0,0.0,1.0,8.0,75.0,2113.0,33.0,2230.0,23e201cc6e23589a,0,baseline-high-capacity-cpu6-legacy-q32.csv,high-capacity-cpu6
baseline,legacy,legacy-usleep50,6,6,high-capacity,32,4096,12,2,128,measure,6,2327.0,85.0,2324.0,83.0,2319.0,5.0,21.0,0.0,0.0,1.0,8.0,75.0,2112.0,33.0,2229.0,23e201cc6e23589a,0,baseline-high-capacity-cpu6-legacy-q32.csv,high-capacity-cpu6
baseline,legacy,legacy-usleep50,6,6,high-capacity,32,4096,12,2,128,measure,7,2295.0,52.0,2292.0,50.0,2288.0,4.0,21.0,0.0,0.0,1.0,9.0,75.0,2119.0,34.0,2237.0,23e201cc6e23589a,0,baseline-high-capacity-cpu6-legacy-q32.csv,high-capacity-cpu6
baseline,legacy,legacy-usleep50,6,6,high-capacity,32,4096,12,2,128,measure,8,2293.0,54.0,2290.0,52.0,2287.0,3.0,21.0,0.0,0.0,1.0,8.0,75.0,2091.0,34.0,2209.0,23e201cc6e23589a,0,baseline-high-capacity-cpu6-legacy-q32.csv,high-capacity-cpu6
baseline,legacy,legacy-usleep50,6,6,high-capacity,32,4096,12,2,128,measure,9,2320.0,51.0,2317.0,49.0,2314.0,3.0,21.0,0.0,0.0,1.0,9.0,75.0,2122.0,33.0,2240.0,23e201cc6e23589a,0,baseline-high-capacity-cpu6-legacy-q32.csv,high-capacity-cpu6
baseline,legacy,legacy-usleep50,6,6,high-capacity,32,4096,12,2,128,measure,10,2295.0,55.0,2291.0,54.0,2285.0,6.0,21.0,0.0,0.0,1.0,9.0,76.0,2114.0,34.0,2233.0,23e201cc6e23589a,0,baseline-high-capacity-cpu6-legacy-q32.csv,high-capacity-cpu6
baseline,legacy,legacy-usleep50,6,6,high-capacity,32,4096,12,2,128,measure,11,2320.0,55.0,2317.0,53.0,2316.0,1.0,21.0,0.0,0.0,1.0,9.0,75.0,2116.0,34.0,2234.0,23e201cc6e23589a,0,baseline-high-capacity-cpu6-legacy-q32.csv,high-capacity-cpu6
baseline,legacy,legacy-usleep50,6,6,high-capacity,32,4096,12,2,128,measure,12,2297.0,51.0,2294.0,50.0,2292.0,2.0,21.0,0.0,0.0,1.0,9.0,75.0,2103.0,34.0,2222.0,23e201cc6e23589a,0,baseline-high-capacity-cpu6-legacy-q32.csv,high-capacity-cpu6
baseline,legacy,legacy-usleep50,6,6,high-capacity,32,4096,12,2,128,measure,13,2295.0,77.0,2292.0,75.0,2288.0,4.0,21.0,0.0,0.0,1.0,8.0,75.0,2120.0,33.0,2237.0,23e201cc6e23589a,0,baseline-high-capacity-cpu6-legacy-q32.csv,high-capacity-cpu6
baseline,legacy,legacy-usleep50,6,6,high-capacity,32,4096,12,2,128,measure,14,2332.0,53.0,2329.0,51.0,2326.0,3.0,21.0,0.0,0.0,1.0,9.0,76.0,2116.0,33.0,2234.0,23e201cc6e23589a,0,baseline-high-capacity-cpu6-legacy-q32.csv,high-capacity-cpu6
baseline,legacy,legacy-usleep50,6,6,high-capacity,32,4096,12,2,128,measure,15,2341.0,50.0,2338.0,48.0,2330.0,8.0,21.0,0.0,0.0,1.0,9.0,75.0,2117.0,34.0,2235.0,23e201cc6e23589a,0,baseline-high-capacity-cpu6-legacy-q32.csv,high-capacity-cpu6
baseline,legacy,legacy-usleep50,6,6,high-capacity,32,4096,12,2,128,measure,16,2335.0,61.0,2332.0,59.0,2328.0,4.0,21.0,0.0,0.0,1.0,9.0,75.0,2118.0,33.0,2236.0,23e201cc6e23589a,0,baseline-high-capacity-cpu6-legacy-q32.csv,high-capacity-cpu6
baseline,legacy,legacy-usleep50,6,6,high-capacity,32,4096,12,2,128,measure,17,2283.0,58.0,2280.0,56.0,2273.0,7.0,21.0,0.0,0.0,1.0,9.0,75.0,2119.0,33.0,2237.0,23e201cc6e23589a,0,baseline-high-capacity-cpu6-legacy-q32.csv,high-capacity-cpu6
baseline,legacy,legacy-usleep50,6,6,high-capacity,32,4096,12,2,128,measure,18,2285.0,58.0,2282.0,56.0,2279.0,3.0,21.0,0.0,0.0,1.0,8.0,75.0,2129.0,33.0,2246.0,23e201cc6e23589a,0,baseline-high-capacity-cpu6-legacy-q32.csv,high-capacity-cpu6
baseline,legacy,legacy-usleep50,6,6,high-capacity,32,4096,12,2,128,measure,19,2312.0,72.0,2309.0,70.0,2305.0,4.0,21.0,0.0,0.0,1.0,9.0,75.0,2129.0,33.0,2247.0,23e201cc6e23589a,0,baseline-high-capacity-cpu6-legacy-q32.csv,high-capacity-cpu6
baseline,legacy,legacy-usleep50,6,6,high-capacity,4,4096,12,2,128,measure,0,1143.0,33.0,1141.0,31.0,1138.0,3.0,11.0,0.0,0.0,1.0,6.0,69.0,1023.0,5.0,1103.0,c50c94b789741948,0,baseline-high-capacity-cpu6-legacy-q4.csv,high-capacity-cpu6
baseline,legacy,legacy-usleep50,6,6,high-capacity,4,4096,12,2,128,measure,1,1181.0,54.0,1179.0,52.0,1175.0,4.0,11.0,0.0,0.0,1.0,7.0,69.0,1024.0,5.0,1105.0,c50c94b789741948,0,baseline-high-capacity-cpu6-legacy-q4.csv,high-capacity-cpu6
baseline,legacy,legacy-usleep50,6,6,high-capacity,4,4096,12,2,128,measure,2,1146.0,35.0,1143.0,33.0,1141.0,2.0,11.0,0.0,0.0,1.0,7.0,69.0,1025.0,5.0,1106.0,c50c94b789741948,0,baseline-high-capacity-cpu6-legacy-q4.csv,high-capacity-cpu6
baseline,legacy,legacy-usleep50,6,6,high-capacity,4,4096,12,2,128,measure,3,1148.0,34.0,1145.0,32.0,1144.0,1.0,11.0,0.0,0.0,1.0,6.0,69.0,1022.0,5.0,1102.0,c50c94b789741948,0,baseline-high-capacity-cpu6-legacy-q4.csv,high-capacity-cpu6
baseline,legacy,legacy-usleep50,6,6,high-capacity,4,4096,12,2,128,measure,4,1148.0,34.0,1144.0,32.0,1141.0,3.0,11.0,0.0,0.0,1.0,6.0,68.0,1024.0,5.0,1104.0,c50c94b789741948,0,baseline-high-capacity-cpu6-legacy-q4.csv,high-capacity-cpu6
baseline,legacy,legacy-usleep50,6,6,high-capacity,4,4096,12,2,128,measure,5,1169.0,72.0,1167.0,70.0,1164.0,3.0,11.0,0.0,0.0,1.0,7.0,69.0,1020.0,5.0,1101.0,c50c94b789741948,0,baseline-high-capacity-cpu6-legacy-q4.csv,high-capacity-cpu6
baseline,legacy,legacy-usleep50,6,6,high-capacity,4,4096,12,2,128,measure,6,1153.0,36.0,1151.0,34.0,1149.0,2.0,11.0,0.0,0.0,1.0,7.0,69.0,1022.0,5.0,1103.0,c50c94b789741948,0,baseline-high-capacity-cpu6-legacy-q4.csv,high-capacity-cpu6
baseline,legacy,legacy-usleep50,6,6,high-capacity,4,4096,12,2,128,measure,7,1175.0,34.0,1173.0,32.0,1169.0,4.0,11.0,0.0,0.0,1.0,7.0,69.0,1022.0,5.0,1103.0,c50c94b789741948,0,baseline-high-capacity-cpu6-legacy-q4.csv,high-capacity-cpu6
baseline,legacy,legacy-usleep50,6,6,high-capacity,4,4096,12,2,128,measure,8,1146.0,36.0,1143.0,34.0,1138.0,5.0,11.0,0.0,0.0,1.0,7.0,69.0,1024.0,5.0,1105.0,c50c94b789741948,0,baseline-high-capacity-cpu6-legacy-q4.csv,high-capacity-cpu6
baseline,legacy,legacy-usleep50,6,6,high-capacity,4,4096,12,2,128,measure,9,1142.0,34.0,1139.0,32.0,1135.0,4.0,11.0,0.0,0.0,1.0,7.0,69.0,1022.0,5.0,1103.0,c50c94b789741948,0,baseline-high-capacity-cpu6-legacy-q4.csv,high-capacity-cpu6
baseline,legacy,legacy-usleep50,6,6,high-capacity,4,4096,12,2,128,measure,10,1146.0,33.0,1143.0,31.0,1141.0,2.0,11.0,0.0,0.0,1.0,7.0,69.0,1025.0,5.0,1106.0,c50c94b789741948,0,baseline-high-capacity-cpu6-legacy-q4.csv,high-capacity-cpu6
baseline,legacy,legacy-usleep50,6,6,high-capacity,4,4096,12,2,128,measure,11,1146.0,34.0,1142.0,32.0,1139.0,3.0,11.0,0.0,0.0,1.0,7.0,69.0,1020.0,5.0,1101.0,c50c94b789741948,0,baseline-high-capacity-cpu6-legacy-q4.csv,high-capacity-cpu6
baseline,legacy,legacy-usleep50,6,6,high-capacity,4,4096,12,2,128,measure,12,1145.0,36.0,1142.0,34.0,1140.0,2.0,11.0,0.0,0.0,1.0,7.0,69.0,1025.0,6.0,1107.0,c50c94b789741948,0,baseline-high-capacity-cpu6-legacy-q4.csv,high-capacity-cpu6
baseline,legacy,legacy-usleep50,6,6,high-capacity,4,4096,12,2,128,measure,13,1145.0,35.0,1142.0,33.0,1140.0,2.0,11.0,0.0,0.0,1.0,6.0,69.0,1025.0,6.0,1106.0,c50c94b789741948,0,baseline-high-capacity-cpu6-legacy-q4.csv,high-capacity-cpu6
baseline,legacy,legacy-usleep50,6,6,high-capacity,4,4096,12,2,128,measure,14,1142.0,33.0,1140.0,31.0,1134.0,6.0,11.0,0.0,0.0,1.0,6.0,68.0,1027.0,5.0,1107.0,c50c94b789741948,0,baseline-high-capacity-cpu6-legacy-q4.csv,high-capacity-cpu6
baseline,legacy,legacy-usleep50,6,6,high-capacity,4,4096,12,2,128,measure,15,1149.0,39.0,1146.0,37.0,1142.0,4.0,11.0,0.0,0.0,1.0,7.0,69.0,1022.0,5.0,1103.0,c50c94b789741948,0,baseline-high-capacity-cpu6-legacy-q4.csv,high-capacity-cpu6
baseline,legacy,legacy-usleep50,6,6,high-capacity,4,4096,12,2,128,measure,16,1145.0,38.0,1142.0,36.0,1141.0,1.0,11.0,0.0,0.0,1.0,7.0,69.0,1023.0,6.0,1105.0,c50c94b789741948,0,baseline-high-capacity-cpu6-legacy-q4.csv,high-capacity-cpu6
baseline,legacy,legacy-usleep50,6,6,high-capacity,4,4096,12,2,128,measure,17,1142.0,33.0,1139.0,32.0,1137.0,2.0,11.0,0.0,0.0,1.0,7.0,69.0,1024.0,5.0,1105.0,c50c94b789741948,0,baseline-high-capacity-cpu6-legacy-q4.csv,high-capacity-cpu6
baseline,legacy,legacy-usleep50,6,6,high-capacity,4,4096,12,2,128,measure,18,1155.0,57.0,1152.0,55.0,1149.0,3.0,11.0,0.0,0.0,1.0,7.0,69.0,1015.0,5.0,1096.0,c50c94b789741948,0,baseline-high-capacity-cpu6-legacy-q4.csv,high-capacity-cpu6
baseline,legacy,legacy-usleep50,6,6,high-capacity,4,4096,12,2,128,measure,19,1145.0,37.0,1142.0,35.0,1136.0,6.0,11.0,0.0,0.0,1.0,8.0,69.0,1022.0,5.0,1104.0,c50c94b789741948,0,baseline-high-capacity-cpu6-legacy-q4.csv,high-capacity-cpu6
baseline,legacy,legacy-usleep50,6,6,high-capacity,8,4096,12,2,128,measure,0,1381.0,42.0,1378.0,40.0,1375.0,3.0,13.0,0.0,0.0,0.0,7.0,70.0,1176.0,10.0,1263.0,541717b1f7dc7b1c,0,baseline-high-capacity-cpu6-legacy-q8.csv,high-capacity-cpu6
baseline,legacy,legacy-usleep50,6,6,high-capacity,8,4096,12,2,128,measure,1,1378.0,43.0,1375.0,41.0,1373.0,2.0,13.0,0.0,0.0,0.0,7.0,70.0,1176.0,9.0,1262.0,541717b1f7dc7b1c,0,baseline-high-capacity-cpu6-legacy-q8.csv,high-capacity-cpu6
baseline,legacy,legacy-usleep50,6,6,high-capacity,8,4096,12,2,128,measure,2,1298.0,41.0,1295.0,38.0,1289.0,6.0,12.0,0.0,0.0,0.0,8.0,69.0,1176.0,9.0,1262.0,541717b1f7dc7b1c,0,baseline-high-capacity-cpu6-legacy-q8.csv,high-capacity-cpu6
baseline,legacy,legacy-usleep50,6,6,high-capacity,8,4096,12,2,128,measure,3,1378.0,39.0,1375.0,37.0,1374.0,1.0,13.0,0.0,0.0,0.0,7.0,70.0,1173.0,10.0,1260.0,541717b1f7dc7b1c,0,baseline-high-capacity-cpu6-legacy-q8.csv,high-capacity-cpu6
baseline,legacy,legacy-usleep50,6,6,high-capacity,8,4096,12,2,128,measure,4,1369.0,41.0,1366.0,39.0,1364.0,2.0,13.0,0.0,0.0,0.0,7.0,70.0,1175.0,10.0,1262.0,541717b1f7dc7b1c,0,baseline-high-capacity-cpu6-legacy-q8.csv,high-capacity-cpu6
baseline,legacy,legacy-usleep50,6,6,high-capacity,8,4096,12,2,128,measure,5,1375.0,44.0,1372.0,42.0,1369.0,3.0,13.0,0.0,0.0,0.0,7.0,70.0,1173.0,10.0,1260.0,541717b1f7dc7b1c,0,baseline-high-capacity-cpu6-legacy-q8.csv,high-capacity-cpu6
baseline,legacy,legacy-usleep50,6,6,high-capacity,8,4096,12,2,128,measure,6,1375.0,41.0,1372.0,39.0,1366.0,6.0,13.0,0.0,0.0,0.0,7.0,70.0,1180.0,10.0,1267.0,541717b1f7dc7b1c,0,baseline-high-capacity-cpu6-legacy-q8.csv,high-capacity-cpu6
baseline,legacy,legacy-usleep50,6,6,high-capacity,8,4096,12,2,128,measure,7,1378.0,41.0,1375.0,39.0,1372.0,3.0,13.0,0.0,0.0,0.0,7.0,70.0,1175.0,9.0,1261.0,541717b1f7dc7b1c,0,baseline-high-capacity-cpu6-legacy-q8.csv,high-capacity-cpu6
baseline,legacy,legacy-usleep50,6,6,high-capacity,8,4096,12,2,128,measure,8,1305.0,54.0,1302.0,52.0,1298.0,4.0,12.0,0.0,0.0,0.0,7.0,69.0,1170.0,9.0,1256.0,541717b1f7dc7b1c,0,baseline-high-capacity-cpu6-legacy-q8.csv,high-capacity-cpu6
baseline,legacy,legacy-usleep50,6,6,high-capacity,8,4096,12,2,128,measure,9,1376.0,39.0,1373.0,37.0,1370.0,3.0,13.0,0.0,0.0,0.0,8.0,70.0,1176.0,10.0,1264.0,541717b1f7dc7b1c,0,baseline-high-capacity-cpu6-legacy-q8.csv,high-capacity-cpu6
baseline,legacy,legacy-usleep50,6,6,high-capacity,8,4096,12,2,128,measure,10,1376.0,40.0,1373.0,39.0,1371.0,2.0,13.0,0.0,0.0,0.0,7.0,70.0,1178.0,9.0,1264.0,541717b1f7dc7b1c,0,baseline-high-capacity-cpu6-legacy-q8.csv,high-capacity-cpu6
baseline,legacy,legacy-usleep50,6,6,high-capacity,8,4096,12,2,128,measure,11,1375.0,40.0,1372.0,39.0,1370.0,2.0,13.0,0.0,0.0,0.0,7.0,69.0,1180.0,9.0,1266.0,541717b1f7dc7b1c,0,baseline-high-capacity-cpu6-legacy-q8.csv,high-capacity-cpu6
baseline,legacy,legacy-usleep50,6,6,high-capacity,8,4096,12,2,128,measure,12,1267.0,35.0,1264.0,33.0,1263.0,1.0,12.0,0.0,0.0,0.0,7.0,69.0,1168.0,9.0,1254.0,541717b1f7dc7b1c,0,baseline-high-capacity-cpu6-legacy-q8.csv,high-capacity-cpu6
baseline,legacy,legacy-usleep50,6,6,high-capacity,8,4096,12,2,128,measure,13,1281.0,75.0,1278.0,73.0,1275.0,3.0,12.0,0.0,0.0,0.0,7.0,69.0,1176.0,9.0,1262.0,541717b1f7dc7b1c,0,baseline-high-capacity-cpu6-legacy-q8.csv,high-capacity-cpu6
baseline,legacy,legacy-usleep50,6,6,high-capacity,8,4096,12,2,128,measure,14,1370.0,40.0,1367.0,38.0,1365.0,2.0,13.0,0.0,0.0,0.0,7.0,70.0,1180.0,9.0,1266.0,541717b1f7dc7b1c,0,baseline-high-capacity-cpu6-legacy-q8.csv,high-capacity-cpu6
baseline,legacy,legacy-usleep50,6,6,high-capacity,8,4096,12,2,128,measure,15,1373.0,40.0,1370.0,38.0,1366.0,4.0,13.0,0.0,0.0,0.0,8.0,69.0,1182.0,9.0,1268.0,541717b1f7dc7b1c,0,baseline-high-capacity-cpu6-legacy-q8.csv,high-capacity-cpu6
baseline,legacy,legacy-usleep50,6,6,high-capacity,8,4096,12,2,128,measure,16,1369.0,39.0,1367.0,37.0,1364.0,3.0,13.0,0.0,0.0,0.0,7.0,70.0,1180.0,9.0,1266.0,541717b1f7dc7b1c,0,baseline-high-capacity-cpu6-legacy-q8.csv,high-capacity-cpu6
baseline,legacy,legacy-usleep50,6,6,high-capacity,8,4096,12,2,128,measure,17,1367.0,35.0,1364.0,33.0,1363.0,1.0,13.0,0.0,0.0,0.0,7.0,70.0,1178.0,10.0,1265.0,541717b1f7dc7b1c,0,baseline-high-capacity-cpu6-legacy-q8.csv,high-capacity-cpu6
baseline,legacy,legacy-usleep50,6,6,high-capacity,8,4096,12,2,128,measure,18,1371.0,32.0,1368.0,30.0,1366.0,2.0,13.0,0.0,0.0,0.0,7.0,69.0,1184.0,9.0,1270.0,541717b1f7dc7b1c,0,baseline-high-capacity-cpu6-legacy-q8.csv,high-capacity-cpu6
baseline,legacy,legacy-usleep50,6,6,high-capacity,8,4096,12,2,128,measure,19,1366.0,34.0,1364.0,32.0,1362.0,2.0,13.0,0.0,0.0,0.0,7.0,69.0,1180.0,10.0,1267.0,541717b1f7dc7b1c,0,baseline-high-capacity-cpu6-legacy-q8.csv,high-capacity-cpu6
baseline,predictive,predictive-sleep-spin,6,6,high-capacity,16,4096,12,2,128,measure,0,1681.0,111.0,1678.0,109.0,1574.0,104.0,14861.0,1604.0,74.0,1.0,8.0,71.0,1573.0,17.0,1670.0,f9e012e63c1c7864,0,baseline-high-capacity-cpu6-predictive-q16.csv,high-capacity-cpu6
baseline,predictive,predictive-sleep-spin,6,6,high-capacity,16,4096,12,2,128,measure,1,1682.0,110.0,1679.0,108.0,1573.0,106.0,15074.0,1604.0,75.0,1.0,8.0,72.0,1572.0,18.0,1670.0,f9e012e63c1c7864,0,baseline-high-capacity-cpu6-predictive-q16.csv,high-capacity-cpu6
baseline,predictive,predictive-sleep-spin,6,6,high-capacity,16,4096,12,2,128,measure,2,1677.0,104.0,1673.0,102.0,1575.0,98.0,14097.0,1604.0,69.0,1.0,8.0,72.0,1567.0,17.0,1664.0,f9e012e63c1c7864,0,baseline-high-capacity-cpu6-predictive-q16.csv,high-capacity-cpu6
baseline,predictive,predictive-sleep-spin,6,6,high-capacity,16,4096,12,2,128,measure,3,1674.0,101.0,1671.0,99.0,1575.0,96.0,13680.0,1604.0,67.0,1.0,7.0,71.0,1566.0,17.0,1662.0,f9e012e63c1c7864,0,baseline-high-capacity-cpu6-predictive-q16.csv,high-capacity-cpu6
baseline,predictive,predictive-sleep-spin,6,6,high-capacity,16,4096,12,2,128,measure,4,1675.0,103.0,1672.0,102.0,1575.0,97.0,13871.0,1604.0,68.0,1.0,7.0,71.0,1567.0,17.0,1663.0,f9e012e63c1c7864,0,baseline-high-capacity-cpu6-predictive-q16.csv,high-capacity-cpu6
baseline,predictive,predictive-sleep-spin,6,6,high-capacity,16,4096,12,2,128,measure,5,1674.0,80.0,1671.0,78.0,1575.0,96.0,10235.0,1604.0,67.0,1.0,8.0,71.0,1565.0,17.0,1662.0,f9e012e63c1c7864,0,baseline-high-capacity-cpu6-predictive-q16.csv,high-capacity-cpu6
baseline,predictive,predictive-sleep-spin,6,6,high-capacity,16,4096,12,2,128,measure,6,1680.0,109.0,1677.0,107.0,1574.0,103.0,14674.0,1604.0,73.0,1.0,7.0,72.0,1571.0,17.0,1668.0,f9e012e63c1c7864,0,baseline-high-capacity-cpu6-predictive-q16.csv,high-capacity-cpu6
baseline,predictive,predictive-sleep-spin,6,6,high-capacity,16,4096,12,2,128,measure,7,1676.0,103.0,1673.0,101.0,1576.0,97.0,13792.0,1604.0,69.0,1.0,8.0,72.0,1569.0,17.0,1666.0,f9e012e63c1c7864,0,baseline-high-capacity-cpu6-predictive-q16.csv,high-capacity-cpu6
baseline,predictive,predictive-sleep-spin,6,6,high-capacity,16,4096,12,2,128,measure,8,1682.0,111.0,1679.0,109.0,1574.0,105.0,14996.0,1604.0,75.0,1.0,8.0,71.0,1572.0,18.0,1670.0,f9e012e63c1c7864,0,baseline-high-capacity-cpu6-predictive-q16.csv,high-capacity-cpu6
baseline,predictive,predictive-sleep-spin,6,6,high-capacity,16,4096,12,2,128,measure,9,1678.0,106.0,1675.0,104.0,1576.0,99.0,14258.0,1604.0,71.0,1.0,8.0,71.0,1570.0,17.0,1667.0,f9e012e63c1c7864,0,baseline-high-capacity-cpu6-predictive-q16.csv,high-capacity-cpu6
baseline,predictive,predictive-sleep-spin,6,6,high-capacity,16,4096,12,2,128,measure,10,1679.0,107.0,1676.0,105.0,1575.0,101.0,14419.0,1604.0,72.0,1.0,7.0,71.0,1570.0,18.0,1667.0,f9e012e63c1c7864,0,baseline-high-capacity-cpu6-predictive-q16.csv,high-capacity-cpu6
baseline,predictive,predictive-sleep-spin,6,6,high-capacity,16,4096,12,2,128,measure,11,1676.0,103.0,1673.0,101.0,1576.0,97.0,13863.0,1604.0,69.0,1.0,7.0,71.0,1568.0,17.0,1664.0,f9e012e63c1c7864,0,baseline-high-capacity-cpu6-predictive-q16.csv,high-capacity-cpu6
baseline,predictive,predictive-sleep-spin,6,6,high-capacity,16,4096,12,2,128,measure,12,1677.0,72.0,1674.0,70.0,1608.0,66.0,9323.0,1604.0,70.0,1.0,8.0,72.0,1568.0,17.0,1665.0,f9e012e63c1c7864,0,baseline-high-capacity-cpu6-predictive-q16.csv,high-capacity-cpu6
baseline,predictive,predictive-sleep-spin,6,6,high-capacity,16,4096,12,2,128,measure,13,1671.0,99.0,1668.0,97.0,1575.0,93.0,13313.0,1604.0,64.0,1.0,8.0,72.0,1562.0,17.0,1659.0,f9e012e63c1c7864,0,baseline-high-capacity-cpu6-predictive-q16.csv,high-capacity-cpu6
baseline,predictive,predictive-sleep-spin,6,6,high-capacity,16,4096,12,2,128,measure,14,1674.0,103.0,1670.0,101.0,1574.0,96.0,13801.0,1604.0,66.0,1.0,7.0,71.0,1565.0,18.0,1662.0,f9e012e63c1c7864,0,baseline-high-capacity-cpu6-predictive-q16.csv,high-capacity-cpu6
baseline,predictive,predictive-sleep-spin,6,6,high-capacity,16,4096,12,2,128,measure,15,1677.0,105.0,1674.0,103.0,1575.0,99.0,14134.0,1604.0,70.0,1.0,7.0,72.0,1568.0,17.0,1665.0,f9e012e63c1c7864,0,baseline-high-capacity-cpu6-predictive-q16.csv,high-capacity-cpu6
baseline,predictive,predictive-sleep-spin,6,6,high-capacity,16,4096,12,2,128,measure,16,1681.0,109.0,1677.0,107.0,1575.0,102.0,14724.0,1604.0,73.0,1.0,8.0,72.0,1572.0,17.0,1669.0,f9e012e63c1c7864,0,baseline-high-capacity-cpu6-predictive-q16.csv,high-capacity-cpu6
baseline,predictive,predictive-sleep-spin,6,6,high-capacity,16,4096,12,2,128,measure,17,1681.0,109.0,1678.0,107.0,1576.0,102.0,14662.0,1604.0,74.0,1.0,8.0,71.0,1572.0,17.0,1669.0,f9e012e63c1c7864,0,baseline-high-capacity-cpu6-predictive-q16.csv,high-capacity-cpu6
baseline,predictive,predictive-sleep-spin,6,6,high-capacity,16,4096,12,2,128,measure,18,1678.0,108.0,1675.0,107.0,1573.0,102.0,14626.0,1604.0,71.0,1.0,8.0,72.0,1569.0,17.0,1666.0,f9e012e63c1c7864,0,baseline-high-capacity-cpu6-predictive-q16.csv,high-capacity-cpu6
baseline,predictive,predictive-sleep-spin,6,6,high-capacity,16,4096,12,2,128,measure,19,1671.0,101.0,1668.0,99.0,1573.0,95.0,13559.0,1604.0,64.0,1.0,8.0,71.0,1562.0,17.0,1659.0,f9e012e63c1c7864,0,baseline-high-capacity-cpu6-predictive-q16.csv,high-capacity-cpu6
baseline,predictive,predictive-sleep-spin,6,6,high-capacity,32,4096,12,2,128,measure,0,2324.0,84.0,2317.0,80.0,2316.0,1.0,1.0,2277.0,40.0,0.0,8.0,75.0,2172.0,33.0,2289.0,23e201cc6e23589a,0,baseline-high-capacity-cpu6-predictive-q32.csv,high-capacity-cpu6
baseline,predictive,predictive-sleep-spin,6,6,high-capacity,32,4096,12,2,128,measure,1,2339.0,96.0,2334.0,92.0,2332.0,2.0,1.0,2277.0,57.0,0.0,8.0,75.0,2181.0,33.0,2298.0,23e201cc6e23589a,0,baseline-high-capacity-cpu6-predictive-q32.csv,high-capacity-cpu6
baseline,predictive,predictive-sleep-spin,6,6,high-capacity,32,4096,12,2,128,measure,2,2325.0,60.0,2322.0,58.0,2246.0,76.0,6817.0,2277.0,45.0,0.0,8.0,76.0,2196.0,33.0,2313.0,23e201cc6e23589a,0,baseline-high-capacity-cpu6-predictive-q32.csv,high-capacity-cpu6
baseline,predictive,predictive-sleep-spin,6,6,high-capacity,32,4096,12,2,128,measure,3,2337.0,97.0,2334.0,95.0,2243.0,91.0,12982.0,2277.0,57.0,0.0,8.0,76.0,2208.0,33.0,2325.0,23e201cc6e23589a,0,baseline-high-capacity-cpu6-predictive-q32.csv,high-capacity-cpu6
baseline,predictive,predictive-sleep-spin,6,6,high-capacity,32,4096,12,2,128,measure,4,2324.0,84.0,2322.0,82.0,2243.0,79.0,10996.0,2277.0,45.0,0.0,8.0,75.0,2194.0,34.0,2312.0,23e201cc6e23589a,0,baseline-high-capacity-cpu6-predictive-q32.csv,high-capacity-cpu6
baseline,predictive,predictive-sleep-spin,6,6,high-capacity,32,4096,12,2,128,measure,5,2336.0,93.0,2330.0,90.0,2329.0,1.0,1.0,2277.0,53.0,0.0,8.0,75.0,2186.0,33.0,2302.0,23e201cc6e23589a,0,baseline-high-capacity-cpu6-predictive-q32.csv,high-capacity-cpu6
baseline,predictive,predictive-sleep-spin,6,6,high-capacity,32,4096,12,2,128,measure,6,2319.0,75.0,2316.0,73.0,2248.0,68.0,9469.0,2277.0,39.0,0.0,7.0,75.0,2189.0,34.0,2306.0,23e201cc6e23589a,0,baseline-high-capacity-cpu6-predictive-q32.csv,high-capacity-cpu6
baseline,predictive,predictive-sleep-spin,6,6,high-capacity,32,4096,12,2,128,measure,7,2354.0,98.0,2352.0,97.0,2242.0,110.0,12289.0,2277.0,75.0,0.0,8.0,76.0,2211.0,33.0,2328.0,23e201cc6e23589a,0,baseline-high-capacity-cpu6-predictive-q32.csv,high-capacity-cpu6
baseline,predictive,predictive-sleep-spin,6,6,high-capacity,32,4096,12,2,128,measure,8,2325.0,85.0,2321.0,83.0,2241.0,80.0,11265.0,2277.0,44.0,0.0,8.0,75.0,2195.0,33.0,2312.0,23e201cc6e23589a,0,baseline-high-capacity-cpu6-predictive-q32.csv,high-capacity-cpu6
baseline,predictive,predictive-sleep-spin,6,6,high-capacity,32,4096,12,2,128,measure,9,2332.0,93.0,2329.0,91.0,2242.0,87.0,12289.0,2277.0,52.0,0.0,8.0,76.0,2204.0,33.0,2321.0,23e201cc6e23589a,0,baseline-high-capacity-cpu6-predictive-q32.csv,high-capacity-cpu6
baseline,predictive,predictive-sleep-spin,6,6,high-capacity,32,4096,12,2,128,measure,10,2342.0,97.0,2336.0,94.0,2335.0,1.0,1.0,2277.0,59.0,0.0,7.0,75.0,2178.0,33.0,2294.0,23e201cc6e23589a,0,baseline-high-capacity-cpu6-predictive-q32.csv,high-capacity-cpu6
baseline,predictive,predictive-sleep-spin,6,6,high-capacity,32,4096,12,2,128,measure,11,2348.0,98.0,2341.0,95.0,2339.0,2.0,1.0,2277.0,64.0,0.0,8.0,75.0,2184.0,33.0,2300.0,23e201cc6e23589a,0,baseline-high-capacity-cpu6-predictive-q32.csv,high-capacity-cpu6
baseline,predictive,predictive-sleep-spin,6,6,high-capacity,32,4096,12,2,128,measure,12,2337.0,71.0,2333.0,69.0,2246.0,87.0,8543.0,2277.0,56.0,0.0,8.0,76.0,2207.0,33.0,2324.0,23e201cc6e23589a,0,baseline-high-capacity-cpu6-predictive-q32.csv,high-capacity-cpu6
baseline,predictive,predictive-sleep-spin,6,6,high-capacity,32,4096,12,2,128,measure,13,2329.0,89.0,2326.0,87.0,2243.0,83.0,11746.0,2277.0,49.0,0.0,7.0,75.0,2200.0,33.0,2316.0,23e201cc6e23589a,0,baseline-high-capacity-cpu6-predictive-q32.csv,high-capacity-cpu6
baseline,predictive,predictive-sleep-spin,6,6,high-capacity,32,4096,12,2,128,measure,14,2337.0,96.0,2334.0,94.0,2244.0,90.0,12780.0,2277.0,57.0,0.0,8.0,76.0,2207.0,34.0,2325.0,23e201cc6e23589a,0,baseline-high-capacity-cpu6-predictive-q32.csv,high-capacity-cpu6
baseline,predictive,predictive-sleep-spin,6,6,high-capacity,32,4096,12,2,128,measure,15,2341.0,96.0,2335.0,92.0,2334.0,1.0,1.0,2277.0,58.0,0.0,7.0,76.0,2181.0,33.0,2297.0,23e201cc6e23589a,0,baseline-high-capacity-cpu6-predictive-q32.csv,high-capacity-cpu6
baseline,predictive,predictive-sleep-spin,6,6,high-capacity,32,4096,12,2,128,measure,16,2340.0,96.0,2334.0,93.0,2332.0,2.0,1.0,2277.0,57.0,0.0,7.0,75.0,2178.0,33.0,2294.0,23e201cc6e23589a,0,baseline-high-capacity-cpu6-predictive-q32.csv,high-capacity-cpu6
baseline,predictive,predictive-sleep-spin,6,6,high-capacity,32,4096,12,2,128,measure,17,2342.0,96.0,2337.0,93.0,2335.0,2.0,1.0,2277.0,60.0,0.0,7.0,75.0,2191.0,33.0,2307.0,23e201cc6e23589a,0,baseline-high-capacity-cpu6-predictive-q32.csv,high-capacity-cpu6
baseline,predictive,predictive-sleep-spin,6,6,high-capacity,32,4096,12,2,128,measure,18,2337.0,95.0,2333.0,93.0,2246.0,87.0,12236.0,2277.0,56.0,0.0,8.0,75.0,2207.0,33.0,2323.0,23e201cc6e23589a,0,baseline-high-capacity-cpu6-predictive-q32.csv,high-capacity-cpu6
baseline,predictive,predictive-sleep-spin,6,6,high-capacity,32,4096,12,2,128,measure,19,2337.0,96.0,2334.0,94.0,2244.0,90.0,12825.0,2277.0,57.0,0.0,8.0,76.0,2208.0,34.0,2326.0,23e201cc6e23589a,0,baseline-high-capacity-cpu6-predictive-q32.csv,high-capacity-cpu6
baseline,predictive,predictive-sleep-spin,6,6,high-capacity,4,4096,12,2,128,measure,0,1171.0,89.0,1168.0,87.0,1085.0,83.0,11728.0,1114.0,54.0,1.0,8.0,69.0,1077.0,5.0,1159.0,c50c94b789741948,0,baseline-high-capacity-cpu6-predictive-q4.csv,high-capacity-cpu6
baseline,predictive,predictive-sleep-spin,6,6,high-capacity,4,4096,12,2,128,measure,1,1157.0,75.0,1154.0,73.0,1086.0,68.0,9661.0,1114.0,40.0,1.0,8.0,69.0,1063.0,5.0,1145.0,c50c94b789741948,0,baseline-high-capacity-cpu6-predictive-q4.csv,high-capacity-cpu6
baseline,predictive,predictive-sleep-spin,6,6,high-capacity,4,4096,12,2,128,measure,2,1171.0,88.0,1168.0,86.0,1087.0,81.0,11674.0,1114.0,54.0,1.0,8.0,69.0,1078.0,5.0,1160.0,c50c94b789741948,0,baseline-high-capacity-cpu6-predictive-q4.csv,high-capacity-cpu6
baseline,predictive,predictive-sleep-spin,6,6,high-capacity,4,4096,12,2,128,measure,3,1169.0,86.0,1166.0,84.0,1087.0,79.0,11265.0,1114.0,52.0,1.0,8.0,68.0,1076.0,5.0,1158.0,c50c94b789741948,0,baseline-high-capacity-cpu6-predictive-q4.csv,high-capacity-cpu6
baseline,predictive,predictive-sleep-spin,6,6,high-capacity,4,4096,12,2,128,measure,4,1157.0,73.0,1153.0,71.0,1086.0,67.0,9584.0,1114.0,39.0,1.0,8.0,69.0,1063.0,5.0,1145.0,c50c94b789741948,0,baseline-high-capacity-cpu6-predictive-q4.csv,high-capacity-cpu6
baseline,predictive,predictive-sleep-spin,6,6,high-capacity,4,4096,12,2,128,measure,5,1164.0,80.0,1161.0,78.0,1087.0,74.0,10544.0,1114.0,47.0,1.0,8.0,69.0,1070.0,5.0,1153.0,c50c94b789741948,0,baseline-high-capacity-cpu6-predictive-q4.csv,high-capacity-cpu6
baseline,predictive,predictive-sleep-spin,6,6,high-capacity,4,4096,12,2,128,measure,6,1165.0,82.0,1162.0,79.0,1087.0,75.0,10736.0,1114.0,48.0,1.0,8.0,69.0,1071.0,5.0,1153.0,c50c94b789741948,0,baseline-high-capacity-cpu6-predictive-q4.csv,high-capacity-cpu6
baseline,predictive,predictive-sleep-spin,6,6,high-capacity,4,4096,12,2,128,measure,7,1156.0,77.0,1154.0,75.0,1083.0,71.0,10037.0,1114.0,40.0,1.0,9.0,69.0,1062.0,5.0,1145.0,c50c94b789741948,0,baseline-high-capacity-cpu6-predictive-q4.csv,high-capacity-cpu6
baseline,predictive,predictive-sleep-spin,6,6,high-capacity,4,4096,12,2,128,measure,8,1171.0,93.0,1168.0,91.0,1080.0,88.0,12525.0,1114.0,54.0,1.0,8.0,68.0,1078.0,5.0,1160.0,c50c94b789741948,0,baseline-high-capacity-cpu6-predictive-q4.csv,high-capacity-cpu6
baseline,predictive,predictive-sleep-spin,6,6,high-capacity,4,4096,12,2,128,measure,9,1170.0,89.0,1167.0,87.0,1082.0,85.0,12143.0,1114.0,53.0,1.0,7.0,68.0,1078.0,5.0,1159.0,c50c94b789741948,0,baseline-high-capacity-cpu6-predictive-q4.csv,high-capacity-cpu6
baseline,predictive,predictive-sleep-spin,6,6,high-capacity,4,4096,12,2,128,measure,10,1171.0,89.0,1168.0,87.0,1084.0,84.0,12051.0,1114.0,54.0,1.0,8.0,68.0,1079.0,5.0,1161.0,c50c94b789741948,0,baseline-high-capacity-cpu6-predictive-q4.csv,high-capacity-cpu6
baseline,predictive,predictive-sleep-spin,6,6,high-capacity,4,4096,12,2,128,measure,11,1174.0,96.0,1171.0,94.0,1081.0,90.0,12768.0,1114.0,57.0,1.0,8.0,68.0,1081.0,5.0,1163.0,c50c94b789741948,0,baseline-high-capacity-cpu6-predictive-q4.csv,high-capacity-cpu6
baseline,predictive,predictive-sleep-spin,6,6,high-capacity,4,4096,12,2,128,measure,12,1174.0,97.0,1171.0,95.0,1080.0,91.0,13060.0,1114.0,57.0,1.0,8.0,69.0,1081.0,5.0,1163.0,c50c94b789741948,0,baseline-high-capacity-cpu6-predictive-q4.csv,high-capacity-cpu6
baseline,predictive,predictive-sleep-spin,6,6,high-capacity,4,4096,12,2,128,measure,13,1165.0,84.0,1162.0,82.0,1083.0,79.0,11265.0,1114.0,48.0,1.0,8.0,69.0,1072.0,5.0,1154.0,c50c94b789741948,0,baseline-high-capacity-cpu6-predictive-q4.csv,high-capacity-cpu6
baseline,predictive,predictive-sleep-spin,6,6,high-capacity,4,4096,12,2,128,measure,14,1172.0,96.0,1169.0,94.0,1078.0,91.0,13058.0,1114.0,55.0,1.0,8.0,68.0,1080.0,5.0,1162.0,c50c94b789741948,0,baseline-high-capacity-cpu6-predictive-q4.csv,high-capacity-cpu6
baseline,predictive,predictive-sleep-spin,6,6,high-capacity,4,4096,12,2,128,measure,15,1170.0,93.0,1167.0,91.0,1078.0,89.0,12611.0,1114.0,53.0,1.0,8.0,69.0,1076.0,6.0,1160.0,c50c94b789741948,0,baseline-high-capacity-cpu6-predictive-q4.csv,high-capacity-cpu6
baseline,predictive,predictive-sleep-spin,6,6,high-capacity,4,4096,12,2,128,measure,16,1167.0,88.0,1164.0,86.0,1081.0,83.0,11893.0,1114.0,50.0,1.0,8.0,69.0,1073.0,5.0,1155.0,c50c94b789741948,0,baseline-high-capacity-cpu6-predictive-q4.csv,high-capacity-cpu6
baseline,predictive,predictive-sleep-spin,6,6,high-capacity,4,4096,12,2,128,measure,17,1177.0,100.0,1173.0,98.0,1079.0,94.0,13449.0,1114.0,59.0,1.0,9.0,69.0,1082.0,6.0,1166.0,c50c94b789741948,0,baseline-high-capacity-cpu6-predictive-q4.csv,high-capacity-cpu6
baseline,predictive,predictive-sleep-spin,6,6,high-capacity,4,4096,12,2,128,measure,18,1175.0,97.0,1172.0,95.0,1079.0,93.0,13271.0,1114.0,58.0,1.0,8.0,68.0,1082.0,5.0,1164.0,c50c94b789741948,0,baseline-high-capacity-cpu6-predictive-q4.csv,high-capacity-cpu6
baseline,predictive,predictive-sleep-spin,6,6,high-capacity,4,4096,12,2,128,measure,19,1170.0,91.0,1167.0,89.0,1081.0,86.0,12274.0,1114.0,53.0,1.0,8.0,69.0,1076.0,5.0,1159.0,c50c94b789741948,0,baseline-high-capacity-cpu6-predictive-q4.csv,high-capacity-cpu6
baseline,predictive,predictive-sleep-spin,6,6,high-capacity,8,4096,12,2,128,measure,0,1353.0,10.0,1350.0,8.0,1346.0,4.0,363.0,1347.0,3.0,1.0,8.0,70.0,1253.0,10.0,1341.0,541717b1f7dc7b1c,0,baseline-high-capacity-cpu6-predictive-q8.csv,high-capacity-cpu6
baseline,predictive,predictive-sleep-spin,6,6,high-capacity,8,4096,12,2,128,measure,1,1349.0,39.0,1346.0,37.0,1314.0,32.0,4566.0,1347.0,-1.0,1.0,9.0,69.0,1251.0,9.0,1338.0,541717b1f7dc7b1c,0,baseline-high-capacity-cpu6-predictive-q8.csv,high-capacity-cpu6
baseline,predictive,predictive-sleep-spin,6,6,high-capacity,8,4096,12,2,128,measure,2,1346.0,36.0,1344.0,34.0,1314.0,30.0,4187.0,1347.0,-3.0,1.0,8.0,70.0,1248.0,9.0,1335.0,541717b1f7dc7b1c,0,baseline-high-capacity-cpu6-predictive-q8.csv,high-capacity-cpu6
baseline,predictive,predictive-sleep-spin,6,6,high-capacity,8,4096,12,2,128,measure,3,1322.0,6.0,1319.0,4.0,1318.0,1.0,1.0,1347.0,-28.0,1.0,8.0,69.0,1221.0,10.0,1309.0,541717b1f7dc7b1c,0,baseline-high-capacity-cpu6-predictive-q8.csv,high-capacity-cpu6
baseline,predictive,predictive-sleep-spin,6,6,high-capacity,8,4096,12,2,128,measure,4,1341.0,25.0,1338.0,23.0,1320.0,18.0,2499.0,1347.0,-9.0,1.0,8.0,70.0,1241.0,9.0,1328.0,541717b1f7dc7b1c,0,baseline-high-capacity-cpu6-predictive-q8.csv,high-capacity-cpu6
baseline,predictive,predictive-sleep-spin,6,6,high-capacity,8,4096,12,2,128,measure,5,1348.0,35.0,1344.0,33.0,1315.0,29.0,4012.0,1347.0,-3.0,1.0,8.0,70.0,1248.0,10.0,1336.0,541717b1f7dc7b1c,0,baseline-high-capacity-cpu6-predictive-q8.csv,high-capacity-cpu6
baseline,predictive,predictive-sleep-spin,6,6,high-capacity,8,4096,12,2,128,measure,6,1348.0,36.0,1344.0,34.0,1314.0,30.0,4295.0,1347.0,-3.0,1.0,8.0,69.0,1248.0,9.0,1335.0,541717b1f7dc7b1c,0,baseline-high-capacity-cpu6-predictive-q8.csv,high-capacity-cpu6
baseline,predictive,predictive-sleep-spin,6,6,high-capacity,8,4096,12,2,128,measure,7,1341.0,27.0,1338.0,25.0,1316.0,22.0,2971.0,1347.0,-9.0,1.0,8.0,69.0,1241.0,10.0,1329.0,541717b1f7dc7b1c,0,baseline-high-capacity-cpu6-predictive-q8.csv,high-capacity-cpu6
baseline,predictive,predictive-sleep-spin,6,6,high-capacity,8,4096,12,2,128,measure,8,1341.0,27.0,1338.0,25.0,1317.0,21.0,2808.0,1347.0,-9.0,1.0,8.0,70.0,1241.0,10.0,1329.0,541717b1f7dc7b1c,0,baseline-high-capacity-cpu6-predictive-q8.csv,high-capacity-cpu6
baseline,predictive,predictive-sleep-spin,6,6,high-capacity,8,4096,12,2,128,measure,9,1342.0,29.0,1339.0,26.0,1317.0,22.0,3073.0,1347.0,-8.0,1.0,9.0,70.0,1242.0,9.0,1330.0,541717b1f7dc7b1c,0,baseline-high-capacity-cpu6-predictive-q8.csv,high-capacity-cpu6
baseline,predictive,predictive-sleep-spin,6,6,high-capacity,8,4096,12,2,128,measure,10,1335.0,20.0,1332.0,18.0,1318.0,14.0,1799.0,1347.0,-15.0,1.0,8.0,70.0,1235.0,10.0,1323.0,541717b1f7dc7b1c,0,baseline-high-capacity-cpu6-predictive-q8.csv,high-capacity-cpu6
baseline,predictive,predictive-sleep-spin,6,6,high-capacity,8,4096,12,2,128,measure,11,1342.0,26.0,1339.0,24.0,1318.0,21.0,2758.0,1347.0,-8.0,1.0,9.0,70.0,1241.0,10.0,1330.0,541717b1f7dc7b1c,0,baseline-high-capacity-cpu6-predictive-q8.csv,high-capacity-cpu6
baseline,predictive,predictive-sleep-spin,6,6,high-capacity,8,4096,12,2,128,measure,12,1341.0,25.0,1338.0,23.0,1318.0,20.0,2734.0,1347.0,-9.0,1.0,8.0,70.0,1240.0,10.0,1328.0,541717b1f7dc7b1c,0,baseline-high-capacity-cpu6-predictive-q8.csv,high-capacity-cpu6
baseline,predictive,predictive-sleep-spin,6,6,high-capacity,8,4096,12,2,128,measure,13,1335.0,20.0,1332.0,19.0,1317.0,15.0,1969.0,1347.0,-15.0,1.0,9.0,69.0,1235.0,10.0,1324.0,541717b1f7dc7b1c,0,baseline-high-capacity-cpu6-predictive-q8.csv,high-capacity-cpu6
baseline,predictive,predictive-sleep-spin,6,6,high-capacity,8,4096,12,2,128,measure,14,1336.0,21.0,1332.0,19.0,1318.0,14.0,1943.0,1347.0,-15.0,1.0,8.0,70.0,1237.0,9.0,1324.0,541717b1f7dc7b1c,0,baseline-high-capacity-cpu6-predictive-q8.csv,high-capacity-cpu6
baseline,predictive,predictive-sleep-spin,6,6,high-capacity,8,4096,12,2,128,measure,15,1338.0,24.0,1335.0,22.0,1317.0,18.0,2410.0,1347.0,-12.0,1.0,8.0,70.0,1239.0,9.0,1327.0,541717b1f7dc7b1c,0,baseline-high-capacity-cpu6-predictive-q8.csv,high-capacity-cpu6
baseline,predictive,predictive-sleep-spin,6,6,high-capacity,8,4096,12,2,128,measure,16,1341.0,17.0,1338.0,16.0,1318.0,20.0,651.0,1347.0,-9.0,1.0,8.0,70.0,1243.0,9.0,1330.0,541717b1f7dc7b1c,0,baseline-high-capacity-cpu6-predictive-q8.csv,high-capacity-cpu6
baseline,predictive,predictive-sleep-spin,6,6,high-capacity,8,4096,12,2,128,measure,17,1341.0,27.0,1338.0,25.0,1318.0,20.0,2754.0,1347.0,-9.0,1.0,8.0,69.0,1242.0,9.0,1329.0,541717b1f7dc7b1c,0,baseline-high-capacity-cpu6-predictive-q8.csv,high-capacity-cpu6
baseline,predictive,predictive-sleep-spin,6,6,high-capacity,8,4096,12,2,128,measure,18,1347.0,32.0,1344.0,30.0,1318.0,26.0,3614.0,1347.0,-3.0,1.0,8.0,70.0,1247.0,9.0,1335.0,541717b1f7dc7b1c,0,baseline-high-capacity-cpu6-predictive-q8.csv,high-capacity-cpu6
baseline,predictive,predictive-sleep-spin,6,6,high-capacity,8,4096,12,2,128,measure,19,1344.0,30.0,1341.0,28.0,1318.0,23.0,3158.0,1347.0,-6.0,1.0,8.0,69.0,1245.0,10.0,1333.0,541717b1f7dc7b1c,0,baseline-high-capacity-cpu6-predictive-q8.csv,high-capacity-cpu6
baseline,spin,spin,6,6,high-capacity,16,4096,12,2,128,measure,0,1443.0,1443.0,1441.0,1441.0,0.0,1441.0,208500.0,0.0,0.0,0.0,8.0,72.0,1333.0,18.0,1431.0,f9e012e63c1c7864,0,baseline-high-capacity-cpu6-spin-q16.csv,high-capacity-cpu6
baseline,spin,spin,6,6,high-capacity,16,4096,12,2,128,measure,1,1447.0,1433.0,1444.0,1431.0,0.0,1444.0,206735.0,0.0,0.0,0.0,8.0,71.0,1337.0,18.0,1435.0,f9e012e63c1c7864,0,baseline-high-capacity-cpu6-spin-q16.csv,high-capacity-cpu6
baseline,spin,spin,6,6,high-capacity,16,4096,12,2,128,measure,2,1443.0,1443.0,1440.0,1440.0,0.0,1440.0,208342.0,0.0,0.0,0.0,9.0,72.0,1332.0,18.0,1431.0,f9e012e63c1c7864,0,baseline-high-capacity-cpu6-spin-q16.csv,high-capacity-cpu6
baseline,spin,spin,6,6,high-capacity,16,4096,12,2,128,measure,3,1446.0,1436.0,1443.0,1434.0,0.0,1443.0,207180.0,0.0,0.0,0.0,8.0,72.0,1335.0,18.0,1434.0,f9e012e63c1c7864,0,baseline-high-capacity-cpu6-spin-q16.csv,high-capacity-cpu6
baseline,spin,spin,6,6,high-capacity,16,4096,12,2,128,measure,4,1438.0,1437.0,1435.0,1436.0,0.0,1435.0,207639.0,0.0,0.0,0.0,7.0,72.0,1328.0,18.0,1426.0,f9e012e63c1c7864,0,baseline-high-capacity-cpu6-spin-q16.csv,high-capacity-cpu6
baseline,spin,spin,6,6,high-capacity,16,4096,12,2,128,measure,5,1363.0,1328.0,1362.0,1327.0,0.0,1362.0,579254.0,0.0,0.0,0.0,7.0,71.0,1257.0,18.0,1354.0,f9e012e63c1c7864,0,baseline-high-capacity-cpu6-spin-q16.csv,high-capacity-cpu6
baseline,spin,spin,6,6,high-capacity,16,4096,12,2,128,measure,6,1371.0,1370.0,1369.0,1369.0,0.0,1369.0,598491.0,0.0,0.0,0.0,7.0,72.0,1263.0,18.0,1361.0,f9e012e63c1c7864,0,baseline-high-capacity-cpu6-spin-q16.csv,high-capacity-cpu6
baseline,spin,spin,6,6,high-capacity,16,4096,12,2,128,measure,7,1371.0,1371.0,1369.0,1369.0,0.0,1369.0,598516.0,0.0,0.0,0.0,7.0,71.0,1264.0,18.0,1361.0,f9e012e63c1c7864,0,baseline-high-capacity-cpu6-spin-q16.csv,high-capacity-cpu6
baseline,spin,spin,6,6,high-capacity,16,4096,12,2,128,measure,8,1368.0,1362.0,1367.0,1361.0,0.0,1367.0,594534.0,0.0,0.0,0.0,8.0,72.0,1260.0,18.0,1358.0,f9e012e63c1c7864,0,baseline-high-capacity-cpu6-spin-q16.csv,high-capacity-cpu6
baseline,spin,spin,6,6,high-capacity,16,4096,12,2,128,measure,9,1368.0,1367.0,1367.0,1366.0,0.0,1367.0,597276.0,0.0,0.0,0.0,8.0,72.0,1260.0,18.0,1358.0,f9e012e63c1c7864,0,baseline-high-capacity-cpu6-spin-q16.csv,high-capacity-cpu6
baseline,spin,spin,6,6,high-capacity,16,4096,12,2,128,measure,10,1360.0,1333.0,1358.0,1333.0,0.0,1358.0,581508.0,0.0,0.0,0.0,8.0,72.0,1254.0,18.0,1352.0,f9e012e63c1c7864,0,baseline-high-capacity-cpu6-spin-q16.csv,high-capacity-cpu6
baseline,spin,spin,6,6,high-capacity,16,4096,12,2,128,measure,11,1353.0,1353.0,1352.0,1353.0,0.0,1352.0,590849.0,0.0,0.0,0.0,7.0,72.0,1248.0,17.0,1344.0,f9e012e63c1c7864,0,baseline-high-capacity-cpu6-spin-q16.csv,high-capacity-cpu6
baseline,spin,spin,6,6,high-capacity,16,4096,12,2,128,measure,12,1354.0,1353.0,1352.0,1352.0,0.0,1352.0,590934.0,0.0,0.0,0.0,7.0,72.0,1248.0,17.0,1344.0,f9e012e63c1c7864,0,baseline-high-capacity-cpu6-spin-q16.csv,high-capacity-cpu6
baseline,spin,spin,6,6,high-capacity,16,4096,12,2,128,measure,13,1358.0,1352.0,1358.0,1350.0,0.0,1358.0,589825.0,0.0,0.0,0.0,7.0,72.0,1252.0,17.0,1348.0,f9e012e63c1c7864,0,baseline-high-capacity-cpu6-spin-q16.csv,high-capacity-cpu6
baseline,spin,spin,6,6,high-capacity,16,4096,12,2,128,measure,14,1355.0,1355.0,1354.0,1354.0,0.0,1354.0,591790.0,0.0,0.0,0.0,7.0,71.0,1250.0,17.0,1346.0,f9e012e63c1c7864,0,baseline-high-capacity-cpu6-spin-q16.csv,high-capacity-cpu6
baseline,spin,spin,6,6,high-capacity,16,4096,12,2,128,measure,15,1354.0,1354.0,1353.0,1353.0,0.0,1353.0,591143.0,0.0,0.0,0.0,7.0,71.0,1249.0,17.0,1345.0,f9e012e63c1c7864,0,baseline-high-capacity-cpu6-spin-q16.csv,high-capacity-cpu6
baseline,spin,spin,6,6,high-capacity,16,4096,12,2,128,measure,16,1358.0,1357.0,1356.0,1356.0,0.0,1356.0,592847.0,0.0,0.0,0.0,7.0,71.0,1253.0,17.0,1348.0,f9e012e63c1c7864,0,baseline-high-capacity-cpu6-spin-q16.csv,high-capacity-cpu6
baseline,spin,spin,6,6,high-capacity,16,4096,12,2,128,measure,17,1351.0,1351.0,1350.0,1351.0,0.0,1350.0,589825.0,0.0,0.0,0.0,7.0,71.0,1245.0,18.0,1342.0,f9e012e63c1c7864,0,baseline-high-capacity-cpu6-spin-q16.csv,high-capacity-cpu6
baseline,spin,spin,6,6,high-capacity,16,4096,12,2,128,measure,18,1357.0,1351.0,1356.0,1350.0,0.0,1356.0,589509.0,0.0,0.0,0.0,7.0,72.0,1251.0,18.0,1348.0,f9e012e63c1c7864,0,baseline-high-capacity-cpu6-spin-q16.csv,high-capacity-cpu6
baseline,spin,spin,6,6,high-capacity,16,4096,12,2,128,measure,19,1353.0,1352.0,1351.0,1352.0,0.0,1351.0,590827.0,0.0,0.0,0.0,8.0,71.0,1248.0,17.0,1344.0,f9e012e63c1c7864,0,baseline-high-capacity-cpu6-spin-q16.csv,high-capacity-cpu6
baseline,spin,spin,6,6,high-capacity,32,4096,12,2,128,measure,0,2072.0,2061.0,2069.0,2059.0,0.0,2069.0,297674.0,0.0,0.0,0.0,9.0,75.0,1944.0,33.0,2061.0,23e201cc6e23589a,0,baseline-high-capacity-cpu6-spin-q32.csv,high-capacity-cpu6
baseline,spin,spin,6,6,high-capacity,32,4096,12,2,128,measure,1,2073.0,2035.0,2070.0,2033.0,0.0,2070.0,293838.0,0.0,0.0,0.0,8.0,75.0,1945.0,33.0,2061.0,23e201cc6e23589a,0,baseline-high-capacity-cpu6-spin-q32.csv,high-capacity-cpu6
baseline,spin,spin,6,6,high-capacity,32,4096,12,2,128,measure,2,2071.0,2070.0,2068.0,2068.0,0.0,2068.0,299387.0,0.0,0.0,0.0,8.0,75.0,1943.0,33.0,2059.0,23e201cc6e23589a,0,baseline-high-capacity-cpu6-spin-q32.csv,high-capacity-cpu6
baseline,spin,spin,6,6,high-capacity,32,4096,12,2,128,measure,3,1999.0,1999.0,1998.0,1998.0,0.0,1998.0,693184.0,0.0,0.0,0.0,7.0,75.0,1873.0,33.0,1989.0,23e201cc6e23589a,0,baseline-high-capacity-cpu6-spin-q32.csv,high-capacity-cpu6
baseline,spin,spin,6,6,high-capacity,32,4096,12,2,128,measure,4,2000.0,1956.0,1999.0,1955.0,0.0,1999.0,677713.0,0.0,0.0,0.0,7.0,76.0,1873.0,34.0,1990.0,23e201cc6e23589a,0,baseline-high-capacity-cpu6-spin-q32.csv,high-capacity-cpu6
baseline,spin,spin,6,6,high-capacity,32,4096,12,2,128,measure,5,2000.0,2000.0,1999.0,1999.0,0.0,1999.0,693561.0,0.0,0.0,0.0,7.0,75.0,1874.0,33.0,1990.0,23e201cc6e23589a,0,baseline-high-capacity-cpu6-spin-q32.csv,high-capacity-cpu6
baseline,spin,spin,6,6,high-capacity,32,4096,12,2,128,measure,6,1999.0,1992.0,1998.0,1991.0,0.0,1998.0,690177.0,0.0,0.0,0.0,8.0,75.0,1872.0,33.0,1988.0,23e201cc6e23589a,0,baseline-high-capacity-cpu6-spin-q32.csv,high-capacity-cpu6
baseline,spin,spin,6,6,high-capacity,32,4096,12,2,128,measure,7,2004.0,2004.0,2003.0,2003.0,0.0,2003.0,694662.0,0.0,0.0,0.0,8.0,75.0,1877.0,33.0,1993.0,23e201cc6e23589a,0,baseline-high-capacity-cpu6-spin-q32.csv,high-capacity-cpu6
baseline,spin,spin,6,6,high-capacity,32,4096,12,2,128,measure,8,1981.0,1982.0,1980.0,1980.0,0.0,1980.0,686988.0,0.0,0.0,0.0,7.0,75.0,1856.0,33.0,1972.0,23e201cc6e23589a,0,baseline-high-capacity-cpu6-spin-q32.csv,high-capacity-cpu6
baseline,spin,spin,6,6,high-capacity,32,4096,12,2,128,measure,9,1979.0,1971.0,1977.0,1969.0,0.0,1977.0,835748.0,0.0,0.0,0.0,8.0,76.0,1853.0,33.0,1970.0,23e201cc6e23589a,0,baseline-high-capacity-cpu6-spin-q32.csv,high-capacity-cpu6
baseline,spin,spin,6,6,high-capacity,32,4096,12,2,128,measure,10,1974.0,1973.0,1972.0,1972.0,0.0,1972.0,862006.0,0.0,0.0,0.0,8.0,75.0,1849.0,33.0,1965.0,23e201cc6e23589a,0,baseline-high-capacity-cpu6-spin-q32.csv,high-capacity-cpu6
baseline,spin,spin,6,6,high-capacity,32,4096,12,2,128,measure,11,1974.0,1952.0,1973.0,1951.0,0.0,1973.0,851912.0,0.0,0.0,0.0,7.0,75.0,1848.0,33.0,1964.0,23e201cc6e23589a,0,baseline-high-capacity-cpu6-spin-q32.csv,high-capacity-cpu6
baseline,spin,spin,6,6,high-capacity,32,4096,12,2,128,measure,12,1974.0,1973.0,1973.0,1972.0,0.0,1973.0,861996.0,0.0,0.0,0.0,8.0,75.0,1848.0,33.0,1964.0,23e201cc6e23589a,0,baseline-high-capacity-cpu6-spin-q32.csv,high-capacity-cpu6
baseline,spin,spin,6,6,high-capacity,32,4096,12,2,128,measure,13,1977.0,1973.0,1976.0,1972.0,0.0,1976.0,861435.0,0.0,0.0,0.0,8.0,75.0,1852.0,33.0,1968.0,23e201cc6e23589a,0,baseline-high-capacity-cpu6-spin-q32.csv,high-capacity-cpu6
baseline,spin,spin,6,6,high-capacity,32,4096,12,2,128,measure,14,1976.0,1976.0,1974.0,1974.0,0.0,1974.0,862981.0,0.0,0.0,0.0,7.0,75.0,1850.0,33.0,1966.0,23e201cc6e23589a,0,baseline-high-capacity-cpu6-spin-q32.csv,high-capacity-cpu6
baseline,spin,spin,6,6,high-capacity,32,4096,12,2,128,measure,15,1971.0,1970.0,1969.0,1969.0,0.0,1969.0,860740.0,0.0,0.0,0.0,8.0,75.0,1846.0,34.0,1963.0,23e201cc6e23589a,0,baseline-high-capacity-cpu6-spin-q32.csv,high-capacity-cpu6
baseline,spin,spin,6,6,high-capacity,32,4096,12,2,128,measure,16,1971.0,1963.0,1969.0,1962.0,0.0,1969.0,856932.0,0.0,0.0,0.0,8.0,75.0,1846.0,33.0,1962.0,23e201cc6e23589a,0,baseline-high-capacity-cpu6-spin-q32.csv,high-capacity-cpu6
baseline,spin,spin,6,6,high-capacity,32,4096,12,2,128,measure,17,1975.0,1975.0,1974.0,1973.0,0.0,1974.0,862550.0,0.0,0.0,0.0,7.0,76.0,1849.0,33.0,1965.0,23e201cc6e23589a,0,baseline-high-capacity-cpu6-spin-q32.csv,high-capacity-cpu6
baseline,spin,spin,6,6,high-capacity,32,4096,12,2,128,measure,18,1973.0,1949.0,1971.0,1949.0,0.0,1971.0,851036.0,0.0,0.0,0.0,8.0,75.0,1848.0,33.0,1964.0,23e201cc6e23589a,0,baseline-high-capacity-cpu6-spin-q32.csv,high-capacity-cpu6
baseline,spin,spin,6,6,high-capacity,32,4096,12,2,128,measure,19,1978.0,1979.0,1978.0,1977.0,0.0,1978.0,864476.0,0.0,0.0,0.0,7.0,76.0,1853.0,33.0,1969.0,23e201cc6e23589a,0,baseline-high-capacity-cpu6-spin-q32.csv,high-capacity-cpu6
baseline,spin,spin,6,6,high-capacity,4,4096,12,2,128,measure,0,984.0,984.0,982.0,981.0,0.0,982.0,141976.0,0.0,0.0,1.0,8.0,69.0,890.0,6.0,973.0,c50c94b789741948,0,baseline-high-capacity-cpu6-spin-q4.csv,high-capacity-cpu6
baseline,spin,spin,6,6,high-capacity,4,4096,12,2,128,measure,1,983.0,982.0,980.0,980.0,0.0,980.0,141816.0,0.0,0.0,1.0,8.0,69.0,889.0,6.0,972.0,c50c94b789741948,0,baseline-high-capacity-cpu6-spin-q4.csv,high-capacity-cpu6
baseline,spin,spin,6,6,high-capacity,4,4096,12,2,128,measure,2,982.0,940.0,979.0,938.0,0.0,979.0,135328.0,0.0,0.0,1.0,9.0,69.0,886.0,7.0,971.0,c50c94b789741948,0,baseline-high-capacity-cpu6-spin-q4.csv,high-capacity-cpu6
baseline,spin,spin,6,6,high-capacity,4,4096,12,2,128,measure,3,982.0,981.0,980.0,979.0,0.0,980.0,141651.0,0.0,0.0,1.0,7.0,69.0,888.0,6.0,970.0,c50c94b789741948,0,baseline-high-capacity-cpu6-spin-q4.csv,high-capacity-cpu6
baseline,spin,spin,6,6,high-capacity,4,4096,12,2,128,measure,4,981.0,980.0,978.0,978.0,0.0,978.0,141511.0,0.0,0.0,1.0,8.0,68.0,887.0,6.0,970.0,c50c94b789741948,0,baseline-high-capacity-cpu6-spin-q4.csv,high-capacity-cpu6
baseline,spin,spin,6,6,high-capacity,4,4096,12,2,128,measure,5,979.0,953.0,975.0,952.0,0.0,975.0,137342.0,0.0,0.0,1.0,8.0,69.0,885.0,5.0,967.0,c50c94b789741948,0,baseline-high-capacity-cpu6-spin-q4.csv,high-capacity-cpu6
baseline,spin,spin,6,6,high-capacity,4,4096,12,2,128,measure,6,982.0,982.0,980.0,980.0,0.0,980.0,141774.0,0.0,0.0,1.0,7.0,69.0,888.0,6.0,971.0,c50c94b789741948,0,baseline-high-capacity-cpu6-spin-q4.csv,high-capacity-cpu6
baseline,spin,spin,6,6,high-capacity,4,4096,12,2,128,measure,7,981.0,980.0,978.0,978.0,0.0,978.0,141417.0,0.0,0.0,1.0,8.0,69.0,887.0,5.0,969.0,c50c94b789741948,0,baseline-high-capacity-cpu6-spin-q4.csv,high-capacity-cpu6
baseline,spin,spin,6,6,high-capacity,4,4096,12,2,128,measure,8,984.0,982.0,981.0,980.0,0.0,981.0,141882.0,0.0,0.0,1.0,7.0,69.0,889.0,6.0,972.0,c50c94b789741948,0,baseline-high-capacity-cpu6-spin-q4.csv,high-capacity-cpu6
baseline,spin,spin,6,6,high-capacity,4,4096,12,2,128,measure,9,980.0,937.0,977.0,935.0,0.0,977.0,134710.0,0.0,0.0,1.0,8.0,69.0,885.0,6.0,969.0,c50c94b789741948,0,baseline-high-capacity-cpu6-spin-q4.csv,high-capacity-cpu6
baseline,spin,spin,6,6,high-capacity,4,4096,12,2,128,measure,10,983.0,982.0,980.0,980.0,0.0,980.0,141824.0,0.0,0.0,1.0,8.0,69.0,888.0,7.0,972.0,c50c94b789741948,0,baseline-high-capacity-cpu6-spin-q4.csv,high-capacity-cpu6
baseline,spin,spin,6,6,high-capacity,4,4096,12,2,128,measure,11,981.0,980.0,978.0,978.0,0.0,978.0,141531.0,0.0,0.0,1.0,8.0,68.0,887.0,5.0,969.0,c50c94b789741948,0,baseline-high-capacity-cpu6-spin-q4.csv,high-capacity-cpu6
baseline,spin,spin,6,6,high-capacity,4,4096,12,2,128,measure,12,979.0,965.0,976.0,963.0,0.0,976.0,138875.0,0.0,0.0,1.0,8.0,68.0,885.0,6.0,968.0,c50c94b789741948,0,baseline-high-capacity-cpu6-spin-q4.csv,high-capacity-cpu6
baseline,spin,spin,6,6,high-capacity,4,4096,12,2,128,measure,13,980.0,979.0,977.0,977.0,0.0,977.0,141444.0,0.0,0.0,1.0,8.0,69.0,887.0,5.0,969.0,c50c94b789741948,0,baseline-high-capacity-cpu6-spin-q4.csv,high-capacity-cpu6
baseline,spin,spin,6,6,high-capacity,4,4096,12,2,128,measure,14,977.0,977.0,974.0,974.0,0.0,974.0,140961.0,0.0,0.0,1.0,8.0,68.0,884.0,5.0,966.0,c50c94b789741948,0,baseline-high-capacity-cpu6-spin-q4.csv,high-capacity-cpu6
baseline,spin,spin,6,6,high-capacity,4,4096,12,2,128,measure,15,982.0,981.0,979.0,979.0,0.0,979.0,141668.0,0.0,0.0,1.0,7.0,69.0,887.0,6.0,970.0,c50c94b789741948,0,baseline-high-capacity-cpu6-spin-q4.csv,high-capacity-cpu6
baseline,spin,spin,6,6,high-capacity,4,4096,12,2,128,measure,16,983.0,948.0,980.0,946.0,0.0,980.0,136462.0,0.0,0.0,1.0,8.0,69.0,888.0,6.0,971.0,c50c94b789741948,0,baseline-high-capacity-cpu6-spin-q4.csv,high-capacity-cpu6
baseline,spin,spin,6,6,high-capacity,4,4096,12,2,128,measure,17,982.0,980.0,979.0,978.0,0.0,979.0,141634.0,0.0,0.0,1.0,8.0,69.0,888.0,6.0,971.0,c50c94b789741948,0,baseline-high-capacity-cpu6-spin-q4.csv,high-capacity-cpu6
baseline,spin,spin,6,6,high-capacity,4,4096,12,2,128,measure,18,982.0,981.0,979.0,979.0,0.0,979.0,141588.0,0.0,0.0,1.0,8.0,69.0,888.0,5.0,970.0,c50c94b789741948,0,baseline-high-capacity-cpu6-spin-q4.csv,high-capacity-cpu6
baseline,spin,spin,6,6,high-capacity,4,4096,12,2,128,measure,19,917.0,917.0,915.0,915.0,0.0,915.0,388350.0,0.0,0.0,1.0,9.0,69.0,824.0,6.0,908.0,c50c94b789741948,0,baseline-high-capacity-cpu6-spin-q4.csv,high-capacity-cpu6
baseline,spin,spin,6,6,high-capacity,8,4096,12,2,128,measure,0,1137.0,1085.0,1134.0,1083.0,0.0,1134.0,156140.0,0.0,0.0,0.0,9.0,70.0,1038.0,9.0,1126.0,541717b1f7dc7b1c,0,baseline-high-capacity-cpu6-spin-q8.csv,high-capacity-cpu6
baseline,spin,spin,6,6,high-capacity,8,4096,12,2,128,measure,1,1135.0,1134.0,1133.0,1132.0,0.0,1133.0,163746.0,0.0,0.0,0.0,8.0,70.0,1037.0,10.0,1125.0,541717b1f7dc7b1c,0,baseline-high-capacity-cpu6-spin-q8.csv,high-capacity-cpu6
baseline,spin,spin,6,6,high-capacity,8,4096,12,2,128,measure,2,1137.0,1135.0,1134.0,1133.0,0.0,1134.0,163841.0,0.0,0.0,0.0,9.0,70.0,1037.0,10.0,1126.0,541717b1f7dc7b1c,0,baseline-high-capacity-cpu6-spin-q8.csv,high-capacity-cpu6
baseline,spin,spin,6,6,high-capacity,8,4096,12,2,128,measure,3,1131.0,1105.0,1128.0,1103.0,0.0,1128.0,159243.0,0.0,0.0,0.0,8.0,70.0,1032.0,9.0,1119.0,541717b1f7dc7b1c,0,baseline-high-capacity-cpu6-spin-q8.csv,high-capacity-cpu6
baseline,spin,spin,6,6,high-capacity,8,4096,12,2,128,measure,4,1135.0,1135.0,1132.0,1133.0,0.0,1132.0,163719.0,0.0,0.0,0.0,8.0,70.0,1036.0,9.0,1124.0,541717b1f7dc7b1c,0,baseline-high-capacity-cpu6-spin-q8.csv,high-capacity-cpu6
baseline,spin,spin,6,6,high-capacity,8,4096,12,2,128,measure,5,1135.0,1134.0,1132.0,1132.0,0.0,1132.0,163682.0,0.0,0.0,0.0,8.0,69.0,1036.0,9.0,1123.0,541717b1f7dc7b1c,0,baseline-high-capacity-cpu6-spin-q8.csv,high-capacity-cpu6
baseline,spin,spin,6,6,high-capacity,8,4096,12,2,128,measure,6,1136.0,1082.0,1133.0,1080.0,0.0,1133.0,155706.0,0.0,0.0,0.0,8.0,70.0,1036.0,10.0,1125.0,541717b1f7dc7b1c,0,baseline-high-capacity-cpu6-spin-q8.csv,high-capacity-cpu6
baseline,spin,spin,6,6,high-capacity,8,4096,12,2,128,measure,7,1135.0,1134.0,1132.0,1132.0,0.0,1132.0,163635.0,0.0,0.0,0.0,7.0,70.0,1036.0,9.0,1123.0,541717b1f7dc7b1c,0,baseline-high-capacity-cpu6-spin-q8.csv,high-capacity-cpu6
baseline,spin,spin,6,6,high-capacity,8,4096,12,2,128,measure,8,1140.0,1138.0,1137.0,1136.0,0.0,1137.0,164279.0,0.0,0.0,0.0,9.0,70.0,1040.0,10.0,1129.0,541717b1f7dc7b1c,0,baseline-high-capacity-cpu6-spin-q8.csv,high-capacity-cpu6
baseline,spin,spin,6,6,high-capacity,8,4096,12,2,128,measure,9,1134.0,1133.0,1131.0,1131.0,0.0,1131.0,163576.0,0.0,0.0,0.0,8.0,70.0,1035.0,10.0,1124.0,541717b1f7dc7b1c,0,baseline-high-capacity-cpu6-spin-q8.csv,high-capacity-cpu6
baseline,spin,spin,6,6,high-capacity,8,4096,12,2,128,measure,10,1133.0,1132.0,1130.0,1130.0,0.0,1130.0,163466.0,0.0,0.0,0.0,9.0,70.0,1034.0,9.0,1122.0,541717b1f7dc7b1c,0,baseline-high-capacity-cpu6-spin-q8.csv,high-capacity-cpu6
baseline,spin,spin,6,6,high-capacity,8,4096,12,2,128,measure,11,1062.0,1062.0,1060.0,1060.0,0.0,1060.0,451573.0,0.0,0.0,0.0,8.0,70.0,965.0,10.0,1053.0,541717b1f7dc7b1c,0,baseline-high-capacity-cpu6-spin-q8.csv,high-capacity-cpu6
baseline,spin,spin,6,6,high-capacity,8,4096,12,2,128,measure,12,1086.0,1045.0,1062.0,1045.0,0.0,1062.0,460557.0,0.0,0.0,0.0,8.0,69.0,968.0,10.0,1056.0,541717b1f7dc7b1c,0,baseline-high-capacity-cpu6-spin-q8.csv,high-capacity-cpu6
baseline,spin,spin,6,6,high-capacity,8,4096,12,2,128,measure,13,1066.0,1066.0,1065.0,1064.0,0.0,1065.0,464936.0,0.0,0.0,0.0,8.0,70.0,970.0,9.0,1057.0,541717b1f7dc7b1c,0,baseline-high-capacity-cpu6-spin-q8.csv,high-capacity-cpu6
baseline,spin,spin,6,6,high-capacity,8,4096,12,2,128,measure,14,1065.0,1064.0,1063.0,1064.0,0.0,1063.0,464352.0,0.0,0.0,0.0,8.0,70.0,968.0,9.0,1055.0,541717b1f7dc7b1c,0,baseline-high-capacity-cpu6-spin-q8.csv,high-capacity-cpu6
baseline,spin,spin,6,6,high-capacity,8,4096,12,2,128,measure,15,1063.0,1057.0,1063.0,1056.0,0.0,1063.0,460606.0,0.0,0.0,0.0,8.0,69.0,967.0,10.0,1055.0,541717b1f7dc7b1c,0,baseline-high-capacity-cpu6-spin-q8.csv,high-capacity-cpu6
baseline,spin,spin,6,6,high-capacity,8,4096,12,2,128,measure,16,1067.0,1067.0,1066.0,1066.0,0.0,1066.0,465359.0,0.0,0.0,0.0,9.0,70.0,970.0,9.0,1058.0,541717b1f7dc7b1c,0,baseline-high-capacity-cpu6-spin-q8.csv,high-capacity-cpu6
baseline,spin,spin,6,6,high-capacity,8,4096,12,2,128,measure,17,1063.0,1063.0,1062.0,1062.0,0.0,1062.0,463694.0,0.0,0.0,0.0,9.0,70.0,965.0,10.0,1054.0,541717b1f7dc7b1c,0,baseline-high-capacity-cpu6-spin-q8.csv,high-capacity-cpu6
baseline,spin,spin,6,6,high-capacity,8,4096,12,2,128,measure,18,1068.0,1052.0,1067.0,1052.0,0.0,1067.0,457769.0,0.0,0.0,0.0,8.0,70.0,967.0,9.0,1054.0,541717b1f7dc7b1c,0,baseline-high-capacity-cpu6-spin-q8.csv,high-capacity-cpu6
baseline,spin,spin,6,6,high-capacity,8,4096,12,2,128,measure,19,1056.0,1055.0,1055.0,1055.0,0.0,1055.0,460604.0,0.0,0.0,0.0,8.0,69.0,960.0,9.0,1047.0,541717b1f7dc7b1c,0,baseline-high-capacity-cpu6-spin-q8.csv,high-capacity-cpu6
baseline,legacy,legacy-usleep50,0,0,low-capacity,16,4096,12,2,128,measure,0,1650.0,146.0,1643.0,142.0,1638.0,5.0,12.0,0.0,0.0,0.0,9.0,72.0,1477.0,18.0,1576.0,f9e012e63c1c7864,0,baseline-low-capacity-cpu0-legacy-q16.csv,low-capacity-cpu0
baseline,legacy,legacy-usleep50,0,0,low-capacity,16,4096,12,2,128,measure,1,1700.0,168.0,1692.0,164.0,1687.0,5.0,12.0,0.0,0.0,0.0,9.0,72.0,1464.0,18.0,1563.0,f9e012e63c1c7864,0,baseline-low-capacity-cpu0-legacy-q16.csv,low-capacity-cpu0
baseline,legacy,legacy-usleep50,0,0,low-capacity,16,4096,12,2,128,measure,2,1695.0,145.0,1688.0,140.0,1680.0,8.0,12.0,0.0,0.0,0.0,9.0,72.0,1464.0,18.0,1563.0,f9e012e63c1c7864,0,baseline-low-capacity-cpu0-legacy-q16.csv,low-capacity-cpu0
baseline,legacy,legacy-usleep50,0,0,low-capacity,16,4096,12,2,128,measure,3,1657.0,135.0,1650.0,133.0,1644.0,6.0,12.0,0.0,0.0,0.0,10.0,71.0,1476.0,18.0,1575.0,f9e012e63c1c7864,0,baseline-low-capacity-cpu0-legacy-q16.csv,low-capacity-cpu0
baseline,legacy,legacy-usleep50,0,0,low-capacity,16,4096,12,2,128,measure,4,1673.0,136.0,1665.0,132.0,1660.0,5.0,12.0,0.0,0.0,0.0,8.0,72.0,1485.0,18.0,1584.0,f9e012e63c1c7864,0,baseline-low-capacity-cpu0-legacy-q16.csv,low-capacity-cpu0
baseline,legacy,legacy-usleep50,0,0,low-capacity,16,4096,12,2,128,measure,5,1642.0,137.0,1636.0,133.0,1630.0,6.0,12.0,0.0,0.0,0.0,9.0,72.0,1468.0,18.0,1567.0,f9e012e63c1c7864,0,baseline-low-capacity-cpu0-legacy-q16.csv,low-capacity-cpu0
baseline,legacy,legacy-usleep50,0,0,low-capacity,16,4096,12,2,128,measure,6,1694.0,149.0,1688.0,145.0,1684.0,4.0,12.0,0.0,0.0,0.0,9.0,71.0,1467.0,18.0,1566.0,f9e012e63c1c7864,0,baseline-low-capacity-cpu0-legacy-q16.csv,low-capacity-cpu0
baseline,legacy,legacy-usleep50,0,0,low-capacity,16,4096,12,2,128,measure,7,1683.0,140.0,1677.0,136.0,1670.0,7.0,11.0,0.0,0.0,0.0,9.0,71.0,1472.0,18.0,1570.0,f9e012e63c1c7864,0,baseline-low-capacity-cpu0-legacy-q16.csv,low-capacity-cpu0
baseline,legacy,legacy-usleep50,0,0,low-capacity,16,4096,12,2,128,measure,8,1658.0,191.0,1652.0,187.0,1645.0,7.0,12.0,0.0,0.0,0.0,10.0,72.0,1476.0,18.0,1576.0,f9e012e63c1c7864,0,baseline-low-capacity-cpu0-legacy-q16.csv,low-capacity-cpu0
baseline,legacy,legacy-usleep50,0,0,low-capacity,16,4096,12,2,128,measure,9,1623.0,140.0,1617.0,136.0,1613.0,4.0,12.0,0.0,0.0,0.0,10.0,72.0,1469.0,18.0,1569.0,f9e012e63c1c7864,0,baseline-low-capacity-cpu0-legacy-q16.csv,low-capacity-cpu0
baseline,legacy,legacy-usleep50,0,0,low-capacity,16,4096,12,2,128,measure,10,1612.0,135.0,1606.0,131.0,1602.0,4.0,12.0,0.0,0.0,0.0,9.0,71.0,1463.0,18.0,1562.0,f9e012e63c1c7864,0,baseline-low-capacity-cpu0-legacy-q16.csv,low-capacity-cpu0
baseline,legacy,legacy-usleep50,0,0,low-capacity,16,4096,12,2,128,measure,11,1650.0,148.0,1643.0,144.0,1633.0,10.0,11.0,0.0,0.0,0.0,9.0,72.0,1453.0,18.0,1552.0,f9e012e63c1c7864,0,baseline-low-capacity-cpu0-legacy-q16.csv,low-capacity-cpu0
baseline,legacy,legacy-usleep50,0,0,low-capacity,16,4096,12,2,128,measure,12,1695.0,166.0,1688.0,162.0,1682.0,6.0,12.0,0.0,0.0,0.0,10.0,71.0,1450.0,18.0,1549.0,f9e012e63c1c7864,0,baseline-low-capacity-cpu0-legacy-q16.csv,low-capacity-cpu0
baseline,legacy,legacy-usleep50,0,0,low-capacity,16,4096,12,2,128,measure,13,1612.0,138.0,1606.0,133.0,1601.0,5.0,12.0,0.0,0.0,0.0,9.0,72.0,1463.0,18.0,1562.0,f9e012e63c1c7864,0,baseline-low-capacity-cpu0-legacy-q16.csv,low-capacity-cpu0
baseline,legacy,legacy-usleep50,0,0,low-capacity,16,4096,12,2,128,measure,14,1666.0,133.0,1659.0,129.0,1655.0,4.0,12.0,0.0,0.0,0.0,9.0,72.0,1471.0,18.0,1570.0,f9e012e63c1c7864,0,baseline-low-capacity-cpu0-legacy-q16.csv,low-capacity-cpu0
baseline,legacy,legacy-usleep50,0,0,low-capacity,16,4096,12,2,128,measure,15,1642.0,138.0,1635.0,134.0,1630.0,5.0,12.0,0.0,0.0,0.0,8.0,71.0,1461.0,17.0,1558.0,f9e012e63c1c7864,0,baseline-low-capacity-cpu0-legacy-q16.csv,low-capacity-cpu0
baseline,legacy,legacy-usleep50,0,0,low-capacity,16,4096,12,2,128,measure,16,1681.0,133.0,1675.0,129.0,1672.0,3.0,12.0,0.0,0.0,0.0,10.0,71.0,1446.0,18.0,1545.0,f9e012e63c1c7864,0,baseline-low-capacity-cpu0-legacy-q16.csv,low-capacity-cpu0
baseline,legacy,legacy-usleep50,0,0,low-capacity,16,4096,12,2,128,measure,17,1680.0,134.0,1672.0,130.0,1666.0,6.0,11.0,0.0,0.0,0.0,8.0,71.0,1446.0,18.0,1544.0,f9e012e63c1c7864,0,baseline-low-capacity-cpu0-legacy-q16.csv,low-capacity-cpu0
baseline,legacy,legacy-usleep50,0,0,low-capacity,16,4096,12,2,128,measure,18,1627.0,137.0,1621.0,133.0,1616.0,5.0,12.0,0.0,0.0,0.0,10.0,71.0,1466.0,18.0,1565.0,f9e012e63c1c7864,0,baseline-low-capacity-cpu0-legacy-q16.csv,low-capacity-cpu0
baseline,legacy,legacy-usleep50,0,0,low-capacity,16,4096,12,2,128,measure,19,1582.0,142.0,1576.0,138.0,1571.0,5.0,12.0,0.0,0.0,0.0,9.0,71.0,1458.0,18.0,1556.0,f9e012e63c1c7864,0,baseline-low-capacity-cpu0-legacy-q16.csv,low-capacity-cpu0
baseline,legacy,legacy-usleep50,0,0,low-capacity,32,4096,12,2,128,measure,0,2258.0,160.0,2252.0,156.0,2247.0,5.0,18.0,0.0,0.0,0.0,8.0,75.0,2085.0,33.0,2201.0,23e201cc6e23589a,0,baseline-low-capacity-cpu0-legacy-q32.csv,low-capacity-cpu0
baseline,legacy,legacy-usleep50,0,0,low-capacity,32,4096,12,2,128,measure,1,2334.0,120.0,2330.0,117.0,2320.0,10.0,19.0,0.0,0.0,0.0,8.0,75.0,2095.0,33.0,2212.0,23e201cc6e23589a,0,baseline-low-capacity-cpu0-legacy-q32.csv,low-capacity-cpu0
baseline,legacy,legacy-usleep50,0,0,low-capacity,32,4096,12,2,128,measure,2,2336.0,113.0,2331.0,110.0,2325.0,6.0,19.0,0.0,0.0,0.0,8.0,75.0,2110.0,33.0,2226.0,23e201cc6e23589a,0,baseline-low-capacity-cpu0-legacy-q32.csv,low-capacity-cpu0
baseline,legacy,legacy-usleep50,0,0,low-capacity,32,4096,12,2,128,measure,3,2358.0,137.0,2353.0,133.0,2347.0,6.0,19.0,0.0,0.0,0.0,9.0,76.0,2109.0,33.0,2227.0,23e201cc6e23589a,0,baseline-low-capacity-cpu0-legacy-q32.csv,low-capacity-cpu0
baseline,legacy,legacy-usleep50,0,0,low-capacity,32,4096,12,2,128,measure,4,2322.0,181.0,2315.0,177.0,2310.0,5.0,17.0,0.0,0.0,0.0,9.0,75.0,2128.0,33.0,2245.0,23e201cc6e23589a,0,baseline-low-capacity-cpu0-legacy-q32.csv,low-capacity-cpu0
baseline,legacy,legacy-usleep50,0,0,low-capacity,32,4096,12,2,128,measure,5,2300.0,181.0,2294.0,177.0,2286.0,8.0,17.0,0.0,0.0,0.0,8.0,75.0,2128.0,33.0,2245.0,23e201cc6e23589a,0,baseline-low-capacity-cpu0-legacy-q32.csv,low-capacity-cpu0
baseline,legacy,legacy-usleep50,0,0,low-capacity,32,4096,12,2,128,measure,6,2292.0,164.0,2286.0,160.0,2280.0,6.0,17.0,0.0,0.0,0.0,9.0,75.0,2133.0,35.0,2253.0,23e201cc6e23589a,0,baseline-low-capacity-cpu0-legacy-q32.csv,low-capacity-cpu0
baseline,legacy,legacy-usleep50,0,0,low-capacity,32,4096,12,2,128,measure,7,2356.0,199.0,2349.0,195.0,2339.0,10.0,17.0,0.0,0.0,0.0,9.0,75.0,2112.0,33.0,2229.0,23e201cc6e23589a,0,baseline-low-capacity-cpu0-legacy-q32.csv,low-capacity-cpu0
baseline,legacy,legacy-usleep50,0,0,low-capacity,32,4096,12,2,128,measure,8,2323.0,174.0,2316.0,169.0,2307.0,9.0,17.0,0.0,0.0,0.0,10.0,75.0,2141.0,33.0,2259.0,23e201cc6e23589a,0,baseline-low-capacity-cpu0-legacy-q32.csv,low-capacity-cpu0
baseline,legacy,legacy-usleep50,0,0,low-capacity,32,4096,12,2,128,measure,9,2321.0,190.0,2313.0,186.0,2305.0,8.0,16.0,0.0,0.0,0.0,10.0,75.0,2112.0,34.0,2231.0,23e201cc6e23589a,0,baseline-low-capacity-cpu0-legacy-q32.csv,low-capacity-cpu0
baseline,legacy,legacy-usleep50,0,0,low-capacity,32,4096,12,2,128,measure,10,2342.0,175.0,2336.0,170.0,2327.0,9.0,17.0,0.0,0.0,0.0,8.0,75.0,2111.0,33.0,2228.0,23e201cc6e23589a,0,baseline-low-capacity-cpu0-legacy-q32.csv,low-capacity-cpu0
baseline,legacy,legacy-usleep50,0,0,low-capacity,32,4096,12,2,128,measure,11,2274.0,179.0,2267.0,174.0,2259.0,8.0,17.0,0.0,0.0,0.0,8.0,75.0,2129.0,33.0,2246.0,23e201cc6e23589a,0,baseline-low-capacity-cpu0-legacy-q32.csv,low-capacity-cpu0
baseline,legacy,legacy-usleep50,0,0,low-capacity,32,4096,12,2,128,measure,12,2275.0,188.0,2268.0,184.0,2261.0,7.0,16.0,0.0,0.0,0.0,9.0,75.0,2108.0,33.0,2225.0,23e201cc6e23589a,0,baseline-low-capacity-cpu0-legacy-q32.csv,low-capacity-cpu0
baseline,legacy,legacy-usleep50,0,0,low-capacity,32,4096,12,2,128,measure,13,2271.0,155.0,2265.0,151.0,2253.0,12.0,17.0,0.0,0.0,0.0,8.0,75.0,2125.0,33.0,2242.0,23e201cc6e23589a,0,baseline-low-capacity-cpu0-legacy-q32.csv,low-capacity-cpu0
baseline,legacy,legacy-usleep50,0,0,low-capacity,32,4096,12,2,128,measure,14,2334.0,179.0,2328.0,175.0,2320.0,8.0,17.0,0.0,0.0,0.0,9.0,75.0,2102.0,33.0,2220.0,23e201cc6e23589a,0,baseline-low-capacity-cpu0-legacy-q32.csv,low-capacity-cpu0
baseline,legacy,legacy-usleep50,0,0,low-capacity,32,4096,12,2,128,measure,15,2266.0,187.0,2260.0,183.0,2254.0,6.0,17.0,0.0,0.0,0.0,8.0,75.0,2121.0,33.0,2238.0,23e201cc6e23589a,0,baseline-low-capacity-cpu0-legacy-q32.csv,low-capacity-cpu0
baseline,legacy,legacy-usleep50,0,0,low-capacity,32,4096,12,2,128,measure,16,2291.0,181.0,2284.0,177.0,2276.0,8.0,15.0,0.0,0.0,0.0,9.0,75.0,2114.0,33.0,2232.0,23e201cc6e23589a,0,baseline-low-capacity-cpu0-legacy-q32.csv,low-capacity-cpu0
baseline,legacy,legacy-usleep50,0,0,low-capacity,32,4096,12,2,128,measure,17,2364.0,186.0,2357.0,182.0,2352.0,5.0,18.0,0.0,0.0,0.0,9.0,76.0,2108.0,33.0,2226.0,23e201cc6e23589a,0,baseline-low-capacity-cpu0-legacy-q32.csv,low-capacity-cpu0
baseline,legacy,legacy-usleep50,0,0,low-capacity,32,4096,12,2,128,measure,18,2334.0,160.0,2328.0,156.0,2322.0,6.0,18.0,0.0,0.0,0.0,8.0,75.0,2126.0,33.0,2242.0,23e201cc6e23589a,0,baseline-low-capacity-cpu0-legacy-q32.csv,low-capacity-cpu0
baseline,legacy,legacy-usleep50,0,0,low-capacity,32,4096,12,2,128,measure,19,2349.0,167.0,2343.0,162.0,2336.0,7.0,17.0,0.0,0.0,0.0,8.0,75.0,2113.0,33.0,2230.0,23e201cc6e23589a,0,baseline-low-capacity-cpu0-legacy-q32.csv,low-capacity-cpu0
baseline,legacy,legacy-usleep50,0,0,low-capacity,4,4096,12,2,128,measure,0,1192.0,72.0,1187.0,70.0,1182.0,5.0,10.0,0.0,0.0,0.0,6.0,68.0,977.0,6.0,1058.0,c50c94b789741948,0,baseline-low-capacity-cpu0-legacy-q4.csv,low-capacity-cpu0
baseline,legacy,legacy-usleep50,0,0,low-capacity,4,4096,12,2,128,measure,1,1180.0,100.0,1175.0,97.0,1171.0,4.0,9.0,0.0,0.0,0.0,7.0,69.0,987.0,5.0,1068.0,c50c94b789741948,0,baseline-low-capacity-cpu0-legacy-q4.csv,low-capacity-cpu0
baseline,legacy,legacy-usleep50,0,0,low-capacity,4,4096,12,2,128,measure,2,1146.0,106.0,1140.0,102.0,1137.0,3.0,7.0,0.0,0.0,0.0,6.0,68.0,985.0,5.0,1065.0,c50c94b789741948,0,baseline-low-capacity-cpu0-legacy-q4.csv,low-capacity-cpu0
baseline,legacy,legacy-usleep50,0,0,low-capacity,4,4096,12,2,128,measure,3,1152.0,133.0,1145.0,129.0,1141.0,4.0,7.0,0.0,0.0,0.0,7.0,69.0,1002.0,6.0,1084.0,c50c94b789741948,0,baseline-low-capacity-cpu0-legacy-q4.csv,low-capacity-cpu0
baseline,legacy,legacy-usleep50,0,0,low-capacity,4,4096,12,2,128,measure,4,1137.0,108.0,1129.0,104.0,1124.0,5.0,8.0,0.0,0.0,0.0,7.0,69.0,991.0,5.0,1072.0,c50c94b789741948,0,baseline-low-capacity-cpu0-legacy-q4.csv,low-capacity-cpu0
baseline,legacy,legacy-usleep50,0,0,low-capacity,4,4096,12,2,128,measure,5,1120.0,109.0,1114.0,105.0,1110.0,4.0,8.0,0.0,0.0,0.0,7.0,69.0,996.0,6.0,1078.0,c50c94b789741948,0,baseline-low-capacity-cpu0-legacy-q4.csv,low-capacity-cpu0
baseline,legacy,legacy-usleep50,0,0,low-capacity,4,4096,12,2,128,measure,6,1158.0,114.0,1149.0,110.0,1147.0,2.0,7.0,0.0,0.0,0.0,7.0,69.0,1004.0,5.0,1085.0,c50c94b789741948,0,baseline-low-capacity-cpu0-legacy-q4.csv,low-capacity-cpu0
baseline,legacy,legacy-usleep50,0,0,low-capacity,4,4096,12,2,128,measure,7,1201.0,131.0,1195.0,126.0,1190.0,5.0,7.0,0.0,0.0,0.0,7.0,69.0,1002.0,5.0,1083.0,c50c94b789741948,0,baseline-low-capacity-cpu0-legacy-q4.csv,low-capacity-cpu0
baseline,legacy,legacy-usleep50,0,0,low-capacity,4,4096,12,2,128,measure,8,1107.0,103.0,1100.0,99.0,1094.0,6.0,8.0,0.0,0.0,0.0,7.0,69.0,1003.0,5.0,1084.0,c50c94b789741948,0,baseline-low-capacity-cpu0-legacy-q4.csv,low-capacity-cpu0
baseline,legacy,legacy-usleep50,0,0,low-capacity,4,4096,12,2,128,measure,9,1165.0,125.0,1158.0,119.0,1155.0,3.0,8.0,0.0,0.0,0.0,7.0,69.0,1003.0,5.0,1084.0,c50c94b789741948,0,baseline-low-capacity-cpu0-legacy-q4.csv,low-capacity-cpu0
baseline,legacy,legacy-usleep50,0,0,low-capacity,4,4096,12,2,128,measure,10,1099.0,112.0,1093.0,108.0,1089.0,4.0,8.0,0.0,0.0,0.0,7.0,68.0,986.0,6.0,1068.0,c50c94b789741948,0,baseline-low-capacity-cpu0-legacy-q4.csv,low-capacity-cpu0
baseline,legacy,legacy-usleep50,0,0,low-capacity,4,4096,12,2,128,measure,11,1216.0,115.0,1210.0,111.0,1205.0,5.0,9.0,0.0,0.0,0.0,6.0,68.0,1005.0,5.0,1085.0,c50c94b789741948,0,baseline-low-capacity-cpu0-legacy-q4.csv,low-capacity-cpu0
baseline,legacy,legacy-usleep50,0,0,low-capacity,4,4096,12,2,128,measure,12,1214.0,108.0,1207.0,105.0,1203.0,4.0,9.0,0.0,0.0,0.0,7.0,69.0,1009.0,5.0,1090.0,c50c94b789741948,0,baseline-low-capacity-cpu0-legacy-q4.csv,low-capacity-cpu0
baseline,legacy,legacy-usleep50,0,0,low-capacity,4,4096,12,2,128,measure,13,1174.0,107.0,1167.0,104.0,1164.0,3.0,8.0,0.0,0.0,0.0,7.0,69.0,1003.0,5.0,1084.0,c50c94b789741948,0,baseline-low-capacity-cpu0-legacy-q4.csv,low-capacity-cpu0
baseline,legacy,legacy-usleep50,0,0,low-capacity,4,4096,12,2,128,measure,14,1204.0,113.0,1198.0,109.0,1195.0,3.0,9.0,0.0,0.0,0.0,7.0,68.0,1007.0,5.0,1088.0,c50c94b789741948,0,baseline-low-capacity-cpu0-legacy-q4.csv,low-capacity-cpu0
baseline,legacy,legacy-usleep50,0,0,low-capacity,4,4096,12,2,128,measure,15,1206.0,116.0,1200.0,112.0,1195.0,5.0,9.0,0.0,0.0,0.0,7.0,69.0,1003.0,5.0,1084.0,c50c94b789741948,0,baseline-low-capacity-cpu0-legacy-q4.csv,low-capacity-cpu0
baseline,legacy,legacy-usleep50,0,0,low-capacity,4,4096,12,2,128,measure,16,1178.0,136.0,1172.0,132.0,1168.0,4.0,9.0,0.0,0.0,0.0,7.0,68.0,1001.0,5.0,1081.0,c50c94b789741948,0,baseline-low-capacity-cpu0-legacy-q4.csv,low-capacity-cpu0
baseline,legacy,legacy-usleep50,0,0,low-capacity,4,4096,12,2,128,measure,17,1176.0,114.0,1170.0,110.0,1163.0,7.0,9.0,0.0,0.0,0.0,7.0,68.0,1013.0,5.0,1094.0,c50c94b789741948,0,baseline-low-capacity-cpu0-legacy-q4.csv,low-capacity-cpu0
baseline,legacy,legacy-usleep50,0,0,low-capacity,4,4096,12,2,128,measure,18,1208.0,113.0,1202.0,109.0,1198.0,4.0,8.0,0.0,0.0,0.0,7.0,69.0,1002.0,5.0,1083.0,c50c94b789741948,0,baseline-low-capacity-cpu0-legacy-q4.csv,low-capacity-cpu0
baseline,legacy,legacy-usleep50,0,0,low-capacity,4,4096,12,2,128,measure,19,1104.0,105.0,1097.0,101.0,1095.0,2.0,8.0,0.0,0.0,0.0,7.0,69.0,1009.0,5.0,1090.0,c50c94b789741948,0,baseline-low-capacity-cpu0-legacy-q4.csv,low-capacity-cpu0
baseline,legacy,legacy-usleep50,0,0,low-capacity,8,4096,12,2,128,measure,0,1352.0,117.0,1346.0,113.0,1340.0,6.0,10.0,0.0,0.0,0.0,8.0,70.0,1203.0,9.0,1290.0,541717b1f7dc7b1c,0,baseline-low-capacity-cpu0-legacy-q8.csv,low-capacity-cpu0
baseline,legacy,legacy-usleep50,0,0,low-capacity,8,4096,12,2,128,measure,1,1406.0,141.0,1399.0,136.0,1394.0,5.0,9.0,0.0,0.0,0.0,9.0,70.0,1199.0,9.0,1287.0,541717b1f7dc7b1c,0,baseline-low-capacity-cpu0-legacy-q8.csv,low-capacity-cpu0
baseline,legacy,legacy-usleep50,0,0,low-capacity,8,4096,12,2,128,measure,2,1393.0,112.0,1386.0,108.0,1383.0,3.0,10.0,0.0,0.0,0.0,8.0,69.0,1209.0,9.0,1296.0,541717b1f7dc7b1c,0,baseline-low-capacity-cpu0-legacy-q8.csv,low-capacity-cpu0
baseline,legacy,legacy-usleep50,0,0,low-capacity,8,4096,12,2,128,measure,3,1352.0,127.0,1345.0,123.0,1342.0,3.0,8.0,0.0,0.0,0.0,8.0,70.0,1196.0,9.0,1283.0,541717b1f7dc7b1c,0,baseline-low-capacity-cpu0-legacy-q8.csv,low-capacity-cpu0
baseline,legacy,legacy-usleep50,0,0,low-capacity,8,4096,12,2,128,measure,4,1379.0,106.0,1373.0,102.0,1369.0,4.0,10.0,0.0,0.0,0.0,8.0,70.0,1201.0,9.0,1289.0,541717b1f7dc7b1c,0,baseline-low-capacity-cpu0-legacy-q8.csv,low-capacity-cpu0
baseline,legacy,legacy-usleep50,0,0,low-capacity,8,4096,12,2,128,measure,5,1370.0,122.0,1364.0,119.0,1358.0,6.0,9.0,0.0,0.0,0.0,8.0,70.0,1177.0,9.0,1264.0,541717b1f7dc7b1c,0,baseline-low-capacity-cpu0-legacy-q8.csv,low-capacity-cpu0
baseline,legacy,legacy-usleep50,0,0,low-capacity,8,4096,12,2,128,measure,6,1349.0,91.0,1345.0,87.0,1341.0,4.0,11.0,0.0,0.0,0.0,8.0,70.0,1143.0,9.0,1230.0,541717b1f7dc7b1c,0,baseline-low-capacity-cpu0-legacy-q8.csv,low-capacity-cpu0
baseline,legacy,legacy-usleep50,0,0,low-capacity,8,4096,12,2,128,measure,7,1335.0,79.0,1330.0,76.0,1326.0,4.0,11.0,0.0,0.0,0.0,7.0,70.0,1154.0,9.0,1241.0,541717b1f7dc7b1c,0,baseline-low-capacity-cpu0-legacy-q8.csv,low-capacity-cpu0
baseline,legacy,legacy-usleep50,0,0,low-capacity,8,4096,12,2,128,measure,8,1262.0,89.0,1257.0,86.0,1255.0,2.0,10.0,0.0,0.0,0.0,8.0,69.0,1145.0,9.0,1232.0,541717b1f7dc7b1c,0,baseline-low-capacity-cpu0-legacy-q8.csv,low-capacity-cpu0
baseline,legacy,legacy-usleep50,0,0,low-capacity,8,4096,12,2,128,measure,9,1361.0,86.0,1357.0,84.0,1352.0,5.0,11.0,0.0,0.0,0.0,8.0,70.0,1157.0,9.0,1245.0,541717b1f7dc7b1c,0,baseline-low-capacity-cpu0-legacy-q8.csv,low-capacity-cpu0
baseline,legacy,legacy-usleep50,0,0,low-capacity,8,4096,12,2,128,measure,10,1274.0,88.0,1269.0,84.0,1263.0,6.0,10.0,0.0,0.0,0.0,8.0,70.0,1157.0,9.0,1244.0,541717b1f7dc7b1c,0,baseline-low-capacity-cpu0-legacy-q8.csv,low-capacity-cpu0
baseline,legacy,legacy-usleep50,0,0,low-capacity,8,4096,12,2,128,measure,11,1299.0,40.0,1295.0,38.0,1292.0,3.0,11.0,0.0,0.0,0.0,8.0,69.0,1099.0,9.0,1186.0,541717b1f7dc7b1c,0,baseline-low-capacity-cpu0-legacy-q8.csv,low-capacity-cpu0
baseline,legacy,legacy-usleep50,0,0,low-capacity,8,4096,12,2,128,measure,12,1198.0,40.0,1195.0,38.0,1190.0,5.0,11.0,0.0,0.0,0.0,7.0,70.0,1082.0,9.0,1169.0,541717b1f7dc7b1c,0,baseline-low-capacity-cpu0-legacy-q8.csv,low-capacity-cpu0
baseline,legacy,legacy-usleep50,0,0,low-capacity,8,4096,12,2,128,measure,13,1241.0,48.0,1211.0,47.0,1209.0,2.0,11.0,0.0,0.0,0.0,7.0,69.0,1087.0,9.0,1173.0,541717b1f7dc7b1c,0,baseline-low-capacity-cpu0-legacy-q8.csv,low-capacity-cpu0
baseline,legacy,legacy-usleep50,0,0,low-capacity,8,4096,12,2,128,measure,14,1307.0,45.0,1304.0,44.0,1303.0,1.0,12.0,0.0,0.0,0.0,8.0,70.0,1119.0,9.0,1206.0,541717b1f7dc7b1c,0,baseline-low-capacity-cpu0-legacy-q8.csv,low-capacity-cpu0
baseline,legacy,legacy-usleep50,0,0,low-capacity,8,4096,12,2,128,measure,15,1236.0,60.0,1231.0,57.0,1228.0,3.0,10.0,0.0,0.0,0.0,8.0,70.0,1072.0,9.0,1160.0,541717b1f7dc7b1c,0,baseline-low-capacity-cpu0-legacy-q8.csv,low-capacity-cpu0
baseline,legacy,legacy-usleep50,0,0,low-capacity,8,4096,12,2,128,measure,16,1316.0,99.0,1311.0,96.0,1307.0,4.0,10.0,0.0,0.0,0.0,8.0,69.0,1106.0,9.0,1193.0,541717b1f7dc7b1c,0,baseline-low-capacity-cpu0-legacy-q8.csv,low-capacity-cpu0
baseline,legacy,legacy-usleep50,0,0,low-capacity,8,4096,12,2,128,measure,17,1241.0,76.0,1236.0,73.0,1230.0,6.0,10.0,0.0,0.0,0.0,8.0,70.0,1132.0,9.0,1219.0,541717b1f7dc7b1c,0,baseline-low-capacity-cpu0-legacy-q8.csv,low-capacity-cpu0
baseline,legacy,legacy-usleep50,0,0,low-capacity,8,4096,12,2,128,measure,18,1257.0,76.0,1253.0,74.0,1249.0,4.0,10.0,0.0,0.0,0.0,8.0,69.0,1126.0,9.0,1213.0,541717b1f7dc7b1c,0,baseline-low-capacity-cpu0-legacy-q8.csv,low-capacity-cpu0
baseline,legacy,legacy-usleep50,0,0,low-capacity,8,4096,12,2,128,measure,19,1282.0,76.0,1278.0,73.0,1275.0,3.0,10.0,0.0,0.0,0.0,8.0,69.0,1119.0,9.0,1206.0,541717b1f7dc7b1c,0,baseline-low-capacity-cpu0-legacy-q8.csv,low-capacity-cpu0
baseline,predictive,predictive-sleep-spin,0,0,low-capacity,16,4096,12,2,128,measure,0,1654.0,154.0,1646.0,149.0,1507.0,139.0,10875.0,1529.0,117.0,0.0,9.0,71.0,1540.0,17.0,1638.0,f9e012e63c1c7864,0,baseline-low-capacity-cpu0-predictive-q16.csv,low-capacity-cpu0
baseline,predictive,predictive-sleep-spin,0,0,low-capacity,16,4096,12,2,128,measure,1,1680.0,178.0,1673.0,174.0,1508.0,165.0,12854.0,1529.0,144.0,0.0,9.0,71.0,1567.0,17.0,1665.0,f9e012e63c1c7864,0,baseline-low-capacity-cpu0-predictive-q16.csv,low-capacity-cpu0
baseline,predictive,predictive-sleep-spin,0,0,low-capacity,16,4096,12,2,128,measure,2,1663.0,135.0,1656.0,131.0,1535.0,121.0,9439.0,1529.0,127.0,0.0,9.0,71.0,1550.0,17.0,1648.0,f9e012e63c1c7864,0,baseline-low-capacity-cpu0-predictive-q16.csv,low-capacity-cpu0
baseline,predictive,predictive-sleep-spin,0,0,low-capacity,16,4096,12,2,128,measure,3,1652.0,146.0,1645.0,142.0,1512.0,133.0,10327.0,1529.0,116.0,0.0,9.0,71.0,1537.0,17.0,1635.0,f9e012e63c1c7864,0,baseline-low-capacity-cpu0-predictive-q16.csv,low-capacity-cpu0
baseline,predictive,predictive-sleep-spin,0,0,low-capacity,16,4096,12,2,128,measure,4,1659.0,156.0,1652.0,152.0,1510.0,142.0,11074.0,1529.0,123.0,0.0,8.0,71.0,1545.0,18.0,1643.0,f9e012e63c1c7864,0,baseline-low-capacity-cpu0-predictive-q16.csv,low-capacity-cpu0
baseline,predictive,predictive-sleep-spin,0,0,low-capacity,16,4096,12,2,128,measure,5,1644.0,140.0,1638.0,136.0,1509.0,129.0,9884.0,1529.0,109.0,0.0,9.0,72.0,1529.0,18.0,1628.0,f9e012e63c1c7864,0,baseline-low-capacity-cpu0-predictive-q16.csv,low-capacity-cpu0
baseline,predictive,predictive-sleep-spin,0,0,low-capacity,16,4096,12,2,128,measure,6,1661.0,155.0,1654.0,151.0,1511.0,143.0,11119.0,1529.0,125.0,0.0,9.0,71.0,1546.0,18.0,1645.0,f9e012e63c1c7864,0,baseline-low-capacity-cpu0-predictive-q16.csv,low-capacity-cpu0
baseline,predictive,predictive-sleep-spin,0,0,low-capacity,16,4096,12,2,128,measure,7,1656.0,152.0,1649.0,148.0,1510.0,139.0,10821.0,1529.0,120.0,0.0,9.0,72.0,1542.0,17.0,1640.0,f9e012e63c1c7864,0,baseline-low-capacity-cpu0-predictive-q16.csv,low-capacity-cpu0
baseline,predictive,predictive-sleep-spin,0,0,low-capacity,16,4096,12,2,128,measure,8,1670.0,165.0,1663.0,160.0,1512.0,151.0,11792.0,1529.0,134.0,0.0,9.0,71.0,1555.0,18.0,1654.0,f9e012e63c1c7864,0,baseline-low-capacity-cpu0-predictive-q16.csv,low-capacity-cpu0
baseline,predictive,predictive-sleep-spin,0,0,low-capacity,16,4096,12,2,128,measure,9,1670.0,167.0,1663.0,163.0,1510.0,153.0,11986.0,1529.0,134.0,0.0,10.0,72.0,1555.0,18.0,1655.0,f9e012e63c1c7864,0,baseline-low-capacity-cpu0-predictive-q16.csv,low-capacity-cpu0
baseline,predictive,predictive-sleep-spin,0,0,low-capacity,16,4096,12,2,128,measure,10,1655.0,152.0,1649.0,148.0,1510.0,139.0,10807.0,1529.0,120.0,0.0,9.0,71.0,1541.0,18.0,1640.0,f9e012e63c1c7864,0,baseline-low-capacity-cpu0-predictive-q16.csv,low-capacity-cpu0
baseline,predictive,predictive-sleep-spin,0,0,low-capacity,16,4096,12,2,128,measure,11,1624.0,118.0,1616.0,113.0,1511.0,105.0,8121.0,1529.0,87.0,0.0,9.0,72.0,1509.0,17.0,1607.0,f9e012e63c1c7864,0,baseline-low-capacity-cpu0-predictive-q16.csv,low-capacity-cpu0
baseline,predictive,predictive-sleep-spin,0,0,low-capacity,16,4096,12,2,128,measure,12,1650.0,144.0,1643.0,140.0,1512.0,131.0,10167.0,1529.0,114.0,0.0,10.0,72.0,1534.0,18.0,1634.0,f9e012e63c1c7864,0,baseline-low-capacity-cpu0-predictive-q16.csv,low-capacity-cpu0
baseline,predictive,predictive-sleep-spin,0,0,low-capacity,16,4096,12,2,128,measure,13,1654.0,149.0,1647.0,144.0,1511.0,136.0,10591.0,1529.0,118.0,0.0,9.0,71.0,1539.0,18.0,1638.0,f9e012e63c1c7864,0,baseline-low-capacity-cpu0-predictive-q16.csv,low-capacity-cpu0
baseline,predictive,predictive-sleep-spin,0,0,low-capacity,16,4096,12,2,128,measure,14,1618.0,48.0,1610.0,44.0,1585.0,25.0,1850.0,1529.0,81.0,0.0,10.0,72.0,1502.0,18.0,1602.0,f9e012e63c1c7864,0,baseline-low-capacity-cpu0-predictive-q16.csv,low-capacity-cpu0
baseline,predictive,predictive-sleep-spin,0,0,low-capacity,16,4096,12,2,128,measure,15,1648.0,143.0,1641.0,139.0,1511.0,130.0,10084.0,1529.0,112.0,0.0,9.0,71.0,1534.0,18.0,1632.0,f9e012e63c1c7864,0,baseline-low-capacity-cpu0-predictive-q16.csv,low-capacity-cpu0
baseline,predictive,predictive-sleep-spin,0,0,low-capacity,16,4096,12,2,128,measure,16,1642.0,137.0,1635.0,133.0,1511.0,124.0,9629.0,1529.0,106.0,0.0,9.0,72.0,1528.0,17.0,1626.0,f9e012e63c1c7864,0,baseline-low-capacity-cpu0-predictive-q16.csv,low-capacity-cpu0
baseline,predictive,predictive-sleep-spin,0,0,low-capacity,16,4096,12,2,128,measure,17,1655.0,152.0,1649.0,148.0,1510.0,139.0,10836.0,1529.0,120.0,0.0,9.0,72.0,1542.0,18.0,1641.0,f9e012e63c1c7864,0,baseline-low-capacity-cpu0-predictive-q16.csv,low-capacity-cpu0
baseline,predictive,predictive-sleep-spin,0,0,low-capacity,16,4096,12,2,128,measure,18,1652.0,147.0,1644.0,143.0,1510.0,134.0,10425.0,1529.0,115.0,0.0,10.0,71.0,1538.0,18.0,1637.0,f9e012e63c1c7864,0,baseline-low-capacity-cpu0-predictive-q16.csv,low-capacity-cpu0
baseline,predictive,predictive-sleep-spin,0,0,low-capacity,16,4096,12,2,128,measure,19,1646.0,140.0,1639.0,136.0,1512.0,127.0,9910.0,1529.0,110.0,0.0,9.0,71.0,1533.0,17.0,1630.0,f9e012e63c1c7864,0,baseline-low-capacity-cpu0-predictive-q16.csv,low-capacity-cpu0
baseline,predictive,predictive-sleep-spin,0,0,low-capacity,32,4096,12,2,128,measure,0,2214.0,56.0,2208.0,52.0,2171.0,37.0,3712.0,2163.0,45.0,0.0,9.0,76.0,2080.0,34.0,2199.0,23e201cc6e23589a,0,baseline-low-capacity-cpu0-predictive-q32.csv,low-capacity-cpu0
baseline,predictive,predictive-sleep-spin,0,0,low-capacity,32,4096,12,2,128,measure,1,2250.0,117.0,2245.0,114.0,2137.0,108.0,11214.0,2163.0,82.0,0.0,8.0,75.0,2119.0,34.0,2236.0,23e201cc6e23589a,0,baseline-low-capacity-cpu0-predictive-q32.csv,low-capacity-cpu0
baseline,predictive,predictive-sleep-spin,0,0,low-capacity,32,4096,12,2,128,measure,2,2251.0,70.0,2244.0,65.0,2190.0,54.0,4210.0,2163.0,81.0,0.0,8.0,75.0,2118.0,34.0,2236.0,23e201cc6e23589a,0,baseline-low-capacity-cpu0-predictive-q32.csv,low-capacity-cpu0
baseline,predictive,predictive-sleep-spin,0,0,low-capacity,32,4096,12,2,128,measure,3,2228.0,90.0,2221.0,86.0,2145.0,76.0,5861.0,2163.0,58.0,0.0,9.0,76.0,2094.0,33.0,2212.0,23e201cc6e23589a,0,baseline-low-capacity-cpu0-predictive-q32.csv,low-capacity-cpu0
baseline,predictive,predictive-sleep-spin,0,0,low-capacity,32,4096,12,2,128,measure,4,2239.0,102.0,2232.0,97.0,2144.0,88.0,6762.0,2163.0,69.0,0.0,8.0,75.0,2105.0,33.0,2222.0,23e201cc6e23589a,0,baseline-low-capacity-cpu0-predictive-q32.csv,low-capacity-cpu0
baseline,predictive,predictive-sleep-spin,0,0,low-capacity,32,4096,12,2,128,measure,5,2204.0,65.0,2196.0,61.0,2147.0,49.0,3645.0,2163.0,33.0,0.0,7.0,75.0,2069.0,34.0,2186.0,23e201cc6e23589a,0,baseline-low-capacity-cpu0-predictive-q32.csv,low-capacity-cpu0
baseline,predictive,predictive-sleep-spin,0,0,low-capacity,32,4096,12,2,128,measure,6,2238.0,99.0,2230.0,95.0,2146.0,84.0,6488.0,2163.0,67.0,0.0,8.0,75.0,2104.0,34.0,2221.0,23e201cc6e23589a,0,baseline-low-capacity-cpu0-predictive-q32.csv,low-capacity-cpu0
baseline,predictive,predictive-sleep-spin,0,0,low-capacity,32,4096,12,2,128,measure,7,2236.0,98.0,2228.0,93.0,2146.0,82.0,6349.0,2163.0,65.0,0.0,7.0,75.0,2101.0,34.0,2218.0,23e201cc6e23589a,0,baseline-low-capacity-cpu0-predictive-q32.csv,low-capacity-cpu0
baseline,predictive,predictive-sleep-spin,0,0,low-capacity,32,4096,12,2,128,measure,8,2248.0,110.0,2241.0,105.0,2146.0,95.0,7368.0,2163.0,78.0,0.0,7.0,75.0,2114.0,33.0,2230.0,23e201cc6e23589a,0,baseline-low-capacity-cpu0-predictive-q32.csv,low-capacity-cpu0
baseline,predictive,predictive-sleep-spin,0,0,low-capacity,32,4096,12,2,128,measure,9,2259.0,120.0,2251.0,116.0,2145.0,106.0,8187.0,2163.0,88.0,0.0,9.0,75.0,2123.0,34.0,2242.0,23e201cc6e23589a,0,baseline-low-capacity-cpu0-predictive-q32.csv,low-capacity-cpu0
baseline,predictive,predictive-sleep-spin,0,0,low-capacity,32,4096,12,2,128,measure,10,2209.0,57.0,2203.0,53.0,2167.0,36.0,2635.0,2163.0,40.0,0.0,8.0,75.0,2077.0,33.0,2193.0,23e201cc6e23589a,0,baseline-low-capacity-cpu0-predictive-q32.csv,low-capacity-cpu0
baseline,predictive,predictive-sleep-spin,0,0,low-capacity,32,4096,12,2,128,measure,11,2232.0,96.0,2225.0,91.0,2145.0,80.0,6132.0,2163.0,62.0,0.0,9.0,75.0,2098.0,33.0,2215.0,23e201cc6e23589a,0,baseline-low-capacity-cpu0-predictive-q32.csv,low-capacity-cpu0
baseline,predictive,predictive-sleep-spin,0,0,low-capacity,32,4096,12,2,128,measure,12,2212.0,74.0,2204.0,69.0,2145.0,59.0,4551.0,2163.0,41.0,0.0,8.0,75.0,2078.0,34.0,2195.0,23e201cc6e23589a,0,baseline-low-capacity-cpu0-predictive-q32.csv,low-capacity-cpu0
baseline,predictive,predictive-sleep-spin,0,0,low-capacity,32,4096,12,2,128,measure,13,2246.0,108.0,2240.0,104.0,2145.0,95.0,7297.0,2163.0,77.0,0.0,8.0,75.0,2114.0,33.0,2230.0,23e201cc6e23589a,0,baseline-low-capacity-cpu0-predictive-q32.csv,low-capacity-cpu0
baseline,predictive,predictive-sleep-spin,0,0,low-capacity,32,4096,12,2,128,measure,14,2258.0,117.0,2250.0,112.0,2147.0,103.0,7974.0,2163.0,87.0,0.0,8.0,75.0,2124.0,34.0,2242.0,23e201cc6e23589a,0,baseline-low-capacity-cpu0-predictive-q32.csv,low-capacity-cpu0
baseline,predictive,predictive-sleep-spin,0,0,low-capacity,32,4096,12,2,128,measure,15,2208.0,70.0,2202.0,66.0,2145.0,57.0,4302.0,2163.0,39.0,0.0,8.0,75.0,2074.0,34.0,2192.0,23e201cc6e23589a,0,baseline-low-capacity-cpu0-predictive-q32.csv,low-capacity-cpu0
baseline,predictive,predictive-sleep-spin,0,0,low-capacity,32,4096,12,2,128,measure,16,2247.0,107.0,2240.0,103.0,2146.0,94.0,7169.0,2163.0,77.0,0.0,8.0,76.0,2113.0,34.0,2231.0,23e201cc6e23589a,0,baseline-low-capacity-cpu0-predictive-q32.csv,low-capacity-cpu0
baseline,predictive,predictive-sleep-spin,0,0,low-capacity,32,4096,12,2,128,measure,17,2260.0,120.0,2254.0,116.0,2147.0,107.0,8227.0,2163.0,91.0,0.0,8.0,75.0,2126.0,33.0,2243.0,23e201cc6e23589a,0,baseline-low-capacity-cpu0-predictive-q32.csv,low-capacity-cpu0
baseline,predictive,predictive-sleep-spin,0,0,low-capacity,32,4096,12,2,128,measure,18,2240.0,99.0,2233.0,95.0,2147.0,86.0,6618.0,2163.0,70.0,0.0,7.0,75.0,2107.0,34.0,2224.0,23e201cc6e23589a,0,baseline-low-capacity-cpu0-predictive-q32.csv,low-capacity-cpu0
baseline,predictive,predictive-sleep-spin,0,0,low-capacity,32,4096,12,2,128,measure,19,2254.0,114.0,2248.0,110.0,2148.0,100.0,7729.0,2163.0,85.0,0.0,8.0,75.0,2120.0,34.0,2238.0,23e201cc6e23589a,0,baseline-low-capacity-cpu0-predictive-q32.csv,low-capacity-cpu0
baseline,predictive,predictive-sleep-spin,0,0,low-capacity,4,4096,12,2,128,measure,0,871.0,43.0,870.0,43.0,829.0,41.0,13779.0,871.0,-1.0,0.0,7.0,68.0,783.0,5.0,863.0,c50c94b789741948,0,baseline-low-capacity-cpu0-predictive-q4.csv,low-capacity-cpu0
baseline,predictive,predictive-sleep-spin,0,0,low-capacity,4,4096,12,2,128,measure,1,885.0,56.0,884.0,55.0,829.0,55.0,18283.0,871.0,13.0,0.0,7.0,69.0,796.0,5.0,877.0,c50c94b789741948,0,baseline-low-capacity-cpu0-predictive-q4.csv,low-capacity-cpu0
baseline,predictive,predictive-sleep-spin,0,0,low-capacity,4,4096,12,2,128,measure,2,879.0,50.0,877.0,49.0,830.0,47.0,15905.0,871.0,6.0,0.0,7.0,69.0,789.0,5.0,870.0,c50c94b789741948,0,baseline-low-capacity-cpu0-predictive-q4.csv,low-capacity-cpu0
baseline,predictive,predictive-sleep-spin,0,0,low-capacity,4,4096,12,2,128,measure,3,885.0,55.0,884.0,54.0,830.0,54.0,17949.0,871.0,13.0,0.0,6.0,68.0,796.0,5.0,876.0,c50c94b789741948,0,baseline-low-capacity-cpu0-predictive-q4.csv,low-capacity-cpu0
baseline,predictive,predictive-sleep-spin,0,0,low-capacity,4,4096,12,2,128,measure,4,882.0,52.0,881.0,51.0,831.0,50.0,16905.0,871.0,10.0,0.0,7.0,68.0,794.0,4.0,874.0,c50c94b789741948,0,baseline-low-capacity-cpu0-predictive-q4.csv,low-capacity-cpu0
baseline,predictive,predictive-sleep-spin,0,0,low-capacity,4,4096,12,2,128,measure,5,877.0,47.0,876.0,45.0,831.0,45.0,14952.0,871.0,5.0,0.0,7.0,69.0,788.0,5.0,869.0,c50c94b789741948,0,baseline-low-capacity-cpu0-predictive-q4.csv,low-capacity-cpu0
baseline,predictive,predictive-sleep-spin,0,0,low-capacity,4,4096,12,2,128,measure,6,879.0,10.0,876.0,9.0,872.0,4.0,742.0,871.0,5.0,0.0,7.0,69.0,788.0,5.0,869.0,c50c94b789741948,0,baseline-low-capacity-cpu0-predictive-q4.csv,low-capacity-cpu0
baseline,predictive,predictive-sleep-spin,0,0,low-capacity,4,4096,12,2,128,measure,7,879.0,46.0,876.0,44.0,835.0,41.0,7731.0,871.0,5.0,0.0,7.0,69.0,787.0,6.0,869.0,c50c94b789741948,0,baseline-low-capacity-cpu0-predictive-q4.csv,low-capacity-cpu0
baseline,predictive,predictive-sleep-spin,0,0,low-capacity,4,4096,12,2,128,measure,8,875.0,41.0,872.0,40.0,834.0,38.0,7128.0,871.0,1.0,0.0,7.0,69.0,784.0,6.0,866.0,c50c94b789741948,0,baseline-low-capacity-cpu0-predictive-q4.csv,low-capacity-cpu0
baseline,predictive,predictive-sleep-spin,0,0,low-capacity,4,4096,12,2,128,measure,9,878.0,44.0,875.0,42.0,835.0,40.0,7662.0,871.0,4.0,0.0,7.0,69.0,786.0,6.0,868.0,c50c94b789741948,0,baseline-low-capacity-cpu0-predictive-q4.csv,low-capacity-cpu0
baseline,predictive,predictive-sleep-spin,0,0,low-capacity,4,4096,12,2,128,measure,10,877.0,42.0,874.0,40.0,835.0,39.0,7302.0,871.0,3.0,0.0,7.0,69.0,786.0,6.0,868.0,c50c94b789741948,0,baseline-low-capacity-cpu0-predictive-q4.csv,low-capacity-cpu0
baseline,predictive,predictive-sleep-spin,0,0,low-capacity,4,4096,12,2,128,measure,11,875.0,41.0,872.0,40.0,835.0,37.0,7047.0,871.0,1.0,0.0,7.0,69.0,784.0,5.0,865.0,c50c94b789741948,0,baseline-low-capacity-cpu0-predictive-q4.csv,low-capacity-cpu0
baseline,predictive,predictive-sleep-spin,0,0,low-capacity,4,4096,12,2,128,measure,12,872.0,39.0,869.0,37.0,834.0,35.0,6547.0,871.0,-2.0,0.0,7.0,69.0,781.0,5.0,862.0,c50c94b789741948,0,baseline-low-capacity-cpu0-predictive-q4.csv,low-capacity-cpu0
baseline,predictive,predictive-sleep-spin,0,0,low-capacity,4,4096,12,2,128,measure,13,875.0,42.0,872.0,40.0,834.0,38.0,7137.0,871.0,1.0,0.0,7.0,69.0,784.0,6.0,866.0,c50c94b789741948,0,baseline-low-capacity-cpu0-predictive-q4.csv,low-capacity-cpu0
baseline,predictive,predictive-sleep-spin,0,0,low-capacity,4,4096,12,2,128,measure,14,875.0,42.0,872.0,40.0,834.0,38.0,7065.0,871.0,1.0,0.0,7.0,68.0,784.0,5.0,865.0,c50c94b789741948,0,baseline-low-capacity-cpu0-predictive-q4.csv,low-capacity-cpu0
baseline,predictive,predictive-sleep-spin,0,0,low-capacity,4,4096,12,2,128,measure,15,874.0,40.0,871.0,39.0,835.0,36.0,6846.0,871.0,0.0,0.0,7.0,69.0,784.0,5.0,865.0,c50c94b789741948,0,baseline-low-capacity-cpu0-predictive-q4.csv,low-capacity-cpu0
baseline,predictive,predictive-sleep-spin,0,0,low-capacity,4,4096,12,2,128,measure,16,875.0,10.0,872.0,9.0,872.0,0.0,1.0,871.0,1.0,0.0,7.0,69.0,781.0,5.0,862.0,c50c94b789741948,0,baseline-low-capacity-cpu0-predictive-q4.csv,low-capacity-cpu0
baseline,predictive,predictive-sleep-spin,0,0,low-capacity,4,4096,12,2,128,measure,17,876.0,42.0,873.0,41.0,835.0,38.0,7169.0,871.0,2.0,0.0,7.0,69.0,784.0,6.0,866.0,c50c94b789741948,0,baseline-low-capacity-cpu0-predictive-q4.csv,low-capacity-cpu0
baseline,predictive,predictive-sleep-spin,0,0,low-capacity,4,4096,12,2,128,measure,18,874.0,40.0,871.0,39.0,835.0,36.0,6845.0,871.0,0.0,0.0,7.0,68.0,783.0,5.0,864.0,c50c94b789741948,0,baseline-low-capacity-cpu0-predictive-q4.csv,low-capacity-cpu0
baseline,predictive,predictive-sleep-spin,0,0,low-capacity,4,4096,12,2,128,measure,19,878.0,45.0,875.0,43.0,834.0,41.0,7644.0,871.0,4.0,0.0,7.0,70.0,786.0,5.0,868.0,c50c94b789741948,0,baseline-low-capacity-cpu0-predictive-q4.csv,low-capacity-cpu0
baseline,predictive,predictive-sleep-spin,0,0,low-capacity,8,4096,12,2,128,measure,0,1324.0,151.0,1317.0,147.0,1179.0,138.0,10644.0,1199.0,118.0,0.0,8.0,70.0,1222.0,9.0,1309.0,541717b1f7dc7b1c,0,baseline-low-capacity-cpu0-predictive-q8.csv,low-capacity-cpu0
baseline,predictive,predictive-sleep-spin,0,0,low-capacity,8,4096,12,2,128,measure,1,1320.0,146.0,1313.0,142.0,1180.0,133.0,10241.0,1199.0,114.0,0.0,7.0,69.0,1217.0,9.0,1303.0,541717b1f7dc7b1c,0,baseline-low-capacity-cpu0-predictive-q8.csv,low-capacity-cpu0
baseline,predictive,predictive-sleep-spin,0,0,low-capacity,8,4096,12,2,128,measure,2,1318.0,145.0,1312.0,140.0,1179.0,133.0,10227.0,1199.0,113.0,0.0,7.0,70.0,1217.0,8.0,1302.0,541717b1f7dc7b1c,0,baseline-low-capacity-cpu0-predictive-q8.csv,low-capacity-cpu0
baseline,predictive,predictive-sleep-spin,0,0,low-capacity,8,4096,12,2,128,measure,3,1335.0,161.0,1328.0,157.0,1180.0,148.0,11483.0,1199.0,129.0,0.0,7.0,69.0,1233.0,9.0,1319.0,541717b1f7dc7b1c,0,baseline-low-capacity-cpu0-predictive-q8.csv,low-capacity-cpu0
baseline,predictive,predictive-sleep-spin,0,0,low-capacity,8,4096,12,2,128,measure,4,1325.0,152.0,1317.0,148.0,1179.0,138.0,10803.0,1199.0,118.0,0.0,8.0,70.0,1222.0,9.0,1309.0,541717b1f7dc7b1c,0,baseline-low-capacity-cpu0-predictive-q8.csv,low-capacity-cpu0
baseline,predictive,predictive-sleep-spin,0,0,low-capacity,8,4096,12,2,128,measure,5,1329.0,156.0,1323.0,151.0,1180.0,143.0,11120.0,1199.0,124.0,0.0,8.0,70.0,1227.0,9.0,1314.0,541717b1f7dc7b1c,0,baseline-low-capacity-cpu0-predictive-q8.csv,low-capacity-cpu0
baseline,predictive,predictive-sleep-spin,0,0,low-capacity,8,4096,12,2,128,measure,6,1335.0,161.0,1328.0,157.0,1180.0,148.0,11510.0,1199.0,129.0,0.0,7.0,70.0,1234.0,9.0,1320.0,541717b1f7dc7b1c,0,baseline-low-capacity-cpu0-predictive-q8.csv,low-capacity-cpu0
baseline,predictive,predictive-sleep-spin,0,0,low-capacity,8,4096,12,2,128,measure,7,1326.0,141.0,1308.0,137.0,1182.0,126.0,9798.0,1199.0,109.0,0.0,8.0,70.0,1213.0,9.0,1300.0,541717b1f7dc7b1c,0,baseline-low-capacity-cpu0-predictive-q8.csv,low-capacity-cpu0
baseline,predictive,predictive-sleep-spin,0,0,low-capacity,8,4096,12,2,128,measure,8,1317.0,144.0,1310.0,140.0,1180.0,130.0,10080.0,1199.0,111.0,0.0,8.0,69.0,1215.0,9.0,1302.0,541717b1f7dc7b1c,0,baseline-low-capacity-cpu0-predictive-q8.csv,low-capacity-cpu0
baseline,predictive,predictive-sleep-spin,0,0,low-capacity,8,4096,12,2,128,measure,9,1333.0,159.0,1326.0,155.0,1180.0,146.0,11338.0,1199.0,127.0,0.0,8.0,69.0,1231.0,9.0,1317.0,541717b1f7dc7b1c,0,baseline-low-capacity-cpu0-predictive-q8.csv,low-capacity-cpu0
baseline,predictive,predictive-sleep-spin,0,0,low-capacity,8,4096,12,2,128,measure,10,1317.0,143.0,1309.0,139.0,1180.0,129.0,10074.0,1199.0,110.0,0.0,7.0,70.0,1214.0,9.0,1300.0,541717b1f7dc7b1c,0,baseline-low-capacity-cpu0-predictive-q8.csv,low-capacity-cpu0
baseline,predictive,predictive-sleep-spin,0,0,low-capacity,8,4096,12,2,128,measure,11,1200.0,38.0,1196.0,35.0,1164.0,32.0,5529.0,1199.0,-3.0,0.0,8.0,69.0,1100.0,9.0,1187.0,541717b1f7dc7b1c,0,baseline-low-capacity-cpu0-predictive-q8.csv,low-capacity-cpu0
baseline,predictive,predictive-sleep-spin,0,0,low-capacity,8,4096,12,2,128,measure,12,1231.0,71.0,1228.0,69.0,1164.0,64.0,12472.0,1199.0,29.0,0.0,7.0,70.0,1134.0,9.0,1220.0,541717b1f7dc7b1c,0,baseline-low-capacity-cpu0-predictive-q8.csv,low-capacity-cpu0
baseline,predictive,predictive-sleep-spin,0,0,low-capacity,8,4096,12,2,128,measure,13,1244.0,82.0,1241.0,80.0,1163.0,78.0,14805.0,1199.0,42.0,0.0,7.0,69.0,1146.0,10.0,1233.0,541717b1f7dc7b1c,0,baseline-low-capacity-cpu0-predictive-q8.csv,low-capacity-cpu0
baseline,predictive,predictive-sleep-spin,0,0,low-capacity,8,4096,12,2,128,measure,14,1195.0,34.0,1192.0,32.0,1163.0,29.0,5355.0,1199.0,-7.0,0.0,7.0,70.0,1097.0,9.0,1183.0,541717b1f7dc7b1c,0,baseline-low-capacity-cpu0-predictive-q8.csv,low-capacity-cpu0
baseline,predictive,predictive-sleep-spin,0,0,low-capacity,8,4096,12,2,128,measure,15,1234.0,73.0,1231.0,71.0,1163.0,68.0,12906.0,1199.0,32.0,0.0,8.0,69.0,1137.0,9.0,1223.0,541717b1f7dc7b1c,0,baseline-low-capacity-cpu0-predictive-q8.csv,low-capacity-cpu0
baseline,predictive,predictive-sleep-spin,0,0,low-capacity,8,4096,12,2,128,measure,16,1278.0,108.0,1272.0,105.0,1175.0,97.0,10228.0,1199.0,73.0,0.0,8.0,70.0,1177.0,9.0,1264.0,541717b1f7dc7b1c,0,baseline-low-capacity-cpu0-predictive-q8.csv,low-capacity-cpu0
baseline,predictive,predictive-sleep-spin,0,0,low-capacity,8,4096,12,2,128,measure,17,1290.0,121.0,1284.0,118.0,1172.0,112.0,11666.0,1199.0,85.0,0.0,8.0,70.0,1189.0,9.0,1276.0,541717b1f7dc7b1c,0,baseline-low-capacity-cpu0-predictive-q8.csv,low-capacity-cpu0
baseline,predictive,predictive-sleep-spin,0,0,low-capacity,8,4096,12,2,128,measure,18,1286.0,119.0,1281.0,115.0,1173.0,108.0,11386.0,1199.0,82.0,0.0,8.0,70.0,1186.0,9.0,1273.0,541717b1f7dc7b1c,0,baseline-low-capacity-cpu0-predictive-q8.csv,low-capacity-cpu0
baseline,predictive,predictive-sleep-spin,0,0,low-capacity,8,4096,12,2,128,measure,19,1287.0,119.0,1281.0,116.0,1172.0,109.0,11470.0,1199.0,82.0,0.0,8.0,69.0,1187.0,9.0,1273.0,541717b1f7dc7b1c,0,baseline-low-capacity-cpu0-predictive-q8.csv,low-capacity-cpu0
baseline,spin,spin,0,0,low-capacity,16,4096,12,2,128,measure,0,1483.0,1442.0,1479.0,1439.0,0.0,1479.0,195464.0,0.0,0.0,0.0,7.0,72.0,1373.0,18.0,1470.0,f9e012e63c1c7864,0,baseline-low-capacity-cpu0-spin-q16.csv,low-capacity-cpu0
baseline,spin,spin,0,0,low-capacity,16,4096,12,2,128,measure,1,1455.0,1358.0,1451.0,1357.0,0.0,1451.0,238707.0,0.0,0.0,0.0,8.0,72.0,1345.0,18.0,1443.0,f9e012e63c1c7864,0,baseline-low-capacity-cpu0-spin-q16.csv,low-capacity-cpu0
baseline,spin,spin,0,0,low-capacity,16,4096,12,2,128,measure,2,1422.0,1383.0,1420.0,1381.0,0.0,1420.0,349448.0,0.0,0.0,0.0,7.0,72.0,1314.0,18.0,1411.0,f9e012e63c1c7864,0,baseline-low-capacity-cpu0-spin-q16.csv,low-capacity-cpu0
baseline,spin,spin,0,0,low-capacity,16,4096,12,2,128,measure,3,1420.0,1381.0,1418.0,1380.0,0.0,1418.0,348963.0,0.0,0.0,0.0,7.0,72.0,1313.0,17.0,1409.0,f9e012e63c1c7864,0,baseline-low-capacity-cpu0-spin-q16.csv,low-capacity-cpu0
baseline,spin,spin,0,0,low-capacity,16,4096,12,2,128,measure,4,1424.0,1394.0,1421.0,1392.0,0.0,1421.0,352341.0,0.0,0.0,0.0,7.0,72.0,1316.0,18.0,1413.0,f9e012e63c1c7864,0,baseline-low-capacity-cpu0-spin-q16.csv,low-capacity-cpu0
baseline,spin,spin,0,0,low-capacity,16,4096,12,2,128,measure,5,1424.0,1393.0,1422.0,1392.0,0.0,1422.0,352257.0,0.0,0.0,0.0,7.0,72.0,1317.0,18.0,1414.0,f9e012e63c1c7864,0,baseline-low-capacity-cpu0-spin-q16.csv,low-capacity-cpu0
baseline,spin,spin,0,0,low-capacity,16,4096,12,2,128,measure,6,1417.0,1351.0,1414.0,1350.0,0.0,1414.0,340794.0,0.0,0.0,0.0,7.0,72.0,1309.0,17.0,1406.0,f9e012e63c1c7864,0,baseline-low-capacity-cpu0-spin-q16.csv,low-capacity-cpu0
baseline,spin,spin,0,0,low-capacity,16,4096,12,2,128,measure,7,1416.0,1384.0,1414.0,1382.0,0.0,1414.0,349939.0,0.0,0.0,0.0,7.0,72.0,1310.0,17.0,1406.0,f9e012e63c1c7864,0,baseline-low-capacity-cpu0-spin-q16.csv,low-capacity-cpu0
baseline,spin,spin,0,0,low-capacity,16,4096,12,2,128,measure,8,1408.0,1369.0,1407.0,1367.0,0.0,1407.0,431151.0,0.0,0.0,0.0,6.0,71.0,1302.0,17.0,1397.0,f9e012e63c1c7864,0,baseline-low-capacity-cpu0-spin-q16.csv,low-capacity-cpu0
baseline,spin,spin,0,0,low-capacity,16,4096,12,2,128,measure,9,1411.0,1376.0,1409.0,1375.0,0.0,1409.0,433860.0,0.0,0.0,0.0,7.0,72.0,1304.0,18.0,1401.0,f9e012e63c1c7864,0,baseline-low-capacity-cpu0-spin-q16.csv,low-capacity-cpu0
baseline,spin,spin,0,0,low-capacity,16,4096,12,2,128,measure,10,1402.0,1351.0,1401.0,1349.0,0.0,1401.0,458289.0,0.0,0.0,0.0,7.0,72.0,1295.0,18.0,1392.0,f9e012e63c1c7864,0,baseline-low-capacity-cpu0-spin-q16.csv,low-capacity-cpu0
baseline,spin,spin,0,0,low-capacity,16,4096,12,2,128,measure,11,1402.0,1368.0,1399.0,1366.0,0.0,1399.0,464823.0,0.0,0.0,0.0,7.0,71.0,1295.0,18.0,1391.0,f9e012e63c1c7864,0,baseline-low-capacity-cpu0-spin-q16.csv,low-capacity-cpu0
baseline,spin,spin,0,0,low-capacity,16,4096,12,2,128,measure,12,1401.0,1367.0,1399.0,1365.0,0.0,1399.0,464603.0,0.0,0.0,0.0,6.0,72.0,1294.0,18.0,1390.0,f9e012e63c1c7864,0,baseline-low-capacity-cpu0-spin-q16.csv,low-capacity-cpu0
baseline,spin,spin,0,0,low-capacity,16,4096,12,2,128,measure,13,1406.0,1373.0,1404.0,1372.0,0.0,1404.0,466708.0,0.0,0.0,0.0,7.0,72.0,1299.0,18.0,1396.0,f9e012e63c1c7864,0,baseline-low-capacity-cpu0-spin-q16.csv,low-capacity-cpu0
baseline,spin,spin,0,0,low-capacity,16,4096,12,2,128,measure,14,1405.0,1372.0,1403.0,1371.0,0.0,1403.0,466389.0,0.0,0.0,0.0,7.0,71.0,1299.0,17.0,1395.0,f9e012e63c1c7864,0,baseline-low-capacity-cpu0-spin-q16.csv,low-capacity-cpu0
baseline,spin,spin,0,0,low-capacity,16,4096,12,2,128,measure,15,1399.0,1345.0,1397.0,1344.0,0.0,1397.0,456441.0,0.0,0.0,0.0,7.0,71.0,1294.0,17.0,1389.0,f9e012e63c1c7864,0,baseline-low-capacity-cpu0-spin-q16.csv,low-capacity-cpu0
baseline,spin,spin,0,0,low-capacity,16,4096,12,2,128,measure,16,1406.0,1373.0,1405.0,1372.0,0.0,1405.0,466695.0,0.0,0.0,0.0,7.0,72.0,1298.0,18.0,1395.0,f9e012e63c1c7864,0,baseline-low-capacity-cpu0-spin-q16.csv,low-capacity-cpu0
baseline,spin,spin,0,0,low-capacity,16,4096,12,2,128,measure,17,1411.0,1370.0,1409.0,1369.0,0.0,1409.0,465271.0,0.0,0.0,0.0,7.0,71.0,1304.0,18.0,1401.0,f9e012e63c1c7864,0,baseline-low-capacity-cpu0-spin-q16.csv,low-capacity-cpu0
baseline,spin,spin,0,0,low-capacity,16,4096,12,2,128,measure,18,1404.0,1370.0,1403.0,1370.0,0.0,1403.0,465921.0,0.0,0.0,0.0,7.0,72.0,1297.0,18.0,1394.0,f9e012e63c1c7864,0,baseline-low-capacity-cpu0-spin-q16.csv,low-capacity-cpu0
baseline,spin,spin,0,0,low-capacity,16,4096,12,2,128,measure,19,1407.0,1343.0,1406.0,1342.0,0.0,1406.0,456104.0,0.0,0.0,0.0,6.0,72.0,1301.0,17.0,1396.0,f9e012e63c1c7864,0,baseline-low-capacity-cpu0-spin-q16.csv,low-capacity-cpu0
baseline,spin,spin,0,0,low-capacity,32,4096,12,2,128,measure,0,2117.0,2066.0,2114.0,2063.0,0.0,2114.0,280254.0,0.0,0.0,1.0,9.0,76.0,1985.0,34.0,2104.0,23e201cc6e23589a,0,baseline-low-capacity-cpu0-spin-q32.csv,low-capacity-cpu0
baseline,spin,spin,0,0,low-capacity,32,4096,12,2,128,measure,1,2063.0,1943.0,2060.0,1941.0,0.0,2060.0,385456.0,0.0,0.0,1.0,9.0,75.0,1932.0,33.0,2050.0,23e201cc6e23589a,0,baseline-low-capacity-cpu0-spin-q32.csv,low-capacity-cpu0
baseline,spin,spin,0,0,low-capacity,32,4096,12,2,128,measure,2,2066.0,2022.0,2062.0,2020.0,0.0,2062.0,390145.0,0.0,0.0,1.0,9.0,75.0,1935.0,33.0,2053.0,23e201cc6e23589a,0,baseline-low-capacity-cpu0-spin-q32.csv,low-capacity-cpu0
baseline,spin,spin,0,0,low-capacity,32,4096,12,2,128,measure,3,2074.0,2032.0,2072.0,2030.0,0.0,2072.0,392120.0,0.0,0.0,1.0,9.0,76.0,1943.0,34.0,2062.0,23e201cc6e23589a,0,baseline-low-capacity-cpu0-spin-q32.csv,low-capacity-cpu0
baseline,spin,spin,0,0,low-capacity,32,4096,12,2,128,measure,4,2070.0,2001.0,2067.0,1999.0,0.0,2067.0,385471.0,0.0,0.0,1.0,9.0,76.0,1940.0,33.0,2058.0,23e201cc6e23589a,0,baseline-low-capacity-cpu0-spin-q32.csv,low-capacity-cpu0
baseline,spin,spin,0,0,low-capacity,32,4096,12,2,128,measure,5,2063.0,2020.0,2060.0,2018.0,0.0,2060.0,389890.0,0.0,0.0,1.0,9.0,76.0,1933.0,33.0,2051.0,23e201cc6e23589a,0,baseline-low-capacity-cpu0-spin-q32.csv,low-capacity-cpu0
baseline,spin,spin,0,0,low-capacity,32,4096,12,2,128,measure,6,2065.0,2021.0,2063.0,2019.0,0.0,2063.0,390065.0,0.0,0.0,1.0,9.0,75.0,1935.0,34.0,2053.0,23e201cc6e23589a,0,baseline-low-capacity-cpu0-spin-q32.csv,low-capacity-cpu0
baseline,spin,spin,0,0,low-capacity,32,4096,12,2,128,measure,7,2046.0,1986.0,2044.0,1984.0,0.0,2044.0,501761.0,0.0,0.0,1.0,9.0,75.0,1916.0,33.0,2034.0,23e201cc6e23589a,0,baseline-low-capacity-cpu0-spin-q32.csv,low-capacity-cpu0
baseline,spin,spin,0,0,low-capacity,32,4096,12,2,128,measure,8,2045.0,1999.0,2044.0,1998.0,0.0,2044.0,505475.0,0.0,0.0,1.0,9.0,75.0,1916.0,33.0,2034.0,23e201cc6e23589a,0,baseline-low-capacity-cpu0-spin-q32.csv,low-capacity-cpu0
baseline,spin,spin,0,0,low-capacity,32,4096,12,2,128,measure,9,2050.0,2010.0,2048.0,2009.0,0.0,2048.0,508524.0,0.0,0.0,1.0,9.0,75.0,1921.0,33.0,2038.0,23e201cc6e23589a,0,baseline-low-capacity-cpu0-spin-q32.csv,low-capacity-cpu0
baseline,spin,spin,0,0,low-capacity,32,4096,12,2,128,measure,10,2043.0,1985.0,2041.0,1983.0,0.0,2041.0,501452.0,0.0,0.0,1.0,9.0,75.0,1914.0,33.0,2032.0,23e201cc6e23589a,0,baseline-low-capacity-cpu0-spin-q32.csv,low-capacity-cpu0
baseline,spin,spin,0,0,low-capacity,32,4096,12,2,128,measure,11,2048.0,2004.0,2046.0,2002.0,0.0,2046.0,506627.0,0.0,0.0,1.0,9.0,76.0,1918.0,33.0,2036.0,23e201cc6e23589a,0,baseline-low-capacity-cpu0-spin-q32.csv,low-capacity-cpu0
baseline,spin,spin,0,0,low-capacity,32,4096,12,2,128,measure,12,2026.0,1991.0,2024.0,1991.0,0.0,2024.0,677855.0,0.0,0.0,1.0,8.0,75.0,1897.0,33.0,2014.0,23e201cc6e23589a,0,baseline-low-capacity-cpu0-spin-q32.csv,low-capacity-cpu0
baseline,spin,spin,0,0,low-capacity,32,4096,12,2,128,measure,13,2030.0,1979.0,2030.0,1977.0,0.0,2030.0,672763.0,0.0,0.0,1.0,9.0,76.0,1902.0,33.0,2020.0,23e201cc6e23589a,0,baseline-low-capacity-cpu0-spin-q32.csv,low-capacity-cpu0
baseline,spin,spin,0,0,low-capacity,32,4096,12,2,128,measure,14,2034.0,1998.0,2032.0,1997.0,0.0,2032.0,679799.0,0.0,0.0,1.0,8.0,76.0,1905.0,33.0,2022.0,23e201cc6e23589a,0,baseline-low-capacity-cpu0-spin-q32.csv,low-capacity-cpu0
baseline,spin,spin,0,0,low-capacity,32,4096,12,2,128,measure,15,2034.0,1998.0,2032.0,1998.0,0.0,2032.0,680250.0,0.0,0.0,1.0,9.0,76.0,1905.0,33.0,2023.0,23e201cc6e23589a,0,baseline-low-capacity-cpu0-spin-q32.csv,low-capacity-cpu0
baseline,spin,spin,0,0,low-capacity,32,4096,12,2,128,measure,16,2040.0,1856.0,2039.0,1856.0,0.0,2039.0,620794.0,0.0,0.0,1.0,8.0,75.0,1912.0,34.0,2030.0,23e201cc6e23589a,0,baseline-low-capacity-cpu0-spin-q32.csv,low-capacity-cpu0
baseline,spin,spin,0,0,low-capacity,32,4096,12,2,128,measure,17,2033.0,2000.0,2032.0,1999.0,0.0,2032.0,680523.0,0.0,0.0,1.0,9.0,75.0,1905.0,33.0,2023.0,23e201cc6e23589a,0,baseline-low-capacity-cpu0-spin-q32.csv,low-capacity-cpu0
baseline,spin,spin,0,0,low-capacity,32,4096,12,2,128,measure,18,2032.0,1998.0,2030.0,1998.0,0.0,2030.0,680108.0,0.0,0.0,1.0,8.0,75.0,1902.0,34.0,2020.0,23e201cc6e23589a,0,baseline-low-capacity-cpu0-spin-q32.csv,low-capacity-cpu0
baseline,spin,spin,0,0,low-capacity,32,4096,12,2,128,measure,19,2031.0,1981.0,2030.0,1980.0,0.0,2030.0,673443.0,0.0,0.0,1.0,9.0,75.0,1904.0,33.0,2021.0,23e201cc6e23589a,0,baseline-low-capacity-cpu0-spin-q32.csv,low-capacity-cpu0
baseline,spin,spin,0,0,low-capacity,4,4096,12,2,128,measure,0,1100.0,861.0,1093.0,856.0,0.0,1093.0,65337.0,0.0,0.0,1.0,7.0,69.0,1004.0,5.0,1085.0,c50c94b789741948,0,baseline-low-capacity-cpu0-spin-q4.csv,low-capacity-cpu0
baseline,spin,spin,0,0,low-capacity,4,4096,12,2,128,measure,1,1100.0,1010.0,1093.0,1006.0,0.0,1093.0,78411.0,0.0,0.0,1.0,8.0,69.0,1003.0,5.0,1085.0,c50c94b789741948,0,baseline-low-capacity-cpu0-spin-q4.csv,low-capacity-cpu0
baseline,spin,spin,0,0,low-capacity,4,4096,12,2,128,measure,2,1101.0,833.0,1095.0,829.0,0.0,1095.0,63283.0,0.0,0.0,1.0,7.0,69.0,1005.0,5.0,1086.0,c50c94b789741948,0,baseline-low-capacity-cpu0-spin-q4.csv,low-capacity-cpu0
baseline,spin,spin,0,0,low-capacity,4,4096,12,2,128,measure,3,1095.0,889.0,1087.0,885.0,0.0,1087.0,68356.0,0.0,0.0,1.0,7.0,68.0,999.0,5.0,1080.0,c50c94b789741948,0,baseline-low-capacity-cpu0-spin-q4.csv,low-capacity-cpu0
baseline,spin,spin,0,0,low-capacity,4,4096,12,2,128,measure,4,1095.0,890.0,1088.0,886.0,0.0,1088.0,68531.0,0.0,0.0,1.0,7.0,68.0,1000.0,4.0,1080.0,c50c94b789741948,0,baseline-low-capacity-cpu0-spin-q4.csv,low-capacity-cpu0
baseline,spin,spin,0,0,low-capacity,4,4096,12,2,128,measure,5,1094.0,858.0,1087.0,853.0,0.0,1087.0,65447.0,0.0,0.0,1.0,7.0,69.0,998.0,5.0,1079.0,c50c94b789741948,0,baseline-low-capacity-cpu0-spin-q4.csv,low-capacity-cpu0
baseline,spin,spin,0,0,low-capacity,4,4096,12,2,128,measure,6,1095.0,1094.0,1090.0,1091.0,0.0,1090.0,86132.0,0.0,0.0,1.0,7.0,68.0,1002.0,5.0,1083.0,c50c94b789741948,0,baseline-low-capacity-cpu0-spin-q4.csv,low-capacity-cpu0
baseline,spin,spin,0,0,low-capacity,4,4096,12,2,128,measure,7,1153.0,951.0,1147.0,947.0,0.0,1147.0,71904.0,0.0,0.0,1.0,6.0,68.0,1002.0,5.0,1082.0,c50c94b789741948,0,baseline-low-capacity-cpu0-spin-q4.csv,low-capacity-cpu0
baseline,spin,spin,0,0,low-capacity,4,4096,12,2,128,measure,8,1121.0,898.0,1094.0,890.0,0.0,1094.0,68869.0,0.0,0.0,1.0,8.0,69.0,1004.0,5.0,1086.0,c50c94b789741948,0,baseline-low-capacity-cpu0-spin-q4.csv,low-capacity-cpu0
baseline,spin,spin,0,0,low-capacity,4,4096,12,2,128,measure,9,924.0,859.0,922.0,858.0,0.0,922.0,290787.0,0.0,0.0,1.0,8.0,68.0,834.0,5.0,915.0,c50c94b789741948,0,baseline-low-capacity-cpu0-spin-q4.csv,low-capacity-cpu0
baseline,spin,spin,0,0,low-capacity,4,4096,12,2,128,measure,10,923.0,824.0,921.0,822.0,0.0,921.0,277157.0,0.0,0.0,1.0,7.0,69.0,833.0,5.0,914.0,c50c94b789741948,0,baseline-low-capacity-cpu0-spin-q4.csv,low-capacity-cpu0
baseline,spin,spin,0,0,low-capacity,4,4096,12,2,128,measure,11,923.0,846.0,921.0,844.0,0.0,921.0,285534.0,0.0,0.0,1.0,6.0,68.0,833.0,5.0,913.0,c50c94b789741948,0,baseline-low-capacity-cpu0-spin-q4.csv,low-capacity-cpu0
baseline,spin,spin,0,0,low-capacity,4,4096,12,2,128,measure,12,922.0,921.0,921.0,921.0,0.0,921.0,313839.0,0.0,0.0,1.0,7.0,69.0,832.0,5.0,913.0,c50c94b789741948,0,baseline-low-capacity-cpu0-spin-q4.csv,low-capacity-cpu0
baseline,spin,spin,0,0,low-capacity,4,4096,12,2,128,measure,13,984.0,925.0,918.0,918.0,0.0,918.0,313230.0,0.0,0.0,1.0,7.0,69.0,831.0,5.0,912.0,c50c94b789741948,0,baseline-low-capacity-cpu0-spin-q4.csv,low-capacity-cpu0
baseline,spin,spin,0,0,low-capacity,4,4096,12,2,128,measure,14,923.0,859.0,921.0,858.0,0.0,921.0,290909.0,0.0,0.0,1.0,7.0,69.0,833.0,5.0,914.0,c50c94b789741948,0,baseline-low-capacity-cpu0-spin-q4.csv,low-capacity-cpu0
baseline,spin,spin,0,0,low-capacity,4,4096,12,2,128,measure,15,922.0,849.0,920.0,848.0,0.0,920.0,286951.0,0.0,0.0,1.0,7.0,69.0,832.0,5.0,913.0,c50c94b789741948,0,baseline-low-capacity-cpu0-spin-q4.csv,low-capacity-cpu0
baseline,spin,spin,0,0,low-capacity,4,4096,12,2,128,measure,16,927.0,847.0,925.0,846.0,0.0,925.0,286063.0,0.0,0.0,1.0,7.0,69.0,838.0,5.0,919.0,c50c94b789741948,0,baseline-low-capacity-cpu0-spin-q4.csv,low-capacity-cpu0
baseline,spin,spin,0,0,low-capacity,4,4096,12,2,128,measure,17,926.0,842.0,924.0,840.0,0.0,924.0,284143.0,0.0,0.0,1.0,7.0,68.0,836.0,5.0,916.0,c50c94b789741948,0,baseline-low-capacity-cpu0-spin-q4.csv,low-capacity-cpu0
baseline,spin,spin,0,0,low-capacity,4,4096,12,2,128,measure,18,927.0,849.0,926.0,848.0,0.0,926.0,286551.0,0.0,0.0,1.0,7.0,69.0,837.0,5.0,918.0,c50c94b789741948,0,baseline-low-capacity-cpu0-spin-q4.csv,low-capacity-cpu0
baseline,spin,spin,0,0,low-capacity,4,4096,12,2,128,measure,19,924.0,844.0,922.0,843.0,0.0,922.0,285050.0,0.0,0.0,1.0,7.0,69.0,833.0,5.0,914.0,c50c94b789741948,0,baseline-low-capacity-cpu0-spin-q4.csv,low-capacity-cpu0
baseline,spin,spin,0,0,low-capacity,8,4096,12,2,128,measure,0,1453.0,1308.0,1288.0,1288.0,0.0,1288.0,101804.0,0.0,0.0,1.0,10.0,70.0,1190.0,10.0,1280.0,541717b1f7dc7b1c,0,baseline-low-capacity-cpu0-spin-q8.csv,low-capacity-cpu0
baseline,spin,spin,0,0,low-capacity,8,4096,12,2,128,measure,1,1291.0,1194.0,1284.0,1190.0,0.0,1284.0,92757.0,0.0,0.0,1.0,9.0,69.0,1188.0,9.0,1276.0,541717b1f7dc7b1c,0,baseline-low-capacity-cpu0-spin-q8.csv,low-capacity-cpu0
baseline,spin,spin,0,0,low-capacity,8,4096,12,2,128,measure,2,1286.0,1203.0,1278.0,1198.0,0.0,1278.0,93727.0,0.0,0.0,1.0,8.0,70.0,1182.0,9.0,1269.0,541717b1f7dc7b1c,0,baseline-low-capacity-cpu0-spin-q8.csv,low-capacity-cpu0
baseline,spin,spin,0,0,low-capacity,8,4096,12,2,128,measure,3,1283.0,1267.0,1276.0,1262.0,0.0,1276.0,99589.0,0.0,0.0,1.0,8.0,70.0,1180.0,9.0,1267.0,541717b1f7dc7b1c,0,baseline-low-capacity-cpu0-spin-q8.csv,low-capacity-cpu0
baseline,spin,spin,0,0,low-capacity,8,4096,12,2,128,measure,4,1287.0,1284.0,1281.0,1281.0,0.0,1281.0,101252.0,0.0,0.0,1.0,10.0,70.0,1182.0,10.0,1272.0,541717b1f7dc7b1c,0,baseline-low-capacity-cpu0-spin-q8.csv,low-capacity-cpu0
baseline,spin,spin,0,0,low-capacity,8,4096,12,2,128,measure,5,1098.0,1059.0,1097.0,1057.0,0.0,1097.0,359297.0,0.0,0.0,1.0,9.0,70.0,1000.0,9.0,1088.0,541717b1f7dc7b1c,0,baseline-low-capacity-cpu0-spin-q8.csv,low-capacity-cpu0
baseline,spin,spin,0,0,low-capacity,8,4096,12,2,128,measure,6,1098.0,1065.0,1096.0,1063.0,0.0,1096.0,361447.0,0.0,0.0,1.0,9.0,70.0,1000.0,9.0,1088.0,541717b1f7dc7b1c,0,baseline-low-capacity-cpu0-spin-q8.csv,low-capacity-cpu0
baseline,spin,spin,0,0,low-capacity,8,4096,12,2,128,measure,7,1097.0,1062.0,1095.0,1061.0,0.0,1095.0,360577.0,0.0,0.0,1.0,9.0,69.0,1000.0,9.0,1087.0,541717b1f7dc7b1c,0,baseline-low-capacity-cpu0-spin-q8.csv,low-capacity-cpu0
baseline,spin,spin,0,0,low-capacity,8,4096,12,2,128,measure,8,1095.0,1062.0,1093.0,1060.0,0.0,1093.0,360379.0,0.0,0.0,1.0,8.0,70.0,998.0,9.0,1085.0,541717b1f7dc7b1c,0,baseline-low-capacity-cpu0-spin-q8.csv,low-capacity-cpu0
baseline,spin,spin,0,0,low-capacity,8,4096,12,2,128,measure,9,1095.0,1062.0,1093.0,1060.0,0.0,1093.0,360391.0,0.0,0.0,1.0,8.0,69.0,998.0,9.0,1084.0,541717b1f7dc7b1c,0,baseline-low-capacity-cpu0-spin-q8.csv,low-capacity-cpu0
baseline,spin,spin,0,0,low-capacity,8,4096,12,2,128,measure,10,1095.0,1061.0,1093.0,1060.0,0.0,1093.0,360378.0,0.0,0.0,1.0,8.0,69.0,998.0,9.0,1084.0,541717b1f7dc7b1c,0,baseline-low-capacity-cpu0-spin-q8.csv,low-capacity-cpu0
baseline,spin,spin,0,0,low-capacity,8,4096,12,2,128,measure,11,1096.0,1061.0,1094.0,1061.0,0.0,1094.0,360479.0,0.0,0.0,1.0,7.0,70.0,999.0,9.0,1085.0,541717b1f7dc7b1c,0,baseline-low-capacity-cpu0-spin-q8.csv,low-capacity-cpu0
baseline,spin,spin,0,0,low-capacity,8,4096,12,2,128,measure,12,1096.0,1096.0,1095.0,1094.0,0.0,1095.0,373263.0,0.0,0.0,1.0,8.0,69.0,999.0,9.0,1086.0,541717b1f7dc7b1c,0,baseline-low-capacity-cpu0-spin-q8.csv,low-capacity-cpu0
baseline,spin,spin,0,0,low-capacity,8,4096,12,2,128,measure,13,1149.0,1101.0,1096.0,1095.0,0.0,1096.0,373571.0,0.0,0.0,1.0,8.0,70.0,1000.0,9.0,1087.0,541717b1f7dc7b1c,0,baseline-low-capacity-cpu0-spin-q8.csv,low-capacity-cpu0
baseline,spin,spin,0,0,low-capacity,8,4096,12,2,128,measure,14,1095.0,1082.0,1093.0,1082.0,0.0,1093.0,368174.0,0.0,0.0,1.0,8.0,69.0,998.0,9.0,1085.0,541717b1f7dc7b1c,0,baseline-low-capacity-cpu0-spin-q8.csv,low-capacity-cpu0
baseline,spin,spin,0,0,low-capacity,8,4096,12,2,128,measure,15,1093.0,1093.0,1092.0,1092.0,0.0,1092.0,372384.0,0.0,0.0,1.0,8.0,70.0,996.0,9.0,1083.0,541717b1f7dc7b1c,0,baseline-low-capacity-cpu0-spin-q8.csv,low-capacity-cpu0
baseline,spin,spin,0,0,low-capacity,8,4096,12,2,128,measure,16,1098.0,1097.0,1097.0,1097.0,0.0,1097.0,373846.0,0.0,0.0,1.0,9.0,70.0,1000.0,8.0,1087.0,541717b1f7dc7b1c,0,baseline-low-capacity-cpu0-spin-q8.csv,low-capacity-cpu0
baseline,spin,spin,0,0,low-capacity,8,4096,12,2,128,measure,17,1092.0,1074.0,1091.0,1072.0,0.0,1091.0,365176.0,0.0,0.0,1.0,8.0,69.0,995.0,9.0,1082.0,541717b1f7dc7b1c,0,baseline-low-capacity-cpu0-spin-q8.csv,low-capacity-cpu0
baseline,spin,spin,0,0,low-capacity,8,4096,12,2,128,measure,18,1090.0,1082.0,1088.0,1081.0,0.0,1088.0,368358.0,0.0,0.0,1.0,7.0,69.0,993.0,9.0,1079.0,541717b1f7dc7b1c,0,baseline-low-capacity-cpu0-spin-q8.csv,low-capacity-cpu0
baseline,spin,spin,0,0,low-capacity,8,4096,12,2,128,measure,19,1097.0,1062.0,1096.0,1062.0,0.0,1096.0,360874.0,0.0,0.0,1.0,8.0,70.0,1000.0,9.0,1087.0,541717b1f7dc7b1c,0,baseline-low-capacity-cpu0-spin-q8.csv,low-capacity-cpu0
baseline,legacy,legacy-usleep50,-1,1,unpinned,16,4096,12,2,128,measure,0,1665.0,154.0,1658.0,151.0,1654.0,4.0,13.0,0.0,0.0,0.0,8.0,72.0,1475.0,18.0,1573.0,f9e012e63c1c7864,0,baseline-unpinned-legacy-q16.csv,unpinned
baseline,legacy,legacy-usleep50,-1,1,unpinned,16,4096,12,2,128,measure,1,1670.0,92.0,1665.0,89.0,1659.0,6.0,14.0,0.0,0.0,0.0,10.0,72.0,1471.0,18.0,1571.0,f9e012e63c1c7864,0,baseline-unpinned-legacy-q16.csv,unpinned
baseline,legacy,legacy-usleep50,-1,5,unpinned,16,4096,12,2,128,measure,2,1627.0,143.0,1621.0,139.0,1618.0,3.0,13.0,0.0,0.0,0.0,9.0,72.0,1484.0,17.0,1582.0,f9e012e63c1c7864,0,baseline-unpinned-legacy-q16.csv,unpinned
baseline,legacy,legacy-usleep50,-1,5,unpinned,16,4096,12,2,128,measure,3,1610.0,42.0,1605.0,38.0,1601.0,4.0,14.0,0.0,0.0,0.0,8.0,72.0,1494.0,17.0,1592.0,f9e012e63c1c7864,0,baseline-unpinned-legacy-q16.csv,unpinned
baseline,legacy,legacy-usleep50,-1,5,unpinned,16,4096,12,2,128,measure,4,1609.0,41.0,1604.0,38.0,1601.0,3.0,14.0,0.0,0.0,0.0,8.0,72.0,1485.0,18.0,1584.0,f9e012e63c1c7864,0,baseline-unpinned-legacy-q16.csv,unpinned
baseline,legacy,legacy-usleep50,-1,5,unpinned,16,4096,12,2,128,measure,5,1728.0,44.0,1724.0,41.0,1719.0,5.0,15.0,0.0,0.0,0.0,8.0,71.0,1496.0,18.0,1594.0,f9e012e63c1c7864,0,baseline-unpinned-legacy-q16.csv,unpinned
baseline,legacy,legacy-usleep50,-1,5,unpinned,16,4096,12,2,128,measure,6,1603.0,63.0,1598.0,59.0,1592.0,6.0,14.0,0.0,0.0,0.0,9.0,72.0,1447.0,18.0,1546.0,f9e012e63c1c7864,0,baseline-unpinned-legacy-q16.csv,unpinned
baseline,legacy,legacy-usleep50,-1,5,unpinned,16,4096,12,2,128,measure,7,1582.0,108.0,1577.0,105.0,1574.0,3.0,13.0,0.0,0.0,0.0,9.0,71.0,1432.0,17.0,1530.0,f9e012e63c1c7864,0,baseline-unpinned-legacy-q16.csv,unpinned
baseline,legacy,legacy-usleep50,-1,4,unpinned,16,4096,12,2,128,measure,8,1618.0,146.0,1612.0,143.0,1606.0,6.0,13.0,0.0,0.0,0.0,8.0,71.0,1466.0,17.0,1563.0,f9e012e63c1c7864,0,baseline-unpinned-legacy-q16.csv,unpinned
baseline,legacy,legacy-usleep50,-1,4,unpinned,16,4096,12,2,128,measure,9,1650.0,86.0,1644.0,84.0,1640.0,4.0,14.0,0.0,0.0,0.0,9.0,71.0,1450.0,18.0,1549.0,f9e012e63c1c7864,0,baseline-unpinned-legacy-q16.csv,unpinned
baseline,legacy,legacy-usleep50,-1,4,unpinned,16,4096,12,2,128,measure,10,1635.0,81.0,1629.0,78.0,1625.0,4.0,14.0,0.0,0.0,0.0,9.0,72.0,1468.0,18.0,1567.0,f9e012e63c1c7864,0,baseline-unpinned-legacy-q16.csv,unpinned
baseline,legacy,legacy-usleep50,-1,1,unpinned,16,4096,12,2,128,measure,11,1617.0,152.0,1612.0,149.0,1605.0,7.0,13.0,0.0,0.0,0.0,8.0,71.0,1462.0,18.0,1560.0,f9e012e63c1c7864,0,baseline-unpinned-legacy-q16.csv,unpinned
baseline,legacy,legacy-usleep50,-1,1,unpinned,16,4096,12,2,128,measure,12,1662.0,90.0,1656.0,87.0,1650.0,6.0,14.0,0.0,0.0,0.0,8.0,72.0,1471.0,17.0,1569.0,f9e012e63c1c7864,0,baseline-unpinned-legacy-q16.csv,unpinned
baseline,legacy,legacy-usleep50,-1,4,unpinned,16,4096,12,2,128,measure,13,1646.0,142.0,1640.0,138.0,1635.0,5.0,13.0,0.0,0.0,0.0,9.0,72.0,1445.0,17.0,1543.0,f9e012e63c1c7864,0,baseline-unpinned-legacy-q16.csv,unpinned
baseline,legacy,legacy-usleep50,-1,1,unpinned,16,4096,12,2,128,measure,14,1582.0,72.0,1577.0,69.0,1573.0,4.0,13.0,0.0,0.0,0.0,9.0,71.0,1464.0,18.0,1563.0,f9e012e63c1c7864,0,baseline-unpinned-legacy-q16.csv,unpinned
baseline,legacy,legacy-usleep50,-1,1,unpinned,16,4096,12,2,128,measure,15,1704.0,77.0,1697.0,72.0,1689.0,8.0,14.0,0.0,0.0,0.0,9.0,72.0,1506.0,18.0,1605.0,f9e012e63c1c7864,0,baseline-unpinned-legacy-q16.csv,unpinned
baseline,legacy,legacy-usleep50,-1,1,unpinned,16,4096,12,2,128,measure,16,1728.0,71.0,1722.0,67.0,1717.0,5.0,14.0,0.0,0.0,0.0,9.0,71.0,1516.0,18.0,1615.0,f9e012e63c1c7864,0,baseline-unpinned-legacy-q16.csv,unpinned
baseline,legacy,legacy-usleep50,-1,1,unpinned,16,4096,12,2,128,measure,17,1745.0,135.0,1738.0,131.0,1732.0,6.0,14.0,0.0,0.0,0.0,9.0,71.0,1501.0,18.0,1600.0,f9e012e63c1c7864,0,baseline-unpinned-legacy-q16.csv,unpinned
baseline,legacy,legacy-usleep50,-1,1,unpinned,16,4096,12,2,128,measure,18,1632.0,123.0,1626.0,119.0,1621.0,5.0,13.0,0.0,0.0,0.0,9.0,71.0,1495.0,18.0,1594.0,f9e012e63c1c7864,0,baseline-unpinned-legacy-q16.csv,unpinned
baseline,legacy,legacy-usleep50,-1,1,unpinned,16,4096,12,2,128,measure,19,1625.0,119.0,1617.0,115.0,1610.0,7.0,13.0,0.0,0.0,0.0,9.0,72.0,1490.0,17.0,1588.0,f9e012e63c1c7864,0,baseline-unpinned-legacy-q16.csv,unpinned
baseline,legacy,legacy-usleep50,-1,1,unpinned,32,4096,12,2,128,measure,0,2384.0,183.0,2378.0,179.0,2371.0,7.0,19.0,0.0,0.0,1.0,9.0,75.0,2159.0,33.0,2276.0,23e201cc6e23589a,0,baseline-unpinned-legacy-q32.csv,unpinned
baseline,legacy,legacy-usleep50,-1,1,unpinned,32,4096,12,2,128,measure,1,2375.0,136.0,2369.0,132.0,2362.0,7.0,19.0,0.0,0.0,1.0,10.0,75.0,2159.0,34.0,2278.0,23e201cc6e23589a,0,baseline-unpinned-legacy-q32.csv,unpinned
baseline,legacy,legacy-usleep50,-1,4,unpinned,32,4096,12,2,128,measure,2,2301.0,278.0,2294.0,273.0,2285.0,9.0,17.0,0.0,0.0,1.0,9.0,75.0,2152.0,33.0,2269.0,23e201cc6e23589a,0,baseline-unpinned-legacy-q32.csv,unpinned
baseline,legacy,legacy-usleep50,-1,4,unpinned,32,4096,12,2,128,measure,3,2398.0,136.0,2390.0,132.0,2381.0,9.0,19.0,0.0,0.0,1.0,9.0,75.0,2165.0,33.0,2283.0,23e201cc6e23589a,0,baseline-unpinned-legacy-q32.csv,unpinned
baseline,legacy,legacy-usleep50,-1,4,unpinned,32,4096,12,2,128,measure,4,2409.0,167.0,2403.0,163.0,2392.0,11.0,19.0,0.0,0.0,1.0,9.0,75.0,2150.0,33.0,2267.0,23e201cc6e23589a,0,baseline-unpinned-legacy-q32.csv,unpinned
baseline,legacy,legacy-usleep50,-1,4,unpinned,32,4096,12,2,128,measure,5,2411.0,136.0,2404.0,131.0,2397.0,7.0,19.0,0.0,0.0,1.0,9.0,75.0,2155.0,33.0,2272.0,23e201cc6e23589a,0,baseline-unpinned-legacy-q32.csv,unpinned
baseline,legacy,legacy-usleep50,-1,4,unpinned,32,4096,12,2,128,measure,6,2331.0,130.0,2323.0,126.0,2313.0,10.0,18.0,0.0,0.0,1.0,10.0,75.0,2159.0,34.0,2278.0,23e201cc6e23589a,0,baseline-unpinned-legacy-q32.csv,unpinned
baseline,legacy,legacy-usleep50,-1,4,unpinned,32,4096,12,2,128,measure,7,2404.0,130.0,2398.0,126.0,2388.0,10.0,19.0,0.0,0.0,1.0,10.0,75.0,2167.0,33.0,2285.0,23e201cc6e23589a,0,baseline-unpinned-legacy-q32.csv,unpinned
baseline,legacy,legacy-usleep50,-1,4,unpinned,32,4096,12,2,128,measure,8,2381.0,135.0,2374.0,131.0,2364.0,10.0,19.0,0.0,0.0,1.0,9.0,75.0,2151.0,33.0,2269.0,23e201cc6e23589a,0,baseline-unpinned-legacy-q32.csv,unpinned
baseline,legacy,legacy-usleep50,-1,4,unpinned,32,4096,12,2,128,measure,9,2375.0,133.0,2368.0,129.0,2360.0,8.0,19.0,0.0,0.0,1.0,10.0,75.0,2159.0,33.0,2277.0,23e201cc6e23589a,0,baseline-unpinned-legacy-q32.csv,unpinned
baseline,legacy,legacy-usleep50,-1,1,unpinned,32,4096,12,2,128,measure,10,2343.0,139.0,2335.0,135.0,2325.0,10.0,18.0,0.0,0.0,1.0,9.0,75.0,2155.0,33.0,2273.0,23e201cc6e23589a,0,baseline-unpinned-legacy-q32.csv,unpinned
baseline,legacy,legacy-usleep50,-1,1,unpinned,32,4096,12,2,128,measure,11,2401.0,154.0,2393.0,150.0,2386.0,7.0,19.0,0.0,0.0,1.0,9.0,75.0,2156.0,33.0,2273.0,23e201cc6e23589a,0,baseline-unpinned-legacy-q32.csv,unpinned
baseline,legacy,legacy-usleep50,-1,1,unpinned,32,4096,12,2,128,measure,12,2285.0,144.0,2277.0,140.0,2267.0,10.0,18.0,0.0,0.0,1.0,9.0,76.0,2146.0,34.0,2265.0,23e201cc6e23589a,0,baseline-unpinned-legacy-q32.csv,unpinned
baseline,legacy,legacy-usleep50,-1,1,unpinned,32,4096,12,2,128,measure,13,2407.0,145.0,2400.0,141.0,2391.0,9.0,19.0,0.0,0.0,1.0,9.0,75.0,2147.0,33.0,2265.0,23e201cc6e23589a,0,baseline-unpinned-legacy-q32.csv,unpinned
baseline,legacy,legacy-usleep50,-1,1,unpinned,32,4096,12,2,128,measure,14,2335.0,159.0,2329.0,155.0,2321.0,8.0,18.0,0.0,0.0,1.0,9.0,75.0,2152.0,33.0,2269.0,23e201cc6e23589a,0,baseline-unpinned-legacy-q32.csv,unpinned
baseline,legacy,legacy-usleep50,-1,1,unpinned,32,4096,12,2,128,measure,15,2390.0,182.0,2384.0,178.0,2374.0,10.0,19.0,0.0,0.0,1.0,9.0,75.0,2151.0,33.0,2268.0,23e201cc6e23589a,0,baseline-unpinned-legacy-q32.csv,unpinned
baseline,legacy,legacy-usleep50,-1,1,unpinned,32,4096,12,2,128,measure,16,2382.0,150.0,2375.0,146.0,2369.0,6.0,19.0,0.0,0.0,1.0,9.0,75.0,2150.0,34.0,2269.0,23e201cc6e23589a,0,baseline-unpinned-legacy-q32.csv,unpinned
baseline,legacy,legacy-usleep50,-1,1,unpinned,32,4096,12,2,128,measure,17,2396.0,164.0,2388.0,160.0,2382.0,6.0,19.0,0.0,0.0,1.0,9.0,75.0,2150.0,33.0,2268.0,23e201cc6e23589a,0,baseline-unpinned-legacy-q32.csv,unpinned
baseline,legacy,legacy-usleep50,-1,1,unpinned,32,4096,12,2,128,measure,18,2303.0,148.0,2297.0,144.0,2291.0,6.0,18.0,0.0,0.0,1.0,9.0,75.0,2143.0,33.0,2260.0,23e201cc6e23589a,0,baseline-unpinned-legacy-q32.csv,unpinned
baseline,legacy,legacy-usleep50,-1,1,unpinned,32,4096,12,2,128,measure,19,2278.0,144.0,2272.0,140.0,2266.0,6.0,18.0,0.0,0.0,1.0,9.0,75.0,2142.0,34.0,2261.0,23e201cc6e23589a,0,baseline-unpinned-legacy-q32.csv,unpinned
baseline,legacy,legacy-usleep50,-1,1,unpinned,4,4096,12,2,128,measure,0,978.0,63.0,971.0,59.0,968.0,3.0,8.0,0.0,0.0,1.0,8.0,69.0,811.0,6.0,894.0,c50c94b789741948,0,baseline-unpinned-legacy-q4.csv,unpinned
baseline,legacy,legacy-usleep50,-1,1,unpinned,4,4096,12,2,128,measure,1,998.0,96.0,993.0,92.0,989.0,4.0,8.0,0.0,0.0,1.0,8.0,69.0,810.0,6.0,893.0,c50c94b789741948,0,baseline-unpinned-legacy-q4.csv,unpinned
baseline,legacy,legacy-usleep50,-1,1,unpinned,4,4096,12,2,128,measure,2,1157.0,164.0,1146.0,158.0,1140.0,6.0,8.0,0.0,0.0,1.0,8.0,69.0,936.0,6.0,1019.0,c50c94b789741948,0,baseline-unpinned-legacy-q4.csv,unpinned
baseline,legacy,legacy-usleep50,-1,0,unpinned,4,4096,12,2,128,measure,3,1065.0,124.0,1054.0,118.0,1047.0,7.0,7.0,0.0,0.0,1.0,8.0,69.0,934.0,6.0,1017.0,c50c94b789741948,0,baseline-unpinned-legacy-q4.csv,unpinned
baseline,legacy,legacy-usleep50,-1,1,unpinned,4,4096,12,2,128,measure,4,1048.0,142.0,1038.0,136.0,1032.0,6.0,7.0,0.0,0.0,1.0,8.0,68.0,935.0,6.0,1018.0,c50c94b789741948,0,baseline-unpinned-legacy-q4.csv,unpinned
baseline,legacy,legacy-usleep50,-1,0,unpinned,4,4096,12,2,128,measure,5,1057.0,174.0,1047.0,168.0,1042.0,5.0,7.0,0.0,0.0,1.0,8.0,68.0,933.0,6.0,1016.0,c50c94b789741948,0,baseline-unpinned-legacy-q4.csv,unpinned
baseline,legacy,legacy-usleep50,-1,0,unpinned,4,4096,12,2,128,measure,6,1102.0,157.0,1094.0,151.0,1087.0,7.0,7.0,0.0,0.0,1.0,9.0,69.0,931.0,6.0,1015.0,c50c94b789741948,0,baseline-unpinned-legacy-q4.csv,unpinned
baseline,legacy,legacy-usleep50,-1,1,unpinned,4,4096,12,2,128,measure,7,1174.0,125.0,1165.0,119.0,1161.0,4.0,8.0,0.0,0.0,1.0,9.0,68.0,930.0,5.0,1013.0,c50c94b789741948,0,baseline-unpinned-legacy-q4.csv,unpinned
baseline,legacy,legacy-usleep50,-1,0,unpinned,4,4096,12,2,128,measure,8,1111.0,200.0,1100.0,193.0,1092.0,8.0,8.0,0.0,0.0,1.0,9.0,69.0,930.0,6.0,1014.0,c50c94b789741948,0,baseline-unpinned-legacy-q4.csv,unpinned
baseline,legacy,legacy-usleep50,-1,0,unpinned,4,4096,12,2,128,measure,9,1139.0,139.0,1129.0,133.0,1122.0,7.0,7.0,0.0,0.0,1.0,8.0,69.0,926.0,6.0,1009.0,c50c94b789741948,0,baseline-unpinned-legacy-q4.csv,unpinned
baseline,legacy,legacy-usleep50,-1,0,unpinned,4,4096,12,2,128,measure,10,1157.0,223.0,1147.0,217.0,1140.0,7.0,8.0,0.0,0.0,1.0,9.0,68.0,930.0,5.0,1012.0,c50c94b789741948,0,baseline-unpinned-legacy-q4.csv,unpinned
baseline,legacy,legacy-usleep50,-1,0,unpinned,4,4096,12,2,128,measure,11,1137.0,209.0,1127.0,203.0,1121.0,6.0,8.0,0.0,0.0,1.0,8.0,69.0,932.0,6.0,1015.0,c50c94b789741948,0,baseline-unpinned-legacy-q4.csv,unpinned
baseline,legacy,legacy-usleep50,-1,1,unpinned,4,4096,12,2,128,measure,12,1159.0,201.0,1150.0,195.0,1145.0,5.0,8.0,0.0,0.0,1.0,8.0,69.0,930.0,6.0,1013.0,c50c94b789741948,0,baseline-unpinned-legacy-q4.csv,unpinned
baseline,legacy,legacy-usleep50,-1,1,unpinned,4,4096,12,2,128,measure,13,1103.0,127.0,1093.0,122.0,1086.0,7.0,8.0,0.0,0.0,1.0,8.0,69.0,927.0,5.0,1009.0,c50c94b789741948,0,baseline-unpinned-legacy-q4.csv,unpinned
baseline,legacy,legacy-usleep50,-1,0,unpinned,4,4096,12,2,128,measure,14,1269.0,176.0,1258.0,170.0,1253.0,5.0,8.0,0.0,0.0,1.0,8.0,69.0,926.0,5.0,1008.0,c50c94b789741948,0,baseline-unpinned-legacy-q4.csv,unpinned
baseline,legacy,legacy-usleep50,-1,1,unpinned,4,4096,12,2,128,measure,15,1052.0,127.0,1043.0,121.0,1037.0,6.0,8.0,0.0,0.0,1.0,8.0,69.0,932.0,5.0,1014.0,c50c94b789741948,0,baseline-unpinned-legacy-q4.csv,unpinned
baseline,legacy,legacy-usleep50,-1,1,unpinned,4,4096,12,2,128,measure,16,1077.0,161.0,1067.0,156.0,1061.0,6.0,8.0,0.0,0.0,1.0,8.0,68.0,927.0,5.0,1009.0,c50c94b789741948,0,baseline-unpinned-legacy-q4.csv,unpinned
baseline,legacy,legacy-usleep50,-1,1,unpinned,4,4096,12,2,128,measure,17,1030.0,198.0,1021.0,192.0,1014.0,7.0,7.0,0.0,0.0,1.0,8.0,69.0,929.0,6.0,1012.0,c50c94b789741948,0,baseline-unpinned-legacy-q4.csv,unpinned
baseline,legacy,legacy-usleep50,-1,1,unpinned,4,4096,12,2,128,measure,18,1211.0,196.0,1201.0,191.0,1195.0,6.0,7.0,0.0,0.0,1.0,8.0,69.0,928.0,6.0,1012.0,c50c94b789741948,0,baseline-unpinned-legacy-q4.csv,unpinned
baseline,legacy,legacy-usleep50,-1,1,unpinned,4,4096,12,2,128,measure,19,1063.0,130.0,1054.0,124.0,1048.0,6.0,8.0,0.0,0.0,1.0,7.0,68.0,930.0,6.0,1012.0,c50c94b789741948,0,baseline-unpinned-legacy-q4.csv,unpinned
baseline,legacy,legacy-usleep50,-1,1,unpinned,8,4096,12,2,128,measure,0,1348.0,108.0,1341.0,104.0,1334.0,7.0,11.0,0.0,0.0,1.0,9.0,70.0,1185.0,10.0,1274.0,541717b1f7dc7b1c,0,baseline-unpinned-legacy-q8.csv,unpinned
baseline,legacy,legacy-usleep50,-1,1,unpinned,8,4096,12,2,128,measure,1,1351.0,104.0,1344.0,100.0,1341.0,3.0,11.0,0.0,0.0,1.0,8.0,70.0,1174.0,10.0,1262.0,541717b1f7dc7b1c,0,baseline-unpinned-legacy-q8.csv,unpinned
baseline,legacy,legacy-usleep50,-1,1,unpinned,8,4096,12,2,128,measure,2,1339.0,110.0,1332.0,106.0,1327.0,5.0,11.0,0.0,0.0,1.0,8.0,70.0,1187.0,10.0,1275.0,541717b1f7dc7b1c,0,baseline-unpinned-legacy-q8.csv,unpinned
baseline,legacy,legacy-usleep50,-1,5,unpinned,8,4096,12,2,128,measure,3,1418.0,231.0,1410.0,227.0,1405.0,5.0,10.0,0.0,0.0,1.0,8.0,69.0,1189.0,9.0,1276.0,541717b1f7dc7b1c,0,baseline-unpinned-legacy-q8.csv,unpinned
baseline,legacy,legacy-usleep50,-1,5,unpinned,8,4096,12,2,128,measure,4,1370.0,121.0,1363.0,116.0,1356.0,7.0,11.0,0.0,0.0,1.0,7.0,70.0,1181.0,10.0,1269.0,541717b1f7dc7b1c,0,baseline-unpinned-legacy-q8.csv,unpinned
baseline,legacy,legacy-usleep50,-1,0,unpinned,8,4096,12,2,128,measure,5,1390.0,165.0,1383.0,161.0,1379.0,4.0,11.0,0.0,0.0,1.0,8.0,70.0,1182.0,10.0,1271.0,541717b1f7dc7b1c,0,baseline-unpinned-legacy-q8.csv,unpinned
baseline,legacy,legacy-usleep50,-1,1,unpinned,8,4096,12,2,128,measure,6,1369.0,87.0,1360.0,83.0,1354.0,6.0,11.0,0.0,0.0,1.0,8.0,70.0,1182.0,10.0,1271.0,541717b1f7dc7b1c,0,baseline-unpinned-legacy-q8.csv,unpinned
baseline,legacy,legacy-usleep50,-1,0,unpinned,8,4096,12,2,128,measure,7,1383.0,149.0,1376.0,145.0,1370.0,6.0,11.0,0.0,0.0,1.0,8.0,70.0,1181.0,10.0,1270.0,541717b1f7dc7b1c,0,baseline-unpinned-legacy-q8.csv,unpinned
baseline,legacy,legacy-usleep50,-1,1,unpinned,8,4096,12,2,128,measure,8,1313.0,66.0,1306.0,62.0,1301.0,5.0,11.0,0.0,0.0,1.0,8.0,69.0,1185.0,10.0,1273.0,541717b1f7dc7b1c,0,baseline-unpinned-legacy-q8.csv,unpinned
baseline,legacy,legacy-usleep50,-1,1,unpinned,8,4096,12,2,128,measure,9,1360.0,89.0,1354.0,85.0,1350.0,4.0,11.0,0.0,0.0,1.0,8.0,69.0,1181.0,9.0,1268.0,541717b1f7dc7b1c,0,baseline-unpinned-legacy-q8.csv,unpinned
baseline,legacy,legacy-usleep50,-1,4,unpinned,8,4096,12,2,128,measure,10,1273.0,203.0,1268.0,200.0,1263.0,5.0,10.0,0.0,0.0,1.0,8.0,69.0,1104.0,10.0,1192.0,541717b1f7dc7b1c,0,baseline-unpinned-legacy-q8.csv,unpinned
baseline,legacy,legacy-usleep50,-1,5,unpinned,8,4096,12,2,128,measure,11,1201.0,45.0,1197.0,43.0,1195.0,2.0,11.0,0.0,0.0,1.0,8.0,70.0,1090.0,10.0,1178.0,541717b1f7dc7b1c,0,baseline-unpinned-legacy-q8.csv,unpinned
baseline,legacy,legacy-usleep50,-1,5,unpinned,8,4096,12,2,128,measure,12,1296.0,24.0,1293.0,22.0,1291.0,2.0,12.0,0.0,0.0,1.0,8.0,70.0,1137.0,10.0,1225.0,541717b1f7dc7b1c,0,baseline-unpinned-legacy-q8.csv,unpinned
baseline,legacy,legacy-usleep50,-1,5,unpinned,8,4096,12,2,128,measure,13,1280.0,22.0,1277.0,20.0,1275.0,2.0,12.0,0.0,0.0,1.0,8.0,70.0,1133.0,10.0,1221.0,541717b1f7dc7b1c,0,baseline-unpinned-legacy-q8.csv,unpinned
baseline,legacy,legacy-usleep50,-1,5,unpinned,8,4096,12,2,128,measure,14,1246.0,38.0,1241.0,35.0,1238.0,3.0,11.0,0.0,0.0,1.0,8.0,70.0,1122.0,10.0,1210.0,541717b1f7dc7b1c,0,baseline-unpinned-legacy-q8.csv,unpinned
baseline,legacy,legacy-usleep50,-1,5,unpinned,8,4096,12,2,128,measure,15,1357.0,122.0,1350.0,118.0,1344.0,6.0,11.0,0.0,0.0,1.0,9.0,70.0,1171.0,10.0,1260.0,541717b1f7dc7b1c,0,baseline-unpinned-legacy-q8.csv,unpinned
baseline,legacy,legacy-usleep50,-1,5,unpinned,8,4096,12,2,128,measure,16,1343.0,103.0,1337.0,99.0,1326.0,11.0,11.0,0.0,0.0,1.0,8.0,70.0,1174.0,10.0,1263.0,541717b1f7dc7b1c,0,baseline-unpinned-legacy-q8.csv,unpinned
baseline,legacy,legacy-usleep50,-1,5,unpinned,8,4096,12,2,128,measure,17,1379.0,119.0,1371.0,115.0,1364.0,7.0,11.0,0.0,0.0,1.0,8.0,69.0,1155.0,9.0,1242.0,541717b1f7dc7b1c,0,baseline-unpinned-legacy-q8.csv,unpinned
baseline,legacy,legacy-usleep50,-1,5,unpinned,8,4096,12,2,128,measure,18,1346.0,120.0,1338.0,116.0,1332.0,6.0,11.0,0.0,0.0,1.0,8.0,69.0,1166.0,10.0,1254.0,541717b1f7dc7b1c,0,baseline-unpinned-legacy-q8.csv,unpinned
baseline,legacy,legacy-usleep50,-1,5,unpinned,8,4096,12,2,128,measure,19,1380.0,112.0,1374.0,108.0,1367.0,7.0,11.0,0.0,0.0,1.0,8.0,70.0,1169.0,10.0,1257.0,541717b1f7dc7b1c,0,baseline-unpinned-legacy-q8.csv,unpinned
baseline,predictive,predictive-sleep-spin,-1,5,unpinned,16,4096,12,2,128,measure,0,1618.0,93.0,1611.0,88.0,1529.0,82.0,6240.0,1546.0,65.0,1.0,8.0,72.0,1504.0,18.0,1602.0,f9e012e63c1c7864,0,baseline-unpinned-predictive-q16.csv,unpinned
baseline,predictive,predictive-sleep-spin,-1,5,unpinned,16,4096,12,2,128,measure,1,1611.0,87.0,1604.0,83.0,1527.0,77.0,5864.0,1546.0,58.0,1.0,9.0,72.0,1497.0,18.0,1596.0,f9e012e63c1c7864,0,baseline-unpinned-predictive-q16.csv,unpinned
baseline,predictive,predictive-sleep-spin,-1,5,unpinned,16,4096,12,2,128,measure,2,1614.0,91.0,1607.0,86.0,1527.0,80.0,6102.0,1546.0,61.0,1.0,9.0,71.0,1501.0,17.0,1598.0,f9e012e63c1c7864,0,baseline-unpinned-predictive-q16.csv,unpinned
baseline,predictive,predictive-sleep-spin,-1,5,unpinned,16,4096,12,2,128,measure,3,1624.0,101.0,1617.0,97.0,1526.0,91.0,6978.0,1546.0,71.0,1.0,8.0,71.0,1510.0,18.0,1608.0,f9e012e63c1c7864,0,baseline-unpinned-predictive-q16.csv,unpinned
baseline,predictive,predictive-sleep-spin,-1,5,unpinned,16,4096,12,2,128,measure,4,1537.0,27.0,1534.0,25.0,1510.0,24.0,4501.0,1546.0,-12.0,1.0,7.0,71.0,1429.0,17.0,1525.0,f9e012e63c1c7864,0,baseline-unpinned-predictive-q16.csv,unpinned
baseline,predictive,predictive-sleep-spin,-1,5,unpinned,16,4096,12,2,128,measure,5,1534.0,26.0,1531.0,24.0,1509.0,22.0,4022.0,1546.0,-15.0,1.0,8.0,72.0,1425.0,17.0,1522.0,f9e012e63c1c7864,0,baseline-unpinned-predictive-q16.csv,unpinned
baseline,predictive,predictive-sleep-spin,-1,5,unpinned,16,4096,12,2,128,measure,6,1534.0,24.0,1531.0,23.0,1510.0,21.0,3737.0,1546.0,-15.0,1.0,8.0,72.0,1426.0,17.0,1523.0,f9e012e63c1c7864,0,baseline-unpinned-predictive-q16.csv,unpinned
baseline,predictive,predictive-sleep-spin,-1,5,unpinned,16,4096,12,2,128,measure,7,1592.0,67.0,1585.0,64.0,1526.0,59.0,4614.0,1546.0,39.0,1.0,8.0,71.0,1480.0,17.0,1576.0,f9e012e63c1c7864,0,baseline-unpinned-predictive-q16.csv,unpinned
baseline,predictive,predictive-sleep-spin,-1,5,unpinned,16,4096,12,2,128,measure,8,1611.0,88.0,1604.0,84.0,1527.0,77.0,5945.0,1546.0,58.0,1.0,8.0,71.0,1498.0,18.0,1596.0,f9e012e63c1c7864,0,baseline-unpinned-predictive-q16.csv,unpinned
baseline,predictive,predictive-sleep-spin,-1,5,unpinned,16,4096,12,2,128,measure,9,1622.0,97.0,1615.0,93.0,1528.0,87.0,6659.0,1546.0,69.0,1.0,8.0,72.0,1508.0,18.0,1606.0,f9e012e63c1c7864,0,baseline-unpinned-predictive-q16.csv,unpinned
baseline,predictive,predictive-sleep-spin,-1,5,unpinned,16,4096,12,2,128,measure,10,1619.0,95.0,1612.0,91.0,1527.0,85.0,6494.0,1546.0,66.0,1.0,8.0,72.0,1504.0,18.0,1602.0,f9e012e63c1c7864,0,baseline-unpinned-predictive-q16.csv,unpinned
baseline,predictive,predictive-sleep-spin,-1,5,unpinned,16,4096,12,2,128,measure,11,1601.0,80.0,1595.0,76.0,1526.0,69.0,5231.0,1546.0,49.0,1.0,9.0,71.0,1487.0,18.0,1585.0,f9e012e63c1c7864,0,baseline-unpinned-predictive-q16.csv,unpinned
baseline,predictive,predictive-sleep-spin,-1,5,unpinned,16,4096,12,2,128,measure,12,1615.0,92.0,1608.0,88.0,1526.0,82.0,6267.0,1546.0,62.0,1.0,9.0,72.0,1502.0,17.0,1600.0,f9e012e63c1c7864,0,baseline-unpinned-predictive-q16.csv,unpinned
baseline,predictive,predictive-sleep-spin,-1,5,unpinned,16,4096,12,2,128,measure,13,1603.0,80.0,1596.0,76.0,1526.0,70.0,5329.0,1546.0,50.0,1.0,8.0,72.0,1490.0,17.0,1587.0,f9e012e63c1c7864,0,baseline-unpinned-predictive-q16.csv,unpinned
baseline,predictive,predictive-sleep-spin,-1,5,unpinned,16,4096,12,2,128,measure,14,1579.0,54.0,1571.0,50.0,1527.0,44.0,3245.0,1546.0,25.0,1.0,8.0,71.0,1464.0,18.0,1562.0,f9e012e63c1c7864,0,baseline-unpinned-predictive-q16.csv,unpinned
baseline,predictive,predictive-sleep-spin,-1,5,unpinned,16,4096,12,2,128,measure,15,1610.0,87.0,1603.0,83.0,1526.0,77.0,5834.0,1546.0,57.0,1.0,9.0,71.0,1496.0,18.0,1594.0,f9e012e63c1c7864,0,baseline-unpinned-predictive-q16.csv,unpinned
baseline,predictive,predictive-sleep-spin,-1,5,unpinned,16,4096,12,2,128,measure,16,1616.0,93.0,1609.0,89.0,1527.0,82.0,6278.0,1546.0,63.0,1.0,9.0,72.0,1500.0,18.0,1599.0,f9e012e63c1c7864,0,baseline-unpinned-predictive-q16.csv,unpinned
baseline,predictive,predictive-sleep-spin,-1,5,unpinned,16,4096,12,2,128,measure,17,1611.0,86.0,1605.0,82.0,1529.0,76.0,5810.0,1546.0,59.0,1.0,8.0,71.0,1498.0,17.0,1595.0,f9e012e63c1c7864,0,baseline-unpinned-predictive-q16.csv,unpinned
baseline,predictive,predictive-sleep-spin,-1,5,unpinned,16,4096,12,2,128,measure,18,1572.0,51.0,1565.0,47.0,1525.0,40.0,2936.0,1546.0,19.0,1.0,9.0,71.0,1458.0,17.0,1556.0,f9e012e63c1c7864,0,baseline-unpinned-predictive-q16.csv,unpinned
baseline,predictive,predictive-sleep-spin,-1,5,unpinned,16,4096,12,2,128,measure,19,1590.0,66.0,1582.0,62.0,1526.0,56.0,4219.0,1546.0,36.0,1.0,9.0,71.0,1475.0,18.0,1574.0,f9e012e63c1c7864,0,baseline-unpinned-predictive-q16.csv,unpinned
baseline,predictive,predictive-sleep-spin,-1,1,unpinned,32,4096,12,2,128,measure,0,2191.0,172.0,2183.0,167.0,2029.0,154.0,11791.0,2042.0,141.0,1.0,8.0,76.0,2056.0,34.0,2174.0,23e201cc6e23589a,0,baseline-unpinned-predictive-q32.csv,unpinned
baseline,predictive,predictive-sleep-spin,-1,1,unpinned,32,4096,12,2,128,measure,1,2132.0,103.0,2125.0,98.0,2035.0,90.0,6878.0,2042.0,83.0,1.0,7.0,75.0,2000.0,33.0,2116.0,23e201cc6e23589a,0,baseline-unpinned-predictive-q32.csv,unpinned
baseline,predictive,predictive-sleep-spin,-1,1,unpinned,32,4096,12,2,128,measure,2,2167.0,145.0,2159.0,141.0,2028.0,131.0,10131.0,2042.0,117.0,1.0,8.0,75.0,2035.0,33.0,2151.0,23e201cc6e23589a,0,baseline-unpinned-predictive-q32.csv,unpinned
baseline,predictive,predictive-sleep-spin,-1,1,unpinned,32,4096,12,2,128,measure,3,2148.0,131.0,2140.0,126.0,2023.0,117.0,9050.0,2042.0,98.0,1.0,8.0,75.0,2016.0,33.0,2132.0,23e201cc6e23589a,0,baseline-unpinned-predictive-q32.csv,unpinned
baseline,predictive,predictive-sleep-spin,-1,1,unpinned,32,4096,12,2,128,measure,4,2134.0,118.0,2127.0,113.0,2022.0,105.0,8045.0,2042.0,85.0,1.0,8.0,75.0,2002.0,33.0,2118.0,23e201cc6e23589a,0,baseline-unpinned-predictive-q32.csv,unpinned
baseline,predictive,predictive-sleep-spin,-1,1,unpinned,32,4096,12,2,128,measure,5,2106.0,89.0,2100.0,86.0,2023.0,77.0,5839.0,2042.0,58.0,1.0,8.0,76.0,1974.0,33.0,2091.0,23e201cc6e23589a,0,baseline-unpinned-predictive-q32.csv,unpinned
baseline,predictive,predictive-sleep-spin,-1,1,unpinned,32,4096,12,2,128,measure,6,2098.0,82.0,2090.0,78.0,2021.0,69.0,5294.0,2042.0,48.0,1.0,9.0,75.0,1965.0,33.0,2082.0,23e201cc6e23589a,0,baseline-unpinned-predictive-q32.csv,unpinned
baseline,predictive,predictive-sleep-spin,-1,5,unpinned,32,4096,12,2,128,measure,7,2016.0,16.0,2013.0,14.0,2010.0,3.0,1100.0,2042.0,-29.0,1.0,8.0,75.0,1889.0,33.0,2005.0,23e201cc6e23589a,0,baseline-unpinned-predictive-q32.csv,unpinned
baseline,predictive,predictive-sleep-spin,-1,5,unpinned,32,4096,12,2,128,measure,8,2006.0,4.0,2004.0,3.0,2003.0,1.0,1.0,2042.0,-38.0,1.0,8.0,75.0,1878.0,33.0,1994.0,23e201cc6e23589a,0,baseline-unpinned-predictive-q32.csv,unpinned
baseline,predictive,predictive-sleep-spin,-1,5,unpinned,32,4096,12,2,128,measure,9,2005.0,2.0,2004.0,1.0,2003.0,1.0,1.0,2042.0,-38.0,1.0,8.0,75.0,1876.0,33.0,1992.0,23e201cc6e23589a,0,baseline-unpinned-predictive-q32.csv,unpinned
baseline,predictive,predictive-sleep-spin,-1,0,unpinned,32,4096,12,2,128,measure,10,2012.0,12.0,2010.0,10.0,2009.0,1.0,1.0,2042.0,-32.0,1.0,8.0,75.0,1880.0,33.0,1996.0,23e201cc6e23589a,0,baseline-unpinned-predictive-q32.csv,unpinned
baseline,predictive,predictive-sleep-spin,-1,0,unpinned,32,4096,12,2,128,measure,11,2019.0,15.0,2016.0,15.0,2002.0,14.0,4433.0,2042.0,-26.0,1.0,8.0,75.0,1891.0,33.0,2007.0,23e201cc6e23589a,0,baseline-unpinned-predictive-q32.csv,unpinned
baseline,predictive,predictive-sleep-spin,-1,0,unpinned,32,4096,12,2,128,measure,12,2015.0,13.0,2013.0,11.0,2003.0,10.0,3366.0,2042.0,-29.0,1.0,9.0,75.0,1888.0,34.0,2006.0,23e201cc6e23589a,0,baseline-unpinned-predictive-q32.csv,unpinned
baseline,predictive,predictive-sleep-spin,-1,0,unpinned,32,4096,12,2,128,measure,13,2038.0,33.0,2036.0,32.0,2006.0,30.0,7215.0,2042.0,-6.0,1.0,9.0,75.0,1910.0,33.0,2027.0,23e201cc6e23589a,0,baseline-unpinned-predictive-q32.csv,unpinned
baseline,predictive,predictive-sleep-spin,-1,0,unpinned,32,4096,12,2,128,measure,14,2049.0,44.0,2047.0,42.0,2005.0,42.0,10241.0,2042.0,5.0,1.0,9.0,75.0,1921.0,33.0,2038.0,23e201cc6e23589a,0,baseline-unpinned-predictive-q32.csv,unpinned
baseline,predictive,predictive-sleep-spin,-1,0,unpinned,32,4096,12,2,128,measure,15,2042.0,36.0,2040.0,36.0,2006.0,34.0,8477.0,2042.0,-2.0,1.0,8.0,75.0,1913.0,33.0,2030.0,23e201cc6e23589a,0,baseline-unpinned-predictive-q32.csv,unpinned
baseline,predictive,predictive-sleep-spin,-1,0,unpinned,32,4096,12,2,128,measure,16,2058.0,55.0,2056.0,53.0,2004.0,52.0,12933.0,2042.0,14.0,1.0,8.0,75.0,1929.0,33.0,2046.0,23e201cc6e23589a,0,baseline-unpinned-predictive-q32.csv,unpinned
baseline,predictive,predictive-sleep-spin,-1,0,unpinned,32,4096,12,2,128,measure,17,2048.0,44.0,2047.0,43.0,2004.0,43.0,10543.0,2042.0,5.0,1.0,9.0,75.0,1921.0,33.0,2038.0,23e201cc6e23589a,0,baseline-unpinned-predictive-q32.csv,unpinned
baseline,predictive,predictive-sleep-spin,-1,0,unpinned,32,4096,12,2,128,measure,18,2060.0,55.0,2057.0,54.0,2004.0,53.0,13313.0,2042.0,15.0,1.0,9.0,75.0,1929.0,34.0,2048.0,23e201cc6e23589a,0,baseline-unpinned-predictive-q32.csv,unpinned
baseline,predictive,predictive-sleep-spin,-1,0,unpinned,32,4096,12,2,128,measure,19,2060.0,53.0,2058.0,51.0,2007.0,51.0,11015.0,2042.0,16.0,1.0,9.0,75.0,1931.0,33.0,2049.0,23e201cc6e23589a,0,baseline-unpinned-predictive-q32.csv,unpinned
baseline,predictive,predictive-sleep-spin,-1,0,unpinned,4,4096,12,2,128,measure,0,927.0,39.0,924.0,38.0,890.0,34.0,7583.0,926.0,-2.0,0.0,7.0,68.0,835.0,6.0,917.0,c50c94b789741948,0,baseline-unpinned-predictive-q4.csv,unpinned
baseline,predictive,predictive-sleep-spin,-1,0,unpinned,4,4096,12,2,128,measure,1,934.0,44.0,933.0,44.0,890.0,43.0,9064.0,926.0,7.0,0.0,7.0,68.0,842.0,6.0,924.0,c50c94b789741948,0,baseline-unpinned-predictive-q4.csv,unpinned
baseline,predictive,predictive-sleep-spin,-1,0,unpinned,4,4096,12,2,128,measure,2,934.0,45.0,931.0,44.0,889.0,42.0,8990.0,926.0,5.0,0.0,7.0,68.0,842.0,6.0,923.0,c50c94b789741948,0,baseline-unpinned-predictive-q4.csv,unpinned
baseline,predictive,predictive-sleep-spin,-1,0,unpinned,4,4096,12,2,128,measure,3,937.0,48.0,935.0,46.0,890.0,45.0,9755.0,926.0,9.0,0.0,7.0,69.0,846.0,5.0,927.0,c50c94b789741948,0,baseline-unpinned-predictive-q4.csv,unpinned
baseline,predictive,predictive-sleep-spin,-1,0,unpinned,4,4096,12,2,128,measure,4,934.0,46.0,931.0,44.0,890.0,41.0,9161.0,926.0,5.0,0.0,8.0,69.0,841.0,6.0,924.0,c50c94b789741948,0,baseline-unpinned-predictive-q4.csv,unpinned
baseline,predictive,predictive-sleep-spin,-1,0,unpinned,4,4096,12,2,128,measure,5,937.0,48.0,934.0,46.0,890.0,44.0,9676.0,926.0,8.0,0.0,8.0,69.0,844.0,6.0,927.0,c50c94b789741948,0,baseline-unpinned-predictive-q4.csv,unpinned
baseline,predictive,predictive-sleep-spin,-1,0,unpinned,4,4096,12,2,128,measure,6,932.0,43.0,930.0,41.0,890.0,40.0,8549.0,926.0,4.0,0.0,8.0,69.0,840.0,5.0,922.0,c50c94b789741948,0,baseline-unpinned-predictive-q4.csv,unpinned
baseline,predictive,predictive-sleep-spin,-1,0,unpinned,4,4096,12,2,128,measure,7,933.0,43.0,931.0,42.0,890.0,41.0,8862.0,926.0,5.0,0.0,7.0,68.0,842.0,5.0,923.0,c50c94b789741948,0,baseline-unpinned-predictive-q4.csv,unpinned
baseline,predictive,predictive-sleep-spin,-1,0,unpinned,4,4096,12,2,128,measure,8,935.0,45.0,932.0,43.0,889.0,43.0,9138.0,926.0,6.0,0.0,7.0,69.0,842.0,6.0,924.0,c50c94b789741948,0,baseline-unpinned-predictive-q4.csv,unpinned
baseline,predictive,predictive-sleep-spin,-1,0,unpinned,4,4096,12,2,128,measure,9,943.0,15.0,937.0,12.0,936.0,1.0,1.0,926.0,11.0,0.0,8.0,69.0,839.0,5.0,921.0,c50c94b789741948,0,baseline-unpinned-predictive-q4.csv,unpinned
baseline,predictive,predictive-sleep-spin,-1,0,unpinned,4,4096,12,2,128,measure,10,994.0,6.0,982.0,4.0,980.0,2.0,1.0,926.0,56.0,0.0,8.0,69.0,842.0,6.0,925.0,c50c94b789741948,0,baseline-unpinned-predictive-q4.csv,unpinned
baseline,predictive,predictive-sleep-spin,-1,1,unpinned,4,4096,12,2,128,measure,11,947.0,44.0,941.0,40.0,910.0,31.0,2137.0,926.0,15.0,0.0,8.0,68.0,850.0,6.0,932.0,c50c94b789741948,0,baseline-unpinned-predictive-q4.csv,unpinned
baseline,predictive,predictive-sleep-spin,-1,1,unpinned,4,4096,12,2,128,measure,12,938.0,31.0,931.0,27.0,911.0,20.0,1354.0,926.0,5.0,0.0,8.0,69.0,840.0,6.0,923.0,c50c94b789741948,0,baseline-unpinned-predictive-q4.csv,unpinned
baseline,predictive,predictive-sleep-spin,-1,1,unpinned,4,4096,12,2,128,measure,13,941.0,38.0,934.0,34.0,909.0,25.0,1813.0,926.0,8.0,0.0,7.0,68.0,845.0,5.0,926.0,c50c94b789741948,0,baseline-unpinned-predictive-q4.csv,unpinned
baseline,predictive,predictive-sleep-spin,-1,1,unpinned,4,4096,12,2,128,measure,14,939.0,37.0,931.0,33.0,907.0,24.0,1731.0,926.0,5.0,0.0,9.0,68.0,840.0,6.0,923.0,c50c94b789741948,0,baseline-unpinned-predictive-q4.csv,unpinned
baseline,predictive,predictive-sleep-spin,-1,1,unpinned,4,4096,12,2,128,measure,15,938.0,36.0,932.0,32.0,908.0,24.0,1723.0,926.0,6.0,0.0,8.0,69.0,842.0,5.0,924.0,c50c94b789741948,0,baseline-unpinned-predictive-q4.csv,unpinned
baseline,predictive,predictive-sleep-spin,-1,1,unpinned,4,4096,12,2,128,measure,16,943.0,42.0,935.0,37.0,907.0,28.0,2049.0,926.0,9.0,0.0,7.0,68.0,846.0,6.0,928.0,c50c94b789741948,0,baseline-unpinned-predictive-q4.csv,unpinned
baseline,predictive,predictive-sleep-spin,-1,1,unpinned,4,4096,12,2,128,measure,17,934.0,31.0,927.0,27.0,909.0,18.0,1306.0,926.0,1.0,0.0,7.0,69.0,837.0,6.0,919.0,c50c94b789741948,0,baseline-unpinned-predictive-q4.csv,unpinned
baseline,predictive,predictive-sleep-spin,-1,1,unpinned,4,4096,12,2,128,measure,18,928.0,27.0,921.0,23.0,907.0,14.0,919.0,926.0,-5.0,0.0,6.0,68.0,832.0,6.0,913.0,c50c94b789741948,0,baseline-unpinned-predictive-q4.csv,unpinned
baseline,predictive,predictive-sleep-spin,-1,1,unpinned,4,4096,12,2,128,measure,19,935.0,33.0,928.0,29.0,908.0,20.0,1464.0,926.0,2.0,0.0,7.0,68.0,839.0,5.0,920.0,c50c94b789741948,0,baseline-unpinned-predictive-q4.csv,unpinned
baseline,predictive,predictive-sleep-spin,-1,1,unpinned,8,4096,12,2,128,measure,0,1322.0,114.0,1315.0,109.0,1211.0,104.0,7944.0,1280.0,35.0,0.0,9.0,70.0,1216.0,10.0,1306.0,541717b1f7dc7b1c,0,baseline-unpinned-predictive-q8.csv,unpinned
baseline,predictive,predictive-sleep-spin,-1,1,unpinned,8,4096,12,2,128,measure,1,1316.0,60.0,1309.0,56.0,1260.0,49.0,3619.0,1280.0,29.0,0.0,9.0,69.0,1212.0,9.0,1300.0,541717b1f7dc7b1c,0,baseline-unpinned-predictive-q8.csv,unpinned
baseline,predictive,predictive-sleep-spin,-1,1,unpinned,8,4096,12,2,128,measure,2,1298.0,40.0,1291.0,36.0,1262.0,29.0,2169.0,1280.0,11.0,0.0,8.0,70.0,1194.0,9.0,1282.0,541717b1f7dc7b1c,0,baseline-unpinned-predictive-q8.csv,unpinned
baseline,predictive,predictive-sleep-spin,-1,1,unpinned,8,4096,12,2,128,measure,3,1314.0,58.0,1307.0,54.0,1261.0,46.0,3515.0,1280.0,27.0,0.0,9.0,69.0,1211.0,9.0,1298.0,541717b1f7dc7b1c,0,baseline-unpinned-predictive-q8.csv,unpinned
baseline,predictive,predictive-sleep-spin,-1,1,unpinned,8,4096,12,2,128,measure,4,1307.0,49.0,1300.0,45.0,1261.0,39.0,2883.0,1280.0,20.0,0.0,9.0,69.0,1203.0,9.0,1291.0,541717b1f7dc7b1c,0,baseline-unpinned-predictive-q8.csv,unpinned
baseline,predictive,predictive-sleep-spin,-1,1,unpinned,8,4096,12,2,128,measure,5,1317.0,61.0,1310.0,57.0,1260.0,50.0,3752.0,1280.0,30.0,0.0,9.0,70.0,1213.0,9.0,1302.0,541717b1f7dc7b1c,0,baseline-unpinned-predictive-q8.csv,unpinned
baseline,predictive,predictive-sleep-spin,-1,1,unpinned,8,4096,12,2,128,measure,6,1305.0,46.0,1297.0,43.0,1261.0,36.0,2669.0,1280.0,17.0,0.0,8.0,70.0,1201.0,9.0,1289.0,541717b1f7dc7b1c,0,baseline-unpinned-predictive-q8.csv,unpinned
baseline,predictive,predictive-sleep-spin,-1,1,unpinned,8,4096,12,2,128,measure,7,1324.0,68.0,1317.0,64.0,1261.0,56.0,4294.0,1280.0,37.0,0.0,8.0,69.0,1220.0,10.0,1308.0,541717b1f7dc7b1c,0,baseline-unpinned-predictive-q8.csv,unpinned
baseline,predictive,predictive-sleep-spin,-1,1,unpinned,8,4096,12,2,128,measure,8,1324.0,67.0,1318.0,63.0,1261.0,57.0,4287.0,1280.0,38.0,0.0,8.0,70.0,1220.0,10.0,1309.0,541717b1f7dc7b1c,0,baseline-unpinned-predictive-q8.csv,unpinned
baseline,predictive,predictive-sleep-spin,-1,1,unpinned,8,4096,12,2,128,measure,9,1301.0,45.0,1295.0,41.0,1260.0,35.0,2560.0,1280.0,15.0,0.0,8.0,70.0,1198.0,9.0,1286.0,541717b1f7dc7b1c,0,baseline-unpinned-predictive-q8.csv,unpinned
baseline,predictive,predictive-sleep-spin,-1,1,unpinned,8,4096,12,2,128,measure,10,1304.0,48.0,1297.0,44.0,1260.0,37.0,2758.0,1280.0,17.0,0.0,9.0,70.0,1199.0,10.0,1288.0,541717b1f7dc7b1c,0,baseline-unpinned-predictive-q8.csv,unpinned
baseline,predictive,predictive-sleep-spin,-1,1,unpinned,8,4096,12,2,128,measure,11,1301.0,44.0,1294.0,40.0,1261.0,33.0,2469.0,1280.0,14.0,0.0,9.0,69.0,1197.0,9.0,1285.0,541717b1f7dc7b1c,0,baseline-unpinned-predictive-q8.csv,unpinned
baseline,predictive,predictive-sleep-spin,-1,1,unpinned,8,4096,12,2,128,measure,12,1315.0,58.0,1308.0,54.0,1260.0,48.0,3689.0,1280.0,28.0,0.0,8.0,70.0,1210.0,10.0,1299.0,541717b1f7dc7b1c,0,baseline-unpinned-predictive-q8.csv,unpinned
baseline,predictive,predictive-sleep-spin,-1,1,unpinned,8,4096,12,2,128,measure,13,1305.0,51.0,1299.0,46.0,1260.0,39.0,2900.0,1280.0,19.0,0.0,9.0,70.0,1201.0,9.0,1290.0,541717b1f7dc7b1c,0,baseline-unpinned-predictive-q8.csv,unpinned
baseline,predictive,predictive-sleep-spin,-1,1,unpinned,8,4096,12,2,128,measure,14,1313.0,56.0,1306.0,52.0,1261.0,45.0,3440.0,1280.0,26.0,0.0,9.0,70.0,1208.0,10.0,1297.0,541717b1f7dc7b1c,0,baseline-unpinned-predictive-q8.csv,unpinned
baseline,predictive,predictive-sleep-spin,-1,1,unpinned,8,4096,12,2,128,measure,15,1325.0,68.0,1318.0,63.0,1261.0,57.0,4366.0,1280.0,38.0,0.0,8.0,70.0,1221.0,9.0,1309.0,541717b1f7dc7b1c,0,baseline-unpinned-predictive-q8.csv,unpinned
baseline,predictive,predictive-sleep-spin,-1,1,unpinned,8,4096,12,2,128,measure,16,1315.0,59.0,1309.0,55.0,1260.0,49.0,3692.0,1280.0,29.0,0.0,9.0,69.0,1212.0,9.0,1300.0,541717b1f7dc7b1c,0,baseline-unpinned-predictive-q8.csv,unpinned
baseline,predictive,predictive-sleep-spin,-1,1,unpinned,8,4096,12,2,128,measure,17,1325.0,68.0,1318.0,63.0,1261.0,57.0,4311.0,1280.0,38.0,0.0,8.0,70.0,1220.0,10.0,1309.0,541717b1f7dc7b1c,0,baseline-unpinned-predictive-q8.csv,unpinned
baseline,predictive,predictive-sleep-spin,-1,1,unpinned,8,4096,12,2,128,measure,18,1267.0,15.0,1261.0,12.0,1254.0,7.0,508.0,1280.0,-19.0,0.0,9.0,70.0,1164.0,9.0,1253.0,541717b1f7dc7b1c,0,baseline-unpinned-predictive-q8.csv,unpinned
baseline,predictive,predictive-sleep-spin,-1,1,unpinned,8,4096,12,2,128,measure,19,1287.0,37.0,1282.0,34.0,1253.0,29.0,2920.0,1280.0,2.0,0.0,8.0,70.0,1184.0,9.0,1272.0,541717b1f7dc7b1c,0,baseline-unpinned-predictive-q8.csv,unpinned
baseline,spin,spin,-1,5,unpinned,16,4096,12,2,128,measure,0,1479.0,1447.0,1475.0,1444.0,0.0,1475.0,196290.0,0.0,0.0,0.0,8.0,72.0,1369.0,17.0,1466.0,f9e012e63c1c7864,0,baseline-unpinned-spin-q16.csv,unpinned
baseline,spin,spin,-1,5,unpinned,16,4096,12,2,128,measure,1,1570.0,1486.0,1473.0,1473.0,0.0,1473.0,200902.0,0.0,0.0,0.0,7.0,72.0,1368.0,17.0,1464.0,f9e012e63c1c7864,0,baseline-unpinned-spin-q16.csv,unpinned
baseline,spin,spin,-1,0,unpinned,16,4096,12,2,128,measure,2,1482.0,1407.0,1478.0,1405.0,0.0,1478.0,190139.0,0.0,0.0,0.0,8.0,71.0,1371.0,17.0,1468.0,f9e012e63c1c7864,0,baseline-unpinned-spin-q16.csv,unpinned
baseline,spin,spin,-1,0,unpinned,16,4096,12,2,128,measure,3,1579.0,1488.0,1476.0,1476.0,0.0,1476.0,201312.0,0.0,0.0,0.0,7.0,72.0,1370.0,18.0,1468.0,f9e012e63c1c7864,0,baseline-unpinned-spin-q16.csv,unpinned
baseline,spin,spin,-1,1,unpinned,16,4096,12,2,128,measure,4,1477.0,1475.0,1473.0,1472.0,0.0,1473.0,200705.0,0.0,0.0,0.0,7.0,71.0,1366.0,17.0,1462.0,f9e012e63c1c7864,0,baseline-unpinned-spin-q16.csv,unpinned
baseline,spin,spin,-1,1,unpinned,16,4096,12,2,128,measure,5,1601.0,1486.0,1472.0,1473.0,0.0,1472.0,200812.0,0.0,0.0,0.0,8.0,71.0,1367.0,17.0,1464.0,f9e012e63c1c7864,0,baseline-unpinned-spin-q16.csv,unpinned
baseline,spin,spin,-1,1,unpinned,16,4096,12,2,128,measure,6,1475.0,1473.0,1471.0,1471.0,0.0,1471.0,200673.0,0.0,0.0,0.0,8.0,71.0,1367.0,16.0,1463.0,f9e012e63c1c7864,0,baseline-unpinned-spin-q16.csv,unpinned
baseline,spin,spin,-1,0,unpinned,16,4096,12,2,128,measure,7,1429.0,1420.0,1426.0,1419.0,0.0,1426.0,306312.0,0.0,0.0,0.0,8.0,72.0,1322.0,16.0,1418.0,f9e012e63c1c7864,0,baseline-unpinned-spin-q16.csv,unpinned
baseline,spin,spin,-1,0,unpinned,16,4096,12,2,128,measure,8,1441.0,1439.0,1438.0,1438.0,0.0,1438.0,278518.0,0.0,0.0,0.0,8.0,72.0,1332.0,17.0,1429.0,f9e012e63c1c7864,0,baseline-unpinned-spin-q16.csv,unpinned
baseline,spin,spin,-1,0,unpinned,16,4096,12,2,128,measure,9,1440.0,1438.0,1437.0,1437.0,0.0,1437.0,278280.0,0.0,0.0,0.0,7.0,71.0,1333.0,17.0,1428.0,f9e012e63c1c7864,0,baseline-unpinned-spin-q16.csv,unpinned
baseline,spin,spin,-1,0,unpinned,16,4096,12,2,128,measure,10,1469.0,1436.0,1436.0,1427.0,0.0,1436.0,275925.0,0.0,0.0,0.0,7.0,71.0,1331.0,17.0,1427.0,f9e012e63c1c7864,0,baseline-unpinned-spin-q16.csv,unpinned
baseline,spin,spin,-1,0,unpinned,16,4096,12,2,128,measure,11,1441.0,1414.0,1438.0,1412.0,0.0,1438.0,272814.0,0.0,0.0,0.0,8.0,72.0,1332.0,17.0,1429.0,f9e012e63c1c7864,0,baseline-unpinned-spin-q16.csv,unpinned
baseline,spin,spin,-1,0,unpinned,16,4096,12,2,128,measure,12,1438.0,1412.0,1434.0,1410.0,0.0,1434.0,272428.0,0.0,0.0,0.0,8.0,72.0,1329.0,17.0,1426.0,f9e012e63c1c7864,0,baseline-unpinned-spin-q16.csv,unpinned
baseline,spin,spin,-1,0,unpinned,16,4096,12,2,128,measure,13,1438.0,1438.0,1436.0,1436.0,0.0,1436.0,278063.0,0.0,0.0,0.0,7.0,72.0,1330.0,17.0,1427.0,f9e012e63c1c7864,0,baseline-unpinned-spin-q16.csv,unpinned
baseline,spin,spin,-1,0,unpinned,16,4096,12,2,128,measure,14,1416.0,1409.0,1414.0,1408.0,0.0,1414.0,399075.0,0.0,0.0,0.0,8.0,72.0,1308.0,18.0,1406.0,f9e012e63c1c7864,0,baseline-unpinned-spin-q16.csv,unpinned
baseline,spin,spin,-1,0,unpinned,16,4096,12,2,128,measure,15,1414.0,1382.0,1412.0,1380.0,0.0,1412.0,390542.0,0.0,0.0,0.0,7.0,71.0,1307.0,18.0,1404.0,f9e012e63c1c7864,0,baseline-unpinned-spin-q16.csv,unpinned
baseline,spin,spin,-1,5,unpinned,16,4096,12,2,128,measure,16,1408.0,1380.0,1406.0,1380.0,0.0,1406.0,469697.0,0.0,0.0,0.0,7.0,71.0,1301.0,17.0,1397.0,f9e012e63c1c7864,0,baseline-unpinned-spin-q16.csv,unpinned
baseline,spin,spin,-1,5,unpinned,16,4096,12,2,128,measure,17,1406.0,1405.0,1404.0,1404.0,0.0,1404.0,478806.0,0.0,0.0,0.0,7.0,71.0,1298.0,18.0,1395.0,f9e012e63c1c7864,0,baseline-unpinned-spin-q16.csv,unpinned
baseline,spin,spin,-1,5,unpinned,16,4096,12,2,128,measure,18,1407.0,1406.0,1405.0,1405.0,0.0,1405.0,479112.0,0.0,0.0,0.0,7.0,71.0,1298.0,18.0,1395.0,f9e012e63c1c7864,0,baseline-unpinned-spin-q16.csv,unpinned
baseline,spin,spin,-1,5,unpinned,16,4096,12,2,128,measure,19,1460.0,1406.0,1406.0,1399.0,0.0,1406.0,476994.0,0.0,0.0,0.0,7.0,71.0,1301.0,17.0,1397.0,f9e012e63c1c7864,0,baseline-unpinned-spin-q16.csv,unpinned
baseline,spin,spin,-1,1,unpinned,32,4096,12,2,128,measure,0,2093.0,1993.0,2090.0,1990.0,0.0,2090.0,323645.0,0.0,0.0,0.0,9.0,75.0,1963.0,33.0,2081.0,23e201cc6e23589a,0,baseline-unpinned-spin-q32.csv,unpinned
baseline,spin,spin,-1,0,unpinned,32,4096,12,2,128,measure,1,2101.0,2046.0,2097.0,2044.0,0.0,2097.0,333414.0,0.0,0.0,0.0,9.0,76.0,1969.0,34.0,2088.0,23e201cc6e23589a,0,baseline-unpinned-spin-q32.csv,unpinned
baseline,spin,spin,-1,0,unpinned,32,4096,12,2,128,measure,2,2184.0,2109.0,2098.0,2098.0,0.0,2098.0,343409.0,0.0,0.0,0.0,9.0,75.0,1970.0,33.0,2088.0,23e201cc6e23589a,0,baseline-unpinned-spin-q32.csv,unpinned
baseline,spin,spin,-1,4,unpinned,32,4096,12,2,128,measure,3,2065.0,2018.0,2061.0,2016.0,0.0,2061.0,442060.0,0.0,0.0,0.0,8.0,75.0,1935.0,33.0,2052.0,23e201cc6e23589a,0,baseline-unpinned-spin-q32.csv,unpinned
baseline,spin,spin,-1,4,unpinned,32,4096,12,2,128,measure,4,2063.0,2054.0,2061.0,2053.0,0.0,2061.0,490111.0,0.0,0.0,0.0,8.0,75.0,1934.0,34.0,2052.0,23e201cc6e23589a,0,baseline-unpinned-spin-q32.csv,unpinned
baseline,spin,spin,-1,4,unpinned,32,4096,12,2,128,measure,5,2057.0,2056.0,2055.0,2055.0,0.0,2055.0,583069.0,0.0,0.0,0.0,9.0,76.0,1927.0,33.0,2045.0,23e201cc6e23589a,0,baseline-unpinned-spin-q32.csv,unpinned
baseline,spin,spin,-1,4,unpinned,32,4096,12,2,128,measure,6,2055.0,2029.0,2053.0,2028.0,0.0,2053.0,574703.0,0.0,0.0,0.0,8.0,75.0,1927.0,33.0,2044.0,23e201cc6e23589a,0,baseline-unpinned-spin-q32.csv,unpinned
baseline,spin,spin,-1,4,unpinned,32,4096,12,2,128,measure,7,2129.0,2061.0,2054.0,2055.0,0.0,2054.0,582964.0,0.0,0.0,0.0,8.0,75.0,1927.0,33.0,2044.0,23e201cc6e23589a,0,baseline-unpinned-spin-q32.csv,unpinned
baseline,spin,spin,-1,4,unpinned,32,4096,12,2,128,measure,8,2054.0,2054.0,2052.0,2052.0,0.0,2052.0,582409.0,0.0,0.0,0.0,8.0,75.0,1925.0,34.0,2043.0,23e201cc6e23589a,0,baseline-unpinned-spin-q32.csv,unpinned
baseline,spin,spin,-1,5,unpinned,32,4096,12,2,128,measure,9,2038.0,1998.0,2036.0,1998.0,0.0,2036.0,677343.0,0.0,0.0,0.0,8.0,75.0,1910.0,33.0,2026.0,23e201cc6e23589a,0,baseline-unpinned-spin-q32.csv,unpinned
baseline,spin,spin,-1,5,unpinned,32,4096,12,2,128,measure,10,2127.0,2051.0,2045.0,2044.0,0.0,2045.0,697297.0,0.0,0.0,0.0,9.0,75.0,1917.0,33.0,2035.0,23e201cc6e23589a,0,baseline-unpinned-spin-q32.csv,unpinned
baseline,spin,spin,-1,5,unpinned,32,4096,12,2,128,measure,11,2044.0,2044.0,2044.0,2043.0,0.0,2044.0,696856.0,0.0,0.0,0.0,9.0,75.0,1916.0,33.0,2034.0,23e201cc6e23589a,0,baseline-unpinned-spin-q32.csv,unpinned
baseline,spin,spin,-1,0,unpinned,32,4096,12,2,128,measure,12,2045.0,1989.0,2044.0,1988.0,0.0,2044.0,676093.0,0.0,0.0,0.0,8.0,75.0,1917.0,33.0,2034.0,23e201cc6e23589a,0,baseline-unpinned-spin-q32.csv,unpinned
baseline,spin,spin,-1,0,unpinned,32,4096,12,2,128,measure,13,2099.0,2053.0,2047.0,2047.0,0.0,2047.0,698197.0,0.0,0.0,0.0,8.0,75.0,1920.0,33.0,2037.0,23e201cc6e23589a,0,baseline-unpinned-spin-q32.csv,unpinned
baseline,spin,spin,-1,4,unpinned,32,4096,12,2,128,measure,14,2043.0,2025.0,2042.0,2024.0,0.0,2042.0,689810.0,0.0,0.0,0.0,8.0,75.0,1914.0,34.0,2032.0,23e201cc6e23589a,0,baseline-unpinned-spin-q32.csv,unpinned
baseline,spin,spin,-1,4,unpinned,32,4096,12,2,128,measure,15,2043.0,1975.0,2041.0,1975.0,0.0,2041.0,666368.0,0.0,0.0,0.0,8.0,75.0,1914.0,33.0,2031.0,23e201cc6e23589a,0,baseline-unpinned-spin-q32.csv,unpinned
baseline,spin,spin,-1,4,unpinned,32,4096,12,2,128,measure,16,2040.0,2040.0,2039.0,2038.0,0.0,2039.0,695332.0,0.0,0.0,0.0,8.0,75.0,1912.0,33.0,2029.0,23e201cc6e23589a,0,baseline-unpinned-spin-q32.csv,unpinned
baseline,spin,spin,-1,4,unpinned,32,4096,12,2,128,measure,17,2044.0,2036.0,2042.0,2035.0,0.0,2042.0,693766.0,0.0,0.0,0.0,8.0,76.0,1914.0,33.0,2031.0,23e201cc6e23589a,0,baseline-unpinned-spin-q32.csv,unpinned
baseline,spin,spin,-1,4,unpinned,32,4096,12,2,128,measure,18,2044.0,2044.0,2043.0,2042.0,0.0,2043.0,696728.0,0.0,0.0,0.0,8.0,76.0,1915.0,34.0,2033.0,23e201cc6e23589a,0,baseline-unpinned-spin-q32.csv,unpinned
baseline,spin,spin,-1,4,unpinned,32,4096,12,2,128,measure,19,2042.0,2041.0,2041.0,2041.0,0.0,2041.0,695986.0,0.0,0.0,0.0,8.0,75.0,1913.0,33.0,2030.0,23e201cc6e23589a,0,baseline-unpinned-spin-q32.csv,unpinned
baseline,spin,spin,-1,1,unpinned,4,4096,12,2,128,measure,0,1052.0,1005.0,1047.0,1002.0,0.0,1047.0,105862.0,0.0,0.0,0.0,8.0,69.0,955.0,5.0,1038.0,c50c94b789741948,0,baseline-unpinned-spin-q4.csv,unpinned
baseline,spin,spin,-1,1,unpinned,4,4096,12,2,128,measure,1,1090.0,1015.0,1084.0,1012.0,0.0,1084.0,91266.0,0.0,0.0,0.0,9.0,69.0,991.0,5.0,1075.0,c50c94b789741948,0,baseline-unpinned-spin-q4.csv,unpinned
baseline,spin,spin,-1,1,unpinned,4,4096,12,2,128,measure,2,1122.0,1101.0,1116.0,1097.0,0.0,1116.0,86451.0,0.0,0.0,0.0,9.0,69.0,1023.0,6.0,1107.0,c50c94b789741948,0,baseline-unpinned-spin-q4.csv,unpinned
baseline,spin,spin,-1,1,unpinned,4,4096,12,2,128,measure,3,1308.0,1142.0,1121.0,1121.0,0.0,1121.0,88585.0,0.0,0.0,0.0,9.0,69.0,1028.0,6.0,1113.0,c50c94b789741948,0,baseline-unpinned-spin-q4.csv,unpinned
baseline,spin,spin,-1,1,unpinned,4,4096,12,2,128,measure,4,1152.0,1056.0,1145.0,1054.0,0.0,1145.0,82004.0,0.0,0.0,0.0,8.0,69.0,1024.0,6.0,1108.0,c50c94b789741948,0,baseline-unpinned-spin-q4.csv,unpinned
baseline,spin,spin,-1,1,unpinned,4,4096,12,2,128,measure,5,1124.0,976.0,1116.0,972.0,0.0,1116.0,74753.0,0.0,0.0,0.0,9.0,68.0,1024.0,5.0,1107.0,c50c94b789741948,0,baseline-unpinned-spin-q4.csv,unpinned
baseline,spin,spin,-1,1,unpinned,4,4096,12,2,128,measure,6,1122.0,1120.0,1116.0,1116.0,0.0,1116.0,88186.0,0.0,0.0,0.0,9.0,69.0,1023.0,5.0,1107.0,c50c94b789741948,0,baseline-unpinned-spin-q4.csv,unpinned
baseline,spin,spin,-1,1,unpinned,4,4096,12,2,128,measure,7,1294.0,1120.0,1117.0,1100.0,0.0,1117.0,86647.0,0.0,0.0,0.0,9.0,69.0,1024.0,6.0,1109.0,c50c94b789741948,0,baseline-unpinned-spin-q4.csv,unpinned
baseline,spin,spin,-1,1,unpinned,4,4096,12,2,128,measure,8,1123.0,1056.0,1116.0,1052.0,0.0,1116.0,82316.0,0.0,0.0,0.0,9.0,68.0,1023.0,6.0,1107.0,c50c94b789741948,0,baseline-unpinned-spin-q4.csv,unpinned
baseline,spin,spin,-1,1,unpinned,4,4096,12,2,128,measure,9,1145.0,1001.0,1138.0,999.0,0.0,1138.0,77375.0,0.0,0.0,0.0,9.0,68.0,1023.0,5.0,1106.0,c50c94b789741948,0,baseline-unpinned-spin-q4.csv,unpinned
baseline,spin,spin,-1,1,unpinned,4,4096,12,2,128,measure,10,1116.0,1114.0,1111.0,1111.0,0.0,1111.0,87787.0,0.0,0.0,0.0,8.0,69.0,1018.0,6.0,1102.0,c50c94b789741948,0,baseline-unpinned-spin-q4.csv,unpinned
baseline,spin,spin,-1,1,unpinned,4,4096,12,2,128,measure,11,1310.0,1124.0,1110.0,1109.0,0.0,1110.0,87703.0,0.0,0.0,0.0,9.0,68.0,1018.0,6.0,1102.0,c50c94b789741948,0,baseline-unpinned-spin-q4.csv,unpinned
baseline,spin,spin,-1,1,unpinned,4,4096,12,2,128,measure,12,1042.0,973.0,1037.0,970.0,0.0,1037.0,102065.0,0.0,0.0,0.0,9.0,68.0,944.0,6.0,1028.0,c50c94b789741948,0,baseline-unpinned-spin-q4.csv,unpinned
baseline,spin,spin,-1,1,unpinned,4,4096,12,2,128,measure,13,1039.0,990.0,1035.0,986.0,0.0,1035.0,104019.0,0.0,0.0,0.0,8.0,69.0,942.0,6.0,1026.0,c50c94b789741948,0,baseline-unpinned-spin-q4.csv,unpinned
baseline,spin,spin,-1,1,unpinned,4,4096,12,2,128,measure,14,1037.0,1037.0,1033.0,1034.0,0.0,1033.0,109860.0,0.0,0.0,0.0,9.0,68.0,942.0,5.0,1025.0,c50c94b789741948,0,baseline-unpinned-spin-q4.csv,unpinned
baseline,spin,spin,-1,1,unpinned,4,4096,12,2,128,measure,15,1038.0,869.0,1034.0,866.0,0.0,1034.0,88670.0,0.0,0.0,0.0,9.0,68.0,942.0,5.0,1025.0,c50c94b789741948,0,baseline-unpinned-spin-q4.csv,unpinned
baseline,spin,spin,-1,1,unpinned,4,4096,12,2,128,measure,16,1036.0,995.0,1030.0,992.0,0.0,1030.0,104816.0,0.0,0.0,0.0,8.0,69.0,940.0,6.0,1023.0,c50c94b789741948,0,baseline-unpinned-spin-q4.csv,unpinned
baseline,spin,spin,-1,0,unpinned,4,4096,12,2,128,measure,17,1037.0,1036.0,1033.0,1032.0,0.0,1033.0,109746.0,0.0,0.0,0.0,9.0,69.0,941.0,5.0,1024.0,c50c94b789741948,0,baseline-unpinned-spin-q4.csv,unpinned
baseline,spin,spin,-1,0,unpinned,4,4096,12,2,128,measure,18,1033.0,1013.0,1029.0,1010.0,0.0,1029.0,106965.0,0.0,0.0,0.0,8.0,69.0,937.0,6.0,1021.0,c50c94b789741948,0,baseline-unpinned-spin-q4.csv,unpinned
baseline,spin,spin,-1,0,unpinned,4,4096,12,2,128,measure,19,1168.0,1048.0,1033.0,1032.0,0.0,1033.0,109721.0,0.0,0.0,0.0,8.0,68.0,942.0,5.0,1024.0,c50c94b789741948,0,baseline-unpinned-spin-q4.csv,unpinned
baseline,spin,spin,-1,4,unpinned,8,4096,12,2,128,measure,0,1219.0,1054.0,1214.0,1051.0,0.0,1214.0,141126.0,0.0,0.0,1.0,9.0,69.0,1070.0,9.0,1157.0,541717b1f7dc7b1c,0,baseline-unpinned-spin-q8.csv,unpinned
baseline,spin,spin,-1,4,unpinned,8,4096,12,2,128,measure,1,1165.0,1164.0,1161.0,1162.0,0.0,1161.0,158397.0,0.0,0.0,1.0,9.0,70.0,1064.0,10.0,1153.0,541717b1f7dc7b1c,0,baseline-unpinned-spin-q8.csv,unpinned
baseline,spin,spin,-1,0,unpinned,8,4096,12,2,128,measure,2,1157.0,1097.0,1154.0,1095.0,0.0,1154.0,148092.0,0.0,0.0,1.0,8.0,69.0,1058.0,9.0,1145.0,541717b1f7dc7b1c,0,baseline-unpinned-spin-q8.csv,unpinned
baseline,spin,spin,-1,0,unpinned,8,4096,12,2,128,measure,3,1155.0,1084.0,1151.0,1081.0,0.0,1151.0,146227.0,0.0,0.0,1.0,8.0,69.0,1056.0,9.0,1143.0,541717b1f7dc7b1c,0,baseline-unpinned-spin-q8.csv,unpinned
baseline,spin,spin,-1,0,unpinned,8,4096,12,2,128,measure,4,1156.0,1136.0,1152.0,1134.0,0.0,1152.0,153208.0,0.0,0.0,1.0,8.0,70.0,1057.0,10.0,1145.0,541717b1f7dc7b1c,0,baseline-unpinned-spin-q8.csv,unpinned
baseline,spin,spin,-1,0,unpinned,8,4096,12,2,128,measure,5,1160.0,1116.0,1156.0,1114.0,0.0,1156.0,151076.0,0.0,0.0,1.0,8.0,70.0,1060.0,9.0,1147.0,541717b1f7dc7b1c,0,baseline-unpinned-spin-q8.csv,unpinned
baseline,spin,spin,-1,0,unpinned,8,4096,12,2,128,measure,6,1159.0,1158.0,1156.0,1156.0,0.0,1156.0,157583.0,0.0,0.0,1.0,8.0,70.0,1059.0,10.0,1147.0,541717b1f7dc7b1c,0,baseline-unpinned-spin-q8.csv,unpinned
baseline,spin,spin,-1,0,unpinned,8,4096,12,2,128,measure,7,1269.0,1136.0,1157.0,1123.0,0.0,1157.0,152408.0,0.0,0.0,1.0,8.0,70.0,1060.0,9.0,1147.0,541717b1f7dc7b1c,0,baseline-unpinned-spin-q8.csv,unpinned
baseline,spin,spin,-1,5,unpinned,8,4096,12,2,128,measure,8,1129.0,1093.0,1126.0,1091.0,0.0,1126.0,210500.0,0.0,0.0,1.0,8.0,70.0,1030.0,10.0,1118.0,541717b1f7dc7b1c,0,baseline-unpinned-spin-q8.csv,unpinned
baseline,spin,spin,-1,5,unpinned,8,4096,12,2,128,measure,9,1120.0,1119.0,1117.0,1117.0,0.0,1117.0,216332.0,0.0,0.0,1.0,8.0,70.0,1021.0,10.0,1109.0,541717b1f7dc7b1c,0,baseline-unpinned-spin-q8.csv,unpinned
baseline,spin,spin,-1,5,unpinned,8,4096,12,2,128,measure,10,1240.0,1127.0,1120.0,1119.0,0.0,1120.0,216827.0,0.0,0.0,1.0,8.0,69.0,1025.0,9.0,1111.0,541717b1f7dc7b1c,0,baseline-unpinned-spin-q8.csv,unpinned
baseline,spin,spin,-1,5,unpinned,8,4096,12,2,128,measure,11,1098.0,1088.0,1096.0,1086.0,0.0,1096.0,308051.0,0.0,0.0,1.0,8.0,70.0,1000.0,9.0,1087.0,541717b1f7dc7b1c,0,baseline-unpinned-spin-q8.csv,unpinned
baseline,spin,spin,-1,0,unpinned,8,4096,12,2,128,measure,12,1096.0,1060.0,1094.0,1058.0,0.0,1094.0,299216.0,0.0,0.0,1.0,7.0,70.0,998.0,10.0,1085.0,541717b1f7dc7b1c,0,baseline-unpinned-spin-q8.csv,unpinned
baseline,spin,spin,-1,0,unpinned,8,4096,12,2,128,measure,13,1100.0,1099.0,1099.0,1099.0,0.0,1099.0,311686.0,0.0,0.0,1.0,8.0,69.0,1003.0,9.0,1089.0,541717b1f7dc7b1c,0,baseline-unpinned-spin-q8.csv,unpinned
baseline,spin,spin,-1,0,unpinned,8,4096,12,2,128,measure,14,1099.0,1025.0,1097.0,1023.0,0.0,1097.0,287691.0,0.0,0.0,1.0,8.0,69.0,1003.0,9.0,1089.0,541717b1f7dc7b1c,0,baseline-unpinned-spin-q8.csv,unpinned
baseline,spin,spin,-1,1,unpinned,8,4096,12,2,128,measure,15,1098.0,1098.0,1096.0,1097.0,0.0,1096.0,311037.0,0.0,0.0,1.0,7.0,69.0,1002.0,9.0,1088.0,541717b1f7dc7b1c,0,baseline-unpinned-spin-q8.csv,unpinned
baseline,spin,spin,-1,1,unpinned,8,4096,12,2,128,measure,16,1102.0,1102.0,1101.0,1101.0,0.0,1101.0,312321.0,0.0,0.0,1.0,8.0,70.0,1004.0,10.0,1093.0,541717b1f7dc7b1c,0,baseline-unpinned-spin-q8.csv,unpinned
baseline,spin,spin,-1,1,unpinned,8,4096,12,2,128,measure,17,1182.0,1101.0,1094.0,1094.0,0.0,1094.0,310394.0,0.0,0.0,1.0,8.0,70.0,998.0,9.0,1085.0,541717b1f7dc7b1c,0,baseline-unpinned-spin-q8.csv,unpinned
baseline,spin,spin,-1,5,unpinned,8,4096,12,2,128,measure,18,1096.0,1095.0,1094.0,1094.0,0.0,1094.0,310262.0,0.0,0.0,1.0,7.0,69.0,998.0,10.0,1085.0,541717b1f7dc7b1c,0,baseline-unpinned-spin-q8.csv,unpinned
baseline,spin,spin,-1,5,unpinned,8,4096,12,2,128,measure,19,1097.0,1096.0,1095.0,1096.0,0.0,1095.0,310744.0,0.0,0.0,1.0,8.0,70.0,1000.0,9.0,1087.0,541717b1f7dc7b1c,0,baseline-unpinned-spin-q8.csv,unpinned
