alloc_shared_mem_buf: buf=0x7cc0a20000 fd=12 size=196608 flags=FASTRPC_MAP_FD
alloc_shared_mem_buf: buf=0x7a28800000 fd=13 size=2097152 flags=FASTRPC_MAP_FD
alloc_shared_mem_buf: buf=0x7a28600000 fd=14 size=2097152 flags=FASTRPC_MAP_FD
alloc_shared_mem_buf: buf=0x7cbf810000 fd=15 size=196608 flags=FASTRPC_MAP_FD
alloc_shared_mem_buf: buf=0x7a28a70000 fd=16 size=262144 flags=FASTRPC_MAP_FD
alloc_shared_mem_buf: buf=0x7a28440000 fd=17 size=1793792 flags=FASTRPC_MAP_FD
alloc_shared_mem_buf: buf=0x7cc0d95000 fd=18 size=4096 flags=FASTRPC_MAP_FD
No-op channel request completed
FIG8_ATTENTION_CONFIG mode=baseline mask_mode=full qo_len=32 kv_len=4096 n_heads=12 n_kv_heads=2 head_dim=128 warmup=5 iters=20 scna_width=16 q_size=196608 kv_size=2097152 mask_size=262144 profile_size=1793792 profile_max_records=10 profile_max_events=24896 mode_flags=0 print_events=1
FIG8_ATTENTION_HOST_TIMING mode=baseline scna_width=0 qo_len=32 kv_len=4096 n_heads=12 n_kv_heads=2 head_dim=128 phase=warmup iteration=0 host_elapsed_us=2269 ret=0
FIG8_ATTENTION_PROFILE_COUNT mode=baseline qo_len=32 phase=warmup iteration=0 records=2 max_records=10
FIG8_ATTENTION_TIMERS mode=baseline phase=warmup iteration=0 lut_exp=0 nonlinear_mode=0 scna_width=0 scna_exp=0 qo_len=32 kv_len=4096 n_heads=12 n_kv_heads=2 head_dim=128 kv_head=0 worker=0 profiled_total=948 q_load=9 k_load=89 v_load=165 qk_dot=12 safe_sm=648 core_acc=11 o_scale=1 o_store=13
FIG8_ATTENTION_TIMERS mode=baseline phase=warmup iteration=0 lut_exp=0 nonlinear_mode=0 scna_width=0 scna_exp=0 qo_len=32 kv_len=4096 n_heads=12 n_kv_heads=2 head_dim=128 kv_head=1 worker=0 profiled_total=902 q_load=8 k_load=79 v_load=151 qk_dot=12 safe_sm=628 core_acc=12 o_scale=1 o_store=11
FIG8_ATTENTION_EVENT_COUNT mode=baseline qo_len=32 phase=warmup iteration=0 events=16 max_events=24896 overflow=0
FIG8_ATTENTION_EVENT mode=baseline phase=warmup iteration=0 component=q_load component_id=1 lut_exp=0 qo_len=32 kv_len=4096 n_heads=12 n_kv_heads=2 head_dim=128 kv_head=0 worker=0 block_r=0 block_c=-1 t0_us=2285373954321 t1_us=2285373954330 dur_us=9
FIG8_ATTENTION_EVENT mode=baseline phase=warmup iteration=0 component=k_load component_id=2 lut_exp=0 qo_len=32 kv_len=4096 n_heads=12 n_kv_heads=2 head_dim=128 kv_head=0 worker=0 block_r=0 block_c=0 t0_us=2285373954332 t1_us=2285373954422 dur_us=89
FIG8_ATTENTION_EVENT mode=baseline phase=warmup iteration=0 component=qk_dot component_id=4 lut_exp=0 qo_len=32 kv_len=4096 n_heads=12 n_kv_heads=2 head_dim=128 kv_head=0 worker=0 block_r=0 block_c=0 t0_us=2285373954423 t1_us=2285373954435 dur_us=12
FIG8_ATTENTION_EVENT mode=baseline phase=warmup iteration=0 component=safe_sm component_id=5 lut_exp=0 qo_len=32 kv_len=4096 n_heads=12 n_kv_heads=2 head_dim=128 kv_head=0 worker=0 block_r=0 block_c=0 t0_us=2285373954436 t1_us=2285373955084 dur_us=648
FIG8_ATTENTION_EVENT mode=baseline phase=warmup iteration=0 component=v_load component_id=3 lut_exp=0 qo_len=32 kv_len=4096 n_heads=12 n_kv_heads=2 head_dim=128 kv_head=0 worker=0 block_r=0 block_c=0 t0_us=2285373955085 t1_us=2285373955250 dur_us=165
FIG8_ATTENTION_EVENT mode=baseline phase=warmup iteration=0 component=core_acc component_id=6 lut_exp=0 qo_len=32 kv_len=4096 n_heads=12 n_kv_heads=2 head_dim=128 kv_head=0 worker=0 block_r=0 block_c=0 t0_us=2285373955250 t1_us=2285373955262 dur_us=11
FIG8_ATTENTION_EVENT mode=baseline phase=warmup iteration=0 component=o_scale component_id=7 lut_exp=0 qo_len=32 kv_len=4096 n_heads=12 n_kv_heads=2 head_dim=128 kv_head=0 worker=0 block_r=0 block_c=-1 t0_us=2285373955263 t1_us=2285373955264 dur_us=1
FIG8_ATTENTION_EVENT mode=baseline phase=warmup iteration=0 component=o_store component_id=8 lut_exp=0 qo_len=32 kv_len=4096 n_heads=12 n_kv_heads=2 head_dim=128 kv_head=0 worker=0 block_r=0 block_c=-1 t0_us=2285373955265 t1_us=2285373955279 dur_us=13
FIG8_ATTENTION_EVENT mode=baseline phase=warmup iteration=0 component=q_load component_id=1 lut_exp=0 qo_len=32 kv_len=4096 n_heads=12 n_kv_heads=2 head_dim=128 kv_head=1 worker=0 block_r=0 block_c=-1 t0_us=2285373955339 t1_us=2285373955347 dur_us=8
FIG8_ATTENTION_EVENT mode=baseline phase=warmup iteration=0 component=k_load component_id=2 lut_exp=0 qo_len=32 kv_len=4096 n_heads=12 n_kv_heads=2 head_dim=128 kv_head=1 worker=0 block_r=0 block_c=0 t0_us=2285373955350 t1_us=2285373955429 dur_us=79
FIG8_ATTENTION_EVENT mode=baseline phase=warmup iteration=0 component=qk_dot component_id=4 lut_exp=0 qo_len=32 kv_len=4096 n_heads=12 n_kv_heads=2 head_dim=128 kv_head=1 worker=0 block_r=0 block_c=0 t0_us=2285373955429 t1_us=2285373955442 dur_us=12
FIG8_ATTENTION_EVENT mode=baseline phase=warmup iteration=0 component=safe_sm component_id=5 lut_exp=0 qo_len=32 kv_len=4096 n_heads=12 n_kv_heads=2 head_dim=128 kv_head=1 worker=0 block_r=0 block_c=0 t0_us=2285373955443 t1_us=2285373956071 dur_us=628
FIG8_ATTENTION_EVENT mode=baseline phase=warmup iteration=0 component=v_load component_id=3 lut_exp=0 qo_len=32 kv_len=4096 n_heads=12 n_kv_heads=2 head_dim=128 kv_head=1 worker=0 block_r=0 block_c=0 t0_us=2285373956071 t1_us=2285373956222 dur_us=151
FIG8_ATTENTION_EVENT mode=baseline phase=warmup iteration=0 component=core_acc component_id=6 lut_exp=0 qo_len=32 kv_len=4096 n_heads=12 n_kv_heads=2 head_dim=128 kv_head=1 worker=0 block_r=0 block_c=0 t0_us=2285373956223 t1_us=2285373956235 dur_us=12
FIG8_ATTENTION_EVENT mode=baseline phase=warmup iteration=0 component=o_scale component_id=7 lut_exp=0 qo_len=32 kv_len=4096 n_heads=12 n_kv_heads=2 head_dim=128 kv_head=1 worker=0 block_r=0 block_c=-1 t0_us=2285373956236 t1_us=2285373956238 dur_us=1
FIG8_ATTENTION_EVENT mode=baseline phase=warmup iteration=0 component=o_store component_id=8 lut_exp=0 qo_len=32 kv_len=4096 n_heads=12 n_kv_heads=2 head_dim=128 kv_head=1 worker=0 block_r=0 block_c=-1 t0_us=2285373956239 t1_us=2285373956250 dur_us=11
FIG8_ATTENTION_HOST_TIMING mode=baseline scna_width=0 qo_len=32 kv_len=4096 n_heads=12 n_kv_heads=2 head_dim=128 phase=warmup iteration=1 host_elapsed_us=2375 ret=0
FIG8_ATTENTION_PROFILE_COUNT mode=baseline qo_len=32 phase=warmup iteration=1 records=2 max_records=10
FIG8_ATTENTION_TIMERS mode=baseline phase=warmup iteration=1 lut_exp=0 nonlinear_mode=0 scna_width=0 scna_exp=0 qo_len=32 kv_len=4096 n_heads=12 n_kv_heads=2 head_dim=128 kv_head=0 worker=0 profiled_total=1014 q_load=7 k_load=165 v_load=170 qk_dot=12 safe_sm=637 core_acc=11 o_scale=1 o_store=11
FIG8_ATTENTION_TIMERS mode=baseline phase=warmup iteration=1 lut_exp=0 nonlinear_mode=0 scna_width=0 scna_exp=0 qo_len=32 kv_len=4096 n_heads=12 n_kv_heads=2 head_dim=128 kv_head=1 worker=0 profiled_total=997 q_load=7 k_load=167 v_load=162 qk_dot=12 safe_sm=627 core_acc=10 o_scale=1 o_store=11
FIG8_ATTENTION_EVENT_COUNT mode=baseline qo_len=32 phase=warmup iteration=1 events=16 max_events=24896 overflow=0
FIG8_ATTENTION_EVENT mode=baseline phase=warmup iteration=1 component=q_load component_id=1 lut_exp=0 qo_len=32 kv_len=4096 n_heads=12 n_kv_heads=2 head_dim=128 kv_head=0 worker=0 block_r=0 block_c=-1 t0_us=2285373956833 t1_us=2285373956841 dur_us=7
FIG8_ATTENTION_EVENT mode=baseline phase=warmup iteration=1 component=k_load component_id=2 lut_exp=0 qo_len=32 kv_len=4096 n_heads=12 n_kv_heads=2 head_dim=128 kv_head=0 worker=0 block_r=0 block_c=0 t0_us=2285373956843 t1_us=2285373957009 dur_us=165
FIG8_ATTENTION_EVENT mode=baseline phase=warmup iteration=1 component=qk_dot component_id=4 lut_exp=0 qo_len=32 kv_len=4096 n_heads=12 n_kv_heads=2 head_dim=128 kv_head=0 worker=0 block_r=0 block_c=0 t0_us=2285373957010 t1_us=2285373957023 dur_us=12
FIG8_ATTENTION_EVENT mode=baseline phase=warmup iteration=1 component=safe_sm component_id=5 lut_exp=0 qo_len=32 kv_len=4096 n_heads=12 n_kv_heads=2 head_dim=128 kv_head=0 worker=0 block_r=0 block_c=0 t0_us=2285373957023 t1_us=2285373957660 dur_us=637
FIG8_ATTENTION_EVENT mode=baseline phase=warmup iteration=1 component=v_load component_id=3 lut_exp=0 qo_len=32 kv_len=4096 n_heads=12 n_kv_heads=2 head_dim=128 kv_head=0 worker=0 block_r=0 block_c=0 t0_us=2285373957661 t1_us=2285373957831 dur_us=170
FIG8_ATTENTION_EVENT mode=baseline phase=warmup iteration=1 component=core_acc component_id=6 lut_exp=0 qo_len=32 kv_len=4096 n_heads=12 n_kv_heads=2 head_dim=128 kv_head=0 worker=0 block_r=0 block_c=0 t0_us=2285373957832 t1_us=2285373957843 dur_us=11
FIG8_ATTENTION_EVENT mode=baseline phase=warmup iteration=1 component=o_scale component_id=7 lut_exp=0 qo_len=32 kv_len=4096 n_heads=12 n_kv_heads=2 head_dim=128 kv_head=0 worker=0 block_r=0 block_c=-1 t0_us=2285373957843 t1_us=2285373957845 dur_us=1
FIG8_ATTENTION_EVENT mode=baseline phase=warmup iteration=1 component=o_store component_id=8 lut_exp=0 qo_len=32 kv_len=4096 n_heads=12 n_kv_heads=2 head_dim=128 kv_head=0 worker=0 block_r=0 block_c=-1 t0_us=2285373957846 t1_us=2285373957857 dur_us=11
FIG8_ATTENTION_EVENT mode=baseline phase=warmup iteration=1 component=q_load component_id=1 lut_exp=0 qo_len=32 kv_len=4096 n_heads=12 n_kv_heads=2 head_dim=128 kv_head=1 worker=0 block_r=0 block_c=-1 t0_us=2285373957900 t1_us=2285373957908 dur_us=7
FIG8_ATTENTION_EVENT mode=baseline phase=warmup iteration=1 component=k_load component_id=2 lut_exp=0 qo_len=32 kv_len=4096 n_heads=12 n_kv_heads=2 head_dim=128 kv_head=1 worker=0 block_r=0 block_c=0 t0_us=2285373957910 t1_us=2285373958077 dur_us=167
FIG8_ATTENTION_EVENT mode=baseline phase=warmup iteration=1 component=qk_dot component_id=4 lut_exp=0 qo_len=32 kv_len=4096 n_heads=12 n_kv_heads=2 head_dim=128 kv_head=1 worker=0 block_r=0 block_c=0 t0_us=2285373958078 t1_us=2285373958090 dur_us=12
FIG8_ATTENTION_EVENT mode=baseline phase=warmup iteration=1 component=safe_sm component_id=5 lut_exp=0 qo_len=32 kv_len=4096 n_heads=12 n_kv_heads=2 head_dim=128 kv_head=1 worker=0 block_r=0 block_c=0 t0_us=2285373958091 t1_us=2285373958719 dur_us=627
FIG8_ATTENTION_EVENT mode=baseline phase=warmup iteration=1 component=v_load component_id=3 lut_exp=0 qo_len=32 kv_len=4096 n_heads=12 n_kv_heads=2 head_dim=128 kv_head=1 worker=0 block_r=0 block_c=0 t0_us=2285373958719 t1_us=2285373958881 dur_us=162
FIG8_ATTENTION_EVENT mode=baseline phase=warmup iteration=1 component=core_acc component_id=6 lut_exp=0 qo_len=32 kv_len=4096 n_heads=12 n_kv_heads=2 head_dim=128 kv_head=1 worker=0 block_r=0 block_c=0 t0_us=2285373958882 t1_us=2285373958893 dur_us=10
FIG8_ATTENTION_EVENT mode=baseline phase=warmup iteration=1 component=o_scale component_id=7 lut_exp=0 qo_len=32 kv_len=4096 n_heads=12 n_kv_heads=2 head_dim=128 kv_head=1 worker=0 block_r=0 block_c=-1 t0_us=2285373958894 t1_us=2285373958896 dur_us=1
FIG8_ATTENTION_EVENT mode=baseline phase=warmup iteration=1 component=o_store component_id=8 lut_exp=0 qo_len=32 kv_len=4096 n_heads=12 n_kv_heads=2 head_dim=128 kv_head=1 worker=0 block_r=0 block_c=-1 t0_us=2285373958896 t1_us=2285373958908 dur_us=11
FIG8_ATTENTION_HOST_TIMING mode=baseline scna_width=0 qo_len=32 kv_len=4096 n_heads=12 n_kv_heads=2 head_dim=128 phase=warmup iteration=2 host_elapsed_us=2370 ret=0
FIG8_ATTENTION_PROFILE_COUNT mode=baseline qo_len=32 phase=warmup iteration=2 records=2 max_records=10
FIG8_ATTENTION_TIMERS mode=baseline phase=warmup iteration=2 lut_exp=0 nonlinear_mode=0 scna_width=0 scna_exp=0 qo_len=32 kv_len=4096 n_heads=12 n_kv_heads=2 head_dim=128 kv_head=0 worker=0 profiled_total=992 q_load=7 k_load=169 v_load=152 qk_dot=12 safe_sm=629 core_acc=11 o_scale=1 o_store=11
FIG8_ATTENTION_TIMERS mode=baseline phase=warmup iteration=2 lut_exp=0 nonlinear_mode=0 scna_width=0 scna_exp=0 qo_len=32 kv_len=4096 n_heads=12 n_kv_heads=2 head_dim=128 kv_head=1 worker=0 profiled_total=1046 q_load=7 k_load=210 v_load=166 qk_dot=12 safe_sm=628 core_acc=11 o_scale=1 o_store=11
FIG8_ATTENTION_EVENT_COUNT mode=baseline qo_len=32 phase=warmup iteration=2 events=16 max_events=24896 overflow=0
FIG8_ATTENTION_EVENT mode=baseline phase=warmup iteration=2 component=q_load component_id=1 lut_exp=0 qo_len=32 kv_len=4096 n_heads=12 n_kv_heads=2 head_dim=128 kv_head=0 worker=0 block_r=0 block_c=-1 t0_us=2285373959411 t1_us=2285373959419 dur_us=7
FIG8_ATTENTION_EVENT mode=baseline phase=warmup iteration=2 component=k_load component_id=2 lut_exp=0 qo_len=32 kv_len=4096 n_heads=12 n_kv_heads=2 head_dim=128 kv_head=0 worker=0 block_r=0 block_c=0 t0_us=2285373959421 t1_us=2285373959591 dur_us=169
FIG8_ATTENTION_EVENT mode=baseline phase=warmup iteration=2 component=qk_dot component_id=4 lut_exp=0 qo_len=32 kv_len=4096 n_heads=12 n_kv_heads=2 head_dim=128 kv_head=0 worker=0 block_r=0 block_c=0 t0_us=2285373959591 t1_us=2285373959604 dur_us=12
FIG8_ATTENTION_EVENT mode=baseline phase=warmup iteration=2 component=safe_sm component_id=5 lut_exp=0 qo_len=32 kv_len=4096 n_heads=12 n_kv_heads=2 head_dim=128 kv_head=0 worker=0 block_r=0 block_c=0 t0_us=2285373959604 t1_us=2285373960234 dur_us=629
FIG8_ATTENTION_EVENT mode=baseline phase=warmup iteration=2 component=v_load component_id=3 lut_exp=0 qo_len=32 kv_len=4096 n_heads=12 n_kv_heads=2 head_dim=128 kv_head=0 worker=0 block_r=0 block_c=0 t0_us=2285373960235 t1_us=2285373960388 dur_us=152
FIG8_ATTENTION_EVENT mode=baseline phase=warmup iteration=2 component=core_acc component_id=6 lut_exp=0 qo_len=32 kv_len=4096 n_heads=12 n_kv_heads=2 head_dim=128 kv_head=0 worker=0 block_r=0 block_c=0 t0_us=2285373960388 t1_us=2285373960399 dur_us=11
FIG8_ATTENTION_EVENT mode=baseline phase=warmup iteration=2 component=o_scale component_id=7 lut_exp=0 qo_len=32 kv_len=4096 n_heads=12 n_kv_heads=2 head_dim=128 kv_head=0 worker=0 block_r=0 block_c=-1 t0_us=2285373960400 t1_us=2285373960401 dur_us=1
FIG8_ATTENTION_EVENT mode=baseline phase=warmup iteration=2 component=o_store component_id=8 lut_exp=0 qo_len=32 kv_len=4096 n_heads=12 n_kv_heads=2 head_dim=128 kv_head=0 worker=0 block_r=0 block_c=-1 t0_us=2285373960402 t1_us=2285373960413 dur_us=11
FIG8_ATTENTION_EVENT mode=baseline phase=warmup iteration=2 component=q_load component_id=1 lut_exp=0 qo_len=32 kv_len=4096 n_heads=12 n_kv_heads=2 head_dim=128 kv_head=1 worker=0 block_r=0 block_c=-1 t0_us=2285373960456 t1_us=2285373960464 dur_us=7
FIG8_ATTENTION_EVENT mode=baseline phase=warmup iteration=2 component=k_load component_id=2 lut_exp=0 qo_len=32 kv_len=4096 n_heads=12 n_kv_heads=2 head_dim=128 kv_head=1 worker=0 block_r=0 block_c=0 t0_us=2285373960466 t1_us=2285373960677 dur_us=210
FIG8_ATTENTION_EVENT mode=baseline phase=warmup iteration=2 component=qk_dot component_id=4 lut_exp=0 qo_len=32 kv_len=4096 n_heads=12 n_kv_heads=2 head_dim=128 kv_head=1 worker=0 block_r=0 block_c=0 t0_us=2285373960677 t1_us=2285373960690 dur_us=12
FIG8_ATTENTION_EVENT mode=baseline phase=warmup iteration=2 component=safe_sm component_id=5 lut_exp=0 qo_len=32 kv_len=4096 n_heads=12 n_kv_heads=2 head_dim=128 kv_head=1 worker=0 block_r=0 block_c=0 t0_us=2285373960690 t1_us=2285373961319 dur_us=628
FIG8_ATTENTION_EVENT mode=baseline phase=warmup iteration=2 component=v_load component_id=3 lut_exp=0 qo_len=32 kv_len=4096 n_heads=12 n_kv_heads=2 head_dim=128 kv_head=1 worker=0 block_r=0 block_c=0 t0_us=2285373961319 t1_us=2285373961485 dur_us=166
FIG8_ATTENTION_EVENT mode=baseline phase=warmup iteration=2 component=core_acc component_id=6 lut_exp=0 qo_len=32 kv_len=4096 n_heads=12 n_kv_heads=2 head_dim=128 kv_head=1 worker=0 block_r=0 block_c=0 t0_us=2285373961486 t1_us=2285373961498 dur_us=11
FIG8_ATTENTION_EVENT mode=baseline phase=warmup iteration=2 component=o_scale component_id=7 lut_exp=0 qo_len=32 kv_len=4096 n_heads=12 n_kv_heads=2 head_dim=128 kv_head=1 worker=0 block_r=0 block_c=-1 t0_us=2285373961499 t1_us=2285373961500 dur_us=1
FIG8_ATTENTION_EVENT mode=baseline phase=warmup iteration=2 component=o_store component_id=8 lut_exp=0 qo_len=32 kv_len=4096 n_heads=12 n_kv_heads=2 head_dim=128 kv_head=1 worker=0 block_r=0 block_c=-1 t0_us=2285373961501 t1_us=2285373961512 dur_us=11
FIG8_ATTENTION_HOST_TIMING mode=baseline scna_width=0 qo_len=32 kv_len=4096 n_heads=12 n_kv_heads=2 head_dim=128 phase=warmup iteration=3 host_elapsed_us=2363 ret=0
FIG8_ATTENTION_PROFILE_COUNT mode=baseline qo_len=32 phase=warmup iteration=3 records=2 max_records=10
FIG8_ATTENTION_TIMERS mode=baseline phase=warmup iteration=3 lut_exp=0 nonlinear_mode=0 scna_width=0 scna_exp=0 qo_len=32 kv_len=4096 n_heads=12 n_kv_heads=2 head_dim=128 kv_head=0 worker=0 profiled_total=996 q_load=7 k_load=168 v_load=159 qk_dot=12 safe_sm=627 core_acc=11 o_scale=1 o_store=11
FIG8_ATTENTION_TIMERS mode=baseline phase=warmup iteration=3 lut_exp=0 nonlinear_mode=0 scna_width=0 scna_exp=0 qo_len=32 kv_len=4096 n_heads=12 n_kv_heads=2 head_dim=128 kv_head=1 worker=0 profiled_total=1044 q_load=8 k_load=209 v_load=166 qk_dot=12 safe_sm=627 core_acc=10 o_scale=1 o_store=11
FIG8_ATTENTION_EVENT_COUNT mode=baseline qo_len=32 phase=warmup iteration=3 events=16 max_events=24896 overflow=0
FIG8_ATTENTION_EVENT mode=baseline phase=warmup iteration=3 component=q_load component_id=1 lut_exp=0 qo_len=32 kv_len=4096 n_heads=12 n_kv_heads=2 head_dim=128 kv_head=0 worker=0 block_r=0 block_c=-1 t0_us=2285373961991 t1_us=2285373961999 dur_us=7
FIG8_ATTENTION_EVENT mode=baseline phase=warmup iteration=3 component=k_load component_id=2 lut_exp=0 qo_len=32 kv_len=4096 n_heads=12 n_kv_heads=2 head_dim=128 kv_head=0 worker=0 block_r=0 block_c=0 t0_us=2285373962001 t1_us=2285373962170 dur_us=168
FIG8_ATTENTION_EVENT mode=baseline phase=warmup iteration=3 component=qk_dot component_id=4 lut_exp=0 qo_len=32 kv_len=4096 n_heads=12 n_kv_heads=2 head_dim=128 kv_head=0 worker=0 block_r=0 block_c=0 t0_us=2285373962171 t1_us=2285373962183 dur_us=12
FIG8_ATTENTION_EVENT mode=baseline phase=warmup iteration=3 component=safe_sm component_id=5 lut_exp=0 qo_len=32 kv_len=4096 n_heads=12 n_kv_heads=2 head_dim=128 kv_head=0 worker=0 block_r=0 block_c=0 t0_us=2285373962183 t1_us=2285373962811 dur_us=627
FIG8_ATTENTION_EVENT mode=baseline phase=warmup iteration=3 component=v_load component_id=3 lut_exp=0 qo_len=32 kv_len=4096 n_heads=12 n_kv_heads=2 head_dim=128 kv_head=0 worker=0 block_r=0 block_c=0 t0_us=2285373962811 t1_us=2285373962970 dur_us=159
FIG8_ATTENTION_EVENT mode=baseline phase=warmup iteration=3 component=core_acc component_id=6 lut_exp=0 qo_len=32 kv_len=4096 n_heads=12 n_kv_heads=2 head_dim=128 kv_head=0 worker=0 block_r=0 block_c=0 t0_us=2285373962971 t1_us=2285373962982 dur_us=11
FIG8_ATTENTION_EVENT mode=baseline phase=warmup iteration=3 component=o_scale component_id=7 lut_exp=0 qo_len=32 kv_len=4096 n_heads=12 n_kv_heads=2 head_dim=128 kv_head=0 worker=0 block_r=0 block_c=-1 t0_us=2285373962982 t1_us=2285373962984 dur_us=1
FIG8_ATTENTION_EVENT mode=baseline phase=warmup iteration=3 component=o_store component_id=8 lut_exp=0 qo_len=32 kv_len=4096 n_heads=12 n_kv_heads=2 head_dim=128 kv_head=0 worker=0 block_r=0 block_c=-1 t0_us=2285373962985 t1_us=2285373962997 dur_us=11
FIG8_ATTENTION_EVENT mode=baseline phase=warmup iteration=3 component=q_load component_id=1 lut_exp=0 qo_len=32 kv_len=4096 n_heads=12 n_kv_heads=2 head_dim=128 kv_head=1 worker=0 block_r=0 block_c=-1 t0_us=2285373963040 t1_us=2285373963048 dur_us=8
FIG8_ATTENTION_EVENT mode=baseline phase=warmup iteration=3 component=k_load component_id=2 lut_exp=0 qo_len=32 kv_len=4096 n_heads=12 n_kv_heads=2 head_dim=128 kv_head=1 worker=0 block_r=0 block_c=0 t0_us=2285373963050 t1_us=2285373963260 dur_us=209
FIG8_ATTENTION_EVENT mode=baseline phase=warmup iteration=3 component=qk_dot component_id=4 lut_exp=0 qo_len=32 kv_len=4096 n_heads=12 n_kv_heads=2 head_dim=128 kv_head=1 worker=0 block_r=0 block_c=0 t0_us=2285373963260 t1_us=2285373963273 dur_us=12
FIG8_ATTENTION_EVENT mode=baseline phase=warmup iteration=3 component=safe_sm component_id=5 lut_exp=0 qo_len=32 kv_len=4096 n_heads=12 n_kv_heads=2 head_dim=128 kv_head=1 worker=0 block_r=0 block_c=0 t0_us=2285373963274 t1_us=2285373963901 dur_us=627
FIG8_ATTENTION_EVENT mode=baseline phase=warmup iteration=3 component=v_load component_id=3 lut_exp=0 qo_len=32 kv_len=4096 n_heads=12 n_kv_heads=2 head_dim=128 kv_head=1 worker=0 block_r=0 block_c=0 t0_us=2285373963901 t1_us=2285373964068 dur_us=166
FIG8_ATTENTION_EVENT mode=baseline phase=warmup iteration=3 component=core_acc component_id=6 lut_exp=0 qo_len=32 kv_len=4096 n_heads=12 n_kv_heads=2 head_dim=128 kv_head=1 worker=0 block_r=0 block_c=0 t0_us=2285373964068 t1_us=2285373964079 dur_us=10
FIG8_ATTENTION_EVENT mode=baseline phase=warmup iteration=3 component=o_scale component_id=7 lut_exp=0 qo_len=32 kv_len=4096 n_heads=12 n_kv_heads=2 head_dim=128 kv_head=1 worker=0 block_r=0 block_c=-1 t0_us=2285373964080 t1_us=2285373964082 dur_us=1
FIG8_ATTENTION_EVENT mode=baseline phase=warmup iteration=3 component=o_store component_id=8 lut_exp=0 qo_len=32 kv_len=4096 n_heads=12 n_kv_heads=2 head_dim=128 kv_head=1 worker=0 block_r=0 block_c=-1 t0_us=2285373964082 t1_us=2285373964093 dur_us=11
FIG8_ATTENTION_HOST_TIMING mode=baseline scna_width=0 qo_len=32 kv_len=4096 n_heads=12 n_kv_heads=2 head_dim=128 phase=warmup iteration=4 host_elapsed_us=2379 ret=0
FIG8_ATTENTION_PROFILE_COUNT mode=baseline qo_len=32 phase=warmup iteration=4 records=2 max_records=10
FIG8_ATTENTION_TIMERS mode=baseline phase=warmup iteration=4 lut_exp=0 nonlinear_mode=0 scna_width=0 scna_exp=0 qo_len=32 kv_len=4096 n_heads=12 n_kv_heads=2 head_dim=128 kv_head=0 worker=0 profiled_total=1004 q_load=7 k_load=167 v_load=168 qk_dot=12 safe_sm=627 core_acc=11 o_scale=1 o_store=11
FIG8_ATTENTION_TIMERS mode=baseline phase=warmup iteration=4 lut_exp=0 nonlinear_mode=0 scna_width=0 scna_exp=0 qo_len=32 kv_len=4096 n_heads=12 n_kv_heads=2 head_dim=128 kv_head=1 worker=0 profiled_total=1048 q_load=8 k_load=212 v_load=166 qk_dot=12 safe_sm=628 core_acc=10 o_scale=1 o_store=11
FIG8_ATTENTION_EVENT_COUNT mode=baseline qo_len=32 phase=warmup iteration=4 events=16 max_events=24896 overflow=0
FIG8_ATTENTION_EVENT mode=baseline phase=warmup iteration=4 component=q_load component_id=1 lut_exp=0 qo_len=32 kv_len=4096 n_heads=12 n_kv_heads=2 head_dim=128 kv_head=0 worker=0 block_r=0 block_c=-1 t0_us=2285373964576 t1_us=2285373964583 dur_us=7
FIG8_ATTENTION_EVENT mode=baseline phase=warmup iteration=4 component=k_load component_id=2 lut_exp=0 qo_len=32 kv_len=4096 n_heads=12 n_kv_heads=2 head_dim=128 kv_head=0 worker=0 block_r=0 block_c=0 t0_us=2285373964586 t1_us=2285373964753 dur_us=167
FIG8_ATTENTION_EVENT mode=baseline phase=warmup iteration=4 component=qk_dot component_id=4 lut_exp=0 qo_len=32 kv_len=4096 n_heads=12 n_kv_heads=2 head_dim=128 kv_head=0 worker=0 block_r=0 block_c=0 t0_us=2285373964753 t1_us=2285373964766 dur_us=12
FIG8_ATTENTION_EVENT mode=baseline phase=warmup iteration=4 component=safe_sm component_id=5 lut_exp=0 qo_len=32 kv_len=4096 n_heads=12 n_kv_heads=2 head_dim=128 kv_head=0 worker=0 block_r=0 block_c=0 t0_us=2285373964766 t1_us=2285373965394 dur_us=627
FIG8_ATTENTION_EVENT mode=baseline phase=warmup iteration=4 component=v_load component_id=3 lut_exp=0 qo_len=32 kv_len=4096 n_heads=12 n_kv_heads=2 head_dim=128 kv_head=0 worker=0 block_r=0 block_c=0 t0_us=2285373965395 t1_us=2285373965563 dur_us=168
FIG8_ATTENTION_EVENT mode=baseline phase=warmup iteration=4 component=core_acc component_id=6 lut_exp=0 qo_len=32 kv_len=4096 n_heads=12 n_kv_heads=2 head_dim=128 kv_head=0 worker=0 block_r=0 block_c=0 t0_us=2285373965564 t1_us=2285373965575 dur_us=11
FIG8_ATTENTION_EVENT mode=baseline phase=warmup iteration=4 component=o_scale component_id=7 lut_exp=0 qo_len=32 kv_len=4096 n_heads=12 n_kv_heads=2 head_dim=128 kv_head=0 worker=0 block_r=0 block_c=-1 t0_us=2285373965575 t1_us=2285373965577 dur_us=1
FIG8_ATTENTION_EVENT mode=baseline phase=warmup iteration=4 component=o_store component_id=8 lut_exp=0 qo_len=32 kv_len=4096 n_heads=12 n_kv_heads=2 head_dim=128 kv_head=0 worker=0 block_r=0 block_c=-1 t0_us=2285373965577 t1_us=2285373965589 dur_us=11
FIG8_ATTENTION_EVENT mode=baseline phase=warmup iteration=4 component=q_load component_id=1 lut_exp=0 qo_len=32 kv_len=4096 n_heads=12 n_kv_heads=2 head_dim=128 kv_head=1 worker=0 block_r=0 block_c=-1 t0_us=2285373965633 t1_us=2285373965641 dur_us=8
FIG8_ATTENTION_EVENT mode=baseline phase=warmup iteration=4 component=k_load component_id=2 lut_exp=0 qo_len=32 kv_len=4096 n_heads=12 n_kv_heads=2 head_dim=128 kv_head=1 worker=0 block_r=0 block_c=0 t0_us=2285373965643 t1_us=2285373965856 dur_us=212
FIG8_ATTENTION_EVENT mode=baseline phase=warmup iteration=4 component=qk_dot component_id=4 lut_exp=0 qo_len=32 kv_len=4096 n_heads=12 n_kv_heads=2 head_dim=128 kv_head=1 worker=0 block_r=0 block_c=0 t0_us=2285373965856 t1_us=2285373965868 dur_us=12
FIG8_ATTENTION_EVENT mode=baseline phase=warmup iteration=4 component=safe_sm component_id=5 lut_exp=0 qo_len=32 kv_len=4096 n_heads=12 n_kv_heads=2 head_dim=128 kv_head=1 worker=0 block_r=0 block_c=0 t0_us=2285373965869 t1_us=2285373966498 dur_us=628
FIG8_ATTENTION_EVENT mode=baseline phase=warmup iteration=4 component=v_load component_id=3 lut_exp=0 qo_len=32 kv_len=4096 n_heads=12 n_kv_heads=2 head_dim=128 kv_head=1 worker=0 block_r=0 block_c=0 t0_us=2285373966498 t1_us=2285373966665 dur_us=166
FIG8_ATTENTION_EVENT mode=baseline phase=warmup iteration=4 component=core_acc component_id=6 lut_exp=0 qo_len=32 kv_len=4096 n_heads=12 n_kv_heads=2 head_dim=128 kv_head=1 worker=0 block_r=0 block_c=0 t0_us=2285373966665 t1_us=2285373966676 dur_us=10
FIG8_ATTENTION_EVENT mode=baseline phase=warmup iteration=4 component=o_scale component_id=7 lut_exp=0 qo_len=32 kv_len=4096 n_heads=12 n_kv_heads=2 head_dim=128 kv_head=1 worker=0 block_r=0 block_c=-1 t0_us=2285373966677 t1_us=2285373966679 dur_us=1
FIG8_ATTENTION_EVENT mode=baseline phase=warmup iteration=4 component=o_store component_id=8 lut_exp=0 qo_len=32 kv_len=4096 n_heads=12 n_kv_heads=2 head_dim=128 kv_head=1 worker=0 block_r=0 block_c=-1 t0_us=2285373966679 t1_us=2285373966691 dur_us=11
FIG8_ATTENTION_HOST_TIMING mode=baseline scna_width=0 qo_len=32 kv_len=4096 n_heads=12 n_kv_heads=2 head_dim=128 phase=measure iteration=0 host_elapsed_us=2372 ret=0
FIG8_ATTENTION_PROFILE_COUNT mode=baseline qo_len=32 phase=measure iteration=0 records=2 max_records=10
FIG8_ATTENTION_TIMERS mode=baseline phase=measure iteration=0 lut_exp=0 nonlinear_mode=0 scna_width=0 scna_exp=0 qo_len=32 kv_len=4096 n_heads=12 n_kv_heads=2 head_dim=128 kv_head=0 worker=0 profiled_total=1005 q_load=7 k_load=168 v_load=158 qk_dot=12 safe_sm=637 core_acc=11 o_scale=1 o_store=11
FIG8_ATTENTION_TIMERS mode=baseline phase=measure iteration=0 lut_exp=0 nonlinear_mode=0 scna_width=0 scna_exp=0 qo_len=32 kv_len=4096 n_heads=12 n_kv_heads=2 head_dim=128 kv_head=1 worker=0 profiled_total=1049 q_load=8 k_load=210 v_load=168 qk_dot=12 safe_sm=628 core_acc=11 o_scale=1 o_store=11
FIG8_ATTENTION_EVENT_COUNT mode=baseline qo_len=32 phase=measure iteration=0 events=16 max_events=24896 overflow=0
FIG8_ATTENTION_EVENT mode=baseline phase=measure iteration=0 component=q_load component_id=1 lut_exp=0 qo_len=32 kv_len=4096 n_heads=12 n_kv_heads=2 head_dim=128 kv_head=0 worker=0 block_r=0 block_c=-1 t0_us=2285373967158 t1_us=2285373967165 dur_us=7
FIG8_ATTENTION_EVENT mode=baseline phase=measure iteration=0 component=k_load component_id=2 lut_exp=0 qo_len=32 kv_len=4096 n_heads=12 n_kv_heads=2 head_dim=128 kv_head=0 worker=0 block_r=0 block_c=0 t0_us=2285373967168 t1_us=2285373967337 dur_us=168
FIG8_ATTENTION_EVENT mode=baseline phase=measure iteration=0 component=qk_dot component_id=4 lut_exp=0 qo_len=32 kv_len=4096 n_heads=12 n_kv_heads=2 head_dim=128 kv_head=0 worker=0 block_r=0 block_c=0 t0_us=2285373967337 t1_us=2285373967349 dur_us=12
FIG8_ATTENTION_EVENT mode=baseline phase=measure iteration=0 component=safe_sm component_id=5 lut_exp=0 qo_len=32 kv_len=4096 n_heads=12 n_kv_heads=2 head_dim=128 kv_head=0 worker=0 block_r=0 block_c=0 t0_us=2285373967349 t1_us=2285373967987 dur_us=637
FIG8_ATTENTION_EVENT mode=baseline phase=measure iteration=0 component=v_load component_id=3 lut_exp=0 qo_len=32 kv_len=4096 n_heads=12 n_kv_heads=2 head_dim=128 kv_head=0 worker=0 block_r=0 block_c=0 t0_us=2285373967988 t1_us=2285373968146 dur_us=158
FIG8_ATTENTION_EVENT mode=baseline phase=measure iteration=0 component=core_acc component_id=6 lut_exp=0 qo_len=32 kv_len=4096 n_heads=12 n_kv_heads=2 head_dim=128 kv_head=0 worker=0 block_r=0 block_c=0 t0_us=2285373968147 t1_us=2285373968158 dur_us=11
FIG8_ATTENTION_EVENT mode=baseline phase=measure iteration=0 component=o_scale component_id=7 lut_exp=0 qo_len=32 kv_len=4096 n_heads=12 n_kv_heads=2 head_dim=128 kv_head=0 worker=0 block_r=0 block_c=-1 t0_us=2285373968158 t1_us=2285373968160 dur_us=1
FIG8_ATTENTION_EVENT mode=baseline phase=measure iteration=0 component=o_store component_id=8 lut_exp=0 qo_len=32 kv_len=4096 n_heads=12 n_kv_heads=2 head_dim=128 kv_head=0 worker=0 block_r=0 block_c=-1 t0_us=2285373968160 t1_us=2285373968172 dur_us=11
FIG8_ATTENTION_EVENT mode=baseline phase=measure iteration=0 component=q_load component_id=1 lut_exp=0 qo_len=32 kv_len=4096 n_heads=12 n_kv_heads=2 head_dim=128 kv_head=1 worker=0 block_r=0 block_c=-1 t0_us=2285373968215 t1_us=2285373968223 dur_us=8
FIG8_ATTENTION_EVENT mode=baseline phase=measure iteration=0 component=k_load component_id=2 lut_exp=0 qo_len=32 kv_len=4096 n_heads=12 n_kv_heads=2 head_dim=128 kv_head=1 worker=0 block_r=0 block_c=0 t0_us=2285373968225 t1_us=2285373968436 dur_us=210
FIG8_ATTENTION_EVENT mode=baseline phase=measure iteration=0 component=qk_dot component_id=4 lut_exp=0 qo_len=32 kv_len=4096 n_heads=12 n_kv_heads=2 head_dim=128 kv_head=1 worker=0 block_r=0 block_c=0 t0_us=2285373968436 t1_us=2285373968448 dur_us=12
FIG8_ATTENTION_EVENT mode=baseline phase=measure iteration=0 component=safe_sm component_id=5 lut_exp=0 qo_len=32 kv_len=4096 n_heads=12 n_kv_heads=2 head_dim=128 kv_head=1 worker=0 block_r=0 block_c=0 t0_us=2285373968449 t1_us=2285373969077 dur_us=628
FIG8_ATTENTION_EVENT mode=baseline phase=measure iteration=0 component=v_load component_id=3 lut_exp=0 qo_len=32 kv_len=4096 n_heads=12 n_kv_heads=2 head_dim=128 kv_head=1 worker=0 block_r=0 block_c=0 t0_us=2285373969077 t1_us=2285373969246 dur_us=168
FIG8_ATTENTION_EVENT mode=baseline phase=measure iteration=0 component=core_acc component_id=6 lut_exp=0 qo_len=32 kv_len=4096 n_heads=12 n_kv_heads=2 head_dim=128 kv_head=1 worker=0 block_r=0 block_c=0 t0_us=2285373969247 t1_us=2285373969258 dur_us=11
FIG8_ATTENTION_EVENT mode=baseline phase=measure iteration=0 component=o_scale component_id=7 lut_exp=0 qo_len=32 kv_len=4096 n_heads=12 n_kv_heads=2 head_dim=128 kv_head=1 worker=0 block_r=0 block_c=-1 t0_us=2285373969259 t1_us=2285373969261 dur_us=1
FIG8_ATTENTION_EVENT mode=baseline phase=measure iteration=0 component=o_store component_id=8 lut_exp=0 qo_len=32 kv_len=4096 n_heads=12 n_kv_heads=2 head_dim=128 kv_head=1 worker=0 block_r=0 block_c=-1 t0_us=2285373969261 t1_us=2285373969272 dur_us=11
FIG8_ATTENTION_HOST_TIMING mode=baseline scna_width=0 qo_len=32 kv_len=4096 n_heads=12 n_kv_heads=2 head_dim=128 phase=measure iteration=1 host_elapsed_us=2424 ret=0
FIG8_ATTENTION_PROFILE_COUNT mode=baseline qo_len=32 phase=measure iteration=1 records=2 max_records=10
FIG8_ATTENTION_TIMERS mode=baseline phase=measure iteration=1 lut_exp=0 nonlinear_mode=0 scna_width=0 scna_exp=0 qo_len=32 kv_len=4096 n_heads=12 n_kv_heads=2 head_dim=128 kv_head=0 worker=0 profiled_total=1002 q_load=7 k_load=166 v_load=168 qk_dot=12 safe_sm=626 core_acc=11 o_scale=1 o_store=11
FIG8_ATTENTION_TIMERS mode=baseline phase=measure iteration=1 lut_exp=0 nonlinear_mode=0 scna_width=0 scna_exp=0 qo_len=32 kv_len=4096 n_heads=12 n_kv_heads=2 head_dim=128 kv_head=1 worker=0 profiled_total=1077 q_load=8 k_load=206 v_load=189 qk_dot=12 safe_sm=639 core_acc=11 o_scale=1 o_store=11
FIG8_ATTENTION_EVENT_COUNT mode=baseline qo_len=32 phase=measure iteration=1 events=16 max_events=24896 overflow=0
FIG8_ATTENTION_EVENT mode=baseline phase=measure iteration=1 component=q_load component_id=1 lut_exp=0 qo_len=32 kv_len=4096 n_heads=12 n_kv_heads=2 head_dim=128 kv_head=0 worker=0 block_r=0 block_c=-1 t0_us=2285373969724 t1_us=2285373969732 dur_us=7
FIG8_ATTENTION_EVENT mode=baseline phase=measure iteration=1 component=k_load component_id=2 lut_exp=0 qo_len=32 kv_len=4096 n_heads=12 n_kv_heads=2 head_dim=128 kv_head=0 worker=0 block_r=0 block_c=0 t0_us=2285373969734 t1_us=2285373969901 dur_us=166
FIG8_ATTENTION_EVENT mode=baseline phase=measure iteration=1 component=qk_dot component_id=4 lut_exp=0 qo_len=32 kv_len=4096 n_heads=12 n_kv_heads=2 head_dim=128 kv_head=0 worker=0 block_r=0 block_c=0 t0_us=2285373969901 t1_us=2285373969913 dur_us=12
FIG8_ATTENTION_EVENT mode=baseline phase=measure iteration=1 component=safe_sm component_id=5 lut_exp=0 qo_len=32 kv_len=4096 n_heads=12 n_kv_heads=2 head_dim=128 kv_head=0 worker=0 block_r=0 block_c=0 t0_us=2285373969914 t1_us=2285373970540 dur_us=626
FIG8_ATTENTION_EVENT mode=baseline phase=measure iteration=1 component=v_load component_id=3 lut_exp=0 qo_len=32 kv_len=4096 n_heads=12 n_kv_heads=2 head_dim=128 kv_head=0 worker=0 block_r=0 block_c=0 t0_us=2285373970541 t1_us=2285373970710 dur_us=168
FIG8_ATTENTION_EVENT mode=baseline phase=measure iteration=1 component=core_acc component_id=6 lut_exp=0 qo_len=32 kv_len=4096 n_heads=12 n_kv_heads=2 head_dim=128 kv_head=0 worker=0 block_r=0 block_c=0 t0_us=2285373970711 t1_us=2285373970722 dur_us=11
FIG8_ATTENTION_EVENT mode=baseline phase=measure iteration=1 component=o_scale component_id=7 lut_exp=0 qo_len=32 kv_len=4096 n_heads=12 n_kv_heads=2 head_dim=128 kv_head=0 worker=0 block_r=0 block_c=-1 t0_us=2285373970722 t1_us=2285373970724 dur_us=1
FIG8_ATTENTION_EVENT mode=baseline phase=measure iteration=1 component=o_store component_id=8 lut_exp=0 qo_len=32 kv_len=4096 n_heads=12 n_kv_heads=2 head_dim=128 kv_head=0 worker=0 block_r=0 block_c=-1 t0_us=2285373970724 t1_us=2285373970736 dur_us=11
FIG8_ATTENTION_EVENT mode=baseline phase=measure iteration=1 component=q_load component_id=1 lut_exp=0 qo_len=32 kv_len=4096 n_heads=12 n_kv_heads=2 head_dim=128 kv_head=1 worker=0 block_r=0 block_c=-1 t0_us=2285373970779 t1_us=2285373970788 dur_us=8
FIG8_ATTENTION_EVENT mode=baseline phase=measure iteration=1 component=k_load component_id=2 lut_exp=0 qo_len=32 kv_len=4096 n_heads=12 n_kv_heads=2 head_dim=128 kv_head=1 worker=0 block_r=0 block_c=0 t0_us=2285373970790 t1_us=2285373970996 dur_us=206
FIG8_ATTENTION_EVENT mode=baseline phase=measure iteration=1 component=qk_dot component_id=4 lut_exp=0 qo_len=32 kv_len=4096 n_heads=12 n_kv_heads=2 head_dim=128 kv_head=1 worker=0 block_r=0 block_c=0 t0_us=2285373970997 t1_us=2285373971009 dur_us=12
FIG8_ATTENTION_EVENT mode=baseline phase=measure iteration=1 component=safe_sm component_id=5 lut_exp=0 qo_len=32 kv_len=4096 n_heads=12 n_kv_heads=2 head_dim=128 kv_head=1 worker=0 block_r=0 block_c=0 t0_us=2285373971010 t1_us=2285373971649 dur_us=639
FIG8_ATTENTION_EVENT mode=baseline phase=measure iteration=1 component=v_load component_id=3 lut_exp=0 qo_len=32 kv_len=4096 n_heads=12 n_kv_heads=2 head_dim=128 kv_head=1 worker=0 block_r=0 block_c=0 t0_us=2285373971649 t1_us=2285373971838 dur_us=189
FIG8_ATTENTION_EVENT mode=baseline phase=measure iteration=1 component=core_acc component_id=6 lut_exp=0 qo_len=32 kv_len=4096 n_heads=12 n_kv_heads=2 head_dim=128 kv_head=1 worker=0 block_r=0 block_c=0 t0_us=2285373971839 t1_us=2285373971850 dur_us=11
FIG8_ATTENTION_EVENT mode=baseline phase=measure iteration=1 component=o_scale component_id=7 lut_exp=0 qo_len=32 kv_len=4096 n_heads=12 n_kv_heads=2 head_dim=128 kv_head=1 worker=0 block_r=0 block_c=-1 t0_us=2285373971851 t1_us=2285373971853 dur_us=1
FIG8_ATTENTION_EVENT mode=baseline phase=measure iteration=1 component=o_store component_id=8 lut_exp=0 qo_len=32 kv_len=4096 n_heads=12 n_kv_heads=2 head_dim=128 kv_head=1 worker=0 block_r=0 block_c=-1 t0_us=2285373971853 t1_us=2285373971865 dur_us=11
FIG8_ATTENTION_HOST_TIMING mode=baseline scna_width=0 qo_len=32 kv_len=4096 n_heads=12 n_kv_heads=2 head_dim=128 phase=measure iteration=2 host_elapsed_us=2293 ret=0
FIG8_ATTENTION_PROFILE_COUNT mode=baseline qo_len=32 phase=measure iteration=2 records=2 max_records=10
FIG8_ATTENTION_TIMERS mode=baseline phase=measure iteration=2 lut_exp=0 nonlinear_mode=0 scna_width=0 scna_exp=0 qo_len=32 kv_len=4096 n_heads=12 n_kv_heads=2 head_dim=128 kv_head=0 worker=0 profiled_total=971 q_load=7 k_load=83 v_load=186 qk_dot=12 safe_sm=660 core_acc=11 o_scale=1 o_store=11
FIG8_ATTENTION_TIMERS mode=baseline phase=measure iteration=2 lut_exp=0 nonlinear_mode=0 scna_width=0 scna_exp=0 qo_len=32 kv_len=4096 n_heads=12 n_kv_heads=2 head_dim=128 kv_head=1 worker=0 profiled_total=965 q_load=8 k_load=86 v_load=185 qk_dot=12 safe_sm=651 core_acc=11 o_scale=1 o_store=11
FIG8_ATTENTION_EVENT_COUNT mode=baseline qo_len=32 phase=measure iteration=2 events=16 max_events=24896 overflow=0
FIG8_ATTENTION_EVENT mode=baseline phase=measure iteration=2 component=q_load component_id=1 lut_exp=0 qo_len=32 kv_len=4096 n_heads=12 n_kv_heads=2 head_dim=128 kv_head=0 worker=0 block_r=0 block_c=-1 t0_us=2285373972629 t1_us=2285373972637 dur_us=7
FIG8_ATTENTION_EVENT mode=baseline phase=measure iteration=2 component=k_load component_id=2 lut_exp=0 qo_len=32 kv_len=4096 n_heads=12 n_kv_heads=2 head_dim=128 kv_head=0 worker=0 block_r=0 block_c=0 t0_us=2285373972639 t1_us=2285373972722 dur_us=83
FIG8_ATTENTION_EVENT mode=baseline phase=measure iteration=2 component=qk_dot component_id=4 lut_exp=0 qo_len=32 kv_len=4096 n_heads=12 n_kv_heads=2 head_dim=128 kv_head=0 worker=0 block_r=0 block_c=0 t0_us=2285373972722 t1_us=2285373972735 dur_us=12
FIG8_ATTENTION_EVENT mode=baseline phase=measure iteration=2 component=safe_sm component_id=5 lut_exp=0 qo_len=32 kv_len=4096 n_heads=12 n_kv_heads=2 head_dim=128 kv_head=0 worker=0 block_r=0 block_c=0 t0_us=2285373972735 t1_us=2285373973395 dur_us=660
FIG8_ATTENTION_EVENT mode=baseline phase=measure iteration=2 component=v_load component_id=3 lut_exp=0 qo_len=32 kv_len=4096 n_heads=12 n_kv_heads=2 head_dim=128 kv_head=0 worker=0 block_r=0 block_c=0 t0_us=2285373973396 t1_us=2285373973582 dur_us=186
FIG8_ATTENTION_EVENT mode=baseline phase=measure iteration=2 component=core_acc component_id=6 lut_exp=0 qo_len=32 kv_len=4096 n_heads=12 n_kv_heads=2 head_dim=128 kv_head=0 worker=0 block_r=0 block_c=0 t0_us=2285373973583 t1_us=2285373973594 dur_us=11
FIG8_ATTENTION_EVENT mode=baseline phase=measure iteration=2 component=o_scale component_id=7 lut_exp=0 qo_len=32 kv_len=4096 n_heads=12 n_kv_heads=2 head_dim=128 kv_head=0 worker=0 block_r=0 block_c=-1 t0_us=2285373973594 t1_us=2285373973596 dur_us=1
FIG8_ATTENTION_EVENT mode=baseline phase=measure iteration=2 component=o_store component_id=8 lut_exp=0 qo_len=32 kv_len=4096 n_heads=12 n_kv_heads=2 head_dim=128 kv_head=0 worker=0 block_r=0 block_c=-1 t0_us=2285373973596 t1_us=2285373973608 dur_us=11
FIG8_ATTENTION_EVENT mode=baseline phase=measure iteration=2 component=q_load component_id=1 lut_exp=0 qo_len=32 kv_len=4096 n_heads=12 n_kv_heads=2 head_dim=128 kv_head=1 worker=0 block_r=0 block_c=-1 t0_us=2285373973653 t1_us=2285373973661 dur_us=8
FIG8_ATTENTION_EVENT mode=baseline phase=measure iteration=2 component=k_load component_id=2 lut_exp=0 qo_len=32 kv_len=4096 n_heads=12 n_kv_heads=2 head_dim=128 kv_head=1 worker=0 block_r=0 block_c=0 t0_us=2285373973664 t1_us=2285373973750 dur_us=86
FIG8_ATTENTION_EVENT mode=baseline phase=measure iteration=2 component=qk_dot component_id=4 lut_exp=0 qo_len=32 kv_len=4096 n_heads=12 n_kv_heads=2 head_dim=128 kv_head=1 worker=0 block_r=0 block_c=0 t0_us=2285373973751 t1_us=2285373973763 dur_us=12
FIG8_ATTENTION_EVENT mode=baseline phase=measure iteration=2 component=safe_sm component_id=5 lut_exp=0 qo_len=32 kv_len=4096 n_heads=12 n_kv_heads=2 head_dim=128 kv_head=1 worker=0 block_r=0 block_c=0 t0_us=2285373973764 t1_us=2285373974415 dur_us=651
FIG8_ATTENTION_EVENT mode=baseline phase=measure iteration=2 component=v_load component_id=3 lut_exp=0 qo_len=32 kv_len=4096 n_heads=12 n_kv_heads=2 head_dim=128 kv_head=1 worker=0 block_r=0 block_c=0 t0_us=2285373974416 t1_us=2285373974601 dur_us=185
FIG8_ATTENTION_EVENT mode=baseline phase=measure iteration=2 component=core_acc component_id=6 lut_exp=0 qo_len=32 kv_len=4096 n_heads=12 n_kv_heads=2 head_dim=128 kv_head=1 worker=0 block_r=0 block_c=0 t0_us=2285373974602 t1_us=2285373974613 dur_us=11
FIG8_ATTENTION_EVENT mode=baseline phase=measure iteration=2 component=o_scale component_id=7 lut_exp=0 qo_len=32 kv_len=4096 n_heads=12 n_kv_heads=2 head_dim=128 kv_head=1 worker=0 block_r=0 block_c=-1 t0_us=2285373974614 t1_us=2285373974616 dur_us=1
FIG8_ATTENTION_EVENT mode=baseline phase=measure iteration=2 component=o_store component_id=8 lut_exp=0 qo_len=32 kv_len=4096 n_heads=12 n_kv_heads=2 head_dim=128 kv_head=1 worker=0 block_r=0 block_c=-1 t0_us=2285373974616 t1_us=2285373974628 dur_us=11
FIG8_ATTENTION_HOST_TIMING mode=baseline scna_width=0 qo_len=32 kv_len=4096 n_heads=12 n_kv_heads=2 head_dim=128 phase=measure iteration=3 host_elapsed_us=2264 ret=0
FIG8_ATTENTION_PROFILE_COUNT mode=baseline qo_len=32 phase=measure iteration=3 records=2 max_records=10
FIG8_ATTENTION_TIMERS mode=baseline phase=measure iteration=3 lut_exp=0 nonlinear_mode=0 scna_width=0 scna_exp=0 qo_len=32 kv_len=4096 n_heads=12 n_kv_heads=2 head_dim=128 kv_head=0 worker=0 profiled_total=961 q_load=7 k_load=82 v_load=182 qk_dot=12 safe_sm=655 core_acc=11 o_scale=1 o_store=11
FIG8_ATTENTION_TIMERS mode=baseline phase=measure iteration=3 lut_exp=0 nonlinear_mode=0 scna_width=0 scna_exp=0 qo_len=32 kv_len=4096 n_heads=12 n_kv_heads=2 head_dim=128 kv_head=1 worker=0 profiled_total=966 q_load=8 k_load=85 v_load=186 qk_dot=12 safe_sm=652 core_acc=11 o_scale=1 o_store=11
FIG8_ATTENTION_EVENT_COUNT mode=baseline qo_len=32 phase=measure iteration=3 events=16 max_events=24896 overflow=0
FIG8_ATTENTION_EVENT mode=baseline phase=measure iteration=3 component=q_load component_id=1 lut_exp=0 qo_len=32 kv_len=4096 n_heads=12 n_kv_heads=2 head_dim=128 kv_head=0 worker=0 block_r=0 block_c=-1 t0_us=2285373975327 t1_us=2285373975335 dur_us=7
FIG8_ATTENTION_EVENT mode=baseline phase=measure iteration=3 component=k_load component_id=2 lut_exp=0 qo_len=32 kv_len=4096 n_heads=12 n_kv_heads=2 head_dim=128 kv_head=0 worker=0 block_r=0 block_c=0 t0_us=2285373975338 t1_us=2285373975420 dur_us=82
FIG8_ATTENTION_EVENT mode=baseline phase=measure iteration=3 component=qk_dot component_id=4 lut_exp=0 qo_len=32 kv_len=4096 n_heads=12 n_kv_heads=2 head_dim=128 kv_head=0 worker=0 block_r=0 block_c=0 t0_us=2285373975420 t1_us=2285373975433 dur_us=12
FIG8_ATTENTION_EVENT mode=baseline phase=measure iteration=3 component=safe_sm component_id=5 lut_exp=0 qo_len=32 kv_len=4096 n_heads=12 n_kv_heads=2 head_dim=128 kv_head=0 worker=0 block_r=0 block_c=0 t0_us=2285373975433 t1_us=2285373976088 dur_us=655
FIG8_ATTENTION_EVENT mode=baseline phase=measure iteration=3 component=v_load component_id=3 lut_exp=0 qo_len=32 kv_len=4096 n_heads=12 n_kv_heads=2 head_dim=128 kv_head=0 worker=0 block_r=0 block_c=0 t0_us=2285373976090 t1_us=2285373976272 dur_us=182
FIG8_ATTENTION_EVENT mode=baseline phase=measure iteration=3 component=core_acc component_id=6 lut_exp=0 qo_len=32 kv_len=4096 n_heads=12 n_kv_heads=2 head_dim=128 kv_head=0 worker=0 block_r=0 block_c=0 t0_us=2285373976273 t1_us=2285373976284 dur_us=11
FIG8_ATTENTION_EVENT mode=baseline phase=measure iteration=3 component=o_scale component_id=7 lut_exp=0 qo_len=32 kv_len=4096 n_heads=12 n_kv_heads=2 head_dim=128 kv_head=0 worker=0 block_r=0 block_c=-1 t0_us=2285373976284 t1_us=2285373976286 dur_us=1
FIG8_ATTENTION_EVENT mode=baseline phase=measure iteration=3 component=o_store component_id=8 lut_exp=0 qo_len=32 kv_len=4096 n_heads=12 n_kv_heads=2 head_dim=128 kv_head=0 worker=0 block_r=0 block_c=-1 t0_us=2285373976286 t1_us=2285373976298 dur_us=11
FIG8_ATTENTION_EVENT mode=baseline phase=measure iteration=3 component=q_load component_id=1 lut_exp=0 qo_len=32 kv_len=4096 n_heads=12 n_kv_heads=2 head_dim=128 kv_head=1 worker=0 block_r=0 block_c=-1 t0_us=2285373976342 t1_us=2285373976350 dur_us=8
FIG8_ATTENTION_EVENT mode=baseline phase=measure iteration=3 component=k_load component_id=2 lut_exp=0 qo_len=32 kv_len=4096 n_heads=12 n_kv_heads=2 head_dim=128 kv_head=1 worker=0 block_r=0 block_c=0 t0_us=2285373976352 t1_us=2285373976438 dur_us=85
FIG8_ATTENTION_EVENT mode=baseline phase=measure iteration=3 component=qk_dot component_id=4 lut_exp=0 qo_len=32 kv_len=4096 n_heads=12 n_kv_heads=2 head_dim=128 kv_head=1 worker=0 block_r=0 block_c=0 t0_us=2285373976439 t1_us=2285373976451 dur_us=12
FIG8_ATTENTION_EVENT mode=baseline phase=measure iteration=3 component=safe_sm component_id=5 lut_exp=0 qo_len=32 kv_len=4096 n_heads=12 n_kv_heads=2 head_dim=128 kv_head=1 worker=0 block_r=0 block_c=0 t0_us=2285373976452 t1_us=2285373977104 dur_us=652
FIG8_ATTENTION_EVENT mode=baseline phase=measure iteration=3 component=v_load component_id=3 lut_exp=0 qo_len=32 kv_len=4096 n_heads=12 n_kv_heads=2 head_dim=128 kv_head=1 worker=0 block_r=0 block_c=0 t0_us=2285373977104 t1_us=2285373977291 dur_us=186
FIG8_ATTENTION_EVENT mode=baseline phase=measure iteration=3 component=core_acc component_id=6 lut_exp=0 qo_len=32 kv_len=4096 n_heads=12 n_kv_heads=2 head_dim=128 kv_head=1 worker=0 block_r=0 block_c=0 t0_us=2285373977291 t1_us=2285373977303 dur_us=11
FIG8_ATTENTION_EVENT mode=baseline phase=measure iteration=3 component=o_scale component_id=7 lut_exp=0 qo_len=32 kv_len=4096 n_heads=12 n_kv_heads=2 head_dim=128 kv_head=1 worker=0 block_r=0 block_c=-1 t0_us=2285373977304 t1_us=2285373977305 dur_us=1
FIG8_ATTENTION_EVENT mode=baseline phase=measure iteration=3 component=o_store component_id=8 lut_exp=0 qo_len=32 kv_len=4096 n_heads=12 n_kv_heads=2 head_dim=128 kv_head=1 worker=0 block_r=0 block_c=-1 t0_us=2285373977306 t1_us=2285373977317 dur_us=11
FIG8_ATTENTION_HOST_TIMING mode=baseline scna_width=0 qo_len=32 kv_len=4096 n_heads=12 n_kv_heads=2 head_dim=128 phase=measure iteration=4 host_elapsed_us=2217 ret=0
FIG8_ATTENTION_PROFILE_COUNT mode=baseline qo_len=32 phase=measure iteration=4 records=2 max_records=10
FIG8_ATTENTION_TIMERS mode=baseline phase=measure iteration=4 lut_exp=0 nonlinear_mode=0 scna_width=0 scna_exp=0 qo_len=32 kv_len=4096 n_heads=12 n_kv_heads=2 head_dim=128 kv_head=0 worker=0 profiled_total=957 q_load=7 k_load=81 v_load=182 qk_dot=12 safe_sm=652 core_acc=11 o_scale=1 o_store=11
FIG8_ATTENTION_TIMERS mode=baseline phase=measure iteration=4 lut_exp=0 nonlinear_mode=0 scna_width=0 scna_exp=0 qo_len=32 kv_len=4096 n_heads=12 n_kv_heads=2 head_dim=128 kv_head=1 worker=0 profiled_total=964 q_load=8 k_load=85 v_load=187 qk_dot=12 safe_sm=649 core_acc=11 o_scale=1 o_store=11
FIG8_ATTENTION_EVENT_COUNT mode=baseline qo_len=32 phase=measure iteration=4 events=16 max_events=24896 overflow=0
FIG8_ATTENTION_EVENT mode=baseline phase=measure iteration=4 component=q_load component_id=1 lut_exp=0 qo_len=32 kv_len=4096 n_heads=12 n_kv_heads=2 head_dim=128 kv_head=0 worker=0 block_r=0 block_c=-1 t0_us=2285373978237 t1_us=2285373978245 dur_us=7
FIG8_ATTENTION_EVENT mode=baseline phase=measure iteration=4 component=k_load component_id=2 lut_exp=0 qo_len=32 kv_len=4096 n_heads=12 n_kv_heads=2 head_dim=128 kv_head=0 worker=0 block_r=0 block_c=0 t0_us=2285373978248 t1_us=2285373978330 dur_us=81
FIG8_ATTENTION_EVENT mode=baseline phase=measure iteration=4 component=qk_dot component_id=4 lut_exp=0 qo_len=32 kv_len=4096 n_heads=12 n_kv_heads=2 head_dim=128 kv_head=0 worker=0 block_r=0 block_c=0 t0_us=2285373978330 t1_us=2285373978342 dur_us=12
FIG8_ATTENTION_EVENT mode=baseline phase=measure iteration=4 component=safe_sm component_id=5 lut_exp=0 qo_len=32 kv_len=4096 n_heads=12 n_kv_heads=2 head_dim=128 kv_head=0 worker=0 block_r=0 block_c=0 t0_us=2285373978342 t1_us=2285373978995 dur_us=652
FIG8_ATTENTION_EVENT mode=baseline phase=measure iteration=4 component=v_load component_id=3 lut_exp=0 qo_len=32 kv_len=4096 n_heads=12 n_kv_heads=2 head_dim=128 kv_head=0 worker=0 block_r=0 block_c=0 t0_us=2285373978996 t1_us=2285373979179 dur_us=182
FIG8_ATTENTION_EVENT mode=baseline phase=measure iteration=4 component=core_acc component_id=6 lut_exp=0 qo_len=32 kv_len=4096 n_heads=12 n_kv_heads=2 head_dim=128 kv_head=0 worker=0 block_r=0 block_c=0 t0_us=2285373979179 t1_us=2285373979191 dur_us=11
FIG8_ATTENTION_EVENT mode=baseline phase=measure iteration=4 component=o_scale component_id=7 lut_exp=0 qo_len=32 kv_len=4096 n_heads=12 n_kv_heads=2 head_dim=128 kv_head=0 worker=0 block_r=0 block_c=-1 t0_us=2285373979191 t1_us=2285373979193 dur_us=1
FIG8_ATTENTION_EVENT mode=baseline phase=measure iteration=4 component=o_store component_id=8 lut_exp=0 qo_len=32 kv_len=4096 n_heads=12 n_kv_heads=2 head_dim=128 kv_head=0 worker=0 block_r=0 block_c=-1 t0_us=2285373979193 t1_us=2285373979205 dur_us=11
FIG8_ATTENTION_EVENT mode=baseline phase=measure iteration=4 component=q_load component_id=1 lut_exp=0 qo_len=32 kv_len=4096 n_heads=12 n_kv_heads=2 head_dim=128 kv_head=1 worker=0 block_r=0 block_c=-1 t0_us=2285373979247 t1_us=2285373979255 dur_us=8
FIG8_ATTENTION_EVENT mode=baseline phase=measure iteration=4 component=k_load component_id=2 lut_exp=0 qo_len=32 kv_len=4096 n_heads=12 n_kv_heads=2 head_dim=128 kv_head=1 worker=0 block_r=0 block_c=0 t0_us=2285373979258 t1_us=2285373979343 dur_us=85
FIG8_ATTENTION_EVENT mode=baseline phase=measure iteration=4 component=qk_dot component_id=4 lut_exp=0 qo_len=32 kv_len=4096 n_heads=12 n_kv_heads=2 head_dim=128 kv_head=1 worker=0 block_r=0 block_c=0 t0_us=2285373979344 t1_us=2285373979356 dur_us=12
FIG8_ATTENTION_EVENT mode=baseline phase=measure iteration=4 component=safe_sm component_id=5 lut_exp=0 qo_len=32 kv_len=4096 n_heads=12 n_kv_heads=2 head_dim=128 kv_head=1 worker=0 block_r=0 block_c=0 t0_us=2285373979357 t1_us=2285373980006 dur_us=649
FIG8_ATTENTION_EVENT mode=baseline phase=measure iteration=4 component=v_load component_id=3 lut_exp=0 qo_len=32 kv_len=4096 n_heads=12 n_kv_heads=2 head_dim=128 kv_head=1 worker=0 block_r=0 block_c=0 t0_us=2285373980006 t1_us=2285373980194 dur_us=187
FIG8_ATTENTION_EVENT mode=baseline phase=measure iteration=4 component=core_acc component_id=6 lut_exp=0 qo_len=32 kv_len=4096 n_heads=12 n_kv_heads=2 head_dim=128 kv_head=1 worker=0 block_r=0 block_c=0 t0_us=2285373980195 t1_us=2285373980206 dur_us=11
FIG8_ATTENTION_EVENT mode=baseline phase=measure iteration=4 component=o_scale component_id=7 lut_exp=0 qo_len=32 kv_len=4096 n_heads=12 n_kv_heads=2 head_dim=128 kv_head=1 worker=0 block_r=0 block_c=-1 t0_us=2285373980207 t1_us=2285373980209 dur_us=1
FIG8_ATTENTION_EVENT mode=baseline phase=measure iteration=4 component=o_store component_id=8 lut_exp=0 qo_len=32 kv_len=4096 n_heads=12 n_kv_heads=2 head_dim=128 kv_head=1 worker=0 block_r=0 block_c=-1 t0_us=2285373980209 t1_us=2285373980220 dur_us=11
FIG8_ATTENTION_HOST_TIMING mode=baseline scna_width=0 qo_len=32 kv_len=4096 n_heads=12 n_kv_heads=2 head_dim=128 phase=measure iteration=5 host_elapsed_us=2267 ret=0
FIG8_ATTENTION_PROFILE_COUNT mode=baseline qo_len=32 phase=measure iteration=5 records=2 max_records=10
FIG8_ATTENTION_TIMERS mode=baseline phase=measure iteration=5 lut_exp=0 nonlinear_mode=0 scna_width=0 scna_exp=0 qo_len=32 kv_len=4096 n_heads=12 n_kv_heads=2 head_dim=128 kv_head=0 worker=0 profiled_total=963 q_load=7 k_load=81 v_load=187 qk_dot=12 safe_sm=653 core_acc=11 o_scale=1 o_store=11
FIG8_ATTENTION_TIMERS mode=baseline phase=measure iteration=5 lut_exp=0 nonlinear_mode=0 scna_width=0 scna_exp=0 qo_len=32 kv_len=4096 n_heads=12 n_kv_heads=2 head_dim=128 kv_head=1 worker=0 profiled_total=961 q_load=8 k_load=85 v_load=187 qk_dot=12 safe_sm=647 core_acc=10 o_scale=1 o_store=11
FIG8_ATTENTION_EVENT_COUNT mode=baseline qo_len=32 phase=measure iteration=5 events=16 max_events=24896 overflow=0
FIG8_ATTENTION_EVENT mode=baseline phase=measure iteration=5 component=q_load component_id=1 lut_exp=0 qo_len=32 kv_len=4096 n_heads=12 n_kv_heads=2 head_dim=128 kv_head=0 worker=0 block_r=0 block_c=-1 t0_us=2285373980851 t1_us=2285373980859 dur_us=7
FIG8_ATTENTION_EVENT mode=baseline phase=measure iteration=5 component=k_load component_id=2 lut_exp=0 qo_len=32 kv_len=4096 n_heads=12 n_kv_heads=2 head_dim=128 kv_head=0 worker=0 block_r=0 block_c=0 t0_us=2285373980862 t1_us=2285373980943 dur_us=81
FIG8_ATTENTION_EVENT mode=baseline phase=measure iteration=5 component=qk_dot component_id=4 lut_exp=0 qo_len=32 kv_len=4096 n_heads=12 n_kv_heads=2 head_dim=128 kv_head=0 worker=0 block_r=0 block_c=0 t0_us=2285373980943 t1_us=2285373980956 dur_us=12
FIG8_ATTENTION_EVENT mode=baseline phase=measure iteration=5 component=safe_sm component_id=5 lut_exp=0 qo_len=32 kv_len=4096 n_heads=12 n_kv_heads=2 head_dim=128 kv_head=0 worker=0 block_r=0 block_c=0 t0_us=2285373980956 t1_us=2285373981610 dur_us=653
FIG8_ATTENTION_EVENT mode=baseline phase=measure iteration=5 component=v_load component_id=3 lut_exp=0 qo_len=32 kv_len=4096 n_heads=12 n_kv_heads=2 head_dim=128 kv_head=0 worker=0 block_r=0 block_c=0 t0_us=2285373981611 t1_us=2285373981799 dur_us=187
FIG8_ATTENTION_EVENT mode=baseline phase=measure iteration=5 component=core_acc component_id=6 lut_exp=0 qo_len=32 kv_len=4096 n_heads=12 n_kv_heads=2 head_dim=128 kv_head=0 worker=0 block_r=0 block_c=0 t0_us=2285373981799 t1_us=2285373981810 dur_us=11
FIG8_ATTENTION_EVENT mode=baseline phase=measure iteration=5 component=o_scale component_id=7 lut_exp=0 qo_len=32 kv_len=4096 n_heads=12 n_kv_heads=2 head_dim=128 kv_head=0 worker=0 block_r=0 block_c=-1 t0_us=2285373981810 t1_us=2285373981812 dur_us=1
FIG8_ATTENTION_EVENT mode=baseline phase=measure iteration=5 component=o_store component_id=8 lut_exp=0 qo_len=32 kv_len=4096 n_heads=12 n_kv_heads=2 head_dim=128 kv_head=0 worker=0 block_r=0 block_c=-1 t0_us=2285373981812 t1_us=2285373981824 dur_us=11
FIG8_ATTENTION_EVENT mode=baseline phase=measure iteration=5 component=q_load component_id=1 lut_exp=0 qo_len=32 kv_len=4096 n_heads=12 n_kv_heads=2 head_dim=128 kv_head=1 worker=0 block_r=0 block_c=-1 t0_us=2285373981867 t1_us=2285373981875 dur_us=8
FIG8_ATTENTION_EVENT mode=baseline phase=measure iteration=5 component=k_load component_id=2 lut_exp=0 qo_len=32 kv_len=4096 n_heads=12 n_kv_heads=2 head_dim=128 kv_head=1 worker=0 block_r=0 block_c=0 t0_us=2285373981878 t1_us=2285373981963 dur_us=85
FIG8_ATTENTION_EVENT mode=baseline phase=measure iteration=5 component=qk_dot component_id=4 lut_exp=0 qo_len=32 kv_len=4096 n_heads=12 n_kv_heads=2 head_dim=128 kv_head=1 worker=0 block_r=0 block_c=0 t0_us=2285373981964 t1_us=2285373981976 dur_us=12
FIG8_ATTENTION_EVENT mode=baseline phase=measure iteration=5 component=safe_sm component_id=5 lut_exp=0 qo_len=32 kv_len=4096 n_heads=12 n_kv_heads=2 head_dim=128 kv_head=1 worker=0 block_r=0 block_c=0 t0_us=2285373981977 t1_us=2285373982624 dur_us=647
FIG8_ATTENTION_EVENT mode=baseline phase=measure iteration=5 component=v_load component_id=3 lut_exp=0 qo_len=32 kv_len=4096 n_heads=12 n_kv_heads=2 head_dim=128 kv_head=1 worker=0 block_r=0 block_c=0 t0_us=2285373982624 t1_us=2285373982812 dur_us=187
FIG8_ATTENTION_EVENT mode=baseline phase=measure iteration=5 component=core_acc component_id=6 lut_exp=0 qo_len=32 kv_len=4096 n_heads=12 n_kv_heads=2 head_dim=128 kv_head=1 worker=0 block_r=0 block_c=0 t0_us=2285373982813 t1_us=2285373982823 dur_us=10
FIG8_ATTENTION_EVENT mode=baseline phase=measure iteration=5 component=o_scale component_id=7 lut_exp=0 qo_len=32 kv_len=4096 n_heads=12 n_kv_heads=2 head_dim=128 kv_head=1 worker=0 block_r=0 block_c=-1 t0_us=2285373982824 t1_us=2285373982826 dur_us=1
FIG8_ATTENTION_EVENT mode=baseline phase=measure iteration=5 component=o_store component_id=8 lut_exp=0 qo_len=32 kv_len=4096 n_heads=12 n_kv_heads=2 head_dim=128 kv_head=1 worker=0 block_r=0 block_c=-1 t0_us=2285373982827 t1_us=2285373982838 dur_us=11
FIG8_ATTENTION_HOST_TIMING mode=baseline scna_width=0 qo_len=32 kv_len=4096 n_heads=12 n_kv_heads=2 head_dim=128 phase=measure iteration=6 host_elapsed_us=2221 ret=0
FIG8_ATTENTION_PROFILE_COUNT mode=baseline qo_len=32 phase=measure iteration=6 records=2 max_records=10
FIG8_ATTENTION_TIMERS mode=baseline phase=measure iteration=6 lut_exp=0 nonlinear_mode=0 scna_width=0 scna_exp=0 qo_len=32 kv_len=4096 n_heads=12 n_kv_heads=2 head_dim=128 kv_head=0 worker=0 profiled_total=958 q_load=8 k_load=80 v_load=182 qk_dot=12 safe_sm=653 core_acc=11 o_scale=1 o_store=11
FIG8_ATTENTION_TIMERS mode=baseline phase=measure iteration=6 lut_exp=0 nonlinear_mode=0 scna_width=0 scna_exp=0 qo_len=32 kv_len=4096 n_heads=12 n_kv_heads=2 head_dim=128 kv_head=1 worker=0 profiled_total=962 q_load=8 k_load=84 v_load=187 qk_dot=12 safe_sm=648 core_acc=11 o_scale=1 o_store=11
FIG8_ATTENTION_EVENT_COUNT mode=baseline qo_len=32 phase=measure iteration=6 events=16 max_events=24896 overflow=0
FIG8_ATTENTION_EVENT mode=baseline phase=measure iteration=6 component=q_load component_id=1 lut_exp=0 qo_len=32 kv_len=4096 n_heads=12 n_kv_heads=2 head_dim=128 kv_head=0 worker=0 block_r=0 block_c=-1 t0_us=2285373983498 t1_us=2285373983506 dur_us=8
FIG8_ATTENTION_EVENT mode=baseline phase=measure iteration=6 component=k_load component_id=2 lut_exp=0 qo_len=32 kv_len=4096 n_heads=12 n_kv_heads=2 head_dim=128 kv_head=0 worker=0 block_r=0 block_c=0 t0_us=2285373983509 t1_us=2285373983590 dur_us=80
FIG8_ATTENTION_EVENT mode=baseline phase=measure iteration=6 component=qk_dot component_id=4 lut_exp=0 qo_len=32 kv_len=4096 n_heads=12 n_kv_heads=2 head_dim=128 kv_head=0 worker=0 block_r=0 block_c=0 t0_us=2285373983590 t1_us=2285373983603 dur_us=12
FIG8_ATTENTION_EVENT mode=baseline phase=measure iteration=6 component=safe_sm component_id=5 lut_exp=0 qo_len=32 kv_len=4096 n_heads=12 n_kv_heads=2 head_dim=128 kv_head=0 worker=0 block_r=0 block_c=0 t0_us=2285373983603 t1_us=2285373984257 dur_us=653
FIG8_ATTENTION_EVENT mode=baseline phase=measure iteration=6 component=v_load component_id=3 lut_exp=0 qo_len=32 kv_len=4096 n_heads=12 n_kv_heads=2 head_dim=128 kv_head=0 worker=0 block_r=0 block_c=0 t0_us=2285373984258 t1_us=2285373984440 dur_us=182
FIG8_ATTENTION_EVENT mode=baseline phase=measure iteration=6 component=core_acc component_id=6 lut_exp=0 qo_len=32 kv_len=4096 n_heads=12 n_kv_heads=2 head_dim=128 kv_head=0 worker=0 block_r=0 block_c=0 t0_us=2285373984441 t1_us=2285373984452 dur_us=11
FIG8_ATTENTION_EVENT mode=baseline phase=measure iteration=6 component=o_scale component_id=7 lut_exp=0 qo_len=32 kv_len=4096 n_heads=12 n_kv_heads=2 head_dim=128 kv_head=0 worker=0 block_r=0 block_c=-1 t0_us=2285373984452 t1_us=2285373984454 dur_us=1
FIG8_ATTENTION_EVENT mode=baseline phase=measure iteration=6 component=o_store component_id=8 lut_exp=0 qo_len=32 kv_len=4096 n_heads=12 n_kv_heads=2 head_dim=128 kv_head=0 worker=0 block_r=0 block_c=-1 t0_us=2285373984454 t1_us=2285373984466 dur_us=11
FIG8_ATTENTION_EVENT mode=baseline phase=measure iteration=6 component=q_load component_id=1 lut_exp=0 qo_len=32 kv_len=4096 n_heads=12 n_kv_heads=2 head_dim=128 kv_head=1 worker=0 block_r=0 block_c=-1 t0_us=2285373984507 t1_us=2285373984516 dur_us=8
FIG8_ATTENTION_EVENT mode=baseline phase=measure iteration=6 component=k_load component_id=2 lut_exp=0 qo_len=32 kv_len=4096 n_heads=12 n_kv_heads=2 head_dim=128 kv_head=1 worker=0 block_r=0 block_c=0 t0_us=2285373984518 t1_us=2285373984603 dur_us=84
FIG8_ATTENTION_EVENT mode=baseline phase=measure iteration=6 component=qk_dot component_id=4 lut_exp=0 qo_len=32 kv_len=4096 n_heads=12 n_kv_heads=2 head_dim=128 kv_head=1 worker=0 block_r=0 block_c=0 t0_us=2285373984603 t1_us=2285373984615 dur_us=12
FIG8_ATTENTION_EVENT mode=baseline phase=measure iteration=6 component=safe_sm component_id=5 lut_exp=0 qo_len=32 kv_len=4096 n_heads=12 n_kv_heads=2 head_dim=128 kv_head=1 worker=0 block_r=0 block_c=0 t0_us=2285373984616 t1_us=2285373985265 dur_us=648
FIG8_ATTENTION_EVENT mode=baseline phase=measure iteration=6 component=v_load component_id=3 lut_exp=0 qo_len=32 kv_len=4096 n_heads=12 n_kv_heads=2 head_dim=128 kv_head=1 worker=0 block_r=0 block_c=0 t0_us=2285373985265 t1_us=2285373985452 dur_us=187
FIG8_ATTENTION_EVENT mode=baseline phase=measure iteration=6 component=core_acc component_id=6 lut_exp=0 qo_len=32 kv_len=4096 n_heads=12 n_kv_heads=2 head_dim=128 kv_head=1 worker=0 block_r=0 block_c=0 t0_us=2285373985453 t1_us=2285373985465 dur_us=11
FIG8_ATTENTION_EVENT mode=baseline phase=measure iteration=6 component=o_scale component_id=7 lut_exp=0 qo_len=32 kv_len=4096 n_heads=12 n_kv_heads=2 head_dim=128 kv_head=1 worker=0 block_r=0 block_c=-1 t0_us=2285373985465 t1_us=2285373985467 dur_us=1
FIG8_ATTENTION_EVENT mode=baseline phase=measure iteration=6 component=o_store component_id=8 lut_exp=0 qo_len=32 kv_len=4096 n_heads=12 n_kv_heads=2 head_dim=128 kv_head=1 worker=0 block_r=0 block_c=-1 t0_us=2285373985467 t1_us=2285373985478 dur_us=11
FIG8_ATTENTION_HOST_TIMING mode=baseline scna_width=0 qo_len=32 kv_len=4096 n_heads=12 n_kv_heads=2 head_dim=128 phase=measure iteration=7 host_elapsed_us=2300 ret=0
FIG8_ATTENTION_PROFILE_COUNT mode=baseline qo_len=32 phase=measure iteration=7 records=2 max_records=10
FIG8_ATTENTION_TIMERS mode=baseline phase=measure iteration=7 lut_exp=0 nonlinear_mode=0 scna_width=0 scna_exp=0 qo_len=32 kv_len=4096 n_heads=12 n_kv_heads=2 head_dim=128 kv_head=0 worker=0 profiled_total=956 q_load=7 k_load=80 v_load=182 qk_dot=12 safe_sm=652 core_acc=11 o_scale=1 o_store=11
FIG8_ATTENTION_TIMERS mode=baseline phase=measure iteration=7 lut_exp=0 nonlinear_mode=0 scna_width=0 scna_exp=0 qo_len=32 kv_len=4096 n_heads=12 n_kv_heads=2 head_dim=128 kv_head=1 worker=0 profiled_total=957 q_load=8 k_load=85 v_load=183 qk_dot=12 safe_sm=647 core_acc=10 o_scale=1 o_store=11
FIG8_ATTENTION_EVENT_COUNT mode=baseline qo_len=32 phase=measure iteration=7 events=16 max_events=24896 overflow=0
FIG8_ATTENTION_EVENT mode=baseline phase=measure iteration=7 component=q_load component_id=1 lut_exp=0 qo_len=32 kv_len=4096 n_heads=12 n_kv_heads=2 head_dim=128 kv_head=0 worker=0 block_r=0 block_c=-1 t0_us=2285373986097 t1_us=2285373986105 dur_us=7
FIG8_ATTENTION_EVENT mode=baseline phase=measure iteration=7 component=k_load component_id=2 lut_exp=0 qo_len=32 kv_len=4096 n_heads=12 n_kv_heads=2 head_dim=128 kv_head=0 worker=0 block_r=0 block_c=0 t0_us=2285373986107 t1_us=2285373986188 dur_us=80
FIG8_ATTENTION_EVENT mode=baseline phase=measure iteration=7 component=qk_dot component_id=4 lut_exp=0 qo_len=32 kv_len=4096 n_heads=12 n_kv_heads=2 head_dim=128 kv_head=0 worker=0 block_r=0 block_c=0 t0_us=2285373986188 t1_us=2285373986201 dur_us=12
FIG8_ATTENTION_EVENT mode=baseline phase=measure iteration=7 component=safe_sm component_id=5 lut_exp=0 qo_len=32 kv_len=4096 n_heads=12 n_kv_heads=2 head_dim=128 kv_head=0 worker=0 block_r=0 block_c=0 t0_us=2285373986201 t1_us=2285373986854 dur_us=652
FIG8_ATTENTION_EVENT mode=baseline phase=measure iteration=7 component=v_load component_id=3 lut_exp=0 qo_len=32 kv_len=4096 n_heads=12 n_kv_heads=2 head_dim=128 kv_head=0 worker=0 block_r=0 block_c=0 t0_us=2285373986855 t1_us=2285373987038 dur_us=182
FIG8_ATTENTION_EVENT mode=baseline phase=measure iteration=7 component=core_acc component_id=6 lut_exp=0 qo_len=32 kv_len=4096 n_heads=12 n_kv_heads=2 head_dim=128 kv_head=0 worker=0 block_r=0 block_c=0 t0_us=2285373987038 t1_us=2285373987050 dur_us=11
FIG8_ATTENTION_EVENT mode=baseline phase=measure iteration=7 component=o_scale component_id=7 lut_exp=0 qo_len=32 kv_len=4096 n_heads=12 n_kv_heads=2 head_dim=128 kv_head=0 worker=0 block_r=0 block_c=-1 t0_us=2285373987050 t1_us=2285373987051 dur_us=1
FIG8_ATTENTION_EVENT mode=baseline phase=measure iteration=7 component=o_store component_id=8 lut_exp=0 qo_len=32 kv_len=4096 n_heads=12 n_kv_heads=2 head_dim=128 kv_head=0 worker=0 block_r=0 block_c=-1 t0_us=2285373987052 t1_us=2285373987064 dur_us=11
FIG8_ATTENTION_EVENT mode=baseline phase=measure iteration=7 component=q_load component_id=1 lut_exp=0 qo_len=32 kv_len=4096 n_heads=12 n_kv_heads=2 head_dim=128 kv_head=1 worker=0 block_r=0 block_c=-1 t0_us=2285373987105 t1_us=2285373987114 dur_us=8
FIG8_ATTENTION_EVENT mode=baseline phase=measure iteration=7 component=k_load component_id=2 lut_exp=0 qo_len=32 kv_len=4096 n_heads=12 n_kv_heads=2 head_dim=128 kv_head=1 worker=0 block_r=0 block_c=0 t0_us=2285373987116 t1_us=2285373987201 dur_us=85
FIG8_ATTENTION_EVENT mode=baseline phase=measure iteration=7 component=qk_dot component_id=4 lut_exp=0 qo_len=32 kv_len=4096 n_heads=12 n_kv_heads=2 head_dim=128 kv_head=1 worker=0 block_r=0 block_c=0 t0_us=2285373987201 t1_us=2285373987213 dur_us=12
FIG8_ATTENTION_EVENT mode=baseline phase=measure iteration=7 component=safe_sm component_id=5 lut_exp=0 qo_len=32 kv_len=4096 n_heads=12 n_kv_heads=2 head_dim=128 kv_head=1 worker=0 block_r=0 block_c=0 t0_us=2285373987214 t1_us=2285373987862 dur_us=647
FIG8_ATTENTION_EVENT mode=baseline phase=measure iteration=7 component=v_load component_id=3 lut_exp=0 qo_len=32 kv_len=4096 n_heads=12 n_kv_heads=2 head_dim=128 kv_head=1 worker=0 block_r=0 block_c=0 t0_us=2285373987862 t1_us=2285373988045 dur_us=183
FIG8_ATTENTION_EVENT mode=baseline phase=measure iteration=7 component=core_acc component_id=6 lut_exp=0 qo_len=32 kv_len=4096 n_heads=12 n_kv_heads=2 head_dim=128 kv_head=1 worker=0 block_r=0 block_c=0 t0_us=2285373988046 t1_us=2285373988057 dur_us=10
FIG8_ATTENTION_EVENT mode=baseline phase=measure iteration=7 component=o_scale component_id=7 lut_exp=0 qo_len=32 kv_len=4096 n_heads=12 n_kv_heads=2 head_dim=128 kv_head=1 worker=0 block_r=0 block_c=-1 t0_us=2285373988058 t1_us=2285373988060 dur_us=1
FIG8_ATTENTION_EVENT mode=baseline phase=measure iteration=7 component=o_store component_id=8 lut_exp=0 qo_len=32 kv_len=4096 n_heads=12 n_kv_heads=2 head_dim=128 kv_head=1 worker=0 block_r=0 block_c=-1 t0_us=2285373988061 t1_us=2285373988072 dur_us=11
FIG8_ATTENTION_HOST_TIMING mode=baseline scna_width=0 qo_len=32 kv_len=4096 n_heads=12 n_kv_heads=2 head_dim=128 phase=measure iteration=8 host_elapsed_us=2210 ret=0
FIG8_ATTENTION_PROFILE_COUNT mode=baseline qo_len=32 phase=measure iteration=8 records=2 max_records=10
FIG8_ATTENTION_TIMERS mode=baseline phase=measure iteration=8 lut_exp=0 nonlinear_mode=0 scna_width=0 scna_exp=0 qo_len=32 kv_len=4096 n_heads=12 n_kv_heads=2 head_dim=128 kv_head=0 worker=0 profiled_total=961 q_load=7 k_load=80 v_load=186 qk_dot=12 safe_sm=653 core_acc=11 o_scale=1 o_store=11
FIG8_ATTENTION_TIMERS mode=baseline phase=measure iteration=8 lut_exp=0 nonlinear_mode=0 scna_width=0 scna_exp=0 qo_len=32 kv_len=4096 n_heads=12 n_kv_heads=2 head_dim=128 kv_head=1 worker=0 profiled_total=961 q_load=8 k_load=84 v_load=185 qk_dot=12 safe_sm=649 core_acc=11 o_scale=1 o_store=11
FIG8_ATTENTION_EVENT_COUNT mode=baseline qo_len=32 phase=measure iteration=8 events=16 max_events=24896 overflow=0
FIG8_ATTENTION_EVENT mode=baseline phase=measure iteration=8 component=q_load component_id=1 lut_exp=0 qo_len=32 kv_len=4096 n_heads=12 n_kv_heads=2 head_dim=128 kv_head=0 worker=0 block_r=0 block_c=-1 t0_us=2285373988775 t1_us=2285373988783 dur_us=7
FIG8_ATTENTION_EVENT mode=baseline phase=measure iteration=8 component=k_load component_id=2 lut_exp=0 qo_len=32 kv_len=4096 n_heads=12 n_kv_heads=2 head_dim=128 kv_head=0 worker=0 block_r=0 block_c=0 t0_us=2285373988786 t1_us=2285373988866 dur_us=80
FIG8_ATTENTION_EVENT mode=baseline phase=measure iteration=8 component=qk_dot component_id=4 lut_exp=0 qo_len=32 kv_len=4096 n_heads=12 n_kv_heads=2 head_dim=128 kv_head=0 worker=0 block_r=0 block_c=0 t0_us=2285373988867 t1_us=2285373988879 dur_us=12
FIG8_ATTENTION_EVENT mode=baseline phase=measure iteration=8 component=safe_sm component_id=5 lut_exp=0 qo_len=32 kv_len=4096 n_heads=12 n_kv_heads=2 head_dim=128 kv_head=0 worker=0 block_r=0 block_c=0 t0_us=2285373988879 t1_us=2285373989532 dur_us=653
FIG8_ATTENTION_EVENT mode=baseline phase=measure iteration=8 component=v_load component_id=3 lut_exp=0 qo_len=32 kv_len=4096 n_heads=12 n_kv_heads=2 head_dim=128 kv_head=0 worker=0 block_r=0 block_c=0 t0_us=2285373989534 t1_us=2285373989720 dur_us=186
FIG8_ATTENTION_EVENT mode=baseline phase=measure iteration=8 component=core_acc component_id=6 lut_exp=0 qo_len=32 kv_len=4096 n_heads=12 n_kv_heads=2 head_dim=128 kv_head=0 worker=0 block_r=0 block_c=0 t0_us=2285373989720 t1_us=2285373989731 dur_us=11
FIG8_ATTENTION_EVENT mode=baseline phase=measure iteration=8 component=o_scale component_id=7 lut_exp=0 qo_len=32 kv_len=4096 n_heads=12 n_kv_heads=2 head_dim=128 kv_head=0 worker=0 block_r=0 block_c=-1 t0_us=2285373989731 t1_us=2285373989733 dur_us=1
FIG8_ATTENTION_EVENT mode=baseline phase=measure iteration=8 component=o_store component_id=8 lut_exp=0 qo_len=32 kv_len=4096 n_heads=12 n_kv_heads=2 head_dim=128 kv_head=0 worker=0 block_r=0 block_c=-1 t0_us=2285373989734 t1_us=2285373989745 dur_us=11
FIG8_ATTENTION_EVENT mode=baseline phase=measure iteration=8 component=q_load component_id=1 lut_exp=0 qo_len=32 kv_len=4096 n_heads=12 n_kv_heads=2 head_dim=128 kv_head=1 worker=0 block_r=0 block_c=-1 t0_us=2285373989788 t1_us=2285373989796 dur_us=8
FIG8_ATTENTION_EVENT mode=baseline phase=measure iteration=8 component=k_load component_id=2 lut_exp=0 qo_len=32 kv_len=4096 n_heads=12 n_kv_heads=2 head_dim=128 kv_head=1 worker=0 block_r=0 block_c=0 t0_us=2285373989798 t1_us=2285373989883 dur_us=84
FIG8_ATTENTION_EVENT mode=baseline phase=measure iteration=8 component=qk_dot component_id=4 lut_exp=0 qo_len=32 kv_len=4096 n_heads=12 n_kv_heads=2 head_dim=128 kv_head=1 worker=0 block_r=0 block_c=0 t0_us=2285373989883 t1_us=2285373989895 dur_us=12
FIG8_ATTENTION_EVENT mode=baseline phase=measure iteration=8 component=safe_sm component_id=5 lut_exp=0 qo_len=32 kv_len=4096 n_heads=12 n_kv_heads=2 head_dim=128 kv_head=1 worker=0 block_r=0 block_c=0 t0_us=2285373989896 t1_us=2285373990545 dur_us=649
FIG8_ATTENTION_EVENT mode=baseline phase=measure iteration=8 component=v_load component_id=3 lut_exp=0 qo_len=32 kv_len=4096 n_heads=12 n_kv_heads=2 head_dim=128 kv_head=1 worker=0 block_r=0 block_c=0 t0_us=2285373990546 t1_us=2285373990731 dur_us=185
FIG8_ATTENTION_EVENT mode=baseline phase=measure iteration=8 component=core_acc component_id=6 lut_exp=0 qo_len=32 kv_len=4096 n_heads=12 n_kv_heads=2 head_dim=128 kv_head=1 worker=0 block_r=0 block_c=0 t0_us=2285373990732 t1_us=2285373990744 dur_us=11
FIG8_ATTENTION_EVENT mode=baseline phase=measure iteration=8 component=o_scale component_id=7 lut_exp=0 qo_len=32 kv_len=4096 n_heads=12 n_kv_heads=2 head_dim=128 kv_head=1 worker=0 block_r=0 block_c=-1 t0_us=2285373990745 t1_us=2285373990746 dur_us=1
FIG8_ATTENTION_EVENT mode=baseline phase=measure iteration=8 component=o_store component_id=8 lut_exp=0 qo_len=32 kv_len=4096 n_heads=12 n_kv_heads=2 head_dim=128 kv_head=1 worker=0 block_r=0 block_c=-1 t0_us=2285373990747 t1_us=2285373990758 dur_us=11
FIG8_ATTENTION_HOST_TIMING mode=baseline scna_width=0 qo_len=32 kv_len=4096 n_heads=12 n_kv_heads=2 head_dim=128 phase=measure iteration=9 host_elapsed_us=2265 ret=0
FIG8_ATTENTION_PROFILE_COUNT mode=baseline qo_len=32 phase=measure iteration=9 records=2 max_records=10
FIG8_ATTENTION_TIMERS mode=baseline phase=measure iteration=9 lut_exp=0 nonlinear_mode=0 scna_width=0 scna_exp=0 qo_len=32 kv_len=4096 n_heads=12 n_kv_heads=2 head_dim=128 kv_head=0 worker=0 profiled_total=959 q_load=8 k_load=80 v_load=181 qk_dot=12 safe_sm=655 core_acc=11 o_scale=1 o_store=11
FIG8_ATTENTION_TIMERS mode=baseline phase=measure iteration=9 lut_exp=0 nonlinear_mode=0 scna_width=0 scna_exp=0 qo_len=32 kv_len=4096 n_heads=12 n_kv_heads=2 head_dim=128 kv_head=1 worker=0 profiled_total=953 q_load=8 k_load=84 v_load=187 qk_dot=12 safe_sm=639 core_acc=11 o_scale=1 o_store=11
FIG8_ATTENTION_EVENT_COUNT mode=baseline qo_len=32 phase=measure iteration=9 events=16 max_events=24896 overflow=0
FIG8_ATTENTION_EVENT mode=baseline phase=measure iteration=9 component=q_load component_id=1 lut_exp=0 qo_len=32 kv_len=4096 n_heads=12 n_kv_heads=2 head_dim=128 kv_head=0 worker=0 block_r=0 block_c=-1 t0_us=2285373991364 t1_us=2285373991373 dur_us=8
FIG8_ATTENTION_EVENT mode=baseline phase=measure iteration=9 component=k_load component_id=2 lut_exp=0 qo_len=32 kv_len=4096 n_heads=12 n_kv_heads=2 head_dim=128 kv_head=0 worker=0 block_r=0 block_c=0 t0_us=2285373991375 t1_us=2285373991455 dur_us=80
FIG8_ATTENTION_EVENT mode=baseline phase=measure iteration=9 component=qk_dot component_id=4 lut_exp=0 qo_len=32 kv_len=4096 n_heads=12 n_kv_heads=2 head_dim=128 kv_head=0 worker=0 block_r=0 block_c=0 t0_us=2285373991456 t1_us=2285373991468 dur_us=12
FIG8_ATTENTION_EVENT mode=baseline phase=measure iteration=9 component=safe_sm component_id=5 lut_exp=0 qo_len=32 kv_len=4096 n_heads=12 n_kv_heads=2 head_dim=128 kv_head=0 worker=0 block_r=0 block_c=0 t0_us=2285373991468 t1_us=2285373992124 dur_us=655
FIG8_ATTENTION_EVENT mode=baseline phase=measure iteration=9 component=v_load component_id=3 lut_exp=0 qo_len=32 kv_len=4096 n_heads=12 n_kv_heads=2 head_dim=128 kv_head=0 worker=0 block_r=0 block_c=0 t0_us=2285373992125 t1_us=2285373992306 dur_us=181
FIG8_ATTENTION_EVENT mode=baseline phase=measure iteration=9 component=core_acc component_id=6 lut_exp=0 qo_len=32 kv_len=4096 n_heads=12 n_kv_heads=2 head_dim=128 kv_head=0 worker=0 block_r=0 block_c=0 t0_us=2285373992306 t1_us=2285373992317 dur_us=11
FIG8_ATTENTION_EVENT mode=baseline phase=measure iteration=9 component=o_scale component_id=7 lut_exp=0 qo_len=32 kv_len=4096 n_heads=12 n_kv_heads=2 head_dim=128 kv_head=0 worker=0 block_r=0 block_c=-1 t0_us=2285373992318 t1_us=2285373992319 dur_us=1
FIG8_ATTENTION_EVENT mode=baseline phase=measure iteration=9 component=o_store component_id=8 lut_exp=0 qo_len=32 kv_len=4096 n_heads=12 n_kv_heads=2 head_dim=128 kv_head=0 worker=0 block_r=0 block_c=-1 t0_us=2285373992320 t1_us=2285373992331 dur_us=11
FIG8_ATTENTION_EVENT mode=baseline phase=measure iteration=9 component=q_load component_id=1 lut_exp=0 qo_len=32 kv_len=4096 n_heads=12 n_kv_heads=2 head_dim=128 kv_head=1 worker=0 block_r=0 block_c=-1 t0_us=2285373992374 t1_us=2285373992382 dur_us=8
FIG8_ATTENTION_EVENT mode=baseline phase=measure iteration=9 component=k_load component_id=2 lut_exp=0 qo_len=32 kv_len=4096 n_heads=12 n_kv_heads=2 head_dim=128 kv_head=1 worker=0 block_r=0 block_c=0 t0_us=2285373992384 t1_us=2285373992469 dur_us=84
FIG8_ATTENTION_EVENT mode=baseline phase=measure iteration=9 component=qk_dot component_id=4 lut_exp=0 qo_len=32 kv_len=4096 n_heads=12 n_kv_heads=2 head_dim=128 kv_head=1 worker=0 block_r=0 block_c=0 t0_us=2285373992469 t1_us=2285373992481 dur_us=12
FIG8_ATTENTION_EVENT mode=baseline phase=measure iteration=9 component=safe_sm component_id=5 lut_exp=0 qo_len=32 kv_len=4096 n_heads=12 n_kv_heads=2 head_dim=128 kv_head=1 worker=0 block_r=0 block_c=0 t0_us=2285373992482 t1_us=2285373993122 dur_us=639
FIG8_ATTENTION_EVENT mode=baseline phase=measure iteration=9 component=v_load component_id=3 lut_exp=0 qo_len=32 kv_len=4096 n_heads=12 n_kv_heads=2 head_dim=128 kv_head=1 worker=0 block_r=0 block_c=0 t0_us=2285373993122 t1_us=2285373993310 dur_us=187
FIG8_ATTENTION_EVENT mode=baseline phase=measure iteration=9 component=core_acc component_id=6 lut_exp=0 qo_len=32 kv_len=4096 n_heads=12 n_kv_heads=2 head_dim=128 kv_head=1 worker=0 block_r=0 block_c=0 t0_us=2285373993311 t1_us=2285373993322 dur_us=11
FIG8_ATTENTION_EVENT mode=baseline phase=measure iteration=9 component=o_scale component_id=7 lut_exp=0 qo_len=32 kv_len=4096 n_heads=12 n_kv_heads=2 head_dim=128 kv_head=1 worker=0 block_r=0 block_c=-1 t0_us=2285373993323 t1_us=2285373993325 dur_us=1
FIG8_ATTENTION_EVENT mode=baseline phase=measure iteration=9 component=o_store component_id=8 lut_exp=0 qo_len=32 kv_len=4096 n_heads=12 n_kv_heads=2 head_dim=128 kv_head=1 worker=0 block_r=0 block_c=-1 t0_us=2285373993325 t1_us=2285373993336 dur_us=11
FIG8_ATTENTION_HOST_TIMING mode=baseline scna_width=0 qo_len=32 kv_len=4096 n_heads=12 n_kv_heads=2 head_dim=128 phase=measure iteration=10 host_elapsed_us=2268 ret=0
FIG8_ATTENTION_PROFILE_COUNT mode=baseline qo_len=32 phase=measure iteration=10 records=2 max_records=10
FIG8_ATTENTION_TIMERS mode=baseline phase=measure iteration=10 lut_exp=0 nonlinear_mode=0 scna_width=0 scna_exp=0 qo_len=32 kv_len=4096 n_heads=12 n_kv_heads=2 head_dim=128 kv_head=0 worker=0 profiled_total=952 q_load=8 k_load=77 v_load=180 qk_dot=12 safe_sm=652 core_acc=11 o_scale=1 o_store=11
FIG8_ATTENTION_TIMERS mode=baseline phase=measure iteration=10 lut_exp=0 nonlinear_mode=0 scna_width=0 scna_exp=0 qo_len=32 kv_len=4096 n_heads=12 n_kv_heads=2 head_dim=128 kv_head=1 worker=0 profiled_total=952 q_load=7 k_load=81 v_load=185 qk_dot=12 safe_sm=644 core_acc=11 o_scale=1 o_store=11
FIG8_ATTENTION_EVENT_COUNT mode=baseline qo_len=32 phase=measure iteration=10 events=16 max_events=24896 overflow=0
FIG8_ATTENTION_EVENT mode=baseline phase=measure iteration=10 component=q_load component_id=1 lut_exp=0 qo_len=32 kv_len=4096 n_heads=12 n_kv_heads=2 head_dim=128 kv_head=0 worker=0 block_r=0 block_c=-1 t0_us=2285373994011 t1_us=2285373994019 dur_us=8
FIG8_ATTENTION_EVENT mode=baseline phase=measure iteration=10 component=k_load component_id=2 lut_exp=0 qo_len=32 kv_len=4096 n_heads=12 n_kv_heads=2 head_dim=128 kv_head=0 worker=0 block_r=0 block_c=0 t0_us=2285373994022 t1_us=2285373994100 dur_us=77
FIG8_ATTENTION_EVENT mode=baseline phase=measure iteration=10 component=qk_dot component_id=4 lut_exp=0 qo_len=32 kv_len=4096 n_heads=12 n_kv_heads=2 head_dim=128 kv_head=0 worker=0 block_r=0 block_c=0 t0_us=2285373994100 t1_us=2285373994112 dur_us=12
FIG8_ATTENTION_EVENT mode=baseline phase=measure iteration=10 component=safe_sm component_id=5 lut_exp=0 qo_len=32 kv_len=4096 n_heads=12 n_kv_heads=2 head_dim=128 kv_head=0 worker=0 block_r=0 block_c=0 t0_us=2285373994112 t1_us=2285373994765 dur_us=652
FIG8_ATTENTION_EVENT mode=baseline phase=measure iteration=10 component=v_load component_id=3 lut_exp=0 qo_len=32 kv_len=4096 n_heads=12 n_kv_heads=2 head_dim=128 kv_head=0 worker=0 block_r=0 block_c=0 t0_us=2285373994766 t1_us=2285373994946 dur_us=180
FIG8_ATTENTION_EVENT mode=baseline phase=measure iteration=10 component=core_acc component_id=6 lut_exp=0 qo_len=32 kv_len=4096 n_heads=12 n_kv_heads=2 head_dim=128 kv_head=0 worker=0 block_r=0 block_c=0 t0_us=2285373994947 t1_us=2285373994958 dur_us=11
FIG8_ATTENTION_EVENT mode=baseline phase=measure iteration=10 component=o_scale component_id=7 lut_exp=0 qo_len=32 kv_len=4096 n_heads=12 n_kv_heads=2 head_dim=128 kv_head=0 worker=0 block_r=0 block_c=-1 t0_us=2285373994959 t1_us=2285373994960 dur_us=1
FIG8_ATTENTION_EVENT mode=baseline phase=measure iteration=10 component=o_store component_id=8 lut_exp=0 qo_len=32 kv_len=4096 n_heads=12 n_kv_heads=2 head_dim=128 kv_head=0 worker=0 block_r=0 block_c=-1 t0_us=2285373994961 t1_us=2285373994973 dur_us=11
FIG8_ATTENTION_EVENT mode=baseline phase=measure iteration=10 component=q_load component_id=1 lut_exp=0 qo_len=32 kv_len=4096 n_heads=12 n_kv_heads=2 head_dim=128 kv_head=1 worker=0 block_r=0 block_c=-1 t0_us=2285373995015 t1_us=2285373995023 dur_us=7
FIG8_ATTENTION_EVENT mode=baseline phase=measure iteration=10 component=k_load component_id=2 lut_exp=0 qo_len=32 kv_len=4096 n_heads=12 n_kv_heads=2 head_dim=128 kv_head=1 worker=0 block_r=0 block_c=0 t0_us=2285373995025 t1_us=2285373995106 dur_us=81
FIG8_ATTENTION_EVENT mode=baseline phase=measure iteration=10 component=qk_dot component_id=4 lut_exp=0 qo_len=32 kv_len=4096 n_heads=12 n_kv_heads=2 head_dim=128 kv_head=1 worker=0 block_r=0 block_c=0 t0_us=2285373995107 t1_us=2285373995119 dur_us=12
FIG8_ATTENTION_EVENT mode=baseline phase=measure iteration=10 component=safe_sm component_id=5 lut_exp=0 qo_len=32 kv_len=4096 n_heads=12 n_kv_heads=2 head_dim=128 kv_head=1 worker=0 block_r=0 block_c=0 t0_us=2285373995120 t1_us=2285373995764 dur_us=644
FIG8_ATTENTION_EVENT mode=baseline phase=measure iteration=10 component=v_load component_id=3 lut_exp=0 qo_len=32 kv_len=4096 n_heads=12 n_kv_heads=2 head_dim=128 kv_head=1 worker=0 block_r=0 block_c=0 t0_us=2285373995765 t1_us=2285373995950 dur_us=185
FIG8_ATTENTION_EVENT mode=baseline phase=measure iteration=10 component=core_acc component_id=6 lut_exp=0 qo_len=32 kv_len=4096 n_heads=12 n_kv_heads=2 head_dim=128 kv_head=1 worker=0 block_r=0 block_c=0 t0_us=2285373995950 t1_us=2285373995962 dur_us=11
FIG8_ATTENTION_EVENT mode=baseline phase=measure iteration=10 component=o_scale component_id=7 lut_exp=0 qo_len=32 kv_len=4096 n_heads=12 n_kv_heads=2 head_dim=128 kv_head=1 worker=0 block_r=0 block_c=-1 t0_us=2285373995963 t1_us=2285373995964 dur_us=1
FIG8_ATTENTION_EVENT mode=baseline phase=measure iteration=10 component=o_store component_id=8 lut_exp=0 qo_len=32 kv_len=4096 n_heads=12 n_kv_heads=2 head_dim=128 kv_head=1 worker=0 block_r=0 block_c=-1 t0_us=2285373995965 t1_us=2285373995976 dur_us=11
FIG8_ATTENTION_HOST_TIMING mode=baseline scna_width=0 qo_len=32 kv_len=4096 n_heads=12 n_kv_heads=2 head_dim=128 phase=measure iteration=11 host_elapsed_us=2188 ret=0
FIG8_ATTENTION_PROFILE_COUNT mode=baseline qo_len=32 phase=measure iteration=11 records=2 max_records=10
FIG8_ATTENTION_TIMERS mode=baseline phase=measure iteration=11 lut_exp=0 nonlinear_mode=0 scna_width=0 scna_exp=0 qo_len=32 kv_len=4096 n_heads=12 n_kv_heads=2 head_dim=128 kv_head=0 worker=0 profiled_total=949 q_load=8 k_load=77 v_load=179 qk_dot=12 safe_sm=650 core_acc=11 o_scale=1 o_store=11
FIG8_ATTENTION_TIMERS mode=baseline phase=measure iteration=11 lut_exp=0 nonlinear_mode=0 scna_width=0 scna_exp=0 qo_len=32 kv_len=4096 n_heads=12 n_kv_heads=2 head_dim=128 kv_head=1 worker=0 profiled_total=956 q_load=8 k_load=81 v_load=184 qk_dot=12 safe_sm=648 core_acc=11 o_scale=1 o_store=11
FIG8_ATTENTION_EVENT_COUNT mode=baseline qo_len=32 phase=measure iteration=11 events=16 max_events=24896 overflow=0
FIG8_ATTENTION_EVENT mode=baseline phase=measure iteration=11 component=q_load component_id=1 lut_exp=0 qo_len=32 kv_len=4096 n_heads=12 n_kv_heads=2 head_dim=128 kv_head=0 worker=0 block_r=0 block_c=-1 t0_us=2285373996697 t1_us=2285373996705 dur_us=8
FIG8_ATTENTION_EVENT mode=baseline phase=measure iteration=11 component=k_load component_id=2 lut_exp=0 qo_len=32 kv_len=4096 n_heads=12 n_kv_heads=2 head_dim=128 kv_head=0 worker=0 block_r=0 block_c=0 t0_us=2285373996708 t1_us=2285373996786 dur_us=77
FIG8_ATTENTION_EVENT mode=baseline phase=measure iteration=11 component=qk_dot component_id=4 lut_exp=0 qo_len=32 kv_len=4096 n_heads=12 n_kv_heads=2 head_dim=128 kv_head=0 worker=0 block_r=0 block_c=0 t0_us=2285373996786 t1_us=2285373996798 dur_us=12
FIG8_ATTENTION_EVENT mode=baseline phase=measure iteration=11 component=safe_sm component_id=5 lut_exp=0 qo_len=32 kv_len=4096 n_heads=12 n_kv_heads=2 head_dim=128 kv_head=0 worker=0 block_r=0 block_c=0 t0_us=2285373996798 t1_us=2285373997448 dur_us=650
FIG8_ATTENTION_EVENT mode=baseline phase=measure iteration=11 component=v_load component_id=3 lut_exp=0 qo_len=32 kv_len=4096 n_heads=12 n_kv_heads=2 head_dim=128 kv_head=0 worker=0 block_r=0 block_c=0 t0_us=2285373997450 t1_us=2285373997629 dur_us=179
FIG8_ATTENTION_EVENT mode=baseline phase=measure iteration=11 component=core_acc component_id=6 lut_exp=0 qo_len=32 kv_len=4096 n_heads=12 n_kv_heads=2 head_dim=128 kv_head=0 worker=0 block_r=0 block_c=0 t0_us=2285373997630 t1_us=2285373997641 dur_us=11
FIG8_ATTENTION_EVENT mode=baseline phase=measure iteration=11 component=o_scale component_id=7 lut_exp=0 qo_len=32 kv_len=4096 n_heads=12 n_kv_heads=2 head_dim=128 kv_head=0 worker=0 block_r=0 block_c=-1 t0_us=2285373997641 t1_us=2285373997643 dur_us=1
FIG8_ATTENTION_EVENT mode=baseline phase=measure iteration=11 component=o_store component_id=8 lut_exp=0 qo_len=32 kv_len=4096 n_heads=12 n_kv_heads=2 head_dim=128 kv_head=0 worker=0 block_r=0 block_c=-1 t0_us=2285373997643 t1_us=2285373997654 dur_us=11
FIG8_ATTENTION_EVENT mode=baseline phase=measure iteration=11 component=q_load component_id=1 lut_exp=0 qo_len=32 kv_len=4096 n_heads=12 n_kv_heads=2 head_dim=128 kv_head=1 worker=0 block_r=0 block_c=-1 t0_us=2285373997697 t1_us=2285373997705 dur_us=8
FIG8_ATTENTION_EVENT mode=baseline phase=measure iteration=11 component=k_load component_id=2 lut_exp=0 qo_len=32 kv_len=4096 n_heads=12 n_kv_heads=2 head_dim=128 kv_head=1 worker=0 block_r=0 block_c=0 t0_us=2285373997708 t1_us=2285373997789 dur_us=81
FIG8_ATTENTION_EVENT mode=baseline phase=measure iteration=11 component=qk_dot component_id=4 lut_exp=0 qo_len=32 kv_len=4096 n_heads=12 n_kv_heads=2 head_dim=128 kv_head=1 worker=0 block_r=0 block_c=0 t0_us=2285373997790 t1_us=2285373997802 dur_us=12
FIG8_ATTENTION_EVENT mode=baseline phase=measure iteration=11 component=safe_sm component_id=5 lut_exp=0 qo_len=32 kv_len=4096 n_heads=12 n_kv_heads=2 head_dim=128 kv_head=1 worker=0 block_r=0 block_c=0 t0_us=2285373997802 t1_us=2285373998451 dur_us=648
FIG8_ATTENTION_EVENT mode=baseline phase=measure iteration=11 component=v_load component_id=3 lut_exp=0 qo_len=32 kv_len=4096 n_heads=12 n_kv_heads=2 head_dim=128 kv_head=1 worker=0 block_r=0 block_c=0 t0_us=2285373998451 t1_us=2285373998636 dur_us=184
FIG8_ATTENTION_EVENT mode=baseline phase=measure iteration=11 component=core_acc component_id=6 lut_exp=0 qo_len=32 kv_len=4096 n_heads=12 n_kv_heads=2 head_dim=128 kv_head=1 worker=0 block_r=0 block_c=0 t0_us=2285373998637 t1_us=2285373998649 dur_us=11
FIG8_ATTENTION_EVENT mode=baseline phase=measure iteration=11 component=o_scale component_id=7 lut_exp=0 qo_len=32 kv_len=4096 n_heads=12 n_kv_heads=2 head_dim=128 kv_head=1 worker=0 block_r=0 block_c=-1 t0_us=2285373998650 t1_us=2285373998651 dur_us=1
FIG8_ATTENTION_EVENT mode=baseline phase=measure iteration=11 component=o_store component_id=8 lut_exp=0 qo_len=32 kv_len=4096 n_heads=12 n_kv_heads=2 head_dim=128 kv_head=1 worker=0 block_r=0 block_c=-1 t0_us=2285373998651 t1_us=2285373998663 dur_us=11
FIG8_ATTENTION_HOST_TIMING mode=baseline scna_width=0 qo_len=32 kv_len=4096 n_heads=12 n_kv_heads=2 head_dim=128 phase=measure iteration=12 host_elapsed_us=2255 ret=0
FIG8_ATTENTION_PROFILE_COUNT mode=baseline qo_len=32 phase=measure iteration=12 records=2 max_records=10
FIG8_ATTENTION_TIMERS mode=baseline phase=measure iteration=12 lut_exp=0 nonlinear_mode=0 scna_width=0 scna_exp=0 qo_len=32 kv_len=4096 n_heads=12 n_kv_heads=2 head_dim=128 kv_head=0 worker=0 profiled_total=953 q_load=8 k_load=77 v_load=184 qk_dot=12 safe_sm=649 core_acc=11 o_scale=1 o_store=11
FIG8_ATTENTION_TIMERS mode=baseline phase=measure iteration=12 lut_exp=0 nonlinear_mode=0 scna_width=0 scna_exp=0 qo_len=32 kv_len=4096 n_heads=12 n_kv_heads=2 head_dim=128 kv_head=1 worker=0 profiled_total=956 q_load=8 k_load=83 v_load=185 qk_dot=12 safe_sm=644 core_acc=11 o_scale=2 o_store=11
FIG8_ATTENTION_EVENT_COUNT mode=baseline qo_len=32 phase=measure iteration=12 events=16 max_events=24896 overflow=0
FIG8_ATTENTION_EVENT mode=baseline phase=measure iteration=12 component=q_load component_id=1 lut_exp=0 qo_len=32 kv_len=4096 n_heads=12 n_kv_heads=2 head_dim=128 kv_head=0 worker=0 block_r=0 block_c=-1 t0_us=2285373999265 t1_us=2285373999274 dur_us=8
FIG8_ATTENTION_EVENT mode=baseline phase=measure iteration=12 component=k_load component_id=2 lut_exp=0 qo_len=32 kv_len=4096 n_heads=12 n_kv_heads=2 head_dim=128 kv_head=0 worker=0 block_r=0 block_c=0 t0_us=2285373999276 t1_us=2285373999354 dur_us=77
FIG8_ATTENTION_EVENT mode=baseline phase=measure iteration=12 component=qk_dot component_id=4 lut_exp=0 qo_len=32 kv_len=4096 n_heads=12 n_kv_heads=2 head_dim=128 kv_head=0 worker=0 block_r=0 block_c=0 t0_us=2285373999355 t1_us=2285373999367 dur_us=12
FIG8_ATTENTION_EVENT mode=baseline phase=measure iteration=12 component=safe_sm component_id=5 lut_exp=0 qo_len=32 kv_len=4096 n_heads=12 n_kv_heads=2 head_dim=128 kv_head=0 worker=0 block_r=0 block_c=0 t0_us=2285373999367 t1_us=2285374000016 dur_us=649
FIG8_ATTENTION_EVENT mode=baseline phase=measure iteration=12 component=v_load component_id=3 lut_exp=0 qo_len=32 kv_len=4096 n_heads=12 n_kv_heads=2 head_dim=128 kv_head=0 worker=0 block_r=0 block_c=0 t0_us=2285374000017 t1_us=2285374000202 dur_us=184
FIG8_ATTENTION_EVENT mode=baseline phase=measure iteration=12 component=core_acc component_id=6 lut_exp=0 qo_len=32 kv_len=4096 n_heads=12 n_kv_heads=2 head_dim=128 kv_head=0 worker=0 block_r=0 block_c=0 t0_us=2285374000202 t1_us=2285374000213 dur_us=11
FIG8_ATTENTION_EVENT mode=baseline phase=measure iteration=12 component=o_scale component_id=7 lut_exp=0 qo_len=32 kv_len=4096 n_heads=12 n_kv_heads=2 head_dim=128 kv_head=0 worker=0 block_r=0 block_c=-1 t0_us=2285374000214 t1_us=2285374000215 dur_us=1
FIG8_ATTENTION_EVENT mode=baseline phase=measure iteration=12 component=o_store component_id=8 lut_exp=0 qo_len=32 kv_len=4096 n_heads=12 n_kv_heads=2 head_dim=128 kv_head=0 worker=0 block_r=0 block_c=-1 t0_us=2285374000216 t1_us=2285374000227 dur_us=11
FIG8_ATTENTION_EVENT mode=baseline phase=measure iteration=12 component=q_load component_id=1 lut_exp=0 qo_len=32 kv_len=4096 n_heads=12 n_kv_heads=2 head_dim=128 kv_head=1 worker=0 block_r=0 block_c=-1 t0_us=2285374000269 t1_us=2285374000278 dur_us=8
FIG8_ATTENTION_EVENT mode=baseline phase=measure iteration=12 component=k_load component_id=2 lut_exp=0 qo_len=32 kv_len=4096 n_heads=12 n_kv_heads=2 head_dim=128 kv_head=1 worker=0 block_r=0 block_c=0 t0_us=2285374000280 t1_us=2285374000363 dur_us=83
FIG8_ATTENTION_EVENT mode=baseline phase=measure iteration=12 component=qk_dot component_id=4 lut_exp=0 qo_len=32 kv_len=4096 n_heads=12 n_kv_heads=2 head_dim=128 kv_head=1 worker=0 block_r=0 block_c=0 t0_us=2285374000364 t1_us=2285374000376 dur_us=12
FIG8_ATTENTION_EVENT mode=baseline phase=measure iteration=12 component=safe_sm component_id=5 lut_exp=0 qo_len=32 kv_len=4096 n_heads=12 n_kv_heads=2 head_dim=128 kv_head=1 worker=0 block_r=0 block_c=0 t0_us=2285374000377 t1_us=2285374001022 dur_us=644
FIG8_ATTENTION_EVENT mode=baseline phase=measure iteration=12 component=v_load component_id=3 lut_exp=0 qo_len=32 kv_len=4096 n_heads=12 n_kv_heads=2 head_dim=128 kv_head=1 worker=0 block_r=0 block_c=0 t0_us=2285374001022 t1_us=2285374001208 dur_us=185
FIG8_ATTENTION_EVENT mode=baseline phase=measure iteration=12 component=core_acc component_id=6 lut_exp=0 qo_len=32 kv_len=4096 n_heads=12 n_kv_heads=2 head_dim=128 kv_head=1 worker=0 block_r=0 block_c=0 t0_us=2285374001209 t1_us=2285374001220 dur_us=11
FIG8_ATTENTION_EVENT mode=baseline phase=measure iteration=12 component=o_scale component_id=7 lut_exp=0 qo_len=32 kv_len=4096 n_heads=12 n_kv_heads=2 head_dim=128 kv_head=1 worker=0 block_r=0 block_c=-1 t0_us=2285374001220 t1_us=2285374001223 dur_us=2
FIG8_ATTENTION_EVENT mode=baseline phase=measure iteration=12 component=o_store component_id=8 lut_exp=0 qo_len=32 kv_len=4096 n_heads=12 n_kv_heads=2 head_dim=128 kv_head=1 worker=0 block_r=0 block_c=-1 t0_us=2285374001223 t1_us=2285374001234 dur_us=11
FIG8_ATTENTION_HOST_TIMING mode=baseline scna_width=0 qo_len=32 kv_len=4096 n_heads=12 n_kv_heads=2 head_dim=128 phase=measure iteration=13 host_elapsed_us=2309 ret=0
FIG8_ATTENTION_PROFILE_COUNT mode=baseline qo_len=32 phase=measure iteration=13 records=2 max_records=10
FIG8_ATTENTION_TIMERS mode=baseline phase=measure iteration=13 lut_exp=0 nonlinear_mode=0 scna_width=0 scna_exp=0 qo_len=32 kv_len=4096 n_heads=12 n_kv_heads=2 head_dim=128 kv_head=0 worker=0 profiled_total=1081 q_load=8 k_load=211 v_load=178 qk_dot=12 safe_sm=649 core_acc=11 o_scale=1 o_store=11
FIG8_ATTENTION_TIMERS mode=baseline phase=measure iteration=13 lut_exp=0 nonlinear_mode=0 scna_width=0 scna_exp=0 qo_len=32 kv_len=4096 n_heads=12 n_kv_heads=2 head_dim=128 kv_head=1 worker=0 profiled_total=952 q_load=8 k_load=79 v_load=184 qk_dot=12 safe_sm=646 core_acc=11 o_scale=1 o_store=11
FIG8_ATTENTION_EVENT_COUNT mode=baseline qo_len=32 phase=measure iteration=13 events=16 max_events=24896 overflow=0
FIG8_ATTENTION_EVENT mode=baseline phase=measure iteration=13 component=q_load component_id=1 lut_exp=0 qo_len=32 kv_len=4096 n_heads=12 n_kv_heads=2 head_dim=128 kv_head=0 worker=0 block_r=0 block_c=-1 t0_us=2285374001898 t1_us=2285374001907 dur_us=8
FIG8_ATTENTION_EVENT mode=baseline phase=measure iteration=13 component=k_load component_id=2 lut_exp=0 qo_len=32 kv_len=4096 n_heads=12 n_kv_heads=2 head_dim=128 kv_head=0 worker=0 block_r=0 block_c=0 t0_us=2285374001910 t1_us=2285374002121 dur_us=211
FIG8_ATTENTION_EVENT mode=baseline phase=measure iteration=13 component=qk_dot component_id=4 lut_exp=0 qo_len=32 kv_len=4096 n_heads=12 n_kv_heads=2 head_dim=128 kv_head=0 worker=0 block_r=0 block_c=0 t0_us=2285374002121 t1_us=2285374002133 dur_us=12
FIG8_ATTENTION_EVENT mode=baseline phase=measure iteration=13 component=safe_sm component_id=5 lut_exp=0 qo_len=32 kv_len=4096 n_heads=12 n_kv_heads=2 head_dim=128 kv_head=0 worker=0 block_r=0 block_c=0 t0_us=2285374002134 t1_us=2285374002783 dur_us=649
FIG8_ATTENTION_EVENT mode=baseline phase=measure iteration=13 component=v_load component_id=3 lut_exp=0 qo_len=32 kv_len=4096 n_heads=12 n_kv_heads=2 head_dim=128 kv_head=0 worker=0 block_r=0 block_c=0 t0_us=2285374002784 t1_us=2285374002963 dur_us=178
FIG8_ATTENTION_EVENT mode=baseline phase=measure iteration=13 component=core_acc component_id=6 lut_exp=0 qo_len=32 kv_len=4096 n_heads=12 n_kv_heads=2 head_dim=128 kv_head=0 worker=0 block_r=0 block_c=0 t0_us=2285374002964 t1_us=2285374002975 dur_us=11
FIG8_ATTENTION_EVENT mode=baseline phase=measure iteration=13 component=o_scale component_id=7 lut_exp=0 qo_len=32 kv_len=4096 n_heads=12 n_kv_heads=2 head_dim=128 kv_head=0 worker=0 block_r=0 block_c=-1 t0_us=2285374002975 t1_us=2285374002977 dur_us=1
FIG8_ATTENTION_EVENT mode=baseline phase=measure iteration=13 component=o_store component_id=8 lut_exp=0 qo_len=32 kv_len=4096 n_heads=12 n_kv_heads=2 head_dim=128 kv_head=0 worker=0 block_r=0 block_c=-1 t0_us=2285374002977 t1_us=2285374002989 dur_us=11
FIG8_ATTENTION_EVENT mode=baseline phase=measure iteration=13 component=q_load component_id=1 lut_exp=0 qo_len=32 kv_len=4096 n_heads=12 n_kv_heads=2 head_dim=128 kv_head=1 worker=0 block_r=0 block_c=-1 t0_us=2285374003030 t1_us=2285374003038 dur_us=8
FIG8_ATTENTION_EVENT mode=baseline phase=measure iteration=13 component=k_load component_id=2 lut_exp=0 qo_len=32 kv_len=4096 n_heads=12 n_kv_heads=2 head_dim=128 kv_head=1 worker=0 block_r=0 block_c=0 t0_us=2285374003040 t1_us=2285374003120 dur_us=79
FIG8_ATTENTION_EVENT mode=baseline phase=measure iteration=13 component=qk_dot component_id=4 lut_exp=0 qo_len=32 kv_len=4096 n_heads=12 n_kv_heads=2 head_dim=128 kv_head=1 worker=0 block_r=0 block_c=0 t0_us=2285374003120 t1_us=2285374003132 dur_us=12
FIG8_ATTENTION_EVENT mode=baseline phase=measure iteration=13 component=safe_sm component_id=5 lut_exp=0 qo_len=32 kv_len=4096 n_heads=12 n_kv_heads=2 head_dim=128 kv_head=1 worker=0 block_r=0 block_c=0 t0_us=2285374003133 t1_us=2285374003780 dur_us=646
FIG8_ATTENTION_EVENT mode=baseline phase=measure iteration=13 component=v_load component_id=3 lut_exp=0 qo_len=32 kv_len=4096 n_heads=12 n_kv_heads=2 head_dim=128 kv_head=1 worker=0 block_r=0 block_c=0 t0_us=2285374003780 t1_us=2285374003964 dur_us=184
FIG8_ATTENTION_EVENT mode=baseline phase=measure iteration=13 component=core_acc component_id=6 lut_exp=0 qo_len=32 kv_len=4096 n_heads=12 n_kv_heads=2 head_dim=128 kv_head=1 worker=0 block_r=0 block_c=0 t0_us=2285374003965 t1_us=2285374003976 dur_us=11
FIG8_ATTENTION_EVENT mode=baseline phase=measure iteration=13 component=o_scale component_id=7 lut_exp=0 qo_len=32 kv_len=4096 n_heads=12 n_kv_heads=2 head_dim=128 kv_head=1 worker=0 block_r=0 block_c=-1 t0_us=2285374003977 t1_us=2285374003979 dur_us=1
FIG8_ATTENTION_EVENT mode=baseline phase=measure iteration=13 component=o_store component_id=8 lut_exp=0 qo_len=32 kv_len=4096 n_heads=12 n_kv_heads=2 head_dim=128 kv_head=1 worker=0 block_r=0 block_c=-1 t0_us=2285374003980 t1_us=2285374003991 dur_us=11
FIG8_ATTENTION_HOST_TIMING mode=baseline scna_width=0 qo_len=32 kv_len=4096 n_heads=12 n_kv_heads=2 head_dim=128 phase=measure iteration=14 host_elapsed_us=2383 ret=0
FIG8_ATTENTION_PROFILE_COUNT mode=baseline qo_len=32 phase=measure iteration=14 records=2 max_records=10
FIG8_ATTENTION_TIMERS mode=baseline phase=measure iteration=14 lut_exp=0 nonlinear_mode=0 scna_width=0 scna_exp=0 qo_len=32 kv_len=4096 n_heads=12 n_kv_heads=2 head_dim=128 kv_head=0 worker=0 profiled_total=1086 q_load=8 k_load=210 v_load=184 qk_dot=12 safe_sm=649 core_acc=11 o_scale=1 o_store=11
FIG8_ATTENTION_TIMERS mode=baseline phase=measure iteration=14 lut_exp=0 nonlinear_mode=0 scna_width=0 scna_exp=0 qo_len=32 kv_len=4096 n_heads=12 n_kv_heads=2 head_dim=128 kv_head=1 worker=0 profiled_total=950 q_load=8 k_load=79 v_load=185 qk_dot=12 safe_sm=643 core_acc=11 o_scale=1 o_store=11
FIG8_ATTENTION_EVENT_COUNT mode=baseline qo_len=32 phase=measure iteration=14 events=16 max_events=24896 overflow=0
FIG8_ATTENTION_EVENT mode=baseline phase=measure iteration=14 component=q_load component_id=1 lut_exp=0 qo_len=32 kv_len=4096 n_heads=12 n_kv_heads=2 head_dim=128 kv_head=0 worker=0 block_r=0 block_c=-1 t0_us=2285374004622 t1_us=2285374004630 dur_us=8
FIG8_ATTENTION_EVENT mode=baseline phase=measure iteration=14 component=k_load component_id=2 lut_exp=0 qo_len=32 kv_len=4096 n_heads=12 n_kv_heads=2 head_dim=128 kv_head=0 worker=0 block_r=0 block_c=0 t0_us=2285374004633 t1_us=2285374004843 dur_us=210
FIG8_ATTENTION_EVENT mode=baseline phase=measure iteration=14 component=qk_dot component_id=4 lut_exp=0 qo_len=32 kv_len=4096 n_heads=12 n_kv_heads=2 head_dim=128 kv_head=0 worker=0 block_r=0 block_c=0 t0_us=2285374004843 t1_us=2285374004856 dur_us=12
FIG8_ATTENTION_EVENT mode=baseline phase=measure iteration=14 component=safe_sm component_id=5 lut_exp=0 qo_len=32 kv_len=4096 n_heads=12 n_kv_heads=2 head_dim=128 kv_head=0 worker=0 block_r=0 block_c=0 t0_us=2285374004856 t1_us=2285374005505 dur_us=649
FIG8_ATTENTION_EVENT mode=baseline phase=measure iteration=14 component=v_load component_id=3 lut_exp=0 qo_len=32 kv_len=4096 n_heads=12 n_kv_heads=2 head_dim=128 kv_head=0 worker=0 block_r=0 block_c=0 t0_us=2285374005506 t1_us=2285374005691 dur_us=184
FIG8_ATTENTION_EVENT mode=baseline phase=measure iteration=14 component=core_acc component_id=6 lut_exp=0 qo_len=32 kv_len=4096 n_heads=12 n_kv_heads=2 head_dim=128 kv_head=0 worker=0 block_r=0 block_c=0 t0_us=2285374005691 t1_us=2285374005703 dur_us=11
FIG8_ATTENTION_EVENT mode=baseline phase=measure iteration=14 component=o_scale component_id=7 lut_exp=0 qo_len=32 kv_len=4096 n_heads=12 n_kv_heads=2 head_dim=128 kv_head=0 worker=0 block_r=0 block_c=-1 t0_us=2285374005703 t1_us=2285374005705 dur_us=1
FIG8_ATTENTION_EVENT mode=baseline phase=measure iteration=14 component=o_store component_id=8 lut_exp=0 qo_len=32 kv_len=4096 n_heads=12 n_kv_heads=2 head_dim=128 kv_head=0 worker=0 block_r=0 block_c=-1 t0_us=2285374005705 t1_us=2285374005717 dur_us=11
FIG8_ATTENTION_EVENT mode=baseline phase=measure iteration=14 component=q_load component_id=1 lut_exp=0 qo_len=32 kv_len=4096 n_heads=12 n_kv_heads=2 head_dim=128 kv_head=1 worker=0 block_r=0 block_c=-1 t0_us=2285374005759 t1_us=2285374005767 dur_us=8
FIG8_ATTENTION_EVENT mode=baseline phase=measure iteration=14 component=k_load component_id=2 lut_exp=0 qo_len=32 kv_len=4096 n_heads=12 n_kv_heads=2 head_dim=128 kv_head=1 worker=0 block_r=0 block_c=0 t0_us=2285374005769 t1_us=2285374005848 dur_us=79
FIG8_ATTENTION_EVENT mode=baseline phase=measure iteration=14 component=qk_dot component_id=4 lut_exp=0 qo_len=32 kv_len=4096 n_heads=12 n_kv_heads=2 head_dim=128 kv_head=1 worker=0 block_r=0 block_c=0 t0_us=2285374005849 t1_us=2285374005861 dur_us=12
FIG8_ATTENTION_EVENT mode=baseline phase=measure iteration=14 component=safe_sm component_id=5 lut_exp=0 qo_len=32 kv_len=4096 n_heads=12 n_kv_heads=2 head_dim=128 kv_head=1 worker=0 block_r=0 block_c=0 t0_us=2285374005862 t1_us=2285374006505 dur_us=643
FIG8_ATTENTION_EVENT mode=baseline phase=measure iteration=14 component=v_load component_id=3 lut_exp=0 qo_len=32 kv_len=4096 n_heads=12 n_kv_heads=2 head_dim=128 kv_head=1 worker=0 block_r=0 block_c=0 t0_us=2285374006505 t1_us=2285374006691 dur_us=185
FIG8_ATTENTION_EVENT mode=baseline phase=measure iteration=14 component=core_acc component_id=6 lut_exp=0 qo_len=32 kv_len=4096 n_heads=12 n_kv_heads=2 head_dim=128 kv_head=1 worker=0 block_r=0 block_c=0 t0_us=2285374006692 t1_us=2285374006703 dur_us=11
FIG8_ATTENTION_EVENT mode=baseline phase=measure iteration=14 component=o_scale component_id=7 lut_exp=0 qo_len=32 kv_len=4096 n_heads=12 n_kv_heads=2 head_dim=128 kv_head=1 worker=0 block_r=0 block_c=-1 t0_us=2285374006704 t1_us=2285374006706 dur_us=1
FIG8_ATTENTION_EVENT mode=baseline phase=measure iteration=14 component=o_store component_id=8 lut_exp=0 qo_len=32 kv_len=4096 n_heads=12 n_kv_heads=2 head_dim=128 kv_head=1 worker=0 block_r=0 block_c=-1 t0_us=2285374006706 t1_us=2285374006717 dur_us=11
FIG8_ATTENTION_HOST_TIMING mode=baseline scna_width=0 qo_len=32 kv_len=4096 n_heads=12 n_kv_heads=2 head_dim=128 phase=measure iteration=15 host_elapsed_us=2378 ret=0
FIG8_ATTENTION_PROFILE_COUNT mode=baseline qo_len=32 phase=measure iteration=15 records=2 max_records=10
FIG8_ATTENTION_TIMERS mode=baseline phase=measure iteration=15 lut_exp=0 nonlinear_mode=0 scna_width=0 scna_exp=0 qo_len=32 kv_len=4096 n_heads=12 n_kv_heads=2 head_dim=128 kv_head=0 worker=0 profiled_total=1073 q_load=8 k_load=208 v_load=176 qk_dot=12 safe_sm=646 core_acc=11 o_scale=1 o_store=11
FIG8_ATTENTION_TIMERS mode=baseline phase=measure iteration=15 lut_exp=0 nonlinear_mode=0 scna_width=0 scna_exp=0 qo_len=32 kv_len=4096 n_heads=12 n_kv_heads=2 head_dim=128 kv_head=1 worker=0 profiled_total=944 q_load=8 k_load=77 v_load=185 qk_dot=12 safe_sm=639 core_acc=11 o_scale=1 o_store=11
FIG8_ATTENTION_EVENT_COUNT mode=baseline qo_len=32 phase=measure iteration=15 events=16 max_events=24896 overflow=0
FIG8_ATTENTION_EVENT mode=baseline phase=measure iteration=15 component=q_load component_id=1 lut_exp=0 qo_len=32 kv_len=4096 n_heads=12 n_kv_heads=2 head_dim=128 kv_head=0 worker=0 block_r=0 block_c=-1 t0_us=2285374007461 t1_us=2285374007469 dur_us=8
FIG8_ATTENTION_EVENT mode=baseline phase=measure iteration=15 component=k_load component_id=2 lut_exp=0 qo_len=32 kv_len=4096 n_heads=12 n_kv_heads=2 head_dim=128 kv_head=0 worker=0 block_r=0 block_c=0 t0_us=2285374007472 t1_us=2285374007680 dur_us=208
FIG8_ATTENTION_EVENT mode=baseline phase=measure iteration=15 component=qk_dot component_id=4 lut_exp=0 qo_len=32 kv_len=4096 n_heads=12 n_kv_heads=2 head_dim=128 kv_head=0 worker=0 block_r=0 block_c=0 t0_us=2285374007680 t1_us=2285374007693 dur_us=12
FIG8_ATTENTION_EVENT mode=baseline phase=measure iteration=15 component=safe_sm component_id=5 lut_exp=0 qo_len=32 kv_len=4096 n_heads=12 n_kv_heads=2 head_dim=128 kv_head=0 worker=0 block_r=0 block_c=0 t0_us=2285374007693 t1_us=2285374008339 dur_us=646
FIG8_ATTENTION_EVENT mode=baseline phase=measure iteration=15 component=v_load component_id=3 lut_exp=0 qo_len=32 kv_len=4096 n_heads=12 n_kv_heads=2 head_dim=128 kv_head=0 worker=0 block_r=0 block_c=0 t0_us=2285374008340 t1_us=2285374008517 dur_us=176
FIG8_ATTENTION_EVENT mode=baseline phase=measure iteration=15 component=core_acc component_id=6 lut_exp=0 qo_len=32 kv_len=4096 n_heads=12 n_kv_heads=2 head_dim=128 kv_head=0 worker=0 block_r=0 block_c=0 t0_us=2285374008517 t1_us=2285374008528 dur_us=11
FIG8_ATTENTION_EVENT mode=baseline phase=measure iteration=15 component=o_scale component_id=7 lut_exp=0 qo_len=32 kv_len=4096 n_heads=12 n_kv_heads=2 head_dim=128 kv_head=0 worker=0 block_r=0 block_c=-1 t0_us=2285374008529 t1_us=2285374008530 dur_us=1
FIG8_ATTENTION_EVENT mode=baseline phase=measure iteration=15 component=o_store component_id=8 lut_exp=0 qo_len=32 kv_len=4096 n_heads=12 n_kv_heads=2 head_dim=128 kv_head=0 worker=0 block_r=0 block_c=-1 t0_us=2285374008531 t1_us=2285374008542 dur_us=11
FIG8_ATTENTION_EVENT mode=baseline phase=measure iteration=15 component=q_load component_id=1 lut_exp=0 qo_len=32 kv_len=4096 n_heads=12 n_kv_heads=2 head_dim=128 kv_head=1 worker=0 block_r=0 block_c=-1 t0_us=2285374008584 t1_us=2285374008593 dur_us=8
FIG8_ATTENTION_EVENT mode=baseline phase=measure iteration=15 component=k_load component_id=2 lut_exp=0 qo_len=32 kv_len=4096 n_heads=12 n_kv_heads=2 head_dim=128 kv_head=1 worker=0 block_r=0 block_c=0 t0_us=2285374008595 t1_us=2285374008672 dur_us=77
FIG8_ATTENTION_EVENT mode=baseline phase=measure iteration=15 component=qk_dot component_id=4 lut_exp=0 qo_len=32 kv_len=4096 n_heads=12 n_kv_heads=2 head_dim=128 kv_head=1 worker=0 block_r=0 block_c=0 t0_us=2285374008673 t1_us=2285374008685 dur_us=12
FIG8_ATTENTION_EVENT mode=baseline phase=measure iteration=15 component=safe_sm component_id=5 lut_exp=0 qo_len=32 kv_len=4096 n_heads=12 n_kv_heads=2 head_dim=128 kv_head=1 worker=0 block_r=0 block_c=0 t0_us=2285374008686 t1_us=2285374009325 dur_us=639
FIG8_ATTENTION_EVENT mode=baseline phase=measure iteration=15 component=v_load component_id=3 lut_exp=0 qo_len=32 kv_len=4096 n_heads=12 n_kv_heads=2 head_dim=128 kv_head=1 worker=0 block_r=0 block_c=0 t0_us=2285374009325 t1_us=2285374009511 dur_us=185
FIG8_ATTENTION_EVENT mode=baseline phase=measure iteration=15 component=core_acc component_id=6 lut_exp=0 qo_len=32 kv_len=4096 n_heads=12 n_kv_heads=2 head_dim=128 kv_head=1 worker=0 block_r=0 block_c=0 t0_us=2285374009512 t1_us=2285374009523 dur_us=11
FIG8_ATTENTION_EVENT mode=baseline phase=measure iteration=15 component=o_scale component_id=7 lut_exp=0 qo_len=32 kv_len=4096 n_heads=12 n_kv_heads=2 head_dim=128 kv_head=1 worker=0 block_r=0 block_c=-1 t0_us=2285374009524 t1_us=2285374009526 dur_us=1
FIG8_ATTENTION_EVENT mode=baseline phase=measure iteration=15 component=o_store component_id=8 lut_exp=0 qo_len=32 kv_len=4096 n_heads=12 n_kv_heads=2 head_dim=128 kv_head=1 worker=0 block_r=0 block_c=-1 t0_us=2285374009526 t1_us=2285374009538 dur_us=11
FIG8_ATTENTION_HOST_TIMING mode=baseline scna_width=0 qo_len=32 kv_len=4096 n_heads=12 n_kv_heads=2 head_dim=128 phase=measure iteration=16 host_elapsed_us=2524 ret=0
FIG8_ATTENTION_PROFILE_COUNT mode=baseline qo_len=32 phase=measure iteration=16 records=2 max_records=10
FIG8_ATTENTION_TIMERS mode=baseline phase=measure iteration=16 lut_exp=0 nonlinear_mode=0 scna_width=0 scna_exp=0 qo_len=32 kv_len=4096 n_heads=12 n_kv_heads=2 head_dim=128 kv_head=0 worker=0 profiled_total=1080 q_load=7 k_load=207 v_load=185 qk_dot=12 safe_sm=646 core_acc=11 o_scale=1 o_store=11
FIG8_ATTENTION_TIMERS mode=baseline phase=measure iteration=16 lut_exp=0 nonlinear_mode=0 scna_width=0 scna_exp=0 qo_len=32 kv_len=4096 n_heads=12 n_kv_heads=2 head_dim=128 kv_head=1 worker=0 profiled_total=1081 q_load=8 k_load=211 v_load=183 qk_dot=12 safe_sm=644 core_acc=11 o_scale=1 o_store=11
FIG8_ATTENTION_EVENT_COUNT mode=baseline qo_len=32 phase=measure iteration=16 events=16 max_events=24896 overflow=0
FIG8_ATTENTION_EVENT mode=baseline phase=measure iteration=16 component=q_load component_id=1 lut_exp=0 qo_len=32 kv_len=4096 n_heads=12 n_kv_heads=2 head_dim=128 kv_head=0 worker=0 block_r=0 block_c=-1 t0_us=2285374010256 t1_us=2285374010264 dur_us=7
FIG8_ATTENTION_EVENT mode=baseline phase=measure iteration=16 component=k_load component_id=2 lut_exp=0 qo_len=32 kv_len=4096 n_heads=12 n_kv_heads=2 head_dim=128 kv_head=0 worker=0 block_r=0 block_c=0 t0_us=2285374010266 t1_us=2285374010473 dur_us=207
FIG8_ATTENTION_EVENT mode=baseline phase=measure iteration=16 component=qk_dot component_id=4 lut_exp=0 qo_len=32 kv_len=4096 n_heads=12 n_kv_heads=2 head_dim=128 kv_head=0 worker=0 block_r=0 block_c=0 t0_us=2285374010474 t1_us=2285374010486 dur_us=12
FIG8_ATTENTION_EVENT mode=baseline phase=measure iteration=16 component=safe_sm component_id=5 lut_exp=0 qo_len=32 kv_len=4096 n_heads=12 n_kv_heads=2 head_dim=128 kv_head=0 worker=0 block_r=0 block_c=0 t0_us=2285374010486 t1_us=2285374011133 dur_us=646
FIG8_ATTENTION_EVENT mode=baseline phase=measure iteration=16 component=v_load component_id=3 lut_exp=0 qo_len=32 kv_len=4096 n_heads=12 n_kv_heads=2 head_dim=128 kv_head=0 worker=0 block_r=0 block_c=0 t0_us=2285374011134 t1_us=2285374011320 dur_us=185
FIG8_ATTENTION_EVENT mode=baseline phase=measure iteration=16 component=core_acc component_id=6 lut_exp=0 qo_len=32 kv_len=4096 n_heads=12 n_kv_heads=2 head_dim=128 kv_head=0 worker=0 block_r=0 block_c=0 t0_us=2285374011320 t1_us=2285374011331 dur_us=11
FIG8_ATTENTION_EVENT mode=baseline phase=measure iteration=16 component=o_scale component_id=7 lut_exp=0 qo_len=32 kv_len=4096 n_heads=12 n_kv_heads=2 head_dim=128 kv_head=0 worker=0 block_r=0 block_c=-1 t0_us=2285374011332 t1_us=2285374011333 dur_us=1
FIG8_ATTENTION_EVENT mode=baseline phase=measure iteration=16 component=o_store component_id=8 lut_exp=0 qo_len=32 kv_len=4096 n_heads=12 n_kv_heads=2 head_dim=128 kv_head=0 worker=0 block_r=0 block_c=-1 t0_us=2285374011334 t1_us=2285374011346 dur_us=11
FIG8_ATTENTION_EVENT mode=baseline phase=measure iteration=16 component=q_load component_id=1 lut_exp=0 qo_len=32 kv_len=4096 n_heads=12 n_kv_heads=2 head_dim=128 kv_head=1 worker=0 block_r=0 block_c=-1 t0_us=2285374011388 t1_us=2285374011396 dur_us=8
FIG8_ATTENTION_EVENT mode=baseline phase=measure iteration=16 component=k_load component_id=2 lut_exp=0 qo_len=32 kv_len=4096 n_heads=12 n_kv_heads=2 head_dim=128 kv_head=1 worker=0 block_r=0 block_c=0 t0_us=2285374011399 t1_us=2285374011610 dur_us=211
FIG8_ATTENTION_EVENT mode=baseline phase=measure iteration=16 component=qk_dot component_id=4 lut_exp=0 qo_len=32 kv_len=4096 n_heads=12 n_kv_heads=2 head_dim=128 kv_head=1 worker=0 block_r=0 block_c=0 t0_us=2285374011610 t1_us=2285374011623 dur_us=12
FIG8_ATTENTION_EVENT mode=baseline phase=measure iteration=16 component=safe_sm component_id=5 lut_exp=0 qo_len=32 kv_len=4096 n_heads=12 n_kv_heads=2 head_dim=128 kv_head=1 worker=0 block_r=0 block_c=0 t0_us=2285374011623 t1_us=2285374012268 dur_us=644
FIG8_ATTENTION_EVENT mode=baseline phase=measure iteration=16 component=v_load component_id=3 lut_exp=0 qo_len=32 kv_len=4096 n_heads=12 n_kv_heads=2 head_dim=128 kv_head=1 worker=0 block_r=0 block_c=0 t0_us=2285374012268 t1_us=2285374012451 dur_us=183
FIG8_ATTENTION_EVENT mode=baseline phase=measure iteration=16 component=core_acc component_id=6 lut_exp=0 qo_len=32 kv_len=4096 n_heads=12 n_kv_heads=2 head_dim=128 kv_head=1 worker=0 block_r=0 block_c=0 t0_us=2285374012452 t1_us=2285374012463 dur_us=11
FIG8_ATTENTION_EVENT mode=baseline phase=measure iteration=16 component=o_scale component_id=7 lut_exp=0 qo_len=32 kv_len=4096 n_heads=12 n_kv_heads=2 head_dim=128 kv_head=1 worker=0 block_r=0 block_c=-1 t0_us=2285374012464 t1_us=2285374012466 dur_us=1
FIG8_ATTENTION_EVENT mode=baseline phase=measure iteration=16 component=o_store component_id=8 lut_exp=0 qo_len=32 kv_len=4096 n_heads=12 n_kv_heads=2 head_dim=128 kv_head=1 worker=0 block_r=0 block_c=-1 t0_us=2285374012466 t1_us=2285374012477 dur_us=11
FIG8_ATTENTION_HOST_TIMING mode=baseline scna_width=0 qo_len=32 kv_len=4096 n_heads=12 n_kv_heads=2 head_dim=128 phase=measure iteration=17 host_elapsed_us=2520 ret=0
FIG8_ATTENTION_PROFILE_COUNT mode=baseline qo_len=32 phase=measure iteration=17 records=2 max_records=10
FIG8_ATTENTION_TIMERS mode=baseline phase=measure iteration=17 lut_exp=0 nonlinear_mode=0 scna_width=0 scna_exp=0 qo_len=32 kv_len=4096 n_heads=12 n_kv_heads=2 head_dim=128 kv_head=0 worker=0 profiled_total=1071 q_load=8 k_load=207 v_load=176 qk_dot=12 safe_sm=645 core_acc=11 o_scale=1 o_store=11
FIG8_ATTENTION_TIMERS mode=baseline phase=measure iteration=17 lut_exp=0 nonlinear_mode=0 scna_width=0 scna_exp=0 qo_len=32 kv_len=4096 n_heads=12 n_kv_heads=2 head_dim=128 kv_head=1 worker=0 profiled_total=1091 q_load=8 k_load=218 v_load=186 qk_dot=12 safe_sm=644 core_acc=11 o_scale=1 o_store=11
FIG8_ATTENTION_EVENT_COUNT mode=baseline qo_len=32 phase=measure iteration=17 events=16 max_events=24896 overflow=0
FIG8_ATTENTION_EVENT mode=baseline phase=measure iteration=17 component=q_load component_id=1 lut_exp=0 qo_len=32 kv_len=4096 n_heads=12 n_kv_heads=2 head_dim=128 kv_head=0 worker=0 block_r=0 block_c=-1 t0_us=2285374013237 t1_us=2285374013245 dur_us=8
FIG8_ATTENTION_EVENT mode=baseline phase=measure iteration=17 component=k_load component_id=2 lut_exp=0 qo_len=32 kv_len=4096 n_heads=12 n_kv_heads=2 head_dim=128 kv_head=0 worker=0 block_r=0 block_c=0 t0_us=2285374013247 t1_us=2285374013455 dur_us=207
FIG8_ATTENTION_EVENT mode=baseline phase=measure iteration=17 component=qk_dot component_id=4 lut_exp=0 qo_len=32 kv_len=4096 n_heads=12 n_kv_heads=2 head_dim=128 kv_head=0 worker=0 block_r=0 block_c=0 t0_us=2285374013455 t1_us=2285374013468 dur_us=12
FIG8_ATTENTION_EVENT mode=baseline phase=measure iteration=17 component=safe_sm component_id=5 lut_exp=0 qo_len=32 kv_len=4096 n_heads=12 n_kv_heads=2 head_dim=128 kv_head=0 worker=0 block_r=0 block_c=0 t0_us=2285374013468 t1_us=2285374014113 dur_us=645
FIG8_ATTENTION_EVENT mode=baseline phase=measure iteration=17 component=v_load component_id=3 lut_exp=0 qo_len=32 kv_len=4096 n_heads=12 n_kv_heads=2 head_dim=128 kv_head=0 worker=0 block_r=0 block_c=0 t0_us=2285374014114 t1_us=2285374014291 dur_us=176
FIG8_ATTENTION_EVENT mode=baseline phase=measure iteration=17 component=core_acc component_id=6 lut_exp=0 qo_len=32 kv_len=4096 n_heads=12 n_kv_heads=2 head_dim=128 kv_head=0 worker=0 block_r=0 block_c=0 t0_us=2285374014292 t1_us=2285374014303 dur_us=11
FIG8_ATTENTION_EVENT mode=baseline phase=measure iteration=17 component=o_scale component_id=7 lut_exp=0 qo_len=32 kv_len=4096 n_heads=12 n_kv_heads=2 head_dim=128 kv_head=0 worker=0 block_r=0 block_c=-1 t0_us=2285374014303 t1_us=2285374014305 dur_us=1
FIG8_ATTENTION_EVENT mode=baseline phase=measure iteration=17 component=o_store component_id=8 lut_exp=0 qo_len=32 kv_len=4096 n_heads=12 n_kv_heads=2 head_dim=128 kv_head=0 worker=0 block_r=0 block_c=-1 t0_us=2285374014305 t1_us=2285374014317 dur_us=11
FIG8_ATTENTION_EVENT mode=baseline phase=measure iteration=17 component=q_load component_id=1 lut_exp=0 qo_len=32 kv_len=4096 n_heads=12 n_kv_heads=2 head_dim=128 kv_head=1 worker=0 block_r=0 block_c=-1 t0_us=2285374014359 t1_us=2285374014367 dur_us=8
FIG8_ATTENTION_EVENT mode=baseline phase=measure iteration=17 component=k_load component_id=2 lut_exp=0 qo_len=32 kv_len=4096 n_heads=12 n_kv_heads=2 head_dim=128 kv_head=1 worker=0 block_r=0 block_c=0 t0_us=2285374014369 t1_us=2285374014588 dur_us=218
FIG8_ATTENTION_EVENT mode=baseline phase=measure iteration=17 component=qk_dot component_id=4 lut_exp=0 qo_len=32 kv_len=4096 n_heads=12 n_kv_heads=2 head_dim=128 kv_head=1 worker=0 block_r=0 block_c=0 t0_us=2285374014588 t1_us=2285374014600 dur_us=12
FIG8_ATTENTION_EVENT mode=baseline phase=measure iteration=17 component=safe_sm component_id=5 lut_exp=0 qo_len=32 kv_len=4096 n_heads=12 n_kv_heads=2 head_dim=128 kv_head=1 worker=0 block_r=0 block_c=0 t0_us=2285374014601 t1_us=2285374015246 dur_us=644
FIG8_ATTENTION_EVENT mode=baseline phase=measure iteration=17 component=v_load component_id=3 lut_exp=0 qo_len=32 kv_len=4096 n_heads=12 n_kv_heads=2 head_dim=128 kv_head=1 worker=0 block_r=0 block_c=0 t0_us=2285374015246 t1_us=2285374015432 dur_us=186
FIG8_ATTENTION_EVENT mode=baseline phase=measure iteration=17 component=core_acc component_id=6 lut_exp=0 qo_len=32 kv_len=4096 n_heads=12 n_kv_heads=2 head_dim=128 kv_head=1 worker=0 block_r=0 block_c=0 t0_us=2285374015433 t1_us=2285374015444 dur_us=11
FIG8_ATTENTION_EVENT mode=baseline phase=measure iteration=17 component=o_scale component_id=7 lut_exp=0 qo_len=32 kv_len=4096 n_heads=12 n_kv_heads=2 head_dim=128 kv_head=1 worker=0 block_r=0 block_c=-1 t0_us=2285374015445 t1_us=2285374015447 dur_us=1
FIG8_ATTENTION_EVENT mode=baseline phase=measure iteration=17 component=o_store component_id=8 lut_exp=0 qo_len=32 kv_len=4096 n_heads=12 n_kv_heads=2 head_dim=128 kv_head=1 worker=0 block_r=0 block_c=-1 t0_us=2285374015448 t1_us=2285374015459 dur_us=11
FIG8_ATTENTION_HOST_TIMING mode=baseline scna_width=0 qo_len=32 kv_len=4096 n_heads=12 n_kv_heads=2 head_dim=128 phase=measure iteration=18 host_elapsed_us=2492 ret=0
FIG8_ATTENTION_PROFILE_COUNT mode=baseline qo_len=32 phase=measure iteration=18 records=2 max_records=10
FIG8_ATTENTION_TIMERS mode=baseline phase=measure iteration=18 lut_exp=0 nonlinear_mode=0 scna_width=0 scna_exp=0 qo_len=32 kv_len=4096 n_heads=12 n_kv_heads=2 head_dim=128 kv_head=0 worker=0 profiled_total=1074 q_load=8 k_load=204 v_load=183 qk_dot=12 safe_sm=644 core_acc=11 o_scale=1 o_store=11
FIG8_ATTENTION_TIMERS mode=baseline phase=measure iteration=18 lut_exp=0 nonlinear_mode=0 scna_width=0 scna_exp=0 qo_len=32 kv_len=4096 n_heads=12 n_kv_heads=2 head_dim=128 kv_head=1 worker=0 profiled_total=1091 q_load=8 k_load=216 v_load=189 qk_dot=12 safe_sm=642 core_acc=11 o_scale=2 o_store=11
FIG8_ATTENTION_EVENT_COUNT mode=baseline qo_len=32 phase=measure iteration=18 events=16 max_events=24896 overflow=0
FIG8_ATTENTION_EVENT mode=baseline phase=measure iteration=18 component=q_load component_id=1 lut_exp=0 qo_len=32 kv_len=4096 n_heads=12 n_kv_heads=2 head_dim=128 kv_head=0 worker=0 block_r=0 block_c=-1 t0_us=2285374016153 t1_us=2285374016161 dur_us=8
FIG8_ATTENTION_EVENT mode=baseline phase=measure iteration=18 component=k_load component_id=2 lut_exp=0 qo_len=32 kv_len=4096 n_heads=12 n_kv_heads=2 head_dim=128 kv_head=0 worker=0 block_r=0 block_c=0 t0_us=2285374016164 t1_us=2285374016369 dur_us=204
FIG8_ATTENTION_EVENT mode=baseline phase=measure iteration=18 component=qk_dot component_id=4 lut_exp=0 qo_len=32 kv_len=4096 n_heads=12 n_kv_heads=2 head_dim=128 kv_head=0 worker=0 block_r=0 block_c=0 t0_us=2285374016369 t1_us=2285374016381 dur_us=12
FIG8_ATTENTION_EVENT mode=baseline phase=measure iteration=18 component=safe_sm component_id=5 lut_exp=0 qo_len=32 kv_len=4096 n_heads=12 n_kv_heads=2 head_dim=128 kv_head=0 worker=0 block_r=0 block_c=0 t0_us=2285374016382 t1_us=2285374017027 dur_us=644
FIG8_ATTENTION_EVENT mode=baseline phase=measure iteration=18 component=v_load component_id=3 lut_exp=0 qo_len=32 kv_len=4096 n_heads=12 n_kv_heads=2 head_dim=128 kv_head=0 worker=0 block_r=0 block_c=0 t0_us=2285374017028 t1_us=2285374017211 dur_us=183
FIG8_ATTENTION_EVENT mode=baseline phase=measure iteration=18 component=core_acc component_id=6 lut_exp=0 qo_len=32 kv_len=4096 n_heads=12 n_kv_heads=2 head_dim=128 kv_head=0 worker=0 block_r=0 block_c=0 t0_us=2285374017211 t1_us=2285374017222 dur_us=11
FIG8_ATTENTION_EVENT mode=baseline phase=measure iteration=18 component=o_scale component_id=7 lut_exp=0 qo_len=32 kv_len=4096 n_heads=12 n_kv_heads=2 head_dim=128 kv_head=0 worker=0 block_r=0 block_c=-1 t0_us=2285374017223 t1_us=2285374017224 dur_us=1
FIG8_ATTENTION_EVENT mode=baseline phase=measure iteration=18 component=o_store component_id=8 lut_exp=0 qo_len=32 kv_len=4096 n_heads=12 n_kv_heads=2 head_dim=128 kv_head=0 worker=0 block_r=0 block_c=-1 t0_us=2285374017225 t1_us=2285374017236 dur_us=11
FIG8_ATTENTION_EVENT mode=baseline phase=measure iteration=18 component=q_load component_id=1 lut_exp=0 qo_len=32 kv_len=4096 n_heads=12 n_kv_heads=2 head_dim=128 kv_head=1 worker=0 block_r=0 block_c=-1 t0_us=2285374017279 t1_us=2285374017287 dur_us=8
FIG8_ATTENTION_EVENT mode=baseline phase=measure iteration=18 component=k_load component_id=2 lut_exp=0 qo_len=32 kv_len=4096 n_heads=12 n_kv_heads=2 head_dim=128 kv_head=1 worker=0 block_r=0 block_c=0 t0_us=2285374017290 t1_us=2285374017507 dur_us=216
FIG8_ATTENTION_EVENT mode=baseline phase=measure iteration=18 component=qk_dot component_id=4 lut_exp=0 qo_len=32 kv_len=4096 n_heads=12 n_kv_heads=2 head_dim=128 kv_head=1 worker=0 block_r=0 block_c=0 t0_us=2285374017507 t1_us=2285374017520 dur_us=12
FIG8_ATTENTION_EVENT mode=baseline phase=measure iteration=18 component=safe_sm component_id=5 lut_exp=0 qo_len=32 kv_len=4096 n_heads=12 n_kv_heads=2 head_dim=128 kv_head=1 worker=0 block_r=0 block_c=0 t0_us=2285374017520 t1_us=2285374018163 dur_us=642
FIG8_ATTENTION_EVENT mode=baseline phase=measure iteration=18 component=v_load component_id=3 lut_exp=0 qo_len=32 kv_len=4096 n_heads=12 n_kv_heads=2 head_dim=128 kv_head=1 worker=0 block_r=0 block_c=0 t0_us=2285374018163 t1_us=2285374018352 dur_us=189
FIG8_ATTENTION_EVENT mode=baseline phase=measure iteration=18 component=core_acc component_id=6 lut_exp=0 qo_len=32 kv_len=4096 n_heads=12 n_kv_heads=2 head_dim=128 kv_head=1 worker=0 block_r=0 block_c=0 t0_us=2285374018353 t1_us=2285374018364 dur_us=11
FIG8_ATTENTION_EVENT mode=baseline phase=measure iteration=18 component=o_scale component_id=7 lut_exp=0 qo_len=32 kv_len=4096 n_heads=12 n_kv_heads=2 head_dim=128 kv_head=1 worker=0 block_r=0 block_c=-1 t0_us=2285374018365 t1_us=2285374018367 dur_us=2
FIG8_ATTENTION_EVENT mode=baseline phase=measure iteration=18 component=o_store component_id=8 lut_exp=0 qo_len=32 kv_len=4096 n_heads=12 n_kv_heads=2 head_dim=128 kv_head=1 worker=0 block_r=0 block_c=-1 t0_us=2285374018367 t1_us=2285374018378 dur_us=11
FIG8_ATTENTION_HOST_TIMING mode=baseline scna_width=0 qo_len=32 kv_len=4096 n_heads=12 n_kv_heads=2 head_dim=128 phase=measure iteration=19 host_elapsed_us=2526 ret=0
FIG8_ATTENTION_PROFILE_COUNT mode=baseline qo_len=32 phase=measure iteration=19 records=2 max_records=10
FIG8_ATTENTION_TIMERS mode=baseline phase=measure iteration=19 lut_exp=0 nonlinear_mode=0 scna_width=0 scna_exp=0 qo_len=32 kv_len=4096 n_heads=12 n_kv_heads=2 head_dim=128 kv_head=0 worker=0 profiled_total=1073 q_load=7 k_load=205 v_load=181 qk_dot=12 safe_sm=644 core_acc=11 o_scale=1 o_store=12
FIG8_ATTENTION_TIMERS mode=baseline phase=measure iteration=19 lut_exp=0 nonlinear_mode=0 scna_width=0 scna_exp=0 qo_len=32 kv_len=4096 n_heads=12 n_kv_heads=2 head_dim=128 kv_head=1 worker=0 profiled_total=1084 q_load=8 k_load=214 v_load=185 qk_dot=12 safe_sm=642 core_acc=11 o_scale=1 o_store=11
FIG8_ATTENTION_EVENT_COUNT mode=baseline qo_len=32 phase=measure iteration=19 events=16 max_events=24896 overflow=0
FIG8_ATTENTION_EVENT mode=baseline phase=measure iteration=19 component=q_load component_id=1 lut_exp=0 qo_len=32 kv_len=4096 n_heads=12 n_kv_heads=2 head_dim=128 kv_head=0 worker=0 block_r=0 block_c=-1 t0_us=2285374019031 t1_us=2285374019039 dur_us=7
FIG8_ATTENTION_EVENT mode=baseline phase=measure iteration=19 component=k_load component_id=2 lut_exp=0 qo_len=32 kv_len=4096 n_heads=12 n_kv_heads=2 head_dim=128 kv_head=0 worker=0 block_r=0 block_c=0 t0_us=2285374019042 t1_us=2285374019248 dur_us=205
FIG8_ATTENTION_EVENT mode=baseline phase=measure iteration=19 component=qk_dot component_id=4 lut_exp=0 qo_len=32 kv_len=4096 n_heads=12 n_kv_heads=2 head_dim=128 kv_head=0 worker=0 block_r=0 block_c=0 t0_us=2285374019248 t1_us=2285374019260 dur_us=12
FIG8_ATTENTION_EVENT mode=baseline phase=measure iteration=19 component=safe_sm component_id=5 lut_exp=0 qo_len=32 kv_len=4096 n_heads=12 n_kv_heads=2 head_dim=128 kv_head=0 worker=0 block_r=0 block_c=0 t0_us=2285374019260 t1_us=2285374019905 dur_us=644
FIG8_ATTENTION_EVENT mode=baseline phase=measure iteration=19 component=v_load component_id=3 lut_exp=0 qo_len=32 kv_len=4096 n_heads=12 n_kv_heads=2 head_dim=128 kv_head=0 worker=0 block_r=0 block_c=0 t0_us=2285374019906 t1_us=2285374020088 dur_us=181
FIG8_ATTENTION_EVENT mode=baseline phase=measure iteration=19 component=core_acc component_id=6 lut_exp=0 qo_len=32 kv_len=4096 n_heads=12 n_kv_heads=2 head_dim=128 kv_head=0 worker=0 block_r=0 block_c=0 t0_us=2285374020088 t1_us=2285374020100 dur_us=11
FIG8_ATTENTION_EVENT mode=baseline phase=measure iteration=19 component=o_scale component_id=7 lut_exp=0 qo_len=32 kv_len=4096 n_heads=12 n_kv_heads=2 head_dim=128 kv_head=0 worker=0 block_r=0 block_c=-1 t0_us=2285374020100 t1_us=2285374020101 dur_us=1
FIG8_ATTENTION_EVENT mode=baseline phase=measure iteration=19 component=o_store component_id=8 lut_exp=0 qo_len=32 kv_len=4096 n_heads=12 n_kv_heads=2 head_dim=128 kv_head=0 worker=0 block_r=0 block_c=-1 t0_us=2285374020102 t1_us=2285374020114 dur_us=12
FIG8_ATTENTION_EVENT mode=baseline phase=measure iteration=19 component=q_load component_id=1 lut_exp=0 qo_len=32 kv_len=4096 n_heads=12 n_kv_heads=2 head_dim=128 kv_head=1 worker=0 block_r=0 block_c=-1 t0_us=2285374020156 t1_us=2285374020164 dur_us=8
FIG8_ATTENTION_EVENT mode=baseline phase=measure iteration=19 component=k_load component_id=2 lut_exp=0 qo_len=32 kv_len=4096 n_heads=12 n_kv_heads=2 head_dim=128 kv_head=1 worker=0 block_r=0 block_c=0 t0_us=2285374020166 t1_us=2285374020380 dur_us=214
FIG8_ATTENTION_EVENT mode=baseline phase=measure iteration=19 component=qk_dot component_id=4 lut_exp=0 qo_len=32 kv_len=4096 n_heads=12 n_kv_heads=2 head_dim=128 kv_head=1 worker=0 block_r=0 block_c=0 t0_us=2285374020380 t1_us=2285374020393 dur_us=12
FIG8_ATTENTION_EVENT mode=baseline phase=measure iteration=19 component=safe_sm component_id=5 lut_exp=0 qo_len=32 kv_len=4096 n_heads=12 n_kv_heads=2 head_dim=128 kv_head=1 worker=0 block_r=0 block_c=0 t0_us=2285374020393 t1_us=2285374021036 dur_us=642
FIG8_ATTENTION_EVENT mode=baseline phase=measure iteration=19 component=v_load component_id=3 lut_exp=0 qo_len=32 kv_len=4096 n_heads=12 n_kv_heads=2 head_dim=128 kv_head=1 worker=0 block_r=0 block_c=0 t0_us=2285374021036 t1_us=2285374021222 dur_us=185
FIG8_ATTENTION_EVENT mode=baseline phase=measure iteration=19 component=core_acc component_id=6 lut_exp=0 qo_len=32 kv_len=4096 n_heads=12 n_kv_heads=2 head_dim=128 kv_head=1 worker=0 block_r=0 block_c=0 t0_us=2285374021222 t1_us=2285374021234 dur_us=11
FIG8_ATTENTION_EVENT mode=baseline phase=measure iteration=19 component=o_scale component_id=7 lut_exp=0 qo_len=32 kv_len=4096 n_heads=12 n_kv_heads=2 head_dim=128 kv_head=1 worker=0 block_r=0 block_c=-1 t0_us=2285374021235 t1_us=2285374021236 dur_us=1
FIG8_ATTENTION_EVENT mode=baseline phase=measure iteration=19 component=o_store component_id=8 lut_exp=0 qo_len=32 kv_len=4096 n_heads=12 n_kv_heads=2 head_dim=128 kv_head=1 worker=0 block_r=0 block_c=-1 t0_us=2285374021237 t1_us=2285374021248 dur_us=11
