FIG8_ATTENTION_CONFIG mode=baseline qo_len=16 kv_len=4096 n_heads=12 n_kv_heads=2 head_dim=128 warmup=5 iters=20 q_size=98304 kv_size=2097152 mask_size=131072 profile_size=902016 profile_max_records=10 profile_max_events=12512
FIG8_ATTENTION_HOST_TIMING mode=baseline qo_len=16 kv_len=4096 n_heads=12 n_kv_heads=2 head_dim=128 phase=warmup iteration=0 host_elapsed_us=847 ret=0
FIG8_ATTENTION_PROFILE_COUNT mode=baseline qo_len=16 phase=warmup iteration=0 records=2 max_records=10
FIG8_ATTENTION_TIMERS mode=baseline phase=warmup iteration=0 lut_exp=0 qo_len=16 kv_len=4096 n_heads=12 n_kv_heads=2 head_dim=128 kv_head=1 worker=1 profiled_total=527 q_load=4 k_load=84 v_load=63 qk_dot=6 safe_sm=354 core_acc=8 o_scale=1 o_store=7
FIG8_ATTENTION_TIMERS mode=baseline phase=warmup iteration=0 lut_exp=0 qo_len=16 kv_len=4096 n_heads=12 n_kv_heads=2 head_dim=128 kv_head=0 worker=0 profiled_total=527 q_load=4 k_load=92 v_load=62 qk_dot=5 safe_sm=350 core_acc=7 o_scale=0 o_store=7
FIG8_ATTENTION_EVENT_COUNT mode=baseline qo_len=16 phase=warmup iteration=0 events=56 max_events=12512 overflow=0
FIG8_ATTENTION_EVENT mode=baseline phase=warmup iteration=0 component=q_load component_id=1 lut_exp=0 qo_len=16 kv_len=4096 n_heads=12 n_kv_heads=2 head_dim=128 kv_head=1 worker=1 block_r=0 block_c=-1 t0_us=3757979796 t1_us=3757979801 dur_us=4
FIG8_ATTENTION_EVENT mode=baseline phase=warmup iteration=0 component=q_load component_id=1 lut_exp=0 qo_len=16 kv_len=4096 n_heads=12 n_kv_heads=2 head_dim=128 kv_head=0 worker=0 block_r=0 block_c=-1 t0_us=3757979796 t1_us=3757979801 dur_us=4
FIG8_ATTENTION_EVENT mode=baseline phase=warmup iteration=0 component=k_load component_id=2 lut_exp=0 qo_len=16 kv_len=4096 n_heads=12 n_kv_heads=2 head_dim=128 kv_head=1 worker=1 block_r=0 block_c=0 t0_us=3757979802 t1_us=3757979825 dur_us=22
FIG8_ATTENTION_EVENT mode=baseline phase=warmup iteration=0 component=qk_dot component_id=4 lut_exp=0 qo_len=16 kv_len=4096 n_heads=12 n_kv_heads=2 head_dim=128 kv_head=1 worker=1 block_r=0 block_c=0 t0_us=3757979825 t1_us=3757979826 dur_us=1
FIG8_ATTENTION_EVENT mode=baseline phase=warmup iteration=0 component=k_load component_id=2 lut_exp=0 qo_len=16 kv_len=4096 n_heads=12 n_kv_heads=2 head_dim=128 kv_head=0 worker=0 block_r=0 block_c=0 t0_us=3757979802 t1_us=3757979827 dur_us=24
FIG8_ATTENTION_EVENT mode=baseline phase=warmup iteration=0 component=qk_dot component_id=4 lut_exp=0 qo_len=16 kv_len=4096 n_heads=12 n_kv_heads=2 head_dim=128 kv_head=0 worker=0 block_r=0 block_c=0 t0_us=3757979827 t1_us=3757979828 dur_us=1
FIG8_ATTENTION_EVENT mode=baseline phase=warmup iteration=0 component=safe_sm component_id=5 lut_exp=0 qo_len=16 kv_len=4096 n_heads=12 n_kv_heads=2 head_dim=128 kv_head=1 worker=1 block_r=0 block_c=0 t0_us=3757979827 t1_us=3757979901 dur_us=73
FIG8_ATTENTION_EVENT mode=baseline phase=warmup iteration=0 component=safe_sm component_id=5 lut_exp=0 qo_len=16 kv_len=4096 n_heads=12 n_kv_heads=2 head_dim=128 kv_head=0 worker=0 block_r=0 block_c=0 t0_us=3757979828 t1_us=3757979901 dur_us=73
FIG8_ATTENTION_EVENT mode=baseline phase=warmup iteration=0 component=v_load component_id=3 lut_exp=0 qo_len=16 kv_len=4096 n_heads=12 n_kv_heads=2 head_dim=128 kv_head=0 worker=0 block_r=0 block_c=0 t0_us=3757979902 t1_us=3757979917 dur_us=15
FIG8_ATTENTION_EVENT mode=baseline phase=warmup iteration=0 component=v_load component_id=3 lut_exp=0 qo_len=16 kv_len=4096 n_heads=12 n_kv_heads=2 head_dim=128 kv_head=1 worker=1 block_r=0 block_c=0 t0_us=3757979902 t1_us=3757979918 dur_us=16
FIG8_ATTENTION_EVENT mode=baseline phase=warmup iteration=0 component=core_acc component_id=6 lut_exp=0 qo_len=16 kv_len=4096 n_heads=12 n_kv_heads=2 head_dim=128 kv_head=0 worker=0 block_r=0 block_c=0 t0_us=3757979917 t1_us=3757979920 dur_us=2
FIG8_ATTENTION_EVENT mode=baseline phase=warmup iteration=0 component=core_acc component_id=6 lut_exp=0 qo_len=16 kv_len=4096 n_heads=12 n_kv_heads=2 head_dim=128 kv_head=1 worker=1 block_r=0 block_c=0 t0_us=3757979918 t1_us=3757979921 dur_us=2
FIG8_ATTENTION_EVENT mode=baseline phase=warmup iteration=0 component=k_load component_id=2 lut_exp=0 qo_len=16 kv_len=4096 n_heads=12 n_kv_heads=2 head_dim=128 kv_head=1 worker=1 block_r=0 block_c=832 t0_us=3757979921 t1_us=3757979936 dur_us=14
FIG8_ATTENTION_EVENT mode=baseline phase=warmup iteration=0 component=qk_dot component_id=4 lut_exp=0 qo_len=16 kv_len=4096 n_heads=12 n_kv_heads=2 head_dim=128 kv_head=1 worker=1 block_r=0 block_c=832 t0_us=3757979936 t1_us=3757979937 dur_us=1
FIG8_ATTENTION_EVENT mode=baseline phase=warmup iteration=0 component=k_load component_id=2 lut_exp=0 qo_len=16 kv_len=4096 n_heads=12 n_kv_heads=2 head_dim=128 kv_head=0 worker=0 block_r=0 block_c=832 t0_us=3757979921 t1_us=3757979941 dur_us=19
FIG8_ATTENTION_EVENT mode=baseline phase=warmup iteration=0 component=qk_dot component_id=4 lut_exp=0 qo_len=16 kv_len=4096 n_heads=12 n_kv_heads=2 head_dim=128 kv_head=0 worker=0 block_r=0 block_c=832 t0_us=3757979941 t1_us=3757979942 dur_us=1
FIG8_ATTENTION_EVENT mode=baseline phase=warmup iteration=0 component=safe_sm component_id=5 lut_exp=0 qo_len=16 kv_len=4096 n_heads=12 n_kv_heads=2 head_dim=128 kv_head=1 worker=1 block_r=0 block_c=832 t0_us=3757979937 t1_us=3757980007 dur_us=69
FIG8_ATTENTION_EVENT mode=baseline phase=warmup iteration=0 component=safe_sm component_id=5 lut_exp=0 qo_len=16 kv_len=4096 n_heads=12 n_kv_heads=2 head_dim=128 kv_head=0 worker=0 block_r=0 block_c=832 t0_us=3757979942 t1_us=3757980007 dur_us=65
FIG8_ATTENTION_EVENT mode=baseline phase=warmup iteration=0 component=v_load component_id=3 lut_exp=0 qo_len=16 kv_len=4096 n_heads=12 n_kv_heads=2 head_dim=128 kv_head=0 worker=0 block_r=0 block_c=832 t0_us=3757980007 t1_us=3757980020 dur_us=13
FIG8_ATTENTION_EVENT mode=baseline phase=warmup iteration=0 component=v_load component_id=3 lut_exp=0 qo_len=16 kv_len=4096 n_heads=12 n_kv_heads=2 head_dim=128 kv_head=1 worker=1 block_r=0 block_c=832 t0_us=3757980007 t1_us=3757980020 dur_us=13
FIG8_ATTENTION_EVENT mode=baseline phase=warmup iteration=0 component=core_acc component_id=6 lut_exp=0 qo_len=16 kv_len=4096 n_heads=12 n_kv_heads=2 head_dim=128 kv_head=0 worker=0 block_r=0 block_c=832 t0_us=3757980020 t1_us=3757980021 dur_us=0
FIG8_ATTENTION_EVENT mode=baseline phase=warmup iteration=0 component=core_acc component_id=6 lut_exp=0 qo_len=16 kv_len=4096 n_heads=12 n_kv_heads=2 head_dim=128 kv_head=1 worker=1 block_r=0 block_c=832 t0_us=3757980020 t1_us=3757980023 dur_us=2
FIG8_ATTENTION_EVENT mode=baseline phase=warmup iteration=0 component=k_load component_id=2 lut_exp=0 qo_len=16 kv_len=4096 n_heads=12 n_kv_heads=2 head_dim=128 kv_head=0 worker=0 block_r=0 block_c=1664 t0_us=3757980021 t1_us=3757980037 dur_us=15
FIG8_ATTENTION_EVENT mode=baseline phase=warmup iteration=0 component=k_load component_id=2 lut_exp=0 qo_len=16 kv_len=4096 n_heads=12 n_kv_heads=2 head_dim=128 kv_head=1 worker=1 block_r=0 block_c=1664 t0_us=3757980023 t1_us=3757980038 dur_us=15
FIG8_ATTENTION_EVENT mode=baseline phase=warmup iteration=0 component=qk_dot component_id=4 lut_exp=0 qo_len=16 kv_len=4096 n_heads=12 n_kv_heads=2 head_dim=128 kv_head=0 worker=0 block_r=0 block_c=1664 t0_us=3757980037 t1_us=3757980038 dur_us=1
FIG8_ATTENTION_EVENT mode=baseline phase=warmup iteration=0 component=qk_dot component_id=4 lut_exp=0 qo_len=16 kv_len=4096 n_heads=12 n_kv_heads=2 head_dim=128 kv_head=1 worker=1 block_r=0 block_c=1664 t0_us=3757980038 t1_us=3757980039 dur_us=1
FIG8_ATTENTION_EVENT mode=baseline phase=warmup iteration=0 component=safe_sm component_id=5 lut_exp=0 qo_len=16 kv_len=4096 n_heads=12 n_kv_heads=2 head_dim=128 kv_head=0 worker=0 block_r=0 block_c=1664 t0_us=3757980038 t1_us=3757980109 dur_us=70
FIG8_ATTENTION_EVENT mode=baseline phase=warmup iteration=0 component=safe_sm component_id=5 lut_exp=0 qo_len=16 kv_len=4096 n_heads=12 n_kv_heads=2 head_dim=128 kv_head=1 worker=1 block_r=0 block_c=1664 t0_us=3757980040 t1_us=3757980109 dur_us=69
FIG8_ATTENTION_EVENT mode=baseline phase=warmup iteration=0 component=v_load component_id=3 lut_exp=0 qo_len=16 kv_len=4096 n_heads=12 n_kv_heads=2 head_dim=128 kv_head=0 worker=0 block_r=0 block_c=1664 t0_us=3757980109 t1_us=3757980122 dur_us=12
FIG8_ATTENTION_EVENT mode=baseline phase=warmup iteration=0 component=v_load component_id=3 lut_exp=0 qo_len=16 kv_len=4096 n_heads=12 n_kv_heads=2 head_dim=128 kv_head=1 worker=1 block_r=0 block_c=1664 t0_us=3757980109 t1_us=3757980122 dur_us=12
FIG8_ATTENTION_EVENT mode=baseline phase=warmup iteration=0 component=core_acc component_id=6 lut_exp=0 qo_len=16 kv_len=4096 n_heads=12 n_kv_heads=2 head_dim=128 kv_head=0 worker=0 block_r=0 block_c=1664 t0_us=3757980122 t1_us=3757980122 dur_us=0
FIG8_ATTENTION_EVENT mode=baseline phase=warmup iteration=0 component=core_acc component_id=6 lut_exp=0 qo_len=16 kv_len=4096 n_heads=12 n_kv_heads=2 head_dim=128 kv_head=1 worker=1 block_r=0 block_c=1664 t0_us=3757980122 t1_us=3757980124 dur_us=1
FIG8_ATTENTION_EVENT mode=baseline phase=warmup iteration=0 component=k_load component_id=2 lut_exp=0 qo_len=16 kv_len=4096 n_heads=12 n_kv_heads=2 head_dim=128 kv_head=0 worker=0 block_r=0 block_c=2496 t0_us=3757980122 t1_us=3757980139 dur_us=16
FIG8_ATTENTION_EVENT mode=baseline phase=warmup iteration=0 component=k_load component_id=2 lut_exp=0 qo_len=16 kv_len=4096 n_heads=12 n_kv_heads=2 head_dim=128 kv_head=1 worker=1 block_r=0 block_c=2496 t0_us=3757980124 t1_us=3757980140 dur_us=15
FIG8_ATTENTION_EVENT mode=baseline phase=warmup iteration=0 component=qk_dot component_id=4 lut_exp=0 qo_len=16 kv_len=4096 n_heads=12 n_kv_heads=2 head_dim=128 kv_head=0 worker=0 block_r=0 block_c=2496 t0_us=3757980139 t1_us=3757980140 dur_us=1
FIG8_ATTENTION_EVENT mode=baseline phase=warmup iteration=0 component=qk_dot component_id=4 lut_exp=0 qo_len=16 kv_len=4096 n_heads=12 n_kv_heads=2 head_dim=128 kv_head=1 worker=1 block_r=0 block_c=2496 t0_us=3757980140 t1_us=3757980141 dur_us=1
FIG8_ATTENTION_EVENT mode=baseline phase=warmup iteration=0 component=safe_sm component_id=5 lut_exp=0 qo_len=16 kv_len=4096 n_heads=12 n_kv_heads=2 head_dim=128 kv_head=0 worker=0 block_r=0 block_c=2496 t0_us=3757980140 t1_us=3757980212 dur_us=71
FIG8_ATTENTION_EVENT mode=baseline phase=warmup iteration=0 component=safe_sm component_id=5 lut_exp=0 qo_len=16 kv_len=4096 n_heads=12 n_kv_heads=2 head_dim=128 kv_head=1 worker=1 block_r=0 block_c=2496 t0_us=3757980141 t1_us=3757980212 dur_us=70
FIG8_ATTENTION_EVENT mode=baseline phase=warmup iteration=0 component=v_load component_id=3 lut_exp=0 qo_len=16 kv_len=4096 n_heads=12 n_kv_heads=2 head_dim=128 kv_head=1 worker=1 block_r=0 block_c=2496 t0_us=3757980212 t1_us=3757980223 dur_us=11
FIG8_ATTENTION_EVENT mode=baseline phase=warmup iteration=0 component=v_load component_id=3 lut_exp=0 qo_len=16 kv_len=4096 n_heads=12 n_kv_heads=2 head_dim=128 kv_head=0 worker=0 block_r=0 block_c=2496 t0_us=3757980212 t1_us=3757980225 dur_us=12
FIG8_ATTENTION_EVENT mode=baseline phase=warmup iteration=0 component=core_acc component_id=6 lut_exp=0 qo_len=16 kv_len=4096 n_heads=12 n_kv_heads=2 head_dim=128 kv_head=1 worker=1 block_r=0 block_c=2496 t0_us=3757980224 t1_us=3757980225 dur_us=1
FIG8_ATTENTION_EVENT mode=baseline phase=warmup iteration=0 component=core_acc component_id=6 lut_exp=0 qo_len=16 kv_len=4096 n_heads=12 n_kv_heads=2 head_dim=128 kv_head=0 worker=0 block_r=0 block_c=2496 t0_us=3757980225 t1_us=3757980226 dur_us=1
FIG8_ATTENTION_EVENT mode=baseline phase=warmup iteration=0 component=k_load component_id=2 lut_exp=0 qo_len=16 kv_len=4096 n_heads=12 n_kv_heads=2 head_dim=128 kv_head=1 worker=1 block_r=0 block_c=3328 t0_us=3757980225 t1_us=3757980241 dur_us=16
FIG8_ATTENTION_EVENT mode=baseline phase=warmup iteration=0 component=qk_dot component_id=4 lut_exp=0 qo_len=16 kv_len=4096 n_heads=12 n_kv_heads=2 head_dim=128 kv_head=1 worker=1 block_r=0 block_c=3328 t0_us=3757980241 t1_us=3757980242 dur_us=1
FIG8_ATTENTION_EVENT mode=baseline phase=warmup iteration=0 component=k_load component_id=2 lut_exp=0 qo_len=16 kv_len=4096 n_heads=12 n_kv_heads=2 head_dim=128 kv_head=0 worker=0 block_r=0 block_c=3328 t0_us=3757980226 t1_us=3757980243 dur_us=16
FIG8_ATTENTION_EVENT mode=baseline phase=warmup iteration=0 component=qk_dot component_id=4 lut_exp=0 qo_len=16 kv_len=4096 n_heads=12 n_kv_heads=2 head_dim=128 kv_head=0 worker=0 block_r=0 block_c=3328 t0_us=3757980243 t1_us=3757980244 dur_us=0
FIG8_ATTENTION_EVENT mode=baseline phase=warmup iteration=0 component=safe_sm component_id=5 lut_exp=0 qo_len=16 kv_len=4096 n_heads=12 n_kv_heads=2 head_dim=128 kv_head=1 worker=1 block_r=0 block_c=3328 t0_us=3757980242 t1_us=3757980313 dur_us=70
FIG8_ATTENTION_EVENT mode=baseline phase=warmup iteration=0 component=safe_sm component_id=5 lut_exp=0 qo_len=16 kv_len=4096 n_heads=12 n_kv_heads=2 head_dim=128 kv_head=0 worker=0 block_r=0 block_c=3328 t0_us=3757980244 t1_us=3757980313 dur_us=69
FIG8_ATTENTION_EVENT mode=baseline phase=warmup iteration=0 component=v_load component_id=3 lut_exp=0 qo_len=16 kv_len=4096 n_heads=12 n_kv_heads=2 head_dim=128 kv_head=1 worker=1 block_r=0 block_c=3328 t0_us=3757980314 t1_us=3757980323 dur_us=9
FIG8_ATTENTION_EVENT mode=baseline phase=warmup iteration=0 component=v_load component_id=3 lut_exp=0 qo_len=16 kv_len=4096 n_heads=12 n_kv_heads=2 head_dim=128 kv_head=0 worker=0 block_r=0 block_c=3328 t0_us=3757980314 t1_us=3757980323 dur_us=9
FIG8_ATTENTION_EVENT mode=baseline phase=warmup iteration=0 component=core_acc component_id=6 lut_exp=0 qo_len=16 kv_len=4096 n_heads=12 n_kv_heads=2 head_dim=128 kv_head=1 worker=1 block_r=0 block_c=3328 t0_us=3757980323 t1_us=3757980324 dur_us=0
FIG8_ATTENTION_EVENT mode=baseline phase=warmup iteration=0 component=core_acc component_id=6 lut_exp=0 qo_len=16 kv_len=4096 n_heads=12 n_kv_heads=2 head_dim=128 kv_head=0 worker=0 block_r=0 block_c=3328 t0_us=3757980323 t1_us=3757980325 dur_us=1
FIG8_ATTENTION_EVENT mode=baseline phase=warmup iteration=0 component=o_scale component_id=7 lut_exp=0 qo_len=16 kv_len=4096 n_heads=12 n_kv_heads=2 head_dim=128 kv_head=1 worker=1 block_r=0 block_c=-1 t0_us=3757980324 t1_us=3757980326 dur_us=1
FIG8_ATTENTION_EVENT mode=baseline phase=warmup iteration=0 component=o_scale component_id=7 lut_exp=0 qo_len=16 kv_len=4096 n_heads=12 n_kv_heads=2 head_dim=128 kv_head=0 worker=0 block_r=0 block_c=-1 t0_us=3757980325 t1_us=3757980326 dur_us=0
FIG8_ATTENTION_EVENT mode=baseline phase=warmup iteration=0 component=o_store component_id=8 lut_exp=0 qo_len=16 kv_len=4096 n_heads=12 n_kv_heads=2 head_dim=128 kv_head=0 worker=0 block_r=0 block_c=-1 t0_us=3757980326 t1_us=3757980333 dur_us=7
FIG8_ATTENTION_EVENT mode=baseline phase=warmup iteration=0 component=o_store component_id=8 lut_exp=0 qo_len=16 kv_len=4096 n_heads=12 n_kv_heads=2 head_dim=128 kv_head=1 worker=1 block_r=0 block_c=-1 t0_us=3757980326 t1_us=3757980334 dur_us=7
FIG8_ATTENTION_HOST_TIMING mode=baseline qo_len=16 kv_len=4096 n_heads=12 n_kv_heads=2 head_dim=128 phase=warmup iteration=1 host_elapsed_us=885 ret=0
FIG8_ATTENTION_PROFILE_COUNT mode=baseline qo_len=16 phase=warmup iteration=1 records=2 max_records=10
FIG8_ATTENTION_TIMERS mode=baseline phase=warmup iteration=1 lut_exp=0 qo_len=16 kv_len=4096 n_heads=12 n_kv_heads=2 head_dim=128 kv_head=0 worker=3 profiled_total=540 q_load=4 k_load=85 v_load=63 qk_dot=6 safe_sm=368 core_acc=6 o_scale=2 o_store=6
FIG8_ATTENTION_TIMERS mode=baseline phase=warmup iteration=1 lut_exp=0 qo_len=16 kv_len=4096 n_heads=12 n_kv_heads=2 head_dim=128 kv_head=1 worker=5 profiled_total=538 q_load=4 k_load=84 v_load=62 qk_dot=7 safe_sm=367 core_acc=8 o_scale=0 o_store=6
FIG8_ATTENTION_EVENT_COUNT mode=baseline qo_len=16 phase=warmup iteration=1 events=56 max_events=12512 overflow=0
FIG8_ATTENTION_EVENT mode=baseline phase=warmup iteration=1 component=q_load component_id=1 lut_exp=0 qo_len=16 kv_len=4096 n_heads=12 n_kv_heads=2 head_dim=128 kv_head=0 worker=3 block_r=0 block_c=-1 t0_us=3757980860 t1_us=3757980865 dur_us=4
FIG8_ATTENTION_EVENT mode=baseline phase=warmup iteration=1 component=q_load component_id=1 lut_exp=0 qo_len=16 kv_len=4096 n_heads=12 n_kv_heads=2 head_dim=128 kv_head=1 worker=5 block_r=0 block_c=-1 t0_us=3757980860 t1_us=3757980865 dur_us=4
FIG8_ATTENTION_EVENT mode=baseline phase=warmup iteration=1 component=k_load component_id=2 lut_exp=0 qo_len=16 kv_len=4096 n_heads=12 n_kv_heads=2 head_dim=128 kv_head=0 worker=3 block_r=0 block_c=0 t0_us=3757980867 t1_us=3757980883 dur_us=15
FIG8_ATTENTION_EVENT mode=baseline phase=warmup iteration=1 component=k_load component_id=2 lut_exp=0 qo_len=16 kv_len=4096 n_heads=12 n_kv_heads=2 head_dim=128 kv_head=1 worker=5 block_r=0 block_c=0 t0_us=3757980867 t1_us=3757980883 dur_us=16
FIG8_ATTENTION_EVENT mode=baseline phase=warmup iteration=1 component=qk_dot component_id=4 lut_exp=0 qo_len=16 kv_len=4096 n_heads=12 n_kv_heads=2 head_dim=128 kv_head=0 worker=3 block_r=0 block_c=0 t0_us=3757980883 t1_us=3757980885 dur_us=1
FIG8_ATTENTION_EVENT mode=baseline phase=warmup iteration=1 component=qk_dot component_id=4 lut_exp=0 qo_len=16 kv_len=4096 n_heads=12 n_kv_heads=2 head_dim=128 kv_head=1 worker=5 block_r=0 block_c=0 t0_us=3757980883 t1_us=3757980886 dur_us=3
FIG8_ATTENTION_EVENT mode=baseline phase=warmup iteration=1 component=safe_sm component_id=5 lut_exp=0 qo_len=16 kv_len=4096 n_heads=12 n_kv_heads=2 head_dim=128 kv_head=1 worker=5 block_r=0 block_c=0 t0_us=3757980886 t1_us=3757980964 dur_us=77
FIG8_ATTENTION_EVENT mode=baseline phase=warmup iteration=1 component=safe_sm component_id=5 lut_exp=0 qo_len=16 kv_len=4096 n_heads=12 n_kv_heads=2 head_dim=128 kv_head=0 worker=3 block_r=0 block_c=0 t0_us=3757980885 t1_us=3757980964 dur_us=78
FIG8_ATTENTION_EVENT mode=baseline phase=warmup iteration=1 component=v_load component_id=3 lut_exp=0 qo_len=16 kv_len=4096 n_heads=12 n_kv_heads=2 head_dim=128 kv_head=1 worker=5 block_r=0 block_c=0 t0_us=3757980965 t1_us=3757980982 dur_us=16
FIG8_ATTENTION_EVENT mode=baseline phase=warmup iteration=1 component=v_load component_id=3 lut_exp=0 qo_len=16 kv_len=4096 n_heads=12 n_kv_heads=2 head_dim=128 kv_head=0 worker=3 block_r=0 block_c=0 t0_us=3757980965 t1_us=3757980983 dur_us=17
FIG8_ATTENTION_EVENT mode=baseline phase=warmup iteration=1 component=core_acc component_id=6 lut_exp=0 qo_len=16 kv_len=4096 n_heads=12 n_kv_heads=2 head_dim=128 kv_head=1 worker=5 block_r=0 block_c=0 t0_us=3757980982 t1_us=3757980985 dur_us=2
FIG8_ATTENTION_EVENT mode=baseline phase=warmup iteration=1 component=core_acc component_id=6 lut_exp=0 qo_len=16 kv_len=4096 n_heads=12 n_kv_heads=2 head_dim=128 kv_head=0 worker=3 block_r=0 block_c=0 t0_us=3757980983 t1_us=3757980986 dur_us=3
FIG8_ATTENTION_EVENT mode=baseline phase=warmup iteration=1 component=k_load component_id=2 lut_exp=0 qo_len=16 kv_len=4096 n_heads=12 n_kv_heads=2 head_dim=128 kv_head=1 worker=5 block_r=0 block_c=832 t0_us=3757980986 t1_us=3757981004 dur_us=18
FIG8_ATTENTION_EVENT mode=baseline phase=warmup iteration=1 component=k_load component_id=2 lut_exp=0 qo_len=16 kv_len=4096 n_heads=12 n_kv_heads=2 head_dim=128 kv_head=0 worker=3 block_r=0 block_c=832 t0_us=3757980986 t1_us=3757981005 dur_us=18
FIG8_ATTENTION_EVENT mode=baseline phase=warmup iteration=1 component=qk_dot component_id=4 lut_exp=0 qo_len=16 kv_len=4096 n_heads=12 n_kv_heads=2 head_dim=128 kv_head=1 worker=5 block_r=0 block_c=832 t0_us=3757981004 t1_us=3757981005 dur_us=1
FIG8_ATTENTION_EVENT mode=baseline phase=warmup iteration=1 component=qk_dot component_id=4 lut_exp=0 qo_len=16 kv_len=4096 n_heads=12 n_kv_heads=2 head_dim=128 kv_head=0 worker=3 block_r=0 block_c=832 t0_us=3757981005 t1_us=3757981006 dur_us=1
FIG8_ATTENTION_EVENT mode=baseline phase=warmup iteration=1 component=safe_sm component_id=5 lut_exp=0 qo_len=16 kv_len=4096 n_heads=12 n_kv_heads=2 head_dim=128 kv_head=1 worker=5 block_r=0 block_c=832 t0_us=3757981005 t1_us=3757981079 dur_us=74
FIG8_ATTENTION_EVENT mode=baseline phase=warmup iteration=1 component=safe_sm component_id=5 lut_exp=0 qo_len=16 kv_len=4096 n_heads=12 n_kv_heads=2 head_dim=128 kv_head=0 worker=3 block_r=0 block_c=832 t0_us=3757981006 t1_us=3757981079 dur_us=73
FIG8_ATTENTION_EVENT mode=baseline phase=warmup iteration=1 component=v_load component_id=3 lut_exp=0 qo_len=16 kv_len=4096 n_heads=12 n_kv_heads=2 head_dim=128 kv_head=1 worker=5 block_r=0 block_c=832 t0_us=3757981080 t1_us=3757981092 dur_us=12
FIG8_ATTENTION_EVENT mode=baseline phase=warmup iteration=1 component=core_acc component_id=6 lut_exp=0 qo_len=16 kv_len=4096 n_heads=12 n_kv_heads=2 head_dim=128 kv_head=1 worker=5 block_r=0 block_c=832 t0_us=3757981092 t1_us=3757981093 dur_us=0
FIG8_ATTENTION_EVENT mode=baseline phase=warmup iteration=1 component=v_load component_id=3 lut_exp=0 qo_len=16 kv_len=4096 n_heads=12 n_kv_heads=2 head_dim=128 kv_head=0 worker=3 block_r=0 block_c=832 t0_us=3757981080 t1_us=3757981093 dur_us=13
FIG8_ATTENTION_EVENT mode=baseline phase=warmup iteration=1 component=core_acc component_id=6 lut_exp=0 qo_len=16 kv_len=4096 n_heads=12 n_kv_heads=2 head_dim=128 kv_head=0 worker=3 block_r=0 block_c=832 t0_us=3757981093 t1_us=3757981094 dur_us=0
FIG8_ATTENTION_EVENT mode=baseline phase=warmup iteration=1 component=k_load component_id=2 lut_exp=0 qo_len=16 kv_len=4096 n_heads=12 n_kv_heads=2 head_dim=128 kv_head=1 worker=5 block_r=0 block_c=1664 t0_us=3757981093 t1_us=3757981109 dur_us=16
FIG8_ATTENTION_EVENT mode=baseline phase=warmup iteration=1 component=k_load component_id=2 lut_exp=0 qo_len=16 kv_len=4096 n_heads=12 n_kv_heads=2 head_dim=128 kv_head=0 worker=3 block_r=0 block_c=1664 t0_us=3757981094 t1_us=3757981110 dur_us=16
FIG8_ATTENTION_EVENT mode=baseline phase=warmup iteration=1 component=qk_dot component_id=4 lut_exp=0 qo_len=16 kv_len=4096 n_heads=12 n_kv_heads=2 head_dim=128 kv_head=1 worker=5 block_r=0 block_c=1664 t0_us=3757981109 t1_us=3757981111 dur_us=1
FIG8_ATTENTION_EVENT mode=baseline phase=warmup iteration=1 component=qk_dot component_id=4 lut_exp=0 qo_len=16 kv_len=4096 n_heads=12 n_kv_heads=2 head_dim=128 kv_head=0 worker=3 block_r=0 block_c=1664 t0_us=3757981111 t1_us=3757981112 dur_us=1
FIG8_ATTENTION_EVENT mode=baseline phase=warmup iteration=1 component=safe_sm component_id=5 lut_exp=0 qo_len=16 kv_len=4096 n_heads=12 n_kv_heads=2 head_dim=128 kv_head=1 worker=5 block_r=0 block_c=1664 t0_us=3757981111 t1_us=3757981185 dur_us=74
FIG8_ATTENTION_EVENT mode=baseline phase=warmup iteration=1 component=safe_sm component_id=5 lut_exp=0 qo_len=16 kv_len=4096 n_heads=12 n_kv_heads=2 head_dim=128 kv_head=0 worker=3 block_r=0 block_c=1664 t0_us=3757981112 t1_us=3757981185 dur_us=73
FIG8_ATTENTION_EVENT mode=baseline phase=warmup iteration=1 component=v_load component_id=3 lut_exp=0 qo_len=16 kv_len=4096 n_heads=12 n_kv_heads=2 head_dim=128 kv_head=1 worker=5 block_r=0 block_c=1664 t0_us=3757981185 t1_us=3757981197 dur_us=11
FIG8_ATTENTION_EVENT mode=baseline phase=warmup iteration=1 component=v_load component_id=3 lut_exp=0 qo_len=16 kv_len=4096 n_heads=12 n_kv_heads=2 head_dim=128 kv_head=0 worker=3 block_r=0 block_c=1664 t0_us=3757981185 t1_us=3757981197 dur_us=11
FIG8_ATTENTION_EVENT mode=baseline phase=warmup iteration=1 component=core_acc component_id=6 lut_exp=0 qo_len=16 kv_len=4096 n_heads=12 n_kv_heads=2 head_dim=128 kv_head=0 worker=3 block_r=0 block_c=1664 t0_us=3757981197 t1_us=3757981198 dur_us=0
FIG8_ATTENTION_EVENT mode=baseline phase=warmup iteration=1 component=core_acc component_id=6 lut_exp=0 qo_len=16 kv_len=4096 n_heads=12 n_kv_heads=2 head_dim=128 kv_head=1 worker=5 block_r=0 block_c=1664 t0_us=3757981197 t1_us=3757981199 dur_us=2
FIG8_ATTENTION_EVENT mode=baseline phase=warmup iteration=1 component=k_load component_id=2 lut_exp=0 qo_len=16 kv_len=4096 n_heads=12 n_kv_heads=2 head_dim=128 kv_head=0 worker=3 block_r=0 block_c=2496 t0_us=3757981198 t1_us=3757981216 dur_us=18
FIG8_ATTENTION_EVENT mode=baseline phase=warmup iteration=1 component=k_load component_id=2 lut_exp=0 qo_len=16 kv_len=4096 n_heads=12 n_kv_heads=2 head_dim=128 kv_head=1 worker=5 block_r=0 block_c=2496 t0_us=3757981199 t1_us=3757981217 dur_us=17
FIG8_ATTENTION_EVENT mode=baseline phase=warmup iteration=1 component=qk_dot component_id=4 lut_exp=0 qo_len=16 kv_len=4096 n_heads=12 n_kv_heads=2 head_dim=128 kv_head=0 worker=3 block_r=0 block_c=2496 t0_us=3757981216 t1_us=3757981217 dur_us=1
FIG8_ATTENTION_EVENT mode=baseline phase=warmup iteration=1 component=qk_dot component_id=4 lut_exp=0 qo_len=16 kv_len=4096 n_heads=12 n_kv_heads=2 head_dim=128 kv_head=1 worker=5 block_r=0 block_c=2496 t0_us=3757981217 t1_us=3757981218 dur_us=1
FIG8_ATTENTION_EVENT mode=baseline phase=warmup iteration=1 component=safe_sm component_id=5 lut_exp=0 qo_len=16 kv_len=4096 n_heads=12 n_kv_heads=2 head_dim=128 kv_head=0 worker=3 block_r=0 block_c=2496 t0_us=3757981217 t1_us=3757981290 dur_us=72
FIG8_ATTENTION_EVENT mode=baseline phase=warmup iteration=1 component=safe_sm component_id=5 lut_exp=0 qo_len=16 kv_len=4096 n_heads=12 n_kv_heads=2 head_dim=128 kv_head=1 worker=5 block_r=0 block_c=2496 t0_us=3757981218 t1_us=3757981290 dur_us=71
FIG8_ATTENTION_EVENT mode=baseline phase=warmup iteration=1 component=v_load component_id=3 lut_exp=0 qo_len=16 kv_len=4096 n_heads=12 n_kv_heads=2 head_dim=128 kv_head=0 worker=3 block_r=0 block_c=2496 t0_us=3757981290 t1_us=3757981302 dur_us=12
FIG8_ATTENTION_EVENT mode=baseline phase=warmup iteration=1 component=v_load component_id=3 lut_exp=0 qo_len=16 kv_len=4096 n_heads=12 n_kv_heads=2 head_dim=128 kv_head=1 worker=5 block_r=0 block_c=2496 t0_us=3757981290 t1_us=3757981303 dur_us=13
FIG8_ATTENTION_EVENT mode=baseline phase=warmup iteration=1 component=core_acc component_id=6 lut_exp=0 qo_len=16 kv_len=4096 n_heads=12 n_kv_heads=2 head_dim=128 kv_head=0 worker=3 block_r=0 block_c=2496 t0_us=3757981302 t1_us=3757981303 dur_us=0
FIG8_ATTENTION_EVENT mode=baseline phase=warmup iteration=1 component=core_acc component_id=6 lut_exp=0 qo_len=16 kv_len=4096 n_heads=12 n_kv_heads=2 head_dim=128 kv_head=1 worker=5 block_r=0 block_c=2496 t0_us=3757981303 t1_us=3757981304 dur_us=1
FIG8_ATTENTION_EVENT mode=baseline phase=warmup iteration=1 component=k_load component_id=2 lut_exp=0 qo_len=16 kv_len=4096 n_heads=12 n_kv_heads=2 head_dim=128 kv_head=0 worker=3 block_r=0 block_c=3328 t0_us=3757981303 t1_us=3757981320 dur_us=16
FIG8_ATTENTION_EVENT mode=baseline phase=warmup iteration=1 component=k_load component_id=2 lut_exp=0 qo_len=16 kv_len=4096 n_heads=12 n_kv_heads=2 head_dim=128 kv_head=1 worker=5 block_r=0 block_c=3328 t0_us=3757981305 t1_us=3757981321 dur_us=16
FIG8_ATTENTION_EVENT mode=baseline phase=warmup iteration=1 component=qk_dot component_id=4 lut_exp=0 qo_len=16 kv_len=4096 n_heads=12 n_kv_heads=2 head_dim=128 kv_head=0 worker=3 block_r=0 block_c=3328 t0_us=3757981320 t1_us=3757981321 dur_us=0
FIG8_ATTENTION_EVENT mode=baseline phase=warmup iteration=1 component=qk_dot component_id=4 lut_exp=0 qo_len=16 kv_len=4096 n_heads=12 n_kv_heads=2 head_dim=128 kv_head=1 worker=5 block_r=0 block_c=3328 t0_us=3757981321 t1_us=3757981322 dur_us=1
FIG8_ATTENTION_EVENT mode=baseline phase=warmup iteration=1 component=safe_sm component_id=5 lut_exp=0 qo_len=16 kv_len=4096 n_heads=12 n_kv_heads=2 head_dim=128 kv_head=0 worker=3 block_r=0 block_c=3328 t0_us=3757981321 t1_us=3757981391 dur_us=70
FIG8_ATTENTION_EVENT mode=baseline phase=warmup iteration=1 component=safe_sm component_id=5 lut_exp=0 qo_len=16 kv_len=4096 n_heads=12 n_kv_heads=2 head_dim=128 kv_head=1 worker=5 block_r=0 block_c=3328 t0_us=3757981322 t1_us=3757981391 dur_us=69
FIG8_ATTENTION_EVENT mode=baseline phase=warmup iteration=1 component=v_load component_id=3 lut_exp=0 qo_len=16 kv_len=4096 n_heads=12 n_kv_heads=2 head_dim=128 kv_head=0 worker=3 block_r=0 block_c=3328 t0_us=3757981391 t1_us=3757981400 dur_us=8
FIG8_ATTENTION_EVENT mode=baseline phase=warmup iteration=1 component=v_load component_id=3 lut_exp=0 qo_len=16 kv_len=4096 n_heads=12 n_kv_heads=2 head_dim=128 kv_head=1 worker=5 block_r=0 block_c=3328 t0_us=3757981391 t1_us=3757981401 dur_us=9
FIG8_ATTENTION_EVENT mode=baseline phase=warmup iteration=1 component=core_acc component_id=6 lut_exp=0 qo_len=16 kv_len=4096 n_heads=12 n_kv_heads=2 head_dim=128 kv_head=0 worker=3 block_r=0 block_c=3328 t0_us=3757981400 t1_us=3757981401 dur_us=0
FIG8_ATTENTION_EVENT mode=baseline phase=warmup iteration=1 component=core_acc component_id=6 lut_exp=0 qo_len=16 kv_len=4096 n_heads=12 n_kv_heads=2 head_dim=128 kv_head=1 worker=5 block_r=0 block_c=3328 t0_us=3757981401 t1_us=3757981402 dur_us=1
FIG8_ATTENTION_EVENT mode=baseline phase=warmup iteration=1 component=o_scale component_id=7 lut_exp=0 qo_len=16 kv_len=4096 n_heads=12 n_kv_heads=2 head_dim=128 kv_head=1 worker=5 block_r=0 block_c=-1 t0_us=3757981402 t1_us=3757981403 dur_us=0
FIG8_ATTENTION_EVENT mode=baseline phase=warmup iteration=1 component=o_scale component_id=7 lut_exp=0 qo_len=16 kv_len=4096 n_heads=12 n_kv_heads=2 head_dim=128 kv_head=0 worker=3 block_r=0 block_c=-1 t0_us=3757981401 t1_us=3757981403 dur_us=2
FIG8_ATTENTION_EVENT mode=baseline phase=warmup iteration=1 component=o_store component_id=8 lut_exp=0 qo_len=16 kv_len=4096 n_heads=12 n_kv_heads=2 head_dim=128 kv_head=1 worker=5 block_r=0 block_c=-1 t0_us=3757981403 t1_us=3757981410 dur_us=6
FIG8_ATTENTION_EVENT mode=baseline phase=warmup iteration=1 component=o_store component_id=8 lut_exp=0 qo_len=16 kv_len=4096 n_heads=12 n_kv_heads=2 head_dim=128 kv_head=0 worker=3 block_r=0 block_c=-1 t0_us=3757981403 t1_us=3757981410 dur_us=6
FIG8_ATTENTION_HOST_TIMING mode=baseline qo_len=16 kv_len=4096 n_heads=12 n_kv_heads=2 head_dim=128 phase=warmup iteration=2 host_elapsed_us=882 ret=0
FIG8_ATTENTION_PROFILE_COUNT mode=baseline qo_len=16 phase=warmup iteration=2 records=2 max_records=10
FIG8_ATTENTION_TIMERS mode=baseline phase=warmup iteration=2 lut_exp=0 qo_len=16 kv_len=4096 n_heads=12 n_kv_heads=2 head_dim=128 kv_head=1 worker=0 profiled_total=529 q_load=4 k_load=86 v_load=62 qk_dot=7 safe_sm=357 core_acc=8 o_scale=0 o_store=5
FIG8_ATTENTION_TIMERS mode=baseline phase=warmup iteration=2 lut_exp=0 qo_len=16 kv_len=4096 n_heads=12 n_kv_heads=2 head_dim=128 kv_head=0 worker=4 profiled_total=529 q_load=4 k_load=87 v_load=64 qk_dot=5 safe_sm=355 core_acc=7 o_scale=1 o_store=6
FIG8_ATTENTION_EVENT_COUNT mode=baseline qo_len=16 phase=warmup iteration=2 events=56 max_events=12512 overflow=0
FIG8_ATTENTION_EVENT mode=baseline phase=warmup iteration=2 component=q_load component_id=1 lut_exp=0 qo_len=16 kv_len=4096 n_heads=12 n_kv_heads=2 head_dim=128 kv_head=0 worker=4 block_r=0 block_c=-1 t0_us=3757982153 t1_us=3757982158 dur_us=4
FIG8_ATTENTION_EVENT mode=baseline phase=warmup iteration=2 component=q_load component_id=1 lut_exp=0 qo_len=16 kv_len=4096 n_heads=12 n_kv_heads=2 head_dim=128 kv_head=1 worker=0 block_r=0 block_c=-1 t0_us=3757982153 t1_us=3757982158 dur_us=4
FIG8_ATTENTION_EVENT mode=baseline phase=warmup iteration=2 component=k_load component_id=2 lut_exp=0 qo_len=16 kv_len=4096 n_heads=12 n_kv_heads=2 head_dim=128 kv_head=0 worker=4 block_r=0 block_c=0 t0_us=3757982160 t1_us=3757982176 dur_us=16
FIG8_ATTENTION_EVENT mode=baseline phase=warmup iteration=2 component=k_load component_id=2 lut_exp=0 qo_len=16 kv_len=4096 n_heads=12 n_kv_heads=2 head_dim=128 kv_head=1 worker=0 block_r=0 block_c=0 t0_us=3757982160 t1_us=3757982176 dur_us=16
FIG8_ATTENTION_EVENT mode=baseline phase=warmup iteration=2 component=qk_dot component_id=4 lut_exp=0 qo_len=16 kv_len=4096 n_heads=12 n_kv_heads=2 head_dim=128 kv_head=0 worker=4 block_r=0 block_c=0 t0_us=3757982176 t1_us=3757982178 dur_us=1
FIG8_ATTENTION_EVENT mode=baseline phase=warmup iteration=2 component=qk_dot component_id=4 lut_exp=0 qo_len=16 kv_len=4096 n_heads=12 n_kv_heads=2 head_dim=128 kv_head=1 worker=0 block_r=0 block_c=0 t0_us=3757982176 t1_us=3757982179 dur_us=2
FIG8_ATTENTION_EVENT mode=baseline phase=warmup iteration=2 component=safe_sm component_id=5 lut_exp=0 qo_len=16 kv_len=4096 n_heads=12 n_kv_heads=2 head_dim=128 kv_head=0 worker=4 block_r=0 block_c=0 t0_us=3757982178 t1_us=3757982252 dur_us=74
FIG8_ATTENTION_EVENT mode=baseline phase=warmup iteration=2 component=safe_sm component_id=5 lut_exp=0 qo_len=16 kv_len=4096 n_heads=12 n_kv_heads=2 head_dim=128 kv_head=1 worker=0 block_r=0 block_c=0 t0_us=3757982179 t1_us=3757982252 dur_us=73
FIG8_ATTENTION_EVENT mode=baseline phase=warmup iteration=2 component=v_load component_id=3 lut_exp=0 qo_len=16 kv_len=4096 n_heads=12 n_kv_heads=2 head_dim=128 kv_head=1 worker=0 block_r=0 block_c=0 t0_us=3757982253 t1_us=3757982270 dur_us=16
FIG8_ATTENTION_EVENT mode=baseline phase=warmup iteration=2 component=v_load component_id=3 lut_exp=0 qo_len=16 kv_len=4096 n_heads=12 n_kv_heads=2 head_dim=128 kv_head=0 worker=4 block_r=0 block_c=0 t0_us=3757982253 t1_us=3757982271 dur_us=18
FIG8_ATTENTION_EVENT mode=baseline phase=warmup iteration=2 component=core_acc component_id=6 lut_exp=0 qo_len=16 kv_len=4096 n_heads=12 n_kv_heads=2 head_dim=128 kv_head=1 worker=0 block_r=0 block_c=0 t0_us=3757982270 t1_us=3757982273 dur_us=2
FIG8_ATTENTION_EVENT mode=baseline phase=warmup iteration=2 component=core_acc component_id=6 lut_exp=0 qo_len=16 kv_len=4096 n_heads=12 n_kv_heads=2 head_dim=128 kv_head=0 worker=4 block_r=0 block_c=0 t0_us=3757982271 t1_us=3757982274 dur_us=2
FIG8_ATTENTION_EVENT mode=baseline phase=warmup iteration=2 component=k_load component_id=2 lut_exp=0 qo_len=16 kv_len=4096 n_heads=12 n_kv_heads=2 head_dim=128 kv_head=1 worker=0 block_r=0 block_c=832 t0_us=3757982273 t1_us=3757982293 dur_us=19
FIG8_ATTENTION_EVENT mode=baseline phase=warmup iteration=2 component=k_load component_id=2 lut_exp=0 qo_len=16 kv_len=4096 n_heads=12 n_kv_heads=2 head_dim=128 kv_head=0 worker=4 block_r=0 block_c=832 t0_us=3757982274 t1_us=3757982294 dur_us=20
FIG8_ATTENTION_EVENT mode=baseline phase=warmup iteration=2 component=qk_dot component_id=4 lut_exp=0 qo_len=16 kv_len=4096 n_heads=12 n_kv_heads=2 head_dim=128 kv_head=1 worker=0 block_r=0 block_c=832 t0_us=3757982293 t1_us=3757982294 dur_us=1
FIG8_ATTENTION_EVENT mode=baseline phase=warmup iteration=2 component=qk_dot component_id=4 lut_exp=0 qo_len=16 kv_len=4096 n_heads=12 n_kv_heads=2 head_dim=128 kv_head=0 worker=4 block_r=0 block_c=832 t0_us=3757982294 t1_us=3757982295 dur_us=1
FIG8_ATTENTION_EVENT mode=baseline phase=warmup iteration=2 component=safe_sm component_id=5 lut_exp=0 qo_len=16 kv_len=4096 n_heads=12 n_kv_heads=2 head_dim=128 kv_head=1 worker=0 block_r=0 block_c=832 t0_us=3757982294 t1_us=3757982368 dur_us=73
FIG8_ATTENTION_EVENT mode=baseline phase=warmup iteration=2 component=safe_sm component_id=5 lut_exp=0 qo_len=16 kv_len=4096 n_heads=12 n_kv_heads=2 head_dim=128 kv_head=0 worker=4 block_r=0 block_c=832 t0_us=3757982296 t1_us=3757982368 dur_us=72
FIG8_ATTENTION_EVENT mode=baseline phase=warmup iteration=2 component=v_load component_id=3 lut_exp=0 qo_len=16 kv_len=4096 n_heads=12 n_kv_heads=2 head_dim=128 kv_head=1 worker=0 block_r=0 block_c=832 t0_us=3757982368 t1_us=3757982380 dur_us=12
FIG8_ATTENTION_EVENT mode=baseline phase=warmup iteration=2 component=v_load component_id=3 lut_exp=0 qo_len=16 kv_len=4096 n_heads=12 n_kv_heads=2 head_dim=128 kv_head=0 worker=4 block_r=0 block_c=832 t0_us=3757982368 t1_us=3757982381 dur_us=13
FIG8_ATTENTION_EVENT mode=baseline phase=warmup iteration=2 component=core_acc component_id=6 lut_exp=0 qo_len=16 kv_len=4096 n_heads=12 n_kv_heads=2 head_dim=128 kv_head=1 worker=0 block_r=0 block_c=832 t0_us=3757982380 t1_us=3757982381 dur_us=0
FIG8_ATTENTION_EVENT mode=baseline phase=warmup iteration=2 component=core_acc component_id=6 lut_exp=0 qo_len=16 kv_len=4096 n_heads=12 n_kv_heads=2 head_dim=128 kv_head=0 worker=4 block_r=0 block_c=832 t0_us=3757982381 t1_us=3757982383 dur_us=1
FIG8_ATTENTION_EVENT mode=baseline phase=warmup iteration=2 component=k_load component_id=2 lut_exp=0 qo_len=16 kv_len=4096 n_heads=12 n_kv_heads=2 head_dim=128 kv_head=1 worker=0 block_r=0 block_c=1664 t0_us=3757982382 t1_us=3757982399 dur_us=17
FIG8_ATTENTION_EVENT mode=baseline phase=warmup iteration=2 component=qk_dot component_id=4 lut_exp=0 qo_len=16 kv_len=4096 n_heads=12 n_kv_heads=2 head_dim=128 kv_head=1 worker=0 block_r=0 block_c=1664 t0_us=3757982399 t1_us=3757982400 dur_us=1
FIG8_ATTENTION_EVENT mode=baseline phase=warmup iteration=2 component=k_load component_id=2 lut_exp=0 qo_len=16 kv_len=4096 n_heads=12 n_kv_heads=2 head_dim=128 kv_head=0 worker=4 block_r=0 block_c=1664 t0_us=3757982383 t1_us=3757982400 dur_us=17
FIG8_ATTENTION_EVENT mode=baseline phase=warmup iteration=2 component=qk_dot component_id=4 lut_exp=0 qo_len=16 kv_len=4096 n_heads=12 n_kv_heads=2 head_dim=128 kv_head=0 worker=4 block_r=0 block_c=1664 t0_us=3757982400 t1_us=3757982401 dur_us=1
FIG8_ATTENTION_EVENT mode=baseline phase=warmup iteration=2 component=safe_sm component_id=5 lut_exp=0 qo_len=16 kv_len=4096 n_heads=12 n_kv_heads=2 head_dim=128 kv_head=1 worker=0 block_r=0 block_c=1664 t0_us=3757982400 t1_us=3757982474 dur_us=73
FIG8_ATTENTION_EVENT mode=baseline phase=warmup iteration=2 component=safe_sm component_id=5 lut_exp=0 qo_len=16 kv_len=4096 n_heads=12 n_kv_heads=2 head_dim=128 kv_head=0 worker=4 block_r=0 block_c=1664 t0_us=3757982402 t1_us=3757982474 dur_us=72
FIG8_ATTENTION_EVENT mode=baseline phase=warmup iteration=2 component=v_load component_id=3 lut_exp=0 qo_len=16 kv_len=4096 n_heads=12 n_kv_heads=2 head_dim=128 kv_head=1 worker=0 block_r=0 block_c=1664 t0_us=3757982474 t1_us=3757982485 dur_us=11
FIG8_ATTENTION_EVENT mode=baseline phase=warmup iteration=2 component=v_load component_id=3 lut_exp=0 qo_len=16 kv_len=4096 n_heads=12 n_kv_heads=2 head_dim=128 kv_head=0 worker=4 block_r=0 block_c=1664 t0_us=3757982474 t1_us=3757982485 dur_us=11
FIG8_ATTENTION_EVENT mode=baseline phase=warmup iteration=2 component=core_acc component_id=6 lut_exp=0 qo_len=16 kv_len=4096 n_heads=12 n_kv_heads=2 head_dim=128 kv_head=1 worker=0 block_r=0 block_c=1664 t0_us=3757982485 t1_us=3757982486 dur_us=0
FIG8_ATTENTION_EVENT mode=baseline phase=warmup iteration=2 component=core_acc component_id=6 lut_exp=0 qo_len=16 kv_len=4096 n_heads=12 n_kv_heads=2 head_dim=128 kv_head=0 worker=4 block_r=0 block_c=1664 t0_us=3757982485 t1_us=3757982487 dur_us=1
FIG8_ATTENTION_EVENT mode=baseline phase=warmup iteration=2 component=k_load component_id=2 lut_exp=0 qo_len=16 kv_len=4096 n_heads=12 n_kv_heads=2 head_dim=128 kv_head=1 worker=0 block_r=0 block_c=2496 t0_us=3757982486 t1_us=3757982504 dur_us=17
FIG8_ATTENTION_EVENT mode=baseline phase=warmup iteration=2 component=qk_dot component_id=4 lut_exp=0 qo_len=16 kv_len=4096 n_heads=12 n_kv_heads=2 head_dim=128 kv_head=1 worker=0 block_r=0 block_c=2496 t0_us=3757982504 t1_us=3757982505 dur_us=1
FIG8_ATTENTION_EVENT mode=baseline phase=warmup iteration=2 component=k_load component_id=2 lut_exp=0 qo_len=16 kv_len=4096 n_heads=12 n_kv_heads=2 head_dim=128 kv_head=0 worker=4 block_r=0 block_c=2496 t0_us=3757982487 t1_us=3757982505 dur_us=17
FIG8_ATTENTION_EVENT mode=baseline phase=warmup iteration=2 component=qk_dot component_id=4 lut_exp=0 qo_len=16 kv_len=4096 n_heads=12 n_kv_heads=2 head_dim=128 kv_head=0 worker=4 block_r=0 block_c=2496 t0_us=3757982505 t1_us=3757982506 dur_us=1
FIG8_ATTENTION_EVENT mode=baseline phase=warmup iteration=2 component=safe_sm component_id=5 lut_exp=0 qo_len=16 kv_len=4096 n_heads=12 n_kv_heads=2 head_dim=128 kv_head=1 worker=0 block_r=0 block_c=2496 t0_us=3757982505 t1_us=3757982580 dur_us=74
FIG8_ATTENTION_EVENT mode=baseline phase=warmup iteration=2 component=safe_sm component_id=5 lut_exp=0 qo_len=16 kv_len=4096 n_heads=12 n_kv_heads=2 head_dim=128 kv_head=0 worker=4 block_r=0 block_c=2496 t0_us=3757982506 t1_us=3757982580 dur_us=73
FIG8_ATTENTION_EVENT mode=baseline phase=warmup iteration=2 component=v_load component_id=3 lut_exp=0 qo_len=16 kv_len=4096 n_heads=12 n_kv_heads=2 head_dim=128 kv_head=0 worker=4 block_r=0 block_c=2496 t0_us=3757982580 t1_us=3757982591 dur_us=11
FIG8_ATTENTION_EVENT mode=baseline phase=warmup iteration=2 component=v_load component_id=3 lut_exp=0 qo_len=16 kv_len=4096 n_heads=12 n_kv_heads=2 head_dim=128 kv_head=1 worker=0 block_r=0 block_c=2496 t0_us=3757982580 t1_us=3757982592 dur_us=12
FIG8_ATTENTION_EVENT mode=baseline phase=warmup iteration=2 component=core_acc component_id=6 lut_exp=0 qo_len=16 kv_len=4096 n_heads=12 n_kv_heads=2 head_dim=128 kv_head=0 worker=4 block_r=0 block_c=2496 t0_us=3757982591 t1_us=3757982593 dur_us=1
FIG8_ATTENTION_EVENT mode=baseline phase=warmup iteration=2 component=core_acc component_id=6 lut_exp=0 qo_len=16 kv_len=4096 n_heads=12 n_kv_heads=2 head_dim=128 kv_head=1 worker=0 block_r=0 block_c=2496 t0_us=3757982592 t1_us=3757982594 dur_us=2
FIG8_ATTENTION_EVENT mode=baseline phase=warmup iteration=2 component=k_load component_id=2 lut_exp=0 qo_len=16 kv_len=4096 n_heads=12 n_kv_heads=2 head_dim=128 kv_head=0 worker=4 block_r=0 block_c=3328 t0_us=3757982593 t1_us=3757982609 dur_us=16
FIG8_ATTENTION_EVENT mode=baseline phase=warmup iteration=2 component=k_load component_id=2 lut_exp=0 qo_len=16 kv_len=4096 n_heads=12 n_kv_heads=2 head_dim=128 kv_head=1 worker=0 block_r=0 block_c=3328 t0_us=3757982594 t1_us=3757982610 dur_us=15
FIG8_ATTENTION_EVENT mode=baseline phase=warmup iteration=2 component=qk_dot component_id=4 lut_exp=0 qo_len=16 kv_len=4096 n_heads=12 n_kv_heads=2 head_dim=128 kv_head=0 worker=4 block_r=0 block_c=3328 t0_us=3757982609 t1_us=3757982610 dur_us=0
FIG8_ATTENTION_EVENT mode=baseline phase=warmup iteration=2 component=qk_dot component_id=4 lut_exp=0 qo_len=16 kv_len=4096 n_heads=12 n_kv_heads=2 head_dim=128 kv_head=1 worker=0 block_r=0 block_c=3328 t0_us=3757982610 t1_us=3757982611 dur_us=1
FIG8_ATTENTION_EVENT mode=baseline phase=warmup iteration=2 component=safe_sm component_id=5 lut_exp=0 qo_len=16 kv_len=4096 n_heads=12 n_kv_heads=2 head_dim=128 kv_head=0 worker=4 block_r=0 block_c=3328 t0_us=3757982610 t1_us=3757982674 dur_us=63
FIG8_ATTENTION_EVENT mode=baseline phase=warmup iteration=2 component=safe_sm component_id=5 lut_exp=0 qo_len=16 kv_len=4096 n_heads=12 n_kv_heads=2 head_dim=128 kv_head=1 worker=0 block_r=0 block_c=3328 t0_us=3757982611 t1_us=3757982674 dur_us=62
FIG8_ATTENTION_EVENT mode=baseline phase=warmup iteration=2 component=v_load component_id=3 lut_exp=0 qo_len=16 kv_len=4096 n_heads=12 n_kv_heads=2 head_dim=128 kv_head=0 worker=4 block_r=0 block_c=3328 t0_us=3757982675 t1_us=3757982684 dur_us=9
FIG8_ATTENTION_EVENT mode=baseline phase=warmup iteration=2 component=core_acc component_id=6 lut_exp=0 qo_len=16 kv_len=4096 n_heads=12 n_kv_heads=2 head_dim=128 kv_head=0 worker=4 block_r=0 block_c=3328 t0_us=3757982684 t1_us=3757982685 dur_us=0
FIG8_ATTENTION_EVENT mode=baseline phase=warmup iteration=2 component=v_load component_id=3 lut_exp=0 qo_len=16 kv_len=4096 n_heads=12 n_kv_heads=2 head_dim=128 kv_head=1 worker=0 block_r=0 block_c=3328 t0_us=3757982676 t1_us=3757982686 dur_us=10
FIG8_ATTENTION_EVENT mode=baseline phase=warmup iteration=2 component=o_scale component_id=7 lut_exp=0 qo_len=16 kv_len=4096 n_heads=12 n_kv_heads=2 head_dim=128 kv_head=0 worker=4 block_r=0 block_c=-1 t0_us=3757982685 t1_us=3757982687 dur_us=1
FIG8_ATTENTION_EVENT mode=baseline phase=warmup iteration=2 component=core_acc component_id=6 lut_exp=0 qo_len=16 kv_len=4096 n_heads=12 n_kv_heads=2 head_dim=128 kv_head=1 worker=0 block_r=0 block_c=3328 t0_us=3757982686 t1_us=3757982689 dur_us=2
FIG8_ATTENTION_EVENT mode=baseline phase=warmup iteration=2 component=o_scale component_id=7 lut_exp=0 qo_len=16 kv_len=4096 n_heads=12 n_kv_heads=2 head_dim=128 kv_head=1 worker=0 block_r=0 block_c=-1 t0_us=3757982689 t1_us=3757982689 dur_us=0
FIG8_ATTENTION_EVENT mode=baseline phase=warmup iteration=2 component=o_store component_id=8 lut_exp=0 qo_len=16 kv_len=4096 n_heads=12 n_kv_heads=2 head_dim=128 kv_head=0 worker=4 block_r=0 block_c=-1 t0_us=3757982687 t1_us=3757982694 dur_us=6
FIG8_ATTENTION_EVENT mode=baseline phase=warmup iteration=2 component=o_store component_id=8 lut_exp=0 qo_len=16 kv_len=4096 n_heads=12 n_kv_heads=2 head_dim=128 kv_head=1 worker=0 block_r=0 block_c=-1 t0_us=3757982689 t1_us=3757982695 dur_us=5
FIG8_ATTENTION_HOST_TIMING mode=baseline qo_len=16 kv_len=4096 n_heads=12 n_kv_heads=2 head_dim=128 phase=warmup iteration=3 host_elapsed_us=801 ret=0
FIG8_ATTENTION_PROFILE_COUNT mode=baseline qo_len=16 phase=warmup iteration=3 records=2 max_records=10
FIG8_ATTENTION_TIMERS mode=baseline phase=warmup iteration=3 lut_exp=0 qo_len=16 kv_len=4096 n_heads=12 n_kv_heads=2 head_dim=128 kv_head=1 worker=1 profiled_total=539 q_load=4 k_load=94 v_load=64 qk_dot=7 safe_sm=359 core_acc=4 o_scale=1 o_store=6
FIG8_ATTENTION_TIMERS mode=baseline phase=warmup iteration=3 lut_exp=0 qo_len=16 kv_len=4096 n_heads=12 n_kv_heads=2 head_dim=128 kv_head=0 worker=5 profiled_total=541 q_load=4 k_load=91 v_load=68 qk_dot=7 safe_sm=359 core_acc=6 o_scale=0 o_store=6
FIG8_ATTENTION_EVENT_COUNT mode=baseline qo_len=16 phase=warmup iteration=3 events=56 max_events=12512 overflow=0
FIG8_ATTENTION_EVENT mode=baseline phase=warmup iteration=3 component=q_load component_id=1 lut_exp=0 qo_len=16 kv_len=4096 n_heads=12 n_kv_heads=2 head_dim=128 kv_head=0 worker=5 block_r=0 block_c=-1 t0_us=3757983445 t1_us=3757983450 dur_us=4
FIG8_ATTENTION_EVENT mode=baseline phase=warmup iteration=3 component=q_load component_id=1 lut_exp=0 qo_len=16 kv_len=4096 n_heads=12 n_kv_heads=2 head_dim=128 kv_head=1 worker=1 block_r=0 block_c=-1 t0_us=3757983445 t1_us=3757983450 dur_us=4
FIG8_ATTENTION_EVENT mode=baseline phase=warmup iteration=3 component=k_load component_id=2 lut_exp=0 qo_len=16 kv_len=4096 n_heads=12 n_kv_heads=2 head_dim=128 kv_head=0 worker=5 block_r=0 block_c=0 t0_us=3757983452 t1_us=3757983474 dur_us=22
FIG8_ATTENTION_EVENT mode=baseline phase=warmup iteration=3 component=k_load component_id=2 lut_exp=0 qo_len=16 kv_len=4096 n_heads=12 n_kv_heads=2 head_dim=128 kv_head=1 worker=1 block_r=0 block_c=0 t0_us=3757983452 t1_us=3757983474 dur_us=22
FIG8_ATTENTION_EVENT mode=baseline phase=warmup iteration=3 component=qk_dot component_id=4 lut_exp=0 qo_len=16 kv_len=4096 n_heads=12 n_kv_heads=2 head_dim=128 kv_head=0 worker=5 block_r=0 block_c=0 t0_us=3757983474 t1_us=3757983476 dur_us=1
FIG8_ATTENTION_EVENT mode=baseline phase=warmup iteration=3 component=qk_dot component_id=4 lut_exp=0 qo_len=16 kv_len=4096 n_heads=12 n_kv_heads=2 head_dim=128 kv_head=1 worker=1 block_r=0 block_c=0 t0_us=3757983474 t1_us=3757983477 dur_us=3
FIG8_ATTENTION_EVENT mode=baseline phase=warmup iteration=3 component=safe_sm component_id=5 lut_exp=0 qo_len=16 kv_len=4096 n_heads=12 n_kv_heads=2 head_dim=128 kv_head=0 worker=5 block_r=0 block_c=0 t0_us=3757983477 t1_us=3757983552 dur_us=75
FIG8_ATTENTION_EVENT mode=baseline phase=warmup iteration=3 component=safe_sm component_id=5 lut_exp=0 qo_len=16 kv_len=4096 n_heads=12 n_kv_heads=2 head_dim=128 kv_head=1 worker=1 block_r=0 block_c=0 t0_us=3757983477 t1_us=3757983552 dur_us=74
FIG8_ATTENTION_EVENT mode=baseline phase=warmup iteration=3 component=v_load component_id=3 lut_exp=0 qo_len=16 kv_len=4096 n_heads=12 n_kv_heads=2 head_dim=128 kv_head=1 worker=1 block_r=0 block_c=0 t0_us=3757983552 t1_us=3757983569 dur_us=16
FIG8_ATTENTION_EVENT mode=baseline phase=warmup iteration=3 component=core_acc component_id=6 lut_exp=0 qo_len=16 kv_len=4096 n_heads=12 n_kv_heads=2 head_dim=128 kv_head=1 worker=1 block_r=0 block_c=0 t0_us=3757983569 t1_us=3757983570 dur_us=0
FIG8_ATTENTION_EVENT mode=baseline phase=warmup iteration=3 component=v_load component_id=3 lut_exp=0 qo_len=16 kv_len=4096 n_heads=12 n_kv_heads=2 head_dim=128 kv_head=0 worker=5 block_r=0 block_c=0 t0_us=3757983552 t1_us=3757983571 dur_us=18
FIG8_ATTENTION_EVENT mode=baseline phase=warmup iteration=3 component=core_acc component_id=6 lut_exp=0 qo_len=16 kv_len=4096 n_heads=12 n_kv_heads=2 head_dim=128 kv_head=0 worker=5 block_r=0 block_c=0 t0_us=3757983571 t1_us=3757983572 dur_us=0
FIG8_ATTENTION_EVENT mode=baseline phase=warmup iteration=3 component=k_load component_id=2 lut_exp=0 qo_len=16 kv_len=4096 n_heads=12 n_kv_heads=2 head_dim=128 kv_head=1 worker=1 block_r=0 block_c=832 t0_us=3757983570 t1_us=3757983588 dur_us=17
FIG8_ATTENTION_EVENT mode=baseline phase=warmup iteration=3 component=k_load component_id=2 lut_exp=0 qo_len=16 kv_len=4096 n_heads=12 n_kv_heads=2 head_dim=128 kv_head=0 worker=5 block_r=0 block_c=832 t0_us=3757983572 t1_us=3757983588 dur_us=16
FIG8_ATTENTION_EVENT mode=baseline phase=warmup iteration=3 component=qk_dot component_id=4 lut_exp=0 qo_len=16 kv_len=4096 n_heads=12 n_kv_heads=2 head_dim=128 kv_head=1 worker=1 block_r=0 block_c=832 t0_us=3757983588 t1_us=3757983589 dur_us=1
FIG8_ATTENTION_EVENT mode=baseline phase=warmup iteration=3 component=qk_dot component_id=4 lut_exp=0 qo_len=16 kv_len=4096 n_heads=12 n_kv_heads=2 head_dim=128 kv_head=0 worker=5 block_r=0 block_c=832 t0_us=3757983588 t1_us=3757983590 dur_us=2
FIG8_ATTENTION_EVENT mode=baseline phase=warmup iteration=3 component=safe_sm component_id=5 lut_exp=0 qo_len=16 kv_len=4096 n_heads=12 n_kv_heads=2 head_dim=128 kv_head=0 worker=5 block_r=0 block_c=832 t0_us=3757983590 t1_us=3757983658 dur_us=67
FIG8_ATTENTION_EVENT mode=baseline phase=warmup iteration=3 component=safe_sm component_id=5 lut_exp=0 qo_len=16 kv_len=4096 n_heads=12 n_kv_heads=2 head_dim=128 kv_head=1 worker=1 block_r=0 block_c=832 t0_us=3757983589 t1_us=3757983658 dur_us=68
FIG8_ATTENTION_EVENT mode=baseline phase=warmup iteration=3 component=v_load component_id=3 lut_exp=0 qo_len=16 kv_len=4096 n_heads=12 n_kv_heads=2 head_dim=128 kv_head=1 worker=1 block_r=0 block_c=832 t0_us=3757983658 t1_us=3757983673 dur_us=15
FIG8_ATTENTION_EVENT mode=baseline phase=warmup iteration=3 component=core_acc component_id=6 lut_exp=0 qo_len=16 kv_len=4096 n_heads=12 n_kv_heads=2 head_dim=128 kv_head=1 worker=1 block_r=0 block_c=832 t0_us=3757983674 t1_us=3757983674 dur_us=0
FIG8_ATTENTION_EVENT mode=baseline phase=warmup iteration=3 component=v_load component_id=3 lut_exp=0 qo_len=16 kv_len=4096 n_heads=12 n_kv_heads=2 head_dim=128 kv_head=0 worker=5 block_r=0 block_c=832 t0_us=3757983658 t1_us=3757983675 dur_us=16
FIG8_ATTENTION_EVENT mode=baseline phase=warmup iteration=3 component=core_acc component_id=6 lut_exp=0 qo_len=16 kv_len=4096 n_heads=12 n_kv_heads=2 head_dim=128 kv_head=0 worker=5 block_r=0 block_c=832 t0_us=3757983675 t1_us=3757983676 dur_us=1
FIG8_ATTENTION_EVENT mode=baseline phase=warmup iteration=3 component=k_load component_id=2 lut_exp=0 qo_len=16 kv_len=4096 n_heads=12 n_kv_heads=2 head_dim=128 kv_head=1 worker=1 block_r=0 block_c=1664 t0_us=3757983674 t1_us=3757983695 dur_us=20
FIG8_ATTENTION_EVENT mode=baseline phase=warmup iteration=3 component=k_load component_id=2 lut_exp=0 qo_len=16 kv_len=4096 n_heads=12 n_kv_heads=2 head_dim=128 kv_head=0 worker=5 block_r=0 block_c=1664 t0_us=3757983676 t1_us=3757983696 dur_us=19
FIG8_ATTENTION_EVENT mode=baseline phase=warmup iteration=3 component=qk_dot component_id=4 lut_exp=0 qo_len=16 kv_len=4096 n_heads=12 n_kv_heads=2 head_dim=128 kv_head=1 worker=1 block_r=0 block_c=1664 t0_us=3757983695 t1_us=3757983696 dur_us=1
FIG8_ATTENTION_EVENT mode=baseline phase=warmup iteration=3 component=qk_dot component_id=4 lut_exp=0 qo_len=16 kv_len=4096 n_heads=12 n_kv_heads=2 head_dim=128 kv_head=0 worker=5 block_r=0 block_c=1664 t0_us=3757983696 t1_us=3757983697 dur_us=1
FIG8_ATTENTION_EVENT mode=baseline phase=warmup iteration=3 component=safe_sm component_id=5 lut_exp=0 qo_len=16 kv_len=4096 n_heads=12 n_kv_heads=2 head_dim=128 kv_head=1 worker=1 block_r=0 block_c=1664 t0_us=3757983697 t1_us=3757983771 dur_us=73
FIG8_ATTENTION_EVENT mode=baseline phase=warmup iteration=3 component=safe_sm component_id=5 lut_exp=0 qo_len=16 kv_len=4096 n_heads=12 n_kv_heads=2 head_dim=128 kv_head=0 worker=5 block_r=0 block_c=1664 t0_us=3757983697 t1_us=3757983771 dur_us=73
FIG8_ATTENTION_EVENT mode=baseline phase=warmup iteration=3 component=v_load component_id=3 lut_exp=0 qo_len=16 kv_len=4096 n_heads=12 n_kv_heads=2 head_dim=128 kv_head=1 worker=1 block_r=0 block_c=1664 t0_us=3757983771 t1_us=3757983782 dur_us=11
FIG8_ATTENTION_EVENT mode=baseline phase=warmup iteration=3 component=core_acc component_id=6 lut_exp=0 qo_len=16 kv_len=4096 n_heads=12 n_kv_heads=2 head_dim=128 kv_head=1 worker=1 block_r=0 block_c=1664 t0_us=3757983783 t1_us=3757983783 dur_us=0
FIG8_ATTENTION_EVENT mode=baseline phase=warmup iteration=3 component=v_load component_id=3 lut_exp=0 qo_len=16 kv_len=4096 n_heads=12 n_kv_heads=2 head_dim=128 kv_head=0 worker=5 block_r=0 block_c=1664 t0_us=3757983771 t1_us=3757983783 dur_us=12
FIG8_ATTENTION_EVENT mode=baseline phase=warmup iteration=3 component=core_acc component_id=6 lut_exp=0 qo_len=16 kv_len=4096 n_heads=12 n_kv_heads=2 head_dim=128 kv_head=0 worker=5 block_r=0 block_c=1664 t0_us=3757983783 t1_us=3757983785 dur_us=1
FIG8_ATTENTION_EVENT mode=baseline phase=warmup iteration=3 component=k_load component_id=2 lut_exp=0 qo_len=16 kv_len=4096 n_heads=12 n_kv_heads=2 head_dim=128 kv_head=1 worker=1 block_r=0 block_c=2496 t0_us=3757983783 t1_us=3757983801 dur_us=18
FIG8_ATTENTION_EVENT mode=baseline phase=warmup iteration=3 component=k_load component_id=2 lut_exp=0 qo_len=16 kv_len=4096 n_heads=12 n_kv_heads=2 head_dim=128 kv_head=0 worker=5 block_r=0 block_c=2496 t0_us=3757983785 t1_us=3757983802 dur_us=17
FIG8_ATTENTION_EVENT mode=baseline phase=warmup iteration=3 component=qk_dot component_id=4 lut_exp=0 qo_len=16 kv_len=4096 n_heads=12 n_kv_heads=2 head_dim=128 kv_head=1 worker=1 block_r=0 block_c=2496 t0_us=3757983801 t1_us=3757983802 dur_us=1
FIG8_ATTENTION_EVENT mode=baseline phase=warmup iteration=3 component=qk_dot component_id=4 lut_exp=0 qo_len=16 kv_len=4096 n_heads=12 n_kv_heads=2 head_dim=128 kv_head=0 worker=5 block_r=0 block_c=2496 t0_us=3757983802 t1_us=3757983804 dur_us=1
FIG8_ATTENTION_EVENT mode=baseline phase=warmup iteration=3 component=safe_sm component_id=5 lut_exp=0 qo_len=16 kv_len=4096 n_heads=12 n_kv_heads=2 head_dim=128 kv_head=1 worker=1 block_r=0 block_c=2496 t0_us=3757983803 t1_us=3757983876 dur_us=73
FIG8_ATTENTION_EVENT mode=baseline phase=warmup iteration=3 component=safe_sm component_id=5 lut_exp=0 qo_len=16 kv_len=4096 n_heads=12 n_kv_heads=2 head_dim=128 kv_head=0 worker=5 block_r=0 block_c=2496 t0_us=3757983804 t1_us=3757983876 dur_us=71
FIG8_ATTENTION_EVENT mode=baseline phase=warmup iteration=3 component=v_load component_id=3 lut_exp=0 qo_len=16 kv_len=4096 n_heads=12 n_kv_heads=2 head_dim=128 kv_head=0 worker=5 block_r=0 block_c=2496 t0_us=3757983876 t1_us=3757983887 dur_us=11
FIG8_ATTENTION_EVENT mode=baseline phase=warmup iteration=3 component=v_load component_id=3 lut_exp=0 qo_len=16 kv_len=4096 n_heads=12 n_kv_heads=2 head_dim=128 kv_head=1 worker=1 block_r=0 block_c=2496 t0_us=3757983876 t1_us=3757983887 dur_us=11
FIG8_ATTENTION_EVENT mode=baseline phase=warmup iteration=3 component=core_acc component_id=6 lut_exp=0 qo_len=16 kv_len=4096 n_heads=12 n_kv_heads=2 head_dim=128 kv_head=0 worker=5 block_r=0 block_c=2496 t0_us=3757983887 t1_us=3757983888 dur_us=1
FIG8_ATTENTION_EVENT mode=baseline phase=warmup iteration=3 component=core_acc component_id=6 lut_exp=0 qo_len=16 kv_len=4096 n_heads=12 n_kv_heads=2 head_dim=128 kv_head=1 worker=1 block_r=0 block_c=2496 t0_us=3757983887 t1_us=3757983890 dur_us=2
FIG8_ATTENTION_EVENT mode=baseline phase=warmup iteration=3 component=k_load component_id=2 lut_exp=0 qo_len=16 kv_len=4096 n_heads=12 n_kv_heads=2 head_dim=128 kv_head=0 worker=5 block_r=0 block_c=3328 t0_us=3757983888 t1_us=3757983905 dur_us=16
FIG8_ATTENTION_EVENT mode=baseline phase=warmup iteration=3 component=qk_dot component_id=4 lut_exp=0 qo_len=16 kv_len=4096 n_heads=12 n_kv_heads=2 head_dim=128 kv_head=0 worker=5 block_r=0 block_c=3328 t0_us=3757983905 t1_us=3757983906 dur_us=0
FIG8_ATTENTION_EVENT mode=baseline phase=warmup iteration=3 component=k_load component_id=2 lut_exp=0 qo_len=16 kv_len=4096 n_heads=12 n_kv_heads=2 head_dim=128 kv_head=1 worker=1 block_r=0 block_c=3328 t0_us=3757983890 t1_us=3757983907 dur_us=16
FIG8_ATTENTION_EVENT mode=baseline phase=warmup iteration=3 component=qk_dot component_id=4 lut_exp=0 qo_len=16 kv_len=4096 n_heads=12 n_kv_heads=2 head_dim=128 kv_head=1 worker=1 block_r=0 block_c=3328 t0_us=3757983907 t1_us=3757983908 dur_us=0
FIG8_ATTENTION_EVENT mode=baseline phase=warmup iteration=3 component=safe_sm component_id=5 lut_exp=0 qo_len=16 kv_len=4096 n_heads=12 n_kv_heads=2 head_dim=128 kv_head=0 worker=5 block_r=0 block_c=3328 t0_us=3757983906 t1_us=3757983977 dur_us=71
FIG8_ATTENTION_EVENT mode=baseline phase=warmup iteration=3 component=safe_sm component_id=5 lut_exp=0 qo_len=16 kv_len=4096 n_heads=12 n_kv_heads=2 head_dim=128 kv_head=1 worker=1 block_r=0 block_c=3328 t0_us=3757983908 t1_us=3757983977 dur_us=69
FIG8_ATTENTION_EVENT mode=baseline phase=warmup iteration=3 component=v_load component_id=3 lut_exp=0 qo_len=16 kv_len=4096 n_heads=12 n_kv_heads=2 head_dim=128 kv_head=1 worker=1 block_r=0 block_c=3328 t0_us=3757983977 t1_us=3757983986 dur_us=9
FIG8_ATTENTION_EVENT mode=baseline phase=warmup iteration=3 component=v_load component_id=3 lut_exp=0 qo_len=16 kv_len=4096 n_heads=12 n_kv_heads=2 head_dim=128 kv_head=0 worker=5 block_r=0 block_c=3328 t0_us=3757983977 t1_us=3757983986 dur_us=9
FIG8_ATTENTION_EVENT mode=baseline phase=warmup iteration=3 component=core_acc component_id=6 lut_exp=0 qo_len=16 kv_len=4096 n_heads=12 n_kv_heads=2 head_dim=128 kv_head=1 worker=1 block_r=0 block_c=3328 t0_us=3757983986 t1_us=3757983987 dur_us=0
FIG8_ATTENTION_EVENT mode=baseline phase=warmup iteration=3 component=core_acc component_id=6 lut_exp=0 qo_len=16 kv_len=4096 n_heads=12 n_kv_heads=2 head_dim=128 kv_head=0 worker=5 block_r=0 block_c=3328 t0_us=3757983986 t1_us=3757983988 dur_us=1
FIG8_ATTENTION_EVENT mode=baseline phase=warmup iteration=3 component=o_scale component_id=7 lut_exp=0 qo_len=16 kv_len=4096 n_heads=12 n_kv_heads=2 head_dim=128 kv_head=0 worker=5 block_r=0 block_c=-1 t0_us=3757983988 t1_us=3757983989 dur_us=0
FIG8_ATTENTION_EVENT mode=baseline phase=warmup iteration=3 component=o_scale component_id=7 lut_exp=0 qo_len=16 kv_len=4096 n_heads=12 n_kv_heads=2 head_dim=128 kv_head=1 worker=1 block_r=0 block_c=-1 t0_us=3757983987 t1_us=3757983989 dur_us=1
FIG8_ATTENTION_EVENT mode=baseline phase=warmup iteration=3 component=o_store component_id=8 lut_exp=0 qo_len=16 kv_len=4096 n_heads=12 n_kv_heads=2 head_dim=128 kv_head=1 worker=1 block_r=0 block_c=-1 t0_us=3757983989 t1_us=3757983996 dur_us=6
FIG8_ATTENTION_EVENT mode=baseline phase=warmup iteration=3 component=o_store component_id=8 lut_exp=0 qo_len=16 kv_len=4096 n_heads=12 n_kv_heads=2 head_dim=128 kv_head=0 worker=5 block_r=0 block_c=-1 t0_us=3757983989 t1_us=3757983996 dur_us=6
FIG8_ATTENTION_HOST_TIMING mode=baseline qo_len=16 kv_len=4096 n_heads=12 n_kv_heads=2 head_dim=128 phase=warmup iteration=4 host_elapsed_us=800 ret=0
FIG8_ATTENTION_PROFILE_COUNT mode=baseline qo_len=16 phase=warmup iteration=4 records=2 max_records=10
FIG8_ATTENTION_TIMERS mode=baseline phase=warmup iteration=4 lut_exp=0 qo_len=16 kv_len=4096 n_heads=12 n_kv_heads=2 head_dim=128 kv_head=1 worker=3 profiled_total=532 q_load=4 k_load=87 v_load=67 qk_dot=7 safe_sm=353 core_acc=7 o_scale=1 o_store=6
FIG8_ATTENTION_TIMERS mode=baseline phase=warmup iteration=4 lut_exp=0 qo_len=16 kv_len=4096 n_heads=12 n_kv_heads=2 head_dim=128 kv_head=0 worker=0 profiled_total=531 q_load=4 k_load=86 v_load=69 qk_dot=6 safe_sm=353 core_acc=7 o_scale=0 o_store=6
FIG8_ATTENTION_EVENT_COUNT mode=baseline qo_len=16 phase=warmup iteration=4 events=56 max_events=12512 overflow=0
FIG8_ATTENTION_EVENT mode=baseline phase=warmup iteration=4 component=q_load component_id=1 lut_exp=0 qo_len=16 kv_len=4096 n_heads=12 n_kv_heads=2 head_dim=128 kv_head=0 worker=0 block_r=0 block_c=-1 t0_us=3757984439 t1_us=3757984443 dur_us=4
FIG8_ATTENTION_EVENT mode=baseline phase=warmup iteration=4 component=q_load component_id=1 lut_exp=0 qo_len=16 kv_len=4096 n_heads=12 n_kv_heads=2 head_dim=128 kv_head=1 worker=3 block_r=0 block_c=-1 t0_us=3757984439 t1_us=3757984443 dur_us=4
FIG8_ATTENTION_EVENT mode=baseline phase=warmup iteration=4 component=k_load component_id=2 lut_exp=0 qo_len=16 kv_len=4096 n_heads=12 n_kv_heads=2 head_dim=128 kv_head=0 worker=0 block_r=0 block_c=0 t0_us=3757984445 t1_us=3757984461 dur_us=16
FIG8_ATTENTION_EVENT mode=baseline phase=warmup iteration=4 component=k_load component_id=2 lut_exp=0 qo_len=16 kv_len=4096 n_heads=12 n_kv_heads=2 head_dim=128 kv_head=1 worker=3 block_r=0 block_c=0 t0_us=3757984445 t1_us=3757984462 dur_us=16
FIG8_ATTENTION_EVENT mode=baseline phase=warmup iteration=4 component=qk_dot component_id=4 lut_exp=0 qo_len=16 kv_len=4096 n_heads=12 n_kv_heads=2 head_dim=128 kv_head=0 worker=0 block_r=0 block_c=0 t0_us=3757984462 t1_us=3757984464 dur_us=1
FIG8_ATTENTION_EVENT mode=baseline phase=warmup iteration=4 component=qk_dot component_id=4 lut_exp=0 qo_len=16 kv_len=4096 n_heads=12 n_kv_heads=2 head_dim=128 kv_head=1 worker=3 block_r=0 block_c=0 t0_us=3757984462 t1_us=3757984465 dur_us=2
FIG8_ATTENTION_EVENT mode=baseline phase=warmup iteration=4 component=safe_sm component_id=5 lut_exp=0 qo_len=16 kv_len=4096 n_heads=12 n_kv_heads=2 head_dim=128 kv_head=1 worker=3 block_r=0 block_c=0 t0_us=3757984465 t1_us=3757984538 dur_us=73
FIG8_ATTENTION_EVENT mode=baseline phase=warmup iteration=4 component=safe_sm component_id=5 lut_exp=0 qo_len=16 kv_len=4096 n_heads=12 n_kv_heads=2 head_dim=128 kv_head=0 worker=0 block_r=0 block_c=0 t0_us=3757984464 t1_us=3757984538 dur_us=74
FIG8_ATTENTION_EVENT mode=baseline phase=warmup iteration=4 component=v_load component_id=3 lut_exp=0 qo_len=16 kv_len=4096 n_heads=12 n_kv_heads=2 head_dim=128 kv_head=1 worker=3 block_r=0 block_c=0 t0_us=3757984539 t1_us=3757984557 dur_us=17
FIG8_ATTENTION_EVENT mode=baseline phase=warmup iteration=4 component=v_load component_id=3 lut_exp=0 qo_len=16 kv_len=4096 n_heads=12 n_kv_heads=2 head_dim=128 kv_head=0 worker=0 block_r=0 block_c=0 t0_us=3757984539 t1_us=3757984558 dur_us=18
FIG8_ATTENTION_EVENT mode=baseline phase=warmup iteration=4 component=core_acc component_id=6 lut_exp=0 qo_len=16 kv_len=4096 n_heads=12 n_kv_heads=2 head_dim=128 kv_head=1 worker=3 block_r=0 block_c=0 t0_us=3757984557 t1_us=3757984559 dur_us=1
FIG8_ATTENTION_EVENT mode=baseline phase=warmup iteration=4 component=core_acc component_id=6 lut_exp=0 qo_len=16 kv_len=4096 n_heads=12 n_kv_heads=2 head_dim=128 kv_head=0 worker=0 block_r=0 block_c=0 t0_us=3757984558 t1_us=3757984561 dur_us=3
FIG8_ATTENTION_EVENT mode=baseline phase=warmup iteration=4 component=k_load component_id=2 lut_exp=0 qo_len=16 kv_len=4096 n_heads=12 n_kv_heads=2 head_dim=128 kv_head=1 worker=3 block_r=0 block_c=832 t0_us=3757984560 t1_us=3757984578 dur_us=18
FIG8_ATTENTION_EVENT mode=baseline phase=warmup iteration=4 component=k_load component_id=2 lut_exp=0 qo_len=16 kv_len=4096 n_heads=12 n_kv_heads=2 head_dim=128 kv_head=0 worker=0 block_r=0 block_c=832 t0_us=3757984561 t1_us=3757984579 dur_us=18
FIG8_ATTENTION_EVENT mode=baseline phase=warmup iteration=4 component=qk_dot component_id=4 lut_exp=0 qo_len=16 kv_len=4096 n_heads=12 n_kv_heads=2 head_dim=128 kv_head=1 worker=3 block_r=0 block_c=832 t0_us=3757984578 t1_us=3757984580 dur_us=1
FIG8_ATTENTION_EVENT mode=baseline phase=warmup iteration=4 component=qk_dot component_id=4 lut_exp=0 qo_len=16 kv_len=4096 n_heads=12 n_kv_heads=2 head_dim=128 kv_head=0 worker=0 block_r=0 block_c=832 t0_us=3757984579 t1_us=3757984581 dur_us=1
FIG8_ATTENTION_EVENT mode=baseline phase=warmup iteration=4 component=safe_sm component_id=5 lut_exp=0 qo_len=16 kv_len=4096 n_heads=12 n_kv_heads=2 head_dim=128 kv_head=1 worker=3 block_r=0 block_c=832 t0_us=3757984580 t1_us=3757984647 dur_us=67
FIG8_ATTENTION_EVENT mode=baseline phase=warmup iteration=4 component=safe_sm component_id=5 lut_exp=0 qo_len=16 kv_len=4096 n_heads=12 n_kv_heads=2 head_dim=128 kv_head=0 worker=0 block_r=0 block_c=832 t0_us=3757984581 t1_us=3757984647 dur_us=66
FIG8_ATTENTION_EVENT mode=baseline phase=warmup iteration=4 component=v_load component_id=3 lut_exp=0 qo_len=16 kv_len=4096 n_heads=12 n_kv_heads=2 head_dim=128 kv_head=1 worker=3 block_r=0 block_c=832 t0_us=3757984648 t1_us=3757984663 dur_us=15
FIG8_ATTENTION_EVENT mode=baseline phase=warmup iteration=4 component=core_acc component_id=6 lut_exp=0 qo_len=16 kv_len=4096 n_heads=12 n_kv_heads=2 head_dim=128 kv_head=1 worker=3 block_r=0 block_c=832 t0_us=3757984663 t1_us=3757984664 dur_us=0
FIG8_ATTENTION_EVENT mode=baseline phase=warmup iteration=4 component=v_load component_id=3 lut_exp=0 qo_len=16 kv_len=4096 n_heads=12 n_kv_heads=2 head_dim=128 kv_head=0 worker=0 block_r=0 block_c=832 t0_us=3757984648 t1_us=3757984664 dur_us=16
FIG8_ATTENTION_EVENT mode=baseline phase=warmup iteration=4 component=core_acc component_id=6 lut_exp=0 qo_len=16 kv_len=4096 n_heads=12 n_kv_heads=2 head_dim=128 kv_head=0 worker=0 block_r=0 block_c=832 t0_us=3757984664 t1_us=3757984666 dur_us=1
FIG8_ATTENTION_EVENT mode=baseline phase=warmup iteration=4 component=k_load component_id=2 lut_exp=0 qo_len=16 kv_len=4096 n_heads=12 n_kv_heads=2 head_dim=128 kv_head=1 worker=3 block_r=0 block_c=1664 t0_us=3757984664 t1_us=3757984680 dur_us=16
FIG8_ATTENTION_EVENT mode=baseline phase=warmup iteration=4 component=qk_dot component_id=4 lut_exp=0 qo_len=16 kv_len=4096 n_heads=12 n_kv_heads=2 head_dim=128 kv_head=1 worker=3 block_r=0 block_c=1664 t0_us=3757984680 t1_us=3757984681 dur_us=1
FIG8_ATTENTION_EVENT mode=baseline phase=warmup iteration=4 component=k_load component_id=2 lut_exp=0 qo_len=16 kv_len=4096 n_heads=12 n_kv_heads=2 head_dim=128 kv_head=0 worker=0 block_r=0 block_c=1664 t0_us=3757984666 t1_us=3757984682 dur_us=16
FIG8_ATTENTION_EVENT mode=baseline phase=warmup iteration=4 component=qk_dot component_id=4 lut_exp=0 qo_len=16 kv_len=4096 n_heads=12 n_kv_heads=2 head_dim=128 kv_head=0 worker=0 block_r=0 block_c=1664 t0_us=3757984683 t1_us=3757984684 dur_us=1
FIG8_ATTENTION_EVENT mode=baseline phase=warmup iteration=4 component=safe_sm component_id=5 lut_exp=0 qo_len=16 kv_len=4096 n_heads=12 n_kv_heads=2 head_dim=128 kv_head=1 worker=3 block_r=0 block_c=1664 t0_us=3757984681 t1_us=3757984755 dur_us=74
FIG8_ATTENTION_EVENT mode=baseline phase=warmup iteration=4 component=safe_sm component_id=5 lut_exp=0 qo_len=16 kv_len=4096 n_heads=12 n_kv_heads=2 head_dim=128 kv_head=0 worker=0 block_r=0 block_c=1664 t0_us=3757984684 t1_us=3757984755 dur_us=70
FIG8_ATTENTION_EVENT mode=baseline phase=warmup iteration=4 component=v_load component_id=3 lut_exp=0 qo_len=16 kv_len=4096 n_heads=12 n_kv_heads=2 head_dim=128 kv_head=0 worker=0 block_r=0 block_c=1664 t0_us=3757984755 t1_us=3757984768 dur_us=12
FIG8_ATTENTION_EVENT mode=baseline phase=warmup iteration=4 component=v_load component_id=3 lut_exp=0 qo_len=16 kv_len=4096 n_heads=12 n_kv_heads=2 head_dim=128 kv_head=1 worker=3 block_r=0 block_c=1664 t0_us=3757984755 t1_us=3757984768 dur_us=12
FIG8_ATTENTION_EVENT mode=baseline phase=warmup iteration=4 component=core_acc component_id=6 lut_exp=0 qo_len=16 kv_len=4096 n_heads=12 n_kv_heads=2 head_dim=128 kv_head=0 worker=0 block_r=0 block_c=1664 t0_us=3757984768 t1_us=3757984769 dur_us=0
FIG8_ATTENTION_EVENT mode=baseline phase=warmup iteration=4 component=core_acc component_id=6 lut_exp=0 qo_len=16 kv_len=4096 n_heads=12 n_kv_heads=2 head_dim=128 kv_head=1 worker=3 block_r=0 block_c=1664 t0_us=3757984768 t1_us=3757984771 dur_us=2
FIG8_ATTENTION_EVENT mode=baseline phase=warmup iteration=4 component=k_load component_id=2 lut_exp=0 qo_len=16 kv_len=4096 n_heads=12 n_kv_heads=2 head_dim=128 kv_head=0 worker=0 block_r=0 block_c=2496 t0_us=3757984769 t1_us=3757984787 dur_us=17
FIG8_ATTENTION_EVENT mode=baseline phase=warmup iteration=4 component=qk_dot component_id=4 lut_exp=0 qo_len=16 kv_len=4096 n_heads=12 n_kv_heads=2 head_dim=128 kv_head=0 worker=0 block_r=0 block_c=2496 t0_us=3757984787 t1_us=3757984788 dur_us=1
FIG8_ATTENTION_EVENT mode=baseline phase=warmup iteration=4 component=k_load component_id=2 lut_exp=0 qo_len=16 kv_len=4096 n_heads=12 n_kv_heads=2 head_dim=128 kv_head=1 worker=3 block_r=0 block_c=2496 t0_us=3757984771 t1_us=3757984789 dur_us=18
FIG8_ATTENTION_EVENT mode=baseline phase=warmup iteration=4 component=qk_dot component_id=4 lut_exp=0 qo_len=16 kv_len=4096 n_heads=12 n_kv_heads=2 head_dim=128 kv_head=1 worker=3 block_r=0 block_c=2496 t0_us=3757984789 t1_us=3757984790 dur_us=1
FIG8_ATTENTION_EVENT mode=baseline phase=warmup iteration=4 component=safe_sm component_id=5 lut_exp=0 qo_len=16 kv_len=4096 n_heads=12 n_kv_heads=2 head_dim=128 kv_head=0 worker=0 block_r=0 block_c=2496 t0_us=3757984788 t1_us=3757984861 dur_us=72
FIG8_ATTENTION_EVENT mode=baseline phase=warmup iteration=4 component=safe_sm component_id=5 lut_exp=0 qo_len=16 kv_len=4096 n_heads=12 n_kv_heads=2 head_dim=128 kv_head=1 worker=3 block_r=0 block_c=2496 t0_us=3757984790 t1_us=3757984861 dur_us=70
FIG8_ATTENTION_EVENT mode=baseline phase=warmup iteration=4 component=v_load component_id=3 lut_exp=0 qo_len=16 kv_len=4096 n_heads=12 n_kv_heads=2 head_dim=128 kv_head=0 worker=0 block_r=0 block_c=2496 t0_us=3757984861 t1_us=3757984873 dur_us=12
FIG8_ATTENTION_EVENT mode=baseline phase=warmup iteration=4 component=v_load component_id=3 lut_exp=0 qo_len=16 kv_len=4096 n_heads=12 n_kv_heads=2 head_dim=128 kv_head=1 worker=3 block_r=0 block_c=2496 t0_us=3757984861 t1_us=3757984874 dur_us=12
FIG8_ATTENTION_EVENT mode=baseline phase=warmup iteration=4 component=core_acc component_id=6 lut_exp=0 qo_len=16 kv_len=4096 n_heads=12 n_kv_heads=2 head_dim=128 kv_head=0 worker=0 block_r=0 block_c=2496 t0_us=3757984873 t1_us=3757984874 dur_us=0
FIG8_ATTENTION_EVENT mode=baseline phase=warmup iteration=4 component=core_acc component_id=6 lut_exp=0 qo_len=16 kv_len=4096 n_heads=12 n_kv_heads=2 head_dim=128 kv_head=1 worker=3 block_r=0 block_c=2496 t0_us=3757984874 t1_us=3757984875 dur_us=1
FIG8_ATTENTION_EVENT mode=baseline phase=warmup iteration=4 component=k_load component_id=2 lut_exp=0 qo_len=16 kv_len=4096 n_heads=12 n_kv_heads=2 head_dim=128 kv_head=0 worker=0 block_r=0 block_c=3328 t0_us=3757984874 t1_us=3757984893 dur_us=18
FIG8_ATTENTION_EVENT mode=baseline phase=warmup iteration=4 component=qk_dot component_id=4 lut_exp=0 qo_len=16 kv_len=4096 n_heads=12 n_kv_heads=2 head_dim=128 kv_head=0 worker=0 block_r=0 block_c=3328 t0_us=3757984893 t1_us=3757984894 dur_us=0
FIG8_ATTENTION_EVENT mode=baseline phase=warmup iteration=4 component=k_load component_id=2 lut_exp=0 qo_len=16 kv_len=4096 n_heads=12 n_kv_heads=2 head_dim=128 kv_head=1 worker=3 block_r=0 block_c=3328 t0_us=3757984875 t1_us=3757984894 dur_us=18
FIG8_ATTENTION_EVENT mode=baseline phase=warmup iteration=4 component=qk_dot component_id=4 lut_exp=0 qo_len=16 kv_len=4096 n_heads=12 n_kv_heads=2 head_dim=128 kv_head=1 worker=3 block_r=0 block_c=3328 t0_us=3757984894 t1_us=3757984895 dur_us=0
FIG8_ATTENTION_EVENT mode=baseline phase=warmup iteration=4 component=safe_sm component_id=5 lut_exp=0 qo_len=16 kv_len=4096 n_heads=12 n_kv_heads=2 head_dim=128 kv_head=0 worker=0 block_r=0 block_c=3328 t0_us=3757984894 t1_us=3757984963 dur_us=69
FIG8_ATTENTION_EVENT mode=baseline phase=warmup iteration=4 component=safe_sm component_id=5 lut_exp=0 qo_len=16 kv_len=4096 n_heads=12 n_kv_heads=2 head_dim=128 kv_head=1 worker=3 block_r=0 block_c=3328 t0_us=3757984895 t1_us=3757984963 dur_us=68
FIG8_ATTENTION_EVENT mode=baseline phase=warmup iteration=4 component=v_load component_id=3 lut_exp=0 qo_len=16 kv_len=4096 n_heads=12 n_kv_heads=2 head_dim=128 kv_head=1 worker=3 block_r=0 block_c=3328 t0_us=3757984964 t1_us=3757984972 dur_us=8
FIG8_ATTENTION_EVENT mode=baseline phase=warmup iteration=4 component=v_load component_id=3 lut_exp=0 qo_len=16 kv_len=4096 n_heads=12 n_kv_heads=2 head_dim=128 kv_head=0 worker=0 block_r=0 block_c=3328 t0_us=3757984964 t1_us=3757984973 dur_us=9
FIG8_ATTENTION_EVENT mode=baseline phase=warmup iteration=4 component=core_acc component_id=6 lut_exp=0 qo_len=16 kv_len=4096 n_heads=12 n_kv_heads=2 head_dim=128 kv_head=1 worker=3 block_r=0 block_c=3328 t0_us=3757984972 t1_us=3757984973 dur_us=0
FIG8_ATTENTION_EVENT mode=baseline phase=warmup iteration=4 component=core_acc component_id=6 lut_exp=0 qo_len=16 kv_len=4096 n_heads=12 n_kv_heads=2 head_dim=128 kv_head=0 worker=0 block_r=0 block_c=3328 t0_us=3757984973 t1_us=3757984974 dur_us=1
FIG8_ATTENTION_EVENT mode=baseline phase=warmup iteration=4 component=o_scale component_id=7 lut_exp=0 qo_len=16 kv_len=4096 n_heads=12 n_kv_heads=2 head_dim=128 kv_head=1 worker=3 block_r=0 block_c=-1 t0_us=3757984973 t1_us=3757984975 dur_us=1
FIG8_ATTENTION_EVENT mode=baseline phase=warmup iteration=4 component=o_scale component_id=7 lut_exp=0 qo_len=16 kv_len=4096 n_heads=12 n_kv_heads=2 head_dim=128 kv_head=0 worker=0 block_r=0 block_c=-1 t0_us=3757984974 t1_us=3757984975 dur_us=0
FIG8_ATTENTION_EVENT mode=baseline phase=warmup iteration=4 component=o_store component_id=8 lut_exp=0 qo_len=16 kv_len=4096 n_heads=12 n_kv_heads=2 head_dim=128 kv_head=0 worker=0 block_r=0 block_c=-1 t0_us=3757984975 t1_us=3757984981 dur_us=6
FIG8_ATTENTION_EVENT mode=baseline phase=warmup iteration=4 component=o_store component_id=8 lut_exp=0 qo_len=16 kv_len=4096 n_heads=12 n_kv_heads=2 head_dim=128 kv_head=1 worker=3 block_r=0 block_c=-1 t0_us=3757984975 t1_us=3757984981 dur_us=6
FIG8_ATTENTION_HOST_TIMING mode=baseline qo_len=16 kv_len=4096 n_heads=12 n_kv_heads=2 head_dim=128 phase=measure iteration=0 host_elapsed_us=804 ret=0
FIG8_ATTENTION_PROFILE_COUNT mode=baseline qo_len=16 phase=measure iteration=0 records=2 max_records=10
FIG8_ATTENTION_TIMERS mode=baseline phase=measure iteration=0 lut_exp=0 qo_len=16 kv_len=4096 n_heads=12 n_kv_heads=2 head_dim=128 kv_head=1 worker=4 profiled_total=527 q_load=4 k_load=88 v_load=63 qk_dot=8 safe_sm=353 core_acc=5 o_scale=0 o_store=6
FIG8_ATTENTION_TIMERS mode=baseline phase=measure iteration=0 lut_exp=0 qo_len=16 kv_len=4096 n_heads=12 n_kv_heads=2 head_dim=128 kv_head=0 worker=5 profiled_total=528 q_load=4 k_load=86 v_load=64 qk_dot=6 safe_sm=352 core_acc=9 o_scale=1 o_store=6
FIG8_ATTENTION_EVENT_COUNT mode=baseline qo_len=16 phase=measure iteration=0 events=56 max_events=12512 overflow=0
FIG8_ATTENTION_EVENT mode=baseline phase=measure iteration=0 component=q_load component_id=1 lut_exp=0 qo_len=16 kv_len=4096 n_heads=12 n_kv_heads=2 head_dim=128 kv_head=0 worker=5 block_r=0 block_c=-1 t0_us=3757985428 t1_us=3757985432 dur_us=4
FIG8_ATTENTION_EVENT mode=baseline phase=measure iteration=0 component=q_load component_id=1 lut_exp=0 qo_len=16 kv_len=4096 n_heads=12 n_kv_heads=2 head_dim=128 kv_head=1 worker=4 block_r=0 block_c=-1 t0_us=3757985428 t1_us=3757985432 dur_us=4
FIG8_ATTENTION_EVENT mode=baseline phase=measure iteration=0 component=k_load component_id=2 lut_exp=0 qo_len=16 kv_len=4096 n_heads=12 n_kv_heads=2 head_dim=128 kv_head=0 worker=5 block_r=0 block_c=0 t0_us=3757985435 t1_us=3757985451 dur_us=15
FIG8_ATTENTION_EVENT mode=baseline phase=measure iteration=0 component=k_load component_id=2 lut_exp=0 qo_len=16 kv_len=4096 n_heads=12 n_kv_heads=2 head_dim=128 kv_head=1 worker=4 block_r=0 block_c=0 t0_us=3757985435 t1_us=3757985451 dur_us=16
FIG8_ATTENTION_EVENT mode=baseline phase=measure iteration=0 component=qk_dot component_id=4 lut_exp=0 qo_len=16 kv_len=4096 n_heads=12 n_kv_heads=2 head_dim=128 kv_head=0 worker=5 block_r=0 block_c=0 t0_us=3757985451 t1_us=3757985453 dur_us=1
FIG8_ATTENTION_EVENT mode=baseline phase=measure iteration=0 component=qk_dot component_id=4 lut_exp=0 qo_len=16 kv_len=4096 n_heads=12 n_kv_heads=2 head_dim=128 kv_head=1 worker=4 block_r=0 block_c=0 t0_us=3757985451 t1_us=3757985454 dur_us=3
FIG8_ATTENTION_EVENT mode=baseline phase=measure iteration=0 component=safe_sm component_id=5 lut_exp=0 qo_len=16 kv_len=4096 n_heads=12 n_kv_heads=2 head_dim=128 kv_head=0 worker=5 block_r=0 block_c=0 t0_us=3757985453 t1_us=3757985529 dur_us=75
FIG8_ATTENTION_EVENT mode=baseline phase=measure iteration=0 component=safe_sm component_id=5 lut_exp=0 qo_len=16 kv_len=4096 n_heads=12 n_kv_heads=2 head_dim=128 kv_head=1 worker=4 block_r=0 block_c=0 t0_us=3757985454 t1_us=3757985529 dur_us=74
FIG8_ATTENTION_EVENT mode=baseline phase=measure iteration=0 component=v_load component_id=3 lut_exp=0 qo_len=16 kv_len=4096 n_heads=12 n_kv_heads=2 head_dim=128 kv_head=1 worker=4 block_r=0 block_c=0 t0_us=3757985529 t1_us=3757985546 dur_us=16
FIG8_ATTENTION_EVENT mode=baseline phase=measure iteration=0 component=v_load component_id=3 lut_exp=0 qo_len=16 kv_len=4096 n_heads=12 n_kv_heads=2 head_dim=128 kv_head=0 worker=5 block_r=0 block_c=0 t0_us=3757985529 t1_us=3757985546 dur_us=16
FIG8_ATTENTION_EVENT mode=baseline phase=measure iteration=0 component=core_acc component_id=6 lut_exp=0 qo_len=16 kv_len=4096 n_heads=12 n_kv_heads=2 head_dim=128 kv_head=1 worker=4 block_r=0 block_c=0 t0_us=3757985546 t1_us=3757985549 dur_us=2
FIG8_ATTENTION_EVENT mode=baseline phase=measure iteration=0 component=core_acc component_id=6 lut_exp=0 qo_len=16 kv_len=4096 n_heads=12 n_kv_heads=2 head_dim=128 kv_head=0 worker=5 block_r=0 block_c=0 t0_us=3757985546 t1_us=3757985550 dur_us=3
FIG8_ATTENTION_EVENT mode=baseline phase=measure iteration=0 component=k_load component_id=2 lut_exp=0 qo_len=16 kv_len=4096 n_heads=12 n_kv_heads=2 head_dim=128 kv_head=1 worker=4 block_r=0 block_c=832 t0_us=3757985549 t1_us=3757985567 dur_us=18
FIG8_ATTENTION_EVENT mode=baseline phase=measure iteration=0 component=k_load component_id=2 lut_exp=0 qo_len=16 kv_len=4096 n_heads=12 n_kv_heads=2 head_dim=128 kv_head=0 worker=5 block_r=0 block_c=832 t0_us=3757985550 t1_us=3757985568 dur_us=18
FIG8_ATTENTION_EVENT mode=baseline phase=measure iteration=0 component=qk_dot component_id=4 lut_exp=0 qo_len=16 kv_len=4096 n_heads=12 n_kv_heads=2 head_dim=128 kv_head=1 worker=4 block_r=0 block_c=832 t0_us=3757985568 t1_us=3757985569 dur_us=1
FIG8_ATTENTION_EVENT mode=baseline phase=measure iteration=0 component=qk_dot component_id=4 lut_exp=0 qo_len=16 kv_len=4096 n_heads=12 n_kv_heads=2 head_dim=128 kv_head=0 worker=5 block_r=0 block_c=832 t0_us=3757985568 t1_us=3757985570 dur_us=1
FIG8_ATTENTION_EVENT mode=baseline phase=measure iteration=0 component=safe_sm component_id=5 lut_exp=0 qo_len=16 kv_len=4096 n_heads=12 n_kv_heads=2 head_dim=128 kv_head=0 worker=5 block_r=0 block_c=832 t0_us=3757985570 t1_us=3757985639 dur_us=68
FIG8_ATTENTION_EVENT mode=baseline phase=measure iteration=0 component=safe_sm component_id=5 lut_exp=0 qo_len=16 kv_len=4096 n_heads=12 n_kv_heads=2 head_dim=128 kv_head=1 worker=4 block_r=0 block_c=832 t0_us=3757985569 t1_us=3757985639 dur_us=70
FIG8_ATTENTION_EVENT mode=baseline phase=measure iteration=0 component=v_load component_id=3 lut_exp=0 qo_len=16 kv_len=4096 n_heads=12 n_kv_heads=2 head_dim=128 kv_head=1 worker=4 block_r=0 block_c=832 t0_us=3757985639 t1_us=3757985653 dur_us=13
FIG8_ATTENTION_EVENT mode=baseline phase=measure iteration=0 component=core_acc component_id=6 lut_exp=0 qo_len=16 kv_len=4096 n_heads=12 n_kv_heads=2 head_dim=128 kv_head=1 worker=4 block_r=0 block_c=832 t0_us=3757985653 t1_us=3757985653 dur_us=0
FIG8_ATTENTION_EVENT mode=baseline phase=measure iteration=0 component=v_load component_id=3 lut_exp=0 qo_len=16 kv_len=4096 n_heads=12 n_kv_heads=2 head_dim=128 kv_head=0 worker=5 block_r=0 block_c=832 t0_us=3757985639 t1_us=3757985654 dur_us=14
FIG8_ATTENTION_EVENT mode=baseline phase=measure iteration=0 component=core_acc component_id=6 lut_exp=0 qo_len=16 kv_len=4096 n_heads=12 n_kv_heads=2 head_dim=128 kv_head=0 worker=5 block_r=0 block_c=832 t0_us=3757985654 t1_us=3757985655 dur_us=1
FIG8_ATTENTION_EVENT mode=baseline phase=measure iteration=0 component=k_load component_id=2 lut_exp=0 qo_len=16 kv_len=4096 n_heads=12 n_kv_heads=2 head_dim=128 kv_head=1 worker=4 block_r=0 block_c=1664 t0_us=3757985654 t1_us=3757985670 dur_us=16
FIG8_ATTENTION_EVENT mode=baseline phase=measure iteration=0 component=k_load component_id=2 lut_exp=0 qo_len=16 kv_len=4096 n_heads=12 n_kv_heads=2 head_dim=128 kv_head=0 worker=5 block_r=0 block_c=1664 t0_us=3757985655 t1_us=3757985671 dur_us=15
FIG8_ATTENTION_EVENT mode=baseline phase=measure iteration=0 component=qk_dot component_id=4 lut_exp=0 qo_len=16 kv_len=4096 n_heads=12 n_kv_heads=2 head_dim=128 kv_head=0 worker=5 block_r=0 block_c=1664 t0_us=3757985671 t1_us=3757985672 dur_us=1
FIG8_ATTENTION_EVENT mode=baseline phase=measure iteration=0 component=qk_dot component_id=4 lut_exp=0 qo_len=16 kv_len=4096 n_heads=12 n_kv_heads=2 head_dim=128 kv_head=1 worker=4 block_r=0 block_c=1664 t0_us=3757985671 t1_us=3757985673 dur_us=2
FIG8_ATTENTION_EVENT mode=baseline phase=measure iteration=0 component=safe_sm component_id=5 lut_exp=0 qo_len=16 kv_len=4096 n_heads=12 n_kv_heads=2 head_dim=128 kv_head=0 worker=5 block_r=0 block_c=1664 t0_us=3757985672 t1_us=3757985745 dur_us=72
FIG8_ATTENTION_EVENT mode=baseline phase=measure iteration=0 component=safe_sm component_id=5 lut_exp=0 qo_len=16 kv_len=4096 n_heads=12 n_kv_heads=2 head_dim=128 kv_head=1 worker=4 block_r=0 block_c=1664 t0_us=3757985674 t1_us=3757985745 dur_us=70
FIG8_ATTENTION_EVENT mode=baseline phase=measure iteration=0 component=v_load component_id=3 lut_exp=0 qo_len=16 kv_len=4096 n_heads=12 n_kv_heads=2 head_dim=128 kv_head=1 worker=4 block_r=0 block_c=1664 t0_us=3757985745 t1_us=3757985757 dur_us=12
FIG8_ATTENTION_EVENT mode=baseline phase=measure iteration=0 component=v_load component_id=3 lut_exp=0 qo_len=16 kv_len=4096 n_heads=12 n_kv_heads=2 head_dim=128 kv_head=0 worker=5 block_r=0 block_c=1664 t0_us=3757985745 t1_us=3757985757 dur_us=12
FIG8_ATTENTION_EVENT mode=baseline phase=measure iteration=0 component=core_acc component_id=6 lut_exp=0 qo_len=16 kv_len=4096 n_heads=12 n_kv_heads=2 head_dim=128 kv_head=1 worker=4 block_r=0 block_c=1664 t0_us=3757985757 t1_us=3757985757 dur_us=0
FIG8_ATTENTION_EVENT mode=baseline phase=measure iteration=0 component=core_acc component_id=6 lut_exp=0 qo_len=16 kv_len=4096 n_heads=12 n_kv_heads=2 head_dim=128 kv_head=0 worker=5 block_r=0 block_c=1664 t0_us=3757985757 t1_us=3757985759 dur_us=1
FIG8_ATTENTION_EVENT mode=baseline phase=measure iteration=0 component=k_load component_id=2 lut_exp=0 qo_len=16 kv_len=4096 n_heads=12 n_kv_heads=2 head_dim=128 kv_head=1 worker=4 block_r=0 block_c=2496 t0_us=3757985758 t1_us=3757985779 dur_us=21
FIG8_ATTENTION_EVENT mode=baseline phase=measure iteration=0 component=k_load component_id=2 lut_exp=0 qo_len=16 kv_len=4096 n_heads=12 n_kv_heads=2 head_dim=128 kv_head=0 worker=5 block_r=0 block_c=2496 t0_us=3757985759 t1_us=3757985780 dur_us=21
FIG8_ATTENTION_EVENT mode=baseline phase=measure iteration=0 component=qk_dot component_id=4 lut_exp=0 qo_len=16 kv_len=4096 n_heads=12 n_kv_heads=2 head_dim=128 kv_head=1 worker=4 block_r=0 block_c=2496 t0_us=3757985779 t1_us=3757985780 dur_us=1
FIG8_ATTENTION_EVENT mode=baseline phase=measure iteration=0 component=qk_dot component_id=4 lut_exp=0 qo_len=16 kv_len=4096 n_heads=12 n_kv_heads=2 head_dim=128 kv_head=0 worker=5 block_r=0 block_c=2496 t0_us=3757985780 t1_us=3757985781 dur_us=1
FIG8_ATTENTION_EVENT mode=baseline phase=measure iteration=0 component=safe_sm component_id=5 lut_exp=0 qo_len=16 kv_len=4096 n_heads=12 n_kv_heads=2 head_dim=128 kv_head=1 worker=4 block_r=0 block_c=2496 t0_us=3757985780 t1_us=3757985851 dur_us=70
FIG8_ATTENTION_EVENT mode=baseline phase=measure iteration=0 component=safe_sm component_id=5 lut_exp=0 qo_len=16 kv_len=4096 n_heads=12 n_kv_heads=2 head_dim=128 kv_head=0 worker=5 block_r=0 block_c=2496 t0_us=3757985781 t1_us=3757985851 dur_us=69
FIG8_ATTENTION_EVENT mode=baseline phase=measure iteration=0 component=v_load component_id=3 lut_exp=0 qo_len=16 kv_len=4096 n_heads=12 n_kv_heads=2 head_dim=128 kv_head=1 worker=4 block_r=0 block_c=2496 t0_us=3757985851 t1_us=3757985863 dur_us=11
FIG8_ATTENTION_EVENT mode=baseline phase=measure iteration=0 component=v_load component_id=3 lut_exp=0 qo_len=16 kv_len=4096 n_heads=12 n_kv_heads=2 head_dim=128 kv_head=0 worker=5 block_r=0 block_c=2496 t0_us=3757985851 t1_us=3757985863 dur_us=11
FIG8_ATTENTION_EVENT mode=baseline phase=measure iteration=0 component=core_acc component_id=6 lut_exp=0 qo_len=16 kv_len=4096 n_heads=12 n_kv_heads=2 head_dim=128 kv_head=1 worker=4 block_r=0 block_c=2496 t0_us=3757985863 t1_us=3757985863 dur_us=0
FIG8_ATTENTION_EVENT mode=baseline phase=measure iteration=0 component=core_acc component_id=6 lut_exp=0 qo_len=16 kv_len=4096 n_heads=12 n_kv_heads=2 head_dim=128 kv_head=0 worker=5 block_r=0 block_c=2496 t0_us=3757985863 t1_us=3757985865 dur_us=2
FIG8_ATTENTION_EVENT mode=baseline phase=measure iteration=0 component=k_load component_id=2 lut_exp=0 qo_len=16 kv_len=4096 n_heads=12 n_kv_heads=2 head_dim=128 kv_head=1 worker=4 block_r=0 block_c=3328 t0_us=3757985863 t1_us=3757985880 dur_us=16
FIG8_ATTENTION_EVENT mode=baseline phase=measure iteration=0 component=qk_dot component_id=4 lut_exp=0 qo_len=16 kv_len=4096 n_heads=12 n_kv_heads=2 head_dim=128 kv_head=1 worker=4 block_r=0 block_c=3328 t0_us=3757985880 t1_us=3757985881 dur_us=1
FIG8_ATTENTION_EVENT mode=baseline phase=measure iteration=0 component=k_load component_id=2 lut_exp=0 qo_len=16 kv_len=4096 n_heads=12 n_kv_heads=2 head_dim=128 kv_head=0 worker=5 block_r=0 block_c=3328 t0_us=3757985865 t1_us=3757985881 dur_us=16
FIG8_ATTENTION_EVENT mode=baseline phase=measure iteration=0 component=qk_dot component_id=4 lut_exp=0 qo_len=16 kv_len=4096 n_heads=12 n_kv_heads=2 head_dim=128 kv_head=0 worker=5 block_r=0 block_c=3328 t0_us=3757985881 t1_us=3757985882 dur_us=0
FIG8_ATTENTION_EVENT mode=baseline phase=measure iteration=0 component=safe_sm component_id=5 lut_exp=0 qo_len=16 kv_len=4096 n_heads=12 n_kv_heads=2 head_dim=128 kv_head=1 worker=4 block_r=0 block_c=3328 t0_us=3757985881 t1_us=3757985948 dur_us=66
FIG8_ATTENTION_EVENT mode=baseline phase=measure iteration=0 component=safe_sm component_id=5 lut_exp=0 qo_len=16 kv_len=4096 n_heads=12 n_kv_heads=2 head_dim=128 kv_head=0 worker=5 block_r=0 block_c=3328 t0_us=3757985882 t1_us=3757985948 dur_us=65
FIG8_ATTENTION_EVENT mode=baseline phase=measure iteration=0 component=v_load component_id=3 lut_exp=0 qo_len=16 kv_len=4096 n_heads=12 n_kv_heads=2 head_dim=128 kv_head=0 worker=5 block_r=0 block_c=3328 t0_us=3757985948 t1_us=3757985957 dur_us=8
FIG8_ATTENTION_EVENT mode=baseline phase=measure iteration=0 component=v_load component_id=3 lut_exp=0 qo_len=16 kv_len=4096 n_heads=12 n_kv_heads=2 head_dim=128 kv_head=1 worker=4 block_r=0 block_c=3328 t0_us=3757985948 t1_us=3757985957 dur_us=9
FIG8_ATTENTION_EVENT mode=baseline phase=measure iteration=0 component=core_acc component_id=6 lut_exp=0 qo_len=16 kv_len=4096 n_heads=12 n_kv_heads=2 head_dim=128 kv_head=0 worker=5 block_r=0 block_c=3328 t0_us=3757985957 t1_us=3757985958 dur_us=0
FIG8_ATTENTION_EVENT mode=baseline phase=measure iteration=0 component=core_acc component_id=6 lut_exp=0 qo_len=16 kv_len=4096 n_heads=12 n_kv_heads=2 head_dim=128 kv_head=1 worker=4 block_r=0 block_c=3328 t0_us=3757985957 t1_us=3757985959 dur_us=1
FIG8_ATTENTION_EVENT mode=baseline phase=measure iteration=0 component=o_scale component_id=7 lut_exp=0 qo_len=16 kv_len=4096 n_heads=12 n_kv_heads=2 head_dim=128 kv_head=0 worker=5 block_r=0 block_c=-1 t0_us=3757985958 t1_us=3757985959 dur_us=1
FIG8_ATTENTION_EVENT mode=baseline phase=measure iteration=0 component=o_scale component_id=7 lut_exp=0 qo_len=16 kv_len=4096 n_heads=12 n_kv_heads=2 head_dim=128 kv_head=1 worker=4 block_r=0 block_c=-1 t0_us=3757985959 t1_us=3757985960 dur_us=0
FIG8_ATTENTION_EVENT mode=baseline phase=measure iteration=0 component=o_store component_id=8 lut_exp=0 qo_len=16 kv_len=4096 n_heads=12 n_kv_heads=2 head_dim=128 kv_head=1 worker=4 block_r=0 block_c=-1 t0_us=3757985960 t1_us=3757985966 dur_us=6
FIG8_ATTENTION_EVENT mode=baseline phase=measure iteration=0 component=o_store component_id=8 lut_exp=0 qo_len=16 kv_len=4096 n_heads=12 n_kv_heads=2 head_dim=128 kv_head=0 worker=5 block_r=0 block_c=-1 t0_us=3757985960 t1_us=3757985966 dur_us=6
FIG8_ATTENTION_HOST_TIMING mode=baseline qo_len=16 kv_len=4096 n_heads=12 n_kv_heads=2 head_dim=128 phase=measure iteration=1 host_elapsed_us=782 ret=0
FIG8_ATTENTION_PROFILE_COUNT mode=baseline qo_len=16 phase=measure iteration=1 records=2 max_records=10
FIG8_ATTENTION_TIMERS mode=baseline phase=measure iteration=1 lut_exp=0 qo_len=16 kv_len=4096 n_heads=12 n_kv_heads=2 head_dim=128 kv_head=1 worker=2 profiled_total=522 q_load=4 k_load=87 v_load=64 qk_dot=7 safe_sm=348 core_acc=6 o_scale=0 o_store=6
FIG8_ATTENTION_TIMERS mode=baseline phase=measure iteration=1 lut_exp=0 qo_len=16 kv_len=4096 n_heads=12 n_kv_heads=2 head_dim=128 kv_head=0 worker=0 profiled_total=523 q_load=4 k_load=87 v_load=66 qk_dot=7 safe_sm=346 core_acc=6 o_scale=1 o_store=6
FIG8_ATTENTION_EVENT_COUNT mode=baseline qo_len=16 phase=measure iteration=1 events=56 max_events=12512 overflow=0
FIG8_ATTENTION_EVENT mode=baseline phase=measure iteration=1 component=q_load component_id=1 lut_exp=0 qo_len=16 kv_len=4096 n_heads=12 n_kv_heads=2 head_dim=128 kv_head=0 worker=0 block_r=0 block_c=-1 t0_us=3757986461 t1_us=3757986466 dur_us=4
FIG8_ATTENTION_EVENT mode=baseline phase=measure iteration=1 component=q_load component_id=1 lut_exp=0 qo_len=16 kv_len=4096 n_heads=12 n_kv_heads=2 head_dim=128 kv_head=1 worker=2 block_r=0 block_c=-1 t0_us=3757986461 t1_us=3757986466 dur_us=4
FIG8_ATTENTION_EVENT mode=baseline phase=measure iteration=1 component=k_load component_id=2 lut_exp=0 qo_len=16 kv_len=4096 n_heads=12 n_kv_heads=2 head_dim=128 kv_head=0 worker=0 block_r=0 block_c=0 t0_us=3757986469 t1_us=3757986485 dur_us=15
FIG8_ATTENTION_EVENT mode=baseline phase=measure iteration=1 component=k_load component_id=2 lut_exp=0 qo_len=16 kv_len=4096 n_heads=12 n_kv_heads=2 head_dim=128 kv_head=1 worker=2 block_r=0 block_c=0 t0_us=3757986469 t1_us=3757986485 dur_us=16
FIG8_ATTENTION_EVENT mode=baseline phase=measure iteration=1 component=qk_dot component_id=4 lut_exp=0 qo_len=16 kv_len=4096 n_heads=12 n_kv_heads=2 head_dim=128 kv_head=0 worker=0 block_r=0 block_c=0 t0_us=3757986485 t1_us=3757986487 dur_us=1
FIG8_ATTENTION_EVENT mode=baseline phase=measure iteration=1 component=qk_dot component_id=4 lut_exp=0 qo_len=16 kv_len=4096 n_heads=12 n_kv_heads=2 head_dim=128 kv_head=1 worker=2 block_r=0 block_c=0 t0_us=3757986485 t1_us=3757986488 dur_us=2
FIG8_ATTENTION_EVENT mode=baseline phase=measure iteration=1 component=safe_sm component_id=5 lut_exp=0 qo_len=16 kv_len=4096 n_heads=12 n_kv_heads=2 head_dim=128 kv_head=1 worker=2 block_r=0 block_c=0 t0_us=3757986488 t1_us=3757986561 dur_us=73
FIG8_ATTENTION_EVENT mode=baseline phase=measure iteration=1 component=safe_sm component_id=5 lut_exp=0 qo_len=16 kv_len=4096 n_heads=12 n_kv_heads=2 head_dim=128 kv_head=0 worker=0 block_r=0 block_c=0 t0_us=3757986487 t1_us=3757986561 dur_us=74
FIG8_ATTENTION_EVENT mode=baseline phase=measure iteration=1 component=v_load component_id=3 lut_exp=0 qo_len=16 kv_len=4096 n_heads=12 n_kv_heads=2 head_dim=128 kv_head=1 worker=2 block_r=0 block_c=0 t0_us=3757986562 t1_us=3757986579 dur_us=17
FIG8_ATTENTION_EVENT mode=baseline phase=measure iteration=1 component=v_load component_id=3 lut_exp=0 qo_len=16 kv_len=4096 n_heads=12 n_kv_heads=2 head_dim=128 kv_head=0 worker=0 block_r=0 block_c=0 t0_us=3757986562 t1_us=3757986580 dur_us=18
FIG8_ATTENTION_EVENT mode=baseline phase=measure iteration=1 component=core_acc component_id=6 lut_exp=0 qo_len=16 kv_len=4096 n_heads=12 n_kv_heads=2 head_dim=128 kv_head=1 worker=2 block_r=0 block_c=0 t0_us=3757986580 t1_us=3757986582 dur_us=2
FIG8_ATTENTION_EVENT mode=baseline phase=measure iteration=1 component=core_acc component_id=6 lut_exp=0 qo_len=16 kv_len=4096 n_heads=12 n_kv_heads=2 head_dim=128 kv_head=0 worker=0 block_r=0 block_c=0 t0_us=3757986581 t1_us=3757986583 dur_us=2
FIG8_ATTENTION_EVENT mode=baseline phase=measure iteration=1 component=k_load component_id=2 lut_exp=0 qo_len=16 kv_len=4096 n_heads=12 n_kv_heads=2 head_dim=128 kv_head=1 worker=2 block_r=0 block_c=832 t0_us=3757986582 t1_us=3757986601 dur_us=18
FIG8_ATTENTION_EVENT mode=baseline phase=measure iteration=1 component=k_load component_id=2 lut_exp=0 qo_len=16 kv_len=4096 n_heads=12 n_kv_heads=2 head_dim=128 kv_head=0 worker=0 block_r=0 block_c=832 t0_us=3757986583 t1_us=3757986602 dur_us=18
FIG8_ATTENTION_EVENT mode=baseline phase=measure iteration=1 component=qk_dot component_id=4 lut_exp=0 qo_len=16 kv_len=4096 n_heads=12 n_kv_heads=2 head_dim=128 kv_head=1 worker=2 block_r=0 block_c=832 t0_us=3757986601 t1_us=3757986602 dur_us=1
FIG8_ATTENTION_EVENT mode=baseline phase=measure iteration=1 component=qk_dot component_id=4 lut_exp=0 qo_len=16 kv_len=4096 n_heads=12 n_kv_heads=2 head_dim=128 kv_head=0 worker=0 block_r=0 block_c=832 t0_us=3757986602 t1_us=3757986603 dur_us=1
FIG8_ATTENTION_EVENT mode=baseline phase=measure iteration=1 component=safe_sm component_id=5 lut_exp=0 qo_len=16 kv_len=4096 n_heads=12 n_kv_heads=2 head_dim=128 kv_head=0 worker=0 block_r=0 block_c=832 t0_us=3757986603 t1_us=3757986669 dur_us=65
FIG8_ATTENTION_EVENT mode=baseline phase=measure iteration=1 component=safe_sm component_id=5 lut_exp=0 qo_len=16 kv_len=4096 n_heads=12 n_kv_heads=2 head_dim=128 kv_head=1 worker=2 block_r=0 block_c=832 t0_us=3757986602 t1_us=3757986669 dur_us=67
FIG8_ATTENTION_EVENT mode=baseline phase=measure iteration=1 component=v_load component_id=3 lut_exp=0 qo_len=16 kv_len=4096 n_heads=12 n_kv_heads=2 head_dim=128 kv_head=1 worker=2 block_r=0 block_c=832 t0_us=3757986669 t1_us=3757986684 dur_us=14
FIG8_ATTENTION_EVENT mode=baseline phase=measure iteration=1 component=core_acc component_id=6 lut_exp=0 qo_len=16 kv_len=4096 n_heads=12 n_kv_heads=2 head_dim=128 kv_head=1 worker=2 block_r=0 block_c=832 t0_us=3757986684 t1_us=3757986685 dur_us=0
FIG8_ATTENTION_EVENT mode=baseline phase=measure iteration=1 component=v_load component_id=3 lut_exp=0 qo_len=16 kv_len=4096 n_heads=12 n_kv_heads=2 head_dim=128 kv_head=0 worker=0 block_r=0 block_c=832 t0_us=3757986669 t1_us=3757986685 dur_us=16
FIG8_ATTENTION_EVENT mode=baseline phase=measure iteration=1 component=core_acc component_id=6 lut_exp=0 qo_len=16 kv_len=4096 n_heads=12 n_kv_heads=2 head_dim=128 kv_head=0 worker=0 block_r=0 block_c=832 t0_us=3757986685 t1_us=3757986686 dur_us=0
FIG8_ATTENTION_EVENT mode=baseline phase=measure iteration=1 component=k_load component_id=2 lut_exp=0 qo_len=16 kv_len=4096 n_heads=12 n_kv_heads=2 head_dim=128 kv_head=1 worker=2 block_r=0 block_c=1664 t0_us=3757986685 t1_us=3757986702 dur_us=17
FIG8_ATTENTION_EVENT mode=baseline phase=measure iteration=1 component=k_load component_id=2 lut_exp=0 qo_len=16 kv_len=4096 n_heads=12 n_kv_heads=2 head_dim=128 kv_head=0 worker=0 block_r=0 block_c=1664 t0_us=3757986686 t1_us=3757986703 dur_us=16
FIG8_ATTENTION_EVENT mode=baseline phase=measure iteration=1 component=qk_dot component_id=4 lut_exp=0 qo_len=16 kv_len=4096 n_heads=12 n_kv_heads=2 head_dim=128 kv_head=1 worker=2 block_r=0 block_c=1664 t0_us=3757986703 t1_us=3757986704 dur_us=1
FIG8_ATTENTION_EVENT mode=baseline phase=measure iteration=1 component=qk_dot component_id=4 lut_exp=0 qo_len=16 kv_len=4096 n_heads=12 n_kv_heads=2 head_dim=128 kv_head=0 worker=0 block_r=0 block_c=1664 t0_us=3757986703 t1_us=3757986705 dur_us=2
FIG8_ATTENTION_EVENT mode=baseline phase=measure iteration=1 component=safe_sm component_id=5 lut_exp=0 qo_len=16 kv_len=4096 n_heads=12 n_kv_heads=2 head_dim=128 kv_head=1 worker=2 block_r=0 block_c=1664 t0_us=3757986704 t1_us=3757986776 dur_us=71
FIG8_ATTENTION_EVENT mode=baseline phase=measure iteration=1 component=safe_sm component_id=5 lut_exp=0 qo_len=16 kv_len=4096 n_heads=12 n_kv_heads=2 head_dim=128 kv_head=0 worker=0 block_r=0 block_c=1664 t0_us=3757986705 t1_us=3757986776 dur_us=71
FIG8_ATTENTION_EVENT mode=baseline phase=measure iteration=1 component=v_load component_id=3 lut_exp=0 qo_len=16 kv_len=4096 n_heads=12 n_kv_heads=2 head_dim=128 kv_head=1 worker=2 block_r=0 block_c=1664 t0_us=3757986776 t1_us=3757986788 dur_us=11
FIG8_ATTENTION_EVENT mode=baseline phase=measure iteration=1 component=v_load component_id=3 lut_exp=0 qo_len=16 kv_len=4096 n_heads=12 n_kv_heads=2 head_dim=128 kv_head=0 worker=0 block_r=0 block_c=1664 t0_us=3757986776 t1_us=3757986789 dur_us=12
FIG8_ATTENTION_EVENT mode=baseline phase=measure iteration=1 component=core_acc component_id=6 lut_exp=0 qo_len=16 kv_len=4096 n_heads=12 n_kv_heads=2 head_dim=128 kv_head=1 worker=2 block_r=0 block_c=1664 t0_us=3757986789 t1_us=3757986789 dur_us=0
FIG8_ATTENTION_EVENT mode=baseline phase=measure iteration=1 component=core_acc component_id=6 lut_exp=0 qo_len=16 kv_len=4096 n_heads=12 n_kv_heads=2 head_dim=128 kv_head=0 worker=0 block_r=0 block_c=1664 t0_us=3757986789 t1_us=3757986791 dur_us=1
FIG8_ATTENTION_EVENT mode=baseline phase=measure iteration=1 component=k_load component_id=2 lut_exp=0 qo_len=16 kv_len=4096 n_heads=12 n_kv_heads=2 head_dim=128 kv_head=1 worker=2 block_r=0 block_c=2496 t0_us=3757986789 t1_us=3757986808 dur_us=19
FIG8_ATTENTION_EVENT mode=baseline phase=measure iteration=1 component=qk_dot component_id=4 lut_exp=0 qo_len=16 kv_len=4096 n_heads=12 n_kv_heads=2 head_dim=128 kv_head=1 worker=2 block_r=0 block_c=2496 t0_us=3757986808 t1_us=3757986810 dur_us=1
FIG8_ATTENTION_EVENT mode=baseline phase=measure iteration=1 component=k_load component_id=2 lut_exp=0 qo_len=16 kv_len=4096 n_heads=12 n_kv_heads=2 head_dim=128 kv_head=0 worker=0 block_r=0 block_c=2496 t0_us=3757986791 t1_us=3757986810 dur_us=19
FIG8_ATTENTION_EVENT mode=baseline phase=measure iteration=1 component=qk_dot component_id=4 lut_exp=0 qo_len=16 kv_len=4096 n_heads=12 n_kv_heads=2 head_dim=128 kv_head=0 worker=0 block_r=0 block_c=2496 t0_us=3757986810 t1_us=3757986811 dur_us=1
FIG8_ATTENTION_EVENT mode=baseline phase=measure iteration=1 component=safe_sm component_id=5 lut_exp=0 qo_len=16 kv_len=4096 n_heads=12 n_kv_heads=2 head_dim=128 kv_head=1 worker=2 block_r=0 block_c=2496 t0_us=3757986810 t1_us=3757986881 dur_us=71
FIG8_ATTENTION_EVENT mode=baseline phase=measure iteration=1 component=safe_sm component_id=5 lut_exp=0 qo_len=16 kv_len=4096 n_heads=12 n_kv_heads=2 head_dim=128 kv_head=0 worker=0 block_r=0 block_c=2496 t0_us=3757986811 t1_us=3757986881 dur_us=69
FIG8_ATTENTION_EVENT mode=baseline phase=measure iteration=1 component=v_load component_id=3 lut_exp=0 qo_len=16 kv_len=4096 n_heads=12 n_kv_heads=2 head_dim=128 kv_head=0 worker=0 block_r=0 block_c=2496 t0_us=3757986881 t1_us=3757986893 dur_us=11
FIG8_ATTENTION_EVENT mode=baseline phase=measure iteration=1 component=v_load component_id=3 lut_exp=0 qo_len=16 kv_len=4096 n_heads=12 n_kv_heads=2 head_dim=128 kv_head=1 worker=2 block_r=0 block_c=2496 t0_us=3757986881 t1_us=3757986893 dur_us=11
FIG8_ATTENTION_EVENT mode=baseline phase=measure iteration=1 component=core_acc component_id=6 lut_exp=0 qo_len=16 kv_len=4096 n_heads=12 n_kv_heads=2 head_dim=128 kv_head=0 worker=0 block_r=0 block_c=2496 t0_us=3757986893 t1_us=3757986894 dur_us=0
FIG8_ATTENTION_EVENT mode=baseline phase=measure iteration=1 component=core_acc component_id=6 lut_exp=0 qo_len=16 kv_len=4096 n_heads=12 n_kv_heads=2 head_dim=128 kv_head=1 worker=2 block_r=0 block_c=2496 t0_us=3757986893 t1_us=3757986895 dur_us=1
FIG8_ATTENTION_EVENT mode=baseline phase=measure iteration=1 component=k_load component_id=2 lut_exp=0 qo_len=16 kv_len=4096 n_heads=12 n_kv_heads=2 head_dim=128 kv_head=0 worker=0 block_r=0 block_c=3328 t0_us=3757986894 t1_us=3757986911 dur_us=17
FIG8_ATTENTION_EVENT mode=baseline phase=measure iteration=1 component=k_load component_id=2 lut_exp=0 qo_len=16 kv_len=4096 n_heads=12 n_kv_heads=2 head_dim=128 kv_head=1 worker=2 block_r=0 block_c=3328 t0_us=3757986895 t1_us=3757986912 dur_us=16
FIG8_ATTENTION_EVENT mode=baseline phase=measure iteration=1 component=qk_dot component_id=4 lut_exp=0 qo_len=16 kv_len=4096 n_heads=12 n_kv_heads=2 head_dim=128 kv_head=0 worker=0 block_r=0 block_c=3328 t0_us=3757986911 t1_us=3757986912 dur_us=0
FIG8_ATTENTION_EVENT mode=baseline phase=measure iteration=1 component=qk_dot component_id=4 lut_exp=0 qo_len=16 kv_len=4096 n_heads=12 n_kv_heads=2 head_dim=128 kv_head=1 worker=2 block_r=0 block_c=3328 t0_us=3757986912 t1_us=3757986914 dur_us=1
FIG8_ATTENTION_EVENT mode=baseline phase=measure iteration=1 component=safe_sm component_id=5 lut_exp=0 qo_len=16 kv_len=4096 n_heads=12 n_kv_heads=2 head_dim=128 kv_head=0 worker=0 block_r=0 block_c=3328 t0_us=3757986913 t1_us=3757986978 dur_us=65
FIG8_ATTENTION_EVENT mode=baseline phase=measure iteration=1 component=safe_sm component_id=5 lut_exp=0 qo_len=16 kv_len=4096 n_heads=12 n_kv_heads=2 head_dim=128 kv_head=1 worker=2 block_r=0 block_c=3328 t0_us=3757986914 t1_us=3757986978 dur_us=64
FIG8_ATTENTION_EVENT mode=baseline phase=measure iteration=1 component=v_load component_id=3 lut_exp=0 qo_len=16 kv_len=4096 n_heads=12 n_kv_heads=2 head_dim=128 kv_head=0 worker=0 block_r=0 block_c=3328 t0_us=3757986978 t1_us=3757986987 dur_us=8
FIG8_ATTENTION_EVENT mode=baseline phase=measure iteration=1 component=v_load component_id=3 lut_exp=0 qo_len=16 kv_len=4096 n_heads=12 n_kv_heads=2 head_dim=128 kv_head=1 worker=2 block_r=0 block_c=3328 t0_us=3757986978 t1_us=3757986987 dur_us=9
FIG8_ATTENTION_EVENT mode=baseline phase=measure iteration=1 component=core_acc component_id=6 lut_exp=0 qo_len=16 kv_len=4096 n_heads=12 n_kv_heads=2 head_dim=128 kv_head=0 worker=0 block_r=0 block_c=3328 t0_us=3757986987 t1_us=3757986988 dur_us=0
FIG8_ATTENTION_EVENT mode=baseline phase=measure iteration=1 component=core_acc component_id=6 lut_exp=0 qo_len=16 kv_len=4096 n_heads=12 n_kv_heads=2 head_dim=128 kv_head=1 worker=2 block_r=0 block_c=3328 t0_us=3757986988 t1_us=3757986989 dur_us=1
FIG8_ATTENTION_EVENT mode=baseline phase=measure iteration=1 component=o_scale component_id=7 lut_exp=0 qo_len=16 kv_len=4096 n_heads=12 n_kv_heads=2 head_dim=128 kv_head=0 worker=0 block_r=0 block_c=-1 t0_us=3757986988 t1_us=3757986990 dur_us=1
FIG8_ATTENTION_EVENT mode=baseline phase=measure iteration=1 component=o_scale component_id=7 lut_exp=0 qo_len=16 kv_len=4096 n_heads=12 n_kv_heads=2 head_dim=128 kv_head=1 worker=2 block_r=0 block_c=-1 t0_us=3757986989 t1_us=3757986990 dur_us=0
FIG8_ATTENTION_EVENT mode=baseline phase=measure iteration=1 component=o_store component_id=8 lut_exp=0 qo_len=16 kv_len=4096 n_heads=12 n_kv_heads=2 head_dim=128 kv_head=1 worker=2 block_r=0 block_c=-1 t0_us=3757986990 t1_us=3757986996 dur_us=6
FIG8_ATTENTION_EVENT mode=baseline phase=measure iteration=1 component=o_store component_id=8 lut_exp=0 qo_len=16 kv_len=4096 n_heads=12 n_kv_heads=2 head_dim=128 kv_head=0 worker=0 block_r=0 block_c=-1 t0_us=3757986990 t1_us=3757986996 dur_us=6
FIG8_ATTENTION_HOST_TIMING mode=baseline qo_len=16 kv_len=4096 n_heads=12 n_kv_heads=2 head_dim=128 phase=measure iteration=2 host_elapsed_us=896 ret=0
FIG8_ATTENTION_PROFILE_COUNT mode=baseline qo_len=16 phase=measure iteration=2 records=2 max_records=10
FIG8_ATTENTION_TIMERS mode=baseline phase=measure iteration=2 lut_exp=0 qo_len=16 kv_len=4096 n_heads=12 n_kv_heads=2 head_dim=128 kv_head=1 worker=1 profiled_total=544 q_load=5 k_load=95 v_load=66 qk_dot=7 safe_sm=358 core_acc=6 o_scale=1 o_store=6
FIG8_ATTENTION_TIMERS mode=baseline phase=measure iteration=2 lut_exp=0 qo_len=16 kv_len=4096 n_heads=12 n_kv_heads=2 head_dim=128 kv_head=0 worker=4 profiled_total=545 q_load=5 k_load=96 v_load=68 qk_dot=6 safe_sm=356 core_acc=8 o_scale=0 o_store=6
FIG8_ATTENTION_EVENT_COUNT mode=baseline qo_len=16 phase=measure iteration=2 events=56 max_events=12512 overflow=0
FIG8_ATTENTION_EVENT mode=baseline phase=measure iteration=2 component=q_load component_id=1 lut_exp=0 qo_len=16 kv_len=4096 n_heads=12 n_kv_heads=2 head_dim=128 kv_head=0 worker=4 block_r=0 block_c=-1 t0_us=3757987467 t1_us=3757987472 dur_us=5
FIG8_ATTENTION_EVENT mode=baseline phase=measure iteration=2 component=q_load component_id=1 lut_exp=0 qo_len=16 kv_len=4096 n_heads=12 n_kv_heads=2 head_dim=128 kv_head=1 worker=1 block_r=0 block_c=-1 t0_us=3757987467 t1_us=3757987472 dur_us=5
FIG8_ATTENTION_EVENT mode=baseline phase=measure iteration=2 component=k_load component_id=2 lut_exp=0 qo_len=16 kv_len=4096 n_heads=12 n_kv_heads=2 head_dim=128 kv_head=1 worker=1 block_r=0 block_c=0 t0_us=3757987474 t1_us=3757987501 dur_us=27
FIG8_ATTENTION_EVENT mode=baseline phase=measure iteration=2 component=k_load component_id=2 lut_exp=0 qo_len=16 kv_len=4096 n_heads=12 n_kv_heads=2 head_dim=128 kv_head=0 worker=4 block_r=0 block_c=0 t0_us=3757987474 t1_us=3757987501 dur_us=27
FIG8_ATTENTION_EVENT mode=baseline phase=measure iteration=2 component=qk_dot component_id=4 lut_exp=0 qo_len=16 kv_len=4096 n_heads=12 n_kv_heads=2 head_dim=128 kv_head=0 worker=4 block_r=0 block_c=0 t0_us=3757987502 t1_us=3757987503 dur_us=1
FIG8_ATTENTION_EVENT mode=baseline phase=measure iteration=2 component=qk_dot component_id=4 lut_exp=0 qo_len=16 kv_len=4096 n_heads=12 n_kv_heads=2 head_dim=128 kv_head=1 worker=1 block_r=0 block_c=0 t0_us=3757987502 t1_us=3757987505 dur_us=2
FIG8_ATTENTION_EVENT mode=baseline phase=measure iteration=2 component=safe_sm component_id=5 lut_exp=0 qo_len=16 kv_len=4096 n_heads=12 n_kv_heads=2 head_dim=128 kv_head=0 worker=4 block_r=0 block_c=0 t0_us=3757987504 t1_us=3757987580 dur_us=76
FIG8_ATTENTION_EVENT mode=baseline phase=measure iteration=2 component=safe_sm component_id=5 lut_exp=0 qo_len=16 kv_len=4096 n_heads=12 n_kv_heads=2 head_dim=128 kv_head=1 worker=1 block_r=0 block_c=0 t0_us=3757987505 t1_us=3757987580 dur_us=75
FIG8_ATTENTION_EVENT mode=baseline phase=measure iteration=2 component=v_load component_id=3 lut_exp=0 qo_len=16 kv_len=4096 n_heads=12 n_kv_heads=2 head_dim=128 kv_head=1 worker=1 block_r=0 block_c=0 t0_us=3757987580 t1_us=3757987598 dur_us=17
FIG8_ATTENTION_EVENT mode=baseline phase=measure iteration=2 component=v_load component_id=3 lut_exp=0 qo_len=16 kv_len=4096 n_heads=12 n_kv_heads=2 head_dim=128 kv_head=0 worker=4 block_r=0 block_c=0 t0_us=3757987580 t1_us=3757987599 dur_us=18
FIG8_ATTENTION_EVENT mode=baseline phase=measure iteration=2 component=core_acc component_id=6 lut_exp=0 qo_len=16 kv_len=4096 n_heads=12 n_kv_heads=2 head_dim=128 kv_head=1 worker=1 block_r=0 block_c=0 t0_us=3757987598 t1_us=3757987600 dur_us=2
FIG8_ATTENTION_EVENT mode=baseline phase=measure iteration=2 component=core_acc component_id=6 lut_exp=0 qo_len=16 kv_len=4096 n_heads=12 n_kv_heads=2 head_dim=128 kv_head=0 worker=4 block_r=0 block_c=0 t0_us=3757987599 t1_us=3757987602 dur_us=3
FIG8_ATTENTION_EVENT mode=baseline phase=measure iteration=2 component=k_load component_id=2 lut_exp=0 qo_len=16 kv_len=4096 n_heads=12 n_kv_heads=2 head_dim=128 kv_head=1 worker=1 block_r=0 block_c=832 t0_us=3757987601 t1_us=3757987619 dur_us=18
FIG8_ATTENTION_EVENT mode=baseline phase=measure iteration=2 component=k_load component_id=2 lut_exp=0 qo_len=16 kv_len=4096 n_heads=12 n_kv_heads=2 head_dim=128 kv_head=0 worker=4 block_r=0 block_c=832 t0_us=3757987602 t1_us=3757987620 dur_us=18
FIG8_ATTENTION_EVENT mode=baseline phase=measure iteration=2 component=qk_dot component_id=4 lut_exp=0 qo_len=16 kv_len=4096 n_heads=12 n_kv_heads=2 head_dim=128 kv_head=1 worker=1 block_r=0 block_c=832 t0_us=3757987619 t1_us=3757987620 dur_us=1
FIG8_ATTENTION_EVENT mode=baseline phase=measure iteration=2 component=qk_dot component_id=4 lut_exp=0 qo_len=16 kv_len=4096 n_heads=12 n_kv_heads=2 head_dim=128 kv_head=0 worker=4 block_r=0 block_c=832 t0_us=3757987620 t1_us=3757987622 dur_us=1
FIG8_ATTENTION_EVENT mode=baseline phase=measure iteration=2 component=safe_sm component_id=5 lut_exp=0 qo_len=16 kv_len=4096 n_heads=12 n_kv_heads=2 head_dim=128 kv_head=1 worker=1 block_r=0 block_c=832 t0_us=3757987620 t1_us=3757987690 dur_us=69
FIG8_ATTENTION_EVENT mode=baseline phase=measure iteration=2 component=safe_sm component_id=5 lut_exp=0 qo_len=16 kv_len=4096 n_heads=12 n_kv_heads=2 head_dim=128 kv_head=0 worker=4 block_r=0 block_c=832 t0_us=3757987622 t1_us=3757987690 dur_us=68
FIG8_ATTENTION_EVENT mode=baseline phase=measure iteration=2 component=v_load component_id=3 lut_exp=0 qo_len=16 kv_len=4096 n_heads=12 n_kv_heads=2 head_dim=128 kv_head=1 worker=1 block_r=0 block_c=832 t0_us=3757987691 t1_us=3757987705 dur_us=14
FIG8_ATTENTION_EVENT mode=baseline phase=measure iteration=2 component=v_load component_id=3 lut_exp=0 qo_len=16 kv_len=4096 n_heads=12 n_kv_heads=2 head_dim=128 kv_head=0 worker=4 block_r=0 block_c=832 t0_us=3757987691 t1_us=3757987706 dur_us=14
FIG8_ATTENTION_EVENT mode=baseline phase=measure iteration=2 component=core_acc component_id=6 lut_exp=0 qo_len=16 kv_len=4096 n_heads=12 n_kv_heads=2 head_dim=128 kv_head=1 worker=1 block_r=0 block_c=832 t0_us=3757987706 t1_us=3757987706 dur_us=0
FIG8_ATTENTION_EVENT mode=baseline phase=measure iteration=2 component=core_acc component_id=6 lut_exp=0 qo_len=16 kv_len=4096 n_heads=12 n_kv_heads=2 head_dim=128 kv_head=0 worker=4 block_r=0 block_c=832 t0_us=3757987706 t1_us=3757987708 dur_us=2
FIG8_ATTENTION_EVENT mode=baseline phase=measure iteration=2 component=k_load component_id=2 lut_exp=0 qo_len=16 kv_len=4096 n_heads=12 n_kv_heads=2 head_dim=128 kv_head=1 worker=1 block_r=0 block_c=1664 t0_us=3757987707 t1_us=3757987723 dur_us=16
FIG8_ATTENTION_EVENT mode=baseline phase=measure iteration=2 component=qk_dot component_id=4 lut_exp=0 qo_len=16 kv_len=4096 n_heads=12 n_kv_heads=2 head_dim=128 kv_head=1 worker=1 block_r=0 block_c=1664 t0_us=3757987724 t1_us=3757987725 dur_us=1
FIG8_ATTENTION_EVENT mode=baseline phase=measure iteration=2 component=k_load component_id=2 lut_exp=0 qo_len=16 kv_len=4096 n_heads=12 n_kv_heads=2 head_dim=128 kv_head=0 worker=4 block_r=0 block_c=1664 t0_us=3757987708 t1_us=3757987725 dur_us=17
FIG8_ATTENTION_EVENT mode=baseline phase=measure iteration=2 component=qk_dot component_id=4 lut_exp=0 qo_len=16 kv_len=4096 n_heads=12 n_kv_heads=2 head_dim=128 kv_head=0 worker=4 block_r=0 block_c=1664 t0_us=3757987725 t1_us=3757987726 dur_us=1
FIG8_ATTENTION_EVENT mode=baseline phase=measure iteration=2 component=safe_sm component_id=5 lut_exp=0 qo_len=16 kv_len=4096 n_heads=12 n_kv_heads=2 head_dim=128 kv_head=1 worker=1 block_r=0 block_c=1664 t0_us=3757987725 t1_us=3757987799 dur_us=74
FIG8_ATTENTION_EVENT mode=baseline phase=measure iteration=2 component=safe_sm component_id=5 lut_exp=0 qo_len=16 kv_len=4096 n_heads=12 n_kv_heads=2 head_dim=128 kv_head=0 worker=4 block_r=0 block_c=1664 t0_us=3757987726 t1_us=3757987799 dur_us=72
FIG8_ATTENTION_EVENT mode=baseline phase=measure iteration=2 component=v_load component_id=3 lut_exp=0 qo_len=16 kv_len=4096 n_heads=12 n_kv_heads=2 head_dim=128 kv_head=1 worker=1 block_r=0 block_c=1664 t0_us=3757987799 t1_us=3757987812 dur_us=12
FIG8_ATTENTION_EVENT mode=baseline phase=measure iteration=2 component=v_load component_id=3 lut_exp=0 qo_len=16 kv_len=4096 n_heads=12 n_kv_heads=2 head_dim=128 kv_head=0 worker=4 block_r=0 block_c=1664 t0_us=3757987799 t1_us=3757987812 dur_us=12
FIG8_ATTENTION_EVENT mode=baseline phase=measure iteration=2 component=core_acc component_id=6 lut_exp=0 qo_len=16 kv_len=4096 n_heads=12 n_kv_heads=2 head_dim=128 kv_head=1 worker=1 block_r=0 block_c=1664 t0_us=3757987812 t1_us=3757987813 dur_us=0
FIG8_ATTENTION_EVENT mode=baseline phase=measure iteration=2 component=core_acc component_id=6 lut_exp=0 qo_len=16 kv_len=4096 n_heads=12 n_kv_heads=2 head_dim=128 kv_head=0 worker=4 block_r=0 block_c=1664 t0_us=3757987812 t1_us=3757987814 dur_us=1
FIG8_ATTENTION_EVENT mode=baseline phase=measure iteration=2 component=k_load component_id=2 lut_exp=0 qo_len=16 kv_len=4096 n_heads=12 n_kv_heads=2 head_dim=128 kv_head=1 worker=1 block_r=0 block_c=2496 t0_us=3757987813 t1_us=3757987830 dur_us=17
FIG8_ATTENTION_EVENT mode=baseline phase=measure iteration=2 component=qk_dot component_id=4 lut_exp=0 qo_len=16 kv_len=4096 n_heads=12 n_kv_heads=2 head_dim=128 kv_head=1 worker=1 block_r=0 block_c=2496 t0_us=3757987830 t1_us=3757987831 dur_us=1
FIG8_ATTENTION_EVENT mode=baseline phase=measure iteration=2 component=k_load component_id=2 lut_exp=0 qo_len=16 kv_len=4096 n_heads=12 n_kv_heads=2 head_dim=128 kv_head=0 worker=4 block_r=0 block_c=2496 t0_us=3757987814 t1_us=3757987831 dur_us=17
FIG8_ATTENTION_EVENT mode=baseline phase=measure iteration=2 component=qk_dot component_id=4 lut_exp=0 qo_len=16 kv_len=4096 n_heads=12 n_kv_heads=2 head_dim=128 kv_head=0 worker=4 block_r=0 block_c=2496 t0_us=3757987831 t1_us=3757987832 dur_us=1
FIG8_ATTENTION_EVENT mode=baseline phase=measure iteration=2 component=safe_sm component_id=5 lut_exp=0 qo_len=16 kv_len=4096 n_heads=12 n_kv_heads=2 head_dim=128 kv_head=1 worker=1 block_r=0 block_c=2496 t0_us=3757987831 t1_us=3757987906 dur_us=74
FIG8_ATTENTION_EVENT mode=baseline phase=measure iteration=2 component=safe_sm component_id=5 lut_exp=0 qo_len=16 kv_len=4096 n_heads=12 n_kv_heads=2 head_dim=128 kv_head=0 worker=4 block_r=0 block_c=2496 t0_us=3757987833 t1_us=3757987906 dur_us=73
FIG8_ATTENTION_EVENT mode=baseline phase=measure iteration=2 component=v_load component_id=3 lut_exp=0 qo_len=16 kv_len=4096 n_heads=12 n_kv_heads=2 head_dim=128 kv_head=0 worker=4 block_r=0 block_c=2496 t0_us=3757987906 t1_us=3757987919 dur_us=12
FIG8_ATTENTION_EVENT mode=baseline phase=measure iteration=2 component=v_load component_id=3 lut_exp=0 qo_len=16 kv_len=4096 n_heads=12 n_kv_heads=2 head_dim=128 kv_head=1 worker=1 block_r=0 block_c=2496 t0_us=3757987906 t1_us=3757987919 dur_us=12
FIG8_ATTENTION_EVENT mode=baseline phase=measure iteration=2 component=core_acc component_id=6 lut_exp=0 qo_len=16 kv_len=4096 n_heads=12 n_kv_heads=2 head_dim=128 kv_head=0 worker=4 block_r=0 block_c=2496 t0_us=3757987919 t1_us=3757987920 dur_us=0
FIG8_ATTENTION_EVENT mode=baseline phase=measure iteration=2 component=core_acc component_id=6 lut_exp=0 qo_len=16 kv_len=4096 n_heads=12 n_kv_heads=2 head_dim=128 kv_head=1 worker=1 block_r=0 block_c=2496 t0_us=3757987919 t1_us=3757987921 dur_us=2
FIG8_ATTENTION_EVENT mode=baseline phase=measure iteration=2 component=k_load component_id=2 lut_exp=0 qo_len=16 kv_len=4096 n_heads=12 n_kv_heads=2 head_dim=128 kv_head=0 worker=4 block_r=0 block_c=3328 t0_us=3757987920 t1_us=3757987936 dur_us=16
FIG8_ATTENTION_EVENT mode=baseline phase=measure iteration=2 component=k_load component_id=2 lut_exp=0 qo_len=16 kv_len=4096 n_heads=12 n_kv_heads=2 head_dim=128 kv_head=1 worker=1 block_r=0 block_c=3328 t0_us=3757987921 t1_us=3757987937 dur_us=15
FIG8_ATTENTION_EVENT mode=baseline phase=measure iteration=2 component=qk_dot component_id=4 lut_exp=0 qo_len=16 kv_len=4096 n_heads=12 n_kv_heads=2 head_dim=128 kv_head=0 worker=4 block_r=0 block_c=3328 t0_us=3757987936 t1_us=3757987937 dur_us=0
FIG8_ATTENTION_EVENT mode=baseline phase=measure iteration=2 component=qk_dot component_id=4 lut_exp=0 qo_len=16 kv_len=4096 n_heads=12 n_kv_heads=2 head_dim=128 kv_head=1 worker=1 block_r=0 block_c=3328 t0_us=3757987937 t1_us=3757987939 dur_us=1
FIG8_ATTENTION_EVENT mode=baseline phase=measure iteration=2 component=safe_sm component_id=5 lut_exp=0 qo_len=16 kv_len=4096 n_heads=12 n_kv_heads=2 head_dim=128 kv_head=0 worker=4 block_r=0 block_c=3328 t0_us=3757987937 t1_us=3757988003 dur_us=65
FIG8_ATTENTION_EVENT mode=baseline phase=measure iteration=2 component=safe_sm component_id=5 lut_exp=0 qo_len=16 kv_len=4096 n_heads=12 n_kv_heads=2 head_dim=128 kv_head=1 worker=1 block_r=0 block_c=3328 t0_us=3757987939 t1_us=3757988003 dur_us=64
FIG8_ATTENTION_EVENT mode=baseline phase=measure iteration=2 component=v_load component_id=3 lut_exp=0 qo_len=16 kv_len=4096 n_heads=12 n_kv_heads=2 head_dim=128 kv_head=1 worker=1 block_r=0 block_c=3328 t0_us=3757988003 t1_us=3757988012 dur_us=9
FIG8_ATTENTION_EVENT mode=baseline phase=measure iteration=2 component=v_load component_id=3 lut_exp=0 qo_len=16 kv_len=4096 n_heads=12 n_kv_heads=2 head_dim=128 kv_head=0 worker=4 block_r=0 block_c=3328 t0_us=3757988003 t1_us=3757988013 dur_us=10
FIG8_ATTENTION_EVENT mode=baseline phase=measure iteration=2 component=core_acc component_id=6 lut_exp=0 qo_len=16 kv_len=4096 n_heads=12 n_kv_heads=2 head_dim=128 kv_head=1 worker=1 block_r=0 block_c=3328 t0_us=3757988012 t1_us=3757988013 dur_us=1
FIG8_ATTENTION_EVENT mode=baseline phase=measure iteration=2 component=core_acc component_id=6 lut_exp=0 qo_len=16 kv_len=4096 n_heads=12 n_kv_heads=2 head_dim=128 kv_head=0 worker=4 block_r=0 block_c=3328 t0_us=3757988013 t1_us=3757988015 dur_us=1
FIG8_ATTENTION_EVENT mode=baseline phase=measure iteration=2 component=o_scale component_id=7 lut_exp=0 qo_len=16 kv_len=4096 n_heads=12 n_kv_heads=2 head_dim=128 kv_head=0 worker=4 block_r=0 block_c=-1 t0_us=3757988015 t1_us=3757988015 dur_us=0
FIG8_ATTENTION_EVENT mode=baseline phase=measure iteration=2 component=o_scale component_id=7 lut_exp=0 qo_len=16 kv_len=4096 n_heads=12 n_kv_heads=2 head_dim=128 kv_head=1 worker=1 block_r=0 block_c=-1 t0_us=3757988014 t1_us=3757988015 dur_us=1
FIG8_ATTENTION_EVENT mode=baseline phase=measure iteration=2 component=o_store component_id=8 lut_exp=0 qo_len=16 kv_len=4096 n_heads=12 n_kv_heads=2 head_dim=128 kv_head=0 worker=4 block_r=0 block_c=-1 t0_us=3757988015 t1_us=3757988022 dur_us=6
FIG8_ATTENTION_EVENT mode=baseline phase=measure iteration=2 component=o_store component_id=8 lut_exp=0 qo_len=16 kv_len=4096 n_heads=12 n_kv_heads=2 head_dim=128 kv_head=1 worker=1 block_r=0 block_c=-1 t0_us=3757988015 t1_us=3757988022 dur_us=6
FIG8_ATTENTION_HOST_TIMING mode=baseline qo_len=16 kv_len=4096 n_heads=12 n_kv_heads=2 head_dim=128 phase=measure iteration=3 host_elapsed_us=882 ret=0
FIG8_ATTENTION_PROFILE_COUNT mode=baseline qo_len=16 phase=measure iteration=3 records=2 max_records=10
FIG8_ATTENTION_TIMERS mode=baseline phase=measure iteration=3 lut_exp=0 qo_len=16 kv_len=4096 n_heads=12 n_kv_heads=2 head_dim=128 kv_head=0 worker=2 profiled_total=534 q_load=4 k_load=90 v_load=64 qk_dot=6 safe_sm=356 core_acc=8 o_scale=0 o_store=6
FIG8_ATTENTION_TIMERS mode=baseline phase=measure iteration=3 lut_exp=0 qo_len=16 kv_len=4096 n_heads=12 n_kv_heads=2 head_dim=128 kv_head=1 worker=3 profiled_total=533 q_load=4 k_load=90 v_load=63 qk_dot=7 safe_sm=355 core_acc=7 o_scale=1 o_store=6
FIG8_ATTENTION_EVENT_COUNT mode=baseline qo_len=16 phase=measure iteration=3 events=56 max_events=12512 overflow=0
FIG8_ATTENTION_EVENT mode=baseline phase=measure iteration=3 component=q_load component_id=1 lut_exp=0 qo_len=16 kv_len=4096 n_heads=12 n_kv_heads=2 head_dim=128 kv_head=0 worker=2 block_r=0 block_c=-1 t0_us=3757988563 t1_us=3757988568 dur_us=4
FIG8_ATTENTION_EVENT mode=baseline phase=measure iteration=3 component=q_load component_id=1 lut_exp=0 qo_len=16 kv_len=4096 n_heads=12 n_kv_heads=2 head_dim=128 kv_head=1 worker=3 block_r=0 block_c=-1 t0_us=3757988563 t1_us=3757988568 dur_us=4
FIG8_ATTENTION_EVENT mode=baseline phase=measure iteration=3 component=k_load component_id=2 lut_exp=0 qo_len=16 kv_len=4096 n_heads=12 n_kv_heads=2 head_dim=128 kv_head=0 worker=2 block_r=0 block_c=0 t0_us=3757988570 t1_us=3757988586 dur_us=15
FIG8_ATTENTION_EVENT mode=baseline phase=measure iteration=3 component=k_load component_id=2 lut_exp=0 qo_len=16 kv_len=4096 n_heads=12 n_kv_heads=2 head_dim=128 kv_head=1 worker=3 block_r=0 block_c=0 t0_us=3757988570 t1_us=3757988586 dur_us=16
FIG8_ATTENTION_EVENT mode=baseline phase=measure iteration=3 component=qk_dot component_id=4 lut_exp=0 qo_len=16 kv_len=4096 n_heads=12 n_kv_heads=2 head_dim=128 kv_head=0 worker=2 block_r=0 block_c=0 t0_us=3757988586 t1_us=3757988588 dur_us=1
FIG8_ATTENTION_EVENT mode=baseline phase=measure iteration=3 component=qk_dot component_id=4 lut_exp=0 qo_len=16 kv_len=4096 n_heads=12 n_kv_heads=2 head_dim=128 kv_head=1 worker=3 block_r=0 block_c=0 t0_us=3757988587 t1_us=3757988589 dur_us=2
FIG8_ATTENTION_EVENT mode=baseline phase=measure iteration=3 component=safe_sm component_id=5 lut_exp=0 qo_len=16 kv_len=4096 n_heads=12 n_kv_heads=2 head_dim=128 kv_head=0 worker=2 block_r=0 block_c=0 t0_us=3757988589 t1_us=3757988658 dur_us=69
FIG8_ATTENTION_EVENT mode=baseline phase=measure iteration=3 component=safe_sm component_id=5 lut_exp=0 qo_len=16 kv_len=4096 n_heads=12 n_kv_heads=2 head_dim=128 kv_head=1 worker=3 block_r=0 block_c=0 t0_us=3757988590 t1_us=3757988658 dur_us=68
FIG8_ATTENTION_EVENT mode=baseline phase=measure iteration=3 component=v_load component_id=3 lut_exp=0 qo_len=16 kv_len=4096 n_heads=12 n_kv_heads=2 head_dim=128 kv_head=1 worker=3 block_r=0 block_c=0 t0_us=3757988659 t1_us=3757988677 dur_us=17
FIG8_ATTENTION_EVENT mode=baseline phase=measure iteration=3 component=v_load component_id=3 lut_exp=0 qo_len=16 kv_len=4096 n_heads=12 n_kv_heads=2 head_dim=128 kv_head=0 worker=2 block_r=0 block_c=0 t0_us=3757988659 t1_us=3757988678 dur_us=18
FIG8_ATTENTION_EVENT mode=baseline phase=measure iteration=3 component=core_acc component_id=6 lut_exp=0 qo_len=16 kv_len=4096 n_heads=12 n_kv_heads=2 head_dim=128 kv_head=0 worker=2 block_r=0 block_c=0 t0_us=3757988678 t1_us=3757988680 dur_us=2
FIG8_ATTENTION_EVENT mode=baseline phase=measure iteration=3 component=core_acc component_id=6 lut_exp=0 qo_len=16 kv_len=4096 n_heads=12 n_kv_heads=2 head_dim=128 kv_head=1 worker=3 block_r=0 block_c=0 t0_us=3757988678 t1_us=3757988681 dur_us=3
FIG8_ATTENTION_EVENT mode=baseline phase=measure iteration=3 component=k_load component_id=2 lut_exp=0 qo_len=16 kv_len=4096 n_heads=12 n_kv_heads=2 head_dim=128 kv_head=0 worker=2 block_r=0 block_c=832 t0_us=3757988681 t1_us=3757988701 dur_us=20
FIG8_ATTENTION_EVENT mode=baseline phase=measure iteration=3 component=k_load component_id=2 lut_exp=0 qo_len=16 kv_len=4096 n_heads=12 n_kv_heads=2 head_dim=128 kv_head=1 worker=3 block_r=0 block_c=832 t0_us=3757988682 t1_us=3757988702 dur_us=20
FIG8_ATTENTION_EVENT mode=baseline phase=measure iteration=3 component=qk_dot component_id=4 lut_exp=0 qo_len=16 kv_len=4096 n_heads=12 n_kv_heads=2 head_dim=128 kv_head=0 worker=2 block_r=0 block_c=832 t0_us=3757988701 t1_us=3757988703 dur_us=1
FIG8_ATTENTION_EVENT mode=baseline phase=measure iteration=3 component=qk_dot component_id=4 lut_exp=0 qo_len=16 kv_len=4096 n_heads=12 n_kv_heads=2 head_dim=128 kv_head=1 worker=3 block_r=0 block_c=832 t0_us=3757988702 t1_us=3757988704 dur_us=1
FIG8_ATTENTION_EVENT mode=baseline phase=measure iteration=3 component=safe_sm component_id=5 lut_exp=0 qo_len=16 kv_len=4096 n_heads=12 n_kv_heads=2 head_dim=128 kv_head=0 worker=2 block_r=0 block_c=832 t0_us=3757988703 t1_us=3757988777 dur_us=74
FIG8_ATTENTION_EVENT mode=baseline phase=measure iteration=3 component=safe_sm component_id=5 lut_exp=0 qo_len=16 kv_len=4096 n_heads=12 n_kv_heads=2 head_dim=128 kv_head=1 worker=3 block_r=0 block_c=832 t0_us=3757988704 t1_us=3757988777 dur_us=72
FIG8_ATTENTION_EVENT mode=baseline phase=measure iteration=3 component=v_load component_id=3 lut_exp=0 qo_len=16 kv_len=4096 n_heads=12 n_kv_heads=2 head_dim=128 kv_head=1 worker=3 block_r=0 block_c=832 t0_us=3757988777 t1_us=3757988790 dur_us=13
FIG8_ATTENTION_EVENT mode=baseline phase=measure iteration=3 component=v_load component_id=3 lut_exp=0 qo_len=16 kv_len=4096 n_heads=12 n_kv_heads=2 head_dim=128 kv_head=0 worker=2 block_r=0 block_c=832 t0_us=3757988777 t1_us=3757988790 dur_us=13
FIG8_ATTENTION_EVENT mode=baseline phase=measure iteration=3 component=core_acc component_id=6 lut_exp=0 qo_len=16 kv_len=4096 n_heads=12 n_kv_heads=2 head_dim=128 kv_head=1 worker=3 block_r=0 block_c=832 t0_us=3757988790 t1_us=3757988791 dur_us=0
FIG8_ATTENTION_EVENT mode=baseline phase=measure iteration=3 component=core_acc component_id=6 lut_exp=0 qo_len=16 kv_len=4096 n_heads=12 n_kv_heads=2 head_dim=128 kv_head=0 worker=2 block_r=0 block_c=832 t0_us=3757988791 t1_us=3757988792 dur_us=1
FIG8_ATTENTION_EVENT mode=baseline phase=measure iteration=3 component=k_load component_id=2 lut_exp=0 qo_len=16 kv_len=4096 n_heads=12 n_kv_heads=2 head_dim=128 kv_head=1 worker=3 block_r=0 block_c=1664 t0_us=3757988791 t1_us=3757988808 dur_us=17
FIG8_ATTENTION_EVENT mode=baseline phase=measure iteration=3 component=k_load component_id=2 lut_exp=0 qo_len=16 kv_len=4096 n_heads=12 n_kv_heads=2 head_dim=128 kv_head=0 worker=2 block_r=0 block_c=1664 t0_us=3757988792 t1_us=3757988809 dur_us=16
FIG8_ATTENTION_EVENT mode=baseline phase=measure iteration=3 component=qk_dot component_id=4 lut_exp=0 qo_len=16 kv_len=4096 n_heads=12 n_kv_heads=2 head_dim=128 kv_head=1 worker=3 block_r=0 block_c=1664 t0_us=3757988808 t1_us=3757988810 dur_us=1
FIG8_ATTENTION_EVENT mode=baseline phase=measure iteration=3 component=qk_dot component_id=4 lut_exp=0 qo_len=16 kv_len=4096 n_heads=12 n_kv_heads=2 head_dim=128 kv_head=0 worker=2 block_r=0 block_c=1664 t0_us=3757988809 t1_us=3757988811 dur_us=1
FIG8_ATTENTION_EVENT mode=baseline phase=measure iteration=3 component=safe_sm component_id=5 lut_exp=0 qo_len=16 kv_len=4096 n_heads=12 n_kv_heads=2 head_dim=128 kv_head=1 worker=3 block_r=0 block_c=1664 t0_us=3757988810 t1_us=3757988883 dur_us=73
FIG8_ATTENTION_EVENT mode=baseline phase=measure iteration=3 component=safe_sm component_id=5 lut_exp=0 qo_len=16 kv_len=4096 n_heads=12 n_kv_heads=2 head_dim=128 kv_head=0 worker=2 block_r=0 block_c=1664 t0_us=3757988811 t1_us=3757988883 dur_us=72
FIG8_ATTENTION_EVENT mode=baseline phase=measure iteration=3 component=v_load component_id=3 lut_exp=0 qo_len=16 kv_len=4096 n_heads=12 n_kv_heads=2 head_dim=128 kv_head=1 worker=3 block_r=0 block_c=1664 t0_us=3757988883 t1_us=3757988895 dur_us=11
FIG8_ATTENTION_EVENT mode=baseline phase=measure iteration=3 component=v_load component_id=3 lut_exp=0 qo_len=16 kv_len=4096 n_heads=12 n_kv_heads=2 head_dim=128 kv_head=0 worker=2 block_r=0 block_c=1664 t0_us=3757988883 t1_us=3757988895 dur_us=11
FIG8_ATTENTION_EVENT mode=baseline phase=measure iteration=3 component=core_acc component_id=6 lut_exp=0 qo_len=16 kv_len=4096 n_heads=12 n_kv_heads=2 head_dim=128 kv_head=1 worker=3 block_r=0 block_c=1664 t0_us=3757988895 t1_us=3757988896 dur_us=0
FIG8_ATTENTION_EVENT mode=baseline phase=measure iteration=3 component=core_acc component_id=6 lut_exp=0 qo_len=16 kv_len=4096 n_heads=12 n_kv_heads=2 head_dim=128 kv_head=0 worker=2 block_r=0 block_c=1664 t0_us=3757988895 t1_us=3757988897 dur_us=1
FIG8_ATTENTION_EVENT mode=baseline phase=measure iteration=3 component=k_load component_id=2 lut_exp=0 qo_len=16 kv_len=4096 n_heads=12 n_kv_heads=2 head_dim=128 kv_head=1 worker=3 block_r=0 block_c=2496 t0_us=3757988896 t1_us=3757988913 dur_us=17
FIG8_ATTENTION_EVENT mode=baseline phase=measure iteration=3 component=qk_dot component_id=4 lut_exp=0 qo_len=16 kv_len=4096 n_heads=12 n_kv_heads=2 head_dim=128 kv_head=1 worker=3 block_r=0 block_c=2496 t0_us=3757988913 t1_us=3757988915 dur_us=1
FIG8_ATTENTION_EVENT mode=baseline phase=measure iteration=3 component=k_load component_id=2 lut_exp=0 qo_len=16 kv_len=4096 n_heads=12 n_kv_heads=2 head_dim=128 kv_head=0 worker=2 block_r=0 block_c=2496 t0_us=3757988897 t1_us=3757988915 dur_us=17
FIG8_ATTENTION_EVENT mode=baseline phase=measure iteration=3 component=qk_dot component_id=4 lut_exp=0 qo_len=16 kv_len=4096 n_heads=12 n_kv_heads=2 head_dim=128 kv_head=0 worker=2 block_r=0 block_c=2496 t0_us=3757988915 t1_us=3757988916 dur_us=1
FIG8_ATTENTION_EVENT mode=baseline phase=measure iteration=3 component=safe_sm component_id=5 lut_exp=0 qo_len=16 kv_len=4096 n_heads=12 n_kv_heads=2 head_dim=128 kv_head=1 worker=3 block_r=0 block_c=2496 t0_us=3757988915 t1_us=3757988989 dur_us=74
FIG8_ATTENTION_EVENT mode=baseline phase=measure iteration=3 component=safe_sm component_id=5 lut_exp=0 qo_len=16 kv_len=4096 n_heads=12 n_kv_heads=2 head_dim=128 kv_head=0 worker=2 block_r=0 block_c=2496 t0_us=3757988916 t1_us=3757988989 dur_us=73
FIG8_ATTENTION_EVENT mode=baseline phase=measure iteration=3 component=v_load component_id=3 lut_exp=0 qo_len=16 kv_len=4096 n_heads=12 n_kv_heads=2 head_dim=128 kv_head=0 worker=2 block_r=0 block_c=2496 t0_us=3757988989 t1_us=3757989001 dur_us=11
FIG8_ATTENTION_EVENT mode=baseline phase=measure iteration=3 component=v_load component_id=3 lut_exp=0 qo_len=16 kv_len=4096 n_heads=12 n_kv_heads=2 head_dim=128 kv_head=1 worker=3 block_r=0 block_c=2496 t0_us=3757988989 t1_us=3757989001 dur_us=12
FIG8_ATTENTION_EVENT mode=baseline phase=measure iteration=3 component=core_acc component_id=6 lut_exp=0 qo_len=16 kv_len=4096 n_heads=12 n_kv_heads=2 head_dim=128 kv_head=0 worker=2 block_r=0 block_c=2496 t0_us=3757989001 t1_us=3757989002 dur_us=0
FIG8_ATTENTION_EVENT mode=baseline phase=measure iteration=3 component=core_acc component_id=6 lut_exp=0 qo_len=16 kv_len=4096 n_heads=12 n_kv_heads=2 head_dim=128 kv_head=1 worker=3 block_r=0 block_c=2496 t0_us=3757989001 t1_us=3757989003 dur_us=2
FIG8_ATTENTION_EVENT mode=baseline phase=measure iteration=3 component=k_load component_id=2 lut_exp=0 qo_len=16 kv_len=4096 n_heads=12 n_kv_heads=2 head_dim=128 kv_head=0 worker=2 block_r=0 block_c=3328 t0_us=3757989002 t1_us=3757989022 dur_us=19
FIG8_ATTENTION_EVENT mode=baseline phase=measure iteration=3 component=qk_dot component_id=4 lut_exp=0 qo_len=16 kv_len=4096 n_heads=12 n_kv_heads=2 head_dim=128 kv_head=0 worker=2 block_r=0 block_c=3328 t0_us=3757989022 t1_us=3757989023 dur_us=0
FIG8_ATTENTION_EVENT mode=baseline phase=measure iteration=3 component=k_load component_id=2 lut_exp=0 qo_len=16 kv_len=4096 n_heads=12 n_kv_heads=2 head_dim=128 kv_head=1 worker=3 block_r=0 block_c=3328 t0_us=3757989004 t1_us=3757989023 dur_us=19
FIG8_ATTENTION_EVENT mode=baseline phase=measure iteration=3 component=qk_dot component_id=4 lut_exp=0 qo_len=16 kv_len=4096 n_heads=12 n_kv_heads=2 head_dim=128 kv_head=1 worker=3 block_r=0 block_c=3328 t0_us=3757989023 t1_us=3757989024 dur_us=0
FIG8_ATTENTION_EVENT mode=baseline phase=measure iteration=3 component=safe_sm component_id=5 lut_exp=0 qo_len=16 kv_len=4096 n_heads=12 n_kv_heads=2 head_dim=128 kv_head=0 worker=2 block_r=0 block_c=3328 t0_us=3757989023 t1_us=3757989090 dur_us=67
FIG8_ATTENTION_EVENT mode=baseline phase=measure iteration=3 component=safe_sm component_id=5 lut_exp=0 qo_len=16 kv_len=4096 n_heads=12 n_kv_heads=2 head_dim=128 kv_head=1 worker=3 block_r=0 block_c=3328 t0_us=3757989024 t1_us=3757989090 dur_us=66
FIG8_ATTENTION_EVENT mode=baseline phase=measure iteration=3 component=v_load component_id=3 lut_exp=0 qo_len=16 kv_len=4096 n_heads=12 n_kv_heads=2 head_dim=128 kv_head=1 worker=3 block_r=0 block_c=3328 t0_us=3757989090 t1_us=3757989099 dur_us=8
FIG8_ATTENTION_EVENT mode=baseline phase=measure iteration=3 component=v_load component_id=3 lut_exp=0 qo_len=16 kv_len=4096 n_heads=12 n_kv_heads=2 head_dim=128 kv_head=0 worker=2 block_r=0 block_c=3328 t0_us=3757989090 t1_us=3757989099 dur_us=8
FIG8_ATTENTION_EVENT mode=baseline phase=measure iteration=3 component=core_acc component_id=6 lut_exp=0 qo_len=16 kv_len=4096 n_heads=12 n_kv_heads=2 head_dim=128 kv_head=1 worker=3 block_r=0 block_c=3328 t0_us=3757989099 t1_us=3757989100 dur_us=0
FIG8_ATTENTION_EVENT mode=baseline phase=measure iteration=3 component=core_acc component_id=6 lut_exp=0 qo_len=16 kv_len=4096 n_heads=12 n_kv_heads=2 head_dim=128 kv_head=0 worker=2 block_r=0 block_c=3328 t0_us=3757989100 t1_us=3757989101 dur_us=1
FIG8_ATTENTION_EVENT mode=baseline phase=measure iteration=3 component=o_scale component_id=7 lut_exp=0 qo_len=16 kv_len=4096 n_heads=12 n_kv_heads=2 head_dim=128 kv_head=0 worker=2 block_r=0 block_c=-1 t0_us=3757989101 t1_us=3757989102 dur_us=0
FIG8_ATTENTION_EVENT mode=baseline phase=measure iteration=3 component=o_scale component_id=7 lut_exp=0 qo_len=16 kv_len=4096 n_heads=12 n_kv_heads=2 head_dim=128 kv_head=1 worker=3 block_r=0 block_c=-1 t0_us=3757989100 t1_us=3757989102 dur_us=1
FIG8_ATTENTION_EVENT mode=baseline phase=measure iteration=3 component=o_store component_id=8 lut_exp=0 qo_len=16 kv_len=4096 n_heads=12 n_kv_heads=2 head_dim=128 kv_head=0 worker=2 block_r=0 block_c=-1 t0_us=3757989102 t1_us=3757989109 dur_us=6
FIG8_ATTENTION_EVENT mode=baseline phase=measure iteration=3 component=o_store component_id=8 lut_exp=0 qo_len=16 kv_len=4096 n_heads=12 n_kv_heads=2 head_dim=128 kv_head=1 worker=3 block_r=0 block_c=-1 t0_us=3757989102 t1_us=3757989109 dur_us=6
FIG8_ATTENTION_HOST_TIMING mode=baseline qo_len=16 kv_len=4096 n_heads=12 n_kv_heads=2 head_dim=128 phase=measure iteration=4 host_elapsed_us=800 ret=0
FIG8_ATTENTION_PROFILE_COUNT mode=baseline qo_len=16 phase=measure iteration=4 records=2 max_records=10
FIG8_ATTENTION_TIMERS mode=baseline phase=measure iteration=4 lut_exp=0 qo_len=16 kv_len=4096 n_heads=12 n_kv_heads=2 head_dim=128 kv_head=1 worker=1 profiled_total=541 q_load=4 k_load=95 v_load=59 qk_dot=5 safe_sm=366 core_acc=5 o_scale=1 o_store=6
FIG8_ATTENTION_TIMERS mode=baseline phase=measure iteration=4 lut_exp=0 qo_len=16 kv_len=4096 n_heads=12 n_kv_heads=2 head_dim=128 kv_head=0 worker=5 profiled_total=544 q_load=4 k_load=95 v_load=62 qk_dot=7 safe_sm=360 core_acc=10 o_scale=0 o_store=6
FIG8_ATTENTION_EVENT_COUNT mode=baseline qo_len=16 phase=measure iteration=4 events=56 max_events=12512 overflow=0
FIG8_ATTENTION_EVENT mode=baseline phase=measure iteration=4 component=q_load component_id=1 lut_exp=0 qo_len=16 kv_len=4096 n_heads=12 n_kv_heads=2 head_dim=128 kv_head=0 worker=5 block_r=0 block_c=-1 t0_us=3757989679 t1_us=3757989684 dur_us=4
FIG8_ATTENTION_EVENT mode=baseline phase=measure iteration=4 component=q_load component_id=1 lut_exp=0 qo_len=16 kv_len=4096 n_heads=12 n_kv_heads=2 head_dim=128 kv_head=1 worker=1 block_r=0 block_c=-1 t0_us=3757989679 t1_us=3757989684 dur_us=4
FIG8_ATTENTION_EVENT mode=baseline phase=measure iteration=4 component=k_load component_id=2 lut_exp=0 qo_len=16 kv_len=4096 n_heads=12 n_kv_heads=2 head_dim=128 kv_head=1 worker=1 block_r=0 block_c=0 t0_us=3757989686 t1_us=3757989713 dur_us=26
FIG8_ATTENTION_EVENT mode=baseline phase=measure iteration=4 component=k_load component_id=2 lut_exp=0 qo_len=16 kv_len=4096 n_heads=12 n_kv_heads=2 head_dim=128 kv_head=0 worker=5 block_r=0 block_c=0 t0_us=3757989686 t1_us=3757989713 dur_us=26
FIG8_ATTENTION_EVENT mode=baseline phase=measure iteration=4 component=qk_dot component_id=4 lut_exp=0 qo_len=16 kv_len=4096 n_heads=12 n_kv_heads=2 head_dim=128 kv_head=1 worker=1 block_r=0 block_c=0 t0_us=3757989713 t1_us=3757989715 dur_us=1
FIG8_ATTENTION_EVENT mode=baseline phase=measure iteration=4 component=qk_dot component_id=4 lut_exp=0 qo_len=16 kv_len=4096 n_heads=12 n_kv_heads=2 head_dim=128 kv_head=0 worker=5 block_r=0 block_c=0 t0_us=3757989713 t1_us=3757989716 dur_us=2
FIG8_ATTENTION_EVENT mode=baseline phase=measure iteration=4 component=safe_sm component_id=5 lut_exp=0 qo_len=16 kv_len=4096 n_heads=12 n_kv_heads=2 head_dim=128 kv_head=0 worker=5 block_r=0 block_c=0 t0_us=3757989716 t1_us=3757989791 dur_us=74
FIG8_ATTENTION_EVENT mode=baseline phase=measure iteration=4 component=safe_sm component_id=5 lut_exp=0 qo_len=16 kv_len=4096 n_heads=12 n_kv_heads=2 head_dim=128 kv_head=1 worker=1 block_r=0 block_c=0 t0_us=3757989716 t1_us=3757989791 dur_us=75
FIG8_ATTENTION_EVENT mode=baseline phase=measure iteration=4 component=v_load component_id=3 lut_exp=0 qo_len=16 kv_len=4096 n_heads=12 n_kv_heads=2 head_dim=128 kv_head=1 worker=1 block_r=0 block_c=0 t0_us=3757989792 t1_us=3757989808 dur_us=16
FIG8_ATTENTION_EVENT mode=baseline phase=measure iteration=4 component=v_load component_id=3 lut_exp=0 qo_len=16 kv_len=4096 n_heads=12 n_kv_heads=2 head_dim=128 kv_head=0 worker=5 block_r=0 block_c=0 t0_us=3757989792 t1_us=3757989810 dur_us=17
FIG8_ATTENTION_EVENT mode=baseline phase=measure iteration=4 component=core_acc component_id=6 lut_exp=0 qo_len=16 kv_len=4096 n_heads=12 n_kv_heads=2 head_dim=128 kv_head=1 worker=1 block_r=0 block_c=0 t0_us=3757989809 t1_us=3757989812 dur_us=2
FIG8_ATTENTION_EVENT mode=baseline phase=measure iteration=4 component=core_acc component_id=6 lut_exp=0 qo_len=16 kv_len=4096 n_heads=12 n_kv_heads=2 head_dim=128 kv_head=0 worker=5 block_r=0 block_c=0 t0_us=3757989810 t1_us=3757989813 dur_us=3
FIG8_ATTENTION_EVENT mode=baseline phase=measure iteration=4 component=k_load component_id=2 lut_exp=0 qo_len=16 kv_len=4096 n_heads=12 n_kv_heads=2 head_dim=128 kv_head=1 worker=1 block_r=0 block_c=832 t0_us=3757989812 t1_us=3757989831 dur_us=18
FIG8_ATTENTION_EVENT mode=baseline phase=measure iteration=4 component=k_load component_id=2 lut_exp=0 qo_len=16 kv_len=4096 n_heads=12 n_kv_heads=2 head_dim=128 kv_head=0 worker=5 block_r=0 block_c=832 t0_us=3757989813 t1_us=3757989831 dur_us=18
FIG8_ATTENTION_EVENT mode=baseline phase=measure iteration=4 component=qk_dot component_id=4 lut_exp=0 qo_len=16 kv_len=4096 n_heads=12 n_kv_heads=2 head_dim=128 kv_head=1 worker=1 block_r=0 block_c=832 t0_us=3757989831 t1_us=3757989832 dur_us=1
FIG8_ATTENTION_EVENT mode=baseline phase=measure iteration=4 component=qk_dot component_id=4 lut_exp=0 qo_len=16 kv_len=4096 n_heads=12 n_kv_heads=2 head_dim=128 kv_head=0 worker=5 block_r=0 block_c=832 t0_us=3757989831 t1_us=3757989833 dur_us=1
FIG8_ATTENTION_EVENT mode=baseline phase=measure iteration=4 component=safe_sm component_id=5 lut_exp=0 qo_len=16 kv_len=4096 n_heads=12 n_kv_heads=2 head_dim=128 kv_head=1 worker=1 block_r=0 block_c=832 t0_us=3757989832 t1_us=3757989906 dur_us=74
FIG8_ATTENTION_EVENT mode=baseline phase=measure iteration=4 component=safe_sm component_id=5 lut_exp=0 qo_len=16 kv_len=4096 n_heads=12 n_kv_heads=2 head_dim=128 kv_head=0 worker=5 block_r=0 block_c=832 t0_us=3757989833 t1_us=3757989906 dur_us=72
FIG8_ATTENTION_EVENT mode=baseline phase=measure iteration=4 component=v_load component_id=3 lut_exp=0 qo_len=16 kv_len=4096 n_heads=12 n_kv_heads=2 head_dim=128 kv_head=1 worker=1 block_r=0 block_c=832 t0_us=3757989906 t1_us=3757989918 dur_us=11
FIG8_ATTENTION_EVENT mode=baseline phase=measure iteration=4 component=core_acc component_id=6 lut_exp=0 qo_len=16 kv_len=4096 n_heads=12 n_kv_heads=2 head_dim=128 kv_head=1 worker=1 block_r=0 block_c=832 t0_us=3757989918 t1_us=3757989919 dur_us=0
FIG8_ATTENTION_EVENT mode=baseline phase=measure iteration=4 component=v_load component_id=3 lut_exp=0 qo_len=16 kv_len=4096 n_heads=12 n_kv_heads=2 head_dim=128 kv_head=0 worker=5 block_r=0 block_c=832 t0_us=3757989906 t1_us=3757989919 dur_us=13
FIG8_ATTENTION_EVENT mode=baseline phase=measure iteration=4 component=core_acc component_id=6 lut_exp=0 qo_len=16 kv_len=4096 n_heads=12 n_kv_heads=2 head_dim=128 kv_head=0 worker=5 block_r=0 block_c=832 t0_us=3757989919 t1_us=3757989921 dur_us=1
FIG8_ATTENTION_EVENT mode=baseline phase=measure iteration=4 component=k_load component_id=2 lut_exp=0 qo_len=16 kv_len=4096 n_heads=12 n_kv_heads=2 head_dim=128 kv_head=1 worker=1 block_r=0 block_c=1664 t0_us=3757989919 t1_us=3757989936 dur_us=17
FIG8_ATTENTION_EVENT mode=baseline phase=measure iteration=4 component=qk_dot component_id=4 lut_exp=0 qo_len=16 kv_len=4096 n_heads=12 n_kv_heads=2 head_dim=128 kv_head=1 worker=1 block_r=0 block_c=1664 t0_us=3757989936 t1_us=3757989937 dur_us=1
FIG8_ATTENTION_EVENT mode=baseline phase=measure iteration=4 component=k_load component_id=2 lut_exp=0 qo_len=16 kv_len=4096 n_heads=12 n_kv_heads=2 head_dim=128 kv_head=0 worker=5 block_r=0 block_c=1664 t0_us=3757989921 t1_us=3757989938 dur_us=17
FIG8_ATTENTION_EVENT mode=baseline phase=measure iteration=4 component=qk_dot component_id=4 lut_exp=0 qo_len=16 kv_len=4096 n_heads=12 n_kv_heads=2 head_dim=128 kv_head=0 worker=5 block_r=0 block_c=1664 t0_us=3757989938 t1_us=3757989939 dur_us=1
FIG8_ATTENTION_EVENT mode=baseline phase=measure iteration=4 component=safe_sm component_id=5 lut_exp=0 qo_len=16 kv_len=4096 n_heads=12 n_kv_heads=2 head_dim=128 kv_head=1 worker=1 block_r=0 block_c=1664 t0_us=3757989937 t1_us=3757990012 dur_us=74
FIG8_ATTENTION_EVENT mode=baseline phase=measure iteration=4 component=safe_sm component_id=5 lut_exp=0 qo_len=16 kv_len=4096 n_heads=12 n_kv_heads=2 head_dim=128 kv_head=0 worker=5 block_r=0 block_c=1664 t0_us=3757989939 t1_us=3757990012 dur_us=72
FIG8_ATTENTION_EVENT mode=baseline phase=measure iteration=4 component=v_load component_id=3 lut_exp=0 qo_len=16 kv_len=4096 n_heads=12 n_kv_heads=2 head_dim=128 kv_head=1 worker=1 block_r=0 block_c=1664 t0_us=3757990012 t1_us=3757990023 dur_us=11
FIG8_ATTENTION_EVENT mode=baseline phase=measure iteration=4 component=v_load component_id=3 lut_exp=0 qo_len=16 kv_len=4096 n_heads=12 n_kv_heads=2 head_dim=128 kv_head=0 worker=5 block_r=0 block_c=1664 t0_us=3757990012 t1_us=3757990023 dur_us=11
FIG8_ATTENTION_EVENT mode=baseline phase=measure iteration=4 component=core_acc component_id=6 lut_exp=0 qo_len=16 kv_len=4096 n_heads=12 n_kv_heads=2 head_dim=128 kv_head=1 worker=1 block_r=0 block_c=1664 t0_us=3757990023 t1_us=3757990024 dur_us=0
FIG8_ATTENTION_EVENT mode=baseline phase=measure iteration=4 component=core_acc component_id=6 lut_exp=0 qo_len=16 kv_len=4096 n_heads=12 n_kv_heads=2 head_dim=128 kv_head=0 worker=5 block_r=0 block_c=1664 t0_us=3757990023 t1_us=3757990025 dur_us=2
FIG8_ATTENTION_EVENT mode=baseline phase=measure iteration=4 component=k_load component_id=2 lut_exp=0 qo_len=16 kv_len=4096 n_heads=12 n_kv_heads=2 head_dim=128 kv_head=1 worker=1 block_r=0 block_c=2496 t0_us=3757990024 t1_us=3757990042 dur_us=17
FIG8_ATTENTION_EVENT mode=baseline phase=measure iteration=4 component=qk_dot component_id=4 lut_exp=0 qo_len=16 kv_len=4096 n_heads=12 n_kv_heads=2 head_dim=128 kv_head=1 worker=1 block_r=0 block_c=2496 t0_us=3757990042 t1_us=3757990043 dur_us=1
FIG8_ATTENTION_EVENT mode=baseline phase=measure iteration=4 component=k_load component_id=2 lut_exp=0 qo_len=16 kv_len=4096 n_heads=12 n_kv_heads=2 head_dim=128 kv_head=0 worker=5 block_r=0 block_c=2496 t0_us=3757990025 t1_us=3757990043 dur_us=17
FIG8_ATTENTION_EVENT mode=baseline phase=measure iteration=4 component=qk_dot component_id=4 lut_exp=0 qo_len=16 kv_len=4096 n_heads=12 n_kv_heads=2 head_dim=128 kv_head=0 worker=5 block_r=0 block_c=2496 t0_us=3757990043 t1_us=3757990044 dur_us=1
FIG8_ATTENTION_EVENT mode=baseline phase=measure iteration=4 component=safe_sm component_id=5 lut_exp=0 qo_len=16 kv_len=4096 n_heads=12 n_kv_heads=2 head_dim=128 kv_head=1 worker=1 block_r=0 block_c=2496 t0_us=3757990043 t1_us=3757990118 dur_us=74
FIG8_ATTENTION_EVENT mode=baseline phase=measure iteration=4 component=safe_sm component_id=5 lut_exp=0 qo_len=16 kv_len=4096 n_heads=12 n_kv_heads=2 head_dim=128 kv_head=0 worker=5 block_r=0 block_c=2496 t0_us=3757990044 t1_us=3757990118 dur_us=73
FIG8_ATTENTION_EVENT mode=baseline phase=measure iteration=4 component=v_load component_id=3 lut_exp=0 qo_len=16 kv_len=4096 n_heads=12 n_kv_heads=2 head_dim=128 kv_head=1 worker=1 block_r=0 block_c=2496 t0_us=3757990118 t1_us=3757990129 dur_us=11
FIG8_ATTENTION_EVENT mode=baseline phase=measure iteration=4 component=v_load component_id=3 lut_exp=0 qo_len=16 kv_len=4096 n_heads=12 n_kv_heads=2 head_dim=128 kv_head=0 worker=5 block_r=0 block_c=2496 t0_us=3757990118 t1_us=3757990129 dur_us=11
FIG8_ATTENTION_EVENT mode=baseline phase=measure iteration=4 component=core_acc component_id=6 lut_exp=0 qo_len=16 kv_len=4096 n_heads=12 n_kv_heads=2 head_dim=128 kv_head=1 worker=1 block_r=0 block_c=2496 t0_us=3757990129 t1_us=3757990130 dur_us=0
FIG8_ATTENTION_EVENT mode=baseline phase=measure iteration=4 component=core_acc component_id=6 lut_exp=0 qo_len=16 kv_len=4096 n_heads=12 n_kv_heads=2 head_dim=128 kv_head=0 worker=5 block_r=0 block_c=2496 t0_us=3757990129 t1_us=3757990131 dur_us=2
FIG8_ATTENTION_EVENT mode=baseline phase=measure iteration=4 component=k_load component_id=2 lut_exp=0 qo_len=16 kv_len=4096 n_heads=12 n_kv_heads=2 head_dim=128 kv_head=1 worker=1 block_r=0 block_c=3328 t0_us=3757990130 t1_us=3757990146 dur_us=15
FIG8_ATTENTION_EVENT mode=baseline phase=measure iteration=4 component=qk_dot component_id=4 lut_exp=0 qo_len=16 kv_len=4096 n_heads=12 n_kv_heads=2 head_dim=128 kv_head=1 worker=1 block_r=0 block_c=3328 t0_us=3757990146 t1_us=3757990147 dur_us=0
FIG8_ATTENTION_EVENT mode=baseline phase=measure iteration=4 component=k_load component_id=2 lut_exp=0 qo_len=16 kv_len=4096 n_heads=12 n_kv_heads=2 head_dim=128 kv_head=0 worker=5 block_r=0 block_c=3328 t0_us=3757990132 t1_us=3757990148 dur_us=15
FIG8_ATTENTION_EVENT mode=baseline phase=measure iteration=4 component=qk_dot component_id=4 lut_exp=0 qo_len=16 kv_len=4096 n_heads=12 n_kv_heads=2 head_dim=128 kv_head=0 worker=5 block_r=0 block_c=3328 t0_us=3757990148 t1_us=3757990149 dur_us=1
FIG8_ATTENTION_EVENT mode=baseline phase=measure iteration=4 component=safe_sm component_id=5 lut_exp=0 qo_len=16 kv_len=4096 n_heads=12 n_kv_heads=2 head_dim=128 kv_head=1 worker=1 block_r=0 block_c=3328 t0_us=3757990147 t1_us=3757990215 dur_us=67
FIG8_ATTENTION_EVENT mode=baseline phase=measure iteration=4 component=safe_sm component_id=5 lut_exp=0 qo_len=16 kv_len=4096 n_heads=12 n_kv_heads=2 head_dim=128 kv_head=0 worker=5 block_r=0 block_c=3328 t0_us=3757990149 t1_us=3757990215 dur_us=66
FIG8_ATTENTION_EVENT mode=baseline phase=measure iteration=4 component=v_load component_id=3 lut_exp=0 qo_len=16 kv_len=4096 n_heads=12 n_kv_heads=2 head_dim=128 kv_head=1 worker=1 block_r=0 block_c=3328 t0_us=3757990215 t1_us=3757990224 dur_us=9
FIG8_ATTENTION_EVENT mode=baseline phase=measure iteration=4 component=v_load component_id=3 lut_exp=0 qo_len=16 kv_len=4096 n_heads=12 n_kv_heads=2 head_dim=128 kv_head=0 worker=5 block_r=0 block_c=3328 t0_us=3757990215 t1_us=3757990224 dur_us=8
FIG8_ATTENTION_EVENT mode=baseline phase=measure iteration=4 component=core_acc component_id=6 lut_exp=0 qo_len=16 kv_len=4096 n_heads=12 n_kv_heads=2 head_dim=128 kv_head=1 worker=1 block_r=0 block_c=3328 t0_us=3757990224 t1_us=3757990225 dur_us=0
FIG8_ATTENTION_EVENT mode=baseline phase=measure iteration=4 component=core_acc component_id=6 lut_exp=0 qo_len=16 kv_len=4096 n_heads=12 n_kv_heads=2 head_dim=128 kv_head=0 worker=5 block_r=0 block_c=3328 t0_us=3757990224 t1_us=3757990226 dur_us=1
FIG8_ATTENTION_EVENT mode=baseline phase=measure iteration=4 component=o_scale component_id=7 lut_exp=0 qo_len=16 kv_len=4096 n_heads=12 n_kv_heads=2 head_dim=128 kv_head=0 worker=5 block_r=0 block_c=-1 t0_us=3757990226 t1_us=3757990227 dur_us=0
FIG8_ATTENTION_EVENT mode=baseline phase=measure iteration=4 component=o_scale component_id=7 lut_exp=0 qo_len=16 kv_len=4096 n_heads=12 n_kv_heads=2 head_dim=128 kv_head=1 worker=1 block_r=0 block_c=-1 t0_us=3757990225 t1_us=3757990227 dur_us=1
FIG8_ATTENTION_EVENT mode=baseline phase=measure iteration=4 component=o_store component_id=8 lut_exp=0 qo_len=16 kv_len=4096 n_heads=12 n_kv_heads=2 head_dim=128 kv_head=0 worker=5 block_r=0 block_c=-1 t0_us=3757990227 t1_us=3757990233 dur_us=6
FIG8_ATTENTION_EVENT mode=baseline phase=measure iteration=4 component=o_store component_id=8 lut_exp=0 qo_len=16 kv_len=4096 n_heads=12 n_kv_heads=2 head_dim=128 kv_head=1 worker=1 block_r=0 block_c=-1 t0_us=3757990227 t1_us=3757990233 dur_us=6
FIG8_ATTENTION_HOST_TIMING mode=baseline qo_len=16 kv_len=4096 n_heads=12 n_kv_heads=2 head_dim=128 phase=measure iteration=5 host_elapsed_us=792 ret=0
FIG8_ATTENTION_PROFILE_COUNT mode=baseline qo_len=16 phase=measure iteration=5 records=2 max_records=10
FIG8_ATTENTION_TIMERS mode=baseline phase=measure iteration=5 lut_exp=0 qo_len=16 kv_len=4096 n_heads=12 n_kv_heads=2 head_dim=128 kv_head=1 worker=0 profiled_total=538 q_load=4 k_load=92 v_load=60 qk_dot=6 safe_sm=363 core_acc=7 o_scale=0 o_store=6
FIG8_ATTENTION_TIMERS mode=baseline phase=measure iteration=5 lut_exp=0 qo_len=16 kv_len=4096 n_heads=12 n_kv_heads=2 head_dim=128 kv_head=0 worker=2 profiled_total=538 q_load=4 k_load=92 v_load=61 qk_dot=8 safe_sm=359 core_acc=7 o_scale=1 o_store=6
FIG8_ATTENTION_EVENT_COUNT mode=baseline qo_len=16 phase=measure iteration=5 events=56 max_events=12512 overflow=0
FIG8_ATTENTION_EVENT mode=baseline phase=measure iteration=5 component=q_load component_id=1 lut_exp=0 qo_len=16 kv_len=4096 n_heads=12 n_kv_heads=2 head_dim=128 kv_head=0 worker=2 block_r=0 block_c=-1 t0_us=3757990671 t1_us=3757990676 dur_us=4
FIG8_ATTENTION_EVENT mode=baseline phase=measure iteration=5 component=q_load component_id=1 lut_exp=0 qo_len=16 kv_len=4096 n_heads=12 n_kv_heads=2 head_dim=128 kv_head=1 worker=0 block_r=0 block_c=-1 t0_us=3757990671 t1_us=3757990676 dur_us=4
FIG8_ATTENTION_EVENT mode=baseline phase=measure iteration=5 component=k_load component_id=2 lut_exp=0 qo_len=16 kv_len=4096 n_heads=12 n_kv_heads=2 head_dim=128 kv_head=1 worker=0 block_r=0 block_c=0 t0_us=3757990678 t1_us=3757990698 dur_us=20
FIG8_ATTENTION_EVENT mode=baseline phase=measure iteration=5 component=k_load component_id=2 lut_exp=0 qo_len=16 kv_len=4096 n_heads=12 n_kv_heads=2 head_dim=128 kv_head=0 worker=2 block_r=0 block_c=0 t0_us=3757990678 t1_us=3757990698 dur_us=20
FIG8_ATTENTION_EVENT mode=baseline phase=measure iteration=5 component=qk_dot component_id=4 lut_exp=0 qo_len=16 kv_len=4096 n_heads=12 n_kv_heads=2 head_dim=128 kv_head=1 worker=0 block_r=0 block_c=0 t0_us=3757990699 t1_us=3757990701 dur_us=1
FIG8_ATTENTION_EVENT mode=baseline phase=measure iteration=5 component=qk_dot component_id=4 lut_exp=0 qo_len=16 kv_len=4096 n_heads=12 n_kv_heads=2 head_dim=128 kv_head=0 worker=2 block_r=0 block_c=0 t0_us=3757990699 t1_us=3757990702 dur_us=2
FIG8_ATTENTION_EVENT mode=baseline phase=measure iteration=5 component=safe_sm component_id=5 lut_exp=0 qo_len=16 kv_len=4096 n_heads=12 n_kv_heads=2 head_dim=128 kv_head=0 worker=2 block_r=0 block_c=0 t0_us=3757990702 t1_us=3757990776 dur_us=73
FIG8_ATTENTION_EVENT mode=baseline phase=measure iteration=5 component=safe_sm component_id=5 lut_exp=0 qo_len=16 kv_len=4096 n_heads=12 n_kv_heads=2 head_dim=128 kv_head=1 worker=0 block_r=0 block_c=0 t0_us=3757990701 t1_us=3757990776 dur_us=74
FIG8_ATTENTION_EVENT mode=baseline phase=measure iteration=5 component=v_load component_id=3 lut_exp=0 qo_len=16 kv_len=4096 n_heads=12 n_kv_heads=2 head_dim=128 kv_head=1 worker=0 block_r=0 block_c=0 t0_us=3757990776 t1_us=3757990792 dur_us=15
FIG8_ATTENTION_EVENT mode=baseline phase=measure iteration=5 component=v_load component_id=3 lut_exp=0 qo_len=16 kv_len=4096 n_heads=12 n_kv_heads=2 head_dim=128 kv_head=0 worker=2 block_r=0 block_c=0 t0_us=3757990776 t1_us=3757990793 dur_us=16
FIG8_ATTENTION_EVENT mode=baseline phase=measure iteration=5 component=core_acc component_id=6 lut_exp=0 qo_len=16 kv_len=4096 n_heads=12 n_kv_heads=2 head_dim=128 kv_head=1 worker=0 block_r=0 block_c=0 t0_us=3757990793 t1_us=3757990795 dur_us=2
FIG8_ATTENTION_EVENT mode=baseline phase=measure iteration=5 component=core_acc component_id=6 lut_exp=0 qo_len=16 kv_len=4096 n_heads=12 n_kv_heads=2 head_dim=128 kv_head=0 worker=2 block_r=0 block_c=0 t0_us=3757990793 t1_us=3757990797 dur_us=3
FIG8_ATTENTION_EVENT mode=baseline phase=measure iteration=5 component=k_load component_id=2 lut_exp=0 qo_len=16 kv_len=4096 n_heads=12 n_kv_heads=2 head_dim=128 kv_head=1 worker=0 block_r=0 block_c=832 t0_us=3757990796 t1_us=3757990814 dur_us=18
FIG8_ATTENTION_EVENT mode=baseline phase=measure iteration=5 component=k_load component_id=2 lut_exp=0 qo_len=16 kv_len=4096 n_heads=12 n_kv_heads=2 head_dim=128 kv_head=0 worker=2 block_r=0 block_c=832 t0_us=3757990797 t1_us=3757990815 dur_us=18
FIG8_ATTENTION_EVENT mode=baseline phase=measure iteration=5 component=qk_dot component_id=4 lut_exp=0 qo_len=16 kv_len=4096 n_heads=12 n_kv_heads=2 head_dim=128 kv_head=1 worker=0 block_r=0 block_c=832 t0_us=3757990814 t1_us=3757990815 dur_us=1
FIG8_ATTENTION_EVENT mode=baseline phase=measure iteration=5 component=qk_dot component_id=4 lut_exp=0 qo_len=16 kv_len=4096 n_heads=12 n_kv_heads=2 head_dim=128 kv_head=0 worker=2 block_r=0 block_c=832 t0_us=3757990815 t1_us=3757990817 dur_us=1
FIG8_ATTENTION_EVENT mode=baseline phase=measure iteration=5 component=safe_sm component_id=5 lut_exp=0 qo_len=16 kv_len=4096 n_heads=12 n_kv_heads=2 head_dim=128 kv_head=1 worker=0 block_r=0 block_c=832 t0_us=3757990815 t1_us=3757990888 dur_us=72
FIG8_ATTENTION_EVENT mode=baseline phase=measure iteration=5 component=safe_sm component_id=5 lut_exp=0 qo_len=16 kv_len=4096 n_heads=12 n_kv_heads=2 head_dim=128 kv_head=0 worker=2 block_r=0 block_c=832 t0_us=3757990817 t1_us=3757990888 dur_us=70
FIG8_ATTENTION_EVENT mode=baseline phase=measure iteration=5 component=v_load component_id=3 lut_exp=0 qo_len=16 kv_len=4096 n_heads=12 n_kv_heads=2 head_dim=128 kv_head=1 worker=0 block_r=0 block_c=832 t0_us=3757990888 t1_us=3757990900 dur_us=12
FIG8_ATTENTION_EVENT mode=baseline phase=measure iteration=5 component=v_load component_id=3 lut_exp=0 qo_len=16 kv_len=4096 n_heads=12 n_kv_heads=2 head_dim=128 kv_head=0 worker=2 block_r=0 block_c=832 t0_us=3757990888 t1_us=3757990901 dur_us=12
FIG8_ATTENTION_EVENT mode=baseline phase=measure iteration=5 component=core_acc component_id=6 lut_exp=0 qo_len=16 kv_len=4096 n_heads=12 n_kv_heads=2 head_dim=128 kv_head=1 worker=0 block_r=0 block_c=832 t0_us=3757990900 t1_us=3757990901 dur_us=0
FIG8_ATTENTION_EVENT mode=baseline phase=measure iteration=5 component=core_acc component_id=6 lut_exp=0 qo_len=16 kv_len=4096 n_heads=12 n_kv_heads=2 head_dim=128 kv_head=0 worker=2 block_r=0 block_c=832 t0_us=3757990901 t1_us=3757990902 dur_us=1
FIG8_ATTENTION_EVENT mode=baseline phase=measure iteration=5 component=k_load component_id=2 lut_exp=0 qo_len=16 kv_len=4096 n_heads=12 n_kv_heads=2 head_dim=128 kv_head=1 worker=0 block_r=0 block_c=1664 t0_us=3757990901 t1_us=3757990921 dur_us=20
FIG8_ATTENTION_EVENT mode=baseline phase=measure iteration=5 component=qk_dot component_id=4 lut_exp=0 qo_len=16 kv_len=4096 n_heads=12 n_kv_heads=2 head_dim=128 kv_head=1 worker=0 block_r=0 block_c=1664 t0_us=3757990921 t1_us=3757990922 dur_us=1
FIG8_ATTENTION_EVENT mode=baseline phase=measure iteration=5 component=k_load component_id=2 lut_exp=0 qo_len=16 kv_len=4096 n_heads=12 n_kv_heads=2 head_dim=128 kv_head=0 worker=2 block_r=0 block_c=1664 t0_us=3757990902 t1_us=3757990923 dur_us=20
FIG8_ATTENTION_EVENT mode=baseline phase=measure iteration=5 component=qk_dot component_id=4 lut_exp=0 qo_len=16 kv_len=4096 n_heads=12 n_kv_heads=2 head_dim=128 kv_head=0 worker=2 block_r=0 block_c=1664 t0_us=3757990923 t1_us=3757990924 dur_us=1
FIG8_ATTENTION_EVENT mode=baseline phase=measure iteration=5 component=safe_sm component_id=5 lut_exp=0 qo_len=16 kv_len=4096 n_heads=12 n_kv_heads=2 head_dim=128 kv_head=1 worker=0 block_r=0 block_c=1664 t0_us=3757990922 t1_us=3757990997 dur_us=74
FIG8_ATTENTION_EVENT mode=baseline phase=measure iteration=5 component=safe_sm component_id=5 lut_exp=0 qo_len=16 kv_len=4096 n_heads=12 n_kv_heads=2 head_dim=128 kv_head=0 worker=2 block_r=0 block_c=1664 t0_us=3757990924 t1_us=3757990997 dur_us=72
FIG8_ATTENTION_EVENT mode=baseline phase=measure iteration=5 component=v_load component_id=3 lut_exp=0 qo_len=16 kv_len=4096 n_heads=12 n_kv_heads=2 head_dim=128 kv_head=1 worker=0 block_r=0 block_c=1664 t0_us=3757990997 t1_us=3757991008 dur_us=11
FIG8_ATTENTION_EVENT mode=baseline phase=measure iteration=5 component=core_acc component_id=6 lut_exp=0 qo_len=16 kv_len=4096 n_heads=12 n_kv_heads=2 head_dim=128 kv_head=1 worker=0 block_r=0 block_c=1664 t0_us=3757991008 t1_us=3757991009 dur_us=0
FIG8_ATTENTION_EVENT mode=baseline phase=measure iteration=5 component=v_load component_id=3 lut_exp=0 qo_len=16 kv_len=4096 n_heads=12 n_kv_heads=2 head_dim=128 kv_head=0 worker=2 block_r=0 block_c=1664 t0_us=3757990997 t1_us=3757991009 dur_us=11
FIG8_ATTENTION_EVENT mode=baseline phase=measure iteration=5 component=core_acc component_id=6 lut_exp=0 qo_len=16 kv_len=4096 n_heads=12 n_kv_heads=2 head_dim=128 kv_head=0 worker=2 block_r=0 block_c=1664 t0_us=3757991009 t1_us=3757991010 dur_us=1
FIG8_ATTENTION_EVENT mode=baseline phase=measure iteration=5 component=k_load component_id=2 lut_exp=0 qo_len=16 kv_len=4096 n_heads=12 n_kv_heads=2 head_dim=128 kv_head=1 worker=0 block_r=0 block_c=2496 t0_us=3757991009 t1_us=3757991026 dur_us=17
FIG8_ATTENTION_EVENT mode=baseline phase=measure iteration=5 component=k_load component_id=2 lut_exp=0 qo_len=16 kv_len=4096 n_heads=12 n_kv_heads=2 head_dim=128 kv_head=0 worker=2 block_r=0 block_c=2496 t0_us=3757991010 t1_us=3757991027 dur_us=17
FIG8_ATTENTION_EVENT mode=baseline phase=measure iteration=5 component=qk_dot component_id=4 lut_exp=0 qo_len=16 kv_len=4096 n_heads=12 n_kv_heads=2 head_dim=128 kv_head=1 worker=0 block_r=0 block_c=2496 t0_us=3757991027 t1_us=3757991028 dur_us=1
FIG8_ATTENTION_EVENT mode=baseline phase=measure iteration=5 component=qk_dot component_id=4 lut_exp=0 qo_len=16 kv_len=4096 n_heads=12 n_kv_heads=2 head_dim=128 kv_head=0 worker=2 block_r=0 block_c=2496 t0_us=3757991027 t1_us=3757991029 dur_us=1
FIG8_ATTENTION_EVENT mode=baseline phase=measure iteration=5 component=safe_sm component_id=5 lut_exp=0 qo_len=16 kv_len=4096 n_heads=12 n_kv_heads=2 head_dim=128 kv_head=1 worker=0 block_r=0 block_c=2496 t0_us=3757991028 t1_us=3757991102 dur_us=74
FIG8_ATTENTION_EVENT mode=baseline phase=measure iteration=5 component=safe_sm component_id=5 lut_exp=0 qo_len=16 kv_len=4096 n_heads=12 n_kv_heads=2 head_dim=128 kv_head=0 worker=2 block_r=0 block_c=2496 t0_us=3757991029 t1_us=3757991102 dur_us=73
FIG8_ATTENTION_EVENT mode=baseline phase=measure iteration=5 component=v_load component_id=3 lut_exp=0 qo_len=16 kv_len=4096 n_heads=12 n_kv_heads=2 head_dim=128 kv_head=0 worker=2 block_r=0 block_c=2496 t0_us=3757991102 t1_us=3757991114 dur_us=11
FIG8_ATTENTION_EVENT mode=baseline phase=measure iteration=5 component=v_load component_id=3 lut_exp=0 qo_len=16 kv_len=4096 n_heads=12 n_kv_heads=2 head_dim=128 kv_head=1 worker=0 block_r=0 block_c=2496 t0_us=3757991102 t1_us=3757991114 dur_us=11
FIG8_ATTENTION_EVENT mode=baseline phase=measure iteration=5 component=core_acc component_id=6 lut_exp=0 qo_len=16 kv_len=4096 n_heads=12 n_kv_heads=2 head_dim=128 kv_head=0 worker=2 block_r=0 block_c=2496 t0_us=3757991114 t1_us=3757991115 dur_us=0
FIG8_ATTENTION_EVENT mode=baseline phase=measure iteration=5 component=core_acc component_id=6 lut_exp=0 qo_len=16 kv_len=4096 n_heads=12 n_kv_heads=2 head_dim=128 kv_head=1 worker=0 block_r=0 block_c=2496 t0_us=3757991114 t1_us=3757991116 dur_us=2
FIG8_ATTENTION_EVENT mode=baseline phase=measure iteration=5 component=k_load component_id=2 lut_exp=0 qo_len=16 kv_len=4096 n_heads=12 n_kv_heads=2 head_dim=128 kv_head=0 worker=2 block_r=0 block_c=3328 t0_us=3757991115 t1_us=3757991131 dur_us=16
FIG8_ATTENTION_EVENT mode=baseline phase=measure iteration=5 component=k_load component_id=2 lut_exp=0 qo_len=16 kv_len=4096 n_heads=12 n_kv_heads=2 head_dim=128 kv_head=1 worker=0 block_r=0 block_c=3328 t0_us=3757991116 t1_us=3757991132 dur_us=15
FIG8_ATTENTION_EVENT mode=baseline phase=measure iteration=5 component=qk_dot component_id=4 lut_exp=0 qo_len=16 kv_len=4096 n_heads=12 n_kv_heads=2 head_dim=128 kv_head=0 worker=2 block_r=0 block_c=3328 t0_us=3757991131 t1_us=3757991132 dur_us=1
FIG8_ATTENTION_EVENT mode=baseline phase=measure iteration=5 component=qk_dot component_id=4 lut_exp=0 qo_len=16 kv_len=4096 n_heads=12 n_kv_heads=2 head_dim=128 kv_head=1 worker=0 block_r=0 block_c=3328 t0_us=3757991132 t1_us=3757991133 dur_us=1
FIG8_ATTENTION_EVENT mode=baseline phase=measure iteration=5 component=safe_sm component_id=5 lut_exp=0 qo_len=16 kv_len=4096 n_heads=12 n_kv_heads=2 head_dim=128 kv_head=0 worker=2 block_r=0 block_c=3328 t0_us=3757991132 t1_us=3757991202 dur_us=69
FIG8_ATTENTION_EVENT mode=baseline phase=measure iteration=5 component=safe_sm component_id=5 lut_exp=0 qo_len=16 kv_len=4096 n_heads=12 n_kv_heads=2 head_dim=128 kv_head=1 worker=0 block_r=0 block_c=3328 t0_us=3757991134 t1_us=3757991202 dur_us=67
FIG8_ATTENTION_EVENT mode=baseline phase=measure iteration=5 component=v_load component_id=3 lut_exp=0 qo_len=16 kv_len=4096 n_heads=12 n_kv_heads=2 head_dim=128 kv_head=0 worker=2 block_r=0 block_c=3328 t0_us=3757991202 t1_us=3757991210 dur_us=8
FIG8_ATTENTION_EVENT mode=baseline phase=measure iteration=5 component=v_load component_id=3 lut_exp=0 qo_len=16 kv_len=4096 n_heads=12 n_kv_heads=2 head_dim=128 kv_head=1 worker=0 block_r=0 block_c=3328 t0_us=3757991202 t1_us=3757991211 dur_us=9
FIG8_ATTENTION_EVENT mode=baseline phase=measure iteration=5 component=core_acc component_id=6 lut_exp=0 qo_len=16 kv_len=4096 n_heads=12 n_kv_heads=2 head_dim=128 kv_head=0 worker=2 block_r=0 block_c=3328 t0_us=3757991211 t1_us=3757991211 dur_us=0
FIG8_ATTENTION_EVENT mode=baseline phase=measure iteration=5 component=core_acc component_id=6 lut_exp=0 qo_len=16 kv_len=4096 n_heads=12 n_kv_heads=2 head_dim=128 kv_head=1 worker=0 block_r=0 block_c=3328 t0_us=3757991211 t1_us=3757991212 dur_us=1
FIG8_ATTENTION_EVENT mode=baseline phase=measure iteration=5 component=o_scale component_id=7 lut_exp=0 qo_len=16 kv_len=4096 n_heads=12 n_kv_heads=2 head_dim=128 kv_head=0 worker=2 block_r=0 block_c=-1 t0_us=3757991211 t1_us=3757991213 dur_us=1
FIG8_ATTENTION_EVENT mode=baseline phase=measure iteration=5 component=o_scale component_id=7 lut_exp=0 qo_len=16 kv_len=4096 n_heads=12 n_kv_heads=2 head_dim=128 kv_head=1 worker=0 block_r=0 block_c=-1 t0_us=3757991213 t1_us=3757991213 dur_us=0
FIG8_ATTENTION_EVENT mode=baseline phase=measure iteration=5 component=o_store component_id=8 lut_exp=0 qo_len=16 kv_len=4096 n_heads=12 n_kv_heads=2 head_dim=128 kv_head=0 worker=2 block_r=0 block_c=-1 t0_us=3757991214 t1_us=3757991220 dur_us=6
FIG8_ATTENTION_EVENT mode=baseline phase=measure iteration=5 component=o_store component_id=8 lut_exp=0 qo_len=16 kv_len=4096 n_heads=12 n_kv_heads=2 head_dim=128 kv_head=1 worker=0 block_r=0 block_c=-1 t0_us=3757991214 t1_us=3757991220 dur_us=6
FIG8_ATTENTION_HOST_TIMING mode=baseline qo_len=16 kv_len=4096 n_heads=12 n_kv_heads=2 head_dim=128 phase=measure iteration=6 host_elapsed_us=896 ret=0
FIG8_ATTENTION_PROFILE_COUNT mode=baseline qo_len=16 phase=measure iteration=6 records=2 max_records=10
FIG8_ATTENTION_TIMERS mode=baseline phase=measure iteration=6 lut_exp=0 qo_len=16 kv_len=4096 n_heads=12 n_kv_heads=2 head_dim=128 kv_head=0 worker=1 profiled_total=543 q_load=4 k_load=100 v_load=62 qk_dot=7 safe_sm=354 core_acc=9 o_scale=1 o_store=6
FIG8_ATTENTION_TIMERS mode=baseline phase=measure iteration=6 lut_exp=0 qo_len=16 kv_len=4096 n_heads=12 n_kv_heads=2 head_dim=128 kv_head=1 worker=3 profiled_total=544 q_load=4 k_load=100 v_load=61 qk_dot=6 safe_sm=362 core_acc=5 o_scale=0 o_store=6
FIG8_ATTENTION_EVENT_COUNT mode=baseline qo_len=16 phase=measure iteration=6 events=56 max_events=12512 overflow=0
FIG8_ATTENTION_EVENT mode=baseline phase=measure iteration=6 component=q_load component_id=1 lut_exp=0 qo_len=16 kv_len=4096 n_heads=12 n_kv_heads=2 head_dim=128 kv_head=0 worker=1 block_r=0 block_c=-1 t0_us=3757991682 t1_us=3757991687 dur_us=4
FIG8_ATTENTION_EVENT mode=baseline phase=measure iteration=6 component=q_load component_id=1 lut_exp=0 qo_len=16 kv_len=4096 n_heads=12 n_kv_heads=2 head_dim=128 kv_head=1 worker=3 block_r=0 block_c=-1 t0_us=3757991682 t1_us=3757991687 dur_us=4
FIG8_ATTENTION_EVENT mode=baseline phase=measure iteration=6 component=k_load component_id=2 lut_exp=0 qo_len=16 kv_len=4096 n_heads=12 n_kv_heads=2 head_dim=128 kv_head=1 worker=3 block_r=0 block_c=0 t0_us=3757991689 t1_us=3757991710 dur_us=20
FIG8_ATTENTION_EVENT mode=baseline phase=measure iteration=6 component=k_load component_id=2 lut_exp=0 qo_len=16 kv_len=4096 n_heads=12 n_kv_heads=2 head_dim=128 kv_head=0 worker=1 block_r=0 block_c=0 t0_us=3757991689 t1_us=3757991710 dur_us=20
FIG8_ATTENTION_EVENT mode=baseline phase=measure iteration=6 component=qk_dot component_id=4 lut_exp=0 qo_len=16 kv_len=4096 n_heads=12 n_kv_heads=2 head_dim=128 kv_head=1 worker=3 block_r=0 block_c=0 t0_us=3757991711 t1_us=3757991712 dur_us=1
FIG8_ATTENTION_EVENT mode=baseline phase=measure iteration=6 component=qk_dot component_id=4 lut_exp=0 qo_len=16 kv_len=4096 n_heads=12 n_kv_heads=2 head_dim=128 kv_head=0 worker=1 block_r=0 block_c=0 t0_us=3757991711 t1_us=3757991714 dur_us=2
FIG8_ATTENTION_EVENT mode=baseline phase=measure iteration=6 component=safe_sm component_id=5 lut_exp=0 qo_len=16 kv_len=4096 n_heads=12 n_kv_heads=2 head_dim=128 kv_head=1 worker=3 block_r=0 block_c=0 t0_us=3757991713 t1_us=3757991789 dur_us=75
FIG8_ATTENTION_EVENT mode=baseline phase=measure iteration=6 component=safe_sm component_id=5 lut_exp=0 qo_len=16 kv_len=4096 n_heads=12 n_kv_heads=2 head_dim=128 kv_head=0 worker=1 block_r=0 block_c=0 t0_us=3757991714 t1_us=3757991789 dur_us=75
FIG8_ATTENTION_EVENT mode=baseline phase=measure iteration=6 component=v_load component_id=3 lut_exp=0 qo_len=16 kv_len=4096 n_heads=12 n_kv_heads=2 head_dim=128 kv_head=1 worker=3 block_r=0 block_c=0 t0_us=3757991790 t1_us=3757991806 dur_us=16
FIG8_ATTENTION_EVENT mode=baseline phase=measure iteration=6 component=v_load component_id=3 lut_exp=0 qo_len=16 kv_len=4096 n_heads=12 n_kv_heads=2 head_dim=128 kv_head=0 worker=1 block_r=0 block_c=0 t0_us=3757991790 t1_us=3757991806 dur_us=16
FIG8_ATTENTION_EVENT mode=baseline phase=measure iteration=6 component=core_acc component_id=6 lut_exp=0 qo_len=16 kv_len=4096 n_heads=12 n_kv_heads=2 head_dim=128 kv_head=1 worker=3 block_r=0 block_c=0 t0_us=3757991807 t1_us=3757991809 dur_us=2
FIG8_ATTENTION_EVENT mode=baseline phase=measure iteration=6 component=core_acc component_id=6 lut_exp=0 qo_len=16 kv_len=4096 n_heads=12 n_kv_heads=2 head_dim=128 kv_head=0 worker=1 block_r=0 block_c=0 t0_us=3757991807 t1_us=3757991810 dur_us=3
FIG8_ATTENTION_EVENT mode=baseline phase=measure iteration=6 component=k_load component_id=2 lut_exp=0 qo_len=16 kv_len=4096 n_heads=12 n_kv_heads=2 head_dim=128 kv_head=1 worker=3 block_r=0 block_c=832 t0_us=3757991810 t1_us=3757991835 dur_us=25
FIG8_ATTENTION_EVENT mode=baseline phase=measure iteration=6 component=qk_dot component_id=4 lut_exp=0 qo_len=16 kv_len=4096 n_heads=12 n_kv_heads=2 head_dim=128 kv_head=1 worker=3 block_r=0 block_c=832 t0_us=3757991835 t1_us=3757991837 dur_us=1
FIG8_ATTENTION_EVENT mode=baseline phase=measure iteration=6 component=k_load component_id=2 lut_exp=0 qo_len=16 kv_len=4096 n_heads=12 n_kv_heads=2 head_dim=128 kv_head=0 worker=1 block_r=0 block_c=832 t0_us=3757991811 t1_us=3757991837 dur_us=26
FIG8_ATTENTION_EVENT mode=baseline phase=measure iteration=6 component=qk_dot component_id=4 lut_exp=0 qo_len=16 kv_len=4096 n_heads=12 n_kv_heads=2 head_dim=128 kv_head=0 worker=1 block_r=0 block_c=832 t0_us=3757991837 t1_us=3757991838 dur_us=1
FIG8_ATTENTION_EVENT mode=baseline phase=measure iteration=6 component=safe_sm component_id=5 lut_exp=0 qo_len=16 kv_len=4096 n_heads=12 n_kv_heads=2 head_dim=128 kv_head=1 worker=3 block_r=0 block_c=832 t0_us=3757991837 t1_us=3757991910 dur_us=73
FIG8_ATTENTION_EVENT mode=baseline phase=measure iteration=6 component=safe_sm component_id=5 lut_exp=0 qo_len=16 kv_len=4096 n_heads=12 n_kv_heads=2 head_dim=128 kv_head=0 worker=1 block_r=0 block_c=832 t0_us=3757991838 t1_us=3757991910 dur_us=72
FIG8_ATTENTION_EVENT mode=baseline phase=measure iteration=6 component=v_load component_id=3 lut_exp=0 qo_len=16 kv_len=4096 n_heads=12 n_kv_heads=2 head_dim=128 kv_head=1 worker=3 block_r=0 block_c=832 t0_us=3757991910 t1_us=3757991923 dur_us=12
FIG8_ATTENTION_EVENT mode=baseline phase=measure iteration=6 component=v_load component_id=3 lut_exp=0 qo_len=16 kv_len=4096 n_heads=12 n_kv_heads=2 head_dim=128 kv_head=0 worker=1 block_r=0 block_c=832 t0_us=3757991910 t1_us=3757991923 dur_us=13
FIG8_ATTENTION_EVENT mode=baseline phase=measure iteration=6 component=core_acc component_id=6 lut_exp=0 qo_len=16 kv_len=4096 n_heads=12 n_kv_heads=2 head_dim=128 kv_head=1 worker=3 block_r=0 block_c=832 t0_us=3757991923 t1_us=3757991923 dur_us=0
FIG8_ATTENTION_EVENT mode=baseline phase=measure iteration=6 component=core_acc component_id=6 lut_exp=0 qo_len=16 kv_len=4096 n_heads=12 n_kv_heads=2 head_dim=128 kv_head=0 worker=1 block_r=0 block_c=832 t0_us=3757991923 t1_us=3757991925 dur_us=1
FIG8_ATTENTION_EVENT mode=baseline phase=measure iteration=6 component=k_load component_id=2 lut_exp=0 qo_len=16 kv_len=4096 n_heads=12 n_kv_heads=2 head_dim=128 kv_head=1 worker=3 block_r=0 block_c=1664 t0_us=3757991924 t1_us=3757991940 dur_us=16
FIG8_ATTENTION_EVENT mode=baseline phase=measure iteration=6 component=k_load component_id=2 lut_exp=0 qo_len=16 kv_len=4096 n_heads=12 n_kv_heads=2 head_dim=128 kv_head=0 worker=1 block_r=0 block_c=1664 t0_us=3757991925 t1_us=3757991941 dur_us=16
FIG8_ATTENTION_EVENT mode=baseline phase=measure iteration=6 component=qk_dot component_id=4 lut_exp=0 qo_len=16 kv_len=4096 n_heads=12 n_kv_heads=2 head_dim=128 kv_head=1 worker=3 block_r=0 block_c=1664 t0_us=3757991940 t1_us=3757991942 dur_us=1
FIG8_ATTENTION_EVENT mode=baseline phase=measure iteration=6 component=qk_dot component_id=4 lut_exp=0 qo_len=16 kv_len=4096 n_heads=12 n_kv_heads=2 head_dim=128 kv_head=0 worker=1 block_r=0 block_c=1664 t0_us=3757991941 t1_us=3757991943 dur_us=1
FIG8_ATTENTION_EVENT mode=baseline phase=measure iteration=6 component=safe_sm component_id=5 lut_exp=0 qo_len=16 kv_len=4096 n_heads=12 n_kv_heads=2 head_dim=128 kv_head=1 worker=3 block_r=0 block_c=1664 t0_us=3757991942 t1_us=3757992015 dur_us=72
FIG8_ATTENTION_EVENT mode=baseline phase=measure iteration=6 component=safe_sm component_id=5 lut_exp=0 qo_len=16 kv_len=4096 n_heads=12 n_kv_heads=2 head_dim=128 kv_head=0 worker=1 block_r=0 block_c=1664 t0_us=3757991943 t1_us=3757992015 dur_us=71
FIG8_ATTENTION_EVENT mode=baseline phase=measure iteration=6 component=v_load component_id=3 lut_exp=0 qo_len=16 kv_len=4096 n_heads=12 n_kv_heads=2 head_dim=128 kv_head=1 worker=3 block_r=0 block_c=1664 t0_us=3757992015 t1_us=3757992026 dur_us=10
FIG8_ATTENTION_EVENT mode=baseline phase=measure iteration=6 component=v_load component_id=3 lut_exp=0 qo_len=16 kv_len=4096 n_heads=12 n_kv_heads=2 head_dim=128 kv_head=0 worker=1 block_r=0 block_c=1664 t0_us=3757992015 t1_us=3757992026 dur_us=11
FIG8_ATTENTION_EVENT mode=baseline phase=measure iteration=6 component=core_acc component_id=6 lut_exp=0 qo_len=16 kv_len=4096 n_heads=12 n_kv_heads=2 head_dim=128 kv_head=1 worker=3 block_r=0 block_c=1664 t0_us=3757992026 t1_us=3757992026 dur_us=0
FIG8_ATTENTION_EVENT mode=baseline phase=measure iteration=6 component=core_acc component_id=6 lut_exp=0 qo_len=16 kv_len=4096 n_heads=12 n_kv_heads=2 head_dim=128 kv_head=0 worker=1 block_r=0 block_c=1664 t0_us=3757992026 t1_us=3757992028 dur_us=1
FIG8_ATTENTION_EVENT mode=baseline phase=measure iteration=6 component=k_load component_id=2 lut_exp=0 qo_len=16 kv_len=4096 n_heads=12 n_kv_heads=2 head_dim=128 kv_head=1 worker=3 block_r=0 block_c=2496 t0_us=3757992026 t1_us=3757992045 dur_us=18
FIG8_ATTENTION_EVENT mode=baseline phase=measure iteration=6 component=k_load component_id=2 lut_exp=0 qo_len=16 kv_len=4096 n_heads=12 n_kv_heads=2 head_dim=128 kv_head=0 worker=1 block_r=0 block_c=2496 t0_us=3757992028 t1_us=3757992045 dur_us=17
FIG8_ATTENTION_EVENT mode=baseline phase=measure iteration=6 component=qk_dot component_id=4 lut_exp=0 qo_len=16 kv_len=4096 n_heads=12 n_kv_heads=2 head_dim=128 kv_head=1 worker=3 block_r=0 block_c=2496 t0_us=3757992045 t1_us=3757992046 dur_us=1
FIG8_ATTENTION_EVENT mode=baseline phase=measure iteration=6 component=qk_dot component_id=4 lut_exp=0 qo_len=16 kv_len=4096 n_heads=12 n_kv_heads=2 head_dim=128 kv_head=0 worker=1 block_r=0 block_c=2496 t0_us=3757992046 t1_us=3757992048 dur_us=1
FIG8_ATTENTION_EVENT mode=baseline phase=measure iteration=6 component=safe_sm component_id=5 lut_exp=0 qo_len=16 kv_len=4096 n_heads=12 n_kv_heads=2 head_dim=128 kv_head=1 worker=3 block_r=0 block_c=2496 t0_us=3757992046 t1_us=3757992118 dur_us=72
FIG8_ATTENTION_EVENT mode=baseline phase=measure iteration=6 component=safe_sm component_id=5 lut_exp=0 qo_len=16 kv_len=4096 n_heads=12 n_kv_heads=2 head_dim=128 kv_head=0 worker=1 block_r=0 block_c=2496 t0_us=3757992048 t1_us=3757992118 dur_us=70
FIG8_ATTENTION_EVENT mode=baseline phase=measure iteration=6 component=v_load component_id=3 lut_exp=0 qo_len=16 kv_len=4096 n_heads=12 n_kv_heads=2 head_dim=128 kv_head=1 worker=3 block_r=0 block_c=2496 t0_us=3757992118 t1_us=3757992130 dur_us=11
FIG8_ATTENTION_EVENT mode=baseline phase=measure iteration=6 component=v_load component_id=3 lut_exp=0 qo_len=16 kv_len=4096 n_heads=12 n_kv_heads=2 head_dim=128 kv_head=0 worker=1 block_r=0 block_c=2496 t0_us=3757992119 t1_us=3757992131 dur_us=12
FIG8_ATTENTION_EVENT mode=baseline phase=measure iteration=6 component=core_acc component_id=6 lut_exp=0 qo_len=16 kv_len=4096 n_heads=12 n_kv_heads=2 head_dim=128 kv_head=1 worker=3 block_r=0 block_c=2496 t0_us=3757992130 t1_us=3757992131 dur_us=0
FIG8_ATTENTION_EVENT mode=baseline phase=measure iteration=6 component=core_acc component_id=6 lut_exp=0 qo_len=16 kv_len=4096 n_heads=12 n_kv_heads=2 head_dim=128 kv_head=0 worker=1 block_r=0 block_c=2496 t0_us=3757992131 t1_us=3757992133 dur_us=1
FIG8_ATTENTION_EVENT mode=baseline phase=measure iteration=6 component=k_load component_id=2 lut_exp=0 qo_len=16 kv_len=4096 n_heads=12 n_kv_heads=2 head_dim=128 kv_head=1 worker=3 block_r=0 block_c=3328 t0_us=3757992131 t1_us=3757992150 dur_us=19
FIG8_ATTENTION_EVENT mode=baseline phase=measure iteration=6 component=qk_dot component_id=4 lut_exp=0 qo_len=16 kv_len=4096 n_heads=12 n_kv_heads=2 head_dim=128 kv_head=1 worker=3 block_r=0 block_c=3328 t0_us=3757992151 t1_us=3757992152 dur_us=1
FIG8_ATTENTION_EVENT mode=baseline phase=measure iteration=6 component=k_load component_id=2 lut_exp=0 qo_len=16 kv_len=4096 n_heads=12 n_kv_heads=2 head_dim=128 kv_head=0 worker=1 block_r=0 block_c=3328 t0_us=3757992134 t1_us=3757992153 dur_us=19
FIG8_ATTENTION_EVENT mode=baseline phase=measure iteration=6 component=qk_dot component_id=4 lut_exp=0 qo_len=16 kv_len=4096 n_heads=12 n_kv_heads=2 head_dim=128 kv_head=0 worker=1 block_r=0 block_c=3328 t0_us=3757992154 t1_us=3757992155 dur_us=0
FIG8_ATTENTION_EVENT mode=baseline phase=measure iteration=6 component=safe_sm component_id=5 lut_exp=0 qo_len=16 kv_len=4096 n_heads=12 n_kv_heads=2 head_dim=128 kv_head=1 worker=3 block_r=0 block_c=3328 t0_us=3757992152 t1_us=3757992220 dur_us=68
FIG8_ATTENTION_EVENT mode=baseline phase=measure iteration=6 component=safe_sm component_id=5 lut_exp=0 qo_len=16 kv_len=4096 n_heads=12 n_kv_heads=2 head_dim=128 kv_head=0 worker=1 block_r=0 block_c=3328 t0_us=3757992155 t1_us=3757992220 dur_us=64
FIG8_ATTENTION_EVENT mode=baseline phase=measure iteration=6 component=v_load component_id=3 lut_exp=0 qo_len=16 kv_len=4096 n_heads=12 n_kv_heads=2 head_dim=128 kv_head=0 worker=1 block_r=0 block_c=3328 t0_us=3757992220 t1_us=3757992229 dur_us=8
FIG8_ATTENTION_EVENT mode=baseline phase=measure iteration=6 component=v_load component_id=3 lut_exp=0 qo_len=16 kv_len=4096 n_heads=12 n_kv_heads=2 head_dim=128 kv_head=1 worker=3 block_r=0 block_c=3328 t0_us=3757992220 t1_us=3757992230 dur_us=9
FIG8_ATTENTION_EVENT mode=baseline phase=measure iteration=6 component=core_acc component_id=6 lut_exp=0 qo_len=16 kv_len=4096 n_heads=12 n_kv_heads=2 head_dim=128 kv_head=0 worker=1 block_r=0 block_c=3328 t0_us=3757992229 t1_us=3757992230 dur_us=0
FIG8_ATTENTION_EVENT mode=baseline phase=measure iteration=6 component=core_acc component_id=6 lut_exp=0 qo_len=16 kv_len=4096 n_heads=12 n_kv_heads=2 head_dim=128 kv_head=1 worker=3 block_r=0 block_c=3328 t0_us=3757992230 t1_us=3757992231 dur_us=1
FIG8_ATTENTION_EVENT mode=baseline phase=measure iteration=6 component=o_scale component_id=7 lut_exp=0 qo_len=16 kv_len=4096 n_heads=12 n_kv_heads=2 head_dim=128 kv_head=0 worker=1 block_r=0 block_c=-1 t0_us=3757992230 t1_us=3757992232 dur_us=1
FIG8_ATTENTION_EVENT mode=baseline phase=measure iteration=6 component=o_scale component_id=7 lut_exp=0 qo_len=16 kv_len=4096 n_heads=12 n_kv_heads=2 head_dim=128 kv_head=1 worker=3 block_r=0 block_c=-1 t0_us=3757992231 t1_us=3757992232 dur_us=0
FIG8_ATTENTION_EVENT mode=baseline phase=measure iteration=6 component=o_store component_id=8 lut_exp=0 qo_len=16 kv_len=4096 n_heads=12 n_kv_heads=2 head_dim=128 kv_head=1 worker=3 block_r=0 block_c=-1 t0_us=3757992232 t1_us=3757992239 dur_us=6
FIG8_ATTENTION_EVENT mode=baseline phase=measure iteration=6 component=o_store component_id=8 lut_exp=0 qo_len=16 kv_len=4096 n_heads=12 n_kv_heads=2 head_dim=128 kv_head=0 worker=1 block_r=0 block_c=-1 t0_us=3757992232 t1_us=3757992239 dur_us=6
FIG8_ATTENTION_HOST_TIMING mode=baseline qo_len=16 kv_len=4096 n_heads=12 n_kv_heads=2 head_dim=128 phase=measure iteration=7 host_elapsed_us=897 ret=0
FIG8_ATTENTION_PROFILE_COUNT mode=baseline qo_len=16 phase=measure iteration=7 records=2 max_records=10
FIG8_ATTENTION_TIMERS mode=baseline phase=measure iteration=7 lut_exp=0 qo_len=16 kv_len=4096 n_heads=12 n_kv_heads=2 head_dim=128 kv_head=1 worker=5 profiled_total=541 q_load=4 k_load=93 v_load=60 qk_dot=7 safe_sm=365 core_acc=5 o_scale=1 o_store=6
FIG8_ATTENTION_TIMERS mode=baseline phase=measure iteration=7 lut_exp=0 qo_len=16 kv_len=4096 n_heads=12 n_kv_heads=2 head_dim=128 kv_head=0 worker=2 profiled_total=541 q_load=4 k_load=92 v_load=61 qk_dot=6 safe_sm=361 core_acc=9 o_scale=2 o_store=6
FIG8_ATTENTION_EVENT_COUNT mode=baseline qo_len=16 phase=measure iteration=7 events=56 max_events=12512 overflow=0
FIG8_ATTENTION_EVENT mode=baseline phase=measure iteration=7 component=q_load component_id=1 lut_exp=0 qo_len=16 kv_len=4096 n_heads=12 n_kv_heads=2 head_dim=128 kv_head=1 worker=5 block_r=0 block_c=-1 t0_us=3757992776 t1_us=3757992780 dur_us=4
FIG8_ATTENTION_EVENT mode=baseline phase=measure iteration=7 component=q_load component_id=1 lut_exp=0 qo_len=16 kv_len=4096 n_heads=12 n_kv_heads=2 head_dim=128 kv_head=0 worker=2 block_r=0 block_c=-1 t0_us=3757992776 t1_us=3757992780 dur_us=4
FIG8_ATTENTION_EVENT mode=baseline phase=measure iteration=7 component=k_load component_id=2 lut_exp=0 qo_len=16 kv_len=4096 n_heads=12 n_kv_heads=2 head_dim=128 kv_head=0 worker=2 block_r=0 block_c=0 t0_us=3757992782 t1_us=3757992804 dur_us=21
FIG8_ATTENTION_EVENT mode=baseline phase=measure iteration=7 component=k_load component_id=2 lut_exp=0 qo_len=16 kv_len=4096 n_heads=12 n_kv_heads=2 head_dim=128 kv_head=1 worker=5 block_r=0 block_c=0 t0_us=3757992782 t1_us=3757992804 dur_us=21
FIG8_ATTENTION_EVENT mode=baseline phase=measure iteration=7 component=qk_dot component_id=4 lut_exp=0 qo_len=16 kv_len=4096 n_heads=12 n_kv_heads=2 head_dim=128 kv_head=0 worker=2 block_r=0 block_c=0 t0_us=3757992804 t1_us=3757992806 dur_us=1
FIG8_ATTENTION_EVENT mode=baseline phase=measure iteration=7 component=qk_dot component_id=4 lut_exp=0 qo_len=16 kv_len=4096 n_heads=12 n_kv_heads=2 head_dim=128 kv_head=1 worker=5 block_r=0 block_c=0 t0_us=3757992804 t1_us=3757992807 dur_us=2
FIG8_ATTENTION_EVENT mode=baseline phase=measure iteration=7 component=safe_sm component_id=5 lut_exp=0 qo_len=16 kv_len=4096 n_heads=12 n_kv_heads=2 head_dim=128 kv_head=0 worker=2 block_r=0 block_c=0 t0_us=3757992806 t1_us=3757992883 dur_us=76
FIG8_ATTENTION_EVENT mode=baseline phase=measure iteration=7 component=safe_sm component_id=5 lut_exp=0 qo_len=16 kv_len=4096 n_heads=12 n_kv_heads=2 head_dim=128 kv_head=1 worker=5 block_r=0 block_c=0 t0_us=3757992807 t1_us=3757992883 dur_us=75
FIG8_ATTENTION_EVENT mode=baseline phase=measure iteration=7 component=v_load component_id=3 lut_exp=0 qo_len=16 kv_len=4096 n_heads=12 n_kv_heads=2 head_dim=128 kv_head=1 worker=5 block_r=0 block_c=0 t0_us=3757992883 t1_us=3757992900 dur_us=16
FIG8_ATTENTION_EVENT mode=baseline phase=measure iteration=7 component=v_load component_id=3 lut_exp=0 qo_len=16 kv_len=4096 n_heads=12 n_kv_heads=2 head_dim=128 kv_head=0 worker=2 block_r=0 block_c=0 t0_us=3757992883 t1_us=3757992901 dur_us=17
FIG8_ATTENTION_EVENT mode=baseline phase=measure iteration=7 component=core_acc component_id=6 lut_exp=0 qo_len=16 kv_len=4096 n_heads=12 n_kv_heads=2 head_dim=128 kv_head=1 worker=5 block_r=0 block_c=0 t0_us=3757992900 t1_us=3757992902 dur_us=2
FIG8_ATTENTION_EVENT mode=baseline phase=measure iteration=7 component=core_acc component_id=6 lut_exp=0 qo_len=16 kv_len=4096 n_heads=12 n_kv_heads=2 head_dim=128 kv_head=0 worker=2 block_r=0 block_c=0 t0_us=3757992901 t1_us=3757992904 dur_us=2
FIG8_ATTENTION_EVENT mode=baseline phase=measure iteration=7 component=k_load component_id=2 lut_exp=0 qo_len=16 kv_len=4096 n_heads=12 n_kv_heads=2 head_dim=128 kv_head=1 worker=5 block_r=0 block_c=832 t0_us=3757992903 t1_us=3757992923 dur_us=20
FIG8_ATTENTION_EVENT mode=baseline phase=measure iteration=7 component=k_load component_id=2 lut_exp=0 qo_len=16 kv_len=4096 n_heads=12 n_kv_heads=2 head_dim=128 kv_head=0 worker=2 block_r=0 block_c=832 t0_us=3757992904 t1_us=3757992924 dur_us=20
FIG8_ATTENTION_EVENT mode=baseline phase=measure iteration=7 component=qk_dot component_id=4 lut_exp=0 qo_len=16 kv_len=4096 n_heads=12 n_kv_heads=2 head_dim=128 kv_head=1 worker=5 block_r=0 block_c=832 t0_us=3757992923 t1_us=3757992924 dur_us=1
FIG8_ATTENTION_EVENT mode=baseline phase=measure iteration=7 component=qk_dot component_id=4 lut_exp=0 qo_len=16 kv_len=4096 n_heads=12 n_kv_heads=2 head_dim=128 kv_head=0 worker=2 block_r=0 block_c=832 t0_us=3757992924 t1_us=3757992926 dur_us=1
FIG8_ATTENTION_EVENT mode=baseline phase=measure iteration=7 component=safe_sm component_id=5 lut_exp=0 qo_len=16 kv_len=4096 n_heads=12 n_kv_heads=2 head_dim=128 kv_head=1 worker=5 block_r=0 block_c=832 t0_us=3757992925 t1_us=3757992998 dur_us=73
FIG8_ATTENTION_EVENT mode=baseline phase=measure iteration=7 component=safe_sm component_id=5 lut_exp=0 qo_len=16 kv_len=4096 n_heads=12 n_kv_heads=2 head_dim=128 kv_head=0 worker=2 block_r=0 block_c=832 t0_us=3757992926 t1_us=3757992998 dur_us=71
FIG8_ATTENTION_EVENT mode=baseline phase=measure iteration=7 component=v_load component_id=3 lut_exp=0 qo_len=16 kv_len=4096 n_heads=12 n_kv_heads=2 head_dim=128 kv_head=1 worker=5 block_r=0 block_c=832 t0_us=3757992998 t1_us=3757993010 dur_us=12
FIG8_ATTENTION_EVENT mode=baseline phase=measure iteration=7 component=v_load component_id=3 lut_exp=0 qo_len=16 kv_len=4096 n_heads=12 n_kv_heads=2 head_dim=128 kv_head=0 worker=2 block_r=0 block_c=832 t0_us=3757992998 t1_us=3757993010 dur_us=12
FIG8_ATTENTION_EVENT mode=baseline phase=measure iteration=7 component=core_acc component_id=6 lut_exp=0 qo_len=16 kv_len=4096 n_heads=12 n_kv_heads=2 head_dim=128 kv_head=1 worker=5 block_r=0 block_c=832 t0_us=3757993010 t1_us=3757993011 dur_us=0
FIG8_ATTENTION_EVENT mode=baseline phase=measure iteration=7 component=core_acc component_id=6 lut_exp=0 qo_len=16 kv_len=4096 n_heads=12 n_kv_heads=2 head_dim=128 kv_head=0 worker=2 block_r=0 block_c=832 t0_us=3757993010 t1_us=3757993012 dur_us=1
FIG8_ATTENTION_EVENT mode=baseline phase=measure iteration=7 component=k_load component_id=2 lut_exp=0 qo_len=16 kv_len=4096 n_heads=12 n_kv_heads=2 head_dim=128 kv_head=1 worker=5 block_r=0 block_c=1664 t0_us=3757993011 t1_us=3757993028 dur_us=16
FIG8_ATTENTION_EVENT mode=baseline phase=measure iteration=7 component=qk_dot component_id=4 lut_exp=0 qo_len=16 kv_len=4096 n_heads=12 n_kv_heads=2 head_dim=128 kv_head=1 worker=5 block_r=0 block_c=1664 t0_us=3757993028 t1_us=3757993029 dur_us=1
FIG8_ATTENTION_EVENT mode=baseline phase=measure iteration=7 component=k_load component_id=2 lut_exp=0 qo_len=16 kv_len=4096 n_heads=12 n_kv_heads=2 head_dim=128 kv_head=0 worker=2 block_r=0 block_c=1664 t0_us=3757993012 t1_us=3757993029 dur_us=16
FIG8_ATTENTION_EVENT mode=baseline phase=measure iteration=7 component=qk_dot component_id=4 lut_exp=0 qo_len=16 kv_len=4096 n_heads=12 n_kv_heads=2 head_dim=128 kv_head=0 worker=2 block_r=0 block_c=1664 t0_us=3757993029 t1_us=3757993030 dur_us=1
FIG8_ATTENTION_EVENT mode=baseline phase=measure iteration=7 component=safe_sm component_id=5 lut_exp=0 qo_len=16 kv_len=4096 n_heads=12 n_kv_heads=2 head_dim=128 kv_head=1 worker=5 block_r=0 block_c=1664 t0_us=3757993029 t1_us=3757993102 dur_us=73
FIG8_ATTENTION_EVENT mode=baseline phase=measure iteration=7 component=safe_sm component_id=5 lut_exp=0 qo_len=16 kv_len=4096 n_heads=12 n_kv_heads=2 head_dim=128 kv_head=0 worker=2 block_r=0 block_c=1664 t0_us=3757993030 t1_us=3757993102 dur_us=72
FIG8_ATTENTION_EVENT mode=baseline phase=measure iteration=7 component=v_load component_id=3 lut_exp=0 qo_len=16 kv_len=4096 n_heads=12 n_kv_heads=2 head_dim=128 kv_head=1 worker=5 block_r=0 block_c=1664 t0_us=3757993103 t1_us=3757993114 dur_us=11
FIG8_ATTENTION_EVENT mode=baseline phase=measure iteration=7 component=v_load component_id=3 lut_exp=0 qo_len=16 kv_len=4096 n_heads=12 n_kv_heads=2 head_dim=128 kv_head=0 worker=2 block_r=0 block_c=1664 t0_us=3757993103 t1_us=3757993114 dur_us=11
FIG8_ATTENTION_EVENT mode=baseline phase=measure iteration=7 component=core_acc component_id=6 lut_exp=0 qo_len=16 kv_len=4096 n_heads=12 n_kv_heads=2 head_dim=128 kv_head=1 worker=5 block_r=0 block_c=1664 t0_us=3757993114 t1_us=3757993114 dur_us=0
FIG8_ATTENTION_EVENT mode=baseline phase=measure iteration=7 component=core_acc component_id=6 lut_exp=0 qo_len=16 kv_len=4096 n_heads=12 n_kv_heads=2 head_dim=128 kv_head=0 worker=2 block_r=0 block_c=1664 t0_us=3757993114 t1_us=3757993116 dur_us=1
FIG8_ATTENTION_EVENT mode=baseline phase=measure iteration=7 component=k_load component_id=2 lut_exp=0 qo_len=16 kv_len=4096 n_heads=12 n_kv_heads=2 head_dim=128 kv_head=1 worker=5 block_r=0 block_c=2496 t0_us=3757993115 t1_us=3757993133 dur_us=18
FIG8_ATTENTION_EVENT mode=baseline phase=measure iteration=7 component=k_load component_id=2 lut_exp=0 qo_len=16 kv_len=4096 n_heads=12 n_kv_heads=2 head_dim=128 kv_head=0 worker=2 block_r=0 block_c=2496 t0_us=3757993116 t1_us=3757993134 dur_us=17
FIG8_ATTENTION_EVENT mode=baseline phase=measure iteration=7 component=qk_dot component_id=4 lut_exp=0 qo_len=16 kv_len=4096 n_heads=12 n_kv_heads=2 head_dim=128 kv_head=1 worker=5 block_r=0 block_c=2496 t0_us=3757993133 t1_us=3757993134 dur_us=1
FIG8_ATTENTION_EVENT mode=baseline phase=measure iteration=7 component=qk_dot component_id=4 lut_exp=0 qo_len=16 kv_len=4096 n_heads=12 n_kv_heads=2 head_dim=128 kv_head=0 worker=2 block_r=0 block_c=2496 t0_us=3757993134 t1_us=3757993135 dur_us=1
FIG8_ATTENTION_EVENT mode=baseline phase=measure iteration=7 component=safe_sm component_id=5 lut_exp=0 qo_len=16 kv_len=4096 n_heads=12 n_kv_heads=2 head_dim=128 kv_head=1 worker=5 block_r=0 block_c=2496 t0_us=3757993134 t1_us=3757993208 dur_us=73
FIG8_ATTENTION_EVENT mode=baseline phase=measure iteration=7 component=safe_sm component_id=5 lut_exp=0 qo_len=16 kv_len=4096 n_heads=12 n_kv_heads=2 head_dim=128 kv_head=0 worker=2 block_r=0 block_c=2496 t0_us=3757993135 t1_us=3757993208 dur_us=72
FIG8_ATTENTION_EVENT mode=baseline phase=measure iteration=7 component=v_load component_id=3 lut_exp=0 qo_len=16 kv_len=4096 n_heads=12 n_kv_heads=2 head_dim=128 kv_head=1 worker=5 block_r=0 block_c=2496 t0_us=3757993208 t1_us=3757993220 dur_us=11
FIG8_ATTENTION_EVENT mode=baseline phase=measure iteration=7 component=v_load component_id=3 lut_exp=0 qo_len=16 kv_len=4096 n_heads=12 n_kv_heads=2 head_dim=128 kv_head=0 worker=2 block_r=0 block_c=2496 t0_us=3757993208 t1_us=3757993220 dur_us=11
FIG8_ATTENTION_EVENT mode=baseline phase=measure iteration=7 component=core_acc component_id=6 lut_exp=0 qo_len=16 kv_len=4096 n_heads=12 n_kv_heads=2 head_dim=128 kv_head=1 worker=5 block_r=0 block_c=2496 t0_us=3757993220 t1_us=3757993220 dur_us=0
FIG8_ATTENTION_EVENT mode=baseline phase=measure iteration=7 component=core_acc component_id=6 lut_exp=0 qo_len=16 kv_len=4096 n_heads=12 n_kv_heads=2 head_dim=128 kv_head=0 worker=2 block_r=0 block_c=2496 t0_us=3757993220 t1_us=3757993222 dur_us=1
FIG8_ATTENTION_EVENT mode=baseline phase=measure iteration=7 component=k_load component_id=2 lut_exp=0 qo_len=16 kv_len=4096 n_heads=12 n_kv_heads=2 head_dim=128 kv_head=1 worker=5 block_r=0 block_c=3328 t0_us=3757993220 t1_us=3757993237 dur_us=16
FIG8_ATTENTION_EVENT mode=baseline phase=measure iteration=7 component=qk_dot component_id=4 lut_exp=0 qo_len=16 kv_len=4096 n_heads=12 n_kv_heads=2 head_dim=128 kv_head=1 worker=5 block_r=0 block_c=3328 t0_us=3757993237 t1_us=3757993238 dur_us=0
FIG8_ATTENTION_EVENT mode=baseline phase=measure iteration=7 component=k_load component_id=2 lut_exp=0 qo_len=16 kv_len=4096 n_heads=12 n_kv_heads=2 head_dim=128 kv_head=0 worker=2 block_r=0 block_c=3328 t0_us=3757993222 t1_us=3757993238 dur_us=15
FIG8_ATTENTION_EVENT mode=baseline phase=measure iteration=7 component=qk_dot component_id=4 lut_exp=0 qo_len=16 kv_len=4096 n_heads=12 n_kv_heads=2 head_dim=128 kv_head=0 worker=2 block_r=0 block_c=3328 t0_us=3757993238 t1_us=3757993239 dur_us=1
FIG8_ATTENTION_EVENT mode=baseline phase=measure iteration=7 component=safe_sm component_id=5 lut_exp=0 qo_len=16 kv_len=4096 n_heads=12 n_kv_heads=2 head_dim=128 kv_head=1 worker=5 block_r=0 block_c=3328 t0_us=3757993238 t1_us=3757993308 dur_us=70
FIG8_ATTENTION_EVENT mode=baseline phase=measure iteration=7 component=safe_sm component_id=5 lut_exp=0 qo_len=16 kv_len=4096 n_heads=12 n_kv_heads=2 head_dim=128 kv_head=0 worker=2 block_r=0 block_c=3328 t0_us=3757993239 t1_us=3757993308 dur_us=68
FIG8_ATTENTION_EVENT mode=baseline phase=measure iteration=7 component=v_load component_id=3 lut_exp=0 qo_len=16 kv_len=4096 n_heads=12 n_kv_heads=2 head_dim=128 kv_head=0 worker=2 block_r=0 block_c=3328 t0_us=3757993308 t1_us=3757993317 dur_us=8
FIG8_ATTENTION_EVENT mode=baseline phase=measure iteration=7 component=v_load component_id=3 lut_exp=0 qo_len=16 kv_len=4096 n_heads=12 n_kv_heads=2 head_dim=128 kv_head=1 worker=5 block_r=0 block_c=3328 t0_us=3757993308 t1_us=3757993317 dur_us=9
FIG8_ATTENTION_EVENT mode=baseline phase=measure iteration=7 component=core_acc component_id=6 lut_exp=0 qo_len=16 kv_len=4096 n_heads=12 n_kv_heads=2 head_dim=128 kv_head=0 worker=2 block_r=0 block_c=3328 t0_us=3757993317 t1_us=3757993318 dur_us=0
FIG8_ATTENTION_EVENT mode=baseline phase=measure iteration=7 component=core_acc component_id=6 lut_exp=0 qo_len=16 kv_len=4096 n_heads=12 n_kv_heads=2 head_dim=128 kv_head=1 worker=5 block_r=0 block_c=3328 t0_us=3757993317 t1_us=3757993319 dur_us=1
FIG8_ATTENTION_EVENT mode=baseline phase=measure iteration=7 component=o_scale component_id=7 lut_exp=0 qo_len=16 kv_len=4096 n_heads=12 n_kv_heads=2 head_dim=128 kv_head=1 worker=5 block_r=0 block_c=-1 t0_us=3757993319 t1_us=3757993320 dur_us=1
FIG8_ATTENTION_EVENT mode=baseline phase=measure iteration=7 component=o_scale component_id=7 lut_exp=0 qo_len=16 kv_len=4096 n_heads=12 n_kv_heads=2 head_dim=128 kv_head=0 worker=2 block_r=0 block_c=-1 t0_us=3757993318 t1_us=3757993320 dur_us=2
FIG8_ATTENTION_EVENT mode=baseline phase=measure iteration=7 component=o_store component_id=8 lut_exp=0 qo_len=16 kv_len=4096 n_heads=12 n_kv_heads=2 head_dim=128 kv_head=1 worker=5 block_r=0 block_c=-1 t0_us=3757993320 t1_us=3757993326 dur_us=6
FIG8_ATTENTION_EVENT mode=baseline phase=measure iteration=7 component=o_store component_id=8 lut_exp=0 qo_len=16 kv_len=4096 n_heads=12 n_kv_heads=2 head_dim=128 kv_head=0 worker=2 block_r=0 block_c=-1 t0_us=3757993320 t1_us=3757993326 dur_us=6
FIG8_ATTENTION_HOST_TIMING mode=baseline qo_len=16 kv_len=4096 n_heads=12 n_kv_heads=2 head_dim=128 phase=measure iteration=8 host_elapsed_us=892 ret=0
FIG8_ATTENTION_PROFILE_COUNT mode=baseline qo_len=16 phase=measure iteration=8 records=2 max_records=10
FIG8_ATTENTION_TIMERS mode=baseline phase=measure iteration=8 lut_exp=0 qo_len=16 kv_len=4096 n_heads=12 n_kv_heads=2 head_dim=128 kv_head=0 worker=0 profiled_total=537 q_load=4 k_load=89 v_load=61 qk_dot=6 safe_sm=362 core_acc=9 o_scale=0 o_store=6
FIG8_ATTENTION_TIMERS mode=baseline phase=measure iteration=8 lut_exp=0 qo_len=16 kv_len=4096 n_heads=12 n_kv_heads=2 head_dim=128 kv_head=1 worker=1 profiled_total=538 q_load=4 k_load=91 v_load=59 qk_dot=8 safe_sm=365 core_acc=4 o_scale=1 o_store=6
FIG8_ATTENTION_EVENT_COUNT mode=baseline qo_len=16 phase=measure iteration=8 events=56 max_events=12512 overflow=0
FIG8_ATTENTION_EVENT mode=baseline phase=measure iteration=8 component=q_load component_id=1 lut_exp=0 qo_len=16 kv_len=4096 n_heads=12 n_kv_heads=2 head_dim=128 kv_head=0 worker=0 block_r=0 block_c=-1 t0_us=3757993890 t1_us=3757993895 dur_us=4
FIG8_ATTENTION_EVENT mode=baseline phase=measure iteration=8 component=q_load component_id=1 lut_exp=0 qo_len=16 kv_len=4096 n_heads=12 n_kv_heads=2 head_dim=128 kv_head=1 worker=1 block_r=0 block_c=-1 t0_us=3757993890 t1_us=3757993895 dur_us=4
FIG8_ATTENTION_EVENT mode=baseline phase=measure iteration=8 component=k_load component_id=2 lut_exp=0 qo_len=16 kv_len=4096 n_heads=12 n_kv_heads=2 head_dim=128 kv_head=0 worker=0 block_r=0 block_c=0 t0_us=3757993897 t1_us=3757993919 dur_us=21
FIG8_ATTENTION_EVENT mode=baseline phase=measure iteration=8 component=k_load component_id=2 lut_exp=0 qo_len=16 kv_len=4096 n_heads=12 n_kv_heads=2 head_dim=128 kv_head=1 worker=1 block_r=0 block_c=0 t0_us=3757993897 t1_us=3757993919 dur_us=21
FIG8_ATTENTION_EVENT mode=baseline phase=measure iteration=8 component=qk_dot component_id=4 lut_exp=0 qo_len=16 kv_len=4096 n_heads=12 n_kv_heads=2 head_dim=128 kv_head=0 worker=0 block_r=0 block_c=0 t0_us=3757993920 t1_us=3757993922 dur_us=1
FIG8_ATTENTION_EVENT mode=baseline phase=measure iteration=8 component=qk_dot component_id=4 lut_exp=0 qo_len=16 kv_len=4096 n_heads=12 n_kv_heads=2 head_dim=128 kv_head=1 worker=1 block_r=0 block_c=0 t0_us=3757993920 t1_us=3757993923 dur_us=2
FIG8_ATTENTION_EVENT mode=baseline phase=measure iteration=8 component=safe_sm component_id=5 lut_exp=0 qo_len=16 kv_len=4096 n_heads=12 n_kv_heads=2 head_dim=128 kv_head=1 worker=1 block_r=0 block_c=0 t0_us=3757993923 t1_us=3757993998 dur_us=74
FIG8_ATTENTION_EVENT mode=baseline phase=measure iteration=8 component=safe_sm component_id=5 lut_exp=0 qo_len=16 kv_len=4096 n_heads=12 n_kv_heads=2 head_dim=128 kv_head=0 worker=0 block_r=0 block_c=0 t0_us=3757993922 t1_us=3757993998 dur_us=75
FIG8_ATTENTION_EVENT mode=baseline phase=measure iteration=8 component=v_load component_id=3 lut_exp=0 qo_len=16 kv_len=4096 n_heads=12 n_kv_heads=2 head_dim=128 kv_head=1 worker=1 block_r=0 block_c=0 t0_us=3757993998 t1_us=3757994015 dur_us=16
FIG8_ATTENTION_EVENT mode=baseline phase=measure iteration=8 component=v_load component_id=3 lut_exp=0 qo_len=16 kv_len=4096 n_heads=12 n_kv_heads=2 head_dim=128 kv_head=0 worker=0 block_r=0 block_c=0 t0_us=3757993998 t1_us=3757994015 dur_us=17
FIG8_ATTENTION_EVENT mode=baseline phase=measure iteration=8 component=core_acc component_id=6 lut_exp=0 qo_len=16 kv_len=4096 n_heads=12 n_kv_heads=2 head_dim=128 kv_head=1 worker=1 block_r=0 block_c=0 t0_us=3757994016 t1_us=3757994018 dur_us=2
FIG8_ATTENTION_EVENT mode=baseline phase=measure iteration=8 component=core_acc component_id=6 lut_exp=0 qo_len=16 kv_len=4096 n_heads=12 n_kv_heads=2 head_dim=128 kv_head=0 worker=0 block_r=0 block_c=0 t0_us=3757994016 t1_us=3757994019 dur_us=3
FIG8_ATTENTION_EVENT mode=baseline phase=measure iteration=8 component=k_load component_id=2 lut_exp=0 qo_len=16 kv_len=4096 n_heads=12 n_kv_heads=2 head_dim=128 kv_head=1 worker=1 block_r=0 block_c=832 t0_us=3757994018 t1_us=3757994037 dur_us=18
FIG8_ATTENTION_EVENT mode=baseline phase=measure iteration=8 component=k_load component_id=2 lut_exp=0 qo_len=16 kv_len=4096 n_heads=12 n_kv_heads=2 head_dim=128 kv_head=0 worker=0 block_r=0 block_c=832 t0_us=3757994019 t1_us=3757994038 dur_us=18
FIG8_ATTENTION_EVENT mode=baseline phase=measure iteration=8 component=qk_dot component_id=4 lut_exp=0 qo_len=16 kv_len=4096 n_heads=12 n_kv_heads=2 head_dim=128 kv_head=1 worker=1 block_r=0 block_c=832 t0_us=3757994037 t1_us=3757994038 dur_us=1
FIG8_ATTENTION_EVENT mode=baseline phase=measure iteration=8 component=qk_dot component_id=4 lut_exp=0 qo_len=16 kv_len=4096 n_heads=12 n_kv_heads=2 head_dim=128 kv_head=0 worker=0 block_r=0 block_c=832 t0_us=3757994038 t1_us=3757994039 dur_us=1
FIG8_ATTENTION_EVENT mode=baseline phase=measure iteration=8 component=safe_sm component_id=5 lut_exp=0 qo_len=16 kv_len=4096 n_heads=12 n_kv_heads=2 head_dim=128 kv_head=1 worker=1 block_r=0 block_c=832 t0_us=3757994038 t1_us=3757994111 dur_us=73
FIG8_ATTENTION_EVENT mode=baseline phase=measure iteration=8 component=safe_sm component_id=5 lut_exp=0 qo_len=16 kv_len=4096 n_heads=12 n_kv_heads=2 head_dim=128 kv_head=0 worker=0 block_r=0 block_c=832 t0_us=3757994039 t1_us=3757994111 dur_us=72
FIG8_ATTENTION_EVENT mode=baseline phase=measure iteration=8 component=v_load component_id=3 lut_exp=0 qo_len=16 kv_len=4096 n_heads=12 n_kv_heads=2 head_dim=128 kv_head=1 worker=1 block_r=0 block_c=832 t0_us=3757994111 t1_us=3757994123 dur_us=11
FIG8_ATTENTION_EVENT mode=baseline phase=measure iteration=8 component=core_acc component_id=6 lut_exp=0 qo_len=16 kv_len=4096 n_heads=12 n_kv_heads=2 head_dim=128 kv_head=1 worker=1 block_r=0 block_c=832 t0_us=3757994123 t1_us=3757994124 dur_us=0
FIG8_ATTENTION_EVENT mode=baseline phase=measure iteration=8 component=v_load component_id=3 lut_exp=0 qo_len=16 kv_len=4096 n_heads=12 n_kv_heads=2 head_dim=128 kv_head=0 worker=0 block_r=0 block_c=832 t0_us=3757994111 t1_us=3757994124 dur_us=12
FIG8_ATTENTION_EVENT mode=baseline phase=measure iteration=8 component=core_acc component_id=6 lut_exp=0 qo_len=16 kv_len=4096 n_heads=12 n_kv_heads=2 head_dim=128 kv_head=0 worker=0 block_r=0 block_c=832 t0_us=3757994124 t1_us=3757994126 dur_us=1
FIG8_ATTENTION_EVENT mode=baseline phase=measure iteration=8 component=k_load component_id=2 lut_exp=0 qo_len=16 kv_len=4096 n_heads=12 n_kv_heads=2 head_dim=128 kv_head=1 worker=1 block_r=0 block_c=1664 t0_us=3757994124 t1_us=3757994140 dur_us=15
FIG8_ATTENTION_EVENT mode=baseline phase=measure iteration=8 component=qk_dot component_id=4 lut_exp=0 qo_len=16 kv_len=4096 n_heads=12 n_kv_heads=2 head_dim=128 kv_head=1 worker=1 block_r=0 block_c=1664 t0_us=3757994140 t1_us=3757994141 dur_us=1
FIG8_ATTENTION_EVENT mode=baseline phase=measure iteration=8 component=k_load component_id=2 lut_exp=0 qo_len=16 kv_len=4096 n_heads=12 n_kv_heads=2 head_dim=128 kv_head=0 worker=0 block_r=0 block_c=1664 t0_us=3757994126 t1_us=3757994141 dur_us=15
FIG8_ATTENTION_EVENT mode=baseline phase=measure iteration=8 component=qk_dot component_id=4 lut_exp=0 qo_len=16 kv_len=4096 n_heads=12 n_kv_heads=2 head_dim=128 kv_head=0 worker=0 block_r=0 block_c=1664 t0_us=3757994142 t1_us=3757994143 dur_us=1
FIG8_ATTENTION_EVENT mode=baseline phase=measure iteration=8 component=safe_sm component_id=5 lut_exp=0 qo_len=16 kv_len=4096 n_heads=12 n_kv_heads=2 head_dim=128 kv_head=1 worker=1 block_r=0 block_c=1664 t0_us=3757994141 t1_us=3757994215 dur_us=73
FIG8_ATTENTION_EVENT mode=baseline phase=measure iteration=8 component=safe_sm component_id=5 lut_exp=0 qo_len=16 kv_len=4096 n_heads=12 n_kv_heads=2 head_dim=128 kv_head=0 worker=0 block_r=0 block_c=1664 t0_us=3757994143 t1_us=3757994215 dur_us=72
FIG8_ATTENTION_EVENT mode=baseline phase=measure iteration=8 component=v_load component_id=3 lut_exp=0 qo_len=16 kv_len=4096 n_heads=12 n_kv_heads=2 head_dim=128 kv_head=1 worker=1 block_r=0 block_c=1664 t0_us=3757994215 t1_us=3757994226 dur_us=10
FIG8_ATTENTION_EVENT mode=baseline phase=measure iteration=8 component=v_load component_id=3 lut_exp=0 qo_len=16 kv_len=4096 n_heads=12 n_kv_heads=2 head_dim=128 kv_head=0 worker=0 block_r=0 block_c=1664 t0_us=3757994215 t1_us=3757994226 dur_us=11
FIG8_ATTENTION_EVENT mode=baseline phase=measure iteration=8 component=core_acc component_id=6 lut_exp=0 qo_len=16 kv_len=4096 n_heads=12 n_kv_heads=2 head_dim=128 kv_head=1 worker=1 block_r=0 block_c=1664 t0_us=3757994226 t1_us=3757994227 dur_us=0
FIG8_ATTENTION_EVENT mode=baseline phase=measure iteration=8 component=core_acc component_id=6 lut_exp=0 qo_len=16 kv_len=4096 n_heads=12 n_kv_heads=2 head_dim=128 kv_head=0 worker=0 block_r=0 block_c=1664 t0_us=3757994226 t1_us=3757994228 dur_us=1
FIG8_ATTENTION_EVENT mode=baseline phase=measure iteration=8 component=k_load component_id=2 lut_exp=0 qo_len=16 kv_len=4096 n_heads=12 n_kv_heads=2 head_dim=128 kv_head=1 worker=1 block_r=0 block_c=2496 t0_us=3757994227 t1_us=3757994244 dur_us=17
FIG8_ATTENTION_EVENT mode=baseline phase=measure iteration=8 component=k_load component_id=2 lut_exp=0 qo_len=16 kv_len=4096 n_heads=12 n_kv_heads=2 head_dim=128 kv_head=0 worker=0 block_r=0 block_c=2496 t0_us=3757994228 t1_us=3757994245 dur_us=16
FIG8_ATTENTION_EVENT mode=baseline phase=measure iteration=8 component=qk_dot component_id=4 lut_exp=0 qo_len=16 kv_len=4096 n_heads=12 n_kv_heads=2 head_dim=128 kv_head=1 worker=1 block_r=0 block_c=2496 t0_us=3757994244 t1_us=3757994245 dur_us=1
FIG8_ATTENTION_EVENT mode=baseline phase=measure iteration=8 component=qk_dot component_id=4 lut_exp=0 qo_len=16 kv_len=4096 n_heads=12 n_kv_heads=2 head_dim=128 kv_head=0 worker=0 block_r=0 block_c=2496 t0_us=3757994245 t1_us=3757994247 dur_us=1
FIG8_ATTENTION_EVENT mode=baseline phase=measure iteration=8 component=safe_sm component_id=5 lut_exp=0 qo_len=16 kv_len=4096 n_heads=12 n_kv_heads=2 head_dim=128 kv_head=1 worker=1 block_r=0 block_c=2496 t0_us=3757994245 t1_us=3757994320 dur_us=74
FIG8_ATTENTION_EVENT mode=baseline phase=measure iteration=8 component=safe_sm component_id=5 lut_exp=0 qo_len=16 kv_len=4096 n_heads=12 n_kv_heads=2 head_dim=128 kv_head=0 worker=0 block_r=0 block_c=2496 t0_us=3757994247 t1_us=3757994320 dur_us=72
FIG8_ATTENTION_EVENT mode=baseline phase=measure iteration=8 component=v_load component_id=3 lut_exp=0 qo_len=16 kv_len=4096 n_heads=12 n_kv_heads=2 head_dim=128 kv_head=1 worker=1 block_r=0 block_c=2496 t0_us=3757994320 t1_us=3757994331 dur_us=11
FIG8_ATTENTION_EVENT mode=baseline phase=measure iteration=8 component=v_load component_id=3 lut_exp=0 qo_len=16 kv_len=4096 n_heads=12 n_kv_heads=2 head_dim=128 kv_head=0 worker=0 block_r=0 block_c=2496 t0_us=3757994320 t1_us=3757994331 dur_us=11
FIG8_ATTENTION_EVENT mode=baseline phase=measure iteration=8 component=core_acc component_id=6 lut_exp=0 qo_len=16 kv_len=4096 n_heads=12 n_kv_heads=2 head_dim=128 kv_head=1 worker=1 block_r=0 block_c=2496 t0_us=3757994331 t1_us=3757994332 dur_us=0
FIG8_ATTENTION_EVENT mode=baseline phase=measure iteration=8 component=core_acc component_id=6 lut_exp=0 qo_len=16 kv_len=4096 n_heads=12 n_kv_heads=2 head_dim=128 kv_head=0 worker=0 block_r=0 block_c=2496 t0_us=3757994331 t1_us=3757994333 dur_us=1
FIG8_ATTENTION_EVENT mode=baseline phase=measure iteration=8 component=k_load component_id=2 lut_exp=0 qo_len=16 kv_len=4096 n_heads=12 n_kv_heads=2 head_dim=128 kv_head=0 worker=0 block_r=0 block_c=3328 t0_us=3757994333 t1_us=3757994350 dur_us=16
FIG8_ATTENTION_EVENT mode=baseline phase=measure iteration=8 component=k_load component_id=2 lut_exp=0 qo_len=16 kv_len=4096 n_heads=12 n_kv_heads=2 head_dim=128 kv_head=1 worker=1 block_r=0 block_c=3328 t0_us=3757994332 t1_us=3757994350 dur_us=18
FIG8_ATTENTION_EVENT mode=baseline phase=measure iteration=8 component=qk_dot component_id=4 lut_exp=0 qo_len=16 kv_len=4096 n_heads=12 n_kv_heads=2 head_dim=128 kv_head=0 worker=0 block_r=0 block_c=3328 t0_us=3757994350 t1_us=3757994351 dur_us=0
FIG8_ATTENTION_EVENT mode=baseline phase=measure iteration=8 component=qk_dot component_id=4 lut_exp=0 qo_len=16 kv_len=4096 n_heads=12 n_kv_heads=2 head_dim=128 kv_head=1 worker=1 block_r=0 block_c=3328 t0_us=3757994350 t1_us=3757994352 dur_us=1
FIG8_ATTENTION_EVENT mode=baseline phase=measure iteration=8 component=safe_sm component_id=5 lut_exp=0 qo_len=16 kv_len=4096 n_heads=12 n_kv_heads=2 head_dim=128 kv_head=0 worker=0 block_r=0 block_c=3328 t0_us=3757994351 t1_us=3757994421 dur_us=70
FIG8_ATTENTION_EVENT mode=baseline phase=measure iteration=8 component=safe_sm component_id=5 lut_exp=0 qo_len=16 kv_len=4096 n_heads=12 n_kv_heads=2 head_dim=128 kv_head=1 worker=1 block_r=0 block_c=3328 t0_us=3757994352 t1_us=3757994421 dur_us=69
FIG8_ATTENTION_EVENT mode=baseline phase=measure iteration=8 component=v_load component_id=3 lut_exp=0 qo_len=16 kv_len=4096 n_heads=12 n_kv_heads=2 head_dim=128 kv_head=1 worker=1 block_r=0 block_c=3328 t0_us=3757994421 t1_us=3757994430 dur_us=8
FIG8_ATTENTION_EVENT mode=baseline phase=measure iteration=8 component=v_load component_id=3 lut_exp=0 qo_len=16 kv_len=4096 n_heads=12 n_kv_heads=2 head_dim=128 kv_head=0 worker=0 block_r=0 block_c=3328 t0_us=3757994421 t1_us=3757994430 dur_us=8
FIG8_ATTENTION_EVENT mode=baseline phase=measure iteration=8 component=core_acc component_id=6 lut_exp=0 qo_len=16 kv_len=4096 n_heads=12 n_kv_heads=2 head_dim=128 kv_head=1 worker=1 block_r=0 block_c=3328 t0_us=3757994430 t1_us=3757994431 dur_us=0
FIG8_ATTENTION_EVENT mode=baseline phase=measure iteration=8 component=core_acc component_id=6 lut_exp=0 qo_len=16 kv_len=4096 n_heads=12 n_kv_heads=2 head_dim=128 kv_head=0 worker=0 block_r=0 block_c=3328 t0_us=3757994430 t1_us=3757994432 dur_us=1
FIG8_ATTENTION_EVENT mode=baseline phase=measure iteration=8 component=o_scale component_id=7 lut_exp=0 qo_len=16 kv_len=4096 n_heads=12 n_kv_heads=2 head_dim=128 kv_head=1 worker=1 block_r=0 block_c=-1 t0_us=3757994431 t1_us=3757994433 dur_us=1
FIG8_ATTENTION_EVENT mode=baseline phase=measure iteration=8 component=o_scale component_id=7 lut_exp=0 qo_len=16 kv_len=4096 n_heads=12 n_kv_heads=2 head_dim=128 kv_head=0 worker=0 block_r=0 block_c=-1 t0_us=3757994432 t1_us=3757994433 dur_us=0
FIG8_ATTENTION_EVENT mode=baseline phase=measure iteration=8 component=o_store component_id=8 lut_exp=0 qo_len=16 kv_len=4096 n_heads=12 n_kv_heads=2 head_dim=128 kv_head=1 worker=1 block_r=0 block_c=-1 t0_us=3757994433 t1_us=3757994439 dur_us=6
FIG8_ATTENTION_EVENT mode=baseline phase=measure iteration=8 component=o_store component_id=8 lut_exp=0 qo_len=16 kv_len=4096 n_heads=12 n_kv_heads=2 head_dim=128 kv_head=0 worker=0 block_r=0 block_c=-1 t0_us=3757994433 t1_us=3757994439 dur_us=6
FIG8_ATTENTION_HOST_TIMING mode=baseline qo_len=16 kv_len=4096 n_heads=12 n_kv_heads=2 head_dim=128 phase=measure iteration=9 host_elapsed_us=856 ret=0
FIG8_ATTENTION_PROFILE_COUNT mode=baseline qo_len=16 phase=measure iteration=9 records=2 max_records=10
FIG8_ATTENTION_TIMERS mode=baseline phase=measure iteration=9 lut_exp=0 qo_len=16 kv_len=4096 n_heads=12 n_kv_heads=2 head_dim=128 kv_head=0 worker=3 profiled_total=534 q_load=4 k_load=82 v_load=74 qk_dot=6 safe_sm=356 core_acc=5 o_scale=1 o_store=6
FIG8_ATTENTION_TIMERS mode=baseline phase=measure iteration=9 lut_exp=0 qo_len=16 kv_len=4096 n_heads=12 n_kv_heads=2 head_dim=128 kv_head=1 worker=2 profiled_total=534 q_load=4 k_load=84 v_load=71 qk_dot=8 safe_sm=355 core_acc=7 o_scale=0 o_store=5
FIG8_ATTENTION_EVENT_COUNT mode=baseline qo_len=16 phase=measure iteration=9 events=56 max_events=12512 overflow=0
FIG8_ATTENTION_EVENT mode=baseline phase=measure iteration=9 component=q_load component_id=1 lut_exp=0 qo_len=16 kv_len=4096 n_heads=12 n_kv_heads=2 head_dim=128 kv_head=1 worker=2 block_r=0 block_c=-1 t0_us=3757995108 t1_us=3757995113 dur_us=4
FIG8_ATTENTION_EVENT mode=baseline phase=measure iteration=9 component=q_load component_id=1 lut_exp=0 qo_len=16 kv_len=4096 n_heads=12 n_kv_heads=2 head_dim=128 kv_head=0 worker=3 block_r=0 block_c=-1 t0_us=3757995108 t1_us=3757995113 dur_us=4
FIG8_ATTENTION_EVENT mode=baseline phase=measure iteration=9 component=k_load component_id=2 lut_exp=0 qo_len=16 kv_len=4096 n_heads=12 n_kv_heads=2 head_dim=128 kv_head=0 worker=3 block_r=0 block_c=0 t0_us=3757995115 t1_us=3757995131 dur_us=15
FIG8_ATTENTION_EVENT mode=baseline phase=measure iteration=9 component=k_load component_id=2 lut_exp=0 qo_len=16 kv_len=4096 n_heads=12 n_kv_heads=2 head_dim=128 kv_head=1 worker=2 block_r=0 block_c=0 t0_us=3757995115 t1_us=3757995131 dur_us=16
FIG8_ATTENTION_EVENT mode=baseline phase=measure iteration=9 component=qk_dot component_id=4 lut_exp=0 qo_len=16 kv_len=4096 n_heads=12 n_kv_heads=2 head_dim=128 kv_head=0 worker=3 block_r=0 block_c=0 t0_us=3757995131 t1_us=3757995133 dur_us=1
FIG8_ATTENTION_EVENT mode=baseline phase=measure iteration=9 component=qk_dot component_id=4 lut_exp=0 qo_len=16 kv_len=4096 n_heads=12 n_kv_heads=2 head_dim=128 kv_head=1 worker=2 block_r=0 block_c=0 t0_us=3757995131 t1_us=3757995134 dur_us=2
FIG8_ATTENTION_EVENT mode=baseline phase=measure iteration=9 component=safe_sm component_id=5 lut_exp=0 qo_len=16 kv_len=4096 n_heads=12 n_kv_heads=2 head_dim=128 kv_head=1 worker=2 block_r=0 block_c=0 t0_us=3757995135 t1_us=3757995206 dur_us=71
FIG8_ATTENTION_EVENT mode=baseline phase=measure iteration=9 component=safe_sm component_id=5 lut_exp=0 qo_len=16 kv_len=4096 n_heads=12 n_kv_heads=2 head_dim=128 kv_head=0 worker=3 block_r=0 block_c=0 t0_us=3757995134 t1_us=3757995207 dur_us=72
FIG8_ATTENTION_EVENT mode=baseline phase=measure iteration=9 component=v_load component_id=3 lut_exp=0 qo_len=16 kv_len=4096 n_heads=12 n_kv_heads=2 head_dim=128 kv_head=1 worker=2 block_r=0 block_c=0 t0_us=3757995207 t1_us=3757995228 dur_us=20
FIG8_ATTENTION_EVENT mode=baseline phase=measure iteration=9 component=v_load component_id=3 lut_exp=0 qo_len=16 kv_len=4096 n_heads=12 n_kv_heads=2 head_dim=128 kv_head=0 worker=3 block_r=0 block_c=0 t0_us=3757995207 t1_us=3757995230 dur_us=22
FIG8_ATTENTION_EVENT mode=baseline phase=measure iteration=9 component=core_acc component_id=6 lut_exp=0 qo_len=16 kv_len=4096 n_heads=12 n_kv_heads=2 head_dim=128 kv_head=1 worker=2 block_r=0 block_c=0 t0_us=3757995229 t1_us=3757995231 dur_us=2
FIG8_ATTENTION_EVENT mode=baseline phase=measure iteration=9 component=core_acc component_id=6 lut_exp=0 qo_len=16 kv_len=4096 n_heads=12 n_kv_heads=2 head_dim=128 kv_head=0 worker=3 block_r=0 block_c=0 t0_us=3757995230 t1_us=3757995233 dur_us=2
FIG8_ATTENTION_EVENT mode=baseline phase=measure iteration=9 component=k_load component_id=2 lut_exp=0 qo_len=16 kv_len=4096 n_heads=12 n_kv_heads=2 head_dim=128 kv_head=0 worker=3 block_r=0 block_c=832 t0_us=3757995233 t1_us=3757995251 dur_us=18
FIG8_ATTENTION_EVENT mode=baseline phase=measure iteration=9 component=k_load component_id=2 lut_exp=0 qo_len=16 kv_len=4096 n_heads=12 n_kv_heads=2 head_dim=128 kv_head=1 worker=2 block_r=0 block_c=832 t0_us=3757995232 t1_us=3757995251 dur_us=19
FIG8_ATTENTION_EVENT mode=baseline phase=measure iteration=9 component=qk_dot component_id=4 lut_exp=0 qo_len=16 kv_len=4096 n_heads=12 n_kv_heads=2 head_dim=128 kv_head=0 worker=3 block_r=0 block_c=832 t0_us=3757995251 t1_us=3757995252 dur_us=1
FIG8_ATTENTION_EVENT mode=baseline phase=measure iteration=9 component=qk_dot component_id=4 lut_exp=0 qo_len=16 kv_len=4096 n_heads=12 n_kv_heads=2 head_dim=128 kv_head=1 worker=2 block_r=0 block_c=832 t0_us=3757995251 t1_us=3757995254 dur_us=2
FIG8_ATTENTION_EVENT mode=baseline phase=measure iteration=9 component=safe_sm component_id=5 lut_exp=0 qo_len=16 kv_len=4096 n_heads=12 n_kv_heads=2 head_dim=128 kv_head=0 worker=3 block_r=0 block_c=832 t0_us=3757995252 t1_us=3757995325 dur_us=72
FIG8_ATTENTION_EVENT mode=baseline phase=measure iteration=9 component=safe_sm component_id=5 lut_exp=0 qo_len=16 kv_len=4096 n_heads=12 n_kv_heads=2 head_dim=128 kv_head=1 worker=2 block_r=0 block_c=832 t0_us=3757995254 t1_us=3757995325 dur_us=71
FIG8_ATTENTION_EVENT mode=baseline phase=measure iteration=9 component=v_load component_id=3 lut_exp=0 qo_len=16 kv_len=4096 n_heads=12 n_kv_heads=2 head_dim=128 kv_head=1 worker=2 block_r=0 block_c=832 t0_us=3757995325 t1_us=3757995340 dur_us=14
FIG8_ATTENTION_EVENT mode=baseline phase=measure iteration=9 component=core_acc component_id=6 lut_exp=0 qo_len=16 kv_len=4096 n_heads=12 n_kv_heads=2 head_dim=128 kv_head=1 worker=2 block_r=0 block_c=832 t0_us=3757995340 t1_us=3757995340 dur_us=0
FIG8_ATTENTION_EVENT mode=baseline phase=measure iteration=9 component=v_load component_id=3 lut_exp=0 qo_len=16 kv_len=4096 n_heads=12 n_kv_heads=2 head_dim=128 kv_head=0 worker=3 block_r=0 block_c=832 t0_us=3757995325 t1_us=3757995342 dur_us=16
FIG8_ATTENTION_EVENT mode=baseline phase=measure iteration=9 component=core_acc component_id=6 lut_exp=0 qo_len=16 kv_len=4096 n_heads=12 n_kv_heads=2 head_dim=128 kv_head=0 worker=3 block_r=0 block_c=832 t0_us=3757995342 t1_us=3757995342 dur_us=0
FIG8_ATTENTION_EVENT mode=baseline phase=measure iteration=9 component=k_load component_id=2 lut_exp=0 qo_len=16 kv_len=4096 n_heads=12 n_kv_heads=2 head_dim=128 kv_head=1 worker=2 block_r=0 block_c=1664 t0_us=3757995340 t1_us=3757995356 dur_us=15
FIG8_ATTENTION_EVENT mode=baseline phase=measure iteration=9 component=qk_dot component_id=4 lut_exp=0 qo_len=16 kv_len=4096 n_heads=12 n_kv_heads=2 head_dim=128 kv_head=1 worker=2 block_r=0 block_c=1664 t0_us=3757995356 t1_us=3757995358 dur_us=1
FIG8_ATTENTION_EVENT mode=baseline phase=measure iteration=9 component=k_load component_id=2 lut_exp=0 qo_len=16 kv_len=4096 n_heads=12 n_kv_heads=2 head_dim=128 kv_head=0 worker=3 block_r=0 block_c=1664 t0_us=3757995342 t1_us=3757995358 dur_us=15
FIG8_ATTENTION_EVENT mode=baseline phase=measure iteration=9 component=qk_dot component_id=4 lut_exp=0 qo_len=16 kv_len=4096 n_heads=12 n_kv_heads=2 head_dim=128 kv_head=0 worker=3 block_r=0 block_c=1664 t0_us=3757995358 t1_us=3757995360 dur_us=1
FIG8_ATTENTION_EVENT mode=baseline phase=measure iteration=9 component=safe_sm component_id=5 lut_exp=0 qo_len=16 kv_len=4096 n_heads=12 n_kv_heads=2 head_dim=128 kv_head=1 worker=2 block_r=0 block_c=1664 t0_us=3757995358 t1_us=3757995432 dur_us=74
FIG8_ATTENTION_EVENT mode=baseline phase=measure iteration=9 component=safe_sm component_id=5 lut_exp=0 qo_len=16 kv_len=4096 n_heads=12 n_kv_heads=2 head_dim=128 kv_head=0 worker=3 block_r=0 block_c=1664 t0_us=3757995360 t1_us=3757995432 dur_us=72
FIG8_ATTENTION_EVENT mode=baseline phase=measure iteration=9 component=v_load component_id=3 lut_exp=0 qo_len=16 kv_len=4096 n_heads=12 n_kv_heads=2 head_dim=128 kv_head=1 worker=2 block_r=0 block_c=1664 t0_us=3757995432 t1_us=3757995445 dur_us=12
FIG8_ATTENTION_EVENT mode=baseline phase=measure iteration=9 component=core_acc component_id=6 lut_exp=0 qo_len=16 kv_len=4096 n_heads=12 n_kv_heads=2 head_dim=128 kv_head=1 worker=2 block_r=0 block_c=1664 t0_us=3757995445 t1_us=3757995445 dur_us=0
FIG8_ATTENTION_EVENT mode=baseline phase=measure iteration=9 component=v_load component_id=3 lut_exp=0 qo_len=16 kv_len=4096 n_heads=12 n_kv_heads=2 head_dim=128 kv_head=0 worker=3 block_r=0 block_c=1664 t0_us=3757995432 t1_us=3757995446 dur_us=13
FIG8_ATTENTION_EVENT mode=baseline phase=measure iteration=9 component=core_acc component_id=6 lut_exp=0 qo_len=16 kv_len=4096 n_heads=12 n_kv_heads=2 head_dim=128 kv_head=0 worker=3 block_r=0 block_c=1664 t0_us=3757995446 t1_us=3757995447 dur_us=1
FIG8_ATTENTION_EVENT mode=baseline phase=measure iteration=9 component=k_load component_id=2 lut_exp=0 qo_len=16 kv_len=4096 n_heads=12 n_kv_heads=2 head_dim=128 kv_head=1 worker=2 block_r=0 block_c=2496 t0_us=3757995446 t1_us=3757995463 dur_us=17
FIG8_ATTENTION_EVENT mode=baseline phase=measure iteration=9 component=qk_dot component_id=4 lut_exp=0 qo_len=16 kv_len=4096 n_heads=12 n_kv_heads=2 head_dim=128 kv_head=1 worker=2 block_r=0 block_c=2496 t0_us=3757995463 t1_us=3757995465 dur_us=1
FIG8_ATTENTION_EVENT mode=baseline phase=measure iteration=9 component=k_load component_id=2 lut_exp=0 qo_len=16 kv_len=4096 n_heads=12 n_kv_heads=2 head_dim=128 kv_head=0 worker=3 block_r=0 block_c=2496 t0_us=3757995447 t1_us=3757995465 dur_us=17
FIG8_ATTENTION_EVENT mode=baseline phase=measure iteration=9 component=qk_dot component_id=4 lut_exp=0 qo_len=16 kv_len=4096 n_heads=12 n_kv_heads=2 head_dim=128 kv_head=0 worker=3 block_r=0 block_c=2496 t0_us=3757995465 t1_us=3757995466 dur_us=1
FIG8_ATTENTION_EVENT mode=baseline phase=measure iteration=9 component=safe_sm component_id=5 lut_exp=0 qo_len=16 kv_len=4096 n_heads=12 n_kv_heads=2 head_dim=128 kv_head=1 worker=2 block_r=0 block_c=2496 t0_us=3757995465 t1_us=3757995538 dur_us=73
FIG8_ATTENTION_EVENT mode=baseline phase=measure iteration=9 component=safe_sm component_id=5 lut_exp=0 qo_len=16 kv_len=4096 n_heads=12 n_kv_heads=2 head_dim=128 kv_head=0 worker=3 block_r=0 block_c=2496 t0_us=3757995466 t1_us=3757995538 dur_us=71
FIG8_ATTENTION_EVENT mode=baseline phase=measure iteration=9 component=v_load component_id=3 lut_exp=0 qo_len=16 kv_len=4096 n_heads=12 n_kv_heads=2 head_dim=128 kv_head=0 worker=3 block_r=0 block_c=2496 t0_us=3757995538 t1_us=3757995550 dur_us=12
FIG8_ATTENTION_EVENT mode=baseline phase=measure iteration=9 component=core_acc component_id=6 lut_exp=0 qo_len=16 kv_len=4096 n_heads=12 n_kv_heads=2 head_dim=128 kv_head=0 worker=3 block_r=0 block_c=2496 t0_us=3757995550 t1_us=3757995551 dur_us=0
FIG8_ATTENTION_EVENT mode=baseline phase=measure iteration=9 component=v_load component_id=3 lut_exp=0 qo_len=16 kv_len=4096 n_heads=12 n_kv_heads=2 head_dim=128 kv_head=1 worker=2 block_r=0 block_c=2496 t0_us=3757995538 t1_us=3757995551 dur_us=13
FIG8_ATTENTION_EVENT mode=baseline phase=measure iteration=9 component=core_acc component_id=6 lut_exp=0 qo_len=16 kv_len=4096 n_heads=12 n_kv_heads=2 head_dim=128 kv_head=1 worker=2 block_r=0 block_c=2496 t0_us=3757995551 t1_us=3757995553 dur_us=1
FIG8_ATTENTION_EVENT mode=baseline phase=measure iteration=9 component=k_load component_id=2 lut_exp=0 qo_len=16 kv_len=4096 n_heads=12 n_kv_heads=2 head_dim=128 kv_head=0 worker=3 block_r=0 block_c=3328 t0_us=3757995551 t1_us=3757995566 dur_us=15
FIG8_ATTENTION_EVENT mode=baseline phase=measure iteration=9 component=qk_dot component_id=4 lut_exp=0 qo_len=16 kv_len=4096 n_heads=12 n_kv_heads=2 head_dim=128 kv_head=0 worker=3 block_r=0 block_c=3328 t0_us=3757995566 t1_us=3757995567 dur_us=0
FIG8_ATTENTION_EVENT mode=baseline phase=measure iteration=9 component=k_load component_id=2 lut_exp=0 qo_len=16 kv_len=4096 n_heads=12 n_kv_heads=2 head_dim=128 kv_head=1 worker=2 block_r=0 block_c=3328 t0_us=3757995553 t1_us=3757995568 dur_us=15
FIG8_ATTENTION_EVENT mode=baseline phase=measure iteration=9 component=qk_dot component_id=4 lut_exp=0 qo_len=16 kv_len=4096 n_heads=12 n_kv_heads=2 head_dim=128 kv_head=1 worker=2 block_r=0 block_c=3328 t0_us=3757995568 t1_us=3757995569 dur_us=1
FIG8_ATTENTION_EVENT mode=baseline phase=measure iteration=9 component=safe_sm component_id=5 lut_exp=0 qo_len=16 kv_len=4096 n_heads=12 n_kv_heads=2 head_dim=128 kv_head=0 worker=3 block_r=0 block_c=3328 t0_us=3757995567 t1_us=3757995634 dur_us=66
FIG8_ATTENTION_EVENT mode=baseline phase=measure iteration=9 component=safe_sm component_id=5 lut_exp=0 qo_len=16 kv_len=4096 n_heads=12 n_kv_heads=2 head_dim=128 kv_head=1 worker=2 block_r=0 block_c=3328 t0_us=3757995569 t1_us=3757995634 dur_us=65
FIG8_ATTENTION_EVENT mode=baseline phase=measure iteration=9 component=v_load component_id=3 lut_exp=0 qo_len=16 kv_len=4096 n_heads=12 n_kv_heads=2 head_dim=128 kv_head=0 worker=3 block_r=0 block_c=3328 t0_us=3757995635 t1_us=3757995644 dur_us=9
FIG8_ATTENTION_EVENT mode=baseline phase=measure iteration=9 component=core_acc component_id=6 lut_exp=0 qo_len=16 kv_len=4096 n_heads=12 n_kv_heads=2 head_dim=128 kv_head=0 worker=3 block_r=0 block_c=3328 t0_us=3757995644 t1_us=3757995644 dur_us=0
FIG8_ATTENTION_EVENT mode=baseline phase=measure iteration=9 component=v_load component_id=3 lut_exp=0 qo_len=16 kv_len=4096 n_heads=12 n_kv_heads=2 head_dim=128 kv_head=1 worker=2 block_r=0 block_c=3328 t0_us=3757995635 t1_us=3757995645 dur_us=10
FIG8_ATTENTION_EVENT mode=baseline phase=measure iteration=9 component=o_scale component_id=7 lut_exp=0 qo_len=16 kv_len=4096 n_heads=12 n_kv_heads=2 head_dim=128 kv_head=0 worker=3 block_r=0 block_c=-1 t0_us=3757995645 t1_us=3757995646 dur_us=1
FIG8_ATTENTION_EVENT mode=baseline phase=measure iteration=9 component=core_acc component_id=6 lut_exp=0 qo_len=16 kv_len=4096 n_heads=12 n_kv_heads=2 head_dim=128 kv_head=1 worker=2 block_r=0 block_c=3328 t0_us=3757995646 t1_us=3757995648 dur_us=1
FIG8_ATTENTION_EVENT mode=baseline phase=measure iteration=9 component=o_scale component_id=7 lut_exp=0 qo_len=16 kv_len=4096 n_heads=12 n_kv_heads=2 head_dim=128 kv_head=1 worker=2 block_r=0 block_c=-1 t0_us=3757995649 t1_us=3757995649 dur_us=0
FIG8_ATTENTION_EVENT mode=baseline phase=measure iteration=9 component=o_store component_id=8 lut_exp=0 qo_len=16 kv_len=4096 n_heads=12 n_kv_heads=2 head_dim=128 kv_head=0 worker=3 block_r=0 block_c=-1 t0_us=3757995646 t1_us=3757995652 dur_us=6
FIG8_ATTENTION_EVENT mode=baseline phase=measure iteration=9 component=o_store component_id=8 lut_exp=0 qo_len=16 kv_len=4096 n_heads=12 n_kv_heads=2 head_dim=128 kv_head=1 worker=2 block_r=0 block_c=-1 t0_us=3757995649 t1_us=3757995655 dur_us=5
FIG8_ATTENTION_HOST_TIMING mode=baseline qo_len=16 kv_len=4096 n_heads=12 n_kv_heads=2 head_dim=128 phase=measure iteration=10 host_elapsed_us=859 ret=0
FIG8_ATTENTION_PROFILE_COUNT mode=baseline qo_len=16 phase=measure iteration=10 records=2 max_records=10
FIG8_ATTENTION_TIMERS mode=baseline phase=measure iteration=10 lut_exp=0 qo_len=16 kv_len=4096 n_heads=12 n_kv_heads=2 head_dim=128 kv_head=1 worker=1 profiled_total=541 q_load=4 k_load=93 v_load=67 qk_dot=7 safe_sm=360 core_acc=3 o_scale=1 o_store=6
FIG8_ATTENTION_TIMERS mode=baseline phase=measure iteration=10 lut_exp=0 qo_len=16 kv_len=4096 n_heads=12 n_kv_heads=2 head_dim=128 kv_head=0 worker=4 profiled_total=541 q_load=4 k_load=91 v_load=71 qk_dot=7 safe_sm=355 core_acc=7 o_scale=0 o_store=6
FIG8_ATTENTION_EVENT_COUNT mode=baseline qo_len=16 phase=measure iteration=10 events=56 max_events=12512 overflow=0
FIG8_ATTENTION_EVENT mode=baseline phase=measure iteration=10 component=q_load component_id=1 lut_exp=0 qo_len=16 kv_len=4096 n_heads=12 n_kv_heads=2 head_dim=128 kv_head=0 worker=4 block_r=0 block_c=-1 t0_us=3757996517 t1_us=3757996521 dur_us=4
FIG8_ATTENTION_EVENT mode=baseline phase=measure iteration=10 component=q_load component_id=1 lut_exp=0 qo_len=16 kv_len=4096 n_heads=12 n_kv_heads=2 head_dim=128 kv_head=1 worker=1 block_r=0 block_c=-1 t0_us=3757996517 t1_us=3757996521 dur_us=4
FIG8_ATTENTION_EVENT mode=baseline phase=measure iteration=10 component=k_load component_id=2 lut_exp=0 qo_len=16 kv_len=4096 n_heads=12 n_kv_heads=2 head_dim=128 kv_head=0 worker=4 block_r=0 block_c=0 t0_us=3757996523 t1_us=3757996544 dur_us=20
FIG8_ATTENTION_EVENT mode=baseline phase=measure iteration=10 component=k_load component_id=2 lut_exp=0 qo_len=16 kv_len=4096 n_heads=12 n_kv_heads=2 head_dim=128 kv_head=1 worker=1 block_r=0 block_c=0 t0_us=3757996523 t1_us=3757996544 dur_us=20
FIG8_ATTENTION_EVENT mode=baseline phase=measure iteration=10 component=qk_dot component_id=4 lut_exp=0 qo_len=16 kv_len=4096 n_heads=12 n_kv_heads=2 head_dim=128 kv_head=0 worker=4 block_r=0 block_c=0 t0_us=3757996545 t1_us=3757996546 dur_us=1
FIG8_ATTENTION_EVENT mode=baseline phase=measure iteration=10 component=qk_dot component_id=4 lut_exp=0 qo_len=16 kv_len=4096 n_heads=12 n_kv_heads=2 head_dim=128 kv_head=1 worker=1 block_r=0 block_c=0 t0_us=3757996545 t1_us=3757996548 dur_us=2
FIG8_ATTENTION_EVENT mode=baseline phase=measure iteration=10 component=safe_sm component_id=5 lut_exp=0 qo_len=16 kv_len=4096 n_heads=12 n_kv_heads=2 head_dim=128 kv_head=1 worker=1 block_r=0 block_c=0 t0_us=3757996548 t1_us=3757996621 dur_us=73
FIG8_ATTENTION_EVENT mode=baseline phase=measure iteration=10 component=safe_sm component_id=5 lut_exp=0 qo_len=16 kv_len=4096 n_heads=12 n_kv_heads=2 head_dim=128 kv_head=0 worker=4 block_r=0 block_c=0 t0_us=3757996547 t1_us=3757996622 dur_us=74
FIG8_ATTENTION_EVENT mode=baseline phase=measure iteration=10 component=v_load component_id=3 lut_exp=0 qo_len=16 kv_len=4096 n_heads=12 n_kv_heads=2 head_dim=128 kv_head=1 worker=1 block_r=0 block_c=0 t0_us=3757996622 t1_us=3757996642 dur_us=20
FIG8_ATTENTION_EVENT mode=baseline phase=measure iteration=10 component=core_acc component_id=6 lut_exp=0 qo_len=16 kv_len=4096 n_heads=12 n_kv_heads=2 head_dim=128 kv_head=1 worker=1 block_r=0 block_c=0 t0_us=3757996642 t1_us=3757996642 dur_us=0
FIG8_ATTENTION_EVENT mode=baseline phase=measure iteration=10 component=v_load component_id=3 lut_exp=0 qo_len=16 kv_len=4096 n_heads=12 n_kv_heads=2 head_dim=128 kv_head=0 worker=4 block_r=0 block_c=0 t0_us=3757996622 t1_us=3757996644 dur_us=21
FIG8_ATTENTION_EVENT mode=baseline phase=measure iteration=10 component=core_acc component_id=6 lut_exp=0 qo_len=16 kv_len=4096 n_heads=12 n_kv_heads=2 head_dim=128 kv_head=0 worker=4 block_r=0 block_c=0 t0_us=3757996644 t1_us=3757996644 dur_us=0
FIG8_ATTENTION_EVENT mode=baseline phase=measure iteration=10 component=k_load component_id=2 lut_exp=0 qo_len=16 kv_len=4096 n_heads=12 n_kv_heads=2 head_dim=128 kv_head=1 worker=1 block_r=0 block_c=832 t0_us=3757996644 t1_us=3757996661 dur_us=17
FIG8_ATTENTION_EVENT mode=baseline phase=measure iteration=10 component=k_load component_id=2 lut_exp=0 qo_len=16 kv_len=4096 n_heads=12 n_kv_heads=2 head_dim=128 kv_head=0 worker=4 block_r=0 block_c=832 t0_us=3757996645 t1_us=3757996662 dur_us=17
FIG8_ATTENTION_EVENT mode=baseline phase=measure iteration=10 component=qk_dot component_id=4 lut_exp=0 qo_len=16 kv_len=4096 n_heads=12 n_kv_heads=2 head_dim=128 kv_head=1 worker=1 block_r=0 block_c=832 t0_us=3757996661 t1_us=3757996662 dur_us=1
FIG8_ATTENTION_EVENT mode=baseline phase=measure iteration=10 component=qk_dot component_id=4 lut_exp=0 qo_len=16 kv_len=4096 n_heads=12 n_kv_heads=2 head_dim=128 kv_head=0 worker=4 block_r=0 block_c=832 t0_us=3757996662 t1_us=3757996664 dur_us=1
FIG8_ATTENTION_EVENT mode=baseline phase=measure iteration=10 component=safe_sm component_id=5 lut_exp=0 qo_len=16 kv_len=4096 n_heads=12 n_kv_heads=2 head_dim=128 kv_head=1 worker=1 block_r=0 block_c=832 t0_us=3757996662 t1_us=3757996734 dur_us=71
FIG8_ATTENTION_EVENT mode=baseline phase=measure iteration=10 component=safe_sm component_id=5 lut_exp=0 qo_len=16 kv_len=4096 n_heads=12 n_kv_heads=2 head_dim=128 kv_head=0 worker=4 block_r=0 block_c=832 t0_us=3757996664 t1_us=3757996734 dur_us=70
FIG8_ATTENTION_EVENT mode=baseline phase=measure iteration=10 component=v_load component_id=3 lut_exp=0 qo_len=16 kv_len=4096 n_heads=12 n_kv_heads=2 head_dim=128 kv_head=1 worker=1 block_r=0 block_c=832 t0_us=3757996734 t1_us=3757996750 dur_us=15
FIG8_ATTENTION_EVENT mode=baseline phase=measure iteration=10 component=v_load component_id=3 lut_exp=0 qo_len=16 kv_len=4096 n_heads=12 n_kv_heads=2 head_dim=128 kv_head=0 worker=4 block_r=0 block_c=832 t0_us=3757996734 t1_us=3757996751 dur_us=16
FIG8_ATTENTION_EVENT mode=baseline phase=measure iteration=10 component=core_acc component_id=6 lut_exp=0 qo_len=16 kv_len=4096 n_heads=12 n_kv_heads=2 head_dim=128 kv_head=1 worker=1 block_r=0 block_c=832 t0_us=3757996750 t1_us=3757996751 dur_us=0
FIG8_ATTENTION_EVENT mode=baseline phase=measure iteration=10 component=core_acc component_id=6 lut_exp=0 qo_len=16 kv_len=4096 n_heads=12 n_kv_heads=2 head_dim=128 kv_head=0 worker=4 block_r=0 block_c=832 t0_us=3757996751 t1_us=3757996752 dur_us=1
FIG8_ATTENTION_EVENT mode=baseline phase=measure iteration=10 component=k_load component_id=2 lut_exp=0 qo_len=16 kv_len=4096 n_heads=12 n_kv_heads=2 head_dim=128 kv_head=1 worker=1 block_r=0 block_c=1664 t0_us=3757996751 t1_us=3757996770 dur_us=19
FIG8_ATTENTION_EVENT mode=baseline phase=measure iteration=10 component=k_load component_id=2 lut_exp=0 qo_len=16 kv_len=4096 n_heads=12 n_kv_heads=2 head_dim=128 kv_head=0 worker=4 block_r=0 block_c=1664 t0_us=3757996752 t1_us=3757996770 dur_us=18
FIG8_ATTENTION_EVENT mode=baseline phase=measure iteration=10 component=qk_dot component_id=4 lut_exp=0 qo_len=16 kv_len=4096 n_heads=12 n_kv_heads=2 head_dim=128 kv_head=1 worker=1 block_r=0 block_c=1664 t0_us=3757996770 t1_us=3757996771 dur_us=1
FIG8_ATTENTION_EVENT mode=baseline phase=measure iteration=10 component=qk_dot component_id=4 lut_exp=0 qo_len=16 kv_len=4096 n_heads=12 n_kv_heads=2 head_dim=128 kv_head=0 worker=4 block_r=0 block_c=1664 t0_us=3757996770 t1_us=3757996772 dur_us=1
FIG8_ATTENTION_EVENT mode=baseline phase=measure iteration=10 component=safe_sm component_id=5 lut_exp=0 qo_len=16 kv_len=4096 n_heads=12 n_kv_heads=2 head_dim=128 kv_head=1 worker=1 block_r=0 block_c=1664 t0_us=3757996771 t1_us=3757996845 dur_us=73
FIG8_ATTENTION_EVENT mode=baseline phase=measure iteration=10 component=safe_sm component_id=5 lut_exp=0 qo_len=16 kv_len=4096 n_heads=12 n_kv_heads=2 head_dim=128 kv_head=0 worker=4 block_r=0 block_c=1664 t0_us=3757996772 t1_us=3757996845 dur_us=72
FIG8_ATTENTION_EVENT mode=baseline phase=measure iteration=10 component=v_load component_id=3 lut_exp=0 qo_len=16 kv_len=4096 n_heads=12 n_kv_heads=2 head_dim=128 kv_head=1 worker=1 block_r=0 block_c=1664 t0_us=3757996845 t1_us=3757996855 dur_us=10
FIG8_ATTENTION_EVENT mode=baseline phase=measure iteration=10 component=core_acc component_id=6 lut_exp=0 qo_len=16 kv_len=4096 n_heads=12 n_kv_heads=2 head_dim=128 kv_head=1 worker=1 block_r=0 block_c=1664 t0_us=3757996856 t1_us=3757996856 dur_us=0
FIG8_ATTENTION_EVENT mode=baseline phase=measure iteration=10 component=v_load component_id=3 lut_exp=0 qo_len=16 kv_len=4096 n_heads=12 n_kv_heads=2 head_dim=128 kv_head=0 worker=4 block_r=0 block_c=1664 t0_us=3757996845 t1_us=3757996857 dur_us=12
FIG8_ATTENTION_EVENT mode=baseline phase=measure iteration=10 component=core_acc component_id=6 lut_exp=0 qo_len=16 kv_len=4096 n_heads=12 n_kv_heads=2 head_dim=128 kv_head=0 worker=4 block_r=0 block_c=1664 t0_us=3757996857 t1_us=3757996858 dur_us=1
FIG8_ATTENTION_EVENT mode=baseline phase=measure iteration=10 component=k_load component_id=2 lut_exp=0 qo_len=16 kv_len=4096 n_heads=12 n_kv_heads=2 head_dim=128 kv_head=1 worker=1 block_r=0 block_c=2496 t0_us=3757996856 t1_us=3757996876 dur_us=19
FIG8_ATTENTION_EVENT mode=baseline phase=measure iteration=10 component=qk_dot component_id=4 lut_exp=0 qo_len=16 kv_len=4096 n_heads=12 n_kv_heads=2 head_dim=128 kv_head=1 worker=1 block_r=0 block_c=2496 t0_us=3757996876 t1_us=3757996877 dur_us=1
FIG8_ATTENTION_EVENT mode=baseline phase=measure iteration=10 component=k_load component_id=2 lut_exp=0 qo_len=16 kv_len=4096 n_heads=12 n_kv_heads=2 head_dim=128 kv_head=0 worker=4 block_r=0 block_c=2496 t0_us=3757996859 t1_us=3757996878 dur_us=19
FIG8_ATTENTION_EVENT mode=baseline phase=measure iteration=10 component=qk_dot component_id=4 lut_exp=0 qo_len=16 kv_len=4096 n_heads=12 n_kv_heads=2 head_dim=128 kv_head=0 worker=4 block_r=0 block_c=2496 t0_us=3757996878 t1_us=3757996879 dur_us=1
FIG8_ATTENTION_EVENT mode=baseline phase=measure iteration=10 component=safe_sm component_id=5 lut_exp=0 qo_len=16 kv_len=4096 n_heads=12 n_kv_heads=2 head_dim=128 kv_head=1 worker=1 block_r=0 block_c=2496 t0_us=3757996877 t1_us=3757996950 dur_us=73
FIG8_ATTENTION_EVENT mode=baseline phase=measure iteration=10 component=safe_sm component_id=5 lut_exp=0 qo_len=16 kv_len=4096 n_heads=12 n_kv_heads=2 head_dim=128 kv_head=0 worker=4 block_r=0 block_c=2496 t0_us=3757996879 t1_us=3757996950 dur_us=70
FIG8_ATTENTION_EVENT mode=baseline phase=measure iteration=10 component=v_load component_id=3 lut_exp=0 qo_len=16 kv_len=4096 n_heads=12 n_kv_heads=2 head_dim=128 kv_head=1 worker=1 block_r=0 block_c=2496 t0_us=3757996950 t1_us=3757996963 dur_us=12
FIG8_ATTENTION_EVENT mode=baseline phase=measure iteration=10 component=v_load component_id=3 lut_exp=0 qo_len=16 kv_len=4096 n_heads=12 n_kv_heads=2 head_dim=128 kv_head=0 worker=4 block_r=0 block_c=2496 t0_us=3757996950 t1_us=3757996963 dur_us=12
FIG8_ATTENTION_EVENT mode=baseline phase=measure iteration=10 component=core_acc component_id=6 lut_exp=0 qo_len=16 kv_len=4096 n_heads=12 n_kv_heads=2 head_dim=128 kv_head=1 worker=1 block_r=0 block_c=2496 t0_us=3757996963 t1_us=3757996964 dur_us=0
FIG8_ATTENTION_EVENT mode=baseline phase=measure iteration=10 component=core_acc component_id=6 lut_exp=0 qo_len=16 kv_len=4096 n_heads=12 n_kv_heads=2 head_dim=128 kv_head=0 worker=4 block_r=0 block_c=2496 t0_us=3757996963 t1_us=3757996965 dur_us=2
FIG8_ATTENTION_EVENT mode=baseline phase=measure iteration=10 component=k_load component_id=2 lut_exp=0 qo_len=16 kv_len=4096 n_heads=12 n_kv_heads=2 head_dim=128 kv_head=1 worker=1 block_r=0 block_c=3328 t0_us=3757996964 t1_us=3757996980 dur_us=16
FIG8_ATTENTION_EVENT mode=baseline phase=measure iteration=10 component=k_load component_id=2 lut_exp=0 qo_len=16 kv_len=4096 n_heads=12 n_kv_heads=2 head_dim=128 kv_head=0 worker=4 block_r=0 block_c=3328 t0_us=3757996965 t1_us=3757996981 dur_us=16
FIG8_ATTENTION_EVENT mode=baseline phase=measure iteration=10 component=qk_dot component_id=4 lut_exp=0 qo_len=16 kv_len=4096 n_heads=12 n_kv_heads=2 head_dim=128 kv_head=1 worker=1 block_r=0 block_c=3328 t0_us=3757996980 t1_us=3757996981 dur_us=0
FIG8_ATTENTION_EVENT mode=baseline phase=measure iteration=10 component=qk_dot component_id=4 lut_exp=0 qo_len=16 kv_len=4096 n_heads=12 n_kv_heads=2 head_dim=128 kv_head=0 worker=4 block_r=0 block_c=3328 t0_us=3757996981 t1_us=3757996983 dur_us=1
FIG8_ATTENTION_EVENT mode=baseline phase=measure iteration=10 component=safe_sm component_id=5 lut_exp=0 qo_len=16 kv_len=4096 n_heads=12 n_kv_heads=2 head_dim=128 kv_head=1 worker=1 block_r=0 block_c=3328 t0_us=3757996982 t1_us=3757997050 dur_us=68
FIG8_ATTENTION_EVENT mode=baseline phase=measure iteration=10 component=safe_sm component_id=5 lut_exp=0 qo_len=16 kv_len=4096 n_heads=12 n_kv_heads=2 head_dim=128 kv_head=0 worker=4 block_r=0 block_c=3328 t0_us=3757996983 t1_us=3757997050 dur_us=67
FIG8_ATTENTION_EVENT mode=baseline phase=measure iteration=10 component=v_load component_id=3 lut_exp=0 qo_len=16 kv_len=4096 n_heads=12 n_kv_heads=2 head_dim=128 kv_head=1 worker=1 block_r=0 block_c=3328 t0_us=3757997050 t1_us=3757997059 dur_us=8
FIG8_ATTENTION_EVENT mode=baseline phase=measure iteration=10 component=v_load component_id=3 lut_exp=0 qo_len=16 kv_len=4096 n_heads=12 n_kv_heads=2 head_dim=128 kv_head=0 worker=4 block_r=0 block_c=3328 t0_us=3757997050 t1_us=3757997059 dur_us=8
FIG8_ATTENTION_EVENT mode=baseline phase=measure iteration=10 component=core_acc component_id=6 lut_exp=0 qo_len=16 kv_len=4096 n_heads=12 n_kv_heads=2 head_dim=128 kv_head=1 worker=1 block_r=0 block_c=3328 t0_us=3757997059 t1_us=3757997059 dur_us=0
FIG8_ATTENTION_EVENT mode=baseline phase=measure iteration=10 component=core_acc component_id=6 lut_exp=0 qo_len=16 kv_len=4096 n_heads=12 n_kv_heads=2 head_dim=128 kv_head=0 worker=4 block_r=0 block_c=3328 t0_us=3757997059 t1_us=3757997061 dur_us=1
FIG8_ATTENTION_EVENT mode=baseline phase=measure iteration=10 component=o_scale component_id=7 lut_exp=0 qo_len=16 kv_len=4096 n_heads=12 n_kv_heads=2 head_dim=128 kv_head=1 worker=1 block_r=0 block_c=-1 t0_us=3757997060 t1_us=3757997061 dur_us=1
FIG8_ATTENTION_EVENT mode=baseline phase=measure iteration=10 component=o_scale component_id=7 lut_exp=0 qo_len=16 kv_len=4096 n_heads=12 n_kv_heads=2 head_dim=128 kv_head=0 worker=4 block_r=0 block_c=-1 t0_us=3757997061 t1_us=3757997061 dur_us=0
FIG8_ATTENTION_EVENT mode=baseline phase=measure iteration=10 component=o_store component_id=8 lut_exp=0 qo_len=16 kv_len=4096 n_heads=12 n_kv_heads=2 head_dim=128 kv_head=0 worker=4 block_r=0 block_c=-1 t0_us=3757997062 t1_us=3757997068 dur_us=6
FIG8_ATTENTION_EVENT mode=baseline phase=measure iteration=10 component=o_store component_id=8 lut_exp=0 qo_len=16 kv_len=4096 n_heads=12 n_kv_heads=2 head_dim=128 kv_head=1 worker=1 block_r=0 block_c=-1 t0_us=3757997062 t1_us=3757997068 dur_us=6
FIG8_ATTENTION_HOST_TIMING mode=baseline qo_len=16 kv_len=4096 n_heads=12 n_kv_heads=2 head_dim=128 phase=measure iteration=11 host_elapsed_us=850 ret=0
FIG8_ATTENTION_PROFILE_COUNT mode=baseline qo_len=16 phase=measure iteration=11 records=2 max_records=10
FIG8_ATTENTION_TIMERS mode=baseline phase=measure iteration=11 lut_exp=0 qo_len=16 kv_len=4096 n_heads=12 n_kv_heads=2 head_dim=128 kv_head=1 worker=3 profiled_total=538 q_load=4 k_load=88 v_load=70 qk_dot=7 safe_sm=356 core_acc=7 o_scale=0 o_store=6
FIG8_ATTENTION_TIMERS mode=baseline phase=measure iteration=11 lut_exp=0 qo_len=16 kv_len=4096 n_heads=12 n_kv_heads=2 head_dim=128 kv_head=0 worker=0 profiled_total=538 q_load=4 k_load=84 v_load=73 qk_dot=6 safe_sm=358 core_acc=6 o_scale=1 o_store=6
FIG8_ATTENTION_EVENT_COUNT mode=baseline qo_len=16 phase=measure iteration=11 events=56 max_events=12512 overflow=0
FIG8_ATTENTION_EVENT mode=baseline phase=measure iteration=11 component=q_load component_id=1 lut_exp=0 qo_len=16 kv_len=4096 n_heads=12 n_kv_heads=2 head_dim=128 kv_head=1 worker=3 block_r=0 block_c=-1 t0_us=3757997892 t1_us=3757997896 dur_us=4
FIG8_ATTENTION_EVENT mode=baseline phase=measure iteration=11 component=q_load component_id=1 lut_exp=0 qo_len=16 kv_len=4096 n_heads=12 n_kv_heads=2 head_dim=128 kv_head=0 worker=0 block_r=0 block_c=-1 t0_us=3757997892 t1_us=3757997896 dur_us=4
FIG8_ATTENTION_EVENT mode=baseline phase=measure iteration=11 component=k_load component_id=2 lut_exp=0 qo_len=16 kv_len=4096 n_heads=12 n_kv_heads=2 head_dim=128 kv_head=0 worker=0 block_r=0 block_c=0 t0_us=3757997898 t1_us=3757997914 dur_us=15
FIG8_ATTENTION_EVENT mode=baseline phase=measure iteration=11 component=k_load component_id=2 lut_exp=0 qo_len=16 kv_len=4096 n_heads=12 n_kv_heads=2 head_dim=128 kv_head=1 worker=3 block_r=0 block_c=0 t0_us=3757997898 t1_us=3757997914 dur_us=16
FIG8_ATTENTION_EVENT mode=baseline phase=measure iteration=11 component=qk_dot component_id=4 lut_exp=0 qo_len=16 kv_len=4096 n_heads=12 n_kv_heads=2 head_dim=128 kv_head=0 worker=0 block_r=0 block_c=0 t0_us=3757997915 t1_us=3757997917 dur_us=1
FIG8_ATTENTION_EVENT mode=baseline phase=measure iteration=11 component=qk_dot component_id=4 lut_exp=0 qo_len=16 kv_len=4096 n_heads=12 n_kv_heads=2 head_dim=128 kv_head=1 worker=3 block_r=0 block_c=0 t0_us=3757997915 t1_us=3757997918 dur_us=2
FIG8_ATTENTION_EVENT mode=baseline phase=measure iteration=11 component=safe_sm component_id=5 lut_exp=0 qo_len=16 kv_len=4096 n_heads=12 n_kv_heads=2 head_dim=128 kv_head=1 worker=3 block_r=0 block_c=0 t0_us=3757997918 t1_us=3757997990 dur_us=72
FIG8_ATTENTION_EVENT mode=baseline phase=measure iteration=11 component=safe_sm component_id=5 lut_exp=0 qo_len=16 kv_len=4096 n_heads=12 n_kv_heads=2 head_dim=128 kv_head=0 worker=0 block_r=0 block_c=0 t0_us=3757997917 t1_us=3757997990 dur_us=73
FIG8_ATTENTION_EVENT mode=baseline phase=measure iteration=11 component=v_load component_id=3 lut_exp=0 qo_len=16 kv_len=4096 n_heads=12 n_kv_heads=2 head_dim=128 kv_head=1 worker=3 block_r=0 block_c=0 t0_us=3757997991 t1_us=3757998011 dur_us=19
FIG8_ATTENTION_EVENT mode=baseline phase=measure iteration=11 component=v_load component_id=3 lut_exp=0 qo_len=16 kv_len=4096 n_heads=12 n_kv_heads=2 head_dim=128 kv_head=0 worker=0 block_r=0 block_c=0 t0_us=3757997991 t1_us=3757998014 dur_us=22
FIG8_ATTENTION_EVENT mode=baseline phase=measure iteration=11 component=core_acc component_id=6 lut_exp=0 qo_len=16 kv_len=4096 n_heads=12 n_kv_heads=2 head_dim=128 kv_head=1 worker=3 block_r=0 block_c=0 t0_us=3757998012 t1_us=3757998015 dur_us=2
FIG8_ATTENTION_EVENT mode=baseline phase=measure iteration=11 component=core_acc component_id=6 lut_exp=0 qo_len=16 kv_len=4096 n_heads=12 n_kv_heads=2 head_dim=128 kv_head=0 worker=0 block_r=0 block_c=0 t0_us=3757998014 t1_us=3757998016 dur_us=2
FIG8_ATTENTION_EVENT mode=baseline phase=measure iteration=11 component=k_load component_id=2 lut_exp=0 qo_len=16 kv_len=4096 n_heads=12 n_kv_heads=2 head_dim=128 kv_head=0 worker=0 block_r=0 block_c=832 t0_us=3757998016 t1_us=3757998032 dur_us=16
FIG8_ATTENTION_EVENT mode=baseline phase=measure iteration=11 component=qk_dot component_id=4 lut_exp=0 qo_len=16 kv_len=4096 n_heads=12 n_kv_heads=2 head_dim=128 kv_head=0 worker=0 block_r=0 block_c=832 t0_us=3757998032 t1_us=3757998034 dur_us=1
FIG8_ATTENTION_EVENT mode=baseline phase=measure iteration=11 component=k_load component_id=2 lut_exp=0 qo_len=16 kv_len=4096 n_heads=12 n_kv_heads=2 head_dim=128 kv_head=1 worker=3 block_r=0 block_c=832 t0_us=3757998015 t1_us=3757998034 dur_us=19
FIG8_ATTENTION_EVENT mode=baseline phase=measure iteration=11 component=qk_dot component_id=4 lut_exp=0 qo_len=16 kv_len=4096 n_heads=12 n_kv_heads=2 head_dim=128 kv_head=1 worker=3 block_r=0 block_c=832 t0_us=3757998035 t1_us=3757998036 dur_us=1
FIG8_ATTENTION_EVENT mode=baseline phase=measure iteration=11 component=safe_sm component_id=5 lut_exp=0 qo_len=16 kv_len=4096 n_heads=12 n_kv_heads=2 head_dim=128 kv_head=0 worker=0 block_r=0 block_c=832 t0_us=3757998034 t1_us=3757998106 dur_us=72
FIG8_ATTENTION_EVENT mode=baseline phase=measure iteration=11 component=safe_sm component_id=5 lut_exp=0 qo_len=16 kv_len=4096 n_heads=12 n_kv_heads=2 head_dim=128 kv_head=1 worker=3 block_r=0 block_c=832 t0_us=3757998036 t1_us=3757998106 dur_us=70
FIG8_ATTENTION_EVENT mode=baseline phase=measure iteration=11 component=v_load component_id=3 lut_exp=0 qo_len=16 kv_len=4096 n_heads=12 n_kv_heads=2 head_dim=128 kv_head=1 worker=3 block_r=0 block_c=832 t0_us=3757998106 t1_us=3757998122 dur_us=15
FIG8_ATTENTION_EVENT mode=baseline phase=measure iteration=11 component=core_acc component_id=6 lut_exp=0 qo_len=16 kv_len=4096 n_heads=12 n_kv_heads=2 head_dim=128 kv_head=1 worker=3 block_r=0 block_c=832 t0_us=3757998122 t1_us=3757998123 dur_us=0
FIG8_ATTENTION_EVENT mode=baseline phase=measure iteration=11 component=v_load component_id=3 lut_exp=0 qo_len=16 kv_len=4096 n_heads=12 n_kv_heads=2 head_dim=128 kv_head=0 worker=0 block_r=0 block_c=832 t0_us=3757998106 t1_us=3757998123 dur_us=16
FIG8_ATTENTION_EVENT mode=baseline phase=measure iteration=11 component=core_acc component_id=6 lut_exp=0 qo_len=16 kv_len=4096 n_heads=12 n_kv_heads=2 head_dim=128 kv_head=0 worker=0 block_r=0 block_c=832 t0_us=3757998123 t1_us=3757998125 dur_us=1
FIG8_ATTENTION_EVENT mode=baseline phase=measure iteration=11 component=k_load component_id=2 lut_exp=0 qo_len=16 kv_len=4096 n_heads=12 n_kv_heads=2 head_dim=128 kv_head=1 worker=3 block_r=0 block_c=1664 t0_us=3757998123 t1_us=3757998143 dur_us=19
FIG8_ATTENTION_EVENT mode=baseline phase=measure iteration=11 component=qk_dot component_id=4 lut_exp=0 qo_len=16 kv_len=4096 n_heads=12 n_kv_heads=2 head_dim=128 kv_head=1 worker=3 block_r=0 block_c=1664 t0_us=3757998143 t1_us=3757998144 dur_us=1
FIG8_ATTENTION_EVENT mode=baseline phase=measure iteration=11 component=k_load component_id=2 lut_exp=0 qo_len=16 kv_len=4096 n_heads=12 n_kv_heads=2 head_dim=128 kv_head=0 worker=0 block_r=0 block_c=1664 t0_us=3757998125 t1_us=3757998144 dur_us=19
FIG8_ATTENTION_EVENT mode=baseline phase=measure iteration=11 component=qk_dot component_id=4 lut_exp=0 qo_len=16 kv_len=4096 n_heads=12 n_kv_heads=2 head_dim=128 kv_head=0 worker=0 block_r=0 block_c=1664 t0_us=3757998145 t1_us=3757998146 dur_us=1
FIG8_ATTENTION_EVENT mode=baseline phase=measure iteration=11 component=safe_sm component_id=5 lut_exp=0 qo_len=16 kv_len=4096 n_heads=12 n_kv_heads=2 head_dim=128 kv_head=1 worker=3 block_r=0 block_c=1664 t0_us=3757998144 t1_us=3757998217 dur_us=72
FIG8_ATTENTION_EVENT mode=baseline phase=measure iteration=11 component=safe_sm component_id=5 lut_exp=0 qo_len=16 kv_len=4096 n_heads=12 n_kv_heads=2 head_dim=128 kv_head=0 worker=0 block_r=0 block_c=1664 t0_us=3757998146 t1_us=3757998217 dur_us=71
FIG8_ATTENTION_EVENT mode=baseline phase=measure iteration=11 component=v_load component_id=3 lut_exp=0 qo_len=16 kv_len=4096 n_heads=12 n_kv_heads=2 head_dim=128 kv_head=1 worker=3 block_r=0 block_c=1664 t0_us=3757998217 t1_us=3757998230 dur_us=12
FIG8_ATTENTION_EVENT mode=baseline phase=measure iteration=11 component=v_load component_id=3 lut_exp=0 qo_len=16 kv_len=4096 n_heads=12 n_kv_heads=2 head_dim=128 kv_head=0 worker=0 block_r=0 block_c=1664 t0_us=3757998217 t1_us=3757998230 dur_us=13
FIG8_ATTENTION_EVENT mode=baseline phase=measure iteration=11 component=core_acc component_id=6 lut_exp=0 qo_len=16 kv_len=4096 n_heads=12 n_kv_heads=2 head_dim=128 kv_head=1 worker=3 block_r=0 block_c=1664 t0_us=3757998230 t1_us=3757998230 dur_us=0
FIG8_ATTENTION_EVENT mode=baseline phase=measure iteration=11 component=core_acc component_id=6 lut_exp=0 qo_len=16 kv_len=4096 n_heads=12 n_kv_heads=2 head_dim=128 kv_head=0 worker=0 block_r=0 block_c=1664 t0_us=3757998230 t1_us=3757998232 dur_us=1
FIG8_ATTENTION_EVENT mode=baseline phase=measure iteration=11 component=k_load component_id=2 lut_exp=0 qo_len=16 kv_len=4096 n_heads=12 n_kv_heads=2 head_dim=128 kv_head=1 worker=3 block_r=0 block_c=2496 t0_us=3757998230 t1_us=3757998248 dur_us=17
FIG8_ATTENTION_EVENT mode=baseline phase=measure iteration=11 component=qk_dot component_id=4 lut_exp=0 qo_len=16 kv_len=4096 n_heads=12 n_kv_heads=2 head_dim=128 kv_head=1 worker=3 block_r=0 block_c=2496 t0_us=3757998248 t1_us=3757998249 dur_us=1
FIG8_ATTENTION_EVENT mode=baseline phase=measure iteration=11 component=k_load component_id=2 lut_exp=0 qo_len=16 kv_len=4096 n_heads=12 n_kv_heads=2 head_dim=128 kv_head=0 worker=0 block_r=0 block_c=2496 t0_us=3757998232 t1_us=3757998249 dur_us=17
FIG8_ATTENTION_EVENT mode=baseline phase=measure iteration=11 component=qk_dot component_id=4 lut_exp=0 qo_len=16 kv_len=4096 n_heads=12 n_kv_heads=2 head_dim=128 kv_head=0 worker=0 block_r=0 block_c=2496 t0_us=3757998249 t1_us=3757998250 dur_us=1
FIG8_ATTENTION_EVENT mode=baseline phase=measure iteration=11 component=safe_sm component_id=5 lut_exp=0 qo_len=16 kv_len=4096 n_heads=12 n_kv_heads=2 head_dim=128 kv_head=1 worker=3 block_r=0 block_c=2496 t0_us=3757998249 t1_us=3757998323 dur_us=73
FIG8_ATTENTION_EVENT mode=baseline phase=measure iteration=11 component=safe_sm component_id=5 lut_exp=0 qo_len=16 kv_len=4096 n_heads=12 n_kv_heads=2 head_dim=128 kv_head=0 worker=0 block_r=0 block_c=2496 t0_us=3757998251 t1_us=3757998323 dur_us=72
FIG8_ATTENTION_EVENT mode=baseline phase=measure iteration=11 component=v_load component_id=3 lut_exp=0 qo_len=16 kv_len=4096 n_heads=12 n_kv_heads=2 head_dim=128 kv_head=0 worker=0 block_r=0 block_c=2496 t0_us=3757998323 t1_us=3757998335 dur_us=12
FIG8_ATTENTION_EVENT mode=baseline phase=measure iteration=11 component=v_load component_id=3 lut_exp=0 qo_len=16 kv_len=4096 n_heads=12 n_kv_heads=2 head_dim=128 kv_head=1 worker=3 block_r=0 block_c=2496 t0_us=3757998323 t1_us=3757998336 dur_us=13
FIG8_ATTENTION_EVENT mode=baseline phase=measure iteration=11 component=core_acc component_id=6 lut_exp=0 qo_len=16 kv_len=4096 n_heads=12 n_kv_heads=2 head_dim=128 kv_head=0 worker=0 block_r=0 block_c=2496 t0_us=3757998335 t1_us=3757998336 dur_us=0
FIG8_ATTENTION_EVENT mode=baseline phase=measure iteration=11 component=core_acc component_id=6 lut_exp=0 qo_len=16 kv_len=4096 n_heads=12 n_kv_heads=2 head_dim=128 kv_head=1 worker=3 block_r=0 block_c=2496 t0_us=3757998336 t1_us=3757998337 dur_us=1
FIG8_ATTENTION_EVENT mode=baseline phase=measure iteration=11 component=k_load component_id=2 lut_exp=0 qo_len=16 kv_len=4096 n_heads=12 n_kv_heads=2 head_dim=128 kv_head=0 worker=0 block_r=0 block_c=3328 t0_us=3757998336 t1_us=3757998352 dur_us=15
FIG8_ATTENTION_EVENT mode=baseline phase=measure iteration=11 component=qk_dot component_id=4 lut_exp=0 qo_len=16 kv_len=4096 n_heads=12 n_kv_heads=2 head_dim=128 kv_head=0 worker=0 block_r=0 block_c=3328 t0_us=3757998352 t1_us=3757998353 dur_us=0
FIG8_ATTENTION_EVENT mode=baseline phase=measure iteration=11 component=k_load component_id=2 lut_exp=0 qo_len=16 kv_len=4096 n_heads=12 n_kv_heads=2 head_dim=128 kv_head=1 worker=3 block_r=0 block_c=3328 t0_us=3757998337 t1_us=3757998353 dur_us=15
FIG8_ATTENTION_EVENT mode=baseline phase=measure iteration=11 component=qk_dot component_id=4 lut_exp=0 qo_len=16 kv_len=4096 n_heads=12 n_kv_heads=2 head_dim=128 kv_head=1 worker=3 block_r=0 block_c=3328 t0_us=3757998353 t1_us=3757998354 dur_us=0
FIG8_ATTENTION_EVENT mode=baseline phase=measure iteration=11 component=safe_sm component_id=5 lut_exp=0 qo_len=16 kv_len=4096 n_heads=12 n_kv_heads=2 head_dim=128 kv_head=0 worker=0 block_r=0 block_c=3328 t0_us=3757998353 t1_us=3757998422 dur_us=69
FIG8_ATTENTION_EVENT mode=baseline phase=measure iteration=11 component=safe_sm component_id=5 lut_exp=0 qo_len=16 kv_len=4096 n_heads=12 n_kv_heads=2 head_dim=128 kv_head=1 worker=3 block_r=0 block_c=3328 t0_us=3757998354 t1_us=3757998422 dur_us=67
FIG8_ATTENTION_EVENT mode=baseline phase=measure iteration=11 component=v_load component_id=3 lut_exp=0 qo_len=16 kv_len=4096 n_heads=12 n_kv_heads=2 head_dim=128 kv_head=0 worker=0 block_r=0 block_c=3328 t0_us=3757998422 t1_us=3757998431 dur_us=8
FIG8_ATTENTION_EVENT mode=baseline phase=measure iteration=11 component=v_load component_id=3 lut_exp=0 qo_len=16 kv_len=4096 n_heads=12 n_kv_heads=2 head_dim=128 kv_head=1 worker=3 block_r=0 block_c=3328 t0_us=3757998422 t1_us=3757998431 dur_us=8
FIG8_ATTENTION_EVENT mode=baseline phase=measure iteration=11 component=core_acc component_id=6 lut_exp=0 qo_len=16 kv_len=4096 n_heads=12 n_kv_heads=2 head_dim=128 kv_head=0 worker=0 block_r=0 block_c=3328 t0_us=3757998431 t1_us=3757998432 dur_us=0
FIG8_ATTENTION_EVENT mode=baseline phase=measure iteration=11 component=core_acc component_id=6 lut_exp=0 qo_len=16 kv_len=4096 n_heads=12 n_kv_heads=2 head_dim=128 kv_head=1 worker=3 block_r=0 block_c=3328 t0_us=3757998431 t1_us=3757998433 dur_us=1
FIG8_ATTENTION_EVENT mode=baseline phase=measure iteration=11 component=o_scale component_id=7 lut_exp=0 qo_len=16 kv_len=4096 n_heads=12 n_kv_heads=2 head_dim=128 kv_head=0 worker=0 block_r=0 block_c=-1 t0_us=3757998432 t1_us=3757998434 dur_us=1
FIG8_ATTENTION_EVENT mode=baseline phase=measure iteration=11 component=o_scale component_id=7 lut_exp=0 qo_len=16 kv_len=4096 n_heads=12 n_kv_heads=2 head_dim=128 kv_head=1 worker=3 block_r=0 block_c=-1 t0_us=3757998433 t1_us=3757998434 dur_us=0
FIG8_ATTENTION_EVENT mode=baseline phase=measure iteration=11 component=o_store component_id=8 lut_exp=0 qo_len=16 kv_len=4096 n_heads=12 n_kv_heads=2 head_dim=128 kv_head=1 worker=3 block_r=0 block_c=-1 t0_us=3757998434 t1_us=3757998441 dur_us=6
FIG8_ATTENTION_EVENT mode=baseline phase=measure iteration=11 component=o_store component_id=8 lut_exp=0 qo_len=16 kv_len=4096 n_heads=12 n_kv_heads=2 head_dim=128 kv_head=0 worker=0 block_r=0 block_c=-1 t0_us=3757998434 t1_us=3757998441 dur_us=6
FIG8_ATTENTION_HOST_TIMING mode=baseline qo_len=16 kv_len=4096 n_heads=12 n_kv_heads=2 head_dim=128 phase=measure iteration=12 host_elapsed_us=797 ret=0
FIG8_ATTENTION_PROFILE_COUNT mode=baseline qo_len=16 phase=measure iteration=12 records=2 max_records=10
FIG8_ATTENTION_TIMERS mode=baseline phase=measure iteration=12 lut_exp=0 qo_len=16 kv_len=4096 n_heads=12 n_kv_heads=2 head_dim=128 kv_head=1 worker=5 profiled_total=539 q_load=4 k_load=91 v_load=64 qk_dot=6 safe_sm=362 core_acc=5 o_scale=1 o_store=6
FIG8_ATTENTION_TIMERS mode=baseline phase=measure iteration=12 lut_exp=0 qo_len=16 kv_len=4096 n_heads=12 n_kv_heads=2 head_dim=128 kv_head=0 worker=4 profiled_total=536 q_load=4 k_load=93 v_load=69 qk_dot=6 safe_sm=351 core_acc=7 o_scale=0 o_store=6
FIG8_ATTENTION_EVENT_COUNT mode=baseline qo_len=16 phase=measure iteration=12 events=56 max_events=12512 overflow=0
FIG8_ATTENTION_EVENT mode=baseline phase=measure iteration=12 component=q_load component_id=1 lut_exp=0 qo_len=16 kv_len=4096 n_heads=12 n_kv_heads=2 head_dim=128 kv_head=1 worker=5 block_r=0 block_c=-1 t0_us=3757999302 t1_us=3757999307 dur_us=4
FIG8_ATTENTION_EVENT mode=baseline phase=measure iteration=12 component=q_load component_id=1 lut_exp=0 qo_len=16 kv_len=4096 n_heads=12 n_kv_heads=2 head_dim=128 kv_head=0 worker=4 block_r=0 block_c=-1 t0_us=3757999302 t1_us=3757999307 dur_us=4
FIG8_ATTENTION_EVENT mode=baseline phase=measure iteration=12 component=k_load component_id=2 lut_exp=0 qo_len=16 kv_len=4096 n_heads=12 n_kv_heads=2 head_dim=128 kv_head=1 worker=5 block_r=0 block_c=0 t0_us=3757999309 t1_us=3757999331 dur_us=21
FIG8_ATTENTION_EVENT mode=baseline phase=measure iteration=12 component=k_load component_id=2 lut_exp=0 qo_len=16 kv_len=4096 n_heads=12 n_kv_heads=2 head_dim=128 kv_head=0 worker=4 block_r=0 block_c=0 t0_us=3757999309 t1_us=3757999331 dur_us=21
FIG8_ATTENTION_EVENT mode=baseline phase=measure iteration=12 component=qk_dot component_id=4 lut_exp=0 qo_len=16 kv_len=4096 n_heads=12 n_kv_heads=2 head_dim=128 kv_head=1 worker=5 block_r=0 block_c=0 t0_us=3757999331 t1_us=3757999333 dur_us=1
FIG8_ATTENTION_EVENT mode=baseline phase=measure iteration=12 component=qk_dot component_id=4 lut_exp=0 qo_len=16 kv_len=4096 n_heads=12 n_kv_heads=2 head_dim=128 kv_head=0 worker=4 block_r=0 block_c=0 t0_us=3757999331 t1_us=3757999334 dur_us=2
FIG8_ATTENTION_EVENT mode=baseline phase=measure iteration=12 component=safe_sm component_id=5 lut_exp=0 qo_len=16 kv_len=4096 n_heads=12 n_kv_heads=2 head_dim=128 kv_head=1 worker=5 block_r=0 block_c=0 t0_us=3757999333 t1_us=3757999407 dur_us=73
FIG8_ATTENTION_EVENT mode=baseline phase=measure iteration=12 component=safe_sm component_id=5 lut_exp=0 qo_len=16 kv_len=4096 n_heads=12 n_kv_heads=2 head_dim=128 kv_head=0 worker=4 block_r=0 block_c=0 t0_us=3757999334 t1_us=3757999407 dur_us=72
FIG8_ATTENTION_EVENT mode=baseline phase=measure iteration=12 component=v_load component_id=3 lut_exp=0 qo_len=16 kv_len=4096 n_heads=12 n_kv_heads=2 head_dim=128 kv_head=1 worker=5 block_r=0 block_c=0 t0_us=3757999407 t1_us=3757999424 dur_us=16
FIG8_ATTENTION_EVENT mode=baseline phase=measure iteration=12 component=v_load component_id=3 lut_exp=0 qo_len=16 kv_len=4096 n_heads=12 n_kv_heads=2 head_dim=128 kv_head=0 worker=4 block_r=0 block_c=0 t0_us=3757999407 t1_us=3757999425 dur_us=18
FIG8_ATTENTION_EVENT mode=baseline phase=measure iteration=12 component=core_acc component_id=6 lut_exp=0 qo_len=16 kv_len=4096 n_heads=12 n_kv_heads=2 head_dim=128 kv_head=1 worker=5 block_r=0 block_c=0 t0_us=3757999425 t1_us=3757999427 dur_us=2
FIG8_ATTENTION_EVENT mode=baseline phase=measure iteration=12 component=core_acc component_id=6 lut_exp=0 qo_len=16 kv_len=4096 n_heads=12 n_kv_heads=2 head_dim=128 kv_head=0 worker=4 block_r=0 block_c=0 t0_us=3757999426 t1_us=3757999428 dur_us=2
FIG8_ATTENTION_EVENT mode=baseline phase=measure iteration=12 component=k_load component_id=2 lut_exp=0 qo_len=16 kv_len=4096 n_heads=12 n_kv_heads=2 head_dim=128 kv_head=0 worker=4 block_r=0 block_c=832 t0_us=3757999428 t1_us=3757999447 dur_us=18
FIG8_ATTENTION_EVENT mode=baseline phase=measure iteration=12 component=k_load component_id=2 lut_exp=0 qo_len=16 kv_len=4096 n_heads=12 n_kv_heads=2 head_dim=128 kv_head=1 worker=5 block_r=0 block_c=832 t0_us=3757999427 t1_us=3757999447 dur_us=19
FIG8_ATTENTION_EVENT mode=baseline phase=measure iteration=12 component=qk_dot component_id=4 lut_exp=0 qo_len=16 kv_len=4096 n_heads=12 n_kv_heads=2 head_dim=128 kv_head=0 worker=4 block_r=0 block_c=832 t0_us=3757999447 t1_us=3757999448 dur_us=1
FIG8_ATTENTION_EVENT mode=baseline phase=measure iteration=12 component=qk_dot component_id=4 lut_exp=0 qo_len=16 kv_len=4096 n_heads=12 n_kv_heads=2 head_dim=128 kv_head=1 worker=5 block_r=0 block_c=832 t0_us=3757999447 t1_us=3757999449 dur_us=2
FIG8_ATTENTION_EVENT mode=baseline phase=measure iteration=12 component=safe_sm component_id=5 lut_exp=0 qo_len=16 kv_len=4096 n_heads=12 n_kv_heads=2 head_dim=128 kv_head=0 worker=4 block_r=0 block_c=832 t0_us=3757999448 t1_us=3757999520 dur_us=72
FIG8_ATTENTION_EVENT mode=baseline phase=measure iteration=12 component=safe_sm component_id=5 lut_exp=0 qo_len=16 kv_len=4096 n_heads=12 n_kv_heads=2 head_dim=128 kv_head=1 worker=5 block_r=0 block_c=832 t0_us=3757999449 t1_us=3757999520 dur_us=70
FIG8_ATTENTION_EVENT mode=baseline phase=measure iteration=12 component=v_load component_id=3 lut_exp=0 qo_len=16 kv_len=4096 n_heads=12 n_kv_heads=2 head_dim=128 kv_head=1 worker=5 block_r=0 block_c=832 t0_us=3757999520 t1_us=3757999533 dur_us=12
FIG8_ATTENTION_EVENT mode=baseline phase=measure iteration=12 component=core_acc component_id=6 lut_exp=0 qo_len=16 kv_len=4096 n_heads=12 n_kv_heads=2 head_dim=128 kv_head=1 worker=5 block_r=0 block_c=832 t0_us=3757999533 t1_us=3757999533 dur_us=0
FIG8_ATTENTION_EVENT mode=baseline phase=measure iteration=12 component=v_load component_id=3 lut_exp=0 qo_len=16 kv_len=4096 n_heads=12 n_kv_heads=2 head_dim=128 kv_head=0 worker=4 block_r=0 block_c=832 t0_us=3757999520 t1_us=3757999534 dur_us=13
FIG8_ATTENTION_EVENT mode=baseline phase=measure iteration=12 component=core_acc component_id=6 lut_exp=0 qo_len=16 kv_len=4096 n_heads=12 n_kv_heads=2 head_dim=128 kv_head=0 worker=4 block_r=0 block_c=832 t0_us=3757999534 t1_us=3757999535 dur_us=0
FIG8_ATTENTION_EVENT mode=baseline phase=measure iteration=12 component=k_load component_id=2 lut_exp=0 qo_len=16 kv_len=4096 n_heads=12 n_kv_heads=2 head_dim=128 kv_head=1 worker=5 block_r=0 block_c=1664 t0_us=3757999533 t1_us=3757999550 dur_us=16
FIG8_ATTENTION_EVENT mode=baseline phase=measure iteration=12 component=qk_dot component_id=4 lut_exp=0 qo_len=16 kv_len=4096 n_heads=12 n_kv_heads=2 head_dim=128 kv_head=1 worker=5 block_r=0 block_c=1664 t0_us=3757999550 t1_us=3757999551 dur_us=1
FIG8_ATTENTION_EVENT mode=baseline phase=measure iteration=12 component=k_load component_id=2 lut_exp=0 qo_len=16 kv_len=4096 n_heads=12 n_kv_heads=2 head_dim=128 kv_head=0 worker=4 block_r=0 block_c=1664 t0_us=3757999535 t1_us=3757999551 dur_us=16
FIG8_ATTENTION_EVENT mode=baseline phase=measure iteration=12 component=qk_dot component_id=4 lut_exp=0 qo_len=16 kv_len=4096 n_heads=12 n_kv_heads=2 head_dim=128 kv_head=0 worker=4 block_r=0 block_c=1664 t0_us=3757999552 t1_us=3757999553 dur_us=1
FIG8_ATTENTION_EVENT mode=baseline phase=measure iteration=12 component=safe_sm component_id=5 lut_exp=0 qo_len=16 kv_len=4096 n_heads=12 n_kv_heads=2 head_dim=128 kv_head=1 worker=5 block_r=0 block_c=1664 t0_us=3757999551 t1_us=3757999624 dur_us=72
FIG8_ATTENTION_EVENT mode=baseline phase=measure iteration=12 component=safe_sm component_id=5 lut_exp=0 qo_len=16 kv_len=4096 n_heads=12 n_kv_heads=2 head_dim=128 kv_head=0 worker=4 block_r=0 block_c=1664 t0_us=3757999553 t1_us=3757999624 dur_us=70
FIG8_ATTENTION_EVENT mode=baseline phase=measure iteration=12 component=v_load component_id=3 lut_exp=0 qo_len=16 kv_len=4096 n_heads=12 n_kv_heads=2 head_dim=128 kv_head=1 worker=5 block_r=0 block_c=1664 t0_us=3757999624 t1_us=3757999638 dur_us=14
FIG8_ATTENTION_EVENT mode=baseline phase=measure iteration=12 component=core_acc component_id=6 lut_exp=0 qo_len=16 kv_len=4096 n_heads=12 n_kv_heads=2 head_dim=128 kv_head=1 worker=5 block_r=0 block_c=1664 t0_us=3757999638 t1_us=3757999639 dur_us=0
FIG8_ATTENTION_EVENT mode=baseline phase=measure iteration=12 component=v_load component_id=3 lut_exp=0 qo_len=16 kv_len=4096 n_heads=12 n_kv_heads=2 head_dim=128 kv_head=0 worker=4 block_r=0 block_c=1664 t0_us=3757999624 t1_us=3757999640 dur_us=15
FIG8_ATTENTION_EVENT mode=baseline phase=measure iteration=12 component=core_acc component_id=6 lut_exp=0 qo_len=16 kv_len=4096 n_heads=12 n_kv_heads=2 head_dim=128 kv_head=0 worker=4 block_r=0 block_c=1664 t0_us=3757999641 t1_us=3757999643 dur_us=1
FIG8_ATTENTION_EVENT mode=baseline phase=measure iteration=12 component=k_load component_id=2 lut_exp=0 qo_len=16 kv_len=4096 n_heads=12 n_kv_heads=2 head_dim=128 kv_head=1 worker=5 block_r=0 block_c=2496 t0_us=3757999639 t1_us=3757999655 dur_us=15
FIG8_ATTENTION_EVENT mode=baseline phase=measure iteration=12 component=qk_dot component_id=4 lut_exp=0 qo_len=16 kv_len=4096 n_heads=12 n_kv_heads=2 head_dim=128 kv_head=1 worker=5 block_r=0 block_c=2496 t0_us=3757999655 t1_us=3757999656 dur_us=1
FIG8_ATTENTION_EVENT mode=baseline phase=measure iteration=12 component=k_load component_id=2 lut_exp=0 qo_len=16 kv_len=4096 n_heads=12 n_kv_heads=2 head_dim=128 kv_head=0 worker=4 block_r=0 block_c=2496 t0_us=3757999643 t1_us=3757999662 dur_us=18
FIG8_ATTENTION_EVENT mode=baseline phase=measure iteration=12 component=qk_dot component_id=4 lut_exp=0 qo_len=16 kv_len=4096 n_heads=12 n_kv_heads=2 head_dim=128 kv_head=0 worker=4 block_r=0 block_c=2496 t0_us=3757999662 t1_us=3757999663 dur_us=1
FIG8_ATTENTION_EVENT mode=baseline phase=measure iteration=12 component=safe_sm component_id=5 lut_exp=0 qo_len=16 kv_len=4096 n_heads=12 n_kv_heads=2 head_dim=128 kv_head=1 worker=5 block_r=0 block_c=2496 t0_us=3757999656 t1_us=3757999731 dur_us=75
FIG8_ATTENTION_EVENT mode=baseline phase=measure iteration=12 component=safe_sm component_id=5 lut_exp=0 qo_len=16 kv_len=4096 n_heads=12 n_kv_heads=2 head_dim=128 kv_head=0 worker=4 block_r=0 block_c=2496 t0_us=3757999664 t1_us=3757999731 dur_us=66
FIG8_ATTENTION_EVENT mode=baseline phase=measure iteration=12 component=v_load component_id=3 lut_exp=0 qo_len=16 kv_len=4096 n_heads=12 n_kv_heads=2 head_dim=128 kv_head=1 worker=5 block_r=0 block_c=2496 t0_us=3757999731 t1_us=3757999743 dur_us=12
FIG8_ATTENTION_EVENT mode=baseline phase=measure iteration=12 component=v_load component_id=3 lut_exp=0 qo_len=16 kv_len=4096 n_heads=12 n_kv_heads=2 head_dim=128 kv_head=0 worker=4 block_r=0 block_c=2496 t0_us=3757999731 t1_us=3757999744 dur_us=12
FIG8_ATTENTION_EVENT mode=baseline phase=measure iteration=12 component=core_acc component_id=6 lut_exp=0 qo_len=16 kv_len=4096 n_heads=12 n_kv_heads=2 head_dim=128 kv_head=1 worker=5 block_r=0 block_c=2496 t0_us=3757999743 t1_us=3757999744 dur_us=0
FIG8_ATTENTION_EVENT mode=baseline phase=measure iteration=12 component=core_acc component_id=6 lut_exp=0 qo_len=16 kv_len=4096 n_heads=12 n_kv_heads=2 head_dim=128 kv_head=0 worker=4 block_r=0 block_c=2496 t0_us=3757999744 t1_us=3757999745 dur_us=1
FIG8_ATTENTION_EVENT mode=baseline phase=measure iteration=12 component=k_load component_id=2 lut_exp=0 qo_len=16 kv_len=4096 n_heads=12 n_kv_heads=2 head_dim=128 kv_head=1 worker=5 block_r=0 block_c=3328 t0_us=3757999744 t1_us=3757999763 dur_us=18
FIG8_ATTENTION_EVENT mode=baseline phase=measure iteration=12 component=qk_dot component_id=4 lut_exp=0 qo_len=16 kv_len=4096 n_heads=12 n_kv_heads=2 head_dim=128 kv_head=1 worker=5 block_r=0 block_c=3328 t0_us=3757999763 t1_us=3757999764 dur_us=1
FIG8_ATTENTION_EVENT mode=baseline phase=measure iteration=12 component=k_load component_id=2 lut_exp=0 qo_len=16 kv_len=4096 n_heads=12 n_kv_heads=2 head_dim=128 kv_head=0 worker=4 block_r=0 block_c=3328 t0_us=3757999746 t1_us=3757999764 dur_us=18
FIG8_ATTENTION_EVENT mode=baseline phase=measure iteration=12 component=qk_dot component_id=4 lut_exp=0 qo_len=16 kv_len=4096 n_heads=12 n_kv_heads=2 head_dim=128 kv_head=0 worker=4 block_r=0 block_c=3328 t0_us=3757999764 t1_us=3757999765 dur_us=0
FIG8_ATTENTION_EVENT mode=baseline phase=measure iteration=12 component=safe_sm component_id=5 lut_exp=0 qo_len=16 kv_len=4096 n_heads=12 n_kv_heads=2 head_dim=128 kv_head=1 worker=5 block_r=0 block_c=3328 t0_us=3757999764 t1_us=3757999834 dur_us=69
FIG8_ATTENTION_EVENT mode=baseline phase=measure iteration=12 component=safe_sm component_id=5 lut_exp=0 qo_len=16 kv_len=4096 n_heads=12 n_kv_heads=2 head_dim=128 kv_head=0 worker=4 block_r=0 block_c=3328 t0_us=3757999765 t1_us=3757999834 dur_us=68
FIG8_ATTENTION_EVENT mode=baseline phase=measure iteration=12 component=v_load component_id=3 lut_exp=0 qo_len=16 kv_len=4096 n_heads=12 n_kv_heads=2 head_dim=128 kv_head=1 worker=5 block_r=0 block_c=3328 t0_us=3757999834 t1_us=3757999843 dur_us=8
FIG8_ATTENTION_EVENT mode=baseline phase=measure iteration=12 component=v_load component_id=3 lut_exp=0 qo_len=16 kv_len=4096 n_heads=12 n_kv_heads=2 head_dim=128 kv_head=0 worker=4 block_r=0 block_c=3328 t0_us=3757999834 t1_us=3757999844 dur_us=9
FIG8_ATTENTION_EVENT mode=baseline phase=measure iteration=12 component=core_acc component_id=6 lut_exp=0 qo_len=16 kv_len=4096 n_heads=12 n_kv_heads=2 head_dim=128 kv_head=1 worker=5 block_r=0 block_c=3328 t0_us=3757999843 t1_us=3757999844 dur_us=0
FIG8_ATTENTION_EVENT mode=baseline phase=measure iteration=12 component=core_acc component_id=6 lut_exp=0 qo_len=16 kv_len=4096 n_heads=12 n_kv_heads=2 head_dim=128 kv_head=0 worker=4 block_r=0 block_c=3328 t0_us=3757999844 t1_us=3757999845 dur_us=1
FIG8_ATTENTION_EVENT mode=baseline phase=measure iteration=12 component=o_scale component_id=7 lut_exp=0 qo_len=16 kv_len=4096 n_heads=12 n_kv_heads=2 head_dim=128 kv_head=1 worker=5 block_r=0 block_c=-1 t0_us=3757999844 t1_us=3757999845 dur_us=1
FIG8_ATTENTION_EVENT mode=baseline phase=measure iteration=12 component=o_scale component_id=7 lut_exp=0 qo_len=16 kv_len=4096 n_heads=12 n_kv_heads=2 head_dim=128 kv_head=0 worker=4 block_r=0 block_c=-1 t0_us=3757999845 t1_us=3757999846 dur_us=0
FIG8_ATTENTION_EVENT mode=baseline phase=measure iteration=12 component=o_store component_id=8 lut_exp=0 qo_len=16 kv_len=4096 n_heads=12 n_kv_heads=2 head_dim=128 kv_head=1 worker=5 block_r=0 block_c=-1 t0_us=3757999846 t1_us=3757999852 dur_us=6
FIG8_ATTENTION_EVENT mode=baseline phase=measure iteration=12 component=o_store component_id=8 lut_exp=0 qo_len=16 kv_len=4096 n_heads=12 n_kv_heads=2 head_dim=128 kv_head=0 worker=4 block_r=0 block_c=-1 t0_us=3757999846 t1_us=3757999852 dur_us=6
FIG8_ATTENTION_HOST_TIMING mode=baseline qo_len=16 kv_len=4096 n_heads=12 n_kv_heads=2 head_dim=128 phase=measure iteration=13 host_elapsed_us=858 ret=0
FIG8_ATTENTION_PROFILE_COUNT mode=baseline qo_len=16 phase=measure iteration=13 records=2 max_records=10
FIG8_ATTENTION_TIMERS mode=baseline phase=measure iteration=13 lut_exp=0 qo_len=16 kv_len=4096 n_heads=12 n_kv_heads=2 head_dim=128 kv_head=1 worker=0 profiled_total=534 q_load=4 k_load=92 v_load=65 qk_dot=7 safe_sm=351 core_acc=8 o_scale=1 o_store=6
FIG8_ATTENTION_TIMERS mode=baseline phase=measure iteration=13 lut_exp=0 qo_len=16 kv_len=4096 n_heads=12 n_kv_heads=2 head_dim=128 kv_head=0 worker=1 profiled_total=538 q_load=5 k_load=90 v_load=71 qk_dot=5 safe_sm=354 core_acc=7 o_scale=0 o_store=6
FIG8_ATTENTION_EVENT_COUNT mode=baseline qo_len=16 phase=measure iteration=13 events=56 max_events=12512 overflow=0
FIG8_ATTENTION_EVENT mode=baseline phase=measure iteration=13 component=q_load component_id=1 lut_exp=0 qo_len=16 kv_len=4096 n_heads=12 n_kv_heads=2 head_dim=128 kv_head=1 worker=0 block_r=0 block_c=-1 t0_us=3758000609 t1_us=3758000614 dur_us=4
FIG8_ATTENTION_EVENT mode=baseline phase=measure iteration=13 component=q_load component_id=1 lut_exp=0 qo_len=16 kv_len=4096 n_heads=12 n_kv_heads=2 head_dim=128 kv_head=0 worker=1 block_r=0 block_c=-1 t0_us=3758000609 t1_us=3758000614 dur_us=5
FIG8_ATTENTION_EVENT mode=baseline phase=measure iteration=13 component=k_load component_id=2 lut_exp=0 qo_len=16 kv_len=4096 n_heads=12 n_kv_heads=2 head_dim=128 kv_head=0 worker=1 block_r=0 block_c=0 t0_us=3758000616 t1_us=3758000638 dur_us=21
FIG8_ATTENTION_EVENT mode=baseline phase=measure iteration=13 component=k_load component_id=2 lut_exp=0 qo_len=16 kv_len=4096 n_heads=12 n_kv_heads=2 head_dim=128 kv_head=1 worker=0 block_r=0 block_c=0 t0_us=3758000616 t1_us=3758000638 dur_us=22
FIG8_ATTENTION_EVENT mode=baseline phase=measure iteration=13 component=qk_dot component_id=4 lut_exp=0 qo_len=16 kv_len=4096 n_heads=12 n_kv_heads=2 head_dim=128 kv_head=0 worker=1 block_r=0 block_c=0 t0_us=3758000638 t1_us=3758000639 dur_us=1
FIG8_ATTENTION_EVENT mode=baseline phase=measure iteration=13 component=qk_dot component_id=4 lut_exp=0 qo_len=16 kv_len=4096 n_heads=12 n_kv_heads=2 head_dim=128 kv_head=1 worker=0 block_r=0 block_c=0 t0_us=3758000638 t1_us=3758000641 dur_us=2
FIG8_ATTENTION_EVENT mode=baseline phase=measure iteration=13 component=safe_sm component_id=5 lut_exp=0 qo_len=16 kv_len=4096 n_heads=12 n_kv_heads=2 head_dim=128 kv_head=0 worker=1 block_r=0 block_c=0 t0_us=3758000640 t1_us=3758000714 dur_us=74
FIG8_ATTENTION_EVENT mode=baseline phase=measure iteration=13 component=safe_sm component_id=5 lut_exp=0 qo_len=16 kv_len=4096 n_heads=12 n_kv_heads=2 head_dim=128 kv_head=1 worker=0 block_r=0 block_c=0 t0_us=3758000641 t1_us=3758000714 dur_us=73
FIG8_ATTENTION_EVENT mode=baseline phase=measure iteration=13 component=v_load component_id=3 lut_exp=0 qo_len=16 kv_len=4096 n_heads=12 n_kv_heads=2 head_dim=128 kv_head=1 worker=0 block_r=0 block_c=0 t0_us=3758000715 t1_us=3758000733 dur_us=18
FIG8_ATTENTION_EVENT mode=baseline phase=measure iteration=13 component=v_load component_id=3 lut_exp=0 qo_len=16 kv_len=4096 n_heads=12 n_kv_heads=2 head_dim=128 kv_head=0 worker=1 block_r=0 block_c=0 t0_us=3758000715 t1_us=3758000735 dur_us=20
FIG8_ATTENTION_EVENT mode=baseline phase=measure iteration=13 component=core_acc component_id=6 lut_exp=0 qo_len=16 kv_len=4096 n_heads=12 n_kv_heads=2 head_dim=128 kv_head=1 worker=0 block_r=0 block_c=0 t0_us=3758000734 t1_us=3758000737 dur_us=2
FIG8_ATTENTION_EVENT mode=baseline phase=measure iteration=13 component=core_acc component_id=6 lut_exp=0 qo_len=16 kv_len=4096 n_heads=12 n_kv_heads=2 head_dim=128 kv_head=0 worker=1 block_r=0 block_c=0 t0_us=3758000736 t1_us=3758000738 dur_us=2
FIG8_ATTENTION_EVENT mode=baseline phase=measure iteration=13 component=k_load component_id=2 lut_exp=0 qo_len=16 kv_len=4096 n_heads=12 n_kv_heads=2 head_dim=128 kv_head=0 worker=1 block_r=0 block_c=832 t0_us=3758000738 t1_us=3758000756 dur_us=17
FIG8_ATTENTION_EVENT mode=baseline phase=measure iteration=13 component=qk_dot component_id=4 lut_exp=0 qo_len=16 kv_len=4096 n_heads=12 n_kv_heads=2 head_dim=128 kv_head=0 worker=1 block_r=0 block_c=832 t0_us=3758000756 t1_us=3758000758 dur_us=1
FIG8_ATTENTION_EVENT mode=baseline phase=measure iteration=13 component=k_load component_id=2 lut_exp=0 qo_len=16 kv_len=4096 n_heads=12 n_kv_heads=2 head_dim=128 kv_head=1 worker=0 block_r=0 block_c=832 t0_us=3758000737 t1_us=3758000758 dur_us=20
FIG8_ATTENTION_EVENT mode=baseline phase=measure iteration=13 component=qk_dot component_id=4 lut_exp=0 qo_len=16 kv_len=4096 n_heads=12 n_kv_heads=2 head_dim=128 kv_head=1 worker=0 block_r=0 block_c=832 t0_us=3758000758 t1_us=3758000759 dur_us=1
FIG8_ATTENTION_EVENT mode=baseline phase=measure iteration=13 component=safe_sm component_id=5 lut_exp=0 qo_len=16 kv_len=4096 n_heads=12 n_kv_heads=2 head_dim=128 kv_head=0 worker=1 block_r=0 block_c=832 t0_us=3758000758 t1_us=3758000830 dur_us=72
FIG8_ATTENTION_EVENT mode=baseline phase=measure iteration=13 component=safe_sm component_id=5 lut_exp=0 qo_len=16 kv_len=4096 n_heads=12 n_kv_heads=2 head_dim=128 kv_head=1 worker=0 block_r=0 block_c=832 t0_us=3758000760 t1_us=3758000830 dur_us=70
FIG8_ATTENTION_EVENT mode=baseline phase=measure iteration=13 component=v_load component_id=3 lut_exp=0 qo_len=16 kv_len=4096 n_heads=12 n_kv_heads=2 head_dim=128 kv_head=1 worker=0 block_r=0 block_c=832 t0_us=3758000830 t1_us=3758000844 dur_us=13
FIG8_ATTENTION_EVENT mode=baseline phase=measure iteration=13 component=core_acc component_id=6 lut_exp=0 qo_len=16 kv_len=4096 n_heads=12 n_kv_heads=2 head_dim=128 kv_head=1 worker=0 block_r=0 block_c=832 t0_us=3758000844 t1_us=3758000845 dur_us=0
FIG8_ATTENTION_EVENT mode=baseline phase=measure iteration=13 component=v_load component_id=3 lut_exp=0 qo_len=16 kv_len=4096 n_heads=12 n_kv_heads=2 head_dim=128 kv_head=0 worker=1 block_r=0 block_c=832 t0_us=3758000830 t1_us=3758000846 dur_us=15
FIG8_ATTENTION_EVENT mode=baseline phase=measure iteration=13 component=core_acc component_id=6 lut_exp=0 qo_len=16 kv_len=4096 n_heads=12 n_kv_heads=2 head_dim=128 kv_head=0 worker=1 block_r=0 block_c=832 t0_us=3758000846 t1_us=3758000848 dur_us=1
FIG8_ATTENTION_EVENT mode=baseline phase=measure iteration=13 component=k_load component_id=2 lut_exp=0 qo_len=16 kv_len=4096 n_heads=12 n_kv_heads=2 head_dim=128 kv_head=1 worker=0 block_r=0 block_c=1664 t0_us=3758000845 t1_us=3758000860 dur_us=15
FIG8_ATTENTION_EVENT mode=baseline phase=measure iteration=13 component=qk_dot component_id=4 lut_exp=0 qo_len=16 kv_len=4096 n_heads=12 n_kv_heads=2 head_dim=128 kv_head=1 worker=0 block_r=0 block_c=1664 t0_us=3758000860 t1_us=3758000862 dur_us=1
FIG8_ATTENTION_EVENT mode=baseline phase=measure iteration=13 component=k_load component_id=2 lut_exp=0 qo_len=16 kv_len=4096 n_heads=12 n_kv_heads=2 head_dim=128 kv_head=0 worker=1 block_r=0 block_c=1664 t0_us=3758000848 t1_us=3758000864 dur_us=15
FIG8_ATTENTION_EVENT mode=baseline phase=measure iteration=13 component=qk_dot component_id=4 lut_exp=0 qo_len=16 kv_len=4096 n_heads=12 n_kv_heads=2 head_dim=128 kv_head=0 worker=1 block_r=0 block_c=1664 t0_us=3758000864 t1_us=3758000865 dur_us=1
FIG8_ATTENTION_EVENT mode=baseline phase=measure iteration=13 component=safe_sm component_id=5 lut_exp=0 qo_len=16 kv_len=4096 n_heads=12 n_kv_heads=2 head_dim=128 kv_head=1 worker=0 block_r=0 block_c=1664 t0_us=3758000862 t1_us=3758000936 dur_us=74
FIG8_ATTENTION_EVENT mode=baseline phase=measure iteration=13 component=safe_sm component_id=5 lut_exp=0 qo_len=16 kv_len=4096 n_heads=12 n_kv_heads=2 head_dim=128 kv_head=0 worker=1 block_r=0 block_c=1664 t0_us=3758000865 t1_us=3758000936 dur_us=70
FIG8_ATTENTION_EVENT mode=baseline phase=measure iteration=13 component=v_load component_id=3 lut_exp=0 qo_len=16 kv_len=4096 n_heads=12 n_kv_heads=2 head_dim=128 kv_head=0 worker=1 block_r=0 block_c=1664 t0_us=3758000936 t1_us=3758000948 dur_us=12
FIG8_ATTENTION_EVENT mode=baseline phase=measure iteration=13 component=v_load component_id=3 lut_exp=0 qo_len=16 kv_len=4096 n_heads=12 n_kv_heads=2 head_dim=128 kv_head=1 worker=0 block_r=0 block_c=1664 t0_us=3758000936 t1_us=3758000948 dur_us=12
FIG8_ATTENTION_EVENT mode=baseline phase=measure iteration=13 component=core_acc component_id=6 lut_exp=0 qo_len=16 kv_len=4096 n_heads=12 n_kv_heads=2 head_dim=128 kv_head=0 worker=1 block_r=0 block_c=1664 t0_us=3758000949 t1_us=3758000949 dur_us=0
FIG8_ATTENTION_EVENT mode=baseline phase=measure iteration=13 component=core_acc component_id=6 lut_exp=0 qo_len=16 kv_len=4096 n_heads=12 n_kv_heads=2 head_dim=128 kv_head=1 worker=0 block_r=0 block_c=1664 t0_us=3758000949 t1_us=3758000951 dur_us=2
FIG8_ATTENTION_EVENT mode=baseline phase=measure iteration=13 component=k_load component_id=2 lut_exp=0 qo_len=16 kv_len=4096 n_heads=12 n_kv_heads=2 head_dim=128 kv_head=0 worker=1 block_r=0 block_c=2496 t0_us=3758000950 t1_us=3758000968 dur_us=18
FIG8_ATTENTION_EVENT mode=baseline phase=measure iteration=13 component=k_load component_id=2 lut_exp=0 qo_len=16 kv_len=4096 n_heads=12 n_kv_heads=2 head_dim=128 kv_head=1 worker=0 block_r=0 block_c=2496 t0_us=3758000951 t1_us=3758000969 dur_us=17
FIG8_ATTENTION_EVENT mode=baseline phase=measure iteration=13 component=qk_dot component_id=4 lut_exp=0 qo_len=16 kv_len=4096 n_heads=12 n_kv_heads=2 head_dim=128 kv_head=0 worker=1 block_r=0 block_c=2496 t0_us=3758000968 t1_us=3758000969 dur_us=1
FIG8_ATTENTION_EVENT mode=baseline phase=measure iteration=13 component=qk_dot component_id=4 lut_exp=0 qo_len=16 kv_len=4096 n_heads=12 n_kv_heads=2 head_dim=128 kv_head=1 worker=0 block_r=0 block_c=2496 t0_us=3758000969 t1_us=3758000971 dur_us=1
FIG8_ATTENTION_EVENT mode=baseline phase=measure iteration=13 component=safe_sm component_id=5 lut_exp=0 qo_len=16 kv_len=4096 n_heads=12 n_kv_heads=2 head_dim=128 kv_head=0 worker=1 block_r=0 block_c=2496 t0_us=3758000969 t1_us=3758001043 dur_us=73
FIG8_ATTENTION_EVENT mode=baseline phase=measure iteration=13 component=safe_sm component_id=5 lut_exp=0 qo_len=16 kv_len=4096 n_heads=12 n_kv_heads=2 head_dim=128 kv_head=1 worker=0 block_r=0 block_c=2496 t0_us=3758000971 t1_us=3758001043 dur_us=71
FIG8_ATTENTION_EVENT mode=baseline phase=measure iteration=13 component=v_load component_id=3 lut_exp=0 qo_len=16 kv_len=4096 n_heads=12 n_kv_heads=2 head_dim=128 kv_head=1 worker=0 block_r=0 block_c=2496 t0_us=3758001043 t1_us=3758001055 dur_us=12
FIG8_ATTENTION_EVENT mode=baseline phase=measure iteration=13 component=v_load component_id=3 lut_exp=0 qo_len=16 kv_len=4096 n_heads=12 n_kv_heads=2 head_dim=128 kv_head=0 worker=1 block_r=0 block_c=2496 t0_us=3758001043 t1_us=3758001055 dur_us=12
FIG8_ATTENTION_EVENT mode=baseline phase=measure iteration=13 component=core_acc component_id=6 lut_exp=0 qo_len=16 kv_len=4096 n_heads=12 n_kv_heads=2 head_dim=128 kv_head=0 worker=1 block_r=0 block_c=2496 t0_us=3758001055 t1_us=3758001056 dur_us=0
FIG8_ATTENTION_EVENT mode=baseline phase=measure iteration=13 component=core_acc component_id=6 lut_exp=0 qo_len=16 kv_len=4096 n_heads=12 n_kv_heads=2 head_dim=128 kv_head=1 worker=0 block_r=0 block_c=2496 t0_us=3758001055 t1_us=3758001057 dur_us=2
FIG8_ATTENTION_EVENT mode=baseline phase=measure iteration=13 component=k_load component_id=2 lut_exp=0 qo_len=16 kv_len=4096 n_heads=12 n_kv_heads=2 head_dim=128 kv_head=0 worker=1 block_r=0 block_c=3328 t0_us=3758001056 t1_us=3758001072 dur_us=15
FIG8_ATTENTION_EVENT mode=baseline phase=measure iteration=13 component=qk_dot component_id=4 lut_exp=0 qo_len=16 kv_len=4096 n_heads=12 n_kv_heads=2 head_dim=128 kv_head=0 worker=1 block_r=0 block_c=3328 t0_us=3758001072 t1_us=3758001073 dur_us=1
FIG8_ATTENTION_EVENT mode=baseline phase=measure iteration=13 component=k_load component_id=2 lut_exp=0 qo_len=16 kv_len=4096 n_heads=12 n_kv_heads=2 head_dim=128 kv_head=1 worker=0 block_r=0 block_c=3328 t0_us=3758001057 t1_us=3758001074 dur_us=16
FIG8_ATTENTION_EVENT mode=baseline phase=measure iteration=13 component=qk_dot component_id=4 lut_exp=0 qo_len=16 kv_len=4096 n_heads=12 n_kv_heads=2 head_dim=128 kv_head=1 worker=0 block_r=0 block_c=3328 t0_us=3758001074 t1_us=3758001075 dur_us=1
FIG8_ATTENTION_EVENT mode=baseline phase=measure iteration=13 component=safe_sm component_id=5 lut_exp=0 qo_len=16 kv_len=4096 n_heads=12 n_kv_heads=2 head_dim=128 kv_head=0 worker=1 block_r=0 block_c=3328 t0_us=3758001073 t1_us=3758001136 dur_us=63
FIG8_ATTENTION_EVENT mode=baseline phase=measure iteration=13 component=safe_sm component_id=5 lut_exp=0 qo_len=16 kv_len=4096 n_heads=12 n_kv_heads=2 head_dim=128 kv_head=1 worker=0 block_r=0 block_c=3328 t0_us=3758001075 t1_us=3758001136 dur_us=61
FIG8_ATTENTION_EVENT mode=baseline phase=measure iteration=13 component=v_load component_id=3 lut_exp=0 qo_len=16 kv_len=4096 n_heads=12 n_kv_heads=2 head_dim=128 kv_head=1 worker=0 block_r=0 block_c=3328 t0_us=3758001137 t1_us=3758001146 dur_us=8
FIG8_ATTENTION_EVENT mode=baseline phase=measure iteration=13 component=v_load component_id=3 lut_exp=0 qo_len=16 kv_len=4096 n_heads=12 n_kv_heads=2 head_dim=128 kv_head=0 worker=1 block_r=0 block_c=3328 t0_us=3758001137 t1_us=3758001146 dur_us=9
FIG8_ATTENTION_EVENT mode=baseline phase=measure iteration=13 component=core_acc component_id=6 lut_exp=0 qo_len=16 kv_len=4096 n_heads=12 n_kv_heads=2 head_dim=128 kv_head=1 worker=0 block_r=0 block_c=3328 t0_us=3758001146 t1_us=3758001146 dur_us=0
FIG8_ATTENTION_EVENT mode=baseline phase=measure iteration=13 component=core_acc component_id=6 lut_exp=0 qo_len=16 kv_len=4096 n_heads=12 n_kv_heads=2 head_dim=128 kv_head=0 worker=1 block_r=0 block_c=3328 t0_us=3758001146 t1_us=3758001148 dur_us=1
FIG8_ATTENTION_EVENT mode=baseline phase=measure iteration=13 component=o_scale component_id=7 lut_exp=0 qo_len=16 kv_len=4096 n_heads=12 n_kv_heads=2 head_dim=128 kv_head=1 worker=0 block_r=0 block_c=-1 t0_us=3758001146 t1_us=3758001148 dur_us=1
FIG8_ATTENTION_EVENT mode=baseline phase=measure iteration=13 component=o_scale component_id=7 lut_exp=0 qo_len=16 kv_len=4096 n_heads=12 n_kv_heads=2 head_dim=128 kv_head=0 worker=1 block_r=0 block_c=-1 t0_us=3758001148 t1_us=3758001148 dur_us=0
FIG8_ATTENTION_EVENT mode=baseline phase=measure iteration=13 component=o_store component_id=8 lut_exp=0 qo_len=16 kv_len=4096 n_heads=12 n_kv_heads=2 head_dim=128 kv_head=1 worker=0 block_r=0 block_c=-1 t0_us=3758001149 t1_us=3758001155 dur_us=6
FIG8_ATTENTION_EVENT mode=baseline phase=measure iteration=13 component=o_store component_id=8 lut_exp=0 qo_len=16 kv_len=4096 n_heads=12 n_kv_heads=2 head_dim=128 kv_head=0 worker=1 block_r=0 block_c=-1 t0_us=3758001149 t1_us=3758001155 dur_us=6
FIG8_ATTENTION_HOST_TIMING mode=baseline qo_len=16 kv_len=4096 n_heads=12 n_kv_heads=2 head_dim=128 phase=measure iteration=14 host_elapsed_us=878 ret=0
FIG8_ATTENTION_PROFILE_COUNT mode=baseline qo_len=16 phase=measure iteration=14 records=2 max_records=10
FIG8_ATTENTION_TIMERS mode=baseline phase=measure iteration=14 lut_exp=0 qo_len=16 kv_len=4096 n_heads=12 n_kv_heads=2 head_dim=128 kv_head=1 worker=5 profiled_total=546 q_load=4 k_load=98 v_load=65 qk_dot=7 safe_sm=359 core_acc=7 o_scale=0 o_store=6
FIG8_ATTENTION_TIMERS mode=baseline phase=measure iteration=14 lut_exp=0 qo_len=16 kv_len=4096 n_heads=12 n_kv_heads=2 head_dim=128 kv_head=0 worker=4 profiled_total=547 q_load=4 k_load=96 v_load=69 qk_dot=6 safe_sm=360 core_acc=5 o_scale=1 o_store=6
FIG8_ATTENTION_EVENT_COUNT mode=baseline qo_len=16 phase=measure iteration=14 events=56 max_events=12512 overflow=0
FIG8_ATTENTION_EVENT mode=baseline phase=measure iteration=14 component=q_load component_id=1 lut_exp=0 qo_len=16 kv_len=4096 n_heads=12 n_kv_heads=2 head_dim=128 kv_head=0 worker=4 block_r=0 block_c=-1 t0_us=3758002011 t1_us=3758002016 dur_us=4
FIG8_ATTENTION_EVENT mode=baseline phase=measure iteration=14 component=q_load component_id=1 lut_exp=0 qo_len=16 kv_len=4096 n_heads=12 n_kv_heads=2 head_dim=128 kv_head=1 worker=5 block_r=0 block_c=-1 t0_us=3758002011 t1_us=3758002016 dur_us=4
FIG8_ATTENTION_EVENT mode=baseline phase=measure iteration=14 component=k_load component_id=2 lut_exp=0 qo_len=16 kv_len=4096 n_heads=12 n_kv_heads=2 head_dim=128 kv_head=0 worker=4 block_r=0 block_c=0 t0_us=3758002018 t1_us=3758002040 dur_us=21
FIG8_ATTENTION_EVENT mode=baseline phase=measure iteration=14 component=k_load component_id=2 lut_exp=0 qo_len=16 kv_len=4096 n_heads=12 n_kv_heads=2 head_dim=128 kv_head=1 worker=5 block_r=0 block_c=0 t0_us=3758002018 t1_us=3758002040 dur_us=21
FIG8_ATTENTION_EVENT mode=baseline phase=measure iteration=14 component=qk_dot component_id=4 lut_exp=0 qo_len=16 kv_len=4096 n_heads=12 n_kv_heads=2 head_dim=128 kv_head=0 worker=4 block_r=0 block_c=0 t0_us=3758002040 t1_us=3758002042 dur_us=1
FIG8_ATTENTION_EVENT mode=baseline phase=measure iteration=14 component=qk_dot component_id=4 lut_exp=0 qo_len=16 kv_len=4096 n_heads=12 n_kv_heads=2 head_dim=128 kv_head=1 worker=5 block_r=0 block_c=0 t0_us=3758002040 t1_us=3758002043 dur_us=2
FIG8_ATTENTION_EVENT mode=baseline phase=measure iteration=14 component=safe_sm component_id=5 lut_exp=0 qo_len=16 kv_len=4096 n_heads=12 n_kv_heads=2 head_dim=128 kv_head=0 worker=4 block_r=0 block_c=0 t0_us=3758002043 t1_us=3758002116 dur_us=73
FIG8_ATTENTION_EVENT mode=baseline phase=measure iteration=14 component=safe_sm component_id=5 lut_exp=0 qo_len=16 kv_len=4096 n_heads=12 n_kv_heads=2 head_dim=128 kv_head=1 worker=5 block_r=0 block_c=0 t0_us=3758002043 t1_us=3758002116 dur_us=72
FIG8_ATTENTION_EVENT mode=baseline phase=measure iteration=14 component=v_load component_id=3 lut_exp=0 qo_len=16 kv_len=4096 n_heads=12 n_kv_heads=2 head_dim=128 kv_head=1 worker=5 block_r=0 block_c=0 t0_us=3758002116 t1_us=3758002135 dur_us=18
FIG8_ATTENTION_EVENT mode=baseline phase=measure iteration=14 component=v_load component_id=3 lut_exp=0 qo_len=16 kv_len=4096 n_heads=12 n_kv_heads=2 head_dim=128 kv_head=0 worker=4 block_r=0 block_c=0 t0_us=3758002116 t1_us=3758002137 dur_us=20
FIG8_ATTENTION_EVENT mode=baseline phase=measure iteration=14 component=core_acc component_id=6 lut_exp=0 qo_len=16 kv_len=4096 n_heads=12 n_kv_heads=2 head_dim=128 kv_head=1 worker=5 block_r=0 block_c=0 t0_us=3758002135 t1_us=3758002138 dur_us=2
FIG8_ATTENTION_EVENT mode=baseline phase=measure iteration=14 component=core_acc component_id=6 lut_exp=0 qo_len=16 kv_len=4096 n_heads=12 n_kv_heads=2 head_dim=128 kv_head=0 worker=4 block_r=0 block_c=0 t0_us=3758002137 t1_us=3758002140 dur_us=2
FIG8_ATTENTION_EVENT mode=baseline phase=measure iteration=14 component=k_load component_id=2 lut_exp=0 qo_len=16 kv_len=4096 n_heads=12 n_kv_heads=2 head_dim=128 kv_head=0 worker=4 block_r=0 block_c=832 t0_us=3758002140 t1_us=3758002160 dur_us=20
FIG8_ATTENTION_EVENT mode=baseline phase=measure iteration=14 component=qk_dot component_id=4 lut_exp=0 qo_len=16 kv_len=4096 n_heads=12 n_kv_heads=2 head_dim=128 kv_head=0 worker=4 block_r=0 block_c=832 t0_us=3758002160 t1_us=3758002161 dur_us=1
FIG8_ATTENTION_EVENT mode=baseline phase=measure iteration=14 component=k_load component_id=2 lut_exp=0 qo_len=16 kv_len=4096 n_heads=12 n_kv_heads=2 head_dim=128 kv_head=1 worker=5 block_r=0 block_c=832 t0_us=3758002139 t1_us=3758002162 dur_us=23
FIG8_ATTENTION_EVENT mode=baseline phase=measure iteration=14 component=qk_dot component_id=4 lut_exp=0 qo_len=16 kv_len=4096 n_heads=12 n_kv_heads=2 head_dim=128 kv_head=1 worker=5 block_r=0 block_c=832 t0_us=3758002162 t1_us=3758002164 dur_us=1
FIG8_ATTENTION_EVENT mode=baseline phase=measure iteration=14 component=safe_sm component_id=5 lut_exp=0 qo_len=16 kv_len=4096 n_heads=12 n_kv_heads=2 head_dim=128 kv_head=0 worker=4 block_r=0 block_c=832 t0_us=3758002161 t1_us=3758002235 dur_us=73
FIG8_ATTENTION_EVENT mode=baseline phase=measure iteration=14 component=safe_sm component_id=5 lut_exp=0 qo_len=16 kv_len=4096 n_heads=12 n_kv_heads=2 head_dim=128 kv_head=1 worker=5 block_r=0 block_c=832 t0_us=3758002164 t1_us=3758002235 dur_us=71
FIG8_ATTENTION_EVENT mode=baseline phase=measure iteration=14 component=v_load component_id=3 lut_exp=0 qo_len=16 kv_len=4096 n_heads=12 n_kv_heads=2 head_dim=128 kv_head=1 worker=5 block_r=0 block_c=832 t0_us=3758002236 t1_us=3758002249 dur_us=13
FIG8_ATTENTION_EVENT mode=baseline phase=measure iteration=14 component=core_acc component_id=6 lut_exp=0 qo_len=16 kv_len=4096 n_heads=12 n_kv_heads=2 head_dim=128 kv_head=1 worker=5 block_r=0 block_c=832 t0_us=3758002249 t1_us=3758002250 dur_us=0
FIG8_ATTENTION_EVENT mode=baseline phase=measure iteration=14 component=v_load component_id=3 lut_exp=0 qo_len=16 kv_len=4096 n_heads=12 n_kv_heads=2 head_dim=128 kv_head=0 worker=4 block_r=0 block_c=832 t0_us=3758002235 t1_us=3758002251 dur_us=15
FIG8_ATTENTION_EVENT mode=baseline phase=measure iteration=14 component=core_acc component_id=6 lut_exp=0 qo_len=16 kv_len=4096 n_heads=12 n_kv_heads=2 head_dim=128 kv_head=0 worker=4 block_r=0 block_c=832 t0_us=3758002251 t1_us=3758002251 dur_us=0
FIG8_ATTENTION_EVENT mode=baseline phase=measure iteration=14 component=k_load component_id=2 lut_exp=0 qo_len=16 kv_len=4096 n_heads=12 n_kv_heads=2 head_dim=128 kv_head=1 worker=5 block_r=0 block_c=1664 t0_us=3758002250 t1_us=3758002267 dur_us=17
FIG8_ATTENTION_EVENT mode=baseline phase=measure iteration=14 component=qk_dot component_id=4 lut_exp=0 qo_len=16 kv_len=4096 n_heads=12 n_kv_heads=2 head_dim=128 kv_head=1 worker=5 block_r=0 block_c=1664 t0_us=3758002267 t1_us=3758002268 dur_us=1
FIG8_ATTENTION_EVENT mode=baseline phase=measure iteration=14 component=k_load component_id=2 lut_exp=0 qo_len=16 kv_len=4096 n_heads=12 n_kv_heads=2 head_dim=128 kv_head=0 worker=4 block_r=0 block_c=1664 t0_us=3758002251 t1_us=3758002270 dur_us=18
FIG8_ATTENTION_EVENT mode=baseline phase=measure iteration=14 component=qk_dot component_id=4 lut_exp=0 qo_len=16 kv_len=4096 n_heads=12 n_kv_heads=2 head_dim=128 kv_head=0 worker=4 block_r=0 block_c=1664 t0_us=3758002270 t1_us=3758002271 dur_us=1
FIG8_ATTENTION_EVENT mode=baseline phase=measure iteration=14 component=safe_sm component_id=5 lut_exp=0 qo_len=16 kv_len=4096 n_heads=12 n_kv_heads=2 head_dim=128 kv_head=1 worker=5 block_r=0 block_c=1664 t0_us=3758002268 t1_us=3758002343 dur_us=74
FIG8_ATTENTION_EVENT mode=baseline phase=measure iteration=14 component=safe_sm component_id=5 lut_exp=0 qo_len=16 kv_len=4096 n_heads=12 n_kv_heads=2 head_dim=128 kv_head=0 worker=4 block_r=0 block_c=1664 t0_us=3758002271 t1_us=3758002343 dur_us=72
FIG8_ATTENTION_EVENT mode=baseline phase=measure iteration=14 component=v_load component_id=3 lut_exp=0 qo_len=16 kv_len=4096 n_heads=12 n_kv_heads=2 head_dim=128 kv_head=1 worker=5 block_r=0 block_c=1664 t0_us=3758002343 t1_us=3758002355 dur_us=11
FIG8_ATTENTION_EVENT mode=baseline phase=measure iteration=14 component=core_acc component_id=6 lut_exp=0 qo_len=16 kv_len=4096 n_heads=12 n_kv_heads=2 head_dim=128 kv_head=1 worker=5 block_r=0 block_c=1664 t0_us=3758002355 t1_us=3758002356 dur_us=0
FIG8_ATTENTION_EVENT mode=baseline phase=measure iteration=14 component=v_load component_id=3 lut_exp=0 qo_len=16 kv_len=4096 n_heads=12 n_kv_heads=2 head_dim=128 kv_head=0 worker=4 block_r=0 block_c=1664 t0_us=3758002343 t1_us=3758002356 dur_us=12
FIG8_ATTENTION_EVENT mode=baseline phase=measure iteration=14 component=core_acc component_id=6 lut_exp=0 qo_len=16 kv_len=4096 n_heads=12 n_kv_heads=2 head_dim=128 kv_head=0 worker=4 block_r=0 block_c=1664 t0_us=3758002356 t1_us=3758002357 dur_us=1
FIG8_ATTENTION_EVENT mode=baseline phase=measure iteration=14 component=k_load component_id=2 lut_exp=0 qo_len=16 kv_len=4096 n_heads=12 n_kv_heads=2 head_dim=128 kv_head=1 worker=5 block_r=0 block_c=2496 t0_us=3758002356 t1_us=3758002376 dur_us=19
FIG8_ATTENTION_EVENT mode=baseline phase=measure iteration=14 component=qk_dot component_id=4 lut_exp=0 qo_len=16 kv_len=4096 n_heads=12 n_kv_heads=2 head_dim=128 kv_head=1 worker=5 block_r=0 block_c=2496 t0_us=3758002376 t1_us=3758002377 dur_us=1
FIG8_ATTENTION_EVENT mode=baseline phase=measure iteration=14 component=k_load component_id=2 lut_exp=0 qo_len=16 kv_len=4096 n_heads=12 n_kv_heads=2 head_dim=128 kv_head=0 worker=4 block_r=0 block_c=2496 t0_us=3758002358 t1_us=3758002377 dur_us=19
FIG8_ATTENTION_EVENT mode=baseline phase=measure iteration=14 component=qk_dot component_id=4 lut_exp=0 qo_len=16 kv_len=4096 n_heads=12 n_kv_heads=2 head_dim=128 kv_head=0 worker=4 block_r=0 block_c=2496 t0_us=3758002378 t1_us=3758002379 dur_us=1
FIG8_ATTENTION_EVENT mode=baseline phase=measure iteration=14 component=safe_sm component_id=5 lut_exp=0 qo_len=16 kv_len=4096 n_heads=12 n_kv_heads=2 head_dim=128 kv_head=1 worker=5 block_r=0 block_c=2496 t0_us=3758002377 t1_us=3758002450 dur_us=73
FIG8_ATTENTION_EVENT mode=baseline phase=measure iteration=14 component=safe_sm component_id=5 lut_exp=0 qo_len=16 kv_len=4096 n_heads=12 n_kv_heads=2 head_dim=128 kv_head=0 worker=4 block_r=0 block_c=2496 t0_us=3758002379 t1_us=3758002451 dur_us=71
FIG8_ATTENTION_EVENT mode=baseline phase=measure iteration=14 component=v_load component_id=3 lut_exp=0 qo_len=16 kv_len=4096 n_heads=12 n_kv_heads=2 head_dim=128 kv_head=0 worker=4 block_r=0 block_c=2496 t0_us=3758002451 t1_us=3758002462 dur_us=11
FIG8_ATTENTION_EVENT mode=baseline phase=measure iteration=14 component=v_load component_id=3 lut_exp=0 qo_len=16 kv_len=4096 n_heads=12 n_kv_heads=2 head_dim=128 kv_head=1 worker=5 block_r=0 block_c=2496 t0_us=3758002451 t1_us=3758002463 dur_us=12
FIG8_ATTENTION_EVENT mode=baseline phase=measure iteration=14 component=core_acc component_id=6 lut_exp=0 qo_len=16 kv_len=4096 n_heads=12 n_kv_heads=2 head_dim=128 kv_head=0 worker=4 block_r=0 block_c=2496 t0_us=3758002462 t1_us=3758002463 dur_us=0
FIG8_ATTENTION_EVENT mode=baseline phase=measure iteration=14 component=core_acc component_id=6 lut_exp=0 qo_len=16 kv_len=4096 n_heads=12 n_kv_heads=2 head_dim=128 kv_head=1 worker=5 block_r=0 block_c=2496 t0_us=3758002463 t1_us=3758002465 dur_us=2
FIG8_ATTENTION_EVENT mode=baseline phase=measure iteration=14 component=k_load component_id=2 lut_exp=0 qo_len=16 kv_len=4096 n_heads=12 n_kv_heads=2 head_dim=128 kv_head=0 worker=4 block_r=0 block_c=3328 t0_us=3758002464 t1_us=3758002479 dur_us=15
FIG8_ATTENTION_EVENT mode=baseline phase=measure iteration=14 component=qk_dot component_id=4 lut_exp=0 qo_len=16 kv_len=4096 n_heads=12 n_kv_heads=2 head_dim=128 kv_head=0 worker=4 block_r=0 block_c=3328 t0_us=3758002479 t1_us=3758002480 dur_us=1
FIG8_ATTENTION_EVENT mode=baseline phase=measure iteration=14 component=k_load component_id=2 lut_exp=0 qo_len=16 kv_len=4096 n_heads=12 n_kv_heads=2 head_dim=128 kv_head=1 worker=5 block_r=0 block_c=3328 t0_us=3758002465 t1_us=3758002481 dur_us=15
FIG8_ATTENTION_EVENT mode=baseline phase=measure iteration=14 component=qk_dot component_id=4 lut_exp=0 qo_len=16 kv_len=4096 n_heads=12 n_kv_heads=2 head_dim=128 kv_head=1 worker=5 block_r=0 block_c=3328 t0_us=3758002481 t1_us=3758002482 dur_us=1
FIG8_ATTENTION_EVENT mode=baseline phase=measure iteration=14 component=safe_sm component_id=5 lut_exp=0 qo_len=16 kv_len=4096 n_heads=12 n_kv_heads=2 head_dim=128 kv_head=0 worker=4 block_r=0 block_c=3328 t0_us=3758002481 t1_us=3758002550 dur_us=69
FIG8_ATTENTION_EVENT mode=baseline phase=measure iteration=14 component=safe_sm component_id=5 lut_exp=0 qo_len=16 kv_len=4096 n_heads=12 n_kv_heads=2 head_dim=128 kv_head=1 worker=5 block_r=0 block_c=3328 t0_us=3758002482 t1_us=3758002550 dur_us=67
FIG8_ATTENTION_EVENT mode=baseline phase=measure iteration=14 component=v_load component_id=3 lut_exp=0 qo_len=16 kv_len=4096 n_heads=12 n_kv_heads=2 head_dim=128 kv_head=0 worker=4 block_r=0 block_c=3328 t0_us=3758002550 t1_us=3758002559 dur_us=9
FIG8_ATTENTION_EVENT mode=baseline phase=measure iteration=14 component=v_load component_id=3 lut_exp=0 qo_len=16 kv_len=4096 n_heads=12 n_kv_heads=2 head_dim=128 kv_head=1 worker=5 block_r=0 block_c=3328 t0_us=3758002550 t1_us=3758002559 dur_us=9
FIG8_ATTENTION_EVENT mode=baseline phase=measure iteration=14 component=core_acc component_id=6 lut_exp=0 qo_len=16 kv_len=4096 n_heads=12 n_kv_heads=2 head_dim=128 kv_head=0 worker=4 block_r=0 block_c=3328 t0_us=3758002559 t1_us=3758002560 dur_us=0
FIG8_ATTENTION_EVENT mode=baseline phase=measure iteration=14 component=core_acc component_id=6 lut_exp=0 qo_len=16 kv_len=4096 n_heads=12 n_kv_heads=2 head_dim=128 kv_head=1 worker=5 block_r=0 block_c=3328 t0_us=3758002559 t1_us=3758002561 dur_us=1
FIG8_ATTENTION_EVENT mode=baseline phase=measure iteration=14 component=o_scale component_id=7 lut_exp=0 qo_len=16 kv_len=4096 n_heads=12 n_kv_heads=2 head_dim=128 kv_head=0 worker=4 block_r=0 block_c=-1 t0_us=3758002560 t1_us=3758002561 dur_us=1
FIG8_ATTENTION_EVENT mode=baseline phase=measure iteration=14 component=o_scale component_id=7 lut_exp=0 qo_len=16 kv_len=4096 n_heads=12 n_kv_heads=2 head_dim=128 kv_head=1 worker=5 block_r=0 block_c=-1 t0_us=3758002561 t1_us=3758002562 dur_us=0
FIG8_ATTENTION_EVENT mode=baseline phase=measure iteration=14 component=o_store component_id=8 lut_exp=0 qo_len=16 kv_len=4096 n_heads=12 n_kv_heads=2 head_dim=128 kv_head=0 worker=4 block_r=0 block_c=-1 t0_us=3758002562 t1_us=3758002568 dur_us=6
FIG8_ATTENTION_EVENT mode=baseline phase=measure iteration=14 component=o_store component_id=8 lut_exp=0 qo_len=16 kv_len=4096 n_heads=12 n_kv_heads=2 head_dim=128 kv_head=1 worker=5 block_r=0 block_c=-1 t0_us=3758002562 t1_us=3758002568 dur_us=6
FIG8_ATTENTION_HOST_TIMING mode=baseline qo_len=16 kv_len=4096 n_heads=12 n_kv_heads=2 head_dim=128 phase=measure iteration=15 host_elapsed_us=910 ret=0
FIG8_ATTENTION_PROFILE_COUNT mode=baseline qo_len=16 phase=measure iteration=15 records=2 max_records=10
FIG8_ATTENTION_TIMERS mode=baseline phase=measure iteration=15 lut_exp=0 qo_len=16 kv_len=4096 n_heads=12 n_kv_heads=2 head_dim=128 kv_head=1 worker=0 profiled_total=541 q_load=4 k_load=90 v_load=72 qk_dot=7 safe_sm=355 core_acc=7 o_scale=0 o_store=6
FIG8_ATTENTION_TIMERS mode=baseline phase=measure iteration=15 lut_exp=0 qo_len=16 kv_len=4096 n_heads=12 n_kv_heads=2 head_dim=128 kv_head=0 worker=3 profiled_total=544 q_load=4 k_load=89 v_load=75 qk_dot=6 safe_sm=356 core_acc=6 o_scale=2 o_store=6
FIG8_ATTENTION_EVENT_COUNT mode=baseline qo_len=16 phase=measure iteration=15 events=56 max_events=12512 overflow=0
FIG8_ATTENTION_EVENT mode=baseline phase=measure iteration=15 component=q_load component_id=1 lut_exp=0 qo_len=16 kv_len=4096 n_heads=12 n_kv_heads=2 head_dim=128 kv_head=0 worker=3 block_r=0 block_c=-1 t0_us=3758003341 t1_us=3758003346 dur_us=4
FIG8_ATTENTION_EVENT mode=baseline phase=measure iteration=15 component=q_load component_id=1 lut_exp=0 qo_len=16 kv_len=4096 n_heads=12 n_kv_heads=2 head_dim=128 kv_head=1 worker=0 block_r=0 block_c=-1 t0_us=3758003341 t1_us=3758003346 dur_us=4
FIG8_ATTENTION_EVENT mode=baseline phase=measure iteration=15 component=k_load component_id=2 lut_exp=0 qo_len=16 kv_len=4096 n_heads=12 n_kv_heads=2 head_dim=128 kv_head=0 worker=3 block_r=0 block_c=0 t0_us=3758003348 t1_us=3758003370 dur_us=21
FIG8_ATTENTION_EVENT mode=baseline phase=measure iteration=15 component=k_load component_id=2 lut_exp=0 qo_len=16 kv_len=4096 n_heads=12 n_kv_heads=2 head_dim=128 kv_head=1 worker=0 block_r=0 block_c=0 t0_us=3758003348 t1_us=3758003370 dur_us=21
FIG8_ATTENTION_EVENT mode=baseline phase=measure iteration=15 component=qk_dot component_id=4 lut_exp=0 qo_len=16 kv_len=4096 n_heads=12 n_kv_heads=2 head_dim=128 kv_head=0 worker=3 block_r=0 block_c=0 t0_us=3758003370 t1_us=3758003372 dur_us=1
FIG8_ATTENTION_EVENT mode=baseline phase=measure iteration=15 component=qk_dot component_id=4 lut_exp=0 qo_len=16 kv_len=4096 n_heads=12 n_kv_heads=2 head_dim=128 kv_head=1 worker=0 block_r=0 block_c=0 t0_us=3758003370 t1_us=3758003373 dur_us=2
FIG8_ATTENTION_EVENT mode=baseline phase=measure iteration=15 component=safe_sm component_id=5 lut_exp=0 qo_len=16 kv_len=4096 n_heads=12 n_kv_heads=2 head_dim=128 kv_head=0 worker=3 block_r=0 block_c=0 t0_us=3758003373 t1_us=3758003447 dur_us=74
FIG8_ATTENTION_EVENT mode=baseline phase=measure iteration=15 component=safe_sm component_id=5 lut_exp=0 qo_len=16 kv_len=4096 n_heads=12 n_kv_heads=2 head_dim=128 kv_head=1 worker=0 block_r=0 block_c=0 t0_us=3758003373 t1_us=3758003447 dur_us=73
FIG8_ATTENTION_EVENT mode=baseline phase=measure iteration=15 component=v_load component_id=3 lut_exp=0 qo_len=16 kv_len=4096 n_heads=12 n_kv_heads=2 head_dim=128 kv_head=1 worker=0 block_r=0 block_c=0 t0_us=3758003448 t1_us=3758003468 dur_us=20
FIG8_ATTENTION_EVENT mode=baseline phase=measure iteration=15 component=v_load component_id=3 lut_exp=0 qo_len=16 kv_len=4096 n_heads=12 n_kv_heads=2 head_dim=128 kv_head=0 worker=3 block_r=0 block_c=0 t0_us=3758003448 t1_us=3758003470 dur_us=22
FIG8_ATTENTION_EVENT mode=baseline phase=measure iteration=15 component=core_acc component_id=6 lut_exp=0 qo_len=16 kv_len=4096 n_heads=12 n_kv_heads=2 head_dim=128 kv_head=1 worker=0 block_r=0 block_c=0 t0_us=3758003469 t1_us=3758003472 dur_us=2
FIG8_ATTENTION_EVENT mode=baseline phase=measure iteration=15 component=core_acc component_id=6 lut_exp=0 qo_len=16 kv_len=4096 n_heads=12 n_kv_heads=2 head_dim=128 kv_head=0 worker=3 block_r=0 block_c=0 t0_us=3758003470 t1_us=3758003473 dur_us=2
FIG8_ATTENTION_EVENT mode=baseline phase=measure iteration=15 component=k_load component_id=2 lut_exp=0 qo_len=16 kv_len=4096 n_heads=12 n_kv_heads=2 head_dim=128 kv_head=1 worker=0 block_r=0 block_c=832 t0_us=3758003472 t1_us=3758003492 dur_us=19
FIG8_ATTENTION_EVENT mode=baseline phase=measure iteration=15 component=k_load component_id=2 lut_exp=0 qo_len=16 kv_len=4096 n_heads=12 n_kv_heads=2 head_dim=128 kv_head=0 worker=3 block_r=0 block_c=832 t0_us=3758003473 t1_us=3758003492 dur_us=18
FIG8_ATTENTION_EVENT mode=baseline phase=measure iteration=15 component=qk_dot component_id=4 lut_exp=0 qo_len=16 kv_len=4096 n_heads=12 n_kv_heads=2 head_dim=128 kv_head=1 worker=0 block_r=0 block_c=832 t0_us=3758003492 t1_us=3758003493 dur_us=1
FIG8_ATTENTION_EVENT mode=baseline phase=measure iteration=15 component=qk_dot component_id=4 lut_exp=0 qo_len=16 kv_len=4096 n_heads=12 n_kv_heads=2 head_dim=128 kv_head=0 worker=3 block_r=0 block_c=832 t0_us=3758003492 t1_us=3758003494 dur_us=2
FIG8_ATTENTION_EVENT mode=baseline phase=measure iteration=15 component=safe_sm component_id=5 lut_exp=0 qo_len=16 kv_len=4096 n_heads=12 n_kv_heads=2 head_dim=128 kv_head=1 worker=0 block_r=0 block_c=832 t0_us=3758003493 t1_us=3758003565 dur_us=72
FIG8_ATTENTION_EVENT mode=baseline phase=measure iteration=15 component=safe_sm component_id=5 lut_exp=0 qo_len=16 kv_len=4096 n_heads=12 n_kv_heads=2 head_dim=128 kv_head=0 worker=3 block_r=0 block_c=832 t0_us=3758003494 t1_us=3758003565 dur_us=71
FIG8_ATTENTION_EVENT mode=baseline phase=measure iteration=15 component=v_load component_id=3 lut_exp=0 qo_len=16 kv_len=4096 n_heads=12 n_kv_heads=2 head_dim=128 kv_head=1 worker=0 block_r=0 block_c=832 t0_us=3758003566 t1_us=3758003580 dur_us=14
FIG8_ATTENTION_EVENT mode=baseline phase=measure iteration=15 component=core_acc component_id=6 lut_exp=0 qo_len=16 kv_len=4096 n_heads=12 n_kv_heads=2 head_dim=128 kv_head=1 worker=0 block_r=0 block_c=832 t0_us=3758003580 t1_us=3758003581 dur_us=0
FIG8_ATTENTION_EVENT mode=baseline phase=measure iteration=15 component=v_load component_id=3 lut_exp=0 qo_len=16 kv_len=4096 n_heads=12 n_kv_heads=2 head_dim=128 kv_head=0 worker=3 block_r=0 block_c=832 t0_us=3758003566 t1_us=3758003581 dur_us=15
FIG8_ATTENTION_EVENT mode=baseline phase=measure iteration=15 component=core_acc component_id=6 lut_exp=0 qo_len=16 kv_len=4096 n_heads=12 n_kv_heads=2 head_dim=128 kv_head=0 worker=3 block_r=0 block_c=832 t0_us=3758003582 t1_us=3758003582 dur_us=0
FIG8_ATTENTION_EVENT mode=baseline phase=measure iteration=15 component=k_load component_id=2 lut_exp=0 qo_len=16 kv_len=4096 n_heads=12 n_kv_heads=2 head_dim=128 kv_head=1 worker=0 block_r=0 block_c=1664 t0_us=3758003581 t1_us=3758003597 dur_us=16
FIG8_ATTENTION_EVENT mode=baseline phase=measure iteration=15 component=qk_dot component_id=4 lut_exp=0 qo_len=16 kv_len=4096 n_heads=12 n_kv_heads=2 head_dim=128 kv_head=1 worker=0 block_r=0 block_c=1664 t0_us=3758003598 t1_us=3758003599 dur_us=1
FIG8_ATTENTION_EVENT mode=baseline phase=measure iteration=15 component=k_load component_id=2 lut_exp=0 qo_len=16 kv_len=4096 n_heads=12 n_kv_heads=2 head_dim=128 kv_head=0 worker=3 block_r=0 block_c=1664 t0_us=3758003582 t1_us=3758003599 dur_us=16
FIG8_ATTENTION_EVENT mode=baseline phase=measure iteration=15 component=qk_dot component_id=4 lut_exp=0 qo_len=16 kv_len=4096 n_heads=12 n_kv_heads=2 head_dim=128 kv_head=0 worker=3 block_r=0 block_c=1664 t0_us=3758003599 t1_us=3758003600 dur_us=1
FIG8_ATTENTION_EVENT mode=baseline phase=measure iteration=15 component=safe_sm component_id=5 lut_exp=0 qo_len=16 kv_len=4096 n_heads=12 n_kv_heads=2 head_dim=128 kv_head=0 worker=3 block_r=0 block_c=1664 t0_us=3758003600 t1_us=3758003670 dur_us=70
FIG8_ATTENTION_EVENT mode=baseline phase=measure iteration=15 component=safe_sm component_id=5 lut_exp=0 qo_len=16 kv_len=4096 n_heads=12 n_kv_heads=2 head_dim=128 kv_head=1 worker=0 block_r=0 block_c=1664 t0_us=3758003599 t1_us=3758003670 dur_us=71
FIG8_ATTENTION_EVENT mode=baseline phase=measure iteration=15 component=v_load component_id=3 lut_exp=0 qo_len=16 kv_len=4096 n_heads=12 n_kv_heads=2 head_dim=128 kv_head=0 worker=3 block_r=0 block_c=1664 t0_us=3758003670 t1_us=3758003686 dur_us=16
FIG8_ATTENTION_EVENT mode=baseline phase=measure iteration=15 component=v_load component_id=3 lut_exp=0 qo_len=16 kv_len=4096 n_heads=12 n_kv_heads=2 head_dim=128 kv_head=1 worker=0 block_r=0 block_c=1664 t0_us=3758003671 t1_us=3758003687 dur_us=15
FIG8_ATTENTION_EVENT mode=baseline phase=measure iteration=15 component=core_acc component_id=6 lut_exp=0 qo_len=16 kv_len=4096 n_heads=12 n_kv_heads=2 head_dim=128 kv_head=0 worker=3 block_r=0 block_c=1664 t0_us=3758003686 t1_us=3758003687 dur_us=0
FIG8_ATTENTION_EVENT mode=baseline phase=measure iteration=15 component=core_acc component_id=6 lut_exp=0 qo_len=16 kv_len=4096 n_heads=12 n_kv_heads=2 head_dim=128 kv_head=1 worker=0 block_r=0 block_c=1664 t0_us=3758003687 t1_us=3758003689 dur_us=2
FIG8_ATTENTION_EVENT mode=baseline phase=measure iteration=15 component=k_load component_id=2 lut_exp=0 qo_len=16 kv_len=4096 n_heads=12 n_kv_heads=2 head_dim=128 kv_head=0 worker=3 block_r=0 block_c=2496 t0_us=3758003687 t1_us=3758003704 dur_us=16
FIG8_ATTENTION_EVENT mode=baseline phase=measure iteration=15 component=qk_dot component_id=4 lut_exp=0 qo_len=16 kv_len=4096 n_heads=12 n_kv_heads=2 head_dim=128 kv_head=0 worker=3 block_r=0 block_c=2496 t0_us=3758003704 t1_us=3758003705 dur_us=1
FIG8_ATTENTION_EVENT mode=baseline phase=measure iteration=15 component=k_load component_id=2 lut_exp=0 qo_len=16 kv_len=4096 n_heads=12 n_kv_heads=2 head_dim=128 kv_head=1 worker=0 block_r=0 block_c=2496 t0_us=3758003690 t1_us=3758003708 dur_us=17
FIG8_ATTENTION_EVENT mode=baseline phase=measure iteration=15 component=qk_dot component_id=4 lut_exp=0 qo_len=16 kv_len=4096 n_heads=12 n_kv_heads=2 head_dim=128 kv_head=1 worker=0 block_r=0 block_c=2496 t0_us=3758003708 t1_us=3758003710 dur_us=1
FIG8_ATTENTION_EVENT mode=baseline phase=measure iteration=15 component=safe_sm component_id=5 lut_exp=0 qo_len=16 kv_len=4096 n_heads=12 n_kv_heads=2 head_dim=128 kv_head=0 worker=3 block_r=0 block_c=2496 t0_us=3758003705 t1_us=3758003779 dur_us=73
FIG8_ATTENTION_EVENT mode=baseline phase=measure iteration=15 component=safe_sm component_id=5 lut_exp=0 qo_len=16 kv_len=4096 n_heads=12 n_kv_heads=2 head_dim=128 kv_head=1 worker=0 block_r=0 block_c=2496 t0_us=3758003710 t1_us=3758003779 dur_us=69
FIG8_ATTENTION_EVENT mode=baseline phase=measure iteration=15 component=v_load component_id=3 lut_exp=0 qo_len=16 kv_len=4096 n_heads=12 n_kv_heads=2 head_dim=128 kv_head=1 worker=0 block_r=0 block_c=2496 t0_us=3758003779 t1_us=3758003791 dur_us=12
FIG8_ATTENTION_EVENT mode=baseline phase=measure iteration=15 component=v_load component_id=3 lut_exp=0 qo_len=16 kv_len=4096 n_heads=12 n_kv_heads=2 head_dim=128 kv_head=0 worker=3 block_r=0 block_c=2496 t0_us=3758003779 t1_us=3758003792 dur_us=12
FIG8_ATTENTION_EVENT mode=baseline phase=measure iteration=15 component=core_acc component_id=6 lut_exp=0 qo_len=16 kv_len=4096 n_heads=12 n_kv_heads=2 head_dim=128 kv_head=1 worker=0 block_r=0 block_c=2496 t0_us=3758003792 t1_us=3758003792 dur_us=0
FIG8_ATTENTION_EVENT mode=baseline phase=measure iteration=15 component=core_acc component_id=6 lut_exp=0 qo_len=16 kv_len=4096 n_heads=12 n_kv_heads=2 head_dim=128 kv_head=0 worker=3 block_r=0 block_c=2496 t0_us=3758003792 t1_us=3758003794 dur_us=2
FIG8_ATTENTION_EVENT mode=baseline phase=measure iteration=15 component=k_load component_id=2 lut_exp=0 qo_len=16 kv_len=4096 n_heads=12 n_kv_heads=2 head_dim=128 kv_head=1 worker=0 block_r=0 block_c=3328 t0_us=3758003792 t1_us=3758003808 dur_us=15
FIG8_ATTENTION_EVENT mode=baseline phase=measure iteration=15 component=qk_dot component_id=4 lut_exp=0 qo_len=16 kv_len=4096 n_heads=12 n_kv_heads=2 head_dim=128 kv_head=1 worker=0 block_r=0 block_c=3328 t0_us=3758003808 t1_us=3758003809 dur_us=0
FIG8_ATTENTION_EVENT mode=baseline phase=measure iteration=15 component=k_load component_id=2 lut_exp=0 qo_len=16 kv_len=4096 n_heads=12 n_kv_heads=2 head_dim=128 kv_head=0 worker=3 block_r=0 block_c=3328 t0_us=3758003794 t1_us=3758003810 dur_us=15
FIG8_ATTENTION_EVENT mode=baseline phase=measure iteration=15 component=qk_dot component_id=4 lut_exp=0 qo_len=16 kv_len=4096 n_heads=12 n_kv_heads=2 head_dim=128 kv_head=0 worker=3 block_r=0 block_c=3328 t0_us=3758003810 t1_us=3758003811 dur_us=0
FIG8_ATTENTION_EVENT mode=baseline phase=measure iteration=15 component=safe_sm component_id=5 lut_exp=0 qo_len=16 kv_len=4096 n_heads=12 n_kv_heads=2 head_dim=128 kv_head=1 worker=0 block_r=0 block_c=3328 t0_us=3758003809 t1_us=3758003878 dur_us=69
FIG8_ATTENTION_EVENT mode=baseline phase=measure iteration=15 component=safe_sm component_id=5 lut_exp=0 qo_len=16 kv_len=4096 n_heads=12 n_kv_heads=2 head_dim=128 kv_head=0 worker=3 block_r=0 block_c=3328 t0_us=3758003811 t1_us=3758003878 dur_us=67
FIG8_ATTENTION_EVENT mode=baseline phase=measure iteration=15 component=v_load component_id=3 lut_exp=0 qo_len=16 kv_len=4096 n_heads=12 n_kv_heads=2 head_dim=128 kv_head=0 worker=3 block_r=0 block_c=3328 t0_us=3758003878 t1_us=3758003887 dur_us=9
FIG8_ATTENTION_EVENT mode=baseline phase=measure iteration=15 component=v_load component_id=3 lut_exp=0 qo_len=16 kv_len=4096 n_heads=12 n_kv_heads=2 head_dim=128 kv_head=1 worker=0 block_r=0 block_c=3328 t0_us=3758003878 t1_us=3758003887 dur_us=9
FIG8_ATTENTION_EVENT mode=baseline phase=measure iteration=15 component=core_acc component_id=6 lut_exp=0 qo_len=16 kv_len=4096 n_heads=12 n_kv_heads=2 head_dim=128 kv_head=0 worker=3 block_r=0 block_c=3328 t0_us=3758003887 t1_us=3758003888 dur_us=0
FIG8_ATTENTION_EVENT mode=baseline phase=measure iteration=15 component=core_acc component_id=6 lut_exp=0 qo_len=16 kv_len=4096 n_heads=12 n_kv_heads=2 head_dim=128 kv_head=1 worker=0 block_r=0 block_c=3328 t0_us=3758003887 t1_us=3758003889 dur_us=1
FIG8_ATTENTION_EVENT mode=baseline phase=measure iteration=15 component=o_scale component_id=7 lut_exp=0 qo_len=16 kv_len=4096 n_heads=12 n_kv_heads=2 head_dim=128 kv_head=1 worker=0 block_r=0 block_c=-1 t0_us=3758003889 t1_us=3758003890 dur_us=0
FIG8_ATTENTION_EVENT mode=baseline phase=measure iteration=15 component=o_scale component_id=7 lut_exp=0 qo_len=16 kv_len=4096 n_heads=12 n_kv_heads=2 head_dim=128 kv_head=0 worker=3 block_r=0 block_c=-1 t0_us=3758003888 t1_us=3758003890 dur_us=2
FIG8_ATTENTION_EVENT mode=baseline phase=measure iteration=15 component=o_store component_id=8 lut_exp=0 qo_len=16 kv_len=4096 n_heads=12 n_kv_heads=2 head_dim=128 kv_head=1 worker=0 block_r=0 block_c=-1 t0_us=3758003890 t1_us=3758003897 dur_us=6
FIG8_ATTENTION_EVENT mode=baseline phase=measure iteration=15 component=o_store component_id=8 lut_exp=0 qo_len=16 kv_len=4096 n_heads=12 n_kv_heads=2 head_dim=128 kv_head=0 worker=3 block_r=0 block_c=-1 t0_us=3758003890 t1_us=3758003897 dur_us=6
FIG8_ATTENTION_HOST_TIMING mode=baseline qo_len=16 kv_len=4096 n_heads=12 n_kv_heads=2 head_dim=128 phase=measure iteration=16 host_elapsed_us=871 ret=0
FIG8_ATTENTION_PROFILE_COUNT mode=baseline qo_len=16 phase=measure iteration=16 records=2 max_records=10
FIG8_ATTENTION_TIMERS mode=baseline phase=measure iteration=16 lut_exp=0 qo_len=16 kv_len=4096 n_heads=12 n_kv_heads=2 head_dim=128 kv_head=0 worker=4 profiled_total=543 q_load=4 k_load=88 v_load=72 qk_dot=5 safe_sm=360 core_acc=7 o_scale=1 o_store=6
FIG8_ATTENTION_TIMERS mode=baseline phase=measure iteration=16 lut_exp=0 qo_len=16 kv_len=4096 n_heads=12 n_kv_heads=2 head_dim=128 kv_head=1 worker=2 profiled_total=543 q_load=4 k_load=91 v_load=68 qk_dot=6 safe_sm=360 core_acc=6 o_scale=2 o_store=6
FIG8_ATTENTION_EVENT_COUNT mode=baseline qo_len=16 phase=measure iteration=16 events=56 max_events=12512 overflow=0
FIG8_ATTENTION_EVENT mode=baseline phase=measure iteration=16 component=q_load component_id=1 lut_exp=0 qo_len=16 kv_len=4096 n_heads=12 n_kv_heads=2 head_dim=128 kv_head=1 worker=2 block_r=0 block_c=-1 t0_us=3758004831 t1_us=3758004835 dur_us=4
FIG8_ATTENTION_EVENT mode=baseline phase=measure iteration=16 component=q_load component_id=1 lut_exp=0 qo_len=16 kv_len=4096 n_heads=12 n_kv_heads=2 head_dim=128 kv_head=0 worker=4 block_r=0 block_c=-1 t0_us=3758004831 t1_us=3758004835 dur_us=4
FIG8_ATTENTION_EVENT mode=baseline phase=measure iteration=16 component=k_load component_id=2 lut_exp=0 qo_len=16 kv_len=4096 n_heads=12 n_kv_heads=2 head_dim=128 kv_head=0 worker=4 block_r=0 block_c=0 t0_us=3758004837 t1_us=3758004853 dur_us=15
FIG8_ATTENTION_EVENT mode=baseline phase=measure iteration=16 component=k_load component_id=2 lut_exp=0 qo_len=16 kv_len=4096 n_heads=12 n_kv_heads=2 head_dim=128 kv_head=1 worker=2 block_r=0 block_c=0 t0_us=3758004837 t1_us=3758004853 dur_us=16
FIG8_ATTENTION_EVENT mode=baseline phase=measure iteration=16 component=qk_dot component_id=4 lut_exp=0 qo_len=16 kv_len=4096 n_heads=12 n_kv_heads=2 head_dim=128 kv_head=0 worker=4 block_r=0 block_c=0 t0_us=3758004853 t1_us=3758004854 dur_us=1
FIG8_ATTENTION_EVENT mode=baseline phase=measure iteration=16 component=qk_dot component_id=4 lut_exp=0 qo_len=16 kv_len=4096 n_heads=12 n_kv_heads=2 head_dim=128 kv_head=1 worker=2 block_r=0 block_c=0 t0_us=3758004853 t1_us=3758004855 dur_us=2
FIG8_ATTENTION_EVENT mode=baseline phase=measure iteration=16 component=safe_sm component_id=5 lut_exp=0 qo_len=16 kv_len=4096 n_heads=12 n_kv_heads=2 head_dim=128 kv_head=1 worker=2 block_r=0 block_c=0 t0_us=3758004856 t1_us=3758004931 dur_us=75
FIG8_ATTENTION_EVENT mode=baseline phase=measure iteration=16 component=safe_sm component_id=5 lut_exp=0 qo_len=16 kv_len=4096 n_heads=12 n_kv_heads=2 head_dim=128 kv_head=0 worker=4 block_r=0 block_c=0 t0_us=3758004855 t1_us=3758004931 dur_us=76
FIG8_ATTENTION_EVENT mode=baseline phase=measure iteration=16 component=v_load component_id=3 lut_exp=0 qo_len=16 kv_len=4096 n_heads=12 n_kv_heads=2 head_dim=128 kv_head=1 worker=2 block_r=0 block_c=0 t0_us=3758004931 t1_us=3758004952 dur_us=20
FIG8_ATTENTION_EVENT mode=baseline phase=measure iteration=16 component=v_load component_id=3 lut_exp=0 qo_len=16 kv_len=4096 n_heads=12 n_kv_heads=2 head_dim=128 kv_head=0 worker=4 block_r=0 block_c=0 t0_us=3758004931 t1_us=3758004954 dur_us=22
FIG8_ATTENTION_EVENT mode=baseline phase=measure iteration=16 component=core_acc component_id=6 lut_exp=0 qo_len=16 kv_len=4096 n_heads=12 n_kv_heads=2 head_dim=128 kv_head=1 worker=2 block_r=0 block_c=0 t0_us=3758004952 t1_us=3758004955 dur_us=2
FIG8_ATTENTION_EVENT mode=baseline phase=measure iteration=16 component=core_acc component_id=6 lut_exp=0 qo_len=16 kv_len=4096 n_heads=12 n_kv_heads=2 head_dim=128 kv_head=0 worker=4 block_r=0 block_c=0 t0_us=3758004954 t1_us=3758004956 dur_us=2
FIG8_ATTENTION_EVENT mode=baseline phase=measure iteration=16 component=k_load component_id=2 lut_exp=0 qo_len=16 kv_len=4096 n_heads=12 n_kv_heads=2 head_dim=128 kv_head=0 worker=4 block_r=0 block_c=832 t0_us=3758004956 t1_us=3758004975 dur_us=18
FIG8_ATTENTION_EVENT mode=baseline phase=measure iteration=16 component=qk_dot component_id=4 lut_exp=0 qo_len=16 kv_len=4096 n_heads=12 n_kv_heads=2 head_dim=128 kv_head=0 worker=4 block_r=0 block_c=832 t0_us=3758004975 t1_us=3758004976 dur_us=1
FIG8_ATTENTION_EVENT mode=baseline phase=measure iteration=16 component=k_load component_id=2 lut_exp=0 qo_len=16 kv_len=4096 n_heads=12 n_kv_heads=2 head_dim=128 kv_head=1 worker=2 block_r=0 block_c=832 t0_us=3758004955 t1_us=3758004976 dur_us=21
FIG8_ATTENTION_EVENT mode=baseline phase=measure iteration=16 component=qk_dot component_id=4 lut_exp=0 qo_len=16 kv_len=4096 n_heads=12 n_kv_heads=2 head_dim=128 kv_head=1 worker=2 block_r=0 block_c=832 t0_us=3758004976 t1_us=3758004978 dur_us=1
FIG8_ATTENTION_EVENT mode=baseline phase=measure iteration=16 component=safe_sm component_id=5 lut_exp=0 qo_len=16 kv_len=4096 n_heads=12 n_kv_heads=2 head_dim=128 kv_head=0 worker=4 block_r=0 block_c=832 t0_us=3758004976 t1_us=3758005049 dur_us=72
FIG8_ATTENTION_EVENT mode=baseline phase=measure iteration=16 component=safe_sm component_id=5 lut_exp=0 qo_len=16 kv_len=4096 n_heads=12 n_kv_heads=2 head_dim=128 kv_head=1 worker=2 block_r=0 block_c=832 t0_us=3758004978 t1_us=3758005049 dur_us=71
FIG8_ATTENTION_EVENT mode=baseline phase=measure iteration=16 component=v_load component_id=3 lut_exp=0 qo_len=16 kv_len=4096 n_heads=12 n_kv_heads=2 head_dim=128 kv_head=1 worker=2 block_r=0 block_c=832 t0_us=3758005049 t1_us=3758005063 dur_us=13
FIG8_ATTENTION_EVENT mode=baseline phase=measure iteration=16 component=core_acc component_id=6 lut_exp=0 qo_len=16 kv_len=4096 n_heads=12 n_kv_heads=2 head_dim=128 kv_head=1 worker=2 block_r=0 block_c=832 t0_us=3758005063 t1_us=3758005064 dur_us=0
FIG8_ATTENTION_EVENT mode=baseline phase=measure iteration=16 component=v_load component_id=3 lut_exp=0 qo_len=16 kv_len=4096 n_heads=12 n_kv_heads=2 head_dim=128 kv_head=0 worker=4 block_r=0 block_c=832 t0_us=3758005049 t1_us=3758005066 dur_us=16
FIG8_ATTENTION_EVENT mode=baseline phase=measure iteration=16 component=core_acc component_id=6 lut_exp=0 qo_len=16 kv_len=4096 n_heads=12 n_kv_heads=2 head_dim=128 kv_head=0 worker=4 block_r=0 block_c=832 t0_us=3758005066 t1_us=3758005066 dur_us=0
FIG8_ATTENTION_EVENT mode=baseline phase=measure iteration=16 component=k_load component_id=2 lut_exp=0 qo_len=16 kv_len=4096 n_heads=12 n_kv_heads=2 head_dim=128 kv_head=1 worker=2 block_r=0 block_c=1664 t0_us=3758005064 t1_us=3758005081 dur_us=17
FIG8_ATTENTION_EVENT mode=baseline phase=measure iteration=16 component=qk_dot component_id=4 lut_exp=0 qo_len=16 kv_len=4096 n_heads=12 n_kv_heads=2 head_dim=128 kv_head=1 worker=2 block_r=0 block_c=1664 t0_us=3758005081 t1_us=3758005083 dur_us=1
FIG8_ATTENTION_EVENT mode=baseline phase=measure iteration=16 component=k_load component_id=2 lut_exp=0 qo_len=16 kv_len=4096 n_heads=12 n_kv_heads=2 head_dim=128 kv_head=0 worker=4 block_r=0 block_c=1664 t0_us=3758005066 t1_us=3758005085 dur_us=18
FIG8_ATTENTION_EVENT mode=baseline phase=measure iteration=16 component=qk_dot component_id=4 lut_exp=0 qo_len=16 kv_len=4096 n_heads=12 n_kv_heads=2 head_dim=128 kv_head=0 worker=4 block_r=0 block_c=1664 t0_us=3758005085 t1_us=3758005086 dur_us=1
FIG8_ATTENTION_EVENT mode=baseline phase=measure iteration=16 component=safe_sm component_id=5 lut_exp=0 qo_len=16 kv_len=4096 n_heads=12 n_kv_heads=2 head_dim=128 kv_head=1 worker=2 block_r=0 block_c=1664 t0_us=3758005083 t1_us=3758005157 dur_us=74
FIG8_ATTENTION_EVENT mode=baseline phase=measure iteration=16 component=safe_sm component_id=5 lut_exp=0 qo_len=16 kv_len=4096 n_heads=12 n_kv_heads=2 head_dim=128 kv_head=0 worker=4 block_r=0 block_c=1664 t0_us=3758005086 t1_us=3758005157 dur_us=71
FIG8_ATTENTION_EVENT mode=baseline phase=measure iteration=16 component=v_load component_id=3 lut_exp=0 qo_len=16 kv_len=4096 n_heads=12 n_kv_heads=2 head_dim=128 kv_head=1 worker=2 block_r=0 block_c=1664 t0_us=3758005157 t1_us=3758005169 dur_us=11
FIG8_ATTENTION_EVENT mode=baseline phase=measure iteration=16 component=v_load component_id=3 lut_exp=0 qo_len=16 kv_len=4096 n_heads=12 n_kv_heads=2 head_dim=128 kv_head=0 worker=4 block_r=0 block_c=1664 t0_us=3758005157 t1_us=3758005169 dur_us=11
FIG8_ATTENTION_EVENT mode=baseline phase=measure iteration=16 component=core_acc component_id=6 lut_exp=0 qo_len=16 kv_len=4096 n_heads=12 n_kv_heads=2 head_dim=128 kv_head=1 worker=2 block_r=0 block_c=1664 t0_us=3758005169 t1_us=3758005170 dur_us=0
FIG8_ATTENTION_EVENT mode=baseline phase=measure iteration=16 component=core_acc component_id=6 lut_exp=0 qo_len=16 kv_len=4096 n_heads=12 n_kv_heads=2 head_dim=128 kv_head=0 worker=4 block_r=0 block_c=1664 t0_us=3758005169 t1_us=3758005171 dur_us=1
FIG8_ATTENTION_EVENT mode=baseline phase=measure iteration=16 component=k_load component_id=2 lut_exp=0 qo_len=16 kv_len=4096 n_heads=12 n_kv_heads=2 head_dim=128 kv_head=1 worker=2 block_r=0 block_c=2496 t0_us=3758005170 t1_us=3758005190 dur_us=19
FIG8_ATTENTION_EVENT mode=baseline phase=measure iteration=16 component=k_load component_id=2 lut_exp=0 qo_len=16 kv_len=4096 n_heads=12 n_kv_heads=2 head_dim=128 kv_head=0 worker=4 block_r=0 block_c=2496 t0_us=3758005171 t1_us=3758005191 dur_us=19
FIG8_ATTENTION_EVENT mode=baseline phase=measure iteration=16 component=qk_dot component_id=4 lut_exp=0 qo_len=16 kv_len=4096 n_heads=12 n_kv_heads=2 head_dim=128 kv_head=1 worker=2 block_r=0 block_c=2496 t0_us=3758005190 t1_us=3758005191 dur_us=1
FIG8_ATTENTION_EVENT mode=baseline phase=measure iteration=16 component=qk_dot component_id=4 lut_exp=0 qo_len=16 kv_len=4096 n_heads=12 n_kv_heads=2 head_dim=128 kv_head=0 worker=4 block_r=0 block_c=2496 t0_us=3758005191 t1_us=3758005192 dur_us=1
FIG8_ATTENTION_EVENT mode=baseline phase=measure iteration=16 component=safe_sm component_id=5 lut_exp=0 qo_len=16 kv_len=4096 n_heads=12 n_kv_heads=2 head_dim=128 kv_head=1 worker=2 block_r=0 block_c=2496 t0_us=3758005191 t1_us=3758005264 dur_us=72
FIG8_ATTENTION_EVENT mode=baseline phase=measure iteration=16 component=safe_sm component_id=5 lut_exp=0 qo_len=16 kv_len=4096 n_heads=12 n_kv_heads=2 head_dim=128 kv_head=0 worker=4 block_r=0 block_c=2496 t0_us=3758005192 t1_us=3758005264 dur_us=71
FIG8_ATTENTION_EVENT mode=baseline phase=measure iteration=16 component=v_load component_id=3 lut_exp=0 qo_len=16 kv_len=4096 n_heads=12 n_kv_heads=2 head_dim=128 kv_head=0 worker=4 block_r=0 block_c=2496 t0_us=3758005264 t1_us=3758005276 dur_us=12
FIG8_ATTENTION_EVENT mode=baseline phase=measure iteration=16 component=v_load component_id=3 lut_exp=0 qo_len=16 kv_len=4096 n_heads=12 n_kv_heads=2 head_dim=128 kv_head=1 worker=2 block_r=0 block_c=2496 t0_us=3758005264 t1_us=3758005277 dur_us=13
FIG8_ATTENTION_EVENT mode=baseline phase=measure iteration=16 component=core_acc component_id=6 lut_exp=0 qo_len=16 kv_len=4096 n_heads=12 n_kv_heads=2 head_dim=128 kv_head=0 worker=4 block_r=0 block_c=2496 t0_us=3758005277 t1_us=3758005278 dur_us=1
FIG8_ATTENTION_EVENT mode=baseline phase=measure iteration=16 component=core_acc component_id=6 lut_exp=0 qo_len=16 kv_len=4096 n_heads=12 n_kv_heads=2 head_dim=128 kv_head=1 worker=2 block_r=0 block_c=2496 t0_us=3758005277 t1_us=3758005280 dur_us=2
FIG8_ATTENTION_EVENT mode=baseline phase=measure iteration=16 component=k_load component_id=2 lut_exp=0 qo_len=16 kv_len=4096 n_heads=12 n_kv_heads=2 head_dim=128 kv_head=0 worker=4 block_r=0 block_c=3328 t0_us=3758005278 t1_us=3758005295 dur_us=16
FIG8_ATTENTION_EVENT mode=baseline phase=measure iteration=16 component=qk_dot component_id=4 lut_exp=0 qo_len=16 kv_len=4096 n_heads=12 n_kv_heads=2 head_dim=128 kv_head=0 worker=4 block_r=0 block_c=3328 t0_us=3758005295 t1_us=3758005296 dur_us=0
FIG8_ATTENTION_EVENT mode=baseline phase=measure iteration=16 component=k_load component_id=2 lut_exp=0 qo_len=16 kv_len=4096 n_heads=12 n_kv_heads=2 head_dim=128 kv_head=1 worker=2 block_r=0 block_c=3328 t0_us=3758005280 t1_us=3758005296 dur_us=16
FIG8_ATTENTION_EVENT mode=baseline phase=measure iteration=16 component=qk_dot component_id=4 lut_exp=0 qo_len=16 kv_len=4096 n_heads=12 n_kv_heads=2 head_dim=128 kv_head=1 worker=2 block_r=0 block_c=3328 t0_us=3758005297 t1_us=3758005298 dur_us=1
FIG8_ATTENTION_EVENT mode=baseline phase=measure iteration=16 component=safe_sm component_id=5 lut_exp=0 qo_len=16 kv_len=4096 n_heads=12 n_kv_heads=2 head_dim=128 kv_head=0 worker=4 block_r=0 block_c=3328 t0_us=3758005296 t1_us=3758005365 dur_us=68
FIG8_ATTENTION_EVENT mode=baseline phase=measure iteration=16 component=safe_sm component_id=5 lut_exp=0 qo_len=16 kv_len=4096 n_heads=12 n_kv_heads=2 head_dim=128 kv_head=1 worker=2 block_r=0 block_c=3328 t0_us=3758005298 t1_us=3758005365 dur_us=66
FIG8_ATTENTION_EVENT mode=baseline phase=measure iteration=16 component=v_load component_id=3 lut_exp=0 qo_len=16 kv_len=4096 n_heads=12 n_kv_heads=2 head_dim=128 kv_head=1 worker=2 block_r=0 block_c=3328 t0_us=3758005365 t1_us=3758005373 dur_us=8
FIG8_ATTENTION_EVENT mode=baseline phase=measure iteration=16 component=v_load component_id=3 lut_exp=0 qo_len=16 kv_len=4096 n_heads=12 n_kv_heads=2 head_dim=128 kv_head=0 worker=4 block_r=0 block_c=3328 t0_us=3758005365 t1_us=3758005374 dur_us=8
FIG8_ATTENTION_EVENT mode=baseline phase=measure iteration=16 component=core_acc component_id=6 lut_exp=0 qo_len=16 kv_len=4096 n_heads=12 n_kv_heads=2 head_dim=128 kv_head=1 worker=2 block_r=0 block_c=3328 t0_us=3758005373 t1_us=3758005374 dur_us=0
FIG8_ATTENTION_EVENT mode=baseline phase=measure iteration=16 component=core_acc component_id=6 lut_exp=0 qo_len=16 kv_len=4096 n_heads=12 n_kv_heads=2 head_dim=128 kv_head=0 worker=4 block_r=0 block_c=3328 t0_us=3758005374 t1_us=3758005375 dur_us=1
FIG8_ATTENTION_EVENT mode=baseline phase=measure iteration=16 component=o_scale component_id=7 lut_exp=0 qo_len=16 kv_len=4096 n_heads=12 n_kv_heads=2 head_dim=128 kv_head=1 worker=2 block_r=0 block_c=-1 t0_us=3758005374 t1_us=3758005376 dur_us=2
FIG8_ATTENTION_EVENT mode=baseline phase=measure iteration=16 component=o_scale component_id=7 lut_exp=0 qo_len=16 kv_len=4096 n_heads=12 n_kv_heads=2 head_dim=128 kv_head=0 worker=4 block_r=0 block_c=-1 t0_us=3758005375 t1_us=3758005376 dur_us=1
FIG8_ATTENTION_EVENT mode=baseline phase=measure iteration=16 component=o_store component_id=8 lut_exp=0 qo_len=16 kv_len=4096 n_heads=12 n_kv_heads=2 head_dim=128 kv_head=1 worker=2 block_r=0 block_c=-1 t0_us=3758005377 t1_us=3758005383 dur_us=6
FIG8_ATTENTION_EVENT mode=baseline phase=measure iteration=16 component=o_store component_id=8 lut_exp=0 qo_len=16 kv_len=4096 n_heads=12 n_kv_heads=2 head_dim=128 kv_head=0 worker=4 block_r=0 block_c=-1 t0_us=3758005377 t1_us=3758005383 dur_us=6
FIG8_ATTENTION_HOST_TIMING mode=baseline qo_len=16 kv_len=4096 n_heads=12 n_kv_heads=2 head_dim=128 phase=measure iteration=17 host_elapsed_us=853 ret=0
FIG8_ATTENTION_PROFILE_COUNT mode=baseline qo_len=16 phase=measure iteration=17 records=2 max_records=10
FIG8_ATTENTION_TIMERS mode=baseline phase=measure iteration=17 lut_exp=0 qo_len=16 kv_len=4096 n_heads=12 n_kv_heads=2 head_dim=128 kv_head=0 worker=5 profiled_total=544 q_load=4 k_load=90 v_load=72 qk_dot=8 safe_sm=357 core_acc=8 o_scale=0 o_store=5
FIG8_ATTENTION_TIMERS mode=baseline phase=measure iteration=17 lut_exp=0 qo_len=16 kv_len=4096 n_heads=12 n_kv_heads=2 head_dim=128 kv_head=1 worker=3 profiled_total=544 q_load=4 k_load=92 v_load=70 qk_dot=6 safe_sm=358 core_acc=7 o_scale=1 o_store=6
FIG8_ATTENTION_EVENT_COUNT mode=baseline qo_len=16 phase=measure iteration=17 events=56 max_events=12512 overflow=0
FIG8_ATTENTION_EVENT mode=baseline phase=measure iteration=17 component=q_load component_id=1 lut_exp=0 qo_len=16 kv_len=4096 n_heads=12 n_kv_heads=2 head_dim=128 kv_head=0 worker=5 block_r=0 block_c=-1 t0_us=3758006162 t1_us=3758006166 dur_us=4
FIG8_ATTENTION_EVENT mode=baseline phase=measure iteration=17 component=q_load component_id=1 lut_exp=0 qo_len=16 kv_len=4096 n_heads=12 n_kv_heads=2 head_dim=128 kv_head=1 worker=3 block_r=0 block_c=-1 t0_us=3758006162 t1_us=3758006166 dur_us=4
FIG8_ATTENTION_EVENT mode=baseline phase=measure iteration=17 component=k_load component_id=2 lut_exp=0 qo_len=16 kv_len=4096 n_heads=12 n_kv_heads=2 head_dim=128 kv_head=1 worker=3 block_r=0 block_c=0 t0_us=3758006168 t1_us=3758006192 dur_us=23
FIG8_ATTENTION_EVENT mode=baseline phase=measure iteration=17 component=k_load component_id=2 lut_exp=0 qo_len=16 kv_len=4096 n_heads=12 n_kv_heads=2 head_dim=128 kv_head=0 worker=5 block_r=0 block_c=0 t0_us=3758006168 t1_us=3758006192 dur_us=23
FIG8_ATTENTION_EVENT mode=baseline phase=measure iteration=17 component=qk_dot component_id=4 lut_exp=0 qo_len=16 kv_len=4096 n_heads=12 n_kv_heads=2 head_dim=128 kv_head=1 worker=3 block_r=0 block_c=0 t0_us=3758006192 t1_us=3758006194 dur_us=1
FIG8_ATTENTION_EVENT mode=baseline phase=measure iteration=17 component=qk_dot component_id=4 lut_exp=0 qo_len=16 kv_len=4096 n_heads=12 n_kv_heads=2 head_dim=128 kv_head=0 worker=5 block_r=0 block_c=0 t0_us=3758006192 t1_us=3758006195 dur_us=2
FIG8_ATTENTION_EVENT mode=baseline phase=measure iteration=17 component=safe_sm component_id=5 lut_exp=0 qo_len=16 kv_len=4096 n_heads=12 n_kv_heads=2 head_dim=128 kv_head=1 worker=3 block_r=0 block_c=0 t0_us=3758006195 t1_us=3758006270 dur_us=75
FIG8_ATTENTION_EVENT mode=baseline phase=measure iteration=17 component=safe_sm component_id=5 lut_exp=0 qo_len=16 kv_len=4096 n_heads=12 n_kv_heads=2 head_dim=128 kv_head=0 worker=5 block_r=0 block_c=0 t0_us=3758006195 t1_us=3758006270 dur_us=74
FIG8_ATTENTION_EVENT mode=baseline phase=measure iteration=17 component=v_load component_id=3 lut_exp=0 qo_len=16 kv_len=4096 n_heads=12 n_kv_heads=2 head_dim=128 kv_head=1 worker=3 block_r=0 block_c=0 t0_us=3758006271 t1_us=3758006290 dur_us=19
FIG8_ATTENTION_EVENT mode=baseline phase=measure iteration=17 component=v_load component_id=3 lut_exp=0 qo_len=16 kv_len=4096 n_heads=12 n_kv_heads=2 head_dim=128 kv_head=0 worker=5 block_r=0 block_c=0 t0_us=3758006271 t1_us=3758006291 dur_us=20
FIG8_ATTENTION_EVENT mode=baseline phase=measure iteration=17 component=core_acc component_id=6 lut_exp=0 qo_len=16 kv_len=4096 n_heads=12 n_kv_heads=2 head_dim=128 kv_head=1 worker=3 block_r=0 block_c=0 t0_us=3758006291 t1_us=3758006293 dur_us=2
FIG8_ATTENTION_EVENT mode=baseline phase=measure iteration=17 component=core_acc component_id=6 lut_exp=0 qo_len=16 kv_len=4096 n_heads=12 n_kv_heads=2 head_dim=128 kv_head=0 worker=5 block_r=0 block_c=0 t0_us=3758006292 t1_us=3758006295 dur_us=2
FIG8_ATTENTION_EVENT mode=baseline phase=measure iteration=17 component=k_load component_id=2 lut_exp=0 qo_len=16 kv_len=4096 n_heads=12 n_kv_heads=2 head_dim=128 kv_head=1 worker=3 block_r=0 block_c=832 t0_us=3758006294 t1_us=3758006313 dur_us=19
FIG8_ATTENTION_EVENT mode=baseline phase=measure iteration=17 component=k_load component_id=2 lut_exp=0 qo_len=16 kv_len=4096 n_heads=12 n_kv_heads=2 head_dim=128 kv_head=0 worker=5 block_r=0 block_c=832 t0_us=3758006295 t1_us=3758006313 dur_us=18
FIG8_ATTENTION_EVENT mode=baseline phase=measure iteration=17 component=qk_dot component_id=4 lut_exp=0 qo_len=16 kv_len=4096 n_heads=12 n_kv_heads=2 head_dim=128 kv_head=1 worker=3 block_r=0 block_c=832 t0_us=3758006313 t1_us=3758006314 dur_us=1
FIG8_ATTENTION_EVENT mode=baseline phase=measure iteration=17 component=qk_dot component_id=4 lut_exp=0 qo_len=16 kv_len=4096 n_heads=12 n_kv_heads=2 head_dim=128 kv_head=0 worker=5 block_r=0 block_c=832 t0_us=3758006313 t1_us=3758006315 dur_us=1
FIG8_ATTENTION_EVENT mode=baseline phase=measure iteration=17 component=safe_sm component_id=5 lut_exp=0 qo_len=16 kv_len=4096 n_heads=12 n_kv_heads=2 head_dim=128 kv_head=1 worker=3 block_r=0 block_c=832 t0_us=3758006314 t1_us=3758006386 dur_us=71
FIG8_ATTENTION_EVENT mode=baseline phase=measure iteration=17 component=safe_sm component_id=5 lut_exp=0 qo_len=16 kv_len=4096 n_heads=12 n_kv_heads=2 head_dim=128 kv_head=0 worker=5 block_r=0 block_c=832 t0_us=3758006315 t1_us=3758006386 dur_us=70
FIG8_ATTENTION_EVENT mode=baseline phase=measure iteration=17 component=v_load component_id=3 lut_exp=0 qo_len=16 kv_len=4096 n_heads=12 n_kv_heads=2 head_dim=128 kv_head=0 worker=5 block_r=0 block_c=832 t0_us=3758006386 t1_us=3758006401 dur_us=14
FIG8_ATTENTION_EVENT mode=baseline phase=measure iteration=17 component=core_acc component_id=6 lut_exp=0 qo_len=16 kv_len=4096 n_heads=12 n_kv_heads=2 head_dim=128 kv_head=0 worker=5 block_r=0 block_c=832 t0_us=3758006401 t1_us=3758006402 dur_us=0
FIG8_ATTENTION_EVENT mode=baseline phase=measure iteration=17 component=v_load component_id=3 lut_exp=0 qo_len=16 kv_len=4096 n_heads=12 n_kv_heads=2 head_dim=128 kv_head=1 worker=3 block_r=0 block_c=832 t0_us=3758006386 t1_us=3758006402 dur_us=15
FIG8_ATTENTION_EVENT mode=baseline phase=measure iteration=17 component=core_acc component_id=6 lut_exp=0 qo_len=16 kv_len=4096 n_heads=12 n_kv_heads=2 head_dim=128 kv_head=1 worker=3 block_r=0 block_c=832 t0_us=3758006402 t1_us=3758006403 dur_us=1
FIG8_ATTENTION_EVENT mode=baseline phase=measure iteration=17 component=k_load component_id=2 lut_exp=0 qo_len=16 kv_len=4096 n_heads=12 n_kv_heads=2 head_dim=128 kv_head=0 worker=5 block_r=0 block_c=1664 t0_us=3758006402 t1_us=3758006419 dur_us=16
FIG8_ATTENTION_EVENT mode=baseline phase=measure iteration=17 component=qk_dot component_id=4 lut_exp=0 qo_len=16 kv_len=4096 n_heads=12 n_kv_heads=2 head_dim=128 kv_head=0 worker=5 block_r=0 block_c=1664 t0_us=3758006419 t1_us=3758006420 dur_us=1
FIG8_ATTENTION_EVENT mode=baseline phase=measure iteration=17 component=k_load component_id=2 lut_exp=0 qo_len=16 kv_len=4096 n_heads=12 n_kv_heads=2 head_dim=128 kv_head=1 worker=3 block_r=0 block_c=1664 t0_us=3758006404 t1_us=3758006421 dur_us=17
FIG8_ATTENTION_EVENT mode=baseline phase=measure iteration=17 component=qk_dot component_id=4 lut_exp=0 qo_len=16 kv_len=4096 n_heads=12 n_kv_heads=2 head_dim=128 kv_head=1 worker=3 block_r=0 block_c=1664 t0_us=3758006421 t1_us=3758006422 dur_us=1
FIG8_ATTENTION_EVENT mode=baseline phase=measure iteration=17 component=safe_sm component_id=5 lut_exp=0 qo_len=16 kv_len=4096 n_heads=12 n_kv_heads=2 head_dim=128 kv_head=0 worker=5 block_r=0 block_c=1664 t0_us=3758006420 t1_us=3758006493 dur_us=73
FIG8_ATTENTION_EVENT mode=baseline phase=measure iteration=17 component=safe_sm component_id=5 lut_exp=0 qo_len=16 kv_len=4096 n_heads=12 n_kv_heads=2 head_dim=128 kv_head=1 worker=3 block_r=0 block_c=1664 t0_us=3758006422 t1_us=3758006493 dur_us=71
FIG8_ATTENTION_EVENT mode=baseline phase=measure iteration=17 component=v_load component_id=3 lut_exp=0 qo_len=16 kv_len=4096 n_heads=12 n_kv_heads=2 head_dim=128 kv_head=1 worker=3 block_r=0 block_c=1664 t0_us=3758006494 t1_us=3758006506 dur_us=12
FIG8_ATTENTION_EVENT mode=baseline phase=measure iteration=17 component=core_acc component_id=6 lut_exp=0 qo_len=16 kv_len=4096 n_heads=12 n_kv_heads=2 head_dim=128 kv_head=1 worker=3 block_r=0 block_c=1664 t0_us=3758006506 t1_us=3758006507 dur_us=0
FIG8_ATTENTION_EVENT mode=baseline phase=measure iteration=17 component=v_load component_id=3 lut_exp=0 qo_len=16 kv_len=4096 n_heads=12 n_kv_heads=2 head_dim=128 kv_head=0 worker=5 block_r=0 block_c=1664 t0_us=3758006493 t1_us=3758006508 dur_us=14
FIG8_ATTENTION_EVENT mode=baseline phase=measure iteration=17 component=core_acc component_id=6 lut_exp=0 qo_len=16 kv_len=4096 n_heads=12 n_kv_heads=2 head_dim=128 kv_head=0 worker=5 block_r=0 block_c=1664 t0_us=3758006508 t1_us=3758006509 dur_us=1
FIG8_ATTENTION_EVENT mode=baseline phase=measure iteration=17 component=k_load component_id=2 lut_exp=0 qo_len=16 kv_len=4096 n_heads=12 n_kv_heads=2 head_dim=128 kv_head=1 worker=3 block_r=0 block_c=2496 t0_us=3758006507 t1_us=3758006524 dur_us=17
FIG8_ATTENTION_EVENT mode=baseline phase=measure iteration=17 component=qk_dot component_id=4 lut_exp=0 qo_len=16 kv_len=4096 n_heads=12 n_kv_heads=2 head_dim=128 kv_head=1 worker=3 block_r=0 block_c=2496 t0_us=3758006524 t1_us=3758006525 dur_us=1
FIG8_ATTENTION_EVENT mode=baseline phase=measure iteration=17 component=k_load component_id=2 lut_exp=0 qo_len=16 kv_len=4096 n_heads=12 n_kv_heads=2 head_dim=128 kv_head=0 worker=5 block_r=0 block_c=2496 t0_us=3758006509 t1_us=3758006526 dur_us=16
FIG8_ATTENTION_EVENT mode=baseline phase=measure iteration=17 component=qk_dot component_id=4 lut_exp=0 qo_len=16 kv_len=4096 n_heads=12 n_kv_heads=2 head_dim=128 kv_head=0 worker=5 block_r=0 block_c=2496 t0_us=3758006526 t1_us=3758006527 dur_us=1
FIG8_ATTENTION_EVENT mode=baseline phase=measure iteration=17 component=safe_sm component_id=5 lut_exp=0 qo_len=16 kv_len=4096 n_heads=12 n_kv_heads=2 head_dim=128 kv_head=1 worker=3 block_r=0 block_c=2496 t0_us=3758006525 t1_us=3758006598 dur_us=72
FIG8_ATTENTION_EVENT mode=baseline phase=measure iteration=17 component=safe_sm component_id=5 lut_exp=0 qo_len=16 kv_len=4096 n_heads=12 n_kv_heads=2 head_dim=128 kv_head=0 worker=5 block_r=0 block_c=2496 t0_us=3758006527 t1_us=3758006598 dur_us=71
FIG8_ATTENTION_EVENT mode=baseline phase=measure iteration=17 component=v_load component_id=3 lut_exp=0 qo_len=16 kv_len=4096 n_heads=12 n_kv_heads=2 head_dim=128 kv_head=0 worker=5 block_r=0 block_c=2496 t0_us=3758006598 t1_us=3758006611 dur_us=12
FIG8_ATTENTION_EVENT mode=baseline phase=measure iteration=17 component=v_load component_id=3 lut_exp=0 qo_len=16 kv_len=4096 n_heads=12 n_kv_heads=2 head_dim=128 kv_head=1 worker=3 block_r=0 block_c=2496 t0_us=3758006598 t1_us=3758006611 dur_us=13
FIG8_ATTENTION_EVENT mode=baseline phase=measure iteration=17 component=core_acc component_id=6 lut_exp=0 qo_len=16 kv_len=4096 n_heads=12 n_kv_heads=2 head_dim=128 kv_head=0 worker=5 block_r=0 block_c=2496 t0_us=3758006611 t1_us=3758006612 dur_us=0
FIG8_ATTENTION_EVENT mode=baseline phase=measure iteration=17 component=core_acc component_id=6 lut_exp=0 qo_len=16 kv_len=4096 n_heads=12 n_kv_heads=2 head_dim=128 kv_head=1 worker=3 block_r=0 block_c=2496 t0_us=3758006612 t1_us=3758006613 dur_us=1
FIG8_ATTENTION_EVENT mode=baseline phase=measure iteration=17 component=k_load component_id=2 lut_exp=0 qo_len=16 kv_len=4096 n_heads=12 n_kv_heads=2 head_dim=128 kv_head=0 worker=5 block_r=0 block_c=3328 t0_us=3758006612 t1_us=3758006628 dur_us=15
FIG8_ATTENTION_EVENT mode=baseline phase=measure iteration=17 component=k_load component_id=2 lut_exp=0 qo_len=16 kv_len=4096 n_heads=12 n_kv_heads=2 head_dim=128 kv_head=1 worker=3 block_r=0 block_c=3328 t0_us=3758006613 t1_us=3758006629 dur_us=15
FIG8_ATTENTION_EVENT mode=baseline phase=measure iteration=17 component=qk_dot component_id=4 lut_exp=0 qo_len=16 kv_len=4096 n_heads=12 n_kv_heads=2 head_dim=128 kv_head=0 worker=5 block_r=0 block_c=3328 t0_us=3758006629 t1_us=3758006630 dur_us=0
FIG8_ATTENTION_EVENT mode=baseline phase=measure iteration=17 component=qk_dot component_id=4 lut_exp=0 qo_len=16 kv_len=4096 n_heads=12 n_kv_heads=2 head_dim=128 kv_head=1 worker=3 block_r=0 block_c=3328 t0_us=3758006629 t1_us=3758006631 dur_us=1
FIG8_ATTENTION_EVENT mode=baseline phase=measure iteration=17 component=safe_sm component_id=5 lut_exp=0 qo_len=16 kv_len=4096 n_heads=12 n_kv_heads=2 head_dim=128 kv_head=1 worker=3 block_r=0 block_c=3328 t0_us=3758006631 t1_us=3758006698 dur_us=66
FIG8_ATTENTION_EVENT mode=baseline phase=measure iteration=17 component=safe_sm component_id=5 lut_exp=0 qo_len=16 kv_len=4096 n_heads=12 n_kv_heads=2 head_dim=128 kv_head=0 worker=5 block_r=0 block_c=3328 t0_us=3758006630 t1_us=3758006698 dur_us=67
FIG8_ATTENTION_EVENT mode=baseline phase=measure iteration=17 component=v_load component_id=3 lut_exp=0 qo_len=16 kv_len=4096 n_heads=12 n_kv_heads=2 head_dim=128 kv_head=1 worker=3 block_r=0 block_c=3328 t0_us=3758006698 t1_us=3758006708 dur_us=9
FIG8_ATTENTION_EVENT mode=baseline phase=measure iteration=17 component=core_acc component_id=6 lut_exp=0 qo_len=16 kv_len=4096 n_heads=12 n_kv_heads=2 head_dim=128 kv_head=1 worker=3 block_r=0 block_c=3328 t0_us=3758006708 t1_us=3758006709 dur_us=0
FIG8_ATTENTION_EVENT mode=baseline phase=measure iteration=17 component=v_load component_id=3 lut_exp=0 qo_len=16 kv_len=4096 n_heads=12 n_kv_heads=2 head_dim=128 kv_head=0 worker=5 block_r=0 block_c=3328 t0_us=3758006699 t1_us=3758006709 dur_us=10
FIG8_ATTENTION_EVENT mode=baseline phase=measure iteration=17 component=o_scale component_id=7 lut_exp=0 qo_len=16 kv_len=4096 n_heads=12 n_kv_heads=2 head_dim=128 kv_head=1 worker=3 block_r=0 block_c=-1 t0_us=3758006709 t1_us=3758006711 dur_us=1
FIG8_ATTENTION_EVENT mode=baseline phase=measure iteration=17 component=core_acc component_id=6 lut_exp=0 qo_len=16 kv_len=4096 n_heads=12 n_kv_heads=2 head_dim=128 kv_head=0 worker=5 block_r=0 block_c=3328 t0_us=3758006710 t1_us=3758006712 dur_us=1
FIG8_ATTENTION_EVENT mode=baseline phase=measure iteration=17 component=o_scale component_id=7 lut_exp=0 qo_len=16 kv_len=4096 n_heads=12 n_kv_heads=2 head_dim=128 kv_head=0 worker=5 block_r=0 block_c=-1 t0_us=3758006712 t1_us=3758006713 dur_us=0
FIG8_ATTENTION_EVENT mode=baseline phase=measure iteration=17 component=o_store component_id=8 lut_exp=0 qo_len=16 kv_len=4096 n_heads=12 n_kv_heads=2 head_dim=128 kv_head=1 worker=3 block_r=0 block_c=-1 t0_us=3758006711 t1_us=3758006718 dur_us=6
FIG8_ATTENTION_EVENT mode=baseline phase=measure iteration=17 component=o_store component_id=8 lut_exp=0 qo_len=16 kv_len=4096 n_heads=12 n_kv_heads=2 head_dim=128 kv_head=0 worker=5 block_r=0 block_c=-1 t0_us=3758006713 t1_us=3758006718 dur_us=5
FIG8_ATTENTION_HOST_TIMING mode=baseline qo_len=16 kv_len=4096 n_heads=12 n_kv_heads=2 head_dim=128 phase=measure iteration=18 host_elapsed_us=860 ret=0
FIG8_ATTENTION_PROFILE_COUNT mode=baseline qo_len=16 phase=measure iteration=18 records=2 max_records=10
FIG8_ATTENTION_TIMERS mode=baseline phase=measure iteration=18 lut_exp=0 qo_len=16 kv_len=4096 n_heads=12 n_kv_heads=2 head_dim=128 kv_head=1 worker=0 profiled_total=539 q_load=4 k_load=92 v_load=66 qk_dot=7 safe_sm=360 core_acc=3 o_scale=1 o_store=6
FIG8_ATTENTION_TIMERS mode=baseline phase=measure iteration=18 lut_exp=0 qo_len=16 kv_len=4096 n_heads=12 n_kv_heads=2 head_dim=128 kv_head=0 worker=2 profiled_total=540 q_load=4 k_load=92 v_load=71 qk_dot=7 safe_sm=354 core_acc=6 o_scale=0 o_store=6
FIG8_ATTENTION_EVENT_COUNT mode=baseline qo_len=16 phase=measure iteration=18 events=56 max_events=12512 overflow=0
FIG8_ATTENTION_EVENT mode=baseline phase=measure iteration=18 component=q_load component_id=1 lut_exp=0 qo_len=16 kv_len=4096 n_heads=12 n_kv_heads=2 head_dim=128 kv_head=1 worker=0 block_r=0 block_c=-1 t0_us=3758007589 t1_us=3758007594 dur_us=4
FIG8_ATTENTION_EVENT mode=baseline phase=measure iteration=18 component=q_load component_id=1 lut_exp=0 qo_len=16 kv_len=4096 n_heads=12 n_kv_heads=2 head_dim=128 kv_head=0 worker=2 block_r=0 block_c=-1 t0_us=3758007589 t1_us=3758007594 dur_us=4
FIG8_ATTENTION_EVENT mode=baseline phase=measure iteration=18 component=k_load component_id=2 lut_exp=0 qo_len=16 kv_len=4096 n_heads=12 n_kv_heads=2 head_dim=128 kv_head=1 worker=0 block_r=0 block_c=0 t0_us=3758007596 t1_us=3758007620 dur_us=24
FIG8_ATTENTION_EVENT mode=baseline phase=measure iteration=18 component=k_load component_id=2 lut_exp=0 qo_len=16 kv_len=4096 n_heads=12 n_kv_heads=2 head_dim=128 kv_head=0 worker=2 block_r=0 block_c=0 t0_us=3758007596 t1_us=3758007620 dur_us=24
FIG8_ATTENTION_EVENT mode=baseline phase=measure iteration=18 component=qk_dot component_id=4 lut_exp=0 qo_len=16 kv_len=4096 n_heads=12 n_kv_heads=2 head_dim=128 kv_head=1 worker=0 block_r=0 block_c=0 t0_us=3758007620 t1_us=3758007622 dur_us=1
FIG8_ATTENTION_EVENT mode=baseline phase=measure iteration=18 component=qk_dot component_id=4 lut_exp=0 qo_len=16 kv_len=4096 n_heads=12 n_kv_heads=2 head_dim=128 kv_head=0 worker=2 block_r=0 block_c=0 t0_us=3758007620 t1_us=3758007623 dur_us=2
FIG8_ATTENTION_EVENT mode=baseline phase=measure iteration=18 component=safe_sm component_id=5 lut_exp=0 qo_len=16 kv_len=4096 n_heads=12 n_kv_heads=2 head_dim=128 kv_head=0 worker=2 block_r=0 block_c=0 t0_us=3758007624 t1_us=3758007696 dur_us=72
FIG8_ATTENTION_EVENT mode=baseline phase=measure iteration=18 component=safe_sm component_id=5 lut_exp=0 qo_len=16 kv_len=4096 n_heads=12 n_kv_heads=2 head_dim=128 kv_head=1 worker=0 block_r=0 block_c=0 t0_us=3758007623 t1_us=3758007696 dur_us=73
FIG8_ATTENTION_EVENT mode=baseline phase=measure iteration=18 component=v_load component_id=3 lut_exp=0 qo_len=16 kv_len=4096 n_heads=12 n_kv_heads=2 head_dim=128 kv_head=1 worker=0 block_r=0 block_c=0 t0_us=3758007696 t1_us=3758007715 dur_us=19
FIG8_ATTENTION_EVENT mode=baseline phase=measure iteration=18 component=v_load component_id=3 lut_exp=0 qo_len=16 kv_len=4096 n_heads=12 n_kv_heads=2 head_dim=128 kv_head=0 worker=2 block_r=0 block_c=0 t0_us=3758007696 t1_us=3758007716 dur_us=19
FIG8_ATTENTION_EVENT mode=baseline phase=measure iteration=18 component=core_acc component_id=6 lut_exp=0 qo_len=16 kv_len=4096 n_heads=12 n_kv_heads=2 head_dim=128 kv_head=1 worker=0 block_r=0 block_c=0 t0_us=3758007716 t1_us=3758007716 dur_us=0
FIG8_ATTENTION_EVENT mode=baseline phase=measure iteration=18 component=core_acc component_id=6 lut_exp=0 qo_len=16 kv_len=4096 n_heads=12 n_kv_heads=2 head_dim=128 kv_head=0 worker=2 block_r=0 block_c=0 t0_us=3758007716 t1_us=3758007717 dur_us=1
FIG8_ATTENTION_EVENT mode=baseline phase=measure iteration=18 component=k_load component_id=2 lut_exp=0 qo_len=16 kv_len=4096 n_heads=12 n_kv_heads=2 head_dim=128 kv_head=0 worker=2 block_r=0 block_c=832 t0_us=3758007718 t1_us=3758007735 dur_us=17
FIG8_ATTENTION_EVENT mode=baseline phase=measure iteration=18 component=k_load component_id=2 lut_exp=0 qo_len=16 kv_len=4096 n_heads=12 n_kv_heads=2 head_dim=128 kv_head=1 worker=0 block_r=0 block_c=832 t0_us=3758007717 t1_us=3758007735 dur_us=17
FIG8_ATTENTION_EVENT mode=baseline phase=measure iteration=18 component=qk_dot component_id=4 lut_exp=0 qo_len=16 kv_len=4096 n_heads=12 n_kv_heads=2 head_dim=128 kv_head=0 worker=2 block_r=0 block_c=832 t0_us=3758007735 t1_us=3758007736 dur_us=1
FIG8_ATTENTION_EVENT mode=baseline phase=measure iteration=18 component=qk_dot component_id=4 lut_exp=0 qo_len=16 kv_len=4096 n_heads=12 n_kv_heads=2 head_dim=128 kv_head=1 worker=0 block_r=0 block_c=832 t0_us=3758007735 t1_us=3758007737 dur_us=2
FIG8_ATTENTION_EVENT mode=baseline phase=measure iteration=18 component=safe_sm component_id=5 lut_exp=0 qo_len=16 kv_len=4096 n_heads=12 n_kv_heads=2 head_dim=128 kv_head=0 worker=2 block_r=0 block_c=832 t0_us=3758007736 t1_us=3758007808 dur_us=72
FIG8_ATTENTION_EVENT mode=baseline phase=measure iteration=18 component=safe_sm component_id=5 lut_exp=0 qo_len=16 kv_len=4096 n_heads=12 n_kv_heads=2 head_dim=128 kv_head=1 worker=0 block_r=0 block_c=832 t0_us=3758007737 t1_us=3758007809 dur_us=71
FIG8_ATTENTION_EVENT mode=baseline phase=measure iteration=18 component=v_load component_id=3 lut_exp=0 qo_len=16 kv_len=4096 n_heads=12 n_kv_heads=2 head_dim=128 kv_head=1 worker=0 block_r=0 block_c=832 t0_us=3758007809 t1_us=3758007823 dur_us=14
FIG8_ATTENTION_EVENT mode=baseline phase=measure iteration=18 component=core_acc component_id=6 lut_exp=0 qo_len=16 kv_len=4096 n_heads=12 n_kv_heads=2 head_dim=128 kv_head=1 worker=0 block_r=0 block_c=832 t0_us=3758007823 t1_us=3758007824 dur_us=0
FIG8_ATTENTION_EVENT mode=baseline phase=measure iteration=18 component=v_load component_id=3 lut_exp=0 qo_len=16 kv_len=4096 n_heads=12 n_kv_heads=2 head_dim=128 kv_head=0 worker=2 block_r=0 block_c=832 t0_us=3758007809 t1_us=3758007824 dur_us=15
FIG8_ATTENTION_EVENT mode=baseline phase=measure iteration=18 component=core_acc component_id=6 lut_exp=0 qo_len=16 kv_len=4096 n_heads=12 n_kv_heads=2 head_dim=128 kv_head=0 worker=2 block_r=0 block_c=832 t0_us=3758007824 t1_us=3758007826 dur_us=1
FIG8_ATTENTION_EVENT mode=baseline phase=measure iteration=18 component=k_load component_id=2 lut_exp=0 qo_len=16 kv_len=4096 n_heads=12 n_kv_heads=2 head_dim=128 kv_head=1 worker=0 block_r=0 block_c=1664 t0_us=3758007824 t1_us=3758007840 dur_us=16
FIG8_ATTENTION_EVENT mode=baseline phase=measure iteration=18 component=k_load component_id=2 lut_exp=0 qo_len=16 kv_len=4096 n_heads=12 n_kv_heads=2 head_dim=128 kv_head=0 worker=2 block_r=0 block_c=1664 t0_us=3758007826 t1_us=3758007842 dur_us=16
FIG8_ATTENTION_EVENT mode=baseline phase=measure iteration=18 component=qk_dot component_id=4 lut_exp=0 qo_len=16 kv_len=4096 n_heads=12 n_kv_heads=2 head_dim=128 kv_head=1 worker=0 block_r=0 block_c=1664 t0_us=3758007841 t1_us=3758007842 dur_us=1
FIG8_ATTENTION_EVENT mode=baseline phase=measure iteration=18 component=qk_dot component_id=4 lut_exp=0 qo_len=16 kv_len=4096 n_heads=12 n_kv_heads=2 head_dim=128 kv_head=0 worker=2 block_r=0 block_c=1664 t0_us=3758007842 t1_us=3758007843 dur_us=1
FIG8_ATTENTION_EVENT mode=baseline phase=measure iteration=18 component=safe_sm component_id=5 lut_exp=0 qo_len=16 kv_len=4096 n_heads=12 n_kv_heads=2 head_dim=128 kv_head=1 worker=0 block_r=0 block_c=1664 t0_us=3758007842 t1_us=3758007915 dur_us=73
FIG8_ATTENTION_EVENT mode=baseline phase=measure iteration=18 component=safe_sm component_id=5 lut_exp=0 qo_len=16 kv_len=4096 n_heads=12 n_kv_heads=2 head_dim=128 kv_head=0 worker=2 block_r=0 block_c=1664 t0_us=3758007843 t1_us=3758007915 dur_us=71
FIG8_ATTENTION_EVENT mode=baseline phase=measure iteration=18 component=v_load component_id=3 lut_exp=0 qo_len=16 kv_len=4096 n_heads=12 n_kv_heads=2 head_dim=128 kv_head=1 worker=0 block_r=0 block_c=1664 t0_us=3758007915 t1_us=3758007926 dur_us=11
FIG8_ATTENTION_EVENT mode=baseline phase=measure iteration=18 component=core_acc component_id=6 lut_exp=0 qo_len=16 kv_len=4096 n_heads=12 n_kv_heads=2 head_dim=128 kv_head=1 worker=0 block_r=0 block_c=1664 t0_us=3758007927 t1_us=3758007927 dur_us=0
FIG8_ATTENTION_EVENT mode=baseline phase=measure iteration=18 component=v_load component_id=3 lut_exp=0 qo_len=16 kv_len=4096 n_heads=12 n_kv_heads=2 head_dim=128 kv_head=0 worker=2 block_r=0 block_c=1664 t0_us=3758007915 t1_us=3758007929 dur_us=14
FIG8_ATTENTION_EVENT mode=baseline phase=measure iteration=18 component=core_acc component_id=6 lut_exp=0 qo_len=16 kv_len=4096 n_heads=12 n_kv_heads=2 head_dim=128 kv_head=0 worker=2 block_r=0 block_c=1664 t0_us=3758007929 t1_us=3758007930 dur_us=0
FIG8_ATTENTION_EVENT mode=baseline phase=measure iteration=18 component=k_load component_id=2 lut_exp=0 qo_len=16 kv_len=4096 n_heads=12 n_kv_heads=2 head_dim=128 kv_head=1 worker=0 block_r=0 block_c=2496 t0_us=3758007927 t1_us=3758007944 dur_us=16
FIG8_ATTENTION_EVENT mode=baseline phase=measure iteration=18 component=qk_dot component_id=4 lut_exp=0 qo_len=16 kv_len=4096 n_heads=12 n_kv_heads=2 head_dim=128 kv_head=1 worker=0 block_r=0 block_c=2496 t0_us=3758007944 t1_us=3758007945 dur_us=1
FIG8_ATTENTION_EVENT mode=baseline phase=measure iteration=18 component=k_load component_id=2 lut_exp=0 qo_len=16 kv_len=4096 n_heads=12 n_kv_heads=2 head_dim=128 kv_head=0 worker=2 block_r=0 block_c=2496 t0_us=3758007930 t1_us=3758007948 dur_us=18
FIG8_ATTENTION_EVENT mode=baseline phase=measure iteration=18 component=qk_dot component_id=4 lut_exp=0 qo_len=16 kv_len=4096 n_heads=12 n_kv_heads=2 head_dim=128 kv_head=0 worker=2 block_r=0 block_c=2496 t0_us=3758007948 t1_us=3758007949 dur_us=1
FIG8_ATTENTION_EVENT mode=baseline phase=measure iteration=18 component=safe_sm component_id=5 lut_exp=0 qo_len=16 kv_len=4096 n_heads=12 n_kv_heads=2 head_dim=128 kv_head=1 worker=0 block_r=0 block_c=2496 t0_us=3758007945 t1_us=3758008019 dur_us=73
FIG8_ATTENTION_EVENT mode=baseline phase=measure iteration=18 component=safe_sm component_id=5 lut_exp=0 qo_len=16 kv_len=4096 n_heads=12 n_kv_heads=2 head_dim=128 kv_head=0 worker=2 block_r=0 block_c=2496 t0_us=3758007950 t1_us=3758008019 dur_us=69
FIG8_ATTENTION_EVENT mode=baseline phase=measure iteration=18 component=v_load component_id=3 lut_exp=0 qo_len=16 kv_len=4096 n_heads=12 n_kv_heads=2 head_dim=128 kv_head=1 worker=0 block_r=0 block_c=2496 t0_us=3758008019 t1_us=3758008031 dur_us=12
FIG8_ATTENTION_EVENT mode=baseline phase=measure iteration=18 component=v_load component_id=3 lut_exp=0 qo_len=16 kv_len=4096 n_heads=12 n_kv_heads=2 head_dim=128 kv_head=0 worker=2 block_r=0 block_c=2496 t0_us=3758008019 t1_us=3758008031 dur_us=12
FIG8_ATTENTION_EVENT mode=baseline phase=measure iteration=18 component=core_acc component_id=6 lut_exp=0 qo_len=16 kv_len=4096 n_heads=12 n_kv_heads=2 head_dim=128 kv_head=1 worker=0 block_r=0 block_c=2496 t0_us=3758008031 t1_us=3758008032 dur_us=0
FIG8_ATTENTION_EVENT mode=baseline phase=measure iteration=18 component=core_acc component_id=6 lut_exp=0 qo_len=16 kv_len=4096 n_heads=12 n_kv_heads=2 head_dim=128 kv_head=0 worker=2 block_r=0 block_c=2496 t0_us=3758008032 t1_us=3758008033 dur_us=1
FIG8_ATTENTION_EVENT mode=baseline phase=measure iteration=18 component=k_load component_id=2 lut_exp=0 qo_len=16 kv_len=4096 n_heads=12 n_kv_heads=2 head_dim=128 kv_head=1 worker=0 block_r=0 block_c=3328 t0_us=3758008032 t1_us=3758008049 dur_us=16
FIG8_ATTENTION_EVENT mode=baseline phase=measure iteration=18 component=qk_dot component_id=4 lut_exp=0 qo_len=16 kv_len=4096 n_heads=12 n_kv_heads=2 head_dim=128 kv_head=1 worker=0 block_r=0 block_c=3328 t0_us=3758008049 t1_us=3758008050 dur_us=0
FIG8_ATTENTION_EVENT mode=baseline phase=measure iteration=18 component=k_load component_id=2 lut_exp=0 qo_len=16 kv_len=4096 n_heads=12 n_kv_heads=2 head_dim=128 kv_head=0 worker=2 block_r=0 block_c=3328 t0_us=3758008034 t1_us=3758008050 dur_us=16
FIG8_ATTENTION_EVENT mode=baseline phase=measure iteration=18 component=qk_dot component_id=4 lut_exp=0 qo_len=16 kv_len=4096 n_heads=12 n_kv_heads=2 head_dim=128 kv_head=0 worker=2 block_r=0 block_c=3328 t0_us=3758008050 t1_us=3758008051 dur_us=1
FIG8_ATTENTION_EVENT mode=baseline phase=measure iteration=18 component=safe_sm component_id=5 lut_exp=0 qo_len=16 kv_len=4096 n_heads=12 n_kv_heads=2 head_dim=128 kv_head=1 worker=0 block_r=0 block_c=3328 t0_us=3758008050 t1_us=3758008119 dur_us=69
FIG8_ATTENTION_EVENT mode=baseline phase=measure iteration=18 component=safe_sm component_id=5 lut_exp=0 qo_len=16 kv_len=4096 n_heads=12 n_kv_heads=2 head_dim=128 kv_head=0 worker=2 block_r=0 block_c=3328 t0_us=3758008051 t1_us=3758008119 dur_us=68
FIG8_ATTENTION_EVENT mode=baseline phase=measure iteration=18 component=v_load component_id=3 lut_exp=0 qo_len=16 kv_len=4096 n_heads=12 n_kv_heads=2 head_dim=128 kv_head=1 worker=0 block_r=0 block_c=3328 t0_us=3758008119 t1_us=3758008128 dur_us=8
FIG8_ATTENTION_EVENT mode=baseline phase=measure iteration=18 component=v_load component_id=3 lut_exp=0 qo_len=16 kv_len=4096 n_heads=12 n_kv_heads=2 head_dim=128 kv_head=0 worker=2 block_r=0 block_c=3328 t0_us=3758008119 t1_us=3758008128 dur_us=9
FIG8_ATTENTION_EVENT mode=baseline phase=measure iteration=18 component=core_acc component_id=6 lut_exp=0 qo_len=16 kv_len=4096 n_heads=12 n_kv_heads=2 head_dim=128 kv_head=1 worker=0 block_r=0 block_c=3328 t0_us=3758008128 t1_us=3758008129 dur_us=0
FIG8_ATTENTION_EVENT mode=baseline phase=measure iteration=18 component=core_acc component_id=6 lut_exp=0 qo_len=16 kv_len=4096 n_heads=12 n_kv_heads=2 head_dim=128 kv_head=0 worker=2 block_r=0 block_c=3328 t0_us=3758008128 t1_us=3758008130 dur_us=1
FIG8_ATTENTION_EVENT mode=baseline phase=measure iteration=18 component=o_scale component_id=7 lut_exp=0 qo_len=16 kv_len=4096 n_heads=12 n_kv_heads=2 head_dim=128 kv_head=1 worker=0 block_r=0 block_c=-1 t0_us=3758008129 t1_us=3758008131 dur_us=1
FIG8_ATTENTION_EVENT mode=baseline phase=measure iteration=18 component=o_scale component_id=7 lut_exp=0 qo_len=16 kv_len=4096 n_heads=12 n_kv_heads=2 head_dim=128 kv_head=0 worker=2 block_r=0 block_c=-1 t0_us=3758008130 t1_us=3758008131 dur_us=0
FIG8_ATTENTION_EVENT mode=baseline phase=measure iteration=18 component=o_store component_id=8 lut_exp=0 qo_len=16 kv_len=4096 n_heads=12 n_kv_heads=2 head_dim=128 kv_head=1 worker=0 block_r=0 block_c=-1 t0_us=3758008131 t1_us=3758008137 dur_us=6
FIG8_ATTENTION_EVENT mode=baseline phase=measure iteration=18 component=o_store component_id=8 lut_exp=0 qo_len=16 kv_len=4096 n_heads=12 n_kv_heads=2 head_dim=128 kv_head=0 worker=2 block_r=0 block_c=-1 t0_us=3758008131 t1_us=3758008137 dur_us=6
FIG8_ATTENTION_HOST_TIMING mode=baseline qo_len=16 kv_len=4096 n_heads=12 n_kv_heads=2 head_dim=128 phase=measure iteration=19 host_elapsed_us=784 ret=0
FIG8_ATTENTION_PROFILE_COUNT mode=baseline qo_len=16 phase=measure iteration=19 records=2 max_records=10
FIG8_ATTENTION_TIMERS mode=baseline phase=measure iteration=19 lut_exp=0 qo_len=16 kv_len=4096 n_heads=12 n_kv_heads=2 head_dim=128 kv_head=0 worker=4 profiled_total=532 q_load=4 k_load=82 v_load=64 qk_dot=7 safe_sm=360 core_acc=8 o_scale=1 o_store=6
FIG8_ATTENTION_TIMERS mode=baseline phase=measure iteration=19 lut_exp=0 qo_len=16 kv_len=4096 n_heads=12 n_kv_heads=2 head_dim=128 kv_head=1 worker=5 profiled_total=527 q_load=4 k_load=86 v_load=63 qk_dot=8 safe_sm=353 core_acc=7 o_scale=0 o_store=6
FIG8_ATTENTION_EVENT_COUNT mode=baseline qo_len=16 phase=measure iteration=19 events=56 max_events=12512 overflow=0
FIG8_ATTENTION_EVENT mode=baseline phase=measure iteration=19 component=q_load component_id=1 lut_exp=0 qo_len=16 kv_len=4096 n_heads=12 n_kv_heads=2 head_dim=128 kv_head=1 worker=5 block_r=0 block_c=-1 t0_us=3758009294 t1_us=3758009299 dur_us=4
FIG8_ATTENTION_EVENT mode=baseline phase=measure iteration=19 component=q_load component_id=1 lut_exp=0 qo_len=16 kv_len=4096 n_heads=12 n_kv_heads=2 head_dim=128 kv_head=0 worker=4 block_r=0 block_c=-1 t0_us=3758009294 t1_us=3758009299 dur_us=4
FIG8_ATTENTION_EVENT mode=baseline phase=measure iteration=19 component=k_load component_id=2 lut_exp=0 qo_len=16 kv_len=4096 n_heads=12 n_kv_heads=2 head_dim=128 kv_head=0 worker=4 block_r=0 block_c=0 t0_us=3758009301 t1_us=3758009317 dur_us=16
FIG8_ATTENTION_EVENT mode=baseline phase=measure iteration=19 component=k_load component_id=2 lut_exp=0 qo_len=16 kv_len=4096 n_heads=12 n_kv_heads=2 head_dim=128 kv_head=1 worker=5 block_r=0 block_c=0 t0_us=3758009301 t1_us=3758009318 dur_us=16
FIG8_ATTENTION_EVENT mode=baseline phase=measure iteration=19 component=qk_dot component_id=4 lut_exp=0 qo_len=16 kv_len=4096 n_heads=12 n_kv_heads=2 head_dim=128 kv_head=0 worker=4 block_r=0 block_c=0 t0_us=3758009318 t1_us=3758009320 dur_us=1
FIG8_ATTENTION_EVENT mode=baseline phase=measure iteration=19 component=qk_dot component_id=4 lut_exp=0 qo_len=16 kv_len=4096 n_heads=12 n_kv_heads=2 head_dim=128 kv_head=1 worker=5 block_r=0 block_c=0 t0_us=3758009318 t1_us=3758009321 dur_us=2
FIG8_ATTENTION_EVENT mode=baseline phase=measure iteration=19 component=safe_sm component_id=5 lut_exp=0 qo_len=16 kv_len=4096 n_heads=12 n_kv_heads=2 head_dim=128 kv_head=1 worker=5 block_r=0 block_c=0 t0_us=3758009321 t1_us=3758009396 dur_us=74
FIG8_ATTENTION_EVENT mode=baseline phase=measure iteration=19 component=safe_sm component_id=5 lut_exp=0 qo_len=16 kv_len=4096 n_heads=12 n_kv_heads=2 head_dim=128 kv_head=0 worker=4 block_r=0 block_c=0 t0_us=3758009320 t1_us=3758009396 dur_us=75
FIG8_ATTENTION_EVENT mode=baseline phase=measure iteration=19 component=v_load component_id=3 lut_exp=0 qo_len=16 kv_len=4096 n_heads=12 n_kv_heads=2 head_dim=128 kv_head=1 worker=5 block_r=0 block_c=0 t0_us=3758009397 t1_us=3758009414 dur_us=17
FIG8_ATTENTION_EVENT mode=baseline phase=measure iteration=19 component=v_load component_id=3 lut_exp=0 qo_len=16 kv_len=4096 n_heads=12 n_kv_heads=2 head_dim=128 kv_head=0 worker=4 block_r=0 block_c=0 t0_us=3758009397 t1_us=3758009415 dur_us=18
FIG8_ATTENTION_EVENT mode=baseline phase=measure iteration=19 component=core_acc component_id=6 lut_exp=0 qo_len=16 kv_len=4096 n_heads=12 n_kv_heads=2 head_dim=128 kv_head=1 worker=5 block_r=0 block_c=0 t0_us=3758009415 t1_us=3758009417 dur_us=2
FIG8_ATTENTION_EVENT mode=baseline phase=measure iteration=19 component=core_acc component_id=6 lut_exp=0 qo_len=16 kv_len=4096 n_heads=12 n_kv_heads=2 head_dim=128 kv_head=0 worker=4 block_r=0 block_c=0 t0_us=3758009415 t1_us=3758009418 dur_us=2
FIG8_ATTENTION_EVENT mode=baseline phase=measure iteration=19 component=k_load component_id=2 lut_exp=0 qo_len=16 kv_len=4096 n_heads=12 n_kv_heads=2 head_dim=128 kv_head=0 worker=4 block_r=0 block_c=832 t0_us=3758009418 t1_us=3758009437 dur_us=18
FIG8_ATTENTION_EVENT mode=baseline phase=measure iteration=19 component=k_load component_id=2 lut_exp=0 qo_len=16 kv_len=4096 n_heads=12 n_kv_heads=2 head_dim=128 kv_head=1 worker=5 block_r=0 block_c=832 t0_us=3758009417 t1_us=3758009437 dur_us=19
FIG8_ATTENTION_EVENT mode=baseline phase=measure iteration=19 component=qk_dot component_id=4 lut_exp=0 qo_len=16 kv_len=4096 n_heads=12 n_kv_heads=2 head_dim=128 kv_head=0 worker=4 block_r=0 block_c=832 t0_us=3758009437 t1_us=3758009438 dur_us=1
FIG8_ATTENTION_EVENT mode=baseline phase=measure iteration=19 component=qk_dot component_id=4 lut_exp=0 qo_len=16 kv_len=4096 n_heads=12 n_kv_heads=2 head_dim=128 kv_head=1 worker=5 block_r=0 block_c=832 t0_us=3758009437 t1_us=3758009439 dur_us=2
FIG8_ATTENTION_EVENT mode=baseline phase=measure iteration=19 component=safe_sm component_id=5 lut_exp=0 qo_len=16 kv_len=4096 n_heads=12 n_kv_heads=2 head_dim=128 kv_head=0 worker=4 block_r=0 block_c=832 t0_us=3758009438 t1_us=3758009509 dur_us=70
FIG8_ATTENTION_EVENT mode=baseline phase=measure iteration=19 component=safe_sm component_id=5 lut_exp=0 qo_len=16 kv_len=4096 n_heads=12 n_kv_heads=2 head_dim=128 kv_head=1 worker=5 block_r=0 block_c=832 t0_us=3758009440 t1_us=3758009509 dur_us=69
FIG8_ATTENTION_EVENT mode=baseline phase=measure iteration=19 component=v_load component_id=3 lut_exp=0 qo_len=16 kv_len=4096 n_heads=12 n_kv_heads=2 head_dim=128 kv_head=1 worker=5 block_r=0 block_c=832 t0_us=3758009509 t1_us=3758009522 dur_us=12
FIG8_ATTENTION_EVENT mode=baseline phase=measure iteration=19 component=v_load component_id=3 lut_exp=0 qo_len=16 kv_len=4096 n_heads=12 n_kv_heads=2 head_dim=128 kv_head=0 worker=4 block_r=0 block_c=832 t0_us=3758009509 t1_us=3758009522 dur_us=13
FIG8_ATTENTION_EVENT mode=baseline phase=measure iteration=19 component=core_acc component_id=6 lut_exp=0 qo_len=16 kv_len=4096 n_heads=12 n_kv_heads=2 head_dim=128 kv_head=1 worker=5 block_r=0 block_c=832 t0_us=3758009522 t1_us=3758009523 dur_us=0
FIG8_ATTENTION_EVENT mode=baseline phase=measure iteration=19 component=core_acc component_id=6 lut_exp=0 qo_len=16 kv_len=4096 n_heads=12 n_kv_heads=2 head_dim=128 kv_head=0 worker=4 block_r=0 block_c=832 t0_us=3758009522 t1_us=3758009524 dur_us=1
FIG8_ATTENTION_EVENT mode=baseline phase=measure iteration=19 component=k_load component_id=2 lut_exp=0 qo_len=16 kv_len=4096 n_heads=12 n_kv_heads=2 head_dim=128 kv_head=1 worker=5 block_r=0 block_c=1664 t0_us=3758009523 t1_us=3758009540 dur_us=16
FIG8_ATTENTION_EVENT mode=baseline phase=measure iteration=19 component=k_load component_id=2 lut_exp=0 qo_len=16 kv_len=4096 n_heads=12 n_kv_heads=2 head_dim=128 kv_head=0 worker=4 block_r=0 block_c=1664 t0_us=3758009524 t1_us=3758009540 dur_us=15
FIG8_ATTENTION_EVENT mode=baseline phase=measure iteration=19 component=qk_dot component_id=4 lut_exp=0 qo_len=16 kv_len=4096 n_heads=12 n_kv_heads=2 head_dim=128 kv_head=1 worker=5 block_r=0 block_c=1664 t0_us=3758009540 t1_us=3758009541 dur_us=1
FIG8_ATTENTION_EVENT mode=baseline phase=measure iteration=19 component=qk_dot component_id=4 lut_exp=0 qo_len=16 kv_len=4096 n_heads=12 n_kv_heads=2 head_dim=128 kv_head=0 worker=4 block_r=0 block_c=1664 t0_us=3758009540 t1_us=3758009542 dur_us=1
FIG8_ATTENTION_EVENT mode=baseline phase=measure iteration=19 component=safe_sm component_id=5 lut_exp=0 qo_len=16 kv_len=4096 n_heads=12 n_kv_heads=2 head_dim=128 kv_head=1 worker=5 block_r=0 block_c=1664 t0_us=3758009541 t1_us=3758009613 dur_us=72
FIG8_ATTENTION_EVENT mode=baseline phase=measure iteration=19 component=safe_sm component_id=5 lut_exp=0 qo_len=16 kv_len=4096 n_heads=12 n_kv_heads=2 head_dim=128 kv_head=0 worker=4 block_r=0 block_c=1664 t0_us=3758009542 t1_us=3758009613 dur_us=71
FIG8_ATTENTION_EVENT mode=baseline phase=measure iteration=19 component=v_load component_id=3 lut_exp=0 qo_len=16 kv_len=4096 n_heads=12 n_kv_heads=2 head_dim=128 kv_head=1 worker=5 block_r=0 block_c=1664 t0_us=3758009613 t1_us=3758009625 dur_us=11
FIG8_ATTENTION_EVENT mode=baseline phase=measure iteration=19 component=v_load component_id=3 lut_exp=0 qo_len=16 kv_len=4096 n_heads=12 n_kv_heads=2 head_dim=128 kv_head=0 worker=4 block_r=0 block_c=1664 t0_us=3758009613 t1_us=3758009625 dur_us=11
FIG8_ATTENTION_EVENT mode=baseline phase=measure iteration=19 component=core_acc component_id=6 lut_exp=0 qo_len=16 kv_len=4096 n_heads=12 n_kv_heads=2 head_dim=128 kv_head=1 worker=5 block_r=0 block_c=1664 t0_us=3758009625 t1_us=3758009626 dur_us=0
FIG8_ATTENTION_EVENT mode=baseline phase=measure iteration=19 component=core_acc component_id=6 lut_exp=0 qo_len=16 kv_len=4096 n_heads=12 n_kv_heads=2 head_dim=128 kv_head=0 worker=4 block_r=0 block_c=1664 t0_us=3758009625 t1_us=3758009627 dur_us=1
FIG8_ATTENTION_EVENT mode=baseline phase=measure iteration=19 component=k_load component_id=2 lut_exp=0 qo_len=16 kv_len=4096 n_heads=12 n_kv_heads=2 head_dim=128 kv_head=1 worker=5 block_r=0 block_c=2496 t0_us=3758009626 t1_us=3758009644 dur_us=17
FIG8_ATTENTION_EVENT mode=baseline phase=measure iteration=19 component=k_load component_id=2 lut_exp=0 qo_len=16 kv_len=4096 n_heads=12 n_kv_heads=2 head_dim=128 kv_head=0 worker=4 block_r=0 block_c=2496 t0_us=3758009627 t1_us=3758009645 dur_us=17
FIG8_ATTENTION_EVENT mode=baseline phase=measure iteration=19 component=qk_dot component_id=4 lut_exp=0 qo_len=16 kv_len=4096 n_heads=12 n_kv_heads=2 head_dim=128 kv_head=1 worker=5 block_r=0 block_c=2496 t0_us=3758009644 t1_us=3758009646 dur_us=1
FIG8_ATTENTION_EVENT mode=baseline phase=measure iteration=19 component=qk_dot component_id=4 lut_exp=0 qo_len=16 kv_len=4096 n_heads=12 n_kv_heads=2 head_dim=128 kv_head=0 worker=4 block_r=0 block_c=2496 t0_us=3758009645 t1_us=3758009647 dur_us=1
FIG8_ATTENTION_EVENT mode=baseline phase=measure iteration=19 component=safe_sm component_id=5 lut_exp=0 qo_len=16 kv_len=4096 n_heads=12 n_kv_heads=2 head_dim=128 kv_head=0 worker=4 block_r=0 block_c=2496 t0_us=3758009647 t1_us=3758009719 dur_us=72
FIG8_ATTENTION_EVENT mode=baseline phase=measure iteration=19 component=safe_sm component_id=5 lut_exp=0 qo_len=16 kv_len=4096 n_heads=12 n_kv_heads=2 head_dim=128 kv_head=1 worker=5 block_r=0 block_c=2496 t0_us=3758009646 t1_us=3758009720 dur_us=73
FIG8_ATTENTION_EVENT mode=baseline phase=measure iteration=19 component=v_load component_id=3 lut_exp=0 qo_len=16 kv_len=4096 n_heads=12 n_kv_heads=2 head_dim=128 kv_head=0 worker=4 block_r=0 block_c=2496 t0_us=3758009720 t1_us=3758009731 dur_us=11
FIG8_ATTENTION_EVENT mode=baseline phase=measure iteration=19 component=core_acc component_id=6 lut_exp=0 qo_len=16 kv_len=4096 n_heads=12 n_kv_heads=2 head_dim=128 kv_head=0 worker=4 block_r=0 block_c=2496 t0_us=3758009731 t1_us=3758009732 dur_us=1
FIG8_ATTENTION_EVENT mode=baseline phase=measure iteration=19 component=v_load component_id=3 lut_exp=0 qo_len=16 kv_len=4096 n_heads=12 n_kv_heads=2 head_dim=128 kv_head=1 worker=5 block_r=0 block_c=2496 t0_us=3758009720 t1_us=3758009733 dur_us=12
FIG8_ATTENTION_EVENT mode=baseline phase=measure iteration=19 component=core_acc component_id=6 lut_exp=0 qo_len=16 kv_len=4096 n_heads=12 n_kv_heads=2 head_dim=128 kv_head=1 worker=5 block_r=0 block_c=2496 t0_us=3758009733 t1_us=3758009735 dur_us=1
FIG8_ATTENTION_EVENT mode=baseline phase=measure iteration=19 component=k_load component_id=2 lut_exp=0 qo_len=16 kv_len=4096 n_heads=12 n_kv_heads=2 head_dim=128 kv_head=0 worker=4 block_r=0 block_c=3328 t0_us=3758009732 t1_us=3758009746 dur_us=13
FIG8_ATTENTION_EVENT mode=baseline phase=measure iteration=19 component=qk_dot component_id=4 lut_exp=0 qo_len=16 kv_len=4096 n_heads=12 n_kv_heads=2 head_dim=128 kv_head=0 worker=4 block_r=0 block_c=3328 t0_us=3758009746 t1_us=3758009747 dur_us=0
FIG8_ATTENTION_EVENT mode=baseline phase=measure iteration=19 component=k_load component_id=2 lut_exp=0 qo_len=16 kv_len=4096 n_heads=12 n_kv_heads=2 head_dim=128 kv_head=1 worker=5 block_r=0 block_c=3328 t0_us=3758009736 t1_us=3758009752 dur_us=16
FIG8_ATTENTION_EVENT mode=baseline phase=measure iteration=19 component=qk_dot component_id=4 lut_exp=0 qo_len=16 kv_len=4096 n_heads=12 n_kv_heads=2 head_dim=128 kv_head=1 worker=5 block_r=0 block_c=3328 t0_us=3758009752 t1_us=3758009753 dur_us=0
FIG8_ATTENTION_EVENT mode=baseline phase=measure iteration=19 component=safe_sm component_id=5 lut_exp=0 qo_len=16 kv_len=4096 n_heads=12 n_kv_heads=2 head_dim=128 kv_head=0 worker=4 block_r=0 block_c=3328 t0_us=3758009747 t1_us=3758009817 dur_us=70
FIG8_ATTENTION_EVENT mode=baseline phase=measure iteration=19 component=safe_sm component_id=5 lut_exp=0 qo_len=16 kv_len=4096 n_heads=12 n_kv_heads=2 head_dim=128 kv_head=1 worker=5 block_r=0 block_c=3328 t0_us=3758009753 t1_us=3758009817 dur_us=63
FIG8_ATTENTION_EVENT mode=baseline phase=measure iteration=19 component=v_load component_id=3 lut_exp=0 qo_len=16 kv_len=4096 n_heads=12 n_kv_heads=2 head_dim=128 kv_head=0 worker=4 block_r=0 block_c=3328 t0_us=3758009817 t1_us=3758009826 dur_us=9
FIG8_ATTENTION_EVENT mode=baseline phase=measure iteration=19 component=v_load component_id=3 lut_exp=0 qo_len=16 kv_len=4096 n_heads=12 n_kv_heads=2 head_dim=128 kv_head=1 worker=5 block_r=0 block_c=3328 t0_us=3758009817 t1_us=3758009827 dur_us=9
FIG8_ATTENTION_EVENT mode=baseline phase=measure iteration=19 component=core_acc component_id=6 lut_exp=0 qo_len=16 kv_len=4096 n_heads=12 n_kv_heads=2 head_dim=128 kv_head=0 worker=4 block_r=0 block_c=3328 t0_us=3758009826 t1_us=3758009827 dur_us=0
FIG8_ATTENTION_EVENT mode=baseline phase=measure iteration=19 component=core_acc component_id=6 lut_exp=0 qo_len=16 kv_len=4096 n_heads=12 n_kv_heads=2 head_dim=128 kv_head=1 worker=5 block_r=0 block_c=3328 t0_us=3758009827 t1_us=3758009828 dur_us=1
FIG8_ATTENTION_EVENT mode=baseline phase=measure iteration=19 component=o_scale component_id=7 lut_exp=0 qo_len=16 kv_len=4096 n_heads=12 n_kv_heads=2 head_dim=128 kv_head=1 worker=5 block_r=0 block_c=-1 t0_us=3758009828 t1_us=3758009829 dur_us=0
FIG8_ATTENTION_EVENT mode=baseline phase=measure iteration=19 component=o_scale component_id=7 lut_exp=0 qo_len=16 kv_len=4096 n_heads=12 n_kv_heads=2 head_dim=128 kv_head=0 worker=4 block_r=0 block_c=-1 t0_us=3758009827 t1_us=3758009829 dur_us=1
FIG8_ATTENTION_EVENT mode=baseline phase=measure iteration=19 component=o_store component_id=8 lut_exp=0 qo_len=16 kv_len=4096 n_heads=12 n_kv_heads=2 head_dim=128 kv_head=1 worker=5 block_r=0 block_c=-1 t0_us=3758009829 t1_us=3758009835 dur_us=6
FIG8_ATTENTION_EVENT mode=baseline phase=measure iteration=19 component=o_store component_id=8 lut_exp=0 qo_len=16 kv_len=4096 n_heads=12 n_kv_heads=2 head_dim=128 kv_head=0 worker=4 block_r=0 block_c=-1 t0_us=3758009829 t1_us=3758009835 dur_us=6
