mode,function,kernel,pipeline,scna_width,qo_len,iteration,profiled_total,safe_sm,scna_exp,q_load,k_load,v_load,qk_dot,core_acc,o_scale,o_store,kv_dma_issue,kv_dma_wait,kv_transform,host_elapsed
baseline,none,none,off,0,4,0,824.0,161.0,0.0,2.0,334.0,317.0,4.0,1.0,2.0,3.0,0.0,0.0,0.0,1141.0
baseline,none,none,off,0,4,1,814.0,159.0,0.0,2.0,334.0,309.0,4.0,1.0,2.0,3.0,0.0,0.0,0.0,1141.0
baseline,none,none,off,0,4,2,806.0,161.0,0.0,2.0,327.0,306.0,4.0,1.0,2.0,3.0,0.0,0.0,0.0,1143.0
baseline,none,none,off,0,4,3,802.0,163.0,0.0,2.0,325.0,302.0,4.0,1.0,2.0,3.0,0.0,0.0,0.0,1146.0
baseline,none,none,off,0,4,4,803.0,160.0,0.0,2.0,310.0,320.0,4.0,2.0,2.0,3.0,0.0,0.0,0.0,1142.0
baseline,none,none,off,0,4,5,808.0,160.0,0.0,2.0,327.0,308.0,4.0,1.0,2.0,4.0,0.0,0.0,0.0,1042.0
baseline,none,none,off,0,4,6,791.0,161.0,0.0,2.0,308.0,310.0,4.0,1.0,2.0,3.0,0.0,0.0,0.0,1027.0
baseline,none,none,off,0,4,7,802.0,162.0,0.0,2.0,315.0,313.0,4.0,1.0,2.0,3.0,0.0,0.0,0.0,1108.0
baseline,none,none,off,0,4,8,885.0,179.0,0.0,2.0,366.0,328.0,4.0,1.0,2.0,3.0,0.0,0.0,0.0,1164.0
baseline,none,none,off,0,4,9,892.0,179.0,0.0,2.0,368.0,332.0,4.0,2.0,2.0,3.0,0.0,0.0,0.0,1122.0
baseline,none,none,off,0,4,10,897.0,179.0,0.0,2.0,367.0,338.0,4.0,2.0,2.0,3.0,0.0,0.0,0.0,1229.0
baseline,none,none,off,0,4,11,897.0,179.0,0.0,2.0,368.0,337.0,4.0,2.0,2.0,3.0,0.0,0.0,0.0,1231.0
baseline,none,none,off,0,4,12,889.0,179.0,0.0,2.0,371.0,326.0,4.0,2.0,2.0,3.0,0.0,0.0,0.0,1143.0
baseline,none,none,off,0,4,13,896.0,180.0,0.0,2.0,367.0,335.0,4.0,2.0,2.0,4.0,0.0,0.0,0.0,1205.0
baseline,none,none,off,0,4,14,892.0,180.0,0.0,2.0,367.0,330.0,4.0,2.0,3.0,4.0,0.0,0.0,0.0,1145.0
baseline,none,none,off,0,4,15,879.0,178.0,0.0,2.0,367.0,322.0,4.0,2.0,2.0,2.0,0.0,0.0,0.0,1218.0
baseline,none,none,off,0,4,16,892.0,176.0,0.0,2.0,366.0,336.0,4.0,3.0,2.0,3.0,0.0,0.0,0.0,1209.0
baseline,none,none,off,0,4,17,892.0,177.0,0.0,2.0,378.0,322.0,4.0,3.0,2.0,4.0,0.0,0.0,0.0,1200.0
baseline,none,none,off,0,4,18,890.0,176.0,0.0,2.0,369.0,330.0,4.0,3.0,2.0,4.0,0.0,0.0,0.0,1197.0
baseline,none,none,off,0,4,19,893.0,177.0,0.0,2.0,367.0,336.0,4.0,2.0,2.0,3.0,0.0,0.0,0.0,1216.0
baseline,none,none,off,0,8,0,955.0,311.0,0.0,4.0,323.0,297.0,8.0,5.0,1.0,6.0,0.0,0.0,0.0,1261.0
baseline,none,none,off,0,8,1,949.0,312.0,0.0,4.0,326.0,287.0,8.0,5.0,1.0,6.0,0.0,0.0,0.0,1221.0
baseline,none,none,off,0,8,2,942.0,309.0,0.0,4.0,308.0,300.0,8.0,6.0,1.0,6.0,0.0,0.0,0.0,1252.0
baseline,none,none,off,0,8,3,948.0,309.0,0.0,4.0,311.0,303.0,8.0,6.0,1.0,6.0,0.0,0.0,0.0,1260.0
baseline,none,none,off,0,8,4,943.0,310.0,0.0,4.0,302.0,306.0,8.0,6.0,1.0,6.0,0.0,0.0,0.0,1242.0
baseline,none,none,off,0,8,5,951.0,311.0,0.0,4.0,324.0,291.0,8.0,6.0,1.0,6.0,0.0,0.0,0.0,1235.0
baseline,none,none,off,0,8,6,981.0,310.0,0.0,4.0,324.0,322.0,8.0,6.0,1.0,6.0,0.0,0.0,0.0,1344.0
baseline,none,none,off,0,8,7,1065.0,335.0,0.0,5.0,372.0,331.0,8.0,6.0,2.0,6.0,0.0,0.0,0.0,1432.0
baseline,none,none,off,0,8,8,1068.0,337.0,0.0,4.0,375.0,331.0,8.0,6.0,1.0,6.0,0.0,0.0,0.0,1341.0
baseline,none,none,off,0,8,9,1062.0,336.0,0.0,4.0,369.0,331.0,8.0,6.0,2.0,6.0,0.0,0.0,0.0,1385.0
baseline,none,none,off,0,8,10,1053.0,331.0,0.0,4.0,372.0,324.0,8.0,6.0,2.0,6.0,0.0,0.0,0.0,1309.0
baseline,none,none,off,0,8,11,1069.0,333.0,0.0,5.0,380.0,330.0,8.0,6.0,1.0,6.0,0.0,0.0,0.0,1316.0
baseline,none,none,off,0,8,12,1065.0,334.0,0.0,4.0,375.0,331.0,8.0,6.0,1.0,6.0,0.0,0.0,0.0,1315.0
baseline,none,none,off,0,8,13,1061.0,333.0,0.0,4.0,373.0,331.0,8.0,5.0,1.0,6.0,0.0,0.0,0.0,1330.0
baseline,none,none,off,0,8,14,1057.0,333.0,0.0,4.0,365.0,334.0,8.0,6.0,1.0,6.0,0.0,0.0,0.0,1304.0
baseline,none,none,off,0,8,15,1069.0,333.0,0.0,4.0,378.0,332.0,8.0,6.0,2.0,6.0,0.0,0.0,0.0,1327.0
baseline,none,none,off,0,8,16,1060.0,333.0,0.0,4.0,366.0,335.0,8.0,6.0,2.0,6.0,0.0,0.0,0.0,1348.0
baseline,none,none,off,0,8,17,1072.0,332.0,0.0,5.0,367.0,346.0,8.0,6.0,2.0,6.0,0.0,0.0,0.0,1313.0
baseline,none,none,off,0,8,18,1167.0,361.0,0.0,4.0,416.0,366.0,8.0,5.0,1.0,6.0,0.0,0.0,0.0,1441.0
baseline,none,none,off,0,8,19,1173.0,362.0,0.0,4.0,416.0,370.0,8.0,6.0,1.0,6.0,0.0,0.0,0.0,1488.0
baseline,none,none,off,0,16,0,1259.0,613.0,0.0,8.0,315.0,288.0,12.0,9.0,3.0,11.0,0.0,0.0,0.0,1567.0
baseline,none,none,off,0,16,1,1258.0,612.0,0.0,8.0,318.0,286.0,12.0,9.0,3.0,10.0,0.0,0.0,0.0,1565.0
baseline,none,none,off,0,16,2,1256.0,612.0,0.0,8.0,317.0,286.0,12.0,9.0,2.0,10.0,0.0,0.0,0.0,1591.0
baseline,none,none,off,0,16,3,1383.0,648.0,0.0,8.0,368.0,325.0,12.0,9.0,3.0,10.0,0.0,0.0,0.0,1687.0
baseline,none,none,off,0,16,4,1414.0,651.0,0.0,8.0,383.0,337.0,12.0,10.0,3.0,10.0,0.0,0.0,0.0,1728.0
baseline,none,none,off,0,16,5,1399.0,645.0,0.0,7.0,381.0,332.0,12.0,9.0,3.0,10.0,0.0,0.0,0.0,1683.0
baseline,none,none,off,0,16,6,1416.0,646.0,0.0,8.0,383.0,344.0,12.0,10.0,3.0,10.0,0.0,0.0,0.0,1729.0
baseline,none,none,off,0,16,7,1411.0,645.0,0.0,8.0,386.0,338.0,12.0,9.0,3.0,10.0,0.0,0.0,0.0,1751.0
baseline,none,none,off,0,16,8,1414.0,646.0,0.0,8.0,381.0,345.0,12.0,9.0,3.0,10.0,0.0,0.0,0.0,1749.0
baseline,none,none,off,0,16,9,1412.0,644.0,0.0,8.0,383.0,342.0,12.0,9.0,3.0,11.0,0.0,0.0,0.0,1752.0
baseline,none,none,off,0,16,10,1403.0,645.0,0.0,8.0,378.0,338.0,12.0,9.0,3.0,10.0,0.0,0.0,0.0,1739.0
baseline,none,none,off,0,16,11,1418.0,648.0,0.0,8.0,384.0,343.0,12.0,10.0,3.0,10.0,0.0,0.0,0.0,1673.0
baseline,none,none,off,0,16,12,1250.0,678.0,0.0,8.0,159.0,369.0,13.0,10.0,3.0,10.0,0.0,0.0,0.0,1633.0
baseline,none,none,off,0,16,13,1250.0,677.0,0.0,8.0,159.0,370.0,13.0,10.0,3.0,10.0,0.0,0.0,0.0,1614.0
baseline,none,none,off,0,16,14,1248.0,677.0,0.0,8.0,158.0,369.0,13.0,9.0,3.0,11.0,0.0,0.0,0.0,1520.0
baseline,none,none,off,0,16,15,1250.0,680.0,0.0,8.0,158.0,369.0,13.0,9.0,3.0,10.0,0.0,0.0,0.0,1611.0
baseline,none,none,off,0,16,16,1252.0,680.0,0.0,8.0,158.0,371.0,13.0,9.0,3.0,10.0,0.0,0.0,0.0,1619.0
baseline,none,none,off,0,16,17,1240.0,676.0,0.0,8.0,157.0,364.0,12.0,10.0,3.0,10.0,0.0,0.0,0.0,1569.0
baseline,none,none,off,0,16,18,1249.0,679.0,0.0,8.0,156.0,370.0,13.0,10.0,3.0,10.0,0.0,0.0,0.0,1618.0
baseline,none,none,off,0,16,19,1243.0,677.0,0.0,7.0,156.0,370.0,12.0,9.0,2.0,10.0,0.0,0.0,0.0,1605.0
baseline,none,none,off,0,32,0,1994.0,1231.0,0.0,16.0,351.0,327.0,24.0,21.0,3.0,21.0,0.0,0.0,0.0,2284.0
baseline,none,none,off,0,32,1,1992.0,1230.0,0.0,16.0,350.0,327.0,24.0,20.0,3.0,22.0,0.0,0.0,0.0,2281.0
baseline,none,none,off,0,32,2,1989.0,1233.0,0.0,16.0,343.0,327.0,24.0,21.0,3.0,22.0,0.0,0.0,0.0,2280.0
baseline,none,none,off,0,32,3,1995.0,1280.0,0.0,16.0,249.0,380.0,24.0,21.0,3.0,22.0,0.0,0.0,0.0,2301.0
baseline,none,none,off,0,32,4,1935.0,1317.0,0.0,16.0,160.0,372.0,24.0,20.0,4.0,22.0,0.0,0.0,0.0,2239.0
baseline,none,none,off,0,32,5,1928.0,1309.0,0.0,16.0,159.0,375.0,24.0,20.0,3.0,22.0,0.0,0.0,0.0,2251.0
baseline,none,none,off,0,32,6,1929.0,1314.0,0.0,16.0,157.0,372.0,25.0,20.0,3.0,22.0,0.0,0.0,0.0,2287.0
baseline,none,none,off,0,32,7,1935.0,1311.0,0.0,16.0,156.0,381.0,25.0,21.0,3.0,22.0,0.0,0.0,0.0,2272.0
baseline,none,none,off,0,32,8,2017.0,1304.0,0.0,16.0,258.0,370.0,24.0,20.0,3.0,22.0,0.0,0.0,0.0,2367.0
baseline,none,none,off,0,32,9,2050.0,1305.0,0.0,16.0,288.0,372.0,24.0,20.0,3.0,22.0,0.0,0.0,0.0,2393.0
baseline,none,none,off,0,32,10,2015.0,1308.0,0.0,16.0,253.0,369.0,24.0,20.0,3.0,22.0,0.0,0.0,0.0,2320.0
baseline,none,none,off,0,32,11,2045.0,1307.0,0.0,16.0,285.0,367.0,24.0,21.0,3.0,22.0,0.0,0.0,0.0,2389.0
baseline,none,none,off,0,32,12,2177.0,1303.0,0.0,16.0,423.0,364.0,25.0,21.0,3.0,22.0,0.0,0.0,0.0,2560.0
baseline,none,none,off,0,32,13,2134.0,1282.0,0.0,16.0,417.0,349.0,24.0,21.0,3.0,22.0,0.0,0.0,0.0,2491.0
baseline,none,none,off,0,32,14,2077.0,1272.0,0.0,15.0,390.0,331.0,24.0,20.0,3.0,22.0,0.0,0.0,0.0,2396.0
baseline,none,none,off,0,32,15,2018.0,1265.0,0.0,15.0,358.0,310.0,24.0,21.0,3.0,22.0,0.0,0.0,0.0,2370.0
baseline,none,none,off,0,32,16,1964.0,1255.0,0.0,15.0,327.0,296.0,24.0,21.0,4.0,22.0,0.0,0.0,0.0,2302.0
baseline,none,none,off,0,32,17,1918.0,1246.0,0.0,15.0,307.0,280.0,24.0,20.0,4.0,22.0,0.0,0.0,0.0,2304.0
baseline,none,none,off,0,32,18,1958.0,1268.0,0.0,16.0,306.0,298.0,24.0,21.0,3.0,22.0,0.0,0.0,0.0,2337.0
baseline,none,none,off,0,32,19,1954.0,1272.0,0.0,16.0,301.0,295.0,24.0,21.0,3.0,22.0,0.0,0.0,0.0,2281.0
scna-fp16,exp,direct,off,8,4,0,787.0,205.0,162.0,2.0,302.0,266.0,4.0,3.0,2.0,3.0,0.0,0.0,0.0,1098.0
scna-fp16,exp,direct,off,8,4,1,789.0,204.0,163.0,2.0,296.0,276.0,4.0,3.0,2.0,2.0,0.0,0.0,0.0,1108.0
scna-fp16,exp,direct,off,8,4,2,775.0,205.0,162.0,2.0,289.0,269.0,4.0,3.0,1.0,2.0,0.0,0.0,0.0,1099.0
scna-fp16,exp,direct,off,8,4,3,772.0,205.0,163.0,2.0,293.0,263.0,4.0,2.0,1.0,2.0,0.0,0.0,0.0,1100.0
scna-fp16,exp,direct,off,8,4,4,792.0,204.0,162.0,2.0,305.0,269.0,4.0,3.0,2.0,3.0,0.0,0.0,0.0,1092.0
scna-fp16,exp,direct,off,8,4,5,788.0,203.0,162.0,2.0,304.0,268.0,4.0,3.0,2.0,2.0,0.0,0.0,0.0,1109.0
scna-fp16,exp,direct,off,8,4,6,782.0,204.0,162.0,2.0,299.0,267.0,4.0,3.0,1.0,2.0,0.0,0.0,0.0,1096.0
scna-fp16,exp,direct,off,8,4,7,784.0,205.0,164.0,2.0,299.0,267.0,4.0,3.0,2.0,2.0,0.0,0.0,0.0,1102.0
scna-fp16,exp,direct,off,8,4,8,767.0,204.0,162.0,2.0,290.0,260.0,4.0,3.0,2.0,2.0,0.0,0.0,0.0,1109.0
scna-fp16,exp,direct,off,8,4,9,770.0,205.0,163.0,2.0,290.0,262.0,4.0,3.0,2.0,2.0,0.0,0.0,0.0,1094.0
scna-fp16,exp,direct,off,8,4,10,799.0,206.0,162.0,2.0,296.0,284.0,4.0,3.0,2.0,2.0,0.0,0.0,0.0,1073.0
scna-fp16,exp,direct,off,8,4,11,871.0,216.0,164.0,3.0,339.0,301.0,4.0,3.0,2.0,3.0,0.0,0.0,0.0,1209.0
scna-fp16,exp,direct,off,8,4,12,878.0,216.0,164.0,2.0,334.0,315.0,4.0,3.0,2.0,2.0,0.0,0.0,0.0,1170.0
scna-fp16,exp,direct,off,8,4,13,881.0,215.0,164.0,2.0,344.0,308.0,4.0,3.0,2.0,3.0,0.0,0.0,0.0,1152.0
scna-fp16,exp,direct,off,8,4,14,879.0,217.0,165.0,3.0,329.0,318.0,4.0,3.0,2.0,3.0,0.0,0.0,0.0,1226.0
scna-fp16,exp,direct,off,8,4,15,872.0,214.0,164.0,3.0,327.0,317.0,4.0,3.0,2.0,2.0,0.0,0.0,0.0,1222.0
scna-fp16,exp,direct,off,8,4,16,874.0,215.0,164.0,2.0,329.0,317.0,4.0,3.0,2.0,2.0,0.0,0.0,0.0,1216.0
scna-fp16,exp,direct,off,8,4,17,868.0,217.0,166.0,2.0,333.0,305.0,4.0,3.0,2.0,2.0,0.0,0.0,0.0,1230.0
scna-fp16,exp,direct,off,8,4,18,870.0,216.0,164.0,3.0,331.0,308.0,4.0,3.0,2.0,3.0,0.0,0.0,0.0,1190.0
scna-fp16,exp,direct,off,8,4,19,875.0,216.0,164.0,2.0,329.0,316.0,4.0,3.0,3.0,2.0,0.0,0.0,0.0,1214.0
scna-fp16,exp,direct,off,8,8,0,973.0,405.0,316.0,4.0,284.0,256.0,10.0,6.0,2.0,6.0,0.0,0.0,0.0,1309.0
scna-fp16,exp,direct,off,8,8,1,971.0,402.0,316.0,4.0,285.0,257.0,9.0,7.0,2.0,5.0,0.0,0.0,0.0,1226.0
scna-fp16,exp,direct,off,8,8,2,970.0,403.0,315.0,4.0,283.0,256.0,10.0,6.0,2.0,6.0,0.0,0.0,0.0,1231.0
scna-fp16,exp,direct,off,8,8,3,975.0,403.0,315.0,4.0,287.0,258.0,9.0,6.0,2.0,6.0,0.0,0.0,0.0,1239.0
scna-fp16,exp,direct,off,8,8,4,968.0,402.0,315.0,4.0,282.0,257.0,9.0,6.0,3.0,5.0,0.0,0.0,0.0,1224.0
scna-fp16,exp,direct,off,8,8,5,973.0,402.0,317.0,4.0,287.0,256.0,10.0,6.0,2.0,6.0,0.0,0.0,0.0,1234.0
scna-fp16,exp,direct,off,8,8,6,972.0,405.0,316.0,4.0,283.0,256.0,10.0,6.0,2.0,6.0,0.0,0.0,0.0,1236.0
scna-fp16,exp,direct,off,8,8,7,973.0,405.0,316.0,4.0,284.0,257.0,9.0,6.0,2.0,6.0,0.0,0.0,0.0,1219.0
scna-fp16,exp,direct,off,8,8,8,975.0,403.0,316.0,4.0,287.0,256.0,10.0,7.0,2.0,6.0,0.0,0.0,0.0,1221.0
scna-fp16,exp,direct,off,8,8,9,975.0,403.0,315.0,4.0,288.0,257.0,10.0,6.0,2.0,5.0,0.0,0.0,0.0,1229.0
scna-fp16,exp,direct,off,8,8,10,971.0,404.0,315.0,4.0,284.0,255.0,10.0,6.0,2.0,6.0,0.0,0.0,0.0,1219.0
scna-fp16,exp,direct,off,8,8,11,975.0,406.0,316.0,4.0,284.0,258.0,9.0,6.0,2.0,6.0,0.0,0.0,0.0,1223.0
scna-fp16,exp,direct,off,8,8,12,970.0,404.0,317.0,4.0,283.0,256.0,9.0,6.0,2.0,6.0,0.0,0.0,0.0,1215.0
scna-fp16,exp,direct,off,8,8,13,976.0,404.0,317.0,4.0,285.0,257.0,10.0,8.0,2.0,6.0,0.0,0.0,0.0,1214.0
scna-fp16,exp,direct,off,8,8,14,973.0,404.0,317.0,4.0,284.0,256.0,10.0,7.0,2.0,6.0,0.0,0.0,0.0,1274.0
scna-fp16,exp,direct,off,8,8,15,983.0,408.0,317.0,4.0,283.0,263.0,9.0,7.0,3.0,6.0,0.0,0.0,0.0,1336.0
scna-fp16,exp,direct,off,8,8,16,979.0,403.0,316.0,4.0,282.0,267.0,9.0,6.0,2.0,6.0,0.0,0.0,0.0,1298.0
scna-fp16,exp,direct,off,8,8,17,977.0,403.0,317.0,4.0,281.0,265.0,9.0,7.0,2.0,6.0,0.0,0.0,0.0,1323.0
scna-fp16,exp,direct,off,8,8,18,972.0,403.0,314.0,4.0,283.0,259.0,9.0,6.0,2.0,6.0,0.0,0.0,0.0,1317.0
scna-fp16,exp,direct,off,8,8,19,983.0,404.0,315.0,4.0,288.0,264.0,9.0,6.0,2.0,6.0,0.0,0.0,0.0,1309.0
scna-fp16,exp,direct,off,8,16,0,1415.0,786.0,624.0,8.0,307.0,278.0,13.0,11.0,2.0,10.0,0.0,0.0,0.0,1751.0
scna-fp16,exp,direct,off,8,16,1,1417.0,789.0,625.0,8.0,307.0,275.0,14.0,12.0,2.0,10.0,0.0,0.0,0.0,1758.0
scna-fp16,exp,direct,off,8,16,2,1422.0,788.0,626.0,8.0,309.0,279.0,14.0,11.0,2.0,11.0,0.0,0.0,0.0,1689.0
scna-fp16,exp,direct,off,8,16,3,1440.0,790.0,624.0,8.0,307.0,297.0,14.0,12.0,2.0,10.0,0.0,0.0,0.0,1743.0
scna-fp16,exp,direct,off,8,16,4,1558.0,813.0,627.0,8.0,369.0,330.0,14.0,12.0,2.0,10.0,0.0,0.0,0.0,1833.0
scna-fp16,exp,direct,off,8,16,5,1574.0,816.0,627.0,8.0,383.0,331.0,13.0,11.0,2.0,10.0,0.0,0.0,0.0,1868.0
scna-fp16,exp,direct,off,8,16,6,1597.0,823.0,627.0,8.0,398.0,332.0,13.0,11.0,2.0,10.0,0.0,0.0,0.0,1964.0
scna-fp16,exp,direct,off,8,16,7,1565.0,818.0,628.0,8.0,382.0,321.0,13.0,11.0,2.0,10.0,0.0,0.0,0.0,1868.0
scna-fp16,exp,direct,off,8,16,8,1558.0,817.0,627.0,8.0,376.0,321.0,12.0,12.0,2.0,10.0,0.0,0.0,0.0,1819.0
scna-fp16,exp,direct,off,8,16,9,1566.0,820.0,626.0,8.0,370.0,332.0,13.0,11.0,2.0,10.0,0.0,0.0,0.0,1841.0
scna-fp16,exp,direct,off,8,16,10,1560.0,818.0,627.0,8.0,368.0,330.0,13.0,11.0,2.0,10.0,0.0,0.0,0.0,1859.0
scna-fp16,exp,direct,off,8,16,11,1561.0,818.0,627.0,8.0,377.0,321.0,13.0,12.0,2.0,10.0,0.0,0.0,0.0,1869.0
scna-fp16,exp,direct,off,8,16,12,1550.0,816.0,626.0,8.0,361.0,328.0,13.0,12.0,2.0,10.0,0.0,0.0,0.0,1923.0
scna-fp16,exp,direct,off,8,16,13,1556.0,816.0,626.0,8.0,372.0,322.0,14.0,12.0,2.0,10.0,0.0,0.0,0.0,1916.0
scna-fp16,exp,direct,off,8,16,14,1566.0,819.0,626.0,8.0,371.0,331.0,14.0,11.0,2.0,10.0,0.0,0.0,0.0,1884.0
scna-fp16,exp,direct,off,8,16,15,1563.0,816.0,626.0,8.0,371.0,331.0,13.0,12.0,2.0,10.0,0.0,0.0,0.0,1820.0
scna-fp16,exp,direct,off,8,16,16,1588.0,821.0,627.0,8.0,389.0,333.0,13.0,12.0,2.0,10.0,0.0,0.0,0.0,1959.0
scna-fp16,exp,direct,off,8,16,17,1588.0,822.0,626.0,8.0,389.0,332.0,13.0,12.0,2.0,10.0,0.0,0.0,0.0,1956.0
scna-fp16,exp,direct,off,8,16,18,1560.0,810.0,626.0,8.0,380.0,327.0,12.0,11.0,2.0,10.0,0.0,0.0,0.0,1892.0
scna-fp16,exp,direct,off,8,16,19,1582.0,820.0,626.0,8.0,389.0,328.0,13.0,12.0,2.0,10.0,0.0,0.0,0.0,1881.0
scna-fp16,exp,direct,off,8,32,0,2294.0,1575.0,1239.0,16.0,321.0,308.0,26.0,22.0,4.0,22.0,0.0,0.0,0.0,2688.0
scna-fp16,exp,direct,off,8,32,1,2409.0,1603.0,1246.0,16.0,388.0,328.0,26.0,23.0,3.0,22.0,0.0,0.0,0.0,2699.0
scna-fp16,exp,direct,off,8,32,2,2413.0,1612.0,1244.0,16.0,386.0,327.0,25.0,22.0,3.0,22.0,0.0,0.0,0.0,2698.0
scna-fp16,exp,direct,off,8,32,3,2421.0,1614.0,1244.0,16.0,386.0,331.0,26.0,23.0,3.0,22.0,0.0,0.0,0.0,2789.0
scna-fp16,exp,direct,off,8,32,4,2427.0,1612.0,1243.0,16.0,391.0,335.0,26.0,22.0,3.0,22.0,0.0,0.0,0.0,2772.0
scna-fp16,exp,direct,off,8,32,5,2429.0,1613.0,1244.0,16.0,396.0,330.0,26.0,23.0,3.0,22.0,0.0,0.0,0.0,2794.0
scna-fp16,exp,direct,off,8,32,6,2414.0,1612.0,1244.0,16.0,389.0,323.0,26.0,23.0,3.0,22.0,0.0,0.0,0.0,2707.0
scna-fp16,exp,direct,off,8,32,7,2427.0,1614.0,1243.0,16.0,391.0,331.0,26.0,24.0,3.0,22.0,0.0,0.0,0.0,2787.0
scna-fp16,exp,direct,off,8,32,8,2429.0,1616.0,1244.0,16.0,389.0,334.0,26.0,23.0,3.0,22.0,0.0,0.0,0.0,2759.0
scna-fp16,exp,direct,off,8,32,9,2442.0,1622.0,1244.0,16.0,400.0,330.0,26.0,23.0,3.0,22.0,0.0,0.0,0.0,2743.0
scna-fp16,exp,direct,off,8,32,10,2432.0,1619.0,1244.0,15.0,400.0,324.0,26.0,23.0,3.0,22.0,0.0,0.0,0.0,2740.0
scna-fp16,exp,direct,off,8,32,11,2444.0,1618.0,1243.0,16.0,404.0,334.0,25.0,22.0,3.0,22.0,0.0,0.0,0.0,2783.0
scna-fp16,exp,direct,off,8,32,12,2443.0,1623.0,1243.0,16.0,398.0,333.0,26.0,22.0,3.0,22.0,0.0,0.0,0.0,2738.0
scna-fp16,exp,direct,off,8,32,13,2430.0,1622.0,1243.0,16.0,397.0,322.0,26.0,22.0,3.0,22.0,0.0,0.0,0.0,2795.0
scna-fp16,exp,direct,off,8,32,14,2394.0,1605.0,1243.0,16.0,380.0,321.0,25.0,22.0,3.0,22.0,0.0,0.0,0.0,2700.0
scna-fp16,exp,direct,off,8,32,15,2419.0,1615.0,1243.0,16.0,383.0,331.0,26.0,23.0,3.0,22.0,0.0,0.0,0.0,2764.0
scna-fp16,exp,direct,off,8,32,16,2413.0,1620.0,1243.0,15.0,381.0,323.0,26.0,23.0,3.0,22.0,0.0,0.0,0.0,2783.0
scna-fp16,exp,direct,off,8,32,17,2405.0,1615.0,1243.0,16.0,378.0,322.0,26.0,23.0,3.0,22.0,0.0,0.0,0.0,2721.0
scna-fp16,exp,direct,off,8,32,18,2418.0,1615.0,1242.0,16.0,379.0,334.0,26.0,23.0,3.0,22.0,0.0,0.0,0.0,2759.0
scna-fp16,exp,direct,off,8,32,19,2413.0,1620.0,1244.0,16.0,376.0,326.0,26.0,24.0,3.0,22.0,0.0,0.0,0.0,2799.0
scna-fp16,exp,direct,off,16,4,0,836.0,266.0,224.0,2.0,279.0,277.0,5.0,3.0,2.0,2.0,0.0,0.0,0.0,1099.0
scna-fp16,exp,direct,off,16,4,1,855.0,268.0,225.0,2.0,298.0,275.0,5.0,3.0,2.0,2.0,0.0,0.0,0.0,1095.0
scna-fp16,exp,direct,off,16,4,2,841.0,267.0,225.0,2.0,285.0,275.0,5.0,3.0,2.0,2.0,0.0,0.0,0.0,1099.0
scna-fp16,exp,direct,off,16,4,3,853.0,266.0,225.0,2.0,297.0,275.0,5.0,3.0,2.0,3.0,0.0,0.0,0.0,1092.0
scna-fp16,exp,direct,off,16,4,4,853.0,266.0,225.0,2.0,293.0,279.0,5.0,3.0,3.0,2.0,0.0,0.0,0.0,1097.0
scna-fp16,exp,direct,off,16,4,5,853.0,268.0,224.0,2.0,305.0,266.0,5.0,3.0,2.0,2.0,0.0,0.0,0.0,1174.0
scna-fp16,exp,direct,off,16,4,6,889.0,269.0,225.0,2.0,330.0,276.0,5.0,2.0,2.0,3.0,0.0,0.0,0.0,1225.0
scna-fp16,exp,direct,off,16,4,7,912.0,271.0,226.0,2.0,317.0,310.0,5.0,3.0,2.0,2.0,0.0,0.0,0.0,1190.0
scna-fp16,exp,direct,off,16,4,8,923.0,275.0,227.0,2.0,319.0,315.0,5.0,3.0,2.0,2.0,0.0,0.0,0.0,1170.0
scna-fp16,exp,direct,off,16,4,9,957.0,273.0,227.0,2.0,340.0,330.0,4.0,3.0,2.0,3.0,0.0,0.0,0.0,1226.0
scna-fp16,exp,direct,off,16,4,10,944.0,273.0,227.0,2.0,325.0,331.0,5.0,3.0,2.0,3.0,0.0,0.0,0.0,1267.0
scna-fp16,exp,direct,off,16,4,11,942.0,270.0,225.0,2.0,321.0,336.0,6.0,3.0,2.0,2.0,0.0,0.0,0.0,1219.0
scna-fp16,exp,direct,off,16,4,12,956.0,270.0,225.0,2.0,331.0,341.0,5.0,3.0,2.0,2.0,0.0,0.0,0.0,1199.0
scna-fp16,exp,direct,off,16,4,13,943.0,269.0,225.0,2.0,341.0,319.0,5.0,2.0,2.0,3.0,0.0,0.0,0.0,1187.0
scna-fp16,exp,direct,off,16,4,14,941.0,272.0,226.0,2.0,314.0,341.0,5.0,3.0,2.0,2.0,0.0,0.0,0.0,1182.0
scna-fp16,exp,direct,off,16,4,15,941.0,272.0,225.0,2.0,341.0,314.0,5.0,3.0,2.0,2.0,0.0,0.0,0.0,1181.0
scna-fp16,exp,direct,off,16,4,16,945.0,272.0,225.0,2.0,325.0,334.0,4.0,3.0,2.0,3.0,0.0,0.0,0.0,1194.0
scna-fp16,exp,direct,off,16,4,17,925.0,273.0,225.0,2.0,310.0,328.0,5.0,3.0,2.0,2.0,0.0,0.0,0.0,1199.0
scna-fp16,exp,direct,off,16,4,18,939.0,271.0,226.0,2.0,313.0,341.0,5.0,3.0,2.0,2.0,0.0,0.0,0.0,1195.0
scna-fp16,exp,direct,off,16,4,19,958.0,278.0,227.0,2.0,338.0,327.0,6.0,3.0,2.0,2.0,0.0,0.0,0.0,1223.0
scna-fp16,exp,direct,off,16,8,0,1132.0,521.0,439.0,4.0,311.0,271.0,9.0,8.0,3.0,5.0,0.0,0.0,0.0,1413.0
scna-fp16,exp,direct,off,16,8,1,1139.0,519.0,439.0,4.0,296.0,296.0,8.0,7.0,3.0,6.0,0.0,0.0,0.0,1390.0
scna-fp16,exp,direct,off,16,8,2,1208.0,523.0,438.0,4.0,312.0,345.0,9.0,7.0,2.0,6.0,0.0,0.0,0.0,1512.0
scna-fp16,exp,direct,off,16,8,3,1203.0,525.0,438.0,4.0,337.0,313.0,9.0,7.0,2.0,6.0,0.0,0.0,0.0,1511.0
scna-fp16,exp,direct,off,16,8,4,1209.0,524.0,438.0,4.0,316.0,340.0,9.0,7.0,3.0,6.0,0.0,0.0,0.0,1510.0
scna-fp16,exp,direct,off,16,8,5,1221.0,523.0,438.0,4.0,334.0,337.0,8.0,7.0,2.0,6.0,0.0,0.0,0.0,1509.0
scna-fp16,exp,direct,off,16,8,6,1212.0,526.0,438.0,4.0,341.0,316.0,9.0,7.0,3.0,6.0,0.0,0.0,0.0,1509.0
scna-fp16,exp,direct,off,16,8,7,1208.0,524.0,439.0,4.0,338.0,318.0,9.0,7.0,2.0,6.0,0.0,0.0,0.0,1491.0
scna-fp16,exp,direct,off,16,8,8,1226.0,524.0,439.0,4.0,335.0,339.0,9.0,7.0,2.0,6.0,0.0,0.0,0.0,1524.0
scna-fp16,exp,direct,off,16,8,9,1209.0,524.0,438.0,4.0,344.0,314.0,8.0,7.0,2.0,6.0,0.0,0.0,0.0,1510.0
scna-fp16,exp,direct,off,16,8,10,1214.0,527.0,438.0,4.0,342.0,316.0,9.0,7.0,3.0,6.0,0.0,0.0,0.0,1513.0
scna-fp16,exp,direct,off,16,8,11,1219.0,526.0,438.0,4.0,338.0,327.0,9.0,7.0,2.0,6.0,0.0,0.0,0.0,1520.0
scna-fp16,exp,direct,off,16,8,12,1269.0,535.0,442.0,4.0,368.0,337.0,9.0,7.0,3.0,6.0,0.0,0.0,0.0,1613.0
scna-fp16,exp,direct,off,16,8,13,1283.0,537.0,441.0,5.0,375.0,342.0,9.0,7.0,2.0,6.0,0.0,0.0,0.0,1621.0
scna-fp16,exp,direct,off,16,8,14,1269.0,537.0,440.0,5.0,364.0,339.0,9.0,7.0,2.0,6.0,0.0,0.0,0.0,1614.0
scna-fp16,exp,direct,off,16,8,15,1257.0,534.0,440.0,4.0,368.0,328.0,8.0,7.0,2.0,6.0,0.0,0.0,0.0,1549.0
scna-fp16,exp,direct,off,16,8,16,1259.0,536.0,441.0,4.0,369.0,327.0,8.0,7.0,2.0,6.0,0.0,0.0,0.0,1497.0
scna-fp16,exp,direct,off,16,8,17,1267.0,535.0,441.0,4.0,368.0,336.0,8.0,7.0,3.0,6.0,0.0,0.0,0.0,1617.0
scna-fp16,exp,direct,off,16,8,18,1262.0,533.0,441.0,4.0,364.0,338.0,8.0,7.0,2.0,6.0,0.0,0.0,0.0,1591.0
scna-fp16,exp,direct,off,16,8,19,1270.0,534.0,442.0,4.0,372.0,336.0,8.0,7.0,3.0,6.0,0.0,0.0,0.0,1590.0
scna-fp16,exp,direct,off,16,16,0,1656.0,1033.0,868.0,9.0,306.0,271.0,12.0,11.0,3.0,11.0,0.0,0.0,0.0,2016.0
scna-fp16,exp,direct,off,16,16,1,1661.0,1037.0,867.0,9.0,291.0,287.0,12.0,12.0,3.0,10.0,0.0,0.0,0.0,1917.0
scna-fp16,exp,direct,off,16,16,2,1740.0,1052.0,868.0,9.0,311.0,329.0,13.0,12.0,3.0,11.0,0.0,0.0,0.0,2030.0
scna-fp16,exp,direct,off,16,16,3,1767.0,1052.0,868.0,8.0,340.0,329.0,12.0,13.0,3.0,10.0,0.0,0.0,0.0,2138.0
scna-fp16,exp,direct,off,16,16,4,1737.0,1048.0,868.0,9.0,324.0,319.0,12.0,12.0,3.0,10.0,0.0,0.0,0.0,2025.0
scna-fp16,exp,direct,off,16,16,5,1755.0,1052.0,868.0,8.0,338.0,321.0,12.0,11.0,3.0,10.0,0.0,0.0,0.0,2131.0
scna-fp16,exp,direct,off,16,16,6,1762.0,1054.0,868.0,9.0,337.0,326.0,12.0,11.0,3.0,10.0,0.0,0.0,0.0,2140.0
scna-fp16,exp,direct,off,16,16,7,1761.0,1052.0,867.0,9.0,336.0,327.0,12.0,11.0,3.0,11.0,0.0,0.0,0.0,2135.0
scna-fp16,exp,direct,off,16,16,8,1736.0,1046.0,867.0,9.0,322.0,323.0,12.0,12.0,2.0,10.0,0.0,0.0,0.0,2007.0
scna-fp16,exp,direct,off,16,16,9,1764.0,1051.0,868.0,9.0,336.0,331.0,12.0,12.0,3.0,10.0,0.0,0.0,0.0,2045.0
scna-fp16,exp,direct,off,16,16,10,1759.0,1054.0,868.0,9.0,347.0,313.0,12.0,11.0,3.0,10.0,0.0,0.0,0.0,2025.0
scna-fp16,exp,direct,off,16,16,11,1776.0,1054.0,869.0,9.0,350.0,327.0,12.0,11.0,3.0,10.0,0.0,0.0,0.0,2159.0
scna-fp16,exp,direct,off,16,16,12,1779.0,1053.0,868.0,8.0,350.0,331.0,12.0,12.0,3.0,10.0,0.0,0.0,0.0,2100.0
scna-fp16,exp,direct,off,16,16,13,1774.0,1056.0,868.0,9.0,342.0,329.0,12.0,12.0,3.0,11.0,0.0,0.0,0.0,2135.0
scna-fp16,exp,direct,off,16,16,14,1769.0,1057.0,869.0,9.0,343.0,323.0,12.0,12.0,3.0,10.0,0.0,0.0,0.0,2131.0
scna-fp16,exp,direct,off,16,16,15,1746.0,1052.0,868.0,8.0,343.0,306.0,12.0,12.0,3.0,10.0,0.0,0.0,0.0,2113.0
scna-fp16,exp,direct,off,16,16,16,1757.0,1057.0,868.0,8.0,334.0,322.0,12.0,11.0,3.0,10.0,0.0,0.0,0.0,2021.0
scna-fp16,exp,direct,off,16,16,17,1764.0,1054.0,868.0,8.0,341.0,325.0,12.0,11.0,3.0,10.0,0.0,0.0,0.0,2109.0
scna-fp16,exp,direct,off,16,16,18,1762.0,1055.0,867.0,8.0,340.0,320.0,12.0,13.0,3.0,11.0,0.0,0.0,0.0,2132.0
scna-fp16,exp,direct,off,16,16,19,1753.0,1053.0,869.0,8.0,338.0,315.0,13.0,13.0,3.0,10.0,0.0,0.0,0.0,2033.0
scna-fp16,exp,direct,off,16,32,0,2827.0,2074.0,1724.0,16.0,347.0,318.0,24.0,23.0,3.0,22.0,0.0,0.0,0.0,3195.0
scna-fp16,exp,direct,off,16,32,1,2827.0,2078.0,1724.0,16.0,344.0,317.0,24.0,24.0,3.0,21.0,0.0,0.0,0.0,3193.0
scna-fp16,exp,direct,off,16,32,2,2889.0,2093.0,1726.0,16.0,370.0,337.0,24.0,24.0,3.0,22.0,0.0,0.0,0.0,3258.0
scna-fp16,exp,direct,off,16,32,3,2899.0,2096.0,1727.0,15.0,377.0,339.0,24.0,23.0,3.0,22.0,0.0,0.0,0.0,3245.0
scna-fp16,exp,direct,off,16,32,4,2907.0,2100.0,1728.0,16.0,384.0,335.0,24.0,24.0,3.0,21.0,0.0,0.0,0.0,3309.0
scna-fp16,exp,direct,off,16,32,5,2903.0,2098.0,1728.0,16.0,380.0,336.0,24.0,24.0,3.0,22.0,0.0,0.0,0.0,3223.0
scna-fp16,exp,direct,off,16,32,6,2911.0,2103.0,1728.0,16.0,387.0,332.0,24.0,24.0,3.0,22.0,0.0,0.0,0.0,3305.0
scna-fp16,exp,direct,off,16,32,7,2914.0,2104.0,1728.0,16.0,390.0,332.0,24.0,23.0,3.0,22.0,0.0,0.0,0.0,3306.0
scna-fp16,exp,direct,off,16,32,8,2907.0,2096.0,1727.0,16.0,388.0,335.0,24.0,23.0,3.0,22.0,0.0,0.0,0.0,3309.0
scna-fp16,exp,direct,off,16,32,9,2914.0,2105.0,1728.0,16.0,387.0,333.0,24.0,24.0,3.0,22.0,0.0,0.0,0.0,3300.0
scna-fp16,exp,direct,off,16,32,10,2912.0,2099.0,1729.0,16.0,386.0,338.0,24.0,24.0,3.0,22.0,0.0,0.0,0.0,3282.0
scna-fp16,exp,direct,off,16,32,11,2897.0,2095.0,1727.0,15.0,380.0,335.0,24.0,23.0,3.0,22.0,0.0,0.0,0.0,3253.0
scna-fp16,exp,direct,off,16,32,12,2896.0,2090.0,1727.0,16.0,383.0,335.0,24.0,23.0,3.0,22.0,0.0,0.0,0.0,3303.0
scna-fp16,exp,direct,off,16,32,13,2901.0,2098.0,1727.0,16.0,384.0,331.0,24.0,23.0,3.0,22.0,0.0,0.0,0.0,3296.0
scna-fp16,exp,direct,off,16,32,14,2895.0,2095.0,1727.0,16.0,375.0,336.0,24.0,24.0,3.0,22.0,0.0,0.0,0.0,3206.0
scna-fp16,exp,direct,off,16,32,15,2892.0,2094.0,1728.0,16.0,376.0,334.0,24.0,23.0,3.0,22.0,0.0,0.0,0.0,3179.0
scna-fp16,exp,direct,off,16,32,16,2905.0,2105.0,1728.0,15.0,373.0,339.0,24.0,24.0,3.0,22.0,0.0,0.0,0.0,3227.0
scna-fp16,exp,direct,off,16,32,17,2901.0,2097.0,1727.0,16.0,381.0,334.0,24.0,24.0,3.0,22.0,0.0,0.0,0.0,3283.0
scna-fp16,exp,direct,off,16,32,18,2899.0,2100.0,1727.0,16.0,373.0,337.0,24.0,24.0,3.0,22.0,0.0,0.0,0.0,3242.0
scna-fp16,exp,direct,off,16,32,19,2822.0,2083.0,1725.0,16.0,338.0,313.0,24.0,23.0,3.0,22.0,0.0,0.0,0.0,3133.0
scna-fp16,exp,direct,off,32,4,0,1055.0,418.0,371.0,2.0,300.0,323.0,4.0,4.0,2.0,2.0,0.0,0.0,0.0,1384.0
scna-fp16,exp,direct,off,32,4,1,1043.0,417.0,371.0,2.0,312.0,300.0,4.0,4.0,2.0,2.0,0.0,0.0,0.0,1335.0
scna-fp16,exp,direct,off,32,4,2,1057.0,420.0,372.0,2.0,322.0,301.0,4.0,4.0,2.0,2.0,0.0,0.0,0.0,1374.0
scna-fp16,exp,direct,off,32,4,3,1059.0,418.0,371.0,2.0,325.0,302.0,4.0,4.0,2.0,2.0,0.0,0.0,0.0,1372.0
scna-fp16,exp,direct,off,32,4,4,1061.0,419.0,371.0,2.0,326.0,302.0,4.0,5.0,1.0,2.0,0.0,0.0,0.0,1370.0
scna-fp16,exp,direct,off,32,4,5,1065.0,417.0,370.0,2.0,324.0,310.0,4.0,4.0,2.0,2.0,0.0,0.0,0.0,1371.0
scna-fp16,exp,direct,off,32,4,6,1066.0,419.0,370.0,2.0,325.0,307.0,4.0,5.0,2.0,2.0,0.0,0.0,0.0,1363.0
scna-fp16,exp,direct,off,32,4,7,1072.0,418.0,371.0,2.0,322.0,317.0,4.0,5.0,2.0,2.0,0.0,0.0,0.0,1359.0
scna-fp16,exp,direct,off,32,4,8,1072.0,417.0,370.0,2.0,324.0,318.0,4.0,4.0,1.0,2.0,0.0,0.0,0.0,1358.0
scna-fp16,exp,direct,off,32,4,9,1020.0,417.0,372.0,2.0,301.0,288.0,4.0,4.0,1.0,3.0,0.0,0.0,0.0,1287.0
scna-fp16,exp,direct,off,32,4,10,1038.0,418.0,372.0,2.0,311.0,293.0,4.0,6.0,2.0,2.0,0.0,0.0,0.0,1338.0
scna-fp16,exp,direct,off,32,4,11,1125.0,423.0,374.0,2.0,359.0,330.0,4.0,4.0,1.0,2.0,0.0,0.0,0.0,1482.0
scna-fp16,exp,direct,off,32,4,12,1115.0,423.0,374.0,2.0,347.0,331.0,4.0,5.0,1.0,2.0,0.0,0.0,0.0,1376.0
scna-fp16,exp,direct,off,32,4,13,1123.0,422.0,374.0,2.0,355.0,333.0,4.0,4.0,1.0,2.0,0.0,0.0,0.0,1462.0
scna-fp16,exp,direct,off,32,4,14,1107.0,421.0,374.0,2.0,344.0,328.0,4.0,4.0,2.0,2.0,0.0,0.0,0.0,1352.0
scna-fp16,exp,direct,off,32,4,15,1112.0,422.0,374.0,3.0,345.0,330.0,4.0,4.0,2.0,2.0,0.0,0.0,0.0,1379.0
scna-fp16,exp,direct,off,32,4,16,1119.0,423.0,374.0,3.0,348.0,333.0,4.0,4.0,1.0,3.0,0.0,0.0,0.0,1483.0
scna-fp16,exp,direct,off,32,4,17,1114.0,422.0,375.0,3.0,347.0,329.0,4.0,5.0,2.0,2.0,0.0,0.0,0.0,1358.0
scna-fp16,exp,direct,off,32,4,18,1108.0,421.0,373.0,3.0,340.0,332.0,4.0,4.0,2.0,2.0,0.0,0.0,0.0,1350.0
scna-fp16,exp,direct,off,32,4,19,1122.0,422.0,373.0,3.0,349.0,336.0,4.0,4.0,2.0,2.0,0.0,0.0,0.0,1466.0
scna-fp16,exp,direct,off,32,8,0,1399.0,818.0,727.0,4.0,291.0,261.0,8.0,9.0,2.0,6.0,0.0,0.0,0.0,1673.0
scna-fp16,exp,direct,off,32,8,1,1401.0,821.0,728.0,4.0,294.0,258.0,8.0,8.0,2.0,6.0,0.0,0.0,0.0,1679.0
scna-fp16,exp,direct,off,32,8,2,1398.0,818.0,728.0,4.0,291.0,260.0,8.0,9.0,2.0,6.0,0.0,0.0,0.0,1671.0
scna-fp16,exp,direct,off,32,8,3,1395.0,815.0,726.0,4.0,292.0,260.0,8.0,8.0,2.0,6.0,0.0,0.0,0.0,1722.0
scna-fp16,exp,direct,off,32,8,4,1393.0,818.0,727.0,4.0,286.0,260.0,8.0,9.0,2.0,6.0,0.0,0.0,0.0,1683.0
scna-fp16,exp,direct,off,32,8,5,1398.0,818.0,728.0,4.0,287.0,264.0,8.0,9.0,2.0,6.0,0.0,0.0,0.0,1687.0
scna-fp16,exp,direct,off,32,8,6,1401.0,816.0,726.0,4.0,295.0,262.0,8.0,8.0,2.0,6.0,0.0,0.0,0.0,1680.0
scna-fp16,exp,direct,off,32,8,7,1394.0,818.0,727.0,4.0,289.0,259.0,8.0,8.0,2.0,6.0,0.0,0.0,0.0,1702.0
scna-fp16,exp,direct,off,32,8,8,1398.0,820.0,727.0,4.0,285.0,265.0,8.0,8.0,2.0,6.0,0.0,0.0,0.0,1676.0
scna-fp16,exp,direct,off,32,8,9,1428.0,820.0,726.0,4.0,297.0,282.0,8.0,9.0,2.0,6.0,0.0,0.0,0.0,1731.0
scna-fp16,exp,direct,off,32,8,10,1429.0,819.0,727.0,4.0,291.0,291.0,8.0,8.0,2.0,6.0,0.0,0.0,0.0,1722.0
scna-fp16,exp,direct,off,32,8,11,1433.0,821.0,728.0,4.0,293.0,290.0,8.0,9.0,2.0,6.0,0.0,0.0,0.0,1749.0
scna-fp16,exp,direct,off,32,8,12,1421.0,821.0,727.0,4.0,293.0,278.0,8.0,9.0,2.0,6.0,0.0,0.0,0.0,1731.0
scna-fp16,exp,direct,off,32,8,13,1424.0,822.0,728.0,4.0,299.0,273.0,8.0,10.0,2.0,6.0,0.0,0.0,0.0,1747.0
scna-fp16,exp,direct,off,32,8,14,1424.0,819.0,727.0,4.0,288.0,287.0,8.0,10.0,2.0,6.0,0.0,0.0,0.0,1734.0
scna-fp16,exp,direct,off,32,8,15,1411.0,819.0,727.0,4.0,291.0,273.0,8.0,8.0,2.0,6.0,0.0,0.0,0.0,1780.0
scna-fp16,exp,direct,off,32,8,16,1433.0,818.0,726.0,4.0,307.0,279.0,8.0,9.0,2.0,6.0,0.0,0.0,0.0,1714.0
scna-fp16,exp,direct,off,32,8,17,1420.0,820.0,727.0,5.0,297.0,272.0,8.0,10.0,2.0,6.0,0.0,0.0,0.0,1750.0
scna-fp16,exp,direct,off,32,8,18,1417.0,820.0,727.0,5.0,293.0,274.0,8.0,9.0,2.0,6.0,0.0,0.0,0.0,1661.0
scna-fp16,exp,direct,off,32,8,19,1413.0,819.0,727.0,4.0,291.0,275.0,8.0,8.0,2.0,6.0,0.0,0.0,0.0,1665.0
scna-fp16,exp,direct,off,32,16,0,2252.0,1626.0,1440.0,8.0,305.0,274.0,12.0,14.0,3.0,10.0,0.0,0.0,0.0,2589.0
scna-fp16,exp,direct,off,32,16,1,2279.0,1627.0,1439.0,8.0,312.0,293.0,12.0,14.0,3.0,10.0,0.0,0.0,0.0,2594.0
scna-fp16,exp,direct,off,32,16,2,2246.0,1628.0,1441.0,7.0,297.0,276.0,12.0,13.0,3.0,10.0,0.0,0.0,0.0,2583.0
scna-fp16,exp,direct,off,32,16,3,2258.0,1625.0,1441.0,8.0,304.0,283.0,12.0,13.0,3.0,10.0,0.0,0.0,0.0,2515.0
scna-fp16,exp,direct,off,32,16,4,2231.0,1617.0,1441.0,8.0,290.0,276.0,12.0,14.0,3.0,11.0,0.0,0.0,0.0,2526.0
scna-fp16,exp,direct,off,32,16,5,2245.0,1626.0,1441.0,8.0,295.0,276.0,13.0,14.0,3.0,10.0,0.0,0.0,0.0,2530.0
scna-fp16,exp,direct,off,32,16,6,2253.0,1631.0,1441.0,8.0,302.0,273.0,12.0,14.0,3.0,10.0,0.0,0.0,0.0,2632.0
scna-fp16,exp,direct,off,32,16,7,2264.0,1630.0,1441.0,8.0,306.0,282.0,12.0,14.0,2.0,10.0,0.0,0.0,0.0,2634.0
scna-fp16,exp,direct,off,32,16,8,2257.0,1628.0,1440.0,8.0,302.0,280.0,12.0,14.0,2.0,11.0,0.0,0.0,0.0,2576.0
scna-fp16,exp,direct,off,32,16,9,2262.0,1631.0,1440.0,8.0,305.0,280.0,12.0,13.0,2.0,11.0,0.0,0.0,0.0,2626.0
scna-fp16,exp,direct,off,32,16,10,2265.0,1634.0,1442.0,8.0,305.0,280.0,12.0,14.0,2.0,10.0,0.0,0.0,0.0,2621.0
scna-fp16,exp,direct,off,32,16,11,2260.0,1629.0,1440.0,8.0,305.0,280.0,12.0,14.0,2.0,10.0,0.0,0.0,0.0,2625.0
scna-fp16,exp,direct,off,32,16,12,2258.0,1630.0,1441.0,8.0,305.0,277.0,12.0,14.0,2.0,10.0,0.0,0.0,0.0,2622.0
scna-fp16,exp,direct,off,32,16,13,2255.0,1629.0,1441.0,8.0,303.0,277.0,12.0,14.0,2.0,10.0,0.0,0.0,0.0,2597.0
scna-fp16,exp,direct,off,32,16,14,2257.0,1629.0,1440.0,8.0,300.0,283.0,12.0,12.0,3.0,10.0,0.0,0.0,0.0,2578.0
scna-fp16,exp,direct,off,32,16,15,2235.0,1634.0,1440.0,8.0,289.0,266.0,12.0,14.0,2.0,10.0,0.0,0.0,0.0,2514.0
scna-fp16,exp,direct,off,32,16,16,2266.0,1632.0,1440.0,8.0,309.0,279.0,12.0,13.0,2.0,11.0,0.0,0.0,0.0,2633.0
scna-fp16,exp,direct,off,32,16,17,2275.0,1633.0,1441.0,8.0,313.0,282.0,12.0,14.0,3.0,10.0,0.0,0.0,0.0,2605.0
scna-fp16,exp,direct,off,32,16,18,2276.0,1633.0,1441.0,8.0,316.0,280.0,12.0,14.0,3.0,10.0,0.0,0.0,0.0,2658.0
scna-fp16,exp,direct,off,32,16,19,2273.0,1632.0,1440.0,8.0,311.0,283.0,12.0,13.0,4.0,10.0,0.0,0.0,0.0,2597.0
scna-fp16,exp,direct,off,32,32,0,3971.0,3251.0,2869.0,17.0,326.0,303.0,24.0,25.0,3.0,22.0,0.0,0.0,0.0,4354.0
scna-fp16,exp,direct,off,32,32,1,3961.0,3247.0,2868.0,16.0,322.0,302.0,24.0,25.0,3.0,22.0,0.0,0.0,0.0,4322.0
scna-fp16,exp,direct,off,32,32,2,3968.0,3245.0,2868.0,16.0,327.0,306.0,24.0,25.0,3.0,22.0,0.0,0.0,0.0,4359.0
scna-fp16,exp,direct,off,32,32,3,3977.0,3251.0,2869.0,16.0,330.0,306.0,25.0,24.0,3.0,22.0,0.0,0.0,0.0,4325.0
scna-fp16,exp,direct,off,32,32,4,3971.0,3249.0,2868.0,16.0,323.0,309.0,24.0,25.0,3.0,22.0,0.0,0.0,0.0,4321.0
scna-fp16,exp,direct,off,32,32,5,3959.0,3246.0,2867.0,16.0,315.0,308.0,25.0,24.0,3.0,22.0,0.0,0.0,0.0,4268.0
scna-fp16,exp,direct,off,32,32,6,3964.0,3246.0,2867.0,16.0,323.0,305.0,24.0,25.0,3.0,22.0,0.0,0.0,0.0,4371.0
scna-fp16,exp,direct,off,32,32,7,3968.0,3249.0,2869.0,16.0,324.0,304.0,25.0,25.0,3.0,22.0,0.0,0.0,0.0,4353.0
scna-fp16,exp,direct,off,32,32,8,3962.0,3249.0,2869.0,16.0,324.0,299.0,24.0,25.0,3.0,22.0,0.0,0.0,0.0,4310.0
scna-fp16,exp,direct,off,32,32,9,3967.0,3249.0,2869.0,16.0,325.0,304.0,24.0,24.0,3.0,22.0,0.0,0.0,0.0,4358.0
scna-fp16,exp,direct,off,32,32,10,3968.0,3250.0,2869.0,16.0,323.0,304.0,24.0,26.0,3.0,22.0,0.0,0.0,0.0,4254.0
scna-fp16,exp,direct,off,32,32,11,3961.0,3248.0,2868.0,16.0,322.0,302.0,24.0,25.0,2.0,22.0,0.0,0.0,0.0,4364.0
scna-fp16,exp,direct,off,32,32,12,3972.0,3253.0,2870.0,16.0,324.0,305.0,24.0,25.0,3.0,22.0,0.0,0.0,0.0,4283.0
scna-fp16,exp,direct,off,32,32,13,3967.0,3252.0,2870.0,16.0,323.0,301.0,24.0,26.0,3.0,22.0,0.0,0.0,0.0,4352.0
scna-fp16,exp,direct,off,32,32,14,3967.0,3252.0,2868.0,16.0,323.0,301.0,24.0,26.0,3.0,22.0,0.0,0.0,0.0,4330.0
scna-fp16,exp,direct,off,32,32,15,3961.0,3246.0,2868.0,16.0,322.0,302.0,24.0,26.0,3.0,22.0,0.0,0.0,0.0,4251.0
scna-fp16,exp,direct,off,32,32,16,3957.0,3248.0,2870.0,16.0,319.0,301.0,24.0,24.0,3.0,22.0,0.0,0.0,0.0,4343.0
scna-fp16,exp,direct,off,32,32,17,3887.0,3222.0,2869.0,15.0,297.0,280.0,24.0,24.0,3.0,22.0,0.0,0.0,0.0,4247.0
scna-fp16,exp,direct,off,32,32,18,3936.0,3249.0,2868.0,16.0,307.0,290.0,24.0,25.0,3.0,22.0,0.0,0.0,0.0,4277.0
scna-fp16,exp,direct,off,32,32,19,3919.0,3247.0,2869.0,15.0,299.0,285.0,24.0,24.0,3.0,22.0,0.0,0.0,0.0,4319.0
scna-fp16,exp,direct,on,8,4,0,431.0,192.0,157.0,1.0,130.0,101.0,3.0,0.0,0.0,4.0,10.0,24.0,192.0,685.0
scna-fp16,exp,direct,on,8,4,1,434.0,192.0,156.0,1.0,130.0,104.0,3.0,0.0,0.0,4.0,8.0,26.0,194.0,667.0
scna-fp16,exp,direct,on,8,4,2,431.0,192.0,157.0,1.0,130.0,101.0,3.0,0.0,0.0,4.0,8.0,23.0,193.0,665.0
scna-fp16,exp,direct,on,8,4,3,431.0,192.0,156.0,1.0,130.0,101.0,3.0,0.0,0.0,4.0,10.0,24.0,192.0,678.0
scna-fp16,exp,direct,on,8,4,4,433.0,192.0,156.0,1.0,130.0,103.0,3.0,0.0,0.0,4.0,8.0,26.0,192.0,664.0
scna-fp16,exp,direct,on,8,4,5,433.0,192.0,157.0,1.0,130.0,103.0,3.0,0.0,0.0,4.0,9.0,26.0,192.0,694.0
scna-fp16,exp,direct,on,8,4,6,434.0,191.0,157.0,1.0,131.0,104.0,3.0,0.0,0.0,4.0,9.0,28.0,191.0,668.0
scna-fp16,exp,direct,on,8,4,7,433.0,191.0,156.0,1.0,130.0,104.0,3.0,0.0,0.0,4.0,9.0,25.0,193.0,672.0
scna-fp16,exp,direct,on,8,4,8,432.0,192.0,157.0,1.0,130.0,102.0,3.0,0.0,0.0,4.0,8.0,25.0,193.0,669.0
scna-fp16,exp,direct,on,8,4,9,434.0,192.0,156.0,1.0,130.0,104.0,3.0,0.0,0.0,4.0,8.0,26.0,192.0,669.0
scna-fp16,exp,direct,on,8,4,10,429.0,191.0,156.0,1.0,130.0,100.0,3.0,0.0,0.0,4.0,8.0,21.0,193.0,666.0
scna-fp16,exp,direct,on,8,4,11,431.0,192.0,157.0,1.0,130.0,101.0,3.0,0.0,0.0,4.0,8.0,22.0,194.0,672.0
scna-fp16,exp,direct,on,8,4,12,433.0,191.0,156.0,1.0,131.0,103.0,3.0,0.0,0.0,4.0,8.0,25.0,193.0,670.0
scna-fp16,exp,direct,on,8,4,13,435.0,192.0,156.0,1.0,130.0,105.0,3.0,0.0,0.0,4.0,10.0,27.0,192.0,679.0
scna-fp16,exp,direct,on,8,4,14,431.0,191.0,157.0,1.0,130.0,102.0,3.0,0.0,0.0,4.0,10.0,24.0,194.0,683.0
scna-fp16,exp,direct,on,8,4,15,430.0,191.0,157.0,1.0,130.0,101.0,3.0,0.0,0.0,4.0,8.0,23.0,192.0,688.0
scna-fp16,exp,direct,on,8,4,16,432.0,192.0,157.0,1.0,130.0,102.0,3.0,0.0,0.0,4.0,9.0,24.0,193.0,675.0
scna-fp16,exp,direct,on,8,4,17,432.0,191.0,157.0,1.0,130.0,103.0,3.0,0.0,0.0,4.0,8.0,25.0,192.0,672.0
scna-fp16,exp,direct,on,8,4,18,432.0,191.0,157.0,1.0,131.0,102.0,3.0,0.0,0.0,4.0,9.0,25.0,193.0,675.0
scna-fp16,exp,direct,on,8,4,19,433.0,191.0,156.0,1.0,130.0,104.0,3.0,0.0,0.0,4.0,9.0,26.0,192.0,670.0
scna-fp16,exp,direct,on,8,8,0,640.0,387.0,310.0,4.0,130.0,102.0,6.0,4.0,2.0,5.0,10.0,24.0,194.0,877.0
scna-fp16,exp,direct,on,8,8,1,642.0,389.0,310.0,4.0,130.0,102.0,6.0,4.0,2.0,5.0,9.0,23.0,194.0,877.0
scna-fp16,exp,direct,on,8,8,2,641.0,389.0,310.0,4.0,130.0,101.0,6.0,4.0,2.0,5.0,8.0,22.0,193.0,876.0
scna-fp16,exp,direct,on,8,8,3,640.0,387.0,310.0,4.0,130.0,101.0,6.0,4.0,2.0,6.0,9.0,21.0,193.0,884.0
scna-fp16,exp,direct,on,8,8,4,643.0,386.0,310.0,4.0,135.0,102.0,6.0,4.0,2.0,4.0,9.0,28.0,193.0,909.0
scna-fp16,exp,direct,on,8,8,5,641.0,388.0,310.0,4.0,130.0,102.0,6.0,4.0,2.0,5.0,9.0,23.0,193.0,897.0
scna-fp16,exp,direct,on,8,8,6,640.0,388.0,310.0,4.0,130.0,102.0,6.0,4.0,2.0,4.0,8.0,23.0,193.0,877.0
scna-fp16,exp,direct,on,8,8,7,639.0,389.0,310.0,4.0,130.0,100.0,6.0,4.0,2.0,4.0,8.0,21.0,193.0,891.0
scna-fp16,exp,direct,on,8,8,8,638.0,385.0,310.0,4.0,130.0,103.0,6.0,4.0,2.0,4.0,9.0,24.0,193.0,879.0
scna-fp16,exp,direct,on,8,8,9,638.0,386.0,310.0,4.0,130.0,102.0,6.0,4.0,2.0,4.0,9.0,23.0,193.0,878.0
scna-fp16,exp,direct,on,8,8,10,641.0,388.0,310.0,4.0,130.0,102.0,6.0,4.0,2.0,5.0,8.0,23.0,194.0,878.0
scna-fp16,exp,direct,on,8,8,11,640.0,386.0,310.0,4.0,131.0,102.0,6.0,4.0,2.0,5.0,8.0,24.0,193.0,884.0
scna-fp16,exp,direct,on,8,8,12,683.0,394.0,311.0,4.0,138.0,130.0,6.0,4.0,2.0,5.0,9.0,60.0,192.0,975.0
scna-fp16,exp,direct,on,8,8,13,693.0,399.0,312.0,4.0,146.0,128.0,6.0,4.0,2.0,4.0,9.0,65.0,193.0,1008.0
scna-fp16,exp,direct,on,8,8,14,692.0,399.0,312.0,4.0,145.0,127.0,7.0,4.0,2.0,4.0,9.0,63.0,193.0,932.0
scna-fp16,exp,direct,on,8,8,15,690.0,398.0,312.0,4.0,145.0,127.0,6.0,4.0,2.0,4.0,8.0,64.0,193.0,959.0
scna-fp16,exp,direct,on,8,8,16,694.0,399.0,312.0,4.0,147.0,127.0,7.0,4.0,2.0,4.0,8.0,66.0,192.0,942.0
scna-fp16,exp,direct,on,8,8,17,688.0,397.0,312.0,4.0,144.0,127.0,6.0,4.0,2.0,4.0,8.0,62.0,192.0,930.0
scna-fp16,exp,direct,on,8,8,18,689.0,397.0,312.0,4.0,144.0,127.0,7.0,4.0,2.0,4.0,9.0,63.0,193.0,937.0
scna-fp16,exp,direct,on,8,8,19,690.0,398.0,312.0,4.0,145.0,127.0,6.0,4.0,2.0,4.0,10.0,62.0,193.0,935.0
scna-fp16,exp,direct,on,8,16,0,1046.0,773.0,619.0,8.0,131.0,102.0,11.0,9.0,2.0,10.0,9.0,23.0,193.0,1315.0
scna-fp16,exp,direct,on,8,16,1,1046.0,773.0,619.0,8.0,131.0,103.0,10.0,9.0,2.0,10.0,10.0,24.0,193.0,1313.0
scna-fp16,exp,direct,on,8,16,2,1045.0,774.0,619.0,7.0,130.0,102.0,11.0,9.0,2.0,10.0,9.0,24.0,193.0,1312.0
scna-fp16,exp,direct,on,8,16,3,1057.0,780.0,619.0,8.0,131.0,106.0,11.0,9.0,2.0,10.0,9.0,27.0,193.0,1270.0
scna-fp16,exp,direct,on,8,16,4,1073.0,791.0,619.0,8.0,132.0,111.0,10.0,9.0,2.0,10.0,9.0,34.0,192.0,1281.0
scna-fp16,exp,direct,on,8,16,5,1076.0,792.0,619.0,8.0,132.0,112.0,11.0,9.0,2.0,10.0,9.0,35.0,193.0,1398.0
scna-fp16,exp,direct,on,8,16,6,1075.0,790.0,619.0,8.0,133.0,112.0,11.0,9.0,2.0,10.0,9.0,36.0,191.0,1396.0
scna-fp16,exp,direct,on,8,16,7,1060.0,778.0,620.0,8.0,133.0,110.0,10.0,9.0,2.0,10.0,10.0,33.0,193.0,1288.0
scna-fp16,exp,direct,on,8,16,8,1061.0,780.0,620.0,8.0,131.0,110.0,11.0,9.0,2.0,10.0,10.0,32.0,193.0,1280.0
scna-fp16,exp,direct,on,8,16,9,1069.0,789.0,619.0,8.0,131.0,110.0,10.0,9.0,2.0,10.0,9.0,32.0,192.0,1279.0
scna-fp16,exp,direct,on,8,16,10,1065.0,786.0,619.0,7.0,131.0,109.0,11.0,9.0,2.0,10.0,9.0,31.0,192.0,1289.0
scna-fp16,exp,direct,on,8,16,11,1065.0,785.0,619.0,8.0,131.0,110.0,10.0,9.0,2.0,10.0,9.0,33.0,194.0,1276.0
scna-fp16,exp,direct,on,8,16,12,1067.0,787.0,619.0,8.0,131.0,109.0,11.0,9.0,2.0,10.0,10.0,31.0,194.0,1279.0
scna-fp16,exp,direct,on,8,16,13,1070.0,790.0,620.0,8.0,131.0,110.0,10.0,9.0,2.0,10.0,9.0,31.0,194.0,1281.0
scna-fp16,exp,direct,on,8,16,14,1067.0,786.0,619.0,8.0,131.0,110.0,11.0,9.0,2.0,10.0,8.0,31.0,193.0,1280.0
scna-fp16,exp,direct,on,8,16,15,1127.0,797.0,621.0,8.0,148.0,143.0,10.0,9.0,2.0,10.0,10.0,81.0,192.0,1411.0
scna-fp16,exp,direct,on,8,16,16,1164.0,809.0,622.0,8.0,160.0,155.0,11.0,9.0,2.0,10.0,10.0,106.0,192.0,1439.0
scna-fp16,exp,direct,on,8,16,17,1162.0,809.0,623.0,8.0,160.0,154.0,10.0,9.0,2.0,10.0,10.0,106.0,193.0,1439.0
scna-fp16,exp,direct,on,8,16,18,1148.0,804.0,622.0,8.0,157.0,147.0,11.0,9.0,2.0,10.0,10.0,95.0,192.0,1441.0
scna-fp16,exp,direct,on,8,16,19,1128.0,794.0,623.0,8.0,154.0,140.0,10.0,9.0,3.0,10.0,9.0,85.0,192.0,1394.0
scna-fp16,exp,direct,on,8,32,0,1899.0,1569.0,1234.0,14.0,131.0,116.0,24.0,21.0,4.0,20.0,9.0,38.0,194.0,2181.0
scna-fp16,exp,direct,on,8,32,1,1904.0,1573.0,1235.0,14.0,132.0,116.0,24.0,21.0,4.0,20.0,8.0,40.0,192.0,2209.0
scna-fp16,exp,direct,on,8,32,2,1905.0,1574.0,1235.0,14.0,131.0,117.0,24.0,21.0,4.0,20.0,8.0,39.0,192.0,2205.0
scna-fp16,exp,direct,on,8,32,3,1895.0,1564.0,1235.0,14.0,132.0,116.0,24.0,21.0,4.0,20.0,9.0,39.0,193.0,2202.0
scna-fp16,exp,direct,on,8,32,4,1899.0,1572.0,1234.0,14.0,131.0,114.0,23.0,21.0,4.0,20.0,9.0,36.0,193.0,2198.0
scna-fp16,exp,direct,on,8,32,5,1901.0,1572.0,1234.0,14.0,133.0,113.0,24.0,21.0,4.0,20.0,8.0,37.0,193.0,2212.0
scna-fp16,exp,direct,on,8,32,6,1899.0,1574.0,1236.0,14.0,131.0,111.0,24.0,21.0,4.0,20.0,10.0,33.0,193.0,2260.0
scna-fp16,exp,direct,on,8,32,7,1975.0,1589.0,1237.0,14.0,154.0,150.0,24.0,20.0,4.0,20.0,8.0,95.0,193.0,2254.0
scna-fp16,exp,direct,on,8,32,8,1983.0,1597.0,1236.0,14.0,154.0,149.0,24.0,21.0,4.0,20.0,9.0,94.0,192.0,2257.0
scna-fp16,exp,direct,on,8,32,9,1979.0,1593.0,1237.0,14.0,155.0,149.0,23.0,21.0,4.0,20.0,9.0,95.0,192.0,2244.0
scna-fp16,exp,direct,on,8,32,10,1982.0,1594.0,1237.0,14.0,156.0,150.0,24.0,20.0,4.0,20.0,9.0,98.0,192.0,2260.0
scna-fp16,exp,direct,on,8,32,11,1986.0,1594.0,1237.0,14.0,155.0,156.0,23.0,20.0,4.0,20.0,10.0,103.0,192.0,2252.0
scna-fp16,exp,direct,on,8,32,12,1989.0,1593.0,1238.0,14.0,158.0,155.0,24.0,21.0,4.0,20.0,8.0,102.0,193.0,2273.0
scna-fp16,exp,direct,on,8,32,13,1981.0,1593.0,1237.0,14.0,155.0,151.0,23.0,21.0,4.0,20.0,10.0,96.0,192.0,2317.0
scna-fp16,exp,direct,on,8,32,14,1987.0,1593.0,1238.0,14.0,155.0,156.0,24.0,21.0,4.0,20.0,9.0,103.0,192.0,2251.0
scna-fp16,exp,direct,on,8,32,15,1983.0,1592.0,1236.0,14.0,154.0,154.0,24.0,21.0,4.0,20.0,9.0,98.0,192.0,2243.0
scna-fp16,exp,direct,on,8,32,16,1979.0,1596.0,1237.0,14.0,154.0,147.0,24.0,20.0,4.0,20.0,9.0,92.0,192.0,2260.0
scna-fp16,exp,direct,on,8,32,17,1987.0,1592.0,1237.0,14.0,157.0,155.0,24.0,21.0,4.0,20.0,9.0,104.0,191.0,2268.0
scna-fp16,exp,direct,on,8,32,18,1982.0,1592.0,1236.0,14.0,154.0,154.0,23.0,21.0,4.0,20.0,9.0,98.0,193.0,2244.0
scna-fp16,exp,direct,on,8,32,19,1980.0,1592.0,1237.0,14.0,154.0,152.0,24.0,20.0,4.0,20.0,10.0,97.0,192.0,2232.0
scna-fp16,exp,direct,on,16,4,0,498.0,256.0,216.0,1.0,131.0,103.0,3.0,0.0,0.0,4.0,9.0,26.0,193.0,662.0
scna-fp16,exp,direct,on,16,4,1,499.0,257.0,217.0,1.0,131.0,104.0,2.0,0.0,0.0,4.0,10.0,26.0,193.0,794.0
scna-fp16,exp,direct,on,16,4,2,502.0,258.0,216.0,1.0,131.0,105.0,3.0,0.0,0.0,4.0,9.0,27.0,193.0,675.0
scna-fp16,exp,direct,on,16,4,3,500.0,256.0,217.0,1.0,130.0,106.0,2.0,1.0,0.0,4.0,8.0,28.0,192.0,693.0
scna-fp16,exp,direct,on,16,4,4,500.0,256.0,216.0,2.0,130.0,105.0,3.0,0.0,0.0,4.0,9.0,28.0,192.0,682.0
scna-fp16,exp,direct,on,16,4,5,501.0,257.0,217.0,1.0,131.0,106.0,2.0,0.0,0.0,4.0,8.0,28.0,192.0,753.0
scna-fp16,exp,direct,on,16,4,6,502.0,258.0,216.0,1.0,131.0,105.0,3.0,0.0,0.0,4.0,8.0,26.0,193.0,685.0
scna-fp16,exp,direct,on,16,4,7,501.0,257.0,217.0,1.0,131.0,105.0,2.0,1.0,0.0,4.0,8.0,27.0,192.0,684.0
scna-fp16,exp,direct,on,16,4,8,501.0,256.0,217.0,1.0,131.0,106.0,3.0,0.0,0.0,4.0,8.0,28.0,193.0,679.0
scna-fp16,exp,direct,on,16,4,9,501.0,257.0,217.0,2.0,131.0,105.0,2.0,0.0,0.0,4.0,9.0,28.0,193.0,692.0
scna-fp16,exp,direct,on,16,4,10,501.0,257.0,216.0,2.0,131.0,104.0,3.0,0.0,0.0,4.0,9.0,27.0,192.0,698.0
scna-fp16,exp,direct,on,16,4,11,502.0,258.0,217.0,2.0,132.0,104.0,2.0,0.0,0.0,4.0,8.0,27.0,193.0,688.0
scna-fp16,exp,direct,on,16,4,12,502.0,257.0,216.0,2.0,131.0,105.0,3.0,0.0,0.0,4.0,8.0,28.0,192.0,682.0
scna-fp16,exp,direct,on,16,4,13,500.0,256.0,217.0,2.0,130.0,106.0,2.0,0.0,0.0,4.0,9.0,27.0,194.0,684.0
scna-fp16,exp,direct,on,16,4,14,503.0,256.0,217.0,2.0,131.0,106.0,3.0,1.0,0.0,4.0,8.0,27.0,192.0,689.0
scna-fp16,exp,direct,on,16,4,15,502.0,257.0,216.0,2.0,131.0,106.0,2.0,0.0,0.0,4.0,8.0,28.0,192.0,681.0
scna-fp16,exp,direct,on,16,4,16,502.0,257.0,216.0,2.0,130.0,106.0,3.0,0.0,0.0,4.0,9.0,28.0,193.0,680.0
scna-fp16,exp,direct,on,16,4,17,500.0,257.0,217.0,2.0,130.0,105.0,2.0,0.0,0.0,4.0,8.0,27.0,192.0,681.0
scna-fp16,exp,direct,on,16,4,18,505.0,256.0,216.0,2.0,134.0,106.0,3.0,0.0,0.0,4.0,9.0,31.0,194.0,751.0
scna-fp16,exp,direct,on,16,4,19,500.0,257.0,217.0,2.0,131.0,104.0,2.0,0.0,0.0,4.0,9.0,27.0,191.0,679.0
scna-fp16,exp,direct,on,16,8,0,764.0,510.0,431.0,4.0,130.0,103.0,7.0,4.0,2.0,4.0,8.0,25.0,193.0,983.0
scna-fp16,exp,direct,on,16,8,1,759.0,507.0,430.0,4.0,131.0,101.0,6.0,4.0,2.0,4.0,8.0,22.0,193.0,993.0
scna-fp16,exp,direct,on,16,8,2,762.0,509.0,430.0,4.0,131.0,101.0,7.0,4.0,2.0,4.0,9.0,23.0,193.0,988.0
scna-fp16,exp,direct,on,16,8,3,761.0,509.0,431.0,4.0,130.0,101.0,7.0,4.0,2.0,4.0,8.0,23.0,194.0,988.0
scna-fp16,exp,direct,on,16,8,4,760.0,508.0,431.0,4.0,130.0,101.0,6.0,4.0,2.0,5.0,8.0,21.0,194.0,989.0
scna-fp16,exp,direct,on,16,8,5,764.0,509.0,430.0,4.0,130.0,103.0,7.0,4.0,2.0,5.0,8.0,23.0,193.0,986.0
scna-fp16,exp,direct,on,16,8,6,761.0,508.0,430.0,4.0,130.0,101.0,7.0,4.0,2.0,5.0,8.0,24.0,192.0,958.0
scna-fp16,exp,direct,on,16,8,7,763.0,510.0,430.0,4.0,130.0,102.0,6.0,4.0,2.0,5.0,10.0,23.0,194.0,986.0
scna-fp16,exp,direct,on,16,8,8,764.0,510.0,431.0,4.0,130.0,102.0,7.0,4.0,2.0,5.0,8.0,23.0,193.0,989.0
scna-fp16,exp,direct,on,16,8,9,825.0,525.0,432.0,4.0,139.0,140.0,7.0,4.0,2.0,4.0,10.0,71.0,192.0,1116.0
scna-fp16,exp,direct,on,16,8,10,810.0,519.0,432.0,4.0,140.0,131.0,6.0,4.0,2.0,4.0,9.0,62.0,192.0,1027.0
scna-fp16,exp,direct,on,16,8,11,821.0,519.0,432.0,4.0,145.0,136.0,7.0,4.0,2.0,4.0,9.0,72.0,193.0,1020.0
scna-fp16,exp,direct,on,16,8,12,816.0,518.0,432.0,4.0,144.0,133.0,7.0,4.0,2.0,4.0,9.0,69.0,192.0,1117.0
scna-fp16,exp,direct,on,16,8,13,811.0,520.0,432.0,4.0,141.0,130.0,6.0,4.0,2.0,4.0,9.0,63.0,192.0,1035.0
scna-fp16,exp,direct,on,16,8,14,812.0,519.0,432.0,4.0,144.0,128.0,7.0,4.0,2.0,4.0,9.0,64.0,192.0,1008.0
scna-fp16,exp,direct,on,16,8,15,812.0,517.0,431.0,4.0,141.0,133.0,7.0,4.0,2.0,4.0,8.0,66.0,192.0,1003.0
scna-fp16,exp,direct,on,16,8,16,807.0,519.0,431.0,4.0,142.0,126.0,6.0,4.0,2.0,4.0,8.0,61.0,193.0,1013.0
scna-fp16,exp,direct,on,16,8,17,809.0,519.0,431.0,4.0,141.0,128.0,7.0,4.0,2.0,4.0,8.0,61.0,192.0,1018.0
scna-fp16,exp,direct,on,16,8,18,807.0,523.0,431.0,4.0,137.0,126.0,7.0,4.0,2.0,4.0,9.0,54.0,193.0,1004.0
scna-fp16,exp,direct,on,16,8,19,806.0,519.0,431.0,4.0,136.0,131.0,6.0,4.0,2.0,4.0,9.0,58.0,193.0,1013.0
scna-fp16,exp,direct,on,16,16,0,1284.0,1011.0,861.0,8.0,131.0,101.0,11.0,10.0,2.0,10.0,9.0,23.0,193.0,1522.0
scna-fp16,exp,direct,on,16,16,1,1283.0,1010.0,861.0,8.0,131.0,101.0,11.0,10.0,2.0,10.0,9.0,21.0,193.0,1526.0
scna-fp16,exp,direct,on,16,16,2,1279.0,1008.0,861.0,7.0,131.0,100.0,11.0,10.0,2.0,10.0,10.0,21.0,193.0,1523.0
scna-fp16,exp,direct,on,16,16,3,1282.0,1011.0,861.0,8.0,131.0,99.0,11.0,10.0,2.0,10.0,8.0,21.0,193.0,1530.0
scna-fp16,exp,direct,on,16,16,4,1282.0,1011.0,861.0,8.0,131.0,100.0,11.0,9.0,2.0,10.0,9.0,20.0,193.0,1527.0
scna-fp16,exp,direct,on,16,16,5,1280.0,1010.0,861.0,7.0,131.0,100.0,11.0,9.0,2.0,10.0,9.0,21.0,193.0,1522.0
scna-fp16,exp,direct,on,16,16,6,1304.0,1024.0,861.0,7.0,134.0,106.0,11.0,10.0,2.0,10.0,9.0,31.0,193.0,1558.0
scna-fp16,exp,direct,on,16,16,7,1309.0,1026.0,861.0,7.0,134.0,108.0,11.0,10.0,3.0,10.0,9.0,31.0,193.0,1618.0
scna-fp16,exp,direct,on,16,16,8,1308.0,1027.0,861.0,7.0,134.0,108.0,11.0,9.0,2.0,10.0,10.0,32.0,192.0,1614.0
scna-fp16,exp,direct,on,16,16,9,1309.0,1027.0,861.0,7.0,134.0,108.0,11.0,10.0,2.0,10.0,9.0,33.0,192.0,1625.0
scna-fp16,exp,direct,on,16,16,10,1308.0,1028.0,861.0,8.0,135.0,105.0,11.0,9.0,2.0,10.0,9.0,29.0,192.0,1530.0
scna-fp16,exp,direct,on,16,16,11,1304.0,1027.0,861.0,7.0,134.0,104.0,11.0,9.0,2.0,10.0,9.0,28.0,192.0,1602.0
scna-fp16,exp,direct,on,16,16,12,1309.0,1027.0,860.0,8.0,134.0,107.0,11.0,10.0,2.0,10.0,10.0,32.0,192.0,1596.0
scna-fp16,exp,direct,on,16,16,13,1307.0,1025.0,860.0,8.0,134.0,108.0,11.0,9.0,2.0,10.0,9.0,32.0,194.0,1611.0
scna-fp16,exp,direct,on,16,16,14,1309.0,1027.0,861.0,7.0,135.0,107.0,11.0,9.0,3.0,10.0,9.0,34.0,193.0,1597.0
scna-fp16,exp,direct,on,16,16,15,1306.0,1028.0,861.0,8.0,134.0,104.0,11.0,9.0,2.0,10.0,9.0,29.0,193.0,1541.0
scna-fp16,exp,direct,on,16,16,16,1310.0,1027.0,861.0,8.0,135.0,106.0,11.0,10.0,3.0,10.0,9.0,33.0,191.0,1632.0
scna-fp16,exp,direct,on,16,16,17,1311.0,1029.0,860.0,8.0,135.0,107.0,11.0,9.0,2.0,10.0,10.0,33.0,192.0,1584.0
scna-fp16,exp,direct,on,16,16,18,1308.0,1030.0,862.0,7.0,135.0,104.0,11.0,9.0,2.0,10.0,10.0,30.0,192.0,1564.0
scna-fp16,exp,direct,on,16,16,19,1307.0,1027.0,861.0,7.0,134.0,106.0,10.0,10.0,3.0,10.0,10.0,31.0,192.0,1631.0
scna-fp16,exp,direct,on,16,32,0,2387.0,2060.0,1716.0,14.0,131.0,114.0,23.0,21.0,4.0,20.0,8.0,36.0,193.0,2678.0
scna-fp16,exp,direct,on,16,32,1,2391.0,2062.0,1716.0,14.0,132.0,114.0,24.0,21.0,4.0,20.0,9.0,37.0,192.0,2732.0
scna-fp16,exp,direct,on,16,32,2,2470.0,2077.0,1720.0,14.0,162.0,148.0,24.0,21.0,4.0,20.0,9.0,101.0,192.0,2825.0
scna-fp16,exp,direct,on,16,32,3,2481.0,2080.0,1719.0,14.0,163.0,155.0,24.0,21.0,4.0,20.0,9.0,110.0,192.0,2809.0
scna-fp16,exp,direct,on,16,32,4,2469.0,2076.0,1719.0,14.0,161.0,150.0,23.0,21.0,4.0,20.0,8.0,102.0,192.0,2818.0
scna-fp16,exp,direct,on,16,32,5,2472.0,2075.0,1719.0,14.0,163.0,151.0,24.0,21.0,4.0,20.0,9.0,106.0,192.0,2790.0
scna-fp16,exp,direct,on,16,32,6,2472.0,2079.0,1718.0,14.0,162.0,148.0,24.0,21.0,4.0,20.0,10.0,101.0,192.0,2801.0
scna-fp16,exp,direct,on,16,32,7,2472.0,2076.0,1718.0,14.0,158.0,155.0,24.0,21.0,4.0,20.0,10.0,105.0,192.0,2745.0
scna-fp16,exp,direct,on,16,32,8,2468.0,2075.0,1719.0,14.0,162.0,148.0,24.0,21.0,4.0,20.0,9.0,100.0,193.0,2805.0
scna-fp16,exp,direct,on,16,32,9,2453.0,2070.0,1719.0,14.0,158.0,142.0,24.0,21.0,4.0,20.0,10.0,91.0,192.0,2774.0
scna-fp16,exp,direct,on,16,32,10,2459.0,2074.0,1719.0,14.0,157.0,145.0,24.0,21.0,4.0,20.0,10.0,94.0,192.0,2777.0
scna-fp16,exp,direct,on,16,32,11,2429.0,2057.0,1719.0,14.0,150.0,139.0,24.0,21.0,4.0,20.0,8.0,80.0,192.0,2684.0
scna-fp16,exp,direct,on,16,32,12,2451.0,2068.0,1718.0,14.0,154.0,146.0,24.0,21.0,4.0,20.0,8.0,90.0,193.0,2702.0
scna-fp16,exp,direct,on,16,32,13,2442.0,2067.0,1718.0,14.0,154.0,139.0,23.0,21.0,4.0,20.0,9.0,84.0,192.0,2777.0
scna-fp16,exp,direct,on,16,32,14,2441.0,2062.0,1719.0,14.0,152.0,144.0,24.0,21.0,4.0,20.0,9.0,87.0,192.0,2749.0
scna-fp16,exp,direct,on,16,32,15,2445.0,2071.0,1719.0,14.0,154.0,138.0,23.0,21.0,4.0,20.0,9.0,81.0,193.0,2795.0
scna-fp16,exp,direct,on,16,32,16,2442.0,2065.0,1719.0,14.0,155.0,140.0,23.0,21.0,4.0,20.0,9.0,86.0,193.0,2772.0
scna-fp16,exp,direct,on,16,32,17,2445.0,2072.0,1718.0,14.0,153.0,137.0,24.0,21.0,4.0,20.0,10.0,80.0,192.0,2779.0
scna-fp16,exp,direct,on,16,32,18,2436.0,2065.0,1718.0,14.0,152.0,137.0,23.0,21.0,4.0,20.0,10.0,80.0,192.0,2668.0
scna-fp16,exp,direct,on,16,32,19,2433.0,2063.0,1719.0,14.0,147.0,140.0,24.0,21.0,4.0,20.0,9.0,78.0,192.0,2696.0
scna-fp16,exp,direct,on,32,4,0,640.0,399.0,359.0,1.0,131.0,102.0,3.0,0.0,0.0,4.0,8.0,23.0,193.0,882.0
scna-fp16,exp,direct,on,32,4,1,638.0,398.0,359.0,1.0,130.0,102.0,3.0,0.0,0.0,4.0,8.0,24.0,193.0,875.0
scna-fp16,exp,direct,on,32,4,2,640.0,398.0,359.0,1.0,130.0,104.0,3.0,0.0,0.0,4.0,10.0,25.0,193.0,877.0
scna-fp16,exp,direct,on,32,4,3,636.0,398.0,360.0,1.0,130.0,101.0,3.0,0.0,0.0,3.0,8.0,23.0,192.0,929.0
scna-fp16,exp,direct,on,32,4,4,645.0,400.0,360.0,2.0,132.0,104.0,3.0,0.0,0.0,4.0,8.0,28.0,194.0,887.0
scna-fp16,exp,direct,on,32,4,5,639.0,399.0,359.0,1.0,130.0,102.0,3.0,0.0,0.0,4.0,9.0,23.0,193.0,899.0
scna-fp16,exp,direct,on,32,4,6,642.0,399.0,359.0,1.0,131.0,105.0,2.0,0.0,0.0,4.0,9.0,27.0,192.0,892.0
scna-fp16,exp,direct,on,32,4,7,641.0,399.0,359.0,1.0,130.0,104.0,3.0,0.0,0.0,4.0,9.0,26.0,192.0,910.0
scna-fp16,exp,direct,on,32,4,8,643.0,399.0,359.0,1.0,130.0,107.0,2.0,0.0,0.0,4.0,9.0,29.0,193.0,876.0
scna-fp16,exp,direct,on,32,4,9,644.0,400.0,359.0,1.0,131.0,105.0,3.0,0.0,0.0,4.0,9.0,27.0,193.0,836.0
scna-fp16,exp,direct,on,32,4,10,649.0,401.0,359.0,2.0,130.0,110.0,2.0,0.0,0.0,4.0,8.0,32.0,192.0,931.0
scna-fp16,exp,direct,on,32,4,11,649.0,401.0,359.0,2.0,130.0,109.0,3.0,0.0,0.0,4.0,9.0,31.0,193.0,821.0
scna-fp16,exp,direct,on,32,4,12,648.0,402.0,359.0,2.0,130.0,108.0,2.0,0.0,0.0,4.0,9.0,30.0,192.0,818.0
scna-fp16,exp,direct,on,32,4,13,647.0,402.0,359.0,1.0,131.0,106.0,3.0,0.0,0.0,4.0,9.0,28.0,193.0,818.0
scna-fp16,exp,direct,on,32,4,14,649.0,401.0,360.0,2.0,131.0,109.0,2.0,0.0,0.0,4.0,8.0,31.0,192.0,932.0
scna-fp16,exp,direct,on,32,4,15,649.0,403.0,359.0,1.0,131.0,107.0,3.0,0.0,0.0,4.0,9.0,30.0,193.0,818.0
scna-fp16,exp,direct,on,32,4,16,643.0,399.0,359.0,2.0,131.0,105.0,2.0,0.0,0.0,4.0,9.0,27.0,192.0,814.0
scna-fp16,exp,direct,on,32,4,17,649.0,401.0,359.0,2.0,131.0,108.0,3.0,0.0,0.0,4.0,8.0,31.0,192.0,816.0
scna-fp16,exp,direct,on,32,4,18,648.0,401.0,360.0,2.0,131.0,108.0,2.0,0.0,0.0,4.0,8.0,31.0,192.0,816.0
scna-fp16,exp,direct,on,32,4,19,647.0,402.0,359.0,2.0,131.0,105.0,3.0,0.0,0.0,4.0,9.0,29.0,192.0,815.0
scna-fp16,exp,direct,on,32,8,0,1075.0,801.0,717.0,4.0,136.0,117.0,7.0,4.0,2.0,4.0,9.0,44.0,194.0,1269.0
scna-fp16,exp,direct,on,32,8,1,1075.0,799.0,717.0,4.0,136.0,118.0,7.0,4.0,2.0,5.0,8.0,43.0,193.0,1354.0
scna-fp16,exp,direct,on,32,8,2,1076.0,802.0,717.0,4.0,136.0,116.0,7.0,4.0,2.0,5.0,9.0,43.0,192.0,1310.0
scna-fp16,exp,direct,on,32,8,3,1086.0,808.0,717.0,4.0,138.0,118.0,7.0,4.0,2.0,5.0,8.0,46.0,192.0,1377.0
scna-fp16,exp,direct,on,32,8,4,1075.0,800.0,717.0,4.0,136.0,117.0,7.0,4.0,2.0,5.0,9.0,44.0,192.0,1363.0
scna-fp16,exp,direct,on,32,8,5,1074.0,803.0,716.0,4.0,133.0,116.0,7.0,4.0,2.0,5.0,8.0,40.0,193.0,1353.0
scna-fp16,exp,direct,on,32,8,6,1074.0,803.0,716.0,4.0,133.0,116.0,7.0,4.0,2.0,5.0,8.0,41.0,192.0,1377.0
scna-fp16,exp,direct,on,32,8,7,1069.0,803.0,716.0,4.0,133.0,112.0,7.0,4.0,2.0,4.0,8.0,37.0,192.0,1318.0
scna-fp16,exp,direct,on,32,8,8,1072.0,800.0,716.0,4.0,133.0,117.0,7.0,4.0,2.0,5.0,9.0,40.0,192.0,1320.0
scna-fp16,exp,direct,on,32,8,9,1074.0,803.0,716.0,4.0,135.0,114.0,7.0,4.0,2.0,5.0,10.0,40.0,193.0,1373.0
scna-fp16,exp,direct,on,32,8,10,1074.0,802.0,716.0,4.0,133.0,117.0,7.0,4.0,2.0,5.0,9.0,41.0,192.0,1364.0
scna-fp16,exp,direct,on,32,8,11,1066.0,800.0,716.0,4.0,133.0,111.0,7.0,4.0,2.0,5.0,8.0,36.0,192.0,1353.0
scna-fp16,exp,direct,on,32,8,12,1075.0,801.0,716.0,4.0,135.0,118.0,7.0,4.0,2.0,4.0,10.0,44.0,193.0,1328.0
scna-fp16,exp,direct,on,32,8,13,1096.0,802.0,715.0,4.0,143.0,129.0,7.0,4.0,2.0,5.0,9.0,62.0,193.0,1355.0
scna-fp16,exp,direct,on,32,8,14,1086.0,802.0,717.0,4.0,141.0,122.0,7.0,4.0,2.0,4.0,8.0,54.0,193.0,1333.0
scna-fp16,exp,direct,on,32,8,15,1090.0,801.0,717.0,4.0,140.0,127.0,7.0,4.0,2.0,5.0,10.0,58.0,193.0,1360.0
scna-fp16,exp,direct,on,32,8,16,1071.0,799.0,716.0,3.0,139.0,112.0,7.0,4.0,2.0,5.0,9.0,42.0,193.0,1384.0
scna-fp16,exp,direct,on,32,8,17,1058.0,798.0,717.0,4.0,133.0,105.0,7.0,4.0,2.0,5.0,9.0,29.0,192.0,1268.0
scna-fp16,exp,direct,on,32,8,18,1062.0,797.0,717.0,4.0,132.0,111.0,7.0,4.0,2.0,5.0,10.0,35.0,194.0,1328.0
scna-fp16,exp,direct,on,32,8,19,1056.0,796.0,715.0,4.0,132.0,106.0,7.0,4.0,2.0,5.0,10.0,30.0,192.0,1250.0
scna-fp16,exp,direct,on,32,16,0,1866.0,1589.0,1431.0,8.0,131.0,104.0,11.0,10.0,3.0,10.0,9.0,25.0,193.0,2097.0
scna-fp16,exp,direct,on,32,16,1,1911.0,1601.0,1433.0,8.0,133.0,136.0,10.0,10.0,3.0,10.0,9.0,58.0,194.0,2208.0
scna-fp16,exp,direct,on,32,16,2,1986.0,1616.0,1433.0,7.0,163.0,166.0,11.0,10.0,3.0,10.0,10.0,118.0,192.0,2294.0
scna-fp16,exp,direct,on,32,16,3,1995.0,1616.0,1433.0,8.0,169.0,169.0,10.0,11.0,2.0,10.0,9.0,129.0,192.0,2264.0
scna-fp16,exp,direct,on,32,16,4,1996.0,1618.0,1433.0,8.0,168.0,169.0,11.0,10.0,2.0,10.0,9.0,129.0,192.0,2264.0
scna-fp16,exp,direct,on,32,16,5,1981.0,1617.0,1434.0,7.0,166.0,158.0,10.0,10.0,3.0,10.0,10.0,114.0,192.0,2301.0
scna-fp16,exp,direct,on,32,16,6,1978.0,1614.0,1432.0,8.0,162.0,160.0,11.0,11.0,2.0,10.0,10.0,113.0,192.0,2239.0
scna-fp16,exp,direct,on,32,16,7,1955.0,1610.0,1433.0,8.0,158.0,147.0,10.0,10.0,2.0,10.0,10.0,96.0,192.0,2173.0
scna-fp16,exp,direct,on,32,16,8,1975.0,1616.0,1434.0,8.0,164.0,154.0,11.0,9.0,3.0,10.0,9.0,108.0,192.0,2268.0
scna-fp16,exp,direct,on,32,16,9,1966.0,1614.0,1432.0,8.0,161.0,150.0,10.0,11.0,2.0,10.0,10.0,102.0,192.0,2281.0
scna-fp16,exp,direct,on,32,16,10,1960.0,1614.0,1433.0,8.0,156.0,148.0,11.0,10.0,3.0,10.0,9.0,96.0,193.0,2271.0
scna-fp16,exp,direct,on,32,16,11,1961.0,1611.0,1433.0,8.0,160.0,149.0,10.0,11.0,2.0,10.0,10.0,98.0,192.0,2170.0
scna-fp16,exp,direct,on,32,16,12,1974.0,1615.0,1433.0,8.0,159.0,158.0,11.0,11.0,2.0,10.0,9.0,108.0,192.0,2239.0
scna-fp16,exp,direct,on,32,16,13,1971.0,1615.0,1433.0,8.0,162.0,153.0,10.0,10.0,3.0,10.0,9.0,105.0,192.0,2300.0
scna-fp16,exp,direct,on,32,16,14,1978.0,1615.0,1433.0,8.0,162.0,158.0,11.0,11.0,3.0,10.0,9.0,111.0,192.0,2323.0
scna-fp16,exp,direct,on,32,16,15,1961.0,1614.0,1433.0,7.0,155.0,151.0,10.0,11.0,3.0,10.0,8.0,98.0,193.0,2272.0
scna-fp16,exp,direct,on,32,16,16,1969.0,1610.0,1433.0,8.0,159.0,157.0,11.0,11.0,3.0,10.0,9.0,107.0,192.0,2257.0
scna-fp16,exp,direct,on,32,16,17,1966.0,1611.0,1432.0,8.0,159.0,155.0,10.0,10.0,3.0,10.0,10.0,104.0,192.0,2252.0
scna-fp16,exp,direct,on,32,16,18,1955.0,1612.0,1432.0,8.0,157.0,144.0,11.0,10.0,3.0,10.0,9.0,91.0,192.0,2292.0
scna-fp16,exp,direct,on,32,16,19,1969.0,1613.0,1432.0,8.0,160.0,154.0,11.0,11.0,2.0,10.0,10.0,104.0,192.0,2267.0
scna-fp16,exp,direct,on,32,32,0,3501.0,3189.0,2859.0,14.0,131.0,97.0,24.0,22.0,4.0,20.0,9.0,18.0,193.0,3851.0
scna-fp16,exp,direct,on,32,32,1,3492.0,3180.0,2860.0,14.0,131.0,98.0,23.0,22.0,4.0,20.0,10.0,18.0,193.0,3790.0
scna-fp16,exp,direct,on,32,32,2,3490.0,3176.0,2858.0,14.0,132.0,97.0,24.0,23.0,4.0,20.0,10.0,18.0,194.0,3792.0
scna-fp16,exp,direct,on,32,32,3,3486.0,3172.0,2859.0,14.0,132.0,97.0,24.0,23.0,4.0,20.0,9.0,18.0,194.0,3792.0
scna-fp16,exp,direct,on,32,32,4,3484.0,3170.0,2858.0,14.0,131.0,98.0,24.0,24.0,3.0,20.0,10.0,19.0,194.0,3800.0
scna-fp16,exp,direct,on,32,32,5,3491.0,3177.0,2859.0,14.0,132.0,97.0,24.0,23.0,4.0,20.0,10.0,17.0,194.0,3748.0
scna-fp16,exp,direct,on,32,32,6,3486.0,3174.0,2858.0,14.0,132.0,97.0,23.0,23.0,3.0,20.0,9.0,18.0,193.0,3793.0
scna-fp16,exp,direct,on,32,32,7,3486.0,3174.0,2858.0,14.0,132.0,97.0,23.0,23.0,3.0,20.0,10.0,18.0,192.0,3775.0
scna-fp16,exp,direct,on,32,32,8,3485.0,3173.0,2858.0,14.0,132.0,97.0,23.0,23.0,3.0,20.0,10.0,18.0,194.0,3823.0
scna-fp16,exp,direct,on,32,32,9,3484.0,3172.0,2857.0,14.0,132.0,97.0,23.0,23.0,3.0,20.0,10.0,18.0,193.0,3751.0
scna-fp16,exp,direct,on,32,32,10,3484.0,3172.0,2858.0,14.0,131.0,97.0,24.0,23.0,3.0,20.0,9.0,20.0,193.0,3812.0
scna-fp16,exp,direct,on,32,32,11,3482.0,3171.0,2859.0,14.0,131.0,96.0,23.0,23.0,3.0,21.0,10.0,18.0,194.0,3834.0
scna-fp16,exp,direct,on,32,32,12,3487.0,3173.0,2858.0,14.0,131.0,98.0,24.0,23.0,4.0,20.0,8.0,18.0,193.0,3828.0
scna-fp16,exp,direct,on,32,32,13,3489.0,3175.0,2858.0,14.0,132.0,98.0,24.0,22.0,4.0,20.0,10.0,20.0,193.0,3775.0
scna-fp16,exp,direct,on,32,32,14,3486.0,3172.0,2858.0,14.0,132.0,97.0,23.0,23.0,4.0,21.0,10.0,19.0,193.0,3765.0
scna-fp16,exp,direct,on,32,32,15,3488.0,3174.0,2858.0,14.0,132.0,97.0,24.0,23.0,3.0,21.0,10.0,19.0,193.0,3808.0
scna-fp16,exp,direct,on,32,32,16,3488.0,3173.0,2858.0,14.0,133.0,99.0,23.0,23.0,3.0,20.0,9.0,20.0,193.0,3779.0
scna-fp16,exp,direct,on,32,32,17,3488.0,3172.0,2858.0,14.0,132.0,99.0,24.0,23.0,3.0,21.0,10.0,19.0,192.0,3745.0
scna-fp16,exp,direct,on,32,32,18,3481.0,3169.0,2857.0,14.0,131.0,97.0,24.0,23.0,3.0,20.0,10.0,19.0,193.0,3850.0
scna-fp16,exp,direct,on,32,32,19,3480.0,3169.0,2858.0,14.0,131.0,97.0,23.0,23.0,3.0,20.0,10.0,18.0,192.0,3779.0
scna-fp16,exp,tree,off,8,4,0,773.0,185.0,144.0,2.0,294.0,280.0,5.0,2.0,2.0,3.0,0.0,0.0,0.0,1107.0
scna-fp16,exp,tree,off,8,4,1,765.0,189.0,144.0,2.0,306.0,258.0,4.0,2.0,2.0,2.0,0.0,0.0,0.0,1005.0
scna-fp16,exp,tree,off,8,4,2,774.0,189.0,144.0,2.0,290.0,283.0,4.0,2.0,2.0,2.0,0.0,0.0,0.0,1003.0
scna-fp16,exp,tree,off,8,4,3,778.0,190.0,144.0,2.0,299.0,277.0,4.0,2.0,2.0,2.0,0.0,0.0,0.0,1117.0
scna-fp16,exp,tree,off,8,4,4,774.0,190.0,144.0,2.0,301.0,270.0,4.0,2.0,2.0,3.0,0.0,0.0,0.0,1114.0
scna-fp16,exp,tree,off,8,4,5,759.0,187.0,144.0,2.0,293.0,267.0,4.0,2.0,2.0,2.0,0.0,0.0,0.0,1090.0
scna-fp16,exp,tree,off,8,4,6,769.0,189.0,144.0,2.0,288.0,279.0,4.0,2.0,2.0,3.0,0.0,0.0,0.0,1103.0
scna-fp16,exp,tree,off,8,4,7,779.0,188.0,145.0,2.0,302.0,276.0,4.0,2.0,2.0,3.0,0.0,0.0,0.0,1094.0
scna-fp16,exp,tree,off,8,4,8,772.0,187.0,144.0,2.0,285.0,285.0,5.0,2.0,2.0,4.0,0.0,0.0,0.0,1116.0
scna-fp16,exp,tree,off,8,4,9,900.0,208.0,152.0,2.0,351.0,328.0,5.0,2.0,2.0,2.0,0.0,0.0,0.0,1206.0
scna-fp16,exp,tree,off,8,4,10,898.0,205.0,152.0,2.0,362.0,319.0,4.0,2.0,2.0,2.0,0.0,0.0,0.0,1225.0
scna-fp16,exp,tree,off,8,4,11,896.0,207.0,152.0,2.0,345.0,331.0,4.0,2.0,2.0,3.0,0.0,0.0,0.0,1220.0
scna-fp16,exp,tree,off,8,4,12,899.0,207.0,152.0,2.0,347.0,331.0,5.0,2.0,2.0,3.0,0.0,0.0,0.0,1215.0
scna-fp16,exp,tree,off,8,4,13,894.0,208.0,152.0,2.0,346.0,326.0,4.0,2.0,2.0,4.0,0.0,0.0,0.0,1175.0
scna-fp16,exp,tree,off,8,4,14,895.0,205.0,152.0,2.0,354.0,323.0,4.0,2.0,2.0,3.0,0.0,0.0,0.0,1168.0
scna-fp16,exp,tree,off,8,4,15,897.0,205.0,151.0,2.0,358.0,321.0,4.0,2.0,2.0,3.0,0.0,0.0,0.0,1176.0
scna-fp16,exp,tree,off,8,4,16,890.0,207.0,152.0,2.0,345.0,326.0,5.0,2.0,1.0,2.0,0.0,0.0,0.0,1197.0
scna-fp16,exp,tree,off,8,4,17,901.0,205.0,152.0,2.0,348.0,333.0,4.0,3.0,2.0,4.0,0.0,0.0,0.0,1212.0
scna-fp16,exp,tree,off,8,4,18,893.0,205.0,151.0,2.0,348.0,328.0,4.0,2.0,2.0,2.0,0.0,0.0,0.0,1198.0
scna-fp16,exp,tree,off,8,4,19,895.0,205.0,151.0,2.0,343.0,335.0,5.0,2.0,1.0,2.0,0.0,0.0,0.0,1200.0
scna-fp16,exp,tree,off,8,8,0,1122.0,385.0,288.0,4.0,376.0,335.0,8.0,6.0,2.0,6.0,0.0,0.0,0.0,1478.0
scna-fp16,exp,tree,off,8,8,1,1117.0,385.0,287.0,4.0,381.0,325.0,8.0,6.0,2.0,6.0,0.0,0.0,0.0,1475.0
scna-fp16,exp,tree,off,8,8,2,1114.0,386.0,288.0,4.0,376.0,325.0,8.0,6.0,3.0,6.0,0.0,0.0,0.0,1348.0
scna-fp16,exp,tree,off,8,8,3,1127.0,386.0,288.0,4.0,385.0,330.0,8.0,6.0,2.0,6.0,0.0,0.0,0.0,1371.0
scna-fp16,exp,tree,off,8,8,4,1133.0,388.0,287.0,4.0,384.0,335.0,8.0,6.0,2.0,6.0,0.0,0.0,0.0,1479.0
scna-fp16,exp,tree,off,8,8,5,1110.0,385.0,288.0,4.0,373.0,326.0,8.0,6.0,2.0,6.0,0.0,0.0,0.0,1404.0
scna-fp16,exp,tree,off,8,8,6,1110.0,382.0,287.0,4.0,376.0,325.0,8.0,6.0,3.0,6.0,0.0,0.0,0.0,1472.0
scna-fp16,exp,tree,off,8,8,7,1125.0,382.0,288.0,4.0,384.0,333.0,8.0,6.0,2.0,6.0,0.0,0.0,0.0,1468.0
scna-fp16,exp,tree,off,8,8,8,1094.0,384.0,286.0,4.0,368.0,315.0,8.0,6.0,3.0,6.0,0.0,0.0,0.0,1364.0
scna-fp16,exp,tree,off,8,8,9,1106.0,384.0,286.0,4.0,370.0,325.0,8.0,6.0,3.0,6.0,0.0,0.0,0.0,1457.0
scna-fp16,exp,tree,off,8,8,10,1108.0,384.0,286.0,4.0,370.0,328.0,8.0,6.0,2.0,6.0,0.0,0.0,0.0,1460.0
scna-fp16,exp,tree,off,8,8,11,1120.0,383.0,287.0,4.0,382.0,329.0,8.0,6.0,2.0,6.0,0.0,0.0,0.0,1483.0
scna-fp16,exp,tree,off,8,8,12,1102.0,385.0,288.0,4.0,368.0,323.0,8.0,6.0,2.0,6.0,0.0,0.0,0.0,1397.0
scna-fp16,exp,tree,off,8,8,13,1098.0,384.0,286.0,4.0,368.0,319.0,8.0,6.0,3.0,6.0,0.0,0.0,0.0,1356.0
scna-fp16,exp,tree,off,8,8,14,1087.0,380.0,287.0,4.0,368.0,313.0,8.0,6.0,2.0,6.0,0.0,0.0,0.0,1332.0
scna-fp16,exp,tree,off,8,8,15,1114.0,384.0,286.0,4.0,374.0,329.0,8.0,6.0,3.0,6.0,0.0,0.0,0.0,1445.0
scna-fp16,exp,tree,off,8,8,16,1096.0,382.0,287.0,4.0,367.0,320.0,8.0,6.0,3.0,6.0,0.0,0.0,0.0,1353.0
scna-fp16,exp,tree,off,8,8,17,1083.0,379.0,287.0,4.0,365.0,312.0,8.0,7.0,2.0,6.0,0.0,0.0,0.0,1425.0
scna-fp16,exp,tree,off,8,8,18,1090.0,378.0,286.0,4.0,363.0,323.0,8.0,5.0,3.0,6.0,0.0,0.0,0.0,1502.0
scna-fp16,exp,tree,off,8,8,19,1083.0,382.0,286.0,4.0,360.0,314.0,8.0,6.0,3.0,6.0,0.0,0.0,0.0,1362.0
scna-fp16,exp,tree,off,8,16,0,1399.0,722.0,545.0,8.0,330.0,303.0,12.0,10.0,2.0,12.0,0.0,0.0,0.0,1677.0
scna-fp16,exp,tree,off,8,16,1,1431.0,721.0,545.0,8.0,342.0,324.0,12.0,11.0,3.0,10.0,0.0,0.0,0.0,1768.0
scna-fp16,exp,tree,off,8,16,2,1410.0,725.0,545.0,8.0,345.0,297.0,12.0,11.0,2.0,10.0,0.0,0.0,0.0,1775.0
scna-fp16,exp,tree,off,8,16,3,1420.0,718.0,544.0,8.0,341.0,318.0,12.0,10.0,2.0,11.0,0.0,0.0,0.0,1786.0
scna-fp16,exp,tree,off,8,16,4,1413.0,725.0,545.0,8.0,332.0,312.0,12.0,10.0,2.0,12.0,0.0,0.0,0.0,1669.0
scna-fp16,exp,tree,off,8,16,5,1415.0,726.0,544.0,8.0,338.0,306.0,12.0,11.0,3.0,11.0,0.0,0.0,0.0,1777.0
scna-fp16,exp,tree,off,8,16,6,1427.0,723.0,544.0,8.0,341.0,319.0,12.0,11.0,2.0,11.0,0.0,0.0,0.0,1680.0
scna-fp16,exp,tree,off,8,16,7,1412.0,721.0,545.0,8.0,338.0,310.0,12.0,10.0,3.0,10.0,0.0,0.0,0.0,1665.0
scna-fp16,exp,tree,off,8,16,8,1427.0,728.0,546.0,8.0,338.0,317.0,12.0,10.0,2.0,12.0,0.0,0.0,0.0,1683.0
scna-fp16,exp,tree,off,8,16,9,1452.0,735.0,548.0,7.0,359.0,315.0,12.0,10.0,3.0,11.0,0.0,0.0,0.0,1706.0
scna-fp16,exp,tree,off,8,16,10,1451.0,731.0,547.0,8.0,359.0,317.0,12.0,11.0,2.0,11.0,0.0,0.0,0.0,1739.0
scna-fp16,exp,tree,off,8,16,11,1441.0,730.0,547.0,8.0,353.0,315.0,12.0,10.0,3.0,10.0,0.0,0.0,0.0,1717.0
scna-fp16,exp,tree,off,8,16,12,1445.0,729.0,546.0,8.0,345.0,327.0,12.0,10.0,3.0,11.0,0.0,0.0,0.0,1723.0
scna-fp16,exp,tree,off,8,16,13,1441.0,730.0,548.0,8.0,353.0,314.0,12.0,10.0,3.0,11.0,0.0,0.0,0.0,1717.0
scna-fp16,exp,tree,off,8,16,14,1445.0,729.0,547.0,8.0,357.0,314.0,12.0,10.0,3.0,12.0,0.0,0.0,0.0,1724.0
scna-fp16,exp,tree,off,8,16,15,1453.0,732.0,547.0,7.0,356.0,321.0,12.0,11.0,3.0,11.0,0.0,0.0,0.0,1726.0
scna-fp16,exp,tree,off,8,16,16,1438.0,732.0,547.0,7.0,339.0,324.0,12.0,10.0,3.0,11.0,0.0,0.0,0.0,1796.0
scna-fp16,exp,tree,off,8,16,17,1451.0,733.0,547.0,8.0,355.0,320.0,12.0,10.0,3.0,10.0,0.0,0.0,0.0,1746.0
scna-fp16,exp,tree,off,8,16,18,1448.0,732.0,547.0,8.0,355.0,318.0,12.0,10.0,3.0,10.0,0.0,0.0,0.0,1742.0
scna-fp16,exp,tree,off,8,16,19,1449.0,731.0,546.0,8.0,356.0,319.0,12.0,10.0,3.0,10.0,0.0,0.0,0.0,1734.0
scna-fp16,exp,tree,off,8,32,0,2018.0,1392.0,1076.0,15.0,283.0,258.0,24.0,22.0,3.0,21.0,0.0,0.0,0.0,2365.0
scna-fp16,exp,tree,off,8,32,1,2068.0,1404.0,1076.0,14.0,312.0,269.0,24.0,22.0,3.0,20.0,0.0,0.0,0.0,2407.0
scna-fp16,exp,tree,off,8,32,2,2059.0,1402.0,1078.0,14.0,307.0,265.0,24.0,22.0,3.0,22.0,0.0,0.0,0.0,2417.0
scna-fp16,exp,tree,off,8,32,3,2062.0,1404.0,1077.0,14.0,304.0,271.0,24.0,22.0,3.0,20.0,0.0,0.0,0.0,2357.0
scna-fp16,exp,tree,off,8,32,4,2081.0,1427.0,1076.0,15.0,303.0,265.0,24.0,22.0,3.0,22.0,0.0,0.0,0.0,2435.0
scna-fp16,exp,tree,off,8,32,5,2087.0,1432.0,1077.0,14.0,305.0,267.0,24.0,22.0,3.0,20.0,0.0,0.0,0.0,2358.0
scna-fp16,exp,tree,off,8,32,6,2152.0,1451.0,1076.0,15.0,315.0,300.0,24.0,22.0,3.0,22.0,0.0,0.0,0.0,2440.0
scna-fp16,exp,tree,off,8,32,7,2148.0,1449.0,1076.0,14.0,323.0,291.0,24.0,22.0,3.0,22.0,0.0,0.0,0.0,2551.0
scna-fp16,exp,tree,off,8,32,8,2150.0,1452.0,1077.0,14.0,321.0,291.0,24.0,23.0,3.0,22.0,0.0,0.0,0.0,2502.0
scna-fp16,exp,tree,off,8,32,9,2155.0,1455.0,1076.0,15.0,317.0,297.0,24.0,23.0,3.0,21.0,0.0,0.0,0.0,2469.0
scna-fp16,exp,tree,off,8,32,10,2145.0,1452.0,1076.0,15.0,316.0,290.0,24.0,23.0,3.0,22.0,0.0,0.0,0.0,2428.0
scna-fp16,exp,tree,off,8,32,11,2144.0,1450.0,1076.0,15.0,315.0,292.0,24.0,23.0,3.0,22.0,0.0,0.0,0.0,2502.0
scna-fp16,exp,tree,off,8,32,12,2054.0,1413.0,1076.0,14.0,290.0,266.0,24.0,22.0,3.0,22.0,0.0,0.0,0.0,2325.0
scna-fp16,exp,tree,off,8,32,13,2115.0,1439.0,1076.0,15.0,315.0,273.0,25.0,23.0,3.0,22.0,0.0,0.0,0.0,2422.0
scna-fp16,exp,tree,off,8,32,14,2135.0,1451.0,1076.0,16.0,310.0,285.0,25.0,23.0,3.0,22.0,0.0,0.0,0.0,2516.0
scna-fp16,exp,tree,off,8,32,15,2110.0,1449.0,1076.0,15.0,297.0,277.0,24.0,23.0,3.0,22.0,0.0,0.0,0.0,2508.0
scna-fp16,exp,tree,off,8,32,16,2123.0,1449.0,1076.0,15.0,305.0,284.0,24.0,22.0,3.0,21.0,0.0,0.0,0.0,2515.0
scna-fp16,exp,tree,off,8,32,17,2126.0,1450.0,1076.0,15.0,307.0,283.0,24.0,22.0,3.0,22.0,0.0,0.0,0.0,2504.0
scna-fp16,exp,tree,off,8,32,18,2124.0,1450.0,1076.0,15.0,305.0,284.0,24.0,22.0,3.0,21.0,0.0,0.0,0.0,2502.0
scna-fp16,exp,tree,off,8,32,19,2119.0,1444.0,1076.0,15.0,303.0,286.0,24.0,22.0,3.0,22.0,0.0,0.0,0.0,2405.0
scna-fp16,exp,tree,off,16,4,0,892.0,225.0,168.0,2.0,332.0,323.0,4.0,2.0,2.0,2.0,0.0,0.0,0.0,1122.0
scna-fp16,exp,tree,off,16,4,1,911.0,223.0,170.0,2.0,349.0,326.0,4.0,2.0,2.0,3.0,0.0,0.0,0.0,1247.0
scna-fp16,exp,tree,off,16,4,2,900.0,223.0,169.0,2.0,340.0,325.0,4.0,2.0,2.0,2.0,0.0,0.0,0.0,1128.0
scna-fp16,exp,tree,off,16,4,3,893.0,226.0,168.0,2.0,337.0,318.0,4.0,2.0,2.0,2.0,0.0,0.0,0.0,1125.0
scna-fp16,exp,tree,off,16,4,4,891.0,224.0,168.0,2.0,332.0,323.0,4.0,2.0,2.0,2.0,0.0,0.0,0.0,1134.0
scna-fp16,exp,tree,off,16,4,5,902.0,222.0,168.0,2.0,341.0,326.0,4.0,2.0,2.0,3.0,0.0,0.0,0.0,1245.0
scna-fp16,exp,tree,off,16,4,6,913.0,224.0,169.0,2.0,350.0,327.0,4.0,2.0,1.0,3.0,0.0,0.0,0.0,1241.0
scna-fp16,exp,tree,off,16,4,7,885.0,223.0,169.0,2.0,330.0,320.0,4.0,2.0,2.0,2.0,0.0,0.0,0.0,1110.0
scna-fp16,exp,tree,off,16,4,8,904.0,224.0,168.0,2.0,334.0,334.0,4.0,2.0,2.0,2.0,0.0,0.0,0.0,1229.0
scna-fp16,exp,tree,off,16,4,9,886.0,222.0,169.0,2.0,333.0,319.0,4.0,2.0,2.0,2.0,0.0,0.0,0.0,1228.0
scna-fp16,exp,tree,off,16,4,10,887.0,224.0,168.0,2.0,331.0,320.0,4.0,2.0,2.0,2.0,0.0,0.0,0.0,1145.0
scna-fp16,exp,tree,off,16,4,11,947.0,236.0,177.0,2.0,367.0,332.0,4.0,2.0,2.0,2.0,0.0,0.0,0.0,1226.0
scna-fp16,exp,tree,off,16,4,12,938.0,236.0,177.0,2.0,357.0,332.0,4.0,2.0,2.0,3.0,0.0,0.0,0.0,1201.0
scna-fp16,exp,tree,off,16,4,13,946.0,237.0,177.0,2.0,361.0,336.0,4.0,2.0,2.0,2.0,0.0,0.0,0.0,1233.0
scna-fp16,exp,tree,off,16,4,14,945.0,237.0,178.0,2.0,361.0,335.0,4.0,2.0,2.0,2.0,0.0,0.0,0.0,1234.0
scna-fp16,exp,tree,off,16,4,15,945.0,235.0,177.0,2.0,362.0,335.0,4.0,2.0,2.0,3.0,0.0,0.0,0.0,1207.0
scna-fp16,exp,tree,off,16,4,16,940.0,235.0,176.0,2.0,357.0,336.0,4.0,2.0,2.0,2.0,0.0,0.0,0.0,1231.0
scna-fp16,exp,tree,off,16,4,17,939.0,238.0,177.0,2.0,356.0,333.0,4.0,2.0,2.0,2.0,0.0,0.0,0.0,1196.0
scna-fp16,exp,tree,off,16,4,18,949.0,236.0,177.0,2.0,367.0,334.0,4.0,2.0,2.0,2.0,0.0,0.0,0.0,1181.0
scna-fp16,exp,tree,off,16,4,19,945.0,236.0,176.0,2.0,358.0,339.0,4.0,2.0,2.0,2.0,0.0,0.0,0.0,1177.0
scna-fp16,exp,tree,off,16,8,0,1002.0,403.0,317.0,4.0,310.0,263.0,8.0,6.0,2.0,6.0,0.0,0.0,0.0,1283.0
scna-fp16,exp,tree,off,16,8,1,991.0,400.0,316.0,4.0,294.0,272.0,8.0,6.0,1.0,6.0,0.0,0.0,0.0,1289.0
scna-fp16,exp,tree,off,16,8,2,1005.0,402.0,317.0,4.0,301.0,277.0,8.0,6.0,1.0,6.0,0.0,0.0,0.0,1291.0
scna-fp16,exp,tree,off,16,8,3,1014.0,402.0,316.0,4.0,308.0,279.0,8.0,6.0,1.0,6.0,0.0,0.0,0.0,1285.0
scna-fp16,exp,tree,off,16,8,4,975.0,401.0,318.0,4.0,294.0,255.0,8.0,6.0,1.0,6.0,0.0,0.0,0.0,1283.0
scna-fp16,exp,tree,off,16,8,5,974.0,397.0,316.0,4.0,300.0,252.0,8.0,6.0,1.0,6.0,0.0,0.0,0.0,1287.0
scna-fp16,exp,tree,off,16,8,6,983.0,402.0,317.0,4.0,294.0,262.0,8.0,6.0,1.0,6.0,0.0,0.0,0.0,1233.0
scna-fp16,exp,tree,off,16,8,7,996.0,400.0,317.0,4.0,304.0,267.0,8.0,6.0,1.0,6.0,0.0,0.0,0.0,1275.0
scna-fp16,exp,tree,off,16,8,8,1011.0,402.0,319.0,4.0,311.0,272.0,8.0,6.0,2.0,6.0,0.0,0.0,0.0,1272.0
scna-fp16,exp,tree,off,16,8,9,994.0,401.0,318.0,4.0,304.0,264.0,8.0,6.0,1.0,6.0,0.0,0.0,0.0,1222.0
scna-fp16,exp,tree,off,16,8,10,990.0,399.0,316.0,4.0,300.0,266.0,8.0,6.0,1.0,6.0,0.0,0.0,0.0,1302.0
scna-fp16,exp,tree,off,16,8,11,993.0,401.0,317.0,4.0,310.0,256.0,8.0,6.0,2.0,6.0,0.0,0.0,0.0,1326.0
scna-fp16,exp,tree,off,16,8,12,985.0,400.0,317.0,4.0,290.0,269.0,8.0,6.0,2.0,6.0,0.0,0.0,0.0,1333.0
scna-fp16,exp,tree,off,16,8,13,990.0,403.0,316.0,4.0,290.0,271.0,8.0,6.0,2.0,6.0,0.0,0.0,0.0,1238.0
scna-fp16,exp,tree,off,16,8,14,979.0,401.0,316.0,4.0,292.0,260.0,8.0,6.0,2.0,6.0,0.0,0.0,0.0,1219.0
scna-fp16,exp,tree,off,16,8,15,993.0,402.0,317.0,4.0,295.0,270.0,8.0,6.0,2.0,6.0,0.0,0.0,0.0,1299.0
scna-fp16,exp,tree,off,16,8,16,1000.0,402.0,316.0,4.0,296.0,276.0,8.0,6.0,2.0,6.0,0.0,0.0,0.0,1308.0
scna-fp16,exp,tree,off,16,8,17,1026.0,406.0,317.0,4.0,311.0,283.0,8.0,6.0,2.0,6.0,0.0,0.0,0.0,1304.0
scna-fp16,exp,tree,off,16,8,18,1033.0,408.0,317.0,4.0,317.0,282.0,8.0,6.0,2.0,6.0,0.0,0.0,0.0,1366.0
scna-fp16,exp,tree,off,16,8,19,1019.0,407.0,317.0,4.0,311.0,275.0,8.0,6.0,2.0,6.0,0.0,0.0,0.0,1359.0
scna-fp16,exp,tree,off,16,16,0,1559.0,822.0,632.0,8.0,368.0,324.0,12.0,11.0,3.0,11.0,0.0,0.0,0.0,1870.0
scna-fp16,exp,tree,off,16,16,1,1581.0,821.0,634.0,8.0,382.0,334.0,12.0,11.0,3.0,10.0,0.0,0.0,0.0,1958.0
scna-fp16,exp,tree,off,16,16,2,1578.0,824.0,633.0,8.0,378.0,332.0,12.0,10.0,3.0,11.0,0.0,0.0,0.0,1855.0
scna-fp16,exp,tree,off,16,16,3,1588.0,825.0,634.0,8.0,389.0,329.0,12.0,11.0,3.0,11.0,0.0,0.0,0.0,1849.0
scna-fp16,exp,tree,off,16,16,4,1590.0,824.0,633.0,8.0,389.0,333.0,12.0,11.0,3.0,10.0,0.0,0.0,0.0,1841.0
scna-fp16,exp,tree,off,16,16,5,1463.0,794.0,626.0,8.0,324.0,302.0,12.0,10.0,3.0,10.0,0.0,0.0,0.0,1727.0
scna-fp16,exp,tree,off,16,16,6,1477.0,804.0,626.0,8.0,307.0,321.0,13.0,11.0,3.0,10.0,0.0,0.0,0.0,1748.0
scna-fp16,exp,tree,off,16,16,7,1488.0,802.0,626.0,8.0,324.0,315.0,14.0,11.0,3.0,11.0,0.0,0.0,0.0,1742.0
scna-fp16,exp,tree,off,16,16,8,1517.0,813.0,627.0,8.0,340.0,318.0,14.0,10.0,3.0,11.0,0.0,0.0,0.0,1884.0
scna-fp16,exp,tree,off,16,16,9,1543.0,814.0,628.0,8.0,353.0,329.0,14.0,11.0,3.0,11.0,0.0,0.0,0.0,1869.0
scna-fp16,exp,tree,off,16,16,10,1536.0,813.0,628.0,8.0,355.0,323.0,13.0,11.0,3.0,10.0,0.0,0.0,0.0,1860.0
scna-fp16,exp,tree,off,16,16,11,1531.0,812.0,628.0,8.0,351.0,324.0,13.0,11.0,2.0,10.0,0.0,0.0,0.0,1874.0
scna-fp16,exp,tree,off,16,16,12,1540.0,814.0,629.0,8.0,341.0,341.0,13.0,11.0,2.0,10.0,0.0,0.0,0.0,1853.0
scna-fp16,exp,tree,off,16,16,13,1509.0,803.0,628.0,9.0,341.0,319.0,13.0,11.0,3.0,10.0,0.0,0.0,0.0,1778.0
scna-fp16,exp,tree,off,16,16,14,1524.0,808.0,626.0,8.0,348.0,323.0,13.0,11.0,3.0,10.0,0.0,0.0,0.0,1861.0
scna-fp16,exp,tree,off,16,16,15,1514.0,809.0,628.0,8.0,343.0,317.0,13.0,11.0,3.0,10.0,0.0,0.0,0.0,1778.0
scna-fp16,exp,tree,off,16,16,16,1519.0,811.0,628.0,9.0,345.0,318.0,13.0,10.0,3.0,10.0,0.0,0.0,0.0,1810.0
scna-fp16,exp,tree,off,16,16,17,1522.0,810.0,626.0,8.0,346.0,318.0,14.0,11.0,3.0,12.0,0.0,0.0,0.0,1842.0
scna-fp16,exp,tree,off,16,16,18,1522.0,810.0,627.0,8.0,346.0,321.0,13.0,11.0,3.0,10.0,0.0,0.0,0.0,1851.0
scna-fp16,exp,tree,off,16,16,19,1518.0,810.0,627.0,8.0,346.0,316.0,14.0,11.0,3.0,10.0,0.0,0.0,0.0,1878.0
scna-fp16,exp,tree,off,16,32,0,2381.0,1606.0,1243.0,15.0,354.0,333.0,25.0,23.0,3.0,22.0,0.0,0.0,0.0,2731.0
scna-fp16,exp,tree,off,16,32,1,2375.0,1603.0,1243.0,15.0,352.0,333.0,25.0,23.0,3.0,21.0,0.0,0.0,0.0,2734.0
scna-fp16,exp,tree,off,16,32,2,2372.0,1606.0,1242.0,15.0,349.0,329.0,25.0,23.0,3.0,22.0,0.0,0.0,0.0,2738.0
scna-fp16,exp,tree,off,16,32,3,2384.0,1608.0,1242.0,15.0,355.0,333.0,25.0,23.0,3.0,22.0,0.0,0.0,0.0,2746.0
scna-fp16,exp,tree,off,16,32,4,2376.0,1609.0,1243.0,15.0,350.0,330.0,25.0,23.0,3.0,21.0,0.0,0.0,0.0,2683.0
scna-fp16,exp,tree,off,16,32,5,2417.0,1617.0,1249.0,15.0,383.0,330.0,25.0,23.0,3.0,21.0,0.0,0.0,0.0,2817.0
scna-fp16,exp,tree,off,16,32,6,2424.0,1619.0,1249.0,15.0,386.0,332.0,24.0,23.0,3.0,22.0,0.0,0.0,0.0,2796.0
scna-fp16,exp,tree,off,16,32,7,2402.0,1613.0,1248.0,15.0,369.0,332.0,25.0,23.0,3.0,22.0,0.0,0.0,0.0,2685.0
scna-fp16,exp,tree,off,16,32,8,2412.0,1612.0,1248.0,15.0,380.0,332.0,25.0,23.0,3.0,22.0,0.0,0.0,0.0,2818.0
scna-fp16,exp,tree,off,16,32,9,2360.0,1604.0,1247.0,15.0,355.0,314.0,25.0,22.0,3.0,22.0,0.0,0.0,0.0,2638.0
scna-fp16,exp,tree,off,16,32,10,2391.0,1617.0,1245.0,15.0,362.0,325.0,24.0,23.0,3.0,22.0,0.0,0.0,0.0,2725.0
scna-fp16,exp,tree,off,16,32,11,2397.0,1626.0,1245.0,14.0,365.0,319.0,25.0,23.0,3.0,22.0,0.0,0.0,0.0,2796.0
scna-fp16,exp,tree,off,16,32,12,2400.0,1619.0,1246.0,15.0,364.0,329.0,25.0,23.0,3.0,22.0,0.0,0.0,0.0,2771.0
scna-fp16,exp,tree,off,16,32,13,2398.0,1617.0,1246.0,14.0,366.0,328.0,25.0,23.0,3.0,22.0,0.0,0.0,0.0,2784.0
scna-fp16,exp,tree,off,16,32,14,2381.0,1619.0,1244.0,15.0,365.0,309.0,25.0,23.0,3.0,22.0,0.0,0.0,0.0,2789.0
scna-fp16,exp,tree,off,16,32,15,2346.0,1605.0,1244.0,14.0,350.0,306.0,24.0,22.0,3.0,22.0,0.0,0.0,0.0,2713.0
scna-fp16,exp,tree,off,16,32,16,2342.0,1608.0,1244.0,14.0,343.0,305.0,25.0,22.0,3.0,22.0,0.0,0.0,0.0,2665.0
scna-fp16,exp,tree,off,16,32,17,2390.0,1619.0,1244.0,15.0,355.0,328.0,25.0,23.0,3.0,22.0,0.0,0.0,0.0,2688.0
scna-fp16,exp,tree,off,16,32,18,2380.0,1615.0,1243.0,15.0,354.0,323.0,25.0,23.0,3.0,22.0,0.0,0.0,0.0,2696.0
scna-fp16,exp,tree,off,16,32,19,2380.0,1616.0,1244.0,15.0,355.0,323.0,24.0,23.0,3.0,21.0,0.0,0.0,0.0,2691.0
scna-fp16,exp,tree,off,32,4,0,871.0,252.0,210.0,2.0,318.0,289.0,4.0,2.0,1.0,3.0,0.0,0.0,0.0,1145.0
scna-fp16,exp,tree,off,32,4,1,876.0,251.0,209.0,2.0,323.0,290.0,4.0,2.0,2.0,2.0,0.0,0.0,0.0,1190.0
scna-fp16,exp,tree,off,32,4,2,867.0,251.0,209.0,2.0,321.0,284.0,4.0,2.0,1.0,2.0,0.0,0.0,0.0,1163.0
scna-fp16,exp,tree,off,32,4,3,873.0,255.0,210.0,2.0,319.0,288.0,4.0,2.0,1.0,2.0,0.0,0.0,0.0,1130.0
scna-fp16,exp,tree,off,32,4,4,873.0,251.0,208.0,2.0,313.0,297.0,4.0,2.0,2.0,2.0,0.0,0.0,0.0,1132.0
scna-fp16,exp,tree,off,32,4,5,883.0,254.0,209.0,2.0,319.0,298.0,4.0,2.0,2.0,2.0,0.0,0.0,0.0,1127.0
scna-fp16,exp,tree,off,32,4,6,858.0,252.0,209.0,2.0,316.0,278.0,4.0,2.0,2.0,2.0,0.0,0.0,0.0,1165.0
scna-fp16,exp,tree,off,32,4,7,863.0,250.0,208.0,2.0,317.0,283.0,4.0,2.0,2.0,3.0,0.0,0.0,0.0,1133.0
scna-fp16,exp,tree,off,32,4,8,873.0,254.0,208.0,2.0,325.0,282.0,4.0,2.0,2.0,2.0,0.0,0.0,0.0,1123.0
scna-fp16,exp,tree,off,32,4,9,859.0,252.0,208.0,2.0,308.0,286.0,4.0,2.0,2.0,3.0,0.0,0.0,0.0,1131.0
scna-fp16,exp,tree,off,32,4,10,885.0,251.0,207.0,2.0,324.0,299.0,4.0,2.0,1.0,2.0,0.0,0.0,0.0,1128.0
scna-fp16,exp,tree,off,32,4,11,883.0,252.0,208.0,2.0,324.0,296.0,4.0,2.0,1.0,2.0,0.0,0.0,0.0,1121.0
scna-fp16,exp,tree,off,32,4,12,871.0,250.0,208.0,2.0,318.0,290.0,4.0,2.0,2.0,3.0,0.0,0.0,0.0,1131.0
scna-fp16,exp,tree,off,32,4,13,866.0,251.0,208.0,2.0,317.0,287.0,4.0,2.0,1.0,2.0,0.0,0.0,0.0,1139.0
scna-fp16,exp,tree,off,32,4,14,888.0,255.0,209.0,2.0,323.0,298.0,4.0,2.0,1.0,3.0,0.0,0.0,0.0,1157.0
scna-fp16,exp,tree,off,32,4,15,891.0,257.0,210.0,2.0,327.0,295.0,4.0,2.0,2.0,2.0,0.0,0.0,0.0,1122.0
scna-fp16,exp,tree,off,32,4,16,907.0,257.0,210.0,2.0,337.0,301.0,4.0,2.0,1.0,3.0,0.0,0.0,0.0,1241.0
scna-fp16,exp,tree,off,32,4,17,906.0,257.0,210.0,2.0,333.0,305.0,4.0,2.0,1.0,2.0,0.0,0.0,0.0,1248.0
scna-fp16,exp,tree,off,32,4,18,909.0,257.0,211.0,2.0,336.0,305.0,4.0,2.0,1.0,2.0,0.0,0.0,0.0,1251.0
scna-fp16,exp,tree,off,32,4,19,905.0,259.0,210.0,2.0,333.0,302.0,4.0,2.0,1.0,2.0,0.0,0.0,0.0,1208.0
scna-fp16,exp,tree,off,32,8,0,1006.0,477.0,395.0,4.0,263.0,240.0,8.0,6.0,2.0,6.0,0.0,0.0,0.0,1274.0
scna-fp16,exp,tree,off,32,8,1,1012.0,479.0,395.0,4.0,266.0,241.0,8.0,6.0,2.0,6.0,0.0,0.0,0.0,1271.0
scna-fp16,exp,tree,off,32,8,2,994.0,475.0,395.0,4.0,262.0,232.0,8.0,6.0,2.0,5.0,0.0,0.0,0.0,1309.0
scna-fp16,exp,tree,off,32,8,3,998.0,476.0,395.0,4.0,260.0,236.0,8.0,6.0,2.0,6.0,0.0,0.0,0.0,1294.0
scna-fp16,exp,tree,off,32,8,4,1008.0,477.0,396.0,4.0,264.0,241.0,8.0,6.0,2.0,6.0,0.0,0.0,0.0,1286.0
scna-fp16,exp,tree,off,32,8,5,1012.0,479.0,394.0,4.0,267.0,241.0,8.0,6.0,2.0,5.0,0.0,0.0,0.0,1289.0
scna-fp16,exp,tree,off,32,8,6,1012.0,479.0,395.0,4.0,265.0,242.0,8.0,6.0,2.0,6.0,0.0,0.0,0.0,1291.0
scna-fp16,exp,tree,off,32,8,7,1005.0,478.0,395.0,4.0,264.0,238.0,8.0,6.0,2.0,5.0,0.0,0.0,0.0,1283.0
scna-fp16,exp,tree,off,32,8,8,991.0,472.0,395.0,4.0,262.0,231.0,8.0,6.0,2.0,6.0,0.0,0.0,0.0,1288.0
scna-fp16,exp,tree,off,32,8,9,994.0,473.0,395.0,4.0,263.0,232.0,8.0,6.0,2.0,6.0,0.0,0.0,0.0,1281.0
scna-fp16,exp,tree,off,32,8,10,997.0,472.0,394.0,4.0,262.0,237.0,8.0,6.0,2.0,6.0,0.0,0.0,0.0,1335.0
scna-fp16,exp,tree,off,32,8,11,1004.0,473.0,395.0,4.0,264.0,240.0,9.0,6.0,2.0,6.0,0.0,0.0,0.0,1261.0
scna-fp16,exp,tree,off,32,8,12,1001.0,473.0,396.0,4.0,260.0,242.0,8.0,6.0,2.0,6.0,0.0,0.0,0.0,1233.0
scna-fp16,exp,tree,off,32,8,13,1005.0,474.0,395.0,4.0,263.0,242.0,8.0,6.0,2.0,6.0,0.0,0.0,0.0,1229.0
scna-fp16,exp,tree,off,32,8,14,1014.0,474.0,395.0,4.0,264.0,250.0,8.0,6.0,2.0,6.0,0.0,0.0,0.0,1299.0
scna-fp16,exp,tree,off,32,8,15,1020.0,476.0,395.0,4.0,271.0,247.0,8.0,6.0,2.0,6.0,0.0,0.0,0.0,1296.0
scna-fp16,exp,tree,off,32,8,16,1006.0,476.0,395.0,4.0,260.0,244.0,8.0,6.0,2.0,6.0,0.0,0.0,0.0,1330.0
scna-fp16,exp,tree,off,32,8,17,1023.0,480.0,395.0,4.0,263.0,254.0,8.0,6.0,2.0,6.0,0.0,0.0,0.0,1325.0
scna-fp16,exp,tree,off,32,8,18,1023.0,479.0,395.0,4.0,269.0,249.0,8.0,6.0,2.0,6.0,0.0,0.0,0.0,1333.0
scna-fp16,exp,tree,off,32,8,19,1028.0,478.0,394.0,4.0,267.0,257.0,8.0,6.0,2.0,6.0,0.0,0.0,0.0,1297.0
scna-fp16,exp,tree,off,32,16,0,1513.0,946.0,780.0,7.0,278.0,247.0,12.0,10.0,3.0,10.0,0.0,0.0,0.0,1790.0
scna-fp16,exp,tree,off,32,16,1,1504.0,946.0,780.0,7.0,273.0,243.0,12.0,10.0,3.0,10.0,0.0,0.0,0.0,1811.0
scna-fp16,exp,tree,off,32,16,2,1504.0,949.0,780.0,7.0,273.0,240.0,12.0,10.0,3.0,10.0,0.0,0.0,0.0,1848.0
scna-fp16,exp,tree,off,32,16,3,1491.0,940.0,778.0,8.0,273.0,235.0,12.0,10.0,3.0,10.0,0.0,0.0,0.0,1819.0
scna-fp16,exp,tree,off,32,16,4,1490.0,939.0,779.0,7.0,278.0,231.0,12.0,10.0,3.0,10.0,0.0,0.0,0.0,1793.0
scna-fp16,exp,tree,off,32,16,5,1490.0,940.0,778.0,7.0,273.0,235.0,12.0,10.0,3.0,10.0,0.0,0.0,0.0,1796.0
scna-fp16,exp,tree,off,32,16,6,1504.0,952.0,779.0,8.0,275.0,235.0,12.0,10.0,2.0,10.0,0.0,0.0,0.0,1856.0
scna-fp16,exp,tree,off,32,16,7,1524.0,952.0,779.0,8.0,286.0,244.0,12.0,10.0,2.0,10.0,0.0,0.0,0.0,1787.0
scna-fp16,exp,tree,off,32,16,8,1526.0,954.0,780.0,8.0,284.0,246.0,12.0,10.0,2.0,10.0,0.0,0.0,0.0,1788.0
scna-fp16,exp,tree,off,32,16,9,1525.0,951.0,779.0,7.0,283.0,250.0,12.0,10.0,2.0,10.0,0.0,0.0,0.0,1802.0
scna-fp16,exp,tree,off,32,16,10,1517.0,953.0,779.0,8.0,276.0,246.0,12.0,10.0,2.0,10.0,0.0,0.0,0.0,1878.0
scna-fp16,exp,tree,off,32,16,11,1544.0,958.0,779.0,7.0,278.0,267.0,12.0,10.0,2.0,10.0,0.0,0.0,0.0,1828.0
scna-fp16,exp,tree,off,32,16,12,1563.0,963.0,780.0,8.0,296.0,262.0,12.0,10.0,2.0,10.0,0.0,0.0,0.0,1860.0
scna-fp16,exp,tree,off,32,16,13,1568.0,961.0,779.0,8.0,289.0,276.0,12.0,10.0,2.0,10.0,0.0,0.0,0.0,1865.0
scna-fp16,exp,tree,off,32,16,14,1573.0,963.0,779.0,8.0,297.0,270.0,12.0,10.0,3.0,10.0,0.0,0.0,0.0,1881.0
scna-fp16,exp,tree,off,32,16,15,1540.0,955.0,779.0,8.0,284.0,258.0,12.0,10.0,3.0,10.0,0.0,0.0,0.0,1807.0
scna-fp16,exp,tree,off,32,16,16,1543.0,954.0,778.0,8.0,296.0,250.0,12.0,10.0,3.0,10.0,0.0,0.0,0.0,1797.0
scna-fp16,exp,tree,off,32,16,17,1521.0,946.0,780.0,7.0,277.0,255.0,12.0,10.0,3.0,11.0,0.0,0.0,0.0,1895.0
scna-fp16,exp,tree,off,32,16,18,1552.0,960.0,779.0,8.0,285.0,262.0,13.0,10.0,3.0,11.0,0.0,0.0,0.0,1914.0
scna-fp16,exp,tree,off,32,16,19,1563.0,962.0,779.0,8.0,292.0,266.0,13.0,10.0,2.0,10.0,0.0,0.0,0.0,1890.0
scna-fp16,exp,tree,off,32,32,0,2702.0,1911.0,1550.0,16.0,370.0,333.0,24.0,23.0,3.0,22.0,0.0,0.0,0.0,3031.0
scna-fp16,exp,tree,off,32,32,1,2708.0,1922.0,1550.0,16.0,369.0,332.0,24.0,22.0,3.0,20.0,0.0,0.0,0.0,3002.0
scna-fp16,exp,tree,off,32,32,2,2717.0,1923.0,1551.0,16.0,367.0,341.0,24.0,23.0,3.0,20.0,0.0,0.0,0.0,3010.0
scna-fp16,exp,tree,off,32,32,3,2717.0,1916.0,1549.0,16.0,374.0,341.0,24.0,22.0,3.0,21.0,0.0,0.0,0.0,3036.0
scna-fp16,exp,tree,off,32,32,4,2566.0,1874.0,1545.0,15.0,312.0,296.0,24.0,22.0,3.0,20.0,0.0,0.0,0.0,2881.0
scna-fp16,exp,tree,off,32,32,5,2566.0,1887.0,1545.0,15.0,301.0,292.0,24.0,22.0,3.0,22.0,0.0,0.0,0.0,2926.0
scna-fp16,exp,tree,off,32,32,6,2559.0,1885.0,1545.0,15.0,298.0,290.0,24.0,22.0,3.0,22.0,0.0,0.0,0.0,2889.0
scna-fp16,exp,tree,off,32,32,7,2551.0,1882.0,1545.0,14.0,296.0,290.0,24.0,22.0,3.0,20.0,0.0,0.0,0.0,2877.0
scna-fp16,exp,tree,off,32,32,8,2562.0,1885.0,1546.0,15.0,303.0,288.0,24.0,22.0,3.0,22.0,0.0,0.0,0.0,2944.0
scna-fp16,exp,tree,off,32,32,9,2581.0,1892.0,1544.0,15.0,301.0,303.0,24.0,22.0,3.0,21.0,0.0,0.0,0.0,2987.0
scna-fp16,exp,tree,off,32,32,10,2600.0,1917.0,1544.0,16.0,304.0,292.0,24.0,22.0,3.0,22.0,0.0,0.0,0.0,2966.0
scna-fp16,exp,tree,off,32,32,11,2611.0,1921.0,1545.0,16.0,311.0,292.0,24.0,22.0,3.0,22.0,0.0,0.0,0.0,2965.0
scna-fp16,exp,tree,off,32,32,12,2601.0,1918.0,1544.0,16.0,307.0,290.0,24.0,22.0,3.0,21.0,0.0,0.0,0.0,2965.0
scna-fp16,exp,tree,off,32,32,13,2601.0,1918.0,1544.0,16.0,306.0,289.0,24.0,23.0,3.0,22.0,0.0,0.0,0.0,2962.0
scna-fp16,exp,tree,off,32,32,14,2607.0,1922.0,1544.0,16.0,309.0,291.0,24.0,22.0,3.0,20.0,0.0,0.0,0.0,2965.0
scna-fp16,exp,tree,off,32,32,15,2636.0,1925.0,1545.0,16.0,316.0,308.0,24.0,22.0,3.0,22.0,0.0,0.0,0.0,2921.0
scna-fp16,exp,tree,off,32,32,16,2606.0,1920.0,1544.0,15.0,304.0,298.0,24.0,22.0,3.0,20.0,0.0,0.0,0.0,2920.0
scna-fp16,exp,tree,off,32,32,17,2626.0,1922.0,1544.0,16.0,315.0,303.0,24.0,22.0,3.0,21.0,0.0,0.0,0.0,2918.0
scna-fp16,exp,tree,off,32,32,18,2626.0,1923.0,1545.0,16.0,312.0,305.0,24.0,22.0,3.0,21.0,0.0,0.0,0.0,3034.0
scna-fp16,exp,tree,off,32,32,19,2550.0,1886.0,1544.0,15.0,293.0,285.0,24.0,22.0,3.0,22.0,0.0,0.0,0.0,2826.0
scna-fp16,exp,tree,on,8,4,0,510.0,197.0,148.0,2.0,159.0,146.0,3.0,0.0,1.0,2.0,9.0,97.0,192.0,802.0
scna-fp16,exp,tree,on,8,4,1,441.0,183.0,141.0,2.0,133.0,118.0,2.0,0.0,1.0,2.0,8.0,43.0,193.0,717.0
scna-fp16,exp,tree,on,8,4,2,438.0,182.0,140.0,2.0,134.0,114.0,3.0,0.0,1.0,2.0,9.0,40.0,192.0,619.0
scna-fp16,exp,tree,on,8,4,3,442.0,185.0,141.0,2.0,132.0,117.0,3.0,0.0,1.0,2.0,9.0,39.0,192.0,628.0
scna-fp16,exp,tree,on,8,4,4,439.0,182.0,141.0,2.0,132.0,118.0,2.0,0.0,1.0,2.0,8.0,42.0,192.0,716.0
scna-fp16,exp,tree,on,8,4,5,437.0,183.0,140.0,2.0,131.0,115.0,3.0,0.0,1.0,2.0,8.0,38.0,193.0,717.0
scna-fp16,exp,tree,on,8,4,6,441.0,183.0,141.0,2.0,133.0,117.0,3.0,0.0,1.0,2.0,8.0,41.0,193.0,732.0
scna-fp16,exp,tree,on,8,4,7,437.0,183.0,140.0,1.0,133.0,115.0,2.0,0.0,1.0,2.0,9.0,40.0,192.0,729.0
scna-fp16,exp,tree,on,8,4,8,437.0,183.0,140.0,2.0,133.0,113.0,3.0,0.0,1.0,2.0,10.0,38.0,192.0,729.0
scna-fp16,exp,tree,on,8,4,9,444.0,184.0,140.0,2.0,133.0,119.0,3.0,0.0,1.0,2.0,9.0,43.0,193.0,728.0
scna-fp16,exp,tree,on,8,4,10,436.0,182.0,141.0,2.0,132.0,115.0,2.0,0.0,1.0,2.0,8.0,38.0,193.0,722.0
scna-fp16,exp,tree,on,8,4,11,440.0,184.0,140.0,2.0,132.0,116.0,3.0,0.0,1.0,2.0,8.0,40.0,193.0,725.0
scna-fp16,exp,tree,on,8,4,12,437.0,182.0,140.0,2.0,133.0,114.0,3.0,0.0,1.0,2.0,9.0,37.0,193.0,719.0
scna-fp16,exp,tree,on,8,4,13,437.0,184.0,140.0,2.0,132.0,114.0,2.0,0.0,1.0,2.0,8.0,38.0,192.0,723.0
scna-fp16,exp,tree,on,8,4,14,439.0,184.0,141.0,2.0,133.0,114.0,3.0,0.0,1.0,2.0,9.0,38.0,193.0,721.0
scna-fp16,exp,tree,on,8,4,15,439.0,184.0,140.0,2.0,134.0,113.0,3.0,0.0,1.0,2.0,9.0,38.0,193.0,717.0
scna-fp16,exp,tree,on,8,4,16,441.0,183.0,140.0,2.0,133.0,118.0,2.0,0.0,1.0,2.0,9.0,42.0,192.0,716.0
scna-fp16,exp,tree,on,8,4,17,437.0,182.0,140.0,2.0,134.0,113.0,3.0,0.0,1.0,2.0,9.0,38.0,194.0,719.0
scna-fp16,exp,tree,on,8,4,18,438.0,183.0,140.0,2.0,133.0,114.0,3.0,0.0,1.0,2.0,8.0,37.0,194.0,656.0
scna-fp16,exp,tree,on,8,4,19,437.0,183.0,140.0,2.0,132.0,114.0,2.0,0.0,2.0,2.0,9.0,38.0,193.0,724.0
scna-fp16,exp,tree,on,8,8,0,608.0,350.0,273.0,4.0,131.0,106.0,7.0,4.0,2.0,4.0,9.0,29.0,192.0,850.0
scna-fp16,exp,tree,on,8,8,1,608.0,349.0,273.0,4.0,131.0,107.0,7.0,4.0,2.0,4.0,8.0,30.0,193.0,872.0
scna-fp16,exp,tree,on,8,8,2,611.0,354.0,273.0,4.0,132.0,104.0,7.0,4.0,2.0,4.0,10.0,27.0,192.0,866.0
scna-fp16,exp,tree,on,8,8,3,610.0,351.0,273.0,4.0,131.0,107.0,7.0,4.0,2.0,4.0,10.0,30.0,192.0,869.0
scna-fp16,exp,tree,on,8,8,4,612.0,353.0,277.0,4.0,132.0,106.0,7.0,4.0,2.0,4.0,8.0,29.0,192.0,835.0
scna-fp16,exp,tree,on,8,8,5,606.0,350.0,273.0,4.0,131.0,104.0,7.0,4.0,2.0,4.0,10.0,28.0,192.0,834.0
scna-fp16,exp,tree,on,8,8,6,608.0,351.0,273.0,4.0,131.0,105.0,7.0,4.0,2.0,4.0,10.0,26.0,193.0,864.0
scna-fp16,exp,tree,on,8,8,7,606.0,350.0,273.0,4.0,130.0,105.0,7.0,4.0,2.0,4.0,8.0,26.0,192.0,864.0
scna-fp16,exp,tree,on,8,8,8,608.0,352.0,273.0,4.0,130.0,105.0,7.0,4.0,2.0,4.0,9.0,26.0,192.0,848.0
scna-fp16,exp,tree,on,8,8,9,605.0,351.0,273.0,4.0,130.0,104.0,6.0,4.0,2.0,4.0,9.0,27.0,192.0,838.0
scna-fp16,exp,tree,on,8,8,10,610.0,349.0,273.0,4.0,131.0,109.0,7.0,4.0,2.0,4.0,9.0,31.0,192.0,847.0
scna-fp16,exp,tree,on,8,8,11,626.0,356.0,273.0,4.0,137.0,113.0,6.0,4.0,2.0,4.0,10.0,42.0,192.0,850.0
scna-fp16,exp,tree,on,8,8,12,627.0,357.0,274.0,4.0,135.0,114.0,7.0,4.0,2.0,4.0,9.0,41.0,192.0,863.0
scna-fp16,exp,tree,on,8,8,13,626.0,356.0,275.0,4.0,135.0,114.0,7.0,4.0,2.0,4.0,8.0,40.0,193.0,813.0
scna-fp16,exp,tree,on,8,8,14,624.0,354.0,273.0,4.0,136.0,113.0,7.0,4.0,2.0,4.0,9.0,41.0,192.0,832.0
scna-fp16,exp,tree,on,8,8,15,625.0,355.0,273.0,4.0,135.0,115.0,6.0,4.0,2.0,4.0,9.0,41.0,192.0,904.0
scna-fp16,exp,tree,on,8,8,16,624.0,356.0,274.0,4.0,134.0,113.0,7.0,4.0,2.0,4.0,9.0,39.0,192.0,849.0
scna-fp16,exp,tree,on,8,8,17,622.0,357.0,274.0,4.0,134.0,110.0,7.0,4.0,2.0,4.0,9.0,36.0,192.0,818.0
scna-fp16,exp,tree,on,8,8,18,619.0,354.0,273.0,4.0,134.0,110.0,7.0,4.0,2.0,4.0,10.0,37.0,192.0,827.0
scna-fp16,exp,tree,on,8,8,19,621.0,354.0,274.0,4.0,134.0,112.0,7.0,4.0,2.0,4.0,8.0,38.0,193.0,821.0
scna-fp16,exp,tree,on,8,16,0,951.0,683.0,540.0,7.0,130.0,98.0,11.0,9.0,3.0,10.0,9.0,20.0,194.0,1213.0
scna-fp16,exp,tree,on,8,16,1,954.0,687.0,541.0,7.0,130.0,97.0,10.0,9.0,3.0,11.0,10.0,18.0,193.0,1230.0
scna-fp16,exp,tree,on,8,16,2,956.0,686.0,540.0,7.0,131.0,98.0,11.0,9.0,3.0,11.0,10.0,20.0,192.0,1223.0
scna-fp16,exp,tree,on,8,16,3,954.0,688.0,540.0,7.0,130.0,97.0,10.0,9.0,2.0,11.0,10.0,18.0,194.0,1178.0
scna-fp16,exp,tree,on,8,16,4,954.0,686.0,540.0,7.0,131.0,97.0,11.0,9.0,2.0,11.0,10.0,18.0,194.0,1269.0
scna-fp16,exp,tree,on,8,16,5,948.0,681.0,541.0,7.0,132.0,97.0,10.0,9.0,2.0,10.0,10.0,18.0,192.0,1264.0
scna-fp16,exp,tree,on,8,16,6,951.0,683.0,540.0,7.0,132.0,96.0,11.0,9.0,2.0,11.0,10.0,18.0,193.0,1159.0
scna-fp16,exp,tree,on,8,16,7,947.0,681.0,540.0,7.0,131.0,97.0,10.0,9.0,2.0,10.0,10.0,18.0,193.0,1260.0
scna-fp16,exp,tree,on,8,16,8,953.0,684.0,540.0,7.0,132.0,97.0,11.0,9.0,2.0,11.0,10.0,19.0,193.0,1252.0
scna-fp16,exp,tree,on,8,16,9,950.0,682.0,540.0,7.0,131.0,99.0,10.0,9.0,2.0,10.0,9.0,21.0,192.0,1224.0
scna-fp16,exp,tree,on,8,16,10,955.0,684.0,540.0,7.0,130.0,100.0,11.0,9.0,3.0,11.0,10.0,21.0,192.0,1275.0
scna-fp16,exp,tree,on,8,16,11,962.0,694.0,539.0,8.0,131.0,98.0,10.0,8.0,2.0,11.0,10.0,19.0,193.0,1206.0
scna-fp16,exp,tree,on,8,16,12,953.0,685.0,539.0,7.0,131.0,98.0,11.0,8.0,3.0,10.0,10.0,18.0,193.0,1256.0
scna-fp16,exp,tree,on,8,16,13,963.0,693.0,540.0,8.0,131.0,98.0,10.0,9.0,3.0,11.0,9.0,20.0,193.0,1206.0
scna-fp16,exp,tree,on,8,16,14,959.0,690.0,540.0,8.0,131.0,97.0,11.0,9.0,2.0,11.0,9.0,18.0,193.0,1196.0
scna-fp16,exp,tree,on,8,16,15,957.0,690.0,540.0,8.0,131.0,97.0,10.0,9.0,2.0,10.0,9.0,19.0,193.0,1219.0
scna-fp16,exp,tree,on,8,16,16,963.0,693.0,539.0,8.0,131.0,98.0,11.0,9.0,2.0,11.0,9.0,18.0,193.0,1199.0
scna-fp16,exp,tree,on,8,16,17,959.0,691.0,539.0,8.0,131.0,97.0,10.0,9.0,2.0,11.0,9.0,19.0,193.0,1222.0
scna-fp16,exp,tree,on,8,16,18,963.0,693.0,540.0,7.0,131.0,99.0,11.0,9.0,2.0,11.0,9.0,19.0,194.0,1265.0
scna-fp16,exp,tree,on,8,16,19,967.0,697.0,540.0,8.0,133.0,97.0,10.0,9.0,2.0,11.0,10.0,20.0,193.0,1267.0
scna-fp16,exp,tree,on,8,32,0,1695.0,1378.0,1073.0,15.0,131.0,102.0,24.0,21.0,4.0,20.0,10.0,22.0,193.0,1973.0
scna-fp16,exp,tree,on,8,32,1,1691.0,1376.0,1073.0,14.0,131.0,102.0,24.0,20.0,4.0,20.0,10.0,23.0,192.0,1968.0
scna-fp16,exp,tree,on,8,32,2,1745.0,1386.0,1073.0,14.0,131.0,145.0,24.0,20.0,4.0,21.0,9.0,65.0,193.0,1979.0
scna-fp16,exp,tree,on,8,32,3,1892.0,1449.0,1088.0,14.0,183.0,180.0,22.0,20.0,4.0,20.0,10.0,153.0,192.0,2157.0
scna-fp16,exp,tree,on,8,32,4,1905.0,1451.0,1087.0,14.0,188.0,183.0,23.0,21.0,4.0,21.0,9.0,161.0,192.0,2252.0
scna-fp16,exp,tree,on,8,32,5,1911.0,1458.0,1088.0,14.0,188.0,183.0,22.0,22.0,4.0,20.0,10.0,160.0,193.0,2265.0
scna-fp16,exp,tree,on,8,32,6,1900.0,1459.0,1088.0,14.0,181.0,180.0,22.0,20.0,4.0,20.0,9.0,151.0,193.0,2250.0
scna-fp16,exp,tree,on,8,32,7,1899.0,1453.0,1086.0,14.0,184.0,181.0,22.0,20.0,4.0,21.0,9.0,156.0,192.0,2170.0
scna-fp16,exp,tree,on,8,32,8,1901.0,1451.0,1087.0,14.0,186.0,182.0,23.0,20.0,4.0,21.0,10.0,158.0,194.0,2143.0
scna-fp16,exp,tree,on,8,32,9,1858.0,1449.0,1083.0,14.0,167.0,162.0,22.0,20.0,4.0,20.0,10.0,120.0,192.0,2140.0
scna-fp16,exp,tree,on,8,32,10,1822.0,1434.0,1080.0,14.0,154.0,153.0,22.0,21.0,4.0,20.0,9.0,97.0,192.0,2123.0
scna-fp16,exp,tree,on,8,32,11,1824.0,1439.0,1079.0,14.0,155.0,149.0,22.0,21.0,4.0,20.0,10.0,95.0,192.0,2153.0
scna-fp16,exp,tree,on,8,32,12,1819.0,1434.0,1078.0,14.0,152.0,153.0,22.0,20.0,4.0,20.0,9.0,96.0,192.0,2120.0
scna-fp16,exp,tree,on,8,32,13,1808.0,1425.0,1079.0,14.0,153.0,150.0,22.0,20.0,4.0,20.0,8.0,93.0,193.0,2125.0
scna-fp16,exp,tree,on,8,32,14,1823.0,1444.0,1078.0,14.0,147.0,150.0,23.0,21.0,4.0,20.0,9.0,89.0,193.0,2137.0
scna-fp16,exp,tree,on,8,32,15,1821.0,1436.0,1078.0,14.0,153.0,150.0,23.0,21.0,4.0,20.0,9.0,94.0,192.0,2121.0
scna-fp16,exp,tree,on,8,32,16,1813.0,1437.0,1079.0,14.0,152.0,142.0,22.0,21.0,4.0,21.0,9.0,85.0,192.0,2048.0
scna-fp16,exp,tree,on,8,32,17,1821.0,1438.0,1078.0,14.0,153.0,150.0,22.0,20.0,4.0,20.0,10.0,93.0,192.0,2124.0
scna-fp16,exp,tree,on,8,32,18,1819.0,1435.0,1079.0,14.0,155.0,148.0,22.0,21.0,4.0,20.0,9.0,93.0,192.0,2132.0
scna-fp16,exp,tree,on,8,32,19,1819.0,1433.0,1079.0,14.0,153.0,150.0,23.0,21.0,4.0,21.0,8.0,95.0,192.0,2127.0
scna-fp16,exp,tree,on,16,4,0,450.0,198.0,158.0,2.0,131.0,113.0,3.0,0.0,1.0,2.0,8.0,35.0,192.0,685.0
scna-fp16,exp,tree,on,16,4,1,445.0,198.0,158.0,2.0,131.0,109.0,2.0,0.0,1.0,2.0,9.0,31.0,193.0,686.0
scna-fp16,exp,tree,on,16,4,2,449.0,199.0,158.0,2.0,131.0,111.0,3.0,0.0,1.0,2.0,8.0,33.0,193.0,687.0
scna-fp16,exp,tree,on,16,4,3,450.0,199.0,158.0,2.0,130.0,113.0,3.0,0.0,1.0,2.0,8.0,35.0,193.0,685.0
scna-fp16,exp,tree,on,16,4,4,443.0,199.0,158.0,2.0,131.0,106.0,2.0,0.0,1.0,2.0,8.0,28.0,194.0,687.0
scna-fp16,exp,tree,on,16,4,5,449.0,199.0,158.0,2.0,130.0,112.0,3.0,0.0,1.0,2.0,9.0,33.0,194.0,687.0
scna-fp16,exp,tree,on,16,4,6,445.0,199.0,158.0,2.0,130.0,108.0,3.0,0.0,1.0,2.0,8.0,30.0,193.0,686.0
scna-fp16,exp,tree,on,16,4,7,443.0,198.0,158.0,2.0,132.0,106.0,2.0,0.0,1.0,2.0,9.0,29.0,193.0,688.0
scna-fp16,exp,tree,on,16,4,8,447.0,199.0,158.0,2.0,131.0,109.0,3.0,0.0,1.0,2.0,9.0,30.0,193.0,688.0
scna-fp16,exp,tree,on,16,4,9,445.0,198.0,158.0,2.0,131.0,108.0,3.0,0.0,1.0,2.0,8.0,30.0,192.0,689.0
scna-fp16,exp,tree,on,16,4,10,450.0,198.0,158.0,2.0,131.0,114.0,2.0,0.0,1.0,2.0,8.0,35.0,193.0,687.0
scna-fp16,exp,tree,on,16,4,11,446.0,199.0,158.0,2.0,130.0,109.0,3.0,0.0,1.0,2.0,9.0,30.0,193.0,687.0
scna-fp16,exp,tree,on,16,4,12,447.0,198.0,158.0,2.0,132.0,109.0,3.0,0.0,1.0,2.0,8.0,30.0,193.0,689.0
scna-fp16,exp,tree,on,16,4,13,444.0,198.0,158.0,2.0,130.0,109.0,2.0,0.0,1.0,2.0,9.0,31.0,193.0,686.0
scna-fp16,exp,tree,on,16,4,14,444.0,199.0,158.0,2.0,131.0,106.0,3.0,0.0,1.0,2.0,9.0,29.0,193.0,689.0
scna-fp16,exp,tree,on,16,4,15,443.0,199.0,158.0,2.0,130.0,107.0,3.0,0.0,0.0,2.0,9.0,28.0,193.0,686.0
scna-fp16,exp,tree,on,16,4,16,448.0,199.0,158.0,2.0,131.0,111.0,2.0,0.0,1.0,2.0,8.0,32.0,193.0,621.0
scna-fp16,exp,tree,on,16,4,17,450.0,200.0,158.0,2.0,132.0,110.0,3.0,0.0,1.0,2.0,8.0,34.0,193.0,705.0
scna-fp16,exp,tree,on,16,4,18,449.0,200.0,158.0,2.0,131.0,110.0,3.0,0.0,1.0,2.0,8.0,32.0,194.0,672.0
scna-fp16,exp,tree,on,16,4,19,451.0,200.0,158.0,2.0,132.0,112.0,2.0,0.0,1.0,2.0,9.0,35.0,194.0,707.0
scna-fp16,exp,tree,on,16,8,0,644.0,391.0,313.0,4.0,130.0,102.0,7.0,4.0,2.0,4.0,8.0,24.0,193.0,929.0
scna-fp16,exp,tree,on,16,8,1,645.0,391.0,313.0,4.0,130.0,104.0,6.0,4.0,2.0,4.0,8.0,25.0,192.0,937.0
scna-fp16,exp,tree,on,16,8,2,648.0,392.0,313.0,4.0,131.0,104.0,7.0,4.0,2.0,4.0,9.0,26.0,192.0,935.0
scna-fp16,exp,tree,on,16,8,3,647.0,394.0,312.0,4.0,130.0,103.0,6.0,4.0,2.0,4.0,8.0,24.0,192.0,1011.0
scna-fp16,exp,tree,on,16,8,4,639.0,388.0,313.0,4.0,130.0,100.0,7.0,4.0,2.0,4.0,9.0,22.0,192.0,882.0
scna-fp16,exp,tree,on,16,8,5,637.0,387.0,313.0,4.0,130.0,100.0,6.0,4.0,2.0,4.0,10.0,23.0,192.0,847.0
scna-fp16,exp,tree,on,16,8,6,640.0,387.0,313.0,4.0,131.0,101.0,7.0,4.0,2.0,4.0,9.0,22.0,193.0,935.0
scna-fp16,exp,tree,on,16,8,7,645.0,394.0,315.0,4.0,130.0,101.0,6.0,4.0,2.0,4.0,8.0,23.0,192.0,939.0
scna-fp16,exp,tree,on,16,8,8,641.0,387.0,313.0,4.0,130.0,103.0,7.0,4.0,2.0,4.0,8.0,24.0,193.0,932.0
scna-fp16,exp,tree,on,16,8,9,647.0,393.0,313.0,4.0,130.0,104.0,6.0,4.0,2.0,4.0,8.0,24.0,192.0,933.0
scna-fp16,exp,tree,on,16,8,10,645.0,392.0,313.0,3.0,130.0,103.0,7.0,4.0,2.0,4.0,8.0,24.0,194.0,903.0
scna-fp16,exp,tree,on,16,8,11,650.0,394.0,312.0,4.0,131.0,105.0,6.0,4.0,2.0,4.0,8.0,27.0,194.0,839.0
scna-fp16,exp,tree,on,16,8,12,646.0,392.0,312.0,3.0,131.0,103.0,7.0,4.0,2.0,4.0,9.0,26.0,192.0,956.0
scna-fp16,exp,tree,on,16,8,13,644.0,392.0,312.0,4.0,130.0,102.0,6.0,4.0,2.0,4.0,10.0,23.0,194.0,847.0
scna-fp16,exp,tree,on,16,8,14,639.0,388.0,312.0,4.0,130.0,100.0,7.0,4.0,2.0,4.0,9.0,22.0,192.0,822.0
scna-fp16,exp,tree,on,16,8,15,639.0,389.0,312.0,4.0,130.0,100.0,6.0,4.0,2.0,4.0,9.0,21.0,192.0,825.0
scna-fp16,exp,tree,on,16,8,16,640.0,390.0,312.0,4.0,130.0,99.0,7.0,4.0,2.0,4.0,10.0,20.0,193.0,913.0
scna-fp16,exp,tree,on,16,8,17,640.0,390.0,312.0,4.0,130.0,100.0,6.0,4.0,2.0,4.0,8.0,22.0,194.0,843.0
scna-fp16,exp,tree,on,16,8,18,641.0,389.0,312.0,4.0,131.0,100.0,7.0,4.0,2.0,4.0,8.0,22.0,192.0,898.0
scna-fp16,exp,tree,on,16,8,19,639.0,390.0,312.0,3.0,131.0,99.0,6.0,4.0,2.0,4.0,8.0,21.0,194.0,877.0
scna-fp16,exp,tree,on,16,16,0,1092.0,795.0,623.0,7.0,134.0,124.0,11.0,8.0,3.0,10.0,8.0,49.0,192.0,1324.0
scna-fp16,exp,tree,on,16,16,1,1090.0,791.0,623.0,7.0,136.0,125.0,10.0,8.0,3.0,10.0,8.0,51.0,193.0,1312.0
scna-fp16,exp,tree,on,16,16,2,1089.0,793.0,623.0,7.0,135.0,123.0,11.0,8.0,2.0,10.0,9.0,49.0,192.0,1312.0
scna-fp16,exp,tree,on,16,16,3,1091.0,797.0,623.0,7.0,133.0,124.0,10.0,8.0,2.0,10.0,10.0,49.0,192.0,1320.0
scna-fp16,exp,tree,on,16,16,4,1092.0,796.0,623.0,7.0,133.0,125.0,11.0,8.0,2.0,10.0,9.0,49.0,192.0,1311.0
scna-fp16,exp,tree,on,16,16,5,1157.0,799.0,628.0,7.0,153.0,168.0,10.0,8.0,2.0,10.0,10.0,110.0,192.0,1396.0
scna-fp16,exp,tree,on,16,16,6,1191.0,810.0,632.0,7.0,169.0,173.0,11.0,8.0,3.0,10.0,8.0,132.0,192.0,1486.0
scna-fp16,exp,tree,on,16,16,7,1182.0,809.0,632.0,7.0,170.0,165.0,10.0,8.0,3.0,10.0,10.0,127.0,193.0,1486.0
scna-fp16,exp,tree,on,16,16,8,1181.0,806.0,632.0,7.0,168.0,168.0,11.0,8.0,3.0,10.0,10.0,127.0,192.0,1490.0
scna-fp16,exp,tree,on,16,16,9,1170.0,807.0,631.0,7.0,164.0,161.0,10.0,8.0,3.0,10.0,10.0,117.0,192.0,1462.0
scna-fp16,exp,tree,on,16,16,10,1175.0,807.0,630.0,7.0,165.0,164.0,11.0,8.0,3.0,10.0,10.0,122.0,192.0,1489.0
scna-fp16,exp,tree,on,16,16,11,1168.0,803.0,630.0,7.0,166.0,161.0,10.0,8.0,3.0,10.0,9.0,118.0,192.0,1402.0
scna-fp16,exp,tree,on,16,16,12,1165.0,806.0,630.0,7.0,162.0,159.0,11.0,8.0,2.0,10.0,10.0,113.0,192.0,1379.0
scna-fp16,exp,tree,on,16,16,13,1162.0,804.0,631.0,7.0,163.0,158.0,10.0,8.0,2.0,10.0,9.0,111.0,192.0,1490.0
scna-fp16,exp,tree,on,16,16,14,1172.0,808.0,630.0,7.0,168.0,157.0,11.0,8.0,3.0,10.0,9.0,115.0,192.0,1489.0
scna-fp16,exp,tree,on,16,16,15,1168.0,805.0,630.0,7.0,163.0,162.0,10.0,8.0,3.0,10.0,9.0,114.0,192.0,1477.0
scna-fp16,exp,tree,on,16,16,16,1168.0,804.0,630.0,7.0,162.0,163.0,11.0,8.0,3.0,10.0,8.0,115.0,193.0,1479.0
scna-fp16,exp,tree,on,16,16,17,1167.0,810.0,630.0,7.0,162.0,158.0,10.0,8.0,2.0,10.0,9.0,111.0,192.0,1471.0
scna-fp16,exp,tree,on,16,16,18,1172.0,803.0,630.0,7.0,169.0,161.0,11.0,8.0,3.0,10.0,9.0,122.0,192.0,1472.0
scna-fp16,exp,tree,on,16,16,19,1170.0,805.0,630.0,7.0,168.0,159.0,10.0,8.0,3.0,10.0,10.0,119.0,192.0,1464.0
scna-fp16,exp,tree,on,16,32,0,1948.0,1591.0,1239.0,14.0,142.0,132.0,24.0,20.0,5.0,20.0,9.0,65.0,192.0,2218.0
scna-fp16,exp,tree,on,16,32,1,1933.0,1587.0,1240.0,14.0,139.0,125.0,23.0,21.0,4.0,20.0,8.0,55.0,192.0,2270.0
scna-fp16,exp,tree,on,16,32,2,1936.0,1586.0,1239.0,14.0,138.0,129.0,24.0,21.0,4.0,20.0,10.0,58.0,192.0,2230.0
scna-fp16,exp,tree,on,16,32,3,1934.0,1587.0,1239.0,14.0,138.0,125.0,24.0,21.0,4.0,21.0,10.0,55.0,192.0,2252.0
scna-fp16,exp,tree,on,16,32,4,1961.0,1588.0,1240.0,14.0,148.0,142.0,23.0,20.0,5.0,21.0,9.0,80.0,192.0,2235.0
scna-fp16,exp,tree,on,16,32,5,1979.0,1598.0,1242.0,14.0,152.0,146.0,23.0,20.0,5.0,21.0,10.0,89.0,193.0,2341.0
scna-fp16,exp,tree,on,16,32,6,1989.0,1596.0,1242.0,14.0,155.0,154.0,24.0,20.0,5.0,21.0,10.0,100.0,192.0,2257.0
scna-fp16,exp,tree,on,16,32,7,1986.0,1596.0,1242.0,14.0,157.0,149.0,24.0,21.0,4.0,21.0,9.0,97.0,192.0,2291.0
scna-fp16,exp,tree,on,16,32,8,1980.0,1594.0,1242.0,14.0,157.0,145.0,24.0,21.0,4.0,21.0,9.0,92.0,192.0,2281.0
scna-fp16,exp,tree,on,16,32,9,1989.0,1596.0,1243.0,14.0,157.0,152.0,23.0,21.0,5.0,21.0,9.0,100.0,192.0,2281.0
scna-fp16,exp,tree,on,16,32,10,1987.0,1595.0,1242.0,14.0,156.0,153.0,23.0,20.0,5.0,21.0,9.0,100.0,192.0,2272.0
scna-fp16,exp,tree,on,16,32,11,1989.0,1595.0,1242.0,14.0,154.0,156.0,24.0,21.0,4.0,21.0,9.0,103.0,191.0,2260.0
scna-fp16,exp,tree,on,16,32,12,1966.0,1590.0,1241.0,14.0,152.0,140.0,24.0,21.0,4.0,21.0,10.0,83.0,193.0,2312.0
scna-fp16,exp,tree,on,16,32,13,1968.0,1588.0,1242.0,14.0,155.0,142.0,24.0,21.0,4.0,20.0,10.0,88.0,192.0,2310.0
scna-fp16,exp,tree,on,16,32,14,1983.0,1592.0,1242.0,14.0,156.0,153.0,23.0,21.0,4.0,20.0,9.0,100.0,192.0,2270.0
scna-fp16,exp,tree,on,16,32,15,1981.0,1593.0,1243.0,14.0,156.0,149.0,24.0,20.0,5.0,20.0,10.0,97.0,193.0,2279.0
scna-fp16,exp,tree,on,16,32,16,1950.0,1585.0,1242.0,14.0,149.0,134.0,23.0,20.0,5.0,20.0,9.0,73.0,193.0,2304.0
scna-fp16,exp,tree,on,16,32,17,1951.0,1585.0,1241.0,14.0,147.0,136.0,24.0,21.0,4.0,20.0,9.0,74.0,192.0,2297.0
scna-fp16,exp,tree,on,16,32,18,1963.0,1588.0,1240.0,14.0,148.0,143.0,24.0,21.0,5.0,20.0,9.0,82.0,192.0,2259.0
scna-fp16,exp,tree,on,16,32,19,1949.0,1583.0,1240.0,14.0,148.0,134.0,24.0,21.0,5.0,20.0,10.0,73.0,193.0,2292.0
scna-fp16,exp,tree,on,32,4,0,481.0,240.0,198.0,1.0,130.0,102.0,4.0,0.0,0.0,4.0,8.0,23.0,193.0,658.0
scna-fp16,exp,tree,on,32,4,1,479.0,239.0,198.0,1.0,131.0,100.0,4.0,0.0,0.0,4.0,9.0,21.0,192.0,676.0
scna-fp16,exp,tree,on,32,4,2,478.0,239.0,198.0,1.0,130.0,101.0,3.0,0.0,0.0,4.0,10.0,22.0,192.0,679.0
scna-fp16,exp,tree,on,32,4,3,480.0,239.0,198.0,1.0,130.0,103.0,3.0,0.0,0.0,4.0,8.0,25.0,192.0,667.0
scna-fp16,exp,tree,on,32,4,4,478.0,239.0,199.0,2.0,130.0,100.0,3.0,0.0,1.0,3.0,9.0,22.0,192.0,746.0
scna-fp16,exp,tree,on,32,4,5,479.0,239.0,198.0,2.0,130.0,101.0,3.0,0.0,0.0,4.0,9.0,22.0,193.0,658.0
scna-fp16,exp,tree,on,32,4,6,476.0,238.0,198.0,2.0,130.0,99.0,3.0,0.0,1.0,3.0,10.0,21.0,193.0,666.0
scna-fp16,exp,tree,on,32,4,7,480.0,239.0,198.0,1.0,130.0,103.0,3.0,0.0,1.0,3.0,9.0,25.0,192.0,658.0
scna-fp16,exp,tree,on,32,4,8,478.0,237.0,198.0,2.0,130.0,102.0,3.0,0.0,1.0,3.0,8.0,22.0,194.0,655.0
scna-fp16,exp,tree,on,32,4,9,475.0,238.0,198.0,1.0,130.0,100.0,3.0,0.0,0.0,3.0,9.0,22.0,193.0,664.0
scna-fp16,exp,tree,on,32,4,10,480.0,239.0,198.0,3.0,130.0,101.0,3.0,0.0,0.0,4.0,8.0,23.0,193.0,672.0
scna-fp16,exp,tree,on,32,4,11,483.0,241.0,200.0,1.0,131.0,103.0,3.0,0.0,0.0,4.0,9.0,26.0,193.0,694.0
scna-fp16,exp,tree,on,32,4,12,483.0,242.0,199.0,2.0,130.0,103.0,3.0,0.0,1.0,2.0,9.0,24.0,192.0,672.0
scna-fp16,exp,tree,on,32,4,13,490.0,243.0,200.0,2.0,130.0,108.0,3.0,0.0,2.0,2.0,9.0,29.0,193.0,733.0
scna-fp16,exp,tree,on,32,4,14,496.0,244.0,200.0,2.0,133.0,110.0,3.0,0.0,1.0,3.0,10.0,34.0,191.0,762.0
scna-fp16,exp,tree,on,32,4,15,494.0,244.0,200.0,2.0,132.0,110.0,3.0,0.0,0.0,3.0,8.0,33.0,192.0,762.0
scna-fp16,exp,tree,on,32,4,16,504.0,245.0,200.0,2.0,132.0,119.0,3.0,0.0,1.0,2.0,8.0,41.0,192.0,748.0
scna-fp16,exp,tree,on,32,4,17,500.0,244.0,200.0,2.0,133.0,114.0,3.0,0.0,1.0,3.0,8.0,39.0,192.0,736.0
scna-fp16,exp,tree,on,32,4,18,499.0,245.0,200.0,2.0,133.0,112.0,3.0,0.0,1.0,3.0,9.0,38.0,192.0,730.0
scna-fp16,exp,tree,on,32,4,19,500.0,246.0,200.0,2.0,132.0,114.0,3.0,0.0,0.0,3.0,8.0,37.0,192.0,751.0
scna-fp16,exp,tree,on,32,8,0,759.0,476.0,394.0,4.0,140.0,122.0,7.0,4.0,2.0,4.0,9.0,54.0,193.0,1005.0
scna-fp16,exp,tree,on,32,8,1,756.0,477.0,394.0,4.0,137.0,122.0,6.0,4.0,2.0,4.0,8.0,50.0,194.0,1045.0
scna-fp16,exp,tree,on,32,8,2,763.0,480.0,394.0,4.0,138.0,124.0,7.0,4.0,2.0,4.0,8.0,54.0,193.0,1019.0
scna-fp16,exp,tree,on,32,8,3,753.0,476.0,394.0,4.0,137.0,120.0,6.0,4.0,2.0,4.0,8.0,49.0,192.0,1032.0
scna-fp16,exp,tree,on,32,8,4,759.0,476.0,393.0,4.0,138.0,124.0,7.0,4.0,2.0,4.0,8.0,53.0,192.0,1024.0
scna-fp16,exp,tree,on,32,8,5,754.0,476.0,393.0,4.0,136.0,122.0,6.0,4.0,2.0,4.0,8.0,50.0,192.0,1003.0
scna-fp16,exp,tree,on,32,8,6,756.0,478.0,393.0,4.0,136.0,121.0,7.0,4.0,2.0,4.0,8.0,51.0,191.0,1002.0
scna-fp16,exp,tree,on,32,8,7,754.0,476.0,394.0,4.0,137.0,121.0,6.0,4.0,2.0,4.0,8.0,49.0,193.0,1019.0
scna-fp16,exp,tree,on,32,8,8,752.0,476.0,394.0,4.0,136.0,119.0,7.0,4.0,2.0,4.0,8.0,47.0,192.0,1002.0
scna-fp16,exp,tree,on,32,8,9,755.0,477.0,394.0,4.0,137.0,121.0,6.0,4.0,2.0,4.0,8.0,50.0,193.0,1007.0
scna-fp16,exp,tree,on,32,8,10,753.0,479.0,394.0,4.0,136.0,116.0,7.0,5.0,2.0,4.0,9.0,44.0,193.0,1005.0
scna-fp16,exp,tree,on,32,8,11,748.0,475.0,393.0,4.0,135.0,117.0,6.0,5.0,2.0,4.0,8.0,44.0,192.0,1015.0
scna-fp16,exp,tree,on,32,8,12,753.0,480.0,393.0,4.0,135.0,115.0,7.0,6.0,2.0,4.0,8.0,43.0,193.0,1001.0
scna-fp16,exp,tree,on,32,8,13,756.0,478.0,393.0,4.0,135.0,122.0,6.0,5.0,2.0,4.0,8.0,48.0,193.0,1000.0
scna-fp16,exp,tree,on,32,8,14,760.0,478.0,394.0,4.0,138.0,122.0,7.0,5.0,2.0,4.0,8.0,52.0,192.0,1005.0
scna-fp16,exp,tree,on,32,8,15,754.0,478.0,393.0,4.0,137.0,118.0,6.0,5.0,2.0,4.0,8.0,47.0,193.0,1005.0
scna-fp16,exp,tree,on,32,8,16,754.0,474.0,394.0,4.0,136.0,121.0,7.0,6.0,2.0,4.0,9.0,48.0,193.0,988.0
scna-fp16,exp,tree,on,32,8,17,755.0,479.0,393.0,4.0,138.0,117.0,6.0,5.0,2.0,4.0,8.0,46.0,193.0,997.0
scna-fp16,exp,tree,on,32,8,18,765.0,481.0,395.0,4.0,140.0,122.0,7.0,5.0,2.0,4.0,8.0,54.0,192.0,959.0
scna-fp16,exp,tree,on,32,8,19,776.0,482.0,395.0,4.0,147.0,126.0,6.0,5.0,2.0,4.0,9.0,65.0,193.0,970.0
scna-fp16,exp,tree,on,32,16,0,1193.0,926.0,776.0,7.0,131.0,98.0,10.0,9.0,2.0,10.0,10.0,19.0,193.0,1415.0
scna-fp16,exp,tree,on,32,16,1,1194.0,924.0,775.0,7.0,131.0,99.0,11.0,9.0,3.0,10.0,8.0,20.0,194.0,1446.0
scna-fp16,exp,tree,on,32,16,2,1198.0,926.0,775.0,7.0,131.0,102.0,11.0,9.0,2.0,10.0,9.0,23.0,193.0,1499.0
scna-fp16,exp,tree,on,32,16,3,1191.0,923.0,775.0,7.0,131.0,98.0,11.0,9.0,2.0,10.0,9.0,19.0,193.0,1445.0
scna-fp16,exp,tree,on,32,16,4,1194.0,924.0,776.0,7.0,131.0,100.0,11.0,9.0,2.0,10.0,8.0,21.0,194.0,1440.0
scna-fp16,exp,tree,on,32,16,5,1190.0,920.0,775.0,7.0,132.0,100.0,10.0,9.0,2.0,10.0,8.0,23.0,192.0,1516.0
scna-fp16,exp,tree,on,32,16,6,1188.0,920.0,775.0,7.0,131.0,99.0,10.0,9.0,2.0,10.0,10.0,19.0,194.0,1447.0
scna-fp16,exp,tree,on,32,16,7,1191.0,921.0,776.0,7.0,131.0,101.0,10.0,9.0,2.0,10.0,10.0,21.0,194.0,1435.0
scna-fp16,exp,tree,on,32,16,8,1192.0,922.0,776.0,7.0,131.0,100.0,10.0,10.0,2.0,10.0,9.0,20.0,194.0,1423.0
scna-fp16,exp,tree,on,32,16,9,1187.0,920.0,776.0,7.0,131.0,98.0,10.0,9.0,2.0,10.0,10.0,21.0,193.0,1446.0
scna-fp16,exp,tree,on,32,16,10,1185.0,918.0,774.0,7.0,130.0,99.0,10.0,9.0,2.0,10.0,9.0,20.0,193.0,1433.0
scna-fp16,exp,tree,on,32,16,11,1189.0,919.0,775.0,7.0,131.0,101.0,10.0,9.0,2.0,10.0,9.0,21.0,192.0,1426.0
scna-fp16,exp,tree,on,32,16,12,1184.0,916.0,775.0,7.0,131.0,99.0,10.0,9.0,2.0,10.0,10.0,20.0,193.0,1421.0
scna-fp16,exp,tree,on,32,16,13,1187.0,917.0,776.0,7.0,133.0,99.0,10.0,9.0,2.0,10.0,9.0,22.0,192.0,1423.0
scna-fp16,exp,tree,on,32,16,14,1188.0,919.0,776.0,8.0,131.0,99.0,10.0,9.0,2.0,10.0,10.0,21.0,194.0,1428.0
scna-fp16,exp,tree,on,32,16,15,1189.0,920.0,775.0,7.0,131.0,100.0,10.0,9.0,2.0,10.0,8.0,21.0,194.0,1421.0
scna-fp16,exp,tree,on,32,16,16,1187.0,918.0,775.0,7.0,133.0,98.0,10.0,9.0,2.0,10.0,9.0,21.0,193.0,1476.0
scna-fp16,exp,tree,on,32,16,17,1185.0,918.0,775.0,7.0,131.0,98.0,10.0,9.0,2.0,10.0,9.0,19.0,192.0,1510.0
scna-fp16,exp,tree,on,32,16,18,1187.0,918.0,775.0,7.0,133.0,98.0,10.0,9.0,2.0,10.0,9.0,20.0,193.0,1493.0
scna-fp16,exp,tree,on,32,16,19,1180.0,914.0,775.0,7.0,130.0,98.0,10.0,9.0,2.0,10.0,9.0,18.0,193.0,1399.0
scna-fp16,exp,tree,on,32,32,0,2162.0,1851.0,1540.0,14.0,131.0,97.0,24.0,21.0,4.0,20.0,8.0,18.0,192.0,2435.0
scna-fp16,exp,tree,on,32,32,1,2161.0,1851.0,1540.0,14.0,131.0,97.0,23.0,21.0,4.0,20.0,8.0,17.0,194.0,2405.0
scna-fp16,exp,tree,on,32,32,2,2159.0,1848.0,1541.0,15.0,131.0,97.0,23.0,21.0,4.0,20.0,10.0,18.0,193.0,2487.0
scna-fp16,exp,tree,on,32,32,3,2169.0,1859.0,1540.0,15.0,131.0,96.0,24.0,21.0,3.0,20.0,10.0,17.0,192.0,2444.0
scna-fp16,exp,tree,on,32,32,4,2159.0,1847.0,1541.0,14.0,131.0,97.0,24.0,22.0,4.0,20.0,9.0,18.0,194.0,2439.0
scna-fp16,exp,tree,on,32,32,5,2166.0,1854.0,1544.0,14.0,131.0,99.0,23.0,21.0,4.0,20.0,10.0,20.0,192.0,2475.0
scna-fp16,exp,tree,on,32,32,6,2167.0,1857.0,1542.0,14.0,131.0,96.0,24.0,21.0,4.0,20.0,8.0,18.0,193.0,2486.0
scna-fp16,exp,tree,on,32,32,7,2175.0,1864.0,1541.0,15.0,131.0,97.0,23.0,21.0,4.0,20.0,10.0,17.0,194.0,2488.0
scna-fp16,exp,tree,on,32,32,8,2171.0,1858.0,1540.0,15.0,131.0,97.0,24.0,22.0,4.0,20.0,9.0,18.0,194.0,2470.0
scna-fp16,exp,tree,on,32,32,9,2166.0,1856.0,1541.0,14.0,131.0,97.0,23.0,21.0,4.0,20.0,9.0,18.0,193.0,2492.0
scna-fp16,exp,tree,on,32,32,10,2165.0,1854.0,1541.0,14.0,132.0,97.0,23.0,21.0,4.0,20.0,10.0,19.0,193.0,2483.0
scna-fp16,exp,tree,on,32,32,11,2163.0,1853.0,1540.0,14.0,131.0,97.0,23.0,21.0,4.0,20.0,10.0,18.0,193.0,2511.0
scna-fp16,exp,tree,on,32,32,12,2162.0,1850.0,1540.0,14.0,132.0,97.0,23.0,22.0,4.0,20.0,10.0,18.0,194.0,2522.0
scna-fp16,exp,tree,on,32,32,13,2167.0,1856.0,1541.0,14.0,132.0,97.0,23.0,21.0,4.0,20.0,10.0,18.0,194.0,2488.0
scna-fp16,exp,tree,on,32,32,14,2161.0,1850.0,1540.0,14.0,132.0,97.0,23.0,21.0,4.0,20.0,9.0,18.0,193.0,2531.0
scna-fp16,exp,tree,on,32,32,15,2162.0,1851.0,1541.0,14.0,131.0,97.0,23.0,22.0,4.0,20.0,10.0,19.0,192.0,2511.0
scna-fp16,exp,tree,on,32,32,16,2164.0,1852.0,1541.0,14.0,131.0,98.0,24.0,21.0,4.0,20.0,10.0,18.0,193.0,2498.0
scna-fp16,exp,tree,on,32,32,17,2170.0,1859.0,1541.0,14.0,132.0,97.0,23.0,21.0,4.0,20.0,9.0,18.0,193.0,2535.0
scna-fp16,exp,tree,on,32,32,18,2169.0,1856.0,1540.0,15.0,131.0,97.0,24.0,22.0,4.0,20.0,10.0,18.0,193.0,2528.0
scna-fp16,exp,tree,on,32,32,19,2166.0,1856.0,1541.0,14.0,131.0,96.0,23.0,22.0,4.0,20.0,10.0,18.0,193.0,2509.0
scna-fp16,exp2,direct,off,8,4,0,800.0,203.0,161.0,2.0,297.0,286.0,5.0,3.0,2.0,2.0,0.0,0.0,0.0,1110.0
scna-fp16,exp2,direct,off,8,4,1,790.0,204.0,162.0,2.0,291.0,280.0,5.0,3.0,2.0,3.0,0.0,0.0,0.0,1110.0
scna-fp16,exp2,direct,off,8,4,2,770.0,205.0,162.0,2.0,286.0,265.0,4.0,3.0,2.0,3.0,0.0,0.0,0.0,1110.0
scna-fp16,exp2,direct,off,8,4,3,804.0,205.0,162.0,2.0,302.0,285.0,4.0,3.0,1.0,2.0,0.0,0.0,0.0,1111.0
scna-fp16,exp2,direct,off,8,4,4,808.0,205.0,161.0,2.0,298.0,289.0,5.0,4.0,2.0,3.0,0.0,0.0,0.0,1137.0
scna-fp16,exp2,direct,off,8,4,5,825.0,204.0,162.0,2.0,312.0,291.0,5.0,4.0,3.0,4.0,0.0,0.0,0.0,1120.0
scna-fp16,exp2,direct,off,8,4,6,818.0,203.0,162.0,2.0,312.0,289.0,4.0,4.0,2.0,2.0,0.0,0.0,0.0,1110.0
scna-fp16,exp2,direct,off,8,4,7,797.0,204.0,162.0,2.0,294.0,284.0,5.0,4.0,2.0,2.0,0.0,0.0,0.0,1133.0
scna-fp16,exp2,direct,off,8,4,8,916.0,216.0,165.0,2.0,350.0,335.0,4.0,3.0,3.0,3.0,0.0,0.0,0.0,1208.0
scna-fp16,exp2,direct,off,8,4,9,899.0,215.0,164.0,2.0,365.0,305.0,4.0,4.0,2.0,2.0,0.0,0.0,0.0,1204.0
scna-fp16,exp2,direct,off,8,4,10,903.0,213.0,163.0,2.0,366.0,309.0,4.0,4.0,2.0,3.0,0.0,0.0,0.0,1215.0
scna-fp16,exp2,direct,off,8,4,11,902.0,212.0,163.0,3.0,355.0,321.0,4.0,3.0,2.0,2.0,0.0,0.0,0.0,1237.0
scna-fp16,exp2,direct,off,8,4,12,909.0,213.0,163.0,3.0,355.0,326.0,4.0,3.0,2.0,3.0,0.0,0.0,0.0,1240.0
scna-fp16,exp2,direct,off,8,4,13,896.0,213.0,163.0,2.0,352.0,316.0,4.0,3.0,2.0,4.0,0.0,0.0,0.0,1150.0
scna-fp16,exp2,direct,off,8,4,14,892.0,212.0,164.0,2.0,360.0,306.0,4.0,3.0,3.0,2.0,0.0,0.0,0.0,1216.0
scna-fp16,exp2,direct,off,8,4,15,874.0,211.0,164.0,2.0,349.0,300.0,4.0,3.0,2.0,3.0,0.0,0.0,0.0,1439.0
scna-fp16,exp2,direct,off,8,4,16,855.0,208.0,162.0,2.0,333.0,301.0,4.0,4.0,1.0,2.0,0.0,0.0,0.0,1143.0
scna-fp16,exp2,direct,off,8,4,17,864.0,209.0,162.0,3.0,337.0,303.0,4.0,4.0,2.0,2.0,0.0,0.0,0.0,1175.0
scna-fp16,exp2,direct,off,8,4,18,866.0,207.0,162.0,2.0,345.0,300.0,4.0,3.0,2.0,3.0,0.0,0.0,0.0,1199.0
scna-fp16,exp2,direct,off,8,4,19,864.0,208.0,163.0,2.0,335.0,306.0,4.0,4.0,3.0,2.0,0.0,0.0,0.0,1176.0
scna-fp16,exp2,direct,off,8,8,0,1024.0,397.0,315.0,4.0,317.0,284.0,8.0,6.0,2.0,6.0,0.0,0.0,0.0,1319.0
scna-fp16,exp2,direct,off,8,8,1,1020.0,397.0,316.0,4.0,314.0,282.0,9.0,6.0,2.0,6.0,0.0,0.0,0.0,1340.0
scna-fp16,exp2,direct,off,8,8,2,1015.0,397.0,315.0,4.0,306.0,285.0,8.0,7.0,2.0,6.0,0.0,0.0,0.0,1335.0
scna-fp16,exp2,direct,off,8,8,3,1028.0,399.0,315.0,4.0,317.0,286.0,8.0,6.0,2.0,6.0,0.0,0.0,0.0,1304.0
scna-fp16,exp2,direct,off,8,8,4,1026.0,398.0,316.0,4.0,311.0,291.0,8.0,6.0,2.0,6.0,0.0,0.0,0.0,1320.0
scna-fp16,exp2,direct,off,8,8,5,1020.0,398.0,315.0,4.0,317.0,279.0,8.0,6.0,2.0,6.0,0.0,0.0,0.0,1264.0
scna-fp16,exp2,direct,off,8,8,6,1145.0,421.0,321.0,4.0,367.0,331.0,8.0,6.0,2.0,6.0,0.0,0.0,0.0,1444.0
scna-fp16,exp2,direct,off,8,8,7,1133.0,420.0,322.0,4.0,368.0,318.0,8.0,6.0,3.0,6.0,0.0,0.0,0.0,1388.0
scna-fp16,exp2,direct,off,8,8,8,1143.0,419.0,320.0,4.0,363.0,334.0,8.0,7.0,2.0,6.0,0.0,0.0,0.0,1449.0
scna-fp16,exp2,direct,off,8,8,9,1152.0,419.0,320.0,4.0,371.0,336.0,8.0,6.0,2.0,6.0,0.0,0.0,0.0,1484.0
scna-fp16,exp2,direct,off,8,8,10,1141.0,417.0,321.0,4.0,362.0,335.0,8.0,6.0,3.0,6.0,0.0,0.0,0.0,1459.0
scna-fp16,exp2,direct,off,8,8,11,1163.0,421.0,320.0,4.0,376.0,340.0,8.0,6.0,2.0,6.0,0.0,0.0,0.0,1496.0
scna-fp16,exp2,direct,off,8,8,12,1146.0,419.0,320.0,5.0,365.0,334.0,8.0,7.0,2.0,6.0,0.0,0.0,0.0,1511.0
scna-fp16,exp2,direct,off,8,8,13,1155.0,418.0,321.0,4.0,378.0,333.0,8.0,6.0,2.0,6.0,0.0,0.0,0.0,1445.0
scna-fp16,exp2,direct,off,8,8,14,1143.0,419.0,320.0,4.0,366.0,331.0,8.0,7.0,2.0,6.0,0.0,0.0,0.0,1423.0
scna-fp16,exp2,direct,off,8,8,15,1154.0,419.0,320.0,4.0,376.0,333.0,8.0,6.0,2.0,6.0,0.0,0.0,0.0,1460.0
scna-fp16,exp2,direct,off,8,8,16,1200.0,427.0,324.0,4.0,381.0,365.0,8.0,7.0,2.0,6.0,0.0,0.0,0.0,1501.0
scna-fp16,exp2,direct,off,8,8,17,1230.0,434.0,327.0,4.0,402.0,367.0,9.0,6.0,2.0,6.0,0.0,0.0,0.0,1552.0
scna-fp16,exp2,direct,off,8,8,18,1234.0,437.0,327.0,4.0,405.0,366.0,8.0,6.0,2.0,6.0,0.0,0.0,0.0,1498.0
scna-fp16,exp2,direct,off,8,8,19,1231.0,434.0,327.0,4.0,405.0,365.0,8.0,7.0,2.0,6.0,0.0,0.0,0.0,1530.0
scna-fp16,exp2,direct,off,8,16,0,1509.0,796.0,623.0,8.0,346.0,324.0,12.0,11.0,2.0,10.0,0.0,0.0,0.0,1859.0
scna-fp16,exp2,direct,off,8,16,1,1531.0,807.0,625.0,8.0,351.0,329.0,12.0,12.0,2.0,10.0,0.0,0.0,0.0,1829.0
scna-fp16,exp2,direct,off,8,16,2,1536.0,818.0,625.0,8.0,355.0,320.0,12.0,11.0,2.0,10.0,0.0,0.0,0.0,1820.0
scna-fp16,exp2,direct,off,8,16,3,1540.0,816.0,626.0,8.0,360.0,321.0,12.0,11.0,2.0,10.0,0.0,0.0,0.0,1843.0
scna-fp16,exp2,direct,off,8,16,4,1546.0,814.0,626.0,8.0,367.0,321.0,12.0,12.0,2.0,10.0,0.0,0.0,0.0,1880.0
scna-fp16,exp2,direct,off,8,16,5,1537.0,812.0,627.0,8.0,357.0,325.0,12.0,11.0,2.0,10.0,0.0,0.0,0.0,1850.0
scna-fp16,exp2,direct,off,8,16,6,1541.0,816.0,626.0,8.0,359.0,322.0,12.0,12.0,2.0,10.0,0.0,0.0,0.0,1857.0
scna-fp16,exp2,direct,off,8,16,7,1529.0,807.0,626.0,8.0,356.0,322.0,12.0,12.0,2.0,10.0,0.0,0.0,0.0,1869.0
scna-fp16,exp2,direct,off,8,16,8,1538.0,813.0,626.0,8.0,357.0,325.0,12.0,11.0,2.0,10.0,0.0,0.0,0.0,1844.0
scna-fp16,exp2,direct,off,8,16,9,1584.0,810.0,629.0,8.0,380.0,352.0,12.0,10.0,2.0,10.0,0.0,0.0,0.0,1901.0
scna-fp16,exp2,direct,off,8,16,10,1607.0,823.0,630.0,8.0,404.0,338.0,12.0,10.0,2.0,10.0,0.0,0.0,0.0,1860.0
scna-fp16,exp2,direct,off,8,16,11,1574.0,818.0,628.0,8.0,374.0,337.0,12.0,12.0,3.0,10.0,0.0,0.0,0.0,1944.0
scna-fp16,exp2,direct,off,8,16,12,1560.0,818.0,627.0,8.0,369.0,330.0,12.0,11.0,2.0,10.0,0.0,0.0,0.0,1925.0
scna-fp16,exp2,direct,off,8,16,13,1551.0,817.0,626.0,8.0,358.0,333.0,12.0,11.0,2.0,10.0,0.0,0.0,0.0,1893.0
scna-fp16,exp2,direct,off,8,16,14,1550.0,818.0,627.0,8.0,356.0,333.0,12.0,11.0,2.0,10.0,0.0,0.0,0.0,1885.0
scna-fp16,exp2,direct,off,8,16,15,1550.0,816.0,625.0,8.0,350.0,341.0,12.0,11.0,2.0,10.0,0.0,0.0,0.0,1897.0
scna-fp16,exp2,direct,off,8,16,16,1559.0,818.0,625.0,8.0,364.0,333.0,12.0,12.0,2.0,10.0,0.0,0.0,0.0,1836.0
scna-fp16,exp2,direct,off,8,16,17,1539.0,815.0,626.0,8.0,350.0,331.0,12.0,11.0,2.0,10.0,0.0,0.0,0.0,1876.0
scna-fp16,exp2,direct,off,8,16,18,1549.0,821.0,626.0,8.0,350.0,336.0,12.0,10.0,2.0,10.0,0.0,0.0,0.0,1810.0
scna-fp16,exp2,direct,off,8,16,19,1536.0,814.0,625.0,8.0,346.0,334.0,12.0,10.0,2.0,10.0,0.0,0.0,0.0,1894.0
scna-fp16,exp2,direct,off,8,32,0,2354.0,1605.0,1240.0,16.0,349.0,311.0,25.0,23.0,3.0,22.0,0.0,0.0,0.0,2673.0
scna-fp16,exp2,direct,off,8,32,1,2339.0,1599.0,1240.0,16.0,338.0,314.0,24.0,23.0,3.0,22.0,0.0,0.0,0.0,2681.0
scna-fp16,exp2,direct,off,8,32,2,2337.0,1600.0,1240.0,16.0,341.0,307.0,25.0,23.0,3.0,22.0,0.0,0.0,0.0,2717.0
scna-fp16,exp2,direct,off,8,32,3,2343.0,1606.0,1240.0,16.0,337.0,313.0,24.0,23.0,3.0,21.0,0.0,0.0,0.0,2641.0
scna-fp16,exp2,direct,off,8,32,4,2338.0,1604.0,1240.0,16.0,338.0,309.0,24.0,22.0,3.0,22.0,0.0,0.0,0.0,2635.0
scna-fp16,exp2,direct,off,8,32,5,2409.0,1630.0,1242.0,15.0,360.0,332.0,25.0,22.0,3.0,22.0,0.0,0.0,0.0,2826.0
scna-fp16,exp2,direct,off,8,32,6,2445.0,1633.0,1246.0,16.0,393.0,331.0,24.0,23.0,3.0,22.0,0.0,0.0,0.0,2752.0
scna-fp16,exp2,direct,off,8,32,7,2453.0,1633.0,1246.0,16.0,398.0,333.0,25.0,23.0,3.0,22.0,0.0,0.0,0.0,2774.0
scna-fp16,exp2,direct,off,8,32,8,2458.0,1630.0,1245.0,15.0,397.0,344.0,24.0,23.0,3.0,22.0,0.0,0.0,0.0,2805.0
scna-fp16,exp2,direct,off,8,32,9,2448.0,1631.0,1245.0,15.0,394.0,336.0,25.0,22.0,3.0,22.0,0.0,0.0,0.0,2756.0
scna-fp16,exp2,direct,off,8,32,10,2433.0,1632.0,1245.0,15.0,383.0,331.0,25.0,22.0,3.0,22.0,0.0,0.0,0.0,2734.0
scna-fp16,exp2,direct,off,8,32,11,2451.0,1636.0,1245.0,15.0,392.0,335.0,24.0,24.0,3.0,22.0,0.0,0.0,0.0,2847.0
scna-fp16,exp2,direct,off,8,32,12,2443.0,1631.0,1245.0,15.0,393.0,332.0,24.0,23.0,3.0,22.0,0.0,0.0,0.0,2759.0
scna-fp16,exp2,direct,off,8,32,13,2442.0,1629.0,1246.0,15.0,390.0,335.0,25.0,23.0,3.0,22.0,0.0,0.0,0.0,2788.0
scna-fp16,exp2,direct,off,8,32,14,2437.0,1627.0,1244.0,15.0,388.0,336.0,24.0,22.0,3.0,22.0,0.0,0.0,0.0,2754.0
scna-fp16,exp2,direct,off,8,32,15,2433.0,1633.0,1245.0,15.0,388.0,324.0,26.0,22.0,3.0,22.0,0.0,0.0,0.0,2745.0
scna-fp16,exp2,direct,off,8,32,16,2421.0,1628.0,1243.0,15.0,380.0,325.0,25.0,23.0,3.0,22.0,0.0,0.0,0.0,2701.0
scna-fp16,exp2,direct,off,8,32,17,2431.0,1633.0,1244.0,16.0,383.0,327.0,25.0,22.0,3.0,22.0,0.0,0.0,0.0,2847.0
scna-fp16,exp2,direct,off,8,32,18,2423.0,1626.0,1245.0,16.0,382.0,328.0,24.0,22.0,3.0,22.0,0.0,0.0,0.0,2761.0
scna-fp16,exp2,direct,off,8,32,19,2429.0,1628.0,1243.0,16.0,382.0,330.0,24.0,24.0,3.0,22.0,0.0,0.0,0.0,2803.0
scna-fp16,exp2,direct,off,16,4,0,910.0,267.0,226.0,2.0,317.0,312.0,4.0,4.0,2.0,2.0,0.0,0.0,0.0,1248.0
scna-fp16,exp2,direct,off,16,4,1,902.0,267.0,226.0,2.0,316.0,305.0,4.0,4.0,2.0,2.0,0.0,0.0,0.0,1141.0
scna-fp16,exp2,direct,off,16,4,2,885.0,268.0,225.0,2.0,325.0,279.0,4.0,3.0,2.0,2.0,0.0,0.0,0.0,1127.0
scna-fp16,exp2,direct,off,16,4,3,873.0,268.0,226.0,2.0,302.0,289.0,4.0,4.0,2.0,2.0,0.0,0.0,0.0,1125.0
scna-fp16,exp2,direct,off,16,4,4,914.0,271.0,226.0,2.0,319.0,311.0,4.0,3.0,2.0,2.0,0.0,0.0,0.0,1183.0
scna-fp16,exp2,direct,off,16,4,5,933.0,270.0,226.0,2.0,341.0,308.0,4.0,4.0,2.0,2.0,0.0,0.0,0.0,1218.0
scna-fp16,exp2,direct,off,16,4,6,959.0,272.0,227.0,2.0,349.0,325.0,4.0,3.0,2.0,2.0,0.0,0.0,0.0,1207.0
scna-fp16,exp2,direct,off,16,4,7,953.0,271.0,227.0,2.0,346.0,322.0,4.0,4.0,2.0,2.0,0.0,0.0,0.0,1213.0
scna-fp16,exp2,direct,off,16,4,8,941.0,268.0,226.0,2.0,318.0,341.0,4.0,4.0,2.0,2.0,0.0,0.0,0.0,1205.0
scna-fp16,exp2,direct,off,16,4,9,918.0,272.0,227.0,2.0,305.0,327.0,4.0,4.0,2.0,2.0,0.0,0.0,0.0,1206.0
scna-fp16,exp2,direct,off,16,4,10,944.0,271.0,226.0,2.0,328.0,331.0,4.0,4.0,2.0,2.0,0.0,0.0,0.0,1217.0
scna-fp16,exp2,direct,off,16,4,11,949.0,272.0,226.0,2.0,342.0,321.0,4.0,4.0,2.0,2.0,0.0,0.0,0.0,1189.0
scna-fp16,exp2,direct,off,16,4,12,942.0,273.0,228.0,2.0,327.0,328.0,4.0,4.0,2.0,2.0,0.0,0.0,0.0,1264.0
scna-fp16,exp2,direct,off,16,4,13,908.0,273.0,227.0,2.0,314.0,306.0,4.0,4.0,2.0,3.0,0.0,0.0,0.0,1212.0
scna-fp16,exp2,direct,off,16,4,14,923.0,272.0,226.0,2.0,304.0,333.0,4.0,3.0,2.0,3.0,0.0,0.0,0.0,1194.0
scna-fp16,exp2,direct,off,16,4,15,946.0,270.0,227.0,2.0,328.0,334.0,4.0,4.0,2.0,2.0,0.0,0.0,0.0,1202.0
scna-fp16,exp2,direct,off,16,4,16,944.0,269.0,226.0,2.0,340.0,321.0,4.0,4.0,2.0,2.0,0.0,0.0,0.0,1190.0
scna-fp16,exp2,direct,off,16,4,17,974.0,286.0,232.0,2.0,344.0,330.0,4.0,4.0,2.0,2.0,0.0,0.0,0.0,1258.0
scna-fp16,exp2,direct,off,16,4,18,1090.0,303.0,238.0,2.0,412.0,361.0,4.0,4.0,2.0,2.0,0.0,0.0,0.0,1398.0
scna-fp16,exp2,direct,off,16,4,19,1090.0,303.0,237.0,2.0,410.0,363.0,4.0,3.0,2.0,3.0,0.0,0.0,0.0,1462.0
scna-fp16,exp2,direct,off,16,8,0,1167.0,521.0,439.0,4.0,309.0,310.0,8.0,7.0,2.0,6.0,0.0,0.0,0.0,1464.0
scna-fp16,exp2,direct,off,16,8,1,1152.0,522.0,439.0,4.0,311.0,292.0,8.0,7.0,2.0,6.0,0.0,0.0,0.0,1471.0
scna-fp16,exp2,direct,off,16,8,2,1174.0,522.0,438.0,4.0,330.0,294.0,8.0,8.0,2.0,6.0,0.0,0.0,0.0,1457.0
scna-fp16,exp2,direct,off,16,8,3,1175.0,522.0,438.0,4.0,326.0,299.0,8.0,8.0,2.0,6.0,0.0,0.0,0.0,1461.0
scna-fp16,exp2,direct,off,16,8,4,1274.0,543.0,443.0,4.0,374.0,330.0,8.0,7.0,2.0,6.0,0.0,0.0,0.0,1640.0
scna-fp16,exp2,direct,off,16,8,5,1279.0,545.0,444.0,4.0,368.0,338.0,8.0,8.0,2.0,6.0,0.0,0.0,0.0,1574.0
scna-fp16,exp2,direct,off,16,8,6,1281.0,545.0,442.0,4.0,371.0,337.0,8.0,8.0,2.0,6.0,0.0,0.0,0.0,1603.0
scna-fp16,exp2,direct,off,16,8,7,1290.0,544.0,443.0,4.0,385.0,334.0,8.0,7.0,2.0,6.0,0.0,0.0,0.0,1549.0
scna-fp16,exp2,direct,off,16,8,8,1278.0,544.0,442.0,4.0,366.0,341.0,8.0,7.0,2.0,6.0,0.0,0.0,0.0,1608.0
scna-fp16,exp2,direct,off,16,8,9,1271.0,543.0,442.0,4.0,376.0,325.0,8.0,7.0,2.0,6.0,0.0,0.0,0.0,1537.0
scna-fp16,exp2,direct,off,16,8,10,1273.0,543.0,442.0,4.0,373.0,330.0,8.0,7.0,2.0,6.0,0.0,0.0,0.0,1522.0
scna-fp16,exp2,direct,off,16,8,11,1267.0,542.0,443.0,4.0,368.0,330.0,8.0,7.0,2.0,6.0,0.0,0.0,0.0,1594.0
scna-fp16,exp2,direct,off,16,8,12,1279.0,543.0,442.0,4.0,368.0,340.0,8.0,8.0,2.0,6.0,0.0,0.0,0.0,1604.0
scna-fp16,exp2,direct,off,16,8,13,1201.0,560.0,444.0,4.0,253.0,361.0,8.0,7.0,2.0,6.0,0.0,0.0,0.0,1484.0
scna-fp16,exp2,direct,off,16,8,14,1248.0,569.0,447.0,4.0,281.0,371.0,8.0,7.0,2.0,6.0,0.0,0.0,0.0,1566.0
scna-fp16,exp2,direct,off,16,8,15,1338.0,561.0,448.0,4.0,379.0,371.0,8.0,7.0,2.0,6.0,0.0,0.0,0.0,1709.0
scna-fp16,exp2,direct,off,16,8,16,1354.0,561.0,449.0,4.0,399.0,367.0,8.0,7.0,2.0,6.0,0.0,0.0,0.0,1617.0
scna-fp16,exp2,direct,off,16,8,17,1340.0,563.0,448.0,4.0,383.0,367.0,8.0,7.0,2.0,6.0,0.0,0.0,0.0,1611.0
scna-fp16,exp2,direct,off,16,8,18,1364.0,561.0,448.0,4.0,409.0,367.0,8.0,7.0,2.0,6.0,0.0,0.0,0.0,1625.0
scna-fp16,exp2,direct,off,16,8,19,1356.0,558.0,448.0,4.0,418.0,355.0,8.0,6.0,2.0,5.0,0.0,0.0,0.0,1825.0
scna-fp16,exp2,direct,off,16,16,0,1770.0,1046.0,868.0,8.0,348.0,330.0,13.0,10.0,3.0,12.0,0.0,0.0,0.0,2140.0
scna-fp16,exp2,direct,off,16,16,1,1768.0,1044.0,868.0,8.0,347.0,332.0,12.0,11.0,3.0,11.0,0.0,0.0,0.0,2019.0
scna-fp16,exp2,direct,off,16,16,2,1767.0,1047.0,869.0,8.0,345.0,330.0,13.0,10.0,3.0,11.0,0.0,0.0,0.0,2023.0
scna-fp16,exp2,direct,off,16,16,3,1798.0,1049.0,868.0,8.0,348.0,356.0,12.0,11.0,3.0,11.0,0.0,0.0,0.0,2170.0
scna-fp16,exp2,direct,off,16,16,4,1673.0,1096.0,878.0,8.0,162.0,368.0,14.0,11.0,3.0,11.0,0.0,0.0,0.0,2058.0
scna-fp16,exp2,direct,off,16,16,5,1674.0,1097.0,878.0,8.0,162.0,369.0,14.0,11.0,3.0,10.0,0.0,0.0,0.0,2042.0
scna-fp16,exp2,direct,off,16,16,6,1670.0,1095.0,877.0,8.0,161.0,367.0,14.0,10.0,3.0,12.0,0.0,0.0,0.0,2044.0
scna-fp16,exp2,direct,off,16,16,7,1778.0,1089.0,877.0,8.0,277.0,366.0,13.0,11.0,3.0,11.0,0.0,0.0,0.0,2099.0
scna-fp16,exp2,direct,off,16,16,8,1671.0,1095.0,877.0,8.0,161.0,368.0,14.0,11.0,3.0,11.0,0.0,0.0,0.0,2038.0
scna-fp16,exp2,direct,off,16,16,9,1667.0,1097.0,879.0,8.0,161.0,364.0,14.0,10.0,3.0,10.0,0.0,0.0,0.0,1952.0
scna-fp16,exp2,direct,off,16,16,10,1783.0,1092.0,877.0,8.0,277.0,368.0,14.0,10.0,3.0,11.0,0.0,0.0,0.0,2085.0
scna-fp16,exp2,direct,off,16,16,11,1670.0,1093.0,877.0,8.0,160.0,371.0,14.0,10.0,3.0,11.0,0.0,0.0,0.0,2017.0
scna-fp16,exp2,direct,off,16,16,12,1770.0,1085.0,878.0,8.0,272.0,367.0,14.0,10.0,3.0,11.0,0.0,0.0,0.0,2131.0
scna-fp16,exp2,direct,off,16,16,13,1785.0,1086.0,877.0,8.0,284.0,368.0,14.0,11.0,3.0,11.0,0.0,0.0,0.0,2134.0
scna-fp16,exp2,direct,off,16,16,14,1785.0,1087.0,876.0,8.0,286.0,365.0,13.0,11.0,3.0,12.0,0.0,0.0,0.0,2169.0
scna-fp16,exp2,direct,off,16,16,15,1773.0,1087.0,877.0,8.0,280.0,362.0,13.0,10.0,3.0,10.0,0.0,0.0,0.0,2039.0
scna-fp16,exp2,direct,off,16,16,16,1853.0,1089.0,877.0,8.0,350.0,367.0,14.0,10.0,3.0,12.0,0.0,0.0,0.0,2181.0
scna-fp16,exp2,direct,off,16,16,17,1783.0,1088.0,876.0,8.0,284.0,365.0,14.0,10.0,3.0,11.0,0.0,0.0,0.0,2086.0
scna-fp16,exp2,direct,off,16,16,18,1781.0,1084.0,876.0,8.0,284.0,366.0,14.0,11.0,3.0,11.0,0.0,0.0,0.0,2168.0
scna-fp16,exp2,direct,off,16,16,19,1848.0,1087.0,876.0,8.0,349.0,365.0,14.0,11.0,3.0,11.0,0.0,0.0,0.0,2157.0
scna-fp16,exp2,direct,off,16,32,0,2847.0,2081.0,1726.0,16.0,363.0,314.0,24.0,24.0,3.0,22.0,0.0,0.0,0.0,3223.0
scna-fp16,exp2,direct,off,16,32,1,2865.0,2092.0,1726.0,16.0,349.0,338.0,24.0,23.0,3.0,20.0,0.0,0.0,0.0,3214.0
scna-fp16,exp2,direct,off,16,32,2,2856.0,2124.0,1729.0,16.0,275.0,370.0,24.0,23.0,3.0,21.0,0.0,0.0,0.0,3216.0
scna-fp16,exp2,direct,off,16,32,3,2911.0,2134.0,1735.0,16.0,319.0,370.0,24.0,24.0,3.0,21.0,0.0,0.0,0.0,3198.0
scna-fp16,exp2,direct,off,16,32,4,2942.0,2133.0,1735.0,16.0,348.0,373.0,24.0,23.0,3.0,22.0,0.0,0.0,0.0,3236.0
scna-fp16,exp2,direct,off,16,32,5,2950.0,2139.0,1734.0,16.0,355.0,369.0,24.0,23.0,3.0,21.0,0.0,0.0,0.0,3299.0
scna-fp16,exp2,direct,off,16,32,6,2995.0,2133.0,1734.0,16.0,400.0,374.0,24.0,23.0,3.0,22.0,0.0,0.0,0.0,3277.0
scna-fp16,exp2,direct,off,16,32,7,3036.0,2136.0,1734.0,16.0,449.0,364.0,24.0,23.0,3.0,21.0,0.0,0.0,0.0,3435.0
scna-fp16,exp2,direct,off,16,32,8,3040.0,2134.0,1732.0,17.0,448.0,369.0,24.0,23.0,3.0,22.0,0.0,0.0,0.0,3403.0
scna-fp16,exp2,direct,off,16,32,9,3021.0,2133.0,1731.0,15.0,440.0,363.0,24.0,22.0,3.0,21.0,0.0,0.0,0.0,3322.0
scna-fp16,exp2,direct,off,16,32,10,3030.0,2130.0,1732.0,16.0,440.0,372.0,24.0,23.0,3.0,22.0,0.0,0.0,0.0,3368.0
scna-fp16,exp2,direct,off,16,32,11,3015.0,2123.0,1730.0,16.0,434.0,370.0,24.0,23.0,3.0,22.0,0.0,0.0,0.0,3363.0
scna-fp16,exp2,direct,off,16,32,12,3014.0,2121.0,1731.0,16.0,435.0,370.0,24.0,23.0,3.0,22.0,0.0,0.0,0.0,3345.0
scna-fp16,exp2,direct,off,16,32,13,3010.0,2123.0,1731.0,16.0,431.0,367.0,24.0,24.0,3.0,22.0,0.0,0.0,0.0,3314.0
scna-fp16,exp2,direct,off,16,32,14,3005.0,2121.0,1731.0,16.0,432.0,364.0,24.0,23.0,3.0,22.0,0.0,0.0,0.0,3313.0
scna-fp16,exp2,direct,off,16,32,15,2994.0,2114.0,1731.0,16.0,427.0,365.0,24.0,23.0,3.0,22.0,0.0,0.0,0.0,3387.0
scna-fp16,exp2,direct,off,16,32,16,2996.0,2120.0,1730.0,16.0,427.0,363.0,24.0,23.0,3.0,20.0,0.0,0.0,0.0,3324.0
scna-fp16,exp2,direct,off,16,32,17,2998.0,2121.0,1731.0,16.0,428.0,362.0,24.0,23.0,3.0,21.0,0.0,0.0,0.0,3393.0
scna-fp16,exp2,direct,off,16,32,18,2991.0,2118.0,1729.0,16.0,428.0,358.0,24.0,23.0,3.0,21.0,0.0,0.0,0.0,3417.0
scna-fp16,exp2,direct,off,16,32,19,2981.0,2114.0,1730.0,16.0,424.0,355.0,24.0,23.0,3.0,22.0,0.0,0.0,0.0,3317.0
scna-fp16,exp2,direct,off,32,4,0,1034.0,415.0,372.0,2.0,301.0,303.0,4.0,5.0,2.0,2.0,0.0,0.0,0.0,1353.0
scna-fp16,exp2,direct,off,32,4,1,1038.0,416.0,372.0,2.0,309.0,297.0,5.0,5.0,2.0,2.0,0.0,0.0,0.0,1361.0
scna-fp16,exp2,direct,off,32,4,2,1021.0,417.0,371.0,2.0,311.0,278.0,4.0,5.0,2.0,2.0,0.0,0.0,0.0,1350.0
scna-fp16,exp2,direct,off,32,4,3,1025.0,415.0,372.0,2.0,310.0,285.0,4.0,5.0,2.0,2.0,0.0,0.0,0.0,1360.0
scna-fp16,exp2,direct,off,32,4,4,1022.0,417.0,371.0,2.0,301.0,289.0,4.0,5.0,2.0,2.0,0.0,0.0,0.0,1256.0
scna-fp16,exp2,direct,off,32,4,5,1009.0,417.0,371.0,2.0,288.0,289.0,4.0,5.0,2.0,2.0,0.0,0.0,0.0,1344.0
scna-fp16,exp2,direct,off,32,4,6,1000.0,416.0,372.0,2.0,287.0,282.0,4.0,5.0,2.0,2.0,0.0,0.0,0.0,1245.0
scna-fp16,exp2,direct,off,32,4,7,1101.0,420.0,374.0,2.0,338.0,328.0,4.0,5.0,2.0,2.0,0.0,0.0,0.0,1381.0
scna-fp16,exp2,direct,off,32,4,8,1116.0,422.0,374.0,2.0,352.0,328.0,4.0,4.0,2.0,2.0,0.0,0.0,0.0,1359.0
scna-fp16,exp2,direct,off,32,4,9,1126.0,421.0,375.0,2.0,355.0,335.0,4.0,5.0,2.0,2.0,0.0,0.0,0.0,1454.0
scna-fp16,exp2,direct,off,32,4,10,1118.0,419.0,375.0,2.0,353.0,331.0,4.0,5.0,2.0,2.0,0.0,0.0,0.0,1369.0
scna-fp16,exp2,direct,off,32,4,11,1115.0,418.0,374.0,2.0,353.0,329.0,4.0,5.0,2.0,2.0,0.0,0.0,0.0,1388.0
scna-fp16,exp2,direct,off,32,4,12,1106.0,418.0,375.0,2.0,351.0,323.0,4.0,4.0,2.0,2.0,0.0,0.0,0.0,1438.0
scna-fp16,exp2,direct,off,32,4,13,1115.0,423.0,374.0,2.0,349.0,328.0,4.0,5.0,2.0,2.0,0.0,0.0,0.0,1346.0
scna-fp16,exp2,direct,off,32,4,14,1104.0,419.0,373.0,2.0,346.0,325.0,4.0,4.0,2.0,2.0,0.0,0.0,0.0,1368.0
scna-fp16,exp2,direct,off,32,4,15,1116.0,421.0,374.0,2.0,352.0,328.0,4.0,5.0,2.0,2.0,0.0,0.0,0.0,1347.0
scna-fp16,exp2,direct,off,32,4,16,1116.0,421.0,374.0,2.0,348.0,332.0,4.0,5.0,2.0,2.0,0.0,0.0,0.0,1464.0
scna-fp16,exp2,direct,off,32,4,17,1111.0,421.0,374.0,2.0,346.0,329.0,4.0,5.0,2.0,2.0,0.0,0.0,0.0,1416.0
scna-fp16,exp2,direct,off,32,4,18,1114.0,420.0,373.0,2.0,350.0,329.0,4.0,5.0,2.0,2.0,0.0,0.0,0.0,1469.0
scna-fp16,exp2,direct,off,32,4,19,1106.0,422.0,374.0,2.0,346.0,324.0,4.0,4.0,2.0,2.0,0.0,0.0,0.0,1356.0
scna-fp16,exp2,direct,off,32,8,0,1455.0,819.0,728.0,4.0,299.0,309.0,8.0,8.0,2.0,6.0,0.0,0.0,0.0,1795.0
scna-fp16,exp2,direct,off,32,8,1,1456.0,817.0,729.0,4.0,304.0,306.0,8.0,9.0,2.0,6.0,0.0,0.0,0.0,1799.0
scna-fp16,exp2,direct,off,32,8,2,1473.0,818.0,729.0,5.0,319.0,306.0,9.0,8.0,2.0,6.0,0.0,0.0,0.0,1777.0
scna-fp16,exp2,direct,off,32,8,3,1546.0,821.0,732.0,4.0,378.0,318.0,8.0,9.0,2.0,6.0,0.0,0.0,0.0,1857.0
scna-fp16,exp2,direct,off,32,8,4,1526.0,824.0,729.0,4.0,356.0,317.0,8.0,9.0,2.0,6.0,0.0,0.0,0.0,1890.0
scna-fp16,exp2,direct,off,32,8,5,1527.0,821.0,730.0,5.0,356.0,320.0,8.0,9.0,2.0,6.0,0.0,0.0,0.0,1865.0
scna-fp16,exp2,direct,off,32,8,6,1522.0,824.0,729.0,4.0,352.0,317.0,8.0,9.0,2.0,6.0,0.0,0.0,0.0,1769.0
scna-fp16,exp2,direct,off,32,8,7,1507.0,821.0,730.0,4.0,351.0,306.0,8.0,9.0,2.0,6.0,0.0,0.0,0.0,1871.0
scna-fp16,exp2,direct,off,32,8,8,1512.0,820.0,730.0,4.0,353.0,311.0,8.0,8.0,2.0,6.0,0.0,0.0,0.0,1859.0
scna-fp16,exp2,direct,off,32,8,9,1513.0,821.0,730.0,4.0,353.0,310.0,8.0,9.0,2.0,6.0,0.0,0.0,0.0,1763.0
scna-fp16,exp2,direct,off,32,8,10,1512.0,820.0,729.0,5.0,352.0,310.0,8.0,9.0,2.0,6.0,0.0,0.0,0.0,1858.0
scna-fp16,exp2,direct,off,32,8,11,1512.0,823.0,730.0,4.0,351.0,309.0,8.0,9.0,2.0,6.0,0.0,0.0,0.0,1773.0
scna-fp16,exp2,direct,off,32,8,12,1511.0,821.0,729.0,4.0,353.0,308.0,8.0,9.0,2.0,6.0,0.0,0.0,0.0,1857.0
scna-fp16,exp2,direct,off,32,8,13,1508.0,822.0,730.0,4.0,349.0,308.0,8.0,9.0,2.0,6.0,0.0,0.0,0.0,1874.0
scna-fp16,exp2,direct,off,32,8,14,1516.0,823.0,730.0,4.0,346.0,318.0,8.0,9.0,2.0,6.0,0.0,0.0,0.0,1881.0
scna-fp16,exp2,direct,off,32,8,15,1528.0,821.0,729.0,4.0,351.0,328.0,8.0,8.0,2.0,6.0,0.0,0.0,0.0,1853.0
scna-fp16,exp2,direct,off,32,8,16,1499.0,823.0,729.0,4.0,342.0,305.0,8.0,9.0,2.0,6.0,0.0,0.0,0.0,1787.0
scna-fp16,exp2,direct,off,32,8,17,1510.0,821.0,730.0,4.0,350.0,310.0,8.0,9.0,2.0,6.0,0.0,0.0,0.0,1856.0
scna-fp16,exp2,direct,off,32,8,18,1498.0,820.0,729.0,5.0,349.0,300.0,8.0,8.0,2.0,6.0,0.0,0.0,0.0,1863.0
scna-fp16,exp2,direct,off,32,8,19,1507.0,819.0,730.0,4.0,351.0,308.0,8.0,9.0,2.0,6.0,0.0,0.0,0.0,1860.0
scna-fp16,exp2,direct,off,32,16,0,2315.0,1619.0,1443.0,8.0,322.0,328.0,12.0,13.0,3.0,10.0,0.0,0.0,0.0,2627.0
scna-fp16,exp2,direct,off,32,16,1,2373.0,1625.0,1444.0,8.0,367.0,334.0,12.0,13.0,3.0,11.0,0.0,0.0,0.0,2688.0
scna-fp16,exp2,direct,off,32,16,2,2368.0,1628.0,1445.0,8.0,369.0,326.0,12.0,13.0,2.0,10.0,0.0,0.0,0.0,2690.0
scna-fp16,exp2,direct,off,32,16,3,2366.0,1626.0,1444.0,8.0,371.0,323.0,12.0,13.0,2.0,11.0,0.0,0.0,0.0,2638.0
scna-fp16,exp2,direct,off,32,16,4,2369.0,1631.0,1444.0,8.0,359.0,331.0,12.0,14.0,3.0,11.0,0.0,0.0,0.0,2654.0
scna-fp16,exp2,direct,off,32,16,5,2366.0,1629.0,1444.0,8.0,361.0,331.0,12.0,13.0,2.0,10.0,0.0,0.0,0.0,2638.0
scna-fp16,exp2,direct,off,32,16,6,2360.0,1629.0,1443.0,8.0,357.0,328.0,12.0,13.0,3.0,10.0,0.0,0.0,0.0,2738.0
scna-fp16,exp2,direct,off,32,16,7,2362.0,1628.0,1443.0,8.0,362.0,326.0,12.0,13.0,3.0,10.0,0.0,0.0,0.0,2642.0
scna-fp16,exp2,direct,off,32,16,8,2356.0,1630.0,1443.0,8.0,359.0,320.0,12.0,13.0,3.0,11.0,0.0,0.0,0.0,2644.0
scna-fp16,exp2,direct,off,32,16,9,2369.0,1632.0,1444.0,8.0,361.0,328.0,12.0,14.0,3.0,11.0,0.0,0.0,0.0,2658.0
scna-fp16,exp2,direct,off,32,16,10,2350.0,1629.0,1443.0,8.0,359.0,316.0,12.0,13.0,3.0,10.0,0.0,0.0,0.0,2639.0
scna-fp16,exp2,direct,off,32,16,11,2341.0,1625.0,1444.0,8.0,352.0,318.0,12.0,13.0,3.0,10.0,0.0,0.0,0.0,2667.0
scna-fp16,exp2,direct,off,32,16,12,2359.0,1626.0,1443.0,8.0,358.0,328.0,12.0,13.0,3.0,11.0,0.0,0.0,0.0,2715.0
scna-fp16,exp2,direct,off,32,16,13,2353.0,1629.0,1443.0,8.0,352.0,326.0,12.0,12.0,3.0,11.0,0.0,0.0,0.0,2655.0
scna-fp16,exp2,direct,off,32,16,14,2356.0,1627.0,1443.0,8.0,354.0,327.0,12.0,14.0,3.0,11.0,0.0,0.0,0.0,2645.0
scna-fp16,exp2,direct,off,32,16,15,2356.0,1624.0,1443.0,8.0,353.0,333.0,12.0,13.0,3.0,10.0,0.0,0.0,0.0,2675.0
scna-fp16,exp2,direct,off,32,16,16,2339.0,1630.0,1443.0,8.0,341.0,321.0,12.0,14.0,3.0,10.0,0.0,0.0,0.0,2647.0
scna-fp16,exp2,direct,off,32,16,17,2348.0,1630.0,1442.0,8.0,348.0,321.0,12.0,15.0,3.0,11.0,0.0,0.0,0.0,2670.0
scna-fp16,exp2,direct,off,32,16,18,2343.0,1631.0,1444.0,8.0,345.0,320.0,12.0,14.0,2.0,11.0,0.0,0.0,0.0,2634.0
scna-fp16,exp2,direct,off,32,16,19,2333.0,1627.0,1442.0,8.0,338.0,321.0,12.0,14.0,3.0,10.0,0.0,0.0,0.0,2690.0
scna-fp16,exp2,direct,off,32,32,0,4008.0,3246.0,2871.0,15.0,334.0,338.0,24.0,26.0,3.0,22.0,0.0,0.0,0.0,4300.0
scna-fp16,exp2,direct,off,32,32,1,4028.0,3248.0,2872.0,15.0,354.0,337.0,24.0,26.0,3.0,21.0,0.0,0.0,0.0,4320.0
scna-fp16,exp2,direct,off,32,32,2,4041.0,3253.0,2873.0,15.0,364.0,335.0,24.0,25.0,3.0,22.0,0.0,0.0,0.0,4448.0
scna-fp16,exp2,direct,off,32,32,3,4041.0,3248.0,2873.0,15.0,365.0,339.0,24.0,25.0,3.0,22.0,0.0,0.0,0.0,4323.0
scna-fp16,exp2,direct,off,32,32,4,4007.0,3241.0,2873.0,15.0,346.0,333.0,24.0,24.0,3.0,21.0,0.0,0.0,0.0,4406.0
scna-fp16,exp2,direct,off,32,32,5,4010.0,3242.0,2873.0,15.0,355.0,324.0,24.0,25.0,3.0,22.0,0.0,0.0,0.0,4352.0
scna-fp16,exp2,direct,off,32,32,6,4015.0,3249.0,2871.0,15.0,349.0,328.0,24.0,25.0,3.0,22.0,0.0,0.0,0.0,4420.0
scna-fp16,exp2,direct,off,32,32,7,4024.0,3247.0,2871.0,15.0,352.0,336.0,24.0,25.0,3.0,22.0,0.0,0.0,0.0,4337.0
scna-fp16,exp2,direct,off,32,32,8,4030.0,3249.0,2871.0,15.0,356.0,335.0,24.0,26.0,3.0,22.0,0.0,0.0,0.0,4375.0
scna-fp16,exp2,direct,off,32,32,9,3989.0,3245.0,2870.0,15.0,338.0,317.0,24.0,25.0,3.0,22.0,0.0,0.0,0.0,4344.0
scna-fp16,exp2,direct,off,32,32,10,4021.0,3249.0,2871.0,15.0,351.0,331.0,24.0,26.0,3.0,22.0,0.0,0.0,0.0,4381.0
scna-fp16,exp2,direct,off,32,32,11,4015.0,3245.0,2870.0,15.0,346.0,334.0,24.0,26.0,3.0,22.0,0.0,0.0,0.0,4380.0
scna-fp16,exp2,direct,off,32,32,12,4007.0,3245.0,2872.0,15.0,345.0,328.0,24.0,25.0,3.0,22.0,0.0,0.0,0.0,4334.0
scna-fp16,exp2,direct,off,32,32,13,3986.0,3235.0,2869.0,15.0,337.0,325.0,24.0,25.0,3.0,22.0,0.0,0.0,0.0,4267.0
scna-fp16,exp2,direct,off,32,32,14,3969.0,3241.0,2870.0,15.0,323.0,316.0,24.0,25.0,3.0,22.0,0.0,0.0,0.0,4279.0
scna-fp16,exp2,direct,off,32,32,15,3961.0,3240.0,2870.0,15.0,327.0,306.0,24.0,25.0,3.0,21.0,0.0,0.0,0.0,4356.0
scna-fp16,exp2,direct,off,32,32,16,4005.0,3245.0,2869.0,15.0,343.0,328.0,24.0,25.0,3.0,22.0,0.0,0.0,0.0,4376.0
scna-fp16,exp2,direct,off,32,32,17,3993.0,3239.0,2869.0,15.0,339.0,326.0,24.0,25.0,3.0,22.0,0.0,0.0,0.0,4317.0
scna-fp16,exp2,direct,off,32,32,18,3997.0,3240.0,2870.0,15.0,344.0,325.0,24.0,25.0,2.0,22.0,0.0,0.0,0.0,4296.0
scna-fp16,exp2,direct,off,32,32,19,4005.0,3244.0,2870.0,15.0,342.0,330.0,24.0,25.0,3.0,22.0,0.0,0.0,0.0,4360.0
scna-fp16,exp2,direct,on,8,4,0,439.0,197.0,156.0,1.0,131.0,104.0,2.0,0.0,0.0,4.0,9.0,25.0,192.0,693.0
scna-fp16,exp2,direct,on,8,4,1,440.0,195.0,156.0,1.0,131.0,106.0,3.0,0.0,0.0,4.0,8.0,28.0,192.0,705.0
scna-fp16,exp2,direct,on,8,4,2,439.0,198.0,156.0,1.0,130.0,104.0,2.0,0.0,0.0,4.0,9.0,26.0,192.0,689.0
scna-fp16,exp2,direct,on,8,4,3,441.0,198.0,156.0,1.0,130.0,105.0,3.0,0.0,0.0,4.0,8.0,26.0,193.0,714.0
scna-fp16,exp2,direct,on,8,4,4,436.0,196.0,155.0,1.0,130.0,104.0,2.0,0.0,0.0,3.0,9.0,26.0,193.0,680.0
scna-fp16,exp2,direct,on,8,4,5,440.0,197.0,156.0,1.0,130.0,105.0,3.0,0.0,0.0,4.0,8.0,27.0,193.0,710.0
scna-fp16,exp2,direct,on,8,4,6,434.0,195.0,156.0,1.0,130.0,102.0,2.0,0.0,0.0,4.0,10.0,23.0,193.0,670.0
scna-fp16,exp2,direct,on,8,4,7,446.0,197.0,156.0,1.0,131.0,112.0,2.0,0.0,0.0,3.0,9.0,34.0,192.0,623.0
scna-fp16,exp2,direct,on,8,4,8,449.0,198.0,156.0,2.0,131.0,111.0,3.0,0.0,0.0,4.0,8.0,35.0,192.0,729.0
scna-fp16,exp2,direct,on,8,4,9,449.0,198.0,157.0,1.0,130.0,113.0,3.0,0.0,0.0,4.0,10.0,36.0,192.0,668.0
scna-fp16,exp2,direct,on,8,4,10,450.0,196.0,156.0,2.0,131.0,114.0,3.0,0.0,0.0,4.0,9.0,37.0,192.0,723.0
scna-fp16,exp2,direct,on,8,4,11,452.0,196.0,156.0,1.0,131.0,117.0,3.0,0.0,0.0,4.0,9.0,39.0,193.0,705.0
scna-fp16,exp2,direct,on,8,4,12,454.0,197.0,156.0,1.0,131.0,119.0,3.0,0.0,0.0,3.0,9.0,42.0,193.0,713.0
scna-fp16,exp2,direct,on,8,4,13,446.0,196.0,156.0,2.0,131.0,110.0,3.0,0.0,0.0,4.0,9.0,32.0,193.0,632.0
scna-fp16,exp2,direct,on,8,4,14,445.0,196.0,156.0,2.0,131.0,109.0,3.0,0.0,0.0,4.0,8.0,32.0,192.0,728.0
scna-fp16,exp2,direct,on,8,4,15,446.0,198.0,156.0,1.0,131.0,110.0,3.0,0.0,1.0,2.0,9.0,33.0,193.0,733.0
scna-fp16,exp2,direct,on,8,4,16,449.0,195.0,156.0,1.0,132.0,115.0,3.0,0.0,0.0,3.0,9.0,38.0,192.0,711.0
scna-fp16,exp2,direct,on,8,4,17,446.0,197.0,156.0,2.0,131.0,109.0,3.0,0.0,0.0,4.0,9.0,33.0,192.0,722.0
scna-fp16,exp2,direct,on,8,4,18,447.0,196.0,156.0,1.0,132.0,112.0,3.0,0.0,0.0,3.0,8.0,35.0,193.0,717.0
scna-fp16,exp2,direct,on,8,4,19,448.0,198.0,156.0,2.0,131.0,110.0,3.0,0.0,0.0,4.0,10.0,32.0,193.0,621.0
scna-fp16,exp2,direct,on,8,8,0,636.0,386.0,310.0,4.0,130.0,99.0,7.0,4.0,2.0,4.0,9.0,21.0,192.0,886.0
scna-fp16,exp2,direct,on,8,8,1,635.0,386.0,310.0,4.0,130.0,99.0,6.0,4.0,2.0,4.0,8.0,21.0,193.0,890.0
scna-fp16,exp2,direct,on,8,8,2,636.0,386.0,310.0,4.0,130.0,99.0,7.0,4.0,2.0,4.0,8.0,22.0,192.0,876.0
scna-fp16,exp2,direct,on,8,8,3,636.0,386.0,310.0,4.0,131.0,99.0,6.0,4.0,2.0,4.0,8.0,22.0,194.0,878.0
scna-fp16,exp2,direct,on,8,8,4,636.0,385.0,310.0,4.0,131.0,99.0,7.0,4.0,2.0,4.0,8.0,21.0,193.0,875.0
scna-fp16,exp2,direct,on,8,8,5,637.0,387.0,311.0,4.0,130.0,100.0,6.0,4.0,2.0,4.0,9.0,22.0,192.0,878.0
scna-fp16,exp2,direct,on,8,8,6,636.0,386.0,311.0,4.0,130.0,99.0,7.0,4.0,2.0,4.0,9.0,21.0,194.0,888.0
scna-fp16,exp2,direct,on,8,8,7,635.0,386.0,310.0,4.0,130.0,99.0,6.0,4.0,2.0,4.0,9.0,21.0,193.0,895.0
scna-fp16,exp2,direct,on,8,8,8,638.0,388.0,311.0,4.0,130.0,99.0,7.0,4.0,2.0,4.0,8.0,22.0,192.0,877.0
scna-fp16,exp2,direct,on,8,8,9,638.0,389.0,310.0,4.0,130.0,99.0,6.0,4.0,2.0,4.0,9.0,21.0,192.0,861.0
scna-fp16,exp2,direct,on,8,8,10,637.0,387.0,310.0,4.0,130.0,99.0,7.0,4.0,2.0,4.0,9.0,21.0,193.0,822.0
scna-fp16,exp2,direct,on,8,8,11,639.0,388.0,310.0,4.0,130.0,101.0,6.0,4.0,2.0,4.0,8.0,22.0,192.0,935.0
scna-fp16,exp2,direct,on,8,8,12,638.0,386.0,310.0,4.0,130.0,101.0,7.0,4.0,2.0,4.0,8.0,24.0,192.0,835.0
scna-fp16,exp2,direct,on,8,8,13,639.0,389.0,310.0,4.0,130.0,100.0,6.0,4.0,2.0,4.0,8.0,23.0,192.0,846.0
scna-fp16,exp2,direct,on,8,8,14,638.0,387.0,310.0,4.0,130.0,100.0,7.0,4.0,2.0,4.0,8.0,21.0,192.0,934.0
scna-fp16,exp2,direct,on,8,8,15,640.0,389.0,310.0,4.0,131.0,100.0,6.0,4.0,2.0,4.0,9.0,23.0,192.0,825.0
scna-fp16,exp2,direct,on,8,8,16,637.0,386.0,310.0,4.0,130.0,100.0,7.0,4.0,2.0,4.0,9.0,21.0,192.0,823.0
scna-fp16,exp2,direct,on,8,8,17,640.0,390.0,310.0,4.0,130.0,100.0,6.0,4.0,2.0,4.0,8.0,22.0,192.0,840.0
scna-fp16,exp2,direct,on,8,8,18,638.0,386.0,310.0,4.0,131.0,100.0,7.0,4.0,2.0,4.0,8.0,22.0,194.0,824.0
scna-fp16,exp2,direct,on,8,8,19,639.0,390.0,310.0,4.0,130.0,99.0,6.0,4.0,2.0,4.0,8.0,22.0,193.0,839.0
scna-fp16,exp2,direct,on,8,16,0,1052.0,778.0,620.0,8.0,131.0,103.0,11.0,9.0,2.0,10.0,10.0,25.0,193.0,1359.0
scna-fp16,exp2,direct,on,8,16,1,1055.0,779.0,618.0,8.0,131.0,106.0,10.0,9.0,2.0,10.0,8.0,27.0,194.0,1345.0
scna-fp16,exp2,direct,on,8,16,2,1049.0,775.0,618.0,8.0,131.0,103.0,11.0,9.0,2.0,10.0,10.0,25.0,193.0,1362.0
scna-fp16,exp2,direct,on,8,16,3,1049.0,777.0,619.0,7.0,131.0,103.0,10.0,9.0,2.0,10.0,9.0,24.0,193.0,1258.0
scna-fp16,exp2,direct,on,8,16,4,1054.0,778.0,619.0,8.0,131.0,105.0,11.0,9.0,2.0,10.0,10.0,25.0,192.0,1282.0
scna-fp16,exp2,direct,on,8,16,5,1101.0,788.0,619.0,8.0,141.0,133.0,10.0,9.0,2.0,10.0,10.0,63.0,194.0,1312.0
scna-fp16,exp2,direct,on,8,16,6,1109.0,793.0,621.0,7.0,141.0,136.0,11.0,9.0,2.0,10.0,9.0,67.0,193.0,1393.0
scna-fp16,exp2,direct,on,8,16,7,1121.0,799.0,620.0,7.0,142.0,142.0,10.0,9.0,2.0,10.0,10.0,75.0,191.0,1375.0
scna-fp16,exp2,direct,on,8,16,8,1123.0,802.0,620.0,7.0,140.0,142.0,11.0,9.0,2.0,10.0,9.0,74.0,192.0,1382.0
scna-fp16,exp2,direct,on,8,16,9,1103.0,789.0,621.0,8.0,144.0,131.0,10.0,9.0,2.0,10.0,9.0,65.0,193.0,1329.0
scna-fp16,exp2,direct,on,8,16,10,1111.0,792.0,620.0,7.0,141.0,139.0,11.0,9.0,2.0,10.0,9.0,71.0,192.0,1373.0
scna-fp16,exp2,direct,on,8,16,11,1111.0,796.0,620.0,7.0,143.0,134.0,10.0,9.0,2.0,10.0,10.0,66.0,192.0,1374.0
scna-fp16,exp2,direct,on,8,16,12,1112.0,798.0,620.0,7.0,138.0,137.0,11.0,9.0,2.0,10.0,9.0,67.0,193.0,1378.0
scna-fp16,exp2,direct,on,8,16,13,1098.0,790.0,621.0,8.0,141.0,128.0,10.0,9.0,2.0,10.0,9.0,59.0,193.0,1372.0
scna-fp16,exp2,direct,on,8,16,14,1107.0,797.0,620.0,8.0,139.0,131.0,11.0,9.0,2.0,10.0,9.0,62.0,193.0,1380.0
scna-fp16,exp2,direct,on,8,16,15,1109.0,797.0,620.0,7.0,138.0,136.0,10.0,9.0,2.0,10.0,9.0,65.0,194.0,1368.0
scna-fp16,exp2,direct,on,8,16,16,1207.0,811.0,624.0,7.0,167.0,190.0,11.0,9.0,2.0,10.0,9.0,147.0,193.0,1466.0
scna-fp16,exp2,direct,on,8,16,17,1233.0,819.0,627.0,7.0,191.0,185.0,10.0,9.0,2.0,10.0,10.0,166.0,192.0,1445.0
scna-fp16,exp2,direct,on,8,16,18,1247.0,823.0,626.0,7.0,192.0,192.0,11.0,9.0,3.0,10.0,10.0,175.0,193.0,1576.0
scna-fp16,exp2,direct,on,8,16,19,1236.0,818.0,627.0,7.0,195.0,185.0,10.0,9.0,2.0,10.0,8.0,171.0,191.0,1518.0
scna-fp16,exp2,direct,on,8,32,0,1927.0,1583.0,1235.0,15.0,135.0,125.0,24.0,21.0,4.0,20.0,8.0,50.0,193.0,2236.0
scna-fp16,exp2,direct,on,8,32,1,1928.0,1581.0,1235.0,15.0,137.0,126.0,24.0,21.0,4.0,20.0,9.0,53.0,193.0,2274.0
scna-fp16,exp2,direct,on,8,32,2,1926.0,1582.0,1234.0,14.0,136.0,126.0,23.0,21.0,4.0,20.0,9.0,52.0,194.0,2258.0
scna-fp16,exp2,direct,on,8,32,3,1928.0,1582.0,1235.0,15.0,137.0,126.0,23.0,21.0,4.0,20.0,8.0,53.0,193.0,2263.0
scna-fp16,exp2,direct,on,8,32,4,1927.0,1583.0,1234.0,15.0,137.0,123.0,24.0,21.0,4.0,20.0,9.0,49.0,194.0,2264.0
scna-fp16,exp2,direct,on,8,32,5,1928.0,1582.0,1236.0,15.0,136.0,126.0,24.0,21.0,4.0,20.0,8.0,50.0,194.0,2252.0
scna-fp16,exp2,direct,on,8,32,6,1969.0,1581.0,1234.0,14.0,137.0,169.0,23.0,21.0,4.0,20.0,9.0,97.0,193.0,2283.0
scna-fp16,exp2,direct,on,8,32,7,2132.0,1637.0,1243.0,14.0,211.0,203.0,22.0,21.0,4.0,20.0,9.0,203.0,193.0,2462.0
scna-fp16,exp2,direct,on,8,32,8,2136.0,1638.0,1243.0,14.0,209.0,207.0,23.0,21.0,4.0,20.0,9.0,206.0,192.0,2517.0
scna-fp16,exp2,direct,on,8,32,9,2117.0,1626.0,1243.0,14.0,212.0,198.0,22.0,21.0,4.0,20.0,8.0,201.0,193.0,2448.0
scna-fp16,exp2,direct,on,8,32,10,2081.0,1627.0,1242.0,14.0,190.0,183.0,22.0,21.0,4.0,20.0,9.0,165.0,192.0,2377.0
scna-fp16,exp2,direct,on,8,32,11,2045.0,1616.0,1239.0,14.0,177.0,169.0,24.0,21.0,4.0,20.0,10.0,135.0,192.0,2377.0
scna-fp16,exp2,direct,on,8,32,12,2044.0,1620.0,1239.0,14.0,175.0,166.0,24.0,21.0,4.0,20.0,9.0,130.0,192.0,2412.0
scna-fp16,exp2,direct,on,8,32,13,2040.0,1613.0,1238.0,14.0,178.0,167.0,23.0,21.0,4.0,20.0,9.0,136.0,193.0,2378.0
scna-fp16,exp2,direct,on,8,32,14,2038.0,1615.0,1239.0,14.0,174.0,166.0,24.0,21.0,4.0,20.0,10.0,130.0,192.0,2387.0
scna-fp16,exp2,direct,on,8,32,15,2047.0,1613.0,1239.0,14.0,176.0,175.0,24.0,21.0,4.0,20.0,8.0,142.0,192.0,2325.0
scna-fp16,exp2,direct,on,8,32,16,2037.0,1612.0,1240.0,14.0,173.0,169.0,24.0,21.0,4.0,20.0,9.0,133.0,192.0,2283.0
scna-fp16,exp2,direct,on,8,32,17,2044.0,1612.0,1239.0,14.0,179.0,170.0,24.0,21.0,4.0,20.0,10.0,140.0,192.0,2291.0
scna-fp16,exp2,direct,on,8,32,18,2045.0,1612.0,1239.0,14.0,177.0,173.0,24.0,21.0,4.0,20.0,9.0,141.0,192.0,2315.0
scna-fp16,exp2,direct,on,8,32,19,2036.0,1613.0,1239.0,14.0,172.0,168.0,24.0,21.0,4.0,20.0,9.0,130.0,192.0,2280.0
scna-fp16,exp2,direct,on,16,4,0,503.0,259.0,217.0,2.0,130.0,105.0,3.0,0.0,0.0,4.0,8.0,27.0,192.0,706.0
scna-fp16,exp2,direct,on,16,4,1,504.0,257.0,217.0,1.0,130.0,109.0,3.0,0.0,0.0,4.0,9.0,31.0,192.0,675.0
scna-fp16,exp2,direct,on,16,4,2,503.0,259.0,217.0,1.0,130.0,106.0,3.0,0.0,0.0,4.0,8.0,28.0,193.0,681.0
scna-fp16,exp2,direct,on,16,4,3,503.0,259.0,217.0,2.0,130.0,105.0,3.0,0.0,0.0,4.0,8.0,27.0,192.0,678.0
scna-fp16,exp2,direct,on,16,4,4,500.0,259.0,217.0,1.0,130.0,103.0,3.0,0.0,0.0,4.0,8.0,24.0,193.0,679.0
scna-fp16,exp2,direct,on,16,4,5,504.0,258.0,217.0,1.0,131.0,107.0,3.0,0.0,0.0,4.0,8.0,29.0,193.0,678.0
scna-fp16,exp2,direct,on,16,4,6,503.0,260.0,217.0,1.0,130.0,105.0,3.0,0.0,0.0,4.0,9.0,26.0,193.0,680.0
scna-fp16,exp2,direct,on,16,4,7,502.0,256.0,217.0,1.0,130.0,108.0,3.0,0.0,0.0,4.0,8.0,30.0,192.0,680.0
scna-fp16,exp2,direct,on,16,4,8,503.0,259.0,217.0,1.0,131.0,105.0,3.0,0.0,0.0,4.0,8.0,27.0,194.0,677.0
scna-fp16,exp2,direct,on,16,4,9,504.0,258.0,217.0,1.0,130.0,108.0,3.0,0.0,0.0,4.0,9.0,30.0,193.0,679.0
scna-fp16,exp2,direct,on,16,4,10,526.0,260.0,217.0,1.0,134.0,124.0,3.0,0.0,0.0,4.0,10.0,51.0,192.0,751.0
scna-fp16,exp2,direct,on,16,4,11,526.0,262.0,217.0,1.0,135.0,121.0,3.0,0.0,0.0,4.0,8.0,50.0,192.0,781.0
scna-fp16,exp2,direct,on,16,4,12,524.0,261.0,216.0,1.0,135.0,120.0,3.0,0.0,0.0,4.0,9.0,47.0,192.0,761.0
scna-fp16,exp2,direct,on,16,4,13,524.0,261.0,217.0,1.0,136.0,120.0,2.0,0.0,0.0,4.0,8.0,48.0,193.0,763.0
scna-fp16,exp2,direct,on,16,4,14,524.0,260.0,217.0,1.0,137.0,120.0,2.0,0.0,0.0,4.0,10.0,47.0,193.0,748.0
scna-fp16,exp2,direct,on,16,4,15,525.0,260.0,217.0,1.0,137.0,119.0,4.0,0.0,0.0,4.0,8.0,47.0,192.0,746.0
scna-fp16,exp2,direct,on,16,4,16,526.0,261.0,217.0,1.0,135.0,122.0,3.0,0.0,0.0,4.0,8.0,48.0,192.0,760.0
scna-fp16,exp2,direct,on,16,4,17,522.0,260.0,217.0,2.0,133.0,120.0,2.0,1.0,0.0,4.0,9.0,45.0,192.0,706.0
scna-fp16,exp2,direct,on,16,4,18,530.0,261.0,216.0,2.0,135.0,125.0,3.0,0.0,0.0,4.0,8.0,53.0,192.0,750.0
scna-fp16,exp2,direct,on,16,4,19,518.0,259.0,217.0,2.0,133.0,118.0,2.0,0.0,0.0,4.0,9.0,42.0,192.0,772.0
scna-fp16,exp2,direct,on,16,8,0,812.0,524.0,431.0,4.0,135.0,131.0,7.0,4.0,2.0,5.0,9.0,56.0,193.0,1088.0
scna-fp16,exp2,direct,on,16,8,1,807.0,521.0,431.0,4.0,134.0,131.0,7.0,4.0,2.0,4.0,10.0,56.0,193.0,1067.0
scna-fp16,exp2,direct,on,16,8,2,809.0,522.0,430.0,4.0,134.0,131.0,7.0,4.0,2.0,5.0,8.0,56.0,192.0,1076.0
scna-fp16,exp2,direct,on,16,8,3,808.0,522.0,431.0,4.0,134.0,130.0,7.0,4.0,2.0,5.0,8.0,55.0,194.0,1077.0
scna-fp16,exp2,direct,on,16,8,4,804.0,521.0,431.0,4.0,135.0,126.0,7.0,4.0,2.0,5.0,10.0,53.0,192.0,1076.0
scna-fp16,exp2,direct,on,16,8,5,807.0,522.0,431.0,4.0,134.0,129.0,7.0,4.0,2.0,5.0,8.0,53.0,193.0,1000.0
scna-fp16,exp2,direct,on,16,8,6,808.0,520.0,431.0,4.0,137.0,129.0,7.0,4.0,2.0,5.0,9.0,57.0,194.0,1087.0
scna-fp16,exp2,direct,on,16,8,7,807.0,523.0,430.0,4.0,134.0,129.0,7.0,4.0,2.0,4.0,9.0,54.0,192.0,992.0
scna-fp16,exp2,direct,on,16,8,8,805.0,519.0,430.0,4.0,134.0,130.0,7.0,4.0,2.0,5.0,9.0,55.0,193.0,1094.0
scna-fp16,exp2,direct,on,16,8,9,805.0,523.0,431.0,4.0,137.0,123.0,7.0,4.0,2.0,5.0,10.0,51.0,193.0,1100.0
scna-fp16,exp2,direct,on,16,8,10,809.0,523.0,431.0,4.0,134.0,130.0,7.0,4.0,2.0,5.0,8.0,55.0,192.0,1088.0
scna-fp16,exp2,direct,on,16,8,11,807.0,522.0,430.0,4.0,133.0,130.0,7.0,4.0,2.0,5.0,9.0,54.0,192.0,1090.0
scna-fp16,exp2,direct,on,16,8,12,808.0,520.0,431.0,4.0,137.0,129.0,7.0,4.0,2.0,5.0,9.0,57.0,192.0,994.0
scna-fp16,exp2,direct,on,16,8,13,809.0,522.0,430.0,4.0,135.0,130.0,7.0,4.0,2.0,5.0,9.0,55.0,193.0,1086.0
scna-fp16,exp2,direct,on,16,8,14,1014.0,559.0,440.0,4.0,219.0,215.0,7.0,4.0,2.0,4.0,8.0,226.0,192.0,1246.0
scna-fp16,exp2,direct,on,16,8,15,1008.0,554.0,440.0,4.0,218.0,214.0,7.0,4.0,2.0,5.0,8.0,225.0,192.0,1330.0
scna-fp16,exp2,direct,on,16,8,16,1013.0,553.0,440.0,4.0,225.0,213.0,7.0,4.0,2.0,5.0,10.0,230.0,192.0,1218.0
scna-fp16,exp2,direct,on,16,8,17,1007.0,553.0,441.0,4.0,219.0,213.0,7.0,4.0,2.0,5.0,9.0,223.0,192.0,1222.0
scna-fp16,exp2,direct,on,16,8,18,1006.0,555.0,440.0,4.0,217.0,212.0,7.0,4.0,2.0,5.0,9.0,220.0,192.0,1209.0
scna-fp16,exp2,direct,on,16,8,19,1009.0,554.0,440.0,4.0,219.0,215.0,7.0,4.0,2.0,4.0,10.0,225.0,192.0,1229.0
scna-fp16,exp2,direct,on,16,16,0,1311.0,1032.0,860.0,8.0,131.0,108.0,11.0,9.0,2.0,10.0,8.0,30.0,192.0,1542.0
scna-fp16,exp2,direct,on,16,16,1,1306.0,1028.0,860.0,7.0,131.0,109.0,10.0,9.0,2.0,10.0,9.0,31.0,193.0,1549.0
scna-fp16,exp2,direct,on,16,16,2,1309.0,1027.0,860.0,7.0,132.0,111.0,11.0,9.0,2.0,10.0,9.0,32.0,193.0,1566.0
scna-fp16,exp2,direct,on,16,16,3,1310.0,1033.0,860.0,7.0,131.0,106.0,10.0,10.0,3.0,10.0,8.0,29.0,194.0,1540.0
scna-fp16,exp2,direct,on,16,16,4,1302.0,1023.0,860.0,7.0,131.0,108.0,11.0,9.0,3.0,10.0,10.0,30.0,194.0,1546.0
scna-fp16,exp2,direct,on,16,16,5,1307.0,1030.0,860.0,8.0,131.0,107.0,10.0,9.0,2.0,10.0,9.0,29.0,193.0,1542.0
scna-fp16,exp2,direct,on,16,16,6,1408.0,1046.0,862.0,7.0,159.0,164.0,11.0,9.0,2.0,10.0,9.0,114.0,192.0,1663.0
scna-fp16,exp2,direct,on,16,16,7,1423.0,1057.0,865.0,7.0,175.0,153.0,10.0,9.0,2.0,10.0,10.0,119.0,192.0,1674.0
scna-fp16,exp2,direct,on,16,16,8,1419.0,1057.0,865.0,7.0,170.0,153.0,11.0,9.0,2.0,10.0,9.0,114.0,193.0,1649.0
scna-fp16,exp2,direct,on,16,16,9,1422.0,1059.0,866.0,7.0,171.0,154.0,10.0,9.0,2.0,10.0,8.0,115.0,192.0,1631.0
scna-fp16,exp2,direct,on,16,16,10,1428.0,1063.0,864.0,8.0,170.0,155.0,11.0,9.0,2.0,10.0,9.0,116.0,193.0,1769.0
scna-fp16,exp2,direct,on,16,16,11,1421.0,1057.0,865.0,8.0,172.0,153.0,10.0,9.0,2.0,10.0,8.0,117.0,191.0,1640.0
scna-fp16,exp2,direct,on,16,16,12,1426.0,1058.0,865.0,8.0,171.0,156.0,11.0,10.0,2.0,10.0,10.0,117.0,192.0,1751.0
scna-fp16,exp2,direct,on,16,16,13,1430.0,1060.0,865.0,7.0,170.0,162.0,10.0,9.0,2.0,10.0,9.0,123.0,193.0,1696.0
scna-fp16,exp2,direct,on,16,16,14,1430.0,1062.0,866.0,8.0,170.0,157.0,11.0,9.0,3.0,10.0,10.0,118.0,192.0,1782.0
scna-fp16,exp2,direct,on,16,16,15,1417.0,1056.0,865.0,8.0,170.0,152.0,10.0,9.0,2.0,10.0,8.0,114.0,192.0,1673.0
scna-fp16,exp2,direct,on,16,16,16,1414.0,1060.0,865.0,7.0,166.0,149.0,11.0,9.0,2.0,10.0,9.0,106.0,192.0,1758.0
scna-fp16,exp2,direct,on,16,16,17,1411.0,1057.0,864.0,7.0,166.0,150.0,10.0,9.0,2.0,10.0,8.0,106.0,194.0,1672.0
scna-fp16,exp2,direct,on,16,16,18,1410.0,1058.0,864.0,7.0,166.0,147.0,11.0,9.0,2.0,10.0,10.0,104.0,192.0,1630.0
scna-fp16,exp2,direct,on,16,16,19,1411.0,1058.0,865.0,7.0,166.0,148.0,10.0,10.0,2.0,10.0,10.0,105.0,192.0,1636.0
scna-fp16,exp2,direct,on,16,32,0,2467.0,2075.0,1719.0,15.0,151.0,158.0,23.0,21.0,4.0,20.0,10.0,100.0,193.0,2778.0
scna-fp16,exp2,direct,on,16,32,1,2493.0,2087.0,1720.0,15.0,165.0,157.0,23.0,21.0,4.0,21.0,10.0,115.0,192.0,2789.0
scna-fp16,exp2,direct,on,16,32,2,2480.0,2083.0,1720.0,15.0,164.0,149.0,24.0,21.0,4.0,20.0,8.0,103.0,192.0,2805.0
scna-fp16,exp2,direct,on,16,32,3,2489.0,2086.0,1719.0,15.0,158.0,161.0,24.0,21.0,4.0,20.0,10.0,109.0,192.0,2779.0
scna-fp16,exp2,direct,on,16,32,4,2479.0,2077.0,1720.0,15.0,163.0,156.0,23.0,21.0,4.0,20.0,9.0,111.0,192.0,2774.0
scna-fp16,exp2,direct,on,16,32,5,2481.0,2081.0,1720.0,16.0,162.0,154.0,23.0,21.0,4.0,20.0,9.0,108.0,192.0,2775.0
scna-fp16,exp2,direct,on,16,32,6,2470.0,2072.0,1720.0,15.0,158.0,157.0,23.0,21.0,4.0,20.0,8.0,107.0,192.0,2730.0
scna-fp16,exp2,direct,on,16,32,7,2480.0,2077.0,1720.0,15.0,163.0,156.0,24.0,21.0,4.0,20.0,9.0,110.0,193.0,2791.0
scna-fp16,exp2,direct,on,16,32,8,2475.0,2076.0,1720.0,15.0,158.0,157.0,24.0,21.0,4.0,20.0,10.0,106.0,193.0,2768.0
scna-fp16,exp2,direct,on,16,32,9,2477.0,2076.0,1719.0,15.0,160.0,157.0,24.0,21.0,4.0,20.0,10.0,108.0,192.0,2770.0
scna-fp16,exp2,direct,on,16,32,10,2473.0,2080.0,1719.0,14.0,155.0,155.0,23.0,22.0,4.0,20.0,10.0,101.0,192.0,2829.0
scna-fp16,exp2,direct,on,16,32,11,2468.0,2079.0,1719.0,15.0,156.0,150.0,23.0,21.0,4.0,20.0,8.0,97.0,192.0,2710.0
scna-fp16,exp2,direct,on,16,32,12,2455.0,2074.0,1719.0,15.0,153.0,144.0,23.0,21.0,4.0,21.0,8.0,89.0,192.0,2813.0
scna-fp16,exp2,direct,on,16,32,13,2471.0,2078.0,1720.0,16.0,161.0,148.0,23.0,21.0,4.0,20.0,10.0,100.0,192.0,2788.0
scna-fp16,exp2,direct,on,16,32,14,2469.0,2076.0,1719.0,15.0,160.0,149.0,24.0,21.0,4.0,20.0,9.0,101.0,192.0,2785.0
scna-fp16,exp2,direct,on,16,32,15,2467.0,2075.0,1719.0,15.0,160.0,149.0,23.0,21.0,4.0,20.0,9.0,102.0,193.0,2787.0
scna-fp16,exp2,direct,on,16,32,16,2474.0,2076.0,1718.0,15.0,160.0,154.0,24.0,21.0,4.0,20.0,9.0,103.0,193.0,2731.0
scna-fp16,exp2,direct,on,16,32,17,2474.0,2079.0,1719.0,15.0,157.0,155.0,23.0,21.0,4.0,20.0,9.0,103.0,192.0,2761.0
scna-fp16,exp2,direct,on,16,32,18,2469.0,2080.0,1719.0,14.0,158.0,149.0,23.0,21.0,4.0,20.0,10.0,98.0,192.0,2785.0
scna-fp16,exp2,direct,on,16,32,19,2474.0,2082.0,1720.0,14.0,158.0,152.0,23.0,21.0,4.0,20.0,9.0,101.0,192.0,2776.0
scna-fp16,exp2,direct,on,32,4,0,657.0,397.0,358.0,2.0,132.0,119.0,3.0,0.0,0.0,4.0,8.0,43.0,192.0,905.0
scna-fp16,exp2,direct,on,32,4,1,655.0,399.0,358.0,2.0,131.0,117.0,2.0,0.0,0.0,4.0,8.0,39.0,193.0,934.0
scna-fp16,exp2,direct,on,32,4,2,660.0,401.0,359.0,2.0,131.0,119.0,3.0,0.0,0.0,4.0,8.0,42.0,192.0,929.0
scna-fp16,exp2,direct,on,32,4,3,656.0,403.0,358.0,2.0,132.0,113.0,2.0,0.0,0.0,4.0,8.0,37.0,193.0,930.0
scna-fp16,exp2,direct,on,32,4,4,654.0,398.0,358.0,2.0,131.0,116.0,3.0,0.0,0.0,4.0,8.0,38.0,193.0,936.0
scna-fp16,exp2,direct,on,32,4,5,653.0,403.0,358.0,1.0,131.0,112.0,2.0,0.0,0.0,4.0,8.0,36.0,193.0,930.0
scna-fp16,exp2,direct,on,32,4,6,657.0,401.0,358.0,2.0,131.0,116.0,3.0,0.0,0.0,4.0,9.0,38.0,194.0,933.0
scna-fp16,exp2,direct,on,32,4,7,658.0,403.0,358.0,1.0,131.0,117.0,2.0,0.0,0.0,4.0,8.0,39.0,192.0,928.0
scna-fp16,exp2,direct,on,32,4,8,650.0,399.0,358.0,1.0,131.0,112.0,3.0,0.0,0.0,4.0,10.0,35.0,192.0,930.0
scna-fp16,exp2,direct,on,32,4,9,653.0,402.0,358.0,1.0,131.0,113.0,2.0,0.0,0.0,4.0,9.0,36.0,193.0,930.0
scna-fp16,exp2,direct,on,32,4,10,655.0,402.0,358.0,1.0,130.0,115.0,3.0,0.0,0.0,4.0,9.0,39.0,193.0,931.0
scna-fp16,exp2,direct,on,32,4,11,729.0,408.0,360.0,2.0,158.0,155.0,2.0,0.0,0.0,4.0,9.0,105.0,193.0,964.0
scna-fp16,exp2,direct,on,32,4,12,723.0,409.0,360.0,1.0,158.0,148.0,3.0,0.0,0.0,4.0,8.0,98.0,192.0,914.0
scna-fp16,exp2,direct,on,32,4,13,727.0,409.0,360.0,2.0,159.0,151.0,2.0,0.0,0.0,4.0,9.0,101.0,192.0,913.0
scna-fp16,exp2,direct,on,32,4,14,729.0,407.0,360.0,1.0,161.0,153.0,3.0,0.0,0.0,4.0,9.0,106.0,192.0,961.0
scna-fp16,exp2,direct,on,32,4,15,724.0,409.0,360.0,2.0,157.0,150.0,2.0,0.0,0.0,4.0,9.0,99.0,193.0,915.0
scna-fp16,exp2,direct,on,32,4,16,725.0,410.0,360.0,1.0,161.0,146.0,3.0,0.0,0.0,4.0,8.0,100.0,192.0,939.0
scna-fp16,exp2,direct,on,32,4,17,719.0,407.0,360.0,2.0,155.0,149.0,2.0,0.0,0.0,4.0,8.0,97.0,192.0,915.0
scna-fp16,exp2,direct,on,32,4,18,719.0,409.0,360.0,1.0,156.0,146.0,3.0,0.0,0.0,4.0,8.0,94.0,192.0,903.0
scna-fp16,exp2,direct,on,32,4,19,715.0,407.0,360.0,1.0,156.0,145.0,2.0,0.0,0.0,4.0,8.0,92.0,194.0,963.0
scna-fp16,exp2,direct,on,32,8,0,1070.0,803.0,716.0,4.0,131.0,113.0,7.0,5.0,2.0,5.0,9.0,36.0,192.0,1286.0
scna-fp16,exp2,direct,on,32,8,1,1065.0,799.0,717.0,4.0,130.0,114.0,7.0,4.0,2.0,5.0,9.0,35.0,193.0,1278.0
scna-fp16,exp2,direct,on,32,8,2,1069.0,804.0,717.0,4.0,130.0,113.0,7.0,4.0,2.0,5.0,9.0,35.0,193.0,1278.0
scna-fp16,exp2,direct,on,32,8,3,1069.0,802.0,716.0,4.0,131.0,113.0,7.0,5.0,2.0,5.0,10.0,34.0,193.0,1280.0
scna-fp16,exp2,direct,on,32,8,4,1066.0,802.0,717.0,4.0,130.0,112.0,7.0,4.0,2.0,5.0,9.0,34.0,192.0,1280.0
scna-fp16,exp2,direct,on,32,8,5,1069.0,804.0,717.0,4.0,131.0,112.0,7.0,4.0,2.0,5.0,9.0,35.0,192.0,1286.0
scna-fp16,exp2,direct,on,32,8,6,1101.0,806.0,718.0,4.0,131.0,142.0,7.0,4.0,2.0,5.0,9.0,65.0,192.0,1398.0
scna-fp16,exp2,direct,on,32,8,7,1167.0,816.0,718.0,4.0,166.0,164.0,7.0,4.0,2.0,4.0,9.0,122.0,192.0,1455.0
scna-fp16,exp2,direct,on,32,8,8,1168.0,816.0,717.0,4.0,165.0,165.0,7.0,4.0,2.0,5.0,10.0,121.0,192.0,1480.0
scna-fp16,exp2,direct,on,32,8,9,1167.0,815.0,717.0,4.0,164.0,166.0,7.0,4.0,2.0,5.0,9.0,120.0,193.0,1357.0
scna-fp16,exp2,direct,on,32,8,10,1167.0,815.0,717.0,4.0,163.0,167.0,7.0,4.0,2.0,5.0,9.0,122.0,192.0,1471.0
scna-fp16,exp2,direct,on,32,8,11,1162.0,817.0,717.0,4.0,166.0,157.0,7.0,4.0,2.0,5.0,8.0,115.0,192.0,1348.0
scna-fp16,exp2,direct,on,32,8,12,1159.0,817.0,717.0,4.0,163.0,157.0,7.0,4.0,2.0,5.0,10.0,112.0,192.0,1346.0
scna-fp16,exp2,direct,on,32,8,13,1159.0,815.0,717.0,4.0,163.0,159.0,7.0,4.0,2.0,5.0,8.0,115.0,192.0,1344.0
scna-fp16,exp2,direct,on,32,8,14,1166.0,814.0,717.0,4.0,165.0,165.0,7.0,4.0,2.0,5.0,8.0,121.0,192.0,1482.0
scna-fp16,exp2,direct,on,32,8,15,1170.0,814.0,717.0,4.0,171.0,163.0,7.0,4.0,2.0,5.0,8.0,124.0,193.0,1473.0
scna-fp16,exp2,direct,on,32,8,16,1160.0,814.0,717.0,4.0,162.0,162.0,7.0,4.0,2.0,5.0,9.0,116.0,192.0,1358.0
scna-fp16,exp2,direct,on,32,8,17,1156.0,812.0,717.0,4.0,161.0,162.0,7.0,4.0,2.0,4.0,8.0,113.0,193.0,1388.0
scna-fp16,exp2,direct,on,32,8,18,1164.0,814.0,717.0,4.0,167.0,161.0,7.0,4.0,2.0,5.0,9.0,120.0,193.0,1358.0
scna-fp16,exp2,direct,on,32,8,19,1152.0,813.0,717.0,4.0,163.0,155.0,7.0,4.0,2.0,4.0,8.0,110.0,192.0,1349.0
scna-fp16,exp2,direct,on,32,16,0,1894.0,1604.0,1433.0,8.0,133.0,115.0,11.0,11.0,2.0,10.0,10.0,38.0,193.0,2125.0
scna-fp16,exp2,direct,on,32,16,1,1892.0,1601.0,1432.0,8.0,133.0,116.0,10.0,11.0,3.0,10.0,10.0,40.0,192.0,2134.0
scna-fp16,exp2,direct,on,32,16,2,1896.0,1605.0,1432.0,8.0,133.0,115.0,11.0,10.0,4.0,10.0,8.0,39.0,193.0,2133.0
scna-fp16,exp2,direct,on,32,16,3,1891.0,1603.0,1432.0,8.0,132.0,116.0,10.0,10.0,2.0,10.0,10.0,39.0,192.0,2136.0
scna-fp16,exp2,direct,on,32,16,4,1897.0,1604.0,1432.0,8.0,133.0,117.0,11.0,11.0,3.0,10.0,9.0,41.0,192.0,2131.0
scna-fp16,exp2,direct,on,32,16,5,1891.0,1602.0,1432.0,8.0,133.0,116.0,10.0,10.0,2.0,10.0,10.0,40.0,192.0,2132.0
scna-fp16,exp2,direct,on,32,16,6,1920.0,1605.0,1432.0,8.0,138.0,135.0,11.0,11.0,2.0,10.0,8.0,64.0,193.0,2175.0
scna-fp16,exp2,direct,on,32,16,7,1941.0,1611.0,1432.0,8.0,147.0,143.0,10.0,10.0,2.0,10.0,10.0,80.0,193.0,2220.0
scna-fp16,exp2,direct,on,32,16,8,1946.0,1611.0,1432.0,8.0,151.0,143.0,11.0,10.0,2.0,10.0,9.0,85.0,192.0,2247.0
scna-fp16,exp2,direct,on,32,16,9,1945.0,1610.0,1433.0,8.0,151.0,143.0,10.0,10.0,3.0,10.0,10.0,86.0,192.0,2243.0
scna-fp16,exp2,direct,on,32,16,10,1938.0,1612.0,1434.0,8.0,151.0,133.0,11.0,11.0,2.0,10.0,9.0,76.0,192.0,2242.0
scna-fp16,exp2,direct,on,32,16,11,1939.0,1610.0,1432.0,8.0,150.0,138.0,10.0,10.0,3.0,10.0,10.0,78.0,192.0,2269.0
scna-fp16,exp2,direct,on,32,16,12,1930.0,1605.0,1433.0,8.0,147.0,136.0,11.0,10.0,3.0,10.0,10.0,75.0,193.0,2226.0
scna-fp16,exp2,direct,on,32,16,13,1911.0,1599.0,1432.0,7.0,143.0,129.0,10.0,10.0,3.0,10.0,9.0,63.0,192.0,2210.0
scna-fp16,exp2,direct,on,32,16,14,1929.0,1608.0,1432.0,8.0,146.0,134.0,11.0,10.0,2.0,10.0,8.0,70.0,193.0,2241.0
scna-fp16,exp2,direct,on,32,16,15,1927.0,1608.0,1432.0,8.0,144.0,133.0,10.0,11.0,3.0,10.0,10.0,68.0,192.0,2236.0
scna-fp16,exp2,direct,on,32,16,16,1921.0,1607.0,1433.0,8.0,144.0,129.0,11.0,10.0,2.0,10.0,9.0,62.0,192.0,2142.0
scna-fp16,exp2,direct,on,32,16,17,1912.0,1605.0,1432.0,8.0,139.0,127.0,10.0,11.0,2.0,10.0,10.0,57.0,193.0,2173.0
scna-fp16,exp2,direct,on,32,16,18,1916.0,1609.0,1432.0,8.0,143.0,122.0,11.0,10.0,3.0,10.0,9.0,56.0,192.0,2131.0
scna-fp16,exp2,direct,on,32,16,19,1920.0,1610.0,1432.0,8.0,140.0,129.0,10.0,10.0,3.0,10.0,9.0,60.0,192.0,2129.0
scna-fp16,exp2,direct,on,32,32,0,3644.0,3232.0,2859.0,14.0,166.0,164.0,22.0,22.0,4.0,20.0,10.0,121.0,192.0,3974.0
scna-fp16,exp2,direct,on,32,32,1,3642.0,3232.0,2860.0,14.0,165.0,163.0,22.0,22.0,4.0,20.0,10.0,120.0,192.0,3941.0
scna-fp16,exp2,direct,on,32,32,2,3644.0,3232.0,2860.0,14.0,167.0,162.0,23.0,22.0,4.0,20.0,9.0,120.0,193.0,3929.0
scna-fp16,exp2,direct,on,32,32,3,3631.0,3227.0,2859.0,14.0,163.0,158.0,22.0,23.0,4.0,20.0,9.0,112.0,192.0,3981.0
scna-fp16,exp2,direct,on,32,32,4,3637.0,3229.0,2860.0,14.0,164.0,161.0,22.0,23.0,4.0,20.0,9.0,116.0,192.0,3951.0
scna-fp16,exp2,direct,on,32,32,5,3638.0,3231.0,2860.0,14.0,164.0,161.0,22.0,22.0,4.0,20.0,9.0,117.0,192.0,3948.0
scna-fp16,exp2,direct,on,32,32,6,3638.0,3230.0,2860.0,14.0,165.0,161.0,22.0,22.0,4.0,20.0,9.0,118.0,192.0,3933.0
scna-fp16,exp2,direct,on,32,32,7,3635.0,3229.0,2859.0,14.0,163.0,161.0,22.0,22.0,4.0,20.0,9.0,114.0,192.0,3952.0
scna-fp16,exp2,direct,on,32,32,8,3637.0,3230.0,2859.0,14.0,164.0,161.0,22.0,22.0,4.0,20.0,9.0,116.0,193.0,3960.0
scna-fp16,exp2,direct,on,32,32,9,3642.0,3228.0,2859.0,14.0,165.0,165.0,24.0,22.0,4.0,20.0,10.0,121.0,192.0,4000.0
scna-fp16,exp2,direct,on,32,32,10,3635.0,3230.0,2859.0,14.0,163.0,157.0,24.0,22.0,4.0,21.0,9.0,112.0,193.0,3880.0
scna-fp16,exp2,direct,on,32,32,11,3638.0,3224.0,2859.0,14.0,166.0,164.0,24.0,22.0,4.0,20.0,10.0,121.0,192.0,3874.0
scna-fp16,exp2,direct,on,32,32,12,3633.0,3231.0,2859.0,14.0,162.0,156.0,24.0,22.0,4.0,20.0,9.0,109.0,192.0,3937.0
scna-fp16,exp2,direct,on,32,32,13,3634.0,3222.0,2859.0,14.0,164.0,165.0,23.0,22.0,4.0,20.0,9.0,120.0,192.0,3895.0
scna-fp16,exp2,direct,on,32,32,14,3626.0,3228.0,2858.0,14.0,162.0,153.0,23.0,22.0,4.0,20.0,9.0,106.0,192.0,3955.0
scna-fp16,exp2,direct,on,32,32,15,3516.0,3186.0,2859.0,14.0,144.0,102.0,24.0,22.0,4.0,20.0,9.0,36.0,193.0,3811.0
scna-fp16,exp2,direct,on,32,32,16,3491.0,3174.0,2858.0,14.0,131.0,103.0,23.0,22.0,4.0,20.0,9.0,25.0,193.0,3731.0
scna-fp16,exp2,direct,on,32,32,17,3489.0,3172.0,2858.0,14.0,131.0,102.0,23.0,23.0,4.0,20.0,10.0,23.0,193.0,3802.0
scna-fp16,exp2,direct,on,32,32,18,3492.0,3175.0,2858.0,14.0,131.0,102.0,24.0,22.0,4.0,20.0,9.0,24.0,193.0,3741.0
scna-fp16,exp2,direct,on,32,32,19,3628.0,3231.0,2859.0,14.0,159.0,154.0,24.0,22.0,4.0,20.0,9.0,105.0,193.0,3908.0
scna-fp16,exp2,tree,off,8,4,0,857.0,196.0,147.0,2.0,326.0,322.0,4.0,2.0,2.0,3.0,0.0,0.0,0.0,1196.0
scna-fp16,exp2,tree,off,8,4,1,888.0,194.0,147.0,2.0,353.0,329.0,4.0,2.0,2.0,2.0,0.0,0.0,0.0,1191.0
scna-fp16,exp2,tree,off,8,4,2,873.0,193.0,146.0,2.0,325.0,342.0,4.0,2.0,2.0,3.0,0.0,0.0,0.0,1192.0
scna-fp16,exp2,tree,off,8,4,3,874.0,192.0,146.0,2.0,349.0,320.0,4.0,2.0,2.0,3.0,0.0,0.0,0.0,1194.0
scna-fp16,exp2,tree,off,8,4,4,885.0,195.0,146.0,2.0,338.0,340.0,4.0,2.0,1.0,3.0,0.0,0.0,0.0,1203.0
scna-fp16,exp2,tree,off,8,4,5,900.0,194.0,147.0,2.0,356.0,338.0,4.0,2.0,2.0,2.0,0.0,0.0,0.0,1191.0
scna-fp16,exp2,tree,off,8,4,6,863.0,195.0,145.0,2.0,322.0,334.0,4.0,2.0,2.0,2.0,0.0,0.0,0.0,1190.0
scna-fp16,exp2,tree,off,8,4,7,881.0,192.0,145.0,2.0,334.0,341.0,4.0,2.0,2.0,4.0,0.0,0.0,0.0,1184.0
scna-fp16,exp2,tree,off,8,4,8,855.0,190.0,145.0,2.0,334.0,318.0,4.0,2.0,2.0,3.0,0.0,0.0,0.0,1188.0
scna-fp16,exp2,tree,off,8,4,9,868.0,194.0,146.0,2.0,347.0,314.0,4.0,2.0,2.0,3.0,0.0,0.0,0.0,1116.0
scna-fp16,exp2,tree,off,8,4,10,853.0,196.0,146.0,2.0,345.0,300.0,4.0,2.0,2.0,2.0,0.0,0.0,0.0,1196.0
scna-fp16,exp2,tree,off,8,4,11,866.0,194.0,145.0,2.0,344.0,316.0,4.0,2.0,1.0,3.0,0.0,0.0,0.0,1195.0
scna-fp16,exp2,tree,off,8,4,12,885.0,194.0,146.0,2.0,336.0,342.0,4.0,2.0,2.0,3.0,0.0,0.0,0.0,1196.0
scna-fp16,exp2,tree,off,8,4,13,828.0,192.0,146.0,2.0,313.0,310.0,4.0,2.0,2.0,3.0,0.0,0.0,0.0,1070.0
scna-fp16,exp2,tree,off,8,4,14,848.0,195.0,146.0,2.0,346.0,294.0,4.0,2.0,2.0,3.0,0.0,0.0,0.0,1199.0
scna-fp16,exp2,tree,off,8,4,15,852.0,195.0,146.0,2.0,314.0,331.0,4.0,2.0,2.0,2.0,0.0,0.0,0.0,1193.0
scna-fp16,exp2,tree,off,8,4,16,837.0,193.0,145.0,2.0,342.0,288.0,4.0,2.0,2.0,4.0,0.0,0.0,0.0,1075.0
scna-fp16,exp2,tree,off,8,4,17,860.0,193.0,146.0,2.0,318.0,336.0,4.0,2.0,2.0,3.0,0.0,0.0,0.0,1194.0
scna-fp16,exp2,tree,off,8,4,18,885.0,191.0,145.0,2.0,341.0,340.0,4.0,2.0,2.0,3.0,0.0,0.0,0.0,1190.0
scna-fp16,exp2,tree,off,8,4,19,849.0,193.0,145.0,2.0,341.0,302.0,4.0,2.0,2.0,3.0,0.0,0.0,0.0,1194.0
scna-fp16,exp2,tree,off,8,8,0,1078.0,373.0,280.0,4.0,353.0,325.0,8.0,6.0,3.0,6.0,0.0,0.0,0.0,1425.0
scna-fp16,exp2,tree,off,8,8,1,1059.0,374.0,279.0,4.0,353.0,305.0,8.0,6.0,3.0,6.0,0.0,0.0,0.0,1305.0
scna-fp16,exp2,tree,off,8,8,2,1074.0,372.0,279.0,4.0,353.0,322.0,8.0,6.0,3.0,6.0,0.0,0.0,0.0,1427.0
scna-fp16,exp2,tree,off,8,8,3,1056.0,373.0,279.0,4.0,351.0,304.0,8.0,7.0,3.0,6.0,0.0,0.0,0.0,1313.0
scna-fp16,exp2,tree,off,8,8,4,1059.0,374.0,279.0,4.0,351.0,309.0,8.0,6.0,2.0,5.0,0.0,0.0,0.0,1302.0
scna-fp16,exp2,tree,off,8,8,5,1047.0,373.0,278.0,4.0,330.0,318.0,8.0,6.0,2.0,6.0,0.0,0.0,0.0,1379.0
scna-fp16,exp2,tree,off,8,8,6,1113.0,388.0,289.0,4.0,369.0,329.0,8.0,6.0,3.0,6.0,0.0,0.0,0.0,1375.0
scna-fp16,exp2,tree,off,8,8,7,1123.0,389.0,288.0,4.0,373.0,335.0,8.0,6.0,2.0,6.0,0.0,0.0,0.0,1491.0
scna-fp16,exp2,tree,off,8,8,8,1124.0,390.0,289.0,4.0,367.0,340.0,8.0,6.0,3.0,6.0,0.0,0.0,0.0,1367.0
scna-fp16,exp2,tree,off,8,8,9,1130.0,388.0,290.0,4.0,381.0,335.0,8.0,6.0,2.0,6.0,0.0,0.0,0.0,1496.0
scna-fp16,exp2,tree,off,8,8,10,1124.0,389.0,290.0,4.0,367.0,341.0,8.0,6.0,3.0,6.0,0.0,0.0,0.0,1365.0
scna-fp16,exp2,tree,off,8,8,11,1127.0,390.0,289.0,4.0,374.0,337.0,8.0,6.0,2.0,6.0,0.0,0.0,0.0,1491.0
scna-fp16,exp2,tree,off,8,8,12,1119.0,390.0,289.0,4.0,371.0,332.0,8.0,6.0,2.0,6.0,0.0,0.0,0.0,1355.0
scna-fp16,exp2,tree,off,8,8,13,1121.0,388.0,288.0,4.0,376.0,332.0,8.0,6.0,2.0,5.0,0.0,0.0,0.0,1493.0
scna-fp16,exp2,tree,off,8,8,14,1123.0,389.0,289.0,4.0,371.0,337.0,8.0,6.0,2.0,6.0,0.0,0.0,0.0,1471.0
scna-fp16,exp2,tree,off,8,8,15,1118.0,388.0,288.0,4.0,369.0,336.0,8.0,6.0,2.0,5.0,0.0,0.0,0.0,1366.0
scna-fp16,exp2,tree,off,8,8,16,1121.0,388.0,288.0,4.0,371.0,336.0,8.0,6.0,2.0,6.0,0.0,0.0,0.0,1459.0
scna-fp16,exp2,tree,off,8,8,17,1122.0,390.0,289.0,4.0,375.0,332.0,8.0,6.0,2.0,5.0,0.0,0.0,0.0,1402.0
scna-fp16,exp2,tree,off,8,8,18,1114.0,386.0,288.0,4.0,370.0,332.0,8.0,6.0,2.0,6.0,0.0,0.0,0.0,1377.0
scna-fp16,exp2,tree,off,8,8,19,1132.0,389.0,288.0,4.0,379.0,338.0,8.0,6.0,2.0,6.0,0.0,0.0,0.0,1461.0
scna-fp16,exp2,tree,off,8,16,0,1405.0,717.0,545.0,8.0,337.0,307.0,12.0,10.0,3.0,11.0,0.0,0.0,0.0,1759.0
scna-fp16,exp2,tree,off,8,16,1,1443.0,710.0,545.0,8.0,349.0,337.0,13.0,11.0,3.0,12.0,0.0,0.0,0.0,1768.0
scna-fp16,exp2,tree,off,8,16,2,1418.0,716.0,546.0,8.0,344.0,313.0,12.0,10.0,3.0,12.0,0.0,0.0,0.0,1755.0
scna-fp16,exp2,tree,off,8,16,3,1407.0,719.0,545.0,8.0,335.0,309.0,12.0,10.0,3.0,11.0,0.0,0.0,0.0,1750.0
scna-fp16,exp2,tree,off,8,16,4,1415.0,719.0,545.0,8.0,348.0,305.0,12.0,10.0,3.0,10.0,0.0,0.0,0.0,1741.0
scna-fp16,exp2,tree,off,8,16,5,1422.0,717.0,545.0,8.0,336.0,325.0,12.0,11.0,3.0,10.0,0.0,0.0,0.0,1741.0
scna-fp16,exp2,tree,off,8,16,6,1429.0,718.0,545.0,8.0,348.0,319.0,12.0,10.0,3.0,11.0,0.0,0.0,0.0,1740.0
scna-fp16,exp2,tree,off,8,16,7,1491.0,742.0,554.0,8.0,373.0,331.0,12.0,10.0,3.0,12.0,0.0,0.0,0.0,1773.0
scna-fp16,exp2,tree,off,8,16,8,1506.0,737.0,554.0,8.0,387.0,338.0,12.0,10.0,3.0,11.0,0.0,0.0,0.0,1825.0
scna-fp16,exp2,tree,off,8,16,9,1497.0,744.0,554.0,8.0,372.0,336.0,12.0,11.0,3.0,11.0,0.0,0.0,0.0,1760.0
scna-fp16,exp2,tree,off,8,16,10,1503.0,745.0,554.0,8.0,382.0,332.0,12.0,10.0,3.0,11.0,0.0,0.0,0.0,1877.0
scna-fp16,exp2,tree,off,8,16,11,1506.0,738.0,554.0,8.0,383.0,340.0,12.0,11.0,3.0,11.0,0.0,0.0,0.0,1870.0
scna-fp16,exp2,tree,off,8,16,12,1500.0,743.0,553.0,8.0,378.0,333.0,12.0,11.0,3.0,12.0,0.0,0.0,0.0,1866.0
scna-fp16,exp2,tree,off,8,16,13,1492.0,746.0,553.0,8.0,375.0,327.0,12.0,10.0,3.0,11.0,0.0,0.0,0.0,1766.0
scna-fp16,exp2,tree,off,8,16,14,1498.0,746.0,555.0,8.0,381.0,328.0,12.0,10.0,3.0,10.0,0.0,0.0,0.0,1875.0
scna-fp16,exp2,tree,off,8,16,15,1494.0,740.0,554.0,8.0,379.0,329.0,12.0,11.0,3.0,12.0,0.0,0.0,0.0,1857.0
scna-fp16,exp2,tree,off,8,16,16,1487.0,742.0,554.0,8.0,374.0,328.0,12.0,10.0,3.0,10.0,0.0,0.0,0.0,1768.0
scna-fp16,exp2,tree,off,8,16,17,1491.0,743.0,554.0,8.0,375.0,329.0,12.0,11.0,3.0,10.0,0.0,0.0,0.0,1768.0
scna-fp16,exp2,tree,off,8,16,18,1494.0,737.0,553.0,8.0,374.0,340.0,12.0,10.0,3.0,10.0,0.0,0.0,0.0,1797.0
scna-fp16,exp2,tree,off,8,16,19,1493.0,744.0,554.0,8.0,378.0,328.0,12.0,10.0,3.0,10.0,0.0,0.0,0.0,1876.0
scna-fp16,exp2,tree,off,8,32,0,2234.0,1441.0,1082.0,16.0,376.0,330.0,24.0,22.0,3.0,22.0,0.0,0.0,0.0,2532.0
scna-fp16,exp2,tree,off,8,32,1,2268.0,1454.0,1087.0,16.0,392.0,337.0,24.0,22.0,3.0,20.0,0.0,0.0,0.0,2555.0
scna-fp16,exp2,tree,off,8,32,2,2258.0,1460.0,1087.0,15.0,388.0,326.0,24.0,22.0,3.0,20.0,0.0,0.0,0.0,2547.0
scna-fp16,exp2,tree,off,8,32,3,2253.0,1455.0,1087.0,16.0,387.0,324.0,24.0,22.0,3.0,22.0,0.0,0.0,0.0,2663.0
scna-fp16,exp2,tree,off,8,32,4,2266.0,1457.0,1086.0,16.0,393.0,329.0,24.0,22.0,3.0,22.0,0.0,0.0,0.0,2646.0
scna-fp16,exp2,tree,off,8,32,5,2266.0,1457.0,1087.0,15.0,391.0,333.0,24.0,22.0,3.0,21.0,0.0,0.0,0.0,2655.0
scna-fp16,exp2,tree,off,8,32,6,2268.0,1456.0,1087.0,16.0,393.0,333.0,24.0,23.0,3.0,20.0,0.0,0.0,0.0,2592.0
scna-fp16,exp2,tree,off,8,32,7,2269.0,1455.0,1087.0,16.0,393.0,334.0,24.0,22.0,3.0,22.0,0.0,0.0,0.0,2621.0
scna-fp16,exp2,tree,off,8,32,8,2261.0,1445.0,1086.0,15.0,389.0,340.0,24.0,23.0,3.0,22.0,0.0,0.0,0.0,2558.0
scna-fp16,exp2,tree,off,8,32,9,2259.0,1454.0,1087.0,16.0,385.0,334.0,24.0,22.0,3.0,21.0,0.0,0.0,0.0,2655.0
scna-fp16,exp2,tree,off,8,32,10,2261.0,1455.0,1086.0,16.0,389.0,331.0,24.0,22.0,2.0,22.0,0.0,0.0,0.0,2640.0
scna-fp16,exp2,tree,off,8,32,11,2264.0,1452.0,1086.0,16.0,391.0,334.0,24.0,22.0,3.0,22.0,0.0,0.0,0.0,2590.0
scna-fp16,exp2,tree,off,8,32,12,2265.0,1458.0,1086.0,16.0,389.0,331.0,24.0,22.0,3.0,22.0,0.0,0.0,0.0,2651.0
scna-fp16,exp2,tree,off,8,32,13,2261.0,1456.0,1087.0,16.0,385.0,333.0,24.0,22.0,3.0,22.0,0.0,0.0,0.0,2669.0
scna-fp16,exp2,tree,off,8,32,14,2264.0,1455.0,1087.0,16.0,388.0,334.0,24.0,22.0,3.0,22.0,0.0,0.0,0.0,2644.0
scna-fp16,exp2,tree,off,8,32,15,2260.0,1456.0,1086.0,16.0,389.0,330.0,24.0,22.0,2.0,21.0,0.0,0.0,0.0,2640.0
scna-fp16,exp2,tree,off,8,32,16,2263.0,1454.0,1086.0,16.0,388.0,335.0,24.0,22.0,2.0,22.0,0.0,0.0,0.0,2666.0
scna-fp16,exp2,tree,off,8,32,17,2255.0,1450.0,1087.0,15.0,386.0,333.0,24.0,22.0,3.0,22.0,0.0,0.0,0.0,2583.0
scna-fp16,exp2,tree,off,8,32,18,2247.0,1441.0,1087.0,16.0,378.0,342.0,24.0,22.0,2.0,22.0,0.0,0.0,0.0,2569.0
scna-fp16,exp2,tree,off,8,32,19,2244.0,1451.0,1085.0,16.0,379.0,328.0,25.0,22.0,2.0,21.0,0.0,0.0,0.0,2628.0
scna-fp16,exp2,tree,off,16,4,0,844.0,205.0,164.0,2.0,305.0,321.0,4.0,3.0,2.0,2.0,0.0,0.0,0.0,1155.0
scna-fp16,exp2,tree,off,16,4,1,845.0,203.0,163.0,2.0,323.0,305.0,4.0,2.0,3.0,3.0,0.0,0.0,0.0,1152.0
scna-fp16,exp2,tree,off,16,4,2,833.0,207.0,164.0,2.0,302.0,310.0,4.0,3.0,3.0,2.0,0.0,0.0,0.0,1145.0
scna-fp16,exp2,tree,off,16,4,3,883.0,206.0,164.0,2.0,333.0,329.0,4.0,3.0,3.0,3.0,0.0,0.0,0.0,1149.0
scna-fp16,exp2,tree,off,16,4,4,865.0,204.0,164.0,2.0,320.0,327.0,4.0,3.0,2.0,3.0,0.0,0.0,0.0,1144.0
scna-fp16,exp2,tree,off,16,4,5,808.0,206.0,164.0,2.0,321.0,268.0,4.0,3.0,2.0,2.0,0.0,0.0,0.0,1044.0
scna-fp16,exp2,tree,off,16,4,6,803.0,206.0,164.0,2.0,290.0,294.0,4.0,3.0,2.0,2.0,0.0,0.0,0.0,1121.0
scna-fp16,exp2,tree,off,16,4,7,832.0,208.0,164.0,2.0,301.0,310.0,4.0,3.0,2.0,2.0,0.0,0.0,0.0,1153.0
scna-fp16,exp2,tree,off,16,4,8,916.0,233.0,175.0,2.0,349.0,321.0,4.0,2.0,2.0,3.0,0.0,0.0,0.0,1183.0
scna-fp16,exp2,tree,off,16,4,9,917.0,228.0,172.0,2.0,355.0,322.0,4.0,2.0,2.0,2.0,0.0,0.0,0.0,1201.0
scna-fp16,exp2,tree,off,16,4,10,919.0,227.0,172.0,2.0,349.0,330.0,4.0,3.0,2.0,2.0,0.0,0.0,0.0,1230.0
scna-fp16,exp2,tree,off,16,4,11,916.0,228.0,172.0,2.0,348.0,326.0,4.0,3.0,2.0,3.0,0.0,0.0,0.0,1192.0
scna-fp16,exp2,tree,off,16,4,12,917.0,226.0,172.0,2.0,358.0,320.0,4.0,3.0,2.0,2.0,0.0,0.0,0.0,1185.0
scna-fp16,exp2,tree,off,16,4,13,919.0,226.0,172.0,2.0,352.0,327.0,4.0,3.0,2.0,3.0,0.0,0.0,0.0,1240.0
scna-fp16,exp2,tree,off,16,4,14,920.0,230.0,172.0,2.0,358.0,318.0,4.0,3.0,3.0,2.0,0.0,0.0,0.0,1186.0
scna-fp16,exp2,tree,off,16,4,15,917.0,227.0,172.0,2.0,348.0,328.0,4.0,3.0,2.0,3.0,0.0,0.0,0.0,1232.0
scna-fp16,exp2,tree,off,16,4,16,912.0,226.0,170.0,2.0,349.0,323.0,4.0,3.0,2.0,3.0,0.0,0.0,0.0,1175.0
scna-fp16,exp2,tree,off,16,4,17,918.0,227.0,171.0,2.0,351.0,326.0,4.0,3.0,2.0,3.0,0.0,0.0,0.0,1189.0
scna-fp16,exp2,tree,off,16,4,18,914.0,227.0,171.0,2.0,351.0,323.0,4.0,2.0,2.0,3.0,0.0,0.0,0.0,1246.0
scna-fp16,exp2,tree,off,16,4,19,917.0,226.0,170.0,2.0,347.0,329.0,4.0,3.0,3.0,3.0,0.0,0.0,0.0,1227.0
scna-fp16,exp2,tree,off,16,8,0,1029.0,398.0,317.0,4.0,313.0,291.0,8.0,7.0,2.0,6.0,0.0,0.0,0.0,1323.0
scna-fp16,exp2,tree,off,16,8,1,1026.0,400.0,317.0,4.0,315.0,284.0,8.0,7.0,2.0,6.0,0.0,0.0,0.0,1320.0
scna-fp16,exp2,tree,off,16,8,2,1009.0,400.0,317.0,4.0,308.0,274.0,8.0,7.0,2.0,6.0,0.0,0.0,0.0,1324.0
scna-fp16,exp2,tree,off,16,8,3,1036.0,398.0,317.0,4.0,316.0,294.0,8.0,7.0,3.0,6.0,0.0,0.0,0.0,1321.0
scna-fp16,exp2,tree,off,16,8,4,1079.0,409.0,319.0,4.0,344.0,298.0,8.0,7.0,3.0,6.0,0.0,0.0,0.0,1430.0
scna-fp16,exp2,tree,off,16,8,5,1095.0,417.0,320.0,4.0,341.0,311.0,8.0,6.0,2.0,6.0,0.0,0.0,0.0,1363.0
scna-fp16,exp2,tree,off,16,8,6,1124.0,419.0,320.0,4.0,362.0,316.0,8.0,7.0,2.0,6.0,0.0,0.0,0.0,1386.0
scna-fp16,exp2,tree,off,16,8,7,1123.0,419.0,320.0,4.0,357.0,320.0,8.0,7.0,2.0,6.0,0.0,0.0,0.0,1372.0
scna-fp16,exp2,tree,off,16,8,8,1135.0,417.0,321.0,4.0,358.0,333.0,8.0,7.0,2.0,6.0,0.0,0.0,0.0,1435.0
scna-fp16,exp2,tree,off,16,8,9,1124.0,421.0,320.0,4.0,356.0,321.0,8.0,6.0,2.0,6.0,0.0,0.0,0.0,1399.0
scna-fp16,exp2,tree,off,16,8,10,1105.0,420.0,320.0,4.0,337.0,321.0,8.0,7.0,2.0,6.0,0.0,0.0,0.0,1381.0
scna-fp16,exp2,tree,off,16,8,11,1123.0,418.0,320.0,4.0,356.0,322.0,8.0,7.0,2.0,6.0,0.0,0.0,0.0,1369.0
scna-fp16,exp2,tree,off,16,8,12,1116.0,418.0,320.0,4.0,356.0,316.0,8.0,6.0,2.0,6.0,0.0,0.0,0.0,1376.0
scna-fp16,exp2,tree,off,16,8,13,1110.0,418.0,320.0,4.0,356.0,309.0,8.0,7.0,2.0,6.0,0.0,0.0,0.0,1367.0
scna-fp16,exp2,tree,off,16,8,14,1079.0,414.0,320.0,4.0,337.0,301.0,8.0,7.0,2.0,6.0,0.0,0.0,0.0,1368.0
scna-fp16,exp2,tree,off,16,8,15,1121.0,416.0,320.0,4.0,360.0,318.0,8.0,7.0,2.0,6.0,0.0,0.0,0.0,1407.0
scna-fp16,exp2,tree,off,16,8,16,1110.0,417.0,320.0,4.0,337.0,329.0,8.0,7.0,2.0,6.0,0.0,0.0,0.0,1377.0
scna-fp16,exp2,tree,off,16,8,17,1112.0,418.0,318.0,4.0,352.0,315.0,8.0,7.0,2.0,6.0,0.0,0.0,0.0,1365.0
scna-fp16,exp2,tree,off,16,8,18,1123.0,419.0,320.0,4.0,353.0,324.0,8.0,7.0,2.0,6.0,0.0,0.0,0.0,1365.0
scna-fp16,exp2,tree,off,16,8,19,1113.0,415.0,319.0,4.0,356.0,315.0,8.0,7.0,2.0,6.0,0.0,0.0,0.0,1377.0
scna-fp16,exp2,tree,off,16,16,0,1501.0,799.0,625.0,8.0,332.0,326.0,12.0,11.0,3.0,10.0,0.0,0.0,0.0,1864.0
scna-fp16,exp2,tree,off,16,16,1,1510.0,799.0,626.0,8.0,342.0,325.0,12.0,11.0,3.0,10.0,0.0,0.0,0.0,1860.0
scna-fp16,exp2,tree,off,16,16,2,1505.0,793.0,626.0,8.0,344.0,324.0,12.0,11.0,3.0,10.0,0.0,0.0,0.0,1857.0
scna-fp16,exp2,tree,off,16,16,3,1515.0,797.0,626.0,8.0,351.0,322.0,12.0,11.0,3.0,11.0,0.0,0.0,0.0,1891.0
scna-fp16,exp2,tree,off,16,16,4,1513.0,798.0,626.0,8.0,348.0,322.0,12.0,11.0,3.0,11.0,0.0,0.0,0.0,1861.0
scna-fp16,exp2,tree,off,16,16,5,1507.0,802.0,626.0,8.0,350.0,311.0,12.0,11.0,3.0,10.0,0.0,0.0,0.0,1860.0
scna-fp16,exp2,tree,off,16,16,6,1499.0,799.0,626.0,8.0,345.0,311.0,12.0,11.0,3.0,10.0,0.0,0.0,0.0,1859.0
scna-fp16,exp2,tree,off,16,16,7,1513.0,797.0,626.0,8.0,351.0,321.0,12.0,11.0,3.0,10.0,0.0,0.0,0.0,1857.0
scna-fp16,exp2,tree,off,16,16,8,1497.0,798.0,626.0,8.0,341.0,315.0,12.0,11.0,2.0,10.0,0.0,0.0,0.0,1859.0
scna-fp16,exp2,tree,off,16,16,9,1496.0,798.0,625.0,8.0,339.0,316.0,12.0,11.0,2.0,10.0,0.0,0.0,0.0,1863.0
scna-fp16,exp2,tree,off,16,16,10,1508.0,798.0,626.0,8.0,343.0,324.0,12.0,11.0,2.0,10.0,0.0,0.0,0.0,1865.0
scna-fp16,exp2,tree,off,16,16,11,1510.0,797.0,626.0,8.0,345.0,323.0,12.0,11.0,3.0,11.0,0.0,0.0,0.0,1858.0
scna-fp16,exp2,tree,off,16,16,12,1555.0,812.0,630.0,8.0,363.0,335.0,12.0,11.0,3.0,11.0,0.0,0.0,0.0,1883.0
scna-fp16,exp2,tree,off,16,16,13,1588.0,822.0,634.0,7.0,388.0,335.0,12.0,11.0,3.0,10.0,0.0,0.0,0.0,1956.0
scna-fp16,exp2,tree,off,16,16,14,1580.0,822.0,635.0,8.0,383.0,331.0,12.0,11.0,3.0,10.0,0.0,0.0,0.0,1884.0
scna-fp16,exp2,tree,off,16,16,15,1566.0,822.0,634.0,8.0,381.0,319.0,12.0,11.0,3.0,10.0,0.0,0.0,0.0,1912.0
scna-fp16,exp2,tree,off,16,16,16,1585.0,823.0,633.0,8.0,379.0,339.0,12.0,11.0,3.0,10.0,0.0,0.0,0.0,1876.0
scna-fp16,exp2,tree,off,16,16,17,1579.0,824.0,633.0,8.0,380.0,331.0,12.0,11.0,3.0,10.0,0.0,0.0,0.0,1896.0
scna-fp16,exp2,tree,off,16,16,18,1562.0,821.0,634.0,8.0,370.0,327.0,12.0,11.0,3.0,10.0,0.0,0.0,0.0,1936.0
scna-fp16,exp2,tree,off,16,16,19,1583.0,823.0,634.0,8.0,388.0,328.0,12.0,11.0,3.0,10.0,0.0,0.0,0.0,1870.0
scna-fp16,exp2,tree,off,16,32,0,2332.0,1577.0,1243.0,15.0,346.0,322.0,24.0,23.0,3.0,22.0,0.0,0.0,0.0,2692.0
scna-fp16,exp2,tree,off,16,32,1,2411.0,1615.0,1251.0,15.0,384.0,325.0,24.0,23.0,3.0,22.0,0.0,0.0,0.0,2693.0
scna-fp16,exp2,tree,off,16,32,2,2430.0,1616.0,1250.0,15.0,387.0,340.0,24.0,23.0,3.0,22.0,0.0,0.0,0.0,2769.0
scna-fp16,exp2,tree,off,16,32,3,2412.0,1611.0,1250.0,15.0,385.0,330.0,24.0,22.0,3.0,22.0,0.0,0.0,0.0,2704.0
scna-fp16,exp2,tree,off,16,32,4,2420.0,1614.0,1248.0,15.0,388.0,329.0,24.0,24.0,4.0,22.0,0.0,0.0,0.0,2828.0
scna-fp16,exp2,tree,off,16,32,5,2423.0,1617.0,1249.0,15.0,387.0,331.0,24.0,23.0,4.0,22.0,0.0,0.0,0.0,2798.0
scna-fp16,exp2,tree,off,16,32,6,2423.0,1616.0,1250.0,15.0,385.0,335.0,24.0,22.0,4.0,22.0,0.0,0.0,0.0,2710.0
scna-fp16,exp2,tree,off,16,32,7,2423.0,1615.0,1249.0,15.0,389.0,333.0,24.0,22.0,3.0,22.0,0.0,0.0,0.0,2811.0
scna-fp16,exp2,tree,off,16,32,8,2433.0,1618.0,1248.0,15.0,388.0,341.0,24.0,22.0,3.0,22.0,0.0,0.0,0.0,2787.0
scna-fp16,exp2,tree,off,16,32,9,2420.0,1615.0,1248.0,15.0,381.0,336.0,24.0,23.0,4.0,22.0,0.0,0.0,0.0,2833.0
scna-fp16,exp2,tree,off,16,32,10,2426.0,1615.0,1250.0,15.0,383.0,341.0,24.0,22.0,4.0,22.0,0.0,0.0,0.0,2762.0
scna-fp16,exp2,tree,off,16,32,11,2422.0,1615.0,1250.0,15.0,389.0,331.0,24.0,22.0,4.0,22.0,0.0,0.0,0.0,2714.0
scna-fp16,exp2,tree,off,16,32,12,2428.0,1617.0,1249.0,15.0,385.0,338.0,24.0,23.0,4.0,22.0,0.0,0.0,0.0,2789.0
scna-fp16,exp2,tree,off,16,32,13,2404.0,1605.0,1248.0,15.0,383.0,329.0,24.0,22.0,4.0,22.0,0.0,0.0,0.0,2779.0
scna-fp16,exp2,tree,off,16,32,14,2409.0,1617.0,1249.0,15.0,374.0,331.0,24.0,22.0,4.0,22.0,0.0,0.0,0.0,2792.0
scna-fp16,exp2,tree,off,16,32,15,2406.0,1610.0,1247.0,15.0,374.0,334.0,24.0,23.0,4.0,22.0,0.0,0.0,0.0,2750.0
scna-fp16,exp2,tree,off,16,32,16,2410.0,1614.0,1248.0,15.0,376.0,332.0,24.0,23.0,4.0,22.0,0.0,0.0,0.0,2795.0
scna-fp16,exp2,tree,off,16,32,17,2407.0,1612.0,1249.0,15.0,376.0,331.0,24.0,23.0,4.0,22.0,0.0,0.0,0.0,2787.0
scna-fp16,exp2,tree,off,16,32,18,2415.0,1615.0,1248.0,15.0,377.0,336.0,24.0,22.0,4.0,22.0,0.0,0.0,0.0,2780.0
scna-fp16,exp2,tree,off,16,32,19,2394.0,1609.0,1248.0,15.0,368.0,330.0,24.0,22.0,4.0,22.0,0.0,0.0,0.0,2695.0
scna-fp16,exp2,tree,off,32,4,0,910.0,249.0,206.0,2.0,310.0,338.0,4.0,3.0,2.0,2.0,0.0,0.0,0.0,1163.0
scna-fp16,exp2,tree,off,32,4,1,925.0,248.0,206.0,2.0,328.0,335.0,4.0,3.0,2.0,3.0,0.0,0.0,0.0,1164.0
scna-fp16,exp2,tree,off,32,4,2,925.0,248.0,204.0,2.0,327.0,337.0,4.0,3.0,2.0,2.0,0.0,0.0,0.0,1162.0
scna-fp16,exp2,tree,off,32,4,3,911.0,248.0,206.0,2.0,308.0,341.0,4.0,3.0,2.0,3.0,0.0,0.0,0.0,1163.0
scna-fp16,exp2,tree,off,32,4,4,900.0,250.0,205.0,2.0,309.0,328.0,4.0,3.0,2.0,2.0,0.0,0.0,0.0,1163.0
scna-fp16,exp2,tree,off,32,4,5,922.0,249.0,205.0,2.0,325.0,335.0,4.0,3.0,2.0,2.0,0.0,0.0,0.0,1160.0
scna-fp16,exp2,tree,off,32,4,6,911.0,248.0,206.0,2.0,320.0,330.0,4.0,3.0,2.0,2.0,0.0,0.0,0.0,1247.0
scna-fp16,exp2,tree,off,32,4,7,973.0,273.0,217.0,2.0,364.0,322.0,4.0,4.0,2.0,2.0,0.0,0.0,0.0,1280.0
scna-fp16,exp2,tree,off,32,4,8,973.0,273.0,216.0,2.0,360.0,326.0,4.0,4.0,2.0,2.0,0.0,0.0,0.0,1232.0
scna-fp16,exp2,tree,off,32,4,9,972.0,274.0,218.0,2.0,359.0,326.0,4.0,3.0,2.0,2.0,0.0,0.0,0.0,1262.0
scna-fp16,exp2,tree,off,32,4,10,971.0,273.0,216.0,2.0,358.0,326.0,4.0,3.0,2.0,3.0,0.0,0.0,0.0,1230.0
scna-fp16,exp2,tree,off,32,4,11,974.0,273.0,216.0,2.0,359.0,329.0,4.0,3.0,2.0,2.0,0.0,0.0,0.0,1230.0
scna-fp16,exp2,tree,off,32,4,12,983.0,273.0,215.0,2.0,367.0,330.0,4.0,3.0,2.0,2.0,0.0,0.0,0.0,1227.0
scna-fp16,exp2,tree,off,32,4,13,984.0,272.0,215.0,2.0,368.0,331.0,4.0,2.0,2.0,3.0,0.0,0.0,0.0,1330.0
scna-fp16,exp2,tree,off,32,4,14,967.0,273.0,216.0,2.0,355.0,326.0,4.0,3.0,2.0,2.0,0.0,0.0,0.0,1222.0
scna-fp16,exp2,tree,off,32,4,15,983.0,276.0,217.0,2.0,362.0,332.0,4.0,3.0,2.0,2.0,0.0,0.0,0.0,1230.0
scna-fp16,exp2,tree,off,32,4,16,974.0,272.0,215.0,2.0,366.0,323.0,4.0,2.0,2.0,3.0,0.0,0.0,0.0,1234.0
scna-fp16,exp2,tree,off,32,4,17,966.0,271.0,215.0,2.0,356.0,327.0,4.0,2.0,2.0,2.0,0.0,0.0,0.0,1210.0
scna-fp16,exp2,tree,off,32,4,18,972.0,272.0,215.0,2.0,365.0,322.0,4.0,3.0,2.0,2.0,0.0,0.0,0.0,1288.0
scna-fp16,exp2,tree,off,32,4,19,976.0,271.0,215.0,2.0,362.0,330.0,4.0,3.0,2.0,2.0,0.0,0.0,0.0,1213.0
scna-fp16,exp2,tree,off,32,8,0,1068.0,476.0,396.0,4.0,305.0,260.0,9.0,6.0,2.0,6.0,0.0,0.0,0.0,1314.0
scna-fp16,exp2,tree,off,32,8,1,1078.0,475.0,395.0,4.0,305.0,271.0,8.0,7.0,2.0,6.0,0.0,0.0,0.0,1337.0
scna-fp16,exp2,tree,off,32,8,2,1075.0,476.0,394.0,4.0,304.0,269.0,9.0,6.0,2.0,5.0,0.0,0.0,0.0,1330.0
scna-fp16,exp2,tree,off,32,8,3,1078.0,477.0,396.0,4.0,305.0,269.0,8.0,7.0,2.0,6.0,0.0,0.0,0.0,1352.0
scna-fp16,exp2,tree,off,32,8,4,1136.0,491.0,399.0,4.0,327.0,292.0,8.0,6.0,2.0,6.0,0.0,0.0,0.0,1494.0
scna-fp16,exp2,tree,off,32,8,5,1158.0,489.0,398.0,4.0,339.0,303.0,8.0,7.0,2.0,6.0,0.0,0.0,0.0,1434.0
scna-fp16,exp2,tree,off,32,8,6,1149.0,491.0,398.0,4.0,319.0,312.0,8.0,7.0,3.0,5.0,0.0,0.0,0.0,1487.0
scna-fp16,exp2,tree,off,32,8,7,1133.0,488.0,398.0,4.0,324.0,294.0,8.0,7.0,2.0,6.0,0.0,0.0,0.0,1439.0
scna-fp16,exp2,tree,off,32,8,8,1155.0,488.0,398.0,4.0,334.0,307.0,8.0,7.0,2.0,5.0,0.0,0.0,0.0,1502.0
scna-fp16,exp2,tree,off,32,8,9,1141.0,488.0,398.0,4.0,319.0,307.0,8.0,6.0,3.0,6.0,0.0,0.0,0.0,1397.0
scna-fp16,exp2,tree,off,32,8,10,1160.0,489.0,399.0,4.0,336.0,310.0,8.0,6.0,2.0,5.0,0.0,0.0,0.0,1496.0
scna-fp16,exp2,tree,off,32,8,11,1154.0,491.0,398.0,4.0,338.0,299.0,8.0,7.0,2.0,5.0,0.0,0.0,0.0,1399.0
scna-fp16,exp2,tree,off,32,8,12,1147.0,491.0,398.0,4.0,336.0,292.0,8.0,7.0,3.0,6.0,0.0,0.0,0.0,1504.0
scna-fp16,exp2,tree,off,32,8,13,1153.0,490.0,398.0,4.0,327.0,311.0,8.0,6.0,1.0,6.0,0.0,0.0,0.0,1402.0
scna-fp16,exp2,tree,off,32,8,14,1160.0,493.0,400.0,4.0,341.0,300.0,8.0,7.0,2.0,5.0,0.0,0.0,0.0,1437.0
scna-fp16,exp2,tree,off,32,8,15,1178.0,492.0,402.0,4.0,349.0,311.0,8.0,7.0,2.0,5.0,0.0,0.0,0.0,1533.0
scna-fp16,exp2,tree,off,32,8,16,1183.0,493.0,400.0,4.0,344.0,320.0,8.0,7.0,1.0,6.0,0.0,0.0,0.0,1529.0
scna-fp16,exp2,tree,off,32,8,17,1176.0,493.0,400.0,4.0,353.0,305.0,8.0,6.0,2.0,5.0,0.0,0.0,0.0,1457.0
scna-fp16,exp2,tree,off,32,8,18,1169.0,491.0,401.0,4.0,343.0,310.0,8.0,6.0,2.0,5.0,0.0,0.0,0.0,1488.0
scna-fp16,exp2,tree,off,32,8,19,1174.0,492.0,400.0,4.0,348.0,309.0,8.0,6.0,1.0,6.0,0.0,0.0,0.0,1472.0
scna-fp16,exp2,tree,off,32,16,0,1650.0,944.0,781.0,8.0,345.0,316.0,12.0,11.0,3.0,11.0,0.0,0.0,0.0,1909.0
scna-fp16,exp2,tree,off,32,16,1,1655.0,957.0,782.0,8.0,331.0,324.0,12.0,10.0,3.0,10.0,0.0,0.0,0.0,1929.0
scna-fp16,exp2,tree,off,32,16,2,1685.0,959.0,786.0,8.0,360.0,323.0,12.0,10.0,3.0,10.0,0.0,0.0,0.0,1983.0
scna-fp16,exp2,tree,off,32,16,3,1701.0,968.0,785.0,8.0,361.0,329.0,12.0,10.0,3.0,10.0,0.0,0.0,0.0,2002.0
scna-fp16,exp2,tree,off,32,16,4,1677.0,965.0,785.0,8.0,355.0,312.0,12.0,11.0,3.0,11.0,0.0,0.0,0.0,2041.0
scna-fp16,exp2,tree,off,32,16,5,1712.0,973.0,786.0,8.0,364.0,332.0,12.0,10.0,3.0,10.0,0.0,0.0,0.0,2003.0
scna-fp16,exp2,tree,off,32,16,6,1690.0,968.0,786.0,8.0,341.0,337.0,12.0,11.0,3.0,10.0,0.0,0.0,0.0,2003.0
scna-fp16,exp2,tree,off,32,16,7,1708.0,971.0,785.0,8.0,360.0,332.0,12.0,10.0,3.0,12.0,0.0,0.0,0.0,2000.0
scna-fp16,exp2,tree,off,32,16,8,1689.0,966.0,785.0,8.0,359.0,319.0,12.0,10.0,3.0,12.0,0.0,0.0,0.0,1986.0
scna-fp16,exp2,tree,off,32,16,9,1719.0,977.0,788.0,8.0,367.0,330.0,12.0,10.0,3.0,12.0,0.0,0.0,0.0,2095.0
scna-fp16,exp2,tree,off,32,16,10,1727.0,977.0,788.0,8.0,374.0,333.0,12.0,10.0,3.0,10.0,0.0,0.0,0.0,1985.0
scna-fp16,exp2,tree,off,32,16,11,1730.0,971.0,789.0,8.0,384.0,331.0,12.0,11.0,3.0,10.0,0.0,0.0,0.0,2003.0
scna-fp16,exp2,tree,off,32,16,12,1746.0,979.0,790.0,8.0,386.0,337.0,12.0,11.0,3.0,10.0,0.0,0.0,0.0,2092.0
scna-fp16,exp2,tree,off,32,16,13,1739.0,976.0,789.0,8.0,382.0,335.0,12.0,11.0,3.0,12.0,0.0,0.0,0.0,1995.0
scna-fp16,exp2,tree,off,32,16,14,1735.0,977.0,788.0,8.0,382.0,331.0,12.0,11.0,3.0,11.0,0.0,0.0,0.0,2046.0
scna-fp16,exp2,tree,off,32,16,15,1732.0,976.0,789.0,8.0,384.0,328.0,12.0,11.0,3.0,10.0,0.0,0.0,0.0,2019.0
scna-fp16,exp2,tree,off,32,16,16,1736.0,977.0,790.0,8.0,380.0,333.0,12.0,11.0,3.0,12.0,0.0,0.0,0.0,2070.0
scna-fp16,exp2,tree,off,32,16,17,1736.0,974.0,788.0,8.0,378.0,340.0,12.0,11.0,3.0,10.0,0.0,0.0,0.0,2011.0
scna-fp16,exp2,tree,off,32,16,18,1738.0,978.0,790.0,8.0,381.0,334.0,12.0,11.0,3.0,11.0,0.0,0.0,0.0,2111.0
scna-fp16,exp2,tree,off,32,16,19,1726.0,975.0,788.0,8.0,375.0,331.0,12.0,11.0,3.0,11.0,0.0,0.0,0.0,2016.0
scna-fp16,exp2,tree,off,32,32,0,2556.0,1868.0,1546.0,16.0,312.0,288.0,25.0,22.0,3.0,22.0,0.0,0.0,0.0,2853.0
scna-fp16,exp2,tree,off,32,32,1,2723.0,1924.0,1557.0,16.0,378.0,335.0,24.0,23.0,3.0,20.0,0.0,0.0,0.0,3098.0
scna-fp16,exp2,tree,off,32,32,2,2642.0,1891.0,1554.0,15.0,359.0,306.0,24.0,22.0,3.0,22.0,0.0,0.0,0.0,2945.0
scna-fp16,exp2,tree,off,32,32,3,2638.0,1908.0,1548.0,16.0,328.0,315.0,24.0,22.0,3.0,22.0,0.0,0.0,0.0,2936.0
scna-fp16,exp2,tree,off,32,32,4,2663.0,1920.0,1547.0,16.0,331.0,324.0,24.0,23.0,3.0,22.0,0.0,0.0,0.0,3038.0
scna-fp16,exp2,tree,off,32,32,5,2668.0,1919.0,1547.0,16.0,342.0,319.0,24.0,23.0,3.0,22.0,0.0,0.0,0.0,3064.0
scna-fp16,exp2,tree,off,32,32,6,2673.0,1922.0,1547.0,16.0,336.0,328.0,24.0,23.0,3.0,21.0,0.0,0.0,0.0,2979.0
scna-fp16,exp2,tree,off,32,32,7,2670.0,1919.0,1548.0,16.0,340.0,323.0,24.0,23.0,3.0,22.0,0.0,0.0,0.0,3032.0
scna-fp16,exp2,tree,off,32,32,8,2673.0,1921.0,1547.0,16.0,340.0,325.0,24.0,23.0,3.0,21.0,0.0,0.0,0.0,3036.0
scna-fp16,exp2,tree,off,32,32,9,2673.0,1919.0,1548.0,16.0,341.0,325.0,24.0,23.0,3.0,22.0,0.0,0.0,0.0,3028.0
scna-fp16,exp2,tree,off,32,32,10,2670.0,1920.0,1547.0,15.0,339.0,324.0,24.0,23.0,3.0,22.0,0.0,0.0,0.0,3036.0
scna-fp16,exp2,tree,off,32,32,11,2669.0,1919.0,1548.0,16.0,340.0,322.0,24.0,23.0,3.0,22.0,0.0,0.0,0.0,2957.0
scna-fp16,exp2,tree,off,32,32,12,2655.0,1916.0,1547.0,16.0,336.0,316.0,24.0,22.0,3.0,22.0,0.0,0.0,0.0,2947.0
scna-fp16,exp2,tree,off,32,32,13,2667.0,1921.0,1548.0,16.0,340.0,318.0,24.0,24.0,3.0,21.0,0.0,0.0,0.0,3065.0
scna-fp16,exp2,tree,off,32,32,14,2661.0,1923.0,1547.0,16.0,334.0,318.0,24.0,23.0,3.0,20.0,0.0,0.0,0.0,3068.0
scna-fp16,exp2,tree,off,32,32,15,2662.0,1913.0,1548.0,16.0,336.0,326.0,24.0,23.0,3.0,21.0,0.0,0.0,0.0,3014.0
scna-fp16,exp2,tree,off,32,32,16,2661.0,1916.0,1547.0,16.0,338.0,319.0,24.0,23.0,3.0,22.0,0.0,0.0,0.0,2963.0
scna-fp16,exp2,tree,off,32,32,17,2645.0,1916.0,1548.0,16.0,334.0,307.0,24.0,23.0,3.0,22.0,0.0,0.0,0.0,3048.0
scna-fp16,exp2,tree,off,32,32,18,2660.0,1920.0,1548.0,16.0,336.0,317.0,24.0,23.0,3.0,21.0,0.0,0.0,0.0,3058.0
scna-fp16,exp2,tree,off,32,32,19,2664.0,1919.0,1547.0,16.0,339.0,318.0,24.0,23.0,3.0,22.0,0.0,0.0,0.0,3053.0
scna-fp16,exp2,tree,on,8,4,0,500.0,192.0,146.0,2.0,152.0,148.0,2.0,0.0,0.0,4.0,9.0,91.0,193.0,749.0
scna-fp16,exp2,tree,on,8,4,1,492.0,192.0,146.0,2.0,146.0,145.0,3.0,0.0,0.0,4.0,8.0,83.0,192.0,760.0
scna-fp16,exp2,tree,on,8,4,2,496.0,191.0,146.0,2.0,150.0,146.0,3.0,0.0,0.0,4.0,8.0,88.0,192.0,734.0
scna-fp16,exp2,tree,on,8,4,3,494.0,192.0,146.0,2.0,146.0,147.0,3.0,0.0,0.0,4.0,9.0,84.0,192.0,746.0
scna-fp16,exp2,tree,on,8,4,4,492.0,191.0,146.0,2.0,150.0,143.0,2.0,0.0,0.0,4.0,9.0,84.0,192.0,742.0
scna-fp16,exp2,tree,on,8,4,5,492.0,192.0,146.0,2.0,148.0,143.0,3.0,0.0,0.0,4.0,8.0,82.0,192.0,757.0
scna-fp16,exp2,tree,on,8,4,6,485.0,191.0,146.0,2.0,147.0,139.0,2.0,0.0,0.0,4.0,8.0,78.0,192.0,762.0
scna-fp16,exp2,tree,on,8,4,7,567.0,208.0,152.0,2.0,173.0,177.0,3.0,0.0,0.0,4.0,10.0,141.0,192.0,806.0
scna-fp16,exp2,tree,on,8,4,8,562.0,209.0,152.0,2.0,174.0,170.0,3.0,0.0,0.0,4.0,8.0,135.0,192.0,801.0
scna-fp16,exp2,tree,on,8,4,9,561.0,209.0,153.0,2.0,175.0,168.0,3.0,0.0,0.0,4.0,9.0,135.0,192.0,805.0
scna-fp16,exp2,tree,on,8,4,10,561.0,210.0,152.0,2.0,173.0,169.0,3.0,0.0,0.0,4.0,8.0,136.0,191.0,792.0
scna-fp16,exp2,tree,on,8,4,11,560.0,208.0,152.0,2.0,174.0,169.0,3.0,0.0,0.0,4.0,8.0,135.0,192.0,803.0
scna-fp16,exp2,tree,on,8,4,12,561.0,210.0,152.0,2.0,174.0,168.0,3.0,0.0,0.0,4.0,9.0,133.0,192.0,801.0
scna-fp16,exp2,tree,on,8,4,13,562.0,208.0,152.0,2.0,175.0,170.0,3.0,0.0,0.0,4.0,9.0,137.0,193.0,799.0
scna-fp16,exp2,tree,on,8,4,14,562.0,208.0,152.0,2.0,172.0,173.0,3.0,0.0,0.0,4.0,8.0,138.0,192.0,803.0
scna-fp16,exp2,tree,on,8,4,15,559.0,207.0,152.0,2.0,172.0,171.0,3.0,0.0,0.0,4.0,9.0,135.0,192.0,779.0
scna-fp16,exp2,tree,on,8,4,16,559.0,208.0,152.0,2.0,173.0,169.0,3.0,0.0,0.0,4.0,10.0,133.0,192.0,736.0
scna-fp16,exp2,tree,on,8,4,17,553.0,207.0,151.0,2.0,171.0,166.0,3.0,0.0,0.0,4.0,8.0,128.0,192.0,819.0
scna-fp16,exp2,tree,on,8,4,18,553.0,206.0,150.0,2.0,175.0,163.0,3.0,0.0,0.0,4.0,9.0,130.0,192.0,783.0
scna-fp16,exp2,tree,on,8,4,19,549.0,207.0,150.0,2.0,170.0,163.0,3.0,0.0,0.0,4.0,9.0,124.0,192.0,798.0
scna-fp16,exp2,tree,on,8,8,0,617.0,351.0,273.0,4.0,131.0,114.0,7.0,4.0,2.0,4.0,8.0,38.0,193.0,818.0
scna-fp16,exp2,tree,on,8,8,1,622.0,356.0,273.0,4.0,131.0,115.0,6.0,4.0,2.0,4.0,9.0,37.0,193.0,891.0
scna-fp16,exp2,tree,on,8,8,2,615.0,353.0,273.0,4.0,131.0,110.0,7.0,4.0,2.0,4.0,9.0,32.0,193.0,825.0
scna-fp16,exp2,tree,on,8,8,3,617.0,352.0,273.0,4.0,131.0,114.0,6.0,4.0,2.0,4.0,9.0,39.0,192.0,815.0
scna-fp16,exp2,tree,on,8,8,4,618.0,352.0,273.0,4.0,131.0,114.0,7.0,4.0,2.0,4.0,8.0,37.0,192.0,813.0
scna-fp16,exp2,tree,on,8,8,5,619.0,356.0,273.0,4.0,130.0,113.0,6.0,4.0,2.0,4.0,8.0,36.0,193.0,816.0
scna-fp16,exp2,tree,on,8,8,6,618.0,353.0,273.0,4.0,131.0,113.0,7.0,4.0,2.0,4.0,8.0,36.0,193.0,817.0
scna-fp16,exp2,tree,on,8,8,7,619.0,356.0,273.0,4.0,130.0,113.0,6.0,4.0,2.0,4.0,9.0,35.0,193.0,815.0
scna-fp16,exp2,tree,on,8,8,8,615.0,351.0,273.0,4.0,131.0,112.0,7.0,4.0,2.0,4.0,8.0,35.0,193.0,819.0
scna-fp16,exp2,tree,on,8,8,9,616.0,356.0,273.0,4.0,130.0,110.0,6.0,4.0,2.0,4.0,8.0,33.0,193.0,821.0
scna-fp16,exp2,tree,on,8,8,10,615.0,351.0,273.0,4.0,131.0,112.0,7.0,4.0,2.0,4.0,9.0,35.0,192.0,818.0
scna-fp16,exp2,tree,on,8,8,11,612.0,351.0,273.0,4.0,131.0,110.0,6.0,4.0,2.0,4.0,9.0,32.0,194.0,812.0
scna-fp16,exp2,tree,on,8,8,12,613.0,350.0,273.0,4.0,131.0,111.0,7.0,4.0,2.0,4.0,8.0,33.0,193.0,819.0
scna-fp16,exp2,tree,on,8,8,13,619.0,356.0,273.0,4.0,131.0,112.0,6.0,4.0,2.0,4.0,9.0,33.0,193.0,815.0
scna-fp16,exp2,tree,on,8,8,14,699.0,370.0,283.0,4.0,148.0,160.0,7.0,4.0,2.0,4.0,8.0,100.0,193.0,968.0
scna-fp16,exp2,tree,on,8,8,15,702.0,369.0,283.0,4.0,161.0,152.0,6.0,4.0,2.0,4.0,9.0,105.0,192.0,986.0
scna-fp16,exp2,tree,on,8,8,16,702.0,370.0,282.0,4.0,161.0,150.0,7.0,4.0,2.0,4.0,8.0,103.0,192.0,909.0
scna-fp16,exp2,tree,on,8,8,17,702.0,366.0,283.0,4.0,159.0,157.0,6.0,4.0,2.0,4.0,9.0,108.0,192.0,949.0
scna-fp16,exp2,tree,on,8,8,18,699.0,368.0,281.0,4.0,161.0,149.0,7.0,4.0,2.0,4.0,10.0,103.0,192.0,945.0
scna-fp16,exp2,tree,on,8,8,19,696.0,367.0,281.0,4.0,159.0,150.0,6.0,4.0,2.0,4.0,8.0,102.0,191.0,942.0
scna-fp16,exp2,tree,on,8,16,0,986.0,706.0,540.0,8.0,131.0,109.0,11.0,9.0,2.0,10.0,9.0,31.0,193.0,1255.0
scna-fp16,exp2,tree,on,8,16,1,983.0,705.0,541.0,7.0,131.0,109.0,10.0,9.0,2.0,10.0,8.0,31.0,192.0,1254.0
scna-fp16,exp2,tree,on,8,16,2,989.0,706.0,539.0,8.0,131.0,112.0,11.0,9.0,2.0,10.0,10.0,34.0,192.0,1256.0
scna-fp16,exp2,tree,on,8,16,3,981.0,703.0,540.0,7.0,131.0,110.0,10.0,8.0,2.0,10.0,9.0,31.0,194.0,1253.0
scna-fp16,exp2,tree,on,8,16,4,990.0,704.0,540.0,8.0,131.0,114.0,11.0,9.0,3.0,10.0,10.0,35.0,192.0,1254.0
scna-fp16,exp2,tree,on,8,16,5,984.0,701.0,540.0,8.0,131.0,112.0,10.0,9.0,3.0,10.0,9.0,34.0,193.0,1258.0
scna-fp16,exp2,tree,on,8,16,6,1093.0,723.0,547.0,8.0,158.0,172.0,11.0,9.0,2.0,10.0,9.0,121.0,193.0,1423.0
scna-fp16,exp2,tree,on,8,16,7,1100.0,733.0,552.0,7.0,165.0,163.0,10.0,9.0,3.0,10.0,9.0,120.0,193.0,1333.0
scna-fp16,exp2,tree,on,8,16,8,1104.0,730.0,551.0,8.0,165.0,169.0,11.0,9.0,2.0,10.0,9.0,127.0,192.0,1348.0
scna-fp16,exp2,tree,on,8,16,9,1097.0,727.0,551.0,8.0,172.0,159.0,10.0,9.0,2.0,10.0,8.0,122.0,192.0,1321.0
scna-fp16,exp2,tree,on,8,16,10,1093.0,724.0,551.0,8.0,169.0,159.0,11.0,9.0,3.0,10.0,9.0,120.0,191.0,1299.0
scna-fp16,exp2,tree,on,8,16,11,1093.0,724.0,551.0,8.0,170.0,159.0,10.0,9.0,3.0,10.0,8.0,122.0,190.0,1413.0
scna-fp16,exp2,tree,on,8,16,12,1100.0,723.0,551.0,8.0,169.0,168.0,11.0,8.0,3.0,10.0,9.0,128.0,193.0,1340.0
scna-fp16,exp2,tree,on,8,16,13,1100.0,729.0,551.0,8.0,164.0,167.0,10.0,9.0,3.0,10.0,8.0,122.0,192.0,1369.0
scna-fp16,exp2,tree,on,8,16,14,1088.0,725.0,551.0,8.0,166.0,157.0,11.0,8.0,3.0,10.0,9.0,113.0,192.0,1400.0
scna-fp16,exp2,tree,on,8,16,15,1090.0,724.0,551.0,8.0,165.0,161.0,10.0,9.0,3.0,10.0,9.0,118.0,192.0,1384.0
scna-fp16,exp2,tree,on,8,16,16,1098.0,725.0,549.0,7.0,168.0,166.0,11.0,8.0,3.0,10.0,9.0,125.0,192.0,1340.0
scna-fp16,exp2,tree,on,8,16,17,1101.0,729.0,551.0,7.0,167.0,166.0,10.0,9.0,3.0,10.0,9.0,123.0,192.0,1347.0
scna-fp16,exp2,tree,on,8,16,18,1111.0,737.0,550.0,7.0,171.0,164.0,11.0,9.0,2.0,10.0,10.0,126.0,192.0,1435.0
scna-fp16,exp2,tree,on,8,16,19,1091.0,727.0,550.0,7.0,165.0,161.0,10.0,9.0,2.0,10.0,9.0,116.0,192.0,1317.0
scna-fp16,exp2,tree,on,8,32,0,1735.0,1405.0,1074.0,14.0,132.0,117.0,23.0,20.0,4.0,20.0,9.0,40.0,193.0,1975.0
scna-fp16,exp2,tree,on,8,32,1,1739.0,1407.0,1074.0,14.0,132.0,117.0,23.0,21.0,4.0,21.0,9.0,39.0,193.0,2093.0
scna-fp16,exp2,tree,on,8,32,2,1832.0,1439.0,1079.0,14.0,148.0,163.0,23.0,21.0,4.0,20.0,9.0,101.0,192.0,2126.0
scna-fp16,exp2,tree,on,8,32,3,1856.0,1441.0,1082.0,14.0,167.0,168.0,22.0,20.0,4.0,20.0,9.0,126.0,192.0,2123.0
scna-fp16,exp2,tree,on,8,32,4,1850.0,1439.0,1083.0,14.0,164.0,165.0,23.0,20.0,4.0,21.0,9.0,120.0,192.0,2115.0
scna-fp16,exp2,tree,on,8,32,5,1861.0,1443.0,1083.0,14.0,169.0,168.0,22.0,21.0,4.0,20.0,10.0,127.0,192.0,2111.0
scna-fp16,exp2,tree,on,8,32,6,1857.0,1442.0,1082.0,14.0,167.0,165.0,23.0,21.0,4.0,21.0,8.0,125.0,191.0,2120.0
scna-fp16,exp2,tree,on,8,32,7,1856.0,1441.0,1084.0,14.0,168.0,167.0,22.0,20.0,4.0,20.0,9.0,125.0,192.0,2125.0
scna-fp16,exp2,tree,on,8,32,8,1859.0,1442.0,1083.0,14.0,169.0,167.0,22.0,21.0,4.0,20.0,9.0,127.0,193.0,2131.0
scna-fp16,exp2,tree,on,8,32,9,1838.0,1439.0,1083.0,14.0,163.0,155.0,23.0,20.0,4.0,20.0,10.0,109.0,193.0,2191.0
scna-fp16,exp2,tree,on,8,32,10,1850.0,1442.0,1083.0,14.0,165.0,162.0,22.0,21.0,4.0,20.0,10.0,119.0,192.0,2143.0
scna-fp16,exp2,tree,on,8,32,11,1846.0,1439.0,1082.0,14.0,162.0,163.0,23.0,21.0,4.0,20.0,9.0,117.0,192.0,2114.0
scna-fp16,exp2,tree,on,8,32,12,1848.0,1443.0,1083.0,14.0,164.0,160.0,23.0,20.0,4.0,20.0,9.0,117.0,192.0,2141.0
scna-fp16,exp2,tree,on,8,32,13,1846.0,1439.0,1082.0,14.0,164.0,162.0,22.0,21.0,4.0,20.0,9.0,118.0,191.0,2162.0
scna-fp16,exp2,tree,on,8,32,14,1837.0,1437.0,1082.0,14.0,161.0,157.0,24.0,20.0,4.0,20.0,9.0,108.0,194.0,2188.0
scna-fp16,exp2,tree,on,8,32,15,1844.0,1438.0,1082.0,14.0,163.0,162.0,23.0,20.0,4.0,20.0,8.0,116.0,193.0,2143.0
scna-fp16,exp2,tree,on,8,32,16,1835.0,1435.0,1082.0,14.0,160.0,157.0,23.0,21.0,4.0,21.0,10.0,109.0,192.0,2188.0
scna-fp16,exp2,tree,on,8,32,17,1843.0,1436.0,1082.0,14.0,163.0,163.0,22.0,20.0,4.0,21.0,8.0,116.0,192.0,2135.0
scna-fp16,exp2,tree,on,8,32,18,1839.0,1439.0,1081.0,14.0,162.0,156.0,24.0,20.0,4.0,20.0,9.0,110.0,193.0,2143.0
scna-fp16,exp2,tree,on,8,32,19,1849.0,1439.0,1081.0,14.0,165.0,163.0,24.0,20.0,4.0,20.0,8.0,117.0,193.0,2112.0
scna-fp16,exp2,tree,on,16,4,0,464.0,202.0,158.0,2.0,133.0,120.0,3.0,0.0,0.0,4.0,8.0,46.0,191.0,700.0
scna-fp16,exp2,tree,on,16,4,1,459.0,201.0,158.0,1.0,133.0,117.0,3.0,0.0,0.0,4.0,9.0,42.0,192.0,699.0
scna-fp16,exp2,tree,on,16,4,2,456.0,201.0,158.0,1.0,131.0,116.0,3.0,0.0,0.0,4.0,9.0,39.0,191.0,698.0
scna-fp16,exp2,tree,on,16,4,3,462.0,202.0,158.0,1.0,133.0,119.0,3.0,0.0,0.0,4.0,9.0,44.0,192.0,700.0
scna-fp16,exp2,tree,on,16,4,4,458.0,203.0,158.0,1.0,132.0,115.0,3.0,0.0,0.0,4.0,9.0,39.0,193.0,700.0
scna-fp16,exp2,tree,on,16,4,5,461.0,201.0,158.0,1.0,133.0,119.0,3.0,0.0,0.0,4.0,9.0,43.0,193.0,700.0
scna-fp16,exp2,tree,on,16,4,6,462.0,202.0,158.0,1.0,133.0,119.0,3.0,0.0,0.0,4.0,9.0,42.0,193.0,700.0
scna-fp16,exp2,tree,on,16,4,7,460.0,202.0,158.0,2.0,132.0,117.0,3.0,0.0,0.0,4.0,9.0,40.0,192.0,726.0
scna-fp16,exp2,tree,on,16,4,8,464.0,204.0,158.0,1.0,133.0,119.0,3.0,0.0,0.0,4.0,10.0,43.0,192.0,699.0
scna-fp16,exp2,tree,on,16,4,9,460.0,202.0,158.0,1.0,132.0,118.0,3.0,0.0,0.0,4.0,9.0,43.0,192.0,699.0
scna-fp16,exp2,tree,on,16,4,10,461.0,203.0,158.0,1.0,132.0,118.0,3.0,0.0,0.0,4.0,8.0,43.0,193.0,700.0
scna-fp16,exp2,tree,on,16,4,11,458.0,201.0,158.0,2.0,133.0,115.0,3.0,0.0,0.0,4.0,8.0,39.0,193.0,698.0
scna-fp16,exp2,tree,on,16,4,12,459.0,201.0,158.0,1.0,132.0,118.0,3.0,0.0,0.0,4.0,9.0,44.0,192.0,700.0
scna-fp16,exp2,tree,on,16,4,13,460.0,202.0,158.0,1.0,132.0,118.0,3.0,0.0,0.0,4.0,8.0,41.0,194.0,700.0
scna-fp16,exp2,tree,on,16,4,14,448.0,199.0,158.0,1.0,131.0,110.0,3.0,0.0,0.0,4.0,9.0,33.0,194.0,648.0
scna-fp16,exp2,tree,on,16,4,15,459.0,201.0,158.0,1.0,132.0,118.0,3.0,0.0,0.0,4.0,9.0,41.0,193.0,706.0
scna-fp16,exp2,tree,on,16,4,16,453.0,201.0,158.0,1.0,132.0,112.0,3.0,0.0,0.0,4.0,9.0,36.0,193.0,717.0
scna-fp16,exp2,tree,on,16,4,17,555.0,218.0,167.0,1.0,168.0,161.0,3.0,0.0,0.0,4.0,10.0,122.0,192.0,793.0
scna-fp16,exp2,tree,on,16,4,18,546.0,217.0,168.0,1.0,166.0,155.0,3.0,0.0,0.0,4.0,9.0,113.0,192.0,817.0
scna-fp16,exp2,tree,on,16,4,19,551.0,217.0,167.0,1.0,166.0,160.0,3.0,0.0,0.0,4.0,8.0,120.0,192.0,795.0
scna-fp16,exp2,tree,on,16,8,0,660.0,389.0,313.0,4.0,130.0,120.0,7.0,4.0,2.0,4.0,9.0,43.0,193.0,929.0
scna-fp16,exp2,tree,on,16,8,1,662.0,394.0,313.0,4.0,132.0,116.0,6.0,4.0,2.0,4.0,8.0,39.0,193.0,928.0
scna-fp16,exp2,tree,on,16,8,2,665.0,393.0,313.0,4.0,131.0,120.0,7.0,4.0,2.0,4.0,8.0,44.0,192.0,927.0
scna-fp16,exp2,tree,on,16,8,3,665.0,395.0,313.0,4.0,130.0,120.0,6.0,4.0,2.0,4.0,8.0,42.0,192.0,930.0
scna-fp16,exp2,tree,on,16,8,4,665.0,394.0,313.0,4.0,132.0,118.0,7.0,4.0,2.0,4.0,9.0,44.0,191.0,937.0
scna-fp16,exp2,tree,on,16,8,5,658.0,393.0,313.0,4.0,132.0,113.0,6.0,4.0,2.0,4.0,8.0,38.0,192.0,925.0
scna-fp16,exp2,tree,on,16,8,6,664.0,394.0,313.0,4.0,131.0,118.0,7.0,4.0,2.0,4.0,9.0,39.0,194.0,938.0
scna-fp16,exp2,tree,on,16,8,7,662.0,395.0,313.0,4.0,130.0,117.0,6.0,4.0,2.0,4.0,8.0,39.0,193.0,937.0
scna-fp16,exp2,tree,on,16,8,8,660.0,389.0,313.0,4.0,132.0,118.0,7.0,4.0,2.0,4.0,8.0,41.0,192.0,934.0
scna-fp16,exp2,tree,on,16,8,9,667.0,396.0,312.0,4.0,130.0,121.0,6.0,4.0,2.0,4.0,9.0,43.0,192.0,930.0
scna-fp16,exp2,tree,on,16,8,10,669.0,396.0,313.0,4.0,131.0,121.0,7.0,4.0,2.0,4.0,9.0,44.0,193.0,929.0
scna-fp16,exp2,tree,on,16,8,11,664.0,393.0,313.0,4.0,131.0,120.0,6.0,4.0,2.0,4.0,8.0,43.0,193.0,929.0
scna-fp16,exp2,tree,on,16,8,12,661.0,393.0,313.0,4.0,131.0,116.0,7.0,4.0,2.0,4.0,8.0,39.0,192.0,930.0
scna-fp16,exp2,tree,on,16,8,13,665.0,396.0,313.0,4.0,131.0,118.0,6.0,4.0,2.0,4.0,8.0,40.0,192.0,933.0
scna-fp16,exp2,tree,on,16,8,14,667.0,395.0,313.0,4.0,130.0,121.0,7.0,4.0,2.0,4.0,10.0,42.0,192.0,932.0
scna-fp16,exp2,tree,on,16,8,15,761.0,411.0,322.0,4.0,168.0,162.0,6.0,4.0,2.0,4.0,8.0,122.0,192.0,963.0
scna-fp16,exp2,tree,on,16,8,16,761.0,411.0,322.0,4.0,168.0,161.0,7.0,4.0,2.0,4.0,9.0,120.0,192.0,1043.0
scna-fp16,exp2,tree,on,16,8,17,757.0,411.0,323.0,4.0,166.0,160.0,6.0,4.0,2.0,4.0,8.0,120.0,191.0,981.0
scna-fp16,exp2,tree,on,16,8,18,757.0,409.0,322.0,4.0,168.0,159.0,7.0,4.0,2.0,4.0,9.0,120.0,192.0,1001.0
scna-fp16,exp2,tree,on,16,8,19,759.0,411.0,322.0,4.0,166.0,162.0,6.0,4.0,2.0,4.0,8.0,120.0,192.0,946.0
scna-fp16,exp2,tree,on,16,16,0,1071.0,789.0,622.0,7.0,131.0,113.0,11.0,8.0,2.0,10.0,9.0,35.0,193.0,1280.0
scna-fp16,exp2,tree,on,16,16,1,1074.0,790.0,622.0,8.0,131.0,115.0,10.0,8.0,2.0,10.0,9.0,38.0,192.0,1286.0
scna-fp16,exp2,tree,on,16,16,2,1074.0,792.0,621.0,7.0,131.0,113.0,11.0,8.0,2.0,10.0,10.0,35.0,192.0,1278.0
scna-fp16,exp2,tree,on,16,16,3,1070.0,786.0,622.0,7.0,132.0,115.0,10.0,8.0,2.0,10.0,9.0,37.0,193.0,1381.0
scna-fp16,exp2,tree,on,16,16,4,1070.0,786.0,622.0,8.0,131.0,114.0,11.0,8.0,2.0,10.0,9.0,36.0,193.0,1289.0
scna-fp16,exp2,tree,on,16,16,5,1118.0,800.0,628.0,7.0,135.0,145.0,10.0,8.0,3.0,10.0,8.0,71.0,193.0,1406.0
scna-fp16,exp2,tree,on,16,16,6,1199.0,810.0,632.0,8.0,178.0,172.0,11.0,8.0,2.0,10.0,10.0,141.0,192.0,1472.0
scna-fp16,exp2,tree,on,16,16,7,1195.0,814.0,633.0,7.0,173.0,171.0,10.0,8.0,2.0,10.0,8.0,135.0,192.0,1478.0
scna-fp16,exp2,tree,on,16,16,8,1201.0,810.0,634.0,7.0,174.0,178.0,11.0,8.0,3.0,10.0,9.0,145.0,192.0,1496.0
scna-fp16,exp2,tree,on,16,16,9,1185.0,810.0,632.0,7.0,170.0,168.0,10.0,8.0,2.0,10.0,10.0,129.0,191.0,1509.0
scna-fp16,exp2,tree,on,16,16,10,1194.0,812.0,632.0,7.0,170.0,174.0,11.0,8.0,2.0,10.0,8.0,136.0,192.0,1495.0
scna-fp16,exp2,tree,on,16,16,11,1184.0,806.0,631.0,7.0,172.0,169.0,10.0,8.0,2.0,10.0,9.0,130.0,193.0,1425.0
scna-fp16,exp2,tree,on,16,16,12,1192.0,812.0,632.0,7.0,168.0,174.0,11.0,8.0,2.0,10.0,10.0,134.0,192.0,1460.0
scna-fp16,exp2,tree,on,16,16,13,1186.0,810.0,632.0,7.0,169.0,169.0,10.0,8.0,3.0,10.0,9.0,130.0,191.0,1482.0
scna-fp16,exp2,tree,on,16,16,14,1193.0,811.0,632.0,7.0,169.0,175.0,11.0,8.0,2.0,10.0,10.0,135.0,192.0,1461.0
scna-fp16,exp2,tree,on,16,16,15,1187.0,807.0,632.0,7.0,169.0,174.0,10.0,8.0,2.0,10.0,9.0,133.0,192.0,1403.0
scna-fp16,exp2,tree,on,16,16,16,1183.0,810.0,632.0,7.0,168.0,167.0,11.0,8.0,2.0,10.0,9.0,125.0,192.0,1391.0
scna-fp16,exp2,tree,on,16,16,17,1185.0,808.0,632.0,7.0,175.0,165.0,10.0,8.0,2.0,10.0,9.0,131.0,192.0,1506.0
scna-fp16,exp2,tree,on,16,16,18,1193.0,808.0,632.0,8.0,172.0,174.0,11.0,8.0,2.0,10.0,10.0,139.0,192.0,1466.0
scna-fp16,exp2,tree,on,16,16,19,1177.0,805.0,631.0,7.0,168.0,167.0,10.0,8.0,2.0,10.0,8.0,126.0,192.0,1429.0
scna-fp16,exp2,tree,on,16,32,0,1853.0,1538.0,1237.0,14.0,131.0,101.0,24.0,20.0,4.0,21.0,10.0,22.0,193.0,2183.0
scna-fp16,exp2,tree,on,16,32,1,1927.0,1568.0,1238.0,14.0,140.0,137.0,23.0,20.0,4.0,21.0,10.0,69.0,193.0,2232.0
scna-fp16,exp2,tree,on,16,32,2,1960.0,1599.0,1239.0,14.0,142.0,137.0,23.0,20.0,4.0,21.0,10.0,70.0,193.0,2254.0
scna-fp16,exp2,tree,on,16,32,3,1940.0,1582.0,1239.0,14.0,142.0,134.0,23.0,20.0,4.0,21.0,10.0,66.0,194.0,2220.0
scna-fp16,exp2,tree,on,16,32,4,1938.0,1582.0,1238.0,14.0,142.0,131.0,24.0,20.0,4.0,21.0,10.0,63.0,194.0,2246.0
scna-fp16,exp2,tree,on,16,32,5,1949.0,1590.0,1239.0,14.0,144.0,132.0,24.0,20.0,4.0,21.0,9.0,67.0,193.0,2236.0
scna-fp16,exp2,tree,on,16,32,6,1929.0,1573.0,1239.0,14.0,143.0,130.0,24.0,20.0,4.0,21.0,10.0,64.0,193.0,2229.0
scna-fp16,exp2,tree,on,16,32,7,1931.0,1581.0,1240.0,14.0,140.0,127.0,24.0,20.0,4.0,21.0,9.0,58.0,193.0,2186.0
scna-fp16,exp2,tree,on,16,32,8,1975.0,1592.0,1243.0,14.0,155.0,145.0,24.0,20.0,4.0,21.0,10.0,91.0,192.0,2290.0
scna-fp16,exp2,tree,on,16,32,9,1987.0,1590.0,1242.0,14.0,157.0,157.0,24.0,20.0,4.0,21.0,10.0,104.0,192.0,2249.0
scna-fp16,exp2,tree,on,16,32,10,1981.0,1594.0,1243.0,14.0,159.0,144.0,24.0,21.0,4.0,21.0,10.0,94.0,192.0,2299.0
scna-fp16,exp2,tree,on,16,32,11,1982.0,1589.0,1243.0,14.0,156.0,154.0,24.0,20.0,4.0,21.0,9.0,101.0,192.0,2242.0
scna-fp16,exp2,tree,on,16,32,12,1989.0,1591.0,1242.0,14.0,159.0,156.0,24.0,20.0,4.0,21.0,10.0,107.0,192.0,2268.0
scna-fp16,exp2,tree,on,16,32,13,1985.0,1593.0,1242.0,14.0,158.0,151.0,24.0,20.0,4.0,21.0,9.0,100.0,192.0,2266.0
scna-fp16,exp2,tree,on,16,32,14,1985.0,1590.0,1242.0,14.0,157.0,155.0,24.0,20.0,4.0,21.0,8.0,103.0,193.0,2256.0
scna-fp16,exp2,tree,on,16,32,15,1985.0,1593.0,1242.0,14.0,155.0,154.0,24.0,20.0,4.0,21.0,9.0,101.0,192.0,2249.0
scna-fp16,exp2,tree,on,16,32,16,1977.0,1589.0,1242.0,14.0,160.0,145.0,24.0,20.0,4.0,21.0,10.0,95.0,193.0,2301.0
scna-fp16,exp2,tree,on,16,32,17,1980.0,1590.0,1242.0,14.0,155.0,152.0,24.0,20.0,4.0,21.0,10.0,98.0,192.0,2241.0
scna-fp16,exp2,tree,on,16,32,18,1977.0,1594.0,1242.0,14.0,153.0,147.0,24.0,20.0,4.0,21.0,9.0,90.0,193.0,2258.0
scna-fp16,exp2,tree,on,16,32,19,1985.0,1589.0,1242.0,14.0,159.0,154.0,24.0,20.0,4.0,21.0,10.0,103.0,192.0,2271.0
scna-fp16,exp2,tree,on,32,4,0,486.0,240.0,200.0,1.0,131.0,107.0,3.0,0.0,0.0,4.0,8.0,29.0,192.0,707.0
scna-fp16,exp2,tree,on,32,4,1,491.0,241.0,200.0,1.0,131.0,111.0,3.0,0.0,0.0,4.0,8.0,32.0,193.0,698.0
scna-fp16,exp2,tree,on,32,4,2,491.0,242.0,200.0,2.0,131.0,109.0,3.0,0.0,0.0,4.0,8.0,32.0,192.0,701.0
scna-fp16,exp2,tree,on,32,4,3,490.0,241.0,200.0,1.0,132.0,109.0,3.0,0.0,0.0,4.0,10.0,32.0,193.0,705.0
scna-fp16,exp2,tree,on,32,4,4,489.0,241.0,200.0,2.0,131.0,108.0,3.0,0.0,0.0,4.0,8.0,32.0,192.0,702.0
scna-fp16,exp2,tree,on,32,4,5,486.0,239.0,200.0,1.0,131.0,108.0,3.0,0.0,0.0,4.0,8.0,31.0,193.0,701.0
scna-fp16,exp2,tree,on,32,4,6,490.0,242.0,200.0,2.0,131.0,108.0,3.0,0.0,0.0,4.0,8.0,31.0,192.0,701.0
scna-fp16,exp2,tree,on,32,4,7,488.0,242.0,200.0,2.0,131.0,106.0,3.0,0.0,0.0,4.0,8.0,28.0,193.0,700.0
scna-fp16,exp2,tree,on,32,4,8,488.0,241.0,199.0,2.0,131.0,107.0,3.0,0.0,0.0,4.0,8.0,29.0,192.0,700.0
scna-fp16,exp2,tree,on,32,4,9,488.0,242.0,200.0,2.0,131.0,106.0,3.0,0.0,0.0,4.0,8.0,29.0,192.0,703.0
scna-fp16,exp2,tree,on,32,4,10,492.0,241.0,200.0,2.0,132.0,110.0,3.0,0.0,0.0,4.0,9.0,34.0,192.0,699.0
scna-fp16,exp2,tree,on,32,4,11,490.0,241.0,199.0,2.0,131.0,109.0,3.0,0.0,0.0,4.0,9.0,32.0,193.0,703.0
scna-fp16,exp2,tree,on,32,4,12,489.0,241.0,199.0,2.0,132.0,107.0,3.0,0.0,0.0,4.0,9.0,30.0,192.0,701.0
scna-fp16,exp2,tree,on,32,4,13,496.0,241.0,199.0,2.0,136.0,110.0,3.0,0.0,0.0,4.0,9.0,37.0,192.0,699.0
scna-fp16,exp2,tree,on,32,4,14,488.0,240.0,199.0,2.0,131.0,108.0,3.0,0.0,0.0,4.0,8.0,31.0,192.0,709.0
scna-fp16,exp2,tree,on,32,4,15,485.0,240.0,200.0,2.0,131.0,105.0,3.0,0.0,0.0,4.0,8.0,27.0,193.0,702.0
scna-fp16,exp2,tree,on,32,4,16,488.0,240.0,199.0,2.0,132.0,107.0,3.0,0.0,0.0,4.0,8.0,30.0,193.0,784.0
scna-fp16,exp2,tree,on,32,4,17,486.0,241.0,199.0,2.0,131.0,105.0,3.0,0.0,0.0,4.0,9.0,29.0,193.0,703.0
scna-fp16,exp2,tree,on,32,4,18,487.0,241.0,199.0,2.0,132.0,105.0,3.0,0.0,0.0,4.0,9.0,28.0,193.0,697.0
scna-fp16,exp2,tree,on,32,4,19,509.0,245.0,200.0,2.0,136.0,119.0,3.0,0.0,0.0,4.0,8.0,48.0,192.0,752.0
scna-fp16,exp2,tree,on,32,8,0,748.0,477.0,391.0,4.0,132.0,117.0,7.0,4.0,2.0,5.0,9.0,42.0,193.0,1049.0
scna-fp16,exp2,tree,on,32,8,1,747.0,479.0,391.0,4.0,131.0,116.0,7.0,4.0,2.0,4.0,10.0,39.0,192.0,1042.0
scna-fp16,exp2,tree,on,32,8,2,749.0,478.0,391.0,4.0,131.0,118.0,7.0,4.0,2.0,5.0,8.0,38.0,194.0,987.0
scna-fp16,exp2,tree,on,32,8,3,736.0,471.0,391.0,4.0,131.0,112.0,7.0,4.0,2.0,5.0,9.0,34.0,192.0,943.0
scna-fp16,exp2,tree,on,32,8,4,746.0,475.0,391.0,4.0,132.0,117.0,7.0,4.0,2.0,5.0,8.0,40.0,192.0,930.0
scna-fp16,exp2,tree,on,32,8,5,744.0,478.0,391.0,4.0,132.0,112.0,7.0,4.0,2.0,5.0,9.0,35.0,192.0,932.0
scna-fp16,exp2,tree,on,32,8,6,751.0,482.0,391.0,4.0,131.0,116.0,7.0,4.0,2.0,5.0,8.0,37.0,194.0,1049.0
scna-fp16,exp2,tree,on,32,8,7,745.0,479.0,391.0,4.0,132.0,113.0,7.0,4.0,2.0,4.0,8.0,37.0,192.0,933.0
scna-fp16,exp2,tree,on,32,8,8,741.0,478.0,391.0,3.0,132.0,111.0,7.0,4.0,2.0,4.0,8.0,36.0,193.0,941.0
scna-fp16,exp2,tree,on,32,8,9,747.0,479.0,391.0,4.0,130.0,117.0,7.0,4.0,2.0,4.0,8.0,38.0,193.0,1047.0
scna-fp16,exp2,tree,on,32,8,10,741.0,476.0,391.0,4.0,131.0,112.0,7.0,4.0,2.0,5.0,8.0,33.0,194.0,937.0
scna-fp16,exp2,tree,on,32,8,11,739.0,471.0,391.0,4.0,130.0,117.0,7.0,4.0,2.0,4.0,8.0,38.0,194.0,960.0
scna-fp16,exp2,tree,on,32,8,12,745.0,478.0,391.0,3.0,131.0,115.0,7.0,4.0,2.0,5.0,8.0,37.0,192.0,933.0
scna-fp16,exp2,tree,on,32,8,13,741.0,478.0,391.0,3.0,131.0,112.0,7.0,4.0,2.0,4.0,9.0,35.0,193.0,933.0
scna-fp16,exp2,tree,on,32,8,14,745.0,477.0,391.0,4.0,131.0,116.0,7.0,4.0,2.0,4.0,8.0,38.0,193.0,932.0
scna-fp16,exp2,tree,on,32,8,15,745.0,478.0,391.0,4.0,130.0,116.0,7.0,4.0,2.0,4.0,9.0,37.0,193.0,935.0
scna-fp16,exp2,tree,on,32,8,16,744.0,477.0,391.0,4.0,130.0,115.0,7.0,4.0,2.0,5.0,8.0,38.0,193.0,932.0
scna-fp16,exp2,tree,on,32,8,17,746.0,480.0,391.0,3.0,131.0,115.0,7.0,4.0,2.0,4.0,8.0,38.0,193.0,933.0
scna-fp16,exp2,tree,on,32,8,18,747.0,479.0,391.0,4.0,131.0,115.0,7.0,4.0,2.0,5.0,9.0,37.0,193.0,932.0
scna-fp16,exp2,tree,on,32,8,19,746.0,479.0,391.0,4.0,130.0,115.0,7.0,4.0,2.0,5.0,9.0,37.0,193.0,932.0
scna-fp16,exp2,tree,on,32,16,0,1235.0,948.0,776.0,7.0,130.0,118.0,11.0,9.0,2.0,10.0,10.0,40.0,192.0,1513.0
scna-fp16,exp2,tree,on,32,16,1,1233.0,945.0,776.0,7.0,132.0,118.0,10.0,9.0,2.0,10.0,10.0,40.0,193.0,1511.0
scna-fp16,exp2,tree,on,32,16,2,1235.0,945.0,777.0,7.0,132.0,119.0,11.0,9.0,2.0,10.0,10.0,41.0,193.0,1504.0
scna-fp16,exp2,tree,on,32,16,3,1232.0,948.0,777.0,7.0,131.0,115.0,10.0,9.0,2.0,10.0,9.0,38.0,191.0,1499.0
scna-fp16,exp2,tree,on,32,16,4,1232.0,944.0,776.0,8.0,132.0,116.0,11.0,9.0,2.0,10.0,9.0,39.0,192.0,1519.0
scna-fp16,exp2,tree,on,32,16,5,1230.0,943.0,776.0,7.0,132.0,117.0,10.0,9.0,2.0,10.0,8.0,39.0,194.0,1513.0
scna-fp16,exp2,tree,on,32,16,6,1266.0,955.0,778.0,8.0,131.0,140.0,11.0,9.0,2.0,10.0,10.0,62.0,192.0,1519.0
scna-fp16,exp2,tree,on,32,16,7,1318.0,965.0,784.0,7.0,160.0,155.0,10.0,9.0,2.0,10.0,9.0,106.0,192.0,1555.0
scna-fp16,exp2,tree,on,32,16,8,1322.0,963.0,783.0,8.0,161.0,158.0,11.0,9.0,2.0,10.0,10.0,111.0,192.0,1630.0
scna-fp16,exp2,tree,on,32,16,9,1319.0,963.0,784.0,8.0,164.0,152.0,10.0,9.0,3.0,10.0,10.0,108.0,192.0,1527.0
scna-fp16,exp2,tree,on,32,16,10,1317.0,962.0,783.0,8.0,160.0,155.0,11.0,9.0,2.0,10.0,10.0,105.0,192.0,1622.0
scna-fp16,exp2,tree,on,32,16,11,1316.0,965.0,783.0,7.0,159.0,153.0,10.0,9.0,3.0,10.0,9.0,103.0,193.0,1525.0
scna-fp16,exp2,tree,on,32,16,12,1314.0,962.0,783.0,7.0,158.0,154.0,11.0,9.0,3.0,10.0,10.0,104.0,192.0,1631.0
scna-fp16,exp2,tree,on,32,16,13,1312.0,962.0,782.0,7.0,157.0,155.0,10.0,9.0,2.0,10.0,9.0,104.0,192.0,1595.0
scna-fp16,exp2,tree,on,32,16,14,1316.0,964.0,783.0,7.0,158.0,155.0,11.0,9.0,2.0,10.0,9.0,104.0,192.0,1614.0
scna-fp16,exp2,tree,on,32,16,15,1307.0,962.0,783.0,8.0,159.0,147.0,10.0,9.0,2.0,10.0,10.0,98.0,192.0,1532.0
scna-fp16,exp2,tree,on,32,16,16,1314.0,963.0,783.0,8.0,157.0,154.0,11.0,9.0,2.0,10.0,10.0,102.0,193.0,1608.0
scna-fp16,exp2,tree,on,32,16,17,1312.0,964.0,783.0,7.0,157.0,153.0,10.0,9.0,2.0,10.0,9.0,101.0,192.0,1635.0
scna-fp16,exp2,tree,on,32,16,18,1310.0,964.0,783.0,7.0,156.0,150.0,11.0,9.0,3.0,10.0,10.0,98.0,192.0,1631.0
scna-fp16,exp2,tree,on,32,16,19,1310.0,962.0,783.0,7.0,157.0,152.0,10.0,9.0,3.0,10.0,10.0,100.0,192.0,1629.0
scna-fp16,exp2,tree,on,32,32,0,2247.0,1898.0,1545.0,14.0,137.0,129.0,24.0,21.0,4.0,20.0,8.0,56.0,192.0,2540.0
scna-fp16,exp2,tree,on,32,32,1,2242.0,1896.0,1545.0,14.0,136.0,128.0,23.0,21.0,4.0,20.0,9.0,55.0,192.0,2498.0
scna-fp16,exp2,tree,on,32,32,2,2241.0,1894.0,1544.0,14.0,134.0,129.0,24.0,22.0,4.0,20.0,10.0,54.0,192.0,2503.0
scna-fp16,exp2,tree,on,32,32,3,2243.0,1897.0,1545.0,14.0,135.0,128.0,24.0,21.0,4.0,20.0,9.0,53.0,192.0,2498.0
scna-fp16,exp2,tree,on,32,32,4,2247.0,1899.0,1544.0,14.0,136.0,129.0,24.0,21.0,4.0,20.0,9.0,55.0,192.0,2506.0
scna-fp16,exp2,tree,on,32,32,5,2243.0,1899.0,1545.0,14.0,134.0,128.0,23.0,21.0,4.0,20.0,9.0,54.0,193.0,2503.0
scna-fp16,exp2,tree,on,32,32,6,2322.0,1912.0,1548.0,14.0,157.0,171.0,23.0,21.0,4.0,20.0,10.0,118.0,191.0,2594.0
scna-fp16,exp2,tree,on,32,32,7,2337.0,1917.0,1553.0,14.0,171.0,167.0,23.0,21.0,4.0,20.0,9.0,128.0,193.0,2664.0
scna-fp16,exp2,tree,on,32,32,8,2329.0,1912.0,1551.0,14.0,170.0,165.0,23.0,21.0,4.0,20.0,10.0,126.0,192.0,2655.0
scna-fp16,exp2,tree,on,32,32,9,2331.0,1914.0,1551.0,14.0,169.0,166.0,23.0,21.0,4.0,20.0,10.0,126.0,192.0,2661.0
scna-fp16,exp2,tree,on,32,32,10,2332.0,1915.0,1551.0,14.0,169.0,167.0,22.0,21.0,4.0,20.0,9.0,127.0,192.0,2665.0
scna-fp16,exp2,tree,on,32,32,11,2325.0,1909.0,1552.0,14.0,169.0,166.0,22.0,21.0,4.0,20.0,10.0,125.0,192.0,2662.0
scna-fp16,exp2,tree,on,32,32,12,2324.0,1907.0,1551.0,14.0,170.0,165.0,23.0,21.0,4.0,20.0,8.0,126.0,192.0,2571.0
scna-fp16,exp2,tree,on,32,32,13,2331.0,1916.0,1550.0,14.0,170.0,163.0,23.0,21.0,4.0,20.0,8.0,124.0,192.0,2654.0
scna-fp16,exp2,tree,on,32,32,14,2329.0,1913.0,1551.0,14.0,169.0,166.0,22.0,21.0,4.0,20.0,9.0,125.0,192.0,2672.0
scna-fp16,exp2,tree,on,32,32,15,2326.0,1911.0,1550.0,14.0,168.0,165.0,23.0,21.0,4.0,20.0,9.0,124.0,192.0,2671.0
scna-fp16,exp2,tree,on,32,32,16,2330.0,1915.0,1551.0,14.0,169.0,164.0,23.0,21.0,4.0,20.0,10.0,124.0,192.0,2677.0
scna-fp16,exp2,tree,on,32,32,17,2328.0,1914.0,1551.0,14.0,169.0,163.0,23.0,21.0,4.0,20.0,9.0,122.0,192.0,2684.0
scna-fp16,exp2,tree,on,32,32,18,2326.0,1913.0,1550.0,14.0,168.0,164.0,23.0,20.0,4.0,20.0,10.0,123.0,193.0,2658.0
scna-fp16,exp2,tree,on,32,32,19,2327.0,1909.0,1551.0,14.0,167.0,169.0,23.0,21.0,4.0,20.0,10.0,126.0,192.0,2567.0
scna-int8,exp,direct,off,8,4,0,732.0,205.0,163.0,2.0,268.0,247.0,4.0,2.0,2.0,2.0,0.0,0.0,0.0,1009.0
scna-int8,exp,direct,off,8,4,1,743.0,206.0,163.0,2.0,265.0,260.0,4.0,2.0,2.0,2.0,0.0,0.0,0.0,992.0
scna-int8,exp,direct,off,8,4,2,726.0,206.0,162.0,2.0,264.0,244.0,4.0,2.0,2.0,2.0,0.0,0.0,0.0,994.0
scna-int8,exp,direct,off,8,4,3,725.0,206.0,162.0,2.0,264.0,243.0,4.0,2.0,2.0,2.0,0.0,0.0,0.0,992.0
scna-int8,exp,direct,off,8,4,4,727.0,206.0,163.0,2.0,265.0,244.0,4.0,2.0,2.0,2.0,0.0,0.0,0.0,993.0
scna-int8,exp,direct,off,8,4,5,725.0,207.0,163.0,2.0,263.0,242.0,4.0,3.0,2.0,2.0,0.0,0.0,0.0,991.0
scna-int8,exp,direct,off,8,4,6,725.0,205.0,162.0,2.0,265.0,243.0,4.0,2.0,2.0,2.0,0.0,0.0,0.0,999.0
scna-int8,exp,direct,off,8,4,7,727.0,205.0,162.0,2.0,263.0,246.0,5.0,2.0,2.0,2.0,0.0,0.0,0.0,1003.0
scna-int8,exp,direct,off,8,4,8,729.0,205.0,162.0,2.0,266.0,245.0,4.0,2.0,2.0,3.0,0.0,0.0,0.0,993.0
scna-int8,exp,direct,off,8,4,9,732.0,205.0,164.0,2.0,266.0,248.0,4.0,2.0,2.0,3.0,0.0,0.0,0.0,1020.0
scna-int8,exp,direct,off,8,4,10,734.0,205.0,162.0,2.0,266.0,250.0,4.0,2.0,2.0,3.0,0.0,0.0,0.0,990.0
scna-int8,exp,direct,off,8,4,11,736.0,205.0,162.0,2.0,268.0,250.0,4.0,2.0,2.0,3.0,0.0,0.0,0.0,992.0
scna-int8,exp,direct,off,8,4,12,739.0,206.0,163.0,2.0,268.0,252.0,4.0,2.0,2.0,3.0,0.0,0.0,0.0,985.0
scna-int8,exp,direct,off,8,4,13,737.0,204.0,162.0,2.0,268.0,252.0,4.0,2.0,2.0,3.0,0.0,0.0,0.0,995.0
scna-int8,exp,direct,off,8,4,14,741.0,206.0,163.0,2.0,269.0,253.0,4.0,3.0,2.0,2.0,0.0,0.0,0.0,1007.0
scna-int8,exp,direct,off,8,4,15,738.0,205.0,162.0,2.0,268.0,253.0,4.0,2.0,2.0,2.0,0.0,0.0,0.0,991.0
scna-int8,exp,direct,off,8,4,16,743.0,205.0,163.0,2.0,271.0,256.0,4.0,2.0,1.0,2.0,0.0,0.0,0.0,974.0
scna-int8,exp,direct,off,8,4,17,741.0,205.0,162.0,2.0,273.0,249.0,4.0,2.0,2.0,4.0,0.0,0.0,0.0,1004.0
scna-int8,exp,direct,off,8,4,18,740.0,208.0,162.0,2.0,273.0,247.0,4.0,2.0,2.0,2.0,0.0,0.0,0.0,990.0
scna-int8,exp,direct,off,8,4,19,737.0,207.0,163.0,2.0,272.0,246.0,5.0,2.0,1.0,2.0,0.0,0.0,0.0,990.0
scna-int8,exp,direct,off,8,8,0,1086.0,417.0,321.0,4.0,336.0,307.0,8.0,6.0,2.0,6.0,0.0,0.0,0.0,1307.0
scna-int8,exp,direct,off,8,8,1,1093.0,413.0,319.0,4.0,338.0,316.0,8.0,6.0,2.0,6.0,0.0,0.0,0.0,1414.0
scna-int8,exp,direct,off,8,8,2,1132.0,418.0,322.0,4.0,355.0,334.0,8.0,6.0,2.0,5.0,0.0,0.0,0.0,1441.0
scna-int8,exp,direct,off,8,8,3,1144.0,423.0,323.0,4.0,369.0,326.0,8.0,6.0,2.0,6.0,0.0,0.0,0.0,1508.0
scna-int8,exp,direct,off,8,8,4,1150.0,424.0,323.0,4.0,372.0,326.0,9.0,6.0,3.0,6.0,0.0,0.0,0.0,1439.0
scna-int8,exp,direct,off,8,8,5,1147.0,420.0,322.0,5.0,367.0,332.0,8.0,6.0,3.0,6.0,0.0,0.0,0.0,1389.0
scna-int8,exp,direct,off,8,8,6,1147.0,421.0,323.0,4.0,373.0,327.0,8.0,6.0,2.0,6.0,0.0,0.0,0.0,1420.0
scna-int8,exp,direct,off,8,8,7,1159.0,422.0,323.0,4.0,377.0,334.0,8.0,6.0,2.0,6.0,0.0,0.0,0.0,1449.0
scna-int8,exp,direct,off,8,8,8,1156.0,420.0,322.0,4.0,376.0,334.0,8.0,6.0,2.0,6.0,0.0,0.0,0.0,1456.0
scna-int8,exp,direct,off,8,8,9,1150.0,421.0,322.0,4.0,375.0,327.0,9.0,6.0,2.0,6.0,0.0,0.0,0.0,1495.0
scna-int8,exp,direct,off,8,8,10,1153.0,422.0,323.0,4.0,383.0,322.0,8.0,6.0,2.0,6.0,0.0,0.0,0.0,1481.0
scna-int8,exp,direct,off,8,8,11,1150.0,422.0,322.0,5.0,370.0,331.0,8.0,6.0,2.0,6.0,0.0,0.0,0.0,1462.0
scna-int8,exp,direct,off,8,8,12,1123.0,421.0,321.0,4.0,362.0,315.0,8.0,6.0,2.0,5.0,0.0,0.0,0.0,1400.0
scna-int8,exp,direct,off,8,8,13,1123.0,418.0,321.0,4.0,354.0,324.0,9.0,6.0,2.0,6.0,0.0,0.0,0.0,1426.0
scna-int8,exp,direct,off,8,8,14,1140.0,418.0,321.0,4.0,367.0,329.0,9.0,6.0,1.0,6.0,0.0,0.0,0.0,1487.0
scna-int8,exp,direct,off,8,8,15,1135.0,419.0,321.0,4.0,366.0,324.0,8.0,6.0,2.0,6.0,0.0,0.0,0.0,1382.0
scna-int8,exp,direct,off,8,8,16,1123.0,417.0,321.0,4.0,354.0,327.0,8.0,6.0,2.0,5.0,0.0,0.0,0.0,1487.0
scna-int8,exp,direct,off,8,8,17,1124.0,418.0,321.0,4.0,354.0,326.0,8.0,6.0,2.0,6.0,0.0,0.0,0.0,1464.0
scna-int8,exp,direct,off,8,8,18,1125.0,418.0,320.0,4.0,355.0,326.0,8.0,6.0,2.0,6.0,0.0,0.0,0.0,1378.0
scna-int8,exp,direct,off,8,8,19,1117.0,419.0,321.0,4.0,353.0,320.0,8.0,6.0,1.0,6.0,0.0,0.0,0.0,1389.0
scna-int8,exp,direct,off,8,16,0,1403.0,793.0,630.0,8.0,308.0,260.0,12.0,10.0,2.0,10.0,0.0,0.0,0.0,1639.0
scna-int8,exp,direct,off,8,16,1,1397.0,791.0,630.0,7.0,307.0,258.0,12.0,10.0,2.0,10.0,0.0,0.0,0.0,1638.0
scna-int8,exp,direct,off,8,16,2,1392.0,795.0,630.0,8.0,301.0,253.0,12.0,10.0,2.0,11.0,0.0,0.0,0.0,1645.0
scna-int8,exp,direct,off,8,16,3,1404.0,794.0,629.0,8.0,304.0,264.0,12.0,10.0,2.0,10.0,0.0,0.0,0.0,1670.0
scna-int8,exp,direct,off,8,16,4,1424.0,801.0,630.0,7.0,318.0,264.0,12.0,10.0,2.0,10.0,0.0,0.0,0.0,1772.0
scna-int8,exp,direct,off,8,16,5,1441.0,799.0,630.0,8.0,323.0,277.0,12.0,10.0,2.0,10.0,0.0,0.0,0.0,1737.0
scna-int8,exp,direct,off,8,16,6,1421.0,796.0,629.0,7.0,313.0,271.0,12.0,10.0,2.0,10.0,0.0,0.0,0.0,1768.0
scna-int8,exp,direct,off,8,16,7,1448.0,807.0,631.0,8.0,323.0,276.0,12.0,10.0,2.0,10.0,0.0,0.0,0.0,1720.0
scna-int8,exp,direct,off,8,16,8,1456.0,812.0,630.0,8.0,319.0,282.0,12.0,10.0,2.0,11.0,0.0,0.0,0.0,1738.0
scna-int8,exp,direct,off,8,16,9,1455.0,810.0,629.0,7.0,315.0,289.0,12.0,10.0,2.0,10.0,0.0,0.0,0.0,1712.0
scna-int8,exp,direct,off,8,16,10,1472.0,814.0,629.0,8.0,327.0,289.0,12.0,10.0,2.0,10.0,0.0,0.0,0.0,1818.0
scna-int8,exp,direct,off,8,16,11,1455.0,811.0,629.0,8.0,326.0,276.0,12.0,10.0,2.0,10.0,0.0,0.0,0.0,1698.0
scna-int8,exp,direct,off,8,16,12,1454.0,808.0,630.0,8.0,328.0,276.0,12.0,10.0,2.0,10.0,0.0,0.0,0.0,1803.0
scna-int8,exp,direct,off,8,16,13,1447.0,811.0,630.0,8.0,311.0,282.0,12.0,11.0,2.0,10.0,0.0,0.0,0.0,1767.0
scna-int8,exp,direct,off,8,16,14,1482.0,817.0,629.0,8.0,327.0,294.0,12.0,12.0,2.0,10.0,0.0,0.0,0.0,1759.0
scna-int8,exp,direct,off,8,16,15,1471.0,819.0,630.0,8.0,320.0,289.0,12.0,11.0,2.0,10.0,0.0,0.0,0.0,1766.0
scna-int8,exp,direct,off,8,16,16,1491.0,818.0,630.0,8.0,336.0,292.0,12.0,12.0,2.0,11.0,0.0,0.0,0.0,1862.0
scna-int8,exp,direct,off,8,16,17,1462.0,813.0,630.0,9.0,317.0,288.0,12.0,11.0,2.0,10.0,0.0,0.0,0.0,1745.0
scna-int8,exp,direct,off,8,16,18,1466.0,818.0,630.0,8.0,317.0,287.0,12.0,11.0,2.0,11.0,0.0,0.0,0.0,1743.0
scna-int8,exp,direct,off,8,16,19,1492.0,821.0,629.0,9.0,338.0,289.0,12.0,11.0,2.0,10.0,0.0,0.0,0.0,1872.0
scna-int8,exp,direct,off,8,32,0,2236.0,1590.0,1253.0,15.0,284.0,276.0,24.0,23.0,3.0,21.0,0.0,0.0,0.0,2514.0
scna-int8,exp,direct,off,8,32,1,2238.0,1586.0,1252.0,15.0,285.0,281.0,24.0,22.0,3.0,22.0,0.0,0.0,0.0,2603.0
scna-int8,exp,direct,off,8,32,2,2236.0,1585.0,1252.0,14.0,286.0,279.0,24.0,23.0,3.0,22.0,0.0,0.0,0.0,2530.0
scna-int8,exp,direct,off,8,32,3,2269.0,1618.0,1252.0,16.0,291.0,273.0,24.0,22.0,3.0,22.0,0.0,0.0,0.0,2646.0
scna-int8,exp,direct,off,8,32,4,2280.0,1623.0,1252.0,15.0,297.0,272.0,24.0,23.0,4.0,22.0,0.0,0.0,0.0,2633.0
scna-int8,exp,direct,off,8,32,5,2270.0,1617.0,1250.0,16.0,294.0,270.0,24.0,23.0,4.0,22.0,0.0,0.0,0.0,2631.0
scna-int8,exp,direct,off,8,32,6,2278.0,1619.0,1251.0,16.0,298.0,273.0,25.0,22.0,3.0,22.0,0.0,0.0,0.0,2639.0
scna-int8,exp,direct,off,8,32,7,2272.0,1619.0,1251.0,16.0,291.0,273.0,25.0,23.0,3.0,22.0,0.0,0.0,0.0,2631.0
scna-int8,exp,direct,off,8,32,8,2269.0,1615.0,1252.0,16.0,293.0,273.0,24.0,22.0,4.0,22.0,0.0,0.0,0.0,2585.0
scna-int8,exp,direct,off,8,32,9,2265.0,1611.0,1251.0,16.0,294.0,270.0,25.0,23.0,4.0,22.0,0.0,0.0,0.0,2591.0
scna-int8,exp,direct,off,8,32,10,2258.0,1610.0,1251.0,15.0,293.0,268.0,24.0,22.0,4.0,22.0,0.0,0.0,0.0,2661.0
scna-int8,exp,direct,off,8,32,11,2245.0,1601.0,1252.0,15.0,288.0,268.0,24.0,23.0,4.0,22.0,0.0,0.0,0.0,2606.0
scna-int8,exp,direct,off,8,32,12,2259.0,1615.0,1252.0,16.0,288.0,267.0,24.0,23.0,4.0,22.0,0.0,0.0,0.0,2540.0
scna-int8,exp,direct,off,8,32,13,2268.0,1616.0,1251.0,16.0,294.0,269.0,25.0,22.0,4.0,22.0,0.0,0.0,0.0,2664.0
scna-int8,exp,direct,off,8,32,14,2260.0,1610.0,1251.0,16.0,293.0,269.0,24.0,22.0,4.0,22.0,0.0,0.0,0.0,2650.0
scna-int8,exp,direct,off,8,32,15,2261.0,1614.0,1252.0,16.0,290.0,267.0,25.0,23.0,4.0,22.0,0.0,0.0,0.0,2655.0
scna-int8,exp,direct,off,8,32,16,2265.0,1619.0,1251.0,15.0,289.0,269.0,24.0,23.0,4.0,22.0,0.0,0.0,0.0,2550.0
scna-int8,exp,direct,off,8,32,17,2259.0,1615.0,1251.0,16.0,288.0,267.0,25.0,22.0,4.0,22.0,0.0,0.0,0.0,2629.0
scna-int8,exp,direct,off,8,32,18,2256.0,1614.0,1252.0,15.0,288.0,267.0,24.0,22.0,4.0,22.0,0.0,0.0,0.0,2579.0
scna-int8,exp,direct,off,8,32,19,2264.0,1615.0,1251.0,16.0,292.0,269.0,24.0,22.0,4.0,22.0,0.0,0.0,0.0,2548.0
scna-int8,exp,direct,off,16,4,0,776.0,248.0,208.0,2.0,271.0,243.0,4.0,4.0,2.0,2.0,0.0,0.0,0.0,1049.0
scna-int8,exp,direct,off,16,4,1,770.0,250.0,209.0,2.0,265.0,240.0,4.0,4.0,2.0,3.0,0.0,0.0,0.0,1017.0
scna-int8,exp,direct,off,16,4,2,767.0,250.0,208.0,2.0,263.0,240.0,4.0,4.0,2.0,2.0,0.0,0.0,0.0,1013.0
scna-int8,exp,direct,off,16,4,3,768.0,250.0,208.0,2.0,268.0,236.0,4.0,4.0,2.0,2.0,0.0,0.0,0.0,1019.0
scna-int8,exp,direct,off,16,4,4,748.0,247.0,207.0,2.0,260.0,229.0,4.0,2.0,2.0,2.0,0.0,0.0,0.0,1015.0
scna-int8,exp,direct,off,16,4,5,746.0,248.0,207.0,2.0,260.0,227.0,4.0,2.0,1.0,2.0,0.0,0.0,0.0,1019.0
scna-int8,exp,direct,off,16,4,6,750.0,248.0,207.0,2.0,261.0,230.0,4.0,2.0,1.0,2.0,0.0,0.0,0.0,1014.0
scna-int8,exp,direct,off,16,4,7,754.0,248.0,207.0,2.0,264.0,230.0,5.0,2.0,1.0,2.0,0.0,0.0,0.0,1013.0
scna-int8,exp,direct,off,16,4,8,752.0,250.0,208.0,2.0,260.0,230.0,4.0,3.0,1.0,2.0,0.0,0.0,0.0,1015.0
scna-int8,exp,direct,off,16,4,9,754.0,250.0,208.0,2.0,265.0,227.0,4.0,3.0,1.0,2.0,0.0,0.0,0.0,1013.0
scna-int8,exp,direct,off,16,4,10,757.0,247.0,207.0,2.0,263.0,236.0,4.0,2.0,1.0,2.0,0.0,0.0,0.0,1030.0
scna-int8,exp,direct,off,16,4,11,765.0,249.0,209.0,2.0,264.0,239.0,4.0,4.0,1.0,2.0,0.0,0.0,0.0,1101.0
scna-int8,exp,direct,off,16,4,12,789.0,252.0,208.0,2.0,278.0,246.0,4.0,3.0,2.0,2.0,0.0,0.0,0.0,1093.0
scna-int8,exp,direct,off,16,4,13,795.0,252.0,209.0,2.0,269.0,260.0,4.0,4.0,2.0,2.0,0.0,0.0,0.0,1109.0
scna-int8,exp,direct,off,16,4,14,786.0,251.0,209.0,2.0,273.0,249.0,4.0,3.0,2.0,2.0,0.0,0.0,0.0,1137.0
scna-int8,exp,direct,off,16,4,15,797.0,251.0,208.0,2.0,272.0,260.0,4.0,4.0,1.0,3.0,0.0,0.0,0.0,1103.0
scna-int8,exp,direct,off,16,4,16,790.0,253.0,209.0,2.0,276.0,247.0,4.0,4.0,2.0,2.0,0.0,0.0,0.0,1039.0
scna-int8,exp,direct,off,16,4,17,782.0,252.0,208.0,2.0,267.0,249.0,4.0,4.0,2.0,2.0,0.0,0.0,0.0,1069.0
scna-int8,exp,direct,off,16,4,18,785.0,252.0,207.0,2.0,271.0,249.0,4.0,3.0,2.0,2.0,0.0,0.0,0.0,1067.0
scna-int8,exp,direct,off,16,4,19,794.0,252.0,208.0,2.0,270.0,258.0,4.0,4.0,2.0,2.0,0.0,0.0,0.0,1086.0
scna-int8,exp,direct,off,16,8,0,1035.0,488.0,407.0,4.0,272.0,247.0,8.0,8.0,2.0,6.0,0.0,0.0,0.0,1283.0
scna-int8,exp,direct,off,16,8,1,1035.0,489.0,407.0,4.0,274.0,244.0,8.0,8.0,2.0,6.0,0.0,0.0,0.0,1286.0
scna-int8,exp,direct,off,16,8,2,1033.0,489.0,406.0,4.0,271.0,245.0,8.0,8.0,2.0,6.0,0.0,0.0,0.0,1299.0
scna-int8,exp,direct,off,16,8,3,1022.0,488.0,406.0,4.0,266.0,240.0,8.0,8.0,2.0,6.0,0.0,0.0,0.0,1303.0
scna-int8,exp,direct,off,16,8,4,1021.0,489.0,407.0,4.0,266.0,238.0,8.0,8.0,2.0,6.0,0.0,0.0,0.0,1277.0
scna-int8,exp,direct,off,16,8,5,1022.0,488.0,406.0,4.0,268.0,238.0,8.0,8.0,2.0,6.0,0.0,0.0,0.0,1287.0
scna-int8,exp,direct,off,16,8,6,1023.0,489.0,406.0,4.0,270.0,236.0,8.0,8.0,2.0,6.0,0.0,0.0,0.0,1290.0
scna-int8,exp,direct,off,16,8,7,1020.0,488.0,406.0,4.0,268.0,236.0,8.0,8.0,2.0,6.0,0.0,0.0,0.0,1283.0
scna-int8,exp,direct,off,16,8,8,1040.0,493.0,407.0,4.0,281.0,237.0,9.0,8.0,2.0,6.0,0.0,0.0,0.0,1284.0
scna-int8,exp,direct,off,16,8,9,1006.0,492.0,406.0,4.0,262.0,226.0,8.0,7.0,2.0,5.0,0.0,0.0,0.0,1300.0
scna-int8,exp,direct,off,16,8,10,997.0,483.0,406.0,4.0,263.0,225.0,8.0,6.0,2.0,6.0,0.0,0.0,0.0,1246.0
scna-int8,exp,direct,off,16,8,11,1002.0,485.0,405.0,4.0,261.0,229.0,8.0,7.0,2.0,6.0,0.0,0.0,0.0,1338.0
scna-int8,exp,direct,off,16,8,12,1009.0,491.0,406.0,4.0,263.0,229.0,8.0,6.0,2.0,6.0,0.0,0.0,0.0,1238.0
scna-int8,exp,direct,off,16,8,13,1014.0,491.0,406.0,4.0,266.0,230.0,8.0,7.0,2.0,6.0,0.0,0.0,0.0,1321.0
scna-int8,exp,direct,off,16,8,14,1020.0,489.0,406.0,4.0,264.0,240.0,8.0,7.0,2.0,6.0,0.0,0.0,0.0,1320.0
scna-int8,exp,direct,off,16,8,15,1023.0,489.0,406.0,4.0,270.0,236.0,8.0,8.0,2.0,6.0,0.0,0.0,0.0,1256.0
scna-int8,exp,direct,off,16,8,16,1046.0,496.0,407.0,4.0,273.0,248.0,8.0,9.0,2.0,6.0,0.0,0.0,0.0,1356.0
scna-int8,exp,direct,off,16,8,17,1046.0,494.0,405.0,4.0,274.0,251.0,8.0,7.0,2.0,6.0,0.0,0.0,0.0,1351.0
scna-int8,exp,direct,off,16,8,18,1054.0,496.0,406.0,4.0,276.0,254.0,8.0,8.0,2.0,6.0,0.0,0.0,0.0,1369.0
scna-int8,exp,direct,off,16,8,19,1048.0,497.0,407.0,4.0,272.0,250.0,9.0,8.0,2.0,6.0,0.0,0.0,0.0,1371.0
scna-int8,exp,direct,off,16,16,0,1582.0,965.0,805.0,8.0,287.0,285.0,12.0,12.0,3.0,10.0,0.0,0.0,0.0,1910.0
scna-int8,exp,direct,off,16,16,1,1595.0,964.0,804.0,9.0,316.0,270.0,12.0,12.0,2.0,10.0,0.0,0.0,0.0,1928.0
scna-int8,exp,direct,off,16,16,2,1751.0,998.0,808.0,8.0,373.0,335.0,12.0,12.0,3.0,10.0,0.0,0.0,0.0,2071.0
scna-int8,exp,direct,off,16,16,3,1758.0,1002.0,810.0,8.0,384.0,327.0,12.0,13.0,2.0,10.0,0.0,0.0,0.0,2024.0
scna-int8,exp,direct,off,16,16,4,1754.0,997.0,809.0,8.0,388.0,324.0,12.0,13.0,2.0,10.0,0.0,0.0,0.0,2067.0
scna-int8,exp,direct,off,16,16,5,1749.0,1002.0,808.0,8.0,379.0,324.0,12.0,12.0,2.0,10.0,0.0,0.0,0.0,2128.0
scna-int8,exp,direct,off,16,16,6,1756.0,1001.0,808.0,8.0,379.0,332.0,12.0,12.0,2.0,10.0,0.0,0.0,0.0,2108.0
scna-int8,exp,direct,off,16,16,7,1750.0,998.0,808.0,8.0,383.0,325.0,12.0,12.0,2.0,10.0,0.0,0.0,0.0,2118.0
scna-int8,exp,direct,off,16,16,8,1757.0,1002.0,809.0,8.0,384.0,324.0,12.0,13.0,3.0,11.0,0.0,0.0,0.0,2137.0
scna-int8,exp,direct,off,16,16,9,1750.0,996.0,809.0,8.0,380.0,329.0,12.0,12.0,3.0,10.0,0.0,0.0,0.0,2033.0
scna-int8,exp,direct,off,16,16,10,1756.0,1003.0,808.0,8.0,382.0,327.0,12.0,12.0,2.0,10.0,0.0,0.0,0.0,2124.0
scna-int8,exp,direct,off,16,16,11,1750.0,999.0,809.0,8.0,380.0,326.0,12.0,13.0,2.0,10.0,0.0,0.0,0.0,2019.0
scna-int8,exp,direct,off,16,16,12,1753.0,1001.0,808.0,8.0,382.0,326.0,12.0,12.0,2.0,10.0,0.0,0.0,0.0,2135.0
scna-int8,exp,direct,off,16,16,13,1753.0,998.0,808.0,8.0,385.0,326.0,12.0,12.0,2.0,10.0,0.0,0.0,0.0,2025.0
scna-int8,exp,direct,off,16,16,14,1756.0,1000.0,809.0,8.0,380.0,332.0,12.0,12.0,2.0,10.0,0.0,0.0,0.0,2116.0
scna-int8,exp,direct,off,16,16,15,1766.0,1000.0,810.0,8.0,387.0,334.0,12.0,12.0,3.0,10.0,0.0,0.0,0.0,2082.0
scna-int8,exp,direct,off,16,16,16,1750.0,1002.0,808.0,8.0,380.0,323.0,12.0,12.0,3.0,10.0,0.0,0.0,0.0,2154.0
scna-int8,exp,direct,off,16,16,17,1705.0,985.0,808.0,8.0,365.0,310.0,12.0,11.0,3.0,11.0,0.0,0.0,0.0,2003.0
scna-int8,exp,direct,off,16,16,18,1679.0,984.0,806.0,8.0,339.0,310.0,13.0,12.0,3.0,10.0,0.0,0.0,0.0,2011.0
scna-int8,exp,direct,off,16,16,19,1703.0,989.0,805.0,8.0,354.0,315.0,13.0,11.0,3.0,10.0,0.0,0.0,0.0,2026.0
scna-int8,exp,direct,off,16,32,0,2699.0,1965.0,1600.0,16.0,324.0,321.0,24.0,24.0,3.0,22.0,0.0,0.0,0.0,2988.0
scna-int8,exp,direct,off,16,32,1,2711.0,1967.0,1598.0,16.0,332.0,324.0,24.0,23.0,3.0,22.0,0.0,0.0,0.0,3088.0
scna-int8,exp,direct,off,16,32,2,2702.0,1960.0,1600.0,16.0,329.0,324.0,24.0,24.0,3.0,22.0,0.0,0.0,0.0,3084.0
scna-int8,exp,direct,off,16,32,3,2702.0,1969.0,1601.0,16.0,328.0,316.0,24.0,24.0,3.0,22.0,0.0,0.0,0.0,3063.0
scna-int8,exp,direct,off,16,32,4,2720.0,1969.0,1600.0,16.0,340.0,323.0,24.0,23.0,3.0,22.0,0.0,0.0,0.0,3026.0
scna-int8,exp,direct,off,16,32,5,2731.0,1975.0,1600.0,16.0,342.0,325.0,24.0,24.0,3.0,22.0,0.0,0.0,0.0,3066.0
scna-int8,exp,direct,off,16,32,6,2729.0,1975.0,1601.0,16.0,337.0,327.0,24.0,25.0,3.0,22.0,0.0,0.0,0.0,3036.0
scna-int8,exp,direct,off,16,32,7,2726.0,1973.0,1599.0,16.0,339.0,326.0,24.0,23.0,3.0,22.0,0.0,0.0,0.0,3041.0
scna-int8,exp,direct,off,16,32,8,2718.0,1974.0,1600.0,15.0,336.0,321.0,24.0,23.0,3.0,22.0,0.0,0.0,0.0,3048.0
scna-int8,exp,direct,off,16,32,9,2718.0,1970.0,1600.0,16.0,336.0,323.0,24.0,24.0,3.0,22.0,0.0,0.0,0.0,3034.0
scna-int8,exp,direct,off,16,32,10,2727.0,1972.0,1599.0,16.0,339.0,328.0,24.0,23.0,3.0,22.0,0.0,0.0,0.0,3053.0
scna-int8,exp,direct,off,16,32,11,2713.0,1972.0,1600.0,16.0,336.0,317.0,24.0,23.0,3.0,22.0,0.0,0.0,0.0,3087.0
scna-int8,exp,direct,off,16,32,12,2725.0,1971.0,1599.0,16.0,339.0,327.0,24.0,23.0,3.0,22.0,0.0,0.0,0.0,3052.0
scna-int8,exp,direct,off,16,32,13,2722.0,1972.0,1599.0,16.0,336.0,326.0,24.0,23.0,3.0,22.0,0.0,0.0,0.0,3039.0
scna-int8,exp,direct,off,16,32,14,2723.0,1970.0,1599.0,16.0,338.0,327.0,24.0,23.0,3.0,22.0,0.0,0.0,0.0,3060.0
scna-int8,exp,direct,off,16,32,15,2704.0,1968.0,1600.0,16.0,336.0,312.0,24.0,23.0,3.0,22.0,0.0,0.0,0.0,2993.0
scna-int8,exp,direct,off,16,32,16,2721.0,1970.0,1599.0,16.0,337.0,326.0,24.0,23.0,3.0,22.0,0.0,0.0,0.0,3050.0
scna-int8,exp,direct,off,16,32,17,2706.0,1964.0,1600.0,16.0,335.0,319.0,24.0,23.0,3.0,22.0,0.0,0.0,0.0,2991.0
scna-int8,exp,direct,off,16,32,18,2719.0,1974.0,1599.0,16.0,331.0,325.0,24.0,24.0,3.0,22.0,0.0,0.0,0.0,3034.0
scna-int8,exp,direct,off,16,32,19,2719.0,1973.0,1599.0,16.0,335.0,323.0,24.0,23.0,3.0,22.0,0.0,0.0,0.0,3012.0
scna-int8,exp,direct,off,32,4,0,864.0,339.0,298.0,2.0,266.0,244.0,4.0,5.0,2.0,2.0,0.0,0.0,0.0,1109.0
scna-int8,exp,direct,off,32,4,1,868.0,338.0,298.0,2.0,267.0,249.0,4.0,4.0,2.0,2.0,0.0,0.0,0.0,1204.0
scna-int8,exp,direct,off,32,4,2,866.0,341.0,298.0,2.0,266.0,245.0,4.0,4.0,2.0,2.0,0.0,0.0,0.0,1126.0
scna-int8,exp,direct,off,32,4,3,875.0,342.0,298.0,2.0,267.0,251.0,4.0,5.0,2.0,2.0,0.0,0.0,0.0,1127.0
scna-int8,exp,direct,off,32,4,4,871.0,340.0,297.0,2.0,270.0,246.0,4.0,4.0,2.0,3.0,0.0,0.0,0.0,1138.0
scna-int8,exp,direct,off,32,4,5,879.0,343.0,298.0,2.0,274.0,247.0,4.0,5.0,2.0,2.0,0.0,0.0,0.0,1208.0
scna-int8,exp,direct,off,32,4,6,871.0,339.0,297.0,2.0,274.0,243.0,4.0,5.0,2.0,2.0,0.0,0.0,0.0,1208.0
scna-int8,exp,direct,off,32,4,7,865.0,340.0,297.0,2.0,267.0,244.0,4.0,5.0,1.0,2.0,0.0,0.0,0.0,1205.0
scna-int8,exp,direct,off,32,4,8,866.0,342.0,297.0,2.0,267.0,242.0,4.0,5.0,2.0,2.0,0.0,0.0,0.0,1101.0
scna-int8,exp,direct,off,32,4,9,869.0,340.0,297.0,2.0,270.0,245.0,4.0,5.0,1.0,2.0,0.0,0.0,0.0,1205.0
scna-int8,exp,direct,off,32,4,10,874.0,342.0,298.0,2.0,276.0,242.0,4.0,5.0,1.0,2.0,0.0,0.0,0.0,1207.0
scna-int8,exp,direct,off,32,4,11,866.0,340.0,297.0,2.0,270.0,242.0,4.0,5.0,1.0,2.0,0.0,0.0,0.0,1206.0
scna-int8,exp,direct,off,32,4,12,866.0,341.0,297.0,2.0,267.0,244.0,4.0,5.0,1.0,2.0,0.0,0.0,0.0,1208.0
scna-int8,exp,direct,off,32,4,13,870.0,343.0,297.0,2.0,269.0,244.0,4.0,5.0,1.0,2.0,0.0,0.0,0.0,1204.0
scna-int8,exp,direct,off,32,4,14,871.0,341.0,297.0,2.0,272.0,244.0,4.0,5.0,1.0,2.0,0.0,0.0,0.0,1202.0
scna-int8,exp,direct,off,32,4,15,868.0,343.0,297.0,2.0,270.0,241.0,4.0,5.0,1.0,2.0,0.0,0.0,0.0,1200.0
scna-int8,exp,direct,off,32,4,16,867.0,342.0,297.0,2.0,265.0,245.0,4.0,5.0,2.0,2.0,0.0,0.0,0.0,1099.0
scna-int8,exp,direct,off,32,4,17,868.0,342.0,297.0,2.0,268.0,244.0,4.0,5.0,1.0,2.0,0.0,0.0,0.0,1204.0
scna-int8,exp,direct,off,32,4,18,870.0,342.0,298.0,2.0,267.0,246.0,4.0,5.0,2.0,2.0,0.0,0.0,0.0,1179.0
scna-int8,exp,direct,off,32,4,19,861.0,338.0,297.0,2.0,267.0,241.0,4.0,5.0,1.0,3.0,0.0,0.0,0.0,1095.0
scna-int8,exp,direct,off,32,8,0,1295.0,667.0,584.0,4.0,327.0,271.0,9.0,9.0,2.0,6.0,0.0,0.0,0.0,1560.0
scna-int8,exp,direct,off,32,8,1,1260.0,664.0,583.0,4.0,297.0,269.0,9.0,8.0,3.0,6.0,0.0,0.0,0.0,1514.0
scna-int8,exp,direct,off,32,8,2,1317.0,668.0,582.0,4.0,316.0,303.0,9.0,9.0,2.0,6.0,0.0,0.0,0.0,1619.0
scna-int8,exp,direct,off,32,8,3,1350.0,669.0,583.0,4.0,334.0,317.0,9.0,9.0,2.0,6.0,0.0,0.0,0.0,1623.0
scna-int8,exp,direct,off,32,8,4,1344.0,668.0,583.0,4.0,334.0,313.0,9.0,9.0,2.0,5.0,0.0,0.0,0.0,1627.0
scna-int8,exp,direct,off,32,8,5,1346.0,666.0,583.0,4.0,334.0,316.0,9.0,9.0,2.0,6.0,0.0,0.0,0.0,1625.0
scna-int8,exp,direct,off,32,8,6,1327.0,669.0,584.0,4.0,335.0,294.0,9.0,9.0,2.0,5.0,0.0,0.0,0.0,1612.0
scna-int8,exp,direct,off,32,8,7,1347.0,670.0,583.0,4.0,338.0,310.0,9.0,9.0,2.0,5.0,0.0,0.0,0.0,1614.0
scna-int8,exp,direct,off,32,8,8,1341.0,672.0,583.0,4.0,326.0,313.0,9.0,9.0,2.0,6.0,0.0,0.0,0.0,1693.0
scna-int8,exp,direct,off,32,8,9,1340.0,674.0,583.0,4.0,313.0,324.0,9.0,9.0,2.0,5.0,0.0,0.0,0.0,1583.0
scna-int8,exp,direct,off,32,8,10,1373.0,671.0,584.0,5.0,349.0,323.0,8.0,9.0,3.0,5.0,0.0,0.0,0.0,1672.0
scna-int8,exp,direct,off,32,8,11,1396.0,674.0,584.0,4.0,360.0,331.0,9.0,9.0,3.0,6.0,0.0,0.0,0.0,1748.0
scna-int8,exp,direct,off,32,8,12,1381.0,674.0,583.0,4.0,350.0,326.0,9.0,9.0,3.0,6.0,0.0,0.0,0.0,1679.0
scna-int8,exp,direct,off,32,8,13,1387.0,677.0,584.0,4.0,352.0,328.0,9.0,9.0,2.0,6.0,0.0,0.0,0.0,1638.0
scna-int8,exp,direct,off,32,8,14,1400.0,675.0,584.0,4.0,362.0,332.0,9.0,9.0,3.0,6.0,0.0,0.0,0.0,1714.0
scna-int8,exp,direct,off,32,8,15,1404.0,677.0,584.0,5.0,366.0,331.0,9.0,9.0,2.0,5.0,0.0,0.0,0.0,1734.0
scna-int8,exp,direct,off,32,8,16,1389.0,677.0,584.0,5.0,352.0,330.0,9.0,9.0,2.0,5.0,0.0,0.0,0.0,1736.0
scna-int8,exp,direct,off,32,8,17,1392.0,675.0,584.0,4.0,366.0,321.0,9.0,9.0,2.0,6.0,0.0,0.0,0.0,1744.0
scna-int8,exp,direct,off,32,8,18,1379.0,677.0,584.0,4.0,346.0,326.0,9.0,9.0,2.0,6.0,0.0,0.0,0.0,1708.0
scna-int8,exp,direct,off,32,8,19,1394.0,676.0,584.0,4.0,353.0,335.0,9.0,9.0,2.0,6.0,0.0,0.0,0.0,1736.0
scna-int8,exp,direct,off,32,16,0,2111.0,1342.0,1156.0,10.0,394.0,328.0,12.0,13.0,2.0,10.0,0.0,0.0,0.0,2379.0
scna-int8,exp,direct,off,32,16,1,2112.0,1339.0,1155.0,9.0,394.0,332.0,12.0,13.0,3.0,10.0,0.0,0.0,0.0,2393.0
scna-int8,exp,direct,off,32,16,2,2097.0,1336.0,1155.0,9.0,390.0,325.0,12.0,12.0,3.0,10.0,0.0,0.0,0.0,2369.0
scna-int8,exp,direct,off,32,16,3,2096.0,1337.0,1154.0,9.0,389.0,324.0,12.0,12.0,3.0,10.0,0.0,0.0,0.0,2397.0
scna-int8,exp,direct,off,32,16,4,2109.0,1340.0,1155.0,9.0,391.0,331.0,12.0,13.0,3.0,10.0,0.0,0.0,0.0,2400.0
scna-int8,exp,direct,off,32,16,5,2090.0,1335.0,1155.0,9.0,377.0,331.0,12.0,13.0,3.0,10.0,0.0,0.0,0.0,2407.0
scna-int8,exp,direct,off,32,16,6,2101.0,1340.0,1154.0,9.0,385.0,329.0,12.0,13.0,3.0,10.0,0.0,0.0,0.0,2371.0
scna-int8,exp,direct,off,32,16,7,2100.0,1337.0,1153.0,9.0,384.0,332.0,12.0,13.0,3.0,10.0,0.0,0.0,0.0,2372.0
scna-int8,exp,direct,off,32,16,8,2100.0,1338.0,1154.0,9.0,385.0,330.0,12.0,13.0,3.0,10.0,0.0,0.0,0.0,2390.0
scna-int8,exp,direct,off,32,16,9,2103.0,1336.0,1153.0,9.0,384.0,337.0,12.0,13.0,2.0,10.0,0.0,0.0,0.0,2417.0
scna-int8,exp,direct,off,32,16,10,2096.0,1337.0,1153.0,9.0,384.0,330.0,12.0,12.0,2.0,10.0,0.0,0.0,0.0,2406.0
scna-int8,exp,direct,off,32,16,11,2080.0,1336.0,1152.0,8.0,374.0,325.0,12.0,13.0,2.0,10.0,0.0,0.0,0.0,2441.0
scna-int8,exp,direct,off,32,16,12,2101.0,1336.0,1153.0,9.0,388.0,330.0,12.0,13.0,3.0,10.0,0.0,0.0,0.0,2389.0
scna-int8,exp,direct,off,32,16,13,2091.0,1340.0,1153.0,8.0,376.0,330.0,12.0,13.0,2.0,10.0,0.0,0.0,0.0,2418.0
scna-int8,exp,direct,off,32,16,14,2101.0,1340.0,1153.0,9.0,386.0,329.0,12.0,13.0,2.0,10.0,0.0,0.0,0.0,2397.0
scna-int8,exp,direct,off,32,16,15,2088.0,1338.0,1152.0,9.0,381.0,323.0,12.0,13.0,2.0,10.0,0.0,0.0,0.0,2341.0
scna-int8,exp,direct,off,32,16,16,2089.0,1337.0,1153.0,9.0,381.0,324.0,12.0,13.0,3.0,10.0,0.0,0.0,0.0,2404.0
scna-int8,exp,direct,off,32,16,17,2093.0,1340.0,1154.0,8.0,382.0,326.0,12.0,13.0,2.0,10.0,0.0,0.0,0.0,2387.0
scna-int8,exp,direct,off,32,16,18,2083.0,1333.0,1153.0,8.0,381.0,323.0,12.0,13.0,3.0,10.0,0.0,0.0,0.0,2414.0
scna-int8,exp,direct,off,32,16,19,2087.0,1343.0,1153.0,9.0,379.0,319.0,12.0,13.0,2.0,10.0,0.0,0.0,0.0,2379.0
scna-int8,exp,direct,off,32,32,0,3303.0,2658.0,2286.0,16.0,285.0,268.0,26.0,25.0,3.0,22.0,0.0,0.0,0.0,3610.0
scna-int8,exp,direct,off,32,32,1,3306.0,2658.0,2284.0,16.0,288.0,269.0,25.0,25.0,3.0,22.0,0.0,0.0,0.0,3647.0
scna-int8,exp,direct,off,32,32,2,3302.0,2654.0,2284.0,16.0,288.0,269.0,25.0,25.0,3.0,22.0,0.0,0.0,0.0,3629.0
scna-int8,exp,direct,off,32,32,3,3286.0,2641.0,2285.0,16.0,289.0,265.0,25.0,25.0,4.0,21.0,0.0,0.0,0.0,3616.0
scna-int8,exp,direct,off,32,32,4,3300.0,2656.0,2285.0,16.0,287.0,266.0,25.0,25.0,3.0,22.0,0.0,0.0,0.0,3634.0
scna-int8,exp,direct,off,32,32,5,3279.0,2643.0,2284.0,16.0,284.0,262.0,24.0,25.0,3.0,22.0,0.0,0.0,0.0,3688.0
scna-int8,exp,direct,off,32,32,6,3285.0,2646.0,2286.0,16.0,284.0,264.0,25.0,25.0,3.0,22.0,0.0,0.0,0.0,3590.0
scna-int8,exp,direct,off,32,32,7,3284.0,2650.0,2286.0,16.0,280.0,263.0,25.0,25.0,3.0,22.0,0.0,0.0,0.0,3603.0
scna-int8,exp,direct,off,32,32,8,3288.0,2651.0,2284.0,16.0,282.0,264.0,25.0,25.0,3.0,22.0,0.0,0.0,0.0,3610.0
scna-int8,exp,direct,off,32,32,9,3285.0,2647.0,2284.0,16.0,284.0,264.0,24.0,25.0,3.0,22.0,0.0,0.0,0.0,3568.0
scna-int8,exp,direct,off,32,32,10,3289.0,2651.0,2285.0,16.0,282.0,265.0,25.0,25.0,3.0,22.0,0.0,0.0,0.0,3571.0
scna-int8,exp,direct,off,32,32,11,3283.0,2652.0,2285.0,15.0,277.0,265.0,24.0,25.0,3.0,22.0,0.0,0.0,0.0,3575.0
scna-int8,exp,direct,off,32,32,12,3251.0,2624.0,2284.0,15.0,277.0,262.0,24.0,24.0,3.0,22.0,0.0,0.0,0.0,3592.0
scna-int8,exp,direct,off,32,32,13,3300.0,2656.0,2286.0,16.0,290.0,264.0,25.0,24.0,3.0,22.0,0.0,0.0,0.0,3643.0
scna-int8,exp,direct,off,32,32,14,3298.0,2655.0,2285.0,16.0,290.0,263.0,25.0,24.0,3.0,22.0,0.0,0.0,0.0,3660.0
scna-int8,exp,direct,off,32,32,15,3292.0,2656.0,2285.0,16.0,285.0,262.0,24.0,24.0,3.0,22.0,0.0,0.0,0.0,3589.0
scna-int8,exp,direct,off,32,32,16,3288.0,2653.0,2284.0,16.0,283.0,262.0,25.0,24.0,3.0,22.0,0.0,0.0,0.0,3688.0
scna-int8,exp,direct,off,32,32,17,3288.0,2650.0,2284.0,15.0,285.0,264.0,25.0,24.0,3.0,22.0,0.0,0.0,0.0,3595.0
scna-int8,exp,direct,off,32,32,18,3288.0,2652.0,2284.0,15.0,285.0,262.0,25.0,24.0,3.0,22.0,0.0,0.0,0.0,3656.0
scna-int8,exp,direct,off,32,32,19,3285.0,2650.0,2285.0,16.0,280.0,266.0,24.0,24.0,3.0,22.0,0.0,0.0,0.0,3635.0
scna-int8,exp,direct,on,8,4,0,462.0,200.0,158.0,1.0,136.0,118.0,3.0,0.0,0.0,4.0,9.0,46.0,193.0,673.0
scna-int8,exp,direct,on,8,4,1,464.0,201.0,159.0,2.0,136.0,118.0,3.0,0.0,0.0,4.0,9.0,45.0,192.0,671.0
scna-int8,exp,direct,on,8,4,2,466.0,201.0,158.0,1.0,136.0,121.0,3.0,0.0,0.0,4.0,8.0,50.0,193.0,737.0
scna-int8,exp,direct,on,8,4,3,466.0,200.0,159.0,1.0,137.0,121.0,3.0,0.0,0.0,4.0,9.0,49.0,193.0,741.0
scna-int8,exp,direct,on,8,4,4,466.0,200.0,158.0,1.0,136.0,122.0,3.0,0.0,0.0,4.0,10.0,49.0,192.0,643.0
scna-int8,exp,direct,on,8,4,5,462.0,199.0,158.0,1.0,136.0,119.0,3.0,0.0,0.0,4.0,9.0,46.0,192.0,626.0
scna-int8,exp,direct,on,8,4,6,466.0,202.0,158.0,1.0,136.0,120.0,3.0,0.0,0.0,4.0,9.0,47.0,193.0,652.0
scna-int8,exp,direct,on,8,4,7,468.0,200.0,158.0,1.0,136.0,124.0,3.0,0.0,0.0,4.0,9.0,51.0,192.0,635.0
scna-int8,exp,direct,on,8,4,8,463.0,202.0,159.0,1.0,136.0,117.0,3.0,0.0,0.0,4.0,8.0,44.0,193.0,655.0
scna-int8,exp,direct,on,8,4,9,464.0,200.0,158.0,1.0,136.0,120.0,3.0,0.0,0.0,4.0,10.0,49.0,192.0,865.0
scna-int8,exp,direct,on,8,4,10,463.0,200.0,158.0,1.0,137.0,118.0,3.0,0.0,0.0,4.0,9.0,47.0,192.0,744.0
scna-int8,exp,direct,on,8,4,11,464.0,200.0,158.0,1.0,136.0,120.0,3.0,0.0,0.0,4.0,9.0,47.0,192.0,654.0
scna-int8,exp,direct,on,8,4,12,462.0,199.0,158.0,1.0,136.0,119.0,3.0,0.0,0.0,4.0,8.0,48.0,192.0,634.0
scna-int8,exp,direct,on,8,4,13,463.0,201.0,158.0,1.0,136.0,118.0,3.0,0.0,0.0,4.0,10.0,46.0,193.0,743.0
scna-int8,exp,direct,on,8,4,14,462.0,201.0,158.0,1.0,134.0,119.0,3.0,0.0,0.0,4.0,10.0,45.0,192.0,654.0
scna-int8,exp,direct,on,8,4,15,465.0,201.0,158.0,1.0,135.0,121.0,3.0,0.0,0.0,4.0,8.0,47.0,192.0,744.0
scna-int8,exp,direct,on,8,4,16,461.0,200.0,158.0,1.0,135.0,118.0,3.0,0.0,0.0,4.0,8.0,44.0,194.0,656.0
scna-int8,exp,direct,on,8,4,17,463.0,200.0,158.0,1.0,134.0,121.0,3.0,0.0,0.0,4.0,8.0,48.0,192.0,743.0
scna-int8,exp,direct,on,8,4,18,461.0,200.0,158.0,1.0,135.0,118.0,3.0,0.0,0.0,4.0,8.0,46.0,192.0,647.0
scna-int8,exp,direct,on,8,4,19,460.0,200.0,158.0,1.0,136.0,117.0,3.0,0.0,0.0,3.0,8.0,44.0,192.0,742.0
scna-int8,exp,direct,on,8,8,0,688.0,398.0,315.0,4.0,134.0,137.0,6.0,4.0,1.0,4.0,9.0,62.0,192.0,955.0
scna-int8,exp,direct,on,8,8,1,686.0,397.0,315.0,3.0,133.0,136.0,7.0,4.0,2.0,4.0,9.0,61.0,192.0,963.0
scna-int8,exp,direct,on,8,8,2,678.0,395.0,315.0,3.0,132.0,132.0,6.0,4.0,2.0,4.0,9.0,56.0,192.0,957.0
scna-int8,exp,direct,on,8,8,3,685.0,397.0,315.0,3.0,132.0,136.0,7.0,4.0,2.0,4.0,8.0,61.0,193.0,947.0
scna-int8,exp,direct,on,8,8,4,686.0,395.0,315.0,4.0,135.0,136.0,6.0,4.0,2.0,4.0,10.0,63.0,192.0,952.0
scna-int8,exp,direct,on,8,8,5,688.0,399.0,315.0,4.0,132.0,136.0,7.0,4.0,2.0,4.0,8.0,60.0,192.0,953.0
scna-int8,exp,direct,on,8,8,6,682.0,395.0,315.0,4.0,133.0,134.0,6.0,4.0,2.0,4.0,9.0,58.0,192.0,966.0
scna-int8,exp,direct,on,8,8,7,681.0,400.0,314.0,4.0,132.0,128.0,7.0,4.0,2.0,4.0,9.0,52.0,193.0,956.0
scna-int8,exp,direct,on,8,8,8,682.0,394.0,314.0,4.0,135.0,133.0,6.0,4.0,2.0,4.0,10.0,60.0,192.0,955.0
scna-int8,exp,direct,on,8,8,9,685.0,397.0,314.0,4.0,133.0,134.0,7.0,4.0,2.0,4.0,9.0,59.0,192.0,951.0
scna-int8,exp,direct,on,8,8,10,675.0,395.0,315.0,3.0,133.0,128.0,6.0,4.0,2.0,4.0,9.0,53.0,192.0,953.0
scna-int8,exp,direct,on,8,8,11,687.0,398.0,315.0,4.0,133.0,135.0,7.0,4.0,2.0,4.0,8.0,60.0,192.0,953.0
scna-int8,exp,direct,on,8,8,12,684.0,393.0,315.0,4.0,135.0,136.0,6.0,4.0,2.0,4.0,9.0,62.0,192.0,949.0
scna-int8,exp,direct,on,8,8,13,780.0,415.0,320.0,4.0,166.0,178.0,7.0,4.0,2.0,4.0,8.0,136.0,192.0,1002.0
scna-int8,exp,direct,on,8,8,14,767.0,413.0,320.0,4.0,162.0,172.0,6.0,4.0,2.0,4.0,8.0,125.0,192.0,1052.0
scna-int8,exp,direct,on,8,8,15,771.0,413.0,320.0,4.0,161.0,176.0,7.0,4.0,2.0,4.0,9.0,130.0,192.0,1065.0
scna-int8,exp,direct,on,8,8,16,766.0,412.0,320.0,3.0,161.0,174.0,6.0,4.0,2.0,4.0,8.0,127.0,192.0,949.0
scna-int8,exp,direct,on,8,8,17,772.0,414.0,319.0,4.0,161.0,176.0,7.0,4.0,2.0,4.0,10.0,128.0,192.0,1069.0
scna-int8,exp,direct,on,8,8,18,770.0,412.0,320.0,4.0,161.0,177.0,6.0,4.0,2.0,4.0,9.0,130.0,192.0,1070.0
scna-int8,exp,direct,on,8,8,19,768.0,415.0,319.0,4.0,160.0,172.0,7.0,4.0,2.0,4.0,10.0,126.0,192.0,960.0
scna-int8,exp,direct,on,8,16,0,1038.0,771.0,625.0,7.0,131.0,96.0,12.0,9.0,2.0,10.0,9.0,18.0,193.0,1343.0
scna-int8,exp,direct,on,8,16,1,1040.0,771.0,624.0,7.0,131.0,98.0,12.0,9.0,2.0,10.0,8.0,18.0,194.0,1322.0
scna-int8,exp,direct,on,8,16,2,1040.0,773.0,626.0,7.0,131.0,97.0,11.0,9.0,2.0,10.0,8.0,18.0,194.0,1351.0
scna-int8,exp,direct,on,8,16,3,1045.0,778.0,626.0,7.0,131.0,97.0,11.0,9.0,2.0,10.0,10.0,18.0,194.0,1262.0
scna-int8,exp,direct,on,8,16,4,1039.0,770.0,624.0,7.0,131.0,98.0,12.0,9.0,2.0,10.0,10.0,20.0,192.0,1288.0
scna-int8,exp,direct,on,8,16,5,1034.0,767.0,625.0,7.0,131.0,98.0,10.0,9.0,2.0,10.0,10.0,18.0,192.0,1267.0
scna-int8,exp,direct,on,8,16,6,1040.0,773.0,625.0,7.0,131.0,97.0,11.0,9.0,2.0,10.0,9.0,18.0,193.0,1259.0
scna-int8,exp,direct,on,8,16,7,1047.0,777.0,625.0,8.0,132.0,97.0,12.0,8.0,3.0,10.0,9.0,18.0,194.0,1262.0
scna-int8,exp,direct,on,8,16,8,1045.0,775.0,625.0,8.0,132.0,97.0,11.0,9.0,3.0,10.0,9.0,18.0,194.0,1372.0
scna-int8,exp,direct,on,8,16,9,1042.0,774.0,624.0,8.0,131.0,97.0,11.0,9.0,2.0,10.0,10.0,17.0,193.0,1264.0
scna-int8,exp,direct,on,8,16,10,1056.0,786.0,625.0,8.0,132.0,97.0,11.0,10.0,2.0,10.0,9.0,18.0,194.0,1374.0
scna-int8,exp,direct,on,8,16,11,1050.0,779.0,625.0,8.0,132.0,98.0,11.0,10.0,2.0,10.0,10.0,19.0,193.0,1372.0
scna-int8,exp,direct,on,8,16,12,1051.0,782.0,625.0,7.0,132.0,98.0,11.0,9.0,2.0,10.0,10.0,18.0,193.0,1269.0
scna-int8,exp,direct,on,8,16,13,1049.0,780.0,625.0,8.0,132.0,96.0,11.0,10.0,2.0,10.0,8.0,19.0,193.0,1372.0
scna-int8,exp,direct,on,8,16,14,1049.0,780.0,626.0,8.0,132.0,97.0,11.0,9.0,2.0,10.0,9.0,18.0,194.0,1325.0
scna-int8,exp,direct,on,8,16,15,1040.0,773.0,624.0,7.0,132.0,96.0,11.0,9.0,2.0,10.0,10.0,19.0,193.0,1313.0
scna-int8,exp,direct,on,8,16,16,1052.0,779.0,625.0,8.0,133.0,99.0,11.0,10.0,2.0,10.0,9.0,21.0,194.0,1400.0
scna-int8,exp,direct,on,8,16,17,1047.0,778.0,625.0,8.0,132.0,97.0,10.0,10.0,2.0,10.0,10.0,18.0,193.0,1371.0
scna-int8,exp,direct,on,8,16,18,1045.0,776.0,625.0,8.0,132.0,97.0,11.0,9.0,2.0,10.0,9.0,19.0,193.0,1324.0
scna-int8,exp,direct,on,8,16,19,1047.0,777.0,624.0,8.0,132.0,97.0,11.0,10.0,2.0,10.0,9.0,20.0,192.0,1349.0
scna-int8,exp,direct,on,8,32,0,1863.0,1551.0,1248.0,14.0,131.0,97.0,23.0,21.0,5.0,21.0,10.0,19.0,193.0,2144.0
scna-int8,exp,direct,on,8,32,1,1898.0,1586.0,1248.0,15.0,131.0,96.0,23.0,22.0,4.0,21.0,10.0,18.0,193.0,2217.0
scna-int8,exp,direct,on,8,32,2,1894.0,1580.0,1248.0,16.0,131.0,97.0,23.0,21.0,5.0,21.0,10.0,16.0,194.0,2185.0
scna-int8,exp,direct,on,8,32,3,1887.0,1573.0,1247.0,16.0,131.0,97.0,24.0,21.0,4.0,21.0,9.0,18.0,193.0,2186.0
scna-int8,exp,direct,on,8,32,4,1884.0,1572.0,1247.0,15.0,131.0,97.0,23.0,21.0,4.0,21.0,9.0,17.0,194.0,2184.0
scna-int8,exp,direct,on,8,32,5,1883.0,1569.0,1247.0,16.0,131.0,98.0,23.0,22.0,4.0,20.0,8.0,18.0,194.0,2183.0
scna-int8,exp,direct,on,8,32,6,1881.0,1570.0,1248.0,16.0,131.0,97.0,22.0,21.0,4.0,20.0,10.0,18.0,192.0,2182.0
scna-int8,exp,direct,on,8,32,7,1883.0,1570.0,1247.0,16.0,131.0,97.0,24.0,21.0,4.0,20.0,9.0,18.0,192.0,2184.0
scna-int8,exp,direct,on,8,32,8,1878.0,1567.0,1248.0,16.0,131.0,97.0,22.0,21.0,4.0,20.0,9.0,18.0,194.0,2210.0
scna-int8,exp,direct,on,8,32,9,1873.0,1560.0,1247.0,15.0,132.0,98.0,23.0,21.0,4.0,20.0,10.0,20.0,193.0,2184.0
scna-int8,exp,direct,on,8,32,10,1891.0,1577.0,1248.0,16.0,131.0,98.0,24.0,21.0,4.0,20.0,9.0,18.0,193.0,2244.0
scna-int8,exp,direct,on,8,32,11,1888.0,1575.0,1246.0,15.0,132.0,97.0,24.0,21.0,4.0,20.0,9.0,19.0,194.0,2251.0
scna-int8,exp,direct,on,8,32,12,1881.0,1568.0,1247.0,16.0,132.0,97.0,23.0,21.0,4.0,20.0,10.0,19.0,193.0,2228.0
scna-int8,exp,direct,on,8,32,13,1878.0,1565.0,1247.0,16.0,132.0,97.0,23.0,21.0,4.0,20.0,9.0,19.0,192.0,2135.0
scna-int8,exp,direct,on,8,32,14,1882.0,1568.0,1247.0,16.0,131.0,99.0,23.0,21.0,4.0,20.0,9.0,20.0,192.0,2252.0
scna-int8,exp,direct,on,8,32,15,1879.0,1566.0,1248.0,16.0,131.0,97.0,24.0,21.0,4.0,20.0,10.0,19.0,193.0,2173.0
scna-int8,exp,direct,on,8,32,16,1881.0,1567.0,1247.0,16.0,132.0,97.0,24.0,21.0,4.0,20.0,9.0,18.0,193.0,2246.0
scna-int8,exp,direct,on,8,32,17,1877.0,1564.0,1248.0,16.0,131.0,97.0,23.0,22.0,4.0,20.0,10.0,18.0,193.0,2246.0
scna-int8,exp,direct,on,8,32,18,1882.0,1570.0,1248.0,16.0,131.0,97.0,23.0,21.0,4.0,20.0,9.0,18.0,193.0,2239.0
scna-int8,exp,direct,on,8,32,19,1887.0,1575.0,1248.0,16.0,131.0,97.0,23.0,21.0,4.0,20.0,10.0,17.0,193.0,2247.0
scna-int8,exp,direct,on,16,4,0,478.0,240.0,200.0,2.0,130.0,100.0,3.0,0.0,1.0,2.0,9.0,21.0,193.0,669.0
scna-int8,exp,direct,on,16,4,1,478.0,239.0,201.0,2.0,130.0,101.0,3.0,0.0,1.0,2.0,9.0,21.0,193.0,660.0
scna-int8,exp,direct,on,16,4,2,478.0,240.0,200.0,2.0,130.0,100.0,3.0,0.0,1.0,2.0,8.0,21.0,193.0,658.0
scna-int8,exp,direct,on,16,4,3,480.0,239.0,200.0,2.0,130.0,103.0,3.0,0.0,1.0,2.0,8.0,23.0,194.0,666.0
scna-int8,exp,direct,on,16,4,4,483.0,242.0,201.0,2.0,130.0,103.0,3.0,0.0,1.0,2.0,9.0,25.0,193.0,679.0
scna-int8,exp,direct,on,16,4,5,480.0,241.0,200.0,2.0,130.0,101.0,3.0,0.0,1.0,2.0,8.0,22.0,193.0,658.0
scna-int8,exp,direct,on,16,4,6,481.0,240.0,200.0,2.0,130.0,103.0,3.0,0.0,1.0,2.0,9.0,25.0,194.0,664.0
scna-int8,exp,direct,on,16,4,7,483.0,241.0,201.0,2.0,130.0,104.0,3.0,0.0,1.0,2.0,8.0,25.0,194.0,666.0
scna-int8,exp,direct,on,16,4,8,482.0,240.0,200.0,2.0,130.0,104.0,3.0,0.0,1.0,2.0,8.0,24.0,194.0,670.0
scna-int8,exp,direct,on,16,4,9,479.0,240.0,201.0,2.0,130.0,101.0,3.0,0.0,1.0,2.0,8.0,22.0,193.0,657.0
scna-int8,exp,direct,on,16,4,10,483.0,240.0,200.0,2.0,130.0,105.0,3.0,0.0,1.0,2.0,8.0,25.0,193.0,664.0
scna-int8,exp,direct,on,16,4,11,480.0,241.0,201.0,2.0,130.0,101.0,3.0,0.0,1.0,2.0,9.0,22.0,194.0,723.0
scna-int8,exp,direct,on,16,4,12,480.0,240.0,200.0,2.0,131.0,101.0,3.0,0.0,1.0,2.0,9.0,23.0,194.0,669.0
scna-int8,exp,direct,on,16,4,13,485.0,242.0,201.0,2.0,131.0,104.0,3.0,0.0,1.0,2.0,8.0,25.0,194.0,668.0
scna-int8,exp,direct,on,16,4,14,483.0,240.0,200.0,2.0,131.0,104.0,3.0,0.0,1.0,2.0,9.0,24.0,194.0,665.0
scna-int8,exp,direct,on,16,4,15,517.0,245.0,201.0,2.0,137.0,127.0,3.0,0.0,1.0,2.0,8.0,56.0,192.0,705.0
scna-int8,exp,direct,on,16,4,16,518.0,246.0,201.0,2.0,138.0,126.0,3.0,0.0,1.0,2.0,9.0,55.0,194.0,767.0
scna-int8,exp,direct,on,16,4,17,514.0,243.0,201.0,2.0,138.0,126.0,2.0,0.0,1.0,2.0,8.0,56.0,193.0,755.0
scna-int8,exp,direct,on,16,4,18,513.0,244.0,201.0,2.0,137.0,124.0,3.0,0.0,1.0,2.0,9.0,53.0,192.0,786.0
scna-int8,exp,direct,on,16,4,19,515.0,244.0,202.0,2.0,140.0,124.0,2.0,0.0,1.0,2.0,8.0,55.0,194.0,754.0
scna-int8,exp,direct,on,16,8,0,727.0,476.0,398.0,4.0,131.0,99.0,6.0,4.0,2.0,5.0,8.0,21.0,193.0,984.0
scna-int8,exp,direct,on,16,8,1,729.0,478.0,399.0,4.0,130.0,99.0,7.0,4.0,2.0,5.0,8.0,21.0,192.0,985.0
scna-int8,exp,direct,on,16,8,2,728.0,478.0,398.0,3.0,130.0,99.0,7.0,4.0,2.0,5.0,9.0,20.0,193.0,985.0
scna-int8,exp,direct,on,16,8,3,727.0,478.0,398.0,3.0,130.0,99.0,6.0,4.0,2.0,5.0,9.0,20.0,194.0,983.0
scna-int8,exp,direct,on,16,8,4,725.0,475.0,398.0,3.0,130.0,99.0,7.0,4.0,2.0,5.0,9.0,20.0,192.0,984.0
scna-int8,exp,direct,on,16,8,5,726.0,476.0,398.0,4.0,131.0,98.0,7.0,4.0,2.0,4.0,9.0,19.0,194.0,927.0
scna-int8,exp,direct,on,16,8,6,722.0,474.0,398.0,4.0,130.0,98.0,6.0,4.0,2.0,4.0,9.0,19.0,194.0,914.0
scna-int8,exp,direct,on,16,8,7,725.0,474.0,398.0,4.0,131.0,99.0,7.0,4.0,2.0,4.0,9.0,21.0,193.0,1025.0
scna-int8,exp,direct,on,16,8,8,726.0,476.0,398.0,4.0,131.0,97.0,7.0,4.0,3.0,4.0,9.0,17.0,193.0,978.0
scna-int8,exp,direct,on,16,8,9,725.0,476.0,398.0,4.0,131.0,97.0,6.0,4.0,3.0,4.0,8.0,18.0,194.0,983.0
scna-int8,exp,direct,on,16,8,10,727.0,476.0,398.0,4.0,131.0,97.0,7.0,4.0,3.0,5.0,9.0,19.0,193.0,985.0
scna-int8,exp,direct,on,16,8,11,727.0,477.0,399.0,4.0,131.0,96.0,7.0,4.0,3.0,5.0,8.0,19.0,193.0,965.0
scna-int8,exp,direct,on,16,8,12,729.0,478.0,398.0,4.0,132.0,97.0,6.0,4.0,3.0,5.0,8.0,19.0,193.0,961.0
scna-int8,exp,direct,on,16,8,13,725.0,476.0,399.0,4.0,130.0,97.0,7.0,4.0,3.0,4.0,8.0,19.0,194.0,983.0
scna-int8,exp,direct,on,16,8,14,728.0,476.0,398.0,4.0,131.0,98.0,7.0,4.0,3.0,5.0,9.0,19.0,194.0,955.0
scna-int8,exp,direct,on,16,8,15,727.0,478.0,399.0,4.0,131.0,96.0,6.0,4.0,3.0,5.0,8.0,18.0,194.0,953.0
scna-int8,exp,direct,on,16,8,16,726.0,476.0,398.0,4.0,131.0,96.0,7.0,4.0,3.0,5.0,9.0,18.0,193.0,967.0
scna-int8,exp,direct,on,16,8,17,725.0,475.0,399.0,3.0,130.0,98.0,7.0,4.0,3.0,5.0,8.0,19.0,193.0,962.0
scna-int8,exp,direct,on,16,8,18,724.0,476.0,398.0,4.0,130.0,96.0,6.0,4.0,3.0,5.0,9.0,18.0,194.0,962.0
scna-int8,exp,direct,on,16,8,19,726.0,475.0,398.0,4.0,131.0,97.0,7.0,4.0,3.0,5.0,8.0,18.0,194.0,960.0
scna-int8,exp,direct,on,16,16,0,1207.0,940.0,798.0,7.0,131.0,97.0,11.0,9.0,2.0,10.0,10.0,18.0,193.0,1431.0
scna-int8,exp,direct,on,16,16,1,1207.0,940.0,798.0,7.0,131.0,97.0,11.0,9.0,2.0,10.0,9.0,18.0,194.0,1438.0
scna-int8,exp,direct,on,16,16,2,1208.0,941.0,798.0,7.0,131.0,97.0,11.0,9.0,2.0,10.0,8.0,18.0,194.0,1453.0
scna-int8,exp,direct,on,16,16,3,1218.0,950.0,798.0,8.0,131.0,98.0,10.0,9.0,2.0,10.0,9.0,19.0,194.0,1533.0
scna-int8,exp,direct,on,16,16,4,1222.0,951.0,798.0,8.0,132.0,96.0,12.0,11.0,2.0,10.0,9.0,18.0,193.0,1543.0
scna-int8,exp,direct,on,16,16,5,1221.0,951.0,798.0,9.0,131.0,96.0,11.0,11.0,2.0,10.0,9.0,18.0,194.0,1535.0
scna-int8,exp,direct,on,16,16,6,1219.0,951.0,797.0,8.0,131.0,97.0,11.0,9.0,2.0,10.0,9.0,18.0,193.0,1531.0
scna-int8,exp,direct,on,16,16,7,1219.0,950.0,798.0,8.0,131.0,97.0,11.0,10.0,2.0,10.0,10.0,18.0,194.0,1539.0
scna-int8,exp,direct,on,16,16,8,1216.0,949.0,797.0,8.0,131.0,96.0,11.0,9.0,2.0,10.0,10.0,17.0,193.0,1537.0
scna-int8,exp,direct,on,16,16,9,1221.0,951.0,799.0,8.0,131.0,97.0,11.0,11.0,2.0,10.0,10.0,18.0,194.0,1531.0
scna-int8,exp,direct,on,16,16,10,1218.0,949.0,797.0,8.0,131.0,96.0,12.0,10.0,2.0,10.0,9.0,17.0,193.0,1537.0
scna-int8,exp,direct,on,16,16,11,1217.0,948.0,798.0,8.0,131.0,97.0,11.0,10.0,2.0,10.0,9.0,18.0,193.0,1532.0
scna-int8,exp,direct,on,16,16,12,1217.0,948.0,799.0,8.0,131.0,97.0,11.0,10.0,2.0,10.0,10.0,18.0,193.0,1492.0
scna-int8,exp,direct,on,16,16,13,1215.0,946.0,798.0,8.0,131.0,98.0,10.0,10.0,2.0,10.0,8.0,19.0,193.0,1494.0
scna-int8,exp,direct,on,16,16,14,1221.0,950.0,798.0,8.0,132.0,97.0,11.0,11.0,2.0,10.0,9.0,18.0,193.0,1540.0
scna-int8,exp,direct,on,16,16,15,1216.0,949.0,798.0,8.0,131.0,96.0,11.0,9.0,2.0,10.0,8.0,17.0,193.0,1482.0
scna-int8,exp,direct,on,16,16,16,1213.0,946.0,799.0,8.0,131.0,96.0,11.0,9.0,2.0,10.0,10.0,18.0,194.0,1535.0
scna-int8,exp,direct,on,16,16,17,1216.0,947.0,798.0,7.0,131.0,97.0,12.0,10.0,2.0,10.0,9.0,17.0,193.0,1511.0
scna-int8,exp,direct,on,16,16,18,1217.0,947.0,798.0,8.0,131.0,97.0,12.0,10.0,2.0,10.0,8.0,17.0,194.0,1521.0
scna-int8,exp,direct,on,16,16,19,1214.0,947.0,798.0,8.0,131.0,96.0,11.0,9.0,2.0,10.0,9.0,18.0,194.0,1493.0
scna-int8,exp,direct,on,16,32,0,2204.0,1892.0,1591.0,14.0,132.0,96.0,24.0,22.0,4.0,20.0,10.0,18.0,193.0,2470.0
scna-int8,exp,direct,on,16,32,1,2199.0,1889.0,1591.0,14.0,131.0,96.0,23.0,22.0,4.0,20.0,9.0,17.0,194.0,2551.0
scna-int8,exp,direct,on,16,32,2,2201.0,1889.0,1591.0,14.0,131.0,97.0,24.0,22.0,4.0,20.0,9.0,17.0,193.0,2512.0
scna-int8,exp,direct,on,16,32,3,2216.0,1902.0,1591.0,14.0,132.0,97.0,24.0,22.0,4.0,21.0,10.0,19.0,193.0,2461.0
scna-int8,exp,direct,on,16,32,4,2215.0,1901.0,1591.0,14.0,132.0,97.0,24.0,22.0,4.0,21.0,9.0,19.0,192.0,2552.0
scna-int8,exp,direct,on,16,32,5,2210.0,1895.0,1591.0,14.0,132.0,98.0,24.0,22.0,4.0,21.0,9.0,20.0,193.0,2529.0
scna-int8,exp,direct,on,16,32,6,2209.0,1896.0,1591.0,14.0,131.0,98.0,23.0,22.0,4.0,21.0,9.0,18.0,193.0,2523.0
scna-int8,exp,direct,on,16,32,7,2205.0,1893.0,1590.0,14.0,131.0,96.0,24.0,22.0,4.0,21.0,10.0,18.0,193.0,2524.0
scna-int8,exp,direct,on,16,32,8,2207.0,1895.0,1591.0,14.0,131.0,96.0,24.0,22.0,4.0,21.0,9.0,18.0,193.0,2484.0
scna-int8,exp,direct,on,16,32,9,2203.0,1891.0,1592.0,14.0,131.0,96.0,24.0,22.0,4.0,21.0,9.0,18.0,193.0,2547.0
scna-int8,exp,direct,on,16,32,10,2211.0,1897.0,1591.0,14.0,131.0,98.0,24.0,22.0,4.0,21.0,10.0,19.0,193.0,2544.0
scna-int8,exp,direct,on,16,32,11,2209.0,1894.0,1591.0,14.0,132.0,98.0,24.0,22.0,4.0,21.0,10.0,18.0,194.0,2526.0
scna-int8,exp,direct,on,16,32,12,2204.0,1891.0,1590.0,14.0,131.0,97.0,24.0,22.0,4.0,21.0,9.0,18.0,193.0,2492.0
scna-int8,exp,direct,on,16,32,13,2207.0,1893.0,1591.0,14.0,132.0,97.0,24.0,22.0,4.0,21.0,9.0,20.0,194.0,2518.0
scna-int8,exp,direct,on,16,32,14,2203.0,1891.0,1590.0,14.0,131.0,97.0,24.0,21.0,4.0,21.0,9.0,19.0,193.0,2465.0
scna-int8,exp,direct,on,16,32,15,2204.0,1892.0,1590.0,14.0,131.0,97.0,23.0,22.0,4.0,21.0,10.0,20.0,191.0,2500.0
scna-int8,exp,direct,on,16,32,16,2206.0,1893.0,1590.0,15.0,131.0,97.0,23.0,22.0,4.0,21.0,9.0,19.0,193.0,2523.0
scna-int8,exp,direct,on,16,32,17,2204.0,1891.0,1590.0,14.0,131.0,98.0,23.0,22.0,4.0,21.0,10.0,19.0,193.0,2537.0
scna-int8,exp,direct,on,16,32,18,2207.0,1893.0,1590.0,15.0,131.0,97.0,24.0,22.0,4.0,21.0,9.0,18.0,192.0,2510.0
scna-int8,exp,direct,on,16,32,19,2205.0,1892.0,1590.0,14.0,132.0,97.0,23.0,22.0,4.0,21.0,10.0,19.0,193.0,2536.0
scna-int8,exp,direct,on,32,4,0,562.0,326.0,287.0,1.0,130.0,99.0,3.0,0.0,1.0,2.0,10.0,20.0,193.0,777.0
scna-int8,exp,direct,on,32,4,1,562.0,325.0,287.0,2.0,130.0,99.0,3.0,0.0,1.0,2.0,10.0,19.0,194.0,759.0
scna-int8,exp,direct,on,32,4,2,561.0,327.0,287.0,2.0,130.0,96.0,3.0,0.0,1.0,2.0,10.0,16.0,193.0,759.0
scna-int8,exp,direct,on,32,4,3,564.0,328.0,287.0,2.0,130.0,97.0,3.0,0.0,1.0,3.0,10.0,17.0,194.0,792.0
scna-int8,exp,direct,on,32,4,4,568.0,330.0,287.0,2.0,130.0,98.0,3.0,1.0,2.0,2.0,8.0,18.0,193.0,768.0
scna-int8,exp,direct,on,32,4,5,562.0,326.0,287.0,2.0,130.0,97.0,3.0,0.0,1.0,3.0,8.0,17.0,193.0,768.0
scna-int8,exp,direct,on,32,4,6,562.0,327.0,287.0,2.0,130.0,96.0,3.0,0.0,2.0,2.0,8.0,18.0,192.0,801.0
scna-int8,exp,direct,on,32,4,7,564.0,329.0,287.0,2.0,130.0,96.0,3.0,0.0,1.0,3.0,8.0,18.0,193.0,784.0
scna-int8,exp,direct,on,32,4,8,561.0,328.0,287.0,2.0,130.0,95.0,3.0,0.0,1.0,2.0,8.0,17.0,193.0,773.0
scna-int8,exp,direct,on,32,4,9,561.0,327.0,287.0,2.0,130.0,96.0,3.0,0.0,1.0,2.0,8.0,18.0,193.0,770.0
scna-int8,exp,direct,on,32,4,10,562.0,328.0,286.0,2.0,130.0,96.0,3.0,0.0,1.0,2.0,10.0,16.0,194.0,771.0
scna-int8,exp,direct,on,32,4,11,562.0,328.0,287.0,2.0,130.0,96.0,3.0,0.0,1.0,2.0,9.0,17.0,193.0,772.0
scna-int8,exp,direct,on,32,4,12,561.0,328.0,287.0,2.0,130.0,95.0,3.0,0.0,1.0,2.0,8.0,16.0,193.0,771.0
scna-int8,exp,direct,on,32,4,13,561.0,327.0,286.0,2.0,130.0,96.0,3.0,0.0,1.0,2.0,8.0,16.0,192.0,777.0
scna-int8,exp,direct,on,32,4,14,562.0,327.0,287.0,2.0,130.0,96.0,3.0,1.0,1.0,2.0,9.0,18.0,193.0,775.0
scna-int8,exp,direct,on,32,4,15,560.0,326.0,287.0,2.0,130.0,96.0,3.0,0.0,1.0,2.0,9.0,17.0,193.0,778.0
scna-int8,exp,direct,on,32,4,16,561.0,327.0,287.0,2.0,130.0,96.0,3.0,0.0,1.0,2.0,10.0,16.0,193.0,770.0
scna-int8,exp,direct,on,32,4,17,563.0,329.0,287.0,2.0,130.0,96.0,3.0,0.0,1.0,2.0,9.0,17.0,193.0,771.0
scna-int8,exp,direct,on,32,4,18,562.0,328.0,287.0,2.0,130.0,96.0,3.0,0.0,1.0,2.0,9.0,16.0,193.0,767.0
scna-int8,exp,direct,on,32,4,19,563.0,329.0,287.0,2.0,130.0,96.0,3.0,0.0,1.0,2.0,9.0,17.0,193.0,765.0
scna-int8,exp,direct,on,32,8,0,903.0,651.0,570.0,3.0,131.0,101.0,7.0,4.0,2.0,4.0,10.0,22.0,193.0,1151.0
scna-int8,exp,direct,on,32,8,1,903.0,651.0,570.0,4.0,130.0,100.0,7.0,4.0,2.0,5.0,9.0,20.0,194.0,1148.0
scna-int8,exp,direct,on,32,8,2,904.0,651.0,570.0,4.0,131.0,100.0,7.0,4.0,2.0,5.0,8.0,22.0,194.0,1141.0
scna-int8,exp,direct,on,32,8,3,902.0,651.0,570.0,4.0,130.0,100.0,7.0,4.0,2.0,4.0,10.0,21.0,194.0,1149.0
scna-int8,exp,direct,on,32,8,4,901.0,650.0,569.0,3.0,130.0,100.0,7.0,4.0,2.0,5.0,10.0,21.0,194.0,1149.0
scna-int8,exp,direct,on,32,8,5,903.0,650.0,570.0,4.0,130.0,101.0,7.0,4.0,2.0,5.0,10.0,22.0,192.0,1158.0
scna-int8,exp,direct,on,32,8,6,900.0,648.0,569.0,3.0,130.0,101.0,7.0,4.0,2.0,5.0,9.0,22.0,192.0,1181.0
scna-int8,exp,direct,on,32,8,7,905.0,651.0,570.0,4.0,130.0,103.0,7.0,4.0,2.0,4.0,9.0,23.0,192.0,1164.0
scna-int8,exp,direct,on,32,8,8,905.0,652.0,571.0,3.0,130.0,103.0,7.0,4.0,2.0,4.0,8.0,24.0,193.0,1193.0
scna-int8,exp,direct,on,32,8,9,903.0,650.0,570.0,3.0,131.0,102.0,7.0,4.0,2.0,4.0,9.0,24.0,192.0,1141.0
scna-int8,exp,direct,on,32,8,10,906.0,653.0,570.0,4.0,130.0,101.0,7.0,4.0,2.0,5.0,9.0,23.0,191.0,1212.0
scna-int8,exp,direct,on,32,8,11,910.0,653.0,570.0,4.0,131.0,103.0,7.0,5.0,2.0,5.0,8.0,24.0,193.0,1122.0
scna-int8,exp,direct,on,32,8,12,907.0,653.0,571.0,3.0,131.0,102.0,7.0,4.0,2.0,5.0,9.0,23.0,194.0,1106.0
scna-int8,exp,direct,on,32,8,13,911.0,654.0,571.0,3.0,131.0,106.0,7.0,4.0,2.0,4.0,8.0,29.0,193.0,1100.0
scna-int8,exp,direct,on,32,8,14,912.0,653.0,571.0,4.0,131.0,106.0,7.0,4.0,2.0,5.0,9.0,30.0,192.0,1222.0
scna-int8,exp,direct,on,32,8,15,913.0,655.0,570.0,4.0,132.0,103.0,7.0,5.0,2.0,5.0,8.0,26.0,194.0,1214.0
scna-int8,exp,direct,on,32,8,16,913.0,653.0,570.0,4.0,130.0,106.0,7.0,6.0,2.0,5.0,9.0,26.0,192.0,1180.0
scna-int8,exp,direct,on,32,8,17,910.0,652.0,570.0,4.0,130.0,106.0,7.0,4.0,2.0,5.0,10.0,26.0,194.0,1104.0
scna-int8,exp,direct,on,32,8,18,909.0,653.0,570.0,4.0,130.0,104.0,7.0,4.0,2.0,5.0,9.0,25.0,194.0,1178.0
scna-int8,exp,direct,on,32,8,19,911.0,653.0,570.0,4.0,130.0,105.0,7.0,5.0,2.0,5.0,9.0,26.0,193.0,1222.0
scna-int8,exp,direct,on,32,16,0,1578.0,1293.0,1141.0,7.0,131.0,112.0,12.0,10.0,3.0,10.0,9.0,33.0,194.0,1904.0
scna-int8,exp,direct,on,32,16,1,1568.0,1294.0,1141.0,7.0,133.0,100.0,11.0,10.0,3.0,10.0,10.0,23.0,193.0,1889.0
scna-int8,exp,direct,on,32,16,2,1574.0,1301.0,1142.0,8.0,132.0,98.0,12.0,10.0,3.0,10.0,9.0,18.0,194.0,1888.0
scna-int8,exp,direct,on,32,16,3,1573.0,1301.0,1140.0,8.0,131.0,98.0,12.0,10.0,3.0,10.0,10.0,19.0,193.0,1863.0
scna-int8,exp,direct,on,32,16,4,1572.0,1301.0,1141.0,8.0,131.0,97.0,12.0,10.0,3.0,10.0,10.0,19.0,194.0,1865.0
scna-int8,exp,direct,on,32,16,5,1567.0,1296.0,1140.0,8.0,131.0,96.0,12.0,10.0,3.0,11.0,10.0,18.0,192.0,1864.0
scna-int8,exp,direct,on,32,16,6,1569.0,1296.0,1141.0,8.0,131.0,97.0,13.0,10.0,3.0,11.0,9.0,19.0,193.0,1864.0
scna-int8,exp,direct,on,32,16,7,1568.0,1297.0,1140.0,8.0,131.0,97.0,12.0,10.0,3.0,10.0,8.0,18.0,193.0,1862.0
scna-int8,exp,direct,on,32,16,8,1566.0,1296.0,1140.0,8.0,131.0,96.0,12.0,10.0,3.0,10.0,10.0,18.0,193.0,1863.0
scna-int8,exp,direct,on,32,16,9,1569.0,1297.0,1142.0,8.0,132.0,97.0,12.0,10.0,3.0,10.0,9.0,19.0,192.0,1862.0
scna-int8,exp,direct,on,32,16,10,1568.0,1297.0,1140.0,8.0,131.0,97.0,12.0,10.0,3.0,10.0,9.0,18.0,194.0,1815.0
scna-int8,exp,direct,on,32,16,11,1565.0,1292.0,1140.0,8.0,133.0,97.0,12.0,10.0,3.0,10.0,9.0,19.0,194.0,1828.0
scna-int8,exp,direct,on,32,16,12,1564.0,1293.0,1140.0,8.0,132.0,96.0,12.0,10.0,3.0,10.0,10.0,18.0,193.0,1874.0
scna-int8,exp,direct,on,32,16,13,1562.0,1291.0,1140.0,8.0,132.0,96.0,12.0,10.0,3.0,10.0,8.0,19.0,193.0,1876.0
scna-int8,exp,direct,on,32,16,14,1564.0,1293.0,1141.0,7.0,132.0,97.0,11.0,11.0,3.0,10.0,9.0,19.0,194.0,1847.0
scna-int8,exp,direct,on,32,16,15,1565.0,1294.0,1141.0,8.0,132.0,96.0,12.0,10.0,3.0,10.0,10.0,19.0,194.0,1863.0
scna-int8,exp,direct,on,32,16,16,1560.0,1289.0,1140.0,8.0,132.0,96.0,12.0,10.0,3.0,10.0,9.0,19.0,193.0,1902.0
scna-int8,exp,direct,on,32,16,17,1568.0,1296.0,1140.0,8.0,133.0,96.0,12.0,9.0,3.0,11.0,10.0,19.0,194.0,1800.0
scna-int8,exp,direct,on,32,16,18,1558.0,1289.0,1139.0,7.0,131.0,97.0,12.0,9.0,3.0,10.0,8.0,19.0,193.0,1856.0
scna-int8,exp,direct,on,32,16,19,1561.0,1292.0,1140.0,8.0,132.0,97.0,10.0,9.0,3.0,10.0,8.0,19.0,193.0,1788.0
scna-int8,exp,direct,on,32,32,0,2902.0,2586.0,2275.0,14.0,131.0,101.0,24.0,22.0,4.0,20.0,9.0,21.0,194.0,3234.0
scna-int8,exp,direct,on,32,32,1,2914.0,2598.0,2277.0,14.0,131.0,102.0,23.0,22.0,4.0,20.0,10.0,22.0,194.0,3239.0
scna-int8,exp,direct,on,32,32,2,2910.0,2593.0,2276.0,14.0,132.0,101.0,24.0,22.0,4.0,20.0,10.0,23.0,193.0,3199.0
scna-int8,exp,direct,on,32,32,3,2910.0,2594.0,2277.0,14.0,131.0,101.0,24.0,22.0,4.0,20.0,9.0,21.0,193.0,3255.0
scna-int8,exp,direct,on,32,32,4,2909.0,2592.0,2275.0,14.0,131.0,102.0,24.0,21.0,4.0,21.0,9.0,22.0,193.0,3232.0
scna-int8,exp,direct,on,32,32,5,2909.0,2590.0,2276.0,14.0,131.0,103.0,24.0,23.0,4.0,20.0,10.0,24.0,193.0,3191.0
scna-int8,exp,direct,on,32,32,6,2917.0,2594.0,2276.0,14.0,131.0,107.0,24.0,22.0,4.0,21.0,10.0,27.0,193.0,3250.0
scna-int8,exp,direct,on,32,32,7,2889.0,2573.0,2275.0,14.0,131.0,100.0,24.0,22.0,4.0,21.0,9.0,20.0,193.0,3179.0
scna-int8,exp,direct,on,32,32,8,2896.0,2581.0,2275.0,15.0,131.0,98.0,24.0,22.0,4.0,21.0,10.0,19.0,193.0,3153.0
scna-int8,exp,direct,on,32,32,9,2884.0,2571.0,2275.0,14.0,131.0,97.0,23.0,22.0,4.0,22.0,9.0,17.0,194.0,3211.0
scna-int8,exp,direct,on,32,32,10,2905.0,2585.0,2276.0,14.0,136.0,98.0,24.0,22.0,4.0,22.0,9.0,23.0,194.0,3154.0
scna-int8,exp,direct,on,32,32,11,2892.0,2578.0,2275.0,14.0,131.0,98.0,24.0,22.0,3.0,22.0,9.0,18.0,193.0,3174.0
scna-int8,exp,direct,on,32,32,12,2889.0,2574.0,2276.0,14.0,132.0,99.0,23.0,22.0,4.0,21.0,10.0,20.0,194.0,3212.0
scna-int8,exp,direct,on,32,32,13,2904.0,2587.0,2276.0,16.0,132.0,97.0,24.0,22.0,4.0,22.0,10.0,19.0,193.0,3290.0
scna-int8,exp,direct,on,32,32,14,2884.0,2570.0,2275.0,15.0,132.0,97.0,23.0,22.0,4.0,21.0,10.0,20.0,192.0,3228.0
scna-int8,exp,direct,on,32,32,15,2907.0,2592.0,2276.0,15.0,132.0,97.0,24.0,22.0,4.0,21.0,9.0,19.0,193.0,3165.0
scna-int8,exp,direct,on,32,32,16,2896.0,2580.0,2276.0,16.0,132.0,97.0,24.0,22.0,4.0,21.0,9.0,19.0,193.0,3182.0
scna-int8,exp,direct,on,32,32,17,2892.0,2576.0,2276.0,16.0,131.0,97.0,24.0,23.0,4.0,21.0,9.0,18.0,194.0,3180.0
scna-int8,exp,direct,on,32,32,18,2891.0,2576.0,2276.0,15.0,131.0,98.0,24.0,22.0,4.0,21.0,10.0,18.0,194.0,3150.0
scna-int8,exp,direct,on,32,32,19,2897.0,2581.0,2276.0,16.0,132.0,96.0,24.0,22.0,4.0,22.0,9.0,19.0,193.0,3180.0
scna-int8,exp,tree,off,8,4,0,933.0,235.0,183.0,2.0,358.0,326.0,4.0,2.0,2.0,4.0,0.0,0.0,0.0,1249.0
scna-int8,exp,tree,off,8,4,1,928.0,232.0,183.0,2.0,358.0,324.0,4.0,2.0,2.0,4.0,0.0,0.0,0.0,1243.0
scna-int8,exp,tree,off,8,4,2,919.0,236.0,183.0,2.0,355.0,315.0,4.0,2.0,2.0,3.0,0.0,0.0,0.0,1291.0
scna-int8,exp,tree,off,8,4,3,958.0,249.0,189.0,2.0,369.0,326.0,4.0,2.0,2.0,4.0,0.0,0.0,0.0,1230.0
scna-int8,exp,tree,off,8,4,4,954.0,247.0,189.0,3.0,366.0,326.0,4.0,2.0,2.0,4.0,0.0,0.0,0.0,1223.0
scna-int8,exp,tree,off,8,4,5,958.0,248.0,189.0,2.0,371.0,326.0,4.0,3.0,2.0,2.0,0.0,0.0,0.0,1239.0
scna-int8,exp,tree,off,8,4,6,955.0,247.0,190.0,3.0,365.0,327.0,4.0,3.0,2.0,4.0,0.0,0.0,0.0,1201.0
scna-int8,exp,tree,off,8,4,7,953.0,247.0,189.0,2.0,366.0,325.0,4.0,3.0,2.0,4.0,0.0,0.0,0.0,1195.0
scna-int8,exp,tree,off,8,4,8,959.0,248.0,189.0,3.0,372.0,324.0,4.0,3.0,2.0,3.0,0.0,0.0,0.0,1205.0
scna-int8,exp,tree,off,8,4,9,949.0,247.0,189.0,2.0,364.0,324.0,4.0,3.0,2.0,3.0,0.0,0.0,0.0,1203.0
scna-int8,exp,tree,off,8,4,10,952.0,245.0,189.0,2.0,374.0,319.0,4.0,2.0,2.0,4.0,0.0,0.0,0.0,1223.0
scna-int8,exp,tree,off,8,4,11,951.0,248.0,189.0,2.0,365.0,323.0,4.0,3.0,2.0,4.0,0.0,0.0,0.0,1201.0
scna-int8,exp,tree,off,8,4,12,945.0,244.0,189.0,3.0,363.0,324.0,4.0,3.0,2.0,2.0,0.0,0.0,0.0,1196.0
scna-int8,exp,tree,off,8,4,13,956.0,247.0,190.0,3.0,371.0,323.0,4.0,3.0,2.0,3.0,0.0,0.0,0.0,1211.0
scna-int8,exp,tree,off,8,4,14,949.0,244.0,189.0,3.0,368.0,322.0,4.0,3.0,2.0,3.0,0.0,0.0,0.0,1195.0
scna-int8,exp,tree,off,8,4,15,950.0,248.0,188.0,3.0,362.0,325.0,4.0,3.0,2.0,3.0,0.0,0.0,0.0,1250.0
scna-int8,exp,tree,off,8,4,16,953.0,244.0,189.0,3.0,375.0,319.0,4.0,2.0,2.0,4.0,0.0,0.0,0.0,1225.0
scna-int8,exp,tree,off,8,4,17,959.0,247.0,188.0,3.0,373.0,323.0,4.0,3.0,2.0,4.0,0.0,0.0,0.0,1234.0
scna-int8,exp,tree,off,8,4,18,965.0,247.0,188.0,2.0,374.0,329.0,4.0,3.0,2.0,4.0,0.0,0.0,0.0,1313.0
scna-int8,exp,tree,off,8,4,19,946.0,245.0,188.0,2.0,366.0,320.0,4.0,3.0,2.0,4.0,0.0,0.0,0.0,1224.0
scna-int8,exp,tree,off,8,8,0,1009.0,430.0,351.0,4.0,298.0,254.0,8.0,7.0,2.0,6.0,0.0,0.0,0.0,1328.0
scna-int8,exp,tree,off,8,8,1,1012.0,431.0,351.0,4.0,301.0,254.0,8.0,6.0,2.0,6.0,0.0,0.0,0.0,1262.0
scna-int8,exp,tree,off,8,8,2,1021.0,432.0,352.0,4.0,304.0,258.0,8.0,7.0,2.0,6.0,0.0,0.0,0.0,1320.0
scna-int8,exp,tree,off,8,8,3,1006.0,432.0,351.0,4.0,294.0,255.0,8.0,7.0,2.0,4.0,0.0,0.0,0.0,1325.0
scna-int8,exp,tree,off,8,8,4,1007.0,433.0,351.0,4.0,291.0,258.0,8.0,7.0,2.0,4.0,0.0,0.0,0.0,1345.0
scna-int8,exp,tree,off,8,8,5,1014.0,432.0,351.0,4.0,297.0,258.0,8.0,7.0,2.0,6.0,0.0,0.0,0.0,1312.0
scna-int8,exp,tree,off,8,8,6,1121.0,444.0,353.0,4.0,335.0,315.0,8.0,7.0,2.0,6.0,0.0,0.0,0.0,1450.0
scna-int8,exp,tree,off,8,8,7,1121.0,446.0,353.0,4.0,336.0,311.0,8.0,7.0,3.0,6.0,0.0,0.0,0.0,1467.0
scna-int8,exp,tree,off,8,8,8,1129.0,446.0,354.0,4.0,345.0,313.0,8.0,7.0,2.0,4.0,0.0,0.0,0.0,1464.0
scna-int8,exp,tree,off,8,8,9,1112.0,446.0,353.0,4.0,333.0,306.0,8.0,7.0,2.0,6.0,0.0,0.0,0.0,1404.0
scna-int8,exp,tree,off,8,8,10,1111.0,445.0,354.0,4.0,335.0,305.0,8.0,7.0,2.0,5.0,0.0,0.0,0.0,1360.0
scna-int8,exp,tree,off,8,8,11,1110.0,444.0,354.0,4.0,332.0,307.0,8.0,7.0,2.0,6.0,0.0,0.0,0.0,1444.0
scna-int8,exp,tree,off,8,8,12,1113.0,441.0,353.0,4.0,345.0,300.0,8.0,7.0,2.0,6.0,0.0,0.0,0.0,1383.0
scna-int8,exp,tree,off,8,8,13,1116.0,445.0,353.0,4.0,335.0,309.0,8.0,7.0,2.0,6.0,0.0,0.0,0.0,1462.0
scna-int8,exp,tree,off,8,8,14,1120.0,442.0,353.0,4.0,338.0,313.0,8.0,7.0,2.0,6.0,0.0,0.0,0.0,1465.0
scna-int8,exp,tree,off,8,8,15,1105.0,445.0,353.0,4.0,333.0,300.0,8.0,7.0,2.0,6.0,0.0,0.0,0.0,1376.0
scna-int8,exp,tree,off,8,8,16,1103.0,445.0,353.0,4.0,330.0,302.0,8.0,7.0,2.0,5.0,0.0,0.0,0.0,1339.0
scna-int8,exp,tree,off,8,8,17,1110.0,444.0,353.0,4.0,331.0,308.0,8.0,7.0,2.0,6.0,0.0,0.0,0.0,1364.0
scna-int8,exp,tree,off,8,8,18,1113.0,444.0,353.0,4.0,329.0,314.0,8.0,7.0,2.0,5.0,0.0,0.0,0.0,1463.0
scna-int8,exp,tree,off,8,8,19,1115.0,444.0,353.0,4.0,335.0,309.0,8.0,7.0,2.0,6.0,0.0,0.0,0.0,1473.0
scna-int8,exp,tree,off,8,16,0,1411.0,860.0,693.0,8.0,267.0,240.0,13.0,10.0,3.0,10.0,0.0,0.0,0.0,1650.0
scna-int8,exp,tree,off,8,16,1,1462.0,869.0,694.0,8.0,286.0,264.0,12.0,10.0,3.0,10.0,0.0,0.0,0.0,1751.0
scna-int8,exp,tree,off,8,16,2,1474.0,881.0,693.0,8.0,284.0,265.0,12.0,10.0,3.0,11.0,0.0,0.0,0.0,1752.0
scna-int8,exp,tree,off,8,16,3,1467.0,880.0,693.0,8.0,283.0,261.0,12.0,10.0,3.0,10.0,0.0,0.0,0.0,1751.0
scna-int8,exp,tree,off,8,16,4,1454.0,876.0,692.0,8.0,276.0,259.0,12.0,10.0,3.0,10.0,0.0,0.0,0.0,1800.0
scna-int8,exp,tree,off,8,16,5,1476.0,877.0,693.0,8.0,285.0,271.0,12.0,10.0,3.0,10.0,0.0,0.0,0.0,1851.0
scna-int8,exp,tree,off,8,16,6,1490.0,879.0,693.0,8.0,290.0,277.0,13.0,10.0,3.0,10.0,0.0,0.0,0.0,1779.0
scna-int8,exp,tree,off,8,16,7,1480.0,878.0,693.0,9.0,288.0,269.0,12.0,10.0,3.0,11.0,0.0,0.0,0.0,1744.0
scna-int8,exp,tree,off,8,16,8,1479.0,878.0,693.0,8.0,288.0,270.0,12.0,10.0,3.0,10.0,0.0,0.0,0.0,1740.0
scna-int8,exp,tree,off,8,16,9,1488.0,877.0,694.0,8.0,294.0,272.0,12.0,11.0,3.0,11.0,0.0,0.0,0.0,1740.0
scna-int8,exp,tree,off,8,16,10,1483.0,880.0,693.0,8.0,288.0,271.0,12.0,10.0,3.0,11.0,0.0,0.0,0.0,1779.0
scna-int8,exp,tree,off,8,16,11,1474.0,876.0,694.0,8.0,285.0,269.0,12.0,11.0,3.0,10.0,0.0,0.0,0.0,1743.0
scna-int8,exp,tree,off,8,16,12,1477.0,880.0,693.0,8.0,290.0,264.0,12.0,10.0,3.0,10.0,0.0,0.0,0.0,1743.0
scna-int8,exp,tree,off,8,16,13,1485.0,878.0,693.0,8.0,290.0,273.0,12.0,11.0,3.0,10.0,0.0,0.0,0.0,1785.0
scna-int8,exp,tree,off,8,16,14,1474.0,874.0,693.0,8.0,285.0,272.0,12.0,10.0,3.0,10.0,0.0,0.0,0.0,1761.0
scna-int8,exp,tree,off,8,16,15,1476.0,878.0,693.0,8.0,290.0,265.0,12.0,10.0,3.0,10.0,0.0,0.0,0.0,1740.0
scna-int8,exp,tree,off,8,16,16,1478.0,880.0,694.0,8.0,286.0,268.0,12.0,10.0,3.0,11.0,0.0,0.0,0.0,1761.0
scna-int8,exp,tree,off,8,16,17,1473.0,875.0,692.0,8.0,288.0,266.0,12.0,11.0,3.0,10.0,0.0,0.0,0.0,1782.0
scna-int8,exp,tree,off,8,16,18,1475.0,878.0,693.0,8.0,282.0,272.0,12.0,10.0,3.0,10.0,0.0,0.0,0.0,1768.0
scna-int8,exp,tree,off,8,16,19,1477.0,878.0,693.0,8.0,291.0,265.0,12.0,10.0,3.0,10.0,0.0,0.0,0.0,1730.0
scna-int8,exp,tree,off,8,32,0,2324.0,1717.0,1379.0,15.0,271.0,250.0,24.0,22.0,3.0,22.0,0.0,0.0,0.0,2696.0
scna-int8,exp,tree,off,8,32,1,2388.0,1743.0,1378.0,16.0,285.0,273.0,24.0,22.0,3.0,22.0,0.0,0.0,0.0,2792.0
scna-int8,exp,tree,off,8,32,2,2393.0,1743.0,1379.0,16.0,289.0,274.0,24.0,22.0,3.0,22.0,0.0,0.0,0.0,2767.0
scna-int8,exp,tree,off,8,32,3,2388.0,1738.0,1379.0,16.0,293.0,270.0,24.0,22.0,3.0,22.0,0.0,0.0,0.0,2777.0
scna-int8,exp,tree,off,8,32,4,2396.0,1743.0,1380.0,16.0,289.0,277.0,24.0,22.0,3.0,22.0,0.0,0.0,0.0,2758.0
scna-int8,exp,tree,off,8,32,5,2385.0,1738.0,1379.0,16.0,287.0,273.0,24.0,22.0,3.0,22.0,0.0,0.0,0.0,2703.0
scna-int8,exp,tree,off,8,32,6,2395.0,1741.0,1378.0,16.0,292.0,275.0,24.0,22.0,3.0,22.0,0.0,0.0,0.0,2771.0
scna-int8,exp,tree,off,8,32,7,2389.0,1740.0,1378.0,16.0,292.0,271.0,24.0,22.0,3.0,21.0,0.0,0.0,0.0,2785.0
scna-int8,exp,tree,off,8,32,8,2381.0,1735.0,1380.0,16.0,291.0,268.0,24.0,22.0,3.0,22.0,0.0,0.0,0.0,2775.0
scna-int8,exp,tree,off,8,32,9,2389.0,1741.0,1378.0,16.0,289.0,272.0,24.0,22.0,3.0,22.0,0.0,0.0,0.0,2747.0
scna-int8,exp,tree,off,8,32,10,2386.0,1742.0,1378.0,16.0,291.0,266.0,24.0,22.0,3.0,22.0,0.0,0.0,0.0,2795.0
scna-int8,exp,tree,off,8,32,11,2367.0,1739.0,1378.0,16.0,283.0,258.0,24.0,22.0,3.0,22.0,0.0,0.0,0.0,2744.0
scna-int8,exp,tree,off,8,32,12,2387.0,1742.0,1378.0,16.0,289.0,269.0,24.0,22.0,3.0,22.0,0.0,0.0,0.0,2789.0
scna-int8,exp,tree,off,8,32,13,2387.0,1739.0,1378.0,16.0,292.0,269.0,24.0,22.0,3.0,22.0,0.0,0.0,0.0,2768.0
scna-int8,exp,tree,off,8,32,14,2383.0,1737.0,1379.0,15.0,290.0,270.0,24.0,22.0,3.0,22.0,0.0,0.0,0.0,2766.0
scna-int8,exp,tree,off,8,32,15,2390.0,1742.0,1379.0,16.0,290.0,271.0,24.0,22.0,3.0,22.0,0.0,0.0,0.0,2777.0
scna-int8,exp,tree,off,8,32,16,2385.0,1741.0,1378.0,16.0,291.0,266.0,24.0,22.0,3.0,22.0,0.0,0.0,0.0,2751.0
scna-int8,exp,tree,off,8,32,17,2379.0,1737.0,1378.0,16.0,288.0,267.0,24.0,22.0,3.0,22.0,0.0,0.0,0.0,2770.0
scna-int8,exp,tree,off,8,32,18,2382.0,1738.0,1378.0,14.0,291.0,267.0,24.0,23.0,3.0,22.0,0.0,0.0,0.0,2791.0
scna-int8,exp,tree,off,8,32,19,2377.0,1737.0,1380.0,15.0,286.0,267.0,24.0,23.0,3.0,22.0,0.0,0.0,0.0,2771.0
scna-int8,exp,tree,off,16,4,0,769.0,241.0,199.0,2.0,268.0,249.0,4.0,2.0,1.0,2.0,0.0,0.0,0.0,1001.0
scna-int8,exp,tree,off,16,4,1,745.0,240.0,198.0,2.0,259.0,235.0,4.0,2.0,1.0,2.0,0.0,0.0,0.0,1042.0
scna-int8,exp,tree,off,16,4,2,752.0,240.0,199.0,2.0,263.0,237.0,4.0,2.0,2.0,2.0,0.0,0.0,0.0,1029.0
scna-int8,exp,tree,off,16,4,3,752.0,240.0,199.0,2.0,265.0,235.0,4.0,2.0,2.0,2.0,0.0,0.0,0.0,1026.0
scna-int8,exp,tree,off,16,4,4,759.0,240.0,199.0,2.0,265.0,243.0,4.0,2.0,1.0,2.0,0.0,0.0,0.0,1026.0
scna-int8,exp,tree,off,16,4,5,776.0,242.0,199.0,2.0,268.0,253.0,4.0,2.0,2.0,3.0,0.0,0.0,0.0,1028.0
scna-int8,exp,tree,off,16,4,6,788.0,242.0,199.0,2.0,277.0,255.0,4.0,3.0,2.0,3.0,0.0,0.0,0.0,1026.0
scna-int8,exp,tree,off,16,4,7,783.0,243.0,200.0,2.0,269.0,257.0,4.0,3.0,2.0,3.0,0.0,0.0,0.0,1100.0
scna-int8,exp,tree,off,16,4,8,784.0,244.0,199.0,2.0,272.0,254.0,4.0,3.0,2.0,3.0,0.0,0.0,0.0,1078.0
scna-int8,exp,tree,off,16,4,9,779.0,242.0,198.0,2.0,274.0,250.0,4.0,3.0,2.0,2.0,0.0,0.0,0.0,1071.0
scna-int8,exp,tree,off,16,4,10,769.0,242.0,198.0,2.0,267.0,247.0,4.0,2.0,2.0,3.0,0.0,0.0,0.0,1059.0
scna-int8,exp,tree,off,16,4,11,780.0,244.0,198.0,2.0,276.0,249.0,4.0,2.0,1.0,2.0,0.0,0.0,0.0,1082.0
scna-int8,exp,tree,off,16,4,12,781.0,245.0,198.0,2.0,272.0,251.0,4.0,3.0,2.0,2.0,0.0,0.0,0.0,1074.0
scna-int8,exp,tree,off,16,4,13,789.0,245.0,199.0,2.0,276.0,255.0,4.0,3.0,2.0,2.0,0.0,0.0,0.0,1074.0
scna-int8,exp,tree,off,16,4,14,793.0,245.0,198.0,2.0,281.0,254.0,4.0,3.0,2.0,2.0,0.0,0.0,0.0,1073.0
scna-int8,exp,tree,off,16,4,15,790.0,246.0,199.0,2.0,278.0,253.0,4.0,2.0,2.0,3.0,0.0,0.0,0.0,1077.0
scna-int8,exp,tree,off,16,4,16,793.0,248.0,198.0,2.0,278.0,254.0,4.0,3.0,2.0,2.0,0.0,0.0,0.0,1075.0
scna-int8,exp,tree,off,16,4,17,788.0,247.0,198.0,2.0,274.0,255.0,4.0,2.0,2.0,2.0,0.0,0.0,0.0,1073.0
scna-int8,exp,tree,off,16,4,18,786.0,244.0,199.0,2.0,277.0,253.0,4.0,2.0,2.0,2.0,0.0,0.0,0.0,1076.0
scna-int8,exp,tree,off,16,4,19,788.0,245.0,198.0,2.0,277.0,254.0,4.0,2.0,2.0,2.0,0.0,0.0,0.0,1096.0
scna-int8,exp,tree,off,16,8,0,1012.0,469.0,386.0,4.0,262.0,255.0,8.0,6.0,2.0,6.0,0.0,0.0,0.0,1325.0
scna-int8,exp,tree,off,16,8,1,1013.0,470.0,385.0,4.0,266.0,251.0,8.0,6.0,2.0,6.0,0.0,0.0,0.0,1325.0
scna-int8,exp,tree,off,16,8,2,1021.0,472.0,385.0,4.0,269.0,254.0,8.0,6.0,2.0,6.0,0.0,0.0,0.0,1338.0
scna-int8,exp,tree,off,16,8,3,1022.0,475.0,385.0,4.0,276.0,245.0,8.0,6.0,2.0,6.0,0.0,0.0,0.0,1300.0
scna-int8,exp,tree,off,16,8,4,1001.0,468.0,385.0,4.0,266.0,241.0,8.0,6.0,2.0,6.0,0.0,0.0,0.0,1325.0
scna-int8,exp,tree,off,16,8,5,996.0,467.0,385.0,4.0,264.0,239.0,8.0,6.0,2.0,6.0,0.0,0.0,0.0,1297.0
scna-int8,exp,tree,off,16,8,6,993.0,468.0,386.0,4.0,262.0,237.0,8.0,6.0,2.0,6.0,0.0,0.0,0.0,1290.0
scna-int8,exp,tree,off,16,8,7,1045.0,475.0,387.0,4.0,271.0,272.0,9.0,6.0,2.0,6.0,0.0,0.0,0.0,1292.0
scna-int8,exp,tree,off,16,8,8,1016.0,468.0,385.0,4.0,265.0,257.0,8.0,6.0,2.0,6.0,0.0,0.0,0.0,1279.0
scna-int8,exp,tree,off,16,8,9,1033.0,477.0,385.0,4.0,279.0,250.0,8.0,6.0,3.0,6.0,0.0,0.0,0.0,1284.0
scna-int8,exp,tree,off,16,8,10,1033.0,474.0,384.0,4.0,280.0,253.0,8.0,6.0,2.0,6.0,0.0,0.0,0.0,1285.0
scna-int8,exp,tree,off,16,8,11,1032.0,471.0,384.0,4.0,280.0,252.0,9.0,7.0,3.0,6.0,0.0,0.0,0.0,1283.0
scna-int8,exp,tree,off,16,8,12,1031.0,475.0,384.0,4.0,279.0,250.0,8.0,6.0,3.0,6.0,0.0,0.0,0.0,1281.0
scna-int8,exp,tree,off,16,8,13,1032.0,474.0,385.0,4.0,280.0,252.0,8.0,6.0,2.0,6.0,0.0,0.0,0.0,1283.0
scna-int8,exp,tree,off,16,8,14,1027.0,473.0,384.0,4.0,278.0,250.0,8.0,6.0,2.0,6.0,0.0,0.0,0.0,1274.0
scna-int8,exp,tree,off,16,8,15,1028.0,473.0,384.0,4.0,277.0,251.0,9.0,6.0,2.0,6.0,0.0,0.0,0.0,1274.0
scna-int8,exp,tree,off,16,8,16,1032.0,478.0,385.0,4.0,278.0,250.0,8.0,6.0,2.0,6.0,0.0,0.0,0.0,1285.0
scna-int8,exp,tree,off,16,8,17,1018.0,471.0,384.0,4.0,272.0,249.0,8.0,6.0,2.0,6.0,0.0,0.0,0.0,1373.0
scna-int8,exp,tree,off,16,8,18,1031.0,473.0,384.0,4.0,281.0,250.0,8.0,7.0,2.0,6.0,0.0,0.0,0.0,1320.0
scna-int8,exp,tree,off,16,8,19,1023.0,473.0,385.0,4.0,276.0,248.0,8.0,6.0,2.0,6.0,0.0,0.0,0.0,1322.0
scna-int8,exp,tree,off,16,16,0,1554.0,917.0,761.0,8.0,305.0,288.0,12.0,10.0,2.0,12.0,0.0,0.0,0.0,1867.0
scna-int8,exp,tree,off,16,16,1,1555.0,920.0,760.0,8.0,309.0,283.0,12.0,10.0,2.0,11.0,0.0,0.0,0.0,1878.0
scna-int8,exp,tree,off,16,16,2,1638.0,966.0,772.0,8.0,299.0,330.0,12.0,10.0,2.0,11.0,0.0,0.0,0.0,1998.0
scna-int8,exp,tree,off,16,16,3,1616.0,967.0,770.0,8.0,269.0,336.0,12.0,10.0,2.0,12.0,0.0,0.0,0.0,1990.0
scna-int8,exp,tree,off,16,16,4,1648.0,958.0,772.0,8.0,310.0,336.0,12.0,11.0,2.0,11.0,0.0,0.0,0.0,1907.0
scna-int8,exp,tree,off,16,16,5,1645.0,963.0,772.0,8.0,315.0,325.0,12.0,10.0,2.0,10.0,0.0,0.0,0.0,2004.0
scna-int8,exp,tree,off,16,16,6,1623.0,964.0,771.0,8.0,281.0,334.0,12.0,11.0,2.0,11.0,0.0,0.0,0.0,1875.0
scna-int8,exp,tree,off,16,16,7,1642.0,963.0,771.0,8.0,296.0,339.0,12.0,11.0,2.0,11.0,0.0,0.0,0.0,1975.0
scna-int8,exp,tree,off,16,16,8,1572.0,960.0,771.0,8.0,239.0,331.0,12.0,10.0,2.0,10.0,0.0,0.0,0.0,1871.0
scna-int8,exp,tree,off,16,16,9,1699.0,958.0,769.0,8.0,375.0,322.0,12.0,11.0,2.0,11.0,0.0,0.0,0.0,1945.0
scna-int8,exp,tree,off,16,16,10,1711.0,962.0,771.0,8.0,375.0,330.0,12.0,11.0,2.0,11.0,0.0,0.0,0.0,2052.0
scna-int8,exp,tree,off,16,16,11,1720.0,963.0,770.0,8.0,385.0,328.0,12.0,11.0,2.0,11.0,0.0,0.0,0.0,1971.0
scna-int8,exp,tree,off,16,16,12,1721.0,962.0,769.0,7.0,385.0,332.0,12.0,10.0,2.0,11.0,0.0,0.0,0.0,1986.0
scna-int8,exp,tree,off,16,16,13,1721.0,963.0,770.0,8.0,385.0,329.0,12.0,10.0,2.0,12.0,0.0,0.0,0.0,2005.0
scna-int8,exp,tree,off,16,16,14,1726.0,960.0,769.0,8.0,389.0,333.0,12.0,11.0,2.0,11.0,0.0,0.0,0.0,2035.0
scna-int8,exp,tree,off,16,16,15,1717.0,962.0,770.0,8.0,375.0,335.0,12.0,11.0,2.0,12.0,0.0,0.0,0.0,1995.0
scna-int8,exp,tree,off,16,16,16,1721.0,962.0,770.0,8.0,377.0,338.0,12.0,11.0,2.0,11.0,0.0,0.0,0.0,2008.0
scna-int8,exp,tree,off,16,16,17,1715.0,961.0,769.0,8.0,383.0,327.0,12.0,10.0,2.0,12.0,0.0,0.0,0.0,2003.0
scna-int8,exp,tree,off,16,16,18,1719.0,963.0,770.0,8.0,381.0,331.0,12.0,10.0,2.0,12.0,0.0,0.0,0.0,1981.0
scna-int8,exp,tree,off,16,16,19,1717.0,962.0,769.0,8.0,381.0,329.0,12.0,11.0,2.0,12.0,0.0,0.0,0.0,2006.0
scna-int8,exp,tree,off,16,32,0,2666.0,1883.0,1515.0,16.0,363.0,332.0,24.0,23.0,3.0,22.0,0.0,0.0,0.0,2974.0
scna-int8,exp,tree,off,16,32,1,2669.0,1883.0,1515.0,16.0,366.0,332.0,24.0,23.0,3.0,22.0,0.0,0.0,0.0,3053.0
scna-int8,exp,tree,off,16,32,2,2685.0,1885.0,1515.0,16.0,382.0,330.0,24.0,23.0,3.0,22.0,0.0,0.0,0.0,2966.0
scna-int8,exp,tree,off,16,32,3,2686.0,1886.0,1515.0,16.0,382.0,330.0,24.0,23.0,3.0,22.0,0.0,0.0,0.0,2982.0
scna-int8,exp,tree,off,16,32,4,2655.0,1882.0,1514.0,16.0,367.0,318.0,24.0,23.0,3.0,22.0,0.0,0.0,0.0,2961.0
scna-int8,exp,tree,off,16,32,5,2706.0,1885.0,1521.0,16.0,392.0,341.0,24.0,23.0,3.0,22.0,0.0,0.0,0.0,3043.0
scna-int8,exp,tree,off,16,32,6,2701.0,1887.0,1520.0,16.0,394.0,332.0,24.0,23.0,3.0,22.0,0.0,0.0,0.0,3105.0
scna-int8,exp,tree,off,16,32,7,2710.0,1891.0,1522.0,16.0,392.0,339.0,24.0,23.0,3.0,22.0,0.0,0.0,0.0,3017.0
scna-int8,exp,tree,off,16,32,8,2718.0,1893.0,1521.0,16.0,392.0,345.0,24.0,23.0,3.0,22.0,0.0,0.0,0.0,3042.0
scna-int8,exp,tree,off,16,32,9,2711.0,1897.0,1522.0,16.0,386.0,340.0,24.0,23.0,3.0,22.0,0.0,0.0,0.0,2991.0
scna-int8,exp,tree,off,16,32,10,2705.0,1889.0,1520.0,16.0,393.0,335.0,24.0,23.0,3.0,22.0,0.0,0.0,0.0,2997.0
scna-int8,exp,tree,off,16,32,11,2719.0,1891.0,1519.0,16.0,401.0,339.0,24.0,23.0,3.0,22.0,0.0,0.0,0.0,3053.0
scna-int8,exp,tree,off,16,32,12,2703.0,1887.0,1519.0,16.0,400.0,328.0,24.0,23.0,3.0,22.0,0.0,0.0,0.0,3088.0
scna-int8,exp,tree,off,16,32,13,2711.0,1891.0,1518.0,16.0,400.0,332.0,24.0,23.0,3.0,22.0,0.0,0.0,0.0,3100.0
scna-int8,exp,tree,off,16,32,14,2706.0,1894.0,1519.0,16.0,397.0,327.0,24.0,23.0,3.0,22.0,0.0,0.0,0.0,3102.0
scna-int8,exp,tree,off,16,32,15,2706.0,1890.0,1517.0,16.0,388.0,340.0,24.0,23.0,3.0,22.0,0.0,0.0,0.0,3043.0
scna-int8,exp,tree,off,16,32,16,2696.0,1884.0,1518.0,16.0,395.0,329.0,24.0,23.0,3.0,22.0,0.0,0.0,0.0,3061.0
scna-int8,exp,tree,off,16,32,17,2710.0,1889.0,1517.0,16.0,394.0,339.0,24.0,23.0,3.0,22.0,0.0,0.0,0.0,3051.0
scna-int8,exp,tree,off,16,32,18,2693.0,1882.0,1518.0,16.0,390.0,333.0,24.0,23.0,3.0,22.0,0.0,0.0,0.0,3082.0
scna-int8,exp,tree,off,16,32,19,2697.0,1892.0,1517.0,16.0,389.0,328.0,24.0,23.0,3.0,22.0,0.0,0.0,0.0,3092.0
scna-int8,exp,tree,off,32,4,0,911.0,277.0,230.0,2.0,313.0,309.0,4.0,2.0,2.0,2.0,0.0,0.0,0.0,1240.0
scna-int8,exp,tree,off,32,4,1,911.0,276.0,231.0,2.0,329.0,293.0,4.0,2.0,2.0,3.0,0.0,0.0,0.0,1239.0
scna-int8,exp,tree,off,32,4,2,905.0,276.0,231.0,2.0,319.0,297.0,4.0,2.0,2.0,3.0,0.0,0.0,0.0,1239.0
scna-int8,exp,tree,off,32,4,3,920.0,275.0,231.0,2.0,333.0,299.0,4.0,2.0,2.0,3.0,0.0,0.0,0.0,1237.0
scna-int8,exp,tree,off,32,4,4,923.0,276.0,231.0,2.0,330.0,304.0,4.0,3.0,2.0,2.0,0.0,0.0,0.0,1237.0
scna-int8,exp,tree,off,32,4,5,895.0,277.0,231.0,2.0,324.0,280.0,5.0,2.0,2.0,3.0,0.0,0.0,0.0,1128.0
scna-int8,exp,tree,off,32,4,6,907.0,275.0,230.0,2.0,312.0,307.0,4.0,2.0,2.0,3.0,0.0,0.0,0.0,1239.0
scna-int8,exp,tree,off,32,4,7,921.0,275.0,231.0,2.0,327.0,305.0,4.0,3.0,2.0,3.0,0.0,0.0,0.0,1167.0
scna-int8,exp,tree,off,32,4,8,996.0,289.0,237.0,2.0,374.0,319.0,4.0,3.0,2.0,3.0,0.0,0.0,0.0,1343.0
scna-int8,exp,tree,off,32,4,9,998.0,291.0,237.0,2.0,369.0,326.0,4.0,2.0,2.0,2.0,0.0,0.0,0.0,1362.0
scna-int8,exp,tree,off,32,4,10,996.0,289.0,237.0,2.0,362.0,331.0,4.0,2.0,2.0,4.0,0.0,0.0,0.0,1333.0
scna-int8,exp,tree,off,32,4,11,982.0,290.0,237.0,3.0,361.0,317.0,4.0,2.0,2.0,3.0,0.0,0.0,0.0,1300.0
scna-int8,exp,tree,off,32,4,12,986.0,285.0,236.0,2.0,366.0,320.0,4.0,3.0,2.0,4.0,0.0,0.0,0.0,1292.0
scna-int8,exp,tree,off,32,4,13,987.0,286.0,237.0,2.0,359.0,328.0,4.0,3.0,2.0,3.0,0.0,0.0,0.0,1340.0
scna-int8,exp,tree,off,32,4,14,986.0,287.0,236.0,3.0,357.0,327.0,4.0,3.0,2.0,3.0,0.0,0.0,0.0,1251.0
scna-int8,exp,tree,off,32,4,15,991.0,285.0,237.0,2.0,368.0,323.0,5.0,3.0,2.0,3.0,0.0,0.0,0.0,1262.0
scna-int8,exp,tree,off,32,4,16,985.0,285.0,236.0,2.0,360.0,326.0,4.0,3.0,2.0,3.0,0.0,0.0,0.0,1234.0
scna-int8,exp,tree,off,32,4,17,976.0,286.0,237.0,2.0,360.0,316.0,4.0,3.0,2.0,3.0,0.0,0.0,0.0,1291.0
scna-int8,exp,tree,off,32,4,18,989.0,285.0,237.0,2.0,360.0,330.0,4.0,3.0,2.0,3.0,0.0,0.0,0.0,1328.0
scna-int8,exp,tree,off,32,4,19,985.0,286.0,237.0,2.0,359.0,326.0,4.0,3.0,2.0,3.0,0.0,0.0,0.0,1284.0
scna-int8,exp,tree,off,32,8,0,1246.0,549.0,454.0,4.0,358.0,312.0,8.0,7.0,2.0,6.0,0.0,0.0,0.0,1518.0
scna-int8,exp,tree,off,32,8,1,1172.0,570.0,460.0,4.0,247.0,329.0,8.0,6.0,2.0,6.0,0.0,0.0,0.0,1464.0
scna-int8,exp,tree,off,32,8,2,1228.0,566.0,460.0,4.0,303.0,331.0,9.0,7.0,2.0,6.0,0.0,0.0,0.0,1478.0
scna-int8,exp,tree,off,32,8,3,1220.0,569.0,460.0,4.0,298.0,326.0,8.0,7.0,2.0,6.0,0.0,0.0,0.0,1493.0
scna-int8,exp,tree,off,32,8,4,1220.0,568.0,459.0,4.0,294.0,330.0,9.0,7.0,2.0,6.0,0.0,0.0,0.0,1482.0
scna-int8,exp,tree,off,32,8,5,1209.0,568.0,460.0,4.0,287.0,327.0,8.0,7.0,2.0,6.0,0.0,0.0,0.0,1466.0
scna-int8,exp,tree,off,32,8,6,1256.0,564.0,461.0,4.0,330.0,334.0,9.0,7.0,2.0,6.0,0.0,0.0,0.0,1597.0
scna-int8,exp,tree,off,32,8,7,1268.0,563.0,461.0,4.0,342.0,336.0,8.0,7.0,2.0,6.0,0.0,0.0,0.0,1591.0
scna-int8,exp,tree,off,32,8,8,1259.0,562.0,460.0,4.0,336.0,334.0,8.0,7.0,2.0,6.0,0.0,0.0,0.0,1584.0
scna-int8,exp,tree,off,32,8,9,1278.0,563.0,460.0,4.0,358.0,329.0,8.0,7.0,3.0,6.0,0.0,0.0,0.0,1615.0
scna-int8,exp,tree,off,32,8,10,1283.0,564.0,459.0,4.0,360.0,332.0,8.0,7.0,2.0,6.0,0.0,0.0,0.0,1666.0
scna-int8,exp,tree,off,32,8,11,1272.0,563.0,460.0,4.0,354.0,328.0,8.0,7.0,2.0,6.0,0.0,0.0,0.0,1596.0
scna-int8,exp,tree,off,32,8,12,1293.0,563.0,459.0,4.0,367.0,335.0,8.0,7.0,3.0,6.0,0.0,0.0,0.0,1588.0
scna-int8,exp,tree,off,32,8,13,1292.0,559.0,459.0,4.0,373.0,332.0,8.0,7.0,3.0,6.0,0.0,0.0,0.0,1612.0
scna-int8,exp,tree,off,32,8,14,1289.0,563.0,460.0,4.0,372.0,326.0,8.0,7.0,3.0,6.0,0.0,0.0,0.0,1606.0
scna-int8,exp,tree,off,32,8,15,1283.0,562.0,459.0,4.0,367.0,327.0,8.0,7.0,2.0,6.0,0.0,0.0,0.0,1634.0
scna-int8,exp,tree,off,32,8,16,1284.0,561.0,459.0,4.0,369.0,327.0,8.0,7.0,2.0,6.0,0.0,0.0,0.0,1618.0
scna-int8,exp,tree,off,32,8,17,1295.0,560.0,459.0,4.0,375.0,333.0,8.0,7.0,2.0,6.0,0.0,0.0,0.0,1603.0
scna-int8,exp,tree,off,32,8,18,1295.0,561.0,459.0,4.0,373.0,334.0,8.0,7.0,2.0,6.0,0.0,0.0,0.0,1604.0
scna-int8,exp,tree,off,32,8,19,1298.0,562.0,459.0,4.0,381.0,328.0,8.0,7.0,2.0,6.0,0.0,0.0,0.0,1609.0
scna-int8,exp,tree,off,32,16,0,1677.0,1047.0,887.0,8.0,312.0,273.0,12.0,11.0,3.0,11.0,0.0,0.0,0.0,1971.0
scna-int8,exp,tree,off,32,16,1,1768.0,1073.0,892.0,8.0,342.0,309.0,12.0,10.0,3.0,11.0,0.0,0.0,0.0,2062.0
scna-int8,exp,tree,off,32,16,2,1739.0,1090.0,897.0,8.0,281.0,324.0,12.0,11.0,3.0,10.0,0.0,0.0,0.0,2031.0
scna-int8,exp,tree,off,32,16,3,1785.0,1076.0,896.0,8.0,348.0,318.0,12.0,10.0,2.0,11.0,0.0,0.0,0.0,2100.0
scna-int8,exp,tree,off,32,16,4,1759.0,1066.0,892.0,8.0,350.0,301.0,12.0,10.0,2.0,10.0,0.0,0.0,0.0,2170.0
scna-int8,exp,tree,off,32,16,5,1696.0,1059.0,888.0,8.0,316.0,279.0,12.0,10.0,2.0,10.0,0.0,0.0,0.0,1974.0
scna-int8,exp,tree,off,32,16,6,1663.0,1058.0,886.0,8.0,300.0,262.0,12.0,10.0,2.0,11.0,0.0,0.0,0.0,1986.0
scna-int8,exp,tree,off,32,16,7,1697.0,1072.0,887.0,9.0,298.0,281.0,12.0,10.0,3.0,12.0,0.0,0.0,0.0,1984.0
scna-int8,exp,tree,off,32,16,8,1676.0,1069.0,886.0,8.0,305.0,258.0,12.0,10.0,3.0,11.0,0.0,0.0,0.0,1933.0
scna-int8,exp,tree,off,32,16,9,1686.0,1069.0,887.0,8.0,302.0,270.0,12.0,11.0,3.0,11.0,0.0,0.0,0.0,2016.0
scna-int8,exp,tree,off,32,16,10,1691.0,1074.0,888.0,8.0,306.0,266.0,12.0,12.0,3.0,10.0,0.0,0.0,0.0,1977.0
scna-int8,exp,tree,off,32,16,11,1693.0,1067.0,887.0,8.0,301.0,279.0,12.0,12.0,2.0,12.0,0.0,0.0,0.0,1997.0
scna-int8,exp,tree,off,32,16,12,1687.0,1070.0,887.0,8.0,306.0,266.0,12.0,11.0,2.0,12.0,0.0,0.0,0.0,1976.0
scna-int8,exp,tree,off,32,16,13,1681.0,1069.0,886.0,8.0,302.0,266.0,12.0,11.0,2.0,11.0,0.0,0.0,0.0,2006.0
scna-int8,exp,tree,off,32,16,14,1684.0,1070.0,887.0,8.0,305.0,265.0,12.0,11.0,2.0,11.0,0.0,0.0,0.0,2040.0
scna-int8,exp,tree,off,32,16,15,1689.0,1066.0,886.0,8.0,307.0,272.0,12.0,11.0,2.0,11.0,0.0,0.0,0.0,2065.0
scna-int8,exp,tree,off,32,16,16,1683.0,1067.0,886.0,8.0,304.0,267.0,12.0,11.0,2.0,12.0,0.0,0.0,0.0,2033.0
scna-int8,exp,tree,off,32,16,17,1686.0,1069.0,886.0,8.0,302.0,271.0,12.0,11.0,2.0,11.0,0.0,0.0,0.0,2017.0
scna-int8,exp,tree,off,32,16,18,1694.0,1069.0,886.0,8.0,307.0,273.0,12.0,11.0,2.0,12.0,0.0,0.0,0.0,1951.0
scna-int8,exp,tree,off,32,16,19,1696.0,1069.0,886.0,8.0,305.0,278.0,12.0,11.0,2.0,11.0,0.0,0.0,0.0,1981.0
scna-int8,exp,tree,off,32,32,0,2769.0,2117.0,1761.0,15.0,296.0,270.0,24.0,22.0,3.0,22.0,0.0,0.0,0.0,3122.0
scna-int8,exp,tree,off,32,32,1,2806.0,2127.0,1761.0,14.0,306.0,287.0,24.0,23.0,3.0,22.0,0.0,0.0,0.0,3104.0
scna-int8,exp,tree,off,32,32,2,2804.0,2131.0,1761.0,14.0,300.0,287.0,24.0,23.0,3.0,22.0,0.0,0.0,0.0,3128.0
scna-int8,exp,tree,off,32,32,3,2802.0,2128.0,1763.0,15.0,302.0,285.0,24.0,23.0,3.0,22.0,0.0,0.0,0.0,3176.0
scna-int8,exp,tree,off,32,32,4,2798.0,2131.0,1761.0,14.0,299.0,284.0,24.0,22.0,3.0,21.0,0.0,0.0,0.0,3138.0
scna-int8,exp,tree,off,32,32,5,2798.0,2130.0,1761.0,14.0,298.0,285.0,24.0,23.0,3.0,21.0,0.0,0.0,0.0,3134.0
scna-int8,exp,tree,off,32,32,6,2800.0,2129.0,1763.0,14.0,303.0,282.0,24.0,23.0,3.0,22.0,0.0,0.0,0.0,3138.0
scna-int8,exp,tree,off,32,32,7,2796.0,2129.0,1760.0,15.0,296.0,284.0,24.0,23.0,3.0,22.0,0.0,0.0,0.0,3169.0
scna-int8,exp,tree,off,32,32,8,2797.0,2129.0,1762.0,15.0,298.0,284.0,24.0,23.0,3.0,21.0,0.0,0.0,0.0,3159.0
scna-int8,exp,tree,off,32,32,9,2792.0,2127.0,1761.0,15.0,296.0,283.0,24.0,23.0,3.0,21.0,0.0,0.0,0.0,3111.0
scna-int8,exp,tree,off,32,32,10,2796.0,2129.0,1762.0,15.0,299.0,283.0,24.0,22.0,3.0,21.0,0.0,0.0,0.0,3101.0
scna-int8,exp,tree,off,32,32,11,2790.0,2129.0,1761.0,14.0,294.0,282.0,24.0,22.0,3.0,22.0,0.0,0.0,0.0,3130.0
scna-int8,exp,tree,off,32,32,12,2798.0,2132.0,1761.0,14.0,298.0,282.0,24.0,23.0,3.0,22.0,0.0,0.0,0.0,3097.0
scna-int8,exp,tree,off,32,32,13,2794.0,2129.0,1762.0,15.0,296.0,284.0,24.0,22.0,3.0,21.0,0.0,0.0,0.0,3113.0
scna-int8,exp,tree,off,32,32,14,2782.0,2124.0,1761.0,15.0,290.0,282.0,24.0,22.0,3.0,22.0,0.0,0.0,0.0,3123.0
scna-int8,exp,tree,off,32,32,15,2794.0,2129.0,1763.0,15.0,299.0,281.0,24.0,23.0,3.0,20.0,0.0,0.0,0.0,3099.0
scna-int8,exp,tree,off,32,32,16,2792.0,2128.0,1760.0,14.0,297.0,282.0,24.0,23.0,3.0,21.0,0.0,0.0,0.0,3120.0
scna-int8,exp,tree,off,32,32,17,2799.0,2131.0,1762.0,14.0,301.0,282.0,24.0,23.0,3.0,21.0,0.0,0.0,0.0,3083.0
scna-int8,exp,tree,off,32,32,18,2799.0,2132.0,1761.0,14.0,299.0,282.0,24.0,23.0,3.0,22.0,0.0,0.0,0.0,3089.0
scna-int8,exp,tree,off,32,32,19,2800.0,2129.0,1761.0,15.0,302.0,282.0,24.0,23.0,3.0,22.0,0.0,0.0,0.0,3083.0
scna-int8,exp,tree,on,8,4,0,454.0,214.0,176.0,2.0,133.0,99.0,3.0,0.0,0.0,3.0,9.0,22.0,193.0,672.0
scna-int8,exp,tree,on,8,4,1,450.0,216.0,174.0,2.0,130.0,96.0,2.0,0.0,0.0,4.0,8.0,18.0,192.0,677.0
scna-int8,exp,tree,on,8,4,2,452.0,216.0,174.0,2.0,130.0,97.0,3.0,0.0,0.0,4.0,8.0,19.0,192.0,686.0
scna-int8,exp,tree,on,8,4,3,454.0,217.0,174.0,2.0,131.0,97.0,2.0,1.0,0.0,4.0,10.0,18.0,193.0,682.0
scna-int8,exp,tree,on,8,4,4,450.0,214.0,175.0,2.0,130.0,97.0,3.0,0.0,0.0,4.0,9.0,20.0,193.0,667.0
scna-int8,exp,tree,on,8,4,5,446.0,213.0,174.0,1.0,130.0,96.0,2.0,0.0,0.0,4.0,8.0,17.0,193.0,672.0
scna-int8,exp,tree,on,8,4,6,450.0,214.0,174.0,2.0,130.0,97.0,3.0,0.0,0.0,4.0,9.0,19.0,192.0,660.0
scna-int8,exp,tree,on,8,4,7,447.0,213.0,175.0,2.0,130.0,96.0,2.0,0.0,0.0,4.0,9.0,17.0,194.0,670.0
scna-int8,exp,tree,on,8,4,8,449.0,214.0,174.0,2.0,130.0,96.0,3.0,0.0,0.0,4.0,8.0,18.0,193.0,675.0
scna-int8,exp,tree,on,8,4,9,448.0,213.0,174.0,2.0,130.0,97.0,2.0,0.0,0.0,4.0,8.0,19.0,192.0,664.0
scna-int8,exp,tree,on,8,4,10,450.0,215.0,175.0,2.0,130.0,96.0,3.0,0.0,0.0,4.0,8.0,17.0,193.0,663.0
scna-int8,exp,tree,on,8,4,11,448.0,213.0,175.0,2.0,130.0,97.0,2.0,0.0,0.0,4.0,8.0,18.0,193.0,661.0
scna-int8,exp,tree,on,8,4,12,449.0,214.0,175.0,2.0,130.0,96.0,3.0,0.0,0.0,4.0,9.0,19.0,192.0,673.0
scna-int8,exp,tree,on,8,4,13,447.0,213.0,174.0,2.0,130.0,96.0,2.0,0.0,0.0,4.0,8.0,19.0,192.0,661.0
scna-int8,exp,tree,on,8,4,14,449.0,214.0,175.0,2.0,130.0,96.0,3.0,0.0,0.0,4.0,8.0,18.0,193.0,661.0
scna-int8,exp,tree,on,8,4,15,447.0,213.0,174.0,2.0,130.0,96.0,2.0,0.0,0.0,4.0,9.0,17.0,193.0,668.0
scna-int8,exp,tree,on,8,4,16,449.0,213.0,174.0,2.0,130.0,97.0,3.0,0.0,0.0,4.0,8.0,19.0,192.0,672.0
scna-int8,exp,tree,on,8,4,17,449.0,214.0,174.0,2.0,130.0,97.0,2.0,0.0,0.0,4.0,8.0,20.0,193.0,671.0
scna-int8,exp,tree,on,8,4,18,449.0,214.0,175.0,2.0,130.0,96.0,3.0,0.0,0.0,4.0,8.0,18.0,193.0,667.0
scna-int8,exp,tree,on,8,4,19,452.0,216.0,174.0,2.0,130.0,97.0,2.0,1.0,0.0,4.0,8.0,19.0,193.0,689.0
scna-int8,exp,tree,on,8,8,0,672.0,423.0,346.0,3.0,130.0,97.0,8.0,4.0,2.0,5.0,9.0,17.0,193.0,879.0
scna-int8,exp,tree,on,8,8,1,675.0,424.0,347.0,3.0,130.0,99.0,8.0,4.0,2.0,5.0,9.0,21.0,192.0,919.0
scna-int8,exp,tree,on,8,8,2,675.0,424.0,347.0,4.0,131.0,97.0,8.0,4.0,2.0,5.0,9.0,18.0,194.0,905.0
scna-int8,exp,tree,on,8,8,3,673.0,423.0,347.0,4.0,130.0,97.0,8.0,4.0,2.0,5.0,10.0,18.0,194.0,887.0
scna-int8,exp,tree,on,8,8,4,677.0,425.0,347.0,4.0,131.0,98.0,8.0,4.0,2.0,5.0,9.0,19.0,194.0,876.0
scna-int8,exp,tree,on,8,8,5,676.0,425.0,346.0,4.0,131.0,97.0,8.0,4.0,2.0,5.0,10.0,18.0,194.0,889.0
scna-int8,exp,tree,on,8,8,6,677.0,426.0,347.0,4.0,131.0,97.0,8.0,4.0,2.0,5.0,8.0,18.0,194.0,880.0
scna-int8,exp,tree,on,8,8,7,674.0,424.0,346.0,4.0,131.0,97.0,7.0,4.0,2.0,5.0,9.0,18.0,194.0,883.0
scna-int8,exp,tree,on,8,8,8,675.0,426.0,347.0,4.0,131.0,96.0,7.0,5.0,2.0,4.0,10.0,18.0,194.0,911.0
scna-int8,exp,tree,on,8,8,9,678.0,428.0,347.0,4.0,131.0,96.0,8.0,5.0,1.0,5.0,9.0,19.0,193.0,882.0
scna-int8,exp,tree,on,8,8,10,675.0,424.0,347.0,4.0,131.0,97.0,8.0,4.0,2.0,5.0,9.0,18.0,193.0,949.0
scna-int8,exp,tree,on,8,8,11,675.0,424.0,346.0,4.0,131.0,97.0,8.0,4.0,2.0,5.0,9.0,18.0,192.0,960.0
scna-int8,exp,tree,on,8,8,12,672.0,422.0,346.0,4.0,130.0,97.0,8.0,4.0,2.0,5.0,9.0,18.0,192.0,965.0
scna-int8,exp,tree,on,8,8,13,672.0,423.0,347.0,4.0,130.0,97.0,8.0,4.0,2.0,4.0,9.0,18.0,194.0,975.0
scna-int8,exp,tree,on,8,8,14,672.0,421.0,347.0,4.0,131.0,97.0,8.0,4.0,2.0,5.0,9.0,19.0,192.0,898.0
scna-int8,exp,tree,on,8,8,15,675.0,422.0,347.0,4.0,132.0,98.0,8.0,4.0,2.0,5.0,9.0,20.0,193.0,975.0
scna-int8,exp,tree,on,8,8,16,672.0,422.0,346.0,4.0,130.0,98.0,7.0,4.0,2.0,5.0,9.0,18.0,194.0,961.0
scna-int8,exp,tree,on,8,8,17,671.0,423.0,346.0,4.0,130.0,97.0,7.0,4.0,2.0,4.0,9.0,18.0,193.0,967.0
scna-int8,exp,tree,on,8,8,18,673.0,422.0,346.0,4.0,130.0,99.0,7.0,4.0,2.0,5.0,9.0,19.0,193.0,961.0
scna-int8,exp,tree,on,8,8,19,668.0,420.0,346.0,4.0,130.0,97.0,7.0,4.0,2.0,4.0,9.0,18.0,193.0,969.0
scna-int8,exp,tree,on,8,16,0,1114.0,841.0,691.0,7.0,130.0,104.0,11.0,9.0,2.0,10.0,10.0,24.0,193.0,1425.0
scna-int8,exp,tree,on,8,16,1,1119.0,843.0,694.0,7.0,132.0,105.0,11.0,9.0,2.0,10.0,8.0,28.0,193.0,1340.0
scna-int8,exp,tree,on,8,16,2,1115.0,841.0,691.0,7.0,130.0,105.0,11.0,9.0,2.0,10.0,9.0,25.0,193.0,1352.0
scna-int8,exp,tree,on,8,16,3,1113.0,846.0,691.0,8.0,131.0,97.0,10.0,9.0,2.0,10.0,9.0,18.0,193.0,1425.0
scna-int8,exp,tree,on,8,16,4,1110.0,841.0,690.0,8.0,131.0,98.0,11.0,9.0,2.0,10.0,9.0,20.0,193.0,1393.0
scna-int8,exp,tree,on,8,16,5,1109.0,841.0,690.0,8.0,131.0,97.0,11.0,9.0,2.0,10.0,9.0,18.0,193.0,1393.0
scna-int8,exp,tree,on,8,16,6,1106.0,839.0,690.0,7.0,131.0,97.0,11.0,9.0,2.0,10.0,9.0,20.0,193.0,1393.0
scna-int8,exp,tree,on,8,16,7,1109.0,840.0,690.0,8.0,131.0,98.0,11.0,9.0,2.0,10.0,10.0,20.0,192.0,1393.0
scna-int8,exp,tree,on,8,16,8,1110.0,842.0,690.0,7.0,131.0,98.0,11.0,9.0,2.0,10.0,9.0,21.0,192.0,1389.0
scna-int8,exp,tree,on,8,16,9,1109.0,842.0,691.0,8.0,131.0,97.0,10.0,9.0,2.0,10.0,10.0,19.0,192.0,1398.0
scna-int8,exp,tree,on,8,16,10,1108.0,840.0,690.0,8.0,131.0,97.0,11.0,9.0,2.0,10.0,9.0,18.0,194.0,1393.0
scna-int8,exp,tree,on,8,16,11,1109.0,842.0,690.0,8.0,131.0,97.0,10.0,9.0,2.0,10.0,9.0,19.0,193.0,1392.0
scna-int8,exp,tree,on,8,16,12,1109.0,842.0,690.0,8.0,131.0,96.0,11.0,9.0,2.0,10.0,9.0,18.0,194.0,1390.0
scna-int8,exp,tree,on,8,16,13,1108.0,842.0,689.0,8.0,131.0,96.0,10.0,9.0,2.0,10.0,10.0,18.0,192.0,1391.0
scna-int8,exp,tree,on,8,16,14,1107.0,840.0,691.0,8.0,130.0,96.0,11.0,10.0,2.0,10.0,10.0,18.0,193.0,1397.0
scna-int8,exp,tree,on,8,16,15,1107.0,840.0,690.0,8.0,131.0,97.0,10.0,9.0,2.0,10.0,9.0,19.0,194.0,1389.0
scna-int8,exp,tree,on,8,16,16,1110.0,841.0,690.0,8.0,131.0,98.0,11.0,9.0,2.0,10.0,9.0,19.0,192.0,1347.0
scna-int8,exp,tree,on,8,16,17,1107.0,841.0,689.0,7.0,131.0,97.0,10.0,9.0,2.0,10.0,10.0,19.0,193.0,1446.0
scna-int8,exp,tree,on,8,16,18,1107.0,839.0,690.0,8.0,131.0,97.0,11.0,9.0,2.0,10.0,10.0,19.0,193.0,1340.0
scna-int8,exp,tree,on,8,16,19,1108.0,839.0,690.0,8.0,132.0,98.0,10.0,9.0,2.0,10.0,9.0,19.0,193.0,1348.0
scna-int8,exp,tree,on,8,32,0,1997.0,1683.0,1377.0,15.0,131.0,98.0,23.0,21.0,4.0,22.0,9.0,19.0,194.0,2292.0
scna-int8,exp,tree,on,8,32,1,2020.0,1706.0,1376.0,15.0,131.0,98.0,23.0,21.0,4.0,22.0,10.0,19.0,193.0,2288.0
scna-int8,exp,tree,on,8,32,2,1980.0,1666.0,1376.0,14.0,131.0,99.0,23.0,21.0,4.0,22.0,9.0,21.0,192.0,2288.0
scna-int8,exp,tree,on,8,32,3,1984.0,1670.0,1375.0,14.0,132.0,98.0,24.0,21.0,4.0,21.0,10.0,19.0,192.0,2266.0
scna-int8,exp,tree,on,8,32,4,1971.0,1658.0,1375.0,14.0,131.0,99.0,24.0,21.0,4.0,20.0,10.0,21.0,193.0,2296.0
scna-int8,exp,tree,on,8,32,5,1971.0,1656.0,1376.0,15.0,130.0,100.0,24.0,21.0,4.0,21.0,10.0,20.0,194.0,2333.0
scna-int8,exp,tree,on,8,32,6,1971.0,1657.0,1375.0,14.0,131.0,99.0,24.0,21.0,4.0,21.0,9.0,19.0,194.0,2238.0
scna-int8,exp,tree,on,8,32,7,1974.0,1659.0,1376.0,14.0,132.0,99.0,24.0,21.0,4.0,21.0,8.0,22.0,193.0,2335.0
scna-int8,exp,tree,on,8,32,8,1967.0,1656.0,1376.0,14.0,130.0,99.0,24.0,20.0,4.0,20.0,9.0,19.0,193.0,2283.0
scna-int8,exp,tree,on,8,32,9,1972.0,1658.0,1376.0,15.0,130.0,100.0,24.0,20.0,4.0,21.0,8.0,21.0,193.0,2270.0
scna-int8,exp,tree,on,8,32,10,1971.0,1658.0,1375.0,14.0,130.0,100.0,23.0,21.0,4.0,21.0,9.0,19.0,194.0,2237.0
scna-int8,exp,tree,on,8,32,11,1983.0,1666.0,1375.0,15.0,133.0,100.0,23.0,21.0,4.0,21.0,8.0,24.0,192.0,2244.0
scna-int8,exp,tree,on,8,32,12,1981.0,1667.0,1376.0,14.0,131.0,99.0,24.0,21.0,4.0,21.0,10.0,20.0,194.0,2271.0
scna-int8,exp,tree,on,8,32,13,1983.0,1667.0,1376.0,15.0,133.0,99.0,23.0,21.0,4.0,21.0,10.0,22.0,192.0,2356.0
scna-int8,exp,tree,on,8,32,14,1989.0,1672.0,1376.0,15.0,134.0,98.0,24.0,21.0,4.0,21.0,10.0,23.0,192.0,2246.0
scna-int8,exp,tree,on,8,32,15,1992.0,1673.0,1375.0,15.0,134.0,102.0,23.0,21.0,4.0,20.0,10.0,25.0,193.0,2302.0
scna-int8,exp,tree,on,8,32,16,1980.0,1665.0,1376.0,14.0,131.0,101.0,24.0,20.0,4.0,21.0,10.0,21.0,194.0,2267.0
scna-int8,exp,tree,on,8,32,17,1993.0,1680.0,1376.0,15.0,132.0,97.0,23.0,21.0,4.0,21.0,10.0,19.0,193.0,2269.0
scna-int8,exp,tree,on,8,32,18,1977.0,1666.0,1376.0,14.0,131.0,97.0,24.0,21.0,4.0,20.0,9.0,17.0,193.0,2285.0
scna-int8,exp,tree,on,8,32,19,1970.0,1657.0,1375.0,15.0,131.0,97.0,24.0,21.0,4.0,21.0,8.0,17.0,194.0,2284.0
scna-int8,exp,tree,on,16,4,0,471.0,232.0,194.0,2.0,130.0,100.0,3.0,0.0,0.0,4.0,8.0,22.0,192.0,665.0
scna-int8,exp,tree,on,16,4,1,473.0,233.0,194.0,2.0,130.0,102.0,2.0,0.0,0.0,4.0,8.0,23.0,193.0,672.0
scna-int8,exp,tree,on,16,4,2,473.0,232.0,193.0,2.0,130.0,102.0,3.0,0.0,0.0,4.0,8.0,23.0,193.0,671.0
scna-int8,exp,tree,on,16,4,3,473.0,234.0,193.0,2.0,130.0,101.0,2.0,0.0,0.0,4.0,9.0,23.0,193.0,672.0
scna-int8,exp,tree,on,16,4,4,474.0,233.0,193.0,2.0,130.0,102.0,3.0,0.0,0.0,4.0,9.0,24.0,192.0,660.0
scna-int8,exp,tree,on,16,4,5,472.0,233.0,193.0,2.0,130.0,102.0,2.0,0.0,0.0,3.0,8.0,24.0,192.0,666.0
scna-int8,exp,tree,on,16,4,6,474.0,233.0,193.0,2.0,130.0,102.0,3.0,0.0,0.0,4.0,8.0,25.0,193.0,659.0
scna-int8,exp,tree,on,16,4,7,473.0,233.0,194.0,2.0,130.0,102.0,2.0,0.0,0.0,4.0,8.0,25.0,194.0,659.0
scna-int8,exp,tree,on,16,4,8,471.0,232.0,193.0,2.0,130.0,101.0,3.0,0.0,0.0,3.0,8.0,23.0,193.0,661.0
scna-int8,exp,tree,on,16,4,9,472.0,232.0,193.0,2.0,130.0,102.0,2.0,0.0,0.0,4.0,8.0,24.0,193.0,659.0
scna-int8,exp,tree,on,16,4,10,473.0,232.0,194.0,2.0,130.0,102.0,3.0,0.0,0.0,4.0,9.0,24.0,193.0,658.0
scna-int8,exp,tree,on,16,4,11,472.0,233.0,194.0,2.0,130.0,101.0,2.0,0.0,0.0,4.0,8.0,23.0,192.0,674.0
scna-int8,exp,tree,on,16,4,12,474.0,233.0,194.0,2.0,130.0,102.0,3.0,0.0,0.0,4.0,8.0,24.0,192.0,667.0
scna-int8,exp,tree,on,16,4,13,472.0,232.0,194.0,2.0,130.0,102.0,2.0,0.0,0.0,4.0,8.0,24.0,193.0,660.0
scna-int8,exp,tree,on,16,4,14,472.0,232.0,193.0,2.0,130.0,101.0,3.0,0.0,0.0,4.0,8.0,24.0,192.0,658.0
scna-int8,exp,tree,on,16,4,15,475.0,233.0,193.0,2.0,130.0,104.0,2.0,0.0,0.0,4.0,8.0,27.0,192.0,716.0
scna-int8,exp,tree,on,16,4,16,529.0,241.0,197.0,2.0,143.0,136.0,3.0,0.0,0.0,4.0,8.0,73.0,192.0,754.0
scna-int8,exp,tree,on,16,4,17,522.0,240.0,197.0,2.0,142.0,132.0,2.0,0.0,0.0,4.0,8.0,67.0,193.0,740.0
scna-int8,exp,tree,on,16,4,18,532.0,243.0,197.0,2.0,147.0,133.0,3.0,0.0,0.0,4.0,8.0,73.0,193.0,737.0
scna-int8,exp,tree,on,16,4,19,530.0,242.0,199.0,2.0,144.0,136.0,2.0,0.0,0.0,4.0,9.0,72.0,192.0,763.0
scna-int8,exp,tree,on,16,8,0,744.0,466.0,382.0,4.0,134.0,123.0,7.0,4.0,2.0,4.0,9.0,49.0,192.0,1024.0
scna-int8,exp,tree,on,16,8,1,741.0,466.0,382.0,4.0,135.0,120.0,6.0,4.0,2.0,4.0,9.0,47.0,192.0,1037.0
scna-int8,exp,tree,on,16,8,2,745.0,465.0,382.0,3.0,135.0,125.0,7.0,4.0,2.0,4.0,8.0,50.0,193.0,1009.0
scna-int8,exp,tree,on,16,8,3,741.0,464.0,383.0,3.0,134.0,123.0,7.0,4.0,2.0,4.0,10.0,49.0,193.0,1011.0
scna-int8,exp,tree,on,16,8,4,739.0,466.0,382.0,3.0,137.0,117.0,6.0,4.0,2.0,4.0,8.0,46.0,193.0,1013.0
scna-int8,exp,tree,on,16,8,5,742.0,466.0,382.0,3.0,136.0,120.0,7.0,4.0,2.0,4.0,9.0,48.0,192.0,1010.0
scna-int8,exp,tree,on,16,8,6,740.0,464.0,382.0,3.0,136.0,120.0,7.0,4.0,2.0,4.0,8.0,47.0,192.0,1013.0
scna-int8,exp,tree,on,16,8,7,743.0,466.0,382.0,4.0,134.0,122.0,6.0,4.0,2.0,5.0,8.0,47.0,192.0,1023.0
scna-int8,exp,tree,on,16,8,8,738.0,466.0,382.0,3.0,136.0,116.0,7.0,4.0,2.0,4.0,9.0,44.0,193.0,1014.0
scna-int8,exp,tree,on,16,8,9,746.0,469.0,382.0,4.0,137.0,119.0,7.0,4.0,2.0,4.0,9.0,47.0,192.0,998.0
scna-int8,exp,tree,on,16,8,10,754.0,471.0,385.0,4.0,136.0,127.0,6.0,4.0,2.0,4.0,8.0,55.0,192.0,1001.0
scna-int8,exp,tree,on,16,8,11,723.0,462.0,383.0,4.0,132.0,108.0,7.0,4.0,2.0,4.0,8.0,31.0,194.0,1017.0
scna-int8,exp,tree,on,16,8,12,708.0,456.0,382.0,3.0,130.0,101.0,7.0,4.0,2.0,5.0,9.0,22.0,193.0,920.0
scna-int8,exp,tree,on,16,8,13,704.0,454.0,381.0,3.0,130.0,100.0,6.0,4.0,2.0,5.0,10.0,21.0,193.0,901.0
scna-int8,exp,tree,on,16,8,14,709.0,456.0,381.0,4.0,130.0,101.0,7.0,4.0,2.0,5.0,9.0,21.0,193.0,903.0
scna-int8,exp,tree,on,16,8,15,705.0,455.0,381.0,3.0,130.0,99.0,7.0,4.0,2.0,5.0,8.0,20.0,193.0,998.0
scna-int8,exp,tree,on,16,8,16,705.0,456.0,381.0,3.0,130.0,100.0,6.0,4.0,2.0,4.0,9.0,20.0,193.0,966.0
scna-int8,exp,tree,on,16,8,17,704.0,454.0,381.0,3.0,130.0,100.0,7.0,4.0,2.0,4.0,8.0,20.0,194.0,998.0
scna-int8,exp,tree,on,16,8,18,707.0,456.0,381.0,4.0,130.0,99.0,7.0,4.0,2.0,5.0,8.0,19.0,194.0,893.0
scna-int8,exp,tree,on,16,8,19,704.0,457.0,380.0,3.0,130.0,97.0,6.0,4.0,3.0,4.0,9.0,18.0,193.0,914.0
scna-int8,exp,tree,on,16,16,0,1181.0,910.0,755.0,7.0,131.0,101.0,11.0,9.0,2.0,10.0,10.0,23.0,194.0,1427.0
scna-int8,exp,tree,on,16,16,1,1181.0,912.0,757.0,7.0,130.0,101.0,10.0,9.0,2.0,10.0,10.0,22.0,194.0,1432.0
scna-int8,exp,tree,on,16,16,2,1182.0,910.0,755.0,7.0,131.0,102.0,11.0,9.0,2.0,10.0,10.0,23.0,193.0,1435.0
scna-int8,exp,tree,on,16,16,3,1182.0,912.0,756.0,7.0,131.0,101.0,10.0,9.0,2.0,10.0,8.0,23.0,192.0,1458.0
scna-int8,exp,tree,on,16,16,4,1341.0,950.0,767.0,7.0,175.0,177.0,11.0,9.0,2.0,10.0,9.0,143.0,192.0,1620.0
scna-int8,exp,tree,on,16,16,5,1333.0,944.0,767.0,8.0,178.0,172.0,10.0,9.0,2.0,10.0,10.0,141.0,192.0,1652.0
scna-int8,exp,tree,on,16,16,6,1342.0,951.0,767.0,7.0,175.0,177.0,11.0,9.0,2.0,10.0,9.0,143.0,193.0,1606.0
scna-int8,exp,tree,on,16,16,7,1341.0,949.0,767.0,7.0,175.0,178.0,10.0,9.0,3.0,10.0,10.0,144.0,192.0,1633.0
scna-int8,exp,tree,on,16,16,8,1343.0,950.0,767.0,7.0,174.0,180.0,11.0,9.0,2.0,10.0,9.0,145.0,192.0,1615.0
scna-int8,exp,tree,on,16,16,9,1331.0,946.0,767.0,7.0,174.0,172.0,10.0,9.0,3.0,10.0,9.0,137.0,191.0,1639.0
scna-int8,exp,tree,on,16,16,10,1342.0,950.0,766.0,7.0,180.0,173.0,11.0,9.0,2.0,10.0,9.0,143.0,192.0,1573.0
scna-int8,exp,tree,on,16,16,11,1334.0,947.0,767.0,7.0,175.0,174.0,10.0,9.0,2.0,10.0,10.0,140.0,192.0,1617.0
scna-int8,exp,tree,on,16,16,12,1338.0,948.0,767.0,8.0,173.0,177.0,11.0,9.0,2.0,10.0,10.0,142.0,192.0,1628.0
scna-int8,exp,tree,on,16,16,13,1330.0,948.0,767.0,7.0,172.0,172.0,10.0,9.0,2.0,10.0,9.0,135.0,192.0,1589.0
scna-int8,exp,tree,on,16,16,14,1335.0,949.0,767.0,7.0,174.0,173.0,11.0,9.0,2.0,10.0,9.0,137.0,192.0,1578.0
scna-int8,exp,tree,on,16,16,15,1331.0,951.0,767.0,7.0,172.0,169.0,10.0,9.0,3.0,10.0,10.0,131.0,192.0,1648.0
scna-int8,exp,tree,on,16,16,16,1335.0,949.0,766.0,7.0,174.0,173.0,11.0,9.0,2.0,10.0,8.0,137.0,192.0,1583.0
scna-int8,exp,tree,on,16,16,17,1339.0,950.0,766.0,8.0,176.0,174.0,10.0,9.0,2.0,10.0,9.0,140.0,192.0,1607.0
scna-int8,exp,tree,on,16,16,18,1329.0,946.0,765.0,7.0,171.0,173.0,11.0,9.0,2.0,10.0,9.0,136.0,192.0,1581.0
scna-int8,exp,tree,on,16,16,19,1330.0,947.0,766.0,7.0,173.0,171.0,10.0,9.0,3.0,10.0,10.0,136.0,192.0,1621.0
scna-int8,exp,tree,on,16,32,0,2269.0,1878.0,1511.0,14.0,158.0,151.0,23.0,21.0,4.0,20.0,9.0,101.0,192.0,2607.0
scna-int8,exp,tree,on,16,32,1,2259.0,1871.0,1510.0,14.0,157.0,150.0,22.0,21.0,4.0,20.0,9.0,97.0,193.0,2609.0
scna-int8,exp,tree,on,16,32,2,2258.0,1870.0,1510.0,14.0,154.0,153.0,23.0,20.0,4.0,20.0,9.0,97.0,192.0,2516.0
scna-int8,exp,tree,on,16,32,3,2239.0,1860.0,1510.0,14.0,150.0,147.0,23.0,21.0,4.0,20.0,9.0,87.0,193.0,2524.0
scna-int8,exp,tree,on,16,32,4,2240.0,1863.0,1509.0,14.0,149.0,147.0,22.0,21.0,4.0,20.0,9.0,86.0,193.0,2533.0
scna-int8,exp,tree,on,16,32,5,2290.0,1873.0,1512.0,14.0,164.0,172.0,23.0,20.0,4.0,20.0,9.0,126.0,192.0,2626.0
scna-int8,exp,tree,on,16,32,6,2317.0,1882.0,1515.0,14.0,179.0,176.0,22.0,20.0,4.0,20.0,10.0,146.0,192.0,2650.0
scna-int8,exp,tree,on,16,32,7,2319.0,1875.0,1515.0,14.0,181.0,182.0,22.0,21.0,4.0,20.0,10.0,155.0,192.0,2583.0
scna-int8,exp,tree,on,16,32,8,2317.0,1888.0,1515.0,14.0,176.0,173.0,22.0,20.0,4.0,20.0,10.0,140.0,192.0,2631.0
scna-int8,exp,tree,on,16,32,9,2316.0,1881.0,1515.0,14.0,178.0,176.0,22.0,21.0,4.0,20.0,9.0,145.0,193.0,2606.0
scna-int8,exp,tree,on,16,32,10,2313.0,1877.0,1515.0,14.0,178.0,177.0,23.0,20.0,4.0,20.0,9.0,146.0,192.0,2658.0
scna-int8,exp,tree,on,16,32,11,2310.0,1879.0,1514.0,14.0,174.0,175.0,23.0,21.0,4.0,20.0,9.0,140.0,193.0,2582.0
scna-int8,exp,tree,on,16,32,12,2311.0,1881.0,1514.0,14.0,176.0,172.0,23.0,21.0,4.0,20.0,9.0,138.0,192.0,2644.0
scna-int8,exp,tree,on,16,32,13,2321.0,1881.0,1515.0,14.0,180.0,178.0,23.0,21.0,4.0,20.0,10.0,148.0,192.0,2573.0
scna-int8,exp,tree,on,16,32,14,2305.0,1883.0,1514.0,14.0,172.0,170.0,22.0,20.0,4.0,20.0,10.0,136.0,192.0,2642.0
scna-int8,exp,tree,on,16,32,15,2307.0,1879.0,1515.0,14.0,176.0,171.0,23.0,20.0,4.0,20.0,10.0,137.0,193.0,2652.0
scna-int8,exp,tree,on,16,32,16,2313.0,1882.0,1515.0,14.0,174.0,175.0,22.0,21.0,4.0,21.0,9.0,140.0,192.0,2553.0
scna-int8,exp,tree,on,16,32,17,2302.0,1874.0,1514.0,14.0,171.0,176.0,22.0,21.0,4.0,20.0,9.0,139.0,193.0,2540.0
scna-int8,exp,tree,on,16,32,18,2308.0,1876.0,1513.0,14.0,175.0,177.0,22.0,20.0,4.0,20.0,8.0,142.0,192.0,2557.0
scna-int8,exp,tree,on,16,32,19,2307.0,1886.0,1514.0,14.0,170.0,170.0,23.0,20.0,4.0,20.0,8.0,130.0,193.0,2639.0
scna-int8,exp,tree,on,32,4,0,540.0,272.0,226.0,1.0,138.0,124.0,2.0,0.0,1.0,2.0,9.0,54.0,192.0,742.0
scna-int8,exp,tree,on,32,4,1,537.0,271.0,225.0,2.0,137.0,121.0,3.0,0.0,1.0,2.0,8.0,50.0,192.0,753.0
scna-int8,exp,tree,on,32,4,2,543.0,272.0,225.0,2.0,140.0,124.0,2.0,0.0,1.0,2.0,8.0,56.0,193.0,744.0
scna-int8,exp,tree,on,32,4,3,546.0,273.0,225.0,2.0,137.0,128.0,3.0,0.0,1.0,2.0,9.0,55.0,192.0,740.0
scna-int8,exp,tree,on,32,4,4,536.0,272.0,225.0,1.0,137.0,120.0,3.0,0.0,1.0,2.0,9.0,48.0,192.0,752.0
scna-int8,exp,tree,on,32,4,5,534.0,270.0,225.0,2.0,137.0,119.0,3.0,0.0,1.0,2.0,8.0,47.0,193.0,783.0
scna-int8,exp,tree,on,32,4,6,537.0,271.0,225.0,2.0,139.0,119.0,3.0,0.0,1.0,2.0,9.0,51.0,192.0,783.0
scna-int8,exp,tree,on,32,4,7,560.0,274.0,226.0,2.0,146.0,132.0,3.0,0.0,1.0,2.0,9.0,71.0,193.0,772.0
scna-int8,exp,tree,on,32,4,8,563.0,274.0,227.0,2.0,148.0,133.0,3.0,0.0,1.0,2.0,9.0,72.0,193.0,806.0
scna-int8,exp,tree,on,32,4,9,564.0,274.0,227.0,2.0,148.0,134.0,3.0,0.0,1.0,2.0,8.0,74.0,192.0,802.0
scna-int8,exp,tree,on,32,4,10,566.0,274.0,227.0,2.0,148.0,137.0,2.0,0.0,1.0,2.0,9.0,76.0,193.0,802.0
scna-int8,exp,tree,on,32,4,11,567.0,273.0,227.0,2.0,153.0,133.0,3.0,0.0,1.0,2.0,9.0,77.0,193.0,785.0
scna-int8,exp,tree,on,32,4,12,560.0,274.0,227.0,2.0,147.0,132.0,2.0,0.0,1.0,2.0,10.0,71.0,193.0,758.0
scna-int8,exp,tree,on,32,4,13,559.0,274.0,227.0,2.0,146.0,131.0,3.0,0.0,1.0,2.0,9.0,68.0,193.0,802.0
scna-int8,exp,tree,on,32,4,14,563.0,274.0,227.0,2.0,147.0,135.0,2.0,0.0,1.0,2.0,8.0,74.0,193.0,807.0
scna-int8,exp,tree,on,32,4,15,562.0,274.0,227.0,2.0,147.0,133.0,3.0,0.0,1.0,2.0,9.0,71.0,194.0,814.0
scna-int8,exp,tree,on,32,4,16,555.0,273.0,227.0,2.0,145.0,130.0,2.0,0.0,1.0,2.0,8.0,66.0,194.0,828.0
scna-int8,exp,tree,on,32,4,17,557.0,274.0,227.0,2.0,146.0,129.0,3.0,0.0,1.0,2.0,8.0,66.0,193.0,782.0
scna-int8,exp,tree,on,32,4,18,558.0,273.0,227.0,2.0,146.0,132.0,2.0,0.0,1.0,2.0,8.0,69.0,193.0,844.0
scna-int8,exp,tree,on,32,4,19,565.0,274.0,227.0,2.0,150.0,133.0,3.0,0.0,1.0,2.0,9.0,75.0,192.0,789.0
scna-int8,exp,tree,on,32,8,0,774.0,522.0,444.0,4.0,130.0,101.0,7.0,4.0,2.0,4.0,8.0,23.0,194.0,1056.0
scna-int8,exp,tree,on,32,8,1,775.0,526.0,443.0,3.0,130.0,100.0,6.0,4.0,2.0,4.0,9.0,22.0,192.0,1065.0
scna-int8,exp,tree,on,32,8,2,778.0,525.0,443.0,3.0,131.0,102.0,7.0,4.0,2.0,4.0,8.0,23.0,193.0,1069.0
scna-int8,exp,tree,on,32,8,3,777.0,526.0,443.0,4.0,131.0,100.0,6.0,4.0,2.0,4.0,8.0,23.0,192.0,1056.0
scna-int8,exp,tree,on,32,8,4,774.0,524.0,443.0,3.0,130.0,100.0,7.0,4.0,2.0,4.0,9.0,22.0,192.0,1048.0
scna-int8,exp,tree,on,32,8,5,776.0,525.0,443.0,4.0,130.0,101.0,6.0,4.0,2.0,4.0,8.0,23.0,192.0,1055.0
scna-int8,exp,tree,on,32,8,6,779.0,526.0,443.0,3.0,130.0,103.0,7.0,4.0,2.0,4.0,8.0,25.0,192.0,1050.0
scna-int8,exp,tree,on,32,8,7,774.0,523.0,444.0,3.0,130.0,102.0,6.0,4.0,2.0,4.0,8.0,24.0,194.0,1020.0
scna-int8,exp,tree,on,32,8,8,793.0,528.0,444.0,3.0,134.0,111.0,7.0,4.0,2.0,4.0,8.0,37.0,192.0,988.0
scna-int8,exp,tree,on,32,8,9,789.0,528.0,443.0,3.0,134.0,108.0,6.0,4.0,2.0,4.0,9.0,32.0,192.0,989.0
scna-int8,exp,tree,on,32,8,10,792.0,528.0,445.0,4.0,134.0,109.0,7.0,4.0,2.0,4.0,8.0,33.0,193.0,1056.0
scna-int8,exp,tree,on,32,8,11,790.0,527.0,443.0,4.0,134.0,109.0,6.0,4.0,2.0,4.0,8.0,35.0,192.0,978.0
scna-int8,exp,tree,on,32,8,12,789.0,527.0,444.0,3.0,134.0,108.0,7.0,4.0,2.0,4.0,9.0,35.0,192.0,997.0
scna-int8,exp,tree,on,32,8,13,788.0,528.0,444.0,3.0,133.0,108.0,6.0,4.0,2.0,4.0,9.0,33.0,192.0,1007.0
scna-int8,exp,tree,on,32,8,14,792.0,527.0,444.0,3.0,134.0,111.0,7.0,4.0,2.0,4.0,8.0,37.0,192.0,1079.0
scna-int8,exp,tree,on,32,8,15,790.0,527.0,444.0,3.0,133.0,110.0,6.0,5.0,2.0,4.0,10.0,35.0,193.0,1103.0
scna-int8,exp,tree,on,32,8,16,793.0,529.0,444.0,4.0,134.0,109.0,7.0,4.0,2.0,4.0,9.0,34.0,192.0,1014.0
scna-int8,exp,tree,on,32,8,17,791.0,528.0,444.0,4.0,134.0,109.0,6.0,4.0,2.0,4.0,8.0,35.0,193.0,1006.0
scna-int8,exp,tree,on,32,8,18,792.0,528.0,445.0,4.0,134.0,109.0,7.0,4.0,2.0,4.0,9.0,34.0,192.0,1104.0
scna-int8,exp,tree,on,32,8,19,791.0,528.0,444.0,4.0,133.0,110.0,6.0,4.0,2.0,4.0,9.0,36.0,192.0,1101.0
scna-int8,exp,tree,on,32,16,0,1323.0,1045.0,890.0,7.0,131.0,108.0,11.0,9.0,2.0,10.0,9.0,30.0,193.0,1540.0
scna-int8,exp,tree,on,32,16,1,1305.0,1031.0,883.0,7.0,130.0,104.0,11.0,9.0,3.0,10.0,10.0,24.0,194.0,1525.0
scna-int8,exp,tree,on,32,16,2,1303.0,1029.0,883.0,7.0,131.0,104.0,11.0,9.0,2.0,10.0,10.0,25.0,192.0,1537.0
scna-int8,exp,tree,on,32,16,3,1298.0,1028.0,882.0,7.0,130.0,102.0,10.0,9.0,2.0,10.0,10.0,23.0,193.0,1538.0
scna-int8,exp,tree,on,32,16,4,1300.0,1028.0,882.0,7.0,130.0,103.0,11.0,9.0,2.0,10.0,9.0,23.0,194.0,1580.0
scna-int8,exp,tree,on,32,16,5,1302.0,1031.0,883.0,7.0,130.0,103.0,10.0,9.0,2.0,10.0,10.0,23.0,194.0,1562.0
scna-int8,exp,tree,on,32,16,6,1307.0,1032.0,883.0,7.0,130.0,106.0,11.0,9.0,2.0,10.0,9.0,26.0,194.0,1554.0
scna-int8,exp,tree,on,32,16,7,1302.0,1033.0,882.0,7.0,132.0,99.0,10.0,9.0,2.0,10.0,9.0,21.0,193.0,1556.0
scna-int8,exp,tree,on,32,16,8,1305.0,1033.0,883.0,7.0,133.0,100.0,11.0,9.0,2.0,10.0,9.0,23.0,193.0,1549.0
scna-int8,exp,tree,on,32,16,9,1306.0,1036.0,883.0,8.0,131.0,99.0,11.0,9.0,2.0,10.0,10.0,21.0,192.0,1542.0
scna-int8,exp,tree,on,32,16,10,1307.0,1040.0,883.0,8.0,131.0,96.0,11.0,9.0,2.0,10.0,9.0,18.0,193.0,1535.0
scna-int8,exp,tree,on,32,16,11,1294.0,1030.0,882.0,7.0,130.0,96.0,10.0,9.0,2.0,10.0,8.0,18.0,194.0,1568.0
scna-int8,exp,tree,on,32,16,12,1300.0,1033.0,881.0,8.0,131.0,96.0,11.0,9.0,2.0,10.0,10.0,18.0,194.0,1567.0
scna-int8,exp,tree,on,32,16,13,1303.0,1036.0,881.0,8.0,131.0,97.0,10.0,9.0,2.0,10.0,10.0,18.0,193.0,1615.0
scna-int8,exp,tree,on,32,16,14,1300.0,1033.0,881.0,8.0,131.0,96.0,11.0,9.0,2.0,10.0,9.0,18.0,193.0,1558.0
scna-int8,exp,tree,on,32,16,15,1300.0,1034.0,881.0,8.0,131.0,96.0,10.0,9.0,2.0,10.0,10.0,18.0,192.0,1542.0
scna-int8,exp,tree,on,32,16,16,1301.0,1034.0,882.0,8.0,131.0,96.0,11.0,9.0,2.0,10.0,9.0,18.0,193.0,1552.0
scna-int8,exp,tree,on,32,16,17,1300.0,1034.0,880.0,8.0,131.0,96.0,10.0,9.0,2.0,10.0,9.0,17.0,194.0,1549.0
scna-int8,exp,tree,on,32,16,18,1301.0,1034.0,881.0,8.0,131.0,96.0,11.0,9.0,2.0,10.0,9.0,17.0,193.0,1550.0
scna-int8,exp,tree,on,32,16,19,1299.0,1033.0,881.0,8.0,131.0,96.0,10.0,9.0,2.0,10.0,8.0,18.0,192.0,1549.0
scna-int8,exp,tree,on,32,32,0,2501.0,2122.0,1760.0,14.0,146.0,151.0,23.0,21.0,4.0,20.0,9.0,86.0,193.0,2762.0
scna-int8,exp,tree,on,32,32,1,2493.0,2117.0,1761.0,14.0,146.0,149.0,22.0,21.0,4.0,20.0,9.0,86.0,192.0,2842.0
scna-int8,exp,tree,on,32,32,2,2509.0,2121.0,1761.0,14.0,146.0,162.0,22.0,20.0,4.0,20.0,9.0,99.0,192.0,2836.0
scna-int8,exp,tree,on,32,32,3,2547.0,2130.0,1765.0,14.0,162.0,174.0,23.0,20.0,4.0,20.0,8.0,126.0,192.0,2898.0
scna-int8,exp,tree,on,32,32,4,2555.0,2133.0,1765.0,14.0,162.0,178.0,23.0,21.0,4.0,20.0,10.0,132.0,192.0,2906.0
scna-int8,exp,tree,on,32,32,5,2552.0,2134.0,1765.0,14.0,161.0,177.0,22.0,20.0,4.0,20.0,10.0,128.0,193.0,2887.0
scna-int8,exp,tree,on,32,32,6,2551.0,2131.0,1765.0,14.0,161.0,177.0,23.0,21.0,4.0,20.0,10.0,128.0,194.0,2891.0
scna-int8,exp,tree,on,32,32,7,2547.0,2131.0,1766.0,14.0,161.0,174.0,23.0,20.0,4.0,20.0,9.0,126.0,192.0,2930.0
scna-int8,exp,tree,on,32,32,8,2550.0,2137.0,1765.0,14.0,162.0,170.0,23.0,20.0,4.0,20.0,9.0,123.0,192.0,2892.0
scna-int8,exp,tree,on,32,32,9,2547.0,2126.0,1766.0,14.0,161.0,179.0,22.0,21.0,4.0,20.0,9.0,133.0,192.0,2809.0
scna-int8,exp,tree,on,32,32,10,2546.0,2133.0,1764.0,14.0,161.0,171.0,23.0,20.0,4.0,20.0,9.0,123.0,193.0,2861.0
scna-int8,exp,tree,on,32,32,11,2531.0,2125.0,1764.0,14.0,159.0,166.0,22.0,21.0,4.0,20.0,10.0,116.0,192.0,2859.0
scna-int8,exp,tree,on,32,32,12,2544.0,2126.0,1763.0,14.0,160.0,177.0,23.0,20.0,4.0,20.0,9.0,128.0,193.0,2797.0
scna-int8,exp,tree,on,32,32,13,2535.0,2124.0,1763.0,14.0,156.0,174.0,23.0,20.0,4.0,20.0,9.0,122.0,192.0,2778.0
scna-int8,exp,tree,on,32,32,14,2532.0,2125.0,1763.0,14.0,155.0,171.0,22.0,21.0,4.0,20.0,10.0,117.0,192.0,2887.0
scna-int8,exp,tree,on,32,32,15,2539.0,2128.0,1763.0,14.0,157.0,173.0,23.0,20.0,4.0,20.0,9.0,122.0,192.0,2777.0
scna-int8,exp,tree,on,32,32,16,2532.0,2125.0,1765.0,14.0,155.0,171.0,22.0,21.0,4.0,20.0,10.0,117.0,192.0,2890.0
scna-int8,exp,tree,on,32,32,17,2538.0,2127.0,1764.0,14.0,158.0,172.0,23.0,20.0,4.0,20.0,10.0,120.0,193.0,2817.0
scna-int8,exp,tree,on,32,32,18,2533.0,2125.0,1764.0,14.0,156.0,171.0,22.0,21.0,4.0,20.0,8.0,120.0,192.0,2836.0
scna-int8,exp,tree,on,32,32,19,2538.0,2123.0,1764.0,14.0,159.0,175.0,22.0,21.0,4.0,20.0,9.0,125.0,192.0,2801.0
scna-int8,exp2,direct,off,8,4,0,887.0,219.0,166.0,2.0,331.0,323.0,4.0,3.0,2.0,3.0,0.0,0.0,0.0,1137.0
scna-int8,exp2,direct,off,8,4,1,890.0,221.0,166.0,2.0,339.0,315.0,4.0,3.0,2.0,4.0,0.0,0.0,0.0,1179.0
scna-int8,exp2,direct,off,8,4,2,896.0,219.0,167.0,2.0,342.0,323.0,4.0,2.0,2.0,2.0,0.0,0.0,0.0,1187.0
scna-int8,exp2,direct,off,8,4,3,901.0,216.0,166.0,2.0,349.0,322.0,4.0,3.0,2.0,3.0,0.0,0.0,0.0,1242.0
scna-int8,exp2,direct,off,8,4,4,890.0,217.0,165.0,2.0,337.0,322.0,4.0,3.0,2.0,3.0,0.0,0.0,0.0,1133.0
scna-int8,exp2,direct,off,8,4,5,886.0,217.0,165.0,2.0,343.0,312.0,4.0,2.0,2.0,4.0,0.0,0.0,0.0,1122.0
scna-int8,exp2,direct,off,8,4,6,878.0,219.0,166.0,2.0,331.0,315.0,4.0,3.0,2.0,2.0,0.0,0.0,0.0,1138.0
scna-int8,exp2,direct,off,8,4,7,884.0,220.0,165.0,2.0,336.0,314.0,4.0,3.0,2.0,3.0,0.0,0.0,0.0,1129.0
scna-int8,exp2,direct,off,8,4,8,887.0,218.0,165.0,2.0,335.0,320.0,4.0,3.0,2.0,3.0,0.0,0.0,0.0,1116.0
scna-int8,exp2,direct,off,8,4,9,882.0,218.0,165.0,2.0,331.0,319.0,4.0,3.0,2.0,3.0,0.0,0.0,0.0,1131.0
scna-int8,exp2,direct,off,8,4,10,873.0,215.0,165.0,2.0,329.0,315.0,4.0,3.0,2.0,3.0,0.0,0.0,0.0,1122.0
scna-int8,exp2,direct,off,8,4,11,898.0,216.0,165.0,2.0,347.0,321.0,4.0,3.0,2.0,3.0,0.0,0.0,0.0,1245.0
scna-int8,exp2,direct,off,8,4,12,873.0,217.0,165.0,2.0,344.0,299.0,4.0,2.0,2.0,3.0,0.0,0.0,0.0,1162.0
scna-int8,exp2,direct,off,8,4,13,865.0,212.0,165.0,2.0,325.0,313.0,4.0,3.0,2.0,4.0,0.0,0.0,0.0,1167.0
scna-int8,exp2,direct,off,8,4,14,867.0,216.0,165.0,2.0,324.0,312.0,4.0,3.0,2.0,4.0,0.0,0.0,0.0,1199.0
scna-int8,exp2,direct,off,8,4,15,916.0,222.0,168.0,2.0,363.0,317.0,4.0,3.0,2.0,3.0,0.0,0.0,0.0,1244.0
scna-int8,exp2,direct,off,8,4,16,927.0,220.0,167.0,2.0,367.0,325.0,4.0,4.0,2.0,3.0,0.0,0.0,0.0,1241.0
scna-int8,exp2,direct,off,8,4,17,920.0,221.0,168.0,2.0,359.0,325.0,4.0,4.0,2.0,3.0,0.0,0.0,0.0,1224.0
scna-int8,exp2,direct,off,8,4,18,917.0,222.0,168.0,2.0,361.0,321.0,4.0,3.0,2.0,2.0,0.0,0.0,0.0,1195.0
scna-int8,exp2,direct,off,8,4,19,931.0,222.0,167.0,2.0,368.0,328.0,4.0,2.0,2.0,3.0,0.0,0.0,0.0,1168.0
scna-int8,exp2,direct,off,8,8,0,1091.0,410.0,320.0,4.0,338.0,316.0,9.0,6.0,2.0,6.0,0.0,0.0,0.0,1379.0
scna-int8,exp2,direct,off,8,8,1,1062.0,405.0,319.0,4.0,330.0,300.0,8.0,6.0,3.0,6.0,0.0,0.0,0.0,1412.0
scna-int8,exp2,direct,off,8,8,2,1102.0,405.0,319.0,4.0,337.0,333.0,9.0,6.0,3.0,5.0,0.0,0.0,0.0,1373.0
scna-int8,exp2,direct,off,8,8,3,1070.0,409.0,318.0,4.0,335.0,298.0,9.0,6.0,3.0,6.0,0.0,0.0,0.0,1402.0
scna-int8,exp2,direct,off,8,8,4,1113.0,409.0,319.0,4.0,347.0,329.0,9.0,6.0,3.0,6.0,0.0,0.0,0.0,1401.0
scna-int8,exp2,direct,off,8,8,5,1101.0,405.0,318.0,4.0,344.0,324.0,9.0,6.0,3.0,6.0,0.0,0.0,0.0,1399.0
scna-int8,exp2,direct,off,8,8,6,1091.0,406.0,319.0,4.0,341.0,316.0,9.0,6.0,3.0,6.0,0.0,0.0,0.0,1400.0
scna-int8,exp2,direct,off,8,8,7,1086.0,409.0,319.0,4.0,340.0,309.0,9.0,6.0,3.0,6.0,0.0,0.0,0.0,1396.0
scna-int8,exp2,direct,off,8,8,8,1075.0,408.0,318.0,4.0,317.0,322.0,9.0,6.0,3.0,6.0,0.0,0.0,0.0,1407.0
scna-int8,exp2,direct,off,8,8,9,1082.0,411.0,318.0,4.0,331.0,312.0,9.0,6.0,3.0,6.0,0.0,0.0,0.0,1415.0
scna-int8,exp2,direct,off,8,8,10,1082.0,410.0,319.0,4.0,338.0,307.0,9.0,6.0,3.0,5.0,0.0,0.0,0.0,1402.0
scna-int8,exp2,direct,off,8,8,11,1110.0,407.0,319.0,4.0,341.0,334.0,9.0,6.0,3.0,6.0,0.0,0.0,0.0,1403.0
scna-int8,exp2,direct,off,8,8,12,1102.0,406.0,318.0,4.0,340.0,328.0,9.0,6.0,3.0,6.0,0.0,0.0,0.0,1403.0
scna-int8,exp2,direct,off,8,8,13,1063.0,406.0,318.0,4.0,332.0,297.0,9.0,6.0,3.0,6.0,0.0,0.0,0.0,1402.0
scna-int8,exp2,direct,off,8,8,14,1103.0,407.0,318.0,4.0,342.0,326.0,9.0,6.0,3.0,6.0,0.0,0.0,0.0,1402.0
scna-int8,exp2,direct,off,8,8,15,1068.0,409.0,319.0,4.0,322.0,309.0,9.0,6.0,3.0,6.0,0.0,0.0,0.0,1395.0
scna-int8,exp2,direct,off,8,8,16,1063.0,410.0,318.0,4.0,324.0,301.0,9.0,6.0,3.0,6.0,0.0,0.0,0.0,1398.0
scna-int8,exp2,direct,off,8,8,17,1089.0,409.0,319.0,4.0,337.0,316.0,9.0,6.0,2.0,6.0,0.0,0.0,0.0,1400.0
scna-int8,exp2,direct,off,8,8,18,1082.0,412.0,319.0,4.0,336.0,308.0,9.0,6.0,2.0,5.0,0.0,0.0,0.0,1374.0
scna-int8,exp2,direct,off,8,8,19,1072.0,416.0,321.0,4.0,324.0,306.0,8.0,6.0,2.0,6.0,0.0,0.0,0.0,1396.0
scna-int8,exp2,direct,off,8,16,0,1523.0,801.0,630.0,8.0,351.0,327.0,12.0,11.0,3.0,10.0,0.0,0.0,0.0,1860.0
scna-int8,exp2,direct,off,8,16,1,1526.0,804.0,630.0,8.0,349.0,327.0,12.0,11.0,3.0,12.0,0.0,0.0,0.0,1862.0
scna-int8,exp2,direct,off,8,16,2,1495.0,805.0,630.0,9.0,345.0,299.0,12.0,12.0,3.0,10.0,0.0,0.0,0.0,1856.0
scna-int8,exp2,direct,off,8,16,3,1514.0,803.0,630.0,8.0,349.0,317.0,12.0,12.0,3.0,10.0,0.0,0.0,0.0,1770.0
scna-int8,exp2,direct,off,8,16,4,1492.0,805.0,630.0,8.0,340.0,302.0,12.0,12.0,3.0,10.0,0.0,0.0,0.0,1860.0
scna-int8,exp2,direct,off,8,16,5,1519.0,801.0,629.0,8.0,340.0,332.0,12.0,12.0,3.0,11.0,0.0,0.0,0.0,1771.0
scna-int8,exp2,direct,off,8,16,6,1520.0,804.0,630.0,8.0,347.0,324.0,12.0,12.0,3.0,10.0,0.0,0.0,0.0,1863.0
scna-int8,exp2,direct,off,8,16,7,1519.0,805.0,630.0,8.0,346.0,324.0,12.0,11.0,3.0,10.0,0.0,0.0,0.0,1855.0
scna-int8,exp2,direct,off,8,16,8,1473.0,805.0,630.0,8.0,332.0,291.0,12.0,12.0,3.0,10.0,0.0,0.0,0.0,1829.0
scna-int8,exp2,direct,off,8,16,9,1499.0,805.0,630.0,8.0,333.0,317.0,12.0,11.0,3.0,10.0,0.0,0.0,0.0,1864.0
scna-int8,exp2,direct,off,8,16,10,1505.0,804.0,630.0,8.0,339.0,319.0,12.0,11.0,2.0,10.0,0.0,0.0,0.0,1861.0
scna-int8,exp2,direct,off,8,16,11,1517.0,804.0,631.0,8.0,347.0,323.0,12.0,11.0,2.0,10.0,0.0,0.0,0.0,1858.0
scna-int8,exp2,direct,off,8,16,12,1510.0,803.0,630.0,8.0,341.0,321.0,12.0,11.0,3.0,11.0,0.0,0.0,0.0,1860.0
scna-int8,exp2,direct,off,8,16,13,1523.0,805.0,631.0,8.0,342.0,332.0,12.0,11.0,2.0,11.0,0.0,0.0,0.0,1869.0
scna-int8,exp2,direct,off,8,16,14,1587.0,827.0,635.0,8.0,386.0,329.0,12.0,12.0,2.0,11.0,0.0,0.0,0.0,1866.0
scna-int8,exp2,direct,off,8,16,15,1580.0,825.0,634.0,8.0,382.0,329.0,12.0,12.0,2.0,10.0,0.0,0.0,0.0,1878.0
scna-int8,exp2,direct,off,8,16,16,1582.0,825.0,634.0,8.0,382.0,331.0,12.0,11.0,2.0,11.0,0.0,0.0,0.0,1891.0
scna-int8,exp2,direct,off,8,16,17,1588.0,827.0,633.0,8.0,385.0,330.0,12.0,12.0,3.0,11.0,0.0,0.0,0.0,1864.0
scna-int8,exp2,direct,off,8,16,18,1570.0,821.0,634.0,8.0,381.0,323.0,12.0,12.0,2.0,11.0,0.0,0.0,0.0,1906.0
scna-int8,exp2,direct,off,8,16,19,1588.0,825.0,633.0,8.0,387.0,331.0,12.0,12.0,3.0,10.0,0.0,0.0,0.0,1872.0
scna-int8,exp2,direct,off,8,32,0,2415.0,1625.0,1255.0,15.0,356.0,347.0,24.0,24.0,3.0,21.0,0.0,0.0,0.0,2742.0
scna-int8,exp2,direct,off,8,32,1,2441.0,1629.0,1257.0,15.0,381.0,346.0,24.0,23.0,3.0,20.0,0.0,0.0,0.0,2782.0
scna-int8,exp2,direct,off,8,32,2,2436.0,1636.0,1258.0,15.0,384.0,332.0,24.0,22.0,3.0,20.0,0.0,0.0,0.0,2735.0
scna-int8,exp2,direct,off,8,32,3,2448.0,1631.0,1258.0,17.0,386.0,345.0,24.0,22.0,3.0,20.0,0.0,0.0,0.0,2770.0
scna-int8,exp2,direct,off,8,32,4,2452.0,1630.0,1257.0,16.0,395.0,342.0,24.0,22.0,3.0,20.0,0.0,0.0,0.0,2791.0
scna-int8,exp2,direct,off,8,32,5,2433.0,1625.0,1256.0,16.0,386.0,336.0,24.0,23.0,3.0,20.0,0.0,0.0,0.0,2739.0
scna-int8,exp2,direct,off,8,32,6,2438.0,1619.0,1257.0,16.0,393.0,341.0,24.0,22.0,3.0,20.0,0.0,0.0,0.0,2727.0
scna-int8,exp2,direct,off,8,32,7,2454.0,1631.0,1256.0,16.0,391.0,346.0,24.0,23.0,3.0,20.0,0.0,0.0,0.0,2784.0
scna-int8,exp2,direct,off,8,32,8,2449.0,1629.0,1256.0,16.0,393.0,341.0,24.0,23.0,3.0,20.0,0.0,0.0,0.0,2811.0
scna-int8,exp2,direct,off,8,32,9,2456.0,1634.0,1256.0,16.0,391.0,345.0,24.0,23.0,3.0,20.0,0.0,0.0,0.0,2790.0
scna-int8,exp2,direct,off,8,32,10,2451.0,1633.0,1257.0,16.0,392.0,341.0,24.0,22.0,3.0,20.0,0.0,0.0,0.0,2803.0
scna-int8,exp2,direct,off,8,32,11,2449.0,1631.0,1257.0,16.0,388.0,345.0,24.0,22.0,3.0,20.0,0.0,0.0,0.0,2780.0
scna-int8,exp2,direct,off,8,32,12,2429.0,1625.0,1256.0,16.0,389.0,330.0,24.0,22.0,3.0,20.0,0.0,0.0,0.0,2817.0
scna-int8,exp2,direct,off,8,32,13,2447.0,1630.0,1256.0,16.0,388.0,344.0,24.0,22.0,3.0,20.0,0.0,0.0,0.0,2765.0
scna-int8,exp2,direct,off,8,32,14,2448.0,1631.0,1257.0,16.0,388.0,345.0,24.0,22.0,2.0,20.0,0.0,0.0,0.0,2767.0
scna-int8,exp2,direct,off,8,32,15,2444.0,1629.0,1256.0,16.0,389.0,341.0,24.0,22.0,3.0,20.0,0.0,0.0,0.0,2799.0
scna-int8,exp2,direct,off,8,32,16,2437.0,1631.0,1256.0,16.0,381.0,340.0,24.0,22.0,3.0,20.0,0.0,0.0,0.0,2811.0
scna-int8,exp2,direct,off,8,32,17,2447.0,1630.0,1256.0,16.0,388.0,343.0,24.0,23.0,3.0,20.0,0.0,0.0,0.0,2765.0
scna-int8,exp2,direct,off,8,32,18,2433.0,1630.0,1256.0,16.0,386.0,331.0,24.0,23.0,3.0,20.0,0.0,0.0,0.0,2728.0
scna-int8,exp2,direct,off,8,32,19,2444.0,1626.0,1255.0,16.0,388.0,345.0,24.0,22.0,3.0,20.0,0.0,0.0,0.0,2757.0
scna-int8,exp2,direct,off,16,4,0,926.0,256.0,210.0,2.0,319.0,338.0,4.0,3.0,2.0,2.0,0.0,0.0,0.0,1188.0
scna-int8,exp2,direct,off,16,4,1,942.0,252.0,210.0,2.0,351.0,326.0,4.0,3.0,2.0,2.0,0.0,0.0,0.0,1193.0
scna-int8,exp2,direct,off,16,4,2,925.0,252.0,210.0,2.0,321.0,339.0,4.0,3.0,2.0,2.0,0.0,0.0,0.0,1181.0
scna-int8,exp2,direct,off,16,4,3,942.0,255.0,210.0,2.0,338.0,335.0,4.0,4.0,2.0,2.0,0.0,0.0,0.0,1184.0
scna-int8,exp2,direct,off,16,4,4,950.0,255.0,209.0,2.0,355.0,327.0,4.0,3.0,2.0,2.0,0.0,0.0,0.0,1196.0
scna-int8,exp2,direct,off,16,4,5,828.0,250.0,209.0,2.0,302.0,263.0,4.0,3.0,2.0,2.0,0.0,0.0,0.0,1083.0
scna-int8,exp2,direct,off,16,4,6,772.0,249.0,208.0,2.0,264.0,246.0,4.0,4.0,1.0,2.0,0.0,0.0,0.0,1052.0
scna-int8,exp2,direct,off,16,4,7,784.0,250.0,209.0,2.0,276.0,243.0,5.0,4.0,2.0,2.0,0.0,0.0,0.0,1088.0
scna-int8,exp2,direct,off,16,4,8,786.0,251.0,208.0,2.0,272.0,250.0,4.0,4.0,1.0,2.0,0.0,0.0,0.0,1060.0
scna-int8,exp2,direct,off,16,4,9,785.0,251.0,209.0,2.0,273.0,247.0,4.0,4.0,2.0,2.0,0.0,0.0,0.0,1102.0
scna-int8,exp2,direct,off,16,4,10,789.0,252.0,208.0,2.0,273.0,251.0,4.0,4.0,1.0,2.0,0.0,0.0,0.0,1039.0
scna-int8,exp2,direct,off,16,4,11,796.0,256.0,209.0,2.0,277.0,248.0,4.0,5.0,2.0,2.0,0.0,0.0,0.0,1030.0
scna-int8,exp2,direct,off,16,4,12,786.0,251.0,209.0,2.0,273.0,248.0,4.0,4.0,2.0,2.0,0.0,0.0,0.0,1116.0
scna-int8,exp2,direct,off,16,4,13,791.0,251.0,209.0,2.0,266.0,260.0,4.0,4.0,2.0,2.0,0.0,0.0,0.0,1060.0
scna-int8,exp2,direct,off,16,4,14,787.0,251.0,209.0,3.0,275.0,246.0,4.0,4.0,2.0,2.0,0.0,0.0,0.0,1075.0
scna-int8,exp2,direct,off,16,4,15,781.0,253.0,209.0,2.0,271.0,243.0,4.0,4.0,2.0,2.0,0.0,0.0,0.0,1110.0
scna-int8,exp2,direct,off,16,4,16,791.0,252.0,210.0,2.0,270.0,254.0,4.0,5.0,2.0,2.0,0.0,0.0,0.0,1083.0
scna-int8,exp2,direct,off,16,4,17,785.0,254.0,209.0,2.0,272.0,245.0,4.0,4.0,2.0,2.0,0.0,0.0,0.0,1059.0
scna-int8,exp2,direct,off,16,4,18,796.0,250.0,209.0,2.0,274.0,258.0,4.0,4.0,2.0,2.0,0.0,0.0,0.0,1066.0
scna-int8,exp2,direct,off,16,4,19,790.0,252.0,208.0,2.0,271.0,253.0,4.0,4.0,2.0,2.0,0.0,0.0,0.0,1098.0
scna-int8,exp2,direct,off,16,8,0,1083.0,490.0,407.0,4.0,306.0,262.0,8.0,6.0,1.0,6.0,0.0,0.0,0.0,1327.0
scna-int8,exp2,direct,off,16,8,1,1087.0,488.0,407.0,5.0,301.0,271.0,8.0,6.0,2.0,6.0,0.0,0.0,0.0,1342.0
scna-int8,exp2,direct,off,16,8,2,1119.0,492.0,408.0,4.0,313.0,288.0,8.0,7.0,1.0,6.0,0.0,0.0,0.0,1429.0
scna-int8,exp2,direct,off,16,8,3,1151.0,494.0,406.0,4.0,333.0,297.0,8.0,7.0,2.0,6.0,0.0,0.0,0.0,1415.0
scna-int8,exp2,direct,off,16,8,4,1133.0,491.0,406.0,4.0,321.0,295.0,8.0,6.0,2.0,6.0,0.0,0.0,0.0,1404.0
scna-int8,exp2,direct,off,16,8,5,1158.0,493.0,407.0,4.0,330.0,308.0,8.0,8.0,2.0,5.0,0.0,0.0,0.0,1416.0
scna-int8,exp2,direct,off,16,8,6,1144.0,496.0,406.0,5.0,332.0,290.0,8.0,6.0,1.0,6.0,0.0,0.0,0.0,1448.0
scna-int8,exp2,direct,off,16,8,7,1136.0,496.0,408.0,4.0,327.0,286.0,8.0,8.0,1.0,6.0,0.0,0.0,0.0,1434.0
scna-int8,exp2,direct,off,16,8,8,1138.0,494.0,407.0,4.0,336.0,282.0,8.0,7.0,1.0,6.0,0.0,0.0,0.0,1488.0
scna-int8,exp2,direct,off,16,8,9,1142.0,493.0,406.0,4.0,330.0,293.0,8.0,8.0,1.0,5.0,0.0,0.0,0.0,1407.0
scna-int8,exp2,direct,off,16,8,10,1142.0,496.0,406.0,4.0,330.0,290.0,8.0,7.0,1.0,6.0,0.0,0.0,0.0,1399.0
scna-int8,exp2,direct,off,16,8,11,1146.0,494.0,406.0,4.0,324.0,301.0,8.0,8.0,1.0,6.0,0.0,0.0,0.0,1403.0
scna-int8,exp2,direct,off,16,8,12,1148.0,497.0,406.0,5.0,331.0,294.0,8.0,7.0,1.0,5.0,0.0,0.0,0.0,1399.0
scna-int8,exp2,direct,off,16,8,13,1181.0,498.0,408.0,5.0,349.0,305.0,8.0,8.0,2.0,6.0,0.0,0.0,0.0,1452.0
scna-int8,exp2,direct,off,16,8,14,1186.0,499.0,409.0,4.0,344.0,315.0,8.0,8.0,2.0,6.0,0.0,0.0,0.0,1473.0
scna-int8,exp2,direct,off,16,8,15,1189.0,498.0,408.0,4.0,356.0,307.0,8.0,8.0,2.0,6.0,0.0,0.0,0.0,1453.0
scna-int8,exp2,direct,off,16,8,16,1182.0,497.0,408.0,5.0,343.0,315.0,8.0,7.0,1.0,6.0,0.0,0.0,0.0,1475.0
scna-int8,exp2,direct,off,16,8,17,1195.0,499.0,408.0,4.0,355.0,314.0,8.0,8.0,2.0,5.0,0.0,0.0,0.0,1451.0
scna-int8,exp2,direct,off,16,8,18,1198.0,500.0,408.0,5.0,354.0,317.0,8.0,7.0,1.0,6.0,0.0,0.0,0.0,1453.0
scna-int8,exp2,direct,off,16,8,19,1190.0,498.0,409.0,5.0,353.0,310.0,8.0,8.0,2.0,6.0,0.0,0.0,0.0,1550.0
scna-int8,exp2,direct,off,16,16,0,1579.0,960.0,804.0,8.0,302.0,272.0,12.0,12.0,3.0,10.0,0.0,0.0,0.0,1856.0
scna-int8,exp2,direct,off,16,16,1,1586.0,960.0,805.0,9.0,305.0,274.0,13.0,12.0,3.0,10.0,0.0,0.0,0.0,1878.0
scna-int8,exp2,direct,off,16,16,2,1656.0,976.0,806.0,9.0,328.0,305.0,13.0,12.0,3.0,10.0,0.0,0.0,0.0,1987.0
scna-int8,exp2,direct,off,16,16,3,1690.0,985.0,806.0,8.0,356.0,304.0,12.0,12.0,3.0,10.0,0.0,0.0,0.0,2026.0
scna-int8,exp2,direct,off,16,16,4,1691.0,986.0,805.0,9.0,346.0,314.0,12.0,11.0,3.0,10.0,0.0,0.0,0.0,2019.0
scna-int8,exp2,direct,off,16,16,5,1693.0,986.0,806.0,9.0,356.0,305.0,12.0,12.0,3.0,10.0,0.0,0.0,0.0,2006.0
scna-int8,exp2,direct,off,16,16,6,1706.0,985.0,806.0,8.0,358.0,317.0,12.0,13.0,3.0,10.0,0.0,0.0,0.0,2052.0
scna-int8,exp2,direct,off,16,16,7,1691.0,985.0,806.0,9.0,355.0,304.0,12.0,13.0,3.0,10.0,0.0,0.0,0.0,1999.0
scna-int8,exp2,direct,off,16,16,8,1679.0,980.0,805.0,9.0,347.0,307.0,12.0,11.0,3.0,10.0,0.0,0.0,0.0,2029.0
scna-int8,exp2,direct,off,16,16,9,1696.0,988.0,806.0,8.0,356.0,307.0,12.0,12.0,3.0,10.0,0.0,0.0,0.0,2076.0
scna-int8,exp2,direct,off,16,16,10,1693.0,984.0,806.0,9.0,356.0,307.0,12.0,12.0,3.0,10.0,0.0,0.0,0.0,2030.0
scna-int8,exp2,direct,off,16,16,11,1692.0,987.0,806.0,8.0,355.0,305.0,12.0,12.0,3.0,10.0,0.0,0.0,0.0,2021.0
scna-int8,exp2,direct,off,16,16,12,1689.0,983.0,806.0,8.0,357.0,303.0,12.0,13.0,3.0,10.0,0.0,0.0,0.0,2018.0
scna-int8,exp2,direct,off,16,16,13,1690.0,987.0,806.0,8.0,356.0,302.0,12.0,12.0,3.0,10.0,0.0,0.0,0.0,2015.0
scna-int8,exp2,direct,off,16,16,14,1692.0,984.0,805.0,9.0,354.0,308.0,12.0,12.0,3.0,10.0,0.0,0.0,0.0,2021.0
scna-int8,exp2,direct,off,16,16,15,1687.0,986.0,806.0,8.0,346.0,310.0,12.0,12.0,3.0,10.0,0.0,0.0,0.0,1990.0
scna-int8,exp2,direct,off,16,16,16,1704.0,987.0,806.0,8.0,354.0,318.0,12.0,12.0,3.0,10.0,0.0,0.0,0.0,2031.0
scna-int8,exp2,direct,off,16,16,17,1692.0,986.0,806.0,9.0,355.0,305.0,12.0,12.0,3.0,10.0,0.0,0.0,0.0,2029.0
scna-int8,exp2,direct,off,16,16,18,1696.0,985.0,806.0,7.0,354.0,313.0,12.0,12.0,3.0,10.0,0.0,0.0,0.0,1991.0
scna-int8,exp2,direct,off,16,16,19,1692.0,987.0,806.0,9.0,354.0,304.0,12.0,13.0,3.0,10.0,0.0,0.0,0.0,2021.0
scna-int8,exp2,direct,off,16,32,0,2601.0,1957.0,1597.0,16.0,288.0,266.0,26.0,23.0,3.0,22.0,0.0,0.0,0.0,2959.0
scna-int8,exp2,direct,off,16,32,1,2595.0,1958.0,1597.0,16.0,281.0,267.0,25.0,24.0,3.0,21.0,0.0,0.0,0.0,2956.0
scna-int8,exp2,direct,off,16,32,2,2638.0,1963.0,1596.0,16.0,298.0,286.0,25.0,25.0,3.0,22.0,0.0,0.0,0.0,2940.0
scna-int8,exp2,direct,off,16,32,3,2642.0,1965.0,1597.0,16.0,304.0,283.0,26.0,23.0,3.0,22.0,0.0,0.0,0.0,2923.0
scna-int8,exp2,direct,off,16,32,4,2639.0,1962.0,1598.0,15.0,304.0,284.0,25.0,24.0,3.0,22.0,0.0,0.0,0.0,2938.0
scna-int8,exp2,direct,off,16,32,5,2636.0,1966.0,1598.0,16.0,299.0,280.0,25.0,25.0,3.0,22.0,0.0,0.0,0.0,3036.0
scna-int8,exp2,direct,off,16,32,6,2636.0,1964.0,1597.0,16.0,302.0,280.0,25.0,24.0,3.0,22.0,0.0,0.0,0.0,3024.0
scna-int8,exp2,direct,off,16,32,7,2648.0,1967.0,1597.0,15.0,309.0,283.0,25.0,24.0,3.0,22.0,0.0,0.0,0.0,2974.0
scna-int8,exp2,direct,off,16,32,8,2630.0,1970.0,1597.0,15.0,298.0,274.0,26.0,23.0,3.0,21.0,0.0,0.0,0.0,2985.0
scna-int8,exp2,direct,off,16,32,9,2650.0,1971.0,1598.0,16.0,305.0,285.0,25.0,23.0,3.0,22.0,0.0,0.0,0.0,2965.0
scna-int8,exp2,direct,off,16,32,10,2640.0,1968.0,1598.0,16.0,301.0,281.0,25.0,24.0,3.0,22.0,0.0,0.0,0.0,3049.0
scna-int8,exp2,direct,off,16,32,11,2646.0,1968.0,1598.0,16.0,304.0,284.0,25.0,24.0,3.0,22.0,0.0,0.0,0.0,2935.0
scna-int8,exp2,direct,off,16,32,12,2642.0,1966.0,1596.0,16.0,306.0,280.0,26.0,24.0,3.0,21.0,0.0,0.0,0.0,3032.0
scna-int8,exp2,direct,off,16,32,13,2648.0,1967.0,1597.0,15.0,310.0,282.0,25.0,24.0,3.0,22.0,0.0,0.0,0.0,3023.0
scna-int8,exp2,direct,off,16,32,14,2639.0,1968.0,1598.0,16.0,301.0,280.0,25.0,24.0,3.0,22.0,0.0,0.0,0.0,3035.0
scna-int8,exp2,direct,off,16,32,15,2647.0,1970.0,1598.0,16.0,304.0,282.0,26.0,24.0,3.0,22.0,0.0,0.0,0.0,3025.0
scna-int8,exp2,direct,off,16,32,16,2631.0,1962.0,1597.0,16.0,303.0,276.0,25.0,24.0,3.0,22.0,0.0,0.0,0.0,2989.0
scna-int8,exp2,direct,off,16,32,17,2639.0,1967.0,1597.0,15.0,299.0,283.0,25.0,25.0,3.0,22.0,0.0,0.0,0.0,2923.0
scna-int8,exp2,direct,off,16,32,18,2640.0,1970.0,1597.0,16.0,299.0,280.0,25.0,25.0,3.0,22.0,0.0,0.0,0.0,3037.0
scna-int8,exp2,direct,off,16,32,19,2633.0,1967.0,1597.0,15.0,301.0,277.0,25.0,24.0,3.0,21.0,0.0,0.0,0.0,3017.0
scna-int8,exp2,direct,off,32,4,0,874.0,338.0,298.0,2.0,270.0,250.0,4.0,5.0,2.0,3.0,0.0,0.0,0.0,1110.0
scna-int8,exp2,direct,off,32,4,1,876.0,341.0,298.0,2.0,272.0,247.0,4.0,5.0,2.0,3.0,0.0,0.0,0.0,1165.0
scna-int8,exp2,direct,off,32,4,2,883.0,339.0,297.0,2.0,273.0,256.0,4.0,5.0,2.0,2.0,0.0,0.0,0.0,1161.0
scna-int8,exp2,direct,off,32,4,3,869.0,338.0,297.0,2.0,269.0,247.0,4.0,5.0,2.0,2.0,0.0,0.0,0.0,1159.0
scna-int8,exp2,direct,off,32,4,4,880.0,340.0,297.0,2.0,271.0,255.0,4.0,4.0,2.0,2.0,0.0,0.0,0.0,1168.0
scna-int8,exp2,direct,off,32,4,5,863.0,338.0,298.0,2.0,263.0,247.0,4.0,5.0,2.0,2.0,0.0,0.0,0.0,1169.0
scna-int8,exp2,direct,off,32,4,6,867.0,339.0,298.0,2.0,267.0,246.0,4.0,5.0,2.0,2.0,0.0,0.0,0.0,1179.0
scna-int8,exp2,direct,off,32,4,7,863.0,338.0,297.0,2.0,269.0,241.0,4.0,5.0,2.0,2.0,0.0,0.0,0.0,1171.0
scna-int8,exp2,direct,off,32,4,8,857.0,337.0,297.0,2.0,268.0,238.0,4.0,4.0,2.0,2.0,0.0,0.0,0.0,1174.0
scna-int8,exp2,direct,off,32,4,9,847.0,336.0,297.0,2.0,267.0,231.0,4.0,4.0,1.0,2.0,0.0,0.0,0.0,1170.0
scna-int8,exp2,direct,off,32,4,10,842.0,337.0,297.0,2.0,261.0,231.0,4.0,4.0,1.0,2.0,0.0,0.0,0.0,1075.0
scna-int8,exp2,direct,off,32,4,11,847.0,336.0,296.0,2.0,263.0,235.0,4.0,4.0,1.0,2.0,0.0,0.0,0.0,1144.0
scna-int8,exp2,direct,off,32,4,12,851.0,337.0,297.0,2.0,263.0,237.0,4.0,4.0,2.0,2.0,0.0,0.0,0.0,1173.0
scna-int8,exp2,direct,off,32,4,13,848.0,337.0,298.0,2.0,263.0,235.0,4.0,4.0,1.0,2.0,0.0,0.0,0.0,1100.0
scna-int8,exp2,direct,off,32,4,14,845.0,339.0,297.0,2.0,260.0,233.0,4.0,4.0,1.0,2.0,0.0,0.0,0.0,1137.0
scna-int8,exp2,direct,off,32,4,15,855.0,340.0,297.0,2.0,263.0,239.0,4.0,4.0,1.0,2.0,0.0,0.0,0.0,1167.0
scna-int8,exp2,direct,off,32,4,16,854.0,339.0,297.0,2.0,263.0,239.0,4.0,4.0,1.0,2.0,0.0,0.0,0.0,1166.0
scna-int8,exp2,direct,off,32,4,17,856.0,341.0,296.0,2.0,263.0,239.0,4.0,4.0,1.0,2.0,0.0,0.0,0.0,1164.0
scna-int8,exp2,direct,off,32,4,18,857.0,340.0,297.0,2.0,265.0,239.0,4.0,4.0,1.0,2.0,0.0,0.0,0.0,1163.0
scna-int8,exp2,direct,off,32,4,19,851.0,339.0,296.0,2.0,262.0,237.0,4.0,4.0,1.0,2.0,0.0,0.0,0.0,1163.0
scna-int8,exp2,direct,off,32,8,0,1270.0,661.0,582.0,4.0,303.0,276.0,8.0,9.0,3.0,6.0,0.0,0.0,0.0,1530.0
scna-int8,exp2,direct,off,32,8,1,1268.0,661.0,582.0,4.0,306.0,271.0,8.0,9.0,3.0,6.0,0.0,0.0,0.0,1555.0
scna-int8,exp2,direct,off,32,8,2,1290.0,664.0,584.0,4.0,313.0,284.0,8.0,9.0,2.0,6.0,0.0,0.0,0.0,1588.0
scna-int8,exp2,direct,off,32,8,3,1357.0,672.0,583.0,4.0,338.0,318.0,8.0,9.0,2.0,6.0,0.0,0.0,0.0,1679.0
scna-int8,exp2,direct,off,32,8,4,1366.0,673.0,582.0,4.0,346.0,317.0,8.0,9.0,3.0,6.0,0.0,0.0,0.0,1657.0
scna-int8,exp2,direct,off,32,8,5,1371.0,671.0,582.0,4.0,349.0,321.0,8.0,9.0,3.0,6.0,0.0,0.0,0.0,1641.0
scna-int8,exp2,direct,off,32,8,6,1378.0,669.0,582.0,4.0,349.0,331.0,8.0,9.0,2.0,6.0,0.0,0.0,0.0,1656.0
scna-int8,exp2,direct,off,32,8,7,1357.0,667.0,582.0,4.0,346.0,315.0,8.0,9.0,2.0,6.0,0.0,0.0,0.0,1604.0
scna-int8,exp2,direct,off,32,8,8,1379.0,672.0,582.0,4.0,350.0,327.0,8.0,9.0,3.0,6.0,0.0,0.0,0.0,1654.0
scna-int8,exp2,direct,off,32,8,9,1357.0,670.0,582.0,4.0,346.0,312.0,8.0,9.0,2.0,6.0,0.0,0.0,0.0,1717.0
scna-int8,exp2,direct,off,32,8,10,1354.0,666.0,583.0,4.0,333.0,326.0,8.0,9.0,2.0,6.0,0.0,0.0,0.0,1687.0
scna-int8,exp2,direct,off,32,8,11,1347.0,668.0,582.0,4.0,339.0,310.0,8.0,9.0,3.0,6.0,0.0,0.0,0.0,1666.0
scna-int8,exp2,direct,off,32,8,12,1405.0,675.0,584.0,4.0,364.0,336.0,8.0,9.0,3.0,6.0,0.0,0.0,0.0,1733.0
scna-int8,exp2,direct,off,32,8,13,1409.0,677.0,585.0,4.0,378.0,325.0,8.0,9.0,2.0,6.0,0.0,0.0,0.0,1713.0
scna-int8,exp2,direct,off,32,8,14,1412.0,675.0,584.0,4.0,372.0,335.0,8.0,9.0,3.0,6.0,0.0,0.0,0.0,1756.0
scna-int8,exp2,direct,off,32,8,15,1400.0,674.0,584.0,4.0,372.0,325.0,8.0,9.0,2.0,6.0,0.0,0.0,0.0,1693.0
scna-int8,exp2,direct,off,32,8,16,1411.0,674.0,584.0,4.0,369.0,338.0,8.0,9.0,3.0,6.0,0.0,0.0,0.0,1740.0
scna-int8,exp2,direct,off,32,8,17,1382.0,673.0,584.0,4.0,357.0,322.0,8.0,9.0,3.0,6.0,0.0,0.0,0.0,1648.0
scna-int8,exp2,direct,off,32,8,18,1405.0,675.0,583.0,4.0,359.0,342.0,8.0,9.0,2.0,6.0,0.0,0.0,0.0,1728.0
scna-int8,exp2,direct,off,32,8,19,1389.0,675.0,584.0,4.0,356.0,328.0,8.0,10.0,2.0,6.0,0.0,0.0,0.0,1742.0
scna-int8,exp2,direct,off,32,16,0,1951.0,1309.0,1150.0,8.0,311.0,284.0,13.0,13.0,3.0,10.0,0.0,0.0,0.0,2299.0
scna-int8,exp2,direct,off,32,16,1,1994.0,1326.0,1151.0,8.0,318.0,303.0,13.0,13.0,3.0,10.0,0.0,0.0,0.0,2316.0
scna-int8,exp2,direct,off,32,16,2,2095.0,1334.0,1152.0,8.0,387.0,327.0,13.0,13.0,3.0,10.0,0.0,0.0,0.0,2428.0
scna-int8,exp2,direct,off,32,16,3,2107.0,1334.0,1152.0,8.0,385.0,339.0,13.0,13.0,3.0,12.0,0.0,0.0,0.0,2441.0
scna-int8,exp2,direct,off,32,16,4,2102.0,1338.0,1152.0,8.0,383.0,334.0,13.0,13.0,3.0,10.0,0.0,0.0,0.0,2368.0
scna-int8,exp2,direct,off,32,16,5,2101.0,1335.0,1152.0,8.0,390.0,327.0,13.0,13.0,3.0,12.0,0.0,0.0,0.0,2365.0
scna-int8,exp2,direct,off,32,16,6,2094.0,1337.0,1152.0,8.0,382.0,328.0,13.0,13.0,3.0,10.0,0.0,0.0,0.0,2399.0
scna-int8,exp2,direct,off,32,16,7,2098.0,1336.0,1152.0,8.0,385.0,330.0,12.0,13.0,3.0,11.0,0.0,0.0,0.0,2436.0
scna-int8,exp2,direct,off,32,16,8,2094.0,1334.0,1151.0,8.0,379.0,334.0,13.0,13.0,3.0,10.0,0.0,0.0,0.0,2420.0
scna-int8,exp2,direct,off,32,16,9,2108.0,1340.0,1152.0,8.0,383.0,337.0,13.0,13.0,3.0,11.0,0.0,0.0,0.0,2404.0
scna-int8,exp2,direct,off,32,16,10,2098.0,1336.0,1151.0,8.0,379.0,337.0,13.0,12.0,3.0,10.0,0.0,0.0,0.0,2374.0
scna-int8,exp2,direct,off,32,16,11,2103.0,1337.0,1152.0,8.0,381.0,338.0,12.0,13.0,3.0,11.0,0.0,0.0,0.0,2393.0
scna-int8,exp2,direct,off,32,16,12,2103.0,1336.0,1151.0,8.0,383.0,337.0,13.0,13.0,3.0,10.0,0.0,0.0,0.0,2367.0
scna-int8,exp2,direct,off,32,16,13,2106.0,1336.0,1151.0,8.0,387.0,335.0,13.0,13.0,3.0,11.0,0.0,0.0,0.0,2378.0
scna-int8,exp2,direct,off,32,16,14,2105.0,1336.0,1152.0,8.0,386.0,336.0,13.0,13.0,3.0,10.0,0.0,0.0,0.0,2366.0
scna-int8,exp2,direct,off,32,16,15,2098.0,1335.0,1151.0,8.0,382.0,333.0,13.0,13.0,3.0,11.0,0.0,0.0,0.0,2374.0
scna-int8,exp2,direct,off,32,16,16,2075.0,1331.0,1152.0,8.0,371.0,326.0,13.0,13.0,3.0,10.0,0.0,0.0,0.0,2375.0
scna-int8,exp2,direct,off,32,16,17,2091.0,1334.0,1152.0,8.0,378.0,331.0,12.0,13.0,3.0,12.0,0.0,0.0,0.0,2381.0
scna-int8,exp2,direct,off,32,16,18,2100.0,1336.0,1150.0,8.0,380.0,338.0,12.0,13.0,3.0,10.0,0.0,0.0,0.0,2360.0
scna-int8,exp2,direct,off,32,16,19,2098.0,1336.0,1151.0,8.0,379.0,335.0,13.0,13.0,3.0,11.0,0.0,0.0,0.0,2366.0
scna-int8,exp2,direct,off,32,32,0,3424.0,2642.0,2284.0,15.0,353.0,338.0,25.0,26.0,3.0,22.0,0.0,0.0,0.0,3712.0
scna-int8,exp2,direct,off,32,32,1,3425.0,2642.0,2285.0,14.0,358.0,337.0,25.0,25.0,3.0,21.0,0.0,0.0,0.0,3827.0
scna-int8,exp2,direct,off,32,32,2,3458.0,2661.0,2289.0,15.0,375.0,333.0,25.0,25.0,2.0,22.0,0.0,0.0,0.0,3847.0
scna-int8,exp2,direct,off,32,32,3,3479.0,2662.0,2291.0,15.0,389.0,338.0,25.0,25.0,3.0,22.0,0.0,0.0,0.0,3840.0
scna-int8,exp2,direct,off,32,32,4,3484.0,2665.0,2290.0,15.0,391.0,339.0,25.0,25.0,2.0,22.0,0.0,0.0,0.0,3804.0
scna-int8,exp2,direct,off,32,32,5,3492.0,2673.0,2293.0,15.0,387.0,342.0,25.0,25.0,3.0,22.0,0.0,0.0,0.0,3803.0
scna-int8,exp2,direct,off,32,32,6,3489.0,2668.0,2291.0,15.0,390.0,341.0,25.0,25.0,3.0,22.0,0.0,0.0,0.0,3827.0
scna-int8,exp2,direct,off,32,32,7,3477.0,2667.0,2291.0,15.0,389.0,331.0,25.0,25.0,3.0,22.0,0.0,0.0,0.0,3855.0
scna-int8,exp2,direct,off,32,32,8,3491.0,2671.0,2292.0,15.0,389.0,341.0,25.0,25.0,3.0,22.0,0.0,0.0,0.0,3816.0
scna-int8,exp2,direct,off,32,32,9,3491.0,2672.0,2291.0,14.0,403.0,327.0,25.0,25.0,3.0,22.0,0.0,0.0,0.0,3785.0
scna-int8,exp2,direct,off,32,32,10,3474.0,2662.0,2292.0,15.0,388.0,334.0,25.0,25.0,3.0,22.0,0.0,0.0,0.0,3782.0
scna-int8,exp2,direct,off,32,32,11,3489.0,2670.0,2291.0,15.0,389.0,340.0,25.0,25.0,3.0,22.0,0.0,0.0,0.0,3857.0
scna-int8,exp2,direct,off,32,32,12,3480.0,2661.0,2291.0,14.0,390.0,340.0,25.0,25.0,3.0,22.0,0.0,0.0,0.0,3816.0
scna-int8,exp2,direct,off,32,32,13,3468.0,2661.0,2290.0,15.0,381.0,336.0,26.0,25.0,2.0,22.0,0.0,0.0,0.0,3863.0
scna-int8,exp2,direct,off,32,32,14,3470.0,2663.0,2289.0,15.0,384.0,333.0,25.0,25.0,3.0,22.0,0.0,0.0,0.0,3764.0
scna-int8,exp2,direct,off,32,32,15,3479.0,2670.0,2290.0,15.0,381.0,338.0,25.0,25.0,3.0,22.0,0.0,0.0,0.0,3809.0
scna-int8,exp2,direct,off,32,32,16,3476.0,2667.0,2289.0,15.0,380.0,340.0,25.0,25.0,2.0,22.0,0.0,0.0,0.0,3801.0
scna-int8,exp2,direct,off,32,32,17,3479.0,2669.0,2291.0,15.0,383.0,338.0,25.0,25.0,2.0,22.0,0.0,0.0,0.0,3826.0
scna-int8,exp2,direct,off,32,32,18,3436.0,2651.0,2289.0,15.0,384.0,311.0,25.0,25.0,3.0,22.0,0.0,0.0,0.0,3801.0
scna-int8,exp2,direct,off,32,32,19,3310.0,2623.0,2287.0,15.0,310.0,287.0,25.0,25.0,3.0,22.0,0.0,0.0,0.0,3610.0
scna-int8,exp2,direct,on,8,4,0,447.0,196.0,158.0,2.0,131.0,111.0,3.0,0.0,0.0,4.0,8.0,35.0,192.0,714.0
scna-int8,exp2,direct,on,8,4,1,441.0,194.0,158.0,1.0,130.0,110.0,2.0,0.0,0.0,4.0,8.0,34.0,193.0,717.0
scna-int8,exp2,direct,on,8,4,2,442.0,194.0,158.0,2.0,131.0,108.0,3.0,0.0,0.0,4.0,9.0,30.0,194.0,700.0
scna-int8,exp2,direct,on,8,4,3,440.0,194.0,158.0,2.0,131.0,107.0,2.0,0.0,0.0,4.0,8.0,32.0,192.0,703.0
scna-int8,exp2,direct,on,8,4,4,446.0,195.0,158.0,2.0,131.0,111.0,3.0,0.0,0.0,4.0,8.0,34.0,193.0,701.0
scna-int8,exp2,direct,on,8,4,5,444.0,194.0,158.0,2.0,131.0,111.0,2.0,0.0,0.0,4.0,9.0,35.0,192.0,700.0
scna-int8,exp2,direct,on,8,4,6,440.0,194.0,158.0,2.0,131.0,106.0,3.0,0.0,0.0,4.0,10.0,31.0,192.0,699.0
scna-int8,exp2,direct,on,8,4,7,443.0,194.0,158.0,2.0,131.0,110.0,2.0,0.0,0.0,4.0,10.0,33.0,193.0,705.0
scna-int8,exp2,direct,on,8,4,8,442.0,194.0,158.0,2.0,131.0,108.0,3.0,0.0,0.0,4.0,8.0,31.0,192.0,702.0
scna-int8,exp2,direct,on,8,4,9,444.0,194.0,158.0,1.0,131.0,112.0,2.0,0.0,0.0,4.0,8.0,35.0,193.0,699.0
scna-int8,exp2,direct,on,8,4,10,448.0,194.0,158.0,2.0,131.0,114.0,3.0,0.0,0.0,4.0,8.0,38.0,192.0,701.0
scna-int8,exp2,direct,on,8,4,11,443.0,194.0,158.0,2.0,132.0,109.0,2.0,0.0,0.0,4.0,8.0,32.0,192.0,704.0
scna-int8,exp2,direct,on,8,4,12,442.0,193.0,158.0,2.0,130.0,110.0,3.0,0.0,0.0,4.0,9.0,32.0,194.0,701.0
scna-int8,exp2,direct,on,8,4,13,441.0,193.0,158.0,2.0,131.0,109.0,2.0,0.0,0.0,4.0,8.0,32.0,193.0,704.0
scna-int8,exp2,direct,on,8,4,14,445.0,196.0,158.0,2.0,131.0,109.0,3.0,0.0,0.0,4.0,8.0,31.0,192.0,703.0
scna-int8,exp2,direct,on,8,4,15,440.0,194.0,158.0,2.0,131.0,107.0,2.0,0.0,0.0,4.0,8.0,31.0,192.0,704.0
scna-int8,exp2,direct,on,8,4,16,500.0,203.0,161.0,2.0,149.0,139.0,3.0,0.0,0.0,4.0,8.0,81.0,192.0,720.0
scna-int8,exp2,direct,on,8,4,17,498.0,202.0,161.0,2.0,150.0,138.0,2.0,0.0,0.0,4.0,8.0,81.0,191.0,707.0
scna-int8,exp2,direct,on,8,4,18,493.0,201.0,160.0,1.0,149.0,135.0,3.0,0.0,0.0,4.0,9.0,76.0,192.0,673.0
scna-int8,exp2,direct,on,8,4,19,495.0,202.0,160.0,2.0,151.0,135.0,2.0,0.0,0.0,3.0,9.0,77.0,192.0,660.0
scna-int8,exp2,direct,on,8,8,0,657.0,394.0,314.0,3.0,131.0,112.0,7.0,4.0,2.0,4.0,9.0,35.0,193.0,937.0
scna-int8,exp2,direct,on,8,8,1,661.0,394.0,314.0,3.0,131.0,117.0,6.0,4.0,2.0,4.0,9.0,38.0,192.0,928.0
scna-int8,exp2,direct,on,8,8,2,662.0,396.0,314.0,3.0,130.0,116.0,7.0,4.0,2.0,4.0,10.0,40.0,192.0,932.0
scna-int8,exp2,direct,on,8,8,3,659.0,395.0,314.0,3.0,132.0,113.0,6.0,4.0,2.0,4.0,8.0,36.0,194.0,935.0
scna-int8,exp2,direct,on,8,8,4,661.0,394.0,314.0,3.0,132.0,116.0,6.0,4.0,2.0,4.0,8.0,39.0,192.0,928.0
scna-int8,exp2,direct,on,8,8,5,661.0,395.0,314.0,3.0,131.0,116.0,6.0,4.0,2.0,4.0,8.0,39.0,192.0,930.0
scna-int8,exp2,direct,on,8,8,6,662.0,396.0,314.0,3.0,130.0,116.0,7.0,4.0,2.0,4.0,8.0,38.0,193.0,931.0
scna-int8,exp2,direct,on,8,8,7,658.0,395.0,314.0,3.0,130.0,114.0,6.0,4.0,2.0,4.0,8.0,35.0,193.0,935.0
scna-int8,exp2,direct,on,8,8,8,661.0,395.0,315.0,3.0,130.0,115.0,7.0,5.0,2.0,4.0,9.0,39.0,192.0,930.0
scna-int8,exp2,direct,on,8,8,9,652.0,394.0,314.0,3.0,131.0,108.0,6.0,4.0,2.0,4.0,9.0,32.0,193.0,866.0
scna-int8,exp2,direct,on,8,8,10,658.0,392.0,314.0,3.0,131.0,115.0,7.0,4.0,2.0,4.0,9.0,37.0,193.0,938.0
scna-int8,exp2,direct,on,8,8,11,658.0,394.0,314.0,3.0,130.0,115.0,6.0,4.0,2.0,4.0,9.0,37.0,192.0,930.0
scna-int8,exp2,direct,on,8,8,12,661.0,394.0,314.0,3.0,132.0,115.0,7.0,4.0,2.0,4.0,8.0,38.0,193.0,934.0
scna-int8,exp2,direct,on,8,8,13,659.0,394.0,314.0,3.0,130.0,115.0,6.0,5.0,2.0,4.0,8.0,37.0,192.0,929.0
scna-int8,exp2,direct,on,8,8,14,660.0,397.0,314.0,3.0,131.0,111.0,7.0,5.0,2.0,4.0,9.0,34.0,193.0,929.0
scna-int8,exp2,direct,on,8,8,15,660.0,395.0,314.0,3.0,131.0,114.0,6.0,5.0,2.0,4.0,8.0,37.0,194.0,971.0
scna-int8,exp2,direct,on,8,8,16,731.0,405.0,317.0,3.0,158.0,148.0,7.0,4.0,2.0,4.0,8.0,97.0,192.0,952.0
scna-int8,exp2,direct,on,8,8,17,727.0,405.0,318.0,3.0,157.0,146.0,6.0,4.0,2.0,4.0,8.0,95.0,192.0,958.0
scna-int8,exp2,direct,on,8,8,18,726.0,404.0,317.0,3.0,156.0,146.0,7.0,4.0,2.0,4.0,9.0,94.0,192.0,925.0
scna-int8,exp2,direct,on,8,8,19,722.0,401.0,317.0,3.0,156.0,146.0,6.0,4.0,2.0,4.0,8.0,94.0,192.0,934.0
scna-int8,exp2,direct,on,8,16,0,1097.0,801.0,626.0,7.0,134.0,123.0,11.0,9.0,2.0,10.0,9.0,47.0,194.0,1311.0
scna-int8,exp2,direct,on,8,16,1,1097.0,799.0,626.0,8.0,136.0,123.0,10.0,9.0,2.0,10.0,10.0,48.0,193.0,1317.0
scna-int8,exp2,direct,on,8,16,2,1098.0,802.0,626.0,7.0,133.0,124.0,11.0,9.0,2.0,10.0,9.0,48.0,193.0,1319.0
scna-int8,exp2,direct,on,8,16,3,1091.0,792.0,626.0,8.0,134.0,126.0,10.0,9.0,2.0,10.0,8.0,50.0,194.0,1315.0
scna-int8,exp2,direct,on,8,16,4,1083.0,791.0,626.0,8.0,134.0,118.0,11.0,9.0,2.0,10.0,9.0,43.0,194.0,1315.0
scna-int8,exp2,direct,on,8,16,5,1069.0,781.0,626.0,7.0,132.0,118.0,10.0,9.0,2.0,10.0,9.0,40.0,193.0,1304.0
scna-int8,exp2,direct,on,8,16,6,1078.0,794.0,626.0,7.0,131.0,114.0,11.0,9.0,2.0,10.0,10.0,37.0,192.0,1327.0
scna-int8,exp2,direct,on,8,16,7,1083.0,797.0,625.0,7.0,133.0,115.0,10.0,9.0,2.0,10.0,10.0,38.0,192.0,1318.0
scna-int8,exp2,direct,on,8,16,8,1081.0,794.0,626.0,7.0,133.0,115.0,11.0,9.0,2.0,10.0,10.0,37.0,194.0,1312.0
scna-int8,exp2,direct,on,8,16,9,1112.0,800.0,627.0,7.0,142.0,132.0,10.0,9.0,2.0,10.0,9.0,65.0,193.0,1425.0
scna-int8,exp2,direct,on,8,16,10,1135.0,804.0,627.0,7.0,151.0,141.0,11.0,9.0,2.0,10.0,9.0,82.0,192.0,1366.0
scna-int8,exp2,direct,on,8,16,11,1144.0,809.0,629.0,7.0,157.0,140.0,10.0,9.0,2.0,10.0,9.0,87.0,192.0,1472.0
scna-int8,exp2,direct,on,8,16,12,1138.0,803.0,627.0,7.0,156.0,140.0,11.0,9.0,2.0,10.0,10.0,85.0,193.0,1359.0
scna-int8,exp2,direct,on,8,16,13,1128.0,803.0,629.0,7.0,149.0,138.0,10.0,9.0,2.0,10.0,9.0,78.0,192.0,1354.0
scna-int8,exp2,direct,on,8,16,14,1137.0,802.0,627.0,8.0,152.0,143.0,11.0,9.0,2.0,10.0,8.0,86.0,192.0,1346.0
scna-int8,exp2,direct,on,8,16,15,1125.0,798.0,628.0,7.0,150.0,139.0,10.0,9.0,2.0,10.0,8.0,80.0,192.0,1362.0
scna-int8,exp2,direct,on,8,16,16,1132.0,805.0,627.0,7.0,149.0,139.0,11.0,9.0,2.0,10.0,9.0,79.0,192.0,1335.0
scna-int8,exp2,direct,on,8,16,17,1128.0,802.0,627.0,7.0,148.0,140.0,10.0,9.0,2.0,10.0,9.0,78.0,192.0,1360.0
scna-int8,exp2,direct,on,8,16,18,1123.0,797.0,627.0,8.0,148.0,138.0,11.0,9.0,2.0,10.0,10.0,77.0,192.0,1408.0
scna-int8,exp2,direct,on,8,16,19,1127.0,801.0,627.0,7.0,149.0,139.0,10.0,9.0,2.0,10.0,8.0,80.0,192.0,1349.0
scna-int8,exp2,direct,on,8,32,0,1867.0,1553.0,1246.0,14.0,131.0,101.0,23.0,21.0,4.0,20.0,9.0,24.0,193.0,2204.0
scna-int8,exp2,direct,on,8,32,1,1870.0,1554.0,1247.0,14.0,131.0,102.0,24.0,21.0,4.0,20.0,9.0,22.0,194.0,2136.0
scna-int8,exp2,direct,on,8,32,2,2032.0,1615.0,1253.0,14.0,166.0,169.0,23.0,21.0,4.0,20.0,9.0,127.0,192.0,2310.0
scna-int8,exp2,direct,on,8,32,3,2043.0,1616.0,1253.0,14.0,171.0,175.0,22.0,21.0,4.0,20.0,10.0,137.0,191.0,2278.0
scna-int8,exp2,direct,on,8,32,4,2033.0,1619.0,1253.0,14.0,169.0,164.0,22.0,21.0,4.0,20.0,10.0,123.0,193.0,2381.0
scna-int8,exp2,direct,on,8,32,5,2039.0,1614.0,1253.0,14.0,169.0,174.0,23.0,21.0,4.0,20.0,9.0,134.0,192.0,2293.0
scna-int8,exp2,direct,on,8,32,6,2041.0,1617.0,1252.0,14.0,170.0,172.0,23.0,21.0,4.0,20.0,9.0,132.0,192.0,2402.0
scna-int8,exp2,direct,on,8,32,7,2030.0,1610.0,1252.0,14.0,171.0,169.0,22.0,20.0,4.0,20.0,10.0,130.0,193.0,2299.0
scna-int8,exp2,direct,on,8,32,8,2028.0,1618.0,1251.0,14.0,168.0,162.0,22.0,20.0,4.0,20.0,9.0,121.0,193.0,2309.0
scna-int8,exp2,direct,on,8,32,9,2029.0,1613.0,1252.0,14.0,167.0,167.0,23.0,21.0,4.0,20.0,9.0,125.0,192.0,2389.0
scna-int8,exp2,direct,on,8,32,10,2023.0,1618.0,1250.0,14.0,163.0,161.0,22.0,21.0,4.0,20.0,10.0,115.0,192.0,2375.0
scna-int8,exp2,direct,on,8,32,11,2024.0,1614.0,1251.0,14.0,165.0,163.0,23.0,21.0,4.0,20.0,10.0,119.0,192.0,2375.0
scna-int8,exp2,direct,on,8,32,12,2022.0,1613.0,1251.0,14.0,164.0,162.0,23.0,21.0,4.0,21.0,10.0,118.0,192.0,2372.0
scna-int8,exp2,direct,on,8,32,13,2022.0,1611.0,1251.0,14.0,164.0,165.0,22.0,21.0,4.0,21.0,10.0,121.0,191.0,2376.0
scna-int8,exp2,direct,on,8,32,14,2024.0,1610.0,1251.0,14.0,166.0,166.0,23.0,21.0,4.0,20.0,9.0,123.0,192.0,2319.0
scna-int8,exp2,direct,on,8,32,15,2019.0,1611.0,1251.0,14.0,164.0,163.0,23.0,20.0,4.0,20.0,9.0,117.0,193.0,2374.0
scna-int8,exp2,direct,on,8,32,16,2013.0,1609.0,1251.0,14.0,162.0,161.0,22.0,21.0,4.0,20.0,10.0,114.0,192.0,2366.0
scna-int8,exp2,direct,on,8,32,17,2014.0,1610.0,1251.0,14.0,162.0,161.0,22.0,21.0,4.0,20.0,10.0,116.0,192.0,2368.0
scna-int8,exp2,direct,on,8,32,18,2002.0,1608.0,1250.0,14.0,160.0,153.0,22.0,21.0,4.0,20.0,9.0,104.0,192.0,2323.0
scna-int8,exp2,direct,on,8,32,19,2026.0,1610.0,1250.0,14.0,165.0,168.0,24.0,21.0,4.0,20.0,10.0,123.0,192.0,2271.0
scna-int8,exp2,direct,on,16,4,0,495.0,244.0,200.0,2.0,132.0,110.0,3.0,0.0,0.0,4.0,8.0,33.0,193.0,700.0
scna-int8,exp2,direct,on,16,4,1,494.0,244.0,200.0,2.0,132.0,110.0,2.0,0.0,0.0,4.0,8.0,33.0,193.0,701.0
scna-int8,exp2,direct,on,16,4,2,496.0,244.0,200.0,2.0,132.0,112.0,3.0,0.0,0.0,3.0,9.0,38.0,192.0,774.0
scna-int8,exp2,direct,on,16,4,3,497.0,242.0,200.0,1.0,131.0,117.0,2.0,0.0,0.0,4.0,8.0,40.0,193.0,726.0
scna-int8,exp2,direct,on,16,4,4,495.0,244.0,200.0,2.0,131.0,111.0,3.0,0.0,0.0,4.0,9.0,33.0,194.0,708.0
scna-int8,exp2,direct,on,16,4,5,494.0,243.0,200.0,2.0,132.0,111.0,2.0,0.0,0.0,4.0,8.0,34.0,192.0,703.0
scna-int8,exp2,direct,on,16,4,6,496.0,245.0,200.0,2.0,132.0,110.0,3.0,0.0,0.0,4.0,9.0,33.0,192.0,697.0
scna-int8,exp2,direct,on,16,4,7,496.0,242.0,200.0,2.0,132.0,114.0,2.0,0.0,0.0,4.0,9.0,39.0,192.0,701.0
scna-int8,exp2,direct,on,16,4,8,496.0,242.0,200.0,2.0,132.0,113.0,3.0,0.0,0.0,4.0,8.0,37.0,192.0,672.0
scna-int8,exp2,direct,on,16,4,9,493.0,243.0,201.0,2.0,131.0,111.0,2.0,0.0,0.0,4.0,8.0,33.0,192.0,702.0
scna-int8,exp2,direct,on,16,4,10,495.0,243.0,200.0,1.0,132.0,112.0,3.0,0.0,0.0,4.0,9.0,36.0,194.0,699.0
scna-int8,exp2,direct,on,16,4,11,490.0,241.0,200.0,2.0,132.0,109.0,2.0,0.0,0.0,4.0,8.0,33.0,193.0,699.0
scna-int8,exp2,direct,on,16,4,12,495.0,243.0,200.0,2.0,132.0,111.0,3.0,0.0,0.0,4.0,8.0,35.0,193.0,698.0
scna-int8,exp2,direct,on,16,4,13,490.0,242.0,200.0,2.0,130.0,110.0,2.0,0.0,0.0,4.0,8.0,32.0,192.0,700.0
scna-int8,exp2,direct,on,16,4,14,494.0,243.0,200.0,2.0,132.0,110.0,3.0,0.0,0.0,4.0,8.0,34.0,193.0,699.0
scna-int8,exp2,direct,on,16,4,15,494.0,241.0,200.0,2.0,132.0,113.0,2.0,0.0,0.0,4.0,9.0,36.0,192.0,700.0
scna-int8,exp2,direct,on,16,4,16,496.0,243.0,200.0,2.0,132.0,112.0,3.0,0.0,0.0,4.0,8.0,36.0,193.0,701.0
scna-int8,exp2,direct,on,16,4,17,564.0,249.0,204.0,2.0,153.0,154.0,2.0,0.0,0.0,4.0,9.0,99.0,192.0,811.0
scna-int8,exp2,direct,on,16,4,18,573.0,249.0,204.0,2.0,162.0,153.0,3.0,0.0,0.0,4.0,8.0,109.0,192.0,825.0
scna-int8,exp2,direct,on,16,4,19,579.0,250.0,204.0,2.0,161.0,160.0,2.0,0.0,0.0,4.0,10.0,113.0,192.0,840.0
scna-int8,exp2,direct,on,16,8,0,770.0,488.0,399.0,3.0,133.0,128.0,7.0,4.0,2.0,5.0,8.0,53.0,192.0,959.0
scna-int8,exp2,direct,on,16,8,1,767.0,487.0,399.0,4.0,133.0,126.0,6.0,4.0,2.0,5.0,9.0,52.0,191.0,957.0
scna-int8,exp2,direct,on,16,8,2,775.0,491.0,399.0,4.0,135.0,128.0,7.0,4.0,2.0,4.0,9.0,55.0,192.0,1064.0
scna-int8,exp2,direct,on,16,8,3,777.0,494.0,399.0,4.0,138.0,124.0,7.0,4.0,2.0,4.0,8.0,53.0,193.0,1071.0
scna-int8,exp2,direct,on,16,8,4,764.0,486.0,399.0,4.0,135.0,123.0,6.0,4.0,2.0,4.0,8.0,50.0,193.0,951.0
scna-int8,exp2,direct,on,16,8,5,767.0,487.0,399.0,4.0,135.0,124.0,7.0,4.0,2.0,4.0,8.0,50.0,193.0,973.0
scna-int8,exp2,direct,on,16,8,6,754.0,482.0,399.0,4.0,134.0,117.0,7.0,4.0,2.0,4.0,10.0,42.0,193.0,980.0
scna-int8,exp2,direct,on,16,8,7,765.0,491.0,399.0,4.0,134.0,120.0,6.0,4.0,2.0,4.0,9.0,45.0,193.0,1019.0
scna-int8,exp2,direct,on,16,8,8,812.0,489.0,401.0,4.0,149.0,153.0,7.0,4.0,2.0,4.0,9.0,94.0,193.0,1092.0
scna-int8,exp2,direct,on,16,8,9,849.0,499.0,402.0,4.0,168.0,161.0,7.0,4.0,2.0,4.0,9.0,121.0,192.0,1055.0
scna-int8,exp2,direct,on,16,8,10,845.0,500.0,402.0,4.0,168.0,157.0,6.0,4.0,2.0,4.0,9.0,116.0,193.0,1051.0
scna-int8,exp2,direct,on,16,8,11,851.0,499.0,402.0,4.0,168.0,162.0,7.0,4.0,2.0,5.0,8.0,123.0,193.0,1052.0
scna-int8,exp2,direct,on,16,8,12,836.0,494.0,402.0,4.0,161.0,160.0,7.0,4.0,2.0,4.0,9.0,112.0,193.0,1100.0
scna-int8,exp2,direct,on,16,8,13,850.0,501.0,402.0,4.0,167.0,162.0,6.0,4.0,2.0,4.0,10.0,121.0,192.0,1055.0
scna-int8,exp2,direct,on,16,8,14,845.0,496.0,402.0,4.0,168.0,160.0,7.0,4.0,2.0,4.0,10.0,119.0,192.0,1070.0
scna-int8,exp2,direct,on,16,8,15,849.0,500.0,402.0,4.0,167.0,161.0,7.0,4.0,2.0,4.0,10.0,120.0,192.0,1044.0
scna-int8,exp2,direct,on,16,8,16,840.0,499.0,401.0,4.0,159.0,161.0,7.0,4.0,2.0,4.0,8.0,112.0,192.0,1073.0
scna-int8,exp2,direct,on,16,8,17,820.0,492.0,402.0,4.0,159.0,149.0,6.0,4.0,2.0,4.0,8.0,100.0,192.0,1144.0
scna-int8,exp2,direct,on,16,8,18,797.0,491.0,401.0,4.0,148.0,137.0,7.0,4.0,2.0,4.0,9.0,76.0,193.0,1110.0
scna-int8,exp2,direct,on,16,8,19,800.0,488.0,401.0,3.0,151.0,141.0,7.0,4.0,2.0,4.0,8.0,83.0,192.0,1065.0
scna-int8,exp2,direct,on,16,16,0,1251.0,965.0,796.0,7.0,132.0,115.0,11.0,9.0,2.0,10.0,9.0,36.0,193.0,1509.0
scna-int8,exp2,direct,on,16,16,1,1254.0,967.0,798.0,7.0,132.0,117.0,10.0,9.0,2.0,10.0,10.0,41.0,192.0,1517.0
scna-int8,exp2,direct,on,16,16,2,1253.0,967.0,796.0,7.0,131.0,116.0,11.0,9.0,2.0,10.0,10.0,37.0,192.0,1510.0
scna-int8,exp2,direct,on,16,16,3,1253.0,968.0,797.0,7.0,131.0,116.0,10.0,9.0,2.0,10.0,10.0,38.0,193.0,1508.0
scna-int8,exp2,direct,on,16,16,4,1253.0,967.0,797.0,7.0,132.0,115.0,11.0,9.0,2.0,10.0,9.0,37.0,194.0,1511.0
scna-int8,exp2,direct,on,16,16,5,1253.0,967.0,797.0,7.0,132.0,116.0,10.0,9.0,2.0,10.0,9.0,40.0,193.0,1509.0
scna-int8,exp2,direct,on,16,16,6,1336.0,976.0,799.0,8.0,153.0,166.0,11.0,9.0,3.0,10.0,10.0,110.0,192.0,1655.0
scna-int8,exp2,direct,on,16,16,7,1341.0,980.0,800.0,7.0,163.0,160.0,10.0,9.0,2.0,10.0,9.0,115.0,192.0,1634.0
scna-int8,exp2,direct,on,16,16,8,1348.0,983.0,800.0,7.0,163.0,163.0,11.0,9.0,2.0,10.0,9.0,117.0,192.0,1609.0
scna-int8,exp2,direct,on,16,16,9,1345.0,982.0,800.0,7.0,163.0,162.0,10.0,9.0,2.0,10.0,9.0,116.0,192.0,1624.0
scna-int8,exp2,direct,on,16,16,10,1349.0,982.0,800.0,7.0,165.0,163.0,11.0,9.0,2.0,10.0,9.0,118.0,193.0,1614.0
scna-int8,exp2,direct,on,16,16,11,1346.0,980.0,801.0,7.0,167.0,161.0,10.0,9.0,2.0,10.0,8.0,119.0,192.0,1595.0
scna-int8,exp2,direct,on,16,16,12,1347.0,983.0,801.0,7.0,164.0,161.0,11.0,9.0,2.0,10.0,9.0,116.0,192.0,1592.0
scna-int8,exp2,direct,on,16,16,13,1347.0,984.0,801.0,7.0,162.0,163.0,10.0,9.0,2.0,10.0,8.0,117.0,191.0,1616.0
scna-int8,exp2,direct,on,16,16,14,1348.0,978.0,800.0,8.0,165.0,165.0,11.0,9.0,2.0,10.0,9.0,121.0,191.0,1609.0
scna-int8,exp2,direct,on,16,16,15,1347.0,983.0,800.0,7.0,166.0,159.0,10.0,9.0,3.0,10.0,9.0,116.0,193.0,1647.0
scna-int8,exp2,direct,on,16,16,16,1338.0,982.0,801.0,7.0,161.0,155.0,11.0,9.0,3.0,10.0,10.0,107.0,192.0,1661.0
scna-int8,exp2,direct,on,16,16,17,1345.0,982.0,800.0,7.0,165.0,159.0,10.0,9.0,3.0,10.0,10.0,115.0,192.0,1591.0
scna-int8,exp2,direct,on,16,16,18,1336.0,979.0,800.0,7.0,161.0,155.0,11.0,9.0,4.0,10.0,9.0,107.0,193.0,1551.0
scna-int8,exp2,direct,on,16,16,19,1340.0,981.0,800.0,7.0,162.0,158.0,10.0,9.0,3.0,10.0,10.0,110.0,192.0,1633.0
scna-int8,exp2,direct,on,16,32,0,2201.0,1887.0,1590.0,15.0,131.0,97.0,23.0,22.0,5.0,21.0,9.0,18.0,193.0,2479.0
scna-int8,exp2,direct,on,16,32,1,2198.0,1886.0,1590.0,15.0,131.0,97.0,23.0,22.0,3.0,21.0,9.0,17.0,194.0,2449.0
scna-int8,exp2,direct,on,16,32,2,2192.0,1879.0,1590.0,15.0,132.0,97.0,23.0,21.0,4.0,21.0,9.0,19.0,193.0,2452.0
scna-int8,exp2,direct,on,16,32,3,2191.0,1878.0,1590.0,15.0,131.0,97.0,23.0,22.0,4.0,21.0,9.0,19.0,193.0,2481.0
scna-int8,exp2,direct,on,16,32,4,2194.0,1881.0,1590.0,15.0,131.0,97.0,24.0,21.0,4.0,21.0,10.0,17.0,193.0,2484.0
scna-int8,exp2,direct,on,16,32,5,2194.0,1880.0,1590.0,15.0,131.0,98.0,23.0,22.0,4.0,21.0,9.0,19.0,193.0,2457.0
scna-int8,exp2,direct,on,16,32,6,2201.0,1887.0,1590.0,15.0,131.0,100.0,22.0,21.0,4.0,21.0,9.0,22.0,193.0,2537.0
scna-int8,exp2,direct,on,16,32,7,2200.0,1883.0,1591.0,15.0,132.0,99.0,24.0,22.0,4.0,21.0,8.0,21.0,193.0,2532.0
scna-int8,exp2,direct,on,16,32,8,2200.0,1883.0,1590.0,15.0,132.0,99.0,24.0,22.0,4.0,21.0,10.0,21.0,193.0,2526.0
scna-int8,exp2,direct,on,16,32,9,2197.0,1884.0,1591.0,15.0,131.0,97.0,23.0,22.0,4.0,21.0,10.0,19.0,193.0,2451.0
scna-int8,exp2,direct,on,16,32,10,2200.0,1885.0,1591.0,15.0,132.0,98.0,24.0,21.0,4.0,21.0,9.0,20.0,194.0,2512.0
scna-int8,exp2,direct,on,16,32,11,2199.0,1882.0,1590.0,15.0,132.0,100.0,24.0,21.0,4.0,21.0,10.0,21.0,193.0,2452.0
scna-int8,exp2,direct,on,16,32,12,2201.0,1886.0,1591.0,15.0,132.0,98.0,23.0,22.0,4.0,21.0,8.0,21.0,192.0,2542.0
scna-int8,exp2,direct,on,16,32,13,2200.0,1886.0,1590.0,15.0,131.0,98.0,24.0,21.0,4.0,21.0,10.0,20.0,194.0,2542.0
scna-int8,exp2,direct,on,16,32,14,2197.0,1884.0,1590.0,15.0,131.0,98.0,23.0,21.0,4.0,21.0,10.0,20.0,193.0,2541.0
scna-int8,exp2,direct,on,16,32,15,2195.0,1882.0,1590.0,15.0,131.0,98.0,23.0,21.0,4.0,21.0,9.0,19.0,193.0,2457.0
scna-int8,exp2,direct,on,16,32,16,2198.0,1884.0,1591.0,15.0,131.0,98.0,24.0,21.0,4.0,21.0,9.0,21.0,193.0,2521.0
scna-int8,exp2,direct,on,16,32,17,2198.0,1883.0,1590.0,14.0,132.0,98.0,24.0,22.0,4.0,21.0,10.0,20.0,193.0,2560.0
scna-int8,exp2,direct,on,16,32,18,2196.0,1880.0,1590.0,15.0,131.0,99.0,24.0,22.0,4.0,21.0,10.0,21.0,193.0,2515.0
scna-int8,exp2,direct,on,16,32,19,2196.0,1883.0,1590.0,15.0,131.0,99.0,22.0,21.0,4.0,21.0,10.0,20.0,194.0,2536.0
scna-int8,exp2,direct,on,32,4,0,558.0,324.0,286.0,1.0,130.0,96.0,3.0,0.0,0.0,4.0,9.0,18.0,193.0,770.0
scna-int8,exp2,direct,on,32,4,1,558.0,323.0,287.0,1.0,131.0,96.0,3.0,0.0,0.0,4.0,9.0,19.0,192.0,738.0
scna-int8,exp2,direct,on,32,4,2,557.0,323.0,286.0,1.0,130.0,96.0,3.0,0.0,0.0,4.0,9.0,18.0,192.0,775.0
scna-int8,exp2,direct,on,32,4,3,557.0,323.0,286.0,1.0,130.0,96.0,3.0,0.0,0.0,4.0,9.0,18.0,192.0,774.0
scna-int8,exp2,direct,on,32,4,4,557.0,323.0,286.0,1.0,130.0,96.0,3.0,0.0,0.0,4.0,9.0,18.0,192.0,770.0
scna-int8,exp2,direct,on,32,4,5,558.0,323.0,286.0,1.0,131.0,97.0,3.0,0.0,0.0,3.0,8.0,20.0,193.0,777.0
scna-int8,exp2,direct,on,32,4,6,560.0,324.0,286.0,2.0,130.0,97.0,3.0,0.0,0.0,4.0,9.0,20.0,192.0,781.0
scna-int8,exp2,direct,on,32,4,7,559.0,324.0,286.0,1.0,130.0,97.0,3.0,0.0,0.0,4.0,10.0,19.0,193.0,771.0
scna-int8,exp2,direct,on,32,4,8,561.0,324.0,286.0,2.0,131.0,97.0,3.0,0.0,0.0,4.0,9.0,19.0,193.0,766.0
scna-int8,exp2,direct,on,32,4,9,559.0,324.0,286.0,2.0,130.0,96.0,3.0,0.0,0.0,4.0,9.0,18.0,193.0,769.0
scna-int8,exp2,direct,on,32,4,10,559.0,324.0,286.0,2.0,131.0,97.0,3.0,0.0,0.0,2.0,8.0,19.0,193.0,765.0
scna-int8,exp2,direct,on,32,4,11,559.0,324.0,286.0,2.0,130.0,96.0,3.0,0.0,0.0,4.0,8.0,18.0,193.0,767.0
scna-int8,exp2,direct,on,32,4,12,561.0,324.0,286.0,2.0,131.0,97.0,3.0,0.0,0.0,4.0,9.0,19.0,192.0,766.0
scna-int8,exp2,direct,on,32,4,13,560.0,324.0,286.0,2.0,130.0,97.0,3.0,0.0,0.0,4.0,9.0,18.0,193.0,767.0
scna-int8,exp2,direct,on,32,4,14,560.0,324.0,286.0,2.0,130.0,97.0,3.0,0.0,0.0,4.0,8.0,19.0,193.0,771.0
scna-int8,exp2,direct,on,32,4,15,559.0,324.0,286.0,2.0,130.0,96.0,3.0,0.0,0.0,4.0,9.0,17.0,193.0,768.0
scna-int8,exp2,direct,on,32,4,16,559.0,324.0,286.0,2.0,130.0,96.0,3.0,0.0,0.0,4.0,9.0,19.0,192.0,771.0
scna-int8,exp2,direct,on,32,4,17,560.0,324.0,286.0,2.0,130.0,97.0,3.0,0.0,0.0,4.0,9.0,19.0,192.0,766.0
scna-int8,exp2,direct,on,32,4,18,560.0,324.0,286.0,2.0,130.0,97.0,3.0,0.0,0.0,4.0,9.0,19.0,193.0,772.0
scna-int8,exp2,direct,on,32,4,19,559.0,324.0,286.0,1.0,130.0,97.0,3.0,0.0,0.0,4.0,10.0,18.0,193.0,770.0
scna-int8,exp2,direct,on,32,8,0,905.0,651.0,571.0,4.0,130.0,104.0,6.0,4.0,2.0,4.0,9.0,26.0,194.0,1182.0
scna-int8,exp2,direct,on,32,8,1,909.0,652.0,571.0,4.0,130.0,106.0,6.0,5.0,2.0,4.0,8.0,27.0,193.0,1133.0
scna-int8,exp2,direct,on,32,8,2,908.0,652.0,570.0,4.0,130.0,106.0,6.0,4.0,2.0,4.0,9.0,28.0,193.0,1130.0
scna-int8,exp2,direct,on,32,8,3,906.0,651.0,570.0,4.0,130.0,105.0,6.0,4.0,2.0,4.0,9.0,27.0,193.0,1129.0
scna-int8,exp2,direct,on,32,8,4,906.0,652.0,570.0,4.0,130.0,104.0,6.0,4.0,2.0,4.0,9.0,25.0,194.0,1129.0
scna-int8,exp2,direct,on,32,8,5,907.0,652.0,571.0,4.0,130.0,105.0,6.0,4.0,2.0,4.0,9.0,26.0,194.0,1153.0
scna-int8,exp2,direct,on,32,8,6,908.0,653.0,570.0,4.0,130.0,105.0,6.0,4.0,2.0,4.0,8.0,26.0,193.0,1129.0
scna-int8,exp2,direct,on,32,8,7,906.0,653.0,571.0,4.0,130.0,103.0,6.0,4.0,2.0,4.0,9.0,25.0,193.0,1128.0
scna-int8,exp2,direct,on,32,8,8,918.0,655.0,571.0,4.0,137.0,106.0,6.0,4.0,2.0,4.0,8.0,34.0,193.0,1131.0
scna-int8,exp2,direct,on,32,8,9,908.0,653.0,570.0,4.0,130.0,105.0,6.0,4.0,2.0,4.0,9.0,26.0,193.0,1127.0
scna-int8,exp2,direct,on,32,8,10,904.0,651.0,570.0,4.0,130.0,103.0,6.0,4.0,2.0,4.0,9.0,24.0,193.0,1101.0
scna-int8,exp2,direct,on,32,8,11,910.0,652.0,570.0,4.0,131.0,107.0,6.0,4.0,2.0,4.0,9.0,29.0,193.0,1136.0
scna-int8,exp2,direct,on,32,8,12,910.0,653.0,570.0,4.0,131.0,106.0,6.0,4.0,2.0,4.0,9.0,27.0,194.0,1133.0
scna-int8,exp2,direct,on,32,8,13,985.0,667.0,571.0,4.0,153.0,145.0,6.0,4.0,2.0,4.0,9.0,90.0,193.0,1248.0
scna-int8,exp2,direct,on,32,8,14,980.0,665.0,571.0,4.0,154.0,141.0,6.0,4.0,2.0,4.0,10.0,87.0,193.0,1200.0
scna-int8,exp2,direct,on,32,8,15,979.0,665.0,571.0,4.0,154.0,140.0,6.0,4.0,2.0,4.0,8.0,86.0,193.0,1203.0
scna-int8,exp2,direct,on,32,8,16,977.0,663.0,571.0,4.0,153.0,141.0,6.0,4.0,2.0,4.0,8.0,86.0,193.0,1189.0
scna-int8,exp2,direct,on,32,8,17,980.0,664.0,571.0,4.0,154.0,142.0,6.0,4.0,2.0,4.0,9.0,89.0,193.0,1229.0
scna-int8,exp2,direct,on,32,8,18,971.0,662.0,571.0,4.0,151.0,138.0,6.0,4.0,2.0,4.0,8.0,80.0,192.0,1186.0
scna-int8,exp2,direct,on,32,8,19,971.0,661.0,571.0,4.0,150.0,139.0,7.0,4.0,2.0,4.0,9.0,82.0,193.0,1218.0
scna-int8,exp2,direct,on,32,16,0,1580.0,1303.0,1141.0,8.0,131.0,106.0,11.0,9.0,2.0,10.0,9.0,27.0,194.0,1889.0
scna-int8,exp2,direct,on,32,16,1,1576.0,1301.0,1140.0,8.0,131.0,105.0,10.0,9.0,2.0,10.0,8.0,27.0,194.0,1793.0
scna-int8,exp2,direct,on,32,16,2,1571.0,1297.0,1141.0,7.0,131.0,103.0,12.0,9.0,2.0,10.0,9.0,24.0,194.0,1823.0
scna-int8,exp2,direct,on,32,16,3,1568.0,1294.0,1140.0,8.0,131.0,104.0,10.0,9.0,2.0,10.0,9.0,26.0,193.0,1812.0
scna-int8,exp2,direct,on,32,16,4,1576.0,1300.0,1140.0,8.0,131.0,105.0,11.0,9.0,2.0,10.0,9.0,26.0,192.0,1809.0
scna-int8,exp2,direct,on,32,16,5,1572.0,1298.0,1141.0,8.0,131.0,104.0,10.0,9.0,2.0,10.0,9.0,25.0,194.0,1797.0
scna-int8,exp2,direct,on,32,16,6,1637.0,1315.0,1141.0,8.0,145.0,137.0,11.0,9.0,2.0,10.0,9.0,72.0,192.0,1919.0
scna-int8,exp2,direct,on,32,16,7,1643.0,1318.0,1141.0,8.0,153.0,133.0,10.0,9.0,2.0,10.0,10.0,76.0,193.0,1855.0
scna-int8,exp2,direct,on,32,16,8,1641.0,1317.0,1141.0,7.0,148.0,137.0,11.0,9.0,2.0,10.0,10.0,74.0,193.0,1887.0
scna-int8,exp2,direct,on,32,16,9,1641.0,1317.0,1142.0,8.0,149.0,136.0,10.0,9.0,2.0,10.0,9.0,76.0,192.0,1892.0
scna-int8,exp2,direct,on,32,16,10,1644.0,1315.0,1142.0,8.0,149.0,140.0,11.0,9.0,2.0,10.0,10.0,79.0,192.0,1881.0
scna-int8,exp2,direct,on,32,16,11,1646.0,1315.0,1141.0,8.0,151.0,141.0,10.0,9.0,2.0,10.0,8.0,83.0,192.0,1854.0
scna-int8,exp2,direct,on,32,16,12,1637.0,1317.0,1142.0,8.0,150.0,130.0,11.0,9.0,2.0,10.0,10.0,71.0,193.0,1884.0
scna-int8,exp2,direct,on,32,16,13,1640.0,1313.0,1142.0,8.0,149.0,139.0,10.0,9.0,2.0,10.0,9.0,79.0,192.0,1878.0
scna-int8,exp2,direct,on,32,16,14,1626.0,1315.0,1141.0,7.0,145.0,127.0,11.0,9.0,2.0,10.0,9.0,62.0,192.0,1949.0
scna-int8,exp2,direct,on,32,16,15,1618.0,1314.0,1141.0,8.0,141.0,124.0,10.0,9.0,2.0,10.0,9.0,56.0,193.0,1881.0
scna-int8,exp2,direct,on,32,16,16,1622.0,1313.0,1141.0,8.0,144.0,125.0,11.0,9.0,2.0,10.0,9.0,60.0,193.0,1873.0
scna-int8,exp2,direct,on,32,16,17,1616.0,1316.0,1141.0,7.0,140.0,122.0,10.0,9.0,2.0,10.0,9.0,52.0,192.0,1849.0
scna-int8,exp2,direct,on,32,16,18,1622.0,1314.0,1141.0,7.0,144.0,125.0,11.0,9.0,2.0,10.0,10.0,59.0,192.0,1880.0
scna-int8,exp2,direct,on,32,16,19,1618.0,1311.0,1141.0,8.0,140.0,128.0,10.0,9.0,2.0,10.0,8.0,58.0,192.0,1915.0
scna-int8,exp2,direct,on,32,32,0,2992.0,2618.0,2276.0,14.0,145.0,145.0,24.0,22.0,4.0,20.0,8.0,80.0,193.0,3256.0
scna-int8,exp2,direct,on,32,32,1,2968.0,2620.0,2275.0,14.0,145.0,121.0,22.0,22.0,4.0,20.0,9.0,56.0,192.0,3291.0
scna-int8,exp2,direct,on,32,32,2,2964.0,2630.0,2274.0,14.0,137.0,113.0,24.0,22.0,4.0,20.0,9.0,41.0,193.0,3223.0
scna-int8,exp2,direct,on,32,32,3,2951.0,2621.0,2275.0,14.0,135.0,111.0,24.0,22.0,4.0,20.0,10.0,36.0,193.0,3315.0
scna-int8,exp2,direct,on,32,32,4,2952.0,2619.0,2275.0,14.0,137.0,113.0,24.0,21.0,4.0,20.0,9.0,40.0,193.0,3195.0
scna-int8,exp2,direct,on,32,32,5,2944.0,2611.0,2275.0,14.0,138.0,113.0,23.0,21.0,4.0,20.0,10.0,42.0,193.0,3284.0
scna-int8,exp2,direct,on,32,32,6,2943.0,2616.0,2275.0,14.0,134.0,111.0,23.0,22.0,3.0,20.0,10.0,35.0,192.0,3206.0
scna-int8,exp2,direct,on,32,32,7,2944.0,2617.0,2275.0,14.0,134.0,111.0,24.0,21.0,3.0,20.0,8.0,35.0,193.0,3211.0
scna-int8,exp2,direct,on,32,32,8,2941.0,2613.0,2274.0,14.0,135.0,110.0,24.0,21.0,4.0,20.0,9.0,36.0,193.0,3301.0
scna-int8,exp2,direct,on,32,32,9,2942.0,2613.0,2274.0,14.0,135.0,110.0,24.0,22.0,4.0,20.0,10.0,36.0,193.0,3182.0
scna-int8,exp2,direct,on,32,32,10,2938.0,2609.0,2275.0,14.0,136.0,111.0,22.0,22.0,4.0,20.0,9.0,38.0,192.0,3284.0
scna-int8,exp2,direct,on,32,32,11,2938.0,2611.0,2275.0,14.0,132.0,113.0,23.0,21.0,4.0,20.0,10.0,35.0,193.0,3242.0
scna-int8,exp2,direct,on,32,32,12,2944.0,2614.0,2275.0,14.0,137.0,110.0,24.0,21.0,4.0,20.0,8.0,36.0,194.0,3296.0
scna-int8,exp2,direct,on,32,32,13,2938.0,2611.0,2274.0,14.0,134.0,110.0,23.0,22.0,4.0,20.0,10.0,34.0,193.0,3192.0
scna-int8,exp2,direct,on,32,32,14,2937.0,2611.0,2275.0,14.0,133.0,110.0,24.0,21.0,4.0,20.0,9.0,33.0,193.0,3213.0
scna-int8,exp2,direct,on,32,32,15,2940.0,2612.0,2275.0,14.0,136.0,110.0,23.0,21.0,4.0,20.0,9.0,37.0,192.0,3288.0
scna-int8,exp2,direct,on,32,32,16,2939.0,2610.0,2274.0,14.0,135.0,110.0,24.0,22.0,4.0,20.0,10.0,35.0,193.0,3305.0
scna-int8,exp2,direct,on,32,32,17,2937.0,2610.0,2275.0,14.0,135.0,110.0,23.0,21.0,4.0,20.0,10.0,34.0,193.0,3182.0
scna-int8,exp2,direct,on,32,32,18,2939.0,2612.0,2275.0,14.0,134.0,110.0,23.0,22.0,4.0,20.0,10.0,35.0,192.0,3189.0
scna-int8,exp2,direct,on,32,32,19,2933.0,2605.0,2275.0,14.0,133.0,111.0,24.0,22.0,4.0,20.0,10.0,33.0,194.0,3175.0
scna-int8,exp2,tree,off,8,4,0,849.0,224.0,180.0,2.0,321.0,291.0,5.0,2.0,2.0,2.0,0.0,0.0,0.0,1131.0
scna-int8,exp2,tree,off,8,4,1,857.0,223.0,181.0,2.0,322.0,298.0,6.0,2.0,2.0,2.0,0.0,0.0,0.0,1128.0
scna-int8,exp2,tree,off,8,4,2,857.0,224.0,180.0,2.0,317.0,303.0,5.0,2.0,2.0,2.0,0.0,0.0,0.0,1128.0
scna-int8,exp2,tree,off,8,4,3,870.0,222.0,180.0,2.0,325.0,309.0,5.0,3.0,2.0,2.0,0.0,0.0,0.0,1129.0
scna-int8,exp2,tree,off,8,4,4,855.0,222.0,180.0,2.0,314.0,306.0,5.0,2.0,2.0,2.0,0.0,0.0,0.0,1129.0
scna-int8,exp2,tree,off,8,4,5,854.0,224.0,180.0,2.0,320.0,296.0,5.0,3.0,2.0,2.0,0.0,0.0,0.0,1129.0
scna-int8,exp2,tree,off,8,4,6,862.0,222.0,180.0,2.0,313.0,313.0,6.0,2.0,2.0,2.0,0.0,0.0,0.0,1129.0
scna-int8,exp2,tree,off,8,4,7,840.0,222.0,179.0,2.0,303.0,301.0,6.0,2.0,2.0,2.0,0.0,0.0,0.0,1128.0
scna-int8,exp2,tree,off,8,4,8,850.0,223.0,180.0,2.0,302.0,310.0,6.0,3.0,2.0,2.0,0.0,0.0,0.0,1128.0
scna-int8,exp2,tree,off,8,4,9,846.0,223.0,179.0,2.0,308.0,302.0,5.0,2.0,2.0,2.0,0.0,0.0,0.0,1171.0
scna-int8,exp2,tree,off,8,4,10,919.0,236.0,183.0,3.0,347.0,321.0,5.0,3.0,2.0,2.0,0.0,0.0,0.0,1205.0
scna-int8,exp2,tree,off,8,4,11,920.0,235.0,183.0,3.0,348.0,322.0,5.0,3.0,2.0,2.0,0.0,0.0,0.0,1234.0
scna-int8,exp2,tree,off,8,4,12,919.0,234.0,183.0,2.0,349.0,322.0,5.0,3.0,2.0,2.0,0.0,0.0,0.0,1191.0
scna-int8,exp2,tree,off,8,4,13,919.0,235.0,183.0,2.0,348.0,323.0,5.0,2.0,2.0,2.0,0.0,0.0,0.0,1199.0
scna-int8,exp2,tree,off,8,4,14,921.0,234.0,182.0,2.0,356.0,317.0,6.0,2.0,2.0,2.0,0.0,0.0,0.0,1257.0
scna-int8,exp2,tree,off,8,4,15,916.0,236.0,182.0,2.0,340.0,327.0,5.0,2.0,2.0,2.0,0.0,0.0,0.0,1190.0
scna-int8,exp2,tree,off,8,4,16,911.0,233.0,182.0,2.0,342.0,322.0,6.0,2.0,2.0,2.0,0.0,0.0,0.0,1196.0
scna-int8,exp2,tree,off,8,4,17,914.0,234.0,182.0,2.0,338.0,329.0,5.0,2.0,2.0,2.0,0.0,0.0,0.0,1217.0
scna-int8,exp2,tree,off,8,4,18,933.0,235.0,183.0,2.0,351.0,332.0,6.0,3.0,2.0,2.0,0.0,0.0,0.0,1254.0
scna-int8,exp2,tree,off,8,4,19,914.0,235.0,183.0,2.0,337.0,328.0,6.0,2.0,2.0,2.0,0.0,0.0,0.0,1186.0
scna-int8,exp2,tree,off,8,8,0,1054.0,432.0,351.0,4.0,308.0,288.0,9.0,6.0,1.0,6.0,0.0,0.0,0.0,1317.0
scna-int8,exp2,tree,off,8,8,1,1018.0,430.0,351.0,4.0,302.0,258.0,9.0,6.0,3.0,6.0,0.0,0.0,0.0,1352.0
scna-int8,exp2,tree,off,8,8,2,998.0,432.0,352.0,4.0,286.0,253.0,9.0,6.0,2.0,6.0,0.0,0.0,0.0,1312.0
scna-int8,exp2,tree,off,8,8,3,1117.0,435.0,351.0,4.0,334.0,320.0,9.0,6.0,3.0,6.0,0.0,0.0,0.0,1374.0
scna-int8,exp2,tree,off,8,8,4,1098.0,438.0,351.0,4.0,310.0,323.0,8.0,6.0,3.0,6.0,0.0,0.0,0.0,1393.0
scna-int8,exp2,tree,off,8,8,5,1133.0,442.0,351.0,4.0,349.0,316.0,8.0,6.0,2.0,6.0,0.0,0.0,0.0,1392.0
scna-int8,exp2,tree,off,8,8,6,1122.0,441.0,352.0,4.0,342.0,312.0,9.0,6.0,2.0,6.0,0.0,0.0,0.0,1407.0
scna-int8,exp2,tree,off,8,8,7,1131.0,442.0,351.0,4.0,353.0,310.0,8.0,6.0,2.0,6.0,0.0,0.0,0.0,1393.0
scna-int8,exp2,tree,off,8,8,8,1126.0,441.0,351.0,4.0,346.0,312.0,9.0,6.0,2.0,6.0,0.0,0.0,0.0,1390.0
scna-int8,exp2,tree,off,8,8,9,1132.0,441.0,351.0,4.0,349.0,316.0,8.0,6.0,2.0,6.0,0.0,0.0,0.0,1390.0
scna-int8,exp2,tree,off,8,8,10,1120.0,442.0,351.0,4.0,337.0,314.0,9.0,6.0,2.0,6.0,0.0,0.0,0.0,1390.0
scna-int8,exp2,tree,off,8,8,11,1119.0,441.0,352.0,4.0,341.0,312.0,8.0,6.0,1.0,6.0,0.0,0.0,0.0,1390.0
scna-int8,exp2,tree,off,8,8,12,1124.0,441.0,351.0,4.0,339.0,317.0,9.0,6.0,2.0,6.0,0.0,0.0,0.0,1393.0
scna-int8,exp2,tree,off,8,8,13,1123.0,440.0,351.0,4.0,346.0,311.0,8.0,6.0,2.0,6.0,0.0,0.0,0.0,1390.0
scna-int8,exp2,tree,off,8,8,14,1151.0,449.0,353.0,4.0,354.0,323.0,9.0,5.0,1.0,6.0,0.0,0.0,0.0,1508.0
scna-int8,exp2,tree,off,8,8,15,1161.0,454.0,357.0,4.0,361.0,320.0,8.0,6.0,2.0,6.0,0.0,0.0,0.0,1404.0
scna-int8,exp2,tree,off,8,8,16,1173.0,457.0,355.0,4.0,358.0,330.0,9.0,6.0,3.0,6.0,0.0,0.0,0.0,1474.0
scna-int8,exp2,tree,off,8,8,17,1173.0,453.0,355.0,4.0,363.0,331.0,8.0,6.0,2.0,6.0,0.0,0.0,0.0,1524.0
scna-int8,exp2,tree,off,8,8,18,1170.0,457.0,355.0,4.0,356.0,330.0,9.0,6.0,2.0,6.0,0.0,0.0,0.0,1487.0
scna-int8,exp2,tree,off,8,8,19,1174.0,456.0,356.0,4.0,360.0,332.0,8.0,6.0,2.0,6.0,0.0,0.0,0.0,1477.0
scna-int8,exp2,tree,off,8,16,0,1511.0,860.0,695.0,8.0,317.0,289.0,13.0,11.0,3.0,10.0,0.0,0.0,0.0,1797.0
scna-int8,exp2,tree,off,8,16,1,1526.0,863.0,693.0,8.0,332.0,287.0,12.0,11.0,3.0,10.0,0.0,0.0,0.0,1891.0
scna-int8,exp2,tree,off,8,16,2,1536.0,863.0,694.0,8.0,332.0,296.0,13.0,11.0,3.0,10.0,0.0,0.0,0.0,1806.0
scna-int8,exp2,tree,off,8,16,3,1531.0,862.0,694.0,8.0,333.0,292.0,13.0,10.0,3.0,10.0,0.0,0.0,0.0,1792.0
scna-int8,exp2,tree,off,8,16,4,1522.0,864.0,694.0,8.0,321.0,291.0,13.0,11.0,3.0,11.0,0.0,0.0,0.0,1874.0
scna-int8,exp2,tree,off,8,16,5,1498.0,863.0,694.0,8.0,298.0,292.0,13.0,11.0,3.0,10.0,0.0,0.0,0.0,1804.0
scna-int8,exp2,tree,off,8,16,6,1521.0,867.0,693.0,8.0,316.0,293.0,13.0,10.0,3.0,11.0,0.0,0.0,0.0,1842.0
scna-int8,exp2,tree,off,8,16,7,1547.0,866.0,693.0,8.0,330.0,308.0,12.0,10.0,3.0,10.0,0.0,0.0,0.0,1861.0
scna-int8,exp2,tree,off,8,16,8,1558.0,874.0,695.0,8.0,339.0,300.0,13.0,11.0,3.0,10.0,0.0,0.0,0.0,1856.0
scna-int8,exp2,tree,off,8,16,9,1569.0,872.0,693.0,8.0,342.0,310.0,13.0,11.0,3.0,10.0,0.0,0.0,0.0,1855.0
scna-int8,exp2,tree,off,8,16,10,1570.0,872.0,694.0,8.0,342.0,311.0,13.0,11.0,3.0,10.0,0.0,0.0,0.0,1850.0
scna-int8,exp2,tree,off,8,16,11,1515.0,867.0,694.0,8.0,323.0,281.0,13.0,10.0,3.0,10.0,0.0,0.0,0.0,1874.0
scna-int8,exp2,tree,off,8,16,12,1536.0,867.0,694.0,8.0,326.0,299.0,13.0,10.0,3.0,10.0,0.0,0.0,0.0,1851.0
scna-int8,exp2,tree,off,8,16,13,1527.0,873.0,693.0,8.0,325.0,285.0,13.0,10.0,3.0,10.0,0.0,0.0,0.0,1883.0
scna-int8,exp2,tree,off,8,16,14,1554.0,872.0,693.0,8.0,333.0,305.0,12.0,11.0,3.0,10.0,0.0,0.0,0.0,1864.0
scna-int8,exp2,tree,off,8,16,15,1594.0,878.0,696.0,8.0,352.0,319.0,12.0,11.0,3.0,11.0,0.0,0.0,0.0,1882.0
scna-int8,exp2,tree,off,8,16,16,1574.0,883.0,696.0,8.0,347.0,299.0,12.0,11.0,3.0,11.0,0.0,0.0,0.0,1913.0
scna-int8,exp2,tree,off,8,16,17,1589.0,883.0,697.0,8.0,354.0,308.0,12.0,11.0,3.0,10.0,0.0,0.0,0.0,1844.0
scna-int8,exp2,tree,off,8,16,18,1608.0,885.0,697.0,8.0,360.0,317.0,13.0,11.0,3.0,11.0,0.0,0.0,0.0,1943.0
scna-int8,exp2,tree,off,8,16,19,1587.0,878.0,696.0,8.0,354.0,311.0,13.0,10.0,3.0,10.0,0.0,0.0,0.0,1926.0
scna-int8,exp2,tree,off,8,32,0,2389.0,1694.0,1379.0,16.0,307.0,301.0,24.0,22.0,3.0,22.0,0.0,0.0,0.0,2698.0
scna-int8,exp2,tree,off,8,32,1,2539.0,1739.0,1384.0,16.0,377.0,337.0,24.0,22.0,3.0,21.0,0.0,0.0,0.0,2833.0
scna-int8,exp2,tree,off,8,32,2,2541.0,1750.0,1384.0,16.0,369.0,335.0,24.0,23.0,3.0,21.0,0.0,0.0,0.0,2903.0
scna-int8,exp2,tree,off,8,32,3,2544.0,1750.0,1384.0,16.0,368.0,339.0,24.0,22.0,3.0,22.0,0.0,0.0,0.0,2930.0
scna-int8,exp2,tree,off,8,32,4,2526.0,1744.0,1384.0,16.0,359.0,335.0,24.0,22.0,4.0,22.0,0.0,0.0,0.0,2819.0
scna-int8,exp2,tree,off,8,32,5,2541.0,1748.0,1382.0,16.0,367.0,338.0,24.0,23.0,3.0,22.0,0.0,0.0,0.0,2900.0
scna-int8,exp2,tree,off,8,32,6,2538.0,1745.0,1383.0,16.0,368.0,337.0,24.0,23.0,3.0,22.0,0.0,0.0,0.0,2895.0
scna-int8,exp2,tree,off,8,32,7,2537.0,1748.0,1383.0,16.0,366.0,336.0,24.0,23.0,3.0,21.0,0.0,0.0,0.0,2892.0
scna-int8,exp2,tree,off,8,32,8,2536.0,1750.0,1383.0,16.0,365.0,333.0,24.0,23.0,3.0,22.0,0.0,0.0,0.0,2899.0
scna-int8,exp2,tree,off,8,32,9,2539.0,1751.0,1383.0,16.0,366.0,334.0,24.0,23.0,3.0,22.0,0.0,0.0,0.0,2912.0
scna-int8,exp2,tree,off,8,32,10,2538.0,1751.0,1385.0,16.0,362.0,337.0,24.0,23.0,3.0,22.0,0.0,0.0,0.0,2915.0
scna-int8,exp2,tree,off,8,32,11,2547.0,1749.0,1383.0,16.0,372.0,338.0,24.0,23.0,3.0,22.0,0.0,0.0,0.0,2835.0
scna-int8,exp2,tree,off,8,32,12,2535.0,1748.0,1383.0,16.0,366.0,333.0,24.0,23.0,3.0,22.0,0.0,0.0,0.0,2897.0
scna-int8,exp2,tree,off,8,32,13,2530.0,1740.0,1384.0,16.0,365.0,337.0,24.0,23.0,3.0,22.0,0.0,0.0,0.0,2873.0
scna-int8,exp2,tree,off,8,32,14,2521.0,1749.0,1384.0,15.0,350.0,335.0,24.0,23.0,3.0,22.0,0.0,0.0,0.0,2863.0
scna-int8,exp2,tree,off,8,32,15,2528.0,1743.0,1383.0,16.0,365.0,332.0,24.0,23.0,3.0,22.0,0.0,0.0,0.0,2820.0
scna-int8,exp2,tree,off,8,32,16,2514.0,1747.0,1383.0,16.0,365.0,315.0,24.0,23.0,3.0,21.0,0.0,0.0,0.0,2901.0
scna-int8,exp2,tree,off,8,32,17,2520.0,1743.0,1383.0,16.0,361.0,329.0,24.0,23.0,3.0,21.0,0.0,0.0,0.0,2807.0
scna-int8,exp2,tree,off,8,32,18,2526.0,1749.0,1383.0,16.0,359.0,330.0,24.0,23.0,3.0,22.0,0.0,0.0,0.0,2919.0
scna-int8,exp2,tree,off,8,32,19,2529.0,1751.0,1383.0,16.0,359.0,330.0,24.0,23.0,4.0,22.0,0.0,0.0,0.0,2910.0
scna-int8,exp2,tree,off,16,4,0,846.0,244.0,200.0,2.0,305.0,282.0,4.0,3.0,2.0,4.0,0.0,0.0,0.0,1147.0
scna-int8,exp2,tree,off,16,4,1,859.0,244.0,200.0,2.0,298.0,302.0,4.0,4.0,2.0,3.0,0.0,0.0,0.0,1146.0
scna-int8,exp2,tree,off,16,4,2,852.0,243.0,199.0,2.0,315.0,281.0,4.0,2.0,2.0,3.0,0.0,0.0,0.0,1142.0
scna-int8,exp2,tree,off,16,4,3,854.0,244.0,200.0,2.0,309.0,286.0,4.0,3.0,2.0,4.0,0.0,0.0,0.0,1144.0
scna-int8,exp2,tree,off,16,4,4,869.0,245.0,200.0,2.0,306.0,304.0,4.0,3.0,2.0,3.0,0.0,0.0,0.0,1142.0
scna-int8,exp2,tree,off,16,4,5,872.0,243.0,200.0,2.0,312.0,303.0,4.0,2.0,2.0,4.0,0.0,0.0,0.0,1148.0
scna-int8,exp2,tree,off,16,4,6,863.0,242.0,199.0,2.0,302.0,304.0,4.0,3.0,2.0,4.0,0.0,0.0,0.0,1147.0
scna-int8,exp2,tree,off,16,4,7,852.0,245.0,200.0,2.0,308.0,286.0,4.0,2.0,2.0,3.0,0.0,0.0,0.0,1147.0
scna-int8,exp2,tree,off,16,4,8,862.0,244.0,200.0,2.0,299.0,306.0,4.0,2.0,2.0,3.0,0.0,0.0,0.0,1146.0
scna-int8,exp2,tree,off,16,4,9,860.0,244.0,200.0,2.0,313.0,289.0,4.0,2.0,2.0,4.0,0.0,0.0,0.0,1146.0
scna-int8,exp2,tree,off,16,4,10,869.0,247.0,199.0,2.0,315.0,294.0,4.0,2.0,2.0,3.0,0.0,0.0,0.0,1142.0
scna-int8,exp2,tree,off,16,4,11,853.0,242.0,199.0,2.0,311.0,286.0,4.0,2.0,2.0,4.0,0.0,0.0,0.0,1213.0
scna-int8,exp2,tree,off,16,4,12,895.0,250.0,203.0,2.0,322.0,309.0,4.0,3.0,2.0,3.0,0.0,0.0,0.0,1194.0
scna-int8,exp2,tree,off,16,4,13,888.0,248.0,203.0,2.0,319.0,307.0,4.0,2.0,2.0,4.0,0.0,0.0,0.0,1222.0
scna-int8,exp2,tree,off,16,4,14,897.0,248.0,202.0,2.0,321.0,314.0,4.0,2.0,2.0,4.0,0.0,0.0,0.0,1207.0
scna-int8,exp2,tree,off,16,4,15,902.0,248.0,204.0,2.0,331.0,310.0,4.0,2.0,2.0,3.0,0.0,0.0,0.0,1190.0
scna-int8,exp2,tree,off,16,4,16,894.0,249.0,202.0,2.0,320.0,311.0,4.0,2.0,2.0,4.0,0.0,0.0,0.0,1193.0
scna-int8,exp2,tree,off,16,4,17,897.0,250.0,203.0,2.0,319.0,314.0,4.0,2.0,2.0,4.0,0.0,0.0,0.0,1194.0
scna-int8,exp2,tree,off,16,4,18,898.0,248.0,202.0,2.0,323.0,313.0,4.0,2.0,2.0,4.0,0.0,0.0,0.0,1202.0
scna-int8,exp2,tree,off,16,4,19,894.0,249.0,202.0,2.0,318.0,313.0,4.0,2.0,2.0,4.0,0.0,0.0,0.0,1184.0
scna-int8,exp2,tree,off,16,8,0,1045.0,475.0,385.0,4.0,281.0,260.0,9.0,7.0,3.0,6.0,0.0,0.0,0.0,1321.0
scna-int8,exp2,tree,off,16,8,1,1036.0,473.0,384.0,4.0,281.0,256.0,8.0,6.0,2.0,6.0,0.0,0.0,0.0,1328.0
scna-int8,exp2,tree,off,16,8,2,1043.0,476.0,385.0,4.0,283.0,258.0,8.0,6.0,2.0,6.0,0.0,0.0,0.0,1323.0
scna-int8,exp2,tree,off,16,8,3,1041.0,475.0,385.0,4.0,283.0,256.0,8.0,6.0,3.0,6.0,0.0,0.0,0.0,1320.0
scna-int8,exp2,tree,off,16,8,4,1042.0,475.0,385.0,4.0,284.0,256.0,8.0,6.0,3.0,6.0,0.0,0.0,0.0,1325.0
scna-int8,exp2,tree,off,16,8,5,1037.0,476.0,385.0,4.0,279.0,254.0,8.0,7.0,3.0,6.0,0.0,0.0,0.0,1316.0
scna-int8,exp2,tree,off,16,8,6,1040.0,476.0,385.0,4.0,281.0,255.0,9.0,6.0,3.0,6.0,0.0,0.0,0.0,1322.0
scna-int8,exp2,tree,off,16,8,7,1036.0,476.0,385.0,4.0,278.0,255.0,8.0,6.0,3.0,6.0,0.0,0.0,0.0,1321.0
scna-int8,exp2,tree,off,16,8,8,1034.0,475.0,384.0,4.0,278.0,254.0,8.0,6.0,3.0,6.0,0.0,0.0,0.0,1322.0
scna-int8,exp2,tree,off,16,8,9,1033.0,475.0,384.0,4.0,276.0,254.0,9.0,6.0,3.0,6.0,0.0,0.0,0.0,1320.0
scna-int8,exp2,tree,off,16,8,10,1034.0,476.0,384.0,4.0,276.0,254.0,9.0,6.0,3.0,6.0,0.0,0.0,0.0,1322.0
scna-int8,exp2,tree,off,16,8,11,1031.0,474.0,385.0,4.0,278.0,253.0,8.0,6.0,2.0,6.0,0.0,0.0,0.0,1324.0
scna-int8,exp2,tree,off,16,8,12,1035.0,478.0,385.0,4.0,277.0,254.0,8.0,6.0,2.0,6.0,0.0,0.0,0.0,1371.0
scna-int8,exp2,tree,off,16,8,13,1051.0,477.0,386.0,4.0,274.0,272.0,8.0,7.0,3.0,6.0,0.0,0.0,0.0,1333.0
scna-int8,exp2,tree,off,16,8,14,1049.0,474.0,385.0,4.0,283.0,266.0,8.0,6.0,2.0,6.0,0.0,0.0,0.0,1381.0
scna-int8,exp2,tree,off,16,8,15,1057.0,477.0,385.0,5.0,281.0,271.0,8.0,6.0,3.0,6.0,0.0,0.0,0.0,1320.0
scna-int8,exp2,tree,off,16,8,16,1053.0,476.0,386.0,4.0,281.0,270.0,8.0,6.0,2.0,6.0,0.0,0.0,0.0,1348.0
scna-int8,exp2,tree,off,16,8,17,1035.0,473.0,385.0,4.0,277.0,259.0,8.0,6.0,2.0,6.0,0.0,0.0,0.0,1281.0
scna-int8,exp2,tree,off,16,8,18,1053.0,477.0,386.0,4.0,279.0,269.0,8.0,7.0,3.0,6.0,0.0,0.0,0.0,1328.0
scna-int8,exp2,tree,off,16,8,19,1035.0,475.0,385.0,4.0,275.0,258.0,8.0,6.0,3.0,6.0,0.0,0.0,0.0,1396.0
scna-int8,exp2,tree,off,16,16,0,1550.0,925.0,762.0,9.0,311.0,268.0,12.0,11.0,3.0,11.0,0.0,0.0,0.0,1873.0
scna-int8,exp2,tree,off,16,16,1,1556.0,925.0,763.0,8.0,307.0,279.0,13.0,11.0,3.0,10.0,0.0,0.0,0.0,1854.0
scna-int8,exp2,tree,off,16,16,2,1550.0,926.0,761.0,9.0,298.0,281.0,12.0,11.0,3.0,10.0,0.0,0.0,0.0,1882.0
scna-int8,exp2,tree,off,16,16,3,1623.0,934.0,763.0,9.0,339.0,306.0,12.0,10.0,3.0,10.0,0.0,0.0,0.0,1981.0
scna-int8,exp2,tree,off,16,16,4,1663.0,945.0,766.0,8.0,356.0,318.0,12.0,11.0,3.0,10.0,0.0,0.0,0.0,2020.0
scna-int8,exp2,tree,off,16,16,5,1682.0,949.0,765.0,8.0,369.0,320.0,12.0,11.0,3.0,10.0,0.0,0.0,0.0,2013.0
scna-int8,exp2,tree,off,16,16,6,1676.0,947.0,765.0,8.0,365.0,320.0,12.0,11.0,3.0,10.0,0.0,0.0,0.0,1989.0
scna-int8,exp2,tree,off,16,16,7,1684.0,945.0,766.0,8.0,367.0,328.0,12.0,11.0,3.0,10.0,0.0,0.0,0.0,1983.0
scna-int8,exp2,tree,off,16,16,8,1687.0,949.0,765.0,9.0,369.0,324.0,12.0,11.0,3.0,10.0,0.0,0.0,0.0,1986.0
scna-int8,exp2,tree,off,16,16,9,1681.0,951.0,766.0,8.0,363.0,323.0,12.0,11.0,3.0,10.0,0.0,0.0,0.0,1971.0
scna-int8,exp2,tree,off,16,16,10,1658.0,946.0,767.0,8.0,357.0,311.0,12.0,11.0,3.0,10.0,0.0,0.0,0.0,1935.0
scna-int8,exp2,tree,off,16,16,11,1681.0,945.0,765.0,8.0,366.0,326.0,12.0,11.0,3.0,10.0,0.0,0.0,0.0,2027.0
scna-int8,exp2,tree,off,16,16,12,1681.0,950.0,765.0,8.0,369.0,318.0,12.0,11.0,3.0,10.0,0.0,0.0,0.0,2000.0
scna-int8,exp2,tree,off,16,16,13,1662.0,943.0,765.0,8.0,364.0,312.0,12.0,11.0,2.0,10.0,0.0,0.0,0.0,1919.0
scna-int8,exp2,tree,off,16,16,14,1606.0,936.0,762.0,8.0,324.0,303.0,12.0,10.0,3.0,10.0,0.0,0.0,0.0,1895.0
scna-int8,exp2,tree,off,16,16,15,1607.0,942.0,761.0,8.0,333.0,288.0,12.0,11.0,3.0,10.0,0.0,0.0,0.0,1975.0
scna-int8,exp2,tree,off,16,16,16,1627.0,946.0,761.0,8.0,326.0,312.0,12.0,10.0,3.0,10.0,0.0,0.0,0.0,2006.0
scna-int8,exp2,tree,off,16,16,17,1626.0,947.0,761.0,8.0,337.0,299.0,12.0,10.0,3.0,10.0,0.0,0.0,0.0,1881.0
scna-int8,exp2,tree,off,16,16,18,1614.0,947.0,761.0,8.0,336.0,288.0,12.0,11.0,2.0,10.0,0.0,0.0,0.0,1922.0
scna-int8,exp2,tree,off,16,16,19,1615.0,945.0,761.0,8.0,333.0,293.0,12.0,11.0,3.0,10.0,0.0,0.0,0.0,1980.0
scna-int8,exp2,tree,off,16,32,0,2509.0,1875.0,1508.0,16.0,284.0,262.0,24.0,23.0,3.0,22.0,0.0,0.0,0.0,2801.0
scna-int8,exp2,tree,off,16,32,1,2501.0,1870.0,1508.0,16.0,280.0,264.0,24.0,22.0,3.0,22.0,0.0,0.0,0.0,2878.0
scna-int8,exp2,tree,off,16,32,2,2508.0,1875.0,1509.0,16.0,283.0,262.0,24.0,23.0,3.0,22.0,0.0,0.0,0.0,2891.0
scna-int8,exp2,tree,off,16,32,3,2509.0,1875.0,1508.0,16.0,283.0,263.0,24.0,23.0,3.0,22.0,0.0,0.0,0.0,2787.0
scna-int8,exp2,tree,off,16,32,4,2517.0,1877.0,1508.0,16.0,281.0,271.0,24.0,23.0,3.0,22.0,0.0,0.0,0.0,2819.0
scna-int8,exp2,tree,off,16,32,5,2524.0,1880.0,1509.0,15.0,286.0,272.0,24.0,22.0,3.0,22.0,0.0,0.0,0.0,2923.0
scna-int8,exp2,tree,off,16,32,6,2520.0,1875.0,1508.0,15.0,288.0,271.0,24.0,22.0,3.0,22.0,0.0,0.0,0.0,2915.0
scna-int8,exp2,tree,off,16,32,7,2519.0,1884.0,1508.0,15.0,280.0,269.0,24.0,22.0,3.0,22.0,0.0,0.0,0.0,2923.0
scna-int8,exp2,tree,off,16,32,8,2513.0,1878.0,1509.0,16.0,280.0,266.0,24.0,23.0,4.0,22.0,0.0,0.0,0.0,2862.0
scna-int8,exp2,tree,off,16,32,9,2516.0,1882.0,1508.0,15.0,286.0,261.0,24.0,23.0,3.0,22.0,0.0,0.0,0.0,2838.0
scna-int8,exp2,tree,off,16,32,10,2506.0,1874.0,1508.0,16.0,281.0,264.0,24.0,22.0,3.0,22.0,0.0,0.0,0.0,2870.0
scna-int8,exp2,tree,off,16,32,11,2528.0,1882.0,1508.0,15.0,288.0,271.0,24.0,23.0,3.0,22.0,0.0,0.0,0.0,2917.0
scna-int8,exp2,tree,off,16,32,12,2525.0,1882.0,1509.0,16.0,286.0,268.0,24.0,23.0,4.0,22.0,0.0,0.0,0.0,2914.0
scna-int8,exp2,tree,off,16,32,13,2525.0,1882.0,1508.0,16.0,285.0,269.0,24.0,23.0,4.0,22.0,0.0,0.0,0.0,2913.0
scna-int8,exp2,tree,off,16,32,14,2515.0,1876.0,1508.0,16.0,283.0,267.0,24.0,23.0,4.0,22.0,0.0,0.0,0.0,2881.0
scna-int8,exp2,tree,off,16,32,15,2513.0,1875.0,1509.0,16.0,282.0,268.0,24.0,23.0,3.0,22.0,0.0,0.0,0.0,2840.0
scna-int8,exp2,tree,off,16,32,16,2521.0,1885.0,1508.0,16.0,284.0,264.0,24.0,22.0,4.0,22.0,0.0,0.0,0.0,2915.0
scna-int8,exp2,tree,off,16,32,17,2523.0,1883.0,1508.0,16.0,284.0,267.0,24.0,23.0,4.0,22.0,0.0,0.0,0.0,2872.0
scna-int8,exp2,tree,off,16,32,18,2502.0,1866.0,1509.0,15.0,280.0,268.0,24.0,23.0,4.0,22.0,0.0,0.0,0.0,2808.0
scna-int8,exp2,tree,off,16,32,19,2516.0,1879.0,1508.0,16.0,282.0,266.0,24.0,23.0,4.0,22.0,0.0,0.0,0.0,2849.0
scna-int8,exp2,tree,off,32,4,0,843.0,274.0,230.0,2.0,293.0,263.0,5.0,2.0,2.0,2.0,0.0,0.0,0.0,1172.0
scna-int8,exp2,tree,off,32,4,1,842.0,273.0,229.0,2.0,292.0,264.0,4.0,2.0,2.0,3.0,0.0,0.0,0.0,1086.0
scna-int8,exp2,tree,off,32,4,2,837.0,274.0,229.0,2.0,290.0,260.0,4.0,2.0,2.0,3.0,0.0,0.0,0.0,1083.0
scna-int8,exp2,tree,off,32,4,3,835.0,273.0,230.0,2.0,287.0,262.0,4.0,2.0,2.0,3.0,0.0,0.0,0.0,1080.0
scna-int8,exp2,tree,off,32,4,4,819.0,274.0,229.0,2.0,281.0,252.0,4.0,2.0,2.0,2.0,0.0,0.0,0.0,1126.0
scna-int8,exp2,tree,off,32,4,5,811.0,273.0,229.0,2.0,277.0,250.0,4.0,2.0,1.0,2.0,0.0,0.0,0.0,1124.0
scna-int8,exp2,tree,off,32,4,6,831.0,274.0,229.0,2.0,280.0,264.0,4.0,2.0,2.0,3.0,0.0,0.0,0.0,1158.0
scna-int8,exp2,tree,off,32,4,7,868.0,278.0,229.0,2.0,299.0,279.0,4.0,2.0,2.0,2.0,0.0,0.0,0.0,1110.0
scna-int8,exp2,tree,off,32,4,8,880.0,274.0,229.0,2.0,299.0,294.0,4.0,2.0,2.0,3.0,0.0,0.0,0.0,1205.0
scna-int8,exp2,tree,off,32,4,9,880.0,278.0,229.0,2.0,299.0,289.0,4.0,2.0,2.0,4.0,0.0,0.0,0.0,1195.0
scna-int8,exp2,tree,off,32,4,10,881.0,277.0,229.0,2.0,299.0,292.0,4.0,2.0,2.0,3.0,0.0,0.0,0.0,1198.0
scna-int8,exp2,tree,off,32,4,11,861.0,277.0,229.0,2.0,276.0,295.0,4.0,2.0,2.0,3.0,0.0,0.0,0.0,1213.0
scna-int8,exp2,tree,off,32,4,12,874.0,276.0,230.0,2.0,284.0,300.0,4.0,2.0,2.0,4.0,0.0,0.0,0.0,1198.0
scna-int8,exp2,tree,off,32,4,13,881.0,280.0,229.0,2.0,296.0,292.0,4.0,3.0,2.0,2.0,0.0,0.0,0.0,1200.0
scna-int8,exp2,tree,off,32,4,14,873.0,276.0,229.0,2.0,290.0,294.0,4.0,2.0,2.0,3.0,0.0,0.0,0.0,1195.0
scna-int8,exp2,tree,off,32,4,15,881.0,277.0,229.0,2.0,297.0,294.0,4.0,2.0,2.0,3.0,0.0,0.0,0.0,1193.0
scna-int8,exp2,tree,off,32,4,16,876.0,277.0,229.0,2.0,288.0,298.0,4.0,2.0,1.0,4.0,0.0,0.0,0.0,1194.0
scna-int8,exp2,tree,off,32,4,17,875.0,278.0,229.0,2.0,292.0,293.0,4.0,2.0,2.0,2.0,0.0,0.0,0.0,1202.0
scna-int8,exp2,tree,off,32,4,18,876.0,277.0,229.0,2.0,285.0,302.0,4.0,2.0,2.0,2.0,0.0,0.0,0.0,1186.0
scna-int8,exp2,tree,off,32,4,19,884.0,277.0,229.0,2.0,294.0,301.0,4.0,2.0,2.0,2.0,0.0,0.0,0.0,1152.0
scna-int8,exp2,tree,off,32,8,0,1180.0,542.0,449.0,4.0,322.0,289.0,8.0,7.0,2.0,6.0,0.0,0.0,0.0,1540.0
scna-int8,exp2,tree,off,32,8,1,1176.0,540.0,449.0,4.0,320.0,288.0,8.0,7.0,3.0,6.0,0.0,0.0,0.0,1435.0
scna-int8,exp2,tree,off,32,8,2,1165.0,540.0,448.0,4.0,310.0,288.0,8.0,7.0,2.0,6.0,0.0,0.0,0.0,1423.0
scna-int8,exp2,tree,off,32,8,3,1146.0,539.0,448.0,4.0,316.0,265.0,8.0,6.0,2.0,6.0,0.0,0.0,0.0,1498.0
scna-int8,exp2,tree,off,32,8,4,1169.0,539.0,449.0,4.0,314.0,289.0,8.0,6.0,3.0,6.0,0.0,0.0,0.0,1441.0
scna-int8,exp2,tree,off,32,8,5,1145.0,540.0,449.0,4.0,297.0,282.0,8.0,6.0,2.0,6.0,0.0,0.0,0.0,1400.0
scna-int8,exp2,tree,off,32,8,6,1163.0,538.0,449.0,4.0,316.0,283.0,8.0,6.0,2.0,6.0,0.0,0.0,0.0,1505.0
scna-int8,exp2,tree,off,32,8,7,1170.0,539.0,449.0,4.0,320.0,285.0,8.0,6.0,2.0,6.0,0.0,0.0,0.0,1515.0
scna-int8,exp2,tree,off,32,8,8,1160.0,541.0,449.0,4.0,300.0,292.0,8.0,6.0,3.0,6.0,0.0,0.0,0.0,1414.0
scna-int8,exp2,tree,off,32,8,9,1163.0,540.0,448.0,4.0,316.0,280.0,9.0,6.0,2.0,6.0,0.0,0.0,0.0,1502.0
scna-int8,exp2,tree,off,32,8,10,1157.0,543.0,448.0,4.0,294.0,292.0,8.0,7.0,3.0,6.0,0.0,0.0,0.0,1512.0
scna-int8,exp2,tree,off,32,8,11,1166.0,540.0,449.0,4.0,315.0,285.0,8.0,6.0,2.0,6.0,0.0,0.0,0.0,1495.0
scna-int8,exp2,tree,off,32,8,12,1158.0,538.0,448.0,4.0,297.0,295.0,8.0,7.0,3.0,6.0,0.0,0.0,0.0,1416.0
scna-int8,exp2,tree,off,32,8,13,1173.0,540.0,448.0,4.0,311.0,295.0,8.0,6.0,3.0,6.0,0.0,0.0,0.0,1518.0
scna-int8,exp2,tree,off,32,8,14,1167.0,540.0,448.0,4.0,303.0,298.0,8.0,6.0,2.0,6.0,0.0,0.0,0.0,1443.0
scna-int8,exp2,tree,off,32,8,15,1159.0,540.0,448.0,4.0,306.0,286.0,8.0,6.0,3.0,6.0,0.0,0.0,0.0,1444.0
scna-int8,exp2,tree,off,32,8,16,1178.0,541.0,448.0,4.0,307.0,303.0,8.0,6.0,3.0,6.0,0.0,0.0,0.0,1461.0
scna-int8,exp2,tree,off,32,8,17,1169.0,539.0,448.0,4.0,304.0,299.0,8.0,6.0,3.0,6.0,0.0,0.0,0.0,1473.0
scna-int8,exp2,tree,off,32,8,18,1148.0,537.0,448.0,5.0,300.0,284.0,8.0,6.0,2.0,6.0,0.0,0.0,0.0,1405.0
scna-int8,exp2,tree,off,32,8,19,1156.0,539.0,449.0,4.0,304.0,287.0,8.0,6.0,2.0,6.0,0.0,0.0,0.0,1499.0
scna-int8,exp2,tree,off,32,16,0,1691.0,1044.0,887.0,8.0,315.0,288.0,12.0,11.0,3.0,10.0,0.0,0.0,0.0,2043.0
scna-int8,exp2,tree,off,32,16,1,1724.0,1058.0,887.0,8.0,311.0,311.0,12.0,11.0,3.0,10.0,0.0,0.0,0.0,1996.0
scna-int8,exp2,tree,off,32,16,2,1835.0,1079.0,896.0,8.0,380.0,332.0,12.0,11.0,3.0,10.0,0.0,0.0,0.0,2140.0
scna-int8,exp2,tree,off,32,16,3,1845.0,1082.0,895.0,8.0,379.0,340.0,12.0,10.0,3.0,11.0,0.0,0.0,0.0,2143.0
scna-int8,exp2,tree,off,32,16,4,1835.0,1076.0,894.0,8.0,383.0,332.0,12.0,10.0,4.0,10.0,0.0,0.0,0.0,2121.0
scna-int8,exp2,tree,off,32,16,5,1835.0,1080.0,894.0,8.0,381.0,331.0,12.0,10.0,3.0,10.0,0.0,0.0,0.0,2127.0
scna-int8,exp2,tree,off,32,16,6,1829.0,1079.0,893.0,8.0,374.0,332.0,12.0,11.0,3.0,10.0,0.0,0.0,0.0,2148.0
scna-int8,exp2,tree,off,32,16,7,1829.0,1076.0,894.0,8.0,379.0,330.0,12.0,11.0,3.0,10.0,0.0,0.0,0.0,2142.0
scna-int8,exp2,tree,off,32,16,8,1823.0,1078.0,894.0,8.0,375.0,326.0,12.0,11.0,3.0,10.0,0.0,0.0,0.0,2088.0
scna-int8,exp2,tree,off,32,16,9,1840.0,1075.0,894.0,8.0,382.0,339.0,12.0,11.0,3.0,10.0,0.0,0.0,0.0,2128.0
scna-int8,exp2,tree,off,32,16,10,1834.0,1081.0,894.0,8.0,380.0,329.0,12.0,11.0,3.0,10.0,0.0,0.0,0.0,2128.0
scna-int8,exp2,tree,off,32,16,11,1834.0,1078.0,893.0,8.0,379.0,332.0,12.0,11.0,3.0,11.0,0.0,0.0,0.0,2147.0
scna-int8,exp2,tree,off,32,16,12,1830.0,1076.0,893.0,8.0,380.0,330.0,12.0,11.0,3.0,10.0,0.0,0.0,0.0,2117.0
scna-int8,exp2,tree,off,32,16,13,1839.0,1075.0,894.0,8.0,381.0,338.0,12.0,11.0,3.0,11.0,0.0,0.0,0.0,2118.0
scna-int8,exp2,tree,off,32,16,14,1821.0,1078.0,893.0,8.0,382.0,318.0,12.0,11.0,2.0,10.0,0.0,0.0,0.0,2097.0
scna-int8,exp2,tree,off,32,16,15,1828.0,1076.0,891.0,8.0,372.0,335.0,12.0,11.0,2.0,12.0,0.0,0.0,0.0,2150.0
scna-int8,exp2,tree,off,32,16,16,1815.0,1076.0,893.0,8.0,368.0,328.0,12.0,11.0,2.0,10.0,0.0,0.0,0.0,2163.0
scna-int8,exp2,tree,off,32,16,17,1831.0,1073.0,893.0,8.0,374.0,340.0,12.0,11.0,3.0,10.0,0.0,0.0,0.0,2101.0
scna-int8,exp2,tree,off,32,16,18,1816.0,1074.0,891.0,8.0,366.0,332.0,12.0,11.0,3.0,10.0,0.0,0.0,0.0,2136.0
scna-int8,exp2,tree,off,32,16,19,1829.0,1074.0,893.0,7.0,373.0,340.0,12.0,11.0,2.0,10.0,0.0,0.0,0.0,2113.0
scna-int8,exp2,tree,off,32,32,0,2899.0,2124.0,1765.0,16.0,355.0,331.0,25.0,22.0,4.0,22.0,0.0,0.0,0.0,3295.0
scna-int8,exp2,tree,off,32,32,1,2959.0,2144.0,1768.0,16.0,389.0,337.0,25.0,22.0,4.0,22.0,0.0,0.0,0.0,3292.0
scna-int8,exp2,tree,off,32,32,2,2964.0,2148.0,1769.0,16.0,394.0,332.0,25.0,23.0,4.0,22.0,0.0,0.0,0.0,3306.0
scna-int8,exp2,tree,off,32,32,3,2958.0,2148.0,1769.0,16.0,390.0,331.0,25.0,22.0,4.0,22.0,0.0,0.0,0.0,3271.0
scna-int8,exp2,tree,off,32,32,4,2956.0,2146.0,1770.0,16.0,390.0,332.0,24.0,22.0,4.0,22.0,0.0,0.0,0.0,3341.0
scna-int8,exp2,tree,off,32,32,5,2953.0,2144.0,1767.0,16.0,385.0,335.0,25.0,22.0,4.0,22.0,0.0,0.0,0.0,3290.0
scna-int8,exp2,tree,off,32,32,6,2950.0,2142.0,1768.0,16.0,389.0,331.0,24.0,22.0,4.0,22.0,0.0,0.0,0.0,3344.0
scna-int8,exp2,tree,off,32,32,7,2962.0,2151.0,1768.0,16.0,388.0,334.0,25.0,22.0,4.0,22.0,0.0,0.0,0.0,3289.0
scna-int8,exp2,tree,off,32,32,8,2959.0,2147.0,1767.0,16.0,388.0,335.0,24.0,23.0,4.0,22.0,0.0,0.0,0.0,3291.0
scna-int8,exp2,tree,off,32,32,9,2962.0,2151.0,1768.0,16.0,393.0,328.0,25.0,23.0,4.0,22.0,0.0,0.0,0.0,3250.0
scna-int8,exp2,tree,off,32,32,10,2952.0,2139.0,1768.0,16.0,390.0,333.0,25.0,23.0,4.0,22.0,0.0,0.0,0.0,3306.0
scna-int8,exp2,tree,off,32,32,11,2936.0,2142.0,1767.0,16.0,374.0,331.0,25.0,22.0,4.0,22.0,0.0,0.0,0.0,3247.0
scna-int8,exp2,tree,off,32,32,12,2946.0,2145.0,1767.0,16.0,382.0,330.0,25.0,22.0,4.0,22.0,0.0,0.0,0.0,3323.0
scna-int8,exp2,tree,off,32,32,13,2938.0,2143.0,1767.0,16.0,377.0,329.0,25.0,22.0,4.0,22.0,0.0,0.0,0.0,3234.0
scna-int8,exp2,tree,off,32,32,14,2946.0,2144.0,1766.0,16.0,382.0,331.0,25.0,22.0,4.0,22.0,0.0,0.0,0.0,3307.0
scna-int8,exp2,tree,off,32,32,15,2943.0,2140.0,1767.0,15.0,381.0,335.0,25.0,22.0,4.0,21.0,0.0,0.0,0.0,3290.0
scna-int8,exp2,tree,off,32,32,16,2954.0,2149.0,1766.0,16.0,384.0,332.0,25.0,22.0,4.0,22.0,0.0,0.0,0.0,3310.0
scna-int8,exp2,tree,off,32,32,17,2948.0,2147.0,1766.0,16.0,377.0,335.0,25.0,22.0,4.0,22.0,0.0,0.0,0.0,3276.0
scna-int8,exp2,tree,off,32,32,18,2941.0,2144.0,1767.0,16.0,383.0,324.0,25.0,23.0,4.0,22.0,0.0,0.0,0.0,3347.0
scna-int8,exp2,tree,off,32,32,19,2939.0,2143.0,1765.0,16.0,380.0,327.0,25.0,22.0,4.0,22.0,0.0,0.0,0.0,3229.0
scna-int8,exp2,tree,on,8,4,0,453.0,211.0,174.0,2.0,130.0,103.0,3.0,0.0,0.0,4.0,10.0,24.0,192.0,659.0
scna-int8,exp2,tree,on,8,4,1,453.0,212.0,175.0,2.0,130.0,102.0,3.0,0.0,0.0,4.0,8.0,24.0,193.0,663.0
scna-int8,exp2,tree,on,8,4,2,456.0,213.0,174.0,2.0,130.0,104.0,3.0,0.0,0.0,4.0,9.0,25.0,193.0,681.0
scna-int8,exp2,tree,on,8,4,3,455.0,211.0,174.0,2.0,130.0,105.0,3.0,0.0,0.0,4.0,8.0,27.0,192.0,677.0
scna-int8,exp2,tree,on,8,4,4,455.0,214.0,175.0,2.0,130.0,102.0,3.0,0.0,0.0,4.0,8.0,23.0,193.0,679.0
scna-int8,exp2,tree,on,8,4,5,455.0,212.0,174.0,2.0,130.0,105.0,3.0,0.0,0.0,3.0,8.0,26.0,193.0,679.0
scna-int8,exp2,tree,on,8,4,6,457.0,214.0,175.0,2.0,130.0,105.0,3.0,0.0,0.0,3.0,9.0,26.0,193.0,688.0
scna-int8,exp2,tree,on,8,4,7,455.0,214.0,175.0,2.0,130.0,102.0,3.0,0.0,0.0,4.0,10.0,24.0,193.0,674.0
scna-int8,exp2,tree,on,8,4,8,458.0,213.0,174.0,2.0,131.0,105.0,3.0,0.0,0.0,4.0,9.0,26.0,193.0,675.0
scna-int8,exp2,tree,on,8,4,9,457.0,214.0,176.0,2.0,130.0,104.0,3.0,0.0,0.0,4.0,9.0,25.0,192.0,697.0
scna-int8,exp2,tree,on,8,4,10,454.0,212.0,175.0,2.0,130.0,103.0,3.0,0.0,0.0,4.0,9.0,25.0,192.0,672.0
scna-int8,exp2,tree,on,8,4,11,456.0,213.0,174.0,2.0,130.0,104.0,3.0,0.0,0.0,4.0,10.0,25.0,192.0,672.0
scna-int8,exp2,tree,on,8,4,12,456.0,212.0,175.0,2.0,130.0,105.0,3.0,0.0,0.0,4.0,8.0,26.0,192.0,667.0
scna-int8,exp2,tree,on,8,4,13,456.0,214.0,175.0,2.0,130.0,103.0,3.0,0.0,0.0,4.0,8.0,25.0,192.0,670.0
scna-int8,exp2,tree,on,8,4,14,456.0,214.0,174.0,2.0,130.0,103.0,3.0,0.0,0.0,4.0,9.0,23.0,193.0,652.0
scna-int8,exp2,tree,on,8,4,15,454.0,212.0,175.0,2.0,130.0,104.0,3.0,0.0,0.0,3.0,9.0,24.0,193.0,670.0
scna-int8,exp2,tree,on,8,4,16,457.0,214.0,175.0,2.0,130.0,104.0,3.0,0.0,0.0,4.0,9.0,26.0,192.0,671.0
scna-int8,exp2,tree,on,8,4,17,452.0,213.0,174.0,1.0,130.0,101.0,3.0,0.0,0.0,4.0,10.0,22.0,192.0,686.0
scna-int8,exp2,tree,on,8,4,18,460.0,214.0,174.0,2.0,134.0,103.0,3.0,0.0,0.0,4.0,9.0,28.0,192.0,666.0
scna-int8,exp2,tree,on,8,4,19,459.0,213.0,175.0,2.0,135.0,102.0,3.0,0.0,0.0,4.0,9.0,29.0,193.0,665.0
scna-int8,exp2,tree,on,8,8,0,683.0,427.0,346.0,4.0,131.0,104.0,7.0,4.0,2.0,4.0,10.0,24.0,193.0,888.0
scna-int8,exp2,tree,on,8,8,1,684.0,427.0,346.0,4.0,131.0,104.0,7.0,4.0,2.0,5.0,9.0,25.0,194.0,878.0
scna-int8,exp2,tree,on,8,8,2,683.0,427.0,346.0,4.0,130.0,103.0,7.0,5.0,2.0,5.0,9.0,25.0,192.0,879.0
scna-int8,exp2,tree,on,8,8,3,680.0,426.0,346.0,4.0,130.0,102.0,7.0,4.0,2.0,5.0,9.0,23.0,192.0,879.0
scna-int8,exp2,tree,on,8,8,4,681.0,426.0,346.0,4.0,130.0,104.0,7.0,4.0,2.0,4.0,9.0,24.0,192.0,879.0
scna-int8,exp2,tree,on,8,8,5,681.0,426.0,346.0,4.0,131.0,103.0,7.0,4.0,2.0,4.0,9.0,24.0,193.0,883.0
scna-int8,exp2,tree,on,8,8,6,682.0,427.0,346.0,4.0,130.0,103.0,7.0,4.0,2.0,5.0,8.0,25.0,193.0,883.0
scna-int8,exp2,tree,on,8,8,7,681.0,426.0,346.0,4.0,130.0,103.0,7.0,4.0,2.0,5.0,9.0,24.0,193.0,880.0
scna-int8,exp2,tree,on,8,8,8,683.0,425.0,346.0,4.0,131.0,104.0,7.0,5.0,2.0,5.0,9.0,25.0,193.0,882.0
scna-int8,exp2,tree,on,8,8,9,680.0,424.0,346.0,4.0,130.0,104.0,7.0,4.0,2.0,5.0,10.0,25.0,193.0,896.0
scna-int8,exp2,tree,on,8,8,10,680.0,423.0,346.0,4.0,131.0,103.0,7.0,5.0,2.0,5.0,10.0,24.0,194.0,923.0
scna-int8,exp2,tree,on,8,8,11,677.0,421.0,346.0,4.0,131.0,102.0,7.0,5.0,2.0,5.0,9.0,24.0,193.0,878.0
scna-int8,exp2,tree,on,8,8,12,706.0,430.0,347.0,4.0,134.0,121.0,7.0,4.0,2.0,4.0,9.0,47.0,192.0,987.0
scna-int8,exp2,tree,on,8,8,13,721.0,436.0,348.0,4.0,139.0,124.0,7.0,4.0,2.0,5.0,10.0,53.0,192.0,928.0
scna-int8,exp2,tree,on,8,8,14,728.0,436.0,348.0,4.0,137.0,133.0,7.0,4.0,2.0,5.0,8.0,59.0,192.0,984.0
scna-int8,exp2,tree,on,8,8,15,718.0,438.0,348.0,3.0,135.0,124.0,7.0,4.0,2.0,5.0,10.0,50.0,193.0,902.0
scna-int8,exp2,tree,on,8,8,16,713.0,433.0,348.0,4.0,137.0,122.0,7.0,4.0,2.0,4.0,9.0,51.0,193.0,1006.0
scna-int8,exp2,tree,on,8,8,17,718.0,433.0,347.0,4.0,136.0,126.0,7.0,5.0,2.0,5.0,10.0,54.0,192.0,1012.0
scna-int8,exp2,tree,on,8,8,18,708.0,429.0,347.0,4.0,136.0,121.0,7.0,4.0,2.0,5.0,9.0,49.0,193.0,910.0
scna-int8,exp2,tree,on,8,8,19,718.0,434.0,346.0,3.0,135.0,128.0,7.0,4.0,2.0,5.0,8.0,56.0,192.0,1010.0
scna-int8,exp2,tree,on,8,16,0,1114.0,842.0,690.0,8.0,131.0,101.0,11.0,9.0,2.0,10.0,9.0,22.0,192.0,1423.0
scna-int8,exp2,tree,on,8,16,1,1114.0,843.0,691.0,8.0,131.0,101.0,10.0,9.0,2.0,10.0,10.0,23.0,193.0,1423.0
scna-int8,exp2,tree,on,8,16,2,1115.0,843.0,691.0,8.0,131.0,101.0,11.0,9.0,2.0,10.0,9.0,21.0,194.0,1424.0
scna-int8,exp2,tree,on,8,16,3,1113.0,843.0,690.0,8.0,131.0,100.0,10.0,9.0,2.0,10.0,9.0,21.0,194.0,1423.0
scna-int8,exp2,tree,on,8,16,4,1115.0,844.0,690.0,8.0,131.0,100.0,11.0,9.0,2.0,10.0,8.0,20.0,194.0,1428.0
scna-int8,exp2,tree,on,8,16,5,1164.0,856.0,691.0,8.0,141.0,128.0,10.0,9.0,2.0,10.0,9.0,60.0,193.0,1376.0
scna-int8,exp2,tree,on,8,16,6,1166.0,859.0,693.0,8.0,144.0,123.0,11.0,9.0,2.0,10.0,10.0,58.0,192.0,1388.0
scna-int8,exp2,tree,on,8,16,7,1176.0,867.0,693.0,7.0,145.0,126.0,10.0,9.0,2.0,10.0,8.0,60.0,193.0,1495.0
scna-int8,exp2,tree,on,8,16,8,1180.0,864.0,692.0,8.0,147.0,129.0,11.0,9.0,2.0,10.0,9.0,67.0,192.0,1465.0
scna-int8,exp2,tree,on,8,16,9,1172.0,862.0,692.0,8.0,144.0,127.0,10.0,9.0,2.0,10.0,10.0,61.0,192.0,1478.0
scna-int8,exp2,tree,on,8,16,10,1170.0,866.0,692.0,8.0,143.0,121.0,11.0,9.0,2.0,10.0,9.0,57.0,193.0,1383.0
scna-int8,exp2,tree,on,8,16,11,1167.0,862.0,692.0,8.0,143.0,123.0,10.0,9.0,2.0,10.0,10.0,57.0,193.0,1420.0
scna-int8,exp2,tree,on,8,16,12,1177.0,865.0,693.0,8.0,146.0,126.0,11.0,9.0,2.0,10.0,9.0,62.0,192.0,1450.0
scna-int8,exp2,tree,on,8,16,13,1172.0,869.0,692.0,8.0,143.0,121.0,10.0,9.0,2.0,10.0,10.0,55.0,192.0,1395.0
scna-int8,exp2,tree,on,8,16,14,1168.0,862.0,693.0,8.0,144.0,122.0,11.0,9.0,2.0,10.0,10.0,56.0,193.0,1399.0
scna-int8,exp2,tree,on,8,16,15,1166.0,859.0,692.0,8.0,143.0,125.0,10.0,9.0,2.0,10.0,8.0,59.0,193.0,1430.0
scna-int8,exp2,tree,on,8,16,16,1175.0,864.0,692.0,8.0,143.0,128.0,11.0,9.0,2.0,10.0,9.0,61.0,192.0,1460.0
scna-int8,exp2,tree,on,8,16,17,1178.0,866.0,692.0,8.0,144.0,129.0,10.0,9.0,2.0,10.0,9.0,64.0,192.0,1473.0
scna-int8,exp2,tree,on,8,16,18,1173.0,864.0,692.0,8.0,143.0,126.0,11.0,9.0,2.0,10.0,10.0,60.0,193.0,1477.0
scna-int8,exp2,tree,on,8,16,19,1173.0,866.0,691.0,8.0,141.0,127.0,10.0,9.0,2.0,10.0,9.0,59.0,192.0,1460.0
scna-int8,exp2,tree,on,8,32,0,2029.0,1694.0,1375.0,14.0,131.0,121.0,23.0,22.0,4.0,20.0,10.0,42.0,194.0,2318.0
scna-int8,exp2,tree,on,8,32,1,2090.0,1725.0,1378.0,14.0,144.0,139.0,24.0,20.0,4.0,20.0,9.0,74.0,192.0,2373.0
scna-int8,exp2,tree,on,8,32,2,2089.0,1726.0,1377.0,14.0,143.0,138.0,23.0,21.0,4.0,20.0,8.0,72.0,192.0,2367.0
scna-int8,exp2,tree,on,8,32,3,2088.0,1730.0,1378.0,14.0,141.0,136.0,23.0,20.0,4.0,20.0,9.0,67.0,192.0,2345.0
scna-int8,exp2,tree,on,8,32,4,2094.0,1730.0,1377.0,14.0,143.0,138.0,24.0,21.0,4.0,20.0,9.0,73.0,192.0,2371.0
scna-int8,exp2,tree,on,8,32,5,2089.0,1730.0,1377.0,14.0,140.0,137.0,24.0,20.0,4.0,20.0,9.0,68.0,193.0,2354.0
scna-int8,exp2,tree,on,8,32,6,2090.0,1733.0,1377.0,14.0,140.0,134.0,24.0,21.0,4.0,20.0,9.0,65.0,192.0,2341.0
scna-int8,exp2,tree,on,8,32,7,2128.0,1732.0,1380.0,14.0,159.0,155.0,24.0,20.0,4.0,20.0,8.0,105.0,193.0,2395.0
scna-int8,exp2,tree,on,8,32,8,2136.0,1740.0,1380.0,14.0,161.0,153.0,23.0,21.0,4.0,20.0,9.0,105.0,193.0,2384.0
scna-int8,exp2,tree,on,8,32,9,2130.0,1736.0,1381.0,14.0,158.0,154.0,24.0,20.0,4.0,20.0,9.0,103.0,192.0,2400.0
scna-int8,exp2,tree,on,8,32,10,2124.0,1736.0,1380.0,14.0,155.0,151.0,24.0,20.0,4.0,20.0,9.0,97.0,193.0,2387.0
scna-int8,exp2,tree,on,8,32,11,2126.0,1736.0,1381.0,14.0,156.0,152.0,24.0,20.0,4.0,20.0,9.0,99.0,192.0,2394.0
scna-int8,exp2,tree,on,8,32,12,2129.0,1737.0,1380.0,14.0,158.0,152.0,24.0,20.0,4.0,20.0,9.0,101.0,192.0,2376.0
scna-int8,exp2,tree,on,8,32,13,2124.0,1734.0,1381.0,14.0,158.0,150.0,24.0,20.0,4.0,20.0,9.0,101.0,192.0,2376.0
scna-int8,exp2,tree,on,8,32,14,2119.0,1734.0,1380.0,14.0,156.0,145.0,24.0,21.0,4.0,21.0,9.0,92.0,193.0,2439.0
scna-int8,exp2,tree,on,8,32,15,2127.0,1736.0,1380.0,14.0,159.0,151.0,23.0,20.0,4.0,20.0,8.0,101.0,192.0,2388.0
scna-int8,exp2,tree,on,8,32,16,2128.0,1738.0,1380.0,14.0,158.0,150.0,24.0,21.0,3.0,20.0,9.0,100.0,192.0,2376.0
scna-int8,exp2,tree,on,8,32,17,2110.0,1732.0,1380.0,14.0,154.0,143.0,23.0,20.0,4.0,20.0,8.0,89.0,193.0,2435.0
scna-int8,exp2,tree,on,8,32,18,2127.0,1737.0,1379.0,14.0,157.0,150.0,24.0,21.0,4.0,20.0,8.0,98.0,194.0,2389.0
scna-int8,exp2,tree,on,8,32,19,2118.0,1735.0,1380.0,14.0,156.0,144.0,24.0,21.0,4.0,20.0,9.0,91.0,193.0,2455.0
scna-int8,exp2,tree,on,16,4,0,471.0,231.0,192.0,1.0,131.0,101.0,3.0,0.0,0.0,4.0,8.0,24.0,194.0,679.0
scna-int8,exp2,tree,on,16,4,1,475.0,233.0,192.0,2.0,131.0,102.0,3.0,0.0,0.0,4.0,8.0,24.0,194.0,657.0
scna-int8,exp2,tree,on,16,4,2,474.0,233.0,192.0,2.0,130.0,102.0,3.0,0.0,0.0,4.0,9.0,25.0,192.0,658.0
scna-int8,exp2,tree,on,16,4,3,474.0,233.0,193.0,1.0,131.0,102.0,3.0,0.0,0.0,4.0,8.0,25.0,193.0,658.0
scna-int8,exp2,tree,on,16,4,4,473.0,232.0,192.0,1.0,130.0,104.0,3.0,0.0,0.0,3.0,9.0,27.0,192.0,696.0
scna-int8,exp2,tree,on,16,4,5,481.0,235.0,193.0,1.0,131.0,107.0,3.0,0.0,1.0,3.0,8.0,31.0,192.0,680.0
scna-int8,exp2,tree,on,16,4,6,480.0,235.0,193.0,1.0,130.0,107.0,3.0,0.0,0.0,4.0,9.0,28.0,193.0,687.0
scna-int8,exp2,tree,on,16,4,7,478.0,234.0,193.0,2.0,130.0,105.0,3.0,0.0,0.0,4.0,9.0,27.0,193.0,692.0
scna-int8,exp2,tree,on,16,4,8,484.0,236.0,192.0,2.0,131.0,108.0,3.0,0.0,0.0,4.0,8.0,30.0,193.0,686.0
scna-int8,exp2,tree,on,16,4,9,481.0,234.0,193.0,1.0,131.0,108.0,3.0,0.0,0.0,4.0,9.0,31.0,193.0,690.0
scna-int8,exp2,tree,on,16,4,10,480.0,236.0,192.0,2.0,130.0,105.0,3.0,0.0,0.0,4.0,8.0,28.0,192.0,686.0
scna-int8,exp2,tree,on,16,4,11,483.0,234.0,193.0,1.0,131.0,110.0,3.0,0.0,0.0,4.0,9.0,32.0,193.0,686.0
scna-int8,exp2,tree,on,16,4,12,482.0,235.0,194.0,2.0,130.0,108.0,3.0,0.0,0.0,4.0,9.0,30.0,192.0,688.0
scna-int8,exp2,tree,on,16,4,13,481.0,237.0,194.0,1.0,130.0,106.0,3.0,0.0,0.0,4.0,9.0,28.0,192.0,689.0
scna-int8,exp2,tree,on,16,4,14,481.0,235.0,193.0,1.0,132.0,106.0,3.0,0.0,0.0,4.0,9.0,29.0,193.0,685.0
scna-int8,exp2,tree,on,16,4,15,482.0,234.0,193.0,1.0,130.0,110.0,3.0,0.0,0.0,4.0,8.0,32.0,192.0,684.0
scna-int8,exp2,tree,on,16,4,16,476.0,233.0,194.0,2.0,130.0,104.0,3.0,0.0,0.0,4.0,8.0,28.0,192.0,662.0
scna-int8,exp2,tree,on,16,4,17,482.0,234.0,193.0,1.0,132.0,108.0,3.0,0.0,0.0,4.0,8.0,31.0,192.0,694.0
scna-int8,exp2,tree,on,16,4,18,481.0,235.0,194.0,2.0,130.0,107.0,3.0,0.0,0.0,4.0,8.0,29.0,193.0,686.0
scna-int8,exp2,tree,on,16,4,19,484.0,236.0,192.0,1.0,131.0,109.0,3.0,0.0,0.0,4.0,9.0,31.0,192.0,687.0
scna-int8,exp2,tree,on,16,8,0,707.0,460.0,381.0,4.0,130.0,96.0,7.0,4.0,2.0,4.0,8.0,18.0,192.0,976.0
scna-int8,exp2,tree,on,16,8,1,703.0,457.0,381.0,4.0,130.0,96.0,6.0,4.0,2.0,4.0,8.0,18.0,192.0,977.0
scna-int8,exp2,tree,on,16,8,2,702.0,455.0,381.0,4.0,130.0,96.0,7.0,4.0,2.0,4.0,8.0,18.0,192.0,991.0
scna-int8,exp2,tree,on,16,8,3,702.0,456.0,381.0,4.0,130.0,96.0,6.0,4.0,2.0,4.0,9.0,18.0,194.0,989.0
scna-int8,exp2,tree,on,16,8,4,701.0,454.0,381.0,4.0,130.0,96.0,7.0,4.0,2.0,4.0,8.0,17.0,193.0,980.0
scna-int8,exp2,tree,on,16,8,5,702.0,456.0,381.0,4.0,130.0,96.0,6.0,4.0,2.0,4.0,8.0,17.0,194.0,976.0
scna-int8,exp2,tree,on,16,8,6,702.0,455.0,381.0,4.0,130.0,96.0,7.0,4.0,2.0,4.0,9.0,17.0,194.0,983.0
scna-int8,exp2,tree,on,16,8,7,702.0,455.0,381.0,4.0,131.0,96.0,6.0,4.0,2.0,4.0,8.0,17.0,193.0,981.0
scna-int8,exp2,tree,on,16,8,8,702.0,455.0,381.0,4.0,130.0,96.0,7.0,4.0,2.0,4.0,10.0,17.0,193.0,978.0
scna-int8,exp2,tree,on,16,8,9,700.0,454.0,381.0,4.0,130.0,96.0,6.0,4.0,2.0,4.0,9.0,18.0,193.0,976.0
scna-int8,exp2,tree,on,16,8,10,701.0,454.0,381.0,4.0,130.0,96.0,7.0,4.0,2.0,4.0,9.0,18.0,194.0,995.0
scna-int8,exp2,tree,on,16,8,11,701.0,455.0,381.0,4.0,130.0,96.0,6.0,4.0,2.0,4.0,8.0,18.0,193.0,986.0
scna-int8,exp2,tree,on,16,8,12,703.0,456.0,381.0,4.0,130.0,96.0,7.0,4.0,2.0,4.0,9.0,18.0,193.0,905.0
scna-int8,exp2,tree,on,16,8,13,700.0,454.0,380.0,4.0,130.0,96.0,6.0,4.0,2.0,4.0,9.0,18.0,193.0,980.0
scna-int8,exp2,tree,on,16,8,14,701.0,454.0,379.0,4.0,130.0,96.0,7.0,4.0,2.0,4.0,8.0,17.0,194.0,922.0
scna-int8,exp2,tree,on,16,8,15,703.0,456.0,381.0,4.0,130.0,97.0,6.0,4.0,2.0,4.0,8.0,18.0,193.0,927.0
scna-int8,exp2,tree,on,16,8,16,705.0,457.0,382.0,4.0,131.0,96.0,7.0,4.0,2.0,4.0,8.0,19.0,193.0,906.0
scna-int8,exp2,tree,on,16,8,17,702.0,455.0,381.0,4.0,131.0,96.0,6.0,4.0,2.0,4.0,8.0,19.0,192.0,965.0
scna-int8,exp2,tree,on,16,8,18,706.0,457.0,380.0,4.0,131.0,97.0,7.0,4.0,2.0,4.0,8.0,20.0,193.0,937.0
scna-int8,exp2,tree,on,16,8,19,703.0,457.0,381.0,4.0,130.0,96.0,6.0,4.0,2.0,4.0,8.0,19.0,192.0,933.0
scna-int8,exp2,tree,on,16,16,0,1191.0,915.0,756.0,8.0,131.0,105.0,11.0,9.0,2.0,10.0,10.0,26.0,193.0,1469.0
scna-int8,exp2,tree,on,16,16,1,1201.0,923.0,756.0,8.0,132.0,107.0,10.0,9.0,2.0,10.0,10.0,29.0,192.0,1490.0
scna-int8,exp2,tree,on,16,16,2,1203.0,925.0,757.0,8.0,131.0,107.0,11.0,9.0,2.0,10.0,9.0,29.0,193.0,1485.0
scna-int8,exp2,tree,on,16,16,3,1201.0,922.0,757.0,8.0,131.0,109.0,10.0,9.0,2.0,10.0,9.0,31.0,193.0,1487.0
scna-int8,exp2,tree,on,16,16,4,1199.0,921.0,757.0,8.0,131.0,107.0,11.0,9.0,2.0,10.0,9.0,28.0,193.0,1450.0
scna-int8,exp2,tree,on,16,16,5,1202.0,923.0,757.0,8.0,131.0,109.0,10.0,9.0,2.0,10.0,9.0,31.0,193.0,1488.0
scna-int8,exp2,tree,on,16,16,6,1203.0,923.0,757.0,8.0,131.0,109.0,11.0,9.0,2.0,10.0,10.0,31.0,192.0,1484.0
scna-int8,exp2,tree,on,16,16,7,1202.0,922.0,756.0,8.0,131.0,110.0,10.0,9.0,2.0,10.0,9.0,32.0,193.0,1483.0
scna-int8,exp2,tree,on,16,16,8,1199.0,920.0,756.0,8.0,131.0,108.0,11.0,9.0,2.0,10.0,10.0,30.0,192.0,1516.0
scna-int8,exp2,tree,on,16,16,9,1194.0,917.0,757.0,8.0,131.0,107.0,10.0,9.0,2.0,10.0,9.0,29.0,192.0,1472.0
scna-int8,exp2,tree,on,16,16,10,1202.0,924.0,756.0,8.0,131.0,107.0,11.0,9.0,2.0,10.0,8.0,29.0,193.0,1538.0
scna-int8,exp2,tree,on,16,16,11,1270.0,937.0,762.0,7.0,155.0,140.0,10.0,9.0,2.0,10.0,9.0,86.0,192.0,1539.0
scna-int8,exp2,tree,on,16,16,12,1280.0,941.0,762.0,8.0,154.0,145.0,11.0,9.0,2.0,10.0,9.0,89.0,193.0,1596.0
scna-int8,exp2,tree,on,16,16,13,1275.0,940.0,762.0,8.0,154.0,142.0,10.0,9.0,2.0,10.0,10.0,86.0,192.0,1597.0
scna-int8,exp2,tree,on,16,16,14,1273.0,940.0,763.0,8.0,153.0,140.0,11.0,9.0,2.0,10.0,9.0,84.0,192.0,1493.0
scna-int8,exp2,tree,on,16,16,15,1267.0,935.0,762.0,8.0,153.0,139.0,11.0,9.0,2.0,10.0,10.0,83.0,192.0,1496.0
scna-int8,exp2,tree,on,16,16,16,1267.0,943.0,760.0,8.0,150.0,134.0,11.0,9.0,2.0,10.0,9.0,75.0,193.0,1477.0
scna-int8,exp2,tree,on,16,16,17,1263.0,939.0,760.0,7.0,149.0,137.0,10.0,9.0,2.0,10.0,10.0,77.0,193.0,1527.0
scna-int8,exp2,tree,on,16,16,18,1264.0,940.0,760.0,8.0,149.0,135.0,11.0,9.0,2.0,10.0,8.0,74.0,192.0,1475.0
scna-int8,exp2,tree,on,16,16,19,1261.0,941.0,760.0,8.0,147.0,134.0,10.0,9.0,2.0,10.0,8.0,71.0,192.0,1475.0
scna-int8,exp2,tree,on,16,32,0,2121.0,1810.0,1505.0,14.0,131.0,96.0,24.0,21.0,5.0,20.0,10.0,16.0,193.0,2391.0
scna-int8,exp2,tree,on,16,32,1,2112.0,1802.0,1505.0,14.0,131.0,98.0,22.0,21.0,3.0,21.0,10.0,18.0,193.0,2430.0
scna-int8,exp2,tree,on,16,32,2,2115.0,1803.0,1504.0,14.0,131.0,97.0,24.0,21.0,5.0,20.0,9.0,18.0,193.0,2406.0
scna-int8,exp2,tree,on,16,32,3,2110.0,1797.0,1504.0,14.0,131.0,97.0,24.0,21.0,5.0,21.0,9.0,18.0,193.0,2411.0
scna-int8,exp2,tree,on,16,32,4,2110.0,1797.0,1504.0,15.0,131.0,97.0,24.0,20.0,5.0,21.0,10.0,17.0,194.0,2446.0
scna-int8,exp2,tree,on,16,32,5,2112.0,1799.0,1504.0,14.0,131.0,97.0,24.0,21.0,5.0,21.0,10.0,16.0,194.0,2468.0
scna-int8,exp2,tree,on,16,32,6,2112.0,1800.0,1504.0,14.0,130.0,97.0,24.0,21.0,5.0,21.0,8.0,18.0,193.0,2380.0
scna-int8,exp2,tree,on,16,32,7,2107.0,1796.0,1504.0,14.0,131.0,97.0,24.0,21.0,4.0,20.0,10.0,17.0,193.0,2395.0
scna-int8,exp2,tree,on,16,32,8,2121.0,1809.0,1504.0,14.0,131.0,97.0,24.0,21.0,4.0,21.0,10.0,18.0,194.0,2368.0
scna-int8,exp2,tree,on,16,32,9,2111.0,1798.0,1504.0,14.0,131.0,97.0,24.0,21.0,5.0,21.0,9.0,18.0,193.0,2476.0
scna-int8,exp2,tree,on,16,32,10,2111.0,1800.0,1504.0,14.0,131.0,97.0,24.0,21.0,4.0,20.0,8.0,18.0,193.0,2402.0
scna-int8,exp2,tree,on,16,32,11,2114.0,1803.0,1504.0,14.0,131.0,97.0,23.0,21.0,4.0,21.0,10.0,18.0,193.0,2469.0
scna-int8,exp2,tree,on,16,32,12,2116.0,1803.0,1504.0,14.0,132.0,97.0,24.0,21.0,5.0,20.0,10.0,18.0,192.0,2422.0
scna-int8,exp2,tree,on,16,32,13,2113.0,1801.0,1504.0,14.0,131.0,98.0,24.0,21.0,4.0,20.0,10.0,19.0,192.0,2418.0
scna-int8,exp2,tree,on,16,32,14,2114.0,1801.0,1504.0,14.0,131.0,97.0,24.0,21.0,5.0,21.0,9.0,17.0,194.0,2467.0
scna-int8,exp2,tree,on,16,32,15,2112.0,1801.0,1504.0,14.0,131.0,97.0,24.0,21.0,4.0,20.0,9.0,18.0,194.0,2446.0
scna-int8,exp2,tree,on,16,32,16,2112.0,1801.0,1504.0,14.0,131.0,97.0,23.0,21.0,4.0,21.0,8.0,18.0,193.0,2446.0
scna-int8,exp2,tree,on,16,32,17,2121.0,1809.0,1504.0,14.0,131.0,97.0,24.0,21.0,5.0,20.0,10.0,18.0,193.0,2386.0
scna-int8,exp2,tree,on,16,32,18,2117.0,1803.0,1504.0,14.0,132.0,98.0,24.0,21.0,5.0,20.0,8.0,21.0,192.0,2397.0
scna-int8,exp2,tree,on,16,32,19,2110.0,1798.0,1504.0,14.0,132.0,97.0,24.0,21.0,4.0,20.0,10.0,18.0,194.0,2430.0
scna-int8,exp2,tree,on,32,4,0,507.0,265.0,225.0,2.0,130.0,102.0,3.0,1.0,0.0,4.0,9.0,24.0,193.0,669.0
scna-int8,exp2,tree,on,32,4,1,509.0,265.0,225.0,2.0,130.0,104.0,3.0,1.0,0.0,4.0,8.0,25.0,193.0,778.0
scna-int8,exp2,tree,on,32,4,2,507.0,264.0,225.0,2.0,130.0,103.0,3.0,1.0,0.0,4.0,8.0,25.0,194.0,769.0
scna-int8,exp2,tree,on,32,4,3,504.0,262.0,225.0,2.0,130.0,103.0,3.0,1.0,0.0,3.0,9.0,26.0,194.0,671.0
scna-int8,exp2,tree,on,32,4,4,508.0,264.0,225.0,2.0,130.0,104.0,3.0,1.0,0.0,4.0,8.0,26.0,192.0,769.0
scna-int8,exp2,tree,on,32,4,5,506.0,264.0,225.0,2.0,130.0,102.0,3.0,1.0,0.0,4.0,9.0,24.0,193.0,776.0
scna-int8,exp2,tree,on,32,4,6,506.0,264.0,224.0,2.0,130.0,103.0,3.0,0.0,0.0,4.0,8.0,25.0,192.0,780.0
scna-int8,exp2,tree,on,32,4,7,506.0,264.0,224.0,2.0,130.0,104.0,2.0,0.0,0.0,4.0,8.0,24.0,193.0,767.0
scna-int8,exp2,tree,on,32,4,8,506.0,263.0,225.0,2.0,131.0,103.0,3.0,0.0,0.0,4.0,9.0,24.0,194.0,764.0
scna-int8,exp2,tree,on,32,4,9,504.0,263.0,225.0,2.0,130.0,103.0,2.0,0.0,0.0,4.0,10.0,25.0,193.0,753.0
scna-int8,exp2,tree,on,32,4,10,505.0,263.0,225.0,2.0,130.0,103.0,3.0,0.0,0.0,4.0,9.0,25.0,192.0,673.0
scna-int8,exp2,tree,on,32,4,11,505.0,264.0,224.0,2.0,130.0,103.0,2.0,0.0,0.0,4.0,8.0,24.0,193.0,766.0
scna-int8,exp2,tree,on,32,4,12,507.0,263.0,225.0,2.0,130.0,104.0,3.0,1.0,0.0,4.0,10.0,25.0,192.0,698.0
scna-int8,exp2,tree,on,32,4,13,534.0,270.0,225.0,2.0,135.0,120.0,2.0,1.0,0.0,4.0,8.0,48.0,192.0,731.0
scna-int8,exp2,tree,on,32,4,14,530.0,268.0,226.0,2.0,133.0,120.0,3.0,0.0,0.0,4.0,10.0,44.0,192.0,711.0
scna-int8,exp2,tree,on,32,4,15,522.0,267.0,226.0,2.0,133.0,113.0,2.0,1.0,0.0,4.0,8.0,37.0,194.0,753.0
scna-int8,exp2,tree,on,32,4,16,519.0,266.0,225.0,2.0,132.0,112.0,3.0,1.0,0.0,3.0,8.0,36.0,193.0,722.0
scna-int8,exp2,tree,on,32,4,17,521.0,267.0,225.0,2.0,132.0,113.0,2.0,1.0,0.0,4.0,10.0,37.0,192.0,723.0
scna-int8,exp2,tree,on,32,4,18,530.0,269.0,225.0,2.0,133.0,118.0,3.0,1.0,0.0,4.0,8.0,42.0,192.0,726.0
scna-int8,exp2,tree,on,32,4,19,524.0,267.0,225.0,2.0,134.0,114.0,2.0,1.0,0.0,4.0,9.0,39.0,192.0,725.0
scna-int8,exp2,tree,on,32,8,0,771.0,521.0,442.0,4.0,130.0,99.0,7.0,4.0,2.0,4.0,8.0,21.0,194.0,986.0
scna-int8,exp2,tree,on,32,8,1,769.0,520.0,442.0,4.0,130.0,99.0,6.0,4.0,2.0,4.0,9.0,21.0,194.0,983.0
scna-int8,exp2,tree,on,32,8,2,771.0,520.0,442.0,4.0,130.0,100.0,7.0,4.0,2.0,4.0,8.0,22.0,193.0,957.0
scna-int8,exp2,tree,on,32,8,3,773.0,521.0,442.0,4.0,131.0,100.0,7.0,4.0,2.0,4.0,9.0,22.0,193.0,982.0
scna-int8,exp2,tree,on,32,8,4,771.0,521.0,442.0,4.0,130.0,100.0,6.0,4.0,2.0,4.0,9.0,21.0,194.0,983.0
scna-int8,exp2,tree,on,32,8,5,771.0,520.0,442.0,4.0,130.0,100.0,7.0,4.0,2.0,4.0,8.0,21.0,193.0,981.0
scna-int8,exp2,tree,on,32,8,6,771.0,519.0,442.0,4.0,130.0,101.0,7.0,4.0,2.0,4.0,9.0,22.0,193.0,969.0
scna-int8,exp2,tree,on,32,8,7,768.0,518.0,442.0,4.0,130.0,100.0,6.0,4.0,2.0,4.0,8.0,20.0,194.0,992.0
scna-int8,exp2,tree,on,32,8,8,768.0,517.0,442.0,4.0,130.0,100.0,7.0,4.0,2.0,4.0,9.0,20.0,194.0,995.0
scna-int8,exp2,tree,on,32,8,9,794.0,528.0,443.0,3.0,134.0,112.0,7.0,4.0,2.0,4.0,9.0,38.0,193.0,1000.0
scna-int8,exp2,tree,on,32,8,10,795.0,524.0,443.0,4.0,133.0,118.0,6.0,4.0,2.0,4.0,8.0,42.0,193.0,1060.0
scna-int8,exp2,tree,on,32,8,11,802.0,531.0,443.0,4.0,133.0,117.0,7.0,4.0,2.0,4.0,10.0,41.0,192.0,999.0
scna-int8,exp2,tree,on,32,8,12,802.0,529.0,443.0,3.0,135.0,117.0,7.0,4.0,2.0,5.0,10.0,44.0,193.0,995.0
scna-int8,exp2,tree,on,32,8,13,799.0,529.0,443.0,3.0,134.0,117.0,6.0,4.0,2.0,4.0,9.0,43.0,193.0,996.0
scna-int8,exp2,tree,on,32,8,14,798.0,528.0,442.0,4.0,133.0,116.0,7.0,4.0,2.0,4.0,8.0,41.0,193.0,997.0
scna-int8,exp2,tree,on,32,8,15,801.0,530.0,443.0,4.0,133.0,117.0,7.0,4.0,2.0,4.0,10.0,41.0,193.0,996.0
scna-int8,exp2,tree,on,32,8,16,799.0,528.0,443.0,3.0,136.0,116.0,6.0,4.0,2.0,4.0,9.0,44.0,192.0,990.0
scna-int8,exp2,tree,on,32,8,17,798.0,530.0,442.0,3.0,133.0,115.0,7.0,4.0,2.0,4.0,9.0,39.0,193.0,1040.0
scna-int8,exp2,tree,on,32,8,18,797.0,528.0,442.0,3.0,135.0,114.0,7.0,4.0,2.0,4.0,8.0,40.0,193.0,992.0
scna-int8,exp2,tree,on,32,8,19,797.0,531.0,442.0,4.0,132.0,114.0,6.0,4.0,2.0,4.0,9.0,38.0,193.0,997.0
scna-int8,exp2,tree,on,32,16,0,1312.0,1038.0,882.0,8.0,131.0,103.0,11.0,9.0,2.0,10.0,9.0,24.0,193.0,1532.0
scna-int8,exp2,tree,on,32,16,1,1301.0,1029.0,881.0,8.0,131.0,101.0,11.0,9.0,2.0,10.0,9.0,23.0,193.0,1536.0
scna-int8,exp2,tree,on,32,16,2,1328.0,1041.0,881.0,8.0,131.0,115.0,11.0,9.0,2.0,11.0,10.0,36.0,192.0,1616.0
scna-int8,exp2,tree,on,32,16,3,1339.0,1052.0,882.0,8.0,133.0,115.0,10.0,9.0,2.0,10.0,10.0,39.0,192.0,1660.0
scna-int8,exp2,tree,on,32,16,4,1345.0,1055.0,883.0,8.0,133.0,116.0,12.0,9.0,2.0,10.0,9.0,41.0,192.0,1668.0
scna-int8,exp2,tree,on,32,16,5,1350.0,1059.0,883.0,8.0,134.0,117.0,10.0,9.0,2.0,11.0,10.0,41.0,194.0,1664.0
scna-int8,exp2,tree,on,32,16,6,1350.0,1058.0,883.0,8.0,135.0,117.0,11.0,9.0,2.0,10.0,9.0,42.0,192.0,1665.0
scna-int8,exp2,tree,on,32,16,7,1345.0,1055.0,883.0,8.0,134.0,116.0,10.0,9.0,2.0,11.0,9.0,41.0,192.0,1666.0
scna-int8,exp2,tree,on,32,16,8,1347.0,1057.0,882.0,8.0,134.0,116.0,11.0,9.0,2.0,10.0,10.0,41.0,191.0,1575.0
scna-int8,exp2,tree,on,32,16,9,1338.0,1050.0,883.0,8.0,133.0,116.0,10.0,9.0,2.0,10.0,9.0,39.0,193.0,1663.0
scna-int8,exp2,tree,on,32,16,10,1345.0,1059.0,883.0,8.0,133.0,113.0,11.0,9.0,2.0,10.0,9.0,37.0,192.0,1664.0
scna-int8,exp2,tree,on,32,16,11,1342.0,1054.0,882.0,8.0,133.0,115.0,10.0,9.0,2.0,11.0,8.0,39.0,192.0,1710.0
scna-int8,exp2,tree,on,32,16,12,1408.0,1067.0,885.0,7.0,152.0,149.0,12.0,9.0,2.0,10.0,9.0,91.0,193.0,1646.0
scna-int8,exp2,tree,on,32,16,13,1406.0,1070.0,885.0,8.0,156.0,140.0,10.0,9.0,2.0,11.0,10.0,86.0,192.0,1738.0
scna-int8,exp2,tree,on,32,16,14,1404.0,1069.0,886.0,8.0,151.0,143.0,11.0,9.0,2.0,11.0,9.0,86.0,192.0,1719.0
scna-int8,exp2,tree,on,32,16,15,1405.0,1066.0,885.0,8.0,157.0,142.0,10.0,9.0,3.0,10.0,9.0,90.0,194.0,1735.0
scna-int8,exp2,tree,on,32,16,16,1401.0,1065.0,886.0,8.0,151.0,145.0,11.0,9.0,2.0,10.0,9.0,87.0,192.0,1661.0
scna-int8,exp2,tree,on,32,16,17,1399.0,1066.0,885.0,8.0,152.0,142.0,10.0,9.0,2.0,10.0,9.0,84.0,192.0,1634.0
scna-int8,exp2,tree,on,32,16,18,1403.0,1068.0,886.0,8.0,150.0,144.0,11.0,9.0,3.0,10.0,8.0,85.0,192.0,1721.0
scna-int8,exp2,tree,on,32,16,19,1403.0,1065.0,887.0,8.0,156.0,143.0,10.0,9.0,2.0,10.0,10.0,89.0,193.0,1727.0
scna-int8,exp2,tree,on,32,32,0,2426.0,2101.0,1757.0,14.0,132.0,112.0,23.0,20.0,4.0,20.0,9.0,35.0,193.0,2728.0
scna-int8,exp2,tree,on,32,32,1,2427.0,2102.0,1757.0,14.0,131.0,112.0,23.0,21.0,4.0,20.0,9.0,33.0,193.0,2676.0
scna-int8,exp2,tree,on,32,32,2,2425.0,2102.0,1757.0,14.0,132.0,109.0,23.0,21.0,4.0,20.0,10.0,31.0,192.0,2665.0
scna-int8,exp2,tree,on,32,32,3,2421.0,2098.0,1756.0,14.0,133.0,108.0,23.0,20.0,4.0,21.0,9.0,30.0,193.0,2773.0
scna-int8,exp2,tree,on,32,32,4,2419.0,2098.0,1757.0,14.0,131.0,109.0,23.0,20.0,4.0,20.0,9.0,30.0,194.0,2683.0
scna-int8,exp2,tree,on,32,32,5,2484.0,2116.0,1759.0,14.0,143.0,143.0,24.0,20.0,4.0,20.0,10.0,77.0,193.0,2769.0
scna-int8,exp2,tree,on,32,32,6,2482.0,2118.0,1761.0,14.0,148.0,133.0,23.0,21.0,4.0,21.0,10.0,72.0,193.0,2836.0
scna-int8,exp2,tree,on,32,32,7,2501.0,2120.0,1761.0,14.0,154.0,143.0,24.0,21.0,4.0,21.0,9.0,89.0,192.0,2789.0
scna-int8,exp2,tree,on,32,32,8,2486.0,2116.0,1760.0,14.0,149.0,138.0,24.0,20.0,4.0,21.0,10.0,77.0,193.0,2759.0
scna-int8,exp2,tree,on,32,32,9,2490.0,2116.0,1760.0,14.0,151.0,140.0,24.0,21.0,4.0,20.0,8.0,83.0,193.0,2780.0
scna-int8,exp2,tree,on,32,32,10,2488.0,2119.0,1760.0,14.0,150.0,136.0,24.0,21.0,4.0,20.0,8.0,77.0,193.0,2826.0
scna-int8,exp2,tree,on,32,32,11,2495.0,2120.0,1760.0,14.0,152.0,140.0,24.0,20.0,5.0,20.0,9.0,83.0,193.0,2794.0
scna-int8,exp2,tree,on,32,32,12,2476.0,2111.0,1760.0,14.0,152.0,130.0,24.0,20.0,5.0,20.0,9.0,72.0,193.0,2809.0
scna-int8,exp2,tree,on,32,32,13,2475.0,2112.0,1760.0,14.0,149.0,132.0,24.0,20.0,4.0,20.0,9.0,72.0,192.0,2783.0
scna-int8,exp2,tree,on,32,32,14,2484.0,2117.0,1760.0,14.0,151.0,134.0,24.0,20.0,4.0,20.0,10.0,76.0,193.0,2809.0
scna-int8,exp2,tree,on,32,32,15,2480.0,2114.0,1760.0,14.0,147.0,137.0,24.0,20.0,4.0,20.0,10.0,75.0,192.0,2830.0
scna-int8,exp2,tree,on,32,32,16,2485.0,2117.0,1760.0,14.0,149.0,137.0,24.0,20.0,4.0,20.0,9.0,77.0,192.0,2787.0
scna-int8,exp2,tree,on,32,32,17,2481.0,2115.0,1759.0,14.0,146.0,137.0,23.0,22.0,4.0,20.0,9.0,74.0,192.0,2776.0
scna-int8,exp2,tree,on,32,32,18,2476.0,2113.0,1760.0,14.0,149.0,130.0,24.0,21.0,4.0,21.0,10.0,70.0,192.0,2819.0
scna-int8,exp2,tree,on,32,32,19,2484.0,2117.0,1759.0,14.0,149.0,136.0,23.0,21.0,4.0,20.0,8.0,74.0,194.0,2786.0
